>>> SCRIPT LAUNCHED
[INFO] Himalaya backend set to <module 'himalaya.backend.torch_cuda' from '/home/devar_ag/.conda/envs/reasoning-models/lib/python3.10/site-packages/himalaya/backend/torch_cuda.py'> (cuda)
>>> STARTING JOB in mode: across-random
>>> Loaded fMRI data
Processing - ACROSS mode (random)
Encoding for xglm_small – all already done
Encoding for xglm_small – Lang_LH_AntTemp already done
Encoding for xglm_small – Lang_LH_IFG already done
Encoding for xglm_small – Lang_LH_IFGorb already done
Encoding for xglm_small – Lang_LH_MFG already done
Encoding for xglm_small – Lang_LH_PostTemp already done
Encoding for xglm_med – all already done
Encoding for xglm_med – Lang_LH_AntTemp already done
Encoding for xglm_med – Lang_LH_IFG already done
Encoding for xglm_med – Lang_LH_IFGorb already done
Encoding for xglm_med – Lang_LH_MFG already done
Encoding for xglm_med – Lang_LH_PostTemp already done
Encoding for xglm_large – all already done
Encoding for xglm_large – Lang_LH_AntTemp already done
Encoding for xglm_large – Lang_LH_IFG already done
Encoding for xglm_large – Lang_LH_IFGorb already done
Encoding for xglm_large – Lang_LH_MFG already done
Encoding for xglm_large – Lang_LH_PostTemp already done
Encoding for xglm_xl – all already done
Encoding for xglm_xl – Lang_LH_AntTemp already done
Encoding for xglm_xl – Lang_LH_IFG already done
Encoding for xglm_xl – Lang_LH_IFGorb already done
Encoding for xglm_xl – Lang_LH_MFG already done
Encoding for xglm_xl – Lang_LH_PostTemp already done
Encoding for bert_base – all already done
Encoding for bert_base – Lang_LH_AntTemp already done
Encoding for bert_base – Lang_LH_IFG already done
Encoding for bert_base – Lang_LH_IFGorb already done
Encoding for bert_base – Lang_LH_MFG already done
Encoding for bert_base – Lang_LH_PostTemp already done
Encoding for distilmbert – all already done
Encoding for distilmbert – Lang_LH_AntTemp already done
Encoding for distilmbert – Lang_LH_IFG already done
Encoding for distilmbert – Lang_LH_IFGorb already done
Encoding for distilmbert – Lang_LH_MFG already done
Encoding for distilmbert – Lang_LH_PostTemp already done
Encoding for xlmr_base – all already done
Encoding for xlmr_base – Lang_LH_AntTemp already done
Encoding for xlmr_base – Lang_LH_IFG already done
Encoding for xlmr_base – Lang_LH_IFGorb already done
Encoding for xlmr_base – Lang_LH_MFG already done
Encoding for xlmr_base – Lang_LH_PostTemp already done
Encoding for xlmr_large – all already done
Encoding for xlmr_large – Lang_LH_AntTemp already done
Encoding for xlmr_large – Lang_LH_IFG already done
Encoding for xlmr_large – Lang_LH_IFGorb already done
Encoding for xlmr_large – Lang_LH_MFG already done
Encoding for xlmr_large – Lang_LH_PostTemp already done
Encoding for mt5_small – all already done
Encoding for mt5_small – Lang_LH_AntTemp already done
Encoding for mt5_small – Lang_LH_IFG already done
Encoding for mt5_small – Lang_LH_IFGorb already done
Encoding for mt5_small – Lang_LH_MFG already done
Encoding for mt5_small – Lang_LH_PostTemp already done
Encoding for mt5_base – all already done
Encoding for mt5_base – Lang_LH_AntTemp already done
Encoding for mt5_base – Lang_LH_IFG already done
Encoding for mt5_base – Lang_LH_IFGorb already done
Encoding for mt5_base – Lang_LH_MFG already done
Encoding for mt5_base – Lang_LH_PostTemp already done
Encoding for mt5_large – all already done
Encoding for mt5_large – Lang_LH_AntTemp already done
Encoding for mt5_large – Lang_LH_IFG already done
Encoding for mt5_large – Lang_LH_IFGorb already done
Encoding for mt5_large – Lang_LH_MFG already done
Encoding for mt5_large – Lang_LH_PostTemp already done
Encoding for mdeberta – all already done
Encoding for mdeberta – Lang_LH_AntTemp already done
Encoding for mdeberta – Lang_LH_IFG already done
Encoding for mdeberta – Lang_LH_IFGorb already done
Encoding for mdeberta – Lang_LH_MFG already done
Encoding for mdeberta – Lang_LH_PostTemp already done
Encoding for xlm_align – all already done
Encoding for xlm_align – Lang_LH_AntTemp already done
Encoding for xlm_align – Lang_LH_IFG already done
Encoding for xlm_align – Lang_LH_IFGorb already done
Encoding for xlm_align – Lang_LH_MFG already done
Encoding for xlm_align – Lang_LH_PostTemp already done
Encoding for infoxlm_base – all already done
Encoding for infoxlm_base – Lang_LH_AntTemp already done
Encoding for infoxlm_base – Lang_LH_IFG already done
Encoding for infoxlm_base – Lang_LH_IFGorb already done
Encoding for infoxlm_base – Lang_LH_MFG already done
Encoding for infoxlm_base – Lang_LH_PostTemp already done
Encoding for infoxlm_large – all already done
Encoding for infoxlm_large – Lang_LH_AntTemp already done
Encoding for infoxlm_large – Lang_LH_IFG already done
Encoding for infoxlm_large – Lang_LH_IFGorb already done
Encoding for infoxlm_large – Lang_LH_MFG already done
Encoding for infoxlm_large – Lang_LH_PostTemp already done
Encoding for multiminilm – all already done
Encoding for multiminilm – Lang_LH_AntTemp already done
Encoding for multiminilm – Lang_LH_IFG already done
Encoding for multiminilm – Lang_LH_IFGorb already done
Encoding for multiminilm – Lang_LH_MFG already done
Encoding for multiminilm – Lang_LH_PostTemp already done
Encoding for nllb200_distilled_600M – all already done
Encoding for nllb200_distilled_600M – Lang_LH_AntTemp already done
Encoding for nllb200_distilled_600M – Lang_LH_IFG already done
Encoding for nllb200_distilled_600M – Lang_LH_IFGorb already done
Encoding for nllb200_distilled_600M – Lang_LH_MFG already done
Encoding for nllb200_distilled_600M – Lang_LH_PostTemp already done
Encoding for nllb200_distilled_1B – all already done
Encoding for nllb200_distilled_1B – Lang_LH_AntTemp already done
Encoding for nllb200_distilled_1B – Lang_LH_IFG already done
Encoding for nllb200_distilled_1B – Lang_LH_IFGorb already done
Encoding for nllb200_distilled_1B – Lang_LH_MFG already done
Encoding for nllb200_distilled_1B – Lang_LH_PostTemp already done
Encoding for nllb200_1B – all already done
Encoding for nllb200_1B – Lang_LH_AntTemp already done
Encoding for nllb200_1B – Lang_LH_IFG already done
Encoding for nllb200_1B – Lang_LH_IFGorb already done
Encoding for nllb200_1B – Lang_LH_MFG already done
Encoding for nllb200_1B – Lang_LH_PostTemp already done
Encoding for mgpt – all already done
Encoding for mgpt – Lang_LH_AntTemp already done
Encoding for mgpt – Lang_LH_IFG already done
Encoding for mgpt – Lang_LH_IFGorb already done
Encoding for mgpt – Lang_LH_MFG already done
Encoding for mgpt – Lang_LH_PostTemp already done


Training in N-1 languages (across, random)
Encoding for xglm_small – all already done
Encoding for xglm_small – Lang_LH_AntTemp already done
Encoding for xglm_small – Lang_LH_IFG already done
Encoding for xglm_small – Lang_LH_IFGorb already done
Encoding for xglm_small – Lang_LH_MFG already done
Encoding for xglm_small – Lang_LH_PostTemp already done
Encoding for xglm_med – all already done
Encoding for xglm_med – Lang_LH_AntTemp already done
Encoding for xglm_med – Lang_LH_IFG already done
Encoding for xglm_med – Lang_LH_IFGorb already done
Encoding for xglm_med – Lang_LH_MFG already done
Encoding for xglm_med – Lang_LH_PostTemp already done
Encoding for xglm_large – all already done
Encoding for xglm_large – Lang_LH_AntTemp already done
Encoding for xglm_large – Lang_LH_IFG already done
Encoding for xglm_large – Lang_LH_IFGorb already done
Encoding for xglm_large – Lang_LH_MFG already done
Encoding for xglm_large – Lang_LH_PostTemp already done
Encoding for xglm_xl – all already done
Encoding for xglm_xl – Lang_LH_AntTemp already done
Encoding for xglm_xl – Lang_LH_IFG already done
Encoding for xglm_xl – Lang_LH_IFGorb already done
Encoding for xglm_xl – Lang_LH_MFG already done
Encoding for xglm_xl – Lang_LH_PostTemp already done
Encoding for bert_base – all already done
Encoding for bert_base – Lang_LH_AntTemp already done
Encoding for bert_base – Lang_LH_IFG already done
Encoding for bert_base – Lang_LH_IFGorb already done
Encoding for bert_base – Lang_LH_MFG already done
Encoding for bert_base – Lang_LH_PostTemp already done
Encoding for distilmbert – all already done
Encoding for distilmbert – Lang_LH_AntTemp already done
Encoding for distilmbert – Lang_LH_IFG already done
Encoding for distilmbert – Lang_LH_IFGorb already done
Encoding for distilmbert – Lang_LH_MFG already done
Encoding for distilmbert – Lang_LH_PostTemp already done
Encoding for xlmr_base – all already done
Encoding for xlmr_base – Lang_LH_AntTemp already done
Encoding for xlmr_base – Lang_LH_IFG already done
Encoding for xlmr_base – Lang_LH_IFGorb already done
Encoding for xlmr_base – Lang_LH_MFG already done
Encoding for xlmr_base – Lang_LH_PostTemp already done
Encoding for xlmr_large – all already done
Encoding for xlmr_large – Lang_LH_AntTemp already done
Encoding for xlmr_large – Lang_LH_IFG already done
Encoding for xlmr_large – Lang_LH_IFGorb already done
Encoding for xlmr_large – Lang_LH_MFG already done
Encoding for xlmr_large – Lang_LH_PostTemp already done
Encoding for mt5_small – all already done
Encoding for mt5_small – Lang_LH_AntTemp already done
Encoding for mt5_small – Lang_LH_IFG already done
Encoding for mt5_small – Lang_LH_IFGorb already done
Encoding for mt5_small – Lang_LH_MFG already done
Encoding for mt5_small – Lang_LH_PostTemp already done
Encoding for mt5_base – all already done
Encoding for mt5_base – Lang_LH_AntTemp already done
Encoding for mt5_base – Lang_LH_IFG already done
Encoding for mt5_base – Lang_LH_IFGorb already done
Encoding for mt5_base – Lang_LH_MFG already done
Encoding for mt5_base – Lang_LH_PostTemp already done
Encoding for mt5_large – all already done
Encoding for mt5_large – Lang_LH_AntTemp already done
Encoding for mt5_large – Lang_LH_IFG already done
Encoding for mt5_large – Lang_LH_IFGorb already done
Encoding for mt5_large – Lang_LH_MFG already done
Encoding for mt5_large – Lang_LH_PostTemp already done
Encoding for mdeberta – all already done
Encoding for mdeberta – Lang_LH_AntTemp already done
Encoding for mdeberta – Lang_LH_IFG already done
Encoding for mdeberta – Lang_LH_IFGorb already done
Encoding for mdeberta – Lang_LH_MFG already done
Encoding for mdeberta – Lang_LH_PostTemp already done
Encoding for xlm_align – all already done
Encoding for xlm_align – Lang_LH_AntTemp already done
Encoding for xlm_align – Lang_LH_IFG already done
Encoding for xlm_align – Lang_LH_IFGorb already done
Encoding for xlm_align – Lang_LH_MFG already done
Encoding for xlm_align – Lang_LH_PostTemp already done
Encoding for infoxlm_base – all already done
Encoding for infoxlm_base – Lang_LH_AntTemp already done
Encoding for infoxlm_base – Lang_LH_IFG already done
Encoding for infoxlm_base – Lang_LH_IFGorb already done
Encoding for infoxlm_base – Lang_LH_MFG already done
Encoding for infoxlm_base – Lang_LH_PostTemp already done
Encoding for infoxlm_large – all already done
Encoding for infoxlm_large – Lang_LH_AntTemp already done


Processing Lang_LH_IFG (3/6)

  >>> Circular shift = 26
ACROSS‑CIRC‑MULTITRAIN infoxlm_large | shift=26 | fROI=Lang_LH_IFG | layer=0 | mean r=-0.023
ACROSS‑CIRC‑MULTITRAIN infoxlm_large | shift=26 | fROI=Lang_LH_IFG | layer=1 | mean r=-0.002
ACROSS‑CIRC‑MULTITRAIN infoxlm_large | shift=26 | fROI=Lang_LH_IFG | layer=2 | mean r=0.020
ACROSS‑CIRC‑MULTITRAIN infoxlm_large | shift=26 | fROI=Lang_LH_IFG | layer=3 | mean r=0.013
ACROSS‑CIRC‑MULTITRAIN infoxlm_large | shift=26 | fROI=Lang_LH_IFG | layer=4 | mean r=-0.008
ACROSS‑CIRC‑MULTITRAIN infoxlm_large | shift=26 | fROI=Lang_LH_IFG | layer=5 | mean r=-0.012
ACROSS‑CIRC‑MULTITRAIN infoxlm_large | shift=26 | fROI=Lang_LH_IFG | layer=6 | mean r=0.008
ACROSS‑CIRC‑MULTITRAIN infoxlm_large | shift=26 | fROI=Lang_LH_IFG | layer=7 | mean r=0.005
ACROSS‑CIRC‑MULTITRAIN infoxlm_large | shift=26 | fROI=Lang_LH_IFG | layer=8 | mean r=0.009
ACROSS‑CIRC‑MULTITRAIN infoxlm_large | shift=26 | fROI=Lang_LH_IFG | layer=9 | mean r=-0.010
ACROSS‑CIRC‑MULTITRAIN infoxlm_large | shift=26 | fROI=Lang_LH_IFG | layer=10 | mean r=-0.025
ACROSS‑CIRC‑MULTITRAIN infoxlm_large | shift=26 | fROI=Lang_LH_IFG | layer=11 | mean r=-0.017
ACROSS‑CIRC‑MULTITRAIN infoxlm_large | shift=26 | fROI=Lang_LH_IFG | layer=12 | mean r=-0.022
ACROSS‑CIRC‑MULTITRAIN infoxlm_large | shift=26 | fROI=Lang_LH_IFG | layer=13 | mean r=-0.019
ACROSS‑CIRC‑MULTITRAIN infoxlm_large | shift=26 | fROI=Lang_LH_IFG | layer=14 | mean r=-0.014
ACROSS‑CIRC‑MULTITRAIN infoxlm_large | shift=26 | fROI=Lang_LH_IFG | layer=15 | mean r=0.010
ACROSS‑CIRC‑MULTITRAIN infoxlm_large | shift=26 | fROI=Lang_LH_IFG | layer=16 | mean r=0.002
ACROSS‑CIRC‑MULTITRAIN infoxlm_large | shift=26 | fROI=Lang_LH_IFG | layer=17 | mean r=-0.029
ACROSS‑CIRC‑MULTITRAIN infoxlm_large | shift=26 | fROI=Lang_LH_IFG | layer=18 | mean r=-0.016
ACROSS‑CIRC‑MULTITRAIN infoxlm_large | shift=26 | fROI=Lang_LH_IFG | layer=19 | mean r=-0.008
ACROSS‑CIRC‑MULTITRAIN infoxlm_large | shift=26 | fROI=Lang_LH_IFG | layer=20 | mean r=0.003
ACROSS‑CIRC‑MULTITRAIN infoxlm_large | shift=26 | fROI=Lang_LH_IFG | layer=21 | mean r=0.005
ACROSS‑CIRC‑MULTITRAIN infoxlm_large | shift=26 | fROI=Lang_LH_IFG | layer=22 | mean r=-0.000
ACROSS‑CIRC‑MULTITRAIN infoxlm_large | shift=26 | fROI=Lang_LH_IFG | layer=23 | mean r=0.048
ACROSS‑CIRC‑MULTITRAIN infoxlm_large | shift=26 | fROI=Lang_LH_IFG | layer=24 | mean r=0.050

  >>> Circular shift = 52
ACROSS‑CIRC‑MULTITRAIN infoxlm_large | shift=52 | fROI=Lang_LH_IFG | layer=0 | mean r=-0.009
ACROSS‑CIRC‑MULTITRAIN infoxlm_large | shift=52 | fROI=Lang_LH_IFG | layer=1 | mean r=-0.025
ACROSS‑CIRC‑MULTITRAIN infoxlm_large | shift=52 | fROI=Lang_LH_IFG | layer=2 | mean r=0.004
ACROSS‑CIRC‑MULTITRAIN infoxlm_large | shift=52 | fROI=Lang_LH_IFG | layer=3 | mean r=-0.007
ACROSS‑CIRC‑MULTITRAIN infoxlm_large | shift=52 | fROI=Lang_LH_IFG | layer=4 | mean r=-0.039
ACROSS‑CIRC‑MULTITRAIN infoxlm_large | shift=52 | fROI=Lang_LH_IFG | layer=5 | mean r=-0.026
ACROSS‑CIRC‑MULTITRAIN infoxlm_large | shift=52 | fROI=Lang_LH_IFG | layer=6 | mean r=-0.062
ACROSS‑CIRC‑MULTITRAIN infoxlm_large | shift=52 | fROI=Lang_LH_IFG | layer=7 | mean r=-0.069
ACROSS‑CIRC‑MULTITRAIN infoxlm_large | shift=52 | fROI=Lang_LH_IFG | layer=8 | mean r=-0.080
ACROSS‑CIRC‑MULTITRAIN infoxlm_large | shift=52 | fROI=Lang_LH_IFG | layer=9 | mean r=-0.050
ACROSS‑CIRC‑MULTITRAIN infoxlm_large | shift=52 | fROI=Lang_LH_IFG | layer=10 | mean r=-0.040
ACROSS‑CIRC‑MULTITRAIN infoxlm_large | shift=52 | fROI=Lang_LH_IFG | layer=11 | mean r=-0.050
ACROSS‑CIRC‑MULTITRAIN infoxlm_large | shift=52 | fROI=Lang_LH_IFG | layer=12 | mean r=-0.046
ACROSS‑CIRC‑MULTITRAIN infoxlm_large | shift=52 | fROI=Lang_LH_IFG | layer=13 | mean r=-0.058
ACROSS‑CIRC‑MULTITRAIN infoxlm_large | shift=52 | fROI=Lang_LH_IFG | layer=14 | mean r=-0.073
ACROSS‑CIRC‑MULTITRAIN infoxlm_large | shift=52 | fROI=Lang_LH_IFG | layer=15 | mean r=-0.095
ACROSS‑CIRC‑MULTITRAIN infoxlm_large | shift=52 | fROI=Lang_LH_IFG | layer=16 | mean r=-0.088
ACROSS‑CIRC‑MULTITRAIN infoxlm_large | shift=52 | fROI=Lang_LH_IFG | layer=17 | mean r=-0.076
ACROSS‑CIRC‑MULTITRAIN infoxlm_large | shift=52 | fROI=Lang_LH_IFG | layer=18 | mean r=-0.071
ACROSS‑CIRC‑MULTITRAIN infoxlm_large | shift=52 | fROI=Lang_LH_IFG | layer=19 | mean r=-0.051
ACROSS‑CIRC‑MULTITRAIN infoxlm_large | shift=52 | fROI=Lang_LH_IFG | layer=20 | mean r=-0.047
ACROSS‑CIRC‑MULTITRAIN infoxlm_large | shift=52 | fROI=Lang_LH_IFG | layer=21 | mean r=-0.066
ACROSS‑CIRC‑MULTITRAIN infoxlm_large | shift=52 | fROI=Lang_LH_IFG | layer=22 | mean r=-0.058
ACROSS‑CIRC‑MULTITRAIN infoxlm_large | shift=52 | fROI=Lang_LH_IFG | layer=23 | mean r=-0.065
ACROSS‑CIRC‑MULTITRAIN infoxlm_large | shift=52 | fROI=Lang_LH_IFG | layer=24 | mean r=-0.010

  >>> Circular shift = 78
ACROSS‑CIRC‑MULTITRAIN infoxlm_large | shift=78 | fROI=Lang_LH_IFG | layer=0 | mean r=0.054
ACROSS‑CIRC‑MULTITRAIN infoxlm_large | shift=78 | fROI=Lang_LH_IFG | layer=1 | mean r=0.034
ACROSS‑CIRC‑MULTITRAIN infoxlm_large | shift=78 | fROI=Lang_LH_IFG | layer=2 | mean r=0.020
ACROSS‑CIRC‑MULTITRAIN infoxlm_large | shift=78 | fROI=Lang_LH_IFG | layer=3 | mean r=0.035
ACROSS‑CIRC‑MULTITRAIN infoxlm_large | shift=78 | fROI=Lang_LH_IFG | layer=4 | mean r=0.037
ACROSS‑CIRC‑MULTITRAIN infoxlm_large | shift=78 | fROI=Lang_LH_IFG | layer=5 | mean r=0.023
ACROSS‑CIRC‑MULTITRAIN infoxlm_large | shift=78 | fROI=Lang_LH_IFG | layer=6 | mean r=0.014
ACROSS‑CIRC‑MULTITRAIN infoxlm_large | shift=78 | fROI=Lang_LH_IFG | layer=7 | mean r=-0.005
ACROSS‑CIRC‑MULTITRAIN infoxlm_large | shift=78 | fROI=Lang_LH_IFG | layer=8 | mean r=-0.018
ACROSS‑CIRC‑MULTITRAIN infoxlm_large | shift=78 | fROI=Lang_LH_IFG | layer=9 | mean r=-0.014
ACROSS‑CIRC‑MULTITRAIN infoxlm_large | shift=78 | fROI=Lang_LH_IFG | layer=10 | mean r=-0.004
ACROSS‑CIRC‑MULTITRAIN infoxlm_large | shift=78 | fROI=Lang_LH_IFG | layer=11 | mean r=-0.018
ACROSS‑CIRC‑MULTITRAIN infoxlm_large | shift=78 | fROI=Lang_LH_IFG | layer=12 | mean r=-0.001
ACROSS‑CIRC‑MULTITRAIN infoxlm_large | shift=78 | fROI=Lang_LH_IFG | layer=13 | mean r=-0.007
ACROSS‑CIRC‑MULTITRAIN infoxlm_large | shift=78 | fROI=Lang_LH_IFG | layer=14 | mean r=-0.005
ACROSS‑CIRC‑MULTITRAIN infoxlm_large | shift=78 | fROI=Lang_LH_IFG | layer=15 | mean r=-0.032
ACROSS‑CIRC‑MULTITRAIN infoxlm_large | shift=78 | fROI=Lang_LH_IFG | layer=16 | mean r=-0.013
ACROSS‑CIRC‑MULTITRAIN infoxlm_large | shift=78 | fROI=Lang_LH_IFG | layer=17 | mean r=0.003
ACROSS‑CIRC‑MULTITRAIN infoxlm_large | shift=78 | fROI=Lang_LH_IFG | layer=18 | mean r=-0.000
ACROSS‑CIRC‑MULTITRAIN infoxlm_large | shift=78 | fROI=Lang_LH_IFG | layer=19 | mean r=-0.019
ACROSS‑CIRC‑MULTITRAIN infoxlm_large | shift=78 | fROI=Lang_LH_IFG | layer=20 | mean r=0.022
ACROSS‑CIRC‑MULTITRAIN infoxlm_large | shift=78 | fROI=Lang_LH_IFG | layer=21 | mean r=0.013
ACROSS‑CIRC‑MULTITRAIN infoxlm_large | shift=78 | fROI=Lang_LH_IFG | layer=22 | mean r=-0.013
ACROSS‑CIRC‑MULTITRAIN infoxlm_large | shift=78 | fROI=Lang_LH_IFG | layer=23 | mean r=-0.015
ACROSS‑CIRC‑MULTITRAIN infoxlm_large | shift=78 | fROI=Lang_LH_IFG | layer=24 | mean r=-0.031

  >>> Circular shift = 104
ACROSS‑CIRC‑MULTITRAIN infoxlm_large | shift=104 | fROI=Lang_LH_IFG | layer=0 | mean r=0.049
ACROSS‑CIRC‑MULTITRAIN infoxlm_large | shift=104 | fROI=Lang_LH_IFG | layer=1 | mean r=0.014
ACROSS‑CIRC‑MULTITRAIN infoxlm_large | shift=104 | fROI=Lang_LH_IFG | layer=2 | mean r=-0.016
ACROSS‑CIRC‑MULTITRAIN infoxlm_large | shift=104 | fROI=Lang_LH_IFG | layer=3 | mean r=-0.024
ACROSS‑CIRC‑MULTITRAIN infoxlm_large | shift=104 | fROI=Lang_LH_IFG | layer=4 | mean r=-0.022
ACROSS‑CIRC‑MULTITRAIN infoxlm_large | shift=104 | fROI=Lang_LH_IFG | layer=5 | mean r=-0.033
ACROSS‑CIRC‑MULTITRAIN infoxlm_large | shift=104 | fROI=Lang_LH_IFG | layer=6 | mean r=-0.009
ACROSS‑CIRC‑MULTITRAIN infoxlm_large | shift=104 | fROI=Lang_LH_IFG | layer=7 | mean r=-0.000
ACROSS‑CIRC‑MULTITRAIN infoxlm_large | shift=104 | fROI=Lang_LH_IFG | layer=8 | mean r=-0.016
ACROSS‑CIRC‑MULTITRAIN infoxlm_large | shift=104 | fROI=Lang_LH_IFG | layer=9 | mean r=-0.027
ACROSS‑CIRC‑MULTITRAIN infoxlm_large | shift=104 | fROI=Lang_LH_IFG | layer=10 | mean r=-0.014
ACROSS‑CIRC‑MULTITRAIN infoxlm_large | shift=104 | fROI=Lang_LH_IFG | layer=11 | mean r=-0.028
ACROSS‑CIRC‑MULTITRAIN infoxlm_large | shift=104 | fROI=Lang_LH_IFG | layer=12 | mean r=-0.008
ACROSS‑CIRC‑MULTITRAIN infoxlm_large | shift=104 | fROI=Lang_LH_IFG | layer=13 | mean r=0.000
ACROSS‑CIRC‑MULTITRAIN infoxlm_large | shift=104 | fROI=Lang_LH_IFG | layer=14 | mean r=0.001
ACROSS‑CIRC‑MULTITRAIN infoxlm_large | shift=104 | fROI=Lang_LH_IFG | layer=15 | mean r=0.001
ACROSS‑CIRC‑MULTITRAIN infoxlm_large | shift=104 | fROI=Lang_LH_IFG | layer=16 | mean r=-0.005
ACROSS‑CIRC‑MULTITRAIN infoxlm_large | shift=104 | fROI=Lang_LH_IFG | layer=17 | mean r=-0.001
ACROSS‑CIRC‑MULTITRAIN infoxlm_large | shift=104 | fROI=Lang_LH_IFG | layer=18 | mean r=-0.001
ACROSS‑CIRC‑MULTITRAIN infoxlm_large | shift=104 | fROI=Lang_LH_IFG | layer=19 | mean r=-0.022
ACROSS‑CIRC‑MULTITRAIN infoxlm_large | shift=104 | fROI=Lang_LH_IFG | layer=20 | mean r=-0.049
ACROSS‑CIRC‑MULTITRAIN infoxlm_large | shift=104 | fROI=Lang_LH_IFG | layer=21 | mean r=-0.026
ACROSS‑CIRC‑MULTITRAIN infoxlm_large | shift=104 | fROI=Lang_LH_IFG | layer=22 | mean r=-0.010
ACROSS‑CIRC‑MULTITRAIN infoxlm_large | shift=104 | fROI=Lang_LH_IFG | layer=23 | mean r=-0.012
ACROSS‑CIRC‑MULTITRAIN infoxlm_large | shift=104 | fROI=Lang_LH_IFG | layer=24 | mean r=-0.033


Processing Lang_LH_IFGorb (4/6)

  >>> Circular shift = 26
ACROSS‑CIRC‑MULTITRAIN infoxlm_large | shift=26 | fROI=Lang_LH_IFGorb | layer=0 | mean r=-0.025
ACROSS‑CIRC‑MULTITRAIN infoxlm_large | shift=26 | fROI=Lang_LH_IFGorb | layer=1 | mean r=-0.004
ACROSS‑CIRC‑MULTITRAIN infoxlm_large | shift=26 | fROI=Lang_LH_IFGorb | layer=2 | mean r=0.005
ACROSS‑CIRC‑MULTITRAIN infoxlm_large | shift=26 | fROI=Lang_LH_IFGorb | layer=3 | mean r=0.006
ACROSS‑CIRC‑MULTITRAIN infoxlm_large | shift=26 | fROI=Lang_LH_IFGorb | layer=4 | mean r=-0.009
ACROSS‑CIRC‑MULTITRAIN infoxlm_large | shift=26 | fROI=Lang_LH_IFGorb | layer=5 | mean r=-0.014
ACROSS‑CIRC‑MULTITRAIN infoxlm_large | shift=26 | fROI=Lang_LH_IFGorb | layer=6 | mean r=-0.011
ACROSS‑CIRC‑MULTITRAIN infoxlm_large | shift=26 | fROI=Lang_LH_IFGorb | layer=7 | mean r=-0.018
ACROSS‑CIRC‑MULTITRAIN infoxlm_large | shift=26 | fROI=Lang_LH_IFGorb | layer=8 | mean r=0.005
ACROSS‑CIRC‑MULTITRAIN infoxlm_large | shift=26 | fROI=Lang_LH_IFGorb | layer=9 | mean r=-0.021
ACROSS‑CIRC‑MULTITRAIN infoxlm_large | shift=26 | fROI=Lang_LH_IFGorb | layer=10 | mean r=-0.006
ACROSS‑CIRC‑MULTITRAIN infoxlm_large | shift=26 | fROI=Lang_LH_IFGorb | layer=11 | mean r=0.005
ACROSS‑CIRC‑MULTITRAIN infoxlm_large | shift=26 | fROI=Lang_LH_IFGorb | layer=12 | mean r=-0.007
ACROSS‑CIRC‑MULTITRAIN infoxlm_large | shift=26 | fROI=Lang_LH_IFGorb | layer=13 | mean r=0.003
ACROSS‑CIRC‑MULTITRAIN infoxlm_large | shift=26 | fROI=Lang_LH_IFGorb | layer=14 | mean r=0.006
ACROSS‑CIRC‑MULTITRAIN infoxlm_large | shift=26 | fROI=Lang_LH_IFGorb | layer=15 | mean r=0.021
ACROSS‑CIRC‑MULTITRAIN infoxlm_large | shift=26 | fROI=Lang_LH_IFGorb | layer=16 | mean r=0.006
ACROSS‑CIRC‑MULTITRAIN infoxlm_large | shift=26 | fROI=Lang_LH_IFGorb | layer=17 | mean r=-0.004
ACROSS‑CIRC‑MULTITRAIN infoxlm_large | shift=26 | fROI=Lang_LH_IFGorb | layer=18 | mean r=0.015
ACROSS‑CIRC‑MULTITRAIN infoxlm_large | shift=26 | fROI=Lang_LH_IFGorb | layer=19 | mean r=0.016
ACROSS‑CIRC‑MULTITRAIN infoxlm_large | shift=26 | fROI=Lang_LH_IFGorb | layer=20 | mean r=0.031
ACROSS‑CIRC‑MULTITRAIN infoxlm_large | shift=26 | fROI=Lang_LH_IFGorb | layer=21 | mean r=0.031
ACROSS‑CIRC‑MULTITRAIN infoxlm_large | shift=26 | fROI=Lang_LH_IFGorb | layer=22 | mean r=0.018
ACROSS‑CIRC‑MULTITRAIN infoxlm_large | shift=26 | fROI=Lang_LH_IFGorb | layer=23 | mean r=0.017
ACROSS‑CIRC‑MULTITRAIN infoxlm_large | shift=26 | fROI=Lang_LH_IFGorb | layer=24 | mean r=-0.028

  >>> Circular shift = 52
ACROSS‑CIRC‑MULTITRAIN infoxlm_large | shift=52 | fROI=Lang_LH_IFGorb | layer=0 | mean r=0.037
ACROSS‑CIRC‑MULTITRAIN infoxlm_large | shift=52 | fROI=Lang_LH_IFGorb | layer=1 | mean r=0.024
ACROSS‑CIRC‑MULTITRAIN infoxlm_large | shift=52 | fROI=Lang_LH_IFGorb | layer=2 | mean r=0.043
ACROSS‑CIRC‑MULTITRAIN infoxlm_large | shift=52 | fROI=Lang_LH_IFGorb | layer=3 | mean r=0.046
ACROSS‑CIRC‑MULTITRAIN infoxlm_large | shift=52 | fROI=Lang_LH_IFGorb | layer=4 | mean r=0.011
ACROSS‑CIRC‑MULTITRAIN infoxlm_large | shift=52 | fROI=Lang_LH_IFGorb | layer=5 | mean r=0.010
ACROSS‑CIRC‑MULTITRAIN infoxlm_large | shift=52 | fROI=Lang_LH_IFGorb | layer=6 | mean r=-0.020
ACROSS‑CIRC‑MULTITRAIN infoxlm_large | shift=52 | fROI=Lang_LH_IFGorb | layer=7 | mean r=-0.030
ACROSS‑CIRC‑MULTITRAIN infoxlm_large | shift=52 | fROI=Lang_LH_IFGorb | layer=8 | mean r=-0.030
ACROSS‑CIRC‑MULTITRAIN infoxlm_large | shift=52 | fROI=Lang_LH_IFGorb | layer=9 | mean r=-0.038
ACROSS‑CIRC‑MULTITRAIN infoxlm_large | shift=52 | fROI=Lang_LH_IFGorb | layer=10 | mean r=-0.013
ACROSS‑CIRC‑MULTITRAIN infoxlm_large | shift=52 | fROI=Lang_LH_IFGorb | layer=11 | mean r=-0.013
ACROSS‑CIRC‑MULTITRAIN infoxlm_large | shift=52 | fROI=Lang_LH_IFGorb | layer=12 | mean r=-0.024
ACROSS‑CIRC‑MULTITRAIN infoxlm_large | shift=52 | fROI=Lang_LH_IFGorb | layer=13 | mean r=-0.032
ACROSS‑CIRC‑MULTITRAIN infoxlm_large | shift=52 | fROI=Lang_LH_IFGorb | layer=14 | mean r=-0.029
ACROSS‑CIRC‑MULTITRAIN infoxlm_large | shift=52 | fROI=Lang_LH_IFGorb | layer=15 | mean r=-0.053
ACROSS‑CIRC‑MULTITRAIN infoxlm_large | shift=52 | fROI=Lang_LH_IFGorb | layer=16 | mean r=-0.037
ACROSS‑CIRC‑MULTITRAIN infoxlm_large | shift=52 | fROI=Lang_LH_IFGorb | layer=17 | mean r=-0.046
ACROSS‑CIRC‑MULTITRAIN infoxlm_large | shift=52 | fROI=Lang_LH_IFGorb | layer=18 | mean r=-0.050
ACROSS‑CIRC‑MULTITRAIN infoxlm_large | shift=52 | fROI=Lang_LH_IFGorb | layer=19 | mean r=-0.008
ACROSS‑CIRC‑MULTITRAIN infoxlm_large | shift=52 | fROI=Lang_LH_IFGorb | layer=20 | mean r=-0.014
ACROSS‑CIRC‑MULTITRAIN infoxlm_large | shift=52 | fROI=Lang_LH_IFGorb | layer=21 | mean r=-0.022
ACROSS‑CIRC‑MULTITRAIN infoxlm_large | shift=52 | fROI=Lang_LH_IFGorb | layer=22 | mean r=-0.029
ACROSS‑CIRC‑MULTITRAIN infoxlm_large | shift=52 | fROI=Lang_LH_IFGorb | layer=23 | mean r=-0.031
ACROSS‑CIRC‑MULTITRAIN infoxlm_large | shift=52 | fROI=Lang_LH_IFGorb | layer=24 | mean r=0.024

  >>> Circular shift = 78
ACROSS‑CIRC‑MULTITRAIN infoxlm_large | shift=78 | fROI=Lang_LH_IFGorb | layer=0 | mean r=0.083
ACROSS‑CIRC‑MULTITRAIN infoxlm_large | shift=78 | fROI=Lang_LH_IFGorb | layer=1 | mean r=0.073
ACROSS‑CIRC‑MULTITRAIN infoxlm_large | shift=78 | fROI=Lang_LH_IFGorb | layer=2 | mean r=0.073
ACROSS‑CIRC‑MULTITRAIN infoxlm_large | shift=78 | fROI=Lang_LH_IFGorb | layer=3 | mean r=0.075
ACROSS‑CIRC‑MULTITRAIN infoxlm_large | shift=78 | fROI=Lang_LH_IFGorb | layer=4 | mean r=0.071
ACROSS‑CIRC‑MULTITRAIN infoxlm_large | shift=78 | fROI=Lang_LH_IFGorb | layer=5 | mean r=0.059
ACROSS‑CIRC‑MULTITRAIN infoxlm_large | shift=78 | fROI=Lang_LH_IFGorb | layer=6 | mean r=0.051
ACROSS‑CIRC‑MULTITRAIN infoxlm_large | shift=78 | fROI=Lang_LH_IFGorb | layer=7 | mean r=0.021
ACROSS‑CIRC‑MULTITRAIN infoxlm_large | shift=78 | fROI=Lang_LH_IFGorb | layer=8 | mean r=0.004
ACROSS‑CIRC‑MULTITRAIN infoxlm_large | shift=78 | fROI=Lang_LH_IFGorb | layer=9 | mean r=0.000
ACROSS‑CIRC‑MULTITRAIN infoxlm_large | shift=78 | fROI=Lang_LH_IFGorb | layer=10 | mean r=0.012
ACROSS‑CIRC‑MULTITRAIN infoxlm_large | shift=78 | fROI=Lang_LH_IFGorb | layer=11 | mean r=-0.006
ACROSS‑CIRC‑MULTITRAIN infoxlm_large | shift=78 | fROI=Lang_LH_IFGorb | layer=12 | mean r=0.006
ACROSS‑CIRC‑MULTITRAIN infoxlm_large | shift=78 | fROI=Lang_LH_IFGorb | layer=13 | mean r=0.007
ACROSS‑CIRC‑MULTITRAIN infoxlm_large | shift=78 | fROI=Lang_LH_IFGorb | layer=14 | mean r=0.014
ACROSS‑CIRC‑MULTITRAIN infoxlm_large | shift=78 | fROI=Lang_LH_IFGorb | layer=15 | mean r=-0.017
ACROSS‑CIRC‑MULTITRAIN infoxlm_large | shift=78 | fROI=Lang_LH_IFGorb | layer=16 | mean r=0.025
ACROSS‑CIRC‑MULTITRAIN infoxlm_large | shift=78 | fROI=Lang_LH_IFGorb | layer=17 | mean r=0.016
ACROSS‑CIRC‑MULTITRAIN infoxlm_large | shift=78 | fROI=Lang_LH_IFGorb | layer=18 | mean r=0.018
ACROSS‑CIRC‑MULTITRAIN infoxlm_large | shift=78 | fROI=Lang_LH_IFGorb | layer=19 | mean r=-0.005
ACROSS‑CIRC‑MULTITRAIN infoxlm_large | shift=78 | fROI=Lang_LH_IFGorb | layer=20 | mean r=0.008
ACROSS‑CIRC‑MULTITRAIN infoxlm_large | shift=78 | fROI=Lang_LH_IFGorb | layer=21 | mean r=0.003
ACROSS‑CIRC‑MULTITRAIN infoxlm_large | shift=78 | fROI=Lang_LH_IFGorb | layer=22 | mean r=-0.026
ACROSS‑CIRC‑MULTITRAIN infoxlm_large | shift=78 | fROI=Lang_LH_IFGorb | layer=23 | mean r=-0.034
ACROSS‑CIRC‑MULTITRAIN infoxlm_large | shift=78 | fROI=Lang_LH_IFGorb | layer=24 | mean r=-0.010

  >>> Circular shift = 104
ACROSS‑CIRC‑MULTITRAIN infoxlm_large | shift=104 | fROI=Lang_LH_IFGorb | layer=0 | mean r=-0.009
ACROSS‑CIRC‑MULTITRAIN infoxlm_large | shift=104 | fROI=Lang_LH_IFGorb | layer=1 | mean r=-0.023
ACROSS‑CIRC‑MULTITRAIN infoxlm_large | shift=104 | fROI=Lang_LH_IFGorb | layer=2 | mean r=-0.023
ACROSS‑CIRC‑MULTITRAIN infoxlm_large | shift=104 | fROI=Lang_LH_IFGorb | layer=3 | mean r=-0.031
ACROSS‑CIRC‑MULTITRAIN infoxlm_large | shift=104 | fROI=Lang_LH_IFGorb | layer=4 | mean r=-0.022
ACROSS‑CIRC‑MULTITRAIN infoxlm_large | shift=104 | fROI=Lang_LH_IFGorb | layer=5 | mean r=-0.030
ACROSS‑CIRC‑MULTITRAIN infoxlm_large | shift=104 | fROI=Lang_LH_IFGorb | layer=6 | mean r=-0.018
ACROSS‑CIRC‑MULTITRAIN infoxlm_large | shift=104 | fROI=Lang_LH_IFGorb | layer=7 | mean r=0.005
ACROSS‑CIRC‑MULTITRAIN infoxlm_large | shift=104 | fROI=Lang_LH_IFGorb | layer=8 | mean r=-0.009
ACROSS‑CIRC‑MULTITRAIN infoxlm_large | shift=104 | fROI=Lang_LH_IFGorb | layer=9 | mean r=-0.002
ACROSS‑CIRC‑MULTITRAIN infoxlm_large | shift=104 | fROI=Lang_LH_IFGorb | layer=10 | mean r=-0.001
ACROSS‑CIRC‑MULTITRAIN infoxlm_large | shift=104 | fROI=Lang_LH_IFGorb | layer=11 | mean r=-0.027
ACROSS‑CIRC‑MULTITRAIN infoxlm_large | shift=104 | fROI=Lang_LH_IFGorb | layer=12 | mean r=-0.034
ACROSS‑CIRC‑MULTITRAIN infoxlm_large | shift=104 | fROI=Lang_LH_IFGorb | layer=13 | mean r=-0.041
ACROSS‑CIRC‑MULTITRAIN infoxlm_large | shift=104 | fROI=Lang_LH_IFGorb | layer=14 | mean r=-0.067
ACROSS‑CIRC‑MULTITRAIN infoxlm_large | shift=104 | fROI=Lang_LH_IFGorb | layer=15 | mean r=-0.055
ACROSS‑CIRC‑MULTITRAIN infoxlm_large | shift=104 | fROI=Lang_LH_IFGorb | layer=16 | mean r=-0.060
ACROSS‑CIRC‑MULTITRAIN infoxlm_large | shift=104 | fROI=Lang_LH_IFGorb | layer=17 | mean r=-0.033
ACROSS‑CIRC‑MULTITRAIN infoxlm_large | shift=104 | fROI=Lang_LH_IFGorb | layer=18 | mean r=-0.026
ACROSS‑CIRC‑MULTITRAIN infoxlm_large | shift=104 | fROI=Lang_LH_IFGorb | layer=19 | mean r=-0.019
ACROSS‑CIRC‑MULTITRAIN infoxlm_large | shift=104 | fROI=Lang_LH_IFGorb | layer=20 | mean r=-0.038
ACROSS‑CIRC‑MULTITRAIN infoxlm_large | shift=104 | fROI=Lang_LH_IFGorb | layer=21 | mean r=-0.022
ACROSS‑CIRC‑MULTITRAIN infoxlm_large | shift=104 | fROI=Lang_LH_IFGorb | layer=22 | mean r=-0.015
ACROSS‑CIRC‑MULTITRAIN infoxlm_large | shift=104 | fROI=Lang_LH_IFGorb | layer=23 | mean r=-0.016
ACROSS‑CIRC‑MULTITRAIN infoxlm_large | shift=104 | fROI=Lang_LH_IFGorb | layer=24 | mean r=-0.035


Processing Lang_LH_MFG (5/6)

  >>> Circular shift = 26
ACROSS‑CIRC‑MULTITRAIN infoxlm_large | shift=26 | fROI=Lang_LH_MFG | layer=0 | mean r=-0.035
ACROSS‑CIRC‑MULTITRAIN infoxlm_large | shift=26 | fROI=Lang_LH_MFG | layer=1 | mean r=-0.033
ACROSS‑CIRC‑MULTITRAIN infoxlm_large | shift=26 | fROI=Lang_LH_MFG | layer=2 | mean r=-0.013
ACROSS‑CIRC‑MULTITRAIN infoxlm_large | shift=26 | fROI=Lang_LH_MFG | layer=3 | mean r=-0.018
ACROSS‑CIRC‑MULTITRAIN infoxlm_large | shift=26 | fROI=Lang_LH_MFG | layer=4 | mean r=-0.044
ACROSS‑CIRC‑MULTITRAIN infoxlm_large | shift=26 | fROI=Lang_LH_MFG | layer=5 | mean r=-0.033
ACROSS‑CIRC‑MULTITRAIN infoxlm_large | shift=26 | fROI=Lang_LH_MFG | layer=6 | mean r=-0.025
ACROSS‑CIRC‑MULTITRAIN infoxlm_large | shift=26 | fROI=Lang_LH_MFG | layer=7 | mean r=-0.002
ACROSS‑CIRC‑MULTITRAIN infoxlm_large | shift=26 | fROI=Lang_LH_MFG | layer=8 | mean r=-0.017
ACROSS‑CIRC‑MULTITRAIN infoxlm_large | shift=26 | fROI=Lang_LH_MFG | layer=9 | mean r=-0.051
ACROSS‑CIRC‑MULTITRAIN infoxlm_large | shift=26 | fROI=Lang_LH_MFG | layer=10 | mean r=-0.045
ACROSS‑CIRC‑MULTITRAIN infoxlm_large | shift=26 | fROI=Lang_LH_MFG | layer=11 | mean r=-0.055
ACROSS‑CIRC‑MULTITRAIN infoxlm_large | shift=26 | fROI=Lang_LH_MFG | layer=12 | mean r=-0.052
ACROSS‑CIRC‑MULTITRAIN infoxlm_large | shift=26 | fROI=Lang_LH_MFG | layer=13 | mean r=-0.060
ACROSS‑CIRC‑MULTITRAIN infoxlm_large | shift=26 | fROI=Lang_LH_MFG | layer=14 | mean r=-0.053
ACROSS‑CIRC‑MULTITRAIN infoxlm_large | shift=26 | fROI=Lang_LH_MFG | layer=15 | mean r=-0.044
ACROSS‑CIRC‑MULTITRAIN infoxlm_large | shift=26 | fROI=Lang_LH_MFG | layer=16 | mean r=-0.056
ACROSS‑CIRC‑MULTITRAIN infoxlm_large | shift=26 | fROI=Lang_LH_MFG | layer=17 | mean r=-0.068
ACROSS‑CIRC‑MULTITRAIN infoxlm_large | shift=26 | fROI=Lang_LH_MFG | layer=18 | mean r=-0.067
ACROSS‑CIRC‑MULTITRAIN infoxlm_large | shift=26 | fROI=Lang_LH_MFG | layer=19 | mean r=-0.054
ACROSS‑CIRC‑MULTITRAIN infoxlm_large | shift=26 | fROI=Lang_LH_MFG | layer=20 | mean r=-0.039
ACROSS‑CIRC‑MULTITRAIN infoxlm_large | shift=26 | fROI=Lang_LH_MFG | layer=21 | mean r=-0.042
ACROSS‑CIRC‑MULTITRAIN infoxlm_large | shift=26 | fROI=Lang_LH_MFG | layer=22 | mean r=-0.046
ACROSS‑CIRC‑MULTITRAIN infoxlm_large | shift=26 | fROI=Lang_LH_MFG | layer=23 | mean r=-0.012
ACROSS‑CIRC‑MULTITRAIN infoxlm_large | shift=26 | fROI=Lang_LH_MFG | layer=24 | mean r=0.013

  >>> Circular shift = 52
ACROSS‑CIRC‑MULTITRAIN infoxlm_large | shift=52 | fROI=Lang_LH_MFG | layer=0 | mean r=-0.013
ACROSS‑CIRC‑MULTITRAIN infoxlm_large | shift=52 | fROI=Lang_LH_MFG | layer=1 | mean r=-0.022
ACROSS‑CIRC‑MULTITRAIN infoxlm_large | shift=52 | fROI=Lang_LH_MFG | layer=2 | mean r=-0.000
ACROSS‑CIRC‑MULTITRAIN infoxlm_large | shift=52 | fROI=Lang_LH_MFG | layer=3 | mean r=0.002
ACROSS‑CIRC‑MULTITRAIN infoxlm_large | shift=52 | fROI=Lang_LH_MFG | layer=4 | mean r=-0.013
ACROSS‑CIRC‑MULTITRAIN infoxlm_large | shift=52 | fROI=Lang_LH_MFG | layer=5 | mean r=0.003
ACROSS‑CIRC‑MULTITRAIN infoxlm_large | shift=52 | fROI=Lang_LH_MFG | layer=6 | mean r=-0.025
ACROSS‑CIRC‑MULTITRAIN infoxlm_large | shift=52 | fROI=Lang_LH_MFG | layer=7 | mean r=-0.040
ACROSS‑CIRC‑MULTITRAIN infoxlm_large | shift=52 | fROI=Lang_LH_MFG | layer=8 | mean r=-0.066
ACROSS‑CIRC‑MULTITRAIN infoxlm_large | shift=52 | fROI=Lang_LH_MFG | layer=9 | mean r=-0.042
ACROSS‑CIRC‑MULTITRAIN infoxlm_large | shift=52 | fROI=Lang_LH_MFG | layer=10 | mean r=-0.019
ACROSS‑CIRC‑MULTITRAIN infoxlm_large | shift=52 | fROI=Lang_LH_MFG | layer=11 | mean r=-0.021
ACROSS‑CIRC‑MULTITRAIN infoxlm_large | shift=52 | fROI=Lang_LH_MFG | layer=12 | mean r=-0.032
ACROSS‑CIRC‑MULTITRAIN infoxlm_large | shift=52 | fROI=Lang_LH_MFG | layer=13 | mean r=-0.054
ACROSS‑CIRC‑MULTITRAIN infoxlm_large | shift=52 | fROI=Lang_LH_MFG | layer=14 | mean r=-0.076
ACROSS‑CIRC‑MULTITRAIN infoxlm_large | shift=52 | fROI=Lang_LH_MFG | layer=15 | mean r=-0.068
ACROSS‑CIRC‑MULTITRAIN infoxlm_large | shift=52 | fROI=Lang_LH_MFG | layer=16 | mean r=-0.079
ACROSS‑CIRC‑MULTITRAIN infoxlm_large | shift=52 | fROI=Lang_LH_MFG | layer=17 | mean r=-0.068
ACROSS‑CIRC‑MULTITRAIN infoxlm_large | shift=52 | fROI=Lang_LH_MFG | layer=18 | mean r=-0.067
ACROSS‑CIRC‑MULTITRAIN infoxlm_large | shift=52 | fROI=Lang_LH_MFG | layer=19 | mean r=-0.042
ACROSS‑CIRC‑MULTITRAIN infoxlm_large | shift=52 | fROI=Lang_LH_MFG | layer=20 | mean r=-0.043
ACROSS‑CIRC‑MULTITRAIN infoxlm_large | shift=52 | fROI=Lang_LH_MFG | layer=21 | mean r=-0.069
ACROSS‑CIRC‑MULTITRAIN infoxlm_large | shift=52 | fROI=Lang_LH_MFG | layer=22 | mean r=-0.075
ACROSS‑CIRC‑MULTITRAIN infoxlm_large | shift=52 | fROI=Lang_LH_MFG | layer=23 | mean r=-0.104
ACROSS‑CIRC‑MULTITRAIN infoxlm_large | shift=52 | fROI=Lang_LH_MFG | layer=24 | mean r=-0.064

  >>> Circular shift = 78
ACROSS‑CIRC‑MULTITRAIN infoxlm_large | shift=78 | fROI=Lang_LH_MFG | layer=0 | mean r=0.022
ACROSS‑CIRC‑MULTITRAIN infoxlm_large | shift=78 | fROI=Lang_LH_MFG | layer=1 | mean r=0.009
ACROSS‑CIRC‑MULTITRAIN infoxlm_large | shift=78 | fROI=Lang_LH_MFG | layer=2 | mean r=0.001
ACROSS‑CIRC‑MULTITRAIN infoxlm_large | shift=78 | fROI=Lang_LH_MFG | layer=3 | mean r=0.007
ACROSS‑CIRC‑MULTITRAIN infoxlm_large | shift=78 | fROI=Lang_LH_MFG | layer=4 | mean r=0.014
ACROSS‑CIRC‑MULTITRAIN infoxlm_large | shift=78 | fROI=Lang_LH_MFG | layer=5 | mean r=0.002
ACROSS‑CIRC‑MULTITRAIN infoxlm_large | shift=78 | fROI=Lang_LH_MFG | layer=6 | mean r=0.013
ACROSS‑CIRC‑MULTITRAIN infoxlm_large | shift=78 | fROI=Lang_LH_MFG | layer=7 | mean r=-0.008
ACROSS‑CIRC‑MULTITRAIN infoxlm_large | shift=78 | fROI=Lang_LH_MFG | layer=8 | mean r=-0.014
ACROSS‑CIRC‑MULTITRAIN infoxlm_large | shift=78 | fROI=Lang_LH_MFG | layer=9 | mean r=-0.005
ACROSS‑CIRC‑MULTITRAIN infoxlm_large | shift=78 | fROI=Lang_LH_MFG | layer=10 | mean r=-0.008
ACROSS‑CIRC‑MULTITRAIN infoxlm_large | shift=78 | fROI=Lang_LH_MFG | layer=11 | mean r=-0.020
ACROSS‑CIRC‑MULTITRAIN infoxlm_large | shift=78 | fROI=Lang_LH_MFG | layer=12 | mean r=-0.029
ACROSS‑CIRC‑MULTITRAIN infoxlm_large | shift=78 | fROI=Lang_LH_MFG | layer=13 | mean r=-0.036
ACROSS‑CIRC‑MULTITRAIN infoxlm_large | shift=78 | fROI=Lang_LH_MFG | layer=14 | mean r=-0.024
ACROSS‑CIRC‑MULTITRAIN infoxlm_large | shift=78 | fROI=Lang_LH_MFG | layer=15 | mean r=-0.059
ACROSS‑CIRC‑MULTITRAIN infoxlm_large | shift=78 | fROI=Lang_LH_MFG | layer=16 | mean r=-0.047
ACROSS‑CIRC‑MULTITRAIN infoxlm_large | shift=78 | fROI=Lang_LH_MFG | layer=17 | mean r=-0.006
ACROSS‑CIRC‑MULTITRAIN infoxlm_large | shift=78 | fROI=Lang_LH_MFG | layer=18 | mean r=-0.003
ACROSS‑CIRC‑MULTITRAIN infoxlm_large | shift=78 | fROI=Lang_LH_MFG | layer=19 | mean r=-0.014
ACROSS‑CIRC‑MULTITRAIN infoxlm_large | shift=78 | fROI=Lang_LH_MFG | layer=20 | mean r=0.034
ACROSS‑CIRC‑MULTITRAIN infoxlm_large | shift=78 | fROI=Lang_LH_MFG | layer=21 | mean r=0.029
ACROSS‑CIRC‑MULTITRAIN infoxlm_large | shift=78 | fROI=Lang_LH_MFG | layer=22 | mean r=-0.002
ACROSS‑CIRC‑MULTITRAIN infoxlm_large | shift=78 | fROI=Lang_LH_MFG | layer=23 | mean r=-0.001
ACROSS‑CIRC‑MULTITRAIN infoxlm_large | shift=78 | fROI=Lang_LH_MFG | layer=24 | mean r=0.022

  >>> Circular shift = 104
ACROSS‑CIRC‑MULTITRAIN infoxlm_large | shift=104 | fROI=Lang_LH_MFG | layer=0 | mean r=0.021
ACROSS‑CIRC‑MULTITRAIN infoxlm_large | shift=104 | fROI=Lang_LH_MFG | layer=1 | mean r=0.008
ACROSS‑CIRC‑MULTITRAIN infoxlm_large | shift=104 | fROI=Lang_LH_MFG | layer=2 | mean r=-0.020
ACROSS‑CIRC‑MULTITRAIN infoxlm_large | shift=104 | fROI=Lang_LH_MFG | layer=3 | mean r=-0.016
ACROSS‑CIRC‑MULTITRAIN infoxlm_large | shift=104 | fROI=Lang_LH_MFG | layer=4 | mean r=-0.016
ACROSS‑CIRC‑MULTITRAIN infoxlm_large | shift=104 | fROI=Lang_LH_MFG | layer=5 | mean r=-0.043
ACROSS‑CIRC‑MULTITRAIN infoxlm_large | shift=104 | fROI=Lang_LH_MFG | layer=6 | mean r=-0.034
ACROSS‑CIRC‑MULTITRAIN infoxlm_large | shift=104 | fROI=Lang_LH_MFG | layer=7 | mean r=-0.038
ACROSS‑CIRC‑MULTITRAIN infoxlm_large | shift=104 | fROI=Lang_LH_MFG | layer=8 | mean r=-0.062
ACROSS‑CIRC‑MULTITRAIN infoxlm_large | shift=104 | fROI=Lang_LH_MFG | layer=9 | mean r=-0.061
ACROSS‑CIRC‑MULTITRAIN infoxlm_large | shift=104 | fROI=Lang_LH_MFG | layer=10 | mean r=-0.056
ACROSS‑CIRC‑MULTITRAIN infoxlm_large | shift=104 | fROI=Lang_LH_MFG | layer=11 | mean r=-0.034
ACROSS‑CIRC‑MULTITRAIN infoxlm_large | shift=104 | fROI=Lang_LH_MFG | layer=12 | mean r=-0.027
ACROSS‑CIRC‑MULTITRAIN infoxlm_large | shift=104 | fROI=Lang_LH_MFG | layer=13 | mean r=0.004
ACROSS‑CIRC‑MULTITRAIN infoxlm_large | shift=104 | fROI=Lang_LH_MFG | layer=14 | mean r=0.032
ACROSS‑CIRC‑MULTITRAIN infoxlm_large | shift=104 | fROI=Lang_LH_MFG | layer=15 | mean r=0.037
ACROSS‑CIRC‑MULTITRAIN infoxlm_large | shift=104 | fROI=Lang_LH_MFG | layer=16 | mean r=0.031
ACROSS‑CIRC‑MULTITRAIN infoxlm_large | shift=104 | fROI=Lang_LH_MFG | layer=17 | mean r=0.002
ACROSS‑CIRC‑MULTITRAIN infoxlm_large | shift=104 | fROI=Lang_LH_MFG | layer=18 | mean r=0.008
ACROSS‑CIRC‑MULTITRAIN infoxlm_large | shift=104 | fROI=Lang_LH_MFG | layer=19 | mean r=-0.004
ACROSS‑CIRC‑MULTITRAIN infoxlm_large | shift=104 | fROI=Lang_LH_MFG | layer=20 | mean r=-0.038
ACROSS‑CIRC‑MULTITRAIN infoxlm_large | shift=104 | fROI=Lang_LH_MFG | layer=21 | mean r=0.025
ACROSS‑CIRC‑MULTITRAIN infoxlm_large | shift=104 | fROI=Lang_LH_MFG | layer=22 | mean r=0.026
ACROSS‑CIRC‑MULTITRAIN infoxlm_large | shift=104 | fROI=Lang_LH_MFG | layer=23 | mean r=0.019
ACROSS‑CIRC‑MULTITRAIN infoxlm_large | shift=104 | fROI=Lang_LH_MFG | layer=24 | mean r=-0.007


Processing Lang_LH_PostTemp (6/6)

  >>> Circular shift = 26
ACROSS‑CIRC‑MULTITRAIN infoxlm_large | shift=26 | fROI=Lang_LH_PostTemp | layer=0 | mean r=-0.006
ACROSS‑CIRC‑MULTITRAIN infoxlm_large | shift=26 | fROI=Lang_LH_PostTemp | layer=1 | mean r=-0.002
ACROSS‑CIRC‑MULTITRAIN infoxlm_large | shift=26 | fROI=Lang_LH_PostTemp | layer=2 | mean r=0.005
ACROSS‑CIRC‑MULTITRAIN infoxlm_large | shift=26 | fROI=Lang_LH_PostTemp | layer=3 | mean r=-0.001
ACROSS‑CIRC‑MULTITRAIN infoxlm_large | shift=26 | fROI=Lang_LH_PostTemp | layer=4 | mean r=-0.017
ACROSS‑CIRC‑MULTITRAIN infoxlm_large | shift=26 | fROI=Lang_LH_PostTemp | layer=5 | mean r=-0.025
ACROSS‑CIRC‑MULTITRAIN infoxlm_large | shift=26 | fROI=Lang_LH_PostTemp | layer=6 | mean r=0.018
ACROSS‑CIRC‑MULTITRAIN infoxlm_large | shift=26 | fROI=Lang_LH_PostTemp | layer=7 | mean r=0.047
ACROSS‑CIRC‑MULTITRAIN infoxlm_large | shift=26 | fROI=Lang_LH_PostTemp | layer=8 | mean r=0.049
ACROSS‑CIRC‑MULTITRAIN infoxlm_large | shift=26 | fROI=Lang_LH_PostTemp | layer=9 | mean r=0.030
ACROSS‑CIRC‑MULTITRAIN infoxlm_large | shift=26 | fROI=Lang_LH_PostTemp | layer=10 | mean r=0.026
ACROSS‑CIRC‑MULTITRAIN infoxlm_large | shift=26 | fROI=Lang_LH_PostTemp | layer=11 | mean r=0.042
ACROSS‑CIRC‑MULTITRAIN infoxlm_large | shift=26 | fROI=Lang_LH_PostTemp | layer=12 | mean r=0.036
ACROSS‑CIRC‑MULTITRAIN infoxlm_large | shift=26 | fROI=Lang_LH_PostTemp | layer=13 | mean r=0.050
ACROSS‑CIRC‑MULTITRAIN infoxlm_large | shift=26 | fROI=Lang_LH_PostTemp | layer=14 | mean r=0.064
ACROSS‑CIRC‑MULTITRAIN infoxlm_large | shift=26 | fROI=Lang_LH_PostTemp | layer=15 | mean r=0.065
ACROSS‑CIRC‑MULTITRAIN infoxlm_large | shift=26 | fROI=Lang_LH_PostTemp | layer=16 | mean r=0.079
ACROSS‑CIRC‑MULTITRAIN infoxlm_large | shift=26 | fROI=Lang_LH_PostTemp | layer=17 | mean r=0.051
ACROSS‑CIRC‑MULTITRAIN infoxlm_large | shift=26 | fROI=Lang_LH_PostTemp | layer=18 | mean r=0.072
ACROSS‑CIRC‑MULTITRAIN infoxlm_large | shift=26 | fROI=Lang_LH_PostTemp | layer=19 | mean r=0.054
ACROSS‑CIRC‑MULTITRAIN infoxlm_large | shift=26 | fROI=Lang_LH_PostTemp | layer=20 | mean r=0.071
ACROSS‑CIRC‑MULTITRAIN infoxlm_large | shift=26 | fROI=Lang_LH_PostTemp | layer=21 | mean r=0.076
ACROSS‑CIRC‑MULTITRAIN infoxlm_large | shift=26 | fROI=Lang_LH_PostTemp | layer=22 | mean r=0.049
ACROSS‑CIRC‑MULTITRAIN infoxlm_large | shift=26 | fROI=Lang_LH_PostTemp | layer=23 | mean r=0.070
ACROSS‑CIRC‑MULTITRAIN infoxlm_large | shift=26 | fROI=Lang_LH_PostTemp | layer=24 | mean r=-0.014

  >>> Circular shift = 52
ACROSS‑CIRC‑MULTITRAIN infoxlm_large | shift=52 | fROI=Lang_LH_PostTemp | layer=0 | mean r=0.026
ACROSS‑CIRC‑MULTITRAIN infoxlm_large | shift=52 | fROI=Lang_LH_PostTemp | layer=1 | mean r=0.016
ACROSS‑CIRC‑MULTITRAIN infoxlm_large | shift=52 | fROI=Lang_LH_PostTemp | layer=2 | mean r=0.022
ACROSS‑CIRC‑MULTITRAIN infoxlm_large | shift=52 | fROI=Lang_LH_PostTemp | layer=3 | mean r=0.042
ACROSS‑CIRC‑MULTITRAIN infoxlm_large | shift=52 | fROI=Lang_LH_PostTemp | layer=4 | mean r=-0.012
ACROSS‑CIRC‑MULTITRAIN infoxlm_large | shift=52 | fROI=Lang_LH_PostTemp | layer=5 | mean r=-0.011
ACROSS‑CIRC‑MULTITRAIN infoxlm_large | shift=52 | fROI=Lang_LH_PostTemp | layer=6 | mean r=-0.040
ACROSS‑CIRC‑MULTITRAIN infoxlm_large | shift=52 | fROI=Lang_LH_PostTemp | layer=7 | mean r=-0.055
ACROSS‑CIRC‑MULTITRAIN infoxlm_large | shift=52 | fROI=Lang_LH_PostTemp | layer=8 | mean r=-0.063
ACROSS‑CIRC‑MULTITRAIN infoxlm_large | shift=52 | fROI=Lang_LH_PostTemp | layer=9 | mean r=-0.075
ACROSS‑CIRC‑MULTITRAIN infoxlm_large | shift=52 | fROI=Lang_LH_PostTemp | layer=10 | mean r=-0.049
ACROSS‑CIRC‑MULTITRAIN infoxlm_large | shift=52 | fROI=Lang_LH_PostTemp | layer=11 | mean r=-0.035
ACROSS‑CIRC‑MULTITRAIN infoxlm_large | shift=52 | fROI=Lang_LH_PostTemp | layer=12 | mean r=-0.057
ACROSS‑CIRC‑MULTITRAIN infoxlm_large | shift=52 | fROI=Lang_LH_PostTemp | layer=13 | mean r=-0.084
ACROSS‑CIRC‑MULTITRAIN infoxlm_large | shift=52 | fROI=Lang_LH_PostTemp | layer=14 | mean r=-0.056
ACROSS‑CIRC‑MULTITRAIN infoxlm_large | shift=52 | fROI=Lang_LH_PostTemp | layer=15 | mean r=-0.062
ACROSS‑CIRC‑MULTITRAIN infoxlm_large | shift=52 | fROI=Lang_LH_PostTemp | layer=16 | mean r=-0.055
ACROSS‑CIRC‑MULTITRAIN infoxlm_large | shift=52 | fROI=Lang_LH_PostTemp | layer=17 | mean r=-0.076
ACROSS‑CIRC‑MULTITRAIN infoxlm_large | shift=52 | fROI=Lang_LH_PostTemp | layer=18 | mean r=-0.088
ACROSS‑CIRC‑MULTITRAIN infoxlm_large | shift=52 | fROI=Lang_LH_PostTemp | layer=19 | mean r=-0.065
ACROSS‑CIRC‑MULTITRAIN infoxlm_large | shift=52 | fROI=Lang_LH_PostTemp | layer=20 | mean r=-0.068
ACROSS‑CIRC‑MULTITRAIN infoxlm_large | shift=52 | fROI=Lang_LH_PostTemp | layer=21 | mean r=-0.052
ACROSS‑CIRC‑MULTITRAIN infoxlm_large | shift=52 | fROI=Lang_LH_PostTemp | layer=22 | mean r=-0.046
ACROSS‑CIRC‑MULTITRAIN infoxlm_large | shift=52 | fROI=Lang_LH_PostTemp | layer=23 | mean r=-0.021
ACROSS‑CIRC‑MULTITRAIN infoxlm_large | shift=52 | fROI=Lang_LH_PostTemp | layer=24 | mean r=0.038

  >>> Circular shift = 78
ACROSS‑CIRC‑MULTITRAIN infoxlm_large | shift=78 | fROI=Lang_LH_PostTemp | layer=0 | mean r=0.043
ACROSS‑CIRC‑MULTITRAIN infoxlm_large | shift=78 | fROI=Lang_LH_PostTemp | layer=1 | mean r=0.056
ACROSS‑CIRC‑MULTITRAIN infoxlm_large | shift=78 | fROI=Lang_LH_PostTemp | layer=2 | mean r=0.066
ACROSS‑CIRC‑MULTITRAIN infoxlm_large | shift=78 | fROI=Lang_LH_PostTemp | layer=3 | mean r=0.069
ACROSS‑CIRC‑MULTITRAIN infoxlm_large | shift=78 | fROI=Lang_LH_PostTemp | layer=4 | mean r=0.034
ACROSS‑CIRC‑MULTITRAIN infoxlm_large | shift=78 | fROI=Lang_LH_PostTemp | layer=5 | mean r=0.001
ACROSS‑CIRC‑MULTITRAIN infoxlm_large | shift=78 | fROI=Lang_LH_PostTemp | layer=6 | mean r=-0.009
ACROSS‑CIRC‑MULTITRAIN infoxlm_large | shift=78 | fROI=Lang_LH_PostTemp | layer=7 | mean r=-0.013
ACROSS‑CIRC‑MULTITRAIN infoxlm_large | shift=78 | fROI=Lang_LH_PostTemp | layer=8 | mean r=-0.002
ACROSS‑CIRC‑MULTITRAIN infoxlm_large | shift=78 | fROI=Lang_LH_PostTemp | layer=9 | mean r=-0.013
ACROSS‑CIRC‑MULTITRAIN infoxlm_large | shift=78 | fROI=Lang_LH_PostTemp | layer=10 | mean r=-0.013
ACROSS‑CIRC‑MULTITRAIN infoxlm_large | shift=78 | fROI=Lang_LH_PostTemp | layer=11 | mean r=-0.023
ACROSS‑CIRC‑MULTITRAIN infoxlm_large | shift=78 | fROI=Lang_LH_PostTemp | layer=12 | mean r=-0.034
ACROSS‑CIRC‑MULTITRAIN infoxlm_large | shift=78 | fROI=Lang_LH_PostTemp | layer=13 | mean r=-0.038
ACROSS‑CIRC‑MULTITRAIN infoxlm_large | shift=78 | fROI=Lang_LH_PostTemp | layer=14 | mean r=-0.058
ACROSS‑CIRC‑MULTITRAIN infoxlm_large | shift=78 | fROI=Lang_LH_PostTemp | layer=15 | mean r=-0.063
ACROSS‑CIRC‑MULTITRAIN infoxlm_large | shift=78 | fROI=Lang_LH_PostTemp | layer=16 | mean r=-0.046
ACROSS‑CIRC‑MULTITRAIN infoxlm_large | shift=78 | fROI=Lang_LH_PostTemp | layer=17 | mean r=-0.044
ACROSS‑CIRC‑MULTITRAIN infoxlm_large | shift=78 | fROI=Lang_LH_PostTemp | layer=18 | mean r=-0.046
ACROSS‑CIRC‑MULTITRAIN infoxlm_large | shift=78 | fROI=Lang_LH_PostTemp | layer=19 | mean r=-0.047
ACROSS‑CIRC‑MULTITRAIN infoxlm_large | shift=78 | fROI=Lang_LH_PostTemp | layer=20 | mean r=-0.046
ACROSS‑CIRC‑MULTITRAIN infoxlm_large | shift=78 | fROI=Lang_LH_PostTemp | layer=21 | mean r=-0.048
ACROSS‑CIRC‑MULTITRAIN infoxlm_large | shift=78 | fROI=Lang_LH_PostTemp | layer=22 | mean r=-0.063
ACROSS‑CIRC‑MULTITRAIN infoxlm_large | shift=78 | fROI=Lang_LH_PostTemp | layer=23 | mean r=-0.074
ACROSS‑CIRC‑MULTITRAIN infoxlm_large | shift=78 | fROI=Lang_LH_PostTemp | layer=24 | mean r=-0.030

  >>> Circular shift = 104
ACROSS‑CIRC‑MULTITRAIN infoxlm_large | shift=104 | fROI=Lang_LH_PostTemp | layer=0 | mean r=0.056
ACROSS‑CIRC‑MULTITRAIN infoxlm_large | shift=104 | fROI=Lang_LH_PostTemp | layer=1 | mean r=0.016
ACROSS‑CIRC‑MULTITRAIN infoxlm_large | shift=104 | fROI=Lang_LH_PostTemp | layer=2 | mean r=0.012
ACROSS‑CIRC‑MULTITRAIN infoxlm_large | shift=104 | fROI=Lang_LH_PostTemp | layer=3 | mean r=-0.010
ACROSS‑CIRC‑MULTITRAIN infoxlm_large | shift=104 | fROI=Lang_LH_PostTemp | layer=4 | mean r=-0.010
ACROSS‑CIRC‑MULTITRAIN infoxlm_large | shift=104 | fROI=Lang_LH_PostTemp | layer=5 | mean r=-0.013
ACROSS‑CIRC‑MULTITRAIN infoxlm_large | shift=104 | fROI=Lang_LH_PostTemp | layer=6 | mean r=-0.005
ACROSS‑CIRC‑MULTITRAIN infoxlm_large | shift=104 | fROI=Lang_LH_PostTemp | layer=7 | mean r=0.006
ACROSS‑CIRC‑MULTITRAIN infoxlm_large | shift=104 | fROI=Lang_LH_PostTemp | layer=8 | mean r=-0.014
ACROSS‑CIRC‑MULTITRAIN infoxlm_large | shift=104 | fROI=Lang_LH_PostTemp | layer=9 | mean r=0.007
ACROSS‑CIRC‑MULTITRAIN infoxlm_large | shift=104 | fROI=Lang_LH_PostTemp | layer=10 | mean r=-0.011
ACROSS‑CIRC‑MULTITRAIN infoxlm_large | shift=104 | fROI=Lang_LH_PostTemp | layer=11 | mean r=-0.035
ACROSS‑CIRC‑MULTITRAIN infoxlm_large | shift=104 | fROI=Lang_LH_PostTemp | layer=12 | mean r=-0.019
ACROSS‑CIRC‑MULTITRAIN infoxlm_large | shift=104 | fROI=Lang_LH_PostTemp | layer=13 | mean r=-0.030
ACROSS‑CIRC‑MULTITRAIN infoxlm_large | shift=104 | fROI=Lang_LH_PostTemp | layer=14 | mean r=-0.058
ACROSS‑CIRC‑MULTITRAIN infoxlm_large | shift=104 | fROI=Lang_LH_PostTemp | layer=15 | mean r=-0.060
ACROSS‑CIRC‑MULTITRAIN infoxlm_large | shift=104 | fROI=Lang_LH_PostTemp | layer=16 | mean r=-0.084
ACROSS‑CIRC‑MULTITRAIN infoxlm_large | shift=104 | fROI=Lang_LH_PostTemp | layer=17 | mean r=-0.053
ACROSS‑CIRC‑MULTITRAIN infoxlm_large | shift=104 | fROI=Lang_LH_PostTemp | layer=18 | mean r=-0.061
ACROSS‑CIRC‑MULTITRAIN infoxlm_large | shift=104 | fROI=Lang_LH_PostTemp | layer=19 | mean r=-0.049
ACROSS‑CIRC‑MULTITRAIN infoxlm_large | shift=104 | fROI=Lang_LH_PostTemp | layer=20 | mean r=-0.060
ACROSS‑CIRC‑MULTITRAIN infoxlm_large | shift=104 | fROI=Lang_LH_PostTemp | layer=21 | mean r=-0.057
ACROSS‑CIRC‑MULTITRAIN infoxlm_large | shift=104 | fROI=Lang_LH_PostTemp | layer=22 | mean r=-0.031
ACROSS‑CIRC‑MULTITRAIN infoxlm_large | shift=104 | fROI=Lang_LH_PostTemp | layer=23 | mean r=-0.033
ACROSS‑CIRC‑MULTITRAIN infoxlm_large | shift=104 | fROI=Lang_LH_PostTemp | layer=24 | mean r=-0.061


Processing all (1/6)

  >>> Circular shift = 26
ACROSS‑CIRC‑MULTITRAIN multiminilm | shift=26 | fROI=all | layer=0 | mean r=-0.074
ACROSS‑CIRC‑MULTITRAIN multiminilm | shift=26 | fROI=all | layer=1 | mean r=-0.060
ACROSS‑CIRC‑MULTITRAIN multiminilm | shift=26 | fROI=all | layer=2 | mean r=-0.072
ACROSS‑CIRC‑MULTITRAIN multiminilm | shift=26 | fROI=all | layer=3 | mean r=-0.060
ACROSS‑CIRC‑MULTITRAIN multiminilm | shift=26 | fROI=all | layer=4 | mean r=-0.069
ACROSS‑CIRC‑MULTITRAIN multiminilm | shift=26 | fROI=all | layer=5 | mean r=-0.074
ACROSS‑CIRC‑MULTITRAIN multiminilm | shift=26 | fROI=all | layer=6 | mean r=-0.081
ACROSS‑CIRC‑MULTITRAIN multiminilm | shift=26 | fROI=all | layer=7 | mean r=-0.050
ACROSS‑CIRC‑MULTITRAIN multiminilm | shift=26 | fROI=all | layer=8 | mean r=-0.023
ACROSS‑CIRC‑MULTITRAIN multiminilm | shift=26 | fROI=all | layer=9 | mean r=-0.052
ACROSS‑CIRC‑MULTITRAIN multiminilm | shift=26 | fROI=all | layer=10 | mean r=-0.054
ACROSS‑CIRC‑MULTITRAIN multiminilm | shift=26 | fROI=all | layer=11 | mean r=-0.023
ACROSS‑CIRC‑MULTITRAIN multiminilm | shift=26 | fROI=all | layer=12 | mean r=-0.036

  >>> Circular shift = 52
ACROSS‑CIRC‑MULTITRAIN multiminilm | shift=52 | fROI=all | layer=0 | mean r=-0.048
ACROSS‑CIRC‑MULTITRAIN multiminilm | shift=52 | fROI=all | layer=1 | mean r=0.011
ACROSS‑CIRC‑MULTITRAIN multiminilm | shift=52 | fROI=all | layer=2 | mean r=0.028
ACROSS‑CIRC‑MULTITRAIN multiminilm | shift=52 | fROI=all | layer=3 | mean r=0.017
ACROSS‑CIRC‑MULTITRAIN multiminilm | shift=52 | fROI=all | layer=4 | mean r=-0.034
ACROSS‑CIRC‑MULTITRAIN multiminilm | shift=52 | fROI=all | layer=5 | mean r=-0.051
ACROSS‑CIRC‑MULTITRAIN multiminilm | shift=52 | fROI=all | layer=6 | mean r=-0.057
ACROSS‑CIRC‑MULTITRAIN multiminilm | shift=52 | fROI=all | layer=7 | mean r=-0.071
ACROSS‑CIRC‑MULTITRAIN multiminilm | shift=52 | fROI=all | layer=8 | mean r=-0.084
ACROSS‑CIRC‑MULTITRAIN multiminilm | shift=52 | fROI=all | layer=9 | mean r=-0.052
ACROSS‑CIRC‑MULTITRAIN multiminilm | shift=52 | fROI=all | layer=10 | mean r=-0.032
ACROSS‑CIRC‑MULTITRAIN multiminilm | shift=52 | fROI=all | layer=11 | mean r=-0.064
ACROSS‑CIRC‑MULTITRAIN multiminilm | shift=52 | fROI=all | layer=12 | mean r=-0.063

  >>> Circular shift = 78
ACROSS‑CIRC‑MULTITRAIN multiminilm | shift=78 | fROI=all | layer=0 | mean r=-0.032
ACROSS‑CIRC‑MULTITRAIN multiminilm | shift=78 | fROI=all | layer=1 | mean r=0.000
ACROSS‑CIRC‑MULTITRAIN multiminilm | shift=78 | fROI=all | layer=2 | mean r=0.038
ACROSS‑CIRC‑MULTITRAIN multiminilm | shift=78 | fROI=all | layer=3 | mean r=-0.017
ACROSS‑CIRC‑MULTITRAIN multiminilm | shift=78 | fROI=all | layer=4 | mean r=-0.010
ACROSS‑CIRC‑MULTITRAIN multiminilm | shift=78 | fROI=all | layer=5 | mean r=-0.041
ACROSS‑CIRC‑MULTITRAIN multiminilm | shift=78 | fROI=all | layer=6 | mean r=-0.018
ACROSS‑CIRC‑MULTITRAIN multiminilm | shift=78 | fROI=all | layer=7 | mean r=-0.014
ACROSS‑CIRC‑MULTITRAIN multiminilm | shift=78 | fROI=all | layer=8 | mean r=-0.029
ACROSS‑CIRC‑MULTITRAIN multiminilm | shift=78 | fROI=all | layer=9 | mean r=-0.037
ACROSS‑CIRC‑MULTITRAIN multiminilm | shift=78 | fROI=all | layer=10 | mean r=-0.030
ACROSS‑CIRC‑MULTITRAIN multiminilm | shift=78 | fROI=all | layer=11 | mean r=-0.029
ACROSS‑CIRC‑MULTITRAIN multiminilm | shift=78 | fROI=all | layer=12 | mean r=-0.028

  >>> Circular shift = 104
ACROSS‑CIRC‑MULTITRAIN multiminilm | shift=104 | fROI=all | layer=0 | mean r=0.013
ACROSS‑CIRC‑MULTITRAIN multiminilm | shift=104 | fROI=all | layer=1 | mean r=0.014
ACROSS‑CIRC‑MULTITRAIN multiminilm | shift=104 | fROI=all | layer=2 | mean r=0.026
ACROSS‑CIRC‑MULTITRAIN multiminilm | shift=104 | fROI=all | layer=3 | mean r=0.056
ACROSS‑CIRC‑MULTITRAIN multiminilm | shift=104 | fROI=all | layer=4 | mean r=0.039
ACROSS‑CIRC‑MULTITRAIN multiminilm | shift=104 | fROI=all | layer=5 | mean r=0.041
ACROSS‑CIRC‑MULTITRAIN multiminilm | shift=104 | fROI=all | layer=6 | mean r=0.061
ACROSS‑CIRC‑MULTITRAIN multiminilm | shift=104 | fROI=all | layer=7 | mean r=0.068
ACROSS‑CIRC‑MULTITRAIN multiminilm | shift=104 | fROI=all | layer=8 | mean r=0.050
ACROSS‑CIRC‑MULTITRAIN multiminilm | shift=104 | fROI=all | layer=9 | mean r=0.029
ACROSS‑CIRC‑MULTITRAIN multiminilm | shift=104 | fROI=all | layer=10 | mean r=0.028
ACROSS‑CIRC‑MULTITRAIN multiminilm | shift=104 | fROI=all | layer=11 | mean r=-0.001
ACROSS‑CIRC‑MULTITRAIN multiminilm | shift=104 | fROI=all | layer=12 | mean r=-0.005


Processing Lang_LH_AntTemp (2/6)

  >>> Circular shift = 26
ACROSS‑CIRC‑MULTITRAIN multiminilm | shift=26 | fROI=Lang_LH_AntTemp | layer=0 | mean r=-0.026
ACROSS‑CIRC‑MULTITRAIN multiminilm | shift=26 | fROI=Lang_LH_AntTemp | layer=1 | mean r=-0.027
ACROSS‑CIRC‑MULTITRAIN multiminilm | shift=26 | fROI=Lang_LH_AntTemp | layer=2 | mean r=-0.019
ACROSS‑CIRC‑MULTITRAIN multiminilm | shift=26 | fROI=Lang_LH_AntTemp | layer=3 | mean r=-0.013
ACROSS‑CIRC‑MULTITRAIN multiminilm | shift=26 | fROI=Lang_LH_AntTemp | layer=4 | mean r=-0.024
ACROSS‑CIRC‑MULTITRAIN multiminilm | shift=26 | fROI=Lang_LH_AntTemp | layer=5 | mean r=-0.057
ACROSS‑CIRC‑MULTITRAIN multiminilm | shift=26 | fROI=Lang_LH_AntTemp | layer=6 | mean r=-0.038
ACROSS‑CIRC‑MULTITRAIN multiminilm | shift=26 | fROI=Lang_LH_AntTemp | layer=7 | mean r=-0.074
ACROSS‑CIRC‑MULTITRAIN multiminilm | shift=26 | fROI=Lang_LH_AntTemp | layer=8 | mean r=-0.012
ACROSS‑CIRC‑MULTITRAIN multiminilm | shift=26 | fROI=Lang_LH_AntTemp | layer=9 | mean r=-0.038
ACROSS‑CIRC‑MULTITRAIN multiminilm | shift=26 | fROI=Lang_LH_AntTemp | layer=10 | mean r=-0.020
ACROSS‑CIRC‑MULTITRAIN multiminilm | shift=26 | fROI=Lang_LH_AntTemp | layer=11 | mean r=0.004
ACROSS‑CIRC‑MULTITRAIN multiminilm | shift=26 | fROI=Lang_LH_AntTemp | layer=12 | mean r=0.002

  >>> Circular shift = 52
ACROSS‑CIRC‑MULTITRAIN multiminilm | shift=52 | fROI=Lang_LH_AntTemp | layer=0 | mean r=-0.008
ACROSS‑CIRC‑MULTITRAIN multiminilm | shift=52 | fROI=Lang_LH_AntTemp | layer=1 | mean r=0.025
ACROSS‑CIRC‑MULTITRAIN multiminilm | shift=52 | fROI=Lang_LH_AntTemp | layer=2 | mean r=0.000
ACROSS‑CIRC‑MULTITRAIN multiminilm | shift=52 | fROI=Lang_LH_AntTemp | layer=3 | mean r=0.016
ACROSS‑CIRC‑MULTITRAIN multiminilm | shift=52 | fROI=Lang_LH_AntTemp | layer=4 | mean r=-0.003
ACROSS‑CIRC‑MULTITRAIN multiminilm | shift=52 | fROI=Lang_LH_AntTemp | layer=5 | mean r=-0.014
ACROSS‑CIRC‑MULTITRAIN multiminilm | shift=52 | fROI=Lang_LH_AntTemp | layer=6 | mean r=-0.014
ACROSS‑CIRC‑MULTITRAIN multiminilm | shift=52 | fROI=Lang_LH_AntTemp | layer=7 | mean r=0.016
ACROSS‑CIRC‑MULTITRAIN multiminilm | shift=52 | fROI=Lang_LH_AntTemp | layer=8 | mean r=-0.008
ACROSS‑CIRC‑MULTITRAIN multiminilm | shift=52 | fROI=Lang_LH_AntTemp | layer=9 | mean r=0.052
ACROSS‑CIRC‑MULTITRAIN multiminilm | shift=52 | fROI=Lang_LH_AntTemp | layer=10 | mean r=0.054
ACROSS‑CIRC‑MULTITRAIN multiminilm | shift=52 | fROI=Lang_LH_AntTemp | layer=11 | mean r=0.031
ACROSS‑CIRC‑MULTITRAIN multiminilm | shift=52 | fROI=Lang_LH_AntTemp | layer=12 | mean r=0.027

  >>> Circular shift = 78
ACROSS‑CIRC‑MULTITRAIN multiminilm | shift=78 | fROI=Lang_LH_AntTemp | layer=0 | mean r=-0.042
ACROSS‑CIRC‑MULTITRAIN multiminilm | shift=78 | fROI=Lang_LH_AntTemp | layer=1 | mean r=-0.038
ACROSS‑CIRC‑MULTITRAIN multiminilm | shift=78 | fROI=Lang_LH_AntTemp | layer=2 | mean r=-0.014
ACROSS‑CIRC‑MULTITRAIN multiminilm | shift=78 | fROI=Lang_LH_AntTemp | layer=3 | mean r=-0.043
ACROSS‑CIRC‑MULTITRAIN multiminilm | shift=78 | fROI=Lang_LH_AntTemp | layer=4 | mean r=-0.077
ACROSS‑CIRC‑MULTITRAIN multiminilm | shift=78 | fROI=Lang_LH_AntTemp | layer=5 | mean r=-0.065
ACROSS‑CIRC‑MULTITRAIN multiminilm | shift=78 | fROI=Lang_LH_AntTemp | layer=6 | mean r=-0.014
ACROSS‑CIRC‑MULTITRAIN multiminilm | shift=78 | fROI=Lang_LH_AntTemp | layer=7 | mean r=-0.055
ACROSS‑CIRC‑MULTITRAIN multiminilm | shift=78 | fROI=Lang_LH_AntTemp | layer=8 | mean r=-0.026
ACROSS‑CIRC‑MULTITRAIN multiminilm | shift=78 | fROI=Lang_LH_AntTemp | layer=9 | mean r=-0.030
ACROSS‑CIRC‑MULTITRAIN multiminilm | shift=78 | fROI=Lang_LH_AntTemp | layer=10 | mean r=-0.050
ACROSS‑CIRC‑MULTITRAIN multiminilm | shift=78 | fROI=Lang_LH_AntTemp | layer=11 | mean r=-0.037
ACROSS‑CIRC‑MULTITRAIN multiminilm | shift=78 | fROI=Lang_LH_AntTemp | layer=12 | mean r=-0.037

  >>> Circular shift = 104
ACROSS‑CIRC‑MULTITRAIN multiminilm | shift=104 | fROI=Lang_LH_AntTemp | layer=0 | mean r=0.072
ACROSS‑CIRC‑MULTITRAIN multiminilm | shift=104 | fROI=Lang_LH_AntTemp | layer=1 | mean r=0.067
ACROSS‑CIRC‑MULTITRAIN multiminilm | shift=104 | fROI=Lang_LH_AntTemp | layer=2 | mean r=0.083
ACROSS‑CIRC‑MULTITRAIN multiminilm | shift=104 | fROI=Lang_LH_AntTemp | layer=3 | mean r=0.088
ACROSS‑CIRC‑MULTITRAIN multiminilm | shift=104 | fROI=Lang_LH_AntTemp | layer=4 | mean r=0.061
ACROSS‑CIRC‑MULTITRAIN multiminilm | shift=104 | fROI=Lang_LH_AntTemp | layer=5 | mean r=0.061
ACROSS‑CIRC‑MULTITRAIN multiminilm | shift=104 | fROI=Lang_LH_AntTemp | layer=6 | mean r=0.054
ACROSS‑CIRC‑MULTITRAIN multiminilm | shift=104 | fROI=Lang_LH_AntTemp | layer=7 | mean r=0.046
ACROSS‑CIRC‑MULTITRAIN multiminilm | shift=104 | fROI=Lang_LH_AntTemp | layer=8 | mean r=0.033
ACROSS‑CIRC‑MULTITRAIN multiminilm | shift=104 | fROI=Lang_LH_AntTemp | layer=9 | mean r=0.037
ACROSS‑CIRC‑MULTITRAIN multiminilm | shift=104 | fROI=Lang_LH_AntTemp | layer=10 | mean r=0.048
ACROSS‑CIRC‑MULTITRAIN multiminilm | shift=104 | fROI=Lang_LH_AntTemp | layer=11 | mean r=0.020
ACROSS‑CIRC‑MULTITRAIN multiminilm | shift=104 | fROI=Lang_LH_AntTemp | layer=12 | mean r=0.025


Processing Lang_LH_IFG (3/6)

  >>> Circular shift = 26
ACROSS‑CIRC‑MULTITRAIN multiminilm | shift=26 | fROI=Lang_LH_IFG | layer=0 | mean r=-0.077
ACROSS‑CIRC‑MULTITRAIN multiminilm | shift=26 | fROI=Lang_LH_IFG | layer=1 | mean r=-0.048
ACROSS‑CIRC‑MULTITRAIN multiminilm | shift=26 | fROI=Lang_LH_IFG | layer=2 | mean r=-0.057
ACROSS‑CIRC‑MULTITRAIN multiminilm | shift=26 | fROI=Lang_LH_IFG | layer=3 | mean r=-0.041
ACROSS‑CIRC‑MULTITRAIN multiminilm | shift=26 | fROI=Lang_LH_IFG | layer=4 | mean r=-0.033
ACROSS‑CIRC‑MULTITRAIN multiminilm | shift=26 | fROI=Lang_LH_IFG | layer=5 | mean r=-0.066
ACROSS‑CIRC‑MULTITRAIN multiminilm | shift=26 | fROI=Lang_LH_IFG | layer=6 | mean r=-0.066
ACROSS‑CIRC‑MULTITRAIN multiminilm | shift=26 | fROI=Lang_LH_IFG | layer=7 | mean r=-0.069
ACROSS‑CIRC‑MULTITRAIN multiminilm | shift=26 | fROI=Lang_LH_IFG | layer=8 | mean r=-0.054
ACROSS‑CIRC‑MULTITRAIN multiminilm | shift=26 | fROI=Lang_LH_IFG | layer=9 | mean r=-0.040
ACROSS‑CIRC‑MULTITRAIN multiminilm | shift=26 | fROI=Lang_LH_IFG | layer=10 | mean r=-0.053
ACROSS‑CIRC‑MULTITRAIN multiminilm | shift=26 | fROI=Lang_LH_IFG | layer=11 | mean r=-0.051
ACROSS‑CIRC‑MULTITRAIN multiminilm | shift=26 | fROI=Lang_LH_IFG | layer=12 | mean r=-0.052

  >>> Circular shift = 52
ACROSS‑CIRC‑MULTITRAIN multiminilm | shift=52 | fROI=Lang_LH_IFG | layer=0 | mean r=-0.059
ACROSS‑CIRC‑MULTITRAIN multiminilm | shift=52 | fROI=Lang_LH_IFG | layer=1 | mean r=-0.049
ACROSS‑CIRC‑MULTITRAIN multiminilm | shift=52 | fROI=Lang_LH_IFG | layer=2 | mean r=-0.052
ACROSS‑CIRC‑MULTITRAIN multiminilm | shift=52 | fROI=Lang_LH_IFG | layer=3 | mean r=-0.057
ACROSS‑CIRC‑MULTITRAIN multiminilm | shift=52 | fROI=Lang_LH_IFG | layer=4 | mean r=-0.063
ACROSS‑CIRC‑MULTITRAIN multiminilm | shift=52 | fROI=Lang_LH_IFG | layer=5 | mean r=-0.067
ACROSS‑CIRC‑MULTITRAIN multiminilm | shift=52 | fROI=Lang_LH_IFG | layer=6 | mean r=-0.078
ACROSS‑CIRC‑MULTITRAIN multiminilm | shift=52 | fROI=Lang_LH_IFG | layer=7 | mean r=-0.068
ACROSS‑CIRC‑MULTITRAIN multiminilm | shift=52 | fROI=Lang_LH_IFG | layer=8 | mean r=-0.095
ACROSS‑CIRC‑MULTITRAIN multiminilm | shift=52 | fROI=Lang_LH_IFG | layer=9 | mean r=-0.060
ACROSS‑CIRC‑MULTITRAIN multiminilm | shift=52 | fROI=Lang_LH_IFG | layer=10 | mean r=-0.038
ACROSS‑CIRC‑MULTITRAIN multiminilm | shift=52 | fROI=Lang_LH_IFG | layer=11 | mean r=-0.046
ACROSS‑CIRC‑MULTITRAIN multiminilm | shift=52 | fROI=Lang_LH_IFG | layer=12 | mean r=-0.047

  >>> Circular shift = 78
ACROSS‑CIRC‑MULTITRAIN multiminilm | shift=78 | fROI=Lang_LH_IFG | layer=0 | mean r=-0.005
ACROSS‑CIRC‑MULTITRAIN multiminilm | shift=78 | fROI=Lang_LH_IFG | layer=1 | mean r=0.008
ACROSS‑CIRC‑MULTITRAIN multiminilm | shift=78 | fROI=Lang_LH_IFG | layer=2 | mean r=0.013
ACROSS‑CIRC‑MULTITRAIN multiminilm | shift=78 | fROI=Lang_LH_IFG | layer=3 | mean r=-0.014
ACROSS‑CIRC‑MULTITRAIN multiminilm | shift=78 | fROI=Lang_LH_IFG | layer=4 | mean r=-0.036
ACROSS‑CIRC‑MULTITRAIN multiminilm | shift=78 | fROI=Lang_LH_IFG | layer=5 | mean r=-0.037
ACROSS‑CIRC‑MULTITRAIN multiminilm | shift=78 | fROI=Lang_LH_IFG | layer=6 | mean r=-0.042
ACROSS‑CIRC‑MULTITRAIN multiminilm | shift=78 | fROI=Lang_LH_IFG | layer=7 | mean r=-0.049
ACROSS‑CIRC‑MULTITRAIN multiminilm | shift=78 | fROI=Lang_LH_IFG | layer=8 | mean r=-0.058
ACROSS‑CIRC‑MULTITRAIN multiminilm | shift=78 | fROI=Lang_LH_IFG | layer=9 | mean r=-0.062
ACROSS‑CIRC‑MULTITRAIN multiminilm | shift=78 | fROI=Lang_LH_IFG | layer=10 | mean r=-0.050
ACROSS‑CIRC‑MULTITRAIN multiminilm | shift=78 | fROI=Lang_LH_IFG | layer=11 | mean r=-0.031
ACROSS‑CIRC‑MULTITRAIN multiminilm | shift=78 | fROI=Lang_LH_IFG | layer=12 | mean r=-0.030

  >>> Circular shift = 104
ACROSS‑CIRC‑MULTITRAIN multiminilm | shift=104 | fROI=Lang_LH_IFG | layer=0 | mean r=0.032
ACROSS‑CIRC‑MULTITRAIN multiminilm | shift=104 | fROI=Lang_LH_IFG | layer=1 | mean r=0.032
ACROSS‑CIRC‑MULTITRAIN multiminilm | shift=104 | fROI=Lang_LH_IFG | layer=2 | mean r=0.048
ACROSS‑CIRC‑MULTITRAIN multiminilm | shift=104 | fROI=Lang_LH_IFG | layer=3 | mean r=0.070
ACROSS‑CIRC‑MULTITRAIN multiminilm | shift=104 | fROI=Lang_LH_IFG | layer=4 | mean r=0.056
ACROSS‑CIRC‑MULTITRAIN multiminilm | shift=104 | fROI=Lang_LH_IFG | layer=5 | mean r=0.046
ACROSS‑CIRC‑MULTITRAIN multiminilm | shift=104 | fROI=Lang_LH_IFG | layer=6 | mean r=0.048
ACROSS‑CIRC‑MULTITRAIN multiminilm | shift=104 | fROI=Lang_LH_IFG | layer=7 | mean r=0.042
ACROSS‑CIRC‑MULTITRAIN multiminilm | shift=104 | fROI=Lang_LH_IFG | layer=8 | mean r=0.027
ACROSS‑CIRC‑MULTITRAIN multiminilm | shift=104 | fROI=Lang_LH_IFG | layer=9 | mean r=0.019
ACROSS‑CIRC‑MULTITRAIN multiminilm | shift=104 | fROI=Lang_LH_IFG | layer=10 | mean r=0.023
ACROSS‑CIRC‑MULTITRAIN multiminilm | shift=104 | fROI=Lang_LH_IFG | layer=11 | mean r=0.025
ACROSS‑CIRC‑MULTITRAIN multiminilm | shift=104 | fROI=Lang_LH_IFG | layer=12 | mean r=0.028


Processing Lang_LH_IFGorb (4/6)

  >>> Circular shift = 26
ACROSS‑CIRC‑MULTITRAIN multiminilm | shift=26 | fROI=Lang_LH_IFGorb | layer=0 | mean r=-0.103
ACROSS‑CIRC‑MULTITRAIN multiminilm | shift=26 | fROI=Lang_LH_IFGorb | layer=1 | mean r=-0.073
ACROSS‑CIRC‑MULTITRAIN multiminilm | shift=26 | fROI=Lang_LH_IFGorb | layer=2 | mean r=-0.084
ACROSS‑CIRC‑MULTITRAIN multiminilm | shift=26 | fROI=Lang_LH_IFGorb | layer=3 | mean r=-0.094
ACROSS‑CIRC‑MULTITRAIN multiminilm | shift=26 | fROI=Lang_LH_IFGorb | layer=4 | mean r=-0.081
ACROSS‑CIRC‑MULTITRAIN multiminilm | shift=26 | fROI=Lang_LH_IFGorb | layer=5 | mean r=-0.083
ACROSS‑CIRC‑MULTITRAIN multiminilm | shift=26 | fROI=Lang_LH_IFGorb | layer=6 | mean r=-0.081
ACROSS‑CIRC‑MULTITRAIN multiminilm | shift=26 | fROI=Lang_LH_IFGorb | layer=7 | mean r=-0.074
ACROSS‑CIRC‑MULTITRAIN multiminilm | shift=26 | fROI=Lang_LH_IFGorb | layer=8 | mean r=-0.073
ACROSS‑CIRC‑MULTITRAIN multiminilm | shift=26 | fROI=Lang_LH_IFGorb | layer=9 | mean r=-0.073
ACROSS‑CIRC‑MULTITRAIN multiminilm | shift=26 | fROI=Lang_LH_IFGorb | layer=10 | mean r=-0.065
ACROSS‑CIRC‑MULTITRAIN multiminilm | shift=26 | fROI=Lang_LH_IFGorb | layer=11 | mean r=-0.067
ACROSS‑CIRC‑MULTITRAIN multiminilm | shift=26 | fROI=Lang_LH_IFGorb | layer=12 | mean r=-0.069

  >>> Circular shift = 52
ACROSS‑CIRC‑MULTITRAIN multiminilm | shift=52 | fROI=Lang_LH_IFGorb | layer=0 | mean r=-0.034
ACROSS‑CIRC‑MULTITRAIN multiminilm | shift=52 | fROI=Lang_LH_IFGorb | layer=1 | mean r=-0.009
ACROSS‑CIRC‑MULTITRAIN multiminilm | shift=52 | fROI=Lang_LH_IFGorb | layer=2 | mean r=0.002
ACROSS‑CIRC‑MULTITRAIN multiminilm | shift=52 | fROI=Lang_LH_IFGorb | layer=3 | mean r=0.010
ACROSS‑CIRC‑MULTITRAIN multiminilm | shift=52 | fROI=Lang_LH_IFGorb | layer=4 | mean r=-0.010
ACROSS‑CIRC‑MULTITRAIN multiminilm | shift=52 | fROI=Lang_LH_IFGorb | layer=5 | mean r=-0.013
ACROSS‑CIRC‑MULTITRAIN multiminilm | shift=52 | fROI=Lang_LH_IFGorb | layer=6 | mean r=-0.046
ACROSS‑CIRC‑MULTITRAIN multiminilm | shift=52 | fROI=Lang_LH_IFGorb | layer=7 | mean r=-0.020
ACROSS‑CIRC‑MULTITRAIN multiminilm | shift=52 | fROI=Lang_LH_IFGorb | layer=8 | mean r=-0.040
ACROSS‑CIRC‑MULTITRAIN multiminilm | shift=52 | fROI=Lang_LH_IFGorb | layer=9 | mean r=-0.002
ACROSS‑CIRC‑MULTITRAIN multiminilm | shift=52 | fROI=Lang_LH_IFGorb | layer=10 | mean r=0.013
ACROSS‑CIRC‑MULTITRAIN multiminilm | shift=52 | fROI=Lang_LH_IFGorb | layer=11 | mean r=-0.024
ACROSS‑CIRC‑MULTITRAIN multiminilm | shift=52 | fROI=Lang_LH_IFGorb | layer=12 | mean r=-0.023

  >>> Circular shift = 78
ACROSS‑CIRC‑MULTITRAIN multiminilm | shift=78 | fROI=Lang_LH_IFGorb | layer=0 | mean r=-0.021
ACROSS‑CIRC‑MULTITRAIN multiminilm | shift=78 | fROI=Lang_LH_IFGorb | layer=1 | mean r=-0.007
ACROSS‑CIRC‑MULTITRAIN multiminilm | shift=78 | fROI=Lang_LH_IFGorb | layer=2 | mean r=-0.001
ACROSS‑CIRC‑MULTITRAIN multiminilm | shift=78 | fROI=Lang_LH_IFGorb | layer=3 | mean r=-0.018
ACROSS‑CIRC‑MULTITRAIN multiminilm | shift=78 | fROI=Lang_LH_IFGorb | layer=4 | mean r=-0.043
ACROSS‑CIRC‑MULTITRAIN multiminilm | shift=78 | fROI=Lang_LH_IFGorb | layer=5 | mean r=-0.049
ACROSS‑CIRC‑MULTITRAIN multiminilm | shift=78 | fROI=Lang_LH_IFGorb | layer=6 | mean r=-0.042
ACROSS‑CIRC‑MULTITRAIN multiminilm | shift=78 | fROI=Lang_LH_IFGorb | layer=7 | mean r=-0.043
ACROSS‑CIRC‑MULTITRAIN multiminilm | shift=78 | fROI=Lang_LH_IFGorb | layer=8 | mean r=-0.047
ACROSS‑CIRC‑MULTITRAIN multiminilm | shift=78 | fROI=Lang_LH_IFGorb | layer=9 | mean r=-0.054
ACROSS‑CIRC‑MULTITRAIN multiminilm | shift=78 | fROI=Lang_LH_IFGorb | layer=10 | mean r=-0.048
ACROSS‑CIRC‑MULTITRAIN multiminilm | shift=78 | fROI=Lang_LH_IFGorb | layer=11 | mean r=-0.047
ACROSS‑CIRC‑MULTITRAIN multiminilm | shift=78 | fROI=Lang_LH_IFGorb | layer=12 | mean r=-0.047

  >>> Circular shift = 104
ACROSS‑CIRC‑MULTITRAIN multiminilm | shift=104 | fROI=Lang_LH_IFGorb | layer=0 | mean r=0.004
ACROSS‑CIRC‑MULTITRAIN multiminilm | shift=104 | fROI=Lang_LH_IFGorb | layer=1 | mean r=0.010
ACROSS‑CIRC‑MULTITRAIN multiminilm | shift=104 | fROI=Lang_LH_IFGorb | layer=2 | mean r=0.012
ACROSS‑CIRC‑MULTITRAIN multiminilm | shift=104 | fROI=Lang_LH_IFGorb | layer=3 | mean r=0.026
ACROSS‑CIRC‑MULTITRAIN multiminilm | shift=104 | fROI=Lang_LH_IFGorb | layer=4 | mean r=0.016
ACROSS‑CIRC‑MULTITRAIN multiminilm | shift=104 | fROI=Lang_LH_IFGorb | layer=5 | mean r=0.012
ACROSS‑CIRC‑MULTITRAIN multiminilm | shift=104 | fROI=Lang_LH_IFGorb | layer=6 | mean r=0.005
ACROSS‑CIRC‑MULTITRAIN multiminilm | shift=104 | fROI=Lang_LH_IFGorb | layer=7 | mean r=-0.014
ACROSS‑CIRC‑MULTITRAIN multiminilm | shift=104 | fROI=Lang_LH_IFGorb | layer=8 | mean r=-0.019
ACROSS‑CIRC‑MULTITRAIN multiminilm | shift=104 | fROI=Lang_LH_IFGorb | layer=9 | mean r=-0.016
ACROSS‑CIRC‑MULTITRAIN multiminilm | shift=104 | fROI=Lang_LH_IFGorb | layer=10 | mean r=-0.028
ACROSS‑CIRC‑MULTITRAIN multiminilm | shift=104 | fROI=Lang_LH_IFGorb | layer=11 | mean r=-0.030
ACROSS‑CIRC‑MULTITRAIN multiminilm | shift=104 | fROI=Lang_LH_IFGorb | layer=12 | mean r=-0.029


Processing Lang_LH_MFG (5/6)

  >>> Circular shift = 26
ACROSS‑CIRC‑MULTITRAIN multiminilm | shift=26 | fROI=Lang_LH_MFG | layer=0 | mean r=-0.059
ACROSS‑CIRC‑MULTITRAIN multiminilm | shift=26 | fROI=Lang_LH_MFG | layer=1 | mean r=-0.061
ACROSS‑CIRC‑MULTITRAIN multiminilm | shift=26 | fROI=Lang_LH_MFG | layer=2 | mean r=-0.075
ACROSS‑CIRC‑MULTITRAIN multiminilm | shift=26 | fROI=Lang_LH_MFG | layer=3 | mean r=-0.060
ACROSS‑CIRC‑MULTITRAIN multiminilm | shift=26 | fROI=Lang_LH_MFG | layer=4 | mean r=-0.060
ACROSS‑CIRC‑MULTITRAIN multiminilm | shift=26 | fROI=Lang_LH_MFG | layer=5 | mean r=-0.086
ACROSS‑CIRC‑MULTITRAIN multiminilm | shift=26 | fROI=Lang_LH_MFG | layer=6 | mean r=-0.090
ACROSS‑CIRC‑MULTITRAIN multiminilm | shift=26 | fROI=Lang_LH_MFG | layer=7 | mean r=-0.082
ACROSS‑CIRC‑MULTITRAIN multiminilm | shift=26 | fROI=Lang_LH_MFG | layer=8 | mean r=-0.074
ACROSS‑CIRC‑MULTITRAIN multiminilm | shift=26 | fROI=Lang_LH_MFG | layer=9 | mean r=-0.063
ACROSS‑CIRC‑MULTITRAIN multiminilm | shift=26 | fROI=Lang_LH_MFG | layer=10 | mean r=-0.053
ACROSS‑CIRC‑MULTITRAIN multiminilm | shift=26 | fROI=Lang_LH_MFG | layer=11 | mean r=-0.058
ACROSS‑CIRC‑MULTITRAIN multiminilm | shift=26 | fROI=Lang_LH_MFG | layer=12 | mean r=-0.061

  >>> Circular shift = 52
ACROSS‑CIRC‑MULTITRAIN multiminilm | shift=52 | fROI=Lang_LH_MFG | layer=0 | mean r=-0.050
ACROSS‑CIRC‑MULTITRAIN multiminilm | shift=52 | fROI=Lang_LH_MFG | layer=1 | mean r=-0.020
ACROSS‑CIRC‑MULTITRAIN multiminilm | shift=52 | fROI=Lang_LH_MFG | layer=2 | mean r=-0.004
ACROSS‑CIRC‑MULTITRAIN multiminilm | shift=52 | fROI=Lang_LH_MFG | layer=3 | mean r=-0.027
ACROSS‑CIRC‑MULTITRAIN multiminilm | shift=52 | fROI=Lang_LH_MFG | layer=4 | mean r=-0.022
ACROSS‑CIRC‑MULTITRAIN multiminilm | shift=52 | fROI=Lang_LH_MFG | layer=5 | mean r=-0.011
ACROSS‑CIRC‑MULTITRAIN multiminilm | shift=52 | fROI=Lang_LH_MFG | layer=6 | mean r=-0.039
ACROSS‑CIRC‑MULTITRAIN multiminilm | shift=52 | fROI=Lang_LH_MFG | layer=7 | mean r=-0.028
ACROSS‑CIRC‑MULTITRAIN multiminilm | shift=52 | fROI=Lang_LH_MFG | layer=8 | mean r=-0.038
ACROSS‑CIRC‑MULTITRAIN multiminilm | shift=52 | fROI=Lang_LH_MFG | layer=9 | mean r=-0.023
ACROSS‑CIRC‑MULTITRAIN multiminilm | shift=52 | fROI=Lang_LH_MFG | layer=10 | mean r=-0.015
ACROSS‑CIRC‑MULTITRAIN multiminilm | shift=52 | fROI=Lang_LH_MFG | layer=11 | mean r=-0.033
ACROSS‑CIRC‑MULTITRAIN multiminilm | shift=52 | fROI=Lang_LH_MFG | layer=12 | mean r=-0.033

  >>> Circular shift = 78
ACROSS‑CIRC‑MULTITRAIN multiminilm | shift=78 | fROI=Lang_LH_MFG | layer=0 | mean r=-0.001
ACROSS‑CIRC‑MULTITRAIN multiminilm | shift=78 | fROI=Lang_LH_MFG | layer=1 | mean r=0.018
ACROSS‑CIRC‑MULTITRAIN multiminilm | shift=78 | fROI=Lang_LH_MFG | layer=2 | mean r=0.020
ACROSS‑CIRC‑MULTITRAIN multiminilm | shift=78 | fROI=Lang_LH_MFG | layer=3 | mean r=0.000
ACROSS‑CIRC‑MULTITRAIN multiminilm | shift=78 | fROI=Lang_LH_MFG | layer=4 | mean r=-0.017
ACROSS‑CIRC‑MULTITRAIN multiminilm | shift=78 | fROI=Lang_LH_MFG | layer=5 | mean r=-0.002
ACROSS‑CIRC‑MULTITRAIN multiminilm | shift=78 | fROI=Lang_LH_MFG | layer=6 | mean r=-0.009
ACROSS‑CIRC‑MULTITRAIN multiminilm | shift=78 | fROI=Lang_LH_MFG | layer=7 | mean r=-0.014
ACROSS‑CIRC‑MULTITRAIN multiminilm | shift=78 | fROI=Lang_LH_MFG | layer=8 | mean r=-0.033
ACROSS‑CIRC‑MULTITRAIN multiminilm | shift=78 | fROI=Lang_LH_MFG | layer=9 | mean r=-0.061
ACROSS‑CIRC‑MULTITRAIN multiminilm | shift=78 | fROI=Lang_LH_MFG | layer=10 | mean r=-0.035
ACROSS‑CIRC‑MULTITRAIN multiminilm | shift=78 | fROI=Lang_LH_MFG | layer=11 | mean r=-0.005
ACROSS‑CIRC‑MULTITRAIN multiminilm | shift=78 | fROI=Lang_LH_MFG | layer=12 | mean r=0.001

  >>> Circular shift = 104
ACROSS‑CIRC‑MULTITRAIN multiminilm | shift=104 | fROI=Lang_LH_MFG | layer=0 | mean r=0.020
ACROSS‑CIRC‑MULTITRAIN multiminilm | shift=104 | fROI=Lang_LH_MFG | layer=1 | mean r=0.019
ACROSS‑CIRC‑MULTITRAIN multiminilm | shift=104 | fROI=Lang_LH_MFG | layer=2 | mean r=0.020
ACROSS‑CIRC‑MULTITRAIN multiminilm | shift=104 | fROI=Lang_LH_MFG | layer=3 | mean r=0.047
ACROSS‑CIRC‑MULTITRAIN multiminilm | shift=104 | fROI=Lang_LH_MFG | layer=4 | mean r=0.044
ACROSS‑CIRC‑MULTITRAIN multiminilm | shift=104 | fROI=Lang_LH_MFG | layer=5 | mean r=0.044
ACROSS‑CIRC‑MULTITRAIN multiminilm | shift=104 | fROI=Lang_LH_MFG | layer=6 | mean r=0.045
ACROSS‑CIRC‑MULTITRAIN multiminilm | shift=104 | fROI=Lang_LH_MFG | layer=7 | mean r=0.043
ACROSS‑CIRC‑MULTITRAIN multiminilm | shift=104 | fROI=Lang_LH_MFG | layer=8 | mean r=0.049
ACROSS‑CIRC‑MULTITRAIN multiminilm | shift=104 | fROI=Lang_LH_MFG | layer=9 | mean r=0.025
ACROSS‑CIRC‑MULTITRAIN multiminilm | shift=104 | fROI=Lang_LH_MFG | layer=10 | mean r=-0.002
ACROSS‑CIRC‑MULTITRAIN multiminilm | shift=104 | fROI=Lang_LH_MFG | layer=11 | mean r=0.007
ACROSS‑CIRC‑MULTITRAIN multiminilm | shift=104 | fROI=Lang_LH_MFG | layer=12 | mean r=0.008


Processing Lang_LH_PostTemp (6/6)

  >>> Circular shift = 26
ACROSS‑CIRC‑MULTITRAIN multiminilm | shift=26 | fROI=Lang_LH_PostTemp | layer=0 | mean r=-0.022
ACROSS‑CIRC‑MULTITRAIN multiminilm | shift=26 | fROI=Lang_LH_PostTemp | layer=1 | mean r=-0.003
ACROSS‑CIRC‑MULTITRAIN multiminilm | shift=26 | fROI=Lang_LH_PostTemp | layer=2 | mean r=-0.002
ACROSS‑CIRC‑MULTITRAIN multiminilm | shift=26 | fROI=Lang_LH_PostTemp | layer=3 | mean r=-0.011
ACROSS‑CIRC‑MULTITRAIN multiminilm | shift=26 | fROI=Lang_LH_PostTemp | layer=4 | mean r=0.014
ACROSS‑CIRC‑MULTITRAIN multiminilm | shift=26 | fROI=Lang_LH_PostTemp | layer=5 | mean r=-0.006
ACROSS‑CIRC‑MULTITRAIN multiminilm | shift=26 | fROI=Lang_LH_PostTemp | layer=6 | mean r=-0.005
ACROSS‑CIRC‑MULTITRAIN multiminilm | shift=26 | fROI=Lang_LH_PostTemp | layer=7 | mean r=0.014
ACROSS‑CIRC‑MULTITRAIN multiminilm | shift=26 | fROI=Lang_LH_PostTemp | layer=8 | mean r=0.020
ACROSS‑CIRC‑MULTITRAIN multiminilm | shift=26 | fROI=Lang_LH_PostTemp | layer=9 | mean r=-0.023
ACROSS‑CIRC‑MULTITRAIN multiminilm | shift=26 | fROI=Lang_LH_PostTemp | layer=10 | mean r=0.021
ACROSS‑CIRC‑MULTITRAIN multiminilm | shift=26 | fROI=Lang_LH_PostTemp | layer=11 | mean r=0.031
ACROSS‑CIRC‑MULTITRAIN multiminilm | shift=26 | fROI=Lang_LH_PostTemp | layer=12 | mean r=0.029

  >>> Circular shift = 52
ACROSS‑CIRC‑MULTITRAIN multiminilm | shift=52 | fROI=Lang_LH_PostTemp | layer=0 | mean r=-0.072
ACROSS‑CIRC‑MULTITRAIN multiminilm | shift=52 | fROI=Lang_LH_PostTemp | layer=1 | mean r=-0.049
ACROSS‑CIRC‑MULTITRAIN multiminilm | shift=52 | fROI=Lang_LH_PostTemp | layer=2 | mean r=-0.045
ACROSS‑CIRC‑MULTITRAIN multiminilm | shift=52 | fROI=Lang_LH_PostTemp | layer=3 | mean r=-0.053
ACROSS‑CIRC‑MULTITRAIN multiminilm | shift=52 | fROI=Lang_LH_PostTemp | layer=4 | mean r=-0.073
ACROSS‑CIRC‑MULTITRAIN multiminilm | shift=52 | fROI=Lang_LH_PostTemp | layer=5 | mean r=-0.084
ACROSS‑CIRC‑MULTITRAIN multiminilm | shift=52 | fROI=Lang_LH_PostTemp | layer=6 | mean r=-0.135
ACROSS‑CIRC‑MULTITRAIN multiminilm | shift=52 | fROI=Lang_LH_PostTemp | layer=7 | mean r=-0.103
ACROSS‑CIRC‑MULTITRAIN multiminilm | shift=52 | fROI=Lang_LH_PostTemp | layer=8 | mean r=-0.101
ACROSS‑CIRC‑MULTITRAIN multiminilm | shift=52 | fROI=Lang_LH_PostTemp | layer=9 | mean r=-0.046
ACROSS‑CIRC‑MULTITRAIN multiminilm | shift=52 | fROI=Lang_LH_PostTemp | layer=10 | mean r=-0.063
ACROSS‑CIRC‑MULTITRAIN multiminilm | shift=52 | fROI=Lang_LH_PostTemp | layer=11 | mean r=-0.079
ACROSS‑CIRC‑MULTITRAIN multiminilm | shift=52 | fROI=Lang_LH_PostTemp | layer=12 | mean r=-0.084

  >>> Circular shift = 78
ACROSS‑CIRC‑MULTITRAIN multiminilm | shift=78 | fROI=Lang_LH_PostTemp | layer=0 | mean r=-0.036
ACROSS‑CIRC‑MULTITRAIN multiminilm | shift=78 | fROI=Lang_LH_PostTemp | layer=1 | mean r=-0.004
ACROSS‑CIRC‑MULTITRAIN multiminilm | shift=78 | fROI=Lang_LH_PostTemp | layer=2 | mean r=0.004
ACROSS‑CIRC‑MULTITRAIN multiminilm | shift=78 | fROI=Lang_LH_PostTemp | layer=3 | mean r=-0.012
ACROSS‑CIRC‑MULTITRAIN multiminilm | shift=78 | fROI=Lang_LH_PostTemp | layer=4 | mean r=-0.035
ACROSS‑CIRC‑MULTITRAIN multiminilm | shift=78 | fROI=Lang_LH_PostTemp | layer=5 | mean r=-0.063
ACROSS‑CIRC‑MULTITRAIN multiminilm | shift=78 | fROI=Lang_LH_PostTemp | layer=6 | mean r=-0.015
ACROSS‑CIRC‑MULTITRAIN multiminilm | shift=78 | fROI=Lang_LH_PostTemp | layer=7 | mean r=-0.038
ACROSS‑CIRC‑MULTITRAIN multiminilm | shift=78 | fROI=Lang_LH_PostTemp | layer=8 | mean r=-0.042
ACROSS‑CIRC‑MULTITRAIN multiminilm | shift=78 | fROI=Lang_LH_PostTemp | layer=9 | mean r=-0.057
ACROSS‑CIRC‑MULTITRAIN multiminilm | shift=78 | fROI=Lang_LH_PostTemp | layer=10 | mean r=-0.038
ACROSS‑CIRC‑MULTITRAIN multiminilm | shift=78 | fROI=Lang_LH_PostTemp | layer=11 | mean r=-0.034
ACROSS‑CIRC‑MULTITRAIN multiminilm | shift=78 | fROI=Lang_LH_PostTemp | layer=12 | mean r=-0.032

  >>> Circular shift = 104
ACROSS‑CIRC‑MULTITRAIN multiminilm | shift=104 | fROI=Lang_LH_PostTemp | layer=0 | mean r=0.031
ACROSS‑CIRC‑MULTITRAIN multiminilm | shift=104 | fROI=Lang_LH_PostTemp | layer=1 | mean r=0.025
ACROSS‑CIRC‑MULTITRAIN multiminilm | shift=104 | fROI=Lang_LH_PostTemp | layer=2 | mean r=0.043
ACROSS‑CIRC‑MULTITRAIN multiminilm | shift=104 | fROI=Lang_LH_PostTemp | layer=3 | mean r=0.069
ACROSS‑CIRC‑MULTITRAIN multiminilm | shift=104 | fROI=Lang_LH_PostTemp | layer=4 | mean r=0.055
ACROSS‑CIRC‑MULTITRAIN multiminilm | shift=104 | fROI=Lang_LH_PostTemp | layer=5 | mean r=0.068
ACROSS‑CIRC‑MULTITRAIN multiminilm | shift=104 | fROI=Lang_LH_PostTemp | layer=6 | mean r=0.078
ACROSS‑CIRC‑MULTITRAIN multiminilm | shift=104 | fROI=Lang_LH_PostTemp | layer=7 | mean r=0.084
ACROSS‑CIRC‑MULTITRAIN multiminilm | shift=104 | fROI=Lang_LH_PostTemp | layer=8 | mean r=0.029
ACROSS‑CIRC‑MULTITRAIN multiminilm | shift=104 | fROI=Lang_LH_PostTemp | layer=9 | mean r=0.030
ACROSS‑CIRC‑MULTITRAIN multiminilm | shift=104 | fROI=Lang_LH_PostTemp | layer=10 | mean r=0.013
ACROSS‑CIRC‑MULTITRAIN multiminilm | shift=104 | fROI=Lang_LH_PostTemp | layer=11 | mean r=0.007
ACROSS‑CIRC‑MULTITRAIN multiminilm | shift=104 | fROI=Lang_LH_PostTemp | layer=12 | mean r=0.015


Processing all (1/6)

  >>> Circular shift = 26
ACROSS‑CIRC‑MULTITRAIN nllb200_distilled_600M | shift=26 | fROI=all | layer=0 | mean r=-0.051
ACROSS‑CIRC‑MULTITRAIN nllb200_distilled_600M | shift=26 | fROI=all | layer=1 | mean r=-0.053
ACROSS‑CIRC‑MULTITRAIN nllb200_distilled_600M | shift=26 | fROI=all | layer=2 | mean r=0.001
ACROSS‑CIRC‑MULTITRAIN nllb200_distilled_600M | shift=26 | fROI=all | layer=3 | mean r=-0.005
ACROSS‑CIRC‑MULTITRAIN nllb200_distilled_600M | shift=26 | fROI=all | layer=4 | mean r=-0.012
ACROSS‑CIRC‑MULTITRAIN nllb200_distilled_600M | shift=26 | fROI=all | layer=5 | mean r=-0.013
ACROSS‑CIRC‑MULTITRAIN nllb200_distilled_600M | shift=26 | fROI=all | layer=6 | mean r=-0.002
ACROSS‑CIRC‑MULTITRAIN nllb200_distilled_600M | shift=26 | fROI=all | layer=7 | mean r=0.007
ACROSS‑CIRC‑MULTITRAIN nllb200_distilled_600M | shift=26 | fROI=all | layer=8 | mean r=-0.008
ACROSS‑CIRC‑MULTITRAIN nllb200_distilled_600M | shift=26 | fROI=all | layer=9 | mean r=-0.007
ACROSS‑CIRC‑MULTITRAIN nllb200_distilled_600M | shift=26 | fROI=all | layer=10 | mean r=-0.025
ACROSS‑CIRC‑MULTITRAIN nllb200_distilled_600M | shift=26 | fROI=all | layer=11 | mean r=-0.025
ACROSS‑CIRC‑MULTITRAIN nllb200_distilled_600M | shift=26 | fROI=all | layer=12 | mean r=0.005

  >>> Circular shift = 52
ACROSS‑CIRC‑MULTITRAIN nllb200_distilled_600M | shift=52 | fROI=all | layer=0 | mean r=-0.011
ACROSS‑CIRC‑MULTITRAIN nllb200_distilled_600M | shift=52 | fROI=all | layer=1 | mean r=-0.037
ACROSS‑CIRC‑MULTITRAIN nllb200_distilled_600M | shift=52 | fROI=all | layer=2 | mean r=-0.008
ACROSS‑CIRC‑MULTITRAIN nllb200_distilled_600M | shift=52 | fROI=all | layer=3 | mean r=0.001
ACROSS‑CIRC‑MULTITRAIN nllb200_distilled_600M | shift=52 | fROI=all | layer=4 | mean r=-0.002
ACROSS‑CIRC‑MULTITRAIN nllb200_distilled_600M | shift=52 | fROI=all | layer=5 | mean r=-0.037
ACROSS‑CIRC‑MULTITRAIN nllb200_distilled_600M | shift=52 | fROI=all | layer=6 | mean r=-0.050
ACROSS‑CIRC‑MULTITRAIN nllb200_distilled_600M | shift=52 | fROI=all | layer=7 | mean r=-0.036
ACROSS‑CIRC‑MULTITRAIN nllb200_distilled_600M | shift=52 | fROI=all | layer=8 | mean r=-0.036
ACROSS‑CIRC‑MULTITRAIN nllb200_distilled_600M | shift=52 | fROI=all | layer=9 | mean r=-0.061
ACROSS‑CIRC‑MULTITRAIN nllb200_distilled_600M | shift=52 | fROI=all | layer=10 | mean r=-0.063
ACROSS‑CIRC‑MULTITRAIN nllb200_distilled_600M | shift=52 | fROI=all | layer=11 | mean r=-0.064
ACROSS‑CIRC‑MULTITRAIN nllb200_distilled_600M | shift=52 | fROI=all | layer=12 | mean r=-0.044

  >>> Circular shift = 78
ACROSS‑CIRC‑MULTITRAIN nllb200_distilled_600M | shift=78 | fROI=all | layer=0 | mean r=-0.015
ACROSS‑CIRC‑MULTITRAIN nllb200_distilled_600M | shift=78 | fROI=all | layer=1 | mean r=-0.002
ACROSS‑CIRC‑MULTITRAIN nllb200_distilled_600M | shift=78 | fROI=all | layer=2 | mean r=0.018
ACROSS‑CIRC‑MULTITRAIN nllb200_distilled_600M | shift=78 | fROI=all | layer=3 | mean r=-0.014
ACROSS‑CIRC‑MULTITRAIN nllb200_distilled_600M | shift=78 | fROI=all | layer=4 | mean r=-0.004
ACROSS‑CIRC‑MULTITRAIN nllb200_distilled_600M | shift=78 | fROI=all | layer=5 | mean r=-0.043
ACROSS‑CIRC‑MULTITRAIN nllb200_distilled_600M | shift=78 | fROI=all | layer=6 | mean r=-0.032
ACROSS‑CIRC‑MULTITRAIN nllb200_distilled_600M | shift=78 | fROI=all | layer=7 | mean r=-0.044
ACROSS‑CIRC‑MULTITRAIN nllb200_distilled_600M | shift=78 | fROI=all | layer=8 | mean r=-0.052
ACROSS‑CIRC‑MULTITRAIN nllb200_distilled_600M | shift=78 | fROI=all | layer=9 | mean r=-0.041
ACROSS‑CIRC‑MULTITRAIN nllb200_distilled_600M | shift=78 | fROI=all | layer=10 | mean r=-0.035
ACROSS‑CIRC‑MULTITRAIN nllb200_distilled_600M | shift=78 | fROI=all | layer=11 | mean r=-0.031
ACROSS‑CIRC‑MULTITRAIN nllb200_distilled_600M | shift=78 | fROI=all | layer=12 | mean r=-0.040

  >>> Circular shift = 104
ACROSS‑CIRC‑MULTITRAIN nllb200_distilled_600M | shift=104 | fROI=all | layer=0 | mean r=-0.036
ACROSS‑CIRC‑MULTITRAIN nllb200_distilled_600M | shift=104 | fROI=all | layer=1 | mean r=-0.019
ACROSS‑CIRC‑MULTITRAIN nllb200_distilled_600M | shift=104 | fROI=all | layer=2 | mean r=-0.041
ACROSS‑CIRC‑MULTITRAIN nllb200_distilled_600M | shift=104 | fROI=all | layer=3 | mean r=-0.058
ACROSS‑CIRC‑MULTITRAIN nllb200_distilled_600M | shift=104 | fROI=all | layer=4 | mean r=-0.026
ACROSS‑CIRC‑MULTITRAIN nllb200_distilled_600M | shift=104 | fROI=all | layer=5 | mean r=-0.031
ACROSS‑CIRC‑MULTITRAIN nllb200_distilled_600M | shift=104 | fROI=all | layer=6 | mean r=-0.036
ACROSS‑CIRC‑MULTITRAIN nllb200_distilled_600M | shift=104 | fROI=all | layer=7 | mean r=-0.030
ACROSS‑CIRC‑MULTITRAIN nllb200_distilled_600M | shift=104 | fROI=all | layer=8 | mean r=-0.004
ACROSS‑CIRC‑MULTITRAIN nllb200_distilled_600M | shift=104 | fROI=all | layer=9 | mean r=0.013
ACROSS‑CIRC‑MULTITRAIN nllb200_distilled_600M | shift=104 | fROI=all | layer=10 | mean r=0.019
ACROSS‑CIRC‑MULTITRAIN nllb200_distilled_600M | shift=104 | fROI=all | layer=11 | mean r=0.012
ACROSS‑CIRC‑MULTITRAIN nllb200_distilled_600M | shift=104 | fROI=all | layer=12 | mean r=0.003


Processing Lang_LH_AntTemp (2/6)

  >>> Circular shift = 26
ACROSS‑CIRC‑MULTITRAIN nllb200_distilled_600M | shift=26 | fROI=Lang_LH_AntTemp | layer=0 | mean r=0.011
ACROSS‑CIRC‑MULTITRAIN nllb200_distilled_600M | shift=26 | fROI=Lang_LH_AntTemp | layer=1 | mean r=0.019
ACROSS‑CIRC‑MULTITRAIN nllb200_distilled_600M | shift=26 | fROI=Lang_LH_AntTemp | layer=2 | mean r=0.054
ACROSS‑CIRC‑MULTITRAIN nllb200_distilled_600M | shift=26 | fROI=Lang_LH_AntTemp | layer=3 | mean r=0.044
ACROSS‑CIRC‑MULTITRAIN nllb200_distilled_600M | shift=26 | fROI=Lang_LH_AntTemp | layer=4 | mean r=0.033
ACROSS‑CIRC‑MULTITRAIN nllb200_distilled_600M | shift=26 | fROI=Lang_LH_AntTemp | layer=5 | mean r=0.024
ACROSS‑CIRC‑MULTITRAIN nllb200_distilled_600M | shift=26 | fROI=Lang_LH_AntTemp | layer=6 | mean r=0.034
ACROSS‑CIRC‑MULTITRAIN nllb200_distilled_600M | shift=26 | fROI=Lang_LH_AntTemp | layer=7 | mean r=0.021
ACROSS‑CIRC‑MULTITRAIN nllb200_distilled_600M | shift=26 | fROI=Lang_LH_AntTemp | layer=8 | mean r=0.036
ACROSS‑CIRC‑MULTITRAIN nllb200_distilled_600M | shift=26 | fROI=Lang_LH_AntTemp | layer=9 | mean r=0.050
ACROSS‑CIRC‑MULTITRAIN nllb200_distilled_600M | shift=26 | fROI=Lang_LH_AntTemp | layer=10 | mean r=0.015
ACROSS‑CIRC‑MULTITRAIN nllb200_distilled_600M | shift=26 | fROI=Lang_LH_AntTemp | layer=11 | mean r=0.036
ACROSS‑CIRC‑MULTITRAIN nllb200_distilled_600M | shift=26 | fROI=Lang_LH_AntTemp | layer=12 | mean r=0.044

  >>> Circular shift = 52
ACROSS‑CIRC‑MULTITRAIN nllb200_distilled_600M | shift=52 | fROI=Lang_LH_AntTemp | layer=0 | mean r=0.028
ACROSS‑CIRC‑MULTITRAIN nllb200_distilled_600M | shift=52 | fROI=Lang_LH_AntTemp | layer=1 | mean r=-0.038
ACROSS‑CIRC‑MULTITRAIN nllb200_distilled_600M | shift=52 | fROI=Lang_LH_AntTemp | layer=2 | mean r=0.024
ACROSS‑CIRC‑MULTITRAIN nllb200_distilled_600M | shift=52 | fROI=Lang_LH_AntTemp | layer=3 | mean r=0.002
ACROSS‑CIRC‑MULTITRAIN nllb200_distilled_600M | shift=52 | fROI=Lang_LH_AntTemp | layer=4 | mean r=-0.007
ACROSS‑CIRC‑MULTITRAIN nllb200_distilled_600M | shift=52 | fROI=Lang_LH_AntTemp | layer=5 | mean r=-0.027
ACROSS‑CIRC‑MULTITRAIN nllb200_distilled_600M | shift=52 | fROI=Lang_LH_AntTemp | layer=6 | mean r=-0.027
ACROSS‑CIRC‑MULTITRAIN nllb200_distilled_600M | shift=52 | fROI=Lang_LH_AntTemp | layer=7 | mean r=-0.014
ACROSS‑CIRC‑MULTITRAIN nllb200_distilled_600M | shift=52 | fROI=Lang_LH_AntTemp | layer=8 | mean r=-0.011
ACROSS‑CIRC‑MULTITRAIN nllb200_distilled_600M | shift=52 | fROI=Lang_LH_AntTemp | layer=9 | mean r=-0.016
ACROSS‑CIRC‑MULTITRAIN nllb200_distilled_600M | shift=52 | fROI=Lang_LH_AntTemp | layer=10 | mean r=-0.007
ACROSS‑CIRC‑MULTITRAIN nllb200_distilled_600M | shift=52 | fROI=Lang_LH_AntTemp | layer=11 | mean r=-0.014
ACROSS‑CIRC‑MULTITRAIN nllb200_distilled_600M | shift=52 | fROI=Lang_LH_AntTemp | layer=12 | mean r=0.012

  >>> Circular shift = 78
ACROSS‑CIRC‑MULTITRAIN nllb200_distilled_600M | shift=78 | fROI=Lang_LH_AntTemp | layer=0 | mean r=-0.024
ACROSS‑CIRC‑MULTITRAIN nllb200_distilled_600M | shift=78 | fROI=Lang_LH_AntTemp | layer=1 | mean r=-0.024
ACROSS‑CIRC‑MULTITRAIN nllb200_distilled_600M | shift=78 | fROI=Lang_LH_AntTemp | layer=2 | mean r=-0.006
ACROSS‑CIRC‑MULTITRAIN nllb200_distilled_600M | shift=78 | fROI=Lang_LH_AntTemp | layer=3 | mean r=-0.041
ACROSS‑CIRC‑MULTITRAIN nllb200_distilled_600M | shift=78 | fROI=Lang_LH_AntTemp | layer=4 | mean r=-0.047
ACROSS‑CIRC‑MULTITRAIN nllb200_distilled_600M | shift=78 | fROI=Lang_LH_AntTemp | layer=5 | mean r=-0.050
ACROSS‑CIRC‑MULTITRAIN nllb200_distilled_600M | shift=78 | fROI=Lang_LH_AntTemp | layer=6 | mean r=-0.028
ACROSS‑CIRC‑MULTITRAIN nllb200_distilled_600M | shift=78 | fROI=Lang_LH_AntTemp | layer=7 | mean r=-0.033
ACROSS‑CIRC‑MULTITRAIN nllb200_distilled_600M | shift=78 | fROI=Lang_LH_AntTemp | layer=8 | mean r=-0.044
ACROSS‑CIRC‑MULTITRAIN nllb200_distilled_600M | shift=78 | fROI=Lang_LH_AntTemp | layer=9 | mean r=-0.067
ACROSS‑CIRC‑MULTITRAIN nllb200_distilled_600M | shift=78 | fROI=Lang_LH_AntTemp | layer=10 | mean r=-0.062
ACROSS‑CIRC‑MULTITRAIN nllb200_distilled_600M | shift=78 | fROI=Lang_LH_AntTemp | layer=11 | mean r=-0.073
ACROSS‑CIRC‑MULTITRAIN nllb200_distilled_600M | shift=78 | fROI=Lang_LH_AntTemp | layer=12 | mean r=-0.046

  >>> Circular shift = 104
ACROSS‑CIRC‑MULTITRAIN nllb200_distilled_600M | shift=104 | fROI=Lang_LH_AntTemp | layer=0 | mean r=-0.012
ACROSS‑CIRC‑MULTITRAIN nllb200_distilled_600M | shift=104 | fROI=Lang_LH_AntTemp | layer=1 | mean r=0.001
ACROSS‑CIRC‑MULTITRAIN nllb200_distilled_600M | shift=104 | fROI=Lang_LH_AntTemp | layer=2 | mean r=-0.072
ACROSS‑CIRC‑MULTITRAIN nllb200_distilled_600M | shift=104 | fROI=Lang_LH_AntTemp | layer=3 | mean r=-0.050
ACROSS‑CIRC‑MULTITRAIN nllb200_distilled_600M | shift=104 | fROI=Lang_LH_AntTemp | layer=4 | mean r=-0.039
ACROSS‑CIRC‑MULTITRAIN nllb200_distilled_600M | shift=104 | fROI=Lang_LH_AntTemp | layer=5 | mean r=-0.053
ACROSS‑CIRC‑MULTITRAIN nllb200_distilled_600M | shift=104 | fROI=Lang_LH_AntTemp | layer=6 | mean r=-0.048
ACROSS‑CIRC‑MULTITRAIN nllb200_distilled_600M | shift=104 | fROI=Lang_LH_AntTemp | layer=7 | mean r=-0.045
ACROSS‑CIRC‑MULTITRAIN nllb200_distilled_600M | shift=104 | fROI=Lang_LH_AntTemp | layer=8 | mean r=-0.053
ACROSS‑CIRC‑MULTITRAIN nllb200_distilled_600M | shift=104 | fROI=Lang_LH_AntTemp | layer=9 | mean r=-0.026
ACROSS‑CIRC‑MULTITRAIN nllb200_distilled_600M | shift=104 | fROI=Lang_LH_AntTemp | layer=10 | mean r=-0.004
ACROSS‑CIRC‑MULTITRAIN nllb200_distilled_600M | shift=104 | fROI=Lang_LH_AntTemp | layer=11 | mean r=-0.018
ACROSS‑CIRC‑MULTITRAIN nllb200_distilled_600M | shift=104 | fROI=Lang_LH_AntTemp | layer=12 | mean r=-0.031


Processing Lang_LH_IFG (3/6)

  >>> Circular shift = 26
ACROSS‑CIRC‑MULTITRAIN nllb200_distilled_600M | shift=26 | fROI=Lang_LH_IFG | layer=0 | mean r=-0.038
ACROSS‑CIRC‑MULTITRAIN nllb200_distilled_600M | shift=26 | fROI=Lang_LH_IFG | layer=1 | mean r=-0.071
ACROSS‑CIRC‑MULTITRAIN nllb200_distilled_600M | shift=26 | fROI=Lang_LH_IFG | layer=2 | mean r=-0.051
ACROSS‑CIRC‑MULTITRAIN nllb200_distilled_600M | shift=26 | fROI=Lang_LH_IFG | layer=3 | mean r=-0.056
ACROSS‑CIRC‑MULTITRAIN nllb200_distilled_600M | shift=26 | fROI=Lang_LH_IFG | layer=4 | mean r=-0.064
ACROSS‑CIRC‑MULTITRAIN nllb200_distilled_600M | shift=26 | fROI=Lang_LH_IFG | layer=5 | mean r=-0.063
ACROSS‑CIRC‑MULTITRAIN nllb200_distilled_600M | shift=26 | fROI=Lang_LH_IFG | layer=6 | mean r=-0.038
ACROSS‑CIRC‑MULTITRAIN nllb200_distilled_600M | shift=26 | fROI=Lang_LH_IFG | layer=7 | mean r=-0.016
ACROSS‑CIRC‑MULTITRAIN nllb200_distilled_600M | shift=26 | fROI=Lang_LH_IFG | layer=8 | mean r=-0.015
ACROSS‑CIRC‑MULTITRAIN nllb200_distilled_600M | shift=26 | fROI=Lang_LH_IFG | layer=9 | mean r=-0.013
ACROSS‑CIRC‑MULTITRAIN nllb200_distilled_600M | shift=26 | fROI=Lang_LH_IFG | layer=10 | mean r=-0.031
ACROSS‑CIRC‑MULTITRAIN nllb200_distilled_600M | shift=26 | fROI=Lang_LH_IFG | layer=11 | mean r=-0.022
ACROSS‑CIRC‑MULTITRAIN nllb200_distilled_600M | shift=26 | fROI=Lang_LH_IFG | layer=12 | mean r=-0.012

  >>> Circular shift = 52
ACROSS‑CIRC‑MULTITRAIN nllb200_distilled_600M | shift=52 | fROI=Lang_LH_IFG | layer=0 | mean r=-0.035
ACROSS‑CIRC‑MULTITRAIN nllb200_distilled_600M | shift=52 | fROI=Lang_LH_IFG | layer=1 | mean r=-0.046
ACROSS‑CIRC‑MULTITRAIN nllb200_distilled_600M | shift=52 | fROI=Lang_LH_IFG | layer=2 | mean r=-0.044
ACROSS‑CIRC‑MULTITRAIN nllb200_distilled_600M | shift=52 | fROI=Lang_LH_IFG | layer=3 | mean r=-0.051
ACROSS‑CIRC‑MULTITRAIN nllb200_distilled_600M | shift=52 | fROI=Lang_LH_IFG | layer=4 | mean r=-0.058
ACROSS‑CIRC‑MULTITRAIN nllb200_distilled_600M | shift=52 | fROI=Lang_LH_IFG | layer=5 | mean r=-0.060
ACROSS‑CIRC‑MULTITRAIN nllb200_distilled_600M | shift=52 | fROI=Lang_LH_IFG | layer=6 | mean r=-0.061
ACROSS‑CIRC‑MULTITRAIN nllb200_distilled_600M | shift=52 | fROI=Lang_LH_IFG | layer=7 | mean r=-0.080
ACROSS‑CIRC‑MULTITRAIN nllb200_distilled_600M | shift=52 | fROI=Lang_LH_IFG | layer=8 | mean r=-0.070
ACROSS‑CIRC‑MULTITRAIN nllb200_distilled_600M | shift=52 | fROI=Lang_LH_IFG | layer=9 | mean r=-0.074
ACROSS‑CIRC‑MULTITRAIN nllb200_distilled_600M | shift=52 | fROI=Lang_LH_IFG | layer=10 | mean r=-0.065
ACROSS‑CIRC‑MULTITRAIN nllb200_distilled_600M | shift=52 | fROI=Lang_LH_IFG | layer=11 | mean r=-0.070
ACROSS‑CIRC‑MULTITRAIN nllb200_distilled_600M | shift=52 | fROI=Lang_LH_IFG | layer=12 | mean r=-0.048

  >>> Circular shift = 78
ACROSS‑CIRC‑MULTITRAIN nllb200_distilled_600M | shift=78 | fROI=Lang_LH_IFG | layer=0 | mean r=-0.037
ACROSS‑CIRC‑MULTITRAIN nllb200_distilled_600M | shift=78 | fROI=Lang_LH_IFG | layer=1 | mean r=-0.012
ACROSS‑CIRC‑MULTITRAIN nllb200_distilled_600M | shift=78 | fROI=Lang_LH_IFG | layer=2 | mean r=0.022
ACROSS‑CIRC‑MULTITRAIN nllb200_distilled_600M | shift=78 | fROI=Lang_LH_IFG | layer=3 | mean r=-0.006
ACROSS‑CIRC‑MULTITRAIN nllb200_distilled_600M | shift=78 | fROI=Lang_LH_IFG | layer=4 | mean r=0.004
ACROSS‑CIRC‑MULTITRAIN nllb200_distilled_600M | shift=78 | fROI=Lang_LH_IFG | layer=5 | mean r=-0.021
ACROSS‑CIRC‑MULTITRAIN nllb200_distilled_600M | shift=78 | fROI=Lang_LH_IFG | layer=6 | mean r=-0.025
ACROSS‑CIRC‑MULTITRAIN nllb200_distilled_600M | shift=78 | fROI=Lang_LH_IFG | layer=7 | mean r=-0.043
ACROSS‑CIRC‑MULTITRAIN nllb200_distilled_600M | shift=78 | fROI=Lang_LH_IFG | layer=8 | mean r=-0.037
ACROSS‑CIRC‑MULTITRAIN nllb200_distilled_600M | shift=78 | fROI=Lang_LH_IFG | layer=9 | mean r=-0.030
ACROSS‑CIRC‑MULTITRAIN nllb200_distilled_600M | shift=78 | fROI=Lang_LH_IFG | layer=10 | mean r=-0.023
ACROSS‑CIRC‑MULTITRAIN nllb200_distilled_600M | shift=78 | fROI=Lang_LH_IFG | layer=11 | mean r=-0.029
ACROSS‑CIRC‑MULTITRAIN nllb200_distilled_600M | shift=78 | fROI=Lang_LH_IFG | layer=12 | mean r=-0.038

  >>> Circular shift = 104
ACROSS‑CIRC‑MULTITRAIN nllb200_distilled_600M | shift=104 | fROI=Lang_LH_IFG | layer=0 | mean r=0.009
ACROSS‑CIRC‑MULTITRAIN nllb200_distilled_600M | shift=104 | fROI=Lang_LH_IFG | layer=1 | mean r=0.016
ACROSS‑CIRC‑MULTITRAIN nllb200_distilled_600M | shift=104 | fROI=Lang_LH_IFG | layer=2 | mean r=0.017
ACROSS‑CIRC‑MULTITRAIN nllb200_distilled_600M | shift=104 | fROI=Lang_LH_IFG | layer=3 | mean r=0.003
ACROSS‑CIRC‑MULTITRAIN nllb200_distilled_600M | shift=104 | fROI=Lang_LH_IFG | layer=4 | mean r=0.021
ACROSS‑CIRC‑MULTITRAIN nllb200_distilled_600M | shift=104 | fROI=Lang_LH_IFG | layer=5 | mean r=0.016
ACROSS‑CIRC‑MULTITRAIN nllb200_distilled_600M | shift=104 | fROI=Lang_LH_IFG | layer=6 | mean r=0.028
ACROSS‑CIRC‑MULTITRAIN nllb200_distilled_600M | shift=104 | fROI=Lang_LH_IFG | layer=7 | mean r=0.024
ACROSS‑CIRC‑MULTITRAIN nllb200_distilled_600M | shift=104 | fROI=Lang_LH_IFG | layer=8 | mean r=0.035
ACROSS‑CIRC‑MULTITRAIN nllb200_distilled_600M | shift=104 | fROI=Lang_LH_IFG | layer=9 | mean r=0.032
ACROSS‑CIRC‑MULTITRAIN nllb200_distilled_600M | shift=104 | fROI=Lang_LH_IFG | layer=10 | mean r=0.044
ACROSS‑CIRC‑MULTITRAIN nllb200_distilled_600M | shift=104 | fROI=Lang_LH_IFG | layer=11 | mean r=0.048
ACROSS‑CIRC‑MULTITRAIN nllb200_distilled_600M | shift=104 | fROI=Lang_LH_IFG | layer=12 | mean r=0.039


Processing Lang_LH_IFGorb (4/6)

  >>> Circular shift = 26
ACROSS‑CIRC‑MULTITRAIN nllb200_distilled_600M | shift=26 | fROI=Lang_LH_IFGorb | layer=0 | mean r=-0.037
ACROSS‑CIRC‑MULTITRAIN nllb200_distilled_600M | shift=26 | fROI=Lang_LH_IFGorb | layer=1 | mean r=-0.037
ACROSS‑CIRC‑MULTITRAIN nllb200_distilled_600M | shift=26 | fROI=Lang_LH_IFGorb | layer=2 | mean r=-0.028
ACROSS‑CIRC‑MULTITRAIN nllb200_distilled_600M | shift=26 | fROI=Lang_LH_IFGorb | layer=3 | mean r=-0.029
ACROSS‑CIRC‑MULTITRAIN nllb200_distilled_600M | shift=26 | fROI=Lang_LH_IFGorb | layer=4 | mean r=-0.030
ACROSS‑CIRC‑MULTITRAIN nllb200_distilled_600M | shift=26 | fROI=Lang_LH_IFGorb | layer=5 | mean r=-0.026
ACROSS‑CIRC‑MULTITRAIN nllb200_distilled_600M | shift=26 | fROI=Lang_LH_IFGorb | layer=6 | mean r=-0.031
ACROSS‑CIRC‑MULTITRAIN nllb200_distilled_600M | shift=26 | fROI=Lang_LH_IFGorb | layer=7 | mean r=-0.023
ACROSS‑CIRC‑MULTITRAIN nllb200_distilled_600M | shift=26 | fROI=Lang_LH_IFGorb | layer=8 | mean r=-0.002
ACROSS‑CIRC‑MULTITRAIN nllb200_distilled_600M | shift=26 | fROI=Lang_LH_IFGorb | layer=9 | mean r=-0.000
ACROSS‑CIRC‑MULTITRAIN nllb200_distilled_600M | shift=26 | fROI=Lang_LH_IFGorb | layer=10 | mean r=-0.018
ACROSS‑CIRC‑MULTITRAIN nllb200_distilled_600M | shift=26 | fROI=Lang_LH_IFGorb | layer=11 | mean r=-0.025
ACROSS‑CIRC‑MULTITRAIN nllb200_distilled_600M | shift=26 | fROI=Lang_LH_IFGorb | layer=12 | mean r=-0.016

  >>> Circular shift = 52
ACROSS‑CIRC‑MULTITRAIN nllb200_distilled_600M | shift=52 | fROI=Lang_LH_IFGorb | layer=0 | mean r=0.004
ACROSS‑CIRC‑MULTITRAIN nllb200_distilled_600M | shift=52 | fROI=Lang_LH_IFGorb | layer=1 | mean r=-0.022
ACROSS‑CIRC‑MULTITRAIN nllb200_distilled_600M | shift=52 | fROI=Lang_LH_IFGorb | layer=2 | mean r=-0.018
ACROSS‑CIRC‑MULTITRAIN nllb200_distilled_600M | shift=52 | fROI=Lang_LH_IFGorb | layer=3 | mean r=-0.036
ACROSS‑CIRC‑MULTITRAIN nllb200_distilled_600M | shift=52 | fROI=Lang_LH_IFGorb | layer=4 | mean r=-0.051
ACROSS‑CIRC‑MULTITRAIN nllb200_distilled_600M | shift=52 | fROI=Lang_LH_IFGorb | layer=5 | mean r=-0.056
ACROSS‑CIRC‑MULTITRAIN nllb200_distilled_600M | shift=52 | fROI=Lang_LH_IFGorb | layer=6 | mean r=-0.034
ACROSS‑CIRC‑MULTITRAIN nllb200_distilled_600M | shift=52 | fROI=Lang_LH_IFGorb | layer=7 | mean r=-0.042
ACROSS‑CIRC‑MULTITRAIN nllb200_distilled_600M | shift=52 | fROI=Lang_LH_IFGorb | layer=8 | mean r=-0.046
ACROSS‑CIRC‑MULTITRAIN nllb200_distilled_600M | shift=52 | fROI=Lang_LH_IFGorb | layer=9 | mean r=-0.053
ACROSS‑CIRC‑MULTITRAIN nllb200_distilled_600M | shift=52 | fROI=Lang_LH_IFGorb | layer=10 | mean r=-0.036
ACROSS‑CIRC‑MULTITRAIN nllb200_distilled_600M | shift=52 | fROI=Lang_LH_IFGorb | layer=11 | mean r=-0.035
ACROSS‑CIRC‑MULTITRAIN nllb200_distilled_600M | shift=52 | fROI=Lang_LH_IFGorb | layer=12 | mean r=-0.023

  >>> Circular shift = 78
ACROSS‑CIRC‑MULTITRAIN nllb200_distilled_600M | shift=78 | fROI=Lang_LH_IFGorb | layer=0 | mean r=0.025
ACROSS‑CIRC‑MULTITRAIN nllb200_distilled_600M | shift=78 | fROI=Lang_LH_IFGorb | layer=1 | mean r=0.016
ACROSS‑CIRC‑MULTITRAIN nllb200_distilled_600M | shift=78 | fROI=Lang_LH_IFGorb | layer=2 | mean r=0.023
ACROSS‑CIRC‑MULTITRAIN nllb200_distilled_600M | shift=78 | fROI=Lang_LH_IFGorb | layer=3 | mean r=0.006
ACROSS‑CIRC‑MULTITRAIN nllb200_distilled_600M | shift=78 | fROI=Lang_LH_IFGorb | layer=4 | mean r=0.009
ACROSS‑CIRC‑MULTITRAIN nllb200_distilled_600M | shift=78 | fROI=Lang_LH_IFGorb | layer=5 | mean r=-0.024
ACROSS‑CIRC‑MULTITRAIN nllb200_distilled_600M | shift=78 | fROI=Lang_LH_IFGorb | layer=6 | mean r=-0.027
ACROSS‑CIRC‑MULTITRAIN nllb200_distilled_600M | shift=78 | fROI=Lang_LH_IFGorb | layer=7 | mean r=-0.054
ACROSS‑CIRC‑MULTITRAIN nllb200_distilled_600M | shift=78 | fROI=Lang_LH_IFGorb | layer=8 | mean r=-0.050
ACROSS‑CIRC‑MULTITRAIN nllb200_distilled_600M | shift=78 | fROI=Lang_LH_IFGorb | layer=9 | mean r=-0.045
ACROSS‑CIRC‑MULTITRAIN nllb200_distilled_600M | shift=78 | fROI=Lang_LH_IFGorb | layer=10 | mean r=-0.032
ACROSS‑CIRC‑MULTITRAIN nllb200_distilled_600M | shift=78 | fROI=Lang_LH_IFGorb | layer=11 | mean r=-0.034
ACROSS‑CIRC‑MULTITRAIN nllb200_distilled_600M | shift=78 | fROI=Lang_LH_IFGorb | layer=12 | mean r=-0.034

  >>> Circular shift = 104
ACROSS‑CIRC‑MULTITRAIN nllb200_distilled_600M | shift=104 | fROI=Lang_LH_IFGorb | layer=0 | mean r=-0.012
ACROSS‑CIRC‑MULTITRAIN nllb200_distilled_600M | shift=104 | fROI=Lang_LH_IFGorb | layer=1 | mean r=-0.032
ACROSS‑CIRC‑MULTITRAIN nllb200_distilled_600M | shift=104 | fROI=Lang_LH_IFGorb | layer=2 | mean r=-0.050
ACROSS‑CIRC‑MULTITRAIN nllb200_distilled_600M | shift=104 | fROI=Lang_LH_IFGorb | layer=3 | mean r=-0.056
ACROSS‑CIRC‑MULTITRAIN nllb200_distilled_600M | shift=104 | fROI=Lang_LH_IFGorb | layer=4 | mean r=-0.045
ACROSS‑CIRC‑MULTITRAIN nllb200_distilled_600M | shift=104 | fROI=Lang_LH_IFGorb | layer=5 | mean r=-0.035
ACROSS‑CIRC‑MULTITRAIN nllb200_distilled_600M | shift=104 | fROI=Lang_LH_IFGorb | layer=6 | mean r=-0.019
ACROSS‑CIRC‑MULTITRAIN nllb200_distilled_600M | shift=104 | fROI=Lang_LH_IFGorb | layer=7 | mean r=-0.014
ACROSS‑CIRC‑MULTITRAIN nllb200_distilled_600M | shift=104 | fROI=Lang_LH_IFGorb | layer=8 | mean r=-0.001
ACROSS‑CIRC‑MULTITRAIN nllb200_distilled_600M | shift=104 | fROI=Lang_LH_IFGorb | layer=9 | mean r=0.008
ACROSS‑CIRC‑MULTITRAIN nllb200_distilled_600M | shift=104 | fROI=Lang_LH_IFGorb | layer=10 | mean r=0.021
ACROSS‑CIRC‑MULTITRAIN nllb200_distilled_600M | shift=104 | fROI=Lang_LH_IFGorb | layer=11 | mean r=0.026
ACROSS‑CIRC‑MULTITRAIN nllb200_distilled_600M | shift=104 | fROI=Lang_LH_IFGorb | layer=12 | mean r=0.008


Processing Lang_LH_MFG (5/6)

  >>> Circular shift = 26
ACROSS‑CIRC‑MULTITRAIN nllb200_distilled_600M | shift=26 | fROI=Lang_LH_MFG | layer=0 | mean r=-0.073
ACROSS‑CIRC‑MULTITRAIN nllb200_distilled_600M | shift=26 | fROI=Lang_LH_MFG | layer=1 | mean r=-0.083
ACROSS‑CIRC‑MULTITRAIN nllb200_distilled_600M | shift=26 | fROI=Lang_LH_MFG | layer=2 | mean r=-0.063
ACROSS‑CIRC‑MULTITRAIN nllb200_distilled_600M | shift=26 | fROI=Lang_LH_MFG | layer=3 | mean r=-0.094
ACROSS‑CIRC‑MULTITRAIN nllb200_distilled_600M | shift=26 | fROI=Lang_LH_MFG | layer=4 | mean r=-0.098
ACROSS‑CIRC‑MULTITRAIN nllb200_distilled_600M | shift=26 | fROI=Lang_LH_MFG | layer=5 | mean r=-0.090
ACROSS‑CIRC‑MULTITRAIN nllb200_distilled_600M | shift=26 | fROI=Lang_LH_MFG | layer=6 | mean r=-0.069
ACROSS‑CIRC‑MULTITRAIN nllb200_distilled_600M | shift=26 | fROI=Lang_LH_MFG | layer=7 | mean r=-0.060
ACROSS‑CIRC‑MULTITRAIN nllb200_distilled_600M | shift=26 | fROI=Lang_LH_MFG | layer=8 | mean r=-0.074
ACROSS‑CIRC‑MULTITRAIN nllb200_distilled_600M | shift=26 | fROI=Lang_LH_MFG | layer=9 | mean r=-0.070
ACROSS‑CIRC‑MULTITRAIN nllb200_distilled_600M | shift=26 | fROI=Lang_LH_MFG | layer=10 | mean r=-0.088
ACROSS‑CIRC‑MULTITRAIN nllb200_distilled_600M | shift=26 | fROI=Lang_LH_MFG | layer=11 | mean r=-0.081
ACROSS‑CIRC‑MULTITRAIN nllb200_distilled_600M | shift=26 | fROI=Lang_LH_MFG | layer=12 | mean r=-0.051

  >>> Circular shift = 52
ACROSS‑CIRC‑MULTITRAIN nllb200_distilled_600M | shift=52 | fROI=Lang_LH_MFG | layer=0 | mean r=-0.016
ACROSS‑CIRC‑MULTITRAIN nllb200_distilled_600M | shift=52 | fROI=Lang_LH_MFG | layer=1 | mean r=-0.024
ACROSS‑CIRC‑MULTITRAIN nllb200_distilled_600M | shift=52 | fROI=Lang_LH_MFG | layer=2 | mean r=-0.031
ACROSS‑CIRC‑MULTITRAIN nllb200_distilled_600M | shift=52 | fROI=Lang_LH_MFG | layer=3 | mean r=-0.055
ACROSS‑CIRC‑MULTITRAIN nllb200_distilled_600M | shift=52 | fROI=Lang_LH_MFG | layer=4 | mean r=-0.040
ACROSS‑CIRC‑MULTITRAIN nllb200_distilled_600M | shift=52 | fROI=Lang_LH_MFG | layer=5 | mean r=-0.042
ACROSS‑CIRC‑MULTITRAIN nllb200_distilled_600M | shift=52 | fROI=Lang_LH_MFG | layer=6 | mean r=-0.047
ACROSS‑CIRC‑MULTITRAIN nllb200_distilled_600M | shift=52 | fROI=Lang_LH_MFG | layer=7 | mean r=-0.080
ACROSS‑CIRC‑MULTITRAIN nllb200_distilled_600M | shift=52 | fROI=Lang_LH_MFG | layer=8 | mean r=-0.071
ACROSS‑CIRC‑MULTITRAIN nllb200_distilled_600M | shift=52 | fROI=Lang_LH_MFG | layer=9 | mean r=-0.100
ACROSS‑CIRC‑MULTITRAIN nllb200_distilled_600M | shift=52 | fROI=Lang_LH_MFG | layer=10 | mean r=-0.101
ACROSS‑CIRC‑MULTITRAIN nllb200_distilled_600M | shift=52 | fROI=Lang_LH_MFG | layer=11 | mean r=-0.103
ACROSS‑CIRC‑MULTITRAIN nllb200_distilled_600M | shift=52 | fROI=Lang_LH_MFG | layer=12 | mean r=-0.109

  >>> Circular shift = 78
ACROSS‑CIRC‑MULTITRAIN nllb200_distilled_600M | shift=78 | fROI=Lang_LH_MFG | layer=0 | mean r=-0.035
ACROSS‑CIRC‑MULTITRAIN nllb200_distilled_600M | shift=78 | fROI=Lang_LH_MFG | layer=1 | mean r=-0.043
ACROSS‑CIRC‑MULTITRAIN nllb200_distilled_600M | shift=78 | fROI=Lang_LH_MFG | layer=2 | mean r=-0.009
ACROSS‑CIRC‑MULTITRAIN nllb200_distilled_600M | shift=78 | fROI=Lang_LH_MFG | layer=3 | mean r=-0.015
ACROSS‑CIRC‑MULTITRAIN nllb200_distilled_600M | shift=78 | fROI=Lang_LH_MFG | layer=4 | mean r=0.001
ACROSS‑CIRC‑MULTITRAIN nllb200_distilled_600M | shift=78 | fROI=Lang_LH_MFG | layer=5 | mean r=-0.003
ACROSS‑CIRC‑MULTITRAIN nllb200_distilled_600M | shift=78 | fROI=Lang_LH_MFG | layer=6 | mean r=-0.002
ACROSS‑CIRC‑MULTITRAIN nllb200_distilled_600M | shift=78 | fROI=Lang_LH_MFG | layer=7 | mean r=-0.001
ACROSS‑CIRC‑MULTITRAIN nllb200_distilled_600M | shift=78 | fROI=Lang_LH_MFG | layer=8 | mean r=0.009
ACROSS‑CIRC‑MULTITRAIN nllb200_distilled_600M | shift=78 | fROI=Lang_LH_MFG | layer=9 | mean r=0.019
ACROSS‑CIRC‑MULTITRAIN nllb200_distilled_600M | shift=78 | fROI=Lang_LH_MFG | layer=10 | mean r=0.031
ACROSS‑CIRC‑MULTITRAIN nllb200_distilled_600M | shift=78 | fROI=Lang_LH_MFG | layer=11 | mean r=0.036
ACROSS‑CIRC‑MULTITRAIN nllb200_distilled_600M | shift=78 | fROI=Lang_LH_MFG | layer=12 | mean r=0.018

  >>> Circular shift = 104
ACROSS‑CIRC‑MULTITRAIN nllb200_distilled_600M | shift=104 | fROI=Lang_LH_MFG | layer=0 | mean r=-0.026
ACROSS‑CIRC‑MULTITRAIN nllb200_distilled_600M | shift=104 | fROI=Lang_LH_MFG | layer=1 | mean r=0.003
ACROSS‑CIRC‑MULTITRAIN nllb200_distilled_600M | shift=104 | fROI=Lang_LH_MFG | layer=2 | mean r=0.005
ACROSS‑CIRC‑MULTITRAIN nllb200_distilled_600M | shift=104 | fROI=Lang_LH_MFG | layer=3 | mean r=0.001
ACROSS‑CIRC‑MULTITRAIN nllb200_distilled_600M | shift=104 | fROI=Lang_LH_MFG | layer=4 | mean r=0.010
ACROSS‑CIRC‑MULTITRAIN nllb200_distilled_600M | shift=104 | fROI=Lang_LH_MFG | layer=5 | mean r=0.013
ACROSS‑CIRC‑MULTITRAIN nllb200_distilled_600M | shift=104 | fROI=Lang_LH_MFG | layer=6 | mean r=0.031
ACROSS‑CIRC‑MULTITRAIN nllb200_distilled_600M | shift=104 | fROI=Lang_LH_MFG | layer=7 | mean r=0.029
ACROSS‑CIRC‑MULTITRAIN nllb200_distilled_600M | shift=104 | fROI=Lang_LH_MFG | layer=8 | mean r=0.028
ACROSS‑CIRC‑MULTITRAIN nllb200_distilled_600M | shift=104 | fROI=Lang_LH_MFG | layer=9 | mean r=0.036
ACROSS‑CIRC‑MULTITRAIN nllb200_distilled_600M | shift=104 | fROI=Lang_LH_MFG | layer=10 | mean r=0.052
ACROSS‑CIRC‑MULTITRAIN nllb200_distilled_600M | shift=104 | fROI=Lang_LH_MFG | layer=11 | mean r=0.058
ACROSS‑CIRC‑MULTITRAIN nllb200_distilled_600M | shift=104 | fROI=Lang_LH_MFG | layer=12 | mean r=0.043


Processing Lang_LH_PostTemp (6/6)

  >>> Circular shift = 26
ACROSS‑CIRC‑MULTITRAIN nllb200_distilled_600M | shift=26 | fROI=Lang_LH_PostTemp | layer=0 | mean r=-0.019
ACROSS‑CIRC‑MULTITRAIN nllb200_distilled_600M | shift=26 | fROI=Lang_LH_PostTemp | layer=1 | mean r=-0.025
ACROSS‑CIRC‑MULTITRAIN nllb200_distilled_600M | shift=26 | fROI=Lang_LH_PostTemp | layer=2 | mean r=0.004
ACROSS‑CIRC‑MULTITRAIN nllb200_distilled_600M | shift=26 | fROI=Lang_LH_PostTemp | layer=3 | mean r=0.030
ACROSS‑CIRC‑MULTITRAIN nllb200_distilled_600M | shift=26 | fROI=Lang_LH_PostTemp | layer=4 | mean r=0.012
ACROSS‑CIRC‑MULTITRAIN nllb200_distilled_600M | shift=26 | fROI=Lang_LH_PostTemp | layer=5 | mean r=0.003
ACROSS‑CIRC‑MULTITRAIN nllb200_distilled_600M | shift=26 | fROI=Lang_LH_PostTemp | layer=6 | mean r=-0.007
ACROSS‑CIRC‑MULTITRAIN nllb200_distilled_600M | shift=26 | fROI=Lang_LH_PostTemp | layer=7 | mean r=0.001
ACROSS‑CIRC‑MULTITRAIN nllb200_distilled_600M | shift=26 | fROI=Lang_LH_PostTemp | layer=8 | mean r=0.007
ACROSS‑CIRC‑MULTITRAIN nllb200_distilled_600M | shift=26 | fROI=Lang_LH_PostTemp | layer=9 | mean r=0.032
ACROSS‑CIRC‑MULTITRAIN nllb200_distilled_600M | shift=26 | fROI=Lang_LH_PostTemp | layer=10 | mean r=0.014
ACROSS‑CIRC‑MULTITRAIN nllb200_distilled_600M | shift=26 | fROI=Lang_LH_PostTemp | layer=11 | mean r=0.017
ACROSS‑CIRC‑MULTITRAIN nllb200_distilled_600M | shift=26 | fROI=Lang_LH_PostTemp | layer=12 | mean r=0.018

  >>> Circular shift = 52
ACROSS‑CIRC‑MULTITRAIN nllb200_distilled_600M | shift=52 | fROI=Lang_LH_PostTemp | layer=0 | mean r=0.031
ACROSS‑CIRC‑MULTITRAIN nllb200_distilled_600M | shift=52 | fROI=Lang_LH_PostTemp | layer=1 | mean r=-0.022
ACROSS‑CIRC‑MULTITRAIN nllb200_distilled_600M | shift=52 | fROI=Lang_LH_PostTemp | layer=2 | mean r=-0.009
ACROSS‑CIRC‑MULTITRAIN nllb200_distilled_600M | shift=52 | fROI=Lang_LH_PostTemp | layer=3 | mean r=-0.015
ACROSS‑CIRC‑MULTITRAIN nllb200_distilled_600M | shift=52 | fROI=Lang_LH_PostTemp | layer=4 | mean r=-0.037
ACROSS‑CIRC‑MULTITRAIN nllb200_distilled_600M | shift=52 | fROI=Lang_LH_PostTemp | layer=5 | mean r=-0.077
ACROSS‑CIRC‑MULTITRAIN nllb200_distilled_600M | shift=52 | fROI=Lang_LH_PostTemp | layer=6 | mean r=-0.073
ACROSS‑CIRC‑MULTITRAIN nllb200_distilled_600M | shift=52 | fROI=Lang_LH_PostTemp | layer=7 | mean r=-0.064
ACROSS‑CIRC‑MULTITRAIN nllb200_distilled_600M | shift=52 | fROI=Lang_LH_PostTemp | layer=8 | mean r=-0.058
ACROSS‑CIRC‑MULTITRAIN nllb200_distilled_600M | shift=52 | fROI=Lang_LH_PostTemp | layer=9 | mean r=-0.068
ACROSS‑CIRC‑MULTITRAIN nllb200_distilled_600M | shift=52 | fROI=Lang_LH_PostTemp | layer=10 | mean r=-0.061
ACROSS‑CIRC‑MULTITRAIN nllb200_distilled_600M | shift=52 | fROI=Lang_LH_PostTemp | layer=11 | mean r=-0.059
ACROSS‑CIRC‑MULTITRAIN nllb200_distilled_600M | shift=52 | fROI=Lang_LH_PostTemp | layer=12 | mean r=-0.044

  >>> Circular shift = 78
ACROSS‑CIRC‑MULTITRAIN nllb200_distilled_600M | shift=78 | fROI=Lang_LH_PostTemp | layer=0 | mean r=-0.018
ACROSS‑CIRC‑MULTITRAIN nllb200_distilled_600M | shift=78 | fROI=Lang_LH_PostTemp | layer=1 | mean r=0.024
ACROSS‑CIRC‑MULTITRAIN nllb200_distilled_600M | shift=78 | fROI=Lang_LH_PostTemp | layer=2 | mean r=0.048
ACROSS‑CIRC‑MULTITRAIN nllb200_distilled_600M | shift=78 | fROI=Lang_LH_PostTemp | layer=3 | mean r=0.035
ACROSS‑CIRC‑MULTITRAIN nllb200_distilled_600M | shift=78 | fROI=Lang_LH_PostTemp | layer=4 | mean r=0.012
ACROSS‑CIRC‑MULTITRAIN nllb200_distilled_600M | shift=78 | fROI=Lang_LH_PostTemp | layer=5 | mean r=-0.015
ACROSS‑CIRC‑MULTITRAIN nllb200_distilled_600M | shift=78 | fROI=Lang_LH_PostTemp | layer=6 | mean r=-0.020
ACROSS‑CIRC‑MULTITRAIN nllb200_distilled_600M | shift=78 | fROI=Lang_LH_PostTemp | layer=7 | mean r=-0.050
ACROSS‑CIRC‑MULTITRAIN nllb200_distilled_600M | shift=78 | fROI=Lang_LH_PostTemp | layer=8 | mean r=-0.068
ACROSS‑CIRC‑MULTITRAIN nllb200_distilled_600M | shift=78 | fROI=Lang_LH_PostTemp | layer=9 | mean r=-0.088
ACROSS‑CIRC‑MULTITRAIN nllb200_distilled_600M | shift=78 | fROI=Lang_LH_PostTemp | layer=10 | mean r=-0.079
ACROSS‑CIRC‑MULTITRAIN nllb200_distilled_600M | shift=78 | fROI=Lang_LH_PostTemp | layer=11 | mean r=-0.091
ACROSS‑CIRC‑MULTITRAIN nllb200_distilled_600M | shift=78 | fROI=Lang_LH_PostTemp | layer=12 | mean r=-0.081

  >>> Circular shift = 104
ACROSS‑CIRC‑MULTITRAIN nllb200_distilled_600M | shift=104 | fROI=Lang_LH_PostTemp | layer=0 | mean r=0.014
ACROSS‑CIRC‑MULTITRAIN nllb200_distilled_600M | shift=104 | fROI=Lang_LH_PostTemp | layer=1 | mean r=0.013
ACROSS‑CIRC‑MULTITRAIN nllb200_distilled_600M | shift=104 | fROI=Lang_LH_PostTemp | layer=2 | mean r=-0.033
ACROSS‑CIRC‑MULTITRAIN nllb200_distilled_600M | shift=104 | fROI=Lang_LH_PostTemp | layer=3 | mean r=-0.055
ACROSS‑CIRC‑MULTITRAIN nllb200_distilled_600M | shift=104 | fROI=Lang_LH_PostTemp | layer=4 | mean r=-0.045
ACROSS‑CIRC‑MULTITRAIN nllb200_distilled_600M | shift=104 | fROI=Lang_LH_PostTemp | layer=5 | mean r=-0.038
ACROSS‑CIRC‑MULTITRAIN nllb200_distilled_600M | shift=104 | fROI=Lang_LH_PostTemp | layer=6 | mean r=-0.034
ACROSS‑CIRC‑MULTITRAIN nllb200_distilled_600M | shift=104 | fROI=Lang_LH_PostTemp | layer=7 | mean r=-0.035
ACROSS‑CIRC‑MULTITRAIN nllb200_distilled_600M | shift=104 | fROI=Lang_LH_PostTemp | layer=8 | mean r=-0.024
ACROSS‑CIRC‑MULTITRAIN nllb200_distilled_600M | shift=104 | fROI=Lang_LH_PostTemp | layer=9 | mean r=-0.016
ACROSS‑CIRC‑MULTITRAIN nllb200_distilled_600M | shift=104 | fROI=Lang_LH_PostTemp | layer=10 | mean r=-0.019
ACROSS‑CIRC‑MULTITRAIN nllb200_distilled_600M | shift=104 | fROI=Lang_LH_PostTemp | layer=11 | mean r=-0.025
ACROSS‑CIRC‑MULTITRAIN nllb200_distilled_600M | shift=104 | fROI=Lang_LH_PostTemp | layer=12 | mean r=-0.037


Processing all (1/6)

  >>> Circular shift = 26
ACROSS‑CIRC‑MULTITRAIN nllb200_distilled_1B | shift=26 | fROI=all | layer=0 | mean r=-0.057
ACROSS‑CIRC‑MULTITRAIN nllb200_distilled_1B | shift=26 | fROI=all | layer=1 | mean r=-0.048
ACROSS‑CIRC‑MULTITRAIN nllb200_distilled_1B | shift=26 | fROI=all | layer=2 | mean r=-0.051
ACROSS‑CIRC‑MULTITRAIN nllb200_distilled_1B | shift=26 | fROI=all | layer=3 | mean r=-0.048
ACROSS‑CIRC‑MULTITRAIN nllb200_distilled_1B | shift=26 | fROI=all | layer=4 | mean r=-0.019
ACROSS‑CIRC‑MULTITRAIN nllb200_distilled_1B | shift=26 | fROI=all | layer=5 | mean r=-0.004
ACROSS‑CIRC‑MULTITRAIN nllb200_distilled_1B | shift=26 | fROI=all | layer=6 | mean r=0.001
ACROSS‑CIRC‑MULTITRAIN nllb200_distilled_1B | shift=26 | fROI=all | layer=7 | mean r=-0.005
ACROSS‑CIRC‑MULTITRAIN nllb200_distilled_1B | shift=26 | fROI=all | layer=8 | mean r=-0.000
ACROSS‑CIRC‑MULTITRAIN nllb200_distilled_1B | shift=26 | fROI=all | layer=9 | mean r=-0.009
ACROSS‑CIRC‑MULTITRAIN nllb200_distilled_1B | shift=26 | fROI=all | layer=10 | mean r=-0.021
ACROSS‑CIRC‑MULTITRAIN nllb200_distilled_1B | shift=26 | fROI=all | layer=11 | mean r=-0.022
ACROSS‑CIRC‑MULTITRAIN nllb200_distilled_1B | shift=26 | fROI=all | layer=12 | mean r=0.001
ACROSS‑CIRC‑MULTITRAIN nllb200_distilled_1B | shift=26 | fROI=all | layer=13 | mean r=-0.027
ACROSS‑CIRC‑MULTITRAIN nllb200_distilled_1B | shift=26 | fROI=all | layer=14 | mean r=-0.056
ACROSS‑CIRC‑MULTITRAIN nllb200_distilled_1B | shift=26 | fROI=all | layer=15 | mean r=-0.041
ACROSS‑CIRC‑MULTITRAIN nllb200_distilled_1B | shift=26 | fROI=all | layer=16 | mean r=-0.034
ACROSS‑CIRC‑MULTITRAIN nllb200_distilled_1B | shift=26 | fROI=all | layer=17 | mean r=-0.039
ACROSS‑CIRC‑MULTITRAIN nllb200_distilled_1B | shift=26 | fROI=all | layer=18 | mean r=-0.046
ACROSS‑CIRC‑MULTITRAIN nllb200_distilled_1B | shift=26 | fROI=all | layer=19 | mean r=-0.041
ACROSS‑CIRC‑MULTITRAIN nllb200_distilled_1B | shift=26 | fROI=all | layer=20 | mean r=-0.042
ACROSS‑CIRC‑MULTITRAIN nllb200_distilled_1B | shift=26 | fROI=all | layer=21 | mean r=-0.050
ACROSS‑CIRC‑MULTITRAIN nllb200_distilled_1B | shift=26 | fROI=all | layer=22 | mean r=-0.060
ACROSS‑CIRC‑MULTITRAIN nllb200_distilled_1B | shift=26 | fROI=all | layer=23 | mean r=-0.073
ACROSS‑CIRC‑MULTITRAIN nllb200_distilled_1B | shift=26 | fROI=all | layer=24 | mean r=-0.049

  >>> Circular shift = 52
ACROSS‑CIRC‑MULTITRAIN nllb200_distilled_1B | shift=52 | fROI=all | layer=0 | mean r=0.004
ACROSS‑CIRC‑MULTITRAIN nllb200_distilled_1B | shift=52 | fROI=all | layer=1 | mean r=-0.013
ACROSS‑CIRC‑MULTITRAIN nllb200_distilled_1B | shift=52 | fROI=all | layer=2 | mean r=-0.062
ACROSS‑CIRC‑MULTITRAIN nllb200_distilled_1B | shift=52 | fROI=all | layer=3 | mean r=-0.068
ACROSS‑CIRC‑MULTITRAIN nllb200_distilled_1B | shift=52 | fROI=all | layer=4 | mean r=-0.080
ACROSS‑CIRC‑MULTITRAIN nllb200_distilled_1B | shift=52 | fROI=all | layer=5 | mean r=-0.077
ACROSS‑CIRC‑MULTITRAIN nllb200_distilled_1B | shift=52 | fROI=all | layer=6 | mean r=-0.081
ACROSS‑CIRC‑MULTITRAIN nllb200_distilled_1B | shift=52 | fROI=all | layer=7 | mean r=-0.067
ACROSS‑CIRC‑MULTITRAIN nllb200_distilled_1B | shift=52 | fROI=all | layer=8 | mean r=-0.069
ACROSS‑CIRC‑MULTITRAIN nllb200_distilled_1B | shift=52 | fROI=all | layer=9 | mean r=-0.060
ACROSS‑CIRC‑MULTITRAIN nllb200_distilled_1B | shift=52 | fROI=all | layer=10 | mean r=-0.036
ACROSS‑CIRC‑MULTITRAIN nllb200_distilled_1B | shift=52 | fROI=all | layer=11 | mean r=-0.064
ACROSS‑CIRC‑MULTITRAIN nllb200_distilled_1B | shift=52 | fROI=all | layer=12 | mean r=-0.096
ACROSS‑CIRC‑MULTITRAIN nllb200_distilled_1B | shift=52 | fROI=all | layer=13 | mean r=-0.097
ACROSS‑CIRC‑MULTITRAIN nllb200_distilled_1B | shift=52 | fROI=all | layer=14 | mean r=-0.101
ACROSS‑CIRC‑MULTITRAIN nllb200_distilled_1B | shift=52 | fROI=all | layer=15 | mean r=-0.094
ACROSS‑CIRC‑MULTITRAIN nllb200_distilled_1B | shift=52 | fROI=all | layer=16 | mean r=-0.096
ACROSS‑CIRC‑MULTITRAIN nllb200_distilled_1B | shift=52 | fROI=all | layer=17 | mean r=-0.086
ACROSS‑CIRC‑MULTITRAIN nllb200_distilled_1B | shift=52 | fROI=all | layer=18 | mean r=-0.088
ACROSS‑CIRC‑MULTITRAIN nllb200_distilled_1B | shift=52 | fROI=all | layer=19 | mean r=-0.085
ACROSS‑CIRC‑MULTITRAIN nllb200_distilled_1B | shift=52 | fROI=all | layer=20 | mean r=-0.074
ACROSS‑CIRC‑MULTITRAIN nllb200_distilled_1B | shift=52 | fROI=all | layer=21 | mean r=-0.091
ACROSS‑CIRC‑MULTITRAIN nllb200_distilled_1B | shift=52 | fROI=all | layer=22 | mean r=-0.095
ACROSS‑CIRC‑MULTITRAIN nllb200_distilled_1B | shift=52 | fROI=all | layer=23 | mean r=-0.092
ACROSS‑CIRC‑MULTITRAIN nllb200_distilled_1B | shift=52 | fROI=all | layer=24 | mean r=-0.087

  >>> Circular shift = 78
ACROSS‑CIRC‑MULTITRAIN nllb200_distilled_1B | shift=78 | fROI=all | layer=0 | mean r=-0.032
ACROSS‑CIRC‑MULTITRAIN nllb200_distilled_1B | shift=78 | fROI=all | layer=1 | mean r=-0.005
ACROSS‑CIRC‑MULTITRAIN nllb200_distilled_1B | shift=78 | fROI=all | layer=2 | mean r=0.019
ACROSS‑CIRC‑MULTITRAIN nllb200_distilled_1B | shift=78 | fROI=all | layer=3 | mean r=-0.007
ACROSS‑CIRC‑MULTITRAIN nllb200_distilled_1B | shift=78 | fROI=all | layer=4 | mean r=0.000
ACROSS‑CIRC‑MULTITRAIN nllb200_distilled_1B | shift=78 | fROI=all | layer=5 | mean r=-0.016
ACROSS‑CIRC‑MULTITRAIN nllb200_distilled_1B | shift=78 | fROI=all | layer=6 | mean r=-0.005
ACROSS‑CIRC‑MULTITRAIN nllb200_distilled_1B | shift=78 | fROI=all | layer=7 | mean r=-0.017
ACROSS‑CIRC‑MULTITRAIN nllb200_distilled_1B | shift=78 | fROI=all | layer=8 | mean r=-0.008
ACROSS‑CIRC‑MULTITRAIN nllb200_distilled_1B | shift=78 | fROI=all | layer=9 | mean r=-0.035
ACROSS‑CIRC‑MULTITRAIN nllb200_distilled_1B | shift=78 | fROI=all | layer=10 | mean r=-0.057
ACROSS‑CIRC‑MULTITRAIN nllb200_distilled_1B | shift=78 | fROI=all | layer=11 | mean r=-0.057
ACROSS‑CIRC‑MULTITRAIN nllb200_distilled_1B | shift=78 | fROI=all | layer=12 | mean r=-0.062
ACROSS‑CIRC‑MULTITRAIN nllb200_distilled_1B | shift=78 | fROI=all | layer=13 | mean r=-0.086
ACROSS‑CIRC‑MULTITRAIN nllb200_distilled_1B | shift=78 | fROI=all | layer=14 | mean r=-0.092
ACROSS‑CIRC‑MULTITRAIN nllb200_distilled_1B | shift=78 | fROI=all | layer=15 | mean r=-0.096
ACROSS‑CIRC‑MULTITRAIN nllb200_distilled_1B | shift=78 | fROI=all | layer=16 | mean r=-0.092
ACROSS‑CIRC‑MULTITRAIN nllb200_distilled_1B | shift=78 | fROI=all | layer=17 | mean r=-0.080
ACROSS‑CIRC‑MULTITRAIN nllb200_distilled_1B | shift=78 | fROI=all | layer=18 | mean r=-0.092
ACROSS‑CIRC‑MULTITRAIN nllb200_distilled_1B | shift=78 | fROI=all | layer=19 | mean r=-0.093
ACROSS‑CIRC‑MULTITRAIN nllb200_distilled_1B | shift=78 | fROI=all | layer=20 | mean r=-0.081
ACROSS‑CIRC‑MULTITRAIN nllb200_distilled_1B | shift=78 | fROI=all | layer=21 | mean r=-0.082
ACROSS‑CIRC‑MULTITRAIN nllb200_distilled_1B | shift=78 | fROI=all | layer=22 | mean r=-0.087
ACROSS‑CIRC‑MULTITRAIN nllb200_distilled_1B | shift=78 | fROI=all | layer=23 | mean r=-0.067
ACROSS‑CIRC‑MULTITRAIN nllb200_distilled_1B | shift=78 | fROI=all | layer=24 | mean r=-0.068

  >>> Circular shift = 104
ACROSS‑CIRC‑MULTITRAIN nllb200_distilled_1B | shift=104 | fROI=all | layer=0 | mean r=0.013
ACROSS‑CIRC‑MULTITRAIN nllb200_distilled_1B | shift=104 | fROI=all | layer=1 | mean r=0.042
ACROSS‑CIRC‑MULTITRAIN nllb200_distilled_1B | shift=104 | fROI=all | layer=2 | mean r=0.011
ACROSS‑CIRC‑MULTITRAIN nllb200_distilled_1B | shift=104 | fROI=all | layer=3 | mean r=-0.016
ACROSS‑CIRC‑MULTITRAIN nllb200_distilled_1B | shift=104 | fROI=all | layer=4 | mean r=-0.014
ACROSS‑CIRC‑MULTITRAIN nllb200_distilled_1B | shift=104 | fROI=all | layer=5 | mean r=-0.004
ACROSS‑CIRC‑MULTITRAIN nllb200_distilled_1B | shift=104 | fROI=all | layer=6 | mean r=-0.006
ACROSS‑CIRC‑MULTITRAIN nllb200_distilled_1B | shift=104 | fROI=all | layer=7 | mean r=-0.006
ACROSS‑CIRC‑MULTITRAIN nllb200_distilled_1B | shift=104 | fROI=all | layer=8 | mean r=-0.003
ACROSS‑CIRC‑MULTITRAIN nllb200_distilled_1B | shift=104 | fROI=all | layer=9 | mean r=0.012
ACROSS‑CIRC‑MULTITRAIN nllb200_distilled_1B | shift=104 | fROI=all | layer=10 | mean r=-0.002
ACROSS‑CIRC‑MULTITRAIN nllb200_distilled_1B | shift=104 | fROI=all | layer=11 | mean r=0.007
ACROSS‑CIRC‑MULTITRAIN nllb200_distilled_1B | shift=104 | fROI=all | layer=12 | mean r=-0.002
ACROSS‑CIRC‑MULTITRAIN nllb200_distilled_1B | shift=104 | fROI=all | layer=13 | mean r=0.004
ACROSS‑CIRC‑MULTITRAIN nllb200_distilled_1B | shift=104 | fROI=all | layer=14 | mean r=-0.006
ACROSS‑CIRC‑MULTITRAIN nllb200_distilled_1B | shift=104 | fROI=all | layer=15 | mean r=-0.005
ACROSS‑CIRC‑MULTITRAIN nllb200_distilled_1B | shift=104 | fROI=all | layer=16 | mean r=-0.007
ACROSS‑CIRC‑MULTITRAIN nllb200_distilled_1B | shift=104 | fROI=all | layer=17 | mean r=-0.011
ACROSS‑CIRC‑MULTITRAIN nllb200_distilled_1B | shift=104 | fROI=all | layer=18 | mean r=-0.023
ACROSS‑CIRC‑MULTITRAIN nllb200_distilled_1B | shift=104 | fROI=all | layer=19 | mean r=-0.020
ACROSS‑CIRC‑MULTITRAIN nllb200_distilled_1B | shift=104 | fROI=all | layer=20 | mean r=-0.024
ACROSS‑CIRC‑MULTITRAIN nllb200_distilled_1B | shift=104 | fROI=all | layer=21 | mean r=-0.015
ACROSS‑CIRC‑MULTITRAIN nllb200_distilled_1B | shift=104 | fROI=all | layer=22 | mean r=-0.007
ACROSS‑CIRC‑MULTITRAIN nllb200_distilled_1B | shift=104 | fROI=all | layer=23 | mean r=-0.010
ACROSS‑CIRC‑MULTITRAIN nllb200_distilled_1B | shift=104 | fROI=all | layer=24 | mean r=-0.014


Processing Lang_LH_AntTemp (2/6)

  >>> Circular shift = 26
ACROSS‑CIRC‑MULTITRAIN nllb200_distilled_1B | shift=26 | fROI=Lang_LH_AntTemp | layer=0 | mean r=-0.014
ACROSS‑CIRC‑MULTITRAIN nllb200_distilled_1B | shift=26 | fROI=Lang_LH_AntTemp | layer=1 | mean r=0.036
ACROSS‑CIRC‑MULTITRAIN nllb200_distilled_1B | shift=26 | fROI=Lang_LH_AntTemp | layer=2 | mean r=0.022
ACROSS‑CIRC‑MULTITRAIN nllb200_distilled_1B | shift=26 | fROI=Lang_LH_AntTemp | layer=3 | mean r=0.024
ACROSS‑CIRC‑MULTITRAIN nllb200_distilled_1B | shift=26 | fROI=Lang_LH_AntTemp | layer=4 | mean r=0.041
ACROSS‑CIRC‑MULTITRAIN nllb200_distilled_1B | shift=26 | fROI=Lang_LH_AntTemp | layer=5 | mean r=0.021
ACROSS‑CIRC‑MULTITRAIN nllb200_distilled_1B | shift=26 | fROI=Lang_LH_AntTemp | layer=6 | mean r=0.018
ACROSS‑CIRC‑MULTITRAIN nllb200_distilled_1B | shift=26 | fROI=Lang_LH_AntTemp | layer=7 | mean r=0.026
ACROSS‑CIRC‑MULTITRAIN nllb200_distilled_1B | shift=26 | fROI=Lang_LH_AntTemp | layer=8 | mean r=0.019
ACROSS‑CIRC‑MULTITRAIN nllb200_distilled_1B | shift=26 | fROI=Lang_LH_AntTemp | layer=9 | mean r=0.026
ACROSS‑CIRC‑MULTITRAIN nllb200_distilled_1B | shift=26 | fROI=Lang_LH_AntTemp | layer=10 | mean r=0.035
ACROSS‑CIRC‑MULTITRAIN nllb200_distilled_1B | shift=26 | fROI=Lang_LH_AntTemp | layer=11 | mean r=0.042
ACROSS‑CIRC‑MULTITRAIN nllb200_distilled_1B | shift=26 | fROI=Lang_LH_AntTemp | layer=12 | mean r=0.021
ACROSS‑CIRC‑MULTITRAIN nllb200_distilled_1B | shift=26 | fROI=Lang_LH_AntTemp | layer=13 | mean r=-0.021
ACROSS‑CIRC‑MULTITRAIN nllb200_distilled_1B | shift=26 | fROI=Lang_LH_AntTemp | layer=14 | mean r=0.006
ACROSS‑CIRC‑MULTITRAIN nllb200_distilled_1B | shift=26 | fROI=Lang_LH_AntTemp | layer=15 | mean r=0.001
ACROSS‑CIRC‑MULTITRAIN nllb200_distilled_1B | shift=26 | fROI=Lang_LH_AntTemp | layer=16 | mean r=-0.001
ACROSS‑CIRC‑MULTITRAIN nllb200_distilled_1B | shift=26 | fROI=Lang_LH_AntTemp | layer=17 | mean r=-0.020
ACROSS‑CIRC‑MULTITRAIN nllb200_distilled_1B | shift=26 | fROI=Lang_LH_AntTemp | layer=18 | mean r=-0.017
ACROSS‑CIRC‑MULTITRAIN nllb200_distilled_1B | shift=26 | fROI=Lang_LH_AntTemp | layer=19 | mean r=-0.018
ACROSS‑CIRC‑MULTITRAIN nllb200_distilled_1B | shift=26 | fROI=Lang_LH_AntTemp | layer=20 | mean r=-0.016
ACROSS‑CIRC‑MULTITRAIN nllb200_distilled_1B | shift=26 | fROI=Lang_LH_AntTemp | layer=21 | mean r=-0.021
ACROSS‑CIRC‑MULTITRAIN nllb200_distilled_1B | shift=26 | fROI=Lang_LH_AntTemp | layer=22 | mean r=-0.041
ACROSS‑CIRC‑MULTITRAIN nllb200_distilled_1B | shift=26 | fROI=Lang_LH_AntTemp | layer=23 | mean r=-0.034
ACROSS‑CIRC‑MULTITRAIN nllb200_distilled_1B | shift=26 | fROI=Lang_LH_AntTemp | layer=24 | mean r=-0.029

  >>> Circular shift = 52
ACROSS‑CIRC‑MULTITRAIN nllb200_distilled_1B | shift=52 | fROI=Lang_LH_AntTemp | layer=0 | mean r=0.039
ACROSS‑CIRC‑MULTITRAIN nllb200_distilled_1B | shift=52 | fROI=Lang_LH_AntTemp | layer=1 | mean r=0.007
ACROSS‑CIRC‑MULTITRAIN nllb200_distilled_1B | shift=52 | fROI=Lang_LH_AntTemp | layer=2 | mean r=-0.021
ACROSS‑CIRC‑MULTITRAIN nllb200_distilled_1B | shift=52 | fROI=Lang_LH_AntTemp | layer=3 | mean r=0.008
ACROSS‑CIRC‑MULTITRAIN nllb200_distilled_1B | shift=52 | fROI=Lang_LH_AntTemp | layer=4 | mean r=-0.027
ACROSS‑CIRC‑MULTITRAIN nllb200_distilled_1B | shift=52 | fROI=Lang_LH_AntTemp | layer=5 | mean r=-0.025
ACROSS‑CIRC‑MULTITRAIN nllb200_distilled_1B | shift=52 | fROI=Lang_LH_AntTemp | layer=6 | mean r=-0.026
ACROSS‑CIRC‑MULTITRAIN nllb200_distilled_1B | shift=52 | fROI=Lang_LH_AntTemp | layer=7 | mean r=-0.004
ACROSS‑CIRC‑MULTITRAIN nllb200_distilled_1B | shift=52 | fROI=Lang_LH_AntTemp | layer=8 | mean r=0.001
ACROSS‑CIRC‑MULTITRAIN nllb200_distilled_1B | shift=52 | fROI=Lang_LH_AntTemp | layer=9 | mean r=0.008
ACROSS‑CIRC‑MULTITRAIN nllb200_distilled_1B | shift=52 | fROI=Lang_LH_AntTemp | layer=10 | mean r=0.015
ACROSS‑CIRC‑MULTITRAIN nllb200_distilled_1B | shift=52 | fROI=Lang_LH_AntTemp | layer=11 | mean r=0.038
ACROSS‑CIRC‑MULTITRAIN nllb200_distilled_1B | shift=52 | fROI=Lang_LH_AntTemp | layer=12 | mean r=0.031
ACROSS‑CIRC‑MULTITRAIN nllb200_distilled_1B | shift=52 | fROI=Lang_LH_AntTemp | layer=13 | mean r=0.027
ACROSS‑CIRC‑MULTITRAIN nllb200_distilled_1B | shift=52 | fROI=Lang_LH_AntTemp | layer=14 | mean r=0.008
ACROSS‑CIRC‑MULTITRAIN nllb200_distilled_1B | shift=52 | fROI=Lang_LH_AntTemp | layer=15 | mean r=0.040
ACROSS‑CIRC‑MULTITRAIN nllb200_distilled_1B | shift=52 | fROI=Lang_LH_AntTemp | layer=16 | mean r=0.021
ACROSS‑CIRC‑MULTITRAIN nllb200_distilled_1B | shift=52 | fROI=Lang_LH_AntTemp | layer=17 | mean r=0.016
ACROSS‑CIRC‑MULTITRAIN nllb200_distilled_1B | shift=52 | fROI=Lang_LH_AntTemp | layer=18 | mean r=0.013
ACROSS‑CIRC‑MULTITRAIN nllb200_distilled_1B | shift=52 | fROI=Lang_LH_AntTemp | layer=19 | mean r=0.024
ACROSS‑CIRC‑MULTITRAIN nllb200_distilled_1B | shift=52 | fROI=Lang_LH_AntTemp | layer=20 | mean r=0.024
ACROSS‑CIRC‑MULTITRAIN nllb200_distilled_1B | shift=52 | fROI=Lang_LH_AntTemp | layer=21 | mean r=0.016
ACROSS‑CIRC‑MULTITRAIN nllb200_distilled_1B | shift=52 | fROI=Lang_LH_AntTemp | layer=22 | mean r=0.016
ACROSS‑CIRC‑MULTITRAIN nllb200_distilled_1B | shift=52 | fROI=Lang_LH_AntTemp | layer=23 | mean r=0.004
ACROSS‑CIRC‑MULTITRAIN nllb200_distilled_1B | shift=52 | fROI=Lang_LH_AntTemp | layer=24 | mean r=0.007

  >>> Circular shift = 78
ACROSS‑CIRC‑MULTITRAIN nllb200_distilled_1B | shift=78 | fROI=Lang_LH_AntTemp | layer=0 | mean r=-0.008
ACROSS‑CIRC‑MULTITRAIN nllb200_distilled_1B | shift=78 | fROI=Lang_LH_AntTemp | layer=1 | mean r=0.007
ACROSS‑CIRC‑MULTITRAIN nllb200_distilled_1B | shift=78 | fROI=Lang_LH_AntTemp | layer=2 | mean r=0.007
ACROSS‑CIRC‑MULTITRAIN nllb200_distilled_1B | shift=78 | fROI=Lang_LH_AntTemp | layer=3 | mean r=-0.001
ACROSS‑CIRC‑MULTITRAIN nllb200_distilled_1B | shift=78 | fROI=Lang_LH_AntTemp | layer=4 | mean r=-0.008
ACROSS‑CIRC‑MULTITRAIN nllb200_distilled_1B | shift=78 | fROI=Lang_LH_AntTemp | layer=5 | mean r=-0.014
ACROSS‑CIRC‑MULTITRAIN nllb200_distilled_1B | shift=78 | fROI=Lang_LH_AntTemp | layer=6 | mean r=-0.026
ACROSS‑CIRC‑MULTITRAIN nllb200_distilled_1B | shift=78 | fROI=Lang_LH_AntTemp | layer=7 | mean r=-0.042
ACROSS‑CIRC‑MULTITRAIN nllb200_distilled_1B | shift=78 | fROI=Lang_LH_AntTemp | layer=8 | mean r=-0.028
ACROSS‑CIRC‑MULTITRAIN nllb200_distilled_1B | shift=78 | fROI=Lang_LH_AntTemp | layer=9 | mean r=-0.052
ACROSS‑CIRC‑MULTITRAIN nllb200_distilled_1B | shift=78 | fROI=Lang_LH_AntTemp | layer=10 | mean r=-0.076
ACROSS‑CIRC‑MULTITRAIN nllb200_distilled_1B | shift=78 | fROI=Lang_LH_AntTemp | layer=11 | mean r=-0.060
ACROSS‑CIRC‑MULTITRAIN nllb200_distilled_1B | shift=78 | fROI=Lang_LH_AntTemp | layer=12 | mean r=-0.070
ACROSS‑CIRC‑MULTITRAIN nllb200_distilled_1B | shift=78 | fROI=Lang_LH_AntTemp | layer=13 | mean r=-0.084
ACROSS‑CIRC‑MULTITRAIN nllb200_distilled_1B | shift=78 | fROI=Lang_LH_AntTemp | layer=14 | mean r=-0.094
ACROSS‑CIRC‑MULTITRAIN nllb200_distilled_1B | shift=78 | fROI=Lang_LH_AntTemp | layer=15 | mean r=-0.094
ACROSS‑CIRC‑MULTITRAIN nllb200_distilled_1B | shift=78 | fROI=Lang_LH_AntTemp | layer=16 | mean r=-0.100
ACROSS‑CIRC‑MULTITRAIN nllb200_distilled_1B | shift=78 | fROI=Lang_LH_AntTemp | layer=17 | mean r=-0.082
ACROSS‑CIRC‑MULTITRAIN nllb200_distilled_1B | shift=78 | fROI=Lang_LH_AntTemp | layer=18 | mean r=-0.085
ACROSS‑CIRC‑MULTITRAIN nllb200_distilled_1B | shift=78 | fROI=Lang_LH_AntTemp | layer=19 | mean r=-0.086
ACROSS‑CIRC‑MULTITRAIN nllb200_distilled_1B | shift=78 | fROI=Lang_LH_AntTemp | layer=20 | mean r=-0.084
ACROSS‑CIRC‑MULTITRAIN nllb200_distilled_1B | shift=78 | fROI=Lang_LH_AntTemp | layer=21 | mean r=-0.106
ACROSS‑CIRC‑MULTITRAIN nllb200_distilled_1B | shift=78 | fROI=Lang_LH_AntTemp | layer=22 | mean r=-0.098
ACROSS‑CIRC‑MULTITRAIN nllb200_distilled_1B | shift=78 | fROI=Lang_LH_AntTemp | layer=23 | mean r=-0.090
ACROSS‑CIRC‑MULTITRAIN nllb200_distilled_1B | shift=78 | fROI=Lang_LH_AntTemp | layer=24 | mean r=-0.091

  >>> Circular shift = 104
ACROSS‑CIRC‑MULTITRAIN nllb200_distilled_1B | shift=104 | fROI=Lang_LH_AntTemp | layer=0 | mean r=0.007
ACROSS‑CIRC‑MULTITRAIN nllb200_distilled_1B | shift=104 | fROI=Lang_LH_AntTemp | layer=1 | mean r=0.032
ACROSS‑CIRC‑MULTITRAIN nllb200_distilled_1B | shift=104 | fROI=Lang_LH_AntTemp | layer=2 | mean r=0.000
ACROSS‑CIRC‑MULTITRAIN nllb200_distilled_1B | shift=104 | fROI=Lang_LH_AntTemp | layer=3 | mean r=-0.076
ACROSS‑CIRC‑MULTITRAIN nllb200_distilled_1B | shift=104 | fROI=Lang_LH_AntTemp | layer=4 | mean r=-0.063
ACROSS‑CIRC‑MULTITRAIN nllb200_distilled_1B | shift=104 | fROI=Lang_LH_AntTemp | layer=5 | mean r=-0.054
ACROSS‑CIRC‑MULTITRAIN nllb200_distilled_1B | shift=104 | fROI=Lang_LH_AntTemp | layer=6 | mean r=-0.014
ACROSS‑CIRC‑MULTITRAIN nllb200_distilled_1B | shift=104 | fROI=Lang_LH_AntTemp | layer=7 | mean r=-0.038
ACROSS‑CIRC‑MULTITRAIN nllb200_distilled_1B | shift=104 | fROI=Lang_LH_AntTemp | layer=8 | mean r=-0.037
ACROSS‑CIRC‑MULTITRAIN nllb200_distilled_1B | shift=104 | fROI=Lang_LH_AntTemp | layer=9 | mean r=-0.016
ACROSS‑CIRC‑MULTITRAIN nllb200_distilled_1B | shift=104 | fROI=Lang_LH_AntTemp | layer=10 | mean r=-0.038
ACROSS‑CIRC‑MULTITRAIN nllb200_distilled_1B | shift=104 | fROI=Lang_LH_AntTemp | layer=11 | mean r=-0.016
ACROSS‑CIRC‑MULTITRAIN nllb200_distilled_1B | shift=104 | fROI=Lang_LH_AntTemp | layer=12 | mean r=-0.027
ACROSS‑CIRC‑MULTITRAIN nllb200_distilled_1B | shift=104 | fROI=Lang_LH_AntTemp | layer=13 | mean r=-0.030
ACROSS‑CIRC‑MULTITRAIN nllb200_distilled_1B | shift=104 | fROI=Lang_LH_AntTemp | layer=14 | mean r=-0.030
ACROSS‑CIRC‑MULTITRAIN nllb200_distilled_1B | shift=104 | fROI=Lang_LH_AntTemp | layer=15 | mean r=-0.052
ACROSS‑CIRC‑MULTITRAIN nllb200_distilled_1B | shift=104 | fROI=Lang_LH_AntTemp | layer=16 | mean r=-0.068
ACROSS‑CIRC‑MULTITRAIN nllb200_distilled_1B | shift=104 | fROI=Lang_LH_AntTemp | layer=17 | mean r=-0.060
ACROSS‑CIRC‑MULTITRAIN nllb200_distilled_1B | shift=104 | fROI=Lang_LH_AntTemp | layer=18 | mean r=-0.075
ACROSS‑CIRC‑MULTITRAIN nllb200_distilled_1B | shift=104 | fROI=Lang_LH_AntTemp | layer=19 | mean r=-0.084
ACROSS‑CIRC‑MULTITRAIN nllb200_distilled_1B | shift=104 | fROI=Lang_LH_AntTemp | layer=20 | mean r=-0.065
ACROSS‑CIRC‑MULTITRAIN nllb200_distilled_1B | shift=104 | fROI=Lang_LH_AntTemp | layer=21 | mean r=-0.058
ACROSS‑CIRC‑MULTITRAIN nllb200_distilled_1B | shift=104 | fROI=Lang_LH_AntTemp | layer=22 | mean r=-0.041
ACROSS‑CIRC‑MULTITRAIN nllb200_distilled_1B | shift=104 | fROI=Lang_LH_AntTemp | layer=23 | mean r=-0.057
ACROSS‑CIRC‑MULTITRAIN nllb200_distilled_1B | shift=104 | fROI=Lang_LH_AntTemp | layer=24 | mean r=-0.046


Processing Lang_LH_IFG (3/6)

  >>> Circular shift = 26
ACROSS‑CIRC‑MULTITRAIN nllb200_distilled_1B | shift=26 | fROI=Lang_LH_IFG | layer=0 | mean r=-0.024
ACROSS‑CIRC‑MULTITRAIN nllb200_distilled_1B | shift=26 | fROI=Lang_LH_IFG | layer=1 | mean r=-0.058
ACROSS‑CIRC‑MULTITRAIN nllb200_distilled_1B | shift=26 | fROI=Lang_LH_IFG | layer=2 | mean r=-0.066
ACROSS‑CIRC‑MULTITRAIN nllb200_distilled_1B | shift=26 | fROI=Lang_LH_IFG | layer=3 | mean r=-0.066
ACROSS‑CIRC‑MULTITRAIN nllb200_distilled_1B | shift=26 | fROI=Lang_LH_IFG | layer=4 | mean r=-0.050
ACROSS‑CIRC‑MULTITRAIN nllb200_distilled_1B | shift=26 | fROI=Lang_LH_IFG | layer=5 | mean r=-0.039
ACROSS‑CIRC‑MULTITRAIN nllb200_distilled_1B | shift=26 | fROI=Lang_LH_IFG | layer=6 | mean r=-0.033
ACROSS‑CIRC‑MULTITRAIN nllb200_distilled_1B | shift=26 | fROI=Lang_LH_IFG | layer=7 | mean r=-0.023
ACROSS‑CIRC‑MULTITRAIN nllb200_distilled_1B | shift=26 | fROI=Lang_LH_IFG | layer=8 | mean r=-0.021
ACROSS‑CIRC‑MULTITRAIN nllb200_distilled_1B | shift=26 | fROI=Lang_LH_IFG | layer=9 | mean r=-0.011
ACROSS‑CIRC‑MULTITRAIN nllb200_distilled_1B | shift=26 | fROI=Lang_LH_IFG | layer=10 | mean r=-0.009
ACROSS‑CIRC‑MULTITRAIN nllb200_distilled_1B | shift=26 | fROI=Lang_LH_IFG | layer=11 | mean r=-0.013
ACROSS‑CIRC‑MULTITRAIN nllb200_distilled_1B | shift=26 | fROI=Lang_LH_IFG | layer=12 | mean r=0.000
ACROSS‑CIRC‑MULTITRAIN nllb200_distilled_1B | shift=26 | fROI=Lang_LH_IFG | layer=13 | mean r=-0.001
ACROSS‑CIRC‑MULTITRAIN nllb200_distilled_1B | shift=26 | fROI=Lang_LH_IFG | layer=14 | mean r=-0.011
ACROSS‑CIRC‑MULTITRAIN nllb200_distilled_1B | shift=26 | fROI=Lang_LH_IFG | layer=15 | mean r=-0.014
ACROSS‑CIRC‑MULTITRAIN nllb200_distilled_1B | shift=26 | fROI=Lang_LH_IFG | layer=16 | mean r=-0.009
ACROSS‑CIRC‑MULTITRAIN nllb200_distilled_1B | shift=26 | fROI=Lang_LH_IFG | layer=17 | mean r=-0.013
ACROSS‑CIRC‑MULTITRAIN nllb200_distilled_1B | shift=26 | fROI=Lang_LH_IFG | layer=18 | mean r=-0.018
ACROSS‑CIRC‑MULTITRAIN nllb200_distilled_1B | shift=26 | fROI=Lang_LH_IFG | layer=19 | mean r=-0.026
ACROSS‑CIRC‑MULTITRAIN nllb200_distilled_1B | shift=26 | fROI=Lang_LH_IFG | layer=20 | mean r=-0.027
ACROSS‑CIRC‑MULTITRAIN nllb200_distilled_1B | shift=26 | fROI=Lang_LH_IFG | layer=21 | mean r=-0.034
ACROSS‑CIRC‑MULTITRAIN nllb200_distilled_1B | shift=26 | fROI=Lang_LH_IFG | layer=22 | mean r=-0.043
ACROSS‑CIRC‑MULTITRAIN nllb200_distilled_1B | shift=26 | fROI=Lang_LH_IFG | layer=23 | mean r=-0.051
ACROSS‑CIRC‑MULTITRAIN nllb200_distilled_1B | shift=26 | fROI=Lang_LH_IFG | layer=24 | mean r=-0.040

  >>> Circular shift = 52
ACROSS‑CIRC‑MULTITRAIN nllb200_distilled_1B | shift=52 | fROI=Lang_LH_IFG | layer=0 | mean r=-0.021
ACROSS‑CIRC‑MULTITRAIN nllb200_distilled_1B | shift=52 | fROI=Lang_LH_IFG | layer=1 | mean r=-0.030
ACROSS‑CIRC‑MULTITRAIN nllb200_distilled_1B | shift=52 | fROI=Lang_LH_IFG | layer=2 | mean r=-0.063
ACROSS‑CIRC‑MULTITRAIN nllb200_distilled_1B | shift=52 | fROI=Lang_LH_IFG | layer=3 | mean r=-0.067
ACROSS‑CIRC‑MULTITRAIN nllb200_distilled_1B | shift=52 | fROI=Lang_LH_IFG | layer=4 | mean r=-0.076
ACROSS‑CIRC‑MULTITRAIN nllb200_distilled_1B | shift=52 | fROI=Lang_LH_IFG | layer=5 | mean r=-0.075
ACROSS‑CIRC‑MULTITRAIN nllb200_distilled_1B | shift=52 | fROI=Lang_LH_IFG | layer=6 | mean r=-0.065
ACROSS‑CIRC‑MULTITRAIN nllb200_distilled_1B | shift=52 | fROI=Lang_LH_IFG | layer=7 | mean r=-0.066
ACROSS‑CIRC‑MULTITRAIN nllb200_distilled_1B | shift=52 | fROI=Lang_LH_IFG | layer=8 | mean r=-0.082
ACROSS‑CIRC‑MULTITRAIN nllb200_distilled_1B | shift=52 | fROI=Lang_LH_IFG | layer=9 | mean r=-0.088
ACROSS‑CIRC‑MULTITRAIN nllb200_distilled_1B | shift=52 | fROI=Lang_LH_IFG | layer=10 | mean r=-0.090
ACROSS‑CIRC‑MULTITRAIN nllb200_distilled_1B | shift=52 | fROI=Lang_LH_IFG | layer=11 | mean r=-0.091
ACROSS‑CIRC‑MULTITRAIN nllb200_distilled_1B | shift=52 | fROI=Lang_LH_IFG | layer=12 | mean r=-0.103
ACROSS‑CIRC‑MULTITRAIN nllb200_distilled_1B | shift=52 | fROI=Lang_LH_IFG | layer=13 | mean r=-0.108
ACROSS‑CIRC‑MULTITRAIN nllb200_distilled_1B | shift=52 | fROI=Lang_LH_IFG | layer=14 | mean r=-0.117
ACROSS‑CIRC‑MULTITRAIN nllb200_distilled_1B | shift=52 | fROI=Lang_LH_IFG | layer=15 | mean r=-0.107
ACROSS‑CIRC‑MULTITRAIN nllb200_distilled_1B | shift=52 | fROI=Lang_LH_IFG | layer=16 | mean r=-0.104
ACROSS‑CIRC‑MULTITRAIN nllb200_distilled_1B | shift=52 | fROI=Lang_LH_IFG | layer=17 | mean r=-0.091
ACROSS‑CIRC‑MULTITRAIN nllb200_distilled_1B | shift=52 | fROI=Lang_LH_IFG | layer=18 | mean r=-0.096
ACROSS‑CIRC‑MULTITRAIN nllb200_distilled_1B | shift=52 | fROI=Lang_LH_IFG | layer=19 | mean r=-0.088
ACROSS‑CIRC‑MULTITRAIN nllb200_distilled_1B | shift=52 | fROI=Lang_LH_IFG | layer=20 | mean r=-0.077
ACROSS‑CIRC‑MULTITRAIN nllb200_distilled_1B | shift=52 | fROI=Lang_LH_IFG | layer=21 | mean r=-0.084
ACROSS‑CIRC‑MULTITRAIN nllb200_distilled_1B | shift=52 | fROI=Lang_LH_IFG | layer=22 | mean r=-0.082
ACROSS‑CIRC‑MULTITRAIN nllb200_distilled_1B | shift=52 | fROI=Lang_LH_IFG | layer=23 | mean r=-0.076
ACROSS‑CIRC‑MULTITRAIN nllb200_distilled_1B | shift=52 | fROI=Lang_LH_IFG | layer=24 | mean r=-0.075

  >>> Circular shift = 78
ACROSS‑CIRC‑MULTITRAIN nllb200_distilled_1B | shift=78 | fROI=Lang_LH_IFG | layer=0 | mean r=-0.011
ACROSS‑CIRC‑MULTITRAIN nllb200_distilled_1B | shift=78 | fROI=Lang_LH_IFG | layer=1 | mean r=0.010
ACROSS‑CIRC‑MULTITRAIN nllb200_distilled_1B | shift=78 | fROI=Lang_LH_IFG | layer=2 | mean r=0.024
ACROSS‑CIRC‑MULTITRAIN nllb200_distilled_1B | shift=78 | fROI=Lang_LH_IFG | layer=3 | mean r=0.000
ACROSS‑CIRC‑MULTITRAIN nllb200_distilled_1B | shift=78 | fROI=Lang_LH_IFG | layer=4 | mean r=0.010
ACROSS‑CIRC‑MULTITRAIN nllb200_distilled_1B | shift=78 | fROI=Lang_LH_IFG | layer=5 | mean r=0.006
ACROSS‑CIRC‑MULTITRAIN nllb200_distilled_1B | shift=78 | fROI=Lang_LH_IFG | layer=6 | mean r=0.015
ACROSS‑CIRC‑MULTITRAIN nllb200_distilled_1B | shift=78 | fROI=Lang_LH_IFG | layer=7 | mean r=0.009
ACROSS‑CIRC‑MULTITRAIN nllb200_distilled_1B | shift=78 | fROI=Lang_LH_IFG | layer=8 | mean r=0.001
ACROSS‑CIRC‑MULTITRAIN nllb200_distilled_1B | shift=78 | fROI=Lang_LH_IFG | layer=9 | mean r=-0.001
ACROSS‑CIRC‑MULTITRAIN nllb200_distilled_1B | shift=78 | fROI=Lang_LH_IFG | layer=10 | mean r=-0.028
ACROSS‑CIRC‑MULTITRAIN nllb200_distilled_1B | shift=78 | fROI=Lang_LH_IFG | layer=11 | mean r=-0.025
ACROSS‑CIRC‑MULTITRAIN nllb200_distilled_1B | shift=78 | fROI=Lang_LH_IFG | layer=12 | mean r=-0.051
ACROSS‑CIRC‑MULTITRAIN nllb200_distilled_1B | shift=78 | fROI=Lang_LH_IFG | layer=13 | mean r=-0.055
ACROSS‑CIRC‑MULTITRAIN nllb200_distilled_1B | shift=78 | fROI=Lang_LH_IFG | layer=14 | mean r=-0.050
ACROSS‑CIRC‑MULTITRAIN nllb200_distilled_1B | shift=78 | fROI=Lang_LH_IFG | layer=15 | mean r=-0.046
ACROSS‑CIRC‑MULTITRAIN nllb200_distilled_1B | shift=78 | fROI=Lang_LH_IFG | layer=16 | mean r=-0.038
ACROSS‑CIRC‑MULTITRAIN nllb200_distilled_1B | shift=78 | fROI=Lang_LH_IFG | layer=17 | mean r=-0.046
ACROSS‑CIRC‑MULTITRAIN nllb200_distilled_1B | shift=78 | fROI=Lang_LH_IFG | layer=18 | mean r=-0.046
ACROSS‑CIRC‑MULTITRAIN nllb200_distilled_1B | shift=78 | fROI=Lang_LH_IFG | layer=19 | mean r=-0.046
ACROSS‑CIRC‑MULTITRAIN nllb200_distilled_1B | shift=78 | fROI=Lang_LH_IFG | layer=20 | mean r=-0.037
ACROSS‑CIRC‑MULTITRAIN nllb200_distilled_1B | shift=78 | fROI=Lang_LH_IFG | layer=21 | mean r=-0.036
ACROSS‑CIRC‑MULTITRAIN nllb200_distilled_1B | shift=78 | fROI=Lang_LH_IFG | layer=22 | mean r=-0.032
ACROSS‑CIRC‑MULTITRAIN nllb200_distilled_1B | shift=78 | fROI=Lang_LH_IFG | layer=23 | mean r=-0.034
ACROSS‑CIRC‑MULTITRAIN nllb200_distilled_1B | shift=78 | fROI=Lang_LH_IFG | layer=24 | mean r=-0.027

  >>> Circular shift = 104
ACROSS‑CIRC‑MULTITRAIN nllb200_distilled_1B | shift=104 | fROI=Lang_LH_IFG | layer=0 | mean r=0.014
ACROSS‑CIRC‑MULTITRAIN nllb200_distilled_1B | shift=104 | fROI=Lang_LH_IFG | layer=1 | mean r=0.042
ACROSS‑CIRC‑MULTITRAIN nllb200_distilled_1B | shift=104 | fROI=Lang_LH_IFG | layer=2 | mean r=0.043
ACROSS‑CIRC‑MULTITRAIN nllb200_distilled_1B | shift=104 | fROI=Lang_LH_IFG | layer=3 | mean r=0.030
ACROSS‑CIRC‑MULTITRAIN nllb200_distilled_1B | shift=104 | fROI=Lang_LH_IFG | layer=4 | mean r=0.029
ACROSS‑CIRC‑MULTITRAIN nllb200_distilled_1B | shift=104 | fROI=Lang_LH_IFG | layer=5 | mean r=0.019
ACROSS‑CIRC‑MULTITRAIN nllb200_distilled_1B | shift=104 | fROI=Lang_LH_IFG | layer=6 | mean r=0.016
ACROSS‑CIRC‑MULTITRAIN nllb200_distilled_1B | shift=104 | fROI=Lang_LH_IFG | layer=7 | mean r=0.015
ACROSS‑CIRC‑MULTITRAIN nllb200_distilled_1B | shift=104 | fROI=Lang_LH_IFG | layer=8 | mean r=0.016
ACROSS‑CIRC‑MULTITRAIN nllb200_distilled_1B | shift=104 | fROI=Lang_LH_IFG | layer=9 | mean r=0.029
ACROSS‑CIRC‑MULTITRAIN nllb200_distilled_1B | shift=104 | fROI=Lang_LH_IFG | layer=10 | mean r=0.037
ACROSS‑CIRC‑MULTITRAIN nllb200_distilled_1B | shift=104 | fROI=Lang_LH_IFG | layer=11 | mean r=0.044
ACROSS‑CIRC‑MULTITRAIN nllb200_distilled_1B | shift=104 | fROI=Lang_LH_IFG | layer=12 | mean r=0.032
ACROSS‑CIRC‑MULTITRAIN nllb200_distilled_1B | shift=104 | fROI=Lang_LH_IFG | layer=13 | mean r=0.044
ACROSS‑CIRC‑MULTITRAIN nllb200_distilled_1B | shift=104 | fROI=Lang_LH_IFG | layer=14 | mean r=0.052
ACROSS‑CIRC‑MULTITRAIN nllb200_distilled_1B | shift=104 | fROI=Lang_LH_IFG | layer=15 | mean r=0.044
ACROSS‑CIRC‑MULTITRAIN nllb200_distilled_1B | shift=104 | fROI=Lang_LH_IFG | layer=16 | mean r=0.033
ACROSS‑CIRC‑MULTITRAIN nllb200_distilled_1B | shift=104 | fROI=Lang_LH_IFG | layer=17 | mean r=0.031
ACROSS‑CIRC‑MULTITRAIN nllb200_distilled_1B | shift=104 | fROI=Lang_LH_IFG | layer=18 | mean r=0.025
ACROSS‑CIRC‑MULTITRAIN nllb200_distilled_1B | shift=104 | fROI=Lang_LH_IFG | layer=19 | mean r=0.016
ACROSS‑CIRC‑MULTITRAIN nllb200_distilled_1B | shift=104 | fROI=Lang_LH_IFG | layer=20 | mean r=0.016
ACROSS‑CIRC‑MULTITRAIN nllb200_distilled_1B | shift=104 | fROI=Lang_LH_IFG | layer=21 | mean r=0.020
ACROSS‑CIRC‑MULTITRAIN nllb200_distilled_1B | shift=104 | fROI=Lang_LH_IFG | layer=22 | mean r=0.023
ACROSS‑CIRC‑MULTITRAIN nllb200_distilled_1B | shift=104 | fROI=Lang_LH_IFG | layer=23 | mean r=0.013
ACROSS‑CIRC‑MULTITRAIN nllb200_distilled_1B | shift=104 | fROI=Lang_LH_IFG | layer=24 | mean r=0.002


Processing Lang_LH_IFGorb (4/6)

  >>> Circular shift = 26
ACROSS‑CIRC‑MULTITRAIN nllb200_distilled_1B | shift=26 | fROI=Lang_LH_IFGorb | layer=0 | mean r=-0.067
ACROSS‑CIRC‑MULTITRAIN nllb200_distilled_1B | shift=26 | fROI=Lang_LH_IFGorb | layer=1 | mean r=-0.047
ACROSS‑CIRC‑MULTITRAIN nllb200_distilled_1B | shift=26 | fROI=Lang_LH_IFGorb | layer=2 | mean r=-0.082
ACROSS‑CIRC‑MULTITRAIN nllb200_distilled_1B | shift=26 | fROI=Lang_LH_IFGorb | layer=3 | mean r=-0.086
ACROSS‑CIRC‑MULTITRAIN nllb200_distilled_1B | shift=26 | fROI=Lang_LH_IFGorb | layer=4 | mean r=-0.064
ACROSS‑CIRC‑MULTITRAIN nllb200_distilled_1B | shift=26 | fROI=Lang_LH_IFGorb | layer=5 | mean r=-0.054
ACROSS‑CIRC‑MULTITRAIN nllb200_distilled_1B | shift=26 | fROI=Lang_LH_IFGorb | layer=6 | mean r=-0.046
ACROSS‑CIRC‑MULTITRAIN nllb200_distilled_1B | shift=26 | fROI=Lang_LH_IFGorb | layer=7 | mean r=-0.040
ACROSS‑CIRC‑MULTITRAIN nllb200_distilled_1B | shift=26 | fROI=Lang_LH_IFGorb | layer=8 | mean r=-0.054
ACROSS‑CIRC‑MULTITRAIN nllb200_distilled_1B | shift=26 | fROI=Lang_LH_IFGorb | layer=9 | mean r=-0.056
ACROSS‑CIRC‑MULTITRAIN nllb200_distilled_1B | shift=26 | fROI=Lang_LH_IFGorb | layer=10 | mean r=-0.052
ACROSS‑CIRC‑MULTITRAIN nllb200_distilled_1B | shift=26 | fROI=Lang_LH_IFGorb | layer=11 | mean r=-0.052
ACROSS‑CIRC‑MULTITRAIN nllb200_distilled_1B | shift=26 | fROI=Lang_LH_IFGorb | layer=12 | mean r=-0.049
ACROSS‑CIRC‑MULTITRAIN nllb200_distilled_1B | shift=26 | fROI=Lang_LH_IFGorb | layer=13 | mean r=-0.043
ACROSS‑CIRC‑MULTITRAIN nllb200_distilled_1B | shift=26 | fROI=Lang_LH_IFGorb | layer=14 | mean r=-0.047
ACROSS‑CIRC‑MULTITRAIN nllb200_distilled_1B | shift=26 | fROI=Lang_LH_IFGorb | layer=15 | mean r=-0.050
ACROSS‑CIRC‑MULTITRAIN nllb200_distilled_1B | shift=26 | fROI=Lang_LH_IFGorb | layer=16 | mean r=-0.045
ACROSS‑CIRC‑MULTITRAIN nllb200_distilled_1B | shift=26 | fROI=Lang_LH_IFGorb | layer=17 | mean r=-0.040
ACROSS‑CIRC‑MULTITRAIN nllb200_distilled_1B | shift=26 | fROI=Lang_LH_IFGorb | layer=18 | mean r=-0.037
ACROSS‑CIRC‑MULTITRAIN nllb200_distilled_1B | shift=26 | fROI=Lang_LH_IFGorb | layer=19 | mean r=-0.050
ACROSS‑CIRC‑MULTITRAIN nllb200_distilled_1B | shift=26 | fROI=Lang_LH_IFGorb | layer=20 | mean r=-0.045
ACROSS‑CIRC‑MULTITRAIN nllb200_distilled_1B | shift=26 | fROI=Lang_LH_IFGorb | layer=21 | mean r=-0.052
ACROSS‑CIRC‑MULTITRAIN nllb200_distilled_1B | shift=26 | fROI=Lang_LH_IFGorb | layer=22 | mean r=-0.053
ACROSS‑CIRC‑MULTITRAIN nllb200_distilled_1B | shift=26 | fROI=Lang_LH_IFGorb | layer=23 | mean r=-0.064
ACROSS‑CIRC‑MULTITRAIN nllb200_distilled_1B | shift=26 | fROI=Lang_LH_IFGorb | layer=24 | mean r=-0.061

  >>> Circular shift = 52
ACROSS‑CIRC‑MULTITRAIN nllb200_distilled_1B | shift=52 | fROI=Lang_LH_IFGorb | layer=0 | mean r=0.011
ACROSS‑CIRC‑MULTITRAIN nllb200_distilled_1B | shift=52 | fROI=Lang_LH_IFGorb | layer=1 | mean r=-0.021
ACROSS‑CIRC‑MULTITRAIN nllb200_distilled_1B | shift=52 | fROI=Lang_LH_IFGorb | layer=2 | mean r=-0.052
ACROSS‑CIRC‑MULTITRAIN nllb200_distilled_1B | shift=52 | fROI=Lang_LH_IFGorb | layer=3 | mean r=-0.059
ACROSS‑CIRC‑MULTITRAIN nllb200_distilled_1B | shift=52 | fROI=Lang_LH_IFGorb | layer=4 | mean r=-0.053
ACROSS‑CIRC‑MULTITRAIN nllb200_distilled_1B | shift=52 | fROI=Lang_LH_IFGorb | layer=5 | mean r=-0.058
ACROSS‑CIRC‑MULTITRAIN nllb200_distilled_1B | shift=52 | fROI=Lang_LH_IFGorb | layer=6 | mean r=-0.043
ACROSS‑CIRC‑MULTITRAIN nllb200_distilled_1B | shift=52 | fROI=Lang_LH_IFGorb | layer=7 | mean r=-0.032
ACROSS‑CIRC‑MULTITRAIN nllb200_distilled_1B | shift=52 | fROI=Lang_LH_IFGorb | layer=8 | mean r=-0.033
ACROSS‑CIRC‑MULTITRAIN nllb200_distilled_1B | shift=52 | fROI=Lang_LH_IFGorb | layer=9 | mean r=-0.038
ACROSS‑CIRC‑MULTITRAIN nllb200_distilled_1B | shift=52 | fROI=Lang_LH_IFGorb | layer=10 | mean r=-0.039
ACROSS‑CIRC‑MULTITRAIN nllb200_distilled_1B | shift=52 | fROI=Lang_LH_IFGorb | layer=11 | mean r=-0.041
ACROSS‑CIRC‑MULTITRAIN nllb200_distilled_1B | shift=52 | fROI=Lang_LH_IFGorb | layer=12 | mean r=-0.060
ACROSS‑CIRC‑MULTITRAIN nllb200_distilled_1B | shift=52 | fROI=Lang_LH_IFGorb | layer=13 | mean r=-0.064
ACROSS‑CIRC‑MULTITRAIN nllb200_distilled_1B | shift=52 | fROI=Lang_LH_IFGorb | layer=14 | mean r=-0.071
ACROSS‑CIRC‑MULTITRAIN nllb200_distilled_1B | shift=52 | fROI=Lang_LH_IFGorb | layer=15 | mean r=-0.056
ACROSS‑CIRC‑MULTITRAIN nllb200_distilled_1B | shift=52 | fROI=Lang_LH_IFGorb | layer=16 | mean r=-0.049
ACROSS‑CIRC‑MULTITRAIN nllb200_distilled_1B | shift=52 | fROI=Lang_LH_IFGorb | layer=17 | mean r=-0.041
ACROSS‑CIRC‑MULTITRAIN nllb200_distilled_1B | shift=52 | fROI=Lang_LH_IFGorb | layer=18 | mean r=-0.037
ACROSS‑CIRC‑MULTITRAIN nllb200_distilled_1B | shift=52 | fROI=Lang_LH_IFGorb | layer=19 | mean r=-0.034
ACROSS‑CIRC‑MULTITRAIN nllb200_distilled_1B | shift=52 | fROI=Lang_LH_IFGorb | layer=20 | mean r=-0.028
ACROSS‑CIRC‑MULTITRAIN nllb200_distilled_1B | shift=52 | fROI=Lang_LH_IFGorb | layer=21 | mean r=-0.032
ACROSS‑CIRC‑MULTITRAIN nllb200_distilled_1B | shift=52 | fROI=Lang_LH_IFGorb | layer=22 | mean r=-0.031
ACROSS‑CIRC‑MULTITRAIN nllb200_distilled_1B | shift=52 | fROI=Lang_LH_IFGorb | layer=23 | mean r=-0.028
ACROSS‑CIRC‑MULTITRAIN nllb200_distilled_1B | shift=52 | fROI=Lang_LH_IFGorb | layer=24 | mean r=-0.029

  >>> Circular shift = 78
ACROSS‑CIRC‑MULTITRAIN nllb200_distilled_1B | shift=78 | fROI=Lang_LH_IFGorb | layer=0 | mean r=-0.001
ACROSS‑CIRC‑MULTITRAIN nllb200_distilled_1B | shift=78 | fROI=Lang_LH_IFGorb | layer=1 | mean r=0.020
ACROSS‑CIRC‑MULTITRAIN nllb200_distilled_1B | shift=78 | fROI=Lang_LH_IFGorb | layer=2 | mean r=0.043
ACROSS‑CIRC‑MULTITRAIN nllb200_distilled_1B | shift=78 | fROI=Lang_LH_IFGorb | layer=3 | mean r=0.023
ACROSS‑CIRC‑MULTITRAIN nllb200_distilled_1B | shift=78 | fROI=Lang_LH_IFGorb | layer=4 | mean r=0.032
ACROSS‑CIRC‑MULTITRAIN nllb200_distilled_1B | shift=78 | fROI=Lang_LH_IFGorb | layer=5 | mean r=0.033
ACROSS‑CIRC‑MULTITRAIN nllb200_distilled_1B | shift=78 | fROI=Lang_LH_IFGorb | layer=6 | mean r=0.044
ACROSS‑CIRC‑MULTITRAIN nllb200_distilled_1B | shift=78 | fROI=Lang_LH_IFGorb | layer=7 | mean r=0.028
ACROSS‑CIRC‑MULTITRAIN nllb200_distilled_1B | shift=78 | fROI=Lang_LH_IFGorb | layer=8 | mean r=0.021
ACROSS‑CIRC‑MULTITRAIN nllb200_distilled_1B | shift=78 | fROI=Lang_LH_IFGorb | layer=9 | mean r=0.012
ACROSS‑CIRC‑MULTITRAIN nllb200_distilled_1B | shift=78 | fROI=Lang_LH_IFGorb | layer=10 | mean r=-0.020
ACROSS‑CIRC‑MULTITRAIN nllb200_distilled_1B | shift=78 | fROI=Lang_LH_IFGorb | layer=11 | mean r=-0.021
ACROSS‑CIRC‑MULTITRAIN nllb200_distilled_1B | shift=78 | fROI=Lang_LH_IFGorb | layer=12 | mean r=-0.048
ACROSS‑CIRC‑MULTITRAIN nllb200_distilled_1B | shift=78 | fROI=Lang_LH_IFGorb | layer=13 | mean r=-0.050
ACROSS‑CIRC‑MULTITRAIN nllb200_distilled_1B | shift=78 | fROI=Lang_LH_IFGorb | layer=14 | mean r=-0.050
ACROSS‑CIRC‑MULTITRAIN nllb200_distilled_1B | shift=78 | fROI=Lang_LH_IFGorb | layer=15 | mean r=-0.048
ACROSS‑CIRC‑MULTITRAIN nllb200_distilled_1B | shift=78 | fROI=Lang_LH_IFGorb | layer=16 | mean r=-0.042
ACROSS‑CIRC‑MULTITRAIN nllb200_distilled_1B | shift=78 | fROI=Lang_LH_IFGorb | layer=17 | mean r=-0.050
ACROSS‑CIRC‑MULTITRAIN nllb200_distilled_1B | shift=78 | fROI=Lang_LH_IFGorb | layer=18 | mean r=-0.043
ACROSS‑CIRC‑MULTITRAIN nllb200_distilled_1B | shift=78 | fROI=Lang_LH_IFGorb | layer=19 | mean r=-0.043
ACROSS‑CIRC‑MULTITRAIN nllb200_distilled_1B | shift=78 | fROI=Lang_LH_IFGorb | layer=20 | mean r=-0.041
ACROSS‑CIRC‑MULTITRAIN nllb200_distilled_1B | shift=78 | fROI=Lang_LH_IFGorb | layer=21 | mean r=-0.035
ACROSS‑CIRC‑MULTITRAIN nllb200_distilled_1B | shift=78 | fROI=Lang_LH_IFGorb | layer=22 | mean r=-0.035
ACROSS‑CIRC‑MULTITRAIN nllb200_distilled_1B | shift=78 | fROI=Lang_LH_IFGorb | layer=23 | mean r=-0.024
ACROSS‑CIRC‑MULTITRAIN nllb200_distilled_1B | shift=78 | fROI=Lang_LH_IFGorb | layer=24 | mean r=-0.028

  >>> Circular shift = 104
ACROSS‑CIRC‑MULTITRAIN nllb200_distilled_1B | shift=104 | fROI=Lang_LH_IFGorb | layer=0 | mean r=-0.023
ACROSS‑CIRC‑MULTITRAIN nllb200_distilled_1B | shift=104 | fROI=Lang_LH_IFGorb | layer=1 | mean r=0.008
ACROSS‑CIRC‑MULTITRAIN nllb200_distilled_1B | shift=104 | fROI=Lang_LH_IFGorb | layer=2 | mean r=0.017
ACROSS‑CIRC‑MULTITRAIN nllb200_distilled_1B | shift=104 | fROI=Lang_LH_IFGorb | layer=3 | mean r=-0.008
ACROSS‑CIRC‑MULTITRAIN nllb200_distilled_1B | shift=104 | fROI=Lang_LH_IFGorb | layer=4 | mean r=-0.009
ACROSS‑CIRC‑MULTITRAIN nllb200_distilled_1B | shift=104 | fROI=Lang_LH_IFGorb | layer=5 | mean r=-0.018
ACROSS‑CIRC‑MULTITRAIN nllb200_distilled_1B | shift=104 | fROI=Lang_LH_IFGorb | layer=6 | mean r=-0.020
ACROSS‑CIRC‑MULTITRAIN nllb200_distilled_1B | shift=104 | fROI=Lang_LH_IFGorb | layer=7 | mean r=-0.032
ACROSS‑CIRC‑MULTITRAIN nllb200_distilled_1B | shift=104 | fROI=Lang_LH_IFGorb | layer=8 | mean r=-0.022
ACROSS‑CIRC‑MULTITRAIN nllb200_distilled_1B | shift=104 | fROI=Lang_LH_IFGorb | layer=9 | mean r=-0.013
ACROSS‑CIRC‑MULTITRAIN nllb200_distilled_1B | shift=104 | fROI=Lang_LH_IFGorb | layer=10 | mean r=-0.012
ACROSS‑CIRC‑MULTITRAIN nllb200_distilled_1B | shift=104 | fROI=Lang_LH_IFGorb | layer=11 | mean r=-0.006
ACROSS‑CIRC‑MULTITRAIN nllb200_distilled_1B | shift=104 | fROI=Lang_LH_IFGorb | layer=12 | mean r=-0.002
ACROSS‑CIRC‑MULTITRAIN nllb200_distilled_1B | shift=104 | fROI=Lang_LH_IFGorb | layer=13 | mean r=0.007
ACROSS‑CIRC‑MULTITRAIN nllb200_distilled_1B | shift=104 | fROI=Lang_LH_IFGorb | layer=14 | mean r=0.027
ACROSS‑CIRC‑MULTITRAIN nllb200_distilled_1B | shift=104 | fROI=Lang_LH_IFGorb | layer=15 | mean r=0.025
ACROSS‑CIRC‑MULTITRAIN nllb200_distilled_1B | shift=104 | fROI=Lang_LH_IFGorb | layer=16 | mean r=0.018
ACROSS‑CIRC‑MULTITRAIN nllb200_distilled_1B | shift=104 | fROI=Lang_LH_IFGorb | layer=17 | mean r=0.014
ACROSS‑CIRC‑MULTITRAIN nllb200_distilled_1B | shift=104 | fROI=Lang_LH_IFGorb | layer=18 | mean r=0.002
ACROSS‑CIRC‑MULTITRAIN nllb200_distilled_1B | shift=104 | fROI=Lang_LH_IFGorb | layer=19 | mean r=0.003
ACROSS‑CIRC‑MULTITRAIN nllb200_distilled_1B | shift=104 | fROI=Lang_LH_IFGorb | layer=20 | mean r=0.006
ACROSS‑CIRC‑MULTITRAIN nllb200_distilled_1B | shift=104 | fROI=Lang_LH_IFGorb | layer=21 | mean r=0.002
ACROSS‑CIRC‑MULTITRAIN nllb200_distilled_1B | shift=104 | fROI=Lang_LH_IFGorb | layer=22 | mean r=0.004
ACROSS‑CIRC‑MULTITRAIN nllb200_distilled_1B | shift=104 | fROI=Lang_LH_IFGorb | layer=23 | mean r=-0.003
ACROSS‑CIRC‑MULTITRAIN nllb200_distilled_1B | shift=104 | fROI=Lang_LH_IFGorb | layer=24 | mean r=-0.007


Processing Lang_LH_MFG (5/6)

  >>> Circular shift = 26
ACROSS‑CIRC‑MULTITRAIN nllb200_distilled_1B | shift=26 | fROI=Lang_LH_MFG | layer=0 | mean r=-0.076
ACROSS‑CIRC‑MULTITRAIN nllb200_distilled_1B | shift=26 | fROI=Lang_LH_MFG | layer=1 | mean r=-0.109
ACROSS‑CIRC‑MULTITRAIN nllb200_distilled_1B | shift=26 | fROI=Lang_LH_MFG | layer=2 | mean r=-0.087
ACROSS‑CIRC‑MULTITRAIN nllb200_distilled_1B | shift=26 | fROI=Lang_LH_MFG | layer=3 | mean r=-0.079
ACROSS‑CIRC‑MULTITRAIN nllb200_distilled_1B | shift=26 | fROI=Lang_LH_MFG | layer=4 | mean r=-0.066
ACROSS‑CIRC‑MULTITRAIN nllb200_distilled_1B | shift=26 | fROI=Lang_LH_MFG | layer=5 | mean r=-0.048
ACROSS‑CIRC‑MULTITRAIN nllb200_distilled_1B | shift=26 | fROI=Lang_LH_MFG | layer=6 | mean r=-0.041
ACROSS‑CIRC‑MULTITRAIN nllb200_distilled_1B | shift=26 | fROI=Lang_LH_MFG | layer=7 | mean r=-0.037
ACROSS‑CIRC‑MULTITRAIN nllb200_distilled_1B | shift=26 | fROI=Lang_LH_MFG | layer=8 | mean r=-0.026
ACROSS‑CIRC‑MULTITRAIN nllb200_distilled_1B | shift=26 | fROI=Lang_LH_MFG | layer=9 | mean r=-0.039
ACROSS‑CIRC‑MULTITRAIN nllb200_distilled_1B | shift=26 | fROI=Lang_LH_MFG | layer=10 | mean r=-0.041
ACROSS‑CIRC‑MULTITRAIN nllb200_distilled_1B | shift=26 | fROI=Lang_LH_MFG | layer=11 | mean r=-0.056
ACROSS‑CIRC‑MULTITRAIN nllb200_distilled_1B | shift=26 | fROI=Lang_LH_MFG | layer=12 | mean r=-0.047
ACROSS‑CIRC‑MULTITRAIN nllb200_distilled_1B | shift=26 | fROI=Lang_LH_MFG | layer=13 | mean r=-0.044
ACROSS‑CIRC‑MULTITRAIN nllb200_distilled_1B | shift=26 | fROI=Lang_LH_MFG | layer=14 | mean r=-0.047
ACROSS‑CIRC‑MULTITRAIN nllb200_distilled_1B | shift=26 | fROI=Lang_LH_MFG | layer=15 | mean r=-0.044
ACROSS‑CIRC‑MULTITRAIN nllb200_distilled_1B | shift=26 | fROI=Lang_LH_MFG | layer=16 | mean r=-0.034
ACROSS‑CIRC‑MULTITRAIN nllb200_distilled_1B | shift=26 | fROI=Lang_LH_MFG | layer=17 | mean r=-0.030
ACROSS‑CIRC‑MULTITRAIN nllb200_distilled_1B | shift=26 | fROI=Lang_LH_MFG | layer=18 | mean r=-0.040
ACROSS‑CIRC‑MULTITRAIN nllb200_distilled_1B | shift=26 | fROI=Lang_LH_MFG | layer=19 | mean r=-0.047
ACROSS‑CIRC‑MULTITRAIN nllb200_distilled_1B | shift=26 | fROI=Lang_LH_MFG | layer=20 | mean r=-0.040
ACROSS‑CIRC‑MULTITRAIN nllb200_distilled_1B | shift=26 | fROI=Lang_LH_MFG | layer=21 | mean r=-0.046
ACROSS‑CIRC‑MULTITRAIN nllb200_distilled_1B | shift=26 | fROI=Lang_LH_MFG | layer=22 | mean r=-0.042
ACROSS‑CIRC‑MULTITRAIN nllb200_distilled_1B | shift=26 | fROI=Lang_LH_MFG | layer=23 | mean r=-0.062
ACROSS‑CIRC‑MULTITRAIN nllb200_distilled_1B | shift=26 | fROI=Lang_LH_MFG | layer=24 | mean r=-0.023

  >>> Circular shift = 52
ACROSS‑CIRC‑MULTITRAIN nllb200_distilled_1B | shift=52 | fROI=Lang_LH_MFG | layer=0 | mean r=-0.004
ACROSS‑CIRC‑MULTITRAIN nllb200_distilled_1B | shift=52 | fROI=Lang_LH_MFG | layer=1 | mean r=-0.013
ACROSS‑CIRC‑MULTITRAIN nllb200_distilled_1B | shift=52 | fROI=Lang_LH_MFG | layer=2 | mean r=-0.055
ACROSS‑CIRC‑MULTITRAIN nllb200_distilled_1B | shift=52 | fROI=Lang_LH_MFG | layer=3 | mean r=-0.082
ACROSS‑CIRC‑MULTITRAIN nllb200_distilled_1B | shift=52 | fROI=Lang_LH_MFG | layer=4 | mean r=-0.092
ACROSS‑CIRC‑MULTITRAIN nllb200_distilled_1B | shift=52 | fROI=Lang_LH_MFG | layer=5 | mean r=-0.075
ACROSS‑CIRC‑MULTITRAIN nllb200_distilled_1B | shift=52 | fROI=Lang_LH_MFG | layer=6 | mean r=-0.067
ACROSS‑CIRC‑MULTITRAIN nllb200_distilled_1B | shift=52 | fROI=Lang_LH_MFG | layer=7 | mean r=-0.062
ACROSS‑CIRC‑MULTITRAIN nllb200_distilled_1B | shift=52 | fROI=Lang_LH_MFG | layer=8 | mean r=-0.084
ACROSS‑CIRC‑MULTITRAIN nllb200_distilled_1B | shift=52 | fROI=Lang_LH_MFG | layer=9 | mean r=-0.096
ACROSS‑CIRC‑MULTITRAIN nllb200_distilled_1B | shift=52 | fROI=Lang_LH_MFG | layer=10 | mean r=-0.108
ACROSS‑CIRC‑MULTITRAIN nllb200_distilled_1B | shift=52 | fROI=Lang_LH_MFG | layer=11 | mean r=-0.111
ACROSS‑CIRC‑MULTITRAIN nllb200_distilled_1B | shift=52 | fROI=Lang_LH_MFG | layer=12 | mean r=-0.116
ACROSS‑CIRC‑MULTITRAIN nllb200_distilled_1B | shift=52 | fROI=Lang_LH_MFG | layer=13 | mean r=-0.123
ACROSS‑CIRC‑MULTITRAIN nllb200_distilled_1B | shift=52 | fROI=Lang_LH_MFG | layer=14 | mean r=-0.130
ACROSS‑CIRC‑MULTITRAIN nllb200_distilled_1B | shift=52 | fROI=Lang_LH_MFG | layer=15 | mean r=-0.137
ACROSS‑CIRC‑MULTITRAIN nllb200_distilled_1B | shift=52 | fROI=Lang_LH_MFG | layer=16 | mean r=-0.132
ACROSS‑CIRC‑MULTITRAIN nllb200_distilled_1B | shift=52 | fROI=Lang_LH_MFG | layer=17 | mean r=-0.109
ACROSS‑CIRC‑MULTITRAIN nllb200_distilled_1B | shift=52 | fROI=Lang_LH_MFG | layer=18 | mean r=-0.107
ACROSS‑CIRC‑MULTITRAIN nllb200_distilled_1B | shift=52 | fROI=Lang_LH_MFG | layer=19 | mean r=-0.102
ACROSS‑CIRC‑MULTITRAIN nllb200_distilled_1B | shift=52 | fROI=Lang_LH_MFG | layer=20 | mean r=-0.098
ACROSS‑CIRC‑MULTITRAIN nllb200_distilled_1B | shift=52 | fROI=Lang_LH_MFG | layer=21 | mean r=-0.097
ACROSS‑CIRC‑MULTITRAIN nllb200_distilled_1B | shift=52 | fROI=Lang_LH_MFG | layer=22 | mean r=-0.097
ACROSS‑CIRC‑MULTITRAIN nllb200_distilled_1B | shift=52 | fROI=Lang_LH_MFG | layer=23 | mean r=-0.091
ACROSS‑CIRC‑MULTITRAIN nllb200_distilled_1B | shift=52 | fROI=Lang_LH_MFG | layer=24 | mean r=-0.087

  >>> Circular shift = 78
ACROSS‑CIRC‑MULTITRAIN nllb200_distilled_1B | shift=78 | fROI=Lang_LH_MFG | layer=0 | mean r=-0.023
ACROSS‑CIRC‑MULTITRAIN nllb200_distilled_1B | shift=78 | fROI=Lang_LH_MFG | layer=1 | mean r=-0.005
ACROSS‑CIRC‑MULTITRAIN nllb200_distilled_1B | shift=78 | fROI=Lang_LH_MFG | layer=2 | mean r=0.005
ACROSS‑CIRC‑MULTITRAIN nllb200_distilled_1B | shift=78 | fROI=Lang_LH_MFG | layer=3 | mean r=-0.028
ACROSS‑CIRC‑MULTITRAIN nllb200_distilled_1B | shift=78 | fROI=Lang_LH_MFG | layer=4 | mean r=-0.021
ACROSS‑CIRC‑MULTITRAIN nllb200_distilled_1B | shift=78 | fROI=Lang_LH_MFG | layer=5 | mean r=-0.023
ACROSS‑CIRC‑MULTITRAIN nllb200_distilled_1B | shift=78 | fROI=Lang_LH_MFG | layer=6 | mean r=-0.012
ACROSS‑CIRC‑MULTITRAIN nllb200_distilled_1B | shift=78 | fROI=Lang_LH_MFG | layer=7 | mean r=-0.004
ACROSS‑CIRC‑MULTITRAIN nllb200_distilled_1B | shift=78 | fROI=Lang_LH_MFG | layer=8 | mean r=-0.005
ACROSS‑CIRC‑MULTITRAIN nllb200_distilled_1B | shift=78 | fROI=Lang_LH_MFG | layer=9 | mean r=0.002
ACROSS‑CIRC‑MULTITRAIN nllb200_distilled_1B | shift=78 | fROI=Lang_LH_MFG | layer=10 | mean r=-0.008
ACROSS‑CIRC‑MULTITRAIN nllb200_distilled_1B | shift=78 | fROI=Lang_LH_MFG | layer=11 | mean r=-0.013
ACROSS‑CIRC‑MULTITRAIN nllb200_distilled_1B | shift=78 | fROI=Lang_LH_MFG | layer=12 | mean r=-0.019
ACROSS‑CIRC‑MULTITRAIN nllb200_distilled_1B | shift=78 | fROI=Lang_LH_MFG | layer=13 | mean r=-0.031
ACROSS‑CIRC‑MULTITRAIN nllb200_distilled_1B | shift=78 | fROI=Lang_LH_MFG | layer=14 | mean r=-0.027
ACROSS‑CIRC‑MULTITRAIN nllb200_distilled_1B | shift=78 | fROI=Lang_LH_MFG | layer=15 | mean r=-0.031
ACROSS‑CIRC‑MULTITRAIN nllb200_distilled_1B | shift=78 | fROI=Lang_LH_MFG | layer=16 | mean r=-0.021
ACROSS‑CIRC‑MULTITRAIN nllb200_distilled_1B | shift=78 | fROI=Lang_LH_MFG | layer=17 | mean r=-0.030
ACROSS‑CIRC‑MULTITRAIN nllb200_distilled_1B | shift=78 | fROI=Lang_LH_MFG | layer=18 | mean r=-0.024
ACROSS‑CIRC‑MULTITRAIN nllb200_distilled_1B | shift=78 | fROI=Lang_LH_MFG | layer=19 | mean r=-0.021
ACROSS‑CIRC‑MULTITRAIN nllb200_distilled_1B | shift=78 | fROI=Lang_LH_MFG | layer=20 | mean r=-0.013
ACROSS‑CIRC‑MULTITRAIN nllb200_distilled_1B | shift=78 | fROI=Lang_LH_MFG | layer=21 | mean r=-0.011
ACROSS‑CIRC‑MULTITRAIN nllb200_distilled_1B | shift=78 | fROI=Lang_LH_MFG | layer=22 | mean r=-0.012
ACROSS‑CIRC‑MULTITRAIN nllb200_distilled_1B | shift=78 | fROI=Lang_LH_MFG | layer=23 | mean r=-0.007
ACROSS‑CIRC‑MULTITRAIN nllb200_distilled_1B | shift=78 | fROI=Lang_LH_MFG | layer=24 | mean r=-0.012

  >>> Circular shift = 104
ACROSS‑CIRC‑MULTITRAIN nllb200_distilled_1B | shift=104 | fROI=Lang_LH_MFG | layer=0 | mean r=-0.022
ACROSS‑CIRC‑MULTITRAIN nllb200_distilled_1B | shift=104 | fROI=Lang_LH_MFG | layer=1 | mean r=-0.014
ACROSS‑CIRC‑MULTITRAIN nllb200_distilled_1B | shift=104 | fROI=Lang_LH_MFG | layer=2 | mean r=-0.024
ACROSS‑CIRC‑MULTITRAIN nllb200_distilled_1B | shift=104 | fROI=Lang_LH_MFG | layer=3 | mean r=-0.010
ACROSS‑CIRC‑MULTITRAIN nllb200_distilled_1B | shift=104 | fROI=Lang_LH_MFG | layer=4 | mean r=-0.006
ACROSS‑CIRC‑MULTITRAIN nllb200_distilled_1B | shift=104 | fROI=Lang_LH_MFG | layer=5 | mean r=-0.022
ACROSS‑CIRC‑MULTITRAIN nllb200_distilled_1B | shift=104 | fROI=Lang_LH_MFG | layer=6 | mean r=-0.013
ACROSS‑CIRC‑MULTITRAIN nllb200_distilled_1B | shift=104 | fROI=Lang_LH_MFG | layer=7 | mean r=-0.027
ACROSS‑CIRC‑MULTITRAIN nllb200_distilled_1B | shift=104 | fROI=Lang_LH_MFG | layer=8 | mean r=-0.026
ACROSS‑CIRC‑MULTITRAIN nllb200_distilled_1B | shift=104 | fROI=Lang_LH_MFG | layer=9 | mean r=-0.014
ACROSS‑CIRC‑MULTITRAIN nllb200_distilled_1B | shift=104 | fROI=Lang_LH_MFG | layer=10 | mean r=0.008
ACROSS‑CIRC‑MULTITRAIN nllb200_distilled_1B | shift=104 | fROI=Lang_LH_MFG | layer=11 | mean r=0.021
ACROSS‑CIRC‑MULTITRAIN nllb200_distilled_1B | shift=104 | fROI=Lang_LH_MFG | layer=12 | mean r=0.035
ACROSS‑CIRC‑MULTITRAIN nllb200_distilled_1B | shift=104 | fROI=Lang_LH_MFG | layer=13 | mean r=0.044
ACROSS‑CIRC‑MULTITRAIN nllb200_distilled_1B | shift=104 | fROI=Lang_LH_MFG | layer=14 | mean r=0.047
ACROSS‑CIRC‑MULTITRAIN nllb200_distilled_1B | shift=104 | fROI=Lang_LH_MFG | layer=15 | mean r=0.045
ACROSS‑CIRC‑MULTITRAIN nllb200_distilled_1B | shift=104 | fROI=Lang_LH_MFG | layer=16 | mean r=0.037
ACROSS‑CIRC‑MULTITRAIN nllb200_distilled_1B | shift=104 | fROI=Lang_LH_MFG | layer=17 | mean r=0.038
ACROSS‑CIRC‑MULTITRAIN nllb200_distilled_1B | shift=104 | fROI=Lang_LH_MFG | layer=18 | mean r=0.044
ACROSS‑CIRC‑MULTITRAIN nllb200_distilled_1B | shift=104 | fROI=Lang_LH_MFG | layer=19 | mean r=0.043
ACROSS‑CIRC‑MULTITRAIN nllb200_distilled_1B | shift=104 | fROI=Lang_LH_MFG | layer=20 | mean r=0.041
ACROSS‑CIRC‑MULTITRAIN nllb200_distilled_1B | shift=104 | fROI=Lang_LH_MFG | layer=21 | mean r=0.044
ACROSS‑CIRC‑MULTITRAIN nllb200_distilled_1B | shift=104 | fROI=Lang_LH_MFG | layer=22 | mean r=0.047
ACROSS‑CIRC‑MULTITRAIN nllb200_distilled_1B | shift=104 | fROI=Lang_LH_MFG | layer=23 | mean r=0.042
ACROSS‑CIRC‑MULTITRAIN nllb200_distilled_1B | shift=104 | fROI=Lang_LH_MFG | layer=24 | mean r=0.020


Processing Lang_LH_PostTemp (6/6)

  >>> Circular shift = 26
ACROSS‑CIRC‑MULTITRAIN nllb200_distilled_1B | shift=26 | fROI=Lang_LH_PostTemp | layer=0 | mean r=-0.029
ACROSS‑CIRC‑MULTITRAIN nllb200_distilled_1B | shift=26 | fROI=Lang_LH_PostTemp | layer=1 | mean r=-0.032
ACROSS‑CIRC‑MULTITRAIN nllb200_distilled_1B | shift=26 | fROI=Lang_LH_PostTemp | layer=2 | mean r=-0.060
ACROSS‑CIRC‑MULTITRAIN nllb200_distilled_1B | shift=26 | fROI=Lang_LH_PostTemp | layer=3 | mean r=-0.049
ACROSS‑CIRC‑MULTITRAIN nllb200_distilled_1B | shift=26 | fROI=Lang_LH_PostTemp | layer=4 | mean r=-0.018
ACROSS‑CIRC‑MULTITRAIN nllb200_distilled_1B | shift=26 | fROI=Lang_LH_PostTemp | layer=5 | mean r=-0.020
ACROSS‑CIRC‑MULTITRAIN nllb200_distilled_1B | shift=26 | fROI=Lang_LH_PostTemp | layer=6 | mean r=-0.007
ACROSS‑CIRC‑MULTITRAIN nllb200_distilled_1B | shift=26 | fROI=Lang_LH_PostTemp | layer=7 | mean r=-0.009
ACROSS‑CIRC‑MULTITRAIN nllb200_distilled_1B | shift=26 | fROI=Lang_LH_PostTemp | layer=8 | mean r=0.001
ACROSS‑CIRC‑MULTITRAIN nllb200_distilled_1B | shift=26 | fROI=Lang_LH_PostTemp | layer=9 | mean r=-0.004
ACROSS‑CIRC‑MULTITRAIN nllb200_distilled_1B | shift=26 | fROI=Lang_LH_PostTemp | layer=10 | mean r=-0.001
ACROSS‑CIRC‑MULTITRAIN nllb200_distilled_1B | shift=26 | fROI=Lang_LH_PostTemp | layer=11 | mean r=0.006
ACROSS‑CIRC‑MULTITRAIN nllb200_distilled_1B | shift=26 | fROI=Lang_LH_PostTemp | layer=12 | mean r=-0.002
ACROSS‑CIRC‑MULTITRAIN nllb200_distilled_1B | shift=26 | fROI=Lang_LH_PostTemp | layer=13 | mean r=-0.002
ACROSS‑CIRC‑MULTITRAIN nllb200_distilled_1B | shift=26 | fROI=Lang_LH_PostTemp | layer=14 | mean r=-0.002
ACROSS‑CIRC‑MULTITRAIN nllb200_distilled_1B | shift=26 | fROI=Lang_LH_PostTemp | layer=15 | mean r=-0.014
ACROSS‑CIRC‑MULTITRAIN nllb200_distilled_1B | shift=26 | fROI=Lang_LH_PostTemp | layer=16 | mean r=-0.020
ACROSS‑CIRC‑MULTITRAIN nllb200_distilled_1B | shift=26 | fROI=Lang_LH_PostTemp | layer=17 | mean r=-0.015
ACROSS‑CIRC‑MULTITRAIN nllb200_distilled_1B | shift=26 | fROI=Lang_LH_PostTemp | layer=18 | mean r=-0.017
ACROSS‑CIRC‑MULTITRAIN nllb200_distilled_1B | shift=26 | fROI=Lang_LH_PostTemp | layer=19 | mean r=-0.023
ACROSS‑CIRC‑MULTITRAIN nllb200_distilled_1B | shift=26 | fROI=Lang_LH_PostTemp | layer=20 | mean r=-0.024
ACROSS‑CIRC‑MULTITRAIN nllb200_distilled_1B | shift=26 | fROI=Lang_LH_PostTemp | layer=21 | mean r=-0.026
ACROSS‑CIRC‑MULTITRAIN nllb200_distilled_1B | shift=26 | fROI=Lang_LH_PostTemp | layer=22 | mean r=-0.032
ACROSS‑CIRC‑MULTITRAIN nllb200_distilled_1B | shift=26 | fROI=Lang_LH_PostTemp | layer=23 | mean r=-0.031
ACROSS‑CIRC‑MULTITRAIN nllb200_distilled_1B | shift=26 | fROI=Lang_LH_PostTemp | layer=24 | mean r=-0.037

  >>> Circular shift = 52
ACROSS‑CIRC‑MULTITRAIN nllb200_distilled_1B | shift=52 | fROI=Lang_LH_PostTemp | layer=0 | mean r=0.032
ACROSS‑CIRC‑MULTITRAIN nllb200_distilled_1B | shift=52 | fROI=Lang_LH_PostTemp | layer=1 | mean r=0.014
ACROSS‑CIRC‑MULTITRAIN nllb200_distilled_1B | shift=52 | fROI=Lang_LH_PostTemp | layer=2 | mean r=-0.020
ACROSS‑CIRC‑MULTITRAIN nllb200_distilled_1B | shift=52 | fROI=Lang_LH_PostTemp | layer=3 | mean r=-0.016
ACROSS‑CIRC‑MULTITRAIN nllb200_distilled_1B | shift=52 | fROI=Lang_LH_PostTemp | layer=4 | mean r=-0.025
ACROSS‑CIRC‑MULTITRAIN nllb200_distilled_1B | shift=52 | fROI=Lang_LH_PostTemp | layer=5 | mean r=-0.023
ACROSS‑CIRC‑MULTITRAIN nllb200_distilled_1B | shift=52 | fROI=Lang_LH_PostTemp | layer=6 | mean r=-0.019
ACROSS‑CIRC‑MULTITRAIN nllb200_distilled_1B | shift=52 | fROI=Lang_LH_PostTemp | layer=7 | mean r=-0.011
ACROSS‑CIRC‑MULTITRAIN nllb200_distilled_1B | shift=52 | fROI=Lang_LH_PostTemp | layer=8 | mean r=-0.023
ACROSS‑CIRC‑MULTITRAIN nllb200_distilled_1B | shift=52 | fROI=Lang_LH_PostTemp | layer=9 | mean r=-0.021
ACROSS‑CIRC‑MULTITRAIN nllb200_distilled_1B | shift=52 | fROI=Lang_LH_PostTemp | layer=10 | mean r=-0.021
ACROSS‑CIRC‑MULTITRAIN nllb200_distilled_1B | shift=52 | fROI=Lang_LH_PostTemp | layer=11 | mean r=-0.020
ACROSS‑CIRC‑MULTITRAIN nllb200_distilled_1B | shift=52 | fROI=Lang_LH_PostTemp | layer=12 | mean r=-0.036
ACROSS‑CIRC‑MULTITRAIN nllb200_distilled_1B | shift=52 | fROI=Lang_LH_PostTemp | layer=13 | mean r=-0.046
ACROSS‑CIRC‑MULTITRAIN nllb200_distilled_1B | shift=52 | fROI=Lang_LH_PostTemp | layer=14 | mean r=-0.047
ACROSS‑CIRC‑MULTITRAIN nllb200_distilled_1B | shift=52 | fROI=Lang_LH_PostTemp | layer=15 | mean r=-0.045
ACROSS‑CIRC‑MULTITRAIN nllb200_distilled_1B | shift=52 | fROI=Lang_LH_PostTemp | layer=16 | mean r=-0.045
ACROSS‑CIRC‑MULTITRAIN nllb200_distilled_1B | shift=52 | fROI=Lang_LH_PostTemp | layer=17 | mean r=-0.056
ACROSS‑CIRC‑MULTITRAIN nllb200_distilled_1B | shift=52 | fROI=Lang_LH_PostTemp | layer=18 | mean r=-0.064
ACROSS‑CIRC‑MULTITRAIN nllb200_distilled_1B | shift=52 | fROI=Lang_LH_PostTemp | layer=19 | mean r=-0.052
ACROSS‑CIRC‑MULTITRAIN nllb200_distilled_1B | shift=52 | fROI=Lang_LH_PostTemp | layer=20 | mean r=-0.052
ACROSS‑CIRC‑MULTITRAIN nllb200_distilled_1B | shift=52 | fROI=Lang_LH_PostTemp | layer=21 | mean r=-0.071
ACROSS‑CIRC‑MULTITRAIN nllb200_distilled_1B | shift=52 | fROI=Lang_LH_PostTemp | layer=22 | mean r=-0.073
ACROSS‑CIRC‑MULTITRAIN nllb200_distilled_1B | shift=52 | fROI=Lang_LH_PostTemp | layer=23 | mean r=-0.077
ACROSS‑CIRC‑MULTITRAIN nllb200_distilled_1B | shift=52 | fROI=Lang_LH_PostTemp | layer=24 | mean r=-0.076

  >>> Circular shift = 78
ACROSS‑CIRC‑MULTITRAIN nllb200_distilled_1B | shift=78 | fROI=Lang_LH_PostTemp | layer=0 | mean r=-0.049
ACROSS‑CIRC‑MULTITRAIN nllb200_distilled_1B | shift=78 | fROI=Lang_LH_PostTemp | layer=1 | mean r=-0.011
ACROSS‑CIRC‑MULTITRAIN nllb200_distilled_1B | shift=78 | fROI=Lang_LH_PostTemp | layer=2 | mean r=0.002
ACROSS‑CIRC‑MULTITRAIN nllb200_distilled_1B | shift=78 | fROI=Lang_LH_PostTemp | layer=3 | mean r=-0.018
ACROSS‑CIRC‑MULTITRAIN nllb200_distilled_1B | shift=78 | fROI=Lang_LH_PostTemp | layer=4 | mean r=-0.016
ACROSS‑CIRC‑MULTITRAIN nllb200_distilled_1B | shift=78 | fROI=Lang_LH_PostTemp | layer=5 | mean r=-0.034
ACROSS‑CIRC‑MULTITRAIN nllb200_distilled_1B | shift=78 | fROI=Lang_LH_PostTemp | layer=6 | mean r=-0.044
ACROSS‑CIRC‑MULTITRAIN nllb200_distilled_1B | shift=78 | fROI=Lang_LH_PostTemp | layer=7 | mean r=-0.056
ACROSS‑CIRC‑MULTITRAIN nllb200_distilled_1B | shift=78 | fROI=Lang_LH_PostTemp | layer=8 | mean r=-0.051
ACROSS‑CIRC‑MULTITRAIN nllb200_distilled_1B | shift=78 | fROI=Lang_LH_PostTemp | layer=9 | mean r=-0.056
ACROSS‑CIRC‑MULTITRAIN nllb200_distilled_1B | shift=78 | fROI=Lang_LH_PostTemp | layer=10 | mean r=-0.082
ACROSS‑CIRC‑MULTITRAIN nllb200_distilled_1B | shift=78 | fROI=Lang_LH_PostTemp | layer=11 | mean r=-0.087
ACROSS‑CIRC‑MULTITRAIN nllb200_distilled_1B | shift=78 | fROI=Lang_LH_PostTemp | layer=12 | mean r=-0.092
ACROSS‑CIRC‑MULTITRAIN nllb200_distilled_1B | shift=78 | fROI=Lang_LH_PostTemp | layer=13 | mean r=-0.093
ACROSS‑CIRC‑MULTITRAIN nllb200_distilled_1B | shift=78 | fROI=Lang_LH_PostTemp | layer=14 | mean r=-0.109
ACROSS‑CIRC‑MULTITRAIN nllb200_distilled_1B | shift=78 | fROI=Lang_LH_PostTemp | layer=15 | mean r=-0.113
ACROSS‑CIRC‑MULTITRAIN nllb200_distilled_1B | shift=78 | fROI=Lang_LH_PostTemp | layer=16 | mean r=-0.105
ACROSS‑CIRC‑MULTITRAIN nllb200_distilled_1B | shift=78 | fROI=Lang_LH_PostTemp | layer=17 | mean r=-0.103
ACROSS‑CIRC‑MULTITRAIN nllb200_distilled_1B | shift=78 | fROI=Lang_LH_PostTemp | layer=18 | mean r=-0.106
ACROSS‑CIRC‑MULTITRAIN nllb200_distilled_1B | shift=78 | fROI=Lang_LH_PostTemp | layer=19 | mean r=-0.103
ACROSS‑CIRC‑MULTITRAIN nllb200_distilled_1B | shift=78 | fROI=Lang_LH_PostTemp | layer=20 | mean r=-0.101
ACROSS‑CIRC‑MULTITRAIN nllb200_distilled_1B | shift=78 | fROI=Lang_LH_PostTemp | layer=21 | mean r=-0.096
ACROSS‑CIRC‑MULTITRAIN nllb200_distilled_1B | shift=78 | fROI=Lang_LH_PostTemp | layer=22 | mean r=-0.095
ACROSS‑CIRC‑MULTITRAIN nllb200_distilled_1B | shift=78 | fROI=Lang_LH_PostTemp | layer=23 | mean r=-0.083
ACROSS‑CIRC‑MULTITRAIN nllb200_distilled_1B | shift=78 | fROI=Lang_LH_PostTemp | layer=24 | mean r=-0.078

  >>> Circular shift = 104
ACROSS‑CIRC‑MULTITRAIN nllb200_distilled_1B | shift=104 | fROI=Lang_LH_PostTemp | layer=0 | mean r=0.024
ACROSS‑CIRC‑MULTITRAIN nllb200_distilled_1B | shift=104 | fROI=Lang_LH_PostTemp | layer=1 | mean r=0.043
ACROSS‑CIRC‑MULTITRAIN nllb200_distilled_1B | shift=104 | fROI=Lang_LH_PostTemp | layer=2 | mean r=0.010
ACROSS‑CIRC‑MULTITRAIN nllb200_distilled_1B | shift=104 | fROI=Lang_LH_PostTemp | layer=3 | mean r=-0.013
ACROSS‑CIRC‑MULTITRAIN nllb200_distilled_1B | shift=104 | fROI=Lang_LH_PostTemp | layer=4 | mean r=-0.018
ACROSS‑CIRC‑MULTITRAIN nllb200_distilled_1B | shift=104 | fROI=Lang_LH_PostTemp | layer=5 | mean r=-0.005
ACROSS‑CIRC‑MULTITRAIN nllb200_distilled_1B | shift=104 | fROI=Lang_LH_PostTemp | layer=6 | mean r=-0.005
ACROSS‑CIRC‑MULTITRAIN nllb200_distilled_1B | shift=104 | fROI=Lang_LH_PostTemp | layer=7 | mean r=-0.019
ACROSS‑CIRC‑MULTITRAIN nllb200_distilled_1B | shift=104 | fROI=Lang_LH_PostTemp | layer=8 | mean r=-0.019
ACROSS‑CIRC‑MULTITRAIN nllb200_distilled_1B | shift=104 | fROI=Lang_LH_PostTemp | layer=9 | mean r=-0.027
ACROSS‑CIRC‑MULTITRAIN nllb200_distilled_1B | shift=104 | fROI=Lang_LH_PostTemp | layer=10 | mean r=-0.046
ACROSS‑CIRC‑MULTITRAIN nllb200_distilled_1B | shift=104 | fROI=Lang_LH_PostTemp | layer=11 | mean r=-0.055
ACROSS‑CIRC‑MULTITRAIN nllb200_distilled_1B | shift=104 | fROI=Lang_LH_PostTemp | layer=12 | mean r=-0.061
ACROSS‑CIRC‑MULTITRAIN nllb200_distilled_1B | shift=104 | fROI=Lang_LH_PostTemp | layer=13 | mean r=-0.062
ACROSS‑CIRC‑MULTITRAIN nllb200_distilled_1B | shift=104 | fROI=Lang_LH_PostTemp | layer=14 | mean r=-0.060
ACROSS‑CIRC‑MULTITRAIN nllb200_distilled_1B | shift=104 | fROI=Lang_LH_PostTemp | layer=15 | mean r=-0.052
ACROSS‑CIRC‑MULTITRAIN nllb200_distilled_1B | shift=104 | fROI=Lang_LH_PostTemp | layer=16 | mean r=-0.061
ACROSS‑CIRC‑MULTITRAIN nllb200_distilled_1B | shift=104 | fROI=Lang_LH_PostTemp | layer=17 | mean r=-0.061
ACROSS‑CIRC‑MULTITRAIN nllb200_distilled_1B | shift=104 | fROI=Lang_LH_PostTemp | layer=18 | mean r=-0.062
ACROSS‑CIRC‑MULTITRAIN nllb200_distilled_1B | shift=104 | fROI=Lang_LH_PostTemp | layer=19 | mean r=-0.061
ACROSS‑CIRC‑MULTITRAIN nllb200_distilled_1B | shift=104 | fROI=Lang_LH_PostTemp | layer=20 | mean r=-0.057
ACROSS‑CIRC‑MULTITRAIN nllb200_distilled_1B | shift=104 | fROI=Lang_LH_PostTemp | layer=21 | mean r=-0.049
ACROSS‑CIRC‑MULTITRAIN nllb200_distilled_1B | shift=104 | fROI=Lang_LH_PostTemp | layer=22 | mean r=-0.043
ACROSS‑CIRC‑MULTITRAIN nllb200_distilled_1B | shift=104 | fROI=Lang_LH_PostTemp | layer=23 | mean r=-0.044
ACROSS‑CIRC‑MULTITRAIN nllb200_distilled_1B | shift=104 | fROI=Lang_LH_PostTemp | layer=24 | mean r=-0.032


Processing all (1/6)

  >>> Circular shift = 26
ACROSS‑CIRC‑MULTITRAIN nllb200_1B | shift=26 | fROI=all | layer=0 | mean r=-0.037
ACROSS‑CIRC‑MULTITRAIN nllb200_1B | shift=26 | fROI=all | layer=1 | mean r=-0.017
ACROSS‑CIRC‑MULTITRAIN nllb200_1B | shift=26 | fROI=all | layer=2 | mean r=-0.010
ACROSS‑CIRC‑MULTITRAIN nllb200_1B | shift=26 | fROI=all | layer=3 | mean r=-0.032
ACROSS‑CIRC‑MULTITRAIN nllb200_1B | shift=26 | fROI=all | layer=4 | mean r=-0.045
ACROSS‑CIRC‑MULTITRAIN nllb200_1B | shift=26 | fROI=all | layer=5 | mean r=-0.027
ACROSS‑CIRC‑MULTITRAIN nllb200_1B | shift=26 | fROI=all | layer=6 | mean r=0.027
ACROSS‑CIRC‑MULTITRAIN nllb200_1B | shift=26 | fROI=all | layer=7 | mean r=0.021
ACROSS‑CIRC‑MULTITRAIN nllb200_1B | shift=26 | fROI=all | layer=8 | mean r=0.026
ACROSS‑CIRC‑MULTITRAIN nllb200_1B | shift=26 | fROI=all | layer=9 | mean r=0.038
ACROSS‑CIRC‑MULTITRAIN nllb200_1B | shift=26 | fROI=all | layer=10 | mean r=0.013
ACROSS‑CIRC‑MULTITRAIN nllb200_1B | shift=26 | fROI=all | layer=11 | mean r=0.012
ACROSS‑CIRC‑MULTITRAIN nllb200_1B | shift=26 | fROI=all | layer=12 | mean r=0.024
ACROSS‑CIRC‑MULTITRAIN nllb200_1B | shift=26 | fROI=all | layer=13 | mean r=0.031
ACROSS‑CIRC‑MULTITRAIN nllb200_1B | shift=26 | fROI=all | layer=14 | mean r=0.036
ACROSS‑CIRC‑MULTITRAIN nllb200_1B | shift=26 | fROI=all | layer=15 | mean r=0.043
ACROSS‑CIRC‑MULTITRAIN nllb200_1B | shift=26 | fROI=all | layer=16 | mean r=0.021
ACROSS‑CIRC‑MULTITRAIN nllb200_1B | shift=26 | fROI=all | layer=17 | mean r=0.016
ACROSS‑CIRC‑MULTITRAIN nllb200_1B | shift=26 | fROI=all | layer=18 | mean r=0.008
ACROSS‑CIRC‑MULTITRAIN nllb200_1B | shift=26 | fROI=all | layer=19 | mean r=0.020
ACROSS‑CIRC‑MULTITRAIN nllb200_1B | shift=26 | fROI=all | layer=20 | mean r=0.019
ACROSS‑CIRC‑MULTITRAIN nllb200_1B | shift=26 | fROI=all | layer=21 | mean r=0.014
ACROSS‑CIRC‑MULTITRAIN nllb200_1B | shift=26 | fROI=all | layer=22 | mean r=0.007
ACROSS‑CIRC‑MULTITRAIN nllb200_1B | shift=26 | fROI=all | layer=23 | mean r=0.001
ACROSS‑CIRC‑MULTITRAIN nllb200_1B | shift=26 | fROI=all | layer=24 | mean r=0.010

  >>> Circular shift = 52
ACROSS‑CIRC‑MULTITRAIN nllb200_1B | shift=52 | fROI=all | layer=0 | mean r=0.017
ACROSS‑CIRC‑MULTITRAIN nllb200_1B | shift=52 | fROI=all | layer=1 | mean r=-0.001
ACROSS‑CIRC‑MULTITRAIN nllb200_1B | shift=52 | fROI=all | layer=2 | mean r=0.023
ACROSS‑CIRC‑MULTITRAIN nllb200_1B | shift=52 | fROI=all | layer=3 | mean r=-0.003
ACROSS‑CIRC‑MULTITRAIN nllb200_1B | shift=52 | fROI=all | layer=4 | mean r=0.005
ACROSS‑CIRC‑MULTITRAIN nllb200_1B | shift=52 | fROI=all | layer=5 | mean r=0.007
ACROSS‑CIRC‑MULTITRAIN nllb200_1B | shift=52 | fROI=all | layer=6 | mean r=-0.008
ACROSS‑CIRC‑MULTITRAIN nllb200_1B | shift=52 | fROI=all | layer=7 | mean r=0.017
ACROSS‑CIRC‑MULTITRAIN nllb200_1B | shift=52 | fROI=all | layer=8 | mean r=-0.019
ACROSS‑CIRC‑MULTITRAIN nllb200_1B | shift=52 | fROI=all | layer=9 | mean r=-0.026
ACROSS‑CIRC‑MULTITRAIN nllb200_1B | shift=52 | fROI=all | layer=10 | mean r=-0.022
ACROSS‑CIRC‑MULTITRAIN nllb200_1B | shift=52 | fROI=all | layer=11 | mean r=-0.036
ACROSS‑CIRC‑MULTITRAIN nllb200_1B | shift=52 | fROI=all | layer=12 | mean r=-0.035
ACROSS‑CIRC‑MULTITRAIN nllb200_1B | shift=52 | fROI=all | layer=13 | mean r=-0.024
ACROSS‑CIRC‑MULTITRAIN nllb200_1B | shift=52 | fROI=all | layer=14 | mean r=-0.034
ACROSS‑CIRC‑MULTITRAIN nllb200_1B | shift=52 | fROI=all | layer=15 | mean r=-0.040
ACROSS‑CIRC‑MULTITRAIN nllb200_1B | shift=52 | fROI=all | layer=16 | mean r=-0.044
ACROSS‑CIRC‑MULTITRAIN nllb200_1B | shift=52 | fROI=all | layer=17 | mean r=-0.058
ACROSS‑CIRC‑MULTITRAIN nllb200_1B | shift=52 | fROI=all | layer=18 | mean r=-0.041
ACROSS‑CIRC‑MULTITRAIN nllb200_1B | shift=52 | fROI=all | layer=19 | mean r=-0.030
ACROSS‑CIRC‑MULTITRAIN nllb200_1B | shift=52 | fROI=all | layer=20 | mean r=-0.037
ACROSS‑CIRC‑MULTITRAIN nllb200_1B | shift=52 | fROI=all | layer=21 | mean r=-0.028
ACROSS‑CIRC‑MULTITRAIN nllb200_1B | shift=52 | fROI=all | layer=22 | mean r=-0.042
ACROSS‑CIRC‑MULTITRAIN nllb200_1B | shift=52 | fROI=all | layer=23 | mean r=-0.056
ACROSS‑CIRC‑MULTITRAIN nllb200_1B | shift=52 | fROI=all | layer=24 | mean r=-0.055

  >>> Circular shift = 78
ACROSS‑CIRC‑MULTITRAIN nllb200_1B | shift=78 | fROI=all | layer=0 | mean r=0.001
ACROSS‑CIRC‑MULTITRAIN nllb200_1B | shift=78 | fROI=all | layer=1 | mean r=0.050
ACROSS‑CIRC‑MULTITRAIN nllb200_1B | shift=78 | fROI=all | layer=2 | mean r=0.039
ACROSS‑CIRC‑MULTITRAIN nllb200_1B | shift=78 | fROI=all | layer=3 | mean r=0.044
ACROSS‑CIRC‑MULTITRAIN nllb200_1B | shift=78 | fROI=all | layer=4 | mean r=0.018
ACROSS‑CIRC‑MULTITRAIN nllb200_1B | shift=78 | fROI=all | layer=5 | mean r=-0.020
ACROSS‑CIRC‑MULTITRAIN nllb200_1B | shift=78 | fROI=all | layer=6 | mean r=-0.001
ACROSS‑CIRC‑MULTITRAIN nllb200_1B | shift=78 | fROI=all | layer=7 | mean r=-0.014
ACROSS‑CIRC‑MULTITRAIN nllb200_1B | shift=78 | fROI=all | layer=8 | mean r=-0.050
ACROSS‑CIRC‑MULTITRAIN nllb200_1B | shift=78 | fROI=all | layer=9 | mean r=-0.063
ACROSS‑CIRC‑MULTITRAIN nllb200_1B | shift=78 | fROI=all | layer=10 | mean r=-0.090
ACROSS‑CIRC‑MULTITRAIN nllb200_1B | shift=78 | fROI=all | layer=11 | mean r=-0.089
ACROSS‑CIRC‑MULTITRAIN nllb200_1B | shift=78 | fROI=all | layer=12 | mean r=-0.101
ACROSS‑CIRC‑MULTITRAIN nllb200_1B | shift=78 | fROI=all | layer=13 | mean r=-0.089
ACROSS‑CIRC‑MULTITRAIN nllb200_1B | shift=78 | fROI=all | layer=14 | mean r=-0.099
ACROSS‑CIRC‑MULTITRAIN nllb200_1B | shift=78 | fROI=all | layer=15 | mean r=-0.079
ACROSS‑CIRC‑MULTITRAIN nllb200_1B | shift=78 | fROI=all | layer=16 | mean r=-0.074
ACROSS‑CIRC‑MULTITRAIN nllb200_1B | shift=78 | fROI=all | layer=17 | mean r=-0.067
ACROSS‑CIRC‑MULTITRAIN nllb200_1B | shift=78 | fROI=all | layer=18 | mean r=-0.059
ACROSS‑CIRC‑MULTITRAIN nllb200_1B | shift=78 | fROI=all | layer=19 | mean r=-0.061
ACROSS‑CIRC‑MULTITRAIN nllb200_1B | shift=78 | fROI=all | layer=20 | mean r=-0.042
ACROSS‑CIRC‑MULTITRAIN nllb200_1B | shift=78 | fROI=all | layer=21 | mean r=-0.033
ACROSS‑CIRC‑MULTITRAIN nllb200_1B | shift=78 | fROI=all | layer=22 | mean r=-0.029
ACROSS‑CIRC‑MULTITRAIN nllb200_1B | shift=78 | fROI=all | layer=23 | mean r=-0.044
ACROSS‑CIRC‑MULTITRAIN nllb200_1B | shift=78 | fROI=all | layer=24 | mean r=-0.055

  >>> Circular shift = 104
ACROSS‑CIRC‑MULTITRAIN nllb200_1B | shift=104 | fROI=all | layer=0 | mean r=-0.023
ACROSS‑CIRC‑MULTITRAIN nllb200_1B | shift=104 | fROI=all | layer=1 | mean r=-0.029
ACROSS‑CIRC‑MULTITRAIN nllb200_1B | shift=104 | fROI=all | layer=2 | mean r=-0.052
ACROSS‑CIRC‑MULTITRAIN nllb200_1B | shift=104 | fROI=all | layer=3 | mean r=-0.058
ACROSS‑CIRC‑MULTITRAIN nllb200_1B | shift=104 | fROI=all | layer=4 | mean r=-0.041
ACROSS‑CIRC‑MULTITRAIN nllb200_1B | shift=104 | fROI=all | layer=5 | mean r=-0.053
ACROSS‑CIRC‑MULTITRAIN nllb200_1B | shift=104 | fROI=all | layer=6 | mean r=-0.039
ACROSS‑CIRC‑MULTITRAIN nllb200_1B | shift=104 | fROI=all | layer=7 | mean r=-0.039
ACROSS‑CIRC‑MULTITRAIN nllb200_1B | shift=104 | fROI=all | layer=8 | mean r=-0.040
ACROSS‑CIRC‑MULTITRAIN nllb200_1B | shift=104 | fROI=all | layer=9 | mean r=-0.044
ACROSS‑CIRC‑MULTITRAIN nllb200_1B | shift=104 | fROI=all | layer=10 | mean r=-0.016
ACROSS‑CIRC‑MULTITRAIN nllb200_1B | shift=104 | fROI=all | layer=11 | mean r=-0.017
ACROSS‑CIRC‑MULTITRAIN nllb200_1B | shift=104 | fROI=all | layer=12 | mean r=-0.028
ACROSS‑CIRC‑MULTITRAIN nllb200_1B | shift=104 | fROI=all | layer=13 | mean r=-0.022
ACROSS‑CIRC‑MULTITRAIN nllb200_1B | shift=104 | fROI=all | layer=14 | mean r=-0.029
ACROSS‑CIRC‑MULTITRAIN nllb200_1B | shift=104 | fROI=all | layer=15 | mean r=-0.042
ACROSS‑CIRC‑MULTITRAIN nllb200_1B | shift=104 | fROI=all | layer=16 | mean r=-0.028
ACROSS‑CIRC‑MULTITRAIN nllb200_1B | shift=104 | fROI=all | layer=17 | mean r=-0.047
ACROSS‑CIRC‑MULTITRAIN nllb200_1B | shift=104 | fROI=all | layer=18 | mean r=-0.031
ACROSS‑CIRC‑MULTITRAIN nllb200_1B | shift=104 | fROI=all | layer=19 | mean r=-0.046
ACROSS‑CIRC‑MULTITRAIN nllb200_1B | shift=104 | fROI=all | layer=20 | mean r=-0.047
ACROSS‑CIRC‑MULTITRAIN nllb200_1B | shift=104 | fROI=all | layer=21 | mean r=-0.050
ACROSS‑CIRC‑MULTITRAIN nllb200_1B | shift=104 | fROI=all | layer=22 | mean r=-0.051
ACROSS‑CIRC‑MULTITRAIN nllb200_1B | shift=104 | fROI=all | layer=23 | mean r=-0.051
ACROSS‑CIRC‑MULTITRAIN nllb200_1B | shift=104 | fROI=all | layer=24 | mean r=-0.055


Processing Lang_LH_AntTemp (2/6)

  >>> Circular shift = 26
ACROSS‑CIRC‑MULTITRAIN nllb200_1B | shift=26 | fROI=Lang_LH_AntTemp | layer=0 | mean r=0.009
ACROSS‑CIRC‑MULTITRAIN nllb200_1B | shift=26 | fROI=Lang_LH_AntTemp | layer=1 | mean r=0.054
ACROSS‑CIRC‑MULTITRAIN nllb200_1B | shift=26 | fROI=Lang_LH_AntTemp | layer=2 | mean r=0.043
ACROSS‑CIRC‑MULTITRAIN nllb200_1B | shift=26 | fROI=Lang_LH_AntTemp | layer=3 | mean r=0.043
ACROSS‑CIRC‑MULTITRAIN nllb200_1B | shift=26 | fROI=Lang_LH_AntTemp | layer=4 | mean r=0.002
ACROSS‑CIRC‑MULTITRAIN nllb200_1B | shift=26 | fROI=Lang_LH_AntTemp | layer=5 | mean r=0.013
ACROSS‑CIRC‑MULTITRAIN nllb200_1B | shift=26 | fROI=Lang_LH_AntTemp | layer=6 | mean r=0.032
ACROSS‑CIRC‑MULTITRAIN nllb200_1B | shift=26 | fROI=Lang_LH_AntTemp | layer=7 | mean r=0.037
ACROSS‑CIRC‑MULTITRAIN nllb200_1B | shift=26 | fROI=Lang_LH_AntTemp | layer=8 | mean r=0.034
ACROSS‑CIRC‑MULTITRAIN nllb200_1B | shift=26 | fROI=Lang_LH_AntTemp | layer=9 | mean r=0.022
ACROSS‑CIRC‑MULTITRAIN nllb200_1B | shift=26 | fROI=Lang_LH_AntTemp | layer=10 | mean r=0.030
ACROSS‑CIRC‑MULTITRAIN nllb200_1B | shift=26 | fROI=Lang_LH_AntTemp | layer=11 | mean r=0.011
ACROSS‑CIRC‑MULTITRAIN nllb200_1B | shift=26 | fROI=Lang_LH_AntTemp | layer=12 | mean r=0.009
ACROSS‑CIRC‑MULTITRAIN nllb200_1B | shift=26 | fROI=Lang_LH_AntTemp | layer=13 | mean r=0.009
ACROSS‑CIRC‑MULTITRAIN nllb200_1B | shift=26 | fROI=Lang_LH_AntTemp | layer=14 | mean r=0.012
ACROSS‑CIRC‑MULTITRAIN nllb200_1B | shift=26 | fROI=Lang_LH_AntTemp | layer=15 | mean r=0.023
ACROSS‑CIRC‑MULTITRAIN nllb200_1B | shift=26 | fROI=Lang_LH_AntTemp | layer=16 | mean r=0.026
ACROSS‑CIRC‑MULTITRAIN nllb200_1B | shift=26 | fROI=Lang_LH_AntTemp | layer=17 | mean r=0.013
ACROSS‑CIRC‑MULTITRAIN nllb200_1B | shift=26 | fROI=Lang_LH_AntTemp | layer=18 | mean r=0.018
ACROSS‑CIRC‑MULTITRAIN nllb200_1B | shift=26 | fROI=Lang_LH_AntTemp | layer=19 | mean r=0.002
ACROSS‑CIRC‑MULTITRAIN nllb200_1B | shift=26 | fROI=Lang_LH_AntTemp | layer=20 | mean r=-0.005
ACROSS‑CIRC‑MULTITRAIN nllb200_1B | shift=26 | fROI=Lang_LH_AntTemp | layer=21 | mean r=-0.010
ACROSS‑CIRC‑MULTITRAIN nllb200_1B | shift=26 | fROI=Lang_LH_AntTemp | layer=22 | mean r=-0.023
ACROSS‑CIRC‑MULTITRAIN nllb200_1B | shift=26 | fROI=Lang_LH_AntTemp | layer=23 | mean r=-0.012
ACROSS‑CIRC‑MULTITRAIN nllb200_1B | shift=26 | fROI=Lang_LH_AntTemp | layer=24 | mean r=-0.021

  >>> Circular shift = 52
ACROSS‑CIRC‑MULTITRAIN nllb200_1B | shift=52 | fROI=Lang_LH_AntTemp | layer=0 | mean r=0.048
ACROSS‑CIRC‑MULTITRAIN nllb200_1B | shift=52 | fROI=Lang_LH_AntTemp | layer=1 | mean r=0.008
ACROSS‑CIRC‑MULTITRAIN nllb200_1B | shift=52 | fROI=Lang_LH_AntTemp | layer=2 | mean r=0.050
ACROSS‑CIRC‑MULTITRAIN nllb200_1B | shift=52 | fROI=Lang_LH_AntTemp | layer=3 | mean r=0.048
ACROSS‑CIRC‑MULTITRAIN nllb200_1B | shift=52 | fROI=Lang_LH_AntTemp | layer=4 | mean r=0.034
ACROSS‑CIRC‑MULTITRAIN nllb200_1B | shift=52 | fROI=Lang_LH_AntTemp | layer=5 | mean r=0.023
ACROSS‑CIRC‑MULTITRAIN nllb200_1B | shift=52 | fROI=Lang_LH_AntTemp | layer=6 | mean r=0.026
ACROSS‑CIRC‑MULTITRAIN nllb200_1B | shift=52 | fROI=Lang_LH_AntTemp | layer=7 | mean r=0.034
ACROSS‑CIRC‑MULTITRAIN nllb200_1B | shift=52 | fROI=Lang_LH_AntTemp | layer=8 | mean r=0.016
ACROSS‑CIRC‑MULTITRAIN nllb200_1B | shift=52 | fROI=Lang_LH_AntTemp | layer=9 | mean r=-0.002
ACROSS‑CIRC‑MULTITRAIN nllb200_1B | shift=52 | fROI=Lang_LH_AntTemp | layer=10 | mean r=0.020
ACROSS‑CIRC‑MULTITRAIN nllb200_1B | shift=52 | fROI=Lang_LH_AntTemp | layer=11 | mean r=0.023
ACROSS‑CIRC‑MULTITRAIN nllb200_1B | shift=52 | fROI=Lang_LH_AntTemp | layer=12 | mean r=0.054
ACROSS‑CIRC‑MULTITRAIN nllb200_1B | shift=52 | fROI=Lang_LH_AntTemp | layer=13 | mean r=0.052
ACROSS‑CIRC‑MULTITRAIN nllb200_1B | shift=52 | fROI=Lang_LH_AntTemp | layer=14 | mean r=0.065
ACROSS‑CIRC‑MULTITRAIN nllb200_1B | shift=52 | fROI=Lang_LH_AntTemp | layer=15 | mean r=0.064
ACROSS‑CIRC‑MULTITRAIN nllb200_1B | shift=52 | fROI=Lang_LH_AntTemp | layer=16 | mean r=0.057
ACROSS‑CIRC‑MULTITRAIN nllb200_1B | shift=52 | fROI=Lang_LH_AntTemp | layer=17 | mean r=0.049
ACROSS‑CIRC‑MULTITRAIN nllb200_1B | shift=52 | fROI=Lang_LH_AntTemp | layer=18 | mean r=0.050
ACROSS‑CIRC‑MULTITRAIN nllb200_1B | shift=52 | fROI=Lang_LH_AntTemp | layer=19 | mean r=0.055
ACROSS‑CIRC‑MULTITRAIN nllb200_1B | shift=52 | fROI=Lang_LH_AntTemp | layer=20 | mean r=0.053
ACROSS‑CIRC‑MULTITRAIN nllb200_1B | shift=52 | fROI=Lang_LH_AntTemp | layer=21 | mean r=0.068
ACROSS‑CIRC‑MULTITRAIN nllb200_1B | shift=52 | fROI=Lang_LH_AntTemp | layer=22 | mean r=0.061
ACROSS‑CIRC‑MULTITRAIN nllb200_1B | shift=52 | fROI=Lang_LH_AntTemp | layer=23 | mean r=0.052
ACROSS‑CIRC‑MULTITRAIN nllb200_1B | shift=52 | fROI=Lang_LH_AntTemp | layer=24 | mean r=0.051

  >>> Circular shift = 78
ACROSS‑CIRC‑MULTITRAIN nllb200_1B | shift=78 | fROI=Lang_LH_AntTemp | layer=0 | mean r=0.018
ACROSS‑CIRC‑MULTITRAIN nllb200_1B | shift=78 | fROI=Lang_LH_AntTemp | layer=1 | mean r=-0.007
ACROSS‑CIRC‑MULTITRAIN nllb200_1B | shift=78 | fROI=Lang_LH_AntTemp | layer=2 | mean r=0.009
ACROSS‑CIRC‑MULTITRAIN nllb200_1B | shift=78 | fROI=Lang_LH_AntTemp | layer=3 | mean r=0.020
ACROSS‑CIRC‑MULTITRAIN nllb200_1B | shift=78 | fROI=Lang_LH_AntTemp | layer=4 | mean r=-0.003
ACROSS‑CIRC‑MULTITRAIN nllb200_1B | shift=78 | fROI=Lang_LH_AntTemp | layer=5 | mean r=-0.026
ACROSS‑CIRC‑MULTITRAIN nllb200_1B | shift=78 | fROI=Lang_LH_AntTemp | layer=6 | mean r=-0.033
ACROSS‑CIRC‑MULTITRAIN nllb200_1B | shift=78 | fROI=Lang_LH_AntTemp | layer=7 | mean r=-0.027
ACROSS‑CIRC‑MULTITRAIN nllb200_1B | shift=78 | fROI=Lang_LH_AntTemp | layer=8 | mean r=-0.050
ACROSS‑CIRC‑MULTITRAIN nllb200_1B | shift=78 | fROI=Lang_LH_AntTemp | layer=9 | mean r=-0.079
ACROSS‑CIRC‑MULTITRAIN nllb200_1B | shift=78 | fROI=Lang_LH_AntTemp | layer=10 | mean r=-0.090
ACROSS‑CIRC‑MULTITRAIN nllb200_1B | shift=78 | fROI=Lang_LH_AntTemp | layer=11 | mean r=-0.091
ACROSS‑CIRC‑MULTITRAIN nllb200_1B | shift=78 | fROI=Lang_LH_AntTemp | layer=12 | mean r=-0.076
ACROSS‑CIRC‑MULTITRAIN nllb200_1B | shift=78 | fROI=Lang_LH_AntTemp | layer=13 | mean r=-0.081
ACROSS‑CIRC‑MULTITRAIN nllb200_1B | shift=78 | fROI=Lang_LH_AntTemp | layer=14 | mean r=-0.088
ACROSS‑CIRC‑MULTITRAIN nllb200_1B | shift=78 | fROI=Lang_LH_AntTemp | layer=15 | mean r=-0.082
ACROSS‑CIRC‑MULTITRAIN nllb200_1B | shift=78 | fROI=Lang_LH_AntTemp | layer=16 | mean r=-0.074
ACROSS‑CIRC‑MULTITRAIN nllb200_1B | shift=78 | fROI=Lang_LH_AntTemp | layer=17 | mean r=-0.082
ACROSS‑CIRC‑MULTITRAIN nllb200_1B | shift=78 | fROI=Lang_LH_AntTemp | layer=18 | mean r=-0.072
ACROSS‑CIRC‑MULTITRAIN nllb200_1B | shift=78 | fROI=Lang_LH_AntTemp | layer=19 | mean r=-0.076
ACROSS‑CIRC‑MULTITRAIN nllb200_1B | shift=78 | fROI=Lang_LH_AntTemp | layer=20 | mean r=-0.075
ACROSS‑CIRC‑MULTITRAIN nllb200_1B | shift=78 | fROI=Lang_LH_AntTemp | layer=21 | mean r=-0.057
ACROSS‑CIRC‑MULTITRAIN nllb200_1B | shift=78 | fROI=Lang_LH_AntTemp | layer=22 | mean r=-0.050
ACROSS‑CIRC‑MULTITRAIN nllb200_1B | shift=78 | fROI=Lang_LH_AntTemp | layer=23 | mean r=-0.043
ACROSS‑CIRC‑MULTITRAIN nllb200_1B | shift=78 | fROI=Lang_LH_AntTemp | layer=24 | mean r=-0.064

  >>> Circular shift = 104
ACROSS‑CIRC‑MULTITRAIN nllb200_1B | shift=104 | fROI=Lang_LH_AntTemp | layer=0 | mean r=-0.012
ACROSS‑CIRC‑MULTITRAIN nllb200_1B | shift=104 | fROI=Lang_LH_AntTemp | layer=1 | mean r=-0.005
ACROSS‑CIRC‑MULTITRAIN nllb200_1B | shift=104 | fROI=Lang_LH_AntTemp | layer=2 | mean r=-0.047
ACROSS‑CIRC‑MULTITRAIN nllb200_1B | shift=104 | fROI=Lang_LH_AntTemp | layer=3 | mean r=-0.052
ACROSS‑CIRC‑MULTITRAIN nllb200_1B | shift=104 | fROI=Lang_LH_AntTemp | layer=4 | mean r=-0.063
ACROSS‑CIRC‑MULTITRAIN nllb200_1B | shift=104 | fROI=Lang_LH_AntTemp | layer=5 | mean r=-0.030
ACROSS‑CIRC‑MULTITRAIN nllb200_1B | shift=104 | fROI=Lang_LH_AntTemp | layer=6 | mean r=-0.017
ACROSS‑CIRC‑MULTITRAIN nllb200_1B | shift=104 | fROI=Lang_LH_AntTemp | layer=7 | mean r=0.000
ACROSS‑CIRC‑MULTITRAIN nllb200_1B | shift=104 | fROI=Lang_LH_AntTemp | layer=8 | mean r=-0.048
ACROSS‑CIRC‑MULTITRAIN nllb200_1B | shift=104 | fROI=Lang_LH_AntTemp | layer=9 | mean r=-0.032
ACROSS‑CIRC‑MULTITRAIN nllb200_1B | shift=104 | fROI=Lang_LH_AntTemp | layer=10 | mean r=-0.050
ACROSS‑CIRC‑MULTITRAIN nllb200_1B | shift=104 | fROI=Lang_LH_AntTemp | layer=11 | mean r=-0.047
ACROSS‑CIRC‑MULTITRAIN nllb200_1B | shift=104 | fROI=Lang_LH_AntTemp | layer=12 | mean r=-0.065
ACROSS‑CIRC‑MULTITRAIN nllb200_1B | shift=104 | fROI=Lang_LH_AntTemp | layer=13 | mean r=-0.055
ACROSS‑CIRC‑MULTITRAIN nllb200_1B | shift=104 | fROI=Lang_LH_AntTemp | layer=14 | mean r=-0.065
ACROSS‑CIRC‑MULTITRAIN nllb200_1B | shift=104 | fROI=Lang_LH_AntTemp | layer=15 | mean r=-0.078
ACROSS‑CIRC‑MULTITRAIN nllb200_1B | shift=104 | fROI=Lang_LH_AntTemp | layer=16 | mean r=-0.075
ACROSS‑CIRC‑MULTITRAIN nllb200_1B | shift=104 | fROI=Lang_LH_AntTemp | layer=17 | mean r=-0.079
ACROSS‑CIRC‑MULTITRAIN nllb200_1B | shift=104 | fROI=Lang_LH_AntTemp | layer=18 | mean r=-0.071
ACROSS‑CIRC‑MULTITRAIN nllb200_1B | shift=104 | fROI=Lang_LH_AntTemp | layer=19 | mean r=-0.075
ACROSS‑CIRC‑MULTITRAIN nllb200_1B | shift=104 | fROI=Lang_LH_AntTemp | layer=20 | mean r=-0.080
ACROSS‑CIRC‑MULTITRAIN nllb200_1B | shift=104 | fROI=Lang_LH_AntTemp | layer=21 | mean r=-0.080
ACROSS‑CIRC‑MULTITRAIN nllb200_1B | shift=104 | fROI=Lang_LH_AntTemp | layer=22 | mean r=-0.074
ACROSS‑CIRC‑MULTITRAIN nllb200_1B | shift=104 | fROI=Lang_LH_AntTemp | layer=23 | mean r=-0.072
ACROSS‑CIRC‑MULTITRAIN nllb200_1B | shift=104 | fROI=Lang_LH_AntTemp | layer=24 | mean r=-0.092


Processing Lang_LH_IFG (3/6)

  >>> Circular shift = 26
ACROSS‑CIRC‑MULTITRAIN nllb200_1B | shift=26 | fROI=Lang_LH_IFG | layer=0 | mean r=-0.036
ACROSS‑CIRC‑MULTITRAIN nllb200_1B | shift=26 | fROI=Lang_LH_IFG | layer=1 | mean r=-0.058
ACROSS‑CIRC‑MULTITRAIN nllb200_1B | shift=26 | fROI=Lang_LH_IFG | layer=2 | mean r=-0.047
ACROSS‑CIRC‑MULTITRAIN nllb200_1B | shift=26 | fROI=Lang_LH_IFG | layer=3 | mean r=-0.050
ACROSS‑CIRC‑MULTITRAIN nllb200_1B | shift=26 | fROI=Lang_LH_IFG | layer=4 | mean r=-0.053
ACROSS‑CIRC‑MULTITRAIN nllb200_1B | shift=26 | fROI=Lang_LH_IFG | layer=5 | mean r=-0.040
ACROSS‑CIRC‑MULTITRAIN nllb200_1B | shift=26 | fROI=Lang_LH_IFG | layer=6 | mean r=-0.031
ACROSS‑CIRC‑MULTITRAIN nllb200_1B | shift=26 | fROI=Lang_LH_IFG | layer=7 | mean r=-0.017
ACROSS‑CIRC‑MULTITRAIN nllb200_1B | shift=26 | fROI=Lang_LH_IFG | layer=8 | mean r=-0.012
ACROSS‑CIRC‑MULTITRAIN nllb200_1B | shift=26 | fROI=Lang_LH_IFG | layer=9 | mean r=-0.000
ACROSS‑CIRC‑MULTITRAIN nllb200_1B | shift=26 | fROI=Lang_LH_IFG | layer=10 | mean r=0.014
ACROSS‑CIRC‑MULTITRAIN nllb200_1B | shift=26 | fROI=Lang_LH_IFG | layer=11 | mean r=0.017
ACROSS‑CIRC‑MULTITRAIN nllb200_1B | shift=26 | fROI=Lang_LH_IFG | layer=12 | mean r=0.032
ACROSS‑CIRC‑MULTITRAIN nllb200_1B | shift=26 | fROI=Lang_LH_IFG | layer=13 | mean r=0.035
ACROSS‑CIRC‑MULTITRAIN nllb200_1B | shift=26 | fROI=Lang_LH_IFG | layer=14 | mean r=0.042
ACROSS‑CIRC‑MULTITRAIN nllb200_1B | shift=26 | fROI=Lang_LH_IFG | layer=15 | mean r=0.046
ACROSS‑CIRC‑MULTITRAIN nllb200_1B | shift=26 | fROI=Lang_LH_IFG | layer=16 | mean r=0.040
ACROSS‑CIRC‑MULTITRAIN nllb200_1B | shift=26 | fROI=Lang_LH_IFG | layer=17 | mean r=0.026
ACROSS‑CIRC‑MULTITRAIN nllb200_1B | shift=26 | fROI=Lang_LH_IFG | layer=18 | mean r=0.020
ACROSS‑CIRC‑MULTITRAIN nllb200_1B | shift=26 | fROI=Lang_LH_IFG | layer=19 | mean r=0.020
ACROSS‑CIRC‑MULTITRAIN nllb200_1B | shift=26 | fROI=Lang_LH_IFG | layer=20 | mean r=0.023
ACROSS‑CIRC‑MULTITRAIN nllb200_1B | shift=26 | fROI=Lang_LH_IFG | layer=21 | mean r=0.015
ACROSS‑CIRC‑MULTITRAIN nllb200_1B | shift=26 | fROI=Lang_LH_IFG | layer=22 | mean r=0.012
ACROSS‑CIRC‑MULTITRAIN nllb200_1B | shift=26 | fROI=Lang_LH_IFG | layer=23 | mean r=0.004
ACROSS‑CIRC‑MULTITRAIN nllb200_1B | shift=26 | fROI=Lang_LH_IFG | layer=24 | mean r=0.007

  >>> Circular shift = 52
ACROSS‑CIRC‑MULTITRAIN nllb200_1B | shift=52 | fROI=Lang_LH_IFG | layer=0 | mean r=-0.020
ACROSS‑CIRC‑MULTITRAIN nllb200_1B | shift=52 | fROI=Lang_LH_IFG | layer=1 | mean r=-0.013
ACROSS‑CIRC‑MULTITRAIN nllb200_1B | shift=52 | fROI=Lang_LH_IFG | layer=2 | mean r=0.002
ACROSS‑CIRC‑MULTITRAIN nllb200_1B | shift=52 | fROI=Lang_LH_IFG | layer=3 | mean r=-0.004
ACROSS‑CIRC‑MULTITRAIN nllb200_1B | shift=52 | fROI=Lang_LH_IFG | layer=4 | mean r=0.006
ACROSS‑CIRC‑MULTITRAIN nllb200_1B | shift=52 | fROI=Lang_LH_IFG | layer=5 | mean r=0.005
ACROSS‑CIRC‑MULTITRAIN nllb200_1B | shift=52 | fROI=Lang_LH_IFG | layer=6 | mean r=-0.004
ACROSS‑CIRC‑MULTITRAIN nllb200_1B | shift=52 | fROI=Lang_LH_IFG | layer=7 | mean r=-0.003
ACROSS‑CIRC‑MULTITRAIN nllb200_1B | shift=52 | fROI=Lang_LH_IFG | layer=8 | mean r=-0.022
ACROSS‑CIRC‑MULTITRAIN nllb200_1B | shift=52 | fROI=Lang_LH_IFG | layer=9 | mean r=-0.038
ACROSS‑CIRC‑MULTITRAIN nllb200_1B | shift=52 | fROI=Lang_LH_IFG | layer=10 | mean r=-0.047
ACROSS‑CIRC‑MULTITRAIN nllb200_1B | shift=52 | fROI=Lang_LH_IFG | layer=11 | mean r=-0.058
ACROSS‑CIRC‑MULTITRAIN nllb200_1B | shift=52 | fROI=Lang_LH_IFG | layer=12 | mean r=-0.063
ACROSS‑CIRC‑MULTITRAIN nllb200_1B | shift=52 | fROI=Lang_LH_IFG | layer=13 | mean r=-0.064
ACROSS‑CIRC‑MULTITRAIN nllb200_1B | shift=52 | fROI=Lang_LH_IFG | layer=14 | mean r=-0.065
ACROSS‑CIRC‑MULTITRAIN nllb200_1B | shift=52 | fROI=Lang_LH_IFG | layer=15 | mean r=-0.068
ACROSS‑CIRC‑MULTITRAIN nllb200_1B | shift=52 | fROI=Lang_LH_IFG | layer=16 | mean r=-0.070
ACROSS‑CIRC‑MULTITRAIN nllb200_1B | shift=52 | fROI=Lang_LH_IFG | layer=17 | mean r=-0.080
ACROSS‑CIRC‑MULTITRAIN nllb200_1B | shift=52 | fROI=Lang_LH_IFG | layer=18 | mean r=-0.071
ACROSS‑CIRC‑MULTITRAIN nllb200_1B | shift=52 | fROI=Lang_LH_IFG | layer=19 | mean r=-0.067
ACROSS‑CIRC‑MULTITRAIN nllb200_1B | shift=52 | fROI=Lang_LH_IFG | layer=20 | mean r=-0.070
ACROSS‑CIRC‑MULTITRAIN nllb200_1B | shift=52 | fROI=Lang_LH_IFG | layer=21 | mean r=-0.068
ACROSS‑CIRC‑MULTITRAIN nllb200_1B | shift=52 | fROI=Lang_LH_IFG | layer=22 | mean r=-0.067
ACROSS‑CIRC‑MULTITRAIN nllb200_1B | shift=52 | fROI=Lang_LH_IFG | layer=23 | mean r=-0.072
ACROSS‑CIRC‑MULTITRAIN nllb200_1B | shift=52 | fROI=Lang_LH_IFG | layer=24 | mean r=-0.070

  >>> Circular shift = 78
ACROSS‑CIRC‑MULTITRAIN nllb200_1B | shift=78 | fROI=Lang_LH_IFG | layer=0 | mean r=-0.001
ACROSS‑CIRC‑MULTITRAIN nllb200_1B | shift=78 | fROI=Lang_LH_IFG | layer=1 | mean r=0.043
ACROSS‑CIRC‑MULTITRAIN nllb200_1B | shift=78 | fROI=Lang_LH_IFG | layer=2 | mean r=0.028
ACROSS‑CIRC‑MULTITRAIN nllb200_1B | shift=78 | fROI=Lang_LH_IFG | layer=3 | mean r=0.025
ACROSS‑CIRC‑MULTITRAIN nllb200_1B | shift=78 | fROI=Lang_LH_IFG | layer=4 | mean r=0.020
ACROSS‑CIRC‑MULTITRAIN nllb200_1B | shift=78 | fROI=Lang_LH_IFG | layer=5 | mean r=-0.007
ACROSS‑CIRC‑MULTITRAIN nllb200_1B | shift=78 | fROI=Lang_LH_IFG | layer=6 | mean r=-0.005
ACROSS‑CIRC‑MULTITRAIN nllb200_1B | shift=78 | fROI=Lang_LH_IFG | layer=7 | mean r=-0.016
ACROSS‑CIRC‑MULTITRAIN nllb200_1B | shift=78 | fROI=Lang_LH_IFG | layer=8 | mean r=-0.031
ACROSS‑CIRC‑MULTITRAIN nllb200_1B | shift=78 | fROI=Lang_LH_IFG | layer=9 | mean r=-0.044
ACROSS‑CIRC‑MULTITRAIN nllb200_1B | shift=78 | fROI=Lang_LH_IFG | layer=10 | mean r=-0.061
ACROSS‑CIRC‑MULTITRAIN nllb200_1B | shift=78 | fROI=Lang_LH_IFG | layer=11 | mean r=-0.064
ACROSS‑CIRC‑MULTITRAIN nllb200_1B | shift=78 | fROI=Lang_LH_IFG | layer=12 | mean r=-0.079
ACROSS‑CIRC‑MULTITRAIN nllb200_1B | shift=78 | fROI=Lang_LH_IFG | layer=13 | mean r=-0.073
ACROSS‑CIRC‑MULTITRAIN nllb200_1B | shift=78 | fROI=Lang_LH_IFG | layer=14 | mean r=-0.071
ACROSS‑CIRC‑MULTITRAIN nllb200_1B | shift=78 | fROI=Lang_LH_IFG | layer=15 | mean r=-0.061
ACROSS‑CIRC‑MULTITRAIN nllb200_1B | shift=78 | fROI=Lang_LH_IFG | layer=16 | mean r=-0.051
ACROSS‑CIRC‑MULTITRAIN nllb200_1B | shift=78 | fROI=Lang_LH_IFG | layer=17 | mean r=-0.040
ACROSS‑CIRC‑MULTITRAIN nllb200_1B | shift=78 | fROI=Lang_LH_IFG | layer=18 | mean r=-0.037
ACROSS‑CIRC‑MULTITRAIN nllb200_1B | shift=78 | fROI=Lang_LH_IFG | layer=19 | mean r=-0.035
ACROSS‑CIRC‑MULTITRAIN nllb200_1B | shift=78 | fROI=Lang_LH_IFG | layer=20 | mean r=-0.022
ACROSS‑CIRC‑MULTITRAIN nllb200_1B | shift=78 | fROI=Lang_LH_IFG | layer=21 | mean r=-0.020
ACROSS‑CIRC‑MULTITRAIN nllb200_1B | shift=78 | fROI=Lang_LH_IFG | layer=22 | mean r=-0.021
ACROSS‑CIRC‑MULTITRAIN nllb200_1B | shift=78 | fROI=Lang_LH_IFG | layer=23 | mean r=-0.021
ACROSS‑CIRC‑MULTITRAIN nllb200_1B | shift=78 | fROI=Lang_LH_IFG | layer=24 | mean r=-0.017

  >>> Circular shift = 104
ACROSS‑CIRC‑MULTITRAIN nllb200_1B | shift=104 | fROI=Lang_LH_IFG | layer=0 | mean r=0.025
ACROSS‑CIRC‑MULTITRAIN nllb200_1B | shift=104 | fROI=Lang_LH_IFG | layer=1 | mean r=0.026
ACROSS‑CIRC‑MULTITRAIN nllb200_1B | shift=104 | fROI=Lang_LH_IFG | layer=2 | mean r=0.006
ACROSS‑CIRC‑MULTITRAIN nllb200_1B | shift=104 | fROI=Lang_LH_IFG | layer=3 | mean r=-0.008
ACROSS‑CIRC‑MULTITRAIN nllb200_1B | shift=104 | fROI=Lang_LH_IFG | layer=4 | mean r=-0.005
ACROSS‑CIRC‑MULTITRAIN nllb200_1B | shift=104 | fROI=Lang_LH_IFG | layer=5 | mean r=-0.008
ACROSS‑CIRC‑MULTITRAIN nllb200_1B | shift=104 | fROI=Lang_LH_IFG | layer=6 | mean r=-0.002
ACROSS‑CIRC‑MULTITRAIN nllb200_1B | shift=104 | fROI=Lang_LH_IFG | layer=7 | mean r=0.007
ACROSS‑CIRC‑MULTITRAIN nllb200_1B | shift=104 | fROI=Lang_LH_IFG | layer=8 | mean r=0.013
ACROSS‑CIRC‑MULTITRAIN nllb200_1B | shift=104 | fROI=Lang_LH_IFG | layer=9 | mean r=0.018
ACROSS‑CIRC‑MULTITRAIN nllb200_1B | shift=104 | fROI=Lang_LH_IFG | layer=10 | mean r=0.024
ACROSS‑CIRC‑MULTITRAIN nllb200_1B | shift=104 | fROI=Lang_LH_IFG | layer=11 | mean r=0.020
ACROSS‑CIRC‑MULTITRAIN nllb200_1B | shift=104 | fROI=Lang_LH_IFG | layer=12 | mean r=0.011
ACROSS‑CIRC‑MULTITRAIN nllb200_1B | shift=104 | fROI=Lang_LH_IFG | layer=13 | mean r=0.018
ACROSS‑CIRC‑MULTITRAIN nllb200_1B | shift=104 | fROI=Lang_LH_IFG | layer=14 | mean r=0.011
ACROSS‑CIRC‑MULTITRAIN nllb200_1B | shift=104 | fROI=Lang_LH_IFG | layer=15 | mean r=0.006
ACROSS‑CIRC‑MULTITRAIN nllb200_1B | shift=104 | fROI=Lang_LH_IFG | layer=16 | mean r=0.005
ACROSS‑CIRC‑MULTITRAIN nllb200_1B | shift=104 | fROI=Lang_LH_IFG | layer=17 | mean r=0.003
ACROSS‑CIRC‑MULTITRAIN nllb200_1B | shift=104 | fROI=Lang_LH_IFG | layer=18 | mean r=0.001
ACROSS‑CIRC‑MULTITRAIN nllb200_1B | shift=104 | fROI=Lang_LH_IFG | layer=19 | mean r=-0.003
ACROSS‑CIRC‑MULTITRAIN nllb200_1B | shift=104 | fROI=Lang_LH_IFG | layer=20 | mean r=-0.005
ACROSS‑CIRC‑MULTITRAIN nllb200_1B | shift=104 | fROI=Lang_LH_IFG | layer=21 | mean r=-0.004
ACROSS‑CIRC‑MULTITRAIN nllb200_1B | shift=104 | fROI=Lang_LH_IFG | layer=22 | mean r=0.003
ACROSS‑CIRC‑MULTITRAIN nllb200_1B | shift=104 | fROI=Lang_LH_IFG | layer=23 | mean r=0.005
ACROSS‑CIRC‑MULTITRAIN nllb200_1B | shift=104 | fROI=Lang_LH_IFG | layer=24 | mean r=-0.011


Processing Lang_LH_IFGorb (4/6)

  >>> Circular shift = 26
ACROSS‑CIRC‑MULTITRAIN nllb200_1B | shift=26 | fROI=Lang_LH_IFGorb | layer=0 | mean r=-0.044
ACROSS‑CIRC‑MULTITRAIN nllb200_1B | shift=26 | fROI=Lang_LH_IFGorb | layer=1 | mean r=-0.047
ACROSS‑CIRC‑MULTITRAIN nllb200_1B | shift=26 | fROI=Lang_LH_IFGorb | layer=2 | mean r=-0.047
ACROSS‑CIRC‑MULTITRAIN nllb200_1B | shift=26 | fROI=Lang_LH_IFGorb | layer=3 | mean r=-0.053
ACROSS‑CIRC‑MULTITRAIN nllb200_1B | shift=26 | fROI=Lang_LH_IFGorb | layer=4 | mean r=-0.063
ACROSS‑CIRC‑MULTITRAIN nllb200_1B | shift=26 | fROI=Lang_LH_IFGorb | layer=5 | mean r=-0.051
ACROSS‑CIRC‑MULTITRAIN nllb200_1B | shift=26 | fROI=Lang_LH_IFGorb | layer=6 | mean r=-0.038
ACROSS‑CIRC‑MULTITRAIN nllb200_1B | shift=26 | fROI=Lang_LH_IFGorb | layer=7 | mean r=-0.039
ACROSS‑CIRC‑MULTITRAIN nllb200_1B | shift=26 | fROI=Lang_LH_IFGorb | layer=8 | mean r=-0.039
ACROSS‑CIRC‑MULTITRAIN nllb200_1B | shift=26 | fROI=Lang_LH_IFGorb | layer=9 | mean r=-0.017
ACROSS‑CIRC‑MULTITRAIN nllb200_1B | shift=26 | fROI=Lang_LH_IFGorb | layer=10 | mean r=-0.026
ACROSS‑CIRC‑MULTITRAIN nllb200_1B | shift=26 | fROI=Lang_LH_IFGorb | layer=11 | mean r=-0.018
ACROSS‑CIRC‑MULTITRAIN nllb200_1B | shift=26 | fROI=Lang_LH_IFGorb | layer=12 | mean r=-0.015
ACROSS‑CIRC‑MULTITRAIN nllb200_1B | shift=26 | fROI=Lang_LH_IFGorb | layer=13 | mean r=-0.012
ACROSS‑CIRC‑MULTITRAIN nllb200_1B | shift=26 | fROI=Lang_LH_IFGorb | layer=14 | mean r=-0.010
ACROSS‑CIRC‑MULTITRAIN nllb200_1B | shift=26 | fROI=Lang_LH_IFGorb | layer=15 | mean r=0.000
ACROSS‑CIRC‑MULTITRAIN nllb200_1B | shift=26 | fROI=Lang_LH_IFGorb | layer=16 | mean r=-0.010
ACROSS‑CIRC‑MULTITRAIN nllb200_1B | shift=26 | fROI=Lang_LH_IFGorb | layer=17 | mean r=-0.013
ACROSS‑CIRC‑MULTITRAIN nllb200_1B | shift=26 | fROI=Lang_LH_IFGorb | layer=18 | mean r=-0.017
ACROSS‑CIRC‑MULTITRAIN nllb200_1B | shift=26 | fROI=Lang_LH_IFGorb | layer=19 | mean r=-0.022
ACROSS‑CIRC‑MULTITRAIN nllb200_1B | shift=26 | fROI=Lang_LH_IFGorb | layer=20 | mean r=-0.035
ACROSS‑CIRC‑MULTITRAIN nllb200_1B | shift=26 | fROI=Lang_LH_IFGorb | layer=21 | mean r=-0.046
ACROSS‑CIRC‑MULTITRAIN nllb200_1B | shift=26 | fROI=Lang_LH_IFGorb | layer=22 | mean r=-0.046
ACROSS‑CIRC‑MULTITRAIN nllb200_1B | shift=26 | fROI=Lang_LH_IFGorb | layer=23 | mean r=-0.048
ACROSS‑CIRC‑MULTITRAIN nllb200_1B | shift=26 | fROI=Lang_LH_IFGorb | layer=24 | mean r=-0.041

  >>> Circular shift = 52
ACROSS‑CIRC‑MULTITRAIN nllb200_1B | shift=52 | fROI=Lang_LH_IFGorb | layer=0 | mean r=0.005
ACROSS‑CIRC‑MULTITRAIN nllb200_1B | shift=52 | fROI=Lang_LH_IFGorb | layer=1 | mean r=-0.016
ACROSS‑CIRC‑MULTITRAIN nllb200_1B | shift=52 | fROI=Lang_LH_IFGorb | layer=2 | mean r=0.017
ACROSS‑CIRC‑MULTITRAIN nllb200_1B | shift=52 | fROI=Lang_LH_IFGorb | layer=3 | mean r=0.017
ACROSS‑CIRC‑MULTITRAIN nllb200_1B | shift=52 | fROI=Lang_LH_IFGorb | layer=4 | mean r=0.042
ACROSS‑CIRC‑MULTITRAIN nllb200_1B | shift=52 | fROI=Lang_LH_IFGorb | layer=5 | mean r=0.039
ACROSS‑CIRC‑MULTITRAIN nllb200_1B | shift=52 | fROI=Lang_LH_IFGorb | layer=6 | mean r=0.036
ACROSS‑CIRC‑MULTITRAIN nllb200_1B | shift=52 | fROI=Lang_LH_IFGorb | layer=7 | mean r=0.044
ACROSS‑CIRC‑MULTITRAIN nllb200_1B | shift=52 | fROI=Lang_LH_IFGorb | layer=8 | mean r=0.037
ACROSS‑CIRC‑MULTITRAIN nllb200_1B | shift=52 | fROI=Lang_LH_IFGorb | layer=9 | mean r=0.005
ACROSS‑CIRC‑MULTITRAIN nllb200_1B | shift=52 | fROI=Lang_LH_IFGorb | layer=10 | mean r=-0.010
ACROSS‑CIRC‑MULTITRAIN nllb200_1B | shift=52 | fROI=Lang_LH_IFGorb | layer=11 | mean r=-0.021
ACROSS‑CIRC‑MULTITRAIN nllb200_1B | shift=52 | fROI=Lang_LH_IFGorb | layer=12 | mean r=-0.022
ACROSS‑CIRC‑MULTITRAIN nllb200_1B | shift=52 | fROI=Lang_LH_IFGorb | layer=13 | mean r=-0.017
ACROSS‑CIRC‑MULTITRAIN nllb200_1B | shift=52 | fROI=Lang_LH_IFGorb | layer=14 | mean r=-0.017
ACROSS‑CIRC‑MULTITRAIN nllb200_1B | shift=52 | fROI=Lang_LH_IFGorb | layer=15 | mean r=-0.016
ACROSS‑CIRC‑MULTITRAIN nllb200_1B | shift=52 | fROI=Lang_LH_IFGorb | layer=16 | mean r=-0.019
ACROSS‑CIRC‑MULTITRAIN nllb200_1B | shift=52 | fROI=Lang_LH_IFGorb | layer=17 | mean r=-0.022
ACROSS‑CIRC‑MULTITRAIN nllb200_1B | shift=52 | fROI=Lang_LH_IFGorb | layer=18 | mean r=-0.014
ACROSS‑CIRC‑MULTITRAIN nllb200_1B | shift=52 | fROI=Lang_LH_IFGorb | layer=19 | mean r=-0.010
ACROSS‑CIRC‑MULTITRAIN nllb200_1B | shift=52 | fROI=Lang_LH_IFGorb | layer=20 | mean r=-0.011
ACROSS‑CIRC‑MULTITRAIN nllb200_1B | shift=52 | fROI=Lang_LH_IFGorb | layer=21 | mean r=-0.013
ACROSS‑CIRC‑MULTITRAIN nllb200_1B | shift=52 | fROI=Lang_LH_IFGorb | layer=22 | mean r=-0.012
ACROSS‑CIRC‑MULTITRAIN nllb200_1B | shift=52 | fROI=Lang_LH_IFGorb | layer=23 | mean r=-0.019
ACROSS‑CIRC‑MULTITRAIN nllb200_1B | shift=52 | fROI=Lang_LH_IFGorb | layer=24 | mean r=-0.021

  >>> Circular shift = 78
ACROSS‑CIRC‑MULTITRAIN nllb200_1B | shift=78 | fROI=Lang_LH_IFGorb | layer=0 | mean r=0.011
ACROSS‑CIRC‑MULTITRAIN nllb200_1B | shift=78 | fROI=Lang_LH_IFGorb | layer=1 | mean r=0.031
ACROSS‑CIRC‑MULTITRAIN nllb200_1B | shift=78 | fROI=Lang_LH_IFGorb | layer=2 | mean r=0.034
ACROSS‑CIRC‑MULTITRAIN nllb200_1B | shift=78 | fROI=Lang_LH_IFGorb | layer=3 | mean r=0.040
ACROSS‑CIRC‑MULTITRAIN nllb200_1B | shift=78 | fROI=Lang_LH_IFGorb | layer=4 | mean r=0.029
ACROSS‑CIRC‑MULTITRAIN nllb200_1B | shift=78 | fROI=Lang_LH_IFGorb | layer=5 | mean r=0.007
ACROSS‑CIRC‑MULTITRAIN nllb200_1B | shift=78 | fROI=Lang_LH_IFGorb | layer=6 | mean r=-0.003
ACROSS‑CIRC‑MULTITRAIN nllb200_1B | shift=78 | fROI=Lang_LH_IFGorb | layer=7 | mean r=-0.011
ACROSS‑CIRC‑MULTITRAIN nllb200_1B | shift=78 | fROI=Lang_LH_IFGorb | layer=8 | mean r=-0.036
ACROSS‑CIRC‑MULTITRAIN nllb200_1B | shift=78 | fROI=Lang_LH_IFGorb | layer=9 | mean r=-0.051
ACROSS‑CIRC‑MULTITRAIN nllb200_1B | shift=78 | fROI=Lang_LH_IFGorb | layer=10 | mean r=-0.059
ACROSS‑CIRC‑MULTITRAIN nllb200_1B | shift=78 | fROI=Lang_LH_IFGorb | layer=11 | mean r=-0.067
ACROSS‑CIRC‑MULTITRAIN nllb200_1B | shift=78 | fROI=Lang_LH_IFGorb | layer=12 | mean r=-0.078
ACROSS‑CIRC‑MULTITRAIN nllb200_1B | shift=78 | fROI=Lang_LH_IFGorb | layer=13 | mean r=-0.079
ACROSS‑CIRC‑MULTITRAIN nllb200_1B | shift=78 | fROI=Lang_LH_IFGorb | layer=14 | mean r=-0.084
ACROSS‑CIRC‑MULTITRAIN nllb200_1B | shift=78 | fROI=Lang_LH_IFGorb | layer=15 | mean r=-0.082
ACROSS‑CIRC‑MULTITRAIN nllb200_1B | shift=78 | fROI=Lang_LH_IFGorb | layer=16 | mean r=-0.080
ACROSS‑CIRC‑MULTITRAIN nllb200_1B | shift=78 | fROI=Lang_LH_IFGorb | layer=17 | mean r=-0.071
ACROSS‑CIRC‑MULTITRAIN nllb200_1B | shift=78 | fROI=Lang_LH_IFGorb | layer=18 | mean r=-0.065
ACROSS‑CIRC‑MULTITRAIN nllb200_1B | shift=78 | fROI=Lang_LH_IFGorb | layer=19 | mean r=-0.057
ACROSS‑CIRC‑MULTITRAIN nllb200_1B | shift=78 | fROI=Lang_LH_IFGorb | layer=20 | mean r=-0.046
ACROSS‑CIRC‑MULTITRAIN nllb200_1B | shift=78 | fROI=Lang_LH_IFGorb | layer=21 | mean r=-0.045
ACROSS‑CIRC‑MULTITRAIN nllb200_1B | shift=78 | fROI=Lang_LH_IFGorb | layer=22 | mean r=-0.042
ACROSS‑CIRC‑MULTITRAIN nllb200_1B | shift=78 | fROI=Lang_LH_IFGorb | layer=23 | mean r=-0.039
ACROSS‑CIRC‑MULTITRAIN nllb200_1B | shift=78 | fROI=Lang_LH_IFGorb | layer=24 | mean r=-0.037

  >>> Circular shift = 104
ACROSS‑CIRC‑MULTITRAIN nllb200_1B | shift=104 | fROI=Lang_LH_IFGorb | layer=0 | mean r=-0.031
ACROSS‑CIRC‑MULTITRAIN nllb200_1B | shift=104 | fROI=Lang_LH_IFGorb | layer=1 | mean r=-0.035
ACROSS‑CIRC‑MULTITRAIN nllb200_1B | shift=104 | fROI=Lang_LH_IFGorb | layer=2 | mean r=-0.049
ACROSS‑CIRC‑MULTITRAIN nllb200_1B | shift=104 | fROI=Lang_LH_IFGorb | layer=3 | mean r=-0.063
ACROSS‑CIRC‑MULTITRAIN nllb200_1B | shift=104 | fROI=Lang_LH_IFGorb | layer=4 | mean r=-0.057
ACROSS‑CIRC‑MULTITRAIN nllb200_1B | shift=104 | fROI=Lang_LH_IFGorb | layer=5 | mean r=-0.048
ACROSS‑CIRC‑MULTITRAIN nllb200_1B | shift=104 | fROI=Lang_LH_IFGorb | layer=6 | mean r=-0.031
ACROSS‑CIRC‑MULTITRAIN nllb200_1B | shift=104 | fROI=Lang_LH_IFGorb | layer=7 | mean r=-0.027
ACROSS‑CIRC‑MULTITRAIN nllb200_1B | shift=104 | fROI=Lang_LH_IFGorb | layer=8 | mean r=-0.021
ACROSS‑CIRC‑MULTITRAIN nllb200_1B | shift=104 | fROI=Lang_LH_IFGorb | layer=9 | mean r=-0.005
ACROSS‑CIRC‑MULTITRAIN nllb200_1B | shift=104 | fROI=Lang_LH_IFGorb | layer=10 | mean r=0.010
ACROSS‑CIRC‑MULTITRAIN nllb200_1B | shift=104 | fROI=Lang_LH_IFGorb | layer=11 | mean r=0.017
ACROSS‑CIRC‑MULTITRAIN nllb200_1B | shift=104 | fROI=Lang_LH_IFGorb | layer=12 | mean r=0.009
ACROSS‑CIRC‑MULTITRAIN nllb200_1B | shift=104 | fROI=Lang_LH_IFGorb | layer=13 | mean r=0.014
ACROSS‑CIRC‑MULTITRAIN nllb200_1B | shift=104 | fROI=Lang_LH_IFGorb | layer=14 | mean r=0.006
ACROSS‑CIRC‑MULTITRAIN nllb200_1B | shift=104 | fROI=Lang_LH_IFGorb | layer=15 | mean r=-0.010
ACROSS‑CIRC‑MULTITRAIN nllb200_1B | shift=104 | fROI=Lang_LH_IFGorb | layer=16 | mean r=-0.007
ACROSS‑CIRC‑MULTITRAIN nllb200_1B | shift=104 | fROI=Lang_LH_IFGorb | layer=17 | mean r=-0.017
ACROSS‑CIRC‑MULTITRAIN nllb200_1B | shift=104 | fROI=Lang_LH_IFGorb | layer=18 | mean r=-0.018
ACROSS‑CIRC‑MULTITRAIN nllb200_1B | shift=104 | fROI=Lang_LH_IFGorb | layer=19 | mean r=-0.017
ACROSS‑CIRC‑MULTITRAIN nllb200_1B | shift=104 | fROI=Lang_LH_IFGorb | layer=20 | mean r=-0.025
ACROSS‑CIRC‑MULTITRAIN nllb200_1B | shift=104 | fROI=Lang_LH_IFGorb | layer=21 | mean r=-0.030
ACROSS‑CIRC‑MULTITRAIN nllb200_1B | shift=104 | fROI=Lang_LH_IFGorb | layer=22 | mean r=-0.029
ACROSS‑CIRC‑MULTITRAIN nllb200_1B | shift=104 | fROI=Lang_LH_IFGorb | layer=23 | mean r=-0.025
ACROSS‑CIRC‑MULTITRAIN nllb200_1B | shift=104 | fROI=Lang_LH_IFGorb | layer=24 | mean r=-0.030


Processing Lang_LH_MFG (5/6)

  >>> Circular shift = 26
ACROSS‑CIRC‑MULTITRAIN nllb200_1B | shift=26 | fROI=Lang_LH_MFG | layer=0 | mean r=-0.095
ACROSS‑CIRC‑MULTITRAIN nllb200_1B | shift=26 | fROI=Lang_LH_MFG | layer=1 | mean r=-0.100
ACROSS‑CIRC‑MULTITRAIN nllb200_1B | shift=26 | fROI=Lang_LH_MFG | layer=2 | mean r=-0.053
ACROSS‑CIRC‑MULTITRAIN nllb200_1B | shift=26 | fROI=Lang_LH_MFG | layer=3 | mean r=-0.047
ACROSS‑CIRC‑MULTITRAIN nllb200_1B | shift=26 | fROI=Lang_LH_MFG | layer=4 | mean r=-0.055
ACROSS‑CIRC‑MULTITRAIN nllb200_1B | shift=26 | fROI=Lang_LH_MFG | layer=5 | mean r=-0.052
ACROSS‑CIRC‑MULTITRAIN nllb200_1B | shift=26 | fROI=Lang_LH_MFG | layer=6 | mean r=-0.041
ACROSS‑CIRC‑MULTITRAIN nllb200_1B | shift=26 | fROI=Lang_LH_MFG | layer=7 | mean r=-0.018
ACROSS‑CIRC‑MULTITRAIN nllb200_1B | shift=26 | fROI=Lang_LH_MFG | layer=8 | mean r=-0.023
ACROSS‑CIRC‑MULTITRAIN nllb200_1B | shift=26 | fROI=Lang_LH_MFG | layer=9 | mean r=-0.013
ACROSS‑CIRC‑MULTITRAIN nllb200_1B | shift=26 | fROI=Lang_LH_MFG | layer=10 | mean r=-0.010
ACROSS‑CIRC‑MULTITRAIN nllb200_1B | shift=26 | fROI=Lang_LH_MFG | layer=11 | mean r=-0.010
ACROSS‑CIRC‑MULTITRAIN nllb200_1B | shift=26 | fROI=Lang_LH_MFG | layer=12 | mean r=-0.005
ACROSS‑CIRC‑MULTITRAIN nllb200_1B | shift=26 | fROI=Lang_LH_MFG | layer=13 | mean r=0.004
ACROSS‑CIRC‑MULTITRAIN nllb200_1B | shift=26 | fROI=Lang_LH_MFG | layer=14 | mean r=0.017
ACROSS‑CIRC‑MULTITRAIN nllb200_1B | shift=26 | fROI=Lang_LH_MFG | layer=15 | mean r=0.026
ACROSS‑CIRC‑MULTITRAIN nllb200_1B | shift=26 | fROI=Lang_LH_MFG | layer=16 | mean r=0.021
ACROSS‑CIRC‑MULTITRAIN nllb200_1B | shift=26 | fROI=Lang_LH_MFG | layer=17 | mean r=0.007
ACROSS‑CIRC‑MULTITRAIN nllb200_1B | shift=26 | fROI=Lang_LH_MFG | layer=18 | mean r=0.005
ACROSS‑CIRC‑MULTITRAIN nllb200_1B | shift=26 | fROI=Lang_LH_MFG | layer=19 | mean r=0.014
ACROSS‑CIRC‑MULTITRAIN nllb200_1B | shift=26 | fROI=Lang_LH_MFG | layer=20 | mean r=0.018
ACROSS‑CIRC‑MULTITRAIN nllb200_1B | shift=26 | fROI=Lang_LH_MFG | layer=21 | mean r=0.013
ACROSS‑CIRC‑MULTITRAIN nllb200_1B | shift=26 | fROI=Lang_LH_MFG | layer=22 | mean r=0.010
ACROSS‑CIRC‑MULTITRAIN nllb200_1B | shift=26 | fROI=Lang_LH_MFG | layer=23 | mean r=0.001
ACROSS‑CIRC‑MULTITRAIN nllb200_1B | shift=26 | fROI=Lang_LH_MFG | layer=24 | mean r=-0.010

  >>> Circular shift = 52
ACROSS‑CIRC‑MULTITRAIN nllb200_1B | shift=52 | fROI=Lang_LH_MFG | layer=0 | mean r=0.003
ACROSS‑CIRC‑MULTITRAIN nllb200_1B | shift=52 | fROI=Lang_LH_MFG | layer=1 | mean r=0.001
ACROSS‑CIRC‑MULTITRAIN nllb200_1B | shift=52 | fROI=Lang_LH_MFG | layer=2 | mean r=-0.004
ACROSS‑CIRC‑MULTITRAIN nllb200_1B | shift=52 | fROI=Lang_LH_MFG | layer=3 | mean r=-0.020
ACROSS‑CIRC‑MULTITRAIN nllb200_1B | shift=52 | fROI=Lang_LH_MFG | layer=4 | mean r=-0.000
ACROSS‑CIRC‑MULTITRAIN nllb200_1B | shift=52 | fROI=Lang_LH_MFG | layer=5 | mean r=-0.008
ACROSS‑CIRC‑MULTITRAIN nllb200_1B | shift=52 | fROI=Lang_LH_MFG | layer=6 | mean r=-0.015
ACROSS‑CIRC‑MULTITRAIN nllb200_1B | shift=52 | fROI=Lang_LH_MFG | layer=7 | mean r=-0.021
ACROSS‑CIRC‑MULTITRAIN nllb200_1B | shift=52 | fROI=Lang_LH_MFG | layer=8 | mean r=-0.031
ACROSS‑CIRC‑MULTITRAIN nllb200_1B | shift=52 | fROI=Lang_LH_MFG | layer=9 | mean r=-0.043
ACROSS‑CIRC‑MULTITRAIN nllb200_1B | shift=52 | fROI=Lang_LH_MFG | layer=10 | mean r=-0.070
ACROSS‑CIRC‑MULTITRAIN nllb200_1B | shift=52 | fROI=Lang_LH_MFG | layer=11 | mean r=-0.091
ACROSS‑CIRC‑MULTITRAIN nllb200_1B | shift=52 | fROI=Lang_LH_MFG | layer=12 | mean r=-0.104
ACROSS‑CIRC‑MULTITRAIN nllb200_1B | shift=52 | fROI=Lang_LH_MFG | layer=13 | mean r=-0.098
ACROSS‑CIRC‑MULTITRAIN nllb200_1B | shift=52 | fROI=Lang_LH_MFG | layer=14 | mean r=-0.098
ACROSS‑CIRC‑MULTITRAIN nllb200_1B | shift=52 | fROI=Lang_LH_MFG | layer=15 | mean r=-0.108
ACROSS‑CIRC‑MULTITRAIN nllb200_1B | shift=52 | fROI=Lang_LH_MFG | layer=16 | mean r=-0.108
ACROSS‑CIRC‑MULTITRAIN nllb200_1B | shift=52 | fROI=Lang_LH_MFG | layer=17 | mean r=-0.108
ACROSS‑CIRC‑MULTITRAIN nllb200_1B | shift=52 | fROI=Lang_LH_MFG | layer=18 | mean r=-0.105
ACROSS‑CIRC‑MULTITRAIN nllb200_1B | shift=52 | fROI=Lang_LH_MFG | layer=19 | mean r=-0.097
ACROSS‑CIRC‑MULTITRAIN nllb200_1B | shift=52 | fROI=Lang_LH_MFG | layer=20 | mean r=-0.099
ACROSS‑CIRC‑MULTITRAIN nllb200_1B | shift=52 | fROI=Lang_LH_MFG | layer=21 | mean r=-0.094
ACROSS‑CIRC‑MULTITRAIN nllb200_1B | shift=52 | fROI=Lang_LH_MFG | layer=22 | mean r=-0.093
ACROSS‑CIRC‑MULTITRAIN nllb200_1B | shift=52 | fROI=Lang_LH_MFG | layer=23 | mean r=-0.101
ACROSS‑CIRC‑MULTITRAIN nllb200_1B | shift=52 | fROI=Lang_LH_MFG | layer=24 | mean r=-0.102

  >>> Circular shift = 78
ACROSS‑CIRC‑MULTITRAIN nllb200_1B | shift=78 | fROI=Lang_LH_MFG | layer=0 | mean r=0.005
ACROSS‑CIRC‑MULTITRAIN nllb200_1B | shift=78 | fROI=Lang_LH_MFG | layer=1 | mean r=0.023
ACROSS‑CIRC‑MULTITRAIN nllb200_1B | shift=78 | fROI=Lang_LH_MFG | layer=2 | mean r=0.014
ACROSS‑CIRC‑MULTITRAIN nllb200_1B | shift=78 | fROI=Lang_LH_MFG | layer=3 | mean r=0.000
ACROSS‑CIRC‑MULTITRAIN nllb200_1B | shift=78 | fROI=Lang_LH_MFG | layer=4 | mean r=-0.005
ACROSS‑CIRC‑MULTITRAIN nllb200_1B | shift=78 | fROI=Lang_LH_MFG | layer=5 | mean r=-0.011
ACROSS‑CIRC‑MULTITRAIN nllb200_1B | shift=78 | fROI=Lang_LH_MFG | layer=6 | mean r=-0.005
ACROSS‑CIRC‑MULTITRAIN nllb200_1B | shift=78 | fROI=Lang_LH_MFG | layer=7 | mean r=-0.003
ACROSS‑CIRC‑MULTITRAIN nllb200_1B | shift=78 | fROI=Lang_LH_MFG | layer=8 | mean r=-0.024
ACROSS‑CIRC‑MULTITRAIN nllb200_1B | shift=78 | fROI=Lang_LH_MFG | layer=9 | mean r=-0.027
ACROSS‑CIRC‑MULTITRAIN nllb200_1B | shift=78 | fROI=Lang_LH_MFG | layer=10 | mean r=-0.038
ACROSS‑CIRC‑MULTITRAIN nllb200_1B | shift=78 | fROI=Lang_LH_MFG | layer=11 | mean r=-0.032
ACROSS‑CIRC‑MULTITRAIN nllb200_1B | shift=78 | fROI=Lang_LH_MFG | layer=12 | mean r=-0.047
ACROSS‑CIRC‑MULTITRAIN nllb200_1B | shift=78 | fROI=Lang_LH_MFG | layer=13 | mean r=-0.044
ACROSS‑CIRC‑MULTITRAIN nllb200_1B | shift=78 | fROI=Lang_LH_MFG | layer=14 | mean r=-0.043
ACROSS‑CIRC‑MULTITRAIN nllb200_1B | shift=78 | fROI=Lang_LH_MFG | layer=15 | mean r=-0.033
ACROSS‑CIRC‑MULTITRAIN nllb200_1B | shift=78 | fROI=Lang_LH_MFG | layer=16 | mean r=-0.032
ACROSS‑CIRC‑MULTITRAIN nllb200_1B | shift=78 | fROI=Lang_LH_MFG | layer=17 | mean r=-0.010
ACROSS‑CIRC‑MULTITRAIN nllb200_1B | shift=78 | fROI=Lang_LH_MFG | layer=18 | mean r=-0.007
ACROSS‑CIRC‑MULTITRAIN nllb200_1B | shift=78 | fROI=Lang_LH_MFG | layer=19 | mean r=-0.010
ACROSS‑CIRC‑MULTITRAIN nllb200_1B | shift=78 | fROI=Lang_LH_MFG | layer=20 | mean r=0.005
ACROSS‑CIRC‑MULTITRAIN nllb200_1B | shift=78 | fROI=Lang_LH_MFG | layer=21 | mean r=0.006
ACROSS‑CIRC‑MULTITRAIN nllb200_1B | shift=78 | fROI=Lang_LH_MFG | layer=22 | mean r=0.008
ACROSS‑CIRC‑MULTITRAIN nllb200_1B | shift=78 | fROI=Lang_LH_MFG | layer=23 | mean r=0.006
ACROSS‑CIRC‑MULTITRAIN nllb200_1B | shift=78 | fROI=Lang_LH_MFG | layer=24 | mean r=0.004

  >>> Circular shift = 104
ACROSS‑CIRC‑MULTITRAIN nllb200_1B | shift=104 | fROI=Lang_LH_MFG | layer=0 | mean r=-0.022
ACROSS‑CIRC‑MULTITRAIN nllb200_1B | shift=104 | fROI=Lang_LH_MFG | layer=1 | mean r=-0.028
ACROSS‑CIRC‑MULTITRAIN nllb200_1B | shift=104 | fROI=Lang_LH_MFG | layer=2 | mean r=-0.041
ACROSS‑CIRC‑MULTITRAIN nllb200_1B | shift=104 | fROI=Lang_LH_MFG | layer=3 | mean r=-0.044
ACROSS‑CIRC‑MULTITRAIN nllb200_1B | shift=104 | fROI=Lang_LH_MFG | layer=4 | mean r=-0.032
ACROSS‑CIRC‑MULTITRAIN nllb200_1B | shift=104 | fROI=Lang_LH_MFG | layer=5 | mean r=-0.036
ACROSS‑CIRC‑MULTITRAIN nllb200_1B | shift=104 | fROI=Lang_LH_MFG | layer=6 | mean r=-0.042
ACROSS‑CIRC‑MULTITRAIN nllb200_1B | shift=104 | fROI=Lang_LH_MFG | layer=7 | mean r=-0.042
ACROSS‑CIRC‑MULTITRAIN nllb200_1B | shift=104 | fROI=Lang_LH_MFG | layer=8 | mean r=-0.024
ACROSS‑CIRC‑MULTITRAIN nllb200_1B | shift=104 | fROI=Lang_LH_MFG | layer=9 | mean r=-0.013
ACROSS‑CIRC‑MULTITRAIN nllb200_1B | shift=104 | fROI=Lang_LH_MFG | layer=10 | mean r=0.010
ACROSS‑CIRC‑MULTITRAIN nllb200_1B | shift=104 | fROI=Lang_LH_MFG | layer=11 | mean r=0.013
ACROSS‑CIRC‑MULTITRAIN nllb200_1B | shift=104 | fROI=Lang_LH_MFG | layer=12 | mean r=0.022
ACROSS‑CIRC‑MULTITRAIN nllb200_1B | shift=104 | fROI=Lang_LH_MFG | layer=13 | mean r=0.034
ACROSS‑CIRC‑MULTITRAIN nllb200_1B | shift=104 | fROI=Lang_LH_MFG | layer=14 | mean r=0.034
ACROSS‑CIRC‑MULTITRAIN nllb200_1B | shift=104 | fROI=Lang_LH_MFG | layer=15 | mean r=0.033
ACROSS‑CIRC‑MULTITRAIN nllb200_1B | shift=104 | fROI=Lang_LH_MFG | layer=16 | mean r=0.032
ACROSS‑CIRC‑MULTITRAIN nllb200_1B | shift=104 | fROI=Lang_LH_MFG | layer=17 | mean r=0.034
ACROSS‑CIRC‑MULTITRAIN nllb200_1B | shift=104 | fROI=Lang_LH_MFG | layer=18 | mean r=0.040
ACROSS‑CIRC‑MULTITRAIN nllb200_1B | shift=104 | fROI=Lang_LH_MFG | layer=19 | mean r=0.038
ACROSS‑CIRC‑MULTITRAIN nllb200_1B | shift=104 | fROI=Lang_LH_MFG | layer=20 | mean r=0.042
ACROSS‑CIRC‑MULTITRAIN nllb200_1B | shift=104 | fROI=Lang_LH_MFG | layer=21 | mean r=0.042
ACROSS‑CIRC‑MULTITRAIN nllb200_1B | shift=104 | fROI=Lang_LH_MFG | layer=22 | mean r=0.050
ACROSS‑CIRC‑MULTITRAIN nllb200_1B | shift=104 | fROI=Lang_LH_MFG | layer=23 | mean r=0.050
ACROSS‑CIRC‑MULTITRAIN nllb200_1B | shift=104 | fROI=Lang_LH_MFG | layer=24 | mean r=0.034


Processing Lang_LH_PostTemp (6/6)

  >>> Circular shift = 26
ACROSS‑CIRC‑MULTITRAIN nllb200_1B | shift=26 | fROI=Lang_LH_PostTemp | layer=0 | mean r=-0.022
ACROSS‑CIRC‑MULTITRAIN nllb200_1B | shift=26 | fROI=Lang_LH_PostTemp | layer=1 | mean r=-0.013
ACROSS‑CIRC‑MULTITRAIN nllb200_1B | shift=26 | fROI=Lang_LH_PostTemp | layer=2 | mean r=-0.006
ACROSS‑CIRC‑MULTITRAIN nllb200_1B | shift=26 | fROI=Lang_LH_PostTemp | layer=3 | mean r=0.009
ACROSS‑CIRC‑MULTITRAIN nllb200_1B | shift=26 | fROI=Lang_LH_PostTemp | layer=4 | mean r=-0.004
ACROSS‑CIRC‑MULTITRAIN nllb200_1B | shift=26 | fROI=Lang_LH_PostTemp | layer=5 | mean r=-0.004
ACROSS‑CIRC‑MULTITRAIN nllb200_1B | shift=26 | fROI=Lang_LH_PostTemp | layer=6 | mean r=0.014
ACROSS‑CIRC‑MULTITRAIN nllb200_1B | shift=26 | fROI=Lang_LH_PostTemp | layer=7 | mean r=0.022
ACROSS‑CIRC‑MULTITRAIN nllb200_1B | shift=26 | fROI=Lang_LH_PostTemp | layer=8 | mean r=0.017
ACROSS‑CIRC‑MULTITRAIN nllb200_1B | shift=26 | fROI=Lang_LH_PostTemp | layer=9 | mean r=0.018
ACROSS‑CIRC‑MULTITRAIN nllb200_1B | shift=26 | fROI=Lang_LH_PostTemp | layer=10 | mean r=-0.006
ACROSS‑CIRC‑MULTITRAIN nllb200_1B | shift=26 | fROI=Lang_LH_PostTemp | layer=11 | mean r=-0.012
ACROSS‑CIRC‑MULTITRAIN nllb200_1B | shift=26 | fROI=Lang_LH_PostTemp | layer=12 | mean r=-0.017
ACROSS‑CIRC‑MULTITRAIN nllb200_1B | shift=26 | fROI=Lang_LH_PostTemp | layer=13 | mean r=-0.016
ACROSS‑CIRC‑MULTITRAIN nllb200_1B | shift=26 | fROI=Lang_LH_PostTemp | layer=14 | mean r=0.022
ACROSS‑CIRC‑MULTITRAIN nllb200_1B | shift=26 | fROI=Lang_LH_PostTemp | layer=15 | mean r=0.005
ACROSS‑CIRC‑MULTITRAIN nllb200_1B | shift=26 | fROI=Lang_LH_PostTemp | layer=16 | mean r=0.007
ACROSS‑CIRC‑MULTITRAIN nllb200_1B | shift=26 | fROI=Lang_LH_PostTemp | layer=17 | mean r=-0.007
ACROSS‑CIRC‑MULTITRAIN nllb200_1B | shift=26 | fROI=Lang_LH_PostTemp | layer=18 | mean r=-0.007
ACROSS‑CIRC‑MULTITRAIN nllb200_1B | shift=26 | fROI=Lang_LH_PostTemp | layer=19 | mean r=-0.025
ACROSS‑CIRC‑MULTITRAIN nllb200_1B | shift=26 | fROI=Lang_LH_PostTemp | layer=20 | mean r=-0.026
ACROSS‑CIRC‑MULTITRAIN nllb200_1B | shift=26 | fROI=Lang_LH_PostTemp | layer=21 | mean r=-0.028
ACROSS‑CIRC‑MULTITRAIN nllb200_1B | shift=26 | fROI=Lang_LH_PostTemp | layer=22 | mean r=-0.035
ACROSS‑CIRC‑MULTITRAIN nllb200_1B | shift=26 | fROI=Lang_LH_PostTemp | layer=23 | mean r=-0.035
ACROSS‑CIRC‑MULTITRAIN nllb200_1B | shift=26 | fROI=Lang_LH_PostTemp | layer=24 | mean r=-0.011

  >>> Circular shift = 52
ACROSS‑CIRC‑MULTITRAIN nllb200_1B | shift=52 | fROI=Lang_LH_PostTemp | layer=0 | mean r=0.039
ACROSS‑CIRC‑MULTITRAIN nllb200_1B | shift=52 | fROI=Lang_LH_PostTemp | layer=1 | mean r=0.002
ACROSS‑CIRC‑MULTITRAIN nllb200_1B | shift=52 | fROI=Lang_LH_PostTemp | layer=2 | mean r=0.016
ACROSS‑CIRC‑MULTITRAIN nllb200_1B | shift=52 | fROI=Lang_LH_PostTemp | layer=3 | mean r=0.012
ACROSS‑CIRC‑MULTITRAIN nllb200_1B | shift=52 | fROI=Lang_LH_PostTemp | layer=4 | mean r=-0.010
ACROSS‑CIRC‑MULTITRAIN nllb200_1B | shift=52 | fROI=Lang_LH_PostTemp | layer=5 | mean r=-0.023
ACROSS‑CIRC‑MULTITRAIN nllb200_1B | shift=52 | fROI=Lang_LH_PostTemp | layer=6 | mean r=-0.033
ACROSS‑CIRC‑MULTITRAIN nllb200_1B | shift=52 | fROI=Lang_LH_PostTemp | layer=7 | mean r=-0.027
ACROSS‑CIRC‑MULTITRAIN nllb200_1B | shift=52 | fROI=Lang_LH_PostTemp | layer=8 | mean r=-0.030
ACROSS‑CIRC‑MULTITRAIN nllb200_1B | shift=52 | fROI=Lang_LH_PostTemp | layer=9 | mean r=-0.051
ACROSS‑CIRC‑MULTITRAIN nllb200_1B | shift=52 | fROI=Lang_LH_PostTemp | layer=10 | mean r=-0.025
ACROSS‑CIRC‑MULTITRAIN nllb200_1B | shift=52 | fROI=Lang_LH_PostTemp | layer=11 | mean r=-0.020
ACROSS‑CIRC‑MULTITRAIN nllb200_1B | shift=52 | fROI=Lang_LH_PostTemp | layer=12 | mean r=0.001
ACROSS‑CIRC‑MULTITRAIN nllb200_1B | shift=52 | fROI=Lang_LH_PostTemp | layer=13 | mean r=0.009
ACROSS‑CIRC‑MULTITRAIN nllb200_1B | shift=52 | fROI=Lang_LH_PostTemp | layer=14 | mean r=0.002
ACROSS‑CIRC‑MULTITRAIN nllb200_1B | shift=52 | fROI=Lang_LH_PostTemp | layer=15 | mean r=0.002
ACROSS‑CIRC‑MULTITRAIN nllb200_1B | shift=52 | fROI=Lang_LH_PostTemp | layer=16 | mean r=-0.009
ACROSS‑CIRC‑MULTITRAIN nllb200_1B | shift=52 | fROI=Lang_LH_PostTemp | layer=17 | mean r=-0.010
ACROSS‑CIRC‑MULTITRAIN nllb200_1B | shift=52 | fROI=Lang_LH_PostTemp | layer=18 | mean r=-0.004
ACROSS‑CIRC‑MULTITRAIN nllb200_1B | shift=52 | fROI=Lang_LH_PostTemp | layer=19 | mean r=-0.009
ACROSS‑CIRC‑MULTITRAIN nllb200_1B | shift=52 | fROI=Lang_LH_PostTemp | layer=20 | mean r=-0.026
ACROSS‑CIRC‑MULTITRAIN nllb200_1B | shift=52 | fROI=Lang_LH_PostTemp | layer=21 | mean r=-0.023
ACROSS‑CIRC‑MULTITRAIN nllb200_1B | shift=52 | fROI=Lang_LH_PostTemp | layer=22 | mean r=-0.024
ACROSS‑CIRC‑MULTITRAIN nllb200_1B | shift=52 | fROI=Lang_LH_PostTemp | layer=23 | mean r=-0.036
ACROSS‑CIRC‑MULTITRAIN nllb200_1B | shift=52 | fROI=Lang_LH_PostTemp | layer=24 | mean r=-0.036

  >>> Circular shift = 78
ACROSS‑CIRC‑MULTITRAIN nllb200_1B | shift=78 | fROI=Lang_LH_PostTemp | layer=0 | mean r=-0.032
ACROSS‑CIRC‑MULTITRAIN nllb200_1B | shift=78 | fROI=Lang_LH_PostTemp | layer=1 | mean r=0.029
ACROSS‑CIRC‑MULTITRAIN nllb200_1B | shift=78 | fROI=Lang_LH_PostTemp | layer=2 | mean r=0.014
ACROSS‑CIRC‑MULTITRAIN nllb200_1B | shift=78 | fROI=Lang_LH_PostTemp | layer=3 | mean r=0.009
ACROSS‑CIRC‑MULTITRAIN nllb200_1B | shift=78 | fROI=Lang_LH_PostTemp | layer=4 | mean r=0.002
ACROSS‑CIRC‑MULTITRAIN nllb200_1B | shift=78 | fROI=Lang_LH_PostTemp | layer=5 | mean r=-0.030
ACROSS‑CIRC‑MULTITRAIN nllb200_1B | shift=78 | fROI=Lang_LH_PostTemp | layer=6 | mean r=-0.032
ACROSS‑CIRC‑MULTITRAIN nllb200_1B | shift=78 | fROI=Lang_LH_PostTemp | layer=7 | mean r=-0.030
ACROSS‑CIRC‑MULTITRAIN nllb200_1B | shift=78 | fROI=Lang_LH_PostTemp | layer=8 | mean r=-0.061
ACROSS‑CIRC‑MULTITRAIN nllb200_1B | shift=78 | fROI=Lang_LH_PostTemp | layer=9 | mean r=-0.076
ACROSS‑CIRC‑MULTITRAIN nllb200_1B | shift=78 | fROI=Lang_LH_PostTemp | layer=10 | mean r=-0.092
ACROSS‑CIRC‑MULTITRAIN nllb200_1B | shift=78 | fROI=Lang_LH_PostTemp | layer=11 | mean r=-0.101
ACROSS‑CIRC‑MULTITRAIN nllb200_1B | shift=78 | fROI=Lang_LH_PostTemp | layer=12 | mean r=-0.112
ACROSS‑CIRC‑MULTITRAIN nllb200_1B | shift=78 | fROI=Lang_LH_PostTemp | layer=13 | mean r=-0.108
ACROSS‑CIRC‑MULTITRAIN nllb200_1B | shift=78 | fROI=Lang_LH_PostTemp | layer=14 | mean r=-0.119
ACROSS‑CIRC‑MULTITRAIN nllb200_1B | shift=78 | fROI=Lang_LH_PostTemp | layer=15 | mean r=-0.105
ACROSS‑CIRC‑MULTITRAIN nllb200_1B | shift=78 | fROI=Lang_LH_PostTemp | layer=16 | mean r=-0.107
ACROSS‑CIRC‑MULTITRAIN nllb200_1B | shift=78 | fROI=Lang_LH_PostTemp | layer=17 | mean r=-0.102
ACROSS‑CIRC‑MULTITRAIN nllb200_1B | shift=78 | fROI=Lang_LH_PostTemp | layer=18 | mean r=-0.096
ACROSS‑CIRC‑MULTITRAIN nllb200_1B | shift=78 | fROI=Lang_LH_PostTemp | layer=19 | mean r=-0.100
ACROSS‑CIRC‑MULTITRAIN nllb200_1B | shift=78 | fROI=Lang_LH_PostTemp | layer=20 | mean r=-0.084
ACROSS‑CIRC‑MULTITRAIN nllb200_1B | shift=78 | fROI=Lang_LH_PostTemp | layer=21 | mean r=-0.072
ACROSS‑CIRC‑MULTITRAIN nllb200_1B | shift=78 | fROI=Lang_LH_PostTemp | layer=22 | mean r=-0.067
ACROSS‑CIRC‑MULTITRAIN nllb200_1B | shift=78 | fROI=Lang_LH_PostTemp | layer=23 | mean r=-0.061
ACROSS‑CIRC‑MULTITRAIN nllb200_1B | shift=78 | fROI=Lang_LH_PostTemp | layer=24 | mean r=-0.072

  >>> Circular shift = 104
ACROSS‑CIRC‑MULTITRAIN nllb200_1B | shift=104 | fROI=Lang_LH_PostTemp | layer=0 | mean r=0.002
ACROSS‑CIRC‑MULTITRAIN nllb200_1B | shift=104 | fROI=Lang_LH_PostTemp | layer=1 | mean r=0.005
ACROSS‑CIRC‑MULTITRAIN nllb200_1B | shift=104 | fROI=Lang_LH_PostTemp | layer=2 | mean r=-0.013
ACROSS‑CIRC‑MULTITRAIN nllb200_1B | shift=104 | fROI=Lang_LH_PostTemp | layer=3 | mean r=-0.030
ACROSS‑CIRC‑MULTITRAIN nllb200_1B | shift=104 | fROI=Lang_LH_PostTemp | layer=4 | mean r=-0.042
ACROSS‑CIRC‑MULTITRAIN nllb200_1B | shift=104 | fROI=Lang_LH_PostTemp | layer=5 | mean r=-0.036
ACROSS‑CIRC‑MULTITRAIN nllb200_1B | shift=104 | fROI=Lang_LH_PostTemp | layer=6 | mean r=-0.020
ACROSS‑CIRC‑MULTITRAIN nllb200_1B | shift=104 | fROI=Lang_LH_PostTemp | layer=7 | mean r=-0.018
ACROSS‑CIRC‑MULTITRAIN nllb200_1B | shift=104 | fROI=Lang_LH_PostTemp | layer=8 | mean r=-0.025
ACROSS‑CIRC‑MULTITRAIN nllb200_1B | shift=104 | fROI=Lang_LH_PostTemp | layer=9 | mean r=-0.023
ACROSS‑CIRC‑MULTITRAIN nllb200_1B | shift=104 | fROI=Lang_LH_PostTemp | layer=10 | mean r=-0.029
ACROSS‑CIRC‑MULTITRAIN nllb200_1B | shift=104 | fROI=Lang_LH_PostTemp | layer=11 | mean r=-0.040
ACROSS‑CIRC‑MULTITRAIN nllb200_1B | shift=104 | fROI=Lang_LH_PostTemp | layer=12 | mean r=-0.056
ACROSS‑CIRC‑MULTITRAIN nllb200_1B | shift=104 | fROI=Lang_LH_PostTemp | layer=13 | mean r=-0.049
ACROSS‑CIRC‑MULTITRAIN nllb200_1B | shift=104 | fROI=Lang_LH_PostTemp | layer=14 | mean r=-0.059
ACROSS‑CIRC‑MULTITRAIN nllb200_1B | shift=104 | fROI=Lang_LH_PostTemp | layer=15 | mean r=-0.069
ACROSS‑CIRC‑MULTITRAIN nllb200_1B | shift=104 | fROI=Lang_LH_PostTemp | layer=16 | mean r=-0.063
ACROSS‑CIRC‑MULTITRAIN nllb200_1B | shift=104 | fROI=Lang_LH_PostTemp | layer=17 | mean r=-0.069
ACROSS‑CIRC‑MULTITRAIN nllb200_1B | shift=104 | fROI=Lang_LH_PostTemp | layer=18 | mean r=-0.060
ACROSS‑CIRC‑MULTITRAIN nllb200_1B | shift=104 | fROI=Lang_LH_PostTemp | layer=19 | mean r=-0.064
ACROSS‑CIRC‑MULTITRAIN nllb200_1B | shift=104 | fROI=Lang_LH_PostTemp | layer=20 | mean r=-0.064
ACROSS‑CIRC‑MULTITRAIN nllb200_1B | shift=104 | fROI=Lang_LH_PostTemp | layer=21 | mean r=-0.058
ACROSS‑CIRC‑MULTITRAIN nllb200_1B | shift=104 | fROI=Lang_LH_PostTemp | layer=22 | mean r=-0.060
ACROSS‑CIRC‑MULTITRAIN nllb200_1B | shift=104 | fROI=Lang_LH_PostTemp | layer=23 | mean r=-0.052
ACROSS‑CIRC‑MULTITRAIN nllb200_1B | shift=104 | fROI=Lang_LH_PostTemp | layer=24 | mean r=-0.059


Processing all (1/6)

  >>> Circular shift = 26
ACROSS‑CIRC‑MULTITRAIN mgpt | shift=26 | fROI=all | layer=0 | mean r=0.082
ACROSS‑CIRC‑MULTITRAIN mgpt | shift=26 | fROI=all | layer=1 | mean r=0.109
ACROSS‑CIRC‑MULTITRAIN mgpt | shift=26 | fROI=all | layer=2 | mean r=0.062
ACROSS‑CIRC‑MULTITRAIN mgpt | shift=26 | fROI=all | layer=3 | mean r=0.051
ACROSS‑CIRC‑MULTITRAIN mgpt | shift=26 | fROI=all | layer=4 | mean r=0.037
ACROSS‑CIRC‑MULTITRAIN mgpt | shift=26 | fROI=all | layer=5 | mean r=0.025
ACROSS‑CIRC‑MULTITRAIN mgpt | shift=26 | fROI=all | layer=6 | mean r=0.018
ACROSS‑CIRC‑MULTITRAIN mgpt | shift=26 | fROI=all | layer=7 | mean r=0.014
ACROSS‑CIRC‑MULTITRAIN mgpt | shift=26 | fROI=all | layer=8 | mean r=0.023
ACROSS‑CIRC‑MULTITRAIN mgpt | shift=26 | fROI=all | layer=9 | mean r=0.020
ACROSS‑CIRC‑MULTITRAIN mgpt | shift=26 | fROI=all | layer=10 | mean r=0.017
ACROSS‑CIRC‑MULTITRAIN mgpt | shift=26 | fROI=all | layer=11 | mean r=0.015
ACROSS‑CIRC‑MULTITRAIN mgpt | shift=26 | fROI=all | layer=12 | mean r=-0.004
ACROSS‑CIRC‑MULTITRAIN mgpt | shift=26 | fROI=all | layer=13 | mean r=0.007
ACROSS‑CIRC‑MULTITRAIN mgpt | shift=26 | fROI=all | layer=14 | mean r=0.009
ACROSS‑CIRC‑MULTITRAIN mgpt | shift=26 | fROI=all | layer=15 | mean r=0.019
ACROSS‑CIRC‑MULTITRAIN mgpt | shift=26 | fROI=all | layer=16 | mean r=0.008
ACROSS‑CIRC‑MULTITRAIN mgpt | shift=26 | fROI=all | layer=17 | mean r=0.003
ACROSS‑CIRC‑MULTITRAIN mgpt | shift=26 | fROI=all | layer=18 | mean r=0.010
ACROSS‑CIRC‑MULTITRAIN mgpt | shift=26 | fROI=all | layer=19 | mean r=0.011
ACROSS‑CIRC‑MULTITRAIN mgpt | shift=26 | fROI=all | layer=20 | mean r=0.013
ACROSS‑CIRC‑MULTITRAIN mgpt | shift=26 | fROI=all | layer=21 | mean r=0.003
ACROSS‑CIRC‑MULTITRAIN mgpt | shift=26 | fROI=all | layer=22 | mean r=0.001
ACROSS‑CIRC‑MULTITRAIN mgpt | shift=26 | fROI=all | layer=23 | mean r=0.000
ACROSS‑CIRC‑MULTITRAIN mgpt | shift=26 | fROI=all | layer=24 | mean r=0.007

  >>> Circular shift = 52
ACROSS‑CIRC‑MULTITRAIN mgpt | shift=52 | fROI=all | layer=0 | mean r=-0.068
ACROSS‑CIRC‑MULTITRAIN mgpt | shift=52 | fROI=all | layer=1 | mean r=-0.058
ACROSS‑CIRC‑MULTITRAIN mgpt | shift=52 | fROI=all | layer=2 | mean r=-0.071
ACROSS‑CIRC‑MULTITRAIN mgpt | shift=52 | fROI=all | layer=3 | mean r=-0.050
ACROSS‑CIRC‑MULTITRAIN mgpt | shift=52 | fROI=all | layer=4 | mean r=-0.062
ACROSS‑CIRC‑MULTITRAIN mgpt | shift=52 | fROI=all | layer=5 | mean r=-0.102
ACROSS‑CIRC‑MULTITRAIN mgpt | shift=52 | fROI=all | layer=6 | mean r=-0.140
ACROSS‑CIRC‑MULTITRAIN mgpt | shift=52 | fROI=all | layer=7 | mean r=-0.129
ACROSS‑CIRC‑MULTITRAIN mgpt | shift=52 | fROI=all | layer=8 | mean r=-0.148
ACROSS‑CIRC‑MULTITRAIN mgpt | shift=52 | fROI=all | layer=9 | mean r=-0.131
ACROSS‑CIRC‑MULTITRAIN mgpt | shift=52 | fROI=all | layer=10 | mean r=-0.109
ACROSS‑CIRC‑MULTITRAIN mgpt | shift=52 | fROI=all | layer=11 | mean r=-0.113
ACROSS‑CIRC‑MULTITRAIN mgpt | shift=52 | fROI=all | layer=12 | mean r=-0.140
ACROSS‑CIRC‑MULTITRAIN mgpt | shift=52 | fROI=all | layer=13 | mean r=-0.135
ACROSS‑CIRC‑MULTITRAIN mgpt | shift=52 | fROI=all | layer=14 | mean r=-0.113
ACROSS‑CIRC‑MULTITRAIN mgpt | shift=52 | fROI=all | layer=15 | mean r=-0.099
ACROSS‑CIRC‑MULTITRAIN mgpt | shift=52 | fROI=all | layer=16 | mean r=-0.105
ACROSS‑CIRC‑MULTITRAIN mgpt | shift=52 | fROI=all | layer=17 | mean r=-0.097
ACROSS‑CIRC‑MULTITRAIN mgpt | shift=52 | fROI=all | layer=18 | mean r=-0.091
ACROSS‑CIRC‑MULTITRAIN mgpt | shift=52 | fROI=all | layer=19 | mean r=-0.084
ACROSS‑CIRC‑MULTITRAIN mgpt | shift=52 | fROI=all | layer=20 | mean r=-0.060
ACROSS‑CIRC‑MULTITRAIN mgpt | shift=52 | fROI=all | layer=21 | mean r=-0.045
ACROSS‑CIRC‑MULTITRAIN mgpt | shift=52 | fROI=all | layer=22 | mean r=-0.037
ACROSS‑CIRC‑MULTITRAIN mgpt | shift=52 | fROI=all | layer=23 | mean r=-0.013
ACROSS‑CIRC‑MULTITRAIN mgpt | shift=52 | fROI=all | layer=24 | mean r=-0.052

  >>> Circular shift = 78
ACROSS‑CIRC‑MULTITRAIN mgpt | shift=78 | fROI=all | layer=0 | mean r=-0.075
ACROSS‑CIRC‑MULTITRAIN mgpt | shift=78 | fROI=all | layer=1 | mean r=-0.049
ACROSS‑CIRC‑MULTITRAIN mgpt | shift=78 | fROI=all | layer=2 | mean r=-0.032
ACROSS‑CIRC‑MULTITRAIN mgpt | shift=78 | fROI=all | layer=3 | mean r=-0.028
ACROSS‑CIRC‑MULTITRAIN mgpt | shift=78 | fROI=all | layer=4 | mean r=-0.013
ACROSS‑CIRC‑MULTITRAIN mgpt | shift=78 | fROI=all | layer=5 | mean r=0.015
ACROSS‑CIRC‑MULTITRAIN mgpt | shift=78 | fROI=all | layer=6 | mean r=0.011
ACROSS‑CIRC‑MULTITRAIN mgpt | shift=78 | fROI=all | layer=7 | mean r=0.019
ACROSS‑CIRC‑MULTITRAIN mgpt | shift=78 | fROI=all | layer=8 | mean r=0.004
ACROSS‑CIRC‑MULTITRAIN mgpt | shift=78 | fROI=all | layer=9 | mean r=0.006
ACROSS‑CIRC‑MULTITRAIN mgpt | shift=78 | fROI=all | layer=10 | mean r=0.011
ACROSS‑CIRC‑MULTITRAIN mgpt | shift=78 | fROI=all | layer=11 | mean r=0.034
ACROSS‑CIRC‑MULTITRAIN mgpt | shift=78 | fROI=all | layer=12 | mean r=0.015
ACROSS‑CIRC‑MULTITRAIN mgpt | shift=78 | fROI=all | layer=13 | mean r=0.008
ACROSS‑CIRC‑MULTITRAIN mgpt | shift=78 | fROI=all | layer=14 | mean r=0.008
ACROSS‑CIRC‑MULTITRAIN mgpt | shift=78 | fROI=all | layer=15 | mean r=0.012
ACROSS‑CIRC‑MULTITRAIN mgpt | shift=78 | fROI=all | layer=16 | mean r=0.012
ACROSS‑CIRC‑MULTITRAIN mgpt | shift=78 | fROI=all | layer=17 | mean r=0.011
ACROSS‑CIRC‑MULTITRAIN mgpt | shift=78 | fROI=all | layer=18 | mean r=0.025
ACROSS‑CIRC‑MULTITRAIN mgpt | shift=78 | fROI=all | layer=19 | mean r=0.016
ACROSS‑CIRC‑MULTITRAIN mgpt | shift=78 | fROI=all | layer=20 | mean r=-0.012
ACROSS‑CIRC‑MULTITRAIN mgpt | shift=78 | fROI=all | layer=21 | mean r=-0.016
ACROSS‑CIRC‑MULTITRAIN mgpt | shift=78 | fROI=all | layer=22 | mean r=-0.015
ACROSS‑CIRC‑MULTITRAIN mgpt | shift=78 | fROI=all | layer=23 | mean r=-0.017
ACROSS‑CIRC‑MULTITRAIN mgpt | shift=78 | fROI=all | layer=24 | mean r=0.000

  >>> Circular shift = 104
ACROSS‑CIRC‑MULTITRAIN mgpt | shift=104 | fROI=all | layer=0 | mean r=-0.007
ACROSS‑CIRC‑MULTITRAIN mgpt | shift=104 | fROI=all | layer=1 | mean r=-0.022
ACROSS‑CIRC‑MULTITRAIN mgpt | shift=104 | fROI=all | layer=2 | mean r=0.034
ACROSS‑CIRC‑MULTITRAIN mgpt | shift=104 | fROI=all | layer=3 | mean r=0.011
ACROSS‑CIRC‑MULTITRAIN mgpt | shift=104 | fROI=all | layer=4 | mean r=0.001
ACROSS‑CIRC‑MULTITRAIN mgpt | shift=104 | fROI=all | layer=5 | mean r=0.018
ACROSS‑CIRC‑MULTITRAIN mgpt | shift=104 | fROI=all | layer=6 | mean r=0.021
ACROSS‑CIRC‑MULTITRAIN mgpt | shift=104 | fROI=all | layer=7 | mean r=0.040
ACROSS‑CIRC‑MULTITRAIN mgpt | shift=104 | fROI=all | layer=8 | mean r=0.045
ACROSS‑CIRC‑MULTITRAIN mgpt | shift=104 | fROI=all | layer=9 | mean r=0.047
ACROSS‑CIRC‑MULTITRAIN mgpt | shift=104 | fROI=all | layer=10 | mean r=0.039
ACROSS‑CIRC‑MULTITRAIN mgpt | shift=104 | fROI=all | layer=11 | mean r=0.055
ACROSS‑CIRC‑MULTITRAIN mgpt | shift=104 | fROI=all | layer=12 | mean r=0.075
ACROSS‑CIRC‑MULTITRAIN mgpt | shift=104 | fROI=all | layer=13 | mean r=0.078
ACROSS‑CIRC‑MULTITRAIN mgpt | shift=104 | fROI=all | layer=14 | mean r=0.080
ACROSS‑CIRC‑MULTITRAIN mgpt | shift=104 | fROI=all | layer=15 | mean r=0.071
ACROSS‑CIRC‑MULTITRAIN mgpt | shift=104 | fROI=all | layer=16 | mean r=0.080
ACROSS‑CIRC‑MULTITRAIN mgpt | shift=104 | fROI=all | layer=17 | mean r=0.078
ACROSS‑CIRC‑MULTITRAIN mgpt | shift=104 | fROI=all | layer=18 | mean r=0.068
ACROSS‑CIRC‑MULTITRAIN mgpt | shift=104 | fROI=all | layer=19 | mean r=0.058
ACROSS‑CIRC‑MULTITRAIN mgpt | shift=104 | fROI=all | layer=20 | mean r=0.064
ACROSS‑CIRC‑MULTITRAIN mgpt | shift=104 | fROI=all | layer=21 | mean r=0.060
ACROSS‑CIRC‑MULTITRAIN mgpt | shift=104 | fROI=all | layer=22 | mean r=0.054
ACROSS‑CIRC‑MULTITRAIN mgpt | shift=104 | fROI=all | layer=23 | mean r=0.057
ACROSS‑CIRC‑MULTITRAIN mgpt | shift=104 | fROI=all | layer=24 | mean r=0.072


Processing Lang_LH_AntTemp (2/6)

  >>> Circular shift = 26
ACROSS‑CIRC‑MULTITRAIN mgpt | shift=26 | fROI=Lang_LH_AntTemp | layer=0 | mean r=0.043
ACROSS‑CIRC‑MULTITRAIN mgpt | shift=26 | fROI=Lang_LH_AntTemp | layer=1 | mean r=0.045
ACROSS‑CIRC‑MULTITRAIN mgpt | shift=26 | fROI=Lang_LH_AntTemp | layer=2 | mean r=0.003
ACROSS‑CIRC‑MULTITRAIN mgpt | shift=26 | fROI=Lang_LH_AntTemp | layer=3 | mean r=0.003
ACROSS‑CIRC‑MULTITRAIN mgpt | shift=26 | fROI=Lang_LH_AntTemp | layer=4 | mean r=-0.034
ACROSS‑CIRC‑MULTITRAIN mgpt | shift=26 | fROI=Lang_LH_AntTemp | layer=5 | mean r=-0.049
ACROSS‑CIRC‑MULTITRAIN mgpt | shift=26 | fROI=Lang_LH_AntTemp | layer=6 | mean r=-0.043
ACROSS‑CIRC‑MULTITRAIN mgpt | shift=26 | fROI=Lang_LH_AntTemp | layer=7 | mean r=-0.046
ACROSS‑CIRC‑MULTITRAIN mgpt | shift=26 | fROI=Lang_LH_AntTemp | layer=8 | mean r=-0.026
ACROSS‑CIRC‑MULTITRAIN mgpt | shift=26 | fROI=Lang_LH_AntTemp | layer=9 | mean r=-0.029
ACROSS‑CIRC‑MULTITRAIN mgpt | shift=26 | fROI=Lang_LH_AntTemp | layer=10 | mean r=-0.029
ACROSS‑CIRC‑MULTITRAIN mgpt | shift=26 | fROI=Lang_LH_AntTemp | layer=11 | mean r=-0.031
ACROSS‑CIRC‑MULTITRAIN mgpt | shift=26 | fROI=Lang_LH_AntTemp | layer=12 | mean r=-0.043
ACROSS‑CIRC‑MULTITRAIN mgpt | shift=26 | fROI=Lang_LH_AntTemp | layer=13 | mean r=-0.034
ACROSS‑CIRC‑MULTITRAIN mgpt | shift=26 | fROI=Lang_LH_AntTemp | layer=14 | mean r=-0.028
ACROSS‑CIRC‑MULTITRAIN mgpt | shift=26 | fROI=Lang_LH_AntTemp | layer=15 | mean r=-0.014
ACROSS‑CIRC‑MULTITRAIN mgpt | shift=26 | fROI=Lang_LH_AntTemp | layer=16 | mean r=-0.016
ACROSS‑CIRC‑MULTITRAIN mgpt | shift=26 | fROI=Lang_LH_AntTemp | layer=17 | mean r=-0.029
ACROSS‑CIRC‑MULTITRAIN mgpt | shift=26 | fROI=Lang_LH_AntTemp | layer=18 | mean r=-0.032
ACROSS‑CIRC‑MULTITRAIN mgpt | shift=26 | fROI=Lang_LH_AntTemp | layer=19 | mean r=-0.029
ACROSS‑CIRC‑MULTITRAIN mgpt | shift=26 | fROI=Lang_LH_AntTemp | layer=20 | mean r=-0.036
ACROSS‑CIRC‑MULTITRAIN mgpt | shift=26 | fROI=Lang_LH_AntTemp | layer=21 | mean r=-0.049
ACROSS‑CIRC‑MULTITRAIN mgpt | shift=26 | fROI=Lang_LH_AntTemp | layer=22 | mean r=-0.057
ACROSS‑CIRC‑MULTITRAIN mgpt | shift=26 | fROI=Lang_LH_AntTemp | layer=23 | mean r=-0.082
ACROSS‑CIRC‑MULTITRAIN mgpt | shift=26 | fROI=Lang_LH_AntTemp | layer=24 | mean r=-0.047

  >>> Circular shift = 52
ACROSS‑CIRC‑MULTITRAIN mgpt | shift=52 | fROI=Lang_LH_AntTemp | layer=0 | mean r=0.037
ACROSS‑CIRC‑MULTITRAIN mgpt | shift=52 | fROI=Lang_LH_AntTemp | layer=1 | mean r=0.060
ACROSS‑CIRC‑MULTITRAIN mgpt | shift=52 | fROI=Lang_LH_AntTemp | layer=2 | mean r=0.042
ACROSS‑CIRC‑MULTITRAIN mgpt | shift=52 | fROI=Lang_LH_AntTemp | layer=3 | mean r=0.069
ACROSS‑CIRC‑MULTITRAIN mgpt | shift=52 | fROI=Lang_LH_AntTemp | layer=4 | mean r=0.012
ACROSS‑CIRC‑MULTITRAIN mgpt | shift=52 | fROI=Lang_LH_AntTemp | layer=5 | mean r=-0.035
ACROSS‑CIRC‑MULTITRAIN mgpt | shift=52 | fROI=Lang_LH_AntTemp | layer=6 | mean r=-0.055
ACROSS‑CIRC‑MULTITRAIN mgpt | shift=52 | fROI=Lang_LH_AntTemp | layer=7 | mean r=-0.065
ACROSS‑CIRC‑MULTITRAIN mgpt | shift=52 | fROI=Lang_LH_AntTemp | layer=8 | mean r=-0.055
ACROSS‑CIRC‑MULTITRAIN mgpt | shift=52 | fROI=Lang_LH_AntTemp | layer=9 | mean r=-0.076
ACROSS‑CIRC‑MULTITRAIN mgpt | shift=52 | fROI=Lang_LH_AntTemp | layer=10 | mean r=-0.076
ACROSS‑CIRC‑MULTITRAIN mgpt | shift=52 | fROI=Lang_LH_AntTemp | layer=11 | mean r=-0.068
ACROSS‑CIRC‑MULTITRAIN mgpt | shift=52 | fROI=Lang_LH_AntTemp | layer=12 | mean r=-0.092
ACROSS‑CIRC‑MULTITRAIN mgpt | shift=52 | fROI=Lang_LH_AntTemp | layer=13 | mean r=-0.089
ACROSS‑CIRC‑MULTITRAIN mgpt | shift=52 | fROI=Lang_LH_AntTemp | layer=14 | mean r=-0.093
ACROSS‑CIRC‑MULTITRAIN mgpt | shift=52 | fROI=Lang_LH_AntTemp | layer=15 | mean r=-0.070
ACROSS‑CIRC‑MULTITRAIN mgpt | shift=52 | fROI=Lang_LH_AntTemp | layer=16 | mean r=-0.071
ACROSS‑CIRC‑MULTITRAIN mgpt | shift=52 | fROI=Lang_LH_AntTemp | layer=17 | mean r=-0.058
ACROSS‑CIRC‑MULTITRAIN mgpt | shift=52 | fROI=Lang_LH_AntTemp | layer=18 | mean r=-0.069
ACROSS‑CIRC‑MULTITRAIN mgpt | shift=52 | fROI=Lang_LH_AntTemp | layer=19 | mean r=-0.067
ACROSS‑CIRC‑MULTITRAIN mgpt | shift=52 | fROI=Lang_LH_AntTemp | layer=20 | mean r=-0.067
ACROSS‑CIRC‑MULTITRAIN mgpt | shift=52 | fROI=Lang_LH_AntTemp | layer=21 | mean r=-0.059
ACROSS‑CIRC‑MULTITRAIN mgpt | shift=52 | fROI=Lang_LH_AntTemp | layer=22 | mean r=-0.046
ACROSS‑CIRC‑MULTITRAIN mgpt | shift=52 | fROI=Lang_LH_AntTemp | layer=23 | mean r=-0.033
ACROSS‑CIRC‑MULTITRAIN mgpt | shift=52 | fROI=Lang_LH_AntTemp | layer=24 | mean r=-0.083

  >>> Circular shift = 78
ACROSS‑CIRC‑MULTITRAIN mgpt | shift=78 | fROI=Lang_LH_AntTemp | layer=0 | mean r=-0.068
ACROSS‑CIRC‑MULTITRAIN mgpt | shift=78 | fROI=Lang_LH_AntTemp | layer=1 | mean r=-0.014
ACROSS‑CIRC‑MULTITRAIN mgpt | shift=78 | fROI=Lang_LH_AntTemp | layer=2 | mean r=-0.025
ACROSS‑CIRC‑MULTITRAIN mgpt | shift=78 | fROI=Lang_LH_AntTemp | layer=3 | mean r=-0.038
ACROSS‑CIRC‑MULTITRAIN mgpt | shift=78 | fROI=Lang_LH_AntTemp | layer=4 | mean r=0.040
ACROSS‑CIRC‑MULTITRAIN mgpt | shift=78 | fROI=Lang_LH_AntTemp | layer=5 | mean r=0.057
ACROSS‑CIRC‑MULTITRAIN mgpt | shift=78 | fROI=Lang_LH_AntTemp | layer=6 | mean r=0.054
ACROSS‑CIRC‑MULTITRAIN mgpt | shift=78 | fROI=Lang_LH_AntTemp | layer=7 | mean r=0.064
ACROSS‑CIRC‑MULTITRAIN mgpt | shift=78 | fROI=Lang_LH_AntTemp | layer=8 | mean r=0.041
ACROSS‑CIRC‑MULTITRAIN mgpt | shift=78 | fROI=Lang_LH_AntTemp | layer=9 | mean r=0.051
ACROSS‑CIRC‑MULTITRAIN mgpt | shift=78 | fROI=Lang_LH_AntTemp | layer=10 | mean r=0.062
ACROSS‑CIRC‑MULTITRAIN mgpt | shift=78 | fROI=Lang_LH_AntTemp | layer=11 | mean r=0.071
ACROSS‑CIRC‑MULTITRAIN mgpt | shift=78 | fROI=Lang_LH_AntTemp | layer=12 | mean r=0.033
ACROSS‑CIRC‑MULTITRAIN mgpt | shift=78 | fROI=Lang_LH_AntTemp | layer=13 | mean r=0.015
ACROSS‑CIRC‑MULTITRAIN mgpt | shift=78 | fROI=Lang_LH_AntTemp | layer=14 | mean r=0.026
ACROSS‑CIRC‑MULTITRAIN mgpt | shift=78 | fROI=Lang_LH_AntTemp | layer=15 | mean r=0.040
ACROSS‑CIRC‑MULTITRAIN mgpt | shift=78 | fROI=Lang_LH_AntTemp | layer=16 | mean r=0.042
ACROSS‑CIRC‑MULTITRAIN mgpt | shift=78 | fROI=Lang_LH_AntTemp | layer=17 | mean r=0.047
ACROSS‑CIRC‑MULTITRAIN mgpt | shift=78 | fROI=Lang_LH_AntTemp | layer=18 | mean r=0.077
ACROSS‑CIRC‑MULTITRAIN mgpt | shift=78 | fROI=Lang_LH_AntTemp | layer=19 | mean r=0.067
ACROSS‑CIRC‑MULTITRAIN mgpt | shift=78 | fROI=Lang_LH_AntTemp | layer=20 | mean r=0.063
ACROSS‑CIRC‑MULTITRAIN mgpt | shift=78 | fROI=Lang_LH_AntTemp | layer=21 | mean r=0.069
ACROSS‑CIRC‑MULTITRAIN mgpt | shift=78 | fROI=Lang_LH_AntTemp | layer=22 | mean r=0.080
ACROSS‑CIRC‑MULTITRAIN mgpt | shift=78 | fROI=Lang_LH_AntTemp | layer=23 | mean r=0.079
ACROSS‑CIRC‑MULTITRAIN mgpt | shift=78 | fROI=Lang_LH_AntTemp | layer=24 | mean r=0.086

  >>> Circular shift = 104
ACROSS‑CIRC‑MULTITRAIN mgpt | shift=104 | fROI=Lang_LH_AntTemp | layer=0 | mean r=0.068
ACROSS‑CIRC‑MULTITRAIN mgpt | shift=104 | fROI=Lang_LH_AntTemp | layer=1 | mean r=-0.041
ACROSS‑CIRC‑MULTITRAIN mgpt | shift=104 | fROI=Lang_LH_AntTemp | layer=2 | mean r=0.009
ACROSS‑CIRC‑MULTITRAIN mgpt | shift=104 | fROI=Lang_LH_AntTemp | layer=3 | mean r=-0.040
ACROSS‑CIRC‑MULTITRAIN mgpt | shift=104 | fROI=Lang_LH_AntTemp | layer=4 | mean r=-0.012
ACROSS‑CIRC‑MULTITRAIN mgpt | shift=104 | fROI=Lang_LH_AntTemp | layer=5 | mean r=0.047
ACROSS‑CIRC‑MULTITRAIN mgpt | shift=104 | fROI=Lang_LH_AntTemp | layer=6 | mean r=0.064
ACROSS‑CIRC‑MULTITRAIN mgpt | shift=104 | fROI=Lang_LH_AntTemp | layer=7 | mean r=0.088
ACROSS‑CIRC‑MULTITRAIN mgpt | shift=104 | fROI=Lang_LH_AntTemp | layer=8 | mean r=0.073
ACROSS‑CIRC‑MULTITRAIN mgpt | shift=104 | fROI=Lang_LH_AntTemp | layer=9 | mean r=0.071
ACROSS‑CIRC‑MULTITRAIN mgpt | shift=104 | fROI=Lang_LH_AntTemp | layer=10 | mean r=0.068
ACROSS‑CIRC‑MULTITRAIN mgpt | shift=104 | fROI=Lang_LH_AntTemp | layer=11 | mean r=0.086
ACROSS‑CIRC‑MULTITRAIN mgpt | shift=104 | fROI=Lang_LH_AntTemp | layer=12 | mean r=0.094
ACROSS‑CIRC‑MULTITRAIN mgpt | shift=104 | fROI=Lang_LH_AntTemp | layer=13 | mean r=0.091
ACROSS‑CIRC‑MULTITRAIN mgpt | shift=104 | fROI=Lang_LH_AntTemp | layer=14 | mean r=0.083
ACROSS‑CIRC‑MULTITRAIN mgpt | shift=104 | fROI=Lang_LH_AntTemp | layer=15 | mean r=0.067
ACROSS‑CIRC‑MULTITRAIN mgpt | shift=104 | fROI=Lang_LH_AntTemp | layer=16 | mean r=0.071
ACROSS‑CIRC‑MULTITRAIN mgpt | shift=104 | fROI=Lang_LH_AntTemp | layer=17 | mean r=0.068
ACROSS‑CIRC‑MULTITRAIN mgpt | shift=104 | fROI=Lang_LH_AntTemp | layer=18 | mean r=0.066
ACROSS‑CIRC‑MULTITRAIN mgpt | shift=104 | fROI=Lang_LH_AntTemp | layer=19 | mean r=0.062
ACROSS‑CIRC‑MULTITRAIN mgpt | shift=104 | fROI=Lang_LH_AntTemp | layer=20 | mean r=0.066
ACROSS‑CIRC‑MULTITRAIN mgpt | shift=104 | fROI=Lang_LH_AntTemp | layer=21 | mean r=0.071
ACROSS‑CIRC‑MULTITRAIN mgpt | shift=104 | fROI=Lang_LH_AntTemp | layer=22 | mean r=0.068
ACROSS‑CIRC‑MULTITRAIN mgpt | shift=104 | fROI=Lang_LH_AntTemp | layer=23 | mean r=0.069
ACROSS‑CIRC‑MULTITRAIN mgpt | shift=104 | fROI=Lang_LH_AntTemp | layer=24 | mean r=0.098


Processing Lang_LH_IFG (3/6)

  >>> Circular shift = 26
ACROSS‑CIRC‑MULTITRAIN mgpt | shift=26 | fROI=Lang_LH_IFG | layer=0 | mean r=0.120
ACROSS‑CIRC‑MULTITRAIN mgpt | shift=26 | fROI=Lang_LH_IFG | layer=1 | mean r=0.117
ACROSS‑CIRC‑MULTITRAIN mgpt | shift=26 | fROI=Lang_LH_IFG | layer=2 | mean r=0.087
ACROSS‑CIRC‑MULTITRAIN mgpt | shift=26 | fROI=Lang_LH_IFG | layer=3 | mean r=0.085
ACROSS‑CIRC‑MULTITRAIN mgpt | shift=26 | fROI=Lang_LH_IFG | layer=4 | mean r=0.063
ACROSS‑CIRC‑MULTITRAIN mgpt | shift=26 | fROI=Lang_LH_IFG | layer=5 | mean r=0.056
ACROSS‑CIRC‑MULTITRAIN mgpt | shift=26 | fROI=Lang_LH_IFG | layer=6 | mean r=0.048
ACROSS‑CIRC‑MULTITRAIN mgpt | shift=26 | fROI=Lang_LH_IFG | layer=7 | mean r=0.043
ACROSS‑CIRC‑MULTITRAIN mgpt | shift=26 | fROI=Lang_LH_IFG | layer=8 | mean r=0.045
ACROSS‑CIRC‑MULTITRAIN mgpt | shift=26 | fROI=Lang_LH_IFG | layer=9 | mean r=0.043
ACROSS‑CIRC‑MULTITRAIN mgpt | shift=26 | fROI=Lang_LH_IFG | layer=10 | mean r=0.050
ACROSS‑CIRC‑MULTITRAIN mgpt | shift=26 | fROI=Lang_LH_IFG | layer=11 | mean r=0.049
ACROSS‑CIRC‑MULTITRAIN mgpt | shift=26 | fROI=Lang_LH_IFG | layer=12 | mean r=0.029
ACROSS‑CIRC‑MULTITRAIN mgpt | shift=26 | fROI=Lang_LH_IFG | layer=13 | mean r=0.040
ACROSS‑CIRC‑MULTITRAIN mgpt | shift=26 | fROI=Lang_LH_IFG | layer=14 | mean r=0.036
ACROSS‑CIRC‑MULTITRAIN mgpt | shift=26 | fROI=Lang_LH_IFG | layer=15 | mean r=0.038
ACROSS‑CIRC‑MULTITRAIN mgpt | shift=26 | fROI=Lang_LH_IFG | layer=16 | mean r=0.025
ACROSS‑CIRC‑MULTITRAIN mgpt | shift=26 | fROI=Lang_LH_IFG | layer=17 | mean r=0.027
ACROSS‑CIRC‑MULTITRAIN mgpt | shift=26 | fROI=Lang_LH_IFG | layer=18 | mean r=0.038
ACROSS‑CIRC‑MULTITRAIN mgpt | shift=26 | fROI=Lang_LH_IFG | layer=19 | mean r=0.040
ACROSS‑CIRC‑MULTITRAIN mgpt | shift=26 | fROI=Lang_LH_IFG | layer=20 | mean r=0.046
ACROSS‑CIRC‑MULTITRAIN mgpt | shift=26 | fROI=Lang_LH_IFG | layer=21 | mean r=0.042
ACROSS‑CIRC‑MULTITRAIN mgpt | shift=26 | fROI=Lang_LH_IFG | layer=22 | mean r=0.048
ACROSS‑CIRC‑MULTITRAIN mgpt | shift=26 | fROI=Lang_LH_IFG | layer=23 | mean r=0.047
ACROSS‑CIRC‑MULTITRAIN mgpt | shift=26 | fROI=Lang_LH_IFG | layer=24 | mean r=0.054

  >>> Circular shift = 52
ACROSS‑CIRC‑MULTITRAIN mgpt | shift=52 | fROI=Lang_LH_IFG | layer=0 | mean r=-0.100
ACROSS‑CIRC‑MULTITRAIN mgpt | shift=52 | fROI=Lang_LH_IFG | layer=1 | mean r=-0.145
ACROSS‑CIRC‑MULTITRAIN mgpt | shift=52 | fROI=Lang_LH_IFG | layer=2 | mean r=-0.149
ACROSS‑CIRC‑MULTITRAIN mgpt | shift=52 | fROI=Lang_LH_IFG | layer=3 | mean r=-0.115
ACROSS‑CIRC‑MULTITRAIN mgpt | shift=52 | fROI=Lang_LH_IFG | layer=4 | mean r=-0.136
ACROSS‑CIRC‑MULTITRAIN mgpt | shift=52 | fROI=Lang_LH_IFG | layer=5 | mean r=-0.163
ACROSS‑CIRC‑MULTITRAIN mgpt | shift=52 | fROI=Lang_LH_IFG | layer=6 | mean r=-0.169
ACROSS‑CIRC‑MULTITRAIN mgpt | shift=52 | fROI=Lang_LH_IFG | layer=7 | mean r=-0.157
ACROSS‑CIRC‑MULTITRAIN mgpt | shift=52 | fROI=Lang_LH_IFG | layer=8 | mean r=-0.178
ACROSS‑CIRC‑MULTITRAIN mgpt | shift=52 | fROI=Lang_LH_IFG | layer=9 | mean r=-0.162
ACROSS‑CIRC‑MULTITRAIN mgpt | shift=52 | fROI=Lang_LH_IFG | layer=10 | mean r=-0.140
ACROSS‑CIRC‑MULTITRAIN mgpt | shift=52 | fROI=Lang_LH_IFG | layer=11 | mean r=-0.139
ACROSS‑CIRC‑MULTITRAIN mgpt | shift=52 | fROI=Lang_LH_IFG | layer=12 | mean r=-0.153
ACROSS‑CIRC‑MULTITRAIN mgpt | shift=52 | fROI=Lang_LH_IFG | layer=13 | mean r=-0.141
ACROSS‑CIRC‑MULTITRAIN mgpt | shift=52 | fROI=Lang_LH_IFG | layer=14 | mean r=-0.127
ACROSS‑CIRC‑MULTITRAIN mgpt | shift=52 | fROI=Lang_LH_IFG | layer=15 | mean r=-0.119
ACROSS‑CIRC‑MULTITRAIN mgpt | shift=52 | fROI=Lang_LH_IFG | layer=16 | mean r=-0.121
ACROSS‑CIRC‑MULTITRAIN mgpt | shift=52 | fROI=Lang_LH_IFG | layer=17 | mean r=-0.103
ACROSS‑CIRC‑MULTITRAIN mgpt | shift=52 | fROI=Lang_LH_IFG | layer=18 | mean r=-0.108
ACROSS‑CIRC‑MULTITRAIN mgpt | shift=52 | fROI=Lang_LH_IFG | layer=19 | mean r=-0.097
ACROSS‑CIRC‑MULTITRAIN mgpt | shift=52 | fROI=Lang_LH_IFG | layer=20 | mean r=-0.083
ACROSS‑CIRC‑MULTITRAIN mgpt | shift=52 | fROI=Lang_LH_IFG | layer=21 | mean r=-0.067
ACROSS‑CIRC‑MULTITRAIN mgpt | shift=52 | fROI=Lang_LH_IFG | layer=22 | mean r=-0.049
ACROSS‑CIRC‑MULTITRAIN mgpt | shift=52 | fROI=Lang_LH_IFG | layer=23 | mean r=-0.037
ACROSS‑CIRC‑MULTITRAIN mgpt | shift=52 | fROI=Lang_LH_IFG | layer=24 | mean r=-0.046

  >>> Circular shift = 78
ACROSS‑CIRC‑MULTITRAIN mgpt | shift=78 | fROI=Lang_LH_IFG | layer=0 | mean r=-0.074
ACROSS‑CIRC‑MULTITRAIN mgpt | shift=78 | fROI=Lang_LH_IFG | layer=1 | mean r=-0.053
ACROSS‑CIRC‑MULTITRAIN mgpt | shift=78 | fROI=Lang_LH_IFG | layer=2 | mean r=-0.040
ACROSS‑CIRC‑MULTITRAIN mgpt | shift=78 | fROI=Lang_LH_IFG | layer=3 | mean r=-0.034
ACROSS‑CIRC‑MULTITRAIN mgpt | shift=78 | fROI=Lang_LH_IFG | layer=4 | mean r=-0.034
ACROSS‑CIRC‑MULTITRAIN mgpt | shift=78 | fROI=Lang_LH_IFG | layer=5 | mean r=-0.026
ACROSS‑CIRC‑MULTITRAIN mgpt | shift=78 | fROI=Lang_LH_IFG | layer=6 | mean r=-0.021
ACROSS‑CIRC‑MULTITRAIN mgpt | shift=78 | fROI=Lang_LH_IFG | layer=7 | mean r=-0.011
ACROSS‑CIRC‑MULTITRAIN mgpt | shift=78 | fROI=Lang_LH_IFG | layer=8 | mean r=-0.019
ACROSS‑CIRC‑MULTITRAIN mgpt | shift=78 | fROI=Lang_LH_IFG | layer=9 | mean r=-0.016
ACROSS‑CIRC‑MULTITRAIN mgpt | shift=78 | fROI=Lang_LH_IFG | layer=10 | mean r=-0.019
ACROSS‑CIRC‑MULTITRAIN mgpt | shift=78 | fROI=Lang_LH_IFG | layer=11 | mean r=0.003
ACROSS‑CIRC‑MULTITRAIN mgpt | shift=78 | fROI=Lang_LH_IFG | layer=12 | mean r=-0.010
ACROSS‑CIRC‑MULTITRAIN mgpt | shift=78 | fROI=Lang_LH_IFG | layer=13 | mean r=-0.016
ACROSS‑CIRC‑MULTITRAIN mgpt | shift=78 | fROI=Lang_LH_IFG | layer=14 | mean r=-0.024
ACROSS‑CIRC‑MULTITRAIN mgpt | shift=78 | fROI=Lang_LH_IFG | layer=15 | mean r=-0.025
ACROSS‑CIRC‑MULTITRAIN mgpt | shift=78 | fROI=Lang_LH_IFG | layer=16 | mean r=-0.026
ACROSS‑CIRC‑MULTITRAIN mgpt | shift=78 | fROI=Lang_LH_IFG | layer=17 | mean r=-0.028
ACROSS‑CIRC‑MULTITRAIN mgpt | shift=78 | fROI=Lang_LH_IFG | layer=18 | mean r=-0.030
ACROSS‑CIRC‑MULTITRAIN mgpt | shift=78 | fROI=Lang_LH_IFG | layer=19 | mean r=-0.033
ACROSS‑CIRC‑MULTITRAIN mgpt | shift=78 | fROI=Lang_LH_IFG | layer=20 | mean r=-0.048
ACROSS‑CIRC‑MULTITRAIN mgpt | shift=78 | fROI=Lang_LH_IFG | layer=21 | mean r=-0.043
ACROSS‑CIRC‑MULTITRAIN mgpt | shift=78 | fROI=Lang_LH_IFG | layer=22 | mean r=-0.041
ACROSS‑CIRC‑MULTITRAIN mgpt | shift=78 | fROI=Lang_LH_IFG | layer=23 | mean r=-0.047
ACROSS‑CIRC‑MULTITRAIN mgpt | shift=78 | fROI=Lang_LH_IFG | layer=24 | mean r=-0.031

  >>> Circular shift = 104
ACROSS‑CIRC‑MULTITRAIN mgpt | shift=104 | fROI=Lang_LH_IFG | layer=0 | mean r=-0.060
ACROSS‑CIRC‑MULTITRAIN mgpt | shift=104 | fROI=Lang_LH_IFG | layer=1 | mean r=0.008
ACROSS‑CIRC‑MULTITRAIN mgpt | shift=104 | fROI=Lang_LH_IFG | layer=2 | mean r=-0.001
ACROSS‑CIRC‑MULTITRAIN mgpt | shift=104 | fROI=Lang_LH_IFG | layer=3 | mean r=-0.006
ACROSS‑CIRC‑MULTITRAIN mgpt | shift=104 | fROI=Lang_LH_IFG | layer=4 | mean r=0.012
ACROSS‑CIRC‑MULTITRAIN mgpt | shift=104 | fROI=Lang_LH_IFG | layer=5 | mean r=-0.002
ACROSS‑CIRC‑MULTITRAIN mgpt | shift=104 | fROI=Lang_LH_IFG | layer=6 | mean r=-0.018
ACROSS‑CIRC‑MULTITRAIN mgpt | shift=104 | fROI=Lang_LH_IFG | layer=7 | mean r=-0.017
ACROSS‑CIRC‑MULTITRAIN mgpt | shift=104 | fROI=Lang_LH_IFG | layer=8 | mean r=-0.001
ACROSS‑CIRC‑MULTITRAIN mgpt | shift=104 | fROI=Lang_LH_IFG | layer=9 | mean r=0.009
ACROSS‑CIRC‑MULTITRAIN mgpt | shift=104 | fROI=Lang_LH_IFG | layer=10 | mean r=0.006
ACROSS‑CIRC‑MULTITRAIN mgpt | shift=104 | fROI=Lang_LH_IFG | layer=11 | mean r=0.016
ACROSS‑CIRC‑MULTITRAIN mgpt | shift=104 | fROI=Lang_LH_IFG | layer=12 | mean r=0.028
ACROSS‑CIRC‑MULTITRAIN mgpt | shift=104 | fROI=Lang_LH_IFG | layer=13 | mean r=0.020
ACROSS‑CIRC‑MULTITRAIN mgpt | shift=104 | fROI=Lang_LH_IFG | layer=14 | mean r=0.023
ACROSS‑CIRC‑MULTITRAIN mgpt | shift=104 | fROI=Lang_LH_IFG | layer=15 | mean r=0.014
ACROSS‑CIRC‑MULTITRAIN mgpt | shift=104 | fROI=Lang_LH_IFG | layer=16 | mean r=0.023
ACROSS‑CIRC‑MULTITRAIN mgpt | shift=104 | fROI=Lang_LH_IFG | layer=17 | mean r=0.038
ACROSS‑CIRC‑MULTITRAIN mgpt | shift=104 | fROI=Lang_LH_IFG | layer=18 | mean r=0.019
ACROSS‑CIRC‑MULTITRAIN mgpt | shift=104 | fROI=Lang_LH_IFG | layer=19 | mean r=0.017
ACROSS‑CIRC‑MULTITRAIN mgpt | shift=104 | fROI=Lang_LH_IFG | layer=20 | mean r=0.033
ACROSS‑CIRC‑MULTITRAIN mgpt | shift=104 | fROI=Lang_LH_IFG | layer=21 | mean r=0.028
ACROSS‑CIRC‑MULTITRAIN mgpt | shift=104 | fROI=Lang_LH_IFG | layer=22 | mean r=0.019
ACROSS‑CIRC‑MULTITRAIN mgpt | shift=104 | fROI=Lang_LH_IFG | layer=23 | mean r=0.028
ACROSS‑CIRC‑MULTITRAIN mgpt | shift=104 | fROI=Lang_LH_IFG | layer=24 | mean r=0.013


Processing Lang_LH_IFGorb (4/6)

  >>> Circular shift = 26
slurmstepd: error: *** JOB 42252172 ON node114 CANCELLED AT 2025-08-11T18:21:49 DUE TO TIME LIMIT ***
