>>> SCRIPT LAUNCHED
>>> STARTING JOB in mode: within
>>> Loaded fMRI data
Processing - WITHIN mode
Encoding for xglm_small already done
Encoding for xglm_med already done
Encoding for xglm_large already done
Encoding for xglm_xl already done
Encoding for bert_base already done
Encoding for distilmbert already done
Encoding for xlmr_base already done
Encoding for xlmr_large already done
Encoding for mt5_small already done
Encoding for mt5_base already done
Encoding for mt5_large already done
Encoding for mdeberta already done
Encoding for xlm_align already done
Encoding for infoxlm_base already done
Encoding for infoxlm_large already done
Encoding for multiminilm already done
Encoding for nllb200_distilled_600M already done
Encoding for nllb200_distilled_1B already done
Encoding for nllb200_1B already done
Encoding for mgpt already done
Encoding for xglm_small – Lang_LH_AntTemp already done
Encoding for xglm_med – Lang_LH_AntTemp already done
Encoding for xglm_large – Lang_LH_AntTemp already done
Encoding for xglm_xl – Lang_LH_AntTemp already done
Encoding for bert_base – Lang_LH_AntTemp already done
Encoding for distilmbert – Lang_LH_AntTemp already done
Encoding for xlmr_base – Lang_LH_AntTemp already done
Encoding for xlmr_large – Lang_LH_AntTemp already done
Encoding for mt5_small – Lang_LH_AntTemp already done
Encoding for mt5_base – Lang_LH_AntTemp already done
Encoding for mt5_large – Lang_LH_AntTemp already done
Encoding for mdeberta – Lang_LH_AntTemp already done
Encoding for xlm_align – Lang_LH_AntTemp already done
Encoding for infoxlm_base – Lang_LH_AntTemp already done
Encoding for infoxlm_large – Lang_LH_AntTemp already done
Encoding for multiminilm – Lang_LH_AntTemp already done
Encoding for nllb200_distilled_600M – Lang_LH_AntTemp already done
Encoding for nllb200_distilled_1B – Lang_LH_AntTemp already done
Encoding for nllb200_1B – Lang_LH_AntTemp already done
Encoding for mgpt – Lang_LH_AntTemp already done
>>> SCRIPT LAUNCHED
>>> STARTING JOB in mode: across
>>> Loaded fMRI data
Processing - ACROSS mode
Encoding for xglm_small already done
Encoding for xglm_med already done
Encoding for xglm_large already done
Encoding for xglm_xl already done
Encoding for bert_base already done
Encoding for distilmbert already done
Encoding for xlmr_base already done
Encoding for xlmr_large already done
Encoding for mt5_small already done
Encoding for mt5_base already done
Encoding for mt5_large already done
Encoding for mdeberta already done
Encoding for xlm_align already done
Encoding for infoxlm_base already done
Encoding for infoxlm_large already done
Encoding for multiminilm already done
Encoding for nllb200_distilled_600M already done
Encoding for nllb200_distilled_1B already done
Encoding for nllb200_1B already done
Encoding for mgpt already done
Encoding for xglm_small – Lang_LH_AntTemp already done
Encoding for xglm_med – Lang_LH_AntTemp already done
Encoding for xglm_large – Lang_LH_AntTemp already done
Encoding for xglm_xl – Lang_LH_AntTemp already done
Encoding for bert_base – Lang_LH_AntTemp already done
Encoding for distilmbert – Lang_LH_AntTemp already done
Encoding for xlmr_base – Lang_LH_AntTemp already done
Encoding for xlmr_large – Lang_LH_AntTemp already done
Encoding for mt5_small – Lang_LH_AntTemp already done
Encoding for mt5_base – Lang_LH_AntTemp already done
Encoding for mt5_large – Lang_LH_AntTemp already done
Encoding for mdeberta – Lang_LH_AntTemp already done
Encoding for xlm_align – Lang_LH_AntTemp already done
Encoding for infoxlm_base – Lang_LH_AntTemp already done
Encoding for infoxlm_large – Lang_LH_AntTemp already done
Encoding for multiminilm – Lang_LH_AntTemp already done


Processing Lang_LH_AntTemp (1/6)

  >>> Circular shift = 26
ACROSS-CIRC     nllb200_distilled_600M | shift=26 | layer=0 | mean r=0.001
ACROSS-CIRC     nllb200_distilled_600M | shift=26 | layer=1 | mean r=0.015
ACROSS-CIRC     nllb200_distilled_600M | shift=26 | layer=2 | mean r=0.017
ACROSS-CIRC     nllb200_distilled_600M | shift=26 | layer=3 | mean r=0.012
ACROSS-CIRC     nllb200_distilled_600M | shift=26 | layer=4 | mean r=0.013
ACROSS-CIRC     nllb200_distilled_600M | shift=26 | layer=5 | mean r=0.010
ACROSS-CIRC     nllb200_distilled_600M | shift=26 | layer=6 | mean r=0.010
ACROSS-CIRC     nllb200_distilled_600M | shift=26 | layer=7 | mean r=0.014
ACROSS-CIRC     nllb200_distilled_600M | shift=26 | layer=8 | mean r=0.012
ACROSS-CIRC     nllb200_distilled_600M | shift=26 | layer=9 | mean r=0.017
ACROSS-CIRC     nllb200_distilled_600M | shift=26 | layer=10 | mean r=0.012
ACROSS-CIRC     nllb200_distilled_600M | shift=26 | layer=11 | mean r=0.009
ACROSS-CIRC     nllb200_distilled_600M | shift=26 | layer=12 | mean r=0.012

  >>> Circular shift = 52
ACROSS-CIRC     nllb200_distilled_600M | shift=52 | layer=0 | mean r=0.014
ACROSS-CIRC     nllb200_distilled_600M | shift=52 | layer=1 | mean r=-0.005
ACROSS-CIRC     nllb200_distilled_600M | shift=52 | layer=2 | mean r=0.004
ACROSS-CIRC     nllb200_distilled_600M | shift=52 | layer=3 | mean r=0.001
ACROSS-CIRC     nllb200_distilled_600M | shift=52 | layer=4 | mean r=-0.007
ACROSS-CIRC     nllb200_distilled_600M | shift=52 | layer=5 | mean r=-0.003
ACROSS-CIRC     nllb200_distilled_600M | shift=52 | layer=6 | mean r=-0.001
ACROSS-CIRC     nllb200_distilled_600M | shift=52 | layer=7 | mean r=0.012
ACROSS-CIRC     nllb200_distilled_600M | shift=52 | layer=8 | mean r=0.015
ACROSS-CIRC     nllb200_distilled_600M | shift=52 | layer=9 | mean r=0.017
ACROSS-CIRC     nllb200_distilled_600M | shift=52 | layer=10 | mean r=0.019
ACROSS-CIRC     nllb200_distilled_600M | shift=52 | layer=11 | mean r=0.017
ACROSS-CIRC     nllb200_distilled_600M | shift=52 | layer=12 | mean r=0.012

  >>> Circular shift = 78
ACROSS-CIRC     nllb200_distilled_600M | shift=78 | layer=0 | mean r=-0.012
ACROSS-CIRC     nllb200_distilled_600M | shift=78 | layer=1 | mean r=-0.006
ACROSS-CIRC     nllb200_distilled_600M | shift=78 | layer=2 | mean r=-0.003
ACROSS-CIRC     nllb200_distilled_600M | shift=78 | layer=3 | mean r=-0.018
ACROSS-CIRC     nllb200_distilled_600M | shift=78 | layer=4 | mean r=-0.013
ACROSS-CIRC     nllb200_distilled_600M | shift=78 | layer=5 | mean r=-0.013
ACROSS-CIRC     nllb200_distilled_600M | shift=78 | layer=6 | mean r=-0.010
ACROSS-CIRC     nllb200_distilled_600M | shift=78 | layer=7 | mean r=-0.017
ACROSS-CIRC     nllb200_distilled_600M | shift=78 | layer=8 | mean r=-0.015
ACROSS-CIRC     nllb200_distilled_600M | shift=78 | layer=9 | mean r=-0.022
ACROSS-CIRC     nllb200_distilled_600M | shift=78 | layer=10 | mean r=-0.013
ACROSS-CIRC     nllb200_distilled_600M | shift=78 | layer=11 | mean r=-0.018
ACROSS-CIRC     nllb200_distilled_600M | shift=78 | layer=12 | mean r=-0.017

  >>> Circular shift = 104
ACROSS-CIRC     nllb200_distilled_600M | shift=104 | layer=0 | mean r=0.006
ACROSS-CIRC     nllb200_distilled_600M | shift=104 | layer=1 | mean r=0.001
ACROSS-CIRC     nllb200_distilled_600M | shift=104 | layer=2 | mean r=-0.005
ACROSS-CIRC     nllb200_distilled_600M | shift=104 | layer=3 | mean r=-0.005
ACROSS-CIRC     nllb200_distilled_600M | shift=104 | layer=4 | mean r=-0.004
ACROSS-CIRC     nllb200_distilled_600M | shift=104 | layer=5 | mean r=-0.011
ACROSS-CIRC     nllb200_distilled_600M | shift=104 | layer=6 | mean r=-0.010
ACROSS-CIRC     nllb200_distilled_600M | shift=104 | layer=7 | mean r=-0.017
ACROSS-CIRC     nllb200_distilled_600M | shift=104 | layer=8 | mean r=-0.009
ACROSS-CIRC     nllb200_distilled_600M | shift=104 | layer=9 | mean r=-0.009
ACROSS-CIRC     nllb200_distilled_600M | shift=104 | layer=10 | mean r=-0.006
ACROSS-CIRC     nllb200_distilled_600M | shift=104 | layer=11 | mean r=0.000
ACROSS-CIRC     nllb200_distilled_600M | shift=104 | layer=12 | mean r=-0.008


Processing Lang_LH_IFG (2/6)

  >>> Circular shift = 26
ACROSS-CIRC     nllb200_distilled_600M | shift=26 | layer=0 | mean r=-0.017
ACROSS-CIRC     nllb200_distilled_600M | shift=26 | layer=1 | mean r=-0.014
ACROSS-CIRC     nllb200_distilled_600M | shift=26 | layer=2 | mean r=-0.019
ACROSS-CIRC     nllb200_distilled_600M | shift=26 | layer=3 | mean r=-0.012
ACROSS-CIRC     nllb200_distilled_600M | shift=26 | layer=4 | mean r=-0.010
ACROSS-CIRC     nllb200_distilled_600M | shift=26 | layer=5 | mean r=-0.008
ACROSS-CIRC     nllb200_distilled_600M | shift=26 | layer=6 | mean r=-0.011
ACROSS-CIRC     nllb200_distilled_600M | shift=26 | layer=7 | mean r=-0.008
ACROSS-CIRC     nllb200_distilled_600M | shift=26 | layer=8 | mean r=-0.005
ACROSS-CIRC     nllb200_distilled_600M | shift=26 | layer=9 | mean r=-0.004
ACROSS-CIRC     nllb200_distilled_600M | shift=26 | layer=10 | mean r=-0.008
ACROSS-CIRC     nllb200_distilled_600M | shift=26 | layer=11 | mean r=-0.009
ACROSS-CIRC     nllb200_distilled_600M | shift=26 | layer=12 | mean r=-0.007

  >>> Circular shift = 52
ACROSS-CIRC     nllb200_distilled_600M | shift=52 | layer=0 | mean r=0.016
ACROSS-CIRC     nllb200_distilled_600M | shift=52 | layer=1 | mean r=0.005
ACROSS-CIRC     nllb200_distilled_600M | shift=52 | layer=2 | mean r=0.011
ACROSS-CIRC     nllb200_distilled_600M | shift=52 | layer=3 | mean r=0.010
ACROSS-CIRC     nllb200_distilled_600M | shift=52 | layer=4 | mean r=0.008
ACROSS-CIRC     nllb200_distilled_600M | shift=52 | layer=5 | mean r=0.011
ACROSS-CIRC     nllb200_distilled_600M | shift=52 | layer=6 | mean r=0.005
ACROSS-CIRC     nllb200_distilled_600M | shift=52 | layer=7 | mean r=-0.000
ACROSS-CIRC     nllb200_distilled_600M | shift=52 | layer=8 | mean r=0.006
ACROSS-CIRC     nllb200_distilled_600M | shift=52 | layer=9 | mean r=0.012
ACROSS-CIRC     nllb200_distilled_600M | shift=52 | layer=10 | mean r=0.012
ACROSS-CIRC     nllb200_distilled_600M | shift=52 | layer=11 | mean r=0.008
ACROSS-CIRC     nllb200_distilled_600M | shift=52 | layer=12 | mean r=0.020

  >>> Circular shift = 78
ACROSS-CIRC     nllb200_distilled_600M | shift=78 | layer=0 | mean r=-0.014
ACROSS-CIRC     nllb200_distilled_600M | shift=78 | layer=1 | mean r=0.012
ACROSS-CIRC     nllb200_distilled_600M | shift=78 | layer=2 | mean r=0.024
ACROSS-CIRC     nllb200_distilled_600M | shift=78 | layer=3 | mean r=0.007
ACROSS-CIRC     nllb200_distilled_600M | shift=78 | layer=4 | mean r=0.002
ACROSS-CIRC     nllb200_distilled_600M | shift=78 | layer=5 | mean r=0.000
ACROSS-CIRC     nllb200_distilled_600M | shift=78 | layer=6 | mean r=-0.006
ACROSS-CIRC     nllb200_distilled_600M | shift=78 | layer=7 | mean r=-0.011
ACROSS-CIRC     nllb200_distilled_600M | shift=78 | layer=8 | mean r=-0.013
ACROSS-CIRC     nllb200_distilled_600M | shift=78 | layer=9 | mean r=-0.016
ACROSS-CIRC     nllb200_distilled_600M | shift=78 | layer=10 | mean r=-0.016
ACROSS-CIRC     nllb200_distilled_600M | shift=78 | layer=11 | mean r=-0.024
ACROSS-CIRC     nllb200_distilled_600M | shift=78 | layer=12 | mean r=-0.019

  >>> Circular shift = 104
ACROSS-CIRC     nllb200_distilled_600M | shift=104 | layer=0 | mean r=0.007
ACROSS-CIRC     nllb200_distilled_600M | shift=104 | layer=1 | mean r=0.005
ACROSS-CIRC     nllb200_distilled_600M | shift=104 | layer=2 | mean r=0.018
ACROSS-CIRC     nllb200_distilled_600M | shift=104 | layer=3 | mean r=0.019
ACROSS-CIRC     nllb200_distilled_600M | shift=104 | layer=4 | mean r=0.029
ACROSS-CIRC     nllb200_distilled_600M | shift=104 | layer=5 | mean r=0.029
ACROSS-CIRC     nllb200_distilled_600M | shift=104 | layer=6 | mean r=0.029
ACROSS-CIRC     nllb200_distilled_600M | shift=104 | layer=7 | mean r=0.025
ACROSS-CIRC     nllb200_distilled_600M | shift=104 | layer=8 | mean r=0.032
ACROSS-CIRC     nllb200_distilled_600M | shift=104 | layer=9 | mean r=0.026
ACROSS-CIRC     nllb200_distilled_600M | shift=104 | layer=10 | mean r=0.022
ACROSS-CIRC     nllb200_distilled_600M | shift=104 | layer=11 | mean r=0.025
ACROSS-CIRC     nllb200_distilled_600M | shift=104 | layer=12 | mean r=0.013


Processing Lang_LH_IFGorb (3/6)

  >>> Circular shift = 26
ACROSS-CIRC     nllb200_distilled_600M | shift=26 | layer=0 | mean r=-0.010
ACROSS-CIRC     nllb200_distilled_600M | shift=26 | layer=1 | mean r=0.002
ACROSS-CIRC     nllb200_distilled_600M | shift=26 | layer=2 | mean r=0.000
ACROSS-CIRC     nllb200_distilled_600M | shift=26 | layer=3 | mean r=-0.003
ACROSS-CIRC     nllb200_distilled_600M | shift=26 | layer=4 | mean r=-0.002
ACROSS-CIRC     nllb200_distilled_600M | shift=26 | layer=5 | mean r=-0.000
ACROSS-CIRC     nllb200_distilled_600M | shift=26 | layer=6 | mean r=-0.006
ACROSS-CIRC     nllb200_distilled_600M | shift=26 | layer=7 | mean r=-0.009
ACROSS-CIRC     nllb200_distilled_600M | shift=26 | layer=8 | mean r=-0.010
ACROSS-CIRC     nllb200_distilled_600M | shift=26 | layer=9 | mean r=-0.011
ACROSS-CIRC     nllb200_distilled_600M | shift=26 | layer=10 | mean r=-0.012
ACROSS-CIRC     nllb200_distilled_600M | shift=26 | layer=11 | mean r=-0.010
ACROSS-CIRC     nllb200_distilled_600M | shift=26 | layer=12 | mean r=-0.002

  >>> Circular shift = 52
ACROSS-CIRC     nllb200_distilled_600M | shift=52 | layer=0 | mean r=0.020
ACROSS-CIRC     nllb200_distilled_600M | shift=52 | layer=1 | mean r=0.004
ACROSS-CIRC     nllb200_distilled_600M | shift=52 | layer=2 | mean r=0.007
ACROSS-CIRC     nllb200_distilled_600M | shift=52 | layer=3 | mean r=-0.000
ACROSS-CIRC     nllb200_distilled_600M | shift=52 | layer=4 | mean r=-0.001
ACROSS-CIRC     nllb200_distilled_600M | shift=52 | layer=5 | mean r=0.008
ACROSS-CIRC     nllb200_distilled_600M | shift=52 | layer=6 | mean r=0.008
ACROSS-CIRC     nllb200_distilled_600M | shift=52 | layer=7 | mean r=0.004
ACROSS-CIRC     nllb200_distilled_600M | shift=52 | layer=8 | mean r=0.008
ACROSS-CIRC     nllb200_distilled_600M | shift=52 | layer=9 | mean r=0.010
ACROSS-CIRC     nllb200_distilled_600M | shift=52 | layer=10 | mean r=0.009
ACROSS-CIRC     nllb200_distilled_600M | shift=52 | layer=11 | mean r=0.009
ACROSS-CIRC     nllb200_distilled_600M | shift=52 | layer=12 | mean r=0.004

  >>> Circular shift = 78
ACROSS-CIRC     nllb200_distilled_600M | shift=78 | layer=0 | mean r=0.008
ACROSS-CIRC     nllb200_distilled_600M | shift=78 | layer=1 | mean r=0.010
ACROSS-CIRC     nllb200_distilled_600M | shift=78 | layer=2 | mean r=0.010
ACROSS-CIRC     nllb200_distilled_600M | shift=78 | layer=3 | mean r=0.005
ACROSS-CIRC     nllb200_distilled_600M | shift=78 | layer=4 | mean r=0.004
ACROSS-CIRC     nllb200_distilled_600M | shift=78 | layer=5 | mean r=-0.004
ACROSS-CIRC     nllb200_distilled_600M | shift=78 | layer=6 | mean r=-0.001
ACROSS-CIRC     nllb200_distilled_600M | shift=78 | layer=7 | mean r=-0.011
ACROSS-CIRC     nllb200_distilled_600M | shift=78 | layer=8 | mean r=-0.010
ACROSS-CIRC     nllb200_distilled_600M | shift=78 | layer=9 | mean r=-0.017
ACROSS-CIRC     nllb200_distilled_600M | shift=78 | layer=10 | mean r=-0.009
ACROSS-CIRC     nllb200_distilled_600M | shift=78 | layer=11 | mean r=-0.008
ACROSS-CIRC     nllb200_distilled_600M | shift=78 | layer=12 | mean r=-0.004

  >>> Circular shift = 104
ACROSS-CIRC     nllb200_distilled_600M | shift=104 | layer=0 | mean r=0.002
ACROSS-CIRC     nllb200_distilled_600M | shift=104 | layer=1 | mean r=-0.002
ACROSS-CIRC     nllb200_distilled_600M | shift=104 | layer=2 | mean r=-0.000
ACROSS-CIRC     nllb200_distilled_600M | shift=104 | layer=3 | mean r=-0.001
ACROSS-CIRC     nllb200_distilled_600M | shift=104 | layer=4 | mean r=0.003
ACROSS-CIRC     nllb200_distilled_600M | shift=104 | layer=5 | mean r=0.007
ACROSS-CIRC     nllb200_distilled_600M | shift=104 | layer=6 | mean r=0.013
ACROSS-CIRC     nllb200_distilled_600M | shift=104 | layer=7 | mean r=0.016
ACROSS-CIRC     nllb200_distilled_600M | shift=104 | layer=8 | mean r=0.021
ACROSS-CIRC     nllb200_distilled_600M | shift=104 | layer=9 | mean r=0.017
ACROSS-CIRC     nllb200_distilled_600M | shift=104 | layer=10 | mean r=0.017
ACROSS-CIRC     nllb200_distilled_600M | shift=104 | layer=11 | mean r=0.023
ACROSS-CIRC     nllb200_distilled_600M | shift=104 | layer=12 | mean r=0.014


Processing Lang_LH_MFG (4/6)

  >>> Circular shift = 26
ACROSS-CIRC     nllb200_distilled_600M | shift=26 | layer=0 | mean r=-0.021
ACROSS-CIRC     nllb200_distilled_600M | shift=26 | layer=1 | mean r=-0.016
ACROSS-CIRC     nllb200_distilled_600M | shift=26 | layer=2 | mean r=-0.028
ACROSS-CIRC     nllb200_distilled_600M | shift=26 | layer=3 | mean r=-0.024
ACROSS-CIRC     nllb200_distilled_600M | shift=26 | layer=4 | mean r=-0.025
ACROSS-CIRC     nllb200_distilled_600M | shift=26 | layer=5 | mean r=-0.027
ACROSS-CIRC     nllb200_distilled_600M | shift=26 | layer=6 | mean r=-0.033
ACROSS-CIRC     nllb200_distilled_600M | shift=26 | layer=7 | mean r=-0.022
ACROSS-CIRC     nllb200_distilled_600M | shift=26 | layer=8 | mean r=-0.025
ACROSS-CIRC     nllb200_distilled_600M | shift=26 | layer=9 | mean r=-0.021
ACROSS-CIRC     nllb200_distilled_600M | shift=26 | layer=10 | mean r=-0.020
ACROSS-CIRC     nllb200_distilled_600M | shift=26 | layer=11 | mean r=-0.021
ACROSS-CIRC     nllb200_distilled_600M | shift=26 | layer=12 | mean r=-0.013

  >>> Circular shift = 52
ACROSS-CIRC     nllb200_distilled_600M | shift=52 | layer=0 | mean r=0.018
ACROSS-CIRC     nllb200_distilled_600M | shift=52 | layer=1 | mean r=0.022
ACROSS-CIRC     nllb200_distilled_600M | shift=52 | layer=2 | mean r=0.020
ACROSS-CIRC     nllb200_distilled_600M | shift=52 | layer=3 | mean r=0.015
ACROSS-CIRC     nllb200_distilled_600M | shift=52 | layer=4 | mean r=0.017
ACROSS-CIRC     nllb200_distilled_600M | shift=52 | layer=5 | mean r=0.003
ACROSS-CIRC     nllb200_distilled_600M | shift=52 | layer=6 | mean r=-0.001
ACROSS-CIRC     nllb200_distilled_600M | shift=52 | layer=7 | mean r=-0.004
ACROSS-CIRC     nllb200_distilled_600M | shift=52 | layer=8 | mean r=0.005
ACROSS-CIRC     nllb200_distilled_600M | shift=52 | layer=9 | mean r=0.007
ACROSS-CIRC     nllb200_distilled_600M | shift=52 | layer=10 | mean r=0.005
ACROSS-CIRC     nllb200_distilled_600M | shift=52 | layer=11 | mean r=0.003
ACROSS-CIRC     nllb200_distilled_600M | shift=52 | layer=12 | mean r=-0.004

  >>> Circular shift = 78
ACROSS-CIRC     nllb200_distilled_600M | shift=78 | layer=0 | mean r=-0.019
ACROSS-CIRC     nllb200_distilled_600M | shift=78 | layer=1 | mean r=-0.014
ACROSS-CIRC     nllb200_distilled_600M | shift=78 | layer=2 | mean r=0.006
ACROSS-CIRC     nllb200_distilled_600M | shift=78 | layer=3 | mean r=0.000
ACROSS-CIRC     nllb200_distilled_600M | shift=78 | layer=4 | mean r=0.007
ACROSS-CIRC     nllb200_distilled_600M | shift=78 | layer=5 | mean r=0.015
ACROSS-CIRC     nllb200_distilled_600M | shift=78 | layer=6 | mean r=0.005
ACROSS-CIRC     nllb200_distilled_600M | shift=78 | layer=7 | mean r=0.001
ACROSS-CIRC     nllb200_distilled_600M | shift=78 | layer=8 | mean r=-0.002
ACROSS-CIRC     nllb200_distilled_600M | shift=78 | layer=9 | mean r=-0.007
ACROSS-CIRC     nllb200_distilled_600M | shift=78 | layer=10 | mean r=-0.004
ACROSS-CIRC     nllb200_distilled_600M | shift=78 | layer=11 | mean r=-0.005
ACROSS-CIRC     nllb200_distilled_600M | shift=78 | layer=12 | mean r=0.001

  >>> Circular shift = 104
ACROSS-CIRC     nllb200_distilled_600M | shift=104 | layer=0 | mean r=0.008
ACROSS-CIRC     nllb200_distilled_600M | shift=104 | layer=1 | mean r=0.007
ACROSS-CIRC     nllb200_distilled_600M | shift=104 | layer=2 | mean r=0.014
ACROSS-CIRC     nllb200_distilled_600M | shift=104 | layer=3 | mean r=0.016
ACROSS-CIRC     nllb200_distilled_600M | shift=104 | layer=4 | mean r=0.025
ACROSS-CIRC     nllb200_distilled_600M | shift=104 | layer=5 | mean r=0.032
ACROSS-CIRC     nllb200_distilled_600M | shift=104 | layer=6 | mean r=0.036
ACROSS-CIRC     nllb200_distilled_600M | shift=104 | layer=7 | mean r=0.033
ACROSS-CIRC     nllb200_distilled_600M | shift=104 | layer=8 | mean r=0.033
ACROSS-CIRC     nllb200_distilled_600M | shift=104 | layer=9 | mean r=0.037
ACROSS-CIRC     nllb200_distilled_600M | shift=104 | layer=10 | mean r=0.031
ACROSS-CIRC     nllb200_distilled_600M | shift=104 | layer=11 | mean r=0.033
ACROSS-CIRC     nllb200_distilled_600M | shift=104 | layer=12 | mean r=0.028


Processing Lang_LH_PostTemp (5/6)

  >>> Circular shift = 26
ACROSS-CIRC     nllb200_distilled_600M | shift=26 | layer=0 | mean r=-0.007
ACROSS-CIRC     nllb200_distilled_600M | shift=26 | layer=1 | mean r=0.014
ACROSS-CIRC     nllb200_distilled_600M | shift=26 | layer=2 | mean r=0.026
ACROSS-CIRC     nllb200_distilled_600M | shift=26 | layer=3 | mean r=0.022
ACROSS-CIRC     nllb200_distilled_600M | shift=26 | layer=4 | mean r=0.016
ACROSS-CIRC     nllb200_distilled_600M | shift=26 | layer=5 | mean r=0.014
ACROSS-CIRC     nllb200_distilled_600M | shift=26 | layer=6 | mean r=-0.005
ACROSS-CIRC     nllb200_distilled_600M | shift=26 | layer=7 | mean r=0.001
ACROSS-CIRC     nllb200_distilled_600M | shift=26 | layer=8 | mean r=-0.002
ACROSS-CIRC     nllb200_distilled_600M | shift=26 | layer=9 | mean r=0.008
ACROSS-CIRC     nllb200_distilled_600M | shift=26 | layer=10 | mean r=0.003
ACROSS-CIRC     nllb200_distilled_600M | shift=26 | layer=11 | mean r=0.001
ACROSS-CIRC     nllb200_distilled_600M | shift=26 | layer=12 | mean r=-0.001

  >>> Circular shift = 52
ACROSS-CIRC     nllb200_distilled_600M | shift=52 | layer=0 | mean r=0.020
ACROSS-CIRC     nllb200_distilled_600M | shift=52 | layer=1 | mean r=0.002
ACROSS-CIRC     nllb200_distilled_600M | shift=52 | layer=2 | mean r=0.004
ACROSS-CIRC     nllb200_distilled_600M | shift=52 | layer=3 | mean r=-0.006
ACROSS-CIRC     nllb200_distilled_600M | shift=52 | layer=4 | mean r=-0.019
ACROSS-CIRC     nllb200_distilled_600M | shift=52 | layer=5 | mean r=-0.017
ACROSS-CIRC     nllb200_distilled_600M | shift=52 | layer=6 | mean r=-0.010
ACROSS-CIRC     nllb200_distilled_600M | shift=52 | layer=7 | mean r=-0.001
ACROSS-CIRC     nllb200_distilled_600M | shift=52 | layer=8 | mean r=-0.001
ACROSS-CIRC     nllb200_distilled_600M | shift=52 | layer=9 | mean r=0.009
ACROSS-CIRC     nllb200_distilled_600M | shift=52 | layer=10 | mean r=0.013
ACROSS-CIRC     nllb200_distilled_600M | shift=52 | layer=11 | mean r=0.019
ACROSS-CIRC     nllb200_distilled_600M | shift=52 | layer=12 | mean r=0.007

  >>> Circular shift = 78
ACROSS-CIRC     nllb200_distilled_600M | shift=78 | layer=0 | mean r=-0.014
ACROSS-CIRC     nllb200_distilled_600M | shift=78 | layer=1 | mean r=0.009
ACROSS-CIRC     nllb200_distilled_600M | shift=78 | layer=2 | mean r=0.010
ACROSS-CIRC     nllb200_distilled_600M | shift=78 | layer=3 | mean r=-0.006
ACROSS-CIRC     nllb200_distilled_600M | shift=78 | layer=4 | mean r=-0.011
ACROSS-CIRC     nllb200_distilled_600M | shift=78 | layer=5 | mean r=-0.010
ACROSS-CIRC     nllb200_distilled_600M | shift=78 | layer=6 | mean r=-0.019
ACROSS-CIRC     nllb200_distilled_600M | shift=78 | layer=7 | mean r=-0.023
ACROSS-CIRC     nllb200_distilled_600M | shift=78 | layer=8 | mean r=-0.023
ACROSS-CIRC     nllb200_distilled_600M | shift=78 | layer=9 | mean r=-0.033
ACROSS-CIRC     nllb200_distilled_600M | shift=78 | layer=10 | mean r=-0.021
ACROSS-CIRC     nllb200_distilled_600M | shift=78 | layer=11 | mean r=-0.025
ACROSS-CIRC     nllb200_distilled_600M | shift=78 | layer=12 | mean r=-0.024

  >>> Circular shift = 104
ACROSS-CIRC     nllb200_distilled_600M | shift=104 | layer=0 | mean r=0.015
ACROSS-CIRC     nllb200_distilled_600M | shift=104 | layer=1 | mean r=0.003
ACROSS-CIRC     nllb200_distilled_600M | shift=104 | layer=2 | mean r=-0.000
ACROSS-CIRC     nllb200_distilled_600M | shift=104 | layer=3 | mean r=0.000
ACROSS-CIRC     nllb200_distilled_600M | shift=104 | layer=4 | mean r=0.011
ACROSS-CIRC     nllb200_distilled_600M | shift=104 | layer=5 | mean r=0.018
ACROSS-CIRC     nllb200_distilled_600M | shift=104 | layer=6 | mean r=0.019
ACROSS-CIRC     nllb200_distilled_600M | shift=104 | layer=7 | mean r=0.016
ACROSS-CIRC     nllb200_distilled_600M | shift=104 | layer=8 | mean r=0.020
ACROSS-CIRC     nllb200_distilled_600M | shift=104 | layer=9 | mean r=0.011
ACROSS-CIRC     nllb200_distilled_600M | shift=104 | layer=10 | mean r=0.010
ACROSS-CIRC     nllb200_distilled_600M | shift=104 | layer=11 | mean r=0.012
ACROSS-CIRC     nllb200_distilled_600M | shift=104 | layer=12 | mean r=0.002


Processing all (6/6)

  >>> Circular shift = 26
ACROSS-CIRC     nllb200_distilled_600M | shift=26 | layer=0 | mean r=-0.013
ACROSS-CIRC     nllb200_distilled_600M | shift=26 | layer=1 | mean r=0.002
ACROSS-CIRC     nllb200_distilled_600M | shift=26 | layer=2 | mean r=-0.009
ACROSS-CIRC     nllb200_distilled_600M | shift=26 | layer=3 | mean r=-0.006
ACROSS-CIRC     nllb200_distilled_600M | shift=26 | layer=4 | mean r=-0.002
ACROSS-CIRC     nllb200_distilled_600M | shift=26 | layer=5 | mean r=-0.010
ACROSS-CIRC     nllb200_distilled_600M | shift=26 | layer=6 | mean r=-0.009
ACROSS-CIRC     nllb200_distilled_600M | shift=26 | layer=7 | mean r=-0.005
ACROSS-CIRC     nllb200_distilled_600M | shift=26 | layer=8 | mean r=0.001
ACROSS-CIRC     nllb200_distilled_600M | shift=26 | layer=9 | mean r=0.002
ACROSS-CIRC     nllb200_distilled_600M | shift=26 | layer=10 | mean r=-0.005
ACROSS-CIRC     nllb200_distilled_600M | shift=26 | layer=11 | mean r=-0.008
ACROSS-CIRC     nllb200_distilled_600M | shift=26 | layer=12 | mean r=-0.003

  >>> Circular shift = 52
ACROSS-CIRC     nllb200_distilled_600M | shift=52 | layer=0 | mean r=0.025
ACROSS-CIRC     nllb200_distilled_600M | shift=52 | layer=1 | mean r=0.005
ACROSS-CIRC     nllb200_distilled_600M | shift=52 | layer=2 | mean r=0.009
ACROSS-CIRC     nllb200_distilled_600M | shift=52 | layer=3 | mean r=0.005
ACROSS-CIRC     nllb200_distilled_600M | shift=52 | layer=4 | mean r=-0.000
ACROSS-CIRC     nllb200_distilled_600M | shift=52 | layer=5 | mean r=0.008
ACROSS-CIRC     nllb200_distilled_600M | shift=52 | layer=6 | mean r=0.010
ACROSS-CIRC     nllb200_distilled_600M | shift=52 | layer=7 | mean r=0.017
ACROSS-CIRC     nllb200_distilled_600M | shift=52 | layer=8 | mean r=0.015
ACROSS-CIRC     nllb200_distilled_600M | shift=52 | layer=9 | mean r=0.019
ACROSS-CIRC     nllb200_distilled_600M | shift=52 | layer=10 | mean r=0.024
ACROSS-CIRC     nllb200_distilled_600M | shift=52 | layer=11 | mean r=0.019
ACROSS-CIRC     nllb200_distilled_600M | shift=52 | layer=12 | mean r=0.010

  >>> Circular shift = 78
ACROSS-CIRC     nllb200_distilled_600M | shift=78 | layer=0 | mean r=-0.014
ACROSS-CIRC     nllb200_distilled_600M | shift=78 | layer=1 | mean r=0.008
ACROSS-CIRC     nllb200_distilled_600M | shift=78 | layer=2 | mean r=0.018
ACROSS-CIRC     nllb200_distilled_600M | shift=78 | layer=3 | mean r=0.004
ACROSS-CIRC     nllb200_distilled_600M | shift=78 | layer=4 | mean r=0.009
ACROSS-CIRC     nllb200_distilled_600M | shift=78 | layer=5 | mean r=0.005
ACROSS-CIRC     nllb200_distilled_600M | shift=78 | layer=6 | mean r=-0.003
ACROSS-CIRC     nllb200_distilled_600M | shift=78 | layer=7 | mean r=-0.011
ACROSS-CIRC     nllb200_distilled_600M | shift=78 | layer=8 | mean r=-0.014
ACROSS-CIRC     nllb200_distilled_600M | shift=78 | layer=9 | mean r=-0.022
ACROSS-CIRC     nllb200_distilled_600M | shift=78 | layer=10 | mean r=-0.014
ACROSS-CIRC     nllb200_distilled_600M | shift=78 | layer=11 | mean r=-0.018
ACROSS-CIRC     nllb200_distilled_600M | shift=78 | layer=12 | mean r=-0.010

  >>> Circular shift = 104
ACROSS-CIRC     nllb200_distilled_600M | shift=104 | layer=0 | mean r=0.021
ACROSS-CIRC     nllb200_distilled_600M | shift=104 | layer=1 | mean r=-0.006
ACROSS-CIRC     nllb200_distilled_600M | shift=104 | layer=2 | mean r=-0.004
ACROSS-CIRC     nllb200_distilled_600M | shift=104 | layer=3 | mean r=-0.000
ACROSS-CIRC     nllb200_distilled_600M | shift=104 | layer=4 | mean r=0.009
ACROSS-CIRC     nllb200_distilled_600M | shift=104 | layer=5 | mean r=0.018
ACROSS-CIRC     nllb200_distilled_600M | shift=104 | layer=6 | mean r=0.023
ACROSS-CIRC     nllb200_distilled_600M | shift=104 | layer=7 | mean r=0.018
ACROSS-CIRC     nllb200_distilled_600M | shift=104 | layer=8 | mean r=0.023
ACROSS-CIRC     nllb200_distilled_600M | shift=104 | layer=9 | mean r=0.019
ACROSS-CIRC     nllb200_distilled_600M | shift=104 | layer=10 | mean r=0.016
ACROSS-CIRC     nllb200_distilled_600M | shift=104 | layer=11 | mean r=0.021
ACROSS-CIRC     nllb200_distilled_600M | shift=104 | layer=12 | mean r=0.009


Processing Lang_LH_AntTemp (1/6)

  >>> Circular shift = 26
ACROSS-CIRC     nllb200_distilled_1B | shift=26 | layer=0 | mean r=-0.002
ACROSS-CIRC     nllb200_distilled_1B | shift=26 | layer=1 | mean r=0.017
ACROSS-CIRC     nllb200_distilled_1B | shift=26 | layer=2 | mean r=0.013
ACROSS-CIRC     nllb200_distilled_1B | shift=26 | layer=3 | mean r=0.012
ACROSS-CIRC     nllb200_distilled_1B | shift=26 | layer=4 | mean r=0.019
ACROSS-CIRC     nllb200_distilled_1B | shift=26 | layer=5 | mean r=0.009
ACROSS-CIRC     nllb200_distilled_1B | shift=26 | layer=6 | mean r=0.012
ACROSS-CIRC     nllb200_distilled_1B | shift=26 | layer=7 | mean r=0.013
ACROSS-CIRC     nllb200_distilled_1B | shift=26 | layer=8 | mean r=0.006
ACROSS-CIRC     nllb200_distilled_1B | shift=26 | layer=9 | mean r=0.001
ACROSS-CIRC     nllb200_distilled_1B | shift=26 | layer=10 | mean r=-0.001
ACROSS-CIRC     nllb200_distilled_1B | shift=26 | layer=11 | mean r=-0.002
ACROSS-CIRC     nllb200_distilled_1B | shift=26 | layer=12 | mean r=-0.009
ACROSS-CIRC     nllb200_distilled_1B | shift=26 | layer=13 | mean r=-0.007
ACROSS-CIRC     nllb200_distilled_1B | shift=26 | layer=14 | mean r=-0.004
ACROSS-CIRC     nllb200_distilled_1B | shift=26 | layer=15 | mean r=-0.001
ACROSS-CIRC     nllb200_distilled_1B | shift=26 | layer=16 | mean r=-0.003
ACROSS-CIRC     nllb200_distilled_1B | shift=26 | layer=17 | mean r=-0.002
ACROSS-CIRC     nllb200_distilled_1B | shift=26 | layer=18 | mean r=-0.003
ACROSS-CIRC     nllb200_distilled_1B | shift=26 | layer=19 | mean r=-0.003
ACROSS-CIRC     nllb200_distilled_1B | shift=26 | layer=20 | mean r=-0.003
ACROSS-CIRC     nllb200_distilled_1B | shift=26 | layer=21 | mean r=-0.000
ACROSS-CIRC     nllb200_distilled_1B | shift=26 | layer=22 | mean r=0.001
ACROSS-CIRC     nllb200_distilled_1B | shift=26 | layer=23 | mean r=-0.002
ACROSS-CIRC     nllb200_distilled_1B | shift=26 | layer=24 | mean r=0.010

  >>> Circular shift = 52
ACROSS-CIRC     nllb200_distilled_1B | shift=52 | layer=0 | mean r=0.025
ACROSS-CIRC     nllb200_distilled_1B | shift=52 | layer=1 | mean r=0.019
ACROSS-CIRC     nllb200_distilled_1B | shift=52 | layer=2 | mean r=-0.003
ACROSS-CIRC     nllb200_distilled_1B | shift=52 | layer=3 | mean r=0.003
ACROSS-CIRC     nllb200_distilled_1B | shift=52 | layer=4 | mean r=0.004
ACROSS-CIRC     nllb200_distilled_1B | shift=52 | layer=5 | mean r=0.003
ACROSS-CIRC     nllb200_distilled_1B | shift=52 | layer=6 | mean r=0.001
ACROSS-CIRC     nllb200_distilled_1B | shift=52 | layer=7 | mean r=-0.003
ACROSS-CIRC     nllb200_distilled_1B | shift=52 | layer=8 | mean r=-0.008
ACROSS-CIRC     nllb200_distilled_1B | shift=52 | layer=9 | mean r=-0.002
ACROSS-CIRC     nllb200_distilled_1B | shift=52 | layer=10 | mean r=-0.002
ACROSS-CIRC     nllb200_distilled_1B | shift=52 | layer=11 | mean r=0.006
ACROSS-CIRC     nllb200_distilled_1B | shift=52 | layer=12 | mean r=0.003
ACROSS-CIRC     nllb200_distilled_1B | shift=52 | layer=13 | mean r=0.001
ACROSS-CIRC     nllb200_distilled_1B | shift=52 | layer=14 | mean r=0.000
ACROSS-CIRC     nllb200_distilled_1B | shift=52 | layer=15 | mean r=0.003
ACROSS-CIRC     nllb200_distilled_1B | shift=52 | layer=16 | mean r=0.001
ACROSS-CIRC     nllb200_distilled_1B | shift=52 | layer=17 | mean r=-0.003
ACROSS-CIRC     nllb200_distilled_1B | shift=52 | layer=18 | mean r=-0.002
ACROSS-CIRC     nllb200_distilled_1B | shift=52 | layer=19 | mean r=-0.000
ACROSS-CIRC     nllb200_distilled_1B | shift=52 | layer=20 | mean r=0.004
ACROSS-CIRC     nllb200_distilled_1B | shift=52 | layer=21 | mean r=0.003
ACROSS-CIRC     nllb200_distilled_1B | shift=52 | layer=22 | mean r=-0.002
ACROSS-CIRC     nllb200_distilled_1B | shift=52 | layer=23 | mean r=-0.001
ACROSS-CIRC     nllb200_distilled_1B | shift=52 | layer=24 | mean r=-0.011

  >>> Circular shift = 78
ACROSS-CIRC     nllb200_distilled_1B | shift=78 | layer=0 | mean r=-0.009
ACROSS-CIRC     nllb200_distilled_1B | shift=78 | layer=1 | mean r=0.001
ACROSS-CIRC     nllb200_distilled_1B | shift=78 | layer=2 | mean r=0.007
ACROSS-CIRC     nllb200_distilled_1B | shift=78 | layer=3 | mean r=0.007
ACROSS-CIRC     nllb200_distilled_1B | shift=78 | layer=4 | mean r=-0.004
ACROSS-CIRC     nllb200_distilled_1B | shift=78 | layer=5 | mean r=-0.004
ACROSS-CIRC     nllb200_distilled_1B | shift=78 | layer=6 | mean r=-0.000
ACROSS-CIRC     nllb200_distilled_1B | shift=78 | layer=7 | mean r=-0.013
ACROSS-CIRC     nllb200_distilled_1B | shift=78 | layer=8 | mean r=-0.011
ACROSS-CIRC     nllb200_distilled_1B | shift=78 | layer=9 | mean r=-0.018
ACROSS-CIRC     nllb200_distilled_1B | shift=78 | layer=10 | mean r=-0.021
ACROSS-CIRC     nllb200_distilled_1B | shift=78 | layer=11 | mean r=-0.017
ACROSS-CIRC     nllb200_distilled_1B | shift=78 | layer=12 | mean r=-0.024
ACROSS-CIRC     nllb200_distilled_1B | shift=78 | layer=13 | mean r=-0.024
ACROSS-CIRC     nllb200_distilled_1B | shift=78 | layer=14 | mean r=-0.022
ACROSS-CIRC     nllb200_distilled_1B | shift=78 | layer=15 | mean r=-0.020
ACROSS-CIRC     nllb200_distilled_1B | shift=78 | layer=16 | mean r=-0.013
ACROSS-CIRC     nllb200_distilled_1B | shift=78 | layer=17 | mean r=-0.011
ACROSS-CIRC     nllb200_distilled_1B | shift=78 | layer=18 | mean r=-0.009
ACROSS-CIRC     nllb200_distilled_1B | shift=78 | layer=19 | mean r=-0.009
ACROSS-CIRC     nllb200_distilled_1B | shift=78 | layer=20 | mean r=-0.008
ACROSS-CIRC     nllb200_distilled_1B | shift=78 | layer=21 | mean r=-0.007
ACROSS-CIRC     nllb200_distilled_1B | shift=78 | layer=22 | mean r=-0.007
ACROSS-CIRC     nllb200_distilled_1B | shift=78 | layer=23 | mean r=-0.005
ACROSS-CIRC     nllb200_distilled_1B | shift=78 | layer=24 | mean r=-0.018

  >>> Circular shift = 104
ACROSS-CIRC     nllb200_distilled_1B | shift=104 | layer=0 | mean r=0.002
ACROSS-CIRC     nllb200_distilled_1B | shift=104 | layer=1 | mean r=0.003
ACROSS-CIRC     nllb200_distilled_1B | shift=104 | layer=2 | mean r=0.004
ACROSS-CIRC     nllb200_distilled_1B | shift=104 | layer=3 | mean r=-0.010
ACROSS-CIRC     nllb200_distilled_1B | shift=104 | layer=4 | mean r=-0.007
ACROSS-CIRC     nllb200_distilled_1B | shift=104 | layer=5 | mean r=-0.001
ACROSS-CIRC     nllb200_distilled_1B | shift=104 | layer=6 | mean r=0.003
ACROSS-CIRC     nllb200_distilled_1B | shift=104 | layer=7 | mean r=0.001
ACROSS-CIRC     nllb200_distilled_1B | shift=104 | layer=8 | mean r=0.003
ACROSS-CIRC     nllb200_distilled_1B | shift=104 | layer=9 | mean r=0.009
ACROSS-CIRC     nllb200_distilled_1B | shift=104 | layer=10 | mean r=0.009
ACROSS-CIRC     nllb200_distilled_1B | shift=104 | layer=11 | mean r=0.009
ACROSS-CIRC     nllb200_distilled_1B | shift=104 | layer=12 | mean r=0.008
ACROSS-CIRC     nllb200_distilled_1B | shift=104 | layer=13 | mean r=0.005
ACROSS-CIRC     nllb200_distilled_1B | shift=104 | layer=14 | mean r=0.005
ACROSS-CIRC     nllb200_distilled_1B | shift=104 | layer=15 | mean r=0.001
ACROSS-CIRC     nllb200_distilled_1B | shift=104 | layer=16 | mean r=-0.002
ACROSS-CIRC     nllb200_distilled_1B | shift=104 | layer=17 | mean r=-0.003
ACROSS-CIRC     nllb200_distilled_1B | shift=104 | layer=18 | mean r=-0.004
ACROSS-CIRC     nllb200_distilled_1B | shift=104 | layer=19 | mean r=-0.009
ACROSS-CIRC     nllb200_distilled_1B | shift=104 | layer=20 | mean r=-0.009
ACROSS-CIRC     nllb200_distilled_1B | shift=104 | layer=21 | mean r=-0.011
ACROSS-CIRC     nllb200_distilled_1B | shift=104 | layer=22 | mean r=-0.009
ACROSS-CIRC     nllb200_distilled_1B | shift=104 | layer=23 | mean r=-0.010
ACROSS-CIRC     nllb200_distilled_1B | shift=104 | layer=24 | mean r=-0.012


Processing Lang_LH_IFG (2/6)

  >>> Circular shift = 26
ACROSS-CIRC     nllb200_distilled_1B | shift=26 | layer=0 | mean r=-0.024
ACROSS-CIRC     nllb200_distilled_1B | shift=26 | layer=1 | mean r=-0.012
ACROSS-CIRC     nllb200_distilled_1B | shift=26 | layer=2 | mean r=-0.014
ACROSS-CIRC     nllb200_distilled_1B | shift=26 | layer=3 | mean r=-0.017
ACROSS-CIRC     nllb200_distilled_1B | shift=26 | layer=4 | mean r=-0.019
ACROSS-CIRC     nllb200_distilled_1B | shift=26 | layer=5 | mean r=-0.014
ACROSS-CIRC     nllb200_distilled_1B | shift=26 | layer=6 | mean r=-0.013
ACROSS-CIRC     nllb200_distilled_1B | shift=26 | layer=7 | mean r=-0.011
ACROSS-CIRC     nllb200_distilled_1B | shift=26 | layer=8 | mean r=-0.014
ACROSS-CIRC     nllb200_distilled_1B | shift=26 | layer=9 | mean r=-0.017
ACROSS-CIRC     nllb200_distilled_1B | shift=26 | layer=10 | mean r=-0.014
ACROSS-CIRC     nllb200_distilled_1B | shift=26 | layer=11 | mean r=-0.014
ACROSS-CIRC     nllb200_distilled_1B | shift=26 | layer=12 | mean r=-0.017
ACROSS-CIRC     nllb200_distilled_1B | shift=26 | layer=13 | mean r=-0.014
ACROSS-CIRC     nllb200_distilled_1B | shift=26 | layer=14 | mean r=-0.017
ACROSS-CIRC     nllb200_distilled_1B | shift=26 | layer=15 | mean r=-0.018
ACROSS-CIRC     nllb200_distilled_1B | shift=26 | layer=16 | mean r=-0.017
ACROSS-CIRC     nllb200_distilled_1B | shift=26 | layer=17 | mean r=-0.021
ACROSS-CIRC     nllb200_distilled_1B | shift=26 | layer=18 | mean r=-0.028
ACROSS-CIRC     nllb200_distilled_1B | shift=26 | layer=19 | mean r=-0.028
ACROSS-CIRC     nllb200_distilled_1B | shift=26 | layer=20 | mean r=-0.027
ACROSS-CIRC     nllb200_distilled_1B | shift=26 | layer=21 | mean r=-0.025
ACROSS-CIRC     nllb200_distilled_1B | shift=26 | layer=22 | mean r=-0.027
ACROSS-CIRC     nllb200_distilled_1B | shift=26 | layer=23 | mean r=-0.031
ACROSS-CIRC     nllb200_distilled_1B | shift=26 | layer=24 | mean r=-0.026

  >>> Circular shift = 52
ACROSS-CIRC     nllb200_distilled_1B | shift=52 | layer=0 | mean r=0.018
ACROSS-CIRC     nllb200_distilled_1B | shift=52 | layer=1 | mean r=0.012
ACROSS-CIRC     nllb200_distilled_1B | shift=52 | layer=2 | mean r=-0.005
ACROSS-CIRC     nllb200_distilled_1B | shift=52 | layer=3 | mean r=-0.004
ACROSS-CIRC     nllb200_distilled_1B | shift=52 | layer=4 | mean r=-0.001
ACROSS-CIRC     nllb200_distilled_1B | shift=52 | layer=5 | mean r=-0.001
ACROSS-CIRC     nllb200_distilled_1B | shift=52 | layer=6 | mean r=-0.003
ACROSS-CIRC     nllb200_distilled_1B | shift=52 | layer=7 | mean r=-0.004
ACROSS-CIRC     nllb200_distilled_1B | shift=52 | layer=8 | mean r=-0.011
ACROSS-CIRC     nllb200_distilled_1B | shift=52 | layer=9 | mean r=-0.011
ACROSS-CIRC     nllb200_distilled_1B | shift=52 | layer=10 | mean r=-0.013
ACROSS-CIRC     nllb200_distilled_1B | shift=52 | layer=11 | mean r=-0.008
ACROSS-CIRC     nllb200_distilled_1B | shift=52 | layer=12 | mean r=-0.014
ACROSS-CIRC     nllb200_distilled_1B | shift=52 | layer=13 | mean r=-0.018
ACROSS-CIRC     nllb200_distilled_1B | shift=52 | layer=14 | mean r=-0.018
ACROSS-CIRC     nllb200_distilled_1B | shift=52 | layer=15 | mean r=-0.018
ACROSS-CIRC     nllb200_distilled_1B | shift=52 | layer=16 | mean r=-0.020
ACROSS-CIRC     nllb200_distilled_1B | shift=52 | layer=17 | mean r=-0.020
ACROSS-CIRC     nllb200_distilled_1B | shift=52 | layer=18 | mean r=-0.023
ACROSS-CIRC     nllb200_distilled_1B | shift=52 | layer=19 | mean r=-0.019
ACROSS-CIRC     nllb200_distilled_1B | shift=52 | layer=20 | mean r=-0.020
ACROSS-CIRC     nllb200_distilled_1B | shift=52 | layer=21 | mean r=-0.018
ACROSS-CIRC     nllb200_distilled_1B | shift=52 | layer=22 | mean r=-0.019
ACROSS-CIRC     nllb200_distilled_1B | shift=52 | layer=23 | mean r=-0.015
ACROSS-CIRC     nllb200_distilled_1B | shift=52 | layer=24 | mean r=-0.020

  >>> Circular shift = 78
ACROSS-CIRC     nllb200_distilled_1B | shift=78 | layer=0 | mean r=-0.016
ACROSS-CIRC     nllb200_distilled_1B | shift=78 | layer=1 | mean r=0.008
ACROSS-CIRC     nllb200_distilled_1B | shift=78 | layer=2 | mean r=0.022
ACROSS-CIRC     nllb200_distilled_1B | shift=78 | layer=3 | mean r=0.022
ACROSS-CIRC     nllb200_distilled_1B | shift=78 | layer=4 | mean r=0.022
ACROSS-CIRC     nllb200_distilled_1B | shift=78 | layer=5 | mean r=0.015
ACROSS-CIRC     nllb200_distilled_1B | shift=78 | layer=6 | mean r=0.014
ACROSS-CIRC     nllb200_distilled_1B | shift=78 | layer=7 | mean r=0.010
ACROSS-CIRC     nllb200_distilled_1B | shift=78 | layer=8 | mean r=0.002
ACROSS-CIRC     nllb200_distilled_1B | shift=78 | layer=9 | mean r=0.000
ACROSS-CIRC     nllb200_distilled_1B | shift=78 | layer=10 | mean r=-0.011
ACROSS-CIRC     nllb200_distilled_1B | shift=78 | layer=11 | mean r=-0.016
ACROSS-CIRC     nllb200_distilled_1B | shift=78 | layer=12 | mean r=-0.026
ACROSS-CIRC     nllb200_distilled_1B | shift=78 | layer=13 | mean r=-0.028
ACROSS-CIRC     nllb200_distilled_1B | shift=78 | layer=14 | mean r=-0.021
ACROSS-CIRC     nllb200_distilled_1B | shift=78 | layer=15 | mean r=-0.021
ACROSS-CIRC     nllb200_distilled_1B | shift=78 | layer=16 | mean r=-0.017
ACROSS-CIRC     nllb200_distilled_1B | shift=78 | layer=17 | mean r=-0.016
ACROSS-CIRC     nllb200_distilled_1B | shift=78 | layer=18 | mean r=-0.017
ACROSS-CIRC     nllb200_distilled_1B | shift=78 | layer=19 | mean r=-0.016
ACROSS-CIRC     nllb200_distilled_1B | shift=78 | layer=20 | mean r=-0.015
ACROSS-CIRC     nllb200_distilled_1B | shift=78 | layer=21 | mean r=-0.013
ACROSS-CIRC     nllb200_distilled_1B | shift=78 | layer=22 | mean r=-0.017
ACROSS-CIRC     nllb200_distilled_1B | shift=78 | layer=23 | mean r=-0.020
ACROSS-CIRC     nllb200_distilled_1B | shift=78 | layer=24 | mean r=-0.009

  >>> Circular shift = 104
ACROSS-CIRC     nllb200_distilled_1B | shift=104 | layer=0 | mean r=0.005
ACROSS-CIRC     nllb200_distilled_1B | shift=104 | layer=1 | mean r=0.020
ACROSS-CIRC     nllb200_distilled_1B | shift=104 | layer=2 | mean r=0.017
ACROSS-CIRC     nllb200_distilled_1B | shift=104 | layer=3 | mean r=0.021
ACROSS-CIRC     nllb200_distilled_1B | shift=104 | layer=4 | mean r=0.011
ACROSS-CIRC     nllb200_distilled_1B | shift=104 | layer=5 | mean r=0.006
ACROSS-CIRC     nllb200_distilled_1B | shift=104 | layer=6 | mean r=0.007
ACROSS-CIRC     nllb200_distilled_1B | shift=104 | layer=7 | mean r=0.013
ACROSS-CIRC     nllb200_distilled_1B | shift=104 | layer=8 | mean r=0.010
ACROSS-CIRC     nllb200_distilled_1B | shift=104 | layer=9 | mean r=0.011
ACROSS-CIRC     nllb200_distilled_1B | shift=104 | layer=10 | mean r=0.011
ACROSS-CIRC     nllb200_distilled_1B | shift=104 | layer=11 | mean r=0.014
ACROSS-CIRC     nllb200_distilled_1B | shift=104 | layer=12 | mean r=0.009
ACROSS-CIRC     nllb200_distilled_1B | shift=104 | layer=13 | mean r=0.008
ACROSS-CIRC     nllb200_distilled_1B | shift=104 | layer=14 | mean r=0.011
ACROSS-CIRC     nllb200_distilled_1B | shift=104 | layer=15 | mean r=0.002
ACROSS-CIRC     nllb200_distilled_1B | shift=104 | layer=16 | mean r=0.003
ACROSS-CIRC     nllb200_distilled_1B | shift=104 | layer=17 | mean r=0.002
ACROSS-CIRC     nllb200_distilled_1B | shift=104 | layer=18 | mean r=0.003
ACROSS-CIRC     nllb200_distilled_1B | shift=104 | layer=19 | mean r=0.001
ACROSS-CIRC     nllb200_distilled_1B | shift=104 | layer=20 | mean r=0.002
ACROSS-CIRC     nllb200_distilled_1B | shift=104 | layer=21 | mean r=0.002
ACROSS-CIRC     nllb200_distilled_1B | shift=104 | layer=22 | mean r=0.001
ACROSS-CIRC     nllb200_distilled_1B | shift=104 | layer=23 | mean r=0.002
ACROSS-CIRC     nllb200_distilled_1B | shift=104 | layer=24 | mean r=0.007


Processing Lang_LH_IFGorb (3/6)

  >>> Circular shift = 26
ACROSS-CIRC     nllb200_distilled_1B | shift=26 | layer=0 | mean r=-0.016
ACROSS-CIRC     nllb200_distilled_1B | shift=26 | layer=1 | mean r=-0.011
ACROSS-CIRC     nllb200_distilled_1B | shift=26 | layer=2 | mean r=-0.012
ACROSS-CIRC     nllb200_distilled_1B | shift=26 | layer=3 | mean r=-0.016
ACROSS-CIRC     nllb200_distilled_1B | shift=26 | layer=4 | mean r=-0.017
ACROSS-CIRC     nllb200_distilled_1B | shift=26 | layer=5 | mean r=-0.015
ACROSS-CIRC     nllb200_distilled_1B | shift=26 | layer=6 | mean r=-0.015
ACROSS-CIRC     nllb200_distilled_1B | shift=26 | layer=7 | mean r=-0.012
ACROSS-CIRC     nllb200_distilled_1B | shift=26 | layer=8 | mean r=-0.016
ACROSS-CIRC     nllb200_distilled_1B | shift=26 | layer=9 | mean r=-0.017
ACROSS-CIRC     nllb200_distilled_1B | shift=26 | layer=10 | mean r=-0.016
ACROSS-CIRC     nllb200_distilled_1B | shift=26 | layer=11 | mean r=-0.016
ACROSS-CIRC     nllb200_distilled_1B | shift=26 | layer=12 | mean r=-0.018
ACROSS-CIRC     nllb200_distilled_1B | shift=26 | layer=13 | mean r=-0.020
ACROSS-CIRC     nllb200_distilled_1B | shift=26 | layer=14 | mean r=-0.022
ACROSS-CIRC     nllb200_distilled_1B | shift=26 | layer=15 | mean r=-0.023
ACROSS-CIRC     nllb200_distilled_1B | shift=26 | layer=16 | mean r=-0.023
ACROSS-CIRC     nllb200_distilled_1B | shift=26 | layer=17 | mean r=-0.021
ACROSS-CIRC     nllb200_distilled_1B | shift=26 | layer=18 | mean r=-0.022
ACROSS-CIRC     nllb200_distilled_1B | shift=26 | layer=19 | mean r=-0.021
ACROSS-CIRC     nllb200_distilled_1B | shift=26 | layer=20 | mean r=-0.021
ACROSS-CIRC     nllb200_distilled_1B | shift=26 | layer=21 | mean r=-0.023
ACROSS-CIRC     nllb200_distilled_1B | shift=26 | layer=22 | mean r=-0.022
ACROSS-CIRC     nllb200_distilled_1B | shift=26 | layer=23 | mean r=-0.024
ACROSS-CIRC     nllb200_distilled_1B | shift=26 | layer=24 | mean r=-0.017

  >>> Circular shift = 52
ACROSS-CIRC     nllb200_distilled_1B | shift=52 | layer=0 | mean r=0.024
ACROSS-CIRC     nllb200_distilled_1B | shift=52 | layer=1 | mean r=0.006
ACROSS-CIRC     nllb200_distilled_1B | shift=52 | layer=2 | mean r=-0.008
ACROSS-CIRC     nllb200_distilled_1B | shift=52 | layer=3 | mean r=-0.012
ACROSS-CIRC     nllb200_distilled_1B | shift=52 | layer=4 | mean r=-0.012
ACROSS-CIRC     nllb200_distilled_1B | shift=52 | layer=5 | mean r=-0.009
ACROSS-CIRC     nllb200_distilled_1B | shift=52 | layer=6 | mean r=-0.001
ACROSS-CIRC     nllb200_distilled_1B | shift=52 | layer=7 | mean r=0.002
ACROSS-CIRC     nllb200_distilled_1B | shift=52 | layer=8 | mean r=0.001
ACROSS-CIRC     nllb200_distilled_1B | shift=52 | layer=9 | mean r=0.003
ACROSS-CIRC     nllb200_distilled_1B | shift=52 | layer=10 | mean r=0.006
ACROSS-CIRC     nllb200_distilled_1B | shift=52 | layer=11 | mean r=0.005
ACROSS-CIRC     nllb200_distilled_1B | shift=52 | layer=12 | mean r=0.004
ACROSS-CIRC     nllb200_distilled_1B | shift=52 | layer=13 | mean r=0.001
ACROSS-CIRC     nllb200_distilled_1B | shift=52 | layer=14 | mean r=-0.004
ACROSS-CIRC     nllb200_distilled_1B | shift=52 | layer=15 | mean r=-0.003
ACROSS-CIRC     nllb200_distilled_1B | shift=52 | layer=16 | mean r=-0.006
ACROSS-CIRC     nllb200_distilled_1B | shift=52 | layer=17 | mean r=-0.006
ACROSS-CIRC     nllb200_distilled_1B | shift=52 | layer=18 | mean r=-0.005
ACROSS-CIRC     nllb200_distilled_1B | shift=52 | layer=19 | mean r=-0.007
ACROSS-CIRC     nllb200_distilled_1B | shift=52 | layer=20 | mean r=-0.005
ACROSS-CIRC     nllb200_distilled_1B | shift=52 | layer=21 | mean r=-0.009
ACROSS-CIRC     nllb200_distilled_1B | shift=52 | layer=22 | mean r=-0.011
ACROSS-CIRC     nllb200_distilled_1B | shift=52 | layer=23 | mean r=-0.005
ACROSS-CIRC     nllb200_distilled_1B | shift=52 | layer=24 | mean r=-0.009

  >>> Circular shift = 78
ACROSS-CIRC     nllb200_distilled_1B | shift=78 | layer=0 | mean r=0.001
ACROSS-CIRC     nllb200_distilled_1B | shift=78 | layer=1 | mean r=0.007
ACROSS-CIRC     nllb200_distilled_1B | shift=78 | layer=2 | mean r=0.005
ACROSS-CIRC     nllb200_distilled_1B | shift=78 | layer=3 | mean r=0.006
ACROSS-CIRC     nllb200_distilled_1B | shift=78 | layer=4 | mean r=0.004
ACROSS-CIRC     nllb200_distilled_1B | shift=78 | layer=5 | mean r=0.007
ACROSS-CIRC     nllb200_distilled_1B | shift=78 | layer=6 | mean r=0.011
ACROSS-CIRC     nllb200_distilled_1B | shift=78 | layer=7 | mean r=0.006
ACROSS-CIRC     nllb200_distilled_1B | shift=78 | layer=8 | mean r=0.007
ACROSS-CIRC     nllb200_distilled_1B | shift=78 | layer=9 | mean r=0.006
ACROSS-CIRC     nllb200_distilled_1B | shift=78 | layer=10 | mean r=-0.001
ACROSS-CIRC     nllb200_distilled_1B | shift=78 | layer=11 | mean r=-0.003
ACROSS-CIRC     nllb200_distilled_1B | shift=78 | layer=12 | mean r=-0.012
ACROSS-CIRC     nllb200_distilled_1B | shift=78 | layer=13 | mean r=-0.010
ACROSS-CIRC     nllb200_distilled_1B | shift=78 | layer=14 | mean r=-0.006
ACROSS-CIRC     nllb200_distilled_1B | shift=78 | layer=15 | mean r=-0.009
ACROSS-CIRC     nllb200_distilled_1B | shift=78 | layer=16 | mean r=-0.008
ACROSS-CIRC     nllb200_distilled_1B | shift=78 | layer=17 | mean r=-0.009
ACROSS-CIRC     nllb200_distilled_1B | shift=78 | layer=18 | mean r=-0.006
ACROSS-CIRC     nllb200_distilled_1B | shift=78 | layer=19 | mean r=-0.006
ACROSS-CIRC     nllb200_distilled_1B | shift=78 | layer=20 | mean r=-0.003
ACROSS-CIRC     nllb200_distilled_1B | shift=78 | layer=21 | mean r=-0.003
ACROSS-CIRC     nllb200_distilled_1B | shift=78 | layer=22 | mean r=-0.006
ACROSS-CIRC     nllb200_distilled_1B | shift=78 | layer=23 | mean r=-0.005
ACROSS-CIRC     nllb200_distilled_1B | shift=78 | layer=24 | mean r=-0.006

  >>> Circular shift = 104
ACROSS-CIRC     nllb200_distilled_1B | shift=104 | layer=0 | mean r=0.000
ACROSS-CIRC     nllb200_distilled_1B | shift=104 | layer=1 | mean r=0.006
ACROSS-CIRC     nllb200_distilled_1B | shift=104 | layer=2 | mean r=0.011
ACROSS-CIRC     nllb200_distilled_1B | shift=104 | layer=3 | mean r=0.011
ACROSS-CIRC     nllb200_distilled_1B | shift=104 | layer=4 | mean r=0.006
ACROSS-CIRC     nllb200_distilled_1B | shift=104 | layer=5 | mean r=0.002
ACROSS-CIRC     nllb200_distilled_1B | shift=104 | layer=6 | mean r=0.000
ACROSS-CIRC     nllb200_distilled_1B | shift=104 | layer=7 | mean r=-0.000
ACROSS-CIRC     nllb200_distilled_1B | shift=104 | layer=8 | mean r=0.004
ACROSS-CIRC     nllb200_distilled_1B | shift=104 | layer=9 | mean r=0.010
ACROSS-CIRC     nllb200_distilled_1B | shift=104 | layer=10 | mean r=0.009
ACROSS-CIRC     nllb200_distilled_1B | shift=104 | layer=11 | mean r=0.009
ACROSS-CIRC     nllb200_distilled_1B | shift=104 | layer=12 | mean r=0.005
ACROSS-CIRC     nllb200_distilled_1B | shift=104 | layer=13 | mean r=0.006
ACROSS-CIRC     nllb200_distilled_1B | shift=104 | layer=14 | mean r=0.008
ACROSS-CIRC     nllb200_distilled_1B | shift=104 | layer=15 | mean r=0.006
ACROSS-CIRC     nllb200_distilled_1B | shift=104 | layer=16 | mean r=0.004
ACROSS-CIRC     nllb200_distilled_1B | shift=104 | layer=17 | mean r=0.005
ACROSS-CIRC     nllb200_distilled_1B | shift=104 | layer=18 | mean r=0.004
ACROSS-CIRC     nllb200_distilled_1B | shift=104 | layer=19 | mean r=0.004
ACROSS-CIRC     nllb200_distilled_1B | shift=104 | layer=20 | mean r=0.006
ACROSS-CIRC     nllb200_distilled_1B | shift=104 | layer=21 | mean r=0.005
ACROSS-CIRC     nllb200_distilled_1B | shift=104 | layer=22 | mean r=0.005
ACROSS-CIRC     nllb200_distilled_1B | shift=104 | layer=23 | mean r=0.004
ACROSS-CIRC     nllb200_distilled_1B | shift=104 | layer=24 | mean r=-0.002


Processing Lang_LH_MFG (4/6)

  >>> Circular shift = 26
ACROSS-CIRC     nllb200_distilled_1B | shift=26 | layer=0 | mean r=-0.021
ACROSS-CIRC     nllb200_distilled_1B | shift=26 | layer=1 | mean r=-0.020
ACROSS-CIRC     nllb200_distilled_1B | shift=26 | layer=2 | mean r=-0.011
ACROSS-CIRC     nllb200_distilled_1B | shift=26 | layer=3 | mean r=-0.014
ACROSS-CIRC     nllb200_distilled_1B | shift=26 | layer=4 | mean r=-0.013
ACROSS-CIRC     nllb200_distilled_1B | shift=26 | layer=5 | mean r=-0.008
ACROSS-CIRC     nllb200_distilled_1B | shift=26 | layer=6 | mean r=-0.005
ACROSS-CIRC     nllb200_distilled_1B | shift=26 | layer=7 | mean r=-0.009
ACROSS-CIRC     nllb200_distilled_1B | shift=26 | layer=8 | mean r=-0.001
ACROSS-CIRC     nllb200_distilled_1B | shift=26 | layer=9 | mean r=-0.003
ACROSS-CIRC     nllb200_distilled_1B | shift=26 | layer=10 | mean r=-0.009
ACROSS-CIRC     nllb200_distilled_1B | shift=26 | layer=11 | mean r=-0.016
ACROSS-CIRC     nllb200_distilled_1B | shift=26 | layer=12 | mean r=-0.017
ACROSS-CIRC     nllb200_distilled_1B | shift=26 | layer=13 | mean r=-0.012
ACROSS-CIRC     nllb200_distilled_1B | shift=26 | layer=14 | mean r=-0.008
ACROSS-CIRC     nllb200_distilled_1B | shift=26 | layer=15 | mean r=-0.008
ACROSS-CIRC     nllb200_distilled_1B | shift=26 | layer=16 | mean r=-0.010
ACROSS-CIRC     nllb200_distilled_1B | shift=26 | layer=17 | mean r=-0.010
ACROSS-CIRC     nllb200_distilled_1B | shift=26 | layer=18 | mean r=-0.024
ACROSS-CIRC     nllb200_distilled_1B | shift=26 | layer=19 | mean r=-0.021
ACROSS-CIRC     nllb200_distilled_1B | shift=26 | layer=20 | mean r=-0.020
ACROSS-CIRC     nllb200_distilled_1B | shift=26 | layer=21 | mean r=-0.019
ACROSS-CIRC     nllb200_distilled_1B | shift=26 | layer=22 | mean r=-0.023
ACROSS-CIRC     nllb200_distilled_1B | shift=26 | layer=23 | mean r=-0.030
ACROSS-CIRC     nllb200_distilled_1B | shift=26 | layer=24 | mean r=-0.016

  >>> Circular shift = 52
ACROSS-CIRC     nllb200_distilled_1B | shift=52 | layer=0 | mean r=0.023
ACROSS-CIRC     nllb200_distilled_1B | shift=52 | layer=1 | mean r=0.022
ACROSS-CIRC     nllb200_distilled_1B | shift=52 | layer=2 | mean r=-0.002
ACROSS-CIRC     nllb200_distilled_1B | shift=52 | layer=3 | mean r=-0.013
ACROSS-CIRC     nllb200_distilled_1B | shift=52 | layer=4 | mean r=-0.015
ACROSS-CIRC     nllb200_distilled_1B | shift=52 | layer=5 | mean r=-0.005
ACROSS-CIRC     nllb200_distilled_1B | shift=52 | layer=6 | mean r=-0.001
ACROSS-CIRC     nllb200_distilled_1B | shift=52 | layer=7 | mean r=0.006
ACROSS-CIRC     nllb200_distilled_1B | shift=52 | layer=8 | mean r=0.001
ACROSS-CIRC     nllb200_distilled_1B | shift=52 | layer=9 | mean r=-0.004
ACROSS-CIRC     nllb200_distilled_1B | shift=52 | layer=10 | mean r=-0.004
ACROSS-CIRC     nllb200_distilled_1B | shift=52 | layer=11 | mean r=-0.002
ACROSS-CIRC     nllb200_distilled_1B | shift=52 | layer=12 | mean r=0.002
ACROSS-CIRC     nllb200_distilled_1B | shift=52 | layer=13 | mean r=0.001
ACROSS-CIRC     nllb200_distilled_1B | shift=52 | layer=14 | mean r=-0.005
ACROSS-CIRC     nllb200_distilled_1B | shift=52 | layer=15 | mean r=-0.004
ACROSS-CIRC     nllb200_distilled_1B | shift=52 | layer=16 | mean r=-0.014
ACROSS-CIRC     nllb200_distilled_1B | shift=52 | layer=17 | mean r=-0.012
ACROSS-CIRC     nllb200_distilled_1B | shift=52 | layer=18 | mean r=-0.016
ACROSS-CIRC     nllb200_distilled_1B | shift=52 | layer=19 | mean r=-0.015
ACROSS-CIRC     nllb200_distilled_1B | shift=52 | layer=20 | mean r=-0.017
ACROSS-CIRC     nllb200_distilled_1B | shift=52 | layer=21 | mean r=-0.020
ACROSS-CIRC     nllb200_distilled_1B | shift=52 | layer=22 | mean r=-0.021
ACROSS-CIRC     nllb200_distilled_1B | shift=52 | layer=23 | mean r=-0.018
ACROSS-CIRC     nllb200_distilled_1B | shift=52 | layer=24 | mean r=-0.024

  >>> Circular shift = 78
ACROSS-CIRC     nllb200_distilled_1B | shift=78 | layer=0 | mean r=-0.018
ACROSS-CIRC     nllb200_distilled_1B | shift=78 | layer=1 | mean r=-0.021
ACROSS-CIRC     nllb200_distilled_1B | shift=78 | layer=2 | mean r=-0.018
ACROSS-CIRC     nllb200_distilled_1B | shift=78 | layer=3 | mean r=-0.015
ACROSS-CIRC     nllb200_distilled_1B | shift=78 | layer=4 | mean r=-0.015
ACROSS-CIRC     nllb200_distilled_1B | shift=78 | layer=5 | mean r=-0.023
ACROSS-CIRC     nllb200_distilled_1B | shift=78 | layer=6 | mean r=-0.019
ACROSS-CIRC     nllb200_distilled_1B | shift=78 | layer=7 | mean r=-0.012
ACROSS-CIRC     nllb200_distilled_1B | shift=78 | layer=8 | mean r=-0.020
ACROSS-CIRC     nllb200_distilled_1B | shift=78 | layer=9 | mean r=-0.013
ACROSS-CIRC     nllb200_distilled_1B | shift=78 | layer=10 | mean r=-0.016
ACROSS-CIRC     nllb200_distilled_1B | shift=78 | layer=11 | mean r=-0.022
ACROSS-CIRC     nllb200_distilled_1B | shift=78 | layer=12 | mean r=-0.027
ACROSS-CIRC     nllb200_distilled_1B | shift=78 | layer=13 | mean r=-0.027
ACROSS-CIRC     nllb200_distilled_1B | shift=78 | layer=14 | mean r=-0.031
ACROSS-CIRC     nllb200_distilled_1B | shift=78 | layer=15 | mean r=-0.031
ACROSS-CIRC     nllb200_distilled_1B | shift=78 | layer=16 | mean r=-0.026
ACROSS-CIRC     nllb200_distilled_1B | shift=78 | layer=17 | mean r=-0.028
ACROSS-CIRC     nllb200_distilled_1B | shift=78 | layer=18 | mean r=-0.029
ACROSS-CIRC     nllb200_distilled_1B | shift=78 | layer=19 | mean r=-0.027
ACROSS-CIRC     nllb200_distilled_1B | shift=78 | layer=20 | mean r=-0.025
ACROSS-CIRC     nllb200_distilled_1B | shift=78 | layer=21 | mean r=-0.025
ACROSS-CIRC     nllb200_distilled_1B | shift=78 | layer=22 | mean r=-0.027
ACROSS-CIRC     nllb200_distilled_1B | shift=78 | layer=23 | mean r=-0.023
ACROSS-CIRC     nllb200_distilled_1B | shift=78 | layer=24 | mean r=-0.014

  >>> Circular shift = 104
ACROSS-CIRC     nllb200_distilled_1B | shift=104 | layer=0 | mean r=0.011
ACROSS-CIRC     nllb200_distilled_1B | shift=104 | layer=1 | mean r=0.010
ACROSS-CIRC     nllb200_distilled_1B | shift=104 | layer=2 | mean r=0.005
ACROSS-CIRC     nllb200_distilled_1B | shift=104 | layer=3 | mean r=0.005
ACROSS-CIRC     nllb200_distilled_1B | shift=104 | layer=4 | mean r=0.000
ACROSS-CIRC     nllb200_distilled_1B | shift=104 | layer=5 | mean r=-0.003
ACROSS-CIRC     nllb200_distilled_1B | shift=104 | layer=6 | mean r=0.003
ACROSS-CIRC     nllb200_distilled_1B | shift=104 | layer=7 | mean r=0.004
ACROSS-CIRC     nllb200_distilled_1B | shift=104 | layer=8 | mean r=-0.000
ACROSS-CIRC     nllb200_distilled_1B | shift=104 | layer=9 | mean r=0.004
ACROSS-CIRC     nllb200_distilled_1B | shift=104 | layer=10 | mean r=0.001
ACROSS-CIRC     nllb200_distilled_1B | shift=104 | layer=11 | mean r=0.005
ACROSS-CIRC     nllb200_distilled_1B | shift=104 | layer=12 | mean r=0.004
ACROSS-CIRC     nllb200_distilled_1B | shift=104 | layer=13 | mean r=0.006
ACROSS-CIRC     nllb200_distilled_1B | shift=104 | layer=14 | mean r=0.012
ACROSS-CIRC     nllb200_distilled_1B | shift=104 | layer=15 | mean r=0.012
ACROSS-CIRC     nllb200_distilled_1B | shift=104 | layer=16 | mean r=0.013
ACROSS-CIRC     nllb200_distilled_1B | shift=104 | layer=17 | mean r=0.014
ACROSS-CIRC     nllb200_distilled_1B | shift=104 | layer=18 | mean r=0.013
ACROSS-CIRC     nllb200_distilled_1B | shift=104 | layer=19 | mean r=0.012
ACROSS-CIRC     nllb200_distilled_1B | shift=104 | layer=20 | mean r=0.010
ACROSS-CIRC     nllb200_distilled_1B | shift=104 | layer=21 | mean r=0.017
ACROSS-CIRC     nllb200_distilled_1B | shift=104 | layer=22 | mean r=0.009
ACROSS-CIRC     nllb200_distilled_1B | shift=104 | layer=23 | mean r=0.010
ACROSS-CIRC     nllb200_distilled_1B | shift=104 | layer=24 | mean r=0.009


Processing Lang_LH_PostTemp (5/6)

  >>> Circular shift = 26
ACROSS-CIRC     nllb200_distilled_1B | shift=26 | layer=0 | mean r=-0.011
ACROSS-CIRC     nllb200_distilled_1B | shift=26 | layer=1 | mean r=0.008
ACROSS-CIRC     nllb200_distilled_1B | shift=26 | layer=2 | mean r=0.018
ACROSS-CIRC     nllb200_distilled_1B | shift=26 | layer=3 | mean r=0.010
ACROSS-CIRC     nllb200_distilled_1B | shift=26 | layer=4 | mean r=0.012
ACROSS-CIRC     nllb200_distilled_1B | shift=26 | layer=5 | mean r=0.007
ACROSS-CIRC     nllb200_distilled_1B | shift=26 | layer=6 | mean r=0.008
ACROSS-CIRC     nllb200_distilled_1B | shift=26 | layer=7 | mean r=0.010
ACROSS-CIRC     nllb200_distilled_1B | shift=26 | layer=8 | mean r=0.005
ACROSS-CIRC     nllb200_distilled_1B | shift=26 | layer=9 | mean r=0.001
ACROSS-CIRC     nllb200_distilled_1B | shift=26 | layer=10 | mean r=-0.002
ACROSS-CIRC     nllb200_distilled_1B | shift=26 | layer=11 | mean r=-0.006
ACROSS-CIRC     nllb200_distilled_1B | shift=26 | layer=12 | mean r=-0.010
ACROSS-CIRC     nllb200_distilled_1B | shift=26 | layer=13 | mean r=-0.009
ACROSS-CIRC     nllb200_distilled_1B | shift=26 | layer=14 | mean r=-0.015
ACROSS-CIRC     nllb200_distilled_1B | shift=26 | layer=15 | mean r=-0.018
ACROSS-CIRC     nllb200_distilled_1B | shift=26 | layer=16 | mean r=-0.014
ACROSS-CIRC     nllb200_distilled_1B | shift=26 | layer=17 | mean r=-0.011
ACROSS-CIRC     nllb200_distilled_1B | shift=26 | layer=18 | mean r=-0.015
ACROSS-CIRC     nllb200_distilled_1B | shift=26 | layer=19 | mean r=-0.023
ACROSS-CIRC     nllb200_distilled_1B | shift=26 | layer=20 | mean r=-0.023
ACROSS-CIRC     nllb200_distilled_1B | shift=26 | layer=21 | mean r=-0.020
ACROSS-CIRC     nllb200_distilled_1B | shift=26 | layer=22 | mean r=-0.020
ACROSS-CIRC     nllb200_distilled_1B | shift=26 | layer=23 | mean r=-0.024
ACROSS-CIRC     nllb200_distilled_1B | shift=26 | layer=24 | mean r=-0.016

  >>> Circular shift = 52
ACROSS-CIRC     nllb200_distilled_1B | shift=52 | layer=0 | mean r=0.028
ACROSS-CIRC     nllb200_distilled_1B | shift=52 | layer=1 | mean r=0.012
ACROSS-CIRC     nllb200_distilled_1B | shift=52 | layer=2 | mean r=0.002
ACROSS-CIRC     nllb200_distilled_1B | shift=52 | layer=3 | mean r=0.003
ACROSS-CIRC     nllb200_distilled_1B | shift=52 | layer=4 | mean r=0.002
ACROSS-CIRC     nllb200_distilled_1B | shift=52 | layer=5 | mean r=0.001
ACROSS-CIRC     nllb200_distilled_1B | shift=52 | layer=6 | mean r=0.002
ACROSS-CIRC     nllb200_distilled_1B | shift=52 | layer=7 | mean r=0.001
ACROSS-CIRC     nllb200_distilled_1B | shift=52 | layer=8 | mean r=-0.009
ACROSS-CIRC     nllb200_distilled_1B | shift=52 | layer=9 | mean r=-0.010
ACROSS-CIRC     nllb200_distilled_1B | shift=52 | layer=10 | mean r=-0.010
ACROSS-CIRC     nllb200_distilled_1B | shift=52 | layer=11 | mean r=-0.009
ACROSS-CIRC     nllb200_distilled_1B | shift=52 | layer=12 | mean r=-0.013
ACROSS-CIRC     nllb200_distilled_1B | shift=52 | layer=13 | mean r=-0.018
ACROSS-CIRC     nllb200_distilled_1B | shift=52 | layer=14 | mean r=-0.018
ACROSS-CIRC     nllb200_distilled_1B | shift=52 | layer=15 | mean r=-0.016
ACROSS-CIRC     nllb200_distilled_1B | shift=52 | layer=16 | mean r=-0.016
ACROSS-CIRC     nllb200_distilled_1B | shift=52 | layer=17 | mean r=-0.024
ACROSS-CIRC     nllb200_distilled_1B | shift=52 | layer=18 | mean r=-0.027
ACROSS-CIRC     nllb200_distilled_1B | shift=52 | layer=19 | mean r=-0.025
ACROSS-CIRC     nllb200_distilled_1B | shift=52 | layer=20 | mean r=-0.023
ACROSS-CIRC     nllb200_distilled_1B | shift=52 | layer=21 | mean r=-0.024
ACROSS-CIRC     nllb200_distilled_1B | shift=52 | layer=22 | mean r=-0.025
ACROSS-CIRC     nllb200_distilled_1B | shift=52 | layer=23 | mean r=-0.026
ACROSS-CIRC     nllb200_distilled_1B | shift=52 | layer=24 | mean r=-0.036

  >>> Circular shift = 78
ACROSS-CIRC     nllb200_distilled_1B | shift=78 | layer=0 | mean r=-0.020
ACROSS-CIRC     nllb200_distilled_1B | shift=78 | layer=1 | mean r=0.000
ACROSS-CIRC     nllb200_distilled_1B | shift=78 | layer=2 | mean r=0.012
ACROSS-CIRC     nllb200_distilled_1B | shift=78 | layer=3 | mean r=0.008
ACROSS-CIRC     nllb200_distilled_1B | shift=78 | layer=4 | mean r=0.002
ACROSS-CIRC     nllb200_distilled_1B | shift=78 | layer=5 | mean r=-0.000
ACROSS-CIRC     nllb200_distilled_1B | shift=78 | layer=6 | mean r=0.005
ACROSS-CIRC     nllb200_distilled_1B | shift=78 | layer=7 | mean r=0.003
ACROSS-CIRC     nllb200_distilled_1B | shift=78 | layer=8 | mean r=0.005
ACROSS-CIRC     nllb200_distilled_1B | shift=78 | layer=9 | mean r=-0.007
ACROSS-CIRC     nllb200_distilled_1B | shift=78 | layer=10 | mean r=-0.016
ACROSS-CIRC     nllb200_distilled_1B | shift=78 | layer=11 | mean r=-0.017
ACROSS-CIRC     nllb200_distilled_1B | shift=78 | layer=12 | mean r=-0.026
ACROSS-CIRC     nllb200_distilled_1B | shift=78 | layer=13 | mean r=-0.027
ACROSS-CIRC     nllb200_distilled_1B | shift=78 | layer=14 | mean r=-0.022
ACROSS-CIRC     nllb200_distilled_1B | shift=78 | layer=15 | mean r=-0.021
ACROSS-CIRC     nllb200_distilled_1B | shift=78 | layer=16 | mean r=-0.016
ACROSS-CIRC     nllb200_distilled_1B | shift=78 | layer=17 | mean r=-0.016
ACROSS-CIRC     nllb200_distilled_1B | shift=78 | layer=18 | mean r=-0.012
ACROSS-CIRC     nllb200_distilled_1B | shift=78 | layer=19 | mean r=-0.013
ACROSS-CIRC     nllb200_distilled_1B | shift=78 | layer=20 | mean r=-0.007
ACROSS-CIRC     nllb200_distilled_1B | shift=78 | layer=21 | mean r=-0.006
ACROSS-CIRC     nllb200_distilled_1B | shift=78 | layer=22 | mean r=-0.009
ACROSS-CIRC     nllb200_distilled_1B | shift=78 | layer=23 | mean r=-0.011
ACROSS-CIRC     nllb200_distilled_1B | shift=78 | layer=24 | mean r=-0.018

  >>> Circular shift = 104
ACROSS-CIRC     nllb200_distilled_1B | shift=104 | layer=0 | mean r=0.020
ACROSS-CIRC     nllb200_distilled_1B | shift=104 | layer=1 | mean r=0.026
ACROSS-CIRC     nllb200_distilled_1B | shift=104 | layer=2 | mean r=0.018
ACROSS-CIRC     nllb200_distilled_1B | shift=104 | layer=3 | mean r=0.011
ACROSS-CIRC     nllb200_distilled_1B | shift=104 | layer=4 | mean r=0.006
ACROSS-CIRC     nllb200_distilled_1B | shift=104 | layer=5 | mean r=0.005
ACROSS-CIRC     nllb200_distilled_1B | shift=104 | layer=6 | mean r=0.007
ACROSS-CIRC     nllb200_distilled_1B | shift=104 | layer=7 | mean r=0.013
ACROSS-CIRC     nllb200_distilled_1B | shift=104 | layer=8 | mean r=0.017
ACROSS-CIRC     nllb200_distilled_1B | shift=104 | layer=9 | mean r=0.023
ACROSS-CIRC     nllb200_distilled_1B | shift=104 | layer=10 | mean r=0.024
ACROSS-CIRC     nllb200_distilled_1B | shift=104 | layer=11 | mean r=0.021
ACROSS-CIRC     nllb200_distilled_1B | shift=104 | layer=12 | mean r=0.022
ACROSS-CIRC     nllb200_distilled_1B | shift=104 | layer=13 | mean r=0.020
ACROSS-CIRC     nllb200_distilled_1B | shift=104 | layer=14 | mean r=0.020
ACROSS-CIRC     nllb200_distilled_1B | shift=104 | layer=15 | mean r=0.018
ACROSS-CIRC     nllb200_distilled_1B | shift=104 | layer=16 | mean r=0.016
ACROSS-CIRC     nllb200_distilled_1B | shift=104 | layer=17 | mean r=0.017
ACROSS-CIRC     nllb200_distilled_1B | shift=104 | layer=18 | mean r=0.013
ACROSS-CIRC     nllb200_distilled_1B | shift=104 | layer=19 | mean r=0.011
ACROSS-CIRC     nllb200_distilled_1B | shift=104 | layer=20 | mean r=0.012
ACROSS-CIRC     nllb200_distilled_1B | shift=104 | layer=21 | mean r=0.011
ACROSS-CIRC     nllb200_distilled_1B | shift=104 | layer=22 | mean r=0.011
ACROSS-CIRC     nllb200_distilled_1B | shift=104 | layer=23 | mean r=0.009
ACROSS-CIRC     nllb200_distilled_1B | shift=104 | layer=24 | mean r=0.010


Processing all (6/6)

  >>> Circular shift = 26
ACROSS-CIRC     nllb200_distilled_1B | shift=26 | layer=0 | mean r=-0.020
ACROSS-CIRC     nllb200_distilled_1B | shift=26 | layer=1 | mean r=-0.013
ACROSS-CIRC     nllb200_distilled_1B | shift=26 | layer=2 | mean r=-0.015
ACROSS-CIRC     nllb200_distilled_1B | shift=26 | layer=3 | mean r=-0.024
ACROSS-CIRC     nllb200_distilled_1B | shift=26 | layer=4 | mean r=-0.018
ACROSS-CIRC     nllb200_distilled_1B | shift=26 | layer=5 | mean r=-0.012
ACROSS-CIRC     nllb200_distilled_1B | shift=26 | layer=6 | mean r=-0.008
ACROSS-CIRC     nllb200_distilled_1B | shift=26 | layer=7 | mean r=-0.006
ACROSS-CIRC     nllb200_distilled_1B | shift=26 | layer=8 | mean r=-0.005
ACROSS-CIRC     nllb200_distilled_1B | shift=26 | layer=9 | mean r=-0.007
ACROSS-CIRC     nllb200_distilled_1B | shift=26 | layer=10 | mean r=-0.014
ACROSS-CIRC     nllb200_distilled_1B | shift=26 | layer=11 | mean r=-0.016
ACROSS-CIRC     nllb200_distilled_1B | shift=26 | layer=12 | mean r=-0.022
ACROSS-CIRC     nllb200_distilled_1B | shift=26 | layer=13 | mean r=-0.015
ACROSS-CIRC     nllb200_distilled_1B | shift=26 | layer=14 | mean r=-0.019
ACROSS-CIRC     nllb200_distilled_1B | shift=26 | layer=15 | mean r=-0.021
ACROSS-CIRC     nllb200_distilled_1B | shift=26 | layer=16 | mean r=-0.022
ACROSS-CIRC     nllb200_distilled_1B | shift=26 | layer=17 | mean r=-0.018
ACROSS-CIRC     nllb200_distilled_1B | shift=26 | layer=18 | mean r=-0.026
ACROSS-CIRC     nllb200_distilled_1B | shift=26 | layer=19 | mean r=-0.025
ACROSS-CIRC     nllb200_distilled_1B | shift=26 | layer=20 | mean r=-0.025
ACROSS-CIRC     nllb200_distilled_1B | shift=26 | layer=21 | mean r=-0.021
ACROSS-CIRC     nllb200_distilled_1B | shift=26 | layer=22 | mean r=-0.022
ACROSS-CIRC     nllb200_distilled_1B | shift=26 | layer=23 | mean r=-0.026
ACROSS-CIRC     nllb200_distilled_1B | shift=26 | layer=24 | mean r=-0.019

  >>> Circular shift = 52
ACROSS-CIRC     nllb200_distilled_1B | shift=52 | layer=0 | mean r=0.023
ACROSS-CIRC     nllb200_distilled_1B | shift=52 | layer=1 | mean r=0.021
ACROSS-CIRC     nllb200_distilled_1B | shift=52 | layer=2 | mean r=0.008
ACROSS-CIRC     nllb200_distilled_1B | shift=52 | layer=3 | mean r=-0.000
ACROSS-CIRC     nllb200_distilled_1B | shift=52 | layer=4 | mean r=0.001
ACROSS-CIRC     nllb200_distilled_1B | shift=52 | layer=5 | mean r=0.008
ACROSS-CIRC     nllb200_distilled_1B | shift=52 | layer=6 | mean r=0.008
ACROSS-CIRC     nllb200_distilled_1B | shift=52 | layer=7 | mean r=0.009
ACROSS-CIRC     nllb200_distilled_1B | shift=52 | layer=8 | mean r=0.003
ACROSS-CIRC     nllb200_distilled_1B | shift=52 | layer=9 | mean r=0.005
ACROSS-CIRC     nllb200_distilled_1B | shift=52 | layer=10 | mean r=0.008
ACROSS-CIRC     nllb200_distilled_1B | shift=52 | layer=11 | mean r=0.009
ACROSS-CIRC     nllb200_distilled_1B | shift=52 | layer=12 | mean r=-0.000
ACROSS-CIRC     nllb200_distilled_1B | shift=52 | layer=13 | mean r=-0.001
ACROSS-CIRC     nllb200_distilled_1B | shift=52 | layer=14 | mean r=-0.004
ACROSS-CIRC     nllb200_distilled_1B | shift=52 | layer=15 | mean r=-0.004
ACROSS-CIRC     nllb200_distilled_1B | shift=52 | layer=16 | mean r=-0.010
ACROSS-CIRC     nllb200_distilled_1B | shift=52 | layer=17 | mean r=-0.016
ACROSS-CIRC     nllb200_distilled_1B | shift=52 | layer=18 | mean r=-0.016
ACROSS-CIRC     nllb200_distilled_1B | shift=52 | layer=19 | mean r=-0.016
ACROSS-CIRC     nllb200_distilled_1B | shift=52 | layer=20 | mean r=-0.014
ACROSS-CIRC     nllb200_distilled_1B | shift=52 | layer=21 | mean r=-0.019
ACROSS-CIRC     nllb200_distilled_1B | shift=52 | layer=22 | mean r=-0.017
ACROSS-CIRC     nllb200_distilled_1B | shift=52 | layer=23 | mean r=-0.017
ACROSS-CIRC     nllb200_distilled_1B | shift=52 | layer=24 | mean r=-0.031

  >>> Circular shift = 78
ACROSS-CIRC     nllb200_distilled_1B | shift=78 | layer=0 | mean r=-0.024
ACROSS-CIRC     nllb200_distilled_1B | shift=78 | layer=1 | mean r=-0.003
ACROSS-CIRC     nllb200_distilled_1B | shift=78 | layer=2 | mean r=0.009
ACROSS-CIRC     nllb200_distilled_1B | shift=78 | layer=3 | mean r=0.009
ACROSS-CIRC     nllb200_distilled_1B | shift=78 | layer=4 | mean r=0.007
ACROSS-CIRC     nllb200_distilled_1B | shift=78 | layer=5 | mean r=0.006
ACROSS-CIRC     nllb200_distilled_1B | shift=78 | layer=6 | mean r=0.007
ACROSS-CIRC     nllb200_distilled_1B | shift=78 | layer=7 | mean r=0.004
ACROSS-CIRC     nllb200_distilled_1B | shift=78 | layer=8 | mean r=0.003
ACROSS-CIRC     nllb200_distilled_1B | shift=78 | layer=9 | mean r=-0.005
ACROSS-CIRC     nllb200_distilled_1B | shift=78 | layer=10 | mean r=-0.009
ACROSS-CIRC     nllb200_distilled_1B | shift=78 | layer=11 | mean r=-0.016
ACROSS-CIRC     nllb200_distilled_1B | shift=78 | layer=12 | mean r=-0.022
ACROSS-CIRC     nllb200_distilled_1B | shift=78 | layer=13 | mean r=-0.024
ACROSS-CIRC     nllb200_distilled_1B | shift=78 | layer=14 | mean r=-0.019
ACROSS-CIRC     nllb200_distilled_1B | shift=78 | layer=15 | mean r=-0.015
ACROSS-CIRC     nllb200_distilled_1B | shift=78 | layer=16 | mean r=-0.011
ACROSS-CIRC     nllb200_distilled_1B | shift=78 | layer=17 | mean r=-0.011
ACROSS-CIRC     nllb200_distilled_1B | shift=78 | layer=18 | mean r=-0.009
ACROSS-CIRC     nllb200_distilled_1B | shift=78 | layer=19 | mean r=-0.008
ACROSS-CIRC     nllb200_distilled_1B | shift=78 | layer=20 | mean r=-0.008
ACROSS-CIRC     nllb200_distilled_1B | shift=78 | layer=21 | mean r=-0.008
ACROSS-CIRC     nllb200_distilled_1B | shift=78 | layer=22 | mean r=-0.013
ACROSS-CIRC     nllb200_distilled_1B | shift=78 | layer=23 | mean r=-0.017
ACROSS-CIRC     nllb200_distilled_1B | shift=78 | layer=24 | mean r=-0.015

  >>> Circular shift = 104
ACROSS-CIRC     nllb200_distilled_1B | shift=104 | layer=0 | mean r=0.017
ACROSS-CIRC     nllb200_distilled_1B | shift=104 | layer=1 | mean r=0.014
ACROSS-CIRC     nllb200_distilled_1B | shift=104 | layer=2 | mean r=0.017
ACROSS-CIRC     nllb200_distilled_1B | shift=104 | layer=3 | mean r=0.018
ACROSS-CIRC     nllb200_distilled_1B | shift=104 | layer=4 | mean r=0.008
ACROSS-CIRC     nllb200_distilled_1B | shift=104 | layer=5 | mean r=0.010
ACROSS-CIRC     nllb200_distilled_1B | shift=104 | layer=6 | mean r=0.011
ACROSS-CIRC     nllb200_distilled_1B | shift=104 | layer=7 | mean r=0.011
ACROSS-CIRC     nllb200_distilled_1B | shift=104 | layer=8 | mean r=0.014
ACROSS-CIRC     nllb200_distilled_1B | shift=104 | layer=9 | mean r=0.014
ACROSS-CIRC     nllb200_distilled_1B | shift=104 | layer=10 | mean r=0.012
ACROSS-CIRC     nllb200_distilled_1B | shift=104 | layer=11 | mean r=0.012
ACROSS-CIRC     nllb200_distilled_1B | shift=104 | layer=12 | mean r=0.012
ACROSS-CIRC     nllb200_distilled_1B | shift=104 | layer=13 | mean r=0.011
ACROSS-CIRC     nllb200_distilled_1B | shift=104 | layer=14 | mean r=0.013
ACROSS-CIRC     nllb200_distilled_1B | shift=104 | layer=15 | mean r=0.012
ACROSS-CIRC     nllb200_distilled_1B | shift=104 | layer=16 | mean r=0.010
ACROSS-CIRC     nllb200_distilled_1B | shift=104 | layer=17 | mean r=0.011
ACROSS-CIRC     nllb200_distilled_1B | shift=104 | layer=18 | mean r=0.002
ACROSS-CIRC     nllb200_distilled_1B | shift=104 | layer=19 | mean r=0.005
ACROSS-CIRC     nllb200_distilled_1B | shift=104 | layer=20 | mean r=0.004
ACROSS-CIRC     nllb200_distilled_1B | shift=104 | layer=21 | mean r=0.005
ACROSS-CIRC     nllb200_distilled_1B | shift=104 | layer=22 | mean r=0.003
ACROSS-CIRC     nllb200_distilled_1B | shift=104 | layer=23 | mean r=0.007
ACROSS-CIRC     nllb200_distilled_1B | shift=104 | layer=24 | mean r=0.001


Processing Lang_LH_AntTemp (1/6)

  >>> Circular shift = 26
ACROSS-CIRC     nllb200_1B | shift=26 | layer=0 | mean r=-0.011
ACROSS-CIRC     nllb200_1B | shift=26 | layer=1 | mean r=0.013
ACROSS-CIRC     nllb200_1B | shift=26 | layer=2 | mean r=0.008
ACROSS-CIRC     nllb200_1B | shift=26 | layer=3 | mean r=-0.005
ACROSS-CIRC     nllb200_1B | shift=26 | layer=4 | mean r=-0.008
ACROSS-CIRC     nllb200_1B | shift=26 | layer=5 | mean r=-0.004
ACROSS-CIRC     nllb200_1B | shift=26 | layer=6 | mean r=0.002
ACROSS-CIRC     nllb200_1B | shift=26 | layer=7 | mean r=0.004
ACROSS-CIRC     nllb200_1B | shift=26 | layer=8 | mean r=0.012
ACROSS-CIRC     nllb200_1B | shift=26 | layer=9 | mean r=0.014
ACROSS-CIRC     nllb200_1B | shift=26 | layer=10 | mean r=0.013
ACROSS-CIRC     nllb200_1B | shift=26 | layer=11 | mean r=0.004
ACROSS-CIRC     nllb200_1B | shift=26 | layer=12 | mean r=-0.004
ACROSS-CIRC     nllb200_1B | shift=26 | layer=13 | mean r=-0.005
ACROSS-CIRC     nllb200_1B | shift=26 | layer=14 | mean r=-0.004
ACROSS-CIRC     nllb200_1B | shift=26 | layer=15 | mean r=-0.005
ACROSS-CIRC     nllb200_1B | shift=26 | layer=16 | mean r=-0.008
ACROSS-CIRC     nllb200_1B | shift=26 | layer=17 | mean r=-0.010
ACROSS-CIRC     nllb200_1B | shift=26 | layer=18 | mean r=-0.013
ACROSS-CIRC     nllb200_1B | shift=26 | layer=19 | mean r=-0.011
ACROSS-CIRC     nllb200_1B | shift=26 | layer=20 | mean r=-0.012
ACROSS-CIRC     nllb200_1B | shift=26 | layer=21 | mean r=-0.012
ACROSS-CIRC     nllb200_1B | shift=26 | layer=22 | mean r=-0.012
ACROSS-CIRC     nllb200_1B | shift=26 | layer=23 | mean r=-0.013
ACROSS-CIRC     nllb200_1B | shift=26 | layer=24 | mean r=-0.009

  >>> Circular shift = 52
ACROSS-CIRC     nllb200_1B | shift=52 | layer=0 | mean r=0.029
ACROSS-CIRC     nllb200_1B | shift=52 | layer=1 | mean r=0.015
ACROSS-CIRC     nllb200_1B | shift=52 | layer=2 | mean r=0.014
ACROSS-CIRC     nllb200_1B | shift=52 | layer=3 | mean r=0.013
ACROSS-CIRC     nllb200_1B | shift=52 | layer=4 | mean r=0.014
ACROSS-CIRC     nllb200_1B | shift=52 | layer=5 | mean r=0.013
ACROSS-CIRC     nllb200_1B | shift=52 | layer=6 | mean r=0.017
ACROSS-CIRC     nllb200_1B | shift=52 | layer=7 | mean r=0.018
ACROSS-CIRC     nllb200_1B | shift=52 | layer=8 | mean r=0.015
ACROSS-CIRC     nllb200_1B | shift=52 | layer=9 | mean r=0.017
ACROSS-CIRC     nllb200_1B | shift=52 | layer=10 | mean r=0.019
ACROSS-CIRC     nllb200_1B | shift=52 | layer=11 | mean r=0.024
ACROSS-CIRC     nllb200_1B | shift=52 | layer=12 | mean r=0.030
ACROSS-CIRC     nllb200_1B | shift=52 | layer=13 | mean r=0.032
ACROSS-CIRC     nllb200_1B | shift=52 | layer=14 | mean r=0.031
ACROSS-CIRC     nllb200_1B | shift=52 | layer=15 | mean r=0.031
ACROSS-CIRC     nllb200_1B | shift=52 | layer=16 | mean r=0.029
ACROSS-CIRC     nllb200_1B | shift=52 | layer=17 | mean r=0.027
ACROSS-CIRC     nllb200_1B | shift=52 | layer=18 | mean r=0.030
ACROSS-CIRC     nllb200_1B | shift=52 | layer=19 | mean r=0.028
ACROSS-CIRC     nllb200_1B | shift=52 | layer=20 | mean r=0.029
ACROSS-CIRC     nllb200_1B | shift=52 | layer=21 | mean r=0.029
ACROSS-CIRC     nllb200_1B | shift=52 | layer=22 | mean r=0.028
ACROSS-CIRC     nllb200_1B | shift=52 | layer=23 | mean r=0.028
ACROSS-CIRC     nllb200_1B | shift=52 | layer=24 | mean r=0.021

  >>> Circular shift = 78
ACROSS-CIRC     nllb200_1B | shift=78 | layer=0 | mean r=0.006
ACROSS-CIRC     nllb200_1B | shift=78 | layer=1 | mean r=0.004
ACROSS-CIRC     nllb200_1B | shift=78 | layer=2 | mean r=0.012
ACROSS-CIRC     nllb200_1B | shift=78 | layer=3 | mean r=0.009
ACROSS-CIRC     nllb200_1B | shift=78 | layer=4 | mean r=-0.000
ACROSS-CIRC     nllb200_1B | shift=78 | layer=5 | mean r=-0.012
ACROSS-CIRC     nllb200_1B | shift=78 | layer=6 | mean r=-0.010
ACROSS-CIRC     nllb200_1B | shift=78 | layer=7 | mean r=-0.014
ACROSS-CIRC     nllb200_1B | shift=78 | layer=8 | mean r=-0.022
ACROSS-CIRC     nllb200_1B | shift=78 | layer=9 | mean r=-0.027
ACROSS-CIRC     nllb200_1B | shift=78 | layer=10 | mean r=-0.028
ACROSS-CIRC     nllb200_1B | shift=78 | layer=11 | mean r=-0.027
ACROSS-CIRC     nllb200_1B | shift=78 | layer=12 | mean r=-0.023
ACROSS-CIRC     nllb200_1B | shift=78 | layer=13 | mean r=-0.023
ACROSS-CIRC     nllb200_1B | shift=78 | layer=14 | mean r=-0.025
ACROSS-CIRC     nllb200_1B | shift=78 | layer=15 | mean r=-0.021
ACROSS-CIRC     nllb200_1B | shift=78 | layer=16 | mean r=-0.016
ACROSS-CIRC     nllb200_1B | shift=78 | layer=17 | mean r=-0.017
ACROSS-CIRC     nllb200_1B | shift=78 | layer=18 | mean r=-0.015
ACROSS-CIRC     nllb200_1B | shift=78 | layer=19 | mean r=-0.016
ACROSS-CIRC     nllb200_1B | shift=78 | layer=20 | mean r=-0.015
ACROSS-CIRC     nllb200_1B | shift=78 | layer=21 | mean r=-0.012
ACROSS-CIRC     nllb200_1B | shift=78 | layer=22 | mean r=-0.010
ACROSS-CIRC     nllb200_1B | shift=78 | layer=23 | mean r=-0.009
ACROSS-CIRC     nllb200_1B | shift=78 | layer=24 | mean r=-0.012

  >>> Circular shift = 104
ACROSS-CIRC     nllb200_1B | shift=104 | layer=0 | mean r=0.001
ACROSS-CIRC     nllb200_1B | shift=104 | layer=1 | mean r=-0.004
ACROSS-CIRC     nllb200_1B | shift=104 | layer=2 | mean r=0.000
ACROSS-CIRC     nllb200_1B | shift=104 | layer=3 | mean r=0.004
ACROSS-CIRC     nllb200_1B | shift=104 | layer=4 | mean r=0.005
ACROSS-CIRC     nllb200_1B | shift=104 | layer=5 | mean r=0.007
ACROSS-CIRC     nllb200_1B | shift=104 | layer=6 | mean r=0.008
ACROSS-CIRC     nllb200_1B | shift=104 | layer=7 | mean r=0.006
ACROSS-CIRC     nllb200_1B | shift=104 | layer=8 | mean r=0.004
ACROSS-CIRC     nllb200_1B | shift=104 | layer=9 | mean r=0.005
ACROSS-CIRC     nllb200_1B | shift=104 | layer=10 | mean r=0.007
ACROSS-CIRC     nllb200_1B | shift=104 | layer=11 | mean r=0.009
ACROSS-CIRC     nllb200_1B | shift=104 | layer=12 | mean r=0.008
ACROSS-CIRC     nllb200_1B | shift=104 | layer=13 | mean r=0.010
ACROSS-CIRC     nllb200_1B | shift=104 | layer=14 | mean r=0.007
ACROSS-CIRC     nllb200_1B | shift=104 | layer=15 | mean r=0.005
ACROSS-CIRC     nllb200_1B | shift=104 | layer=16 | mean r=-0.000
ACROSS-CIRC     nllb200_1B | shift=104 | layer=17 | mean r=0.000
ACROSS-CIRC     nllb200_1B | shift=104 | layer=18 | mean r=0.001
ACROSS-CIRC     nllb200_1B | shift=104 | layer=19 | mean r=-0.003
ACROSS-CIRC     nllb200_1B | shift=104 | layer=20 | mean r=-0.005
ACROSS-CIRC     nllb200_1B | shift=104 | layer=21 | mean r=-0.003
ACROSS-CIRC     nllb200_1B | shift=104 | layer=22 | mean r=-0.003
ACROSS-CIRC     nllb200_1B | shift=104 | layer=23 | mean r=-0.001
ACROSS-CIRC     nllb200_1B | shift=104 | layer=24 | mean r=-0.010


Processing Lang_LH_IFG (2/6)

  >>> Circular shift = 26
ACROSS-CIRC     nllb200_1B | shift=26 | layer=0 | mean r=-0.033
ACROSS-CIRC     nllb200_1B | shift=26 | layer=1 | mean r=-0.016
ACROSS-CIRC     nllb200_1B | shift=26 | layer=2 | mean r=-0.018
ACROSS-CIRC     nllb200_1B | shift=26 | layer=3 | mean r=-0.025
ACROSS-CIRC     nllb200_1B | shift=26 | layer=4 | mean r=-0.036
ACROSS-CIRC     nllb200_1B | shift=26 | layer=5 | mean r=-0.027
ACROSS-CIRC     nllb200_1B | shift=26 | layer=6 | mean r=-0.028
ACROSS-CIRC     nllb200_1B | shift=26 | layer=7 | mean r=-0.014
ACROSS-CIRC     nllb200_1B | shift=26 | layer=8 | mean r=-0.010
ACROSS-CIRC     nllb200_1B | shift=26 | layer=9 | mean r=-0.009
ACROSS-CIRC     nllb200_1B | shift=26 | layer=10 | mean r=-0.010
ACROSS-CIRC     nllb200_1B | shift=26 | layer=11 | mean r=-0.011
ACROSS-CIRC     nllb200_1B | shift=26 | layer=12 | mean r=-0.009
ACROSS-CIRC     nllb200_1B | shift=26 | layer=13 | mean r=-0.011
ACROSS-CIRC     nllb200_1B | shift=26 | layer=14 | mean r=-0.013
ACROSS-CIRC     nllb200_1B | shift=26 | layer=15 | mean r=-0.014
ACROSS-CIRC     nllb200_1B | shift=26 | layer=16 | mean r=-0.014
ACROSS-CIRC     nllb200_1B | shift=26 | layer=17 | mean r=-0.015
ACROSS-CIRC     nllb200_1B | shift=26 | layer=18 | mean r=-0.015
ACROSS-CIRC     nllb200_1B | shift=26 | layer=19 | mean r=-0.015
ACROSS-CIRC     nllb200_1B | shift=26 | layer=20 | mean r=-0.014
ACROSS-CIRC     nllb200_1B | shift=26 | layer=21 | mean r=-0.015
ACROSS-CIRC     nllb200_1B | shift=26 | layer=22 | mean r=-0.015
ACROSS-CIRC     nllb200_1B | shift=26 | layer=23 | mean r=-0.011
ACROSS-CIRC     nllb200_1B | shift=26 | layer=24 | mean r=-0.015

  >>> Circular shift = 52
ACROSS-CIRC     nllb200_1B | shift=52 | layer=0 | mean r=0.021
ACROSS-CIRC     nllb200_1B | shift=52 | layer=1 | mean r=0.004
ACROSS-CIRC     nllb200_1B | shift=52 | layer=2 | mean r=0.005
ACROSS-CIRC     nllb200_1B | shift=52 | layer=3 | mean r=0.005
ACROSS-CIRC     nllb200_1B | shift=52 | layer=4 | mean r=0.015
ACROSS-CIRC     nllb200_1B | shift=52 | layer=5 | mean r=0.019
ACROSS-CIRC     nllb200_1B | shift=52 | layer=6 | mean r=0.016
ACROSS-CIRC     nllb200_1B | shift=52 | layer=7 | mean r=0.013
ACROSS-CIRC     nllb200_1B | shift=52 | layer=8 | mean r=0.009
ACROSS-CIRC     nllb200_1B | shift=52 | layer=9 | mean r=0.004
ACROSS-CIRC     nllb200_1B | shift=52 | layer=10 | mean r=0.006
ACROSS-CIRC     nllb200_1B | shift=52 | layer=11 | mean r=0.007
ACROSS-CIRC     nllb200_1B | shift=52 | layer=12 | mean r=0.010
ACROSS-CIRC     nllb200_1B | shift=52 | layer=13 | mean r=0.009
ACROSS-CIRC     nllb200_1B | shift=52 | layer=14 | mean r=0.010
ACROSS-CIRC     nllb200_1B | shift=52 | layer=15 | mean r=0.012
ACROSS-CIRC     nllb200_1B | shift=52 | layer=16 | mean r=0.019
ACROSS-CIRC     nllb200_1B | shift=52 | layer=17 | mean r=0.015
ACROSS-CIRC     nllb200_1B | shift=52 | layer=18 | mean r=0.010
ACROSS-CIRC     nllb200_1B | shift=52 | layer=19 | mean r=0.009
ACROSS-CIRC     nllb200_1B | shift=52 | layer=20 | mean r=0.007
ACROSS-CIRC     nllb200_1B | shift=52 | layer=21 | mean r=0.008
ACROSS-CIRC     nllb200_1B | shift=52 | layer=22 | mean r=0.009
ACROSS-CIRC     nllb200_1B | shift=52 | layer=23 | mean r=0.005
ACROSS-CIRC     nllb200_1B | shift=52 | layer=24 | mean r=0.004

  >>> Circular shift = 78
ACROSS-CIRC     nllb200_1B | shift=78 | layer=0 | mean r=0.002
ACROSS-CIRC     nllb200_1B | shift=78 | layer=1 | mean r=0.033
ACROSS-CIRC     nllb200_1B | shift=78 | layer=2 | mean r=0.049
ACROSS-CIRC     nllb200_1B | shift=78 | layer=3 | mean r=0.043
ACROSS-CIRC     nllb200_1B | shift=78 | layer=4 | mean r=0.025
ACROSS-CIRC     nllb200_1B | shift=78 | layer=5 | mean r=0.012
ACROSS-CIRC     nllb200_1B | shift=78 | layer=6 | mean r=0.004
ACROSS-CIRC     nllb200_1B | shift=78 | layer=7 | mean r=0.006
ACROSS-CIRC     nllb200_1B | shift=78 | layer=8 | mean r=-0.001
ACROSS-CIRC     nllb200_1B | shift=78 | layer=9 | mean r=-0.005
ACROSS-CIRC     nllb200_1B | shift=78 | layer=10 | mean r=-0.011
ACROSS-CIRC     nllb200_1B | shift=78 | layer=11 | mean r=-0.014
ACROSS-CIRC     nllb200_1B | shift=78 | layer=12 | mean r=-0.016
ACROSS-CIRC     nllb200_1B | shift=78 | layer=13 | mean r=-0.014
ACROSS-CIRC     nllb200_1B | shift=78 | layer=14 | mean r=-0.014
ACROSS-CIRC     nllb200_1B | shift=78 | layer=15 | mean r=-0.013
ACROSS-CIRC     nllb200_1B | shift=78 | layer=16 | mean r=-0.009
ACROSS-CIRC     nllb200_1B | shift=78 | layer=17 | mean r=-0.010
ACROSS-CIRC     nllb200_1B | shift=78 | layer=18 | mean r=-0.010
ACROSS-CIRC     nllb200_1B | shift=78 | layer=19 | mean r=-0.013
ACROSS-CIRC     nllb200_1B | shift=78 | layer=20 | mean r=-0.012
ACROSS-CIRC     nllb200_1B | shift=78 | layer=21 | mean r=-0.011
ACROSS-CIRC     nllb200_1B | shift=78 | layer=22 | mean r=-0.011
ACROSS-CIRC     nllb200_1B | shift=78 | layer=23 | mean r=-0.011
ACROSS-CIRC     nllb200_1B | shift=78 | layer=24 | mean r=-0.000

  >>> Circular shift = 104
ACROSS-CIRC     nllb200_1B | shift=104 | layer=0 | mean r=0.002
ACROSS-CIRC     nllb200_1B | shift=104 | layer=1 | mean r=0.015
ACROSS-CIRC     nllb200_1B | shift=104 | layer=2 | mean r=0.020
ACROSS-CIRC     nllb200_1B | shift=104 | layer=3 | mean r=0.029
ACROSS-CIRC     nllb200_1B | shift=104 | layer=4 | mean r=0.029
ACROSS-CIRC     nllb200_1B | shift=104 | layer=5 | mean r=0.022
ACROSS-CIRC     nllb200_1B | shift=104 | layer=6 | mean r=0.022
ACROSS-CIRC     nllb200_1B | shift=104 | layer=7 | mean r=0.020
ACROSS-CIRC     nllb200_1B | shift=104 | layer=8 | mean r=0.019
ACROSS-CIRC     nllb200_1B | shift=104 | layer=9 | mean r=0.020
ACROSS-CIRC     nllb200_1B | shift=104 | layer=10 | mean r=0.020
ACROSS-CIRC     nllb200_1B | shift=104 | layer=11 | mean r=0.015
ACROSS-CIRC     nllb200_1B | shift=104 | layer=12 | mean r=0.011
ACROSS-CIRC     nllb200_1B | shift=104 | layer=13 | mean r=0.009
ACROSS-CIRC     nllb200_1B | shift=104 | layer=14 | mean r=0.005
ACROSS-CIRC     nllb200_1B | shift=104 | layer=15 | mean r=-0.002
ACROSS-CIRC     nllb200_1B | shift=104 | layer=16 | mean r=-0.002
ACROSS-CIRC     nllb200_1B | shift=104 | layer=17 | mean r=-0.001
ACROSS-CIRC     nllb200_1B | shift=104 | layer=18 | mean r=-0.005
ACROSS-CIRC     nllb200_1B | shift=104 | layer=19 | mean r=-0.006
ACROSS-CIRC     nllb200_1B | shift=104 | layer=20 | mean r=-0.006
ACROSS-CIRC     nllb200_1B | shift=104 | layer=21 | mean r=-0.003
ACROSS-CIRC     nllb200_1B | shift=104 | layer=22 | mean r=-0.010
ACROSS-CIRC     nllb200_1B | shift=104 | layer=23 | mean r=-0.008
ACROSS-CIRC     nllb200_1B | shift=104 | layer=24 | mean r=-0.009


Processing Lang_LH_IFGorb (3/6)

  >>> Circular shift = 26
ACROSS-CIRC     nllb200_1B | shift=26 | layer=0 | mean r=-0.017
ACROSS-CIRC     nllb200_1B | shift=26 | layer=1 | mean r=-0.011
ACROSS-CIRC     nllb200_1B | shift=26 | layer=2 | mean r=-0.012
ACROSS-CIRC     nllb200_1B | shift=26 | layer=3 | mean r=-0.014
ACROSS-CIRC     nllb200_1B | shift=26 | layer=4 | mean r=-0.021
ACROSS-CIRC     nllb200_1B | shift=26 | layer=5 | mean r=-0.016
ACROSS-CIRC     nllb200_1B | shift=26 | layer=6 | mean r=-0.018
ACROSS-CIRC     nllb200_1B | shift=26 | layer=7 | mean r=-0.018
ACROSS-CIRC     nllb200_1B | shift=26 | layer=8 | mean r=-0.017
ACROSS-CIRC     nllb200_1B | shift=26 | layer=9 | mean r=-0.012
ACROSS-CIRC     nllb200_1B | shift=26 | layer=10 | mean r=-0.013
ACROSS-CIRC     nllb200_1B | shift=26 | layer=11 | mean r=-0.015
ACROSS-CIRC     nllb200_1B | shift=26 | layer=12 | mean r=-0.017
ACROSS-CIRC     nllb200_1B | shift=26 | layer=13 | mean r=-0.017
ACROSS-CIRC     nllb200_1B | shift=26 | layer=14 | mean r=-0.017
ACROSS-CIRC     nllb200_1B | shift=26 | layer=15 | mean r=-0.018
ACROSS-CIRC     nllb200_1B | shift=26 | layer=16 | mean r=-0.019
ACROSS-CIRC     nllb200_1B | shift=26 | layer=17 | mean r=-0.020
ACROSS-CIRC     nllb200_1B | shift=26 | layer=18 | mean r=-0.021
ACROSS-CIRC     nllb200_1B | shift=26 | layer=19 | mean r=-0.020
ACROSS-CIRC     nllb200_1B | shift=26 | layer=20 | mean r=-0.022
ACROSS-CIRC     nllb200_1B | shift=26 | layer=21 | mean r=-0.023
ACROSS-CIRC     nllb200_1B | shift=26 | layer=22 | mean r=-0.021
ACROSS-CIRC     nllb200_1B | shift=26 | layer=23 | mean r=-0.019
ACROSS-CIRC     nllb200_1B | shift=26 | layer=24 | mean r=-0.024

  >>> Circular shift = 52
ACROSS-CIRC     nllb200_1B | shift=52 | layer=0 | mean r=0.028
ACROSS-CIRC     nllb200_1B | shift=52 | layer=1 | mean r=-0.000
ACROSS-CIRC     nllb200_1B | shift=52 | layer=2 | mean r=0.003
ACROSS-CIRC     nllb200_1B | shift=52 | layer=3 | mean r=0.006
ACROSS-CIRC     nllb200_1B | shift=52 | layer=4 | mean r=0.015
ACROSS-CIRC     nllb200_1B | shift=52 | layer=5 | mean r=0.018
ACROSS-CIRC     nllb200_1B | shift=52 | layer=6 | mean r=0.019
ACROSS-CIRC     nllb200_1B | shift=52 | layer=7 | mean r=0.019
ACROSS-CIRC     nllb200_1B | shift=52 | layer=8 | mean r=0.017
ACROSS-CIRC     nllb200_1B | shift=52 | layer=9 | mean r=0.014
ACROSS-CIRC     nllb200_1B | shift=52 | layer=10 | mean r=0.010
ACROSS-CIRC     nllb200_1B | shift=52 | layer=11 | mean r=0.010
ACROSS-CIRC     nllb200_1B | shift=52 | layer=12 | mean r=0.013
ACROSS-CIRC     nllb200_1B | shift=52 | layer=13 | mean r=0.014
ACROSS-CIRC     nllb200_1B | shift=52 | layer=14 | mean r=0.014
ACROSS-CIRC     nllb200_1B | shift=52 | layer=15 | mean r=0.018
ACROSS-CIRC     nllb200_1B | shift=52 | layer=16 | mean r=0.015
ACROSS-CIRC     nllb200_1B | shift=52 | layer=17 | mean r=0.014
ACROSS-CIRC     nllb200_1B | shift=52 | layer=18 | mean r=0.016
ACROSS-CIRC     nllb200_1B | shift=52 | layer=19 | mean r=0.017
ACROSS-CIRC     nllb200_1B | shift=52 | layer=20 | mean r=0.017
ACROSS-CIRC     nllb200_1B | shift=52 | layer=21 | mean r=0.017
ACROSS-CIRC     nllb200_1B | shift=52 | layer=22 | mean r=0.016
ACROSS-CIRC     nllb200_1B | shift=52 | layer=23 | mean r=0.015
ACROSS-CIRC     nllb200_1B | shift=52 | layer=24 | mean r=0.015

  >>> Circular shift = 78
ACROSS-CIRC     nllb200_1B | shift=78 | layer=0 | mean r=0.005
ACROSS-CIRC     nllb200_1B | shift=78 | layer=1 | mean r=0.007
ACROSS-CIRC     nllb200_1B | shift=78 | layer=2 | mean r=0.013
ACROSS-CIRC     nllb200_1B | shift=78 | layer=3 | mean r=0.016
ACROSS-CIRC     nllb200_1B | shift=78 | layer=4 | mean r=0.009
ACROSS-CIRC     nllb200_1B | shift=78 | layer=5 | mean r=0.001
ACROSS-CIRC     nllb200_1B | shift=78 | layer=6 | mean r=0.001
ACROSS-CIRC     nllb200_1B | shift=78 | layer=7 | mean r=-0.000
ACROSS-CIRC     nllb200_1B | shift=78 | layer=8 | mean r=-0.007
ACROSS-CIRC     nllb200_1B | shift=78 | layer=9 | mean r=-0.015
ACROSS-CIRC     nllb200_1B | shift=78 | layer=10 | mean r=-0.019
ACROSS-CIRC     nllb200_1B | shift=78 | layer=11 | mean r=-0.023
ACROSS-CIRC     nllb200_1B | shift=78 | layer=12 | mean r=-0.020
ACROSS-CIRC     nllb200_1B | shift=78 | layer=13 | mean r=-0.018
ACROSS-CIRC     nllb200_1B | shift=78 | layer=14 | mean r=-0.020
ACROSS-CIRC     nllb200_1B | shift=78 | layer=15 | mean r=-0.018
ACROSS-CIRC     nllb200_1B | shift=78 | layer=16 | mean r=-0.016
ACROSS-CIRC     nllb200_1B | shift=78 | layer=17 | mean r=-0.013
ACROSS-CIRC     nllb200_1B | shift=78 | layer=18 | mean r=-0.010
ACROSS-CIRC     nllb200_1B | shift=78 | layer=19 | mean r=-0.010
ACROSS-CIRC     nllb200_1B | shift=78 | layer=20 | mean r=-0.010
ACROSS-CIRC     nllb200_1B | shift=78 | layer=21 | mean r=-0.008
ACROSS-CIRC     nllb200_1B | shift=78 | layer=22 | mean r=-0.008
ACROSS-CIRC     nllb200_1B | shift=78 | layer=23 | mean r=-0.007
ACROSS-CIRC     nllb200_1B | shift=78 | layer=24 | mean r=-0.004

  >>> Circular shift = 104
ACROSS-CIRC     nllb200_1B | shift=104 | layer=0 | mean r=-0.005
ACROSS-CIRC     nllb200_1B | shift=104 | layer=1 | mean r=-0.000
ACROSS-CIRC     nllb200_1B | shift=104 | layer=2 | mean r=0.003
ACROSS-CIRC     nllb200_1B | shift=104 | layer=3 | mean r=0.005
ACROSS-CIRC     nllb200_1B | shift=104 | layer=4 | mean r=0.005
ACROSS-CIRC     nllb200_1B | shift=104 | layer=5 | mean r=0.003
ACROSS-CIRC     nllb200_1B | shift=104 | layer=6 | mean r=0.007
ACROSS-CIRC     nllb200_1B | shift=104 | layer=7 | mean r=0.007
ACROSS-CIRC     nllb200_1B | shift=104 | layer=8 | mean r=0.007
ACROSS-CIRC     nllb200_1B | shift=104 | layer=9 | mean r=0.012
ACROSS-CIRC     nllb200_1B | shift=104 | layer=10 | mean r=0.014
ACROSS-CIRC     nllb200_1B | shift=104 | layer=11 | mean r=0.012
ACROSS-CIRC     nllb200_1B | shift=104 | layer=12 | mean r=0.011
ACROSS-CIRC     nllb200_1B | shift=104 | layer=13 | mean r=0.011
ACROSS-CIRC     nllb200_1B | shift=104 | layer=14 | mean r=0.011
ACROSS-CIRC     nllb200_1B | shift=104 | layer=15 | mean r=0.004
ACROSS-CIRC     nllb200_1B | shift=104 | layer=16 | mean r=0.004
ACROSS-CIRC     nllb200_1B | shift=104 | layer=17 | mean r=0.001
ACROSS-CIRC     nllb200_1B | shift=104 | layer=18 | mean r=-0.001
ACROSS-CIRC     nllb200_1B | shift=104 | layer=19 | mean r=0.002
ACROSS-CIRC     nllb200_1B | shift=104 | layer=20 | mean r=0.001
ACROSS-CIRC     nllb200_1B | shift=104 | layer=21 | mean r=-0.001
ACROSS-CIRC     nllb200_1B | shift=104 | layer=22 | mean r=-0.001
ACROSS-CIRC     nllb200_1B | shift=104 | layer=23 | mean r=-0.001
ACROSS-CIRC     nllb200_1B | shift=104 | layer=24 | mean r=-0.009


Processing Lang_LH_MFG (4/6)

  >>> Circular shift = 26
ACROSS-CIRC     nllb200_1B | shift=26 | layer=0 | mean r=-0.025
ACROSS-CIRC     nllb200_1B | shift=26 | layer=1 | mean r=-0.016
ACROSS-CIRC     nllb200_1B | shift=26 | layer=2 | mean r=-0.019
ACROSS-CIRC     nllb200_1B | shift=26 | layer=3 | mean r=-0.029
ACROSS-CIRC     nllb200_1B | shift=26 | layer=4 | mean r=-0.040
ACROSS-CIRC     nllb200_1B | shift=26 | layer=5 | mean r=-0.034
ACROSS-CIRC     nllb200_1B | shift=26 | layer=6 | mean r=-0.031
ACROSS-CIRC     nllb200_1B | shift=26 | layer=7 | mean r=-0.020
ACROSS-CIRC     nllb200_1B | shift=26 | layer=8 | mean r=-0.020
ACROSS-CIRC     nllb200_1B | shift=26 | layer=9 | mean r=-0.018
ACROSS-CIRC     nllb200_1B | shift=26 | layer=10 | mean r=-0.021
ACROSS-CIRC     nllb200_1B | shift=26 | layer=11 | mean r=-0.018
ACROSS-CIRC     nllb200_1B | shift=26 | layer=12 | mean r=-0.019
ACROSS-CIRC     nllb200_1B | shift=26 | layer=13 | mean r=-0.016
ACROSS-CIRC     nllb200_1B | shift=26 | layer=14 | mean r=-0.016
ACROSS-CIRC     nllb200_1B | shift=26 | layer=15 | mean r=-0.014
ACROSS-CIRC     nllb200_1B | shift=26 | layer=16 | mean r=-0.012
ACROSS-CIRC     nllb200_1B | shift=26 | layer=17 | mean r=-0.011
ACROSS-CIRC     nllb200_1B | shift=26 | layer=18 | mean r=-0.012
ACROSS-CIRC     nllb200_1B | shift=26 | layer=19 | mean r=-0.012
ACROSS-CIRC     nllb200_1B | shift=26 | layer=20 | mean r=-0.009
ACROSS-CIRC     nllb200_1B | shift=26 | layer=21 | mean r=-0.012
ACROSS-CIRC     nllb200_1B | shift=26 | layer=22 | mean r=-0.017
ACROSS-CIRC     nllb200_1B | shift=26 | layer=23 | mean r=-0.022
ACROSS-CIRC     nllb200_1B | shift=26 | layer=24 | mean r=-0.019

  >>> Circular shift = 52
ACROSS-CIRC     nllb200_1B | shift=52 | layer=0 | mean r=0.022
ACROSS-CIRC     nllb200_1B | shift=52 | layer=1 | mean r=0.018
ACROSS-CIRC     nllb200_1B | shift=52 | layer=2 | mean r=0.008
ACROSS-CIRC     nllb200_1B | shift=52 | layer=3 | mean r=0.001
ACROSS-CIRC     nllb200_1B | shift=52 | layer=4 | mean r=0.004
ACROSS-CIRC     nllb200_1B | shift=52 | layer=5 | mean r=0.013
ACROSS-CIRC     nllb200_1B | shift=52 | layer=6 | mean r=0.011
ACROSS-CIRC     nllb200_1B | shift=52 | layer=7 | mean r=0.007
ACROSS-CIRC     nllb200_1B | shift=52 | layer=8 | mean r=0.008
ACROSS-CIRC     nllb200_1B | shift=52 | layer=9 | mean r=0.008
ACROSS-CIRC     nllb200_1B | shift=52 | layer=10 | mean r=0.003
ACROSS-CIRC     nllb200_1B | shift=52 | layer=11 | mean r=0.004
ACROSS-CIRC     nllb200_1B | shift=52 | layer=12 | mean r=0.007
ACROSS-CIRC     nllb200_1B | shift=52 | layer=13 | mean r=0.006
ACROSS-CIRC     nllb200_1B | shift=52 | layer=14 | mean r=0.006
ACROSS-CIRC     nllb200_1B | shift=52 | layer=15 | mean r=0.004
ACROSS-CIRC     nllb200_1B | shift=52 | layer=16 | mean r=0.006
ACROSS-CIRC     nllb200_1B | shift=52 | layer=17 | mean r=0.003
ACROSS-CIRC     nllb200_1B | shift=52 | layer=18 | mean r=0.002
ACROSS-CIRC     nllb200_1B | shift=52 | layer=19 | mean r=0.001
ACROSS-CIRC     nllb200_1B | shift=52 | layer=20 | mean r=-0.001
ACROSS-CIRC     nllb200_1B | shift=52 | layer=21 | mean r=0.001
ACROSS-CIRC     nllb200_1B | shift=52 | layer=22 | mean r=-0.001
ACROSS-CIRC     nllb200_1B | shift=52 | layer=23 | mean r=-0.004
ACROSS-CIRC     nllb200_1B | shift=52 | layer=24 | mean r=-0.010

  >>> Circular shift = 78
ACROSS-CIRC     nllb200_1B | shift=78 | layer=0 | mean r=-0.002
ACROSS-CIRC     nllb200_1B | shift=78 | layer=1 | mean r=-0.007
ACROSS-CIRC     nllb200_1B | shift=78 | layer=2 | mean r=0.011
ACROSS-CIRC     nllb200_1B | shift=78 | layer=3 | mean r=0.008
ACROSS-CIRC     nllb200_1B | shift=78 | layer=4 | mean r=0.005
ACROSS-CIRC     nllb200_1B | shift=78 | layer=5 | mean r=-0.001
ACROSS-CIRC     nllb200_1B | shift=78 | layer=6 | mean r=-0.004
ACROSS-CIRC     nllb200_1B | shift=78 | layer=7 | mean r=-0.002
ACROSS-CIRC     nllb200_1B | shift=78 | layer=8 | mean r=-0.002
ACROSS-CIRC     nllb200_1B | shift=78 | layer=9 | mean r=-0.006
ACROSS-CIRC     nllb200_1B | shift=78 | layer=10 | mean r=-0.009
ACROSS-CIRC     nllb200_1B | shift=78 | layer=11 | mean r=-0.010
ACROSS-CIRC     nllb200_1B | shift=78 | layer=12 | mean r=-0.010
ACROSS-CIRC     nllb200_1B | shift=78 | layer=13 | mean r=-0.009
ACROSS-CIRC     nllb200_1B | shift=78 | layer=14 | mean r=-0.013
ACROSS-CIRC     nllb200_1B | shift=78 | layer=15 | mean r=-0.012
ACROSS-CIRC     nllb200_1B | shift=78 | layer=16 | mean r=-0.012
ACROSS-CIRC     nllb200_1B | shift=78 | layer=17 | mean r=-0.005
ACROSS-CIRC     nllb200_1B | shift=78 | layer=18 | mean r=-0.004
ACROSS-CIRC     nllb200_1B | shift=78 | layer=19 | mean r=-0.005
ACROSS-CIRC     nllb200_1B | shift=78 | layer=20 | mean r=-0.007
ACROSS-CIRC     nllb200_1B | shift=78 | layer=21 | mean r=-0.006
ACROSS-CIRC     nllb200_1B | shift=78 | layer=22 | mean r=-0.003
ACROSS-CIRC     nllb200_1B | shift=78 | layer=23 | mean r=-0.002
ACROSS-CIRC     nllb200_1B | shift=78 | layer=24 | mean r=0.010

  >>> Circular shift = 104
ACROSS-CIRC     nllb200_1B | shift=104 | layer=0 | mean r=0.009
ACROSS-CIRC     nllb200_1B | shift=104 | layer=1 | mean r=0.010
ACROSS-CIRC     nllb200_1B | shift=104 | layer=2 | mean r=0.002
ACROSS-CIRC     nllb200_1B | shift=104 | layer=3 | mean r=0.013
ACROSS-CIRC     nllb200_1B | shift=104 | layer=4 | mean r=0.018
ACROSS-CIRC     nllb200_1B | shift=104 | layer=5 | mean r=0.016
ACROSS-CIRC     nllb200_1B | shift=104 | layer=6 | mean r=0.014
ACROSS-CIRC     nllb200_1B | shift=104 | layer=7 | mean r=0.011
ACROSS-CIRC     nllb200_1B | shift=104 | layer=8 | mean r=0.007
ACROSS-CIRC     nllb200_1B | shift=104 | layer=9 | mean r=0.011
ACROSS-CIRC     nllb200_1B | shift=104 | layer=10 | mean r=0.013
ACROSS-CIRC     nllb200_1B | shift=104 | layer=11 | mean r=0.006
ACROSS-CIRC     nllb200_1B | shift=104 | layer=12 | mean r=0.006
ACROSS-CIRC     nllb200_1B | shift=104 | layer=13 | mean r=0.010
ACROSS-CIRC     nllb200_1B | shift=104 | layer=14 | mean r=0.010
ACROSS-CIRC     nllb200_1B | shift=104 | layer=15 | mean r=0.004
ACROSS-CIRC     nllb200_1B | shift=104 | layer=16 | mean r=0.005
ACROSS-CIRC     nllb200_1B | shift=104 | layer=17 | mean r=0.005
ACROSS-CIRC     nllb200_1B | shift=104 | layer=18 | mean r=0.006
ACROSS-CIRC     nllb200_1B | shift=104 | layer=19 | mean r=0.008
ACROSS-CIRC     nllb200_1B | shift=104 | layer=20 | mean r=0.007
ACROSS-CIRC     nllb200_1B | shift=104 | layer=21 | mean r=0.006
ACROSS-CIRC     nllb200_1B | shift=104 | layer=22 | mean r=0.009
ACROSS-CIRC     nllb200_1B | shift=104 | layer=23 | mean r=0.009
ACROSS-CIRC     nllb200_1B | shift=104 | layer=24 | mean r=0.005


Processing Lang_LH_PostTemp (5/6)

  >>> Circular shift = 26
ACROSS-CIRC     nllb200_1B | shift=26 | layer=0 | mean r=-0.011
ACROSS-CIRC     nllb200_1B | shift=26 | layer=1 | mean r=0.008
ACROSS-CIRC     nllb200_1B | shift=26 | layer=2 | mean r=0.010
ACROSS-CIRC     nllb200_1B | shift=26 | layer=3 | mean r=-0.002
ACROSS-CIRC     nllb200_1B | shift=26 | layer=4 | mean r=-0.013
ACROSS-CIRC     nllb200_1B | shift=26 | layer=5 | mean r=-0.017
ACROSS-CIRC     nllb200_1B | shift=26 | layer=6 | mean r=-0.014
ACROSS-CIRC     nllb200_1B | shift=26 | layer=7 | mean r=-0.007
ACROSS-CIRC     nllb200_1B | shift=26 | layer=8 | mean r=-0.007
ACROSS-CIRC     nllb200_1B | shift=26 | layer=9 | mean r=-0.007
ACROSS-CIRC     nllb200_1B | shift=26 | layer=10 | mean r=-0.008
ACROSS-CIRC     nllb200_1B | shift=26 | layer=11 | mean r=-0.011
ACROSS-CIRC     nllb200_1B | shift=26 | layer=12 | mean r=-0.018
ACROSS-CIRC     nllb200_1B | shift=26 | layer=13 | mean r=-0.021
ACROSS-CIRC     nllb200_1B | shift=26 | layer=14 | mean r=-0.016
ACROSS-CIRC     nllb200_1B | shift=26 | layer=15 | mean r=-0.019
ACROSS-CIRC     nllb200_1B | shift=26 | layer=16 | mean r=-0.021
ACROSS-CIRC     nllb200_1B | shift=26 | layer=17 | mean r=-0.021
ACROSS-CIRC     nllb200_1B | shift=26 | layer=18 | mean r=-0.019
ACROSS-CIRC     nllb200_1B | shift=26 | layer=19 | mean r=-0.020
ACROSS-CIRC     nllb200_1B | shift=26 | layer=20 | mean r=-0.021
ACROSS-CIRC     nllb200_1B | shift=26 | layer=21 | mean r=-0.015
ACROSS-CIRC     nllb200_1B | shift=26 | layer=22 | mean r=-0.017
ACROSS-CIRC     nllb200_1B | shift=26 | layer=23 | mean r=-0.018
ACROSS-CIRC     nllb200_1B | shift=26 | layer=24 | mean r=-0.029

  >>> Circular shift = 52
ACROSS-CIRC     nllb200_1B | shift=52 | layer=0 | mean r=0.029
ACROSS-CIRC     nllb200_1B | shift=52 | layer=1 | mean r=0.012
ACROSS-CIRC     nllb200_1B | shift=52 | layer=2 | mean r=0.010
ACROSS-CIRC     nllb200_1B | shift=52 | layer=3 | mean r=0.010
ACROSS-CIRC     nllb200_1B | shift=52 | layer=4 | mean r=0.005
ACROSS-CIRC     nllb200_1B | shift=52 | layer=5 | mean r=0.005
ACROSS-CIRC     nllb200_1B | shift=52 | layer=6 | mean r=0.010
ACROSS-CIRC     nllb200_1B | shift=52 | layer=7 | mean r=0.009
ACROSS-CIRC     nllb200_1B | shift=52 | layer=8 | mean r=0.005
ACROSS-CIRC     nllb200_1B | shift=52 | layer=9 | mean r=0.001
ACROSS-CIRC     nllb200_1B | shift=52 | layer=10 | mean r=0.005
ACROSS-CIRC     nllb200_1B | shift=52 | layer=11 | mean r=0.017
ACROSS-CIRC     nllb200_1B | shift=52 | layer=12 | mean r=0.023
ACROSS-CIRC     nllb200_1B | shift=52 | layer=13 | mean r=0.020
ACROSS-CIRC     nllb200_1B | shift=52 | layer=14 | mean r=0.013
ACROSS-CIRC     nllb200_1B | shift=52 | layer=15 | mean r=0.015
ACROSS-CIRC     nllb200_1B | shift=52 | layer=16 | mean r=0.013
ACROSS-CIRC     nllb200_1B | shift=52 | layer=17 | mean r=0.009
ACROSS-CIRC     nllb200_1B | shift=52 | layer=18 | mean r=0.010
ACROSS-CIRC     nllb200_1B | shift=52 | layer=19 | mean r=0.007
ACROSS-CIRC     nllb200_1B | shift=52 | layer=20 | mean r=0.006
ACROSS-CIRC     nllb200_1B | shift=52 | layer=21 | mean r=0.006
ACROSS-CIRC     nllb200_1B | shift=52 | layer=22 | mean r=0.006
ACROSS-CIRC     nllb200_1B | shift=52 | layer=23 | mean r=0.005
ACROSS-CIRC     nllb200_1B | shift=52 | layer=24 | mean r=0.001

  >>> Circular shift = 78
ACROSS-CIRC     nllb200_1B | shift=78 | layer=0 | mean r=-0.008
ACROSS-CIRC     nllb200_1B | shift=78 | layer=1 | mean r=-0.002
ACROSS-CIRC     nllb200_1B | shift=78 | layer=2 | mean r=0.002
ACROSS-CIRC     nllb200_1B | shift=78 | layer=3 | mean r=0.005
ACROSS-CIRC     nllb200_1B | shift=78 | layer=4 | mean r=-0.004
ACROSS-CIRC     nllb200_1B | shift=78 | layer=5 | mean r=-0.018
ACROSS-CIRC     nllb200_1B | shift=78 | layer=6 | mean r=-0.016
ACROSS-CIRC     nllb200_1B | shift=78 | layer=7 | mean r=-0.010
ACROSS-CIRC     nllb200_1B | shift=78 | layer=8 | mean r=-0.021
ACROSS-CIRC     nllb200_1B | shift=78 | layer=9 | mean r=-0.022
ACROSS-CIRC     nllb200_1B | shift=78 | layer=10 | mean r=-0.029
ACROSS-CIRC     nllb200_1B | shift=78 | layer=11 | mean r=-0.030
ACROSS-CIRC     nllb200_1B | shift=78 | layer=12 | mean r=-0.032
ACROSS-CIRC     nllb200_1B | shift=78 | layer=13 | mean r=-0.030
ACROSS-CIRC     nllb200_1B | shift=78 | layer=14 | mean r=-0.032
ACROSS-CIRC     nllb200_1B | shift=78 | layer=15 | mean r=-0.030
ACROSS-CIRC     nllb200_1B | shift=78 | layer=16 | mean r=-0.028
ACROSS-CIRC     nllb200_1B | shift=78 | layer=17 | mean r=-0.027
ACROSS-CIRC     nllb200_1B | shift=78 | layer=18 | mean r=-0.025
ACROSS-CIRC     nllb200_1B | shift=78 | layer=19 | mean r=-0.029
ACROSS-CIRC     nllb200_1B | shift=78 | layer=20 | mean r=-0.028
ACROSS-CIRC     nllb200_1B | shift=78 | layer=21 | mean r=-0.027
ACROSS-CIRC     nllb200_1B | shift=78 | layer=22 | mean r=-0.024
ACROSS-CIRC     nllb200_1B | shift=78 | layer=23 | mean r=-0.019
ACROSS-CIRC     nllb200_1B | shift=78 | layer=24 | mean r=-0.022

  >>> Circular shift = 104
ACROSS-CIRC     nllb200_1B | shift=104 | layer=0 | mean r=0.015
ACROSS-CIRC     nllb200_1B | shift=104 | layer=1 | mean r=0.006
ACROSS-CIRC     nllb200_1B | shift=104 | layer=2 | mean r=0.014
ACROSS-CIRC     nllb200_1B | shift=104 | layer=3 | mean r=0.017
ACROSS-CIRC     nllb200_1B | shift=104 | layer=4 | mean r=0.016
ACROSS-CIRC     nllb200_1B | shift=104 | layer=5 | mean r=0.018
ACROSS-CIRC     nllb200_1B | shift=104 | layer=6 | mean r=0.017
ACROSS-CIRC     nllb200_1B | shift=104 | layer=7 | mean r=0.014
ACROSS-CIRC     nllb200_1B | shift=104 | layer=8 | mean r=0.017
ACROSS-CIRC     nllb200_1B | shift=104 | layer=9 | mean r=0.023
ACROSS-CIRC     nllb200_1B | shift=104 | layer=10 | mean r=0.020
ACROSS-CIRC     nllb200_1B | shift=104 | layer=11 | mean r=0.022
ACROSS-CIRC     nllb200_1B | shift=104 | layer=12 | mean r=0.024
ACROSS-CIRC     nllb200_1B | shift=104 | layer=13 | mean r=0.027
ACROSS-CIRC     nllb200_1B | shift=104 | layer=14 | mean r=0.024
ACROSS-CIRC     nllb200_1B | shift=104 | layer=15 | mean r=0.018
ACROSS-CIRC     nllb200_1B | shift=104 | layer=16 | mean r=0.016
ACROSS-CIRC     nllb200_1B | shift=104 | layer=17 | mean r=0.015
ACROSS-CIRC     nllb200_1B | shift=104 | layer=18 | mean r=0.016
ACROSS-CIRC     nllb200_1B | shift=104 | layer=19 | mean r=0.014
ACROSS-CIRC     nllb200_1B | shift=104 | layer=20 | mean r=0.011
ACROSS-CIRC     nllb200_1B | shift=104 | layer=21 | mean r=0.016
ACROSS-CIRC     nllb200_1B | shift=104 | layer=22 | mean r=0.015
ACROSS-CIRC     nllb200_1B | shift=104 | layer=23 | mean r=0.009
ACROSS-CIRC     nllb200_1B | shift=104 | layer=24 | mean r=0.001


Processing all (6/6)

  >>> Circular shift = 26
ACROSS-CIRC     nllb200_1B | shift=26 | layer=0 | mean r=-0.026
ACROSS-CIRC     nllb200_1B | shift=26 | layer=1 | mean r=-0.006
ACROSS-CIRC     nllb200_1B | shift=26 | layer=2 | mean r=-0.015
ACROSS-CIRC     nllb200_1B | shift=26 | layer=3 | mean r=-0.017
ACROSS-CIRC     nllb200_1B | shift=26 | layer=4 | mean r=-0.025
ACROSS-CIRC     nllb200_1B | shift=26 | layer=5 | mean r=-0.021
ACROSS-CIRC     nllb200_1B | shift=26 | layer=6 | mean r=-0.019
ACROSS-CIRC     nllb200_1B | shift=26 | layer=7 | mean r=-0.014
ACROSS-CIRC     nllb200_1B | shift=26 | layer=8 | mean r=-0.016
ACROSS-CIRC     nllb200_1B | shift=26 | layer=9 | mean r=-0.010
ACROSS-CIRC     nllb200_1B | shift=26 | layer=10 | mean r=-0.012
ACROSS-CIRC     nllb200_1B | shift=26 | layer=11 | mean r=-0.018
ACROSS-CIRC     nllb200_1B | shift=26 | layer=12 | mean r=-0.016
ACROSS-CIRC     nllb200_1B | shift=26 | layer=13 | mean r=-0.016
ACROSS-CIRC     nllb200_1B | shift=26 | layer=14 | mean r=-0.011
ACROSS-CIRC     nllb200_1B | shift=26 | layer=15 | mean r=-0.016
ACROSS-CIRC     nllb200_1B | shift=26 | layer=16 | mean r=-0.017
ACROSS-CIRC     nllb200_1B | shift=26 | layer=17 | mean r=-0.020
ACROSS-CIRC     nllb200_1B | shift=26 | layer=18 | mean r=-0.022
ACROSS-CIRC     nllb200_1B | shift=26 | layer=19 | mean r=-0.020
ACROSS-CIRC     nllb200_1B | shift=26 | layer=20 | mean r=-0.020
ACROSS-CIRC     nllb200_1B | shift=26 | layer=21 | mean r=-0.019
ACROSS-CIRC     nllb200_1B | shift=26 | layer=22 | mean r=-0.018
ACROSS-CIRC     nllb200_1B | shift=26 | layer=23 | mean r=-0.019
ACROSS-CIRC     nllb200_1B | shift=26 | layer=24 | mean r=-0.021

  >>> Circular shift = 52
ACROSS-CIRC     nllb200_1B | shift=52 | layer=0 | mean r=0.027
ACROSS-CIRC     nllb200_1B | shift=52 | layer=1 | mean r=0.005
ACROSS-CIRC     nllb200_1B | shift=52 | layer=2 | mean r=0.012
ACROSS-CIRC     nllb200_1B | shift=52 | layer=3 | mean r=0.014
ACROSS-CIRC     nllb200_1B | shift=52 | layer=4 | mean r=0.021
ACROSS-CIRC     nllb200_1B | shift=52 | layer=5 | mean r=0.023
ACROSS-CIRC     nllb200_1B | shift=52 | layer=6 | mean r=0.026
ACROSS-CIRC     nllb200_1B | shift=52 | layer=7 | mean r=0.025
ACROSS-CIRC     nllb200_1B | shift=52 | layer=8 | mean r=0.024
ACROSS-CIRC     nllb200_1B | shift=52 | layer=9 | mean r=0.017
ACROSS-CIRC     nllb200_1B | shift=52 | layer=10 | mean r=0.019
ACROSS-CIRC     nllb200_1B | shift=52 | layer=11 | mean r=0.021
ACROSS-CIRC     nllb200_1B | shift=52 | layer=12 | mean r=0.023
ACROSS-CIRC     nllb200_1B | shift=52 | layer=13 | mean r=0.022
ACROSS-CIRC     nllb200_1B | shift=52 | layer=14 | mean r=0.019
ACROSS-CIRC     nllb200_1B | shift=52 | layer=15 | mean r=0.016
ACROSS-CIRC     nllb200_1B | shift=52 | layer=16 | mean r=0.016
ACROSS-CIRC     nllb200_1B | shift=52 | layer=17 | mean r=0.014
ACROSS-CIRC     nllb200_1B | shift=52 | layer=18 | mean r=0.019
ACROSS-CIRC     nllb200_1B | shift=52 | layer=19 | mean r=0.018
ACROSS-CIRC     nllb200_1B | shift=52 | layer=20 | mean r=0.014
ACROSS-CIRC     nllb200_1B | shift=52 | layer=21 | mean r=0.014
ACROSS-CIRC     nllb200_1B | shift=52 | layer=22 | mean r=0.012
ACROSS-CIRC     nllb200_1B | shift=52 | layer=23 | mean r=0.012
ACROSS-CIRC     nllb200_1B | shift=52 | layer=24 | mean r=0.008

  >>> Circular shift = 78
ACROSS-CIRC     nllb200_1B | shift=78 | layer=0 | mean r=-0.006
ACROSS-CIRC     nllb200_1B | shift=78 | layer=1 | mean r=0.007
ACROSS-CIRC     nllb200_1B | shift=78 | layer=2 | mean r=0.021
ACROSS-CIRC     nllb200_1B | shift=78 | layer=3 | mean r=0.018
ACROSS-CIRC     nllb200_1B | shift=78 | layer=4 | mean r=0.006
ACROSS-CIRC     nllb200_1B | shift=78 | layer=5 | mean r=-0.009
ACROSS-CIRC     nllb200_1B | shift=78 | layer=6 | mean r=-0.008
ACROSS-CIRC     nllb200_1B | shift=78 | layer=7 | mean r=-0.007
ACROSS-CIRC     nllb200_1B | shift=78 | layer=8 | mean r=-0.018
ACROSS-CIRC     nllb200_1B | shift=78 | layer=9 | mean r=-0.023
ACROSS-CIRC     nllb200_1B | shift=78 | layer=10 | mean r=-0.029
ACROSS-CIRC     nllb200_1B | shift=78 | layer=11 | mean r=-0.028
ACROSS-CIRC     nllb200_1B | shift=78 | layer=12 | mean r=-0.028
ACROSS-CIRC     nllb200_1B | shift=78 | layer=13 | mean r=-0.025
ACROSS-CIRC     nllb200_1B | shift=78 | layer=14 | mean r=-0.022
ACROSS-CIRC     nllb200_1B | shift=78 | layer=15 | mean r=-0.022
ACROSS-CIRC     nllb200_1B | shift=78 | layer=16 | mean r=-0.016
ACROSS-CIRC     nllb200_1B | shift=78 | layer=17 | mean r=-0.015
ACROSS-CIRC     nllb200_1B | shift=78 | layer=18 | mean r=-0.012
ACROSS-CIRC     nllb200_1B | shift=78 | layer=19 | mean r=-0.015
ACROSS-CIRC     nllb200_1B | shift=78 | layer=20 | mean r=-0.014
ACROSS-CIRC     nllb200_1B | shift=78 | layer=21 | mean r=-0.013
ACROSS-CIRC     nllb200_1B | shift=78 | layer=22 | mean r=-0.011
ACROSS-CIRC     nllb200_1B | shift=78 | layer=23 | mean r=-0.014
ACROSS-CIRC     nllb200_1B | shift=78 | layer=24 | mean r=-0.007

  >>> Circular shift = 104
ACROSS-CIRC     nllb200_1B | shift=104 | layer=0 | mean r=0.013
ACROSS-CIRC     nllb200_1B | shift=104 | layer=1 | mean r=0.007
ACROSS-CIRC     nllb200_1B | shift=104 | layer=2 | mean r=0.014
ACROSS-CIRC     nllb200_1B | shift=104 | layer=3 | mean r=0.020
ACROSS-CIRC     nllb200_1B | shift=104 | layer=4 | mean r=0.020
ACROSS-CIRC     nllb200_1B | shift=104 | layer=5 | mean r=0.020
ACROSS-CIRC     nllb200_1B | shift=104 | layer=6 | mean r=0.017
ACROSS-CIRC     nllb200_1B | shift=104 | layer=7 | mean r=0.014
ACROSS-CIRC     nllb200_1B | shift=104 | layer=8 | mean r=0.011
ACROSS-CIRC     nllb200_1B | shift=104 | layer=9 | mean r=0.011
ACROSS-CIRC     nllb200_1B | shift=104 | layer=10 | mean r=0.012
ACROSS-CIRC     nllb200_1B | shift=104 | layer=11 | mean r=0.011
ACROSS-CIRC     nllb200_1B | shift=104 | layer=12 | mean r=0.010
ACROSS-CIRC     nllb200_1B | shift=104 | layer=13 | mean r=0.012
ACROSS-CIRC     nllb200_1B | shift=104 | layer=14 | mean r=0.009
ACROSS-CIRC     nllb200_1B | shift=104 | layer=15 | mean r=0.003
ACROSS-CIRC     nllb200_1B | shift=104 | layer=16 | mean r=0.004
ACROSS-CIRC     nllb200_1B | shift=104 | layer=17 | mean r=0.006
ACROSS-CIRC     nllb200_1B | shift=104 | layer=18 | mean r=-0.001
ACROSS-CIRC     nllb200_1B | shift=104 | layer=19 | mean r=0.002
ACROSS-CIRC     nllb200_1B | shift=104 | layer=20 | mean r=0.001
ACROSS-CIRC     nllb200_1B | shift=104 | layer=21 | mean r=0.002
ACROSS-CIRC     nllb200_1B | shift=104 | layer=22 | mean r=-0.001
ACROSS-CIRC     nllb200_1B | shift=104 | layer=23 | mean r=-0.004
ACROSS-CIRC     nllb200_1B | shift=104 | layer=24 | mean r=-0.010


Processing Lang_LH_AntTemp (1/6)

  >>> Circular shift = 26
ACROSS-CIRC     mgpt | shift=26 | layer=0 | mean r=0.008
ACROSS-CIRC     mgpt | shift=26 | layer=1 | mean r=0.018
ACROSS-CIRC     mgpt | shift=26 | layer=2 | mean r=0.007
ACROSS-CIRC     mgpt | shift=26 | layer=3 | mean r=-0.011
ACROSS-CIRC     mgpt | shift=26 | layer=4 | mean r=-0.025
ACROSS-CIRC     mgpt | shift=26 | layer=5 | mean r=-0.032
ACROSS-CIRC     mgpt | shift=26 | layer=6 | mean r=-0.026
ACROSS-CIRC     mgpt | shift=26 | layer=7 | mean r=-0.026
ACROSS-CIRC     mgpt | shift=26 | layer=8 | mean r=-0.022
ACROSS-CIRC     mgpt | shift=26 | layer=9 | mean r=-0.025
ACROSS-CIRC     mgpt | shift=26 | layer=10 | mean r=-0.031
ACROSS-CIRC     mgpt | shift=26 | layer=11 | mean r=-0.030
ACROSS-CIRC     mgpt | shift=26 | layer=12 | mean r=-0.040
ACROSS-CIRC     mgpt | shift=26 | layer=13 | mean r=-0.036
ACROSS-CIRC     mgpt | shift=26 | layer=14 | mean r=-0.033
ACROSS-CIRC     mgpt | shift=26 | layer=15 | mean r=-0.027
ACROSS-CIRC     mgpt | shift=26 | layer=16 | mean r=-0.021
ACROSS-CIRC     mgpt | shift=26 | layer=17 | mean r=-0.024
ACROSS-CIRC     mgpt | shift=26 | layer=18 | mean r=-0.020
ACROSS-CIRC     mgpt | shift=26 | layer=19 | mean r=-0.022
ACROSS-CIRC     mgpt | shift=26 | layer=20 | mean r=-0.018
ACROSS-CIRC     mgpt | shift=26 | layer=21 | mean r=-0.021
ACROSS-CIRC     mgpt | shift=26 | layer=22 | mean r=-0.018
ACROSS-CIRC     mgpt | shift=26 | layer=23 | mean r=-0.019
ACROSS-CIRC     mgpt | shift=26 | layer=24 | mean r=-0.015

  >>> Circular shift = 52
ACROSS-CIRC     mgpt | shift=52 | layer=0 | mean r=0.013
ACROSS-CIRC     mgpt | shift=52 | layer=1 | mean r=0.000
ACROSS-CIRC     mgpt | shift=52 | layer=2 | mean r=0.003
ACROSS-CIRC     mgpt | shift=52 | layer=3 | mean r=0.002
ACROSS-CIRC     mgpt | shift=52 | layer=4 | mean r=0.003
ACROSS-CIRC     mgpt | shift=52 | layer=5 | mean r=-0.021
ACROSS-CIRC     mgpt | shift=52 | layer=6 | mean r=-0.024
ACROSS-CIRC     mgpt | shift=52 | layer=7 | mean r=-0.023
ACROSS-CIRC     mgpt | shift=52 | layer=8 | mean r=-0.021
ACROSS-CIRC     mgpt | shift=52 | layer=9 | mean r=-0.031
ACROSS-CIRC     mgpt | shift=52 | layer=10 | mean r=-0.036
ACROSS-CIRC     mgpt | shift=52 | layer=11 | mean r=-0.041
ACROSS-CIRC     mgpt | shift=52 | layer=12 | mean r=-0.042
ACROSS-CIRC     mgpt | shift=52 | layer=13 | mean r=-0.043
ACROSS-CIRC     mgpt | shift=52 | layer=14 | mean r=-0.042
ACROSS-CIRC     mgpt | shift=52 | layer=15 | mean r=-0.040
ACROSS-CIRC     mgpt | shift=52 | layer=16 | mean r=-0.026
ACROSS-CIRC     mgpt | shift=52 | layer=17 | mean r=-0.020
ACROSS-CIRC     mgpt | shift=52 | layer=18 | mean r=-0.007
ACROSS-CIRC     mgpt | shift=52 | layer=19 | mean r=-0.001
ACROSS-CIRC     mgpt | shift=52 | layer=20 | mean r=0.008
ACROSS-CIRC     mgpt | shift=52 | layer=21 | mean r=0.003
ACROSS-CIRC     mgpt | shift=52 | layer=22 | mean r=0.000
ACROSS-CIRC     mgpt | shift=52 | layer=23 | mean r=-0.002
ACROSS-CIRC     mgpt | shift=52 | layer=24 | mean r=-0.004

  >>> Circular shift = 78
ACROSS-CIRC     mgpt | shift=78 | layer=0 | mean r=-0.011
ACROSS-CIRC     mgpt | shift=78 | layer=1 | mean r=-0.034
ACROSS-CIRC     mgpt | shift=78 | layer=2 | mean r=-0.022
ACROSS-CIRC     mgpt | shift=78 | layer=3 | mean r=-0.006
ACROSS-CIRC     mgpt | shift=78 | layer=4 | mean r=0.001
ACROSS-CIRC     mgpt | shift=78 | layer=5 | mean r=0.006
ACROSS-CIRC     mgpt | shift=78 | layer=6 | mean r=0.004
ACROSS-CIRC     mgpt | shift=78 | layer=7 | mean r=-0.009
ACROSS-CIRC     mgpt | shift=78 | layer=8 | mean r=-0.015
ACROSS-CIRC     mgpt | shift=78 | layer=9 | mean r=-0.001
ACROSS-CIRC     mgpt | shift=78 | layer=10 | mean r=-0.003
ACROSS-CIRC     mgpt | shift=78 | layer=11 | mean r=0.005
ACROSS-CIRC     mgpt | shift=78 | layer=12 | mean r=-0.003
ACROSS-CIRC     mgpt | shift=78 | layer=13 | mean r=-0.009
ACROSS-CIRC     mgpt | shift=78 | layer=14 | mean r=-0.013
ACROSS-CIRC     mgpt | shift=78 | layer=15 | mean r=-0.008
ACROSS-CIRC     mgpt | shift=78 | layer=16 | mean r=-0.007
ACROSS-CIRC     mgpt | shift=78 | layer=17 | mean r=-0.005
ACROSS-CIRC     mgpt | shift=78 | layer=18 | mean r=-0.001
ACROSS-CIRC     mgpt | shift=78 | layer=19 | mean r=0.005
ACROSS-CIRC     mgpt | shift=78 | layer=20 | mean r=0.006
ACROSS-CIRC     mgpt | shift=78 | layer=21 | mean r=0.003
ACROSS-CIRC     mgpt | shift=78 | layer=22 | mean r=0.013
ACROSS-CIRC     mgpt | shift=78 | layer=23 | mean r=0.015
ACROSS-CIRC     mgpt | shift=78 | layer=24 | mean r=0.005

  >>> Circular shift = 104
ACROSS-CIRC     mgpt | shift=104 | layer=0 | mean r=0.007
ACROSS-CIRC     mgpt | shift=104 | layer=1 | mean r=0.015
ACROSS-CIRC     mgpt | shift=104 | layer=2 | mean r=0.006
ACROSS-CIRC     mgpt | shift=104 | layer=3 | mean r=-0.021
ACROSS-CIRC     mgpt | shift=104 | layer=4 | mean r=0.013
ACROSS-CIRC     mgpt | shift=104 | layer=5 | mean r=0.026
ACROSS-CIRC     mgpt | shift=104 | layer=6 | mean r=0.044
ACROSS-CIRC     mgpt | shift=104 | layer=7 | mean r=0.043
ACROSS-CIRC     mgpt | shift=104 | layer=8 | mean r=0.038
ACROSS-CIRC     mgpt | shift=104 | layer=9 | mean r=0.037
ACROSS-CIRC     mgpt | shift=104 | layer=10 | mean r=0.029
ACROSS-CIRC     mgpt | shift=104 | layer=11 | mean r=0.038
ACROSS-CIRC     mgpt | shift=104 | layer=12 | mean r=0.040
ACROSS-CIRC     mgpt | shift=104 | layer=13 | mean r=0.045
ACROSS-CIRC     mgpt | shift=104 | layer=14 | mean r=0.038
ACROSS-CIRC     mgpt | shift=104 | layer=15 | mean r=0.038
ACROSS-CIRC     mgpt | shift=104 | layer=16 | mean r=0.037
ACROSS-CIRC     mgpt | shift=104 | layer=17 | mean r=0.038
ACROSS-CIRC     mgpt | shift=104 | layer=18 | mean r=0.025
ACROSS-CIRC     mgpt | shift=104 | layer=19 | mean r=0.022
ACROSS-CIRC     mgpt | shift=104 | layer=20 | mean r=0.027
ACROSS-CIRC     mgpt | shift=104 | layer=21 | mean r=0.025
ACROSS-CIRC     mgpt | shift=104 | layer=22 | mean r=0.026
ACROSS-CIRC     mgpt | shift=104 | layer=23 | mean r=0.027
ACROSS-CIRC     mgpt | shift=104 | layer=24 | mean r=0.020


Processing Lang_LH_IFG (2/6)

  >>> Circular shift = 26
ACROSS-CIRC     mgpt | shift=26 | layer=0 | mean r=0.086
ACROSS-CIRC     mgpt | shift=26 | layer=1 | mean r=0.100
ACROSS-CIRC     mgpt | shift=26 | layer=2 | mean r=0.091
ACROSS-CIRC     mgpt | shift=26 | layer=3 | mean r=0.094
ACROSS-CIRC     mgpt | shift=26 | layer=4 | mean r=0.078
ACROSS-CIRC     mgpt | shift=26 | layer=5 | mean r=0.075
ACROSS-CIRC     mgpt | shift=26 | layer=6 | mean r=0.061
ACROSS-CIRC     mgpt | shift=26 | layer=7 | mean r=0.061
ACROSS-CIRC     mgpt | shift=26 | layer=8 | mean r=0.058
ACROSS-CIRC     mgpt | shift=26 | layer=9 | mean r=0.060
ACROSS-CIRC     mgpt | shift=26 | layer=10 | mean r=0.061
ACROSS-CIRC     mgpt | shift=26 | layer=11 | mean r=0.066
ACROSS-CIRC     mgpt | shift=26 | layer=12 | mean r=0.056
ACROSS-CIRC     mgpt | shift=26 | layer=13 | mean r=0.062
ACROSS-CIRC     mgpt | shift=26 | layer=14 | mean r=0.060
ACROSS-CIRC     mgpt | shift=26 | layer=15 | mean r=0.062
ACROSS-CIRC     mgpt | shift=26 | layer=16 | mean r=0.055
ACROSS-CIRC     mgpt | shift=26 | layer=17 | mean r=0.055
ACROSS-CIRC     mgpt | shift=26 | layer=18 | mean r=0.056
ACROSS-CIRC     mgpt | shift=26 | layer=19 | mean r=0.054
ACROSS-CIRC     mgpt | shift=26 | layer=20 | mean r=0.054
ACROSS-CIRC     mgpt | shift=26 | layer=21 | mean r=0.053
ACROSS-CIRC     mgpt | shift=26 | layer=22 | mean r=0.055
ACROSS-CIRC     mgpt | shift=26 | layer=23 | mean r=0.057
ACROSS-CIRC     mgpt | shift=26 | layer=24 | mean r=0.065

  >>> Circular shift = 52
ACROSS-CIRC     mgpt | shift=52 | layer=0 | mean r=-0.054
ACROSS-CIRC     mgpt | shift=52 | layer=1 | mean r=-0.078
ACROSS-CIRC     mgpt | shift=52 | layer=2 | mean r=-0.074
ACROSS-CIRC     mgpt | shift=52 | layer=3 | mean r=-0.072
ACROSS-CIRC     mgpt | shift=52 | layer=4 | mean r=-0.069
ACROSS-CIRC     mgpt | shift=52 | layer=5 | mean r=-0.075
ACROSS-CIRC     mgpt | shift=52 | layer=6 | mean r=-0.073
ACROSS-CIRC     mgpt | shift=52 | layer=7 | mean r=-0.071
ACROSS-CIRC     mgpt | shift=52 | layer=8 | mean r=-0.080
ACROSS-CIRC     mgpt | shift=52 | layer=9 | mean r=-0.078
ACROSS-CIRC     mgpt | shift=52 | layer=10 | mean r=-0.072
ACROSS-CIRC     mgpt | shift=52 | layer=11 | mean r=-0.074
ACROSS-CIRC     mgpt | shift=52 | layer=12 | mean r=-0.075
ACROSS-CIRC     mgpt | shift=52 | layer=13 | mean r=-0.070
ACROSS-CIRC     mgpt | shift=52 | layer=14 | mean r=-0.064
ACROSS-CIRC     mgpt | shift=52 | layer=15 | mean r=-0.062
ACROSS-CIRC     mgpt | shift=52 | layer=16 | mean r=-0.051
ACROSS-CIRC     mgpt | shift=52 | layer=17 | mean r=-0.036
ACROSS-CIRC     mgpt | shift=52 | layer=18 | mean r=-0.031
ACROSS-CIRC     mgpt | shift=52 | layer=19 | mean r=-0.028
ACROSS-CIRC     mgpt | shift=52 | layer=20 | mean r=-0.029
ACROSS-CIRC     mgpt | shift=52 | layer=21 | mean r=-0.022
ACROSS-CIRC     mgpt | shift=52 | layer=22 | mean r=-0.028
ACROSS-CIRC     mgpt | shift=52 | layer=23 | mean r=-0.024
ACROSS-CIRC     mgpt | shift=52 | layer=24 | mean r=-0.017

  >>> Circular shift = 78
ACROSS-CIRC     mgpt | shift=78 | layer=0 | mean r=-0.036
ACROSS-CIRC     mgpt | shift=78 | layer=1 | mean r=-0.067
ACROSS-CIRC     mgpt | shift=78 | layer=2 | mean r=-0.065
ACROSS-CIRC     mgpt | shift=78 | layer=3 | mean r=-0.059
ACROSS-CIRC     mgpt | shift=78 | layer=4 | mean r=-0.053
ACROSS-CIRC     mgpt | shift=78 | layer=5 | mean r=-0.043
ACROSS-CIRC     mgpt | shift=78 | layer=6 | mean r=-0.039
ACROSS-CIRC     mgpt | shift=78 | layer=7 | mean r=-0.041
ACROSS-CIRC     mgpt | shift=78 | layer=8 | mean r=-0.043
ACROSS-CIRC     mgpt | shift=78 | layer=9 | mean r=-0.043
ACROSS-CIRC     mgpt | shift=78 | layer=10 | mean r=-0.045
ACROSS-CIRC     mgpt | shift=78 | layer=11 | mean r=-0.043
ACROSS-CIRC     mgpt | shift=78 | layer=12 | mean r=-0.044
ACROSS-CIRC     mgpt | shift=78 | layer=13 | mean r=-0.046
ACROSS-CIRC     mgpt | shift=78 | layer=14 | mean r=-0.045
ACROSS-CIRC     mgpt | shift=78 | layer=15 | mean r=-0.045
ACROSS-CIRC     mgpt | shift=78 | layer=16 | mean r=-0.035
ACROSS-CIRC     mgpt | shift=78 | layer=17 | mean r=-0.030
ACROSS-CIRC     mgpt | shift=78 | layer=18 | mean r=-0.024
ACROSS-CIRC     mgpt | shift=78 | layer=19 | mean r=-0.019
ACROSS-CIRC     mgpt | shift=78 | layer=20 | mean r=-0.012
ACROSS-CIRC     mgpt | shift=78 | layer=21 | mean r=-0.009
ACROSS-CIRC     mgpt | shift=78 | layer=22 | mean r=-0.006
ACROSS-CIRC     mgpt | shift=78 | layer=23 | mean r=-0.003
ACROSS-CIRC     mgpt | shift=78 | layer=24 | mean r=-0.015

  >>> Circular shift = 104
ACROSS-CIRC     mgpt | shift=104 | layer=0 | mean r=-0.022
ACROSS-CIRC     mgpt | shift=104 | layer=1 | mean r=0.003
ACROSS-CIRC     mgpt | shift=104 | layer=2 | mean r=-0.014
ACROSS-CIRC     mgpt | shift=104 | layer=3 | mean r=-0.023
ACROSS-CIRC     mgpt | shift=104 | layer=4 | mean r=-0.020
ACROSS-CIRC     mgpt | shift=104 | layer=5 | mean r=-0.018
ACROSS-CIRC     mgpt | shift=104 | layer=6 | mean r=-0.015
ACROSS-CIRC     mgpt | shift=104 | layer=7 | mean r=-0.019
ACROSS-CIRC     mgpt | shift=104 | layer=8 | mean r=-0.013
ACROSS-CIRC     mgpt | shift=104 | layer=9 | mean r=-0.010
ACROSS-CIRC     mgpt | shift=104 | layer=10 | mean r=-0.013
ACROSS-CIRC     mgpt | shift=104 | layer=11 | mean r=-0.015
ACROSS-CIRC     mgpt | shift=104 | layer=12 | mean r=-0.006
ACROSS-CIRC     mgpt | shift=104 | layer=13 | mean r=-0.004
ACROSS-CIRC     mgpt | shift=104 | layer=14 | mean r=-0.002
ACROSS-CIRC     mgpt | shift=104 | layer=15 | mean r=-0.002
ACROSS-CIRC     mgpt | shift=104 | layer=16 | mean r=-0.005
ACROSS-CIRC     mgpt | shift=104 | layer=17 | mean r=-0.006
ACROSS-CIRC     mgpt | shift=104 | layer=18 | mean r=-0.009
ACROSS-CIRC     mgpt | shift=104 | layer=19 | mean r=-0.011
ACROSS-CIRC     mgpt | shift=104 | layer=20 | mean r=-0.008
ACROSS-CIRC     mgpt | shift=104 | layer=21 | mean r=-0.008
ACROSS-CIRC     mgpt | shift=104 | layer=22 | mean r=-0.008
ACROSS-CIRC     mgpt | shift=104 | layer=23 | mean r=-0.008
ACROSS-CIRC     mgpt | shift=104 | layer=24 | mean r=-0.016


Processing Lang_LH_IFGorb (3/6)

  >>> Circular shift = 26
ACROSS-CIRC     mgpt | shift=26 | layer=0 | mean r=0.030
ACROSS-CIRC     mgpt | shift=26 | layer=1 | mean r=0.034
ACROSS-CIRC     mgpt | shift=26 | layer=2 | mean r=0.043
ACROSS-CIRC     mgpt | shift=26 | layer=3 | mean r=0.049
ACROSS-CIRC     mgpt | shift=26 | layer=4 | mean r=0.038
ACROSS-CIRC     mgpt | shift=26 | layer=5 | mean r=0.031
ACROSS-CIRC     mgpt | shift=26 | layer=6 | mean r=0.026
ACROSS-CIRC     mgpt | shift=26 | layer=7 | mean r=0.022
ACROSS-CIRC     mgpt | shift=26 | layer=8 | mean r=0.023
ACROSS-CIRC     mgpt | shift=26 | layer=9 | mean r=0.020
ACROSS-CIRC     mgpt | shift=26 | layer=10 | mean r=0.017
ACROSS-CIRC     mgpt | shift=26 | layer=11 | mean r=0.016
ACROSS-CIRC     mgpt | shift=26 | layer=12 | mean r=0.010
ACROSS-CIRC     mgpt | shift=26 | layer=13 | mean r=0.012
ACROSS-CIRC     mgpt | shift=26 | layer=14 | mean r=0.013
ACROSS-CIRC     mgpt | shift=26 | layer=15 | mean r=0.015
ACROSS-CIRC     mgpt | shift=26 | layer=16 | mean r=0.011
ACROSS-CIRC     mgpt | shift=26 | layer=17 | mean r=0.007
ACROSS-CIRC     mgpt | shift=26 | layer=18 | mean r=0.006
ACROSS-CIRC     mgpt | shift=26 | layer=19 | mean r=0.006
ACROSS-CIRC     mgpt | shift=26 | layer=20 | mean r=0.010
ACROSS-CIRC     mgpt | shift=26 | layer=21 | mean r=0.011
ACROSS-CIRC     mgpt | shift=26 | layer=22 | mean r=0.013
ACROSS-CIRC     mgpt | shift=26 | layer=23 | mean r=0.014
ACROSS-CIRC     mgpt | shift=26 | layer=24 | mean r=0.019

  >>> Circular shift = 52
