>>> SCRIPT LAUNCHED
[INFO] Himalaya backend set to <module 'himalaya.backend.torch_cuda' from '/home/devar_ag/.conda/envs/reasoning-models/lib/python3.10/site-packages/himalaya/backend/torch_cuda.py'> (cuda)
>>> STARTING JOB in mode: within-split
>>> Loaded fMRI data
Processing - WITHIN (SPLIT-CONTEXT) mode


[WITHIN-SPLIT] Processing Lang_LH_AntTemp (1/6)
WITHIN-SPLIT xglm_large | fROI=Lang_LH_AntTemp | layer=0 | mean r=0.007
WITHIN-SPLIT xglm_large | fROI=Lang_LH_AntTemp | layer=1 | mean r=-0.026
WITHIN-SPLIT xglm_large | fROI=Lang_LH_AntTemp | layer=2 | mean r=-0.018
WITHIN-SPLIT xglm_large | fROI=Lang_LH_AntTemp | layer=3 | mean r=-0.006
WITHIN-SPLIT xglm_large | fROI=Lang_LH_AntTemp | layer=4 | mean r=-0.004
WITHIN-SPLIT xglm_large | fROI=Lang_LH_AntTemp | layer=5 | mean r=0.005
WITHIN-SPLIT xglm_large | fROI=Lang_LH_AntTemp | layer=6 | mean r=0.018
WITHIN-SPLIT xglm_large | fROI=Lang_LH_AntTemp | layer=7 | mean r=0.025
WITHIN-SPLIT xglm_large | fROI=Lang_LH_AntTemp | layer=8 | mean r=0.033
WITHIN-SPLIT xglm_large | fROI=Lang_LH_AntTemp | layer=9 | mean r=0.036
WITHIN-SPLIT xglm_large | fROI=Lang_LH_AntTemp | layer=10 | mean r=0.036
WITHIN-SPLIT xglm_large | fROI=Lang_LH_AntTemp | layer=11 | mean r=0.051
WITHIN-SPLIT xglm_large | fROI=Lang_LH_AntTemp | layer=12 | mean r=0.077
WITHIN-SPLIT xglm_large | fROI=Lang_LH_AntTemp | layer=13 | mean r=0.096
WITHIN-SPLIT xglm_large | fROI=Lang_LH_AntTemp | layer=14 | mean r=0.080
WITHIN-SPLIT xglm_large | fROI=Lang_LH_AntTemp | layer=15 | mean r=0.096
WITHIN-SPLIT xglm_large | fROI=Lang_LH_AntTemp | layer=16 | mean r=0.092
WITHIN-SPLIT xglm_large | fROI=Lang_LH_AntTemp | layer=17 | mean r=0.093
WITHIN-SPLIT xglm_large | fROI=Lang_LH_AntTemp | layer=18 | mean r=0.102
WITHIN-SPLIT xglm_large | fROI=Lang_LH_AntTemp | layer=19 | mean r=0.102
WITHIN-SPLIT xglm_large | fROI=Lang_LH_AntTemp | layer=20 | mean r=0.088
WITHIN-SPLIT xglm_large | fROI=Lang_LH_AntTemp | layer=21 | mean r=0.085
WITHIN-SPLIT xglm_large | fROI=Lang_LH_AntTemp | layer=22 | mean r=0.076
WITHIN-SPLIT xglm_large | fROI=Lang_LH_AntTemp | layer=23 | mean r=0.082
WITHIN-SPLIT xglm_large | fROI=Lang_LH_AntTemp | layer=24 | mean r=0.091
WITHIN-SPLIT xglm_large | fROI=Lang_LH_AntTemp | layer=25 | mean r=0.098
WITHIN-SPLIT xglm_large | fROI=Lang_LH_AntTemp | layer=26 | mean r=0.089
WITHIN-SPLIT xglm_large | fROI=Lang_LH_AntTemp | layer=27 | mean r=0.091
WITHIN-SPLIT xglm_large | fROI=Lang_LH_AntTemp | layer=28 | mean r=0.092
WITHIN-SPLIT xglm_large | fROI=Lang_LH_AntTemp | layer=29 | mean r=0.100
WITHIN-SPLIT xglm_large | fROI=Lang_LH_AntTemp | layer=30 | mean r=0.097
WITHIN-SPLIT xglm_large | fROI=Lang_LH_AntTemp | layer=31 | mean r=0.098
WITHIN-SPLIT xglm_large | fROI=Lang_LH_AntTemp | layer=32 | mean r=0.095
WITHIN-SPLIT xglm_large | fROI=Lang_LH_AntTemp | layer=33 | mean r=0.088
WITHIN-SPLIT xglm_large | fROI=Lang_LH_AntTemp | layer=34 | mean r=0.091
WITHIN-SPLIT xglm_large | fROI=Lang_LH_AntTemp | layer=35 | mean r=0.087
WITHIN-SPLIT xglm_large | fROI=Lang_LH_AntTemp | layer=36 | mean r=0.091
WITHIN-SPLIT xglm_large | fROI=Lang_LH_AntTemp | layer=37 | mean r=0.103
WITHIN-SPLIT xglm_large | fROI=Lang_LH_AntTemp | layer=38 | mean r=0.110
WITHIN-SPLIT xglm_large | fROI=Lang_LH_AntTemp | layer=39 | mean r=0.108
WITHIN-SPLIT xglm_large | fROI=Lang_LH_AntTemp | layer=40 | mean r=0.105
WITHIN-SPLIT xglm_large | fROI=Lang_LH_AntTemp | layer=41 | mean r=0.102
WITHIN-SPLIT xglm_large | fROI=Lang_LH_AntTemp | layer=42 | mean r=0.089
WITHIN-SPLIT xglm_large | fROI=Lang_LH_AntTemp | layer=43 | mean r=0.093
WITHIN-SPLIT xglm_large | fROI=Lang_LH_AntTemp | layer=44 | mean r=0.091
WITHIN-SPLIT xglm_large | fROI=Lang_LH_AntTemp | layer=45 | mean r=0.095
WITHIN-SPLIT xglm_large | fROI=Lang_LH_AntTemp | layer=46 | mean r=0.092
WITHIN-SPLIT xglm_large | fROI=Lang_LH_AntTemp | layer=47 | mean r=0.093
WITHIN-SPLIT xglm_large | fROI=Lang_LH_AntTemp | layer=48 | mean r=0.078


[WITHIN-SPLIT] Processing Lang_LH_IFG (2/6)
WITHIN-SPLIT xglm_large | fROI=Lang_LH_IFG | layer=0 | mean r=0.076
WITHIN-SPLIT xglm_large | fROI=Lang_LH_IFG | layer=1 | mean r=0.072
WITHIN-SPLIT xglm_large | fROI=Lang_LH_IFG | layer=2 | mean r=0.066
WITHIN-SPLIT xglm_large | fROI=Lang_LH_IFG | layer=3 | mean r=0.065
WITHIN-SPLIT xglm_large | fROI=Lang_LH_IFG | layer=4 | mean r=0.056
WITHIN-SPLIT xglm_large | fROI=Lang_LH_IFG | layer=5 | mean r=0.060
WITHIN-SPLIT xglm_large | fROI=Lang_LH_IFG | layer=6 | mean r=0.078
WITHIN-SPLIT xglm_large | fROI=Lang_LH_IFG | layer=7 | mean r=0.096
WITHIN-SPLIT xglm_large | fROI=Lang_LH_IFG | layer=8 | mean r=0.107
WITHIN-SPLIT xglm_large | fROI=Lang_LH_IFG | layer=9 | mean r=0.114
WITHIN-SPLIT xglm_large | fROI=Lang_LH_IFG | layer=10 | mean r=0.119
WITHIN-SPLIT xglm_large | fROI=Lang_LH_IFG | layer=11 | mean r=0.109
WITHIN-SPLIT xglm_large | fROI=Lang_LH_IFG | layer=12 | mean r=0.108
WITHIN-SPLIT xglm_large | fROI=Lang_LH_IFG | layer=13 | mean r=0.119
WITHIN-SPLIT xglm_large | fROI=Lang_LH_IFG | layer=14 | mean r=0.108
WITHIN-SPLIT xglm_large | fROI=Lang_LH_IFG | layer=15 | mean r=0.128
WITHIN-SPLIT xglm_large | fROI=Lang_LH_IFG | layer=16 | mean r=0.132
WITHIN-SPLIT xglm_large | fROI=Lang_LH_IFG | layer=17 | mean r=0.155
WITHIN-SPLIT xglm_large | fROI=Lang_LH_IFG | layer=18 | mean r=0.138
WITHIN-SPLIT xglm_large | fROI=Lang_LH_IFG | layer=19 | mean r=0.141
WITHIN-SPLIT xglm_large | fROI=Lang_LH_IFG | layer=20 | mean r=0.126
WITHIN-SPLIT xglm_large | fROI=Lang_LH_IFG | layer=21 | mean r=0.141
WITHIN-SPLIT xglm_large | fROI=Lang_LH_IFG | layer=22 | mean r=0.134
WITHIN-SPLIT xglm_large | fROI=Lang_LH_IFG | layer=23 | mean r=0.144
WITHIN-SPLIT xglm_large | fROI=Lang_LH_IFG | layer=24 | mean r=0.151
WITHIN-SPLIT xglm_large | fROI=Lang_LH_IFG | layer=25 | mean r=0.151
WITHIN-SPLIT xglm_large | fROI=Lang_LH_IFG | layer=26 | mean r=0.148
WITHIN-SPLIT xglm_large | fROI=Lang_LH_IFG | layer=27 | mean r=0.151
WITHIN-SPLIT xglm_large | fROI=Lang_LH_IFG | layer=28 | mean r=0.157
WITHIN-SPLIT xglm_large | fROI=Lang_LH_IFG | layer=29 | mean r=0.167
WITHIN-SPLIT xglm_large | fROI=Lang_LH_IFG | layer=30 | mean r=0.169
WITHIN-SPLIT xglm_large | fROI=Lang_LH_IFG | layer=31 | mean r=0.167
WITHIN-SPLIT xglm_large | fROI=Lang_LH_IFG | layer=32 | mean r=0.167
WITHIN-SPLIT xglm_large | fROI=Lang_LH_IFG | layer=33 | mean r=0.173
WITHIN-SPLIT xglm_large | fROI=Lang_LH_IFG | layer=34 | mean r=0.166
WITHIN-SPLIT xglm_large | fROI=Lang_LH_IFG | layer=35 | mean r=0.165
WITHIN-SPLIT xglm_large | fROI=Lang_LH_IFG | layer=36 | mean r=0.166
WITHIN-SPLIT xglm_large | fROI=Lang_LH_IFG | layer=37 | mean r=0.166
WITHIN-SPLIT xglm_large | fROI=Lang_LH_IFG | layer=38 | mean r=0.164
WITHIN-SPLIT xglm_large | fROI=Lang_LH_IFG | layer=39 | mean r=0.176
WITHIN-SPLIT xglm_large | fROI=Lang_LH_IFG | layer=40 | mean r=0.173
WITHIN-SPLIT xglm_large | fROI=Lang_LH_IFG | layer=41 | mean r=0.169
WITHIN-SPLIT xglm_large | fROI=Lang_LH_IFG | layer=42 | mean r=0.166
WITHIN-SPLIT xglm_large | fROI=Lang_LH_IFG | layer=43 | mean r=0.167
WITHIN-SPLIT xglm_large | fROI=Lang_LH_IFG | layer=44 | mean r=0.159
WITHIN-SPLIT xglm_large | fROI=Lang_LH_IFG | layer=45 | mean r=0.161
WITHIN-SPLIT xglm_large | fROI=Lang_LH_IFG | layer=46 | mean r=0.160
WITHIN-SPLIT xglm_large | fROI=Lang_LH_IFG | layer=47 | mean r=0.160
WITHIN-SPLIT xglm_large | fROI=Lang_LH_IFG | layer=48 | mean r=0.168


[WITHIN-SPLIT] Processing Lang_LH_IFGorb (3/6)
WITHIN-SPLIT xglm_large | fROI=Lang_LH_IFGorb | layer=0 | mean r=0.061
WITHIN-SPLIT xglm_large | fROI=Lang_LH_IFGorb | layer=1 | mean r=0.023
WITHIN-SPLIT xglm_large | fROI=Lang_LH_IFGorb | layer=2 | mean r=0.012
WITHIN-SPLIT xglm_large | fROI=Lang_LH_IFGorb | layer=3 | mean r=-0.002
WITHIN-SPLIT xglm_large | fROI=Lang_LH_IFGorb | layer=4 | mean r=-0.005
WITHIN-SPLIT xglm_large | fROI=Lang_LH_IFGorb | layer=5 | mean r=0.000
WITHIN-SPLIT xglm_large | fROI=Lang_LH_IFGorb | layer=6 | mean r=0.022
WITHIN-SPLIT xglm_large | fROI=Lang_LH_IFGorb | layer=7 | mean r=0.033
WITHIN-SPLIT xglm_large | fROI=Lang_LH_IFGorb | layer=8 | mean r=0.054
WITHIN-SPLIT xglm_large | fROI=Lang_LH_IFGorb | layer=9 | mean r=0.061
WITHIN-SPLIT xglm_large | fROI=Lang_LH_IFGorb | layer=10 | mean r=0.083
WITHIN-SPLIT xglm_large | fROI=Lang_LH_IFGorb | layer=11 | mean r=0.083
WITHIN-SPLIT xglm_large | fROI=Lang_LH_IFGorb | layer=12 | mean r=0.091
WITHIN-SPLIT xglm_large | fROI=Lang_LH_IFGorb | layer=13 | mean r=0.110
WITHIN-SPLIT xglm_large | fROI=Lang_LH_IFGorb | layer=14 | mean r=0.133
WITHIN-SPLIT xglm_large | fROI=Lang_LH_IFGorb | layer=15 | mean r=0.140
WITHIN-SPLIT xglm_large | fROI=Lang_LH_IFGorb | layer=16 | mean r=0.143
WITHIN-SPLIT xglm_large | fROI=Lang_LH_IFGorb | layer=17 | mean r=0.144
WITHIN-SPLIT xglm_large | fROI=Lang_LH_IFGorb | layer=18 | mean r=0.148
WITHIN-SPLIT xglm_large | fROI=Lang_LH_IFGorb | layer=19 | mean r=0.139
WITHIN-SPLIT xglm_large | fROI=Lang_LH_IFGorb | layer=20 | mean r=0.148
WITHIN-SPLIT xglm_large | fROI=Lang_LH_IFGorb | layer=21 | mean r=0.156
WITHIN-SPLIT xglm_large | fROI=Lang_LH_IFGorb | layer=22 | mean r=0.151
WITHIN-SPLIT xglm_large | fROI=Lang_LH_IFGorb | layer=23 | mean r=0.164
WITHIN-SPLIT xglm_large | fROI=Lang_LH_IFGorb | layer=24 | mean r=0.173
WITHIN-SPLIT xglm_large | fROI=Lang_LH_IFGorb | layer=25 | mean r=0.169
WITHIN-SPLIT xglm_large | fROI=Lang_LH_IFGorb | layer=26 | mean r=0.164
WITHIN-SPLIT xglm_large | fROI=Lang_LH_IFGorb | layer=27 | mean r=0.163
WITHIN-SPLIT xglm_large | fROI=Lang_LH_IFGorb | layer=28 | mean r=0.176
WITHIN-SPLIT xglm_large | fROI=Lang_LH_IFGorb | layer=29 | mean r=0.172
WITHIN-SPLIT xglm_large | fROI=Lang_LH_IFGorb | layer=30 | mean r=0.176
WITHIN-SPLIT xglm_large | fROI=Lang_LH_IFGorb | layer=31 | mean r=0.163
WITHIN-SPLIT xglm_large | fROI=Lang_LH_IFGorb | layer=32 | mean r=0.169
WITHIN-SPLIT xglm_large | fROI=Lang_LH_IFGorb | layer=33 | mean r=0.171
WITHIN-SPLIT xglm_large | fROI=Lang_LH_IFGorb | layer=34 | mean r=0.184
WITHIN-SPLIT xglm_large | fROI=Lang_LH_IFGorb | layer=35 | mean r=0.184
WITHIN-SPLIT xglm_large | fROI=Lang_LH_IFGorb | layer=36 | mean r=0.186
WITHIN-SPLIT xglm_large | fROI=Lang_LH_IFGorb | layer=37 | mean r=0.188
WITHIN-SPLIT xglm_large | fROI=Lang_LH_IFGorb | layer=38 | mean r=0.174
WITHIN-SPLIT xglm_large | fROI=Lang_LH_IFGorb | layer=39 | mean r=0.183
WITHIN-SPLIT xglm_large | fROI=Lang_LH_IFGorb | layer=40 | mean r=0.175
WITHIN-SPLIT xglm_large | fROI=Lang_LH_IFGorb | layer=41 | mean r=0.158
WITHIN-SPLIT xglm_large | fROI=Lang_LH_IFGorb | layer=42 | mean r=0.162
WITHIN-SPLIT xglm_large | fROI=Lang_LH_IFGorb | layer=43 | mean r=0.151
WITHIN-SPLIT xglm_large | fROI=Lang_LH_IFGorb | layer=44 | mean r=0.151
WITHIN-SPLIT xglm_large | fROI=Lang_LH_IFGorb | layer=45 | mean r=0.147
WITHIN-SPLIT xglm_large | fROI=Lang_LH_IFGorb | layer=46 | mean r=0.144
WITHIN-SPLIT xglm_large | fROI=Lang_LH_IFGorb | layer=47 | mean r=0.145
WITHIN-SPLIT xglm_large | fROI=Lang_LH_IFGorb | layer=48 | mean r=0.131


[WITHIN-SPLIT] Processing Lang_LH_MFG (4/6)
WITHIN-SPLIT xglm_large | fROI=Lang_LH_MFG | layer=0 | mean r=0.034
WITHIN-SPLIT xglm_large | fROI=Lang_LH_MFG | layer=1 | mean r=0.046
WITHIN-SPLIT xglm_large | fROI=Lang_LH_MFG | layer=2 | mean r=0.027
WITHIN-SPLIT xglm_large | fROI=Lang_LH_MFG | layer=3 | mean r=0.016
WITHIN-SPLIT xglm_large | fROI=Lang_LH_MFG | layer=4 | mean r=0.020
WITHIN-SPLIT xglm_large | fROI=Lang_LH_MFG | layer=5 | mean r=0.046
WITHIN-SPLIT xglm_large | fROI=Lang_LH_MFG | layer=6 | mean r=0.057
WITHIN-SPLIT xglm_large | fROI=Lang_LH_MFG | layer=7 | mean r=0.055
WITHIN-SPLIT xglm_large | fROI=Lang_LH_MFG | layer=8 | mean r=0.085
WITHIN-SPLIT xglm_large | fROI=Lang_LH_MFG | layer=9 | mean r=0.094
WITHIN-SPLIT xglm_large | fROI=Lang_LH_MFG | layer=10 | mean r=0.094
WITHIN-SPLIT xglm_large | fROI=Lang_LH_MFG | layer=11 | mean r=0.111
WITHIN-SPLIT xglm_large | fROI=Lang_LH_MFG | layer=12 | mean r=0.133
WITHIN-SPLIT xglm_large | fROI=Lang_LH_MFG | layer=13 | mean r=0.142
WITHIN-SPLIT xglm_large | fROI=Lang_LH_MFG | layer=14 | mean r=0.154
WITHIN-SPLIT xglm_large | fROI=Lang_LH_MFG | layer=15 | mean r=0.154
WITHIN-SPLIT xglm_large | fROI=Lang_LH_MFG | layer=16 | mean r=0.153
WITHIN-SPLIT xglm_large | fROI=Lang_LH_MFG | layer=17 | mean r=0.160
WITHIN-SPLIT xglm_large | fROI=Lang_LH_MFG | layer=18 | mean r=0.152
WITHIN-SPLIT xglm_large | fROI=Lang_LH_MFG | layer=19 | mean r=0.140
WITHIN-SPLIT xglm_large | fROI=Lang_LH_MFG | layer=20 | mean r=0.134
WITHIN-SPLIT xglm_large | fROI=Lang_LH_MFG | layer=21 | mean r=0.147
WITHIN-SPLIT xglm_large | fROI=Lang_LH_MFG | layer=22 | mean r=0.146
WITHIN-SPLIT xglm_large | fROI=Lang_LH_MFG | layer=23 | mean r=0.170
WITHIN-SPLIT xglm_large | fROI=Lang_LH_MFG | layer=24 | mean r=0.169
WITHIN-SPLIT xglm_large | fROI=Lang_LH_MFG | layer=25 | mean r=0.169
WITHIN-SPLIT xglm_large | fROI=Lang_LH_MFG | layer=26 | mean r=0.169
WITHIN-SPLIT xglm_large | fROI=Lang_LH_MFG | layer=27 | mean r=0.178
WITHIN-SPLIT xglm_large | fROI=Lang_LH_MFG | layer=28 | mean r=0.181
WITHIN-SPLIT xglm_large | fROI=Lang_LH_MFG | layer=29 | mean r=0.179
WITHIN-SPLIT xglm_large | fROI=Lang_LH_MFG | layer=30 | mean r=0.172
WITHIN-SPLIT xglm_large | fROI=Lang_LH_MFG | layer=31 | mean r=0.165
WITHIN-SPLIT xglm_large | fROI=Lang_LH_MFG | layer=32 | mean r=0.177
WITHIN-SPLIT xglm_large | fROI=Lang_LH_MFG | layer=33 | mean r=0.181
WITHIN-SPLIT xglm_large | fROI=Lang_LH_MFG | layer=34 | mean r=0.187
WITHIN-SPLIT xglm_large | fROI=Lang_LH_MFG | layer=35 | mean r=0.184
WITHIN-SPLIT xglm_large | fROI=Lang_LH_MFG | layer=36 | mean r=0.185
WITHIN-SPLIT xglm_large | fROI=Lang_LH_MFG | layer=37 | mean r=0.185
WITHIN-SPLIT xglm_large | fROI=Lang_LH_MFG | layer=38 | mean r=0.188
WITHIN-SPLIT xglm_large | fROI=Lang_LH_MFG | layer=39 | mean r=0.189
WITHIN-SPLIT xglm_large | fROI=Lang_LH_MFG | layer=40 | mean r=0.187
WITHIN-SPLIT xglm_large | fROI=Lang_LH_MFG | layer=41 | mean r=0.171
WITHIN-SPLIT xglm_large | fROI=Lang_LH_MFG | layer=42 | mean r=0.171
WITHIN-SPLIT xglm_large | fROI=Lang_LH_MFG | layer=43 | mean r=0.163
WITHIN-SPLIT xglm_large | fROI=Lang_LH_MFG | layer=44 | mean r=0.164
WITHIN-SPLIT xglm_large | fROI=Lang_LH_MFG | layer=45 | mean r=0.162
WITHIN-SPLIT xglm_large | fROI=Lang_LH_MFG | layer=46 | mean r=0.156
WITHIN-SPLIT xglm_large | fROI=Lang_LH_MFG | layer=47 | mean r=0.153
WITHIN-SPLIT xglm_large | fROI=Lang_LH_MFG | layer=48 | mean r=0.162


[WITHIN-SPLIT] Processing Lang_LH_PostTemp (5/6)
WITHIN-SPLIT xglm_large | fROI=Lang_LH_PostTemp | layer=0 | mean r=0.035
WITHIN-SPLIT xglm_large | fROI=Lang_LH_PostTemp | layer=1 | mean r=0.009
WITHIN-SPLIT xglm_large | fROI=Lang_LH_PostTemp | layer=2 | mean r=0.021
WITHIN-SPLIT xglm_large | fROI=Lang_LH_PostTemp | layer=3 | mean r=0.010
WITHIN-SPLIT xglm_large | fROI=Lang_LH_PostTemp | layer=4 | mean r=0.036
WITHIN-SPLIT xglm_large | fROI=Lang_LH_PostTemp | layer=5 | mean r=0.047
WITHIN-SPLIT xglm_large | fROI=Lang_LH_PostTemp | layer=6 | mean r=0.055
WITHIN-SPLIT xglm_large | fROI=Lang_LH_PostTemp | layer=7 | mean r=0.062
WITHIN-SPLIT xglm_large | fROI=Lang_LH_PostTemp | layer=8 | mean r=0.082
WITHIN-SPLIT xglm_large | fROI=Lang_LH_PostTemp | layer=9 | mean r=0.078
WITHIN-SPLIT xglm_large | fROI=Lang_LH_PostTemp | layer=10 | mean r=0.091
WITHIN-SPLIT xglm_large | fROI=Lang_LH_PostTemp | layer=11 | mean r=0.091
WITHIN-SPLIT xglm_large | fROI=Lang_LH_PostTemp | layer=12 | mean r=0.123
WITHIN-SPLIT xglm_large | fROI=Lang_LH_PostTemp | layer=13 | mean r=0.140
WITHIN-SPLIT xglm_large | fROI=Lang_LH_PostTemp | layer=14 | mean r=0.152
WITHIN-SPLIT xglm_large | fROI=Lang_LH_PostTemp | layer=15 | mean r=0.172
WITHIN-SPLIT xglm_large | fROI=Lang_LH_PostTemp | layer=16 | mean r=0.169
WITHIN-SPLIT xglm_large | fROI=Lang_LH_PostTemp | layer=17 | mean r=0.167
WITHIN-SPLIT xglm_large | fROI=Lang_LH_PostTemp | layer=18 | mean r=0.164
WITHIN-SPLIT xglm_large | fROI=Lang_LH_PostTemp | layer=19 | mean r=0.161
WITHIN-SPLIT xglm_large | fROI=Lang_LH_PostTemp | layer=20 | mean r=0.162
WITHIN-SPLIT xglm_large | fROI=Lang_LH_PostTemp | layer=21 | mean r=0.158
WITHIN-SPLIT xglm_large | fROI=Lang_LH_PostTemp | layer=22 | mean r=0.159
WITHIN-SPLIT xglm_large | fROI=Lang_LH_PostTemp | layer=23 | mean r=0.163
WITHIN-SPLIT xglm_large | fROI=Lang_LH_PostTemp | layer=24 | mean r=0.174
WITHIN-SPLIT xglm_large | fROI=Lang_LH_PostTemp | layer=25 | mean r=0.187
WITHIN-SPLIT xglm_large | fROI=Lang_LH_PostTemp | layer=26 | mean r=0.183
WITHIN-SPLIT xglm_large | fROI=Lang_LH_PostTemp | layer=27 | mean r=0.195
WITHIN-SPLIT xglm_large | fROI=Lang_LH_PostTemp | layer=28 | mean r=0.201
WITHIN-SPLIT xglm_large | fROI=Lang_LH_PostTemp | layer=29 | mean r=0.203
WITHIN-SPLIT xglm_large | fROI=Lang_LH_PostTemp | layer=30 | mean r=0.194
WITHIN-SPLIT xglm_large | fROI=Lang_LH_PostTemp | layer=31 | mean r=0.183
WITHIN-SPLIT xglm_large | fROI=Lang_LH_PostTemp | layer=32 | mean r=0.188
WITHIN-SPLIT xglm_large | fROI=Lang_LH_PostTemp | layer=33 | mean r=0.180
WITHIN-SPLIT xglm_large | fROI=Lang_LH_PostTemp | layer=34 | mean r=0.186
WITHIN-SPLIT xglm_large | fROI=Lang_LH_PostTemp | layer=35 | mean r=0.185
WITHIN-SPLIT xglm_large | fROI=Lang_LH_PostTemp | layer=36 | mean r=0.183
WITHIN-SPLIT xglm_large | fROI=Lang_LH_PostTemp | layer=37 | mean r=0.181
WITHIN-SPLIT xglm_large | fROI=Lang_LH_PostTemp | layer=38 | mean r=0.185
WITHIN-SPLIT xglm_large | fROI=Lang_LH_PostTemp | layer=39 | mean r=0.181
WITHIN-SPLIT xglm_large | fROI=Lang_LH_PostTemp | layer=40 | mean r=0.179
WITHIN-SPLIT xglm_large | fROI=Lang_LH_PostTemp | layer=41 | mean r=0.174
WITHIN-SPLIT xglm_large | fROI=Lang_LH_PostTemp | layer=42 | mean r=0.175
WITHIN-SPLIT xglm_large | fROI=Lang_LH_PostTemp | layer=43 | mean r=0.169
WITHIN-SPLIT xglm_large | fROI=Lang_LH_PostTemp | layer=44 | mean r=0.164
WITHIN-SPLIT xglm_large | fROI=Lang_LH_PostTemp | layer=45 | mean r=0.164
WITHIN-SPLIT xglm_large | fROI=Lang_LH_PostTemp | layer=46 | mean r=0.154
WITHIN-SPLIT xglm_large | fROI=Lang_LH_PostTemp | layer=47 | mean r=0.169
WITHIN-SPLIT xglm_large | fROI=Lang_LH_PostTemp | layer=48 | mean r=0.159


[WITHIN-SPLIT] Processing all (6/6)
WITHIN-SPLIT xglm_large | fROI=all | layer=0 | mean r=0.045
WITHIN-SPLIT xglm_large | fROI=all | layer=1 | mean r=0.026
WITHIN-SPLIT xglm_large | fROI=all | layer=2 | mean r=0.016
WITHIN-SPLIT xglm_large | fROI=all | layer=3 | mean r=0.009
WITHIN-SPLIT xglm_large | fROI=all | layer=4 | mean r=0.011
WITHIN-SPLIT xglm_large | fROI=all | layer=5 | mean r=0.030
WITHIN-SPLIT xglm_large | fROI=all | layer=6 | mean r=0.049
WITHIN-SPLIT xglm_large | fROI=all | layer=7 | mean r=0.078
WITHIN-SPLIT xglm_large | fROI=all | layer=8 | mean r=0.099
WITHIN-SPLIT xglm_large | fROI=all | layer=9 | mean r=0.104
WITHIN-SPLIT xglm_large | fROI=all | layer=10 | mean r=0.121
WITHIN-SPLIT xglm_large | fROI=all | layer=11 | mean r=0.120
WITHIN-SPLIT xglm_large | fROI=all | layer=12 | mean r=0.131
WITHIN-SPLIT xglm_large | fROI=all | layer=13 | mean r=0.146
WITHIN-SPLIT xglm_large | fROI=all | layer=14 | mean r=0.158
WITHIN-SPLIT xglm_large | fROI=all | layer=15 | mean r=0.172
WITHIN-SPLIT xglm_large | fROI=all | layer=16 | mean r=0.183
WITHIN-SPLIT xglm_large | fROI=all | layer=17 | mean r=0.180
WITHIN-SPLIT xglm_large | fROI=all | layer=18 | mean r=0.195
WITHIN-SPLIT xglm_large | fROI=all | layer=19 | mean r=0.176
WITHIN-SPLIT xglm_large | fROI=all | layer=20 | mean r=0.175
WITHIN-SPLIT xglm_large | fROI=all | layer=21 | mean r=0.177
WITHIN-SPLIT xglm_large | fROI=all | layer=22 | mean r=0.168
WITHIN-SPLIT xglm_large | fROI=all | layer=23 | mean r=0.169
WITHIN-SPLIT xglm_large | fROI=all | layer=24 | mean r=0.165
WITHIN-SPLIT xglm_large | fROI=all | layer=25 | mean r=0.175
WITHIN-SPLIT xglm_large | fROI=all | layer=26 | mean r=0.174
WITHIN-SPLIT xglm_large | fROI=all | layer=27 | mean r=0.187
WITHIN-SPLIT xglm_large | fROI=all | layer=28 | mean r=0.198
WITHIN-SPLIT xglm_large | fROI=all | layer=29 | mean r=0.201
WITHIN-SPLIT xglm_large | fROI=all | layer=30 | mean r=0.196
WITHIN-SPLIT xglm_large | fROI=all | layer=31 | mean r=0.198
WITHIN-SPLIT xglm_large | fROI=all | layer=32 | mean r=0.190
WITHIN-SPLIT xglm_large | fROI=all | layer=33 | mean r=0.192
WITHIN-SPLIT xglm_large | fROI=all | layer=34 | mean r=0.197
WITHIN-SPLIT xglm_large | fROI=all | layer=35 | mean r=0.195
WITHIN-SPLIT xglm_large | fROI=all | layer=36 | mean r=0.198
WITHIN-SPLIT xglm_large | fROI=all | layer=37 | mean r=0.198
WITHIN-SPLIT xglm_large | fROI=all | layer=38 | mean r=0.198
WITHIN-SPLIT xglm_large | fROI=all | layer=39 | mean r=0.199
WITHIN-SPLIT xglm_large | fROI=all | layer=40 | mean r=0.195
WITHIN-SPLIT xglm_large | fROI=all | layer=41 | mean r=0.190
WITHIN-SPLIT xglm_large | fROI=all | layer=42 | mean r=0.183
WITHIN-SPLIT xglm_large | fROI=all | layer=43 | mean r=0.177
WITHIN-SPLIT xglm_large | fROI=all | layer=44 | mean r=0.171
WITHIN-SPLIT xglm_large | fROI=all | layer=45 | mean r=0.169
WITHIN-SPLIT xglm_large | fROI=all | layer=46 | mean r=0.166
WITHIN-SPLIT xglm_large | fROI=all | layer=47 | mean r=0.162
WITHIN-SPLIT xglm_large | fROI=all | layer=48 | mean r=0.158


[WITHIN-SPLIT] Processing Lang_LH_AntTemp (1/6)
WITHIN-SPLIT xglm_small | fROI=Lang_LH_AntTemp | layer=0 | mean r=0.011
WITHIN-SPLIT xglm_small | fROI=Lang_LH_AntTemp | layer=1 | mean r=-0.002
WITHIN-SPLIT xglm_small | fROI=Lang_LH_AntTemp | layer=2 | mean r=-0.039
WITHIN-SPLIT xglm_small | fROI=Lang_LH_AntTemp | layer=3 | mean r=-0.036
WITHIN-SPLIT xglm_small | fROI=Lang_LH_AntTemp | layer=4 | mean r=-0.021
WITHIN-SPLIT xglm_small | fROI=Lang_LH_AntTemp | layer=5 | mean r=0.003
WITHIN-SPLIT xglm_small | fROI=Lang_LH_AntTemp | layer=6 | mean r=-0.018
WITHIN-SPLIT xglm_small | fROI=Lang_LH_AntTemp | layer=7 | mean r=-0.012
WITHIN-SPLIT xglm_small | fROI=Lang_LH_AntTemp | layer=8 | mean r=0.009
WITHIN-SPLIT xglm_small | fROI=Lang_LH_AntTemp | layer=9 | mean r=0.037
WITHIN-SPLIT xglm_small | fROI=Lang_LH_AntTemp | layer=10 | mean r=0.021
WITHIN-SPLIT xglm_small | fROI=Lang_LH_AntTemp | layer=11 | mean r=0.035
WITHIN-SPLIT xglm_small | fROI=Lang_LH_AntTemp | layer=12 | mean r=0.019
WITHIN-SPLIT xglm_small | fROI=Lang_LH_AntTemp | layer=13 | mean r=0.041
WITHIN-SPLIT xglm_small | fROI=Lang_LH_AntTemp | layer=14 | mean r=0.034
WITHIN-SPLIT xglm_small | fROI=Lang_LH_AntTemp | layer=15 | mean r=0.022
WITHIN-SPLIT xglm_small | fROI=Lang_LH_AntTemp | layer=16 | mean r=0.026
WITHIN-SPLIT xglm_small | fROI=Lang_LH_AntTemp | layer=17 | mean r=0.039
WITHIN-SPLIT xglm_small | fROI=Lang_LH_AntTemp | layer=18 | mean r=0.048
WITHIN-SPLIT xglm_small | fROI=Lang_LH_AntTemp | layer=19 | mean r=0.039
WITHIN-SPLIT xglm_small | fROI=Lang_LH_AntTemp | layer=20 | mean r=0.035
WITHIN-SPLIT xglm_small | fROI=Lang_LH_AntTemp | layer=21 | mean r=0.041
WITHIN-SPLIT xglm_small | fROI=Lang_LH_AntTemp | layer=22 | mean r=0.041
WITHIN-SPLIT xglm_small | fROI=Lang_LH_AntTemp | layer=23 | mean r=0.032
WITHIN-SPLIT xglm_small | fROI=Lang_LH_AntTemp | layer=24 | mean r=0.035


[WITHIN-SPLIT] Processing Lang_LH_IFG (2/6)
WITHIN-SPLIT xglm_small | fROI=Lang_LH_IFG | layer=0 | mean r=0.087
WITHIN-SPLIT xglm_small | fROI=Lang_LH_IFG | layer=1 | mean r=0.085
WITHIN-SPLIT xglm_small | fROI=Lang_LH_IFG | layer=2 | mean r=0.070
WITHIN-SPLIT xglm_small | fROI=Lang_LH_IFG | layer=3 | mean r=0.047
WITHIN-SPLIT xglm_small | fROI=Lang_LH_IFG | layer=4 | mean r=0.064
WITHIN-SPLIT xglm_small | fROI=Lang_LH_IFG | layer=5 | mean r=0.071
WITHIN-SPLIT xglm_small | fROI=Lang_LH_IFG | layer=6 | mean r=0.056
WITHIN-SPLIT xglm_small | fROI=Lang_LH_IFG | layer=7 | mean r=0.053
WITHIN-SPLIT xglm_small | fROI=Lang_LH_IFG | layer=8 | mean r=0.057
WITHIN-SPLIT xglm_small | fROI=Lang_LH_IFG | layer=9 | mean r=0.061
WITHIN-SPLIT xglm_small | fROI=Lang_LH_IFG | layer=10 | mean r=0.069
WITHIN-SPLIT xglm_small | fROI=Lang_LH_IFG | layer=11 | mean r=0.079
WITHIN-SPLIT xglm_small | fROI=Lang_LH_IFG | layer=12 | mean r=0.112
WITHIN-SPLIT xglm_small | fROI=Lang_LH_IFG | layer=13 | mean r=0.134
WITHIN-SPLIT xglm_small | fROI=Lang_LH_IFG | layer=14 | mean r=0.134
WITHIN-SPLIT xglm_small | fROI=Lang_LH_IFG | layer=15 | mean r=0.126
WITHIN-SPLIT xglm_small | fROI=Lang_LH_IFG | layer=16 | mean r=0.119
WITHIN-SPLIT xglm_small | fROI=Lang_LH_IFG | layer=17 | mean r=0.115
WITHIN-SPLIT xglm_small | fROI=Lang_LH_IFG | layer=18 | mean r=0.134
WITHIN-SPLIT xglm_small | fROI=Lang_LH_IFG | layer=19 | mean r=0.145
WITHIN-SPLIT xglm_small | fROI=Lang_LH_IFG | layer=20 | mean r=0.136
WITHIN-SPLIT xglm_small | fROI=Lang_LH_IFG | layer=21 | mean r=0.133
WITHIN-SPLIT xglm_small | fROI=Lang_LH_IFG | layer=22 | mean r=0.138
WITHIN-SPLIT xglm_small | fROI=Lang_LH_IFG | layer=23 | mean r=0.147
WITHIN-SPLIT xglm_small | fROI=Lang_LH_IFG | layer=24 | mean r=0.131


[WITHIN-SPLIT] Processing Lang_LH_IFGorb (3/6)
WITHIN-SPLIT xglm_small | fROI=Lang_LH_IFGorb | layer=0 | mean r=0.067
WITHIN-SPLIT xglm_small | fROI=Lang_LH_IFGorb | layer=1 | mean r=0.039
WITHIN-SPLIT xglm_small | fROI=Lang_LH_IFGorb | layer=2 | mean r=0.020
WITHIN-SPLIT xglm_small | fROI=Lang_LH_IFGorb | layer=3 | mean r=0.015
WITHIN-SPLIT xglm_small | fROI=Lang_LH_IFGorb | layer=4 | mean r=0.011
WITHIN-SPLIT xglm_small | fROI=Lang_LH_IFGorb | layer=5 | mean r=0.000
WITHIN-SPLIT xglm_small | fROI=Lang_LH_IFGorb | layer=6 | mean r=0.023
WITHIN-SPLIT xglm_small | fROI=Lang_LH_IFGorb | layer=7 | mean r=0.031
WITHIN-SPLIT xglm_small | fROI=Lang_LH_IFGorb | layer=8 | mean r=0.055
WITHIN-SPLIT xglm_small | fROI=Lang_LH_IFGorb | layer=9 | mean r=0.066
WITHIN-SPLIT xglm_small | fROI=Lang_LH_IFGorb | layer=10 | mean r=0.081
WITHIN-SPLIT xglm_small | fROI=Lang_LH_IFGorb | layer=11 | mean r=0.066
WITHIN-SPLIT xglm_small | fROI=Lang_LH_IFGorb | layer=12 | mean r=0.082
WITHIN-SPLIT xglm_small | fROI=Lang_LH_IFGorb | layer=13 | mean r=0.106
WITHIN-SPLIT xglm_small | fROI=Lang_LH_IFGorb | layer=14 | mean r=0.103
WITHIN-SPLIT xglm_small | fROI=Lang_LH_IFGorb | layer=15 | mean r=0.087
WITHIN-SPLIT xglm_small | fROI=Lang_LH_IFGorb | layer=16 | mean r=0.093
WITHIN-SPLIT xglm_small | fROI=Lang_LH_IFGorb | layer=17 | mean r=0.111
WITHIN-SPLIT xglm_small | fROI=Lang_LH_IFGorb | layer=18 | mean r=0.116
WITHIN-SPLIT xglm_small | fROI=Lang_LH_IFGorb | layer=19 | mean r=0.106
WITHIN-SPLIT xglm_small | fROI=Lang_LH_IFGorb | layer=20 | mean r=0.083
WITHIN-SPLIT xglm_small | fROI=Lang_LH_IFGorb | layer=21 | mean r=0.095
WITHIN-SPLIT xglm_small | fROI=Lang_LH_IFGorb | layer=22 | mean r=0.087
WITHIN-SPLIT xglm_small | fROI=Lang_LH_IFGorb | layer=23 | mean r=0.073
WITHIN-SPLIT xglm_small | fROI=Lang_LH_IFGorb | layer=24 | mean r=0.069


[WITHIN-SPLIT] Processing Lang_LH_MFG (4/6)
WITHIN-SPLIT xglm_small | fROI=Lang_LH_MFG | layer=0 | mean r=0.081
WITHIN-SPLIT xglm_small | fROI=Lang_LH_MFG | layer=1 | mean r=0.050
WITHIN-SPLIT xglm_small | fROI=Lang_LH_MFG | layer=2 | mean r=0.018
WITHIN-SPLIT xglm_small | fROI=Lang_LH_MFG | layer=3 | mean r=0.014
WITHIN-SPLIT xglm_small | fROI=Lang_LH_MFG | layer=4 | mean r=0.036
WITHIN-SPLIT xglm_small | fROI=Lang_LH_MFG | layer=5 | mean r=0.034
WITHIN-SPLIT xglm_small | fROI=Lang_LH_MFG | layer=6 | mean r=0.046
WITHIN-SPLIT xglm_small | fROI=Lang_LH_MFG | layer=7 | mean r=0.045
WITHIN-SPLIT xglm_small | fROI=Lang_LH_MFG | layer=8 | mean r=0.061
WITHIN-SPLIT xglm_small | fROI=Lang_LH_MFG | layer=9 | mean r=0.056
WITHIN-SPLIT xglm_small | fROI=Lang_LH_MFG | layer=10 | mean r=0.061
WITHIN-SPLIT xglm_small | fROI=Lang_LH_MFG | layer=11 | mean r=0.065
WITHIN-SPLIT xglm_small | fROI=Lang_LH_MFG | layer=12 | mean r=0.095
WITHIN-SPLIT xglm_small | fROI=Lang_LH_MFG | layer=13 | mean r=0.115
WITHIN-SPLIT xglm_small | fROI=Lang_LH_MFG | layer=14 | mean r=0.094
WITHIN-SPLIT xglm_small | fROI=Lang_LH_MFG | layer=15 | mean r=0.082
WITHIN-SPLIT xglm_small | fROI=Lang_LH_MFG | layer=16 | mean r=0.092
WITHIN-SPLIT xglm_small | fROI=Lang_LH_MFG | layer=17 | mean r=0.109
WITHIN-SPLIT xglm_small | fROI=Lang_LH_MFG | layer=18 | mean r=0.104
WITHIN-SPLIT xglm_small | fROI=Lang_LH_MFG | layer=19 | mean r=0.114
WITHIN-SPLIT xglm_small | fROI=Lang_LH_MFG | layer=20 | mean r=0.117
WITHIN-SPLIT xglm_small | fROI=Lang_LH_MFG | layer=21 | mean r=0.115
WITHIN-SPLIT xglm_small | fROI=Lang_LH_MFG | layer=22 | mean r=0.111
WITHIN-SPLIT xglm_small | fROI=Lang_LH_MFG | layer=23 | mean r=0.100
WITHIN-SPLIT xglm_small | fROI=Lang_LH_MFG | layer=24 | mean r=0.097


[WITHIN-SPLIT] Processing Lang_LH_PostTemp (5/6)
WITHIN-SPLIT xglm_small | fROI=Lang_LH_PostTemp | layer=0 | mean r=0.040
WITHIN-SPLIT xglm_small | fROI=Lang_LH_PostTemp | layer=1 | mean r=0.044
WITHIN-SPLIT xglm_small | fROI=Lang_LH_PostTemp | layer=2 | mean r=0.029
WITHIN-SPLIT xglm_small | fROI=Lang_LH_PostTemp | layer=3 | mean r=0.008
WITHIN-SPLIT xglm_small | fROI=Lang_LH_PostTemp | layer=4 | mean r=0.018
WITHIN-SPLIT xglm_small | fROI=Lang_LH_PostTemp | layer=5 | mean r=0.020
WITHIN-SPLIT xglm_small | fROI=Lang_LH_PostTemp | layer=6 | mean r=0.007
WITHIN-SPLIT xglm_small | fROI=Lang_LH_PostTemp | layer=7 | mean r=0.019
WITHIN-SPLIT xglm_small | fROI=Lang_LH_PostTemp | layer=8 | mean r=0.029
WITHIN-SPLIT xglm_small | fROI=Lang_LH_PostTemp | layer=9 | mean r=0.041
WITHIN-SPLIT xglm_small | fROI=Lang_LH_PostTemp | layer=10 | mean r=0.037
WITHIN-SPLIT xglm_small | fROI=Lang_LH_PostTemp | layer=11 | mean r=0.046
WITHIN-SPLIT xglm_small | fROI=Lang_LH_PostTemp | layer=12 | mean r=0.061
WITHIN-SPLIT xglm_small | fROI=Lang_LH_PostTemp | layer=13 | mean r=0.072
WITHIN-SPLIT xglm_small | fROI=Lang_LH_PostTemp | layer=14 | mean r=0.099
WITHIN-SPLIT xglm_small | fROI=Lang_LH_PostTemp | layer=15 | mean r=0.077
WITHIN-SPLIT xglm_small | fROI=Lang_LH_PostTemp | layer=16 | mean r=0.085
WITHIN-SPLIT xglm_small | fROI=Lang_LH_PostTemp | layer=17 | mean r=0.085
WITHIN-SPLIT xglm_small | fROI=Lang_LH_PostTemp | layer=18 | mean r=0.077
WITHIN-SPLIT xglm_small | fROI=Lang_LH_PostTemp | layer=19 | mean r=0.065
WITHIN-SPLIT xglm_small | fROI=Lang_LH_PostTemp | layer=20 | mean r=0.059
WITHIN-SPLIT xglm_small | fROI=Lang_LH_PostTemp | layer=21 | mean r=0.055
WITHIN-SPLIT xglm_small | fROI=Lang_LH_PostTemp | layer=22 | mean r=0.050
WITHIN-SPLIT xglm_small | fROI=Lang_LH_PostTemp | layer=23 | mean r=0.036
WITHIN-SPLIT xglm_small | fROI=Lang_LH_PostTemp | layer=24 | mean r=0.030


[WITHIN-SPLIT] Processing all (6/6)
WITHIN-SPLIT xglm_small | fROI=all | layer=0 | mean r=0.043
WITHIN-SPLIT xglm_small | fROI=all | layer=1 | mean r=0.013
WITHIN-SPLIT xglm_small | fROI=all | layer=2 | mean r=0.002
WITHIN-SPLIT xglm_small | fROI=all | layer=3 | mean r=-0.011
WITHIN-SPLIT xglm_small | fROI=all | layer=4 | mean r=0.017
WITHIN-SPLIT xglm_small | fROI=all | layer=5 | mean r=0.031
WITHIN-SPLIT xglm_small | fROI=all | layer=6 | mean r=0.036
WITHIN-SPLIT xglm_small | fROI=all | layer=7 | mean r=0.022
WITHIN-SPLIT xglm_small | fROI=all | layer=8 | mean r=0.053
WITHIN-SPLIT xglm_small | fROI=all | layer=9 | mean r=0.059
WITHIN-SPLIT xglm_small | fROI=all | layer=10 | mean r=0.065
WITHIN-SPLIT xglm_small | fROI=all | layer=11 | mean r=0.076
WITHIN-SPLIT xglm_small | fROI=all | layer=12 | mean r=0.109
WITHIN-SPLIT xglm_small | fROI=all | layer=13 | mean r=0.119
WITHIN-SPLIT xglm_small | fROI=all | layer=14 | mean r=0.119
WITHIN-SPLIT xglm_small | fROI=all | layer=15 | mean r=0.103
WITHIN-SPLIT xglm_small | fROI=all | layer=16 | mean r=0.112
WITHIN-SPLIT xglm_small | fROI=all | layer=17 | mean r=0.122
WITHIN-SPLIT xglm_small | fROI=all | layer=18 | mean r=0.120
WITHIN-SPLIT xglm_small | fROI=all | layer=19 | mean r=0.118
WITHIN-SPLIT xglm_small | fROI=all | layer=20 | mean r=0.110
WITHIN-SPLIT xglm_small | fROI=all | layer=21 | mean r=0.110
WITHIN-SPLIT xglm_small | fROI=all | layer=22 | mean r=0.100
WITHIN-SPLIT xglm_small | fROI=all | layer=23 | mean r=0.089
WITHIN-SPLIT xglm_small | fROI=all | layer=24 | mean r=0.101


[WITHIN-SPLIT] Processing Lang_LH_AntTemp (1/6)
WITHIN-SPLIT xglm_med | fROI=Lang_LH_AntTemp | layer=0 | mean r=0.015
WITHIN-SPLIT xglm_med | fROI=Lang_LH_AntTemp | layer=1 | mean r=-0.005
WITHIN-SPLIT xglm_med | fROI=Lang_LH_AntTemp | layer=2 | mean r=-0.027
WITHIN-SPLIT xglm_med | fROI=Lang_LH_AntTemp | layer=3 | mean r=-0.002
WITHIN-SPLIT xglm_med | fROI=Lang_LH_AntTemp | layer=4 | mean r=0.015
WITHIN-SPLIT xglm_med | fROI=Lang_LH_AntTemp | layer=5 | mean r=0.030
WITHIN-SPLIT xglm_med | fROI=Lang_LH_AntTemp | layer=6 | mean r=0.029
WITHIN-SPLIT xglm_med | fROI=Lang_LH_AntTemp | layer=7 | mean r=0.041
WITHIN-SPLIT xglm_med | fROI=Lang_LH_AntTemp | layer=8 | mean r=0.051
WITHIN-SPLIT xglm_med | fROI=Lang_LH_AntTemp | layer=9 | mean r=0.068
WITHIN-SPLIT xglm_med | fROI=Lang_LH_AntTemp | layer=10 | mean r=0.082
WITHIN-SPLIT xglm_med | fROI=Lang_LH_AntTemp | layer=11 | mean r=0.090
WITHIN-SPLIT xglm_med | fROI=Lang_LH_AntTemp | layer=12 | mean r=0.085
WITHIN-SPLIT xglm_med | fROI=Lang_LH_AntTemp | layer=13 | mean r=0.095
WITHIN-SPLIT xglm_med | fROI=Lang_LH_AntTemp | layer=14 | mean r=0.096
WITHIN-SPLIT xglm_med | fROI=Lang_LH_AntTemp | layer=15 | mean r=0.100
WITHIN-SPLIT xglm_med | fROI=Lang_LH_AntTemp | layer=16 | mean r=0.122
WITHIN-SPLIT xglm_med | fROI=Lang_LH_AntTemp | layer=17 | mean r=0.115
WITHIN-SPLIT xglm_med | fROI=Lang_LH_AntTemp | layer=18 | mean r=0.119
WITHIN-SPLIT xglm_med | fROI=Lang_LH_AntTemp | layer=19 | mean r=0.113
WITHIN-SPLIT xglm_med | fROI=Lang_LH_AntTemp | layer=20 | mean r=0.127
WITHIN-SPLIT xglm_med | fROI=Lang_LH_AntTemp | layer=21 | mean r=0.137
WITHIN-SPLIT xglm_med | fROI=Lang_LH_AntTemp | layer=22 | mean r=0.133
WITHIN-SPLIT xglm_med | fROI=Lang_LH_AntTemp | layer=23 | mean r=0.135
WITHIN-SPLIT xglm_med | fROI=Lang_LH_AntTemp | layer=24 | mean r=0.118


[WITHIN-SPLIT] Processing Lang_LH_IFG (2/6)
WITHIN-SPLIT xglm_med | fROI=Lang_LH_IFG | layer=0 | mean r=0.077
WITHIN-SPLIT xglm_med | fROI=Lang_LH_IFG | layer=1 | mean r=0.081
WITHIN-SPLIT xglm_med | fROI=Lang_LH_IFG | layer=2 | mean r=0.075
WITHIN-SPLIT xglm_med | fROI=Lang_LH_IFG | layer=3 | mean r=0.079
WITHIN-SPLIT xglm_med | fROI=Lang_LH_IFG | layer=4 | mean r=0.089
WITHIN-SPLIT xglm_med | fROI=Lang_LH_IFG | layer=5 | mean r=0.106
WITHIN-SPLIT xglm_med | fROI=Lang_LH_IFG | layer=6 | mean r=0.104
WITHIN-SPLIT xglm_med | fROI=Lang_LH_IFG | layer=7 | mean r=0.118
WITHIN-SPLIT xglm_med | fROI=Lang_LH_IFG | layer=8 | mean r=0.135
WITHIN-SPLIT xglm_med | fROI=Lang_LH_IFG | layer=9 | mean r=0.135
WITHIN-SPLIT xglm_med | fROI=Lang_LH_IFG | layer=10 | mean r=0.136
WITHIN-SPLIT xglm_med | fROI=Lang_LH_IFG | layer=11 | mean r=0.143
WITHIN-SPLIT xglm_med | fROI=Lang_LH_IFG | layer=12 | mean r=0.155
WITHIN-SPLIT xglm_med | fROI=Lang_LH_IFG | layer=13 | mean r=0.151
WITHIN-SPLIT xglm_med | fROI=Lang_LH_IFG | layer=14 | mean r=0.155
WITHIN-SPLIT xglm_med | fROI=Lang_LH_IFG | layer=15 | mean r=0.164
WITHIN-SPLIT xglm_med | fROI=Lang_LH_IFG | layer=16 | mean r=0.166
WITHIN-SPLIT xglm_med | fROI=Lang_LH_IFG | layer=17 | mean r=0.168
WITHIN-SPLIT xglm_med | fROI=Lang_LH_IFG | layer=18 | mean r=0.179
WITHIN-SPLIT xglm_med | fROI=Lang_LH_IFG | layer=19 | mean r=0.172
WITHIN-SPLIT xglm_med | fROI=Lang_LH_IFG | layer=20 | mean r=0.182
WITHIN-SPLIT xglm_med | fROI=Lang_LH_IFG | layer=21 | mean r=0.183
WITHIN-SPLIT xglm_med | fROI=Lang_LH_IFG | layer=22 | mean r=0.176
WITHIN-SPLIT xglm_med | fROI=Lang_LH_IFG | layer=23 | mean r=0.181
WITHIN-SPLIT xglm_med | fROI=Lang_LH_IFG | layer=24 | mean r=0.188


[WITHIN-SPLIT] Processing Lang_LH_IFGorb (3/6)
WITHIN-SPLIT xglm_med | fROI=Lang_LH_IFGorb | layer=0 | mean r=0.060
WITHIN-SPLIT xglm_med | fROI=Lang_LH_IFGorb | layer=1 | mean r=0.045
WITHIN-SPLIT xglm_med | fROI=Lang_LH_IFGorb | layer=2 | mean r=0.044
WITHIN-SPLIT xglm_med | fROI=Lang_LH_IFGorb | layer=3 | mean r=0.042
WITHIN-SPLIT xglm_med | fROI=Lang_LH_IFGorb | layer=4 | mean r=0.055
WITHIN-SPLIT xglm_med | fROI=Lang_LH_IFGorb | layer=5 | mean r=0.082
WITHIN-SPLIT xglm_med | fROI=Lang_LH_IFGorb | layer=6 | mean r=0.055
WITHIN-SPLIT xglm_med | fROI=Lang_LH_IFGorb | layer=7 | mean r=0.085
WITHIN-SPLIT xglm_med | fROI=Lang_LH_IFGorb | layer=8 | mean r=0.105
WITHIN-SPLIT xglm_med | fROI=Lang_LH_IFGorb | layer=9 | mean r=0.115
WITHIN-SPLIT xglm_med | fROI=Lang_LH_IFGorb | layer=10 | mean r=0.138
WITHIN-SPLIT xglm_med | fROI=Lang_LH_IFGorb | layer=11 | mean r=0.142
WITHIN-SPLIT xglm_med | fROI=Lang_LH_IFGorb | layer=12 | mean r=0.139
WITHIN-SPLIT xglm_med | fROI=Lang_LH_IFGorb | layer=13 | mean r=0.152
WITHIN-SPLIT xglm_med | fROI=Lang_LH_IFGorb | layer=14 | mean r=0.155
WITHIN-SPLIT xglm_med | fROI=Lang_LH_IFGorb | layer=15 | mean r=0.156
WITHIN-SPLIT xglm_med | fROI=Lang_LH_IFGorb | layer=16 | mean r=0.159
WITHIN-SPLIT xglm_med | fROI=Lang_LH_IFGorb | layer=17 | mean r=0.163
WITHIN-SPLIT xglm_med | fROI=Lang_LH_IFGorb | layer=18 | mean r=0.175
WITHIN-SPLIT xglm_med | fROI=Lang_LH_IFGorb | layer=19 | mean r=0.172
WITHIN-SPLIT xglm_med | fROI=Lang_LH_IFGorb | layer=20 | mean r=0.181
WITHIN-SPLIT xglm_med | fROI=Lang_LH_IFGorb | layer=21 | mean r=0.177
WITHIN-SPLIT xglm_med | fROI=Lang_LH_IFGorb | layer=22 | mean r=0.168
WITHIN-SPLIT xglm_med | fROI=Lang_LH_IFGorb | layer=23 | mean r=0.189
WITHIN-SPLIT xglm_med | fROI=Lang_LH_IFGorb | layer=24 | mean r=0.165


[WITHIN-SPLIT] Processing Lang_LH_MFG (4/6)
WITHIN-SPLIT xglm_med | fROI=Lang_LH_MFG | layer=0 | mean r=0.060
WITHIN-SPLIT xglm_med | fROI=Lang_LH_MFG | layer=1 | mean r=0.045
WITHIN-SPLIT xglm_med | fROI=Lang_LH_MFG | layer=2 | mean r=0.042
WITHIN-SPLIT xglm_med | fROI=Lang_LH_MFG | layer=3 | mean r=0.042
WITHIN-SPLIT xglm_med | fROI=Lang_LH_MFG | layer=4 | mean r=0.060
WITHIN-SPLIT xglm_med | fROI=Lang_LH_MFG | layer=5 | mean r=0.079
WITHIN-SPLIT xglm_med | fROI=Lang_LH_MFG | layer=6 | mean r=0.089
WITHIN-SPLIT xglm_med | fROI=Lang_LH_MFG | layer=7 | mean r=0.101
WITHIN-SPLIT xglm_med | fROI=Lang_LH_MFG | layer=8 | mean r=0.114
WITHIN-SPLIT xglm_med | fROI=Lang_LH_MFG | layer=9 | mean r=0.135
WITHIN-SPLIT xglm_med | fROI=Lang_LH_MFG | layer=10 | mean r=0.143
WITHIN-SPLIT xglm_med | fROI=Lang_LH_MFG | layer=11 | mean r=0.145
WITHIN-SPLIT xglm_med | fROI=Lang_LH_MFG | layer=12 | mean r=0.144
WITHIN-SPLIT xglm_med | fROI=Lang_LH_MFG | layer=13 | mean r=0.157
WITHIN-SPLIT xglm_med | fROI=Lang_LH_MFG | layer=14 | mean r=0.170
WITHIN-SPLIT xglm_med | fROI=Lang_LH_MFG | layer=15 | mean r=0.171
WITHIN-SPLIT xglm_med | fROI=Lang_LH_MFG | layer=16 | mean r=0.185
WITHIN-SPLIT xglm_med | fROI=Lang_LH_MFG | layer=17 | mean r=0.191
WITHIN-SPLIT xglm_med | fROI=Lang_LH_MFG | layer=18 | mean r=0.204
WITHIN-SPLIT xglm_med | fROI=Lang_LH_MFG | layer=19 | mean r=0.204
WITHIN-SPLIT xglm_med | fROI=Lang_LH_MFG | layer=20 | mean r=0.202
WITHIN-SPLIT xglm_med | fROI=Lang_LH_MFG | layer=21 | mean r=0.189
WITHIN-SPLIT xglm_med | fROI=Lang_LH_MFG | layer=22 | mean r=0.187
WITHIN-SPLIT xglm_med | fROI=Lang_LH_MFG | layer=23 | mean r=0.188
WITHIN-SPLIT xglm_med | fROI=Lang_LH_MFG | layer=24 | mean r=0.163


[WITHIN-SPLIT] Processing Lang_LH_PostTemp (5/6)
WITHIN-SPLIT xglm_med | fROI=Lang_LH_PostTemp | layer=0 | mean r=0.032
WITHIN-SPLIT xglm_med | fROI=Lang_LH_PostTemp | layer=1 | mean r=0.051
WITHIN-SPLIT xglm_med | fROI=Lang_LH_PostTemp | layer=2 | mean r=0.050
WITHIN-SPLIT xglm_med | fROI=Lang_LH_PostTemp | layer=3 | mean r=0.059
WITHIN-SPLIT xglm_med | fROI=Lang_LH_PostTemp | layer=4 | mean r=0.072
WITHIN-SPLIT xglm_med | fROI=Lang_LH_PostTemp | layer=5 | mean r=0.077
WITHIN-SPLIT xglm_med | fROI=Lang_LH_PostTemp | layer=6 | mean r=0.071
WITHIN-SPLIT xglm_med | fROI=Lang_LH_PostTemp | layer=7 | mean r=0.098
WITHIN-SPLIT xglm_med | fROI=Lang_LH_PostTemp | layer=8 | mean r=0.127
WITHIN-SPLIT xglm_med | fROI=Lang_LH_PostTemp | layer=9 | mean r=0.131
WITHIN-SPLIT xglm_med | fROI=Lang_LH_PostTemp | layer=10 | mean r=0.134
WITHIN-SPLIT xglm_med | fROI=Lang_LH_PostTemp | layer=11 | mean r=0.138
WITHIN-SPLIT xglm_med | fROI=Lang_LH_PostTemp | layer=12 | mean r=0.137
WITHIN-SPLIT xglm_med | fROI=Lang_LH_PostTemp | layer=13 | mean r=0.153
WITHIN-SPLIT xglm_med | fROI=Lang_LH_PostTemp | layer=14 | mean r=0.163
WITHIN-SPLIT xglm_med | fROI=Lang_LH_PostTemp | layer=15 | mean r=0.166
WITHIN-SPLIT xglm_med | fROI=Lang_LH_PostTemp | layer=16 | mean r=0.162
WITHIN-SPLIT xglm_med | fROI=Lang_LH_PostTemp | layer=17 | mean r=0.167
WITHIN-SPLIT xglm_med | fROI=Lang_LH_PostTemp | layer=18 | mean r=0.169
WITHIN-SPLIT xglm_med | fROI=Lang_LH_PostTemp | layer=19 | mean r=0.169
WITHIN-SPLIT xglm_med | fROI=Lang_LH_PostTemp | layer=20 | mean r=0.158
WITHIN-SPLIT xglm_med | fROI=Lang_LH_PostTemp | layer=21 | mean r=0.152
WITHIN-SPLIT xglm_med | fROI=Lang_LH_PostTemp | layer=22 | mean r=0.148
WITHIN-SPLIT xglm_med | fROI=Lang_LH_PostTemp | layer=23 | mean r=0.147
WITHIN-SPLIT xglm_med | fROI=Lang_LH_PostTemp | layer=24 | mean r=0.129


[WITHIN-SPLIT] Processing all (6/6)
WITHIN-SPLIT xglm_med | fROI=all | layer=0 | mean r=0.062
WITHIN-SPLIT xglm_med | fROI=all | layer=1 | mean r=0.042
WITHIN-SPLIT xglm_med | fROI=all | layer=2 | mean r=0.033
WITHIN-SPLIT xglm_med | fROI=all | layer=3 | mean r=0.062
WITHIN-SPLIT xglm_med | fROI=all | layer=4 | mean r=0.084
WITHIN-SPLIT xglm_med | fROI=all | layer=5 | mean r=0.100
WITHIN-SPLIT xglm_med | fROI=all | layer=6 | mean r=0.107
WITHIN-SPLIT xglm_med | fROI=all | layer=7 | mean r=0.134
WITHIN-SPLIT xglm_med | fROI=all | layer=8 | mean r=0.134
WITHIN-SPLIT xglm_med | fROI=all | layer=9 | mean r=0.148
WITHIN-SPLIT xglm_med | fROI=all | layer=10 | mean r=0.157
WITHIN-SPLIT xglm_med | fROI=all | layer=11 | mean r=0.155
WITHIN-SPLIT xglm_med | fROI=all | layer=12 | mean r=0.164
WITHIN-SPLIT xglm_med | fROI=all | layer=13 | mean r=0.168
WITHIN-SPLIT xglm_med | fROI=all | layer=14 | mean r=0.169
WITHIN-SPLIT xglm_med | fROI=all | layer=15 | mean r=0.173
WITHIN-SPLIT xglm_med | fROI=all | layer=16 | mean r=0.196
WITHIN-SPLIT xglm_med | fROI=all | layer=17 | mean r=0.205
WITHIN-SPLIT xglm_med | fROI=all | layer=18 | mean r=0.216
WITHIN-SPLIT xglm_med | fROI=all | layer=19 | mean r=0.212
WITHIN-SPLIT xglm_med | fROI=all | layer=20 | mean r=0.215
WITHIN-SPLIT xglm_med | fROI=all | layer=21 | mean r=0.211
WITHIN-SPLIT xglm_med | fROI=all | layer=22 | mean r=0.204
WITHIN-SPLIT xglm_med | fROI=all | layer=23 | mean r=0.213
WITHIN-SPLIT xglm_med | fROI=all | layer=24 | mean r=0.188


[WITHIN-SPLIT] Processing Lang_LH_AntTemp (1/6)
WITHIN-SPLIT xglm_xl | fROI=Lang_LH_AntTemp | layer=0 | mean r=-0.005
WITHIN-SPLIT xglm_xl | fROI=Lang_LH_AntTemp | layer=1 | mean r=-0.027
WITHIN-SPLIT xglm_xl | fROI=Lang_LH_AntTemp | layer=2 | mean r=-0.043
WITHIN-SPLIT xglm_xl | fROI=Lang_LH_AntTemp | layer=3 | mean r=-0.036
WITHIN-SPLIT xglm_xl | fROI=Lang_LH_AntTemp | layer=4 | mean r=-0.017
WITHIN-SPLIT xglm_xl | fROI=Lang_LH_AntTemp | layer=5 | mean r=-0.012
WITHIN-SPLIT xglm_xl | fROI=Lang_LH_AntTemp | layer=6 | mean r=-0.016
WITHIN-SPLIT xglm_xl | fROI=Lang_LH_AntTemp | layer=7 | mean r=-0.013
WITHIN-SPLIT xglm_xl | fROI=Lang_LH_AntTemp | layer=8 | mean r=0.005
WITHIN-SPLIT xglm_xl | fROI=Lang_LH_AntTemp | layer=9 | mean r=0.005
WITHIN-SPLIT xglm_xl | fROI=Lang_LH_AntTemp | layer=10 | mean r=0.010
WITHIN-SPLIT xglm_xl | fROI=Lang_LH_AntTemp | layer=11 | mean r=0.017
WITHIN-SPLIT xglm_xl | fROI=Lang_LH_AntTemp | layer=12 | mean r=0.017
WITHIN-SPLIT xglm_xl | fROI=Lang_LH_AntTemp | layer=13 | mean r=0.038
WITHIN-SPLIT xglm_xl | fROI=Lang_LH_AntTemp | layer=14 | mean r=0.036
WITHIN-SPLIT xglm_xl | fROI=Lang_LH_AntTemp | layer=15 | mean r=0.040
WITHIN-SPLIT xglm_xl | fROI=Lang_LH_AntTemp | layer=16 | mean r=0.044
WITHIN-SPLIT xglm_xl | fROI=Lang_LH_AntTemp | layer=17 | mean r=0.051
WITHIN-SPLIT xglm_xl | fROI=Lang_LH_AntTemp | layer=18 | mean r=0.049
WITHIN-SPLIT xglm_xl | fROI=Lang_LH_AntTemp | layer=19 | mean r=0.049
WITHIN-SPLIT xglm_xl | fROI=Lang_LH_AntTemp | layer=20 | mean r=0.066
WITHIN-SPLIT xglm_xl | fROI=Lang_LH_AntTemp | layer=21 | mean r=0.066
WITHIN-SPLIT xglm_xl | fROI=Lang_LH_AntTemp | layer=22 | mean r=0.059
WITHIN-SPLIT xglm_xl | fROI=Lang_LH_AntTemp | layer=23 | mean r=0.056
WITHIN-SPLIT xglm_xl | fROI=Lang_LH_AntTemp | layer=24 | mean r=0.046
WITHIN-SPLIT xglm_xl | fROI=Lang_LH_AntTemp | layer=25 | mean r=0.050
WITHIN-SPLIT xglm_xl | fROI=Lang_LH_AntTemp | layer=26 | mean r=0.058
WITHIN-SPLIT xglm_xl | fROI=Lang_LH_AntTemp | layer=27 | mean r=0.062
WITHIN-SPLIT xglm_xl | fROI=Lang_LH_AntTemp | layer=28 | mean r=0.055
WITHIN-SPLIT xglm_xl | fROI=Lang_LH_AntTemp | layer=29 | mean r=0.066
WITHIN-SPLIT xglm_xl | fROI=Lang_LH_AntTemp | layer=30 | mean r=0.071
WITHIN-SPLIT xglm_xl | fROI=Lang_LH_AntTemp | layer=31 | mean r=0.072
WITHIN-SPLIT xglm_xl | fROI=Lang_LH_AntTemp | layer=32 | mean r=0.076
WITHIN-SPLIT xglm_xl | fROI=Lang_LH_AntTemp | layer=33 | mean r=0.079
WITHIN-SPLIT xglm_xl | fROI=Lang_LH_AntTemp | layer=34 | mean r=0.086
WITHIN-SPLIT xglm_xl | fROI=Lang_LH_AntTemp | layer=35 | mean r=0.084
WITHIN-SPLIT xglm_xl | fROI=Lang_LH_AntTemp | layer=36 | mean r=0.087
WITHIN-SPLIT xglm_xl | fROI=Lang_LH_AntTemp | layer=37 | mean r=0.084
WITHIN-SPLIT xglm_xl | fROI=Lang_LH_AntTemp | layer=38 | mean r=0.085
WITHIN-SPLIT xglm_xl | fROI=Lang_LH_AntTemp | layer=39 | mean r=0.080
WITHIN-SPLIT xglm_xl | fROI=Lang_LH_AntTemp | layer=40 | mean r=0.078
WITHIN-SPLIT xglm_xl | fROI=Lang_LH_AntTemp | layer=41 | mean r=0.072
WITHIN-SPLIT xglm_xl | fROI=Lang_LH_AntTemp | layer=42 | mean r=0.078
WITHIN-SPLIT xglm_xl | fROI=Lang_LH_AntTemp | layer=43 | mean r=0.075
WITHIN-SPLIT xglm_xl | fROI=Lang_LH_AntTemp | layer=44 | mean r=0.074
WITHIN-SPLIT xglm_xl | fROI=Lang_LH_AntTemp | layer=45 | mean r=0.074
WITHIN-SPLIT xglm_xl | fROI=Lang_LH_AntTemp | layer=46 | mean r=0.075
WITHIN-SPLIT xglm_xl | fROI=Lang_LH_AntTemp | layer=47 | mean r=0.077
WITHIN-SPLIT xglm_xl | fROI=Lang_LH_AntTemp | layer=48 | mean r=0.062


[WITHIN-SPLIT] Processing Lang_LH_IFG (2/6)
WITHIN-SPLIT xglm_xl | fROI=Lang_LH_IFG | layer=0 | mean r=0.047
WITHIN-SPLIT xglm_xl | fROI=Lang_LH_IFG | layer=1 | mean r=0.033
WITHIN-SPLIT xglm_xl | fROI=Lang_LH_IFG | layer=2 | mean r=0.030
WITHIN-SPLIT xglm_xl | fROI=Lang_LH_IFG | layer=3 | mean r=0.050
WITHIN-SPLIT xglm_xl | fROI=Lang_LH_IFG | layer=4 | mean r=0.063
WITHIN-SPLIT xglm_xl | fROI=Lang_LH_IFG | layer=5 | mean r=0.056
WITHIN-SPLIT xglm_xl | fROI=Lang_LH_IFG | layer=6 | mean r=0.056
WITHIN-SPLIT xglm_xl | fROI=Lang_LH_IFG | layer=7 | mean r=0.060
WITHIN-SPLIT xglm_xl | fROI=Lang_LH_IFG | layer=8 | mean r=0.068
WITHIN-SPLIT xglm_xl | fROI=Lang_LH_IFG | layer=9 | mean r=0.064
WITHIN-SPLIT xglm_xl | fROI=Lang_LH_IFG | layer=10 | mean r=0.071
WITHIN-SPLIT xglm_xl | fROI=Lang_LH_IFG | layer=11 | mean r=0.087
WITHIN-SPLIT xglm_xl | fROI=Lang_LH_IFG | layer=12 | mean r=0.097
WITHIN-SPLIT xglm_xl | fROI=Lang_LH_IFG | layer=13 | mean r=0.118
WITHIN-SPLIT xglm_xl | fROI=Lang_LH_IFG | layer=14 | mean r=0.105
WITHIN-SPLIT xglm_xl | fROI=Lang_LH_IFG | layer=15 | mean r=0.100
WITHIN-SPLIT xglm_xl | fROI=Lang_LH_IFG | layer=16 | mean r=0.110
WITHIN-SPLIT xglm_xl | fROI=Lang_LH_IFG | layer=17 | mean r=0.111
WITHIN-SPLIT xglm_xl | fROI=Lang_LH_IFG | layer=18 | mean r=0.121
WITHIN-SPLIT xglm_xl | fROI=Lang_LH_IFG | layer=19 | mean r=0.130
WITHIN-SPLIT xglm_xl | fROI=Lang_LH_IFG | layer=20 | mean r=0.138
WITHIN-SPLIT xglm_xl | fROI=Lang_LH_IFG | layer=21 | mean r=0.141
WITHIN-SPLIT xglm_xl | fROI=Lang_LH_IFG | layer=22 | mean r=0.135
WITHIN-SPLIT xglm_xl | fROI=Lang_LH_IFG | layer=23 | mean r=0.134
WITHIN-SPLIT xglm_xl | fROI=Lang_LH_IFG | layer=24 | mean r=0.132
WITHIN-SPLIT xglm_xl | fROI=Lang_LH_IFG | layer=25 | mean r=0.142
WITHIN-SPLIT xglm_xl | fROI=Lang_LH_IFG | layer=26 | mean r=0.139
WITHIN-SPLIT xglm_xl | fROI=Lang_LH_IFG | layer=27 | mean r=0.136
WITHIN-SPLIT xglm_xl | fROI=Lang_LH_IFG | layer=28 | mean r=0.136
WITHIN-SPLIT xglm_xl | fROI=Lang_LH_IFG | layer=29 | mean r=0.139
WITHIN-SPLIT xglm_xl | fROI=Lang_LH_IFG | layer=30 | mean r=0.141
WITHIN-SPLIT xglm_xl | fROI=Lang_LH_IFG | layer=31 | mean r=0.144
WITHIN-SPLIT xglm_xl | fROI=Lang_LH_IFG | layer=32 | mean r=0.161
WITHIN-SPLIT xglm_xl | fROI=Lang_LH_IFG | layer=33 | mean r=0.159
WITHIN-SPLIT xglm_xl | fROI=Lang_LH_IFG | layer=34 | mean r=0.165
WITHIN-SPLIT xglm_xl | fROI=Lang_LH_IFG | layer=35 | mean r=0.169
WITHIN-SPLIT xglm_xl | fROI=Lang_LH_IFG | layer=36 | mean r=0.169
WITHIN-SPLIT xglm_xl | fROI=Lang_LH_IFG | layer=37 | mean r=0.166
WITHIN-SPLIT xglm_xl | fROI=Lang_LH_IFG | layer=38 | mean r=0.174
WITHIN-SPLIT xglm_xl | fROI=Lang_LH_IFG | layer=39 | mean r=0.166
WITHIN-SPLIT xglm_xl | fROI=Lang_LH_IFG | layer=40 | mean r=0.165
WITHIN-SPLIT xglm_xl | fROI=Lang_LH_IFG | layer=41 | mean r=0.160
WITHIN-SPLIT xglm_xl | fROI=Lang_LH_IFG | layer=42 | mean r=0.159
WITHIN-SPLIT xglm_xl | fROI=Lang_LH_IFG | layer=43 | mean r=0.156
WITHIN-SPLIT xglm_xl | fROI=Lang_LH_IFG | layer=44 | mean r=0.152
WITHIN-SPLIT xglm_xl | fROI=Lang_LH_IFG | layer=45 | mean r=0.156
WITHIN-SPLIT xglm_xl | fROI=Lang_LH_IFG | layer=46 | mean r=0.149
WITHIN-SPLIT xglm_xl | fROI=Lang_LH_IFG | layer=47 | mean r=0.150
WITHIN-SPLIT xglm_xl | fROI=Lang_LH_IFG | layer=48 | mean r=0.149


[WITHIN-SPLIT] Processing Lang_LH_IFGorb (3/6)
WITHIN-SPLIT xglm_xl | fROI=Lang_LH_IFGorb | layer=0 | mean r=0.037
WITHIN-SPLIT xglm_xl | fROI=Lang_LH_IFGorb | layer=1 | mean r=0.031
WITHIN-SPLIT xglm_xl | fROI=Lang_LH_IFGorb | layer=2 | mean r=0.022
WITHIN-SPLIT xglm_xl | fROI=Lang_LH_IFGorb | layer=3 | mean r=0.013
WITHIN-SPLIT xglm_xl | fROI=Lang_LH_IFGorb | layer=4 | mean r=0.019
WITHIN-SPLIT xglm_xl | fROI=Lang_LH_IFGorb | layer=5 | mean r=0.022
WITHIN-SPLIT xglm_xl | fROI=Lang_LH_IFGorb | layer=6 | mean r=0.029
WITHIN-SPLIT xglm_xl | fROI=Lang_LH_IFGorb | layer=7 | mean r=0.044
WITHIN-SPLIT xglm_xl | fROI=Lang_LH_IFGorb | layer=8 | mean r=0.055
WITHIN-SPLIT xglm_xl | fROI=Lang_LH_IFGorb | layer=9 | mean r=0.057
WITHIN-SPLIT xglm_xl | fROI=Lang_LH_IFGorb | layer=10 | mean r=0.069
WITHIN-SPLIT xglm_xl | fROI=Lang_LH_IFGorb | layer=11 | mean r=0.064
WITHIN-SPLIT xglm_xl | fROI=Lang_LH_IFGorb | layer=12 | mean r=0.082
WITHIN-SPLIT xglm_xl | fROI=Lang_LH_IFGorb | layer=13 | mean r=0.086
WITHIN-SPLIT xglm_xl | fROI=Lang_LH_IFGorb | layer=14 | mean r=0.092
WITHIN-SPLIT xglm_xl | fROI=Lang_LH_IFGorb | layer=15 | mean r=0.085
WITHIN-SPLIT xglm_xl | fROI=Lang_LH_IFGorb | layer=16 | mean r=0.095
WITHIN-SPLIT xglm_xl | fROI=Lang_LH_IFGorb | layer=17 | mean r=0.096
WITHIN-SPLIT xglm_xl | fROI=Lang_LH_IFGorb | layer=18 | mean r=0.111
WITHIN-SPLIT xglm_xl | fROI=Lang_LH_IFGorb | layer=19 | mean r=0.120
WITHIN-SPLIT xglm_xl | fROI=Lang_LH_IFGorb | layer=20 | mean r=0.127
WITHIN-SPLIT xglm_xl | fROI=Lang_LH_IFGorb | layer=21 | mean r=0.125
WITHIN-SPLIT xglm_xl | fROI=Lang_LH_IFGorb | layer=22 | mean r=0.134
WITHIN-SPLIT xglm_xl | fROI=Lang_LH_IFGorb | layer=23 | mean r=0.136
WITHIN-SPLIT xglm_xl | fROI=Lang_LH_IFGorb | layer=24 | mean r=0.141
WITHIN-SPLIT xglm_xl | fROI=Lang_LH_IFGorb | layer=25 | mean r=0.156
WITHIN-SPLIT xglm_xl | fROI=Lang_LH_IFGorb | layer=26 | mean r=0.162
WITHIN-SPLIT xglm_xl | fROI=Lang_LH_IFGorb | layer=27 | mean r=0.152
WITHIN-SPLIT xglm_xl | fROI=Lang_LH_IFGorb | layer=28 | mean r=0.144
WITHIN-SPLIT xglm_xl | fROI=Lang_LH_IFGorb | layer=29 | mean r=0.165
WITHIN-SPLIT xglm_xl | fROI=Lang_LH_IFGorb | layer=30 | mean r=0.155
WITHIN-SPLIT xglm_xl | fROI=Lang_LH_IFGorb | layer=31 | mean r=0.167
WITHIN-SPLIT xglm_xl | fROI=Lang_LH_IFGorb | layer=32 | mean r=0.173
WITHIN-SPLIT xglm_xl | fROI=Lang_LH_IFGorb | layer=33 | mean r=0.155
WITHIN-SPLIT xglm_xl | fROI=Lang_LH_IFGorb | layer=34 | mean r=0.146
WITHIN-SPLIT xglm_xl | fROI=Lang_LH_IFGorb | layer=35 | mean r=0.151
WITHIN-SPLIT xglm_xl | fROI=Lang_LH_IFGorb | layer=36 | mean r=0.162
WITHIN-SPLIT xglm_xl | fROI=Lang_LH_IFGorb | layer=37 | mean r=0.154
WITHIN-SPLIT xglm_xl | fROI=Lang_LH_IFGorb | layer=38 | mean r=0.151
WITHIN-SPLIT xglm_xl | fROI=Lang_LH_IFGorb | layer=39 | mean r=0.140
WITHIN-SPLIT xglm_xl | fROI=Lang_LH_IFGorb | layer=40 | mean r=0.138
WITHIN-SPLIT xglm_xl | fROI=Lang_LH_IFGorb | layer=41 | mean r=0.139
WITHIN-SPLIT xglm_xl | fROI=Lang_LH_IFGorb | layer=42 | mean r=0.141
WITHIN-SPLIT xglm_xl | fROI=Lang_LH_IFGorb | layer=43 | mean r=0.141
WITHIN-SPLIT xglm_xl | fROI=Lang_LH_IFGorb | layer=44 | mean r=0.139
WITHIN-SPLIT xglm_xl | fROI=Lang_LH_IFGorb | layer=45 | mean r=0.139
WITHIN-SPLIT xglm_xl | fROI=Lang_LH_IFGorb | layer=46 | mean r=0.133
WITHIN-SPLIT xglm_xl | fROI=Lang_LH_IFGorb | layer=47 | mean r=0.134
WITHIN-SPLIT xglm_xl | fROI=Lang_LH_IFGorb | layer=48 | mean r=0.125


[WITHIN-SPLIT] Processing Lang_LH_MFG (4/6)
WITHIN-SPLIT xglm_xl | fROI=Lang_LH_MFG | layer=0 | mean r=0.049
WITHIN-SPLIT xglm_xl | fROI=Lang_LH_MFG | layer=1 | mean r=0.037
WITHIN-SPLIT xglm_xl | fROI=Lang_LH_MFG | layer=2 | mean r=0.021
WITHIN-SPLIT xglm_xl | fROI=Lang_LH_MFG | layer=3 | mean r=0.016
WITHIN-SPLIT xglm_xl | fROI=Lang_LH_MFG | layer=4 | mean r=0.024
WITHIN-SPLIT xglm_xl | fROI=Lang_LH_MFG | layer=5 | mean r=0.034
WITHIN-SPLIT xglm_xl | fROI=Lang_LH_MFG | layer=6 | mean r=0.045
WITHIN-SPLIT xglm_xl | fROI=Lang_LH_MFG | layer=7 | mean r=0.062
WITHIN-SPLIT xglm_xl | fROI=Lang_LH_MFG | layer=8 | mean r=0.059
WITHIN-SPLIT xglm_xl | fROI=Lang_LH_MFG | layer=9 | mean r=0.065
WITHIN-SPLIT xglm_xl | fROI=Lang_LH_MFG | layer=10 | mean r=0.086
WITHIN-SPLIT xglm_xl | fROI=Lang_LH_MFG | layer=11 | mean r=0.095
WITHIN-SPLIT xglm_xl | fROI=Lang_LH_MFG | layer=12 | mean r=0.083
WITHIN-SPLIT xglm_xl | fROI=Lang_LH_MFG | layer=13 | mean r=0.109
WITHIN-SPLIT xglm_xl | fROI=Lang_LH_MFG | layer=14 | mean r=0.111
WITHIN-SPLIT xglm_xl | fROI=Lang_LH_MFG | layer=15 | mean r=0.125
WITHIN-SPLIT xglm_xl | fROI=Lang_LH_MFG | layer=16 | mean r=0.128
WITHIN-SPLIT xglm_xl | fROI=Lang_LH_MFG | layer=17 | mean r=0.130
WITHIN-SPLIT xglm_xl | fROI=Lang_LH_MFG | layer=18 | mean r=0.137
WITHIN-SPLIT xglm_xl | fROI=Lang_LH_MFG | layer=19 | mean r=0.131
WITHIN-SPLIT xglm_xl | fROI=Lang_LH_MFG | layer=20 | mean r=0.141
WITHIN-SPLIT xglm_xl | fROI=Lang_LH_MFG | layer=21 | mean r=0.152
WITHIN-SPLIT xglm_xl | fROI=Lang_LH_MFG | layer=22 | mean r=0.142
WITHIN-SPLIT xglm_xl | fROI=Lang_LH_MFG | layer=23 | mean r=0.154
WITHIN-SPLIT xglm_xl | fROI=Lang_LH_MFG | layer=24 | mean r=0.159
WITHIN-SPLIT xglm_xl | fROI=Lang_LH_MFG | layer=25 | mean r=0.153
WITHIN-SPLIT xglm_xl | fROI=Lang_LH_MFG | layer=26 | mean r=0.156
WITHIN-SPLIT xglm_xl | fROI=Lang_LH_MFG | layer=27 | mean r=0.153
WITHIN-SPLIT xglm_xl | fROI=Lang_LH_MFG | layer=28 | mean r=0.158
WITHIN-SPLIT xglm_xl | fROI=Lang_LH_MFG | layer=29 | mean r=0.168
WITHIN-SPLIT xglm_xl | fROI=Lang_LH_MFG | layer=30 | mean r=0.187
WITHIN-SPLIT xglm_xl | fROI=Lang_LH_MFG | layer=31 | mean r=0.190
WITHIN-SPLIT xglm_xl | fROI=Lang_LH_MFG | layer=32 | mean r=0.189
WITHIN-SPLIT xglm_xl | fROI=Lang_LH_MFG | layer=33 | mean r=0.196
WITHIN-SPLIT xglm_xl | fROI=Lang_LH_MFG | layer=34 | mean r=0.195
WITHIN-SPLIT xglm_xl | fROI=Lang_LH_MFG | layer=35 | mean r=0.196
WITHIN-SPLIT xglm_xl | fROI=Lang_LH_MFG | layer=36 | mean r=0.191
WITHIN-SPLIT xglm_xl | fROI=Lang_LH_MFG | layer=37 | mean r=0.200
WITHIN-SPLIT xglm_xl | fROI=Lang_LH_MFG | layer=38 | mean r=0.185
WITHIN-SPLIT xglm_xl | fROI=Lang_LH_MFG | layer=39 | mean r=0.184
WITHIN-SPLIT xglm_xl | fROI=Lang_LH_MFG | layer=40 | mean r=0.179
WITHIN-SPLIT xglm_xl | fROI=Lang_LH_MFG | layer=41 | mean r=0.176
WITHIN-SPLIT xglm_xl | fROI=Lang_LH_MFG | layer=42 | mean r=0.173
WITHIN-SPLIT xglm_xl | fROI=Lang_LH_MFG | layer=43 | mean r=0.170
WITHIN-SPLIT xglm_xl | fROI=Lang_LH_MFG | layer=44 | mean r=0.167
WITHIN-SPLIT xglm_xl | fROI=Lang_LH_MFG | layer=45 | mean r=0.168
WITHIN-SPLIT xglm_xl | fROI=Lang_LH_MFG | layer=46 | mean r=0.163
WITHIN-SPLIT xglm_xl | fROI=Lang_LH_MFG | layer=47 | mean r=0.155
WITHIN-SPLIT xglm_xl | fROI=Lang_LH_MFG | layer=48 | mean r=0.165


[WITHIN-SPLIT] Processing Lang_LH_PostTemp (5/6)
WITHIN-SPLIT xglm_xl | fROI=Lang_LH_PostTemp | layer=0 | mean r=0.010
WITHIN-SPLIT xglm_xl | fROI=Lang_LH_PostTemp | layer=1 | mean r=-0.002
WITHIN-SPLIT xglm_xl | fROI=Lang_LH_PostTemp | layer=2 | mean r=-0.020
WITHIN-SPLIT xglm_xl | fROI=Lang_LH_PostTemp | layer=3 | mean r=-0.021
WITHIN-SPLIT xglm_xl | fROI=Lang_LH_PostTemp | layer=4 | mean r=-0.025
WITHIN-SPLIT xglm_xl | fROI=Lang_LH_PostTemp | layer=5 | mean r=-0.010
WITHIN-SPLIT xglm_xl | fROI=Lang_LH_PostTemp | layer=6 | mean r=0.000
WITHIN-SPLIT xglm_xl | fROI=Lang_LH_PostTemp | layer=7 | mean r=0.004
WITHIN-SPLIT xglm_xl | fROI=Lang_LH_PostTemp | layer=8 | mean r=0.022
WITHIN-SPLIT xglm_xl | fROI=Lang_LH_PostTemp | layer=9 | mean r=0.052
WITHIN-SPLIT xglm_xl | fROI=Lang_LH_PostTemp | layer=10 | mean r=0.077
WITHIN-SPLIT xglm_xl | fROI=Lang_LH_PostTemp | layer=11 | mean r=0.078
WITHIN-SPLIT xglm_xl | fROI=Lang_LH_PostTemp | layer=12 | mean r=0.085
WITHIN-SPLIT xglm_xl | fROI=Lang_LH_PostTemp | layer=13 | mean r=0.093
WITHIN-SPLIT xglm_xl | fROI=Lang_LH_PostTemp | layer=14 | mean r=0.082
WITHIN-SPLIT xglm_xl | fROI=Lang_LH_PostTemp | layer=15 | mean r=0.103
WITHIN-SPLIT xglm_xl | fROI=Lang_LH_PostTemp | layer=16 | mean r=0.105
WITHIN-SPLIT xglm_xl | fROI=Lang_LH_PostTemp | layer=17 | mean r=0.111
WITHIN-SPLIT xglm_xl | fROI=Lang_LH_PostTemp | layer=18 | mean r=0.109
WITHIN-SPLIT xglm_xl | fROI=Lang_LH_PostTemp | layer=19 | mean r=0.109
WITHIN-SPLIT xglm_xl | fROI=Lang_LH_PostTemp | layer=20 | mean r=0.113
WITHIN-SPLIT xglm_xl | fROI=Lang_LH_PostTemp | layer=21 | mean r=0.127
WITHIN-SPLIT xglm_xl | fROI=Lang_LH_PostTemp | layer=22 | mean r=0.121
WITHIN-SPLIT xglm_xl | fROI=Lang_LH_PostTemp | layer=23 | mean r=0.120
WITHIN-SPLIT xglm_xl | fROI=Lang_LH_PostTemp | layer=24 | mean r=0.117
WITHIN-SPLIT xglm_xl | fROI=Lang_LH_PostTemp | layer=25 | mean r=0.122
WITHIN-SPLIT xglm_xl | fROI=Lang_LH_PostTemp | layer=26 | mean r=0.130
WITHIN-SPLIT xglm_xl | fROI=Lang_LH_PostTemp | layer=27 | mean r=0.153
WITHIN-SPLIT xglm_xl | fROI=Lang_LH_PostTemp | layer=28 | mean r=0.137
WITHIN-SPLIT xglm_xl | fROI=Lang_LH_PostTemp | layer=29 | mean r=0.148
WITHIN-SPLIT xglm_xl | fROI=Lang_LH_PostTemp | layer=30 | mean r=0.151
WITHIN-SPLIT xglm_xl | fROI=Lang_LH_PostTemp | layer=31 | mean r=0.146
WITHIN-SPLIT xglm_xl | fROI=Lang_LH_PostTemp | layer=32 | mean r=0.151
WITHIN-SPLIT xglm_xl | fROI=Lang_LH_PostTemp | layer=33 | mean r=0.147
WITHIN-SPLIT xglm_xl | fROI=Lang_LH_PostTemp | layer=34 | mean r=0.146
WITHIN-SPLIT xglm_xl | fROI=Lang_LH_PostTemp | layer=35 | mean r=0.152
WITHIN-SPLIT xglm_xl | fROI=Lang_LH_PostTemp | layer=36 | mean r=0.151
WITHIN-SPLIT xglm_xl | fROI=Lang_LH_PostTemp | layer=37 | mean r=0.148
WITHIN-SPLIT xglm_xl | fROI=Lang_LH_PostTemp | layer=38 | mean r=0.144
WITHIN-SPLIT xglm_xl | fROI=Lang_LH_PostTemp | layer=39 | mean r=0.139
WITHIN-SPLIT xglm_xl | fROI=Lang_LH_PostTemp | layer=40 | mean r=0.128
WITHIN-SPLIT xglm_xl | fROI=Lang_LH_PostTemp | layer=41 | mean r=0.121
WITHIN-SPLIT xglm_xl | fROI=Lang_LH_PostTemp | layer=42 | mean r=0.119
WITHIN-SPLIT xglm_xl | fROI=Lang_LH_PostTemp | layer=43 | mean r=0.113
WITHIN-SPLIT xglm_xl | fROI=Lang_LH_PostTemp | layer=44 | mean r=0.108
WITHIN-SPLIT xglm_xl | fROI=Lang_LH_PostTemp | layer=45 | mean r=0.102
WITHIN-SPLIT xglm_xl | fROI=Lang_LH_PostTemp | layer=46 | mean r=0.098
WITHIN-SPLIT xglm_xl | fROI=Lang_LH_PostTemp | layer=47 | mean r=0.092
WITHIN-SPLIT xglm_xl | fROI=Lang_LH_PostTemp | layer=48 | mean r=0.078


[WITHIN-SPLIT] Processing all (6/6)
WITHIN-SPLIT xglm_xl | fROI=all | layer=0 | mean r=0.043
WITHIN-SPLIT xglm_xl | fROI=all | layer=1 | mean r=0.019
WITHIN-SPLIT xglm_xl | fROI=all | layer=2 | mean r=0.004
WITHIN-SPLIT xglm_xl | fROI=all | layer=3 | mean r=0.006
WITHIN-SPLIT xglm_xl | fROI=all | layer=4 | mean r=0.022
WITHIN-SPLIT xglm_xl | fROI=all | layer=5 | mean r=0.027
WITHIN-SPLIT xglm_xl | fROI=all | layer=6 | mean r=0.039
WITHIN-SPLIT xglm_xl | fROI=all | layer=7 | mean r=0.055
WITHIN-SPLIT xglm_xl | fROI=all | layer=8 | mean r=0.064
WITHIN-SPLIT xglm_xl | fROI=all | layer=9 | mean r=0.083
WITHIN-SPLIT xglm_xl | fROI=all | layer=10 | mean r=0.079
WITHIN-SPLIT xglm_xl | fROI=all | layer=11 | mean r=0.086
WITHIN-SPLIT xglm_xl | fROI=all | layer=12 | mean r=0.105
WITHIN-SPLIT xglm_xl | fROI=all | layer=13 | mean r=0.120
WITHIN-SPLIT xglm_xl | fROI=all | layer=14 | mean r=0.112
WITHIN-SPLIT xglm_xl | fROI=all | layer=15 | mean r=0.123
WITHIN-SPLIT xglm_xl | fROI=all | layer=16 | mean r=0.133
WITHIN-SPLIT xglm_xl | fROI=all | layer=17 | mean r=0.146
WITHIN-SPLIT xglm_xl | fROI=all | layer=18 | mean r=0.149
WITHIN-SPLIT xglm_xl | fROI=all | layer=19 | mean r=0.145
WITHIN-SPLIT xglm_xl | fROI=all | layer=20 | mean r=0.154
WITHIN-SPLIT xglm_xl | fROI=all | layer=21 | mean r=0.168
WITHIN-SPLIT xglm_xl | fROI=all | layer=22 | mean r=0.163
WITHIN-SPLIT xglm_xl | fROI=all | layer=23 | mean r=0.148
WITHIN-SPLIT xglm_xl | fROI=all | layer=24 | mean r=0.154
WITHIN-SPLIT xglm_xl | fROI=all | layer=25 | mean r=0.163
WITHIN-SPLIT xglm_xl | fROI=all | layer=26 | mean r=0.177
WITHIN-SPLIT xglm_xl | fROI=all | layer=27 | mean r=0.158
WITHIN-SPLIT xglm_xl | fROI=all | layer=28 | mean r=0.169
WITHIN-SPLIT xglm_xl | fROI=all | layer=29 | mean r=0.166
WITHIN-SPLIT xglm_xl | fROI=all | layer=30 | mean r=0.174
WITHIN-SPLIT xglm_xl | fROI=all | layer=31 | mean r=0.178
WITHIN-SPLIT xglm_xl | fROI=all | layer=32 | mean r=0.177
WITHIN-SPLIT xglm_xl | fROI=all | layer=33 | mean r=0.173
WITHIN-SPLIT xglm_xl | fROI=all | layer=34 | mean r=0.171
WITHIN-SPLIT xglm_xl | fROI=all | layer=35 | mean r=0.172
WITHIN-SPLIT xglm_xl | fROI=all | layer=36 | mean r=0.179
WITHIN-SPLIT xglm_xl | fROI=all | layer=37 | mean r=0.180
WITHIN-SPLIT xglm_xl | fROI=all | layer=38 | mean r=0.180
WITHIN-SPLIT xglm_xl | fROI=all | layer=39 | mean r=0.175
WITHIN-SPLIT xglm_xl | fROI=all | layer=40 | mean r=0.175
WITHIN-SPLIT xglm_xl | fROI=all | layer=41 | mean r=0.160
WITHIN-SPLIT xglm_xl | fROI=all | layer=42 | mean r=0.166
WITHIN-SPLIT xglm_xl | fROI=all | layer=43 | mean r=0.155
WITHIN-SPLIT xglm_xl | fROI=all | layer=44 | mean r=0.155
WITHIN-SPLIT xglm_xl | fROI=all | layer=45 | mean r=0.157
WITHIN-SPLIT xglm_xl | fROI=all | layer=46 | mean r=0.144
WITHIN-SPLIT xglm_xl | fROI=all | layer=47 | mean r=0.136
WITHIN-SPLIT xglm_xl | fROI=all | layer=48 | mean r=0.131


[WITHIN-SPLIT] Processing Lang_LH_AntTemp (1/6)
WITHIN-SPLIT bert_base | fROI=Lang_LH_AntTemp | layer=0 | mean r=0.040
WITHIN-SPLIT bert_base | fROI=Lang_LH_AntTemp | layer=1 | mean r=0.044
WITHIN-SPLIT bert_base | fROI=Lang_LH_AntTemp | layer=2 | mean r=0.047
WITHIN-SPLIT bert_base | fROI=Lang_LH_AntTemp | layer=3 | mean r=0.087
WITHIN-SPLIT bert_base | fROI=Lang_LH_AntTemp | layer=4 | mean r=0.086
WITHIN-SPLIT bert_base | fROI=Lang_LH_AntTemp | layer=5 | mean r=0.110
WITHIN-SPLIT bert_base | fROI=Lang_LH_AntTemp | layer=6 | mean r=0.104
WITHIN-SPLIT bert_base | fROI=Lang_LH_AntTemp | layer=7 | mean r=0.117
WITHIN-SPLIT bert_base | fROI=Lang_LH_AntTemp | layer=8 | mean r=0.126
WITHIN-SPLIT bert_base | fROI=Lang_LH_AntTemp | layer=9 | mean r=0.114
WITHIN-SPLIT bert_base | fROI=Lang_LH_AntTemp | layer=10 | mean r=0.158
WITHIN-SPLIT bert_base | fROI=Lang_LH_AntTemp | layer=11 | mean r=0.147
WITHIN-SPLIT bert_base | fROI=Lang_LH_AntTemp | layer=12 | mean r=0.149


[WITHIN-SPLIT] Processing Lang_LH_IFG (2/6)
WITHIN-SPLIT bert_base | fROI=Lang_LH_IFG | layer=0 | mean r=-0.001
WITHIN-SPLIT bert_base | fROI=Lang_LH_IFG | layer=1 | mean r=-0.001
WITHIN-SPLIT bert_base | fROI=Lang_LH_IFG | layer=2 | mean r=-0.000
WITHIN-SPLIT bert_base | fROI=Lang_LH_IFG | layer=3 | mean r=0.014
WITHIN-SPLIT bert_base | fROI=Lang_LH_IFG | layer=4 | mean r=0.020
WITHIN-SPLIT bert_base | fROI=Lang_LH_IFG | layer=5 | mean r=0.014
WITHIN-SPLIT bert_base | fROI=Lang_LH_IFG | layer=6 | mean r=0.019
WITHIN-SPLIT bert_base | fROI=Lang_LH_IFG | layer=7 | mean r=0.049
WITHIN-SPLIT bert_base | fROI=Lang_LH_IFG | layer=8 | mean r=0.040
WITHIN-SPLIT bert_base | fROI=Lang_LH_IFG | layer=9 | mean r=0.078
WITHIN-SPLIT bert_base | fROI=Lang_LH_IFG | layer=10 | mean r=0.076
WITHIN-SPLIT bert_base | fROI=Lang_LH_IFG | layer=11 | mean r=0.077
WITHIN-SPLIT bert_base | fROI=Lang_LH_IFG | layer=12 | mean r=0.079


[WITHIN-SPLIT] Processing Lang_LH_IFGorb (3/6)
WITHIN-SPLIT bert_base | fROI=Lang_LH_IFGorb | layer=0 | mean r=0.012
WITHIN-SPLIT bert_base | fROI=Lang_LH_IFGorb | layer=1 | mean r=0.009
WITHIN-SPLIT bert_base | fROI=Lang_LH_IFGorb | layer=2 | mean r=0.020
WITHIN-SPLIT bert_base | fROI=Lang_LH_IFGorb | layer=3 | mean r=0.030
WITHIN-SPLIT bert_base | fROI=Lang_LH_IFGorb | layer=4 | mean r=0.033
WITHIN-SPLIT bert_base | fROI=Lang_LH_IFGorb | layer=5 | mean r=0.053
WITHIN-SPLIT bert_base | fROI=Lang_LH_IFGorb | layer=6 | mean r=0.080
WITHIN-SPLIT bert_base | fROI=Lang_LH_IFGorb | layer=7 | mean r=0.069
WITHIN-SPLIT bert_base | fROI=Lang_LH_IFGorb | layer=8 | mean r=0.085
WITHIN-SPLIT bert_base | fROI=Lang_LH_IFGorb | layer=9 | mean r=0.107
WITHIN-SPLIT bert_base | fROI=Lang_LH_IFGorb | layer=10 | mean r=0.096
WITHIN-SPLIT bert_base | fROI=Lang_LH_IFGorb | layer=11 | mean r=0.091
WITHIN-SPLIT bert_base | fROI=Lang_LH_IFGorb | layer=12 | mean r=0.096


[WITHIN-SPLIT] Processing Lang_LH_MFG (4/6)
WITHIN-SPLIT bert_base | fROI=Lang_LH_MFG | layer=0 | mean r=-0.038
WITHIN-SPLIT bert_base | fROI=Lang_LH_MFG | layer=1 | mean r=-0.041
WITHIN-SPLIT bert_base | fROI=Lang_LH_MFG | layer=2 | mean r=-0.064
WITHIN-SPLIT bert_base | fROI=Lang_LH_MFG | layer=3 | mean r=-0.049
WITHIN-SPLIT bert_base | fROI=Lang_LH_MFG | layer=4 | mean r=-0.036
WITHIN-SPLIT bert_base | fROI=Lang_LH_MFG | layer=5 | mean r=-0.022
WITHIN-SPLIT bert_base | fROI=Lang_LH_MFG | layer=6 | mean r=0.002
WITHIN-SPLIT bert_base | fROI=Lang_LH_MFG | layer=7 | mean r=0.025
WITHIN-SPLIT bert_base | fROI=Lang_LH_MFG | layer=8 | mean r=0.027
WITHIN-SPLIT bert_base | fROI=Lang_LH_MFG | layer=9 | mean r=0.048
WITHIN-SPLIT bert_base | fROI=Lang_LH_MFG | layer=10 | mean r=0.061
WITHIN-SPLIT bert_base | fROI=Lang_LH_MFG | layer=11 | mean r=0.048
WITHIN-SPLIT bert_base | fROI=Lang_LH_MFG | layer=12 | mean r=0.056


[WITHIN-SPLIT] Processing Lang_LH_PostTemp (5/6)
WITHIN-SPLIT bert_base | fROI=Lang_LH_PostTemp | layer=0 | mean r=0.035
WITHIN-SPLIT bert_base | fROI=Lang_LH_PostTemp | layer=1 | mean r=0.048
WITHIN-SPLIT bert_base | fROI=Lang_LH_PostTemp | layer=2 | mean r=0.040
WITHIN-SPLIT bert_base | fROI=Lang_LH_PostTemp | layer=3 | mean r=0.073
WITHIN-SPLIT bert_base | fROI=Lang_LH_PostTemp | layer=4 | mean r=0.102
WITHIN-SPLIT bert_base | fROI=Lang_LH_PostTemp | layer=5 | mean r=0.123
WITHIN-SPLIT bert_base | fROI=Lang_LH_PostTemp | layer=6 | mean r=0.140
WITHIN-SPLIT bert_base | fROI=Lang_LH_PostTemp | layer=7 | mean r=0.157
WITHIN-SPLIT bert_base | fROI=Lang_LH_PostTemp | layer=8 | mean r=0.168
WITHIN-SPLIT bert_base | fROI=Lang_LH_PostTemp | layer=9 | mean r=0.171
WITHIN-SPLIT bert_base | fROI=Lang_LH_PostTemp | layer=10 | mean r=0.174
WITHIN-SPLIT bert_base | fROI=Lang_LH_PostTemp | layer=11 | mean r=0.173
WITHIN-SPLIT bert_base | fROI=Lang_LH_PostTemp | layer=12 | mean r=0.164


[WITHIN-SPLIT] Processing all (6/6)
WITHIN-SPLIT bert_base | fROI=all | layer=0 | mean r=0.007
WITHIN-SPLIT bert_base | fROI=all | layer=1 | mean r=0.011
WITHIN-SPLIT bert_base | fROI=all | layer=2 | mean r=0.013
WITHIN-SPLIT bert_base | fROI=all | layer=3 | mean r=0.041
WITHIN-SPLIT bert_base | fROI=all | layer=4 | mean r=0.062
WITHIN-SPLIT bert_base | fROI=all | layer=5 | mean r=0.076
WITHIN-SPLIT bert_base | fROI=all | layer=6 | mean r=0.100
WITHIN-SPLIT bert_base | fROI=all | layer=7 | mean r=0.113
WITHIN-SPLIT bert_base | fROI=all | layer=8 | mean r=0.111
WITHIN-SPLIT bert_base | fROI=all | layer=9 | mean r=0.143
WITHIN-SPLIT bert_base | fROI=all | layer=10 | mean r=0.159
WITHIN-SPLIT bert_base | fROI=all | layer=11 | mean r=0.144
WITHIN-SPLIT bert_base | fROI=all | layer=12 | mean r=0.134


[WITHIN-SPLIT] Processing Lang_LH_AntTemp (1/6)
WITHIN-SPLIT distilmbert | fROI=Lang_LH_AntTemp | layer=0 | mean r=0.012
WITHIN-SPLIT distilmbert | fROI=Lang_LH_AntTemp | layer=1 | mean r=0.017
WITHIN-SPLIT distilmbert | fROI=Lang_LH_AntTemp | layer=2 | mean r=0.049
WITHIN-SPLIT distilmbert | fROI=Lang_LH_AntTemp | layer=3 | mean r=0.077
WITHIN-SPLIT distilmbert | fROI=Lang_LH_AntTemp | layer=4 | mean r=0.074
WITHIN-SPLIT distilmbert | fROI=Lang_LH_AntTemp | layer=5 | mean r=0.073
WITHIN-SPLIT distilmbert | fROI=Lang_LH_AntTemp | layer=6 | mean r=0.085


[WITHIN-SPLIT] Processing Lang_LH_IFG (2/6)
WITHIN-SPLIT distilmbert | fROI=Lang_LH_IFG | layer=0 | mean r=-0.003
WITHIN-SPLIT distilmbert | fROI=Lang_LH_IFG | layer=1 | mean r=-0.022
WITHIN-SPLIT distilmbert | fROI=Lang_LH_IFG | layer=2 | mean r=-0.001
WITHIN-SPLIT distilmbert | fROI=Lang_LH_IFG | layer=3 | mean r=-0.010
WITHIN-SPLIT distilmbert | fROI=Lang_LH_IFG | layer=4 | mean r=0.013
WITHIN-SPLIT distilmbert | fROI=Lang_LH_IFG | layer=5 | mean r=0.029
WITHIN-SPLIT distilmbert | fROI=Lang_LH_IFG | layer=6 | mean r=-0.016


[WITHIN-SPLIT] Processing Lang_LH_IFGorb (3/6)
WITHIN-SPLIT distilmbert | fROI=Lang_LH_IFGorb | layer=0 | mean r=0.006
WITHIN-SPLIT distilmbert | fROI=Lang_LH_IFGorb | layer=1 | mean r=0.010
WITHIN-SPLIT distilmbert | fROI=Lang_LH_IFGorb | layer=2 | mean r=0.018
WITHIN-SPLIT distilmbert | fROI=Lang_LH_IFGorb | layer=3 | mean r=0.026
WITHIN-SPLIT distilmbert | fROI=Lang_LH_IFGorb | layer=4 | mean r=0.038
WITHIN-SPLIT distilmbert | fROI=Lang_LH_IFGorb | layer=5 | mean r=0.034
WITHIN-SPLIT distilmbert | fROI=Lang_LH_IFGorb | layer=6 | mean r=0.026


[WITHIN-SPLIT] Processing Lang_LH_MFG (4/6)
WITHIN-SPLIT distilmbert | fROI=Lang_LH_MFG | layer=0 | mean r=-0.054
WITHIN-SPLIT distilmbert | fROI=Lang_LH_MFG | layer=1 | mean r=-0.068
WITHIN-SPLIT distilmbert | fROI=Lang_LH_MFG | layer=2 | mean r=-0.057
WITHIN-SPLIT distilmbert | fROI=Lang_LH_MFG | layer=3 | mean r=-0.059
WITHIN-SPLIT distilmbert | fROI=Lang_LH_MFG | layer=4 | mean r=-0.031
WITHIN-SPLIT distilmbert | fROI=Lang_LH_MFG | layer=5 | mean r=-0.002
WITHIN-SPLIT distilmbert | fROI=Lang_LH_MFG | layer=6 | mean r=-0.036


[WITHIN-SPLIT] Processing Lang_LH_PostTemp (5/6)
WITHIN-SPLIT distilmbert | fROI=Lang_LH_PostTemp | layer=0 | mean r=0.019
WITHIN-SPLIT distilmbert | fROI=Lang_LH_PostTemp | layer=1 | mean r=0.044
WITHIN-SPLIT distilmbert | fROI=Lang_LH_PostTemp | layer=2 | mean r=0.068
WITHIN-SPLIT distilmbert | fROI=Lang_LH_PostTemp | layer=3 | mean r=0.065
WITHIN-SPLIT distilmbert | fROI=Lang_LH_PostTemp | layer=4 | mean r=0.083
WITHIN-SPLIT distilmbert | fROI=Lang_LH_PostTemp | layer=5 | mean r=0.104
WITHIN-SPLIT distilmbert | fROI=Lang_LH_PostTemp | layer=6 | mean r=0.118


[WITHIN-SPLIT] Processing all (6/6)
WITHIN-SPLIT distilmbert | fROI=all | layer=0 | mean r=-0.010
WITHIN-SPLIT distilmbert | fROI=all | layer=1 | mean r=0.015
WITHIN-SPLIT distilmbert | fROI=all | layer=2 | mean r=0.038
WITHIN-SPLIT distilmbert | fROI=all | layer=3 | mean r=0.029
WITHIN-SPLIT distilmbert | fROI=all | layer=4 | mean r=0.055
WITHIN-SPLIT distilmbert | fROI=all | layer=5 | mean r=0.061
WITHIN-SPLIT distilmbert | fROI=all | layer=6 | mean r=0.051


[WITHIN-SPLIT] Processing Lang_LH_AntTemp (1/6)
WITHIN-SPLIT xlmr_base | fROI=Lang_LH_AntTemp | layer=0 | mean r=0.035
WITHIN-SPLIT xlmr_base | fROI=Lang_LH_AntTemp | layer=1 | mean r=0.058
WITHIN-SPLIT xlmr_base | fROI=Lang_LH_AntTemp | layer=2 | mean r=0.062
WITHIN-SPLIT xlmr_base | fROI=Lang_LH_AntTemp | layer=3 | mean r=0.027
WITHIN-SPLIT xlmr_base | fROI=Lang_LH_AntTemp | layer=4 | mean r=0.072
WITHIN-SPLIT xlmr_base | fROI=Lang_LH_AntTemp | layer=5 | mean r=0.090
WITHIN-SPLIT xlmr_base | fROI=Lang_LH_AntTemp | layer=6 | mean r=0.085
WITHIN-SPLIT xlmr_base | fROI=Lang_LH_AntTemp | layer=7 | mean r=0.106
WITHIN-SPLIT xlmr_base | fROI=Lang_LH_AntTemp | layer=8 | mean r=0.081
WITHIN-SPLIT xlmr_base | fROI=Lang_LH_AntTemp | layer=9 | mean r=0.081
WITHIN-SPLIT xlmr_base | fROI=Lang_LH_AntTemp | layer=10 | mean r=0.086
WITHIN-SPLIT xlmr_base | fROI=Lang_LH_AntTemp | layer=11 | mean r=0.069
WITHIN-SPLIT xlmr_base | fROI=Lang_LH_AntTemp | layer=12 | mean r=0.080


[WITHIN-SPLIT] Processing Lang_LH_IFG (2/6)
WITHIN-SPLIT xlmr_base | fROI=Lang_LH_IFG | layer=0 | mean r=0.028
WITHIN-SPLIT xlmr_base | fROI=Lang_LH_IFG | layer=1 | mean r=0.056
WITHIN-SPLIT xlmr_base | fROI=Lang_LH_IFG | layer=2 | mean r=0.062
WITHIN-SPLIT xlmr_base | fROI=Lang_LH_IFG | layer=3 | mean r=0.050
WITHIN-SPLIT xlmr_base | fROI=Lang_LH_IFG | layer=4 | mean r=0.101
WITHIN-SPLIT xlmr_base | fROI=Lang_LH_IFG | layer=5 | mean r=0.071
WITHIN-SPLIT xlmr_base | fROI=Lang_LH_IFG | layer=6 | mean r=0.094
WITHIN-SPLIT xlmr_base | fROI=Lang_LH_IFG | layer=7 | mean r=0.077
WITHIN-SPLIT xlmr_base | fROI=Lang_LH_IFG | layer=8 | mean r=0.073
WITHIN-SPLIT xlmr_base | fROI=Lang_LH_IFG | layer=9 | mean r=0.085
WITHIN-SPLIT xlmr_base | fROI=Lang_LH_IFG | layer=10 | mean r=0.105
WITHIN-SPLIT xlmr_base | fROI=Lang_LH_IFG | layer=11 | mean r=0.084
WITHIN-SPLIT xlmr_base | fROI=Lang_LH_IFG | layer=12 | mean r=0.086


[WITHIN-SPLIT] Processing Lang_LH_IFGorb (3/6)
WITHIN-SPLIT xlmr_base | fROI=Lang_LH_IFGorb | layer=0 | mean r=0.021
WITHIN-SPLIT xlmr_base | fROI=Lang_LH_IFGorb | layer=1 | mean r=0.040
WITHIN-SPLIT xlmr_base | fROI=Lang_LH_IFGorb | layer=2 | mean r=0.030
WITHIN-SPLIT xlmr_base | fROI=Lang_LH_IFGorb | layer=3 | mean r=0.033
WITHIN-SPLIT xlmr_base | fROI=Lang_LH_IFGorb | layer=4 | mean r=0.052
WITHIN-SPLIT xlmr_base | fROI=Lang_LH_IFGorb | layer=5 | mean r=0.079
WITHIN-SPLIT xlmr_base | fROI=Lang_LH_IFGorb | layer=6 | mean r=0.070
WITHIN-SPLIT xlmr_base | fROI=Lang_LH_IFGorb | layer=7 | mean r=0.090
WITHIN-SPLIT xlmr_base | fROI=Lang_LH_IFGorb | layer=8 | mean r=0.090
WITHIN-SPLIT xlmr_base | fROI=Lang_LH_IFGorb | layer=9 | mean r=0.095
WITHIN-SPLIT xlmr_base | fROI=Lang_LH_IFGorb | layer=10 | mean r=0.101
WITHIN-SPLIT xlmr_base | fROI=Lang_LH_IFGorb | layer=11 | mean r=0.073
WITHIN-SPLIT xlmr_base | fROI=Lang_LH_IFGorb | layer=12 | mean r=0.060


[WITHIN-SPLIT] Processing Lang_LH_MFG (4/6)
WITHIN-SPLIT xlmr_base | fROI=Lang_LH_MFG | layer=0 | mean r=-0.008
WITHIN-SPLIT xlmr_base | fROI=Lang_LH_MFG | layer=1 | mean r=0.010
WITHIN-SPLIT xlmr_base | fROI=Lang_LH_MFG | layer=2 | mean r=0.015
WITHIN-SPLIT xlmr_base | fROI=Lang_LH_MFG | layer=3 | mean r=0.023
WITHIN-SPLIT xlmr_base | fROI=Lang_LH_MFG | layer=4 | mean r=0.042
WITHIN-SPLIT xlmr_base | fROI=Lang_LH_MFG | layer=5 | mean r=0.028
WITHIN-SPLIT xlmr_base | fROI=Lang_LH_MFG | layer=6 | mean r=0.042
WITHIN-SPLIT xlmr_base | fROI=Lang_LH_MFG | layer=7 | mean r=0.055
WITHIN-SPLIT xlmr_base | fROI=Lang_LH_MFG | layer=8 | mean r=0.058
WITHIN-SPLIT xlmr_base | fROI=Lang_LH_MFG | layer=9 | mean r=0.057
WITHIN-SPLIT xlmr_base | fROI=Lang_LH_MFG | layer=10 | mean r=0.082
WITHIN-SPLIT xlmr_base | fROI=Lang_LH_MFG | layer=11 | mean r=0.066
WITHIN-SPLIT xlmr_base | fROI=Lang_LH_MFG | layer=12 | mean r=0.045


[WITHIN-SPLIT] Processing Lang_LH_PostTemp (5/6)
WITHIN-SPLIT xlmr_base | fROI=Lang_LH_PostTemp | layer=0 | mean r=0.029
WITHIN-SPLIT xlmr_base | fROI=Lang_LH_PostTemp | layer=1 | mean r=0.097
WITHIN-SPLIT xlmr_base | fROI=Lang_LH_PostTemp | layer=2 | mean r=0.089
WITHIN-SPLIT xlmr_base | fROI=Lang_LH_PostTemp | layer=3 | mean r=0.080
WITHIN-SPLIT xlmr_base | fROI=Lang_LH_PostTemp | layer=4 | mean r=0.113
WITHIN-SPLIT xlmr_base | fROI=Lang_LH_PostTemp | layer=5 | mean r=0.117
WITHIN-SPLIT xlmr_base | fROI=Lang_LH_PostTemp | layer=6 | mean r=0.128
WITHIN-SPLIT xlmr_base | fROI=Lang_LH_PostTemp | layer=7 | mean r=0.143
WITHIN-SPLIT xlmr_base | fROI=Lang_LH_PostTemp | layer=8 | mean r=0.121
WITHIN-SPLIT xlmr_base | fROI=Lang_LH_PostTemp | layer=9 | mean r=0.127
WITHIN-SPLIT xlmr_base | fROI=Lang_LH_PostTemp | layer=10 | mean r=0.122
WITHIN-SPLIT xlmr_base | fROI=Lang_LH_PostTemp | layer=11 | mean r=0.126
WITHIN-SPLIT xlmr_base | fROI=Lang_LH_PostTemp | layer=12 | mean r=0.125


[WITHIN-SPLIT] Processing all (6/6)
WITHIN-SPLIT xlmr_base | fROI=all | layer=0 | mean r=0.027
WITHIN-SPLIT xlmr_base | fROI=all | layer=1 | mean r=0.070
WITHIN-SPLIT xlmr_base | fROI=all | layer=2 | mean r=0.068
WITHIN-SPLIT xlmr_base | fROI=all | layer=3 | mean r=0.057
WITHIN-SPLIT xlmr_base | fROI=all | layer=4 | mean r=0.090
WITHIN-SPLIT xlmr_base | fROI=all | layer=5 | mean r=0.092
WITHIN-SPLIT xlmr_base | fROI=all | layer=6 | mean r=0.097
WITHIN-SPLIT xlmr_base | fROI=all | layer=7 | mean r=0.113
WITHIN-SPLIT xlmr_base | fROI=all | layer=8 | mean r=0.110
WITHIN-SPLIT xlmr_base | fROI=all | layer=9 | mean r=0.113
WITHIN-SPLIT xlmr_base | fROI=all | layer=10 | mean r=0.125
WITHIN-SPLIT xlmr_base | fROI=all | layer=11 | mean r=0.112
WITHIN-SPLIT xlmr_base | fROI=all | layer=12 | mean r=0.090


[WITHIN-SPLIT] Processing Lang_LH_AntTemp (1/6)
WITHIN-SPLIT xlmr_large | fROI=Lang_LH_AntTemp | layer=0 | mean r=0.033
WITHIN-SPLIT xlmr_large | fROI=Lang_LH_AntTemp | layer=1 | mean r=0.036
WITHIN-SPLIT xlmr_large | fROI=Lang_LH_AntTemp | layer=2 | mean r=0.051
WITHIN-SPLIT xlmr_large | fROI=Lang_LH_AntTemp | layer=3 | mean r=0.049
WITHIN-SPLIT xlmr_large | fROI=Lang_LH_AntTemp | layer=4 | mean r=0.060
WITHIN-SPLIT xlmr_large | fROI=Lang_LH_AntTemp | layer=5 | mean r=0.041
WITHIN-SPLIT xlmr_large | fROI=Lang_LH_AntTemp | layer=6 | mean r=0.049
WITHIN-SPLIT xlmr_large | fROI=Lang_LH_AntTemp | layer=7 | mean r=0.074
WITHIN-SPLIT xlmr_large | fROI=Lang_LH_AntTemp | layer=8 | mean r=0.084
WITHIN-SPLIT xlmr_large | fROI=Lang_LH_AntTemp | layer=9 | mean r=0.098
WITHIN-SPLIT xlmr_large | fROI=Lang_LH_AntTemp | layer=10 | mean r=0.093
WITHIN-SPLIT xlmr_large | fROI=Lang_LH_AntTemp | layer=11 | mean r=0.109
WITHIN-SPLIT xlmr_large | fROI=Lang_LH_AntTemp | layer=12 | mean r=0.101
WITHIN-SPLIT xlmr_large | fROI=Lang_LH_AntTemp | layer=13 | mean r=0.103
WITHIN-SPLIT xlmr_large | fROI=Lang_LH_AntTemp | layer=14 | mean r=0.085
WITHIN-SPLIT xlmr_large | fROI=Lang_LH_AntTemp | layer=15 | mean r=0.075
WITHIN-SPLIT xlmr_large | fROI=Lang_LH_AntTemp | layer=16 | mean r=0.064
WITHIN-SPLIT xlmr_large | fROI=Lang_LH_AntTemp | layer=17 | mean r=0.085
WITHIN-SPLIT xlmr_large | fROI=Lang_LH_AntTemp | layer=18 | mean r=0.076
WITHIN-SPLIT xlmr_large | fROI=Lang_LH_AntTemp | layer=19 | mean r=0.058
WITHIN-SPLIT xlmr_large | fROI=Lang_LH_AntTemp | layer=20 | mean r=0.057
WITHIN-SPLIT xlmr_large | fROI=Lang_LH_AntTemp | layer=21 | mean r=0.051
WITHIN-SPLIT xlmr_large | fROI=Lang_LH_AntTemp | layer=22 | mean r=0.069
WITHIN-SPLIT xlmr_large | fROI=Lang_LH_AntTemp | layer=23 | mean r=0.087
WITHIN-SPLIT xlmr_large | fROI=Lang_LH_AntTemp | layer=24 | mean r=0.079


[WITHIN-SPLIT] Processing Lang_LH_IFG (2/6)
WITHIN-SPLIT xlmr_large | fROI=Lang_LH_IFG | layer=0 | mean r=0.024
WITHIN-SPLIT xlmr_large | fROI=Lang_LH_IFG | layer=1 | mean r=0.023
WITHIN-SPLIT xlmr_large | fROI=Lang_LH_IFG | layer=2 | mean r=0.027
WITHIN-SPLIT xlmr_large | fROI=Lang_LH_IFG | layer=3 | mean r=0.027
WITHIN-SPLIT xlmr_large | fROI=Lang_LH_IFG | layer=4 | mean r=0.022
WITHIN-SPLIT xlmr_large | fROI=Lang_LH_IFG | layer=5 | mean r=0.020
WITHIN-SPLIT xlmr_large | fROI=Lang_LH_IFG | layer=6 | mean r=0.018
WITHIN-SPLIT xlmr_large | fROI=Lang_LH_IFG | layer=7 | mean r=0.015
WITHIN-SPLIT xlmr_large | fROI=Lang_LH_IFG | layer=8 | mean r=0.042
WITHIN-SPLIT xlmr_large | fROI=Lang_LH_IFG | layer=9 | mean r=0.043
WITHIN-SPLIT xlmr_large | fROI=Lang_LH_IFG | layer=10 | mean r=0.044
WITHIN-SPLIT xlmr_large | fROI=Lang_LH_IFG | layer=11 | mean r=0.066
WITHIN-SPLIT xlmr_large | fROI=Lang_LH_IFG | layer=12 | mean r=0.049
WITHIN-SPLIT xlmr_large | fROI=Lang_LH_IFG | layer=13 | mean r=0.082
WITHIN-SPLIT xlmr_large | fROI=Lang_LH_IFG | layer=14 | mean r=0.071
WITHIN-SPLIT xlmr_large | fROI=Lang_LH_IFG | layer=15 | mean r=0.083
WITHIN-SPLIT xlmr_large | fROI=Lang_LH_IFG | layer=16 | mean r=0.085
WITHIN-SPLIT xlmr_large | fROI=Lang_LH_IFG | layer=17 | mean r=0.096
WITHIN-SPLIT xlmr_large | fROI=Lang_LH_IFG | layer=18 | mean r=0.109
WITHIN-SPLIT xlmr_large | fROI=Lang_LH_IFG | layer=19 | mean r=0.081
WITHIN-SPLIT xlmr_large | fROI=Lang_LH_IFG | layer=20 | mean r=0.095
WITHIN-SPLIT xlmr_large | fROI=Lang_LH_IFG | layer=21 | mean r=0.071
WITHIN-SPLIT xlmr_large | fROI=Lang_LH_IFG | layer=22 | mean r=0.092
WITHIN-SPLIT xlmr_large | fROI=Lang_LH_IFG | layer=23 | mean r=0.098
WITHIN-SPLIT xlmr_large | fROI=Lang_LH_IFG | layer=24 | mean r=0.066


[WITHIN-SPLIT] Processing Lang_LH_IFGorb (3/6)
WITHIN-SPLIT xlmr_large | fROI=Lang_LH_IFGorb | layer=0 | mean r=0.006
WITHIN-SPLIT xlmr_large | fROI=Lang_LH_IFGorb | layer=1 | mean r=0.008
WITHIN-SPLIT xlmr_large | fROI=Lang_LH_IFGorb | layer=2 | mean r=0.017
WITHIN-SPLIT xlmr_large | fROI=Lang_LH_IFGorb | layer=3 | mean r=0.010
WITHIN-SPLIT xlmr_large | fROI=Lang_LH_IFGorb | layer=4 | mean r=0.005
WITHIN-SPLIT xlmr_large | fROI=Lang_LH_IFGorb | layer=5 | mean r=0.004
WITHIN-SPLIT xlmr_large | fROI=Lang_LH_IFGorb | layer=6 | mean r=0.011
WITHIN-SPLIT xlmr_large | fROI=Lang_LH_IFGorb | layer=7 | mean r=0.013
WITHIN-SPLIT xlmr_large | fROI=Lang_LH_IFGorb | layer=8 | mean r=0.029
WITHIN-SPLIT xlmr_large | fROI=Lang_LH_IFGorb | layer=9 | mean r=0.043
WITHIN-SPLIT xlmr_large | fROI=Lang_LH_IFGorb | layer=10 | mean r=0.046
WITHIN-SPLIT xlmr_large | fROI=Lang_LH_IFGorb | layer=11 | mean r=0.062
WITHIN-SPLIT xlmr_large | fROI=Lang_LH_IFGorb | layer=12 | mean r=0.052
WITHIN-SPLIT xlmr_large | fROI=Lang_LH_IFGorb | layer=13 | mean r=0.069
WITHIN-SPLIT xlmr_large | fROI=Lang_LH_IFGorb | layer=14 | mean r=0.074
WITHIN-SPLIT xlmr_large | fROI=Lang_LH_IFGorb | layer=15 | mean r=0.089
WITHIN-SPLIT xlmr_large | fROI=Lang_LH_IFGorb | layer=16 | mean r=0.087
WITHIN-SPLIT xlmr_large | fROI=Lang_LH_IFGorb | layer=17 | mean r=0.089
WITHIN-SPLIT xlmr_large | fROI=Lang_LH_IFGorb | layer=18 | mean r=0.102
WITHIN-SPLIT xlmr_large | fROI=Lang_LH_IFGorb | layer=19 | mean r=0.098
WITHIN-SPLIT xlmr_large | fROI=Lang_LH_IFGorb | layer=20 | mean r=0.089
WITHIN-SPLIT xlmr_large | fROI=Lang_LH_IFGorb | layer=21 | mean r=0.083
WITHIN-SPLIT xlmr_large | fROI=Lang_LH_IFGorb | layer=22 | mean r=0.081
WITHIN-SPLIT xlmr_large | fROI=Lang_LH_IFGorb | layer=23 | mean r=0.082
WITHIN-SPLIT xlmr_large | fROI=Lang_LH_IFGorb | layer=24 | mean r=0.067


[WITHIN-SPLIT] Processing Lang_LH_MFG (4/6)
WITHIN-SPLIT xlmr_large | fROI=Lang_LH_MFG | layer=0 | mean r=-0.014
WITHIN-SPLIT xlmr_large | fROI=Lang_LH_MFG | layer=1 | mean r=-0.013
WITHIN-SPLIT xlmr_large | fROI=Lang_LH_MFG | layer=2 | mean r=-0.017
WITHIN-SPLIT xlmr_large | fROI=Lang_LH_MFG | layer=3 | mean r=-0.008
WITHIN-SPLIT xlmr_large | fROI=Lang_LH_MFG | layer=4 | mean r=-0.013
WITHIN-SPLIT xlmr_large | fROI=Lang_LH_MFG | layer=5 | mean r=-0.003
WITHIN-SPLIT xlmr_large | fROI=Lang_LH_MFG | layer=6 | mean r=-0.007
WITHIN-SPLIT xlmr_large | fROI=Lang_LH_MFG | layer=7 | mean r=-0.003
WITHIN-SPLIT xlmr_large | fROI=Lang_LH_MFG | layer=8 | mean r=0.000
WITHIN-SPLIT xlmr_large | fROI=Lang_LH_MFG | layer=9 | mean r=-0.010
WITHIN-SPLIT xlmr_large | fROI=Lang_LH_MFG | layer=10 | mean r=0.014
WITHIN-SPLIT xlmr_large | fROI=Lang_LH_MFG | layer=11 | mean r=0.044
WITHIN-SPLIT xlmr_large | fROI=Lang_LH_MFG | layer=12 | mean r=0.059
WITHIN-SPLIT xlmr_large | fROI=Lang_LH_MFG | layer=13 | mean r=0.069
WITHIN-SPLIT xlmr_large | fROI=Lang_LH_MFG | layer=14 | mean r=0.082
WITHIN-SPLIT xlmr_large | fROI=Lang_LH_MFG | layer=15 | mean r=0.064
WITHIN-SPLIT xlmr_large | fROI=Lang_LH_MFG | layer=16 | mean r=0.079
WITHIN-SPLIT xlmr_large | fROI=Lang_LH_MFG | layer=17 | mean r=0.088
WITHIN-SPLIT xlmr_large | fROI=Lang_LH_MFG | layer=18 | mean r=0.076
WITHIN-SPLIT xlmr_large | fROI=Lang_LH_MFG | layer=19 | mean r=0.094
WITHIN-SPLIT xlmr_large | fROI=Lang_LH_MFG | layer=20 | mean r=0.090
WITHIN-SPLIT xlmr_large | fROI=Lang_LH_MFG | layer=21 | mean r=0.089
WITHIN-SPLIT xlmr_large | fROI=Lang_LH_MFG | layer=22 | mean r=0.081
WITHIN-SPLIT xlmr_large | fROI=Lang_LH_MFG | layer=23 | mean r=0.073
WITHIN-SPLIT xlmr_large | fROI=Lang_LH_MFG | layer=24 | mean r=0.049


[WITHIN-SPLIT] Processing Lang_LH_PostTemp (5/6)
WITHIN-SPLIT xlmr_large | fROI=Lang_LH_PostTemp | layer=0 | mean r=0.053
WITHIN-SPLIT xlmr_large | fROI=Lang_LH_PostTemp | layer=1 | mean r=0.062
WITHIN-SPLIT xlmr_large | fROI=Lang_LH_PostTemp | layer=2 | mean r=0.062
WITHIN-SPLIT xlmr_large | fROI=Lang_LH_PostTemp | layer=3 | mean r=0.078
WITHIN-SPLIT xlmr_large | fROI=Lang_LH_PostTemp | layer=4 | mean r=0.078
WITHIN-SPLIT xlmr_large | fROI=Lang_LH_PostTemp | layer=5 | mean r=0.080
WITHIN-SPLIT xlmr_large | fROI=Lang_LH_PostTemp | layer=6 | mean r=0.088
WITHIN-SPLIT xlmr_large | fROI=Lang_LH_PostTemp | layer=7 | mean r=0.102
WITHIN-SPLIT xlmr_large | fROI=Lang_LH_PostTemp | layer=8 | mean r=0.112
WITHIN-SPLIT xlmr_large | fROI=Lang_LH_PostTemp | layer=9 | mean r=0.134
WITHIN-SPLIT xlmr_large | fROI=Lang_LH_PostTemp | layer=10 | mean r=0.131
WITHIN-SPLIT xlmr_large | fROI=Lang_LH_PostTemp | layer=11 | mean r=0.147
WITHIN-SPLIT xlmr_large | fROI=Lang_LH_PostTemp | layer=12 | mean r=0.143
WITHIN-SPLIT xlmr_large | fROI=Lang_LH_PostTemp | layer=13 | mean r=0.155
WITHIN-SPLIT xlmr_large | fROI=Lang_LH_PostTemp | layer=14 | mean r=0.138
WITHIN-SPLIT xlmr_large | fROI=Lang_LH_PostTemp | layer=15 | mean r=0.151
WITHIN-SPLIT xlmr_large | fROI=Lang_LH_PostTemp | layer=16 | mean r=0.152
WITHIN-SPLIT xlmr_large | fROI=Lang_LH_PostTemp | layer=17 | mean r=0.155
WITHIN-SPLIT xlmr_large | fROI=Lang_LH_PostTemp | layer=18 | mean r=0.133
WITHIN-SPLIT xlmr_large | fROI=Lang_LH_PostTemp | layer=19 | mean r=0.140
WITHIN-SPLIT xlmr_large | fROI=Lang_LH_PostTemp | layer=20 | mean r=0.118
WITHIN-SPLIT xlmr_large | fROI=Lang_LH_PostTemp | layer=21 | mean r=0.119
WITHIN-SPLIT xlmr_large | fROI=Lang_LH_PostTemp | layer=22 | mean r=0.136
WITHIN-SPLIT xlmr_large | fROI=Lang_LH_PostTemp | layer=23 | mean r=0.145
WITHIN-SPLIT xlmr_large | fROI=Lang_LH_PostTemp | layer=24 | mean r=0.121


[WITHIN-SPLIT] Processing all (6/6)
WITHIN-SPLIT xlmr_large | fROI=all | layer=0 | mean r=0.030
WITHIN-SPLIT xlmr_large | fROI=all | layer=1 | mean r=0.031
WITHIN-SPLIT xlmr_large | fROI=all | layer=2 | mean r=0.032
WITHIN-SPLIT xlmr_large | fROI=all | layer=3 | mean r=0.023
WITHIN-SPLIT xlmr_large | fROI=all | layer=4 | mean r=0.027
WITHIN-SPLIT xlmr_large | fROI=all | layer=5 | mean r=0.024
WITHIN-SPLIT xlmr_large | fROI=all | layer=6 | mean r=0.032
WITHIN-SPLIT xlmr_large | fROI=all | layer=7 | mean r=0.047
WITHIN-SPLIT xlmr_large | fROI=all | layer=8 | mean r=0.061
WITHIN-SPLIT xlmr_large | fROI=all | layer=9 | mean r=0.083
WITHIN-SPLIT xlmr_large | fROI=all | layer=10 | mean r=0.092
WITHIN-SPLIT xlmr_large | fROI=all | layer=11 | mean r=0.095
WITHIN-SPLIT xlmr_large | fROI=all | layer=12 | mean r=0.095
WITHIN-SPLIT xlmr_large | fROI=all | layer=13 | mean r=0.131
WITHIN-SPLIT xlmr_large | fROI=all | layer=14 | mean r=0.112
WITHIN-SPLIT xlmr_large | fROI=all | layer=15 | mean r=0.117
WITHIN-SPLIT xlmr_large | fROI=all | layer=16 | mean r=0.096
WITHIN-SPLIT xlmr_large | fROI=all | layer=17 | mean r=0.105
WITHIN-SPLIT xlmr_large | fROI=all | layer=18 | mean r=0.139
WITHIN-SPLIT xlmr_large | fROI=all | layer=19 | mean r=0.122
WITHIN-SPLIT xlmr_large | fROI=all | layer=20 | mean r=0.131
WITHIN-SPLIT xlmr_large | fROI=all | layer=21 | mean r=0.120
WITHIN-SPLIT xlmr_large | fROI=all | layer=22 | mean r=0.119
WITHIN-SPLIT xlmr_large | fROI=all | layer=23 | mean r=0.120
WITHIN-SPLIT xlmr_large | fROI=all | layer=24 | mean r=0.107


[WITHIN-SPLIT] Processing Lang_LH_AntTemp (1/6)
WITHIN-SPLIT mt5_small | fROI=Lang_LH_AntTemp | layer=0 | mean r=0.011
WITHIN-SPLIT mt5_small | fROI=Lang_LH_AntTemp | layer=1 | mean r=0.035
WITHIN-SPLIT mt5_small | fROI=Lang_LH_AntTemp | layer=2 | mean r=0.060
WITHIN-SPLIT mt5_small | fROI=Lang_LH_AntTemp | layer=3 | mean r=0.075
WITHIN-SPLIT mt5_small | fROI=Lang_LH_AntTemp | layer=4 | mean r=0.070
WITHIN-SPLIT mt5_small | fROI=Lang_LH_AntTemp | layer=5 | mean r=0.078
WITHIN-SPLIT mt5_small | fROI=Lang_LH_AntTemp | layer=6 | mean r=0.108
WITHIN-SPLIT mt5_small | fROI=Lang_LH_AntTemp | layer=7 | mean r=0.071
WITHIN-SPLIT mt5_small | fROI=Lang_LH_AntTemp | layer=8 | mean r=0.076


[WITHIN-SPLIT] Processing Lang_LH_IFG (2/6)
WITHIN-SPLIT mt5_small | fROI=Lang_LH_IFG | layer=0 | mean r=0.041
WITHIN-SPLIT mt5_small | fROI=Lang_LH_IFG | layer=1 | mean r=0.045
WITHIN-SPLIT mt5_small | fROI=Lang_LH_IFG | layer=2 | mean r=0.040
WITHIN-SPLIT mt5_small | fROI=Lang_LH_IFG | layer=3 | mean r=0.039
WITHIN-SPLIT mt5_small | fROI=Lang_LH_IFG | layer=4 | mean r=-0.020
WITHIN-SPLIT mt5_small | fROI=Lang_LH_IFG | layer=5 | mean r=-0.003
WITHIN-SPLIT mt5_small | fROI=Lang_LH_IFG | layer=6 | mean r=0.033
WITHIN-SPLIT mt5_small | fROI=Lang_LH_IFG | layer=7 | mean r=0.031
WITHIN-SPLIT mt5_small | fROI=Lang_LH_IFG | layer=8 | mean r=0.048


[WITHIN-SPLIT] Processing Lang_LH_IFGorb (3/6)
WITHIN-SPLIT mt5_small | fROI=Lang_LH_IFGorb | layer=0 | mean r=-0.002
WITHIN-SPLIT mt5_small | fROI=Lang_LH_IFGorb | layer=1 | mean r=0.016
WITHIN-SPLIT mt5_small | fROI=Lang_LH_IFGorb | layer=2 | mean r=0.014
WITHIN-SPLIT mt5_small | fROI=Lang_LH_IFGorb | layer=3 | mean r=0.036
WITHIN-SPLIT mt5_small | fROI=Lang_LH_IFGorb | layer=4 | mean r=0.041
WITHIN-SPLIT mt5_small | fROI=Lang_LH_IFGorb | layer=5 | mean r=0.023
WITHIN-SPLIT mt5_small | fROI=Lang_LH_IFGorb | layer=6 | mean r=0.050
WITHIN-SPLIT mt5_small | fROI=Lang_LH_IFGorb | layer=7 | mean r=0.014
WITHIN-SPLIT mt5_small | fROI=Lang_LH_IFGorb | layer=8 | mean r=0.056


[WITHIN-SPLIT] Processing Lang_LH_MFG (4/6)
WITHIN-SPLIT mt5_small | fROI=Lang_LH_MFG | layer=0 | mean r=-0.033
WITHIN-SPLIT mt5_small | fROI=Lang_LH_MFG | layer=1 | mean r=-0.040
WITHIN-SPLIT mt5_small | fROI=Lang_LH_MFG | layer=2 | mean r=-0.022
WITHIN-SPLIT mt5_small | fROI=Lang_LH_MFG | layer=3 | mean r=-0.016
WITHIN-SPLIT mt5_small | fROI=Lang_LH_MFG | layer=4 | mean r=-0.005
WITHIN-SPLIT mt5_small | fROI=Lang_LH_MFG | layer=5 | mean r=0.004
WITHIN-SPLIT mt5_small | fROI=Lang_LH_MFG | layer=6 | mean r=0.006
WITHIN-SPLIT mt5_small | fROI=Lang_LH_MFG | layer=7 | mean r=0.009
WITHIN-SPLIT mt5_small | fROI=Lang_LH_MFG | layer=8 | mean r=0.062


[WITHIN-SPLIT] Processing Lang_LH_PostTemp (5/6)
WITHIN-SPLIT mt5_small | fROI=Lang_LH_PostTemp | layer=0 | mean r=0.037
WITHIN-SPLIT mt5_small | fROI=Lang_LH_PostTemp | layer=1 | mean r=0.068
WITHIN-SPLIT mt5_small | fROI=Lang_LH_PostTemp | layer=2 | mean r=0.089
WITHIN-SPLIT mt5_small | fROI=Lang_LH_PostTemp | layer=3 | mean r=0.097
WITHIN-SPLIT mt5_small | fROI=Lang_LH_PostTemp | layer=4 | mean r=0.090
WITHIN-SPLIT mt5_small | fROI=Lang_LH_PostTemp | layer=5 | mean r=0.111
WITHIN-SPLIT mt5_small | fROI=Lang_LH_PostTemp | layer=6 | mean r=0.133
WITHIN-SPLIT mt5_small | fROI=Lang_LH_PostTemp | layer=7 | mean r=0.110
WITHIN-SPLIT mt5_small | fROI=Lang_LH_PostTemp | layer=8 | mean r=0.118


[WITHIN-SPLIT] Processing all (6/6)
WITHIN-SPLIT mt5_small | fROI=all | layer=0 | mean r=0.007
WITHIN-SPLIT mt5_small | fROI=all | layer=1 | mean r=0.014
WITHIN-SPLIT mt5_small | fROI=all | layer=2 | mean r=0.040
WITHIN-SPLIT mt5_small | fROI=all | layer=3 | mean r=0.059
WITHIN-SPLIT mt5_small | fROI=all | layer=4 | mean r=0.054
WITHIN-SPLIT mt5_small | fROI=all | layer=5 | mean r=0.056
WITHIN-SPLIT mt5_small | fROI=all | layer=6 | mean r=0.084
WITHIN-SPLIT mt5_small | fROI=all | layer=7 | mean r=0.059
WITHIN-SPLIT mt5_small | fROI=all | layer=8 | mean r=0.094


[WITHIN-SPLIT] Processing Lang_LH_AntTemp (1/6)
WITHIN-SPLIT mt5_base | fROI=Lang_LH_AntTemp | layer=0 | mean r=0.048
WITHIN-SPLIT mt5_base | fROI=Lang_LH_AntTemp | layer=1 | mean r=0.060
WITHIN-SPLIT mt5_base | fROI=Lang_LH_AntTemp | layer=2 | mean r=0.090
WITHIN-SPLIT mt5_base | fROI=Lang_LH_AntTemp | layer=3 | mean r=0.073
WITHIN-SPLIT mt5_base | fROI=Lang_LH_AntTemp | layer=4 | mean r=0.037
WITHIN-SPLIT mt5_base | fROI=Lang_LH_AntTemp | layer=5 | mean r=-0.003
WITHIN-SPLIT mt5_base | fROI=Lang_LH_AntTemp | layer=6 | mean r=0.011
WITHIN-SPLIT mt5_base | fROI=Lang_LH_AntTemp | layer=7 | mean r=0.025
WITHIN-SPLIT mt5_base | fROI=Lang_LH_AntTemp | layer=8 | mean r=0.020
WITHIN-SPLIT mt5_base | fROI=Lang_LH_AntTemp | layer=9 | mean r=0.004
WITHIN-SPLIT mt5_base | fROI=Lang_LH_AntTemp | layer=10 | mean r=0.001
WITHIN-SPLIT mt5_base | fROI=Lang_LH_AntTemp | layer=11 | mean r=0.050
WITHIN-SPLIT mt5_base | fROI=Lang_LH_AntTemp | layer=12 | mean r=0.082


[WITHIN-SPLIT] Processing Lang_LH_IFG (2/6)
WITHIN-SPLIT mt5_base | fROI=Lang_LH_IFG | layer=0 | mean r=0.028
WITHIN-SPLIT mt5_base | fROI=Lang_LH_IFG | layer=1 | mean r=0.033
WITHIN-SPLIT mt5_base | fROI=Lang_LH_IFG | layer=2 | mean r=0.031
WITHIN-SPLIT mt5_base | fROI=Lang_LH_IFG | layer=3 | mean r=-0.003
WITHIN-SPLIT mt5_base | fROI=Lang_LH_IFG | layer=4 | mean r=-0.015
WITHIN-SPLIT mt5_base | fROI=Lang_LH_IFG | layer=5 | mean r=-0.017
WITHIN-SPLIT mt5_base | fROI=Lang_LH_IFG | layer=6 | mean r=-0.006
WITHIN-SPLIT mt5_base | fROI=Lang_LH_IFG | layer=7 | mean r=0.015
WITHIN-SPLIT mt5_base | fROI=Lang_LH_IFG | layer=8 | mean r=0.015
WITHIN-SPLIT mt5_base | fROI=Lang_LH_IFG | layer=9 | mean r=-0.025
WITHIN-SPLIT mt5_base | fROI=Lang_LH_IFG | layer=10 | mean r=-0.021
WITHIN-SPLIT mt5_base | fROI=Lang_LH_IFG | layer=11 | mean r=0.030
WITHIN-SPLIT mt5_base | fROI=Lang_LH_IFG | layer=12 | mean r=0.057


[WITHIN-SPLIT] Processing Lang_LH_IFGorb (3/6)
WITHIN-SPLIT mt5_base | fROI=Lang_LH_IFGorb | layer=0 | mean r=0.030
WITHIN-SPLIT mt5_base | fROI=Lang_LH_IFGorb | layer=1 | mean r=0.021
WITHIN-SPLIT mt5_base | fROI=Lang_LH_IFGorb | layer=2 | mean r=0.026
WITHIN-SPLIT mt5_base | fROI=Lang_LH_IFGorb | layer=3 | mean r=0.035
WITHIN-SPLIT mt5_base | fROI=Lang_LH_IFGorb | layer=4 | mean r=0.015
WITHIN-SPLIT mt5_base | fROI=Lang_LH_IFGorb | layer=5 | mean r=-0.018
WITHIN-SPLIT mt5_base | fROI=Lang_LH_IFGorb | layer=6 | mean r=-0.022
WITHIN-SPLIT mt5_base | fROI=Lang_LH_IFGorb | layer=7 | mean r=0.015
WITHIN-SPLIT mt5_base | fROI=Lang_LH_IFGorb | layer=8 | mean r=0.023
WITHIN-SPLIT mt5_base | fROI=Lang_LH_IFGorb | layer=9 | mean r=0.029
WITHIN-SPLIT mt5_base | fROI=Lang_LH_IFGorb | layer=10 | mean r=0.022
WITHIN-SPLIT mt5_base | fROI=Lang_LH_IFGorb | layer=11 | mean r=0.058
WITHIN-SPLIT mt5_base | fROI=Lang_LH_IFGorb | layer=12 | mean r=0.062


[WITHIN-SPLIT] Processing Lang_LH_MFG (4/6)
WITHIN-SPLIT mt5_base | fROI=Lang_LH_MFG | layer=0 | mean r=-0.032
WITHIN-SPLIT mt5_base | fROI=Lang_LH_MFG | layer=1 | mean r=-0.049
WITHIN-SPLIT mt5_base | fROI=Lang_LH_MFG | layer=2 | mean r=-0.021
WITHIN-SPLIT mt5_base | fROI=Lang_LH_MFG | layer=3 | mean r=-0.033
WITHIN-SPLIT mt5_base | fROI=Lang_LH_MFG | layer=4 | mean r=-0.053
WITHIN-SPLIT mt5_base | fROI=Lang_LH_MFG | layer=5 | mean r=-0.044
WITHIN-SPLIT mt5_base | fROI=Lang_LH_MFG | layer=6 | mean r=-0.029
WITHIN-SPLIT mt5_base | fROI=Lang_LH_MFG | layer=7 | mean r=-0.007
WITHIN-SPLIT mt5_base | fROI=Lang_LH_MFG | layer=8 | mean r=0.000
WITHIN-SPLIT mt5_base | fROI=Lang_LH_MFG | layer=9 | mean r=-0.011
WITHIN-SPLIT mt5_base | fROI=Lang_LH_MFG | layer=10 | mean r=-0.016
WITHIN-SPLIT mt5_base | fROI=Lang_LH_MFG | layer=11 | mean r=0.014
WITHIN-SPLIT mt5_base | fROI=Lang_LH_MFG | layer=12 | mean r=0.010


[WITHIN-SPLIT] Processing Lang_LH_PostTemp (5/6)
WITHIN-SPLIT mt5_base | fROI=Lang_LH_PostTemp | layer=0 | mean r=0.056
WITHIN-SPLIT mt5_base | fROI=Lang_LH_PostTemp | layer=1 | mean r=0.061
WITHIN-SPLIT mt5_base | fROI=Lang_LH_PostTemp | layer=2 | mean r=0.107
WITHIN-SPLIT mt5_base | fROI=Lang_LH_PostTemp | layer=3 | mean r=0.096
WITHIN-SPLIT mt5_base | fROI=Lang_LH_PostTemp | layer=4 | mean r=0.050
WITHIN-SPLIT mt5_base | fROI=Lang_LH_PostTemp | layer=5 | mean r=0.023
WITHIN-SPLIT mt5_base | fROI=Lang_LH_PostTemp | layer=6 | mean r=0.029
WITHIN-SPLIT mt5_base | fROI=Lang_LH_PostTemp | layer=7 | mean r=0.033
WITHIN-SPLIT mt5_base | fROI=Lang_LH_PostTemp | layer=8 | mean r=0.061
WITHIN-SPLIT mt5_base | fROI=Lang_LH_PostTemp | layer=9 | mean r=0.040
WITHIN-SPLIT mt5_base | fROI=Lang_LH_PostTemp | layer=10 | mean r=0.049
WITHIN-SPLIT mt5_base | fROI=Lang_LH_PostTemp | layer=11 | mean r=0.098
WITHIN-SPLIT mt5_base | fROI=Lang_LH_PostTemp | layer=12 | mean r=0.136


[WITHIN-SPLIT] Processing all (6/6)
WITHIN-SPLIT mt5_base | fROI=all | layer=0 | mean r=0.041
WITHIN-SPLIT mt5_base | fROI=all | layer=1 | mean r=0.037
WITHIN-SPLIT mt5_base | fROI=all | layer=2 | mean r=0.073
WITHIN-SPLIT mt5_base | fROI=all | layer=3 | mean r=0.042
WITHIN-SPLIT mt5_base | fROI=all | layer=4 | mean r=0.018
WITHIN-SPLIT mt5_base | fROI=all | layer=5 | mean r=-0.004
WITHIN-SPLIT mt5_base | fROI=all | layer=6 | mean r=-0.005
WITHIN-SPLIT mt5_base | fROI=all | layer=7 | mean r=0.025
WITHIN-SPLIT mt5_base | fROI=all | layer=8 | mean r=0.022
WITHIN-SPLIT mt5_base | fROI=all | layer=9 | mean r=-0.004
WITHIN-SPLIT mt5_base | fROI=all | layer=10 | mean r=-0.000
WITHIN-SPLIT mt5_base | fROI=all | layer=11 | mean r=0.067
WITHIN-SPLIT mt5_base | fROI=all | layer=12 | mean r=0.088


[WITHIN-SPLIT] Processing Lang_LH_AntTemp (1/6)
WITHIN-SPLIT mt5_large | fROI=Lang_LH_AntTemp | layer=0 | mean r=0.065
WITHIN-SPLIT mt5_large | fROI=Lang_LH_AntTemp | layer=1 | mean r=0.083
WITHIN-SPLIT mt5_large | fROI=Lang_LH_AntTemp | layer=2 | mean r=0.078
WITHIN-SPLIT mt5_large | fROI=Lang_LH_AntTemp | layer=3 | mean r=0.087
WITHIN-SPLIT mt5_large | fROI=Lang_LH_AntTemp | layer=4 | mean r=0.092
WITHIN-SPLIT mt5_large | fROI=Lang_LH_AntTemp | layer=5 | mean r=0.097
WITHIN-SPLIT mt5_large | fROI=Lang_LH_AntTemp | layer=6 | mean r=0.090
WITHIN-SPLIT mt5_large | fROI=Lang_LH_AntTemp | layer=7 | mean r=0.094
WITHIN-SPLIT mt5_large | fROI=Lang_LH_AntTemp | layer=8 | mean r=0.099
WITHIN-SPLIT mt5_large | fROI=Lang_LH_AntTemp | layer=9 | mean r=0.116
WITHIN-SPLIT mt5_large | fROI=Lang_LH_AntTemp | layer=10 | mean r=0.118
WITHIN-SPLIT mt5_large | fROI=Lang_LH_AntTemp | layer=11 | mean r=0.091
WITHIN-SPLIT mt5_large | fROI=Lang_LH_AntTemp | layer=12 | mean r=0.108
WITHIN-SPLIT mt5_large | fROI=Lang_LH_AntTemp | layer=13 | mean r=0.123
WITHIN-SPLIT mt5_large | fROI=Lang_LH_AntTemp | layer=14 | mean r=0.107
WITHIN-SPLIT mt5_large | fROI=Lang_LH_AntTemp | layer=15 | mean r=0.121
WITHIN-SPLIT mt5_large | fROI=Lang_LH_AntTemp | layer=16 | mean r=0.127
WITHIN-SPLIT mt5_large | fROI=Lang_LH_AntTemp | layer=17 | mean r=0.067
WITHIN-SPLIT mt5_large | fROI=Lang_LH_AntTemp | layer=18 | mean r=0.065
WITHIN-SPLIT mt5_large | fROI=Lang_LH_AntTemp | layer=19 | mean r=0.043
WITHIN-SPLIT mt5_large | fROI=Lang_LH_AntTemp | layer=20 | mean r=0.077
WITHIN-SPLIT mt5_large | fROI=Lang_LH_AntTemp | layer=21 | mean r=0.073
WITHIN-SPLIT mt5_large | fROI=Lang_LH_AntTemp | layer=22 | mean r=0.063
WITHIN-SPLIT mt5_large | fROI=Lang_LH_AntTemp | layer=23 | mean r=0.057
WITHIN-SPLIT mt5_large | fROI=Lang_LH_AntTemp | layer=24 | mean r=0.072


[WITHIN-SPLIT] Processing Lang_LH_IFG (2/6)
WITHIN-SPLIT mt5_large | fROI=Lang_LH_IFG | layer=0 | mean r=0.021
WITHIN-SPLIT mt5_large | fROI=Lang_LH_IFG | layer=1 | mean r=0.030
WITHIN-SPLIT mt5_large | fROI=Lang_LH_IFG | layer=2 | mean r=0.034
WITHIN-SPLIT mt5_large | fROI=Lang_LH_IFG | layer=3 | mean r=0.031
WITHIN-SPLIT mt5_large | fROI=Lang_LH_IFG | layer=4 | mean r=0.035
WITHIN-SPLIT mt5_large | fROI=Lang_LH_IFG | layer=5 | mean r=0.028
WITHIN-SPLIT mt5_large | fROI=Lang_LH_IFG | layer=6 | mean r=0.026
WITHIN-SPLIT mt5_large | fROI=Lang_LH_IFG | layer=7 | mean r=0.022
WITHIN-SPLIT mt5_large | fROI=Lang_LH_IFG | layer=8 | mean r=0.047
WITHIN-SPLIT mt5_large | fROI=Lang_LH_IFG | layer=9 | mean r=0.058
WITHIN-SPLIT mt5_large | fROI=Lang_LH_IFG | layer=10 | mean r=0.062
WITHIN-SPLIT mt5_large | fROI=Lang_LH_IFG | layer=11 | mean r=0.059
WITHIN-SPLIT mt5_large | fROI=Lang_LH_IFG | layer=12 | mean r=0.062
WITHIN-SPLIT mt5_large | fROI=Lang_LH_IFG | layer=13 | mean r=0.084
WITHIN-SPLIT mt5_large | fROI=Lang_LH_IFG | layer=14 | mean r=0.054
WITHIN-SPLIT mt5_large | fROI=Lang_LH_IFG | layer=15 | mean r=0.068
WITHIN-SPLIT mt5_large | fROI=Lang_LH_IFG | layer=16 | mean r=0.060
WITHIN-SPLIT mt5_large | fROI=Lang_LH_IFG | layer=17 | mean r=0.072
WITHIN-SPLIT mt5_large | fROI=Lang_LH_IFG | layer=18 | mean r=0.061
WITHIN-SPLIT mt5_large | fROI=Lang_LH_IFG | layer=19 | mean r=0.049
WITHIN-SPLIT mt5_large | fROI=Lang_LH_IFG | layer=20 | mean r=0.065
WITHIN-SPLIT mt5_large | fROI=Lang_LH_IFG | layer=21 | mean r=0.059
WITHIN-SPLIT mt5_large | fROI=Lang_LH_IFG | layer=22 | mean r=0.016
WITHIN-SPLIT mt5_large | fROI=Lang_LH_IFG | layer=23 | mean r=0.017
WITHIN-SPLIT mt5_large | fROI=Lang_LH_IFG | layer=24 | mean r=0.035


[WITHIN-SPLIT] Processing Lang_LH_IFGorb (3/6)
WITHIN-SPLIT mt5_large | fROI=Lang_LH_IFGorb | layer=0 | mean r=0.011
WITHIN-SPLIT mt5_large | fROI=Lang_LH_IFGorb | layer=1 | mean r=0.038
WITHIN-SPLIT mt5_large | fROI=Lang_LH_IFGorb | layer=2 | mean r=0.029
WITHIN-SPLIT mt5_large | fROI=Lang_LH_IFGorb | layer=3 | mean r=0.030
WITHIN-SPLIT mt5_large | fROI=Lang_LH_IFGorb | layer=4 | mean r=0.017
WITHIN-SPLIT mt5_large | fROI=Lang_LH_IFGorb | layer=5 | mean r=0.041
WITHIN-SPLIT mt5_large | fROI=Lang_LH_IFGorb | layer=6 | mean r=0.029
WITHIN-SPLIT mt5_large | fROI=Lang_LH_IFGorb | layer=7 | mean r=0.010
WITHIN-SPLIT mt5_large | fROI=Lang_LH_IFGorb | layer=8 | mean r=0.021
WITHIN-SPLIT mt5_large | fROI=Lang_LH_IFGorb | layer=9 | mean r=0.029
WITHIN-SPLIT mt5_large | fROI=Lang_LH_IFGorb | layer=10 | mean r=0.043
WITHIN-SPLIT mt5_large | fROI=Lang_LH_IFGorb | layer=11 | mean r=0.021
WITHIN-SPLIT mt5_large | fROI=Lang_LH_IFGorb | layer=12 | mean r=0.033
WITHIN-SPLIT mt5_large | fROI=Lang_LH_IFGorb | layer=13 | mean r=0.031
WITHIN-SPLIT mt5_large | fROI=Lang_LH_IFGorb | layer=14 | mean r=0.046
WITHIN-SPLIT mt5_large | fROI=Lang_LH_IFGorb | layer=15 | mean r=0.047
WITHIN-SPLIT mt5_large | fROI=Lang_LH_IFGorb | layer=16 | mean r=0.057
WITHIN-SPLIT mt5_large | fROI=Lang_LH_IFGorb | layer=17 | mean r=0.050
WITHIN-SPLIT mt5_large | fROI=Lang_LH_IFGorb | layer=18 | mean r=0.053
WITHIN-SPLIT mt5_large | fROI=Lang_LH_IFGorb | layer=19 | mean r=0.070
WITHIN-SPLIT mt5_large | fROI=Lang_LH_IFGorb | layer=20 | mean r=0.062
WITHIN-SPLIT mt5_large | fROI=Lang_LH_IFGorb | layer=21 | mean r=0.059
WITHIN-SPLIT mt5_large | fROI=Lang_LH_IFGorb | layer=22 | mean r=0.028
WITHIN-SPLIT mt5_large | fROI=Lang_LH_IFGorb | layer=23 | mean r=0.038
WITHIN-SPLIT mt5_large | fROI=Lang_LH_IFGorb | layer=24 | mean r=0.050


[WITHIN-SPLIT] Processing Lang_LH_MFG (4/6)
WITHIN-SPLIT mt5_large | fROI=Lang_LH_MFG | layer=0 | mean r=-0.032
WITHIN-SPLIT mt5_large | fROI=Lang_LH_MFG | layer=1 | mean r=-0.033
WITHIN-SPLIT mt5_large | fROI=Lang_LH_MFG | layer=2 | mean r=-0.028
WITHIN-SPLIT mt5_large | fROI=Lang_LH_MFG | layer=3 | mean r=-0.036
WITHIN-SPLIT mt5_large | fROI=Lang_LH_MFG | layer=4 | mean r=-0.029
WITHIN-SPLIT mt5_large | fROI=Lang_LH_MFG | layer=5 | mean r=-0.043
WITHIN-SPLIT mt5_large | fROI=Lang_LH_MFG | layer=6 | mean r=-0.034
WITHIN-SPLIT mt5_large | fROI=Lang_LH_MFG | layer=7 | mean r=-0.037
WITHIN-SPLIT mt5_large | fROI=Lang_LH_MFG | layer=8 | mean r=-0.019
WITHIN-SPLIT mt5_large | fROI=Lang_LH_MFG | layer=9 | mean r=0.001
WITHIN-SPLIT mt5_large | fROI=Lang_LH_MFG | layer=10 | mean r=0.012
WITHIN-SPLIT mt5_large | fROI=Lang_LH_MFG | layer=11 | mean r=0.030
WITHIN-SPLIT mt5_large | fROI=Lang_LH_MFG | layer=12 | mean r=0.066
WITHIN-SPLIT mt5_large | fROI=Lang_LH_MFG | layer=13 | mean r=0.085
WITHIN-SPLIT mt5_large | fROI=Lang_LH_MFG | layer=14 | mean r=0.087
WITHIN-SPLIT mt5_large | fROI=Lang_LH_MFG | layer=15 | mean r=0.082
WITHIN-SPLIT mt5_large | fROI=Lang_LH_MFG | layer=16 | mean r=0.099
WITHIN-SPLIT mt5_large | fROI=Lang_LH_MFG | layer=17 | mean r=0.101
WITHIN-SPLIT mt5_large | fROI=Lang_LH_MFG | layer=18 | mean r=0.097
WITHIN-SPLIT mt5_large | fROI=Lang_LH_MFG | layer=19 | mean r=0.090
WITHIN-SPLIT mt5_large | fROI=Lang_LH_MFG | layer=20 | mean r=0.089
WITHIN-SPLIT mt5_large | fROI=Lang_LH_MFG | layer=21 | mean r=0.091
WITHIN-SPLIT mt5_large | fROI=Lang_LH_MFG | layer=22 | mean r=0.051
WITHIN-SPLIT mt5_large | fROI=Lang_LH_MFG | layer=23 | mean r=0.057
WITHIN-SPLIT mt5_large | fROI=Lang_LH_MFG | layer=24 | mean r=0.044


[WITHIN-SPLIT] Processing Lang_LH_PostTemp (5/6)
WITHIN-SPLIT mt5_large | fROI=Lang_LH_PostTemp | layer=0 | mean r=0.066
WITHIN-SPLIT mt5_large | fROI=Lang_LH_PostTemp | layer=1 | mean r=0.086
WITHIN-SPLIT mt5_large | fROI=Lang_LH_PostTemp | layer=2 | mean r=0.077
WITHIN-SPLIT mt5_large | fROI=Lang_LH_PostTemp | layer=3 | mean r=0.086
WITHIN-SPLIT mt5_large | fROI=Lang_LH_PostTemp | layer=4 | mean r=0.089
WITHIN-SPLIT mt5_large | fROI=Lang_LH_PostTemp | layer=5 | mean r=0.094
WITHIN-SPLIT mt5_large | fROI=Lang_LH_PostTemp | layer=6 | mean r=0.088
WITHIN-SPLIT mt5_large | fROI=Lang_LH_PostTemp | layer=7 | mean r=0.096
WITHIN-SPLIT mt5_large | fROI=Lang_LH_PostTemp | layer=8 | mean r=0.111
WITHIN-SPLIT mt5_large | fROI=Lang_LH_PostTemp | layer=9 | mean r=0.119
WITHIN-SPLIT mt5_large | fROI=Lang_LH_PostTemp | layer=10 | mean r=0.127
WITHIN-SPLIT mt5_large | fROI=Lang_LH_PostTemp | layer=11 | mean r=0.127
WITHIN-SPLIT mt5_large | fROI=Lang_LH_PostTemp | layer=12 | mean r=0.120
WITHIN-SPLIT mt5_large | fROI=Lang_LH_PostTemp | layer=13 | mean r=0.132
WITHIN-SPLIT mt5_large | fROI=Lang_LH_PostTemp | layer=14 | mean r=0.123
WITHIN-SPLIT mt5_large | fROI=Lang_LH_PostTemp | layer=15 | mean r=0.147
WITHIN-SPLIT mt5_large | fROI=Lang_LH_PostTemp | layer=16 | mean r=0.140
WITHIN-SPLIT mt5_large | fROI=Lang_LH_PostTemp | layer=17 | mean r=0.114
WITHIN-SPLIT mt5_large | fROI=Lang_LH_PostTemp | layer=18 | mean r=0.104
WITHIN-SPLIT mt5_large | fROI=Lang_LH_PostTemp | layer=19 | mean r=0.082
WITHIN-SPLIT mt5_large | fROI=Lang_LH_PostTemp | layer=20 | mean r=0.071
WITHIN-SPLIT mt5_large | fROI=Lang_LH_PostTemp | layer=21 | mean r=0.096
WITHIN-SPLIT mt5_large | fROI=Lang_LH_PostTemp | layer=22 | mean r=0.072
WITHIN-SPLIT mt5_large | fROI=Lang_LH_PostTemp | layer=23 | mean r=0.073
WITHIN-SPLIT mt5_large | fROI=Lang_LH_PostTemp | layer=24 | mean r=0.077


[WITHIN-SPLIT] Processing all (6/6)
WITHIN-SPLIT mt5_large | fROI=all | layer=0 | mean r=0.033
WITHIN-SPLIT mt5_large | fROI=all | layer=1 | mean r=0.052
WITHIN-SPLIT mt5_large | fROI=all | layer=2 | mean r=0.053
WITHIN-SPLIT mt5_large | fROI=all | layer=3 | mean r=0.056
WITHIN-SPLIT mt5_large | fROI=all | layer=4 | mean r=0.045
WITHIN-SPLIT mt5_large | fROI=all | layer=5 | mean r=0.057
WITHIN-SPLIT mt5_large | fROI=all | layer=6 | mean r=0.052
WITHIN-SPLIT mt5_large | fROI=all | layer=7 | mean r=0.051
WITHIN-SPLIT mt5_large | fROI=all | layer=8 | mean r=0.071
WITHIN-SPLIT mt5_large | fROI=all | layer=9 | mean r=0.096
WITHIN-SPLIT mt5_large | fROI=all | layer=10 | mean r=0.106
WITHIN-SPLIT mt5_large | fROI=all | layer=11 | mean r=0.086
WITHIN-SPLIT mt5_large | fROI=all | layer=12 | mean r=0.103
WITHIN-SPLIT mt5_large | fROI=all | layer=13 | mean r=0.132
WITHIN-SPLIT mt5_large | fROI=all | layer=14 | mean r=0.110
WITHIN-SPLIT mt5_large | fROI=all | layer=15 | mean r=0.132
WITHIN-SPLIT mt5_large | fROI=all | layer=16 | mean r=0.113
WITHIN-SPLIT mt5_large | fROI=all | layer=17 | mean r=0.114
WITHIN-SPLIT mt5_large | fROI=all | layer=18 | mean r=0.104
WITHIN-SPLIT mt5_large | fROI=all | layer=19 | mean r=0.094
WITHIN-SPLIT mt5_large | fROI=all | layer=20 | mean r=0.093
WITHIN-SPLIT mt5_large | fROI=all | layer=21 | mean r=0.083
WITHIN-SPLIT mt5_large | fROI=all | layer=22 | mean r=0.049
WITHIN-SPLIT mt5_large | fROI=all | layer=23 | mean r=0.065
WITHIN-SPLIT mt5_large | fROI=all | layer=24 | mean r=0.061


[WITHIN-SPLIT] Processing Lang_LH_AntTemp (1/6)
WITHIN-SPLIT mdeberta | fROI=Lang_LH_AntTemp | layer=0 | mean r=0.029
WITHIN-SPLIT mdeberta | fROI=Lang_LH_AntTemp | layer=1 | mean r=0.032
WITHIN-SPLIT mdeberta | fROI=Lang_LH_AntTemp | layer=2 | mean r=0.031
WITHIN-SPLIT mdeberta | fROI=Lang_LH_AntTemp | layer=3 | mean r=0.051
WITHIN-SPLIT mdeberta | fROI=Lang_LH_AntTemp | layer=4 | mean r=0.068
WITHIN-SPLIT mdeberta | fROI=Lang_LH_AntTemp | layer=5 | mean r=0.098
WITHIN-SPLIT mdeberta | fROI=Lang_LH_AntTemp | layer=6 | mean r=0.119
WITHIN-SPLIT mdeberta | fROI=Lang_LH_AntTemp | layer=7 | mean r=0.134
WITHIN-SPLIT mdeberta | fROI=Lang_LH_AntTemp | layer=8 | mean r=0.120
WITHIN-SPLIT mdeberta | fROI=Lang_LH_AntTemp | layer=9 | mean r=0.098
WITHIN-SPLIT mdeberta | fROI=Lang_LH_AntTemp | layer=10 | mean r=0.118
WITHIN-SPLIT mdeberta | fROI=Lang_LH_AntTemp | layer=11 | mean r=0.138
WITHIN-SPLIT mdeberta | fROI=Lang_LH_AntTemp | layer=12 | mean r=0.049


[WITHIN-SPLIT] Processing Lang_LH_IFG (2/6)
WITHIN-SPLIT mdeberta | fROI=Lang_LH_IFG | layer=0 | mean r=0.031
WITHIN-SPLIT mdeberta | fROI=Lang_LH_IFG | layer=1 | mean r=0.024
WITHIN-SPLIT mdeberta | fROI=Lang_LH_IFG | layer=2 | mean r=0.018
WITHIN-SPLIT mdeberta | fROI=Lang_LH_IFG | layer=3 | mean r=0.030
WITHIN-SPLIT mdeberta | fROI=Lang_LH_IFG | layer=4 | mean r=0.013
WITHIN-SPLIT mdeberta | fROI=Lang_LH_IFG | layer=5 | mean r=0.068
WITHIN-SPLIT mdeberta | fROI=Lang_LH_IFG | layer=6 | mean r=0.072
WITHIN-SPLIT mdeberta | fROI=Lang_LH_IFG | layer=7 | mean r=0.064
WITHIN-SPLIT mdeberta | fROI=Lang_LH_IFG | layer=8 | mean r=0.079
WITHIN-SPLIT mdeberta | fROI=Lang_LH_IFG | layer=9 | mean r=0.104
WITHIN-SPLIT mdeberta | fROI=Lang_LH_IFG | layer=10 | mean r=0.098
WITHIN-SPLIT mdeberta | fROI=Lang_LH_IFG | layer=11 | mean r=0.097
WITHIN-SPLIT mdeberta | fROI=Lang_LH_IFG | layer=12 | mean r=0.065


[WITHIN-SPLIT] Processing Lang_LH_IFGorb (3/6)
WITHIN-SPLIT mdeberta | fROI=Lang_LH_IFGorb | layer=0 | mean r=0.009
WITHIN-SPLIT mdeberta | fROI=Lang_LH_IFGorb | layer=1 | mean r=0.009
WITHIN-SPLIT mdeberta | fROI=Lang_LH_IFGorb | layer=2 | mean r=0.009
WITHIN-SPLIT mdeberta | fROI=Lang_LH_IFGorb | layer=3 | mean r=0.011
WITHIN-SPLIT mdeberta | fROI=Lang_LH_IFGorb | layer=4 | mean r=0.017
WITHIN-SPLIT mdeberta | fROI=Lang_LH_IFGorb | layer=5 | mean r=0.055
WITHIN-SPLIT mdeberta | fROI=Lang_LH_IFGorb | layer=6 | mean r=0.059
WITHIN-SPLIT mdeberta | fROI=Lang_LH_IFGorb | layer=7 | mean r=0.061
WITHIN-SPLIT mdeberta | fROI=Lang_LH_IFGorb | layer=8 | mean r=0.073
WITHIN-SPLIT mdeberta | fROI=Lang_LH_IFGorb | layer=9 | mean r=0.109
WITHIN-SPLIT mdeberta | fROI=Lang_LH_IFGorb | layer=10 | mean r=0.082
WITHIN-SPLIT mdeberta | fROI=Lang_LH_IFGorb | layer=11 | mean r=0.114
WITHIN-SPLIT mdeberta | fROI=Lang_LH_IFGorb | layer=12 | mean r=0.098


[WITHIN-SPLIT] Processing Lang_LH_MFG (4/6)
WITHIN-SPLIT mdeberta | fROI=Lang_LH_MFG | layer=0 | mean r=-0.032
WITHIN-SPLIT mdeberta | fROI=Lang_LH_MFG | layer=1 | mean r=-0.057
WITHIN-SPLIT mdeberta | fROI=Lang_LH_MFG | layer=2 | mean r=-0.040
WITHIN-SPLIT mdeberta | fROI=Lang_LH_MFG | layer=3 | mean r=-0.028
WITHIN-SPLIT mdeberta | fROI=Lang_LH_MFG | layer=4 | mean r=-0.021
WITHIN-SPLIT mdeberta | fROI=Lang_LH_MFG | layer=5 | mean r=0.032
WITHIN-SPLIT mdeberta | fROI=Lang_LH_MFG | layer=6 | mean r=0.053
WITHIN-SPLIT mdeberta | fROI=Lang_LH_MFG | layer=7 | mean r=0.047
WITHIN-SPLIT mdeberta | fROI=Lang_LH_MFG | layer=8 | mean r=0.060
WITHIN-SPLIT mdeberta | fROI=Lang_LH_MFG | layer=9 | mean r=0.103
WITHIN-SPLIT mdeberta | fROI=Lang_LH_MFG | layer=10 | mean r=0.101
WITHIN-SPLIT mdeberta | fROI=Lang_LH_MFG | layer=11 | mean r=0.130
WITHIN-SPLIT mdeberta | fROI=Lang_LH_MFG | layer=12 | mean r=0.045


[WITHIN-SPLIT] Processing Lang_LH_PostTemp (5/6)
WITHIN-SPLIT mdeberta | fROI=Lang_LH_PostTemp | layer=0 | mean r=0.055
WITHIN-SPLIT mdeberta | fROI=Lang_LH_PostTemp | layer=1 | mean r=0.046
WITHIN-SPLIT mdeberta | fROI=Lang_LH_PostTemp | layer=2 | mean r=0.053
WITHIN-SPLIT mdeberta | fROI=Lang_LH_PostTemp | layer=3 | mean r=0.077
WITHIN-SPLIT mdeberta | fROI=Lang_LH_PostTemp | layer=4 | mean r=0.066
WITHIN-SPLIT mdeberta | fROI=Lang_LH_PostTemp | layer=5 | mean r=0.099
WITHIN-SPLIT mdeberta | fROI=Lang_LH_PostTemp | layer=6 | mean r=0.119
WITHIN-SPLIT mdeberta | fROI=Lang_LH_PostTemp | layer=7 | mean r=0.147
WITHIN-SPLIT mdeberta | fROI=Lang_LH_PostTemp | layer=8 | mean r=0.170
WITHIN-SPLIT mdeberta | fROI=Lang_LH_PostTemp | layer=9 | mean r=0.168
WITHIN-SPLIT mdeberta | fROI=Lang_LH_PostTemp | layer=10 | mean r=0.166
WITHIN-SPLIT mdeberta | fROI=Lang_LH_PostTemp | layer=11 | mean r=0.146
WITHIN-SPLIT mdeberta | fROI=Lang_LH_PostTemp | layer=12 | mean r=0.084


[WITHIN-SPLIT] Processing all (6/6)
WITHIN-SPLIT mdeberta | fROI=all | layer=0 | mean r=0.029
WITHIN-SPLIT mdeberta | fROI=all | layer=1 | mean r=0.014
WITHIN-SPLIT mdeberta | fROI=all | layer=2 | mean r=0.011
WITHIN-SPLIT mdeberta | fROI=all | layer=3 | mean r=0.026
WITHIN-SPLIT mdeberta | fROI=all | layer=4 | mean r=0.026
WITHIN-SPLIT mdeberta | fROI=all | layer=5 | mean r=0.093
WITHIN-SPLIT mdeberta | fROI=all | layer=6 | mean r=0.118
WITHIN-SPLIT mdeberta | fROI=all | layer=7 | mean r=0.132
WITHIN-SPLIT mdeberta | fROI=all | layer=8 | mean r=0.148
WITHIN-SPLIT mdeberta | fROI=all | layer=9 | mean r=0.149
WITHIN-SPLIT mdeberta | fROI=all | layer=10 | mean r=0.145
WITHIN-SPLIT mdeberta | fROI=all | layer=11 | mean r=0.166
WITHIN-SPLIT mdeberta | fROI=all | layer=12 | mean r=0.109


[WITHIN-SPLIT] Processing Lang_LH_AntTemp (1/6)
WITHIN-SPLIT xlm_align | fROI=Lang_LH_AntTemp | layer=0 | mean r=0.038
WITHIN-SPLIT xlm_align | fROI=Lang_LH_AntTemp | layer=1 | mean r=0.045
WITHIN-SPLIT xlm_align | fROI=Lang_LH_AntTemp | layer=2 | mean r=0.053
WITHIN-SPLIT xlm_align | fROI=Lang_LH_AntTemp | layer=3 | mean r=0.063
WITHIN-SPLIT xlm_align | fROI=Lang_LH_AntTemp | layer=4 | mean r=0.098
WITHIN-SPLIT xlm_align | fROI=Lang_LH_AntTemp | layer=5 | mean r=0.071
WITHIN-SPLIT xlm_align | fROI=Lang_LH_AntTemp | layer=6 | mean r=0.129
WITHIN-SPLIT xlm_align | fROI=Lang_LH_AntTemp | layer=7 | mean r=0.108
WITHIN-SPLIT xlm_align | fROI=Lang_LH_AntTemp | layer=8 | mean r=0.118
WITHIN-SPLIT xlm_align | fROI=Lang_LH_AntTemp | layer=9 | mean r=0.118
WITHIN-SPLIT xlm_align | fROI=Lang_LH_AntTemp | layer=10 | mean r=0.148
WITHIN-SPLIT xlm_align | fROI=Lang_LH_AntTemp | layer=11 | mean r=0.130
WITHIN-SPLIT xlm_align | fROI=Lang_LH_AntTemp | layer=12 | mean r=0.114


[WITHIN-SPLIT] Processing Lang_LH_IFG (2/6)
WITHIN-SPLIT xlm_align | fROI=Lang_LH_IFG | layer=0 | mean r=0.032
WITHIN-SPLIT xlm_align | fROI=Lang_LH_IFG | layer=1 | mean r=0.038
WITHIN-SPLIT xlm_align | fROI=Lang_LH_IFG | layer=2 | mean r=0.047
WITHIN-SPLIT xlm_align | fROI=Lang_LH_IFG | layer=3 | mean r=0.052
WITHIN-SPLIT xlm_align | fROI=Lang_LH_IFG | layer=4 | mean r=0.074
WITHIN-SPLIT xlm_align | fROI=Lang_LH_IFG | layer=5 | mean r=0.076
WITHIN-SPLIT xlm_align | fROI=Lang_LH_IFG | layer=6 | mean r=0.086
WITHIN-SPLIT xlm_align | fROI=Lang_LH_IFG | layer=7 | mean r=0.043
WITHIN-SPLIT xlm_align | fROI=Lang_LH_IFG | layer=8 | mean r=0.077
WITHIN-SPLIT xlm_align | fROI=Lang_LH_IFG | layer=9 | mean r=0.073
WITHIN-SPLIT xlm_align | fROI=Lang_LH_IFG | layer=10 | mean r=0.075
WITHIN-SPLIT xlm_align | fROI=Lang_LH_IFG | layer=11 | mean r=0.072
WITHIN-SPLIT xlm_align | fROI=Lang_LH_IFG | layer=12 | mean r=0.056


[WITHIN-SPLIT] Processing Lang_LH_IFGorb (3/6)
WITHIN-SPLIT xlm_align | fROI=Lang_LH_IFGorb | layer=0 | mean r=0.018
WITHIN-SPLIT xlm_align | fROI=Lang_LH_IFGorb | layer=1 | mean r=0.020
WITHIN-SPLIT xlm_align | fROI=Lang_LH_IFGorb | layer=2 | mean r=0.030
WITHIN-SPLIT xlm_align | fROI=Lang_LH_IFGorb | layer=3 | mean r=0.041
WITHIN-SPLIT xlm_align | fROI=Lang_LH_IFGorb | layer=4 | mean r=0.050
WITHIN-SPLIT xlm_align | fROI=Lang_LH_IFGorb | layer=5 | mean r=0.056
WITHIN-SPLIT xlm_align | fROI=Lang_LH_IFGorb | layer=6 | mean r=0.039
WITHIN-SPLIT xlm_align | fROI=Lang_LH_IFGorb | layer=7 | mean r=0.042
WITHIN-SPLIT xlm_align | fROI=Lang_LH_IFGorb | layer=8 | mean r=0.052
WITHIN-SPLIT xlm_align | fROI=Lang_LH_IFGorb | layer=9 | mean r=0.064
WITHIN-SPLIT xlm_align | fROI=Lang_LH_IFGorb | layer=10 | mean r=0.072
WITHIN-SPLIT xlm_align | fROI=Lang_LH_IFGorb | layer=11 | mean r=0.067
WITHIN-SPLIT xlm_align | fROI=Lang_LH_IFGorb | layer=12 | mean r=0.034


[WITHIN-SPLIT] Processing Lang_LH_MFG (4/6)
WITHIN-SPLIT xlm_align | fROI=Lang_LH_MFG | layer=0 | mean r=-0.013
WITHIN-SPLIT xlm_align | fROI=Lang_LH_MFG | layer=1 | mean r=-0.001
WITHIN-SPLIT xlm_align | fROI=Lang_LH_MFG | layer=2 | mean r=0.002
WITHIN-SPLIT xlm_align | fROI=Lang_LH_MFG | layer=3 | mean r=0.013
WITHIN-SPLIT xlm_align | fROI=Lang_LH_MFG | layer=4 | mean r=0.028
WITHIN-SPLIT xlm_align | fROI=Lang_LH_MFG | layer=5 | mean r=0.031
WITHIN-SPLIT xlm_align | fROI=Lang_LH_MFG | layer=6 | mean r=0.056
WITHIN-SPLIT xlm_align | fROI=Lang_LH_MFG | layer=7 | mean r=0.022
WITHIN-SPLIT xlm_align | fROI=Lang_LH_MFG | layer=8 | mean r=0.051
WITHIN-SPLIT xlm_align | fROI=Lang_LH_MFG | layer=9 | mean r=0.050
WITHIN-SPLIT xlm_align | fROI=Lang_LH_MFG | layer=10 | mean r=0.060
WITHIN-SPLIT xlm_align | fROI=Lang_LH_MFG | layer=11 | mean r=0.080
WITHIN-SPLIT xlm_align | fROI=Lang_LH_MFG | layer=12 | mean r=0.056


[WITHIN-SPLIT] Processing Lang_LH_PostTemp (5/6)
WITHIN-SPLIT xlm_align | fROI=Lang_LH_PostTemp | layer=0 | mean r=0.025
WITHIN-SPLIT xlm_align | fROI=Lang_LH_PostTemp | layer=1 | mean r=0.050
WITHIN-SPLIT xlm_align | fROI=Lang_LH_PostTemp | layer=2 | mean r=0.073
WITHIN-SPLIT xlm_align | fROI=Lang_LH_PostTemp | layer=3 | mean r=0.127
WITHIN-SPLIT xlm_align | fROI=Lang_LH_PostTemp | layer=4 | mean r=0.105
WITHIN-SPLIT xlm_align | fROI=Lang_LH_PostTemp | layer=5 | mean r=0.098
WITHIN-SPLIT xlm_align | fROI=Lang_LH_PostTemp | layer=6 | mean r=0.155
WITHIN-SPLIT xlm_align | fROI=Lang_LH_PostTemp | layer=7 | mean r=0.151
WITHIN-SPLIT xlm_align | fROI=Lang_LH_PostTemp | layer=8 | mean r=0.158
WITHIN-SPLIT xlm_align | fROI=Lang_LH_PostTemp | layer=9 | mean r=0.147
WITHIN-SPLIT xlm_align | fROI=Lang_LH_PostTemp | layer=10 | mean r=0.160
WITHIN-SPLIT xlm_align | fROI=Lang_LH_PostTemp | layer=11 | mean r=0.166
WITHIN-SPLIT xlm_align | fROI=Lang_LH_PostTemp | layer=12 | mean r=0.132


[WITHIN-SPLIT] Processing all (6/6)
WITHIN-SPLIT xlm_align | fROI=all | layer=0 | mean r=0.019
WITHIN-SPLIT xlm_align | fROI=all | layer=1 | mean r=0.046
WITHIN-SPLIT xlm_align | fROI=all | layer=2 | mean r=0.061
WITHIN-SPLIT xlm_align | fROI=all | layer=3 | mean r=0.086
WITHIN-SPLIT xlm_align | fROI=all | layer=4 | mean r=0.092
WITHIN-SPLIT xlm_align | fROI=all | layer=5 | mean r=0.098
WITHIN-SPLIT xlm_align | fROI=all | layer=6 | mean r=0.113
WITHIN-SPLIT xlm_align | fROI=all | layer=7 | mean r=0.091
WITHIN-SPLIT xlm_align | fROI=all | layer=8 | mean r=0.115
WITHIN-SPLIT xlm_align | fROI=all | layer=9 | mean r=0.104
WITHIN-SPLIT xlm_align | fROI=all | layer=10 | mean r=0.127
WITHIN-SPLIT xlm_align | fROI=all | layer=11 | mean r=0.127
WITHIN-SPLIT xlm_align | fROI=all | layer=12 | mean r=0.095


[WITHIN-SPLIT] Processing Lang_LH_AntTemp (1/6)
WITHIN-SPLIT infoxlm_base | fROI=Lang_LH_AntTemp | layer=0 | mean r=0.035
WITHIN-SPLIT infoxlm_base | fROI=Lang_LH_AntTemp | layer=1 | mean r=0.027
WITHIN-SPLIT infoxlm_base | fROI=Lang_LH_AntTemp | layer=2 | mean r=0.044
WITHIN-SPLIT infoxlm_base | fROI=Lang_LH_AntTemp | layer=3 | mean r=0.044
WITHIN-SPLIT infoxlm_base | fROI=Lang_LH_AntTemp | layer=4 | mean r=0.063
WITHIN-SPLIT infoxlm_base | fROI=Lang_LH_AntTemp | layer=5 | mean r=0.086
WITHIN-SPLIT infoxlm_base | fROI=Lang_LH_AntTemp | layer=6 | mean r=0.102
WITHIN-SPLIT infoxlm_base | fROI=Lang_LH_AntTemp | layer=7 | mean r=0.111
WITHIN-SPLIT infoxlm_base | fROI=Lang_LH_AntTemp | layer=8 | mean r=0.075
WITHIN-SPLIT infoxlm_base | fROI=Lang_LH_AntTemp | layer=9 | mean r=0.095
WITHIN-SPLIT infoxlm_base | fROI=Lang_LH_AntTemp | layer=10 | mean r=0.115
WITHIN-SPLIT infoxlm_base | fROI=Lang_LH_AntTemp | layer=11 | mean r=0.113
WITHIN-SPLIT infoxlm_base | fROI=Lang_LH_AntTemp | layer=12 | mean r=0.092


[WITHIN-SPLIT] Processing Lang_LH_IFG (2/6)
WITHIN-SPLIT infoxlm_base | fROI=Lang_LH_IFG | layer=0 | mean r=0.030
WITHIN-SPLIT infoxlm_base | fROI=Lang_LH_IFG | layer=1 | mean r=0.036
WITHIN-SPLIT infoxlm_base | fROI=Lang_LH_IFG | layer=2 | mean r=0.034
WITHIN-SPLIT infoxlm_base | fROI=Lang_LH_IFG | layer=3 | mean r=0.055
WITHIN-SPLIT infoxlm_base | fROI=Lang_LH_IFG | layer=4 | mean r=0.055
WITHIN-SPLIT infoxlm_base | fROI=Lang_LH_IFG | layer=5 | mean r=0.053
WITHIN-SPLIT infoxlm_base | fROI=Lang_LH_IFG | layer=6 | mean r=0.073
WITHIN-SPLIT infoxlm_base | fROI=Lang_LH_IFG | layer=7 | mean r=0.081
WITHIN-SPLIT infoxlm_base | fROI=Lang_LH_IFG | layer=8 | mean r=0.076
WITHIN-SPLIT infoxlm_base | fROI=Lang_LH_IFG | layer=9 | mean r=0.072
WITHIN-SPLIT infoxlm_base | fROI=Lang_LH_IFG | layer=10 | mean r=0.080
WITHIN-SPLIT infoxlm_base | fROI=Lang_LH_IFG | layer=11 | mean r=0.069
WITHIN-SPLIT infoxlm_base | fROI=Lang_LH_IFG | layer=12 | mean r=0.055


[WITHIN-SPLIT] Processing Lang_LH_IFGorb (3/6)
WITHIN-SPLIT infoxlm_base | fROI=Lang_LH_IFGorb | layer=0 | mean r=0.018
WITHIN-SPLIT infoxlm_base | fROI=Lang_LH_IFGorb | layer=1 | mean r=0.008
WITHIN-SPLIT infoxlm_base | fROI=Lang_LH_IFGorb | layer=2 | mean r=0.019
WITHIN-SPLIT infoxlm_base | fROI=Lang_LH_IFGorb | layer=3 | mean r=0.037
WITHIN-SPLIT infoxlm_base | fROI=Lang_LH_IFGorb | layer=4 | mean r=0.054
WITHIN-SPLIT infoxlm_base | fROI=Lang_LH_IFGorb | layer=5 | mean r=0.057
WITHIN-SPLIT infoxlm_base | fROI=Lang_LH_IFGorb | layer=6 | mean r=0.056
WITHIN-SPLIT infoxlm_base | fROI=Lang_LH_IFGorb | layer=7 | mean r=0.064
WITHIN-SPLIT infoxlm_base | fROI=Lang_LH_IFGorb | layer=8 | mean r=0.069
WITHIN-SPLIT infoxlm_base | fROI=Lang_LH_IFGorb | layer=9 | mean r=0.106
WITHIN-SPLIT infoxlm_base | fROI=Lang_LH_IFGorb | layer=10 | mean r=0.090
WITHIN-SPLIT infoxlm_base | fROI=Lang_LH_IFGorb | layer=11 | mean r=0.100
WITHIN-SPLIT infoxlm_base | fROI=Lang_LH_IFGorb | layer=12 | mean r=0.091


[WITHIN-SPLIT] Processing Lang_LH_MFG (4/6)
WITHIN-SPLIT infoxlm_base | fROI=Lang_LH_MFG | layer=0 | mean r=-0.017
WITHIN-SPLIT infoxlm_base | fROI=Lang_LH_MFG | layer=1 | mean r=0.006
WITHIN-SPLIT infoxlm_base | fROI=Lang_LH_MFG | layer=2 | mean r=-0.021
WITHIN-SPLIT infoxlm_base | fROI=Lang_LH_MFG | layer=3 | mean r=0.029
WITHIN-SPLIT infoxlm_base | fROI=Lang_LH_MFG | layer=4 | mean r=0.037
WITHIN-SPLIT infoxlm_base | fROI=Lang_LH_MFG | layer=5 | mean r=0.039
WITHIN-SPLIT infoxlm_base | fROI=Lang_LH_MFG | layer=6 | mean r=0.042
WITHIN-SPLIT infoxlm_base | fROI=Lang_LH_MFG | layer=7 | mean r=0.047
WITHIN-SPLIT infoxlm_base | fROI=Lang_LH_MFG | layer=8 | mean r=0.056
WITHIN-SPLIT infoxlm_base | fROI=Lang_LH_MFG | layer=9 | mean r=0.064
WITHIN-SPLIT infoxlm_base | fROI=Lang_LH_MFG | layer=10 | mean r=0.072
WITHIN-SPLIT infoxlm_base | fROI=Lang_LH_MFG | layer=11 | mean r=0.089
WITHIN-SPLIT infoxlm_base | fROI=Lang_LH_MFG | layer=12 | mean r=0.112


[WITHIN-SPLIT] Processing Lang_LH_PostTemp (5/6)
WITHIN-SPLIT infoxlm_base | fROI=Lang_LH_PostTemp | layer=0 | mean r=0.031
WITHIN-SPLIT infoxlm_base | fROI=Lang_LH_PostTemp | layer=1 | mean r=0.045
WITHIN-SPLIT infoxlm_base | fROI=Lang_LH_PostTemp | layer=2 | mean r=0.066
WITHIN-SPLIT infoxlm_base | fROI=Lang_LH_PostTemp | layer=3 | mean r=0.084
WITHIN-SPLIT infoxlm_base | fROI=Lang_LH_PostTemp | layer=4 | mean r=0.096
WITHIN-SPLIT infoxlm_base | fROI=Lang_LH_PostTemp | layer=5 | mean r=0.102
WITHIN-SPLIT infoxlm_base | fROI=Lang_LH_PostTemp | layer=6 | mean r=0.126
WITHIN-SPLIT infoxlm_base | fROI=Lang_LH_PostTemp | layer=7 | mean r=0.118
WITHIN-SPLIT infoxlm_base | fROI=Lang_LH_PostTemp | layer=8 | mean r=0.111
WITHIN-SPLIT infoxlm_base | fROI=Lang_LH_PostTemp | layer=9 | mean r=0.103
WITHIN-SPLIT infoxlm_base | fROI=Lang_LH_PostTemp | layer=10 | mean r=0.123
WITHIN-SPLIT infoxlm_base | fROI=Lang_LH_PostTemp | layer=11 | mean r=0.126
WITHIN-SPLIT infoxlm_base | fROI=Lang_LH_PostTemp | layer=12 | mean r=0.097


[WITHIN-SPLIT] Processing all (6/6)
WITHIN-SPLIT infoxlm_base | fROI=all | layer=0 | mean r=0.025
WITHIN-SPLIT infoxlm_base | fROI=all | layer=1 | mean r=0.023
WITHIN-SPLIT infoxlm_base | fROI=all | layer=2 | mean r=0.029
WITHIN-SPLIT infoxlm_base | fROI=all | layer=3 | mean r=0.076
WITHIN-SPLIT infoxlm_base | fROI=all | layer=4 | mean r=0.086
WITHIN-SPLIT infoxlm_base | fROI=all | layer=5 | mean r=0.080
WITHIN-SPLIT infoxlm_base | fROI=all | layer=6 | mean r=0.106
WITHIN-SPLIT infoxlm_base | fROI=all | layer=7 | mean r=0.115
WITHIN-SPLIT infoxlm_base | fROI=all | layer=8 | mean r=0.112
WITHIN-SPLIT infoxlm_base | fROI=all | layer=9 | mean r=0.134
WITHIN-SPLIT infoxlm_base | fROI=all | layer=10 | mean r=0.142
WITHIN-SPLIT infoxlm_base | fROI=all | layer=11 | mean r=0.139
WITHIN-SPLIT infoxlm_base | fROI=all | layer=12 | mean r=0.122


[WITHIN-SPLIT] Processing Lang_LH_AntTemp (1/6)
WITHIN-SPLIT infoxlm_large | fROI=Lang_LH_AntTemp | layer=0 | mean r=0.026
WITHIN-SPLIT infoxlm_large | fROI=Lang_LH_AntTemp | layer=1 | mean r=0.030
WITHIN-SPLIT infoxlm_large | fROI=Lang_LH_AntTemp | layer=2 | mean r=0.039
WITHIN-SPLIT infoxlm_large | fROI=Lang_LH_AntTemp | layer=3 | mean r=0.059
WITHIN-SPLIT infoxlm_large | fROI=Lang_LH_AntTemp | layer=4 | mean r=0.078
WITHIN-SPLIT infoxlm_large | fROI=Lang_LH_AntTemp | layer=5 | mean r=0.066
WITHIN-SPLIT infoxlm_large | fROI=Lang_LH_AntTemp | layer=6 | mean r=0.069
WITHIN-SPLIT infoxlm_large | fROI=Lang_LH_AntTemp | layer=7 | mean r=0.100
WITHIN-SPLIT infoxlm_large | fROI=Lang_LH_AntTemp | layer=8 | mean r=0.103
WITHIN-SPLIT infoxlm_large | fROI=Lang_LH_AntTemp | layer=9 | mean r=0.104
WITHIN-SPLIT infoxlm_large | fROI=Lang_LH_AntTemp | layer=10 | mean r=0.113
WITHIN-SPLIT infoxlm_large | fROI=Lang_LH_AntTemp | layer=11 | mean r=0.117
WITHIN-SPLIT infoxlm_large | fROI=Lang_LH_AntTemp | layer=12 | mean r=0.114
WITHIN-SPLIT infoxlm_large | fROI=Lang_LH_AntTemp | layer=13 | mean r=0.123
WITHIN-SPLIT infoxlm_large | fROI=Lang_LH_AntTemp | layer=14 | mean r=0.107
WITHIN-SPLIT infoxlm_large | fROI=Lang_LH_AntTemp | layer=15 | mean r=0.082
WITHIN-SPLIT infoxlm_large | fROI=Lang_LH_AntTemp | layer=16 | mean r=0.069
WITHIN-SPLIT infoxlm_large | fROI=Lang_LH_AntTemp | layer=17 | mean r=0.085
WITHIN-SPLIT infoxlm_large | fROI=Lang_LH_AntTemp | layer=18 | mean r=0.067
WITHIN-SPLIT infoxlm_large | fROI=Lang_LH_AntTemp | layer=19 | mean r=0.074
WITHIN-SPLIT infoxlm_large | fROI=Lang_LH_AntTemp | layer=20 | mean r=0.079
WITHIN-SPLIT infoxlm_large | fROI=Lang_LH_AntTemp | layer=21 | mean r=0.082
WITHIN-SPLIT infoxlm_large | fROI=Lang_LH_AntTemp | layer=22 | mean r=0.106
WITHIN-SPLIT infoxlm_large | fROI=Lang_LH_AntTemp | layer=23 | mean r=0.094
WITHIN-SPLIT infoxlm_large | fROI=Lang_LH_AntTemp | layer=24 | mean r=0.102


[WITHIN-SPLIT] Processing Lang_LH_IFG (2/6)
WITHIN-SPLIT infoxlm_large | fROI=Lang_LH_IFG | layer=0 | mean r=0.020
WITHIN-SPLIT infoxlm_large | fROI=Lang_LH_IFG | layer=1 | mean r=0.029
WITHIN-SPLIT infoxlm_large | fROI=Lang_LH_IFG | layer=2 | mean r=0.034
WITHIN-SPLIT infoxlm_large | fROI=Lang_LH_IFG | layer=3 | mean r=0.025
WITHIN-SPLIT infoxlm_large | fROI=Lang_LH_IFG | layer=4 | mean r=0.043
WITHIN-SPLIT infoxlm_large | fROI=Lang_LH_IFG | layer=5 | mean r=0.021
WITHIN-SPLIT infoxlm_large | fROI=Lang_LH_IFG | layer=6 | mean r=0.035
WITHIN-SPLIT infoxlm_large | fROI=Lang_LH_IFG | layer=7 | mean r=0.036
WITHIN-SPLIT infoxlm_large | fROI=Lang_LH_IFG | layer=8 | mean r=0.051
WITHIN-SPLIT infoxlm_large | fROI=Lang_LH_IFG | layer=9 | mean r=0.054
WITHIN-SPLIT infoxlm_large | fROI=Lang_LH_IFG | layer=10 | mean r=0.078
WITHIN-SPLIT infoxlm_large | fROI=Lang_LH_IFG | layer=11 | mean r=0.088
WITHIN-SPLIT infoxlm_large | fROI=Lang_LH_IFG | layer=12 | mean r=0.092
WITHIN-SPLIT infoxlm_large | fROI=Lang_LH_IFG | layer=13 | mean r=0.078
WITHIN-SPLIT infoxlm_large | fROI=Lang_LH_IFG | layer=14 | mean r=0.083
WITHIN-SPLIT infoxlm_large | fROI=Lang_LH_IFG | layer=15 | mean r=0.076
WITHIN-SPLIT infoxlm_large | fROI=Lang_LH_IFG | layer=16 | mean r=0.094
WITHIN-SPLIT infoxlm_large | fROI=Lang_LH_IFG | layer=17 | mean r=0.130
WITHIN-SPLIT infoxlm_large | fROI=Lang_LH_IFG | layer=18 | mean r=0.095
WITHIN-SPLIT infoxlm_large | fROI=Lang_LH_IFG | layer=19 | mean r=0.093
WITHIN-SPLIT infoxlm_large | fROI=Lang_LH_IFG | layer=20 | mean r=0.105
WITHIN-SPLIT infoxlm_large | fROI=Lang_LH_IFG | layer=21 | mean r=0.099
WITHIN-SPLIT infoxlm_large | fROI=Lang_LH_IFG | layer=22 | mean r=0.101
WITHIN-SPLIT infoxlm_large | fROI=Lang_LH_IFG | layer=23 | mean r=0.065
WITHIN-SPLIT infoxlm_large | fROI=Lang_LH_IFG | layer=24 | mean r=0.056


[WITHIN-SPLIT] Processing Lang_LH_IFGorb (3/6)
WITHIN-SPLIT infoxlm_large | fROI=Lang_LH_IFGorb | layer=0 | mean r=0.012
WITHIN-SPLIT infoxlm_large | fROI=Lang_LH_IFGorb | layer=1 | mean r=0.019
WITHIN-SPLIT infoxlm_large | fROI=Lang_LH_IFGorb | layer=2 | mean r=0.015
WITHIN-SPLIT infoxlm_large | fROI=Lang_LH_IFGorb | layer=3 | mean r=0.021
WITHIN-SPLIT infoxlm_large | fROI=Lang_LH_IFGorb | layer=4 | mean r=0.032
WITHIN-SPLIT infoxlm_large | fROI=Lang_LH_IFGorb | layer=5 | mean r=0.033
WITHIN-SPLIT infoxlm_large | fROI=Lang_LH_IFGorb | layer=6 | mean r=0.031
WITHIN-SPLIT infoxlm_large | fROI=Lang_LH_IFGorb | layer=7 | mean r=0.046
WITHIN-SPLIT infoxlm_large | fROI=Lang_LH_IFGorb | layer=8 | mean r=0.044
WITHIN-SPLIT infoxlm_large | fROI=Lang_LH_IFGorb | layer=9 | mean r=0.057
WITHIN-SPLIT infoxlm_large | fROI=Lang_LH_IFGorb | layer=10 | mean r=0.081
WITHIN-SPLIT infoxlm_large | fROI=Lang_LH_IFGorb | layer=11 | mean r=0.088
WITHIN-SPLIT infoxlm_large | fROI=Lang_LH_IFGorb | layer=12 | mean r=0.080
WITHIN-SPLIT infoxlm_large | fROI=Lang_LH_IFGorb | layer=13 | mean r=0.097
WITHIN-SPLIT infoxlm_large | fROI=Lang_LH_IFGorb | layer=14 | mean r=0.084
WITHIN-SPLIT infoxlm_large | fROI=Lang_LH_IFGorb | layer=15 | mean r=0.059
WITHIN-SPLIT infoxlm_large | fROI=Lang_LH_IFGorb | layer=16 | mean r=0.071
WITHIN-SPLIT infoxlm_large | fROI=Lang_LH_IFGorb | layer=17 | mean r=0.068
WITHIN-SPLIT infoxlm_large | fROI=Lang_LH_IFGorb | layer=18 | mean r=0.056
WITHIN-SPLIT infoxlm_large | fROI=Lang_LH_IFGorb | layer=19 | mean r=0.046
WITHIN-SPLIT infoxlm_large | fROI=Lang_LH_IFGorb | layer=20 | mean r=0.069
WITHIN-SPLIT infoxlm_large | fROI=Lang_LH_IFGorb | layer=21 | mean r=0.068
WITHIN-SPLIT infoxlm_large | fROI=Lang_LH_IFGorb | layer=22 | mean r=0.072
WITHIN-SPLIT infoxlm_large | fROI=Lang_LH_IFGorb | layer=23 | mean r=0.056
WITHIN-SPLIT infoxlm_large | fROI=Lang_LH_IFGorb | layer=24 | mean r=0.062


[WITHIN-SPLIT] Processing Lang_LH_MFG (4/6)
WITHIN-SPLIT infoxlm_large | fROI=Lang_LH_MFG | layer=0 | mean r=-0.021
WITHIN-SPLIT infoxlm_large | fROI=Lang_LH_MFG | layer=1 | mean r=-0.015
WITHIN-SPLIT infoxlm_large | fROI=Lang_LH_MFG | layer=2 | mean r=-0.010
WITHIN-SPLIT infoxlm_large | fROI=Lang_LH_MFG | layer=3 | mean r=-0.001
WITHIN-SPLIT infoxlm_large | fROI=Lang_LH_MFG | layer=4 | mean r=-0.003
WITHIN-SPLIT infoxlm_large | fROI=Lang_LH_MFG | layer=5 | mean r=-0.018
WITHIN-SPLIT infoxlm_large | fROI=Lang_LH_MFG | layer=6 | mean r=0.007
WITHIN-SPLIT infoxlm_large | fROI=Lang_LH_MFG | layer=7 | mean r=0.006
WITHIN-SPLIT infoxlm_large | fROI=Lang_LH_MFG | layer=8 | mean r=0.023
WITHIN-SPLIT infoxlm_large | fROI=Lang_LH_MFG | layer=9 | mean r=0.035
WITHIN-SPLIT infoxlm_large | fROI=Lang_LH_MFG | layer=10 | mean r=0.055
WITHIN-SPLIT infoxlm_large | fROI=Lang_LH_MFG | layer=11 | mean r=0.098
WITHIN-SPLIT infoxlm_large | fROI=Lang_LH_MFG | layer=12 | mean r=0.095
WITHIN-SPLIT infoxlm_large | fROI=Lang_LH_MFG | layer=13 | mean r=0.108
WITHIN-SPLIT infoxlm_large | fROI=Lang_LH_MFG | layer=14 | mean r=0.113
WITHIN-SPLIT infoxlm_large | fROI=Lang_LH_MFG | layer=15 | mean r=0.107
WITHIN-SPLIT infoxlm_large | fROI=Lang_LH_MFG | layer=16 | mean r=0.104
WITHIN-SPLIT infoxlm_large | fROI=Lang_LH_MFG | layer=17 | mean r=0.127
WITHIN-SPLIT infoxlm_large | fROI=Lang_LH_MFG | layer=18 | mean r=0.119
WITHIN-SPLIT infoxlm_large | fROI=Lang_LH_MFG | layer=19 | mean r=0.131
WITHIN-SPLIT infoxlm_large | fROI=Lang_LH_MFG | layer=20 | mean r=0.126
WITHIN-SPLIT infoxlm_large | fROI=Lang_LH_MFG | layer=21 | mean r=0.105
WITHIN-SPLIT infoxlm_large | fROI=Lang_LH_MFG | layer=22 | mean r=0.098
WITHIN-SPLIT infoxlm_large | fROI=Lang_LH_MFG | layer=23 | mean r=0.072
WITHIN-SPLIT infoxlm_large | fROI=Lang_LH_MFG | layer=24 | mean r=0.057


[WITHIN-SPLIT] Processing Lang_LH_PostTemp (5/6)
WITHIN-SPLIT infoxlm_large | fROI=Lang_LH_PostTemp | layer=0 | mean r=0.046
WITHIN-SPLIT infoxlm_large | fROI=Lang_LH_PostTemp | layer=1 | mean r=0.063
WITHIN-SPLIT infoxlm_large | fROI=Lang_LH_PostTemp | layer=2 | mean r=0.064
WITHIN-SPLIT infoxlm_large | fROI=Lang_LH_PostTemp | layer=3 | mean r=0.077
WITHIN-SPLIT infoxlm_large | fROI=Lang_LH_PostTemp | layer=4 | mean r=0.107
WITHIN-SPLIT infoxlm_large | fROI=Lang_LH_PostTemp | layer=5 | mean r=0.110
WITHIN-SPLIT infoxlm_large | fROI=Lang_LH_PostTemp | layer=6 | mean r=0.112
WITHIN-SPLIT infoxlm_large | fROI=Lang_LH_PostTemp | layer=7 | mean r=0.132
WITHIN-SPLIT infoxlm_large | fROI=Lang_LH_PostTemp | layer=8 | mean r=0.156
WITHIN-SPLIT infoxlm_large | fROI=Lang_LH_PostTemp | layer=9 | mean r=0.152
WITHIN-SPLIT infoxlm_large | fROI=Lang_LH_PostTemp | layer=10 | mean r=0.162
WITHIN-SPLIT infoxlm_large | fROI=Lang_LH_PostTemp | layer=11 | mean r=0.149
WITHIN-SPLIT infoxlm_large | fROI=Lang_LH_PostTemp | layer=12 | mean r=0.151
WITHIN-SPLIT infoxlm_large | fROI=Lang_LH_PostTemp | layer=13 | mean r=0.159
WITHIN-SPLIT infoxlm_large | fROI=Lang_LH_PostTemp | layer=14 | mean r=0.143
WITHIN-SPLIT infoxlm_large | fROI=Lang_LH_PostTemp | layer=15 | mean r=0.151
WITHIN-SPLIT infoxlm_large | fROI=Lang_LH_PostTemp | layer=16 | mean r=0.138
WITHIN-SPLIT infoxlm_large | fROI=Lang_LH_PostTemp | layer=17 | mean r=0.140
WITHIN-SPLIT infoxlm_large | fROI=Lang_LH_PostTemp | layer=18 | mean r=0.140
WITHIN-SPLIT infoxlm_large | fROI=Lang_LH_PostTemp | layer=19 | mean r=0.141
WITHIN-SPLIT infoxlm_large | fROI=Lang_LH_PostTemp | layer=20 | mean r=0.154
WITHIN-SPLIT infoxlm_large | fROI=Lang_LH_PostTemp | layer=21 | mean r=0.149
WITHIN-SPLIT infoxlm_large | fROI=Lang_LH_PostTemp | layer=22 | mean r=0.166
WITHIN-SPLIT infoxlm_large | fROI=Lang_LH_PostTemp | layer=23 | mean r=0.153
WITHIN-SPLIT infoxlm_large | fROI=Lang_LH_PostTemp | layer=24 | mean r=0.139


[WITHIN-SPLIT] Processing all (6/6)
WITHIN-SPLIT infoxlm_large | fROI=all | layer=0 | mean r=0.013
WITHIN-SPLIT infoxlm_large | fROI=all | layer=1 | mean r=0.032
WITHIN-SPLIT infoxlm_large | fROI=all | layer=2 | mean r=0.037
WITHIN-SPLIT infoxlm_large | fROI=all | layer=3 | mean r=0.043
WITHIN-SPLIT infoxlm_large | fROI=all | layer=4 | mean r=0.067
WITHIN-SPLIT infoxlm_large | fROI=all | layer=5 | mean r=0.058
WITHIN-SPLIT infoxlm_large | fROI=all | layer=6 | mean r=0.061
WITHIN-SPLIT infoxlm_large | fROI=all | layer=7 | mean r=0.065
WITHIN-SPLIT infoxlm_large | fROI=all | layer=8 | mean r=0.097
WITHIN-SPLIT infoxlm_large | fROI=all | layer=9 | mean r=0.110
WITHIN-SPLIT infoxlm_large | fROI=all | layer=10 | mean r=0.129
WITHIN-SPLIT infoxlm_large | fROI=all | layer=11 | mean r=0.149
WITHIN-SPLIT infoxlm_large | fROI=all | layer=12 | mean r=0.138
WITHIN-SPLIT infoxlm_large | fROI=all | layer=13 | mean r=0.144
WITHIN-SPLIT infoxlm_large | fROI=all | layer=14 | mean r=0.145
WITHIN-SPLIT infoxlm_large | fROI=all | layer=15 | mean r=0.132
WITHIN-SPLIT infoxlm_large | fROI=all | layer=16 | mean r=0.115
WITHIN-SPLIT infoxlm_large | fROI=all | layer=17 | mean r=0.138
WITHIN-SPLIT infoxlm_large | fROI=all | layer=18 | mean r=0.131
WITHIN-SPLIT infoxlm_large | fROI=all | layer=19 | mean r=0.136
WITHIN-SPLIT infoxlm_large | fROI=all | layer=20 | mean r=0.134
WITHIN-SPLIT infoxlm_large | fROI=all | layer=21 | mean r=0.119
WITHIN-SPLIT infoxlm_large | fROI=all | layer=22 | mean r=0.124
WITHIN-SPLIT infoxlm_large | fROI=all | layer=23 | mean r=0.113
WITHIN-SPLIT infoxlm_large | fROI=all | layer=24 | mean r=0.127


[WITHIN-SPLIT] Processing Lang_LH_AntTemp (1/6)
WITHIN-SPLIT multiminilm | fROI=Lang_LH_AntTemp | layer=0 | mean r=0.027
WITHIN-SPLIT multiminilm | fROI=Lang_LH_AntTemp | layer=1 | mean r=0.022
WITHIN-SPLIT multiminilm | fROI=Lang_LH_AntTemp | layer=2 | mean r=0.037
WITHIN-SPLIT multiminilm | fROI=Lang_LH_AntTemp | layer=3 | mean r=0.032
WITHIN-SPLIT multiminilm | fROI=Lang_LH_AntTemp | layer=4 | mean r=0.070
WITHIN-SPLIT multiminilm | fROI=Lang_LH_AntTemp | layer=5 | mean r=0.062
WITHIN-SPLIT multiminilm | fROI=Lang_LH_AntTemp | layer=6 | mean r=0.077
WITHIN-SPLIT multiminilm | fROI=Lang_LH_AntTemp | layer=7 | mean r=0.074
WITHIN-SPLIT multiminilm | fROI=Lang_LH_AntTemp | layer=8 | mean r=0.070
WITHIN-SPLIT multiminilm | fROI=Lang_LH_AntTemp | layer=9 | mean r=0.071
WITHIN-SPLIT multiminilm | fROI=Lang_LH_AntTemp | layer=10 | mean r=0.084
WITHIN-SPLIT multiminilm | fROI=Lang_LH_AntTemp | layer=11 | mean r=0.096
WITHIN-SPLIT multiminilm | fROI=Lang_LH_AntTemp | layer=12 | mean r=0.097


[WITHIN-SPLIT] Processing Lang_LH_IFG (2/6)
WITHIN-SPLIT multiminilm | fROI=Lang_LH_IFG | layer=0 | mean r=0.026
WITHIN-SPLIT multiminilm | fROI=Lang_LH_IFG | layer=1 | mean r=0.009
WITHIN-SPLIT multiminilm | fROI=Lang_LH_IFG | layer=2 | mean r=0.015
WITHIN-SPLIT multiminilm | fROI=Lang_LH_IFG | layer=3 | mean r=0.002
WITHIN-SPLIT multiminilm | fROI=Lang_LH_IFG | layer=4 | mean r=0.051
WITHIN-SPLIT multiminilm | fROI=Lang_LH_IFG | layer=5 | mean r=0.043
WITHIN-SPLIT multiminilm | fROI=Lang_LH_IFG | layer=6 | mean r=0.043
WITHIN-SPLIT multiminilm | fROI=Lang_LH_IFG | layer=7 | mean r=0.065
WITHIN-SPLIT multiminilm | fROI=Lang_LH_IFG | layer=8 | mean r=0.074
WITHIN-SPLIT multiminilm | fROI=Lang_LH_IFG | layer=9 | mean r=0.070
WITHIN-SPLIT multiminilm | fROI=Lang_LH_IFG | layer=10 | mean r=0.073
WITHIN-SPLIT multiminilm | fROI=Lang_LH_IFG | layer=11 | mean r=0.074
WITHIN-SPLIT multiminilm | fROI=Lang_LH_IFG | layer=12 | mean r=0.075


[WITHIN-SPLIT] Processing Lang_LH_IFGorb (3/6)
WITHIN-SPLIT multiminilm | fROI=Lang_LH_IFGorb | layer=0 | mean r=0.010
WITHIN-SPLIT multiminilm | fROI=Lang_LH_IFGorb | layer=1 | mean r=-0.007
WITHIN-SPLIT multiminilm | fROI=Lang_LH_IFGorb | layer=2 | mean r=-0.007
WITHIN-SPLIT multiminilm | fROI=Lang_LH_IFGorb | layer=3 | mean r=-0.016
WITHIN-SPLIT multiminilm | fROI=Lang_LH_IFGorb | layer=4 | mean r=0.026
WITHIN-SPLIT multiminilm | fROI=Lang_LH_IFGorb | layer=5 | mean r=0.012
WITHIN-SPLIT multiminilm | fROI=Lang_LH_IFGorb | layer=6 | mean r=0.038
WITHIN-SPLIT multiminilm | fROI=Lang_LH_IFGorb | layer=7 | mean r=0.059
WITHIN-SPLIT multiminilm | fROI=Lang_LH_IFGorb | layer=8 | mean r=0.059
WITHIN-SPLIT multiminilm | fROI=Lang_LH_IFGorb | layer=9 | mean r=0.080
WITHIN-SPLIT multiminilm | fROI=Lang_LH_IFGorb | layer=10 | mean r=0.067
WITHIN-SPLIT multiminilm | fROI=Lang_LH_IFGorb | layer=11 | mean r=0.084
WITHIN-SPLIT multiminilm | fROI=Lang_LH_IFGorb | layer=12 | mean r=0.085


[WITHIN-SPLIT] Processing Lang_LH_MFG (4/6)
WITHIN-SPLIT multiminilm | fROI=Lang_LH_MFG | layer=0 | mean r=-0.038
WITHIN-SPLIT multiminilm | fROI=Lang_LH_MFG | layer=1 | mean r=-0.036
WITHIN-SPLIT multiminilm | fROI=Lang_LH_MFG | layer=2 | mean r=-0.033
WITHIN-SPLIT multiminilm | fROI=Lang_LH_MFG | layer=3 | mean r=-0.029
WITHIN-SPLIT multiminilm | fROI=Lang_LH_MFG | layer=4 | mean r=0.014
WITHIN-SPLIT multiminilm | fROI=Lang_LH_MFG | layer=5 | mean r=0.017
WITHIN-SPLIT multiminilm | fROI=Lang_LH_MFG | layer=6 | mean r=0.029
WITHIN-SPLIT multiminilm | fROI=Lang_LH_MFG | layer=7 | mean r=0.040
WITHIN-SPLIT multiminilm | fROI=Lang_LH_MFG | layer=8 | mean r=0.066
WITHIN-SPLIT multiminilm | fROI=Lang_LH_MFG | layer=9 | mean r=0.057
WITHIN-SPLIT multiminilm | fROI=Lang_LH_MFG | layer=10 | mean r=0.045
WITHIN-SPLIT multiminilm | fROI=Lang_LH_MFG | layer=11 | mean r=0.051
WITHIN-SPLIT multiminilm | fROI=Lang_LH_MFG | layer=12 | mean r=0.053


[WITHIN-SPLIT] Processing Lang_LH_PostTemp (5/6)
WITHIN-SPLIT multiminilm | fROI=Lang_LH_PostTemp | layer=0 | mean r=0.045
WITHIN-SPLIT multiminilm | fROI=Lang_LH_PostTemp | layer=1 | mean r=0.031
WITHIN-SPLIT multiminilm | fROI=Lang_LH_PostTemp | layer=2 | mean r=0.032
WITHIN-SPLIT multiminilm | fROI=Lang_LH_PostTemp | layer=3 | mean r=0.047
WITHIN-SPLIT multiminilm | fROI=Lang_LH_PostTemp | layer=4 | mean r=0.100
WITHIN-SPLIT multiminilm | fROI=Lang_LH_PostTemp | layer=5 | mean r=0.113
WITHIN-SPLIT multiminilm | fROI=Lang_LH_PostTemp | layer=6 | mean r=0.117
WITHIN-SPLIT multiminilm | fROI=Lang_LH_PostTemp | layer=7 | mean r=0.124
WITHIN-SPLIT multiminilm | fROI=Lang_LH_PostTemp | layer=8 | mean r=0.124
WITHIN-SPLIT multiminilm | fROI=Lang_LH_PostTemp | layer=9 | mean r=0.132
WITHIN-SPLIT multiminilm | fROI=Lang_LH_PostTemp | layer=10 | mean r=0.115
WITHIN-SPLIT multiminilm | fROI=Lang_LH_PostTemp | layer=11 | mean r=0.124
WITHIN-SPLIT multiminilm | fROI=Lang_LH_PostTemp | layer=12 | mean r=0.128


[WITHIN-SPLIT] Processing all (6/6)
WITHIN-SPLIT multiminilm | fROI=all | layer=0 | mean r=0.007
WITHIN-SPLIT multiminilm | fROI=all | layer=1 | mean r=0.004
WITHIN-SPLIT multiminilm | fROI=all | layer=2 | mean r=0.018
WITHIN-SPLIT multiminilm | fROI=all | layer=3 | mean r=0.023
WITHIN-SPLIT multiminilm | fROI=all | layer=4 | mean r=0.070
WITHIN-SPLIT multiminilm | fROI=all | layer=5 | mean r=0.060
WITHIN-SPLIT multiminilm | fROI=all | layer=6 | mean r=0.081
WITHIN-SPLIT multiminilm | fROI=all | layer=7 | mean r=0.080
WITHIN-SPLIT multiminilm | fROI=all | layer=8 | mean r=0.086
WITHIN-SPLIT multiminilm | fROI=all | layer=9 | mean r=0.097
WITHIN-SPLIT multiminilm | fROI=all | layer=10 | mean r=0.099
WITHIN-SPLIT multiminilm | fROI=all | layer=11 | mean r=0.111
WITHIN-SPLIT multiminilm | fROI=all | layer=12 | mean r=0.107


[WITHIN-SPLIT] Processing Lang_LH_AntTemp (1/6)
WITHIN-SPLIT nllb200_distilled_600M | fROI=Lang_LH_AntTemp | layer=0 | mean r=0.025
WITHIN-SPLIT nllb200_distilled_600M | fROI=Lang_LH_AntTemp | layer=1 | mean r=0.043
WITHIN-SPLIT nllb200_distilled_600M | fROI=Lang_LH_AntTemp | layer=2 | mean r=0.041
WITHIN-SPLIT nllb200_distilled_600M | fROI=Lang_LH_AntTemp | layer=3 | mean r=0.022
WITHIN-SPLIT nllb200_distilled_600M | fROI=Lang_LH_AntTemp | layer=4 | mean r=0.054
WITHIN-SPLIT nllb200_distilled_600M | fROI=Lang_LH_AntTemp | layer=5 | mean r=0.028
WITHIN-SPLIT nllb200_distilled_600M | fROI=Lang_LH_AntTemp | layer=6 | mean r=0.036
WITHIN-SPLIT nllb200_distilled_600M | fROI=Lang_LH_AntTemp | layer=7 | mean r=0.025
WITHIN-SPLIT nllb200_distilled_600M | fROI=Lang_LH_AntTemp | layer=8 | mean r=0.025
WITHIN-SPLIT nllb200_distilled_600M | fROI=Lang_LH_AntTemp | layer=9 | mean r=0.025
WITHIN-SPLIT nllb200_distilled_600M | fROI=Lang_LH_AntTemp | layer=10 | mean r=0.019
WITHIN-SPLIT nllb200_distilled_600M | fROI=Lang_LH_AntTemp | layer=11 | mean r=0.017
WITHIN-SPLIT nllb200_distilled_600M | fROI=Lang_LH_AntTemp | layer=12 | mean r=0.010


[WITHIN-SPLIT] Processing Lang_LH_IFG (2/6)
WITHIN-SPLIT nllb200_distilled_600M | fROI=Lang_LH_IFG | layer=0 | mean r=0.043
WITHIN-SPLIT nllb200_distilled_600M | fROI=Lang_LH_IFG | layer=1 | mean r=0.004
WITHIN-SPLIT nllb200_distilled_600M | fROI=Lang_LH_IFG | layer=2 | mean r=-0.015
WITHIN-SPLIT nllb200_distilled_600M | fROI=Lang_LH_IFG | layer=3 | mean r=-0.018
WITHIN-SPLIT nllb200_distilled_600M | fROI=Lang_LH_IFG | layer=4 | mean r=-0.005
WITHIN-SPLIT nllb200_distilled_600M | fROI=Lang_LH_IFG | layer=5 | mean r=-0.013
WITHIN-SPLIT nllb200_distilled_600M | fROI=Lang_LH_IFG | layer=6 | mean r=-0.002
WITHIN-SPLIT nllb200_distilled_600M | fROI=Lang_LH_IFG | layer=7 | mean r=0.001
WITHIN-SPLIT nllb200_distilled_600M | fROI=Lang_LH_IFG | layer=8 | mean r=0.002
WITHIN-SPLIT nllb200_distilled_600M | fROI=Lang_LH_IFG | layer=9 | mean r=0.017
WITHIN-SPLIT nllb200_distilled_600M | fROI=Lang_LH_IFG | layer=10 | mean r=0.031
WITHIN-SPLIT nllb200_distilled_600M | fROI=Lang_LH_IFG | layer=11 | mean r=0.033
WITHIN-SPLIT nllb200_distilled_600M | fROI=Lang_LH_IFG | layer=12 | mean r=0.035


[WITHIN-SPLIT] Processing Lang_LH_IFGorb (3/6)
WITHIN-SPLIT nllb200_distilled_600M | fROI=Lang_LH_IFGorb | layer=0 | mean r=0.023
WITHIN-SPLIT nllb200_distilled_600M | fROI=Lang_LH_IFGorb | layer=1 | mean r=0.013
WITHIN-SPLIT nllb200_distilled_600M | fROI=Lang_LH_IFGorb | layer=2 | mean r=0.017
WITHIN-SPLIT nllb200_distilled_600M | fROI=Lang_LH_IFGorb | layer=3 | mean r=0.009
WITHIN-SPLIT nllb200_distilled_600M | fROI=Lang_LH_IFGorb | layer=4 | mean r=0.014
WITHIN-SPLIT nllb200_distilled_600M | fROI=Lang_LH_IFGorb | layer=5 | mean r=0.010
WITHIN-SPLIT nllb200_distilled_600M | fROI=Lang_LH_IFGorb | layer=6 | mean r=0.001
WITHIN-SPLIT nllb200_distilled_600M | fROI=Lang_LH_IFGorb | layer=7 | mean r=-0.010
WITHIN-SPLIT nllb200_distilled_600M | fROI=Lang_LH_IFGorb | layer=8 | mean r=-0.012
WITHIN-SPLIT nllb200_distilled_600M | fROI=Lang_LH_IFGorb | layer=9 | mean r=-0.003
WITHIN-SPLIT nllb200_distilled_600M | fROI=Lang_LH_IFGorb | layer=10 | mean r=-0.000
WITHIN-SPLIT nllb200_distilled_600M | fROI=Lang_LH_IFGorb | layer=11 | mean r=-0.008
WITHIN-SPLIT nllb200_distilled_600M | fROI=Lang_LH_IFGorb | layer=12 | mean r=-0.002


[WITHIN-SPLIT] Processing Lang_LH_MFG (4/6)
WITHIN-SPLIT nllb200_distilled_600M | fROI=Lang_LH_MFG | layer=0 | mean r=-0.033
WITHIN-SPLIT nllb200_distilled_600M | fROI=Lang_LH_MFG | layer=1 | mean r=-0.048
WITHIN-SPLIT nllb200_distilled_600M | fROI=Lang_LH_MFG | layer=2 | mean r=-0.061
WITHIN-SPLIT nllb200_distilled_600M | fROI=Lang_LH_MFG | layer=3 | mean r=-0.045
WITHIN-SPLIT nllb200_distilled_600M | fROI=Lang_LH_MFG | layer=4 | mean r=-0.046
WITHIN-SPLIT nllb200_distilled_600M | fROI=Lang_LH_MFG | layer=5 | mean r=-0.057
WITHIN-SPLIT nllb200_distilled_600M | fROI=Lang_LH_MFG | layer=6 | mean r=-0.051
WITHIN-SPLIT nllb200_distilled_600M | fROI=Lang_LH_MFG | layer=7 | mean r=-0.055
WITHIN-SPLIT nllb200_distilled_600M | fROI=Lang_LH_MFG | layer=8 | mean r=-0.055
WITHIN-SPLIT nllb200_distilled_600M | fROI=Lang_LH_MFG | layer=9 | mean r=-0.047
WITHIN-SPLIT nllb200_distilled_600M | fROI=Lang_LH_MFG | layer=10 | mean r=-0.017
WITHIN-SPLIT nllb200_distilled_600M | fROI=Lang_LH_MFG | layer=11 | mean r=-0.015
WITHIN-SPLIT nllb200_distilled_600M | fROI=Lang_LH_MFG | layer=12 | mean r=-0.026


[WITHIN-SPLIT] Processing Lang_LH_PostTemp (5/6)
WITHIN-SPLIT nllb200_distilled_600M | fROI=Lang_LH_PostTemp | layer=0 | mean r=0.059
WITHIN-SPLIT nllb200_distilled_600M | fROI=Lang_LH_PostTemp | layer=1 | mean r=0.055
WITHIN-SPLIT nllb200_distilled_600M | fROI=Lang_LH_PostTemp | layer=2 | mean r=0.035
WITHIN-SPLIT nllb200_distilled_600M | fROI=Lang_LH_PostTemp | layer=3 | mean r=0.043
WITHIN-SPLIT nllb200_distilled_600M | fROI=Lang_LH_PostTemp | layer=4 | mean r=0.070
WITHIN-SPLIT nllb200_distilled_600M | fROI=Lang_LH_PostTemp | layer=5 | mean r=0.067
WITHIN-SPLIT nllb200_distilled_600M | fROI=Lang_LH_PostTemp | layer=6 | mean r=0.078
WITHIN-SPLIT nllb200_distilled_600M | fROI=Lang_LH_PostTemp | layer=7 | mean r=0.068
WITHIN-SPLIT nllb200_distilled_600M | fROI=Lang_LH_PostTemp | layer=8 | mean r=0.084
WITHIN-SPLIT nllb200_distilled_600M | fROI=Lang_LH_PostTemp | layer=9 | mean r=0.090
WITHIN-SPLIT nllb200_distilled_600M | fROI=Lang_LH_PostTemp | layer=10 | mean r=0.102
WITHIN-SPLIT nllb200_distilled_600M | fROI=Lang_LH_PostTemp | layer=11 | mean r=0.096
WITHIN-SPLIT nllb200_distilled_600M | fROI=Lang_LH_PostTemp | layer=12 | mean r=0.082


[WITHIN-SPLIT] Processing all (6/6)
WITHIN-SPLIT nllb200_distilled_600M | fROI=all | layer=0 | mean r=0.030
WITHIN-SPLIT nllb200_distilled_600M | fROI=all | layer=1 | mean r=0.012
WITHIN-SPLIT nllb200_distilled_600M | fROI=all | layer=2 | mean r=-0.004
WITHIN-SPLIT nllb200_distilled_600M | fROI=all | layer=3 | mean r=-0.004
WITHIN-SPLIT nllb200_distilled_600M | fROI=all | layer=4 | mean r=0.016
WITHIN-SPLIT nllb200_distilled_600M | fROI=all | layer=5 | mean r=0.010
WITHIN-SPLIT nllb200_distilled_600M | fROI=all | layer=6 | mean r=0.021
WITHIN-SPLIT nllb200_distilled_600M | fROI=all | layer=7 | mean r=0.030
WITHIN-SPLIT nllb200_distilled_600M | fROI=all | layer=8 | mean r=0.030
WITHIN-SPLIT nllb200_distilled_600M | fROI=all | layer=9 | mean r=0.053
WITHIN-SPLIT nllb200_distilled_600M | fROI=all | layer=10 | mean r=0.062
WITHIN-SPLIT nllb200_distilled_600M | fROI=all | layer=11 | mean r=0.050
WITHIN-SPLIT nllb200_distilled_600M | fROI=all | layer=12 | mean r=0.046


[WITHIN-SPLIT] Processing Lang_LH_AntTemp (1/6)
WITHIN-SPLIT nllb200_distilled_1B | fROI=Lang_LH_AntTemp | layer=0 | mean r=0.040
WITHIN-SPLIT nllb200_distilled_1B | fROI=Lang_LH_AntTemp | layer=1 | mean r=0.021
WITHIN-SPLIT nllb200_distilled_1B | fROI=Lang_LH_AntTemp | layer=2 | mean r=0.027
WITHIN-SPLIT nllb200_distilled_1B | fROI=Lang_LH_AntTemp | layer=3 | mean r=0.036
WITHIN-SPLIT nllb200_distilled_1B | fROI=Lang_LH_AntTemp | layer=4 | mean r=0.033
WITHIN-SPLIT nllb200_distilled_1B | fROI=Lang_LH_AntTemp | layer=5 | mean r=0.051
WITHIN-SPLIT nllb200_distilled_1B | fROI=Lang_LH_AntTemp | layer=6 | mean r=0.054
WITHIN-SPLIT nllb200_distilled_1B | fROI=Lang_LH_AntTemp | layer=7 | mean r=0.043
WITHIN-SPLIT nllb200_distilled_1B | fROI=Lang_LH_AntTemp | layer=8 | mean r=0.052
WITHIN-SPLIT nllb200_distilled_1B | fROI=Lang_LH_AntTemp | layer=9 | mean r=0.055
WITHIN-SPLIT nllb200_distilled_1B | fROI=Lang_LH_AntTemp | layer=10 | mean r=0.061
WITHIN-SPLIT nllb200_distilled_1B | fROI=Lang_LH_AntTemp | layer=11 | mean r=0.082
WITHIN-SPLIT nllb200_distilled_1B | fROI=Lang_LH_AntTemp | layer=12 | mean r=0.092
WITHIN-SPLIT nllb200_distilled_1B | fROI=Lang_LH_AntTemp | layer=13 | mean r=0.097
WITHIN-SPLIT nllb200_distilled_1B | fROI=Lang_LH_AntTemp | layer=14 | mean r=0.107
WITHIN-SPLIT nllb200_distilled_1B | fROI=Lang_LH_AntTemp | layer=15 | mean r=0.103
WITHIN-SPLIT nllb200_distilled_1B | fROI=Lang_LH_AntTemp | layer=16 | mean r=0.091
WITHIN-SPLIT nllb200_distilled_1B | fROI=Lang_LH_AntTemp | layer=17 | mean r=0.082
WITHIN-SPLIT nllb200_distilled_1B | fROI=Lang_LH_AntTemp | layer=18 | mean r=0.091
WITHIN-SPLIT nllb200_distilled_1B | fROI=Lang_LH_AntTemp | layer=19 | mean r=0.106
WITHIN-SPLIT nllb200_distilled_1B | fROI=Lang_LH_AntTemp | layer=20 | mean r=0.090
WITHIN-SPLIT nllb200_distilled_1B | fROI=Lang_LH_AntTemp | layer=21 | mean r=0.077
WITHIN-SPLIT nllb200_distilled_1B | fROI=Lang_LH_AntTemp | layer=22 | mean r=0.082
WITHIN-SPLIT nllb200_distilled_1B | fROI=Lang_LH_AntTemp | layer=23 | mean r=0.082
WITHIN-SPLIT nllb200_distilled_1B | fROI=Lang_LH_AntTemp | layer=24 | mean r=0.078


[WITHIN-SPLIT] Processing Lang_LH_IFG (2/6)
WITHIN-SPLIT nllb200_distilled_1B | fROI=Lang_LH_IFG | layer=0 | mean r=0.033
WITHIN-SPLIT nllb200_distilled_1B | fROI=Lang_LH_IFG | layer=1 | mean r=0.006
WITHIN-SPLIT nllb200_distilled_1B | fROI=Lang_LH_IFG | layer=2 | mean r=0.012
WITHIN-SPLIT nllb200_distilled_1B | fROI=Lang_LH_IFG | layer=3 | mean r=0.008
WITHIN-SPLIT nllb200_distilled_1B | fROI=Lang_LH_IFG | layer=4 | mean r=-0.007
WITHIN-SPLIT nllb200_distilled_1B | fROI=Lang_LH_IFG | layer=5 | mean r=0.003
WITHIN-SPLIT nllb200_distilled_1B | fROI=Lang_LH_IFG | layer=6 | mean r=-0.001
WITHIN-SPLIT nllb200_distilled_1B | fROI=Lang_LH_IFG | layer=7 | mean r=-0.007
WITHIN-SPLIT nllb200_distilled_1B | fROI=Lang_LH_IFG | layer=8 | mean r=0.020
WITHIN-SPLIT nllb200_distilled_1B | fROI=Lang_LH_IFG | layer=9 | mean r=0.020
WITHIN-SPLIT nllb200_distilled_1B | fROI=Lang_LH_IFG | layer=10 | mean r=0.042
WITHIN-SPLIT nllb200_distilled_1B | fROI=Lang_LH_IFG | layer=11 | mean r=0.051
WITHIN-SPLIT nllb200_distilled_1B | fROI=Lang_LH_IFG | layer=12 | mean r=0.042
WITHIN-SPLIT nllb200_distilled_1B | fROI=Lang_LH_IFG | layer=13 | mean r=0.057
WITHIN-SPLIT nllb200_distilled_1B | fROI=Lang_LH_IFG | layer=14 | mean r=0.061
WITHIN-SPLIT nllb200_distilled_1B | fROI=Lang_LH_IFG | layer=15 | mean r=0.045
WITHIN-SPLIT nllb200_distilled_1B | fROI=Lang_LH_IFG | layer=16 | mean r=0.051
WITHIN-SPLIT nllb200_distilled_1B | fROI=Lang_LH_IFG | layer=17 | mean r=0.036
WITHIN-SPLIT nllb200_distilled_1B | fROI=Lang_LH_IFG | layer=18 | mean r=0.038
WITHIN-SPLIT nllb200_distilled_1B | fROI=Lang_LH_IFG | layer=19 | mean r=0.040
WITHIN-SPLIT nllb200_distilled_1B | fROI=Lang_LH_IFG | layer=20 | mean r=0.041
WITHIN-SPLIT nllb200_distilled_1B | fROI=Lang_LH_IFG | layer=21 | mean r=0.031
WITHIN-SPLIT nllb200_distilled_1B | fROI=Lang_LH_IFG | layer=22 | mean r=0.027
WITHIN-SPLIT nllb200_distilled_1B | fROI=Lang_LH_IFG | layer=23 | mean r=0.038
WITHIN-SPLIT nllb200_distilled_1B | fROI=Lang_LH_IFG | layer=24 | mean r=0.032


[WITHIN-SPLIT] Processing Lang_LH_IFGorb (3/6)
WITHIN-SPLIT nllb200_distilled_1B | fROI=Lang_LH_IFGorb | layer=0 | mean r=0.028
WITHIN-SPLIT nllb200_distilled_1B | fROI=Lang_LH_IFGorb | layer=1 | mean r=0.010
WITHIN-SPLIT nllb200_distilled_1B | fROI=Lang_LH_IFGorb | layer=2 | mean r=0.006
WITHIN-SPLIT nllb200_distilled_1B | fROI=Lang_LH_IFGorb | layer=3 | mean r=0.003
WITHIN-SPLIT nllb200_distilled_1B | fROI=Lang_LH_IFGorb | layer=4 | mean r=0.002
WITHIN-SPLIT nllb200_distilled_1B | fROI=Lang_LH_IFGorb | layer=5 | mean r=0.008
WITHIN-SPLIT nllb200_distilled_1B | fROI=Lang_LH_IFGorb | layer=6 | mean r=-0.004
WITHIN-SPLIT nllb200_distilled_1B | fROI=Lang_LH_IFGorb | layer=7 | mean r=-0.003
WITHIN-SPLIT nllb200_distilled_1B | fROI=Lang_LH_IFGorb | layer=8 | mean r=-0.003
WITHIN-SPLIT nllb200_distilled_1B | fROI=Lang_LH_IFGorb | layer=9 | mean r=-0.002
WITHIN-SPLIT nllb200_distilled_1B | fROI=Lang_LH_IFGorb | layer=10 | mean r=0.014
WITHIN-SPLIT nllb200_distilled_1B | fROI=Lang_LH_IFGorb | layer=11 | mean r=0.024
WITHIN-SPLIT nllb200_distilled_1B | fROI=Lang_LH_IFGorb | layer=12 | mean r=0.031
WITHIN-SPLIT nllb200_distilled_1B | fROI=Lang_LH_IFGorb | layer=13 | mean r=0.034
WITHIN-SPLIT nllb200_distilled_1B | fROI=Lang_LH_IFGorb | layer=14 | mean r=0.036
WITHIN-SPLIT nllb200_distilled_1B | fROI=Lang_LH_IFGorb | layer=15 | mean r=0.022
WITHIN-SPLIT nllb200_distilled_1B | fROI=Lang_LH_IFGorb | layer=16 | mean r=0.023
WITHIN-SPLIT nllb200_distilled_1B | fROI=Lang_LH_IFGorb | layer=17 | mean r=0.030
WITHIN-SPLIT nllb200_distilled_1B | fROI=Lang_LH_IFGorb | layer=18 | mean r=0.031
WITHIN-SPLIT nllb200_distilled_1B | fROI=Lang_LH_IFGorb | layer=19 | mean r=0.021
WITHIN-SPLIT nllb200_distilled_1B | fROI=Lang_LH_IFGorb | layer=20 | mean r=0.023
WITHIN-SPLIT nllb200_distilled_1B | fROI=Lang_LH_IFGorb | layer=21 | mean r=0.020
WITHIN-SPLIT nllb200_distilled_1B | fROI=Lang_LH_IFGorb | layer=22 | mean r=0.022
WITHIN-SPLIT nllb200_distilled_1B | fROI=Lang_LH_IFGorb | layer=23 | mean r=0.025
WITHIN-SPLIT nllb200_distilled_1B | fROI=Lang_LH_IFGorb | layer=24 | mean r=0.021


[WITHIN-SPLIT] Processing Lang_LH_MFG (4/6)
WITHIN-SPLIT nllb200_distilled_1B | fROI=Lang_LH_MFG | layer=0 | mean r=-0.049
WITHIN-SPLIT nllb200_distilled_1B | fROI=Lang_LH_MFG | layer=1 | mean r=-0.046
WITHIN-SPLIT nllb200_distilled_1B | fROI=Lang_LH_MFG | layer=2 | mean r=-0.048
WITHIN-SPLIT nllb200_distilled_1B | fROI=Lang_LH_MFG | layer=3 | mean r=-0.055
WITHIN-SPLIT nllb200_distilled_1B | fROI=Lang_LH_MFG | layer=4 | mean r=-0.056
WITHIN-SPLIT nllb200_distilled_1B | fROI=Lang_LH_MFG | layer=5 | mean r=-0.048
WITHIN-SPLIT nllb200_distilled_1B | fROI=Lang_LH_MFG | layer=6 | mean r=-0.045
WITHIN-SPLIT nllb200_distilled_1B | fROI=Lang_LH_MFG | layer=7 | mean r=-0.056
WITHIN-SPLIT nllb200_distilled_1B | fROI=Lang_LH_MFG | layer=8 | mean r=-0.032
WITHIN-SPLIT nllb200_distilled_1B | fROI=Lang_LH_MFG | layer=9 | mean r=-0.023
WITHIN-SPLIT nllb200_distilled_1B | fROI=Lang_LH_MFG | layer=10 | mean r=-0.027
WITHIN-SPLIT nllb200_distilled_1B | fROI=Lang_LH_MFG | layer=11 | mean r=-0.013
WITHIN-SPLIT nllb200_distilled_1B | fROI=Lang_LH_MFG | layer=12 | mean r=-0.010
WITHIN-SPLIT nllb200_distilled_1B | fROI=Lang_LH_MFG | layer=13 | mean r=-0.009
WITHIN-SPLIT nllb200_distilled_1B | fROI=Lang_LH_MFG | layer=14 | mean r=0.008
WITHIN-SPLIT nllb200_distilled_1B | fROI=Lang_LH_MFG | layer=15 | mean r=-0.007
WITHIN-SPLIT nllb200_distilled_1B | fROI=Lang_LH_MFG | layer=16 | mean r=-0.000
WITHIN-SPLIT nllb200_distilled_1B | fROI=Lang_LH_MFG | layer=17 | mean r=-0.000
WITHIN-SPLIT nllb200_distilled_1B | fROI=Lang_LH_MFG | layer=18 | mean r=0.003
WITHIN-SPLIT nllb200_distilled_1B | fROI=Lang_LH_MFG | layer=19 | mean r=0.008
WITHIN-SPLIT nllb200_distilled_1B | fROI=Lang_LH_MFG | layer=20 | mean r=-0.008
WITHIN-SPLIT nllb200_distilled_1B | fROI=Lang_LH_MFG | layer=21 | mean r=-0.010
WITHIN-SPLIT nllb200_distilled_1B | fROI=Lang_LH_MFG | layer=22 | mean r=-0.007
WITHIN-SPLIT nllb200_distilled_1B | fROI=Lang_LH_MFG | layer=23 | mean r=-0.001
WITHIN-SPLIT nllb200_distilled_1B | fROI=Lang_LH_MFG | layer=24 | mean r=-0.008


[WITHIN-SPLIT] Processing Lang_LH_PostTemp (5/6)
WITHIN-SPLIT nllb200_distilled_1B | fROI=Lang_LH_PostTemp | layer=0 | mean r=0.063
WITHIN-SPLIT nllb200_distilled_1B | fROI=Lang_LH_PostTemp | layer=1 | mean r=0.047
WITHIN-SPLIT nllb200_distilled_1B | fROI=Lang_LH_PostTemp | layer=2 | mean r=0.051
WITHIN-SPLIT nllb200_distilled_1B | fROI=Lang_LH_PostTemp | layer=3 | mean r=0.056
WITHIN-SPLIT nllb200_distilled_1B | fROI=Lang_LH_PostTemp | layer=4 | mean r=0.053
WITHIN-SPLIT nllb200_distilled_1B | fROI=Lang_LH_PostTemp | layer=5 | mean r=0.072
WITHIN-SPLIT nllb200_distilled_1B | fROI=Lang_LH_PostTemp | layer=6 | mean r=0.066
WITHIN-SPLIT nllb200_distilled_1B | fROI=Lang_LH_PostTemp | layer=7 | mean r=0.060
WITHIN-SPLIT nllb200_distilled_1B | fROI=Lang_LH_PostTemp | layer=8 | mean r=0.066
WITHIN-SPLIT nllb200_distilled_1B | fROI=Lang_LH_PostTemp | layer=9 | mean r=0.065
WITHIN-SPLIT nllb200_distilled_1B | fROI=Lang_LH_PostTemp | layer=10 | mean r=0.080
WITHIN-SPLIT nllb200_distilled_1B | fROI=Lang_LH_PostTemp | layer=11 | mean r=0.093
WITHIN-SPLIT nllb200_distilled_1B | fROI=Lang_LH_PostTemp | layer=12 | mean r=0.118
WITHIN-SPLIT nllb200_distilled_1B | fROI=Lang_LH_PostTemp | layer=13 | mean r=0.113
WITHIN-SPLIT nllb200_distilled_1B | fROI=Lang_LH_PostTemp | layer=14 | mean r=0.115
WITHIN-SPLIT nllb200_distilled_1B | fROI=Lang_LH_PostTemp | layer=15 | mean r=0.106
WITHIN-SPLIT nllb200_distilled_1B | fROI=Lang_LH_PostTemp | layer=16 | mean r=0.108
WITHIN-SPLIT nllb200_distilled_1B | fROI=Lang_LH_PostTemp | layer=17 | mean r=0.103
WITHIN-SPLIT nllb200_distilled_1B | fROI=Lang_LH_PostTemp | layer=18 | mean r=0.096
WITHIN-SPLIT nllb200_distilled_1B | fROI=Lang_LH_PostTemp | layer=19 | mean r=0.094
WITHIN-SPLIT nllb200_distilled_1B | fROI=Lang_LH_PostTemp | layer=20 | mean r=0.088
WITHIN-SPLIT nllb200_distilled_1B | fROI=Lang_LH_PostTemp | layer=21 | mean r=0.076
WITHIN-SPLIT nllb200_distilled_1B | fROI=Lang_LH_PostTemp | layer=22 | mean r=0.103
WITHIN-SPLIT nllb200_distilled_1B | fROI=Lang_LH_PostTemp | layer=23 | mean r=0.094
WITHIN-SPLIT nllb200_distilled_1B | fROI=Lang_LH_PostTemp | layer=24 | mean r=0.090


[WITHIN-SPLIT] Processing all (6/6)
WITHIN-SPLIT nllb200_distilled_1B | fROI=all | layer=0 | mean r=0.022
WITHIN-SPLIT nllb200_distilled_1B | fROI=all | layer=1 | mean r=-0.004
WITHIN-SPLIT nllb200_distilled_1B | fROI=all | layer=2 | mean r=0.007
WITHIN-SPLIT nllb200_distilled_1B | fROI=all | layer=3 | mean r=0.009
WITHIN-SPLIT nllb200_distilled_1B | fROI=all | layer=4 | mean r=0.006
WITHIN-SPLIT nllb200_distilled_1B | fROI=all | layer=5 | mean r=0.020
WITHIN-SPLIT nllb200_distilled_1B | fROI=all | layer=6 | mean r=0.014
WITHIN-SPLIT nllb200_distilled_1B | fROI=all | layer=7 | mean r=0.021
WITHIN-SPLIT nllb200_distilled_1B | fROI=all | layer=8 | mean r=0.024
WITHIN-SPLIT nllb200_distilled_1B | fROI=all | layer=9 | mean r=0.027
WITHIN-SPLIT nllb200_distilled_1B | fROI=all | layer=10 | mean r=0.052
WITHIN-SPLIT nllb200_distilled_1B | fROI=all | layer=11 | mean r=0.080
WITHIN-SPLIT nllb200_distilled_1B | fROI=all | layer=12 | mean r=0.100
WITHIN-SPLIT nllb200_distilled_1B | fROI=all | layer=13 | mean r=0.097
WITHIN-SPLIT nllb200_distilled_1B | fROI=all | layer=14 | mean r=0.091
WITHIN-SPLIT nllb200_distilled_1B | fROI=all | layer=15 | mean r=0.076
WITHIN-SPLIT nllb200_distilled_1B | fROI=all | layer=16 | mean r=0.080
WITHIN-SPLIT nllb200_distilled_1B | fROI=all | layer=17 | mean r=0.065
WITHIN-SPLIT nllb200_distilled_1B | fROI=all | layer=18 | mean r=0.064
WITHIN-SPLIT nllb200_distilled_1B | fROI=all | layer=19 | mean r=0.073
WITHIN-SPLIT nllb200_distilled_1B | fROI=all | layer=20 | mean r=0.072
WITHIN-SPLIT nllb200_distilled_1B | fROI=all | layer=21 | mean r=0.078
WITHIN-SPLIT nllb200_distilled_1B | fROI=all | layer=22 | mean r=0.078
WITHIN-SPLIT nllb200_distilled_1B | fROI=all | layer=23 | mean r=0.076
WITHIN-SPLIT nllb200_distilled_1B | fROI=all | layer=24 | mean r=0.070


[WITHIN-SPLIT] Processing Lang_LH_AntTemp (1/6)
WITHIN-SPLIT nllb200_1B | fROI=Lang_LH_AntTemp | layer=0 | mean r=0.058
WITHIN-SPLIT nllb200_1B | fROI=Lang_LH_AntTemp | layer=1 | mean r=0.046
WITHIN-SPLIT nllb200_1B | fROI=Lang_LH_AntTemp | layer=2 | mean r=0.033
WITHIN-SPLIT nllb200_1B | fROI=Lang_LH_AntTemp | layer=3 | mean r=0.031
WITHIN-SPLIT nllb200_1B | fROI=Lang_LH_AntTemp | layer=4 | mean r=0.038
WITHIN-SPLIT nllb200_1B | fROI=Lang_LH_AntTemp | layer=5 | mean r=0.047
WITHIN-SPLIT nllb200_1B | fROI=Lang_LH_AntTemp | layer=6 | mean r=0.038
WITHIN-SPLIT nllb200_1B | fROI=Lang_LH_AntTemp | layer=7 | mean r=0.034
WITHIN-SPLIT nllb200_1B | fROI=Lang_LH_AntTemp | layer=8 | mean r=0.046
WITHIN-SPLIT nllb200_1B | fROI=Lang_LH_AntTemp | layer=9 | mean r=0.052
WITHIN-SPLIT nllb200_1B | fROI=Lang_LH_AntTemp | layer=10 | mean r=0.059
WITHIN-SPLIT nllb200_1B | fROI=Lang_LH_AntTemp | layer=11 | mean r=0.045
WITHIN-SPLIT nllb200_1B | fROI=Lang_LH_AntTemp | layer=12 | mean r=0.039
WITHIN-SPLIT nllb200_1B | fROI=Lang_LH_AntTemp | layer=13 | mean r=0.030
WITHIN-SPLIT nllb200_1B | fROI=Lang_LH_AntTemp | layer=14 | mean r=0.034
WITHIN-SPLIT nllb200_1B | fROI=Lang_LH_AntTemp | layer=15 | mean r=0.035
WITHIN-SPLIT nllb200_1B | fROI=Lang_LH_AntTemp | layer=16 | mean r=0.037
WITHIN-SPLIT nllb200_1B | fROI=Lang_LH_AntTemp | layer=17 | mean r=0.040
WITHIN-SPLIT nllb200_1B | fROI=Lang_LH_AntTemp | layer=18 | mean r=0.041
WITHIN-SPLIT nllb200_1B | fROI=Lang_LH_AntTemp | layer=19 | mean r=0.043
WITHIN-SPLIT nllb200_1B | fROI=Lang_LH_AntTemp | layer=20 | mean r=0.032
WITHIN-SPLIT nllb200_1B | fROI=Lang_LH_AntTemp | layer=21 | mean r=0.030
WITHIN-SPLIT nllb200_1B | fROI=Lang_LH_AntTemp | layer=22 | mean r=0.022
WITHIN-SPLIT nllb200_1B | fROI=Lang_LH_AntTemp | layer=23 | mean r=0.016
WITHIN-SPLIT nllb200_1B | fROI=Lang_LH_AntTemp | layer=24 | mean r=0.013


[WITHIN-SPLIT] Processing Lang_LH_IFG (2/6)
WITHIN-SPLIT nllb200_1B | fROI=Lang_LH_IFG | layer=0 | mean r=0.057
WITHIN-SPLIT nllb200_1B | fROI=Lang_LH_IFG | layer=1 | mean r=0.021
WITHIN-SPLIT nllb200_1B | fROI=Lang_LH_IFG | layer=2 | mean r=0.011
WITHIN-SPLIT nllb200_1B | fROI=Lang_LH_IFG | layer=3 | mean r=0.024
WITHIN-SPLIT nllb200_1B | fROI=Lang_LH_IFG | layer=4 | mean r=0.039
WITHIN-SPLIT nllb200_1B | fROI=Lang_LH_IFG | layer=5 | mean r=0.037
WITHIN-SPLIT nllb200_1B | fROI=Lang_LH_IFG | layer=6 | mean r=0.031
WITHIN-SPLIT nllb200_1B | fROI=Lang_LH_IFG | layer=7 | mean r=0.032
WITHIN-SPLIT nllb200_1B | fROI=Lang_LH_IFG | layer=8 | mean r=0.031
WITHIN-SPLIT nllb200_1B | fROI=Lang_LH_IFG | layer=9 | mean r=0.033
WITHIN-SPLIT nllb200_1B | fROI=Lang_LH_IFG | layer=10 | mean r=0.039
WITHIN-SPLIT nllb200_1B | fROI=Lang_LH_IFG | layer=11 | mean r=0.033
WITHIN-SPLIT nllb200_1B | fROI=Lang_LH_IFG | layer=12 | mean r=0.016
WITHIN-SPLIT nllb200_1B | fROI=Lang_LH_IFG | layer=13 | mean r=0.020
WITHIN-SPLIT nllb200_1B | fROI=Lang_LH_IFG | layer=14 | mean r=0.027
WITHIN-SPLIT nllb200_1B | fROI=Lang_LH_IFG | layer=15 | mean r=0.026
WITHIN-SPLIT nllb200_1B | fROI=Lang_LH_IFG | layer=16 | mean r=0.023
WITHIN-SPLIT nllb200_1B | fROI=Lang_LH_IFG | layer=17 | mean r=0.023
WITHIN-SPLIT nllb200_1B | fROI=Lang_LH_IFG | layer=18 | mean r=0.028
WITHIN-SPLIT nllb200_1B | fROI=Lang_LH_IFG | layer=19 | mean r=0.029
WITHIN-SPLIT nllb200_1B | fROI=Lang_LH_IFG | layer=20 | mean r=0.018
WITHIN-SPLIT nllb200_1B | fROI=Lang_LH_IFG | layer=21 | mean r=0.011
WITHIN-SPLIT nllb200_1B | fROI=Lang_LH_IFG | layer=22 | mean r=0.007
WITHIN-SPLIT nllb200_1B | fROI=Lang_LH_IFG | layer=23 | mean r=0.004
WITHIN-SPLIT nllb200_1B | fROI=Lang_LH_IFG | layer=24 | mean r=0.005


[WITHIN-SPLIT] Processing Lang_LH_IFGorb (3/6)
WITHIN-SPLIT nllb200_1B | fROI=Lang_LH_IFGorb | layer=0 | mean r=0.029
WITHIN-SPLIT nllb200_1B | fROI=Lang_LH_IFGorb | layer=1 | mean r=0.014
WITHIN-SPLIT nllb200_1B | fROI=Lang_LH_IFGorb | layer=2 | mean r=0.010
WITHIN-SPLIT nllb200_1B | fROI=Lang_LH_IFGorb | layer=3 | mean r=0.005
WITHIN-SPLIT nllb200_1B | fROI=Lang_LH_IFGorb | layer=4 | mean r=0.016
WITHIN-SPLIT nllb200_1B | fROI=Lang_LH_IFGorb | layer=5 | mean r=0.013
WITHIN-SPLIT nllb200_1B | fROI=Lang_LH_IFGorb | layer=6 | mean r=0.004
WITHIN-SPLIT nllb200_1B | fROI=Lang_LH_IFGorb | layer=7 | mean r=0.008
WITHIN-SPLIT nllb200_1B | fROI=Lang_LH_IFGorb | layer=8 | mean r=0.014
WITHIN-SPLIT nllb200_1B | fROI=Lang_LH_IFGorb | layer=9 | mean r=0.022
WITHIN-SPLIT nllb200_1B | fROI=Lang_LH_IFGorb | layer=10 | mean r=0.036
WITHIN-SPLIT nllb200_1B | fROI=Lang_LH_IFGorb | layer=11 | mean r=0.041
WITHIN-SPLIT nllb200_1B | fROI=Lang_LH_IFGorb | layer=12 | mean r=0.031
WITHIN-SPLIT nllb200_1B | fROI=Lang_LH_IFGorb | layer=13 | mean r=0.034
WITHIN-SPLIT nllb200_1B | fROI=Lang_LH_IFGorb | layer=14 | mean r=0.030
WITHIN-SPLIT nllb200_1B | fROI=Lang_LH_IFGorb | layer=15 | mean r=0.033
WITHIN-SPLIT nllb200_1B | fROI=Lang_LH_IFGorb | layer=16 | mean r=0.034
WITHIN-SPLIT nllb200_1B | fROI=Lang_LH_IFGorb | layer=17 | mean r=0.042
WITHIN-SPLIT nllb200_1B | fROI=Lang_LH_IFGorb | layer=18 | mean r=0.039
WITHIN-SPLIT nllb200_1B | fROI=Lang_LH_IFGorb | layer=19 | mean r=0.042
WITHIN-SPLIT nllb200_1B | fROI=Lang_LH_IFGorb | layer=20 | mean r=0.023
WITHIN-SPLIT nllb200_1B | fROI=Lang_LH_IFGorb | layer=21 | mean r=0.025
WITHIN-SPLIT nllb200_1B | fROI=Lang_LH_IFGorb | layer=22 | mean r=0.014
WITHIN-SPLIT nllb200_1B | fROI=Lang_LH_IFGorb | layer=23 | mean r=0.008
WITHIN-SPLIT nllb200_1B | fROI=Lang_LH_IFGorb | layer=24 | mean r=0.011


[WITHIN-SPLIT] Processing Lang_LH_MFG (4/6)
WITHIN-SPLIT nllb200_1B | fROI=Lang_LH_MFG | layer=0 | mean r=-0.034
WITHIN-SPLIT nllb200_1B | fROI=Lang_LH_MFG | layer=1 | mean r=-0.040
WITHIN-SPLIT nllb200_1B | fROI=Lang_LH_MFG | layer=2 | mean r=-0.050
WITHIN-SPLIT nllb200_1B | fROI=Lang_LH_MFG | layer=3 | mean r=-0.051
WITHIN-SPLIT nllb200_1B | fROI=Lang_LH_MFG | layer=4 | mean r=-0.034
WITHIN-SPLIT nllb200_1B | fROI=Lang_LH_MFG | layer=5 | mean r=-0.024
WITHIN-SPLIT nllb200_1B | fROI=Lang_LH_MFG | layer=6 | mean r=-0.035
WITHIN-SPLIT nllb200_1B | fROI=Lang_LH_MFG | layer=7 | mean r=-0.033
WITHIN-SPLIT nllb200_1B | fROI=Lang_LH_MFG | layer=8 | mean r=-0.026
WITHIN-SPLIT nllb200_1B | fROI=Lang_LH_MFG | layer=9 | mean r=-0.024
WITHIN-SPLIT nllb200_1B | fROI=Lang_LH_MFG | layer=10 | mean r=-0.005
WITHIN-SPLIT nllb200_1B | fROI=Lang_LH_MFG | layer=11 | mean r=-0.006
WITHIN-SPLIT nllb200_1B | fROI=Lang_LH_MFG | layer=12 | mean r=-0.000
WITHIN-SPLIT nllb200_1B | fROI=Lang_LH_MFG | layer=13 | mean r=0.004
WITHIN-SPLIT nllb200_1B | fROI=Lang_LH_MFG | layer=14 | mean r=-0.002
WITHIN-SPLIT nllb200_1B | fROI=Lang_LH_MFG | layer=15 | mean r=0.001
WITHIN-SPLIT nllb200_1B | fROI=Lang_LH_MFG | layer=16 | mean r=-0.003
WITHIN-SPLIT nllb200_1B | fROI=Lang_LH_MFG | layer=17 | mean r=-0.003
WITHIN-SPLIT nllb200_1B | fROI=Lang_LH_MFG | layer=18 | mean r=-0.007
WITHIN-SPLIT nllb200_1B | fROI=Lang_LH_MFG | layer=19 | mean r=-0.009
WITHIN-SPLIT nllb200_1B | fROI=Lang_LH_MFG | layer=20 | mean r=-0.025
WITHIN-SPLIT nllb200_1B | fROI=Lang_LH_MFG | layer=21 | mean r=-0.037
WITHIN-SPLIT nllb200_1B | fROI=Lang_LH_MFG | layer=22 | mean r=-0.036
WITHIN-SPLIT nllb200_1B | fROI=Lang_LH_MFG | layer=23 | mean r=-0.040
WITHIN-SPLIT nllb200_1B | fROI=Lang_LH_MFG | layer=24 | mean r=-0.035


[WITHIN-SPLIT] Processing Lang_LH_PostTemp (5/6)
WITHIN-SPLIT nllb200_1B | fROI=Lang_LH_PostTemp | layer=0 | mean r=0.067
WITHIN-SPLIT nllb200_1B | fROI=Lang_LH_PostTemp | layer=1 | mean r=0.045
WITHIN-SPLIT nllb200_1B | fROI=Lang_LH_PostTemp | layer=2 | mean r=0.043
WITHIN-SPLIT nllb200_1B | fROI=Lang_LH_PostTemp | layer=3 | mean r=0.052
WITHIN-SPLIT nllb200_1B | fROI=Lang_LH_PostTemp | layer=4 | mean r=0.056
WITHIN-SPLIT nllb200_1B | fROI=Lang_LH_PostTemp | layer=5 | mean r=0.089
WITHIN-SPLIT nllb200_1B | fROI=Lang_LH_PostTemp | layer=6 | mean r=0.089
WITHIN-SPLIT nllb200_1B | fROI=Lang_LH_PostTemp | layer=7 | mean r=0.083
WITHIN-SPLIT nllb200_1B | fROI=Lang_LH_PostTemp | layer=8 | mean r=0.107
WITHIN-SPLIT nllb200_1B | fROI=Lang_LH_PostTemp | layer=9 | mean r=0.111
WITHIN-SPLIT nllb200_1B | fROI=Lang_LH_PostTemp | layer=10 | mean r=0.110
WITHIN-SPLIT nllb200_1B | fROI=Lang_LH_PostTemp | layer=11 | mean r=0.098
WITHIN-SPLIT nllb200_1B | fROI=Lang_LH_PostTemp | layer=12 | mean r=0.086
WITHIN-SPLIT nllb200_1B | fROI=Lang_LH_PostTemp | layer=13 | mean r=0.072
WITHIN-SPLIT nllb200_1B | fROI=Lang_LH_PostTemp | layer=14 | mean r=0.090
WITHIN-SPLIT nllb200_1B | fROI=Lang_LH_PostTemp | layer=15 | mean r=0.100
WITHIN-SPLIT nllb200_1B | fROI=Lang_LH_PostTemp | layer=16 | mean r=0.092
WITHIN-SPLIT nllb200_1B | fROI=Lang_LH_PostTemp | layer=17 | mean r=0.090
WITHIN-SPLIT nllb200_1B | fROI=Lang_LH_PostTemp | layer=18 | mean r=0.092
WITHIN-SPLIT nllb200_1B | fROI=Lang_LH_PostTemp | layer=19 | mean r=0.089
WITHIN-SPLIT nllb200_1B | fROI=Lang_LH_PostTemp | layer=20 | mean r=0.089
WITHIN-SPLIT nllb200_1B | fROI=Lang_LH_PostTemp | layer=21 | mean r=0.088
WITHIN-SPLIT nllb200_1B | fROI=Lang_LH_PostTemp | layer=22 | mean r=0.078
WITHIN-SPLIT nllb200_1B | fROI=Lang_LH_PostTemp | layer=23 | mean r=0.076
WITHIN-SPLIT nllb200_1B | fROI=Lang_LH_PostTemp | layer=24 | mean r=0.078


[WITHIN-SPLIT] Processing all (6/6)
WITHIN-SPLIT nllb200_1B | fROI=all | layer=0 | mean r=0.038
WITHIN-SPLIT nllb200_1B | fROI=all | layer=1 | mean r=0.014
WITHIN-SPLIT nllb200_1B | fROI=all | layer=2 | mean r=0.016
WITHIN-SPLIT nllb200_1B | fROI=all | layer=3 | mean r=0.006
WITHIN-SPLIT nllb200_1B | fROI=all | layer=4 | mean r=0.031
WITHIN-SPLIT nllb200_1B | fROI=all | layer=5 | mean r=0.035
WITHIN-SPLIT nllb200_1B | fROI=all | layer=6 | mean r=0.022
WITHIN-SPLIT nllb200_1B | fROI=all | layer=7 | mean r=0.032
WITHIN-SPLIT nllb200_1B | fROI=all | layer=8 | mean r=0.060
WITHIN-SPLIT nllb200_1B | fROI=all | layer=9 | mean r=0.064
WITHIN-SPLIT nllb200_1B | fROI=all | layer=10 | mean r=0.078
WITHIN-SPLIT nllb200_1B | fROI=all | layer=11 | mean r=0.077
WITHIN-SPLIT nllb200_1B | fROI=all | layer=12 | mean r=0.069
WITHIN-SPLIT nllb200_1B | fROI=all | layer=13 | mean r=0.058
WITHIN-SPLIT nllb200_1B | fROI=all | layer=14 | mean r=0.057
WITHIN-SPLIT nllb200_1B | fROI=all | layer=15 | mean r=0.062
WITHIN-SPLIT nllb200_1B | fROI=all | layer=16 | mean r=0.066
WITHIN-SPLIT nllb200_1B | fROI=all | layer=17 | mean r=0.059
WITHIN-SPLIT nllb200_1B | fROI=all | layer=18 | mean r=0.065
WITHIN-SPLIT nllb200_1B | fROI=all | layer=19 | mean r=0.063
WITHIN-SPLIT nllb200_1B | fROI=all | layer=20 | mean r=0.054
WITHIN-SPLIT nllb200_1B | fROI=all | layer=21 | mean r=0.044
WITHIN-SPLIT nllb200_1B | fROI=all | layer=22 | mean r=0.033
WITHIN-SPLIT nllb200_1B | fROI=all | layer=23 | mean r=0.032
WITHIN-SPLIT nllb200_1B | fROI=all | layer=24 | mean r=0.039


[WITHIN-SPLIT] Processing Lang_LH_AntTemp (1/6)
WITHIN-SPLIT mgpt | fROI=Lang_LH_AntTemp | layer=0 | mean r=0.057
WITHIN-SPLIT mgpt | fROI=Lang_LH_AntTemp | layer=1 | mean r=0.071
WITHIN-SPLIT mgpt | fROI=Lang_LH_AntTemp | layer=2 | mean r=0.077
WITHIN-SPLIT mgpt | fROI=Lang_LH_AntTemp | layer=3 | mean r=0.091
WITHIN-SPLIT mgpt | fROI=Lang_LH_AntTemp | layer=4 | mean r=0.111
WITHIN-SPLIT mgpt | fROI=Lang_LH_AntTemp | layer=5 | mean r=0.109
WITHIN-SPLIT mgpt | fROI=Lang_LH_AntTemp | layer=6 | mean r=0.112
WITHIN-SPLIT mgpt | fROI=Lang_LH_AntTemp | layer=7 | mean r=0.113
WITHIN-SPLIT mgpt | fROI=Lang_LH_AntTemp | layer=8 | mean r=0.109
WITHIN-SPLIT mgpt | fROI=Lang_LH_AntTemp | layer=9 | mean r=0.107
WITHIN-SPLIT mgpt | fROI=Lang_LH_AntTemp | layer=10 | mean r=0.122
WITHIN-SPLIT mgpt | fROI=Lang_LH_AntTemp | layer=11 | mean r=0.125
WITHIN-SPLIT mgpt | fROI=Lang_LH_AntTemp | layer=12 | mean r=0.136
WITHIN-SPLIT mgpt | fROI=Lang_LH_AntTemp | layer=13 | mean r=0.128
WITHIN-SPLIT mgpt | fROI=Lang_LH_AntTemp | layer=14 | mean r=0.144
WITHIN-SPLIT mgpt | fROI=Lang_LH_AntTemp | layer=15 | mean r=0.151
WITHIN-SPLIT mgpt | fROI=Lang_LH_AntTemp | layer=16 | mean r=0.170
WITHIN-SPLIT mgpt | fROI=Lang_LH_AntTemp | layer=17 | mean r=0.179
WITHIN-SPLIT mgpt | fROI=Lang_LH_AntTemp | layer=18 | mean r=0.172
WITHIN-SPLIT mgpt | fROI=Lang_LH_AntTemp | layer=19 | mean r=0.177
WITHIN-SPLIT mgpt | fROI=Lang_LH_AntTemp | layer=20 | mean r=0.174
WITHIN-SPLIT mgpt | fROI=Lang_LH_AntTemp | layer=21 | mean r=0.177
WITHIN-SPLIT mgpt | fROI=Lang_LH_AntTemp | layer=22 | mean r=0.185
WITHIN-SPLIT mgpt | fROI=Lang_LH_AntTemp | layer=23 | mean r=0.182
WITHIN-SPLIT mgpt | fROI=Lang_LH_AntTemp | layer=24 | mean r=0.188


[WITHIN-SPLIT] Processing Lang_LH_IFG (2/6)
WITHIN-SPLIT mgpt | fROI=Lang_LH_IFG | layer=0 | mean r=0.023
WITHIN-SPLIT mgpt | fROI=Lang_LH_IFG | layer=1 | mean r=0.013
WITHIN-SPLIT mgpt | fROI=Lang_LH_IFG | layer=2 | mean r=-0.003
WITHIN-SPLIT mgpt | fROI=Lang_LH_IFG | layer=3 | mean r=0.009
WITHIN-SPLIT mgpt | fROI=Lang_LH_IFG | layer=4 | mean r=0.026
WITHIN-SPLIT mgpt | fROI=Lang_LH_IFG | layer=5 | mean r=0.016
WITHIN-SPLIT mgpt | fROI=Lang_LH_IFG | layer=6 | mean r=0.025
WITHIN-SPLIT mgpt | fROI=Lang_LH_IFG | layer=7 | mean r=0.034
WITHIN-SPLIT mgpt | fROI=Lang_LH_IFG | layer=8 | mean r=0.036
WITHIN-SPLIT mgpt | fROI=Lang_LH_IFG | layer=9 | mean r=0.060
WITHIN-SPLIT mgpt | fROI=Lang_LH_IFG | layer=10 | mean r=0.078
WITHIN-SPLIT mgpt | fROI=Lang_LH_IFG | layer=11 | mean r=0.090
WITHIN-SPLIT mgpt | fROI=Lang_LH_IFG | layer=12 | mean r=0.105
WITHIN-SPLIT mgpt | fROI=Lang_LH_IFG | layer=13 | mean r=0.106
WITHIN-SPLIT mgpt | fROI=Lang_LH_IFG | layer=14 | mean r=0.118
WITHIN-SPLIT mgpt | fROI=Lang_LH_IFG | layer=15 | mean r=0.109
WITHIN-SPLIT mgpt | fROI=Lang_LH_IFG | layer=16 | mean r=0.119
WITHIN-SPLIT mgpt | fROI=Lang_LH_IFG | layer=17 | mean r=0.132
WITHIN-SPLIT mgpt | fROI=Lang_LH_IFG | layer=18 | mean r=0.134
WITHIN-SPLIT mgpt | fROI=Lang_LH_IFG | layer=19 | mean r=0.133
WITHIN-SPLIT mgpt | fROI=Lang_LH_IFG | layer=20 | mean r=0.149
WITHIN-SPLIT mgpt | fROI=Lang_LH_IFG | layer=21 | mean r=0.154
WITHIN-SPLIT mgpt | fROI=Lang_LH_IFG | layer=22 | mean r=0.159
WITHIN-SPLIT mgpt | fROI=Lang_LH_IFG | layer=23 | mean r=0.169
WITHIN-SPLIT mgpt | fROI=Lang_LH_IFG | layer=24 | mean r=0.160


[WITHIN-SPLIT] Processing Lang_LH_IFGorb (3/6)
WITHIN-SPLIT mgpt | fROI=Lang_LH_IFGorb | layer=0 | mean r=0.043
WITHIN-SPLIT mgpt | fROI=Lang_LH_IFGorb | layer=1 | mean r=0.034
WITHIN-SPLIT mgpt | fROI=Lang_LH_IFGorb | layer=2 | mean r=0.011
WITHIN-SPLIT mgpt | fROI=Lang_LH_IFGorb | layer=3 | mean r=0.004
WITHIN-SPLIT mgpt | fROI=Lang_LH_IFGorb | layer=4 | mean r=0.008
WITHIN-SPLIT mgpt | fROI=Lang_LH_IFGorb | layer=5 | mean r=0.022
WITHIN-SPLIT mgpt | fROI=Lang_LH_IFGorb | layer=6 | mean r=0.025
WITHIN-SPLIT mgpt | fROI=Lang_LH_IFGorb | layer=7 | mean r=0.044
WITHIN-SPLIT mgpt | fROI=Lang_LH_IFGorb | layer=8 | mean r=0.048
WITHIN-SPLIT mgpt | fROI=Lang_LH_IFGorb | layer=9 | mean r=0.067
WITHIN-SPLIT mgpt | fROI=Lang_LH_IFGorb | layer=10 | mean r=0.084
WITHIN-SPLIT mgpt | fROI=Lang_LH_IFGorb | layer=11 | mean r=0.089
WITHIN-SPLIT mgpt | fROI=Lang_LH_IFGorb | layer=12 | mean r=0.098
WITHIN-SPLIT mgpt | fROI=Lang_LH_IFGorb | layer=13 | mean r=0.092
WITHIN-SPLIT mgpt | fROI=Lang_LH_IFGorb | layer=14 | mean r=0.087
WITHIN-SPLIT mgpt | fROI=Lang_LH_IFGorb | layer=15 | mean r=0.093
WITHIN-SPLIT mgpt | fROI=Lang_LH_IFGorb | layer=16 | mean r=0.096
WITHIN-SPLIT mgpt | fROI=Lang_LH_IFGorb | layer=17 | mean r=0.084
WITHIN-SPLIT mgpt | fROI=Lang_LH_IFGorb | layer=18 | mean r=0.077
WITHIN-SPLIT mgpt | fROI=Lang_LH_IFGorb | layer=19 | mean r=0.087
WITHIN-SPLIT mgpt | fROI=Lang_LH_IFGorb | layer=20 | mean r=0.077
WITHIN-SPLIT mgpt | fROI=Lang_LH_IFGorb | layer=21 | mean r=0.081
WITHIN-SPLIT mgpt | fROI=Lang_LH_IFGorb | layer=22 | mean r=0.074
WITHIN-SPLIT mgpt | fROI=Lang_LH_IFGorb | layer=23 | mean r=0.078
WITHIN-SPLIT mgpt | fROI=Lang_LH_IFGorb | layer=24 | mean r=0.074


[WITHIN-SPLIT] Processing Lang_LH_MFG (4/6)
WITHIN-SPLIT mgpt | fROI=Lang_LH_MFG | layer=0 | mean r=0.012
WITHIN-SPLIT mgpt | fROI=Lang_LH_MFG | layer=1 | mean r=-0.033
WITHIN-SPLIT mgpt | fROI=Lang_LH_MFG | layer=2 | mean r=-0.032
WITHIN-SPLIT mgpt | fROI=Lang_LH_MFG | layer=3 | mean r=-0.038
WITHIN-SPLIT mgpt | fROI=Lang_LH_MFG | layer=4 | mean r=-0.025
WITHIN-SPLIT mgpt | fROI=Lang_LH_MFG | layer=5 | mean r=-0.023
WITHIN-SPLIT mgpt | fROI=Lang_LH_MFG | layer=6 | mean r=-0.006
WITHIN-SPLIT mgpt | fROI=Lang_LH_MFG | layer=7 | mean r=-0.004
WITHIN-SPLIT mgpt | fROI=Lang_LH_MFG | layer=8 | mean r=0.011
WITHIN-SPLIT mgpt | fROI=Lang_LH_MFG | layer=9 | mean r=0.028
WITHIN-SPLIT mgpt | fROI=Lang_LH_MFG | layer=10 | mean r=0.043
WITHIN-SPLIT mgpt | fROI=Lang_LH_MFG | layer=11 | mean r=0.053
WITHIN-SPLIT mgpt | fROI=Lang_LH_MFG | layer=12 | mean r=0.064
WITHIN-SPLIT mgpt | fROI=Lang_LH_MFG | layer=13 | mean r=0.080
WITHIN-SPLIT mgpt | fROI=Lang_LH_MFG | layer=14 | mean r=0.106
WITHIN-SPLIT mgpt | fROI=Lang_LH_MFG | layer=15 | mean r=0.103
WITHIN-SPLIT mgpt | fROI=Lang_LH_MFG | layer=16 | mean r=0.118
WITHIN-SPLIT mgpt | fROI=Lang_LH_MFG | layer=17 | mean r=0.119
WITHIN-SPLIT mgpt | fROI=Lang_LH_MFG | layer=18 | mean r=0.123
WITHIN-SPLIT mgpt | fROI=Lang_LH_MFG | layer=19 | mean r=0.125
WITHIN-SPLIT mgpt | fROI=Lang_LH_MFG | layer=20 | mean r=0.129
WITHIN-SPLIT mgpt | fROI=Lang_LH_MFG | layer=21 | mean r=0.127
WITHIN-SPLIT mgpt | fROI=Lang_LH_MFG | layer=22 | mean r=0.126
WITHIN-SPLIT mgpt | fROI=Lang_LH_MFG | layer=23 | mean r=0.132
WITHIN-SPLIT mgpt | fROI=Lang_LH_MFG | layer=24 | mean r=0.125


[WITHIN-SPLIT] Processing Lang_LH_PostTemp (5/6)
WITHIN-SPLIT mgpt | fROI=Lang_LH_PostTemp | layer=0 | mean r=0.078
WITHIN-SPLIT mgpt | fROI=Lang_LH_PostTemp | layer=1 | mean r=0.084
WITHIN-SPLIT mgpt | fROI=Lang_LH_PostTemp | layer=2 | mean r=0.099
WITHIN-SPLIT mgpt | fROI=Lang_LH_PostTemp | layer=3 | mean r=0.109
WITHIN-SPLIT mgpt | fROI=Lang_LH_PostTemp | layer=4 | mean r=0.137
WITHIN-SPLIT mgpt | fROI=Lang_LH_PostTemp | layer=5 | mean r=0.155
WITHIN-SPLIT mgpt | fROI=Lang_LH_PostTemp | layer=6 | mean r=0.159
WITHIN-SPLIT mgpt | fROI=Lang_LH_PostTemp | layer=7 | mean r=0.161
WITHIN-SPLIT mgpt | fROI=Lang_LH_PostTemp | layer=8 | mean r=0.174
WITHIN-SPLIT mgpt | fROI=Lang_LH_PostTemp | layer=9 | mean r=0.177
WITHIN-SPLIT mgpt | fROI=Lang_LH_PostTemp | layer=10 | mean r=0.189
WITHIN-SPLIT mgpt | fROI=Lang_LH_PostTemp | layer=11 | mean r=0.199
WITHIN-SPLIT mgpt | fROI=Lang_LH_PostTemp | layer=12 | mean r=0.209
WITHIN-SPLIT mgpt | fROI=Lang_LH_PostTemp | layer=13 | mean r=0.208
WITHIN-SPLIT mgpt | fROI=Lang_LH_PostTemp | layer=14 | mean r=0.207
WITHIN-SPLIT mgpt | fROI=Lang_LH_PostTemp | layer=15 | mean r=0.209
WITHIN-SPLIT mgpt | fROI=Lang_LH_PostTemp | layer=16 | mean r=0.226
WITHIN-SPLIT mgpt | fROI=Lang_LH_PostTemp | layer=17 | mean r=0.217
WITHIN-SPLIT mgpt | fROI=Lang_LH_PostTemp | layer=18 | mean r=0.213
WITHIN-SPLIT mgpt | fROI=Lang_LH_PostTemp | layer=19 | mean r=0.215
WITHIN-SPLIT mgpt | fROI=Lang_LH_PostTemp | layer=20 | mean r=0.218
WITHIN-SPLIT mgpt | fROI=Lang_LH_PostTemp | layer=21 | mean r=0.222
WITHIN-SPLIT mgpt | fROI=Lang_LH_PostTemp | layer=22 | mean r=0.220
WITHIN-SPLIT mgpt | fROI=Lang_LH_PostTemp | layer=23 | mean r=0.221
WITHIN-SPLIT mgpt | fROI=Lang_LH_PostTemp | layer=24 | mean r=0.228


[WITHIN-SPLIT] Processing all (6/6)
WITHIN-SPLIT mgpt | fROI=all | layer=0 | mean r=0.049
WITHIN-SPLIT mgpt | fROI=all | layer=1 | mean r=0.049
WITHIN-SPLIT mgpt | fROI=all | layer=2 | mean r=0.043
WITHIN-SPLIT mgpt | fROI=all | layer=3 | mean r=0.054
WITHIN-SPLIT mgpt | fROI=all | layer=4 | mean r=0.080
WITHIN-SPLIT mgpt | fROI=all | layer=5 | mean r=0.089
WITHIN-SPLIT mgpt | fROI=all | layer=6 | mean r=0.106
WITHIN-SPLIT mgpt | fROI=all | layer=7 | mean r=0.113
WITHIN-SPLIT mgpt | fROI=all | layer=8 | mean r=0.119
WITHIN-SPLIT mgpt | fROI=all | layer=9 | mean r=0.131
WITHIN-SPLIT mgpt | fROI=all | layer=10 | mean r=0.146
WITHIN-SPLIT mgpt | fROI=all | layer=11 | mean r=0.155
WITHIN-SPLIT mgpt | fROI=all | layer=12 | mean r=0.163
WITHIN-SPLIT mgpt | fROI=all | layer=13 | mean r=0.172
WITHIN-SPLIT mgpt | fROI=all | layer=14 | mean r=0.194
WITHIN-SPLIT mgpt | fROI=all | layer=15 | mean r=0.190
WITHIN-SPLIT mgpt | fROI=all | layer=16 | mean r=0.195
WITHIN-SPLIT mgpt | fROI=all | layer=17 | mean r=0.193
WITHIN-SPLIT mgpt | fROI=all | layer=18 | mean r=0.192
WITHIN-SPLIT mgpt | fROI=all | layer=19 | mean r=0.174
WITHIN-SPLIT mgpt | fROI=all | layer=20 | mean r=0.202
WITHIN-SPLIT mgpt | fROI=all | layer=21 | mean r=0.205
WITHIN-SPLIT mgpt | fROI=all | layer=22 | mean r=0.211
WITHIN-SPLIT mgpt | fROI=all | layer=23 | mean r=0.213
WITHIN-SPLIT mgpt | fROI=all | layer=24 | mean r=0.201
>>> SCRIPT LAUNCHED
[INFO] Himalaya backend set to <module 'himalaya.backend.torch_cuda' from '/home/devar_ag/.conda/envs/reasoning-models/lib/python3.10/site-packages/himalaya/backend/torch_cuda.py'> (cuda)
>>> STARTING JOB in mode: across-split
>>> Loaded fMRI data
Processing - ACROSS (SPLIT-CONTEXT, train on N-1 langs) mode


[ACROSS-SPLIT] Processing Lang_LH_AntTemp (1/6)
ACROSS-SPLIT-MULTITRAIN xglm_small | fROI=Lang_LH_AntTemp | layer=0 | mean r=0.056
ACROSS-SPLIT-MULTITRAIN xglm_small | fROI=Lang_LH_AntTemp | layer=1 | mean r=0.061
ACROSS-SPLIT-MULTITRAIN xglm_small | fROI=Lang_LH_AntTemp | layer=2 | mean r=0.055
ACROSS-SPLIT-MULTITRAIN xglm_small | fROI=Lang_LH_AntTemp | layer=3 | mean r=0.089
ACROSS-SPLIT-MULTITRAIN xglm_small | fROI=Lang_LH_AntTemp | layer=4 | mean r=0.063
ACROSS-SPLIT-MULTITRAIN xglm_small | fROI=Lang_LH_AntTemp | layer=5 | mean r=0.086
ACROSS-SPLIT-MULTITRAIN xglm_small | fROI=Lang_LH_AntTemp | layer=6 | mean r=0.121
ACROSS-SPLIT-MULTITRAIN xglm_small | fROI=Lang_LH_AntTemp | layer=7 | mean r=0.111
ACROSS-SPLIT-MULTITRAIN xglm_small | fROI=Lang_LH_AntTemp | layer=8 | mean r=0.131
ACROSS-SPLIT-MULTITRAIN xglm_small | fROI=Lang_LH_AntTemp | layer=9 | mean r=0.131
ACROSS-SPLIT-MULTITRAIN xglm_small | fROI=Lang_LH_AntTemp | layer=10 | mean r=0.160
ACROSS-SPLIT-MULTITRAIN xglm_small | fROI=Lang_LH_AntTemp | layer=11 | mean r=0.167
ACROSS-SPLIT-MULTITRAIN xglm_small | fROI=Lang_LH_AntTemp | layer=12 | mean r=0.173
ACROSS-SPLIT-MULTITRAIN xglm_small | fROI=Lang_LH_AntTemp | layer=13 | mean r=0.175
ACROSS-SPLIT-MULTITRAIN xglm_small | fROI=Lang_LH_AntTemp | layer=14 | mean r=0.181
ACROSS-SPLIT-MULTITRAIN xglm_small | fROI=Lang_LH_AntTemp | layer=15 | mean r=0.196
ACROSS-SPLIT-MULTITRAIN xglm_small | fROI=Lang_LH_AntTemp | layer=16 | mean r=0.180
ACROSS-SPLIT-MULTITRAIN xglm_small | fROI=Lang_LH_AntTemp | layer=17 | mean r=0.171
ACROSS-SPLIT-MULTITRAIN xglm_small | fROI=Lang_LH_AntTemp | layer=18 | mean r=0.182
ACROSS-SPLIT-MULTITRAIN xglm_small | fROI=Lang_LH_AntTemp | layer=19 | mean r=0.155
ACROSS-SPLIT-MULTITRAIN xglm_small | fROI=Lang_LH_AntTemp | layer=20 | mean r=0.151
ACROSS-SPLIT-MULTITRAIN xglm_small | fROI=Lang_LH_AntTemp | layer=21 | mean r=0.138
ACROSS-SPLIT-MULTITRAIN xglm_small | fROI=Lang_LH_AntTemp | layer=22 | mean r=0.150
ACROSS-SPLIT-MULTITRAIN xglm_small | fROI=Lang_LH_AntTemp | layer=23 | mean r=0.153
ACROSS-SPLIT-MULTITRAIN xglm_small | fROI=Lang_LH_AntTemp | layer=24 | mean r=0.147


[ACROSS-SPLIT] Processing Lang_LH_IFG (2/6)
ACROSS-SPLIT-MULTITRAIN xglm_small | fROI=Lang_LH_IFG | layer=0 | mean r=0.012
ACROSS-SPLIT-MULTITRAIN xglm_small | fROI=Lang_LH_IFG | layer=1 | mean r=0.008
ACROSS-SPLIT-MULTITRAIN xglm_small | fROI=Lang_LH_IFG | layer=2 | mean r=0.015
ACROSS-SPLIT-MULTITRAIN xglm_small | fROI=Lang_LH_IFG | layer=3 | mean r=0.026
ACROSS-SPLIT-MULTITRAIN xglm_small | fROI=Lang_LH_IFG | layer=4 | mean r=0.030
ACROSS-SPLIT-MULTITRAIN xglm_small | fROI=Lang_LH_IFG | layer=5 | mean r=0.047
ACROSS-SPLIT-MULTITRAIN xglm_small | fROI=Lang_LH_IFG | layer=6 | mean r=0.063
ACROSS-SPLIT-MULTITRAIN xglm_small | fROI=Lang_LH_IFG | layer=7 | mean r=0.087
ACROSS-SPLIT-MULTITRAIN xglm_small | fROI=Lang_LH_IFG | layer=8 | mean r=0.119
ACROSS-SPLIT-MULTITRAIN xglm_small | fROI=Lang_LH_IFG | layer=9 | mean r=0.141
ACROSS-SPLIT-MULTITRAIN xglm_small | fROI=Lang_LH_IFG | layer=10 | mean r=0.153
ACROSS-SPLIT-MULTITRAIN xglm_small | fROI=Lang_LH_IFG | layer=11 | mean r=0.161
ACROSS-SPLIT-MULTITRAIN xglm_small | fROI=Lang_LH_IFG | layer=12 | mean r=0.163
ACROSS-SPLIT-MULTITRAIN xglm_small | fROI=Lang_LH_IFG | layer=13 | mean r=0.144
ACROSS-SPLIT-MULTITRAIN xglm_small | fROI=Lang_LH_IFG | layer=14 | mean r=0.154
ACROSS-SPLIT-MULTITRAIN xglm_small | fROI=Lang_LH_IFG | layer=15 | mean r=0.149
ACROSS-SPLIT-MULTITRAIN xglm_small | fROI=Lang_LH_IFG | layer=16 | mean r=0.133
ACROSS-SPLIT-MULTITRAIN xglm_small | fROI=Lang_LH_IFG | layer=17 | mean r=0.124
ACROSS-SPLIT-MULTITRAIN xglm_small | fROI=Lang_LH_IFG | layer=18 | mean r=0.125
ACROSS-SPLIT-MULTITRAIN xglm_small | fROI=Lang_LH_IFG | layer=19 | mean r=0.131
ACROSS-SPLIT-MULTITRAIN xglm_small | fROI=Lang_LH_IFG | layer=20 | mean r=0.127
ACROSS-SPLIT-MULTITRAIN xglm_small | fROI=Lang_LH_IFG | layer=21 | mean r=0.120
ACROSS-SPLIT-MULTITRAIN xglm_small | fROI=Lang_LH_IFG | layer=22 | mean r=0.035
ACROSS-SPLIT-MULTITRAIN xglm_small | fROI=Lang_LH_IFG | layer=23 | mean r=0.038
ACROSS-SPLIT-MULTITRAIN xglm_small | fROI=Lang_LH_IFG | layer=24 | mean r=0.036


[ACROSS-SPLIT] Processing Lang_LH_IFGorb (3/6)
ACROSS-SPLIT-MULTITRAIN xglm_small | fROI=Lang_LH_IFGorb | layer=0 | mean r=0.054
ACROSS-SPLIT-MULTITRAIN xglm_small | fROI=Lang_LH_IFGorb | layer=1 | mean r=0.040
ACROSS-SPLIT-MULTITRAIN xglm_small | fROI=Lang_LH_IFGorb | layer=2 | mean r=0.029
ACROSS-SPLIT-MULTITRAIN xglm_small | fROI=Lang_LH_IFGorb | layer=3 | mean r=0.076
ACROSS-SPLIT-MULTITRAIN xglm_small | fROI=Lang_LH_IFGorb | layer=4 | mean r=0.064
ACROSS-SPLIT-MULTITRAIN xglm_small | fROI=Lang_LH_IFGorb | layer=5 | mean r=0.084
ACROSS-SPLIT-MULTITRAIN xglm_small | fROI=Lang_LH_IFGorb | layer=6 | mean r=0.077
ACROSS-SPLIT-MULTITRAIN xglm_small | fROI=Lang_LH_IFGorb | layer=7 | mean r=0.107
ACROSS-SPLIT-MULTITRAIN xglm_small | fROI=Lang_LH_IFGorb | layer=8 | mean r=0.135
ACROSS-SPLIT-MULTITRAIN xglm_small | fROI=Lang_LH_IFGorb | layer=9 | mean r=0.149
ACROSS-SPLIT-MULTITRAIN xglm_small | fROI=Lang_LH_IFGorb | layer=10 | mean r=0.165
ACROSS-SPLIT-MULTITRAIN xglm_small | fROI=Lang_LH_IFGorb | layer=11 | mean r=0.181
ACROSS-SPLIT-MULTITRAIN xglm_small | fROI=Lang_LH_IFGorb | layer=12 | mean r=0.171
ACROSS-SPLIT-MULTITRAIN xglm_small | fROI=Lang_LH_IFGorb | layer=13 | mean r=0.139
ACROSS-SPLIT-MULTITRAIN xglm_small | fROI=Lang_LH_IFGorb | layer=14 | mean r=0.154
ACROSS-SPLIT-MULTITRAIN xglm_small | fROI=Lang_LH_IFGorb | layer=15 | mean r=0.163
ACROSS-SPLIT-MULTITRAIN xglm_small | fROI=Lang_LH_IFGorb | layer=16 | mean r=0.145
ACROSS-SPLIT-MULTITRAIN xglm_small | fROI=Lang_LH_IFGorb | layer=17 | mean r=0.148
ACROSS-SPLIT-MULTITRAIN xglm_small | fROI=Lang_LH_IFGorb | layer=18 | mean r=0.146
ACROSS-SPLIT-MULTITRAIN xglm_small | fROI=Lang_LH_IFGorb | layer=19 | mean r=0.129
ACROSS-SPLIT-MULTITRAIN xglm_small | fROI=Lang_LH_IFGorb | layer=20 | mean r=0.141
ACROSS-SPLIT-MULTITRAIN xglm_small | fROI=Lang_LH_IFGorb | layer=21 | mean r=0.137
ACROSS-SPLIT-MULTITRAIN xglm_small | fROI=Lang_LH_IFGorb | layer=22 | mean r=0.134
ACROSS-SPLIT-MULTITRAIN xglm_small | fROI=Lang_LH_IFGorb | layer=23 | mean r=0.132
ACROSS-SPLIT-MULTITRAIN xglm_small | fROI=Lang_LH_IFGorb | layer=24 | mean r=0.131


[ACROSS-SPLIT] Processing Lang_LH_MFG (4/6)
ACROSS-SPLIT-MULTITRAIN xglm_small | fROI=Lang_LH_MFG | layer=0 | mean r=0.115
ACROSS-SPLIT-MULTITRAIN xglm_small | fROI=Lang_LH_MFG | layer=1 | mean r=0.147
ACROSS-SPLIT-MULTITRAIN xglm_small | fROI=Lang_LH_MFG | layer=2 | mean r=0.086
ACROSS-SPLIT-MULTITRAIN xglm_small | fROI=Lang_LH_MFG | layer=3 | mean r=0.111
ACROSS-SPLIT-MULTITRAIN xglm_small | fROI=Lang_LH_MFG | layer=4 | mean r=0.136
ACROSS-SPLIT-MULTITRAIN xglm_small | fROI=Lang_LH_MFG | layer=5 | mean r=0.093
ACROSS-SPLIT-MULTITRAIN xglm_small | fROI=Lang_LH_MFG | layer=6 | mean r=0.111
ACROSS-SPLIT-MULTITRAIN xglm_small | fROI=Lang_LH_MFG | layer=7 | mean r=0.182
ACROSS-SPLIT-MULTITRAIN xglm_small | fROI=Lang_LH_MFG | layer=8 | mean r=0.193
ACROSS-SPLIT-MULTITRAIN xglm_small | fROI=Lang_LH_MFG | layer=9 | mean r=0.238
ACROSS-SPLIT-MULTITRAIN xglm_small | fROI=Lang_LH_MFG | layer=10 | mean r=0.249
ACROSS-SPLIT-MULTITRAIN xglm_small | fROI=Lang_LH_MFG | layer=11 | mean r=0.259
ACROSS-SPLIT-MULTITRAIN xglm_small | fROI=Lang_LH_MFG | layer=12 | mean r=0.269
ACROSS-SPLIT-MULTITRAIN xglm_small | fROI=Lang_LH_MFG | layer=13 | mean r=0.270
ACROSS-SPLIT-MULTITRAIN xglm_small | fROI=Lang_LH_MFG | layer=14 | mean r=0.284
ACROSS-SPLIT-MULTITRAIN xglm_small | fROI=Lang_LH_MFG | layer=15 | mean r=0.287
ACROSS-SPLIT-MULTITRAIN xglm_small | fROI=Lang_LH_MFG | layer=16 | mean r=0.269
ACROSS-SPLIT-MULTITRAIN xglm_small | fROI=Lang_LH_MFG | layer=17 | mean r=0.222
ACROSS-SPLIT-MULTITRAIN xglm_small | fROI=Lang_LH_MFG | layer=18 | mean r=0.210
ACROSS-SPLIT-MULTITRAIN xglm_small | fROI=Lang_LH_MFG | layer=19 | mean r=0.208
ACROSS-SPLIT-MULTITRAIN xglm_small | fROI=Lang_LH_MFG | layer=20 | mean r=0.212
ACROSS-SPLIT-MULTITRAIN xglm_small | fROI=Lang_LH_MFG | layer=21 | mean r=0.222
ACROSS-SPLIT-MULTITRAIN xglm_small | fROI=Lang_LH_MFG | layer=22 | mean r=0.169
ACROSS-SPLIT-MULTITRAIN xglm_small | fROI=Lang_LH_MFG | layer=23 | mean r=0.162
ACROSS-SPLIT-MULTITRAIN xglm_small | fROI=Lang_LH_MFG | layer=24 | mean r=0.201


[ACROSS-SPLIT] Processing Lang_LH_PostTemp (5/6)
ACROSS-SPLIT-MULTITRAIN xglm_small | fROI=Lang_LH_PostTemp | layer=0 | mean r=0.072
ACROSS-SPLIT-MULTITRAIN xglm_small | fROI=Lang_LH_PostTemp | layer=1 | mean r=0.102
ACROSS-SPLIT-MULTITRAIN xglm_small | fROI=Lang_LH_PostTemp | layer=2 | mean r=0.113
ACROSS-SPLIT-MULTITRAIN xglm_small | fROI=Lang_LH_PostTemp | layer=3 | mean r=0.116
ACROSS-SPLIT-MULTITRAIN xglm_small | fROI=Lang_LH_PostTemp | layer=4 | mean r=0.116
ACROSS-SPLIT-MULTITRAIN xglm_small | fROI=Lang_LH_PostTemp | layer=5 | mean r=0.126
ACROSS-SPLIT-MULTITRAIN xglm_small | fROI=Lang_LH_PostTemp | layer=6 | mean r=0.149
ACROSS-SPLIT-MULTITRAIN xglm_small | fROI=Lang_LH_PostTemp | layer=7 | mean r=0.162
ACROSS-SPLIT-MULTITRAIN xglm_small | fROI=Lang_LH_PostTemp | layer=8 | mean r=0.203
ACROSS-SPLIT-MULTITRAIN xglm_small | fROI=Lang_LH_PostTemp | layer=9 | mean r=0.238
ACROSS-SPLIT-MULTITRAIN xglm_small | fROI=Lang_LH_PostTemp | layer=10 | mean r=0.256
ACROSS-SPLIT-MULTITRAIN xglm_small | fROI=Lang_LH_PostTemp | layer=11 | mean r=0.263
ACROSS-SPLIT-MULTITRAIN xglm_small | fROI=Lang_LH_PostTemp | layer=12 | mean r=0.255
ACROSS-SPLIT-MULTITRAIN xglm_small | fROI=Lang_LH_PostTemp | layer=13 | mean r=0.260
ACROSS-SPLIT-MULTITRAIN xglm_small | fROI=Lang_LH_PostTemp | layer=14 | mean r=0.277
ACROSS-SPLIT-MULTITRAIN xglm_small | fROI=Lang_LH_PostTemp | layer=15 | mean r=0.284
ACROSS-SPLIT-MULTITRAIN xglm_small | fROI=Lang_LH_PostTemp | layer=16 | mean r=0.266
ACROSS-SPLIT-MULTITRAIN xglm_small | fROI=Lang_LH_PostTemp | layer=17 | mean r=0.268
ACROSS-SPLIT-MULTITRAIN xglm_small | fROI=Lang_LH_PostTemp | layer=18 | mean r=0.280
ACROSS-SPLIT-MULTITRAIN xglm_small | fROI=Lang_LH_PostTemp | layer=19 | mean r=0.279
ACROSS-SPLIT-MULTITRAIN xglm_small | fROI=Lang_LH_PostTemp | layer=20 | mean r=0.279
ACROSS-SPLIT-MULTITRAIN xglm_small | fROI=Lang_LH_PostTemp | layer=21 | mean r=0.284
ACROSS-SPLIT-MULTITRAIN xglm_small | fROI=Lang_LH_PostTemp | layer=22 | mean r=0.273
ACROSS-SPLIT-MULTITRAIN xglm_small | fROI=Lang_LH_PostTemp | layer=23 | mean r=0.263
ACROSS-SPLIT-MULTITRAIN xglm_small | fROI=Lang_LH_PostTemp | layer=24 | mean r=0.246


[ACROSS-SPLIT] Processing all (6/6)
ACROSS-SPLIT-MULTITRAIN xglm_small | fROI=all | layer=0 | mean r=0.056
ACROSS-SPLIT-MULTITRAIN xglm_small | fROI=all | layer=1 | mean r=0.063
ACROSS-SPLIT-MULTITRAIN xglm_small | fROI=all | layer=2 | mean r=0.064
ACROSS-SPLIT-MULTITRAIN xglm_small | fROI=all | layer=3 | mean r=0.065
ACROSS-SPLIT-MULTITRAIN xglm_small | fROI=all | layer=4 | mean r=0.039
ACROSS-SPLIT-MULTITRAIN xglm_small | fROI=all | layer=5 | mean r=0.058
ACROSS-SPLIT-MULTITRAIN xglm_small | fROI=all | layer=6 | mean r=0.077
ACROSS-SPLIT-MULTITRAIN xglm_small | fROI=all | layer=7 | mean r=0.088
ACROSS-SPLIT-MULTITRAIN xglm_small | fROI=all | layer=8 | mean r=0.129
ACROSS-SPLIT-MULTITRAIN xglm_small | fROI=all | layer=9 | mean r=0.164
ACROSS-SPLIT-MULTITRAIN xglm_small | fROI=all | layer=10 | mean r=0.176
ACROSS-SPLIT-MULTITRAIN xglm_small | fROI=all | layer=11 | mean r=0.210
ACROSS-SPLIT-MULTITRAIN xglm_small | fROI=all | layer=12 | mean r=0.195
ACROSS-SPLIT-MULTITRAIN xglm_small | fROI=all | layer=13 | mean r=0.175
ACROSS-SPLIT-MULTITRAIN xglm_small | fROI=all | layer=14 | mean r=0.191
ACROSS-SPLIT-MULTITRAIN xglm_small | fROI=all | layer=15 | mean r=0.199
ACROSS-SPLIT-MULTITRAIN xglm_small | fROI=all | layer=16 | mean r=0.159
ACROSS-SPLIT-MULTITRAIN xglm_small | fROI=all | layer=17 | mean r=0.179
ACROSS-SPLIT-MULTITRAIN xglm_small | fROI=all | layer=18 | mean r=0.169
ACROSS-SPLIT-MULTITRAIN xglm_small | fROI=all | layer=19 | mean r=0.173
ACROSS-SPLIT-MULTITRAIN xglm_small | fROI=all | layer=20 | mean r=0.175
ACROSS-SPLIT-MULTITRAIN xglm_small | fROI=all | layer=21 | mean r=0.184
ACROSS-SPLIT-MULTITRAIN xglm_small | fROI=all | layer=22 | mean r=0.193
ACROSS-SPLIT-MULTITRAIN xglm_small | fROI=all | layer=23 | mean r=0.166
ACROSS-SPLIT-MULTITRAIN xglm_small | fROI=all | layer=24 | mean r=0.170


[ACROSS-SPLIT] Processing Lang_LH_AntTemp (1/6)
ACROSS-SPLIT-MULTITRAIN xglm_med | fROI=Lang_LH_AntTemp | layer=0 | mean r=0.113
ACROSS-SPLIT-MULTITRAIN xglm_med | fROI=Lang_LH_AntTemp | layer=1 | mean r=0.137
ACROSS-SPLIT-MULTITRAIN xglm_med | fROI=Lang_LH_AntTemp | layer=2 | mean r=0.140
ACROSS-SPLIT-MULTITRAIN xglm_med | fROI=Lang_LH_AntTemp | layer=3 | mean r=0.153
ACROSS-SPLIT-MULTITRAIN xglm_med | fROI=Lang_LH_AntTemp | layer=4 | mean r=0.126
ACROSS-SPLIT-MULTITRAIN xglm_med | fROI=Lang_LH_AntTemp | layer=5 | mean r=0.106
ACROSS-SPLIT-MULTITRAIN xglm_med | fROI=Lang_LH_AntTemp | layer=6 | mean r=0.133
ACROSS-SPLIT-MULTITRAIN xglm_med | fROI=Lang_LH_AntTemp | layer=7 | mean r=0.159
ACROSS-SPLIT-MULTITRAIN xglm_med | fROI=Lang_LH_AntTemp | layer=8 | mean r=0.164
ACROSS-SPLIT-MULTITRAIN xglm_med | fROI=Lang_LH_AntTemp | layer=9 | mean r=0.169
ACROSS-SPLIT-MULTITRAIN xglm_med | fROI=Lang_LH_AntTemp | layer=10 | mean r=0.191
ACROSS-SPLIT-MULTITRAIN xglm_med | fROI=Lang_LH_AntTemp | layer=11 | mean r=0.172
ACROSS-SPLIT-MULTITRAIN xglm_med | fROI=Lang_LH_AntTemp | layer=12 | mean r=0.190
ACROSS-SPLIT-MULTITRAIN xglm_med | fROI=Lang_LH_AntTemp | layer=13 | mean r=0.186
ACROSS-SPLIT-MULTITRAIN xglm_med | fROI=Lang_LH_AntTemp | layer=14 | mean r=0.165
ACROSS-SPLIT-MULTITRAIN xglm_med | fROI=Lang_LH_AntTemp | layer=15 | mean r=0.157
ACROSS-SPLIT-MULTITRAIN xglm_med | fROI=Lang_LH_AntTemp | layer=16 | mean r=0.153
ACROSS-SPLIT-MULTITRAIN xglm_med | fROI=Lang_LH_AntTemp | layer=17 | mean r=0.153
ACROSS-SPLIT-MULTITRAIN xglm_med | fROI=Lang_LH_AntTemp | layer=18 | mean r=0.147
ACROSS-SPLIT-MULTITRAIN xglm_med | fROI=Lang_LH_AntTemp | layer=19 | mean r=0.137
ACROSS-SPLIT-MULTITRAIN xglm_med | fROI=Lang_LH_AntTemp | layer=20 | mean r=0.159
ACROSS-SPLIT-MULTITRAIN xglm_med | fROI=Lang_LH_AntTemp | layer=21 | mean r=0.156
ACROSS-SPLIT-MULTITRAIN xglm_med | fROI=Lang_LH_AntTemp | layer=22 | mean r=0.146
ACROSS-SPLIT-MULTITRAIN xglm_med | fROI=Lang_LH_AntTemp | layer=23 | mean r=0.149
ACROSS-SPLIT-MULTITRAIN xglm_med | fROI=Lang_LH_AntTemp | layer=24 | mean r=0.185


[ACROSS-SPLIT] Processing Lang_LH_IFG (2/6)
ACROSS-SPLIT-MULTITRAIN xglm_med | fROI=Lang_LH_IFG | layer=0 | mean r=0.075
ACROSS-SPLIT-MULTITRAIN xglm_med | fROI=Lang_LH_IFG | layer=1 | mean r=0.098
ACROSS-SPLIT-MULTITRAIN xglm_med | fROI=Lang_LH_IFG | layer=2 | mean r=0.108
ACROSS-SPLIT-MULTITRAIN xglm_med | fROI=Lang_LH_IFG | layer=3 | mean r=0.090
ACROSS-SPLIT-MULTITRAIN xglm_med | fROI=Lang_LH_IFG | layer=4 | mean r=0.075
ACROSS-SPLIT-MULTITRAIN xglm_med | fROI=Lang_LH_IFG | layer=5 | mean r=0.072
ACROSS-SPLIT-MULTITRAIN xglm_med | fROI=Lang_LH_IFG | layer=6 | mean r=0.094
ACROSS-SPLIT-MULTITRAIN xglm_med | fROI=Lang_LH_IFG | layer=7 | mean r=0.106
ACROSS-SPLIT-MULTITRAIN xglm_med | fROI=Lang_LH_IFG | layer=8 | mean r=0.108
ACROSS-SPLIT-MULTITRAIN xglm_med | fROI=Lang_LH_IFG | layer=9 | mean r=0.108
ACROSS-SPLIT-MULTITRAIN xglm_med | fROI=Lang_LH_IFG | layer=10 | mean r=0.126
ACROSS-SPLIT-MULTITRAIN xglm_med | fROI=Lang_LH_IFG | layer=11 | mean r=0.117
ACROSS-SPLIT-MULTITRAIN xglm_med | fROI=Lang_LH_IFG | layer=12 | mean r=0.125
ACROSS-SPLIT-MULTITRAIN xglm_med | fROI=Lang_LH_IFG | layer=13 | mean r=0.121
ACROSS-SPLIT-MULTITRAIN xglm_med | fROI=Lang_LH_IFG | layer=14 | mean r=0.102
ACROSS-SPLIT-MULTITRAIN xglm_med | fROI=Lang_LH_IFG | layer=15 | mean r=0.106
ACROSS-SPLIT-MULTITRAIN xglm_med | fROI=Lang_LH_IFG | layer=16 | mean r=0.103
ACROSS-SPLIT-MULTITRAIN xglm_med | fROI=Lang_LH_IFG | layer=17 | mean r=0.096
ACROSS-SPLIT-MULTITRAIN xglm_med | fROI=Lang_LH_IFG | layer=18 | mean r=0.086
ACROSS-SPLIT-MULTITRAIN xglm_med | fROI=Lang_LH_IFG | layer=19 | mean r=0.075
ACROSS-SPLIT-MULTITRAIN xglm_med | fROI=Lang_LH_IFG | layer=20 | mean r=0.075
ACROSS-SPLIT-MULTITRAIN xglm_med | fROI=Lang_LH_IFG | layer=21 | mean r=0.072
ACROSS-SPLIT-MULTITRAIN xglm_med | fROI=Lang_LH_IFG | layer=22 | mean r=0.073
ACROSS-SPLIT-MULTITRAIN xglm_med | fROI=Lang_LH_IFG | layer=23 | mean r=0.067
ACROSS-SPLIT-MULTITRAIN xglm_med | fROI=Lang_LH_IFG | layer=24 | mean r=0.079


[ACROSS-SPLIT] Processing Lang_LH_IFGorb (3/6)
ACROSS-SPLIT-MULTITRAIN xglm_med | fROI=Lang_LH_IFGorb | layer=0 | mean r=0.070
ACROSS-SPLIT-MULTITRAIN xglm_med | fROI=Lang_LH_IFGorb | layer=1 | mean r=0.099
ACROSS-SPLIT-MULTITRAIN xglm_med | fROI=Lang_LH_IFGorb | layer=2 | mean r=0.075
ACROSS-SPLIT-MULTITRAIN xglm_med | fROI=Lang_LH_IFGorb | layer=3 | mean r=0.083
ACROSS-SPLIT-MULTITRAIN xglm_med | fROI=Lang_LH_IFGorb | layer=4 | mean r=0.079
ACROSS-SPLIT-MULTITRAIN xglm_med | fROI=Lang_LH_IFGorb | layer=5 | mean r=0.104
ACROSS-SPLIT-MULTITRAIN xglm_med | fROI=Lang_LH_IFGorb | layer=6 | mean r=0.149
ACROSS-SPLIT-MULTITRAIN xglm_med | fROI=Lang_LH_IFGorb | layer=7 | mean r=0.161
ACROSS-SPLIT-MULTITRAIN xglm_med | fROI=Lang_LH_IFGorb | layer=8 | mean r=0.167
ACROSS-SPLIT-MULTITRAIN xglm_med | fROI=Lang_LH_IFGorb | layer=9 | mean r=0.171
ACROSS-SPLIT-MULTITRAIN xglm_med | fROI=Lang_LH_IFGorb | layer=10 | mean r=0.187
ACROSS-SPLIT-MULTITRAIN xglm_med | fROI=Lang_LH_IFGorb | layer=11 | mean r=0.182
ACROSS-SPLIT-MULTITRAIN xglm_med | fROI=Lang_LH_IFGorb | layer=12 | mean r=0.191
ACROSS-SPLIT-MULTITRAIN xglm_med | fROI=Lang_LH_IFGorb | layer=13 | mean r=0.186
ACROSS-SPLIT-MULTITRAIN xglm_med | fROI=Lang_LH_IFGorb | layer=14 | mean r=0.167
ACROSS-SPLIT-MULTITRAIN xglm_med | fROI=Lang_LH_IFGorb | layer=15 | mean r=0.166
ACROSS-SPLIT-MULTITRAIN xglm_med | fROI=Lang_LH_IFGorb | layer=16 | mean r=0.162
ACROSS-SPLIT-MULTITRAIN xglm_med | fROI=Lang_LH_IFGorb | layer=17 | mean r=0.125
ACROSS-SPLIT-MULTITRAIN xglm_med | fROI=Lang_LH_IFGorb | layer=18 | mean r=0.121
ACROSS-SPLIT-MULTITRAIN xglm_med | fROI=Lang_LH_IFGorb | layer=19 | mean r=0.102
ACROSS-SPLIT-MULTITRAIN xglm_med | fROI=Lang_LH_IFGorb | layer=20 | mean r=0.102
ACROSS-SPLIT-MULTITRAIN xglm_med | fROI=Lang_LH_IFGorb | layer=21 | mean r=0.102
ACROSS-SPLIT-MULTITRAIN xglm_med | fROI=Lang_LH_IFGorb | layer=22 | mean r=0.104
ACROSS-SPLIT-MULTITRAIN xglm_med | fROI=Lang_LH_IFGorb | layer=23 | mean r=0.081
ACROSS-SPLIT-MULTITRAIN xglm_med | fROI=Lang_LH_IFGorb | layer=24 | mean r=0.109


[ACROSS-SPLIT] Processing Lang_LH_MFG (4/6)
ACROSS-SPLIT-MULTITRAIN xglm_med | fROI=Lang_LH_MFG | layer=0 | mean r=0.142
ACROSS-SPLIT-MULTITRAIN xglm_med | fROI=Lang_LH_MFG | layer=1 | mean r=0.157
ACROSS-SPLIT-MULTITRAIN xglm_med | fROI=Lang_LH_MFG | layer=2 | mean r=0.154
ACROSS-SPLIT-MULTITRAIN xglm_med | fROI=Lang_LH_MFG | layer=3 | mean r=0.136
ACROSS-SPLIT-MULTITRAIN xglm_med | fROI=Lang_LH_MFG | layer=4 | mean r=0.136
ACROSS-SPLIT-MULTITRAIN xglm_med | fROI=Lang_LH_MFG | layer=5 | mean r=0.169
ACROSS-SPLIT-MULTITRAIN xglm_med | fROI=Lang_LH_MFG | layer=6 | mean r=0.175
ACROSS-SPLIT-MULTITRAIN xglm_med | fROI=Lang_LH_MFG | layer=7 | mean r=0.181
ACROSS-SPLIT-MULTITRAIN xglm_med | fROI=Lang_LH_MFG | layer=8 | mean r=0.191
ACROSS-SPLIT-MULTITRAIN xglm_med | fROI=Lang_LH_MFG | layer=9 | mean r=0.202
ACROSS-SPLIT-MULTITRAIN xglm_med | fROI=Lang_LH_MFG | layer=10 | mean r=0.214
ACROSS-SPLIT-MULTITRAIN xglm_med | fROI=Lang_LH_MFG | layer=11 | mean r=0.223
ACROSS-SPLIT-MULTITRAIN xglm_med | fROI=Lang_LH_MFG | layer=12 | mean r=0.243
ACROSS-SPLIT-MULTITRAIN xglm_med | fROI=Lang_LH_MFG | layer=13 | mean r=0.240
ACROSS-SPLIT-MULTITRAIN xglm_med | fROI=Lang_LH_MFG | layer=14 | mean r=0.232
ACROSS-SPLIT-MULTITRAIN xglm_med | fROI=Lang_LH_MFG | layer=15 | mean r=0.242
ACROSS-SPLIT-MULTITRAIN xglm_med | fROI=Lang_LH_MFG | layer=16 | mean r=0.251
ACROSS-SPLIT-MULTITRAIN xglm_med | fROI=Lang_LH_MFG | layer=17 | mean r=0.251
ACROSS-SPLIT-MULTITRAIN xglm_med | fROI=Lang_LH_MFG | layer=18 | mean r=0.251
ACROSS-SPLIT-MULTITRAIN xglm_med | fROI=Lang_LH_MFG | layer=19 | mean r=0.238
ACROSS-SPLIT-MULTITRAIN xglm_med | fROI=Lang_LH_MFG | layer=20 | mean r=0.234
ACROSS-SPLIT-MULTITRAIN xglm_med | fROI=Lang_LH_MFG | layer=21 | mean r=0.227
ACROSS-SPLIT-MULTITRAIN xglm_med | fROI=Lang_LH_MFG | layer=22 | mean r=0.224
ACROSS-SPLIT-MULTITRAIN xglm_med | fROI=Lang_LH_MFG | layer=23 | mean r=0.217
ACROSS-SPLIT-MULTITRAIN xglm_med | fROI=Lang_LH_MFG | layer=24 | mean r=0.214


[ACROSS-SPLIT] Processing Lang_LH_PostTemp (5/6)
ACROSS-SPLIT-MULTITRAIN xglm_med | fROI=Lang_LH_PostTemp | layer=0 | mean r=0.178
ACROSS-SPLIT-MULTITRAIN xglm_med | fROI=Lang_LH_PostTemp | layer=1 | mean r=0.203
ACROSS-SPLIT-MULTITRAIN xglm_med | fROI=Lang_LH_PostTemp | layer=2 | mean r=0.203
ACROSS-SPLIT-MULTITRAIN xglm_med | fROI=Lang_LH_PostTemp | layer=3 | mean r=0.191
ACROSS-SPLIT-MULTITRAIN xglm_med | fROI=Lang_LH_PostTemp | layer=4 | mean r=0.181
ACROSS-SPLIT-MULTITRAIN xglm_med | fROI=Lang_LH_PostTemp | layer=5 | mean r=0.192
ACROSS-SPLIT-MULTITRAIN xglm_med | fROI=Lang_LH_PostTemp | layer=6 | mean r=0.216
ACROSS-SPLIT-MULTITRAIN xglm_med | fROI=Lang_LH_PostTemp | layer=7 | mean r=0.237
ACROSS-SPLIT-MULTITRAIN xglm_med | fROI=Lang_LH_PostTemp | layer=8 | mean r=0.238
ACROSS-SPLIT-MULTITRAIN xglm_med | fROI=Lang_LH_PostTemp | layer=9 | mean r=0.245
ACROSS-SPLIT-MULTITRAIN xglm_med | fROI=Lang_LH_PostTemp | layer=10 | mean r=0.252
ACROSS-SPLIT-MULTITRAIN xglm_med | fROI=Lang_LH_PostTemp | layer=11 | mean r=0.248
ACROSS-SPLIT-MULTITRAIN xglm_med | fROI=Lang_LH_PostTemp | layer=12 | mean r=0.262
ACROSS-SPLIT-MULTITRAIN xglm_med | fROI=Lang_LH_PostTemp | layer=13 | mean r=0.264
ACROSS-SPLIT-MULTITRAIN xglm_med | fROI=Lang_LH_PostTemp | layer=14 | mean r=0.255
ACROSS-SPLIT-MULTITRAIN xglm_med | fROI=Lang_LH_PostTemp | layer=15 | mean r=0.262
ACROSS-SPLIT-MULTITRAIN xglm_med | fROI=Lang_LH_PostTemp | layer=16 | mean r=0.269
ACROSS-SPLIT-MULTITRAIN xglm_med | fROI=Lang_LH_PostTemp | layer=17 | mean r=0.271
ACROSS-SPLIT-MULTITRAIN xglm_med | fROI=Lang_LH_PostTemp | layer=18 | mean r=0.272
ACROSS-SPLIT-MULTITRAIN xglm_med | fROI=Lang_LH_PostTemp | layer=19 | mean r=0.264
ACROSS-SPLIT-MULTITRAIN xglm_med | fROI=Lang_LH_PostTemp | layer=20 | mean r=0.263
ACROSS-SPLIT-MULTITRAIN xglm_med | fROI=Lang_LH_PostTemp | layer=21 | mean r=0.252
ACROSS-SPLIT-MULTITRAIN xglm_med | fROI=Lang_LH_PostTemp | layer=22 | mean r=0.251
ACROSS-SPLIT-MULTITRAIN xglm_med | fROI=Lang_LH_PostTemp | layer=23 | mean r=0.246
ACROSS-SPLIT-MULTITRAIN xglm_med | fROI=Lang_LH_PostTemp | layer=24 | mean r=0.243


[ACROSS-SPLIT] Processing all (6/6)
ACROSS-SPLIT-MULTITRAIN xglm_med | fROI=all | layer=0 | mean r=0.121
ACROSS-SPLIT-MULTITRAIN xglm_med | fROI=all | layer=1 | mean r=0.117
ACROSS-SPLIT-MULTITRAIN xglm_med | fROI=all | layer=2 | mean r=0.148
ACROSS-SPLIT-MULTITRAIN xglm_med | fROI=all | layer=3 | mean r=0.115
ACROSS-SPLIT-MULTITRAIN xglm_med | fROI=all | layer=4 | mean r=0.106
ACROSS-SPLIT-MULTITRAIN xglm_med | fROI=all | layer=5 | mean r=0.109
ACROSS-SPLIT-MULTITRAIN xglm_med | fROI=all | layer=6 | mean r=0.146
ACROSS-SPLIT-MULTITRAIN xglm_med | fROI=all | layer=7 | mean r=0.191
ACROSS-SPLIT-MULTITRAIN xglm_med | fROI=all | layer=8 | mean r=0.196
ACROSS-SPLIT-MULTITRAIN xglm_med | fROI=all | layer=9 | mean r=0.202
ACROSS-SPLIT-MULTITRAIN xglm_med | fROI=all | layer=10 | mean r=0.220
ACROSS-SPLIT-MULTITRAIN xglm_med | fROI=all | layer=11 | mean r=0.213
ACROSS-SPLIT-MULTITRAIN xglm_med | fROI=all | layer=12 | mean r=0.229
ACROSS-SPLIT-MULTITRAIN xglm_med | fROI=all | layer=13 | mean r=0.224
ACROSS-SPLIT-MULTITRAIN xglm_med | fROI=all | layer=14 | mean r=0.207
ACROSS-SPLIT-MULTITRAIN xglm_med | fROI=all | layer=15 | mean r=0.213
ACROSS-SPLIT-MULTITRAIN xglm_med | fROI=all | layer=16 | mean r=0.216
ACROSS-SPLIT-MULTITRAIN xglm_med | fROI=all | layer=17 | mean r=0.213
ACROSS-SPLIT-MULTITRAIN xglm_med | fROI=all | layer=18 | mean r=0.177
ACROSS-SPLIT-MULTITRAIN xglm_med | fROI=all | layer=19 | mean r=0.122
ACROSS-SPLIT-MULTITRAIN xglm_med | fROI=all | layer=20 | mean r=0.122
ACROSS-SPLIT-MULTITRAIN xglm_med | fROI=all | layer=21 | mean r=0.101
ACROSS-SPLIT-MULTITRAIN xglm_med | fROI=all | layer=22 | mean r=0.087
ACROSS-SPLIT-MULTITRAIN xglm_med | fROI=all | layer=23 | mean r=0.117
ACROSS-SPLIT-MULTITRAIN xglm_med | fROI=all | layer=24 | mean r=0.152


[ACROSS-SPLIT] Processing Lang_LH_AntTemp (1/6)
ACROSS-SPLIT-MULTITRAIN xglm_large | fROI=Lang_LH_AntTemp | layer=0 | mean r=0.034
ACROSS-SPLIT-MULTITRAIN xglm_large | fROI=Lang_LH_AntTemp | layer=1 | mean r=0.026
ACROSS-SPLIT-MULTITRAIN xglm_large | fROI=Lang_LH_AntTemp | layer=2 | mean r=0.055
ACROSS-SPLIT-MULTITRAIN xglm_large | fROI=Lang_LH_AntTemp | layer=3 | mean r=0.035
ACROSS-SPLIT-MULTITRAIN xglm_large | fROI=Lang_LH_AntTemp | layer=4 | mean r=0.004
ACROSS-SPLIT-MULTITRAIN xglm_large | fROI=Lang_LH_AntTemp | layer=5 | mean r=0.046
ACROSS-SPLIT-MULTITRAIN xglm_large | fROI=Lang_LH_AntTemp | layer=6 | mean r=0.062
ACROSS-SPLIT-MULTITRAIN xglm_large | fROI=Lang_LH_AntTemp | layer=7 | mean r=0.064
ACROSS-SPLIT-MULTITRAIN xglm_large | fROI=Lang_LH_AntTemp | layer=8 | mean r=0.077
ACROSS-SPLIT-MULTITRAIN xglm_large | fROI=Lang_LH_AntTemp | layer=9 | mean r=0.091
ACROSS-SPLIT-MULTITRAIN xglm_large | fROI=Lang_LH_AntTemp | layer=10 | mean r=0.107
ACROSS-SPLIT-MULTITRAIN xglm_large | fROI=Lang_LH_AntTemp | layer=11 | mean r=0.109
ACROSS-SPLIT-MULTITRAIN xglm_large | fROI=Lang_LH_AntTemp | layer=12 | mean r=0.120
ACROSS-SPLIT-MULTITRAIN xglm_large | fROI=Lang_LH_AntTemp | layer=13 | mean r=0.112
ACROSS-SPLIT-MULTITRAIN xglm_large | fROI=Lang_LH_AntTemp | layer=14 | mean r=0.130
ACROSS-SPLIT-MULTITRAIN xglm_large | fROI=Lang_LH_AntTemp | layer=15 | mean r=0.124
ACROSS-SPLIT-MULTITRAIN xglm_large | fROI=Lang_LH_AntTemp | layer=16 | mean r=0.153
ACROSS-SPLIT-MULTITRAIN xglm_large | fROI=Lang_LH_AntTemp | layer=17 | mean r=0.145
ACROSS-SPLIT-MULTITRAIN xglm_large | fROI=Lang_LH_AntTemp | layer=18 | mean r=0.134
ACROSS-SPLIT-MULTITRAIN xglm_large | fROI=Lang_LH_AntTemp | layer=19 | mean r=0.148
ACROSS-SPLIT-MULTITRAIN xglm_large | fROI=Lang_LH_AntTemp | layer=20 | mean r=0.148
ACROSS-SPLIT-MULTITRAIN xglm_large | fROI=Lang_LH_AntTemp | layer=21 | mean r=0.162
ACROSS-SPLIT-MULTITRAIN xglm_large | fROI=Lang_LH_AntTemp | layer=22 | mean r=0.165
ACROSS-SPLIT-MULTITRAIN xglm_large | fROI=Lang_LH_AntTemp | layer=23 | mean r=0.162
ACROSS-SPLIT-MULTITRAIN xglm_large | fROI=Lang_LH_AntTemp | layer=24 | mean r=0.148
ACROSS-SPLIT-MULTITRAIN xglm_large | fROI=Lang_LH_AntTemp | layer=25 | mean r=0.150
ACROSS-SPLIT-MULTITRAIN xglm_large | fROI=Lang_LH_AntTemp | layer=26 | mean r=0.153
ACROSS-SPLIT-MULTITRAIN xglm_large | fROI=Lang_LH_AntTemp | layer=27 | mean r=0.155
ACROSS-SPLIT-MULTITRAIN xglm_large | fROI=Lang_LH_AntTemp | layer=28 | mean r=0.163
ACROSS-SPLIT-MULTITRAIN xglm_large | fROI=Lang_LH_AntTemp | layer=29 | mean r=0.169
ACROSS-SPLIT-MULTITRAIN xglm_large | fROI=Lang_LH_AntTemp | layer=30 | mean r=0.173
ACROSS-SPLIT-MULTITRAIN xglm_large | fROI=Lang_LH_AntTemp | layer=31 | mean r=0.179
ACROSS-SPLIT-MULTITRAIN xglm_large | fROI=Lang_LH_AntTemp | layer=32 | mean r=0.181
ACROSS-SPLIT-MULTITRAIN xglm_large | fROI=Lang_LH_AntTemp | layer=33 | mean r=0.184
ACROSS-SPLIT-MULTITRAIN xglm_large | fROI=Lang_LH_AntTemp | layer=34 | mean r=0.195
ACROSS-SPLIT-MULTITRAIN xglm_large | fROI=Lang_LH_AntTemp | layer=35 | mean r=0.202
ACROSS-SPLIT-MULTITRAIN xglm_large | fROI=Lang_LH_AntTemp | layer=36 | mean r=0.201
ACROSS-SPLIT-MULTITRAIN xglm_large | fROI=Lang_LH_AntTemp | layer=37 | mean r=0.195
ACROSS-SPLIT-MULTITRAIN xglm_large | fROI=Lang_LH_AntTemp | layer=38 | mean r=0.195
ACROSS-SPLIT-MULTITRAIN xglm_large | fROI=Lang_LH_AntTemp | layer=39 | mean r=0.205
ACROSS-SPLIT-MULTITRAIN xglm_large | fROI=Lang_LH_AntTemp | layer=40 | mean r=0.208
ACROSS-SPLIT-MULTITRAIN xglm_large | fROI=Lang_LH_AntTemp | layer=41 | mean r=0.214
ACROSS-SPLIT-MULTITRAIN xglm_large | fROI=Lang_LH_AntTemp | layer=42 | mean r=0.215
ACROSS-SPLIT-MULTITRAIN xglm_large | fROI=Lang_LH_AntTemp | layer=43 | mean r=0.210
ACROSS-SPLIT-MULTITRAIN xglm_large | fROI=Lang_LH_AntTemp | layer=44 | mean r=0.219
ACROSS-SPLIT-MULTITRAIN xglm_large | fROI=Lang_LH_AntTemp | layer=45 | mean r=0.219
ACROSS-SPLIT-MULTITRAIN xglm_large | fROI=Lang_LH_AntTemp | layer=46 | mean r=0.218
ACROSS-SPLIT-MULTITRAIN xglm_large | fROI=Lang_LH_AntTemp | layer=47 | mean r=0.225
ACROSS-SPLIT-MULTITRAIN xglm_large | fROI=Lang_LH_AntTemp | layer=48 | mean r=0.206


[ACROSS-SPLIT] Processing Lang_LH_IFG (2/6)
ACROSS-SPLIT-MULTITRAIN xglm_large | fROI=Lang_LH_IFG | layer=0 | mean r=0.041
ACROSS-SPLIT-MULTITRAIN xglm_large | fROI=Lang_LH_IFG | layer=1 | mean r=0.032
ACROSS-SPLIT-MULTITRAIN xglm_large | fROI=Lang_LH_IFG | layer=2 | mean r=0.037
ACROSS-SPLIT-MULTITRAIN xglm_large | fROI=Lang_LH_IFG | layer=3 | mean r=0.014
ACROSS-SPLIT-MULTITRAIN xglm_large | fROI=Lang_LH_IFG | layer=4 | mean r=-0.000
ACROSS-SPLIT-MULTITRAIN xglm_large | fROI=Lang_LH_IFG | layer=5 | mean r=0.019
ACROSS-SPLIT-MULTITRAIN xglm_large | fROI=Lang_LH_IFG | layer=6 | mean r=0.035
ACROSS-SPLIT-MULTITRAIN xglm_large | fROI=Lang_LH_IFG | layer=7 | mean r=0.068
ACROSS-SPLIT-MULTITRAIN xglm_large | fROI=Lang_LH_IFG | layer=8 | mean r=0.085
ACROSS-SPLIT-MULTITRAIN xglm_large | fROI=Lang_LH_IFG | layer=9 | mean r=0.099
ACROSS-SPLIT-MULTITRAIN xglm_large | fROI=Lang_LH_IFG | layer=10 | mean r=0.104
ACROSS-SPLIT-MULTITRAIN xglm_large | fROI=Lang_LH_IFG | layer=11 | mean r=0.089
ACROSS-SPLIT-MULTITRAIN xglm_large | fROI=Lang_LH_IFG | layer=12 | mean r=0.098
ACROSS-SPLIT-MULTITRAIN xglm_large | fROI=Lang_LH_IFG | layer=13 | mean r=0.090
ACROSS-SPLIT-MULTITRAIN xglm_large | fROI=Lang_LH_IFG | layer=14 | mean r=0.086
ACROSS-SPLIT-MULTITRAIN xglm_large | fROI=Lang_LH_IFG | layer=15 | mean r=0.070
ACROSS-SPLIT-MULTITRAIN xglm_large | fROI=Lang_LH_IFG | layer=16 | mean r=0.085
ACROSS-SPLIT-MULTITRAIN xglm_large | fROI=Lang_LH_IFG | layer=17 | mean r=0.075
ACROSS-SPLIT-MULTITRAIN xglm_large | fROI=Lang_LH_IFG | layer=18 | mean r=0.064
ACROSS-SPLIT-MULTITRAIN xglm_large | fROI=Lang_LH_IFG | layer=19 | mean r=0.070
ACROSS-SPLIT-MULTITRAIN xglm_large | fROI=Lang_LH_IFG | layer=20 | mean r=0.078
ACROSS-SPLIT-MULTITRAIN xglm_large | fROI=Lang_LH_IFG | layer=21 | mean r=0.089
ACROSS-SPLIT-MULTITRAIN xglm_large | fROI=Lang_LH_IFG | layer=22 | mean r=0.089
ACROSS-SPLIT-MULTITRAIN xglm_large | fROI=Lang_LH_IFG | layer=23 | mean r=0.084
ACROSS-SPLIT-MULTITRAIN xglm_large | fROI=Lang_LH_IFG | layer=24 | mean r=0.071
ACROSS-SPLIT-MULTITRAIN xglm_large | fROI=Lang_LH_IFG | layer=25 | mean r=0.070
ACROSS-SPLIT-MULTITRAIN xglm_large | fROI=Lang_LH_IFG | layer=26 | mean r=0.069
ACROSS-SPLIT-MULTITRAIN xglm_large | fROI=Lang_LH_IFG | layer=27 | mean r=0.075
ACROSS-SPLIT-MULTITRAIN xglm_large | fROI=Lang_LH_IFG | layer=28 | mean r=0.083
ACROSS-SPLIT-MULTITRAIN xglm_large | fROI=Lang_LH_IFG | layer=29 | mean r=0.085
ACROSS-SPLIT-MULTITRAIN xglm_large | fROI=Lang_LH_IFG | layer=30 | mean r=0.087
ACROSS-SPLIT-MULTITRAIN xglm_large | fROI=Lang_LH_IFG | layer=31 | mean r=0.087
ACROSS-SPLIT-MULTITRAIN xglm_large | fROI=Lang_LH_IFG | layer=32 | mean r=0.082
ACROSS-SPLIT-MULTITRAIN xglm_large | fROI=Lang_LH_IFG | layer=33 | mean r=0.080
ACROSS-SPLIT-MULTITRAIN xglm_large | fROI=Lang_LH_IFG | layer=34 | mean r=0.075
ACROSS-SPLIT-MULTITRAIN xglm_large | fROI=Lang_LH_IFG | layer=35 | mean r=0.076
ACROSS-SPLIT-MULTITRAIN xglm_large | fROI=Lang_LH_IFG | layer=36 | mean r=0.073
ACROSS-SPLIT-MULTITRAIN xglm_large | fROI=Lang_LH_IFG | layer=37 | mean r=0.073
ACROSS-SPLIT-MULTITRAIN xglm_large | fROI=Lang_LH_IFG | layer=38 | mean r=0.079
ACROSS-SPLIT-MULTITRAIN xglm_large | fROI=Lang_LH_IFG | layer=39 | mean r=0.082
ACROSS-SPLIT-MULTITRAIN xglm_large | fROI=Lang_LH_IFG | layer=40 | mean r=0.089
ACROSS-SPLIT-MULTITRAIN xglm_large | fROI=Lang_LH_IFG | layer=41 | mean r=0.088
ACROSS-SPLIT-MULTITRAIN xglm_large | fROI=Lang_LH_IFG | layer=42 | mean r=0.095
ACROSS-SPLIT-MULTITRAIN xglm_large | fROI=Lang_LH_IFG | layer=43 | mean r=0.087
ACROSS-SPLIT-MULTITRAIN xglm_large | fROI=Lang_LH_IFG | layer=44 | mean r=0.091
ACROSS-SPLIT-MULTITRAIN xglm_large | fROI=Lang_LH_IFG | layer=45 | mean r=0.097
ACROSS-SPLIT-MULTITRAIN xglm_large | fROI=Lang_LH_IFG | layer=46 | mean r=0.095
ACROSS-SPLIT-MULTITRAIN xglm_large | fROI=Lang_LH_IFG | layer=47 | mean r=0.100
ACROSS-SPLIT-MULTITRAIN xglm_large | fROI=Lang_LH_IFG | layer=48 | mean r=0.113


[ACROSS-SPLIT] Processing Lang_LH_IFGorb (3/6)
ACROSS-SPLIT-MULTITRAIN xglm_large | fROI=Lang_LH_IFGorb | layer=0 | mean r=0.074
ACROSS-SPLIT-MULTITRAIN xglm_large | fROI=Lang_LH_IFGorb | layer=1 | mean r=0.042
ACROSS-SPLIT-MULTITRAIN xglm_large | fROI=Lang_LH_IFGorb | layer=2 | mean r=0.052
ACROSS-SPLIT-MULTITRAIN xglm_large | fROI=Lang_LH_IFGorb | layer=3 | mean r=0.037
ACROSS-SPLIT-MULTITRAIN xglm_large | fROI=Lang_LH_IFGorb | layer=4 | mean r=0.031
ACROSS-SPLIT-MULTITRAIN xglm_large | fROI=Lang_LH_IFGorb | layer=5 | mean r=0.032
ACROSS-SPLIT-MULTITRAIN xglm_large | fROI=Lang_LH_IFGorb | layer=6 | mean r=0.043
ACROSS-SPLIT-MULTITRAIN xglm_large | fROI=Lang_LH_IFGorb | layer=7 | mean r=0.066
ACROSS-SPLIT-MULTITRAIN xglm_large | fROI=Lang_LH_IFGorb | layer=8 | mean r=0.126
ACROSS-SPLIT-MULTITRAIN xglm_large | fROI=Lang_LH_IFGorb | layer=9 | mean r=0.128
ACROSS-SPLIT-MULTITRAIN xglm_large | fROI=Lang_LH_IFGorb | layer=10 | mean r=0.149
ACROSS-SPLIT-MULTITRAIN xglm_large | fROI=Lang_LH_IFGorb | layer=11 | mean r=0.144
ACROSS-SPLIT-MULTITRAIN xglm_large | fROI=Lang_LH_IFGorb | layer=12 | mean r=0.140
ACROSS-SPLIT-MULTITRAIN xglm_large | fROI=Lang_LH_IFGorb | layer=13 | mean r=0.132
ACROSS-SPLIT-MULTITRAIN xglm_large | fROI=Lang_LH_IFGorb | layer=14 | mean r=0.136
ACROSS-SPLIT-MULTITRAIN xglm_large | fROI=Lang_LH_IFGorb | layer=15 | mean r=0.132
ACROSS-SPLIT-MULTITRAIN xglm_large | fROI=Lang_LH_IFGorb | layer=16 | mean r=0.156
ACROSS-SPLIT-MULTITRAIN xglm_large | fROI=Lang_LH_IFGorb | layer=17 | mean r=0.140
ACROSS-SPLIT-MULTITRAIN xglm_large | fROI=Lang_LH_IFGorb | layer=18 | mean r=0.133
ACROSS-SPLIT-MULTITRAIN xglm_large | fROI=Lang_LH_IFGorb | layer=19 | mean r=0.139
ACROSS-SPLIT-MULTITRAIN xglm_large | fROI=Lang_LH_IFGorb | layer=20 | mean r=0.139
ACROSS-SPLIT-MULTITRAIN xglm_large | fROI=Lang_LH_IFGorb | layer=21 | mean r=0.153
ACROSS-SPLIT-MULTITRAIN xglm_large | fROI=Lang_LH_IFGorb | layer=22 | mean r=0.163
ACROSS-SPLIT-MULTITRAIN xglm_large | fROI=Lang_LH_IFGorb | layer=23 | mean r=0.175
ACROSS-SPLIT-MULTITRAIN xglm_large | fROI=Lang_LH_IFGorb | layer=24 | mean r=0.159
ACROSS-SPLIT-MULTITRAIN xglm_large | fROI=Lang_LH_IFGorb | layer=25 | mean r=0.159
ACROSS-SPLIT-MULTITRAIN xglm_large | fROI=Lang_LH_IFGorb | layer=26 | mean r=0.151
ACROSS-SPLIT-MULTITRAIN xglm_large | fROI=Lang_LH_IFGorb | layer=27 | mean r=0.152
ACROSS-SPLIT-MULTITRAIN xglm_large | fROI=Lang_LH_IFGorb | layer=28 | mean r=0.159
ACROSS-SPLIT-MULTITRAIN xglm_large | fROI=Lang_LH_IFGorb | layer=29 | mean r=0.166
ACROSS-SPLIT-MULTITRAIN xglm_large | fROI=Lang_LH_IFGorb | layer=30 | mean r=0.171
ACROSS-SPLIT-MULTITRAIN xglm_large | fROI=Lang_LH_IFGorb | layer=31 | mean r=0.175
ACROSS-SPLIT-MULTITRAIN xglm_large | fROI=Lang_LH_IFGorb | layer=32 | mean r=0.172
ACROSS-SPLIT-MULTITRAIN xglm_large | fROI=Lang_LH_IFGorb | layer=33 | mean r=0.144
ACROSS-SPLIT-MULTITRAIN xglm_large | fROI=Lang_LH_IFGorb | layer=34 | mean r=0.138
ACROSS-SPLIT-MULTITRAIN xglm_large | fROI=Lang_LH_IFGorb | layer=35 | mean r=0.155
ACROSS-SPLIT-MULTITRAIN xglm_large | fROI=Lang_LH_IFGorb | layer=36 | mean r=0.148
ACROSS-SPLIT-MULTITRAIN xglm_large | fROI=Lang_LH_IFGorb | layer=37 | mean r=0.161
ACROSS-SPLIT-MULTITRAIN xglm_large | fROI=Lang_LH_IFGorb | layer=38 | mean r=0.149
ACROSS-SPLIT-MULTITRAIN xglm_large | fROI=Lang_LH_IFGorb | layer=39 | mean r=0.148
ACROSS-SPLIT-MULTITRAIN xglm_large | fROI=Lang_LH_IFGorb | layer=40 | mean r=0.159
ACROSS-SPLIT-MULTITRAIN xglm_large | fROI=Lang_LH_IFGorb | layer=41 | mean r=0.134
ACROSS-SPLIT-MULTITRAIN xglm_large | fROI=Lang_LH_IFGorb | layer=42 | mean r=0.128
ACROSS-SPLIT-MULTITRAIN xglm_large | fROI=Lang_LH_IFGorb | layer=43 | mean r=0.124
ACROSS-SPLIT-MULTITRAIN xglm_large | fROI=Lang_LH_IFGorb | layer=44 | mean r=0.137
ACROSS-SPLIT-MULTITRAIN xglm_large | fROI=Lang_LH_IFGorb | layer=45 | mean r=0.142
ACROSS-SPLIT-MULTITRAIN xglm_large | fROI=Lang_LH_IFGorb | layer=46 | mean r=0.124
ACROSS-SPLIT-MULTITRAIN xglm_large | fROI=Lang_LH_IFGorb | layer=47 | mean r=0.133
ACROSS-SPLIT-MULTITRAIN xglm_large | fROI=Lang_LH_IFGorb | layer=48 | mean r=0.145


[ACROSS-SPLIT] Processing Lang_LH_MFG (4/6)
ACROSS-SPLIT-MULTITRAIN xglm_large | fROI=Lang_LH_MFG | layer=0 | mean r=0.133
ACROSS-SPLIT-MULTITRAIN xglm_large | fROI=Lang_LH_MFG | layer=1 | mean r=0.104
ACROSS-SPLIT-MULTITRAIN xglm_large | fROI=Lang_LH_MFG | layer=2 | mean r=0.102
ACROSS-SPLIT-MULTITRAIN xglm_large | fROI=Lang_LH_MFG | layer=3 | mean r=0.081
ACROSS-SPLIT-MULTITRAIN xglm_large | fROI=Lang_LH_MFG | layer=4 | mean r=0.085
ACROSS-SPLIT-MULTITRAIN xglm_large | fROI=Lang_LH_MFG | layer=5 | mean r=0.117
ACROSS-SPLIT-MULTITRAIN xglm_large | fROI=Lang_LH_MFG | layer=6 | mean r=0.140
ACROSS-SPLIT-MULTITRAIN xglm_large | fROI=Lang_LH_MFG | layer=7 | mean r=0.164
ACROSS-SPLIT-MULTITRAIN xglm_large | fROI=Lang_LH_MFG | layer=8 | mean r=0.194
ACROSS-SPLIT-MULTITRAIN xglm_large | fROI=Lang_LH_MFG | layer=9 | mean r=0.202
ACROSS-SPLIT-MULTITRAIN xglm_large | fROI=Lang_LH_MFG | layer=10 | mean r=0.217
ACROSS-SPLIT-MULTITRAIN xglm_large | fROI=Lang_LH_MFG | layer=11 | mean r=0.213
ACROSS-SPLIT-MULTITRAIN xglm_large | fROI=Lang_LH_MFG | layer=12 | mean r=0.225
ACROSS-SPLIT-MULTITRAIN xglm_large | fROI=Lang_LH_MFG | layer=13 | mean r=0.218
ACROSS-SPLIT-MULTITRAIN xglm_large | fROI=Lang_LH_MFG | layer=14 | mean r=0.236
ACROSS-SPLIT-MULTITRAIN xglm_large | fROI=Lang_LH_MFG | layer=15 | mean r=0.223
ACROSS-SPLIT-MULTITRAIN xglm_large | fROI=Lang_LH_MFG | layer=16 | mean r=0.239
ACROSS-SPLIT-MULTITRAIN xglm_large | fROI=Lang_LH_MFG | layer=17 | mean r=0.227
ACROSS-SPLIT-MULTITRAIN xglm_large | fROI=Lang_LH_MFG | layer=18 | mean r=0.225
ACROSS-SPLIT-MULTITRAIN xglm_large | fROI=Lang_LH_MFG | layer=19 | mean r=0.231
ACROSS-SPLIT-MULTITRAIN xglm_large | fROI=Lang_LH_MFG | layer=20 | mean r=0.230
ACROSS-SPLIT-MULTITRAIN xglm_large | fROI=Lang_LH_MFG | layer=21 | mean r=0.241
ACROSS-SPLIT-MULTITRAIN xglm_large | fROI=Lang_LH_MFG | layer=22 | mean r=0.241
ACROSS-SPLIT-MULTITRAIN xglm_large | fROI=Lang_LH_MFG | layer=23 | mean r=0.242
ACROSS-SPLIT-MULTITRAIN xglm_large | fROI=Lang_LH_MFG | layer=24 | mean r=0.237
ACROSS-SPLIT-MULTITRAIN xglm_large | fROI=Lang_LH_MFG | layer=25 | mean r=0.238
ACROSS-SPLIT-MULTITRAIN xglm_large | fROI=Lang_LH_MFG | layer=26 | mean r=0.233
ACROSS-SPLIT-MULTITRAIN xglm_large | fROI=Lang_LH_MFG | layer=27 | mean r=0.238
ACROSS-SPLIT-MULTITRAIN xglm_large | fROI=Lang_LH_MFG | layer=28 | mean r=0.247
ACROSS-SPLIT-MULTITRAIN xglm_large | fROI=Lang_LH_MFG | layer=29 | mean r=0.250
ACROSS-SPLIT-MULTITRAIN xglm_large | fROI=Lang_LH_MFG | layer=30 | mean r=0.253
ACROSS-SPLIT-MULTITRAIN xglm_large | fROI=Lang_LH_MFG | layer=31 | mean r=0.252
ACROSS-SPLIT-MULTITRAIN xglm_large | fROI=Lang_LH_MFG | layer=32 | mean r=0.256
ACROSS-SPLIT-MULTITRAIN xglm_large | fROI=Lang_LH_MFG | layer=33 | mean r=0.252
ACROSS-SPLIT-MULTITRAIN xglm_large | fROI=Lang_LH_MFG | layer=34 | mean r=0.252
ACROSS-SPLIT-MULTITRAIN xglm_large | fROI=Lang_LH_MFG | layer=35 | mean r=0.253
ACROSS-SPLIT-MULTITRAIN xglm_large | fROI=Lang_LH_MFG | layer=36 | mean r=0.250
ACROSS-SPLIT-MULTITRAIN xglm_large | fROI=Lang_LH_MFG | layer=37 | mean r=0.244
ACROSS-SPLIT-MULTITRAIN xglm_large | fROI=Lang_LH_MFG | layer=38 | mean r=0.250
ACROSS-SPLIT-MULTITRAIN xglm_large | fROI=Lang_LH_MFG | layer=39 | mean r=0.249
ACROSS-SPLIT-MULTITRAIN xglm_large | fROI=Lang_LH_MFG | layer=40 | mean r=0.250
ACROSS-SPLIT-MULTITRAIN xglm_large | fROI=Lang_LH_MFG | layer=41 | mean r=0.248
ACROSS-SPLIT-MULTITRAIN xglm_large | fROI=Lang_LH_MFG | layer=42 | mean r=0.248
ACROSS-SPLIT-MULTITRAIN xglm_large | fROI=Lang_LH_MFG | layer=43 | mean r=0.241
ACROSS-SPLIT-MULTITRAIN xglm_large | fROI=Lang_LH_MFG | layer=44 | mean r=0.242
ACROSS-SPLIT-MULTITRAIN xglm_large | fROI=Lang_LH_MFG | layer=45 | mean r=0.243
ACROSS-SPLIT-MULTITRAIN xglm_large | fROI=Lang_LH_MFG | layer=46 | mean r=0.239
ACROSS-SPLIT-MULTITRAIN xglm_large | fROI=Lang_LH_MFG | layer=47 | mean r=0.240
ACROSS-SPLIT-MULTITRAIN xglm_large | fROI=Lang_LH_MFG | layer=48 | mean r=0.237


[ACROSS-SPLIT] Processing Lang_LH_PostTemp (5/6)
ACROSS-SPLIT-MULTITRAIN xglm_large | fROI=Lang_LH_PostTemp | layer=0 | mean r=0.117
ACROSS-SPLIT-MULTITRAIN xglm_large | fROI=Lang_LH_PostTemp | layer=1 | mean r=0.148
ACROSS-SPLIT-MULTITRAIN xglm_large | fROI=Lang_LH_PostTemp | layer=2 | mean r=0.151
ACROSS-SPLIT-MULTITRAIN xglm_large | fROI=Lang_LH_PostTemp | layer=3 | mean r=0.133
ACROSS-SPLIT-MULTITRAIN xglm_large | fROI=Lang_LH_PostTemp | layer=4 | mean r=0.138
ACROSS-SPLIT-MULTITRAIN xglm_large | fROI=Lang_LH_PostTemp | layer=5 | mean r=0.157
ACROSS-SPLIT-MULTITRAIN xglm_large | fROI=Lang_LH_PostTemp | layer=6 | mean r=0.179
ACROSS-SPLIT-MULTITRAIN xglm_large | fROI=Lang_LH_PostTemp | layer=7 | mean r=0.185
ACROSS-SPLIT-MULTITRAIN xglm_large | fROI=Lang_LH_PostTemp | layer=8 | mean r=0.203
ACROSS-SPLIT-MULTITRAIN xglm_large | fROI=Lang_LH_PostTemp | layer=9 | mean r=0.214
ACROSS-SPLIT-MULTITRAIN xglm_large | fROI=Lang_LH_PostTemp | layer=10 | mean r=0.230
ACROSS-SPLIT-MULTITRAIN xglm_large | fROI=Lang_LH_PostTemp | layer=11 | mean r=0.227
ACROSS-SPLIT-MULTITRAIN xglm_large | fROI=Lang_LH_PostTemp | layer=12 | mean r=0.241
ACROSS-SPLIT-MULTITRAIN xglm_large | fROI=Lang_LH_PostTemp | layer=13 | mean r=0.244
ACROSS-SPLIT-MULTITRAIN xglm_large | fROI=Lang_LH_PostTemp | layer=14 | mean r=0.247
ACROSS-SPLIT-MULTITRAIN xglm_large | fROI=Lang_LH_PostTemp | layer=15 | mean r=0.236
ACROSS-SPLIT-MULTITRAIN xglm_large | fROI=Lang_LH_PostTemp | layer=16 | mean r=0.255
ACROSS-SPLIT-MULTITRAIN xglm_large | fROI=Lang_LH_PostTemp | layer=17 | mean r=0.243
ACROSS-SPLIT-MULTITRAIN xglm_large | fROI=Lang_LH_PostTemp | layer=18 | mean r=0.243
ACROSS-SPLIT-MULTITRAIN xglm_large | fROI=Lang_LH_PostTemp | layer=19 | mean r=0.252
ACROSS-SPLIT-MULTITRAIN xglm_large | fROI=Lang_LH_PostTemp | layer=20 | mean r=0.254
ACROSS-SPLIT-MULTITRAIN xglm_large | fROI=Lang_LH_PostTemp | layer=21 | mean r=0.259
ACROSS-SPLIT-MULTITRAIN xglm_large | fROI=Lang_LH_PostTemp | layer=22 | mean r=0.252
ACROSS-SPLIT-MULTITRAIN xglm_large | fROI=Lang_LH_PostTemp | layer=23 | mean r=0.251
ACROSS-SPLIT-MULTITRAIN xglm_large | fROI=Lang_LH_PostTemp | layer=24 | mean r=0.245
ACROSS-SPLIT-MULTITRAIN xglm_large | fROI=Lang_LH_PostTemp | layer=25 | mean r=0.249
ACROSS-SPLIT-MULTITRAIN xglm_large | fROI=Lang_LH_PostTemp | layer=26 | mean r=0.247
ACROSS-SPLIT-MULTITRAIN xglm_large | fROI=Lang_LH_PostTemp | layer=27 | mean r=0.247
ACROSS-SPLIT-MULTITRAIN xglm_large | fROI=Lang_LH_PostTemp | layer=28 | mean r=0.257
ACROSS-SPLIT-MULTITRAIN xglm_large | fROI=Lang_LH_PostTemp | layer=29 | mean r=0.260
ACROSS-SPLIT-MULTITRAIN xglm_large | fROI=Lang_LH_PostTemp | layer=30 | mean r=0.262
ACROSS-SPLIT-MULTITRAIN xglm_large | fROI=Lang_LH_PostTemp | layer=31 | mean r=0.261
ACROSS-SPLIT-MULTITRAIN xglm_large | fROI=Lang_LH_PostTemp | layer=32 | mean r=0.264
ACROSS-SPLIT-MULTITRAIN xglm_large | fROI=Lang_LH_PostTemp | layer=33 | mean r=0.263
ACROSS-SPLIT-MULTITRAIN xglm_large | fROI=Lang_LH_PostTemp | layer=34 | mean r=0.264
ACROSS-SPLIT-MULTITRAIN xglm_large | fROI=Lang_LH_PostTemp | layer=35 | mean r=0.267
ACROSS-SPLIT-MULTITRAIN xglm_large | fROI=Lang_LH_PostTemp | layer=36 | mean r=0.265
ACROSS-SPLIT-MULTITRAIN xglm_large | fROI=Lang_LH_PostTemp | layer=37 | mean r=0.263
ACROSS-SPLIT-MULTITRAIN xglm_large | fROI=Lang_LH_PostTemp | layer=38 | mean r=0.266
ACROSS-SPLIT-MULTITRAIN xglm_large | fROI=Lang_LH_PostTemp | layer=39 | mean r=0.268
ACROSS-SPLIT-MULTITRAIN xglm_large | fROI=Lang_LH_PostTemp | layer=40 | mean r=0.268
ACROSS-SPLIT-MULTITRAIN xglm_large | fROI=Lang_LH_PostTemp | layer=41 | mean r=0.267
ACROSS-SPLIT-MULTITRAIN xglm_large | fROI=Lang_LH_PostTemp | layer=42 | mean r=0.269
ACROSS-SPLIT-MULTITRAIN xglm_large | fROI=Lang_LH_PostTemp | layer=43 | mean r=0.263
ACROSS-SPLIT-MULTITRAIN xglm_large | fROI=Lang_LH_PostTemp | layer=44 | mean r=0.265
ACROSS-SPLIT-MULTITRAIN xglm_large | fROI=Lang_LH_PostTemp | layer=45 | mean r=0.265
ACROSS-SPLIT-MULTITRAIN xglm_large | fROI=Lang_LH_PostTemp | layer=46 | mean r=0.264
ACROSS-SPLIT-MULTITRAIN xglm_large | fROI=Lang_LH_PostTemp | layer=47 | mean r=0.264
ACROSS-SPLIT-MULTITRAIN xglm_large | fROI=Lang_LH_PostTemp | layer=48 | mean r=0.258


[ACROSS-SPLIT] Processing all (6/6)
ACROSS-SPLIT-MULTITRAIN xglm_large | fROI=all | layer=0 | mean r=0.058
ACROSS-SPLIT-MULTITRAIN xglm_large | fROI=all | layer=1 | mean r=0.046
ACROSS-SPLIT-MULTITRAIN xglm_large | fROI=all | layer=2 | mean r=0.052
ACROSS-SPLIT-MULTITRAIN xglm_large | fROI=all | layer=3 | mean r=0.028
ACROSS-SPLIT-MULTITRAIN xglm_large | fROI=all | layer=4 | mean r=0.017
ACROSS-SPLIT-MULTITRAIN xglm_large | fROI=all | layer=5 | mean r=0.053
ACROSS-SPLIT-MULTITRAIN xglm_large | fROI=all | layer=6 | mean r=0.067
ACROSS-SPLIT-MULTITRAIN xglm_large | fROI=all | layer=7 | mean r=0.079
ACROSS-SPLIT-MULTITRAIN xglm_large | fROI=all | layer=8 | mean r=0.099
ACROSS-SPLIT-MULTITRAIN xglm_large | fROI=all | layer=9 | mean r=0.171
ACROSS-SPLIT-MULTITRAIN xglm_large | fROI=all | layer=10 | mean r=0.188
ACROSS-SPLIT-MULTITRAIN xglm_large | fROI=all | layer=11 | mean r=0.177
ACROSS-SPLIT-MULTITRAIN xglm_large | fROI=all | layer=12 | mean r=0.188
ACROSS-SPLIT-MULTITRAIN xglm_large | fROI=all | layer=13 | mean r=0.180
ACROSS-SPLIT-MULTITRAIN xglm_large | fROI=all | layer=14 | mean r=0.186
ACROSS-SPLIT-MULTITRAIN xglm_large | fROI=all | layer=15 | mean r=0.175
ACROSS-SPLIT-MULTITRAIN xglm_large | fROI=all | layer=16 | mean r=0.199
ACROSS-SPLIT-MULTITRAIN xglm_large | fROI=all | layer=17 | mean r=0.185
ACROSS-SPLIT-MULTITRAIN xglm_large | fROI=all | layer=18 | mean r=0.179
ACROSS-SPLIT-MULTITRAIN xglm_large | fROI=all | layer=19 | mean r=0.188
ACROSS-SPLIT-MULTITRAIN xglm_large | fROI=all | layer=20 | mean r=0.190
ACROSS-SPLIT-MULTITRAIN xglm_large | fROI=all | layer=21 | mean r=0.204
ACROSS-SPLIT-MULTITRAIN xglm_large | fROI=all | layer=22 | mean r=0.205
ACROSS-SPLIT-MULTITRAIN xglm_large | fROI=all | layer=23 | mean r=0.207
ACROSS-SPLIT-MULTITRAIN xglm_large | fROI=all | layer=24 | mean r=0.194
ACROSS-SPLIT-MULTITRAIN xglm_large | fROI=all | layer=25 | mean r=0.196
ACROSS-SPLIT-MULTITRAIN xglm_large | fROI=all | layer=26 | mean r=0.193
ACROSS-SPLIT-MULTITRAIN xglm_large | fROI=all | layer=27 | mean r=0.197
ACROSS-SPLIT-MULTITRAIN xglm_large | fROI=all | layer=28 | mean r=0.207
ACROSS-SPLIT-MULTITRAIN xglm_large | fROI=all | layer=29 | mean r=0.213
ACROSS-SPLIT-MULTITRAIN xglm_large | fROI=all | layer=30 | mean r=0.217
ACROSS-SPLIT-MULTITRAIN xglm_large | fROI=all | layer=31 | mean r=0.218
ACROSS-SPLIT-MULTITRAIN xglm_large | fROI=all | layer=32 | mean r=0.219
ACROSS-SPLIT-MULTITRAIN xglm_large | fROI=all | layer=33 | mean r=0.218
ACROSS-SPLIT-MULTITRAIN xglm_large | fROI=all | layer=34 | mean r=0.217
ACROSS-SPLIT-MULTITRAIN xglm_large | fROI=all | layer=35 | mean r=0.219
ACROSS-SPLIT-MULTITRAIN xglm_large | fROI=all | layer=36 | mean r=0.217
ACROSS-SPLIT-MULTITRAIN xglm_large | fROI=all | layer=37 | mean r=0.216
ACROSS-SPLIT-MULTITRAIN xglm_large | fROI=all | layer=38 | mean r=0.187
ACROSS-SPLIT-MULTITRAIN xglm_large | fROI=all | layer=39 | mean r=0.185
ACROSS-SPLIT-MULTITRAIN xglm_large | fROI=all | layer=40 | mean r=0.186
ACROSS-SPLIT-MULTITRAIN xglm_large | fROI=all | layer=41 | mean r=0.190
ACROSS-SPLIT-MULTITRAIN xglm_large | fROI=all | layer=42 | mean r=0.183
ACROSS-SPLIT-MULTITRAIN xglm_large | fROI=all | layer=43 | mean r=0.144
ACROSS-SPLIT-MULTITRAIN xglm_large | fROI=all | layer=44 | mean r=0.147
ACROSS-SPLIT-MULTITRAIN xglm_large | fROI=all | layer=45 | mean r=0.167
ACROSS-SPLIT-MULTITRAIN xglm_large | fROI=all | layer=46 | mean r=0.163
ACROSS-SPLIT-MULTITRAIN xglm_large | fROI=all | layer=47 | mean r=0.187
ACROSS-SPLIT-MULTITRAIN xglm_large | fROI=all | layer=48 | mean r=0.176


[ACROSS-SPLIT] Processing Lang_LH_AntTemp (1/6)
ACROSS-SPLIT-MULTITRAIN xglm_xl | fROI=Lang_LH_AntTemp | layer=0 | mean r=0.085
ACROSS-SPLIT-MULTITRAIN xglm_xl | fROI=Lang_LH_AntTemp | layer=1 | mean r=0.065
ACROSS-SPLIT-MULTITRAIN xglm_xl | fROI=Lang_LH_AntTemp | layer=2 | mean r=0.023
ACROSS-SPLIT-MULTITRAIN xglm_xl | fROI=Lang_LH_AntTemp | layer=3 | mean r=0.073
ACROSS-SPLIT-MULTITRAIN xglm_xl | fROI=Lang_LH_AntTemp | layer=4 | mean r=0.053
ACROSS-SPLIT-MULTITRAIN xglm_xl | fROI=Lang_LH_AntTemp | layer=5 | mean r=0.017
ACROSS-SPLIT-MULTITRAIN xglm_xl | fROI=Lang_LH_AntTemp | layer=6 | mean r=0.027
ACROSS-SPLIT-MULTITRAIN xglm_xl | fROI=Lang_LH_AntTemp | layer=7 | mean r=0.050
ACROSS-SPLIT-MULTITRAIN xglm_xl | fROI=Lang_LH_AntTemp | layer=8 | mean r=0.071
ACROSS-SPLIT-MULTITRAIN xglm_xl | fROI=Lang_LH_AntTemp | layer=9 | mean r=0.074
ACROSS-SPLIT-MULTITRAIN xglm_xl | fROI=Lang_LH_AntTemp | layer=10 | mean r=0.110
ACROSS-SPLIT-MULTITRAIN xglm_xl | fROI=Lang_LH_AntTemp | layer=11 | mean r=0.091
ACROSS-SPLIT-MULTITRAIN xglm_xl | fROI=Lang_LH_AntTemp | layer=12 | mean r=0.109
ACROSS-SPLIT-MULTITRAIN xglm_xl | fROI=Lang_LH_AntTemp | layer=13 | mean r=0.122
ACROSS-SPLIT-MULTITRAIN xglm_xl | fROI=Lang_LH_AntTemp | layer=14 | mean r=0.108
ACROSS-SPLIT-MULTITRAIN xglm_xl | fROI=Lang_LH_AntTemp | layer=15 | mean r=0.119
ACROSS-SPLIT-MULTITRAIN xglm_xl | fROI=Lang_LH_AntTemp | layer=16 | mean r=0.133
ACROSS-SPLIT-MULTITRAIN xglm_xl | fROI=Lang_LH_AntTemp | layer=17 | mean r=0.123
ACROSS-SPLIT-MULTITRAIN xglm_xl | fROI=Lang_LH_AntTemp | layer=18 | mean r=0.134
ACROSS-SPLIT-MULTITRAIN xglm_xl | fROI=Lang_LH_AntTemp | layer=19 | mean r=0.125
ACROSS-SPLIT-MULTITRAIN xglm_xl | fROI=Lang_LH_AntTemp | layer=20 | mean r=0.143
ACROSS-SPLIT-MULTITRAIN xglm_xl | fROI=Lang_LH_AntTemp | layer=21 | mean r=0.153
ACROSS-SPLIT-MULTITRAIN xglm_xl | fROI=Lang_LH_AntTemp | layer=22 | mean r=0.162
ACROSS-SPLIT-MULTITRAIN xglm_xl | fROI=Lang_LH_AntTemp | layer=23 | mean r=0.166
ACROSS-SPLIT-MULTITRAIN xglm_xl | fROI=Lang_LH_AntTemp | layer=24 | mean r=0.180
ACROSS-SPLIT-MULTITRAIN xglm_xl | fROI=Lang_LH_AntTemp | layer=25 | mean r=0.168
ACROSS-SPLIT-MULTITRAIN xglm_xl | fROI=Lang_LH_AntTemp | layer=26 | mean r=0.177
ACROSS-SPLIT-MULTITRAIN xglm_xl | fROI=Lang_LH_AntTemp | layer=27 | mean r=0.181
ACROSS-SPLIT-MULTITRAIN xglm_xl | fROI=Lang_LH_AntTemp | layer=28 | mean r=0.185
ACROSS-SPLIT-MULTITRAIN xglm_xl | fROI=Lang_LH_AntTemp | layer=29 | mean r=0.181
ACROSS-SPLIT-MULTITRAIN xglm_xl | fROI=Lang_LH_AntTemp | layer=30 | mean r=0.175
ACROSS-SPLIT-MULTITRAIN xglm_xl | fROI=Lang_LH_AntTemp | layer=31 | mean r=0.177
ACROSS-SPLIT-MULTITRAIN xglm_xl | fROI=Lang_LH_AntTemp | layer=32 | mean r=0.180
ACROSS-SPLIT-MULTITRAIN xglm_xl | fROI=Lang_LH_AntTemp | layer=33 | mean r=0.174
ACROSS-SPLIT-MULTITRAIN xglm_xl | fROI=Lang_LH_AntTemp | layer=34 | mean r=0.177
ACROSS-SPLIT-MULTITRAIN xglm_xl | fROI=Lang_LH_AntTemp | layer=35 | mean r=0.173
ACROSS-SPLIT-MULTITRAIN xglm_xl | fROI=Lang_LH_AntTemp | layer=36 | mean r=0.177
ACROSS-SPLIT-MULTITRAIN xglm_xl | fROI=Lang_LH_AntTemp | layer=37 | mean r=0.173
ACROSS-SPLIT-MULTITRAIN xglm_xl | fROI=Lang_LH_AntTemp | layer=38 | mean r=0.172
ACROSS-SPLIT-MULTITRAIN xglm_xl | fROI=Lang_LH_AntTemp | layer=39 | mean r=0.174
ACROSS-SPLIT-MULTITRAIN xglm_xl | fROI=Lang_LH_AntTemp | layer=40 | mean r=0.178
ACROSS-SPLIT-MULTITRAIN xglm_xl | fROI=Lang_LH_AntTemp | layer=41 | mean r=0.175
ACROSS-SPLIT-MULTITRAIN xglm_xl | fROI=Lang_LH_AntTemp | layer=42 | mean r=0.175
ACROSS-SPLIT-MULTITRAIN xglm_xl | fROI=Lang_LH_AntTemp | layer=43 | mean r=0.168
ACROSS-SPLIT-MULTITRAIN xglm_xl | fROI=Lang_LH_AntTemp | layer=44 | mean r=0.160
ACROSS-SPLIT-MULTITRAIN xglm_xl | fROI=Lang_LH_AntTemp | layer=45 | mean r=0.159
ACROSS-SPLIT-MULTITRAIN xglm_xl | fROI=Lang_LH_AntTemp | layer=46 | mean r=0.175
ACROSS-SPLIT-MULTITRAIN xglm_xl | fROI=Lang_LH_AntTemp | layer=47 | mean r=0.171
ACROSS-SPLIT-MULTITRAIN xglm_xl | fROI=Lang_LH_AntTemp | layer=48 | mean r=0.165


[ACROSS-SPLIT] Processing Lang_LH_IFG (2/6)
ACROSS-SPLIT-MULTITRAIN xglm_xl | fROI=Lang_LH_IFG | layer=0 | mean r=-0.001
ACROSS-SPLIT-MULTITRAIN xglm_xl | fROI=Lang_LH_IFG | layer=1 | mean r=-0.001
ACROSS-SPLIT-MULTITRAIN xglm_xl | fROI=Lang_LH_IFG | layer=2 | mean r=0.004
ACROSS-SPLIT-MULTITRAIN xglm_xl | fROI=Lang_LH_IFG | layer=3 | mean r=0.041
ACROSS-SPLIT-MULTITRAIN xglm_xl | fROI=Lang_LH_IFG | layer=4 | mean r=0.049
ACROSS-SPLIT-MULTITRAIN xglm_xl | fROI=Lang_LH_IFG | layer=5 | mean r=0.049
ACROSS-SPLIT-MULTITRAIN xglm_xl | fROI=Lang_LH_IFG | layer=6 | mean r=0.046
ACROSS-SPLIT-MULTITRAIN xglm_xl | fROI=Lang_LH_IFG | layer=7 | mean r=0.070
ACROSS-SPLIT-MULTITRAIN xglm_xl | fROI=Lang_LH_IFG | layer=8 | mean r=0.083
ACROSS-SPLIT-MULTITRAIN xglm_xl | fROI=Lang_LH_IFG | layer=9 | mean r=0.083
ACROSS-SPLIT-MULTITRAIN xglm_xl | fROI=Lang_LH_IFG | layer=10 | mean r=0.099
ACROSS-SPLIT-MULTITRAIN xglm_xl | fROI=Lang_LH_IFG | layer=11 | mean r=0.081
ACROSS-SPLIT-MULTITRAIN xglm_xl | fROI=Lang_LH_IFG | layer=12 | mean r=0.079
ACROSS-SPLIT-MULTITRAIN xglm_xl | fROI=Lang_LH_IFG | layer=13 | mean r=0.089
ACROSS-SPLIT-MULTITRAIN xglm_xl | fROI=Lang_LH_IFG | layer=14 | mean r=0.100
ACROSS-SPLIT-MULTITRAIN xglm_xl | fROI=Lang_LH_IFG | layer=15 | mean r=0.097
ACROSS-SPLIT-MULTITRAIN xglm_xl | fROI=Lang_LH_IFG | layer=16 | mean r=0.102
ACROSS-SPLIT-MULTITRAIN xglm_xl | fROI=Lang_LH_IFG | layer=17 | mean r=0.091
ACROSS-SPLIT-MULTITRAIN xglm_xl | fROI=Lang_LH_IFG | layer=18 | mean r=0.093
ACROSS-SPLIT-MULTITRAIN xglm_xl | fROI=Lang_LH_IFG | layer=19 | mean r=0.083
ACROSS-SPLIT-MULTITRAIN xglm_xl | fROI=Lang_LH_IFG | layer=20 | mean r=0.088
ACROSS-SPLIT-MULTITRAIN xglm_xl | fROI=Lang_LH_IFG | layer=21 | mean r=0.093
ACROSS-SPLIT-MULTITRAIN xglm_xl | fROI=Lang_LH_IFG | layer=22 | mean r=0.091
ACROSS-SPLIT-MULTITRAIN xglm_xl | fROI=Lang_LH_IFG | layer=23 | mean r=0.084
ACROSS-SPLIT-MULTITRAIN xglm_xl | fROI=Lang_LH_IFG | layer=24 | mean r=0.099
ACROSS-SPLIT-MULTITRAIN xglm_xl | fROI=Lang_LH_IFG | layer=25 | mean r=0.095
ACROSS-SPLIT-MULTITRAIN xglm_xl | fROI=Lang_LH_IFG | layer=26 | mean r=0.095
ACROSS-SPLIT-MULTITRAIN xglm_xl | fROI=Lang_LH_IFG | layer=27 | mean r=0.100
ACROSS-SPLIT-MULTITRAIN xglm_xl | fROI=Lang_LH_IFG | layer=28 | mean r=0.101
ACROSS-SPLIT-MULTITRAIN xglm_xl | fROI=Lang_LH_IFG | layer=29 | mean r=0.087
ACROSS-SPLIT-MULTITRAIN xglm_xl | fROI=Lang_LH_IFG | layer=30 | mean r=0.090
ACROSS-SPLIT-MULTITRAIN xglm_xl | fROI=Lang_LH_IFG | layer=31 | mean r=0.088
ACROSS-SPLIT-MULTITRAIN xglm_xl | fROI=Lang_LH_IFG | layer=32 | mean r=0.091
ACROSS-SPLIT-MULTITRAIN xglm_xl | fROI=Lang_LH_IFG | layer=33 | mean r=0.086
ACROSS-SPLIT-MULTITRAIN xglm_xl | fROI=Lang_LH_IFG | layer=34 | mean r=0.080
ACROSS-SPLIT-MULTITRAIN xglm_xl | fROI=Lang_LH_IFG | layer=35 | mean r=0.083
ACROSS-SPLIT-MULTITRAIN xglm_xl | fROI=Lang_LH_IFG | layer=36 | mean r=0.079
ACROSS-SPLIT-MULTITRAIN xglm_xl | fROI=Lang_LH_IFG | layer=37 | mean r=0.072
ACROSS-SPLIT-MULTITRAIN xglm_xl | fROI=Lang_LH_IFG | layer=38 | mean r=0.061
ACROSS-SPLIT-MULTITRAIN xglm_xl | fROI=Lang_LH_IFG | layer=39 | mean r=0.063
ACROSS-SPLIT-MULTITRAIN xglm_xl | fROI=Lang_LH_IFG | layer=40 | mean r=0.064
ACROSS-SPLIT-MULTITRAIN xglm_xl | fROI=Lang_LH_IFG | layer=41 | mean r=0.067
ACROSS-SPLIT-MULTITRAIN xglm_xl | fROI=Lang_LH_IFG | layer=42 | mean r=0.061
ACROSS-SPLIT-MULTITRAIN xglm_xl | fROI=Lang_LH_IFG | layer=43 | mean r=0.064
ACROSS-SPLIT-MULTITRAIN xglm_xl | fROI=Lang_LH_IFG | layer=44 | mean r=0.067
ACROSS-SPLIT-MULTITRAIN xglm_xl | fROI=Lang_LH_IFG | layer=45 | mean r=0.070
ACROSS-SPLIT-MULTITRAIN xglm_xl | fROI=Lang_LH_IFG | layer=46 | mean r=0.061
ACROSS-SPLIT-MULTITRAIN xglm_xl | fROI=Lang_LH_IFG | layer=47 | mean r=0.057
ACROSS-SPLIT-MULTITRAIN xglm_xl | fROI=Lang_LH_IFG | layer=48 | mean r=0.055


[ACROSS-SPLIT] Processing Lang_LH_IFGorb (3/6)
ACROSS-SPLIT-MULTITRAIN xglm_xl | fROI=Lang_LH_IFGorb | layer=0 | mean r=0.072
ACROSS-SPLIT-MULTITRAIN xglm_xl | fROI=Lang_LH_IFGorb | layer=1 | mean r=0.014
ACROSS-SPLIT-MULTITRAIN xglm_xl | fROI=Lang_LH_IFGorb | layer=2 | mean r=0.018
ACROSS-SPLIT-MULTITRAIN xglm_xl | fROI=Lang_LH_IFGorb | layer=3 | mean r=0.070
ACROSS-SPLIT-MULTITRAIN xglm_xl | fROI=Lang_LH_IFGorb | layer=4 | mean r=0.106
ACROSS-SPLIT-MULTITRAIN xglm_xl | fROI=Lang_LH_IFGorb | layer=5 | mean r=0.095
ACROSS-SPLIT-MULTITRAIN xglm_xl | fROI=Lang_LH_IFGorb | layer=6 | mean r=0.098
ACROSS-SPLIT-MULTITRAIN xglm_xl | fROI=Lang_LH_IFGorb | layer=7 | mean r=0.112
ACROSS-SPLIT-MULTITRAIN xglm_xl | fROI=Lang_LH_IFGorb | layer=8 | mean r=0.121
ACROSS-SPLIT-MULTITRAIN xglm_xl | fROI=Lang_LH_IFGorb | layer=9 | mean r=0.114
ACROSS-SPLIT-MULTITRAIN xglm_xl | fROI=Lang_LH_IFGorb | layer=10 | mean r=0.147
ACROSS-SPLIT-MULTITRAIN xglm_xl | fROI=Lang_LH_IFGorb | layer=11 | mean r=0.137
ACROSS-SPLIT-MULTITRAIN xglm_xl | fROI=Lang_LH_IFGorb | layer=12 | mean r=0.137
ACROSS-SPLIT-MULTITRAIN xglm_xl | fROI=Lang_LH_IFGorb | layer=13 | mean r=0.144
ACROSS-SPLIT-MULTITRAIN xglm_xl | fROI=Lang_LH_IFGorb | layer=14 | mean r=0.149
ACROSS-SPLIT-MULTITRAIN xglm_xl | fROI=Lang_LH_IFGorb | layer=15 | mean r=0.151
ACROSS-SPLIT-MULTITRAIN xglm_xl | fROI=Lang_LH_IFGorb | layer=16 | mean r=0.163
ACROSS-SPLIT-MULTITRAIN xglm_xl | fROI=Lang_LH_IFGorb | layer=17 | mean r=0.153
ACROSS-SPLIT-MULTITRAIN xglm_xl | fROI=Lang_LH_IFGorb | layer=18 | mean r=0.159
ACROSS-SPLIT-MULTITRAIN xglm_xl | fROI=Lang_LH_IFGorb | layer=19 | mean r=0.147
ACROSS-SPLIT-MULTITRAIN xglm_xl | fROI=Lang_LH_IFGorb | layer=20 | mean r=0.155
ACROSS-SPLIT-MULTITRAIN xglm_xl | fROI=Lang_LH_IFGorb | layer=21 | mean r=0.167
ACROSS-SPLIT-MULTITRAIN xglm_xl | fROI=Lang_LH_IFGorb | layer=22 | mean r=0.168
ACROSS-SPLIT-MULTITRAIN xglm_xl | fROI=Lang_LH_IFGorb | layer=23 | mean r=0.168
ACROSS-SPLIT-MULTITRAIN xglm_xl | fROI=Lang_LH_IFGorb | layer=24 | mean r=0.181
ACROSS-SPLIT-MULTITRAIN xglm_xl | fROI=Lang_LH_IFGorb | layer=25 | mean r=0.178
ACROSS-SPLIT-MULTITRAIN xglm_xl | fROI=Lang_LH_IFGorb | layer=26 | mean r=0.180
ACROSS-SPLIT-MULTITRAIN xglm_xl | fROI=Lang_LH_IFGorb | layer=27 | mean r=0.183
ACROSS-SPLIT-MULTITRAIN xglm_xl | fROI=Lang_LH_IFGorb | layer=28 | mean r=0.187
ACROSS-SPLIT-MULTITRAIN xglm_xl | fROI=Lang_LH_IFGorb | layer=29 | mean r=0.182
ACROSS-SPLIT-MULTITRAIN xglm_xl | fROI=Lang_LH_IFGorb | layer=30 | mean r=0.190
ACROSS-SPLIT-MULTITRAIN xglm_xl | fROI=Lang_LH_IFGorb | layer=31 | mean r=0.191
ACROSS-SPLIT-MULTITRAIN xglm_xl | fROI=Lang_LH_IFGorb | layer=32 | mean r=0.191
ACROSS-SPLIT-MULTITRAIN xglm_xl | fROI=Lang_LH_IFGorb | layer=33 | mean r=0.174
ACROSS-SPLIT-MULTITRAIN xglm_xl | fROI=Lang_LH_IFGorb | layer=34 | mean r=0.172
ACROSS-SPLIT-MULTITRAIN xglm_xl | fROI=Lang_LH_IFGorb | layer=35 | mean r=0.170
ACROSS-SPLIT-MULTITRAIN xglm_xl | fROI=Lang_LH_IFGorb | layer=36 | mean r=0.166
ACROSS-SPLIT-MULTITRAIN xglm_xl | fROI=Lang_LH_IFGorb | layer=37 | mean r=0.162
ACROSS-SPLIT-MULTITRAIN xglm_xl | fROI=Lang_LH_IFGorb | layer=38 | mean r=0.157
ACROSS-SPLIT-MULTITRAIN xglm_xl | fROI=Lang_LH_IFGorb | layer=39 | mean r=0.161
ACROSS-SPLIT-MULTITRAIN xglm_xl | fROI=Lang_LH_IFGorb | layer=40 | mean r=0.170
ACROSS-SPLIT-MULTITRAIN xglm_xl | fROI=Lang_LH_IFGorb | layer=41 | mean r=0.165
ACROSS-SPLIT-MULTITRAIN xglm_xl | fROI=Lang_LH_IFGorb | layer=42 | mean r=0.164
ACROSS-SPLIT-MULTITRAIN xglm_xl | fROI=Lang_LH_IFGorb | layer=43 | mean r=0.165
ACROSS-SPLIT-MULTITRAIN xglm_xl | fROI=Lang_LH_IFGorb | layer=44 | mean r=0.166
ACROSS-SPLIT-MULTITRAIN xglm_xl | fROI=Lang_LH_IFGorb | layer=45 | mean r=0.167
ACROSS-SPLIT-MULTITRAIN xglm_xl | fROI=Lang_LH_IFGorb | layer=46 | mean r=0.165
ACROSS-SPLIT-MULTITRAIN xglm_xl | fROI=Lang_LH_IFGorb | layer=47 | mean r=0.163
ACROSS-SPLIT-MULTITRAIN xglm_xl | fROI=Lang_LH_IFGorb | layer=48 | mean r=0.157


[ACROSS-SPLIT] Processing Lang_LH_MFG (4/6)
ACROSS-SPLIT-MULTITRAIN xglm_xl | fROI=Lang_LH_MFG | layer=0 | mean r=0.093
ACROSS-SPLIT-MULTITRAIN xglm_xl | fROI=Lang_LH_MFG | layer=1 | mean r=0.110
ACROSS-SPLIT-MULTITRAIN xglm_xl | fROI=Lang_LH_MFG | layer=2 | mean r=0.084
ACROSS-SPLIT-MULTITRAIN xglm_xl | fROI=Lang_LH_MFG | layer=3 | mean r=0.108
ACROSS-SPLIT-MULTITRAIN xglm_xl | fROI=Lang_LH_MFG | layer=4 | mean r=0.096
ACROSS-SPLIT-MULTITRAIN xglm_xl | fROI=Lang_LH_MFG | layer=5 | mean r=0.096
ACROSS-SPLIT-MULTITRAIN xglm_xl | fROI=Lang_LH_MFG | layer=6 | mean r=0.103
ACROSS-SPLIT-MULTITRAIN xglm_xl | fROI=Lang_LH_MFG | layer=7 | mean r=0.117
ACROSS-SPLIT-MULTITRAIN xglm_xl | fROI=Lang_LH_MFG | layer=8 | mean r=0.131
ACROSS-SPLIT-MULTITRAIN xglm_xl | fROI=Lang_LH_MFG | layer=9 | mean r=0.141
ACROSS-SPLIT-MULTITRAIN xglm_xl | fROI=Lang_LH_MFG | layer=10 | mean r=0.161
ACROSS-SPLIT-MULTITRAIN xglm_xl | fROI=Lang_LH_MFG | layer=11 | mean r=0.159
ACROSS-SPLIT-MULTITRAIN xglm_xl | fROI=Lang_LH_MFG | layer=12 | mean r=0.160
ACROSS-SPLIT-MULTITRAIN xglm_xl | fROI=Lang_LH_MFG | layer=13 | mean r=0.182
ACROSS-SPLIT-MULTITRAIN xglm_xl | fROI=Lang_LH_MFG | layer=14 | mean r=0.196
ACROSS-SPLIT-MULTITRAIN xglm_xl | fROI=Lang_LH_MFG | layer=15 | mean r=0.208
ACROSS-SPLIT-MULTITRAIN xglm_xl | fROI=Lang_LH_MFG | layer=16 | mean r=0.213
ACROSS-SPLIT-MULTITRAIN xglm_xl | fROI=Lang_LH_MFG | layer=17 | mean r=0.207
ACROSS-SPLIT-MULTITRAIN xglm_xl | fROI=Lang_LH_MFG | layer=18 | mean r=0.210
ACROSS-SPLIT-MULTITRAIN xglm_xl | fROI=Lang_LH_MFG | layer=19 | mean r=0.207
ACROSS-SPLIT-MULTITRAIN xglm_xl | fROI=Lang_LH_MFG | layer=20 | mean r=0.222
ACROSS-SPLIT-MULTITRAIN xglm_xl | fROI=Lang_LH_MFG | layer=21 | mean r=0.228
ACROSS-SPLIT-MULTITRAIN xglm_xl | fROI=Lang_LH_MFG | layer=22 | mean r=0.222
ACROSS-SPLIT-MULTITRAIN xglm_xl | fROI=Lang_LH_MFG | layer=23 | mean r=0.213
ACROSS-SPLIT-MULTITRAIN xglm_xl | fROI=Lang_LH_MFG | layer=24 | mean r=0.223
ACROSS-SPLIT-MULTITRAIN xglm_xl | fROI=Lang_LH_MFG | layer=25 | mean r=0.227
ACROSS-SPLIT-MULTITRAIN xglm_xl | fROI=Lang_LH_MFG | layer=26 | mean r=0.226
ACROSS-SPLIT-MULTITRAIN xglm_xl | fROI=Lang_LH_MFG | layer=27 | mean r=0.232
ACROSS-SPLIT-MULTITRAIN xglm_xl | fROI=Lang_LH_MFG | layer=28 | mean r=0.231
ACROSS-SPLIT-MULTITRAIN xglm_xl | fROI=Lang_LH_MFG | layer=29 | mean r=0.223
ACROSS-SPLIT-MULTITRAIN xglm_xl | fROI=Lang_LH_MFG | layer=30 | mean r=0.226
ACROSS-SPLIT-MULTITRAIN xglm_xl | fROI=Lang_LH_MFG | layer=31 | mean r=0.228
ACROSS-SPLIT-MULTITRAIN xglm_xl | fROI=Lang_LH_MFG | layer=32 | mean r=0.232
ACROSS-SPLIT-MULTITRAIN xglm_xl | fROI=Lang_LH_MFG | layer=33 | mean r=0.235
ACROSS-SPLIT-MULTITRAIN xglm_xl | fROI=Lang_LH_MFG | layer=34 | mean r=0.232
ACROSS-SPLIT-MULTITRAIN xglm_xl | fROI=Lang_LH_MFG | layer=35 | mean r=0.236
ACROSS-SPLIT-MULTITRAIN xglm_xl | fROI=Lang_LH_MFG | layer=36 | mean r=0.230
ACROSS-SPLIT-MULTITRAIN xglm_xl | fROI=Lang_LH_MFG | layer=37 | mean r=0.226
ACROSS-SPLIT-MULTITRAIN xglm_xl | fROI=Lang_LH_MFG | layer=38 | mean r=0.219
ACROSS-SPLIT-MULTITRAIN xglm_xl | fROI=Lang_LH_MFG | layer=39 | mean r=0.219
ACROSS-SPLIT-MULTITRAIN xglm_xl | fROI=Lang_LH_MFG | layer=40 | mean r=0.218
ACROSS-SPLIT-MULTITRAIN xglm_xl | fROI=Lang_LH_MFG | layer=41 | mean r=0.215
ACROSS-SPLIT-MULTITRAIN xglm_xl | fROI=Lang_LH_MFG | layer=42 | mean r=0.212
ACROSS-SPLIT-MULTITRAIN xglm_xl | fROI=Lang_LH_MFG | layer=43 | mean r=0.212
ACROSS-SPLIT-MULTITRAIN xglm_xl | fROI=Lang_LH_MFG | layer=44 | mean r=0.210
ACROSS-SPLIT-MULTITRAIN xglm_xl | fROI=Lang_LH_MFG | layer=45 | mean r=0.207
ACROSS-SPLIT-MULTITRAIN xglm_xl | fROI=Lang_LH_MFG | layer=46 | mean r=0.199
ACROSS-SPLIT-MULTITRAIN xglm_xl | fROI=Lang_LH_MFG | layer=47 | mean r=0.195
ACROSS-SPLIT-MULTITRAIN xglm_xl | fROI=Lang_LH_MFG | layer=48 | mean r=0.193


[ACROSS-SPLIT] Processing Lang_LH_PostTemp (5/6)
ACROSS-SPLIT-MULTITRAIN xglm_xl | fROI=Lang_LH_PostTemp | layer=0 | mean r=0.124
ACROSS-SPLIT-MULTITRAIN xglm_xl | fROI=Lang_LH_PostTemp | layer=1 | mean r=0.128
ACROSS-SPLIT-MULTITRAIN xglm_xl | fROI=Lang_LH_PostTemp | layer=2 | mean r=0.112
ACROSS-SPLIT-MULTITRAIN xglm_xl | fROI=Lang_LH_PostTemp | layer=3 | mean r=0.142
ACROSS-SPLIT-MULTITRAIN xglm_xl | fROI=Lang_LH_PostTemp | layer=4 | mean r=0.159
ACROSS-SPLIT-MULTITRAIN xglm_xl | fROI=Lang_LH_PostTemp | layer=5 | mean r=0.150
ACROSS-SPLIT-MULTITRAIN xglm_xl | fROI=Lang_LH_PostTemp | layer=6 | mean r=0.149
ACROSS-SPLIT-MULTITRAIN xglm_xl | fROI=Lang_LH_PostTemp | layer=7 | mean r=0.176
ACROSS-SPLIT-MULTITRAIN xglm_xl | fROI=Lang_LH_PostTemp | layer=8 | mean r=0.187
ACROSS-SPLIT-MULTITRAIN xglm_xl | fROI=Lang_LH_PostTemp | layer=9 | mean r=0.196
ACROSS-SPLIT-MULTITRAIN xglm_xl | fROI=Lang_LH_PostTemp | layer=10 | mean r=0.219
ACROSS-SPLIT-MULTITRAIN xglm_xl | fROI=Lang_LH_PostTemp | layer=11 | mean r=0.211
ACROSS-SPLIT-MULTITRAIN xglm_xl | fROI=Lang_LH_PostTemp | layer=12 | mean r=0.218
ACROSS-SPLIT-MULTITRAIN xglm_xl | fROI=Lang_LH_PostTemp | layer=13 | mean r=0.224
ACROSS-SPLIT-MULTITRAIN xglm_xl | fROI=Lang_LH_PostTemp | layer=14 | mean r=0.234
ACROSS-SPLIT-MULTITRAIN xglm_xl | fROI=Lang_LH_PostTemp | layer=15 | mean r=0.238
ACROSS-SPLIT-MULTITRAIN xglm_xl | fROI=Lang_LH_PostTemp | layer=16 | mean r=0.247
ACROSS-SPLIT-MULTITRAIN xglm_xl | fROI=Lang_LH_PostTemp | layer=17 | mean r=0.241
ACROSS-SPLIT-MULTITRAIN xglm_xl | fROI=Lang_LH_PostTemp | layer=18 | mean r=0.244
ACROSS-SPLIT-MULTITRAIN xglm_xl | fROI=Lang_LH_PostTemp | layer=19 | mean r=0.233
ACROSS-SPLIT-MULTITRAIN xglm_xl | fROI=Lang_LH_PostTemp | layer=20 | mean r=0.245
ACROSS-SPLIT-MULTITRAIN xglm_xl | fROI=Lang_LH_PostTemp | layer=21 | mean r=0.247
ACROSS-SPLIT-MULTITRAIN xglm_xl | fROI=Lang_LH_PostTemp | layer=22 | mean r=0.250
ACROSS-SPLIT-MULTITRAIN xglm_xl | fROI=Lang_LH_PostTemp | layer=23 | mean r=0.250
ACROSS-SPLIT-MULTITRAIN xglm_xl | fROI=Lang_LH_PostTemp | layer=24 | mean r=0.261
ACROSS-SPLIT-MULTITRAIN xglm_xl | fROI=Lang_LH_PostTemp | layer=25 | mean r=0.256
ACROSS-SPLIT-MULTITRAIN xglm_xl | fROI=Lang_LH_PostTemp | layer=26 | mean r=0.259
ACROSS-SPLIT-MULTITRAIN xglm_xl | fROI=Lang_LH_PostTemp | layer=27 | mean r=0.268
ACROSS-SPLIT-MULTITRAIN xglm_xl | fROI=Lang_LH_PostTemp | layer=28 | mean r=0.269
ACROSS-SPLIT-MULTITRAIN xglm_xl | fROI=Lang_LH_PostTemp | layer=29 | mean r=0.263
ACROSS-SPLIT-MULTITRAIN xglm_xl | fROI=Lang_LH_PostTemp | layer=30 | mean r=0.266
ACROSS-SPLIT-MULTITRAIN xglm_xl | fROI=Lang_LH_PostTemp | layer=31 | mean r=0.265
ACROSS-SPLIT-MULTITRAIN xglm_xl | fROI=Lang_LH_PostTemp | layer=32 | mean r=0.267
ACROSS-SPLIT-MULTITRAIN xglm_xl | fROI=Lang_LH_PostTemp | layer=33 | mean r=0.269
ACROSS-SPLIT-MULTITRAIN xglm_xl | fROI=Lang_LH_PostTemp | layer=34 | mean r=0.266
ACROSS-SPLIT-MULTITRAIN xglm_xl | fROI=Lang_LH_PostTemp | layer=35 | mean r=0.269
ACROSS-SPLIT-MULTITRAIN xglm_xl | fROI=Lang_LH_PostTemp | layer=36 | mean r=0.263
ACROSS-SPLIT-MULTITRAIN xglm_xl | fROI=Lang_LH_PostTemp | layer=37 | mean r=0.258
ACROSS-SPLIT-MULTITRAIN xglm_xl | fROI=Lang_LH_PostTemp | layer=38 | mean r=0.254
ACROSS-SPLIT-MULTITRAIN xglm_xl | fROI=Lang_LH_PostTemp | layer=39 | mean r=0.254
ACROSS-SPLIT-MULTITRAIN xglm_xl | fROI=Lang_LH_PostTemp | layer=40 | mean r=0.256
ACROSS-SPLIT-MULTITRAIN xglm_xl | fROI=Lang_LH_PostTemp | layer=41 | mean r=0.256
ACROSS-SPLIT-MULTITRAIN xglm_xl | fROI=Lang_LH_PostTemp | layer=42 | mean r=0.257
ACROSS-SPLIT-MULTITRAIN xglm_xl | fROI=Lang_LH_PostTemp | layer=43 | mean r=0.255
ACROSS-SPLIT-MULTITRAIN xglm_xl | fROI=Lang_LH_PostTemp | layer=44 | mean r=0.254
ACROSS-SPLIT-MULTITRAIN xglm_xl | fROI=Lang_LH_PostTemp | layer=45 | mean r=0.251
ACROSS-SPLIT-MULTITRAIN xglm_xl | fROI=Lang_LH_PostTemp | layer=46 | mean r=0.246
ACROSS-SPLIT-MULTITRAIN xglm_xl | fROI=Lang_LH_PostTemp | layer=47 | mean r=0.243
ACROSS-SPLIT-MULTITRAIN xglm_xl | fROI=Lang_LH_PostTemp | layer=48 | mean r=0.242


[ACROSS-SPLIT] Processing all (6/6)
ACROSS-SPLIT-MULTITRAIN xglm_xl | fROI=all | layer=0 | mean r=0.057
ACROSS-SPLIT-MULTITRAIN xglm_xl | fROI=all | layer=1 | mean r=0.051
ACROSS-SPLIT-MULTITRAIN xglm_xl | fROI=all | layer=2 | mean r=0.032
ACROSS-SPLIT-MULTITRAIN xglm_xl | fROI=all | layer=3 | mean r=0.080
ACROSS-SPLIT-MULTITRAIN xglm_xl | fROI=all | layer=4 | mean r=0.099
ACROSS-SPLIT-MULTITRAIN xglm_xl | fROI=all | layer=5 | mean r=0.080
ACROSS-SPLIT-MULTITRAIN xglm_xl | fROI=all | layer=6 | mean r=0.082
ACROSS-SPLIT-MULTITRAIN xglm_xl | fROI=all | layer=7 | mean r=0.103
ACROSS-SPLIT-MULTITRAIN xglm_xl | fROI=all | layer=8 | mean r=0.118
ACROSS-SPLIT-MULTITRAIN xglm_xl | fROI=all | layer=9 | mean r=0.130
ACROSS-SPLIT-MULTITRAIN xglm_xl | fROI=all | layer=10 | mean r=0.154
ACROSS-SPLIT-MULTITRAIN xglm_xl | fROI=all | layer=11 | mean r=0.139
ACROSS-SPLIT-MULTITRAIN xglm_xl | fROI=all | layer=12 | mean r=0.147
ACROSS-SPLIT-MULTITRAIN xglm_xl | fROI=all | layer=13 | mean r=0.175
ACROSS-SPLIT-MULTITRAIN xglm_xl | fROI=all | layer=14 | mean r=0.184
ACROSS-SPLIT-MULTITRAIN xglm_xl | fROI=all | layer=15 | mean r=0.188
ACROSS-SPLIT-MULTITRAIN xglm_xl | fROI=all | layer=16 | mean r=0.196
ACROSS-SPLIT-MULTITRAIN xglm_xl | fROI=all | layer=17 | mean r=0.187
ACROSS-SPLIT-MULTITRAIN xglm_xl | fROI=all | layer=18 | mean r=0.192
ACROSS-SPLIT-MULTITRAIN xglm_xl | fROI=all | layer=19 | mean r=0.182
ACROSS-SPLIT-MULTITRAIN xglm_xl | fROI=all | layer=20 | mean r=0.194
ACROSS-SPLIT-MULTITRAIN xglm_xl | fROI=all | layer=21 | mean r=0.201
ACROSS-SPLIT-MULTITRAIN xglm_xl | fROI=all | layer=22 | mean r=0.200
ACROSS-SPLIT-MULTITRAIN xglm_xl | fROI=all | layer=23 | mean r=0.197
ACROSS-SPLIT-MULTITRAIN xglm_xl | fROI=all | layer=24 | mean r=0.213
ACROSS-SPLIT-MULTITRAIN xglm_xl | fROI=all | layer=25 | mean r=0.209
ACROSS-SPLIT-MULTITRAIN xglm_xl | fROI=all | layer=26 | mean r=0.211
ACROSS-SPLIT-MULTITRAIN xglm_xl | fROI=all | layer=27 | mean r=0.219
ACROSS-SPLIT-MULTITRAIN xglm_xl | fROI=all | layer=28 | mean r=0.220
ACROSS-SPLIT-MULTITRAIN xglm_xl | fROI=all | layer=29 | mean r=0.210
ACROSS-SPLIT-MULTITRAIN xglm_xl | fROI=all | layer=30 | mean r=0.216
ACROSS-SPLIT-MULTITRAIN xglm_xl | fROI=all | layer=31 | mean r=0.215
ACROSS-SPLIT-MULTITRAIN xglm_xl | fROI=all | layer=32 | mean r=0.219
ACROSS-SPLIT-MULTITRAIN xglm_xl | fROI=all | layer=33 | mean r=0.219
ACROSS-SPLIT-MULTITRAIN xglm_xl | fROI=all | layer=34 | mean r=0.215
ACROSS-SPLIT-MULTITRAIN xglm_xl | fROI=all | layer=35 | mean r=0.217
ACROSS-SPLIT-MULTITRAIN xglm_xl | fROI=all | layer=36 | mean r=0.210
ACROSS-SPLIT-MULTITRAIN xglm_xl | fROI=all | layer=37 | mean r=0.209
ACROSS-SPLIT-MULTITRAIN xglm_xl | fROI=all | layer=38 | mean r=0.205
ACROSS-SPLIT-MULTITRAIN xglm_xl | fROI=all | layer=39 | mean r=0.208
ACROSS-SPLIT-MULTITRAIN xglm_xl | fROI=all | layer=40 | mean r=0.210
ACROSS-SPLIT-MULTITRAIN xglm_xl | fROI=all | layer=41 | mean r=0.214
ACROSS-SPLIT-MULTITRAIN xglm_xl | fROI=all | layer=42 | mean r=0.199
ACROSS-SPLIT-MULTITRAIN xglm_xl | fROI=all | layer=43 | mean r=0.205
ACROSS-SPLIT-MULTITRAIN xglm_xl | fROI=all | layer=44 | mean r=0.196
ACROSS-SPLIT-MULTITRAIN xglm_xl | fROI=all | layer=45 | mean r=0.174
ACROSS-SPLIT-MULTITRAIN xglm_xl | fROI=all | layer=46 | mean r=0.167
ACROSS-SPLIT-MULTITRAIN xglm_xl | fROI=all | layer=47 | mean r=0.160
ACROSS-SPLIT-MULTITRAIN xglm_xl | fROI=all | layer=48 | mean r=0.166


[ACROSS-SPLIT] Processing Lang_LH_AntTemp (1/6)
/home/devar_ag/.conda/envs/reasoning-models/lib/python3.10/site-packages/himalaya/backend/_utils.py:138: UserWarning: GPU backend torch_cuda is much faster with single precision floats (float32), got input in torch.float64. Consider casting your data to float32.
  warnings.warn(
ACROSS-SPLIT-MULTITRAIN bert_base | fROI=Lang_LH_AntTemp | layer=0 | mean r=0.061
ACROSS-SPLIT-MULTITRAIN bert_base | fROI=Lang_LH_AntTemp | layer=1 | mean r=0.122
ACROSS-SPLIT-MULTITRAIN bert_base | fROI=Lang_LH_AntTemp | layer=2 | mean r=0.141
ACROSS-SPLIT-MULTITRAIN bert_base | fROI=Lang_LH_AntTemp | layer=3 | mean r=0.166
ACROSS-SPLIT-MULTITRAIN bert_base | fROI=Lang_LH_AntTemp | layer=4 | mean r=0.187
ACROSS-SPLIT-MULTITRAIN bert_base | fROI=Lang_LH_AntTemp | layer=5 | mean r=0.206
ACROSS-SPLIT-MULTITRAIN bert_base | fROI=Lang_LH_AntTemp | layer=6 | mean r=0.191
ACROSS-SPLIT-MULTITRAIN bert_base | fROI=Lang_LH_AntTemp | layer=7 | mean r=0.177
ACROSS-SPLIT-MULTITRAIN bert_base | fROI=Lang_LH_AntTemp | layer=8 | mean r=0.160
ACROSS-SPLIT-MULTITRAIN bert_base | fROI=Lang_LH_AntTemp | layer=9 | mean r=0.185
ACROSS-SPLIT-MULTITRAIN bert_base | fROI=Lang_LH_AntTemp | layer=10 | mean r=0.177
ACROSS-SPLIT-MULTITRAIN bert_base | fROI=Lang_LH_AntTemp | layer=11 | mean r=0.167
ACROSS-SPLIT-MULTITRAIN bert_base | fROI=Lang_LH_AntTemp | layer=12 | mean r=0.160


[ACROSS-SPLIT] Processing Lang_LH_IFG (2/6)
ACROSS-SPLIT-MULTITRAIN bert_base | fROI=Lang_LH_IFG | layer=0 | mean r=0.037
ACROSS-SPLIT-MULTITRAIN bert_base | fROI=Lang_LH_IFG | layer=1 | mean r=0.049
ACROSS-SPLIT-MULTITRAIN bert_base | fROI=Lang_LH_IFG | layer=2 | mean r=0.062
ACROSS-SPLIT-MULTITRAIN bert_base | fROI=Lang_LH_IFG | layer=3 | mean r=0.075
ACROSS-SPLIT-MULTITRAIN bert_base | fROI=Lang_LH_IFG | layer=4 | mean r=0.089
ACROSS-SPLIT-MULTITRAIN bert_base | fROI=Lang_LH_IFG | layer=5 | mean r=0.099
ACROSS-SPLIT-MULTITRAIN bert_base | fROI=Lang_LH_IFG | layer=6 | mean r=0.093
ACROSS-SPLIT-MULTITRAIN bert_base | fROI=Lang_LH_IFG | layer=7 | mean r=0.096
ACROSS-SPLIT-MULTITRAIN bert_base | fROI=Lang_LH_IFG | layer=8 | mean r=0.084
ACROSS-SPLIT-MULTITRAIN bert_base | fROI=Lang_LH_IFG | layer=9 | mean r=0.097
ACROSS-SPLIT-MULTITRAIN bert_base | fROI=Lang_LH_IFG | layer=10 | mean r=0.077
ACROSS-SPLIT-MULTITRAIN bert_base | fROI=Lang_LH_IFG | layer=11 | mean r=0.073
ACROSS-SPLIT-MULTITRAIN bert_base | fROI=Lang_LH_IFG | layer=12 | mean r=0.049


[ACROSS-SPLIT] Processing Lang_LH_IFGorb (3/6)
ACROSS-SPLIT-MULTITRAIN bert_base | fROI=Lang_LH_IFGorb | layer=0 | mean r=0.073
ACROSS-SPLIT-MULTITRAIN bert_base | fROI=Lang_LH_IFGorb | layer=1 | mean r=0.097
ACROSS-SPLIT-MULTITRAIN bert_base | fROI=Lang_LH_IFGorb | layer=2 | mean r=0.127
ACROSS-SPLIT-MULTITRAIN bert_base | fROI=Lang_LH_IFGorb | layer=3 | mean r=0.137
ACROSS-SPLIT-MULTITRAIN bert_base | fROI=Lang_LH_IFGorb | layer=4 | mean r=0.153
ACROSS-SPLIT-MULTITRAIN bert_base | fROI=Lang_LH_IFGorb | layer=5 | mean r=0.179
ACROSS-SPLIT-MULTITRAIN bert_base | fROI=Lang_LH_IFGorb | layer=6 | mean r=0.194
ACROSS-SPLIT-MULTITRAIN bert_base | fROI=Lang_LH_IFGorb | layer=7 | mean r=0.186
ACROSS-SPLIT-MULTITRAIN bert_base | fROI=Lang_LH_IFGorb | layer=8 | mean r=0.193
ACROSS-SPLIT-MULTITRAIN bert_base | fROI=Lang_LH_IFGorb | layer=9 | mean r=0.204
ACROSS-SPLIT-MULTITRAIN bert_base | fROI=Lang_LH_IFGorb | layer=10 | mean r=0.185
ACROSS-SPLIT-MULTITRAIN bert_base | fROI=Lang_LH_IFGorb | layer=11 | mean r=0.173
ACROSS-SPLIT-MULTITRAIN bert_base | fROI=Lang_LH_IFGorb | layer=12 | mean r=0.133


[ACROSS-SPLIT] Processing Lang_LH_MFG (4/6)
ACROSS-SPLIT-MULTITRAIN bert_base | fROI=Lang_LH_MFG | layer=0 | mean r=0.062
ACROSS-SPLIT-MULTITRAIN bert_base | fROI=Lang_LH_MFG | layer=1 | mean r=0.069
ACROSS-SPLIT-MULTITRAIN bert_base | fROI=Lang_LH_MFG | layer=2 | mean r=0.089
ACROSS-SPLIT-MULTITRAIN bert_base | fROI=Lang_LH_MFG | layer=3 | mean r=0.122
ACROSS-SPLIT-MULTITRAIN bert_base | fROI=Lang_LH_MFG | layer=4 | mean r=0.136
ACROSS-SPLIT-MULTITRAIN bert_base | fROI=Lang_LH_MFG | layer=5 | mean r=0.141
ACROSS-SPLIT-MULTITRAIN bert_base | fROI=Lang_LH_MFG | layer=6 | mean r=0.124
ACROSS-SPLIT-MULTITRAIN bert_base | fROI=Lang_LH_MFG | layer=7 | mean r=0.131
ACROSS-SPLIT-MULTITRAIN bert_base | fROI=Lang_LH_MFG | layer=8 | mean r=0.108
ACROSS-SPLIT-MULTITRAIN bert_base | fROI=Lang_LH_MFG | layer=9 | mean r=0.104
ACROSS-SPLIT-MULTITRAIN bert_base | fROI=Lang_LH_MFG | layer=10 | mean r=0.101
ACROSS-SPLIT-MULTITRAIN bert_base | fROI=Lang_LH_MFG | layer=11 | mean r=0.092
ACROSS-SPLIT-MULTITRAIN bert_base | fROI=Lang_LH_MFG | layer=12 | mean r=0.062


[ACROSS-SPLIT] Processing Lang_LH_PostTemp (5/6)
ACROSS-SPLIT-MULTITRAIN bert_base | fROI=Lang_LH_PostTemp | layer=0 | mean r=0.046
ACROSS-SPLIT-MULTITRAIN bert_base | fROI=Lang_LH_PostTemp | layer=1 | mean r=0.098
ACROSS-SPLIT-MULTITRAIN bert_base | fROI=Lang_LH_PostTemp | layer=2 | mean r=0.122
ACROSS-SPLIT-MULTITRAIN bert_base | fROI=Lang_LH_PostTemp | layer=3 | mean r=0.164
ACROSS-SPLIT-MULTITRAIN bert_base | fROI=Lang_LH_PostTemp | layer=4 | mean r=0.185
ACROSS-SPLIT-MULTITRAIN bert_base | fROI=Lang_LH_PostTemp | layer=5 | mean r=0.230
ACROSS-SPLIT-MULTITRAIN bert_base | fROI=Lang_LH_PostTemp | layer=6 | mean r=0.241
ACROSS-SPLIT-MULTITRAIN bert_base | fROI=Lang_LH_PostTemp | layer=7 | mean r=0.227
ACROSS-SPLIT-MULTITRAIN bert_base | fROI=Lang_LH_PostTemp | layer=8 | mean r=0.226
ACROSS-SPLIT-MULTITRAIN bert_base | fROI=Lang_LH_PostTemp | layer=9 | mean r=0.234
ACROSS-SPLIT-MULTITRAIN bert_base | fROI=Lang_LH_PostTemp | layer=10 | mean r=0.223
ACROSS-SPLIT-MULTITRAIN bert_base | fROI=Lang_LH_PostTemp | layer=11 | mean r=0.225
ACROSS-SPLIT-MULTITRAIN bert_base | fROI=Lang_LH_PostTemp | layer=12 | mean r=0.211


[ACROSS-SPLIT] Processing all (6/6)
ACROSS-SPLIT-MULTITRAIN bert_base | fROI=all | layer=0 | mean r=0.047
ACROSS-SPLIT-MULTITRAIN bert_base | fROI=all | layer=1 | mean r=0.095
ACROSS-SPLIT-MULTITRAIN bert_base | fROI=all | layer=2 | mean r=0.114
ACROSS-SPLIT-MULTITRAIN bert_base | fROI=all | layer=3 | mean r=0.142
ACROSS-SPLIT-MULTITRAIN bert_base | fROI=all | layer=4 | mean r=0.156
ACROSS-SPLIT-MULTITRAIN bert_base | fROI=all | layer=5 | mean r=0.161
ACROSS-SPLIT-MULTITRAIN bert_base | fROI=all | layer=6 | mean r=0.173
ACROSS-SPLIT-MULTITRAIN bert_base | fROI=all | layer=7 | mean r=0.173
ACROSS-SPLIT-MULTITRAIN bert_base | fROI=all | layer=8 | mean r=0.182
ACROSS-SPLIT-MULTITRAIN bert_base | fROI=all | layer=9 | mean r=0.199
ACROSS-SPLIT-MULTITRAIN bert_base | fROI=all | layer=10 | mean r=0.170
ACROSS-SPLIT-MULTITRAIN bert_base | fROI=all | layer=11 | mean r=0.161
ACROSS-SPLIT-MULTITRAIN bert_base | fROI=all | layer=12 | mean r=0.124


[ACROSS-SPLIT] Processing Lang_LH_AntTemp (1/6)
ACROSS-SPLIT-MULTITRAIN distilmbert | fROI=Lang_LH_AntTemp | layer=0 | mean r=0.035
ACROSS-SPLIT-MULTITRAIN distilmbert | fROI=Lang_LH_AntTemp | layer=1 | mean r=0.054
ACROSS-SPLIT-MULTITRAIN distilmbert | fROI=Lang_LH_AntTemp | layer=2 | mean r=0.086
ACROSS-SPLIT-MULTITRAIN distilmbert | fROI=Lang_LH_AntTemp | layer=3 | mean r=0.088
ACROSS-SPLIT-MULTITRAIN distilmbert | fROI=Lang_LH_AntTemp | layer=4 | mean r=0.117
ACROSS-SPLIT-MULTITRAIN distilmbert | fROI=Lang_LH_AntTemp | layer=5 | mean r=0.114
ACROSS-SPLIT-MULTITRAIN distilmbert | fROI=Lang_LH_AntTemp | layer=6 | mean r=0.162


[ACROSS-SPLIT] Processing Lang_LH_IFG (2/6)
ACROSS-SPLIT-MULTITRAIN distilmbert | fROI=Lang_LH_IFG | layer=0 | mean r=0.023
ACROSS-SPLIT-MULTITRAIN distilmbert | fROI=Lang_LH_IFG | layer=1 | mean r=0.049
ACROSS-SPLIT-MULTITRAIN distilmbert | fROI=Lang_LH_IFG | layer=2 | mean r=0.070
ACROSS-SPLIT-MULTITRAIN distilmbert | fROI=Lang_LH_IFG | layer=3 | mean r=0.101
ACROSS-SPLIT-MULTITRAIN distilmbert | fROI=Lang_LH_IFG | layer=4 | mean r=0.125
ACROSS-SPLIT-MULTITRAIN distilmbert | fROI=Lang_LH_IFG | layer=5 | mean r=0.105
ACROSS-SPLIT-MULTITRAIN distilmbert | fROI=Lang_LH_IFG | layer=6 | mean r=0.087


[ACROSS-SPLIT] Processing Lang_LH_IFGorb (3/6)
ACROSS-SPLIT-MULTITRAIN distilmbert | fROI=Lang_LH_IFGorb | layer=0 | mean r=0.077
ACROSS-SPLIT-MULTITRAIN distilmbert | fROI=Lang_LH_IFGorb | layer=1 | mean r=0.081
ACROSS-SPLIT-MULTITRAIN distilmbert | fROI=Lang_LH_IFGorb | layer=2 | mean r=0.098
ACROSS-SPLIT-MULTITRAIN distilmbert | fROI=Lang_LH_IFGorb | layer=3 | mean r=0.126
ACROSS-SPLIT-MULTITRAIN distilmbert | fROI=Lang_LH_IFGorb | layer=4 | mean r=0.144
ACROSS-SPLIT-MULTITRAIN distilmbert | fROI=Lang_LH_IFGorb | layer=5 | mean r=0.137
ACROSS-SPLIT-MULTITRAIN distilmbert | fROI=Lang_LH_IFGorb | layer=6 | mean r=0.133


[ACROSS-SPLIT] Processing Lang_LH_MFG (4/6)
ACROSS-SPLIT-MULTITRAIN distilmbert | fROI=Lang_LH_MFG | layer=0 | mean r=0.042
ACROSS-SPLIT-MULTITRAIN distilmbert | fROI=Lang_LH_MFG | layer=1 | mean r=0.086
ACROSS-SPLIT-MULTITRAIN distilmbert | fROI=Lang_LH_MFG | layer=2 | mean r=0.091
ACROSS-SPLIT-MULTITRAIN distilmbert | fROI=Lang_LH_MFG | layer=3 | mean r=0.128
ACROSS-SPLIT-MULTITRAIN distilmbert | fROI=Lang_LH_MFG | layer=4 | mean r=0.139
ACROSS-SPLIT-MULTITRAIN distilmbert | fROI=Lang_LH_MFG | layer=5 | mean r=0.131
ACROSS-SPLIT-MULTITRAIN distilmbert | fROI=Lang_LH_MFG | layer=6 | mean r=0.115


[ACROSS-SPLIT] Processing Lang_LH_PostTemp (5/6)
ACROSS-SPLIT-MULTITRAIN distilmbert | fROI=Lang_LH_PostTemp | layer=0 | mean r=0.057
ACROSS-SPLIT-MULTITRAIN distilmbert | fROI=Lang_LH_PostTemp | layer=1 | mean r=0.077
ACROSS-SPLIT-MULTITRAIN distilmbert | fROI=Lang_LH_PostTemp | layer=2 | mean r=0.142
ACROSS-SPLIT-MULTITRAIN distilmbert | fROI=Lang_LH_PostTemp | layer=3 | mean r=0.144
ACROSS-SPLIT-MULTITRAIN distilmbert | fROI=Lang_LH_PostTemp | layer=4 | mean r=0.164
ACROSS-SPLIT-MULTITRAIN distilmbert | fROI=Lang_LH_PostTemp | layer=5 | mean r=0.160
ACROSS-SPLIT-MULTITRAIN distilmbert | fROI=Lang_LH_PostTemp | layer=6 | mean r=0.137


[ACROSS-SPLIT] Processing all (6/6)
ACROSS-SPLIT-MULTITRAIN distilmbert | fROI=all | layer=0 | mean r=0.035
ACROSS-SPLIT-MULTITRAIN distilmbert | fROI=all | layer=1 | mean r=0.095
ACROSS-SPLIT-MULTITRAIN distilmbert | fROI=all | layer=2 | mean r=0.112
ACROSS-SPLIT-MULTITRAIN distilmbert | fROI=all | layer=3 | mean r=0.136
ACROSS-SPLIT-MULTITRAIN distilmbert | fROI=all | layer=4 | mean r=0.157
ACROSS-SPLIT-MULTITRAIN distilmbert | fROI=all | layer=5 | mean r=0.129
ACROSS-SPLIT-MULTITRAIN distilmbert | fROI=all | layer=6 | mean r=0.097


[ACROSS-SPLIT] Processing Lang_LH_AntTemp (1/6)
ACROSS-SPLIT-MULTITRAIN xlmr_base | fROI=Lang_LH_AntTemp | layer=0 | mean r=0.070
ACROSS-SPLIT-MULTITRAIN xlmr_base | fROI=Lang_LH_AntTemp | layer=1 | mean r=0.075
ACROSS-SPLIT-MULTITRAIN xlmr_base | fROI=Lang_LH_AntTemp | layer=2 | mean r=0.113
ACROSS-SPLIT-MULTITRAIN xlmr_base | fROI=Lang_LH_AntTemp | layer=3 | mean r=0.140
ACROSS-SPLIT-MULTITRAIN xlmr_base | fROI=Lang_LH_AntTemp | layer=4 | mean r=0.146
ACROSS-SPLIT-MULTITRAIN xlmr_base | fROI=Lang_LH_AntTemp | layer=5 | mean r=0.153
ACROSS-SPLIT-MULTITRAIN xlmr_base | fROI=Lang_LH_AntTemp | layer=6 | mean r=0.158
ACROSS-SPLIT-MULTITRAIN xlmr_base | fROI=Lang_LH_AntTemp | layer=7 | mean r=0.186
ACROSS-SPLIT-MULTITRAIN xlmr_base | fROI=Lang_LH_AntTemp | layer=8 | mean r=0.182
ACROSS-SPLIT-MULTITRAIN xlmr_base | fROI=Lang_LH_AntTemp | layer=9 | mean r=0.191
ACROSS-SPLIT-MULTITRAIN xlmr_base | fROI=Lang_LH_AntTemp | layer=10 | mean r=0.185
ACROSS-SPLIT-MULTITRAIN xlmr_base | fROI=Lang_LH_AntTemp | layer=11 | mean r=0.156
ACROSS-SPLIT-MULTITRAIN xlmr_base | fROI=Lang_LH_AntTemp | layer=12 | mean r=0.130


[ACROSS-SPLIT] Processing Lang_LH_IFG (2/6)
ACROSS-SPLIT-MULTITRAIN xlmr_base | fROI=Lang_LH_IFG | layer=0 | mean r=0.037
ACROSS-SPLIT-MULTITRAIN xlmr_base | fROI=Lang_LH_IFG | layer=1 | mean r=0.046
ACROSS-SPLIT-MULTITRAIN xlmr_base | fROI=Lang_LH_IFG | layer=2 | mean r=0.057
ACROSS-SPLIT-MULTITRAIN xlmr_base | fROI=Lang_LH_IFG | layer=3 | mean r=0.073
ACROSS-SPLIT-MULTITRAIN xlmr_base | fROI=Lang_LH_IFG | layer=4 | mean r=0.060
ACROSS-SPLIT-MULTITRAIN xlmr_base | fROI=Lang_LH_IFG | layer=5 | mean r=0.120
ACROSS-SPLIT-MULTITRAIN xlmr_base | fROI=Lang_LH_IFG | layer=6 | mean r=0.104
ACROSS-SPLIT-MULTITRAIN xlmr_base | fROI=Lang_LH_IFG | layer=7 | mean r=0.120
ACROSS-SPLIT-MULTITRAIN xlmr_base | fROI=Lang_LH_IFG | layer=8 | mean r=0.100
ACROSS-SPLIT-MULTITRAIN xlmr_base | fROI=Lang_LH_IFG | layer=9 | mean r=0.101
ACROSS-SPLIT-MULTITRAIN xlmr_base | fROI=Lang_LH_IFG | layer=10 | mean r=0.085
ACROSS-SPLIT-MULTITRAIN xlmr_base | fROI=Lang_LH_IFG | layer=11 | mean r=0.078
ACROSS-SPLIT-MULTITRAIN xlmr_base | fROI=Lang_LH_IFG | layer=12 | mean r=0.094


[ACROSS-SPLIT] Processing Lang_LH_IFGorb (3/6)
ACROSS-SPLIT-MULTITRAIN xlmr_base | fROI=Lang_LH_IFGorb | layer=0 | mean r=0.079
ACROSS-SPLIT-MULTITRAIN xlmr_base | fROI=Lang_LH_IFGorb | layer=1 | mean r=0.078
ACROSS-SPLIT-MULTITRAIN xlmr_base | fROI=Lang_LH_IFGorb | layer=2 | mean r=0.081
ACROSS-SPLIT-MULTITRAIN xlmr_base | fROI=Lang_LH_IFGorb | layer=3 | mean r=0.106
ACROSS-SPLIT-MULTITRAIN xlmr_base | fROI=Lang_LH_IFGorb | layer=4 | mean r=0.131
ACROSS-SPLIT-MULTITRAIN xlmr_base | fROI=Lang_LH_IFGorb | layer=5 | mean r=0.170
ACROSS-SPLIT-MULTITRAIN xlmr_base | fROI=Lang_LH_IFGorb | layer=6 | mean r=0.173
ACROSS-SPLIT-MULTITRAIN xlmr_base | fROI=Lang_LH_IFGorb | layer=7 | mean r=0.177
ACROSS-SPLIT-MULTITRAIN xlmr_base | fROI=Lang_LH_IFGorb | layer=8 | mean r=0.183
ACROSS-SPLIT-MULTITRAIN xlmr_base | fROI=Lang_LH_IFGorb | layer=9 | mean r=0.174
ACROSS-SPLIT-MULTITRAIN xlmr_base | fROI=Lang_LH_IFGorb | layer=10 | mean r=0.141
ACROSS-SPLIT-MULTITRAIN xlmr_base | fROI=Lang_LH_IFGorb | layer=11 | mean r=0.141
ACROSS-SPLIT-MULTITRAIN xlmr_base | fROI=Lang_LH_IFGorb | layer=12 | mean r=0.141


[ACROSS-SPLIT] Processing Lang_LH_MFG (4/6)
ACROSS-SPLIT-MULTITRAIN xlmr_base | fROI=Lang_LH_MFG | layer=0 | mean r=0.052
ACROSS-SPLIT-MULTITRAIN xlmr_base | fROI=Lang_LH_MFG | layer=1 | mean r=0.098
ACROSS-SPLIT-MULTITRAIN xlmr_base | fROI=Lang_LH_MFG | layer=2 | mean r=0.088
ACROSS-SPLIT-MULTITRAIN xlmr_base | fROI=Lang_LH_MFG | layer=3 | mean r=0.115
ACROSS-SPLIT-MULTITRAIN xlmr_base | fROI=Lang_LH_MFG | layer=4 | mean r=0.128
ACROSS-SPLIT-MULTITRAIN xlmr_base | fROI=Lang_LH_MFG | layer=5 | mean r=0.160
ACROSS-SPLIT-MULTITRAIN xlmr_base | fROI=Lang_LH_MFG | layer=6 | mean r=0.163
ACROSS-SPLIT-MULTITRAIN xlmr_base | fROI=Lang_LH_MFG | layer=7 | mean r=0.160
ACROSS-SPLIT-MULTITRAIN xlmr_base | fROI=Lang_LH_MFG | layer=8 | mean r=0.141
ACROSS-SPLIT-MULTITRAIN xlmr_base | fROI=Lang_LH_MFG | layer=9 | mean r=0.159
ACROSS-SPLIT-MULTITRAIN xlmr_base | fROI=Lang_LH_MFG | layer=10 | mean r=0.118
ACROSS-SPLIT-MULTITRAIN xlmr_base | fROI=Lang_LH_MFG | layer=11 | mean r=0.110
ACROSS-SPLIT-MULTITRAIN xlmr_base | fROI=Lang_LH_MFG | layer=12 | mean r=0.133


[ACROSS-SPLIT] Processing Lang_LH_PostTemp (5/6)
ACROSS-SPLIT-MULTITRAIN xlmr_base | fROI=Lang_LH_PostTemp | layer=0 | mean r=0.059
ACROSS-SPLIT-MULTITRAIN xlmr_base | fROI=Lang_LH_PostTemp | layer=1 | mean r=0.042
ACROSS-SPLIT-MULTITRAIN xlmr_base | fROI=Lang_LH_PostTemp | layer=2 | mean r=0.075
ACROSS-SPLIT-MULTITRAIN xlmr_base | fROI=Lang_LH_PostTemp | layer=3 | mean r=0.115
ACROSS-SPLIT-MULTITRAIN xlmr_base | fROI=Lang_LH_PostTemp | layer=4 | mean r=0.148
ACROSS-SPLIT-MULTITRAIN xlmr_base | fROI=Lang_LH_PostTemp | layer=5 | mean r=0.180
ACROSS-SPLIT-MULTITRAIN xlmr_base | fROI=Lang_LH_PostTemp | layer=6 | mean r=0.199
ACROSS-SPLIT-MULTITRAIN xlmr_base | fROI=Lang_LH_PostTemp | layer=7 | mean r=0.220
ACROSS-SPLIT-MULTITRAIN xlmr_base | fROI=Lang_LH_PostTemp | layer=8 | mean r=0.220
ACROSS-SPLIT-MULTITRAIN xlmr_base | fROI=Lang_LH_PostTemp | layer=9 | mean r=0.214
ACROSS-SPLIT-MULTITRAIN xlmr_base | fROI=Lang_LH_PostTemp | layer=10 | mean r=0.217
ACROSS-SPLIT-MULTITRAIN xlmr_base | fROI=Lang_LH_PostTemp | layer=11 | mean r=0.183
ACROSS-SPLIT-MULTITRAIN xlmr_base | fROI=Lang_LH_PostTemp | layer=12 | mean r=0.177


[ACROSS-SPLIT] Processing all (6/6)
ACROSS-SPLIT-MULTITRAIN xlmr_base | fROI=all | layer=0 | mean r=0.038
ACROSS-SPLIT-MULTITRAIN xlmr_base | fROI=all | layer=1 | mean r=0.046
ACROSS-SPLIT-MULTITRAIN xlmr_base | fROI=all | layer=2 | mean r=0.062
ACROSS-SPLIT-MULTITRAIN xlmr_base | fROI=all | layer=3 | mean r=0.097
ACROSS-SPLIT-MULTITRAIN xlmr_base | fROI=all | layer=4 | mean r=0.123
ACROSS-SPLIT-MULTITRAIN xlmr_base | fROI=all | layer=5 | mean r=0.174
ACROSS-SPLIT-MULTITRAIN xlmr_base | fROI=all | layer=6 | mean r=0.169
ACROSS-SPLIT-MULTITRAIN xlmr_base | fROI=all | layer=7 | mean r=0.187
ACROSS-SPLIT-MULTITRAIN xlmr_base | fROI=all | layer=8 | mean r=0.182
ACROSS-SPLIT-MULTITRAIN xlmr_base | fROI=all | layer=9 | mean r=0.178
ACROSS-SPLIT-MULTITRAIN xlmr_base | fROI=all | layer=10 | mean r=0.169
ACROSS-SPLIT-MULTITRAIN xlmr_base | fROI=all | layer=11 | mean r=0.162
ACROSS-SPLIT-MULTITRAIN xlmr_base | fROI=all | layer=12 | mean r=0.127


[ACROSS-SPLIT] Processing Lang_LH_AntTemp (1/6)
ACROSS-SPLIT-MULTITRAIN xlmr_large | fROI=Lang_LH_AntTemp | layer=0 | mean r=-0.008
ACROSS-SPLIT-MULTITRAIN xlmr_large | fROI=Lang_LH_AntTemp | layer=1 | mean r=0.057
ACROSS-SPLIT-MULTITRAIN xlmr_large | fROI=Lang_LH_AntTemp | layer=2 | mean r=0.078
ACROSS-SPLIT-MULTITRAIN xlmr_large | fROI=Lang_LH_AntTemp | layer=3 | mean r=0.092
ACROSS-SPLIT-MULTITRAIN xlmr_large | fROI=Lang_LH_AntTemp | layer=4 | mean r=0.113
ACROSS-SPLIT-MULTITRAIN xlmr_large | fROI=Lang_LH_AntTemp | layer=5 | mean r=0.099
ACROSS-SPLIT-MULTITRAIN xlmr_large | fROI=Lang_LH_AntTemp | layer=6 | mean r=0.119
ACROSS-SPLIT-MULTITRAIN xlmr_large | fROI=Lang_LH_AntTemp | layer=7 | mean r=0.099
ACROSS-SPLIT-MULTITRAIN xlmr_large | fROI=Lang_LH_AntTemp | layer=8 | mean r=0.110
ACROSS-SPLIT-MULTITRAIN xlmr_large | fROI=Lang_LH_AntTemp | layer=9 | mean r=0.087
ACROSS-SPLIT-MULTITRAIN xlmr_large | fROI=Lang_LH_AntTemp | layer=10 | mean r=0.108
ACROSS-SPLIT-MULTITRAIN xlmr_large | fROI=Lang_LH_AntTemp | layer=11 | mean r=0.166
ACROSS-SPLIT-MULTITRAIN xlmr_large | fROI=Lang_LH_AntTemp | layer=12 | mean r=0.160
ACROSS-SPLIT-MULTITRAIN xlmr_large | fROI=Lang_LH_AntTemp | layer=13 | mean r=0.177
ACROSS-SPLIT-MULTITRAIN xlmr_large | fROI=Lang_LH_AntTemp | layer=14 | mean r=0.180
ACROSS-SPLIT-MULTITRAIN xlmr_large | fROI=Lang_LH_AntTemp | layer=15 | mean r=0.210
ACROSS-SPLIT-MULTITRAIN xlmr_large | fROI=Lang_LH_AntTemp | layer=16 | mean r=0.198
ACROSS-SPLIT-MULTITRAIN xlmr_large | fROI=Lang_LH_AntTemp | layer=17 | mean r=0.200
ACROSS-SPLIT-MULTITRAIN xlmr_large | fROI=Lang_LH_AntTemp | layer=18 | mean r=0.184
ACROSS-SPLIT-MULTITRAIN xlmr_large | fROI=Lang_LH_AntTemp | layer=19 | mean r=0.185
ACROSS-SPLIT-MULTITRAIN xlmr_large | fROI=Lang_LH_AntTemp | layer=20 | mean r=0.192
ACROSS-SPLIT-MULTITRAIN xlmr_large | fROI=Lang_LH_AntTemp | layer=21 | mean r=0.169
ACROSS-SPLIT-MULTITRAIN xlmr_large | fROI=Lang_LH_AntTemp | layer=22 | mean r=0.132
ACROSS-SPLIT-MULTITRAIN xlmr_large | fROI=Lang_LH_AntTemp | layer=23 | mean r=0.127
ACROSS-SPLIT-MULTITRAIN xlmr_large | fROI=Lang_LH_AntTemp | layer=24 | mean r=0.099


[ACROSS-SPLIT] Processing Lang_LH_IFG (2/6)
ACROSS-SPLIT-MULTITRAIN xlmr_large | fROI=Lang_LH_IFG | layer=0 | mean r=-0.018
ACROSS-SPLIT-MULTITRAIN xlmr_large | fROI=Lang_LH_IFG | layer=1 | mean r=-0.011
ACROSS-SPLIT-MULTITRAIN xlmr_large | fROI=Lang_LH_IFG | layer=2 | mean r=-0.017
ACROSS-SPLIT-MULTITRAIN xlmr_large | fROI=Lang_LH_IFG | layer=3 | mean r=0.014
ACROSS-SPLIT-MULTITRAIN xlmr_large | fROI=Lang_LH_IFG | layer=4 | mean r=0.015
ACROSS-SPLIT-MULTITRAIN xlmr_large | fROI=Lang_LH_IFG | layer=5 | mean r=0.017
ACROSS-SPLIT-MULTITRAIN xlmr_large | fROI=Lang_LH_IFG | layer=6 | mean r=0.029
ACROSS-SPLIT-MULTITRAIN xlmr_large | fROI=Lang_LH_IFG | layer=7 | mean r=0.031
ACROSS-SPLIT-MULTITRAIN xlmr_large | fROI=Lang_LH_IFG | layer=8 | mean r=0.040
ACROSS-SPLIT-MULTITRAIN xlmr_large | fROI=Lang_LH_IFG | layer=9 | mean r=0.043
ACROSS-SPLIT-MULTITRAIN xlmr_large | fROI=Lang_LH_IFG | layer=10 | mean r=0.048
ACROSS-SPLIT-MULTITRAIN xlmr_large | fROI=Lang_LH_IFG | layer=11 | mean r=0.073
ACROSS-SPLIT-MULTITRAIN xlmr_large | fROI=Lang_LH_IFG | layer=12 | mean r=0.084
ACROSS-SPLIT-MULTITRAIN xlmr_large | fROI=Lang_LH_IFG | layer=13 | mean r=0.080
ACROSS-SPLIT-MULTITRAIN xlmr_large | fROI=Lang_LH_IFG | layer=14 | mean r=0.094
ACROSS-SPLIT-MULTITRAIN xlmr_large | fROI=Lang_LH_IFG | layer=15 | mean r=0.107
ACROSS-SPLIT-MULTITRAIN xlmr_large | fROI=Lang_LH_IFG | layer=16 | mean r=0.113
ACROSS-SPLIT-MULTITRAIN xlmr_large | fROI=Lang_LH_IFG | layer=17 | mean r=0.103
ACROSS-SPLIT-MULTITRAIN xlmr_large | fROI=Lang_LH_IFG | layer=18 | mean r=0.096
ACROSS-SPLIT-MULTITRAIN xlmr_large | fROI=Lang_LH_IFG | layer=19 | mean r=0.098
ACROSS-SPLIT-MULTITRAIN xlmr_large | fROI=Lang_LH_IFG | layer=20 | mean r=0.087
ACROSS-SPLIT-MULTITRAIN xlmr_large | fROI=Lang_LH_IFG | layer=21 | mean r=0.074
ACROSS-SPLIT-MULTITRAIN xlmr_large | fROI=Lang_LH_IFG | layer=22 | mean r=0.093
ACROSS-SPLIT-MULTITRAIN xlmr_large | fROI=Lang_LH_IFG | layer=23 | mean r=0.099
ACROSS-SPLIT-MULTITRAIN xlmr_large | fROI=Lang_LH_IFG | layer=24 | mean r=0.068


[ACROSS-SPLIT] Processing Lang_LH_IFGorb (3/6)
ACROSS-SPLIT-MULTITRAIN xlmr_large | fROI=Lang_LH_IFGorb | layer=0 | mean r=0.020
ACROSS-SPLIT-MULTITRAIN xlmr_large | fROI=Lang_LH_IFGorb | layer=1 | mean r=0.058
ACROSS-SPLIT-MULTITRAIN xlmr_large | fROI=Lang_LH_IFGorb | layer=2 | mean r=0.066
ACROSS-SPLIT-MULTITRAIN xlmr_large | fROI=Lang_LH_IFGorb | layer=3 | mean r=0.088
ACROSS-SPLIT-MULTITRAIN xlmr_large | fROI=Lang_LH_IFGorb | layer=4 | mean r=0.086
ACROSS-SPLIT-MULTITRAIN xlmr_large | fROI=Lang_LH_IFGorb | layer=5 | mean r=0.091
ACROSS-SPLIT-MULTITRAIN xlmr_large | fROI=Lang_LH_IFGorb | layer=6 | mean r=0.096
ACROSS-SPLIT-MULTITRAIN xlmr_large | fROI=Lang_LH_IFGorb | layer=7 | mean r=0.100
ACROSS-SPLIT-MULTITRAIN xlmr_large | fROI=Lang_LH_IFGorb | layer=8 | mean r=0.114
ACROSS-SPLIT-MULTITRAIN xlmr_large | fROI=Lang_LH_IFGorb | layer=9 | mean r=0.115
ACROSS-SPLIT-MULTITRAIN xlmr_large | fROI=Lang_LH_IFGorb | layer=10 | mean r=0.122
ACROSS-SPLIT-MULTITRAIN xlmr_large | fROI=Lang_LH_IFGorb | layer=11 | mean r=0.164
ACROSS-SPLIT-MULTITRAIN xlmr_large | fROI=Lang_LH_IFGorb | layer=12 | mean r=0.141
ACROSS-SPLIT-MULTITRAIN xlmr_large | fROI=Lang_LH_IFGorb | layer=13 | mean r=0.148
ACROSS-SPLIT-MULTITRAIN xlmr_large | fROI=Lang_LH_IFGorb | layer=14 | mean r=0.151
ACROSS-SPLIT-MULTITRAIN xlmr_large | fROI=Lang_LH_IFGorb | layer=15 | mean r=0.175
ACROSS-SPLIT-MULTITRAIN xlmr_large | fROI=Lang_LH_IFGorb | layer=16 | mean r=0.176
ACROSS-SPLIT-MULTITRAIN xlmr_large | fROI=Lang_LH_IFGorb | layer=17 | mean r=0.168
ACROSS-SPLIT-MULTITRAIN xlmr_large | fROI=Lang_LH_IFGorb | layer=18 | mean r=0.155
ACROSS-SPLIT-MULTITRAIN xlmr_large | fROI=Lang_LH_IFGorb | layer=19 | mean r=0.156
ACROSS-SPLIT-MULTITRAIN xlmr_large | fROI=Lang_LH_IFGorb | layer=20 | mean r=0.154
ACROSS-SPLIT-MULTITRAIN xlmr_large | fROI=Lang_LH_IFGorb | layer=21 | mean r=0.135
ACROSS-SPLIT-MULTITRAIN xlmr_large | fROI=Lang_LH_IFGorb | layer=22 | mean r=0.127
ACROSS-SPLIT-MULTITRAIN xlmr_large | fROI=Lang_LH_IFGorb | layer=23 | mean r=0.120
ACROSS-SPLIT-MULTITRAIN xlmr_large | fROI=Lang_LH_IFGorb | layer=24 | mean r=0.098


[ACROSS-SPLIT] Processing Lang_LH_MFG (4/6)
ACROSS-SPLIT-MULTITRAIN xlmr_large | fROI=Lang_LH_MFG | layer=0 | mean r=0.034
ACROSS-SPLIT-MULTITRAIN xlmr_large | fROI=Lang_LH_MFG | layer=1 | mean r=0.063
ACROSS-SPLIT-MULTITRAIN xlmr_large | fROI=Lang_LH_MFG | layer=2 | mean r=0.067
ACROSS-SPLIT-MULTITRAIN xlmr_large | fROI=Lang_LH_MFG | layer=3 | mean r=0.083
ACROSS-SPLIT-MULTITRAIN xlmr_large | fROI=Lang_LH_MFG | layer=4 | mean r=0.080
ACROSS-SPLIT-MULTITRAIN xlmr_large | fROI=Lang_LH_MFG | layer=5 | mean r=0.082
ACROSS-SPLIT-MULTITRAIN xlmr_large | fROI=Lang_LH_MFG | layer=6 | mean r=0.097
ACROSS-SPLIT-MULTITRAIN xlmr_large | fROI=Lang_LH_MFG | layer=7 | mean r=0.084
ACROSS-SPLIT-MULTITRAIN xlmr_large | fROI=Lang_LH_MFG | layer=8 | mean r=0.079
ACROSS-SPLIT-MULTITRAIN xlmr_large | fROI=Lang_LH_MFG | layer=9 | mean r=0.082
ACROSS-SPLIT-MULTITRAIN xlmr_large | fROI=Lang_LH_MFG | layer=10 | mean r=0.100
ACROSS-SPLIT-MULTITRAIN xlmr_large | fROI=Lang_LH_MFG | layer=11 | mean r=0.136
ACROSS-SPLIT-MULTITRAIN xlmr_large | fROI=Lang_LH_MFG | layer=12 | mean r=0.135
ACROSS-SPLIT-MULTITRAIN xlmr_large | fROI=Lang_LH_MFG | layer=13 | mean r=0.111
ACROSS-SPLIT-MULTITRAIN xlmr_large | fROI=Lang_LH_MFG | layer=14 | mean r=0.126
ACROSS-SPLIT-MULTITRAIN xlmr_large | fROI=Lang_LH_MFG | layer=15 | mean r=0.145
ACROSS-SPLIT-MULTITRAIN xlmr_large | fROI=Lang_LH_MFG | layer=16 | mean r=0.155
ACROSS-SPLIT-MULTITRAIN xlmr_large | fROI=Lang_LH_MFG | layer=17 | mean r=0.140
ACROSS-SPLIT-MULTITRAIN xlmr_large | fROI=Lang_LH_MFG | layer=18 | mean r=0.122
ACROSS-SPLIT-MULTITRAIN xlmr_large | fROI=Lang_LH_MFG | layer=19 | mean r=0.140
ACROSS-SPLIT-MULTITRAIN xlmr_large | fROI=Lang_LH_MFG | layer=20 | mean r=0.108
ACROSS-SPLIT-MULTITRAIN xlmr_large | fROI=Lang_LH_MFG | layer=21 | mean r=0.097
ACROSS-SPLIT-MULTITRAIN xlmr_large | fROI=Lang_LH_MFG | layer=22 | mean r=0.101
ACROSS-SPLIT-MULTITRAIN xlmr_large | fROI=Lang_LH_MFG | layer=23 | mean r=0.116
ACROSS-SPLIT-MULTITRAIN xlmr_large | fROI=Lang_LH_MFG | layer=24 | mean r=0.089


[ACROSS-SPLIT] Processing Lang_LH_PostTemp (5/6)
ACROSS-SPLIT-MULTITRAIN xlmr_large | fROI=Lang_LH_PostTemp | layer=0 | mean r=0.053
ACROSS-SPLIT-MULTITRAIN xlmr_large | fROI=Lang_LH_PostTemp | layer=1 | mean r=0.052
ACROSS-SPLIT-MULTITRAIN xlmr_large | fROI=Lang_LH_PostTemp | layer=2 | mean r=0.078
ACROSS-SPLIT-MULTITRAIN xlmr_large | fROI=Lang_LH_PostTemp | layer=3 | mean r=0.105
ACROSS-SPLIT-MULTITRAIN xlmr_large | fROI=Lang_LH_PostTemp | layer=4 | mean r=0.108
ACROSS-SPLIT-MULTITRAIN xlmr_large | fROI=Lang_LH_PostTemp | layer=5 | mean r=0.125
ACROSS-SPLIT-MULTITRAIN xlmr_large | fROI=Lang_LH_PostTemp | layer=6 | mean r=0.150
ACROSS-SPLIT-MULTITRAIN xlmr_large | fROI=Lang_LH_PostTemp | layer=7 | mean r=0.135
ACROSS-SPLIT-MULTITRAIN xlmr_large | fROI=Lang_LH_PostTemp | layer=8 | mean r=0.148
ACROSS-SPLIT-MULTITRAIN xlmr_large | fROI=Lang_LH_PostTemp | layer=9 | mean r=0.141
ACROSS-SPLIT-MULTITRAIN xlmr_large | fROI=Lang_LH_PostTemp | layer=10 | mean r=0.165
ACROSS-SPLIT-MULTITRAIN xlmr_large | fROI=Lang_LH_PostTemp | layer=11 | mean r=0.209
ACROSS-SPLIT-MULTITRAIN xlmr_large | fROI=Lang_LH_PostTemp | layer=12 | mean r=0.217
ACROSS-SPLIT-MULTITRAIN xlmr_large | fROI=Lang_LH_PostTemp | layer=13 | mean r=0.225
ACROSS-SPLIT-MULTITRAIN xlmr_large | fROI=Lang_LH_PostTemp | layer=14 | mean r=0.232
ACROSS-SPLIT-MULTITRAIN xlmr_large | fROI=Lang_LH_PostTemp | layer=15 | mean r=0.251
ACROSS-SPLIT-MULTITRAIN xlmr_large | fROI=Lang_LH_PostTemp | layer=16 | mean r=0.256
ACROSS-SPLIT-MULTITRAIN xlmr_large | fROI=Lang_LH_PostTemp | layer=17 | mean r=0.261
ACROSS-SPLIT-MULTITRAIN xlmr_large | fROI=Lang_LH_PostTemp | layer=18 | mean r=0.256
ACROSS-SPLIT-MULTITRAIN xlmr_large | fROI=Lang_LH_PostTemp | layer=19 | mean r=0.247
ACROSS-SPLIT-MULTITRAIN xlmr_large | fROI=Lang_LH_PostTemp | layer=20 | mean r=0.254
ACROSS-SPLIT-MULTITRAIN xlmr_large | fROI=Lang_LH_PostTemp | layer=21 | mean r=0.224
ACROSS-SPLIT-MULTITRAIN xlmr_large | fROI=Lang_LH_PostTemp | layer=22 | mean r=0.195
ACROSS-SPLIT-MULTITRAIN xlmr_large | fROI=Lang_LH_PostTemp | layer=23 | mean r=0.194
ACROSS-SPLIT-MULTITRAIN xlmr_large | fROI=Lang_LH_PostTemp | layer=24 | mean r=0.153


[ACROSS-SPLIT] Processing all (6/6)
ACROSS-SPLIT-MULTITRAIN xlmr_large | fROI=all | layer=0 | mean r=0.010
ACROSS-SPLIT-MULTITRAIN xlmr_large | fROI=all | layer=1 | mean r=0.036
ACROSS-SPLIT-MULTITRAIN xlmr_large | fROI=all | layer=2 | mean r=0.059
ACROSS-SPLIT-MULTITRAIN xlmr_large | fROI=all | layer=3 | mean r=0.100
ACROSS-SPLIT-MULTITRAIN xlmr_large | fROI=all | layer=4 | mean r=0.087
ACROSS-SPLIT-MULTITRAIN xlmr_large | fROI=all | layer=5 | mean r=0.090
ACROSS-SPLIT-MULTITRAIN xlmr_large | fROI=all | layer=6 | mean r=0.108
ACROSS-SPLIT-MULTITRAIN xlmr_large | fROI=all | layer=7 | mean r=0.099
ACROSS-SPLIT-MULTITRAIN xlmr_large | fROI=all | layer=8 | mean r=0.111
ACROSS-SPLIT-MULTITRAIN xlmr_large | fROI=all | layer=9 | mean r=0.103
ACROSS-SPLIT-MULTITRAIN xlmr_large | fROI=all | layer=10 | mean r=0.124
ACROSS-SPLIT-MULTITRAIN xlmr_large | fROI=all | layer=11 | mean r=0.179
ACROSS-SPLIT-MULTITRAIN xlmr_large | fROI=all | layer=12 | mean r=0.186
ACROSS-SPLIT-MULTITRAIN xlmr_large | fROI=all | layer=13 | mean r=0.187
ACROSS-SPLIT-MULTITRAIN xlmr_large | fROI=all | layer=14 | mean r=0.188
ACROSS-SPLIT-MULTITRAIN xlmr_large | fROI=all | layer=15 | mean r=0.206
ACROSS-SPLIT-MULTITRAIN xlmr_large | fROI=all | layer=16 | mean r=0.213
ACROSS-SPLIT-MULTITRAIN xlmr_large | fROI=all | layer=17 | mean r=0.206
ACROSS-SPLIT-MULTITRAIN xlmr_large | fROI=all | layer=18 | mean r=0.174
ACROSS-SPLIT-MULTITRAIN xlmr_large | fROI=all | layer=19 | mean r=0.180
ACROSS-SPLIT-MULTITRAIN xlmr_large | fROI=all | layer=20 | mean r=0.184
ACROSS-SPLIT-MULTITRAIN xlmr_large | fROI=all | layer=21 | mean r=0.167
ACROSS-SPLIT-MULTITRAIN xlmr_large | fROI=all | layer=22 | mean r=0.143
ACROSS-SPLIT-MULTITRAIN xlmr_large | fROI=all | layer=23 | mean r=0.127
ACROSS-SPLIT-MULTITRAIN xlmr_large | fROI=all | layer=24 | mean r=0.093


[ACROSS-SPLIT] Processing Lang_LH_AntTemp (1/6)
ACROSS-SPLIT-MULTITRAIN mt5_small | fROI=Lang_LH_AntTemp | layer=0 | mean r=0.113
ACROSS-SPLIT-MULTITRAIN mt5_small | fROI=Lang_LH_AntTemp | layer=1 | mean r=0.107
ACROSS-SPLIT-MULTITRAIN mt5_small | fROI=Lang_LH_AntTemp | layer=2 | mean r=0.167
ACROSS-SPLIT-MULTITRAIN mt5_small | fROI=Lang_LH_AntTemp | layer=3 | mean r=0.154
ACROSS-SPLIT-MULTITRAIN mt5_small | fROI=Lang_LH_AntTemp | layer=4 | mean r=0.125
ACROSS-SPLIT-MULTITRAIN mt5_small | fROI=Lang_LH_AntTemp | layer=5 | mean r=0.168
ACROSS-SPLIT-MULTITRAIN mt5_small | fROI=Lang_LH_AntTemp | layer=6 | mean r=0.196
ACROSS-SPLIT-MULTITRAIN mt5_small | fROI=Lang_LH_AntTemp | layer=7 | mean r=0.187
ACROSS-SPLIT-MULTITRAIN mt5_small | fROI=Lang_LH_AntTemp | layer=8 | mean r=0.187


[ACROSS-SPLIT] Processing Lang_LH_IFG (2/6)
ACROSS-SPLIT-MULTITRAIN mt5_small | fROI=Lang_LH_IFG | layer=0 | mean r=0.056
ACROSS-SPLIT-MULTITRAIN mt5_small | fROI=Lang_LH_IFG | layer=1 | mean r=0.062
ACROSS-SPLIT-MULTITRAIN mt5_small | fROI=Lang_LH_IFG | layer=2 | mean r=0.096
ACROSS-SPLIT-MULTITRAIN mt5_small | fROI=Lang_LH_IFG | layer=3 | mean r=0.074
ACROSS-SPLIT-MULTITRAIN mt5_small | fROI=Lang_LH_IFG | layer=4 | mean r=0.071
ACROSS-SPLIT-MULTITRAIN mt5_small | fROI=Lang_LH_IFG | layer=5 | mean r=0.055
ACROSS-SPLIT-MULTITRAIN mt5_small | fROI=Lang_LH_IFG | layer=6 | mean r=0.070
ACROSS-SPLIT-MULTITRAIN mt5_small | fROI=Lang_LH_IFG | layer=7 | mean r=0.081
ACROSS-SPLIT-MULTITRAIN mt5_small | fROI=Lang_LH_IFG | layer=8 | mean r=0.081


[ACROSS-SPLIT] Processing Lang_LH_IFGorb (3/6)
ACROSS-SPLIT-MULTITRAIN mt5_small | fROI=Lang_LH_IFGorb | layer=0 | mean r=0.090
ACROSS-SPLIT-MULTITRAIN mt5_small | fROI=Lang_LH_IFGorb | layer=1 | mean r=0.118
ACROSS-SPLIT-MULTITRAIN mt5_small | fROI=Lang_LH_IFGorb | layer=2 | mean r=0.128
ACROSS-SPLIT-MULTITRAIN mt5_small | fROI=Lang_LH_IFGorb | layer=3 | mean r=0.136
ACROSS-SPLIT-MULTITRAIN mt5_small | fROI=Lang_LH_IFGorb | layer=4 | mean r=0.153
ACROSS-SPLIT-MULTITRAIN mt5_small | fROI=Lang_LH_IFGorb | layer=5 | mean r=0.161
ACROSS-SPLIT-MULTITRAIN mt5_small | fROI=Lang_LH_IFGorb | layer=6 | mean r=0.190
ACROSS-SPLIT-MULTITRAIN mt5_small | fROI=Lang_LH_IFGorb | layer=7 | mean r=0.175
ACROSS-SPLIT-MULTITRAIN mt5_small | fROI=Lang_LH_IFGorb | layer=8 | mean r=0.180


[ACROSS-SPLIT] Processing Lang_LH_MFG (4/6)
ACROSS-SPLIT-MULTITRAIN mt5_small | fROI=Lang_LH_MFG | layer=0 | mean r=0.068
ACROSS-SPLIT-MULTITRAIN mt5_small | fROI=Lang_LH_MFG | layer=1 | mean r=0.082
ACROSS-SPLIT-MULTITRAIN mt5_small | fROI=Lang_LH_MFG | layer=2 | mean r=0.096
ACROSS-SPLIT-MULTITRAIN mt5_small | fROI=Lang_LH_MFG | layer=3 | mean r=0.086
ACROSS-SPLIT-MULTITRAIN mt5_small | fROI=Lang_LH_MFG | layer=4 | mean r=0.098
ACROSS-SPLIT-MULTITRAIN mt5_small | fROI=Lang_LH_MFG | layer=5 | mean r=0.083
ACROSS-SPLIT-MULTITRAIN mt5_small | fROI=Lang_LH_MFG | layer=6 | mean r=0.085
ACROSS-SPLIT-MULTITRAIN mt5_small | fROI=Lang_LH_MFG | layer=7 | mean r=0.101
ACROSS-SPLIT-MULTITRAIN mt5_small | fROI=Lang_LH_MFG | layer=8 | mean r=0.100


[ACROSS-SPLIT] Processing Lang_LH_PostTemp (5/6)
ACROSS-SPLIT-MULTITRAIN mt5_small | fROI=Lang_LH_PostTemp | layer=0 | mean r=0.080
ACROSS-SPLIT-MULTITRAIN mt5_small | fROI=Lang_LH_PostTemp | layer=1 | mean r=0.112
ACROSS-SPLIT-MULTITRAIN mt5_small | fROI=Lang_LH_PostTemp | layer=2 | mean r=0.177
ACROSS-SPLIT-MULTITRAIN mt5_small | fROI=Lang_LH_PostTemp | layer=3 | mean r=0.175
ACROSS-SPLIT-MULTITRAIN mt5_small | fROI=Lang_LH_PostTemp | layer=4 | mean r=0.180
ACROSS-SPLIT-MULTITRAIN mt5_small | fROI=Lang_LH_PostTemp | layer=5 | mean r=0.194
ACROSS-SPLIT-MULTITRAIN mt5_small | fROI=Lang_LH_PostTemp | layer=6 | mean r=0.237
ACROSS-SPLIT-MULTITRAIN mt5_small | fROI=Lang_LH_PostTemp | layer=7 | mean r=0.214
ACROSS-SPLIT-MULTITRAIN mt5_small | fROI=Lang_LH_PostTemp | layer=8 | mean r=0.219


[ACROSS-SPLIT] Processing all (6/6)
ACROSS-SPLIT-MULTITRAIN mt5_small | fROI=all | layer=0 | mean r=0.101
ACROSS-SPLIT-MULTITRAIN mt5_small | fROI=all | layer=1 | mean r=0.123
ACROSS-SPLIT-MULTITRAIN mt5_small | fROI=all | layer=2 | mean r=0.155
ACROSS-SPLIT-MULTITRAIN mt5_small | fROI=all | layer=3 | mean r=0.138
ACROSS-SPLIT-MULTITRAIN mt5_small | fROI=all | layer=4 | mean r=0.146
ACROSS-SPLIT-MULTITRAIN mt5_small | fROI=all | layer=5 | mean r=0.167
ACROSS-SPLIT-MULTITRAIN mt5_small | fROI=all | layer=6 | mean r=0.186
ACROSS-SPLIT-MULTITRAIN mt5_small | fROI=all | layer=7 | mean r=0.172
ACROSS-SPLIT-MULTITRAIN mt5_small | fROI=all | layer=8 | mean r=0.182


[ACROSS-SPLIT] Processing Lang_LH_AntTemp (1/6)
ACROSS-SPLIT-MULTITRAIN mt5_base | fROI=Lang_LH_AntTemp | layer=0 | mean r=0.126
ACROSS-SPLIT-MULTITRAIN mt5_base | fROI=Lang_LH_AntTemp | layer=1 | mean r=0.130
ACROSS-SPLIT-MULTITRAIN mt5_base | fROI=Lang_LH_AntTemp | layer=2 | mean r=0.128
ACROSS-SPLIT-MULTITRAIN mt5_base | fROI=Lang_LH_AntTemp | layer=3 | mean r=0.126
ACROSS-SPLIT-MULTITRAIN mt5_base | fROI=Lang_LH_AntTemp | layer=4 | mean r=0.090
ACROSS-SPLIT-MULTITRAIN mt5_base | fROI=Lang_LH_AntTemp | layer=5 | mean r=0.109
ACROSS-SPLIT-MULTITRAIN mt5_base | fROI=Lang_LH_AntTemp | layer=6 | mean r=0.111
ACROSS-SPLIT-MULTITRAIN mt5_base | fROI=Lang_LH_AntTemp | layer=7 | mean r=0.107
ACROSS-SPLIT-MULTITRAIN mt5_base | fROI=Lang_LH_AntTemp | layer=8 | mean r=0.106
ACROSS-SPLIT-MULTITRAIN mt5_base | fROI=Lang_LH_AntTemp | layer=9 | mean r=0.130
ACROSS-SPLIT-MULTITRAIN mt5_base | fROI=Lang_LH_AntTemp | layer=10 | mean r=0.127
ACROSS-SPLIT-MULTITRAIN mt5_base | fROI=Lang_LH_AntTemp | layer=11 | mean r=0.144
ACROSS-SPLIT-MULTITRAIN mt5_base | fROI=Lang_LH_AntTemp | layer=12 | mean r=0.111


[ACROSS-SPLIT] Processing Lang_LH_IFG (2/6)
ACROSS-SPLIT-MULTITRAIN mt5_base | fROI=Lang_LH_IFG | layer=0 | mean r=0.064
ACROSS-SPLIT-MULTITRAIN mt5_base | fROI=Lang_LH_IFG | layer=1 | mean r=0.037
ACROSS-SPLIT-MULTITRAIN mt5_base | fROI=Lang_LH_IFG | layer=2 | mean r=0.044
ACROSS-SPLIT-MULTITRAIN mt5_base | fROI=Lang_LH_IFG | layer=3 | mean r=0.038
ACROSS-SPLIT-MULTITRAIN mt5_base | fROI=Lang_LH_IFG | layer=4 | mean r=0.020
ACROSS-SPLIT-MULTITRAIN mt5_base | fROI=Lang_LH_IFG | layer=5 | mean r=-0.037
ACROSS-SPLIT-MULTITRAIN mt5_base | fROI=Lang_LH_IFG | layer=6 | mean r=-0.024
ACROSS-SPLIT-MULTITRAIN mt5_base | fROI=Lang_LH_IFG | layer=7 | mean r=-0.006
ACROSS-SPLIT-MULTITRAIN mt5_base | fROI=Lang_LH_IFG | layer=8 | mean r=0.034
ACROSS-SPLIT-MULTITRAIN mt5_base | fROI=Lang_LH_IFG | layer=9 | mean r=0.024
ACROSS-SPLIT-MULTITRAIN mt5_base | fROI=Lang_LH_IFG | layer=10 | mean r=0.020
ACROSS-SPLIT-MULTITRAIN mt5_base | fROI=Lang_LH_IFG | layer=11 | mean r=0.021
ACROSS-SPLIT-MULTITRAIN mt5_base | fROI=Lang_LH_IFG | layer=12 | mean r=0.034


[ACROSS-SPLIT] Processing Lang_LH_IFGorb (3/6)
ACROSS-SPLIT-MULTITRAIN mt5_base | fROI=Lang_LH_IFGorb | layer=0 | mean r=0.135
ACROSS-SPLIT-MULTITRAIN mt5_base | fROI=Lang_LH_IFGorb | layer=1 | mean r=0.109
ACROSS-SPLIT-MULTITRAIN mt5_base | fROI=Lang_LH_IFGorb | layer=2 | mean r=0.116
ACROSS-SPLIT-MULTITRAIN mt5_base | fROI=Lang_LH_IFGorb | layer=3 | mean r=0.117
ACROSS-SPLIT-MULTITRAIN mt5_base | fROI=Lang_LH_IFGorb | layer=4 | mean r=0.073
ACROSS-SPLIT-MULTITRAIN mt5_base | fROI=Lang_LH_IFGorb | layer=5 | mean r=0.093
ACROSS-SPLIT-MULTITRAIN mt5_base | fROI=Lang_LH_IFGorb | layer=6 | mean r=0.104
ACROSS-SPLIT-MULTITRAIN mt5_base | fROI=Lang_LH_IFGorb | layer=7 | mean r=0.112
ACROSS-SPLIT-MULTITRAIN mt5_base | fROI=Lang_LH_IFGorb | layer=8 | mean r=0.123
ACROSS-SPLIT-MULTITRAIN mt5_base | fROI=Lang_LH_IFGorb | layer=9 | mean r=0.119
ACROSS-SPLIT-MULTITRAIN mt5_base | fROI=Lang_LH_IFGorb | layer=10 | mean r=0.098
ACROSS-SPLIT-MULTITRAIN mt5_base | fROI=Lang_LH_IFGorb | layer=11 | mean r=0.120
ACROSS-SPLIT-MULTITRAIN mt5_base | fROI=Lang_LH_IFGorb | layer=12 | mean r=0.122


[ACROSS-SPLIT] Processing Lang_LH_MFG (4/6)
ACROSS-SPLIT-MULTITRAIN mt5_base | fROI=Lang_LH_MFG | layer=0 | mean r=0.091
ACROSS-SPLIT-MULTITRAIN mt5_base | fROI=Lang_LH_MFG | layer=1 | mean r=0.083
ACROSS-SPLIT-MULTITRAIN mt5_base | fROI=Lang_LH_MFG | layer=2 | mean r=0.091
ACROSS-SPLIT-MULTITRAIN mt5_base | fROI=Lang_LH_MFG | layer=3 | mean r=0.078
ACROSS-SPLIT-MULTITRAIN mt5_base | fROI=Lang_LH_MFG | layer=4 | mean r=0.055
ACROSS-SPLIT-MULTITRAIN mt5_base | fROI=Lang_LH_MFG | layer=5 | mean r=0.022
ACROSS-SPLIT-MULTITRAIN mt5_base | fROI=Lang_LH_MFG | layer=6 | mean r=0.067
ACROSS-SPLIT-MULTITRAIN mt5_base | fROI=Lang_LH_MFG | layer=7 | mean r=0.076
ACROSS-SPLIT-MULTITRAIN mt5_base | fROI=Lang_LH_MFG | layer=8 | mean r=0.091
ACROSS-SPLIT-MULTITRAIN mt5_base | fROI=Lang_LH_MFG | layer=9 | mean r=0.085
ACROSS-SPLIT-MULTITRAIN mt5_base | fROI=Lang_LH_MFG | layer=10 | mean r=0.056
ACROSS-SPLIT-MULTITRAIN mt5_base | fROI=Lang_LH_MFG | layer=11 | mean r=0.079
ACROSS-SPLIT-MULTITRAIN mt5_base | fROI=Lang_LH_MFG | layer=12 | mean r=0.097


[ACROSS-SPLIT] Processing Lang_LH_PostTemp (5/6)
ACROSS-SPLIT-MULTITRAIN mt5_base | fROI=Lang_LH_PostTemp | layer=0 | mean r=0.106
ACROSS-SPLIT-MULTITRAIN mt5_base | fROI=Lang_LH_PostTemp | layer=1 | mean r=0.097
ACROSS-SPLIT-MULTITRAIN mt5_base | fROI=Lang_LH_PostTemp | layer=2 | mean r=0.137
ACROSS-SPLIT-MULTITRAIN mt5_base | fROI=Lang_LH_PostTemp | layer=3 | mean r=0.121
ACROSS-SPLIT-MULTITRAIN mt5_base | fROI=Lang_LH_PostTemp | layer=4 | mean r=0.148
ACROSS-SPLIT-MULTITRAIN mt5_base | fROI=Lang_LH_PostTemp | layer=5 | mean r=0.135
ACROSS-SPLIT-MULTITRAIN mt5_base | fROI=Lang_LH_PostTemp | layer=6 | mean r=0.124
ACROSS-SPLIT-MULTITRAIN mt5_base | fROI=Lang_LH_PostTemp | layer=7 | mean r=0.119
ACROSS-SPLIT-MULTITRAIN mt5_base | fROI=Lang_LH_PostTemp | layer=8 | mean r=0.147
ACROSS-SPLIT-MULTITRAIN mt5_base | fROI=Lang_LH_PostTemp | layer=9 | mean r=0.164
ACROSS-SPLIT-MULTITRAIN mt5_base | fROI=Lang_LH_PostTemp | layer=10 | mean r=0.168
ACROSS-SPLIT-MULTITRAIN mt5_base | fROI=Lang_LH_PostTemp | layer=11 | mean r=0.169
ACROSS-SPLIT-MULTITRAIN mt5_base | fROI=Lang_LH_PostTemp | layer=12 | mean r=0.126


[ACROSS-SPLIT] Processing all (6/6)
ACROSS-SPLIT-MULTITRAIN mt5_base | fROI=all | layer=0 | mean r=0.120
ACROSS-SPLIT-MULTITRAIN mt5_base | fROI=all | layer=1 | mean r=0.106
ACROSS-SPLIT-MULTITRAIN mt5_base | fROI=all | layer=2 | mean r=0.113
ACROSS-SPLIT-MULTITRAIN mt5_base | fROI=all | layer=3 | mean r=0.083
ACROSS-SPLIT-MULTITRAIN mt5_base | fROI=all | layer=4 | mean r=0.077
ACROSS-SPLIT-MULTITRAIN mt5_base | fROI=all | layer=5 | mean r=0.073
ACROSS-SPLIT-MULTITRAIN mt5_base | fROI=all | layer=6 | mean r=0.079
ACROSS-SPLIT-MULTITRAIN mt5_base | fROI=all | layer=7 | mean r=0.052
ACROSS-SPLIT-MULTITRAIN mt5_base | fROI=all | layer=8 | mean r=0.100
ACROSS-SPLIT-MULTITRAIN mt5_base | fROI=all | layer=9 | mean r=0.116
ACROSS-SPLIT-MULTITRAIN mt5_base | fROI=all | layer=10 | mean r=0.108
ACROSS-SPLIT-MULTITRAIN mt5_base | fROI=all | layer=11 | mean r=0.119
ACROSS-SPLIT-MULTITRAIN mt5_base | fROI=all | layer=12 | mean r=0.096


[ACROSS-SPLIT] Processing Lang_LH_AntTemp (1/6)
ACROSS-SPLIT-MULTITRAIN mt5_large | fROI=Lang_LH_AntTemp | layer=0 | mean r=0.080
ACROSS-SPLIT-MULTITRAIN mt5_large | fROI=Lang_LH_AntTemp | layer=1 | mean r=0.097
ACROSS-SPLIT-MULTITRAIN mt5_large | fROI=Lang_LH_AntTemp | layer=2 | mean r=0.064
ACROSS-SPLIT-MULTITRAIN mt5_large | fROI=Lang_LH_AntTemp | layer=3 | mean r=0.050
ACROSS-SPLIT-MULTITRAIN mt5_large | fROI=Lang_LH_AntTemp | layer=4 | mean r=0.069
ACROSS-SPLIT-MULTITRAIN mt5_large | fROI=Lang_LH_AntTemp | layer=5 | mean r=0.073
ACROSS-SPLIT-MULTITRAIN mt5_large | fROI=Lang_LH_AntTemp | layer=6 | mean r=0.082
ACROSS-SPLIT-MULTITRAIN mt5_large | fROI=Lang_LH_AntTemp | layer=7 | mean r=0.116
ACROSS-SPLIT-MULTITRAIN mt5_large | fROI=Lang_LH_AntTemp | layer=8 | mean r=0.115
ACROSS-SPLIT-MULTITRAIN mt5_large | fROI=Lang_LH_AntTemp | layer=9 | mean r=0.141
ACROSS-SPLIT-MULTITRAIN mt5_large | fROI=Lang_LH_AntTemp | layer=10 | mean r=0.119
ACROSS-SPLIT-MULTITRAIN mt5_large | fROI=Lang_LH_AntTemp | layer=11 | mean r=0.130
ACROSS-SPLIT-MULTITRAIN mt5_large | fROI=Lang_LH_AntTemp | layer=12 | mean r=0.119
ACROSS-SPLIT-MULTITRAIN mt5_large | fROI=Lang_LH_AntTemp | layer=13 | mean r=0.149
ACROSS-SPLIT-MULTITRAIN mt5_large | fROI=Lang_LH_AntTemp | layer=14 | mean r=0.137
ACROSS-SPLIT-MULTITRAIN mt5_large | fROI=Lang_LH_AntTemp | layer=15 | mean r=0.143
ACROSS-SPLIT-MULTITRAIN mt5_large | fROI=Lang_LH_AntTemp | layer=16 | mean r=0.161
ACROSS-SPLIT-MULTITRAIN mt5_large | fROI=Lang_LH_AntTemp | layer=17 | mean r=0.181
ACROSS-SPLIT-MULTITRAIN mt5_large | fROI=Lang_LH_AntTemp | layer=18 | mean r=0.176
ACROSS-SPLIT-MULTITRAIN mt5_large | fROI=Lang_LH_AntTemp | layer=19 | mean r=0.188
ACROSS-SPLIT-MULTITRAIN mt5_large | fROI=Lang_LH_AntTemp | layer=20 | mean r=0.193
ACROSS-SPLIT-MULTITRAIN mt5_large | fROI=Lang_LH_AntTemp | layer=21 | mean r=0.165
ACROSS-SPLIT-MULTITRAIN mt5_large | fROI=Lang_LH_AntTemp | layer=22 | mean r=0.155
ACROSS-SPLIT-MULTITRAIN mt5_large | fROI=Lang_LH_AntTemp | layer=23 | mean r=0.153
ACROSS-SPLIT-MULTITRAIN mt5_large | fROI=Lang_LH_AntTemp | layer=24 | mean r=0.165


[ACROSS-SPLIT] Processing Lang_LH_IFG (2/6)
ACROSS-SPLIT-MULTITRAIN mt5_large | fROI=Lang_LH_IFG | layer=0 | mean r=0.021
ACROSS-SPLIT-MULTITRAIN mt5_large | fROI=Lang_LH_IFG | layer=1 | mean r=0.024
ACROSS-SPLIT-MULTITRAIN mt5_large | fROI=Lang_LH_IFG | layer=2 | mean r=0.011
ACROSS-SPLIT-MULTITRAIN mt5_large | fROI=Lang_LH_IFG | layer=3 | mean r=0.010
ACROSS-SPLIT-MULTITRAIN mt5_large | fROI=Lang_LH_IFG | layer=4 | mean r=0.003
ACROSS-SPLIT-MULTITRAIN mt5_large | fROI=Lang_LH_IFG | layer=5 | mean r=0.001
ACROSS-SPLIT-MULTITRAIN mt5_large | fROI=Lang_LH_IFG | layer=6 | mean r=0.007
ACROSS-SPLIT-MULTITRAIN mt5_large | fROI=Lang_LH_IFG | layer=7 | mean r=0.018
ACROSS-SPLIT-MULTITRAIN mt5_large | fROI=Lang_LH_IFG | layer=8 | mean r=0.041
ACROSS-SPLIT-MULTITRAIN mt5_large | fROI=Lang_LH_IFG | layer=9 | mean r=0.054
ACROSS-SPLIT-MULTITRAIN mt5_large | fROI=Lang_LH_IFG | layer=10 | mean r=0.033
ACROSS-SPLIT-MULTITRAIN mt5_large | fROI=Lang_LH_IFG | layer=11 | mean r=0.039
ACROSS-SPLIT-MULTITRAIN mt5_large | fROI=Lang_LH_IFG | layer=12 | mean r=0.052
ACROSS-SPLIT-MULTITRAIN mt5_large | fROI=Lang_LH_IFG | layer=13 | mean r=0.050
ACROSS-SPLIT-MULTITRAIN mt5_large | fROI=Lang_LH_IFG | layer=14 | mean r=0.055
ACROSS-SPLIT-MULTITRAIN mt5_large | fROI=Lang_LH_IFG | layer=15 | mean r=0.077
ACROSS-SPLIT-MULTITRAIN mt5_large | fROI=Lang_LH_IFG | layer=16 | mean r=0.080
ACROSS-SPLIT-MULTITRAIN mt5_large | fROI=Lang_LH_IFG | layer=17 | mean r=0.118
ACROSS-SPLIT-MULTITRAIN mt5_large | fROI=Lang_LH_IFG | layer=18 | mean r=0.107
ACROSS-SPLIT-MULTITRAIN mt5_large | fROI=Lang_LH_IFG | layer=19 | mean r=0.105
ACROSS-SPLIT-MULTITRAIN mt5_large | fROI=Lang_LH_IFG | layer=20 | mean r=0.082
ACROSS-SPLIT-MULTITRAIN mt5_large | fROI=Lang_LH_IFG | layer=21 | mean r=0.078
ACROSS-SPLIT-MULTITRAIN mt5_large | fROI=Lang_LH_IFG | layer=22 | mean r=0.089
ACROSS-SPLIT-MULTITRAIN mt5_large | fROI=Lang_LH_IFG | layer=23 | mean r=0.080
ACROSS-SPLIT-MULTITRAIN mt5_large | fROI=Lang_LH_IFG | layer=24 | mean r=0.080


[ACROSS-SPLIT] Processing Lang_LH_IFGorb (3/6)
ACROSS-SPLIT-MULTITRAIN mt5_large | fROI=Lang_LH_IFGorb | layer=0 | mean r=0.069
ACROSS-SPLIT-MULTITRAIN mt5_large | fROI=Lang_LH_IFGorb | layer=1 | mean r=0.066
ACROSS-SPLIT-MULTITRAIN mt5_large | fROI=Lang_LH_IFGorb | layer=2 | mean r=0.075
ACROSS-SPLIT-MULTITRAIN mt5_large | fROI=Lang_LH_IFGorb | layer=3 | mean r=0.080
ACROSS-SPLIT-MULTITRAIN mt5_large | fROI=Lang_LH_IFGorb | layer=4 | mean r=0.079
ACROSS-SPLIT-MULTITRAIN mt5_large | fROI=Lang_LH_IFGorb | layer=5 | mean r=0.069
ACROSS-SPLIT-MULTITRAIN mt5_large | fROI=Lang_LH_IFGorb | layer=6 | mean r=0.064
ACROSS-SPLIT-MULTITRAIN mt5_large | fROI=Lang_LH_IFGorb | layer=7 | mean r=0.097
ACROSS-SPLIT-MULTITRAIN mt5_large | fROI=Lang_LH_IFGorb | layer=8 | mean r=0.099
ACROSS-SPLIT-MULTITRAIN mt5_large | fROI=Lang_LH_IFGorb | layer=9 | mean r=0.111
ACROSS-SPLIT-MULTITRAIN mt5_large | fROI=Lang_LH_IFGorb | layer=10 | mean r=0.106
ACROSS-SPLIT-MULTITRAIN mt5_large | fROI=Lang_LH_IFGorb | layer=11 | mean r=0.094
ACROSS-SPLIT-MULTITRAIN mt5_large | fROI=Lang_LH_IFGorb | layer=12 | mean r=0.112
ACROSS-SPLIT-MULTITRAIN mt5_large | fROI=Lang_LH_IFGorb | layer=13 | mean r=0.131
ACROSS-SPLIT-MULTITRAIN mt5_large | fROI=Lang_LH_IFGorb | layer=14 | mean r=0.124
ACROSS-SPLIT-MULTITRAIN mt5_large | fROI=Lang_LH_IFGorb | layer=15 | mean r=0.134
ACROSS-SPLIT-MULTITRAIN mt5_large | fROI=Lang_LH_IFGorb | layer=16 | mean r=0.133
ACROSS-SPLIT-MULTITRAIN mt5_large | fROI=Lang_LH_IFGorb | layer=17 | mean r=0.160
ACROSS-SPLIT-MULTITRAIN mt5_large | fROI=Lang_LH_IFGorb | layer=18 | mean r=0.152
ACROSS-SPLIT-MULTITRAIN mt5_large | fROI=Lang_LH_IFGorb | layer=19 | mean r=0.153
ACROSS-SPLIT-MULTITRAIN mt5_large | fROI=Lang_LH_IFGorb | layer=20 | mean r=0.141
ACROSS-SPLIT-MULTITRAIN mt5_large | fROI=Lang_LH_IFGorb | layer=21 | mean r=0.130
ACROSS-SPLIT-MULTITRAIN mt5_large | fROI=Lang_LH_IFGorb | layer=22 | mean r=0.133
ACROSS-SPLIT-MULTITRAIN mt5_large | fROI=Lang_LH_IFGorb | layer=23 | mean r=0.142
ACROSS-SPLIT-MULTITRAIN mt5_large | fROI=Lang_LH_IFGorb | layer=24 | mean r=0.139


[ACROSS-SPLIT] Processing Lang_LH_MFG (4/6)
ACROSS-SPLIT-MULTITRAIN mt5_large | fROI=Lang_LH_MFG | layer=0 | mean r=0.072
ACROSS-SPLIT-MULTITRAIN mt5_large | fROI=Lang_LH_MFG | layer=1 | mean r=0.066
ACROSS-SPLIT-MULTITRAIN mt5_large | fROI=Lang_LH_MFG | layer=2 | mean r=0.069
ACROSS-SPLIT-MULTITRAIN mt5_large | fROI=Lang_LH_MFG | layer=3 | mean r=0.056
ACROSS-SPLIT-MULTITRAIN mt5_large | fROI=Lang_LH_MFG | layer=4 | mean r=0.061
ACROSS-SPLIT-MULTITRAIN mt5_large | fROI=Lang_LH_MFG | layer=5 | mean r=0.055
ACROSS-SPLIT-MULTITRAIN mt5_large | fROI=Lang_LH_MFG | layer=6 | mean r=0.047
ACROSS-SPLIT-MULTITRAIN mt5_large | fROI=Lang_LH_MFG | layer=7 | mean r=0.063
ACROSS-SPLIT-MULTITRAIN mt5_large | fROI=Lang_LH_MFG | layer=8 | mean r=0.070
ACROSS-SPLIT-MULTITRAIN mt5_large | fROI=Lang_LH_MFG | layer=9 | mean r=0.095
ACROSS-SPLIT-MULTITRAIN mt5_large | fROI=Lang_LH_MFG | layer=10 | mean r=0.075
ACROSS-SPLIT-MULTITRAIN mt5_large | fROI=Lang_LH_MFG | layer=11 | mean r=0.077
ACROSS-SPLIT-MULTITRAIN mt5_large | fROI=Lang_LH_MFG | layer=12 | mean r=0.102
ACROSS-SPLIT-MULTITRAIN mt5_large | fROI=Lang_LH_MFG | layer=13 | mean r=0.099
ACROSS-SPLIT-MULTITRAIN mt5_large | fROI=Lang_LH_MFG | layer=14 | mean r=0.094
ACROSS-SPLIT-MULTITRAIN mt5_large | fROI=Lang_LH_MFG | layer=15 | mean r=0.086
ACROSS-SPLIT-MULTITRAIN mt5_large | fROI=Lang_LH_MFG | layer=16 | mean r=0.091
ACROSS-SPLIT-MULTITRAIN mt5_large | fROI=Lang_LH_MFG | layer=17 | mean r=0.115
ACROSS-SPLIT-MULTITRAIN mt5_large | fROI=Lang_LH_MFG | layer=18 | mean r=0.098
ACROSS-SPLIT-MULTITRAIN mt5_large | fROI=Lang_LH_MFG | layer=19 | mean r=0.096
ACROSS-SPLIT-MULTITRAIN mt5_large | fROI=Lang_LH_MFG | layer=20 | mean r=0.090
ACROSS-SPLIT-MULTITRAIN mt5_large | fROI=Lang_LH_MFG | layer=21 | mean r=0.094
ACROSS-SPLIT-MULTITRAIN mt5_large | fROI=Lang_LH_MFG | layer=22 | mean r=0.089
ACROSS-SPLIT-MULTITRAIN mt5_large | fROI=Lang_LH_MFG | layer=23 | mean r=0.090
ACROSS-SPLIT-MULTITRAIN mt5_large | fROI=Lang_LH_MFG | layer=24 | mean r=0.080


[ACROSS-SPLIT] Processing Lang_LH_PostTemp (5/6)
ACROSS-SPLIT-MULTITRAIN mt5_large | fROI=Lang_LH_PostTemp | layer=0 | mean r=0.094
ACROSS-SPLIT-MULTITRAIN mt5_large | fROI=Lang_LH_PostTemp | layer=1 | mean r=0.102
ACROSS-SPLIT-MULTITRAIN mt5_large | fROI=Lang_LH_PostTemp | layer=2 | mean r=0.107
ACROSS-SPLIT-MULTITRAIN mt5_large | fROI=Lang_LH_PostTemp | layer=3 | mean r=0.101
ACROSS-SPLIT-MULTITRAIN mt5_large | fROI=Lang_LH_PostTemp | layer=4 | mean r=0.104
ACROSS-SPLIT-MULTITRAIN mt5_large | fROI=Lang_LH_PostTemp | layer=5 | mean r=0.106
ACROSS-SPLIT-MULTITRAIN mt5_large | fROI=Lang_LH_PostTemp | layer=6 | mean r=0.113
ACROSS-SPLIT-MULTITRAIN mt5_large | fROI=Lang_LH_PostTemp | layer=7 | mean r=0.142
ACROSS-SPLIT-MULTITRAIN mt5_large | fROI=Lang_LH_PostTemp | layer=8 | mean r=0.158
ACROSS-SPLIT-MULTITRAIN mt5_large | fROI=Lang_LH_PostTemp | layer=9 | mean r=0.192
ACROSS-SPLIT-MULTITRAIN mt5_large | fROI=Lang_LH_PostTemp | layer=10 | mean r=0.191
ACROSS-SPLIT-MULTITRAIN mt5_large | fROI=Lang_LH_PostTemp | layer=11 | mean r=0.196
ACROSS-SPLIT-MULTITRAIN mt5_large | fROI=Lang_LH_PostTemp | layer=12 | mean r=0.193
ACROSS-SPLIT-MULTITRAIN mt5_large | fROI=Lang_LH_PostTemp | layer=13 | mean r=0.213
ACROSS-SPLIT-MULTITRAIN mt5_large | fROI=Lang_LH_PostTemp | layer=14 | mean r=0.213
ACROSS-SPLIT-MULTITRAIN mt5_large | fROI=Lang_LH_PostTemp | layer=15 | mean r=0.219
ACROSS-SPLIT-MULTITRAIN mt5_large | fROI=Lang_LH_PostTemp | layer=16 | mean r=0.221
ACROSS-SPLIT-MULTITRAIN mt5_large | fROI=Lang_LH_PostTemp | layer=17 | mean r=0.241
ACROSS-SPLIT-MULTITRAIN mt5_large | fROI=Lang_LH_PostTemp | layer=18 | mean r=0.242
ACROSS-SPLIT-MULTITRAIN mt5_large | fROI=Lang_LH_PostTemp | layer=19 | mean r=0.246
ACROSS-SPLIT-MULTITRAIN mt5_large | fROI=Lang_LH_PostTemp | layer=20 | mean r=0.260
ACROSS-SPLIT-MULTITRAIN mt5_large | fROI=Lang_LH_PostTemp | layer=21 | mean r=0.236
ACROSS-SPLIT-MULTITRAIN mt5_large | fROI=Lang_LH_PostTemp | layer=22 | mean r=0.239
ACROSS-SPLIT-MULTITRAIN mt5_large | fROI=Lang_LH_PostTemp | layer=23 | mean r=0.228
ACROSS-SPLIT-MULTITRAIN mt5_large | fROI=Lang_LH_PostTemp | layer=24 | mean r=0.234


[ACROSS-SPLIT] Processing all (6/6)
ACROSS-SPLIT-MULTITRAIN mt5_large | fROI=all | layer=0 | mean r=0.081
ACROSS-SPLIT-MULTITRAIN mt5_large | fROI=all | layer=1 | mean r=0.079
ACROSS-SPLIT-MULTITRAIN mt5_large | fROI=all | layer=2 | mean r=0.083
ACROSS-SPLIT-MULTITRAIN mt5_large | fROI=all | layer=3 | mean r=0.073
ACROSS-SPLIT-MULTITRAIN mt5_large | fROI=all | layer=4 | mean r=0.074
ACROSS-SPLIT-MULTITRAIN mt5_large | fROI=all | layer=5 | mean r=0.063
ACROSS-SPLIT-MULTITRAIN mt5_large | fROI=all | layer=6 | mean r=0.073
ACROSS-SPLIT-MULTITRAIN mt5_large | fROI=all | layer=7 | mean r=0.100
ACROSS-SPLIT-MULTITRAIN mt5_large | fROI=all | layer=8 | mean r=0.091
ACROSS-SPLIT-MULTITRAIN mt5_large | fROI=all | layer=9 | mean r=0.136
ACROSS-SPLIT-MULTITRAIN mt5_large | fROI=all | layer=10 | mean r=0.123
ACROSS-SPLIT-MULTITRAIN mt5_large | fROI=all | layer=11 | mean r=0.120
ACROSS-SPLIT-MULTITRAIN mt5_large | fROI=all | layer=12 | mean r=0.131
ACROSS-SPLIT-MULTITRAIN mt5_large | fROI=all | layer=13 | mean r=0.136
ACROSS-SPLIT-MULTITRAIN mt5_large | fROI=all | layer=14 | mean r=0.153
ACROSS-SPLIT-MULTITRAIN mt5_large | fROI=all | layer=15 | mean r=0.157
ACROSS-SPLIT-MULTITRAIN mt5_large | fROI=all | layer=16 | mean r=0.158
ACROSS-SPLIT-MULTITRAIN mt5_large | fROI=all | layer=17 | mean r=0.191
ACROSS-SPLIT-MULTITRAIN mt5_large | fROI=all | layer=18 | mean r=0.177
ACROSS-SPLIT-MULTITRAIN mt5_large | fROI=all | layer=19 | mean r=0.180
ACROSS-SPLIT-MULTITRAIN mt5_large | fROI=all | layer=20 | mean r=0.182
ACROSS-SPLIT-MULTITRAIN mt5_large | fROI=all | layer=21 | mean r=0.168
ACROSS-SPLIT-MULTITRAIN mt5_large | fROI=all | layer=22 | mean r=0.129
ACROSS-SPLIT-MULTITRAIN mt5_large | fROI=all | layer=23 | mean r=0.126
ACROSS-SPLIT-MULTITRAIN mt5_large | fROI=all | layer=24 | mean r=0.164


[ACROSS-SPLIT] Processing Lang_LH_AntTemp (1/6)
ACROSS-SPLIT-MULTITRAIN mdeberta | fROI=Lang_LH_AntTemp | layer=0 | mean r=0.079
ACROSS-SPLIT-MULTITRAIN mdeberta | fROI=Lang_LH_AntTemp | layer=1 | mean r=0.089
ACROSS-SPLIT-MULTITRAIN mdeberta | fROI=Lang_LH_AntTemp | layer=2 | mean r=0.082
ACROSS-SPLIT-MULTITRAIN mdeberta | fROI=Lang_LH_AntTemp | layer=3 | mean r=0.099
ACROSS-SPLIT-MULTITRAIN mdeberta | fROI=Lang_LH_AntTemp | layer=4 | mean r=0.103
ACROSS-SPLIT-MULTITRAIN mdeberta | fROI=Lang_LH_AntTemp | layer=5 | mean r=0.147
ACROSS-SPLIT-MULTITRAIN mdeberta | fROI=Lang_LH_AntTemp | layer=6 | mean r=0.148
ACROSS-SPLIT-MULTITRAIN mdeberta | fROI=Lang_LH_AntTemp | layer=7 | mean r=0.150
ACROSS-SPLIT-MULTITRAIN mdeberta | fROI=Lang_LH_AntTemp | layer=8 | mean r=0.183
ACROSS-SPLIT-MULTITRAIN mdeberta | fROI=Lang_LH_AntTemp | layer=9 | mean r=0.188
ACROSS-SPLIT-MULTITRAIN mdeberta | fROI=Lang_LH_AntTemp | layer=10 | mean r=0.162
ACROSS-SPLIT-MULTITRAIN mdeberta | fROI=Lang_LH_AntTemp | layer=11 | mean r=0.148
ACROSS-SPLIT-MULTITRAIN mdeberta | fROI=Lang_LH_AntTemp | layer=12 | mean r=0.105


[ACROSS-SPLIT] Processing Lang_LH_IFG (2/6)
ACROSS-SPLIT-MULTITRAIN mdeberta | fROI=Lang_LH_IFG | layer=0 | mean r=0.024
ACROSS-SPLIT-MULTITRAIN mdeberta | fROI=Lang_LH_IFG | layer=1 | mean r=0.029
ACROSS-SPLIT-MULTITRAIN mdeberta | fROI=Lang_LH_IFG | layer=2 | mean r=0.049
ACROSS-SPLIT-MULTITRAIN mdeberta | fROI=Lang_LH_IFG | layer=3 | mean r=0.069
ACROSS-SPLIT-MULTITRAIN mdeberta | fROI=Lang_LH_IFG | layer=4 | mean r=0.049
ACROSS-SPLIT-MULTITRAIN mdeberta | fROI=Lang_LH_IFG | layer=5 | mean r=0.072
ACROSS-SPLIT-MULTITRAIN mdeberta | fROI=Lang_LH_IFG | layer=6 | mean r=0.072
ACROSS-SPLIT-MULTITRAIN mdeberta | fROI=Lang_LH_IFG | layer=7 | mean r=0.056
ACROSS-SPLIT-MULTITRAIN mdeberta | fROI=Lang_LH_IFG | layer=8 | mean r=0.089
ACROSS-SPLIT-MULTITRAIN mdeberta | fROI=Lang_LH_IFG | layer=9 | mean r=0.093
ACROSS-SPLIT-MULTITRAIN mdeberta | fROI=Lang_LH_IFG | layer=10 | mean r=0.092
ACROSS-SPLIT-MULTITRAIN mdeberta | fROI=Lang_LH_IFG | layer=11 | mean r=0.101
ACROSS-SPLIT-MULTITRAIN mdeberta | fROI=Lang_LH_IFG | layer=12 | mean r=0.068


[ACROSS-SPLIT] Processing Lang_LH_IFGorb (3/6)
ACROSS-SPLIT-MULTITRAIN mdeberta | fROI=Lang_LH_IFGorb | layer=0 | mean r=0.057
ACROSS-SPLIT-MULTITRAIN mdeberta | fROI=Lang_LH_IFGorb | layer=1 | mean r=0.057
ACROSS-SPLIT-MULTITRAIN mdeberta | fROI=Lang_LH_IFGorb | layer=2 | mean r=0.074
ACROSS-SPLIT-MULTITRAIN mdeberta | fROI=Lang_LH_IFGorb | layer=3 | mean r=0.086
ACROSS-SPLIT-MULTITRAIN mdeberta | fROI=Lang_LH_IFGorb | layer=4 | mean r=0.085
ACROSS-SPLIT-MULTITRAIN mdeberta | fROI=Lang_LH_IFGorb | layer=5 | mean r=0.110
ACROSS-SPLIT-MULTITRAIN mdeberta | fROI=Lang_LH_IFGorb | layer=6 | mean r=0.128
ACROSS-SPLIT-MULTITRAIN mdeberta | fROI=Lang_LH_IFGorb | layer=7 | mean r=0.132
ACROSS-SPLIT-MULTITRAIN mdeberta | fROI=Lang_LH_IFGorb | layer=8 | mean r=0.171
ACROSS-SPLIT-MULTITRAIN mdeberta | fROI=Lang_LH_IFGorb | layer=9 | mean r=0.195
ACROSS-SPLIT-MULTITRAIN mdeberta | fROI=Lang_LH_IFGorb | layer=10 | mean r=0.166
ACROSS-SPLIT-MULTITRAIN mdeberta | fROI=Lang_LH_IFGorb | layer=11 | mean r=0.169
ACROSS-SPLIT-MULTITRAIN mdeberta | fROI=Lang_LH_IFGorb | layer=12 | mean r=0.084


[ACROSS-SPLIT] Processing Lang_LH_MFG (4/6)
ACROSS-SPLIT-MULTITRAIN mdeberta | fROI=Lang_LH_MFG | layer=0 | mean r=0.060
ACROSS-SPLIT-MULTITRAIN mdeberta | fROI=Lang_LH_MFG | layer=1 | mean r=0.049
ACROSS-SPLIT-MULTITRAIN mdeberta | fROI=Lang_LH_MFG | layer=2 | mean r=0.088
ACROSS-SPLIT-MULTITRAIN mdeberta | fROI=Lang_LH_MFG | layer=3 | mean r=0.111
ACROSS-SPLIT-MULTITRAIN mdeberta | fROI=Lang_LH_MFG | layer=4 | mean r=0.084
ACROSS-SPLIT-MULTITRAIN mdeberta | fROI=Lang_LH_MFG | layer=5 | mean r=0.111
ACROSS-SPLIT-MULTITRAIN mdeberta | fROI=Lang_LH_MFG | layer=6 | mean r=0.104
ACROSS-SPLIT-MULTITRAIN mdeberta | fROI=Lang_LH_MFG | layer=7 | mean r=0.080
ACROSS-SPLIT-MULTITRAIN mdeberta | fROI=Lang_LH_MFG | layer=8 | mean r=0.117
ACROSS-SPLIT-MULTITRAIN mdeberta | fROI=Lang_LH_MFG | layer=9 | mean r=0.124
ACROSS-SPLIT-MULTITRAIN mdeberta | fROI=Lang_LH_MFG | layer=10 | mean r=0.123
ACROSS-SPLIT-MULTITRAIN mdeberta | fROI=Lang_LH_MFG | layer=11 | mean r=0.118
ACROSS-SPLIT-MULTITRAIN mdeberta | fROI=Lang_LH_MFG | layer=12 | mean r=0.087


[ACROSS-SPLIT] Processing Lang_LH_PostTemp (5/6)
ACROSS-SPLIT-MULTITRAIN mdeberta | fROI=Lang_LH_PostTemp | layer=0 | mean r=0.075
ACROSS-SPLIT-MULTITRAIN mdeberta | fROI=Lang_LH_PostTemp | layer=1 | mean r=0.095
ACROSS-SPLIT-MULTITRAIN mdeberta | fROI=Lang_LH_PostTemp | layer=2 | mean r=0.113
ACROSS-SPLIT-MULTITRAIN mdeberta | fROI=Lang_LH_PostTemp | layer=3 | mean r=0.135
ACROSS-SPLIT-MULTITRAIN mdeberta | fROI=Lang_LH_PostTemp | layer=4 | mean r=0.142
ACROSS-SPLIT-MULTITRAIN mdeberta | fROI=Lang_LH_PostTemp | layer=5 | mean r=0.178
ACROSS-SPLIT-MULTITRAIN mdeberta | fROI=Lang_LH_PostTemp | layer=6 | mean r=0.188
ACROSS-SPLIT-MULTITRAIN mdeberta | fROI=Lang_LH_PostTemp | layer=7 | mean r=0.205
ACROSS-SPLIT-MULTITRAIN mdeberta | fROI=Lang_LH_PostTemp | layer=8 | mean r=0.237
ACROSS-SPLIT-MULTITRAIN mdeberta | fROI=Lang_LH_PostTemp | layer=9 | mean r=0.243
ACROSS-SPLIT-MULTITRAIN mdeberta | fROI=Lang_LH_PostTemp | layer=10 | mean r=0.216
ACROSS-SPLIT-MULTITRAIN mdeberta | fROI=Lang_LH_PostTemp | layer=11 | mean r=0.232
ACROSS-SPLIT-MULTITRAIN mdeberta | fROI=Lang_LH_PostTemp | layer=12 | mean r=0.181


[ACROSS-SPLIT] Processing all (6/6)
ACROSS-SPLIT-MULTITRAIN mdeberta | fROI=all | layer=0 | mean r=0.057
ACROSS-SPLIT-MULTITRAIN mdeberta | fROI=all | layer=1 | mean r=0.071
ACROSS-SPLIT-MULTITRAIN mdeberta | fROI=all | layer=2 | mean r=0.093
ACROSS-SPLIT-MULTITRAIN mdeberta | fROI=all | layer=3 | mean r=0.118
ACROSS-SPLIT-MULTITRAIN mdeberta | fROI=all | layer=4 | mean r=0.089
ACROSS-SPLIT-MULTITRAIN mdeberta | fROI=all | layer=5 | mean r=0.110
ACROSS-SPLIT-MULTITRAIN mdeberta | fROI=all | layer=6 | mean r=0.121
ACROSS-SPLIT-MULTITRAIN mdeberta | fROI=all | layer=7 | mean r=0.122
ACROSS-SPLIT-MULTITRAIN mdeberta | fROI=all | layer=8 | mean r=0.165
ACROSS-SPLIT-MULTITRAIN mdeberta | fROI=all | layer=9 | mean r=0.173
ACROSS-SPLIT-MULTITRAIN mdeberta | fROI=all | layer=10 | mean r=0.156
ACROSS-SPLIT-MULTITRAIN mdeberta | fROI=all | layer=11 | mean r=0.159
ACROSS-SPLIT-MULTITRAIN mdeberta | fROI=all | layer=12 | mean r=0.105


[ACROSS-SPLIT] Processing Lang_LH_AntTemp (1/6)
ACROSS-SPLIT-MULTITRAIN xlm_align | fROI=Lang_LH_AntTemp | layer=0 | mean r=0.056
ACROSS-SPLIT-MULTITRAIN xlm_align | fROI=Lang_LH_AntTemp | layer=1 | mean r=0.061
ACROSS-SPLIT-MULTITRAIN xlm_align | fROI=Lang_LH_AntTemp | layer=2 | mean r=0.087
ACROSS-SPLIT-MULTITRAIN xlm_align | fROI=Lang_LH_AntTemp | layer=3 | mean r=0.130
ACROSS-SPLIT-MULTITRAIN xlm_align | fROI=Lang_LH_AntTemp | layer=4 | mean r=0.121
ACROSS-SPLIT-MULTITRAIN xlm_align | fROI=Lang_LH_AntTemp | layer=5 | mean r=0.129
ACROSS-SPLIT-MULTITRAIN xlm_align | fROI=Lang_LH_AntTemp | layer=6 | mean r=0.159
ACROSS-SPLIT-MULTITRAIN xlm_align | fROI=Lang_LH_AntTemp | layer=7 | mean r=0.180
ACROSS-SPLIT-MULTITRAIN xlm_align | fROI=Lang_LH_AntTemp | layer=8 | mean r=0.146
ACROSS-SPLIT-MULTITRAIN xlm_align | fROI=Lang_LH_AntTemp | layer=9 | mean r=0.161
ACROSS-SPLIT-MULTITRAIN xlm_align | fROI=Lang_LH_AntTemp | layer=10 | mean r=0.138
ACROSS-SPLIT-MULTITRAIN xlm_align | fROI=Lang_LH_AntTemp | layer=11 | mean r=0.134
ACROSS-SPLIT-MULTITRAIN xlm_align | fROI=Lang_LH_AntTemp | layer=12 | mean r=0.091


[ACROSS-SPLIT] Processing Lang_LH_IFG (2/6)
ACROSS-SPLIT-MULTITRAIN xlm_align | fROI=Lang_LH_IFG | layer=0 | mean r=0.023
ACROSS-SPLIT-MULTITRAIN xlm_align | fROI=Lang_LH_IFG | layer=1 | mean r=0.055
ACROSS-SPLIT-MULTITRAIN xlm_align | fROI=Lang_LH_IFG | layer=2 | mean r=0.050
ACROSS-SPLIT-MULTITRAIN xlm_align | fROI=Lang_LH_IFG | layer=3 | mean r=0.081
ACROSS-SPLIT-MULTITRAIN xlm_align | fROI=Lang_LH_IFG | layer=4 | mean r=0.070
ACROSS-SPLIT-MULTITRAIN xlm_align | fROI=Lang_LH_IFG | layer=5 | mean r=0.058
ACROSS-SPLIT-MULTITRAIN xlm_align | fROI=Lang_LH_IFG | layer=6 | mean r=0.080
ACROSS-SPLIT-MULTITRAIN xlm_align | fROI=Lang_LH_IFG | layer=7 | mean r=0.094
ACROSS-SPLIT-MULTITRAIN xlm_align | fROI=Lang_LH_IFG | layer=8 | mean r=0.070
ACROSS-SPLIT-MULTITRAIN xlm_align | fROI=Lang_LH_IFG | layer=9 | mean r=0.071
ACROSS-SPLIT-MULTITRAIN xlm_align | fROI=Lang_LH_IFG | layer=10 | mean r=0.074
ACROSS-SPLIT-MULTITRAIN xlm_align | fROI=Lang_LH_IFG | layer=11 | mean r=0.068
ACROSS-SPLIT-MULTITRAIN xlm_align | fROI=Lang_LH_IFG | layer=12 | mean r=0.067


[ACROSS-SPLIT] Processing Lang_LH_IFGorb (3/6)
ACROSS-SPLIT-MULTITRAIN xlm_align | fROI=Lang_LH_IFGorb | layer=0 | mean r=0.075
ACROSS-SPLIT-MULTITRAIN xlm_align | fROI=Lang_LH_IFGorb | layer=1 | mean r=0.084
ACROSS-SPLIT-MULTITRAIN xlm_align | fROI=Lang_LH_IFGorb | layer=2 | mean r=0.081
ACROSS-SPLIT-MULTITRAIN xlm_align | fROI=Lang_LH_IFGorb | layer=3 | mean r=0.111
ACROSS-SPLIT-MULTITRAIN xlm_align | fROI=Lang_LH_IFGorb | layer=4 | mean r=0.140
ACROSS-SPLIT-MULTITRAIN xlm_align | fROI=Lang_LH_IFGorb | layer=5 | mean r=0.170
ACROSS-SPLIT-MULTITRAIN xlm_align | fROI=Lang_LH_IFGorb | layer=6 | mean r=0.210
ACROSS-SPLIT-MULTITRAIN xlm_align | fROI=Lang_LH_IFGorb | layer=7 | mean r=0.202
ACROSS-SPLIT-MULTITRAIN xlm_align | fROI=Lang_LH_IFGorb | layer=8 | mean r=0.173
ACROSS-SPLIT-MULTITRAIN xlm_align | fROI=Lang_LH_IFGorb | layer=9 | mean r=0.164
ACROSS-SPLIT-MULTITRAIN xlm_align | fROI=Lang_LH_IFGorb | layer=10 | mean r=0.141
ACROSS-SPLIT-MULTITRAIN xlm_align | fROI=Lang_LH_IFGorb | layer=11 | mean r=0.142
ACROSS-SPLIT-MULTITRAIN xlm_align | fROI=Lang_LH_IFGorb | layer=12 | mean r=0.131


[ACROSS-SPLIT] Processing Lang_LH_MFG (4/6)
ACROSS-SPLIT-MULTITRAIN xlm_align | fROI=Lang_LH_MFG | layer=0 | mean r=0.050
ACROSS-SPLIT-MULTITRAIN xlm_align | fROI=Lang_LH_MFG | layer=1 | mean r=0.091
ACROSS-SPLIT-MULTITRAIN xlm_align | fROI=Lang_LH_MFG | layer=2 | mean r=0.083
ACROSS-SPLIT-MULTITRAIN xlm_align | fROI=Lang_LH_MFG | layer=3 | mean r=0.094
ACROSS-SPLIT-MULTITRAIN xlm_align | fROI=Lang_LH_MFG | layer=4 | mean r=0.113
ACROSS-SPLIT-MULTITRAIN xlm_align | fROI=Lang_LH_MFG | layer=5 | mean r=0.096
ACROSS-SPLIT-MULTITRAIN xlm_align | fROI=Lang_LH_MFG | layer=6 | mean r=0.117
ACROSS-SPLIT-MULTITRAIN xlm_align | fROI=Lang_LH_MFG | layer=7 | mean r=0.101
ACROSS-SPLIT-MULTITRAIN xlm_align | fROI=Lang_LH_MFG | layer=8 | mean r=0.119
ACROSS-SPLIT-MULTITRAIN xlm_align | fROI=Lang_LH_MFG | layer=9 | mean r=0.116
ACROSS-SPLIT-MULTITRAIN xlm_align | fROI=Lang_LH_MFG | layer=10 | mean r=0.113
ACROSS-SPLIT-MULTITRAIN xlm_align | fROI=Lang_LH_MFG | layer=11 | mean r=0.098
ACROSS-SPLIT-MULTITRAIN xlm_align | fROI=Lang_LH_MFG | layer=12 | mean r=0.107


[ACROSS-SPLIT] Processing Lang_LH_PostTemp (5/6)
ACROSS-SPLIT-MULTITRAIN xlm_align | fROI=Lang_LH_PostTemp | layer=0 | mean r=0.042
ACROSS-SPLIT-MULTITRAIN xlm_align | fROI=Lang_LH_PostTemp | layer=1 | mean r=0.073
ACROSS-SPLIT-MULTITRAIN xlm_align | fROI=Lang_LH_PostTemp | layer=2 | mean r=0.089
ACROSS-SPLIT-MULTITRAIN xlm_align | fROI=Lang_LH_PostTemp | layer=3 | mean r=0.125
ACROSS-SPLIT-MULTITRAIN xlm_align | fROI=Lang_LH_PostTemp | layer=4 | mean r=0.172
ACROSS-SPLIT-MULTITRAIN xlm_align | fROI=Lang_LH_PostTemp | layer=5 | mean r=0.167
ACROSS-SPLIT-MULTITRAIN xlm_align | fROI=Lang_LH_PostTemp | layer=6 | mean r=0.213
ACROSS-SPLIT-MULTITRAIN xlm_align | fROI=Lang_LH_PostTemp | layer=7 | mean r=0.219
ACROSS-SPLIT-MULTITRAIN xlm_align | fROI=Lang_LH_PostTemp | layer=8 | mean r=0.206
ACROSS-SPLIT-MULTITRAIN xlm_align | fROI=Lang_LH_PostTemp | layer=9 | mean r=0.207
ACROSS-SPLIT-MULTITRAIN xlm_align | fROI=Lang_LH_PostTemp | layer=10 | mean r=0.197
ACROSS-SPLIT-MULTITRAIN xlm_align | fROI=Lang_LH_PostTemp | layer=11 | mean r=0.169
ACROSS-SPLIT-MULTITRAIN xlm_align | fROI=Lang_LH_PostTemp | layer=12 | mean r=0.165


[ACROSS-SPLIT] Processing all (6/6)
ACROSS-SPLIT-MULTITRAIN xlm_align | fROI=all | layer=0 | mean r=0.050
ACROSS-SPLIT-MULTITRAIN xlm_align | fROI=all | layer=1 | mean r=0.077
ACROSS-SPLIT-MULTITRAIN xlm_align | fROI=all | layer=2 | mean r=0.096
ACROSS-SPLIT-MULTITRAIN xlm_align | fROI=all | layer=3 | mean r=0.108
ACROSS-SPLIT-MULTITRAIN xlm_align | fROI=all | layer=4 | mean r=0.138
ACROSS-SPLIT-MULTITRAIN xlm_align | fROI=all | layer=5 | mean r=0.125
ACROSS-SPLIT-MULTITRAIN xlm_align | fROI=all | layer=6 | mean r=0.156
ACROSS-SPLIT-MULTITRAIN xlm_align | fROI=all | layer=7 | mean r=0.165
ACROSS-SPLIT-MULTITRAIN xlm_align | fROI=all | layer=8 | mean r=0.147
ACROSS-SPLIT-MULTITRAIN xlm_align | fROI=all | layer=9 | mean r=0.152
ACROSS-SPLIT-MULTITRAIN xlm_align | fROI=all | layer=10 | mean r=0.130
ACROSS-SPLIT-MULTITRAIN xlm_align | fROI=all | layer=11 | mean r=0.122
ACROSS-SPLIT-MULTITRAIN xlm_align | fROI=all | layer=12 | mean r=0.083


[ACROSS-SPLIT] Processing Lang_LH_AntTemp (1/6)
ACROSS-SPLIT-MULTITRAIN infoxlm_base | fROI=Lang_LH_AntTemp | layer=0 | mean r=0.060
ACROSS-SPLIT-MULTITRAIN infoxlm_base | fROI=Lang_LH_AntTemp | layer=1 | mean r=0.069
ACROSS-SPLIT-MULTITRAIN infoxlm_base | fROI=Lang_LH_AntTemp | layer=2 | mean r=0.083
ACROSS-SPLIT-MULTITRAIN infoxlm_base | fROI=Lang_LH_AntTemp | layer=3 | mean r=0.109
ACROSS-SPLIT-MULTITRAIN infoxlm_base | fROI=Lang_LH_AntTemp | layer=4 | mean r=0.159
ACROSS-SPLIT-MULTITRAIN infoxlm_base | fROI=Lang_LH_AntTemp | layer=5 | mean r=0.138
ACROSS-SPLIT-MULTITRAIN infoxlm_base | fROI=Lang_LH_AntTemp | layer=6 | mean r=0.118
ACROSS-SPLIT-MULTITRAIN infoxlm_base | fROI=Lang_LH_AntTemp | layer=7 | mean r=0.169
ACROSS-SPLIT-MULTITRAIN infoxlm_base | fROI=Lang_LH_AntTemp | layer=8 | mean r=0.178
ACROSS-SPLIT-MULTITRAIN infoxlm_base | fROI=Lang_LH_AntTemp | layer=9 | mean r=0.211
ACROSS-SPLIT-MULTITRAIN infoxlm_base | fROI=Lang_LH_AntTemp | layer=10 | mean r=0.186
ACROSS-SPLIT-MULTITRAIN infoxlm_base | fROI=Lang_LH_AntTemp | layer=11 | mean r=0.168
ACROSS-SPLIT-MULTITRAIN infoxlm_base | fROI=Lang_LH_AntTemp | layer=12 | mean r=0.120


[ACROSS-SPLIT] Processing Lang_LH_IFG (2/6)
ACROSS-SPLIT-MULTITRAIN infoxlm_base | fROI=Lang_LH_IFG | layer=0 | mean r=0.022
ACROSS-SPLIT-MULTITRAIN infoxlm_base | fROI=Lang_LH_IFG | layer=1 | mean r=0.047
ACROSS-SPLIT-MULTITRAIN infoxlm_base | fROI=Lang_LH_IFG | layer=2 | mean r=0.052
ACROSS-SPLIT-MULTITRAIN infoxlm_base | fROI=Lang_LH_IFG | layer=3 | mean r=0.069
ACROSS-SPLIT-MULTITRAIN infoxlm_base | fROI=Lang_LH_IFG | layer=4 | mean r=0.074
ACROSS-SPLIT-MULTITRAIN infoxlm_base | fROI=Lang_LH_IFG | layer=5 | mean r=0.071
ACROSS-SPLIT-MULTITRAIN infoxlm_base | fROI=Lang_LH_IFG | layer=6 | mean r=0.062
ACROSS-SPLIT-MULTITRAIN infoxlm_base | fROI=Lang_LH_IFG | layer=7 | mean r=0.120
ACROSS-SPLIT-MULTITRAIN infoxlm_base | fROI=Lang_LH_IFG | layer=8 | mean r=0.080
ACROSS-SPLIT-MULTITRAIN infoxlm_base | fROI=Lang_LH_IFG | layer=9 | mean r=0.080
ACROSS-SPLIT-MULTITRAIN infoxlm_base | fROI=Lang_LH_IFG | layer=10 | mean r=0.087
ACROSS-SPLIT-MULTITRAIN infoxlm_base | fROI=Lang_LH_IFG | layer=11 | mean r=0.073
ACROSS-SPLIT-MULTITRAIN infoxlm_base | fROI=Lang_LH_IFG | layer=12 | mean r=0.115


[ACROSS-SPLIT] Processing Lang_LH_IFGorb (3/6)
ACROSS-SPLIT-MULTITRAIN infoxlm_base | fROI=Lang_LH_IFGorb | layer=0 | mean r=0.067
ACROSS-SPLIT-MULTITRAIN infoxlm_base | fROI=Lang_LH_IFGorb | layer=1 | mean r=0.104
ACROSS-SPLIT-MULTITRAIN infoxlm_base | fROI=Lang_LH_IFGorb | layer=2 | mean r=0.106
ACROSS-SPLIT-MULTITRAIN infoxlm_base | fROI=Lang_LH_IFGorb | layer=3 | mean r=0.113
ACROSS-SPLIT-MULTITRAIN infoxlm_base | fROI=Lang_LH_IFGorb | layer=4 | mean r=0.139
ACROSS-SPLIT-MULTITRAIN infoxlm_base | fROI=Lang_LH_IFGorb | layer=5 | mean r=0.145
ACROSS-SPLIT-MULTITRAIN infoxlm_base | fROI=Lang_LH_IFGorb | layer=6 | mean r=0.167
ACROSS-SPLIT-MULTITRAIN infoxlm_base | fROI=Lang_LH_IFGorb | layer=7 | mean r=0.172
ACROSS-SPLIT-MULTITRAIN infoxlm_base | fROI=Lang_LH_IFGorb | layer=8 | mean r=0.143
ACROSS-SPLIT-MULTITRAIN infoxlm_base | fROI=Lang_LH_IFGorb | layer=9 | mean r=0.164
ACROSS-SPLIT-MULTITRAIN infoxlm_base | fROI=Lang_LH_IFGorb | layer=10 | mean r=0.139
ACROSS-SPLIT-MULTITRAIN infoxlm_base | fROI=Lang_LH_IFGorb | layer=11 | mean r=0.144
ACROSS-SPLIT-MULTITRAIN infoxlm_base | fROI=Lang_LH_IFGorb | layer=12 | mean r=0.167


[ACROSS-SPLIT] Processing Lang_LH_MFG (4/6)
ACROSS-SPLIT-MULTITRAIN infoxlm_base | fROI=Lang_LH_MFG | layer=0 | mean r=0.052
ACROSS-SPLIT-MULTITRAIN infoxlm_base | fROI=Lang_LH_MFG | layer=1 | mean r=0.096
ACROSS-SPLIT-MULTITRAIN infoxlm_base | fROI=Lang_LH_MFG | layer=2 | mean r=0.076
ACROSS-SPLIT-MULTITRAIN infoxlm_base | fROI=Lang_LH_MFG | layer=3 | mean r=0.075
ACROSS-SPLIT-MULTITRAIN infoxlm_base | fROI=Lang_LH_MFG | layer=4 | mean r=0.095
ACROSS-SPLIT-MULTITRAIN infoxlm_base | fROI=Lang_LH_MFG | layer=5 | mean r=0.081
ACROSS-SPLIT-MULTITRAIN infoxlm_base | fROI=Lang_LH_MFG | layer=6 | mean r=0.086
ACROSS-SPLIT-MULTITRAIN infoxlm_base | fROI=Lang_LH_MFG | layer=7 | mean r=0.102
ACROSS-SPLIT-MULTITRAIN infoxlm_base | fROI=Lang_LH_MFG | layer=8 | mean r=0.115
ACROSS-SPLIT-MULTITRAIN infoxlm_base | fROI=Lang_LH_MFG | layer=9 | mean r=0.129
ACROSS-SPLIT-MULTITRAIN infoxlm_base | fROI=Lang_LH_MFG | layer=10 | mean r=0.112
ACROSS-SPLIT-MULTITRAIN infoxlm_base | fROI=Lang_LH_MFG | layer=11 | mean r=0.098
ACROSS-SPLIT-MULTITRAIN infoxlm_base | fROI=Lang_LH_MFG | layer=12 | mean r=0.133


[ACROSS-SPLIT] Processing Lang_LH_PostTemp (5/6)
ACROSS-SPLIT-MULTITRAIN infoxlm_base | fROI=Lang_LH_PostTemp | layer=0 | mean r=0.042
ACROSS-SPLIT-MULTITRAIN infoxlm_base | fROI=Lang_LH_PostTemp | layer=1 | mean r=0.067
ACROSS-SPLIT-MULTITRAIN infoxlm_base | fROI=Lang_LH_PostTemp | layer=2 | mean r=0.088
ACROSS-SPLIT-MULTITRAIN infoxlm_base | fROI=Lang_LH_PostTemp | layer=3 | mean r=0.126
ACROSS-SPLIT-MULTITRAIN infoxlm_base | fROI=Lang_LH_PostTemp | layer=4 | mean r=0.152
ACROSS-SPLIT-MULTITRAIN infoxlm_base | fROI=Lang_LH_PostTemp | layer=5 | mean r=0.149
ACROSS-SPLIT-MULTITRAIN infoxlm_base | fROI=Lang_LH_PostTemp | layer=6 | mean r=0.164
ACROSS-SPLIT-MULTITRAIN infoxlm_base | fROI=Lang_LH_PostTemp | layer=7 | mean r=0.199
ACROSS-SPLIT-MULTITRAIN infoxlm_base | fROI=Lang_LH_PostTemp | layer=8 | mean r=0.188
ACROSS-SPLIT-MULTITRAIN infoxlm_base | fROI=Lang_LH_PostTemp | layer=9 | mean r=0.217
ACROSS-SPLIT-MULTITRAIN infoxlm_base | fROI=Lang_LH_PostTemp | layer=10 | mean r=0.209
ACROSS-SPLIT-MULTITRAIN infoxlm_base | fROI=Lang_LH_PostTemp | layer=11 | mean r=0.183
ACROSS-SPLIT-MULTITRAIN infoxlm_base | fROI=Lang_LH_PostTemp | layer=12 | mean r=0.199


[ACROSS-SPLIT] Processing all (6/6)
ACROSS-SPLIT-MULTITRAIN infoxlm_base | fROI=all | layer=0 | mean r=0.053
ACROSS-SPLIT-MULTITRAIN infoxlm_base | fROI=all | layer=1 | mean r=0.044
ACROSS-SPLIT-MULTITRAIN infoxlm_base | fROI=all | layer=2 | mean r=0.089
ACROSS-SPLIT-MULTITRAIN infoxlm_base | fROI=all | layer=3 | mean r=0.115
ACROSS-SPLIT-MULTITRAIN infoxlm_base | fROI=all | layer=4 | mean r=0.117
ACROSS-SPLIT-MULTITRAIN infoxlm_base | fROI=all | layer=5 | mean r=0.128
ACROSS-SPLIT-MULTITRAIN infoxlm_base | fROI=all | layer=6 | mean r=0.122
ACROSS-SPLIT-MULTITRAIN infoxlm_base | fROI=all | layer=7 | mean r=0.169
ACROSS-SPLIT-MULTITRAIN infoxlm_base | fROI=all | layer=8 | mean r=0.156
ACROSS-SPLIT-MULTITRAIN infoxlm_base | fROI=all | layer=9 | mean r=0.170
ACROSS-SPLIT-MULTITRAIN infoxlm_base | fROI=all | layer=10 | mean r=0.181
ACROSS-SPLIT-MULTITRAIN infoxlm_base | fROI=all | layer=11 | mean r=0.156
ACROSS-SPLIT-MULTITRAIN infoxlm_base | fROI=all | layer=12 | mean r=0.179


[ACROSS-SPLIT] Processing Lang_LH_AntTemp (1/6)
ACROSS-SPLIT-MULTITRAIN infoxlm_large | fROI=Lang_LH_AntTemp | layer=0 | mean r=0.013
ACROSS-SPLIT-MULTITRAIN infoxlm_large | fROI=Lang_LH_AntTemp | layer=1 | mean r=0.035
ACROSS-SPLIT-MULTITRAIN infoxlm_large | fROI=Lang_LH_AntTemp | layer=2 | mean r=0.054
ACROSS-SPLIT-MULTITRAIN infoxlm_large | fROI=Lang_LH_AntTemp | layer=3 | mean r=0.084
ACROSS-SPLIT-MULTITRAIN infoxlm_large | fROI=Lang_LH_AntTemp | layer=4 | mean r=0.108
ACROSS-SPLIT-MULTITRAIN infoxlm_large | fROI=Lang_LH_AntTemp | layer=5 | mean r=0.145
ACROSS-SPLIT-MULTITRAIN infoxlm_large | fROI=Lang_LH_AntTemp | layer=6 | mean r=0.173
ACROSS-SPLIT-MULTITRAIN infoxlm_large | fROI=Lang_LH_AntTemp | layer=7 | mean r=0.150
ACROSS-SPLIT-MULTITRAIN infoxlm_large | fROI=Lang_LH_AntTemp | layer=8 | mean r=0.118
ACROSS-SPLIT-MULTITRAIN infoxlm_large | fROI=Lang_LH_AntTemp | layer=9 | mean r=0.108
ACROSS-SPLIT-MULTITRAIN infoxlm_large | fROI=Lang_LH_AntTemp | layer=10 | mean r=0.093
ACROSS-SPLIT-MULTITRAIN infoxlm_large | fROI=Lang_LH_AntTemp | layer=11 | mean r=0.134
ACROSS-SPLIT-MULTITRAIN infoxlm_large | fROI=Lang_LH_AntTemp | layer=12 | mean r=0.120
ACROSS-SPLIT-MULTITRAIN infoxlm_large | fROI=Lang_LH_AntTemp | layer=13 | mean r=0.161
ACROSS-SPLIT-MULTITRAIN infoxlm_large | fROI=Lang_LH_AntTemp | layer=14 | mean r=0.153
ACROSS-SPLIT-MULTITRAIN infoxlm_large | fROI=Lang_LH_AntTemp | layer=15 | mean r=0.142
ACROSS-SPLIT-MULTITRAIN infoxlm_large | fROI=Lang_LH_AntTemp | layer=16 | mean r=0.144
ACROSS-SPLIT-MULTITRAIN infoxlm_large | fROI=Lang_LH_AntTemp | layer=17 | mean r=0.143
ACROSS-SPLIT-MULTITRAIN infoxlm_large | fROI=Lang_LH_AntTemp | layer=18 | mean r=0.130
ACROSS-SPLIT-MULTITRAIN infoxlm_large | fROI=Lang_LH_AntTemp | layer=19 | mean r=0.115
ACROSS-SPLIT-MULTITRAIN infoxlm_large | fROI=Lang_LH_AntTemp | layer=20 | mean r=0.116
ACROSS-SPLIT-MULTITRAIN infoxlm_large | fROI=Lang_LH_AntTemp | layer=21 | mean r=0.091
ACROSS-SPLIT-MULTITRAIN infoxlm_large | fROI=Lang_LH_AntTemp | layer=22 | mean r=0.108
ACROSS-SPLIT-MULTITRAIN infoxlm_large | fROI=Lang_LH_AntTemp | layer=23 | mean r=0.102
ACROSS-SPLIT-MULTITRAIN infoxlm_large | fROI=Lang_LH_AntTemp | layer=24 | mean r=0.061


[ACROSS-SPLIT] Processing Lang_LH_IFG (2/6)
ACROSS-SPLIT-MULTITRAIN infoxlm_large | fROI=Lang_LH_IFG | layer=0 | mean r=-0.020
ACROSS-SPLIT-MULTITRAIN infoxlm_large | fROI=Lang_LH_IFG | layer=1 | mean r=-0.013
ACROSS-SPLIT-MULTITRAIN infoxlm_large | fROI=Lang_LH_IFG | layer=2 | mean r=-0.007
ACROSS-SPLIT-MULTITRAIN infoxlm_large | fROI=Lang_LH_IFG | layer=3 | mean r=0.044
ACROSS-SPLIT-MULTITRAIN infoxlm_large | fROI=Lang_LH_IFG | layer=4 | mean r=0.075
ACROSS-SPLIT-MULTITRAIN infoxlm_large | fROI=Lang_LH_IFG | layer=5 | mean r=0.077
ACROSS-SPLIT-MULTITRAIN infoxlm_large | fROI=Lang_LH_IFG | layer=6 | mean r=0.070
ACROSS-SPLIT-MULTITRAIN infoxlm_large | fROI=Lang_LH_IFG | layer=7 | mean r=0.056
ACROSS-SPLIT-MULTITRAIN infoxlm_large | fROI=Lang_LH_IFG | layer=8 | mean r=0.070
ACROSS-SPLIT-MULTITRAIN infoxlm_large | fROI=Lang_LH_IFG | layer=9 | mean r=0.049
ACROSS-SPLIT-MULTITRAIN infoxlm_large | fROI=Lang_LH_IFG | layer=10 | mean r=0.049
ACROSS-SPLIT-MULTITRAIN infoxlm_large | fROI=Lang_LH_IFG | layer=11 | mean r=0.076
ACROSS-SPLIT-MULTITRAIN infoxlm_large | fROI=Lang_LH_IFG | layer=12 | mean r=0.103
ACROSS-SPLIT-MULTITRAIN infoxlm_large | fROI=Lang_LH_IFG | layer=13 | mean r=0.108
ACROSS-SPLIT-MULTITRAIN infoxlm_large | fROI=Lang_LH_IFG | layer=14 | mean r=0.097
ACROSS-SPLIT-MULTITRAIN infoxlm_large | fROI=Lang_LH_IFG | layer=15 | mean r=0.105
ACROSS-SPLIT-MULTITRAIN infoxlm_large | fROI=Lang_LH_IFG | layer=16 | mean r=0.100
ACROSS-SPLIT-MULTITRAIN infoxlm_large | fROI=Lang_LH_IFG | layer=17 | mean r=0.077
ACROSS-SPLIT-MULTITRAIN infoxlm_large | fROI=Lang_LH_IFG | layer=18 | mean r=0.070
ACROSS-SPLIT-MULTITRAIN infoxlm_large | fROI=Lang_LH_IFG | layer=19 | mean r=0.044
ACROSS-SPLIT-MULTITRAIN infoxlm_large | fROI=Lang_LH_IFG | layer=20 | mean r=0.061
ACROSS-SPLIT-MULTITRAIN infoxlm_large | fROI=Lang_LH_IFG | layer=21 | mean r=0.040
ACROSS-SPLIT-MULTITRAIN infoxlm_large | fROI=Lang_LH_IFG | layer=22 | mean r=0.061
ACROSS-SPLIT-MULTITRAIN infoxlm_large | fROI=Lang_LH_IFG | layer=23 | mean r=0.067
ACROSS-SPLIT-MULTITRAIN infoxlm_large | fROI=Lang_LH_IFG | layer=24 | mean r=0.042


[ACROSS-SPLIT] Processing Lang_LH_IFGorb (3/6)
ACROSS-SPLIT-MULTITRAIN infoxlm_large | fROI=Lang_LH_IFGorb | layer=0 | mean r=0.014
ACROSS-SPLIT-MULTITRAIN infoxlm_large | fROI=Lang_LH_IFGorb | layer=1 | mean r=0.050
ACROSS-SPLIT-MULTITRAIN infoxlm_large | fROI=Lang_LH_IFGorb | layer=2 | mean r=0.055
ACROSS-SPLIT-MULTITRAIN infoxlm_large | fROI=Lang_LH_IFGorb | layer=3 | mean r=0.086
ACROSS-SPLIT-MULTITRAIN infoxlm_large | fROI=Lang_LH_IFGorb | layer=4 | mean r=0.115
ACROSS-SPLIT-MULTITRAIN infoxlm_large | fROI=Lang_LH_IFGorb | layer=5 | mean r=0.125
ACROSS-SPLIT-MULTITRAIN infoxlm_large | fROI=Lang_LH_IFGorb | layer=6 | mean r=0.138
ACROSS-SPLIT-MULTITRAIN infoxlm_large | fROI=Lang_LH_IFGorb | layer=7 | mean r=0.147
ACROSS-SPLIT-MULTITRAIN infoxlm_large | fROI=Lang_LH_IFGorb | layer=8 | mean r=0.148
ACROSS-SPLIT-MULTITRAIN infoxlm_large | fROI=Lang_LH_IFGorb | layer=9 | mean r=0.152
ACROSS-SPLIT-MULTITRAIN infoxlm_large | fROI=Lang_LH_IFGorb | layer=10 | mean r=0.140
ACROSS-SPLIT-MULTITRAIN infoxlm_large | fROI=Lang_LH_IFGorb | layer=11 | mean r=0.155
ACROSS-SPLIT-MULTITRAIN infoxlm_large | fROI=Lang_LH_IFGorb | layer=12 | mean r=0.161
ACROSS-SPLIT-MULTITRAIN infoxlm_large | fROI=Lang_LH_IFGorb | layer=13 | mean r=0.163
ACROSS-SPLIT-MULTITRAIN infoxlm_large | fROI=Lang_LH_IFGorb | layer=14 | mean r=0.155
ACROSS-SPLIT-MULTITRAIN infoxlm_large | fROI=Lang_LH_IFGorb | layer=15 | mean r=0.157
ACROSS-SPLIT-MULTITRAIN infoxlm_large | fROI=Lang_LH_IFGorb | layer=16 | mean r=0.152
ACROSS-SPLIT-MULTITRAIN infoxlm_large | fROI=Lang_LH_IFGorb | layer=17 | mean r=0.137
ACROSS-SPLIT-MULTITRAIN infoxlm_large | fROI=Lang_LH_IFGorb | layer=18 | mean r=0.131
ACROSS-SPLIT-MULTITRAIN infoxlm_large | fROI=Lang_LH_IFGorb | layer=19 | mean r=0.110
ACROSS-SPLIT-MULTITRAIN infoxlm_large | fROI=Lang_LH_IFGorb | layer=20 | mean r=0.125
ACROSS-SPLIT-MULTITRAIN infoxlm_large | fROI=Lang_LH_IFGorb | layer=21 | mean r=0.097
ACROSS-SPLIT-MULTITRAIN infoxlm_large | fROI=Lang_LH_IFGorb | layer=22 | mean r=0.112
ACROSS-SPLIT-MULTITRAIN infoxlm_large | fROI=Lang_LH_IFGorb | layer=23 | mean r=0.096
ACROSS-SPLIT-MULTITRAIN infoxlm_large | fROI=Lang_LH_IFGorb | layer=24 | mean r=0.067


[ACROSS-SPLIT] Processing Lang_LH_MFG (4/6)
ACROSS-SPLIT-MULTITRAIN infoxlm_large | fROI=Lang_LH_MFG | layer=0 | mean r=0.043
ACROSS-SPLIT-MULTITRAIN infoxlm_large | fROI=Lang_LH_MFG | layer=1 | mean r=0.057
ACROSS-SPLIT-MULTITRAIN infoxlm_large | fROI=Lang_LH_MFG | layer=2 | mean r=0.060
ACROSS-SPLIT-MULTITRAIN infoxlm_large | fROI=Lang_LH_MFG | layer=3 | mean r=0.093
ACROSS-SPLIT-MULTITRAIN infoxlm_large | fROI=Lang_LH_MFG | layer=4 | mean r=0.123
ACROSS-SPLIT-MULTITRAIN infoxlm_large | fROI=Lang_LH_MFG | layer=5 | mean r=0.118
ACROSS-SPLIT-MULTITRAIN infoxlm_large | fROI=Lang_LH_MFG | layer=6 | mean r=0.108
ACROSS-SPLIT-MULTITRAIN infoxlm_large | fROI=Lang_LH_MFG | layer=7 | mean r=0.088
ACROSS-SPLIT-MULTITRAIN infoxlm_large | fROI=Lang_LH_MFG | layer=8 | mean r=0.092
ACROSS-SPLIT-MULTITRAIN infoxlm_large | fROI=Lang_LH_MFG | layer=9 | mean r=0.109
ACROSS-SPLIT-MULTITRAIN infoxlm_large | fROI=Lang_LH_MFG | layer=10 | mean r=0.122
ACROSS-SPLIT-MULTITRAIN infoxlm_large | fROI=Lang_LH_MFG | layer=11 | mean r=0.097
ACROSS-SPLIT-MULTITRAIN infoxlm_large | fROI=Lang_LH_MFG | layer=12 | mean r=0.113
ACROSS-SPLIT-MULTITRAIN infoxlm_large | fROI=Lang_LH_MFG | layer=13 | mean r=0.124
ACROSS-SPLIT-MULTITRAIN infoxlm_large | fROI=Lang_LH_MFG | layer=14 | mean r=0.117
ACROSS-SPLIT-MULTITRAIN infoxlm_large | fROI=Lang_LH_MFG | layer=15 | mean r=0.141
ACROSS-SPLIT-MULTITRAIN infoxlm_large | fROI=Lang_LH_MFG | layer=16 | mean r=0.138
ACROSS-SPLIT-MULTITRAIN infoxlm_large | fROI=Lang_LH_MFG | layer=17 | mean r=0.096
ACROSS-SPLIT-MULTITRAIN infoxlm_large | fROI=Lang_LH_MFG | layer=18 | mean r=0.114
ACROSS-SPLIT-MULTITRAIN infoxlm_large | fROI=Lang_LH_MFG | layer=19 | mean r=0.093
ACROSS-SPLIT-MULTITRAIN infoxlm_large | fROI=Lang_LH_MFG | layer=20 | mean r=0.094
ACROSS-SPLIT-MULTITRAIN infoxlm_large | fROI=Lang_LH_MFG | layer=21 | mean r=0.099
ACROSS-SPLIT-MULTITRAIN infoxlm_large | fROI=Lang_LH_MFG | layer=22 | mean r=0.095
ACROSS-SPLIT-MULTITRAIN infoxlm_large | fROI=Lang_LH_MFG | layer=23 | mean r=0.105
ACROSS-SPLIT-MULTITRAIN infoxlm_large | fROI=Lang_LH_MFG | layer=24 | mean r=0.105


[ACROSS-SPLIT] Processing Lang_LH_PostTemp (5/6)
ACROSS-SPLIT-MULTITRAIN infoxlm_large | fROI=Lang_LH_PostTemp | layer=0 | mean r=0.047
ACROSS-SPLIT-MULTITRAIN infoxlm_large | fROI=Lang_LH_PostTemp | layer=1 | mean r=0.048
ACROSS-SPLIT-MULTITRAIN infoxlm_large | fROI=Lang_LH_PostTemp | layer=2 | mean r=0.069
ACROSS-SPLIT-MULTITRAIN infoxlm_large | fROI=Lang_LH_PostTemp | layer=3 | mean r=0.102
ACROSS-SPLIT-MULTITRAIN infoxlm_large | fROI=Lang_LH_PostTemp | layer=4 | mean r=0.135
ACROSS-SPLIT-MULTITRAIN infoxlm_large | fROI=Lang_LH_PostTemp | layer=5 | mean r=0.165
ACROSS-SPLIT-MULTITRAIN infoxlm_large | fROI=Lang_LH_PostTemp | layer=6 | mean r=0.201
ACROSS-SPLIT-MULTITRAIN infoxlm_large | fROI=Lang_LH_PostTemp | layer=7 | mean r=0.166
ACROSS-SPLIT-MULTITRAIN infoxlm_large | fROI=Lang_LH_PostTemp | layer=8 | mean r=0.154
ACROSS-SPLIT-MULTITRAIN infoxlm_large | fROI=Lang_LH_PostTemp | layer=9 | mean r=0.126
ACROSS-SPLIT-MULTITRAIN infoxlm_large | fROI=Lang_LH_PostTemp | layer=10 | mean r=0.144
ACROSS-SPLIT-MULTITRAIN infoxlm_large | fROI=Lang_LH_PostTemp | layer=11 | mean r=0.194
ACROSS-SPLIT-MULTITRAIN infoxlm_large | fROI=Lang_LH_PostTemp | layer=12 | mean r=0.194
ACROSS-SPLIT-MULTITRAIN infoxlm_large | fROI=Lang_LH_PostTemp | layer=13 | mean r=0.218
ACROSS-SPLIT-MULTITRAIN infoxlm_large | fROI=Lang_LH_PostTemp | layer=14 | mean r=0.224
ACROSS-SPLIT-MULTITRAIN infoxlm_large | fROI=Lang_LH_PostTemp | layer=15 | mean r=0.215
ACROSS-SPLIT-MULTITRAIN infoxlm_large | fROI=Lang_LH_PostTemp | layer=16 | mean r=0.225
ACROSS-SPLIT-MULTITRAIN infoxlm_large | fROI=Lang_LH_PostTemp | layer=17 | mean r=0.210
ACROSS-SPLIT-MULTITRAIN infoxlm_large | fROI=Lang_LH_PostTemp | layer=18 | mean r=0.203
ACROSS-SPLIT-MULTITRAIN infoxlm_large | fROI=Lang_LH_PostTemp | layer=19 | mean r=0.170
ACROSS-SPLIT-MULTITRAIN infoxlm_large | fROI=Lang_LH_PostTemp | layer=20 | mean r=0.174
ACROSS-SPLIT-MULTITRAIN infoxlm_large | fROI=Lang_LH_PostTemp | layer=21 | mean r=0.146
ACROSS-SPLIT-MULTITRAIN infoxlm_large | fROI=Lang_LH_PostTemp | layer=22 | mean r=0.164
ACROSS-SPLIT-MULTITRAIN infoxlm_large | fROI=Lang_LH_PostTemp | layer=23 | mean r=0.161
ACROSS-SPLIT-MULTITRAIN infoxlm_large | fROI=Lang_LH_PostTemp | layer=24 | mean r=0.124


[ACROSS-SPLIT] Processing all (6/6)
ACROSS-SPLIT-MULTITRAIN infoxlm_large | fROI=all | layer=0 | mean r=0.019
ACROSS-SPLIT-MULTITRAIN infoxlm_large | fROI=all | layer=1 | mean r=0.036
ACROSS-SPLIT-MULTITRAIN infoxlm_large | fROI=all | layer=2 | mean r=0.053
ACROSS-SPLIT-MULTITRAIN infoxlm_large | fROI=all | layer=3 | mean r=0.102
ACROSS-SPLIT-MULTITRAIN infoxlm_large | fROI=all | layer=4 | mean r=0.128
ACROSS-SPLIT-MULTITRAIN infoxlm_large | fROI=all | layer=5 | mean r=0.150
ACROSS-SPLIT-MULTITRAIN infoxlm_large | fROI=all | layer=6 | mean r=0.163
ACROSS-SPLIT-MULTITRAIN infoxlm_large | fROI=all | layer=7 | mean r=0.126
ACROSS-SPLIT-MULTITRAIN infoxlm_large | fROI=all | layer=8 | mean r=0.134
ACROSS-SPLIT-MULTITRAIN infoxlm_large | fROI=all | layer=9 | mean r=0.120
ACROSS-SPLIT-MULTITRAIN infoxlm_large | fROI=all | layer=10 | mean r=0.122
ACROSS-SPLIT-MULTITRAIN infoxlm_large | fROI=all | layer=11 | mean r=0.123
ACROSS-SPLIT-MULTITRAIN infoxlm_large | fROI=all | layer=12 | mean r=0.135
ACROSS-SPLIT-MULTITRAIN infoxlm_large | fROI=all | layer=13 | mean r=0.180
ACROSS-SPLIT-MULTITRAIN infoxlm_large | fROI=all | layer=14 | mean r=0.182
ACROSS-SPLIT-MULTITRAIN infoxlm_large | fROI=all | layer=15 | mean r=0.148
ACROSS-SPLIT-MULTITRAIN infoxlm_large | fROI=all | layer=16 | mean r=0.171
ACROSS-SPLIT-MULTITRAIN infoxlm_large | fROI=all | layer=17 | mean r=0.140
ACROSS-SPLIT-MULTITRAIN infoxlm_large | fROI=all | layer=18 | mean r=0.108
ACROSS-SPLIT-MULTITRAIN infoxlm_large | fROI=all | layer=19 | mean r=0.118
ACROSS-SPLIT-MULTITRAIN infoxlm_large | fROI=all | layer=20 | mean r=0.128
ACROSS-SPLIT-MULTITRAIN infoxlm_large | fROI=all | layer=21 | mean r=0.108
ACROSS-SPLIT-MULTITRAIN infoxlm_large | fROI=all | layer=22 | mean r=0.129
ACROSS-SPLIT-MULTITRAIN infoxlm_large | fROI=all | layer=23 | mean r=0.116
ACROSS-SPLIT-MULTITRAIN infoxlm_large | fROI=all | layer=24 | mean r=0.053


[ACROSS-SPLIT] Processing Lang_LH_AntTemp (1/6)
ACROSS-SPLIT-MULTITRAIN multiminilm | fROI=Lang_LH_AntTemp | layer=0 | mean r=0.094
ACROSS-SPLIT-MULTITRAIN multiminilm | fROI=Lang_LH_AntTemp | layer=1 | mean r=0.124
ACROSS-SPLIT-MULTITRAIN multiminilm | fROI=Lang_LH_AntTemp | layer=2 | mean r=0.147
ACROSS-SPLIT-MULTITRAIN multiminilm | fROI=Lang_LH_AntTemp | layer=3 | mean r=0.134
ACROSS-SPLIT-MULTITRAIN multiminilm | fROI=Lang_LH_AntTemp | layer=4 | mean r=0.174
ACROSS-SPLIT-MULTITRAIN multiminilm | fROI=Lang_LH_AntTemp | layer=5 | mean r=0.215
ACROSS-SPLIT-MULTITRAIN multiminilm | fROI=Lang_LH_AntTemp | layer=6 | mean r=0.201
ACROSS-SPLIT-MULTITRAIN multiminilm | fROI=Lang_LH_AntTemp | layer=7 | mean r=0.211
ACROSS-SPLIT-MULTITRAIN multiminilm | fROI=Lang_LH_AntTemp | layer=8 | mean r=0.208
ACROSS-SPLIT-MULTITRAIN multiminilm | fROI=Lang_LH_AntTemp | layer=9 | mean r=0.204
ACROSS-SPLIT-MULTITRAIN multiminilm | fROI=Lang_LH_AntTemp | layer=10 | mean r=0.213
ACROSS-SPLIT-MULTITRAIN multiminilm | fROI=Lang_LH_AntTemp | layer=11 | mean r=0.200
ACROSS-SPLIT-MULTITRAIN multiminilm | fROI=Lang_LH_AntTemp | layer=12 | mean r=0.201


[ACROSS-SPLIT] Processing Lang_LH_IFG (2/6)
ACROSS-SPLIT-MULTITRAIN multiminilm | fROI=Lang_LH_IFG | layer=0 | mean r=0.037
ACROSS-SPLIT-MULTITRAIN multiminilm | fROI=Lang_LH_IFG | layer=1 | mean r=0.039
ACROSS-SPLIT-MULTITRAIN multiminilm | fROI=Lang_LH_IFG | layer=2 | mean r=0.056
ACROSS-SPLIT-MULTITRAIN multiminilm | fROI=Lang_LH_IFG | layer=3 | mean r=0.066
ACROSS-SPLIT-MULTITRAIN multiminilm | fROI=Lang_LH_IFG | layer=4 | mean r=0.085
ACROSS-SPLIT-MULTITRAIN multiminilm | fROI=Lang_LH_IFG | layer=5 | mean r=0.100
ACROSS-SPLIT-MULTITRAIN multiminilm | fROI=Lang_LH_IFG | layer=6 | mean r=0.084
ACROSS-SPLIT-MULTITRAIN multiminilm | fROI=Lang_LH_IFG | layer=7 | mean r=0.089
ACROSS-SPLIT-MULTITRAIN multiminilm | fROI=Lang_LH_IFG | layer=8 | mean r=0.107
ACROSS-SPLIT-MULTITRAIN multiminilm | fROI=Lang_LH_IFG | layer=9 | mean r=0.100
ACROSS-SPLIT-MULTITRAIN multiminilm | fROI=Lang_LH_IFG | layer=10 | mean r=0.100
ACROSS-SPLIT-MULTITRAIN multiminilm | fROI=Lang_LH_IFG | layer=11 | mean r=0.095
ACROSS-SPLIT-MULTITRAIN multiminilm | fROI=Lang_LH_IFG | layer=12 | mean r=0.097


[ACROSS-SPLIT] Processing Lang_LH_IFGorb (3/6)
ACROSS-SPLIT-MULTITRAIN multiminilm | fROI=Lang_LH_IFGorb | layer=0 | mean r=0.095
ACROSS-SPLIT-MULTITRAIN multiminilm | fROI=Lang_LH_IFGorb | layer=1 | mean r=0.114
ACROSS-SPLIT-MULTITRAIN multiminilm | fROI=Lang_LH_IFGorb | layer=2 | mean r=0.125
ACROSS-SPLIT-MULTITRAIN multiminilm | fROI=Lang_LH_IFGorb | layer=3 | mean r=0.113
ACROSS-SPLIT-MULTITRAIN multiminilm | fROI=Lang_LH_IFGorb | layer=4 | mean r=0.145
ACROSS-SPLIT-MULTITRAIN multiminilm | fROI=Lang_LH_IFGorb | layer=5 | mean r=0.172
ACROSS-SPLIT-MULTITRAIN multiminilm | fROI=Lang_LH_IFGorb | layer=6 | mean r=0.184
ACROSS-SPLIT-MULTITRAIN multiminilm | fROI=Lang_LH_IFGorb | layer=7 | mean r=0.174
ACROSS-SPLIT-MULTITRAIN multiminilm | fROI=Lang_LH_IFGorb | layer=8 | mean r=0.173
ACROSS-SPLIT-MULTITRAIN multiminilm | fROI=Lang_LH_IFGorb | layer=9 | mean r=0.162
ACROSS-SPLIT-MULTITRAIN multiminilm | fROI=Lang_LH_IFGorb | layer=10 | mean r=0.151
ACROSS-SPLIT-MULTITRAIN multiminilm | fROI=Lang_LH_IFGorb | layer=11 | mean r=0.140
ACROSS-SPLIT-MULTITRAIN multiminilm | fROI=Lang_LH_IFGorb | layer=12 | mean r=0.142


[ACROSS-SPLIT] Processing Lang_LH_MFG (4/6)
ACROSS-SPLIT-MULTITRAIN multiminilm | fROI=Lang_LH_MFG | layer=0 | mean r=0.059
ACROSS-SPLIT-MULTITRAIN multiminilm | fROI=Lang_LH_MFG | layer=1 | mean r=0.097
ACROSS-SPLIT-MULTITRAIN multiminilm | fROI=Lang_LH_MFG | layer=2 | mean r=0.094
ACROSS-SPLIT-MULTITRAIN multiminilm | fROI=Lang_LH_MFG | layer=3 | mean r=0.101
ACROSS-SPLIT-MULTITRAIN multiminilm | fROI=Lang_LH_MFG | layer=4 | mean r=0.113
ACROSS-SPLIT-MULTITRAIN multiminilm | fROI=Lang_LH_MFG | layer=5 | mean r=0.122
ACROSS-SPLIT-MULTITRAIN multiminilm | fROI=Lang_LH_MFG | layer=6 | mean r=0.104
ACROSS-SPLIT-MULTITRAIN multiminilm | fROI=Lang_LH_MFG | layer=7 | mean r=0.120
ACROSS-SPLIT-MULTITRAIN multiminilm | fROI=Lang_LH_MFG | layer=8 | mean r=0.141
ACROSS-SPLIT-MULTITRAIN multiminilm | fROI=Lang_LH_MFG | layer=9 | mean r=0.111
ACROSS-SPLIT-MULTITRAIN multiminilm | fROI=Lang_LH_MFG | layer=10 | mean r=0.117
ACROSS-SPLIT-MULTITRAIN multiminilm | fROI=Lang_LH_MFG | layer=11 | mean r=0.106
ACROSS-SPLIT-MULTITRAIN multiminilm | fROI=Lang_LH_MFG | layer=12 | mean r=0.103


[ACROSS-SPLIT] Processing Lang_LH_PostTemp (5/6)
ACROSS-SPLIT-MULTITRAIN multiminilm | fROI=Lang_LH_PostTemp | layer=0 | mean r=0.089
ACROSS-SPLIT-MULTITRAIN multiminilm | fROI=Lang_LH_PostTemp | layer=1 | mean r=0.119
ACROSS-SPLIT-MULTITRAIN multiminilm | fROI=Lang_LH_PostTemp | layer=2 | mean r=0.158
ACROSS-SPLIT-MULTITRAIN multiminilm | fROI=Lang_LH_PostTemp | layer=3 | mean r=0.143
ACROSS-SPLIT-MULTITRAIN multiminilm | fROI=Lang_LH_PostTemp | layer=4 | mean r=0.160
ACROSS-SPLIT-MULTITRAIN multiminilm | fROI=Lang_LH_PostTemp | layer=5 | mean r=0.203
ACROSS-SPLIT-MULTITRAIN multiminilm | fROI=Lang_LH_PostTemp | layer=6 | mean r=0.225
ACROSS-SPLIT-MULTITRAIN multiminilm | fROI=Lang_LH_PostTemp | layer=7 | mean r=0.232
ACROSS-SPLIT-MULTITRAIN multiminilm | fROI=Lang_LH_PostTemp | layer=8 | mean r=0.224
ACROSS-SPLIT-MULTITRAIN multiminilm | fROI=Lang_LH_PostTemp | layer=9 | mean r=0.212
ACROSS-SPLIT-MULTITRAIN multiminilm | fROI=Lang_LH_PostTemp | layer=10 | mean r=0.218
ACROSS-SPLIT-MULTITRAIN multiminilm | fROI=Lang_LH_PostTemp | layer=11 | mean r=0.186
ACROSS-SPLIT-MULTITRAIN multiminilm | fROI=Lang_LH_PostTemp | layer=12 | mean r=0.189


[ACROSS-SPLIT] Processing all (6/6)
ACROSS-SPLIT-MULTITRAIN multiminilm | fROI=all | layer=0 | mean r=0.063
ACROSS-SPLIT-MULTITRAIN multiminilm | fROI=all | layer=1 | mean r=0.106
ACROSS-SPLIT-MULTITRAIN multiminilm | fROI=all | layer=2 | mean r=0.111
ACROSS-SPLIT-MULTITRAIN multiminilm | fROI=all | layer=3 | mean r=0.144
ACROSS-SPLIT-MULTITRAIN multiminilm | fROI=all | layer=4 | mean r=0.156
ACROSS-SPLIT-MULTITRAIN multiminilm | fROI=all | layer=5 | mean r=0.186
ACROSS-SPLIT-MULTITRAIN multiminilm | fROI=all | layer=6 | mean r=0.179
ACROSS-SPLIT-MULTITRAIN multiminilm | fROI=all | layer=7 | mean r=0.183
ACROSS-SPLIT-MULTITRAIN multiminilm | fROI=all | layer=8 | mean r=0.203
ACROSS-SPLIT-MULTITRAIN multiminilm | fROI=all | layer=9 | mean r=0.183
ACROSS-SPLIT-MULTITRAIN multiminilm | fROI=all | layer=10 | mean r=0.182
ACROSS-SPLIT-MULTITRAIN multiminilm | fROI=all | layer=11 | mean r=0.170
ACROSS-SPLIT-MULTITRAIN multiminilm | fROI=all | layer=12 | mean r=0.174


[ACROSS-SPLIT] Processing Lang_LH_AntTemp (1/6)
ACROSS-SPLIT-MULTITRAIN nllb200_distilled_600M | fROI=Lang_LH_AntTemp | layer=0 | mean r=0.042
ACROSS-SPLIT-MULTITRAIN nllb200_distilled_600M | fROI=Lang_LH_AntTemp | layer=1 | mean r=0.089
ACROSS-SPLIT-MULTITRAIN nllb200_distilled_600M | fROI=Lang_LH_AntTemp | layer=2 | mean r=0.070
ACROSS-SPLIT-MULTITRAIN nllb200_distilled_600M | fROI=Lang_LH_AntTemp | layer=3 | mean r=0.104
ACROSS-SPLIT-MULTITRAIN nllb200_distilled_600M | fROI=Lang_LH_AntTemp | layer=4 | mean r=0.114
ACROSS-SPLIT-MULTITRAIN nllb200_distilled_600M | fROI=Lang_LH_AntTemp | layer=5 | mean r=0.103
ACROSS-SPLIT-MULTITRAIN nllb200_distilled_600M | fROI=Lang_LH_AntTemp | layer=6 | mean r=0.102
ACROSS-SPLIT-MULTITRAIN nllb200_distilled_600M | fROI=Lang_LH_AntTemp | layer=7 | mean r=0.088
ACROSS-SPLIT-MULTITRAIN nllb200_distilled_600M | fROI=Lang_LH_AntTemp | layer=8 | mean r=0.108
ACROSS-SPLIT-MULTITRAIN nllb200_distilled_600M | fROI=Lang_LH_AntTemp | layer=9 | mean r=0.109
ACROSS-SPLIT-MULTITRAIN nllb200_distilled_600M | fROI=Lang_LH_AntTemp | layer=10 | mean r=0.121
ACROSS-SPLIT-MULTITRAIN nllb200_distilled_600M | fROI=Lang_LH_AntTemp | layer=11 | mean r=0.152
ACROSS-SPLIT-MULTITRAIN nllb200_distilled_600M | fROI=Lang_LH_AntTemp | layer=12 | mean r=0.154


[ACROSS-SPLIT] Processing Lang_LH_IFG (2/6)
ACROSS-SPLIT-MULTITRAIN nllb200_distilled_600M | fROI=Lang_LH_IFG | layer=0 | mean r=0.010
ACROSS-SPLIT-MULTITRAIN nllb200_distilled_600M | fROI=Lang_LH_IFG | layer=1 | mean r=-0.016
ACROSS-SPLIT-MULTITRAIN nllb200_distilled_600M | fROI=Lang_LH_IFG | layer=2 | mean r=-0.002
ACROSS-SPLIT-MULTITRAIN nllb200_distilled_600M | fROI=Lang_LH_IFG | layer=3 | mean r=0.037
ACROSS-SPLIT-MULTITRAIN nllb200_distilled_600M | fROI=Lang_LH_IFG | layer=4 | mean r=0.052
ACROSS-SPLIT-MULTITRAIN nllb200_distilled_600M | fROI=Lang_LH_IFG | layer=5 | mean r=0.035
ACROSS-SPLIT-MULTITRAIN nllb200_distilled_600M | fROI=Lang_LH_IFG | layer=6 | mean r=0.045
ACROSS-SPLIT-MULTITRAIN nllb200_distilled_600M | fROI=Lang_LH_IFG | layer=7 | mean r=0.050
ACROSS-SPLIT-MULTITRAIN nllb200_distilled_600M | fROI=Lang_LH_IFG | layer=8 | mean r=0.047
ACROSS-SPLIT-MULTITRAIN nllb200_distilled_600M | fROI=Lang_LH_IFG | layer=9 | mean r=0.052
ACROSS-SPLIT-MULTITRAIN nllb200_distilled_600M | fROI=Lang_LH_IFG | layer=10 | mean r=0.055
ACROSS-SPLIT-MULTITRAIN nllb200_distilled_600M | fROI=Lang_LH_IFG | layer=11 | mean r=0.060
ACROSS-SPLIT-MULTITRAIN nllb200_distilled_600M | fROI=Lang_LH_IFG | layer=12 | mean r=0.065


[ACROSS-SPLIT] Processing Lang_LH_IFGorb (3/6)
ACROSS-SPLIT-MULTITRAIN nllb200_distilled_600M | fROI=Lang_LH_IFGorb | layer=0 | mean r=0.019
ACROSS-SPLIT-MULTITRAIN nllb200_distilled_600M | fROI=Lang_LH_IFGorb | layer=1 | mean r=0.057
ACROSS-SPLIT-MULTITRAIN nllb200_distilled_600M | fROI=Lang_LH_IFGorb | layer=2 | mean r=0.075
ACROSS-SPLIT-MULTITRAIN nllb200_distilled_600M | fROI=Lang_LH_IFGorb | layer=3 | mean r=0.085
ACROSS-SPLIT-MULTITRAIN nllb200_distilled_600M | fROI=Lang_LH_IFGorb | layer=4 | mean r=0.089
ACROSS-SPLIT-MULTITRAIN nllb200_distilled_600M | fROI=Lang_LH_IFGorb | layer=5 | mean r=0.081
ACROSS-SPLIT-MULTITRAIN nllb200_distilled_600M | fROI=Lang_LH_IFGorb | layer=6 | mean r=0.086
ACROSS-SPLIT-MULTITRAIN nllb200_distilled_600M | fROI=Lang_LH_IFGorb | layer=7 | mean r=0.103
ACROSS-SPLIT-MULTITRAIN nllb200_distilled_600M | fROI=Lang_LH_IFGorb | layer=8 | mean r=0.119
ACROSS-SPLIT-MULTITRAIN nllb200_distilled_600M | fROI=Lang_LH_IFGorb | layer=9 | mean r=0.120
ACROSS-SPLIT-MULTITRAIN nllb200_distilled_600M | fROI=Lang_LH_IFGorb | layer=10 | mean r=0.113
ACROSS-SPLIT-MULTITRAIN nllb200_distilled_600M | fROI=Lang_LH_IFGorb | layer=11 | mean r=0.125
ACROSS-SPLIT-MULTITRAIN nllb200_distilled_600M | fROI=Lang_LH_IFGorb | layer=12 | mean r=0.133


[ACROSS-SPLIT] Processing Lang_LH_MFG (4/6)
ACROSS-SPLIT-MULTITRAIN nllb200_distilled_600M | fROI=Lang_LH_MFG | layer=0 | mean r=0.023
ACROSS-SPLIT-MULTITRAIN nllb200_distilled_600M | fROI=Lang_LH_MFG | layer=1 | mean r=0.022
ACROSS-SPLIT-MULTITRAIN nllb200_distilled_600M | fROI=Lang_LH_MFG | layer=2 | mean r=0.036
ACROSS-SPLIT-MULTITRAIN nllb200_distilled_600M | fROI=Lang_LH_MFG | layer=3 | mean r=0.048
ACROSS-SPLIT-MULTITRAIN nllb200_distilled_600M | fROI=Lang_LH_MFG | layer=4 | mean r=0.054
ACROSS-SPLIT-MULTITRAIN nllb200_distilled_600M | fROI=Lang_LH_MFG | layer=5 | mean r=0.041
ACROSS-SPLIT-MULTITRAIN nllb200_distilled_600M | fROI=Lang_LH_MFG | layer=6 | mean r=0.071
ACROSS-SPLIT-MULTITRAIN nllb200_distilled_600M | fROI=Lang_LH_MFG | layer=7 | mean r=0.070
ACROSS-SPLIT-MULTITRAIN nllb200_distilled_600M | fROI=Lang_LH_MFG | layer=8 | mean r=0.058
ACROSS-SPLIT-MULTITRAIN nllb200_distilled_600M | fROI=Lang_LH_MFG | layer=9 | mean r=0.067
ACROSS-SPLIT-MULTITRAIN nllb200_distilled_600M | fROI=Lang_LH_MFG | layer=10 | mean r=0.073
ACROSS-SPLIT-MULTITRAIN nllb200_distilled_600M | fROI=Lang_LH_MFG | layer=11 | mean r=0.097
ACROSS-SPLIT-MULTITRAIN nllb200_distilled_600M | fROI=Lang_LH_MFG | layer=12 | mean r=0.097


[ACROSS-SPLIT] Processing Lang_LH_PostTemp (5/6)
ACROSS-SPLIT-MULTITRAIN nllb200_distilled_600M | fROI=Lang_LH_PostTemp | layer=0 | mean r=0.074
ACROSS-SPLIT-MULTITRAIN nllb200_distilled_600M | fROI=Lang_LH_PostTemp | layer=1 | mean r=0.082
ACROSS-SPLIT-MULTITRAIN nllb200_distilled_600M | fROI=Lang_LH_PostTemp | layer=2 | mean r=0.089
ACROSS-SPLIT-MULTITRAIN nllb200_distilled_600M | fROI=Lang_LH_PostTemp | layer=3 | mean r=0.087
ACROSS-SPLIT-MULTITRAIN nllb200_distilled_600M | fROI=Lang_LH_PostTemp | layer=4 | mean r=0.096
ACROSS-SPLIT-MULTITRAIN nllb200_distilled_600M | fROI=Lang_LH_PostTemp | layer=5 | mean r=0.117
ACROSS-SPLIT-MULTITRAIN nllb200_distilled_600M | fROI=Lang_LH_PostTemp | layer=6 | mean r=0.139
ACROSS-SPLIT-MULTITRAIN nllb200_distilled_600M | fROI=Lang_LH_PostTemp | layer=7 | mean r=0.143
ACROSS-SPLIT-MULTITRAIN nllb200_distilled_600M | fROI=Lang_LH_PostTemp | layer=8 | mean r=0.163
ACROSS-SPLIT-MULTITRAIN nllb200_distilled_600M | fROI=Lang_LH_PostTemp | layer=9 | mean r=0.167
ACROSS-SPLIT-MULTITRAIN nllb200_distilled_600M | fROI=Lang_LH_PostTemp | layer=10 | mean r=0.162
ACROSS-SPLIT-MULTITRAIN nllb200_distilled_600M | fROI=Lang_LH_PostTemp | layer=11 | mean r=0.162
ACROSS-SPLIT-MULTITRAIN nllb200_distilled_600M | fROI=Lang_LH_PostTemp | layer=12 | mean r=0.179


[ACROSS-SPLIT] Processing all (6/6)
ACROSS-SPLIT-MULTITRAIN nllb200_distilled_600M | fROI=all | layer=0 | mean r=0.036
ACROSS-SPLIT-MULTITRAIN nllb200_distilled_600M | fROI=all | layer=1 | mean r=0.036
ACROSS-SPLIT-MULTITRAIN nllb200_distilled_600M | fROI=all | layer=2 | mean r=0.060
ACROSS-SPLIT-MULTITRAIN nllb200_distilled_600M | fROI=all | layer=3 | mean r=0.059
ACROSS-SPLIT-MULTITRAIN nllb200_distilled_600M | fROI=all | layer=4 | mean r=0.117
ACROSS-SPLIT-MULTITRAIN nllb200_distilled_600M | fROI=all | layer=5 | mean r=0.113
ACROSS-SPLIT-MULTITRAIN nllb200_distilled_600M | fROI=all | layer=6 | mean r=0.092
ACROSS-SPLIT-MULTITRAIN nllb200_distilled_600M | fROI=all | layer=7 | mean r=0.095
ACROSS-SPLIT-MULTITRAIN nllb200_distilled_600M | fROI=all | layer=8 | mean r=0.074
ACROSS-SPLIT-MULTITRAIN nllb200_distilled_600M | fROI=all | layer=9 | mean r=0.069
ACROSS-SPLIT-MULTITRAIN nllb200_distilled_600M | fROI=all | layer=10 | mean r=0.061
ACROSS-SPLIT-MULTITRAIN nllb200_distilled_600M | fROI=all | layer=11 | mean r=0.107
ACROSS-SPLIT-MULTITRAIN nllb200_distilled_600M | fROI=all | layer=12 | mean r=0.103


[ACROSS-SPLIT] Processing Lang_LH_AntTemp (1/6)
ACROSS-SPLIT-MULTITRAIN nllb200_distilled_1B | fROI=Lang_LH_AntTemp | layer=0 | mean r=0.076
ACROSS-SPLIT-MULTITRAIN nllb200_distilled_1B | fROI=Lang_LH_AntTemp | layer=1 | mean r=0.069
ACROSS-SPLIT-MULTITRAIN nllb200_distilled_1B | fROI=Lang_LH_AntTemp | layer=2 | mean r=0.056
ACROSS-SPLIT-MULTITRAIN nllb200_distilled_1B | fROI=Lang_LH_AntTemp | layer=3 | mean r=0.060
ACROSS-SPLIT-MULTITRAIN nllb200_distilled_1B | fROI=Lang_LH_AntTemp | layer=4 | mean r=0.135
ACROSS-SPLIT-MULTITRAIN nllb200_distilled_1B | fROI=Lang_LH_AntTemp | layer=5 | mean r=0.098
ACROSS-SPLIT-MULTITRAIN nllb200_distilled_1B | fROI=Lang_LH_AntTemp | layer=6 | mean r=0.084
ACROSS-SPLIT-MULTITRAIN nllb200_distilled_1B | fROI=Lang_LH_AntTemp | layer=7 | mean r=0.081
ACROSS-SPLIT-MULTITRAIN nllb200_distilled_1B | fROI=Lang_LH_AntTemp | layer=8 | mean r=0.097
ACROSS-SPLIT-MULTITRAIN nllb200_distilled_1B | fROI=Lang_LH_AntTemp | layer=9 | mean r=0.119
ACROSS-SPLIT-MULTITRAIN nllb200_distilled_1B | fROI=Lang_LH_AntTemp | layer=10 | mean r=0.153
ACROSS-SPLIT-MULTITRAIN nllb200_distilled_1B | fROI=Lang_LH_AntTemp | layer=11 | mean r=0.153
ACROSS-SPLIT-MULTITRAIN nllb200_distilled_1B | fROI=Lang_LH_AntTemp | layer=12 | mean r=0.162
ACROSS-SPLIT-MULTITRAIN nllb200_distilled_1B | fROI=Lang_LH_AntTemp | layer=13 | mean r=0.164
ACROSS-SPLIT-MULTITRAIN nllb200_distilled_1B | fROI=Lang_LH_AntTemp | layer=14 | mean r=0.177
ACROSS-SPLIT-MULTITRAIN nllb200_distilled_1B | fROI=Lang_LH_AntTemp | layer=15 | mean r=0.183
ACROSS-SPLIT-MULTITRAIN nllb200_distilled_1B | fROI=Lang_LH_AntTemp | layer=16 | mean r=0.162
ACROSS-SPLIT-MULTITRAIN nllb200_distilled_1B | fROI=Lang_LH_AntTemp | layer=17 | mean r=0.159
ACROSS-SPLIT-MULTITRAIN nllb200_distilled_1B | fROI=Lang_LH_AntTemp | layer=18 | mean r=0.162
ACROSS-SPLIT-MULTITRAIN nllb200_distilled_1B | fROI=Lang_LH_AntTemp | layer=19 | mean r=0.181
ACROSS-SPLIT-MULTITRAIN nllb200_distilled_1B | fROI=Lang_LH_AntTemp | layer=20 | mean r=0.177
ACROSS-SPLIT-MULTITRAIN nllb200_distilled_1B | fROI=Lang_LH_AntTemp | layer=21 | mean r=0.174
ACROSS-SPLIT-MULTITRAIN nllb200_distilled_1B | fROI=Lang_LH_AntTemp | layer=22 | mean r=0.174
ACROSS-SPLIT-MULTITRAIN nllb200_distilled_1B | fROI=Lang_LH_AntTemp | layer=23 | mean r=0.171
ACROSS-SPLIT-MULTITRAIN nllb200_distilled_1B | fROI=Lang_LH_AntTemp | layer=24 | mean r=0.156


[ACROSS-SPLIT] Processing Lang_LH_IFG (2/6)
ACROSS-SPLIT-MULTITRAIN nllb200_distilled_1B | fROI=Lang_LH_IFG | layer=0 | mean r=-0.018
ACROSS-SPLIT-MULTITRAIN nllb200_distilled_1B | fROI=Lang_LH_IFG | layer=1 | mean r=0.009
ACROSS-SPLIT-MULTITRAIN nllb200_distilled_1B | fROI=Lang_LH_IFG | layer=2 | mean r=-0.009
ACROSS-SPLIT-MULTITRAIN nllb200_distilled_1B | fROI=Lang_LH_IFG | layer=3 | mean r=-0.004
ACROSS-SPLIT-MULTITRAIN nllb200_distilled_1B | fROI=Lang_LH_IFG | layer=4 | mean r=0.002
ACROSS-SPLIT-MULTITRAIN nllb200_distilled_1B | fROI=Lang_LH_IFG | layer=5 | mean r=-0.002
ACROSS-SPLIT-MULTITRAIN nllb200_distilled_1B | fROI=Lang_LH_IFG | layer=6 | mean r=-0.003
ACROSS-SPLIT-MULTITRAIN nllb200_distilled_1B | fROI=Lang_LH_IFG | layer=7 | mean r=0.011
ACROSS-SPLIT-MULTITRAIN nllb200_distilled_1B | fROI=Lang_LH_IFG | layer=8 | mean r=0.020
ACROSS-SPLIT-MULTITRAIN nllb200_distilled_1B | fROI=Lang_LH_IFG | layer=9 | mean r=0.032
ACROSS-SPLIT-MULTITRAIN nllb200_distilled_1B | fROI=Lang_LH_IFG | layer=10 | mean r=0.032
ACROSS-SPLIT-MULTITRAIN nllb200_distilled_1B | fROI=Lang_LH_IFG | layer=11 | mean r=0.064
ACROSS-SPLIT-MULTITRAIN nllb200_distilled_1B | fROI=Lang_LH_IFG | layer=12 | mean r=0.079
ACROSS-SPLIT-MULTITRAIN nllb200_distilled_1B | fROI=Lang_LH_IFG | layer=13 | mean r=0.089
ACROSS-SPLIT-MULTITRAIN nllb200_distilled_1B | fROI=Lang_LH_IFG | layer=14 | mean r=0.100
ACROSS-SPLIT-MULTITRAIN nllb200_distilled_1B | fROI=Lang_LH_IFG | layer=15 | mean r=0.097
ACROSS-SPLIT-MULTITRAIN nllb200_distilled_1B | fROI=Lang_LH_IFG | layer=16 | mean r=0.096
ACROSS-SPLIT-MULTITRAIN nllb200_distilled_1B | fROI=Lang_LH_IFG | layer=17 | mean r=0.099
ACROSS-SPLIT-MULTITRAIN nllb200_distilled_1B | fROI=Lang_LH_IFG | layer=18 | mean r=0.107
ACROSS-SPLIT-MULTITRAIN nllb200_distilled_1B | fROI=Lang_LH_IFG | layer=19 | mean r=0.112
ACROSS-SPLIT-MULTITRAIN nllb200_distilled_1B | fROI=Lang_LH_IFG | layer=20 | mean r=0.100
ACROSS-SPLIT-MULTITRAIN nllb200_distilled_1B | fROI=Lang_LH_IFG | layer=21 | mean r=0.092
ACROSS-SPLIT-MULTITRAIN nllb200_distilled_1B | fROI=Lang_LH_IFG | layer=22 | mean r=0.097
ACROSS-SPLIT-MULTITRAIN nllb200_distilled_1B | fROI=Lang_LH_IFG | layer=23 | mean r=0.088
ACROSS-SPLIT-MULTITRAIN nllb200_distilled_1B | fROI=Lang_LH_IFG | layer=24 | mean r=0.069


[ACROSS-SPLIT] Processing Lang_LH_IFGorb (3/6)
ACROSS-SPLIT-MULTITRAIN nllb200_distilled_1B | fROI=Lang_LH_IFGorb | layer=0 | mean r=0.050
ACROSS-SPLIT-MULTITRAIN nllb200_distilled_1B | fROI=Lang_LH_IFGorb | layer=1 | mean r=0.071
ACROSS-SPLIT-MULTITRAIN nllb200_distilled_1B | fROI=Lang_LH_IFGorb | layer=2 | mean r=0.069
ACROSS-SPLIT-MULTITRAIN nllb200_distilled_1B | fROI=Lang_LH_IFGorb | layer=3 | mean r=0.060
ACROSS-SPLIT-MULTITRAIN nllb200_distilled_1B | fROI=Lang_LH_IFGorb | layer=4 | mean r=0.062
ACROSS-SPLIT-MULTITRAIN nllb200_distilled_1B | fROI=Lang_LH_IFGorb | layer=5 | mean r=0.046
ACROSS-SPLIT-MULTITRAIN nllb200_distilled_1B | fROI=Lang_LH_IFGorb | layer=6 | mean r=0.046
ACROSS-SPLIT-MULTITRAIN nllb200_distilled_1B | fROI=Lang_LH_IFGorb | layer=7 | mean r=0.040
ACROSS-SPLIT-MULTITRAIN nllb200_distilled_1B | fROI=Lang_LH_IFGorb | layer=8 | mean r=0.061
ACROSS-SPLIT-MULTITRAIN nllb200_distilled_1B | fROI=Lang_LH_IFGorb | layer=9 | mean r=0.072
ACROSS-SPLIT-MULTITRAIN nllb200_distilled_1B | fROI=Lang_LH_IFGorb | layer=10 | mean r=0.067
ACROSS-SPLIT-MULTITRAIN nllb200_distilled_1B | fROI=Lang_LH_IFGorb | layer=11 | mean r=0.091
ACROSS-SPLIT-MULTITRAIN nllb200_distilled_1B | fROI=Lang_LH_IFGorb | layer=12 | mean r=0.098
ACROSS-SPLIT-MULTITRAIN nllb200_distilled_1B | fROI=Lang_LH_IFGorb | layer=13 | mean r=0.097
ACROSS-SPLIT-MULTITRAIN nllb200_distilled_1B | fROI=Lang_LH_IFGorb | layer=14 | mean r=0.119
ACROSS-SPLIT-MULTITRAIN nllb200_distilled_1B | fROI=Lang_LH_IFGorb | layer=15 | mean r=0.136
ACROSS-SPLIT-MULTITRAIN nllb200_distilled_1B | fROI=Lang_LH_IFGorb | layer=16 | mean r=0.129
ACROSS-SPLIT-MULTITRAIN nllb200_distilled_1B | fROI=Lang_LH_IFGorb | layer=17 | mean r=0.119
ACROSS-SPLIT-MULTITRAIN nllb200_distilled_1B | fROI=Lang_LH_IFGorb | layer=18 | mean r=0.128
ACROSS-SPLIT-MULTITRAIN nllb200_distilled_1B | fROI=Lang_LH_IFGorb | layer=19 | mean r=0.132
ACROSS-SPLIT-MULTITRAIN nllb200_distilled_1B | fROI=Lang_LH_IFGorb | layer=20 | mean r=0.129
ACROSS-SPLIT-MULTITRAIN nllb200_distilled_1B | fROI=Lang_LH_IFGorb | layer=21 | mean r=0.126
ACROSS-SPLIT-MULTITRAIN nllb200_distilled_1B | fROI=Lang_LH_IFGorb | layer=22 | mean r=0.125
ACROSS-SPLIT-MULTITRAIN nllb200_distilled_1B | fROI=Lang_LH_IFGorb | layer=23 | mean r=0.122
ACROSS-SPLIT-MULTITRAIN nllb200_distilled_1B | fROI=Lang_LH_IFGorb | layer=24 | mean r=0.115


[ACROSS-SPLIT] Processing Lang_LH_MFG (4/6)
ACROSS-SPLIT-MULTITRAIN nllb200_distilled_1B | fROI=Lang_LH_MFG | layer=0 | mean r=-0.015
ACROSS-SPLIT-MULTITRAIN nllb200_distilled_1B | fROI=Lang_LH_MFG | layer=1 | mean r=0.032
ACROSS-SPLIT-MULTITRAIN nllb200_distilled_1B | fROI=Lang_LH_MFG | layer=2 | mean r=0.007
ACROSS-SPLIT-MULTITRAIN nllb200_distilled_1B | fROI=Lang_LH_MFG | layer=3 | mean r=-0.006
ACROSS-SPLIT-MULTITRAIN nllb200_distilled_1B | fROI=Lang_LH_MFG | layer=4 | mean r=0.006
ACROSS-SPLIT-MULTITRAIN nllb200_distilled_1B | fROI=Lang_LH_MFG | layer=5 | mean r=0.000
ACROSS-SPLIT-MULTITRAIN nllb200_distilled_1B | fROI=Lang_LH_MFG | layer=6 | mean r=-0.008
ACROSS-SPLIT-MULTITRAIN nllb200_distilled_1B | fROI=Lang_LH_MFG | layer=7 | mean r=-0.005
ACROSS-SPLIT-MULTITRAIN nllb200_distilled_1B | fROI=Lang_LH_MFG | layer=8 | mean r=0.011
ACROSS-SPLIT-MULTITRAIN nllb200_distilled_1B | fROI=Lang_LH_MFG | layer=9 | mean r=0.020
ACROSS-SPLIT-MULTITRAIN nllb200_distilled_1B | fROI=Lang_LH_MFG | layer=10 | mean r=0.023
ACROSS-SPLIT-MULTITRAIN nllb200_distilled_1B | fROI=Lang_LH_MFG | layer=11 | mean r=0.043
ACROSS-SPLIT-MULTITRAIN nllb200_distilled_1B | fROI=Lang_LH_MFG | layer=12 | mean r=0.058
ACROSS-SPLIT-MULTITRAIN nllb200_distilled_1B | fROI=Lang_LH_MFG | layer=13 | mean r=0.071
ACROSS-SPLIT-MULTITRAIN nllb200_distilled_1B | fROI=Lang_LH_MFG | layer=14 | mean r=0.092
ACROSS-SPLIT-MULTITRAIN nllb200_distilled_1B | fROI=Lang_LH_MFG | layer=15 | mean r=0.098
ACROSS-SPLIT-MULTITRAIN nllb200_distilled_1B | fROI=Lang_LH_MFG | layer=16 | mean r=0.099
ACROSS-SPLIT-MULTITRAIN nllb200_distilled_1B | fROI=Lang_LH_MFG | layer=17 | mean r=0.106
ACROSS-SPLIT-MULTITRAIN nllb200_distilled_1B | fROI=Lang_LH_MFG | layer=18 | mean r=0.113
ACROSS-SPLIT-MULTITRAIN nllb200_distilled_1B | fROI=Lang_LH_MFG | layer=19 | mean r=0.122
ACROSS-SPLIT-MULTITRAIN nllb200_distilled_1B | fROI=Lang_LH_MFG | layer=20 | mean r=0.117
ACROSS-SPLIT-MULTITRAIN nllb200_distilled_1B | fROI=Lang_LH_MFG | layer=21 | mean r=0.112
ACROSS-SPLIT-MULTITRAIN nllb200_distilled_1B | fROI=Lang_LH_MFG | layer=22 | mean r=0.110
ACROSS-SPLIT-MULTITRAIN nllb200_distilled_1B | fROI=Lang_LH_MFG | layer=23 | mean r=0.103
ACROSS-SPLIT-MULTITRAIN nllb200_distilled_1B | fROI=Lang_LH_MFG | layer=24 | mean r=0.090


[ACROSS-SPLIT] Processing Lang_LH_PostTemp (5/6)
ACROSS-SPLIT-MULTITRAIN nllb200_distilled_1B | fROI=Lang_LH_PostTemp | layer=0 | mean r=0.063
ACROSS-SPLIT-MULTITRAIN nllb200_distilled_1B | fROI=Lang_LH_PostTemp | layer=1 | mean r=0.079
ACROSS-SPLIT-MULTITRAIN nllb200_distilled_1B | fROI=Lang_LH_PostTemp | layer=2 | mean r=0.060
ACROSS-SPLIT-MULTITRAIN nllb200_distilled_1B | fROI=Lang_LH_PostTemp | layer=3 | mean r=0.062
ACROSS-SPLIT-MULTITRAIN nllb200_distilled_1B | fROI=Lang_LH_PostTemp | layer=4 | mean r=0.067
ACROSS-SPLIT-MULTITRAIN nllb200_distilled_1B | fROI=Lang_LH_PostTemp | layer=5 | mean r=0.072
ACROSS-SPLIT-MULTITRAIN nllb200_distilled_1B | fROI=Lang_LH_PostTemp | layer=6 | mean r=0.076
ACROSS-SPLIT-MULTITRAIN nllb200_distilled_1B | fROI=Lang_LH_PostTemp | layer=7 | mean r=0.059
ACROSS-SPLIT-MULTITRAIN nllb200_distilled_1B | fROI=Lang_LH_PostTemp | layer=8 | mean r=0.079
ACROSS-SPLIT-MULTITRAIN nllb200_distilled_1B | fROI=Lang_LH_PostTemp | layer=9 | mean r=0.109
ACROSS-SPLIT-MULTITRAIN nllb200_distilled_1B | fROI=Lang_LH_PostTemp | layer=10 | mean r=0.137
ACROSS-SPLIT-MULTITRAIN nllb200_distilled_1B | fROI=Lang_LH_PostTemp | layer=11 | mean r=0.155
ACROSS-SPLIT-MULTITRAIN nllb200_distilled_1B | fROI=Lang_LH_PostTemp | layer=12 | mean r=0.171
ACROSS-SPLIT-MULTITRAIN nllb200_distilled_1B | fROI=Lang_LH_PostTemp | layer=13 | mean r=0.178
ACROSS-SPLIT-MULTITRAIN nllb200_distilled_1B | fROI=Lang_LH_PostTemp | layer=14 | mean r=0.201
ACROSS-SPLIT-MULTITRAIN nllb200_distilled_1B | fROI=Lang_LH_PostTemp | layer=15 | mean r=0.209
ACROSS-SPLIT-MULTITRAIN nllb200_distilled_1B | fROI=Lang_LH_PostTemp | layer=16 | mean r=0.190
ACROSS-SPLIT-MULTITRAIN nllb200_distilled_1B | fROI=Lang_LH_PostTemp | layer=17 | mean r=0.183
ACROSS-SPLIT-MULTITRAIN nllb200_distilled_1B | fROI=Lang_LH_PostTemp | layer=18 | mean r=0.175
ACROSS-SPLIT-MULTITRAIN nllb200_distilled_1B | fROI=Lang_LH_PostTemp | layer=19 | mean r=0.179
ACROSS-SPLIT-MULTITRAIN nllb200_distilled_1B | fROI=Lang_LH_PostTemp | layer=20 | mean r=0.184
ACROSS-SPLIT-MULTITRAIN nllb200_distilled_1B | fROI=Lang_LH_PostTemp | layer=21 | mean r=0.175
ACROSS-SPLIT-MULTITRAIN nllb200_distilled_1B | fROI=Lang_LH_PostTemp | layer=22 | mean r=0.174
ACROSS-SPLIT-MULTITRAIN nllb200_distilled_1B | fROI=Lang_LH_PostTemp | layer=23 | mean r=0.174
ACROSS-SPLIT-MULTITRAIN nllb200_distilled_1B | fROI=Lang_LH_PostTemp | layer=24 | mean r=0.161


[ACROSS-SPLIT] Processing all (6/6)
ACROSS-SPLIT-MULTITRAIN nllb200_distilled_1B | fROI=all | layer=0 | mean r=0.020
ACROSS-SPLIT-MULTITRAIN nllb200_distilled_1B | fROI=all | layer=1 | mean r=0.063
ACROSS-SPLIT-MULTITRAIN nllb200_distilled_1B | fROI=all | layer=2 | mean r=0.030
ACROSS-SPLIT-MULTITRAIN nllb200_distilled_1B | fROI=all | layer=3 | mean r=0.052
ACROSS-SPLIT-MULTITRAIN nllb200_distilled_1B | fROI=all | layer=4 | mean r=0.066
ACROSS-SPLIT-MULTITRAIN nllb200_distilled_1B | fROI=all | layer=5 | mean r=0.035
ACROSS-SPLIT-MULTITRAIN nllb200_distilled_1B | fROI=all | layer=6 | mean r=0.050
ACROSS-SPLIT-MULTITRAIN nllb200_distilled_1B | fROI=all | layer=7 | mean r=0.026
ACROSS-SPLIT-MULTITRAIN nllb200_distilled_1B | fROI=all | layer=8 | mean r=0.043
ACROSS-SPLIT-MULTITRAIN nllb200_distilled_1B | fROI=all | layer=9 | mean r=0.071
ACROSS-SPLIT-MULTITRAIN nllb200_distilled_1B | fROI=all | layer=10 | mean r=0.075
ACROSS-SPLIT-MULTITRAIN nllb200_distilled_1B | fROI=all | layer=11 | mean r=0.101
ACROSS-SPLIT-MULTITRAIN nllb200_distilled_1B | fROI=all | layer=12 | mean r=0.108
ACROSS-SPLIT-MULTITRAIN nllb200_distilled_1B | fROI=all | layer=13 | mean r=0.132
ACROSS-SPLIT-MULTITRAIN nllb200_distilled_1B | fROI=all | layer=14 | mean r=0.143
ACROSS-SPLIT-MULTITRAIN nllb200_distilled_1B | fROI=all | layer=15 | mean r=0.150
ACROSS-SPLIT-MULTITRAIN nllb200_distilled_1B | fROI=all | layer=16 | mean r=0.141
ACROSS-SPLIT-MULTITRAIN nllb200_distilled_1B | fROI=all | layer=17 | mean r=0.132
ACROSS-SPLIT-MULTITRAIN nllb200_distilled_1B | fROI=all | layer=18 | mean r=0.143
ACROSS-SPLIT-MULTITRAIN nllb200_distilled_1B | fROI=all | layer=19 | mean r=0.147
ACROSS-SPLIT-MULTITRAIN nllb200_distilled_1B | fROI=all | layer=20 | mean r=0.140
ACROSS-SPLIT-MULTITRAIN nllb200_distilled_1B | fROI=all | layer=21 | mean r=0.134
ACROSS-SPLIT-MULTITRAIN nllb200_distilled_1B | fROI=all | layer=22 | mean r=0.132
ACROSS-SPLIT-MULTITRAIN nllb200_distilled_1B | fROI=all | layer=23 | mean r=0.124
ACROSS-SPLIT-MULTITRAIN nllb200_distilled_1B | fROI=all | layer=24 | mean r=0.124


[ACROSS-SPLIT] Processing Lang_LH_AntTemp (1/6)
ACROSS-SPLIT-MULTITRAIN nllb200_1B | fROI=Lang_LH_AntTemp | layer=0 | mean r=0.042
ACROSS-SPLIT-MULTITRAIN nllb200_1B | fROI=Lang_LH_AntTemp | layer=1 | mean r=0.055
ACROSS-SPLIT-MULTITRAIN nllb200_1B | fROI=Lang_LH_AntTemp | layer=2 | mean r=0.088
ACROSS-SPLIT-MULTITRAIN nllb200_1B | fROI=Lang_LH_AntTemp | layer=3 | mean r=0.067
ACROSS-SPLIT-MULTITRAIN nllb200_1B | fROI=Lang_LH_AntTemp | layer=4 | mean r=0.041
ACROSS-SPLIT-MULTITRAIN nllb200_1B | fROI=Lang_LH_AntTemp | layer=5 | mean r=0.072
ACROSS-SPLIT-MULTITRAIN nllb200_1B | fROI=Lang_LH_AntTemp | layer=6 | mean r=0.067
ACROSS-SPLIT-MULTITRAIN nllb200_1B | fROI=Lang_LH_AntTemp | layer=7 | mean r=0.076
ACROSS-SPLIT-MULTITRAIN nllb200_1B | fROI=Lang_LH_AntTemp | layer=8 | mean r=0.093
ACROSS-SPLIT-MULTITRAIN nllb200_1B | fROI=Lang_LH_AntTemp | layer=9 | mean r=0.108
ACROSS-SPLIT-MULTITRAIN nllb200_1B | fROI=Lang_LH_AntTemp | layer=10 | mean r=0.135
ACROSS-SPLIT-MULTITRAIN nllb200_1B | fROI=Lang_LH_AntTemp | layer=11 | mean r=0.140
ACROSS-SPLIT-MULTITRAIN nllb200_1B | fROI=Lang_LH_AntTemp | layer=12 | mean r=0.132
ACROSS-SPLIT-MULTITRAIN nllb200_1B | fROI=Lang_LH_AntTemp | layer=13 | mean r=0.135
ACROSS-SPLIT-MULTITRAIN nllb200_1B | fROI=Lang_LH_AntTemp | layer=14 | mean r=0.130
ACROSS-SPLIT-MULTITRAIN nllb200_1B | fROI=Lang_LH_AntTemp | layer=15 | mean r=0.145
ACROSS-SPLIT-MULTITRAIN nllb200_1B | fROI=Lang_LH_AntTemp | layer=16 | mean r=0.149
ACROSS-SPLIT-MULTITRAIN nllb200_1B | fROI=Lang_LH_AntTemp | layer=17 | mean r=0.167
ACROSS-SPLIT-MULTITRAIN nllb200_1B | fROI=Lang_LH_AntTemp | layer=18 | mean r=0.160
ACROSS-SPLIT-MULTITRAIN nllb200_1B | fROI=Lang_LH_AntTemp | layer=19 | mean r=0.162
ACROSS-SPLIT-MULTITRAIN nllb200_1B | fROI=Lang_LH_AntTemp | layer=20 | mean r=0.160
ACROSS-SPLIT-MULTITRAIN nllb200_1B | fROI=Lang_LH_AntTemp | layer=21 | mean r=0.169
ACROSS-SPLIT-MULTITRAIN nllb200_1B | fROI=Lang_LH_AntTemp | layer=22 | mean r=0.165
ACROSS-SPLIT-MULTITRAIN nllb200_1B | fROI=Lang_LH_AntTemp | layer=23 | mean r=0.140
ACROSS-SPLIT-MULTITRAIN nllb200_1B | fROI=Lang_LH_AntTemp | layer=24 | mean r=0.164


[ACROSS-SPLIT] Processing Lang_LH_IFG (2/6)
ACROSS-SPLIT-MULTITRAIN nllb200_1B | fROI=Lang_LH_IFG | layer=0 | mean r=-0.003
ACROSS-SPLIT-MULTITRAIN nllb200_1B | fROI=Lang_LH_IFG | layer=1 | mean r=-0.000
ACROSS-SPLIT-MULTITRAIN nllb200_1B | fROI=Lang_LH_IFG | layer=2 | mean r=0.010
ACROSS-SPLIT-MULTITRAIN nllb200_1B | fROI=Lang_LH_IFG | layer=3 | mean r=-0.005
ACROSS-SPLIT-MULTITRAIN nllb200_1B | fROI=Lang_LH_IFG | layer=4 | mean r=-0.008
ACROSS-SPLIT-MULTITRAIN nllb200_1B | fROI=Lang_LH_IFG | layer=5 | mean r=0.001
ACROSS-SPLIT-MULTITRAIN nllb200_1B | fROI=Lang_LH_IFG | layer=6 | mean r=0.004
ACROSS-SPLIT-MULTITRAIN nllb200_1B | fROI=Lang_LH_IFG | layer=7 | mean r=0.018
ACROSS-SPLIT-MULTITRAIN nllb200_1B | fROI=Lang_LH_IFG | layer=8 | mean r=0.026
ACROSS-SPLIT-MULTITRAIN nllb200_1B | fROI=Lang_LH_IFG | layer=9 | mean r=0.019
ACROSS-SPLIT-MULTITRAIN nllb200_1B | fROI=Lang_LH_IFG | layer=10 | mean r=0.012
ACROSS-SPLIT-MULTITRAIN nllb200_1B | fROI=Lang_LH_IFG | layer=11 | mean r=0.020
ACROSS-SPLIT-MULTITRAIN nllb200_1B | fROI=Lang_LH_IFG | layer=12 | mean r=0.036
ACROSS-SPLIT-MULTITRAIN nllb200_1B | fROI=Lang_LH_IFG | layer=13 | mean r=0.042
ACROSS-SPLIT-MULTITRAIN nllb200_1B | fROI=Lang_LH_IFG | layer=14 | mean r=0.040
ACROSS-SPLIT-MULTITRAIN nllb200_1B | fROI=Lang_LH_IFG | layer=15 | mean r=0.048
ACROSS-SPLIT-MULTITRAIN nllb200_1B | fROI=Lang_LH_IFG | layer=16 | mean r=0.055
ACROSS-SPLIT-MULTITRAIN nllb200_1B | fROI=Lang_LH_IFG | layer=17 | mean r=0.068
ACROSS-SPLIT-MULTITRAIN nllb200_1B | fROI=Lang_LH_IFG | layer=18 | mean r=0.073
ACROSS-SPLIT-MULTITRAIN nllb200_1B | fROI=Lang_LH_IFG | layer=19 | mean r=0.070
ACROSS-SPLIT-MULTITRAIN nllb200_1B | fROI=Lang_LH_IFG | layer=20 | mean r=0.070
ACROSS-SPLIT-MULTITRAIN nllb200_1B | fROI=Lang_LH_IFG | layer=21 | mean r=0.074
ACROSS-SPLIT-MULTITRAIN nllb200_1B | fROI=Lang_LH_IFG | layer=22 | mean r=0.073
ACROSS-SPLIT-MULTITRAIN nllb200_1B | fROI=Lang_LH_IFG | layer=23 | mean r=0.069
ACROSS-SPLIT-MULTITRAIN nllb200_1B | fROI=Lang_LH_IFG | layer=24 | mean r=0.080


[ACROSS-SPLIT] Processing Lang_LH_IFGorb (3/6)
ACROSS-SPLIT-MULTITRAIN nllb200_1B | fROI=Lang_LH_IFGorb | layer=0 | mean r=0.012
ACROSS-SPLIT-MULTITRAIN nllb200_1B | fROI=Lang_LH_IFGorb | layer=1 | mean r=0.048
ACROSS-SPLIT-MULTITRAIN nllb200_1B | fROI=Lang_LH_IFGorb | layer=2 | mean r=0.071
ACROSS-SPLIT-MULTITRAIN nllb200_1B | fROI=Lang_LH_IFGorb | layer=3 | mean r=0.049
ACROSS-SPLIT-MULTITRAIN nllb200_1B | fROI=Lang_LH_IFGorb | layer=4 | mean r=0.028
ACROSS-SPLIT-MULTITRAIN nllb200_1B | fROI=Lang_LH_IFGorb | layer=5 | mean r=0.018
ACROSS-SPLIT-MULTITRAIN nllb200_1B | fROI=Lang_LH_IFGorb | layer=6 | mean r=0.016
ACROSS-SPLIT-MULTITRAIN nllb200_1B | fROI=Lang_LH_IFGorb | layer=7 | mean r=0.027
ACROSS-SPLIT-MULTITRAIN nllb200_1B | fROI=Lang_LH_IFGorb | layer=8 | mean r=0.055
ACROSS-SPLIT-MULTITRAIN nllb200_1B | fROI=Lang_LH_IFGorb | layer=9 | mean r=0.072
ACROSS-SPLIT-MULTITRAIN nllb200_1B | fROI=Lang_LH_IFGorb | layer=10 | mean r=0.078
ACROSS-SPLIT-MULTITRAIN nllb200_1B | fROI=Lang_LH_IFGorb | layer=11 | mean r=0.087
ACROSS-SPLIT-MULTITRAIN nllb200_1B | fROI=Lang_LH_IFGorb | layer=12 | mean r=0.101
ACROSS-SPLIT-MULTITRAIN nllb200_1B | fROI=Lang_LH_IFGorb | layer=13 | mean r=0.110
ACROSS-SPLIT-MULTITRAIN nllb200_1B | fROI=Lang_LH_IFGorb | layer=14 | mean r=0.109
ACROSS-SPLIT-MULTITRAIN nllb200_1B | fROI=Lang_LH_IFGorb | layer=15 | mean r=0.119
ACROSS-SPLIT-MULTITRAIN nllb200_1B | fROI=Lang_LH_IFGorb | layer=16 | mean r=0.125
ACROSS-SPLIT-MULTITRAIN nllb200_1B | fROI=Lang_LH_IFGorb | layer=17 | mean r=0.131
ACROSS-SPLIT-MULTITRAIN nllb200_1B | fROI=Lang_LH_IFGorb | layer=18 | mean r=0.131
ACROSS-SPLIT-MULTITRAIN nllb200_1B | fROI=Lang_LH_IFGorb | layer=19 | mean r=0.131
ACROSS-SPLIT-MULTITRAIN nllb200_1B | fROI=Lang_LH_IFGorb | layer=20 | mean r=0.130
ACROSS-SPLIT-MULTITRAIN nllb200_1B | fROI=Lang_LH_IFGorb | layer=21 | mean r=0.137
ACROSS-SPLIT-MULTITRAIN nllb200_1B | fROI=Lang_LH_IFGorb | layer=22 | mean r=0.136
ACROSS-SPLIT-MULTITRAIN nllb200_1B | fROI=Lang_LH_IFGorb | layer=23 | mean r=0.132
ACROSS-SPLIT-MULTITRAIN nllb200_1B | fROI=Lang_LH_IFGorb | layer=24 | mean r=0.145


[ACROSS-SPLIT] Processing Lang_LH_MFG (4/6)
ACROSS-SPLIT-MULTITRAIN nllb200_1B | fROI=Lang_LH_MFG | layer=0 | mean r=0.008
ACROSS-SPLIT-MULTITRAIN nllb200_1B | fROI=Lang_LH_MFG | layer=1 | mean r=0.014
ACROSS-SPLIT-MULTITRAIN nllb200_1B | fROI=Lang_LH_MFG | layer=2 | mean r=0.024
ACROSS-SPLIT-MULTITRAIN nllb200_1B | fROI=Lang_LH_MFG | layer=3 | mean r=0.018
ACROSS-SPLIT-MULTITRAIN nllb200_1B | fROI=Lang_LH_MFG | layer=4 | mean r=0.019
ACROSS-SPLIT-MULTITRAIN nllb200_1B | fROI=Lang_LH_MFG | layer=5 | mean r=0.020
ACROSS-SPLIT-MULTITRAIN nllb200_1B | fROI=Lang_LH_MFG | layer=6 | mean r=0.021
ACROSS-SPLIT-MULTITRAIN nllb200_1B | fROI=Lang_LH_MFG | layer=7 | mean r=0.027
ACROSS-SPLIT-MULTITRAIN nllb200_1B | fROI=Lang_LH_MFG | layer=8 | mean r=0.053
ACROSS-SPLIT-MULTITRAIN nllb200_1B | fROI=Lang_LH_MFG | layer=9 | mean r=0.053
ACROSS-SPLIT-MULTITRAIN nllb200_1B | fROI=Lang_LH_MFG | layer=10 | mean r=0.054
ACROSS-SPLIT-MULTITRAIN nllb200_1B | fROI=Lang_LH_MFG | layer=11 | mean r=0.061
ACROSS-SPLIT-MULTITRAIN nllb200_1B | fROI=Lang_LH_MFG | layer=12 | mean r=0.063
ACROSS-SPLIT-MULTITRAIN nllb200_1B | fROI=Lang_LH_MFG | layer=13 | mean r=0.076
ACROSS-SPLIT-MULTITRAIN nllb200_1B | fROI=Lang_LH_MFG | layer=14 | mean r=0.059
ACROSS-SPLIT-MULTITRAIN nllb200_1B | fROI=Lang_LH_MFG | layer=15 | mean r=0.066
ACROSS-SPLIT-MULTITRAIN nllb200_1B | fROI=Lang_LH_MFG | layer=16 | mean r=0.068
ACROSS-SPLIT-MULTITRAIN nllb200_1B | fROI=Lang_LH_MFG | layer=17 | mean r=0.080
ACROSS-SPLIT-MULTITRAIN nllb200_1B | fROI=Lang_LH_MFG | layer=18 | mean r=0.088
ACROSS-SPLIT-MULTITRAIN nllb200_1B | fROI=Lang_LH_MFG | layer=19 | mean r=0.082
ACROSS-SPLIT-MULTITRAIN nllb200_1B | fROI=Lang_LH_MFG | layer=20 | mean r=0.083
ACROSS-SPLIT-MULTITRAIN nllb200_1B | fROI=Lang_LH_MFG | layer=21 | mean r=0.084
ACROSS-SPLIT-MULTITRAIN nllb200_1B | fROI=Lang_LH_MFG | layer=22 | mean r=0.084
ACROSS-SPLIT-MULTITRAIN nllb200_1B | fROI=Lang_LH_MFG | layer=23 | mean r=0.089
ACROSS-SPLIT-MULTITRAIN nllb200_1B | fROI=Lang_LH_MFG | layer=24 | mean r=0.093


[ACROSS-SPLIT] Processing Lang_LH_PostTemp (5/6)
ACROSS-SPLIT-MULTITRAIN nllb200_1B | fROI=Lang_LH_PostTemp | layer=0 | mean r=0.032
ACROSS-SPLIT-MULTITRAIN nllb200_1B | fROI=Lang_LH_PostTemp | layer=1 | mean r=0.043
ACROSS-SPLIT-MULTITRAIN nllb200_1B | fROI=Lang_LH_PostTemp | layer=2 | mean r=0.055
ACROSS-SPLIT-MULTITRAIN nllb200_1B | fROI=Lang_LH_PostTemp | layer=3 | mean r=0.030
ACROSS-SPLIT-MULTITRAIN nllb200_1B | fROI=Lang_LH_PostTemp | layer=4 | mean r=0.033
ACROSS-SPLIT-MULTITRAIN nllb200_1B | fROI=Lang_LH_PostTemp | layer=5 | mean r=0.047
ACROSS-SPLIT-MULTITRAIN nllb200_1B | fROI=Lang_LH_PostTemp | layer=6 | mean r=0.065
ACROSS-SPLIT-MULTITRAIN nllb200_1B | fROI=Lang_LH_PostTemp | layer=7 | mean r=0.065
ACROSS-SPLIT-MULTITRAIN nllb200_1B | fROI=Lang_LH_PostTemp | layer=8 | mean r=0.089
ACROSS-SPLIT-MULTITRAIN nllb200_1B | fROI=Lang_LH_PostTemp | layer=9 | mean r=0.116
ACROSS-SPLIT-MULTITRAIN nllb200_1B | fROI=Lang_LH_PostTemp | layer=10 | mean r=0.138
ACROSS-SPLIT-MULTITRAIN nllb200_1B | fROI=Lang_LH_PostTemp | layer=11 | mean r=0.139
ACROSS-SPLIT-MULTITRAIN nllb200_1B | fROI=Lang_LH_PostTemp | layer=12 | mean r=0.162
ACROSS-SPLIT-MULTITRAIN nllb200_1B | fROI=Lang_LH_PostTemp | layer=13 | mean r=0.165
ACROSS-SPLIT-MULTITRAIN nllb200_1B | fROI=Lang_LH_PostTemp | layer=14 | mean r=0.163
ACROSS-SPLIT-MULTITRAIN nllb200_1B | fROI=Lang_LH_PostTemp | layer=15 | mean r=0.175
ACROSS-SPLIT-MULTITRAIN nllb200_1B | fROI=Lang_LH_PostTemp | layer=16 | mean r=0.173
ACROSS-SPLIT-MULTITRAIN nllb200_1B | fROI=Lang_LH_PostTemp | layer=17 | mean r=0.187
ACROSS-SPLIT-MULTITRAIN nllb200_1B | fROI=Lang_LH_PostTemp | layer=18 | mean r=0.183
ACROSS-SPLIT-MULTITRAIN nllb200_1B | fROI=Lang_LH_PostTemp | layer=19 | mean r=0.181
ACROSS-SPLIT-MULTITRAIN nllb200_1B | fROI=Lang_LH_PostTemp | layer=20 | mean r=0.179
ACROSS-SPLIT-MULTITRAIN nllb200_1B | fROI=Lang_LH_PostTemp | layer=21 | mean r=0.185
ACROSS-SPLIT-MULTITRAIN nllb200_1B | fROI=Lang_LH_PostTemp | layer=22 | mean r=0.176
ACROSS-SPLIT-MULTITRAIN nllb200_1B | fROI=Lang_LH_PostTemp | layer=23 | mean r=0.174
ACROSS-SPLIT-MULTITRAIN nllb200_1B | fROI=Lang_LH_PostTemp | layer=24 | mean r=0.192


[ACROSS-SPLIT] Processing all (6/6)
ACROSS-SPLIT-MULTITRAIN nllb200_1B | fROI=all | layer=0 | mean r=0.022
ACROSS-SPLIT-MULTITRAIN nllb200_1B | fROI=all | layer=1 | mean r=0.028
ACROSS-SPLIT-MULTITRAIN nllb200_1B | fROI=all | layer=2 | mean r=0.056
ACROSS-SPLIT-MULTITRAIN nllb200_1B | fROI=all | layer=3 | mean r=0.033
ACROSS-SPLIT-MULTITRAIN nllb200_1B | fROI=all | layer=4 | mean r=0.008
ACROSS-SPLIT-MULTITRAIN nllb200_1B | fROI=all | layer=5 | mean r=-0.004
ACROSS-SPLIT-MULTITRAIN nllb200_1B | fROI=all | layer=6 | mean r=0.008
ACROSS-SPLIT-MULTITRAIN nllb200_1B | fROI=all | layer=7 | mean r=0.016
ACROSS-SPLIT-MULTITRAIN nllb200_1B | fROI=all | layer=8 | mean r=0.042
ACROSS-SPLIT-MULTITRAIN nllb200_1B | fROI=all | layer=9 | mean r=0.072
ACROSS-SPLIT-MULTITRAIN nllb200_1B | fROI=all | layer=10 | mean r=0.072
ACROSS-SPLIT-MULTITRAIN nllb200_1B | fROI=all | layer=11 | mean r=0.079
ACROSS-SPLIT-MULTITRAIN nllb200_1B | fROI=all | layer=12 | mean r=0.100
ACROSS-SPLIT-MULTITRAIN nllb200_1B | fROI=all | layer=13 | mean r=0.100
ACROSS-SPLIT-MULTITRAIN nllb200_1B | fROI=all | layer=14 | mean r=0.097
ACROSS-SPLIT-MULTITRAIN nllb200_1B | fROI=all | layer=15 | mean r=0.100
ACROSS-SPLIT-MULTITRAIN nllb200_1B | fROI=all | layer=16 | mean r=0.105
ACROSS-SPLIT-MULTITRAIN nllb200_1B | fROI=all | layer=17 | mean r=0.116
ACROSS-SPLIT-MULTITRAIN nllb200_1B | fROI=all | layer=18 | mean r=0.107
ACROSS-SPLIT-MULTITRAIN nllb200_1B | fROI=all | layer=19 | mean r=0.104
ACROSS-SPLIT-MULTITRAIN nllb200_1B | fROI=all | layer=20 | mean r=0.095
ACROSS-SPLIT-MULTITRAIN nllb200_1B | fROI=all | layer=21 | mean r=0.102
ACROSS-SPLIT-MULTITRAIN nllb200_1B | fROI=all | layer=22 | mean r=0.103
ACROSS-SPLIT-MULTITRAIN nllb200_1B | fROI=all | layer=23 | mean r=0.097
ACROSS-SPLIT-MULTITRAIN nllb200_1B | fROI=all | layer=24 | mean r=0.116


[ACROSS-SPLIT] Processing Lang_LH_AntTemp (1/6)
ACROSS-SPLIT-MULTITRAIN mgpt | fROI=Lang_LH_AntTemp | layer=0 | mean r=0.040
ACROSS-SPLIT-MULTITRAIN mgpt | fROI=Lang_LH_AntTemp | layer=1 | mean r=0.055
ACROSS-SPLIT-MULTITRAIN mgpt | fROI=Lang_LH_AntTemp | layer=2 | mean r=0.076
ACROSS-SPLIT-MULTITRAIN mgpt | fROI=Lang_LH_AntTemp | layer=3 | mean r=0.078
ACROSS-SPLIT-MULTITRAIN mgpt | fROI=Lang_LH_AntTemp | layer=4 | mean r=0.124
ACROSS-SPLIT-MULTITRAIN mgpt | fROI=Lang_LH_AntTemp | layer=5 | mean r=0.124
ACROSS-SPLIT-MULTITRAIN mgpt | fROI=Lang_LH_AntTemp | layer=6 | mean r=0.161
ACROSS-SPLIT-MULTITRAIN mgpt | fROI=Lang_LH_AntTemp | layer=7 | mean r=0.186
ACROSS-SPLIT-MULTITRAIN mgpt | fROI=Lang_LH_AntTemp | layer=8 | mean r=0.210
ACROSS-SPLIT-MULTITRAIN mgpt | fROI=Lang_LH_AntTemp | layer=9 | mean r=0.221
ACROSS-SPLIT-MULTITRAIN mgpt | fROI=Lang_LH_AntTemp | layer=10 | mean r=0.221
ACROSS-SPLIT-MULTITRAIN mgpt | fROI=Lang_LH_AntTemp | layer=11 | mean r=0.233
ACROSS-SPLIT-MULTITRAIN mgpt | fROI=Lang_LH_AntTemp | layer=12 | mean r=0.242
ACROSS-SPLIT-MULTITRAIN mgpt | fROI=Lang_LH_AntTemp | layer=13 | mean r=0.226
ACROSS-SPLIT-MULTITRAIN mgpt | fROI=Lang_LH_AntTemp | layer=14 | mean r=0.227
ACROSS-SPLIT-MULTITRAIN mgpt | fROI=Lang_LH_AntTemp | layer=15 | mean r=0.237
ACROSS-SPLIT-MULTITRAIN mgpt | fROI=Lang_LH_AntTemp | layer=16 | mean r=0.240
ACROSS-SPLIT-MULTITRAIN mgpt | fROI=Lang_LH_AntTemp | layer=17 | mean r=0.236
ACROSS-SPLIT-MULTITRAIN mgpt | fROI=Lang_LH_AntTemp | layer=18 | mean r=0.240
ACROSS-SPLIT-MULTITRAIN mgpt | fROI=Lang_LH_AntTemp | layer=19 | mean r=0.244
ACROSS-SPLIT-MULTITRAIN mgpt | fROI=Lang_LH_AntTemp | layer=20 | mean r=0.250
ACROSS-SPLIT-MULTITRAIN mgpt | fROI=Lang_LH_AntTemp | layer=21 | mean r=0.258
ACROSS-SPLIT-MULTITRAIN mgpt | fROI=Lang_LH_AntTemp | layer=22 | mean r=0.256
ACROSS-SPLIT-MULTITRAIN mgpt | fROI=Lang_LH_AntTemp | layer=23 | mean r=0.254
ACROSS-SPLIT-MULTITRAIN mgpt | fROI=Lang_LH_AntTemp | layer=24 | mean r=0.246


[ACROSS-SPLIT] Processing Lang_LH_IFG (2/6)
ACROSS-SPLIT-MULTITRAIN mgpt | fROI=Lang_LH_IFG | layer=0 | mean r=-0.022
ACROSS-SPLIT-MULTITRAIN mgpt | fROI=Lang_LH_IFG | layer=1 | mean r=-0.013
ACROSS-SPLIT-MULTITRAIN mgpt | fROI=Lang_LH_IFG | layer=2 | mean r=-0.002
ACROSS-SPLIT-MULTITRAIN mgpt | fROI=Lang_LH_IFG | layer=3 | mean r=0.001
ACROSS-SPLIT-MULTITRAIN mgpt | fROI=Lang_LH_IFG | layer=4 | mean r=0.049
ACROSS-SPLIT-MULTITRAIN mgpt | fROI=Lang_LH_IFG | layer=5 | mean r=0.076
ACROSS-SPLIT-MULTITRAIN mgpt | fROI=Lang_LH_IFG | layer=6 | mean r=0.094
ACROSS-SPLIT-MULTITRAIN mgpt | fROI=Lang_LH_IFG | layer=7 | mean r=0.096
ACROSS-SPLIT-MULTITRAIN mgpt | fROI=Lang_LH_IFG | layer=8 | mean r=0.119
ACROSS-SPLIT-MULTITRAIN mgpt | fROI=Lang_LH_IFG | layer=9 | mean r=0.114
ACROSS-SPLIT-MULTITRAIN mgpt | fROI=Lang_LH_IFG | layer=10 | mean r=0.128
ACROSS-SPLIT-MULTITRAIN mgpt | fROI=Lang_LH_IFG | layer=11 | mean r=0.140
ACROSS-SPLIT-MULTITRAIN mgpt | fROI=Lang_LH_IFG | layer=12 | mean r=0.144
ACROSS-SPLIT-MULTITRAIN mgpt | fROI=Lang_LH_IFG | layer=13 | mean r=0.133
ACROSS-SPLIT-MULTITRAIN mgpt | fROI=Lang_LH_IFG | layer=14 | mean r=0.132
ACROSS-SPLIT-MULTITRAIN mgpt | fROI=Lang_LH_IFG | layer=15 | mean r=0.126
ACROSS-SPLIT-MULTITRAIN mgpt | fROI=Lang_LH_IFG | layer=16 | mean r=0.121
ACROSS-SPLIT-MULTITRAIN mgpt | fROI=Lang_LH_IFG | layer=17 | mean r=0.118
ACROSS-SPLIT-MULTITRAIN mgpt | fROI=Lang_LH_IFG | layer=18 | mean r=0.119
ACROSS-SPLIT-MULTITRAIN mgpt | fROI=Lang_LH_IFG | layer=19 | mean r=0.119
ACROSS-SPLIT-MULTITRAIN mgpt | fROI=Lang_LH_IFG | layer=20 | mean r=0.110
ACROSS-SPLIT-MULTITRAIN mgpt | fROI=Lang_LH_IFG | layer=21 | mean r=0.106
ACROSS-SPLIT-MULTITRAIN mgpt | fROI=Lang_LH_IFG | layer=22 | mean r=0.103
ACROSS-SPLIT-MULTITRAIN mgpt | fROI=Lang_LH_IFG | layer=23 | mean r=0.096
ACROSS-SPLIT-MULTITRAIN mgpt | fROI=Lang_LH_IFG | layer=24 | mean r=0.095


[ACROSS-SPLIT] Processing Lang_LH_IFGorb (3/6)
ACROSS-SPLIT-MULTITRAIN mgpt | fROI=Lang_LH_IFGorb | layer=0 | mean r=0.063
ACROSS-SPLIT-MULTITRAIN mgpt | fROI=Lang_LH_IFGorb | layer=1 | mean r=0.057
ACROSS-SPLIT-MULTITRAIN mgpt | fROI=Lang_LH_IFGorb | layer=2 | mean r=0.073
ACROSS-SPLIT-MULTITRAIN mgpt | fROI=Lang_LH_IFGorb | layer=3 | mean r=0.075
ACROSS-SPLIT-MULTITRAIN mgpt | fROI=Lang_LH_IFGorb | layer=4 | mean r=0.107
ACROSS-SPLIT-MULTITRAIN mgpt | fROI=Lang_LH_IFGorb | layer=5 | mean r=0.112
ACROSS-SPLIT-MULTITRAIN mgpt | fROI=Lang_LH_IFGorb | layer=6 | mean r=0.130
ACROSS-SPLIT-MULTITRAIN mgpt | fROI=Lang_LH_IFGorb | layer=7 | mean r=0.142
ACROSS-SPLIT-MULTITRAIN mgpt | fROI=Lang_LH_IFGorb | layer=8 | mean r=0.159
ACROSS-SPLIT-MULTITRAIN mgpt | fROI=Lang_LH_IFGorb | layer=9 | mean r=0.170
ACROSS-SPLIT-MULTITRAIN mgpt | fROI=Lang_LH_IFGorb | layer=10 | mean r=0.174
ACROSS-SPLIT-MULTITRAIN mgpt | fROI=Lang_LH_IFGorb | layer=11 | mean r=0.182
ACROSS-SPLIT-MULTITRAIN mgpt | fROI=Lang_LH_IFGorb | layer=12 | mean r=0.190
ACROSS-SPLIT-MULTITRAIN mgpt | fROI=Lang_LH_IFGorb | layer=13 | mean r=0.177
ACROSS-SPLIT-MULTITRAIN mgpt | fROI=Lang_LH_IFGorb | layer=14 | mean r=0.181
ACROSS-SPLIT-MULTITRAIN mgpt | fROI=Lang_LH_IFGorb | layer=15 | mean r=0.181
ACROSS-SPLIT-MULTITRAIN mgpt | fROI=Lang_LH_IFGorb | layer=16 | mean r=0.182
ACROSS-SPLIT-MULTITRAIN mgpt | fROI=Lang_LH_IFGorb | layer=17 | mean r=0.175
ACROSS-SPLIT-MULTITRAIN mgpt | fROI=Lang_LH_IFGorb | layer=18 | mean r=0.175
ACROSS-SPLIT-MULTITRAIN mgpt | fROI=Lang_LH_IFGorb | layer=19 | mean r=0.177
ACROSS-SPLIT-MULTITRAIN mgpt | fROI=Lang_LH_IFGorb | layer=20 | mean r=0.178
ACROSS-SPLIT-MULTITRAIN mgpt | fROI=Lang_LH_IFGorb | layer=21 | mean r=0.173
ACROSS-SPLIT-MULTITRAIN mgpt | fROI=Lang_LH_IFGorb | layer=22 | mean r=0.170
ACROSS-SPLIT-MULTITRAIN mgpt | fROI=Lang_LH_IFGorb | layer=23 | mean r=0.167
ACROSS-SPLIT-MULTITRAIN mgpt | fROI=Lang_LH_IFGorb | layer=24 | mean r=0.160


[ACROSS-SPLIT] Processing Lang_LH_MFG (4/6)
ACROSS-SPLIT-MULTITRAIN mgpt | fROI=Lang_LH_MFG | layer=0 | mean r=0.022
ACROSS-SPLIT-MULTITRAIN mgpt | fROI=Lang_LH_MFG | layer=1 | mean r=0.017
ACROSS-SPLIT-MULTITRAIN mgpt | fROI=Lang_LH_MFG | layer=2 | mean r=0.021
ACROSS-SPLIT-MULTITRAIN mgpt | fROI=Lang_LH_MFG | layer=3 | mean r=0.025
ACROSS-SPLIT-MULTITRAIN mgpt | fROI=Lang_LH_MFG | layer=4 | mean r=0.056
ACROSS-SPLIT-MULTITRAIN mgpt | fROI=Lang_LH_MFG | layer=5 | mean r=0.077
ACROSS-SPLIT-MULTITRAIN mgpt | fROI=Lang_LH_MFG | layer=6 | mean r=0.097
ACROSS-SPLIT-MULTITRAIN mgpt | fROI=Lang_LH_MFG | layer=7 | mean r=0.109
ACROSS-SPLIT-MULTITRAIN mgpt | fROI=Lang_LH_MFG | layer=8 | mean r=0.127
ACROSS-SPLIT-MULTITRAIN mgpt | fROI=Lang_LH_MFG | layer=9 | mean r=0.124
ACROSS-SPLIT-MULTITRAIN mgpt | fROI=Lang_LH_MFG | layer=10 | mean r=0.141
ACROSS-SPLIT-MULTITRAIN mgpt | fROI=Lang_LH_MFG | layer=11 | mean r=0.145
ACROSS-SPLIT-MULTITRAIN mgpt | fROI=Lang_LH_MFG | layer=12 | mean r=0.140
ACROSS-SPLIT-MULTITRAIN mgpt | fROI=Lang_LH_MFG | layer=13 | mean r=0.127
ACROSS-SPLIT-MULTITRAIN mgpt | fROI=Lang_LH_MFG | layer=14 | mean r=0.128
ACROSS-SPLIT-MULTITRAIN mgpt | fROI=Lang_LH_MFG | layer=15 | mean r=0.120
ACROSS-SPLIT-MULTITRAIN mgpt | fROI=Lang_LH_MFG | layer=16 | mean r=0.113
ACROSS-SPLIT-MULTITRAIN mgpt | fROI=Lang_LH_MFG | layer=17 | mean r=0.106
ACROSS-SPLIT-MULTITRAIN mgpt | fROI=Lang_LH_MFG | layer=18 | mean r=0.109
ACROSS-SPLIT-MULTITRAIN mgpt | fROI=Lang_LH_MFG | layer=19 | mean r=0.111
ACROSS-SPLIT-MULTITRAIN mgpt | fROI=Lang_LH_MFG | layer=20 | mean r=0.098
ACROSS-SPLIT-MULTITRAIN mgpt | fROI=Lang_LH_MFG | layer=21 | mean r=0.086
ACROSS-SPLIT-MULTITRAIN mgpt | fROI=Lang_LH_MFG | layer=22 | mean r=0.074
ACROSS-SPLIT-MULTITRAIN mgpt | fROI=Lang_LH_MFG | layer=23 | mean r=0.073
ACROSS-SPLIT-MULTITRAIN mgpt | fROI=Lang_LH_MFG | layer=24 | mean r=0.077


[ACROSS-SPLIT] Processing Lang_LH_PostTemp (5/6)
ACROSS-SPLIT-MULTITRAIN mgpt | fROI=Lang_LH_PostTemp | layer=0 | mean r=0.052
ACROSS-SPLIT-MULTITRAIN mgpt | fROI=Lang_LH_PostTemp | layer=1 | mean r=0.092
ACROSS-SPLIT-MULTITRAIN mgpt | fROI=Lang_LH_PostTemp | layer=2 | mean r=0.142
ACROSS-SPLIT-MULTITRAIN mgpt | fROI=Lang_LH_PostTemp | layer=3 | mean r=0.148
ACROSS-SPLIT-MULTITRAIN mgpt | fROI=Lang_LH_PostTemp | layer=4 | mean r=0.195
ACROSS-SPLIT-MULTITRAIN mgpt | fROI=Lang_LH_PostTemp | layer=5 | mean r=0.205
ACROSS-SPLIT-MULTITRAIN mgpt | fROI=Lang_LH_PostTemp | layer=6 | mean r=0.229
ACROSS-SPLIT-MULTITRAIN mgpt | fROI=Lang_LH_PostTemp | layer=7 | mean r=0.254
