>>> SCRIPT LAUNCHED
>>> STARTING JOB in mode: native-within
>>> Loaded fMRI data
Processing - native mode (within)


Processing Lang_LH_AntTemp (1/6)
WITHIN     xglm_small | fROI=Lang_LH_AntTemp | layer=0 | mean r=0.186
WITHIN     xglm_small | fROI=Lang_LH_AntTemp | layer=1 | mean r=0.229
WITHIN     xglm_small | fROI=Lang_LH_AntTemp | layer=2 | mean r=0.201
WITHIN     xglm_small | fROI=Lang_LH_AntTemp | layer=3 | mean r=0.190
WITHIN     xglm_small | fROI=Lang_LH_AntTemp | layer=4 | mean r=0.191
WITHIN     xglm_small | fROI=Lang_LH_AntTemp | layer=5 | mean r=0.161
WITHIN     xglm_small | fROI=Lang_LH_AntTemp | layer=6 | mean r=0.184
WITHIN     xglm_small | fROI=Lang_LH_AntTemp | layer=7 | mean r=0.163
WITHIN     xglm_small | fROI=Lang_LH_AntTemp | layer=8 | mean r=0.168
WITHIN     xglm_small | fROI=Lang_LH_AntTemp | layer=9 | mean r=0.185
WITHIN     xglm_small | fROI=Lang_LH_AntTemp | layer=10 | mean r=0.195
WITHIN     xglm_small | fROI=Lang_LH_AntTemp | layer=11 | mean r=0.218
WITHIN     xglm_small | fROI=Lang_LH_AntTemp | layer=12 | mean r=0.231
WITHIN     xglm_small | fROI=Lang_LH_AntTemp | layer=13 | mean r=0.218
WITHIN     xglm_small | fROI=Lang_LH_AntTemp | layer=14 | mean r=0.242
WITHIN     xglm_small | fROI=Lang_LH_AntTemp | layer=15 | mean r=0.223
WITHIN     xglm_small | fROI=Lang_LH_AntTemp | layer=16 | mean r=0.226
WITHIN     xglm_small | fROI=Lang_LH_AntTemp | layer=17 | mean r=0.219
WITHIN     xglm_small | fROI=Lang_LH_AntTemp | layer=18 | mean r=0.215
WITHIN     xglm_small | fROI=Lang_LH_AntTemp | layer=19 | mean r=0.219
WITHIN     xglm_small | fROI=Lang_LH_AntTemp | layer=20 | mean r=0.211
WITHIN     xglm_small | fROI=Lang_LH_AntTemp | layer=21 | mean r=0.219
WITHIN     xglm_small | fROI=Lang_LH_AntTemp | layer=22 | mean r=0.226
WITHIN     xglm_small | fROI=Lang_LH_AntTemp | layer=23 | mean r=0.224
WITHIN     xglm_small | fROI=Lang_LH_AntTemp | layer=24 | mean r=0.223


Processing Lang_LH_IFG (2/6)
WITHIN     xglm_small | fROI=Lang_LH_IFG | layer=0 | mean r=0.109
WITHIN     xglm_small | fROI=Lang_LH_IFG | layer=1 | mean r=0.164
WITHIN     xglm_small | fROI=Lang_LH_IFG | layer=2 | mean r=0.139
WITHIN     xglm_small | fROI=Lang_LH_IFG | layer=3 | mean r=0.145
WITHIN     xglm_small | fROI=Lang_LH_IFG | layer=4 | mean r=0.119
WITHIN     xglm_small | fROI=Lang_LH_IFG | layer=5 | mean r=0.120
WITHIN     xglm_small | fROI=Lang_LH_IFG | layer=6 | mean r=0.131
WITHIN     xglm_small | fROI=Lang_LH_IFG | layer=7 | mean r=0.123
WITHIN     xglm_small | fROI=Lang_LH_IFG | layer=8 | mean r=0.135
WITHIN     xglm_small | fROI=Lang_LH_IFG | layer=9 | mean r=0.145
WITHIN     xglm_small | fROI=Lang_LH_IFG | layer=10 | mean r=0.156
WITHIN     xglm_small | fROI=Lang_LH_IFG | layer=11 | mean r=0.160
WITHIN     xglm_small | fROI=Lang_LH_IFG | layer=12 | mean r=0.171
WITHIN     xglm_small | fROI=Lang_LH_IFG | layer=13 | mean r=0.170
WITHIN     xglm_small | fROI=Lang_LH_IFG | layer=14 | mean r=0.157
WITHIN     xglm_small | fROI=Lang_LH_IFG | layer=15 | mean r=0.174
WITHIN     xglm_small | fROI=Lang_LH_IFG | layer=16 | mean r=0.168
WITHIN     xglm_small | fROI=Lang_LH_IFG | layer=17 | mean r=0.167
WITHIN     xglm_small | fROI=Lang_LH_IFG | layer=18 | mean r=0.160
WITHIN     xglm_small | fROI=Lang_LH_IFG | layer=19 | mean r=0.155
WITHIN     xglm_small | fROI=Lang_LH_IFG | layer=20 | mean r=0.146
WITHIN     xglm_small | fROI=Lang_LH_IFG | layer=21 | mean r=0.150
WITHIN     xglm_small | fROI=Lang_LH_IFG | layer=22 | mean r=0.146
WITHIN     xglm_small | fROI=Lang_LH_IFG | layer=23 | mean r=0.158
WITHIN     xglm_small | fROI=Lang_LH_IFG | layer=24 | mean r=0.171


Processing Lang_LH_IFGorb (3/6)
WITHIN     xglm_small | fROI=Lang_LH_IFGorb | layer=0 | mean r=0.130
WITHIN     xglm_small | fROI=Lang_LH_IFGorb | layer=1 | mean r=0.147
WITHIN     xglm_small | fROI=Lang_LH_IFGorb | layer=2 | mean r=0.119
WITHIN     xglm_small | fROI=Lang_LH_IFGorb | layer=3 | mean r=0.109
WITHIN     xglm_small | fROI=Lang_LH_IFGorb | layer=4 | mean r=0.093
WITHIN     xglm_small | fROI=Lang_LH_IFGorb | layer=5 | mean r=0.106
WITHIN     xglm_small | fROI=Lang_LH_IFGorb | layer=6 | mean r=0.105
WITHIN     xglm_small | fROI=Lang_LH_IFGorb | layer=7 | mean r=0.114
WITHIN     xglm_small | fROI=Lang_LH_IFGorb | layer=8 | mean r=0.119
WITHIN     xglm_small | fROI=Lang_LH_IFGorb | layer=9 | mean r=0.124
WITHIN     xglm_small | fROI=Lang_LH_IFGorb | layer=10 | mean r=0.149
WITHIN     xglm_small | fROI=Lang_LH_IFGorb | layer=11 | mean r=0.154
WITHIN     xglm_small | fROI=Lang_LH_IFGorb | layer=12 | mean r=0.158
WITHIN     xglm_small | fROI=Lang_LH_IFGorb | layer=13 | mean r=0.180
WITHIN     xglm_small | fROI=Lang_LH_IFGorb | layer=14 | mean r=0.194
WITHIN     xglm_small | fROI=Lang_LH_IFGorb | layer=15 | mean r=0.205
WITHIN     xglm_small | fROI=Lang_LH_IFGorb | layer=16 | mean r=0.203
WITHIN     xglm_small | fROI=Lang_LH_IFGorb | layer=17 | mean r=0.203
WITHIN     xglm_small | fROI=Lang_LH_IFGorb | layer=18 | mean r=0.201
WITHIN     xglm_small | fROI=Lang_LH_IFGorb | layer=19 | mean r=0.192
WITHIN     xglm_small | fROI=Lang_LH_IFGorb | layer=20 | mean r=0.190
WITHIN     xglm_small | fROI=Lang_LH_IFGorb | layer=21 | mean r=0.182
WITHIN     xglm_small | fROI=Lang_LH_IFGorb | layer=22 | mean r=0.166
WITHIN     xglm_small | fROI=Lang_LH_IFGorb | layer=23 | mean r=0.167
WITHIN     xglm_small | fROI=Lang_LH_IFGorb | layer=24 | mean r=0.182


Processing Lang_LH_MFG (4/6)
WITHIN     xglm_small | fROI=Lang_LH_MFG | layer=0 | mean r=0.139
WITHIN     xglm_small | fROI=Lang_LH_MFG | layer=1 | mean r=0.182
WITHIN     xglm_small | fROI=Lang_LH_MFG | layer=2 | mean r=0.166
WITHIN     xglm_small | fROI=Lang_LH_MFG | layer=3 | mean r=0.146
WITHIN     xglm_small | fROI=Lang_LH_MFG | layer=4 | mean r=0.139
WITHIN     xglm_small | fROI=Lang_LH_MFG | layer=5 | mean r=0.147
WITHIN     xglm_small | fROI=Lang_LH_MFG | layer=6 | mean r=0.158
WITHIN     xglm_small | fROI=Lang_LH_MFG | layer=7 | mean r=0.155
WITHIN     xglm_small | fROI=Lang_LH_MFG | layer=8 | mean r=0.165
WITHIN     xglm_small | fROI=Lang_LH_MFG | layer=9 | mean r=0.180
WITHIN     xglm_small | fROI=Lang_LH_MFG | layer=10 | mean r=0.192
WITHIN     xglm_small | fROI=Lang_LH_MFG | layer=11 | mean r=0.211
WITHIN     xglm_small | fROI=Lang_LH_MFG | layer=12 | mean r=0.211
WITHIN     xglm_small | fROI=Lang_LH_MFG | layer=13 | mean r=0.211
WITHIN     xglm_small | fROI=Lang_LH_MFG | layer=14 | mean r=0.217
WITHIN     xglm_small | fROI=Lang_LH_MFG | layer=15 | mean r=0.236
WITHIN     xglm_small | fROI=Lang_LH_MFG | layer=16 | mean r=0.233
WITHIN     xglm_small | fROI=Lang_LH_MFG | layer=17 | mean r=0.247
WITHIN     xglm_small | fROI=Lang_LH_MFG | layer=18 | mean r=0.245
WITHIN     xglm_small | fROI=Lang_LH_MFG | layer=19 | mean r=0.241
WITHIN     xglm_small | fROI=Lang_LH_MFG | layer=20 | mean r=0.236
WITHIN     xglm_small | fROI=Lang_LH_MFG | layer=21 | mean r=0.235
WITHIN     xglm_small | fROI=Lang_LH_MFG | layer=22 | mean r=0.243
WITHIN     xglm_small | fROI=Lang_LH_MFG | layer=23 | mean r=0.238
WITHIN     xglm_small | fROI=Lang_LH_MFG | layer=24 | mean r=0.245


Processing Lang_LH_PostTemp (5/6)
WITHIN     xglm_small | fROI=Lang_LH_PostTemp | layer=0 | mean r=0.076
WITHIN     xglm_small | fROI=Lang_LH_PostTemp | layer=1 | mean r=0.107
WITHIN     xglm_small | fROI=Lang_LH_PostTemp | layer=2 | mean r=0.059
WITHIN     xglm_small | fROI=Lang_LH_PostTemp | layer=3 | mean r=0.076
WITHIN     xglm_small | fROI=Lang_LH_PostTemp | layer=4 | mean r=0.076
WITHIN     xglm_small | fROI=Lang_LH_PostTemp | layer=5 | mean r=0.062
WITHIN     xglm_small | fROI=Lang_LH_PostTemp | layer=6 | mean r=0.060
WITHIN     xglm_small | fROI=Lang_LH_PostTemp | layer=7 | mean r=0.094
WITHIN     xglm_small | fROI=Lang_LH_PostTemp | layer=8 | mean r=0.109
WITHIN     xglm_small | fROI=Lang_LH_PostTemp | layer=9 | mean r=0.131
WITHIN     xglm_small | fROI=Lang_LH_PostTemp | layer=10 | mean r=0.141
WITHIN     xglm_small | fROI=Lang_LH_PostTemp | layer=11 | mean r=0.143
WITHIN     xglm_small | fROI=Lang_LH_PostTemp | layer=12 | mean r=0.164
WITHIN     xglm_small | fROI=Lang_LH_PostTemp | layer=13 | mean r=0.161
WITHIN     xglm_small | fROI=Lang_LH_PostTemp | layer=14 | mean r=0.161
WITHIN     xglm_small | fROI=Lang_LH_PostTemp | layer=15 | mean r=0.131
WITHIN     xglm_small | fROI=Lang_LH_PostTemp | layer=16 | mean r=0.143
WITHIN     xglm_small | fROI=Lang_LH_PostTemp | layer=17 | mean r=0.137
WITHIN     xglm_small | fROI=Lang_LH_PostTemp | layer=18 | mean r=0.124
WITHIN     xglm_small | fROI=Lang_LH_PostTemp | layer=19 | mean r=0.117
WITHIN     xglm_small | fROI=Lang_LH_PostTemp | layer=20 | mean r=0.107
WITHIN     xglm_small | fROI=Lang_LH_PostTemp | layer=21 | mean r=0.116
WITHIN     xglm_small | fROI=Lang_LH_PostTemp | layer=22 | mean r=0.114
WITHIN     xglm_small | fROI=Lang_LH_PostTemp | layer=23 | mean r=0.102
WITHIN     xglm_small | fROI=Lang_LH_PostTemp | layer=24 | mean r=0.111


Processing all (6/6)
WITHIN     xglm_small | fROI=all | layer=0 | mean r=0.177
WITHIN     xglm_small | fROI=all | layer=1 | mean r=0.229
WITHIN     xglm_small | fROI=all | layer=2 | mean r=0.197
WITHIN     xglm_small | fROI=all | layer=3 | mean r=0.194
WITHIN     xglm_small | fROI=all | layer=4 | mean r=0.198
WITHIN     xglm_small | fROI=all | layer=5 | mean r=0.208
WITHIN     xglm_small | fROI=all | layer=6 | mean r=0.193
WITHIN     xglm_small | fROI=all | layer=7 | mean r=0.187
WITHIN     xglm_small | fROI=all | layer=8 | mean r=0.202
WITHIN     xglm_small | fROI=all | layer=9 | mean r=0.219
WITHIN     xglm_small | fROI=all | layer=10 | mean r=0.225
WITHIN     xglm_small | fROI=all | layer=11 | mean r=0.233
WITHIN     xglm_small | fROI=all | layer=12 | mean r=0.243
WITHIN     xglm_small | fROI=all | layer=13 | mean r=0.228
WITHIN     xglm_small | fROI=all | layer=14 | mean r=0.228
WITHIN     xglm_small | fROI=all | layer=15 | mean r=0.214
WITHIN     xglm_small | fROI=all | layer=16 | mean r=0.224
WITHIN     xglm_small | fROI=all | layer=17 | mean r=0.220
WITHIN     xglm_small | fROI=all | layer=18 | mean r=0.217
WITHIN     xglm_small | fROI=all | layer=19 | mean r=0.221
WITHIN     xglm_small | fROI=all | layer=20 | mean r=0.220
WITHIN     xglm_small | fROI=all | layer=21 | mean r=0.231
WITHIN     xglm_small | fROI=all | layer=22 | mean r=0.238
WITHIN     xglm_small | fROI=all | layer=23 | mean r=0.225
WITHIN     xglm_small | fROI=all | layer=24 | mean r=0.235


Processing Lang_LH_AntTemp (1/6)
WITHIN     xglm_med | fROI=Lang_LH_AntTemp | layer=0 | mean r=0.199
WITHIN     xglm_med | fROI=Lang_LH_AntTemp | layer=1 | mean r=0.197
WITHIN     xglm_med | fROI=Lang_LH_AntTemp | layer=2 | mean r=0.198
WITHIN     xglm_med | fROI=Lang_LH_AntTemp | layer=3 | mean r=0.159
WITHIN     xglm_med | fROI=Lang_LH_AntTemp | layer=4 | mean r=0.179
WITHIN     xglm_med | fROI=Lang_LH_AntTemp | layer=5 | mean r=0.219
WITHIN     xglm_med | fROI=Lang_LH_AntTemp | layer=6 | mean r=0.207
WITHIN     xglm_med | fROI=Lang_LH_AntTemp | layer=7 | mean r=0.223
WITHIN     xglm_med | fROI=Lang_LH_AntTemp | layer=8 | mean r=0.208
WITHIN     xglm_med | fROI=Lang_LH_AntTemp | layer=9 | mean r=0.210
WITHIN     xglm_med | fROI=Lang_LH_AntTemp | layer=10 | mean r=0.199
WITHIN     xglm_med | fROI=Lang_LH_AntTemp | layer=11 | mean r=0.212
WITHIN     xglm_med | fROI=Lang_LH_AntTemp | layer=12 | mean r=0.219
WITHIN     xglm_med | fROI=Lang_LH_AntTemp | layer=13 | mean r=0.221
WITHIN     xglm_med | fROI=Lang_LH_AntTemp | layer=14 | mean r=0.231
WITHIN     xglm_med | fROI=Lang_LH_AntTemp | layer=15 | mean r=0.228
WITHIN     xglm_med | fROI=Lang_LH_AntTemp | layer=16 | mean r=0.232
WITHIN     xglm_med | fROI=Lang_LH_AntTemp | layer=17 | mean r=0.226
WITHIN     xglm_med | fROI=Lang_LH_AntTemp | layer=18 | mean r=0.246
WITHIN     xglm_med | fROI=Lang_LH_AntTemp | layer=19 | mean r=0.239
WITHIN     xglm_med | fROI=Lang_LH_AntTemp | layer=20 | mean r=0.255
WITHIN     xglm_med | fROI=Lang_LH_AntTemp | layer=21 | mean r=0.255
WITHIN     xglm_med | fROI=Lang_LH_AntTemp | layer=22 | mean r=0.256
WITHIN     xglm_med | fROI=Lang_LH_AntTemp | layer=23 | mean r=0.256
WITHIN     xglm_med | fROI=Lang_LH_AntTemp | layer=24 | mean r=0.257


Processing Lang_LH_IFG (2/6)
WITHIN     xglm_med | fROI=Lang_LH_IFG | layer=0 | mean r=0.160
WITHIN     xglm_med | fROI=Lang_LH_IFG | layer=1 | mean r=0.095
WITHIN     xglm_med | fROI=Lang_LH_IFG | layer=2 | mean r=0.075
WITHIN     xglm_med | fROI=Lang_LH_IFG | layer=3 | mean r=0.078
WITHIN     xglm_med | fROI=Lang_LH_IFG | layer=4 | mean r=0.090
WITHIN     xglm_med | fROI=Lang_LH_IFG | layer=5 | mean r=0.078
WITHIN     xglm_med | fROI=Lang_LH_IFG | layer=6 | mean r=0.071
WITHIN     xglm_med | fROI=Lang_LH_IFG | layer=7 | mean r=0.086
WITHIN     xglm_med | fROI=Lang_LH_IFG | layer=8 | mean r=0.080
WITHIN     xglm_med | fROI=Lang_LH_IFG | layer=9 | mean r=0.085
WITHIN     xglm_med | fROI=Lang_LH_IFG | layer=10 | mean r=0.075
WITHIN     xglm_med | fROI=Lang_LH_IFG | layer=11 | mean r=0.071
WITHIN     xglm_med | fROI=Lang_LH_IFG | layer=12 | mean r=0.110
WITHIN     xglm_med | fROI=Lang_LH_IFG | layer=13 | mean r=0.113
WITHIN     xglm_med | fROI=Lang_LH_IFG | layer=14 | mean r=0.127
WITHIN     xglm_med | fROI=Lang_LH_IFG | layer=15 | mean r=0.136
WITHIN     xglm_med | fROI=Lang_LH_IFG | layer=16 | mean r=0.153
WITHIN     xglm_med | fROI=Lang_LH_IFG | layer=17 | mean r=0.152
WITHIN     xglm_med | fROI=Lang_LH_IFG | layer=18 | mean r=0.152
WITHIN     xglm_med | fROI=Lang_LH_IFG | layer=19 | mean r=0.161
WITHIN     xglm_med | fROI=Lang_LH_IFG | layer=20 | mean r=0.168
WITHIN     xglm_med | fROI=Lang_LH_IFG | layer=21 | mean r=0.168
WITHIN     xglm_med | fROI=Lang_LH_IFG | layer=22 | mean r=0.171
WITHIN     xglm_med | fROI=Lang_LH_IFG | layer=23 | mean r=0.169
WITHIN     xglm_med | fROI=Lang_LH_IFG | layer=24 | mean r=0.164


Processing Lang_LH_IFGorb (3/6)
WITHIN     xglm_med | fROI=Lang_LH_IFGorb | layer=0 | mean r=0.160
WITHIN     xglm_med | fROI=Lang_LH_IFGorb | layer=1 | mean r=0.100
WITHIN     xglm_med | fROI=Lang_LH_IFGorb | layer=2 | mean r=0.085
WITHIN     xglm_med | fROI=Lang_LH_IFGorb | layer=3 | mean r=0.084
WITHIN     xglm_med | fROI=Lang_LH_IFGorb | layer=4 | mean r=0.093
WITHIN     xglm_med | fROI=Lang_LH_IFGorb | layer=5 | mean r=0.106
WITHIN     xglm_med | fROI=Lang_LH_IFGorb | layer=6 | mean r=0.110
WITHIN     xglm_med | fROI=Lang_LH_IFGorb | layer=7 | mean r=0.143
WITHIN     xglm_med | fROI=Lang_LH_IFGorb | layer=8 | mean r=0.145
WITHIN     xglm_med | fROI=Lang_LH_IFGorb | layer=9 | mean r=0.148
WITHIN     xglm_med | fROI=Lang_LH_IFGorb | layer=10 | mean r=0.141
WITHIN     xglm_med | fROI=Lang_LH_IFGorb | layer=11 | mean r=0.143
WITHIN     xglm_med | fROI=Lang_LH_IFGorb | layer=12 | mean r=0.145
WITHIN     xglm_med | fROI=Lang_LH_IFGorb | layer=13 | mean r=0.155
WITHIN     xglm_med | fROI=Lang_LH_IFGorb | layer=14 | mean r=0.165
WITHIN     xglm_med | fROI=Lang_LH_IFGorb | layer=15 | mean r=0.160
WITHIN     xglm_med | fROI=Lang_LH_IFGorb | layer=16 | mean r=0.142
WITHIN     xglm_med | fROI=Lang_LH_IFGorb | layer=17 | mean r=0.148
WITHIN     xglm_med | fROI=Lang_LH_IFGorb | layer=18 | mean r=0.173
WITHIN     xglm_med | fROI=Lang_LH_IFGorb | layer=19 | mean r=0.179
WITHIN     xglm_med | fROI=Lang_LH_IFGorb | layer=20 | mean r=0.172
WITHIN     xglm_med | fROI=Lang_LH_IFGorb | layer=21 | mean r=0.178
WITHIN     xglm_med | fROI=Lang_LH_IFGorb | layer=22 | mean r=0.171
WITHIN     xglm_med | fROI=Lang_LH_IFGorb | layer=23 | mean r=0.166
WITHIN     xglm_med | fROI=Lang_LH_IFGorb | layer=24 | mean r=0.173


Processing Lang_LH_MFG (4/6)
WITHIN     xglm_med | fROI=Lang_LH_MFG | layer=0 | mean r=0.178
WITHIN     xglm_med | fROI=Lang_LH_MFG | layer=1 | mean r=0.113
WITHIN     xglm_med | fROI=Lang_LH_MFG | layer=2 | mean r=0.124
WITHIN     xglm_med | fROI=Lang_LH_MFG | layer=3 | mean r=0.133
WITHIN     xglm_med | fROI=Lang_LH_MFG | layer=4 | mean r=0.116
WITHIN     xglm_med | fROI=Lang_LH_MFG | layer=5 | mean r=0.129
WITHIN     xglm_med | fROI=Lang_LH_MFG | layer=6 | mean r=0.133
WITHIN     xglm_med | fROI=Lang_LH_MFG | layer=7 | mean r=0.133
WITHIN     xglm_med | fROI=Lang_LH_MFG | layer=8 | mean r=0.136
WITHIN     xglm_med | fROI=Lang_LH_MFG | layer=9 | mean r=0.154
WITHIN     xglm_med | fROI=Lang_LH_MFG | layer=10 | mean r=0.152
WITHIN     xglm_med | fROI=Lang_LH_MFG | layer=11 | mean r=0.130
WITHIN     xglm_med | fROI=Lang_LH_MFG | layer=12 | mean r=0.154
WITHIN     xglm_med | fROI=Lang_LH_MFG | layer=13 | mean r=0.160
WITHIN     xglm_med | fROI=Lang_LH_MFG | layer=14 | mean r=0.171
WITHIN     xglm_med | fROI=Lang_LH_MFG | layer=15 | mean r=0.191
WITHIN     xglm_med | fROI=Lang_LH_MFG | layer=16 | mean r=0.183
WITHIN     xglm_med | fROI=Lang_LH_MFG | layer=17 | mean r=0.198
WITHIN     xglm_med | fROI=Lang_LH_MFG | layer=18 | mean r=0.206
WITHIN     xglm_med | fROI=Lang_LH_MFG | layer=19 | mean r=0.195
WITHIN     xglm_med | fROI=Lang_LH_MFG | layer=20 | mean r=0.209
WITHIN     xglm_med | fROI=Lang_LH_MFG | layer=21 | mean r=0.211
WITHIN     xglm_med | fROI=Lang_LH_MFG | layer=22 | mean r=0.209
WITHIN     xglm_med | fROI=Lang_LH_MFG | layer=23 | mean r=0.212
WITHIN     xglm_med | fROI=Lang_LH_MFG | layer=24 | mean r=0.202


Processing Lang_LH_PostTemp (5/6)
WITHIN     xglm_med | fROI=Lang_LH_PostTemp | layer=0 | mean r=0.105
WITHIN     xglm_med | fROI=Lang_LH_PostTemp | layer=1 | mean r=0.021
WITHIN     xglm_med | fROI=Lang_LH_PostTemp | layer=2 | mean r=-0.015
WITHIN     xglm_med | fROI=Lang_LH_PostTemp | layer=3 | mean r=-0.001
WITHIN     xglm_med | fROI=Lang_LH_PostTemp | layer=4 | mean r=-0.007
WITHIN     xglm_med | fROI=Lang_LH_PostTemp | layer=5 | mean r=0.033
WITHIN     xglm_med | fROI=Lang_LH_PostTemp | layer=6 | mean r=0.038
WITHIN     xglm_med | fROI=Lang_LH_PostTemp | layer=7 | mean r=0.060
WITHIN     xglm_med | fROI=Lang_LH_PostTemp | layer=8 | mean r=0.071
WITHIN     xglm_med | fROI=Lang_LH_PostTemp | layer=9 | mean r=0.067
WITHIN     xglm_med | fROI=Lang_LH_PostTemp | layer=10 | mean r=0.053
WITHIN     xglm_med | fROI=Lang_LH_PostTemp | layer=11 | mean r=0.066
WITHIN     xglm_med | fROI=Lang_LH_PostTemp | layer=12 | mean r=0.092
WITHIN     xglm_med | fROI=Lang_LH_PostTemp | layer=13 | mean r=0.107
WITHIN     xglm_med | fROI=Lang_LH_PostTemp | layer=14 | mean r=0.115
WITHIN     xglm_med | fROI=Lang_LH_PostTemp | layer=15 | mean r=0.128
WITHIN     xglm_med | fROI=Lang_LH_PostTemp | layer=16 | mean r=0.141
WITHIN     xglm_med | fROI=Lang_LH_PostTemp | layer=17 | mean r=0.147
WITHIN     xglm_med | fROI=Lang_LH_PostTemp | layer=18 | mean r=0.145
WITHIN     xglm_med | fROI=Lang_LH_PostTemp | layer=19 | mean r=0.141
WITHIN     xglm_med | fROI=Lang_LH_PostTemp | layer=20 | mean r=0.153
WITHIN     xglm_med | fROI=Lang_LH_PostTemp | layer=21 | mean r=0.154
WITHIN     xglm_med | fROI=Lang_LH_PostTemp | layer=22 | mean r=0.155
WITHIN     xglm_med | fROI=Lang_LH_PostTemp | layer=23 | mean r=0.155
WITHIN     xglm_med | fROI=Lang_LH_PostTemp | layer=24 | mean r=0.140


Processing all (6/6)
WITHIN     xglm_med | fROI=all | layer=0 | mean r=0.234
WITHIN     xglm_med | fROI=all | layer=1 | mean r=0.127
WITHIN     xglm_med | fROI=all | layer=2 | mean r=0.115
WITHIN     xglm_med | fROI=all | layer=3 | mean r=0.111
WITHIN     xglm_med | fROI=all | layer=4 | mean r=0.098
WITHIN     xglm_med | fROI=all | layer=5 | mean r=0.124
WITHIN     xglm_med | fROI=all | layer=6 | mean r=0.121
WITHIN     xglm_med | fROI=all | layer=7 | mean r=0.139
WITHIN     xglm_med | fROI=all | layer=8 | mean r=0.146
WITHIN     xglm_med | fROI=all | layer=9 | mean r=0.178
WITHIN     xglm_med | fROI=all | layer=10 | mean r=0.132
WITHIN     xglm_med | fROI=all | layer=11 | mean r=0.137
WITHIN     xglm_med | fROI=all | layer=12 | mean r=0.138
WITHIN     xglm_med | fROI=all | layer=13 | mean r=0.147
WITHIN     xglm_med | fROI=all | layer=14 | mean r=0.190
WITHIN     xglm_med | fROI=all | layer=15 | mean r=0.196
WITHIN     xglm_med | fROI=all | layer=16 | mean r=0.207
WITHIN     xglm_med | fROI=all | layer=17 | mean r=0.225
WITHIN     xglm_med | fROI=all | layer=18 | mean r=0.231
WITHIN     xglm_med | fROI=all | layer=19 | mean r=0.239
WITHIN     xglm_med | fROI=all | layer=20 | mean r=0.254
WITHIN     xglm_med | fROI=all | layer=21 | mean r=0.247
WITHIN     xglm_med | fROI=all | layer=22 | mean r=0.252
WITHIN     xglm_med | fROI=all | layer=23 | mean r=0.257
WITHIN     xglm_med | fROI=all | layer=24 | mean r=0.237


Processing Lang_LH_AntTemp (1/6)
WITHIN     xglm_large | fROI=Lang_LH_AntTemp | layer=0 | mean r=0.258
WITHIN     xglm_large | fROI=Lang_LH_AntTemp | layer=1 | mean r=0.283
WITHIN     xglm_large | fROI=Lang_LH_AntTemp | layer=2 | mean r=0.285
WITHIN     xglm_large | fROI=Lang_LH_AntTemp | layer=3 | mean r=0.264
WITHIN     xglm_large | fROI=Lang_LH_AntTemp | layer=4 | mean r=0.248
WITHIN     xglm_large | fROI=Lang_LH_AntTemp | layer=5 | mean r=0.222
WITHIN     xglm_large | fROI=Lang_LH_AntTemp | layer=6 | mean r=0.228
WITHIN     xglm_large | fROI=Lang_LH_AntTemp | layer=7 | mean r=0.233
WITHIN     xglm_large | fROI=Lang_LH_AntTemp | layer=8 | mean r=0.227
WITHIN     xglm_large | fROI=Lang_LH_AntTemp | layer=9 | mean r=0.252
WITHIN     xglm_large | fROI=Lang_LH_AntTemp | layer=10 | mean r=0.265
WITHIN     xglm_large | fROI=Lang_LH_AntTemp | layer=11 | mean r=0.261
WITHIN     xglm_large | fROI=Lang_LH_AntTemp | layer=12 | mean r=0.260
WITHIN     xglm_large | fROI=Lang_LH_AntTemp | layer=13 | mean r=0.277
WITHIN     xglm_large | fROI=Lang_LH_AntTemp | layer=14 | mean r=0.276
WITHIN     xglm_large | fROI=Lang_LH_AntTemp | layer=15 | mean r=0.286
WITHIN     xglm_large | fROI=Lang_LH_AntTemp | layer=16 | mean r=0.274
WITHIN     xglm_large | fROI=Lang_LH_AntTemp | layer=17 | mean r=0.291
WITHIN     xglm_large | fROI=Lang_LH_AntTemp | layer=18 | mean r=0.287
WITHIN     xglm_large | fROI=Lang_LH_AntTemp | layer=19 | mean r=0.291
WITHIN     xglm_large | fROI=Lang_LH_AntTemp | layer=20 | mean r=0.297
WITHIN     xglm_large | fROI=Lang_LH_AntTemp | layer=21 | mean r=0.292
WITHIN     xglm_large | fROI=Lang_LH_AntTemp | layer=22 | mean r=0.315
WITHIN     xglm_large | fROI=Lang_LH_AntTemp | layer=23 | mean r=0.319
WITHIN     xglm_large | fROI=Lang_LH_AntTemp | layer=24 | mean r=0.314
WITHIN     xglm_large | fROI=Lang_LH_AntTemp | layer=25 | mean r=0.324
WITHIN     xglm_large | fROI=Lang_LH_AntTemp | layer=26 | mean r=0.324
WITHIN     xglm_large | fROI=Lang_LH_AntTemp | layer=27 | mean r=0.316
WITHIN     xglm_large | fROI=Lang_LH_AntTemp | layer=28 | mean r=0.305
WITHIN     xglm_large | fROI=Lang_LH_AntTemp | layer=29 | mean r=0.298
WITHIN     xglm_large | fROI=Lang_LH_AntTemp | layer=30 | mean r=0.289
WITHIN     xglm_large | fROI=Lang_LH_AntTemp | layer=31 | mean r=0.282
WITHIN     xglm_large | fROI=Lang_LH_AntTemp | layer=32 | mean r=0.261
WITHIN     xglm_large | fROI=Lang_LH_AntTemp | layer=33 | mean r=0.296
WITHIN     xglm_large | fROI=Lang_LH_AntTemp | layer=34 | mean r=0.296
WITHIN     xglm_large | fROI=Lang_LH_AntTemp | layer=35 | mean r=0.287
WITHIN     xglm_large | fROI=Lang_LH_AntTemp | layer=36 | mean r=0.263
WITHIN     xglm_large | fROI=Lang_LH_AntTemp | layer=37 | mean r=0.289
WITHIN     xglm_large | fROI=Lang_LH_AntTemp | layer=38 | mean r=0.295
WITHIN     xglm_large | fROI=Lang_LH_AntTemp | layer=39 | mean r=0.306
WITHIN     xglm_large | fROI=Lang_LH_AntTemp | layer=40 | mean r=0.302
WITHIN     xglm_large | fROI=Lang_LH_AntTemp | layer=41 | mean r=0.306
WITHIN     xglm_large | fROI=Lang_LH_AntTemp | layer=42 | mean r=0.308
WITHIN     xglm_large | fROI=Lang_LH_AntTemp | layer=43 | mean r=0.310
WITHIN     xglm_large | fROI=Lang_LH_AntTemp | layer=44 | mean r=0.309
WITHIN     xglm_large | fROI=Lang_LH_AntTemp | layer=45 | mean r=0.302
WITHIN     xglm_large | fROI=Lang_LH_AntTemp | layer=46 | mean r=0.296
WITHIN     xglm_large | fROI=Lang_LH_AntTemp | layer=47 | mean r=0.272
WITHIN     xglm_large | fROI=Lang_LH_AntTemp | layer=48 | mean r=0.266


Processing Lang_LH_IFG (2/6)
WITHIN     xglm_large | fROI=Lang_LH_IFG | layer=0 | mean r=0.195
WITHIN     xglm_large | fROI=Lang_LH_IFG | layer=1 | mean r=0.221
WITHIN     xglm_large | fROI=Lang_LH_IFG | layer=2 | mean r=0.224
WITHIN     xglm_large | fROI=Lang_LH_IFG | layer=3 | mean r=0.178
WITHIN     xglm_large | fROI=Lang_LH_IFG | layer=4 | mean r=0.169
WITHIN     xglm_large | fROI=Lang_LH_IFG | layer=5 | mean r=0.166
WITHIN     xglm_large | fROI=Lang_LH_IFG | layer=6 | mean r=0.156
WITHIN     xglm_large | fROI=Lang_LH_IFG | layer=7 | mean r=0.170
WITHIN     xglm_large | fROI=Lang_LH_IFG | layer=8 | mean r=0.176
WITHIN     xglm_large | fROI=Lang_LH_IFG | layer=9 | mean r=0.212
WITHIN     xglm_large | fROI=Lang_LH_IFG | layer=10 | mean r=0.206
WITHIN     xglm_large | fROI=Lang_LH_IFG | layer=11 | mean r=0.202
WITHIN     xglm_large | fROI=Lang_LH_IFG | layer=12 | mean r=0.206
WITHIN     xglm_large | fROI=Lang_LH_IFG | layer=13 | mean r=0.220
WITHIN     xglm_large | fROI=Lang_LH_IFG | layer=14 | mean r=0.243
WITHIN     xglm_large | fROI=Lang_LH_IFG | layer=15 | mean r=0.247
WITHIN     xglm_large | fROI=Lang_LH_IFG | layer=16 | mean r=0.215
WITHIN     xglm_large | fROI=Lang_LH_IFG | layer=17 | mean r=0.229
WITHIN     xglm_large | fROI=Lang_LH_IFG | layer=18 | mean r=0.228
WITHIN     xglm_large | fROI=Lang_LH_IFG | layer=19 | mean r=0.229
WITHIN     xglm_large | fROI=Lang_LH_IFG | layer=20 | mean r=0.234
WITHIN     xglm_large | fROI=Lang_LH_IFG | layer=21 | mean r=0.236
WITHIN     xglm_large | fROI=Lang_LH_IFG | layer=22 | mean r=0.238
WITHIN     xglm_large | fROI=Lang_LH_IFG | layer=23 | mean r=0.237
WITHIN     xglm_large | fROI=Lang_LH_IFG | layer=24 | mean r=0.237
WITHIN     xglm_large | fROI=Lang_LH_IFG | layer=25 | mean r=0.240
WITHIN     xglm_large | fROI=Lang_LH_IFG | layer=26 | mean r=0.239
WITHIN     xglm_large | fROI=Lang_LH_IFG | layer=27 | mean r=0.239
WITHIN     xglm_large | fROI=Lang_LH_IFG | layer=28 | mean r=0.236
WITHIN     xglm_large | fROI=Lang_LH_IFG | layer=29 | mean r=0.232
WITHIN     xglm_large | fROI=Lang_LH_IFG | layer=30 | mean r=0.230
WITHIN     xglm_large | fROI=Lang_LH_IFG | layer=31 | mean r=0.235
WITHIN     xglm_large | fROI=Lang_LH_IFG | layer=32 | mean r=0.233
WITHIN     xglm_large | fROI=Lang_LH_IFG | layer=33 | mean r=0.226
WITHIN     xglm_large | fROI=Lang_LH_IFG | layer=34 | mean r=0.226
WITHIN     xglm_large | fROI=Lang_LH_IFG | layer=35 | mean r=0.213
WITHIN     xglm_large | fROI=Lang_LH_IFG | layer=36 | mean r=0.215
WITHIN     xglm_large | fROI=Lang_LH_IFG | layer=37 | mean r=0.213
WITHIN     xglm_large | fROI=Lang_LH_IFG | layer=38 | mean r=0.213
WITHIN     xglm_large | fROI=Lang_LH_IFG | layer=39 | mean r=0.214
WITHIN     xglm_large | fROI=Lang_LH_IFG | layer=40 | mean r=0.214
WITHIN     xglm_large | fROI=Lang_LH_IFG | layer=41 | mean r=0.215
WITHIN     xglm_large | fROI=Lang_LH_IFG | layer=42 | mean r=0.215
WITHIN     xglm_large | fROI=Lang_LH_IFG | layer=43 | mean r=0.215
WITHIN     xglm_large | fROI=Lang_LH_IFG | layer=44 | mean r=0.213
WITHIN     xglm_large | fROI=Lang_LH_IFG | layer=45 | mean r=0.214
WITHIN     xglm_large | fROI=Lang_LH_IFG | layer=46 | mean r=0.214
WITHIN     xglm_large | fROI=Lang_LH_IFG | layer=47 | mean r=0.213
WITHIN     xglm_large | fROI=Lang_LH_IFG | layer=48 | mean r=0.219


Processing Lang_LH_IFGorb (3/6)
WITHIN     xglm_large | fROI=Lang_LH_IFGorb | layer=0 | mean r=0.176
WITHIN     xglm_large | fROI=Lang_LH_IFGorb | layer=1 | mean r=0.181
WITHIN     xglm_large | fROI=Lang_LH_IFGorb | layer=2 | mean r=0.144
WITHIN     xglm_large | fROI=Lang_LH_IFGorb | layer=3 | mean r=0.129
WITHIN     xglm_large | fROI=Lang_LH_IFGorb | layer=4 | mean r=0.097
WITHIN     xglm_large | fROI=Lang_LH_IFGorb | layer=5 | mean r=0.101
WITHIN     xglm_large | fROI=Lang_LH_IFGorb | layer=6 | mean r=0.113
WITHIN     xglm_large | fROI=Lang_LH_IFGorb | layer=7 | mean r=0.115
WITHIN     xglm_large | fROI=Lang_LH_IFGorb | layer=8 | mean r=0.121
WITHIN     xglm_large | fROI=Lang_LH_IFGorb | layer=9 | mean r=0.137
WITHIN     xglm_large | fROI=Lang_LH_IFGorb | layer=10 | mean r=0.144
WITHIN     xglm_large | fROI=Lang_LH_IFGorb | layer=11 | mean r=0.146
WITHIN     xglm_large | fROI=Lang_LH_IFGorb | layer=12 | mean r=0.134
WITHIN     xglm_large | fROI=Lang_LH_IFGorb | layer=13 | mean r=0.144
WITHIN     xglm_large | fROI=Lang_LH_IFGorb | layer=14 | mean r=0.156
WITHIN     xglm_large | fROI=Lang_LH_IFGorb | layer=15 | mean r=0.172
WITHIN     xglm_large | fROI=Lang_LH_IFGorb | layer=16 | mean r=0.149
WITHIN     xglm_large | fROI=Lang_LH_IFGorb | layer=17 | mean r=0.161
WITHIN     xglm_large | fROI=Lang_LH_IFGorb | layer=18 | mean r=0.165
WITHIN     xglm_large | fROI=Lang_LH_IFGorb | layer=19 | mean r=0.168
WITHIN     xglm_large | fROI=Lang_LH_IFGorb | layer=20 | mean r=0.170
WITHIN     xglm_large | fROI=Lang_LH_IFGorb | layer=21 | mean r=0.164
WITHIN     xglm_large | fROI=Lang_LH_IFGorb | layer=22 | mean r=0.174
WITHIN     xglm_large | fROI=Lang_LH_IFGorb | layer=23 | mean r=0.191
WITHIN     xglm_large | fROI=Lang_LH_IFGorb | layer=24 | mean r=0.183
WITHIN     xglm_large | fROI=Lang_LH_IFGorb | layer=25 | mean r=0.190
WITHIN     xglm_large | fROI=Lang_LH_IFGorb | layer=26 | mean r=0.196
WITHIN     xglm_large | fROI=Lang_LH_IFGorb | layer=27 | mean r=0.193
WITHIN     xglm_large | fROI=Lang_LH_IFGorb | layer=28 | mean r=0.196
WITHIN     xglm_large | fROI=Lang_LH_IFGorb | layer=29 | mean r=0.192
WITHIN     xglm_large | fROI=Lang_LH_IFGorb | layer=30 | mean r=0.196
WITHIN     xglm_large | fROI=Lang_LH_IFGorb | layer=31 | mean r=0.191
WITHIN     xglm_large | fROI=Lang_LH_IFGorb | layer=32 | mean r=0.186
WITHIN     xglm_large | fROI=Lang_LH_IFGorb | layer=33 | mean r=0.191
WITHIN     xglm_large | fROI=Lang_LH_IFGorb | layer=34 | mean r=0.178
WITHIN     xglm_large | fROI=Lang_LH_IFGorb | layer=35 | mean r=0.171
WITHIN     xglm_large | fROI=Lang_LH_IFGorb | layer=36 | mean r=0.166
WITHIN     xglm_large | fROI=Lang_LH_IFGorb | layer=37 | mean r=0.175
WITHIN     xglm_large | fROI=Lang_LH_IFGorb | layer=38 | mean r=0.177
WITHIN     xglm_large | fROI=Lang_LH_IFGorb | layer=39 | mean r=0.177
WITHIN     xglm_large | fROI=Lang_LH_IFGorb | layer=40 | mean r=0.171
WITHIN     xglm_large | fROI=Lang_LH_IFGorb | layer=41 | mean r=0.170
WITHIN     xglm_large | fROI=Lang_LH_IFGorb | layer=42 | mean r=0.167
WITHIN     xglm_large | fROI=Lang_LH_IFGorb | layer=43 | mean r=0.166
WITHIN     xglm_large | fROI=Lang_LH_IFGorb | layer=44 | mean r=0.167
WITHIN     xglm_large | fROI=Lang_LH_IFGorb | layer=45 | mean r=0.159
WITHIN     xglm_large | fROI=Lang_LH_IFGorb | layer=46 | mean r=0.161
WITHIN     xglm_large | fROI=Lang_LH_IFGorb | layer=47 | mean r=0.159
WITHIN     xglm_large | fROI=Lang_LH_IFGorb | layer=48 | mean r=0.155


Processing Lang_LH_MFG (4/6)
WITHIN     xglm_large | fROI=Lang_LH_MFG | layer=0 | mean r=0.217
WITHIN     xglm_large | fROI=Lang_LH_MFG | layer=1 | mean r=0.204
WITHIN     xglm_large | fROI=Lang_LH_MFG | layer=2 | mean r=0.194
WITHIN     xglm_large | fROI=Lang_LH_MFG | layer=3 | mean r=0.161
WITHIN     xglm_large | fROI=Lang_LH_MFG | layer=4 | mean r=0.145
WITHIN     xglm_large | fROI=Lang_LH_MFG | layer=5 | mean r=0.136
WITHIN     xglm_large | fROI=Lang_LH_MFG | layer=6 | mean r=0.158
WITHIN     xglm_large | fROI=Lang_LH_MFG | layer=7 | mean r=0.150
WITHIN     xglm_large | fROI=Lang_LH_MFG | layer=8 | mean r=0.181
WITHIN     xglm_large | fROI=Lang_LH_MFG | layer=9 | mean r=0.198
WITHIN     xglm_large | fROI=Lang_LH_MFG | layer=10 | mean r=0.198
WITHIN     xglm_large | fROI=Lang_LH_MFG | layer=11 | mean r=0.198
WITHIN     xglm_large | fROI=Lang_LH_MFG | layer=12 | mean r=0.215
WITHIN     xglm_large | fROI=Lang_LH_MFG | layer=13 | mean r=0.252
WITHIN     xglm_large | fROI=Lang_LH_MFG | layer=14 | mean r=0.252
WITHIN     xglm_large | fROI=Lang_LH_MFG | layer=15 | mean r=0.258
WITHIN     xglm_large | fROI=Lang_LH_MFG | layer=16 | mean r=0.260
WITHIN     xglm_large | fROI=Lang_LH_MFG | layer=17 | mean r=0.268
WITHIN     xglm_large | fROI=Lang_LH_MFG | layer=18 | mean r=0.254
WITHIN     xglm_large | fROI=Lang_LH_MFG | layer=19 | mean r=0.245
WITHIN     xglm_large | fROI=Lang_LH_MFG | layer=20 | mean r=0.252
WITHIN     xglm_large | fROI=Lang_LH_MFG | layer=21 | mean r=0.267
WITHIN     xglm_large | fROI=Lang_LH_MFG | layer=22 | mean r=0.260
WITHIN     xglm_large | fROI=Lang_LH_MFG | layer=23 | mean r=0.287
WITHIN     xglm_large | fROI=Lang_LH_MFG | layer=24 | mean r=0.278
WITHIN     xglm_large | fROI=Lang_LH_MFG | layer=25 | mean r=0.288
WITHIN     xglm_large | fROI=Lang_LH_MFG | layer=26 | mean r=0.275
WITHIN     xglm_large | fROI=Lang_LH_MFG | layer=27 | mean r=0.296
WITHIN     xglm_large | fROI=Lang_LH_MFG | layer=28 | mean r=0.291
WITHIN     xglm_large | fROI=Lang_LH_MFG | layer=29 | mean r=0.280
WITHIN     xglm_large | fROI=Lang_LH_MFG | layer=30 | mean r=0.272
WITHIN     xglm_large | fROI=Lang_LH_MFG | layer=31 | mean r=0.273
WITHIN     xglm_large | fROI=Lang_LH_MFG | layer=32 | mean r=0.272
WITHIN     xglm_large | fROI=Lang_LH_MFG | layer=33 | mean r=0.276
WITHIN     xglm_large | fROI=Lang_LH_MFG | layer=34 | mean r=0.281
WITHIN     xglm_large | fROI=Lang_LH_MFG | layer=35 | mean r=0.267
WITHIN     xglm_large | fROI=Lang_LH_MFG | layer=36 | mean r=0.275
WITHIN     xglm_large | fROI=Lang_LH_MFG | layer=37 | mean r=0.274
WITHIN     xglm_large | fROI=Lang_LH_MFG | layer=38 | mean r=0.270
WITHIN     xglm_large | fROI=Lang_LH_MFG | layer=39 | mean r=0.269
WITHIN     xglm_large | fROI=Lang_LH_MFG | layer=40 | mean r=0.269
WITHIN     xglm_large | fROI=Lang_LH_MFG | layer=41 | mean r=0.273
WITHIN     xglm_large | fROI=Lang_LH_MFG | layer=42 | mean r=0.261
WITHIN     xglm_large | fROI=Lang_LH_MFG | layer=43 | mean r=0.267
WITHIN     xglm_large | fROI=Lang_LH_MFG | layer=44 | mean r=0.270
WITHIN     xglm_large | fROI=Lang_LH_MFG | layer=45 | mean r=0.271
WITHIN     xglm_large | fROI=Lang_LH_MFG | layer=46 | mean r=0.273
WITHIN     xglm_large | fROI=Lang_LH_MFG | layer=47 | mean r=0.266
WITHIN     xglm_large | fROI=Lang_LH_MFG | layer=48 | mean r=0.271


Processing Lang_LH_PostTemp (5/6)
WITHIN     xglm_large | fROI=Lang_LH_PostTemp | layer=0 | mean r=0.142
WITHIN     xglm_large | fROI=Lang_LH_PostTemp | layer=1 | mean r=0.214
WITHIN     xglm_large | fROI=Lang_LH_PostTemp | layer=2 | mean r=0.180
WITHIN     xglm_large | fROI=Lang_LH_PostTemp | layer=3 | mean r=0.149
WITHIN     xglm_large | fROI=Lang_LH_PostTemp | layer=4 | mean r=0.106
WITHIN     xglm_large | fROI=Lang_LH_PostTemp | layer=5 | mean r=0.114
WITHIN     xglm_large | fROI=Lang_LH_PostTemp | layer=6 | mean r=0.135
WITHIN     xglm_large | fROI=Lang_LH_PostTemp | layer=7 | mean r=0.179
WITHIN     xglm_large | fROI=Lang_LH_PostTemp | layer=8 | mean r=0.186
WITHIN     xglm_large | fROI=Lang_LH_PostTemp | layer=9 | mean r=0.205
WITHIN     xglm_large | fROI=Lang_LH_PostTemp | layer=10 | mean r=0.230
WITHIN     xglm_large | fROI=Lang_LH_PostTemp | layer=11 | mean r=0.193
WITHIN     xglm_large | fROI=Lang_LH_PostTemp | layer=12 | mean r=0.207
WITHIN     xglm_large | fROI=Lang_LH_PostTemp | layer=13 | mean r=0.238
WITHIN     xglm_large | fROI=Lang_LH_PostTemp | layer=14 | mean r=0.235
WITHIN     xglm_large | fROI=Lang_LH_PostTemp | layer=15 | mean r=0.250
WITHIN     xglm_large | fROI=Lang_LH_PostTemp | layer=16 | mean r=0.244
WITHIN     xglm_large | fROI=Lang_LH_PostTemp | layer=17 | mean r=0.254
WITHIN     xglm_large | fROI=Lang_LH_PostTemp | layer=18 | mean r=0.250
WITHIN     xglm_large | fROI=Lang_LH_PostTemp | layer=19 | mean r=0.251
WITHIN     xglm_large | fROI=Lang_LH_PostTemp | layer=20 | mean r=0.257
WITHIN     xglm_large | fROI=Lang_LH_PostTemp | layer=21 | mean r=0.270
WITHIN     xglm_large | fROI=Lang_LH_PostTemp | layer=22 | mean r=0.270
WITHIN     xglm_large | fROI=Lang_LH_PostTemp | layer=23 | mean r=0.289
WITHIN     xglm_large | fROI=Lang_LH_PostTemp | layer=24 | mean r=0.287
WITHIN     xglm_large | fROI=Lang_LH_PostTemp | layer=25 | mean r=0.281
WITHIN     xglm_large | fROI=Lang_LH_PostTemp | layer=26 | mean r=0.269
WITHIN     xglm_large | fROI=Lang_LH_PostTemp | layer=27 | mean r=0.254
WITHIN     xglm_large | fROI=Lang_LH_PostTemp | layer=28 | mean r=0.254
WITHIN     xglm_large | fROI=Lang_LH_PostTemp | layer=29 | mean r=0.251
WITHIN     xglm_large | fROI=Lang_LH_PostTemp | layer=30 | mean r=0.249
WITHIN     xglm_large | fROI=Lang_LH_PostTemp | layer=31 | mean r=0.232
WITHIN     xglm_large | fROI=Lang_LH_PostTemp | layer=32 | mean r=0.226
WITHIN     xglm_large | fROI=Lang_LH_PostTemp | layer=33 | mean r=0.226
WITHIN     xglm_large | fROI=Lang_LH_PostTemp | layer=34 | mean r=0.226
WITHIN     xglm_large | fROI=Lang_LH_PostTemp | layer=35 | mean r=0.216
WITHIN     xglm_large | fROI=Lang_LH_PostTemp | layer=36 | mean r=0.214
WITHIN     xglm_large | fROI=Lang_LH_PostTemp | layer=37 | mean r=0.217
WITHIN     xglm_large | fROI=Lang_LH_PostTemp | layer=38 | mean r=0.218
WITHIN     xglm_large | fROI=Lang_LH_PostTemp | layer=39 | mean r=0.217
WITHIN     xglm_large | fROI=Lang_LH_PostTemp | layer=40 | mean r=0.216
WITHIN     xglm_large | fROI=Lang_LH_PostTemp | layer=41 | mean r=0.214
WITHIN     xglm_large | fROI=Lang_LH_PostTemp | layer=42 | mean r=0.211
WITHIN     xglm_large | fROI=Lang_LH_PostTemp | layer=43 | mean r=0.213
WITHIN     xglm_large | fROI=Lang_LH_PostTemp | layer=44 | mean r=0.212
WITHIN     xglm_large | fROI=Lang_LH_PostTemp | layer=45 | mean r=0.210
WITHIN     xglm_large | fROI=Lang_LH_PostTemp | layer=46 | mean r=0.213
WITHIN     xglm_large | fROI=Lang_LH_PostTemp | layer=47 | mean r=0.204
WITHIN     xglm_large | fROI=Lang_LH_PostTemp | layer=48 | mean r=0.207


Processing all (6/6)
WITHIN     xglm_large | fROI=all | layer=0 | mean r=0.266
WITHIN     xglm_large | fROI=all | layer=1 | mean r=0.298
WITHIN     xglm_large | fROI=all | layer=2 | mean r=0.292
WITHIN     xglm_large | fROI=all | layer=3 | mean r=0.221
WITHIN     xglm_large | fROI=all | layer=4 | mean r=0.196
WITHIN     xglm_large | fROI=all | layer=5 | mean r=0.198
WITHIN     xglm_large | fROI=all | layer=6 | mean r=0.213
WITHIN     xglm_large | fROI=all | layer=7 | mean r=0.209
WITHIN     xglm_large | fROI=all | layer=8 | mean r=0.247
WITHIN     xglm_large | fROI=all | layer=9 | mean r=0.259
WITHIN     xglm_large | fROI=all | layer=10 | mean r=0.266
WITHIN     xglm_large | fROI=all | layer=11 | mean r=0.262
WITHIN     xglm_large | fROI=all | layer=12 | mean r=0.250
WITHIN     xglm_large | fROI=all | layer=13 | mean r=0.268
WITHIN     xglm_large | fROI=all | layer=14 | mean r=0.291
WITHIN     xglm_large | fROI=all | layer=15 | mean r=0.291
WITHIN     xglm_large | fROI=all | layer=16 | mean r=0.270
WITHIN     xglm_large | fROI=all | layer=17 | mean r=0.292
WITHIN     xglm_large | fROI=all | layer=18 | mean r=0.298
WITHIN     xglm_large | fROI=all | layer=19 | mean r=0.288
WITHIN     xglm_large | fROI=all | layer=20 | mean r=0.276
WITHIN     xglm_large | fROI=all | layer=21 | mean r=0.333
WITHIN     xglm_large | fROI=all | layer=22 | mean r=0.315
WITHIN     xglm_large | fROI=all | layer=23 | mean r=0.326
WITHIN     xglm_large | fROI=all | layer=24 | mean r=0.320
WITHIN     xglm_large | fROI=all | layer=25 | mean r=0.322
WITHIN     xglm_large | fROI=all | layer=26 | mean r=0.297
WITHIN     xglm_large | fROI=all | layer=27 | mean r=0.306
WITHIN     xglm_large | fROI=all | layer=28 | mean r=0.310
WITHIN     xglm_large | fROI=all | layer=29 | mean r=0.298
WITHIN     xglm_large | fROI=all | layer=30 | mean r=0.308
WITHIN     xglm_large | fROI=all | layer=31 | mean r=0.308
WITHIN     xglm_large | fROI=all | layer=32 | mean r=0.309
WITHIN     xglm_large | fROI=all | layer=33 | mean r=0.297
WITHIN     xglm_large | fROI=all | layer=34 | mean r=0.305
WITHIN     xglm_large | fROI=all | layer=35 | mean r=0.298
WITHIN     xglm_large | fROI=all | layer=36 | mean r=0.300
WITHIN     xglm_large | fROI=all | layer=37 | mean r=0.301
WITHIN     xglm_large | fROI=all | layer=38 | mean r=0.301
WITHIN     xglm_large | fROI=all | layer=39 | mean r=0.296
WITHIN     xglm_large | fROI=all | layer=40 | mean r=0.304
WITHIN     xglm_large | fROI=all | layer=41 | mean r=0.291
WITHIN     xglm_large | fROI=all | layer=42 | mean r=0.291
WITHIN     xglm_large | fROI=all | layer=43 | mean r=0.299
WITHIN     xglm_large | fROI=all | layer=44 | mean r=0.309
WITHIN     xglm_large | fROI=all | layer=45 | mean r=0.309
WITHIN     xglm_large | fROI=all | layer=46 | mean r=0.310
WITHIN     xglm_large | fROI=all | layer=47 | mean r=0.304
WITHIN     xglm_large | fROI=all | layer=48 | mean r=0.283


Processing Lang_LH_AntTemp (1/6)
WITHIN     xglm_xl | fROI=Lang_LH_AntTemp | layer=0 | mean r=0.265
WITHIN     xglm_xl | fROI=Lang_LH_AntTemp | layer=1 | mean r=0.272
WITHIN     xglm_xl | fROI=Lang_LH_AntTemp | layer=2 | mean r=0.254
WITHIN     xglm_xl | fROI=Lang_LH_AntTemp | layer=3 | mean r=0.245
WITHIN     xglm_xl | fROI=Lang_LH_AntTemp | layer=4 | mean r=0.239
WITHIN     xglm_xl | fROI=Lang_LH_AntTemp | layer=5 | mean r=0.221
WITHIN     xglm_xl | fROI=Lang_LH_AntTemp | layer=6 | mean r=0.227
WITHIN     xglm_xl | fROI=Lang_LH_AntTemp | layer=7 | mean r=0.234
WITHIN     xglm_xl | fROI=Lang_LH_AntTemp | layer=8 | mean r=0.252
WITHIN     xglm_xl | fROI=Lang_LH_AntTemp | layer=9 | mean r=0.262
WITHIN     xglm_xl | fROI=Lang_LH_AntTemp | layer=10 | mean r=0.280
WITHIN     xglm_xl | fROI=Lang_LH_AntTemp | layer=11 | mean r=0.305
WITHIN     xglm_xl | fROI=Lang_LH_AntTemp | layer=12 | mean r=0.301
WITHIN     xglm_xl | fROI=Lang_LH_AntTemp | layer=13 | mean r=0.300
WITHIN     xglm_xl | fROI=Lang_LH_AntTemp | layer=14 | mean r=0.301
WITHIN     xglm_xl | fROI=Lang_LH_AntTemp | layer=15 | mean r=0.312
WITHIN     xglm_xl | fROI=Lang_LH_AntTemp | layer=16 | mean r=0.314
WITHIN     xglm_xl | fROI=Lang_LH_AntTemp | layer=17 | mean r=0.315
WITHIN     xglm_xl | fROI=Lang_LH_AntTemp | layer=18 | mean r=0.319
WITHIN     xglm_xl | fROI=Lang_LH_AntTemp | layer=19 | mean r=0.317
WITHIN     xglm_xl | fROI=Lang_LH_AntTemp | layer=20 | mean r=0.320
WITHIN     xglm_xl | fROI=Lang_LH_AntTemp | layer=21 | mean r=0.307
WITHIN     xglm_xl | fROI=Lang_LH_AntTemp | layer=22 | mean r=0.270
WITHIN     xglm_xl | fROI=Lang_LH_AntTemp | layer=23 | mean r=0.275
WITHIN     xglm_xl | fROI=Lang_LH_AntTemp | layer=24 | mean r=0.272
WITHIN     xglm_xl | fROI=Lang_LH_AntTemp | layer=25 | mean r=0.284
WITHIN     xglm_xl | fROI=Lang_LH_AntTemp | layer=26 | mean r=0.317
WITHIN     xglm_xl | fROI=Lang_LH_AntTemp | layer=27 | mean r=0.322
WITHIN     xglm_xl | fROI=Lang_LH_AntTemp | layer=28 | mean r=0.312
WITHIN     xglm_xl | fROI=Lang_LH_AntTemp | layer=29 | mean r=0.310
WITHIN     xglm_xl | fROI=Lang_LH_AntTemp | layer=30 | mean r=0.311
WITHIN     xglm_xl | fROI=Lang_LH_AntTemp | layer=31 | mean r=0.312
WITHIN     xglm_xl | fROI=Lang_LH_AntTemp | layer=32 | mean r=0.298
WITHIN     xglm_xl | fROI=Lang_LH_AntTemp | layer=33 | mean r=0.305
WITHIN     xglm_xl | fROI=Lang_LH_AntTemp | layer=34 | mean r=0.295
WITHIN     xglm_xl | fROI=Lang_LH_AntTemp | layer=35 | mean r=0.295
WITHIN     xglm_xl | fROI=Lang_LH_AntTemp | layer=36 | mean r=0.294
WITHIN     xglm_xl | fROI=Lang_LH_AntTemp | layer=37 | mean r=0.298
WITHIN     xglm_xl | fROI=Lang_LH_AntTemp | layer=38 | mean r=0.297
WITHIN     xglm_xl | fROI=Lang_LH_AntTemp | layer=39 | mean r=0.297
WITHIN     xglm_xl | fROI=Lang_LH_AntTemp | layer=40 | mean r=0.291
WITHIN     xglm_xl | fROI=Lang_LH_AntTemp | layer=41 | mean r=0.294
WITHIN     xglm_xl | fROI=Lang_LH_AntTemp | layer=42 | mean r=0.295
WITHIN     xglm_xl | fROI=Lang_LH_AntTemp | layer=43 | mean r=0.293
WITHIN     xglm_xl | fROI=Lang_LH_AntTemp | layer=44 | mean r=0.290
WITHIN     xglm_xl | fROI=Lang_LH_AntTemp | layer=45 | mean r=0.290
WITHIN     xglm_xl | fROI=Lang_LH_AntTemp | layer=46 | mean r=0.289
WITHIN     xglm_xl | fROI=Lang_LH_AntTemp | layer=47 | mean r=0.285
WITHIN     xglm_xl | fROI=Lang_LH_AntTemp | layer=48 | mean r=0.291


Processing Lang_LH_IFG (2/6)
WITHIN     xglm_xl | fROI=Lang_LH_IFG | layer=0 | mean r=0.208
WITHIN     xglm_xl | fROI=Lang_LH_IFG | layer=1 | mean r=0.167
WITHIN     xglm_xl | fROI=Lang_LH_IFG | layer=2 | mean r=0.164
WITHIN     xglm_xl | fROI=Lang_LH_IFG | layer=3 | mean r=0.155
WITHIN     xglm_xl | fROI=Lang_LH_IFG | layer=4 | mean r=0.165
WITHIN     xglm_xl | fROI=Lang_LH_IFG | layer=5 | mean r=0.187
WITHIN     xglm_xl | fROI=Lang_LH_IFG | layer=6 | mean r=0.178
WITHIN     xglm_xl | fROI=Lang_LH_IFG | layer=7 | mean r=0.174
WITHIN     xglm_xl | fROI=Lang_LH_IFG | layer=8 | mean r=0.179
WITHIN     xglm_xl | fROI=Lang_LH_IFG | layer=9 | mean r=0.191
WITHIN     xglm_xl | fROI=Lang_LH_IFG | layer=10 | mean r=0.199
WITHIN     xglm_xl | fROI=Lang_LH_IFG | layer=11 | mean r=0.225
WITHIN     xglm_xl | fROI=Lang_LH_IFG | layer=12 | mean r=0.232
WITHIN     xglm_xl | fROI=Lang_LH_IFG | layer=13 | mean r=0.246
WITHIN     xglm_xl | fROI=Lang_LH_IFG | layer=14 | mean r=0.248
WITHIN     xglm_xl | fROI=Lang_LH_IFG | layer=15 | mean r=0.249
WITHIN     xglm_xl | fROI=Lang_LH_IFG | layer=16 | mean r=0.235
WITHIN     xglm_xl | fROI=Lang_LH_IFG | layer=17 | mean r=0.234
WITHIN     xglm_xl | fROI=Lang_LH_IFG | layer=18 | mean r=0.240
WITHIN     xglm_xl | fROI=Lang_LH_IFG | layer=19 | mean r=0.246
WITHIN     xglm_xl | fROI=Lang_LH_IFG | layer=20 | mean r=0.238
WITHIN     xglm_xl | fROI=Lang_LH_IFG | layer=21 | mean r=0.249
WITHIN     xglm_xl | fROI=Lang_LH_IFG | layer=22 | mean r=0.245
WITHIN     xglm_xl | fROI=Lang_LH_IFG | layer=23 | mean r=0.241
WITHIN     xglm_xl | fROI=Lang_LH_IFG | layer=24 | mean r=0.243
WITHIN     xglm_xl | fROI=Lang_LH_IFG | layer=25 | mean r=0.241
WITHIN     xglm_xl | fROI=Lang_LH_IFG | layer=26 | mean r=0.249
WITHIN     xglm_xl | fROI=Lang_LH_IFG | layer=27 | mean r=0.241
WITHIN     xglm_xl | fROI=Lang_LH_IFG | layer=28 | mean r=0.238
WITHIN     xglm_xl | fROI=Lang_LH_IFG | layer=29 | mean r=0.236
WITHIN     xglm_xl | fROI=Lang_LH_IFG | layer=30 | mean r=0.239
WITHIN     xglm_xl | fROI=Lang_LH_IFG | layer=31 | mean r=0.239
WITHIN     xglm_xl | fROI=Lang_LH_IFG | layer=32 | mean r=0.225
WITHIN     xglm_xl | fROI=Lang_LH_IFG | layer=33 | mean r=0.231
WITHIN     xglm_xl | fROI=Lang_LH_IFG | layer=34 | mean r=0.225
WITHIN     xglm_xl | fROI=Lang_LH_IFG | layer=35 | mean r=0.219
WITHIN     xglm_xl | fROI=Lang_LH_IFG | layer=36 | mean r=0.216
WITHIN     xglm_xl | fROI=Lang_LH_IFG | layer=37 | mean r=0.209
WITHIN     xglm_xl | fROI=Lang_LH_IFG | layer=38 | mean r=0.209
WITHIN     xglm_xl | fROI=Lang_LH_IFG | layer=39 | mean r=0.202
WITHIN     xglm_xl | fROI=Lang_LH_IFG | layer=40 | mean r=0.199
WITHIN     xglm_xl | fROI=Lang_LH_IFG | layer=41 | mean r=0.203
WITHIN     xglm_xl | fROI=Lang_LH_IFG | layer=42 | mean r=0.196
WITHIN     xglm_xl | fROI=Lang_LH_IFG | layer=43 | mean r=0.200
WITHIN     xglm_xl | fROI=Lang_LH_IFG | layer=44 | mean r=0.201
WITHIN     xglm_xl | fROI=Lang_LH_IFG | layer=45 | mean r=0.201
WITHIN     xglm_xl | fROI=Lang_LH_IFG | layer=46 | mean r=0.205
WITHIN     xglm_xl | fROI=Lang_LH_IFG | layer=47 | mean r=0.201
WITHIN     xglm_xl | fROI=Lang_LH_IFG | layer=48 | mean r=0.192


Processing Lang_LH_IFGorb (3/6)
WITHIN     xglm_xl | fROI=Lang_LH_IFGorb | layer=0 | mean r=0.181
WITHIN     xglm_xl | fROI=Lang_LH_IFGorb | layer=1 | mean r=0.219
WITHIN     xglm_xl | fROI=Lang_LH_IFGorb | layer=2 | mean r=0.197
WITHIN     xglm_xl | fROI=Lang_LH_IFGorb | layer=3 | mean r=0.163
WITHIN     xglm_xl | fROI=Lang_LH_IFGorb | layer=4 | mean r=0.155
WITHIN     xglm_xl | fROI=Lang_LH_IFGorb | layer=5 | mean r=0.152
WITHIN     xglm_xl | fROI=Lang_LH_IFGorb | layer=6 | mean r=0.142
WITHIN     xglm_xl | fROI=Lang_LH_IFGorb | layer=7 | mean r=0.148
WITHIN     xglm_xl | fROI=Lang_LH_IFGorb | layer=8 | mean r=0.156
WITHIN     xglm_xl | fROI=Lang_LH_IFGorb | layer=9 | mean r=0.157
WITHIN     xglm_xl | fROI=Lang_LH_IFGorb | layer=10 | mean r=0.172
WITHIN     xglm_xl | fROI=Lang_LH_IFGorb | layer=11 | mean r=0.191
WITHIN     xglm_xl | fROI=Lang_LH_IFGorb | layer=12 | mean r=0.205
WITHIN     xglm_xl | fROI=Lang_LH_IFGorb | layer=13 | mean r=0.205
WITHIN     xglm_xl | fROI=Lang_LH_IFGorb | layer=14 | mean r=0.213
WITHIN     xglm_xl | fROI=Lang_LH_IFGorb | layer=15 | mean r=0.224
WITHIN     xglm_xl | fROI=Lang_LH_IFGorb | layer=16 | mean r=0.212
WITHIN     xglm_xl | fROI=Lang_LH_IFGorb | layer=17 | mean r=0.213
WITHIN     xglm_xl | fROI=Lang_LH_IFGorb | layer=18 | mean r=0.228
WITHIN     xglm_xl | fROI=Lang_LH_IFGorb | layer=19 | mean r=0.225
WITHIN     xglm_xl | fROI=Lang_LH_IFGorb | layer=20 | mean r=0.236
WITHIN     xglm_xl | fROI=Lang_LH_IFGorb | layer=21 | mean r=0.232
WITHIN     xglm_xl | fROI=Lang_LH_IFGorb | layer=22 | mean r=0.227
WITHIN     xglm_xl | fROI=Lang_LH_IFGorb | layer=23 | mean r=0.225
WITHIN     xglm_xl | fROI=Lang_LH_IFGorb | layer=24 | mean r=0.232
WITHIN     xglm_xl | fROI=Lang_LH_IFGorb | layer=25 | mean r=0.232
WITHIN     xglm_xl | fROI=Lang_LH_IFGorb | layer=26 | mean r=0.228
WITHIN     xglm_xl | fROI=Lang_LH_IFGorb | layer=27 | mean r=0.226
WITHIN     xglm_xl | fROI=Lang_LH_IFGorb | layer=28 | mean r=0.224
WITHIN     xglm_xl | fROI=Lang_LH_IFGorb | layer=29 | mean r=0.223
WITHIN     xglm_xl | fROI=Lang_LH_IFGorb | layer=30 | mean r=0.220
WITHIN     xglm_xl | fROI=Lang_LH_IFGorb | layer=31 | mean r=0.219
WITHIN     xglm_xl | fROI=Lang_LH_IFGorb | layer=32 | mean r=0.226
WITHIN     xglm_xl | fROI=Lang_LH_IFGorb | layer=33 | mean r=0.217
WITHIN     xglm_xl | fROI=Lang_LH_IFGorb | layer=34 | mean r=0.210
WITHIN     xglm_xl | fROI=Lang_LH_IFGorb | layer=35 | mean r=0.204
WITHIN     xglm_xl | fROI=Lang_LH_IFGorb | layer=36 | mean r=0.203
WITHIN     xglm_xl | fROI=Lang_LH_IFGorb | layer=37 | mean r=0.206
WITHIN     xglm_xl | fROI=Lang_LH_IFGorb | layer=38 | mean r=0.213
WITHIN     xglm_xl | fROI=Lang_LH_IFGorb | layer=39 | mean r=0.209
WITHIN     xglm_xl | fROI=Lang_LH_IFGorb | layer=40 | mean r=0.209
WITHIN     xglm_xl | fROI=Lang_LH_IFGorb | layer=41 | mean r=0.211
WITHIN     xglm_xl | fROI=Lang_LH_IFGorb | layer=42 | mean r=0.210
WITHIN     xglm_xl | fROI=Lang_LH_IFGorb | layer=43 | mean r=0.208
WITHIN     xglm_xl | fROI=Lang_LH_IFGorb | layer=44 | mean r=0.206
WITHIN     xglm_xl | fROI=Lang_LH_IFGorb | layer=45 | mean r=0.201
WITHIN     xglm_xl | fROI=Lang_LH_IFGorb | layer=46 | mean r=0.198
WITHIN     xglm_xl | fROI=Lang_LH_IFGorb | layer=47 | mean r=0.194
WITHIN     xglm_xl | fROI=Lang_LH_IFGorb | layer=48 | mean r=0.205


Processing Lang_LH_MFG (4/6)
WITHIN     xglm_xl | fROI=Lang_LH_MFG | layer=0 | mean r=0.271
WITHIN     xglm_xl | fROI=Lang_LH_MFG | layer=1 | mean r=0.226
WITHIN     xglm_xl | fROI=Lang_LH_MFG | layer=2 | mean r=0.200
WITHIN     xglm_xl | fROI=Lang_LH_MFG | layer=3 | mean r=0.197
WITHIN     xglm_xl | fROI=Lang_LH_MFG | layer=4 | mean r=0.196
WITHIN     xglm_xl | fROI=Lang_LH_MFG | layer=5 | mean r=0.207
WITHIN     xglm_xl | fROI=Lang_LH_MFG | layer=6 | mean r=0.211
WITHIN     xglm_xl | fROI=Lang_LH_MFG | layer=7 | mean r=0.211
WITHIN     xglm_xl | fROI=Lang_LH_MFG | layer=8 | mean r=0.209
WITHIN     xglm_xl | fROI=Lang_LH_MFG | layer=9 | mean r=0.222
WITHIN     xglm_xl | fROI=Lang_LH_MFG | layer=10 | mean r=0.239
WITHIN     xglm_xl | fROI=Lang_LH_MFG | layer=11 | mean r=0.250
WITHIN     xglm_xl | fROI=Lang_LH_MFG | layer=12 | mean r=0.254
WITHIN     xglm_xl | fROI=Lang_LH_MFG | layer=13 | mean r=0.261
WITHIN     xglm_xl | fROI=Lang_LH_MFG | layer=14 | mean r=0.269
WITHIN     xglm_xl | fROI=Lang_LH_MFG | layer=15 | mean r=0.272
WITHIN     xglm_xl | fROI=Lang_LH_MFG | layer=16 | mean r=0.278
WITHIN     xglm_xl | fROI=Lang_LH_MFG | layer=17 | mean r=0.272
WITHIN     xglm_xl | fROI=Lang_LH_MFG | layer=18 | mean r=0.270
WITHIN     xglm_xl | fROI=Lang_LH_MFG | layer=19 | mean r=0.280
WITHIN     xglm_xl | fROI=Lang_LH_MFG | layer=20 | mean r=0.267
WITHIN     xglm_xl | fROI=Lang_LH_MFG | layer=21 | mean r=0.260
WITHIN     xglm_xl | fROI=Lang_LH_MFG | layer=22 | mean r=0.259
WITHIN     xglm_xl | fROI=Lang_LH_MFG | layer=23 | mean r=0.268
WITHIN     xglm_xl | fROI=Lang_LH_MFG | layer=24 | mean r=0.263
WITHIN     xglm_xl | fROI=Lang_LH_MFG | layer=25 | mean r=0.265
WITHIN     xglm_xl | fROI=Lang_LH_MFG | layer=26 | mean r=0.277
WITHIN     xglm_xl | fROI=Lang_LH_MFG | layer=27 | mean r=0.274
WITHIN     xglm_xl | fROI=Lang_LH_MFG | layer=28 | mean r=0.292
WITHIN     xglm_xl | fROI=Lang_LH_MFG | layer=29 | mean r=0.286
WITHIN     xglm_xl | fROI=Lang_LH_MFG | layer=30 | mean r=0.279
WITHIN     xglm_xl | fROI=Lang_LH_MFG | layer=31 | mean r=0.283
WITHIN     xglm_xl | fROI=Lang_LH_MFG | layer=32 | mean r=0.276
WITHIN     xglm_xl | fROI=Lang_LH_MFG | layer=33 | mean r=0.269
WITHIN     xglm_xl | fROI=Lang_LH_MFG | layer=34 | mean r=0.263
WITHIN     xglm_xl | fROI=Lang_LH_MFG | layer=35 | mean r=0.265
WITHIN     xglm_xl | fROI=Lang_LH_MFG | layer=36 | mean r=0.257
WITHIN     xglm_xl | fROI=Lang_LH_MFG | layer=37 | mean r=0.246
WITHIN     xglm_xl | fROI=Lang_LH_MFG | layer=38 | mean r=0.247
WITHIN     xglm_xl | fROI=Lang_LH_MFG | layer=39 | mean r=0.250
WITHIN     xglm_xl | fROI=Lang_LH_MFG | layer=40 | mean r=0.247
WITHIN     xglm_xl | fROI=Lang_LH_MFG | layer=41 | mean r=0.254
WITHIN     xglm_xl | fROI=Lang_LH_MFG | layer=42 | mean r=0.250
WITHIN     xglm_xl | fROI=Lang_LH_MFG | layer=43 | mean r=0.252
WITHIN     xglm_xl | fROI=Lang_LH_MFG | layer=44 | mean r=0.252
WITHIN     xglm_xl | fROI=Lang_LH_MFG | layer=45 | mean r=0.252
WITHIN     xglm_xl | fROI=Lang_LH_MFG | layer=46 | mean r=0.254
WITHIN     xglm_xl | fROI=Lang_LH_MFG | layer=47 | mean r=0.254
WITHIN     xglm_xl | fROI=Lang_LH_MFG | layer=48 | mean r=0.264


Processing Lang_LH_PostTemp (5/6)
WITHIN     xglm_xl | fROI=Lang_LH_PostTemp | layer=0 | mean r=0.193
WITHIN     xglm_xl | fROI=Lang_LH_PostTemp | layer=1 | mean r=0.161
WITHIN     xglm_xl | fROI=Lang_LH_PostTemp | layer=2 | mean r=0.132
WITHIN     xglm_xl | fROI=Lang_LH_PostTemp | layer=3 | mean r=0.123
WITHIN     xglm_xl | fROI=Lang_LH_PostTemp | layer=4 | mean r=0.129
WITHIN     xglm_xl | fROI=Lang_LH_PostTemp | layer=5 | mean r=0.131
WITHIN     xglm_xl | fROI=Lang_LH_PostTemp | layer=6 | mean r=0.151
WITHIN     xglm_xl | fROI=Lang_LH_PostTemp | layer=7 | mean r=0.175
WITHIN     xglm_xl | fROI=Lang_LH_PostTemp | layer=8 | mean r=0.186
WITHIN     xglm_xl | fROI=Lang_LH_PostTemp | layer=9 | mean r=0.198
WITHIN     xglm_xl | fROI=Lang_LH_PostTemp | layer=10 | mean r=0.203
WITHIN     xglm_xl | fROI=Lang_LH_PostTemp | layer=11 | mean r=0.249
WITHIN     xglm_xl | fROI=Lang_LH_PostTemp | layer=12 | mean r=0.241
WITHIN     xglm_xl | fROI=Lang_LH_PostTemp | layer=13 | mean r=0.241
WITHIN     xglm_xl | fROI=Lang_LH_PostTemp | layer=14 | mean r=0.248
WITHIN     xglm_xl | fROI=Lang_LH_PostTemp | layer=15 | mean r=0.246
WITHIN     xglm_xl | fROI=Lang_LH_PostTemp | layer=16 | mean r=0.248
WITHIN     xglm_xl | fROI=Lang_LH_PostTemp | layer=17 | mean r=0.242
WITHIN     xglm_xl | fROI=Lang_LH_PostTemp | layer=18 | mean r=0.248
WITHIN     xglm_xl | fROI=Lang_LH_PostTemp | layer=19 | mean r=0.257
WITHIN     xglm_xl | fROI=Lang_LH_PostTemp | layer=20 | mean r=0.237
WITHIN     xglm_xl | fROI=Lang_LH_PostTemp | layer=21 | mean r=0.249
WITHIN     xglm_xl | fROI=Lang_LH_PostTemp | layer=22 | mean r=0.244
WITHIN     xglm_xl | fROI=Lang_LH_PostTemp | layer=23 | mean r=0.244
WITHIN     xglm_xl | fROI=Lang_LH_PostTemp | layer=24 | mean r=0.240
WITHIN     xglm_xl | fROI=Lang_LH_PostTemp | layer=25 | mean r=0.248
WITHIN     xglm_xl | fROI=Lang_LH_PostTemp | layer=26 | mean r=0.241
WITHIN     xglm_xl | fROI=Lang_LH_PostTemp | layer=27 | mean r=0.240
WITHIN     xglm_xl | fROI=Lang_LH_PostTemp | layer=28 | mean r=0.245
WITHIN     xglm_xl | fROI=Lang_LH_PostTemp | layer=29 | mean r=0.246
WITHIN     xglm_xl | fROI=Lang_LH_PostTemp | layer=30 | mean r=0.244
WITHIN     xglm_xl | fROI=Lang_LH_PostTemp | layer=31 | mean r=0.238
WITHIN     xglm_xl | fROI=Lang_LH_PostTemp | layer=32 | mean r=0.223
WITHIN     xglm_xl | fROI=Lang_LH_PostTemp | layer=33 | mean r=0.223
WITHIN     xglm_xl | fROI=Lang_LH_PostTemp | layer=34 | mean r=0.214
WITHIN     xglm_xl | fROI=Lang_LH_PostTemp | layer=35 | mean r=0.204
WITHIN     xglm_xl | fROI=Lang_LH_PostTemp | layer=36 | mean r=0.200
WITHIN     xglm_xl | fROI=Lang_LH_PostTemp | layer=37 | mean r=0.199
WITHIN     xglm_xl | fROI=Lang_LH_PostTemp | layer=38 | mean r=0.200
WITHIN     xglm_xl | fROI=Lang_LH_PostTemp | layer=39 | mean r=0.199
WITHIN     xglm_xl | fROI=Lang_LH_PostTemp | layer=40 | mean r=0.190
WITHIN     xglm_xl | fROI=Lang_LH_PostTemp | layer=41 | mean r=0.191
WITHIN     xglm_xl | fROI=Lang_LH_PostTemp | layer=42 | mean r=0.190
WITHIN     xglm_xl | fROI=Lang_LH_PostTemp | layer=43 | mean r=0.182
WITHIN     xglm_xl | fROI=Lang_LH_PostTemp | layer=44 | mean r=0.179
WITHIN     xglm_xl | fROI=Lang_LH_PostTemp | layer=45 | mean r=0.179
WITHIN     xglm_xl | fROI=Lang_LH_PostTemp | layer=46 | mean r=0.179
WITHIN     xglm_xl | fROI=Lang_LH_PostTemp | layer=47 | mean r=0.177
WITHIN     xglm_xl | fROI=Lang_LH_PostTemp | layer=48 | mean r=0.187


Processing all (6/6)
WITHIN     xglm_xl | fROI=all | layer=0 | mean r=0.305
WITHIN     xglm_xl | fROI=all | layer=1 | mean r=0.269
WITHIN     xglm_xl | fROI=all | layer=2 | mean r=0.222
WITHIN     xglm_xl | fROI=all | layer=3 | mean r=0.219
WITHIN     xglm_xl | fROI=all | layer=4 | mean r=0.231
WITHIN     xglm_xl | fROI=all | layer=5 | mean r=0.231
WITHIN     xglm_xl | fROI=all | layer=6 | mean r=0.237
WITHIN     xglm_xl | fROI=all | layer=7 | mean r=0.238
WITHIN     xglm_xl | fROI=all | layer=8 | mean r=0.253
WITHIN     xglm_xl | fROI=all | layer=9 | mean r=0.276
WITHIN     xglm_xl | fROI=all | layer=10 | mean r=0.288
WITHIN     xglm_xl | fROI=all | layer=11 | mean r=0.316
WITHIN     xglm_xl | fROI=all | layer=12 | mean r=0.325
WITHIN     xglm_xl | fROI=all | layer=13 | mean r=0.311
WITHIN     xglm_xl | fROI=all | layer=14 | mean r=0.305
WITHIN     xglm_xl | fROI=all | layer=15 | mean r=0.309
WITHIN     xglm_xl | fROI=all | layer=16 | mean r=0.297
WITHIN     xglm_xl | fROI=all | layer=17 | mean r=0.313
WITHIN     xglm_xl | fROI=all | layer=18 | mean r=0.313
WITHIN     xglm_xl | fROI=all | layer=19 | mean r=0.311
WITHIN     xglm_xl | fROI=all | layer=20 | mean r=0.321
WITHIN     xglm_xl | fROI=all | layer=21 | mean r=0.319
WITHIN     xglm_xl | fROI=all | layer=22 | mean r=0.306
WITHIN     xglm_xl | fROI=all | layer=23 | mean r=0.326
WITHIN     xglm_xl | fROI=all | layer=24 | mean r=0.304
WITHIN     xglm_xl | fROI=all | layer=25 | mean r=0.335
WITHIN     xglm_xl | fROI=all | layer=26 | mean r=0.330
WITHIN     xglm_xl | fROI=all | layer=27 | mean r=0.323
WITHIN     xglm_xl | fROI=all | layer=28 | mean r=0.318
WITHIN     xglm_xl | fROI=all | layer=29 | mean r=0.311
WITHIN     xglm_xl | fROI=all | layer=30 | mean r=0.310
WITHIN     xglm_xl | fROI=all | layer=31 | mean r=0.306
WITHIN     xglm_xl | fROI=all | layer=32 | mean r=0.292
WITHIN     xglm_xl | fROI=all | layer=33 | mean r=0.311
WITHIN     xglm_xl | fROI=all | layer=34 | mean r=0.295
WITHIN     xglm_xl | fROI=all | layer=35 | mean r=0.285
WITHIN     xglm_xl | fROI=all | layer=36 | mean r=0.289
WITHIN     xglm_xl | fROI=all | layer=37 | mean r=0.286
WITHIN     xglm_xl | fROI=all | layer=38 | mean r=0.287
WITHIN     xglm_xl | fROI=all | layer=39 | mean r=0.289
WITHIN     xglm_xl | fROI=all | layer=40 | mean r=0.279
WITHIN     xglm_xl | fROI=all | layer=41 | mean r=0.284
WITHIN     xglm_xl | fROI=all | layer=42 | mean r=0.280
WITHIN     xglm_xl | fROI=all | layer=43 | mean r=0.277
WITHIN     xglm_xl | fROI=all | layer=44 | mean r=0.273
WITHIN     xglm_xl | fROI=all | layer=45 | mean r=0.267
WITHIN     xglm_xl | fROI=all | layer=46 | mean r=0.269
WITHIN     xglm_xl | fROI=all | layer=47 | mean r=0.251
WITHIN     xglm_xl | fROI=all | layer=48 | mean r=0.249


Processing Lang_LH_AntTemp (1/6)
WITHIN     bert_base | fROI=Lang_LH_AntTemp | layer=0 | mean r=0.052
WITHIN     bert_base | fROI=Lang_LH_AntTemp | layer=1 | mean r=0.095
WITHIN     bert_base | fROI=Lang_LH_AntTemp | layer=2 | mean r=0.089
WITHIN     bert_base | fROI=Lang_LH_AntTemp | layer=3 | mean r=0.117
WITHIN     bert_base | fROI=Lang_LH_AntTemp | layer=4 | mean r=0.115
WITHIN     bert_base | fROI=Lang_LH_AntTemp | layer=5 | mean r=0.152
WITHIN     bert_base | fROI=Lang_LH_AntTemp | layer=6 | mean r=0.195
WITHIN     bert_base | fROI=Lang_LH_AntTemp | layer=7 | mean r=0.201
WITHIN     bert_base | fROI=Lang_LH_AntTemp | layer=8 | mean r=0.202
WITHIN     bert_base | fROI=Lang_LH_AntTemp | layer=9 | mean r=0.206
WITHIN     bert_base | fROI=Lang_LH_AntTemp | layer=10 | mean r=0.193
WITHIN     bert_base | fROI=Lang_LH_AntTemp | layer=11 | mean r=0.197
WITHIN     bert_base | fROI=Lang_LH_AntTemp | layer=12 | mean r=0.203


Processing Lang_LH_IFG (2/6)
WITHIN     bert_base | fROI=Lang_LH_IFG | layer=0 | mean r=0.008
WITHIN     bert_base | fROI=Lang_LH_IFG | layer=1 | mean r=0.034
WITHIN     bert_base | fROI=Lang_LH_IFG | layer=2 | mean r=0.049
WITHIN     bert_base | fROI=Lang_LH_IFG | layer=3 | mean r=0.086
WITHIN     bert_base | fROI=Lang_LH_IFG | layer=4 | mean r=0.085
WITHIN     bert_base | fROI=Lang_LH_IFG | layer=5 | mean r=0.058
WITHIN     bert_base | fROI=Lang_LH_IFG | layer=6 | mean r=0.090
WITHIN     bert_base | fROI=Lang_LH_IFG | layer=7 | mean r=0.070
WITHIN     bert_base | fROI=Lang_LH_IFG | layer=8 | mean r=0.113
WITHIN     bert_base | fROI=Lang_LH_IFG | layer=9 | mean r=0.118
WITHIN     bert_base | fROI=Lang_LH_IFG | layer=10 | mean r=0.109
WITHIN     bert_base | fROI=Lang_LH_IFG | layer=11 | mean r=0.104
WITHIN     bert_base | fROI=Lang_LH_IFG | layer=12 | mean r=0.101


Processing Lang_LH_IFGorb (3/6)
WITHIN     bert_base | fROI=Lang_LH_IFGorb | layer=0 | mean r=0.057
WITHIN     bert_base | fROI=Lang_LH_IFGorb | layer=1 | mean r=0.077
WITHIN     bert_base | fROI=Lang_LH_IFGorb | layer=2 | mean r=0.072
WITHIN     bert_base | fROI=Lang_LH_IFGorb | layer=3 | mean r=0.081
WITHIN     bert_base | fROI=Lang_LH_IFGorb | layer=4 | mean r=0.073
WITHIN     bert_base | fROI=Lang_LH_IFGorb | layer=5 | mean r=0.055
WITHIN     bert_base | fROI=Lang_LH_IFGorb | layer=6 | mean r=0.048
WITHIN     bert_base | fROI=Lang_LH_IFGorb | layer=7 | mean r=0.037
WITHIN     bert_base | fROI=Lang_LH_IFGorb | layer=8 | mean r=0.053
WITHIN     bert_base | fROI=Lang_LH_IFGorb | layer=9 | mean r=0.047
WITHIN     bert_base | fROI=Lang_LH_IFGorb | layer=10 | mean r=0.037
WITHIN     bert_base | fROI=Lang_LH_IFGorb | layer=11 | mean r=0.036
WITHIN     bert_base | fROI=Lang_LH_IFGorb | layer=12 | mean r=0.045


Processing Lang_LH_MFG (4/6)
WITHIN     bert_base | fROI=Lang_LH_MFG | layer=0 | mean r=-0.014
WITHIN     bert_base | fROI=Lang_LH_MFG | layer=1 | mean r=-0.015
WITHIN     bert_base | fROI=Lang_LH_MFG | layer=2 | mean r=0.007
WITHIN     bert_base | fROI=Lang_LH_MFG | layer=3 | mean r=0.008
WITHIN     bert_base | fROI=Lang_LH_MFG | layer=4 | mean r=0.022
WITHIN     bert_base | fROI=Lang_LH_MFG | layer=5 | mean r=0.006
WITHIN     bert_base | fROI=Lang_LH_MFG | layer=6 | mean r=0.048
WITHIN     bert_base | fROI=Lang_LH_MFG | layer=7 | mean r=0.036
WITHIN     bert_base | fROI=Lang_LH_MFG | layer=8 | mean r=0.076
WITHIN     bert_base | fROI=Lang_LH_MFG | layer=9 | mean r=0.094
WITHIN     bert_base | fROI=Lang_LH_MFG | layer=10 | mean r=0.091
WITHIN     bert_base | fROI=Lang_LH_MFG | layer=11 | mean r=0.109
WITHIN     bert_base | fROI=Lang_LH_MFG | layer=12 | mean r=0.115


Processing Lang_LH_PostTemp (5/6)
WITHIN     bert_base | fROI=Lang_LH_PostTemp | layer=0 | mean r=0.018
WITHIN     bert_base | fROI=Lang_LH_PostTemp | layer=1 | mean r=0.038
WITHIN     bert_base | fROI=Lang_LH_PostTemp | layer=2 | mean r=0.037
WITHIN     bert_base | fROI=Lang_LH_PostTemp | layer=3 | mean r=0.074
WITHIN     bert_base | fROI=Lang_LH_PostTemp | layer=4 | mean r=0.092
WITHIN     bert_base | fROI=Lang_LH_PostTemp | layer=5 | mean r=0.116
WITHIN     bert_base | fROI=Lang_LH_PostTemp | layer=6 | mean r=0.158
WITHIN     bert_base | fROI=Lang_LH_PostTemp | layer=7 | mean r=0.185
WITHIN     bert_base | fROI=Lang_LH_PostTemp | layer=8 | mean r=0.186
WITHIN     bert_base | fROI=Lang_LH_PostTemp | layer=9 | mean r=0.187
WITHIN     bert_base | fROI=Lang_LH_PostTemp | layer=10 | mean r=0.189
WITHIN     bert_base | fROI=Lang_LH_PostTemp | layer=11 | mean r=0.164
WITHIN     bert_base | fROI=Lang_LH_PostTemp | layer=12 | mean r=0.157


Processing all (6/6)
WITHIN     bert_base | fROI=all | layer=0 | mean r=0.040
WITHIN     bert_base | fROI=all | layer=1 | mean r=0.065
WITHIN     bert_base | fROI=all | layer=2 | mean r=0.071
WITHIN     bert_base | fROI=all | layer=3 | mean r=0.092
WITHIN     bert_base | fROI=all | layer=4 | mean r=0.080
WITHIN     bert_base | fROI=all | layer=5 | mean r=0.102
WITHIN     bert_base | fROI=all | layer=6 | mean r=0.131
WITHIN     bert_base | fROI=all | layer=7 | mean r=0.117
WITHIN     bert_base | fROI=all | layer=8 | mean r=0.153
WITHIN     bert_base | fROI=all | layer=9 | mean r=0.151
WITHIN     bert_base | fROI=all | layer=10 | mean r=0.148
WITHIN     bert_base | fROI=all | layer=11 | mean r=0.158
WITHIN     bert_base | fROI=all | layer=12 | mean r=0.158


Processing Lang_LH_AntTemp (1/6)
WITHIN     distilmbert | fROI=Lang_LH_AntTemp | layer=0 | mean r=0.062
WITHIN     distilmbert | fROI=Lang_LH_AntTemp | layer=1 | mean r=0.124
WITHIN     distilmbert | fROI=Lang_LH_AntTemp | layer=2 | mean r=0.147
WITHIN     distilmbert | fROI=Lang_LH_AntTemp | layer=3 | mean r=0.180
WITHIN     distilmbert | fROI=Lang_LH_AntTemp | layer=4 | mean r=0.190
WITHIN     distilmbert | fROI=Lang_LH_AntTemp | layer=5 | mean r=0.192
WITHIN     distilmbert | fROI=Lang_LH_AntTemp | layer=6 | mean r=0.197


Processing Lang_LH_IFG (2/6)
WITHIN     distilmbert | fROI=Lang_LH_IFG | layer=0 | mean r=0.015
WITHIN     distilmbert | fROI=Lang_LH_IFG | layer=1 | mean r=0.066
WITHIN     distilmbert | fROI=Lang_LH_IFG | layer=2 | mean r=0.111
WITHIN     distilmbert | fROI=Lang_LH_IFG | layer=3 | mean r=0.095
WITHIN     distilmbert | fROI=Lang_LH_IFG | layer=4 | mean r=0.079
WITHIN     distilmbert | fROI=Lang_LH_IFG | layer=5 | mean r=0.091
WITHIN     distilmbert | fROI=Lang_LH_IFG | layer=6 | mean r=0.055


Processing Lang_LH_IFGorb (3/6)
WITHIN     distilmbert | fROI=Lang_LH_IFGorb | layer=0 | mean r=0.063
WITHIN     distilmbert | fROI=Lang_LH_IFGorb | layer=1 | mean r=0.094
WITHIN     distilmbert | fROI=Lang_LH_IFGorb | layer=2 | mean r=0.079
WITHIN     distilmbert | fROI=Lang_LH_IFGorb | layer=3 | mean r=0.107
WITHIN     distilmbert | fROI=Lang_LH_IFGorb | layer=4 | mean r=0.098
WITHIN     distilmbert | fROI=Lang_LH_IFGorb | layer=5 | mean r=0.115
WITHIN     distilmbert | fROI=Lang_LH_IFGorb | layer=6 | mean r=0.083


Processing Lang_LH_MFG (4/6)
WITHIN     distilmbert | fROI=Lang_LH_MFG | layer=0 | mean r=-0.022
WITHIN     distilmbert | fROI=Lang_LH_MFG | layer=1 | mean r=0.014
WITHIN     distilmbert | fROI=Lang_LH_MFG | layer=2 | mean r=0.046
WITHIN     distilmbert | fROI=Lang_LH_MFG | layer=3 | mean r=0.024
WITHIN     distilmbert | fROI=Lang_LH_MFG | layer=4 | mean r=0.050
WITHIN     distilmbert | fROI=Lang_LH_MFG | layer=5 | mean r=0.051
WITHIN     distilmbert | fROI=Lang_LH_MFG | layer=6 | mean r=0.035


Processing Lang_LH_PostTemp (5/6)
WITHIN     distilmbert | fROI=Lang_LH_PostTemp | layer=0 | mean r=0.014
WITHIN     distilmbert | fROI=Lang_LH_PostTemp | layer=1 | mean r=0.082
WITHIN     distilmbert | fROI=Lang_LH_PostTemp | layer=2 | mean r=0.098
WITHIN     distilmbert | fROI=Lang_LH_PostTemp | layer=3 | mean r=0.154
WITHIN     distilmbert | fROI=Lang_LH_PostTemp | layer=4 | mean r=0.169
WITHIN     distilmbert | fROI=Lang_LH_PostTemp | layer=5 | mean r=0.166
WITHIN     distilmbert | fROI=Lang_LH_PostTemp | layer=6 | mean r=0.168


Processing all (6/6)
WITHIN     distilmbert | fROI=all | layer=0 | mean r=0.047
WITHIN     distilmbert | fROI=all | layer=1 | mean r=0.103
WITHIN     distilmbert | fROI=all | layer=2 | mean r=0.107
WITHIN     distilmbert | fROI=all | layer=3 | mean r=0.114
WITHIN     distilmbert | fROI=all | layer=4 | mean r=0.120
WITHIN     distilmbert | fROI=all | layer=5 | mean r=0.126
WITHIN     distilmbert | fROI=all | layer=6 | mean r=0.115


Processing Lang_LH_AntTemp (1/6)
WITHIN     xlmr_base | fROI=Lang_LH_AntTemp | layer=0 | mean r=0.073
WITHIN     xlmr_base | fROI=Lang_LH_AntTemp | layer=1 | mean r=0.093
WITHIN     xlmr_base | fROI=Lang_LH_AntTemp | layer=2 | mean r=0.118
WITHIN     xlmr_base | fROI=Lang_LH_AntTemp | layer=3 | mean r=0.141
WITHIN     xlmr_base | fROI=Lang_LH_AntTemp | layer=4 | mean r=0.146
WITHIN     xlmr_base | fROI=Lang_LH_AntTemp | layer=5 | mean r=0.179
WITHIN     xlmr_base | fROI=Lang_LH_AntTemp | layer=6 | mean r=0.176
WITHIN     xlmr_base | fROI=Lang_LH_AntTemp | layer=7 | mean r=0.153
WITHIN     xlmr_base | fROI=Lang_LH_AntTemp | layer=8 | mean r=0.174
WITHIN     xlmr_base | fROI=Lang_LH_AntTemp | layer=9 | mean r=0.151
WITHIN     xlmr_base | fROI=Lang_LH_AntTemp | layer=10 | mean r=0.139
WITHIN     xlmr_base | fROI=Lang_LH_AntTemp | layer=11 | mean r=0.167
WITHIN     xlmr_base | fROI=Lang_LH_AntTemp | layer=12 | mean r=0.202


Processing Lang_LH_IFG (2/6)
WITHIN     xlmr_base | fROI=Lang_LH_IFG | layer=0 | mean r=0.035
WITHIN     xlmr_base | fROI=Lang_LH_IFG | layer=1 | mean r=0.053
WITHIN     xlmr_base | fROI=Lang_LH_IFG | layer=2 | mean r=0.068
WITHIN     xlmr_base | fROI=Lang_LH_IFG | layer=3 | mean r=0.065
WITHIN     xlmr_base | fROI=Lang_LH_IFG | layer=4 | mean r=0.089
WITHIN     xlmr_base | fROI=Lang_LH_IFG | layer=5 | mean r=0.122
WITHIN     xlmr_base | fROI=Lang_LH_IFG | layer=6 | mean r=0.121
WITHIN     xlmr_base | fROI=Lang_LH_IFG | layer=7 | mean r=0.084
WITHIN     xlmr_base | fROI=Lang_LH_IFG | layer=8 | mean r=0.092
WITHIN     xlmr_base | fROI=Lang_LH_IFG | layer=9 | mean r=0.093
WITHIN     xlmr_base | fROI=Lang_LH_IFG | layer=10 | mean r=0.102
WITHIN     xlmr_base | fROI=Lang_LH_IFG | layer=11 | mean r=0.098
WITHIN     xlmr_base | fROI=Lang_LH_IFG | layer=12 | mean r=0.101


Processing Lang_LH_IFGorb (3/6)
WITHIN     xlmr_base | fROI=Lang_LH_IFGorb | layer=0 | mean r=0.020
WITHIN     xlmr_base | fROI=Lang_LH_IFGorb | layer=1 | mean r=0.030
WITHIN     xlmr_base | fROI=Lang_LH_IFGorb | layer=2 | mean r=0.030
WITHIN     xlmr_base | fROI=Lang_LH_IFGorb | layer=3 | mean r=0.048
WITHIN     xlmr_base | fROI=Lang_LH_IFGorb | layer=4 | mean r=0.051
WITHIN     xlmr_base | fROI=Lang_LH_IFGorb | layer=5 | mean r=0.057
WITHIN     xlmr_base | fROI=Lang_LH_IFGorb | layer=6 | mean r=0.061
WITHIN     xlmr_base | fROI=Lang_LH_IFGorb | layer=7 | mean r=0.051
WITHIN     xlmr_base | fROI=Lang_LH_IFGorb | layer=8 | mean r=0.080
WITHIN     xlmr_base | fROI=Lang_LH_IFGorb | layer=9 | mean r=0.043
WITHIN     xlmr_base | fROI=Lang_LH_IFGorb | layer=10 | mean r=0.061
WITHIN     xlmr_base | fROI=Lang_LH_IFGorb | layer=11 | mean r=0.048
WITHIN     xlmr_base | fROI=Lang_LH_IFGorb | layer=12 | mean r=0.044


Processing Lang_LH_MFG (4/6)
WITHIN     xlmr_base | fROI=Lang_LH_MFG | layer=0 | mean r=0.012
WITHIN     xlmr_base | fROI=Lang_LH_MFG | layer=1 | mean r=0.025
WITHIN     xlmr_base | fROI=Lang_LH_MFG | layer=2 | mean r=0.037
WITHIN     xlmr_base | fROI=Lang_LH_MFG | layer=3 | mean r=0.051
WITHIN     xlmr_base | fROI=Lang_LH_MFG | layer=4 | mean r=0.057
WITHIN     xlmr_base | fROI=Lang_LH_MFG | layer=5 | mean r=0.077
WITHIN     xlmr_base | fROI=Lang_LH_MFG | layer=6 | mean r=0.062
WITHIN     xlmr_base | fROI=Lang_LH_MFG | layer=7 | mean r=0.070
WITHIN     xlmr_base | fROI=Lang_LH_MFG | layer=8 | mean r=0.072
WITHIN     xlmr_base | fROI=Lang_LH_MFG | layer=9 | mean r=0.061
WITHIN     xlmr_base | fROI=Lang_LH_MFG | layer=10 | mean r=0.086
WITHIN     xlmr_base | fROI=Lang_LH_MFG | layer=11 | mean r=0.098
WITHIN     xlmr_base | fROI=Lang_LH_MFG | layer=12 | mean r=0.119


Processing Lang_LH_PostTemp (5/6)
WITHIN     xlmr_base | fROI=Lang_LH_PostTemp | layer=0 | mean r=0.035
WITHIN     xlmr_base | fROI=Lang_LH_PostTemp | layer=1 | mean r=0.055
WITHIN     xlmr_base | fROI=Lang_LH_PostTemp | layer=2 | mean r=0.071
WITHIN     xlmr_base | fROI=Lang_LH_PostTemp | layer=3 | mean r=0.091
WITHIN     xlmr_base | fROI=Lang_LH_PostTemp | layer=4 | mean r=0.149
WITHIN     xlmr_base | fROI=Lang_LH_PostTemp | layer=5 | mean r=0.160
WITHIN     xlmr_base | fROI=Lang_LH_PostTemp | layer=6 | mean r=0.164
WITHIN     xlmr_base | fROI=Lang_LH_PostTemp | layer=7 | mean r=0.151
WITHIN     xlmr_base | fROI=Lang_LH_PostTemp | layer=8 | mean r=0.157
WITHIN     xlmr_base | fROI=Lang_LH_PostTemp | layer=9 | mean r=0.143
WITHIN     xlmr_base | fROI=Lang_LH_PostTemp | layer=10 | mean r=0.114
WITHIN     xlmr_base | fROI=Lang_LH_PostTemp | layer=11 | mean r=0.130
WITHIN     xlmr_base | fROI=Lang_LH_PostTemp | layer=12 | mean r=0.140


Processing all (6/6)
WITHIN     xlmr_base | fROI=all | layer=0 | mean r=0.045
WITHIN     xlmr_base | fROI=all | layer=1 | mean r=0.052
WITHIN     xlmr_base | fROI=all | layer=2 | mean r=0.069
WITHIN     xlmr_base | fROI=all | layer=3 | mean r=0.092
WITHIN     xlmr_base | fROI=all | layer=4 | mean r=0.116
WITHIN     xlmr_base | fROI=all | layer=5 | mean r=0.162
WITHIN     xlmr_base | fROI=all | layer=6 | mean r=0.153
WITHIN     xlmr_base | fROI=all | layer=7 | mean r=0.122
WITHIN     xlmr_base | fROI=all | layer=8 | mean r=0.138
WITHIN     xlmr_base | fROI=all | layer=9 | mean r=0.133
WITHIN     xlmr_base | fROI=all | layer=10 | mean r=0.116
WITHIN     xlmr_base | fROI=all | layer=11 | mean r=0.121
WITHIN     xlmr_base | fROI=all | layer=12 | mean r=0.147


Processing Lang_LH_AntTemp (1/6)
WITHIN     xlmr_large | fROI=Lang_LH_AntTemp | layer=0 | mean r=0.058
WITHIN     xlmr_large | fROI=Lang_LH_AntTemp | layer=1 | mean r=0.101
WITHIN     xlmr_large | fROI=Lang_LH_AntTemp | layer=2 | mean r=0.108
WITHIN     xlmr_large | fROI=Lang_LH_AntTemp | layer=3 | mean r=0.117
WITHIN     xlmr_large | fROI=Lang_LH_AntTemp | layer=4 | mean r=0.130
WITHIN     xlmr_large | fROI=Lang_LH_AntTemp | layer=5 | mean r=0.150
WITHIN     xlmr_large | fROI=Lang_LH_AntTemp | layer=6 | mean r=0.149
WITHIN     xlmr_large | fROI=Lang_LH_AntTemp | layer=7 | mean r=0.163
WITHIN     xlmr_large | fROI=Lang_LH_AntTemp | layer=8 | mean r=0.157
WITHIN     xlmr_large | fROI=Lang_LH_AntTemp | layer=9 | mean r=0.153
WITHIN     xlmr_large | fROI=Lang_LH_AntTemp | layer=10 | mean r=0.147
WITHIN     xlmr_large | fROI=Lang_LH_AntTemp | layer=11 | mean r=0.171
WITHIN     xlmr_large | fROI=Lang_LH_AntTemp | layer=12 | mean r=0.195
WITHIN     xlmr_large | fROI=Lang_LH_AntTemp | layer=13 | mean r=0.204
WITHIN     xlmr_large | fROI=Lang_LH_AntTemp | layer=14 | mean r=0.186
WITHIN     xlmr_large | fROI=Lang_LH_AntTemp | layer=15 | mean r=0.188
WITHIN     xlmr_large | fROI=Lang_LH_AntTemp | layer=16 | mean r=0.189
WITHIN     xlmr_large | fROI=Lang_LH_AntTemp | layer=17 | mean r=0.184
WITHIN     xlmr_large | fROI=Lang_LH_AntTemp | layer=18 | mean r=0.165
WITHIN     xlmr_large | fROI=Lang_LH_AntTemp | layer=19 | mean r=0.182
WITHIN     xlmr_large | fROI=Lang_LH_AntTemp | layer=20 | mean r=0.155
WITHIN     xlmr_large | fROI=Lang_LH_AntTemp | layer=21 | mean r=0.143
WITHIN     xlmr_large | fROI=Lang_LH_AntTemp | layer=22 | mean r=0.165
WITHIN     xlmr_large | fROI=Lang_LH_AntTemp | layer=23 | mean r=0.172
WITHIN     xlmr_large | fROI=Lang_LH_AntTemp | layer=24 | mean r=0.175


Processing Lang_LH_IFG (2/6)
WITHIN     xlmr_large | fROI=Lang_LH_IFG | layer=0 | mean r=0.009
WITHIN     xlmr_large | fROI=Lang_LH_IFG | layer=1 | mean r=0.024
WITHIN     xlmr_large | fROI=Lang_LH_IFG | layer=2 | mean r=0.013
WITHIN     xlmr_large | fROI=Lang_LH_IFG | layer=3 | mean r=0.014
WITHIN     xlmr_large | fROI=Lang_LH_IFG | layer=4 | mean r=0.016
WITHIN     xlmr_large | fROI=Lang_LH_IFG | layer=5 | mean r=0.032
WITHIN     xlmr_large | fROI=Lang_LH_IFG | layer=6 | mean r=0.047
WITHIN     xlmr_large | fROI=Lang_LH_IFG | layer=7 | mean r=0.055
WITHIN     xlmr_large | fROI=Lang_LH_IFG | layer=8 | mean r=0.059
WITHIN     xlmr_large | fROI=Lang_LH_IFG | layer=9 | mean r=0.054
WITHIN     xlmr_large | fROI=Lang_LH_IFG | layer=10 | mean r=0.060
WITHIN     xlmr_large | fROI=Lang_LH_IFG | layer=11 | mean r=0.075
WITHIN     xlmr_large | fROI=Lang_LH_IFG | layer=12 | mean r=0.099
WITHIN     xlmr_large | fROI=Lang_LH_IFG | layer=13 | mean r=0.108
WITHIN     xlmr_large | fROI=Lang_LH_IFG | layer=14 | mean r=0.116
WITHIN     xlmr_large | fROI=Lang_LH_IFG | layer=15 | mean r=0.129
WITHIN     xlmr_large | fROI=Lang_LH_IFG | layer=16 | mean r=0.118
WITHIN     xlmr_large | fROI=Lang_LH_IFG | layer=17 | mean r=0.115
WITHIN     xlmr_large | fROI=Lang_LH_IFG | layer=18 | mean r=0.091
WITHIN     xlmr_large | fROI=Lang_LH_IFG | layer=19 | mean r=0.086
WITHIN     xlmr_large | fROI=Lang_LH_IFG | layer=20 | mean r=0.104
WITHIN     xlmr_large | fROI=Lang_LH_IFG | layer=21 | mean r=0.090
WITHIN     xlmr_large | fROI=Lang_LH_IFG | layer=22 | mean r=0.076
WITHIN     xlmr_large | fROI=Lang_LH_IFG | layer=23 | mean r=0.081
WITHIN     xlmr_large | fROI=Lang_LH_IFG | layer=24 | mean r=0.075


Processing Lang_LH_IFGorb (3/6)
WITHIN     xlmr_large | fROI=Lang_LH_IFGorb | layer=0 | mean r=0.059
WITHIN     xlmr_large | fROI=Lang_LH_IFGorb | layer=1 | mean r=0.046
WITHIN     xlmr_large | fROI=Lang_LH_IFGorb | layer=2 | mean r=0.051
WITHIN     xlmr_large | fROI=Lang_LH_IFGorb | layer=3 | mean r=0.059
WITHIN     xlmr_large | fROI=Lang_LH_IFGorb | layer=4 | mean r=0.048
WITHIN     xlmr_large | fROI=Lang_LH_IFGorb | layer=5 | mean r=0.046
WITHIN     xlmr_large | fROI=Lang_LH_IFGorb | layer=6 | mean r=0.074
WITHIN     xlmr_large | fROI=Lang_LH_IFGorb | layer=7 | mean r=0.059
WITHIN     xlmr_large | fROI=Lang_LH_IFGorb | layer=8 | mean r=0.071
WITHIN     xlmr_large | fROI=Lang_LH_IFGorb | layer=9 | mean r=0.072
WITHIN     xlmr_large | fROI=Lang_LH_IFGorb | layer=10 | mean r=0.076
WITHIN     xlmr_large | fROI=Lang_LH_IFGorb | layer=11 | mean r=0.085
WITHIN     xlmr_large | fROI=Lang_LH_IFGorb | layer=12 | mean r=0.078
WITHIN     xlmr_large | fROI=Lang_LH_IFGorb | layer=13 | mean r=0.085
WITHIN     xlmr_large | fROI=Lang_LH_IFGorb | layer=14 | mean r=0.079
WITHIN     xlmr_large | fROI=Lang_LH_IFGorb | layer=15 | mean r=0.095
WITHIN     xlmr_large | fROI=Lang_LH_IFGorb | layer=16 | mean r=0.115
WITHIN     xlmr_large | fROI=Lang_LH_IFGorb | layer=17 | mean r=0.089
WITHIN     xlmr_large | fROI=Lang_LH_IFGorb | layer=18 | mean r=0.070
WITHIN     xlmr_large | fROI=Lang_LH_IFGorb | layer=19 | mean r=0.061
WITHIN     xlmr_large | fROI=Lang_LH_IFGorb | layer=20 | mean r=0.079
WITHIN     xlmr_large | fROI=Lang_LH_IFGorb | layer=21 | mean r=0.075
WITHIN     xlmr_large | fROI=Lang_LH_IFGorb | layer=22 | mean r=0.072
WITHIN     xlmr_large | fROI=Lang_LH_IFGorb | layer=23 | mean r=0.066
WITHIN     xlmr_large | fROI=Lang_LH_IFGorb | layer=24 | mean r=0.064


Processing Lang_LH_MFG (4/6)
WITHIN     xlmr_large | fROI=Lang_LH_MFG | layer=0 | mean r=-0.003
WITHIN     xlmr_large | fROI=Lang_LH_MFG | layer=1 | mean r=0.011
WITHIN     xlmr_large | fROI=Lang_LH_MFG | layer=2 | mean r=0.006
WITHIN     xlmr_large | fROI=Lang_LH_MFG | layer=3 | mean r=0.020
WITHIN     xlmr_large | fROI=Lang_LH_MFG | layer=4 | mean r=0.027
WITHIN     xlmr_large | fROI=Lang_LH_MFG | layer=5 | mean r=0.016
WITHIN     xlmr_large | fROI=Lang_LH_MFG | layer=6 | mean r=0.043
WITHIN     xlmr_large | fROI=Lang_LH_MFG | layer=7 | mean r=0.055
WITHIN     xlmr_large | fROI=Lang_LH_MFG | layer=8 | mean r=0.041
WITHIN     xlmr_large | fROI=Lang_LH_MFG | layer=9 | mean r=0.032
WITHIN     xlmr_large | fROI=Lang_LH_MFG | layer=10 | mean r=0.052
WITHIN     xlmr_large | fROI=Lang_LH_MFG | layer=11 | mean r=0.071
WITHIN     xlmr_large | fROI=Lang_LH_MFG | layer=12 | mean r=0.108
WITHIN     xlmr_large | fROI=Lang_LH_MFG | layer=13 | mean r=0.107
WITHIN     xlmr_large | fROI=Lang_LH_MFG | layer=14 | mean r=0.119
WITHIN     xlmr_large | fROI=Lang_LH_MFG | layer=15 | mean r=0.117
WITHIN     xlmr_large | fROI=Lang_LH_MFG | layer=16 | mean r=0.123
WITHIN     xlmr_large | fROI=Lang_LH_MFG | layer=17 | mean r=0.125
WITHIN     xlmr_large | fROI=Lang_LH_MFG | layer=18 | mean r=0.102
WITHIN     xlmr_large | fROI=Lang_LH_MFG | layer=19 | mean r=0.111
WITHIN     xlmr_large | fROI=Lang_LH_MFG | layer=20 | mean r=0.114
WITHIN     xlmr_large | fROI=Lang_LH_MFG | layer=21 | mean r=0.098
WITHIN     xlmr_large | fROI=Lang_LH_MFG | layer=22 | mean r=0.120
WITHIN     xlmr_large | fROI=Lang_LH_MFG | layer=23 | mean r=0.096
WITHIN     xlmr_large | fROI=Lang_LH_MFG | layer=24 | mean r=0.094


Processing Lang_LH_PostTemp (5/6)
WITHIN     xlmr_large | fROI=Lang_LH_PostTemp | layer=0 | mean r=0.036
WITHIN     xlmr_large | fROI=Lang_LH_PostTemp | layer=1 | mean r=0.059
WITHIN     xlmr_large | fROI=Lang_LH_PostTemp | layer=2 | mean r=0.065
WITHIN     xlmr_large | fROI=Lang_LH_PostTemp | layer=3 | mean r=0.082
WITHIN     xlmr_large | fROI=Lang_LH_PostTemp | layer=4 | mean r=0.084
WITHIN     xlmr_large | fROI=Lang_LH_PostTemp | layer=5 | mean r=0.115
WITHIN     xlmr_large | fROI=Lang_LH_PostTemp | layer=6 | mean r=0.133
WITHIN     xlmr_large | fROI=Lang_LH_PostTemp | layer=7 | mean r=0.135
WITHIN     xlmr_large | fROI=Lang_LH_PostTemp | layer=8 | mean r=0.132
WITHIN     xlmr_large | fROI=Lang_LH_PostTemp | layer=9 | mean r=0.120
WITHIN     xlmr_large | fROI=Lang_LH_PostTemp | layer=10 | mean r=0.130
WITHIN     xlmr_large | fROI=Lang_LH_PostTemp | layer=11 | mean r=0.142
WITHIN     xlmr_large | fROI=Lang_LH_PostTemp | layer=12 | mean r=0.157
WITHIN     xlmr_large | fROI=Lang_LH_PostTemp | layer=13 | mean r=0.177
WITHIN     xlmr_large | fROI=Lang_LH_PostTemp | layer=14 | mean r=0.196
WITHIN     xlmr_large | fROI=Lang_LH_PostTemp | layer=15 | mean r=0.185
WITHIN     xlmr_large | fROI=Lang_LH_PostTemp | layer=16 | mean r=0.182
WITHIN     xlmr_large | fROI=Lang_LH_PostTemp | layer=17 | mean r=0.149
WITHIN     xlmr_large | fROI=Lang_LH_PostTemp | layer=18 | mean r=0.119
WITHIN     xlmr_large | fROI=Lang_LH_PostTemp | layer=19 | mean r=0.121
WITHIN     xlmr_large | fROI=Lang_LH_PostTemp | layer=20 | mean r=0.113
WITHIN     xlmr_large | fROI=Lang_LH_PostTemp | layer=21 | mean r=0.095
WITHIN     xlmr_large | fROI=Lang_LH_PostTemp | layer=22 | mean r=0.132
WITHIN     xlmr_large | fROI=Lang_LH_PostTemp | layer=23 | mean r=0.134
WITHIN     xlmr_large | fROI=Lang_LH_PostTemp | layer=24 | mean r=0.134


Processing all (6/6)
WITHIN     xlmr_large | fROI=all | layer=0 | mean r=0.040
WITHIN     xlmr_large | fROI=all | layer=1 | mean r=0.057
WITHIN     xlmr_large | fROI=all | layer=2 | mean r=0.065
WITHIN     xlmr_large | fROI=all | layer=3 | mean r=0.082
WITHIN     xlmr_large | fROI=all | layer=4 | mean r=0.082
WITHIN     xlmr_large | fROI=all | layer=5 | mean r=0.101
WITHIN     xlmr_large | fROI=all | layer=6 | mean r=0.118
WITHIN     xlmr_large | fROI=all | layer=7 | mean r=0.124
WITHIN     xlmr_large | fROI=all | layer=8 | mean r=0.126
WITHIN     xlmr_large | fROI=all | layer=9 | mean r=0.112
WITHIN     xlmr_large | fROI=all | layer=10 | mean r=0.100
WITHIN     xlmr_large | fROI=all | layer=11 | mean r=0.139
WITHIN     xlmr_large | fROI=all | layer=12 | mean r=0.177
WITHIN     xlmr_large | fROI=all | layer=13 | mean r=0.174
WITHIN     xlmr_large | fROI=all | layer=14 | mean r=0.184
WITHIN     xlmr_large | fROI=all | layer=15 | mean r=0.161
WITHIN     xlmr_large | fROI=all | layer=16 | mean r=0.164
WITHIN     xlmr_large | fROI=all | layer=17 | mean r=0.153
WITHIN     xlmr_large | fROI=all | layer=18 | mean r=0.125
WITHIN     xlmr_large | fROI=all | layer=19 | mean r=0.121
WITHIN     xlmr_large | fROI=all | layer=20 | mean r=0.115
WITHIN     xlmr_large | fROI=all | layer=21 | mean r=0.116
WITHIN     xlmr_large | fROI=all | layer=22 | mean r=0.136
WITHIN     xlmr_large | fROI=all | layer=23 | mean r=0.141
WITHIN     xlmr_large | fROI=all | layer=24 | mean r=0.126


Processing Lang_LH_AntTemp (1/6)
WITHIN     mt5_small | fROI=Lang_LH_AntTemp | layer=0 | mean r=0.001
WITHIN     mt5_small | fROI=Lang_LH_AntTemp | layer=1 | mean r=0.052
WITHIN     mt5_small | fROI=Lang_LH_AntTemp | layer=2 | mean r=0.056
WITHIN     mt5_small | fROI=Lang_LH_AntTemp | layer=3 | mean r=0.103
WITHIN     mt5_small | fROI=Lang_LH_AntTemp | layer=4 | mean r=0.097
WITHIN     mt5_small | fROI=Lang_LH_AntTemp | layer=5 | mean r=0.102
WITHIN     mt5_small | fROI=Lang_LH_AntTemp | layer=6 | mean r=0.131
WITHIN     mt5_small | fROI=Lang_LH_AntTemp | layer=7 | mean r=0.138
WITHIN     mt5_small | fROI=Lang_LH_AntTemp | layer=8 | mean r=0.154


Processing Lang_LH_IFG (2/6)
WITHIN     mt5_small | fROI=Lang_LH_IFG | layer=0 | mean r=-0.019
WITHIN     mt5_small | fROI=Lang_LH_IFG | layer=1 | mean r=-0.013
WITHIN     mt5_small | fROI=Lang_LH_IFG | layer=2 | mean r=-0.029
WITHIN     mt5_small | fROI=Lang_LH_IFG | layer=3 | mean r=-0.034
WITHIN     mt5_small | fROI=Lang_LH_IFG | layer=4 | mean r=-0.026
WITHIN     mt5_small | fROI=Lang_LH_IFG | layer=5 | mean r=-0.002
WITHIN     mt5_small | fROI=Lang_LH_IFG | layer=6 | mean r=0.016
WITHIN     mt5_small | fROI=Lang_LH_IFG | layer=7 | mean r=0.004
WITHIN     mt5_small | fROI=Lang_LH_IFG | layer=8 | mean r=0.039


Processing Lang_LH_IFGorb (3/6)
WITHIN     mt5_small | fROI=Lang_LH_IFGorb | layer=0 | mean r=0.008
WITHIN     mt5_small | fROI=Lang_LH_IFGorb | layer=1 | mean r=0.016
WITHIN     mt5_small | fROI=Lang_LH_IFGorb | layer=2 | mean r=0.012
WITHIN     mt5_small | fROI=Lang_LH_IFGorb | layer=3 | mean r=0.049
WITHIN     mt5_small | fROI=Lang_LH_IFGorb | layer=4 | mean r=0.046
WITHIN     mt5_small | fROI=Lang_LH_IFGorb | layer=5 | mean r=0.025
WITHIN     mt5_small | fROI=Lang_LH_IFGorb | layer=6 | mean r=0.063
WITHIN     mt5_small | fROI=Lang_LH_IFGorb | layer=7 | mean r=0.030
WITHIN     mt5_small | fROI=Lang_LH_IFGorb | layer=8 | mean r=0.061


Processing Lang_LH_MFG (4/6)
WITHIN     mt5_small | fROI=Lang_LH_MFG | layer=0 | mean r=-0.042
WITHIN     mt5_small | fROI=Lang_LH_MFG | layer=1 | mean r=-0.032
WITHIN     mt5_small | fROI=Lang_LH_MFG | layer=2 | mean r=-0.029
WITHIN     mt5_small | fROI=Lang_LH_MFG | layer=3 | mean r=-0.001
WITHIN     mt5_small | fROI=Lang_LH_MFG | layer=4 | mean r=-0.020
WITHIN     mt5_small | fROI=Lang_LH_MFG | layer=5 | mean r=0.003
WITHIN     mt5_small | fROI=Lang_LH_MFG | layer=6 | mean r=0.036
WITHIN     mt5_small | fROI=Lang_LH_MFG | layer=7 | mean r=0.030
WITHIN     mt5_small | fROI=Lang_LH_MFG | layer=8 | mean r=0.094


Processing Lang_LH_PostTemp (5/6)
WITHIN     mt5_small | fROI=Lang_LH_PostTemp | layer=0 | mean r=0.009
WITHIN     mt5_small | fROI=Lang_LH_PostTemp | layer=1 | mean r=0.035
WITHIN     mt5_small | fROI=Lang_LH_PostTemp | layer=2 | mean r=0.066
WITHIN     mt5_small | fROI=Lang_LH_PostTemp | layer=3 | mean r=0.078
WITHIN     mt5_small | fROI=Lang_LH_PostTemp | layer=4 | mean r=0.067
WITHIN     mt5_small | fROI=Lang_LH_PostTemp | layer=5 | mean r=0.071
WITHIN     mt5_small | fROI=Lang_LH_PostTemp | layer=6 | mean r=0.112
WITHIN     mt5_small | fROI=Lang_LH_PostTemp | layer=7 | mean r=0.100
WITHIN     mt5_small | fROI=Lang_LH_PostTemp | layer=8 | mean r=0.123


Processing all (6/6)
WITHIN     mt5_small | fROI=all | layer=0 | mean r=-0.008
WITHIN     mt5_small | fROI=all | layer=1 | mean r=0.018
WITHIN     mt5_small | fROI=all | layer=2 | mean r=0.016
WITHIN     mt5_small | fROI=all | layer=3 | mean r=0.036
WITHIN     mt5_small | fROI=all | layer=4 | mean r=0.022
WITHIN     mt5_small | fROI=all | layer=5 | mean r=0.056
WITHIN     mt5_small | fROI=all | layer=6 | mean r=0.083
WITHIN     mt5_small | fROI=all | layer=7 | mean r=0.062
WITHIN     mt5_small | fROI=all | layer=8 | mean r=0.100


Processing Lang_LH_AntTemp (1/6)
WITHIN     mt5_base | fROI=Lang_LH_AntTemp | layer=0 | mean r=0.019
WITHIN     mt5_base | fROI=Lang_LH_AntTemp | layer=1 | mean r=0.051
WITHIN     mt5_base | fROI=Lang_LH_AntTemp | layer=2 | mean r=0.087
WITHIN     mt5_base | fROI=Lang_LH_AntTemp | layer=3 | mean r=0.104
WITHIN     mt5_base | fROI=Lang_LH_AntTemp | layer=4 | mean r=0.099
WITHIN     mt5_base | fROI=Lang_LH_AntTemp | layer=5 | mean r=0.062
WITHIN     mt5_base | fROI=Lang_LH_AntTemp | layer=6 | mean r=0.055
WITHIN     mt5_base | fROI=Lang_LH_AntTemp | layer=7 | mean r=0.081
WITHIN     mt5_base | fROI=Lang_LH_AntTemp | layer=8 | mean r=0.075
WITHIN     mt5_base | fROI=Lang_LH_AntTemp | layer=9 | mean r=0.069
WITHIN     mt5_base | fROI=Lang_LH_AntTemp | layer=10 | mean r=0.043
WITHIN     mt5_base | fROI=Lang_LH_AntTemp | layer=11 | mean r=0.086
WITHIN     mt5_base | fROI=Lang_LH_AntTemp | layer=12 | mean r=0.120


Processing Lang_LH_IFG (2/6)
WITHIN     mt5_base | fROI=Lang_LH_IFG | layer=0 | mean r=-0.000
WITHIN     mt5_base | fROI=Lang_LH_IFG | layer=1 | mean r=0.010
WITHIN     mt5_base | fROI=Lang_LH_IFG | layer=2 | mean r=0.013
WITHIN     mt5_base | fROI=Lang_LH_IFG | layer=3 | mean r=0.008
WITHIN     mt5_base | fROI=Lang_LH_IFG | layer=4 | mean r=0.019
WITHIN     mt5_base | fROI=Lang_LH_IFG | layer=5 | mean r=0.007
WITHIN     mt5_base | fROI=Lang_LH_IFG | layer=6 | mean r=0.019
WITHIN     mt5_base | fROI=Lang_LH_IFG | layer=7 | mean r=0.024
WITHIN     mt5_base | fROI=Lang_LH_IFG | layer=8 | mean r=0.028
WITHIN     mt5_base | fROI=Lang_LH_IFG | layer=9 | mean r=0.061
WITHIN     mt5_base | fROI=Lang_LH_IFG | layer=10 | mean r=0.069
WITHIN     mt5_base | fROI=Lang_LH_IFG | layer=11 | mean r=0.070
WITHIN     mt5_base | fROI=Lang_LH_IFG | layer=12 | mean r=0.109


Processing Lang_LH_IFGorb (3/6)
WITHIN     mt5_base | fROI=Lang_LH_IFGorb | layer=0 | mean r=0.004
WITHIN     mt5_base | fROI=Lang_LH_IFGorb | layer=1 | mean r=0.013
WITHIN     mt5_base | fROI=Lang_LH_IFGorb | layer=2 | mean r=0.014
WITHIN     mt5_base | fROI=Lang_LH_IFGorb | layer=3 | mean r=0.002
WITHIN     mt5_base | fROI=Lang_LH_IFGorb | layer=4 | mean r=0.029
WITHIN     mt5_base | fROI=Lang_LH_IFGorb | layer=5 | mean r=0.005
WITHIN     mt5_base | fROI=Lang_LH_IFGorb | layer=6 | mean r=0.025
WITHIN     mt5_base | fROI=Lang_LH_IFGorb | layer=7 | mean r=0.029
WITHIN     mt5_base | fROI=Lang_LH_IFGorb | layer=8 | mean r=0.036
WITHIN     mt5_base | fROI=Lang_LH_IFGorb | layer=9 | mean r=0.041
WITHIN     mt5_base | fROI=Lang_LH_IFGorb | layer=10 | mean r=0.059
WITHIN     mt5_base | fROI=Lang_LH_IFGorb | layer=11 | mean r=0.047
WITHIN     mt5_base | fROI=Lang_LH_IFGorb | layer=12 | mean r=0.064


Processing Lang_LH_MFG (4/6)
WITHIN     mt5_base | fROI=Lang_LH_MFG | layer=0 | mean r=-0.041
WITHIN     mt5_base | fROI=Lang_LH_MFG | layer=1 | mean r=-0.020
WITHIN     mt5_base | fROI=Lang_LH_MFG | layer=2 | mean r=-0.006
WITHIN     mt5_base | fROI=Lang_LH_MFG | layer=3 | mean r=-0.005
WITHIN     mt5_base | fROI=Lang_LH_MFG | layer=4 | mean r=-0.001
WITHIN     mt5_base | fROI=Lang_LH_MFG | layer=5 | mean r=0.034
WITHIN     mt5_base | fROI=Lang_LH_MFG | layer=6 | mean r=0.021
WITHIN     mt5_base | fROI=Lang_LH_MFG | layer=7 | mean r=0.036
WITHIN     mt5_base | fROI=Lang_LH_MFG | layer=8 | mean r=0.045
WITHIN     mt5_base | fROI=Lang_LH_MFG | layer=9 | mean r=0.073
WITHIN     mt5_base | fROI=Lang_LH_MFG | layer=10 | mean r=0.056
WITHIN     mt5_base | fROI=Lang_LH_MFG | layer=11 | mean r=0.051
WITHIN     mt5_base | fROI=Lang_LH_MFG | layer=12 | mean r=0.067


Processing Lang_LH_PostTemp (5/6)
WITHIN     mt5_base | fROI=Lang_LH_PostTemp | layer=0 | mean r=0.037
WITHIN     mt5_base | fROI=Lang_LH_PostTemp | layer=1 | mean r=0.061
WITHIN     mt5_base | fROI=Lang_LH_PostTemp | layer=2 | mean r=0.077
WITHIN     mt5_base | fROI=Lang_LH_PostTemp | layer=3 | mean r=0.079
WITHIN     mt5_base | fROI=Lang_LH_PostTemp | layer=4 | mean r=0.097
WITHIN     mt5_base | fROI=Lang_LH_PostTemp | layer=5 | mean r=0.063
WITHIN     mt5_base | fROI=Lang_LH_PostTemp | layer=6 | mean r=0.076
WITHIN     mt5_base | fROI=Lang_LH_PostTemp | layer=7 | mean r=0.060
WITHIN     mt5_base | fROI=Lang_LH_PostTemp | layer=8 | mean r=0.060
WITHIN     mt5_base | fROI=Lang_LH_PostTemp | layer=9 | mean r=0.074
WITHIN     mt5_base | fROI=Lang_LH_PostTemp | layer=10 | mean r=0.046
WITHIN     mt5_base | fROI=Lang_LH_PostTemp | layer=11 | mean r=0.078
WITHIN     mt5_base | fROI=Lang_LH_PostTemp | layer=12 | mean r=0.114


Processing all (6/6)
WITHIN     mt5_base | fROI=all | layer=0 | mean r=0.014
WITHIN     mt5_base | fROI=all | layer=1 | mean r=0.048
WITHIN     mt5_base | fROI=all | layer=2 | mean r=0.055
WITHIN     mt5_base | fROI=all | layer=3 | mean r=0.053
WITHIN     mt5_base | fROI=all | layer=4 | mean r=0.071
WITHIN     mt5_base | fROI=all | layer=5 | mean r=0.053
WITHIN     mt5_base | fROI=all | layer=6 | mean r=0.060
WITHIN     mt5_base | fROI=all | layer=7 | mean r=0.075
WITHIN     mt5_base | fROI=all | layer=8 | mean r=0.066
WITHIN     mt5_base | fROI=all | layer=9 | mean r=0.065
WITHIN     mt5_base | fROI=all | layer=10 | mean r=0.070
WITHIN     mt5_base | fROI=all | layer=11 | mean r=0.076
WITHIN     mt5_base | fROI=all | layer=12 | mean r=0.117


Processing Lang_LH_AntTemp (1/6)
WITHIN     mt5_large | fROI=Lang_LH_AntTemp | layer=0 | mean r=0.044
WITHIN     mt5_large | fROI=Lang_LH_AntTemp | layer=1 | mean r=0.075
WITHIN     mt5_large | fROI=Lang_LH_AntTemp | layer=2 | mean r=0.074
WITHIN     mt5_large | fROI=Lang_LH_AntTemp | layer=3 | mean r=0.062
WITHIN     mt5_large | fROI=Lang_LH_AntTemp | layer=4 | mean r=0.068
WITHIN     mt5_large | fROI=Lang_LH_AntTemp | layer=5 | mean r=0.061
WITHIN     mt5_large | fROI=Lang_LH_AntTemp | layer=6 | mean r=0.065
WITHIN     mt5_large | fROI=Lang_LH_AntTemp | layer=7 | mean r=0.073
WITHIN     mt5_large | fROI=Lang_LH_AntTemp | layer=8 | mean r=0.094
WITHIN     mt5_large | fROI=Lang_LH_AntTemp | layer=9 | mean r=0.111
WITHIN     mt5_large | fROI=Lang_LH_AntTemp | layer=10 | mean r=0.105
WITHIN     mt5_large | fROI=Lang_LH_AntTemp | layer=11 | mean r=0.093
WITHIN     mt5_large | fROI=Lang_LH_AntTemp | layer=12 | mean r=0.142
WITHIN     mt5_large | fROI=Lang_LH_AntTemp | layer=13 | mean r=0.157
WITHIN     mt5_large | fROI=Lang_LH_AntTemp | layer=14 | mean r=0.131
WITHIN     mt5_large | fROI=Lang_LH_AntTemp | layer=15 | mean r=0.136
WITHIN     mt5_large | fROI=Lang_LH_AntTemp | layer=16 | mean r=0.158
WITHIN     mt5_large | fROI=Lang_LH_AntTemp | layer=17 | mean r=0.168
WITHIN     mt5_large | fROI=Lang_LH_AntTemp | layer=18 | mean r=0.175
WITHIN     mt5_large | fROI=Lang_LH_AntTemp | layer=19 | mean r=0.192
WITHIN     mt5_large | fROI=Lang_LH_AntTemp | layer=20 | mean r=0.196
WITHIN     mt5_large | fROI=Lang_LH_AntTemp | layer=21 | mean r=0.182
WITHIN     mt5_large | fROI=Lang_LH_AntTemp | layer=22 | mean r=0.161
WITHIN     mt5_large | fROI=Lang_LH_AntTemp | layer=23 | mean r=0.145
WITHIN     mt5_large | fROI=Lang_LH_AntTemp | layer=24 | mean r=0.166


Processing Lang_LH_IFG (2/6)
WITHIN     mt5_large | fROI=Lang_LH_IFG | layer=0 | mean r=-0.000
WITHIN     mt5_large | fROI=Lang_LH_IFG | layer=1 | mean r=0.022
WITHIN     mt5_large | fROI=Lang_LH_IFG | layer=2 | mean r=0.010
WITHIN     mt5_large | fROI=Lang_LH_IFG | layer=3 | mean r=0.002
WITHIN     mt5_large | fROI=Lang_LH_IFG | layer=4 | mean r=0.001
WITHIN     mt5_large | fROI=Lang_LH_IFG | layer=5 | mean r=0.002
WITHIN     mt5_large | fROI=Lang_LH_IFG | layer=6 | mean r=-0.002
WITHIN     mt5_large | fROI=Lang_LH_IFG | layer=7 | mean r=0.004
WITHIN     mt5_large | fROI=Lang_LH_IFG | layer=8 | mean r=0.008
WITHIN     mt5_large | fROI=Lang_LH_IFG | layer=9 | mean r=0.032
WITHIN     mt5_large | fROI=Lang_LH_IFG | layer=10 | mean r=0.055
WITHIN     mt5_large | fROI=Lang_LH_IFG | layer=11 | mean r=0.059
WITHIN     mt5_large | fROI=Lang_LH_IFG | layer=12 | mean r=0.083
WITHIN     mt5_large | fROI=Lang_LH_IFG | layer=13 | mean r=0.095
WITHIN     mt5_large | fROI=Lang_LH_IFG | layer=14 | mean r=0.075
WITHIN     mt5_large | fROI=Lang_LH_IFG | layer=15 | mean r=0.050
WITHIN     mt5_large | fROI=Lang_LH_IFG | layer=16 | mean r=0.070
WITHIN     mt5_large | fROI=Lang_LH_IFG | layer=17 | mean r=0.100
WITHIN     mt5_large | fROI=Lang_LH_IFG | layer=18 | mean r=0.103
WITHIN     mt5_large | fROI=Lang_LH_IFG | layer=19 | mean r=0.106
WITHIN     mt5_large | fROI=Lang_LH_IFG | layer=20 | mean r=0.101
WITHIN     mt5_large | fROI=Lang_LH_IFG | layer=21 | mean r=0.109
WITHIN     mt5_large | fROI=Lang_LH_IFG | layer=22 | mean r=0.067
WITHIN     mt5_large | fROI=Lang_LH_IFG | layer=23 | mean r=0.078
WITHIN     mt5_large | fROI=Lang_LH_IFG | layer=24 | mean r=0.076


Processing Lang_LH_IFGorb (3/6)
WITHIN     mt5_large | fROI=Lang_LH_IFGorb | layer=0 | mean r=-0.003
WITHIN     mt5_large | fROI=Lang_LH_IFGorb | layer=1 | mean r=0.011
WITHIN     mt5_large | fROI=Lang_LH_IFGorb | layer=2 | mean r=0.007
WITHIN     mt5_large | fROI=Lang_LH_IFGorb | layer=3 | mean r=-0.005
WITHIN     mt5_large | fROI=Lang_LH_IFGorb | layer=4 | mean r=-0.005
WITHIN     mt5_large | fROI=Lang_LH_IFGorb | layer=5 | mean r=0.005
WITHIN     mt5_large | fROI=Lang_LH_IFGorb | layer=6 | mean r=-0.008
WITHIN     mt5_large | fROI=Lang_LH_IFGorb | layer=7 | mean r=-0.022
WITHIN     mt5_large | fROI=Lang_LH_IFGorb | layer=8 | mean r=-0.007
WITHIN     mt5_large | fROI=Lang_LH_IFGorb | layer=9 | mean r=-0.002
WITHIN     mt5_large | fROI=Lang_LH_IFGorb | layer=10 | mean r=0.024
WITHIN     mt5_large | fROI=Lang_LH_IFGorb | layer=11 | mean r=0.014
WITHIN     mt5_large | fROI=Lang_LH_IFGorb | layer=12 | mean r=0.047
WITHIN     mt5_large | fROI=Lang_LH_IFGorb | layer=13 | mean r=0.054
WITHIN     mt5_large | fROI=Lang_LH_IFGorb | layer=14 | mean r=0.059
WITHIN     mt5_large | fROI=Lang_LH_IFGorb | layer=15 | mean r=0.047
WITHIN     mt5_large | fROI=Lang_LH_IFGorb | layer=16 | mean r=0.070
WITHIN     mt5_large | fROI=Lang_LH_IFGorb | layer=17 | mean r=0.070
WITHIN     mt5_large | fROI=Lang_LH_IFGorb | layer=18 | mean r=0.103
WITHIN     mt5_large | fROI=Lang_LH_IFGorb | layer=19 | mean r=0.091
WITHIN     mt5_large | fROI=Lang_LH_IFGorb | layer=20 | mean r=0.087
WITHIN     mt5_large | fROI=Lang_LH_IFGorb | layer=21 | mean r=0.083
WITHIN     mt5_large | fROI=Lang_LH_IFGorb | layer=22 | mean r=0.081
WITHIN     mt5_large | fROI=Lang_LH_IFGorb | layer=23 | mean r=0.062
WITHIN     mt5_large | fROI=Lang_LH_IFGorb | layer=24 | mean r=0.068


Processing Lang_LH_MFG (4/6)
WITHIN     mt5_large | fROI=Lang_LH_MFG | layer=0 | mean r=-0.051
WITHIN     mt5_large | fROI=Lang_LH_MFG | layer=1 | mean r=-0.022
WITHIN     mt5_large | fROI=Lang_LH_MFG | layer=2 | mean r=-0.024
WITHIN     mt5_large | fROI=Lang_LH_MFG | layer=3 | mean r=-0.030
WITHIN     mt5_large | fROI=Lang_LH_MFG | layer=4 | mean r=-0.033
WITHIN     mt5_large | fROI=Lang_LH_MFG | layer=5 | mean r=-0.026
WITHIN     mt5_large | fROI=Lang_LH_MFG | layer=6 | mean r=-0.016
WITHIN     mt5_large | fROI=Lang_LH_MFG | layer=7 | mean r=-0.003
WITHIN     mt5_large | fROI=Lang_LH_MFG | layer=8 | mean r=0.007
WITHIN     mt5_large | fROI=Lang_LH_MFG | layer=9 | mean r=0.019
WITHIN     mt5_large | fROI=Lang_LH_MFG | layer=10 | mean r=0.014
WITHIN     mt5_large | fROI=Lang_LH_MFG | layer=11 | mean r=0.026
WITHIN     mt5_large | fROI=Lang_LH_MFG | layer=12 | mean r=0.096
WITHIN     mt5_large | fROI=Lang_LH_MFG | layer=13 | mean r=0.092
WITHIN     mt5_large | fROI=Lang_LH_MFG | layer=14 | mean r=0.100
WITHIN     mt5_large | fROI=Lang_LH_MFG | layer=15 | mean r=0.089
WITHIN     mt5_large | fROI=Lang_LH_MFG | layer=16 | mean r=0.114
WITHIN     mt5_large | fROI=Lang_LH_MFG | layer=17 | mean r=0.119
WITHIN     mt5_large | fROI=Lang_LH_MFG | layer=18 | mean r=0.112
WITHIN     mt5_large | fROI=Lang_LH_MFG | layer=19 | mean r=0.135
WITHIN     mt5_large | fROI=Lang_LH_MFG | layer=20 | mean r=0.120
WITHIN     mt5_large | fROI=Lang_LH_MFG | layer=21 | mean r=0.129
WITHIN     mt5_large | fROI=Lang_LH_MFG | layer=22 | mean r=0.089
WITHIN     mt5_large | fROI=Lang_LH_MFG | layer=23 | mean r=0.054
WITHIN     mt5_large | fROI=Lang_LH_MFG | layer=24 | mean r=0.064


Processing Lang_LH_PostTemp (5/6)
WITHIN     mt5_large | fROI=Lang_LH_PostTemp | layer=0 | mean r=0.050
WITHIN     mt5_large | fROI=Lang_LH_PostTemp | layer=1 | mean r=0.057
WITHIN     mt5_large | fROI=Lang_LH_PostTemp | layer=2 | mean r=0.060
WITHIN     mt5_large | fROI=Lang_LH_PostTemp | layer=3 | mean r=0.061
WITHIN     mt5_large | fROI=Lang_LH_PostTemp | layer=4 | mean r=0.051
WITHIN     mt5_large | fROI=Lang_LH_PostTemp | layer=5 | mean r=0.048
WITHIN     mt5_large | fROI=Lang_LH_PostTemp | layer=6 | mean r=0.046
WITHIN     mt5_large | fROI=Lang_LH_PostTemp | layer=7 | mean r=0.064
WITHIN     mt5_large | fROI=Lang_LH_PostTemp | layer=8 | mean r=0.071
WITHIN     mt5_large | fROI=Lang_LH_PostTemp | layer=9 | mean r=0.100
WITHIN     mt5_large | fROI=Lang_LH_PostTemp | layer=10 | mean r=0.110
WITHIN     mt5_large | fROI=Lang_LH_PostTemp | layer=11 | mean r=0.121
WITHIN     mt5_large | fROI=Lang_LH_PostTemp | layer=12 | mean r=0.126
WITHIN     mt5_large | fROI=Lang_LH_PostTemp | layer=13 | mean r=0.146
WITHIN     mt5_large | fROI=Lang_LH_PostTemp | layer=14 | mean r=0.132
WITHIN     mt5_large | fROI=Lang_LH_PostTemp | layer=15 | mean r=0.111
WITHIN     mt5_large | fROI=Lang_LH_PostTemp | layer=16 | mean r=0.148
WITHIN     mt5_large | fROI=Lang_LH_PostTemp | layer=17 | mean r=0.150
WITHIN     mt5_large | fROI=Lang_LH_PostTemp | layer=18 | mean r=0.166
WITHIN     mt5_large | fROI=Lang_LH_PostTemp | layer=19 | mean r=0.175
WITHIN     mt5_large | fROI=Lang_LH_PostTemp | layer=20 | mean r=0.171
WITHIN     mt5_large | fROI=Lang_LH_PostTemp | layer=21 | mean r=0.166
WITHIN     mt5_large | fROI=Lang_LH_PostTemp | layer=22 | mean r=0.122
WITHIN     mt5_large | fROI=Lang_LH_PostTemp | layer=23 | mean r=0.139
WITHIN     mt5_large | fROI=Lang_LH_PostTemp | layer=24 | mean r=0.131


Processing all (6/6)
WITHIN     mt5_large | fROI=all | layer=0 | mean r=0.012
WITHIN     mt5_large | fROI=all | layer=1 | mean r=0.052
WITHIN     mt5_large | fROI=all | layer=2 | mean r=0.052
WITHIN     mt5_large | fROI=all | layer=3 | mean r=0.034
WITHIN     mt5_large | fROI=all | layer=4 | mean r=0.021
WITHIN     mt5_large | fROI=all | layer=5 | mean r=0.021
WITHIN     mt5_large | fROI=all | layer=6 | mean r=0.020
WITHIN     mt5_large | fROI=all | layer=7 | mean r=0.029
WITHIN     mt5_large | fROI=all | layer=8 | mean r=0.047
WITHIN     mt5_large | fROI=all | layer=9 | mean r=0.061
WITHIN     mt5_large | fROI=all | layer=10 | mean r=0.085
WITHIN     mt5_large | fROI=all | layer=11 | mean r=0.092
WITHIN     mt5_large | fROI=all | layer=12 | mean r=0.119
WITHIN     mt5_large | fROI=all | layer=13 | mean r=0.135
WITHIN     mt5_large | fROI=all | layer=14 | mean r=0.125
WITHIN     mt5_large | fROI=all | layer=15 | mean r=0.080
WITHIN     mt5_large | fROI=all | layer=16 | mean r=0.125
WITHIN     mt5_large | fROI=all | layer=17 | mean r=0.162
WITHIN     mt5_large | fROI=all | layer=18 | mean r=0.187
WITHIN     mt5_large | fROI=all | layer=19 | mean r=0.182
WITHIN     mt5_large | fROI=all | layer=20 | mean r=0.190
WITHIN     mt5_large | fROI=all | layer=21 | mean r=0.172
WITHIN     mt5_large | fROI=all | layer=22 | mean r=0.110
WITHIN     mt5_large | fROI=all | layer=23 | mean r=0.131
WITHIN     mt5_large | fROI=all | layer=24 | mean r=0.151


Processing Lang_LH_AntTemp (1/6)
WITHIN     mdeberta | fROI=Lang_LH_AntTemp | layer=0 | mean r=0.021
WITHIN     mdeberta | fROI=Lang_LH_AntTemp | layer=1 | mean r=0.030
WITHIN     mdeberta | fROI=Lang_LH_AntTemp | layer=2 | mean r=0.064
WITHIN     mdeberta | fROI=Lang_LH_AntTemp | layer=3 | mean r=0.078
WITHIN     mdeberta | fROI=Lang_LH_AntTemp | layer=4 | mean r=0.094
WITHIN     mdeberta | fROI=Lang_LH_AntTemp | layer=5 | mean r=0.127
WITHIN     mdeberta | fROI=Lang_LH_AntTemp | layer=6 | mean r=0.131
WITHIN     mdeberta | fROI=Lang_LH_AntTemp | layer=7 | mean r=0.147
WITHIN     mdeberta | fROI=Lang_LH_AntTemp | layer=8 | mean r=0.153
WITHIN     mdeberta | fROI=Lang_LH_AntTemp | layer=9 | mean r=0.158
WITHIN     mdeberta | fROI=Lang_LH_AntTemp | layer=10 | mean r=0.171
WITHIN     mdeberta | fROI=Lang_LH_AntTemp | layer=11 | mean r=0.205
WITHIN     mdeberta | fROI=Lang_LH_AntTemp | layer=12 | mean r=0.134


Processing Lang_LH_IFG (2/6)
WITHIN     mdeberta | fROI=Lang_LH_IFG | layer=0 | mean r=0.012
WITHIN     mdeberta | fROI=Lang_LH_IFG | layer=1 | mean r=0.002
WITHIN     mdeberta | fROI=Lang_LH_IFG | layer=2 | mean r=-0.001
WITHIN     mdeberta | fROI=Lang_LH_IFG | layer=3 | mean r=-0.003
WITHIN     mdeberta | fROI=Lang_LH_IFG | layer=4 | mean r=0.002
WITHIN     mdeberta | fROI=Lang_LH_IFG | layer=5 | mean r=0.024
WITHIN     mdeberta | fROI=Lang_LH_IFG | layer=6 | mean r=0.022
WITHIN     mdeberta | fROI=Lang_LH_IFG | layer=7 | mean r=0.047
WITHIN     mdeberta | fROI=Lang_LH_IFG | layer=8 | mean r=0.047
WITHIN     mdeberta | fROI=Lang_LH_IFG | layer=9 | mean r=0.079
WITHIN     mdeberta | fROI=Lang_LH_IFG | layer=10 | mean r=0.070
WITHIN     mdeberta | fROI=Lang_LH_IFG | layer=11 | mean r=0.108
WITHIN     mdeberta | fROI=Lang_LH_IFG | layer=12 | mean r=0.077


Processing Lang_LH_IFGorb (3/6)
WITHIN     mdeberta | fROI=Lang_LH_IFGorb | layer=0 | mean r=-0.004
WITHIN     mdeberta | fROI=Lang_LH_IFGorb | layer=1 | mean r=-0.004
WITHIN     mdeberta | fROI=Lang_LH_IFGorb | layer=2 | mean r=-0.003
WITHIN     mdeberta | fROI=Lang_LH_IFGorb | layer=3 | mean r=-0.012
WITHIN     mdeberta | fROI=Lang_LH_IFGorb | layer=4 | mean r=-0.018
WITHIN     mdeberta | fROI=Lang_LH_IFGorb | layer=5 | mean r=0.002
WITHIN     mdeberta | fROI=Lang_LH_IFGorb | layer=6 | mean r=0.030
WITHIN     mdeberta | fROI=Lang_LH_IFGorb | layer=7 | mean r=0.048
WITHIN     mdeberta | fROI=Lang_LH_IFGorb | layer=8 | mean r=0.059
WITHIN     mdeberta | fROI=Lang_LH_IFGorb | layer=9 | mean r=0.074
WITHIN     mdeberta | fROI=Lang_LH_IFGorb | layer=10 | mean r=0.079
WITHIN     mdeberta | fROI=Lang_LH_IFGorb | layer=11 | mean r=0.134
WITHIN     mdeberta | fROI=Lang_LH_IFGorb | layer=12 | mean r=0.108


Processing Lang_LH_MFG (4/6)
WITHIN     mdeberta | fROI=Lang_LH_MFG | layer=0 | mean r=-0.044
WITHIN     mdeberta | fROI=Lang_LH_MFG | layer=1 | mean r=-0.038
WITHIN     mdeberta | fROI=Lang_LH_MFG | layer=2 | mean r=-0.043
WITHIN     mdeberta | fROI=Lang_LH_MFG | layer=3 | mean r=-0.020
WITHIN     mdeberta | fROI=Lang_LH_MFG | layer=4 | mean r=-0.004
WITHIN     mdeberta | fROI=Lang_LH_MFG | layer=5 | mean r=0.021
WITHIN     mdeberta | fROI=Lang_LH_MFG | layer=6 | mean r=0.035
WITHIN     mdeberta | fROI=Lang_LH_MFG | layer=7 | mean r=0.057
WITHIN     mdeberta | fROI=Lang_LH_MFG | layer=8 | mean r=0.057
WITHIN     mdeberta | fROI=Lang_LH_MFG | layer=9 | mean r=0.087
WITHIN     mdeberta | fROI=Lang_LH_MFG | layer=10 | mean r=0.114
WITHIN     mdeberta | fROI=Lang_LH_MFG | layer=11 | mean r=0.140
WITHIN     mdeberta | fROI=Lang_LH_MFG | layer=12 | mean r=0.101


Processing Lang_LH_PostTemp (5/6)
WITHIN     mdeberta | fROI=Lang_LH_PostTemp | layer=0 | mean r=0.042
WITHIN     mdeberta | fROI=Lang_LH_PostTemp | layer=1 | mean r=0.031
WITHIN     mdeberta | fROI=Lang_LH_PostTemp | layer=2 | mean r=0.043
WITHIN     mdeberta | fROI=Lang_LH_PostTemp | layer=3 | mean r=0.062
WITHIN     mdeberta | fROI=Lang_LH_PostTemp | layer=4 | mean r=0.093
WITHIN     mdeberta | fROI=Lang_LH_PostTemp | layer=5 | mean r=0.104
WITHIN     mdeberta | fROI=Lang_LH_PostTemp | layer=6 | mean r=0.096
WITHIN     mdeberta | fROI=Lang_LH_PostTemp | layer=7 | mean r=0.133
WITHIN     mdeberta | fROI=Lang_LH_PostTemp | layer=8 | mean r=0.129
WITHIN     mdeberta | fROI=Lang_LH_PostTemp | layer=9 | mean r=0.154
WITHIN     mdeberta | fROI=Lang_LH_PostTemp | layer=10 | mean r=0.164
WITHIN     mdeberta | fROI=Lang_LH_PostTemp | layer=11 | mean r=0.192
WITHIN     mdeberta | fROI=Lang_LH_PostTemp | layer=12 | mean r=0.097


Processing all (6/6)
WITHIN     mdeberta | fROI=all | layer=0 | mean r=0.020
WITHIN     mdeberta | fROI=all | layer=1 | mean r=0.023
WITHIN     mdeberta | fROI=all | layer=2 | mean r=0.020
WITHIN     mdeberta | fROI=all | layer=3 | mean r=0.040
WITHIN     mdeberta | fROI=all | layer=4 | mean r=0.042
WITHIN     mdeberta | fROI=all | layer=5 | mean r=0.078
WITHIN     mdeberta | fROI=all | layer=6 | mean r=0.074
WITHIN     mdeberta | fROI=all | layer=7 | mean r=0.097
WITHIN     mdeberta | fROI=all | layer=8 | mean r=0.100
WITHIN     mdeberta | fROI=all | layer=9 | mean r=0.132
WITHIN     mdeberta | fROI=all | layer=10 | mean r=0.143
WITHIN     mdeberta | fROI=all | layer=11 | mean r=0.210
WITHIN     mdeberta | fROI=all | layer=12 | mean r=0.131


Processing Lang_LH_AntTemp (1/6)
WITHIN     xlm_align | fROI=Lang_LH_AntTemp | layer=0 | mean r=0.065
WITHIN     xlm_align | fROI=Lang_LH_AntTemp | layer=1 | mean r=0.103
WITHIN     xlm_align | fROI=Lang_LH_AntTemp | layer=2 | mean r=0.129
WITHIN     xlm_align | fROI=Lang_LH_AntTemp | layer=3 | mean r=0.126
WITHIN     xlm_align | fROI=Lang_LH_AntTemp | layer=4 | mean r=0.122
WITHIN     xlm_align | fROI=Lang_LH_AntTemp | layer=5 | mean r=0.115
WITHIN     xlm_align | fROI=Lang_LH_AntTemp | layer=6 | mean r=0.159
WITHIN     xlm_align | fROI=Lang_LH_AntTemp | layer=7 | mean r=0.155
WITHIN     xlm_align | fROI=Lang_LH_AntTemp | layer=8 | mean r=0.191
WITHIN     xlm_align | fROI=Lang_LH_AntTemp | layer=9 | mean r=0.180
WITHIN     xlm_align | fROI=Lang_LH_AntTemp | layer=10 | mean r=0.179
WITHIN     xlm_align | fROI=Lang_LH_AntTemp | layer=11 | mean r=0.184
WITHIN     xlm_align | fROI=Lang_LH_AntTemp | layer=12 | mean r=0.179


Processing Lang_LH_IFG (2/6)
WITHIN     xlm_align | fROI=Lang_LH_IFG | layer=0 | mean r=0.025
WITHIN     xlm_align | fROI=Lang_LH_IFG | layer=1 | mean r=0.044
WITHIN     xlm_align | fROI=Lang_LH_IFG | layer=2 | mean r=0.068
WITHIN     xlm_align | fROI=Lang_LH_IFG | layer=3 | mean r=0.075
WITHIN     xlm_align | fROI=Lang_LH_IFG | layer=4 | mean r=0.091
WITHIN     xlm_align | fROI=Lang_LH_IFG | layer=5 | mean r=0.055
WITHIN     xlm_align | fROI=Lang_LH_IFG | layer=6 | mean r=0.099
WITHIN     xlm_align | fROI=Lang_LH_IFG | layer=7 | mean r=0.095
WITHIN     xlm_align | fROI=Lang_LH_IFG | layer=8 | mean r=0.106
WITHIN     xlm_align | fROI=Lang_LH_IFG | layer=9 | mean r=0.091
WITHIN     xlm_align | fROI=Lang_LH_IFG | layer=10 | mean r=0.072
WITHIN     xlm_align | fROI=Lang_LH_IFG | layer=11 | mean r=0.059
WITHIN     xlm_align | fROI=Lang_LH_IFG | layer=12 | mean r=0.098


Processing Lang_LH_IFGorb (3/6)
WITHIN     xlm_align | fROI=Lang_LH_IFGorb | layer=0 | mean r=0.009
WITHIN     xlm_align | fROI=Lang_LH_IFGorb | layer=1 | mean r=0.027
WITHIN     xlm_align | fROI=Lang_LH_IFGorb | layer=2 | mean r=0.056
WITHIN     xlm_align | fROI=Lang_LH_IFGorb | layer=3 | mean r=0.047
WITHIN     xlm_align | fROI=Lang_LH_IFGorb | layer=4 | mean r=0.055
WITHIN     xlm_align | fROI=Lang_LH_IFGorb | layer=5 | mean r=0.057
WITHIN     xlm_align | fROI=Lang_LH_IFGorb | layer=6 | mean r=0.082
WITHIN     xlm_align | fROI=Lang_LH_IFGorb | layer=7 | mean r=0.072
WITHIN     xlm_align | fROI=Lang_LH_IFGorb | layer=8 | mean r=0.086
WITHIN     xlm_align | fROI=Lang_LH_IFGorb | layer=9 | mean r=0.061
WITHIN     xlm_align | fROI=Lang_LH_IFGorb | layer=10 | mean r=0.085
WITHIN     xlm_align | fROI=Lang_LH_IFGorb | layer=11 | mean r=0.059
WITHIN     xlm_align | fROI=Lang_LH_IFGorb | layer=12 | mean r=0.072


Processing Lang_LH_MFG (4/6)
WITHIN     xlm_align | fROI=Lang_LH_MFG | layer=0 | mean r=-0.004
WITHIN     xlm_align | fROI=Lang_LH_MFG | layer=1 | mean r=0.026
WITHIN     xlm_align | fROI=Lang_LH_MFG | layer=2 | mean r=0.052
WITHIN     xlm_align | fROI=Lang_LH_MFG | layer=3 | mean r=0.053
WITHIN     xlm_align | fROI=Lang_LH_MFG | layer=4 | mean r=0.068
WITHIN     xlm_align | fROI=Lang_LH_MFG | layer=5 | mean r=0.050
WITHIN     xlm_align | fROI=Lang_LH_MFG | layer=6 | mean r=0.098
WITHIN     xlm_align | fROI=Lang_LH_MFG | layer=7 | mean r=0.080
WITHIN     xlm_align | fROI=Lang_LH_MFG | layer=8 | mean r=0.089
WITHIN     xlm_align | fROI=Lang_LH_MFG | layer=9 | mean r=0.075
WITHIN     xlm_align | fROI=Lang_LH_MFG | layer=10 | mean r=0.059
WITHIN     xlm_align | fROI=Lang_LH_MFG | layer=11 | mean r=0.082
WITHIN     xlm_align | fROI=Lang_LH_MFG | layer=12 | mean r=0.105


Processing Lang_LH_PostTemp (5/6)
WITHIN     xlm_align | fROI=Lang_LH_PostTemp | layer=0 | mean r=0.026
WITHIN     xlm_align | fROI=Lang_LH_PostTemp | layer=1 | mean r=0.055
WITHIN     xlm_align | fROI=Lang_LH_PostTemp | layer=2 | mean r=0.065
WITHIN     xlm_align | fROI=Lang_LH_PostTemp | layer=3 | mean r=0.107
WITHIN     xlm_align | fROI=Lang_LH_PostTemp | layer=4 | mean r=0.127
WITHIN     xlm_align | fROI=Lang_LH_PostTemp | layer=5 | mean r=0.119
WITHIN     xlm_align | fROI=Lang_LH_PostTemp | layer=6 | mean r=0.152
WITHIN     xlm_align | fROI=Lang_LH_PostTemp | layer=7 | mean r=0.134
WITHIN     xlm_align | fROI=Lang_LH_PostTemp | layer=8 | mean r=0.148
WITHIN     xlm_align | fROI=Lang_LH_PostTemp | layer=9 | mean r=0.150
WITHIN     xlm_align | fROI=Lang_LH_PostTemp | layer=10 | mean r=0.168
WITHIN     xlm_align | fROI=Lang_LH_PostTemp | layer=11 | mean r=0.168
WITHIN     xlm_align | fROI=Lang_LH_PostTemp | layer=12 | mean r=0.146


Processing all (6/6)
WITHIN     xlm_align | fROI=all | layer=0 | mean r=0.028
WITHIN     xlm_align | fROI=all | layer=1 | mean r=0.066
WITHIN     xlm_align | fROI=all | layer=2 | mean r=0.091
WITHIN     xlm_align | fROI=all | layer=3 | mean r=0.113
WITHIN     xlm_align | fROI=all | layer=4 | mean r=0.116
WITHIN     xlm_align | fROI=all | layer=5 | mean r=0.098
WITHIN     xlm_align | fROI=all | layer=6 | mean r=0.135
WITHIN     xlm_align | fROI=all | layer=7 | mean r=0.117
WITHIN     xlm_align | fROI=all | layer=8 | mean r=0.140
WITHIN     xlm_align | fROI=all | layer=9 | mean r=0.133
WITHIN     xlm_align | fROI=all | layer=10 | mean r=0.126
WITHIN     xlm_align | fROI=all | layer=11 | mean r=0.125
WITHIN     xlm_align | fROI=all | layer=12 | mean r=0.123


Processing Lang_LH_AntTemp (1/6)
WITHIN     infoxlm_base | fROI=Lang_LH_AntTemp | layer=0 | mean r=0.069
WITHIN     infoxlm_base | fROI=Lang_LH_AntTemp | layer=1 | mean r=0.109
WITHIN     infoxlm_base | fROI=Lang_LH_AntTemp | layer=2 | mean r=0.120
WITHIN     infoxlm_base | fROI=Lang_LH_AntTemp | layer=3 | mean r=0.145
WITHIN     infoxlm_base | fROI=Lang_LH_AntTemp | layer=4 | mean r=0.151
WITHIN     infoxlm_base | fROI=Lang_LH_AntTemp | layer=5 | mean r=0.176
WITHIN     infoxlm_base | fROI=Lang_LH_AntTemp | layer=6 | mean r=0.201
WITHIN     infoxlm_base | fROI=Lang_LH_AntTemp | layer=7 | mean r=0.213
WITHIN     infoxlm_base | fROI=Lang_LH_AntTemp | layer=8 | mean r=0.203
WITHIN     infoxlm_base | fROI=Lang_LH_AntTemp | layer=9 | mean r=0.189
WITHIN     infoxlm_base | fROI=Lang_LH_AntTemp | layer=10 | mean r=0.176
WITHIN     infoxlm_base | fROI=Lang_LH_AntTemp | layer=11 | mean r=0.206
WITHIN     infoxlm_base | fROI=Lang_LH_AntTemp | layer=12 | mean r=0.218


Processing Lang_LH_IFG (2/6)
WITHIN     infoxlm_base | fROI=Lang_LH_IFG | layer=0 | mean r=0.026
WITHIN     infoxlm_base | fROI=Lang_LH_IFG | layer=1 | mean r=0.054
WITHIN     infoxlm_base | fROI=Lang_LH_IFG | layer=2 | mean r=0.062
WITHIN     infoxlm_base | fROI=Lang_LH_IFG | layer=3 | mean r=0.078
WITHIN     infoxlm_base | fROI=Lang_LH_IFG | layer=4 | mean r=0.100
WITHIN     infoxlm_base | fROI=Lang_LH_IFG | layer=5 | mean r=0.103
WITHIN     infoxlm_base | fROI=Lang_LH_IFG | layer=6 | mean r=0.106
WITHIN     infoxlm_base | fROI=Lang_LH_IFG | layer=7 | mean r=0.116
WITHIN     infoxlm_base | fROI=Lang_LH_IFG | layer=8 | mean r=0.114
WITHIN     infoxlm_base | fROI=Lang_LH_IFG | layer=9 | mean r=0.105
WITHIN     infoxlm_base | fROI=Lang_LH_IFG | layer=10 | mean r=0.093
WITHIN     infoxlm_base | fROI=Lang_LH_IFG | layer=11 | mean r=0.102
WITHIN     infoxlm_base | fROI=Lang_LH_IFG | layer=12 | mean r=0.123


Processing Lang_LH_IFGorb (3/6)
WITHIN     infoxlm_base | fROI=Lang_LH_IFGorb | layer=0 | mean r=0.015
WITHIN     infoxlm_base | fROI=Lang_LH_IFGorb | layer=1 | mean r=0.030
WITHIN     infoxlm_base | fROI=Lang_LH_IFGorb | layer=2 | mean r=0.047
WITHIN     infoxlm_base | fROI=Lang_LH_IFGorb | layer=3 | mean r=0.047
WITHIN     infoxlm_base | fROI=Lang_LH_IFGorb | layer=4 | mean r=0.049
WITHIN     infoxlm_base | fROI=Lang_LH_IFGorb | layer=5 | mean r=0.085
WITHIN     infoxlm_base | fROI=Lang_LH_IFGorb | layer=6 | mean r=0.101
WITHIN     infoxlm_base | fROI=Lang_LH_IFGorb | layer=7 | mean r=0.094
WITHIN     infoxlm_base | fROI=Lang_LH_IFGorb | layer=8 | mean r=0.093
WITHIN     infoxlm_base | fROI=Lang_LH_IFGorb | layer=9 | mean r=0.078
WITHIN     infoxlm_base | fROI=Lang_LH_IFGorb | layer=10 | mean r=0.077
WITHIN     infoxlm_base | fROI=Lang_LH_IFGorb | layer=11 | mean r=0.076
WITHIN     infoxlm_base | fROI=Lang_LH_IFGorb | layer=12 | mean r=0.086


Processing Lang_LH_MFG (4/6)
WITHIN     infoxlm_base | fROI=Lang_LH_MFG | layer=0 | mean r=-0.000
WITHIN     infoxlm_base | fROI=Lang_LH_MFG | layer=1 | mean r=0.034
WITHIN     infoxlm_base | fROI=Lang_LH_MFG | layer=2 | mean r=0.061
WITHIN     infoxlm_base | fROI=Lang_LH_MFG | layer=3 | mean r=0.065
WITHIN     infoxlm_base | fROI=Lang_LH_MFG | layer=4 | mean r=0.075
WITHIN     infoxlm_base | fROI=Lang_LH_MFG | layer=5 | mean r=0.102
WITHIN     infoxlm_base | fROI=Lang_LH_MFG | layer=6 | mean r=0.113
WITHIN     infoxlm_base | fROI=Lang_LH_MFG | layer=7 | mean r=0.109
WITHIN     infoxlm_base | fROI=Lang_LH_MFG | layer=8 | mean r=0.119
WITHIN     infoxlm_base | fROI=Lang_LH_MFG | layer=9 | mean r=0.120
WITHIN     infoxlm_base | fROI=Lang_LH_MFG | layer=10 | mean r=0.112
WITHIN     infoxlm_base | fROI=Lang_LH_MFG | layer=11 | mean r=0.130
WITHIN     infoxlm_base | fROI=Lang_LH_MFG | layer=12 | mean r=0.187


Processing Lang_LH_PostTemp (5/6)
WITHIN     infoxlm_base | fROI=Lang_LH_PostTemp | layer=0 | mean r=0.029
WITHIN     infoxlm_base | fROI=Lang_LH_PostTemp | layer=1 | mean r=0.059
WITHIN     infoxlm_base | fROI=Lang_LH_PostTemp | layer=2 | mean r=0.073
WITHIN     infoxlm_base | fROI=Lang_LH_PostTemp | layer=3 | mean r=0.114
WITHIN     infoxlm_base | fROI=Lang_LH_PostTemp | layer=4 | mean r=0.150
WITHIN     infoxlm_base | fROI=Lang_LH_PostTemp | layer=5 | mean r=0.180
WITHIN     infoxlm_base | fROI=Lang_LH_PostTemp | layer=6 | mean r=0.175
WITHIN     infoxlm_base | fROI=Lang_LH_PostTemp | layer=7 | mean r=0.170
WITHIN     infoxlm_base | fROI=Lang_LH_PostTemp | layer=8 | mean r=0.167
WITHIN     infoxlm_base | fROI=Lang_LH_PostTemp | layer=9 | mean r=0.161
WITHIN     infoxlm_base | fROI=Lang_LH_PostTemp | layer=10 | mean r=0.163
WITHIN     infoxlm_base | fROI=Lang_LH_PostTemp | layer=11 | mean r=0.181
WITHIN     infoxlm_base | fROI=Lang_LH_PostTemp | layer=12 | mean r=0.180


Processing all (6/6)
WITHIN     infoxlm_base | fROI=all | layer=0 | mean r=0.039
WITHIN     infoxlm_base | fROI=all | layer=1 | mean r=0.064
WITHIN     infoxlm_base | fROI=all | layer=2 | mean r=0.092
WITHIN     infoxlm_base | fROI=all | layer=3 | mean r=0.128
WITHIN     infoxlm_base | fROI=all | layer=4 | mean r=0.130
WITHIN     infoxlm_base | fROI=all | layer=5 | mean r=0.153
WITHIN     infoxlm_base | fROI=all | layer=6 | mean r=0.155
WITHIN     infoxlm_base | fROI=all | layer=7 | mean r=0.163
WITHIN     infoxlm_base | fROI=all | layer=8 | mean r=0.169
WITHIN     infoxlm_base | fROI=all | layer=9 | mean r=0.149
WITHIN     infoxlm_base | fROI=all | layer=10 | mean r=0.164
WITHIN     infoxlm_base | fROI=all | layer=11 | mean r=0.173
WITHIN     infoxlm_base | fROI=all | layer=12 | mean r=0.180


Processing Lang_LH_AntTemp (1/6)
WITHIN     infoxlm_large | fROI=Lang_LH_AntTemp | layer=0 | mean r=0.060
WITHIN     infoxlm_large | fROI=Lang_LH_AntTemp | layer=1 | mean r=0.099
WITHIN     infoxlm_large | fROI=Lang_LH_AntTemp | layer=2 | mean r=0.094
WITHIN     infoxlm_large | fROI=Lang_LH_AntTemp | layer=3 | mean r=0.109
WITHIN     infoxlm_large | fROI=Lang_LH_AntTemp | layer=4 | mean r=0.110
WITHIN     infoxlm_large | fROI=Lang_LH_AntTemp | layer=5 | mean r=0.106
WITHIN     infoxlm_large | fROI=Lang_LH_AntTemp | layer=6 | mean r=0.125
WITHIN     infoxlm_large | fROI=Lang_LH_AntTemp | layer=7 | mean r=0.129
WITHIN     infoxlm_large | fROI=Lang_LH_AntTemp | layer=8 | mean r=0.150
WITHIN     infoxlm_large | fROI=Lang_LH_AntTemp | layer=9 | mean r=0.161
WITHIN     infoxlm_large | fROI=Lang_LH_AntTemp | layer=10 | mean r=0.178
WITHIN     infoxlm_large | fROI=Lang_LH_AntTemp | layer=11 | mean r=0.182
WITHIN     infoxlm_large | fROI=Lang_LH_AntTemp | layer=12 | mean r=0.177
WITHIN     infoxlm_large | fROI=Lang_LH_AntTemp | layer=13 | mean r=0.188
WITHIN     infoxlm_large | fROI=Lang_LH_AntTemp | layer=14 | mean r=0.184
WITHIN     infoxlm_large | fROI=Lang_LH_AntTemp | layer=15 | mean r=0.194
WITHIN     infoxlm_large | fROI=Lang_LH_AntTemp | layer=16 | mean r=0.203
WITHIN     infoxlm_large | fROI=Lang_LH_AntTemp | layer=17 | mean r=0.186
WITHIN     infoxlm_large | fROI=Lang_LH_AntTemp | layer=18 | mean r=0.191
WITHIN     infoxlm_large | fROI=Lang_LH_AntTemp | layer=19 | mean r=0.202
WITHIN     infoxlm_large | fROI=Lang_LH_AntTemp | layer=20 | mean r=0.199
WITHIN     infoxlm_large | fROI=Lang_LH_AntTemp | layer=21 | mean r=0.191
WITHIN     infoxlm_large | fROI=Lang_LH_AntTemp | layer=22 | mean r=0.212
WITHIN     infoxlm_large | fROI=Lang_LH_AntTemp | layer=23 | mean r=0.189
WITHIN     infoxlm_large | fROI=Lang_LH_AntTemp | layer=24 | mean r=0.225


Processing Lang_LH_IFG (2/6)
WITHIN     infoxlm_large | fROI=Lang_LH_IFG | layer=0 | mean r=0.008
WITHIN     infoxlm_large | fROI=Lang_LH_IFG | layer=1 | mean r=0.022
WITHIN     infoxlm_large | fROI=Lang_LH_IFG | layer=2 | mean r=0.019
WITHIN     infoxlm_large | fROI=Lang_LH_IFG | layer=3 | mean r=0.043
WITHIN     infoxlm_large | fROI=Lang_LH_IFG | layer=4 | mean r=0.043
WITHIN     infoxlm_large | fROI=Lang_LH_IFG | layer=5 | mean r=0.036
WITHIN     infoxlm_large | fROI=Lang_LH_IFG | layer=6 | mean r=0.048
WITHIN     infoxlm_large | fROI=Lang_LH_IFG | layer=7 | mean r=0.051
WITHIN     infoxlm_large | fROI=Lang_LH_IFG | layer=8 | mean r=0.078
WITHIN     infoxlm_large | fROI=Lang_LH_IFG | layer=9 | mean r=0.095
WITHIN     infoxlm_large | fROI=Lang_LH_IFG | layer=10 | mean r=0.079
WITHIN     infoxlm_large | fROI=Lang_LH_IFG | layer=11 | mean r=0.093
WITHIN     infoxlm_large | fROI=Lang_LH_IFG | layer=12 | mean r=0.123
WITHIN     infoxlm_large | fROI=Lang_LH_IFG | layer=13 | mean r=0.139
WITHIN     infoxlm_large | fROI=Lang_LH_IFG | layer=14 | mean r=0.143
WITHIN     infoxlm_large | fROI=Lang_LH_IFG | layer=15 | mean r=0.142
WITHIN     infoxlm_large | fROI=Lang_LH_IFG | layer=16 | mean r=0.144
WITHIN     infoxlm_large | fROI=Lang_LH_IFG | layer=17 | mean r=0.123
WITHIN     infoxlm_large | fROI=Lang_LH_IFG | layer=18 | mean r=0.120
WITHIN     infoxlm_large | fROI=Lang_LH_IFG | layer=19 | mean r=0.109
WITHIN     infoxlm_large | fROI=Lang_LH_IFG | layer=20 | mean r=0.085
WITHIN     infoxlm_large | fROI=Lang_LH_IFG | layer=21 | mean r=0.068
WITHIN     infoxlm_large | fROI=Lang_LH_IFG | layer=22 | mean r=0.079
WITHIN     infoxlm_large | fROI=Lang_LH_IFG | layer=23 | mean r=0.066
WITHIN     infoxlm_large | fROI=Lang_LH_IFG | layer=24 | mean r=0.100


Processing Lang_LH_IFGorb (3/6)
WITHIN     infoxlm_large | fROI=Lang_LH_IFGorb | layer=0 | mean r=0.054
WITHIN     infoxlm_large | fROI=Lang_LH_IFGorb | layer=1 | mean r=0.058
WITHIN     infoxlm_large | fROI=Lang_LH_IFGorb | layer=2 | mean r=0.065
WITHIN     infoxlm_large | fROI=Lang_LH_IFGorb | layer=3 | mean r=0.070
WITHIN     infoxlm_large | fROI=Lang_LH_IFGorb | layer=4 | mean r=0.065
WITHIN     infoxlm_large | fROI=Lang_LH_IFGorb | layer=5 | mean r=0.068
WITHIN     infoxlm_large | fROI=Lang_LH_IFGorb | layer=6 | mean r=0.084
WITHIN     infoxlm_large | fROI=Lang_LH_IFGorb | layer=7 | mean r=0.077
WITHIN     infoxlm_large | fROI=Lang_LH_IFGorb | layer=8 | mean r=0.066
WITHIN     infoxlm_large | fROI=Lang_LH_IFGorb | layer=9 | mean r=0.102
WITHIN     infoxlm_large | fROI=Lang_LH_IFGorb | layer=10 | mean r=0.097
WITHIN     infoxlm_large | fROI=Lang_LH_IFGorb | layer=11 | mean r=0.095
WITHIN     infoxlm_large | fROI=Lang_LH_IFGorb | layer=12 | mean r=0.103
WITHIN     infoxlm_large | fROI=Lang_LH_IFGorb | layer=13 | mean r=0.108
WITHIN     infoxlm_large | fROI=Lang_LH_IFGorb | layer=14 | mean r=0.116
WITHIN     infoxlm_large | fROI=Lang_LH_IFGorb | layer=15 | mean r=0.115
WITHIN     infoxlm_large | fROI=Lang_LH_IFGorb | layer=16 | mean r=0.130
WITHIN     infoxlm_large | fROI=Lang_LH_IFGorb | layer=17 | mean r=0.105
WITHIN     infoxlm_large | fROI=Lang_LH_IFGorb | layer=18 | mean r=0.113
WITHIN     infoxlm_large | fROI=Lang_LH_IFGorb | layer=19 | mean r=0.119
WITHIN     infoxlm_large | fROI=Lang_LH_IFGorb | layer=20 | mean r=0.069
WITHIN     infoxlm_large | fROI=Lang_LH_IFGorb | layer=21 | mean r=0.072
WITHIN     infoxlm_large | fROI=Lang_LH_IFGorb | layer=22 | mean r=0.084
WITHIN     infoxlm_large | fROI=Lang_LH_IFGorb | layer=23 | mean r=0.061
WITHIN     infoxlm_large | fROI=Lang_LH_IFGorb | layer=24 | mean r=0.065


Processing Lang_LH_MFG (4/6)
WITHIN     infoxlm_large | fROI=Lang_LH_MFG | layer=0 | mean r=-0.002
WITHIN     infoxlm_large | fROI=Lang_LH_MFG | layer=1 | mean r=0.022
WITHIN     infoxlm_large | fROI=Lang_LH_MFG | layer=2 | mean r=0.030
WITHIN     infoxlm_large | fROI=Lang_LH_MFG | layer=3 | mean r=0.049
WITHIN     infoxlm_large | fROI=Lang_LH_MFG | layer=4 | mean r=0.035
WITHIN     infoxlm_large | fROI=Lang_LH_MFG | layer=5 | mean r=0.033
WITHIN     infoxlm_large | fROI=Lang_LH_MFG | layer=6 | mean r=0.067
WITHIN     infoxlm_large | fROI=Lang_LH_MFG | layer=7 | mean r=0.069
WITHIN     infoxlm_large | fROI=Lang_LH_MFG | layer=8 | mean r=0.071
WITHIN     infoxlm_large | fROI=Lang_LH_MFG | layer=9 | mean r=0.125
WITHIN     infoxlm_large | fROI=Lang_LH_MFG | layer=10 | mean r=0.114
WITHIN     infoxlm_large | fROI=Lang_LH_MFG | layer=11 | mean r=0.115
WITHIN     infoxlm_large | fROI=Lang_LH_MFG | layer=12 | mean r=0.146
WITHIN     infoxlm_large | fROI=Lang_LH_MFG | layer=13 | mean r=0.147
WITHIN     infoxlm_large | fROI=Lang_LH_MFG | layer=14 | mean r=0.158
WITHIN     infoxlm_large | fROI=Lang_LH_MFG | layer=15 | mean r=0.183
WITHIN     infoxlm_large | fROI=Lang_LH_MFG | layer=16 | mean r=0.170
WITHIN     infoxlm_large | fROI=Lang_LH_MFG | layer=17 | mean r=0.156
WITHIN     infoxlm_large | fROI=Lang_LH_MFG | layer=18 | mean r=0.165
WITHIN     infoxlm_large | fROI=Lang_LH_MFG | layer=19 | mean r=0.160
WITHIN     infoxlm_large | fROI=Lang_LH_MFG | layer=20 | mean r=0.138
WITHIN     infoxlm_large | fROI=Lang_LH_MFG | layer=21 | mean r=0.110
WITHIN     infoxlm_large | fROI=Lang_LH_MFG | layer=22 | mean r=0.114
WITHIN     infoxlm_large | fROI=Lang_LH_MFG | layer=23 | mean r=0.134
WITHIN     infoxlm_large | fROI=Lang_LH_MFG | layer=24 | mean r=0.128


Processing Lang_LH_PostTemp (5/6)
WITHIN     infoxlm_large | fROI=Lang_LH_PostTemp | layer=0 | mean r=0.049
WITHIN     infoxlm_large | fROI=Lang_LH_PostTemp | layer=1 | mean r=0.058
WITHIN     infoxlm_large | fROI=Lang_LH_PostTemp | layer=2 | mean r=0.052
WITHIN     infoxlm_large | fROI=Lang_LH_PostTemp | layer=3 | mean r=0.067
WITHIN     infoxlm_large | fROI=Lang_LH_PostTemp | layer=4 | mean r=0.077
WITHIN     infoxlm_large | fROI=Lang_LH_PostTemp | layer=5 | mean r=0.083
WITHIN     infoxlm_large | fROI=Lang_LH_PostTemp | layer=6 | mean r=0.109
WITHIN     infoxlm_large | fROI=Lang_LH_PostTemp | layer=7 | mean r=0.115
WITHIN     infoxlm_large | fROI=Lang_LH_PostTemp | layer=8 | mean r=0.125
WITHIN     infoxlm_large | fROI=Lang_LH_PostTemp | layer=9 | mean r=0.119
WITHIN     infoxlm_large | fROI=Lang_LH_PostTemp | layer=10 | mean r=0.152
WITHIN     infoxlm_large | fROI=Lang_LH_PostTemp | layer=11 | mean r=0.161
WITHIN     infoxlm_large | fROI=Lang_LH_PostTemp | layer=12 | mean r=0.151
WITHIN     infoxlm_large | fROI=Lang_LH_PostTemp | layer=13 | mean r=0.198
WITHIN     infoxlm_large | fROI=Lang_LH_PostTemp | layer=14 | mean r=0.177
WITHIN     infoxlm_large | fROI=Lang_LH_PostTemp | layer=15 | mean r=0.217
WITHIN     infoxlm_large | fROI=Lang_LH_PostTemp | layer=16 | mean r=0.198
WITHIN     infoxlm_large | fROI=Lang_LH_PostTemp | layer=17 | mean r=0.162
WITHIN     infoxlm_large | fROI=Lang_LH_PostTemp | layer=18 | mean r=0.176
WITHIN     infoxlm_large | fROI=Lang_LH_PostTemp | layer=19 | mean r=0.179
WITHIN     infoxlm_large | fROI=Lang_LH_PostTemp | layer=20 | mean r=0.158
WITHIN     infoxlm_large | fROI=Lang_LH_PostTemp | layer=21 | mean r=0.130
WITHIN     infoxlm_large | fROI=Lang_LH_PostTemp | layer=22 | mean r=0.172
WITHIN     infoxlm_large | fROI=Lang_LH_PostTemp | layer=23 | mean r=0.161
WITHIN     infoxlm_large | fROI=Lang_LH_PostTemp | layer=24 | mean r=0.180


Processing all (6/6)
WITHIN     infoxlm_large | fROI=all | layer=0 | mean r=0.044
WITHIN     infoxlm_large | fROI=all | layer=1 | mean r=0.061
WITHIN     infoxlm_large | fROI=all | layer=2 | mean r=0.069
WITHIN     infoxlm_large | fROI=all | layer=3 | mean r=0.082
WITHIN     infoxlm_large | fROI=all | layer=4 | mean r=0.095
WITHIN     infoxlm_large | fROI=all | layer=5 | mean r=0.096
WITHIN     infoxlm_large | fROI=all | layer=6 | mean r=0.115
WITHIN     infoxlm_large | fROI=all | layer=7 | mean r=0.109
WITHIN     infoxlm_large | fROI=all | layer=8 | mean r=0.129
WITHIN     infoxlm_large | fROI=all | layer=9 | mean r=0.137
WITHIN     infoxlm_large | fROI=all | layer=10 | mean r=0.149
WITHIN     infoxlm_large | fROI=all | layer=11 | mean r=0.174
WITHIN     infoxlm_large | fROI=all | layer=12 | mean r=0.165
WITHIN     infoxlm_large | fROI=all | layer=13 | mean r=0.177
WITHIN     infoxlm_large | fROI=all | layer=14 | mean r=0.185
WITHIN     infoxlm_large | fROI=all | layer=15 | mean r=0.190
WITHIN     infoxlm_large | fROI=all | layer=16 | mean r=0.193
WITHIN     infoxlm_large | fROI=all | layer=17 | mean r=0.173
WITHIN     infoxlm_large | fROI=all | layer=18 | mean r=0.163
WITHIN     infoxlm_large | fROI=all | layer=19 | mean r=0.175
WITHIN     infoxlm_large | fROI=all | layer=20 | mean r=0.154
WITHIN     infoxlm_large | fROI=all | layer=21 | mean r=0.120
WITHIN     infoxlm_large | fROI=all | layer=22 | mean r=0.147
WITHIN     infoxlm_large | fROI=all | layer=23 | mean r=0.143
WITHIN     infoxlm_large | fROI=all | layer=24 | mean r=0.162


Processing Lang_LH_AntTemp (1/6)
WITHIN     multiminilm | fROI=Lang_LH_AntTemp | layer=0 | mean r=0.104
WITHIN     multiminilm | fROI=Lang_LH_AntTemp | layer=1 | mean r=0.089
WITHIN     multiminilm | fROI=Lang_LH_AntTemp | layer=2 | mean r=0.109
WITHIN     multiminilm | fROI=Lang_LH_AntTemp | layer=3 | mean r=0.125
WITHIN     multiminilm | fROI=Lang_LH_AntTemp | layer=4 | mean r=0.135
WITHIN     multiminilm | fROI=Lang_LH_AntTemp | layer=5 | mean r=0.147
WITHIN     multiminilm | fROI=Lang_LH_AntTemp | layer=6 | mean r=0.149
WITHIN     multiminilm | fROI=Lang_LH_AntTemp | layer=7 | mean r=0.150
WITHIN     multiminilm | fROI=Lang_LH_AntTemp | layer=8 | mean r=0.140
WITHIN     multiminilm | fROI=Lang_LH_AntTemp | layer=9 | mean r=0.150
WITHIN     multiminilm | fROI=Lang_LH_AntTemp | layer=10 | mean r=0.132
WITHIN     multiminilm | fROI=Lang_LH_AntTemp | layer=11 | mean r=0.137
WITHIN     multiminilm | fROI=Lang_LH_AntTemp | layer=12 | mean r=0.137


Processing Lang_LH_IFG (2/6)
WITHIN     multiminilm | fROI=Lang_LH_IFG | layer=0 | mean r=0.055
WITHIN     multiminilm | fROI=Lang_LH_IFG | layer=1 | mean r=0.059
WITHIN     multiminilm | fROI=Lang_LH_IFG | layer=2 | mean r=0.079
WITHIN     multiminilm | fROI=Lang_LH_IFG | layer=3 | mean r=0.053
WITHIN     multiminilm | fROI=Lang_LH_IFG | layer=4 | mean r=0.054
WITHIN     multiminilm | fROI=Lang_LH_IFG | layer=5 | mean r=0.061
WITHIN     multiminilm | fROI=Lang_LH_IFG | layer=6 | mean r=0.049
WITHIN     multiminilm | fROI=Lang_LH_IFG | layer=7 | mean r=0.051
WITHIN     multiminilm | fROI=Lang_LH_IFG | layer=8 | mean r=0.068
WITHIN     multiminilm | fROI=Lang_LH_IFG | layer=9 | mean r=0.065
WITHIN     multiminilm | fROI=Lang_LH_IFG | layer=10 | mean r=0.053
WITHIN     multiminilm | fROI=Lang_LH_IFG | layer=11 | mean r=0.066
WITHIN     multiminilm | fROI=Lang_LH_IFG | layer=12 | mean r=0.064


Processing Lang_LH_IFGorb (3/6)
WITHIN     multiminilm | fROI=Lang_LH_IFGorb | layer=0 | mean r=0.020
WITHIN     multiminilm | fROI=Lang_LH_IFGorb | layer=1 | mean r=0.027
WITHIN     multiminilm | fROI=Lang_LH_IFGorb | layer=2 | mean r=0.033
WITHIN     multiminilm | fROI=Lang_LH_IFGorb | layer=3 | mean r=0.021
WITHIN     multiminilm | fROI=Lang_LH_IFGorb | layer=4 | mean r=0.036
WITHIN     multiminilm | fROI=Lang_LH_IFGorb | layer=5 | mean r=0.028
WITHIN     multiminilm | fROI=Lang_LH_IFGorb | layer=6 | mean r=0.052
WITHIN     multiminilm | fROI=Lang_LH_IFGorb | layer=7 | mean r=0.045
WITHIN     multiminilm | fROI=Lang_LH_IFGorb | layer=8 | mean r=0.074
WITHIN     multiminilm | fROI=Lang_LH_IFGorb | layer=9 | mean r=0.069
WITHIN     multiminilm | fROI=Lang_LH_IFGorb | layer=10 | mean r=0.041
WITHIN     multiminilm | fROI=Lang_LH_IFGorb | layer=11 | mean r=0.039
WITHIN     multiminilm | fROI=Lang_LH_IFGorb | layer=12 | mean r=0.041


Processing Lang_LH_MFG (4/6)
WITHIN     multiminilm | fROI=Lang_LH_MFG | layer=0 | mean r=0.017
WITHIN     multiminilm | fROI=Lang_LH_MFG | layer=1 | mean r=0.006
WITHIN     multiminilm | fROI=Lang_LH_MFG | layer=2 | mean r=0.018
WITHIN     multiminilm | fROI=Lang_LH_MFG | layer=3 | mean r=0.020
WITHIN     multiminilm | fROI=Lang_LH_MFG | layer=4 | mean r=0.039
WITHIN     multiminilm | fROI=Lang_LH_MFG | layer=5 | mean r=0.029
WITHIN     multiminilm | fROI=Lang_LH_MFG | layer=6 | mean r=0.030
WITHIN     multiminilm | fROI=Lang_LH_MFG | layer=7 | mean r=0.032
WITHIN     multiminilm | fROI=Lang_LH_MFG | layer=8 | mean r=0.033
WITHIN     multiminilm | fROI=Lang_LH_MFG | layer=9 | mean r=0.054
WITHIN     multiminilm | fROI=Lang_LH_MFG | layer=10 | mean r=0.047
WITHIN     multiminilm | fROI=Lang_LH_MFG | layer=11 | mean r=0.051
WITHIN     multiminilm | fROI=Lang_LH_MFG | layer=12 | mean r=0.050


Processing Lang_LH_PostTemp (5/6)
WITHIN     multiminilm | fROI=Lang_LH_PostTemp | layer=0 | mean r=0.077
WITHIN     multiminilm | fROI=Lang_LH_PostTemp | layer=1 | mean r=0.062
WITHIN     multiminilm | fROI=Lang_LH_PostTemp | layer=2 | mean r=0.070
WITHIN     multiminilm | fROI=Lang_LH_PostTemp | layer=3 | mean r=0.072
WITHIN     multiminilm | fROI=Lang_LH_PostTemp | layer=4 | mean r=0.096
WITHIN     multiminilm | fROI=Lang_LH_PostTemp | layer=5 | mean r=0.112
WITHIN     multiminilm | fROI=Lang_LH_PostTemp | layer=6 | mean r=0.098
WITHIN     multiminilm | fROI=Lang_LH_PostTemp | layer=7 | mean r=0.125
WITHIN     multiminilm | fROI=Lang_LH_PostTemp | layer=8 | mean r=0.126
WITHIN     multiminilm | fROI=Lang_LH_PostTemp | layer=9 | mean r=0.143
WITHIN     multiminilm | fROI=Lang_LH_PostTemp | layer=10 | mean r=0.116
WITHIN     multiminilm | fROI=Lang_LH_PostTemp | layer=11 | mean r=0.103
WITHIN     multiminilm | fROI=Lang_LH_PostTemp | layer=12 | mean r=0.112


Processing all (6/6)
WITHIN     multiminilm | fROI=all | layer=0 | mean r=0.074
WITHIN     multiminilm | fROI=all | layer=1 | mean r=0.074
WITHIN     multiminilm | fROI=all | layer=2 | mean r=0.073
WITHIN     multiminilm | fROI=all | layer=3 | mean r=0.072
WITHIN     multiminilm | fROI=all | layer=4 | mean r=0.105
WITHIN     multiminilm | fROI=all | layer=5 | mean r=0.107
WITHIN     multiminilm | fROI=all | layer=6 | mean r=0.109
WITHIN     multiminilm | fROI=all | layer=7 | mean r=0.108
WITHIN     multiminilm | fROI=all | layer=8 | mean r=0.115
WITHIN     multiminilm | fROI=all | layer=9 | mean r=0.122
WITHIN     multiminilm | fROI=all | layer=10 | mean r=0.101
WITHIN     multiminilm | fROI=all | layer=11 | mean r=0.110
WITHIN     multiminilm | fROI=all | layer=12 | mean r=0.111


Processing Lang_LH_AntTemp (1/6)
WITHIN     nllb200_distilled_600M | fROI=Lang_LH_AntTemp | layer=0 | mean r=0.040
WITHIN     nllb200_distilled_600M | fROI=Lang_LH_AntTemp | layer=1 | mean r=0.098
WITHIN     nllb200_distilled_600M | fROI=Lang_LH_AntTemp | layer=2 | mean r=0.110
WITHIN     nllb200_distilled_600M | fROI=Lang_LH_AntTemp | layer=3 | mean r=0.110
WITHIN     nllb200_distilled_600M | fROI=Lang_LH_AntTemp | layer=4 | mean r=0.105
WITHIN     nllb200_distilled_600M | fROI=Lang_LH_AntTemp | layer=5 | mean r=0.107
WITHIN     nllb200_distilled_600M | fROI=Lang_LH_AntTemp | layer=6 | mean r=0.093
WITHIN     nllb200_distilled_600M | fROI=Lang_LH_AntTemp | layer=7 | mean r=0.097
WITHIN     nllb200_distilled_600M | fROI=Lang_LH_AntTemp | layer=8 | mean r=0.102
WITHIN     nllb200_distilled_600M | fROI=Lang_LH_AntTemp | layer=9 | mean r=0.110
WITHIN     nllb200_distilled_600M | fROI=Lang_LH_AntTemp | layer=10 | mean r=0.137
WITHIN     nllb200_distilled_600M | fROI=Lang_LH_AntTemp | layer=11 | mean r=0.125
WITHIN     nllb200_distilled_600M | fROI=Lang_LH_AntTemp | layer=12 | mean r=0.109


Processing Lang_LH_IFG (2/6)
WITHIN     nllb200_distilled_600M | fROI=Lang_LH_IFG | layer=0 | mean r=0.025
WITHIN     nllb200_distilled_600M | fROI=Lang_LH_IFG | layer=1 | mean r=0.050
WITHIN     nllb200_distilled_600M | fROI=Lang_LH_IFG | layer=2 | mean r=0.048
WITHIN     nllb200_distilled_600M | fROI=Lang_LH_IFG | layer=3 | mean r=0.035
WITHIN     nllb200_distilled_600M | fROI=Lang_LH_IFG | layer=4 | mean r=0.032
WITHIN     nllb200_distilled_600M | fROI=Lang_LH_IFG | layer=5 | mean r=0.025
WITHIN     nllb200_distilled_600M | fROI=Lang_LH_IFG | layer=6 | mean r=0.013
WITHIN     nllb200_distilled_600M | fROI=Lang_LH_IFG | layer=7 | mean r=0.009
WITHIN     nllb200_distilled_600M | fROI=Lang_LH_IFG | layer=8 | mean r=0.019
WITHIN     nllb200_distilled_600M | fROI=Lang_LH_IFG | layer=9 | mean r=0.028
WITHIN     nllb200_distilled_600M | fROI=Lang_LH_IFG | layer=10 | mean r=0.045
WITHIN     nllb200_distilled_600M | fROI=Lang_LH_IFG | layer=11 | mean r=0.012
WITHIN     nllb200_distilled_600M | fROI=Lang_LH_IFG | layer=12 | mean r=-0.006


Processing Lang_LH_IFGorb (3/6)
WITHIN     nllb200_distilled_600M | fROI=Lang_LH_IFGorb | layer=0 | mean r=0.033
WITHIN     nllb200_distilled_600M | fROI=Lang_LH_IFGorb | layer=1 | mean r=0.070
WITHIN     nllb200_distilled_600M | fROI=Lang_LH_IFGorb | layer=2 | mean r=0.076
WITHIN     nllb200_distilled_600M | fROI=Lang_LH_IFGorb | layer=3 | mean r=0.070
WITHIN     nllb200_distilled_600M | fROI=Lang_LH_IFGorb | layer=4 | mean r=0.077
WITHIN     nllb200_distilled_600M | fROI=Lang_LH_IFGorb | layer=5 | mean r=0.068
WITHIN     nllb200_distilled_600M | fROI=Lang_LH_IFGorb | layer=6 | mean r=0.054
WITHIN     nllb200_distilled_600M | fROI=Lang_LH_IFGorb | layer=7 | mean r=0.050
WITHIN     nllb200_distilled_600M | fROI=Lang_LH_IFGorb | layer=8 | mean r=0.047
WITHIN     nllb200_distilled_600M | fROI=Lang_LH_IFGorb | layer=9 | mean r=0.045
WITHIN     nllb200_distilled_600M | fROI=Lang_LH_IFGorb | layer=10 | mean r=0.059
WITHIN     nllb200_distilled_600M | fROI=Lang_LH_IFGorb | layer=11 | mean r=0.051
WITHIN     nllb200_distilled_600M | fROI=Lang_LH_IFGorb | layer=12 | mean r=0.033


Processing Lang_LH_MFG (4/6)
WITHIN     nllb200_distilled_600M | fROI=Lang_LH_MFG | layer=0 | mean r=0.005
WITHIN     nllb200_distilled_600M | fROI=Lang_LH_MFG | layer=1 | mean r=0.050
WITHIN     nllb200_distilled_600M | fROI=Lang_LH_MFG | layer=2 | mean r=0.040
WITHIN     nllb200_distilled_600M | fROI=Lang_LH_MFG | layer=3 | mean r=0.026
WITHIN     nllb200_distilled_600M | fROI=Lang_LH_MFG | layer=4 | mean r=0.026
WITHIN     nllb200_distilled_600M | fROI=Lang_LH_MFG | layer=5 | mean r=0.013
WITHIN     nllb200_distilled_600M | fROI=Lang_LH_MFG | layer=6 | mean r=0.033
WITHIN     nllb200_distilled_600M | fROI=Lang_LH_MFG | layer=7 | mean r=0.013
WITHIN     nllb200_distilled_600M | fROI=Lang_LH_MFG | layer=8 | mean r=0.016
WITHIN     nllb200_distilled_600M | fROI=Lang_LH_MFG | layer=9 | mean r=0.038
WITHIN     nllb200_distilled_600M | fROI=Lang_LH_MFG | layer=10 | mean r=0.052
WITHIN     nllb200_distilled_600M | fROI=Lang_LH_MFG | layer=11 | mean r=0.038
WITHIN     nllb200_distilled_600M | fROI=Lang_LH_MFG | layer=12 | mean r=0.014


Processing Lang_LH_PostTemp (5/6)
WITHIN     nllb200_distilled_600M | fROI=Lang_LH_PostTemp | layer=0 | mean r=0.049
WITHIN     nllb200_distilled_600M | fROI=Lang_LH_PostTemp | layer=1 | mean r=0.068
WITHIN     nllb200_distilled_600M | fROI=Lang_LH_PostTemp | layer=2 | mean r=0.067
WITHIN     nllb200_distilled_600M | fROI=Lang_LH_PostTemp | layer=3 | mean r=0.072
WITHIN     nllb200_distilled_600M | fROI=Lang_LH_PostTemp | layer=4 | mean r=0.078
WITHIN     nllb200_distilled_600M | fROI=Lang_LH_PostTemp | layer=5 | mean r=0.065
WITHIN     nllb200_distilled_600M | fROI=Lang_LH_PostTemp | layer=6 | mean r=0.048
WITHIN     nllb200_distilled_600M | fROI=Lang_LH_PostTemp | layer=7 | mean r=0.044
WITHIN     nllb200_distilled_600M | fROI=Lang_LH_PostTemp | layer=8 | mean r=0.074
WITHIN     nllb200_distilled_600M | fROI=Lang_LH_PostTemp | layer=9 | mean r=0.090
WITHIN     nllb200_distilled_600M | fROI=Lang_LH_PostTemp | layer=10 | mean r=0.112
WITHIN     nllb200_distilled_600M | fROI=Lang_LH_PostTemp | layer=11 | mean r=0.108
WITHIN     nllb200_distilled_600M | fROI=Lang_LH_PostTemp | layer=12 | mean r=0.106


Processing all (6/6)
WITHIN     nllb200_distilled_600M | fROI=all | layer=0 | mean r=0.035
WITHIN     nllb200_distilled_600M | fROI=all | layer=1 | mean r=0.085
WITHIN     nllb200_distilled_600M | fROI=all | layer=2 | mean r=0.077
WITHIN     nllb200_distilled_600M | fROI=all | layer=3 | mean r=0.074
WITHIN     nllb200_distilled_600M | fROI=all | layer=4 | mean r=0.084
WITHIN     nllb200_distilled_600M | fROI=all | layer=5 | mean r=0.076
WITHIN     nllb200_distilled_600M | fROI=all | layer=6 | mean r=0.063
WITHIN     nllb200_distilled_600M | fROI=all | layer=7 | mean r=0.048
WITHIN     nllb200_distilled_600M | fROI=all | layer=8 | mean r=0.056
WITHIN     nllb200_distilled_600M | fROI=all | layer=9 | mean r=0.065
WITHIN     nllb200_distilled_600M | fROI=all | layer=10 | mean r=0.086
WITHIN     nllb200_distilled_600M | fROI=all | layer=11 | mean r=0.061
WITHIN     nllb200_distilled_600M | fROI=all | layer=12 | mean r=0.047


Processing Lang_LH_AntTemp (1/6)
WITHIN     nllb200_distilled_1B | fROI=Lang_LH_AntTemp | layer=0 | mean r=0.037
WITHIN     nllb200_distilled_1B | fROI=Lang_LH_AntTemp | layer=1 | mean r=0.088
WITHIN     nllb200_distilled_1B | fROI=Lang_LH_AntTemp | layer=2 | mean r=0.101
WITHIN     nllb200_distilled_1B | fROI=Lang_LH_AntTemp | layer=3 | mean r=0.092
WITHIN     nllb200_distilled_1B | fROI=Lang_LH_AntTemp | layer=4 | mean r=0.108
WITHIN     nllb200_distilled_1B | fROI=Lang_LH_AntTemp | layer=5 | mean r=0.122
WITHIN     nllb200_distilled_1B | fROI=Lang_LH_AntTemp | layer=6 | mean r=0.107
WITHIN     nllb200_distilled_1B | fROI=Lang_LH_AntTemp | layer=7 | mean r=0.107
WITHIN     nllb200_distilled_1B | fROI=Lang_LH_AntTemp | layer=8 | mean r=0.117
WITHIN     nllb200_distilled_1B | fROI=Lang_LH_AntTemp | layer=9 | mean r=0.124
WITHIN     nllb200_distilled_1B | fROI=Lang_LH_AntTemp | layer=10 | mean r=0.127
WITHIN     nllb200_distilled_1B | fROI=Lang_LH_AntTemp | layer=11 | mean r=0.155
WITHIN     nllb200_distilled_1B | fROI=Lang_LH_AntTemp | layer=12 | mean r=0.158
WITHIN     nllb200_distilled_1B | fROI=Lang_LH_AntTemp | layer=13 | mean r=0.158
WITHIN     nllb200_distilled_1B | fROI=Lang_LH_AntTemp | layer=14 | mean r=0.163
WITHIN     nllb200_distilled_1B | fROI=Lang_LH_AntTemp | layer=15 | mean r=0.162
WITHIN     nllb200_distilled_1B | fROI=Lang_LH_AntTemp | layer=16 | mean r=0.159
WITHIN     nllb200_distilled_1B | fROI=Lang_LH_AntTemp | layer=17 | mean r=0.166
WITHIN     nllb200_distilled_1B | fROI=Lang_LH_AntTemp | layer=18 | mean r=0.156
WITHIN     nllb200_distilled_1B | fROI=Lang_LH_AntTemp | layer=19 | mean r=0.156
WITHIN     nllb200_distilled_1B | fROI=Lang_LH_AntTemp | layer=20 | mean r=0.148
WITHIN     nllb200_distilled_1B | fROI=Lang_LH_AntTemp | layer=21 | mean r=0.138
WITHIN     nllb200_distilled_1B | fROI=Lang_LH_AntTemp | layer=22 | mean r=0.128
WITHIN     nllb200_distilled_1B | fROI=Lang_LH_AntTemp | layer=23 | mean r=0.123
WITHIN     nllb200_distilled_1B | fROI=Lang_LH_AntTemp | layer=24 | mean r=0.135


Processing Lang_LH_IFG (2/6)
WITHIN     nllb200_distilled_1B | fROI=Lang_LH_IFG | layer=0 | mean r=0.018
WITHIN     nllb200_distilled_1B | fROI=Lang_LH_IFG | layer=1 | mean r=0.063
WITHIN     nllb200_distilled_1B | fROI=Lang_LH_IFG | layer=2 | mean r=0.084
WITHIN     nllb200_distilled_1B | fROI=Lang_LH_IFG | layer=3 | mean r=0.080
WITHIN     nllb200_distilled_1B | fROI=Lang_LH_IFG | layer=4 | mean r=0.072
WITHIN     nllb200_distilled_1B | fROI=Lang_LH_IFG | layer=5 | mean r=0.060
WITHIN     nllb200_distilled_1B | fROI=Lang_LH_IFG | layer=6 | mean r=0.073
WITHIN     nllb200_distilled_1B | fROI=Lang_LH_IFG | layer=7 | mean r=0.075
WITHIN     nllb200_distilled_1B | fROI=Lang_LH_IFG | layer=8 | mean r=0.076
WITHIN     nllb200_distilled_1B | fROI=Lang_LH_IFG | layer=9 | mean r=0.083
WITHIN     nllb200_distilled_1B | fROI=Lang_LH_IFG | layer=10 | mean r=0.101
WITHIN     nllb200_distilled_1B | fROI=Lang_LH_IFG | layer=11 | mean r=0.103
WITHIN     nllb200_distilled_1B | fROI=Lang_LH_IFG | layer=12 | mean r=0.105
WITHIN     nllb200_distilled_1B | fROI=Lang_LH_IFG | layer=13 | mean r=0.099
WITHIN     nllb200_distilled_1B | fROI=Lang_LH_IFG | layer=14 | mean r=0.095
WITHIN     nllb200_distilled_1B | fROI=Lang_LH_IFG | layer=15 | mean r=0.083
WITHIN     nllb200_distilled_1B | fROI=Lang_LH_IFG | layer=16 | mean r=0.061
WITHIN     nllb200_distilled_1B | fROI=Lang_LH_IFG | layer=17 | mean r=0.067
WITHIN     nllb200_distilled_1B | fROI=Lang_LH_IFG | layer=18 | mean r=0.066
WITHIN     nllb200_distilled_1B | fROI=Lang_LH_IFG | layer=19 | mean r=0.064
WITHIN     nllb200_distilled_1B | fROI=Lang_LH_IFG | layer=20 | mean r=0.055
WITHIN     nllb200_distilled_1B | fROI=Lang_LH_IFG | layer=21 | mean r=0.054
WITHIN     nllb200_distilled_1B | fROI=Lang_LH_IFG | layer=22 | mean r=0.046
WITHIN     nllb200_distilled_1B | fROI=Lang_LH_IFG | layer=23 | mean r=0.037
WITHIN     nllb200_distilled_1B | fROI=Lang_LH_IFG | layer=24 | mean r=0.032


Processing Lang_LH_IFGorb (3/6)
WITHIN     nllb200_distilled_1B | fROI=Lang_LH_IFGorb | layer=0 | mean r=0.023
WITHIN     nllb200_distilled_1B | fROI=Lang_LH_IFGorb | layer=1 | mean r=0.081
WITHIN     nllb200_distilled_1B | fROI=Lang_LH_IFGorb | layer=2 | mean r=0.086
WITHIN     nllb200_distilled_1B | fROI=Lang_LH_IFGorb | layer=3 | mean r=0.090
WITHIN     nllb200_distilled_1B | fROI=Lang_LH_IFGorb | layer=4 | mean r=0.100
WITHIN     nllb200_distilled_1B | fROI=Lang_LH_IFGorb | layer=5 | mean r=0.102
WITHIN     nllb200_distilled_1B | fROI=Lang_LH_IFGorb | layer=6 | mean r=0.104
WITHIN     nllb200_distilled_1B | fROI=Lang_LH_IFGorb | layer=7 | mean r=0.095
WITHIN     nllb200_distilled_1B | fROI=Lang_LH_IFGorb | layer=8 | mean r=0.102
WITHIN     nllb200_distilled_1B | fROI=Lang_LH_IFGorb | layer=9 | mean r=0.097
WITHIN     nllb200_distilled_1B | fROI=Lang_LH_IFGorb | layer=10 | mean r=0.101
WITHIN     nllb200_distilled_1B | fROI=Lang_LH_IFGorb | layer=11 | mean r=0.113
WITHIN     nllb200_distilled_1B | fROI=Lang_LH_IFGorb | layer=12 | mean r=0.111
WITHIN     nllb200_distilled_1B | fROI=Lang_LH_IFGorb | layer=13 | mean r=0.118
WITHIN     nllb200_distilled_1B | fROI=Lang_LH_IFGorb | layer=14 | mean r=0.119
WITHIN     nllb200_distilled_1B | fROI=Lang_LH_IFGorb | layer=15 | mean r=0.070
WITHIN     nllb200_distilled_1B | fROI=Lang_LH_IFGorb | layer=16 | mean r=0.083
WITHIN     nllb200_distilled_1B | fROI=Lang_LH_IFGorb | layer=17 | mean r=0.060
WITHIN     nllb200_distilled_1B | fROI=Lang_LH_IFGorb | layer=18 | mean r=0.054
WITHIN     nllb200_distilled_1B | fROI=Lang_LH_IFGorb | layer=19 | mean r=0.055
WITHIN     nllb200_distilled_1B | fROI=Lang_LH_IFGorb | layer=20 | mean r=0.055
WITHIN     nllb200_distilled_1B | fROI=Lang_LH_IFGorb | layer=21 | mean r=0.050
WITHIN     nllb200_distilled_1B | fROI=Lang_LH_IFGorb | layer=22 | mean r=0.040
WITHIN     nllb200_distilled_1B | fROI=Lang_LH_IFGorb | layer=23 | mean r=0.045
WITHIN     nllb200_distilled_1B | fROI=Lang_LH_IFGorb | layer=24 | mean r=0.025


Processing Lang_LH_MFG (4/6)
WITHIN     nllb200_distilled_1B | fROI=Lang_LH_MFG | layer=0 | mean r=-0.021
WITHIN     nllb200_distilled_1B | fROI=Lang_LH_MFG | layer=1 | mean r=0.060
WITHIN     nllb200_distilled_1B | fROI=Lang_LH_MFG | layer=2 | mean r=0.058
WITHIN     nllb200_distilled_1B | fROI=Lang_LH_MFG | layer=3 | mean r=0.053
WITHIN     nllb200_distilled_1B | fROI=Lang_LH_MFG | layer=4 | mean r=0.056
WITHIN     nllb200_distilled_1B | fROI=Lang_LH_MFG | layer=5 | mean r=0.042
WITHIN     nllb200_distilled_1B | fROI=Lang_LH_MFG | layer=6 | mean r=0.039
WITHIN     nllb200_distilled_1B | fROI=Lang_LH_MFG | layer=7 | mean r=0.035
WITHIN     nllb200_distilled_1B | fROI=Lang_LH_MFG | layer=8 | mean r=0.036
WITHIN     nllb200_distilled_1B | fROI=Lang_LH_MFG | layer=9 | mean r=0.043
WITHIN     nllb200_distilled_1B | fROI=Lang_LH_MFG | layer=10 | mean r=0.061
WITHIN     nllb200_distilled_1B | fROI=Lang_LH_MFG | layer=11 | mean r=0.079
WITHIN     nllb200_distilled_1B | fROI=Lang_LH_MFG | layer=12 | mean r=0.086
WITHIN     nllb200_distilled_1B | fROI=Lang_LH_MFG | layer=13 | mean r=0.079
WITHIN     nllb200_distilled_1B | fROI=Lang_LH_MFG | layer=14 | mean r=0.085
WITHIN     nllb200_distilled_1B | fROI=Lang_LH_MFG | layer=15 | mean r=0.076
WITHIN     nllb200_distilled_1B | fROI=Lang_LH_MFG | layer=16 | mean r=0.063
WITHIN     nllb200_distilled_1B | fROI=Lang_LH_MFG | layer=17 | mean r=0.061
WITHIN     nllb200_distilled_1B | fROI=Lang_LH_MFG | layer=18 | mean r=0.057
WITHIN     nllb200_distilled_1B | fROI=Lang_LH_MFG | layer=19 | mean r=0.055
WITHIN     nllb200_distilled_1B | fROI=Lang_LH_MFG | layer=20 | mean r=0.044
WITHIN     nllb200_distilled_1B | fROI=Lang_LH_MFG | layer=21 | mean r=0.035
WITHIN     nllb200_distilled_1B | fROI=Lang_LH_MFG | layer=22 | mean r=0.030
WITHIN     nllb200_distilled_1B | fROI=Lang_LH_MFG | layer=23 | mean r=0.016
WITHIN     nllb200_distilled_1B | fROI=Lang_LH_MFG | layer=24 | mean r=0.007


Processing Lang_LH_PostTemp (5/6)
WITHIN     nllb200_distilled_1B | fROI=Lang_LH_PostTemp | layer=0 | mean r=0.033
WITHIN     nllb200_distilled_1B | fROI=Lang_LH_PostTemp | layer=1 | mean r=0.057
WITHIN     nllb200_distilled_1B | fROI=Lang_LH_PostTemp | layer=2 | mean r=0.051
WITHIN     nllb200_distilled_1B | fROI=Lang_LH_PostTemp | layer=3 | mean r=0.073
WITHIN     nllb200_distilled_1B | fROI=Lang_LH_PostTemp | layer=4 | mean r=0.101
WITHIN     nllb200_distilled_1B | fROI=Lang_LH_PostTemp | layer=5 | mean r=0.105
WITHIN     nllb200_distilled_1B | fROI=Lang_LH_PostTemp | layer=6 | mean r=0.109
WITHIN     nllb200_distilled_1B | fROI=Lang_LH_PostTemp | layer=7 | mean r=0.111
WITHIN     nllb200_distilled_1B | fROI=Lang_LH_PostTemp | layer=8 | mean r=0.104
WITHIN     nllb200_distilled_1B | fROI=Lang_LH_PostTemp | layer=9 | mean r=0.126
WITHIN     nllb200_distilled_1B | fROI=Lang_LH_PostTemp | layer=10 | mean r=0.141
WITHIN     nllb200_distilled_1B | fROI=Lang_LH_PostTemp | layer=11 | mean r=0.140
WITHIN     nllb200_distilled_1B | fROI=Lang_LH_PostTemp | layer=12 | mean r=0.138
WITHIN     nllb200_distilled_1B | fROI=Lang_LH_PostTemp | layer=13 | mean r=0.144
WITHIN     nllb200_distilled_1B | fROI=Lang_LH_PostTemp | layer=14 | mean r=0.137
WITHIN     nllb200_distilled_1B | fROI=Lang_LH_PostTemp | layer=15 | mean r=0.139
WITHIN     nllb200_distilled_1B | fROI=Lang_LH_PostTemp | layer=16 | mean r=0.129
WITHIN     nllb200_distilled_1B | fROI=Lang_LH_PostTemp | layer=17 | mean r=0.126
WITHIN     nllb200_distilled_1B | fROI=Lang_LH_PostTemp | layer=18 | mean r=0.121
WITHIN     nllb200_distilled_1B | fROI=Lang_LH_PostTemp | layer=19 | mean r=0.135
WITHIN     nllb200_distilled_1B | fROI=Lang_LH_PostTemp | layer=20 | mean r=0.136
WITHIN     nllb200_distilled_1B | fROI=Lang_LH_PostTemp | layer=21 | mean r=0.138
WITHIN     nllb200_distilled_1B | fROI=Lang_LH_PostTemp | layer=22 | mean r=0.102
WITHIN     nllb200_distilled_1B | fROI=Lang_LH_PostTemp | layer=23 | mean r=0.096
WITHIN     nllb200_distilled_1B | fROI=Lang_LH_PostTemp | layer=24 | mean r=0.108


Processing all (6/6)
WITHIN     nllb200_distilled_1B | fROI=all | layer=0 | mean r=0.032
WITHIN     nllb200_distilled_1B | fROI=all | layer=1 | mean r=0.097
WITHIN     nllb200_distilled_1B | fROI=all | layer=2 | mean r=0.109
WITHIN     nllb200_distilled_1B | fROI=all | layer=3 | mean r=0.092
WITHIN     nllb200_distilled_1B | fROI=all | layer=4 | mean r=0.106
WITHIN     nllb200_distilled_1B | fROI=all | layer=5 | mean r=0.096
WITHIN     nllb200_distilled_1B | fROI=all | layer=6 | mean r=0.104
WITHIN     nllb200_distilled_1B | fROI=all | layer=7 | mean r=0.088
WITHIN     nllb200_distilled_1B | fROI=all | layer=8 | mean r=0.106
WITHIN     nllb200_distilled_1B | fROI=all | layer=9 | mean r=0.111
WITHIN     nllb200_distilled_1B | fROI=all | layer=10 | mean r=0.118
WITHIN     nllb200_distilled_1B | fROI=all | layer=11 | mean r=0.119
WITHIN     nllb200_distilled_1B | fROI=all | layer=12 | mean r=0.120
WITHIN     nllb200_distilled_1B | fROI=all | layer=13 | mean r=0.121
WITHIN     nllb200_distilled_1B | fROI=all | layer=14 | mean r=0.114
WITHIN     nllb200_distilled_1B | fROI=all | layer=15 | mean r=0.099
WITHIN     nllb200_distilled_1B | fROI=all | layer=16 | mean r=0.093
WITHIN     nllb200_distilled_1B | fROI=all | layer=17 | mean r=0.095
WITHIN     nllb200_distilled_1B | fROI=all | layer=18 | mean r=0.099
WITHIN     nllb200_distilled_1B | fROI=all | layer=19 | mean r=0.093
WITHIN     nllb200_distilled_1B | fROI=all | layer=20 | mean r=0.085
WITHIN     nllb200_distilled_1B | fROI=all | layer=21 | mean r=0.073
WITHIN     nllb200_distilled_1B | fROI=all | layer=22 | mean r=0.066
WITHIN     nllb200_distilled_1B | fROI=all | layer=23 | mean r=0.059
WITHIN     nllb200_distilled_1B | fROI=all | layer=24 | mean r=0.057


Processing Lang_LH_AntTemp (1/6)
WITHIN     nllb200_1B | fROI=Lang_LH_AntTemp | layer=0 | mean r=0.060
WITHIN     nllb200_1B | fROI=Lang_LH_AntTemp | layer=1 | mean r=0.102
WITHIN     nllb200_1B | fROI=Lang_LH_AntTemp | layer=2 | mean r=0.137
WITHIN     nllb200_1B | fROI=Lang_LH_AntTemp | layer=3 | mean r=0.143
WITHIN     nllb200_1B | fROI=Lang_LH_AntTemp | layer=4 | mean r=0.134
WITHIN     nllb200_1B | fROI=Lang_LH_AntTemp | layer=5 | mean r=0.129
WITHIN     nllb200_1B | fROI=Lang_LH_AntTemp | layer=6 | mean r=0.126
WITHIN     nllb200_1B | fROI=Lang_LH_AntTemp | layer=7 | mean r=0.131
WITHIN     nllb200_1B | fROI=Lang_LH_AntTemp | layer=8 | mean r=0.129
WITHIN     nllb200_1B | fROI=Lang_LH_AntTemp | layer=9 | mean r=0.141
WITHIN     nllb200_1B | fROI=Lang_LH_AntTemp | layer=10 | mean r=0.146
WITHIN     nllb200_1B | fROI=Lang_LH_AntTemp | layer=11 | mean r=0.172
WITHIN     nllb200_1B | fROI=Lang_LH_AntTemp | layer=12 | mean r=0.181
WITHIN     nllb200_1B | fROI=Lang_LH_AntTemp | layer=13 | mean r=0.172
WITHIN     nllb200_1B | fROI=Lang_LH_AntTemp | layer=14 | mean r=0.186
WITHIN     nllb200_1B | fROI=Lang_LH_AntTemp | layer=15 | mean r=0.181
WITHIN     nllb200_1B | fROI=Lang_LH_AntTemp | layer=16 | mean r=0.188
WITHIN     nllb200_1B | fROI=Lang_LH_AntTemp | layer=17 | mean r=0.189
WITHIN     nllb200_1B | fROI=Lang_LH_AntTemp | layer=18 | mean r=0.196
WITHIN     nllb200_1B | fROI=Lang_LH_AntTemp | layer=19 | mean r=0.201
WITHIN     nllb200_1B | fROI=Lang_LH_AntTemp | layer=20 | mean r=0.199
WITHIN     nllb200_1B | fROI=Lang_LH_AntTemp | layer=21 | mean r=0.208
WITHIN     nllb200_1B | fROI=Lang_LH_AntTemp | layer=22 | mean r=0.196
WITHIN     nllb200_1B | fROI=Lang_LH_AntTemp | layer=23 | mean r=0.191
WITHIN     nllb200_1B | fROI=Lang_LH_AntTemp | layer=24 | mean r=0.197


Processing Lang_LH_IFG (2/6)
WITHIN     nllb200_1B | fROI=Lang_LH_IFG | layer=0 | mean r=0.044
WITHIN     nllb200_1B | fROI=Lang_LH_IFG | layer=1 | mean r=0.060
WITHIN     nllb200_1B | fROI=Lang_LH_IFG | layer=2 | mean r=0.068
WITHIN     nllb200_1B | fROI=Lang_LH_IFG | layer=3 | mean r=0.074
WITHIN     nllb200_1B | fROI=Lang_LH_IFG | layer=4 | mean r=0.072
WITHIN     nllb200_1B | fROI=Lang_LH_IFG | layer=5 | mean r=0.064
WITHIN     nllb200_1B | fROI=Lang_LH_IFG | layer=6 | mean r=0.056
WITHIN     nllb200_1B | fROI=Lang_LH_IFG | layer=7 | mean r=0.047
WITHIN     nllb200_1B | fROI=Lang_LH_IFG | layer=8 | mean r=0.048
WITHIN     nllb200_1B | fROI=Lang_LH_IFG | layer=9 | mean r=0.054
WITHIN     nllb200_1B | fROI=Lang_LH_IFG | layer=10 | mean r=0.050
WITHIN     nllb200_1B | fROI=Lang_LH_IFG | layer=11 | mean r=0.059
WITHIN     nllb200_1B | fROI=Lang_LH_IFG | layer=12 | mean r=0.073
WITHIN     nllb200_1B | fROI=Lang_LH_IFG | layer=13 | mean r=0.077
WITHIN     nllb200_1B | fROI=Lang_LH_IFG | layer=14 | mean r=0.086
WITHIN     nllb200_1B | fROI=Lang_LH_IFG | layer=15 | mean r=0.087
WITHIN     nllb200_1B | fROI=Lang_LH_IFG | layer=16 | mean r=0.084
WITHIN     nllb200_1B | fROI=Lang_LH_IFG | layer=17 | mean r=0.073
WITHIN     nllb200_1B | fROI=Lang_LH_IFG | layer=18 | mean r=0.089
WITHIN     nllb200_1B | fROI=Lang_LH_IFG | layer=19 | mean r=0.092
WITHIN     nllb200_1B | fROI=Lang_LH_IFG | layer=20 | mean r=0.086
WITHIN     nllb200_1B | fROI=Lang_LH_IFG | layer=21 | mean r=0.082
WITHIN     nllb200_1B | fROI=Lang_LH_IFG | layer=22 | mean r=0.077
WITHIN     nllb200_1B | fROI=Lang_LH_IFG | layer=23 | mean r=0.083
WITHIN     nllb200_1B | fROI=Lang_LH_IFG | layer=24 | mean r=0.082


Processing Lang_LH_IFGorb (3/6)
WITHIN     nllb200_1B | fROI=Lang_LH_IFGorb | layer=0 | mean r=0.050
WITHIN     nllb200_1B | fROI=Lang_LH_IFGorb | layer=1 | mean r=0.063
WITHIN     nllb200_1B | fROI=Lang_LH_IFGorb | layer=2 | mean r=0.089
WITHIN     nllb200_1B | fROI=Lang_LH_IFGorb | layer=3 | mean r=0.106
WITHIN     nllb200_1B | fROI=Lang_LH_IFGorb | layer=4 | mean r=0.094
WITHIN     nllb200_1B | fROI=Lang_LH_IFGorb | layer=5 | mean r=0.109
WITHIN     nllb200_1B | fROI=Lang_LH_IFGorb | layer=6 | mean r=0.101
WITHIN     nllb200_1B | fROI=Lang_LH_IFGorb | layer=7 | mean r=0.089
WITHIN     nllb200_1B | fROI=Lang_LH_IFGorb | layer=8 | mean r=0.075
WITHIN     nllb200_1B | fROI=Lang_LH_IFGorb | layer=9 | mean r=0.066
WITHIN     nllb200_1B | fROI=Lang_LH_IFGorb | layer=10 | mean r=0.048
WITHIN     nllb200_1B | fROI=Lang_LH_IFGorb | layer=11 | mean r=0.055
WITHIN     nllb200_1B | fROI=Lang_LH_IFGorb | layer=12 | mean r=0.080
WITHIN     nllb200_1B | fROI=Lang_LH_IFGorb | layer=13 | mean r=0.072
WITHIN     nllb200_1B | fROI=Lang_LH_IFGorb | layer=14 | mean r=0.069
WITHIN     nllb200_1B | fROI=Lang_LH_IFGorb | layer=15 | mean r=0.064
WITHIN     nllb200_1B | fROI=Lang_LH_IFGorb | layer=16 | mean r=0.079
WITHIN     nllb200_1B | fROI=Lang_LH_IFGorb | layer=17 | mean r=0.066
WITHIN     nllb200_1B | fROI=Lang_LH_IFGorb | layer=18 | mean r=0.071
WITHIN     nllb200_1B | fROI=Lang_LH_IFGorb | layer=19 | mean r=0.067
WITHIN     nllb200_1B | fROI=Lang_LH_IFGorb | layer=20 | mean r=0.073
WITHIN     nllb200_1B | fROI=Lang_LH_IFGorb | layer=21 | mean r=0.075
WITHIN     nllb200_1B | fROI=Lang_LH_IFGorb | layer=22 | mean r=0.064
WITHIN     nllb200_1B | fROI=Lang_LH_IFGorb | layer=23 | mean r=0.054
WITHIN     nllb200_1B | fROI=Lang_LH_IFGorb | layer=24 | mean r=0.039


Processing Lang_LH_MFG (4/6)
WITHIN     nllb200_1B | fROI=Lang_LH_MFG | layer=0 | mean r=0.004
WITHIN     nllb200_1B | fROI=Lang_LH_MFG | layer=1 | mean r=0.048
WITHIN     nllb200_1B | fROI=Lang_LH_MFG | layer=2 | mean r=0.063
WITHIN     nllb200_1B | fROI=Lang_LH_MFG | layer=3 | mean r=0.039
WITHIN     nllb200_1B | fROI=Lang_LH_MFG | layer=4 | mean r=0.024
WITHIN     nllb200_1B | fROI=Lang_LH_MFG | layer=5 | mean r=0.031
WITHIN     nllb200_1B | fROI=Lang_LH_MFG | layer=6 | mean r=0.039
WITHIN     nllb200_1B | fROI=Lang_LH_MFG | layer=7 | mean r=0.027
WITHIN     nllb200_1B | fROI=Lang_LH_MFG | layer=8 | mean r=0.036
WITHIN     nllb200_1B | fROI=Lang_LH_MFG | layer=9 | mean r=0.056
WITHIN     nllb200_1B | fROI=Lang_LH_MFG | layer=10 | mean r=0.043
WITHIN     nllb200_1B | fROI=Lang_LH_MFG | layer=11 | mean r=0.054
WITHIN     nllb200_1B | fROI=Lang_LH_MFG | layer=12 | mean r=0.071
WITHIN     nllb200_1B | fROI=Lang_LH_MFG | layer=13 | mean r=0.077
WITHIN     nllb200_1B | fROI=Lang_LH_MFG | layer=14 | mean r=0.075
WITHIN     nllb200_1B | fROI=Lang_LH_MFG | layer=15 | mean r=0.080
WITHIN     nllb200_1B | fROI=Lang_LH_MFG | layer=16 | mean r=0.080
WITHIN     nllb200_1B | fROI=Lang_LH_MFG | layer=17 | mean r=0.066
WITHIN     nllb200_1B | fROI=Lang_LH_MFG | layer=18 | mean r=0.078
WITHIN     nllb200_1B | fROI=Lang_LH_MFG | layer=19 | mean r=0.069
WITHIN     nllb200_1B | fROI=Lang_LH_MFG | layer=20 | mean r=0.054
WITHIN     nllb200_1B | fROI=Lang_LH_MFG | layer=21 | mean r=0.055
WITHIN     nllb200_1B | fROI=Lang_LH_MFG | layer=22 | mean r=0.048
WITHIN     nllb200_1B | fROI=Lang_LH_MFG | layer=23 | mean r=0.039
WITHIN     nllb200_1B | fROI=Lang_LH_MFG | layer=24 | mean r=0.031


Processing Lang_LH_PostTemp (5/6)
WITHIN     nllb200_1B | fROI=Lang_LH_PostTemp | layer=0 | mean r=0.051
WITHIN     nllb200_1B | fROI=Lang_LH_PostTemp | layer=1 | mean r=0.060
WITHIN     nllb200_1B | fROI=Lang_LH_PostTemp | layer=2 | mean r=0.064
WITHIN     nllb200_1B | fROI=Lang_LH_PostTemp | layer=3 | mean r=0.070
WITHIN     nllb200_1B | fROI=Lang_LH_PostTemp | layer=4 | mean r=0.089
WITHIN     nllb200_1B | fROI=Lang_LH_PostTemp | layer=5 | mean r=0.104
WITHIN     nllb200_1B | fROI=Lang_LH_PostTemp | layer=6 | mean r=0.107
WITHIN     nllb200_1B | fROI=Lang_LH_PostTemp | layer=7 | mean r=0.097
WITHIN     nllb200_1B | fROI=Lang_LH_PostTemp | layer=8 | mean r=0.102
WITHIN     nllb200_1B | fROI=Lang_LH_PostTemp | layer=9 | mean r=0.117
WITHIN     nllb200_1B | fROI=Lang_LH_PostTemp | layer=10 | mean r=0.107
WITHIN     nllb200_1B | fROI=Lang_LH_PostTemp | layer=11 | mean r=0.126
WITHIN     nllb200_1B | fROI=Lang_LH_PostTemp | layer=12 | mean r=0.152
WITHIN     nllb200_1B | fROI=Lang_LH_PostTemp | layer=13 | mean r=0.134
WITHIN     nllb200_1B | fROI=Lang_LH_PostTemp | layer=14 | mean r=0.151
WITHIN     nllb200_1B | fROI=Lang_LH_PostTemp | layer=15 | mean r=0.153
WITHIN     nllb200_1B | fROI=Lang_LH_PostTemp | layer=16 | mean r=0.155
WITHIN     nllb200_1B | fROI=Lang_LH_PostTemp | layer=17 | mean r=0.159
WITHIN     nllb200_1B | fROI=Lang_LH_PostTemp | layer=18 | mean r=0.172
WITHIN     nllb200_1B | fROI=Lang_LH_PostTemp | layer=19 | mean r=0.170
WITHIN     nllb200_1B | fROI=Lang_LH_PostTemp | layer=20 | mean r=0.175
WITHIN     nllb200_1B | fROI=Lang_LH_PostTemp | layer=21 | mean r=0.168
WITHIN     nllb200_1B | fROI=Lang_LH_PostTemp | layer=22 | mean r=0.171
WITHIN     nllb200_1B | fROI=Lang_LH_PostTemp | layer=23 | mean r=0.163
WITHIN     nllb200_1B | fROI=Lang_LH_PostTemp | layer=24 | mean r=0.164


Processing all (6/6)
WITHIN     nllb200_1B | fROI=all | layer=0 | mean r=0.068
WITHIN     nllb200_1B | fROI=all | layer=1 | mean r=0.096
WITHIN     nllb200_1B | fROI=all | layer=2 | mean r=0.090
WITHIN     nllb200_1B | fROI=all | layer=3 | mean r=0.104
WITHIN     nllb200_1B | fROI=all | layer=4 | mean r=0.082
WITHIN     nllb200_1B | fROI=all | layer=5 | mean r=0.080
WITHIN     nllb200_1B | fROI=all | layer=6 | mean r=0.076
WITHIN     nllb200_1B | fROI=all | layer=7 | mean r=0.079
WITHIN     nllb200_1B | fROI=all | layer=8 | mean r=0.081
WITHIN     nllb200_1B | fROI=all | layer=9 | mean r=0.080
WITHIN     nllb200_1B | fROI=all | layer=10 | mean r=0.085
WITHIN     nllb200_1B | fROI=all | layer=11 | mean r=0.094
WITHIN     nllb200_1B | fROI=all | layer=12 | mean r=0.119
WITHIN     nllb200_1B | fROI=all | layer=13 | mean r=0.128
WITHIN     nllb200_1B | fROI=all | layer=14 | mean r=0.117
WITHIN     nllb200_1B | fROI=all | layer=15 | mean r=0.122
WITHIN     nllb200_1B | fROI=all | layer=16 | mean r=0.125
WITHIN     nllb200_1B | fROI=all | layer=17 | mean r=0.131
WITHIN     nllb200_1B | fROI=all | layer=18 | mean r=0.137
WITHIN     nllb200_1B | fROI=all | layer=19 | mean r=0.134
WITHIN     nllb200_1B | fROI=all | layer=20 | mean r=0.123
WITHIN     nllb200_1B | fROI=all | layer=21 | mean r=0.131
WITHIN     nllb200_1B | fROI=all | layer=22 | mean r=0.119
WITHIN     nllb200_1B | fROI=all | layer=23 | mean r=0.113
WITHIN     nllb200_1B | fROI=all | layer=24 | mean r=0.103


Processing Lang_LH_AntTemp (1/6)
WITHIN     mgpt | fROI=Lang_LH_AntTemp | layer=0 | mean r=0.236
WITHIN     mgpt | fROI=Lang_LH_AntTemp | layer=1 | mean r=0.206
WITHIN     mgpt | fROI=Lang_LH_AntTemp | layer=2 | mean r=0.217
WITHIN     mgpt | fROI=Lang_LH_AntTemp | layer=3 | mean r=0.236
WITHIN     mgpt | fROI=Lang_LH_AntTemp | layer=4 | mean r=0.245
WITHIN     mgpt | fROI=Lang_LH_AntTemp | layer=5 | mean r=0.257
WITHIN     mgpt | fROI=Lang_LH_AntTemp | layer=6 | mean r=0.281
WITHIN     mgpt | fROI=Lang_LH_AntTemp | layer=7 | mean r=0.298
WITHIN     mgpt | fROI=Lang_LH_AntTemp | layer=8 | mean r=0.316
WITHIN     mgpt | fROI=Lang_LH_AntTemp | layer=9 | mean r=0.307
WITHIN     mgpt | fROI=Lang_LH_AntTemp | layer=10 | mean r=0.318
WITHIN     mgpt | fROI=Lang_LH_AntTemp | layer=11 | mean r=0.321
WITHIN     mgpt | fROI=Lang_LH_AntTemp | layer=12 | mean r=0.326
WITHIN     mgpt | fROI=Lang_LH_AntTemp | layer=13 | mean r=0.315
WITHIN     mgpt | fROI=Lang_LH_AntTemp | layer=14 | mean r=0.326
WITHIN     mgpt | fROI=Lang_LH_AntTemp | layer=15 | mean r=0.328
WITHIN     mgpt | fROI=Lang_LH_AntTemp | layer=16 | mean r=0.333
WITHIN     mgpt | fROI=Lang_LH_AntTemp | layer=17 | mean r=0.325
WITHIN     mgpt | fROI=Lang_LH_AntTemp | layer=18 | mean r=0.325
WITHIN     mgpt | fROI=Lang_LH_AntTemp | layer=19 | mean r=0.327
WITHIN     mgpt | fROI=Lang_LH_AntTemp | layer=20 | mean r=0.331
WITHIN     mgpt | fROI=Lang_LH_AntTemp | layer=21 | mean r=0.333
WITHIN     mgpt | fROI=Lang_LH_AntTemp | layer=22 | mean r=0.323
WITHIN     mgpt | fROI=Lang_LH_AntTemp | layer=23 | mean r=0.335
WITHIN     mgpt | fROI=Lang_LH_AntTemp | layer=24 | mean r=0.336


Processing Lang_LH_IFG (2/6)
WITHIN     mgpt | fROI=Lang_LH_IFG | layer=0 | mean r=0.101
WITHIN     mgpt | fROI=Lang_LH_IFG | layer=1 | mean r=0.105
WITHIN     mgpt | fROI=Lang_LH_IFG | layer=2 | mean r=0.096
WITHIN     mgpt | fROI=Lang_LH_IFG | layer=3 | mean r=0.097
WITHIN     mgpt | fROI=Lang_LH_IFG | layer=4 | mean r=0.090
WITHIN     mgpt | fROI=Lang_LH_IFG | layer=5 | mean r=0.099
WITHIN     mgpt | fROI=Lang_LH_IFG | layer=6 | mean r=0.105
WITHIN     mgpt | fROI=Lang_LH_IFG | layer=7 | mean r=0.110
WITHIN     mgpt | fROI=Lang_LH_IFG | layer=8 | mean r=0.123
WITHIN     mgpt | fROI=Lang_LH_IFG | layer=9 | mean r=0.114
WITHIN     mgpt | fROI=Lang_LH_IFG | layer=10 | mean r=0.114
WITHIN     mgpt | fROI=Lang_LH_IFG | layer=11 | mean r=0.113
WITHIN     mgpt | fROI=Lang_LH_IFG | layer=12 | mean r=0.125
WITHIN     mgpt | fROI=Lang_LH_IFG | layer=13 | mean r=0.124
WITHIN     mgpt | fROI=Lang_LH_IFG | layer=14 | mean r=0.126
WITHIN     mgpt | fROI=Lang_LH_IFG | layer=15 | mean r=0.126
WITHIN     mgpt | fROI=Lang_LH_IFG | layer=16 | mean r=0.126
WITHIN     mgpt | fROI=Lang_LH_IFG | layer=17 | mean r=0.122
WITHIN     mgpt | fROI=Lang_LH_IFG | layer=18 | mean r=0.130
WITHIN     mgpt | fROI=Lang_LH_IFG | layer=19 | mean r=0.123
WITHIN     mgpt | fROI=Lang_LH_IFG | layer=20 | mean r=0.123
WITHIN     mgpt | fROI=Lang_LH_IFG | layer=21 | mean r=0.123
WITHIN     mgpt | fROI=Lang_LH_IFG | layer=22 | mean r=0.126
WITHIN     mgpt | fROI=Lang_LH_IFG | layer=23 | mean r=0.124
WITHIN     mgpt | fROI=Lang_LH_IFG | layer=24 | mean r=0.128


Processing Lang_LH_IFGorb (3/6)
WITHIN     mgpt | fROI=Lang_LH_IFGorb | layer=0 | mean r=0.077
WITHIN     mgpt | fROI=Lang_LH_IFGorb | layer=1 | mean r=0.061
WITHIN     mgpt | fROI=Lang_LH_IFGorb | layer=2 | mean r=0.064
WITHIN     mgpt | fROI=Lang_LH_IFGorb | layer=3 | mean r=0.074
WITHIN     mgpt | fROI=Lang_LH_IFGorb | layer=4 | mean r=0.081
WITHIN     mgpt | fROI=Lang_LH_IFGorb | layer=5 | mean r=0.106
WITHIN     mgpt | fROI=Lang_LH_IFGorb | layer=6 | mean r=0.116
WITHIN     mgpt | fROI=Lang_LH_IFGorb | layer=7 | mean r=0.125
WITHIN     mgpt | fROI=Lang_LH_IFGorb | layer=8 | mean r=0.143
WITHIN     mgpt | fROI=Lang_LH_IFGorb | layer=9 | mean r=0.150
WITHIN     mgpt | fROI=Lang_LH_IFGorb | layer=10 | mean r=0.154
WITHIN     mgpt | fROI=Lang_LH_IFGorb | layer=11 | mean r=0.153
WITHIN     mgpt | fROI=Lang_LH_IFGorb | layer=12 | mean r=0.168
WITHIN     mgpt | fROI=Lang_LH_IFGorb | layer=13 | mean r=0.170
WITHIN     mgpt | fROI=Lang_LH_IFGorb | layer=14 | mean r=0.171
WITHIN     mgpt | fROI=Lang_LH_IFGorb | layer=15 | mean r=0.173
WITHIN     mgpt | fROI=Lang_LH_IFGorb | layer=16 | mean r=0.175
WITHIN     mgpt | fROI=Lang_LH_IFGorb | layer=17 | mean r=0.171
WITHIN     mgpt | fROI=Lang_LH_IFGorb | layer=18 | mean r=0.164
WITHIN     mgpt | fROI=Lang_LH_IFGorb | layer=19 | mean r=0.165
WITHIN     mgpt | fROI=Lang_LH_IFGorb | layer=20 | mean r=0.154
WITHIN     mgpt | fROI=Lang_LH_IFGorb | layer=21 | mean r=0.149
WITHIN     mgpt | fROI=Lang_LH_IFGorb | layer=22 | mean r=0.146
WITHIN     mgpt | fROI=Lang_LH_IFGorb | layer=23 | mean r=0.151
WITHIN     mgpt | fROI=Lang_LH_IFGorb | layer=24 | mean r=0.169


Processing Lang_LH_MFG (4/6)
WITHIN     mgpt | fROI=Lang_LH_MFG | layer=0 | mean r=0.067
WITHIN     mgpt | fROI=Lang_LH_MFG | layer=1 | mean r=0.074
WITHIN     mgpt | fROI=Lang_LH_MFG | layer=2 | mean r=0.096
WITHIN     mgpt | fROI=Lang_LH_MFG | layer=3 | mean r=0.128
WITHIN     mgpt | fROI=Lang_LH_MFG | layer=4 | mean r=0.133
WITHIN     mgpt | fROI=Lang_LH_MFG | layer=5 | mean r=0.169
WITHIN     mgpt | fROI=Lang_LH_MFG | layer=6 | mean r=0.183
WITHIN     mgpt | fROI=Lang_LH_MFG | layer=7 | mean r=0.180
WITHIN     mgpt | fROI=Lang_LH_MFG | layer=8 | mean r=0.194
WITHIN     mgpt | fROI=Lang_LH_MFG | layer=9 | mean r=0.204
WITHIN     mgpt | fROI=Lang_LH_MFG | layer=10 | mean r=0.216
WITHIN     mgpt | fROI=Lang_LH_MFG | layer=11 | mean r=0.218
WITHIN     mgpt | fROI=Lang_LH_MFG | layer=12 | mean r=0.237
WITHIN     mgpt | fROI=Lang_LH_MFG | layer=13 | mean r=0.219
WITHIN     mgpt | fROI=Lang_LH_MFG | layer=14 | mean r=0.245
WITHIN     mgpt | fROI=Lang_LH_MFG | layer=15 | mean r=0.248
WITHIN     mgpt | fROI=Lang_LH_MFG | layer=16 | mean r=0.248
WITHIN     mgpt | fROI=Lang_LH_MFG | layer=17 | mean r=0.247
WITHIN     mgpt | fROI=Lang_LH_MFG | layer=18 | mean r=0.253
WITHIN     mgpt | fROI=Lang_LH_MFG | layer=19 | mean r=0.253
WITHIN     mgpt | fROI=Lang_LH_MFG | layer=20 | mean r=0.246
WITHIN     mgpt | fROI=Lang_LH_MFG | layer=21 | mean r=0.242
WITHIN     mgpt | fROI=Lang_LH_MFG | layer=22 | mean r=0.242
WITHIN     mgpt | fROI=Lang_LH_MFG | layer=23 | mean r=0.247
WITHIN     mgpt | fROI=Lang_LH_MFG | layer=24 | mean r=0.253


Processing Lang_LH_PostTemp (5/6)
WITHIN     mgpt | fROI=Lang_LH_PostTemp | layer=0 | mean r=0.112
WITHIN     mgpt | fROI=Lang_LH_PostTemp | layer=1 | mean r=0.104
WITHIN     mgpt | fROI=Lang_LH_PostTemp | layer=2 | mean r=0.147
WITHIN     mgpt | fROI=Lang_LH_PostTemp | layer=3 | mean r=0.154
WITHIN     mgpt | fROI=Lang_LH_PostTemp | layer=4 | mean r=0.142
WITHIN     mgpt | fROI=Lang_LH_PostTemp | layer=5 | mean r=0.160
WITHIN     mgpt | fROI=Lang_LH_PostTemp | layer=6 | mean r=0.185
WITHIN     mgpt | fROI=Lang_LH_PostTemp | layer=7 | mean r=0.192
WITHIN     mgpt | fROI=Lang_LH_PostTemp | layer=8 | mean r=0.215
WITHIN     mgpt | fROI=Lang_LH_PostTemp | layer=9 | mean r=0.211
WITHIN     mgpt | fROI=Lang_LH_PostTemp | layer=10 | mean r=0.211
WITHIN     mgpt | fROI=Lang_LH_PostTemp | layer=11 | mean r=0.221
WITHIN     mgpt | fROI=Lang_LH_PostTemp | layer=12 | mean r=0.238
WITHIN     mgpt | fROI=Lang_LH_PostTemp | layer=13 | mean r=0.247
WITHIN     mgpt | fROI=Lang_LH_PostTemp | layer=14 | mean r=0.246
WITHIN     mgpt | fROI=Lang_LH_PostTemp | layer=15 | mean r=0.247
WITHIN     mgpt | fROI=Lang_LH_PostTemp | layer=16 | mean r=0.240
WITHIN     mgpt | fROI=Lang_LH_PostTemp | layer=17 | mean r=0.235
WITHIN     mgpt | fROI=Lang_LH_PostTemp | layer=18 | mean r=0.238
WITHIN     mgpt | fROI=Lang_LH_PostTemp | layer=19 | mean r=0.243
WITHIN     mgpt | fROI=Lang_LH_PostTemp | layer=20 | mean r=0.245
WITHIN     mgpt | fROI=Lang_LH_PostTemp | layer=21 | mean r=0.247
WITHIN     mgpt | fROI=Lang_LH_PostTemp | layer=22 | mean r=0.239
WITHIN     mgpt | fROI=Lang_LH_PostTemp | layer=23 | mean r=0.245
WITHIN     mgpt | fROI=Lang_LH_PostTemp | layer=24 | mean r=0.253


Processing all (6/6)
WITHIN     mgpt | fROI=all | layer=0 | mean r=0.106
WITHIN     mgpt | fROI=all | layer=1 | mean r=0.119
WITHIN     mgpt | fROI=all | layer=2 | mean r=0.132
WITHIN     mgpt | fROI=all | layer=3 | mean r=0.148
WITHIN     mgpt | fROI=all | layer=4 | mean r=0.148
WITHIN     mgpt | fROI=all | layer=5 | mean r=0.173
WITHIN     mgpt | fROI=all | layer=6 | mean r=0.192
WITHIN     mgpt | fROI=all | layer=7 | mean r=0.201
WITHIN     mgpt | fROI=all | layer=8 | mean r=0.214
WITHIN     mgpt | fROI=all | layer=9 | mean r=0.216
WITHIN     mgpt | fROI=all | layer=10 | mean r=0.214
WITHIN     mgpt | fROI=all | layer=11 | mean r=0.217
WITHIN     mgpt | fROI=all | layer=12 | mean r=0.227
WITHIN     mgpt | fROI=all | layer=13 | mean r=0.231
WITHIN     mgpt | fROI=all | layer=14 | mean r=0.227
WITHIN     mgpt | fROI=all | layer=15 | mean r=0.228
WITHIN     mgpt | fROI=all | layer=16 | mean r=0.226
WITHIN     mgpt | fROI=all | layer=17 | mean r=0.227
WITHIN     mgpt | fROI=all | layer=18 | mean r=0.222
WITHIN     mgpt | fROI=all | layer=19 | mean r=0.215
WITHIN     mgpt | fROI=all | layer=20 | mean r=0.221
WITHIN     mgpt | fROI=all | layer=21 | mean r=0.213
WITHIN     mgpt | fROI=all | layer=22 | mean r=0.215
WITHIN     mgpt | fROI=all | layer=23 | mean r=0.217
WITHIN     mgpt | fROI=all | layer=24 | mean r=0.220
