model,hf_id,layer,perturbation,sentence_idx,similarity_cosine
xglm_large,facebook/xglm-2.9B,40,contentwords,0,0.9846125841140747
xglm_large,facebook/xglm-2.9B,40,contentwords,1,0.9818558096885681
xglm_large,facebook/xglm-2.9B,40,contentwords,2,0.9797935485839844
xglm_large,facebook/xglm-2.9B,40,contentwords,3,0.9860072731971741
xglm_large,facebook/xglm-2.9B,40,contentwords,4,0.9815318584442139
xglm_large,facebook/xglm-2.9B,40,contentwords,5,0.9887133836746216
xglm_large,facebook/xglm-2.9B,40,contentwords,6,0.9858996868133545
xglm_large,facebook/xglm-2.9B,40,contentwords,7,0.9924173355102539
xglm_large,facebook/xglm-2.9B,40,contentwords,8,0.9885896444320679
xglm_large,facebook/xglm-2.9B,40,contentwords,9,0.9815744757652283
xglm_large,facebook/xglm-2.9B,40,contentwords,10,0.9888784289360046
xglm_large,facebook/xglm-2.9B,40,contentwords,11,0.9874471426010132
xglm_large,facebook/xglm-2.9B,40,contentwords,12,0.9906405806541443
xglm_large,facebook/xglm-2.9B,40,contentwords,13,0.9813098907470703
xglm_large,facebook/xglm-2.9B,40,contentwords,14,0.9882926940917969
xglm_large,facebook/xglm-2.9B,40,contentwords,15,0.984466552734375
xglm_large,facebook/xglm-2.9B,40,contentwords,16,0.9894495010375977
xglm_large,facebook/xglm-2.9B,40,contentwords,17,0.9899436831474304
xglm_large,facebook/xglm-2.9B,40,contentwords,18,0.9901970624923706
xglm_large,facebook/xglm-2.9B,40,contentwords,19,0.9878362417221069
xglm_large,facebook/xglm-2.9B,40,contentwords,20,0.9888743758201599
xglm_large,facebook/xglm-2.9B,40,contentwords,21,0.9806432127952576
xglm_large,facebook/xglm-2.9B,40,contentwords,22,0.9851120710372925
xglm_large,facebook/xglm-2.9B,40,contentwords,23,0.9878259897232056
xglm_large,facebook/xglm-2.9B,40,contentwords,24,0.9906898736953735
xglm_large,facebook/xglm-2.9B,40,contentwords,25,0.9846477508544922
xglm_large,facebook/xglm-2.9B,40,contentwords,26,0.9872134327888489
xglm_large,facebook/xglm-2.9B,40,contentwords,27,0.9881141781806946
xglm_large,facebook/xglm-2.9B,40,contentwords,28,0.985487699508667
xglm_large,facebook/xglm-2.9B,40,contentwords,29,0.9841715693473816
xglm_large,facebook/xglm-2.9B,40,contentwords,30,0.988018810749054
xglm_large,facebook/xglm-2.9B,40,contentwords,31,0.9874569773674011
xglm_large,facebook/xglm-2.9B,40,contentwords,32,0.9893956184387207
xglm_large,facebook/xglm-2.9B,40,contentwords,33,0.9831910729408264
xglm_large,facebook/xglm-2.9B,40,contentwords,34,0.9862596392631531
xglm_large,facebook/xglm-2.9B,40,contentwords,35,0.9912198781967163
xglm_large,facebook/xglm-2.9B,40,contentwords,36,0.9855176210403442
xglm_large,facebook/xglm-2.9B,40,contentwords,37,0.9895578622817993
xglm_large,facebook/xglm-2.9B,40,contentwords,38,0.9848049283027649
xglm_large,facebook/xglm-2.9B,40,contentwords,39,0.9796711802482605
xglm_large,facebook/xglm-2.9B,40,contentwords,40,0.9869401454925537
xglm_large,facebook/xglm-2.9B,40,contentwords,41,0.9890722036361694
xglm_large,facebook/xglm-2.9B,40,contentwords,42,0.9833914041519165
xglm_large,facebook/xglm-2.9B,40,contentwords,43,0.9884938597679138
xglm_large,facebook/xglm-2.9B,40,contentwords,44,0.9857244491577148
xglm_large,facebook/xglm-2.9B,40,contentwords,45,0.9915385246276855
xglm_large,facebook/xglm-2.9B,40,contentwords,46,0.9876505136489868
xglm_large,facebook/xglm-2.9B,40,contentwords,47,0.9837036728858948
xglm_large,facebook/xglm-2.9B,40,contentwords,48,0.9850420355796814
xglm_large,facebook/xglm-2.9B,40,contentwords,49,0.9855414628982544
xglm_large,facebook/xglm-2.9B,40,contentwords,50,0.9888597726821899
xglm_large,facebook/xglm-2.9B,40,contentwords,51,0.9874480366706848
xglm_large,facebook/xglm-2.9B,40,contentwords,52,0.984655499458313
xglm_large,facebook/xglm-2.9B,40,contentwords,53,0.991884708404541
xglm_large,facebook/xglm-2.9B,40,contentwords,54,0.9971124529838562
xglm_large,facebook/xglm-2.9B,40,contentwords,55,0.9873853325843811
xglm_large,facebook/xglm-2.9B,40,contentwords,56,0.9876000285148621
xglm_large,facebook/xglm-2.9B,40,contentwords,57,0.9856261014938354
xglm_large,facebook/xglm-2.9B,40,contentwords,58,0.990134596824646
xglm_large,facebook/xglm-2.9B,40,contentwords,59,0.9867063164710999
xglm_large,facebook/xglm-2.9B,40,contentwords,60,0.9866281747817993
xglm_large,facebook/xglm-2.9B,40,contentwords,61,0.9907074570655823
xglm_large,facebook/xglm-2.9B,40,contentwords,62,0.9888039827346802
xglm_large,facebook/xglm-2.9B,40,contentwords,63,0.989009439945221
xglm_large,facebook/xglm-2.9B,40,contentwords,64,0.9943814277648926
xglm_large,facebook/xglm-2.9B,40,contentwords,65,0.9815518260002136
xglm_large,facebook/xglm-2.9B,40,contentwords,66,0.9857150912284851
xglm_large,facebook/xglm-2.9B,40,contentwords,67,0.989883303642273
xglm_large,facebook/xglm-2.9B,40,contentwords,68,0.9918125867843628
xglm_large,facebook/xglm-2.9B,40,contentwords,69,0.9830302596092224
xglm_large,facebook/xglm-2.9B,40,contentwords,70,0.9835134148597717
xglm_large,facebook/xglm-2.9B,40,contentwords,71,0.9867720007896423
xglm_large,facebook/xglm-2.9B,40,contentwords,72,0.9849116206169128
xglm_large,facebook/xglm-2.9B,40,contentwords,73,0.9858898520469666
xglm_large,facebook/xglm-2.9B,40,contentwords,74,0.9909433126449585
xglm_large,facebook/xglm-2.9B,40,contentwords,75,0.9876114130020142
xglm_large,facebook/xglm-2.9B,40,contentwords,76,0.9890015125274658
xglm_large,facebook/xglm-2.9B,40,contentwords,77,0.9882910251617432
xglm_large,facebook/xglm-2.9B,40,contentwords,78,0.9875895977020264
xglm_large,facebook/xglm-2.9B,40,contentwords,79,0.9865885376930237
xglm_large,facebook/xglm-2.9B,40,contentwords,80,0.9861996173858643
xglm_large,facebook/xglm-2.9B,40,contentwords,81,0.9882006049156189
xglm_large,facebook/xglm-2.9B,40,contentwords,82,0.986377477645874
xglm_large,facebook/xglm-2.9B,40,contentwords,83,0.9838992357254028
xglm_large,facebook/xglm-2.9B,40,contentwords,84,0.9832350015640259
xglm_large,facebook/xglm-2.9B,40,contentwords,85,0.9870848059654236
xglm_large,facebook/xglm-2.9B,40,contentwords,86,0.9824197888374329
xglm_large,facebook/xglm-2.9B,40,contentwords,87,0.9848656058311462
xglm_large,facebook/xglm-2.9B,40,contentwords,88,0.9859417676925659
xglm_large,facebook/xglm-2.9B,40,contentwords,89,0.9861719608306885
xglm_large,facebook/xglm-2.9B,40,contentwords,90,0.9889491200447083
xglm_large,facebook/xglm-2.9B,40,contentwords,91,0.986063539981842
xglm_large,facebook/xglm-2.9B,40,contentwords,92,0.9866085648536682
xglm_large,facebook/xglm-2.9B,40,contentwords,93,0.9865825176239014
xglm_large,facebook/xglm-2.9B,40,contentwords,94,0.9918984770774841
xglm_large,facebook/xglm-2.9B,40,contentwords,95,0.9885433912277222
xglm_large,facebook/xglm-2.9B,40,contentwords,96,0.9925920963287354
xglm_large,facebook/xglm-2.9B,40,contentwords,97,0.9928516149520874
xglm_large,facebook/xglm-2.9B,40,contentwords,98,0.984761655330658
xglm_large,facebook/xglm-2.9B,40,contentwords,99,0.9881469011306763
xglm_large,facebook/xglm-2.9B,40,contentwords,100,0.9867345094680786
xglm_large,facebook/xglm-2.9B,40,contentwords,101,0.9836680889129639
xglm_large,facebook/xglm-2.9B,40,contentwords,102,0.9890003800392151
xglm_large,facebook/xglm-2.9B,40,contentwords,103,0.9899770617485046
xglm_large,facebook/xglm-2.9B,40,contentwords,104,0.9905514121055603
xglm_large,facebook/xglm-2.9B,40,contentwords,105,0.9839195013046265
xglm_large,facebook/xglm-2.9B,40,contentwords,106,0.9893494844436646
xglm_large,facebook/xglm-2.9B,40,contentwords,107,0.9853291511535645
xglm_large,facebook/xglm-2.9B,40,contentwords,108,0.9848366379737854
xglm_large,facebook/xglm-2.9B,40,contentwords,109,0.9890924096107483
xglm_large,facebook/xglm-2.9B,40,contentwords,110,0.9894766807556152
xglm_large,facebook/xglm-2.9B,40,contentwords,111,0.9807826280593872
xglm_large,facebook/xglm-2.9B,40,contentwords,112,0.9887570738792419
xglm_large,facebook/xglm-2.9B,40,contentwords,113,0.9910651445388794
xglm_large,facebook/xglm-2.9B,40,contentwords,114,0.9885095953941345
xglm_large,facebook/xglm-2.9B,40,contentwords,115,0.9888879656791687
xglm_large,facebook/xglm-2.9B,40,contentwords,116,0.9868574142456055
xglm_large,facebook/xglm-2.9B,40,contentwords,117,0.9921648502349854
xglm_large,facebook/xglm-2.9B,40,contentwords,118,0.988071084022522
xglm_large,facebook/xglm-2.9B,40,contentwords,119,0.9916638731956482
xglm_large,facebook/xglm-2.9B,40,contentwords,120,0.989989697933197
xglm_large,facebook/xglm-2.9B,40,contentwords,121,0.9876273274421692
xglm_large,facebook/xglm-2.9B,40,contentwords,122,0.9895111322402954
xglm_large,facebook/xglm-2.9B,40,contentwords,123,0.9907020926475525
xglm_large,facebook/xglm-2.9B,40,contentwords,124,0.9882364273071289
xglm_large,facebook/xglm-2.9B,40,contentwords,125,0.9892489910125732
xglm_large,facebook/xglm-2.9B,40,contentwords,126,0.9895623922348022
xglm_large,facebook/xglm-2.9B,40,contentwords,127,0.989089846611023
xglm_large,facebook/xglm-2.9B,40,contentwords,128,0.9916771650314331
xglm_large,facebook/xglm-2.9B,40,contentwords,129,0.9865543246269226
xglm_large,facebook/xglm-2.9B,40,contentwords,130,0.9863412380218506
xglm_large,facebook/xglm-2.9B,40,contentwords,131,0.9897225499153137
xglm_large,facebook/xglm-2.9B,40,contentwords,132,0.9878599643707275
xglm_large,facebook/xglm-2.9B,40,contentwords,133,0.9909057021141052
xglm_large,facebook/xglm-2.9B,40,contentwords,134,0.9882996082305908
xglm_large,facebook/xglm-2.9B,40,contentwords,135,0.9912315011024475
xglm_large,facebook/xglm-2.9B,40,contentwords,136,0.9859142899513245
xglm_large,facebook/xglm-2.9B,40,contentwords,137,0.9880202412605286
xglm_large,facebook/xglm-2.9B,40,contentwords,138,0.9895926117897034
xglm_large,facebook/xglm-2.9B,40,contentwords,139,0.9852226376533508
xglm_large,facebook/xglm-2.9B,40,contentwords,140,0.9920501112937927
xglm_large,facebook/xglm-2.9B,40,contentwords,141,0.9982114434242249
xglm_large,facebook/xglm-2.9B,40,contentwords,142,0.9875907897949219
xglm_large,facebook/xglm-2.9B,40,contentwords,143,0.9888252019882202
xglm_large,facebook/xglm-2.9B,40,contentwords,144,0.9878857135772705
xglm_large,facebook/xglm-2.9B,40,contentwords,145,0.9887984395027161
xglm_large,facebook/xglm-2.9B,40,contentwords,146,0.9855461716651917
xglm_large,facebook/xglm-2.9B,40,contentwords,147,0.9822837114334106
xglm_large,facebook/xglm-2.9B,40,contentwords,148,0.9828138947486877
xglm_large,facebook/xglm-2.9B,40,contentwords,149,0.990729033946991
xglm_large,facebook/xglm-2.9B,40,contentwords,150,0.988988995552063
xglm_large,facebook/xglm-2.9B,40,contentwords,151,0.9865577816963196
xglm_large,facebook/xglm-2.9B,40,contentwords,152,0.9874840378761292
xglm_large,facebook/xglm-2.9B,40,contentwords,153,0.9873481392860413
xglm_large,facebook/xglm-2.9B,40,contentwords,154,0.9884730577468872
xglm_large,facebook/xglm-2.9B,40,contentwords,155,0.9838259220123291
xglm_large,facebook/xglm-2.9B,40,contentwords,156,0.9853537678718567
xglm_large,facebook/xglm-2.9B,40,contentwords,157,0.9894335269927979
xglm_large,facebook/xglm-2.9B,40,contentwords,158,0.9893941879272461
xglm_large,facebook/xglm-2.9B,40,contentwords,159,0.9891060590744019
xglm_large,facebook/xglm-2.9B,40,contentwords,160,0.9907565712928772
xglm_large,facebook/xglm-2.9B,40,contentwords,161,0.9865936636924744
xglm_large,facebook/xglm-2.9B,40,contentwords,162,0.983893096446991
xglm_large,facebook/xglm-2.9B,40,contentwords,163,0.985680103302002
xglm_large,facebook/xglm-2.9B,40,contentwords,164,0.9884148240089417
xglm_large,facebook/xglm-2.9B,40,contentwords,165,0.9872744679450989
xglm_large,facebook/xglm-2.9B,40,contentwords,166,0.9913029670715332
xglm_large,facebook/xglm-2.9B,40,contentwords,167,0.9889786839485168
xglm_large,facebook/xglm-2.9B,40,contentwords,168,0.9868990182876587
xglm_large,facebook/xglm-2.9B,40,contentwords,169,0.9869440793991089
xglm_large,facebook/xglm-2.9B,40,contentwords,170,0.9902515411376953
xglm_large,facebook/xglm-2.9B,40,contentwords,171,0.9851248264312744
xglm_large,facebook/xglm-2.9B,40,contentwords,172,0.9893695712089539
xglm_large,facebook/xglm-2.9B,40,contentwords,173,0.9891444444656372
xglm_large,facebook/xglm-2.9B,40,contentwords,174,0.9858353137969971
xglm_large,facebook/xglm-2.9B,40,contentwords,175,0.9949074983596802
xglm_large,facebook/xglm-2.9B,40,contentwords,176,0.9826214909553528
xglm_large,facebook/xglm-2.9B,40,contentwords,177,0.9872840046882629
xglm_large,facebook/xglm-2.9B,40,contentwords,178,0.9880667328834534
xglm_large,facebook/xglm-2.9B,40,contentwords,179,0.9885615110397339
xglm_large,facebook/xglm-2.9B,40,contentwords,180,0.9887973070144653
xglm_large,facebook/xglm-2.9B,40,contentwords,181,0.989770770072937
xglm_large,facebook/xglm-2.9B,40,contentwords,182,0.980640709400177
xglm_large,facebook/xglm-2.9B,40,contentwords,183,0.987834632396698
xglm_large,facebook/xglm-2.9B,40,contentwords,184,0.9875177145004272
xglm_large,facebook/xglm-2.9B,40,contentwords,185,0.9888924360275269
xglm_large,facebook/xglm-2.9B,40,contentwords,186,0.9858204126358032
xglm_large,facebook/xglm-2.9B,40,contentwords,187,0.9883530735969543
xglm_large,facebook/xglm-2.9B,40,contentwords,188,0.9861922860145569
xglm_large,facebook/xglm-2.9B,40,contentwords,189,0.9884915351867676
xglm_large,facebook/xglm-2.9B,40,contentwords,190,0.9872012734413147
xglm_large,facebook/xglm-2.9B,40,contentwords,191,0.9896962642669678
xglm_large,facebook/xglm-2.9B,40,contentwords,192,0.9885614514350891
xglm_large,facebook/xglm-2.9B,40,contentwords,193,0.987594485282898
xglm_large,facebook/xglm-2.9B,40,contentwords,194,0.9932092428207397
xglm_large,facebook/xglm-2.9B,40,contentwords,195,0.990565299987793
xglm_large,facebook/xglm-2.9B,40,contentwords,196,0.9908159971237183
xglm_large,facebook/xglm-2.9B,40,contentwords,197,0.9875333309173584
xglm_large,facebook/xglm-2.9B,40,contentwords,198,0.9886114597320557
xglm_large,facebook/xglm-2.9B,40,contentwords,199,0.9880284667015076
xglm_large,facebook/xglm-2.9B,40,contentwords,200,0.9861391186714172
xglm_large,facebook/xglm-2.9B,40,contentwords,201,0.9976320266723633
xglm_large,facebook/xglm-2.9B,40,contentwords,202,0.9791050553321838
xglm_large,facebook/xglm-2.9B,40,contentwords,203,0.9895387887954712
xglm_large,facebook/xglm-2.9B,40,contentwords,204,0.9910898208618164
xglm_large,facebook/xglm-2.9B,40,contentwords,205,0.9886932373046875
xglm_large,facebook/xglm-2.9B,40,contentwords,206,0.9842088222503662
xglm_large,facebook/xglm-2.9B,40,contentwords,207,0.9882249236106873
xglm_large,facebook/xglm-2.9B,40,contentwords,208,0.9877403378486633
xglm_large,facebook/xglm-2.9B,40,contentwords,209,0.9906005859375
xglm_large,facebook/xglm-2.9B,40,contentwords,210,0.9811835289001465
xglm_large,facebook/xglm-2.9B,40,contentwords,211,0.9865315556526184
xglm_large,facebook/xglm-2.9B,40,contentwords,212,0.9886788725852966
xglm_large,facebook/xglm-2.9B,40,contentwords,213,0.9850454330444336
xglm_large,facebook/xglm-2.9B,40,contentwords,214,0.9916267395019531
xglm_large,facebook/xglm-2.9B,40,contentwords,215,0.9892945885658264
xglm_large,facebook/xglm-2.9B,40,contentwords,216,0.9871779084205627
xglm_large,facebook/xglm-2.9B,40,contentwords,217,0.9925053119659424
xglm_large,facebook/xglm-2.9B,40,contentwords,218,0.9944960474967957
xglm_large,facebook/xglm-2.9B,40,contentwords,219,0.9848443269729614
xglm_large,facebook/xglm-2.9B,40,contentwords,220,0.9886264801025391
xglm_large,facebook/xglm-2.9B,40,contentwords,221,0.9900423288345337
xglm_large,facebook/xglm-2.9B,40,contentwords,222,0.9893884062767029
xglm_large,facebook/xglm-2.9B,40,contentwords,223,0.9905079007148743
xglm_large,facebook/xglm-2.9B,40,contentwords,224,0.9880184531211853
xglm_large,facebook/xglm-2.9B,40,contentwords,225,0.9837268590927124
xglm_large,facebook/xglm-2.9B,40,contentwords,226,0.9901196360588074
xglm_large,facebook/xglm-2.9B,40,contentwords,227,0.9866492748260498
xglm_large,facebook/xglm-2.9B,40,contentwords,228,0.9855426549911499
xglm_large,facebook/xglm-2.9B,40,contentwords,229,0.9887630939483643
xglm_large,facebook/xglm-2.9B,40,contentwords,230,0.9904834032058716
xglm_large,facebook/xglm-2.9B,40,contentwords,231,0.9897356033325195
xglm_large,facebook/xglm-2.9B,40,contentwords,232,0.9877474308013916
xglm_large,facebook/xglm-2.9B,40,contentwords,233,0.9848247766494751
xglm_large,facebook/xglm-2.9B,40,contentwords,234,0.9886159300804138
xglm_large,facebook/xglm-2.9B,40,contentwords,235,0.991101861000061
xglm_large,facebook/xglm-2.9B,40,contentwords,236,0.9827724099159241
xglm_large,facebook/xglm-2.9B,40,contentwords,237,0.9881865978240967
xglm_large,facebook/xglm-2.9B,40,contentwords,238,0.98874831199646
xglm_large,facebook/xglm-2.9B,40,contentwords,239,0.9898561239242554
xglm_large,facebook/xglm-2.9B,40,contentwords,240,0.9888392686843872
xglm_large,facebook/xglm-2.9B,40,contentwords,241,0.9822745323181152
xglm_large,facebook/xglm-2.9B,40,contentwords,242,0.9921569228172302
xglm_large,facebook/xglm-2.9B,40,contentwords,243,0.9889485239982605
xglm_large,facebook/xglm-2.9B,40,contentwords,244,0.990848183631897
xglm_large,facebook/xglm-2.9B,40,contentwords,245,0.990412712097168
xglm_large,facebook/xglm-2.9B,40,contentwords,246,0.9884141087532043
xglm_large,facebook/xglm-2.9B,40,contentwords,247,0.9841436147689819
xglm_large,facebook/xglm-2.9B,40,contentwords,248,0.987573504447937
xglm_large,facebook/xglm-2.9B,40,contentwords,249,0.9900540709495544
xglm_large,facebook/xglm-2.9B,40,contentwords,250,0.9897135496139526
xglm_large,facebook/xglm-2.9B,40,contentwords,251,0.9910193681716919
xglm_large,facebook/xglm-2.9B,40,contentwords,252,0.9909008741378784
xglm_large,facebook/xglm-2.9B,40,contentwords,253,0.9896495342254639
xglm_large,facebook/xglm-2.9B,40,contentwords,254,0.9902998805046082
xglm_large,facebook/xglm-2.9B,40,contentwords,255,0.9809296727180481
xglm_large,facebook/xglm-2.9B,40,contentwords,256,0.9874942302703857
xglm_large,facebook/xglm-2.9B,40,contentwords,257,0.9853678941726685
xglm_large,facebook/xglm-2.9B,40,contentwords,258,0.9907079935073853
xglm_large,facebook/xglm-2.9B,40,contentwords,259,0.9879739284515381
xglm_large,facebook/xglm-2.9B,40,contentwords,260,0.9895485639572144
xglm_large,facebook/xglm-2.9B,40,contentwords,261,0.9858546853065491
xglm_large,facebook/xglm-2.9B,40,contentwords,262,0.9896032810211182
xglm_large,facebook/xglm-2.9B,40,contentwords,263,0.9886380434036255
xglm_large,facebook/xglm-2.9B,40,contentwords,264,0.9834305047988892
xglm_large,facebook/xglm-2.9B,40,contentwords,265,0.9893323183059692
xglm_large,facebook/xglm-2.9B,40,contentwords,266,0.9885304570198059
xglm_large,facebook/xglm-2.9B,40,contentwords,267,0.9882572293281555
xglm_large,facebook/xglm-2.9B,40,contentwords,268,0.9874482750892639
xglm_large,facebook/xglm-2.9B,40,contentwords,269,0.9830094575881958
xglm_large,facebook/xglm-2.9B,40,contentwords,270,0.9883501529693604
xglm_large,facebook/xglm-2.9B,40,contentwords,271,0.9888573884963989
xglm_large,facebook/xglm-2.9B,40,contentwords,272,0.9863747954368591
xglm_large,facebook/xglm-2.9B,40,contentwords,273,0.9868854284286499
xglm_large,facebook/xglm-2.9B,40,contentwords,274,0.9885048270225525
xglm_large,facebook/xglm-2.9B,40,contentwords,275,0.9900782704353333
xglm_large,facebook/xglm-2.9B,40,contentwords,276,0.9842016100883484
xglm_large,facebook/xglm-2.9B,40,contentwords,277,0.9830517172813416
xglm_large,facebook/xglm-2.9B,40,contentwords,278,0.9889532327651978
xglm_large,facebook/xglm-2.9B,40,contentwords,279,0.9916599988937378
xglm_large,facebook/xglm-2.9B,40,contentwords,280,0.9919841885566711
xglm_large,facebook/xglm-2.9B,40,contentwords,281,0.9896300435066223
xglm_large,facebook/xglm-2.9B,40,contentwords,282,0.9887260794639587
xglm_large,facebook/xglm-2.9B,40,contentwords,283,0.9855052828788757
xglm_large,facebook/xglm-2.9B,40,contentwords,284,0.9924027919769287
xglm_large,facebook/xglm-2.9B,40,contentwords,285,0.9899160265922546
xglm_large,facebook/xglm-2.9B,40,contentwords,286,0.9858320355415344
xglm_large,facebook/xglm-2.9B,40,contentwords,287,0.9917964935302734
xglm_large,facebook/xglm-2.9B,40,contentwords,288,0.990746259689331
xglm_large,facebook/xglm-2.9B,40,contentwords,289,0.9897571206092834
xglm_large,facebook/xglm-2.9B,40,contentwords,290,0.9863436222076416
xglm_large,facebook/xglm-2.9B,40,contentwords,291,0.9886488914489746
xglm_large,facebook/xglm-2.9B,40,contentwords,292,0.98953777551651
xglm_large,facebook/xglm-2.9B,40,contentwords,293,0.9897866249084473
xglm_large,facebook/xglm-2.9B,40,contentwords,294,0.9896331429481506
xglm_large,facebook/xglm-2.9B,40,contentwords,295,0.9927467107772827
xglm_large,facebook/xglm-2.9B,40,contentwords,296,0.9882539510726929
xglm_large,facebook/xglm-2.9B,40,contentwords,297,0.9906010031700134
xglm_large,facebook/xglm-2.9B,40,contentwords,298,0.9882441163063049
xglm_large,facebook/xglm-2.9B,40,contentwords,299,0.9922794103622437
xglm_large,facebook/xglm-2.9B,40,contentwords,300,0.9904381632804871
xglm_large,facebook/xglm-2.9B,40,contentwords,301,0.9869027137756348
xglm_large,facebook/xglm-2.9B,40,contentwords,302,0.9913434386253357
xglm_large,facebook/xglm-2.9B,40,contentwords,303,0.9863598346710205
xglm_large,facebook/xglm-2.9B,40,contentwords,304,0.9909601211547852
xglm_large,facebook/xglm-2.9B,40,contentwords,305,0.9913008809089661
xglm_large,facebook/xglm-2.9B,40,contentwords,306,0.9892575740814209
xglm_large,facebook/xglm-2.9B,40,contentwords,307,0.9882396459579468
xglm_large,facebook/xglm-2.9B,40,contentwords,308,0.9839768409729004
xglm_large,facebook/xglm-2.9B,40,contentwords,309,0.9936681389808655
xglm_large,facebook/xglm-2.9B,40,contentwords,310,0.9906467795372009
xglm_large,facebook/xglm-2.9B,40,contentwords,311,0.9844470620155334
xglm_large,facebook/xglm-2.9B,40,contentwords,312,0.9922927021980286
xglm_large,facebook/xglm-2.9B,40,contentwords,313,0.9880626797676086
xglm_large,facebook/xglm-2.9B,40,contentwords,314,0.9856806397438049
xglm_large,facebook/xglm-2.9B,40,contentwords,315,0.9891281127929688
xglm_large,facebook/xglm-2.9B,40,contentwords,316,0.9905961751937866
xglm_large,facebook/xglm-2.9B,40,contentwords,317,0.9869445562362671
xglm_large,facebook/xglm-2.9B,40,contentwords,318,0.9864906668663025
xglm_large,facebook/xglm-2.9B,40,contentwords,319,0.982582151889801
xglm_large,facebook/xglm-2.9B,40,contentwords,320,0.9901132583618164
xglm_large,facebook/xglm-2.9B,40,contentwords,321,0.9843502044677734
xglm_large,facebook/xglm-2.9B,40,contentwords,322,0.9795137047767639
xglm_large,facebook/xglm-2.9B,40,contentwords,323,0.986588716506958
xglm_large,facebook/xglm-2.9B,40,contentwords,324,0.9873815774917603
xglm_large,facebook/xglm-2.9B,40,contentwords,325,0.9892852902412415
xglm_large,facebook/xglm-2.9B,40,contentwords,326,0.9868841171264648
xglm_large,facebook/xglm-2.9B,40,contentwords,327,0.988551139831543
xglm_large,facebook/xglm-2.9B,40,contentwords,328,0.9862035512924194
xglm_large,facebook/xglm-2.9B,40,contentwords,329,0.9901406764984131
xglm_large,facebook/xglm-2.9B,40,contentwords,330,0.9890372157096863
xglm_large,facebook/xglm-2.9B,40,contentwords,331,0.993100643157959
xglm_large,facebook/xglm-2.9B,40,contentwords,332,0.9897024035453796
xglm_large,facebook/xglm-2.9B,40,contentwords,333,0.9900059700012207
xglm_large,facebook/xglm-2.9B,40,contentwords,334,0.9993109107017517
xglm_large,facebook/xglm-2.9B,40,contentwords,335,0.9904910922050476
xglm_large,facebook/xglm-2.9B,40,contentwords,336,0.9899941086769104
xglm_large,facebook/xglm-2.9B,40,contentwords,337,0.9863219261169434
xglm_large,facebook/xglm-2.9B,40,contentwords,338,0.9915327429771423
xglm_large,facebook/xglm-2.9B,40,contentwords,339,0.9860007166862488
xglm_large,facebook/xglm-2.9B,40,contentwords,340,0.9876000285148621
xglm_large,facebook/xglm-2.9B,40,contentwords,341,0.9880059957504272
xglm_large,facebook/xglm-2.9B,40,contentwords,342,0.9835194945335388
xglm_large,facebook/xglm-2.9B,40,contentwords,343,0.9858505129814148
xglm_large,facebook/xglm-2.9B,40,contentwords,344,0.9817509055137634
xglm_large,facebook/xglm-2.9B,40,contentwords,345,0.9869635105133057
xglm_large,facebook/xglm-2.9B,40,contentwords,346,0.9887940883636475
xglm_large,facebook/xglm-2.9B,40,contentwords,347,0.986995279788971
xglm_large,facebook/xglm-2.9B,40,contentwords,348,0.9839751720428467
xglm_large,facebook/xglm-2.9B,40,contentwords,349,0.9911447763442993
xglm_large,facebook/xglm-2.9B,40,contentwords,350,0.9874086380004883
xglm_large,facebook/xglm-2.9B,40,contentwords,351,0.9866007566452026
xglm_large,facebook/xglm-2.9B,40,contentwords,352,0.9904746413230896
xglm_large,facebook/xglm-2.9B,40,contentwords,353,0.9909219145774841
xglm_large,facebook/xglm-2.9B,40,contentwords,354,0.9896596670150757
xglm_large,facebook/xglm-2.9B,40,contentwords,355,0.9895232915878296
xglm_large,facebook/xglm-2.9B,40,contentwords,356,0.982425332069397
xglm_large,facebook/xglm-2.9B,40,contentwords,357,0.993035078048706
xglm_large,facebook/xglm-2.9B,40,contentwords,358,0.9867888689041138
xglm_large,facebook/xglm-2.9B,40,contentwords,359,0.9846531748771667
xglm_large,facebook/xglm-2.9B,40,contentwords,360,0.988613486289978
xglm_large,facebook/xglm-2.9B,40,contentwords,361,0.9861634373664856
xglm_large,facebook/xglm-2.9B,40,contentwords,362,0.9884571433067322
xglm_large,facebook/xglm-2.9B,40,contentwords,363,0.9904289841651917
xglm_large,facebook/xglm-2.9B,40,contentwords,364,0.9884411692619324
xglm_large,facebook/xglm-2.9B,40,contentwords,365,0.9888800382614136
xglm_large,facebook/xglm-2.9B,40,contentwords,366,0.9867829084396362
xglm_large,facebook/xglm-2.9B,40,contentwords,367,0.9860528707504272
xglm_large,facebook/xglm-2.9B,40,contentwords,368,0.9899082183837891
xglm_large,facebook/xglm-2.9B,40,contentwords,369,0.9874862432479858
xglm_large,facebook/xglm-2.9B,40,contentwords,370,0.9813346862792969
xglm_large,facebook/xglm-2.9B,40,contentwords,371,0.9926352500915527
xglm_large,facebook/xglm-2.9B,40,contentwords,372,0.9891639351844788
xglm_large,facebook/xglm-2.9B,40,contentwords,373,0.9867477416992188
xglm_large,facebook/xglm-2.9B,40,contentwords,374,0.9863118529319763
xglm_large,facebook/xglm-2.9B,40,contentwords,375,0.9846409559249878
xglm_large,facebook/xglm-2.9B,40,contentwords,376,0.9889984726905823
xglm_large,facebook/xglm-2.9B,40,contentwords,377,0.9910716414451599
xglm_large,facebook/xglm-2.9B,40,contentwords,378,0.9892850518226624
xglm_large,facebook/xglm-2.9B,40,contentwords,379,0.9869961738586426
xglm_large,facebook/xglm-2.9B,40,contentwords,380,0.9891412854194641
xglm_large,facebook/xglm-2.9B,40,contentwords,381,0.9872952103614807
xglm_large,facebook/xglm-2.9B,40,contentwords,382,0.9857115745544434
xglm_large,facebook/xglm-2.9B,40,contentwords,383,0.987730085849762
xglm_large,facebook/xglm-2.9B,40,contentwords,384,0.9887562990188599
xglm_large,facebook/xglm-2.9B,40,contentwords,385,0.9863283038139343
xglm_large,facebook/xglm-2.9B,40,contentwords,386,0.9979061484336853
xglm_large,facebook/xglm-2.9B,40,contentwords,387,0.9906280040740967
xglm_large,facebook/xglm-2.9B,40,contentwords,388,0.9855843782424927
xglm_large,facebook/xglm-2.9B,40,contentwords,389,0.992479681968689
xglm_large,facebook/xglm-2.9B,40,contentwords,390,0.9897424578666687
xglm_large,facebook/xglm-2.9B,40,contentwords,391,0.988735020160675
xglm_large,facebook/xglm-2.9B,40,contentwords,392,0.9885439872741699
xglm_large,facebook/xglm-2.9B,40,contentwords,393,0.9884740710258484
xglm_large,facebook/xglm-2.9B,40,contentwords,394,0.9900818467140198
xglm_large,facebook/xglm-2.9B,40,contentwords,395,0.9917379021644592
xglm_large,facebook/xglm-2.9B,40,contentwords,396,0.9896366596221924
xglm_large,facebook/xglm-2.9B,40,contentwords,397,0.9901114106178284
xglm_large,facebook/xglm-2.9B,40,contentwords,398,0.9843178987503052
xglm_large,facebook/xglm-2.9B,40,contentwords,399,0.9824200868606567
xglm_large,facebook/xglm-2.9B,40,contentwords,400,0.9892328381538391
xglm_large,facebook/xglm-2.9B,40,contentwords,401,0.9853423833847046
xglm_large,facebook/xglm-2.9B,40,contentwords,402,0.9870820641517639
xglm_large,facebook/xglm-2.9B,40,contentwords,403,0.9926725029945374
xglm_large,facebook/xglm-2.9B,40,contentwords,404,0.9814349412918091
xglm_large,facebook/xglm-2.9B,40,contentwords,405,0.9873009920120239
xglm_large,facebook/xglm-2.9B,40,contentwords,406,0.9822517037391663
xglm_large,facebook/xglm-2.9B,40,contentwords,407,0.987129807472229
xglm_large,facebook/xglm-2.9B,40,contentwords,408,0.9882075786590576
xglm_large,facebook/xglm-2.9B,40,contentwords,409,0.989043653011322
xglm_large,facebook/xglm-2.9B,40,contentwords,410,0.9856623411178589
xglm_large,facebook/xglm-2.9B,40,contentwords,411,0.9841522574424744
xglm_large,facebook/xglm-2.9B,40,contentwords,412,0.9881129860877991
xglm_large,facebook/xglm-2.9B,40,contentwords,413,0.9955036044120789
xglm_large,facebook/xglm-2.9B,40,contentwords,414,0.9885779619216919
xglm_large,facebook/xglm-2.9B,40,contentwords,415,0.987465500831604
xglm_large,facebook/xglm-2.9B,40,contentwords,416,0.987079918384552
xglm_large,facebook/xglm-2.9B,40,contentwords,417,0.9872622489929199
xglm_large,facebook/xglm-2.9B,40,contentwords,418,0.9928869605064392
xglm_large,facebook/xglm-2.9B,40,contentwords,419,0.9862943887710571
xglm_large,facebook/xglm-2.9B,40,contentwords,420,0.9821979403495789
xglm_large,facebook/xglm-2.9B,40,contentwords,421,0.9822066426277161
xglm_large,facebook/xglm-2.9B,40,contentwords,422,0.989165723323822
xglm_large,facebook/xglm-2.9B,40,contentwords,423,0.9828639030456543
xglm_large,facebook/xglm-2.9B,40,contentwords,424,0.9909403324127197
xglm_large,facebook/xglm-2.9B,40,contentwords,425,0.9871425628662109
xglm_large,facebook/xglm-2.9B,40,contentwords,426,0.9868935942649841
xglm_large,facebook/xglm-2.9B,40,contentwords,427,0.98985755443573
xglm_large,facebook/xglm-2.9B,40,contentwords,428,0.9858920574188232
xglm_large,facebook/xglm-2.9B,40,contentwords,429,0.9868828058242798
xglm_large,facebook/xglm-2.9B,40,contentwords,430,0.9915066957473755
xglm_large,facebook/xglm-2.9B,40,contentwords,431,0.9896774888038635
xglm_large,facebook/xglm-2.9B,40,contentwords,432,0.9893597364425659
xglm_large,facebook/xglm-2.9B,40,contentwords,433,0.9888722896575928
xglm_large,facebook/xglm-2.9B,40,contentwords,434,0.9867580533027649
xglm_large,facebook/xglm-2.9B,40,contentwords,435,0.9915373921394348
xglm_large,facebook/xglm-2.9B,40,contentwords,436,0.9918071031570435
xglm_large,facebook/xglm-2.9B,40,contentwords,437,0.9858202338218689
xglm_large,facebook/xglm-2.9B,40,contentwords,438,0.9918487071990967
xglm_large,facebook/xglm-2.9B,40,contentwords,439,0.9842393398284912
xglm_large,facebook/xglm-2.9B,40,contentwords,440,0.9910227060317993
xglm_large,facebook/xglm-2.9B,40,contentwords,441,0.990750789642334
xglm_large,facebook/xglm-2.9B,40,contentwords,442,0.986510694026947
xglm_large,facebook/xglm-2.9B,40,contentwords,443,0.9897096157073975
xglm_large,facebook/xglm-2.9B,40,contentwords,444,0.9854207634925842
xglm_large,facebook/xglm-2.9B,40,contentwords,445,0.9915672540664673
xglm_large,facebook/xglm-2.9B,40,contentwords,446,0.9850033521652222
xglm_large,facebook/xglm-2.9B,40,contentwords,447,0.988288402557373
xglm_large,facebook/xglm-2.9B,40,contentwords,448,0.988440215587616
xglm_large,facebook/xglm-2.9B,40,contentwords,449,0.9876003265380859
xglm_large,facebook/xglm-2.9B,40,contentwords,450,0.9870456457138062
xglm_large,facebook/xglm-2.9B,40,contentwords,451,0.9857262372970581
xglm_large,facebook/xglm-2.9B,40,contentwords,452,0.9919594526290894
xglm_large,facebook/xglm-2.9B,40,contentwords,453,0.9901769161224365
xglm_large,facebook/xglm-2.9B,40,contentwords,454,0.990660548210144
xglm_large,facebook/xglm-2.9B,40,contentwords,455,0.986191987991333
xglm_large,facebook/xglm-2.9B,40,contentwords,456,0.9891902208328247
xglm_large,facebook/xglm-2.9B,40,contentwords,457,0.9931555986404419
xglm_large,facebook/xglm-2.9B,40,contentwords,458,0.9894351959228516
xglm_large,facebook/xglm-2.9B,40,contentwords,459,0.9898921251296997
xglm_large,facebook/xglm-2.9B,40,contentwords,460,0.9915760159492493
xglm_large,facebook/xglm-2.9B,40,contentwords,461,0.9878112077713013
xglm_large,facebook/xglm-2.9B,40,contentwords,462,0.9904548525810242
xglm_large,facebook/xglm-2.9B,40,contentwords,463,0.9881342053413391
xglm_large,facebook/xglm-2.9B,40,contentwords,464,0.9865105748176575
xglm_large,facebook/xglm-2.9B,40,contentwords,465,0.9868572950363159
xglm_large,facebook/xglm-2.9B,40,contentwords,466,0.989043653011322
xglm_large,facebook/xglm-2.9B,40,contentwords,467,0.9921635389328003
xglm_large,facebook/xglm-2.9B,40,contentwords,468,0.9879937171936035
xglm_large,facebook/xglm-2.9B,40,contentwords,469,0.989533543586731
xglm_large,facebook/xglm-2.9B,40,contentwords,470,0.9898797273635864
xglm_large,facebook/xglm-2.9B,40,contentwords,471,0.9872132539749146
xglm_large,facebook/xglm-2.9B,40,contentwords,472,0.9855139851570129
xglm_large,facebook/xglm-2.9B,40,contentwords,473,0.9933754205703735
xglm_large,facebook/xglm-2.9B,40,contentwords,474,0.9914583563804626
xglm_large,facebook/xglm-2.9B,40,contentwords,475,0.9914717674255371
xglm_large,facebook/xglm-2.9B,40,contentwords,476,0.9886369705200195
xglm_large,facebook/xglm-2.9B,40,contentwords,477,0.9872504472732544
xglm_large,facebook/xglm-2.9B,40,contentwords,478,0.9871035814285278
xglm_large,facebook/xglm-2.9B,40,contentwords,479,0.9903284311294556
xglm_large,facebook/xglm-2.9B,40,contentwords,480,0.9887495040893555
xglm_large,facebook/xglm-2.9B,40,contentwords,481,0.9884080290794373
xglm_large,facebook/xglm-2.9B,40,contentwords,482,0.9872329235076904
xglm_large,facebook/xglm-2.9B,40,contentwords,483,0.9848714470863342
xglm_large,facebook/xglm-2.9B,40,contentwords,484,0.9895253777503967
xglm_large,facebook/xglm-2.9B,40,contentwords,485,0.99078369140625
xglm_large,facebook/xglm-2.9B,40,contentwords,486,0.9861356616020203
xglm_large,facebook/xglm-2.9B,40,contentwords,487,0.9909080862998962
xglm_large,facebook/xglm-2.9B,40,contentwords,488,0.9890125393867493
xglm_large,facebook/xglm-2.9B,40,contentwords,489,0.988820493221283
xglm_large,facebook/xglm-2.9B,40,contentwords,490,0.9909863471984863
xglm_large,facebook/xglm-2.9B,40,contentwords,491,0.9910482168197632
xglm_large,facebook/xglm-2.9B,40,contentwords,492,0.9868102073669434
xglm_large,facebook/xglm-2.9B,40,contentwords,493,0.9890385866165161
xglm_large,facebook/xglm-2.9B,40,contentwords,494,0.987017035484314
xglm_large,facebook/xglm-2.9B,40,contentwords,495,0.9929499626159668
xglm_large,facebook/xglm-2.9B,40,contentwords,496,0.9970829486846924
xglm_large,facebook/xglm-2.9B,40,contentwords,497,0.9903812408447266
xglm_large,facebook/xglm-2.9B,40,contentwords,498,0.988377571105957
xglm_large,facebook/xglm-2.9B,40,contentwords,499,0.9857422709465027
xglm_large,facebook/xglm-2.9B,40,contentwords,500,0.9901555180549622
xglm_large,facebook/xglm-2.9B,40,contentwords,501,0.9867219924926758
xglm_large,facebook/xglm-2.9B,40,contentwords,502,0.9837253093719482
xglm_large,facebook/xglm-2.9B,40,contentwords,503,0.9886117577552795
xglm_large,facebook/xglm-2.9B,40,contentwords,504,0.9900152683258057
xglm_large,facebook/xglm-2.9B,40,contentwords,505,0.9897193312644958
xglm_large,facebook/xglm-2.9B,40,contentwords,506,0.9939587116241455
xglm_large,facebook/xglm-2.9B,40,contentwords,507,0.9867269396781921
xglm_large,facebook/xglm-2.9B,40,contentwords,508,0.9870419502258301
xglm_large,facebook/xglm-2.9B,40,contentwords,509,0.9892714619636536
xglm_large,facebook/xglm-2.9B,40,contentwords,510,0.9855047464370728
xglm_large,facebook/xglm-2.9B,40,contentwords,511,0.9878745675086975
xglm_large,facebook/xglm-2.9B,40,contentwords,512,0.9876407384872437
xglm_large,facebook/xglm-2.9B,40,contentwords,513,0.991540253162384
xglm_large,facebook/xglm-2.9B,40,contentwords,514,0.9902995824813843
xglm_large,facebook/xglm-2.9B,40,contentwords,515,0.9865038990974426
xglm_large,facebook/xglm-2.9B,40,contentwords,516,0.9886752963066101
xglm_large,facebook/xglm-2.9B,40,contentwords,517,0.9903072714805603
xglm_large,facebook/xglm-2.9B,40,contentwords,518,0.986275315284729
xglm_large,facebook/xglm-2.9B,40,contentwords,519,0.9860437512397766
xglm_large,facebook/xglm-2.9B,40,contentwords,520,0.9872157573699951
xglm_large,facebook/xglm-2.9B,40,contentwords,521,0.989054799079895
xglm_large,facebook/xglm-2.9B,40,contentwords,522,0.9907380938529968
xglm_large,facebook/xglm-2.9B,40,contentwords,523,0.9881538152694702
xglm_large,facebook/xglm-2.9B,40,contentwords,524,0.9894276261329651
xglm_large,facebook/xglm-2.9B,40,contentwords,525,0.9844825267791748
xglm_large,facebook/xglm-2.9B,40,contentwords,526,0.9917339086532593
xglm_large,facebook/xglm-2.9B,40,contentwords,527,0.9916827082633972
xglm_large,facebook/xglm-2.9B,40,contentwords,528,0.9915193319320679
xglm_large,facebook/xglm-2.9B,40,contentwords,529,0.9887905120849609
xglm_large,facebook/xglm-2.9B,40,contentwords,530,0.9858036041259766
xglm_large,facebook/xglm-2.9B,40,contentwords,531,0.991819441318512
xglm_large,facebook/xglm-2.9B,40,contentwords,532,0.9925454258918762
xglm_large,facebook/xglm-2.9B,40,contentwords,533,0.9892081618309021
xglm_large,facebook/xglm-2.9B,40,contentwords,534,0.9881444573402405
xglm_large,facebook/xglm-2.9B,40,contentwords,535,0.985383152961731
xglm_large,facebook/xglm-2.9B,40,contentwords,536,0.9864548444747925
xglm_large,facebook/xglm-2.9B,40,contentwords,537,0.9899881482124329
xglm_large,facebook/xglm-2.9B,40,contentwords,538,0.9905217885971069
xglm_large,facebook/xglm-2.9B,40,contentwords,539,0.9866457581520081
xglm_large,facebook/xglm-2.9B,40,contentwords,540,0.9834964871406555
xglm_large,facebook/xglm-2.9B,40,contentwords,541,0.9897235035896301
xglm_large,facebook/xglm-2.9B,40,contentwords,542,0.9905464053153992
xglm_large,facebook/xglm-2.9B,40,contentwords,543,0.9827799797058105
xglm_large,facebook/xglm-2.9B,40,contentwords,544,0.9881890416145325
xglm_large,facebook/xglm-2.9B,40,contentwords,545,0.9867731332778931
xglm_large,facebook/xglm-2.9B,40,contentwords,546,0.9926306009292603
xglm_large,facebook/xglm-2.9B,40,contentwords,547,0.9876124858856201
xglm_large,facebook/xglm-2.9B,40,contentwords,548,0.9884372353553772
xglm_large,facebook/xglm-2.9B,40,contentwords,549,0.991449236869812
xglm_large,facebook/xglm-2.9B,40,contentwords,550,0.9903491735458374
xglm_large,facebook/xglm-2.9B,40,contentwords,551,0.9890140295028687
xglm_large,facebook/xglm-2.9B,40,contentwords,552,0.9924172163009644
xglm_large,facebook/xglm-2.9B,40,contentwords,553,0.9865676164627075
xglm_large,facebook/xglm-2.9B,40,contentwords,554,0.9905082583427429
xglm_large,facebook/xglm-2.9B,40,contentwords,555,0.9893149137496948
xglm_large,facebook/xglm-2.9B,40,contentwords,556,0.9880567789077759
xglm_large,facebook/xglm-2.9B,40,contentwords,557,0.9851515293121338
xglm_large,facebook/xglm-2.9B,40,contentwords,558,0.9904062151908875
xglm_large,facebook/xglm-2.9B,40,contentwords,559,0.9870390295982361
xglm_large,facebook/xglm-2.9B,40,contentwords,560,0.988017201423645
xglm_large,facebook/xglm-2.9B,40,contentwords,561,0.9912717342376709
xglm_large,facebook/xglm-2.9B,40,contentwords,562,0.9903063774108887
xglm_large,facebook/xglm-2.9B,40,contentwords,563,0.9885813593864441
xglm_large,facebook/xglm-2.9B,40,contentwords,564,0.9904500246047974
xglm_large,facebook/xglm-2.9B,40,contentwords,565,0.9893724322319031
xglm_large,facebook/xglm-2.9B,40,contentwords,566,0.9917083978652954
xglm_large,facebook/xglm-2.9B,40,contentwords,567,0.9910042881965637
xglm_large,facebook/xglm-2.9B,40,contentwords,568,0.9909361600875854
xglm_large,facebook/xglm-2.9B,40,contentwords,569,0.990792453289032
xglm_large,facebook/xglm-2.9B,40,contentwords,570,0.9843360185623169
xglm_large,facebook/xglm-2.9B,40,contentwords,571,0.9911014437675476
xglm_large,facebook/xglm-2.9B,40,contentwords,572,0.993781566619873
xglm_large,facebook/xglm-2.9B,40,contentwords,573,0.9894281625747681
xglm_large,facebook/xglm-2.9B,40,contentwords,574,0.9867322444915771
xglm_large,facebook/xglm-2.9B,40,contentwords,575,0.9883383512496948
xglm_large,facebook/xglm-2.9B,40,contentwords,576,0.9903150796890259
xglm_large,facebook/xglm-2.9B,40,contentwords,577,0.9914240837097168
xglm_large,facebook/xglm-2.9B,40,contentwords,578,0.9902869462966919
xglm_large,facebook/xglm-2.9B,40,contentwords,579,0.9947740435600281
xglm_large,facebook/xglm-2.9B,40,contentwords,580,0.9873334169387817
xglm_large,facebook/xglm-2.9B,40,contentwords,581,0.9879107475280762
xglm_large,facebook/xglm-2.9B,40,contentwords,582,0.9848217368125916
xglm_large,facebook/xglm-2.9B,40,contentwords,583,0.9906681180000305
xglm_large,facebook/xglm-2.9B,40,contentwords,584,0.9893109798431396
xglm_large,facebook/xglm-2.9B,40,contentwords,585,0.9918481707572937
xglm_large,facebook/xglm-2.9B,40,contentwords,586,0.9906780123710632
xglm_large,facebook/xglm-2.9B,40,contentwords,587,0.9909538626670837
xglm_large,facebook/xglm-2.9B,40,contentwords,588,0.9887981414794922
xglm_large,facebook/xglm-2.9B,40,contentwords,589,0.992509126663208
xglm_large,facebook/xglm-2.9B,40,contentwords,590,0.9846979975700378
xglm_large,facebook/xglm-2.9B,40,contentwords,591,0.9882598519325256
xglm_large,facebook/xglm-2.9B,40,contentwords,592,0.9935048222541809
xglm_large,facebook/xglm-2.9B,40,contentwords,593,0.9912346005439758
xglm_large,facebook/xglm-2.9B,40,contentwords,594,0.989994466304779
xglm_large,facebook/xglm-2.9B,40,contentwords,595,0.9896425604820251
xglm_large,facebook/xglm-2.9B,40,contentwords,596,0.9847011566162109
xglm_large,facebook/xglm-2.9B,40,contentwords,597,0.9833676218986511
xglm_large,facebook/xglm-2.9B,40,contentwords,598,0.9911196827888489
xglm_large,facebook/xglm-2.9B,40,contentwords,599,0.985882043838501
xglm_large,facebook/xglm-2.9B,40,contentwords,600,0.9884804487228394
xglm_large,facebook/xglm-2.9B,40,contentwords,601,0.9859349727630615
xglm_large,facebook/xglm-2.9B,40,contentwords,602,0.9909530282020569
xglm_large,facebook/xglm-2.9B,40,contentwords,603,0.9896109104156494
xglm_large,facebook/xglm-2.9B,40,contentwords,604,0.9931899905204773
xglm_large,facebook/xglm-2.9B,40,contentwords,605,0.9934659004211426
xglm_large,facebook/xglm-2.9B,40,contentwords,606,0.9905040860176086
xglm_large,facebook/xglm-2.9B,40,contentwords,607,0.9846757650375366
xglm_large,facebook/xglm-2.9B,40,contentwords,608,0.9880502820014954
xglm_large,facebook/xglm-2.9B,40,contentwords,609,0.9839359521865845
xglm_large,facebook/xglm-2.9B,40,contentwords,610,0.9868610501289368
xglm_large,facebook/xglm-2.9B,40,contentwords,611,0.9879469871520996
xglm_large,facebook/xglm-2.9B,40,contentwords,612,0.987787127494812
xglm_large,facebook/xglm-2.9B,40,contentwords,613,0.9884430170059204
xglm_large,facebook/xglm-2.9B,40,contentwords,614,0.9830167889595032
xglm_large,facebook/xglm-2.9B,40,contentwords,615,0.9904841184616089
xglm_large,facebook/xglm-2.9B,40,contentwords,616,0.9883651733398438
xglm_large,facebook/xglm-2.9B,40,contentwords,617,0.9817420840263367
xglm_large,facebook/xglm-2.9B,40,contentwords,618,0.9917641878128052
xglm_large,facebook/xglm-2.9B,40,contentwords,619,0.991985559463501
xglm_large,facebook/xglm-2.9B,40,contentwords,620,0.9866065979003906
xglm_large,facebook/xglm-2.9B,40,contentwords,621,0.9878763556480408
xglm_large,facebook/xglm-2.9B,40,contentwords,622,0.989797830581665
xglm_large,facebook/xglm-2.9B,40,contentwords,623,0.9844799041748047
xglm_large,facebook/xglm-2.9B,40,contentwords,624,0.9900646805763245
xglm_large,facebook/xglm-2.9B,40,contentwords,625,0.9893198609352112
xglm_large,facebook/xglm-2.9B,40,contentwords,626,0.9875494837760925
xglm_large,facebook/xglm-2.9B,40,nouns,0,0.9817502498626709
xglm_large,facebook/xglm-2.9B,40,nouns,1,0.9811046123504639
xglm_large,facebook/xglm-2.9B,40,nouns,2,0.9821256399154663
xglm_large,facebook/xglm-2.9B,40,nouns,3,0.9820725917816162
xglm_large,facebook/xglm-2.9B,40,nouns,4,0.9825778007507324
xglm_large,facebook/xglm-2.9B,40,nouns,5,0.9853387475013733
xglm_large,facebook/xglm-2.9B,40,nouns,6,0.9816938042640686
xglm_large,facebook/xglm-2.9B,40,nouns,7,0.9903306365013123
xglm_large,facebook/xglm-2.9B,40,nouns,8,0.9852566123008728
xglm_large,facebook/xglm-2.9B,40,nouns,9,0.9825030565261841
xglm_large,facebook/xglm-2.9B,40,nouns,10,0.9871981143951416
xglm_large,facebook/xglm-2.9B,40,nouns,11,0.985275149345398
xglm_large,facebook/xglm-2.9B,40,nouns,12,0.9897727370262146
xglm_large,facebook/xglm-2.9B,40,nouns,13,0.9847419261932373
xglm_large,facebook/xglm-2.9B,40,nouns,14,0.9861578941345215
xglm_large,facebook/xglm-2.9B,40,nouns,15,0.9830601811408997
xglm_large,facebook/xglm-2.9B,40,nouns,16,0.9849646091461182
xglm_large,facebook/xglm-2.9B,40,nouns,17,0.9792597889900208
xglm_large,facebook/xglm-2.9B,40,nouns,18,0.9878383278846741
xglm_large,facebook/xglm-2.9B,40,nouns,19,0.9850339293479919
xglm_large,facebook/xglm-2.9B,40,nouns,20,0.9882256388664246
xglm_large,facebook/xglm-2.9B,40,nouns,21,0.9832946062088013
xglm_large,facebook/xglm-2.9B,40,nouns,22,0.9866061806678772
xglm_large,facebook/xglm-2.9B,40,nouns,23,0.9804959893226624
xglm_large,facebook/xglm-2.9B,40,nouns,24,0.9825178384780884
xglm_large,facebook/xglm-2.9B,40,nouns,25,0.9809646606445312
xglm_large,facebook/xglm-2.9B,40,nouns,26,0.9816903471946716
xglm_large,facebook/xglm-2.9B,40,nouns,27,0.9804900884628296
xglm_large,facebook/xglm-2.9B,40,nouns,28,0.9850853681564331
xglm_large,facebook/xglm-2.9B,40,nouns,29,0.9804105758666992
xglm_large,facebook/xglm-2.9B,40,nouns,30,0.9834219217300415
xglm_large,facebook/xglm-2.9B,40,nouns,31,0.9847208261489868
xglm_large,facebook/xglm-2.9B,40,nouns,32,0.9863239526748657
xglm_large,facebook/xglm-2.9B,40,nouns,33,0.9849146604537964
xglm_large,facebook/xglm-2.9B,40,nouns,34,0.9858489632606506
xglm_large,facebook/xglm-2.9B,40,nouns,35,0.9871437549591064
xglm_large,facebook/xglm-2.9B,40,nouns,36,0.9856250286102295
xglm_large,facebook/xglm-2.9B,40,nouns,37,0.9895773530006409
xglm_large,facebook/xglm-2.9B,40,nouns,38,0.9870538711547852
xglm_large,facebook/xglm-2.9B,40,nouns,39,0.9834756255149841
xglm_large,facebook/xglm-2.9B,40,nouns,40,0.987906813621521
xglm_large,facebook/xglm-2.9B,40,nouns,41,0.9848880767822266
xglm_large,facebook/xglm-2.9B,40,nouns,42,0.9801452159881592
xglm_large,facebook/xglm-2.9B,40,nouns,43,0.9883404970169067
xglm_large,facebook/xglm-2.9B,40,nouns,44,0.9848620891571045
xglm_large,facebook/xglm-2.9B,40,nouns,45,0.9907500743865967
xglm_large,facebook/xglm-2.9B,40,nouns,46,0.9882447123527527
xglm_large,facebook/xglm-2.9B,40,nouns,47,0.9805017709732056
xglm_large,facebook/xglm-2.9B,40,nouns,48,0.9912747144699097
xglm_large,facebook/xglm-2.9B,40,nouns,49,0.984809160232544
xglm_large,facebook/xglm-2.9B,40,nouns,50,0.9858592748641968
xglm_large,facebook/xglm-2.9B,40,nouns,51,0.9831156730651855
xglm_large,facebook/xglm-2.9B,40,nouns,52,0.9852796792984009
xglm_large,facebook/xglm-2.9B,40,nouns,53,0.9901071786880493
xglm_large,facebook/xglm-2.9B,40,nouns,54,0.9905422925949097
xglm_large,facebook/xglm-2.9B,40,nouns,55,0.987351655960083
xglm_large,facebook/xglm-2.9B,40,nouns,56,0.9831798076629639
xglm_large,facebook/xglm-2.9B,40,nouns,57,0.9846158623695374
xglm_large,facebook/xglm-2.9B,40,nouns,58,0.986350417137146
xglm_large,facebook/xglm-2.9B,40,nouns,59,0.9858361482620239
xglm_large,facebook/xglm-2.9B,40,nouns,60,0.9838951826095581
xglm_large,facebook/xglm-2.9B,40,nouns,61,0.9855652451515198
xglm_large,facebook/xglm-2.9B,40,nouns,62,0.9901366829872131
xglm_large,facebook/xglm-2.9B,40,nouns,63,0.984173595905304
xglm_large,facebook/xglm-2.9B,40,nouns,64,0.9869420528411865
xglm_large,facebook/xglm-2.9B,40,nouns,65,0.9786794185638428
xglm_large,facebook/xglm-2.9B,40,nouns,66,0.9825186133384705
xglm_large,facebook/xglm-2.9B,40,nouns,67,0.9866759777069092
xglm_large,facebook/xglm-2.9B,40,nouns,68,0.9846341609954834
xglm_large,facebook/xglm-2.9B,40,nouns,69,0.9866055250167847
xglm_large,facebook/xglm-2.9B,40,nouns,70,0.9822172522544861
xglm_large,facebook/xglm-2.9B,40,nouns,71,0.9824361801147461
xglm_large,facebook/xglm-2.9B,40,nouns,72,0.9827746748924255
xglm_large,facebook/xglm-2.9B,40,nouns,73,0.9851985573768616
xglm_large,facebook/xglm-2.9B,40,nouns,74,0.9894372820854187
xglm_large,facebook/xglm-2.9B,40,nouns,75,0.98533034324646
xglm_large,facebook/xglm-2.9B,40,nouns,76,0.9822393655776978
xglm_large,facebook/xglm-2.9B,40,nouns,77,0.9864403009414673
xglm_large,facebook/xglm-2.9B,40,nouns,78,0.9850063920021057
xglm_large,facebook/xglm-2.9B,40,nouns,79,0.9892469644546509
xglm_large,facebook/xglm-2.9B,40,nouns,80,0.9852433204650879
xglm_large,facebook/xglm-2.9B,40,nouns,81,0.9892685413360596
xglm_large,facebook/xglm-2.9B,40,nouns,82,0.9845659136772156
xglm_large,facebook/xglm-2.9B,40,nouns,83,0.9866417646408081
xglm_large,facebook/xglm-2.9B,40,nouns,84,0.9843990802764893
xglm_large,facebook/xglm-2.9B,40,nouns,85,0.9850679636001587
xglm_large,facebook/xglm-2.9B,40,nouns,86,0.9860374331474304
xglm_large,facebook/xglm-2.9B,40,nouns,87,0.9837116599082947
xglm_large,facebook/xglm-2.9B,40,nouns,88,0.9872734546661377
xglm_large,facebook/xglm-2.9B,40,nouns,89,0.9824977517127991
xglm_large,facebook/xglm-2.9B,40,nouns,90,0.9848111271858215
xglm_large,facebook/xglm-2.9B,40,nouns,91,0.9881211519241333
xglm_large,facebook/xglm-2.9B,40,nouns,92,0.9845995903015137
xglm_large,facebook/xglm-2.9B,40,nouns,93,0.9860817193984985
xglm_large,facebook/xglm-2.9B,40,nouns,94,0.9882287383079529
xglm_large,facebook/xglm-2.9B,40,nouns,95,0.9859505295753479
xglm_large,facebook/xglm-2.9B,40,nouns,96,0.9888339638710022
xglm_large,facebook/xglm-2.9B,40,nouns,97,0.9864228963851929
xglm_large,facebook/xglm-2.9B,40,nouns,98,0.9852575659751892
xglm_large,facebook/xglm-2.9B,40,nouns,99,0.9820480942726135
xglm_large,facebook/xglm-2.9B,40,nouns,100,0.9886055588722229
xglm_large,facebook/xglm-2.9B,40,nouns,101,0.9831876158714294
xglm_large,facebook/xglm-2.9B,40,nouns,102,0.987899899482727
xglm_large,facebook/xglm-2.9B,40,nouns,103,0.9921659231185913
xglm_large,facebook/xglm-2.9B,40,nouns,104,0.9869908690452576
xglm_large,facebook/xglm-2.9B,40,nouns,105,0.9852468371391296
xglm_large,facebook/xglm-2.9B,40,nouns,106,0.9896645545959473
xglm_large,facebook/xglm-2.9B,40,nouns,107,0.9892219305038452
xglm_large,facebook/xglm-2.9B,40,nouns,108,0.9847559928894043
xglm_large,facebook/xglm-2.9B,40,nouns,109,0.984462559223175
xglm_large,facebook/xglm-2.9B,40,nouns,110,0.9857977628707886
xglm_large,facebook/xglm-2.9B,40,nouns,111,0.9811627268791199
xglm_large,facebook/xglm-2.9B,40,nouns,112,0.9829288721084595
xglm_large,facebook/xglm-2.9B,40,nouns,113,0.9866434931755066
xglm_large,facebook/xglm-2.9B,40,nouns,114,0.9844713807106018
xglm_large,facebook/xglm-2.9B,40,nouns,115,0.9892792701721191
xglm_large,facebook/xglm-2.9B,40,nouns,116,0.9836434125900269
xglm_large,facebook/xglm-2.9B,40,nouns,117,0.9868224859237671
xglm_large,facebook/xglm-2.9B,40,nouns,118,0.9880870580673218
xglm_large,facebook/xglm-2.9B,40,nouns,119,0.9896025061607361
xglm_large,facebook/xglm-2.9B,40,nouns,120,0.9888937473297119
xglm_large,facebook/xglm-2.9B,40,nouns,121,0.9834263324737549
xglm_large,facebook/xglm-2.9B,40,nouns,122,0.9907323122024536
xglm_large,facebook/xglm-2.9B,40,nouns,123,0.9849916696548462
xglm_large,facebook/xglm-2.9B,40,nouns,124,0.988148033618927
xglm_large,facebook/xglm-2.9B,40,nouns,125,0.9857245087623596
xglm_large,facebook/xglm-2.9B,40,nouns,126,0.9846159815788269
xglm_large,facebook/xglm-2.9B,40,nouns,127,0.9868695735931396
xglm_large,facebook/xglm-2.9B,40,nouns,128,0.9889152646064758
xglm_large,facebook/xglm-2.9B,40,nouns,129,0.9847633838653564
xglm_large,facebook/xglm-2.9B,40,nouns,130,0.9828043580055237
xglm_large,facebook/xglm-2.9B,40,nouns,131,0.9875925779342651
xglm_large,facebook/xglm-2.9B,40,nouns,132,0.9825937747955322
xglm_large,facebook/xglm-2.9B,40,nouns,133,0.9894835352897644
xglm_large,facebook/xglm-2.9B,40,nouns,134,0.9846104979515076
xglm_large,facebook/xglm-2.9B,40,nouns,135,0.9927265644073486
xglm_large,facebook/xglm-2.9B,40,nouns,136,0.9898486733436584
xglm_large,facebook/xglm-2.9B,40,nouns,137,0.9850701093673706
xglm_large,facebook/xglm-2.9B,40,nouns,138,0.9871665835380554
xglm_large,facebook/xglm-2.9B,40,nouns,139,0.9830656051635742
xglm_large,facebook/xglm-2.9B,40,nouns,140,0.9892480373382568
xglm_large,facebook/xglm-2.9B,40,nouns,141,0.9840630292892456
xglm_large,facebook/xglm-2.9B,40,nouns,142,0.987382173538208
xglm_large,facebook/xglm-2.9B,40,nouns,143,0.9854724407196045
xglm_large,facebook/xglm-2.9B,40,nouns,144,0.9865918159484863
xglm_large,facebook/xglm-2.9B,40,nouns,145,0.9857077598571777
xglm_large,facebook/xglm-2.9B,40,nouns,146,0.9844419360160828
xglm_large,facebook/xglm-2.9B,40,nouns,147,0.9819850325584412
xglm_large,facebook/xglm-2.9B,40,nouns,148,0.9794836640357971
xglm_large,facebook/xglm-2.9B,40,nouns,149,0.984149694442749
xglm_large,facebook/xglm-2.9B,40,nouns,150,0.984276533126831
xglm_large,facebook/xglm-2.9B,40,nouns,151,0.9889885783195496
xglm_large,facebook/xglm-2.9B,40,nouns,152,0.9875439405441284
xglm_large,facebook/xglm-2.9B,40,nouns,153,0.9875451326370239
xglm_large,facebook/xglm-2.9B,40,nouns,154,0.9879724383354187
xglm_large,facebook/xglm-2.9B,40,nouns,155,0.9817503690719604
xglm_large,facebook/xglm-2.9B,40,nouns,156,0.984390377998352
xglm_large,facebook/xglm-2.9B,40,nouns,157,0.9854474067687988
xglm_large,facebook/xglm-2.9B,40,nouns,158,0.9888074398040771
xglm_large,facebook/xglm-2.9B,40,nouns,159,0.986803412437439
xglm_large,facebook/xglm-2.9B,40,nouns,160,0.9893056154251099
xglm_large,facebook/xglm-2.9B,40,nouns,161,0.9827044606208801
xglm_large,facebook/xglm-2.9B,40,nouns,162,0.9768154621124268
xglm_large,facebook/xglm-2.9B,40,nouns,163,0.9838199615478516
xglm_large,facebook/xglm-2.9B,40,nouns,164,0.9862682819366455
xglm_large,facebook/xglm-2.9B,40,nouns,165,0.9827141761779785
xglm_large,facebook/xglm-2.9B,40,nouns,166,0.9875078201293945
xglm_large,facebook/xglm-2.9B,40,nouns,167,0.9849690794944763
xglm_large,facebook/xglm-2.9B,40,nouns,168,0.9878422021865845
xglm_large,facebook/xglm-2.9B,40,nouns,169,0.9838075637817383
xglm_large,facebook/xglm-2.9B,40,nouns,170,0.989385724067688
xglm_large,facebook/xglm-2.9B,40,nouns,171,0.9873164296150208
xglm_large,facebook/xglm-2.9B,40,nouns,172,0.9836145639419556
xglm_large,facebook/xglm-2.9B,40,nouns,173,0.9867029786109924
xglm_large,facebook/xglm-2.9B,40,nouns,174,0.9818360805511475
xglm_large,facebook/xglm-2.9B,40,nouns,175,0.9890308380126953
xglm_large,facebook/xglm-2.9B,40,nouns,176,0.9823045134544373
xglm_large,facebook/xglm-2.9B,40,nouns,177,0.9856137633323669
xglm_large,facebook/xglm-2.9B,40,nouns,178,0.9890859723091125
xglm_large,facebook/xglm-2.9B,40,nouns,179,0.9894562363624573
xglm_large,facebook/xglm-2.9B,40,nouns,180,0.9862369298934937
xglm_large,facebook/xglm-2.9B,40,nouns,181,0.9852045178413391
xglm_large,facebook/xglm-2.9B,40,nouns,182,0.9880319237709045
xglm_large,facebook/xglm-2.9B,40,nouns,183,0.9920107126235962
xglm_large,facebook/xglm-2.9B,40,nouns,184,0.986752986907959
xglm_large,facebook/xglm-2.9B,40,nouns,185,0.9864963889122009
xglm_large,facebook/xglm-2.9B,40,nouns,186,0.9869042634963989
xglm_large,facebook/xglm-2.9B,40,nouns,187,0.984179675579071
xglm_large,facebook/xglm-2.9B,40,nouns,188,0.9860315322875977
xglm_large,facebook/xglm-2.9B,40,nouns,189,0.9868505001068115
xglm_large,facebook/xglm-2.9B,40,nouns,190,0.9852852821350098
xglm_large,facebook/xglm-2.9B,40,nouns,191,0.9852180480957031
xglm_large,facebook/xglm-2.9B,40,nouns,192,0.9876430034637451
xglm_large,facebook/xglm-2.9B,40,nouns,193,0.979787290096283
xglm_large,facebook/xglm-2.9B,40,nouns,194,0.9873682856559753
xglm_large,facebook/xglm-2.9B,40,nouns,195,0.9881613254547119
xglm_large,facebook/xglm-2.9B,40,nouns,196,0.9897684454917908
xglm_large,facebook/xglm-2.9B,40,nouns,197,0.9846731424331665
xglm_large,facebook/xglm-2.9B,40,nouns,198,0.9836812615394592
xglm_large,facebook/xglm-2.9B,40,nouns,199,0.9861903786659241
xglm_large,facebook/xglm-2.9B,40,nouns,200,0.9850825071334839
xglm_large,facebook/xglm-2.9B,40,nouns,201,0.9901033043861389
xglm_large,facebook/xglm-2.9B,40,nouns,202,0.9769601225852966
xglm_large,facebook/xglm-2.9B,40,nouns,203,0.983503520488739
xglm_large,facebook/xglm-2.9B,40,nouns,204,0.9911609292030334
xglm_large,facebook/xglm-2.9B,40,nouns,205,0.9875170588493347
xglm_large,facebook/xglm-2.9B,40,nouns,206,0.9847947955131531
xglm_large,facebook/xglm-2.9B,40,nouns,207,0.9855266809463501
xglm_large,facebook/xglm-2.9B,40,nouns,208,0.9855731725692749
xglm_large,facebook/xglm-2.9B,40,nouns,209,0.9904967546463013
xglm_large,facebook/xglm-2.9B,40,nouns,210,0.9852437376976013
xglm_large,facebook/xglm-2.9B,40,nouns,211,0.985440194606781
xglm_large,facebook/xglm-2.9B,40,nouns,212,0.98802250623703
xglm_large,facebook/xglm-2.9B,40,nouns,213,0.9819031953811646
xglm_large,facebook/xglm-2.9B,40,nouns,214,0.9855202436447144
xglm_large,facebook/xglm-2.9B,40,nouns,215,0.9885972738265991
xglm_large,facebook/xglm-2.9B,40,nouns,216,0.9853717684745789
xglm_large,facebook/xglm-2.9B,40,nouns,217,0.989221453666687
xglm_large,facebook/xglm-2.9B,40,nouns,218,0.9823467135429382
xglm_large,facebook/xglm-2.9B,40,nouns,219,0.9868556261062622
xglm_large,facebook/xglm-2.9B,40,nouns,220,0.9897100329399109
xglm_large,facebook/xglm-2.9B,40,nouns,221,0.9856613874435425
xglm_large,facebook/xglm-2.9B,40,nouns,222,0.9862518310546875
xglm_large,facebook/xglm-2.9B,40,nouns,223,0.984731137752533
xglm_large,facebook/xglm-2.9B,40,nouns,224,0.9860014915466309
xglm_large,facebook/xglm-2.9B,40,nouns,225,0.9825253486633301
xglm_large,facebook/xglm-2.9B,40,nouns,226,0.9905960559844971
xglm_large,facebook/xglm-2.9B,40,nouns,227,0.987646222114563
xglm_large,facebook/xglm-2.9B,40,nouns,228,0.9891918897628784
xglm_large,facebook/xglm-2.9B,40,nouns,229,0.9899274110794067
xglm_large,facebook/xglm-2.9B,40,nouns,230,0.989795446395874
xglm_large,facebook/xglm-2.9B,40,nouns,231,0.9875648617744446
xglm_large,facebook/xglm-2.9B,40,nouns,232,0.9864518046379089
xglm_large,facebook/xglm-2.9B,40,nouns,233,0.985110342502594
xglm_large,facebook/xglm-2.9B,40,nouns,234,0.9860256314277649
xglm_large,facebook/xglm-2.9B,40,nouns,235,0.9834430813789368
xglm_large,facebook/xglm-2.9B,40,nouns,236,0.9853240847587585
xglm_large,facebook/xglm-2.9B,40,nouns,237,0.9879013299942017
xglm_large,facebook/xglm-2.9B,40,nouns,238,0.9816964864730835
xglm_large,facebook/xglm-2.9B,40,nouns,239,0.9824209809303284
xglm_large,facebook/xglm-2.9B,40,nouns,240,0.9888965487480164
xglm_large,facebook/xglm-2.9B,40,nouns,241,0.9813888072967529
xglm_large,facebook/xglm-2.9B,40,nouns,242,0.9896426796913147
xglm_large,facebook/xglm-2.9B,40,nouns,243,0.984081506729126
xglm_large,facebook/xglm-2.9B,40,nouns,244,0.9835634231567383
xglm_large,facebook/xglm-2.9B,40,nouns,245,0.9920703768730164
xglm_large,facebook/xglm-2.9B,40,nouns,246,0.9824210405349731
xglm_large,facebook/xglm-2.9B,40,nouns,247,0.9860735535621643
xglm_large,facebook/xglm-2.9B,40,nouns,248,0.9827410578727722
xglm_large,facebook/xglm-2.9B,40,nouns,249,0.982574462890625
xglm_large,facebook/xglm-2.9B,40,nouns,250,0.9880121350288391
xglm_large,facebook/xglm-2.9B,40,nouns,251,0.9887359142303467
xglm_large,facebook/xglm-2.9B,40,nouns,252,0.983269453048706
xglm_large,facebook/xglm-2.9B,40,nouns,253,0.9896352291107178
xglm_large,facebook/xglm-2.9B,40,nouns,254,0.9871736764907837
xglm_large,facebook/xglm-2.9B,40,nouns,255,0.9779899716377258
xglm_large,facebook/xglm-2.9B,40,nouns,256,0.987791895866394
xglm_large,facebook/xglm-2.9B,40,nouns,257,0.9873852729797363
xglm_large,facebook/xglm-2.9B,40,nouns,258,0.9867345690727234
xglm_large,facebook/xglm-2.9B,40,nouns,259,0.9883800148963928
xglm_large,facebook/xglm-2.9B,40,nouns,260,0.9876391291618347
xglm_large,facebook/xglm-2.9B,40,nouns,261,0.9833926558494568
xglm_large,facebook/xglm-2.9B,40,nouns,262,0.9872064590454102
xglm_large,facebook/xglm-2.9B,40,nouns,263,0.9833382368087769
xglm_large,facebook/xglm-2.9B,40,nouns,264,0.9835832715034485
xglm_large,facebook/xglm-2.9B,40,nouns,265,0.9829888939857483
xglm_large,facebook/xglm-2.9B,40,nouns,266,0.9877896904945374
xglm_large,facebook/xglm-2.9B,40,nouns,267,0.9869301319122314
xglm_large,facebook/xglm-2.9B,40,nouns,268,0.988113284111023
xglm_large,facebook/xglm-2.9B,40,nouns,269,0.9876341819763184
xglm_large,facebook/xglm-2.9B,40,nouns,270,0.9779013991355896
xglm_large,facebook/xglm-2.9B,40,nouns,271,0.9918880462646484
xglm_large,facebook/xglm-2.9B,40,nouns,272,0.9834374785423279
xglm_large,facebook/xglm-2.9B,40,nouns,273,0.9857771992683411
xglm_large,facebook/xglm-2.9B,40,nouns,274,0.9881026148796082
xglm_large,facebook/xglm-2.9B,40,nouns,275,0.991197943687439
xglm_large,facebook/xglm-2.9B,40,nouns,276,0.9866870045661926
xglm_large,facebook/xglm-2.9B,40,nouns,277,0.9823511838912964
xglm_large,facebook/xglm-2.9B,40,nouns,278,0.9815003871917725
xglm_large,facebook/xglm-2.9B,40,nouns,279,0.9865607023239136
xglm_large,facebook/xglm-2.9B,40,nouns,280,0.9874553680419922
xglm_large,facebook/xglm-2.9B,40,nouns,281,0.9853923320770264
xglm_large,facebook/xglm-2.9B,40,nouns,282,0.9908374547958374
xglm_large,facebook/xglm-2.9B,40,nouns,283,0.9826124310493469
xglm_large,facebook/xglm-2.9B,40,nouns,284,0.9856315851211548
xglm_large,facebook/xglm-2.9B,40,nouns,285,0.9836766719818115
xglm_large,facebook/xglm-2.9B,40,nouns,286,0.9847527742385864
xglm_large,facebook/xglm-2.9B,40,nouns,287,0.986171543598175
xglm_large,facebook/xglm-2.9B,40,nouns,288,0.9858549237251282
xglm_large,facebook/xglm-2.9B,40,nouns,289,0.9830424189567566
xglm_large,facebook/xglm-2.9B,40,nouns,290,0.9818941950798035
xglm_large,facebook/xglm-2.9B,40,nouns,291,0.9887503981590271
xglm_large,facebook/xglm-2.9B,40,nouns,292,0.9837591052055359
xglm_large,facebook/xglm-2.9B,40,nouns,293,0.9853109121322632
xglm_large,facebook/xglm-2.9B,40,nouns,294,0.9880970120429993
xglm_large,facebook/xglm-2.9B,40,nouns,295,0.990757942199707
xglm_large,facebook/xglm-2.9B,40,nouns,296,0.9858806133270264
xglm_large,facebook/xglm-2.9B,40,nouns,297,0.9886724948883057
xglm_large,facebook/xglm-2.9B,40,nouns,298,0.9872785806655884
xglm_large,facebook/xglm-2.9B,40,nouns,299,0.9867591857910156
xglm_large,facebook/xglm-2.9B,40,nouns,300,0.9839276671409607
xglm_large,facebook/xglm-2.9B,40,nouns,301,0.9826135039329529
xglm_large,facebook/xglm-2.9B,40,nouns,302,0.9836292862892151
xglm_large,facebook/xglm-2.9B,40,nouns,303,0.9901406168937683
xglm_large,facebook/xglm-2.9B,40,nouns,304,0.9904931783676147
xglm_large,facebook/xglm-2.9B,40,nouns,305,0.9888660311698914
xglm_large,facebook/xglm-2.9B,40,nouns,306,0.9812107086181641
xglm_large,facebook/xglm-2.9B,40,nouns,307,0.9867212176322937
xglm_large,facebook/xglm-2.9B,40,nouns,308,0.9868379235267639
xglm_large,facebook/xglm-2.9B,40,nouns,309,0.9864010810852051
xglm_large,facebook/xglm-2.9B,40,nouns,310,0.9931873083114624
xglm_large,facebook/xglm-2.9B,40,nouns,311,0.9842579364776611
xglm_large,facebook/xglm-2.9B,40,nouns,312,0.9898881316184998
xglm_large,facebook/xglm-2.9B,40,nouns,313,0.9866947531700134
xglm_large,facebook/xglm-2.9B,40,nouns,314,0.9871003031730652
xglm_large,facebook/xglm-2.9B,40,nouns,315,0.9874757528305054
xglm_large,facebook/xglm-2.9B,40,nouns,316,0.9834248423576355
xglm_large,facebook/xglm-2.9B,40,nouns,317,0.9863300919532776
xglm_large,facebook/xglm-2.9B,40,nouns,318,0.9863491654396057
xglm_large,facebook/xglm-2.9B,40,nouns,319,0.988020658493042
xglm_large,facebook/xglm-2.9B,40,nouns,320,0.9865862727165222
xglm_large,facebook/xglm-2.9B,40,nouns,321,0.9854960441589355
xglm_large,facebook/xglm-2.9B,40,nouns,322,0.9806734323501587
xglm_large,facebook/xglm-2.9B,40,nouns,323,0.9854463338851929
xglm_large,facebook/xglm-2.9B,40,nouns,324,0.9821798205375671
xglm_large,facebook/xglm-2.9B,40,nouns,325,0.9869807958602905
xglm_large,facebook/xglm-2.9B,40,nouns,326,0.9849480390548706
xglm_large,facebook/xglm-2.9B,40,nouns,327,0.9829401969909668
xglm_large,facebook/xglm-2.9B,40,nouns,328,0.982068657875061
xglm_large,facebook/xglm-2.9B,40,nouns,329,0.9893894195556641
xglm_large,facebook/xglm-2.9B,40,nouns,330,0.9882140159606934
xglm_large,facebook/xglm-2.9B,40,nouns,331,0.9827069640159607
xglm_large,facebook/xglm-2.9B,40,nouns,332,0.9892194271087646
xglm_large,facebook/xglm-2.9B,40,nouns,333,0.9866552352905273
xglm_large,facebook/xglm-2.9B,40,nouns,334,0.9863995909690857
xglm_large,facebook/xglm-2.9B,40,nouns,335,0.9839627146720886
xglm_large,facebook/xglm-2.9B,40,nouns,336,0.9888540506362915
xglm_large,facebook/xglm-2.9B,40,nouns,337,0.9812520146369934
xglm_large,facebook/xglm-2.9B,40,nouns,338,0.988015353679657
xglm_large,facebook/xglm-2.9B,40,nouns,339,0.9810213446617126
xglm_large,facebook/xglm-2.9B,40,nouns,340,0.9817131757736206
xglm_large,facebook/xglm-2.9B,40,nouns,341,0.9884546399116516
xglm_large,facebook/xglm-2.9B,40,nouns,342,0.9791356921195984
xglm_large,facebook/xglm-2.9B,40,nouns,343,0.9866057634353638
xglm_large,facebook/xglm-2.9B,40,nouns,344,0.9821929931640625
xglm_large,facebook/xglm-2.9B,40,nouns,345,0.9851616024971008
xglm_large,facebook/xglm-2.9B,40,nouns,346,0.9842128157615662
xglm_large,facebook/xglm-2.9B,40,nouns,347,0.9783105850219727
xglm_large,facebook/xglm-2.9B,40,nouns,348,0.979168176651001
xglm_large,facebook/xglm-2.9B,40,nouns,349,0.9881876111030579
xglm_large,facebook/xglm-2.9B,40,nouns,350,0.9849348664283752
xglm_large,facebook/xglm-2.9B,40,nouns,351,0.9889295101165771
xglm_large,facebook/xglm-2.9B,40,nouns,352,0.9842239022254944
xglm_large,facebook/xglm-2.9B,40,nouns,353,0.9863068461418152
xglm_large,facebook/xglm-2.9B,40,nouns,354,0.9860679507255554
xglm_large,facebook/xglm-2.9B,40,nouns,355,0.9847897291183472
xglm_large,facebook/xglm-2.9B,40,nouns,356,0.9876253008842468
xglm_large,facebook/xglm-2.9B,40,nouns,357,0.9873508214950562
xglm_large,facebook/xglm-2.9B,40,nouns,358,0.9863482117652893
xglm_large,facebook/xglm-2.9B,40,nouns,359,0.9822643995285034
xglm_large,facebook/xglm-2.9B,40,nouns,360,0.9909349083900452
xglm_large,facebook/xglm-2.9B,40,nouns,361,0.9861829876899719
xglm_large,facebook/xglm-2.9B,40,nouns,362,0.9864978194236755
xglm_large,facebook/xglm-2.9B,40,nouns,363,0.9873566031455994
xglm_large,facebook/xglm-2.9B,40,nouns,364,0.9862543940544128
xglm_large,facebook/xglm-2.9B,40,nouns,365,0.9880572557449341
xglm_large,facebook/xglm-2.9B,40,nouns,366,0.984573245048523
xglm_large,facebook/xglm-2.9B,40,nouns,367,0.9881883263587952
xglm_large,facebook/xglm-2.9B,40,nouns,368,0.9893445372581482
xglm_large,facebook/xglm-2.9B,40,nouns,369,0.9877498745918274
xglm_large,facebook/xglm-2.9B,40,nouns,370,0.9801086187362671
xglm_large,facebook/xglm-2.9B,40,nouns,371,0.9772169589996338
xglm_large,facebook/xglm-2.9B,40,nouns,372,0.984771728515625
xglm_large,facebook/xglm-2.9B,40,nouns,373,0.9795774221420288
xglm_large,facebook/xglm-2.9B,40,nouns,374,0.9849939942359924
xglm_large,facebook/xglm-2.9B,40,nouns,375,0.9873154163360596
xglm_large,facebook/xglm-2.9B,40,nouns,376,0.9849388003349304
xglm_large,facebook/xglm-2.9B,40,nouns,377,0.989268958568573
xglm_large,facebook/xglm-2.9B,40,nouns,378,0.9850977659225464
xglm_large,facebook/xglm-2.9B,40,nouns,379,0.9883317351341248
xglm_large,facebook/xglm-2.9B,40,nouns,380,0.9860308170318604
xglm_large,facebook/xglm-2.9B,40,nouns,381,0.9874378442764282
xglm_large,facebook/xglm-2.9B,40,nouns,382,0.9793134927749634
xglm_large,facebook/xglm-2.9B,40,nouns,383,0.9853740334510803
xglm_large,facebook/xglm-2.9B,40,nouns,384,0.9903603792190552
xglm_large,facebook/xglm-2.9B,40,nouns,385,0.9833317995071411
xglm_large,facebook/xglm-2.9B,40,nouns,386,0.9894980192184448
xglm_large,facebook/xglm-2.9B,40,nouns,387,0.9907029867172241
xglm_large,facebook/xglm-2.9B,40,nouns,388,0.9899250864982605
xglm_large,facebook/xglm-2.9B,40,nouns,389,0.9831110835075378
xglm_large,facebook/xglm-2.9B,40,nouns,390,0.9841322302818298
xglm_large,facebook/xglm-2.9B,40,nouns,391,0.9874607920646667
xglm_large,facebook/xglm-2.9B,40,nouns,392,0.984408438205719
xglm_large,facebook/xglm-2.9B,40,nouns,393,0.9887511730194092
xglm_large,facebook/xglm-2.9B,40,nouns,394,0.9840686321258545
xglm_large,facebook/xglm-2.9B,40,nouns,395,0.9880215525627136
xglm_large,facebook/xglm-2.9B,40,nouns,396,0.9827874302864075
xglm_large,facebook/xglm-2.9B,40,nouns,397,0.9829309582710266
xglm_large,facebook/xglm-2.9B,40,nouns,398,0.982262372970581
xglm_large,facebook/xglm-2.9B,40,nouns,399,0.981124222278595
xglm_large,facebook/xglm-2.9B,40,nouns,400,0.9861704707145691
xglm_large,facebook/xglm-2.9B,40,nouns,401,0.9841080904006958
xglm_large,facebook/xglm-2.9B,40,nouns,402,0.9903645515441895
xglm_large,facebook/xglm-2.9B,40,nouns,403,0.9878166913986206
xglm_large,facebook/xglm-2.9B,40,nouns,404,0.9829851388931274
xglm_large,facebook/xglm-2.9B,40,nouns,405,0.9885030388832092
xglm_large,facebook/xglm-2.9B,40,nouns,406,0.9882618188858032
xglm_large,facebook/xglm-2.9B,40,nouns,407,0.9878321886062622
xglm_large,facebook/xglm-2.9B,40,nouns,408,0.9893288612365723
xglm_large,facebook/xglm-2.9B,40,nouns,409,0.9880032539367676
xglm_large,facebook/xglm-2.9B,40,nouns,410,0.9870907068252563
xglm_large,facebook/xglm-2.9B,40,nouns,411,0.9808879494667053
xglm_large,facebook/xglm-2.9B,40,nouns,412,0.9884832501411438
xglm_large,facebook/xglm-2.9B,40,nouns,413,0.9868021011352539
xglm_large,facebook/xglm-2.9B,40,nouns,414,0.9884873628616333
xglm_large,facebook/xglm-2.9B,40,nouns,415,0.9857957363128662
xglm_large,facebook/xglm-2.9B,40,nouns,416,0.9839159250259399
xglm_large,facebook/xglm-2.9B,40,nouns,417,0.9854965209960938
xglm_large,facebook/xglm-2.9B,40,nouns,418,0.9889262914657593
xglm_large,facebook/xglm-2.9B,40,nouns,419,0.9866061210632324
xglm_large,facebook/xglm-2.9B,40,nouns,420,0.9848554134368896
xglm_large,facebook/xglm-2.9B,40,nouns,421,0.9825423955917358
xglm_large,facebook/xglm-2.9B,40,nouns,422,0.9876267313957214
xglm_large,facebook/xglm-2.9B,40,nouns,423,0.9807536005973816
xglm_large,facebook/xglm-2.9B,40,nouns,424,0.9874957203865051
xglm_large,facebook/xglm-2.9B,40,nouns,425,0.9842092394828796
xglm_large,facebook/xglm-2.9B,40,nouns,426,0.9845696091651917
xglm_large,facebook/xglm-2.9B,40,nouns,427,0.9895696640014648
xglm_large,facebook/xglm-2.9B,40,nouns,428,0.990162193775177
xglm_large,facebook/xglm-2.9B,40,nouns,429,0.9839997887611389
xglm_large,facebook/xglm-2.9B,40,nouns,430,0.9847408533096313
xglm_large,facebook/xglm-2.9B,40,nouns,431,0.9831433892250061
xglm_large,facebook/xglm-2.9B,40,nouns,432,0.986069917678833
xglm_large,facebook/xglm-2.9B,40,nouns,433,0.9905248880386353
xglm_large,facebook/xglm-2.9B,40,nouns,434,0.9855483770370483
xglm_large,facebook/xglm-2.9B,40,nouns,435,0.9890207052230835
xglm_large,facebook/xglm-2.9B,40,nouns,436,0.9822971224784851
xglm_large,facebook/xglm-2.9B,40,nouns,437,0.9847345948219299
xglm_large,facebook/xglm-2.9B,40,nouns,438,0.9881298542022705
xglm_large,facebook/xglm-2.9B,40,nouns,439,0.9851009845733643
xglm_large,facebook/xglm-2.9B,40,nouns,440,0.9875916838645935
xglm_large,facebook/xglm-2.9B,40,nouns,441,0.9875438213348389
xglm_large,facebook/xglm-2.9B,40,nouns,442,0.9838647246360779
xglm_large,facebook/xglm-2.9B,40,nouns,443,0.9880120754241943
xglm_large,facebook/xglm-2.9B,40,nouns,444,0.9830629825592041
xglm_large,facebook/xglm-2.9B,40,nouns,445,0.9854703545570374
xglm_large,facebook/xglm-2.9B,40,nouns,446,0.9820206761360168
xglm_large,facebook/xglm-2.9B,40,nouns,447,0.98598313331604
xglm_large,facebook/xglm-2.9B,40,nouns,448,0.9849314093589783
xglm_large,facebook/xglm-2.9B,40,nouns,449,0.9837497472763062
xglm_large,facebook/xglm-2.9B,40,nouns,450,0.9845570921897888
xglm_large,facebook/xglm-2.9B,40,nouns,451,0.9905073642730713
xglm_large,facebook/xglm-2.9B,40,nouns,452,0.9844886064529419
xglm_large,facebook/xglm-2.9B,40,nouns,453,0.9851482510566711
xglm_large,facebook/xglm-2.9B,40,nouns,454,0.9860411286354065
xglm_large,facebook/xglm-2.9B,40,nouns,455,0.9853326082229614
xglm_large,facebook/xglm-2.9B,40,nouns,456,0.9898260235786438
xglm_large,facebook/xglm-2.9B,40,nouns,457,0.986555814743042
xglm_large,facebook/xglm-2.9B,40,nouns,458,0.9893507957458496
xglm_large,facebook/xglm-2.9B,40,nouns,459,0.9873520135879517
xglm_large,facebook/xglm-2.9B,40,nouns,460,0.9899187088012695
xglm_large,facebook/xglm-2.9B,40,nouns,461,0.9889755249023438
xglm_large,facebook/xglm-2.9B,40,nouns,462,0.9845424294471741
xglm_large,facebook/xglm-2.9B,40,nouns,463,0.9861934185028076
xglm_large,facebook/xglm-2.9B,40,nouns,464,0.9866969585418701
xglm_large,facebook/xglm-2.9B,40,nouns,465,0.9810518026351929
xglm_large,facebook/xglm-2.9B,40,nouns,466,0.9865768551826477
xglm_large,facebook/xglm-2.9B,40,nouns,467,0.9860004186630249
xglm_large,facebook/xglm-2.9B,40,nouns,468,0.9843214750289917
xglm_large,facebook/xglm-2.9B,40,nouns,469,0.9868643283843994
xglm_large,facebook/xglm-2.9B,40,nouns,470,0.9817996621131897
xglm_large,facebook/xglm-2.9B,40,nouns,471,0.9804941415786743
xglm_large,facebook/xglm-2.9B,40,nouns,472,0.9840304851531982
xglm_large,facebook/xglm-2.9B,40,nouns,473,0.9853250980377197
xglm_large,facebook/xglm-2.9B,40,nouns,474,0.9830908179283142
xglm_large,facebook/xglm-2.9B,40,nouns,475,0.9860668182373047
xglm_large,facebook/xglm-2.9B,40,nouns,476,0.9843961596488953
xglm_large,facebook/xglm-2.9B,40,nouns,477,0.9882991313934326
xglm_large,facebook/xglm-2.9B,40,nouns,478,0.9870737791061401
xglm_large,facebook/xglm-2.9B,40,nouns,479,0.9900617599487305
xglm_large,facebook/xglm-2.9B,40,nouns,480,0.9836673736572266
xglm_large,facebook/xglm-2.9B,40,nouns,481,0.9879567623138428
xglm_large,facebook/xglm-2.9B,40,nouns,482,0.9829943776130676
xglm_large,facebook/xglm-2.9B,40,nouns,483,0.9848901033401489
xglm_large,facebook/xglm-2.9B,40,nouns,484,0.9894353747367859
xglm_large,facebook/xglm-2.9B,40,nouns,485,0.9870502948760986
xglm_large,facebook/xglm-2.9B,40,nouns,486,0.9882409572601318
xglm_large,facebook/xglm-2.9B,40,nouns,487,0.9861400723457336
xglm_large,facebook/xglm-2.9B,40,nouns,488,0.9827883839607239
xglm_large,facebook/xglm-2.9B,40,nouns,489,0.9823973178863525
xglm_large,facebook/xglm-2.9B,40,nouns,490,0.9872101545333862
xglm_large,facebook/xglm-2.9B,40,nouns,491,0.9850559234619141
xglm_large,facebook/xglm-2.9B,40,nouns,492,0.9875069260597229
xglm_large,facebook/xglm-2.9B,40,nouns,493,0.9888150691986084
xglm_large,facebook/xglm-2.9B,40,nouns,494,0.9892410039901733
xglm_large,facebook/xglm-2.9B,40,nouns,495,0.9898396730422974
xglm_large,facebook/xglm-2.9B,40,nouns,496,0.985999345779419
xglm_large,facebook/xglm-2.9B,40,nouns,497,0.9828034043312073
xglm_large,facebook/xglm-2.9B,40,nouns,498,0.9902718663215637
xglm_large,facebook/xglm-2.9B,40,nouns,499,0.9825113415718079
xglm_large,facebook/xglm-2.9B,40,nouns,500,0.9825047254562378
xglm_large,facebook/xglm-2.9B,40,nouns,501,0.9875175952911377
xglm_large,facebook/xglm-2.9B,40,nouns,502,0.9829959869384766
xglm_large,facebook/xglm-2.9B,40,nouns,503,0.9870913028717041
xglm_large,facebook/xglm-2.9B,40,nouns,504,0.9843142628669739
xglm_large,facebook/xglm-2.9B,40,nouns,505,0.9847457408905029
xglm_large,facebook/xglm-2.9B,40,nouns,506,0.9894618988037109
xglm_large,facebook/xglm-2.9B,40,nouns,507,0.9839808344841003
xglm_large,facebook/xglm-2.9B,40,nouns,508,0.9867722988128662
xglm_large,facebook/xglm-2.9B,40,nouns,509,0.9911295175552368
xglm_large,facebook/xglm-2.9B,40,nouns,510,0.9880918264389038
xglm_large,facebook/xglm-2.9B,40,nouns,511,0.9896142482757568
xglm_large,facebook/xglm-2.9B,40,nouns,512,0.9873329401016235
xglm_large,facebook/xglm-2.9B,40,nouns,513,0.9883522391319275
xglm_large,facebook/xglm-2.9B,40,nouns,514,0.9861645698547363
xglm_large,facebook/xglm-2.9B,40,nouns,515,0.9861674904823303
xglm_large,facebook/xglm-2.9B,40,nouns,516,0.9861762523651123
xglm_large,facebook/xglm-2.9B,40,nouns,517,0.9899667501449585
xglm_large,facebook/xglm-2.9B,40,nouns,518,0.9848657250404358
xglm_large,facebook/xglm-2.9B,40,nouns,519,0.9823907613754272
xglm_large,facebook/xglm-2.9B,40,nouns,520,0.9805361032485962
xglm_large,facebook/xglm-2.9B,40,nouns,521,0.9828273057937622
xglm_large,facebook/xglm-2.9B,40,nouns,522,0.985474169254303
xglm_large,facebook/xglm-2.9B,40,nouns,523,0.9828905463218689
xglm_large,facebook/xglm-2.9B,40,nouns,524,0.9849587678909302
xglm_large,facebook/xglm-2.9B,40,nouns,525,0.9849730730056763
xglm_large,facebook/xglm-2.9B,40,nouns,526,0.9893820881843567
xglm_large,facebook/xglm-2.9B,40,nouns,527,0.9901172518730164
xglm_large,facebook/xglm-2.9B,40,nouns,528,0.9893301725387573
xglm_large,facebook/xglm-2.9B,40,nouns,529,0.9880713820457458
xglm_large,facebook/xglm-2.9B,40,nouns,530,0.9837521314620972
xglm_large,facebook/xglm-2.9B,40,nouns,531,0.9885566234588623
xglm_large,facebook/xglm-2.9B,40,nouns,532,0.9830453395843506
xglm_large,facebook/xglm-2.9B,40,nouns,533,0.983203113079071
xglm_large,facebook/xglm-2.9B,40,nouns,534,0.9870872497558594
xglm_large,facebook/xglm-2.9B,40,nouns,535,0.983675479888916
xglm_large,facebook/xglm-2.9B,40,nouns,536,0.9857985377311707
xglm_large,facebook/xglm-2.9B,40,nouns,537,0.9854398965835571
xglm_large,facebook/xglm-2.9B,40,nouns,538,0.9877049326896667
xglm_large,facebook/xglm-2.9B,40,nouns,539,0.982853889465332
xglm_large,facebook/xglm-2.9B,40,nouns,540,0.9835647940635681
xglm_large,facebook/xglm-2.9B,40,nouns,541,0.9875703454017639
xglm_large,facebook/xglm-2.9B,40,nouns,542,0.9874758124351501
xglm_large,facebook/xglm-2.9B,40,nouns,543,0.9837151765823364
xglm_large,facebook/xglm-2.9B,40,nouns,544,0.9828129410743713
xglm_large,facebook/xglm-2.9B,40,nouns,545,0.9858601689338684
xglm_large,facebook/xglm-2.9B,40,nouns,546,0.9917274117469788
xglm_large,facebook/xglm-2.9B,40,nouns,547,0.9867210388183594
xglm_large,facebook/xglm-2.9B,40,nouns,548,0.9873918890953064
xglm_large,facebook/xglm-2.9B,40,nouns,549,0.9873343706130981
xglm_large,facebook/xglm-2.9B,40,nouns,550,0.9893122315406799
xglm_large,facebook/xglm-2.9B,40,nouns,551,0.986548662185669
xglm_large,facebook/xglm-2.9B,40,nouns,552,0.9905276894569397
xglm_large,facebook/xglm-2.9B,40,nouns,553,0.9842317700386047
xglm_large,facebook/xglm-2.9B,40,nouns,554,0.9897212982177734
xglm_large,facebook/xglm-2.9B,40,nouns,555,0.9845529794692993
xglm_large,facebook/xglm-2.9B,40,nouns,556,0.9903690814971924
xglm_large,facebook/xglm-2.9B,40,nouns,557,0.9847795963287354
xglm_large,facebook/xglm-2.9B,40,nouns,558,0.9855461120605469
xglm_large,facebook/xglm-2.9B,40,nouns,559,0.9839228987693787
xglm_large,facebook/xglm-2.9B,40,nouns,560,0.9838704466819763
xglm_large,facebook/xglm-2.9B,40,nouns,561,0.9862028956413269
xglm_large,facebook/xglm-2.9B,40,nouns,562,0.9850457906723022
xglm_large,facebook/xglm-2.9B,40,nouns,563,0.9916133880615234
xglm_large,facebook/xglm-2.9B,40,nouns,564,0.9786078929901123
xglm_large,facebook/xglm-2.9B,40,nouns,565,0.9833672642707825
xglm_large,facebook/xglm-2.9B,40,nouns,566,0.9822930097579956
xglm_large,facebook/xglm-2.9B,40,nouns,567,0.9865942597389221
xglm_large,facebook/xglm-2.9B,40,nouns,568,0.9883999228477478
xglm_large,facebook/xglm-2.9B,40,nouns,569,0.9847885966300964
xglm_large,facebook/xglm-2.9B,40,nouns,570,0.9801805019378662
xglm_large,facebook/xglm-2.9B,40,nouns,571,0.9811142086982727
xglm_large,facebook/xglm-2.9B,40,nouns,572,0.9859272241592407
xglm_large,facebook/xglm-2.9B,40,nouns,573,0.9856164455413818
xglm_large,facebook/xglm-2.9B,40,nouns,574,0.981585681438446
xglm_large,facebook/xglm-2.9B,40,nouns,575,0.9838463068008423
xglm_large,facebook/xglm-2.9B,40,nouns,576,0.9863561391830444
xglm_large,facebook/xglm-2.9B,40,nouns,577,0.9883476495742798
xglm_large,facebook/xglm-2.9B,40,nouns,578,0.9836586117744446
xglm_large,facebook/xglm-2.9B,40,nouns,579,0.9860942363739014
xglm_large,facebook/xglm-2.9B,40,nouns,580,0.9833607077598572
xglm_large,facebook/xglm-2.9B,40,nouns,581,0.9906310439109802
xglm_large,facebook/xglm-2.9B,40,nouns,582,0.9873977303504944
xglm_large,facebook/xglm-2.9B,40,nouns,583,0.9858165383338928
xglm_large,facebook/xglm-2.9B,40,nouns,584,0.9817559719085693
xglm_large,facebook/xglm-2.9B,40,nouns,585,0.9849312901496887
xglm_large,facebook/xglm-2.9B,40,nouns,586,0.983889102935791
xglm_large,facebook/xglm-2.9B,40,nouns,587,0.9870474338531494
xglm_large,facebook/xglm-2.9B,40,nouns,588,0.9864069223403931
xglm_large,facebook/xglm-2.9B,40,nouns,589,0.9833023548126221
xglm_large,facebook/xglm-2.9B,40,nouns,590,0.9889275431632996
xglm_large,facebook/xglm-2.9B,40,nouns,591,0.9841771125793457
xglm_large,facebook/xglm-2.9B,40,nouns,592,0.9841139912605286
xglm_large,facebook/xglm-2.9B,40,nouns,593,0.9848595261573792
xglm_large,facebook/xglm-2.9B,40,nouns,594,0.985622763633728
xglm_large,facebook/xglm-2.9B,40,nouns,595,0.9917924404144287
xglm_large,facebook/xglm-2.9B,40,nouns,596,0.9767096638679504
xglm_large,facebook/xglm-2.9B,40,nouns,597,0.9837276935577393
xglm_large,facebook/xglm-2.9B,40,nouns,598,0.9904853701591492
xglm_large,facebook/xglm-2.9B,40,nouns,599,0.984942615032196
xglm_large,facebook/xglm-2.9B,40,nouns,600,0.9890890121459961
xglm_large,facebook/xglm-2.9B,40,nouns,601,0.9817355275154114
xglm_large,facebook/xglm-2.9B,40,nouns,602,0.9870066046714783
xglm_large,facebook/xglm-2.9B,40,nouns,603,0.984675943851471
xglm_large,facebook/xglm-2.9B,40,nouns,604,0.9864888191223145
xglm_large,facebook/xglm-2.9B,40,nouns,605,0.9862549901008606
xglm_large,facebook/xglm-2.9B,40,nouns,606,0.9874304533004761
xglm_large,facebook/xglm-2.9B,40,nouns,607,0.9868890047073364
xglm_large,facebook/xglm-2.9B,40,nouns,608,0.985762894153595
xglm_large,facebook/xglm-2.9B,40,nouns,609,0.983343780040741
xglm_large,facebook/xglm-2.9B,40,nouns,610,0.9872167706489563
xglm_large,facebook/xglm-2.9B,40,nouns,611,0.9860915541648865
xglm_large,facebook/xglm-2.9B,40,nouns,612,0.9818775653839111
xglm_large,facebook/xglm-2.9B,40,nouns,613,0.9823460578918457
xglm_large,facebook/xglm-2.9B,40,nouns,614,0.9808281064033508
xglm_large,facebook/xglm-2.9B,40,nouns,615,0.9844212532043457
xglm_large,facebook/xglm-2.9B,40,nouns,616,0.9872972965240479
xglm_large,facebook/xglm-2.9B,40,nouns,617,0.9824351668357849
xglm_large,facebook/xglm-2.9B,40,nouns,618,0.9864170551300049
xglm_large,facebook/xglm-2.9B,40,nouns,619,0.9902821779251099
xglm_large,facebook/xglm-2.9B,40,nouns,620,0.9878882169723511
xglm_large,facebook/xglm-2.9B,40,nouns,621,0.9849463105201721
xglm_large,facebook/xglm-2.9B,40,nouns,622,0.9898750185966492
xglm_large,facebook/xglm-2.9B,40,nouns,623,0.981915295124054
xglm_large,facebook/xglm-2.9B,40,nouns,624,0.986081600189209
xglm_large,facebook/xglm-2.9B,40,nouns,625,0.9805120825767517
xglm_large,facebook/xglm-2.9B,40,nouns,626,0.9842881560325623
xglm_large,facebook/xglm-2.9B,40,verbs,0,0.9828377962112427
xglm_large,facebook/xglm-2.9B,40,verbs,1,0.9837390780448914
xglm_large,facebook/xglm-2.9B,40,verbs,2,0.9828213453292847
xglm_large,facebook/xglm-2.9B,40,verbs,3,0.9792717099189758
xglm_large,facebook/xglm-2.9B,40,verbs,4,0.9830555319786072
xglm_large,facebook/xglm-2.9B,40,verbs,5,0.9816527962684631
xglm_large,facebook/xglm-2.9B,40,verbs,6,0.9830194115638733
xglm_large,facebook/xglm-2.9B,40,verbs,7,0.9809613823890686
xglm_large,facebook/xglm-2.9B,40,verbs,8,0.98637855052948
xglm_large,facebook/xglm-2.9B,40,verbs,9,0.9783368706703186
xglm_large,facebook/xglm-2.9B,40,verbs,10,0.9797660708427429
xglm_large,facebook/xglm-2.9B,40,verbs,11,0.9843775629997253
xglm_large,facebook/xglm-2.9B,40,verbs,12,0.98664790391922
xglm_large,facebook/xglm-2.9B,40,verbs,13,0.9838201999664307
xglm_large,facebook/xglm-2.9B,40,verbs,14,0.9840467572212219
xglm_large,facebook/xglm-2.9B,40,verbs,15,0.9782886505126953
xglm_large,facebook/xglm-2.9B,40,verbs,16,0.9866541624069214
xglm_large,facebook/xglm-2.9B,40,verbs,17,0.9860861301422119
xglm_large,facebook/xglm-2.9B,40,verbs,18,0.9867633581161499
xglm_large,facebook/xglm-2.9B,40,verbs,19,0.9808211326599121
xglm_large,facebook/xglm-2.9B,40,verbs,20,0.9824795722961426
xglm_large,facebook/xglm-2.9B,40,verbs,21,0.9845358729362488
xglm_large,facebook/xglm-2.9B,40,verbs,22,0.9856646060943604
xglm_large,facebook/xglm-2.9B,40,verbs,23,0.9797195792198181
xglm_large,facebook/xglm-2.9B,40,verbs,24,0.9843239784240723
xglm_large,facebook/xglm-2.9B,40,verbs,25,0.9847618937492371
xglm_large,facebook/xglm-2.9B,40,verbs,26,0.9866053462028503
xglm_large,facebook/xglm-2.9B,40,verbs,27,0.9825985431671143
xglm_large,facebook/xglm-2.9B,40,verbs,28,0.9849995970726013
xglm_large,facebook/xglm-2.9B,40,verbs,29,0.9846906661987305
xglm_large,facebook/xglm-2.9B,40,verbs,30,0.988484263420105
xglm_large,facebook/xglm-2.9B,40,verbs,31,0.9844032526016235
xglm_large,facebook/xglm-2.9B,40,verbs,32,0.9842857122421265
xglm_large,facebook/xglm-2.9B,40,verbs,33,0.9813776016235352
xglm_large,facebook/xglm-2.9B,40,verbs,34,0.9852829575538635
xglm_large,facebook/xglm-2.9B,40,verbs,35,0.9849512577056885
xglm_large,facebook/xglm-2.9B,40,verbs,36,0.9841134548187256
xglm_large,facebook/xglm-2.9B,40,verbs,37,0.9856249094009399
xglm_large,facebook/xglm-2.9B,40,verbs,38,0.9791823029518127
xglm_large,facebook/xglm-2.9B,40,verbs,39,0.9837923645973206
xglm_large,facebook/xglm-2.9B,40,verbs,40,0.9836843609809875
xglm_large,facebook/xglm-2.9B,40,verbs,41,0.9880381226539612
xglm_large,facebook/xglm-2.9B,40,verbs,42,0.9829891920089722
xglm_large,facebook/xglm-2.9B,40,verbs,43,0.9847036600112915
xglm_large,facebook/xglm-2.9B,40,verbs,44,0.9855017066001892
xglm_large,facebook/xglm-2.9B,40,verbs,45,0.9842422604560852
xglm_large,facebook/xglm-2.9B,40,verbs,46,0.9873466491699219
xglm_large,facebook/xglm-2.9B,40,verbs,47,0.9823182225227356
xglm_large,facebook/xglm-2.9B,40,verbs,48,0.9851130843162537
xglm_large,facebook/xglm-2.9B,40,verbs,49,0.9849451780319214
xglm_large,facebook/xglm-2.9B,40,verbs,50,0.988496720790863
xglm_large,facebook/xglm-2.9B,40,verbs,51,0.985216498374939
xglm_large,facebook/xglm-2.9B,40,verbs,52,0.9837163090705872
xglm_large,facebook/xglm-2.9B,40,verbs,53,0.9873191118240356
xglm_large,facebook/xglm-2.9B,40,verbs,54,0.9897525906562805
xglm_large,facebook/xglm-2.9B,40,verbs,55,0.986208975315094
xglm_large,facebook/xglm-2.9B,40,verbs,56,0.9855797290802002
xglm_large,facebook/xglm-2.9B,40,verbs,57,0.9865866899490356
xglm_large,facebook/xglm-2.9B,40,verbs,58,0.9865079522132874
xglm_large,facebook/xglm-2.9B,40,verbs,59,0.9810266494750977
xglm_large,facebook/xglm-2.9B,40,verbs,60,0.9817327260971069
xglm_large,facebook/xglm-2.9B,40,verbs,61,0.9832290410995483
xglm_large,facebook/xglm-2.9B,40,verbs,62,0.9879270195960999
xglm_large,facebook/xglm-2.9B,40,verbs,63,0.9887534379959106
xglm_large,facebook/xglm-2.9B,40,verbs,64,0.9852011203765869
xglm_large,facebook/xglm-2.9B,40,verbs,65,0.980550229549408
xglm_large,facebook/xglm-2.9B,40,verbs,66,0.9795692563056946
xglm_large,facebook/xglm-2.9B,40,verbs,67,0.9811400771141052
xglm_large,facebook/xglm-2.9B,40,verbs,68,0.9868312478065491
xglm_large,facebook/xglm-2.9B,40,verbs,69,0.9843003153800964
xglm_large,facebook/xglm-2.9B,40,verbs,70,0.9844178557395935
xglm_large,facebook/xglm-2.9B,40,verbs,71,0.9836395978927612
xglm_large,facebook/xglm-2.9B,40,verbs,72,0.980996310710907
xglm_large,facebook/xglm-2.9B,40,verbs,73,0.9844601154327393
xglm_large,facebook/xglm-2.9B,40,verbs,74,0.9870207905769348
xglm_large,facebook/xglm-2.9B,40,verbs,75,0.9858217835426331
xglm_large,facebook/xglm-2.9B,40,verbs,76,0.9854874610900879
xglm_large,facebook/xglm-2.9B,40,verbs,77,0.98619145154953
xglm_large,facebook/xglm-2.9B,40,verbs,78,0.9854872226715088
xglm_large,facebook/xglm-2.9B,40,verbs,79,0.9861960411071777
xglm_large,facebook/xglm-2.9B,40,verbs,80,0.9850395917892456
xglm_large,facebook/xglm-2.9B,40,verbs,81,0.9855101108551025
xglm_large,facebook/xglm-2.9B,40,verbs,82,0.9857181310653687
xglm_large,facebook/xglm-2.9B,40,verbs,83,0.9845751523971558
xglm_large,facebook/xglm-2.9B,40,verbs,84,0.9869059324264526
xglm_large,facebook/xglm-2.9B,40,verbs,85,0.9842274188995361
xglm_large,facebook/xglm-2.9B,40,verbs,86,0.9842755794525146
xglm_large,facebook/xglm-2.9B,40,verbs,87,0.983222484588623
xglm_large,facebook/xglm-2.9B,40,verbs,88,0.9885129928588867
xglm_large,facebook/xglm-2.9B,40,verbs,89,0.9857218265533447
xglm_large,facebook/xglm-2.9B,40,verbs,90,0.9850032329559326
xglm_large,facebook/xglm-2.9B,40,verbs,91,0.9835183620452881
xglm_large,facebook/xglm-2.9B,40,verbs,92,0.9827386140823364
xglm_large,facebook/xglm-2.9B,40,verbs,93,0.9793901443481445
xglm_large,facebook/xglm-2.9B,40,verbs,94,0.985511839389801
xglm_large,facebook/xglm-2.9B,40,verbs,95,0.9847234487533569
xglm_large,facebook/xglm-2.9B,40,verbs,96,0.986439049243927
xglm_large,facebook/xglm-2.9B,40,verbs,97,0.9864662885665894
xglm_large,facebook/xglm-2.9B,40,verbs,98,0.9785194396972656
xglm_large,facebook/xglm-2.9B,40,verbs,99,0.9844111204147339
xglm_large,facebook/xglm-2.9B,40,verbs,100,0.9790762066841125
xglm_large,facebook/xglm-2.9B,40,verbs,101,0.984390377998352
xglm_large,facebook/xglm-2.9B,40,verbs,102,0.9862541556358337
xglm_large,facebook/xglm-2.9B,40,verbs,103,0.9904940128326416
xglm_large,facebook/xglm-2.9B,40,verbs,104,0.9823088049888611
xglm_large,facebook/xglm-2.9B,40,verbs,105,0.9760982990264893
xglm_large,facebook/xglm-2.9B,40,verbs,106,0.9848429560661316
xglm_large,facebook/xglm-2.9B,40,verbs,107,0.9861945509910583
xglm_large,facebook/xglm-2.9B,40,verbs,108,0.9840902090072632
xglm_large,facebook/xglm-2.9B,40,verbs,109,0.9808517694473267
xglm_large,facebook/xglm-2.9B,40,verbs,110,0.9872866272926331
xglm_large,facebook/xglm-2.9B,40,verbs,111,0.9832790493965149
xglm_large,facebook/xglm-2.9B,40,verbs,112,0.9839075803756714
xglm_large,facebook/xglm-2.9B,40,verbs,113,0.9885915517807007
xglm_large,facebook/xglm-2.9B,40,verbs,114,0.9858928918838501
xglm_large,facebook/xglm-2.9B,40,verbs,115,0.9884239435195923
xglm_large,facebook/xglm-2.9B,40,verbs,116,0.9824329018592834
xglm_large,facebook/xglm-2.9B,40,verbs,117,0.9854463934898376
xglm_large,facebook/xglm-2.9B,40,verbs,118,0.9810813069343567
xglm_large,facebook/xglm-2.9B,40,verbs,119,0.9887334108352661
xglm_large,facebook/xglm-2.9B,40,verbs,120,0.982270359992981
xglm_large,facebook/xglm-2.9B,40,verbs,121,0.9858894944190979
xglm_large,facebook/xglm-2.9B,40,verbs,122,0.9851963520050049
xglm_large,facebook/xglm-2.9B,40,verbs,123,0.9893368482589722
xglm_large,facebook/xglm-2.9B,40,verbs,124,0.9872477650642395
xglm_large,facebook/xglm-2.9B,40,verbs,125,0.9888428449630737
xglm_large,facebook/xglm-2.9B,40,verbs,126,0.9822843074798584
xglm_large,facebook/xglm-2.9B,40,verbs,127,0.9881946444511414
xglm_large,facebook/xglm-2.9B,40,verbs,128,0.9905348420143127
xglm_large,facebook/xglm-2.9B,40,verbs,129,0.9841299057006836
xglm_large,facebook/xglm-2.9B,40,verbs,130,0.985508382320404
xglm_large,facebook/xglm-2.9B,40,verbs,131,0.984001100063324
xglm_large,facebook/xglm-2.9B,40,verbs,132,0.9830126166343689
xglm_large,facebook/xglm-2.9B,40,verbs,133,0.9899266958236694
xglm_large,facebook/xglm-2.9B,40,verbs,134,0.986842691898346
xglm_large,facebook/xglm-2.9B,40,verbs,135,0.9893121719360352
xglm_large,facebook/xglm-2.9B,40,verbs,136,0.9883921146392822
xglm_large,facebook/xglm-2.9B,40,verbs,137,0.9879834055900574
xglm_large,facebook/xglm-2.9B,40,verbs,138,0.9793896675109863
xglm_large,facebook/xglm-2.9B,40,verbs,139,0.9798066020011902
xglm_large,facebook/xglm-2.9B,40,verbs,140,0.9888741970062256
xglm_large,facebook/xglm-2.9B,40,verbs,141,0.9856137037277222
xglm_large,facebook/xglm-2.9B,40,verbs,142,0.9791204929351807
xglm_large,facebook/xglm-2.9B,40,verbs,143,0.9872510433197021
xglm_large,facebook/xglm-2.9B,40,verbs,144,0.9832906126976013
xglm_large,facebook/xglm-2.9B,40,verbs,145,0.9901779890060425
xglm_large,facebook/xglm-2.9B,40,verbs,146,0.9826600551605225
xglm_large,facebook/xglm-2.9B,40,verbs,147,0.9800859093666077
xglm_large,facebook/xglm-2.9B,40,verbs,148,0.9812355041503906
xglm_large,facebook/xglm-2.9B,40,verbs,149,0.9839738011360168
xglm_large,facebook/xglm-2.9B,40,verbs,150,0.9857685565948486
xglm_large,facebook/xglm-2.9B,40,verbs,151,0.9898789525032043
xglm_large,facebook/xglm-2.9B,40,verbs,152,0.984056293964386
xglm_large,facebook/xglm-2.9B,40,verbs,153,0.9764496088027954
xglm_large,facebook/xglm-2.9B,40,verbs,154,0.9778087139129639
xglm_large,facebook/xglm-2.9B,40,verbs,155,0.9835318922996521
xglm_large,facebook/xglm-2.9B,40,verbs,156,0.9825909733772278
xglm_large,facebook/xglm-2.9B,40,verbs,157,0.9871044754981995
xglm_large,facebook/xglm-2.9B,40,verbs,158,0.986984133720398
xglm_large,facebook/xglm-2.9B,40,verbs,159,0.9857500791549683
xglm_large,facebook/xglm-2.9B,40,verbs,160,0.9860741496086121
xglm_large,facebook/xglm-2.9B,40,verbs,161,0.9754807949066162
xglm_large,facebook/xglm-2.9B,40,verbs,162,0.9799433946609497
xglm_large,facebook/xglm-2.9B,40,verbs,163,0.9860994815826416
xglm_large,facebook/xglm-2.9B,40,verbs,164,0.9816430807113647
xglm_large,facebook/xglm-2.9B,40,verbs,165,0.9837859869003296
xglm_large,facebook/xglm-2.9B,40,verbs,166,0.9792455434799194
xglm_large,facebook/xglm-2.9B,40,verbs,167,0.9832751750946045
xglm_large,facebook/xglm-2.9B,40,verbs,168,0.9790332317352295
xglm_large,facebook/xglm-2.9B,40,verbs,169,0.985687792301178
xglm_large,facebook/xglm-2.9B,40,verbs,170,0.9886136651039124
xglm_large,facebook/xglm-2.9B,40,verbs,171,0.9869306087493896
xglm_large,facebook/xglm-2.9B,40,verbs,172,0.9864242076873779
xglm_large,facebook/xglm-2.9B,40,verbs,173,0.9866718649864197
xglm_large,facebook/xglm-2.9B,40,verbs,174,0.9840388894081116
xglm_large,facebook/xglm-2.9B,40,verbs,175,0.9840513467788696
xglm_large,facebook/xglm-2.9B,40,verbs,176,0.9765747785568237
xglm_large,facebook/xglm-2.9B,40,verbs,177,0.9793519377708435
xglm_large,facebook/xglm-2.9B,40,verbs,178,0.9858241677284241
xglm_large,facebook/xglm-2.9B,40,verbs,179,0.9914558529853821
xglm_large,facebook/xglm-2.9B,40,verbs,180,0.986461877822876
xglm_large,facebook/xglm-2.9B,40,verbs,181,0.979999303817749
xglm_large,facebook/xglm-2.9B,40,verbs,182,0.9814661741256714
xglm_large,facebook/xglm-2.9B,40,verbs,183,0.9836276173591614
xglm_large,facebook/xglm-2.9B,40,verbs,184,0.9816385507583618
xglm_large,facebook/xglm-2.9B,40,verbs,185,0.991686999797821
xglm_large,facebook/xglm-2.9B,40,verbs,186,0.9840404987335205
xglm_large,facebook/xglm-2.9B,40,verbs,187,0.9826607704162598
xglm_large,facebook/xglm-2.9B,40,verbs,188,0.9850842356681824
xglm_large,facebook/xglm-2.9B,40,verbs,189,0.9835166335105896
xglm_large,facebook/xglm-2.9B,40,verbs,190,0.9864282011985779
xglm_large,facebook/xglm-2.9B,40,verbs,191,0.9776425957679749
xglm_large,facebook/xglm-2.9B,40,verbs,192,0.9897631406784058
xglm_large,facebook/xglm-2.9B,40,verbs,193,0.9830752611160278
xglm_large,facebook/xglm-2.9B,40,verbs,194,0.9886819124221802
xglm_large,facebook/xglm-2.9B,40,verbs,195,0.9827957153320312
xglm_large,facebook/xglm-2.9B,40,verbs,196,0.9895378351211548
xglm_large,facebook/xglm-2.9B,40,verbs,197,0.9838588237762451
xglm_large,facebook/xglm-2.9B,40,verbs,198,0.98421710729599
xglm_large,facebook/xglm-2.9B,40,verbs,199,0.9850724935531616
xglm_large,facebook/xglm-2.9B,40,verbs,200,0.981881856918335
xglm_large,facebook/xglm-2.9B,40,verbs,201,0.9873013496398926
xglm_large,facebook/xglm-2.9B,40,verbs,202,0.9804871082305908
xglm_large,facebook/xglm-2.9B,40,verbs,203,0.9862421154975891
xglm_large,facebook/xglm-2.9B,40,verbs,204,0.9855725765228271
xglm_large,facebook/xglm-2.9B,40,verbs,205,0.984157383441925
xglm_large,facebook/xglm-2.9B,40,verbs,206,0.9860713481903076
xglm_large,facebook/xglm-2.9B,40,verbs,207,0.9650376439094543
xglm_large,facebook/xglm-2.9B,40,verbs,208,0.9821096658706665
xglm_large,facebook/xglm-2.9B,40,verbs,209,0.9825838804244995
xglm_large,facebook/xglm-2.9B,40,verbs,210,0.9818309545516968
xglm_large,facebook/xglm-2.9B,40,verbs,211,0.9818589091300964
xglm_large,facebook/xglm-2.9B,40,verbs,212,0.9873440861701965
xglm_large,facebook/xglm-2.9B,40,verbs,213,0.9833683967590332
xglm_large,facebook/xglm-2.9B,40,verbs,214,0.9817249178886414
xglm_large,facebook/xglm-2.9B,40,verbs,215,0.9776451587677002
xglm_large,facebook/xglm-2.9B,40,verbs,216,0.9860415458679199
xglm_large,facebook/xglm-2.9B,40,verbs,217,0.991121768951416
xglm_large,facebook/xglm-2.9B,40,verbs,218,0.9832025170326233
xglm_large,facebook/xglm-2.9B,40,verbs,219,0.9875637888908386
xglm_large,facebook/xglm-2.9B,40,verbs,220,0.9872229695320129
xglm_large,facebook/xglm-2.9B,40,verbs,221,0.9841842651367188
xglm_large,facebook/xglm-2.9B,40,verbs,222,0.9855036735534668
xglm_large,facebook/xglm-2.9B,40,verbs,223,0.9867450594902039
xglm_large,facebook/xglm-2.9B,40,verbs,224,0.9870710372924805
xglm_large,facebook/xglm-2.9B,40,verbs,225,0.9779525399208069
xglm_large,facebook/xglm-2.9B,40,verbs,226,0.9785561561584473
xglm_large,facebook/xglm-2.9B,40,verbs,227,0.984062910079956
xglm_large,facebook/xglm-2.9B,40,verbs,228,0.9881808161735535
xglm_large,facebook/xglm-2.9B,40,verbs,229,0.9898383021354675
xglm_large,facebook/xglm-2.9B,40,verbs,230,0.9777019023895264
xglm_large,facebook/xglm-2.9B,40,verbs,231,0.9866896867752075
xglm_large,facebook/xglm-2.9B,40,verbs,232,0.9752832055091858
xglm_large,facebook/xglm-2.9B,40,verbs,233,0.980619490146637
xglm_large,facebook/xglm-2.9B,40,verbs,234,0.9807156324386597
xglm_large,facebook/xglm-2.9B,40,verbs,235,0.9887209534645081
xglm_large,facebook/xglm-2.9B,40,verbs,236,0.982429027557373
xglm_large,facebook/xglm-2.9B,40,verbs,237,0.9853217005729675
xglm_large,facebook/xglm-2.9B,40,verbs,238,0.9872391223907471
xglm_large,facebook/xglm-2.9B,40,verbs,239,0.9767550826072693
xglm_large,facebook/xglm-2.9B,40,verbs,240,0.9840571880340576
xglm_large,facebook/xglm-2.9B,40,verbs,241,0.9711720943450928
xglm_large,facebook/xglm-2.9B,40,verbs,242,0.9859936833381653
xglm_large,facebook/xglm-2.9B,40,verbs,243,0.9874516725540161
xglm_large,facebook/xglm-2.9B,40,verbs,244,0.9857771396636963
xglm_large,facebook/xglm-2.9B,40,verbs,245,0.9833049774169922
xglm_large,facebook/xglm-2.9B,40,verbs,246,0.9783807992935181
xglm_large,facebook/xglm-2.9B,40,verbs,247,0.9841426014900208
xglm_large,facebook/xglm-2.9B,40,verbs,248,0.9850243926048279
xglm_large,facebook/xglm-2.9B,40,verbs,249,0.9691157937049866
xglm_large,facebook/xglm-2.9B,40,verbs,250,0.987414538860321
xglm_large,facebook/xglm-2.9B,40,verbs,251,0.9824272394180298
xglm_large,facebook/xglm-2.9B,40,verbs,252,0.9604045152664185
xglm_large,facebook/xglm-2.9B,40,verbs,253,0.9889436364173889
xglm_large,facebook/xglm-2.9B,40,verbs,254,0.9748598337173462
xglm_large,facebook/xglm-2.9B,40,verbs,255,0.9815066456794739
xglm_large,facebook/xglm-2.9B,40,verbs,256,0.9869729280471802
xglm_large,facebook/xglm-2.9B,40,verbs,257,0.9870731830596924
xglm_large,facebook/xglm-2.9B,40,verbs,258,0.9874584078788757
xglm_large,facebook/xglm-2.9B,40,verbs,259,0.98509281873703
xglm_large,facebook/xglm-2.9B,40,verbs,260,0.9848748445510864
xglm_large,facebook/xglm-2.9B,40,verbs,261,0.9851637482643127
xglm_large,facebook/xglm-2.9B,40,verbs,262,0.9847220778465271
xglm_large,facebook/xglm-2.9B,40,verbs,263,0.9837300777435303
xglm_large,facebook/xglm-2.9B,40,verbs,264,0.9866782426834106
xglm_large,facebook/xglm-2.9B,40,verbs,265,0.9865130186080933
xglm_large,facebook/xglm-2.9B,40,verbs,266,0.9879244565963745
xglm_large,facebook/xglm-2.9B,40,verbs,267,0.9861013889312744
xglm_large,facebook/xglm-2.9B,40,verbs,268,0.9888553023338318
xglm_large,facebook/xglm-2.9B,40,verbs,269,0.9842076301574707
xglm_large,facebook/xglm-2.9B,40,verbs,270,0.9863775968551636
xglm_large,facebook/xglm-2.9B,40,verbs,271,0.9857972264289856
xglm_large,facebook/xglm-2.9B,40,verbs,272,0.9864970445632935
xglm_large,facebook/xglm-2.9B,40,verbs,273,0.9852813482284546
xglm_large,facebook/xglm-2.9B,40,verbs,274,0.985085666179657
xglm_large,facebook/xglm-2.9B,40,verbs,275,0.9836100935935974
xglm_large,facebook/xglm-2.9B,40,verbs,276,0.986845076084137
xglm_large,facebook/xglm-2.9B,40,verbs,277,0.9807039499282837
xglm_large,facebook/xglm-2.9B,40,verbs,278,0.98427414894104
xglm_large,facebook/xglm-2.9B,40,verbs,279,0.9840800166130066
xglm_large,facebook/xglm-2.9B,40,verbs,280,0.9817839860916138
xglm_large,facebook/xglm-2.9B,40,verbs,281,0.9855779409408569
xglm_large,facebook/xglm-2.9B,40,verbs,282,0.9835134148597717
xglm_large,facebook/xglm-2.9B,40,verbs,283,0.9811354875564575
xglm_large,facebook/xglm-2.9B,40,verbs,284,0.9908240437507629
xglm_large,facebook/xglm-2.9B,40,verbs,285,0.9876513481140137
xglm_large,facebook/xglm-2.9B,40,verbs,286,0.9810329079627991
xglm_large,facebook/xglm-2.9B,40,verbs,287,0.9846367835998535
xglm_large,facebook/xglm-2.9B,40,verbs,288,0.989395022392273
xglm_large,facebook/xglm-2.9B,40,verbs,289,0.9826380610466003
xglm_large,facebook/xglm-2.9B,40,verbs,290,0.985619068145752
xglm_large,facebook/xglm-2.9B,40,verbs,291,0.9858886003494263
xglm_large,facebook/xglm-2.9B,40,verbs,292,0.9834702014923096
xglm_large,facebook/xglm-2.9B,40,verbs,293,0.9830757975578308
xglm_large,facebook/xglm-2.9B,40,verbs,294,0.9881851673126221
xglm_large,facebook/xglm-2.9B,40,verbs,295,0.9799404144287109
xglm_large,facebook/xglm-2.9B,40,verbs,296,0.9799445867538452
xglm_large,facebook/xglm-2.9B,40,verbs,297,0.9825981259346008
xglm_large,facebook/xglm-2.9B,40,verbs,298,0.9867255091667175
xglm_large,facebook/xglm-2.9B,40,verbs,299,0.9819562435150146
xglm_large,facebook/xglm-2.9B,40,verbs,300,0.9808908700942993
xglm_large,facebook/xglm-2.9B,40,verbs,301,0.9835693836212158
xglm_large,facebook/xglm-2.9B,40,verbs,302,0.9767916202545166
xglm_large,facebook/xglm-2.9B,40,verbs,303,0.9879944920539856
xglm_large,facebook/xglm-2.9B,40,verbs,304,0.9885784387588501
xglm_large,facebook/xglm-2.9B,40,verbs,305,0.9862223863601685
xglm_large,facebook/xglm-2.9B,40,verbs,306,0.986269474029541
xglm_large,facebook/xglm-2.9B,40,verbs,307,0.97674560546875
xglm_large,facebook/xglm-2.9B,40,verbs,308,0.974604070186615
xglm_large,facebook/xglm-2.9B,40,verbs,309,0.9887837171554565
xglm_large,facebook/xglm-2.9B,40,verbs,310,0.9903448820114136
xglm_large,facebook/xglm-2.9B,40,verbs,311,0.9848454594612122
xglm_large,facebook/xglm-2.9B,40,verbs,312,0.9823396801948547
xglm_large,facebook/xglm-2.9B,40,verbs,313,0.9880691170692444
xglm_large,facebook/xglm-2.9B,40,verbs,314,0.9823694229125977
xglm_large,facebook/xglm-2.9B,40,verbs,315,0.9873461127281189
xglm_large,facebook/xglm-2.9B,40,verbs,316,0.98500657081604
xglm_large,facebook/xglm-2.9B,40,verbs,317,0.9852375984191895
xglm_large,facebook/xglm-2.9B,40,verbs,318,0.9859237670898438
xglm_large,facebook/xglm-2.9B,40,verbs,319,0.9879301190376282
xglm_large,facebook/xglm-2.9B,40,verbs,320,0.9870944023132324
xglm_large,facebook/xglm-2.9B,40,verbs,321,0.9753714799880981
xglm_large,facebook/xglm-2.9B,40,verbs,322,0.9808738231658936
xglm_large,facebook/xglm-2.9B,40,verbs,323,0.9845521450042725
xglm_large,facebook/xglm-2.9B,40,verbs,324,0.9866437911987305
xglm_large,facebook/xglm-2.9B,40,verbs,325,0.9842071533203125
xglm_large,facebook/xglm-2.9B,40,verbs,326,0.9790463447570801
xglm_large,facebook/xglm-2.9B,40,verbs,327,0.9860321879386902
xglm_large,facebook/xglm-2.9B,40,verbs,328,0.9846833944320679
xglm_large,facebook/xglm-2.9B,40,verbs,329,0.9831789135932922
xglm_large,facebook/xglm-2.9B,40,verbs,330,0.9818021059036255
xglm_large,facebook/xglm-2.9B,40,verbs,331,0.9854986071586609
xglm_large,facebook/xglm-2.9B,40,verbs,332,0.9858444333076477
xglm_large,facebook/xglm-2.9B,40,verbs,333,0.9848542809486389
xglm_large,facebook/xglm-2.9B,40,verbs,334,0.9854868650436401
xglm_large,facebook/xglm-2.9B,40,verbs,335,0.9778333306312561
xglm_large,facebook/xglm-2.9B,40,verbs,336,0.9869661927223206
xglm_large,facebook/xglm-2.9B,40,verbs,337,0.9797384142875671
xglm_large,facebook/xglm-2.9B,40,verbs,338,0.9862089157104492
xglm_large,facebook/xglm-2.9B,40,verbs,339,0.9814256429672241
xglm_large,facebook/xglm-2.9B,40,verbs,340,0.9604547023773193
xglm_large,facebook/xglm-2.9B,40,verbs,341,0.9886157512664795
xglm_large,facebook/xglm-2.9B,40,verbs,342,0.9817630052566528
xglm_large,facebook/xglm-2.9B,40,verbs,343,0.9824393391609192
xglm_large,facebook/xglm-2.9B,40,verbs,344,0.9814836382865906
xglm_large,facebook/xglm-2.9B,40,verbs,345,0.9843685030937195
xglm_large,facebook/xglm-2.9B,40,verbs,346,0.9803728461265564
xglm_large,facebook/xglm-2.9B,40,verbs,347,0.9810084700584412
xglm_large,facebook/xglm-2.9B,40,verbs,348,0.9809836149215698
xglm_large,facebook/xglm-2.9B,40,verbs,349,0.9859815239906311
xglm_large,facebook/xglm-2.9B,40,verbs,350,0.9828288555145264
xglm_large,facebook/xglm-2.9B,40,verbs,351,0.983483076095581
xglm_large,facebook/xglm-2.9B,40,verbs,352,0.9846087694168091
xglm_large,facebook/xglm-2.9B,40,verbs,353,0.988571286201477
xglm_large,facebook/xglm-2.9B,40,verbs,354,0.976839542388916
xglm_large,facebook/xglm-2.9B,40,verbs,355,0.9818866848945618
xglm_large,facebook/xglm-2.9B,40,verbs,356,0.9847380518913269
xglm_large,facebook/xglm-2.9B,40,verbs,357,0.9830153584480286
xglm_large,facebook/xglm-2.9B,40,verbs,358,0.9835000038146973
xglm_large,facebook/xglm-2.9B,40,verbs,359,0.9821146130561829
xglm_large,facebook/xglm-2.9B,40,verbs,360,0.9786776304244995
xglm_large,facebook/xglm-2.9B,40,verbs,361,0.9850984811782837
xglm_large,facebook/xglm-2.9B,40,verbs,362,0.989173173904419
xglm_large,facebook/xglm-2.9B,40,verbs,363,0.9871428608894348
xglm_large,facebook/xglm-2.9B,40,verbs,364,0.9867179989814758
xglm_large,facebook/xglm-2.9B,40,verbs,365,0.9841582775115967
xglm_large,facebook/xglm-2.9B,40,verbs,366,0.9826335310935974
xglm_large,facebook/xglm-2.9B,40,verbs,367,0.9879912734031677
xglm_large,facebook/xglm-2.9B,40,verbs,368,0.9837926030158997
xglm_large,facebook/xglm-2.9B,40,verbs,369,0.9873169660568237
xglm_large,facebook/xglm-2.9B,40,verbs,370,0.9825931787490845
xglm_large,facebook/xglm-2.9B,40,verbs,371,0.9829031229019165
xglm_large,facebook/xglm-2.9B,40,verbs,372,0.9899093508720398
xglm_large,facebook/xglm-2.9B,40,verbs,373,0.9874821901321411
xglm_large,facebook/xglm-2.9B,40,verbs,374,0.9831597208976746
xglm_large,facebook/xglm-2.9B,40,verbs,375,0.9867342114448547
xglm_large,facebook/xglm-2.9B,40,verbs,376,0.9820991158485413
xglm_large,facebook/xglm-2.9B,40,verbs,377,0.9893631339073181
xglm_large,facebook/xglm-2.9B,40,verbs,378,0.9803524613380432
xglm_large,facebook/xglm-2.9B,40,verbs,379,0.9847348928451538
xglm_large,facebook/xglm-2.9B,40,verbs,380,0.9877347350120544
xglm_large,facebook/xglm-2.9B,40,verbs,381,0.9890511631965637
xglm_large,facebook/xglm-2.9B,40,verbs,382,0.9803047776222229
xglm_large,facebook/xglm-2.9B,40,verbs,383,0.9856055974960327
xglm_large,facebook/xglm-2.9B,40,verbs,384,0.9853532314300537
xglm_large,facebook/xglm-2.9B,40,verbs,385,0.98708176612854
xglm_large,facebook/xglm-2.9B,40,verbs,386,0.984046220779419
xglm_large,facebook/xglm-2.9B,40,verbs,387,0.9853394627571106
xglm_large,facebook/xglm-2.9B,40,verbs,388,0.9872562885284424
xglm_large,facebook/xglm-2.9B,40,verbs,389,0.9804159998893738
xglm_large,facebook/xglm-2.9B,40,verbs,390,0.9819492101669312
xglm_large,facebook/xglm-2.9B,40,verbs,391,0.9843072295188904
xglm_large,facebook/xglm-2.9B,40,verbs,392,0.9847233891487122
xglm_large,facebook/xglm-2.9B,40,verbs,393,0.9839828014373779
xglm_large,facebook/xglm-2.9B,40,verbs,394,0.9761569499969482
xglm_large,facebook/xglm-2.9B,40,verbs,395,0.9789389371871948
xglm_large,facebook/xglm-2.9B,40,verbs,396,0.9809086918830872
xglm_large,facebook/xglm-2.9B,40,verbs,397,0.9817970991134644
xglm_large,facebook/xglm-2.9B,40,verbs,398,0.9847627282142639
xglm_large,facebook/xglm-2.9B,40,verbs,399,0.9830835461616516
xglm_large,facebook/xglm-2.9B,40,verbs,400,0.9844055771827698
xglm_large,facebook/xglm-2.9B,40,verbs,401,0.9838563203811646
xglm_large,facebook/xglm-2.9B,40,verbs,402,0.9844359755516052
xglm_large,facebook/xglm-2.9B,40,verbs,403,0.9853907823562622
xglm_large,facebook/xglm-2.9B,40,verbs,404,0.9865645170211792
xglm_large,facebook/xglm-2.9B,40,verbs,405,0.9888982176780701
xglm_large,facebook/xglm-2.9B,40,verbs,406,0.9862894415855408
xglm_large,facebook/xglm-2.9B,40,verbs,407,0.9593392610549927
xglm_large,facebook/xglm-2.9B,40,verbs,408,0.9868039488792419
xglm_large,facebook/xglm-2.9B,40,verbs,409,0.9881018996238708
xglm_large,facebook/xglm-2.9B,40,verbs,410,0.9872063994407654
xglm_large,facebook/xglm-2.9B,40,verbs,411,0.982899010181427
xglm_large,facebook/xglm-2.9B,40,verbs,412,0.9850450158119202
xglm_large,facebook/xglm-2.9B,40,verbs,413,0.9883443117141724
xglm_large,facebook/xglm-2.9B,40,verbs,414,0.9877828359603882
xglm_large,facebook/xglm-2.9B,40,verbs,415,0.9866644144058228
xglm_large,facebook/xglm-2.9B,40,verbs,416,0.9810546636581421
xglm_large,facebook/xglm-2.9B,40,verbs,417,0.9787278175354004
xglm_large,facebook/xglm-2.9B,40,verbs,418,0.9841766953468323
xglm_large,facebook/xglm-2.9B,40,verbs,419,0.9814975261688232
xglm_large,facebook/xglm-2.9B,40,verbs,420,0.9837900996208191
xglm_large,facebook/xglm-2.9B,40,verbs,421,0.9818882346153259
xglm_large,facebook/xglm-2.9B,40,verbs,422,0.98255455493927
xglm_large,facebook/xglm-2.9B,40,verbs,423,0.9814329147338867
xglm_large,facebook/xglm-2.9B,40,verbs,424,0.9869979023933411
xglm_large,facebook/xglm-2.9B,40,verbs,425,0.9844813346862793
xglm_large,facebook/xglm-2.9B,40,verbs,426,0.9866558313369751
xglm_large,facebook/xglm-2.9B,40,verbs,427,0.9863464832305908
xglm_large,facebook/xglm-2.9B,40,verbs,428,0.9828777313232422
xglm_large,facebook/xglm-2.9B,40,verbs,429,0.9870530366897583
xglm_large,facebook/xglm-2.9B,40,verbs,430,0.9875322580337524
xglm_large,facebook/xglm-2.9B,40,verbs,431,0.9844896197319031
xglm_large,facebook/xglm-2.9B,40,verbs,432,0.9909866452217102
xglm_large,facebook/xglm-2.9B,40,verbs,433,0.9798102974891663
xglm_large,facebook/xglm-2.9B,40,verbs,434,0.9788182377815247
xglm_large,facebook/xglm-2.9B,40,verbs,435,0.9831467866897583
xglm_large,facebook/xglm-2.9B,40,verbs,436,0.9797710180282593
xglm_large,facebook/xglm-2.9B,40,verbs,437,0.9779869318008423
xglm_large,facebook/xglm-2.9B,40,verbs,438,0.9869264960289001
xglm_large,facebook/xglm-2.9B,40,verbs,439,0.9849876761436462
xglm_large,facebook/xglm-2.9B,40,verbs,440,0.9787432551383972
xglm_large,facebook/xglm-2.9B,40,verbs,441,0.9854767322540283
xglm_large,facebook/xglm-2.9B,40,verbs,442,0.9868640899658203
xglm_large,facebook/xglm-2.9B,40,verbs,443,0.9779242873191833
xglm_large,facebook/xglm-2.9B,40,verbs,444,0.9819557070732117
xglm_large,facebook/xglm-2.9B,40,verbs,445,0.9868409633636475
xglm_large,facebook/xglm-2.9B,40,verbs,446,0.9853761792182922
xglm_large,facebook/xglm-2.9B,40,verbs,447,0.9585539698600769
xglm_large,facebook/xglm-2.9B,40,verbs,448,0.9798226952552795
xglm_large,facebook/xglm-2.9B,40,verbs,449,0.9854738712310791
xglm_large,facebook/xglm-2.9B,40,verbs,450,0.981593906879425
xglm_large,facebook/xglm-2.9B,40,verbs,451,0.9829791188240051
xglm_large,facebook/xglm-2.9B,40,verbs,452,0.9840316772460938
xglm_large,facebook/xglm-2.9B,40,verbs,453,0.9799565672874451
xglm_large,facebook/xglm-2.9B,40,verbs,454,0.9866334199905396
xglm_large,facebook/xglm-2.9B,40,verbs,455,0.9797825813293457
xglm_large,facebook/xglm-2.9B,40,verbs,456,0.989514172077179
xglm_large,facebook/xglm-2.9B,40,verbs,457,0.9813980460166931
xglm_large,facebook/xglm-2.9B,40,verbs,458,0.9837014079093933
xglm_large,facebook/xglm-2.9B,40,verbs,459,0.9832046627998352
xglm_large,facebook/xglm-2.9B,40,verbs,460,0.9870050549507141
xglm_large,facebook/xglm-2.9B,40,verbs,461,0.9900887608528137
xglm_large,facebook/xglm-2.9B,40,verbs,462,0.9610713720321655
xglm_large,facebook/xglm-2.9B,40,verbs,463,0.9826503992080688
xglm_large,facebook/xglm-2.9B,40,verbs,464,0.9829481244087219
xglm_large,facebook/xglm-2.9B,40,verbs,465,0.9840797185897827
xglm_large,facebook/xglm-2.9B,40,verbs,466,0.9852167367935181
xglm_large,facebook/xglm-2.9B,40,verbs,467,0.9852607846260071
xglm_large,facebook/xglm-2.9B,40,verbs,468,0.9864478707313538
xglm_large,facebook/xglm-2.9B,40,verbs,469,0.9837846159934998
xglm_large,facebook/xglm-2.9B,40,verbs,470,0.9868058562278748
xglm_large,facebook/xglm-2.9B,40,verbs,471,0.9870410561561584
xglm_large,facebook/xglm-2.9B,40,verbs,472,0.9798803329467773
xglm_large,facebook/xglm-2.9B,40,verbs,473,0.9818724393844604
xglm_large,facebook/xglm-2.9B,40,verbs,474,0.9888455867767334
xglm_large,facebook/xglm-2.9B,40,verbs,475,0.9793640375137329
xglm_large,facebook/xglm-2.9B,40,verbs,476,0.9768106937408447
xglm_large,facebook/xglm-2.9B,40,verbs,477,0.9749668836593628
xglm_large,facebook/xglm-2.9B,40,verbs,478,0.9862397909164429
xglm_large,facebook/xglm-2.9B,40,verbs,479,0.9794012308120728
xglm_large,facebook/xglm-2.9B,40,verbs,480,0.987056314945221
xglm_large,facebook/xglm-2.9B,40,verbs,481,0.9816732406616211
xglm_large,facebook/xglm-2.9B,40,verbs,482,0.9844900369644165
xglm_large,facebook/xglm-2.9B,40,verbs,483,0.9864513874053955
xglm_large,facebook/xglm-2.9B,40,verbs,484,0.9889415502548218
xglm_large,facebook/xglm-2.9B,40,verbs,485,0.9813042283058167
xglm_large,facebook/xglm-2.9B,40,verbs,486,0.9805880784988403
xglm_large,facebook/xglm-2.9B,40,verbs,487,0.9883136749267578
xglm_large,facebook/xglm-2.9B,40,verbs,488,0.9863387942314148
xglm_large,facebook/xglm-2.9B,40,verbs,489,0.973474383354187
xglm_large,facebook/xglm-2.9B,40,verbs,490,0.9831613898277283
xglm_large,facebook/xglm-2.9B,40,verbs,491,0.9830138683319092
xglm_large,facebook/xglm-2.9B,40,verbs,492,0.9851837158203125
xglm_large,facebook/xglm-2.9B,40,verbs,493,0.9889551401138306
xglm_large,facebook/xglm-2.9B,40,verbs,494,0.9860864281654358
xglm_large,facebook/xglm-2.9B,40,verbs,495,0.9869837760925293
xglm_large,facebook/xglm-2.9B,40,verbs,496,0.9769958853721619
xglm_large,facebook/xglm-2.9B,40,verbs,497,0.9834336042404175
xglm_large,facebook/xglm-2.9B,40,verbs,498,0.9883505702018738
xglm_large,facebook/xglm-2.9B,40,verbs,499,0.985403299331665
xglm_large,facebook/xglm-2.9B,40,verbs,500,0.9813650250434875
xglm_large,facebook/xglm-2.9B,40,verbs,501,0.974441647529602
xglm_large,facebook/xglm-2.9B,40,verbs,502,0.9829727411270142
xglm_large,facebook/xglm-2.9B,40,verbs,503,0.9853016138076782
xglm_large,facebook/xglm-2.9B,40,verbs,504,0.9857163429260254
xglm_large,facebook/xglm-2.9B,40,verbs,505,0.9880726933479309
xglm_large,facebook/xglm-2.9B,40,verbs,506,0.9901441335678101
xglm_large,facebook/xglm-2.9B,40,verbs,507,0.9769086837768555
xglm_large,facebook/xglm-2.9B,40,verbs,508,0.9841638803482056
xglm_large,facebook/xglm-2.9B,40,verbs,509,0.9876799583435059
xglm_large,facebook/xglm-2.9B,40,verbs,510,0.9819854497909546
xglm_large,facebook/xglm-2.9B,40,verbs,511,0.9888798594474792
xglm_large,facebook/xglm-2.9B,40,verbs,512,0.9851361513137817
xglm_large,facebook/xglm-2.9B,40,verbs,513,0.9852662086486816
xglm_large,facebook/xglm-2.9B,40,verbs,514,0.9839103817939758
xglm_large,facebook/xglm-2.9B,40,verbs,515,0.9834532737731934
xglm_large,facebook/xglm-2.9B,40,verbs,516,0.9861927032470703
xglm_large,facebook/xglm-2.9B,40,verbs,517,0.9883109927177429
xglm_large,facebook/xglm-2.9B,40,verbs,518,0.9833204746246338
xglm_large,facebook/xglm-2.9B,40,verbs,519,0.9838017821311951
xglm_large,facebook/xglm-2.9B,40,verbs,520,0.9783777594566345
xglm_large,facebook/xglm-2.9B,40,verbs,521,0.9763098359107971
xglm_large,facebook/xglm-2.9B,40,verbs,522,0.9863628149032593
xglm_large,facebook/xglm-2.9B,40,verbs,523,0.9866697788238525
xglm_large,facebook/xglm-2.9B,40,verbs,524,0.9842033982276917
xglm_large,facebook/xglm-2.9B,40,verbs,525,0.9850528836250305
xglm_large,facebook/xglm-2.9B,40,verbs,526,0.9884605407714844
xglm_large,facebook/xglm-2.9B,40,verbs,527,0.9883115291595459
xglm_large,facebook/xglm-2.9B,40,verbs,528,0.9801253080368042
xglm_large,facebook/xglm-2.9B,40,verbs,529,0.9876620173454285
xglm_large,facebook/xglm-2.9B,40,verbs,530,0.9831922054290771
xglm_large,facebook/xglm-2.9B,40,verbs,531,0.9858261942863464
xglm_large,facebook/xglm-2.9B,40,verbs,532,0.9838070273399353
xglm_large,facebook/xglm-2.9B,40,verbs,533,0.9830458164215088
xglm_large,facebook/xglm-2.9B,40,verbs,534,0.988807201385498
xglm_large,facebook/xglm-2.9B,40,verbs,535,0.9886481165885925
xglm_large,facebook/xglm-2.9B,40,verbs,536,0.9860782027244568
xglm_large,facebook/xglm-2.9B,40,verbs,537,0.9773244857788086
xglm_large,facebook/xglm-2.9B,40,verbs,538,0.9834401607513428
xglm_large,facebook/xglm-2.9B,40,verbs,539,0.9790905714035034
xglm_large,facebook/xglm-2.9B,40,verbs,540,0.9847978949546814
xglm_large,facebook/xglm-2.9B,40,verbs,541,0.9874074459075928
xglm_large,facebook/xglm-2.9B,40,verbs,542,0.9868400692939758
xglm_large,facebook/xglm-2.9B,40,verbs,543,0.983135998249054
xglm_large,facebook/xglm-2.9B,40,verbs,544,0.983185350894928
xglm_large,facebook/xglm-2.9B,40,verbs,545,0.9874013662338257
xglm_large,facebook/xglm-2.9B,40,verbs,546,0.9880959987640381
xglm_large,facebook/xglm-2.9B,40,verbs,547,0.9842215776443481
xglm_large,facebook/xglm-2.9B,40,verbs,548,0.9860695004463196
xglm_large,facebook/xglm-2.9B,40,verbs,549,0.9814328551292419
xglm_large,facebook/xglm-2.9B,40,verbs,550,0.9865642786026001
xglm_large,facebook/xglm-2.9B,40,verbs,551,0.9838724732398987
xglm_large,facebook/xglm-2.9B,40,verbs,552,0.979656457901001
xglm_large,facebook/xglm-2.9B,40,verbs,553,0.9870666861534119
xglm_large,facebook/xglm-2.9B,40,verbs,554,0.9779955744743347
xglm_large,facebook/xglm-2.9B,40,verbs,555,0.984710693359375
xglm_large,facebook/xglm-2.9B,40,verbs,556,0.9861336350440979
xglm_large,facebook/xglm-2.9B,40,verbs,557,0.9752228260040283
xglm_large,facebook/xglm-2.9B,40,verbs,558,0.9857552647590637
xglm_large,facebook/xglm-2.9B,40,verbs,559,0.983104944229126
xglm_large,facebook/xglm-2.9B,40,verbs,560,0.9760264754295349
xglm_large,facebook/xglm-2.9B,40,verbs,561,0.9741915464401245
xglm_large,facebook/xglm-2.9B,40,verbs,562,0.9888083338737488
xglm_large,facebook/xglm-2.9B,40,verbs,563,0.9845934510231018
xglm_large,facebook/xglm-2.9B,40,verbs,564,0.9885304570198059
xglm_large,facebook/xglm-2.9B,40,verbs,565,0.9867178201675415
xglm_large,facebook/xglm-2.9B,40,verbs,566,0.9864413738250732
xglm_large,facebook/xglm-2.9B,40,verbs,567,0.9857072234153748
xglm_large,facebook/xglm-2.9B,40,verbs,568,0.9856894612312317
xglm_large,facebook/xglm-2.9B,40,verbs,569,0.9809486865997314
xglm_large,facebook/xglm-2.9B,40,verbs,570,0.9819807410240173
xglm_large,facebook/xglm-2.9B,40,verbs,571,0.985749363899231
xglm_large,facebook/xglm-2.9B,40,verbs,572,0.9866700768470764
xglm_large,facebook/xglm-2.9B,40,verbs,573,0.98580402135849
xglm_large,facebook/xglm-2.9B,40,verbs,574,0.9824109077453613
xglm_large,facebook/xglm-2.9B,40,verbs,575,0.981158435344696
xglm_large,facebook/xglm-2.9B,40,verbs,576,0.9869540929794312
xglm_large,facebook/xglm-2.9B,40,verbs,577,0.9861063957214355
xglm_large,facebook/xglm-2.9B,40,verbs,578,0.9877075552940369
xglm_large,facebook/xglm-2.9B,40,verbs,579,0.9866299629211426
xglm_large,facebook/xglm-2.9B,40,verbs,580,0.9821760058403015
xglm_large,facebook/xglm-2.9B,40,verbs,581,0.9773380160331726
xglm_large,facebook/xglm-2.9B,40,verbs,582,0.9847202897071838
xglm_large,facebook/xglm-2.9B,40,verbs,583,0.9847103953361511
xglm_large,facebook/xglm-2.9B,40,verbs,584,0.9869094491004944
xglm_large,facebook/xglm-2.9B,40,verbs,585,0.9885362386703491
xglm_large,facebook/xglm-2.9B,40,verbs,586,0.9871819019317627
xglm_large,facebook/xglm-2.9B,40,verbs,587,0.9841240048408508
xglm_large,facebook/xglm-2.9B,40,verbs,588,0.9852569103240967
xglm_large,facebook/xglm-2.9B,40,verbs,589,0.9866641163825989
xglm_large,facebook/xglm-2.9B,40,verbs,590,0.9806064367294312
xglm_large,facebook/xglm-2.9B,40,verbs,591,0.9862164258956909
xglm_large,facebook/xglm-2.9B,40,verbs,592,0.9806872606277466
xglm_large,facebook/xglm-2.9B,40,verbs,593,0.9844779968261719
xglm_large,facebook/xglm-2.9B,40,verbs,594,0.9911442995071411
xglm_large,facebook/xglm-2.9B,40,verbs,595,0.9801276326179504
xglm_large,facebook/xglm-2.9B,40,verbs,596,0.9858042001724243
xglm_large,facebook/xglm-2.9B,40,verbs,597,0.9866307973861694
xglm_large,facebook/xglm-2.9B,40,verbs,598,0.9896431565284729
xglm_large,facebook/xglm-2.9B,40,verbs,599,0.9840749502182007
xglm_large,facebook/xglm-2.9B,40,verbs,600,0.9854869246482849
xglm_large,facebook/xglm-2.9B,40,verbs,601,0.9819554686546326
xglm_large,facebook/xglm-2.9B,40,verbs,602,0.9829107522964478
xglm_large,facebook/xglm-2.9B,40,verbs,603,0.97857666015625
xglm_large,facebook/xglm-2.9B,40,verbs,604,0.9889639019966125
xglm_large,facebook/xglm-2.9B,40,verbs,605,0.985180139541626
xglm_large,facebook/xglm-2.9B,40,verbs,606,0.9895524978637695
xglm_large,facebook/xglm-2.9B,40,verbs,607,0.9868786931037903
xglm_large,facebook/xglm-2.9B,40,verbs,608,0.9841451048851013
xglm_large,facebook/xglm-2.9B,40,verbs,609,0.9836400151252747
xglm_large,facebook/xglm-2.9B,40,verbs,610,0.9870880246162415
xglm_large,facebook/xglm-2.9B,40,verbs,611,0.9777370691299438
xglm_large,facebook/xglm-2.9B,40,verbs,612,0.983348548412323
xglm_large,facebook/xglm-2.9B,40,verbs,613,0.9823687672615051
xglm_large,facebook/xglm-2.9B,40,verbs,614,0.9865772724151611
xglm_large,facebook/xglm-2.9B,40,verbs,615,0.9872955083847046
xglm_large,facebook/xglm-2.9B,40,verbs,616,0.9883831143379211
xglm_large,facebook/xglm-2.9B,40,verbs,617,0.9860225915908813
xglm_large,facebook/xglm-2.9B,40,verbs,618,0.9809194207191467
xglm_large,facebook/xglm-2.9B,40,verbs,619,0.9892745018005371
xglm_large,facebook/xglm-2.9B,40,verbs,620,0.9871074557304382
xglm_large,facebook/xglm-2.9B,40,verbs,621,0.9852451682090759
xglm_large,facebook/xglm-2.9B,40,verbs,622,0.9843767285346985
xglm_large,facebook/xglm-2.9B,40,verbs,623,0.9798344373703003
xglm_large,facebook/xglm-2.9B,40,verbs,624,0.9887436628341675
xglm_large,facebook/xglm-2.9B,40,verbs,625,0.9865071177482605
xglm_large,facebook/xglm-2.9B,40,verbs,626,0.9815977811813354
xglm_large,facebook/xglm-2.9B,40,nounsverbs,0,0.9867556691169739
xglm_large,facebook/xglm-2.9B,40,nounsverbs,1,0.9835019707679749
xglm_large,facebook/xglm-2.9B,40,nounsverbs,2,0.9807074069976807
xglm_large,facebook/xglm-2.9B,40,nounsverbs,3,0.9815606474876404
xglm_large,facebook/xglm-2.9B,40,nounsverbs,4,0.9815855026245117
xglm_large,facebook/xglm-2.9B,40,nounsverbs,5,0.9885503053665161
xglm_large,facebook/xglm-2.9B,40,nounsverbs,6,0.9878696799278259
xglm_large,facebook/xglm-2.9B,40,nounsverbs,7,0.9920574426651001
xglm_large,facebook/xglm-2.9B,40,nounsverbs,8,0.9888970851898193
xglm_large,facebook/xglm-2.9B,40,nounsverbs,9,0.98662930727005
xglm_large,facebook/xglm-2.9B,40,nounsverbs,10,0.9926846027374268
xglm_large,facebook/xglm-2.9B,40,nounsverbs,11,0.9881615042686462
xglm_large,facebook/xglm-2.9B,40,nounsverbs,12,0.9951884150505066
xglm_large,facebook/xglm-2.9B,40,nounsverbs,13,0.9846234917640686
xglm_large,facebook/xglm-2.9B,40,nounsverbs,14,0.9872665405273438
xglm_large,facebook/xglm-2.9B,40,nounsverbs,15,0.9851102828979492
xglm_large,facebook/xglm-2.9B,40,nounsverbs,16,0.9879730939865112
xglm_large,facebook/xglm-2.9B,40,nounsverbs,17,0.9881311655044556
xglm_large,facebook/xglm-2.9B,40,nounsverbs,18,0.9904629588127136
xglm_large,facebook/xglm-2.9B,40,nounsverbs,19,0.98902428150177
xglm_large,facebook/xglm-2.9B,40,nounsverbs,20,0.9892339706420898
xglm_large,facebook/xglm-2.9B,40,nounsverbs,21,0.9835715889930725
xglm_large,facebook/xglm-2.9B,40,nounsverbs,22,0.9866311550140381
xglm_large,facebook/xglm-2.9B,40,nounsverbs,23,0.9860581755638123
xglm_large,facebook/xglm-2.9B,40,nounsverbs,24,0.9892743825912476
xglm_large,facebook/xglm-2.9B,40,nounsverbs,25,0.9846838116645813
xglm_large,facebook/xglm-2.9B,40,nounsverbs,26,0.9831835031509399
xglm_large,facebook/xglm-2.9B,40,nounsverbs,27,0.9866545796394348
xglm_large,facebook/xglm-2.9B,40,nounsverbs,28,0.9872062802314758
xglm_large,facebook/xglm-2.9B,40,nounsverbs,29,0.9857683181762695
xglm_large,facebook/xglm-2.9B,40,nounsverbs,30,0.9882124662399292
xglm_large,facebook/xglm-2.9B,40,nounsverbs,31,0.98801589012146
xglm_large,facebook/xglm-2.9B,40,nounsverbs,32,0.9876708388328552
xglm_large,facebook/xglm-2.9B,40,nounsverbs,33,0.9836242198944092
xglm_large,facebook/xglm-2.9B,40,nounsverbs,34,0.9874697923660278
xglm_large,facebook/xglm-2.9B,40,nounsverbs,35,0.9883680939674377
xglm_large,facebook/xglm-2.9B,40,nounsverbs,36,0.9854922294616699
xglm_large,facebook/xglm-2.9B,40,nounsverbs,37,0.9879971146583557
xglm_large,facebook/xglm-2.9B,40,nounsverbs,38,0.9874274730682373
xglm_large,facebook/xglm-2.9B,40,nounsverbs,39,0.9841691255569458
xglm_large,facebook/xglm-2.9B,40,nounsverbs,40,0.9861021041870117
xglm_large,facebook/xglm-2.9B,40,nounsverbs,41,0.9850708246231079
xglm_large,facebook/xglm-2.9B,40,nounsverbs,42,0.9828798174858093
xglm_large,facebook/xglm-2.9B,40,nounsverbs,43,0.9916691780090332
xglm_large,facebook/xglm-2.9B,40,nounsverbs,44,0.9866495132446289
xglm_large,facebook/xglm-2.9B,40,nounsverbs,45,0.9898759126663208
xglm_large,facebook/xglm-2.9B,40,nounsverbs,46,0.9863821864128113
xglm_large,facebook/xglm-2.9B,40,nounsverbs,47,0.9863969087600708
xglm_large,facebook/xglm-2.9B,40,nounsverbs,48,0.9845693707466125
xglm_large,facebook/xglm-2.9B,40,nounsverbs,49,0.9880149364471436
xglm_large,facebook/xglm-2.9B,40,nounsverbs,50,0.9918493628501892
xglm_large,facebook/xglm-2.9B,40,nounsverbs,51,0.9864537715911865
xglm_large,facebook/xglm-2.9B,40,nounsverbs,52,0.9877941608428955
xglm_large,facebook/xglm-2.9B,40,nounsverbs,53,0.9929511547088623
xglm_large,facebook/xglm-2.9B,40,nounsverbs,54,0.9952763319015503
xglm_large,facebook/xglm-2.9B,40,nounsverbs,55,0.9867092370986938
xglm_large,facebook/xglm-2.9B,40,nounsverbs,56,0.9869375228881836
xglm_large,facebook/xglm-2.9B,40,nounsverbs,57,0.9870102405548096
xglm_large,facebook/xglm-2.9B,40,nounsverbs,58,0.9914647340774536
xglm_large,facebook/xglm-2.9B,40,nounsverbs,59,0.9912230968475342
xglm_large,facebook/xglm-2.9B,40,nounsverbs,60,0.9876804947853088
xglm_large,facebook/xglm-2.9B,40,nounsverbs,61,0.9865739345550537
xglm_large,facebook/xglm-2.9B,40,nounsverbs,62,0.9911488890647888
xglm_large,facebook/xglm-2.9B,40,nounsverbs,63,0.9896884560585022
xglm_large,facebook/xglm-2.9B,40,nounsverbs,64,0.9851282835006714
xglm_large,facebook/xglm-2.9B,40,nounsverbs,65,0.9817373752593994
xglm_large,facebook/xglm-2.9B,40,nounsverbs,66,0.982799232006073
xglm_large,facebook/xglm-2.9B,40,nounsverbs,67,0.9870649576187134
xglm_large,facebook/xglm-2.9B,40,nounsverbs,68,0.9901213645935059
xglm_large,facebook/xglm-2.9B,40,nounsverbs,69,0.9873594045639038
xglm_large,facebook/xglm-2.9B,40,nounsverbs,70,0.9857391715049744
xglm_large,facebook/xglm-2.9B,40,nounsverbs,71,0.9873190522193909
xglm_large,facebook/xglm-2.9B,40,nounsverbs,72,0.9872140884399414
xglm_large,facebook/xglm-2.9B,40,nounsverbs,73,0.9858695268630981
xglm_large,facebook/xglm-2.9B,40,nounsverbs,74,0.9913646578788757
xglm_large,facebook/xglm-2.9B,40,nounsverbs,75,0.9880620241165161
xglm_large,facebook/xglm-2.9B,40,nounsverbs,76,0.9886465072631836
xglm_large,facebook/xglm-2.9B,40,nounsverbs,77,0.9853113293647766
xglm_large,facebook/xglm-2.9B,40,nounsverbs,78,0.986879289150238
xglm_large,facebook/xglm-2.9B,40,nounsverbs,79,0.9891171455383301
xglm_large,facebook/xglm-2.9B,40,nounsverbs,80,0.9841340780258179
xglm_large,facebook/xglm-2.9B,40,nounsverbs,81,0.9878765344619751
xglm_large,facebook/xglm-2.9B,40,nounsverbs,82,0.9829887747764587
xglm_large,facebook/xglm-2.9B,40,nounsverbs,83,0.9844964146614075
xglm_large,facebook/xglm-2.9B,40,nounsverbs,84,0.9836755394935608
xglm_large,facebook/xglm-2.9B,40,nounsverbs,85,0.9852167367935181
xglm_large,facebook/xglm-2.9B,40,nounsverbs,86,0.9849547147750854
xglm_large,facebook/xglm-2.9B,40,nounsverbs,87,0.9846453070640564
xglm_large,facebook/xglm-2.9B,40,nounsverbs,88,0.9849627614021301
xglm_large,facebook/xglm-2.9B,40,nounsverbs,89,0.9848774671554565
xglm_large,facebook/xglm-2.9B,40,nounsverbs,90,0.9906253218650818
xglm_large,facebook/xglm-2.9B,40,nounsverbs,91,0.9873359203338623
xglm_large,facebook/xglm-2.9B,40,nounsverbs,92,0.9821701049804688
xglm_large,facebook/xglm-2.9B,40,nounsverbs,93,0.9882625937461853
xglm_large,facebook/xglm-2.9B,40,nounsverbs,94,0.992013692855835
xglm_large,facebook/xglm-2.9B,40,nounsverbs,95,0.9841931462287903
xglm_large,facebook/xglm-2.9B,40,nounsverbs,96,0.9954401850700378
xglm_large,facebook/xglm-2.9B,40,nounsverbs,97,0.9903746843338013
xglm_large,facebook/xglm-2.9B,40,nounsverbs,98,0.9872204661369324
xglm_large,facebook/xglm-2.9B,40,nounsverbs,99,0.9874871969223022
xglm_large,facebook/xglm-2.9B,40,nounsverbs,100,0.9869720935821533
xglm_large,facebook/xglm-2.9B,40,nounsverbs,101,0.988237738609314
xglm_large,facebook/xglm-2.9B,40,nounsverbs,102,0.9890555143356323
xglm_large,facebook/xglm-2.9B,40,nounsverbs,103,0.990692138671875
xglm_large,facebook/xglm-2.9B,40,nounsverbs,104,0.9899909496307373
xglm_large,facebook/xglm-2.9B,40,nounsverbs,105,0.9856293797492981
xglm_large,facebook/xglm-2.9B,40,nounsverbs,106,0.9914000630378723
xglm_large,facebook/xglm-2.9B,40,nounsverbs,107,0.9902668595314026
xglm_large,facebook/xglm-2.9B,40,nounsverbs,108,0.983622670173645
xglm_large,facebook/xglm-2.9B,40,nounsverbs,109,0.9896599054336548
xglm_large,facebook/xglm-2.9B,40,nounsverbs,110,0.9860578775405884
xglm_large,facebook/xglm-2.9B,40,nounsverbs,111,0.9802559614181519
xglm_large,facebook/xglm-2.9B,40,nounsverbs,112,0.9847449660301208
xglm_large,facebook/xglm-2.9B,40,nounsverbs,113,0.9874194860458374
xglm_large,facebook/xglm-2.9B,40,nounsverbs,114,0.9858748316764832
xglm_large,facebook/xglm-2.9B,40,nounsverbs,115,0.9884836077690125
xglm_large,facebook/xglm-2.9B,40,nounsverbs,116,0.9875571727752686
xglm_large,facebook/xglm-2.9B,40,nounsverbs,117,0.9866828322410583
xglm_large,facebook/xglm-2.9B,40,nounsverbs,118,0.9841088056564331
xglm_large,facebook/xglm-2.9B,40,nounsverbs,119,0.9892841577529907
xglm_large,facebook/xglm-2.9B,40,nounsverbs,120,0.9862601161003113
xglm_large,facebook/xglm-2.9B,40,nounsverbs,121,0.9877671003341675
xglm_large,facebook/xglm-2.9B,40,nounsverbs,122,0.9917813539505005
xglm_large,facebook/xglm-2.9B,40,nounsverbs,123,0.9884490966796875
xglm_large,facebook/xglm-2.9B,40,nounsverbs,124,0.9900159239768982
xglm_large,facebook/xglm-2.9B,40,nounsverbs,125,0.9899002313613892
xglm_large,facebook/xglm-2.9B,40,nounsverbs,126,0.9867021441459656
xglm_large,facebook/xglm-2.9B,40,nounsverbs,127,0.9899151921272278
xglm_large,facebook/xglm-2.9B,40,nounsverbs,128,0.9914450645446777
xglm_large,facebook/xglm-2.9B,40,nounsverbs,129,0.986824095249176
xglm_large,facebook/xglm-2.9B,40,nounsverbs,130,0.9847506284713745
xglm_large,facebook/xglm-2.9B,40,nounsverbs,131,0.9888813495635986
xglm_large,facebook/xglm-2.9B,40,nounsverbs,132,0.9874901175498962
xglm_large,facebook/xglm-2.9B,40,nounsverbs,133,0.9899647235870361
xglm_large,facebook/xglm-2.9B,40,nounsverbs,134,0.9875145554542542
xglm_large,facebook/xglm-2.9B,40,nounsverbs,135,0.9907382130622864
xglm_large,facebook/xglm-2.9B,40,nounsverbs,136,0.9885128736495972
xglm_large,facebook/xglm-2.9B,40,nounsverbs,137,0.9861878752708435
xglm_large,facebook/xglm-2.9B,40,nounsverbs,138,0.9888656139373779
xglm_large,facebook/xglm-2.9B,40,nounsverbs,139,0.9824937582015991
xglm_large,facebook/xglm-2.9B,40,nounsverbs,140,0.9894538521766663
xglm_large,facebook/xglm-2.9B,40,nounsverbs,141,0.9870903491973877
xglm_large,facebook/xglm-2.9B,40,nounsverbs,142,0.9874814748764038
xglm_large,facebook/xglm-2.9B,40,nounsverbs,143,0.9899120330810547
xglm_large,facebook/xglm-2.9B,40,nounsverbs,144,0.9862455725669861
xglm_large,facebook/xglm-2.9B,40,nounsverbs,145,0.9911471605300903
xglm_large,facebook/xglm-2.9B,40,nounsverbs,146,0.9842706322669983
xglm_large,facebook/xglm-2.9B,40,nounsverbs,147,0.9824564456939697
xglm_large,facebook/xglm-2.9B,40,nounsverbs,148,0.9819350242614746
xglm_large,facebook/xglm-2.9B,40,nounsverbs,149,0.9907251000404358
xglm_large,facebook/xglm-2.9B,40,nounsverbs,150,0.9918412566184998
xglm_large,facebook/xglm-2.9B,40,nounsverbs,151,0.9904918670654297
xglm_large,facebook/xglm-2.9B,40,nounsverbs,152,0.9854975938796997
xglm_large,facebook/xglm-2.9B,40,nounsverbs,153,0.9853236079216003
xglm_large,facebook/xglm-2.9B,40,nounsverbs,154,0.9885020852088928
xglm_large,facebook/xglm-2.9B,40,nounsverbs,155,0.9836517572402954
xglm_large,facebook/xglm-2.9B,40,nounsverbs,156,0.9850636720657349
xglm_large,facebook/xglm-2.9B,40,nounsverbs,157,0.9921388626098633
xglm_large,facebook/xglm-2.9B,40,nounsverbs,158,0.9860337376594543
xglm_large,facebook/xglm-2.9B,40,nounsverbs,159,0.9848440885543823
xglm_large,facebook/xglm-2.9B,40,nounsverbs,160,0.9829717874526978
xglm_large,facebook/xglm-2.9B,40,nounsverbs,161,0.9860813617706299
xglm_large,facebook/xglm-2.9B,40,nounsverbs,162,0.9830901026725769
xglm_large,facebook/xglm-2.9B,40,nounsverbs,163,0.9850269556045532
xglm_large,facebook/xglm-2.9B,40,nounsverbs,164,0.988453209400177
xglm_large,facebook/xglm-2.9B,40,nounsverbs,165,0.9916189908981323
xglm_large,facebook/xglm-2.9B,40,nounsverbs,166,0.9865716695785522
xglm_large,facebook/xglm-2.9B,40,nounsverbs,167,0.9868680238723755
xglm_large,facebook/xglm-2.9B,40,nounsverbs,168,0.9858699440956116
xglm_large,facebook/xglm-2.9B,40,nounsverbs,169,0.9876996874809265
xglm_large,facebook/xglm-2.9B,40,nounsverbs,170,0.9896448254585266
xglm_large,facebook/xglm-2.9B,40,nounsverbs,171,0.9892628192901611
xglm_large,facebook/xglm-2.9B,40,nounsverbs,172,0.9891269207000732
xglm_large,facebook/xglm-2.9B,40,nounsverbs,173,0.9881196022033691
xglm_large,facebook/xglm-2.9B,40,nounsverbs,174,0.9877315759658813
xglm_large,facebook/xglm-2.9B,40,nounsverbs,175,0.9861132502555847
xglm_large,facebook/xglm-2.9B,40,nounsverbs,176,0.9820052981376648
xglm_large,facebook/xglm-2.9B,40,nounsverbs,177,0.9891452193260193
xglm_large,facebook/xglm-2.9B,40,nounsverbs,178,0.9867439270019531
xglm_large,facebook/xglm-2.9B,40,nounsverbs,179,0.9898605942726135
xglm_large,facebook/xglm-2.9B,40,nounsverbs,180,0.9861091375350952
xglm_large,facebook/xglm-2.9B,40,nounsverbs,181,0.9890671968460083
xglm_large,facebook/xglm-2.9B,40,nounsverbs,182,0.9841623306274414
xglm_large,facebook/xglm-2.9B,40,nounsverbs,183,0.9903233051300049
xglm_large,facebook/xglm-2.9B,40,nounsverbs,184,0.9915157556533813
xglm_large,facebook/xglm-2.9B,40,nounsverbs,185,0.9871534705162048
xglm_large,facebook/xglm-2.9B,40,nounsverbs,186,0.9891415238380432
xglm_large,facebook/xglm-2.9B,40,nounsverbs,187,0.9868312478065491
xglm_large,facebook/xglm-2.9B,40,nounsverbs,188,0.9888110756874084
xglm_large,facebook/xglm-2.9B,40,nounsverbs,189,0.9892571568489075
xglm_large,facebook/xglm-2.9B,40,nounsverbs,190,0.9866505861282349
xglm_large,facebook/xglm-2.9B,40,nounsverbs,191,0.9910489320755005
xglm_large,facebook/xglm-2.9B,40,nounsverbs,192,0.9883136749267578
xglm_large,facebook/xglm-2.9B,40,nounsverbs,193,0.9854978919029236
xglm_large,facebook/xglm-2.9B,40,nounsverbs,194,0.9907422065734863
xglm_large,facebook/xglm-2.9B,40,nounsverbs,195,0.9867045879364014
xglm_large,facebook/xglm-2.9B,40,nounsverbs,196,0.9928968548774719
xglm_large,facebook/xglm-2.9B,40,nounsverbs,197,0.990878701210022
xglm_large,facebook/xglm-2.9B,40,nounsverbs,198,0.9890812039375305
xglm_large,facebook/xglm-2.9B,40,nounsverbs,199,0.9889894127845764
xglm_large,facebook/xglm-2.9B,40,nounsverbs,200,0.9880993366241455
xglm_large,facebook/xglm-2.9B,40,nounsverbs,201,0.9898917078971863
xglm_large,facebook/xglm-2.9B,40,nounsverbs,202,0.9809162616729736
xglm_large,facebook/xglm-2.9B,40,nounsverbs,203,0.9906355142593384
xglm_large,facebook/xglm-2.9B,40,nounsverbs,204,0.9902456402778625
xglm_large,facebook/xglm-2.9B,40,nounsverbs,205,0.9898487329483032
xglm_large,facebook/xglm-2.9B,40,nounsverbs,206,0.9874075651168823
xglm_large,facebook/xglm-2.9B,40,nounsverbs,207,0.9901583194732666
xglm_large,facebook/xglm-2.9B,40,nounsverbs,208,0.9873344898223877
xglm_large,facebook/xglm-2.9B,40,nounsverbs,209,0.9890089631080627
xglm_large,facebook/xglm-2.9B,40,nounsverbs,210,0.9859452247619629
xglm_large,facebook/xglm-2.9B,40,nounsverbs,211,0.9874255061149597
xglm_large,facebook/xglm-2.9B,40,nounsverbs,212,0.9873809814453125
xglm_large,facebook/xglm-2.9B,40,nounsverbs,213,0.9830406904220581
xglm_large,facebook/xglm-2.9B,40,nounsverbs,214,0.9897137880325317
xglm_large,facebook/xglm-2.9B,40,nounsverbs,215,0.9884694814682007
xglm_large,facebook/xglm-2.9B,40,nounsverbs,216,0.9863091111183167
xglm_large,facebook/xglm-2.9B,40,nounsverbs,217,0.9906349778175354
xglm_large,facebook/xglm-2.9B,40,nounsverbs,218,0.9861553311347961
xglm_large,facebook/xglm-2.9B,40,nounsverbs,219,0.98726886510849
xglm_large,facebook/xglm-2.9B,40,nounsverbs,220,0.9883915185928345
xglm_large,facebook/xglm-2.9B,40,nounsverbs,221,0.9879895448684692
xglm_large,facebook/xglm-2.9B,40,nounsverbs,222,0.9893259406089783
xglm_large,facebook/xglm-2.9B,40,nounsverbs,223,0.9891850352287292
xglm_large,facebook/xglm-2.9B,40,nounsverbs,224,0.9904407858848572
xglm_large,facebook/xglm-2.9B,40,nounsverbs,225,0.9849857091903687
xglm_large,facebook/xglm-2.9B,40,nounsverbs,226,0.9925588369369507
xglm_large,facebook/xglm-2.9B,40,nounsverbs,227,0.9900722503662109
xglm_large,facebook/xglm-2.9B,40,nounsverbs,228,0.9929451942443848
xglm_large,facebook/xglm-2.9B,40,nounsverbs,229,0.9905452132225037
xglm_large,facebook/xglm-2.9B,40,nounsverbs,230,0.9884629845619202
xglm_large,facebook/xglm-2.9B,40,nounsverbs,231,0.9891613721847534
xglm_large,facebook/xglm-2.9B,40,nounsverbs,232,0.9879392385482788
xglm_large,facebook/xglm-2.9B,40,nounsverbs,233,0.9863427877426147
xglm_large,facebook/xglm-2.9B,40,nounsverbs,234,0.9924882650375366
xglm_large,facebook/xglm-2.9B,40,nounsverbs,235,0.9883543848991394
xglm_large,facebook/xglm-2.9B,40,nounsverbs,236,0.9871556162834167
xglm_large,facebook/xglm-2.9B,40,nounsverbs,237,0.9883978366851807
xglm_large,facebook/xglm-2.9B,40,nounsverbs,238,0.9875221848487854
xglm_large,facebook/xglm-2.9B,40,nounsverbs,239,0.9883359670639038
xglm_large,facebook/xglm-2.9B,40,nounsverbs,240,0.9892374873161316
xglm_large,facebook/xglm-2.9B,40,nounsverbs,241,0.980281412601471
xglm_large,facebook/xglm-2.9B,40,nounsverbs,242,0.9912307858467102
xglm_large,facebook/xglm-2.9B,40,nounsverbs,243,0.9893084764480591
xglm_large,facebook/xglm-2.9B,40,nounsverbs,244,0.9921934008598328
xglm_large,facebook/xglm-2.9B,40,nounsverbs,245,0.9891682267189026
xglm_large,facebook/xglm-2.9B,40,nounsverbs,246,0.9842300415039062
xglm_large,facebook/xglm-2.9B,40,nounsverbs,247,0.9895660281181335
xglm_large,facebook/xglm-2.9B,40,nounsverbs,248,0.9875791072845459
xglm_large,facebook/xglm-2.9B,40,nounsverbs,249,0.9888150095939636
xglm_large,facebook/xglm-2.9B,40,nounsverbs,250,0.9886650443077087
xglm_large,facebook/xglm-2.9B,40,nounsverbs,251,0.996489942073822
xglm_large,facebook/xglm-2.9B,40,nounsverbs,252,0.9894607663154602
xglm_large,facebook/xglm-2.9B,40,nounsverbs,253,0.9891356229782104
xglm_large,facebook/xglm-2.9B,40,nounsverbs,254,0.9906132817268372
xglm_large,facebook/xglm-2.9B,40,nounsverbs,255,0.9820186495780945
xglm_large,facebook/xglm-2.9B,40,nounsverbs,256,0.9857712388038635
xglm_large,facebook/xglm-2.9B,40,nounsverbs,257,0.989341676235199
xglm_large,facebook/xglm-2.9B,40,nounsverbs,258,0.9895188212394714
xglm_large,facebook/xglm-2.9B,40,nounsverbs,259,0.9891038537025452
xglm_large,facebook/xglm-2.9B,40,nounsverbs,260,0.9894937872886658
xglm_large,facebook/xglm-2.9B,40,nounsverbs,261,0.988603949546814
xglm_large,facebook/xglm-2.9B,40,nounsverbs,262,0.9882643222808838
xglm_large,facebook/xglm-2.9B,40,nounsverbs,263,0.991539478302002
xglm_large,facebook/xglm-2.9B,40,nounsverbs,264,0.9865199327468872
xglm_large,facebook/xglm-2.9B,40,nounsverbs,265,0.9835997819900513
xglm_large,facebook/xglm-2.9B,40,nounsverbs,266,0.9883571267127991
xglm_large,facebook/xglm-2.9B,40,nounsverbs,267,0.9882888197898865
xglm_large,facebook/xglm-2.9B,40,nounsverbs,268,0.989190936088562
xglm_large,facebook/xglm-2.9B,40,nounsverbs,269,0.984946608543396
xglm_large,facebook/xglm-2.9B,40,nounsverbs,270,0.9874650835990906
xglm_large,facebook/xglm-2.9B,40,nounsverbs,271,0.9909582138061523
xglm_large,facebook/xglm-2.9B,40,nounsverbs,272,0.9871795773506165
xglm_large,facebook/xglm-2.9B,40,nounsverbs,273,0.9892209768295288
xglm_large,facebook/xglm-2.9B,40,nounsverbs,274,0.9888297319412231
xglm_large,facebook/xglm-2.9B,40,nounsverbs,275,0.9881860017776489
xglm_large,facebook/xglm-2.9B,40,nounsverbs,276,0.9845454096794128
xglm_large,facebook/xglm-2.9B,40,nounsverbs,277,0.9855779409408569
xglm_large,facebook/xglm-2.9B,40,nounsverbs,278,0.9859403371810913
xglm_large,facebook/xglm-2.9B,40,nounsverbs,279,0.9879505038261414
xglm_large,facebook/xglm-2.9B,40,nounsverbs,280,0.989487886428833
xglm_large,facebook/xglm-2.9B,40,nounsverbs,281,0.9870587587356567
xglm_large,facebook/xglm-2.9B,40,nounsverbs,282,0.9838619232177734
xglm_large,facebook/xglm-2.9B,40,nounsverbs,283,0.9869458675384521
xglm_large,facebook/xglm-2.9B,40,nounsverbs,284,0.9909706115722656
xglm_large,facebook/xglm-2.9B,40,nounsverbs,285,0.989159882068634
xglm_large,facebook/xglm-2.9B,40,nounsverbs,286,0.9884091019630432
xglm_large,facebook/xglm-2.9B,40,nounsverbs,287,0.9912381768226624
xglm_large,facebook/xglm-2.9B,40,nounsverbs,288,0.9861934185028076
xglm_large,facebook/xglm-2.9B,40,nounsverbs,289,0.9897987842559814
xglm_large,facebook/xglm-2.9B,40,nounsverbs,290,0.9823043346405029
xglm_large,facebook/xglm-2.9B,40,nounsverbs,291,0.9927576184272766
xglm_large,facebook/xglm-2.9B,40,nounsverbs,292,0.9900349974632263
xglm_large,facebook/xglm-2.9B,40,nounsverbs,293,0.9898353815078735
xglm_large,facebook/xglm-2.9B,40,nounsverbs,294,0.9869767427444458
xglm_large,facebook/xglm-2.9B,40,nounsverbs,295,0.9900035858154297
xglm_large,facebook/xglm-2.9B,40,nounsverbs,296,0.9899563789367676
xglm_large,facebook/xglm-2.9B,40,nounsverbs,297,0.9893627166748047
xglm_large,facebook/xglm-2.9B,40,nounsverbs,298,0.9894573092460632
xglm_large,facebook/xglm-2.9B,40,nounsverbs,299,0.9883156418800354
xglm_large,facebook/xglm-2.9B,40,nounsverbs,300,0.9900900721549988
xglm_large,facebook/xglm-2.9B,40,nounsverbs,301,0.9852370619773865
xglm_large,facebook/xglm-2.9B,40,nounsverbs,302,0.9919154644012451
xglm_large,facebook/xglm-2.9B,40,nounsverbs,303,0.9898991584777832
xglm_large,facebook/xglm-2.9B,40,nounsverbs,304,0.9872814416885376
xglm_large,facebook/xglm-2.9B,40,nounsverbs,305,0.9893550872802734
xglm_large,facebook/xglm-2.9B,40,nounsverbs,306,0.9861154556274414
xglm_large,facebook/xglm-2.9B,40,nounsverbs,307,0.9969371557235718
xglm_large,facebook/xglm-2.9B,40,nounsverbs,308,0.9860352277755737
xglm_large,facebook/xglm-2.9B,40,nounsverbs,309,0.9920284748077393
xglm_large,facebook/xglm-2.9B,40,nounsverbs,310,0.9913545846939087
xglm_large,facebook/xglm-2.9B,40,nounsverbs,311,0.9891654253005981
xglm_large,facebook/xglm-2.9B,40,nounsverbs,312,0.9927608966827393
xglm_large,facebook/xglm-2.9B,40,nounsverbs,313,0.9876893162727356
xglm_large,facebook/xglm-2.9B,40,nounsverbs,314,0.990739643573761
xglm_large,facebook/xglm-2.9B,40,nounsverbs,315,0.9932507872581482
xglm_large,facebook/xglm-2.9B,40,nounsverbs,316,0.9863132238388062
xglm_large,facebook/xglm-2.9B,40,nounsverbs,317,0.9893901348114014
xglm_large,facebook/xglm-2.9B,40,nounsverbs,318,0.9874284863471985
xglm_large,facebook/xglm-2.9B,40,nounsverbs,319,0.9882615208625793
xglm_large,facebook/xglm-2.9B,40,nounsverbs,320,0.9897698760032654
xglm_large,facebook/xglm-2.9B,40,nounsverbs,321,0.9878716468811035
xglm_large,facebook/xglm-2.9B,40,nounsverbs,322,0.9803686141967773
xglm_large,facebook/xglm-2.9B,40,nounsverbs,323,0.983552098274231
xglm_large,facebook/xglm-2.9B,40,nounsverbs,324,0.9880887866020203
xglm_large,facebook/xglm-2.9B,40,nounsverbs,325,0.9891766309738159
xglm_large,facebook/xglm-2.9B,40,nounsverbs,326,0.9856480360031128
xglm_large,facebook/xglm-2.9B,40,nounsverbs,327,0.989470899105072
xglm_large,facebook/xglm-2.9B,40,nounsverbs,328,0.9832543134689331
xglm_large,facebook/xglm-2.9B,40,nounsverbs,329,0.9937411546707153
xglm_large,facebook/xglm-2.9B,40,nounsverbs,330,0.9886309504508972
xglm_large,facebook/xglm-2.9B,40,nounsverbs,331,0.9928004145622253
xglm_large,facebook/xglm-2.9B,40,nounsverbs,332,0.9895403385162354
xglm_large,facebook/xglm-2.9B,40,nounsverbs,333,0.9894696474075317
xglm_large,facebook/xglm-2.9B,40,nounsverbs,334,0.9959482550621033
xglm_large,facebook/xglm-2.9B,40,nounsverbs,335,0.9913787245750427
xglm_large,facebook/xglm-2.9B,40,nounsverbs,336,0.9900460839271545
xglm_large,facebook/xglm-2.9B,40,nounsverbs,337,0.9833039045333862
xglm_large,facebook/xglm-2.9B,40,nounsverbs,338,0.992412805557251
xglm_large,facebook/xglm-2.9B,40,nounsverbs,339,0.9838272333145142
xglm_large,facebook/xglm-2.9B,40,nounsverbs,340,0.9876295924186707
xglm_large,facebook/xglm-2.9B,40,nounsverbs,341,0.9879134893417358
xglm_large,facebook/xglm-2.9B,40,nounsverbs,342,0.9841547012329102
xglm_large,facebook/xglm-2.9B,40,nounsverbs,343,0.9871487021446228
xglm_large,facebook/xglm-2.9B,40,nounsverbs,344,0.9839113354682922
xglm_large,facebook/xglm-2.9B,40,nounsverbs,345,0.9880478382110596
xglm_large,facebook/xglm-2.9B,40,nounsverbs,346,0.9826340675354004
xglm_large,facebook/xglm-2.9B,40,nounsverbs,347,0.9871681332588196
xglm_large,facebook/xglm-2.9B,40,nounsverbs,348,0.9859265089035034
xglm_large,facebook/xglm-2.9B,40,nounsverbs,349,0.9903905391693115
xglm_large,facebook/xglm-2.9B,40,nounsverbs,350,0.9843595623970032
xglm_large,facebook/xglm-2.9B,40,nounsverbs,351,0.9864247441291809
xglm_large,facebook/xglm-2.9B,40,nounsverbs,352,0.9875374436378479
xglm_large,facebook/xglm-2.9B,40,nounsverbs,353,0.9903119802474976
xglm_large,facebook/xglm-2.9B,40,nounsverbs,354,0.9896920323371887
xglm_large,facebook/xglm-2.9B,40,nounsverbs,355,0.9882178902626038
xglm_large,facebook/xglm-2.9B,40,nounsverbs,356,0.9883182644844055
xglm_large,facebook/xglm-2.9B,40,nounsverbs,357,0.9920789003372192
xglm_large,facebook/xglm-2.9B,40,nounsverbs,358,0.9876179099082947
xglm_large,facebook/xglm-2.9B,40,nounsverbs,359,0.983669102191925
xglm_large,facebook/xglm-2.9B,40,nounsverbs,360,0.9898764491081238
xglm_large,facebook/xglm-2.9B,40,nounsverbs,361,0.9856530427932739
xglm_large,facebook/xglm-2.9B,40,nounsverbs,362,0.9861882925033569
xglm_large,facebook/xglm-2.9B,40,nounsverbs,363,0.9909747838973999
xglm_large,facebook/xglm-2.9B,40,nounsverbs,364,0.9901147484779358
xglm_large,facebook/xglm-2.9B,40,nounsverbs,365,0.9881682395935059
xglm_large,facebook/xglm-2.9B,40,nounsverbs,366,0.9881824254989624
xglm_large,facebook/xglm-2.9B,40,nounsverbs,367,0.9861701726913452
xglm_large,facebook/xglm-2.9B,40,nounsverbs,368,0.9870997071266174
xglm_large,facebook/xglm-2.9B,40,nounsverbs,369,0.9898483753204346
xglm_large,facebook/xglm-2.9B,40,nounsverbs,370,0.9890098571777344
xglm_large,facebook/xglm-2.9B,40,nounsverbs,371,0.9882117509841919
xglm_large,facebook/xglm-2.9B,40,nounsverbs,372,0.9886902570724487
xglm_large,facebook/xglm-2.9B,40,nounsverbs,373,0.9820950627326965
xglm_large,facebook/xglm-2.9B,40,nounsverbs,374,0.9860022664070129
xglm_large,facebook/xglm-2.9B,40,nounsverbs,375,0.9847993850708008
xglm_large,facebook/xglm-2.9B,40,nounsverbs,376,0.9880261421203613
xglm_large,facebook/xglm-2.9B,40,nounsverbs,377,0.9890580773353577
xglm_large,facebook/xglm-2.9B,40,nounsverbs,378,0.9883930087089539
xglm_large,facebook/xglm-2.9B,40,nounsverbs,379,0.9860823750495911
xglm_large,facebook/xglm-2.9B,40,nounsverbs,380,0.9889145493507385
xglm_large,facebook/xglm-2.9B,40,nounsverbs,381,0.9876933693885803
xglm_large,facebook/xglm-2.9B,40,nounsverbs,382,0.9836037158966064
xglm_large,facebook/xglm-2.9B,40,nounsverbs,383,0.9841359257698059
xglm_large,facebook/xglm-2.9B,40,nounsverbs,384,0.9889393448829651
xglm_large,facebook/xglm-2.9B,40,nounsverbs,385,0.9877745509147644
xglm_large,facebook/xglm-2.9B,40,nounsverbs,386,0.9870571494102478
xglm_large,facebook/xglm-2.9B,40,nounsverbs,387,0.9856163859367371
xglm_large,facebook/xglm-2.9B,40,nounsverbs,388,0.9907974600791931
xglm_large,facebook/xglm-2.9B,40,nounsverbs,389,0.9892567992210388
xglm_large,facebook/xglm-2.9B,40,nounsverbs,390,0.9868411421775818
xglm_large,facebook/xglm-2.9B,40,nounsverbs,391,0.9885526299476624
xglm_large,facebook/xglm-2.9B,40,nounsverbs,392,0.9852726459503174
xglm_large,facebook/xglm-2.9B,40,nounsverbs,393,0.9909783005714417
xglm_large,facebook/xglm-2.9B,40,nounsverbs,394,0.9890041351318359
xglm_large,facebook/xglm-2.9B,40,nounsverbs,395,0.9869241118431091
xglm_large,facebook/xglm-2.9B,40,nounsverbs,396,0.9900619387626648
xglm_large,facebook/xglm-2.9B,40,nounsverbs,397,0.9914448857307434
xglm_large,facebook/xglm-2.9B,40,nounsverbs,398,0.9842020869255066
xglm_large,facebook/xglm-2.9B,40,nounsverbs,399,0.981805145740509
xglm_large,facebook/xglm-2.9B,40,nounsverbs,400,0.9886727333068848
xglm_large,facebook/xglm-2.9B,40,nounsverbs,401,0.9863028526306152
xglm_large,facebook/xglm-2.9B,40,nounsverbs,402,0.9900363087654114
xglm_large,facebook/xglm-2.9B,40,nounsverbs,403,0.9894129037857056
xglm_large,facebook/xglm-2.9B,40,nounsverbs,404,0.9913036227226257
xglm_large,facebook/xglm-2.9B,40,nounsverbs,405,0.9884976148605347
xglm_large,facebook/xglm-2.9B,40,nounsverbs,406,0.9876098036766052
xglm_large,facebook/xglm-2.9B,40,nounsverbs,407,0.9838597774505615
xglm_large,facebook/xglm-2.9B,40,nounsverbs,408,0.9888827800750732
xglm_large,facebook/xglm-2.9B,40,nounsverbs,409,0.9913310408592224
xglm_large,facebook/xglm-2.9B,40,nounsverbs,410,0.9911789298057556
xglm_large,facebook/xglm-2.9B,40,nounsverbs,411,0.9856427907943726
xglm_large,facebook/xglm-2.9B,40,nounsverbs,412,0.9904700517654419
xglm_large,facebook/xglm-2.9B,40,nounsverbs,413,0.991387665271759
xglm_large,facebook/xglm-2.9B,40,nounsverbs,414,0.9847519397735596
xglm_large,facebook/xglm-2.9B,40,nounsverbs,415,0.9897444248199463
xglm_large,facebook/xglm-2.9B,40,nounsverbs,416,0.9842382073402405
xglm_large,facebook/xglm-2.9B,40,nounsverbs,417,0.985482394695282
xglm_large,facebook/xglm-2.9B,40,nounsverbs,418,0.9903808832168579
xglm_large,facebook/xglm-2.9B,40,nounsverbs,419,0.9860613942146301
xglm_large,facebook/xglm-2.9B,40,nounsverbs,420,0.987345278263092
xglm_large,facebook/xglm-2.9B,40,nounsverbs,421,0.9831565022468567
xglm_large,facebook/xglm-2.9B,40,nounsverbs,422,0.9840041995048523
xglm_large,facebook/xglm-2.9B,40,nounsverbs,423,0.9840829968452454
xglm_large,facebook/xglm-2.9B,40,nounsverbs,424,0.9901801943778992
xglm_large,facebook/xglm-2.9B,40,nounsverbs,425,0.9877843856811523
xglm_large,facebook/xglm-2.9B,40,nounsverbs,426,0.9879075288772583
xglm_large,facebook/xglm-2.9B,40,nounsverbs,427,0.989435613155365
xglm_large,facebook/xglm-2.9B,40,nounsverbs,428,0.9916998744010925
xglm_large,facebook/xglm-2.9B,40,nounsverbs,429,0.9884178638458252
xglm_large,facebook/xglm-2.9B,40,nounsverbs,430,0.9885652661323547
xglm_large,facebook/xglm-2.9B,40,nounsverbs,431,0.9879046678543091
xglm_large,facebook/xglm-2.9B,40,nounsverbs,432,0.991820216178894
xglm_large,facebook/xglm-2.9B,40,nounsverbs,433,0.989629864692688
xglm_large,facebook/xglm-2.9B,40,nounsverbs,434,0.9873948693275452
xglm_large,facebook/xglm-2.9B,40,nounsverbs,435,0.9882621169090271
xglm_large,facebook/xglm-2.9B,40,nounsverbs,436,0.9883942008018494
xglm_large,facebook/xglm-2.9B,40,nounsverbs,437,0.9926124215126038
xglm_large,facebook/xglm-2.9B,40,nounsverbs,438,0.9906167984008789
xglm_large,facebook/xglm-2.9B,40,nounsverbs,439,0.9902880191802979
xglm_large,facebook/xglm-2.9B,40,nounsverbs,440,0.992143452167511
xglm_large,facebook/xglm-2.9B,40,nounsverbs,441,0.9894692897796631
xglm_large,facebook/xglm-2.9B,40,nounsverbs,442,0.9880586862564087
xglm_large,facebook/xglm-2.9B,40,nounsverbs,443,0.987372100353241
xglm_large,facebook/xglm-2.9B,40,nounsverbs,444,0.9854267239570618
xglm_large,facebook/xglm-2.9B,40,nounsverbs,445,0.9892611503601074
xglm_large,facebook/xglm-2.9B,40,nounsverbs,446,0.9852162599563599
xglm_large,facebook/xglm-2.9B,40,nounsverbs,447,0.9918610453605652
xglm_large,facebook/xglm-2.9B,40,nounsverbs,448,0.9872692823410034
xglm_large,facebook/xglm-2.9B,40,nounsverbs,449,0.9886389970779419
xglm_large,facebook/xglm-2.9B,40,nounsverbs,450,0.9902605414390564
xglm_large,facebook/xglm-2.9B,40,nounsverbs,451,0.9887014031410217
xglm_large,facebook/xglm-2.9B,40,nounsverbs,452,0.9906160235404968
xglm_large,facebook/xglm-2.9B,40,nounsverbs,453,0.9892948269844055
xglm_large,facebook/xglm-2.9B,40,nounsverbs,454,0.9880066514015198
xglm_large,facebook/xglm-2.9B,40,nounsverbs,455,0.9882882237434387
xglm_large,facebook/xglm-2.9B,40,nounsverbs,456,0.9877609014511108
xglm_large,facebook/xglm-2.9B,40,nounsverbs,457,0.9916016459465027
xglm_large,facebook/xglm-2.9B,40,nounsverbs,458,0.9892675280570984
xglm_large,facebook/xglm-2.9B,40,nounsverbs,459,0.9901818037033081
xglm_large,facebook/xglm-2.9B,40,nounsverbs,460,0.9934041500091553
xglm_large,facebook/xglm-2.9B,40,nounsverbs,461,0.9904040694236755
xglm_large,facebook/xglm-2.9B,40,nounsverbs,462,0.9849693775177002
xglm_large,facebook/xglm-2.9B,40,nounsverbs,463,0.9878079891204834
xglm_large,facebook/xglm-2.9B,40,nounsverbs,464,0.9859704375267029
xglm_large,facebook/xglm-2.9B,40,nounsverbs,465,0.986925482749939
xglm_large,facebook/xglm-2.9B,40,nounsverbs,466,0.9880437850952148
xglm_large,facebook/xglm-2.9B,40,nounsverbs,467,0.9895927906036377
xglm_large,facebook/xglm-2.9B,40,nounsverbs,468,0.9869446754455566
xglm_large,facebook/xglm-2.9B,40,nounsverbs,469,0.9848940372467041
xglm_large,facebook/xglm-2.9B,40,nounsverbs,470,0.990033745765686
xglm_large,facebook/xglm-2.9B,40,nounsverbs,471,0.987458348274231
xglm_large,facebook/xglm-2.9B,40,nounsverbs,472,0.9873859882354736
xglm_large,facebook/xglm-2.9B,40,nounsverbs,473,0.9879577159881592
xglm_large,facebook/xglm-2.9B,40,nounsverbs,474,0.9870821833610535
xglm_large,facebook/xglm-2.9B,40,nounsverbs,475,0.9892033934593201
xglm_large,facebook/xglm-2.9B,40,nounsverbs,476,0.986125648021698
xglm_large,facebook/xglm-2.9B,40,nounsverbs,477,0.9868359565734863
xglm_large,facebook/xglm-2.9B,40,nounsverbs,478,0.9876227378845215
xglm_large,facebook/xglm-2.9B,40,nounsverbs,479,0.988330066204071
xglm_large,facebook/xglm-2.9B,40,nounsverbs,480,0.9901217222213745
xglm_large,facebook/xglm-2.9B,40,nounsverbs,481,0.9906740188598633
xglm_large,facebook/xglm-2.9B,40,nounsverbs,482,0.9956648945808411
xglm_large,facebook/xglm-2.9B,40,nounsverbs,483,0.9882586598396301
xglm_large,facebook/xglm-2.9B,40,nounsverbs,484,0.9886699318885803
xglm_large,facebook/xglm-2.9B,40,nounsverbs,485,0.9867432713508606
xglm_large,facebook/xglm-2.9B,40,nounsverbs,486,0.9880355596542358
xglm_large,facebook/xglm-2.9B,40,nounsverbs,487,0.9918088912963867
xglm_large,facebook/xglm-2.9B,40,nounsverbs,488,0.9888610243797302
xglm_large,facebook/xglm-2.9B,40,nounsverbs,489,0.9875001311302185
xglm_large,facebook/xglm-2.9B,40,nounsverbs,490,0.9934976100921631
xglm_large,facebook/xglm-2.9B,40,nounsverbs,491,0.9921796917915344
xglm_large,facebook/xglm-2.9B,40,nounsverbs,492,0.9856633543968201
xglm_large,facebook/xglm-2.9B,40,nounsverbs,493,0.9884498119354248
xglm_large,facebook/xglm-2.9B,40,nounsverbs,494,0.9906068444252014
xglm_large,facebook/xglm-2.9B,40,nounsverbs,495,0.9932783842086792
xglm_large,facebook/xglm-2.9B,40,nounsverbs,496,0.9930194020271301
xglm_large,facebook/xglm-2.9B,40,nounsverbs,497,0.9907901883125305
xglm_large,facebook/xglm-2.9B,40,nounsverbs,498,0.987537145614624
xglm_large,facebook/xglm-2.9B,40,nounsverbs,499,0.9830907583236694
xglm_large,facebook/xglm-2.9B,40,nounsverbs,500,0.9886024594306946
xglm_large,facebook/xglm-2.9B,40,nounsverbs,501,0.9861366152763367
xglm_large,facebook/xglm-2.9B,40,nounsverbs,502,0.9836043119430542
xglm_large,facebook/xglm-2.9B,40,nounsverbs,503,0.9869073033332825
xglm_large,facebook/xglm-2.9B,40,nounsverbs,504,0.9888905882835388
xglm_large,facebook/xglm-2.9B,40,nounsverbs,505,0.9888927340507507
xglm_large,facebook/xglm-2.9B,40,nounsverbs,506,0.9933159947395325
xglm_large,facebook/xglm-2.9B,40,nounsverbs,507,0.9871830344200134
xglm_large,facebook/xglm-2.9B,40,nounsverbs,508,0.988663911819458
xglm_large,facebook/xglm-2.9B,40,nounsverbs,509,0.9912534952163696
xglm_large,facebook/xglm-2.9B,40,nounsverbs,510,0.9880265593528748
xglm_large,facebook/xglm-2.9B,40,nounsverbs,511,0.9885196685791016
xglm_large,facebook/xglm-2.9B,40,nounsverbs,512,0.9889224767684937
xglm_large,facebook/xglm-2.9B,40,nounsverbs,513,0.9934448003768921
xglm_large,facebook/xglm-2.9B,40,nounsverbs,514,0.9887540340423584
xglm_large,facebook/xglm-2.9B,40,nounsverbs,515,0.9871955513954163
xglm_large,facebook/xglm-2.9B,40,nounsverbs,516,0.9888579249382019
xglm_large,facebook/xglm-2.9B,40,nounsverbs,517,0.9918070435523987
xglm_large,facebook/xglm-2.9B,40,nounsverbs,518,0.9861850142478943
xglm_large,facebook/xglm-2.9B,40,nounsverbs,519,0.9827783107757568
xglm_large,facebook/xglm-2.9B,40,nounsverbs,520,0.9879229068756104
xglm_large,facebook/xglm-2.9B,40,nounsverbs,521,0.9874461889266968
xglm_large,facebook/xglm-2.9B,40,nounsverbs,522,0.9909086227416992
xglm_large,facebook/xglm-2.9B,40,nounsverbs,523,0.9882918000221252
xglm_large,facebook/xglm-2.9B,40,nounsverbs,524,0.9919441938400269
xglm_large,facebook/xglm-2.9B,40,nounsverbs,525,0.9889427423477173
xglm_large,facebook/xglm-2.9B,40,nounsverbs,526,0.9910626411437988
xglm_large,facebook/xglm-2.9B,40,nounsverbs,527,0.9924921989440918
xglm_large,facebook/xglm-2.9B,40,nounsverbs,528,0.9881579279899597
xglm_large,facebook/xglm-2.9B,40,nounsverbs,529,0.9868354201316833
xglm_large,facebook/xglm-2.9B,40,nounsverbs,530,0.9870867133140564
xglm_large,facebook/xglm-2.9B,40,nounsverbs,531,0.9849033355712891
xglm_large,facebook/xglm-2.9B,40,nounsverbs,532,0.9888620972633362
xglm_large,facebook/xglm-2.9B,40,nounsverbs,533,0.9884578585624695
xglm_large,facebook/xglm-2.9B,40,nounsverbs,534,0.9891583919525146
xglm_large,facebook/xglm-2.9B,40,nounsverbs,535,0.984162449836731
xglm_large,facebook/xglm-2.9B,40,nounsverbs,536,0.9843498468399048
xglm_large,facebook/xglm-2.9B,40,nounsverbs,537,0.9919713735580444
xglm_large,facebook/xglm-2.9B,40,nounsverbs,538,0.9874576926231384
xglm_large,facebook/xglm-2.9B,40,nounsverbs,539,0.9841548800468445
xglm_large,facebook/xglm-2.9B,40,nounsverbs,540,0.9853599667549133
xglm_large,facebook/xglm-2.9B,40,nounsverbs,541,0.9887067675590515
xglm_large,facebook/xglm-2.9B,40,nounsverbs,542,0.9888640642166138
xglm_large,facebook/xglm-2.9B,40,nounsverbs,543,0.9832451939582825
xglm_large,facebook/xglm-2.9B,40,nounsverbs,544,0.9849062561988831
xglm_large,facebook/xglm-2.9B,40,nounsverbs,545,0.9849413633346558
xglm_large,facebook/xglm-2.9B,40,nounsverbs,546,0.9882303476333618
xglm_large,facebook/xglm-2.9B,40,nounsverbs,547,0.9862475991249084
xglm_large,facebook/xglm-2.9B,40,nounsverbs,548,0.9884622097015381
xglm_large,facebook/xglm-2.9B,40,nounsverbs,549,0.9897018671035767
xglm_large,facebook/xglm-2.9B,40,nounsverbs,550,0.9881412982940674
xglm_large,facebook/xglm-2.9B,40,nounsverbs,551,0.9880228638648987
xglm_large,facebook/xglm-2.9B,40,nounsverbs,552,0.9917303323745728
xglm_large,facebook/xglm-2.9B,40,nounsverbs,553,0.9873791933059692
xglm_large,facebook/xglm-2.9B,40,nounsverbs,554,0.98890221118927
xglm_large,facebook/xglm-2.9B,40,nounsverbs,555,0.9884009957313538
xglm_large,facebook/xglm-2.9B,40,nounsverbs,556,0.9893466830253601
xglm_large,facebook/xglm-2.9B,40,nounsverbs,557,0.9893705248832703
xglm_large,facebook/xglm-2.9B,40,nounsverbs,558,0.9846180081367493
xglm_large,facebook/xglm-2.9B,40,nounsverbs,559,0.9841670989990234
xglm_large,facebook/xglm-2.9B,40,nounsverbs,560,0.9845258593559265
xglm_large,facebook/xglm-2.9B,40,nounsverbs,561,0.9910001754760742
xglm_large,facebook/xglm-2.9B,40,nounsverbs,562,0.9891417622566223
xglm_large,facebook/xglm-2.9B,40,nounsverbs,563,0.9915515184402466
xglm_large,facebook/xglm-2.9B,40,nounsverbs,564,0.9918781518936157
xglm_large,facebook/xglm-2.9B,40,nounsverbs,565,0.987582802772522
xglm_large,facebook/xglm-2.9B,40,nounsverbs,566,0.9920144081115723
xglm_large,facebook/xglm-2.9B,40,nounsverbs,567,0.992155134677887
xglm_large,facebook/xglm-2.9B,40,nounsverbs,568,0.9882999062538147
xglm_large,facebook/xglm-2.9B,40,nounsverbs,569,0.9880673289299011
xglm_large,facebook/xglm-2.9B,40,nounsverbs,570,0.9911822080612183
xglm_large,facebook/xglm-2.9B,40,nounsverbs,571,0.9890611171722412
xglm_large,facebook/xglm-2.9B,40,nounsverbs,572,0.9892939329147339
xglm_large,facebook/xglm-2.9B,40,nounsverbs,573,0.9906818270683289
xglm_large,facebook/xglm-2.9B,40,nounsverbs,574,0.9864259958267212
xglm_large,facebook/xglm-2.9B,40,nounsverbs,575,0.9862401485443115
xglm_large,facebook/xglm-2.9B,40,nounsverbs,576,0.9918221235275269
xglm_large,facebook/xglm-2.9B,40,nounsverbs,577,0.9880773425102234
xglm_large,facebook/xglm-2.9B,40,nounsverbs,578,0.9899543523788452
xglm_large,facebook/xglm-2.9B,40,nounsverbs,579,0.9887533783912659
xglm_large,facebook/xglm-2.9B,40,nounsverbs,580,0.9868838787078857
xglm_large,facebook/xglm-2.9B,40,nounsverbs,581,0.9894968271255493
xglm_large,facebook/xglm-2.9B,40,nounsverbs,582,0.9859274625778198
xglm_large,facebook/xglm-2.9B,40,nounsverbs,583,0.9897435307502747
xglm_large,facebook/xglm-2.9B,40,nounsverbs,584,0.9842618703842163
xglm_large,facebook/xglm-2.9B,40,nounsverbs,585,0.996983528137207
xglm_large,facebook/xglm-2.9B,40,nounsverbs,586,0.9908149838447571
xglm_large,facebook/xglm-2.9B,40,nounsverbs,587,0.9889657497406006
xglm_large,facebook/xglm-2.9B,40,nounsverbs,588,0.9889230132102966
xglm_large,facebook/xglm-2.9B,40,nounsverbs,589,0.9872837662696838
xglm_large,facebook/xglm-2.9B,40,nounsverbs,590,0.9857579469680786
xglm_large,facebook/xglm-2.9B,40,nounsverbs,591,0.9894712567329407
xglm_large,facebook/xglm-2.9B,40,nounsverbs,592,0.9881556034088135
xglm_large,facebook/xglm-2.9B,40,nounsverbs,593,0.9903916120529175
xglm_large,facebook/xglm-2.9B,40,nounsverbs,594,0.987309455871582
xglm_large,facebook/xglm-2.9B,40,nounsverbs,595,0.991554319858551
xglm_large,facebook/xglm-2.9B,40,nounsverbs,596,0.9918583631515503
xglm_large,facebook/xglm-2.9B,40,nounsverbs,597,0.9874483346939087
xglm_large,facebook/xglm-2.9B,40,nounsverbs,598,0.9883049726486206
xglm_large,facebook/xglm-2.9B,40,nounsverbs,599,0.986421525478363
xglm_large,facebook/xglm-2.9B,40,nounsverbs,600,0.9899729490280151
xglm_large,facebook/xglm-2.9B,40,nounsverbs,601,0.9837059378623962
xglm_large,facebook/xglm-2.9B,40,nounsverbs,602,0.9897087812423706
xglm_large,facebook/xglm-2.9B,40,nounsverbs,603,0.9894921779632568
xglm_large,facebook/xglm-2.9B,40,nounsverbs,604,0.9867563247680664
xglm_large,facebook/xglm-2.9B,40,nounsverbs,605,0.9900420308113098
xglm_large,facebook/xglm-2.9B,40,nounsverbs,606,0.9827346801757812
xglm_large,facebook/xglm-2.9B,40,nounsverbs,607,0.9857232570648193
xglm_large,facebook/xglm-2.9B,40,nounsverbs,608,0.9866633415222168
xglm_large,facebook/xglm-2.9B,40,nounsverbs,609,0.9823371171951294
xglm_large,facebook/xglm-2.9B,40,nounsverbs,610,0.9867702126502991
xglm_large,facebook/xglm-2.9B,40,nounsverbs,611,0.9864082336425781
xglm_large,facebook/xglm-2.9B,40,nounsverbs,612,0.9872317910194397
xglm_large,facebook/xglm-2.9B,40,nounsverbs,613,0.990181565284729
xglm_large,facebook/xglm-2.9B,40,nounsverbs,614,0.9858306050300598
xglm_large,facebook/xglm-2.9B,40,nounsverbs,615,0.9890413880348206
xglm_large,facebook/xglm-2.9B,40,nounsverbs,616,0.9858698844909668
xglm_large,facebook/xglm-2.9B,40,nounsverbs,617,0.986788272857666
xglm_large,facebook/xglm-2.9B,40,nounsverbs,618,0.9888865351676941
xglm_large,facebook/xglm-2.9B,40,nounsverbs,619,0.9919164776802063
xglm_large,facebook/xglm-2.9B,40,nounsverbs,620,0.9884419441223145
xglm_large,facebook/xglm-2.9B,40,nounsverbs,621,0.9882844090461731
xglm_large,facebook/xglm-2.9B,40,nounsverbs,622,0.9894076585769653
xglm_large,facebook/xglm-2.9B,40,nounsverbs,623,0.9837157130241394
xglm_large,facebook/xglm-2.9B,40,nounsverbs,624,0.9917973279953003
xglm_large,facebook/xglm-2.9B,40,nounsverbs,625,0.987677276134491
xglm_large,facebook/xglm-2.9B,40,nounsverbs,626,0.9890376925468445
xglm_large,facebook/xglm-2.9B,40,nounsverbsadj,0,0.9867398738861084
xglm_large,facebook/xglm-2.9B,40,nounsverbsadj,1,0.9809060096740723
xglm_large,facebook/xglm-2.9B,40,nounsverbsadj,2,0.9809308648109436
xglm_large,facebook/xglm-2.9B,40,nounsverbsadj,3,0.987548828125
xglm_large,facebook/xglm-2.9B,40,nounsverbsadj,4,0.9835004806518555
xglm_large,facebook/xglm-2.9B,40,nounsverbsadj,5,0.9889060258865356
xglm_large,facebook/xglm-2.9B,40,nounsverbsadj,6,0.9852215647697449
xglm_large,facebook/xglm-2.9B,40,nounsverbsadj,7,0.9928441643714905
xglm_large,facebook/xglm-2.9B,40,nounsverbsadj,8,0.9896754026412964
xglm_large,facebook/xglm-2.9B,40,nounsverbsadj,9,0.984864354133606
xglm_large,facebook/xglm-2.9B,40,nounsverbsadj,10,0.9886378645896912
xglm_large,facebook/xglm-2.9B,40,nounsverbsadj,11,0.9880730509757996
xglm_large,facebook/xglm-2.9B,40,nounsverbsadj,12,0.9925553202629089
xglm_large,facebook/xglm-2.9B,40,nounsverbsadj,13,0.9844776391983032
xglm_large,facebook/xglm-2.9B,40,nounsverbsadj,14,0.9869526624679565
xglm_large,facebook/xglm-2.9B,40,nounsverbsadj,15,0.9867457151412964
xglm_large,facebook/xglm-2.9B,40,nounsverbsadj,16,0.9870274066925049
xglm_large,facebook/xglm-2.9B,40,nounsverbsadj,17,0.9882656335830688
xglm_large,facebook/xglm-2.9B,40,nounsverbsadj,18,0.9882290959358215
xglm_large,facebook/xglm-2.9B,40,nounsverbsadj,19,0.9904197454452515
xglm_large,facebook/xglm-2.9B,40,nounsverbsadj,20,0.989102840423584
xglm_large,facebook/xglm-2.9B,40,nounsverbsadj,21,0.9836567640304565
xglm_large,facebook/xglm-2.9B,40,nounsverbsadj,22,0.9864283800125122
xglm_large,facebook/xglm-2.9B,40,nounsverbsadj,23,0.987978994846344
xglm_large,facebook/xglm-2.9B,40,nounsverbsadj,24,0.9878360629081726
xglm_large,facebook/xglm-2.9B,40,nounsverbsadj,25,0.9868648052215576
xglm_large,facebook/xglm-2.9B,40,nounsverbsadj,26,0.9833435416221619
xglm_large,facebook/xglm-2.9B,40,nounsverbsadj,27,0.9840009808540344
xglm_large,facebook/xglm-2.9B,40,nounsverbsadj,28,0.9882365465164185
xglm_large,facebook/xglm-2.9B,40,nounsverbsadj,29,0.98553466796875
xglm_large,facebook/xglm-2.9B,40,nounsverbsadj,30,0.9878538250923157
xglm_large,facebook/xglm-2.9B,40,nounsverbsadj,31,0.9867904186248779
xglm_large,facebook/xglm-2.9B,40,nounsverbsadj,32,0.9890817403793335
xglm_large,facebook/xglm-2.9B,40,nounsverbsadj,33,0.9828041791915894
xglm_large,facebook/xglm-2.9B,40,nounsverbsadj,34,0.98848557472229
xglm_large,facebook/xglm-2.9B,40,nounsverbsadj,35,0.9884408116340637
xglm_large,facebook/xglm-2.9B,40,nounsverbsadj,36,0.9858816266059875
xglm_large,facebook/xglm-2.9B,40,nounsverbsadj,37,0.9882804751396179
xglm_large,facebook/xglm-2.9B,40,nounsverbsadj,38,0.9870129227638245
xglm_large,facebook/xglm-2.9B,40,nounsverbsadj,39,0.9801773428916931
xglm_large,facebook/xglm-2.9B,40,nounsverbsadj,40,0.9863840341567993
xglm_large,facebook/xglm-2.9B,40,nounsverbsadj,41,0.9858867526054382
xglm_large,facebook/xglm-2.9B,40,nounsverbsadj,42,0.9821767807006836
xglm_large,facebook/xglm-2.9B,40,nounsverbsadj,43,0.9876306056976318
xglm_large,facebook/xglm-2.9B,40,nounsverbsadj,44,0.987278401851654
xglm_large,facebook/xglm-2.9B,40,nounsverbsadj,45,0.99089115858078
xglm_large,facebook/xglm-2.9B,40,nounsverbsadj,46,0.9894622564315796
xglm_large,facebook/xglm-2.9B,40,nounsverbsadj,47,0.9841737151145935
xglm_large,facebook/xglm-2.9B,40,nounsverbsadj,48,0.9841713905334473
xglm_large,facebook/xglm-2.9B,40,nounsverbsadj,49,0.9849226474761963
xglm_large,facebook/xglm-2.9B,40,nounsverbsadj,50,0.9861252307891846
xglm_large,facebook/xglm-2.9B,40,nounsverbsadj,51,0.9850525259971619
xglm_large,facebook/xglm-2.9B,40,nounsverbsadj,52,0.98736572265625
xglm_large,facebook/xglm-2.9B,40,nounsverbsadj,53,0.9927405118942261
xglm_large,facebook/xglm-2.9B,40,nounsverbsadj,54,0.9924808144569397
xglm_large,facebook/xglm-2.9B,40,nounsverbsadj,55,0.9873853325843811
xglm_large,facebook/xglm-2.9B,40,nounsverbsadj,56,0.9865146279335022
xglm_large,facebook/xglm-2.9B,40,nounsverbsadj,57,0.9892171621322632
xglm_large,facebook/xglm-2.9B,40,nounsverbsadj,58,0.9880043268203735
xglm_large,facebook/xglm-2.9B,40,nounsverbsadj,59,0.989477813243866
xglm_large,facebook/xglm-2.9B,40,nounsverbsadj,60,0.989224374294281
xglm_large,facebook/xglm-2.9B,40,nounsverbsadj,61,0.9866130352020264
xglm_large,facebook/xglm-2.9B,40,nounsverbsadj,62,0.9902448058128357
xglm_large,facebook/xglm-2.9B,40,nounsverbsadj,63,0.9889246225357056
xglm_large,facebook/xglm-2.9B,40,nounsverbsadj,64,0.983232319355011
xglm_large,facebook/xglm-2.9B,40,nounsverbsadj,65,0.98167484998703
xglm_large,facebook/xglm-2.9B,40,nounsverbsadj,66,0.9811480045318604
xglm_large,facebook/xglm-2.9B,40,nounsverbsadj,67,0.9865847229957581
xglm_large,facebook/xglm-2.9B,40,nounsverbsadj,68,0.9913787841796875
xglm_large,facebook/xglm-2.9B,40,nounsverbsadj,69,0.9845098257064819
xglm_large,facebook/xglm-2.9B,40,nounsverbsadj,70,0.9940720796585083
xglm_large,facebook/xglm-2.9B,40,nounsverbsadj,71,0.9872542023658752
xglm_large,facebook/xglm-2.9B,40,nounsverbsadj,72,0.9888140559196472
xglm_large,facebook/xglm-2.9B,40,nounsverbsadj,73,0.9860200881958008
xglm_large,facebook/xglm-2.9B,40,nounsverbsadj,74,0.9876781702041626
xglm_large,facebook/xglm-2.9B,40,nounsverbsadj,75,0.9866593480110168
xglm_large,facebook/xglm-2.9B,40,nounsverbsadj,76,0.9839302897453308
xglm_large,facebook/xglm-2.9B,40,nounsverbsadj,77,0.9880896806716919
xglm_large,facebook/xglm-2.9B,40,nounsverbsadj,78,0.9850494861602783
xglm_large,facebook/xglm-2.9B,40,nounsverbsadj,79,0.9881453514099121
xglm_large,facebook/xglm-2.9B,40,nounsverbsadj,80,0.9864769577980042
xglm_large,facebook/xglm-2.9B,40,nounsverbsadj,81,0.987076997756958
xglm_large,facebook/xglm-2.9B,40,nounsverbsadj,82,0.9836919903755188
xglm_large,facebook/xglm-2.9B,40,nounsverbsadj,83,0.9848981499671936
xglm_large,facebook/xglm-2.9B,40,nounsverbsadj,84,0.9847954511642456
xglm_large,facebook/xglm-2.9B,40,nounsverbsadj,85,0.9849333763122559
xglm_large,facebook/xglm-2.9B,40,nounsverbsadj,86,0.9866904616355896
xglm_large,facebook/xglm-2.9B,40,nounsverbsadj,87,0.9848400354385376
xglm_large,facebook/xglm-2.9B,40,nounsverbsadj,88,0.9854085445404053
xglm_large,facebook/xglm-2.9B,40,nounsverbsadj,89,0.9809122681617737
xglm_large,facebook/xglm-2.9B,40,nounsverbsadj,90,0.9893229007720947
xglm_large,facebook/xglm-2.9B,40,nounsverbsadj,91,0.9847942590713501
xglm_large,facebook/xglm-2.9B,40,nounsverbsadj,92,0.9849246144294739
xglm_large,facebook/xglm-2.9B,40,nounsverbsadj,93,0.98757004737854
xglm_large,facebook/xglm-2.9B,40,nounsverbsadj,94,0.9838263392448425
xglm_large,facebook/xglm-2.9B,40,nounsverbsadj,95,0.9933629035949707
xglm_large,facebook/xglm-2.9B,40,nounsverbsadj,96,0.996397852897644
xglm_large,facebook/xglm-2.9B,40,nounsverbsadj,97,0.9907849431037903
xglm_large,facebook/xglm-2.9B,40,nounsverbsadj,98,0.9902161955833435
xglm_large,facebook/xglm-2.9B,40,nounsverbsadj,99,0.9875378012657166
xglm_large,facebook/xglm-2.9B,40,nounsverbsadj,100,0.9873763918876648
xglm_large,facebook/xglm-2.9B,40,nounsverbsadj,101,0.9889631271362305
xglm_large,facebook/xglm-2.9B,40,nounsverbsadj,102,0.9895308017730713
xglm_large,facebook/xglm-2.9B,40,nounsverbsadj,103,0.9908888339996338
xglm_large,facebook/xglm-2.9B,40,nounsverbsadj,104,0.9855831265449524
xglm_large,facebook/xglm-2.9B,40,nounsverbsadj,105,0.9858124256134033
xglm_large,facebook/xglm-2.9B,40,nounsverbsadj,106,0.9897153973579407
xglm_large,facebook/xglm-2.9B,40,nounsverbsadj,107,0.9866693615913391
xglm_large,facebook/xglm-2.9B,40,nounsverbsadj,108,0.9826595783233643
xglm_large,facebook/xglm-2.9B,40,nounsverbsadj,109,0.9874736070632935
xglm_large,facebook/xglm-2.9B,40,nounsverbsadj,110,0.9851336479187012
xglm_large,facebook/xglm-2.9B,40,nounsverbsadj,111,0.9804533123970032
xglm_large,facebook/xglm-2.9B,40,nounsverbsadj,112,0.9867180585861206
xglm_large,facebook/xglm-2.9B,40,nounsverbsadj,113,0.9941198825836182
xglm_large,facebook/xglm-2.9B,40,nounsverbsadj,114,0.9848095774650574
xglm_large,facebook/xglm-2.9B,40,nounsverbsadj,115,0.9815213680267334
xglm_large,facebook/xglm-2.9B,40,nounsverbsadj,116,0.9881961345672607
xglm_large,facebook/xglm-2.9B,40,nounsverbsadj,117,0.9843732118606567
xglm_large,facebook/xglm-2.9B,40,nounsverbsadj,118,0.9860846400260925
xglm_large,facebook/xglm-2.9B,40,nounsverbsadj,119,0.9871969223022461
xglm_large,facebook/xglm-2.9B,40,nounsverbsadj,120,0.988930344581604
xglm_large,facebook/xglm-2.9B,40,nounsverbsadj,121,0.9845327138900757
xglm_large,facebook/xglm-2.9B,40,nounsverbsadj,122,0.9862751364707947
xglm_large,facebook/xglm-2.9B,40,nounsverbsadj,123,0.9867712259292603
xglm_large,facebook/xglm-2.9B,40,nounsverbsadj,124,0.9874584674835205
xglm_large,facebook/xglm-2.9B,40,nounsverbsadj,125,0.9871748089790344
xglm_large,facebook/xglm-2.9B,40,nounsverbsadj,126,0.9867040514945984
xglm_large,facebook/xglm-2.9B,40,nounsverbsadj,127,0.9885696768760681
xglm_large,facebook/xglm-2.9B,40,nounsverbsadj,128,0.988826334476471
xglm_large,facebook/xglm-2.9B,40,nounsverbsadj,129,0.9846522808074951
xglm_large,facebook/xglm-2.9B,40,nounsverbsadj,130,0.987932026386261
xglm_large,facebook/xglm-2.9B,40,nounsverbsadj,131,0.9891155958175659
xglm_large,facebook/xglm-2.9B,40,nounsverbsadj,132,0.9855531454086304
xglm_large,facebook/xglm-2.9B,40,nounsverbsadj,133,0.9851687550544739
xglm_large,facebook/xglm-2.9B,40,nounsverbsadj,134,0.9885106682777405
xglm_large,facebook/xglm-2.9B,40,nounsverbsadj,135,0.990295946598053
xglm_large,facebook/xglm-2.9B,40,nounsverbsadj,136,0.9890222549438477
xglm_large,facebook/xglm-2.9B,40,nounsverbsadj,137,0.9867414832115173
xglm_large,facebook/xglm-2.9B,40,nounsverbsadj,138,0.9896973371505737
xglm_large,facebook/xglm-2.9B,40,nounsverbsadj,139,0.9854787588119507
xglm_large,facebook/xglm-2.9B,40,nounsverbsadj,140,0.9892784953117371
xglm_large,facebook/xglm-2.9B,40,nounsverbsadj,141,0.985842764377594
xglm_large,facebook/xglm-2.9B,40,nounsverbsadj,142,0.9869384765625
xglm_large,facebook/xglm-2.9B,40,nounsverbsadj,143,0.9885890483856201
xglm_large,facebook/xglm-2.9B,40,nounsverbsadj,144,0.9874069690704346
xglm_large,facebook/xglm-2.9B,40,nounsverbsadj,145,0.9898428916931152
xglm_large,facebook/xglm-2.9B,40,nounsverbsadj,146,0.9833111763000488
xglm_large,facebook/xglm-2.9B,40,nounsverbsadj,147,0.9802573919296265
xglm_large,facebook/xglm-2.9B,40,nounsverbsadj,148,0.9810507297515869
xglm_large,facebook/xglm-2.9B,40,nounsverbsadj,149,0.9896333813667297
xglm_large,facebook/xglm-2.9B,40,nounsverbsadj,150,0.9908878803253174
xglm_large,facebook/xglm-2.9B,40,nounsverbsadj,151,0.9871991276741028
xglm_large,facebook/xglm-2.9B,40,nounsverbsadj,152,0.9862115383148193
xglm_large,facebook/xglm-2.9B,40,nounsverbsadj,153,0.9855815172195435
xglm_large,facebook/xglm-2.9B,40,nounsverbsadj,154,0.9851695895195007
xglm_large,facebook/xglm-2.9B,40,nounsverbsadj,155,0.9841707348823547
xglm_large,facebook/xglm-2.9B,40,nounsverbsadj,156,0.9863972663879395
xglm_large,facebook/xglm-2.9B,40,nounsverbsadj,157,0.98658287525177
xglm_large,facebook/xglm-2.9B,40,nounsverbsadj,158,0.9883347749710083
xglm_large,facebook/xglm-2.9B,40,nounsverbsadj,159,0.9891636967658997
xglm_large,facebook/xglm-2.9B,40,nounsverbsadj,160,0.9884334802627563
xglm_large,facebook/xglm-2.9B,40,nounsverbsadj,161,0.9854316115379333
xglm_large,facebook/xglm-2.9B,40,nounsverbsadj,162,0.9822462797164917
xglm_large,facebook/xglm-2.9B,40,nounsverbsadj,163,0.9850178360939026
xglm_large,facebook/xglm-2.9B,40,nounsverbsadj,164,0.9886772632598877
xglm_large,facebook/xglm-2.9B,40,nounsverbsadj,165,0.99083411693573
xglm_large,facebook/xglm-2.9B,40,nounsverbsadj,166,0.9904745817184448
xglm_large,facebook/xglm-2.9B,40,nounsverbsadj,167,0.9886563420295715
xglm_large,facebook/xglm-2.9B,40,nounsverbsadj,168,0.9884095191955566
xglm_large,facebook/xglm-2.9B,40,nounsverbsadj,169,0.9870702624320984
xglm_large,facebook/xglm-2.9B,40,nounsverbsadj,170,0.9878463745117188
xglm_large,facebook/xglm-2.9B,40,nounsverbsadj,171,0.9891611933708191
xglm_large,facebook/xglm-2.9B,40,nounsverbsadj,172,0.9885943531990051
xglm_large,facebook/xglm-2.9B,40,nounsverbsadj,173,0.9897443056106567
xglm_large,facebook/xglm-2.9B,40,nounsverbsadj,174,0.9876655340194702
xglm_large,facebook/xglm-2.9B,40,nounsverbsadj,175,0.9860773682594299
xglm_large,facebook/xglm-2.9B,40,nounsverbsadj,176,0.9842313528060913
xglm_large,facebook/xglm-2.9B,40,nounsverbsadj,177,0.9866461753845215
xglm_large,facebook/xglm-2.9B,40,nounsverbsadj,178,0.9889330267906189
xglm_large,facebook/xglm-2.9B,40,nounsverbsadj,179,0.988559365272522
xglm_large,facebook/xglm-2.9B,40,nounsverbsadj,180,0.9898375868797302
xglm_large,facebook/xglm-2.9B,40,nounsverbsadj,181,0.9918728470802307
xglm_large,facebook/xglm-2.9B,40,nounsverbsadj,182,0.9975325465202332
xglm_large,facebook/xglm-2.9B,40,nounsverbsadj,183,0.9921750426292419
xglm_large,facebook/xglm-2.9B,40,nounsverbsadj,184,0.9854235649108887
xglm_large,facebook/xglm-2.9B,40,nounsverbsadj,185,0.9882283210754395
xglm_large,facebook/xglm-2.9B,40,nounsverbsadj,186,0.9876869916915894
xglm_large,facebook/xglm-2.9B,40,nounsverbsadj,187,0.9873571395874023
xglm_large,facebook/xglm-2.9B,40,nounsverbsadj,188,0.9878848195075989
xglm_large,facebook/xglm-2.9B,40,nounsverbsadj,189,0.9860213398933411
xglm_large,facebook/xglm-2.9B,40,nounsverbsadj,190,0.9851293563842773
xglm_large,facebook/xglm-2.9B,40,nounsverbsadj,191,0.9907337427139282
xglm_large,facebook/xglm-2.9B,40,nounsverbsadj,192,0.9882602691650391
xglm_large,facebook/xglm-2.9B,40,nounsverbsadj,193,0.9890279769897461
xglm_large,facebook/xglm-2.9B,40,nounsverbsadj,194,0.9905495047569275
xglm_large,facebook/xglm-2.9B,40,nounsverbsadj,195,0.988202691078186
xglm_large,facebook/xglm-2.9B,40,nounsverbsadj,196,0.9919647574424744
xglm_large,facebook/xglm-2.9B,40,nounsverbsadj,197,0.9887531995773315
xglm_large,facebook/xglm-2.9B,40,nounsverbsadj,198,0.9914992451667786
xglm_large,facebook/xglm-2.9B,40,nounsverbsadj,199,0.9896994233131409
xglm_large,facebook/xglm-2.9B,40,nounsverbsadj,200,0.9861719012260437
xglm_large,facebook/xglm-2.9B,40,nounsverbsadj,201,0.9889710545539856
xglm_large,facebook/xglm-2.9B,40,nounsverbsadj,202,0.9827238321304321
xglm_large,facebook/xglm-2.9B,40,nounsverbsadj,203,0.989939272403717
xglm_large,facebook/xglm-2.9B,40,nounsverbsadj,204,0.9905598163604736
xglm_large,facebook/xglm-2.9B,40,nounsverbsadj,205,0.986933708190918
xglm_large,facebook/xglm-2.9B,40,nounsverbsadj,206,0.9862750768661499
xglm_large,facebook/xglm-2.9B,40,nounsverbsadj,207,0.9904082417488098
xglm_large,facebook/xglm-2.9B,40,nounsverbsadj,208,0.986915111541748
xglm_large,facebook/xglm-2.9B,40,nounsverbsadj,209,0.9902758002281189
xglm_large,facebook/xglm-2.9B,40,nounsverbsadj,210,0.9872232675552368
xglm_large,facebook/xglm-2.9B,40,nounsverbsadj,211,0.9859268665313721
xglm_large,facebook/xglm-2.9B,40,nounsverbsadj,212,0.9894837141036987
xglm_large,facebook/xglm-2.9B,40,nounsverbsadj,213,0.9881276488304138
xglm_large,facebook/xglm-2.9B,40,nounsverbsadj,214,0.9915616512298584
xglm_large,facebook/xglm-2.9B,40,nounsverbsadj,215,0.9897744059562683
xglm_large,facebook/xglm-2.9B,40,nounsverbsadj,216,0.9851059317588806
xglm_large,facebook/xglm-2.9B,40,nounsverbsadj,217,0.991407573223114
xglm_large,facebook/xglm-2.9B,40,nounsverbsadj,218,0.9879378080368042
xglm_large,facebook/xglm-2.9B,40,nounsverbsadj,219,0.9835388660430908
xglm_large,facebook/xglm-2.9B,40,nounsverbsadj,220,0.9900580644607544
xglm_large,facebook/xglm-2.9B,40,nounsverbsadj,221,0.9909284710884094
xglm_large,facebook/xglm-2.9B,40,nounsverbsadj,222,0.9889000058174133
xglm_large,facebook/xglm-2.9B,40,nounsverbsadj,223,0.9920693635940552
xglm_large,facebook/xglm-2.9B,40,nounsverbsadj,224,0.986453115940094
xglm_large,facebook/xglm-2.9B,40,nounsverbsadj,225,0.9887712001800537
xglm_large,facebook/xglm-2.9B,40,nounsverbsadj,226,0.9980614185333252
xglm_large,facebook/xglm-2.9B,40,nounsverbsadj,227,0.9841530919075012
xglm_large,facebook/xglm-2.9B,40,nounsverbsadj,228,0.9911443591117859
xglm_large,facebook/xglm-2.9B,40,nounsverbsadj,229,0.9895908236503601
xglm_large,facebook/xglm-2.9B,40,nounsverbsadj,230,0.9868698120117188
xglm_large,facebook/xglm-2.9B,40,nounsverbsadj,231,0.9901837706565857
xglm_large,facebook/xglm-2.9B,40,nounsverbsadj,232,0.9859045147895813
xglm_large,facebook/xglm-2.9B,40,nounsverbsadj,233,0.9849905371665955
xglm_large,facebook/xglm-2.9B,40,nounsverbsadj,234,0.989575982093811
xglm_large,facebook/xglm-2.9B,40,nounsverbsadj,235,0.9893143177032471
xglm_large,facebook/xglm-2.9B,40,nounsverbsadj,236,0.985102653503418
xglm_large,facebook/xglm-2.9B,40,nounsverbsadj,237,0.9960328340530396
xglm_large,facebook/xglm-2.9B,40,nounsverbsadj,238,0.9873674511909485
xglm_large,facebook/xglm-2.9B,40,nounsverbsadj,239,0.9888592958450317
xglm_large,facebook/xglm-2.9B,40,nounsverbsadj,240,0.9877365231513977
xglm_large,facebook/xglm-2.9B,40,nounsverbsadj,241,0.982815146446228
xglm_large,facebook/xglm-2.9B,40,nounsverbsadj,242,0.9860150218009949
xglm_large,facebook/xglm-2.9B,40,nounsverbsadj,243,0.9882187843322754
xglm_large,facebook/xglm-2.9B,40,nounsverbsadj,244,0.9909290671348572
xglm_large,facebook/xglm-2.9B,40,nounsverbsadj,245,0.991662323474884
xglm_large,facebook/xglm-2.9B,40,nounsverbsadj,246,0.9933996200561523
xglm_large,facebook/xglm-2.9B,40,nounsverbsadj,247,0.9908223152160645
xglm_large,facebook/xglm-2.9B,40,nounsverbsadj,248,0.9889867305755615
xglm_large,facebook/xglm-2.9B,40,nounsverbsadj,249,0.9848994016647339
xglm_large,facebook/xglm-2.9B,40,nounsverbsadj,250,0.9864380359649658
xglm_large,facebook/xglm-2.9B,40,nounsverbsadj,251,0.9845127463340759
xglm_large,facebook/xglm-2.9B,40,nounsverbsadj,252,0.9904483556747437
xglm_large,facebook/xglm-2.9B,40,nounsverbsadj,253,0.9912285804748535
xglm_large,facebook/xglm-2.9B,40,nounsverbsadj,254,0.9902998805046082
xglm_large,facebook/xglm-2.9B,40,nounsverbsadj,255,0.9809089303016663
xglm_large,facebook/xglm-2.9B,40,nounsverbsadj,256,0.9898368120193481
xglm_large,facebook/xglm-2.9B,40,nounsverbsadj,257,0.9894059896469116
xglm_large,facebook/xglm-2.9B,40,nounsverbsadj,258,0.9886260032653809
xglm_large,facebook/xglm-2.9B,40,nounsverbsadj,259,0.9885877966880798
xglm_large,facebook/xglm-2.9B,40,nounsverbsadj,260,0.9927917718887329
xglm_large,facebook/xglm-2.9B,40,nounsverbsadj,261,0.9837087392807007
xglm_large,facebook/xglm-2.9B,40,nounsverbsadj,262,0.988524317741394
xglm_large,facebook/xglm-2.9B,40,nounsverbsadj,263,0.9876357316970825
xglm_large,facebook/xglm-2.9B,40,nounsverbsadj,264,0.9879751205444336
xglm_large,facebook/xglm-2.9B,40,nounsverbsadj,265,0.9860605597496033
xglm_large,facebook/xglm-2.9B,40,nounsverbsadj,266,0.9889894127845764
xglm_large,facebook/xglm-2.9B,40,nounsverbsadj,267,0.9893425107002258
xglm_large,facebook/xglm-2.9B,40,nounsverbsadj,268,0.9873830676078796
xglm_large,facebook/xglm-2.9B,40,nounsverbsadj,269,0.9844798445701599
xglm_large,facebook/xglm-2.9B,40,nounsverbsadj,270,0.9884248971939087
xglm_large,facebook/xglm-2.9B,40,nounsverbsadj,271,0.9922468662261963
xglm_large,facebook/xglm-2.9B,40,nounsverbsadj,272,0.9863743782043457
xglm_large,facebook/xglm-2.9B,40,nounsverbsadj,273,0.9878698587417603
xglm_large,facebook/xglm-2.9B,40,nounsverbsadj,274,0.9865882396697998
xglm_large,facebook/xglm-2.9B,40,nounsverbsadj,275,0.9930415153503418
xglm_large,facebook/xglm-2.9B,40,nounsverbsadj,276,0.9900102019309998
xglm_large,facebook/xglm-2.9B,40,nounsverbsadj,277,0.9833037257194519
xglm_large,facebook/xglm-2.9B,40,nounsverbsadj,278,0.9865635633468628
xglm_large,facebook/xglm-2.9B,40,nounsverbsadj,279,0.9864932298660278
xglm_large,facebook/xglm-2.9B,40,nounsverbsadj,280,0.9915671944618225
xglm_large,facebook/xglm-2.9B,40,nounsverbsadj,281,0.9885807037353516
xglm_large,facebook/xglm-2.9B,40,nounsverbsadj,282,0.9890416860580444
xglm_large,facebook/xglm-2.9B,40,nounsverbsadj,283,0.9873771071434021
xglm_large,facebook/xglm-2.9B,40,nounsverbsadj,284,0.9909242391586304
xglm_large,facebook/xglm-2.9B,40,nounsverbsadj,285,0.985776960849762
xglm_large,facebook/xglm-2.9B,40,nounsverbsadj,286,0.9886986613273621
xglm_large,facebook/xglm-2.9B,40,nounsverbsadj,287,0.9929876327514648
xglm_large,facebook/xglm-2.9B,40,nounsverbsadj,288,0.9850977659225464
xglm_large,facebook/xglm-2.9B,40,nounsverbsadj,289,0.9900322556495667
xglm_large,facebook/xglm-2.9B,40,nounsverbsadj,290,0.9882482290267944
xglm_large,facebook/xglm-2.9B,40,nounsverbsadj,291,0.9886488914489746
xglm_large,facebook/xglm-2.9B,40,nounsverbsadj,292,0.989421010017395
xglm_large,facebook/xglm-2.9B,40,nounsverbsadj,293,0.9927797913551331
xglm_large,facebook/xglm-2.9B,40,nounsverbsadj,294,0.9909389019012451
xglm_large,facebook/xglm-2.9B,40,nounsverbsadj,295,0.9922088384628296
xglm_large,facebook/xglm-2.9B,40,nounsverbsadj,296,0.9878871440887451
xglm_large,facebook/xglm-2.9B,40,nounsverbsadj,297,0.9910409450531006
xglm_large,facebook/xglm-2.9B,40,nounsverbsadj,298,0.9895056486129761
xglm_large,facebook/xglm-2.9B,40,nounsverbsadj,299,0.9919813871383667
xglm_large,facebook/xglm-2.9B,40,nounsverbsadj,300,0.9889622330665588
xglm_large,facebook/xglm-2.9B,40,nounsverbsadj,301,0.9877614378929138
xglm_large,facebook/xglm-2.9B,40,nounsverbsadj,302,0.9939611554145813
xglm_large,facebook/xglm-2.9B,40,nounsverbsadj,303,0.9896283149719238
xglm_large,facebook/xglm-2.9B,40,nounsverbsadj,304,0.9928556084632874
xglm_large,facebook/xglm-2.9B,40,nounsverbsadj,305,0.9862439632415771
xglm_large,facebook/xglm-2.9B,40,nounsverbsadj,306,0.9934634566307068
xglm_large,facebook/xglm-2.9B,40,nounsverbsadj,307,0.9895471334457397
xglm_large,facebook/xglm-2.9B,40,nounsverbsadj,308,0.9839159250259399
xglm_large,facebook/xglm-2.9B,40,nounsverbsadj,309,0.9907752871513367
xglm_large,facebook/xglm-2.9B,40,nounsverbsadj,310,0.9890603423118591
xglm_large,facebook/xglm-2.9B,40,nounsverbsadj,311,0.9869791865348816
xglm_large,facebook/xglm-2.9B,40,nounsverbsadj,312,0.9926841855049133
xglm_large,facebook/xglm-2.9B,40,nounsverbsadj,313,0.9844387769699097
xglm_large,facebook/xglm-2.9B,40,nounsverbsadj,314,0.9891797304153442
xglm_large,facebook/xglm-2.9B,40,nounsverbsadj,315,0.990973949432373
xglm_large,facebook/xglm-2.9B,40,nounsverbsadj,316,0.9888131618499756
xglm_large,facebook/xglm-2.9B,40,nounsverbsadj,317,0.9873479604721069
xglm_large,facebook/xglm-2.9B,40,nounsverbsadj,318,0.9879632592201233
xglm_large,facebook/xglm-2.9B,40,nounsverbsadj,319,0.9856942892074585
xglm_large,facebook/xglm-2.9B,40,nounsverbsadj,320,0.9900466799736023
xglm_large,facebook/xglm-2.9B,40,nounsverbsadj,321,0.9868012070655823
xglm_large,facebook/xglm-2.9B,40,nounsverbsadj,322,0.9811394214630127
xglm_large,facebook/xglm-2.9B,40,nounsverbsadj,323,0.9853053092956543
xglm_large,facebook/xglm-2.9B,40,nounsverbsadj,324,0.9880236387252808
xglm_large,facebook/xglm-2.9B,40,nounsverbsadj,325,0.9872336983680725
xglm_large,facebook/xglm-2.9B,40,nounsverbsadj,326,0.9867494702339172
xglm_large,facebook/xglm-2.9B,40,nounsverbsadj,327,0.9930494427680969
xglm_large,facebook/xglm-2.9B,40,nounsverbsadj,328,0.9882724285125732
xglm_large,facebook/xglm-2.9B,40,nounsverbsadj,329,0.9913676977157593
xglm_large,facebook/xglm-2.9B,40,nounsverbsadj,330,0.9870586395263672
xglm_large,facebook/xglm-2.9B,40,nounsverbsadj,331,0.9910736083984375
xglm_large,facebook/xglm-2.9B,40,nounsverbsadj,332,0.9922304153442383
xglm_large,facebook/xglm-2.9B,40,nounsverbsadj,333,0.9894819259643555
xglm_large,facebook/xglm-2.9B,40,nounsverbsadj,334,0.9945417642593384
xglm_large,facebook/xglm-2.9B,40,nounsverbsadj,335,0.9914528727531433
xglm_large,facebook/xglm-2.9B,40,nounsverbsadj,336,0.9865738153457642
xglm_large,facebook/xglm-2.9B,40,nounsverbsadj,337,0.9827448725700378
xglm_large,facebook/xglm-2.9B,40,nounsverbsadj,338,0.9924487471580505
xglm_large,facebook/xglm-2.9B,40,nounsverbsadj,339,0.9871922731399536
xglm_large,facebook/xglm-2.9B,40,nounsverbsadj,340,0.9841974973678589
xglm_large,facebook/xglm-2.9B,40,nounsverbsadj,341,0.9896743297576904
xglm_large,facebook/xglm-2.9B,40,nounsverbsadj,342,0.9828872084617615
xglm_large,facebook/xglm-2.9B,40,nounsverbsadj,343,0.9875984787940979
xglm_large,facebook/xglm-2.9B,40,nounsverbsadj,344,0.9896162152290344
xglm_large,facebook/xglm-2.9B,40,nounsverbsadj,345,0.9913370609283447
xglm_large,facebook/xglm-2.9B,40,nounsverbsadj,346,0.9873266220092773
xglm_large,facebook/xglm-2.9B,40,nounsverbsadj,347,0.9846329689025879
xglm_large,facebook/xglm-2.9B,40,nounsverbsadj,348,0.9851948022842407
xglm_large,facebook/xglm-2.9B,40,nounsverbsadj,349,0.9933780431747437
xglm_large,facebook/xglm-2.9B,40,nounsverbsadj,350,0.9865742325782776
xglm_large,facebook/xglm-2.9B,40,nounsverbsadj,351,0.9875333309173584
xglm_large,facebook/xglm-2.9B,40,nounsverbsadj,352,0.9929003715515137
xglm_large,facebook/xglm-2.9B,40,nounsverbsadj,353,0.9869135022163391
xglm_large,facebook/xglm-2.9B,40,nounsverbsadj,354,0.9879480600357056
xglm_large,facebook/xglm-2.9B,40,nounsverbsadj,355,0.9891644716262817
xglm_large,facebook/xglm-2.9B,40,nounsverbsadj,356,0.9883286952972412
xglm_large,facebook/xglm-2.9B,40,nounsverbsadj,357,0.9906976222991943
xglm_large,facebook/xglm-2.9B,40,nounsverbsadj,358,0.9888352155685425
xglm_large,facebook/xglm-2.9B,40,nounsverbsadj,359,0.9863480925559998
xglm_large,facebook/xglm-2.9B,40,nounsverbsadj,360,0.988613486289978
xglm_large,facebook/xglm-2.9B,40,nounsverbsadj,361,0.9863066077232361
xglm_large,facebook/xglm-2.9B,40,nounsverbsadj,362,0.9885073900222778
xglm_large,facebook/xglm-2.9B,40,nounsverbsadj,363,0.9866006374359131
xglm_large,facebook/xglm-2.9B,40,nounsverbsadj,364,0.9910282492637634
xglm_large,facebook/xglm-2.9B,40,nounsverbsadj,365,0.9883389472961426
xglm_large,facebook/xglm-2.9B,40,nounsverbsadj,366,0.9862390160560608
xglm_large,facebook/xglm-2.9B,40,nounsverbsadj,367,0.9867680072784424
xglm_large,facebook/xglm-2.9B,40,nounsverbsadj,368,0.9868615865707397
xglm_large,facebook/xglm-2.9B,40,nounsverbsadj,369,0.9918659329414368
xglm_large,facebook/xglm-2.9B,40,nounsverbsadj,370,0.9813398718833923
xglm_large,facebook/xglm-2.9B,40,nounsverbsadj,371,0.9891278147697449
xglm_large,facebook/xglm-2.9B,40,nounsverbsadj,372,0.9923902153968811
xglm_large,facebook/xglm-2.9B,40,nounsverbsadj,373,0.9859592318534851
xglm_large,facebook/xglm-2.9B,40,nounsverbsadj,374,0.9883952736854553
xglm_large,facebook/xglm-2.9B,40,nounsverbsadj,375,0.9871557950973511
xglm_large,facebook/xglm-2.9B,40,nounsverbsadj,376,0.9875195622444153
xglm_large,facebook/xglm-2.9B,40,nounsverbsadj,377,0.9932070970535278
xglm_large,facebook/xglm-2.9B,40,nounsverbsadj,378,0.9885954856872559
xglm_large,facebook/xglm-2.9B,40,nounsverbsadj,379,0.9924045205116272
xglm_large,facebook/xglm-2.9B,40,nounsverbsadj,380,0.9860687255859375
xglm_large,facebook/xglm-2.9B,40,nounsverbsadj,381,0.9918830394744873
xglm_large,facebook/xglm-2.9B,40,nounsverbsadj,382,0.9853041768074036
xglm_large,facebook/xglm-2.9B,40,nounsverbsadj,383,0.9871833920478821
xglm_large,facebook/xglm-2.9B,40,nounsverbsadj,384,0.9887058138847351
xglm_large,facebook/xglm-2.9B,40,nounsverbsadj,385,0.9881443381309509
xglm_large,facebook/xglm-2.9B,40,nounsverbsadj,386,0.9887779355049133
xglm_large,facebook/xglm-2.9B,40,nounsverbsadj,387,0.9883607625961304
xglm_large,facebook/xglm-2.9B,40,nounsverbsadj,388,0.9867545962333679
xglm_large,facebook/xglm-2.9B,40,nounsverbsadj,389,0.9862231612205505
xglm_large,facebook/xglm-2.9B,40,nounsverbsadj,390,0.9874720573425293
xglm_large,facebook/xglm-2.9B,40,nounsverbsadj,391,0.9907049536705017
xglm_large,facebook/xglm-2.9B,40,nounsverbsadj,392,0.9897778034210205
xglm_large,facebook/xglm-2.9B,40,nounsverbsadj,393,0.9917283654212952
xglm_large,facebook/xglm-2.9B,40,nounsverbsadj,394,0.9876881837844849
xglm_large,facebook/xglm-2.9B,40,nounsverbsadj,395,0.9863837361335754
xglm_large,facebook/xglm-2.9B,40,nounsverbsadj,396,0.9912770390510559
xglm_large,facebook/xglm-2.9B,40,nounsverbsadj,397,0.989548921585083
xglm_large,facebook/xglm-2.9B,40,nounsverbsadj,398,0.98383629322052
xglm_large,facebook/xglm-2.9B,40,nounsverbsadj,399,0.9842909574508667
xglm_large,facebook/xglm-2.9B,40,nounsverbsadj,400,0.9902552366256714
xglm_large,facebook/xglm-2.9B,40,nounsverbsadj,401,0.9848160743713379
xglm_large,facebook/xglm-2.9B,40,nounsverbsadj,402,0.9870308637619019
xglm_large,facebook/xglm-2.9B,40,nounsverbsadj,403,0.9912670254707336
xglm_large,facebook/xglm-2.9B,40,nounsverbsadj,404,0.9889343976974487
xglm_large,facebook/xglm-2.9B,40,nounsverbsadj,405,0.9900689721107483
xglm_large,facebook/xglm-2.9B,40,nounsverbsadj,406,0.9848202466964722
xglm_large,facebook/xglm-2.9B,40,nounsverbsadj,407,0.987129807472229
xglm_large,facebook/xglm-2.9B,40,nounsverbsadj,408,0.9886505007743835
xglm_large,facebook/xglm-2.9B,40,nounsverbsadj,409,0.9916533827781677
xglm_large,facebook/xglm-2.9B,40,nounsverbsadj,410,0.9884381294250488
xglm_large,facebook/xglm-2.9B,40,nounsverbsadj,411,0.983287513256073
xglm_large,facebook/xglm-2.9B,40,nounsverbsadj,412,0.9891366958618164
xglm_large,facebook/xglm-2.9B,40,nounsverbsadj,413,0.9908519983291626
xglm_large,facebook/xglm-2.9B,40,nounsverbsadj,414,0.9894128441810608
xglm_large,facebook/xglm-2.9B,40,nounsverbsadj,415,0.9874517917633057
xglm_large,facebook/xglm-2.9B,40,nounsverbsadj,416,0.987079918384552
xglm_large,facebook/xglm-2.9B,40,nounsverbsadj,417,0.9935069680213928
xglm_large,facebook/xglm-2.9B,40,nounsverbsadj,418,0.9930909872055054
xglm_large,facebook/xglm-2.9B,40,nounsverbsadj,419,0.988249659538269
xglm_large,facebook/xglm-2.9B,40,nounsverbsadj,420,0.9830004572868347
xglm_large,facebook/xglm-2.9B,40,nounsverbsadj,421,0.9811840653419495
xglm_large,facebook/xglm-2.9B,40,nounsverbsadj,422,0.9870352745056152
xglm_large,facebook/xglm-2.9B,40,nounsverbsadj,423,0.9852331876754761
xglm_large,facebook/xglm-2.9B,40,nounsverbsadj,424,0.9871587753295898
xglm_large,facebook/xglm-2.9B,40,nounsverbsadj,425,0.986755907535553
xglm_large,facebook/xglm-2.9B,40,nounsverbsadj,426,0.9847937226295471
xglm_large,facebook/xglm-2.9B,40,nounsverbsadj,427,0.9902077913284302
xglm_large,facebook/xglm-2.9B,40,nounsverbsadj,428,0.9883387684822083
xglm_large,facebook/xglm-2.9B,40,nounsverbsadj,429,0.9876579642295837
xglm_large,facebook/xglm-2.9B,40,nounsverbsadj,430,0.9869263172149658
xglm_large,facebook/xglm-2.9B,40,nounsverbsadj,431,0.9820252656936646
xglm_large,facebook/xglm-2.9B,40,nounsverbsadj,432,0.9872639775276184
xglm_large,facebook/xglm-2.9B,40,nounsverbsadj,433,0.9941343069076538
xglm_large,facebook/xglm-2.9B,40,nounsverbsadj,434,0.9929934740066528
xglm_large,facebook/xglm-2.9B,40,nounsverbsadj,435,0.9899812936782837
xglm_large,facebook/xglm-2.9B,40,nounsverbsadj,436,0.9896337389945984
xglm_large,facebook/xglm-2.9B,40,nounsverbsadj,437,0.9885696768760681
xglm_large,facebook/xglm-2.9B,40,nounsverbsadj,438,0.9890334010124207
xglm_large,facebook/xglm-2.9B,40,nounsverbsadj,439,0.9847638607025146
xglm_large,facebook/xglm-2.9B,40,nounsverbsadj,440,0.9859780073165894
xglm_large,facebook/xglm-2.9B,40,nounsverbsadj,441,0.9899657964706421
xglm_large,facebook/xglm-2.9B,40,nounsverbsadj,442,0.9863308072090149
xglm_large,facebook/xglm-2.9B,40,nounsverbsadj,443,0.9885305166244507
xglm_large,facebook/xglm-2.9B,40,nounsverbsadj,444,0.9843185544013977
xglm_large,facebook/xglm-2.9B,40,nounsverbsadj,445,0.9901391267776489
xglm_large,facebook/xglm-2.9B,40,nounsverbsadj,446,0.9868296980857849
xglm_large,facebook/xglm-2.9B,40,nounsverbsadj,447,0.9891875386238098
xglm_large,facebook/xglm-2.9B,40,nounsverbsadj,448,0.9865447282791138
xglm_large,facebook/xglm-2.9B,40,nounsverbsadj,449,0.9884427189826965
xglm_large,facebook/xglm-2.9B,40,nounsverbsadj,450,0.9918239712715149
xglm_large,facebook/xglm-2.9B,40,nounsverbsadj,451,0.9905917644500732
xglm_large,facebook/xglm-2.9B,40,nounsverbsadj,452,0.9902822971343994
xglm_large,facebook/xglm-2.9B,40,nounsverbsadj,453,0.9885036945343018
xglm_large,facebook/xglm-2.9B,40,nounsverbsadj,454,0.9888318181037903
xglm_large,facebook/xglm-2.9B,40,nounsverbsadj,455,0.9926121234893799
xglm_large,facebook/xglm-2.9B,40,nounsverbsadj,456,0.9889594316482544
xglm_large,facebook/xglm-2.9B,40,nounsverbsadj,457,0.9890183210372925
xglm_large,facebook/xglm-2.9B,40,nounsverbsadj,458,0.9913899898529053
xglm_large,facebook/xglm-2.9B,40,nounsverbsadj,459,0.9885352849960327
xglm_large,facebook/xglm-2.9B,40,nounsverbsadj,460,0.9872623682022095
xglm_large,facebook/xglm-2.9B,40,nounsverbsadj,461,0.985783040523529
xglm_large,facebook/xglm-2.9B,40,nounsverbsadj,462,0.9874857664108276
xglm_large,facebook/xglm-2.9B,40,nounsverbsadj,463,0.9866121411323547
xglm_large,facebook/xglm-2.9B,40,nounsverbsadj,464,0.9851688146591187
xglm_large,facebook/xglm-2.9B,40,nounsverbsadj,465,0.9866532683372498
xglm_large,facebook/xglm-2.9B,40,nounsverbsadj,466,0.9880715012550354
xglm_large,facebook/xglm-2.9B,40,nounsverbsadj,467,0.9886991381645203
xglm_large,facebook/xglm-2.9B,40,nounsverbsadj,468,0.9870007038116455
xglm_large,facebook/xglm-2.9B,40,nounsverbsadj,469,0.9831087589263916
xglm_large,facebook/xglm-2.9B,40,nounsverbsadj,470,0.9900670051574707
xglm_large,facebook/xglm-2.9B,40,nounsverbsadj,471,0.9866253137588501
xglm_large,facebook/xglm-2.9B,40,nounsverbsadj,472,0.9881801009178162
xglm_large,facebook/xglm-2.9B,40,nounsverbsadj,473,0.9881607294082642
xglm_large,facebook/xglm-2.9B,40,nounsverbsadj,474,0.986815869808197
xglm_large,facebook/xglm-2.9B,40,nounsverbsadj,475,0.9924648404121399
xglm_large,facebook/xglm-2.9B,40,nounsverbsadj,476,0.9901697039604187
xglm_large,facebook/xglm-2.9B,40,nounsverbsadj,477,0.9881932735443115
xglm_large,facebook/xglm-2.9B,40,nounsverbsadj,478,0.9876635670661926
xglm_large,facebook/xglm-2.9B,40,nounsverbsadj,479,0.9898862242698669
xglm_large,facebook/xglm-2.9B,40,nounsverbsadj,480,0.9866868853569031
xglm_large,facebook/xglm-2.9B,40,nounsverbsadj,481,0.9885404706001282
xglm_large,facebook/xglm-2.9B,40,nounsverbsadj,482,0.9852460026741028
xglm_large,facebook/xglm-2.9B,40,nounsverbsadj,483,0.9878145456314087
xglm_large,facebook/xglm-2.9B,40,nounsverbsadj,484,0.990295946598053
xglm_large,facebook/xglm-2.9B,40,nounsverbsadj,485,0.9894380569458008
xglm_large,facebook/xglm-2.9B,40,nounsverbsadj,486,0.9877332448959351
xglm_large,facebook/xglm-2.9B,40,nounsverbsadj,487,0.9905920624732971
xglm_large,facebook/xglm-2.9B,40,nounsverbsadj,488,0.9861661791801453
xglm_large,facebook/xglm-2.9B,40,nounsverbsadj,489,0.986163318157196
xglm_large,facebook/xglm-2.9B,40,nounsverbsadj,490,0.9904606938362122
xglm_large,facebook/xglm-2.9B,40,nounsverbsadj,491,0.9907242059707642
xglm_large,facebook/xglm-2.9B,40,nounsverbsadj,492,0.9897848963737488
xglm_large,facebook/xglm-2.9B,40,nounsverbsadj,493,0.9886095523834229
xglm_large,facebook/xglm-2.9B,40,nounsverbsadj,494,0.9879926443099976
xglm_large,facebook/xglm-2.9B,40,nounsverbsadj,495,0.9929499626159668
xglm_large,facebook/xglm-2.9B,40,nounsverbsadj,496,0.9899795651435852
xglm_large,facebook/xglm-2.9B,40,nounsverbsadj,497,0.9907200336456299
xglm_large,facebook/xglm-2.9B,40,nounsverbsadj,498,0.991927981376648
xglm_large,facebook/xglm-2.9B,40,nounsverbsadj,499,0.9852219820022583
xglm_large,facebook/xglm-2.9B,40,nounsverbsadj,500,0.992167592048645
xglm_large,facebook/xglm-2.9B,40,nounsverbsadj,501,0.986040472984314
xglm_large,facebook/xglm-2.9B,40,nounsverbsadj,502,0.9832733869552612
xglm_large,facebook/xglm-2.9B,40,nounsverbsadj,503,0.9865850806236267
xglm_large,facebook/xglm-2.9B,40,nounsverbsadj,504,0.990336537361145
xglm_large,facebook/xglm-2.9B,40,nounsverbsadj,505,0.9912890195846558
xglm_large,facebook/xglm-2.9B,40,nounsverbsadj,506,0.9879688024520874
xglm_large,facebook/xglm-2.9B,40,nounsverbsadj,507,0.9890557527542114
xglm_large,facebook/xglm-2.9B,40,nounsverbsadj,508,0.989802360534668
xglm_large,facebook/xglm-2.9B,40,nounsverbsadj,509,0.9909417629241943
xglm_large,facebook/xglm-2.9B,40,nounsverbsadj,510,0.9890918135643005
xglm_large,facebook/xglm-2.9B,40,nounsverbsadj,511,0.9901829361915588
xglm_large,facebook/xglm-2.9B,40,nounsverbsadj,512,0.987867534160614
xglm_large,facebook/xglm-2.9B,40,nounsverbsadj,513,0.9909157752990723
xglm_large,facebook/xglm-2.9B,40,nounsverbsadj,514,0.9866153597831726
xglm_large,facebook/xglm-2.9B,40,nounsverbsadj,515,0.9895398616790771
xglm_large,facebook/xglm-2.9B,40,nounsverbsadj,516,0.9906200766563416
xglm_large,facebook/xglm-2.9B,40,nounsverbsadj,517,0.9864365458488464
xglm_large,facebook/xglm-2.9B,40,nounsverbsadj,518,0.9872544407844543
xglm_large,facebook/xglm-2.9B,40,nounsverbsadj,519,0.9854480028152466
xglm_large,facebook/xglm-2.9B,40,nounsverbsadj,520,0.9895375967025757
xglm_large,facebook/xglm-2.9B,40,nounsverbsadj,521,0.9889749884605408
xglm_large,facebook/xglm-2.9B,40,nounsverbsadj,522,0.9938498735427856
xglm_large,facebook/xglm-2.9B,40,nounsverbsadj,523,0.9910992383956909
xglm_large,facebook/xglm-2.9B,40,nounsverbsadj,524,0.9916229844093323
xglm_large,facebook/xglm-2.9B,40,nounsverbsadj,525,0.9909467697143555
xglm_large,facebook/xglm-2.9B,40,nounsverbsadj,526,0.9912158846855164
xglm_large,facebook/xglm-2.9B,40,nounsverbsadj,527,0.990790843963623
xglm_large,facebook/xglm-2.9B,40,nounsverbsadj,528,0.9908462762832642
xglm_large,facebook/xglm-2.9B,40,nounsverbsadj,529,0.9880418181419373
xglm_large,facebook/xglm-2.9B,40,nounsverbsadj,530,0.9841591119766235
xglm_large,facebook/xglm-2.9B,40,nounsverbsadj,531,0.9868254065513611
xglm_large,facebook/xglm-2.9B,40,nounsverbsadj,532,0.9879036545753479
xglm_large,facebook/xglm-2.9B,40,nounsverbsadj,533,0.9866358041763306
xglm_large,facebook/xglm-2.9B,40,nounsverbsadj,534,0.990356981754303
xglm_large,facebook/xglm-2.9B,40,nounsverbsadj,535,0.9844343662261963
xglm_large,facebook/xglm-2.9B,40,nounsverbsadj,536,0.9832925200462341
xglm_large,facebook/xglm-2.9B,40,nounsverbsadj,537,0.9896700978279114
xglm_large,facebook/xglm-2.9B,40,nounsverbsadj,538,0.9935463666915894
xglm_large,facebook/xglm-2.9B,40,nounsverbsadj,539,0.9845201969146729
xglm_large,facebook/xglm-2.9B,40,nounsverbsadj,540,0.985258162021637
xglm_large,facebook/xglm-2.9B,40,nounsverbsadj,541,0.9867316484451294
xglm_large,facebook/xglm-2.9B,40,nounsverbsadj,542,0.9910812377929688
xglm_large,facebook/xglm-2.9B,40,nounsverbsadj,543,0.991048276424408
xglm_large,facebook/xglm-2.9B,40,nounsverbsadj,544,0.9855150580406189
xglm_large,facebook/xglm-2.9B,40,nounsverbsadj,545,0.9873935580253601
xglm_large,facebook/xglm-2.9B,40,nounsverbsadj,546,0.9897972941398621
xglm_large,facebook/xglm-2.9B,40,nounsverbsadj,547,0.9875056147575378
xglm_large,facebook/xglm-2.9B,40,nounsverbsadj,548,0.9887335300445557
xglm_large,facebook/xglm-2.9B,40,nounsverbsadj,549,0.9923487305641174
xglm_large,facebook/xglm-2.9B,40,nounsverbsadj,550,0.9850773215293884
xglm_large,facebook/xglm-2.9B,40,nounsverbsadj,551,0.9883201122283936
xglm_large,facebook/xglm-2.9B,40,nounsverbsadj,552,0.9895640015602112
xglm_large,facebook/xglm-2.9B,40,nounsverbsadj,553,0.9841451644897461
xglm_large,facebook/xglm-2.9B,40,nounsverbsadj,554,0.9920647144317627
xglm_large,facebook/xglm-2.9B,40,nounsverbsadj,555,0.9886817932128906
xglm_large,facebook/xglm-2.9B,40,nounsverbsadj,556,0.9900780916213989
xglm_large,facebook/xglm-2.9B,40,nounsverbsadj,557,0.9904160499572754
xglm_large,facebook/xglm-2.9B,40,nounsverbsadj,558,0.9895515441894531
xglm_large,facebook/xglm-2.9B,40,nounsverbsadj,559,0.9901407957077026
xglm_large,facebook/xglm-2.9B,40,nounsverbsadj,560,0.9868942499160767
xglm_large,facebook/xglm-2.9B,40,nounsverbsadj,561,0.9887282252311707
xglm_large,facebook/xglm-2.9B,40,nounsverbsadj,562,0.9917834401130676
xglm_large,facebook/xglm-2.9B,40,nounsverbsadj,563,0.9901251792907715
xglm_large,facebook/xglm-2.9B,40,nounsverbsadj,564,0.9859057664871216
xglm_large,facebook/xglm-2.9B,40,nounsverbsadj,565,0.9912765026092529
xglm_large,facebook/xglm-2.9B,40,nounsverbsadj,566,0.9922854900360107
xglm_large,facebook/xglm-2.9B,40,nounsverbsadj,567,0.9888585805892944
xglm_large,facebook/xglm-2.9B,40,nounsverbsadj,568,0.9897028207778931
xglm_large,facebook/xglm-2.9B,40,nounsverbsadj,569,0.9905552864074707
xglm_large,facebook/xglm-2.9B,40,nounsverbsadj,570,0.9893278479576111
xglm_large,facebook/xglm-2.9B,40,nounsverbsadj,571,0.9887083768844604
xglm_large,facebook/xglm-2.9B,40,nounsverbsadj,572,0.9892694354057312
xglm_large,facebook/xglm-2.9B,40,nounsverbsadj,573,0.9922008514404297
xglm_large,facebook/xglm-2.9B,40,nounsverbsadj,574,0.9854867458343506
xglm_large,facebook/xglm-2.9B,40,nounsverbsadj,575,0.9838522672653198
xglm_large,facebook/xglm-2.9B,40,nounsverbsadj,576,0.9897601008415222
xglm_large,facebook/xglm-2.9B,40,nounsverbsadj,577,0.9911590218544006
xglm_large,facebook/xglm-2.9B,40,nounsverbsadj,578,0.9874906539916992
xglm_large,facebook/xglm-2.9B,40,nounsverbsadj,579,0.9907070994377136
xglm_large,facebook/xglm-2.9B,40,nounsverbsadj,580,0.9908962845802307
xglm_large,facebook/xglm-2.9B,40,nounsverbsadj,581,0.9890797734260559
xglm_large,facebook/xglm-2.9B,40,nounsverbsadj,582,0.9889542460441589
xglm_large,facebook/xglm-2.9B,40,nounsverbsadj,583,0.9851939678192139
xglm_large,facebook/xglm-2.9B,40,nounsverbsadj,584,0.9875198006629944
xglm_large,facebook/xglm-2.9B,40,nounsverbsadj,585,0.9868094325065613
xglm_large,facebook/xglm-2.9B,40,nounsverbsadj,586,0.98433917760849
xglm_large,facebook/xglm-2.9B,40,nounsverbsadj,587,0.9912493228912354
xglm_large,facebook/xglm-2.9B,40,nounsverbsadj,588,0.9871442317962646
xglm_large,facebook/xglm-2.9B,40,nounsverbsadj,589,0.9947811365127563
xglm_large,facebook/xglm-2.9B,40,nounsverbsadj,590,0.9894828200340271
xglm_large,facebook/xglm-2.9B,40,nounsverbsadj,591,0.9874058961868286
xglm_large,facebook/xglm-2.9B,40,nounsverbsadj,592,0.9828784465789795
xglm_large,facebook/xglm-2.9B,40,nounsverbsadj,593,0.991601288318634
xglm_large,facebook/xglm-2.9B,40,nounsverbsadj,594,0.9859777688980103
xglm_large,facebook/xglm-2.9B,40,nounsverbsadj,595,0.9933176636695862
xglm_large,facebook/xglm-2.9B,40,nounsverbsadj,596,0.9929314851760864
xglm_large,facebook/xglm-2.9B,40,nounsverbsadj,597,0.9884920120239258
xglm_large,facebook/xglm-2.9B,40,nounsverbsadj,598,0.9908058047294617
xglm_large,facebook/xglm-2.9B,40,nounsverbsadj,599,0.9871740937232971
xglm_large,facebook/xglm-2.9B,40,nounsverbsadj,600,0.9871128797531128
xglm_large,facebook/xglm-2.9B,40,nounsverbsadj,601,0.9813851714134216
xglm_large,facebook/xglm-2.9B,40,nounsverbsadj,602,0.9900723099708557
xglm_large,facebook/xglm-2.9B,40,nounsverbsadj,603,0.9897900819778442
xglm_large,facebook/xglm-2.9B,40,nounsverbsadj,604,0.9886634349822998
xglm_large,facebook/xglm-2.9B,40,nounsverbsadj,605,0.9890375137329102
xglm_large,facebook/xglm-2.9B,40,nounsverbsadj,606,0.9905373454093933
xglm_large,facebook/xglm-2.9B,40,nounsverbsadj,607,0.9900438189506531
xglm_large,facebook/xglm-2.9B,40,nounsverbsadj,608,0.9888144731521606
xglm_large,facebook/xglm-2.9B,40,nounsverbsadj,609,0.9816608428955078
xglm_large,facebook/xglm-2.9B,40,nounsverbsadj,610,0.9887303709983826
xglm_large,facebook/xglm-2.9B,40,nounsverbsadj,611,0.9845083355903625
xglm_large,facebook/xglm-2.9B,40,nounsverbsadj,612,0.9867275357246399
xglm_large,facebook/xglm-2.9B,40,nounsverbsadj,613,0.9856540560722351
xglm_large,facebook/xglm-2.9B,40,nounsverbsadj,614,0.984882116317749
xglm_large,facebook/xglm-2.9B,40,nounsverbsadj,615,0.9894555807113647
xglm_large,facebook/xglm-2.9B,40,nounsverbsadj,616,0.9877204298973083
xglm_large,facebook/xglm-2.9B,40,nounsverbsadj,617,0.9852728247642517
xglm_large,facebook/xglm-2.9B,40,nounsverbsadj,618,0.9838026165962219
xglm_large,facebook/xglm-2.9B,40,nounsverbsadj,619,0.9905468225479126
xglm_large,facebook/xglm-2.9B,40,nounsverbsadj,620,0.9905253648757935
xglm_large,facebook/xglm-2.9B,40,nounsverbsadj,621,0.9854656457901001
xglm_large,facebook/xglm-2.9B,40,nounsverbsadj,622,0.9891743659973145
xglm_large,facebook/xglm-2.9B,40,nounsverbsadj,623,0.9837531447410583
xglm_large,facebook/xglm-2.9B,40,nounsverbsadj,624,0.986098051071167
xglm_large,facebook/xglm-2.9B,40,nounsverbsadj,625,0.9877586960792542
xglm_large,facebook/xglm-2.9B,40,nounsverbsadj,626,0.9872441291809082
xglm_large,facebook/xglm-2.9B,40,functionwords,0,0.9816331267356873
xglm_large,facebook/xglm-2.9B,40,functionwords,1,0.9823822379112244
xglm_large,facebook/xglm-2.9B,40,functionwords,2,0.979996383190155
xglm_large,facebook/xglm-2.9B,40,functionwords,3,0.9789856672286987
xglm_large,facebook/xglm-2.9B,40,functionwords,4,0.9844810962677002
xglm_large,facebook/xglm-2.9B,40,functionwords,5,0.984379231929779
xglm_large,facebook/xglm-2.9B,40,functionwords,6,0.9845007061958313
xglm_large,facebook/xglm-2.9B,40,functionwords,7,0.9897183775901794
xglm_large,facebook/xglm-2.9B,40,functionwords,8,0.9851179122924805
xglm_large,facebook/xglm-2.9B,40,functionwords,9,0.98258376121521
xglm_large,facebook/xglm-2.9B,40,functionwords,10,0.9852654933929443
xglm_large,facebook/xglm-2.9B,40,functionwords,11,0.9849382638931274
xglm_large,facebook/xglm-2.9B,40,functionwords,12,0.9831796288490295
xglm_large,facebook/xglm-2.9B,40,functionwords,13,0.9853317141532898
xglm_large,facebook/xglm-2.9B,40,functionwords,14,0.9855999946594238
xglm_large,facebook/xglm-2.9B,40,functionwords,15,0.985295832157135
xglm_large,facebook/xglm-2.9B,40,functionwords,16,0.9850573539733887
xglm_large,facebook/xglm-2.9B,40,functionwords,17,0.9842745065689087
xglm_large,facebook/xglm-2.9B,40,functionwords,18,0.9850786924362183
xglm_large,facebook/xglm-2.9B,40,functionwords,19,0.9847282767295837
xglm_large,facebook/xglm-2.9B,40,functionwords,20,0.9860531687736511
xglm_large,facebook/xglm-2.9B,40,functionwords,21,0.9829034805297852
xglm_large,facebook/xglm-2.9B,40,functionwords,22,0.9856754541397095
xglm_large,facebook/xglm-2.9B,40,functionwords,23,0.9837003946304321
xglm_large,facebook/xglm-2.9B,40,functionwords,24,0.9793197512626648
xglm_large,facebook/xglm-2.9B,40,functionwords,25,0.982843816280365
xglm_large,facebook/xglm-2.9B,40,functionwords,26,0.9831386804580688
xglm_large,facebook/xglm-2.9B,40,functionwords,27,0.9799127578735352
xglm_large,facebook/xglm-2.9B,40,functionwords,28,0.982843279838562
xglm_large,facebook/xglm-2.9B,40,functionwords,29,0.9860998392105103
xglm_large,facebook/xglm-2.9B,40,functionwords,30,0.9833083748817444
xglm_large,facebook/xglm-2.9B,40,functionwords,31,0.9849932789802551
xglm_large,facebook/xglm-2.9B,40,functionwords,32,0.9855865836143494
xglm_large,facebook/xglm-2.9B,40,functionwords,33,0.9712692499160767
xglm_large,facebook/xglm-2.9B,40,functionwords,34,0.9840536117553711
xglm_large,facebook/xglm-2.9B,40,functionwords,35,0.9842209815979004
xglm_large,facebook/xglm-2.9B,40,functionwords,36,0.9764747619628906
xglm_large,facebook/xglm-2.9B,40,functionwords,37,0.9870272874832153
xglm_large,facebook/xglm-2.9B,40,functionwords,38,0.9836522936820984
xglm_large,facebook/xglm-2.9B,40,functionwords,39,0.9840620160102844
xglm_large,facebook/xglm-2.9B,40,functionwords,40,0.9830403923988342
xglm_large,facebook/xglm-2.9B,40,functionwords,41,0.9859432578086853
xglm_large,facebook/xglm-2.9B,40,functionwords,42,0.9840615391731262
xglm_large,facebook/xglm-2.9B,40,functionwords,43,0.9818246960639954
xglm_large,facebook/xglm-2.9B,40,functionwords,44,0.9851545691490173
xglm_large,facebook/xglm-2.9B,40,functionwords,45,0.988301694393158
xglm_large,facebook/xglm-2.9B,40,functionwords,46,0.9864248037338257
xglm_large,facebook/xglm-2.9B,40,functionwords,47,0.9839063882827759
xglm_large,facebook/xglm-2.9B,40,functionwords,48,0.9809865355491638
xglm_large,facebook/xglm-2.9B,40,functionwords,49,0.9859937429428101
xglm_large,facebook/xglm-2.9B,40,functionwords,50,0.9885531067848206
xglm_large,facebook/xglm-2.9B,40,functionwords,51,0.9835242629051208
xglm_large,facebook/xglm-2.9B,40,functionwords,52,0.985482931137085
xglm_large,facebook/xglm-2.9B,40,functionwords,53,0.9865357279777527
xglm_large,facebook/xglm-2.9B,40,functionwords,54,0.9881197214126587
xglm_large,facebook/xglm-2.9B,40,functionwords,55,0.9824441075325012
xglm_large,facebook/xglm-2.9B,40,functionwords,56,0.982947826385498
xglm_large,facebook/xglm-2.9B,40,functionwords,57,0.9835455417633057
xglm_large,facebook/xglm-2.9B,40,functionwords,58,0.9839903116226196
xglm_large,facebook/xglm-2.9B,40,functionwords,59,0.9829688668251038
xglm_large,facebook/xglm-2.9B,40,functionwords,60,0.9814296364784241
xglm_large,facebook/xglm-2.9B,40,functionwords,61,0.9839905500411987
xglm_large,facebook/xglm-2.9B,40,functionwords,62,0.9899803400039673
xglm_large,facebook/xglm-2.9B,40,functionwords,63,0.9884009957313538
xglm_large,facebook/xglm-2.9B,40,functionwords,64,0.984398365020752
xglm_large,facebook/xglm-2.9B,40,functionwords,65,0.9752650856971741
xglm_large,facebook/xglm-2.9B,40,functionwords,66,0.9782620668411255
xglm_large,facebook/xglm-2.9B,40,functionwords,67,0.9793746471405029
xglm_large,facebook/xglm-2.9B,40,functionwords,68,0.9873939752578735
xglm_large,facebook/xglm-2.9B,40,functionwords,69,0.9830178618431091
xglm_large,facebook/xglm-2.9B,40,functionwords,70,0.9832744598388672
xglm_large,facebook/xglm-2.9B,40,functionwords,71,0.9795690178871155
xglm_large,facebook/xglm-2.9B,40,functionwords,72,0.9827060699462891
xglm_large,facebook/xglm-2.9B,40,functionwords,73,0.983162522315979
xglm_large,facebook/xglm-2.9B,40,functionwords,74,0.9876105785369873
xglm_large,facebook/xglm-2.9B,40,functionwords,75,0.979259729385376
xglm_large,facebook/xglm-2.9B,40,functionwords,76,0.9834797978401184
xglm_large,facebook/xglm-2.9B,40,functionwords,77,0.9886613488197327
xglm_large,facebook/xglm-2.9B,40,functionwords,78,0.9861676096916199
xglm_large,facebook/xglm-2.9B,40,functionwords,79,0.9880960583686829
xglm_large,facebook/xglm-2.9B,40,functionwords,80,0.9843572378158569
xglm_large,facebook/xglm-2.9B,40,functionwords,81,0.98163902759552
xglm_large,facebook/xglm-2.9B,40,functionwords,82,0.9827908873558044
xglm_large,facebook/xglm-2.9B,40,functionwords,83,0.9845992922782898
xglm_large,facebook/xglm-2.9B,40,functionwords,84,0.9862077236175537
xglm_large,facebook/xglm-2.9B,40,functionwords,85,0.9844159483909607
xglm_large,facebook/xglm-2.9B,40,functionwords,86,0.9848548173904419
xglm_large,facebook/xglm-2.9B,40,functionwords,87,0.9835201501846313
xglm_large,facebook/xglm-2.9B,40,functionwords,88,0.9854498505592346
xglm_large,facebook/xglm-2.9B,40,functionwords,89,0.9842471480369568
xglm_large,facebook/xglm-2.9B,40,functionwords,90,0.9835960865020752
xglm_large,facebook/xglm-2.9B,40,functionwords,91,0.9796202182769775
xglm_large,facebook/xglm-2.9B,40,functionwords,92,0.9850019216537476
xglm_large,facebook/xglm-2.9B,40,functionwords,93,0.9848801493644714
xglm_large,facebook/xglm-2.9B,40,functionwords,94,0.9653263092041016
xglm_large,facebook/xglm-2.9B,40,functionwords,95,0.9884690046310425
xglm_large,facebook/xglm-2.9B,40,functionwords,96,0.9866926670074463
xglm_large,facebook/xglm-2.9B,40,functionwords,97,0.9787094593048096
xglm_large,facebook/xglm-2.9B,40,functionwords,98,0.9825162887573242
xglm_large,facebook/xglm-2.9B,40,functionwords,99,0.9816299080848694
xglm_large,facebook/xglm-2.9B,40,functionwords,100,0.9750354290008545
xglm_large,facebook/xglm-2.9B,40,functionwords,101,0.986891508102417
xglm_large,facebook/xglm-2.9B,40,functionwords,102,0.9738116264343262
xglm_large,facebook/xglm-2.9B,40,functionwords,103,0.9849402904510498
xglm_large,facebook/xglm-2.9B,40,functionwords,104,0.9840802550315857
xglm_large,facebook/xglm-2.9B,40,functionwords,105,0.983184814453125
xglm_large,facebook/xglm-2.9B,40,functionwords,106,0.9843003749847412
xglm_large,facebook/xglm-2.9B,40,functionwords,107,0.9856375455856323
xglm_large,facebook/xglm-2.9B,40,functionwords,108,0.9843253493309021
xglm_large,facebook/xglm-2.9B,40,functionwords,109,0.9840522408485413
xglm_large,facebook/xglm-2.9B,40,functionwords,110,0.9867501854896545
xglm_large,facebook/xglm-2.9B,40,functionwords,111,0.9819044470787048
xglm_large,facebook/xglm-2.9B,40,functionwords,112,0.9846104383468628
xglm_large,facebook/xglm-2.9B,40,functionwords,113,0.9898427128791809
xglm_large,facebook/xglm-2.9B,40,functionwords,114,0.982387900352478
xglm_large,facebook/xglm-2.9B,40,functionwords,115,0.9831335544586182
xglm_large,facebook/xglm-2.9B,40,functionwords,116,0.9782847166061401
xglm_large,facebook/xglm-2.9B,40,functionwords,117,0.9826453328132629
xglm_large,facebook/xglm-2.9B,40,functionwords,118,0.9843984842300415
xglm_large,facebook/xglm-2.9B,40,functionwords,119,0.9889440536499023
xglm_large,facebook/xglm-2.9B,40,functionwords,120,0.9838852882385254
xglm_large,facebook/xglm-2.9B,40,functionwords,121,0.9849128127098083
xglm_large,facebook/xglm-2.9B,40,functionwords,122,0.9852121472358704
xglm_large,facebook/xglm-2.9B,40,functionwords,123,0.9895445108413696
xglm_large,facebook/xglm-2.9B,40,functionwords,124,0.9843074679374695
xglm_large,facebook/xglm-2.9B,40,functionwords,125,0.9867099523544312
xglm_large,facebook/xglm-2.9B,40,functionwords,126,0.9859530329704285
xglm_large,facebook/xglm-2.9B,40,functionwords,127,0.9842184782028198
xglm_large,facebook/xglm-2.9B,40,functionwords,128,0.9882545471191406
xglm_large,facebook/xglm-2.9B,40,functionwords,129,0.987148642539978
xglm_large,facebook/xglm-2.9B,40,functionwords,130,0.9825004935264587
xglm_large,facebook/xglm-2.9B,40,functionwords,131,0.9804436564445496
xglm_large,facebook/xglm-2.9B,40,functionwords,132,0.9775640964508057
xglm_large,facebook/xglm-2.9B,40,functionwords,133,0.9888460636138916
xglm_large,facebook/xglm-2.9B,40,functionwords,134,0.9870863556861877
xglm_large,facebook/xglm-2.9B,40,functionwords,135,0.9911403059959412
xglm_large,facebook/xglm-2.9B,40,functionwords,136,0.9886373281478882
xglm_large,facebook/xglm-2.9B,40,functionwords,137,0.9838648438453674
xglm_large,facebook/xglm-2.9B,40,functionwords,138,0.9870200157165527
xglm_large,facebook/xglm-2.9B,40,functionwords,139,0.9800260663032532
xglm_large,facebook/xglm-2.9B,40,functionwords,140,0.985759973526001
xglm_large,facebook/xglm-2.9B,40,functionwords,141,0.9840623140335083
xglm_large,facebook/xglm-2.9B,40,functionwords,142,0.9870919585227966
xglm_large,facebook/xglm-2.9B,40,functionwords,143,0.9803652763366699
xglm_large,facebook/xglm-2.9B,40,functionwords,144,0.9824248552322388
xglm_large,facebook/xglm-2.9B,40,functionwords,145,0.9897803068161011
xglm_large,facebook/xglm-2.9B,40,functionwords,146,0.9795283675193787
xglm_large,facebook/xglm-2.9B,40,functionwords,147,0.9802624583244324
xglm_large,facebook/xglm-2.9B,40,functionwords,148,0.9825435876846313
xglm_large,facebook/xglm-2.9B,40,functionwords,149,0.983096718788147
xglm_large,facebook/xglm-2.9B,40,functionwords,150,0.9896105527877808
xglm_large,facebook/xglm-2.9B,40,functionwords,151,0.990872859954834
xglm_large,facebook/xglm-2.9B,40,functionwords,152,0.9819810390472412
xglm_large,facebook/xglm-2.9B,40,functionwords,153,0.9831270575523376
xglm_large,facebook/xglm-2.9B,40,functionwords,154,0.9834595918655396
xglm_large,facebook/xglm-2.9B,40,functionwords,155,0.9827152490615845
xglm_large,facebook/xglm-2.9B,40,functionwords,156,0.982267439365387
xglm_large,facebook/xglm-2.9B,40,functionwords,157,0.98861163854599
xglm_large,facebook/xglm-2.9B,40,functionwords,158,0.9862650632858276
xglm_large,facebook/xglm-2.9B,40,functionwords,159,0.9812231063842773
xglm_large,facebook/xglm-2.9B,40,functionwords,160,0.987079918384552
xglm_large,facebook/xglm-2.9B,40,functionwords,161,0.982298731803894
xglm_large,facebook/xglm-2.9B,40,functionwords,162,0.9800740480422974
xglm_large,facebook/xglm-2.9B,40,functionwords,163,0.9818558096885681
xglm_large,facebook/xglm-2.9B,40,functionwords,164,0.9859299659729004
xglm_large,facebook/xglm-2.9B,40,functionwords,165,0.986186683177948
xglm_large,facebook/xglm-2.9B,40,functionwords,166,0.9826264381408691
xglm_large,facebook/xglm-2.9B,40,functionwords,167,0.9837363958358765
xglm_large,facebook/xglm-2.9B,40,functionwords,168,0.9794799089431763
xglm_large,facebook/xglm-2.9B,40,functionwords,169,0.9857405424118042
xglm_large,facebook/xglm-2.9B,40,functionwords,170,0.9892112612724304
xglm_large,facebook/xglm-2.9B,40,functionwords,171,0.9846107363700867
xglm_large,facebook/xglm-2.9B,40,functionwords,172,0.9817888140678406
xglm_large,facebook/xglm-2.9B,40,functionwords,173,0.9852452278137207
xglm_large,facebook/xglm-2.9B,40,functionwords,174,0.9817018508911133
xglm_large,facebook/xglm-2.9B,40,functionwords,175,0.9850921630859375
xglm_large,facebook/xglm-2.9B,40,functionwords,176,0.9827346801757812
xglm_large,facebook/xglm-2.9B,40,functionwords,177,0.9874027967453003
xglm_large,facebook/xglm-2.9B,40,functionwords,178,0.9864556193351746
xglm_large,facebook/xglm-2.9B,40,functionwords,179,0.9902527332305908
xglm_large,facebook/xglm-2.9B,40,functionwords,180,0.9838387370109558
xglm_large,facebook/xglm-2.9B,40,functionwords,181,0.9837990403175354
xglm_large,facebook/xglm-2.9B,40,functionwords,182,0.9827289581298828
xglm_large,facebook/xglm-2.9B,40,functionwords,183,0.9892299771308899
xglm_large,facebook/xglm-2.9B,40,functionwords,184,0.9768064022064209
xglm_large,facebook/xglm-2.9B,40,functionwords,185,0.9891924262046814
xglm_large,facebook/xglm-2.9B,40,functionwords,186,0.9879537224769592
xglm_large,facebook/xglm-2.9B,40,functionwords,187,0.9865080118179321
xglm_large,facebook/xglm-2.9B,40,functionwords,188,0.9880450963973999
xglm_large,facebook/xglm-2.9B,40,functionwords,189,0.9855297207832336
xglm_large,facebook/xglm-2.9B,40,functionwords,190,0.9834327697753906
xglm_large,facebook/xglm-2.9B,40,functionwords,191,0.9838206171989441
xglm_large,facebook/xglm-2.9B,40,functionwords,192,0.9894322156906128
xglm_large,facebook/xglm-2.9B,40,functionwords,193,0.9801290035247803
xglm_large,facebook/xglm-2.9B,40,functionwords,194,0.9847080111503601
xglm_large,facebook/xglm-2.9B,40,functionwords,195,0.9835373759269714
xglm_large,facebook/xglm-2.9B,40,functionwords,196,0.9891631007194519
xglm_large,facebook/xglm-2.9B,40,functionwords,197,0.9881191849708557
xglm_large,facebook/xglm-2.9B,40,functionwords,198,0.9844903349876404
xglm_large,facebook/xglm-2.9B,40,functionwords,199,0.9845384955406189
xglm_large,facebook/xglm-2.9B,40,functionwords,200,0.978003203868866
xglm_large,facebook/xglm-2.9B,40,functionwords,201,0.9803270697593689
xglm_large,facebook/xglm-2.9B,40,functionwords,202,0.973324716091156
xglm_large,facebook/xglm-2.9B,40,functionwords,203,0.981717586517334
xglm_large,facebook/xglm-2.9B,40,functionwords,204,0.985075831413269
xglm_large,facebook/xglm-2.9B,40,functionwords,205,0.9887887835502625
xglm_large,facebook/xglm-2.9B,40,functionwords,206,0.9810171127319336
xglm_large,facebook/xglm-2.9B,40,functionwords,207,0.9864396452903748
xglm_large,facebook/xglm-2.9B,40,functionwords,208,0.9807240962982178
xglm_large,facebook/xglm-2.9B,40,functionwords,209,0.983225405216217
xglm_large,facebook/xglm-2.9B,40,functionwords,210,0.9799668788909912
xglm_large,facebook/xglm-2.9B,40,functionwords,211,0.9840516448020935
xglm_large,facebook/xglm-2.9B,40,functionwords,212,0.9831336140632629
xglm_large,facebook/xglm-2.9B,40,functionwords,213,0.9807286262512207
xglm_large,facebook/xglm-2.9B,40,functionwords,214,0.9840653538703918
xglm_large,facebook/xglm-2.9B,40,functionwords,215,0.9813739061355591
xglm_large,facebook/xglm-2.9B,40,functionwords,216,0.9824851155281067
xglm_large,facebook/xglm-2.9B,40,functionwords,217,0.9864616394042969
xglm_large,facebook/xglm-2.9B,40,functionwords,218,0.9863396883010864
xglm_large,facebook/xglm-2.9B,40,functionwords,219,0.9844335913658142
xglm_large,facebook/xglm-2.9B,40,functionwords,220,0.9806311726570129
xglm_large,facebook/xglm-2.9B,40,functionwords,221,0.9835584759712219
xglm_large,facebook/xglm-2.9B,40,functionwords,222,0.9826503992080688
xglm_large,facebook/xglm-2.9B,40,functionwords,223,0.9814767837524414
xglm_large,facebook/xglm-2.9B,40,functionwords,224,0.9793990254402161
xglm_large,facebook/xglm-2.9B,40,functionwords,225,0.985567569732666
xglm_large,facebook/xglm-2.9B,40,functionwords,226,0.9839299321174622
xglm_large,facebook/xglm-2.9B,40,functionwords,227,0.9838758707046509
xglm_large,facebook/xglm-2.9B,40,functionwords,228,0.9859396815299988
xglm_large,facebook/xglm-2.9B,40,functionwords,229,0.9873442053794861
xglm_large,facebook/xglm-2.9B,40,functionwords,230,0.9819279909133911
xglm_large,facebook/xglm-2.9B,40,functionwords,231,0.9864567518234253
xglm_large,facebook/xglm-2.9B,40,functionwords,232,0.9834448099136353
xglm_large,facebook/xglm-2.9B,40,functionwords,233,0.9847884178161621
xglm_large,facebook/xglm-2.9B,40,functionwords,234,0.9810994267463684
xglm_large,facebook/xglm-2.9B,40,functionwords,235,0.9853653907775879
xglm_large,facebook/xglm-2.9B,40,functionwords,236,0.9849362373352051
xglm_large,facebook/xglm-2.9B,40,functionwords,237,0.9851826429367065
xglm_large,facebook/xglm-2.9B,40,functionwords,238,0.9823175668716431
xglm_large,facebook/xglm-2.9B,40,functionwords,239,0.9773674011230469
xglm_large,facebook/xglm-2.9B,40,functionwords,240,0.9871467351913452
xglm_large,facebook/xglm-2.9B,40,functionwords,241,0.9763370752334595
xglm_large,facebook/xglm-2.9B,40,functionwords,242,0.9845879673957825
xglm_large,facebook/xglm-2.9B,40,functionwords,243,0.9891193509101868
xglm_large,facebook/xglm-2.9B,40,functionwords,244,0.9886716604232788
xglm_large,facebook/xglm-2.9B,40,functionwords,245,0.9807030558586121
xglm_large,facebook/xglm-2.9B,40,functionwords,246,0.984654426574707
xglm_large,facebook/xglm-2.9B,40,functionwords,247,0.9860313534736633
xglm_large,facebook/xglm-2.9B,40,functionwords,248,0.9815172553062439
xglm_large,facebook/xglm-2.9B,40,functionwords,249,0.98296719789505
xglm_large,facebook/xglm-2.9B,40,functionwords,250,0.9763530492782593
xglm_large,facebook/xglm-2.9B,40,functionwords,251,0.9854726195335388
xglm_large,facebook/xglm-2.9B,40,functionwords,252,0.9791643619537354
xglm_large,facebook/xglm-2.9B,40,functionwords,253,0.9851047396659851
xglm_large,facebook/xglm-2.9B,40,functionwords,254,0.9783732891082764
xglm_large,facebook/xglm-2.9B,40,functionwords,255,0.9792844653129578
xglm_large,facebook/xglm-2.9B,40,functionwords,256,0.9854612946510315
xglm_large,facebook/xglm-2.9B,40,functionwords,257,0.987113356590271
xglm_large,facebook/xglm-2.9B,40,functionwords,258,0.9901568293571472
xglm_large,facebook/xglm-2.9B,40,functionwords,259,0.981562077999115
xglm_large,facebook/xglm-2.9B,40,functionwords,260,0.9869577884674072
xglm_large,facebook/xglm-2.9B,40,functionwords,261,0.9882504940032959
xglm_large,facebook/xglm-2.9B,40,functionwords,262,0.9880164265632629
xglm_large,facebook/xglm-2.9B,40,functionwords,263,0.9854148626327515
xglm_large,facebook/xglm-2.9B,40,functionwords,264,0.9821588397026062
xglm_large,facebook/xglm-2.9B,40,functionwords,265,0.9872139096260071
xglm_large,facebook/xglm-2.9B,40,functionwords,266,0.9842116832733154
xglm_large,facebook/xglm-2.9B,40,functionwords,267,0.9860750436782837
xglm_large,facebook/xglm-2.9B,40,functionwords,268,0.9839558005332947
xglm_large,facebook/xglm-2.9B,40,functionwords,269,0.982766330242157
xglm_large,facebook/xglm-2.9B,40,functionwords,270,0.9828285574913025
xglm_large,facebook/xglm-2.9B,40,functionwords,271,0.9889772534370422
xglm_large,facebook/xglm-2.9B,40,functionwords,272,0.9825321435928345
xglm_large,facebook/xglm-2.9B,40,functionwords,273,0.9851559400558472
xglm_large,facebook/xglm-2.9B,40,functionwords,274,0.9859882593154907
xglm_large,facebook/xglm-2.9B,40,functionwords,275,0.9810043573379517
xglm_large,facebook/xglm-2.9B,40,functionwords,276,0.9869331121444702
xglm_large,facebook/xglm-2.9B,40,functionwords,277,0.9782599806785583
xglm_large,facebook/xglm-2.9B,40,functionwords,278,0.9816672205924988
xglm_large,facebook/xglm-2.9B,40,functionwords,279,0.986358642578125
xglm_large,facebook/xglm-2.9B,40,functionwords,280,0.9840362071990967
xglm_large,facebook/xglm-2.9B,40,functionwords,281,0.9820560216903687
xglm_large,facebook/xglm-2.9B,40,functionwords,282,0.9796930551528931
xglm_large,facebook/xglm-2.9B,40,functionwords,283,0.9832890033721924
xglm_large,facebook/xglm-2.9B,40,functionwords,284,0.9904059767723083
xglm_large,facebook/xglm-2.9B,40,functionwords,285,0.9792482852935791
xglm_large,facebook/xglm-2.9B,40,functionwords,286,0.9823918342590332
xglm_large,facebook/xglm-2.9B,40,functionwords,287,0.9868124723434448
xglm_large,facebook/xglm-2.9B,40,functionwords,288,0.983903706073761
xglm_large,facebook/xglm-2.9B,40,functionwords,289,0.9892431497573853
xglm_large,facebook/xglm-2.9B,40,functionwords,290,0.9834714531898499
xglm_large,facebook/xglm-2.9B,40,functionwords,291,0.9858176708221436
xglm_large,facebook/xglm-2.9B,40,functionwords,292,0.9879339933395386
xglm_large,facebook/xglm-2.9B,40,functionwords,293,0.9798691868782043
xglm_large,facebook/xglm-2.9B,40,functionwords,294,0.9846598505973816
xglm_large,facebook/xglm-2.9B,40,functionwords,295,0.9825025796890259
xglm_large,facebook/xglm-2.9B,40,functionwords,296,0.980027973651886
xglm_large,facebook/xglm-2.9B,40,functionwords,297,0.9771248698234558
xglm_large,facebook/xglm-2.9B,40,functionwords,298,0.984427273273468
xglm_large,facebook/xglm-2.9B,40,functionwords,299,0.983795166015625
xglm_large,facebook/xglm-2.9B,40,functionwords,300,0.9863466620445251
xglm_large,facebook/xglm-2.9B,40,functionwords,301,0.9787142276763916
xglm_large,facebook/xglm-2.9B,40,functionwords,302,0.978448748588562
xglm_large,facebook/xglm-2.9B,40,functionwords,303,0.991238534450531
xglm_large,facebook/xglm-2.9B,40,functionwords,304,0.9839351177215576
xglm_large,facebook/xglm-2.9B,40,functionwords,305,0.986923098564148
xglm_large,facebook/xglm-2.9B,40,functionwords,306,0.982221245765686
xglm_large,facebook/xglm-2.9B,40,functionwords,307,0.985461413860321
xglm_large,facebook/xglm-2.9B,40,functionwords,308,0.9863770008087158
xglm_large,facebook/xglm-2.9B,40,functionwords,309,0.987045168876648
xglm_large,facebook/xglm-2.9B,40,functionwords,310,0.9896087050437927
xglm_large,facebook/xglm-2.9B,40,functionwords,311,0.9855942130088806
xglm_large,facebook/xglm-2.9B,40,functionwords,312,0.9821316599845886
xglm_large,facebook/xglm-2.9B,40,functionwords,313,0.9837104678153992
xglm_large,facebook/xglm-2.9B,40,functionwords,314,0.9764314889907837
xglm_large,facebook/xglm-2.9B,40,functionwords,315,0.9913923144340515
xglm_large,facebook/xglm-2.9B,40,functionwords,316,0.9811804890632629
xglm_large,facebook/xglm-2.9B,40,functionwords,317,0.9856345653533936
xglm_large,facebook/xglm-2.9B,40,functionwords,318,0.9884882569313049
xglm_large,facebook/xglm-2.9B,40,functionwords,319,0.9864530563354492
xglm_large,facebook/xglm-2.9B,40,functionwords,320,0.988651692867279
xglm_large,facebook/xglm-2.9B,40,functionwords,321,0.9792358875274658
xglm_large,facebook/xglm-2.9B,40,functionwords,322,0.9816431999206543
xglm_large,facebook/xglm-2.9B,40,functionwords,323,0.9841311573982239
xglm_large,facebook/xglm-2.9B,40,functionwords,324,0.9829948544502258
xglm_large,facebook/xglm-2.9B,40,functionwords,325,0.9872867465019226
xglm_large,facebook/xglm-2.9B,40,functionwords,326,0.9849256873130798
xglm_large,facebook/xglm-2.9B,40,functionwords,327,0.9851174354553223
xglm_large,facebook/xglm-2.9B,40,functionwords,328,0.9810299873352051
xglm_large,facebook/xglm-2.9B,40,functionwords,329,0.9878153204917908
xglm_large,facebook/xglm-2.9B,40,functionwords,330,0.9853187203407288
xglm_large,facebook/xglm-2.9B,40,functionwords,331,0.9804846048355103
xglm_large,facebook/xglm-2.9B,40,functionwords,332,0.9905843734741211
xglm_large,facebook/xglm-2.9B,40,functionwords,333,0.9878475069999695
xglm_large,facebook/xglm-2.9B,40,functionwords,334,0.9887120723724365
xglm_large,facebook/xglm-2.9B,40,functionwords,335,0.9867215156555176
xglm_large,facebook/xglm-2.9B,40,functionwords,336,0.9877799153327942
xglm_large,facebook/xglm-2.9B,40,functionwords,337,0.9837201833724976
xglm_large,facebook/xglm-2.9B,40,functionwords,338,0.9823064804077148
xglm_large,facebook/xglm-2.9B,40,functionwords,339,0.9789364337921143
xglm_large,facebook/xglm-2.9B,40,functionwords,340,0.9850983023643494
xglm_large,facebook/xglm-2.9B,40,functionwords,341,0.9896725416183472
xglm_large,facebook/xglm-2.9B,40,functionwords,342,0.9833222031593323
xglm_large,facebook/xglm-2.9B,40,functionwords,343,0.986871600151062
xglm_large,facebook/xglm-2.9B,40,functionwords,344,0.9808092713356018
xglm_large,facebook/xglm-2.9B,40,functionwords,345,0.9780272841453552
xglm_large,facebook/xglm-2.9B,40,functionwords,346,0.9728098511695862
xglm_large,facebook/xglm-2.9B,40,functionwords,347,0.9714763164520264
xglm_large,facebook/xglm-2.9B,40,functionwords,348,0.9800117015838623
xglm_large,facebook/xglm-2.9B,40,functionwords,349,0.9866214394569397
xglm_large,facebook/xglm-2.9B,40,functionwords,350,0.9809932112693787
xglm_large,facebook/xglm-2.9B,40,functionwords,351,0.9863337874412537
xglm_large,facebook/xglm-2.9B,40,functionwords,352,0.9824442267417908
xglm_large,facebook/xglm-2.9B,40,functionwords,353,0.9825560450553894
xglm_large,facebook/xglm-2.9B,40,functionwords,354,0.9845625162124634
xglm_large,facebook/xglm-2.9B,40,functionwords,355,0.9884947538375854
xglm_large,facebook/xglm-2.9B,40,functionwords,356,0.9869219660758972
xglm_large,facebook/xglm-2.9B,40,functionwords,357,0.9853658676147461
xglm_large,facebook/xglm-2.9B,40,functionwords,358,0.9827343225479126
xglm_large,facebook/xglm-2.9B,40,functionwords,359,0.9858575463294983
xglm_large,facebook/xglm-2.9B,40,functionwords,360,0.9856969118118286
xglm_large,facebook/xglm-2.9B,40,functionwords,361,0.9826832413673401
xglm_large,facebook/xglm-2.9B,40,functionwords,362,0.9856119155883789
xglm_large,facebook/xglm-2.9B,40,functionwords,363,0.9863296747207642
xglm_large,facebook/xglm-2.9B,40,functionwords,364,0.9838095903396606
xglm_large,facebook/xglm-2.9B,40,functionwords,365,0.986892819404602
xglm_large,facebook/xglm-2.9B,40,functionwords,366,0.9780924320220947
xglm_large,facebook/xglm-2.9B,40,functionwords,367,0.9875006675720215
xglm_large,facebook/xglm-2.9B,40,functionwords,368,0.9851916432380676
xglm_large,facebook/xglm-2.9B,40,functionwords,369,0.9844861030578613
xglm_large,facebook/xglm-2.9B,40,functionwords,370,0.9839862585067749
xglm_large,facebook/xglm-2.9B,40,functionwords,371,0.9850450158119202
xglm_large,facebook/xglm-2.9B,40,functionwords,372,0.9773967862129211
xglm_large,facebook/xglm-2.9B,40,functionwords,373,0.9861025810241699
xglm_large,facebook/xglm-2.9B,40,functionwords,374,0.9834945797920227
xglm_large,facebook/xglm-2.9B,40,functionwords,375,0.9805421233177185
xglm_large,facebook/xglm-2.9B,40,functionwords,376,0.9886114597320557
xglm_large,facebook/xglm-2.9B,40,functionwords,377,0.99052494764328
xglm_large,facebook/xglm-2.9B,40,functionwords,378,0.983762800693512
xglm_large,facebook/xglm-2.9B,40,functionwords,379,0.9846984148025513
xglm_large,facebook/xglm-2.9B,40,functionwords,380,0.9883483648300171
xglm_large,facebook/xglm-2.9B,40,functionwords,381,0.9872825741767883
xglm_large,facebook/xglm-2.9B,40,functionwords,382,0.9808733463287354
xglm_large,facebook/xglm-2.9B,40,functionwords,383,0.9859804511070251
xglm_large,facebook/xglm-2.9B,40,functionwords,384,0.9809035062789917
xglm_large,facebook/xglm-2.9B,40,functionwords,385,0.9880675077438354
xglm_large,facebook/xglm-2.9B,40,functionwords,386,0.9857860207557678
xglm_large,facebook/xglm-2.9B,40,functionwords,387,0.9854792952537537
xglm_large,facebook/xglm-2.9B,40,functionwords,388,0.9857844114303589
xglm_large,facebook/xglm-2.9B,40,functionwords,389,0.9850470423698425
xglm_large,facebook/xglm-2.9B,40,functionwords,390,0.9866415858268738
xglm_large,facebook/xglm-2.9B,40,functionwords,391,0.9875720143318176
xglm_large,facebook/xglm-2.9B,40,functionwords,392,0.984082818031311
xglm_large,facebook/xglm-2.9B,40,functionwords,393,0.9815024137496948
xglm_large,facebook/xglm-2.9B,40,functionwords,394,0.9825026988983154
xglm_large,facebook/xglm-2.9B,40,functionwords,395,0.9862834215164185
xglm_large,facebook/xglm-2.9B,40,functionwords,396,0.9809496998786926
xglm_large,facebook/xglm-2.9B,40,functionwords,397,0.983527421951294
xglm_large,facebook/xglm-2.9B,40,functionwords,398,0.9836893081665039
xglm_large,facebook/xglm-2.9B,40,functionwords,399,0.9837160706520081
xglm_large,facebook/xglm-2.9B,40,functionwords,400,0.986174464225769
xglm_large,facebook/xglm-2.9B,40,functionwords,401,0.9831052422523499
xglm_large,facebook/xglm-2.9B,40,functionwords,402,0.9826250672340393
xglm_large,facebook/xglm-2.9B,40,functionwords,403,0.9843779802322388
xglm_large,facebook/xglm-2.9B,40,functionwords,404,0.9835381507873535
xglm_large,facebook/xglm-2.9B,40,functionwords,405,0.9855352640151978
xglm_large,facebook/xglm-2.9B,40,functionwords,406,0.9804059863090515
xglm_large,facebook/xglm-2.9B,40,functionwords,407,0.9840582609176636
xglm_large,facebook/xglm-2.9B,40,functionwords,408,0.98602294921875
xglm_large,facebook/xglm-2.9B,40,functionwords,409,0.9880663156509399
xglm_large,facebook/xglm-2.9B,40,functionwords,410,0.9884274005889893
xglm_large,facebook/xglm-2.9B,40,functionwords,411,0.9809020161628723
xglm_large,facebook/xglm-2.9B,40,functionwords,412,0.9796128273010254
xglm_large,facebook/xglm-2.9B,40,functionwords,413,0.9844809174537659
xglm_large,facebook/xglm-2.9B,40,functionwords,414,0.9882787466049194
xglm_large,facebook/xglm-2.9B,40,functionwords,415,0.9861206412315369
xglm_large,facebook/xglm-2.9B,40,functionwords,416,0.9805265069007874
xglm_large,facebook/xglm-2.9B,40,functionwords,417,0.9821417927742004
xglm_large,facebook/xglm-2.9B,40,functionwords,418,0.9903191924095154
xglm_large,facebook/xglm-2.9B,40,functionwords,419,0.9769846796989441
xglm_large,facebook/xglm-2.9B,40,functionwords,420,0.9809389114379883
xglm_large,facebook/xglm-2.9B,40,functionwords,421,0.9742375612258911
xglm_large,facebook/xglm-2.9B,40,functionwords,422,0.976673424243927
xglm_large,facebook/xglm-2.9B,40,functionwords,423,0.9760416150093079
xglm_large,facebook/xglm-2.9B,40,functionwords,424,0.9870845079421997
xglm_large,facebook/xglm-2.9B,40,functionwords,425,0.986862301826477
xglm_large,facebook/xglm-2.9B,40,functionwords,426,0.9862698316574097
xglm_large,facebook/xglm-2.9B,40,functionwords,427,0.9892273545265198
xglm_large,facebook/xglm-2.9B,40,functionwords,428,0.987764835357666
xglm_large,facebook/xglm-2.9B,40,functionwords,429,0.9823471903800964
xglm_large,facebook/xglm-2.9B,40,functionwords,430,0.9862220287322998
xglm_large,facebook/xglm-2.9B,40,functionwords,431,0.9799910187721252
xglm_large,facebook/xglm-2.9B,40,functionwords,432,0.9854660034179688
xglm_large,facebook/xglm-2.9B,40,functionwords,433,0.9880991578102112
xglm_large,facebook/xglm-2.9B,40,functionwords,434,0.9894146919250488
xglm_large,facebook/xglm-2.9B,40,functionwords,435,0.9842380285263062
xglm_large,facebook/xglm-2.9B,40,functionwords,436,0.9835076332092285
xglm_large,facebook/xglm-2.9B,40,functionwords,437,0.9840221405029297
xglm_large,facebook/xglm-2.9B,40,functionwords,438,0.9857857823371887
xglm_large,facebook/xglm-2.9B,40,functionwords,439,0.9832463264465332
xglm_large,facebook/xglm-2.9B,40,functionwords,440,0.9862624406814575
xglm_large,facebook/xglm-2.9B,40,functionwords,441,0.9836801290512085
xglm_large,facebook/xglm-2.9B,40,functionwords,442,0.9790307283401489
xglm_large,facebook/xglm-2.9B,40,functionwords,443,0.9850687384605408
xglm_large,facebook/xglm-2.9B,40,functionwords,444,0.9826771020889282
xglm_large,facebook/xglm-2.9B,40,functionwords,445,0.9877824783325195
xglm_large,facebook/xglm-2.9B,40,functionwords,446,0.9840896725654602
xglm_large,facebook/xglm-2.9B,40,functionwords,447,0.9831517934799194
xglm_large,facebook/xglm-2.9B,40,functionwords,448,0.9817017912864685
xglm_large,facebook/xglm-2.9B,40,functionwords,449,0.9819197654724121
xglm_large,facebook/xglm-2.9B,40,functionwords,450,0.9869943261146545
xglm_large,facebook/xglm-2.9B,40,functionwords,451,0.98127281665802
xglm_large,facebook/xglm-2.9B,40,functionwords,452,0.9791324734687805
xglm_large,facebook/xglm-2.9B,40,functionwords,453,0.9854288101196289
xglm_large,facebook/xglm-2.9B,40,functionwords,454,0.9861933588981628
xglm_large,facebook/xglm-2.9B,40,functionwords,455,0.9863712191581726
xglm_large,facebook/xglm-2.9B,40,functionwords,456,0.9876694083213806
xglm_large,facebook/xglm-2.9B,40,functionwords,457,0.9854743480682373
xglm_large,facebook/xglm-2.9B,40,functionwords,458,0.9842242002487183
xglm_large,facebook/xglm-2.9B,40,functionwords,459,0.9877538681030273
xglm_large,facebook/xglm-2.9B,40,functionwords,460,0.9920496940612793
xglm_large,facebook/xglm-2.9B,40,functionwords,461,0.9865707159042358
xglm_large,facebook/xglm-2.9B,40,functionwords,462,0.9775660037994385
xglm_large,facebook/xglm-2.9B,40,functionwords,463,0.9838039875030518
xglm_large,facebook/xglm-2.9B,40,functionwords,464,0.9831615686416626
xglm_large,facebook/xglm-2.9B,40,functionwords,465,0.9837995767593384
xglm_large,facebook/xglm-2.9B,40,functionwords,466,0.9875715970993042
xglm_large,facebook/xglm-2.9B,40,functionwords,467,0.9863665103912354
xglm_large,facebook/xglm-2.9B,40,functionwords,468,0.9846178889274597
xglm_large,facebook/xglm-2.9B,40,functionwords,469,0.9851850867271423
xglm_large,facebook/xglm-2.9B,40,functionwords,470,0.9814328551292419
xglm_large,facebook/xglm-2.9B,40,functionwords,471,0.9853025078773499
xglm_large,facebook/xglm-2.9B,40,functionwords,472,0.9788710474967957
xglm_large,facebook/xglm-2.9B,40,functionwords,473,0.9829868078231812
xglm_large,facebook/xglm-2.9B,40,functionwords,474,0.9851677417755127
xglm_large,facebook/xglm-2.9B,40,functionwords,475,0.9821279644966125
xglm_large,facebook/xglm-2.9B,40,functionwords,476,0.9778213500976562
xglm_large,facebook/xglm-2.9B,40,functionwords,477,0.9841077327728271
xglm_large,facebook/xglm-2.9B,40,functionwords,478,0.9840208292007446
xglm_large,facebook/xglm-2.9B,40,functionwords,479,0.9863631725311279
xglm_large,facebook/xglm-2.9B,40,functionwords,480,0.9890633225440979
xglm_large,facebook/xglm-2.9B,40,functionwords,481,0.9783270955085754
xglm_large,facebook/xglm-2.9B,40,functionwords,482,0.9826362729072571
xglm_large,facebook/xglm-2.9B,40,functionwords,483,0.9879345893859863
xglm_large,facebook/xglm-2.9B,40,functionwords,484,0.9889615178108215
xglm_large,facebook/xglm-2.9B,40,functionwords,485,0.9842106103897095
xglm_large,facebook/xglm-2.9B,40,functionwords,486,0.9726864695549011
xglm_large,facebook/xglm-2.9B,40,functionwords,487,0.9874013662338257
xglm_large,facebook/xglm-2.9B,40,functionwords,488,0.9863271713256836
xglm_large,facebook/xglm-2.9B,40,functionwords,489,0.9853590726852417
xglm_large,facebook/xglm-2.9B,40,functionwords,490,0.9802354574203491
xglm_large,facebook/xglm-2.9B,40,functionwords,491,0.9857730269432068
xglm_large,facebook/xglm-2.9B,40,functionwords,492,0.9805430769920349
xglm_large,facebook/xglm-2.9B,40,functionwords,493,0.9833937287330627
xglm_large,facebook/xglm-2.9B,40,functionwords,494,0.989898145198822
xglm_large,facebook/xglm-2.9B,40,functionwords,495,0.9820571541786194
xglm_large,facebook/xglm-2.9B,40,functionwords,496,0.9864675998687744
xglm_large,facebook/xglm-2.9B,40,functionwords,497,0.985113799571991
xglm_large,facebook/xglm-2.9B,40,functionwords,498,0.9871178865432739
xglm_large,facebook/xglm-2.9B,40,functionwords,499,0.9841280579566956
xglm_large,facebook/xglm-2.9B,40,functionwords,500,0.9835923910140991
xglm_large,facebook/xglm-2.9B,40,functionwords,501,0.9816117882728577
xglm_large,facebook/xglm-2.9B,40,functionwords,502,0.9802678823471069
xglm_large,facebook/xglm-2.9B,40,functionwords,503,0.9887187480926514
xglm_large,facebook/xglm-2.9B,40,functionwords,504,0.9847618937492371
xglm_large,facebook/xglm-2.9B,40,functionwords,505,0.9845256805419922
xglm_large,facebook/xglm-2.9B,40,functionwords,506,0.9912962913513184
xglm_large,facebook/xglm-2.9B,40,functionwords,507,0.9838070273399353
xglm_large,facebook/xglm-2.9B,40,functionwords,508,0.9834799766540527
xglm_large,facebook/xglm-2.9B,40,functionwords,509,0.9883408546447754
xglm_large,facebook/xglm-2.9B,40,functionwords,510,0.9827890992164612
xglm_large,facebook/xglm-2.9B,40,functionwords,511,0.9807338714599609
xglm_large,facebook/xglm-2.9B,40,functionwords,512,0.9877142906188965
xglm_large,facebook/xglm-2.9B,40,functionwords,513,0.9842396974563599
xglm_large,facebook/xglm-2.9B,40,functionwords,514,0.9871811866760254
xglm_large,facebook/xglm-2.9B,40,functionwords,515,0.9864317178726196
xglm_large,facebook/xglm-2.9B,40,functionwords,516,0.9853971600532532
xglm_large,facebook/xglm-2.9B,40,functionwords,517,0.9862656593322754
xglm_large,facebook/xglm-2.9B,40,functionwords,518,0.9824532270431519
xglm_large,facebook/xglm-2.9B,40,functionwords,519,0.9830112457275391
xglm_large,facebook/xglm-2.9B,40,functionwords,520,0.9842025637626648
xglm_large,facebook/xglm-2.9B,40,functionwords,521,0.9879526495933533
xglm_large,facebook/xglm-2.9B,40,functionwords,522,0.9805571436882019
xglm_large,facebook/xglm-2.9B,40,functionwords,523,0.9774886965751648
xglm_large,facebook/xglm-2.9B,40,functionwords,524,0.9877926111221313
xglm_large,facebook/xglm-2.9B,40,functionwords,525,0.9877129793167114
xglm_large,facebook/xglm-2.9B,40,functionwords,526,0.9870789647102356
xglm_large,facebook/xglm-2.9B,40,functionwords,527,0.9886142015457153
xglm_large,facebook/xglm-2.9B,40,functionwords,528,0.9854617118835449
xglm_large,facebook/xglm-2.9B,40,functionwords,529,0.9861555695533752
xglm_large,facebook/xglm-2.9B,40,functionwords,530,0.9785839319229126
xglm_large,facebook/xglm-2.9B,40,functionwords,531,0.976841926574707
xglm_large,facebook/xglm-2.9B,40,functionwords,532,0.9863623380661011
xglm_large,facebook/xglm-2.9B,40,functionwords,533,0.9876204133033752
xglm_large,facebook/xglm-2.9B,40,functionwords,534,0.985402524471283
xglm_large,facebook/xglm-2.9B,40,functionwords,535,0.98578941822052
xglm_large,facebook/xglm-2.9B,40,functionwords,536,0.9820609092712402
xglm_large,facebook/xglm-2.9B,40,functionwords,537,0.9842821359634399
xglm_large,facebook/xglm-2.9B,40,functionwords,538,0.9860993027687073
xglm_large,facebook/xglm-2.9B,40,functionwords,539,0.9823662042617798
xglm_large,facebook/xglm-2.9B,40,functionwords,540,0.9812465906143188
xglm_large,facebook/xglm-2.9B,40,functionwords,541,0.9868181943893433
xglm_large,facebook/xglm-2.9B,40,functionwords,542,0.9871400594711304
xglm_large,facebook/xglm-2.9B,40,functionwords,543,0.982995331287384
xglm_large,facebook/xglm-2.9B,40,functionwords,544,0.9861483573913574
xglm_large,facebook/xglm-2.9B,40,functionwords,545,0.9821742177009583
xglm_large,facebook/xglm-2.9B,40,functionwords,546,0.9906018376350403
xglm_large,facebook/xglm-2.9B,40,functionwords,547,0.9871441721916199
xglm_large,facebook/xglm-2.9B,40,functionwords,548,0.9880655407905579
xglm_large,facebook/xglm-2.9B,40,functionwords,549,0.9843240976333618
xglm_large,facebook/xglm-2.9B,40,functionwords,550,0.9873611330986023
xglm_large,facebook/xglm-2.9B,40,functionwords,551,0.9873506426811218
xglm_large,facebook/xglm-2.9B,40,functionwords,552,0.9841965436935425
xglm_large,facebook/xglm-2.9B,40,functionwords,553,0.9884921908378601
xglm_large,facebook/xglm-2.9B,40,functionwords,554,0.986902117729187
xglm_large,facebook/xglm-2.9B,40,functionwords,555,0.9836283922195435
xglm_large,facebook/xglm-2.9B,40,functionwords,556,0.9883439540863037
xglm_large,facebook/xglm-2.9B,40,functionwords,557,0.9851353764533997
xglm_large,facebook/xglm-2.9B,40,functionwords,558,0.9842944741249084
xglm_large,facebook/xglm-2.9B,40,functionwords,559,0.9825837016105652
xglm_large,facebook/xglm-2.9B,40,functionwords,560,0.9804111123085022
xglm_large,facebook/xglm-2.9B,40,functionwords,561,0.9816262722015381
xglm_large,facebook/xglm-2.9B,40,functionwords,562,0.9891467094421387
xglm_large,facebook/xglm-2.9B,40,functionwords,563,0.9850068688392639
xglm_large,facebook/xglm-2.9B,40,functionwords,564,0.9867215156555176
xglm_large,facebook/xglm-2.9B,40,functionwords,565,0.9877371191978455
xglm_large,facebook/xglm-2.9B,40,functionwords,566,0.9853721261024475
xglm_large,facebook/xglm-2.9B,40,functionwords,567,0.9849323630332947
xglm_large,facebook/xglm-2.9B,40,functionwords,568,0.9829908013343811
xglm_large,facebook/xglm-2.9B,40,functionwords,569,0.9871551990509033
xglm_large,facebook/xglm-2.9B,40,functionwords,570,0.9791443347930908
xglm_large,facebook/xglm-2.9B,40,functionwords,571,0.9858307838439941
xglm_large,facebook/xglm-2.9B,40,functionwords,572,0.9787238836288452
xglm_large,facebook/xglm-2.9B,40,functionwords,573,0.9879865646362305
xglm_large,facebook/xglm-2.9B,40,functionwords,574,0.9839475154876709
xglm_large,facebook/xglm-2.9B,40,functionwords,575,0.9822223782539368
xglm_large,facebook/xglm-2.9B,40,functionwords,576,0.9909222722053528
xglm_large,facebook/xglm-2.9B,40,functionwords,577,0.9887903332710266
xglm_large,facebook/xglm-2.9B,40,functionwords,578,0.9866028428077698
xglm_large,facebook/xglm-2.9B,40,functionwords,579,0.9859011173248291
xglm_large,facebook/xglm-2.9B,40,functionwords,580,0.9884034991264343
xglm_large,facebook/xglm-2.9B,40,functionwords,581,0.983165442943573
xglm_large,facebook/xglm-2.9B,40,functionwords,582,0.9866375923156738
xglm_large,facebook/xglm-2.9B,40,functionwords,583,0.9847981333732605
xglm_large,facebook/xglm-2.9B,40,functionwords,584,0.9800542593002319
xglm_large,facebook/xglm-2.9B,40,functionwords,585,0.9832038879394531
xglm_large,facebook/xglm-2.9B,40,functionwords,586,0.9852596521377563
xglm_large,facebook/xglm-2.9B,40,functionwords,587,0.9864025712013245
xglm_large,facebook/xglm-2.9B,40,functionwords,588,0.9862493872642517
xglm_large,facebook/xglm-2.9B,40,functionwords,589,0.9835848808288574
xglm_large,facebook/xglm-2.9B,40,functionwords,590,0.9852295517921448
xglm_large,facebook/xglm-2.9B,40,functionwords,591,0.9852081537246704
xglm_large,facebook/xglm-2.9B,40,functionwords,592,0.9833043217658997
xglm_large,facebook/xglm-2.9B,40,functionwords,593,0.9809539914131165
xglm_large,facebook/xglm-2.9B,40,functionwords,594,0.9842076897621155
xglm_large,facebook/xglm-2.9B,40,functionwords,595,0.9833987951278687
xglm_large,facebook/xglm-2.9B,40,functionwords,596,0.9836891889572144
xglm_large,facebook/xglm-2.9B,40,functionwords,597,0.9875104427337646
xglm_large,facebook/xglm-2.9B,40,functionwords,598,0.9890778064727783
xglm_large,facebook/xglm-2.9B,40,functionwords,599,0.9823904037475586
xglm_large,facebook/xglm-2.9B,40,functionwords,600,0.9817228317260742
xglm_large,facebook/xglm-2.9B,40,functionwords,601,0.9820298552513123
xglm_large,facebook/xglm-2.9B,40,functionwords,602,0.9764537215232849
xglm_large,facebook/xglm-2.9B,40,functionwords,603,0.9867299795150757
xglm_large,facebook/xglm-2.9B,40,functionwords,604,0.983153223991394
xglm_large,facebook/xglm-2.9B,40,functionwords,605,0.989020824432373
xglm_large,facebook/xglm-2.9B,40,functionwords,606,0.9863008260726929
xglm_large,facebook/xglm-2.9B,40,functionwords,607,0.9820071458816528
xglm_large,facebook/xglm-2.9B,40,functionwords,608,0.9836235642433167
xglm_large,facebook/xglm-2.9B,40,functionwords,609,0.980484127998352
xglm_large,facebook/xglm-2.9B,40,functionwords,610,0.9870714545249939
xglm_large,facebook/xglm-2.9B,40,functionwords,611,0.978378176689148
xglm_large,facebook/xglm-2.9B,40,functionwords,612,0.9797982573509216
xglm_large,facebook/xglm-2.9B,40,functionwords,613,0.9851251840591431
xglm_large,facebook/xglm-2.9B,40,functionwords,614,0.9833817481994629
xglm_large,facebook/xglm-2.9B,40,functionwords,615,0.9814186096191406
xglm_large,facebook/xglm-2.9B,40,functionwords,616,0.9860163927078247
xglm_large,facebook/xglm-2.9B,40,functionwords,617,0.9840922951698303
xglm_large,facebook/xglm-2.9B,40,functionwords,618,0.9826474189758301
xglm_large,facebook/xglm-2.9B,40,functionwords,619,0.9798660278320312
xglm_large,facebook/xglm-2.9B,40,functionwords,620,0.9855543971061707
xglm_large,facebook/xglm-2.9B,40,functionwords,621,0.9875223636627197
xglm_large,facebook/xglm-2.9B,40,functionwords,622,0.9834170937538147
xglm_large,facebook/xglm-2.9B,40,functionwords,623,0.9788828492164612
xglm_large,facebook/xglm-2.9B,40,functionwords,624,0.9891383647918701
xglm_large,facebook/xglm-2.9B,40,functionwords,625,0.9870340824127197
xglm_large,facebook/xglm-2.9B,40,functionwords,626,0.984653115272522
xglm_large,facebook/xglm-2.9B,40,paraphrase,0,0.9909977912902832
xglm_large,facebook/xglm-2.9B,40,paraphrase,1,0.9785581231117249
xglm_large,facebook/xglm-2.9B,40,paraphrase,2,0.9794186949729919
xglm_large,facebook/xglm-2.9B,40,paraphrase,3,0.9875701069831848
xglm_large,facebook/xglm-2.9B,40,paraphrase,4,0.9835725426673889
xglm_large,facebook/xglm-2.9B,40,paraphrase,5,0.9880807995796204
xglm_large,facebook/xglm-2.9B,40,paraphrase,6,0.9846891164779663
xglm_large,facebook/xglm-2.9B,40,paraphrase,7,0.9925147891044617
xglm_large,facebook/xglm-2.9B,40,paraphrase,8,0.988631010055542
xglm_large,facebook/xglm-2.9B,40,paraphrase,9,0.9838724732398987
xglm_large,facebook/xglm-2.9B,40,paraphrase,10,0.9880858659744263
xglm_large,facebook/xglm-2.9B,40,paraphrase,11,0.9886653423309326
xglm_large,facebook/xglm-2.9B,40,paraphrase,12,0.9871116876602173
xglm_large,facebook/xglm-2.9B,40,paraphrase,13,0.980229914188385
xglm_large,facebook/xglm-2.9B,40,paraphrase,14,0.9862548112869263
xglm_large,facebook/xglm-2.9B,40,paraphrase,15,0.9814543128013611
xglm_large,facebook/xglm-2.9B,40,paraphrase,16,0.9779004454612732
xglm_large,facebook/xglm-2.9B,40,paraphrase,17,0.9879257678985596
xglm_large,facebook/xglm-2.9B,40,paraphrase,18,0.9880579113960266
xglm_large,facebook/xglm-2.9B,40,paraphrase,19,0.9888381361961365
xglm_large,facebook/xglm-2.9B,40,paraphrase,20,0.9876478314399719
xglm_large,facebook/xglm-2.9B,40,paraphrase,21,0.9806169867515564
xglm_large,facebook/xglm-2.9B,40,paraphrase,22,0.9865484833717346
xglm_large,facebook/xglm-2.9B,40,paraphrase,23,0.9871562123298645
xglm_large,facebook/xglm-2.9B,40,paraphrase,24,0.9873924851417542
xglm_large,facebook/xglm-2.9B,40,paraphrase,25,0.983425498008728
xglm_large,facebook/xglm-2.9B,40,paraphrase,26,0.9897003769874573
xglm_large,facebook/xglm-2.9B,40,paraphrase,27,0.9858367443084717
xglm_large,facebook/xglm-2.9B,40,paraphrase,28,0.9843012094497681
xglm_large,facebook/xglm-2.9B,40,paraphrase,29,0.9857752323150635
xglm_large,facebook/xglm-2.9B,40,paraphrase,30,0.9847111105918884
xglm_large,facebook/xglm-2.9B,40,paraphrase,31,0.9864000678062439
xglm_large,facebook/xglm-2.9B,40,paraphrase,32,0.9829696416854858
xglm_large,facebook/xglm-2.9B,40,paraphrase,33,0.9864135980606079
xglm_large,facebook/xglm-2.9B,40,paraphrase,34,0.9835894107818604
xglm_large,facebook/xglm-2.9B,40,paraphrase,35,0.9868503212928772
xglm_large,facebook/xglm-2.9B,40,paraphrase,36,0.983792781829834
xglm_large,facebook/xglm-2.9B,40,paraphrase,37,0.9880906939506531
xglm_large,facebook/xglm-2.9B,40,paraphrase,38,0.9893279075622559
xglm_large,facebook/xglm-2.9B,40,paraphrase,39,0.9817746877670288
xglm_large,facebook/xglm-2.9B,40,paraphrase,40,0.9861704111099243
xglm_large,facebook/xglm-2.9B,40,paraphrase,41,0.9903682470321655
xglm_large,facebook/xglm-2.9B,40,paraphrase,42,0.9851067662239075
xglm_large,facebook/xglm-2.9B,40,paraphrase,43,0.9905587434768677
xglm_large,facebook/xglm-2.9B,40,paraphrase,44,0.9877573847770691
xglm_large,facebook/xglm-2.9B,40,paraphrase,45,0.99287348985672
xglm_large,facebook/xglm-2.9B,40,paraphrase,46,0.9889527559280396
xglm_large,facebook/xglm-2.9B,40,paraphrase,47,0.9855654239654541
xglm_large,facebook/xglm-2.9B,40,paraphrase,48,0.9856089949607849
xglm_large,facebook/xglm-2.9B,40,paraphrase,49,0.9795271754264832
xglm_large,facebook/xglm-2.9B,40,paraphrase,50,0.9903251528739929
xglm_large,facebook/xglm-2.9B,40,paraphrase,51,0.9859684109687805
xglm_large,facebook/xglm-2.9B,40,paraphrase,52,0.9862514734268188
xglm_large,facebook/xglm-2.9B,40,paraphrase,53,0.9903718829154968
xglm_large,facebook/xglm-2.9B,40,paraphrase,54,0.9905851483345032
xglm_large,facebook/xglm-2.9B,40,paraphrase,55,0.9878878593444824
xglm_large,facebook/xglm-2.9B,40,paraphrase,56,0.9844728112220764
xglm_large,facebook/xglm-2.9B,40,paraphrase,57,0.9849368333816528
xglm_large,facebook/xglm-2.9B,40,paraphrase,58,0.9883860945701599
xglm_large,facebook/xglm-2.9B,40,paraphrase,59,0.9907552003860474
xglm_large,facebook/xglm-2.9B,40,paraphrase,60,0.9884576201438904
xglm_large,facebook/xglm-2.9B,40,paraphrase,61,0.9837520122528076
xglm_large,facebook/xglm-2.9B,40,paraphrase,62,0.9895294904708862
xglm_large,facebook/xglm-2.9B,40,paraphrase,63,0.987988293170929
xglm_large,facebook/xglm-2.9B,40,paraphrase,64,0.9866517782211304
xglm_large,facebook/xglm-2.9B,40,paraphrase,65,0.9841830134391785
xglm_large,facebook/xglm-2.9B,40,paraphrase,66,0.9801777601242065
xglm_large,facebook/xglm-2.9B,40,paraphrase,67,0.987962007522583
xglm_large,facebook/xglm-2.9B,40,paraphrase,68,0.9870731234550476
xglm_large,facebook/xglm-2.9B,40,paraphrase,69,0.9859784245491028
xglm_large,facebook/xglm-2.9B,40,paraphrase,70,0.9853489398956299
xglm_large,facebook/xglm-2.9B,40,paraphrase,71,0.9864559173583984
xglm_large,facebook/xglm-2.9B,40,paraphrase,72,0.9860266447067261
xglm_large,facebook/xglm-2.9B,40,paraphrase,73,0.9821705222129822
xglm_large,facebook/xglm-2.9B,40,paraphrase,74,0.9883063435554504
xglm_large,facebook/xglm-2.9B,40,paraphrase,75,0.9891647100448608
xglm_large,facebook/xglm-2.9B,40,paraphrase,76,0.9896629452705383
xglm_large,facebook/xglm-2.9B,40,paraphrase,77,0.9891003966331482
xglm_large,facebook/xglm-2.9B,40,paraphrase,78,0.9839431643486023
xglm_large,facebook/xglm-2.9B,40,paraphrase,79,0.9850715398788452
xglm_large,facebook/xglm-2.9B,40,paraphrase,80,0.9835101366043091
xglm_large,facebook/xglm-2.9B,40,paraphrase,81,0.9898654222488403
xglm_large,facebook/xglm-2.9B,40,paraphrase,82,0.9825112819671631
xglm_large,facebook/xglm-2.9B,40,paraphrase,83,0.9819037318229675
xglm_large,facebook/xglm-2.9B,40,paraphrase,84,0.9829561114311218
xglm_large,facebook/xglm-2.9B,40,paraphrase,85,0.9849982857704163
xglm_large,facebook/xglm-2.9B,40,paraphrase,86,0.9857864379882812
xglm_large,facebook/xglm-2.9B,40,paraphrase,87,0.9846727252006531
xglm_large,facebook/xglm-2.9B,40,paraphrase,88,0.9851352572441101
xglm_large,facebook/xglm-2.9B,40,paraphrase,89,0.984664797782898
xglm_large,facebook/xglm-2.9B,40,paraphrase,90,0.9896849393844604
xglm_large,facebook/xglm-2.9B,40,paraphrase,91,0.984137773513794
xglm_large,facebook/xglm-2.9B,40,paraphrase,92,0.9834175109863281
xglm_large,facebook/xglm-2.9B,40,paraphrase,93,0.9862109422683716
xglm_large,facebook/xglm-2.9B,40,paraphrase,94,0.9917011857032776
xglm_large,facebook/xglm-2.9B,40,paraphrase,95,0.9888155460357666
xglm_large,facebook/xglm-2.9B,40,paraphrase,96,0.9919208884239197
xglm_large,facebook/xglm-2.9B,40,paraphrase,97,0.9904190301895142
xglm_large,facebook/xglm-2.9B,40,paraphrase,98,0.9850658178329468
xglm_large,facebook/xglm-2.9B,40,paraphrase,99,0.9884456396102905
xglm_large,facebook/xglm-2.9B,40,paraphrase,100,0.9863099455833435
xglm_large,facebook/xglm-2.9B,40,paraphrase,101,0.9900916814804077
xglm_large,facebook/xglm-2.9B,40,paraphrase,102,0.9894552230834961
xglm_large,facebook/xglm-2.9B,40,paraphrase,103,0.9876009225845337
xglm_large,facebook/xglm-2.9B,40,paraphrase,104,0.9876437783241272
xglm_large,facebook/xglm-2.9B,40,paraphrase,105,0.9852912425994873
xglm_large,facebook/xglm-2.9B,40,paraphrase,106,0.9901628494262695
xglm_large,facebook/xglm-2.9B,40,paraphrase,107,0.986487090587616
xglm_large,facebook/xglm-2.9B,40,paraphrase,108,0.98321932554245
xglm_large,facebook/xglm-2.9B,40,paraphrase,109,0.9842121005058289
xglm_large,facebook/xglm-2.9B,40,paraphrase,110,0.9821650981903076
xglm_large,facebook/xglm-2.9B,40,paraphrase,111,0.9817753434181213
xglm_large,facebook/xglm-2.9B,40,paraphrase,112,0.9856715798377991
xglm_large,facebook/xglm-2.9B,40,paraphrase,113,0.9841560125350952
xglm_large,facebook/xglm-2.9B,40,paraphrase,114,0.9853870868682861
xglm_large,facebook/xglm-2.9B,40,paraphrase,115,0.9884093403816223
xglm_large,facebook/xglm-2.9B,40,paraphrase,116,0.9860526323318481
xglm_large,facebook/xglm-2.9B,40,paraphrase,117,0.9883223176002502
xglm_large,facebook/xglm-2.9B,40,paraphrase,118,0.9891067743301392
xglm_large,facebook/xglm-2.9B,40,paraphrase,119,0.988799512386322
xglm_large,facebook/xglm-2.9B,40,paraphrase,120,0.990180253982544
xglm_large,facebook/xglm-2.9B,40,paraphrase,121,0.9865435361862183
xglm_large,facebook/xglm-2.9B,40,paraphrase,122,0.9869436025619507
xglm_large,facebook/xglm-2.9B,40,paraphrase,123,0.9896844625473022
xglm_large,facebook/xglm-2.9B,40,paraphrase,124,0.9947855472564697
xglm_large,facebook/xglm-2.9B,40,paraphrase,125,0.9889885187149048
xglm_large,facebook/xglm-2.9B,40,paraphrase,126,0.9903275966644287
xglm_large,facebook/xglm-2.9B,40,paraphrase,127,0.986570417881012
xglm_large,facebook/xglm-2.9B,40,paraphrase,128,0.9912723302841187
xglm_large,facebook/xglm-2.9B,40,paraphrase,129,0.9866559505462646
xglm_large,facebook/xglm-2.9B,40,paraphrase,130,0.9841920137405396
xglm_large,facebook/xglm-2.9B,40,paraphrase,131,0.990071177482605
xglm_large,facebook/xglm-2.9B,40,paraphrase,132,0.984892725944519
xglm_large,facebook/xglm-2.9B,40,paraphrase,133,0.9860024452209473
xglm_large,facebook/xglm-2.9B,40,paraphrase,134,0.9841449856758118
xglm_large,facebook/xglm-2.9B,40,paraphrase,135,0.990665853023529
xglm_large,facebook/xglm-2.9B,40,paraphrase,136,0.9887314438819885
xglm_large,facebook/xglm-2.9B,40,paraphrase,137,0.985460638999939
xglm_large,facebook/xglm-2.9B,40,paraphrase,138,0.9859718084335327
xglm_large,facebook/xglm-2.9B,40,paraphrase,139,0.983012318611145
xglm_large,facebook/xglm-2.9B,40,paraphrase,140,0.9827765226364136
xglm_large,facebook/xglm-2.9B,40,paraphrase,141,0.9866645336151123
xglm_large,facebook/xglm-2.9B,40,paraphrase,142,0.98628169298172
xglm_large,facebook/xglm-2.9B,40,paraphrase,143,0.9887305498123169
xglm_large,facebook/xglm-2.9B,40,paraphrase,144,0.9891982078552246
xglm_large,facebook/xglm-2.9B,40,paraphrase,145,0.989363431930542
xglm_large,facebook/xglm-2.9B,40,paraphrase,146,0.9851039052009583
xglm_large,facebook/xglm-2.9B,40,paraphrase,147,0.9809346199035645
xglm_large,facebook/xglm-2.9B,40,paraphrase,148,0.9822840690612793
xglm_large,facebook/xglm-2.9B,40,paraphrase,149,0.9862872958183289
xglm_large,facebook/xglm-2.9B,40,paraphrase,150,0.9877603054046631
xglm_large,facebook/xglm-2.9B,40,paraphrase,151,0.9909385442733765
xglm_large,facebook/xglm-2.9B,40,paraphrase,152,0.989096462726593
xglm_large,facebook/xglm-2.9B,40,paraphrase,153,0.9899832010269165
xglm_large,facebook/xglm-2.9B,40,paraphrase,154,0.9876669645309448
xglm_large,facebook/xglm-2.9B,40,paraphrase,155,0.9844302535057068
xglm_large,facebook/xglm-2.9B,40,paraphrase,156,0.9880520105361938
xglm_large,facebook/xglm-2.9B,40,paraphrase,157,0.9888179898262024
xglm_large,facebook/xglm-2.9B,40,paraphrase,158,0.9852924346923828
xglm_large,facebook/xglm-2.9B,40,paraphrase,159,0.9895075559616089
xglm_large,facebook/xglm-2.9B,40,paraphrase,160,0.9893072247505188
xglm_large,facebook/xglm-2.9B,40,paraphrase,161,0.9867614507675171
xglm_large,facebook/xglm-2.9B,40,paraphrase,162,0.9803128242492676
xglm_large,facebook/xglm-2.9B,40,paraphrase,163,0.9826590418815613
xglm_large,facebook/xglm-2.9B,40,paraphrase,164,0.993667721748352
xglm_large,facebook/xglm-2.9B,40,paraphrase,165,0.9897096157073975
xglm_large,facebook/xglm-2.9B,40,paraphrase,166,0.9890631437301636
xglm_large,facebook/xglm-2.9B,40,paraphrase,167,0.9863436222076416
xglm_large,facebook/xglm-2.9B,40,paraphrase,168,0.9863596558570862
xglm_large,facebook/xglm-2.9B,40,paraphrase,169,0.986111044883728
xglm_large,facebook/xglm-2.9B,40,paraphrase,170,0.9910329580307007
xglm_large,facebook/xglm-2.9B,40,paraphrase,171,0.9899477958679199
xglm_large,facebook/xglm-2.9B,40,paraphrase,172,0.9827134013175964
xglm_large,facebook/xglm-2.9B,40,paraphrase,173,0.9834979772567749
xglm_large,facebook/xglm-2.9B,40,paraphrase,174,0.9864960312843323
xglm_large,facebook/xglm-2.9B,40,paraphrase,175,0.9844784736633301
xglm_large,facebook/xglm-2.9B,40,paraphrase,176,0.9866300821304321
xglm_large,facebook/xglm-2.9B,40,paraphrase,177,0.9881566166877747
xglm_large,facebook/xglm-2.9B,40,paraphrase,178,0.9900891184806824
xglm_large,facebook/xglm-2.9B,40,paraphrase,179,0.9872856736183167
xglm_large,facebook/xglm-2.9B,40,paraphrase,180,0.9894446134567261
xglm_large,facebook/xglm-2.9B,40,paraphrase,181,0.9922810196876526
xglm_large,facebook/xglm-2.9B,40,paraphrase,182,0.9893783330917358
xglm_large,facebook/xglm-2.9B,40,paraphrase,183,0.9925026893615723
xglm_large,facebook/xglm-2.9B,40,paraphrase,184,0.9859349131584167
xglm_large,facebook/xglm-2.9B,40,paraphrase,185,0.9896825551986694
xglm_large,facebook/xglm-2.9B,40,paraphrase,186,0.9891119003295898
xglm_large,facebook/xglm-2.9B,40,paraphrase,187,0.9877176880836487
xglm_large,facebook/xglm-2.9B,40,paraphrase,188,0.9886751770973206
xglm_large,facebook/xglm-2.9B,40,paraphrase,189,0.988598644733429
xglm_large,facebook/xglm-2.9B,40,paraphrase,190,0.9833500385284424
xglm_large,facebook/xglm-2.9B,40,paraphrase,191,0.9908714294433594
xglm_large,facebook/xglm-2.9B,40,paraphrase,192,0.9915400743484497
xglm_large,facebook/xglm-2.9B,40,paraphrase,193,0.9918338060379028
xglm_large,facebook/xglm-2.9B,40,paraphrase,194,0.9933074116706848
xglm_large,facebook/xglm-2.9B,40,paraphrase,195,0.9842207431793213
xglm_large,facebook/xglm-2.9B,40,paraphrase,196,0.9916460514068604
xglm_large,facebook/xglm-2.9B,40,paraphrase,197,0.9879640936851501
xglm_large,facebook/xglm-2.9B,40,paraphrase,198,0.9898027777671814
xglm_large,facebook/xglm-2.9B,40,paraphrase,199,0.9868108630180359
xglm_large,facebook/xglm-2.9B,40,paraphrase,200,0.9864618182182312
xglm_large,facebook/xglm-2.9B,40,paraphrase,201,0.9916637539863586
xglm_large,facebook/xglm-2.9B,40,paraphrase,202,0.9857848286628723
xglm_large,facebook/xglm-2.9B,40,paraphrase,203,0.9855003356933594
xglm_large,facebook/xglm-2.9B,40,paraphrase,204,0.9927940964698792
xglm_large,facebook/xglm-2.9B,40,paraphrase,205,0.9889921545982361
xglm_large,facebook/xglm-2.9B,40,paraphrase,206,0.9870858788490295
xglm_large,facebook/xglm-2.9B,40,paraphrase,207,0.9890285730361938
xglm_large,facebook/xglm-2.9B,40,paraphrase,208,0.9844282269477844
xglm_large,facebook/xglm-2.9B,40,paraphrase,209,0.9883508086204529
xglm_large,facebook/xglm-2.9B,40,paraphrase,210,0.985222339630127
xglm_large,facebook/xglm-2.9B,40,paraphrase,211,0.9889621734619141
xglm_large,facebook/xglm-2.9B,40,paraphrase,212,0.9858172535896301
xglm_large,facebook/xglm-2.9B,40,paraphrase,213,0.9866037964820862
xglm_large,facebook/xglm-2.9B,40,paraphrase,214,0.9875460267066956
xglm_large,facebook/xglm-2.9B,40,paraphrase,215,0.9883167147636414
xglm_large,facebook/xglm-2.9B,40,paraphrase,216,0.986247181892395
xglm_large,facebook/xglm-2.9B,40,paraphrase,217,0.9878320693969727
xglm_large,facebook/xglm-2.9B,40,paraphrase,218,0.9878449440002441
xglm_large,facebook/xglm-2.9B,40,paraphrase,219,0.9874337911605835
xglm_large,facebook/xglm-2.9B,40,paraphrase,220,0.9855479001998901
xglm_large,facebook/xglm-2.9B,40,paraphrase,221,0.9894558191299438
xglm_large,facebook/xglm-2.9B,40,paraphrase,222,0.9876682758331299
xglm_large,facebook/xglm-2.9B,40,paraphrase,223,0.9898511171340942
xglm_large,facebook/xglm-2.9B,40,paraphrase,224,0.986005961894989
xglm_large,facebook/xglm-2.9B,40,paraphrase,225,0.9882059097290039
xglm_large,facebook/xglm-2.9B,40,paraphrase,226,0.9924360513687134
xglm_large,facebook/xglm-2.9B,40,paraphrase,227,0.9897168874740601
xglm_large,facebook/xglm-2.9B,40,paraphrase,228,0.9889301061630249
xglm_large,facebook/xglm-2.9B,40,paraphrase,229,0.9862937331199646
xglm_large,facebook/xglm-2.9B,40,paraphrase,230,0.9892741441726685
xglm_large,facebook/xglm-2.9B,40,paraphrase,231,0.9893729090690613
xglm_large,facebook/xglm-2.9B,40,paraphrase,232,0.9879653453826904
xglm_large,facebook/xglm-2.9B,40,paraphrase,233,0.9850088357925415
xglm_large,facebook/xglm-2.9B,40,paraphrase,234,0.9906759858131409
xglm_large,facebook/xglm-2.9B,40,paraphrase,235,0.9872229099273682
xglm_large,facebook/xglm-2.9B,40,paraphrase,236,0.9865013957023621
xglm_large,facebook/xglm-2.9B,40,paraphrase,237,0.9836998581886292
xglm_large,facebook/xglm-2.9B,40,paraphrase,238,0.9818728566169739
xglm_large,facebook/xglm-2.9B,40,paraphrase,239,0.9871246218681335
xglm_large,facebook/xglm-2.9B,40,paraphrase,240,0.9882519841194153
xglm_large,facebook/xglm-2.9B,40,paraphrase,241,0.9862151145935059
xglm_large,facebook/xglm-2.9B,40,paraphrase,242,0.9905270338058472
xglm_large,facebook/xglm-2.9B,40,paraphrase,243,0.9850437045097351
xglm_large,facebook/xglm-2.9B,40,paraphrase,244,0.986943244934082
xglm_large,facebook/xglm-2.9B,40,paraphrase,245,0.9925205707550049
xglm_large,facebook/xglm-2.9B,40,paraphrase,246,0.9883060455322266
xglm_large,facebook/xglm-2.9B,40,paraphrase,247,0.9966460466384888
xglm_large,facebook/xglm-2.9B,40,paraphrase,248,0.9870129823684692
xglm_large,facebook/xglm-2.9B,40,paraphrase,249,0.9909714460372925
xglm_large,facebook/xglm-2.9B,40,paraphrase,250,0.9837772846221924
xglm_large,facebook/xglm-2.9B,40,paraphrase,251,0.9898707866668701
xglm_large,facebook/xglm-2.9B,40,paraphrase,252,0.9905602931976318
xglm_large,facebook/xglm-2.9B,40,paraphrase,253,0.9889978766441345
xglm_large,facebook/xglm-2.9B,40,paraphrase,254,0.9888260364532471
xglm_large,facebook/xglm-2.9B,40,paraphrase,255,0.9797475337982178
xglm_large,facebook/xglm-2.9B,40,paraphrase,256,0.9847038388252258
xglm_large,facebook/xglm-2.9B,40,paraphrase,257,0.9877458214759827
xglm_large,facebook/xglm-2.9B,40,paraphrase,258,0.9883899092674255
xglm_large,facebook/xglm-2.9B,40,paraphrase,259,0.9909746050834656
xglm_large,facebook/xglm-2.9B,40,paraphrase,260,0.987092912197113
xglm_large,facebook/xglm-2.9B,40,paraphrase,261,0.9878474473953247
xglm_large,facebook/xglm-2.9B,40,paraphrase,262,0.9936014413833618
xglm_large,facebook/xglm-2.9B,40,paraphrase,263,0.9897918105125427
xglm_large,facebook/xglm-2.9B,40,paraphrase,264,0.984847903251648
xglm_large,facebook/xglm-2.9B,40,paraphrase,265,0.9898766279220581
xglm_large,facebook/xglm-2.9B,40,paraphrase,266,0.9860901236534119
xglm_large,facebook/xglm-2.9B,40,paraphrase,267,0.9854796528816223
xglm_large,facebook/xglm-2.9B,40,paraphrase,268,0.9802389740943909
xglm_large,facebook/xglm-2.9B,40,paraphrase,269,0.9826729893684387
xglm_large,facebook/xglm-2.9B,40,paraphrase,270,0.9872962832450867
xglm_large,facebook/xglm-2.9B,40,paraphrase,271,0.988949716091156
xglm_large,facebook/xglm-2.9B,40,paraphrase,272,0.985541820526123
xglm_large,facebook/xglm-2.9B,40,paraphrase,273,0.9878492951393127
xglm_large,facebook/xglm-2.9B,40,paraphrase,274,0.9896801114082336
xglm_large,facebook/xglm-2.9B,40,paraphrase,275,0.9939643144607544
xglm_large,facebook/xglm-2.9B,40,paraphrase,276,0.9886301755905151
xglm_large,facebook/xglm-2.9B,40,paraphrase,277,0.9860090017318726
xglm_large,facebook/xglm-2.9B,40,paraphrase,278,0.9869076609611511
xglm_large,facebook/xglm-2.9B,40,paraphrase,279,0.9855868220329285
xglm_large,facebook/xglm-2.9B,40,paraphrase,280,0.9878812432289124
xglm_large,facebook/xglm-2.9B,40,paraphrase,281,0.9917212128639221
xglm_large,facebook/xglm-2.9B,40,paraphrase,282,0.9896448850631714
xglm_large,facebook/xglm-2.9B,40,paraphrase,283,0.9860806465148926
xglm_large,facebook/xglm-2.9B,40,paraphrase,284,0.9883540868759155
xglm_large,facebook/xglm-2.9B,40,paraphrase,285,0.984939694404602
xglm_large,facebook/xglm-2.9B,40,paraphrase,286,0.989890992641449
xglm_large,facebook/xglm-2.9B,40,paraphrase,287,0.9913626909255981
xglm_large,facebook/xglm-2.9B,40,paraphrase,288,0.9907086491584778
xglm_large,facebook/xglm-2.9B,40,paraphrase,289,0.9887670874595642
xglm_large,facebook/xglm-2.9B,40,paraphrase,290,0.9880977869033813
xglm_large,facebook/xglm-2.9B,40,paraphrase,291,0.9924250841140747
xglm_large,facebook/xglm-2.9B,40,paraphrase,292,0.9920979738235474
xglm_large,facebook/xglm-2.9B,40,paraphrase,293,0.9921090006828308
xglm_large,facebook/xglm-2.9B,40,paraphrase,294,0.9874082207679749
xglm_large,facebook/xglm-2.9B,40,paraphrase,295,0.9935555458068848
xglm_large,facebook/xglm-2.9B,40,paraphrase,296,0.9883952140808105
xglm_large,facebook/xglm-2.9B,40,paraphrase,297,0.992519736289978
xglm_large,facebook/xglm-2.9B,40,paraphrase,298,0.9901617169380188
xglm_large,facebook/xglm-2.9B,40,paraphrase,299,0.9883420467376709
xglm_large,facebook/xglm-2.9B,40,paraphrase,300,0.9923158288002014
xglm_large,facebook/xglm-2.9B,40,paraphrase,301,0.9841365218162537
xglm_large,facebook/xglm-2.9B,40,paraphrase,302,0.992368221282959
xglm_large,facebook/xglm-2.9B,40,paraphrase,303,0.9866090416908264
xglm_large,facebook/xglm-2.9B,40,paraphrase,304,0.9917323589324951
xglm_large,facebook/xglm-2.9B,40,paraphrase,305,0.9884440898895264
xglm_large,facebook/xglm-2.9B,40,paraphrase,306,0.9882477521896362
xglm_large,facebook/xglm-2.9B,40,paraphrase,307,0.9910234212875366
xglm_large,facebook/xglm-2.9B,40,paraphrase,308,0.9922311305999756
xglm_large,facebook/xglm-2.9B,40,paraphrase,309,0.9940707087516785
xglm_large,facebook/xglm-2.9B,40,paraphrase,310,0.9932370185852051
xglm_large,facebook/xglm-2.9B,40,paraphrase,311,0.9880991578102112
xglm_large,facebook/xglm-2.9B,40,paraphrase,312,0.9953873753547668
xglm_large,facebook/xglm-2.9B,40,paraphrase,313,0.9892153143882751
xglm_large,facebook/xglm-2.9B,40,paraphrase,314,0.9889823198318481
xglm_large,facebook/xglm-2.9B,40,paraphrase,315,0.9927381873130798
xglm_large,facebook/xglm-2.9B,40,paraphrase,316,0.9904254078865051
xglm_large,facebook/xglm-2.9B,40,paraphrase,317,0.9895250201225281
xglm_large,facebook/xglm-2.9B,40,paraphrase,318,0.9875640273094177
xglm_large,facebook/xglm-2.9B,40,paraphrase,319,0.9855279922485352
xglm_large,facebook/xglm-2.9B,40,paraphrase,320,0.9875568151473999
xglm_large,facebook/xglm-2.9B,40,paraphrase,321,0.9922937750816345
xglm_large,facebook/xglm-2.9B,40,paraphrase,322,0.9821542501449585
xglm_large,facebook/xglm-2.9B,40,paraphrase,323,0.9867120385169983
xglm_large,facebook/xglm-2.9B,40,paraphrase,324,0.984889030456543
xglm_large,facebook/xglm-2.9B,40,paraphrase,325,0.9843320250511169
xglm_large,facebook/xglm-2.9B,40,paraphrase,326,0.9867258667945862
xglm_large,facebook/xglm-2.9B,40,paraphrase,327,0.9866213798522949
xglm_large,facebook/xglm-2.9B,40,paraphrase,328,0.9892954230308533
xglm_large,facebook/xglm-2.9B,40,paraphrase,329,0.9914851188659668
xglm_large,facebook/xglm-2.9B,40,paraphrase,330,0.9889323711395264
xglm_large,facebook/xglm-2.9B,40,paraphrase,331,0.9916678667068481
xglm_large,facebook/xglm-2.9B,40,paraphrase,332,0.9919542074203491
xglm_large,facebook/xglm-2.9B,40,paraphrase,333,0.9920781254768372
xglm_large,facebook/xglm-2.9B,40,paraphrase,334,0.9957318902015686
xglm_large,facebook/xglm-2.9B,40,paraphrase,335,0.98674076795578
xglm_large,facebook/xglm-2.9B,40,paraphrase,336,0.9899958372116089
xglm_large,facebook/xglm-2.9B,40,paraphrase,337,0.9834777116775513
xglm_large,facebook/xglm-2.9B,40,paraphrase,338,0.9921972155570984
xglm_large,facebook/xglm-2.9B,40,paraphrase,339,0.9842650294303894
xglm_large,facebook/xglm-2.9B,40,paraphrase,340,0.9879319667816162
xglm_large,facebook/xglm-2.9B,40,paraphrase,341,0.9906508326530457
xglm_large,facebook/xglm-2.9B,40,paraphrase,342,0.982906699180603
xglm_large,facebook/xglm-2.9B,40,paraphrase,343,0.9821640253067017
xglm_large,facebook/xglm-2.9B,40,paraphrase,344,0.9837241768836975
xglm_large,facebook/xglm-2.9B,40,paraphrase,345,0.9846654534339905
xglm_large,facebook/xglm-2.9B,40,paraphrase,346,0.9869515299797058
xglm_large,facebook/xglm-2.9B,40,paraphrase,347,0.9866331219673157
xglm_large,facebook/xglm-2.9B,40,paraphrase,348,0.9818851351737976
xglm_large,facebook/xglm-2.9B,40,paraphrase,349,0.9907890558242798
xglm_large,facebook/xglm-2.9B,40,paraphrase,350,0.9867129325866699
xglm_large,facebook/xglm-2.9B,40,paraphrase,351,0.9902887344360352
xglm_large,facebook/xglm-2.9B,40,paraphrase,352,0.9844028949737549
xglm_large,facebook/xglm-2.9B,40,paraphrase,353,0.9856504797935486
xglm_large,facebook/xglm-2.9B,40,paraphrase,354,0.9912284016609192
xglm_large,facebook/xglm-2.9B,40,paraphrase,355,0.985772967338562
xglm_large,facebook/xglm-2.9B,40,paraphrase,356,0.9898561835289001
xglm_large,facebook/xglm-2.9B,40,paraphrase,357,0.9937066435813904
xglm_large,facebook/xglm-2.9B,40,paraphrase,358,0.9864542484283447
xglm_large,facebook/xglm-2.9B,40,paraphrase,359,0.985260009765625
xglm_large,facebook/xglm-2.9B,40,paraphrase,360,0.9878916144371033
xglm_large,facebook/xglm-2.9B,40,paraphrase,361,0.986968457698822
xglm_large,facebook/xglm-2.9B,40,paraphrase,362,0.9908984899520874
xglm_large,facebook/xglm-2.9B,40,paraphrase,363,0.9891607761383057
xglm_large,facebook/xglm-2.9B,40,paraphrase,364,0.9903582334518433
xglm_large,facebook/xglm-2.9B,40,paraphrase,365,0.9884718656539917
xglm_large,facebook/xglm-2.9B,40,paraphrase,366,0.9864336252212524
xglm_large,facebook/xglm-2.9B,40,paraphrase,367,0.9926859140396118
xglm_large,facebook/xglm-2.9B,40,paraphrase,368,0.9883741736412048
xglm_large,facebook/xglm-2.9B,40,paraphrase,369,0.9800460934638977
xglm_large,facebook/xglm-2.9B,40,paraphrase,370,0.9883558750152588
xglm_large,facebook/xglm-2.9B,40,paraphrase,371,0.9856683015823364
xglm_large,facebook/xglm-2.9B,40,paraphrase,372,0.9906044006347656
xglm_large,facebook/xglm-2.9B,40,paraphrase,373,0.9856970310211182
xglm_large,facebook/xglm-2.9B,40,paraphrase,374,0.9859059453010559
xglm_large,facebook/xglm-2.9B,40,paraphrase,375,0.9846220016479492
xglm_large,facebook/xglm-2.9B,40,paraphrase,376,0.9871515035629272
xglm_large,facebook/xglm-2.9B,40,paraphrase,377,0.9899922609329224
xglm_large,facebook/xglm-2.9B,40,paraphrase,378,0.9903959035873413
xglm_large,facebook/xglm-2.9B,40,paraphrase,379,0.9899653196334839
xglm_large,facebook/xglm-2.9B,40,paraphrase,380,0.9953372478485107
xglm_large,facebook/xglm-2.9B,40,paraphrase,381,0.9900563359260559
xglm_large,facebook/xglm-2.9B,40,paraphrase,382,0.9802630543708801
xglm_large,facebook/xglm-2.9B,40,paraphrase,383,0.9833871126174927
xglm_large,facebook/xglm-2.9B,40,paraphrase,384,0.986401379108429
xglm_large,facebook/xglm-2.9B,40,paraphrase,385,0.9850601553916931
xglm_large,facebook/xglm-2.9B,40,paraphrase,386,0.9866458773612976
xglm_large,facebook/xglm-2.9B,40,paraphrase,387,0.985615074634552
xglm_large,facebook/xglm-2.9B,40,paraphrase,388,0.9871671199798584
xglm_large,facebook/xglm-2.9B,40,paraphrase,389,0.9904381036758423
xglm_large,facebook/xglm-2.9B,40,paraphrase,390,0.9892922639846802
xglm_large,facebook/xglm-2.9B,40,paraphrase,391,0.990912139415741
xglm_large,facebook/xglm-2.9B,40,paraphrase,392,0.9886186122894287
xglm_large,facebook/xglm-2.9B,40,paraphrase,393,0.9908619523048401
xglm_large,facebook/xglm-2.9B,40,paraphrase,394,0.9852452874183655
xglm_large,facebook/xglm-2.9B,40,paraphrase,395,0.9922459125518799
xglm_large,facebook/xglm-2.9B,40,paraphrase,396,0.989345908164978
xglm_large,facebook/xglm-2.9B,40,paraphrase,397,0.9909204244613647
xglm_large,facebook/xglm-2.9B,40,paraphrase,398,0.9837353229522705
xglm_large,facebook/xglm-2.9B,40,paraphrase,399,0.984479546546936
xglm_large,facebook/xglm-2.9B,40,paraphrase,400,0.9870139956474304
xglm_large,facebook/xglm-2.9B,40,paraphrase,401,0.9855353832244873
xglm_large,facebook/xglm-2.9B,40,paraphrase,402,0.9886284470558167
xglm_large,facebook/xglm-2.9B,40,paraphrase,403,0.9882503747940063
xglm_large,facebook/xglm-2.9B,40,paraphrase,404,0.9893315434455872
xglm_large,facebook/xglm-2.9B,40,paraphrase,405,0.9891906976699829
xglm_large,facebook/xglm-2.9B,40,paraphrase,406,0.9836798310279846
xglm_large,facebook/xglm-2.9B,40,paraphrase,407,0.9903004169464111
xglm_large,facebook/xglm-2.9B,40,paraphrase,408,0.9855577349662781
xglm_large,facebook/xglm-2.9B,40,paraphrase,409,0.9850338697433472
xglm_large,facebook/xglm-2.9B,40,paraphrase,410,0.9884181022644043
xglm_large,facebook/xglm-2.9B,40,paraphrase,411,0.9829165935516357
xglm_large,facebook/xglm-2.9B,40,paraphrase,412,0.9876368045806885
xglm_large,facebook/xglm-2.9B,40,paraphrase,413,0.9873923659324646
xglm_large,facebook/xglm-2.9B,40,paraphrase,414,0.9857304096221924
xglm_large,facebook/xglm-2.9B,40,paraphrase,415,0.9880011081695557
xglm_large,facebook/xglm-2.9B,40,paraphrase,416,0.9860387444496155
xglm_large,facebook/xglm-2.9B,40,paraphrase,417,0.9822916984558105
xglm_large,facebook/xglm-2.9B,40,paraphrase,418,0.989861249923706
xglm_large,facebook/xglm-2.9B,40,paraphrase,419,0.9894402623176575
xglm_large,facebook/xglm-2.9B,40,paraphrase,420,0.9867004156112671
xglm_large,facebook/xglm-2.9B,40,paraphrase,421,0.9853706955909729
xglm_large,facebook/xglm-2.9B,40,paraphrase,422,0.9859446287155151
xglm_large,facebook/xglm-2.9B,40,paraphrase,423,0.9876288771629333
xglm_large,facebook/xglm-2.9B,40,paraphrase,424,0.9830692410469055
xglm_large,facebook/xglm-2.9B,40,paraphrase,425,0.9882621169090271
xglm_large,facebook/xglm-2.9B,40,paraphrase,426,0.9879641532897949
xglm_large,facebook/xglm-2.9B,40,paraphrase,427,0.9913141131401062
xglm_large,facebook/xglm-2.9B,40,paraphrase,428,0.9863885641098022
xglm_large,facebook/xglm-2.9B,40,paraphrase,429,0.9846243262290955
xglm_large,facebook/xglm-2.9B,40,paraphrase,430,0.9847109317779541
xglm_large,facebook/xglm-2.9B,40,paraphrase,431,0.9898574948310852
xglm_large,facebook/xglm-2.9B,40,paraphrase,432,0.9899822473526001
xglm_large,facebook/xglm-2.9B,40,paraphrase,433,0.9894794225692749
xglm_large,facebook/xglm-2.9B,40,paraphrase,434,0.992062509059906
xglm_large,facebook/xglm-2.9B,40,paraphrase,435,0.9904593825340271
xglm_large,facebook/xglm-2.9B,40,paraphrase,436,0.9905675053596497
xglm_large,facebook/xglm-2.9B,40,paraphrase,437,0.9929168820381165
xglm_large,facebook/xglm-2.9B,40,paraphrase,438,0.9892565608024597
xglm_large,facebook/xglm-2.9B,40,paraphrase,439,0.9779288172721863
xglm_large,facebook/xglm-2.9B,40,paraphrase,440,0.9927801489830017
xglm_large,facebook/xglm-2.9B,40,paraphrase,441,0.9892115592956543
xglm_large,facebook/xglm-2.9B,40,paraphrase,442,0.9871042370796204
xglm_large,facebook/xglm-2.9B,40,paraphrase,443,0.9848458170890808
xglm_large,facebook/xglm-2.9B,40,paraphrase,444,0.9834210872650146
xglm_large,facebook/xglm-2.9B,40,paraphrase,445,0.9904800653457642
xglm_large,facebook/xglm-2.9B,40,paraphrase,446,0.9817897081375122
xglm_large,facebook/xglm-2.9B,40,paraphrase,447,0.9933940768241882
xglm_large,facebook/xglm-2.9B,40,paraphrase,448,0.989150881767273
xglm_large,facebook/xglm-2.9B,40,paraphrase,449,0.9875695705413818
xglm_large,facebook/xglm-2.9B,40,paraphrase,450,0.9911227822303772
xglm_large,facebook/xglm-2.9B,40,paraphrase,451,0.9861321449279785
xglm_large,facebook/xglm-2.9B,40,paraphrase,452,0.9917545318603516
xglm_large,facebook/xglm-2.9B,40,paraphrase,453,0.9898964166641235
xglm_large,facebook/xglm-2.9B,40,paraphrase,454,0.9885076284408569
xglm_large,facebook/xglm-2.9B,40,paraphrase,455,0.9865579605102539
xglm_large,facebook/xglm-2.9B,40,paraphrase,456,0.9920761585235596
xglm_large,facebook/xglm-2.9B,40,paraphrase,457,0.9908884167671204
xglm_large,facebook/xglm-2.9B,40,paraphrase,458,0.9904627203941345
xglm_large,facebook/xglm-2.9B,40,paraphrase,459,0.9871770143508911
xglm_large,facebook/xglm-2.9B,40,paraphrase,460,0.9905853271484375
xglm_large,facebook/xglm-2.9B,40,paraphrase,461,0.9875576496124268
xglm_large,facebook/xglm-2.9B,40,paraphrase,462,0.9894234538078308
xglm_large,facebook/xglm-2.9B,40,paraphrase,463,0.987837016582489
xglm_large,facebook/xglm-2.9B,40,paraphrase,464,0.9882940053939819
xglm_large,facebook/xglm-2.9B,40,paraphrase,465,0.9858716130256653
xglm_large,facebook/xglm-2.9B,40,paraphrase,466,0.9881550073623657
xglm_large,facebook/xglm-2.9B,40,paraphrase,467,0.9894669651985168
xglm_large,facebook/xglm-2.9B,40,paraphrase,468,0.9872849583625793
xglm_large,facebook/xglm-2.9B,40,paraphrase,469,0.9861135482788086
xglm_large,facebook/xglm-2.9B,40,paraphrase,470,0.9907336235046387
xglm_large,facebook/xglm-2.9B,40,paraphrase,471,0.986884355545044
xglm_large,facebook/xglm-2.9B,40,paraphrase,472,0.9861178398132324
xglm_large,facebook/xglm-2.9B,40,paraphrase,473,0.9888675212860107
xglm_large,facebook/xglm-2.9B,40,paraphrase,474,0.9894212484359741
xglm_large,facebook/xglm-2.9B,40,paraphrase,475,0.9931954741477966
xglm_large,facebook/xglm-2.9B,40,paraphrase,476,0.9878401160240173
xglm_large,facebook/xglm-2.9B,40,paraphrase,477,0.9894397258758545
xglm_large,facebook/xglm-2.9B,40,paraphrase,478,0.984798789024353
xglm_large,facebook/xglm-2.9B,40,paraphrase,479,0.9921966195106506
xglm_large,facebook/xglm-2.9B,40,paraphrase,480,0.9855450987815857
xglm_large,facebook/xglm-2.9B,40,paraphrase,481,0.9903882145881653
xglm_large,facebook/xglm-2.9B,40,paraphrase,482,0.9888594746589661
xglm_large,facebook/xglm-2.9B,40,paraphrase,483,0.9902878403663635
xglm_large,facebook/xglm-2.9B,40,paraphrase,484,0.985381007194519
xglm_large,facebook/xglm-2.9B,40,paraphrase,485,0.9829995632171631
xglm_large,facebook/xglm-2.9B,40,paraphrase,486,0.983550488948822
xglm_large,facebook/xglm-2.9B,40,paraphrase,487,0.9920306205749512
xglm_large,facebook/xglm-2.9B,40,paraphrase,488,0.9879977703094482
xglm_large,facebook/xglm-2.9B,40,paraphrase,489,0.9879152774810791
xglm_large,facebook/xglm-2.9B,40,paraphrase,490,0.9909172654151917
xglm_large,facebook/xglm-2.9B,40,paraphrase,491,0.9908758401870728
xglm_large,facebook/xglm-2.9B,40,paraphrase,492,0.985724925994873
xglm_large,facebook/xglm-2.9B,40,paraphrase,493,0.9897527694702148
xglm_large,facebook/xglm-2.9B,40,paraphrase,494,0.9840382933616638
xglm_large,facebook/xglm-2.9B,40,paraphrase,495,0.992708146572113
xglm_large,facebook/xglm-2.9B,40,paraphrase,496,0.9894877076148987
xglm_large,facebook/xglm-2.9B,40,paraphrase,497,0.9903281927108765
xglm_large,facebook/xglm-2.9B,40,paraphrase,498,0.9887449145317078
xglm_large,facebook/xglm-2.9B,40,paraphrase,499,0.9811858534812927
xglm_large,facebook/xglm-2.9B,40,paraphrase,500,0.9889851212501526
xglm_large,facebook/xglm-2.9B,40,paraphrase,501,0.9879858493804932
xglm_large,facebook/xglm-2.9B,40,paraphrase,502,0.9871559143066406
xglm_large,facebook/xglm-2.9B,40,paraphrase,503,0.9872015118598938
xglm_large,facebook/xglm-2.9B,40,paraphrase,504,0.9897002577781677
xglm_large,facebook/xglm-2.9B,40,paraphrase,505,0.988469123840332
xglm_large,facebook/xglm-2.9B,40,paraphrase,506,0.9832628965377808
xglm_large,facebook/xglm-2.9B,40,paraphrase,507,0.9899818897247314
xglm_large,facebook/xglm-2.9B,40,paraphrase,508,0.9882597923278809
xglm_large,facebook/xglm-2.9B,40,paraphrase,509,0.9873641729354858
xglm_large,facebook/xglm-2.9B,40,paraphrase,510,0.9892950057983398
xglm_large,facebook/xglm-2.9B,40,paraphrase,511,0.9881818294525146
xglm_large,facebook/xglm-2.9B,40,paraphrase,512,0.9866415858268738
xglm_large,facebook/xglm-2.9B,40,paraphrase,513,0.9899587035179138
xglm_large,facebook/xglm-2.9B,40,paraphrase,514,0.9896870255470276
xglm_large,facebook/xglm-2.9B,40,paraphrase,515,0.9880229234695435
xglm_large,facebook/xglm-2.9B,40,paraphrase,516,0.9870191812515259
xglm_large,facebook/xglm-2.9B,40,paraphrase,517,0.9870049953460693
xglm_large,facebook/xglm-2.9B,40,paraphrase,518,0.9871106147766113
xglm_large,facebook/xglm-2.9B,40,paraphrase,519,0.9867086410522461
xglm_large,facebook/xglm-2.9B,40,paraphrase,520,0.9866175651550293
xglm_large,facebook/xglm-2.9B,40,paraphrase,521,0.9885615110397339
xglm_large,facebook/xglm-2.9B,40,paraphrase,522,0.9916366338729858
xglm_large,facebook/xglm-2.9B,40,paraphrase,523,0.9885355830192566
xglm_large,facebook/xglm-2.9B,40,paraphrase,524,0.9919918179512024
xglm_large,facebook/xglm-2.9B,40,paraphrase,525,0.9861159324645996
xglm_large,facebook/xglm-2.9B,40,paraphrase,526,0.9900539517402649
xglm_large,facebook/xglm-2.9B,40,paraphrase,527,0.9920791387557983
xglm_large,facebook/xglm-2.9B,40,paraphrase,528,0.9919835329055786
xglm_large,facebook/xglm-2.9B,40,paraphrase,529,0.9893330335617065
xglm_large,facebook/xglm-2.9B,40,paraphrase,530,0.989393949508667
xglm_large,facebook/xglm-2.9B,40,paraphrase,531,0.988891065120697
xglm_large,facebook/xglm-2.9B,40,paraphrase,532,0.9903724789619446
xglm_large,facebook/xglm-2.9B,40,paraphrase,533,0.9778039455413818
xglm_large,facebook/xglm-2.9B,40,paraphrase,534,0.9922419190406799
xglm_large,facebook/xglm-2.9B,40,paraphrase,535,0.9891552925109863
xglm_large,facebook/xglm-2.9B,40,paraphrase,536,0.9868658781051636
xglm_large,facebook/xglm-2.9B,40,paraphrase,537,0.9905903935432434
xglm_large,facebook/xglm-2.9B,40,paraphrase,538,0.987828254699707
xglm_large,facebook/xglm-2.9B,40,paraphrase,539,0.9841585159301758
xglm_large,facebook/xglm-2.9B,40,paraphrase,540,0.9872156381607056
xglm_large,facebook/xglm-2.9B,40,paraphrase,541,0.9897370934486389
xglm_large,facebook/xglm-2.9B,40,paraphrase,542,0.988597571849823
xglm_large,facebook/xglm-2.9B,40,paraphrase,543,0.9764788746833801
xglm_large,facebook/xglm-2.9B,40,paraphrase,544,0.9840837717056274
xglm_large,facebook/xglm-2.9B,40,paraphrase,545,0.9842463731765747
xglm_large,facebook/xglm-2.9B,40,paraphrase,546,0.9920030236244202
xglm_large,facebook/xglm-2.9B,40,paraphrase,547,0.9880132675170898
xglm_large,facebook/xglm-2.9B,40,paraphrase,548,0.9857548475265503
xglm_large,facebook/xglm-2.9B,40,paraphrase,549,0.994617760181427
xglm_large,facebook/xglm-2.9B,40,paraphrase,550,0.991449236869812
xglm_large,facebook/xglm-2.9B,40,paraphrase,551,0.9864016175270081
xglm_large,facebook/xglm-2.9B,40,paraphrase,552,0.9923418164253235
xglm_large,facebook/xglm-2.9B,40,paraphrase,553,0.9830272197723389
xglm_large,facebook/xglm-2.9B,40,paraphrase,554,0.9890212416648865
xglm_large,facebook/xglm-2.9B,40,paraphrase,555,0.9872786402702332
xglm_large,facebook/xglm-2.9B,40,paraphrase,556,0.9894106984138489
xglm_large,facebook/xglm-2.9B,40,paraphrase,557,0.9883285164833069
xglm_large,facebook/xglm-2.9B,40,paraphrase,558,0.9860227108001709
xglm_large,facebook/xglm-2.9B,40,paraphrase,559,0.9899670481681824
xglm_large,facebook/xglm-2.9B,40,paraphrase,560,0.9889938235282898
xglm_large,facebook/xglm-2.9B,40,paraphrase,561,0.9911138415336609
xglm_large,facebook/xglm-2.9B,40,paraphrase,562,0.9883108139038086
xglm_large,facebook/xglm-2.9B,40,paraphrase,563,0.9912799596786499
xglm_large,facebook/xglm-2.9B,40,paraphrase,564,0.9881405830383301
xglm_large,facebook/xglm-2.9B,40,paraphrase,565,0.9926654696464539
xglm_large,facebook/xglm-2.9B,40,paraphrase,566,0.9927394390106201
xglm_large,facebook/xglm-2.9B,40,paraphrase,567,0.9885855913162231
xglm_large,facebook/xglm-2.9B,40,paraphrase,568,0.9862310290336609
xglm_large,facebook/xglm-2.9B,40,paraphrase,569,0.9917142391204834
xglm_large,facebook/xglm-2.9B,40,paraphrase,570,0.9911672472953796
xglm_large,facebook/xglm-2.9B,40,paraphrase,571,0.9890794157981873
xglm_large,facebook/xglm-2.9B,40,paraphrase,572,0.9938434958457947
xglm_large,facebook/xglm-2.9B,40,paraphrase,573,0.9890927672386169
xglm_large,facebook/xglm-2.9B,40,paraphrase,574,0.9878493547439575
xglm_large,facebook/xglm-2.9B,40,paraphrase,575,0.9859798550605774
xglm_large,facebook/xglm-2.9B,40,paraphrase,576,0.9887600541114807
xglm_large,facebook/xglm-2.9B,40,paraphrase,577,0.9893054962158203
xglm_large,facebook/xglm-2.9B,40,paraphrase,578,0.9855085015296936
xglm_large,facebook/xglm-2.9B,40,paraphrase,579,0.9898028373718262
xglm_large,facebook/xglm-2.9B,40,paraphrase,580,0.989534854888916
xglm_large,facebook/xglm-2.9B,40,paraphrase,581,0.9904348254203796
xglm_large,facebook/xglm-2.9B,40,paraphrase,582,0.9843007326126099
xglm_large,facebook/xglm-2.9B,40,paraphrase,583,0.9924959540367126
xglm_large,facebook/xglm-2.9B,40,paraphrase,584,0.988953709602356
xglm_large,facebook/xglm-2.9B,40,paraphrase,585,0.9905436038970947
xglm_large,facebook/xglm-2.9B,40,paraphrase,586,0.9895656108856201
xglm_large,facebook/xglm-2.9B,40,paraphrase,587,0.99128258228302
xglm_large,facebook/xglm-2.9B,40,paraphrase,588,0.9939637184143066
xglm_large,facebook/xglm-2.9B,40,paraphrase,589,0.99129319190979
xglm_large,facebook/xglm-2.9B,40,paraphrase,590,0.9915615916252136
xglm_large,facebook/xglm-2.9B,40,paraphrase,591,0.9884096384048462
xglm_large,facebook/xglm-2.9B,40,paraphrase,592,0.9895414710044861
xglm_large,facebook/xglm-2.9B,40,paraphrase,593,0.9835379123687744
xglm_large,facebook/xglm-2.9B,40,paraphrase,594,0.9904680252075195
xglm_large,facebook/xglm-2.9B,40,paraphrase,595,0.9902757406234741
xglm_large,facebook/xglm-2.9B,40,paraphrase,596,0.9898164868354797
xglm_large,facebook/xglm-2.9B,40,paraphrase,597,0.9905800223350525
xglm_large,facebook/xglm-2.9B,40,paraphrase,598,0.9861649870872498
xglm_large,facebook/xglm-2.9B,40,paraphrase,599,0.9861763715744019
xglm_large,facebook/xglm-2.9B,40,paraphrase,600,0.991682231426239
xglm_large,facebook/xglm-2.9B,40,paraphrase,601,0.9863467812538147
xglm_large,facebook/xglm-2.9B,40,paraphrase,602,0.9905471205711365
xglm_large,facebook/xglm-2.9B,40,paraphrase,603,0.9890952110290527
xglm_large,facebook/xglm-2.9B,40,paraphrase,604,0.9904130101203918
xglm_large,facebook/xglm-2.9B,40,paraphrase,605,0.9883449077606201
xglm_large,facebook/xglm-2.9B,40,paraphrase,606,0.986345648765564
xglm_large,facebook/xglm-2.9B,40,paraphrase,607,0.9874739646911621
xglm_large,facebook/xglm-2.9B,40,paraphrase,608,0.9843684434890747
xglm_large,facebook/xglm-2.9B,40,paraphrase,609,0.9830428957939148
xglm_large,facebook/xglm-2.9B,40,paraphrase,610,0.9880843162536621
xglm_large,facebook/xglm-2.9B,40,paraphrase,611,0.9878668785095215
xglm_large,facebook/xglm-2.9B,40,paraphrase,612,0.9862703084945679
xglm_large,facebook/xglm-2.9B,40,paraphrase,613,0.9797083139419556
xglm_large,facebook/xglm-2.9B,40,paraphrase,614,0.9879252910614014
xglm_large,facebook/xglm-2.9B,40,paraphrase,615,0.9830447435379028
xglm_large,facebook/xglm-2.9B,40,paraphrase,616,0.9863168001174927
xglm_large,facebook/xglm-2.9B,40,paraphrase,617,0.9823974370956421
xglm_large,facebook/xglm-2.9B,40,paraphrase,618,0.9881006479263306
xglm_large,facebook/xglm-2.9B,40,paraphrase,619,0.993900716304779
xglm_large,facebook/xglm-2.9B,40,paraphrase,620,0.9852067232131958
xglm_large,facebook/xglm-2.9B,40,paraphrase,621,0.9862287044525146
xglm_large,facebook/xglm-2.9B,40,paraphrase,622,0.9887715578079224
xglm_large,facebook/xglm-2.9B,40,paraphrase,623,0.9884976744651794
xglm_large,facebook/xglm-2.9B,40,paraphrase,624,0.9871433973312378
xglm_large,facebook/xglm-2.9B,40,paraphrase,625,0.9958102703094482
xglm_large,facebook/xglm-2.9B,40,paraphrase,626,0.9872562885284424
xglm_large,facebook/xglm-2.9B,40,1LocalWordSwap,0,0.9839814901351929
xglm_large,facebook/xglm-2.9B,40,1LocalWordSwap,1,0.9808482527732849
xglm_large,facebook/xglm-2.9B,40,1LocalWordSwap,2,0.9804795384407043
xglm_large,facebook/xglm-2.9B,40,1LocalWordSwap,3,0.9819995164871216
xglm_large,facebook/xglm-2.9B,40,1LocalWordSwap,4,0.9811487197875977
xglm_large,facebook/xglm-2.9B,40,1LocalWordSwap,5,0.9992419481277466
xglm_large,facebook/xglm-2.9B,40,1LocalWordSwap,6,0.9864356517791748
xglm_large,facebook/xglm-2.9B,40,1LocalWordSwap,7,0.9892841577529907
xglm_large,facebook/xglm-2.9B,40,1LocalWordSwap,8,0.9859961867332458
xglm_large,facebook/xglm-2.9B,40,1LocalWordSwap,9,0.9852006435394287
xglm_large,facebook/xglm-2.9B,40,1LocalWordSwap,10,0.987907350063324
xglm_large,facebook/xglm-2.9B,40,1LocalWordSwap,11,0.9875770807266235
xglm_large,facebook/xglm-2.9B,40,1LocalWordSwap,12,0.9915004968643188
xglm_large,facebook/xglm-2.9B,40,1LocalWordSwap,13,0.982887864112854
xglm_large,facebook/xglm-2.9B,40,1LocalWordSwap,14,0.9854339957237244
xglm_large,facebook/xglm-2.9B,40,1LocalWordSwap,15,0.9861704111099243
xglm_large,facebook/xglm-2.9B,40,1LocalWordSwap,16,0.9870275855064392
xglm_large,facebook/xglm-2.9B,40,1LocalWordSwap,17,0.9848827719688416
xglm_large,facebook/xglm-2.9B,40,1LocalWordSwap,18,0.9876593351364136
xglm_large,facebook/xglm-2.9B,40,1LocalWordSwap,19,0.999708890914917
xglm_large,facebook/xglm-2.9B,40,1LocalWordSwap,20,0.9997499585151672
xglm_large,facebook/xglm-2.9B,40,1LocalWordSwap,21,0.9808497428894043
xglm_large,facebook/xglm-2.9B,40,1LocalWordSwap,22,0.9842643141746521
xglm_large,facebook/xglm-2.9B,40,1LocalWordSwap,23,0.9993884563446045
xglm_large,facebook/xglm-2.9B,40,1LocalWordSwap,24,0.9900755286216736
xglm_large,facebook/xglm-2.9B,40,1LocalWordSwap,25,0.9856128692626953
xglm_large,facebook/xglm-2.9B,40,1LocalWordSwap,26,0.9847465753555298
xglm_large,facebook/xglm-2.9B,40,1LocalWordSwap,27,0.9887548089027405
xglm_large,facebook/xglm-2.9B,40,1LocalWordSwap,28,0.98384690284729
xglm_large,facebook/xglm-2.9B,40,1LocalWordSwap,29,0.9878293871879578
xglm_large,facebook/xglm-2.9B,40,1LocalWordSwap,30,0.9877904653549194
xglm_large,facebook/xglm-2.9B,40,1LocalWordSwap,31,0.9859909415245056
xglm_large,facebook/xglm-2.9B,40,1LocalWordSwap,32,0.9893918633460999
xglm_large,facebook/xglm-2.9B,40,1LocalWordSwap,33,0.9872703552246094
xglm_large,facebook/xglm-2.9B,40,1LocalWordSwap,34,0.9852051138877869
xglm_large,facebook/xglm-2.9B,40,1LocalWordSwap,35,0.9932904839515686
xglm_large,facebook/xglm-2.9B,40,1LocalWordSwap,36,0.9851266145706177
xglm_large,facebook/xglm-2.9B,40,1LocalWordSwap,37,0.9881291389465332
xglm_large,facebook/xglm-2.9B,40,1LocalWordSwap,38,0.9886163473129272
xglm_large,facebook/xglm-2.9B,40,1LocalWordSwap,39,0.9791589975357056
xglm_large,facebook/xglm-2.9B,40,1LocalWordSwap,40,0.987322986125946
xglm_large,facebook/xglm-2.9B,40,1LocalWordSwap,41,0.9876389503479004
xglm_large,facebook/xglm-2.9B,40,1LocalWordSwap,42,0.9837061166763306
xglm_large,facebook/xglm-2.9B,40,1LocalWordSwap,43,0.9909948110580444
xglm_large,facebook/xglm-2.9B,40,1LocalWordSwap,44,0.9880117177963257
xglm_large,facebook/xglm-2.9B,40,1LocalWordSwap,45,0.99079829454422
xglm_large,facebook/xglm-2.9B,40,1LocalWordSwap,46,0.9899775981903076
xglm_large,facebook/xglm-2.9B,40,1LocalWordSwap,47,0.9843394160270691
xglm_large,facebook/xglm-2.9B,40,1LocalWordSwap,48,0.9994764924049377
xglm_large,facebook/xglm-2.9B,40,1LocalWordSwap,49,0.9872729182243347
xglm_large,facebook/xglm-2.9B,40,1LocalWordSwap,50,0.989142119884491
xglm_large,facebook/xglm-2.9B,40,1LocalWordSwap,51,0.9855700731277466
xglm_large,facebook/xglm-2.9B,40,1LocalWordSwap,52,0.9879369139671326
xglm_large,facebook/xglm-2.9B,40,1LocalWordSwap,53,0.9905136823654175
xglm_large,facebook/xglm-2.9B,40,1LocalWordSwap,54,0.9987524151802063
xglm_large,facebook/xglm-2.9B,40,1LocalWordSwap,55,0.9888477921485901
xglm_large,facebook/xglm-2.9B,40,1LocalWordSwap,56,0.9846274256706238
xglm_large,facebook/xglm-2.9B,40,1LocalWordSwap,57,0.9862234592437744
xglm_large,facebook/xglm-2.9B,40,1LocalWordSwap,58,0.9896999001502991
xglm_large,facebook/xglm-2.9B,40,1LocalWordSwap,59,0.9897477626800537
xglm_large,facebook/xglm-2.9B,40,1LocalWordSwap,60,0.9881068468093872
xglm_large,facebook/xglm-2.9B,40,1LocalWordSwap,61,0.9858161211013794
xglm_large,facebook/xglm-2.9B,40,1LocalWordSwap,62,0.9982502460479736
xglm_large,facebook/xglm-2.9B,40,1LocalWordSwap,63,0.9916015267372131
xglm_large,facebook/xglm-2.9B,40,1LocalWordSwap,64,0.9845651388168335
xglm_large,facebook/xglm-2.9B,40,1LocalWordSwap,65,0.9996715188026428
xglm_large,facebook/xglm-2.9B,40,1LocalWordSwap,66,0.9857147336006165
xglm_large,facebook/xglm-2.9B,40,1LocalWordSwap,67,0.9892176985740662
xglm_large,facebook/xglm-2.9B,40,1LocalWordSwap,68,0.990949809551239
xglm_large,facebook/xglm-2.9B,40,1LocalWordSwap,69,0.9860808849334717
xglm_large,facebook/xglm-2.9B,40,1LocalWordSwap,70,0.9836425185203552
xglm_large,facebook/xglm-2.9B,40,1LocalWordSwap,71,0.988189160823822
xglm_large,facebook/xglm-2.9B,40,1LocalWordSwap,72,0.9845815896987915
xglm_large,facebook/xglm-2.9B,40,1LocalWordSwap,73,0.9839757680892944
xglm_large,facebook/xglm-2.9B,40,1LocalWordSwap,74,0.9997686147689819
xglm_large,facebook/xglm-2.9B,40,1LocalWordSwap,75,0.9865143895149231
xglm_large,facebook/xglm-2.9B,40,1LocalWordSwap,76,0.9926416873931885
xglm_large,facebook/xglm-2.9B,40,1LocalWordSwap,77,0.987327516078949
xglm_large,facebook/xglm-2.9B,40,1LocalWordSwap,78,0.9864091873168945
xglm_large,facebook/xglm-2.9B,40,1LocalWordSwap,79,0.9877802729606628
xglm_large,facebook/xglm-2.9B,40,1LocalWordSwap,80,0.9859833121299744
xglm_large,facebook/xglm-2.9B,40,1LocalWordSwap,81,0.9991573691368103
xglm_large,facebook/xglm-2.9B,40,1LocalWordSwap,82,0.9783791303634644
xglm_large,facebook/xglm-2.9B,40,1LocalWordSwap,83,0.9868483543395996
xglm_large,facebook/xglm-2.9B,40,1LocalWordSwap,84,0.9832396507263184
xglm_large,facebook/xglm-2.9B,40,1LocalWordSwap,85,0.9845293164253235
xglm_large,facebook/xglm-2.9B,40,1LocalWordSwap,86,0.9854398965835571
xglm_large,facebook/xglm-2.9B,40,1LocalWordSwap,87,0.9787234663963318
xglm_large,facebook/xglm-2.9B,40,1LocalWordSwap,88,0.9871472120285034
xglm_large,facebook/xglm-2.9B,40,1LocalWordSwap,89,0.985418975353241
xglm_large,facebook/xglm-2.9B,40,1LocalWordSwap,90,0.9869240522384644
xglm_large,facebook/xglm-2.9B,40,1LocalWordSwap,91,0.9881882071495056
xglm_large,facebook/xglm-2.9B,40,1LocalWordSwap,92,0.9840425252914429
xglm_large,facebook/xglm-2.9B,40,1LocalWordSwap,93,0.9998225569725037
xglm_large,facebook/xglm-2.9B,40,1LocalWordSwap,94,0.9915302395820618
xglm_large,facebook/xglm-2.9B,40,1LocalWordSwap,95,0.9979236125946045
xglm_large,facebook/xglm-2.9B,40,1LocalWordSwap,96,0.9976180791854858
xglm_large,facebook/xglm-2.9B,40,1LocalWordSwap,97,0.9911069869995117
xglm_large,facebook/xglm-2.9B,40,1LocalWordSwap,98,0.9856107234954834
xglm_large,facebook/xglm-2.9B,40,1LocalWordSwap,99,0.989142656326294
xglm_large,facebook/xglm-2.9B,40,1LocalWordSwap,100,0.9889326095581055
xglm_large,facebook/xglm-2.9B,40,1LocalWordSwap,101,0.9995348453521729
xglm_large,facebook/xglm-2.9B,40,1LocalWordSwap,102,0.9856594800949097
xglm_large,facebook/xglm-2.9B,40,1LocalWordSwap,103,0.9884031414985657
xglm_large,facebook/xglm-2.9B,40,1LocalWordSwap,104,0.9914180040359497
xglm_large,facebook/xglm-2.9B,40,1LocalWordSwap,105,0.9874255061149597
xglm_large,facebook/xglm-2.9B,40,1LocalWordSwap,106,0.9867101907730103
xglm_large,facebook/xglm-2.9B,40,1LocalWordSwap,107,0.9880227446556091
xglm_large,facebook/xglm-2.9B,40,1LocalWordSwap,108,0.9818976521492004
xglm_large,facebook/xglm-2.9B,40,1LocalWordSwap,109,0.9877074360847473
xglm_large,facebook/xglm-2.9B,40,1LocalWordSwap,110,0.9880300760269165
xglm_large,facebook/xglm-2.9B,40,1LocalWordSwap,111,0.9773284792900085
xglm_large,facebook/xglm-2.9B,40,1LocalWordSwap,112,0.9855552315711975
xglm_large,facebook/xglm-2.9B,40,1LocalWordSwap,113,0.985968828201294
xglm_large,facebook/xglm-2.9B,40,1LocalWordSwap,114,0.9837169647216797
xglm_large,facebook/xglm-2.9B,40,1LocalWordSwap,115,0.9893002510070801
xglm_large,facebook/xglm-2.9B,40,1LocalWordSwap,116,0.9878813624382019
xglm_large,facebook/xglm-2.9B,40,1LocalWordSwap,117,0.9835168123245239
xglm_large,facebook/xglm-2.9B,40,1LocalWordSwap,118,0.9867613911628723
xglm_large,facebook/xglm-2.9B,40,1LocalWordSwap,119,0.9860551357269287
xglm_large,facebook/xglm-2.9B,40,1LocalWordSwap,120,0.9867491126060486
xglm_large,facebook/xglm-2.9B,40,1LocalWordSwap,121,0.9884053468704224
xglm_large,facebook/xglm-2.9B,40,1LocalWordSwap,122,0.9990033507347107
xglm_large,facebook/xglm-2.9B,40,1LocalWordSwap,123,0.9855479001998901
xglm_large,facebook/xglm-2.9B,40,1LocalWordSwap,124,0.9868573546409607
xglm_large,facebook/xglm-2.9B,40,1LocalWordSwap,125,0.9900563955307007
xglm_large,facebook/xglm-2.9B,40,1LocalWordSwap,126,0.9874000549316406
xglm_large,facebook/xglm-2.9B,40,1LocalWordSwap,127,0.9902970790863037
xglm_large,facebook/xglm-2.9B,40,1LocalWordSwap,128,0.9928600788116455
xglm_large,facebook/xglm-2.9B,40,1LocalWordSwap,129,0.9868265986442566
xglm_large,facebook/xglm-2.9B,40,1LocalWordSwap,130,0.9859117865562439
xglm_large,facebook/xglm-2.9B,40,1LocalWordSwap,131,0.9904496073722839
xglm_large,facebook/xglm-2.9B,40,1LocalWordSwap,132,0.9998834133148193
xglm_large,facebook/xglm-2.9B,40,1LocalWordSwap,133,0.9877016544342041
xglm_large,facebook/xglm-2.9B,40,1LocalWordSwap,134,0.9831085205078125
xglm_large,facebook/xglm-2.9B,40,1LocalWordSwap,135,0.9930304288864136
xglm_large,facebook/xglm-2.9B,40,1LocalWordSwap,136,0.9909712076187134
xglm_large,facebook/xglm-2.9B,40,1LocalWordSwap,137,0.9999423027038574
xglm_large,facebook/xglm-2.9B,40,1LocalWordSwap,138,0.9885576367378235
xglm_large,facebook/xglm-2.9B,40,1LocalWordSwap,139,0.9997817277908325
xglm_large,facebook/xglm-2.9B,40,1LocalWordSwap,140,0.999785840511322
xglm_large,facebook/xglm-2.9B,40,1LocalWordSwap,141,0.9844586849212646
xglm_large,facebook/xglm-2.9B,40,1LocalWordSwap,142,0.9875616431236267
xglm_large,facebook/xglm-2.9B,40,1LocalWordSwap,143,0.9889326691627502
xglm_large,facebook/xglm-2.9B,40,1LocalWordSwap,144,0.9871681928634644
xglm_large,facebook/xglm-2.9B,40,1LocalWordSwap,145,0.9987025260925293
xglm_large,facebook/xglm-2.9B,40,1LocalWordSwap,146,0.9837142825126648
xglm_large,facebook/xglm-2.9B,40,1LocalWordSwap,147,0.9995943307876587
xglm_large,facebook/xglm-2.9B,40,1LocalWordSwap,148,0.984950065612793
xglm_large,facebook/xglm-2.9B,40,1LocalWordSwap,149,0.9896179437637329
xglm_large,facebook/xglm-2.9B,40,1LocalWordSwap,150,0.9894490838050842
xglm_large,facebook/xglm-2.9B,40,1LocalWordSwap,151,0.9906994700431824
xglm_large,facebook/xglm-2.9B,40,1LocalWordSwap,152,0.9862872362136841
xglm_large,facebook/xglm-2.9B,40,1LocalWordSwap,153,0.986179530620575
xglm_large,facebook/xglm-2.9B,40,1LocalWordSwap,154,0.9879022836685181
xglm_large,facebook/xglm-2.9B,40,1LocalWordSwap,155,0.9865070581436157
xglm_large,facebook/xglm-2.9B,40,1LocalWordSwap,156,0.9853794574737549
xglm_large,facebook/xglm-2.9B,40,1LocalWordSwap,157,0.9873850345611572
xglm_large,facebook/xglm-2.9B,40,1LocalWordSwap,158,0.9881401658058167
xglm_large,facebook/xglm-2.9B,40,1LocalWordSwap,159,0.9869242310523987
xglm_large,facebook/xglm-2.9B,40,1LocalWordSwap,160,0.9860578179359436
xglm_large,facebook/xglm-2.9B,40,1LocalWordSwap,161,0.9868372082710266
xglm_large,facebook/xglm-2.9B,40,1LocalWordSwap,162,0.9790678024291992
xglm_large,facebook/xglm-2.9B,40,1LocalWordSwap,163,0.984733521938324
xglm_large,facebook/xglm-2.9B,40,1LocalWordSwap,164,0.9884468913078308
xglm_large,facebook/xglm-2.9B,40,1LocalWordSwap,165,0.9896364808082581
xglm_large,facebook/xglm-2.9B,40,1LocalWordSwap,166,0.9901586174964905
xglm_large,facebook/xglm-2.9B,40,1LocalWordSwap,167,0.9862198829650879
xglm_large,facebook/xglm-2.9B,40,1LocalWordSwap,168,0.9843966364860535
xglm_large,facebook/xglm-2.9B,40,1LocalWordSwap,169,0.9998206496238708
xglm_large,facebook/xglm-2.9B,40,1LocalWordSwap,170,0.9914875030517578
xglm_large,facebook/xglm-2.9B,40,1LocalWordSwap,171,0.9878498911857605
xglm_large,facebook/xglm-2.9B,40,1LocalWordSwap,172,0.9837424159049988
xglm_large,facebook/xglm-2.9B,40,1LocalWordSwap,173,0.9838511347770691
xglm_large,facebook/xglm-2.9B,40,1LocalWordSwap,174,0.9889639616012573
xglm_large,facebook/xglm-2.9B,40,1LocalWordSwap,175,0.9993890523910522
xglm_large,facebook/xglm-2.9B,40,1LocalWordSwap,176,0.9845742583274841
xglm_large,facebook/xglm-2.9B,40,1LocalWordSwap,177,0.9891988635063171
xglm_large,facebook/xglm-2.9B,40,1LocalWordSwap,178,0.992275595664978
xglm_large,facebook/xglm-2.9B,40,1LocalWordSwap,179,0.9997122883796692
xglm_large,facebook/xglm-2.9B,40,1LocalWordSwap,180,0.9995929002761841
xglm_large,facebook/xglm-2.9B,40,1LocalWordSwap,181,0.9928737878799438
xglm_large,facebook/xglm-2.9B,40,1LocalWordSwap,182,0.9890390634536743
xglm_large,facebook/xglm-2.9B,40,1LocalWordSwap,183,0.990919828414917
xglm_large,facebook/xglm-2.9B,40,1LocalWordSwap,184,0.978519856929779
xglm_large,facebook/xglm-2.9B,40,1LocalWordSwap,185,0.9997107982635498
xglm_large,facebook/xglm-2.9B,40,1LocalWordSwap,186,0.9890575408935547
xglm_large,facebook/xglm-2.9B,40,1LocalWordSwap,187,0.9887111186981201
xglm_large,facebook/xglm-2.9B,40,1LocalWordSwap,188,0.9830323457717896
xglm_large,facebook/xglm-2.9B,40,1LocalWordSwap,189,0.9871311187744141
xglm_large,facebook/xglm-2.9B,40,1LocalWordSwap,190,0.9874693155288696
xglm_large,facebook/xglm-2.9B,40,1LocalWordSwap,191,0.9995112419128418
xglm_large,facebook/xglm-2.9B,40,1LocalWordSwap,192,0.9914777874946594
xglm_large,facebook/xglm-2.9B,40,1LocalWordSwap,193,0.9874681234359741
xglm_large,facebook/xglm-2.9B,40,1LocalWordSwap,194,0.9928436279296875
xglm_large,facebook/xglm-2.9B,40,1LocalWordSwap,195,0.9998347759246826
xglm_large,facebook/xglm-2.9B,40,1LocalWordSwap,196,0.9996976852416992
xglm_large,facebook/xglm-2.9B,40,1LocalWordSwap,197,0.9864024519920349
xglm_large,facebook/xglm-2.9B,40,1LocalWordSwap,198,0.9884148240089417
xglm_large,facebook/xglm-2.9B,40,1LocalWordSwap,199,0.9870163798332214
xglm_large,facebook/xglm-2.9B,40,1LocalWordSwap,200,0.9882493019104004
xglm_large,facebook/xglm-2.9B,40,1LocalWordSwap,201,0.9883749485015869
xglm_large,facebook/xglm-2.9B,40,1LocalWordSwap,202,0.9830090999603271
xglm_large,facebook/xglm-2.9B,40,1LocalWordSwap,203,0.9966568350791931
xglm_large,facebook/xglm-2.9B,40,1LocalWordSwap,204,0.9918603301048279
xglm_large,facebook/xglm-2.9B,40,1LocalWordSwap,205,0.9888943433761597
xglm_large,facebook/xglm-2.9B,40,1LocalWordSwap,206,0.9868960380554199
xglm_large,facebook/xglm-2.9B,40,1LocalWordSwap,207,0.999640166759491
xglm_large,facebook/xglm-2.9B,40,1LocalWordSwap,208,0.9825090169906616
xglm_large,facebook/xglm-2.9B,40,1LocalWordSwap,209,0.990254282951355
xglm_large,facebook/xglm-2.9B,40,1LocalWordSwap,210,0.9859492778778076
xglm_large,facebook/xglm-2.9B,40,1LocalWordSwap,211,0.9853065013885498
xglm_large,facebook/xglm-2.9B,40,1LocalWordSwap,212,0.9985525012016296
xglm_large,facebook/xglm-2.9B,40,1LocalWordSwap,213,0.9910207986831665
xglm_large,facebook/xglm-2.9B,40,1LocalWordSwap,214,0.9918646812438965
xglm_large,facebook/xglm-2.9B,40,1LocalWordSwap,215,0.9852128624916077
xglm_large,facebook/xglm-2.9B,40,1LocalWordSwap,216,0.9838664531707764
xglm_large,facebook/xglm-2.9B,40,1LocalWordSwap,217,0.9901291131973267
xglm_large,facebook/xglm-2.9B,40,1LocalWordSwap,218,0.9878845810890198
xglm_large,facebook/xglm-2.9B,40,1LocalWordSwap,219,0.9998840689659119
xglm_large,facebook/xglm-2.9B,40,1LocalWordSwap,220,0.9904962182044983
xglm_large,facebook/xglm-2.9B,40,1LocalWordSwap,221,0.988665759563446
xglm_large,facebook/xglm-2.9B,40,1LocalWordSwap,222,0.9927694201469421
xglm_large,facebook/xglm-2.9B,40,1LocalWordSwap,223,0.9906048774719238
xglm_large,facebook/xglm-2.9B,40,1LocalWordSwap,224,0.9878819584846497
xglm_large,facebook/xglm-2.9B,40,1LocalWordSwap,225,0.9852098226547241
xglm_large,facebook/xglm-2.9B,40,1LocalWordSwap,226,0.9994690418243408
xglm_large,facebook/xglm-2.9B,40,1LocalWordSwap,227,0.9917186498641968
xglm_large,facebook/xglm-2.9B,40,1LocalWordSwap,228,0.9997316598892212
xglm_large,facebook/xglm-2.9B,40,1LocalWordSwap,229,0.9887925386428833
xglm_large,facebook/xglm-2.9B,40,1LocalWordSwap,230,0.9892053604125977
xglm_large,facebook/xglm-2.9B,40,1LocalWordSwap,231,0.989717960357666
xglm_large,facebook/xglm-2.9B,40,1LocalWordSwap,232,0.9853683710098267
xglm_large,facebook/xglm-2.9B,40,1LocalWordSwap,233,0.9816762804985046
xglm_large,facebook/xglm-2.9B,40,1LocalWordSwap,234,0.9891375303268433
xglm_large,facebook/xglm-2.9B,40,1LocalWordSwap,235,0.9875747561454773
xglm_large,facebook/xglm-2.9B,40,1LocalWordSwap,236,0.9815139770507812
xglm_large,facebook/xglm-2.9B,40,1LocalWordSwap,237,0.9887727499008179
xglm_large,facebook/xglm-2.9B,40,1LocalWordSwap,238,0.9865220785140991
xglm_large,facebook/xglm-2.9B,40,1LocalWordSwap,239,0.9877674579620361
xglm_large,facebook/xglm-2.9B,40,1LocalWordSwap,240,0.9998347163200378
xglm_large,facebook/xglm-2.9B,40,1LocalWordSwap,241,0.9801931977272034
xglm_large,facebook/xglm-2.9B,40,1LocalWordSwap,242,0.9884709715843201
xglm_large,facebook/xglm-2.9B,40,1LocalWordSwap,243,0.9921953082084656
xglm_large,facebook/xglm-2.9B,40,1LocalWordSwap,244,0.9997777342796326
xglm_large,facebook/xglm-2.9B,40,1LocalWordSwap,245,0.9947409629821777
xglm_large,facebook/xglm-2.9B,40,1LocalWordSwap,246,0.999763548374176
xglm_large,facebook/xglm-2.9B,40,1LocalWordSwap,247,0.9896577596664429
xglm_large,facebook/xglm-2.9B,40,1LocalWordSwap,248,0.9914470911026001
xglm_large,facebook/xglm-2.9B,40,1LocalWordSwap,249,0.9918416738510132
xglm_large,facebook/xglm-2.9B,40,1LocalWordSwap,250,0.9908581972122192
xglm_large,facebook/xglm-2.9B,40,1LocalWordSwap,251,0.98783940076828
xglm_large,facebook/xglm-2.9B,40,1LocalWordSwap,252,0.9906970858573914
xglm_large,facebook/xglm-2.9B,40,1LocalWordSwap,253,0.9861472845077515
xglm_large,facebook/xglm-2.9B,40,1LocalWordSwap,254,0.9918687343597412
xglm_large,facebook/xglm-2.9B,40,1LocalWordSwap,255,0.99983811378479
xglm_large,facebook/xglm-2.9B,40,1LocalWordSwap,256,0.9865331053733826
xglm_large,facebook/xglm-2.9B,40,1LocalWordSwap,257,0.987679660320282
xglm_large,facebook/xglm-2.9B,40,1LocalWordSwap,258,0.9898043274879456
xglm_large,facebook/xglm-2.9B,40,1LocalWordSwap,259,0.9877155423164368
xglm_large,facebook/xglm-2.9B,40,1LocalWordSwap,260,0.9897261261940002
xglm_large,facebook/xglm-2.9B,40,1LocalWordSwap,261,0.9882864356040955
xglm_large,facebook/xglm-2.9B,40,1LocalWordSwap,262,0.9886695146560669
xglm_large,facebook/xglm-2.9B,40,1LocalWordSwap,263,0.998309850692749
xglm_large,facebook/xglm-2.9B,40,1LocalWordSwap,264,0.9875755906105042
xglm_large,facebook/xglm-2.9B,40,1LocalWordSwap,265,0.9890201091766357
xglm_large,facebook/xglm-2.9B,40,1LocalWordSwap,266,0.9877330660820007
xglm_large,facebook/xglm-2.9B,40,1LocalWordSwap,267,0.9877254366874695
xglm_large,facebook/xglm-2.9B,40,1LocalWordSwap,268,0.9925422072410583
xglm_large,facebook/xglm-2.9B,40,1LocalWordSwap,269,0.9847681522369385
xglm_large,facebook/xglm-2.9B,40,1LocalWordSwap,270,0.9874610304832458
xglm_large,facebook/xglm-2.9B,40,1LocalWordSwap,271,0.9908041954040527
xglm_large,facebook/xglm-2.9B,40,1LocalWordSwap,272,0.9888476729393005
xglm_large,facebook/xglm-2.9B,40,1LocalWordSwap,273,0.988972544670105
xglm_large,facebook/xglm-2.9B,40,1LocalWordSwap,274,0.9888834357261658
xglm_large,facebook/xglm-2.9B,40,1LocalWordSwap,275,0.9996216297149658
xglm_large,facebook/xglm-2.9B,40,1LocalWordSwap,276,0.9899715781211853
xglm_large,facebook/xglm-2.9B,40,1LocalWordSwap,277,0.98347407579422
xglm_large,facebook/xglm-2.9B,40,1LocalWordSwap,278,0.9855239987373352
xglm_large,facebook/xglm-2.9B,40,1LocalWordSwap,279,0.9908155202865601
xglm_large,facebook/xglm-2.9B,40,1LocalWordSwap,280,0.9895840883255005
xglm_large,facebook/xglm-2.9B,40,1LocalWordSwap,281,0.989578366279602
xglm_large,facebook/xglm-2.9B,40,1LocalWordSwap,282,0.989317774772644
xglm_large,facebook/xglm-2.9B,40,1LocalWordSwap,283,0.9834197759628296
xglm_large,facebook/xglm-2.9B,40,1LocalWordSwap,284,0.99400794506073
xglm_large,facebook/xglm-2.9B,40,1LocalWordSwap,285,0.9879021048545837
xglm_large,facebook/xglm-2.9B,40,1LocalWordSwap,286,0.9854241609573364
xglm_large,facebook/xglm-2.9B,40,1LocalWordSwap,287,0.9997205138206482
xglm_large,facebook/xglm-2.9B,40,1LocalWordSwap,288,0.9866122007369995
xglm_large,facebook/xglm-2.9B,40,1LocalWordSwap,289,0.9908243417739868
xglm_large,facebook/xglm-2.9B,40,1LocalWordSwap,290,0.9882938861846924
xglm_large,facebook/xglm-2.9B,40,1LocalWordSwap,291,0.9903043508529663
xglm_large,facebook/xglm-2.9B,40,1LocalWordSwap,292,0.9897902011871338
xglm_large,facebook/xglm-2.9B,40,1LocalWordSwap,293,0.9926620721817017
xglm_large,facebook/xglm-2.9B,40,1LocalWordSwap,294,0.9887821078300476
xglm_large,facebook/xglm-2.9B,40,1LocalWordSwap,295,0.9994839429855347
xglm_large,facebook/xglm-2.9B,40,1LocalWordSwap,296,0.9887828230857849
xglm_large,facebook/xglm-2.9B,40,1LocalWordSwap,297,0.9912517666816711
xglm_large,facebook/xglm-2.9B,40,1LocalWordSwap,298,0.9888745546340942
xglm_large,facebook/xglm-2.9B,40,1LocalWordSwap,299,0.9921206831932068
xglm_large,facebook/xglm-2.9B,40,1LocalWordSwap,300,0.9982653856277466
xglm_large,facebook/xglm-2.9B,40,1LocalWordSwap,301,0.991456925868988
xglm_large,facebook/xglm-2.9B,40,1LocalWordSwap,302,0.9887350797653198
xglm_large,facebook/xglm-2.9B,40,1LocalWordSwap,303,0.9883685111999512
xglm_large,facebook/xglm-2.9B,40,1LocalWordSwap,304,0.990368664264679
xglm_large,facebook/xglm-2.9B,40,1LocalWordSwap,305,0.99056476354599
xglm_large,facebook/xglm-2.9B,40,1LocalWordSwap,306,0.9910880327224731
xglm_large,facebook/xglm-2.9B,40,1LocalWordSwap,307,0.9994801878929138
xglm_large,facebook/xglm-2.9B,40,1LocalWordSwap,308,0.993707001209259
xglm_large,facebook/xglm-2.9B,40,1LocalWordSwap,309,0.9936172366142273
xglm_large,facebook/xglm-2.9B,40,1LocalWordSwap,310,0.9920333623886108
xglm_large,facebook/xglm-2.9B,40,1LocalWordSwap,311,0.9897571802139282
xglm_large,facebook/xglm-2.9B,40,1LocalWordSwap,312,0.9935492277145386
xglm_large,facebook/xglm-2.9B,40,1LocalWordSwap,313,0.9852323532104492
xglm_large,facebook/xglm-2.9B,40,1LocalWordSwap,314,0.9912341237068176
xglm_large,facebook/xglm-2.9B,40,1LocalWordSwap,315,0.9925901293754578
xglm_large,facebook/xglm-2.9B,40,1LocalWordSwap,316,0.988581120967865
xglm_large,facebook/xglm-2.9B,40,1LocalWordSwap,317,0.9884243011474609
xglm_large,facebook/xglm-2.9B,40,1LocalWordSwap,318,0.9921920299530029
xglm_large,facebook/xglm-2.9B,40,1LocalWordSwap,319,0.9989065527915955
xglm_large,facebook/xglm-2.9B,40,1LocalWordSwap,320,0.9916253089904785
xglm_large,facebook/xglm-2.9B,40,1LocalWordSwap,321,0.9996647238731384
xglm_large,facebook/xglm-2.9B,40,1LocalWordSwap,322,0.9819852113723755
xglm_large,facebook/xglm-2.9B,40,1LocalWordSwap,323,0.9825500845909119
xglm_large,facebook/xglm-2.9B,40,1LocalWordSwap,324,0.9882057309150696
xglm_large,facebook/xglm-2.9B,40,1LocalWordSwap,325,0.9983257055282593
xglm_large,facebook/xglm-2.9B,40,1LocalWordSwap,326,0.9887147545814514
xglm_large,facebook/xglm-2.9B,40,1LocalWordSwap,327,0.9897541999816895
xglm_large,facebook/xglm-2.9B,40,1LocalWordSwap,328,0.9883574843406677
xglm_large,facebook/xglm-2.9B,40,1LocalWordSwap,329,0.9889930486679077
xglm_large,facebook/xglm-2.9B,40,1LocalWordSwap,330,0.9909634590148926
xglm_large,facebook/xglm-2.9B,40,1LocalWordSwap,331,0.9928130507469177
xglm_large,facebook/xglm-2.9B,40,1LocalWordSwap,332,0.9903537034988403
xglm_large,facebook/xglm-2.9B,40,1LocalWordSwap,333,0.9897560477256775
xglm_large,facebook/xglm-2.9B,40,1LocalWordSwap,334,0.9994301795959473
xglm_large,facebook/xglm-2.9B,40,1LocalWordSwap,335,0.9877268075942993
xglm_large,facebook/xglm-2.9B,40,1LocalWordSwap,336,0.9900695085525513
xglm_large,facebook/xglm-2.9B,40,1LocalWordSwap,337,0.9855446219444275
xglm_large,facebook/xglm-2.9B,40,1LocalWordSwap,338,0.9923555850982666
xglm_large,facebook/xglm-2.9B,40,1LocalWordSwap,339,0.9858750700950623
xglm_large,facebook/xglm-2.9B,40,1LocalWordSwap,340,0.9879508018493652
xglm_large,facebook/xglm-2.9B,40,1LocalWordSwap,341,0.9884834289550781
xglm_large,facebook/xglm-2.9B,40,1LocalWordSwap,342,0.9824050068855286
xglm_large,facebook/xglm-2.9B,40,1LocalWordSwap,343,0.9865767359733582
xglm_large,facebook/xglm-2.9B,40,1LocalWordSwap,344,0.9811709523200989
xglm_large,facebook/xglm-2.9B,40,1LocalWordSwap,345,0.9888699054718018
xglm_large,facebook/xglm-2.9B,40,1LocalWordSwap,346,0.9845062494277954
xglm_large,facebook/xglm-2.9B,40,1LocalWordSwap,347,0.9896082878112793
xglm_large,facebook/xglm-2.9B,40,1LocalWordSwap,348,0.9844957590103149
xglm_large,facebook/xglm-2.9B,40,1LocalWordSwap,349,0.9993597269058228
xglm_large,facebook/xglm-2.9B,40,1LocalWordSwap,350,0.9899697303771973
xglm_large,facebook/xglm-2.9B,40,1LocalWordSwap,351,0.9908844828605652
xglm_large,facebook/xglm-2.9B,40,1LocalWordSwap,352,0.9992032051086426
xglm_large,facebook/xglm-2.9B,40,1LocalWordSwap,353,0.9872954487800598
xglm_large,facebook/xglm-2.9B,40,1LocalWordSwap,354,0.998727023601532
xglm_large,facebook/xglm-2.9B,40,1LocalWordSwap,355,0.9885411858558655
xglm_large,facebook/xglm-2.9B,40,1LocalWordSwap,356,0.989113986492157
xglm_large,facebook/xglm-2.9B,40,1LocalWordSwap,357,0.9933601021766663
xglm_large,facebook/xglm-2.9B,40,1LocalWordSwap,358,0.9901825785636902
xglm_large,facebook/xglm-2.9B,40,1LocalWordSwap,359,0.9876115322113037
xglm_large,facebook/xglm-2.9B,40,1LocalWordSwap,360,0.9911702275276184
xglm_large,facebook/xglm-2.9B,40,1LocalWordSwap,361,0.9909937381744385
xglm_large,facebook/xglm-2.9B,40,1LocalWordSwap,362,0.9891664385795593
xglm_large,facebook/xglm-2.9B,40,1LocalWordSwap,363,0.9931150078773499
xglm_large,facebook/xglm-2.9B,40,1LocalWordSwap,364,0.9902002215385437
xglm_large,facebook/xglm-2.9B,40,1LocalWordSwap,365,0.9864164590835571
xglm_large,facebook/xglm-2.9B,40,1LocalWordSwap,366,0.9854414463043213
xglm_large,facebook/xglm-2.9B,40,1LocalWordSwap,367,0.9919118285179138
xglm_large,facebook/xglm-2.9B,40,1LocalWordSwap,368,0.9899565577507019
xglm_large,facebook/xglm-2.9B,40,1LocalWordSwap,369,0.9877946972846985
xglm_large,facebook/xglm-2.9B,40,1LocalWordSwap,370,0.9827211499214172
xglm_large,facebook/xglm-2.9B,40,1LocalWordSwap,371,0.9893428087234497
xglm_large,facebook/xglm-2.9B,40,1LocalWordSwap,372,0.9912052154541016
xglm_large,facebook/xglm-2.9B,40,1LocalWordSwap,373,0.9880279302597046
xglm_large,facebook/xglm-2.9B,40,1LocalWordSwap,374,0.987080991268158
xglm_large,facebook/xglm-2.9B,40,1LocalWordSwap,375,0.9999079704284668
xglm_large,facebook/xglm-2.9B,40,1LocalWordSwap,376,0.9912533164024353
xglm_large,facebook/xglm-2.9B,40,1LocalWordSwap,377,0.9926671385765076
xglm_large,facebook/xglm-2.9B,40,1LocalWordSwap,378,0.9898781180381775
xglm_large,facebook/xglm-2.9B,40,1LocalWordSwap,379,0.9874255657196045
xglm_large,facebook/xglm-2.9B,40,1LocalWordSwap,380,0.9885613322257996
xglm_large,facebook/xglm-2.9B,40,1LocalWordSwap,381,0.9997759461402893
xglm_large,facebook/xglm-2.9B,40,1LocalWordSwap,382,0.9875105619430542
xglm_large,facebook/xglm-2.9B,40,1LocalWordSwap,383,0.9902740716934204
xglm_large,facebook/xglm-2.9B,40,1LocalWordSwap,384,0.9884962439537048
xglm_large,facebook/xglm-2.9B,40,1LocalWordSwap,385,0.9889675974845886
xglm_large,facebook/xglm-2.9B,40,1LocalWordSwap,386,0.9872874617576599
xglm_large,facebook/xglm-2.9B,40,1LocalWordSwap,387,0.9869232177734375
xglm_large,facebook/xglm-2.9B,40,1LocalWordSwap,388,0.9887007474899292
xglm_large,facebook/xglm-2.9B,40,1LocalWordSwap,389,0.9894750118255615
xglm_large,facebook/xglm-2.9B,40,1LocalWordSwap,390,0.9877748489379883
xglm_large,facebook/xglm-2.9B,40,1LocalWordSwap,391,0.9860647916793823
xglm_large,facebook/xglm-2.9B,40,1LocalWordSwap,392,0.9874507784843445
xglm_large,facebook/xglm-2.9B,40,1LocalWordSwap,393,0.9870847463607788
xglm_large,facebook/xglm-2.9B,40,1LocalWordSwap,394,0.9997951984405518
xglm_large,facebook/xglm-2.9B,40,1LocalWordSwap,395,0.9877738952636719
xglm_large,facebook/xglm-2.9B,40,1LocalWordSwap,396,0.9910920262336731
xglm_large,facebook/xglm-2.9B,40,1LocalWordSwap,397,0.9927903413772583
xglm_large,facebook/xglm-2.9B,40,1LocalWordSwap,398,0.983369767665863
xglm_large,facebook/xglm-2.9B,40,1LocalWordSwap,399,0.9828522801399231
xglm_large,facebook/xglm-2.9B,40,1LocalWordSwap,400,0.9877526164054871
xglm_large,facebook/xglm-2.9B,40,1LocalWordSwap,401,0.9844805598258972
xglm_large,facebook/xglm-2.9B,40,1LocalWordSwap,402,0.9891658425331116
xglm_large,facebook/xglm-2.9B,40,1LocalWordSwap,403,0.9818180799484253
xglm_large,facebook/xglm-2.9B,40,1LocalWordSwap,404,0.9895928502082825
xglm_large,facebook/xglm-2.9B,40,1LocalWordSwap,405,0.9863905310630798
xglm_large,facebook/xglm-2.9B,40,1LocalWordSwap,406,0.9857630133628845
xglm_large,facebook/xglm-2.9B,40,1LocalWordSwap,407,0.9849282503128052
xglm_large,facebook/xglm-2.9B,40,1LocalWordSwap,408,0.9897894263267517
xglm_large,facebook/xglm-2.9B,40,1LocalWordSwap,409,0.9884171485900879
xglm_large,facebook/xglm-2.9B,40,1LocalWordSwap,410,0.9833583831787109
xglm_large,facebook/xglm-2.9B,40,1LocalWordSwap,411,0.9858037233352661
xglm_large,facebook/xglm-2.9B,40,1LocalWordSwap,412,0.9874270558357239
xglm_large,facebook/xglm-2.9B,40,1LocalWordSwap,413,0.9892911911010742
xglm_large,facebook/xglm-2.9B,40,1LocalWordSwap,414,0.981723964214325
xglm_large,facebook/xglm-2.9B,40,1LocalWordSwap,415,0.9897959232330322
xglm_large,facebook/xglm-2.9B,40,1LocalWordSwap,416,0.9873756170272827
xglm_large,facebook/xglm-2.9B,40,1LocalWordSwap,417,0.9894663691520691
xglm_large,facebook/xglm-2.9B,40,1LocalWordSwap,418,0.9910999536514282
xglm_large,facebook/xglm-2.9B,40,1LocalWordSwap,419,0.9997841119766235
xglm_large,facebook/xglm-2.9B,40,1LocalWordSwap,420,0.9901989698410034
xglm_large,facebook/xglm-2.9B,40,1LocalWordSwap,421,0.9828267097473145
xglm_large,facebook/xglm-2.9B,40,1LocalWordSwap,422,0.9901842474937439
xglm_large,facebook/xglm-2.9B,40,1LocalWordSwap,423,0.9819027781486511
xglm_large,facebook/xglm-2.9B,40,1LocalWordSwap,424,0.9889074563980103
xglm_large,facebook/xglm-2.9B,40,1LocalWordSwap,425,0.999150812625885
xglm_large,facebook/xglm-2.9B,40,1LocalWordSwap,426,0.989680826663971
xglm_large,facebook/xglm-2.9B,40,1LocalWordSwap,427,0.9876779317855835
xglm_large,facebook/xglm-2.9B,40,1LocalWordSwap,428,0.9981670379638672
xglm_large,facebook/xglm-2.9B,40,1LocalWordSwap,429,0.9874524474143982
xglm_large,facebook/xglm-2.9B,40,1LocalWordSwap,430,0.9880799651145935
xglm_large,facebook/xglm-2.9B,40,1LocalWordSwap,431,0.985862135887146
xglm_large,facebook/xglm-2.9B,40,1LocalWordSwap,432,0.9922922849655151
xglm_large,facebook/xglm-2.9B,40,1LocalWordSwap,433,0.9992669224739075
xglm_large,facebook/xglm-2.9B,40,1LocalWordSwap,434,0.9935719966888428
xglm_large,facebook/xglm-2.9B,40,1LocalWordSwap,435,0.9867485165596008
xglm_large,facebook/xglm-2.9B,40,1LocalWordSwap,436,0.9929711818695068
xglm_large,facebook/xglm-2.9B,40,1LocalWordSwap,437,0.9881831407546997
xglm_large,facebook/xglm-2.9B,40,1LocalWordSwap,438,0.9992048144340515
xglm_large,facebook/xglm-2.9B,40,1LocalWordSwap,439,0.9881501197814941
xglm_large,facebook/xglm-2.9B,40,1LocalWordSwap,440,0.9996276497840881
xglm_large,facebook/xglm-2.9B,40,1LocalWordSwap,441,0.9908154606819153
xglm_large,facebook/xglm-2.9B,40,1LocalWordSwap,442,0.9901073575019836
xglm_large,facebook/xglm-2.9B,40,1LocalWordSwap,443,0.9892663955688477
xglm_large,facebook/xglm-2.9B,40,1LocalWordSwap,444,0.9997361302375793
xglm_large,facebook/xglm-2.9B,40,1LocalWordSwap,445,0.9880884885787964
xglm_large,facebook/xglm-2.9B,40,1LocalWordSwap,446,0.983635663986206
xglm_large,facebook/xglm-2.9B,40,1LocalWordSwap,447,0.9908871650695801
xglm_large,facebook/xglm-2.9B,40,1LocalWordSwap,448,0.9998018741607666
xglm_large,facebook/xglm-2.9B,40,1LocalWordSwap,449,0.9860979318618774
xglm_large,facebook/xglm-2.9B,40,1LocalWordSwap,450,0.9997749328613281
xglm_large,facebook/xglm-2.9B,40,1LocalWordSwap,451,0.9908720254898071
xglm_large,facebook/xglm-2.9B,40,1LocalWordSwap,452,0.9947020411491394
xglm_large,facebook/xglm-2.9B,40,1LocalWordSwap,453,0.9916794300079346
xglm_large,facebook/xglm-2.9B,40,1LocalWordSwap,454,0.9882432222366333
xglm_large,facebook/xglm-2.9B,40,1LocalWordSwap,455,0.9918425679206848
xglm_large,facebook/xglm-2.9B,40,1LocalWordSwap,456,0.9883111119270325
xglm_large,facebook/xglm-2.9B,40,1LocalWordSwap,457,0.9988712668418884
xglm_large,facebook/xglm-2.9B,40,1LocalWordSwap,458,0.9995163679122925
xglm_large,facebook/xglm-2.9B,40,1LocalWordSwap,459,0.9928882122039795
xglm_large,facebook/xglm-2.9B,40,1LocalWordSwap,460,0.9901754260063171
xglm_large,facebook/xglm-2.9B,40,1LocalWordSwap,461,0.987558126449585
xglm_large,facebook/xglm-2.9B,40,1LocalWordSwap,462,0.9893433451652527
xglm_large,facebook/xglm-2.9B,40,1LocalWordSwap,463,0.9978165626525879
xglm_large,facebook/xglm-2.9B,40,1LocalWordSwap,464,0.9851491451263428
xglm_large,facebook/xglm-2.9B,40,1LocalWordSwap,465,0.9843759536743164
xglm_large,facebook/xglm-2.9B,40,1LocalWordSwap,466,0.9878506660461426
xglm_large,facebook/xglm-2.9B,40,1LocalWordSwap,467,0.9880846738815308
xglm_large,facebook/xglm-2.9B,40,1LocalWordSwap,468,0.9859673380851746
xglm_large,facebook/xglm-2.9B,40,1LocalWordSwap,469,0.9860209226608276
xglm_large,facebook/xglm-2.9B,40,1LocalWordSwap,470,0.9900133609771729
xglm_large,facebook/xglm-2.9B,40,1LocalWordSwap,471,0.9849641919136047
xglm_large,facebook/xglm-2.9B,40,1LocalWordSwap,472,0.999726414680481
xglm_large,facebook/xglm-2.9B,40,1LocalWordSwap,473,0.9882914423942566
xglm_large,facebook/xglm-2.9B,40,1LocalWordSwap,474,0.9997495412826538
xglm_large,facebook/xglm-2.9B,40,1LocalWordSwap,475,0.9917129278182983
xglm_large,facebook/xglm-2.9B,40,1LocalWordSwap,476,0.9882599711418152
xglm_large,facebook/xglm-2.9B,40,1LocalWordSwap,477,0.9852173328399658
xglm_large,facebook/xglm-2.9B,40,1LocalWordSwap,478,0.9984091520309448
xglm_large,facebook/xglm-2.9B,40,1LocalWordSwap,479,0.9873318672180176
xglm_large,facebook/xglm-2.9B,40,1LocalWordSwap,480,0.9881479144096375
xglm_large,facebook/xglm-2.9B,40,1LocalWordSwap,481,0.9907022714614868
xglm_large,facebook/xglm-2.9B,40,1LocalWordSwap,482,0.9896759986877441
xglm_large,facebook/xglm-2.9B,40,1LocalWordSwap,483,0.9893249273300171
xglm_large,facebook/xglm-2.9B,40,1LocalWordSwap,484,0.991793692111969
xglm_large,facebook/xglm-2.9B,40,1LocalWordSwap,485,0.9908899068832397
xglm_large,facebook/xglm-2.9B,40,1LocalWordSwap,486,0.9862551093101501
xglm_large,facebook/xglm-2.9B,40,1LocalWordSwap,487,0.9894494414329529
xglm_large,facebook/xglm-2.9B,40,1LocalWordSwap,488,0.9877856969833374
xglm_large,facebook/xglm-2.9B,40,1LocalWordSwap,489,0.9876670241355896
xglm_large,facebook/xglm-2.9B,40,1LocalWordSwap,490,0.9905266165733337
xglm_large,facebook/xglm-2.9B,40,1LocalWordSwap,491,0.9921722412109375
xglm_large,facebook/xglm-2.9B,40,1LocalWordSwap,492,0.9997329711914062
xglm_large,facebook/xglm-2.9B,40,1LocalWordSwap,493,0.9996649622917175
xglm_large,facebook/xglm-2.9B,40,1LocalWordSwap,494,0.9909676909446716
xglm_large,facebook/xglm-2.9B,40,1LocalWordSwap,495,0.9933195114135742
xglm_large,facebook/xglm-2.9B,40,1LocalWordSwap,496,0.9910746216773987
xglm_large,facebook/xglm-2.9B,40,1LocalWordSwap,497,0.9925945401191711
xglm_large,facebook/xglm-2.9B,40,1LocalWordSwap,498,0.9892126321792603
xglm_large,facebook/xglm-2.9B,40,1LocalWordSwap,499,0.9996851086616516
xglm_large,facebook/xglm-2.9B,40,1LocalWordSwap,500,0.9998502135276794
xglm_large,facebook/xglm-2.9B,40,1LocalWordSwap,501,0.9888896942138672
xglm_large,facebook/xglm-2.9B,40,1LocalWordSwap,502,0.9809722304344177
xglm_large,facebook/xglm-2.9B,40,1LocalWordSwap,503,0.9885504245758057
xglm_large,facebook/xglm-2.9B,40,1LocalWordSwap,504,0.9916238784790039
xglm_large,facebook/xglm-2.9B,40,1LocalWordSwap,505,0.9911246299743652
xglm_large,facebook/xglm-2.9B,40,1LocalWordSwap,506,0.9863256812095642
xglm_large,facebook/xglm-2.9B,40,1LocalWordSwap,507,0.989212155342102
xglm_large,facebook/xglm-2.9B,40,1LocalWordSwap,508,0.9863616824150085
xglm_large,facebook/xglm-2.9B,40,1LocalWordSwap,509,0.9890117049217224
xglm_large,facebook/xglm-2.9B,40,1LocalWordSwap,510,0.987511157989502
xglm_large,facebook/xglm-2.9B,40,1LocalWordSwap,511,0.9895195364952087
xglm_large,facebook/xglm-2.9B,40,1LocalWordSwap,512,0.9898160696029663
xglm_large,facebook/xglm-2.9B,40,1LocalWordSwap,513,0.9918820261955261
xglm_large,facebook/xglm-2.9B,40,1LocalWordSwap,514,0.9881339073181152
xglm_large,facebook/xglm-2.9B,40,1LocalWordSwap,515,0.9871201515197754
xglm_large,facebook/xglm-2.9B,40,1LocalWordSwap,516,0.9844595789909363
xglm_large,facebook/xglm-2.9B,40,1LocalWordSwap,517,0.9913784265518188
xglm_large,facebook/xglm-2.9B,40,1LocalWordSwap,518,0.987183690071106
xglm_large,facebook/xglm-2.9B,40,1LocalWordSwap,519,0.9867964386940002
xglm_large,facebook/xglm-2.9B,40,1LocalWordSwap,520,0.9883037209510803
xglm_large,facebook/xglm-2.9B,40,1LocalWordSwap,521,0.9901620745658875
xglm_large,facebook/xglm-2.9B,40,1LocalWordSwap,522,0.9900360703468323
xglm_large,facebook/xglm-2.9B,40,1LocalWordSwap,523,0.9900566339492798
xglm_large,facebook/xglm-2.9B,40,1LocalWordSwap,524,0.9918500185012817
xglm_large,facebook/xglm-2.9B,40,1LocalWordSwap,525,0.9906492829322815
xglm_large,facebook/xglm-2.9B,40,1LocalWordSwap,526,0.9894485473632812
xglm_large,facebook/xglm-2.9B,40,1LocalWordSwap,527,0.9901165962219238
xglm_large,facebook/xglm-2.9B,40,1LocalWordSwap,528,0.988286018371582
xglm_large,facebook/xglm-2.9B,40,1LocalWordSwap,529,0.9900718331336975
xglm_large,facebook/xglm-2.9B,40,1LocalWordSwap,530,0.9855489134788513
xglm_large,facebook/xglm-2.9B,40,1LocalWordSwap,531,0.9867124557495117
xglm_large,facebook/xglm-2.9B,40,1LocalWordSwap,532,0.9865437150001526
xglm_large,facebook/xglm-2.9B,40,1LocalWordSwap,533,0.9876443147659302
xglm_large,facebook/xglm-2.9B,40,1LocalWordSwap,534,0.9908787608146667
xglm_large,facebook/xglm-2.9B,40,1LocalWordSwap,535,0.9999149441719055
xglm_large,facebook/xglm-2.9B,40,1LocalWordSwap,536,0.9870562553405762
xglm_large,facebook/xglm-2.9B,40,1LocalWordSwap,537,0.9905182123184204
xglm_large,facebook/xglm-2.9B,40,1LocalWordSwap,538,0.9909646511077881
xglm_large,facebook/xglm-2.9B,40,1LocalWordSwap,539,0.9862585067749023
xglm_large,facebook/xglm-2.9B,40,1LocalWordSwap,540,0.9851183295249939
xglm_large,facebook/xglm-2.9B,40,1LocalWordSwap,541,0.984961986541748
xglm_large,facebook/xglm-2.9B,40,1LocalWordSwap,542,0.9995267391204834
xglm_large,facebook/xglm-2.9B,40,1LocalWordSwap,543,0.9873170852661133
xglm_large,facebook/xglm-2.9B,40,1LocalWordSwap,544,0.9883559346199036
xglm_large,facebook/xglm-2.9B,40,1LocalWordSwap,545,0.9853771924972534
xglm_large,facebook/xglm-2.9B,40,1LocalWordSwap,546,0.9922307729721069
xglm_large,facebook/xglm-2.9B,40,1LocalWordSwap,547,0.9890592694282532
xglm_large,facebook/xglm-2.9B,40,1LocalWordSwap,548,0.9982395172119141
xglm_large,facebook/xglm-2.9B,40,1LocalWordSwap,549,0.9935628175735474
xglm_large,facebook/xglm-2.9B,40,1LocalWordSwap,550,0.98038649559021
xglm_large,facebook/xglm-2.9B,40,1LocalWordSwap,551,0.9995908141136169
xglm_large,facebook/xglm-2.9B,40,1LocalWordSwap,552,0.9895776510238647
xglm_large,facebook/xglm-2.9B,40,1LocalWordSwap,553,0.9847555160522461
xglm_large,facebook/xglm-2.9B,40,1LocalWordSwap,554,0.9997944831848145
xglm_large,facebook/xglm-2.9B,40,1LocalWordSwap,555,0.9900417327880859
xglm_large,facebook/xglm-2.9B,40,1LocalWordSwap,556,0.9874504208564758
xglm_large,facebook/xglm-2.9B,40,1LocalWordSwap,557,0.9981198906898499
xglm_large,facebook/xglm-2.9B,40,1LocalWordSwap,558,0.9900683760643005
xglm_large,facebook/xglm-2.9B,40,1LocalWordSwap,559,0.9915042519569397
xglm_large,facebook/xglm-2.9B,40,1LocalWordSwap,560,0.9867075085639954
xglm_large,facebook/xglm-2.9B,40,1LocalWordSwap,561,0.9996581673622131
xglm_large,facebook/xglm-2.9B,40,1LocalWordSwap,562,0.9911623001098633
xglm_large,facebook/xglm-2.9B,40,1LocalWordSwap,563,0.9914711713790894
xglm_large,facebook/xglm-2.9B,40,1LocalWordSwap,564,0.9913434386253357
xglm_large,facebook/xglm-2.9B,40,1LocalWordSwap,565,0.9922648668289185
xglm_large,facebook/xglm-2.9B,40,1LocalWordSwap,566,0.9920841455459595
xglm_large,facebook/xglm-2.9B,40,1LocalWordSwap,567,0.9885575771331787
xglm_large,facebook/xglm-2.9B,40,1LocalWordSwap,568,0.9896253347396851
xglm_large,facebook/xglm-2.9B,40,1LocalWordSwap,569,0.9912166595458984
xglm_large,facebook/xglm-2.9B,40,1LocalWordSwap,570,0.9925229549407959
xglm_large,facebook/xglm-2.9B,40,1LocalWordSwap,571,0.9898046255111694
xglm_large,facebook/xglm-2.9B,40,1LocalWordSwap,572,0.9936860799789429
xglm_large,facebook/xglm-2.9B,40,1LocalWordSwap,573,0.9888920187950134
xglm_large,facebook/xglm-2.9B,40,1LocalWordSwap,574,0.987839937210083
xglm_large,facebook/xglm-2.9B,40,1LocalWordSwap,575,0.9835527539253235
xglm_large,facebook/xglm-2.9B,40,1LocalWordSwap,576,0.9898574948310852
xglm_large,facebook/xglm-2.9B,40,1LocalWordSwap,577,0.9865596890449524
xglm_large,facebook/xglm-2.9B,40,1LocalWordSwap,578,0.9921552538871765
xglm_large,facebook/xglm-2.9B,40,1LocalWordSwap,579,0.991705060005188
xglm_large,facebook/xglm-2.9B,40,1LocalWordSwap,580,0.9993850588798523
xglm_large,facebook/xglm-2.9B,40,1LocalWordSwap,581,0.9977879524230957
xglm_large,facebook/xglm-2.9B,40,1LocalWordSwap,582,0.9899880290031433
xglm_large,facebook/xglm-2.9B,40,1LocalWordSwap,583,0.9896854162216187
xglm_large,facebook/xglm-2.9B,40,1LocalWordSwap,584,0.9934906363487244
xglm_large,facebook/xglm-2.9B,40,1LocalWordSwap,585,0.9913085103034973
xglm_large,facebook/xglm-2.9B,40,1LocalWordSwap,586,0.9889176487922668
xglm_large,facebook/xglm-2.9B,40,1LocalWordSwap,587,0.990127444267273
xglm_large,facebook/xglm-2.9B,40,1LocalWordSwap,588,0.9895123839378357
xglm_large,facebook/xglm-2.9B,40,1LocalWordSwap,589,0.9930939078330994
xglm_large,facebook/xglm-2.9B,40,1LocalWordSwap,590,0.990390956401825
xglm_large,facebook/xglm-2.9B,40,1LocalWordSwap,591,0.9899498224258423
xglm_large,facebook/xglm-2.9B,40,1LocalWordSwap,592,0.9918239116668701
xglm_large,facebook/xglm-2.9B,40,1LocalWordSwap,593,0.9901667237281799
xglm_large,facebook/xglm-2.9B,40,1LocalWordSwap,594,0.9993186593055725
xglm_large,facebook/xglm-2.9B,40,1LocalWordSwap,595,0.9888744950294495
xglm_large,facebook/xglm-2.9B,40,1LocalWordSwap,596,0.9882617592811584
xglm_large,facebook/xglm-2.9B,40,1LocalWordSwap,597,0.9873720407485962
xglm_large,facebook/xglm-2.9B,40,1LocalWordSwap,598,0.9894176125526428
xglm_large,facebook/xglm-2.9B,40,1LocalWordSwap,599,0.9874635934829712
xglm_large,facebook/xglm-2.9B,40,1LocalWordSwap,600,0.9937068223953247
xglm_large,facebook/xglm-2.9B,40,1LocalWordSwap,601,0.982424259185791
xglm_large,facebook/xglm-2.9B,40,1LocalWordSwap,602,0.9996698498725891
xglm_large,facebook/xglm-2.9B,40,1LocalWordSwap,603,0.9901047348976135
xglm_large,facebook/xglm-2.9B,40,1LocalWordSwap,604,0.9994710087776184
xglm_large,facebook/xglm-2.9B,40,1LocalWordSwap,605,0.9881669878959656
xglm_large,facebook/xglm-2.9B,40,1LocalWordSwap,606,0.9900463223457336
xglm_large,facebook/xglm-2.9B,40,1LocalWordSwap,607,0.9852498173713684
xglm_large,facebook/xglm-2.9B,40,1LocalWordSwap,608,0.9860215783119202
xglm_large,facebook/xglm-2.9B,40,1LocalWordSwap,609,0.9836025238037109
xglm_large,facebook/xglm-2.9B,40,1LocalWordSwap,610,0.9880757927894592
xglm_large,facebook/xglm-2.9B,40,1LocalWordSwap,611,0.9996504783630371
xglm_large,facebook/xglm-2.9B,40,1LocalWordSwap,612,0.9891597628593445
xglm_large,facebook/xglm-2.9B,40,1LocalWordSwap,613,0.9838163256645203
xglm_large,facebook/xglm-2.9B,40,1LocalWordSwap,614,0.9997519254684448
xglm_large,facebook/xglm-2.9B,40,1LocalWordSwap,615,0.9911031723022461
xglm_large,facebook/xglm-2.9B,40,1LocalWordSwap,616,0.9859861135482788
xglm_large,facebook/xglm-2.9B,40,1LocalWordSwap,617,0.9868303537368774
xglm_large,facebook/xglm-2.9B,40,1LocalWordSwap,618,0.9907286763191223
xglm_large,facebook/xglm-2.9B,40,1LocalWordSwap,619,0.9901668429374695
xglm_large,facebook/xglm-2.9B,40,1LocalWordSwap,620,0.990068793296814
xglm_large,facebook/xglm-2.9B,40,1LocalWordSwap,621,0.987801194190979
xglm_large,facebook/xglm-2.9B,40,1LocalWordSwap,622,0.9878137111663818
xglm_large,facebook/xglm-2.9B,40,1LocalWordSwap,623,0.9872589707374573
xglm_large,facebook/xglm-2.9B,40,1LocalWordSwap,624,0.9875138401985168
xglm_large,facebook/xglm-2.9B,40,1LocalWordSwap,625,0.9887423515319824
xglm_large,facebook/xglm-2.9B,40,1LocalWordSwap,626,0.9887909293174744
xglm_large,facebook/xglm-2.9B,40,2LocalWordSwap,0,0.9840749502182007
xglm_large,facebook/xglm-2.9B,40,2LocalWordSwap,1,0.9809320569038391
xglm_large,facebook/xglm-2.9B,40,2LocalWordSwap,2,0.9805174469947815
xglm_large,facebook/xglm-2.9B,40,2LocalWordSwap,3,0.9816627502441406
xglm_large,facebook/xglm-2.9B,40,2LocalWordSwap,4,0.9813860654830933
xglm_large,facebook/xglm-2.9B,40,2LocalWordSwap,5,0.9994177222251892
xglm_large,facebook/xglm-2.9B,40,2LocalWordSwap,6,0.9859156608581543
xglm_large,facebook/xglm-2.9B,40,2LocalWordSwap,7,0.9890493750572205
xglm_large,facebook/xglm-2.9B,40,2LocalWordSwap,8,0.9864679574966431
xglm_large,facebook/xglm-2.9B,40,2LocalWordSwap,9,0.9849921464920044
xglm_large,facebook/xglm-2.9B,40,2LocalWordSwap,10,0.9899170398712158
xglm_large,facebook/xglm-2.9B,40,2LocalWordSwap,11,0.986021101474762
xglm_large,facebook/xglm-2.9B,40,2LocalWordSwap,12,0.9917513728141785
xglm_large,facebook/xglm-2.9B,40,2LocalWordSwap,13,0.9829140305519104
xglm_large,facebook/xglm-2.9B,40,2LocalWordSwap,14,0.9852579832077026
xglm_large,facebook/xglm-2.9B,40,2LocalWordSwap,15,0.9877552390098572
xglm_large,facebook/xglm-2.9B,40,2LocalWordSwap,16,0.9869265556335449
xglm_large,facebook/xglm-2.9B,40,2LocalWordSwap,17,0.9850280284881592
xglm_large,facebook/xglm-2.9B,40,2LocalWordSwap,18,0.9878597259521484
xglm_large,facebook/xglm-2.9B,40,2LocalWordSwap,19,0.9984326362609863
xglm_large,facebook/xglm-2.9B,40,2LocalWordSwap,20,0.9983231425285339
xglm_large,facebook/xglm-2.9B,40,2LocalWordSwap,21,0.979152500629425
xglm_large,facebook/xglm-2.9B,40,2LocalWordSwap,22,0.9843054413795471
xglm_large,facebook/xglm-2.9B,40,2LocalWordSwap,23,0.9986859560012817
xglm_large,facebook/xglm-2.9B,40,2LocalWordSwap,24,0.9895938634872437
xglm_large,facebook/xglm-2.9B,40,2LocalWordSwap,25,0.986094057559967
xglm_large,facebook/xglm-2.9B,40,2LocalWordSwap,26,0.984907329082489
xglm_large,facebook/xglm-2.9B,40,2LocalWordSwap,27,0.9885480999946594
xglm_large,facebook/xglm-2.9B,40,2LocalWordSwap,28,0.9840458631515503
xglm_large,facebook/xglm-2.9B,40,2LocalWordSwap,29,0.9870031476020813
xglm_large,facebook/xglm-2.9B,40,2LocalWordSwap,30,0.9873402714729309
xglm_large,facebook/xglm-2.9B,40,2LocalWordSwap,31,0.9856857061386108
xglm_large,facebook/xglm-2.9B,40,2LocalWordSwap,32,0.9881795048713684
xglm_large,facebook/xglm-2.9B,40,2LocalWordSwap,33,0.9832516312599182
xglm_large,facebook/xglm-2.9B,40,2LocalWordSwap,34,0.9852498769760132
xglm_large,facebook/xglm-2.9B,40,2LocalWordSwap,35,0.9923719167709351
xglm_large,facebook/xglm-2.9B,40,2LocalWordSwap,36,0.984843909740448
xglm_large,facebook/xglm-2.9B,40,2LocalWordSwap,37,0.9882413744926453
xglm_large,facebook/xglm-2.9B,40,2LocalWordSwap,38,0.9871675968170166
xglm_large,facebook/xglm-2.9B,40,2LocalWordSwap,39,0.9791431427001953
xglm_large,facebook/xglm-2.9B,40,2LocalWordSwap,40,0.9868112802505493
xglm_large,facebook/xglm-2.9B,40,2LocalWordSwap,41,0.9876859188079834
xglm_large,facebook/xglm-2.9B,40,2LocalWordSwap,42,0.9840741753578186
xglm_large,facebook/xglm-2.9B,40,2LocalWordSwap,43,0.9904425740242004
xglm_large,facebook/xglm-2.9B,40,2LocalWordSwap,44,0.9869179725646973
xglm_large,facebook/xglm-2.9B,40,2LocalWordSwap,45,0.9909582138061523
xglm_large,facebook/xglm-2.9B,40,2LocalWordSwap,46,0.9898002743721008
xglm_large,facebook/xglm-2.9B,40,2LocalWordSwap,47,0.9842018485069275
xglm_large,facebook/xglm-2.9B,40,2LocalWordSwap,48,0.9992157816886902
xglm_large,facebook/xglm-2.9B,40,2LocalWordSwap,49,0.9874652028083801
xglm_large,facebook/xglm-2.9B,40,2LocalWordSwap,50,0.9889823794364929
xglm_large,facebook/xglm-2.9B,40,2LocalWordSwap,51,0.9857637882232666
xglm_large,facebook/xglm-2.9B,40,2LocalWordSwap,52,0.9874553084373474
xglm_large,facebook/xglm-2.9B,40,2LocalWordSwap,53,0.9901005625724792
xglm_large,facebook/xglm-2.9B,40,2LocalWordSwap,54,0.9984462261199951
xglm_large,facebook/xglm-2.9B,40,2LocalWordSwap,55,0.9890071749687195
xglm_large,facebook/xglm-2.9B,40,2LocalWordSwap,56,0.9844171404838562
xglm_large,facebook/xglm-2.9B,40,2LocalWordSwap,57,0.9860785603523254
xglm_large,facebook/xglm-2.9B,40,2LocalWordSwap,58,0.9885464906692505
xglm_large,facebook/xglm-2.9B,40,2LocalWordSwap,59,0.9897727370262146
xglm_large,facebook/xglm-2.9B,40,2LocalWordSwap,60,0.9877374172210693
xglm_large,facebook/xglm-2.9B,40,2LocalWordSwap,61,0.9857083559036255
xglm_large,facebook/xglm-2.9B,40,2LocalWordSwap,62,0.9977311491966248
xglm_large,facebook/xglm-2.9B,40,2LocalWordSwap,63,0.9917004704475403
xglm_large,facebook/xglm-2.9B,40,2LocalWordSwap,64,0.9843630790710449
xglm_large,facebook/xglm-2.9B,40,2LocalWordSwap,65,0.9992491602897644
xglm_large,facebook/xglm-2.9B,40,2LocalWordSwap,66,0.986911952495575
xglm_large,facebook/xglm-2.9B,40,2LocalWordSwap,67,0.9892389178276062
xglm_large,facebook/xglm-2.9B,40,2LocalWordSwap,68,0.9910441040992737
xglm_large,facebook/xglm-2.9B,40,2LocalWordSwap,69,0.9862056970596313
xglm_large,facebook/xglm-2.9B,40,2LocalWordSwap,70,0.9838373064994812
xglm_large,facebook/xglm-2.9B,40,2LocalWordSwap,71,0.988411009311676
xglm_large,facebook/xglm-2.9B,40,2LocalWordSwap,72,0.9843807816505432
xglm_large,facebook/xglm-2.9B,40,2LocalWordSwap,73,0.9839526414871216
xglm_large,facebook/xglm-2.9B,40,2LocalWordSwap,74,0.9992982745170593
xglm_large,facebook/xglm-2.9B,40,2LocalWordSwap,75,0.9882076382637024
xglm_large,facebook/xglm-2.9B,40,2LocalWordSwap,76,0.9933226704597473
xglm_large,facebook/xglm-2.9B,40,2LocalWordSwap,77,0.987282395362854
xglm_large,facebook/xglm-2.9B,40,2LocalWordSwap,78,0.9865574240684509
xglm_large,facebook/xglm-2.9B,40,2LocalWordSwap,79,0.9877066016197205
xglm_large,facebook/xglm-2.9B,40,2LocalWordSwap,80,0.9852810502052307
xglm_large,facebook/xglm-2.9B,40,2LocalWordSwap,81,0.998845100402832
xglm_large,facebook/xglm-2.9B,40,2LocalWordSwap,82,0.978544294834137
xglm_large,facebook/xglm-2.9B,40,2LocalWordSwap,83,0.9868975877761841
xglm_large,facebook/xglm-2.9B,40,2LocalWordSwap,84,0.9826909899711609
xglm_large,facebook/xglm-2.9B,40,2LocalWordSwap,85,0.9825706481933594
xglm_large,facebook/xglm-2.9B,40,2LocalWordSwap,86,0.9863184690475464
xglm_large,facebook/xglm-2.9B,40,2LocalWordSwap,87,0.9789074659347534
xglm_large,facebook/xglm-2.9B,40,2LocalWordSwap,88,0.9869661927223206
xglm_large,facebook/xglm-2.9B,40,2LocalWordSwap,89,0.986284613609314
xglm_large,facebook/xglm-2.9B,40,2LocalWordSwap,90,0.9872227907180786
xglm_large,facebook/xglm-2.9B,40,2LocalWordSwap,91,0.9890120029449463
xglm_large,facebook/xglm-2.9B,40,2LocalWordSwap,92,0.9830144643783569
xglm_large,facebook/xglm-2.9B,40,2LocalWordSwap,93,0.9995995759963989
xglm_large,facebook/xglm-2.9B,40,2LocalWordSwap,94,0.9880825877189636
xglm_large,facebook/xglm-2.9B,40,2LocalWordSwap,95,0.9975095391273499
xglm_large,facebook/xglm-2.9B,40,2LocalWordSwap,96,0.9974389672279358
xglm_large,facebook/xglm-2.9B,40,2LocalWordSwap,97,0.9912961721420288
xglm_large,facebook/xglm-2.9B,40,2LocalWordSwap,98,0.9857463836669922
xglm_large,facebook/xglm-2.9B,40,2LocalWordSwap,99,0.9886267781257629
xglm_large,facebook/xglm-2.9B,40,2LocalWordSwap,100,0.988207221031189
xglm_large,facebook/xglm-2.9B,40,2LocalWordSwap,101,0.9986467957496643
xglm_large,facebook/xglm-2.9B,40,2LocalWordSwap,102,0.9867356419563293
xglm_large,facebook/xglm-2.9B,40,2LocalWordSwap,103,0.9888232946395874
xglm_large,facebook/xglm-2.9B,40,2LocalWordSwap,104,0.9913246631622314
xglm_large,facebook/xglm-2.9B,40,2LocalWordSwap,105,0.987152099609375
xglm_large,facebook/xglm-2.9B,40,2LocalWordSwap,106,0.987217128276825
xglm_large,facebook/xglm-2.9B,40,2LocalWordSwap,107,0.9842680096626282
xglm_large,facebook/xglm-2.9B,40,2LocalWordSwap,108,0.9822068214416504
xglm_large,facebook/xglm-2.9B,40,2LocalWordSwap,109,0.9879080653190613
xglm_large,facebook/xglm-2.9B,40,2LocalWordSwap,110,0.9871416091918945
xglm_large,facebook/xglm-2.9B,40,2LocalWordSwap,111,0.9767815470695496
xglm_large,facebook/xglm-2.9B,40,2LocalWordSwap,112,0.9858897924423218
xglm_large,facebook/xglm-2.9B,40,2LocalWordSwap,113,0.9860485792160034
xglm_large,facebook/xglm-2.9B,40,2LocalWordSwap,114,0.9838740825653076
xglm_large,facebook/xglm-2.9B,40,2LocalWordSwap,115,0.9888454675674438
xglm_large,facebook/xglm-2.9B,40,2LocalWordSwap,116,0.9872217774391174
xglm_large,facebook/xglm-2.9B,40,2LocalWordSwap,117,0.9831097722053528
xglm_large,facebook/xglm-2.9B,40,2LocalWordSwap,118,0.9866164922714233
xglm_large,facebook/xglm-2.9B,40,2LocalWordSwap,119,0.9854985475540161
xglm_large,facebook/xglm-2.9B,40,2LocalWordSwap,120,0.9876046180725098
xglm_large,facebook/xglm-2.9B,40,2LocalWordSwap,121,0.9877066016197205
xglm_large,facebook/xglm-2.9B,40,2LocalWordSwap,122,0.9976479411125183
xglm_large,facebook/xglm-2.9B,40,2LocalWordSwap,123,0.9860114455223083
xglm_large,facebook/xglm-2.9B,40,2LocalWordSwap,124,0.9871616959571838
xglm_large,facebook/xglm-2.9B,40,2LocalWordSwap,125,0.990154504776001
xglm_large,facebook/xglm-2.9B,40,2LocalWordSwap,126,0.9879776239395142
xglm_large,facebook/xglm-2.9B,40,2LocalWordSwap,127,0.9902713298797607
xglm_large,facebook/xglm-2.9B,40,2LocalWordSwap,128,0.9920774102210999
xglm_large,facebook/xglm-2.9B,40,2LocalWordSwap,129,0.9862183332443237
xglm_large,facebook/xglm-2.9B,40,2LocalWordSwap,130,0.9859848618507385
xglm_large,facebook/xglm-2.9B,40,2LocalWordSwap,131,0.9906966090202332
xglm_large,facebook/xglm-2.9B,40,2LocalWordSwap,132,0.9965797662734985
xglm_large,facebook/xglm-2.9B,40,2LocalWordSwap,133,0.9873147010803223
xglm_large,facebook/xglm-2.9B,40,2LocalWordSwap,134,0.9867290258407593
xglm_large,facebook/xglm-2.9B,40,2LocalWordSwap,135,0.9928790330886841
xglm_large,facebook/xglm-2.9B,40,2LocalWordSwap,136,0.9905576705932617
xglm_large,facebook/xglm-2.9B,40,2LocalWordSwap,137,0.9982731938362122
xglm_large,facebook/xglm-2.9B,40,2LocalWordSwap,138,0.9880544543266296
xglm_large,facebook/xglm-2.9B,40,2LocalWordSwap,139,0.9978822469711304
xglm_large,facebook/xglm-2.9B,40,2LocalWordSwap,140,0.9989337921142578
xglm_large,facebook/xglm-2.9B,40,2LocalWordSwap,141,0.984713077545166
xglm_large,facebook/xglm-2.9B,40,2LocalWordSwap,142,0.9876891374588013
xglm_large,facebook/xglm-2.9B,40,2LocalWordSwap,143,0.9889810681343079
xglm_large,facebook/xglm-2.9B,40,2LocalWordSwap,144,0.9864545464515686
xglm_large,facebook/xglm-2.9B,40,2LocalWordSwap,145,0.9984046816825867
xglm_large,facebook/xglm-2.9B,40,2LocalWordSwap,146,0.9833431839942932
xglm_large,facebook/xglm-2.9B,40,2LocalWordSwap,147,0.9986575841903687
xglm_large,facebook/xglm-2.9B,40,2LocalWordSwap,148,0.9847120046615601
xglm_large,facebook/xglm-2.9B,40,2LocalWordSwap,149,0.989499032497406
xglm_large,facebook/xglm-2.9B,40,2LocalWordSwap,150,0.9894107580184937
xglm_large,facebook/xglm-2.9B,40,2LocalWordSwap,151,0.9916155338287354
xglm_large,facebook/xglm-2.9B,40,2LocalWordSwap,152,0.9858281016349792
xglm_large,facebook/xglm-2.9B,40,2LocalWordSwap,153,0.9851206541061401
xglm_large,facebook/xglm-2.9B,40,2LocalWordSwap,154,0.9884234666824341
xglm_large,facebook/xglm-2.9B,40,2LocalWordSwap,155,0.9852821230888367
xglm_large,facebook/xglm-2.9B,40,2LocalWordSwap,156,0.9848160743713379
xglm_large,facebook/xglm-2.9B,40,2LocalWordSwap,157,0.9895449876785278
xglm_large,facebook/xglm-2.9B,40,2LocalWordSwap,158,0.9883816242218018
xglm_large,facebook/xglm-2.9B,40,2LocalWordSwap,159,0.9869391322135925
xglm_large,facebook/xglm-2.9B,40,2LocalWordSwap,160,0.9867025017738342
xglm_large,facebook/xglm-2.9B,40,2LocalWordSwap,161,0.9857343435287476
xglm_large,facebook/xglm-2.9B,40,2LocalWordSwap,162,0.9820891618728638
xglm_large,facebook/xglm-2.9B,40,2LocalWordSwap,163,0.9836429357528687
xglm_large,facebook/xglm-2.9B,40,2LocalWordSwap,164,0.987196147441864
xglm_large,facebook/xglm-2.9B,40,2LocalWordSwap,165,0.9896467328071594
xglm_large,facebook/xglm-2.9B,40,2LocalWordSwap,166,0.9898589849472046
xglm_large,facebook/xglm-2.9B,40,2LocalWordSwap,167,0.9840929508209229
xglm_large,facebook/xglm-2.9B,40,2LocalWordSwap,168,0.9842434525489807
xglm_large,facebook/xglm-2.9B,40,2LocalWordSwap,169,0.9985862374305725
xglm_large,facebook/xglm-2.9B,40,2LocalWordSwap,170,0.9913927316665649
xglm_large,facebook/xglm-2.9B,40,2LocalWordSwap,171,0.9876002073287964
xglm_large,facebook/xglm-2.9B,40,2LocalWordSwap,172,0.984381377696991
xglm_large,facebook/xglm-2.9B,40,2LocalWordSwap,173,0.9844259023666382
xglm_large,facebook/xglm-2.9B,40,2LocalWordSwap,174,0.9888992309570312
xglm_large,facebook/xglm-2.9B,40,2LocalWordSwap,175,0.9992890357971191
xglm_large,facebook/xglm-2.9B,40,2LocalWordSwap,176,0.9840696454048157
xglm_large,facebook/xglm-2.9B,40,2LocalWordSwap,177,0.9899991750717163
xglm_large,facebook/xglm-2.9B,40,2LocalWordSwap,178,0.9916433095932007
xglm_large,facebook/xglm-2.9B,40,2LocalWordSwap,179,0.9995622634887695
xglm_large,facebook/xglm-2.9B,40,2LocalWordSwap,180,0.9992992877960205
xglm_large,facebook/xglm-2.9B,40,2LocalWordSwap,181,0.9931684732437134
xglm_large,facebook/xglm-2.9B,40,2LocalWordSwap,182,0.9875612854957581
xglm_large,facebook/xglm-2.9B,40,2LocalWordSwap,183,0.9914627075195312
xglm_large,facebook/xglm-2.9B,40,2LocalWordSwap,184,0.9838878512382507
xglm_large,facebook/xglm-2.9B,40,2LocalWordSwap,185,0.9993413686752319
xglm_large,facebook/xglm-2.9B,40,2LocalWordSwap,186,0.9886382222175598
xglm_large,facebook/xglm-2.9B,40,2LocalWordSwap,187,0.9869245886802673
xglm_large,facebook/xglm-2.9B,40,2LocalWordSwap,188,0.9845426678657532
xglm_large,facebook/xglm-2.9B,40,2LocalWordSwap,189,0.9871781468391418
xglm_large,facebook/xglm-2.9B,40,2LocalWordSwap,190,0.987200140953064
xglm_large,facebook/xglm-2.9B,40,2LocalWordSwap,191,0.9992066621780396
xglm_large,facebook/xglm-2.9B,40,2LocalWordSwap,192,0.99034184217453
xglm_large,facebook/xglm-2.9B,40,2LocalWordSwap,193,0.9881258606910706
xglm_large,facebook/xglm-2.9B,40,2LocalWordSwap,194,0.992296576499939
xglm_large,facebook/xglm-2.9B,40,2LocalWordSwap,195,0.9987010955810547
xglm_large,facebook/xglm-2.9B,40,2LocalWordSwap,196,0.9984742403030396
xglm_large,facebook/xglm-2.9B,40,2LocalWordSwap,197,0.986301064491272
xglm_large,facebook/xglm-2.9B,40,2LocalWordSwap,198,0.9881047606468201
xglm_large,facebook/xglm-2.9B,40,2LocalWordSwap,199,0.9860601425170898
xglm_large,facebook/xglm-2.9B,40,2LocalWordSwap,200,0.9884502291679382
xglm_large,facebook/xglm-2.9B,40,2LocalWordSwap,201,0.9880505204200745
xglm_large,facebook/xglm-2.9B,40,2LocalWordSwap,202,0.9826256036758423
xglm_large,facebook/xglm-2.9B,40,2LocalWordSwap,203,0.9949180483818054
xglm_large,facebook/xglm-2.9B,40,2LocalWordSwap,204,0.9907763004302979
xglm_large,facebook/xglm-2.9B,40,2LocalWordSwap,205,0.9889682531356812
xglm_large,facebook/xglm-2.9B,40,2LocalWordSwap,206,0.9873706102371216
xglm_large,facebook/xglm-2.9B,40,2LocalWordSwap,207,0.9984538555145264
xglm_large,facebook/xglm-2.9B,40,2LocalWordSwap,208,0.983066201210022
xglm_large,facebook/xglm-2.9B,40,2LocalWordSwap,209,0.9899592399597168
xglm_large,facebook/xglm-2.9B,40,2LocalWordSwap,210,0.9863729476928711
xglm_large,facebook/xglm-2.9B,40,2LocalWordSwap,211,0.9862877726554871
xglm_large,facebook/xglm-2.9B,40,2LocalWordSwap,212,0.9982991814613342
xglm_large,facebook/xglm-2.9B,40,2LocalWordSwap,213,0.9907535910606384
xglm_large,facebook/xglm-2.9B,40,2LocalWordSwap,214,0.9916355013847351
xglm_large,facebook/xglm-2.9B,40,2LocalWordSwap,215,0.9868170619010925
xglm_large,facebook/xglm-2.9B,40,2LocalWordSwap,216,0.9848346710205078
xglm_large,facebook/xglm-2.9B,40,2LocalWordSwap,217,0.9904066920280457
xglm_large,facebook/xglm-2.9B,40,2LocalWordSwap,218,0.9880097508430481
xglm_large,facebook/xglm-2.9B,40,2LocalWordSwap,219,0.9986217617988586
xglm_large,facebook/xglm-2.9B,40,2LocalWordSwap,220,0.9905383586883545
xglm_large,facebook/xglm-2.9B,40,2LocalWordSwap,221,0.9882639646530151
xglm_large,facebook/xglm-2.9B,40,2LocalWordSwap,222,0.991648256778717
xglm_large,facebook/xglm-2.9B,40,2LocalWordSwap,223,0.9905868768692017
xglm_large,facebook/xglm-2.9B,40,2LocalWordSwap,224,0.9886448979377747
xglm_large,facebook/xglm-2.9B,40,2LocalWordSwap,225,0.9854806065559387
xglm_large,facebook/xglm-2.9B,40,2LocalWordSwap,226,0.9968734979629517
xglm_large,facebook/xglm-2.9B,40,2LocalWordSwap,227,0.9915444850921631
xglm_large,facebook/xglm-2.9B,40,2LocalWordSwap,228,0.9969044923782349
xglm_large,facebook/xglm-2.9B,40,2LocalWordSwap,229,0.9890037178993225
xglm_large,facebook/xglm-2.9B,40,2LocalWordSwap,230,0.9891230463981628
xglm_large,facebook/xglm-2.9B,40,2LocalWordSwap,231,0.9897342324256897
xglm_large,facebook/xglm-2.9B,40,2LocalWordSwap,232,0.9854025840759277
xglm_large,facebook/xglm-2.9B,40,2LocalWordSwap,233,0.9819295406341553
xglm_large,facebook/xglm-2.9B,40,2LocalWordSwap,234,0.9892251491546631
xglm_large,facebook/xglm-2.9B,40,2LocalWordSwap,235,0.9873071908950806
xglm_large,facebook/xglm-2.9B,40,2LocalWordSwap,236,0.9822075963020325
xglm_large,facebook/xglm-2.9B,40,2LocalWordSwap,237,0.9886174201965332
xglm_large,facebook/xglm-2.9B,40,2LocalWordSwap,238,0.9856762886047363
xglm_large,facebook/xglm-2.9B,40,2LocalWordSwap,239,0.9871326088905334
xglm_large,facebook/xglm-2.9B,40,2LocalWordSwap,240,0.9993596076965332
xglm_large,facebook/xglm-2.9B,40,2LocalWordSwap,241,0.9807260632514954
xglm_large,facebook/xglm-2.9B,40,2LocalWordSwap,242,0.9884403944015503
xglm_large,facebook/xglm-2.9B,40,2LocalWordSwap,243,0.9923446774482727
xglm_large,facebook/xglm-2.9B,40,2LocalWordSwap,244,0.9996757507324219
xglm_large,facebook/xglm-2.9B,40,2LocalWordSwap,245,0.9944246411323547
xglm_large,facebook/xglm-2.9B,40,2LocalWordSwap,246,0.9994729161262512
xglm_large,facebook/xglm-2.9B,40,2LocalWordSwap,247,0.989743709564209
xglm_large,facebook/xglm-2.9B,40,2LocalWordSwap,248,0.9913579225540161
xglm_large,facebook/xglm-2.9B,40,2LocalWordSwap,249,0.9915485382080078
xglm_large,facebook/xglm-2.9B,40,2LocalWordSwap,250,0.9908897876739502
xglm_large,facebook/xglm-2.9B,40,2LocalWordSwap,251,0.9889726638793945
xglm_large,facebook/xglm-2.9B,40,2LocalWordSwap,252,0.9910104870796204
xglm_large,facebook/xglm-2.9B,40,2LocalWordSwap,253,0.9853354692459106
xglm_large,facebook/xglm-2.9B,40,2LocalWordSwap,254,0.9923176765441895
xglm_large,facebook/xglm-2.9B,40,2LocalWordSwap,255,0.9994522333145142
xglm_large,facebook/xglm-2.9B,40,2LocalWordSwap,256,0.9864608645439148
xglm_large,facebook/xglm-2.9B,40,2LocalWordSwap,257,0.987687885761261
xglm_large,facebook/xglm-2.9B,40,2LocalWordSwap,258,0.9897464513778687
xglm_large,facebook/xglm-2.9B,40,2LocalWordSwap,259,0.986225426197052
xglm_large,facebook/xglm-2.9B,40,2LocalWordSwap,260,0.9891855120658875
xglm_large,facebook/xglm-2.9B,40,2LocalWordSwap,261,0.9883123636245728
xglm_large,facebook/xglm-2.9B,40,2LocalWordSwap,262,0.9894828200340271
xglm_large,facebook/xglm-2.9B,40,2LocalWordSwap,263,0.9971640706062317
xglm_large,facebook/xglm-2.9B,40,2LocalWordSwap,264,0.9878542423248291
xglm_large,facebook/xglm-2.9B,40,2LocalWordSwap,265,0.9892520308494568
xglm_large,facebook/xglm-2.9B,40,2LocalWordSwap,266,0.9879351258277893
xglm_large,facebook/xglm-2.9B,40,2LocalWordSwap,267,0.987753689289093
xglm_large,facebook/xglm-2.9B,40,2LocalWordSwap,268,0.9922686815261841
xglm_large,facebook/xglm-2.9B,40,2LocalWordSwap,269,0.9848034977912903
xglm_large,facebook/xglm-2.9B,40,2LocalWordSwap,270,0.987147867679596
xglm_large,facebook/xglm-2.9B,40,2LocalWordSwap,271,0.9922477006912231
xglm_large,facebook/xglm-2.9B,40,2LocalWordSwap,272,0.9890184998512268
xglm_large,facebook/xglm-2.9B,40,2LocalWordSwap,273,0.9888538122177124
xglm_large,facebook/xglm-2.9B,40,2LocalWordSwap,274,0.9887949824333191
xglm_large,facebook/xglm-2.9B,40,2LocalWordSwap,275,0.9995809197425842
xglm_large,facebook/xglm-2.9B,40,2LocalWordSwap,276,0.9899624586105347
xglm_large,facebook/xglm-2.9B,40,2LocalWordSwap,277,0.982123851776123
xglm_large,facebook/xglm-2.9B,40,2LocalWordSwap,278,0.9854167103767395
xglm_large,facebook/xglm-2.9B,40,2LocalWordSwap,279,0.9890856742858887
xglm_large,facebook/xglm-2.9B,40,2LocalWordSwap,280,0.9897085428237915
xglm_large,facebook/xglm-2.9B,40,2LocalWordSwap,281,0.9914587736129761
xglm_large,facebook/xglm-2.9B,40,2LocalWordSwap,282,0.9873660802841187
xglm_large,facebook/xglm-2.9B,40,2LocalWordSwap,283,0.9846822619438171
xglm_large,facebook/xglm-2.9B,40,2LocalWordSwap,284,0.9941003918647766
xglm_large,facebook/xglm-2.9B,40,2LocalWordSwap,285,0.988583505153656
xglm_large,facebook/xglm-2.9B,40,2LocalWordSwap,286,0.9862265586853027
xglm_large,facebook/xglm-2.9B,40,2LocalWordSwap,287,0.9994418025016785
xglm_large,facebook/xglm-2.9B,40,2LocalWordSwap,288,0.9870628714561462
xglm_large,facebook/xglm-2.9B,40,2LocalWordSwap,289,0.9905436635017395
xglm_large,facebook/xglm-2.9B,40,2LocalWordSwap,290,0.9876391887664795
xglm_large,facebook/xglm-2.9B,40,2LocalWordSwap,291,0.9902888536453247
xglm_large,facebook/xglm-2.9B,40,2LocalWordSwap,292,0.9913527965545654
xglm_large,facebook/xglm-2.9B,40,2LocalWordSwap,293,0.9928146600723267
xglm_large,facebook/xglm-2.9B,40,2LocalWordSwap,294,0.9888700246810913
xglm_large,facebook/xglm-2.9B,40,2LocalWordSwap,295,0.9992822408676147
xglm_large,facebook/xglm-2.9B,40,2LocalWordSwap,296,0.9880002737045288
xglm_large,facebook/xglm-2.9B,40,2LocalWordSwap,297,0.9916037321090698
xglm_large,facebook/xglm-2.9B,40,2LocalWordSwap,298,0.988969087600708
xglm_large,facebook/xglm-2.9B,40,2LocalWordSwap,299,0.9922241568565369
xglm_large,facebook/xglm-2.9B,40,2LocalWordSwap,300,0.9989290833473206
xglm_large,facebook/xglm-2.9B,40,2LocalWordSwap,301,0.9913507699966431
xglm_large,facebook/xglm-2.9B,40,2LocalWordSwap,302,0.9900282025337219
xglm_large,facebook/xglm-2.9B,40,2LocalWordSwap,303,0.9880179762840271
xglm_large,facebook/xglm-2.9B,40,2LocalWordSwap,304,0.9895076155662537
xglm_large,facebook/xglm-2.9B,40,2LocalWordSwap,305,0.9904246926307678
xglm_large,facebook/xglm-2.9B,40,2LocalWordSwap,306,0.9911280274391174
xglm_large,facebook/xglm-2.9B,40,2LocalWordSwap,307,0.9987708926200867
xglm_large,facebook/xglm-2.9B,40,2LocalWordSwap,308,0.9935367703437805
xglm_large,facebook/xglm-2.9B,40,2LocalWordSwap,309,0.9936286211013794
xglm_large,facebook/xglm-2.9B,40,2LocalWordSwap,310,0.9920519590377808
xglm_large,facebook/xglm-2.9B,40,2LocalWordSwap,311,0.9887768626213074
xglm_large,facebook/xglm-2.9B,40,2LocalWordSwap,312,0.9941220283508301
xglm_large,facebook/xglm-2.9B,40,2LocalWordSwap,313,0.9857360124588013
xglm_large,facebook/xglm-2.9B,40,2LocalWordSwap,314,0.9910231828689575
xglm_large,facebook/xglm-2.9B,40,2LocalWordSwap,315,0.9926968812942505
xglm_large,facebook/xglm-2.9B,40,2LocalWordSwap,316,0.9887282252311707
xglm_large,facebook/xglm-2.9B,40,2LocalWordSwap,317,0.9892261028289795
xglm_large,facebook/xglm-2.9B,40,2LocalWordSwap,318,0.9920170307159424
xglm_large,facebook/xglm-2.9B,40,2LocalWordSwap,319,0.9987325072288513
xglm_large,facebook/xglm-2.9B,40,2LocalWordSwap,320,0.9915958642959595
xglm_large,facebook/xglm-2.9B,40,2LocalWordSwap,321,0.9993104934692383
xglm_large,facebook/xglm-2.9B,40,2LocalWordSwap,322,0.9817295074462891
xglm_large,facebook/xglm-2.9B,40,2LocalWordSwap,323,0.9823015928268433
xglm_large,facebook/xglm-2.9B,40,2LocalWordSwap,324,0.9883897304534912
xglm_large,facebook/xglm-2.9B,40,2LocalWordSwap,325,0.9975883364677429
xglm_large,facebook/xglm-2.9B,40,2LocalWordSwap,326,0.988601803779602
xglm_large,facebook/xglm-2.9B,40,2LocalWordSwap,327,0.9888757467269897
xglm_large,facebook/xglm-2.9B,40,2LocalWordSwap,328,0.9884047508239746
xglm_large,facebook/xglm-2.9B,40,2LocalWordSwap,329,0.988868772983551
xglm_large,facebook/xglm-2.9B,40,2LocalWordSwap,330,0.9890105724334717
xglm_large,facebook/xglm-2.9B,40,2LocalWordSwap,331,0.9920796155929565
xglm_large,facebook/xglm-2.9B,40,2LocalWordSwap,332,0.9903961420059204
xglm_large,facebook/xglm-2.9B,40,2LocalWordSwap,333,0.9887183308601379
xglm_large,facebook/xglm-2.9B,40,2LocalWordSwap,334,0.9946577548980713
xglm_large,facebook/xglm-2.9B,40,2LocalWordSwap,335,0.9887877702713013
xglm_large,facebook/xglm-2.9B,40,2LocalWordSwap,336,0.9901125431060791
xglm_large,facebook/xglm-2.9B,40,2LocalWordSwap,337,0.985212504863739
xglm_large,facebook/xglm-2.9B,40,2LocalWordSwap,338,0.9923241138458252
xglm_large,facebook/xglm-2.9B,40,2LocalWordSwap,339,0.9835852384567261
xglm_large,facebook/xglm-2.9B,40,2LocalWordSwap,340,0.9881676435470581
xglm_large,facebook/xglm-2.9B,40,2LocalWordSwap,341,0.9871737360954285
xglm_large,facebook/xglm-2.9B,40,2LocalWordSwap,342,0.983377993106842
xglm_large,facebook/xglm-2.9B,40,2LocalWordSwap,343,0.9865071177482605
xglm_large,facebook/xglm-2.9B,40,2LocalWordSwap,344,0.9805845022201538
xglm_large,facebook/xglm-2.9B,40,2LocalWordSwap,345,0.9889892935752869
xglm_large,facebook/xglm-2.9B,40,2LocalWordSwap,346,0.9849175810813904
xglm_large,facebook/xglm-2.9B,40,2LocalWordSwap,347,0.989936351776123
xglm_large,facebook/xglm-2.9B,40,2LocalWordSwap,348,0.9840824604034424
xglm_large,facebook/xglm-2.9B,40,2LocalWordSwap,349,0.9989567399024963
xglm_large,facebook/xglm-2.9B,40,2LocalWordSwap,350,0.9899808764457703
xglm_large,facebook/xglm-2.9B,40,2LocalWordSwap,351,0.9907326102256775
xglm_large,facebook/xglm-2.9B,40,2LocalWordSwap,352,0.9972754716873169
xglm_large,facebook/xglm-2.9B,40,2LocalWordSwap,353,0.9876704812049866
xglm_large,facebook/xglm-2.9B,40,2LocalWordSwap,354,0.9970123171806335
xglm_large,facebook/xglm-2.9B,40,2LocalWordSwap,355,0.9885632395744324
xglm_large,facebook/xglm-2.9B,40,2LocalWordSwap,356,0.9890206456184387
xglm_large,facebook/xglm-2.9B,40,2LocalWordSwap,357,0.9924838542938232
xglm_large,facebook/xglm-2.9B,40,2LocalWordSwap,358,0.9904510378837585
xglm_large,facebook/xglm-2.9B,40,2LocalWordSwap,359,0.9872199892997742
xglm_large,facebook/xglm-2.9B,40,2LocalWordSwap,360,0.9901136755943298
xglm_large,facebook/xglm-2.9B,40,2LocalWordSwap,361,0.991104006767273
xglm_large,facebook/xglm-2.9B,40,2LocalWordSwap,362,0.9889146089553833
xglm_large,facebook/xglm-2.9B,40,2LocalWordSwap,363,0.993026852607727
xglm_large,facebook/xglm-2.9B,40,2LocalWordSwap,364,0.990241527557373
xglm_large,facebook/xglm-2.9B,40,2LocalWordSwap,365,0.9885061979293823
xglm_large,facebook/xglm-2.9B,40,2LocalWordSwap,366,0.9851548671722412
xglm_large,facebook/xglm-2.9B,40,2LocalWordSwap,367,0.9916914105415344
xglm_large,facebook/xglm-2.9B,40,2LocalWordSwap,368,0.9902429580688477
xglm_large,facebook/xglm-2.9B,40,2LocalWordSwap,369,0.988445520401001
xglm_large,facebook/xglm-2.9B,40,2LocalWordSwap,370,0.9826476573944092
xglm_large,facebook/xglm-2.9B,40,2LocalWordSwap,371,0.9892804026603699
xglm_large,facebook/xglm-2.9B,40,2LocalWordSwap,372,0.9909818172454834
xglm_large,facebook/xglm-2.9B,40,2LocalWordSwap,373,0.9884672164916992
xglm_large,facebook/xglm-2.9B,40,2LocalWordSwap,374,0.9860720634460449
xglm_large,facebook/xglm-2.9B,40,2LocalWordSwap,375,0.9995978474617004
xglm_large,facebook/xglm-2.9B,40,2LocalWordSwap,376,0.9912276864051819
xglm_large,facebook/xglm-2.9B,40,2LocalWordSwap,377,0.9923219084739685
xglm_large,facebook/xglm-2.9B,40,2LocalWordSwap,378,0.9878925681114197
xglm_large,facebook/xglm-2.9B,40,2LocalWordSwap,379,0.9863879084587097
xglm_large,facebook/xglm-2.9B,40,2LocalWordSwap,380,0.9877350330352783
xglm_large,facebook/xglm-2.9B,40,2LocalWordSwap,381,0.9994895458221436
xglm_large,facebook/xglm-2.9B,40,2LocalWordSwap,382,0.9869500398635864
xglm_large,facebook/xglm-2.9B,40,2LocalWordSwap,383,0.9903910160064697
xglm_large,facebook/xglm-2.9B,40,2LocalWordSwap,384,0.9886152744293213
xglm_large,facebook/xglm-2.9B,40,2LocalWordSwap,385,0.9885532259941101
xglm_large,facebook/xglm-2.9B,40,2LocalWordSwap,386,0.9872539639472961
xglm_large,facebook/xglm-2.9B,40,2LocalWordSwap,387,0.9869125485420227
xglm_large,facebook/xglm-2.9B,40,2LocalWordSwap,388,0.9895313382148743
xglm_large,facebook/xglm-2.9B,40,2LocalWordSwap,389,0.9877243638038635
xglm_large,facebook/xglm-2.9B,40,2LocalWordSwap,390,0.9891486763954163
xglm_large,facebook/xglm-2.9B,40,2LocalWordSwap,391,0.9868021607398987
xglm_large,facebook/xglm-2.9B,40,2LocalWordSwap,392,0.9870762825012207
xglm_large,facebook/xglm-2.9B,40,2LocalWordSwap,393,0.9870385527610779
xglm_large,facebook/xglm-2.9B,40,2LocalWordSwap,394,0.996924877166748
xglm_large,facebook/xglm-2.9B,40,2LocalWordSwap,395,0.9875029921531677
xglm_large,facebook/xglm-2.9B,40,2LocalWordSwap,396,0.9908914566040039
xglm_large,facebook/xglm-2.9B,40,2LocalWordSwap,397,0.992691159248352
xglm_large,facebook/xglm-2.9B,40,2LocalWordSwap,398,0.9802154898643494
xglm_large,facebook/xglm-2.9B,40,2LocalWordSwap,399,0.9829189777374268
xglm_large,facebook/xglm-2.9B,40,2LocalWordSwap,400,0.9879738688468933
xglm_large,facebook/xglm-2.9B,40,2LocalWordSwap,401,0.9841078519821167
xglm_large,facebook/xglm-2.9B,40,2LocalWordSwap,402,0.989090085029602
xglm_large,facebook/xglm-2.9B,40,2LocalWordSwap,403,0.9820787906646729
xglm_large,facebook/xglm-2.9B,40,2LocalWordSwap,404,0.9884640574455261
xglm_large,facebook/xglm-2.9B,40,2LocalWordSwap,405,0.9870671033859253
xglm_large,facebook/xglm-2.9B,40,2LocalWordSwap,406,0.9855117201805115
xglm_large,facebook/xglm-2.9B,40,2LocalWordSwap,407,0.9851663112640381
xglm_large,facebook/xglm-2.9B,40,2LocalWordSwap,408,0.9903897047042847
xglm_large,facebook/xglm-2.9B,40,2LocalWordSwap,409,0.9890604615211487
xglm_large,facebook/xglm-2.9B,40,2LocalWordSwap,410,0.9833523631095886
xglm_large,facebook/xglm-2.9B,40,2LocalWordSwap,411,0.9861123561859131
xglm_large,facebook/xglm-2.9B,40,2LocalWordSwap,412,0.9858704805374146
xglm_large,facebook/xglm-2.9B,40,2LocalWordSwap,413,0.9883068799972534
xglm_large,facebook/xglm-2.9B,40,2LocalWordSwap,414,0.9814500212669373
xglm_large,facebook/xglm-2.9B,40,2LocalWordSwap,415,0.9860086441040039
xglm_large,facebook/xglm-2.9B,40,2LocalWordSwap,416,0.9874028563499451
xglm_large,facebook/xglm-2.9B,40,2LocalWordSwap,417,0.9883622527122498
xglm_large,facebook/xglm-2.9B,40,2LocalWordSwap,418,0.9917128682136536
xglm_large,facebook/xglm-2.9B,40,2LocalWordSwap,419,0.9987748265266418
xglm_large,facebook/xglm-2.9B,40,2LocalWordSwap,420,0.9903466701507568
xglm_large,facebook/xglm-2.9B,40,2LocalWordSwap,421,0.9827356338500977
xglm_large,facebook/xglm-2.9B,40,2LocalWordSwap,422,0.9892584085464478
xglm_large,facebook/xglm-2.9B,40,2LocalWordSwap,423,0.9819261431694031
xglm_large,facebook/xglm-2.9B,40,2LocalWordSwap,424,0.9888262152671814
xglm_large,facebook/xglm-2.9B,40,2LocalWordSwap,425,0.9976206421852112
xglm_large,facebook/xglm-2.9B,40,2LocalWordSwap,426,0.9898597598075867
xglm_large,facebook/xglm-2.9B,40,2LocalWordSwap,427,0.9872983694076538
xglm_large,facebook/xglm-2.9B,40,2LocalWordSwap,428,0.997938871383667
xglm_large,facebook/xglm-2.9B,40,2LocalWordSwap,429,0.9874918460845947
xglm_large,facebook/xglm-2.9B,40,2LocalWordSwap,430,0.9883540272712708
xglm_large,facebook/xglm-2.9B,40,2LocalWordSwap,431,0.9864015579223633
xglm_large,facebook/xglm-2.9B,40,2LocalWordSwap,432,0.9922731518745422
xglm_large,facebook/xglm-2.9B,40,2LocalWordSwap,433,0.9990876317024231
xglm_large,facebook/xglm-2.9B,40,2LocalWordSwap,434,0.99347323179245
xglm_large,facebook/xglm-2.9B,40,2LocalWordSwap,435,0.9873459339141846
xglm_large,facebook/xglm-2.9B,40,2LocalWordSwap,436,0.9929511547088623
xglm_large,facebook/xglm-2.9B,40,2LocalWordSwap,437,0.9884142279624939
xglm_large,facebook/xglm-2.9B,40,2LocalWordSwap,438,0.9987843036651611
xglm_large,facebook/xglm-2.9B,40,2LocalWordSwap,439,0.987627387046814
xglm_large,facebook/xglm-2.9B,40,2LocalWordSwap,440,0.9983717799186707
xglm_large,facebook/xglm-2.9B,40,2LocalWordSwap,441,0.9897759556770325
xglm_large,facebook/xglm-2.9B,40,2LocalWordSwap,442,0.9898535013198853
xglm_large,facebook/xglm-2.9B,40,2LocalWordSwap,443,0.9894508123397827
xglm_large,facebook/xglm-2.9B,40,2LocalWordSwap,444,0.999310314655304
xglm_large,facebook/xglm-2.9B,40,2LocalWordSwap,445,0.9883944392204285
xglm_large,facebook/xglm-2.9B,40,2LocalWordSwap,446,0.9838265180587769
xglm_large,facebook/xglm-2.9B,40,2LocalWordSwap,447,0.9897158741950989
xglm_large,facebook/xglm-2.9B,40,2LocalWordSwap,448,0.9997991919517517
xglm_large,facebook/xglm-2.9B,40,2LocalWordSwap,449,0.984366238117218
xglm_large,facebook/xglm-2.9B,40,2LocalWordSwap,450,0.9993648529052734
xglm_large,facebook/xglm-2.9B,40,2LocalWordSwap,451,0.9909020066261292
xglm_large,facebook/xglm-2.9B,40,2LocalWordSwap,452,0.9948016405105591
xglm_large,facebook/xglm-2.9B,40,2LocalWordSwap,453,0.9911768436431885
xglm_large,facebook/xglm-2.9B,40,2LocalWordSwap,454,0.9881749153137207
xglm_large,facebook/xglm-2.9B,40,2LocalWordSwap,455,0.9919343590736389
xglm_large,facebook/xglm-2.9B,40,2LocalWordSwap,456,0.9878914952278137
xglm_large,facebook/xglm-2.9B,40,2LocalWordSwap,457,0.998483419418335
xglm_large,facebook/xglm-2.9B,40,2LocalWordSwap,458,0.9992731809616089
xglm_large,facebook/xglm-2.9B,40,2LocalWordSwap,459,0.9934649467468262
xglm_large,facebook/xglm-2.9B,40,2LocalWordSwap,460,0.990195631980896
xglm_large,facebook/xglm-2.9B,40,2LocalWordSwap,461,0.9880279302597046
xglm_large,facebook/xglm-2.9B,40,2LocalWordSwap,462,0.9890165328979492
xglm_large,facebook/xglm-2.9B,40,2LocalWordSwap,463,0.9970119595527649
xglm_large,facebook/xglm-2.9B,40,2LocalWordSwap,464,0.9838263988494873
xglm_large,facebook/xglm-2.9B,40,2LocalWordSwap,465,0.9857435822486877
xglm_large,facebook/xglm-2.9B,40,2LocalWordSwap,466,0.9873147010803223
xglm_large,facebook/xglm-2.9B,40,2LocalWordSwap,467,0.9872349500656128
xglm_large,facebook/xglm-2.9B,40,2LocalWordSwap,468,0.9854229688644409
xglm_large,facebook/xglm-2.9B,40,2LocalWordSwap,469,0.9859771728515625
xglm_large,facebook/xglm-2.9B,40,2LocalWordSwap,470,0.9871372580528259
xglm_large,facebook/xglm-2.9B,40,2LocalWordSwap,471,0.9851515889167786
xglm_large,facebook/xglm-2.9B,40,2LocalWordSwap,472,0.9994717240333557
xglm_large,facebook/xglm-2.9B,40,2LocalWordSwap,473,0.9884428977966309
xglm_large,facebook/xglm-2.9B,40,2LocalWordSwap,474,0.9996445775032043
xglm_large,facebook/xglm-2.9B,40,2LocalWordSwap,475,0.9918678402900696
xglm_large,facebook/xglm-2.9B,40,2LocalWordSwap,476,0.9897405505180359
xglm_large,facebook/xglm-2.9B,40,2LocalWordSwap,477,0.9849066734313965
xglm_large,facebook/xglm-2.9B,40,2LocalWordSwap,478,0.998832643032074
xglm_large,facebook/xglm-2.9B,40,2LocalWordSwap,479,0.9870556592941284
xglm_large,facebook/xglm-2.9B,40,2LocalWordSwap,480,0.9883461594581604
xglm_large,facebook/xglm-2.9B,40,2LocalWordSwap,481,0.9907007813453674
xglm_large,facebook/xglm-2.9B,40,2LocalWordSwap,482,0.989842414855957
xglm_large,facebook/xglm-2.9B,40,2LocalWordSwap,483,0.9884538650512695
xglm_large,facebook/xglm-2.9B,40,2LocalWordSwap,484,0.9918857216835022
xglm_large,facebook/xglm-2.9B,40,2LocalWordSwap,485,0.9903865456581116
xglm_large,facebook/xglm-2.9B,40,2LocalWordSwap,486,0.9859182834625244
xglm_large,facebook/xglm-2.9B,40,2LocalWordSwap,487,0.9892066121101379
xglm_large,facebook/xglm-2.9B,40,2LocalWordSwap,488,0.9879485964775085
xglm_large,facebook/xglm-2.9B,40,2LocalWordSwap,489,0.9882135391235352
xglm_large,facebook/xglm-2.9B,40,2LocalWordSwap,490,0.9898146390914917
xglm_large,facebook/xglm-2.9B,40,2LocalWordSwap,491,0.9921211004257202
xglm_large,facebook/xglm-2.9B,40,2LocalWordSwap,492,0.999455451965332
xglm_large,facebook/xglm-2.9B,40,2LocalWordSwap,493,0.9992537498474121
xglm_large,facebook/xglm-2.9B,40,2LocalWordSwap,494,0.9911341667175293
xglm_large,facebook/xglm-2.9B,40,2LocalWordSwap,495,0.9933923482894897
xglm_large,facebook/xglm-2.9B,40,2LocalWordSwap,496,0.9912735223770142
xglm_large,facebook/xglm-2.9B,40,2LocalWordSwap,497,0.9922441244125366
xglm_large,facebook/xglm-2.9B,40,2LocalWordSwap,498,0.9894172549247742
xglm_large,facebook/xglm-2.9B,40,2LocalWordSwap,499,0.9995689988136292
xglm_large,facebook/xglm-2.9B,40,2LocalWordSwap,500,0.9998795986175537
xglm_large,facebook/xglm-2.9B,40,2LocalWordSwap,501,0.9881897568702698
xglm_large,facebook/xglm-2.9B,40,2LocalWordSwap,502,0.9833109378814697
xglm_large,facebook/xglm-2.9B,40,2LocalWordSwap,503,0.9885371923446655
xglm_large,facebook/xglm-2.9B,40,2LocalWordSwap,504,0.9912932515144348
xglm_large,facebook/xglm-2.9B,40,2LocalWordSwap,505,0.9910055994987488
xglm_large,facebook/xglm-2.9B,40,2LocalWordSwap,506,0.9870877265930176
xglm_large,facebook/xglm-2.9B,40,2LocalWordSwap,507,0.9891982674598694
xglm_large,facebook/xglm-2.9B,40,2LocalWordSwap,508,0.9860493540763855
xglm_large,facebook/xglm-2.9B,40,2LocalWordSwap,509,0.9893850684165955
xglm_large,facebook/xglm-2.9B,40,2LocalWordSwap,510,0.9869310855865479
xglm_large,facebook/xglm-2.9B,40,2LocalWordSwap,511,0.9901590943336487
xglm_large,facebook/xglm-2.9B,40,2LocalWordSwap,512,0.9900769591331482
xglm_large,facebook/xglm-2.9B,40,2LocalWordSwap,513,0.9922789335250854
xglm_large,facebook/xglm-2.9B,40,2LocalWordSwap,514,0.9882490634918213
xglm_large,facebook/xglm-2.9B,40,2LocalWordSwap,515,0.9868576526641846
xglm_large,facebook/xglm-2.9B,40,2LocalWordSwap,516,0.985344409942627
xglm_large,facebook/xglm-2.9B,40,2LocalWordSwap,517,0.9920881986618042
xglm_large,facebook/xglm-2.9B,40,2LocalWordSwap,518,0.9866512417793274
xglm_large,facebook/xglm-2.9B,40,2LocalWordSwap,519,0.9865214228630066
xglm_large,facebook/xglm-2.9B,40,2LocalWordSwap,520,0.9885008335113525
xglm_large,facebook/xglm-2.9B,40,2LocalWordSwap,521,0.9902725219726562
xglm_large,facebook/xglm-2.9B,40,2LocalWordSwap,522,0.9895271062850952
xglm_large,facebook/xglm-2.9B,40,2LocalWordSwap,523,0.9904828071594238
xglm_large,facebook/xglm-2.9B,40,2LocalWordSwap,524,0.9892948269844055
xglm_large,facebook/xglm-2.9B,40,2LocalWordSwap,525,0.9909716844558716
xglm_large,facebook/xglm-2.9B,40,2LocalWordSwap,526,0.9896284937858582
xglm_large,facebook/xglm-2.9B,40,2LocalWordSwap,527,0.9904236197471619
xglm_large,facebook/xglm-2.9B,40,2LocalWordSwap,528,0.9883150458335876
xglm_large,facebook/xglm-2.9B,40,2LocalWordSwap,529,0.9896634221076965
xglm_large,facebook/xglm-2.9B,40,2LocalWordSwap,530,0.9852336049079895
xglm_large,facebook/xglm-2.9B,40,2LocalWordSwap,531,0.9864700436592102
xglm_large,facebook/xglm-2.9B,40,2LocalWordSwap,532,0.9874853491783142
xglm_large,facebook/xglm-2.9B,40,2LocalWordSwap,533,0.9875714778900146
xglm_large,facebook/xglm-2.9B,40,2LocalWordSwap,534,0.9909787178039551
xglm_large,facebook/xglm-2.9B,40,2LocalWordSwap,535,0.9992426633834839
xglm_large,facebook/xglm-2.9B,40,2LocalWordSwap,536,0.9864051342010498
xglm_large,facebook/xglm-2.9B,40,2LocalWordSwap,537,0.9905913472175598
xglm_large,facebook/xglm-2.9B,40,2LocalWordSwap,538,0.9905300736427307
xglm_large,facebook/xglm-2.9B,40,2LocalWordSwap,539,0.9857378005981445
xglm_large,facebook/xglm-2.9B,40,2LocalWordSwap,540,0.9847586154937744
xglm_large,facebook/xglm-2.9B,40,2LocalWordSwap,541,0.9855038523674011
xglm_large,facebook/xglm-2.9B,40,2LocalWordSwap,542,0.9975981712341309
xglm_large,facebook/xglm-2.9B,40,2LocalWordSwap,543,0.9870801568031311
xglm_large,facebook/xglm-2.9B,40,2LocalWordSwap,544,0.9886972308158875
xglm_large,facebook/xglm-2.9B,40,2LocalWordSwap,545,0.9850987195968628
xglm_large,facebook/xglm-2.9B,40,2LocalWordSwap,546,0.9923832416534424
xglm_large,facebook/xglm-2.9B,40,2LocalWordSwap,547,0.9883447885513306
xglm_large,facebook/xglm-2.9B,40,2LocalWordSwap,548,0.9984229803085327
xglm_large,facebook/xglm-2.9B,40,2LocalWordSwap,549,0.993573784828186
xglm_large,facebook/xglm-2.9B,40,2LocalWordSwap,550,0.9853709936141968
xglm_large,facebook/xglm-2.9B,40,2LocalWordSwap,551,0.9992879629135132
xglm_large,facebook/xglm-2.9B,40,2LocalWordSwap,552,0.9895421266555786
xglm_large,facebook/xglm-2.9B,40,2LocalWordSwap,553,0.9853277206420898
xglm_large,facebook/xglm-2.9B,40,2LocalWordSwap,554,0.9990231394767761
xglm_large,facebook/xglm-2.9B,40,2LocalWordSwap,555,0.9897123575210571
xglm_large,facebook/xglm-2.9B,40,2LocalWordSwap,556,0.9878179430961609
xglm_large,facebook/xglm-2.9B,40,2LocalWordSwap,557,0.9974064826965332
xglm_large,facebook/xglm-2.9B,40,2LocalWordSwap,558,0.9898043274879456
xglm_large,facebook/xglm-2.9B,40,2LocalWordSwap,559,0.9914925694465637
xglm_large,facebook/xglm-2.9B,40,2LocalWordSwap,560,0.9863263368606567
xglm_large,facebook/xglm-2.9B,40,2LocalWordSwap,561,0.998921275138855
xglm_large,facebook/xglm-2.9B,40,2LocalWordSwap,562,0.9914152026176453
xglm_large,facebook/xglm-2.9B,40,2LocalWordSwap,563,0.992211103439331
xglm_large,facebook/xglm-2.9B,40,2LocalWordSwap,564,0.9911752939224243
xglm_large,facebook/xglm-2.9B,40,2LocalWordSwap,565,0.9921905398368835
xglm_large,facebook/xglm-2.9B,40,2LocalWordSwap,566,0.9919039607048035
xglm_large,facebook/xglm-2.9B,40,2LocalWordSwap,567,0.9883767366409302
xglm_large,facebook/xglm-2.9B,40,2LocalWordSwap,568,0.9893804788589478
xglm_large,facebook/xglm-2.9B,40,2LocalWordSwap,569,0.9905329346656799
xglm_large,facebook/xglm-2.9B,40,2LocalWordSwap,570,0.992148756980896
xglm_large,facebook/xglm-2.9B,40,2LocalWordSwap,571,0.9901888370513916
xglm_large,facebook/xglm-2.9B,40,2LocalWordSwap,572,0.9939591884613037
xglm_large,facebook/xglm-2.9B,40,2LocalWordSwap,573,0.9888839721679688
xglm_large,facebook/xglm-2.9B,40,2LocalWordSwap,574,0.9880049228668213
xglm_large,facebook/xglm-2.9B,40,2LocalWordSwap,575,0.9847232103347778
xglm_large,facebook/xglm-2.9B,40,2LocalWordSwap,576,0.9890883564949036
xglm_large,facebook/xglm-2.9B,40,2LocalWordSwap,577,0.9882040023803711
xglm_large,facebook/xglm-2.9B,40,2LocalWordSwap,578,0.9921808838844299
xglm_large,facebook/xglm-2.9B,40,2LocalWordSwap,579,0.9913582801818848
xglm_large,facebook/xglm-2.9B,40,2LocalWordSwap,580,0.9992254972457886
xglm_large,facebook/xglm-2.9B,40,2LocalWordSwap,581,0.9971714019775391
xglm_large,facebook/xglm-2.9B,40,2LocalWordSwap,582,0.9903178811073303
xglm_large,facebook/xglm-2.9B,40,2LocalWordSwap,583,0.9900318384170532
xglm_large,facebook/xglm-2.9B,40,2LocalWordSwap,584,0.9935024976730347
xglm_large,facebook/xglm-2.9B,40,2LocalWordSwap,585,0.9908296465873718
xglm_large,facebook/xglm-2.9B,40,2LocalWordSwap,586,0.988919734954834
xglm_large,facebook/xglm-2.9B,40,2LocalWordSwap,587,0.9906255006790161
xglm_large,facebook/xglm-2.9B,40,2LocalWordSwap,588,0.9896959066390991
xglm_large,facebook/xglm-2.9B,40,2LocalWordSwap,589,0.9932728409767151
xglm_large,facebook/xglm-2.9B,40,2LocalWordSwap,590,0.9898964762687683
xglm_large,facebook/xglm-2.9B,40,2LocalWordSwap,591,0.9902422428131104
xglm_large,facebook/xglm-2.9B,40,2LocalWordSwap,592,0.9919610619544983
xglm_large,facebook/xglm-2.9B,40,2LocalWordSwap,593,0.9900839328765869
xglm_large,facebook/xglm-2.9B,40,2LocalWordSwap,594,0.9989739060401917
xglm_large,facebook/xglm-2.9B,40,2LocalWordSwap,595,0.9877638816833496
xglm_large,facebook/xglm-2.9B,40,2LocalWordSwap,596,0.9877213835716248
xglm_large,facebook/xglm-2.9B,40,2LocalWordSwap,597,0.9877976179122925
xglm_large,facebook/xglm-2.9B,40,2LocalWordSwap,598,0.9891523718833923
xglm_large,facebook/xglm-2.9B,40,2LocalWordSwap,599,0.9874639511108398
xglm_large,facebook/xglm-2.9B,40,2LocalWordSwap,600,0.9933003783226013
xglm_large,facebook/xglm-2.9B,40,2LocalWordSwap,601,0.9815734028816223
xglm_large,facebook/xglm-2.9B,40,2LocalWordSwap,602,0.9984409213066101
xglm_large,facebook/xglm-2.9B,40,2LocalWordSwap,603,0.9898439049720764
xglm_large,facebook/xglm-2.9B,40,2LocalWordSwap,604,0.9992513656616211
xglm_large,facebook/xglm-2.9B,40,2LocalWordSwap,605,0.9890942573547363
xglm_large,facebook/xglm-2.9B,40,2LocalWordSwap,606,0.9900311231613159
xglm_large,facebook/xglm-2.9B,40,2LocalWordSwap,607,0.9857556819915771
xglm_large,facebook/xglm-2.9B,40,2LocalWordSwap,608,0.9861307144165039
xglm_large,facebook/xglm-2.9B,40,2LocalWordSwap,609,0.9834033250808716
xglm_large,facebook/xglm-2.9B,40,2LocalWordSwap,610,0.9880381226539612
xglm_large,facebook/xglm-2.9B,40,2LocalWordSwap,611,0.9996044635772705
xglm_large,facebook/xglm-2.9B,40,2LocalWordSwap,612,0.9883670210838318
xglm_large,facebook/xglm-2.9B,40,2LocalWordSwap,613,0.9875198006629944
xglm_large,facebook/xglm-2.9B,40,2LocalWordSwap,614,0.9979572892189026
xglm_large,facebook/xglm-2.9B,40,2LocalWordSwap,615,0.9905380010604858
xglm_large,facebook/xglm-2.9B,40,2LocalWordSwap,616,0.9862735271453857
xglm_large,facebook/xglm-2.9B,40,2LocalWordSwap,617,0.9867122769355774
xglm_large,facebook/xglm-2.9B,40,2LocalWordSwap,618,0.9908745884895325
xglm_large,facebook/xglm-2.9B,40,2LocalWordSwap,619,0.9902847409248352
xglm_large,facebook/xglm-2.9B,40,2LocalWordSwap,620,0.9903509020805359
xglm_large,facebook/xglm-2.9B,40,2LocalWordSwap,621,0.9877452254295349
xglm_large,facebook/xglm-2.9B,40,2LocalWordSwap,622,0.9878646731376648
xglm_large,facebook/xglm-2.9B,40,2LocalWordSwap,623,0.9870066046714783
xglm_large,facebook/xglm-2.9B,40,2LocalWordSwap,624,0.9870290756225586
xglm_large,facebook/xglm-2.9B,40,2LocalWordSwap,625,0.9876656532287598
xglm_large,facebook/xglm-2.9B,40,2LocalWordSwap,626,0.988703727722168
xglm_large,facebook/xglm-2.9B,40,3LocalWordSwaps,0,0.9836540222167969
xglm_large,facebook/xglm-2.9B,40,3LocalWordSwaps,1,0.980725884437561
xglm_large,facebook/xglm-2.9B,40,3LocalWordSwaps,2,0.9800854325294495
xglm_large,facebook/xglm-2.9B,40,3LocalWordSwaps,3,0.9813715219497681
xglm_large,facebook/xglm-2.9B,40,3LocalWordSwaps,4,0.9817228317260742
xglm_large,facebook/xglm-2.9B,40,3LocalWordSwaps,5,0.9991576671600342
xglm_large,facebook/xglm-2.9B,40,3LocalWordSwaps,6,0.9860928654670715
xglm_large,facebook/xglm-2.9B,40,3LocalWordSwaps,7,0.9897457957267761
xglm_large,facebook/xglm-2.9B,40,3LocalWordSwaps,8,0.9880200028419495
xglm_large,facebook/xglm-2.9B,40,3LocalWordSwaps,9,0.9845645427703857
xglm_large,facebook/xglm-2.9B,40,3LocalWordSwaps,10,0.9896507263183594
xglm_large,facebook/xglm-2.9B,40,3LocalWordSwaps,11,0.9865378141403198
xglm_large,facebook/xglm-2.9B,40,3LocalWordSwaps,12,0.9919930696487427
xglm_large,facebook/xglm-2.9B,40,3LocalWordSwaps,13,0.982610285282135
xglm_large,facebook/xglm-2.9B,40,3LocalWordSwaps,14,0.9855526685714722
xglm_large,facebook/xglm-2.9B,40,3LocalWordSwaps,15,0.9874635338783264
xglm_large,facebook/xglm-2.9B,40,3LocalWordSwaps,16,0.9871215224266052
xglm_large,facebook/xglm-2.9B,40,3LocalWordSwaps,17,0.9878795742988586
xglm_large,facebook/xglm-2.9B,40,3LocalWordSwaps,18,0.9883623123168945
xglm_large,facebook/xglm-2.9B,40,3LocalWordSwaps,19,0.9981610178947449
xglm_large,facebook/xglm-2.9B,40,3LocalWordSwaps,20,0.9986201524734497
xglm_large,facebook/xglm-2.9B,40,3LocalWordSwaps,21,0.9783568978309631
xglm_large,facebook/xglm-2.9B,40,3LocalWordSwaps,22,0.9851300120353699
xglm_large,facebook/xglm-2.9B,40,3LocalWordSwaps,23,0.9968857765197754
xglm_large,facebook/xglm-2.9B,40,3LocalWordSwaps,24,0.9891232252120972
xglm_large,facebook/xglm-2.9B,40,3LocalWordSwaps,25,0.9851204752922058
xglm_large,facebook/xglm-2.9B,40,3LocalWordSwaps,26,0.9842645525932312
xglm_large,facebook/xglm-2.9B,40,3LocalWordSwaps,27,0.9885717630386353
xglm_large,facebook/xglm-2.9B,40,3LocalWordSwaps,28,0.9834731817245483
xglm_large,facebook/xglm-2.9B,40,3LocalWordSwaps,29,0.9866732954978943
xglm_large,facebook/xglm-2.9B,40,3LocalWordSwaps,30,0.9859312176704407
xglm_large,facebook/xglm-2.9B,40,3LocalWordSwaps,31,0.9861725568771362
xglm_large,facebook/xglm-2.9B,40,3LocalWordSwaps,32,0.9876986742019653
xglm_large,facebook/xglm-2.9B,40,3LocalWordSwaps,33,0.9834486246109009
xglm_large,facebook/xglm-2.9B,40,3LocalWordSwaps,34,0.9847149848937988
xglm_large,facebook/xglm-2.9B,40,3LocalWordSwaps,35,0.9918176531791687
xglm_large,facebook/xglm-2.9B,40,3LocalWordSwaps,36,0.9841643571853638
xglm_large,facebook/xglm-2.9B,40,3LocalWordSwaps,37,0.9884306192398071
xglm_large,facebook/xglm-2.9B,40,3LocalWordSwaps,38,0.9851968884468079
xglm_large,facebook/xglm-2.9B,40,3LocalWordSwaps,39,0.9785115122795105
xglm_large,facebook/xglm-2.9B,40,3LocalWordSwaps,40,0.9873594641685486
xglm_large,facebook/xglm-2.9B,40,3LocalWordSwaps,41,0.9874780178070068
xglm_large,facebook/xglm-2.9B,40,3LocalWordSwaps,42,0.9828617572784424
xglm_large,facebook/xglm-2.9B,40,3LocalWordSwaps,43,0.9909226298332214
xglm_large,facebook/xglm-2.9B,40,3LocalWordSwaps,44,0.9871300458908081
xglm_large,facebook/xglm-2.9B,40,3LocalWordSwaps,45,0.9909279346466064
xglm_large,facebook/xglm-2.9B,40,3LocalWordSwaps,46,0.9893733859062195
xglm_large,facebook/xglm-2.9B,40,3LocalWordSwaps,47,0.982604444026947
xglm_large,facebook/xglm-2.9B,40,3LocalWordSwaps,48,0.9989220499992371
xglm_large,facebook/xglm-2.9B,40,3LocalWordSwaps,49,0.9879619479179382
xglm_large,facebook/xglm-2.9B,40,3LocalWordSwaps,50,0.9890134930610657
xglm_large,facebook/xglm-2.9B,40,3LocalWordSwaps,51,0.9853269457817078
xglm_large,facebook/xglm-2.9B,40,3LocalWordSwaps,52,0.9866202473640442
xglm_large,facebook/xglm-2.9B,40,3LocalWordSwaps,53,0.9897749423980713
xglm_large,facebook/xglm-2.9B,40,3LocalWordSwaps,54,0.9983826875686646
xglm_large,facebook/xglm-2.9B,40,3LocalWordSwaps,55,0.988692581653595
xglm_large,facebook/xglm-2.9B,40,3LocalWordSwaps,56,0.9844384789466858
xglm_large,facebook/xglm-2.9B,40,3LocalWordSwaps,57,0.9859335422515869
xglm_large,facebook/xglm-2.9B,40,3LocalWordSwaps,58,0.9879426956176758
xglm_large,facebook/xglm-2.9B,40,3LocalWordSwaps,59,0.989750862121582
xglm_large,facebook/xglm-2.9B,40,3LocalWordSwaps,60,0.9876099824905396
xglm_large,facebook/xglm-2.9B,40,3LocalWordSwaps,61,0.986055850982666
xglm_large,facebook/xglm-2.9B,40,3LocalWordSwaps,62,0.9972195625305176
xglm_large,facebook/xglm-2.9B,40,3LocalWordSwaps,63,0.9903956651687622
xglm_large,facebook/xglm-2.9B,40,3LocalWordSwaps,64,0.9810356497764587
xglm_large,facebook/xglm-2.9B,40,3LocalWordSwaps,65,0.9986342191696167
xglm_large,facebook/xglm-2.9B,40,3LocalWordSwaps,66,0.9867256879806519
xglm_large,facebook/xglm-2.9B,40,3LocalWordSwaps,67,0.9887593984603882
xglm_large,facebook/xglm-2.9B,40,3LocalWordSwaps,68,0.9915183782577515
xglm_large,facebook/xglm-2.9B,40,3LocalWordSwaps,69,0.9862825274467468
xglm_large,facebook/xglm-2.9B,40,3LocalWordSwaps,70,0.9827032685279846
xglm_large,facebook/xglm-2.9B,40,3LocalWordSwaps,71,0.9873853921890259
xglm_large,facebook/xglm-2.9B,40,3LocalWordSwaps,72,0.984752893447876
xglm_large,facebook/xglm-2.9B,40,3LocalWordSwaps,73,0.983872652053833
xglm_large,facebook/xglm-2.9B,40,3LocalWordSwaps,74,0.9986515641212463
xglm_large,facebook/xglm-2.9B,40,3LocalWordSwaps,75,0.9874155521392822
xglm_large,facebook/xglm-2.9B,40,3LocalWordSwaps,76,0.9934361577033997
xglm_large,facebook/xglm-2.9B,40,3LocalWordSwaps,77,0.9865636825561523
xglm_large,facebook/xglm-2.9B,40,3LocalWordSwaps,78,0.9853985905647278
xglm_large,facebook/xglm-2.9B,40,3LocalWordSwaps,79,0.9882419109344482
xglm_large,facebook/xglm-2.9B,40,3LocalWordSwaps,80,0.9848827123641968
xglm_large,facebook/xglm-2.9B,40,3LocalWordSwaps,81,0.9973493814468384
xglm_large,facebook/xglm-2.9B,40,3LocalWordSwaps,82,0.9777953028678894
xglm_large,facebook/xglm-2.9B,40,3LocalWordSwaps,83,0.9851886630058289
xglm_large,facebook/xglm-2.9B,40,3LocalWordSwaps,84,0.975700855255127
xglm_large,facebook/xglm-2.9B,40,3LocalWordSwaps,85,0.9836830496788025
xglm_large,facebook/xglm-2.9B,40,3LocalWordSwaps,86,0.9867351055145264
xglm_large,facebook/xglm-2.9B,40,3LocalWordSwaps,87,0.9796409010887146
xglm_large,facebook/xglm-2.9B,40,3LocalWordSwaps,88,0.9868237972259521
xglm_large,facebook/xglm-2.9B,40,3LocalWordSwaps,89,0.9864321351051331
xglm_large,facebook/xglm-2.9B,40,3LocalWordSwaps,90,0.9881625175476074
xglm_large,facebook/xglm-2.9B,40,3LocalWordSwaps,91,0.9890607595443726
xglm_large,facebook/xglm-2.9B,40,3LocalWordSwaps,92,0.9831895232200623
xglm_large,facebook/xglm-2.9B,40,3LocalWordSwaps,93,0.9994234442710876
xglm_large,facebook/xglm-2.9B,40,3LocalWordSwaps,94,0.9872377514839172
xglm_large,facebook/xglm-2.9B,40,3LocalWordSwaps,95,0.9971231818199158
xglm_large,facebook/xglm-2.9B,40,3LocalWordSwaps,96,0.9962221384048462
xglm_large,facebook/xglm-2.9B,40,3LocalWordSwaps,97,0.9917060136795044
xglm_large,facebook/xglm-2.9B,40,3LocalWordSwaps,98,0.9829781651496887
xglm_large,facebook/xglm-2.9B,40,3LocalWordSwaps,99,0.9879721999168396
xglm_large,facebook/xglm-2.9B,40,3LocalWordSwaps,100,0.9863383173942566
xglm_large,facebook/xglm-2.9B,40,3LocalWordSwaps,101,0.9983298778533936
xglm_large,facebook/xglm-2.9B,40,3LocalWordSwaps,102,0.9867297410964966
xglm_large,facebook/xglm-2.9B,40,3LocalWordSwaps,103,0.9869979619979858
xglm_large,facebook/xglm-2.9B,40,3LocalWordSwaps,104,0.9914401173591614
xglm_large,facebook/xglm-2.9B,40,3LocalWordSwaps,105,0.9873642325401306
xglm_large,facebook/xglm-2.9B,40,3LocalWordSwaps,106,0.9877076148986816
xglm_large,facebook/xglm-2.9B,40,3LocalWordSwaps,107,0.9857703447341919
xglm_large,facebook/xglm-2.9B,40,3LocalWordSwaps,108,0.9820635914802551
xglm_large,facebook/xglm-2.9B,40,3LocalWordSwaps,109,0.9859698414802551
xglm_large,facebook/xglm-2.9B,40,3LocalWordSwaps,110,0.986670970916748
xglm_large,facebook/xglm-2.9B,40,3LocalWordSwaps,111,0.9764535427093506
xglm_large,facebook/xglm-2.9B,40,3LocalWordSwaps,112,0.9853134155273438
xglm_large,facebook/xglm-2.9B,40,3LocalWordSwaps,113,0.9855765104293823
xglm_large,facebook/xglm-2.9B,40,3LocalWordSwaps,114,0.9831600189208984
xglm_large,facebook/xglm-2.9B,40,3LocalWordSwaps,115,0.9882751703262329
xglm_large,facebook/xglm-2.9B,40,3LocalWordSwaps,116,0.988791286945343
xglm_large,facebook/xglm-2.9B,40,3LocalWordSwaps,117,0.9826002717018127
xglm_large,facebook/xglm-2.9B,40,3LocalWordSwaps,118,0.986996054649353
xglm_large,facebook/xglm-2.9B,40,3LocalWordSwaps,119,0.9845179319381714
xglm_large,facebook/xglm-2.9B,40,3LocalWordSwaps,120,0.9877350330352783
xglm_large,facebook/xglm-2.9B,40,3LocalWordSwaps,121,0.984882652759552
xglm_large,facebook/xglm-2.9B,40,3LocalWordSwaps,122,0.9970074892044067
xglm_large,facebook/xglm-2.9B,40,3LocalWordSwaps,123,0.9865390062332153
xglm_large,facebook/xglm-2.9B,40,3LocalWordSwaps,124,0.9868180751800537
xglm_large,facebook/xglm-2.9B,40,3LocalWordSwaps,125,0.9901871681213379
xglm_large,facebook/xglm-2.9B,40,3LocalWordSwaps,126,0.9881319403648376
xglm_large,facebook/xglm-2.9B,40,3LocalWordSwaps,127,0.9899352192878723
xglm_large,facebook/xglm-2.9B,40,3LocalWordSwaps,128,0.9925079941749573
xglm_large,facebook/xglm-2.9B,40,3LocalWordSwaps,129,0.9854277968406677
xglm_large,facebook/xglm-2.9B,40,3LocalWordSwaps,130,0.985939621925354
xglm_large,facebook/xglm-2.9B,40,3LocalWordSwaps,131,0.9908493161201477
xglm_large,facebook/xglm-2.9B,40,3LocalWordSwaps,132,0.9963525533676147
xglm_large,facebook/xglm-2.9B,40,3LocalWordSwaps,133,0.9878115653991699
xglm_large,facebook/xglm-2.9B,40,3LocalWordSwaps,134,0.986777663230896
xglm_large,facebook/xglm-2.9B,40,3LocalWordSwaps,135,0.9914991855621338
xglm_large,facebook/xglm-2.9B,40,3LocalWordSwaps,136,0.9914378523826599
xglm_large,facebook/xglm-2.9B,40,3LocalWordSwaps,137,0.9979605078697205
xglm_large,facebook/xglm-2.9B,40,3LocalWordSwaps,138,0.9879938364028931
xglm_large,facebook/xglm-2.9B,40,3LocalWordSwaps,139,0.9963052272796631
xglm_large,facebook/xglm-2.9B,40,3LocalWordSwaps,140,0.99809330701828
xglm_large,facebook/xglm-2.9B,40,3LocalWordSwaps,141,0.984537661075592
xglm_large,facebook/xglm-2.9B,40,3LocalWordSwaps,142,0.9861454963684082
xglm_large,facebook/xglm-2.9B,40,3LocalWordSwaps,143,0.9891152381896973
xglm_large,facebook/xglm-2.9B,40,3LocalWordSwaps,144,0.9852601289749146
xglm_large,facebook/xglm-2.9B,40,3LocalWordSwaps,145,0.9974279403686523
xglm_large,facebook/xglm-2.9B,40,3LocalWordSwaps,146,0.9830349087715149
xglm_large,facebook/xglm-2.9B,40,3LocalWordSwaps,147,0.996036946773529
xglm_large,facebook/xglm-2.9B,40,3LocalWordSwaps,148,0.9847056865692139
xglm_large,facebook/xglm-2.9B,40,3LocalWordSwaps,149,0.9884894490242004
xglm_large,facebook/xglm-2.9B,40,3LocalWordSwaps,150,0.9896435737609863
xglm_large,facebook/xglm-2.9B,40,3LocalWordSwaps,151,0.9916035532951355
xglm_large,facebook/xglm-2.9B,40,3LocalWordSwaps,152,0.9852168560028076
xglm_large,facebook/xglm-2.9B,40,3LocalWordSwaps,153,0.9846888184547424
xglm_large,facebook/xglm-2.9B,40,3LocalWordSwaps,154,0.9883278012275696
xglm_large,facebook/xglm-2.9B,40,3LocalWordSwaps,155,0.9856073260307312
xglm_large,facebook/xglm-2.9B,40,3LocalWordSwaps,156,0.9846310019493103
xglm_large,facebook/xglm-2.9B,40,3LocalWordSwaps,157,0.989430844783783
xglm_large,facebook/xglm-2.9B,40,3LocalWordSwaps,158,0.9882465600967407
xglm_large,facebook/xglm-2.9B,40,3LocalWordSwaps,159,0.987568736076355
xglm_large,facebook/xglm-2.9B,40,3LocalWordSwaps,160,0.9863664507865906
xglm_large,facebook/xglm-2.9B,40,3LocalWordSwaps,161,0.9866453409194946
xglm_large,facebook/xglm-2.9B,40,3LocalWordSwaps,162,0.9818692207336426
xglm_large,facebook/xglm-2.9B,40,3LocalWordSwaps,163,0.9837641716003418
xglm_large,facebook/xglm-2.9B,40,3LocalWordSwaps,164,0.986732542514801
xglm_large,facebook/xglm-2.9B,40,3LocalWordSwaps,165,0.9897204637527466
xglm_large,facebook/xglm-2.9B,40,3LocalWordSwaps,166,0.9868199825286865
xglm_large,facebook/xglm-2.9B,40,3LocalWordSwaps,167,0.9802531003952026
xglm_large,facebook/xglm-2.9B,40,3LocalWordSwaps,168,0.9845045804977417
xglm_large,facebook/xglm-2.9B,40,3LocalWordSwaps,169,0.9990306496620178
xglm_large,facebook/xglm-2.9B,40,3LocalWordSwaps,170,0.9913822412490845
xglm_large,facebook/xglm-2.9B,40,3LocalWordSwaps,171,0.9872503876686096
xglm_large,facebook/xglm-2.9B,40,3LocalWordSwaps,172,0.9865208268165588
xglm_large,facebook/xglm-2.9B,40,3LocalWordSwaps,173,0.9841142296791077
xglm_large,facebook/xglm-2.9B,40,3LocalWordSwaps,174,0.9878395795822144
xglm_large,facebook/xglm-2.9B,40,3LocalWordSwaps,175,0.9978998899459839
xglm_large,facebook/xglm-2.9B,40,3LocalWordSwaps,176,0.9825388193130493
xglm_large,facebook/xglm-2.9B,40,3LocalWordSwaps,177,0.9897254705429077
xglm_large,facebook/xglm-2.9B,40,3LocalWordSwaps,178,0.9911314845085144
xglm_large,facebook/xglm-2.9B,40,3LocalWordSwaps,179,0.9997474551200867
xglm_large,facebook/xglm-2.9B,40,3LocalWordSwaps,180,0.9991104602813721
xglm_large,facebook/xglm-2.9B,40,3LocalWordSwaps,181,0.9925561547279358
xglm_large,facebook/xglm-2.9B,40,3LocalWordSwaps,182,0.9874259829521179
xglm_large,facebook/xglm-2.9B,40,3LocalWordSwaps,183,0.9915935397148132
xglm_large,facebook/xglm-2.9B,40,3LocalWordSwaps,184,0.9860994219779968
xglm_large,facebook/xglm-2.9B,40,3LocalWordSwaps,185,0.9990633130073547
xglm_large,facebook/xglm-2.9B,40,3LocalWordSwaps,186,0.9887563586235046
xglm_large,facebook/xglm-2.9B,40,3LocalWordSwaps,187,0.9867603778839111
xglm_large,facebook/xglm-2.9B,40,3LocalWordSwaps,188,0.9853750467300415
xglm_large,facebook/xglm-2.9B,40,3LocalWordSwaps,189,0.9859957695007324
xglm_large,facebook/xglm-2.9B,40,3LocalWordSwaps,190,0.9866595268249512
xglm_large,facebook/xglm-2.9B,40,3LocalWordSwaps,191,0.9979583621025085
xglm_large,facebook/xglm-2.9B,40,3LocalWordSwaps,192,0.9900301694869995
xglm_large,facebook/xglm-2.9B,40,3LocalWordSwaps,193,0.9872072339057922
xglm_large,facebook/xglm-2.9B,40,3LocalWordSwaps,194,0.9927509427070618
xglm_large,facebook/xglm-2.9B,40,3LocalWordSwaps,195,0.9981476664543152
xglm_large,facebook/xglm-2.9B,40,3LocalWordSwaps,196,0.997183084487915
xglm_large,facebook/xglm-2.9B,40,3LocalWordSwaps,197,0.987371563911438
xglm_large,facebook/xglm-2.9B,40,3LocalWordSwaps,198,0.988482654094696
xglm_large,facebook/xglm-2.9B,40,3LocalWordSwaps,199,0.9861368536949158
xglm_large,facebook/xglm-2.9B,40,3LocalWordSwaps,200,0.988362729549408
xglm_large,facebook/xglm-2.9B,40,3LocalWordSwaps,201,0.9878541827201843
xglm_large,facebook/xglm-2.9B,40,3LocalWordSwaps,202,0.9823539853096008
xglm_large,facebook/xglm-2.9B,40,3LocalWordSwaps,203,0.9942560195922852
xglm_large,facebook/xglm-2.9B,40,3LocalWordSwaps,204,0.9907582998275757
xglm_large,facebook/xglm-2.9B,40,3LocalWordSwaps,205,0.9879745244979858
xglm_large,facebook/xglm-2.9B,40,3LocalWordSwaps,206,0.9867737293243408
xglm_large,facebook/xglm-2.9B,40,3LocalWordSwaps,207,0.997675895690918
xglm_large,facebook/xglm-2.9B,40,3LocalWordSwaps,208,0.9827983379364014
xglm_large,facebook/xglm-2.9B,40,3LocalWordSwaps,209,0.9899819493293762
xglm_large,facebook/xglm-2.9B,40,3LocalWordSwaps,210,0.9851820468902588
xglm_large,facebook/xglm-2.9B,40,3LocalWordSwaps,211,0.9862582683563232
xglm_large,facebook/xglm-2.9B,40,3LocalWordSwaps,212,0.9979472756385803
xglm_large,facebook/xglm-2.9B,40,3LocalWordSwaps,213,0.9906972050666809
xglm_large,facebook/xglm-2.9B,40,3LocalWordSwaps,214,0.9914861917495728
xglm_large,facebook/xglm-2.9B,40,3LocalWordSwaps,215,0.9870805144309998
xglm_large,facebook/xglm-2.9B,40,3LocalWordSwaps,216,0.9852330088615417
xglm_large,facebook/xglm-2.9B,40,3LocalWordSwaps,217,0.9908069372177124
xglm_large,facebook/xglm-2.9B,40,3LocalWordSwaps,218,0.9879866242408752
xglm_large,facebook/xglm-2.9B,40,3LocalWordSwaps,219,0.9987717866897583
xglm_large,facebook/xglm-2.9B,40,3LocalWordSwaps,220,0.9892824292182922
xglm_large,facebook/xglm-2.9B,40,3LocalWordSwaps,221,0.9882612824440002
xglm_large,facebook/xglm-2.9B,40,3LocalWordSwaps,222,0.9921174049377441
xglm_large,facebook/xglm-2.9B,40,3LocalWordSwaps,223,0.9899184107780457
xglm_large,facebook/xglm-2.9B,40,3LocalWordSwaps,224,0.988652229309082
xglm_large,facebook/xglm-2.9B,40,3LocalWordSwaps,225,0.9853971004486084
xglm_large,facebook/xglm-2.9B,40,3LocalWordSwaps,226,0.9947590827941895
xglm_large,facebook/xglm-2.9B,40,3LocalWordSwaps,227,0.9914783239364624
xglm_large,facebook/xglm-2.9B,40,3LocalWordSwaps,228,0.9978829622268677
xglm_large,facebook/xglm-2.9B,40,3LocalWordSwaps,229,0.9868707060813904
xglm_large,facebook/xglm-2.9B,40,3LocalWordSwaps,230,0.988416314125061
xglm_large,facebook/xglm-2.9B,40,3LocalWordSwaps,231,0.989568293094635
xglm_large,facebook/xglm-2.9B,40,3LocalWordSwaps,232,0.9850680828094482
xglm_large,facebook/xglm-2.9B,40,3LocalWordSwaps,233,0.9833839535713196
xglm_large,facebook/xglm-2.9B,40,3LocalWordSwaps,234,0.9895683526992798
xglm_large,facebook/xglm-2.9B,40,3LocalWordSwaps,235,0.9872038960456848
xglm_large,facebook/xglm-2.9B,40,3LocalWordSwaps,236,0.982308030128479
xglm_large,facebook/xglm-2.9B,40,3LocalWordSwaps,237,0.9883904457092285
xglm_large,facebook/xglm-2.9B,40,3LocalWordSwaps,238,0.9859251379966736
xglm_large,facebook/xglm-2.9B,40,3LocalWordSwaps,239,0.9844226837158203
xglm_large,facebook/xglm-2.9B,40,3LocalWordSwaps,240,0.9995229840278625
xglm_large,facebook/xglm-2.9B,40,3LocalWordSwaps,241,0.9804301261901855
xglm_large,facebook/xglm-2.9B,40,3LocalWordSwaps,242,0.9886460304260254
xglm_large,facebook/xglm-2.9B,40,3LocalWordSwaps,243,0.9920605421066284
xglm_large,facebook/xglm-2.9B,40,3LocalWordSwaps,244,0.9986486434936523
xglm_large,facebook/xglm-2.9B,40,3LocalWordSwaps,245,0.994397759437561
xglm_large,facebook/xglm-2.9B,40,3LocalWordSwaps,246,0.9994356036186218
xglm_large,facebook/xglm-2.9B,40,3LocalWordSwaps,247,0.989578366279602
xglm_large,facebook/xglm-2.9B,40,3LocalWordSwaps,248,0.9910908341407776
xglm_large,facebook/xglm-2.9B,40,3LocalWordSwaps,249,0.9911953806877136
xglm_large,facebook/xglm-2.9B,40,3LocalWordSwaps,250,0.9898738861083984
xglm_large,facebook/xglm-2.9B,40,3LocalWordSwaps,251,0.9891455173492432
xglm_large,facebook/xglm-2.9B,40,3LocalWordSwaps,252,0.990918755531311
xglm_large,facebook/xglm-2.9B,40,3LocalWordSwaps,253,0.9884253144264221
xglm_large,facebook/xglm-2.9B,40,3LocalWordSwaps,254,0.9919465780258179
xglm_large,facebook/xglm-2.9B,40,3LocalWordSwaps,255,0.9991012215614319
xglm_large,facebook/xglm-2.9B,40,3LocalWordSwaps,256,0.9866023659706116
xglm_large,facebook/xglm-2.9B,40,3LocalWordSwaps,257,0.9877088069915771
xglm_large,facebook/xglm-2.9B,40,3LocalWordSwaps,258,0.9893397688865662
xglm_large,facebook/xglm-2.9B,40,3LocalWordSwaps,259,0.9863566756248474
xglm_large,facebook/xglm-2.9B,40,3LocalWordSwaps,260,0.9874944090843201
xglm_large,facebook/xglm-2.9B,40,3LocalWordSwaps,261,0.9880020618438721
xglm_large,facebook/xglm-2.9B,40,3LocalWordSwaps,262,0.9896436333656311
xglm_large,facebook/xglm-2.9B,40,3LocalWordSwaps,263,0.9977805614471436
xglm_large,facebook/xglm-2.9B,40,3LocalWordSwaps,264,0.9879842400550842
xglm_large,facebook/xglm-2.9B,40,3LocalWordSwaps,265,0.9891592860221863
xglm_large,facebook/xglm-2.9B,40,3LocalWordSwaps,266,0.9857238531112671
xglm_large,facebook/xglm-2.9B,40,3LocalWordSwaps,267,0.9876551628112793
xglm_large,facebook/xglm-2.9B,40,3LocalWordSwaps,268,0.9915754199028015
xglm_large,facebook/xglm-2.9B,40,3LocalWordSwaps,269,0.9809162616729736
xglm_large,facebook/xglm-2.9B,40,3LocalWordSwaps,270,0.9870019555091858
xglm_large,facebook/xglm-2.9B,40,3LocalWordSwaps,271,0.9920388460159302
xglm_large,facebook/xglm-2.9B,40,3LocalWordSwaps,272,0.9891180396080017
xglm_large,facebook/xglm-2.9B,40,3LocalWordSwaps,273,0.9879967570304871
xglm_large,facebook/xglm-2.9B,40,3LocalWordSwaps,274,0.989164412021637
xglm_large,facebook/xglm-2.9B,40,3LocalWordSwaps,275,0.9971256852149963
xglm_large,facebook/xglm-2.9B,40,3LocalWordSwaps,276,0.9899156093597412
xglm_large,facebook/xglm-2.9B,40,3LocalWordSwaps,277,0.9823116660118103
xglm_large,facebook/xglm-2.9B,40,3LocalWordSwaps,278,0.9855707883834839
xglm_large,facebook/xglm-2.9B,40,3LocalWordSwaps,279,0.9884611368179321
xglm_large,facebook/xglm-2.9B,40,3LocalWordSwaps,280,0.9892651438713074
xglm_large,facebook/xglm-2.9B,40,3LocalWordSwaps,281,0.9909377694129944
xglm_large,facebook/xglm-2.9B,40,3LocalWordSwaps,282,0.9884107708930969
xglm_large,facebook/xglm-2.9B,40,3LocalWordSwaps,283,0.9846137762069702
xglm_large,facebook/xglm-2.9B,40,3LocalWordSwaps,284,0.9933276176452637
xglm_large,facebook/xglm-2.9B,40,3LocalWordSwaps,285,0.987765371799469
xglm_large,facebook/xglm-2.9B,40,3LocalWordSwaps,286,0.9861697554588318
xglm_large,facebook/xglm-2.9B,40,3LocalWordSwaps,287,0.9995079040527344
xglm_large,facebook/xglm-2.9B,40,3LocalWordSwaps,288,0.989386796951294
xglm_large,facebook/xglm-2.9B,40,3LocalWordSwaps,289,0.9910994172096252
xglm_large,facebook/xglm-2.9B,40,3LocalWordSwaps,290,0.9877539873123169
xglm_large,facebook/xglm-2.9B,40,3LocalWordSwaps,291,0.9892458319664001
xglm_large,facebook/xglm-2.9B,40,3LocalWordSwaps,292,0.9913778305053711
xglm_large,facebook/xglm-2.9B,40,3LocalWordSwaps,293,0.9934967756271362
xglm_large,facebook/xglm-2.9B,40,3LocalWordSwaps,294,0.9900027513504028
xglm_large,facebook/xglm-2.9B,40,3LocalWordSwaps,295,0.9976159334182739
xglm_large,facebook/xglm-2.9B,40,3LocalWordSwaps,296,0.9875373840332031
xglm_large,facebook/xglm-2.9B,40,3LocalWordSwaps,297,0.9913286566734314
xglm_large,facebook/xglm-2.9B,40,3LocalWordSwaps,298,0.9880850911140442
xglm_large,facebook/xglm-2.9B,40,3LocalWordSwaps,299,0.9920995235443115
xglm_large,facebook/xglm-2.9B,40,3LocalWordSwaps,300,0.9971028566360474
xglm_large,facebook/xglm-2.9B,40,3LocalWordSwaps,301,0.9914146065711975
xglm_large,facebook/xglm-2.9B,40,3LocalWordSwaps,302,0.9901162981987
xglm_large,facebook/xglm-2.9B,40,3LocalWordSwaps,303,0.9876261353492737
xglm_large,facebook/xglm-2.9B,40,3LocalWordSwaps,304,0.9906699061393738
xglm_large,facebook/xglm-2.9B,40,3LocalWordSwaps,305,0.9873937964439392
xglm_large,facebook/xglm-2.9B,40,3LocalWordSwaps,306,0.9893433451652527
xglm_large,facebook/xglm-2.9B,40,3LocalWordSwaps,307,0.9985558390617371
xglm_large,facebook/xglm-2.9B,40,3LocalWordSwaps,308,0.9935678839683533
xglm_large,facebook/xglm-2.9B,40,3LocalWordSwaps,309,0.9936038255691528
xglm_large,facebook/xglm-2.9B,40,3LocalWordSwaps,310,0.9909374713897705
xglm_large,facebook/xglm-2.9B,40,3LocalWordSwaps,311,0.9887949228286743
xglm_large,facebook/xglm-2.9B,40,3LocalWordSwaps,312,0.993527352809906
xglm_large,facebook/xglm-2.9B,40,3LocalWordSwaps,313,0.9853919148445129
xglm_large,facebook/xglm-2.9B,40,3LocalWordSwaps,314,0.9895779490470886
xglm_large,facebook/xglm-2.9B,40,3LocalWordSwaps,315,0.9903457164764404
xglm_large,facebook/xglm-2.9B,40,3LocalWordSwaps,316,0.9875024557113647
xglm_large,facebook/xglm-2.9B,40,3LocalWordSwaps,317,0.9891749024391174
xglm_large,facebook/xglm-2.9B,40,3LocalWordSwaps,318,0.992466390132904
xglm_large,facebook/xglm-2.9B,40,3LocalWordSwaps,319,0.9933502674102783
xglm_large,facebook/xglm-2.9B,40,3LocalWordSwaps,320,0.9909353256225586
xglm_large,facebook/xglm-2.9B,40,3LocalWordSwaps,321,0.9982558488845825
xglm_large,facebook/xglm-2.9B,40,3LocalWordSwaps,322,0.9818241596221924
xglm_large,facebook/xglm-2.9B,40,3LocalWordSwaps,323,0.9820078015327454
xglm_large,facebook/xglm-2.9B,40,3LocalWordSwaps,324,0.9888930320739746
xglm_large,facebook/xglm-2.9B,40,3LocalWordSwaps,325,0.9955177903175354
xglm_large,facebook/xglm-2.9B,40,3LocalWordSwaps,326,0.9884951114654541
xglm_large,facebook/xglm-2.9B,40,3LocalWordSwaps,327,0.987311601638794
xglm_large,facebook/xglm-2.9B,40,3LocalWordSwaps,328,0.9879714846611023
xglm_large,facebook/xglm-2.9B,40,3LocalWordSwaps,329,0.9893726110458374
xglm_large,facebook/xglm-2.9B,40,3LocalWordSwaps,330,0.9873886108398438
xglm_large,facebook/xglm-2.9B,40,3LocalWordSwaps,331,0.9915575981140137
xglm_large,facebook/xglm-2.9B,40,3LocalWordSwaps,332,0.9905797243118286
xglm_large,facebook/xglm-2.9B,40,3LocalWordSwaps,333,0.9862464666366577
xglm_large,facebook/xglm-2.9B,40,3LocalWordSwaps,334,0.9968186020851135
xglm_large,facebook/xglm-2.9B,40,3LocalWordSwaps,335,0.9885541200637817
xglm_large,facebook/xglm-2.9B,40,3LocalWordSwaps,336,0.9891964197158813
xglm_large,facebook/xglm-2.9B,40,3LocalWordSwaps,337,0.9829155802726746
xglm_large,facebook/xglm-2.9B,40,3LocalWordSwaps,338,0.9909533858299255
xglm_large,facebook/xglm-2.9B,40,3LocalWordSwaps,339,0.9843643307685852
xglm_large,facebook/xglm-2.9B,40,3LocalWordSwaps,340,0.9880939722061157
xglm_large,facebook/xglm-2.9B,40,3LocalWordSwaps,341,0.9866706132888794
xglm_large,facebook/xglm-2.9B,40,3LocalWordSwaps,342,0.9823700785636902
xglm_large,facebook/xglm-2.9B,40,3LocalWordSwaps,343,0.9872991442680359
xglm_large,facebook/xglm-2.9B,40,3LocalWordSwaps,344,0.9797549843788147
xglm_large,facebook/xglm-2.9B,40,3LocalWordSwaps,345,0.987929105758667
xglm_large,facebook/xglm-2.9B,40,3LocalWordSwaps,346,0.9840039610862732
xglm_large,facebook/xglm-2.9B,40,3LocalWordSwaps,347,0.9901235103607178
xglm_large,facebook/xglm-2.9B,40,3LocalWordSwaps,348,0.9835013747215271
xglm_large,facebook/xglm-2.9B,40,3LocalWordSwaps,349,0.9991633892059326
xglm_large,facebook/xglm-2.9B,40,3LocalWordSwaps,350,0.9854910373687744
xglm_large,facebook/xglm-2.9B,40,3LocalWordSwaps,351,0.9904526472091675
xglm_large,facebook/xglm-2.9B,40,3LocalWordSwaps,352,0.9967156648635864
xglm_large,facebook/xglm-2.9B,40,3LocalWordSwaps,353,0.9877368211746216
xglm_large,facebook/xglm-2.9B,40,3LocalWordSwaps,354,0.9967663288116455
xglm_large,facebook/xglm-2.9B,40,3LocalWordSwaps,355,0.9883958697319031
xglm_large,facebook/xglm-2.9B,40,3LocalWordSwaps,356,0.9873471856117249
xglm_large,facebook/xglm-2.9B,40,3LocalWordSwaps,357,0.9924189448356628
xglm_large,facebook/xglm-2.9B,40,3LocalWordSwaps,358,0.9902327656745911
xglm_large,facebook/xglm-2.9B,40,3LocalWordSwaps,359,0.9865329265594482
xglm_large,facebook/xglm-2.9B,40,3LocalWordSwaps,360,0.9906266927719116
xglm_large,facebook/xglm-2.9B,40,3LocalWordSwaps,361,0.9909690618515015
xglm_large,facebook/xglm-2.9B,40,3LocalWordSwaps,362,0.9885293245315552
xglm_large,facebook/xglm-2.9B,40,3LocalWordSwaps,363,0.9929659366607666
xglm_large,facebook/xglm-2.9B,40,3LocalWordSwaps,364,0.9899022579193115
xglm_large,facebook/xglm-2.9B,40,3LocalWordSwaps,365,0.9888277649879456
xglm_large,facebook/xglm-2.9B,40,3LocalWordSwaps,366,0.9850963950157166
xglm_large,facebook/xglm-2.9B,40,3LocalWordSwaps,367,0.9917464852333069
xglm_large,facebook/xglm-2.9B,40,3LocalWordSwaps,368,0.9892169237136841
xglm_large,facebook/xglm-2.9B,40,3LocalWordSwaps,369,0.987989604473114
xglm_large,facebook/xglm-2.9B,40,3LocalWordSwaps,370,0.9826083779335022
xglm_large,facebook/xglm-2.9B,40,3LocalWordSwaps,371,0.9893001914024353
xglm_large,facebook/xglm-2.9B,40,3LocalWordSwaps,372,0.9904704689979553
xglm_large,facebook/xglm-2.9B,40,3LocalWordSwaps,373,0.9855749607086182
xglm_large,facebook/xglm-2.9B,40,3LocalWordSwaps,374,0.9839738607406616
xglm_large,facebook/xglm-2.9B,40,3LocalWordSwaps,375,0.9993767738342285
xglm_large,facebook/xglm-2.9B,40,3LocalWordSwaps,376,0.991318941116333
xglm_large,facebook/xglm-2.9B,40,3LocalWordSwaps,377,0.992239236831665
xglm_large,facebook/xglm-2.9B,40,3LocalWordSwaps,378,0.9898180961608887
xglm_large,facebook/xglm-2.9B,40,3LocalWordSwaps,379,0.9859462976455688
xglm_large,facebook/xglm-2.9B,40,3LocalWordSwaps,380,0.9873844981193542
xglm_large,facebook/xglm-2.9B,40,3LocalWordSwaps,381,0.9993614554405212
xglm_large,facebook/xglm-2.9B,40,3LocalWordSwaps,382,0.9842854142189026
xglm_large,facebook/xglm-2.9B,40,3LocalWordSwaps,383,0.9908652901649475
xglm_large,facebook/xglm-2.9B,40,3LocalWordSwaps,384,0.9883784055709839
xglm_large,facebook/xglm-2.9B,40,3LocalWordSwaps,385,0.9889578223228455
xglm_large,facebook/xglm-2.9B,40,3LocalWordSwaps,386,0.9867606163024902
xglm_large,facebook/xglm-2.9B,40,3LocalWordSwaps,387,0.9866735935211182
xglm_large,facebook/xglm-2.9B,40,3LocalWordSwaps,388,0.9886798858642578
xglm_large,facebook/xglm-2.9B,40,3LocalWordSwaps,389,0.9816857576370239
xglm_large,facebook/xglm-2.9B,40,3LocalWordSwaps,390,0.9887999892234802
xglm_large,facebook/xglm-2.9B,40,3LocalWordSwaps,391,0.987260103225708
xglm_large,facebook/xglm-2.9B,40,3LocalWordSwaps,392,0.9870468974113464
xglm_large,facebook/xglm-2.9B,40,3LocalWordSwaps,393,0.9839910268783569
xglm_large,facebook/xglm-2.9B,40,3LocalWordSwaps,394,0.9944018125534058
xglm_large,facebook/xglm-2.9B,40,3LocalWordSwaps,395,0.9875120520591736
xglm_large,facebook/xglm-2.9B,40,3LocalWordSwaps,396,0.9913399815559387
xglm_large,facebook/xglm-2.9B,40,3LocalWordSwaps,397,0.9921011328697205
xglm_large,facebook/xglm-2.9B,40,3LocalWordSwaps,398,0.9797840118408203
xglm_large,facebook/xglm-2.9B,40,3LocalWordSwaps,399,0.9828487038612366
xglm_large,facebook/xglm-2.9B,40,3LocalWordSwaps,400,0.9881225228309631
xglm_large,facebook/xglm-2.9B,40,3LocalWordSwaps,401,0.984346866607666
xglm_large,facebook/xglm-2.9B,40,3LocalWordSwaps,402,0.9891435503959656
xglm_large,facebook/xglm-2.9B,40,3LocalWordSwaps,403,0.981395959854126
xglm_large,facebook/xglm-2.9B,40,3LocalWordSwaps,404,0.9884606599807739
xglm_large,facebook/xglm-2.9B,40,3LocalWordSwaps,405,0.987434446811676
xglm_large,facebook/xglm-2.9B,40,3LocalWordSwaps,406,0.9857409000396729
xglm_large,facebook/xglm-2.9B,40,3LocalWordSwaps,407,0.9848384857177734
xglm_large,facebook/xglm-2.9B,40,3LocalWordSwaps,408,0.9904285669326782
xglm_large,facebook/xglm-2.9B,40,3LocalWordSwaps,409,0.9891300797462463
xglm_large,facebook/xglm-2.9B,40,3LocalWordSwaps,410,0.9810896515846252
xglm_large,facebook/xglm-2.9B,40,3LocalWordSwaps,411,0.9858663082122803
xglm_large,facebook/xglm-2.9B,40,3LocalWordSwaps,412,0.9860738515853882
xglm_large,facebook/xglm-2.9B,40,3LocalWordSwaps,413,0.9876901507377625
xglm_large,facebook/xglm-2.9B,40,3LocalWordSwaps,414,0.9814570546150208
xglm_large,facebook/xglm-2.9B,40,3LocalWordSwaps,415,0.990117073059082
xglm_large,facebook/xglm-2.9B,40,3LocalWordSwaps,416,0.9845297932624817
xglm_large,facebook/xglm-2.9B,40,3LocalWordSwaps,417,0.9882422089576721
xglm_large,facebook/xglm-2.9B,40,3LocalWordSwaps,418,0.9909966588020325
xglm_large,facebook/xglm-2.9B,40,3LocalWordSwaps,419,0.9980358481407166
xglm_large,facebook/xglm-2.9B,40,3LocalWordSwaps,420,0.9902511835098267
xglm_large,facebook/xglm-2.9B,40,3LocalWordSwaps,421,0.9791596531867981
xglm_large,facebook/xglm-2.9B,40,3LocalWordSwaps,422,0.9890055656433105
xglm_large,facebook/xglm-2.9B,40,3LocalWordSwaps,423,0.982196569442749
xglm_large,facebook/xglm-2.9B,40,3LocalWordSwaps,424,0.9880558252334595
xglm_large,facebook/xglm-2.9B,40,3LocalWordSwaps,425,0.9945869445800781
xglm_large,facebook/xglm-2.9B,40,3LocalWordSwaps,426,0.9882744550704956
xglm_large,facebook/xglm-2.9B,40,3LocalWordSwaps,427,0.9873234033584595
xglm_large,facebook/xglm-2.9B,40,3LocalWordSwaps,428,0.9978438019752502
xglm_large,facebook/xglm-2.9B,40,3LocalWordSwaps,429,0.9874535202980042
xglm_large,facebook/xglm-2.9B,40,3LocalWordSwaps,430,0.9885490536689758
xglm_large,facebook/xglm-2.9B,40,3LocalWordSwaps,431,0.9876102805137634
xglm_large,facebook/xglm-2.9B,40,3LocalWordSwaps,432,0.9913204908370972
xglm_large,facebook/xglm-2.9B,40,3LocalWordSwaps,433,0.998923659324646
xglm_large,facebook/xglm-2.9B,40,3LocalWordSwaps,434,0.9932471513748169
xglm_large,facebook/xglm-2.9B,40,3LocalWordSwaps,435,0.9865010976791382
xglm_large,facebook/xglm-2.9B,40,3LocalWordSwaps,436,0.9928199648857117
xglm_large,facebook/xglm-2.9B,40,3LocalWordSwaps,437,0.988510012626648
xglm_large,facebook/xglm-2.9B,40,3LocalWordSwaps,438,0.9987847805023193
xglm_large,facebook/xglm-2.9B,40,3LocalWordSwaps,439,0.9889464378356934
xglm_large,facebook/xglm-2.9B,40,3LocalWordSwaps,440,0.9989978075027466
xglm_large,facebook/xglm-2.9B,40,3LocalWordSwaps,441,0.9893501996994019
xglm_large,facebook/xglm-2.9B,40,3LocalWordSwaps,442,0.9897311925888062
xglm_large,facebook/xglm-2.9B,40,3LocalWordSwaps,443,0.9893164038658142
xglm_large,facebook/xglm-2.9B,40,3LocalWordSwaps,444,0.9991482496261597
xglm_large,facebook/xglm-2.9B,40,3LocalWordSwaps,445,0.9896252155303955
xglm_large,facebook/xglm-2.9B,40,3LocalWordSwaps,446,0.9824711680412292
xglm_large,facebook/xglm-2.9B,40,3LocalWordSwaps,447,0.9876093864440918
xglm_large,facebook/xglm-2.9B,40,3LocalWordSwaps,448,0.998602569103241
xglm_large,facebook/xglm-2.9B,40,3LocalWordSwaps,449,0.987263560295105
xglm_large,facebook/xglm-2.9B,40,3LocalWordSwaps,450,0.9971874952316284
xglm_large,facebook/xglm-2.9B,40,3LocalWordSwaps,451,0.9908270835876465
xglm_large,facebook/xglm-2.9B,40,3LocalWordSwaps,452,0.9940499663352966
xglm_large,facebook/xglm-2.9B,40,3LocalWordSwaps,453,0.9910486936569214
xglm_large,facebook/xglm-2.9B,40,3LocalWordSwaps,454,0.9878443479537964
xglm_large,facebook/xglm-2.9B,40,3LocalWordSwaps,455,0.9910446405410767
xglm_large,facebook/xglm-2.9B,40,3LocalWordSwaps,456,0.9884703755378723
xglm_large,facebook/xglm-2.9B,40,3LocalWordSwaps,457,0.9952877163887024
xglm_large,facebook/xglm-2.9B,40,3LocalWordSwaps,458,0.9983750581741333
xglm_large,facebook/xglm-2.9B,40,3LocalWordSwaps,459,0.9932717084884644
xglm_large,facebook/xglm-2.9B,40,3LocalWordSwaps,460,0.9919903874397278
xglm_large,facebook/xglm-2.9B,40,3LocalWordSwaps,461,0.9874899983406067
xglm_large,facebook/xglm-2.9B,40,3LocalWordSwaps,462,0.9888641834259033
xglm_large,facebook/xglm-2.9B,40,3LocalWordSwaps,463,0.9967787265777588
xglm_large,facebook/xglm-2.9B,40,3LocalWordSwaps,464,0.9834993481636047
xglm_large,facebook/xglm-2.9B,40,3LocalWordSwaps,465,0.9865898489952087
xglm_large,facebook/xglm-2.9B,40,3LocalWordSwaps,466,0.9833012223243713
xglm_large,facebook/xglm-2.9B,40,3LocalWordSwaps,467,0.986329197883606
xglm_large,facebook/xglm-2.9B,40,3LocalWordSwaps,468,0.9855762720108032
xglm_large,facebook/xglm-2.9B,40,3LocalWordSwaps,469,0.985366940498352
xglm_large,facebook/xglm-2.9B,40,3LocalWordSwaps,470,0.9906305074691772
xglm_large,facebook/xglm-2.9B,40,3LocalWordSwaps,471,0.9848130345344543
xglm_large,facebook/xglm-2.9B,40,3LocalWordSwaps,472,0.998786985874176
xglm_large,facebook/xglm-2.9B,40,3LocalWordSwaps,473,0.9883954524993896
xglm_large,facebook/xglm-2.9B,40,3LocalWordSwaps,474,0.9995481967926025
xglm_large,facebook/xglm-2.9B,40,3LocalWordSwaps,475,0.9916678667068481
xglm_large,facebook/xglm-2.9B,40,3LocalWordSwaps,476,0.9891244769096375
xglm_large,facebook/xglm-2.9B,40,3LocalWordSwaps,477,0.985365629196167
xglm_large,facebook/xglm-2.9B,40,3LocalWordSwaps,478,0.9983826279640198
xglm_large,facebook/xglm-2.9B,40,3LocalWordSwaps,479,0.9870083928108215
xglm_large,facebook/xglm-2.9B,40,3LocalWordSwaps,480,0.9883037209510803
xglm_large,facebook/xglm-2.9B,40,3LocalWordSwaps,481,0.9898855686187744
xglm_large,facebook/xglm-2.9B,40,3LocalWordSwaps,482,0.9892627000808716
xglm_large,facebook/xglm-2.9B,40,3LocalWordSwaps,483,0.9877179265022278
xglm_large,facebook/xglm-2.9B,40,3LocalWordSwaps,484,0.9919588565826416
xglm_large,facebook/xglm-2.9B,40,3LocalWordSwaps,485,0.9904035329818726
xglm_large,facebook/xglm-2.9B,40,3LocalWordSwaps,486,0.9867021441459656
xglm_large,facebook/xglm-2.9B,40,3LocalWordSwaps,487,0.989464282989502
xglm_large,facebook/xglm-2.9B,40,3LocalWordSwaps,488,0.9858381152153015
xglm_large,facebook/xglm-2.9B,40,3LocalWordSwaps,489,0.9892297983169556
xglm_large,facebook/xglm-2.9B,40,3LocalWordSwaps,490,0.9901143908500671
xglm_large,facebook/xglm-2.9B,40,3LocalWordSwaps,491,0.9920058846473694
xglm_large,facebook/xglm-2.9B,40,3LocalWordSwaps,492,0.9986949563026428
xglm_large,facebook/xglm-2.9B,40,3LocalWordSwaps,493,0.999270498752594
xglm_large,facebook/xglm-2.9B,40,3LocalWordSwaps,494,0.9907976388931274
xglm_large,facebook/xglm-2.9B,40,3LocalWordSwaps,495,0.9931150674819946
xglm_large,facebook/xglm-2.9B,40,3LocalWordSwaps,496,0.991395115852356
xglm_large,facebook/xglm-2.9B,40,3LocalWordSwaps,497,0.9920272827148438
xglm_large,facebook/xglm-2.9B,40,3LocalWordSwaps,498,0.9886548519134521
xglm_large,facebook/xglm-2.9B,40,3LocalWordSwaps,499,0.9957671165466309
xglm_large,facebook/xglm-2.9B,40,3LocalWordSwaps,500,0.9978110194206238
xglm_large,facebook/xglm-2.9B,40,3LocalWordSwaps,501,0.9880268573760986
xglm_large,facebook/xglm-2.9B,40,3LocalWordSwaps,502,0.9831860065460205
xglm_large,facebook/xglm-2.9B,40,3LocalWordSwaps,503,0.9884015321731567
xglm_large,facebook/xglm-2.9B,40,3LocalWordSwaps,504,0.9911788105964661
xglm_large,facebook/xglm-2.9B,40,3LocalWordSwaps,505,0.9910145401954651
xglm_large,facebook/xglm-2.9B,40,3LocalWordSwaps,506,0.9862143397331238
xglm_large,facebook/xglm-2.9B,40,3LocalWordSwaps,507,0.9876412153244019
xglm_large,facebook/xglm-2.9B,40,3LocalWordSwaps,508,0.9864978790283203
xglm_large,facebook/xglm-2.9B,40,3LocalWordSwaps,509,0.9884117841720581
xglm_large,facebook/xglm-2.9B,40,3LocalWordSwaps,510,0.9865361452102661
xglm_large,facebook/xglm-2.9B,40,3LocalWordSwaps,511,0.9899486899375916
xglm_large,facebook/xglm-2.9B,40,3LocalWordSwaps,512,0.9886869192123413
xglm_large,facebook/xglm-2.9B,40,3LocalWordSwaps,513,0.9919402003288269
xglm_large,facebook/xglm-2.9B,40,3LocalWordSwaps,514,0.9886120557785034
xglm_large,facebook/xglm-2.9B,40,3LocalWordSwaps,515,0.9876402616500854
xglm_large,facebook/xglm-2.9B,40,3LocalWordSwaps,516,0.9869691133499146
xglm_large,facebook/xglm-2.9B,40,3LocalWordSwaps,517,0.9913742542266846
xglm_large,facebook/xglm-2.9B,40,3LocalWordSwaps,518,0.9876518845558167
xglm_large,facebook/xglm-2.9B,40,3LocalWordSwaps,519,0.9863096475601196
xglm_large,facebook/xglm-2.9B,40,3LocalWordSwaps,520,0.9884804487228394
xglm_large,facebook/xglm-2.9B,40,3LocalWordSwaps,521,0.9899463057518005
xglm_large,facebook/xglm-2.9B,40,3LocalWordSwaps,522,0.9892868995666504
xglm_large,facebook/xglm-2.9B,40,3LocalWordSwaps,523,0.9903745055198669
xglm_large,facebook/xglm-2.9B,40,3LocalWordSwaps,524,0.9855387210845947
xglm_large,facebook/xglm-2.9B,40,3LocalWordSwaps,525,0.9911909103393555
xglm_large,facebook/xglm-2.9B,40,3LocalWordSwaps,526,0.9904025197029114
xglm_large,facebook/xglm-2.9B,40,3LocalWordSwaps,527,0.9897928833961487
xglm_large,facebook/xglm-2.9B,40,3LocalWordSwaps,528,0.9878522157669067
xglm_large,facebook/xglm-2.9B,40,3LocalWordSwaps,529,0.9895572066307068
xglm_large,facebook/xglm-2.9B,40,3LocalWordSwaps,530,0.9864737391471863
xglm_large,facebook/xglm-2.9B,40,3LocalWordSwaps,531,0.9850583672523499
xglm_large,facebook/xglm-2.9B,40,3LocalWordSwaps,532,0.9867087602615356
xglm_large,facebook/xglm-2.9B,40,3LocalWordSwaps,533,0.9890215992927551
xglm_large,facebook/xglm-2.9B,40,3LocalWordSwaps,534,0.9900659918785095
xglm_large,facebook/xglm-2.9B,40,3LocalWordSwaps,535,0.9986081123352051
xglm_large,facebook/xglm-2.9B,40,3LocalWordSwaps,536,0.9862930774688721
xglm_large,facebook/xglm-2.9B,40,3LocalWordSwaps,537,0.9913612604141235
xglm_large,facebook/xglm-2.9B,40,3LocalWordSwaps,538,0.9902864694595337
xglm_large,facebook/xglm-2.9B,40,3LocalWordSwaps,539,0.9849350452423096
xglm_large,facebook/xglm-2.9B,40,3LocalWordSwaps,540,0.9844691157341003
xglm_large,facebook/xglm-2.9B,40,3LocalWordSwaps,541,0.9855414032936096
xglm_large,facebook/xglm-2.9B,40,3LocalWordSwaps,542,0.9980460405349731
xglm_large,facebook/xglm-2.9B,40,3LocalWordSwaps,543,0.9875060319900513
xglm_large,facebook/xglm-2.9B,40,3LocalWordSwaps,544,0.9886846542358398
xglm_large,facebook/xglm-2.9B,40,3LocalWordSwaps,545,0.9861493706703186
xglm_large,facebook/xglm-2.9B,40,3LocalWordSwaps,546,0.9920074343681335
xglm_large,facebook/xglm-2.9B,40,3LocalWordSwaps,547,0.9881989359855652
xglm_large,facebook/xglm-2.9B,40,3LocalWordSwaps,548,0.9985633492469788
xglm_large,facebook/xglm-2.9B,40,3LocalWordSwaps,549,0.9930405020713806
xglm_large,facebook/xglm-2.9B,40,3LocalWordSwaps,550,0.9840747117996216
xglm_large,facebook/xglm-2.9B,40,3LocalWordSwaps,551,0.9958127737045288
xglm_large,facebook/xglm-2.9B,40,3LocalWordSwaps,552,0.9907816648483276
xglm_large,facebook/xglm-2.9B,40,3LocalWordSwaps,553,0.984905481338501
xglm_large,facebook/xglm-2.9B,40,3LocalWordSwaps,554,0.9940083622932434
xglm_large,facebook/xglm-2.9B,40,3LocalWordSwaps,555,0.9894968271255493
xglm_large,facebook/xglm-2.9B,40,3LocalWordSwaps,556,0.988305926322937
xglm_large,facebook/xglm-2.9B,40,3LocalWordSwaps,557,0.998221755027771
xglm_large,facebook/xglm-2.9B,40,3LocalWordSwaps,558,0.9891454577445984
xglm_large,facebook/xglm-2.9B,40,3LocalWordSwaps,559,0.9911202788352966
xglm_large,facebook/xglm-2.9B,40,3LocalWordSwaps,560,0.9861903190612793
xglm_large,facebook/xglm-2.9B,40,3LocalWordSwaps,561,0.9986087083816528
xglm_large,facebook/xglm-2.9B,40,3LocalWordSwaps,562,0.9907978773117065
xglm_large,facebook/xglm-2.9B,40,3LocalWordSwaps,563,0.9920529127120972
xglm_large,facebook/xglm-2.9B,40,3LocalWordSwaps,564,0.9898818731307983
xglm_large,facebook/xglm-2.9B,40,3LocalWordSwaps,565,0.9922772645950317
xglm_large,facebook/xglm-2.9B,40,3LocalWordSwaps,566,0.9920259714126587
xglm_large,facebook/xglm-2.9B,40,3LocalWordSwaps,567,0.9884819984436035
xglm_large,facebook/xglm-2.9B,40,3LocalWordSwaps,568,0.9895808696746826
xglm_large,facebook/xglm-2.9B,40,3LocalWordSwaps,569,0.9916954636573792
xglm_large,facebook/xglm-2.9B,40,3LocalWordSwaps,570,0.9913977980613708
xglm_large,facebook/xglm-2.9B,40,3LocalWordSwaps,571,0.9899939894676208
xglm_large,facebook/xglm-2.9B,40,3LocalWordSwaps,572,0.993614673614502
xglm_large,facebook/xglm-2.9B,40,3LocalWordSwaps,573,0.9895273447036743
xglm_large,facebook/xglm-2.9B,40,3LocalWordSwaps,574,0.9877179265022278
xglm_large,facebook/xglm-2.9B,40,3LocalWordSwaps,575,0.983983039855957
xglm_large,facebook/xglm-2.9B,40,3LocalWordSwaps,576,0.9892846345901489
xglm_large,facebook/xglm-2.9B,40,3LocalWordSwaps,577,0.9882544279098511
xglm_large,facebook/xglm-2.9B,40,3LocalWordSwaps,578,0.9918910264968872
xglm_large,facebook/xglm-2.9B,40,3LocalWordSwaps,579,0.9914950132369995
xglm_large,facebook/xglm-2.9B,40,3LocalWordSwaps,580,0.9982936382293701
xglm_large,facebook/xglm-2.9B,40,3LocalWordSwaps,581,0.9980743527412415
xglm_large,facebook/xglm-2.9B,40,3LocalWordSwaps,582,0.9907608032226562
xglm_large,facebook/xglm-2.9B,40,3LocalWordSwaps,583,0.9897745251655579
xglm_large,facebook/xglm-2.9B,40,3LocalWordSwaps,584,0.9938912987709045
xglm_large,facebook/xglm-2.9B,40,3LocalWordSwaps,585,0.9900549650192261
xglm_large,facebook/xglm-2.9B,40,3LocalWordSwaps,586,0.9887807369232178
xglm_large,facebook/xglm-2.9B,40,3LocalWordSwaps,587,0.9914095401763916
xglm_large,facebook/xglm-2.9B,40,3LocalWordSwaps,588,0.9896914958953857
xglm_large,facebook/xglm-2.9B,40,3LocalWordSwaps,589,0.993138313293457
xglm_large,facebook/xglm-2.9B,40,3LocalWordSwaps,590,0.9900346994400024
xglm_large,facebook/xglm-2.9B,40,3LocalWordSwaps,591,0.9909770488739014
xglm_large,facebook/xglm-2.9B,40,3LocalWordSwaps,592,0.9918165802955627
xglm_large,facebook/xglm-2.9B,40,3LocalWordSwaps,593,0.9901479482650757
xglm_large,facebook/xglm-2.9B,40,3LocalWordSwaps,594,0.9957334399223328
xglm_large,facebook/xglm-2.9B,40,3LocalWordSwaps,595,0.9885777235031128
xglm_large,facebook/xglm-2.9B,40,3LocalWordSwaps,596,0.987924337387085
xglm_large,facebook/xglm-2.9B,40,3LocalWordSwaps,597,0.9879698157310486
xglm_large,facebook/xglm-2.9B,40,3LocalWordSwaps,598,0.9892277717590332
xglm_large,facebook/xglm-2.9B,40,3LocalWordSwaps,599,0.9882004261016846
xglm_large,facebook/xglm-2.9B,40,3LocalWordSwaps,600,0.9917792677879333
xglm_large,facebook/xglm-2.9B,40,3LocalWordSwaps,601,0.9798738360404968
xglm_large,facebook/xglm-2.9B,40,3LocalWordSwaps,602,0.9984152913093567
xglm_large,facebook/xglm-2.9B,40,3LocalWordSwaps,603,0.9903264045715332
xglm_large,facebook/xglm-2.9B,40,3LocalWordSwaps,604,0.9986342191696167
xglm_large,facebook/xglm-2.9B,40,3LocalWordSwaps,605,0.9884882569313049
xglm_large,facebook/xglm-2.9B,40,3LocalWordSwaps,606,0.9900304079055786
xglm_large,facebook/xglm-2.9B,40,3LocalWordSwaps,607,0.9855783581733704
xglm_large,facebook/xglm-2.9B,40,3LocalWordSwaps,608,0.9861424565315247
xglm_large,facebook/xglm-2.9B,40,3LocalWordSwaps,609,0.9833231568336487
xglm_large,facebook/xglm-2.9B,40,3LocalWordSwaps,610,0.9879418015480042
xglm_large,facebook/xglm-2.9B,40,3LocalWordSwaps,611,0.9986934661865234
xglm_large,facebook/xglm-2.9B,40,3LocalWordSwaps,612,0.9885764122009277
xglm_large,facebook/xglm-2.9B,40,3LocalWordSwaps,613,0.9879043102264404
xglm_large,facebook/xglm-2.9B,40,3LocalWordSwaps,614,0.9982500076293945
xglm_large,facebook/xglm-2.9B,40,3LocalWordSwaps,615,0.9901260733604431
xglm_large,facebook/xglm-2.9B,40,3LocalWordSwaps,616,0.9865784049034119
xglm_large,facebook/xglm-2.9B,40,3LocalWordSwaps,617,0.9855539798736572
xglm_large,facebook/xglm-2.9B,40,3LocalWordSwaps,618,0.9903147220611572
xglm_large,facebook/xglm-2.9B,40,3LocalWordSwaps,619,0.9908020496368408
xglm_large,facebook/xglm-2.9B,40,3LocalWordSwaps,620,0.9901994466781616
xglm_large,facebook/xglm-2.9B,40,3LocalWordSwaps,621,0.9852648973464966
xglm_large,facebook/xglm-2.9B,40,3LocalWordSwaps,622,0.9871745109558105
xglm_large,facebook/xglm-2.9B,40,3LocalWordSwaps,623,0.9868131279945374
xglm_large,facebook/xglm-2.9B,40,3LocalWordSwaps,624,0.9842846393585205
xglm_large,facebook/xglm-2.9B,40,3LocalWordSwaps,625,0.9857351779937744
xglm_large,facebook/xglm-2.9B,40,3LocalWordSwaps,626,0.9882190227508545
xglm_large,facebook/xglm-2.9B,40,4LocalWordSwaps,0,0.9832683801651001
xglm_large,facebook/xglm-2.9B,40,4LocalWordSwaps,1,0.9787842035293579
xglm_large,facebook/xglm-2.9B,40,4LocalWordSwaps,2,0.9805174469947815
xglm_large,facebook/xglm-2.9B,40,4LocalWordSwaps,3,0.9816627502441406
xglm_large,facebook/xglm-2.9B,40,4LocalWordSwaps,4,0.9808326363563538
xglm_large,facebook/xglm-2.9B,40,4LocalWordSwaps,5,0.9984536170959473
xglm_large,facebook/xglm-2.9B,40,4LocalWordSwaps,6,0.9862512350082397
xglm_large,facebook/xglm-2.9B,40,4LocalWordSwaps,7,0.9904002547264099
xglm_large,facebook/xglm-2.9B,40,4LocalWordSwaps,8,0.9861811399459839
xglm_large,facebook/xglm-2.9B,40,4LocalWordSwaps,9,0.9845303297042847
xglm_large,facebook/xglm-2.9B,40,4LocalWordSwaps,10,0.9900996685028076
xglm_large,facebook/xglm-2.9B,40,4LocalWordSwaps,11,0.9872888922691345
xglm_large,facebook/xglm-2.9B,40,4LocalWordSwaps,12,0.9917593002319336
xglm_large,facebook/xglm-2.9B,40,4LocalWordSwaps,13,0.9823863506317139
xglm_large,facebook/xglm-2.9B,40,4LocalWordSwaps,14,0.9858288764953613
xglm_large,facebook/xglm-2.9B,40,4LocalWordSwaps,15,0.9873592257499695
xglm_large,facebook/xglm-2.9B,40,4LocalWordSwaps,16,0.986670732498169
xglm_large,facebook/xglm-2.9B,40,4LocalWordSwaps,17,0.9863024353981018
xglm_large,facebook/xglm-2.9B,40,4LocalWordSwaps,18,0.9881124496459961
xglm_large,facebook/xglm-2.9B,40,4LocalWordSwaps,19,0.9968651533126831
xglm_large,facebook/xglm-2.9B,40,4LocalWordSwaps,20,0.997836172580719
xglm_large,facebook/xglm-2.9B,40,4LocalWordSwaps,21,0.9782395362854004
xglm_large,facebook/xglm-2.9B,40,4LocalWordSwaps,22,0.984139621257782
xglm_large,facebook/xglm-2.9B,40,4LocalWordSwaps,23,0.9964091777801514
xglm_large,facebook/xglm-2.9B,40,4LocalWordSwaps,24,0.9888312220573425
xglm_large,facebook/xglm-2.9B,40,4LocalWordSwaps,25,0.9850537776947021
xglm_large,facebook/xglm-2.9B,40,4LocalWordSwaps,26,0.983195424079895
xglm_large,facebook/xglm-2.9B,40,4LocalWordSwaps,27,0.9886353015899658
xglm_large,facebook/xglm-2.9B,40,4LocalWordSwaps,28,0.9833893179893494
xglm_large,facebook/xglm-2.9B,40,4LocalWordSwaps,29,0.9870031476020813
xglm_large,facebook/xglm-2.9B,40,4LocalWordSwaps,30,0.9859470725059509
xglm_large,facebook/xglm-2.9B,40,4LocalWordSwaps,31,0.9861688017845154
xglm_large,facebook/xglm-2.9B,40,4LocalWordSwaps,32,0.9818724989891052
xglm_large,facebook/xglm-2.9B,40,4LocalWordSwaps,33,0.9833828210830688
xglm_large,facebook/xglm-2.9B,40,4LocalWordSwaps,34,0.985773503780365
xglm_large,facebook/xglm-2.9B,40,4LocalWordSwaps,35,0.9901682734489441
xglm_large,facebook/xglm-2.9B,40,4LocalWordSwaps,36,0.9845430254936218
xglm_large,facebook/xglm-2.9B,40,4LocalWordSwaps,37,0.9879788756370544
xglm_large,facebook/xglm-2.9B,40,4LocalWordSwaps,38,0.9851289391517639
xglm_large,facebook/xglm-2.9B,40,4LocalWordSwaps,39,0.9774628281593323
xglm_large,facebook/xglm-2.9B,40,4LocalWordSwaps,40,0.9873223900794983
xglm_large,facebook/xglm-2.9B,40,4LocalWordSwaps,41,0.987472653388977
xglm_large,facebook/xglm-2.9B,40,4LocalWordSwaps,42,0.9846040606498718
xglm_large,facebook/xglm-2.9B,40,4LocalWordSwaps,43,0.9904425740242004
xglm_large,facebook/xglm-2.9B,40,4LocalWordSwaps,44,0.9867715239524841
xglm_large,facebook/xglm-2.9B,40,4LocalWordSwaps,45,0.9905873537063599
xglm_large,facebook/xglm-2.9B,40,4LocalWordSwaps,46,0.9872301816940308
xglm_large,facebook/xglm-2.9B,40,4LocalWordSwaps,47,0.9848233461380005
xglm_large,facebook/xglm-2.9B,40,4LocalWordSwaps,48,0.9986246228218079
xglm_large,facebook/xglm-2.9B,40,4LocalWordSwaps,49,0.9867905378341675
xglm_large,facebook/xglm-2.9B,40,4LocalWordSwaps,50,0.9892662763595581
xglm_large,facebook/xglm-2.9B,40,4LocalWordSwaps,51,0.9857637882232666
xglm_large,facebook/xglm-2.9B,40,4LocalWordSwaps,52,0.9864436388015747
xglm_large,facebook/xglm-2.9B,40,4LocalWordSwaps,53,0.9906345009803772
xglm_large,facebook/xglm-2.9B,40,4LocalWordSwaps,54,0.9984462261199951
xglm_large,facebook/xglm-2.9B,40,4LocalWordSwaps,55,0.9890735745429993
xglm_large,facebook/xglm-2.9B,40,4LocalWordSwaps,56,0.9839032292366028
xglm_large,facebook/xglm-2.9B,40,4LocalWordSwaps,57,0.9863994121551514
xglm_large,facebook/xglm-2.9B,40,4LocalWordSwaps,58,0.9864999055862427
xglm_large,facebook/xglm-2.9B,40,4LocalWordSwaps,59,0.9898833632469177
xglm_large,facebook/xglm-2.9B,40,4LocalWordSwaps,60,0.987619161605835
xglm_large,facebook/xglm-2.9B,40,4LocalWordSwaps,61,0.986410915851593
xglm_large,facebook/xglm-2.9B,40,4LocalWordSwaps,62,0.9943743944168091
xglm_large,facebook/xglm-2.9B,40,4LocalWordSwaps,63,0.9897428750991821
xglm_large,facebook/xglm-2.9B,40,4LocalWordSwaps,64,0.9810684323310852
xglm_large,facebook/xglm-2.9B,40,4LocalWordSwaps,65,0.9985535144805908
xglm_large,facebook/xglm-2.9B,40,4LocalWordSwaps,66,0.9855312705039978
xglm_large,facebook/xglm-2.9B,40,4LocalWordSwaps,67,0.9853377938270569
xglm_large,facebook/xglm-2.9B,40,4LocalWordSwaps,68,0.9902589321136475
xglm_large,facebook/xglm-2.9B,40,4LocalWordSwaps,69,0.9863027334213257
xglm_large,facebook/xglm-2.9B,40,4LocalWordSwaps,70,0.9820691347122192
xglm_large,facebook/xglm-2.9B,40,4LocalWordSwaps,71,0.9872491955757141
xglm_large,facebook/xglm-2.9B,40,4LocalWordSwaps,72,0.9839492440223694
xglm_large,facebook/xglm-2.9B,40,4LocalWordSwaps,73,0.9845267534255981
xglm_large,facebook/xglm-2.9B,40,4LocalWordSwaps,74,0.9960765838623047
xglm_large,facebook/xglm-2.9B,40,4LocalWordSwaps,75,0.9872785806655884
xglm_large,facebook/xglm-2.9B,40,4LocalWordSwaps,76,0.9920097589492798
xglm_large,facebook/xglm-2.9B,40,4LocalWordSwaps,77,0.9867932200431824
xglm_large,facebook/xglm-2.9B,40,4LocalWordSwaps,78,0.9859328866004944
xglm_large,facebook/xglm-2.9B,40,4LocalWordSwaps,79,0.9879372119903564
xglm_large,facebook/xglm-2.9B,40,4LocalWordSwaps,80,0.986903965473175
xglm_large,facebook/xglm-2.9B,40,4LocalWordSwaps,81,0.9994028806686401
xglm_large,facebook/xglm-2.9B,40,4LocalWordSwaps,82,0.9794087409973145
xglm_large,facebook/xglm-2.9B,40,4LocalWordSwaps,83,0.986709475517273
xglm_large,facebook/xglm-2.9B,40,4LocalWordSwaps,84,0.9821975231170654
xglm_large,facebook/xglm-2.9B,40,4LocalWordSwaps,85,0.9847207069396973
xglm_large,facebook/xglm-2.9B,40,4LocalWordSwaps,86,0.9858531355857849
xglm_large,facebook/xglm-2.9B,40,4LocalWordSwaps,87,0.9798126220703125
xglm_large,facebook/xglm-2.9B,40,4LocalWordSwaps,88,0.9862375259399414
xglm_large,facebook/xglm-2.9B,40,4LocalWordSwaps,89,0.9859668612480164
xglm_large,facebook/xglm-2.9B,40,4LocalWordSwaps,90,0.9878305196762085
xglm_large,facebook/xglm-2.9B,40,4LocalWordSwaps,91,0.9892942905426025
xglm_large,facebook/xglm-2.9B,40,4LocalWordSwaps,92,0.9824292659759521
xglm_large,facebook/xglm-2.9B,40,4LocalWordSwaps,93,0.9990228414535522
xglm_large,facebook/xglm-2.9B,40,4LocalWordSwaps,94,0.991100549697876
xglm_large,facebook/xglm-2.9B,40,4LocalWordSwaps,95,0.9971044063568115
xglm_large,facebook/xglm-2.9B,40,4LocalWordSwaps,96,0.998894214630127
xglm_large,facebook/xglm-2.9B,40,4LocalWordSwaps,97,0.9917754530906677
xglm_large,facebook/xglm-2.9B,40,4LocalWordSwaps,98,0.9834554195404053
xglm_large,facebook/xglm-2.9B,40,4LocalWordSwaps,99,0.988450825214386
xglm_large,facebook/xglm-2.9B,40,4LocalWordSwaps,100,0.9888001084327698
xglm_large,facebook/xglm-2.9B,40,4LocalWordSwaps,101,0.998974084854126
xglm_large,facebook/xglm-2.9B,40,4LocalWordSwaps,102,0.9867551326751709
xglm_large,facebook/xglm-2.9B,40,4LocalWordSwaps,103,0.9899230599403381
xglm_large,facebook/xglm-2.9B,40,4LocalWordSwaps,104,0.9911271333694458
xglm_large,facebook/xglm-2.9B,40,4LocalWordSwaps,105,0.9871294498443604
xglm_large,facebook/xglm-2.9B,40,4LocalWordSwaps,106,0.9894360899925232
xglm_large,facebook/xglm-2.9B,40,4LocalWordSwaps,107,0.9851152896881104
xglm_large,facebook/xglm-2.9B,40,4LocalWordSwaps,108,0.9823569655418396
xglm_large,facebook/xglm-2.9B,40,4LocalWordSwaps,109,0.9869240522384644
xglm_large,facebook/xglm-2.9B,40,4LocalWordSwaps,110,0.9836035370826721
xglm_large,facebook/xglm-2.9B,40,4LocalWordSwaps,111,0.9767815470695496
xglm_large,facebook/xglm-2.9B,40,4LocalWordSwaps,112,0.9854103326797485
xglm_large,facebook/xglm-2.9B,40,4LocalWordSwaps,113,0.9874814748764038
xglm_large,facebook/xglm-2.9B,40,4LocalWordSwaps,114,0.9834240674972534
xglm_large,facebook/xglm-2.9B,40,4LocalWordSwaps,115,0.988326907157898
xglm_large,facebook/xglm-2.9B,40,4LocalWordSwaps,116,0.9870721101760864
xglm_large,facebook/xglm-2.9B,40,4LocalWordSwaps,117,0.9826056957244873
xglm_large,facebook/xglm-2.9B,40,4LocalWordSwaps,118,0.9869027137756348
xglm_large,facebook/xglm-2.9B,40,4LocalWordSwaps,119,0.984642744064331
xglm_large,facebook/xglm-2.9B,40,4LocalWordSwaps,120,0.9878605604171753
xglm_large,facebook/xglm-2.9B,40,4LocalWordSwaps,121,0.988166332244873
xglm_large,facebook/xglm-2.9B,40,4LocalWordSwaps,122,0.9961546063423157
xglm_large,facebook/xglm-2.9B,40,4LocalWordSwaps,123,0.9881752729415894
xglm_large,facebook/xglm-2.9B,40,4LocalWordSwaps,124,0.9866414070129395
xglm_large,facebook/xglm-2.9B,40,4LocalWordSwaps,125,0.9900652170181274
xglm_large,facebook/xglm-2.9B,40,4LocalWordSwaps,126,0.9887781739234924
xglm_large,facebook/xglm-2.9B,40,4LocalWordSwaps,127,0.9882956743240356
xglm_large,facebook/xglm-2.9B,40,4LocalWordSwaps,128,0.9921603202819824
xglm_large,facebook/xglm-2.9B,40,4LocalWordSwaps,129,0.9855683445930481
xglm_large,facebook/xglm-2.9B,40,4LocalWordSwaps,130,0.9854329824447632
xglm_large,facebook/xglm-2.9B,40,4LocalWordSwaps,131,0.9914305210113525
xglm_large,facebook/xglm-2.9B,40,4LocalWordSwaps,132,0.9955588579177856
xglm_large,facebook/xglm-2.9B,40,4LocalWordSwaps,133,0.9890670776367188
xglm_large,facebook/xglm-2.9B,40,4LocalWordSwaps,134,0.9832841753959656
xglm_large,facebook/xglm-2.9B,40,4LocalWordSwaps,135,0.9923816919326782
xglm_large,facebook/xglm-2.9B,40,4LocalWordSwaps,136,0.9915362596511841
xglm_large,facebook/xglm-2.9B,40,4LocalWordSwaps,137,0.9974474310874939
xglm_large,facebook/xglm-2.9B,40,4LocalWordSwaps,138,0.98680180311203
xglm_large,facebook/xglm-2.9B,40,4LocalWordSwaps,139,0.9960085153579712
xglm_large,facebook/xglm-2.9B,40,4LocalWordSwaps,140,0.9950461387634277
xglm_large,facebook/xglm-2.9B,40,4LocalWordSwaps,141,0.9831068515777588
xglm_large,facebook/xglm-2.9B,40,4LocalWordSwaps,142,0.9857491254806519
xglm_large,facebook/xglm-2.9B,40,4LocalWordSwaps,143,0.989144504070282
xglm_large,facebook/xglm-2.9B,40,4LocalWordSwaps,144,0.985880434513092
xglm_large,facebook/xglm-2.9B,40,4LocalWordSwaps,145,0.9976423382759094
xglm_large,facebook/xglm-2.9B,40,4LocalWordSwaps,146,0.9813874959945679
xglm_large,facebook/xglm-2.9B,40,4LocalWordSwaps,147,0.9986575841903687
xglm_large,facebook/xglm-2.9B,40,4LocalWordSwaps,148,0.9852147698402405
xglm_large,facebook/xglm-2.9B,40,4LocalWordSwaps,149,0.990167498588562
xglm_large,facebook/xglm-2.9B,40,4LocalWordSwaps,150,0.9896296262741089
xglm_large,facebook/xglm-2.9B,40,4LocalWordSwaps,151,0.9911785125732422
xglm_large,facebook/xglm-2.9B,40,4LocalWordSwaps,152,0.9854928255081177
xglm_large,facebook/xglm-2.9B,40,4LocalWordSwaps,153,0.9799754023551941
xglm_large,facebook/xglm-2.9B,40,4LocalWordSwaps,154,0.9883641004562378
xglm_large,facebook/xglm-2.9B,40,4LocalWordSwaps,155,0.9861910343170166
xglm_large,facebook/xglm-2.9B,40,4LocalWordSwaps,156,0.9850491881370544
xglm_large,facebook/xglm-2.9B,40,4LocalWordSwaps,157,0.9907031655311584
xglm_large,facebook/xglm-2.9B,40,4LocalWordSwaps,158,0.9874260425567627
xglm_large,facebook/xglm-2.9B,40,4LocalWordSwaps,159,0.9864813089370728
xglm_large,facebook/xglm-2.9B,40,4LocalWordSwaps,160,0.988178014755249
xglm_large,facebook/xglm-2.9B,40,4LocalWordSwaps,161,0.9867954254150391
xglm_large,facebook/xglm-2.9B,40,4LocalWordSwaps,162,0.981662929058075
xglm_large,facebook/xglm-2.9B,40,4LocalWordSwaps,163,0.9828574657440186
xglm_large,facebook/xglm-2.9B,40,4LocalWordSwaps,164,0.987958550453186
xglm_large,facebook/xglm-2.9B,40,4LocalWordSwaps,165,0.9896467328071594
xglm_large,facebook/xglm-2.9B,40,4LocalWordSwaps,166,0.9898589849472046
xglm_large,facebook/xglm-2.9B,40,4LocalWordSwaps,167,0.9830745458602905
xglm_large,facebook/xglm-2.9B,40,4LocalWordSwaps,168,0.9846877455711365
xglm_large,facebook/xglm-2.9B,40,4LocalWordSwaps,169,0.9981134533882141
xglm_large,facebook/xglm-2.9B,40,4LocalWordSwaps,170,0.9913734197616577
xglm_large,facebook/xglm-2.9B,40,4LocalWordSwaps,171,0.9871036410331726
xglm_large,facebook/xglm-2.9B,40,4LocalWordSwaps,172,0.9859846830368042
xglm_large,facebook/xglm-2.9B,40,4LocalWordSwaps,173,0.9844163656234741
xglm_large,facebook/xglm-2.9B,40,4LocalWordSwaps,174,0.987337052822113
xglm_large,facebook/xglm-2.9B,40,4LocalWordSwaps,175,0.9984135031700134
xglm_large,facebook/xglm-2.9B,40,4LocalWordSwaps,176,0.981946587562561
xglm_large,facebook/xglm-2.9B,40,4LocalWordSwaps,177,0.9891451597213745
xglm_large,facebook/xglm-2.9B,40,4LocalWordSwaps,178,0.9909020662307739
xglm_large,facebook/xglm-2.9B,40,4LocalWordSwaps,179,0.9992626905441284
xglm_large,facebook/xglm-2.9B,40,4LocalWordSwaps,180,0.9989688992500305
xglm_large,facebook/xglm-2.9B,40,4LocalWordSwaps,181,0.9919747710227966
xglm_large,facebook/xglm-2.9B,40,4LocalWordSwaps,182,0.9884135723114014
xglm_large,facebook/xglm-2.9B,40,4LocalWordSwaps,183,0.9908216595649719
xglm_large,facebook/xglm-2.9B,40,4LocalWordSwaps,184,0.9861921668052673
xglm_large,facebook/xglm-2.9B,40,4LocalWordSwaps,185,0.9993516206741333
xglm_large,facebook/xglm-2.9B,40,4LocalWordSwaps,186,0.9854610562324524
xglm_large,facebook/xglm-2.9B,40,4LocalWordSwaps,187,0.9879042506217957
xglm_large,facebook/xglm-2.9B,40,4LocalWordSwaps,188,0.9853823184967041
xglm_large,facebook/xglm-2.9B,40,4LocalWordSwaps,189,0.9859502911567688
xglm_large,facebook/xglm-2.9B,40,4LocalWordSwaps,190,0.9868834614753723
xglm_large,facebook/xglm-2.9B,40,4LocalWordSwaps,191,0.9993079304695129
xglm_large,facebook/xglm-2.9B,40,4LocalWordSwaps,192,0.9904910326004028
xglm_large,facebook/xglm-2.9B,40,4LocalWordSwaps,193,0.9859952330589294
xglm_large,facebook/xglm-2.9B,40,4LocalWordSwaps,194,0.9924885034561157
xglm_large,facebook/xglm-2.9B,40,4LocalWordSwaps,195,0.9995556473731995
xglm_large,facebook/xglm-2.9B,40,4LocalWordSwaps,196,0.9951571822166443
xglm_large,facebook/xglm-2.9B,40,4LocalWordSwaps,197,0.9877885580062866
xglm_large,facebook/xglm-2.9B,40,4LocalWordSwaps,198,0.9885174632072449
xglm_large,facebook/xglm-2.9B,40,4LocalWordSwaps,199,0.983849823474884
xglm_large,facebook/xglm-2.9B,40,4LocalWordSwaps,200,0.9882790446281433
xglm_large,facebook/xglm-2.9B,40,4LocalWordSwaps,201,0.9861063361167908
xglm_large,facebook/xglm-2.9B,40,4LocalWordSwaps,202,0.9828941822052002
xglm_large,facebook/xglm-2.9B,40,4LocalWordSwaps,203,0.9931892156600952
xglm_large,facebook/xglm-2.9B,40,4LocalWordSwaps,204,0.9911506175994873
xglm_large,facebook/xglm-2.9B,40,4LocalWordSwaps,205,0.9883058667182922
xglm_large,facebook/xglm-2.9B,40,4LocalWordSwaps,206,0.9860976934432983
xglm_large,facebook/xglm-2.9B,40,4LocalWordSwaps,207,0.9995880722999573
xglm_large,facebook/xglm-2.9B,40,4LocalWordSwaps,208,0.9839267730712891
xglm_large,facebook/xglm-2.9B,40,4LocalWordSwaps,209,0.9892994165420532
xglm_large,facebook/xglm-2.9B,40,4LocalWordSwaps,210,0.9839185476303101
xglm_large,facebook/xglm-2.9B,40,4LocalWordSwaps,211,0.9861346483230591
xglm_large,facebook/xglm-2.9B,40,4LocalWordSwaps,212,0.997056782245636
xglm_large,facebook/xglm-2.9B,40,4LocalWordSwaps,213,0.9906541109085083
xglm_large,facebook/xglm-2.9B,40,4LocalWordSwaps,214,0.9915042519569397
xglm_large,facebook/xglm-2.9B,40,4LocalWordSwaps,215,0.9878010749816895
xglm_large,facebook/xglm-2.9B,40,4LocalWordSwaps,216,0.9851096272468567
xglm_large,facebook/xglm-2.9B,40,4LocalWordSwaps,217,0.9897696375846863
xglm_large,facebook/xglm-2.9B,40,4LocalWordSwaps,218,0.9880126714706421
xglm_large,facebook/xglm-2.9B,40,4LocalWordSwaps,219,0.9986194968223572
xglm_large,facebook/xglm-2.9B,40,4LocalWordSwaps,220,0.9852266311645508
xglm_large,facebook/xglm-2.9B,40,4LocalWordSwaps,221,0.9855849742889404
xglm_large,facebook/xglm-2.9B,40,4LocalWordSwaps,222,0.992976725101471
xglm_large,facebook/xglm-2.9B,40,4LocalWordSwaps,223,0.9908691644668579
xglm_large,facebook/xglm-2.9B,40,4LocalWordSwaps,224,0.9886668920516968
xglm_large,facebook/xglm-2.9B,40,4LocalWordSwaps,225,0.9859985709190369
xglm_large,facebook/xglm-2.9B,40,4LocalWordSwaps,226,0.998175859451294
xglm_large,facebook/xglm-2.9B,40,4LocalWordSwaps,227,0.9909273982048035
xglm_large,facebook/xglm-2.9B,40,4LocalWordSwaps,228,0.9970680475234985
xglm_large,facebook/xglm-2.9B,40,4LocalWordSwaps,229,0.9884669184684753
xglm_large,facebook/xglm-2.9B,40,4LocalWordSwaps,230,0.9904958009719849
xglm_large,facebook/xglm-2.9B,40,4LocalWordSwaps,231,0.9892750382423401
xglm_large,facebook/xglm-2.9B,40,4LocalWordSwaps,232,0.9838764071464539
xglm_large,facebook/xglm-2.9B,40,4LocalWordSwaps,233,0.982547402381897
xglm_large,facebook/xglm-2.9B,40,4LocalWordSwaps,234,0.9895999431610107
xglm_large,facebook/xglm-2.9B,40,4LocalWordSwaps,235,0.986660897731781
xglm_large,facebook/xglm-2.9B,40,4LocalWordSwaps,236,0.982268750667572
xglm_large,facebook/xglm-2.9B,40,4LocalWordSwaps,237,0.9869762659072876
xglm_large,facebook/xglm-2.9B,40,4LocalWordSwaps,238,0.9858750700950623
xglm_large,facebook/xglm-2.9B,40,4LocalWordSwaps,239,0.9840811491012573
xglm_large,facebook/xglm-2.9B,40,4LocalWordSwaps,240,0.9981077909469604
xglm_large,facebook/xglm-2.9B,40,4LocalWordSwaps,241,0.9809914827346802
xglm_large,facebook/xglm-2.9B,40,4LocalWordSwaps,242,0.9887143969535828
xglm_large,facebook/xglm-2.9B,40,4LocalWordSwaps,243,0.9899954199790955
xglm_large,facebook/xglm-2.9B,40,4LocalWordSwaps,244,0.9991843700408936
xglm_large,facebook/xglm-2.9B,40,4LocalWordSwaps,245,0.9943108558654785
xglm_large,facebook/xglm-2.9B,40,4LocalWordSwaps,246,0.9979984760284424
xglm_large,facebook/xglm-2.9B,40,4LocalWordSwaps,247,0.9897425174713135
xglm_large,facebook/xglm-2.9B,40,4LocalWordSwaps,248,0.9909737706184387
xglm_large,facebook/xglm-2.9B,40,4LocalWordSwaps,249,0.9909048676490784
xglm_large,facebook/xglm-2.9B,40,4LocalWordSwaps,250,0.9894235134124756
xglm_large,facebook/xglm-2.9B,40,4LocalWordSwaps,251,0.9885923266410828
xglm_large,facebook/xglm-2.9B,40,4LocalWordSwaps,252,0.9880574941635132
xglm_large,facebook/xglm-2.9B,40,4LocalWordSwaps,253,0.988274097442627
xglm_large,facebook/xglm-2.9B,40,4LocalWordSwaps,254,0.9902899265289307
xglm_large,facebook/xglm-2.9B,40,4LocalWordSwaps,255,0.9993081092834473
xglm_large,facebook/xglm-2.9B,40,4LocalWordSwaps,256,0.9877356886863708
xglm_large,facebook/xglm-2.9B,40,4LocalWordSwaps,257,0.9877990484237671
xglm_large,facebook/xglm-2.9B,40,4LocalWordSwaps,258,0.9892699122428894
xglm_large,facebook/xglm-2.9B,40,4LocalWordSwaps,259,0.9847481846809387
xglm_large,facebook/xglm-2.9B,40,4LocalWordSwaps,260,0.9891855120658875
xglm_large,facebook/xglm-2.9B,40,4LocalWordSwaps,261,0.986600935459137
xglm_large,facebook/xglm-2.9B,40,4LocalWordSwaps,262,0.990125834941864
xglm_large,facebook/xglm-2.9B,40,4LocalWordSwaps,263,0.9973337650299072
xglm_large,facebook/xglm-2.9B,40,4LocalWordSwaps,264,0.9898899793624878
xglm_large,facebook/xglm-2.9B,40,4LocalWordSwaps,265,0.9875999093055725
xglm_large,facebook/xglm-2.9B,40,4LocalWordSwaps,266,0.9879351258277893
xglm_large,facebook/xglm-2.9B,40,4LocalWordSwaps,267,0.9877889156341553
xglm_large,facebook/xglm-2.9B,40,4LocalWordSwaps,268,0.992557168006897
xglm_large,facebook/xglm-2.9B,40,4LocalWordSwaps,269,0.9808367490768433
xglm_large,facebook/xglm-2.9B,40,4LocalWordSwaps,270,0.9865589737892151
xglm_large,facebook/xglm-2.9B,40,4LocalWordSwaps,271,0.9924987554550171
xglm_large,facebook/xglm-2.9B,40,4LocalWordSwaps,272,0.9888748526573181
xglm_large,facebook/xglm-2.9B,40,4LocalWordSwaps,273,0.9877989292144775
xglm_large,facebook/xglm-2.9B,40,4LocalWordSwaps,274,0.9887949824333191
xglm_large,facebook/xglm-2.9B,40,4LocalWordSwaps,275,0.9965112209320068
xglm_large,facebook/xglm-2.9B,40,4LocalWordSwaps,276,0.9895991683006287
xglm_large,facebook/xglm-2.9B,40,4LocalWordSwaps,277,0.9836059212684631
xglm_large,facebook/xglm-2.9B,40,4LocalWordSwaps,278,0.9857625365257263
xglm_large,facebook/xglm-2.9B,40,4LocalWordSwaps,279,0.9893114566802979
xglm_large,facebook/xglm-2.9B,40,4LocalWordSwaps,280,0.9897085428237915
xglm_large,facebook/xglm-2.9B,40,4LocalWordSwaps,281,0.9914554357528687
xglm_large,facebook/xglm-2.9B,40,4LocalWordSwaps,282,0.9885590076446533
xglm_large,facebook/xglm-2.9B,40,4LocalWordSwaps,283,0.9843006134033203
xglm_large,facebook/xglm-2.9B,40,4LocalWordSwaps,284,0.99361252784729
xglm_large,facebook/xglm-2.9B,40,4LocalWordSwaps,285,0.9875091910362244
xglm_large,facebook/xglm-2.9B,40,4LocalWordSwaps,286,0.9855868816375732
xglm_large,facebook/xglm-2.9B,40,4LocalWordSwaps,287,0.9945337772369385
xglm_large,facebook/xglm-2.9B,40,4LocalWordSwaps,288,0.9894394278526306
xglm_large,facebook/xglm-2.9B,40,4LocalWordSwaps,289,0.9913613200187683
xglm_large,facebook/xglm-2.9B,40,4LocalWordSwaps,290,0.9861758947372437
xglm_large,facebook/xglm-2.9B,40,4LocalWordSwaps,291,0.9909168481826782
xglm_large,facebook/xglm-2.9B,40,4LocalWordSwaps,292,0.9900460243225098
xglm_large,facebook/xglm-2.9B,40,4LocalWordSwaps,293,0.9931157231330872
xglm_large,facebook/xglm-2.9B,40,4LocalWordSwaps,294,0.9905126690864563
xglm_large,facebook/xglm-2.9B,40,4LocalWordSwaps,295,0.9974515438079834
xglm_large,facebook/xglm-2.9B,40,4LocalWordSwaps,296,0.9880002737045288
xglm_large,facebook/xglm-2.9B,40,4LocalWordSwaps,297,0.9909205436706543
xglm_large,facebook/xglm-2.9B,40,4LocalWordSwaps,298,0.9873029589653015
xglm_large,facebook/xglm-2.9B,40,4LocalWordSwaps,299,0.9918524026870728
xglm_large,facebook/xglm-2.9B,40,4LocalWordSwaps,300,0.9981819987297058
xglm_large,facebook/xglm-2.9B,40,4LocalWordSwaps,301,0.9917532801628113
xglm_large,facebook/xglm-2.9B,40,4LocalWordSwaps,302,0.9908798933029175
xglm_large,facebook/xglm-2.9B,40,4LocalWordSwaps,303,0.9871772527694702
xglm_large,facebook/xglm-2.9B,40,4LocalWordSwaps,304,0.9904854893684387
xglm_large,facebook/xglm-2.9B,40,4LocalWordSwaps,305,0.9909175038337708
xglm_large,facebook/xglm-2.9B,40,4LocalWordSwaps,306,0.991014301776886
xglm_large,facebook/xglm-2.9B,40,4LocalWordSwaps,307,0.9982729554176331
xglm_large,facebook/xglm-2.9B,40,4LocalWordSwaps,308,0.9931202530860901
xglm_large,facebook/xglm-2.9B,40,4LocalWordSwaps,309,0.9936286211013794
xglm_large,facebook/xglm-2.9B,40,4LocalWordSwaps,310,0.9868280291557312
xglm_large,facebook/xglm-2.9B,40,4LocalWordSwaps,311,0.9883745312690735
xglm_large,facebook/xglm-2.9B,40,4LocalWordSwaps,312,0.9933433532714844
xglm_large,facebook/xglm-2.9B,40,4LocalWordSwaps,313,0.984897255897522
xglm_large,facebook/xglm-2.9B,40,4LocalWordSwaps,314,0.9890627264976501
xglm_large,facebook/xglm-2.9B,40,4LocalWordSwaps,315,0.9911110401153564
xglm_large,facebook/xglm-2.9B,40,4LocalWordSwaps,316,0.9869059920310974
xglm_large,facebook/xglm-2.9B,40,4LocalWordSwaps,317,0.9890080690383911
xglm_large,facebook/xglm-2.9B,40,4LocalWordSwaps,318,0.9916700124740601
xglm_large,facebook/xglm-2.9B,40,4LocalWordSwaps,319,0.993809700012207
xglm_large,facebook/xglm-2.9B,40,4LocalWordSwaps,320,0.9908608794212341
xglm_large,facebook/xglm-2.9B,40,4LocalWordSwaps,321,0.9965720772743225
xglm_large,facebook/xglm-2.9B,40,4LocalWordSwaps,322,0.9818222522735596
xglm_large,facebook/xglm-2.9B,40,4LocalWordSwaps,323,0.9823015928268433
xglm_large,facebook/xglm-2.9B,40,4LocalWordSwaps,324,0.9888594150543213
xglm_large,facebook/xglm-2.9B,40,4LocalWordSwaps,325,0.9978135824203491
xglm_large,facebook/xglm-2.9B,40,4LocalWordSwaps,326,0.9888848066329956
xglm_large,facebook/xglm-2.9B,40,4LocalWordSwaps,327,0.9888757467269897
xglm_large,facebook/xglm-2.9B,40,4LocalWordSwaps,328,0.9884829521179199
xglm_large,facebook/xglm-2.9B,40,4LocalWordSwaps,329,0.9879986047744751
xglm_large,facebook/xglm-2.9B,40,4LocalWordSwaps,330,0.9899585843086243
xglm_large,facebook/xglm-2.9B,40,4LocalWordSwaps,331,0.9887365698814392
xglm_large,facebook/xglm-2.9B,40,4LocalWordSwaps,332,0.9909765124320984
xglm_large,facebook/xglm-2.9B,40,4LocalWordSwaps,333,0.9870588183403015
xglm_large,facebook/xglm-2.9B,40,4LocalWordSwaps,334,0.9944369196891785
xglm_large,facebook/xglm-2.9B,40,4LocalWordSwaps,335,0.9878596067428589
xglm_large,facebook/xglm-2.9B,40,4LocalWordSwaps,336,0.9902147650718689
xglm_large,facebook/xglm-2.9B,40,4LocalWordSwaps,337,0.9854599237442017
xglm_large,facebook/xglm-2.9B,40,4LocalWordSwaps,338,0.9923241138458252
xglm_large,facebook/xglm-2.9B,40,4LocalWordSwaps,339,0.9840376377105713
xglm_large,facebook/xglm-2.9B,40,4LocalWordSwaps,340,0.9881676435470581
xglm_large,facebook/xglm-2.9B,40,4LocalWordSwaps,341,0.9869840741157532
xglm_large,facebook/xglm-2.9B,40,4LocalWordSwaps,342,0.9829092621803284
xglm_large,facebook/xglm-2.9B,40,4LocalWordSwaps,343,0.987030029296875
xglm_large,facebook/xglm-2.9B,40,4LocalWordSwaps,344,0.97959965467453
xglm_large,facebook/xglm-2.9B,40,4LocalWordSwaps,345,0.9875929355621338
xglm_large,facebook/xglm-2.9B,40,4LocalWordSwaps,346,0.9852476716041565
xglm_large,facebook/xglm-2.9B,40,4LocalWordSwaps,347,0.9880244135856628
xglm_large,facebook/xglm-2.9B,40,4LocalWordSwaps,348,0.9827443361282349
xglm_large,facebook/xglm-2.9B,40,4LocalWordSwaps,349,0.9979317784309387
xglm_large,facebook/xglm-2.9B,40,4LocalWordSwaps,350,0.9897087812423706
xglm_large,facebook/xglm-2.9B,40,4LocalWordSwaps,351,0.9894881248474121
xglm_large,facebook/xglm-2.9B,40,4LocalWordSwaps,352,0.9972754716873169
xglm_large,facebook/xglm-2.9B,40,4LocalWordSwaps,353,0.9877932667732239
xglm_large,facebook/xglm-2.9B,40,4LocalWordSwaps,354,0.9966069459915161
xglm_large,facebook/xglm-2.9B,40,4LocalWordSwaps,355,0.9892903566360474
xglm_large,facebook/xglm-2.9B,40,4LocalWordSwaps,356,0.9895262122154236
xglm_large,facebook/xglm-2.9B,40,4LocalWordSwaps,357,0.9931161403656006
xglm_large,facebook/xglm-2.9B,40,4LocalWordSwaps,358,0.9904334545135498
xglm_large,facebook/xglm-2.9B,40,4LocalWordSwaps,359,0.9872199892997742
xglm_large,facebook/xglm-2.9B,40,4LocalWordSwaps,360,0.9904072880744934
xglm_large,facebook/xglm-2.9B,40,4LocalWordSwaps,361,0.9898878931999207
xglm_large,facebook/xglm-2.9B,40,4LocalWordSwaps,362,0.9893175363540649
xglm_large,facebook/xglm-2.9B,40,4LocalWordSwaps,363,0.9931831359863281
xglm_large,facebook/xglm-2.9B,40,4LocalWordSwaps,364,0.9888100028038025
xglm_large,facebook/xglm-2.9B,40,4LocalWordSwaps,365,0.988732635974884
xglm_large,facebook/xglm-2.9B,40,4LocalWordSwaps,366,0.9845520853996277
xglm_large,facebook/xglm-2.9B,40,4LocalWordSwaps,367,0.992017388343811
xglm_large,facebook/xglm-2.9B,40,4LocalWordSwaps,368,0.9896672368049622
xglm_large,facebook/xglm-2.9B,40,4LocalWordSwaps,369,0.9880276918411255
xglm_large,facebook/xglm-2.9B,40,4LocalWordSwaps,370,0.9826335906982422
xglm_large,facebook/xglm-2.9B,40,4LocalWordSwaps,371,0.9883536100387573
xglm_large,facebook/xglm-2.9B,40,4LocalWordSwaps,372,0.9901179671287537
xglm_large,facebook/xglm-2.9B,40,4LocalWordSwaps,373,0.9860857129096985
xglm_large,facebook/xglm-2.9B,40,4LocalWordSwaps,374,0.983461856842041
xglm_large,facebook/xglm-2.9B,40,4LocalWordSwaps,375,0.9995978474617004
xglm_large,facebook/xglm-2.9B,40,4LocalWordSwaps,376,0.991512656211853
xglm_large,facebook/xglm-2.9B,40,4LocalWordSwaps,377,0.9926478862762451
xglm_large,facebook/xglm-2.9B,40,4LocalWordSwaps,378,0.9897164702415466
xglm_large,facebook/xglm-2.9B,40,4LocalWordSwaps,379,0.9854950308799744
xglm_large,facebook/xglm-2.9B,40,4LocalWordSwaps,380,0.9877350330352783
xglm_large,facebook/xglm-2.9B,40,4LocalWordSwaps,381,0.9994049668312073
xglm_large,facebook/xglm-2.9B,40,4LocalWordSwaps,382,0.9870208501815796
xglm_large,facebook/xglm-2.9B,40,4LocalWordSwaps,383,0.9902349710464478
xglm_large,facebook/xglm-2.9B,40,4LocalWordSwaps,384,0.9886986017227173
xglm_large,facebook/xglm-2.9B,40,4LocalWordSwaps,385,0.9883585572242737
xglm_large,facebook/xglm-2.9B,40,4LocalWordSwaps,386,0.9855454564094543
xglm_large,facebook/xglm-2.9B,40,4LocalWordSwaps,387,0.9863079786300659
xglm_large,facebook/xglm-2.9B,40,4LocalWordSwaps,388,0.9884974360466003
xglm_large,facebook/xglm-2.9B,40,4LocalWordSwaps,389,0.9832721948623657
xglm_large,facebook/xglm-2.9B,40,4LocalWordSwaps,390,0.9886510968208313
xglm_large,facebook/xglm-2.9B,40,4LocalWordSwaps,391,0.9873735904693604
xglm_large,facebook/xglm-2.9B,40,4LocalWordSwaps,392,0.986075222492218
xglm_large,facebook/xglm-2.9B,40,4LocalWordSwaps,393,0.9834400415420532
xglm_large,facebook/xglm-2.9B,40,4LocalWordSwaps,394,0.9959073066711426
xglm_large,facebook/xglm-2.9B,40,4LocalWordSwaps,395,0.9870679378509521
xglm_large,facebook/xglm-2.9B,40,4LocalWordSwaps,396,0.9918410181999207
xglm_large,facebook/xglm-2.9B,40,4LocalWordSwaps,397,0.9922118782997131
xglm_large,facebook/xglm-2.9B,40,4LocalWordSwaps,398,0.9800105094909668
xglm_large,facebook/xglm-2.9B,40,4LocalWordSwaps,399,0.9808162450790405
xglm_large,facebook/xglm-2.9B,40,4LocalWordSwaps,400,0.9877778887748718
xglm_large,facebook/xglm-2.9B,40,4LocalWordSwaps,401,0.98410964012146
xglm_large,facebook/xglm-2.9B,40,4LocalWordSwaps,402,0.989090085029602
xglm_large,facebook/xglm-2.9B,40,4LocalWordSwaps,403,0.9871077537536621
xglm_large,facebook/xglm-2.9B,40,4LocalWordSwaps,404,0.9871532917022705
xglm_large,facebook/xglm-2.9B,40,4LocalWordSwaps,405,0.9872177243232727
xglm_large,facebook/xglm-2.9B,40,4LocalWordSwaps,406,0.9851829409599304
xglm_large,facebook/xglm-2.9B,40,4LocalWordSwaps,407,0.9847718477249146
xglm_large,facebook/xglm-2.9B,40,4LocalWordSwaps,408,0.9906269907951355
xglm_large,facebook/xglm-2.9B,40,4LocalWordSwaps,409,0.9891212582588196
xglm_large,facebook/xglm-2.9B,40,4LocalWordSwaps,410,0.9833523631095886
xglm_large,facebook/xglm-2.9B,40,4LocalWordSwaps,411,0.9855310916900635
xglm_large,facebook/xglm-2.9B,40,4LocalWordSwaps,412,0.9863604307174683
xglm_large,facebook/xglm-2.9B,40,4LocalWordSwaps,413,0.9879283905029297
xglm_large,facebook/xglm-2.9B,40,4LocalWordSwaps,414,0.9816973209381104
xglm_large,facebook/xglm-2.9B,40,4LocalWordSwaps,415,0.9912509322166443
xglm_large,facebook/xglm-2.9B,40,4LocalWordSwaps,416,0.9872164726257324
xglm_large,facebook/xglm-2.9B,40,4LocalWordSwaps,417,0.9883795380592346
xglm_large,facebook/xglm-2.9B,40,4LocalWordSwaps,418,0.9910274147987366
xglm_large,facebook/xglm-2.9B,40,4LocalWordSwaps,419,0.9958630204200745
xglm_large,facebook/xglm-2.9B,40,4LocalWordSwaps,420,0.9902990460395813
xglm_large,facebook/xglm-2.9B,40,4LocalWordSwaps,421,0.978478729724884
xglm_large,facebook/xglm-2.9B,40,4LocalWordSwaps,422,0.98698490858078
xglm_large,facebook/xglm-2.9B,40,4LocalWordSwaps,423,0.9822078943252563
xglm_large,facebook/xglm-2.9B,40,4LocalWordSwaps,424,0.9891660809516907
xglm_large,facebook/xglm-2.9B,40,4LocalWordSwaps,425,0.9933350682258606
xglm_large,facebook/xglm-2.9B,40,4LocalWordSwaps,426,0.9893964529037476
xglm_large,facebook/xglm-2.9B,40,4LocalWordSwaps,427,0.9876713752746582
xglm_large,facebook/xglm-2.9B,40,4LocalWordSwaps,428,0.998200535774231
xglm_large,facebook/xglm-2.9B,40,4LocalWordSwaps,429,0.9871459603309631
xglm_large,facebook/xglm-2.9B,40,4LocalWordSwaps,430,0.9901926517486572
xglm_large,facebook/xglm-2.9B,40,4LocalWordSwaps,431,0.9886130690574646
xglm_large,facebook/xglm-2.9B,40,4LocalWordSwaps,432,0.9922339916229248
xglm_large,facebook/xglm-2.9B,40,4LocalWordSwaps,433,0.9980294108390808
xglm_large,facebook/xglm-2.9B,40,4LocalWordSwaps,434,0.9912357926368713
xglm_large,facebook/xglm-2.9B,40,4LocalWordSwaps,435,0.9871575236320496
xglm_large,facebook/xglm-2.9B,40,4LocalWordSwaps,436,0.9927511215209961
xglm_large,facebook/xglm-2.9B,40,4LocalWordSwaps,437,0.9888445734977722
xglm_large,facebook/xglm-2.9B,40,4LocalWordSwaps,438,0.9978592395782471
xglm_large,facebook/xglm-2.9B,40,4LocalWordSwaps,439,0.9882851243019104
xglm_large,facebook/xglm-2.9B,40,4LocalWordSwaps,440,0.9988278746604919
xglm_large,facebook/xglm-2.9B,40,4LocalWordSwaps,441,0.9897759556770325
xglm_large,facebook/xglm-2.9B,40,4LocalWordSwaps,442,0.9876561164855957
xglm_large,facebook/xglm-2.9B,40,4LocalWordSwaps,443,0.9894493818283081
xglm_large,facebook/xglm-2.9B,40,4LocalWordSwaps,444,0.9986978769302368
xglm_large,facebook/xglm-2.9B,40,4LocalWordSwaps,445,0.9904400706291199
xglm_large,facebook/xglm-2.9B,40,4LocalWordSwaps,446,0.982781171798706
xglm_large,facebook/xglm-2.9B,40,4LocalWordSwaps,447,0.9874311685562134
xglm_large,facebook/xglm-2.9B,40,4LocalWordSwaps,448,0.9981151819229126
xglm_large,facebook/xglm-2.9B,40,4LocalWordSwaps,449,0.984542727470398
xglm_large,facebook/xglm-2.9B,40,4LocalWordSwaps,450,0.9993648529052734
xglm_large,facebook/xglm-2.9B,40,4LocalWordSwaps,451,0.9885756373405457
xglm_large,facebook/xglm-2.9B,40,4LocalWordSwaps,452,0.9939204454421997
xglm_large,facebook/xglm-2.9B,40,4LocalWordSwaps,453,0.9910454750061035
xglm_large,facebook/xglm-2.9B,40,4LocalWordSwaps,454,0.9881749153137207
xglm_large,facebook/xglm-2.9B,40,4LocalWordSwaps,455,0.9905146956443787
xglm_large,facebook/xglm-2.9B,40,4LocalWordSwaps,456,0.9886707067489624
xglm_large,facebook/xglm-2.9B,40,4LocalWordSwaps,457,0.9976398944854736
xglm_large,facebook/xglm-2.9B,40,4LocalWordSwaps,458,0.9982830882072449
xglm_large,facebook/xglm-2.9B,40,4LocalWordSwaps,459,0.9929265975952148
xglm_large,facebook/xglm-2.9B,40,4LocalWordSwaps,460,0.991853654384613
xglm_large,facebook/xglm-2.9B,40,4LocalWordSwaps,461,0.9865502119064331
xglm_large,facebook/xglm-2.9B,40,4LocalWordSwaps,462,0.9888914823532104
xglm_large,facebook/xglm-2.9B,40,4LocalWordSwaps,463,0.9970119595527649
xglm_large,facebook/xglm-2.9B,40,4LocalWordSwaps,464,0.9827723503112793
xglm_large,facebook/xglm-2.9B,40,4LocalWordSwaps,465,0.9857435822486877
xglm_large,facebook/xglm-2.9B,40,4LocalWordSwaps,466,0.9861768484115601
xglm_large,facebook/xglm-2.9B,40,4LocalWordSwaps,467,0.9867593050003052
xglm_large,facebook/xglm-2.9B,40,4LocalWordSwaps,468,0.985704243183136
xglm_large,facebook/xglm-2.9B,40,4LocalWordSwaps,469,0.9853927493095398
xglm_large,facebook/xglm-2.9B,40,4LocalWordSwaps,470,0.9894332885742188
xglm_large,facebook/xglm-2.9B,40,4LocalWordSwaps,471,0.9857087135314941
xglm_large,facebook/xglm-2.9B,40,4LocalWordSwaps,472,0.9988316893577576
xglm_large,facebook/xglm-2.9B,40,4LocalWordSwaps,473,0.988611102104187
xglm_large,facebook/xglm-2.9B,40,4LocalWordSwaps,474,0.9990937113761902
xglm_large,facebook/xglm-2.9B,40,4LocalWordSwaps,475,0.9922727346420288
xglm_large,facebook/xglm-2.9B,40,4LocalWordSwaps,476,0.988860547542572
xglm_large,facebook/xglm-2.9B,40,4LocalWordSwaps,477,0.9854499697685242
xglm_large,facebook/xglm-2.9B,40,4LocalWordSwaps,478,0.9995222687721252
xglm_large,facebook/xglm-2.9B,40,4LocalWordSwaps,479,0.9856926202774048
xglm_large,facebook/xglm-2.9B,40,4LocalWordSwaps,480,0.9883461594581604
xglm_large,facebook/xglm-2.9B,40,4LocalWordSwaps,481,0.988888680934906
xglm_large,facebook/xglm-2.9B,40,4LocalWordSwaps,482,0.989205539226532
xglm_large,facebook/xglm-2.9B,40,4LocalWordSwaps,483,0.988381028175354
xglm_large,facebook/xglm-2.9B,40,4LocalWordSwaps,484,0.99172443151474
xglm_large,facebook/xglm-2.9B,40,4LocalWordSwaps,485,0.9911726713180542
xglm_large,facebook/xglm-2.9B,40,4LocalWordSwaps,486,0.985996663570404
xglm_large,facebook/xglm-2.9B,40,4LocalWordSwaps,487,0.9888240694999695
xglm_large,facebook/xglm-2.9B,40,4LocalWordSwaps,488,0.9891257286071777
xglm_large,facebook/xglm-2.9B,40,4LocalWordSwaps,489,0.9885331988334656
xglm_large,facebook/xglm-2.9B,40,4LocalWordSwaps,490,0.9900543093681335
xglm_large,facebook/xglm-2.9B,40,4LocalWordSwaps,491,0.9923298954963684
xglm_large,facebook/xglm-2.9B,40,4LocalWordSwaps,492,0.9984942078590393
xglm_large,facebook/xglm-2.9B,40,4LocalWordSwaps,493,0.9989056587219238
xglm_large,facebook/xglm-2.9B,40,4LocalWordSwaps,494,0.9907569289207458
xglm_large,facebook/xglm-2.9B,40,4LocalWordSwaps,495,0.994052529335022
xglm_large,facebook/xglm-2.9B,40,4LocalWordSwaps,496,0.9910212755203247
xglm_large,facebook/xglm-2.9B,40,4LocalWordSwaps,497,0.9916311502456665
xglm_large,facebook/xglm-2.9B,40,4LocalWordSwaps,498,0.9898413419723511
xglm_large,facebook/xglm-2.9B,40,4LocalWordSwaps,499,0.9908915758132935
xglm_large,facebook/xglm-2.9B,40,4LocalWordSwaps,500,0.9986925721168518
xglm_large,facebook/xglm-2.9B,40,4LocalWordSwaps,501,0.9889060258865356
xglm_large,facebook/xglm-2.9B,40,4LocalWordSwaps,502,0.9834105968475342
xglm_large,facebook/xglm-2.9B,40,4LocalWordSwaps,503,0.9875980019569397
xglm_large,facebook/xglm-2.9B,40,4LocalWordSwaps,504,0.9910972714424133
xglm_large,facebook/xglm-2.9B,40,4LocalWordSwaps,505,0.9910461902618408
xglm_large,facebook/xglm-2.9B,40,4LocalWordSwaps,506,0.985645592212677
xglm_large,facebook/xglm-2.9B,40,4LocalWordSwaps,507,0.9890098571777344
xglm_large,facebook/xglm-2.9B,40,4LocalWordSwaps,508,0.9859210252761841
xglm_large,facebook/xglm-2.9B,40,4LocalWordSwaps,509,0.98863285779953
xglm_large,facebook/xglm-2.9B,40,4LocalWordSwaps,510,0.9864528179168701
xglm_large,facebook/xglm-2.9B,40,4LocalWordSwaps,511,0.9898859262466431
xglm_large,facebook/xglm-2.9B,40,4LocalWordSwaps,512,0.9897844791412354
xglm_large,facebook/xglm-2.9B,40,4LocalWordSwaps,513,0.9928414225578308
xglm_large,facebook/xglm-2.9B,40,4LocalWordSwaps,514,0.9887732863426208
xglm_large,facebook/xglm-2.9B,40,4LocalWordSwaps,515,0.9876970052719116
xglm_large,facebook/xglm-2.9B,40,4LocalWordSwaps,516,0.9872395992279053
xglm_large,facebook/xglm-2.9B,40,4LocalWordSwaps,517,0.9919179677963257
xglm_large,facebook/xglm-2.9B,40,4LocalWordSwaps,518,0.9860104918479919
xglm_large,facebook/xglm-2.9B,40,4LocalWordSwaps,519,0.9861664772033691
xglm_large,facebook/xglm-2.9B,40,4LocalWordSwaps,520,0.9885650277137756
xglm_large,facebook/xglm-2.9B,40,4LocalWordSwaps,521,0.9901769161224365
xglm_large,facebook/xglm-2.9B,40,4LocalWordSwaps,522,0.9900975227355957
xglm_large,facebook/xglm-2.9B,40,4LocalWordSwaps,523,0.990304172039032
xglm_large,facebook/xglm-2.9B,40,4LocalWordSwaps,524,0.9892948269844055
xglm_large,facebook/xglm-2.9B,40,4LocalWordSwaps,525,0.9913190007209778
xglm_large,facebook/xglm-2.9B,40,4LocalWordSwaps,526,0.9896693825721741
xglm_large,facebook/xglm-2.9B,40,4LocalWordSwaps,527,0.9896376132965088
xglm_large,facebook/xglm-2.9B,40,4LocalWordSwaps,528,0.9876863956451416
xglm_large,facebook/xglm-2.9B,40,4LocalWordSwaps,529,0.9891048073768616
xglm_large,facebook/xglm-2.9B,40,4LocalWordSwaps,530,0.9851657152175903
xglm_large,facebook/xglm-2.9B,40,4LocalWordSwaps,531,0.9858074188232422
xglm_large,facebook/xglm-2.9B,40,4LocalWordSwaps,532,0.9871640801429749
xglm_large,facebook/xglm-2.9B,40,4LocalWordSwaps,533,0.9876400232315063
xglm_large,facebook/xglm-2.9B,40,4LocalWordSwaps,534,0.9875949025154114
xglm_large,facebook/xglm-2.9B,40,4LocalWordSwaps,535,0.9975290894508362
xglm_large,facebook/xglm-2.9B,40,4LocalWordSwaps,536,0.9859299659729004
xglm_large,facebook/xglm-2.9B,40,4LocalWordSwaps,537,0.9912243485450745
xglm_large,facebook/xglm-2.9B,40,4LocalWordSwaps,538,0.9902336001396179
xglm_large,facebook/xglm-2.9B,40,4LocalWordSwaps,539,0.9848594069480896
xglm_large,facebook/xglm-2.9B,40,4LocalWordSwaps,540,0.9836825728416443
xglm_large,facebook/xglm-2.9B,40,4LocalWordSwaps,541,0.9859527349472046
xglm_large,facebook/xglm-2.9B,40,4LocalWordSwaps,542,0.9985730648040771
xglm_large,facebook/xglm-2.9B,40,4LocalWordSwaps,543,0.9870801568031311
xglm_large,facebook/xglm-2.9B,40,4LocalWordSwaps,544,0.98856520652771
xglm_large,facebook/xglm-2.9B,40,4LocalWordSwaps,545,0.9851111769676208
xglm_large,facebook/xglm-2.9B,40,4LocalWordSwaps,546,0.9920226335525513
xglm_large,facebook/xglm-2.9B,40,4LocalWordSwaps,547,0.9877188801765442
xglm_large,facebook/xglm-2.9B,40,4LocalWordSwaps,548,0.9996327757835388
xglm_large,facebook/xglm-2.9B,40,4LocalWordSwaps,549,0.9932085871696472
xglm_large,facebook/xglm-2.9B,40,4LocalWordSwaps,550,0.9853709936141968
xglm_large,facebook/xglm-2.9B,40,4LocalWordSwaps,551,0.9992861151695251
xglm_large,facebook/xglm-2.9B,40,4LocalWordSwaps,552,0.9908202886581421
xglm_large,facebook/xglm-2.9B,40,4LocalWordSwaps,553,0.9852932691574097
xglm_large,facebook/xglm-2.9B,40,4LocalWordSwaps,554,0.9989707469940186
xglm_large,facebook/xglm-2.9B,40,4LocalWordSwaps,555,0.9885273575782776
xglm_large,facebook/xglm-2.9B,40,4LocalWordSwaps,556,0.9878955483436584
xglm_large,facebook/xglm-2.9B,40,4LocalWordSwaps,557,0.9978704452514648
xglm_large,facebook/xglm-2.9B,40,4LocalWordSwaps,558,0.9897264838218689
xglm_large,facebook/xglm-2.9B,40,4LocalWordSwaps,559,0.9901674389839172
xglm_large,facebook/xglm-2.9B,40,4LocalWordSwaps,560,0.9854789972305298
xglm_large,facebook/xglm-2.9B,40,4LocalWordSwaps,561,0.9957762956619263
xglm_large,facebook/xglm-2.9B,40,4LocalWordSwaps,562,0.9905065894126892
xglm_large,facebook/xglm-2.9B,40,4LocalWordSwaps,563,0.9913820624351501
xglm_large,facebook/xglm-2.9B,40,4LocalWordSwaps,564,0.9900273084640503
xglm_large,facebook/xglm-2.9B,40,4LocalWordSwaps,565,0.9918147921562195
xglm_large,facebook/xglm-2.9B,40,4LocalWordSwaps,566,0.9924902319908142
xglm_large,facebook/xglm-2.9B,40,4LocalWordSwaps,567,0.9886722564697266
xglm_large,facebook/xglm-2.9B,40,4LocalWordSwaps,568,0.9903423190116882
xglm_large,facebook/xglm-2.9B,40,4LocalWordSwaps,569,0.9906104207038879
xglm_large,facebook/xglm-2.9B,40,4LocalWordSwaps,570,0.9920269250869751
xglm_large,facebook/xglm-2.9B,40,4LocalWordSwaps,571,0.9898269176483154
xglm_large,facebook/xglm-2.9B,40,4LocalWordSwaps,572,0.9931676983833313
xglm_large,facebook/xglm-2.9B,40,4LocalWordSwaps,573,0.9898239970207214
xglm_large,facebook/xglm-2.9B,40,4LocalWordSwaps,574,0.9883762001991272
xglm_large,facebook/xglm-2.9B,40,4LocalWordSwaps,575,0.9832004308700562
xglm_large,facebook/xglm-2.9B,40,4LocalWordSwaps,576,0.9889962077140808
xglm_large,facebook/xglm-2.9B,40,4LocalWordSwaps,577,0.988132119178772
xglm_large,facebook/xglm-2.9B,40,4LocalWordSwaps,578,0.9866083860397339
xglm_large,facebook/xglm-2.9B,40,4LocalWordSwaps,579,0.991599440574646
xglm_large,facebook/xglm-2.9B,40,4LocalWordSwaps,580,0.9901121258735657
xglm_large,facebook/xglm-2.9B,40,4LocalWordSwaps,581,0.9996508359909058
xglm_large,facebook/xglm-2.9B,40,4LocalWordSwaps,582,0.9905689358711243
xglm_large,facebook/xglm-2.9B,40,4LocalWordSwaps,583,0.9900318384170532
xglm_large,facebook/xglm-2.9B,40,4LocalWordSwaps,584,0.9938341379165649
xglm_large,facebook/xglm-2.9B,40,4LocalWordSwaps,585,0.9900661706924438
xglm_large,facebook/xglm-2.9B,40,4LocalWordSwaps,586,0.987461507320404
xglm_large,facebook/xglm-2.9B,40,4LocalWordSwaps,587,0.9913102984428406
xglm_large,facebook/xglm-2.9B,40,4LocalWordSwaps,588,0.9894143342971802
xglm_large,facebook/xglm-2.9B,40,4LocalWordSwaps,589,0.9931911826133728
xglm_large,facebook/xglm-2.9B,40,4LocalWordSwaps,590,0.9896631836891174
xglm_large,facebook/xglm-2.9B,40,4LocalWordSwaps,591,0.9909799098968506
xglm_large,facebook/xglm-2.9B,40,4LocalWordSwaps,592,0.9914593696594238
xglm_large,facebook/xglm-2.9B,40,4LocalWordSwaps,593,0.9910684823989868
xglm_large,facebook/xglm-2.9B,40,4LocalWordSwaps,594,0.9980027675628662
xglm_large,facebook/xglm-2.9B,40,4LocalWordSwaps,595,0.9877638816833496
xglm_large,facebook/xglm-2.9B,40,4LocalWordSwaps,596,0.9877213835716248
xglm_large,facebook/xglm-2.9B,40,4LocalWordSwaps,597,0.9877278804779053
xglm_large,facebook/xglm-2.9B,40,4LocalWordSwaps,598,0.9893563389778137
xglm_large,facebook/xglm-2.9B,40,4LocalWordSwaps,599,0.9879828095436096
xglm_large,facebook/xglm-2.9B,40,4LocalWordSwaps,600,0.991741955280304
xglm_large,facebook/xglm-2.9B,40,4LocalWordSwaps,601,0.978505551815033
xglm_large,facebook/xglm-2.9B,40,4LocalWordSwaps,602,0.9984176754951477
xglm_large,facebook/xglm-2.9B,40,4LocalWordSwaps,603,0.99022376537323
xglm_large,facebook/xglm-2.9B,40,4LocalWordSwaps,604,0.9985360503196716
xglm_large,facebook/xglm-2.9B,40,4LocalWordSwaps,605,0.9889093041419983
xglm_large,facebook/xglm-2.9B,40,4LocalWordSwaps,606,0.9900001287460327
xglm_large,facebook/xglm-2.9B,40,4LocalWordSwaps,607,0.9854766130447388
xglm_large,facebook/xglm-2.9B,40,4LocalWordSwaps,608,0.9861307144165039
xglm_large,facebook/xglm-2.9B,40,4LocalWordSwaps,609,0.9837132692337036
xglm_large,facebook/xglm-2.9B,40,4LocalWordSwaps,610,0.987898051738739
xglm_large,facebook/xglm-2.9B,40,4LocalWordSwaps,611,0.9983201622962952
xglm_large,facebook/xglm-2.9B,40,4LocalWordSwaps,612,0.9882219433784485
xglm_large,facebook/xglm-2.9B,40,4LocalWordSwaps,613,0.9874316453933716
xglm_large,facebook/xglm-2.9B,40,4LocalWordSwaps,614,0.9979608058929443
xglm_large,facebook/xglm-2.9B,40,4LocalWordSwaps,615,0.9886035919189453
xglm_large,facebook/xglm-2.9B,40,4LocalWordSwaps,616,0.9863759279251099
xglm_large,facebook/xglm-2.9B,40,4LocalWordSwaps,617,0.9859877824783325
xglm_large,facebook/xglm-2.9B,40,4LocalWordSwaps,618,0.9905498027801514
xglm_large,facebook/xglm-2.9B,40,4LocalWordSwaps,619,0.9908907413482666
xglm_large,facebook/xglm-2.9B,40,4LocalWordSwaps,620,0.9899848699569702
xglm_large,facebook/xglm-2.9B,40,4LocalWordSwaps,621,0.9870525002479553
xglm_large,facebook/xglm-2.9B,40,4LocalWordSwaps,622,0.9871600866317749
xglm_large,facebook/xglm-2.9B,40,4LocalWordSwaps,623,0.9862001538276672
xglm_large,facebook/xglm-2.9B,40,4LocalWordSwaps,624,0.9878613352775574
xglm_large,facebook/xglm-2.9B,40,4LocalWordSwaps,625,0.9876656532287598
xglm_large,facebook/xglm-2.9B,40,4LocalWordSwaps,626,0.9869646430015564
xglm_large,facebook/xglm-2.9B,40,5LocalWordSwaps,0,0.9831303358078003
xglm_large,facebook/xglm-2.9B,40,5LocalWordSwaps,1,0.979624330997467
xglm_large,facebook/xglm-2.9B,40,5LocalWordSwaps,2,0.9798581600189209
xglm_large,facebook/xglm-2.9B,40,5LocalWordSwaps,3,0.9814175963401794
xglm_large,facebook/xglm-2.9B,40,5LocalWordSwaps,4,0.9817228317260742
xglm_large,facebook/xglm-2.9B,40,5LocalWordSwaps,5,0.9983293414115906
xglm_large,facebook/xglm-2.9B,40,5LocalWordSwaps,6,0.9863625168800354
xglm_large,facebook/xglm-2.9B,40,5LocalWordSwaps,7,0.9905234575271606
xglm_large,facebook/xglm-2.9B,40,5LocalWordSwaps,8,0.9860134720802307
xglm_large,facebook/xglm-2.9B,40,5LocalWordSwaps,9,0.9844483137130737
xglm_large,facebook/xglm-2.9B,40,5LocalWordSwaps,10,0.9895734190940857
xglm_large,facebook/xglm-2.9B,40,5LocalWordSwaps,11,0.9874300360679626
xglm_large,facebook/xglm-2.9B,40,5LocalWordSwaps,12,0.9919930696487427
xglm_large,facebook/xglm-2.9B,40,5LocalWordSwaps,13,0.9823372960090637
xglm_large,facebook/xglm-2.9B,40,5LocalWordSwaps,14,0.9857089519500732
xglm_large,facebook/xglm-2.9B,40,5LocalWordSwaps,15,0.9872704148292542
xglm_large,facebook/xglm-2.9B,40,5LocalWordSwaps,16,0.9860166907310486
xglm_large,facebook/xglm-2.9B,40,5LocalWordSwaps,17,0.9867614507675171
xglm_large,facebook/xglm-2.9B,40,5LocalWordSwaps,18,0.9880882501602173
xglm_large,facebook/xglm-2.9B,40,5LocalWordSwaps,19,0.9976364970207214
xglm_large,facebook/xglm-2.9B,40,5LocalWordSwaps,20,0.9965769052505493
xglm_large,facebook/xglm-2.9B,40,5LocalWordSwaps,21,0.9783568978309631
xglm_large,facebook/xglm-2.9B,40,5LocalWordSwaps,22,0.9849916696548462
xglm_large,facebook/xglm-2.9B,40,5LocalWordSwaps,23,0.9963911771774292
xglm_large,facebook/xglm-2.9B,40,5LocalWordSwaps,24,0.9894316792488098
xglm_large,facebook/xglm-2.9B,40,5LocalWordSwaps,25,0.9851204752922058
xglm_large,facebook/xglm-2.9B,40,5LocalWordSwaps,26,0.9840081334114075
xglm_large,facebook/xglm-2.9B,40,5LocalWordSwaps,27,0.9896032214164734
xglm_large,facebook/xglm-2.9B,40,5LocalWordSwaps,28,0.9847529530525208
xglm_large,facebook/xglm-2.9B,40,5LocalWordSwaps,29,0.9857186675071716
xglm_large,facebook/xglm-2.9B,40,5LocalWordSwaps,30,0.9859312176704407
xglm_large,facebook/xglm-2.9B,40,5LocalWordSwaps,31,0.9863113760948181
xglm_large,facebook/xglm-2.9B,40,5LocalWordSwaps,32,0.9864519238471985
xglm_large,facebook/xglm-2.9B,40,5LocalWordSwaps,33,0.9834811091423035
xglm_large,facebook/xglm-2.9B,40,5LocalWordSwaps,34,0.9856013059616089
xglm_large,facebook/xglm-2.9B,40,5LocalWordSwaps,35,0.9905497431755066
xglm_large,facebook/xglm-2.9B,40,5LocalWordSwaps,36,0.9847392439842224
xglm_large,facebook/xglm-2.9B,40,5LocalWordSwaps,37,0.9880479574203491
xglm_large,facebook/xglm-2.9B,40,5LocalWordSwaps,38,0.9841644763946533
xglm_large,facebook/xglm-2.9B,40,5LocalWordSwaps,39,0.9789062142372131
xglm_large,facebook/xglm-2.9B,40,5LocalWordSwaps,40,0.9845855832099915
xglm_large,facebook/xglm-2.9B,40,5LocalWordSwaps,41,0.9860488176345825
xglm_large,facebook/xglm-2.9B,40,5LocalWordSwaps,42,0.9844271540641785
xglm_large,facebook/xglm-2.9B,40,5LocalWordSwaps,43,0.9907827973365784
xglm_large,facebook/xglm-2.9B,40,5LocalWordSwaps,44,0.9872316718101501
xglm_large,facebook/xglm-2.9B,40,5LocalWordSwaps,45,0.9904133081436157
xglm_large,facebook/xglm-2.9B,40,5LocalWordSwaps,46,0.9832396507263184
xglm_large,facebook/xglm-2.9B,40,5LocalWordSwaps,47,0.9844231605529785
xglm_large,facebook/xglm-2.9B,40,5LocalWordSwaps,48,0.9986112713813782
xglm_large,facebook/xglm-2.9B,40,5LocalWordSwaps,49,0.9869887828826904
xglm_large,facebook/xglm-2.9B,40,5LocalWordSwaps,50,0.9891026020050049
xglm_large,facebook/xglm-2.9B,40,5LocalWordSwaps,51,0.9847835302352905
xglm_large,facebook/xglm-2.9B,40,5LocalWordSwaps,52,0.9871835112571716
xglm_large,facebook/xglm-2.9B,40,5LocalWordSwaps,53,0.9897749423980713
xglm_large,facebook/xglm-2.9B,40,5LocalWordSwaps,54,0.9974537491798401
xglm_large,facebook/xglm-2.9B,40,5LocalWordSwaps,55,0.9877104163169861
xglm_large,facebook/xglm-2.9B,40,5LocalWordSwaps,56,0.9839769601821899
xglm_large,facebook/xglm-2.9B,40,5LocalWordSwaps,57,0.9859335422515869
xglm_large,facebook/xglm-2.9B,40,5LocalWordSwaps,58,0.9860609769821167
xglm_large,facebook/xglm-2.9B,40,5LocalWordSwaps,59,0.9900587797164917
xglm_large,facebook/xglm-2.9B,40,5LocalWordSwaps,60,0.9872508645057678
xglm_large,facebook/xglm-2.9B,40,5LocalWordSwaps,61,0.9863634705543518
xglm_large,facebook/xglm-2.9B,40,5LocalWordSwaps,62,0.9949897527694702
xglm_large,facebook/xglm-2.9B,40,5LocalWordSwaps,63,0.9916232228279114
xglm_large,facebook/xglm-2.9B,40,5LocalWordSwaps,64,0.9787616729736328
xglm_large,facebook/xglm-2.9B,40,5LocalWordSwaps,65,0.9975022077560425
xglm_large,facebook/xglm-2.9B,40,5LocalWordSwaps,66,0.9867256879806519
xglm_large,facebook/xglm-2.9B,40,5LocalWordSwaps,67,0.9880008697509766
xglm_large,facebook/xglm-2.9B,40,5LocalWordSwaps,68,0.9905023574829102
xglm_large,facebook/xglm-2.9B,40,5LocalWordSwaps,69,0.9855721592903137
xglm_large,facebook/xglm-2.9B,40,5LocalWordSwaps,70,0.9813225269317627
xglm_large,facebook/xglm-2.9B,40,5LocalWordSwaps,71,0.9872294068336487
xglm_large,facebook/xglm-2.9B,40,5LocalWordSwaps,72,0.9845369458198547
xglm_large,facebook/xglm-2.9B,40,5LocalWordSwaps,73,0.9833799600601196
xglm_large,facebook/xglm-2.9B,40,5LocalWordSwaps,74,0.9981691241264343
xglm_large,facebook/xglm-2.9B,40,5LocalWordSwaps,75,0.9872140884399414
xglm_large,facebook/xglm-2.9B,40,5LocalWordSwaps,76,0.9934361577033997
xglm_large,facebook/xglm-2.9B,40,5LocalWordSwaps,77,0.9868119359016418
xglm_large,facebook/xglm-2.9B,40,5LocalWordSwaps,78,0.9855742454528809
xglm_large,facebook/xglm-2.9B,40,5LocalWordSwaps,79,0.9885536432266235
xglm_large,facebook/xglm-2.9B,40,5LocalWordSwaps,80,0.9867296814918518
xglm_large,facebook/xglm-2.9B,40,5LocalWordSwaps,81,0.9955626726150513
xglm_large,facebook/xglm-2.9B,40,5LocalWordSwaps,82,0.9785754084587097
xglm_large,facebook/xglm-2.9B,40,5LocalWordSwaps,83,0.9854357242584229
xglm_large,facebook/xglm-2.9B,40,5LocalWordSwaps,84,0.9825601577758789
xglm_large,facebook/xglm-2.9B,40,5LocalWordSwaps,85,0.9828274846076965
xglm_large,facebook/xglm-2.9B,40,5LocalWordSwaps,86,0.9862766265869141
xglm_large,facebook/xglm-2.9B,40,5LocalWordSwaps,87,0.9796409010887146
xglm_large,facebook/xglm-2.9B,40,5LocalWordSwaps,88,0.9860655665397644
xglm_large,facebook/xglm-2.9B,40,5LocalWordSwaps,89,0.9859681725502014
xglm_large,facebook/xglm-2.9B,40,5LocalWordSwaps,90,0.9870424270629883
xglm_large,facebook/xglm-2.9B,40,5LocalWordSwaps,91,0.9888319969177246
xglm_large,facebook/xglm-2.9B,40,5LocalWordSwaps,92,0.983634889125824
xglm_large,facebook/xglm-2.9B,40,5LocalWordSwaps,93,0.9984904527664185
xglm_large,facebook/xglm-2.9B,40,5LocalWordSwaps,94,0.9890507459640503
xglm_large,facebook/xglm-2.9B,40,5LocalWordSwaps,95,0.9966620206832886
xglm_large,facebook/xglm-2.9B,40,5LocalWordSwaps,96,0.9974110126495361
xglm_large,facebook/xglm-2.9B,40,5LocalWordSwaps,97,0.9918874502182007
xglm_large,facebook/xglm-2.9B,40,5LocalWordSwaps,98,0.9831691980361938
xglm_large,facebook/xglm-2.9B,40,5LocalWordSwaps,99,0.9885019659996033
xglm_large,facebook/xglm-2.9B,40,5LocalWordSwaps,100,0.9888342022895813
xglm_large,facebook/xglm-2.9B,40,5LocalWordSwaps,101,0.9989940524101257
xglm_large,facebook/xglm-2.9B,40,5LocalWordSwaps,102,0.9863005876541138
xglm_large,facebook/xglm-2.9B,40,5LocalWordSwaps,103,0.9900959730148315
xglm_large,facebook/xglm-2.9B,40,5LocalWordSwaps,104,0.9911033511161804
xglm_large,facebook/xglm-2.9B,40,5LocalWordSwaps,105,0.9864249229431152
xglm_large,facebook/xglm-2.9B,40,5LocalWordSwaps,106,0.9897856116294861
xglm_large,facebook/xglm-2.9B,40,5LocalWordSwaps,107,0.9863964319229126
xglm_large,facebook/xglm-2.9B,40,5LocalWordSwaps,108,0.9824092984199524
xglm_large,facebook/xglm-2.9B,40,5LocalWordSwaps,109,0.9866466522216797
xglm_large,facebook/xglm-2.9B,40,5LocalWordSwaps,110,0.9828131198883057
xglm_large,facebook/xglm-2.9B,40,5LocalWordSwaps,111,0.9768085479736328
xglm_large,facebook/xglm-2.9B,40,5LocalWordSwaps,112,0.9851865172386169
xglm_large,facebook/xglm-2.9B,40,5LocalWordSwaps,113,0.9876412749290466
xglm_large,facebook/xglm-2.9B,40,5LocalWordSwaps,114,0.9831600189208984
xglm_large,facebook/xglm-2.9B,40,5LocalWordSwaps,115,0.9873794913291931
xglm_large,facebook/xglm-2.9B,40,5LocalWordSwaps,116,0.9868680238723755
xglm_large,facebook/xglm-2.9B,40,5LocalWordSwaps,117,0.9826812744140625
xglm_large,facebook/xglm-2.9B,40,5LocalWordSwaps,118,0.986918568611145
xglm_large,facebook/xglm-2.9B,40,5LocalWordSwaps,119,0.9839229583740234
xglm_large,facebook/xglm-2.9B,40,5LocalWordSwaps,120,0.9877743721008301
xglm_large,facebook/xglm-2.9B,40,5LocalWordSwaps,121,0.9836449027061462
xglm_large,facebook/xglm-2.9B,40,5LocalWordSwaps,122,0.9952855110168457
xglm_large,facebook/xglm-2.9B,40,5LocalWordSwaps,123,0.9887335300445557
xglm_large,facebook/xglm-2.9B,40,5LocalWordSwaps,124,0.9869598150253296
xglm_large,facebook/xglm-2.9B,40,5LocalWordSwaps,125,0.9881647229194641
xglm_large,facebook/xglm-2.9B,40,5LocalWordSwaps,126,0.989607036113739
xglm_large,facebook/xglm-2.9B,40,5LocalWordSwaps,127,0.9878073930740356
xglm_large,facebook/xglm-2.9B,40,5LocalWordSwaps,128,0.9918737411499023
xglm_large,facebook/xglm-2.9B,40,5LocalWordSwaps,129,0.9853074550628662
xglm_large,facebook/xglm-2.9B,40,5LocalWordSwaps,130,0.9844872355461121
xglm_large,facebook/xglm-2.9B,40,5LocalWordSwaps,131,0.9903234839439392
xglm_large,facebook/xglm-2.9B,40,5LocalWordSwaps,132,0.9904058575630188
xglm_large,facebook/xglm-2.9B,40,5LocalWordSwaps,133,0.989369809627533
xglm_large,facebook/xglm-2.9B,40,5LocalWordSwaps,134,0.9848629236221313
xglm_large,facebook/xglm-2.9B,40,5LocalWordSwaps,135,0.9937194585800171
xglm_large,facebook/xglm-2.9B,40,5LocalWordSwaps,136,0.9878939390182495
xglm_large,facebook/xglm-2.9B,40,5LocalWordSwaps,137,0.9984561204910278
xglm_large,facebook/xglm-2.9B,40,5LocalWordSwaps,138,0.986761748790741
xglm_large,facebook/xglm-2.9B,40,5LocalWordSwaps,139,0.994958221912384
xglm_large,facebook/xglm-2.9B,40,5LocalWordSwaps,140,0.9958474636077881
xglm_large,facebook/xglm-2.9B,40,5LocalWordSwaps,141,0.9832437634468079
xglm_large,facebook/xglm-2.9B,40,5LocalWordSwaps,142,0.9852456450462341
xglm_large,facebook/xglm-2.9B,40,5LocalWordSwaps,143,0.9885729551315308
xglm_large,facebook/xglm-2.9B,40,5LocalWordSwaps,144,0.9859007596969604
xglm_large,facebook/xglm-2.9B,40,5LocalWordSwaps,145,0.9985811710357666
xglm_large,facebook/xglm-2.9B,40,5LocalWordSwaps,146,0.9771504998207092
xglm_large,facebook/xglm-2.9B,40,5LocalWordSwaps,147,0.996036946773529
xglm_large,facebook/xglm-2.9B,40,5LocalWordSwaps,148,0.9847171902656555
xglm_large,facebook/xglm-2.9B,40,5LocalWordSwaps,149,0.9901270270347595
xglm_large,facebook/xglm-2.9B,40,5LocalWordSwaps,150,0.9896435737609863
xglm_large,facebook/xglm-2.9B,40,5LocalWordSwaps,151,0.9912978410720825
xglm_large,facebook/xglm-2.9B,40,5LocalWordSwaps,152,0.9827370643615723
xglm_large,facebook/xglm-2.9B,40,5LocalWordSwaps,153,0.9798562526702881
xglm_large,facebook/xglm-2.9B,40,5LocalWordSwaps,154,0.988437294960022
xglm_large,facebook/xglm-2.9B,40,5LocalWordSwaps,155,0.9859393835067749
xglm_large,facebook/xglm-2.9B,40,5LocalWordSwaps,156,0.9851396679878235
xglm_large,facebook/xglm-2.9B,40,5LocalWordSwaps,157,0.9904690384864807
xglm_large,facebook/xglm-2.9B,40,5LocalWordSwaps,158,0.9854898452758789
xglm_large,facebook/xglm-2.9B,40,5LocalWordSwaps,159,0.9835783243179321
xglm_large,facebook/xglm-2.9B,40,5LocalWordSwaps,160,0.9880782961845398
xglm_large,facebook/xglm-2.9B,40,5LocalWordSwaps,161,0.9863113164901733
xglm_large,facebook/xglm-2.9B,40,5LocalWordSwaps,162,0.9818148612976074
xglm_large,facebook/xglm-2.9B,40,5LocalWordSwaps,163,0.9833980202674866
xglm_large,facebook/xglm-2.9B,40,5LocalWordSwaps,164,0.9867244958877563
xglm_large,facebook/xglm-2.9B,40,5LocalWordSwaps,165,0.9895816445350647
xglm_large,facebook/xglm-2.9B,40,5LocalWordSwaps,166,0.9903048872947693
xglm_large,facebook/xglm-2.9B,40,5LocalWordSwaps,167,0.9870904684066772
xglm_large,facebook/xglm-2.9B,40,5LocalWordSwaps,168,0.9830856919288635
xglm_large,facebook/xglm-2.9B,40,5LocalWordSwaps,169,0.9980819225311279
xglm_large,facebook/xglm-2.9B,40,5LocalWordSwaps,170,0.9912086725234985
xglm_large,facebook/xglm-2.9B,40,5LocalWordSwaps,171,0.9880071878433228
xglm_large,facebook/xglm-2.9B,40,5LocalWordSwaps,172,0.9869041442871094
xglm_large,facebook/xglm-2.9B,40,5LocalWordSwaps,173,0.9846212267875671
xglm_large,facebook/xglm-2.9B,40,5LocalWordSwaps,174,0.9872887134552002
xglm_large,facebook/xglm-2.9B,40,5LocalWordSwaps,175,0.9983080625534058
xglm_large,facebook/xglm-2.9B,40,5LocalWordSwaps,176,0.9821823239326477
xglm_large,facebook/xglm-2.9B,40,5LocalWordSwaps,177,0.9893122911453247
xglm_large,facebook/xglm-2.9B,40,5LocalWordSwaps,178,0.9893059134483337
xglm_large,facebook/xglm-2.9B,40,5LocalWordSwaps,179,0.99656081199646
xglm_large,facebook/xglm-2.9B,40,5LocalWordSwaps,180,0.994117259979248
xglm_large,facebook/xglm-2.9B,40,5LocalWordSwaps,181,0.992012083530426
xglm_large,facebook/xglm-2.9B,40,5LocalWordSwaps,182,0.9878072142601013
xglm_large,facebook/xglm-2.9B,40,5LocalWordSwaps,183,0.989861011505127
xglm_large,facebook/xglm-2.9B,40,5LocalWordSwaps,184,0.9857234954833984
xglm_large,facebook/xglm-2.9B,40,5LocalWordSwaps,185,0.9990721940994263
xglm_large,facebook/xglm-2.9B,40,5LocalWordSwaps,186,0.9853650331497192
xglm_large,facebook/xglm-2.9B,40,5LocalWordSwaps,187,0.987565815448761
xglm_large,facebook/xglm-2.9B,40,5LocalWordSwaps,188,0.9851588010787964
xglm_large,facebook/xglm-2.9B,40,5LocalWordSwaps,189,0.9871246218681335
xglm_large,facebook/xglm-2.9B,40,5LocalWordSwaps,190,0.98642897605896
xglm_large,facebook/xglm-2.9B,40,5LocalWordSwaps,191,0.9981158971786499
xglm_large,facebook/xglm-2.9B,40,5LocalWordSwaps,192,0.9899808764457703
xglm_large,facebook/xglm-2.9B,40,5LocalWordSwaps,193,0.9833714962005615
xglm_large,facebook/xglm-2.9B,40,5LocalWordSwaps,194,0.992886483669281
xglm_large,facebook/xglm-2.9B,40,5LocalWordSwaps,195,0.9966800212860107
xglm_large,facebook/xglm-2.9B,40,5LocalWordSwaps,196,0.9931225776672363
xglm_large,facebook/xglm-2.9B,40,5LocalWordSwaps,197,0.9890295267105103
xglm_large,facebook/xglm-2.9B,40,5LocalWordSwaps,198,0.9869369268417358
xglm_large,facebook/xglm-2.9B,40,5LocalWordSwaps,199,0.9856563806533813
xglm_large,facebook/xglm-2.9B,40,5LocalWordSwaps,200,0.9870811700820923
xglm_large,facebook/xglm-2.9B,40,5LocalWordSwaps,201,0.9858806729316711
xglm_large,facebook/xglm-2.9B,40,5LocalWordSwaps,202,0.9823539853096008
xglm_large,facebook/xglm-2.9B,40,5LocalWordSwaps,203,0.9970940351486206
xglm_large,facebook/xglm-2.9B,40,5LocalWordSwaps,204,0.9912583827972412
xglm_large,facebook/xglm-2.9B,40,5LocalWordSwaps,205,0.9885159730911255
xglm_large,facebook/xglm-2.9B,40,5LocalWordSwaps,206,0.9863892197608948
xglm_large,facebook/xglm-2.9B,40,5LocalWordSwaps,207,0.9993186593055725
xglm_large,facebook/xglm-2.9B,40,5LocalWordSwaps,208,0.9836233258247375
xglm_large,facebook/xglm-2.9B,40,5LocalWordSwaps,209,0.9867044687271118
xglm_large,facebook/xglm-2.9B,40,5LocalWordSwaps,210,0.984349250793457
xglm_large,facebook/xglm-2.9B,40,5LocalWordSwaps,211,0.9850366115570068
xglm_large,facebook/xglm-2.9B,40,5LocalWordSwaps,212,0.9951236248016357
xglm_large,facebook/xglm-2.9B,40,5LocalWordSwaps,213,0.9907146692276001
xglm_large,facebook/xglm-2.9B,40,5LocalWordSwaps,214,0.9914861917495728
xglm_large,facebook/xglm-2.9B,40,5LocalWordSwaps,215,0.9858120679855347
xglm_large,facebook/xglm-2.9B,40,5LocalWordSwaps,216,0.9845468997955322
xglm_large,facebook/xglm-2.9B,40,5LocalWordSwaps,217,0.9896553754806519
xglm_large,facebook/xglm-2.9B,40,5LocalWordSwaps,218,0.9785962104797363
xglm_large,facebook/xglm-2.9B,40,5LocalWordSwaps,219,0.9980735778808594
xglm_large,facebook/xglm-2.9B,40,5LocalWordSwaps,220,0.985121488571167
xglm_large,facebook/xglm-2.9B,40,5LocalWordSwaps,221,0.9842826128005981
xglm_large,facebook/xglm-2.9B,40,5LocalWordSwaps,222,0.9927253723144531
xglm_large,facebook/xglm-2.9B,40,5LocalWordSwaps,223,0.9903131127357483
xglm_large,facebook/xglm-2.9B,40,5LocalWordSwaps,224,0.9883143901824951
xglm_large,facebook/xglm-2.9B,40,5LocalWordSwaps,225,0.9856722950935364
xglm_large,facebook/xglm-2.9B,40,5LocalWordSwaps,226,0.9981836080551147
xglm_large,facebook/xglm-2.9B,40,5LocalWordSwaps,227,0.9914783239364624
xglm_large,facebook/xglm-2.9B,40,5LocalWordSwaps,228,0.9958614706993103
xglm_large,facebook/xglm-2.9B,40,5LocalWordSwaps,229,0.9859629273414612
xglm_large,facebook/xglm-2.9B,40,5LocalWordSwaps,230,0.9899293780326843
xglm_large,facebook/xglm-2.9B,40,5LocalWordSwaps,231,0.9895423054695129
xglm_large,facebook/xglm-2.9B,40,5LocalWordSwaps,232,0.9844524264335632
xglm_large,facebook/xglm-2.9B,40,5LocalWordSwaps,233,0.9816632270812988
xglm_large,facebook/xglm-2.9B,40,5LocalWordSwaps,234,0.9896405935287476
xglm_large,facebook/xglm-2.9B,40,5LocalWordSwaps,235,0.986887514591217
xglm_large,facebook/xglm-2.9B,40,5LocalWordSwaps,236,0.9801764488220215
xglm_large,facebook/xglm-2.9B,40,5LocalWordSwaps,237,0.9876360297203064
xglm_large,facebook/xglm-2.9B,40,5LocalWordSwaps,238,0.9862644076347351
xglm_large,facebook/xglm-2.9B,40,5LocalWordSwaps,239,0.9844226837158203
xglm_large,facebook/xglm-2.9B,40,5LocalWordSwaps,240,0.9974496960639954
xglm_large,facebook/xglm-2.9B,40,5LocalWordSwaps,241,0.9814507961273193
xglm_large,facebook/xglm-2.9B,40,5LocalWordSwaps,242,0.9884406924247742
xglm_large,facebook/xglm-2.9B,40,5LocalWordSwaps,243,0.9887815713882446
xglm_large,facebook/xglm-2.9B,40,5LocalWordSwaps,244,0.9988341331481934
xglm_large,facebook/xglm-2.9B,40,5LocalWordSwaps,245,0.9930089712142944
xglm_large,facebook/xglm-2.9B,40,5LocalWordSwaps,246,0.9972870945930481
xglm_large,facebook/xglm-2.9B,40,5LocalWordSwaps,247,0.989488422870636
xglm_large,facebook/xglm-2.9B,40,5LocalWordSwaps,248,0.9911011457443237
xglm_large,facebook/xglm-2.9B,40,5LocalWordSwaps,249,0.9889160394668579
xglm_large,facebook/xglm-2.9B,40,5LocalWordSwaps,250,0.987930178642273
xglm_large,facebook/xglm-2.9B,40,5LocalWordSwaps,251,0.9879456162452698
xglm_large,facebook/xglm-2.9B,40,5LocalWordSwaps,252,0.9844212532043457
xglm_large,facebook/xglm-2.9B,40,5LocalWordSwaps,253,0.9879676699638367
xglm_large,facebook/xglm-2.9B,40,5LocalWordSwaps,254,0.9916152358055115
xglm_large,facebook/xglm-2.9B,40,5LocalWordSwaps,255,0.9982133507728577
xglm_large,facebook/xglm-2.9B,40,5LocalWordSwaps,256,0.9867643713951111
xglm_large,facebook/xglm-2.9B,40,5LocalWordSwaps,257,0.9881110787391663
xglm_large,facebook/xglm-2.9B,40,5LocalWordSwaps,258,0.989052414894104
xglm_large,facebook/xglm-2.9B,40,5LocalWordSwaps,259,0.9840271472930908
xglm_large,facebook/xglm-2.9B,40,5LocalWordSwaps,260,0.9888927936553955
xglm_large,facebook/xglm-2.9B,40,5LocalWordSwaps,261,0.9868621826171875
xglm_large,facebook/xglm-2.9B,40,5LocalWordSwaps,262,0.9896436333656311
xglm_large,facebook/xglm-2.9B,40,5LocalWordSwaps,263,0.9977805614471436
xglm_large,facebook/xglm-2.9B,40,5LocalWordSwaps,264,0.9900268912315369
xglm_large,facebook/xglm-2.9B,40,5LocalWordSwaps,265,0.9894469976425171
xglm_large,facebook/xglm-2.9B,40,5LocalWordSwaps,266,0.982733428478241
xglm_large,facebook/xglm-2.9B,40,5LocalWordSwaps,267,0.9881470799446106
xglm_large,facebook/xglm-2.9B,40,5LocalWordSwaps,268,0.9918907880783081
xglm_large,facebook/xglm-2.9B,40,5LocalWordSwaps,269,0.9828393459320068
xglm_large,facebook/xglm-2.9B,40,5LocalWordSwaps,270,0.9867074489593506
xglm_large,facebook/xglm-2.9B,40,5LocalWordSwaps,271,0.9903048872947693
xglm_large,facebook/xglm-2.9B,40,5LocalWordSwaps,272,0.9889424443244934
xglm_large,facebook/xglm-2.9B,40,5LocalWordSwaps,273,0.9879967570304871
xglm_large,facebook/xglm-2.9B,40,5LocalWordSwaps,274,0.989793062210083
xglm_large,facebook/xglm-2.9B,40,5LocalWordSwaps,275,0.998063862323761
xglm_large,facebook/xglm-2.9B,40,5LocalWordSwaps,276,0.9894962310791016
xglm_large,facebook/xglm-2.9B,40,5LocalWordSwaps,277,0.9832380414009094
xglm_large,facebook/xglm-2.9B,40,5LocalWordSwaps,278,0.9852139949798584
xglm_large,facebook/xglm-2.9B,40,5LocalWordSwaps,279,0.9884428381919861
xglm_large,facebook/xglm-2.9B,40,5LocalWordSwaps,280,0.9894034266471863
xglm_large,facebook/xglm-2.9B,40,5LocalWordSwaps,281,0.9909777641296387
xglm_large,facebook/xglm-2.9B,40,5LocalWordSwaps,282,0.9884825348854065
xglm_large,facebook/xglm-2.9B,40,5LocalWordSwaps,283,0.9831109642982483
xglm_large,facebook/xglm-2.9B,40,5LocalWordSwaps,284,0.9957789182662964
xglm_large,facebook/xglm-2.9B,40,5LocalWordSwaps,285,0.9877426624298096
xglm_large,facebook/xglm-2.9B,40,5LocalWordSwaps,286,0.9863597750663757
xglm_large,facebook/xglm-2.9B,40,5LocalWordSwaps,287,0.9947985410690308
xglm_large,facebook/xglm-2.9B,40,5LocalWordSwaps,288,0.9883246421813965
xglm_large,facebook/xglm-2.9B,40,5LocalWordSwaps,289,0.991245448589325
xglm_large,facebook/xglm-2.9B,40,5LocalWordSwaps,290,0.9855841398239136
xglm_large,facebook/xglm-2.9B,40,5LocalWordSwaps,291,0.9905846118927002
xglm_large,facebook/xglm-2.9B,40,5LocalWordSwaps,292,0.9900713562965393
xglm_large,facebook/xglm-2.9B,40,5LocalWordSwaps,293,0.9931183457374573
xglm_large,facebook/xglm-2.9B,40,5LocalWordSwaps,294,0.9904129505157471
xglm_large,facebook/xglm-2.9B,40,5LocalWordSwaps,295,0.9981497526168823
xglm_large,facebook/xglm-2.9B,40,5LocalWordSwaps,296,0.9874500036239624
xglm_large,facebook/xglm-2.9B,40,5LocalWordSwaps,297,0.9902458190917969
xglm_large,facebook/xglm-2.9B,40,5LocalWordSwaps,298,0.9874709844589233
xglm_large,facebook/xglm-2.9B,40,5LocalWordSwaps,299,0.9920995235443115
xglm_large,facebook/xglm-2.9B,40,5LocalWordSwaps,300,0.9979893565177917
xglm_large,facebook/xglm-2.9B,40,5LocalWordSwaps,301,0.9904241561889648
xglm_large,facebook/xglm-2.9B,40,5LocalWordSwaps,302,0.9904528856277466
xglm_large,facebook/xglm-2.9B,40,5LocalWordSwaps,303,0.987315833568573
xglm_large,facebook/xglm-2.9B,40,5LocalWordSwaps,304,0.9904941916465759
xglm_large,facebook/xglm-2.9B,40,5LocalWordSwaps,305,0.9901911020278931
xglm_large,facebook/xglm-2.9B,40,5LocalWordSwaps,306,0.99033123254776
xglm_large,facebook/xglm-2.9B,40,5LocalWordSwaps,307,0.9981788396835327
xglm_large,facebook/xglm-2.9B,40,5LocalWordSwaps,308,0.9933891296386719
xglm_large,facebook/xglm-2.9B,40,5LocalWordSwaps,309,0.9935839176177979
xglm_large,facebook/xglm-2.9B,40,5LocalWordSwaps,310,0.9909374713897705
xglm_large,facebook/xglm-2.9B,40,5LocalWordSwaps,311,0.9881289005279541
xglm_large,facebook/xglm-2.9B,40,5LocalWordSwaps,312,0.9932851791381836
xglm_large,facebook/xglm-2.9B,40,5LocalWordSwaps,313,0.9847515225410461
xglm_large,facebook/xglm-2.9B,40,5LocalWordSwaps,314,0.990872859954834
xglm_large,facebook/xglm-2.9B,40,5LocalWordSwaps,315,0.9928743243217468
xglm_large,facebook/xglm-2.9B,40,5LocalWordSwaps,316,0.9875024557113647
xglm_large,facebook/xglm-2.9B,40,5LocalWordSwaps,317,0.9891749024391174
xglm_large,facebook/xglm-2.9B,40,5LocalWordSwaps,318,0.9918003082275391
xglm_large,facebook/xglm-2.9B,40,5LocalWordSwaps,319,0.9966699481010437
xglm_large,facebook/xglm-2.9B,40,5LocalWordSwaps,320,0.9898098111152649
xglm_large,facebook/xglm-2.9B,40,5LocalWordSwaps,321,0.9966096878051758
xglm_large,facebook/xglm-2.9B,40,5LocalWordSwaps,322,0.9824846386909485
xglm_large,facebook/xglm-2.9B,40,5LocalWordSwaps,323,0.9812191128730774
xglm_large,facebook/xglm-2.9B,40,5LocalWordSwaps,324,0.9881486892700195
xglm_large,facebook/xglm-2.9B,40,5LocalWordSwaps,325,0.9960800409317017
xglm_large,facebook/xglm-2.9B,40,5LocalWordSwaps,326,0.9900845289230347
xglm_large,facebook/xglm-2.9B,40,5LocalWordSwaps,327,0.9887157678604126
xglm_large,facebook/xglm-2.9B,40,5LocalWordSwaps,328,0.9882349967956543
xglm_large,facebook/xglm-2.9B,40,5LocalWordSwaps,329,0.9895278215408325
xglm_large,facebook/xglm-2.9B,40,5LocalWordSwaps,330,0.9896649718284607
xglm_large,facebook/xglm-2.9B,40,5LocalWordSwaps,331,0.986369788646698
xglm_large,facebook/xglm-2.9B,40,5LocalWordSwaps,332,0.9910343289375305
xglm_large,facebook/xglm-2.9B,40,5LocalWordSwaps,333,0.9838189482688904
xglm_large,facebook/xglm-2.9B,40,5LocalWordSwaps,334,0.9957407712936401
xglm_large,facebook/xglm-2.9B,40,5LocalWordSwaps,335,0.9877442121505737
xglm_large,facebook/xglm-2.9B,40,5LocalWordSwaps,336,0.9882360696792603
xglm_large,facebook/xglm-2.9B,40,5LocalWordSwaps,337,0.9854130744934082
xglm_large,facebook/xglm-2.9B,40,5LocalWordSwaps,338,0.9908945560455322
xglm_large,facebook/xglm-2.9B,40,5LocalWordSwaps,339,0.9829854965209961
xglm_large,facebook/xglm-2.9B,40,5LocalWordSwaps,340,0.9900596737861633
xglm_large,facebook/xglm-2.9B,40,5LocalWordSwaps,341,0.9877816438674927
xglm_large,facebook/xglm-2.9B,40,5LocalWordSwaps,342,0.9831428527832031
xglm_large,facebook/xglm-2.9B,40,5LocalWordSwaps,343,0.9875790476799011
xglm_large,facebook/xglm-2.9B,40,5LocalWordSwaps,344,0.9774929285049438
xglm_large,facebook/xglm-2.9B,40,5LocalWordSwaps,345,0.9883750677108765
xglm_large,facebook/xglm-2.9B,40,5LocalWordSwaps,346,0.9846395254135132
xglm_large,facebook/xglm-2.9B,40,5LocalWordSwaps,347,0.9877342581748962
xglm_large,facebook/xglm-2.9B,40,5LocalWordSwaps,348,0.9819383025169373
xglm_large,facebook/xglm-2.9B,40,5LocalWordSwaps,349,0.9971996545791626
xglm_large,facebook/xglm-2.9B,40,5LocalWordSwaps,350,0.9889436364173889
xglm_large,facebook/xglm-2.9B,40,5LocalWordSwaps,351,0.9886385798454285
xglm_large,facebook/xglm-2.9B,40,5LocalWordSwaps,352,0.9964693784713745
xglm_large,facebook/xglm-2.9B,40,5LocalWordSwaps,353,0.9870261549949646
xglm_large,facebook/xglm-2.9B,40,5LocalWordSwaps,354,0.996844470500946
xglm_large,facebook/xglm-2.9B,40,5LocalWordSwaps,355,0.9894328117370605
xglm_large,facebook/xglm-2.9B,40,5LocalWordSwaps,356,0.9892692565917969
xglm_large,facebook/xglm-2.9B,40,5LocalWordSwaps,357,0.9931597113609314
xglm_large,facebook/xglm-2.9B,40,5LocalWordSwaps,358,0.9898606538772583
xglm_large,facebook/xglm-2.9B,40,5LocalWordSwaps,359,0.9846547245979309
xglm_large,facebook/xglm-2.9B,40,5LocalWordSwaps,360,0.989976704120636
xglm_large,facebook/xglm-2.9B,40,5LocalWordSwaps,361,0.9903117418289185
xglm_large,facebook/xglm-2.9B,40,5LocalWordSwaps,362,0.9895906448364258
xglm_large,facebook/xglm-2.9B,40,5LocalWordSwaps,363,0.9927263259887695
xglm_large,facebook/xglm-2.9B,40,5LocalWordSwaps,364,0.9897305369377136
xglm_large,facebook/xglm-2.9B,40,5LocalWordSwaps,365,0.9862051010131836
xglm_large,facebook/xglm-2.9B,40,5LocalWordSwaps,366,0.9847803115844727
xglm_large,facebook/xglm-2.9B,40,5LocalWordSwaps,367,0.9906175136566162
xglm_large,facebook/xglm-2.9B,40,5LocalWordSwaps,368,0.9901300668716431
xglm_large,facebook/xglm-2.9B,40,5LocalWordSwaps,369,0.9881065487861633
xglm_large,facebook/xglm-2.9B,40,5LocalWordSwaps,370,0.9814707636833191
xglm_large,facebook/xglm-2.9B,40,5LocalWordSwaps,371,0.9890559315681458
xglm_large,facebook/xglm-2.9B,40,5LocalWordSwaps,372,0.9897670149803162
xglm_large,facebook/xglm-2.9B,40,5LocalWordSwaps,373,0.9852764010429382
xglm_large,facebook/xglm-2.9B,40,5LocalWordSwaps,374,0.9815207719802856
xglm_large,facebook/xglm-2.9B,40,5LocalWordSwaps,375,0.9994176626205444
xglm_large,facebook/xglm-2.9B,40,5LocalWordSwaps,376,0.9910336136817932
xglm_large,facebook/xglm-2.9B,40,5LocalWordSwaps,377,0.9927554130554199
xglm_large,facebook/xglm-2.9B,40,5LocalWordSwaps,378,0.9891181588172913
xglm_large,facebook/xglm-2.9B,40,5LocalWordSwaps,379,0.9851702451705933
xglm_large,facebook/xglm-2.9B,40,5LocalWordSwaps,380,0.9870429039001465
xglm_large,facebook/xglm-2.9B,40,5LocalWordSwaps,381,0.9995234608650208
xglm_large,facebook/xglm-2.9B,40,5LocalWordSwaps,382,0.9868437647819519
xglm_large,facebook/xglm-2.9B,40,5LocalWordSwaps,383,0.9897975921630859
xglm_large,facebook/xglm-2.9B,40,5LocalWordSwaps,384,0.9888520836830139
xglm_large,facebook/xglm-2.9B,40,5LocalWordSwaps,385,0.9879642724990845
xglm_large,facebook/xglm-2.9B,40,5LocalWordSwaps,386,0.9856001138687134
xglm_large,facebook/xglm-2.9B,40,5LocalWordSwaps,387,0.9867193698883057
xglm_large,facebook/xglm-2.9B,40,5LocalWordSwaps,388,0.9885482788085938
xglm_large,facebook/xglm-2.9B,40,5LocalWordSwaps,389,0.9832854270935059
xglm_large,facebook/xglm-2.9B,40,5LocalWordSwaps,390,0.9874816536903381
xglm_large,facebook/xglm-2.9B,40,5LocalWordSwaps,391,0.9869840145111084
xglm_large,facebook/xglm-2.9B,40,5LocalWordSwaps,392,0.9841865301132202
xglm_large,facebook/xglm-2.9B,40,5LocalWordSwaps,393,0.9823217988014221
xglm_large,facebook/xglm-2.9B,40,5LocalWordSwaps,394,0.995223879814148
xglm_large,facebook/xglm-2.9B,40,5LocalWordSwaps,395,0.9866585731506348
xglm_large,facebook/xglm-2.9B,40,5LocalWordSwaps,396,0.9907020330429077
xglm_large,facebook/xglm-2.9B,40,5LocalWordSwaps,397,0.9925776124000549
xglm_large,facebook/xglm-2.9B,40,5LocalWordSwaps,398,0.9805609583854675
xglm_large,facebook/xglm-2.9B,40,5LocalWordSwaps,399,0.9836387634277344
xglm_large,facebook/xglm-2.9B,40,5LocalWordSwaps,400,0.9878920912742615
xglm_large,facebook/xglm-2.9B,40,5LocalWordSwaps,401,0.9841148853302002
xglm_large,facebook/xglm-2.9B,40,5LocalWordSwaps,402,0.9891600012779236
xglm_large,facebook/xglm-2.9B,40,5LocalWordSwaps,403,0.986216127872467
xglm_large,facebook/xglm-2.9B,40,5LocalWordSwaps,404,0.9892343282699585
xglm_large,facebook/xglm-2.9B,40,5LocalWordSwaps,405,0.9877680540084839
xglm_large,facebook/xglm-2.9B,40,5LocalWordSwaps,406,0.9856692552566528
xglm_large,facebook/xglm-2.9B,40,5LocalWordSwaps,407,0.9846940040588379
xglm_large,facebook/xglm-2.9B,40,5LocalWordSwaps,408,0.9907426834106445
xglm_large,facebook/xglm-2.9B,40,5LocalWordSwaps,409,0.9886273145675659
xglm_large,facebook/xglm-2.9B,40,5LocalWordSwaps,410,0.982079029083252
xglm_large,facebook/xglm-2.9B,40,5LocalWordSwaps,411,0.9854477643966675
xglm_large,facebook/xglm-2.9B,40,5LocalWordSwaps,412,0.9848905801773071
xglm_large,facebook/xglm-2.9B,40,5LocalWordSwaps,413,0.9866026043891907
xglm_large,facebook/xglm-2.9B,40,5LocalWordSwaps,414,0.9833937287330627
xglm_large,facebook/xglm-2.9B,40,5LocalWordSwaps,415,0.9857056140899658
xglm_large,facebook/xglm-2.9B,40,5LocalWordSwaps,416,0.9837594628334045
xglm_large,facebook/xglm-2.9B,40,5LocalWordSwaps,417,0.9882659912109375
xglm_large,facebook/xglm-2.9B,40,5LocalWordSwaps,418,0.9909966588020325
xglm_large,facebook/xglm-2.9B,40,5LocalWordSwaps,419,0.9949702024459839
xglm_large,facebook/xglm-2.9B,40,5LocalWordSwaps,420,0.9895837903022766
xglm_large,facebook/xglm-2.9B,40,5LocalWordSwaps,421,0.9812100529670715
xglm_large,facebook/xglm-2.9B,40,5LocalWordSwaps,422,0.9829142093658447
xglm_large,facebook/xglm-2.9B,40,5LocalWordSwaps,423,0.9822508692741394
xglm_large,facebook/xglm-2.9B,40,5LocalWordSwaps,424,0.9894169569015503
xglm_large,facebook/xglm-2.9B,40,5LocalWordSwaps,425,0.9937442541122437
xglm_large,facebook/xglm-2.9B,40,5LocalWordSwaps,426,0.989540696144104
xglm_large,facebook/xglm-2.9B,40,5LocalWordSwaps,427,0.9880052804946899
xglm_large,facebook/xglm-2.9B,40,5LocalWordSwaps,428,0.9980789422988892
xglm_large,facebook/xglm-2.9B,40,5LocalWordSwaps,429,0.9868261814117432
xglm_large,facebook/xglm-2.9B,40,5LocalWordSwaps,430,0.9895027279853821
xglm_large,facebook/xglm-2.9B,40,5LocalWordSwaps,431,0.9887877702713013
xglm_large,facebook/xglm-2.9B,40,5LocalWordSwaps,432,0.9922826290130615
xglm_large,facebook/xglm-2.9B,40,5LocalWordSwaps,433,0.9994845390319824
xglm_large,facebook/xglm-2.9B,40,5LocalWordSwaps,434,0.9932471513748169
xglm_large,facebook/xglm-2.9B,40,5LocalWordSwaps,435,0.9869765043258667
xglm_large,facebook/xglm-2.9B,40,5LocalWordSwaps,436,0.9928199648857117
xglm_large,facebook/xglm-2.9B,40,5LocalWordSwaps,437,0.9888366460800171
xglm_large,facebook/xglm-2.9B,40,5LocalWordSwaps,438,0.9974302053451538
xglm_large,facebook/xglm-2.9B,40,5LocalWordSwaps,439,0.9878361225128174
xglm_large,facebook/xglm-2.9B,40,5LocalWordSwaps,440,0.9983590841293335
xglm_large,facebook/xglm-2.9B,40,5LocalWordSwaps,441,0.9902316927909851
xglm_large,facebook/xglm-2.9B,40,5LocalWordSwaps,442,0.9877086877822876
xglm_large,facebook/xglm-2.9B,40,5LocalWordSwaps,443,0.9893031120300293
xglm_large,facebook/xglm-2.9B,40,5LocalWordSwaps,444,0.9959239363670349
xglm_large,facebook/xglm-2.9B,40,5LocalWordSwaps,445,0.9906604290008545
xglm_large,facebook/xglm-2.9B,40,5LocalWordSwaps,446,0.9804729223251343
xglm_large,facebook/xglm-2.9B,40,5LocalWordSwaps,447,0.9876093864440918
xglm_large,facebook/xglm-2.9B,40,5LocalWordSwaps,448,0.9977543950080872
xglm_large,facebook/xglm-2.9B,40,5LocalWordSwaps,449,0.9834873080253601
xglm_large,facebook/xglm-2.9B,40,5LocalWordSwaps,450,0.999349057674408
xglm_large,facebook/xglm-2.9B,40,5LocalWordSwaps,451,0.9884892702102661
xglm_large,facebook/xglm-2.9B,40,5LocalWordSwaps,452,0.9916736483573914
xglm_large,facebook/xglm-2.9B,40,5LocalWordSwaps,453,0.991017758846283
xglm_large,facebook/xglm-2.9B,40,5LocalWordSwaps,454,0.9878443479537964
xglm_large,facebook/xglm-2.9B,40,5LocalWordSwaps,455,0.9906502962112427
xglm_large,facebook/xglm-2.9B,40,5LocalWordSwaps,456,0.9884392023086548
xglm_large,facebook/xglm-2.9B,40,5LocalWordSwaps,457,0.9944326877593994
xglm_large,facebook/xglm-2.9B,40,5LocalWordSwaps,458,0.9983750581741333
xglm_large,facebook/xglm-2.9B,40,5LocalWordSwaps,459,0.9933922290802002
xglm_large,facebook/xglm-2.9B,40,5LocalWordSwaps,460,0.9917730093002319
xglm_large,facebook/xglm-2.9B,40,5LocalWordSwaps,461,0.983917772769928
xglm_large,facebook/xglm-2.9B,40,5LocalWordSwaps,462,0.9888641834259033
xglm_large,facebook/xglm-2.9B,40,5LocalWordSwaps,463,0.9972582459449768
xglm_large,facebook/xglm-2.9B,40,5LocalWordSwaps,464,0.9850431084632874
xglm_large,facebook/xglm-2.9B,40,5LocalWordSwaps,465,0.9875389337539673
xglm_large,facebook/xglm-2.9B,40,5LocalWordSwaps,466,0.9870703816413879
xglm_large,facebook/xglm-2.9B,40,5LocalWordSwaps,467,0.9868108630180359
xglm_large,facebook/xglm-2.9B,40,5LocalWordSwaps,468,0.9855680465698242
xglm_large,facebook/xglm-2.9B,40,5LocalWordSwaps,469,0.9860169291496277
xglm_large,facebook/xglm-2.9B,40,5LocalWordSwaps,470,0.9905489087104797
xglm_large,facebook/xglm-2.9B,40,5LocalWordSwaps,471,0.9863582253456116
xglm_large,facebook/xglm-2.9B,40,5LocalWordSwaps,472,0.9983504414558411
xglm_large,facebook/xglm-2.9B,40,5LocalWordSwaps,473,0.9884312152862549
xglm_large,facebook/xglm-2.9B,40,5LocalWordSwaps,474,0.9972999691963196
xglm_large,facebook/xglm-2.9B,40,5LocalWordSwaps,475,0.990778923034668
xglm_large,facebook/xglm-2.9B,40,5LocalWordSwaps,476,0.9884430766105652
xglm_large,facebook/xglm-2.9B,40,5LocalWordSwaps,477,0.9854592084884644
xglm_large,facebook/xglm-2.9B,40,5LocalWordSwaps,478,0.9983826279640198
xglm_large,facebook/xglm-2.9B,40,5LocalWordSwaps,479,0.9867936372756958
xglm_large,facebook/xglm-2.9B,40,5LocalWordSwaps,480,0.9882422685623169
xglm_large,facebook/xglm-2.9B,40,5LocalWordSwaps,481,0.9909138679504395
xglm_large,facebook/xglm-2.9B,40,5LocalWordSwaps,482,0.9904441833496094
xglm_large,facebook/xglm-2.9B,40,5LocalWordSwaps,483,0.9879891276359558
xglm_large,facebook/xglm-2.9B,40,5LocalWordSwaps,484,0.9902058839797974
xglm_large,facebook/xglm-2.9B,40,5LocalWordSwaps,485,0.9891466498374939
xglm_large,facebook/xglm-2.9B,40,5LocalWordSwaps,486,0.9871626496315002
xglm_large,facebook/xglm-2.9B,40,5LocalWordSwaps,487,0.9885260462760925
xglm_large,facebook/xglm-2.9B,40,5LocalWordSwaps,488,0.9891754388809204
xglm_large,facebook/xglm-2.9B,40,5LocalWordSwaps,489,0.987694263458252
xglm_large,facebook/xglm-2.9B,40,5LocalWordSwaps,490,0.9902642965316772
xglm_large,facebook/xglm-2.9B,40,5LocalWordSwaps,491,0.9896197319030762
xglm_large,facebook/xglm-2.9B,40,5LocalWordSwaps,492,0.9992899298667908
xglm_large,facebook/xglm-2.9B,40,5LocalWordSwaps,493,0.9980563521385193
xglm_large,facebook/xglm-2.9B,40,5LocalWordSwaps,494,0.9907976388931274
xglm_large,facebook/xglm-2.9B,40,5LocalWordSwaps,495,0.9934172034263611
xglm_large,facebook/xglm-2.9B,40,5LocalWordSwaps,496,0.9889936447143555
xglm_large,facebook/xglm-2.9B,40,5LocalWordSwaps,497,0.9911749958992004
xglm_large,facebook/xglm-2.9B,40,5LocalWordSwaps,498,0.9886548519134521
xglm_large,facebook/xglm-2.9B,40,5LocalWordSwaps,499,0.9936463832855225
xglm_large,facebook/xglm-2.9B,40,5LocalWordSwaps,500,0.998524010181427
xglm_large,facebook/xglm-2.9B,40,5LocalWordSwaps,501,0.9880268573760986
xglm_large,facebook/xglm-2.9B,40,5LocalWordSwaps,502,0.9828511476516724
xglm_large,facebook/xglm-2.9B,40,5LocalWordSwaps,503,0.9878332614898682
xglm_large,facebook/xglm-2.9B,40,5LocalWordSwaps,504,0.9910460114479065
xglm_large,facebook/xglm-2.9B,40,5LocalWordSwaps,505,0.991054117679596
xglm_large,facebook/xglm-2.9B,40,5LocalWordSwaps,506,0.9868717789649963
xglm_large,facebook/xglm-2.9B,40,5LocalWordSwaps,507,0.9892818927764893
xglm_large,facebook/xglm-2.9B,40,5LocalWordSwaps,508,0.9861471652984619
xglm_large,facebook/xglm-2.9B,40,5LocalWordSwaps,509,0.9883043169975281
xglm_large,facebook/xglm-2.9B,40,5LocalWordSwaps,510,0.9866253137588501
xglm_large,facebook/xglm-2.9B,40,5LocalWordSwaps,511,0.9889407157897949
xglm_large,facebook/xglm-2.9B,40,5LocalWordSwaps,512,0.9891554117202759
xglm_large,facebook/xglm-2.9B,40,5LocalWordSwaps,513,0.9926937818527222
xglm_large,facebook/xglm-2.9B,40,5LocalWordSwaps,514,0.9882925152778625
xglm_large,facebook/xglm-2.9B,40,5LocalWordSwaps,515,0.9869041442871094
xglm_large,facebook/xglm-2.9B,40,5LocalWordSwaps,516,0.9875704646110535
xglm_large,facebook/xglm-2.9B,40,5LocalWordSwaps,517,0.9914519190788269
xglm_large,facebook/xglm-2.9B,40,5LocalWordSwaps,518,0.9848871231079102
xglm_large,facebook/xglm-2.9B,40,5LocalWordSwaps,519,0.9844549894332886
xglm_large,facebook/xglm-2.9B,40,5LocalWordSwaps,520,0.9883641004562378
xglm_large,facebook/xglm-2.9B,40,5LocalWordSwaps,521,0.9883183836936951
xglm_large,facebook/xglm-2.9B,40,5LocalWordSwaps,522,0.9892323613166809
xglm_large,facebook/xglm-2.9B,40,5LocalWordSwaps,523,0.9901963472366333
xglm_large,facebook/xglm-2.9B,40,5LocalWordSwaps,524,0.9917483925819397
xglm_large,facebook/xglm-2.9B,40,5LocalWordSwaps,525,0.9910711050033569
xglm_large,facebook/xglm-2.9B,40,5LocalWordSwaps,526,0.9913824796676636
xglm_large,facebook/xglm-2.9B,40,5LocalWordSwaps,527,0.989203155040741
xglm_large,facebook/xglm-2.9B,40,5LocalWordSwaps,528,0.9877851009368896
xglm_large,facebook/xglm-2.9B,40,5LocalWordSwaps,529,0.9891022443771362
xglm_large,facebook/xglm-2.9B,40,5LocalWordSwaps,530,0.9849127531051636
xglm_large,facebook/xglm-2.9B,40,5LocalWordSwaps,531,0.985459566116333
xglm_large,facebook/xglm-2.9B,40,5LocalWordSwaps,532,0.9872756600379944
xglm_large,facebook/xglm-2.9B,40,5LocalWordSwaps,533,0.9876778721809387
xglm_large,facebook/xglm-2.9B,40,5LocalWordSwaps,534,0.9885755181312561
xglm_large,facebook/xglm-2.9B,40,5LocalWordSwaps,535,0.9970366954803467
xglm_large,facebook/xglm-2.9B,40,5LocalWordSwaps,536,0.9850262403488159
xglm_large,facebook/xglm-2.9B,40,5LocalWordSwaps,537,0.9913159608840942
xglm_large,facebook/xglm-2.9B,40,5LocalWordSwaps,538,0.9846764206886292
xglm_large,facebook/xglm-2.9B,40,5LocalWordSwaps,539,0.9826170206069946
xglm_large,facebook/xglm-2.9B,40,5LocalWordSwaps,540,0.9841008186340332
xglm_large,facebook/xglm-2.9B,40,5LocalWordSwaps,541,0.9849181175231934
xglm_large,facebook/xglm-2.9B,40,5LocalWordSwaps,542,0.9982735514640808
xglm_large,facebook/xglm-2.9B,40,5LocalWordSwaps,543,0.9857857823371887
xglm_large,facebook/xglm-2.9B,40,5LocalWordSwaps,544,0.9886537194252014
xglm_large,facebook/xglm-2.9B,40,5LocalWordSwaps,545,0.9853843450546265
xglm_large,facebook/xglm-2.9B,40,5LocalWordSwaps,546,0.9917724132537842
xglm_large,facebook/xglm-2.9B,40,5LocalWordSwaps,547,0.9849118590354919
xglm_large,facebook/xglm-2.9B,40,5LocalWordSwaps,548,0.9992995858192444
xglm_large,facebook/xglm-2.9B,40,5LocalWordSwaps,549,0.9928335547447205
xglm_large,facebook/xglm-2.9B,40,5LocalWordSwaps,550,0.9853777289390564
xglm_large,facebook/xglm-2.9B,40,5LocalWordSwaps,551,0.9992087483406067
xglm_large,facebook/xglm-2.9B,40,5LocalWordSwaps,552,0.9893043637275696
xglm_large,facebook/xglm-2.9B,40,5LocalWordSwaps,553,0.9851957559585571
xglm_large,facebook/xglm-2.9B,40,5LocalWordSwaps,554,0.9963589310646057
xglm_large,facebook/xglm-2.9B,40,5LocalWordSwaps,555,0.9894968271255493
xglm_large,facebook/xglm-2.9B,40,5LocalWordSwaps,556,0.9881660342216492
xglm_large,facebook/xglm-2.9B,40,5LocalWordSwaps,557,0.9968157410621643
xglm_large,facebook/xglm-2.9B,40,5LocalWordSwaps,558,0.9893210530281067
xglm_large,facebook/xglm-2.9B,40,5LocalWordSwaps,559,0.9868357181549072
xglm_large,facebook/xglm-2.9B,40,5LocalWordSwaps,560,0.9861568212509155
xglm_large,facebook/xglm-2.9B,40,5LocalWordSwaps,561,0.9941833019256592
xglm_large,facebook/xglm-2.9B,40,5LocalWordSwaps,562,0.9904420375823975
xglm_large,facebook/xglm-2.9B,40,5LocalWordSwaps,563,0.9914984703063965
xglm_large,facebook/xglm-2.9B,40,5LocalWordSwaps,564,0.9915358424186707
xglm_large,facebook/xglm-2.9B,40,5LocalWordSwaps,565,0.9920446276664734
xglm_large,facebook/xglm-2.9B,40,5LocalWordSwaps,566,0.9925202131271362
xglm_large,facebook/xglm-2.9B,40,5LocalWordSwaps,567,0.9889511466026306
xglm_large,facebook/xglm-2.9B,40,5LocalWordSwaps,568,0.9904932975769043
xglm_large,facebook/xglm-2.9B,40,5LocalWordSwaps,569,0.9903832674026489
xglm_large,facebook/xglm-2.9B,40,5LocalWordSwaps,570,0.9912779331207275
xglm_large,facebook/xglm-2.9B,40,5LocalWordSwaps,571,0.9871760606765747
xglm_large,facebook/xglm-2.9B,40,5LocalWordSwaps,572,0.9937216639518738
xglm_large,facebook/xglm-2.9B,40,5LocalWordSwaps,573,0.9906734228134155
xglm_large,facebook/xglm-2.9B,40,5LocalWordSwaps,574,0.9874940514564514
xglm_large,facebook/xglm-2.9B,40,5LocalWordSwaps,575,0.9833691120147705
xglm_large,facebook/xglm-2.9B,40,5LocalWordSwaps,576,0.9885190725326538
xglm_large,facebook/xglm-2.9B,40,5LocalWordSwaps,577,0.988103449344635
xglm_large,facebook/xglm-2.9B,40,5LocalWordSwaps,578,0.987861692905426
xglm_large,facebook/xglm-2.9B,40,5LocalWordSwaps,579,0.9896265864372253
xglm_large,facebook/xglm-2.9B,40,5LocalWordSwaps,580,0.986536979675293
xglm_large,facebook/xglm-2.9B,40,5LocalWordSwaps,581,0.9971223473548889
xglm_large,facebook/xglm-2.9B,40,5LocalWordSwaps,582,0.9902253150939941
xglm_large,facebook/xglm-2.9B,40,5LocalWordSwaps,583,0.9901455640792847
xglm_large,facebook/xglm-2.9B,40,5LocalWordSwaps,584,0.9936189651489258
xglm_large,facebook/xglm-2.9B,40,5LocalWordSwaps,585,0.9890083074569702
xglm_large,facebook/xglm-2.9B,40,5LocalWordSwaps,586,0.9875207543373108
xglm_large,facebook/xglm-2.9B,40,5LocalWordSwaps,587,0.9909688234329224
xglm_large,facebook/xglm-2.9B,40,5LocalWordSwaps,588,0.9896755218505859
xglm_large,facebook/xglm-2.9B,40,5LocalWordSwaps,589,0.9920228719711304
xglm_large,facebook/xglm-2.9B,40,5LocalWordSwaps,590,0.9904996156692505
xglm_large,facebook/xglm-2.9B,40,5LocalWordSwaps,591,0.9911190271377563
xglm_large,facebook/xglm-2.9B,40,5LocalWordSwaps,592,0.9920258522033691
xglm_large,facebook/xglm-2.9B,40,5LocalWordSwaps,593,0.9877653121948242
xglm_large,facebook/xglm-2.9B,40,5LocalWordSwaps,594,0.9970770478248596
xglm_large,facebook/xglm-2.9B,40,5LocalWordSwaps,595,0.9863122701644897
xglm_large,facebook/xglm-2.9B,40,5LocalWordSwaps,596,0.9904250502586365
xglm_large,facebook/xglm-2.9B,40,5LocalWordSwaps,597,0.9875167608261108
xglm_large,facebook/xglm-2.9B,40,5LocalWordSwaps,598,0.9894283413887024
xglm_large,facebook/xglm-2.9B,40,5LocalWordSwaps,599,0.9881663918495178
xglm_large,facebook/xglm-2.9B,40,5LocalWordSwaps,600,0.991422176361084
xglm_large,facebook/xglm-2.9B,40,5LocalWordSwaps,601,0.9780352711677551
xglm_large,facebook/xglm-2.9B,40,5LocalWordSwaps,602,0.9975132942199707
xglm_large,facebook/xglm-2.9B,40,5LocalWordSwaps,603,0.9879181981086731
xglm_large,facebook/xglm-2.9B,40,5LocalWordSwaps,604,0.998528778553009
xglm_large,facebook/xglm-2.9B,40,5LocalWordSwaps,605,0.9889957904815674
xglm_large,facebook/xglm-2.9B,40,5LocalWordSwaps,606,0.9890159964561462
xglm_large,facebook/xglm-2.9B,40,5LocalWordSwaps,607,0.9851660132408142
xglm_large,facebook/xglm-2.9B,40,5LocalWordSwaps,608,0.9866617918014526
xglm_large,facebook/xglm-2.9B,40,5LocalWordSwaps,609,0.982810378074646
xglm_large,facebook/xglm-2.9B,40,5LocalWordSwaps,610,0.9881160855293274
xglm_large,facebook/xglm-2.9B,40,5LocalWordSwaps,611,0.9989256262779236
xglm_large,facebook/xglm-2.9B,40,5LocalWordSwaps,612,0.9872574806213379
xglm_large,facebook/xglm-2.9B,40,5LocalWordSwaps,613,0.9874870777130127
xglm_large,facebook/xglm-2.9B,40,5LocalWordSwaps,614,0.9980514049530029
xglm_large,facebook/xglm-2.9B,40,5LocalWordSwaps,615,0.986861526966095
xglm_large,facebook/xglm-2.9B,40,5LocalWordSwaps,616,0.9859743714332581
xglm_large,facebook/xglm-2.9B,40,5LocalWordSwaps,617,0.9860841631889343
xglm_large,facebook/xglm-2.9B,40,5LocalWordSwaps,618,0.9905869364738464
xglm_large,facebook/xglm-2.9B,40,5LocalWordSwaps,619,0.9893829822540283
xglm_large,facebook/xglm-2.9B,40,5LocalWordSwaps,620,0.9897551536560059
xglm_large,facebook/xglm-2.9B,40,5LocalWordSwaps,621,0.9878147840499878
xglm_large,facebook/xglm-2.9B,40,5LocalWordSwaps,622,0.9875479340553284
xglm_large,facebook/xglm-2.9B,40,5LocalWordSwaps,623,0.9863610863685608
xglm_large,facebook/xglm-2.9B,40,5LocalWordSwaps,624,0.9871015548706055
xglm_large,facebook/xglm-2.9B,40,5LocalWordSwaps,625,0.9868380427360535
xglm_large,facebook/xglm-2.9B,40,5LocalWordSwaps,626,0.988064706325531
xglm_large,facebook/xglm-2.9B,40,Reversed,0,0.9822753071784973
xglm_large,facebook/xglm-2.9B,40,Reversed,1,0.9798746109008789
xglm_large,facebook/xglm-2.9B,40,Reversed,2,0.9788984060287476
xglm_large,facebook/xglm-2.9B,40,Reversed,3,0.9789064526557922
xglm_large,facebook/xglm-2.9B,40,Reversed,4,0.9803974628448486
xglm_large,facebook/xglm-2.9B,40,Reversed,5,0.995303213596344
xglm_large,facebook/xglm-2.9B,40,Reversed,6,0.9847813248634338
xglm_large,facebook/xglm-2.9B,40,Reversed,7,0.9928324818611145
xglm_large,facebook/xglm-2.9B,40,Reversed,8,0.9859110116958618
xglm_large,facebook/xglm-2.9B,40,Reversed,9,0.979284942150116
xglm_large,facebook/xglm-2.9B,40,Reversed,10,0.9871982932090759
xglm_large,facebook/xglm-2.9B,40,Reversed,11,0.9804297685623169
xglm_large,facebook/xglm-2.9B,40,Reversed,12,0.9890315532684326
xglm_large,facebook/xglm-2.9B,40,Reversed,13,0.9798882603645325
xglm_large,facebook/xglm-2.9B,40,Reversed,14,0.9860178232192993
xglm_large,facebook/xglm-2.9B,40,Reversed,15,0.9840934872627258
xglm_large,facebook/xglm-2.9B,40,Reversed,16,0.9799487590789795
xglm_large,facebook/xglm-2.9B,40,Reversed,17,0.9855716824531555
xglm_large,facebook/xglm-2.9B,40,Reversed,18,0.9880656003952026
xglm_large,facebook/xglm-2.9B,40,Reversed,19,0.9953694939613342
xglm_large,facebook/xglm-2.9B,40,Reversed,20,0.9922128319740295
xglm_large,facebook/xglm-2.9B,40,Reversed,21,0.977990984916687
xglm_large,facebook/xglm-2.9B,40,Reversed,22,0.9855825901031494
xglm_large,facebook/xglm-2.9B,40,Reversed,23,0.9915748834609985
xglm_large,facebook/xglm-2.9B,40,Reversed,24,0.9842226505279541
xglm_large,facebook/xglm-2.9B,40,Reversed,25,0.9855058193206787
xglm_large,facebook/xglm-2.9B,40,Reversed,26,0.9816944599151611
xglm_large,facebook/xglm-2.9B,40,Reversed,27,0.9870609045028687
xglm_large,facebook/xglm-2.9B,40,Reversed,28,0.9821730256080627
xglm_large,facebook/xglm-2.9B,40,Reversed,29,0.9820817112922668
xglm_large,facebook/xglm-2.9B,40,Reversed,30,0.9805166125297546
xglm_large,facebook/xglm-2.9B,40,Reversed,31,0.9846954345703125
xglm_large,facebook/xglm-2.9B,40,Reversed,32,0.9849710464477539
xglm_large,facebook/xglm-2.9B,40,Reversed,33,0.9847885370254517
xglm_large,facebook/xglm-2.9B,40,Reversed,34,0.9757314324378967
xglm_large,facebook/xglm-2.9B,40,Reversed,35,0.989818274974823
xglm_large,facebook/xglm-2.9B,40,Reversed,36,0.9813735485076904
xglm_large,facebook/xglm-2.9B,40,Reversed,37,0.9864786267280579
xglm_large,facebook/xglm-2.9B,40,Reversed,38,0.9854403138160706
xglm_large,facebook/xglm-2.9B,40,Reversed,39,0.9781185984611511
xglm_large,facebook/xglm-2.9B,40,Reversed,40,0.9838399887084961
xglm_large,facebook/xglm-2.9B,40,Reversed,41,0.981285035610199
xglm_large,facebook/xglm-2.9B,40,Reversed,42,0.9825143814086914
xglm_large,facebook/xglm-2.9B,40,Reversed,43,0.9892531633377075
xglm_large,facebook/xglm-2.9B,40,Reversed,44,0.986277163028717
xglm_large,facebook/xglm-2.9B,40,Reversed,45,0.9883573055267334
xglm_large,facebook/xglm-2.9B,40,Reversed,46,0.9872685074806213
xglm_large,facebook/xglm-2.9B,40,Reversed,47,0.971606433391571
xglm_large,facebook/xglm-2.9B,40,Reversed,48,0.9907687306404114
xglm_large,facebook/xglm-2.9B,40,Reversed,49,0.9772166013717651
xglm_large,facebook/xglm-2.9B,40,Reversed,50,0.9902656078338623
xglm_large,facebook/xglm-2.9B,40,Reversed,51,0.9842193722724915
xglm_large,facebook/xglm-2.9B,40,Reversed,52,0.9834681153297424
xglm_large,facebook/xglm-2.9B,40,Reversed,53,0.987755298614502
xglm_large,facebook/xglm-2.9B,40,Reversed,54,0.9958541989326477
xglm_large,facebook/xglm-2.9B,40,Reversed,55,0.9786224365234375
xglm_large,facebook/xglm-2.9B,40,Reversed,56,0.982787549495697
xglm_large,facebook/xglm-2.9B,40,Reversed,57,0.9824451804161072
xglm_large,facebook/xglm-2.9B,40,Reversed,58,0.9892293810844421
xglm_large,facebook/xglm-2.9B,40,Reversed,59,0.9901166558265686
xglm_large,facebook/xglm-2.9B,40,Reversed,60,0.9838511943817139
xglm_large,facebook/xglm-2.9B,40,Reversed,61,0.9780915379524231
xglm_large,facebook/xglm-2.9B,40,Reversed,62,0.9956283569335938
xglm_large,facebook/xglm-2.9B,40,Reversed,63,0.9909849166870117
xglm_large,facebook/xglm-2.9B,40,Reversed,64,0.9760720729827881
xglm_large,facebook/xglm-2.9B,40,Reversed,65,0.9850349426269531
xglm_large,facebook/xglm-2.9B,40,Reversed,66,0.9843462705612183
xglm_large,facebook/xglm-2.9B,40,Reversed,67,0.9833253026008606
xglm_large,facebook/xglm-2.9B,40,Reversed,68,0.9915460348129272
xglm_large,facebook/xglm-2.9B,40,Reversed,69,0.9824525117874146
xglm_large,facebook/xglm-2.9B,40,Reversed,70,0.9801084399223328
xglm_large,facebook/xglm-2.9B,40,Reversed,71,0.9754234552383423
xglm_large,facebook/xglm-2.9B,40,Reversed,72,0.9841301441192627
xglm_large,facebook/xglm-2.9B,40,Reversed,73,0.9825824499130249
xglm_large,facebook/xglm-2.9B,40,Reversed,74,0.9889726638793945
xglm_large,facebook/xglm-2.9B,40,Reversed,75,0.9837650656700134
xglm_large,facebook/xglm-2.9B,40,Reversed,76,0.9918052554130554
xglm_large,facebook/xglm-2.9B,40,Reversed,77,0.9813804626464844
xglm_large,facebook/xglm-2.9B,40,Reversed,78,0.982523500919342
xglm_large,facebook/xglm-2.9B,40,Reversed,79,0.9885265827178955
xglm_large,facebook/xglm-2.9B,40,Reversed,80,0.9778485894203186
xglm_large,facebook/xglm-2.9B,40,Reversed,81,0.9939177632331848
xglm_large,facebook/xglm-2.9B,40,Reversed,82,0.970200777053833
xglm_large,facebook/xglm-2.9B,40,Reversed,83,0.9813494682312012
xglm_large,facebook/xglm-2.9B,40,Reversed,84,0.9799003601074219
xglm_large,facebook/xglm-2.9B,40,Reversed,85,0.9842195510864258
xglm_large,facebook/xglm-2.9B,40,Reversed,86,0.9836004972457886
xglm_large,facebook/xglm-2.9B,40,Reversed,87,0.9817846417427063
xglm_large,facebook/xglm-2.9B,40,Reversed,88,0.982917845249176
xglm_large,facebook/xglm-2.9B,40,Reversed,89,0.9859311580657959
xglm_large,facebook/xglm-2.9B,40,Reversed,90,0.9874679446220398
xglm_large,facebook/xglm-2.9B,40,Reversed,91,0.9828798770904541
xglm_large,facebook/xglm-2.9B,40,Reversed,92,0.9835779666900635
xglm_large,facebook/xglm-2.9B,40,Reversed,93,0.9854918718338013
xglm_large,facebook/xglm-2.9B,40,Reversed,94,0.9897056221961975
xglm_large,facebook/xglm-2.9B,40,Reversed,95,0.9931763410568237
xglm_large,facebook/xglm-2.9B,40,Reversed,96,0.9959433078765869
xglm_large,facebook/xglm-2.9B,40,Reversed,97,0.990898609161377
xglm_large,facebook/xglm-2.9B,40,Reversed,98,0.9826462864875793
xglm_large,facebook/xglm-2.9B,40,Reversed,99,0.988444447517395
xglm_large,facebook/xglm-2.9B,40,Reversed,100,0.9848690629005432
xglm_large,facebook/xglm-2.9B,40,Reversed,101,0.987779438495636
xglm_large,facebook/xglm-2.9B,40,Reversed,102,0.9874749183654785
xglm_large,facebook/xglm-2.9B,40,Reversed,103,0.9904429316520691
xglm_large,facebook/xglm-2.9B,40,Reversed,104,0.9880387783050537
xglm_large,facebook/xglm-2.9B,40,Reversed,105,0.9854764938354492
xglm_large,facebook/xglm-2.9B,40,Reversed,106,0.9908618927001953
xglm_large,facebook/xglm-2.9B,40,Reversed,107,0.9830397367477417
xglm_large,facebook/xglm-2.9B,40,Reversed,108,0.9832382202148438
xglm_large,facebook/xglm-2.9B,40,Reversed,109,0.982508659362793
xglm_large,facebook/xglm-2.9B,40,Reversed,110,0.9830501675605774
xglm_large,facebook/xglm-2.9B,40,Reversed,111,0.9745514392852783
xglm_large,facebook/xglm-2.9B,40,Reversed,112,0.9823669195175171
xglm_large,facebook/xglm-2.9B,40,Reversed,113,0.9841068983078003
xglm_large,facebook/xglm-2.9B,40,Reversed,114,0.9808522462844849
xglm_large,facebook/xglm-2.9B,40,Reversed,115,0.986354649066925
xglm_large,facebook/xglm-2.9B,40,Reversed,116,0.9847315549850464
xglm_large,facebook/xglm-2.9B,40,Reversed,117,0.9829456210136414
xglm_large,facebook/xglm-2.9B,40,Reversed,118,0.9849180579185486
xglm_large,facebook/xglm-2.9B,40,Reversed,119,0.9822691679000854
xglm_large,facebook/xglm-2.9B,40,Reversed,120,0.985840380191803
xglm_large,facebook/xglm-2.9B,40,Reversed,121,0.982403576374054
xglm_large,facebook/xglm-2.9B,40,Reversed,122,0.9881145358085632
xglm_large,facebook/xglm-2.9B,40,Reversed,123,0.9888898134231567
xglm_large,facebook/xglm-2.9B,40,Reversed,124,0.9875012636184692
xglm_large,facebook/xglm-2.9B,40,Reversed,125,0.9862872958183289
xglm_large,facebook/xglm-2.9B,40,Reversed,126,0.983307957649231
xglm_large,facebook/xglm-2.9B,40,Reversed,127,0.9859586358070374
xglm_large,facebook/xglm-2.9B,40,Reversed,128,0.9911156296730042
xglm_large,facebook/xglm-2.9B,40,Reversed,129,0.9867758750915527
xglm_large,facebook/xglm-2.9B,40,Reversed,130,0.9849389791488647
xglm_large,facebook/xglm-2.9B,40,Reversed,131,0.9838595390319824
xglm_large,facebook/xglm-2.9B,40,Reversed,132,0.9887776970863342
xglm_large,facebook/xglm-2.9B,40,Reversed,133,0.9891878962516785
xglm_large,facebook/xglm-2.9B,40,Reversed,134,0.9822940826416016
xglm_large,facebook/xglm-2.9B,40,Reversed,135,0.9918853044509888
xglm_large,facebook/xglm-2.9B,40,Reversed,136,0.9868776202201843
xglm_large,facebook/xglm-2.9B,40,Reversed,137,0.993883490562439
xglm_large,facebook/xglm-2.9B,40,Reversed,138,0.9886877536773682
xglm_large,facebook/xglm-2.9B,40,Reversed,139,0.990535318851471
xglm_large,facebook/xglm-2.9B,40,Reversed,140,0.9950233697891235
xglm_large,facebook/xglm-2.9B,40,Reversed,141,0.9785631895065308
xglm_large,facebook/xglm-2.9B,40,Reversed,142,0.984248161315918
xglm_large,facebook/xglm-2.9B,40,Reversed,143,0.9834591746330261
xglm_large,facebook/xglm-2.9B,40,Reversed,144,0.9823302626609802
xglm_large,facebook/xglm-2.9B,40,Reversed,145,0.9896838068962097
xglm_large,facebook/xglm-2.9B,40,Reversed,146,0.9751405119895935
xglm_large,facebook/xglm-2.9B,40,Reversed,147,0.9903977513313293
xglm_large,facebook/xglm-2.9B,40,Reversed,148,0.9842591285705566
xglm_large,facebook/xglm-2.9B,40,Reversed,149,0.9879871606826782
xglm_large,facebook/xglm-2.9B,40,Reversed,150,0.9883090853691101
xglm_large,facebook/xglm-2.9B,40,Reversed,151,0.9814170598983765
xglm_large,facebook/xglm-2.9B,40,Reversed,152,0.9788390398025513
xglm_large,facebook/xglm-2.9B,40,Reversed,153,0.9825067520141602
xglm_large,facebook/xglm-2.9B,40,Reversed,154,0.9854409098625183
xglm_large,facebook/xglm-2.9B,40,Reversed,155,0.978512167930603
xglm_large,facebook/xglm-2.9B,40,Reversed,156,0.9849353432655334
xglm_large,facebook/xglm-2.9B,40,Reversed,157,0.9907882809638977
xglm_large,facebook/xglm-2.9B,40,Reversed,158,0.9889119267463684
xglm_large,facebook/xglm-2.9B,40,Reversed,159,0.9858927130699158
xglm_large,facebook/xglm-2.9B,40,Reversed,160,0.9894165992736816
xglm_large,facebook/xglm-2.9B,40,Reversed,161,0.9824596047401428
xglm_large,facebook/xglm-2.9B,40,Reversed,162,0.9787425994873047
xglm_large,facebook/xglm-2.9B,40,Reversed,163,0.9816242456436157
xglm_large,facebook/xglm-2.9B,40,Reversed,164,0.9891220927238464
xglm_large,facebook/xglm-2.9B,40,Reversed,165,0.9912346005439758
xglm_large,facebook/xglm-2.9B,40,Reversed,166,0.9883204698562622
xglm_large,facebook/xglm-2.9B,40,Reversed,167,0.9882403016090393
xglm_large,facebook/xglm-2.9B,40,Reversed,168,0.9841881990432739
xglm_large,facebook/xglm-2.9B,40,Reversed,169,0.9944780468940735
xglm_large,facebook/xglm-2.9B,40,Reversed,170,0.9900355935096741
xglm_large,facebook/xglm-2.9B,40,Reversed,171,0.9895521402359009
xglm_large,facebook/xglm-2.9B,40,Reversed,172,0.9844228029251099
xglm_large,facebook/xglm-2.9B,40,Reversed,173,0.9877724051475525
xglm_large,facebook/xglm-2.9B,40,Reversed,174,0.9851430654525757
xglm_large,facebook/xglm-2.9B,40,Reversed,175,0.9942662715911865
xglm_large,facebook/xglm-2.9B,40,Reversed,176,0.9830195307731628
xglm_large,facebook/xglm-2.9B,40,Reversed,177,0.9883297681808472
xglm_large,facebook/xglm-2.9B,40,Reversed,178,0.9878864288330078
xglm_large,facebook/xglm-2.9B,40,Reversed,179,0.9881954789161682
xglm_large,facebook/xglm-2.9B,40,Reversed,180,0.9805320501327515
xglm_large,facebook/xglm-2.9B,40,Reversed,181,0.9916150569915771
xglm_large,facebook/xglm-2.9B,40,Reversed,182,0.9858934283256531
xglm_large,facebook/xglm-2.9B,40,Reversed,183,0.9900736212730408
xglm_large,facebook/xglm-2.9B,40,Reversed,184,0.987370491027832
xglm_large,facebook/xglm-2.9B,40,Reversed,185,0.9912221431732178
xglm_large,facebook/xglm-2.9B,40,Reversed,186,0.9877586960792542
xglm_large,facebook/xglm-2.9B,40,Reversed,187,0.9871922731399536
xglm_large,facebook/xglm-2.9B,40,Reversed,188,0.9861968755722046
xglm_large,facebook/xglm-2.9B,40,Reversed,189,0.9825308322906494
xglm_large,facebook/xglm-2.9B,40,Reversed,190,0.9854865074157715
xglm_large,facebook/xglm-2.9B,40,Reversed,191,0.9968007802963257
xglm_large,facebook/xglm-2.9B,40,Reversed,192,0.9768932461738586
xglm_large,facebook/xglm-2.9B,40,Reversed,193,0.9849839210510254
xglm_large,facebook/xglm-2.9B,40,Reversed,194,0.9917240142822266
xglm_large,facebook/xglm-2.9B,40,Reversed,195,0.9947549700737
xglm_large,facebook/xglm-2.9B,40,Reversed,196,0.9924015402793884
xglm_large,facebook/xglm-2.9B,40,Reversed,197,0.9890366792678833
xglm_large,facebook/xglm-2.9B,40,Reversed,198,0.985453724861145
xglm_large,facebook/xglm-2.9B,40,Reversed,199,0.9856759905815125
xglm_large,facebook/xglm-2.9B,40,Reversed,200,0.9847538471221924
xglm_large,facebook/xglm-2.9B,40,Reversed,201,0.9830730557441711
xglm_large,facebook/xglm-2.9B,40,Reversed,202,0.9777910709381104
xglm_large,facebook/xglm-2.9B,40,Reversed,203,0.9874143600463867
xglm_large,facebook/xglm-2.9B,40,Reversed,204,0.9896132946014404
xglm_large,facebook/xglm-2.9B,40,Reversed,205,0.9863491058349609
xglm_large,facebook/xglm-2.9B,40,Reversed,206,0.9886895418167114
xglm_large,facebook/xglm-2.9B,40,Reversed,207,0.9964447021484375
xglm_large,facebook/xglm-2.9B,40,Reversed,208,0.9836847186088562
xglm_large,facebook/xglm-2.9B,40,Reversed,209,0.9853149652481079
xglm_large,facebook/xglm-2.9B,40,Reversed,210,0.9819637537002563
xglm_large,facebook/xglm-2.9B,40,Reversed,211,0.9855402708053589
xglm_large,facebook/xglm-2.9B,40,Reversed,212,0.9924173355102539
xglm_large,facebook/xglm-2.9B,40,Reversed,213,0.9845000505447388
xglm_large,facebook/xglm-2.9B,40,Reversed,214,0.9902687668800354
xglm_large,facebook/xglm-2.9B,40,Reversed,215,0.9861709475517273
xglm_large,facebook/xglm-2.9B,40,Reversed,216,0.9773097634315491
xglm_large,facebook/xglm-2.9B,40,Reversed,217,0.9895713925361633
xglm_large,facebook/xglm-2.9B,40,Reversed,218,0.9845523238182068
xglm_large,facebook/xglm-2.9B,40,Reversed,219,0.994201123714447
xglm_large,facebook/xglm-2.9B,40,Reversed,220,0.988046407699585
xglm_large,facebook/xglm-2.9B,40,Reversed,221,0.9892405271530151
xglm_large,facebook/xglm-2.9B,40,Reversed,222,0.9924421310424805
xglm_large,facebook/xglm-2.9B,40,Reversed,223,0.9844257235527039
xglm_large,facebook/xglm-2.9B,40,Reversed,224,0.9809768199920654
xglm_large,facebook/xglm-2.9B,40,Reversed,225,0.9817023873329163
xglm_large,facebook/xglm-2.9B,40,Reversed,226,0.9942020177841187
xglm_large,facebook/xglm-2.9B,40,Reversed,227,0.983988881111145
xglm_large,facebook/xglm-2.9B,40,Reversed,228,0.9954484105110168
xglm_large,facebook/xglm-2.9B,40,Reversed,229,0.9806801080703735
xglm_large,facebook/xglm-2.9B,40,Reversed,230,0.9890663027763367
xglm_large,facebook/xglm-2.9B,40,Reversed,231,0.9862659573554993
xglm_large,facebook/xglm-2.9B,40,Reversed,232,0.9816998243331909
xglm_large,facebook/xglm-2.9B,40,Reversed,233,0.978553056716919
xglm_large,facebook/xglm-2.9B,40,Reversed,234,0.9909446835517883
xglm_large,facebook/xglm-2.9B,40,Reversed,235,0.9876274466514587
xglm_large,facebook/xglm-2.9B,40,Reversed,236,0.9763988852500916
xglm_large,facebook/xglm-2.9B,40,Reversed,237,0.9869920611381531
xglm_large,facebook/xglm-2.9B,40,Reversed,238,0.9874637722969055
xglm_large,facebook/xglm-2.9B,40,Reversed,239,0.9891524314880371
xglm_large,facebook/xglm-2.9B,40,Reversed,240,0.9891979098320007
xglm_large,facebook/xglm-2.9B,40,Reversed,241,0.9829636216163635
xglm_large,facebook/xglm-2.9B,40,Reversed,242,0.9906707406044006
xglm_large,facebook/xglm-2.9B,40,Reversed,243,0.9879208207130432
xglm_large,facebook/xglm-2.9B,40,Reversed,244,0.9926426410675049
xglm_large,facebook/xglm-2.9B,40,Reversed,245,0.984713077545166
xglm_large,facebook/xglm-2.9B,40,Reversed,246,0.9920732975006104
xglm_large,facebook/xglm-2.9B,40,Reversed,247,0.9835718274116516
xglm_large,facebook/xglm-2.9B,40,Reversed,248,0.9839632511138916
xglm_large,facebook/xglm-2.9B,40,Reversed,249,0.9870078563690186
xglm_large,facebook/xglm-2.9B,40,Reversed,250,0.9830193519592285
xglm_large,facebook/xglm-2.9B,40,Reversed,251,0.9834915399551392
xglm_large,facebook/xglm-2.9B,40,Reversed,252,0.9829607009887695
xglm_large,facebook/xglm-2.9B,40,Reversed,253,0.9883124232292175
xglm_large,facebook/xglm-2.9B,40,Reversed,254,0.9879050850868225
xglm_large,facebook/xglm-2.9B,40,Reversed,255,0.988844633102417
xglm_large,facebook/xglm-2.9B,40,Reversed,256,0.9878699779510498
xglm_large,facebook/xglm-2.9B,40,Reversed,257,0.9863384962081909
xglm_large,facebook/xglm-2.9B,40,Reversed,258,0.989689826965332
xglm_large,facebook/xglm-2.9B,40,Reversed,259,0.985465943813324
xglm_large,facebook/xglm-2.9B,40,Reversed,260,0.9817063808441162
xglm_large,facebook/xglm-2.9B,40,Reversed,261,0.9857347011566162
xglm_large,facebook/xglm-2.9B,40,Reversed,262,0.9903130531311035
xglm_large,facebook/xglm-2.9B,40,Reversed,263,0.994424045085907
xglm_large,facebook/xglm-2.9B,40,Reversed,264,0.9889593124389648
xglm_large,facebook/xglm-2.9B,40,Reversed,265,0.985905110836029
xglm_large,facebook/xglm-2.9B,40,Reversed,266,0.9766490459442139
xglm_large,facebook/xglm-2.9B,40,Reversed,267,0.9814056158065796
xglm_large,facebook/xglm-2.9B,40,Reversed,268,0.9865598082542419
xglm_large,facebook/xglm-2.9B,40,Reversed,269,0.9753897786140442
xglm_large,facebook/xglm-2.9B,40,Reversed,270,0.9861272573471069
xglm_large,facebook/xglm-2.9B,40,Reversed,271,0.9919116497039795
xglm_large,facebook/xglm-2.9B,40,Reversed,272,0.9864019751548767
xglm_large,facebook/xglm-2.9B,40,Reversed,273,0.9889297485351562
xglm_large,facebook/xglm-2.9B,40,Reversed,274,0.9861664772033691
xglm_large,facebook/xglm-2.9B,40,Reversed,275,0.9904857277870178
xglm_large,facebook/xglm-2.9B,40,Reversed,276,0.9847512245178223
xglm_large,facebook/xglm-2.9B,40,Reversed,277,0.9794659614562988
xglm_large,facebook/xglm-2.9B,40,Reversed,278,0.97553551197052
xglm_large,facebook/xglm-2.9B,40,Reversed,279,0.9844639301300049
xglm_large,facebook/xglm-2.9B,40,Reversed,280,0.9910475611686707
xglm_large,facebook/xglm-2.9B,40,Reversed,281,0.9901838302612305
xglm_large,facebook/xglm-2.9B,40,Reversed,282,0.98872971534729
xglm_large,facebook/xglm-2.9B,40,Reversed,283,0.9870142936706543
xglm_large,facebook/xglm-2.9B,40,Reversed,284,0.9907690286636353
xglm_large,facebook/xglm-2.9B,40,Reversed,285,0.9902816414833069
xglm_large,facebook/xglm-2.9B,40,Reversed,286,0.9882844686508179
xglm_large,facebook/xglm-2.9B,40,Reversed,287,0.9947428703308105
xglm_large,facebook/xglm-2.9B,40,Reversed,288,0.9844463467597961
xglm_large,facebook/xglm-2.9B,40,Reversed,289,0.9896420836448669
xglm_large,facebook/xglm-2.9B,40,Reversed,290,0.9876739978790283
xglm_large,facebook/xglm-2.9B,40,Reversed,291,0.9894635677337646
xglm_large,facebook/xglm-2.9B,40,Reversed,292,0.9920888543128967
xglm_large,facebook/xglm-2.9B,40,Reversed,293,0.9922361373901367
xglm_large,facebook/xglm-2.9B,40,Reversed,294,0.989730179309845
xglm_large,facebook/xglm-2.9B,40,Reversed,295,0.9936516284942627
xglm_large,facebook/xglm-2.9B,40,Reversed,296,0.9841532707214355
xglm_large,facebook/xglm-2.9B,40,Reversed,297,0.9902507066726685
xglm_large,facebook/xglm-2.9B,40,Reversed,298,0.9884750247001648
xglm_large,facebook/xglm-2.9B,40,Reversed,299,0.9922705292701721
xglm_large,facebook/xglm-2.9B,40,Reversed,300,0.9954853057861328
xglm_large,facebook/xglm-2.9B,40,Reversed,301,0.9910612106323242
xglm_large,facebook/xglm-2.9B,40,Reversed,302,0.9885385632514954
xglm_large,facebook/xglm-2.9B,40,Reversed,303,0.9843603372573853
xglm_large,facebook/xglm-2.9B,40,Reversed,304,0.987126886844635
xglm_large,facebook/xglm-2.9B,40,Reversed,305,0.9894068837165833
xglm_large,facebook/xglm-2.9B,40,Reversed,306,0.9891611933708191
xglm_large,facebook/xglm-2.9B,40,Reversed,307,0.993996262550354
xglm_large,facebook/xglm-2.9B,40,Reversed,308,0.9884097576141357
xglm_large,facebook/xglm-2.9B,40,Reversed,309,0.9849838018417358
xglm_large,facebook/xglm-2.9B,40,Reversed,310,0.988200306892395
xglm_large,facebook/xglm-2.9B,40,Reversed,311,0.986131489276886
xglm_large,facebook/xglm-2.9B,40,Reversed,312,0.9937860369682312
xglm_large,facebook/xglm-2.9B,40,Reversed,313,0.9870041012763977
xglm_large,facebook/xglm-2.9B,40,Reversed,314,0.9893594980239868
xglm_large,facebook/xglm-2.9B,40,Reversed,315,0.9917634129524231
xglm_large,facebook/xglm-2.9B,40,Reversed,316,0.9874330759048462
xglm_large,facebook/xglm-2.9B,40,Reversed,317,0.9840497970581055
xglm_large,facebook/xglm-2.9B,40,Reversed,318,0.9846711158752441
xglm_large,facebook/xglm-2.9B,40,Reversed,319,0.9863160848617554
xglm_large,facebook/xglm-2.9B,40,Reversed,320,0.99174964427948
xglm_large,facebook/xglm-2.9B,40,Reversed,321,0.9931790232658386
xglm_large,facebook/xglm-2.9B,40,Reversed,322,0.9814296960830688
xglm_large,facebook/xglm-2.9B,40,Reversed,323,0.9828380942344666
xglm_large,facebook/xglm-2.9B,40,Reversed,324,0.9863005876541138
xglm_large,facebook/xglm-2.9B,40,Reversed,325,0.9919363260269165
xglm_large,facebook/xglm-2.9B,40,Reversed,326,0.9911025762557983
xglm_large,facebook/xglm-2.9B,40,Reversed,327,0.9833172559738159
xglm_large,facebook/xglm-2.9B,40,Reversed,328,0.986829400062561
xglm_large,facebook/xglm-2.9B,40,Reversed,329,0.9907124042510986
xglm_large,facebook/xglm-2.9B,40,Reversed,330,0.9874704480171204
xglm_large,facebook/xglm-2.9B,40,Reversed,331,0.991892397403717
xglm_large,facebook/xglm-2.9B,40,Reversed,332,0.9870471358299255
xglm_large,facebook/xglm-2.9B,40,Reversed,333,0.9886983036994934
xglm_large,facebook/xglm-2.9B,40,Reversed,334,0.9956356883049011
xglm_large,facebook/xglm-2.9B,40,Reversed,335,0.9890221953392029
xglm_large,facebook/xglm-2.9B,40,Reversed,336,0.9849145412445068
xglm_large,facebook/xglm-2.9B,40,Reversed,337,0.9837521314620972
xglm_large,facebook/xglm-2.9B,40,Reversed,338,0.9922084212303162
xglm_large,facebook/xglm-2.9B,40,Reversed,339,0.9837446808815002
xglm_large,facebook/xglm-2.9B,40,Reversed,340,0.9871025681495667
xglm_large,facebook/xglm-2.9B,40,Reversed,341,0.9839962720870972
xglm_large,facebook/xglm-2.9B,40,Reversed,342,0.9814569354057312
xglm_large,facebook/xglm-2.9B,40,Reversed,343,0.9882206320762634
xglm_large,facebook/xglm-2.9B,40,Reversed,344,0.9713992476463318
xglm_large,facebook/xglm-2.9B,40,Reversed,345,0.9823220372200012
xglm_large,facebook/xglm-2.9B,40,Reversed,346,0.9804441332817078
xglm_large,facebook/xglm-2.9B,40,Reversed,347,0.9844833612442017
xglm_large,facebook/xglm-2.9B,40,Reversed,348,0.9777037501335144
xglm_large,facebook/xglm-2.9B,40,Reversed,349,0.989594042301178
xglm_large,facebook/xglm-2.9B,40,Reversed,350,0.9840967655181885
xglm_large,facebook/xglm-2.9B,40,Reversed,351,0.9871873259544373
xglm_large,facebook/xglm-2.9B,40,Reversed,352,0.9956334233283997
xglm_large,facebook/xglm-2.9B,40,Reversed,353,0.9865895509719849
xglm_large,facebook/xglm-2.9B,40,Reversed,354,0.9959801435470581
xglm_large,facebook/xglm-2.9B,40,Reversed,355,0.9867177605628967
xglm_large,facebook/xglm-2.9B,40,Reversed,356,0.9864444136619568
xglm_large,facebook/xglm-2.9B,40,Reversed,357,0.9930124878883362
xglm_large,facebook/xglm-2.9B,40,Reversed,358,0.9827215075492859
xglm_large,facebook/xglm-2.9B,40,Reversed,359,0.9860035181045532
xglm_large,facebook/xglm-2.9B,40,Reversed,360,0.990057647228241
xglm_large,facebook/xglm-2.9B,40,Reversed,361,0.9841170907020569
xglm_large,facebook/xglm-2.9B,40,Reversed,362,0.9888449311256409
xglm_large,facebook/xglm-2.9B,40,Reversed,363,0.9805547595024109
xglm_large,facebook/xglm-2.9B,40,Reversed,364,0.9889578223228455
xglm_large,facebook/xglm-2.9B,40,Reversed,365,0.9875442981719971
xglm_large,facebook/xglm-2.9B,40,Reversed,366,0.9812500476837158
xglm_large,facebook/xglm-2.9B,40,Reversed,367,0.9895508885383606
xglm_large,facebook/xglm-2.9B,40,Reversed,368,0.9806681275367737
xglm_large,facebook/xglm-2.9B,40,Reversed,369,0.9846105575561523
xglm_large,facebook/xglm-2.9B,40,Reversed,370,0.9854196310043335
xglm_large,facebook/xglm-2.9B,40,Reversed,371,0.9898356199264526
xglm_large,facebook/xglm-2.9B,40,Reversed,372,0.9896307587623596
xglm_large,facebook/xglm-2.9B,40,Reversed,373,0.9816308617591858
xglm_large,facebook/xglm-2.9B,40,Reversed,374,0.9844838380813599
xglm_large,facebook/xglm-2.9B,40,Reversed,375,0.9914309978485107
xglm_large,facebook/xglm-2.9B,40,Reversed,376,0.9887889623641968
xglm_large,facebook/xglm-2.9B,40,Reversed,377,0.9920123815536499
xglm_large,facebook/xglm-2.9B,40,Reversed,378,0.9893047213554382
xglm_large,facebook/xglm-2.9B,40,Reversed,379,0.987433135509491
xglm_large,facebook/xglm-2.9B,40,Reversed,380,0.9837948679924011
xglm_large,facebook/xglm-2.9B,40,Reversed,381,0.9902987480163574
xglm_large,facebook/xglm-2.9B,40,Reversed,382,0.9819183945655823
xglm_large,facebook/xglm-2.9B,40,Reversed,383,0.9847955703735352
xglm_large,facebook/xglm-2.9B,40,Reversed,384,0.9873808026313782
xglm_large,facebook/xglm-2.9B,40,Reversed,385,0.986642062664032
xglm_large,facebook/xglm-2.9B,40,Reversed,386,0.9850162267684937
xglm_large,facebook/xglm-2.9B,40,Reversed,387,0.9867982268333435
xglm_large,facebook/xglm-2.9B,40,Reversed,388,0.9815312623977661
xglm_large,facebook/xglm-2.9B,40,Reversed,389,0.9792401790618896
xglm_large,facebook/xglm-2.9B,40,Reversed,390,0.9881061315536499
xglm_large,facebook/xglm-2.9B,40,Reversed,391,0.9800004959106445
xglm_large,facebook/xglm-2.9B,40,Reversed,392,0.9866709113121033
xglm_large,facebook/xglm-2.9B,40,Reversed,393,0.980402946472168
xglm_large,facebook/xglm-2.9B,40,Reversed,394,0.9949193596839905
xglm_large,facebook/xglm-2.9B,40,Reversed,395,0.9869188070297241
xglm_large,facebook/xglm-2.9B,40,Reversed,396,0.9903331398963928
xglm_large,facebook/xglm-2.9B,40,Reversed,397,0.9892337918281555
xglm_large,facebook/xglm-2.9B,40,Reversed,398,0.9806931614875793
xglm_large,facebook/xglm-2.9B,40,Reversed,399,0.982631266117096
xglm_large,facebook/xglm-2.9B,40,Reversed,400,0.9867060780525208
xglm_large,facebook/xglm-2.9B,40,Reversed,401,0.9785445928573608
xglm_large,facebook/xglm-2.9B,40,Reversed,402,0.9844138026237488
xglm_large,facebook/xglm-2.9B,40,Reversed,403,0.9851179122924805
xglm_large,facebook/xglm-2.9B,40,Reversed,404,0.9847369194030762
xglm_large,facebook/xglm-2.9B,40,Reversed,405,0.9887797236442566
xglm_large,facebook/xglm-2.9B,40,Reversed,406,0.9785992503166199
xglm_large,facebook/xglm-2.9B,40,Reversed,407,0.9840385913848877
xglm_large,facebook/xglm-2.9B,40,Reversed,408,0.9908345341682434
xglm_large,facebook/xglm-2.9B,40,Reversed,409,0.9886535406112671
xglm_large,facebook/xglm-2.9B,40,Reversed,410,0.9839165806770325
xglm_large,facebook/xglm-2.9B,40,Reversed,411,0.9838215708732605
xglm_large,facebook/xglm-2.9B,40,Reversed,412,0.9858312010765076
xglm_large,facebook/xglm-2.9B,40,Reversed,413,0.9887734651565552
xglm_large,facebook/xglm-2.9B,40,Reversed,414,0.9838104844093323
xglm_large,facebook/xglm-2.9B,40,Reversed,415,0.9842087030410767
xglm_large,facebook/xglm-2.9B,40,Reversed,416,0.9773778915405273
xglm_large,facebook/xglm-2.9B,40,Reversed,417,0.9886943101882935
xglm_large,facebook/xglm-2.9B,40,Reversed,418,0.9907556176185608
xglm_large,facebook/xglm-2.9B,40,Reversed,419,0.9904465675354004
xglm_large,facebook/xglm-2.9B,40,Reversed,420,0.9836687445640564
xglm_large,facebook/xglm-2.9B,40,Reversed,421,0.975658655166626
xglm_large,facebook/xglm-2.9B,40,Reversed,422,0.9853342175483704
xglm_large,facebook/xglm-2.9B,40,Reversed,423,0.9756998419761658
xglm_large,facebook/xglm-2.9B,40,Reversed,424,0.9837552905082703
xglm_large,facebook/xglm-2.9B,40,Reversed,425,0.9945737719535828
xglm_large,facebook/xglm-2.9B,40,Reversed,426,0.9823713302612305
xglm_large,facebook/xglm-2.9B,40,Reversed,427,0.9884143471717834
xglm_large,facebook/xglm-2.9B,40,Reversed,428,0.994921088218689
xglm_large,facebook/xglm-2.9B,40,Reversed,429,0.98482346534729
xglm_large,facebook/xglm-2.9B,40,Reversed,430,0.9856184720993042
xglm_large,facebook/xglm-2.9B,40,Reversed,431,0.98482745885849
xglm_large,facebook/xglm-2.9B,40,Reversed,432,0.9809809327125549
xglm_large,facebook/xglm-2.9B,40,Reversed,433,0.993475079536438
xglm_large,facebook/xglm-2.9B,40,Reversed,434,0.9877862334251404
xglm_large,facebook/xglm-2.9B,40,Reversed,435,0.986466109752655
xglm_large,facebook/xglm-2.9B,40,Reversed,436,0.9909898042678833
xglm_large,facebook/xglm-2.9B,40,Reversed,437,0.9889159202575684
xglm_large,facebook/xglm-2.9B,40,Reversed,438,0.9894440174102783
xglm_large,facebook/xglm-2.9B,40,Reversed,439,0.9844135046005249
xglm_large,facebook/xglm-2.9B,40,Reversed,440,0.9920849204063416
xglm_large,facebook/xglm-2.9B,40,Reversed,441,0.9882622957229614
xglm_large,facebook/xglm-2.9B,40,Reversed,442,0.9836714863777161
xglm_large,facebook/xglm-2.9B,40,Reversed,443,0.9868528842926025
xglm_large,facebook/xglm-2.9B,40,Reversed,444,0.9923327565193176
xglm_large,facebook/xglm-2.9B,40,Reversed,445,0.9887202978134155
xglm_large,facebook/xglm-2.9B,40,Reversed,446,0.9802888035774231
xglm_large,facebook/xglm-2.9B,40,Reversed,447,0.9848189949989319
xglm_large,facebook/xglm-2.9B,40,Reversed,448,0.9937463998794556
xglm_large,facebook/xglm-2.9B,40,Reversed,449,0.9871839880943298
xglm_large,facebook/xglm-2.9B,40,Reversed,450,0.9947763681411743
xglm_large,facebook/xglm-2.9B,40,Reversed,451,0.9851190447807312
xglm_large,facebook/xglm-2.9B,40,Reversed,452,0.9924846887588501
xglm_large,facebook/xglm-2.9B,40,Reversed,453,0.9895305633544922
xglm_large,facebook/xglm-2.9B,40,Reversed,454,0.9872543811798096
xglm_large,facebook/xglm-2.9B,40,Reversed,455,0.9861379861831665
xglm_large,facebook/xglm-2.9B,40,Reversed,456,0.9921060800552368
xglm_large,facebook/xglm-2.9B,40,Reversed,457,0.9943559765815735
xglm_large,facebook/xglm-2.9B,40,Reversed,458,0.9951721429824829
xglm_large,facebook/xglm-2.9B,40,Reversed,459,0.9925995469093323
xglm_large,facebook/xglm-2.9B,40,Reversed,460,0.9917131066322327
xglm_large,facebook/xglm-2.9B,40,Reversed,461,0.9772668480873108
xglm_large,facebook/xglm-2.9B,40,Reversed,462,0.9856709241867065
xglm_large,facebook/xglm-2.9B,40,Reversed,463,0.9915281534194946
xglm_large,facebook/xglm-2.9B,40,Reversed,464,0.9834479093551636
xglm_large,facebook/xglm-2.9B,40,Reversed,465,0.9850068092346191
xglm_large,facebook/xglm-2.9B,40,Reversed,466,0.9827437400817871
xglm_large,facebook/xglm-2.9B,40,Reversed,467,0.9837630987167358
xglm_large,facebook/xglm-2.9B,40,Reversed,468,0.9804229140281677
xglm_large,facebook/xglm-2.9B,40,Reversed,469,0.9831022620201111
xglm_large,facebook/xglm-2.9B,40,Reversed,470,0.990669846534729
xglm_large,facebook/xglm-2.9B,40,Reversed,471,0.9815159440040588
xglm_large,facebook/xglm-2.9B,40,Reversed,472,0.9955071210861206
xglm_large,facebook/xglm-2.9B,40,Reversed,473,0.9864184856414795
xglm_large,facebook/xglm-2.9B,40,Reversed,474,0.9878907203674316
xglm_large,facebook/xglm-2.9B,40,Reversed,475,0.990472137928009
xglm_large,facebook/xglm-2.9B,40,Reversed,476,0.9899691343307495
xglm_large,facebook/xglm-2.9B,40,Reversed,477,0.9848998785018921
xglm_large,facebook/xglm-2.9B,40,Reversed,478,0.9846495985984802
xglm_large,facebook/xglm-2.9B,40,Reversed,479,0.989296555519104
xglm_large,facebook/xglm-2.9B,40,Reversed,480,0.9865982532501221
xglm_large,facebook/xglm-2.9B,40,Reversed,481,0.9874130487442017
xglm_large,facebook/xglm-2.9B,40,Reversed,482,0.9875983595848083
xglm_large,facebook/xglm-2.9B,40,Reversed,483,0.9886537194252014
xglm_large,facebook/xglm-2.9B,40,Reversed,484,0.9879077672958374
xglm_large,facebook/xglm-2.9B,40,Reversed,485,0.9869497418403625
xglm_large,facebook/xglm-2.9B,40,Reversed,486,0.9845631718635559
xglm_large,facebook/xglm-2.9B,40,Reversed,487,0.9891272783279419
xglm_large,facebook/xglm-2.9B,40,Reversed,488,0.9869763851165771
xglm_large,facebook/xglm-2.9B,40,Reversed,489,0.9879998564720154
xglm_large,facebook/xglm-2.9B,40,Reversed,490,0.9904457330703735
xglm_large,facebook/xglm-2.9B,40,Reversed,491,0.9898111820220947
xglm_large,facebook/xglm-2.9B,40,Reversed,492,0.9927423596382141
xglm_large,facebook/xglm-2.9B,40,Reversed,493,0.9856618046760559
xglm_large,facebook/xglm-2.9B,40,Reversed,494,0.9849884510040283
xglm_large,facebook/xglm-2.9B,40,Reversed,495,0.9929460287094116
xglm_large,facebook/xglm-2.9B,40,Reversed,496,0.9884384870529175
xglm_large,facebook/xglm-2.9B,40,Reversed,497,0.987883985042572
xglm_large,facebook/xglm-2.9B,40,Reversed,498,0.9899342060089111
xglm_large,facebook/xglm-2.9B,40,Reversed,499,0.9886157512664795
xglm_large,facebook/xglm-2.9B,40,Reversed,500,0.9948463439941406
xglm_large,facebook/xglm-2.9B,40,Reversed,501,0.9879245162010193
xglm_large,facebook/xglm-2.9B,40,Reversed,502,0.9824386835098267
xglm_large,facebook/xglm-2.9B,40,Reversed,503,0.9882936477661133
xglm_large,facebook/xglm-2.9B,40,Reversed,504,0.992185115814209
xglm_large,facebook/xglm-2.9B,40,Reversed,505,0.988715648651123
xglm_large,facebook/xglm-2.9B,40,Reversed,506,0.9835678935050964
xglm_large,facebook/xglm-2.9B,40,Reversed,507,0.9875810742378235
xglm_large,facebook/xglm-2.9B,40,Reversed,508,0.9855012893676758
xglm_large,facebook/xglm-2.9B,40,Reversed,509,0.9850754737854004
xglm_large,facebook/xglm-2.9B,40,Reversed,510,0.9901605248451233
xglm_large,facebook/xglm-2.9B,40,Reversed,511,0.9871789813041687
xglm_large,facebook/xglm-2.9B,40,Reversed,512,0.9880333542823792
xglm_large,facebook/xglm-2.9B,40,Reversed,513,0.9920875430107117
xglm_large,facebook/xglm-2.9B,40,Reversed,514,0.9891294240951538
xglm_large,facebook/xglm-2.9B,40,Reversed,515,0.9857161045074463
xglm_large,facebook/xglm-2.9B,40,Reversed,516,0.9876695275306702
xglm_large,facebook/xglm-2.9B,40,Reversed,517,0.9885541200637817
xglm_large,facebook/xglm-2.9B,40,Reversed,518,0.9835807085037231
xglm_large,facebook/xglm-2.9B,40,Reversed,519,0.9832941293716431
xglm_large,facebook/xglm-2.9B,40,Reversed,520,0.986328661441803
xglm_large,facebook/xglm-2.9B,40,Reversed,521,0.9866431951522827
xglm_large,facebook/xglm-2.9B,40,Reversed,522,0.9900442957878113
xglm_large,facebook/xglm-2.9B,40,Reversed,523,0.9853689670562744
xglm_large,facebook/xglm-2.9B,40,Reversed,524,0.9898203611373901
xglm_large,facebook/xglm-2.9B,40,Reversed,525,0.9889968633651733
xglm_large,facebook/xglm-2.9B,40,Reversed,526,0.9925628900527954
xglm_large,facebook/xglm-2.9B,40,Reversed,527,0.9905712008476257
xglm_large,facebook/xglm-2.9B,40,Reversed,528,0.9881623983383179
xglm_large,facebook/xglm-2.9B,40,Reversed,529,0.9881160259246826
xglm_large,facebook/xglm-2.9B,40,Reversed,530,0.9844043850898743
xglm_large,facebook/xglm-2.9B,40,Reversed,531,0.9844009280204773
xglm_large,facebook/xglm-2.9B,40,Reversed,532,0.9842637181282043
xglm_large,facebook/xglm-2.9B,40,Reversed,533,0.988890528678894
xglm_large,facebook/xglm-2.9B,40,Reversed,534,0.9883167743682861
xglm_large,facebook/xglm-2.9B,40,Reversed,535,0.9866034388542175
xglm_large,facebook/xglm-2.9B,40,Reversed,536,0.9829740524291992
xglm_large,facebook/xglm-2.9B,40,Reversed,537,0.9917363524436951
xglm_large,facebook/xglm-2.9B,40,Reversed,538,0.9818560481071472
xglm_large,facebook/xglm-2.9B,40,Reversed,539,0.9846819639205933
xglm_large,facebook/xglm-2.9B,40,Reversed,540,0.9854389429092407
xglm_large,facebook/xglm-2.9B,40,Reversed,541,0.9859095811843872
xglm_large,facebook/xglm-2.9B,40,Reversed,542,0.9953464269638062
xglm_large,facebook/xglm-2.9B,40,Reversed,543,0.978417694568634
xglm_large,facebook/xglm-2.9B,40,Reversed,544,0.9893292188644409
xglm_large,facebook/xglm-2.9B,40,Reversed,545,0.9844376444816589
xglm_large,facebook/xglm-2.9B,40,Reversed,546,0.9876624345779419
xglm_large,facebook/xglm-2.9B,40,Reversed,547,0.9805698990821838
xglm_large,facebook/xglm-2.9B,40,Reversed,548,0.984346866607666
xglm_large,facebook/xglm-2.9B,40,Reversed,549,0.9930141568183899
xglm_large,facebook/xglm-2.9B,40,Reversed,550,0.9868584871292114
xglm_large,facebook/xglm-2.9B,40,Reversed,551,0.9941582083702087
xglm_large,facebook/xglm-2.9B,40,Reversed,552,0.9918678998947144
xglm_large,facebook/xglm-2.9B,40,Reversed,553,0.9861705303192139
xglm_large,facebook/xglm-2.9B,40,Reversed,554,0.994095504283905
xglm_large,facebook/xglm-2.9B,40,Reversed,555,0.9842905402183533
xglm_large,facebook/xglm-2.9B,40,Reversed,556,0.981005847454071
xglm_large,facebook/xglm-2.9B,40,Reversed,557,0.9910386204719543
xglm_large,facebook/xglm-2.9B,40,Reversed,558,0.987566351890564
xglm_large,facebook/xglm-2.9B,40,Reversed,559,0.986583948135376
xglm_large,facebook/xglm-2.9B,40,Reversed,560,0.9869025945663452
xglm_large,facebook/xglm-2.9B,40,Reversed,561,0.9915359020233154
xglm_large,facebook/xglm-2.9B,40,Reversed,562,0.9905313849449158
xglm_large,facebook/xglm-2.9B,40,Reversed,563,0.9888399839401245
xglm_large,facebook/xglm-2.9B,40,Reversed,564,0.9890509247779846
xglm_large,facebook/xglm-2.9B,40,Reversed,565,0.9904347062110901
xglm_large,facebook/xglm-2.9B,40,Reversed,566,0.9917726516723633
xglm_large,facebook/xglm-2.9B,40,Reversed,567,0.989437997341156
xglm_large,facebook/xglm-2.9B,40,Reversed,568,0.991828978061676
xglm_large,facebook/xglm-2.9B,40,Reversed,569,0.9888472557067871
xglm_large,facebook/xglm-2.9B,40,Reversed,570,0.9886214137077332
xglm_large,facebook/xglm-2.9B,40,Reversed,571,0.9802044630050659
xglm_large,facebook/xglm-2.9B,40,Reversed,572,0.9917827248573303
xglm_large,facebook/xglm-2.9B,40,Reversed,573,0.9921608567237854
xglm_large,facebook/xglm-2.9B,40,Reversed,574,0.9882328510284424
xglm_large,facebook/xglm-2.9B,40,Reversed,575,0.9847651720046997
xglm_large,facebook/xglm-2.9B,40,Reversed,576,0.9894974231719971
xglm_large,facebook/xglm-2.9B,40,Reversed,577,0.985862672328949
xglm_large,facebook/xglm-2.9B,40,Reversed,578,0.9807409644126892
xglm_large,facebook/xglm-2.9B,40,Reversed,579,0.9899086356163025
xglm_large,facebook/xglm-2.9B,40,Reversed,580,0.9869077205657959
xglm_large,facebook/xglm-2.9B,40,Reversed,581,0.995954692363739
xglm_large,facebook/xglm-2.9B,40,Reversed,582,0.9831830263137817
xglm_large,facebook/xglm-2.9B,40,Reversed,583,0.9892776608467102
xglm_large,facebook/xglm-2.9B,40,Reversed,584,0.9863353967666626
xglm_large,facebook/xglm-2.9B,40,Reversed,585,0.9842020273208618
xglm_large,facebook/xglm-2.9B,40,Reversed,586,0.9860796928405762
xglm_large,facebook/xglm-2.9B,40,Reversed,587,0.9906889796257019
xglm_large,facebook/xglm-2.9B,40,Reversed,588,0.9869159460067749
xglm_large,facebook/xglm-2.9B,40,Reversed,589,0.9921358227729797
xglm_large,facebook/xglm-2.9B,40,Reversed,590,0.9902006983757019
xglm_large,facebook/xglm-2.9B,40,Reversed,591,0.989640474319458
xglm_large,facebook/xglm-2.9B,40,Reversed,592,0.9897273778915405
xglm_large,facebook/xglm-2.9B,40,Reversed,593,0.9875115752220154
xglm_large,facebook/xglm-2.9B,40,Reversed,594,0.9896664023399353
xglm_large,facebook/xglm-2.9B,40,Reversed,595,0.9889885187149048
xglm_large,facebook/xglm-2.9B,40,Reversed,596,0.9907816648483276
xglm_large,facebook/xglm-2.9B,40,Reversed,597,0.987776517868042
xglm_large,facebook/xglm-2.9B,40,Reversed,598,0.9792210459709167
xglm_large,facebook/xglm-2.9B,40,Reversed,599,0.9858862161636353
xglm_large,facebook/xglm-2.9B,40,Reversed,600,0.9877474308013916
xglm_large,facebook/xglm-2.9B,40,Reversed,601,0.9748586416244507
xglm_large,facebook/xglm-2.9B,40,Reversed,602,0.9942710399627686
xglm_large,facebook/xglm-2.9B,40,Reversed,603,0.9886434674263
xglm_large,facebook/xglm-2.9B,40,Reversed,604,0.9897254109382629
xglm_large,facebook/xglm-2.9B,40,Reversed,605,0.9861463308334351
xglm_large,facebook/xglm-2.9B,40,Reversed,606,0.986720085144043
xglm_large,facebook/xglm-2.9B,40,Reversed,607,0.9813235998153687
xglm_large,facebook/xglm-2.9B,40,Reversed,608,0.9874905943870544
xglm_large,facebook/xglm-2.9B,40,Reversed,609,0.9805309176445007
xglm_large,facebook/xglm-2.9B,40,Reversed,610,0.9819260239601135
xglm_large,facebook/xglm-2.9B,40,Reversed,611,0.9946132898330688
xglm_large,facebook/xglm-2.9B,40,Reversed,612,0.9820230007171631
xglm_large,facebook/xglm-2.9B,40,Reversed,613,0.986065685749054
xglm_large,facebook/xglm-2.9B,40,Reversed,614,0.9852991700172424
xglm_large,facebook/xglm-2.9B,40,Reversed,615,0.9835004210472107
xglm_large,facebook/xglm-2.9B,40,Reversed,616,0.9842215180397034
xglm_large,facebook/xglm-2.9B,40,Reversed,617,0.9870069026947021
xglm_large,facebook/xglm-2.9B,40,Reversed,618,0.985414445400238
xglm_large,facebook/xglm-2.9B,40,Reversed,619,0.9811322093009949
xglm_large,facebook/xglm-2.9B,40,Reversed,620,0.9789023399353027
xglm_large,facebook/xglm-2.9B,40,Reversed,621,0.9796097278594971
xglm_large,facebook/xglm-2.9B,40,Reversed,622,0.9871141314506531
xglm_large,facebook/xglm-2.9B,40,Reversed,623,0.9841157793998718
xglm_large,facebook/xglm-2.9B,40,Reversed,624,0.9891501665115356
xglm_large,facebook/xglm-2.9B,40,Reversed,625,0.9819153547286987
xglm_large,facebook/xglm-2.9B,40,Reversed,626,0.9819851517677307
xglm_large,facebook/xglm-2.9B,40,functionwords,0,0.9818204641342163
xglm_large,facebook/xglm-2.9B,40,functionwords,1,0.9817532300949097
xglm_large,facebook/xglm-2.9B,40,functionwords,2,0.9801118969917297
xglm_large,facebook/xglm-2.9B,40,functionwords,3,0.9847958087921143
xglm_large,facebook/xglm-2.9B,40,functionwords,4,0.9863448739051819
xglm_large,facebook/xglm-2.9B,40,functionwords,5,0.984379231929779
xglm_large,facebook/xglm-2.9B,40,functionwords,6,0.984935998916626
xglm_large,facebook/xglm-2.9B,40,functionwords,7,0.9852631688117981
xglm_large,facebook/xglm-2.9B,40,functionwords,8,0.9826672673225403
xglm_large,facebook/xglm-2.9B,40,functionwords,9,0.9897702932357788
xglm_large,facebook/xglm-2.9B,40,functionwords,10,0.9830604791641235
xglm_large,facebook/xglm-2.9B,40,functionwords,11,0.9861999154090881
xglm_large,facebook/xglm-2.9B,40,functionwords,12,0.9785116910934448
xglm_large,facebook/xglm-2.9B,40,functionwords,13,0.9841322898864746
xglm_large,facebook/xglm-2.9B,40,functionwords,14,0.9862698316574097
xglm_large,facebook/xglm-2.9B,40,functionwords,15,0.9836665391921997
xglm_large,facebook/xglm-2.9B,40,functionwords,16,0.9850577116012573
xglm_large,facebook/xglm-2.9B,40,functionwords,17,0.9834352135658264
xglm_large,facebook/xglm-2.9B,40,functionwords,18,0.983281135559082
xglm_large,facebook/xglm-2.9B,40,functionwords,19,0.9847282767295837
xglm_large,facebook/xglm-2.9B,40,functionwords,20,0.9860531687736511
xglm_large,facebook/xglm-2.9B,40,functionwords,21,0.9838584661483765
xglm_large,facebook/xglm-2.9B,40,functionwords,22,0.9851879477500916
xglm_large,facebook/xglm-2.9B,40,functionwords,23,0.9837003946304321
xglm_large,facebook/xglm-2.9B,40,functionwords,24,0.9792706966400146
xglm_large,facebook/xglm-2.9B,40,functionwords,25,0.9837360978126526
xglm_large,facebook/xglm-2.9B,40,functionwords,26,0.9849162697792053
xglm_large,facebook/xglm-2.9B,40,functionwords,27,0.9808645248413086
xglm_large,facebook/xglm-2.9B,40,functionwords,28,0.981764018535614
xglm_large,facebook/xglm-2.9B,40,functionwords,29,0.9887925386428833
xglm_large,facebook/xglm-2.9B,40,functionwords,30,0.9839127063751221
xglm_large,facebook/xglm-2.9B,40,functionwords,31,0.9844253659248352
xglm_large,facebook/xglm-2.9B,40,functionwords,32,0.9912105202674866
xglm_large,facebook/xglm-2.9B,40,functionwords,33,0.9740352630615234
xglm_large,facebook/xglm-2.9B,40,functionwords,34,0.9799103736877441
xglm_large,facebook/xglm-2.9B,40,functionwords,35,0.9828900098800659
xglm_large,facebook/xglm-2.9B,40,functionwords,36,0.9761345982551575
xglm_large,facebook/xglm-2.9B,40,functionwords,37,0.9850526452064514
xglm_large,facebook/xglm-2.9B,40,functionwords,38,0.9867716431617737
xglm_large,facebook/xglm-2.9B,40,functionwords,39,0.9820398092269897
xglm_large,facebook/xglm-2.9B,40,functionwords,40,0.9790431261062622
xglm_large,facebook/xglm-2.9B,40,functionwords,41,0.9862152934074402
xglm_large,facebook/xglm-2.9B,40,functionwords,42,0.9849529266357422
xglm_large,facebook/xglm-2.9B,40,functionwords,43,0.9817707538604736
xglm_large,facebook/xglm-2.9B,40,functionwords,44,0.985571563243866
xglm_large,facebook/xglm-2.9B,40,functionwords,45,0.9860037565231323
xglm_large,facebook/xglm-2.9B,40,functionwords,46,0.9875194430351257
xglm_large,facebook/xglm-2.9B,40,functionwords,47,0.9910759925842285
xglm_large,facebook/xglm-2.9B,40,functionwords,48,0.9809865355491638
xglm_large,facebook/xglm-2.9B,40,functionwords,49,0.9884860515594482
xglm_large,facebook/xglm-2.9B,40,functionwords,50,0.9871323108673096
xglm_large,facebook/xglm-2.9B,40,functionwords,51,0.9820849895477295
xglm_large,facebook/xglm-2.9B,40,functionwords,52,0.9866241812705994
xglm_large,facebook/xglm-2.9B,40,functionwords,53,0.9845550656318665
xglm_large,facebook/xglm-2.9B,40,functionwords,54,0.9881197214126587
xglm_large,facebook/xglm-2.9B,40,functionwords,55,0.9817867279052734
xglm_large,facebook/xglm-2.9B,40,functionwords,56,0.9787947535514832
xglm_large,facebook/xglm-2.9B,40,functionwords,57,0.9856576323509216
xglm_large,facebook/xglm-2.9B,40,functionwords,58,0.9840298295021057
xglm_large,facebook/xglm-2.9B,40,functionwords,59,0.9827326536178589
xglm_large,facebook/xglm-2.9B,40,functionwords,60,0.9784204959869385
xglm_large,facebook/xglm-2.9B,40,functionwords,61,0.9851658344268799
xglm_large,facebook/xglm-2.9B,40,functionwords,62,0.9899803400039673
xglm_large,facebook/xglm-2.9B,40,functionwords,63,0.9858164191246033
xglm_large,facebook/xglm-2.9B,40,functionwords,64,0.9870346188545227
xglm_large,facebook/xglm-2.9B,40,functionwords,65,0.9752650856971741
xglm_large,facebook/xglm-2.9B,40,functionwords,66,0.9858461618423462
xglm_large,facebook/xglm-2.9B,40,functionwords,67,0.9794965982437134
xglm_large,facebook/xglm-2.9B,40,functionwords,68,0.9879958629608154
xglm_large,facebook/xglm-2.9B,40,functionwords,69,0.9877400398254395
xglm_large,facebook/xglm-2.9B,40,functionwords,70,0.983335554599762
xglm_large,facebook/xglm-2.9B,40,functionwords,71,0.982285737991333
xglm_large,facebook/xglm-2.9B,40,functionwords,72,0.9814321398735046
xglm_large,facebook/xglm-2.9B,40,functionwords,73,0.9781458377838135
xglm_large,facebook/xglm-2.9B,40,functionwords,74,0.9876105785369873
xglm_large,facebook/xglm-2.9B,40,functionwords,75,0.9792459011077881
xglm_large,facebook/xglm-2.9B,40,functionwords,76,0.9880030155181885
xglm_large,facebook/xglm-2.9B,40,functionwords,77,0.9871242642402649
xglm_large,facebook/xglm-2.9B,40,functionwords,78,0.9827108383178711
xglm_large,facebook/xglm-2.9B,40,functionwords,79,0.9868435859680176
xglm_large,facebook/xglm-2.9B,40,functionwords,80,0.9874671697616577
xglm_large,facebook/xglm-2.9B,40,functionwords,81,0.98163902759552
xglm_large,facebook/xglm-2.9B,40,functionwords,82,0.9712973833084106
xglm_large,facebook/xglm-2.9B,40,functionwords,83,0.9880996346473694
xglm_large,facebook/xglm-2.9B,40,functionwords,84,0.9888656735420227
xglm_large,facebook/xglm-2.9B,40,functionwords,85,0.9848286509513855
xglm_large,facebook/xglm-2.9B,40,functionwords,86,0.9850150346755981
xglm_large,facebook/xglm-2.9B,40,functionwords,87,0.9818325042724609
xglm_large,facebook/xglm-2.9B,40,functionwords,88,0.9853010177612305
xglm_large,facebook/xglm-2.9B,40,functionwords,89,0.9861442446708679
xglm_large,facebook/xglm-2.9B,40,functionwords,90,0.9799748659133911
xglm_large,facebook/xglm-2.9B,40,functionwords,91,0.984960675239563
xglm_large,facebook/xglm-2.9B,40,functionwords,92,0.9883137941360474
xglm_large,facebook/xglm-2.9B,40,functionwords,93,0.9848801493644714
xglm_large,facebook/xglm-2.9B,40,functionwords,94,0.9668190479278564
xglm_large,facebook/xglm-2.9B,40,functionwords,95,0.9884690046310425
xglm_large,facebook/xglm-2.9B,40,functionwords,96,0.9866926670074463
xglm_large,facebook/xglm-2.9B,40,functionwords,97,0.9728835225105286
xglm_large,facebook/xglm-2.9B,40,functionwords,98,0.9811717867851257
xglm_large,facebook/xglm-2.9B,40,functionwords,99,0.9823406934738159
xglm_large,facebook/xglm-2.9B,40,functionwords,100,0.9735956192016602
xglm_large,facebook/xglm-2.9B,40,functionwords,101,0.986891508102417
xglm_large,facebook/xglm-2.9B,40,functionwords,102,0.9697290658950806
xglm_large,facebook/xglm-2.9B,40,functionwords,103,0.9781606793403625
xglm_large,facebook/xglm-2.9B,40,functionwords,104,0.9862289428710938
xglm_large,facebook/xglm-2.9B,40,functionwords,105,0.9857823848724365
xglm_large,facebook/xglm-2.9B,40,functionwords,106,0.984817624092102
xglm_large,facebook/xglm-2.9B,40,functionwords,107,0.9801514148712158
xglm_large,facebook/xglm-2.9B,40,functionwords,108,0.9851817488670349
xglm_large,facebook/xglm-2.9B,40,functionwords,109,0.9848372936248779
xglm_large,facebook/xglm-2.9B,40,functionwords,110,0.983939528465271
xglm_large,facebook/xglm-2.9B,40,functionwords,111,0.9860444068908691
xglm_large,facebook/xglm-2.9B,40,functionwords,112,0.9862081408500671
xglm_large,facebook/xglm-2.9B,40,functionwords,113,0.9840154051780701
xglm_large,facebook/xglm-2.9B,40,functionwords,114,0.9803054332733154
xglm_large,facebook/xglm-2.9B,40,functionwords,115,0.9808688759803772
xglm_large,facebook/xglm-2.9B,40,functionwords,116,0.979698896408081
xglm_large,facebook/xglm-2.9B,40,functionwords,117,0.9817640781402588
xglm_large,facebook/xglm-2.9B,40,functionwords,118,0.9861817955970764
xglm_large,facebook/xglm-2.9B,40,functionwords,119,0.9857079982757568
xglm_large,facebook/xglm-2.9B,40,functionwords,120,0.9821692109107971
xglm_large,facebook/xglm-2.9B,40,functionwords,121,0.9897887706756592
xglm_large,facebook/xglm-2.9B,40,functionwords,122,0.9852121472358704
xglm_large,facebook/xglm-2.9B,40,functionwords,123,0.9837883114814758
xglm_large,facebook/xglm-2.9B,40,functionwords,124,0.9823073744773865
xglm_large,facebook/xglm-2.9B,40,functionwords,125,0.9837990999221802
xglm_large,facebook/xglm-2.9B,40,functionwords,126,0.9826639294624329
xglm_large,facebook/xglm-2.9B,40,functionwords,127,0.9839577078819275
xglm_large,facebook/xglm-2.9B,40,functionwords,128,0.9898993968963623
xglm_large,facebook/xglm-2.9B,40,functionwords,129,0.9877011775970459
xglm_large,facebook/xglm-2.9B,40,functionwords,130,0.9862696528434753
xglm_large,facebook/xglm-2.9B,40,functionwords,131,0.9774568676948547
xglm_large,facebook/xglm-2.9B,40,functionwords,132,0.9775640964508057
xglm_large,facebook/xglm-2.9B,40,functionwords,133,0.9840945601463318
xglm_large,facebook/xglm-2.9B,40,functionwords,134,0.9813719987869263
xglm_large,facebook/xglm-2.9B,40,functionwords,135,0.9874721765518188
xglm_large,facebook/xglm-2.9B,40,functionwords,136,0.9890066385269165
xglm_large,facebook/xglm-2.9B,40,functionwords,137,0.9838648438453674
xglm_large,facebook/xglm-2.9B,40,functionwords,138,0.9860713481903076
xglm_large,facebook/xglm-2.9B,40,functionwords,139,0.9800260663032532
xglm_large,facebook/xglm-2.9B,40,functionwords,140,0.985759973526001
xglm_large,facebook/xglm-2.9B,40,functionwords,141,0.9855960607528687
xglm_large,facebook/xglm-2.9B,40,functionwords,142,0.987465500831604
xglm_large,facebook/xglm-2.9B,40,functionwords,143,0.9787775874137878
xglm_large,facebook/xglm-2.9B,40,functionwords,144,0.981753408908844
xglm_large,facebook/xglm-2.9B,40,functionwords,145,0.9897803068161011
xglm_large,facebook/xglm-2.9B,40,functionwords,146,0.9830437898635864
xglm_large,facebook/xglm-2.9B,40,functionwords,147,0.9802624583244324
xglm_large,facebook/xglm-2.9B,40,functionwords,148,0.9899895191192627
xglm_large,facebook/xglm-2.9B,40,functionwords,149,0.9831480383872986
xglm_large,facebook/xglm-2.9B,40,functionwords,150,0.9879022240638733
xglm_large,facebook/xglm-2.9B,40,functionwords,151,0.9874131679534912
xglm_large,facebook/xglm-2.9B,40,functionwords,152,0.9852074384689331
xglm_large,facebook/xglm-2.9B,40,functionwords,153,0.9863405227661133
xglm_large,facebook/xglm-2.9B,40,functionwords,154,0.9827906489372253
xglm_large,facebook/xglm-2.9B,40,functionwords,155,0.9896658658981323
xglm_large,facebook/xglm-2.9B,40,functionwords,156,0.9852375984191895
xglm_large,facebook/xglm-2.9B,40,functionwords,157,0.9845860004425049
xglm_large,facebook/xglm-2.9B,40,functionwords,158,0.9834019541740417
xglm_large,facebook/xglm-2.9B,40,functionwords,159,0.9824223518371582
xglm_large,facebook/xglm-2.9B,40,functionwords,160,0.9824813604354858
xglm_large,facebook/xglm-2.9B,40,functionwords,161,0.9873137474060059
xglm_large,facebook/xglm-2.9B,40,functionwords,162,0.985200822353363
xglm_large,facebook/xglm-2.9B,40,functionwords,163,0.9807053804397583
xglm_large,facebook/xglm-2.9B,40,functionwords,164,0.986495852470398
xglm_large,facebook/xglm-2.9B,40,functionwords,165,0.9877021908760071
xglm_large,facebook/xglm-2.9B,40,functionwords,166,0.9814452528953552
xglm_large,facebook/xglm-2.9B,40,functionwords,167,0.9839536547660828
xglm_large,facebook/xglm-2.9B,40,functionwords,168,0.9768317937850952
xglm_large,facebook/xglm-2.9B,40,functionwords,169,0.9857405424118042
xglm_large,facebook/xglm-2.9B,40,functionwords,170,0.9872784614562988
xglm_large,facebook/xglm-2.9B,40,functionwords,171,0.9839797019958496
xglm_large,facebook/xglm-2.9B,40,functionwords,172,0.9788724780082703
xglm_large,facebook/xglm-2.9B,40,functionwords,173,0.9779826402664185
xglm_large,facebook/xglm-2.9B,40,functionwords,174,0.9789267778396606
xglm_large,facebook/xglm-2.9B,40,functionwords,175,0.9850921630859375
xglm_large,facebook/xglm-2.9B,40,functionwords,176,0.9847312569618225
xglm_large,facebook/xglm-2.9B,40,functionwords,177,0.9880831837654114
xglm_large,facebook/xglm-2.9B,40,functionwords,178,0.9857370257377625
xglm_large,facebook/xglm-2.9B,40,functionwords,179,0.9902527332305908
xglm_large,facebook/xglm-2.9B,40,functionwords,180,0.9838387370109558
xglm_large,facebook/xglm-2.9B,40,functionwords,181,0.9856075644493103
xglm_large,facebook/xglm-2.9B,40,functionwords,182,0.9871469140052795
xglm_large,facebook/xglm-2.9B,40,functionwords,183,0.9869391322135925
xglm_large,facebook/xglm-2.9B,40,functionwords,184,0.9815604090690613
xglm_large,facebook/xglm-2.9B,40,functionwords,185,0.9891924262046814
xglm_large,facebook/xglm-2.9B,40,functionwords,186,0.9838008880615234
xglm_large,facebook/xglm-2.9B,40,functionwords,187,0.9883875846862793
xglm_large,facebook/xglm-2.9B,40,functionwords,188,0.9844838976860046
xglm_large,facebook/xglm-2.9B,40,functionwords,189,0.9863654375076294
xglm_large,facebook/xglm-2.9B,40,functionwords,190,0.9820830225944519
xglm_large,facebook/xglm-2.9B,40,functionwords,191,0.9838206171989441
xglm_large,facebook/xglm-2.9B,40,functionwords,192,0.9883772730827332
xglm_large,facebook/xglm-2.9B,40,functionwords,193,0.9817780256271362
xglm_large,facebook/xglm-2.9B,40,functionwords,194,0.9859292507171631
xglm_large,facebook/xglm-2.9B,40,functionwords,195,0.9835373759269714
xglm_large,facebook/xglm-2.9B,40,functionwords,196,0.9891631007194519
xglm_large,facebook/xglm-2.9B,40,functionwords,197,0.9847615957260132
xglm_large,facebook/xglm-2.9B,40,functionwords,198,0.9855607748031616
xglm_large,facebook/xglm-2.9B,40,functionwords,199,0.9839367270469666
xglm_large,facebook/xglm-2.9B,40,functionwords,200,0.9821491241455078
xglm_large,facebook/xglm-2.9B,40,functionwords,201,0.9783353805541992
xglm_large,facebook/xglm-2.9B,40,functionwords,202,0.9788264036178589
xglm_large,facebook/xglm-2.9B,40,functionwords,203,0.981717586517334
xglm_large,facebook/xglm-2.9B,40,functionwords,204,0.9856941103935242
xglm_large,facebook/xglm-2.9B,40,functionwords,205,0.9879814386367798
xglm_large,facebook/xglm-2.9B,40,functionwords,206,0.9845207333564758
xglm_large,facebook/xglm-2.9B,40,functionwords,207,0.9864396452903748
xglm_large,facebook/xglm-2.9B,40,functionwords,208,0.9793853759765625
xglm_large,facebook/xglm-2.9B,40,functionwords,209,0.9842724204063416
xglm_large,facebook/xglm-2.9B,40,functionwords,210,0.9822846055030823
xglm_large,facebook/xglm-2.9B,40,functionwords,211,0.9854151606559753
xglm_large,facebook/xglm-2.9B,40,functionwords,212,0.9831336140632629
xglm_large,facebook/xglm-2.9B,40,functionwords,213,0.982699990272522
xglm_large,facebook/xglm-2.9B,40,functionwords,214,0.9830761551856995
xglm_large,facebook/xglm-2.9B,40,functionwords,215,0.9831929206848145
xglm_large,facebook/xglm-2.9B,40,functionwords,216,0.9834787249565125
xglm_large,facebook/xglm-2.9B,40,functionwords,217,0.9807479381561279
xglm_large,facebook/xglm-2.9B,40,functionwords,218,0.9899114370346069
xglm_large,facebook/xglm-2.9B,40,functionwords,219,0.9844335913658142
xglm_large,facebook/xglm-2.9B,40,functionwords,220,0.9798676371574402
xglm_large,facebook/xglm-2.9B,40,functionwords,221,0.9832473993301392
xglm_large,facebook/xglm-2.9B,40,functionwords,222,0.9798635244369507
xglm_large,facebook/xglm-2.9B,40,functionwords,223,0.9828277826309204
xglm_large,facebook/xglm-2.9B,40,functionwords,224,0.9805512428283691
xglm_large,facebook/xglm-2.9B,40,functionwords,225,0.9837139248847961
xglm_large,facebook/xglm-2.9B,40,functionwords,226,0.9839299321174622
xglm_large,facebook/xglm-2.9B,40,functionwords,227,0.9858801960945129
xglm_large,facebook/xglm-2.9B,40,functionwords,228,0.9859396815299988
xglm_large,facebook/xglm-2.9B,40,functionwords,229,0.9874518513679504
xglm_large,facebook/xglm-2.9B,40,functionwords,230,0.986430287361145
xglm_large,facebook/xglm-2.9B,40,functionwords,231,0.9860274195671082
xglm_large,facebook/xglm-2.9B,40,functionwords,232,0.9839432835578918
xglm_large,facebook/xglm-2.9B,40,functionwords,233,0.982422411441803
xglm_large,facebook/xglm-2.9B,40,functionwords,234,0.9803293347358704
xglm_large,facebook/xglm-2.9B,40,functionwords,235,0.9823468327522278
xglm_large,facebook/xglm-2.9B,40,functionwords,236,0.9839867949485779
xglm_large,facebook/xglm-2.9B,40,functionwords,237,0.9881589412689209
xglm_large,facebook/xglm-2.9B,40,functionwords,238,0.982665479183197
xglm_large,facebook/xglm-2.9B,40,functionwords,239,0.9777217507362366
xglm_large,facebook/xglm-2.9B,40,functionwords,240,0.9871467351913452
xglm_large,facebook/xglm-2.9B,40,functionwords,241,0.98024982213974
xglm_large,facebook/xglm-2.9B,40,functionwords,242,0.9825698733329773
xglm_large,facebook/xglm-2.9B,40,functionwords,243,0.990588366985321
xglm_large,facebook/xglm-2.9B,40,functionwords,244,0.9886716604232788
xglm_large,facebook/xglm-2.9B,40,functionwords,245,0.9806298017501831
xglm_large,facebook/xglm-2.9B,40,functionwords,246,0.984654426574707
xglm_large,facebook/xglm-2.9B,40,functionwords,247,0.9873279929161072
xglm_large,facebook/xglm-2.9B,40,functionwords,248,0.9839619398117065
xglm_large,facebook/xglm-2.9B,40,functionwords,249,0.9836006164550781
xglm_large,facebook/xglm-2.9B,40,functionwords,250,0.9770606756210327
xglm_large,facebook/xglm-2.9B,40,functionwords,251,0.9845322370529175
xglm_large,facebook/xglm-2.9B,40,functionwords,252,0.9789862036705017
xglm_large,facebook/xglm-2.9B,40,functionwords,253,0.9805174469947815
xglm_large,facebook/xglm-2.9B,40,functionwords,254,0.9793647527694702
xglm_large,facebook/xglm-2.9B,40,functionwords,255,0.9792844653129578
xglm_large,facebook/xglm-2.9B,40,functionwords,256,0.982509195804596
xglm_large,facebook/xglm-2.9B,40,functionwords,257,0.9855562448501587
xglm_large,facebook/xglm-2.9B,40,functionwords,258,0.9889930486679077
xglm_large,facebook/xglm-2.9B,40,functionwords,259,0.9787827730178833
xglm_large,facebook/xglm-2.9B,40,functionwords,260,0.9890319108963013
xglm_large,facebook/xglm-2.9B,40,functionwords,261,0.9904866814613342
xglm_large,facebook/xglm-2.9B,40,functionwords,262,0.9818439483642578
xglm_large,facebook/xglm-2.9B,40,functionwords,263,0.9854148626327515
xglm_large,facebook/xglm-2.9B,40,functionwords,264,0.9778053164482117
xglm_large,facebook/xglm-2.9B,40,functionwords,265,0.9874269366264343
xglm_large,facebook/xglm-2.9B,40,functionwords,266,0.9816336631774902
xglm_large,facebook/xglm-2.9B,40,functionwords,267,0.9851263165473938
xglm_large,facebook/xglm-2.9B,40,functionwords,268,0.9832539558410645
xglm_large,facebook/xglm-2.9B,40,functionwords,269,0.9836140275001526
xglm_large,facebook/xglm-2.9B,40,functionwords,270,0.9821136593818665
xglm_large,facebook/xglm-2.9B,40,functionwords,271,0.9844241738319397
xglm_large,facebook/xglm-2.9B,40,functionwords,272,0.9859023094177246
xglm_large,facebook/xglm-2.9B,40,functionwords,273,0.9841918349266052
xglm_large,facebook/xglm-2.9B,40,functionwords,274,0.9892710447311401
xglm_large,facebook/xglm-2.9B,40,functionwords,275,0.9810043573379517
xglm_large,facebook/xglm-2.9B,40,functionwords,276,0.9889186024665833
xglm_large,facebook/xglm-2.9B,40,functionwords,277,0.9828269481658936
xglm_large,facebook/xglm-2.9B,40,functionwords,278,0.9862004518508911
xglm_large,facebook/xglm-2.9B,40,functionwords,279,0.9852787852287292
xglm_large,facebook/xglm-2.9B,40,functionwords,280,0.984768807888031
xglm_large,facebook/xglm-2.9B,40,functionwords,281,0.9841783046722412
xglm_large,facebook/xglm-2.9B,40,functionwords,282,0.9789871573448181
xglm_large,facebook/xglm-2.9B,40,functionwords,283,0.9849913120269775
xglm_large,facebook/xglm-2.9B,40,functionwords,284,0.9865694046020508
xglm_large,facebook/xglm-2.9B,40,functionwords,285,0.9815422892570496
xglm_large,facebook/xglm-2.9B,40,functionwords,286,0.9842668771743774
xglm_large,facebook/xglm-2.9B,40,functionwords,287,0.9868124723434448
xglm_large,facebook/xglm-2.9B,40,functionwords,288,0.9805011749267578
xglm_large,facebook/xglm-2.9B,40,functionwords,289,0.9890308976173401
xglm_large,facebook/xglm-2.9B,40,functionwords,290,0.9833194017410278
xglm_large,facebook/xglm-2.9B,40,functionwords,291,0.9855292439460754
xglm_large,facebook/xglm-2.9B,40,functionwords,292,0.9882063269615173
xglm_large,facebook/xglm-2.9B,40,functionwords,293,0.9864392280578613
xglm_large,facebook/xglm-2.9B,40,functionwords,294,0.9842305779457092
xglm_large,facebook/xglm-2.9B,40,functionwords,295,0.9825025796890259
xglm_large,facebook/xglm-2.9B,40,functionwords,296,0.9817118048667908
xglm_large,facebook/xglm-2.9B,40,functionwords,297,0.9783423542976379
xglm_large,facebook/xglm-2.9B,40,functionwords,298,0.981410801410675
xglm_large,facebook/xglm-2.9B,40,functionwords,299,0.9830088019371033
xglm_large,facebook/xglm-2.9B,40,functionwords,300,0.9863466620445251
xglm_large,facebook/xglm-2.9B,40,functionwords,301,0.9802157282829285
xglm_large,facebook/xglm-2.9B,40,functionwords,302,0.9797371029853821
xglm_large,facebook/xglm-2.9B,40,functionwords,303,0.9904099702835083
xglm_large,facebook/xglm-2.9B,40,functionwords,304,0.9841322898864746
xglm_large,facebook/xglm-2.9B,40,functionwords,305,0.9867466688156128
xglm_large,facebook/xglm-2.9B,40,functionwords,306,0.9837265014648438
xglm_large,facebook/xglm-2.9B,40,functionwords,307,0.985461413860321
xglm_large,facebook/xglm-2.9B,40,functionwords,308,0.987195611000061
xglm_large,facebook/xglm-2.9B,40,functionwords,309,0.9835252165794373
xglm_large,facebook/xglm-2.9B,40,functionwords,310,0.9853768944740295
xglm_large,facebook/xglm-2.9B,40,functionwords,311,0.9868800640106201
xglm_large,facebook/xglm-2.9B,40,functionwords,312,0.9821279644966125
xglm_large,facebook/xglm-2.9B,40,functionwords,313,0.9799998998641968
xglm_large,facebook/xglm-2.9B,40,functionwords,314,0.9757108092308044
xglm_large,facebook/xglm-2.9B,40,functionwords,315,0.9904072880744934
xglm_large,facebook/xglm-2.9B,40,functionwords,316,0.9798555374145508
xglm_large,facebook/xglm-2.9B,40,functionwords,317,0.9855535626411438
xglm_large,facebook/xglm-2.9B,40,functionwords,318,0.9890844821929932
xglm_large,facebook/xglm-2.9B,40,functionwords,319,0.9864530563354492
xglm_large,facebook/xglm-2.9B,40,functionwords,320,0.9876992106437683
xglm_large,facebook/xglm-2.9B,40,functionwords,321,0.9792358875274658
xglm_large,facebook/xglm-2.9B,40,functionwords,322,0.988730251789093
xglm_large,facebook/xglm-2.9B,40,functionwords,323,0.9830749034881592
xglm_large,facebook/xglm-2.9B,40,functionwords,324,0.981340765953064
xglm_large,facebook/xglm-2.9B,40,functionwords,325,0.9872867465019226
xglm_large,facebook/xglm-2.9B,40,functionwords,326,0.9796487092971802
xglm_large,facebook/xglm-2.9B,40,functionwords,327,0.9873278737068176
xglm_large,facebook/xglm-2.9B,40,functionwords,328,0.9845007061958313
xglm_large,facebook/xglm-2.9B,40,functionwords,329,0.9835576415061951
xglm_large,facebook/xglm-2.9B,40,functionwords,330,0.9894278645515442
xglm_large,facebook/xglm-2.9B,40,functionwords,331,0.9799067974090576
xglm_large,facebook/xglm-2.9B,40,functionwords,332,0.9874185919761658
xglm_large,facebook/xglm-2.9B,40,functionwords,333,0.9882718324661255
xglm_large,facebook/xglm-2.9B,40,functionwords,334,0.9887120723724365
xglm_large,facebook/xglm-2.9B,40,functionwords,335,0.9878160357475281
xglm_large,facebook/xglm-2.9B,40,functionwords,336,0.9857579469680786
xglm_large,facebook/xglm-2.9B,40,functionwords,337,0.9899935126304626
xglm_large,facebook/xglm-2.9B,40,functionwords,338,0.9799255728721619
xglm_large,facebook/xglm-2.9B,40,functionwords,339,0.9817304015159607
xglm_large,facebook/xglm-2.9B,40,functionwords,340,0.9864547848701477
xglm_large,facebook/xglm-2.9B,40,functionwords,341,0.9887424111366272
xglm_large,facebook/xglm-2.9B,40,functionwords,342,0.9854311347007751
xglm_large,facebook/xglm-2.9B,40,functionwords,343,0.9858258366584778
xglm_large,facebook/xglm-2.9B,40,functionwords,344,0.9876317977905273
xglm_large,facebook/xglm-2.9B,40,functionwords,345,0.9837645292282104
xglm_large,facebook/xglm-2.9B,40,functionwords,346,0.9791613221168518
xglm_large,facebook/xglm-2.9B,40,functionwords,347,0.9774802327156067
xglm_large,facebook/xglm-2.9B,40,functionwords,348,0.9858500957489014
xglm_large,facebook/xglm-2.9B,40,functionwords,349,0.9866214394569397
xglm_large,facebook/xglm-2.9B,40,functionwords,350,0.9860022068023682
xglm_large,facebook/xglm-2.9B,40,functionwords,351,0.9875198006629944
xglm_large,facebook/xglm-2.9B,40,functionwords,352,0.9824442267417908
xglm_large,facebook/xglm-2.9B,40,functionwords,353,0.9745003581047058
xglm_large,facebook/xglm-2.9B,40,functionwords,354,0.9845625162124634
xglm_large,facebook/xglm-2.9B,40,functionwords,355,0.9882153272628784
xglm_large,facebook/xglm-2.9B,40,functionwords,356,0.9868002533912659
xglm_large,facebook/xglm-2.9B,40,functionwords,357,0.9847080111503601
xglm_large,facebook/xglm-2.9B,40,functionwords,358,0.9854168891906738
xglm_large,facebook/xglm-2.9B,40,functionwords,359,0.9875811338424683
xglm_large,facebook/xglm-2.9B,40,functionwords,360,0.9868875741958618
xglm_large,facebook/xglm-2.9B,40,functionwords,361,0.983899712562561
xglm_large,facebook/xglm-2.9B,40,functionwords,362,0.9836891293525696
xglm_large,facebook/xglm-2.9B,40,functionwords,363,0.9891683459281921
xglm_large,facebook/xglm-2.9B,40,functionwords,364,0.9832400679588318
xglm_large,facebook/xglm-2.9B,40,functionwords,365,0.9850156903266907
xglm_large,facebook/xglm-2.9B,40,functionwords,366,0.9748795628547668
xglm_large,facebook/xglm-2.9B,40,functionwords,367,0.9852392673492432
xglm_large,facebook/xglm-2.9B,40,functionwords,368,0.9856913685798645
xglm_large,facebook/xglm-2.9B,40,functionwords,369,0.9814692735671997
xglm_large,facebook/xglm-2.9B,40,functionwords,370,0.980579137802124
xglm_large,facebook/xglm-2.9B,40,functionwords,371,0.9847933053970337
xglm_large,facebook/xglm-2.9B,40,functionwords,372,0.976815938949585
xglm_large,facebook/xglm-2.9B,40,functionwords,373,0.9874471426010132
xglm_large,facebook/xglm-2.9B,40,functionwords,374,0.989902675151825
xglm_large,facebook/xglm-2.9B,40,functionwords,375,0.9805421233177185
xglm_large,facebook/xglm-2.9B,40,functionwords,376,0.9868330359458923
xglm_large,facebook/xglm-2.9B,40,functionwords,377,0.9893975853919983
xglm_large,facebook/xglm-2.9B,40,functionwords,378,0.9844505190849304
xglm_large,facebook/xglm-2.9B,40,functionwords,379,0.97946697473526
xglm_large,facebook/xglm-2.9B,40,functionwords,380,0.9865974187850952
xglm_large,facebook/xglm-2.9B,40,functionwords,381,0.9872825741767883
xglm_large,facebook/xglm-2.9B,40,functionwords,382,0.9828969836235046
xglm_large,facebook/xglm-2.9B,40,functionwords,383,0.9872979521751404
xglm_large,facebook/xglm-2.9B,40,functionwords,384,0.9813426733016968
xglm_large,facebook/xglm-2.9B,40,functionwords,385,0.9833975434303284
xglm_large,facebook/xglm-2.9B,40,functionwords,386,0.9852140545845032
xglm_large,facebook/xglm-2.9B,40,functionwords,387,0.9812344908714294
xglm_large,facebook/xglm-2.9B,40,functionwords,388,0.9818059802055359
xglm_large,facebook/xglm-2.9B,40,functionwords,389,0.9862416386604309
xglm_large,facebook/xglm-2.9B,40,functionwords,390,0.9884065985679626
xglm_large,facebook/xglm-2.9B,40,functionwords,391,0.9844309687614441
xglm_large,facebook/xglm-2.9B,40,functionwords,392,0.9841402769088745
xglm_large,facebook/xglm-2.9B,40,functionwords,393,0.976095974445343
xglm_large,facebook/xglm-2.9B,40,functionwords,394,0.9825026988983154
xglm_large,facebook/xglm-2.9B,40,functionwords,395,0.9871218800544739
xglm_large,facebook/xglm-2.9B,40,functionwords,396,0.9791324734687805
xglm_large,facebook/xglm-2.9B,40,functionwords,397,0.9837170243263245
xglm_large,facebook/xglm-2.9B,40,functionwords,398,0.9867480993270874
xglm_large,facebook/xglm-2.9B,40,functionwords,399,0.9878334999084473
xglm_large,facebook/xglm-2.9B,40,functionwords,400,0.9836641550064087
xglm_large,facebook/xglm-2.9B,40,functionwords,401,0.9887435436248779
xglm_large,facebook/xglm-2.9B,40,functionwords,402,0.9881970882415771
xglm_large,facebook/xglm-2.9B,40,functionwords,403,0.9850645065307617
xglm_large,facebook/xglm-2.9B,40,functionwords,404,0.9844735860824585
xglm_large,facebook/xglm-2.9B,40,functionwords,405,0.9831247925758362
xglm_large,facebook/xglm-2.9B,40,functionwords,406,0.9797674417495728
xglm_large,facebook/xglm-2.9B,40,functionwords,407,0.9833840131759644
xglm_large,facebook/xglm-2.9B,40,functionwords,408,0.9875990152359009
xglm_large,facebook/xglm-2.9B,40,functionwords,409,0.9858159422874451
xglm_large,facebook/xglm-2.9B,40,functionwords,410,0.9834168553352356
xglm_large,facebook/xglm-2.9B,40,functionwords,411,0.9840596318244934
xglm_large,facebook/xglm-2.9B,40,functionwords,412,0.9808743000030518
xglm_large,facebook/xglm-2.9B,40,functionwords,413,0.9833008646965027
xglm_large,facebook/xglm-2.9B,40,functionwords,414,0.9813780784606934
xglm_large,facebook/xglm-2.9B,40,functionwords,415,0.9864733219146729
xglm_large,facebook/xglm-2.9B,40,functionwords,416,0.9874427914619446
xglm_large,facebook/xglm-2.9B,40,functionwords,417,0.9819252490997314
xglm_large,facebook/xglm-2.9B,40,functionwords,418,0.9915199875831604
xglm_large,facebook/xglm-2.9B,40,functionwords,419,0.9769846796989441
xglm_large,facebook/xglm-2.9B,40,functionwords,420,0.9849926233291626
xglm_large,facebook/xglm-2.9B,40,functionwords,421,0.9812429547309875
xglm_large,facebook/xglm-2.9B,40,functionwords,422,0.982619047164917
xglm_large,facebook/xglm-2.9B,40,functionwords,423,0.981517493724823
xglm_large,facebook/xglm-2.9B,40,functionwords,424,0.9882515668869019
xglm_large,facebook/xglm-2.9B,40,functionwords,425,0.986862301826477
xglm_large,facebook/xglm-2.9B,40,functionwords,426,0.9886831045150757
xglm_large,facebook/xglm-2.9B,40,functionwords,427,0.9856383204460144
xglm_large,facebook/xglm-2.9B,40,functionwords,428,0.987764835357666
xglm_large,facebook/xglm-2.9B,40,functionwords,429,0.981593132019043
xglm_large,facebook/xglm-2.9B,40,functionwords,430,0.9834458231925964
xglm_large,facebook/xglm-2.9B,40,functionwords,431,0.9766021966934204
xglm_large,facebook/xglm-2.9B,40,functionwords,432,0.9837948083877563
xglm_large,facebook/xglm-2.9B,40,functionwords,433,0.9880991578102112
xglm_large,facebook/xglm-2.9B,40,functionwords,434,0.9874913692474365
xglm_large,facebook/xglm-2.9B,40,functionwords,435,0.9862865805625916
xglm_large,facebook/xglm-2.9B,40,functionwords,436,0.9862344264984131
xglm_large,facebook/xglm-2.9B,40,functionwords,437,0.9844987392425537
xglm_large,facebook/xglm-2.9B,40,functionwords,438,0.9857857823371887
xglm_large,facebook/xglm-2.9B,40,functionwords,439,0.9866160154342651
xglm_large,facebook/xglm-2.9B,40,functionwords,440,0.9862624406814575
xglm_large,facebook/xglm-2.9B,40,functionwords,441,0.9865021109580994
xglm_large,facebook/xglm-2.9B,40,functionwords,442,0.9842113256454468
xglm_large,facebook/xglm-2.9B,40,functionwords,443,0.9847890734672546
xglm_large,facebook/xglm-2.9B,40,functionwords,444,0.9826771020889282
xglm_large,facebook/xglm-2.9B,40,functionwords,445,0.9870579838752747
xglm_large,facebook/xglm-2.9B,40,functionwords,446,0.9892399311065674
xglm_large,facebook/xglm-2.9B,40,functionwords,447,0.9830440282821655
xglm_large,facebook/xglm-2.9B,40,functionwords,448,0.9817017912864685
xglm_large,facebook/xglm-2.9B,40,functionwords,449,0.980597734451294
xglm_large,facebook/xglm-2.9B,40,functionwords,450,0.9869943261146545
xglm_large,facebook/xglm-2.9B,40,functionwords,451,0.9818098545074463
xglm_large,facebook/xglm-2.9B,40,functionwords,452,0.9804846048355103
xglm_large,facebook/xglm-2.9B,40,functionwords,453,0.9822614192962646
xglm_large,facebook/xglm-2.9B,40,functionwords,454,0.9844375848770142
xglm_large,facebook/xglm-2.9B,40,functionwords,455,0.9849317073822021
xglm_large,facebook/xglm-2.9B,40,functionwords,456,0.9833149313926697
xglm_large,facebook/xglm-2.9B,40,functionwords,457,0.9854743480682373
xglm_large,facebook/xglm-2.9B,40,functionwords,458,0.9842242002487183
xglm_large,facebook/xglm-2.9B,40,functionwords,459,0.9876318573951721
xglm_large,facebook/xglm-2.9B,40,functionwords,460,0.9853984117507935
xglm_large,facebook/xglm-2.9B,40,functionwords,461,0.9781782031059265
xglm_large,facebook/xglm-2.9B,40,functionwords,462,0.9821184873580933
xglm_large,facebook/xglm-2.9B,40,functionwords,463,0.9838039875030518
xglm_large,facebook/xglm-2.9B,40,functionwords,464,0.9872937202453613
xglm_large,facebook/xglm-2.9B,40,functionwords,465,0.985156774520874
xglm_large,facebook/xglm-2.9B,40,functionwords,466,0.9900616407394409
xglm_large,facebook/xglm-2.9B,40,functionwords,467,0.9858765602111816
xglm_large,facebook/xglm-2.9B,40,functionwords,468,0.9862222075462341
xglm_large,facebook/xglm-2.9B,40,functionwords,469,0.9880124926567078
xglm_large,facebook/xglm-2.9B,40,functionwords,470,0.9803290367126465
xglm_large,facebook/xglm-2.9B,40,functionwords,471,0.9830275177955627
xglm_large,facebook/xglm-2.9B,40,functionwords,472,0.9788710474967957
xglm_large,facebook/xglm-2.9B,40,functionwords,473,0.9847700595855713
xglm_large,facebook/xglm-2.9B,40,functionwords,474,0.9851677417755127
xglm_large,facebook/xglm-2.9B,40,functionwords,475,0.9841076731681824
xglm_large,facebook/xglm-2.9B,40,functionwords,476,0.9790341854095459
xglm_large,facebook/xglm-2.9B,40,functionwords,477,0.9856759905815125
xglm_large,facebook/xglm-2.9B,40,functionwords,478,0.9840208292007446
xglm_large,facebook/xglm-2.9B,40,functionwords,479,0.9823958277702332
xglm_large,facebook/xglm-2.9B,40,functionwords,480,0.9886190891265869
xglm_large,facebook/xglm-2.9B,40,functionwords,481,0.9758160710334778
xglm_large,facebook/xglm-2.9B,40,functionwords,482,0.9861358404159546
xglm_large,facebook/xglm-2.9B,40,functionwords,483,0.9902932643890381
xglm_large,facebook/xglm-2.9B,40,functionwords,484,0.9884157776832581
xglm_large,facebook/xglm-2.9B,40,functionwords,485,0.9853100776672363
xglm_large,facebook/xglm-2.9B,40,functionwords,486,0.9730896949768066
xglm_large,facebook/xglm-2.9B,40,functionwords,487,0.9846013784408569
xglm_large,facebook/xglm-2.9B,40,functionwords,488,0.9863250255584717
xglm_large,facebook/xglm-2.9B,40,functionwords,489,0.9866462349891663
xglm_large,facebook/xglm-2.9B,40,functionwords,490,0.9787906408309937
xglm_large,facebook/xglm-2.9B,40,functionwords,491,0.9841815233230591
xglm_large,facebook/xglm-2.9B,40,functionwords,492,0.9805430769920349
xglm_large,facebook/xglm-2.9B,40,functionwords,493,0.9833937287330627
xglm_large,facebook/xglm-2.9B,40,functionwords,494,0.9920679926872253
xglm_large,facebook/xglm-2.9B,40,functionwords,495,0.9786639213562012
xglm_large,facebook/xglm-2.9B,40,functionwords,496,0.9865341782569885
xglm_large,facebook/xglm-2.9B,40,functionwords,497,0.9843240976333618
xglm_large,facebook/xglm-2.9B,40,functionwords,498,0.9834714531898499
xglm_large,facebook/xglm-2.9B,40,functionwords,499,0.9841280579566956
xglm_large,facebook/xglm-2.9B,40,functionwords,500,0.9835923910140991
xglm_large,facebook/xglm-2.9B,40,functionwords,501,0.9863911271095276
xglm_large,facebook/xglm-2.9B,40,functionwords,502,0.9779474139213562
xglm_large,facebook/xglm-2.9B,40,functionwords,503,0.987659752368927
xglm_large,facebook/xglm-2.9B,40,functionwords,504,0.9858320951461792
xglm_large,facebook/xglm-2.9B,40,functionwords,505,0.983665406703949
xglm_large,facebook/xglm-2.9B,40,functionwords,506,0.9811156988143921
xglm_large,facebook/xglm-2.9B,40,functionwords,507,0.9831052422523499
xglm_large,facebook/xglm-2.9B,40,functionwords,508,0.9814106822013855
xglm_large,facebook/xglm-2.9B,40,functionwords,509,0.9835707545280457
xglm_large,facebook/xglm-2.9B,40,functionwords,510,0.9803047776222229
xglm_large,facebook/xglm-2.9B,40,functionwords,511,0.9775367975234985
xglm_large,facebook/xglm-2.9B,40,functionwords,512,0.9887220859527588
xglm_large,facebook/xglm-2.9B,40,functionwords,513,0.9851287007331848
xglm_large,facebook/xglm-2.9B,40,functionwords,514,0.9847353100776672
xglm_large,facebook/xglm-2.9B,40,functionwords,515,0.981141209602356
xglm_large,facebook/xglm-2.9B,40,functionwords,516,0.9850994348526001
xglm_large,facebook/xglm-2.9B,40,functionwords,517,0.9868512749671936
xglm_large,facebook/xglm-2.9B,40,functionwords,518,0.9832803606987
xglm_large,facebook/xglm-2.9B,40,functionwords,519,0.9828078150749207
xglm_large,facebook/xglm-2.9B,40,functionwords,520,0.9855604767799377
xglm_large,facebook/xglm-2.9B,40,functionwords,521,0.9903380274772644
xglm_large,facebook/xglm-2.9B,40,functionwords,522,0.9774438738822937
xglm_large,facebook/xglm-2.9B,40,functionwords,523,0.9809914231300354
xglm_large,facebook/xglm-2.9B,40,functionwords,524,0.9892905950546265
xglm_large,facebook/xglm-2.9B,40,functionwords,525,0.9850218296051025
xglm_large,facebook/xglm-2.9B,40,functionwords,526,0.9823550581932068
xglm_large,facebook/xglm-2.9B,40,functionwords,527,0.9851976633071899
xglm_large,facebook/xglm-2.9B,40,functionwords,528,0.9816529154777527
xglm_large,facebook/xglm-2.9B,40,functionwords,529,0.9877762198448181
xglm_large,facebook/xglm-2.9B,40,functionwords,530,0.9826726913452148
xglm_large,facebook/xglm-2.9B,40,functionwords,531,0.9741736054420471
xglm_large,facebook/xglm-2.9B,40,functionwords,532,0.9830406308174133
xglm_large,facebook/xglm-2.9B,40,functionwords,533,0.986021876335144
xglm_large,facebook/xglm-2.9B,40,functionwords,534,0.9841651916503906
xglm_large,facebook/xglm-2.9B,40,functionwords,535,0.98578941822052
xglm_large,facebook/xglm-2.9B,40,functionwords,536,0.984342098236084
xglm_large,facebook/xglm-2.9B,40,functionwords,537,0.9825377464294434
xglm_large,facebook/xglm-2.9B,40,functionwords,538,0.9870225787162781
xglm_large,facebook/xglm-2.9B,40,functionwords,539,0.9890336394309998
xglm_large,facebook/xglm-2.9B,40,functionwords,540,0.9841100573539734
xglm_large,facebook/xglm-2.9B,40,functionwords,541,0.981197714805603
xglm_large,facebook/xglm-2.9B,40,functionwords,542,0.9871400594711304
xglm_large,facebook/xglm-2.9B,40,functionwords,543,0.9867610931396484
xglm_large,facebook/xglm-2.9B,40,functionwords,544,0.9861986041069031
xglm_large,facebook/xglm-2.9B,40,functionwords,545,0.9794025421142578
xglm_large,facebook/xglm-2.9B,40,functionwords,546,0.9896576404571533
xglm_large,facebook/xglm-2.9B,40,functionwords,547,0.9870672225952148
xglm_large,facebook/xglm-2.9B,40,functionwords,548,0.9880655407905579
xglm_large,facebook/xglm-2.9B,40,functionwords,549,0.985113799571991
xglm_large,facebook/xglm-2.9B,40,functionwords,550,0.9800427556037903
xglm_large,facebook/xglm-2.9B,40,functionwords,551,0.9873506426811218
xglm_large,facebook/xglm-2.9B,40,functionwords,552,0.9818477034568787
xglm_large,facebook/xglm-2.9B,40,functionwords,553,0.9837182760238647
xglm_large,facebook/xglm-2.9B,40,functionwords,554,0.986902117729187
xglm_large,facebook/xglm-2.9B,40,functionwords,555,0.9843379259109497
xglm_large,facebook/xglm-2.9B,40,functionwords,556,0.9845324754714966
xglm_large,facebook/xglm-2.9B,40,functionwords,557,0.9851353764533997
xglm_large,facebook/xglm-2.9B,40,functionwords,558,0.9846025705337524
xglm_large,facebook/xglm-2.9B,40,functionwords,559,0.9847210645675659
xglm_large,facebook/xglm-2.9B,40,functionwords,560,0.9818253517150879
xglm_large,facebook/xglm-2.9B,40,functionwords,561,0.9816262722015381
xglm_large,facebook/xglm-2.9B,40,functionwords,562,0.9868559837341309
xglm_large,facebook/xglm-2.9B,40,functionwords,563,0.983948290348053
xglm_large,facebook/xglm-2.9B,40,functionwords,564,0.9886287450790405
xglm_large,facebook/xglm-2.9B,40,functionwords,565,0.9883277416229248
xglm_large,facebook/xglm-2.9B,40,functionwords,566,0.9850288033485413
xglm_large,facebook/xglm-2.9B,40,functionwords,567,0.9867550730705261
xglm_large,facebook/xglm-2.9B,40,functionwords,568,0.9821277260780334
xglm_large,facebook/xglm-2.9B,40,functionwords,569,0.9871814846992493
xglm_large,facebook/xglm-2.9B,40,functionwords,570,0.9825505018234253
xglm_large,facebook/xglm-2.9B,40,functionwords,571,0.9886890649795532
xglm_large,facebook/xglm-2.9B,40,functionwords,572,0.9835523366928101
xglm_large,facebook/xglm-2.9B,40,functionwords,573,0.985785186290741
xglm_large,facebook/xglm-2.9B,40,functionwords,574,0.9842026233673096
xglm_large,facebook/xglm-2.9B,40,functionwords,575,0.9856829643249512
xglm_large,facebook/xglm-2.9B,40,functionwords,576,0.9877342581748962
xglm_large,facebook/xglm-2.9B,40,functionwords,577,0.9825000762939453
xglm_large,facebook/xglm-2.9B,40,functionwords,578,0.9909224510192871
xglm_large,facebook/xglm-2.9B,40,functionwords,579,0.983129620552063
xglm_large,facebook/xglm-2.9B,40,functionwords,580,0.9884034991264343
xglm_large,facebook/xglm-2.9B,40,functionwords,581,0.983165442943573
xglm_large,facebook/xglm-2.9B,40,functionwords,582,0.9890660643577576
xglm_large,facebook/xglm-2.9B,40,functionwords,583,0.9835619926452637
xglm_large,facebook/xglm-2.9B,40,functionwords,584,0.9793850779533386
xglm_large,facebook/xglm-2.9B,40,functionwords,585,0.9847021102905273
xglm_large,facebook/xglm-2.9B,40,functionwords,586,0.9867991805076599
xglm_large,facebook/xglm-2.9B,40,functionwords,587,0.98314368724823
xglm_large,facebook/xglm-2.9B,40,functionwords,588,0.9893180727958679
xglm_large,facebook/xglm-2.9B,40,functionwords,589,0.9798179268836975
xglm_large,facebook/xglm-2.9B,40,functionwords,590,0.9855729341506958
xglm_large,facebook/xglm-2.9B,40,functionwords,591,0.9821792840957642
xglm_large,facebook/xglm-2.9B,40,functionwords,592,0.9867591857910156
xglm_large,facebook/xglm-2.9B,40,functionwords,593,0.9801000356674194
xglm_large,facebook/xglm-2.9B,40,functionwords,594,0.9842076897621155
xglm_large,facebook/xglm-2.9B,40,functionwords,595,0.9784860610961914
xglm_large,facebook/xglm-2.9B,40,functionwords,596,0.9825193881988525
xglm_large,facebook/xglm-2.9B,40,functionwords,597,0.9871410727500916
xglm_large,facebook/xglm-2.9B,40,functionwords,598,0.9862060546875
xglm_large,facebook/xglm-2.9B,40,functionwords,599,0.9833874106407166
xglm_large,facebook/xglm-2.9B,40,functionwords,600,0.9867149591445923
xglm_large,facebook/xglm-2.9B,40,functionwords,601,0.9855886697769165
xglm_large,facebook/xglm-2.9B,40,functionwords,602,0.9764537215232849
xglm_large,facebook/xglm-2.9B,40,functionwords,603,0.987661600112915
xglm_large,facebook/xglm-2.9B,40,functionwords,604,0.983153223991394
xglm_large,facebook/xglm-2.9B,40,functionwords,605,0.9863050580024719
xglm_large,facebook/xglm-2.9B,40,functionwords,606,0.9844345450401306
xglm_large,facebook/xglm-2.9B,40,functionwords,607,0.9859555959701538
xglm_large,facebook/xglm-2.9B,40,functionwords,608,0.9816287159919739
xglm_large,facebook/xglm-2.9B,40,functionwords,609,0.9819990396499634
xglm_large,facebook/xglm-2.9B,40,functionwords,610,0.9881902933120728
xglm_large,facebook/xglm-2.9B,40,functionwords,611,0.978378176689148
xglm_large,facebook/xglm-2.9B,40,functionwords,612,0.9819142818450928
xglm_large,facebook/xglm-2.9B,40,functionwords,613,0.9833064675331116
xglm_large,facebook/xglm-2.9B,40,functionwords,614,0.9833817481994629
xglm_large,facebook/xglm-2.9B,40,functionwords,615,0.9843075275421143
xglm_large,facebook/xglm-2.9B,40,functionwords,616,0.983243465423584
xglm_large,facebook/xglm-2.9B,40,functionwords,617,0.9829495549201965
xglm_large,facebook/xglm-2.9B,40,functionwords,618,0.9836307168006897
xglm_large,facebook/xglm-2.9B,40,functionwords,619,0.9763839244842529
xglm_large,facebook/xglm-2.9B,40,functionwords,620,0.9879086017608643
xglm_large,facebook/xglm-2.9B,40,functionwords,621,0.9845893383026123
xglm_large,facebook/xglm-2.9B,40,functionwords,622,0.986504077911377
xglm_large,facebook/xglm-2.9B,40,functionwords,623,0.9846137166023254
xglm_large,facebook/xglm-2.9B,40,functionwords,624,0.9880635142326355
xglm_large,facebook/xglm-2.9B,40,functionwords,625,0.9859443306922913
xglm_large,facebook/xglm-2.9B,40,functionwords,626,0.9846345782279968
xglm_large,facebook/xglm-2.9B,40,paraphrase,0,0.9889888763427734
xglm_large,facebook/xglm-2.9B,40,paraphrase,1,0.9849802255630493
xglm_large,facebook/xglm-2.9B,40,paraphrase,2,0.9829325079917908
xglm_large,facebook/xglm-2.9B,40,paraphrase,3,0.9890682101249695
xglm_large,facebook/xglm-2.9B,40,paraphrase,4,0.9865365028381348
xglm_large,facebook/xglm-2.9B,40,paraphrase,5,0.9880807995796204
xglm_large,facebook/xglm-2.9B,40,paraphrase,6,0.9858459234237671
xglm_large,facebook/xglm-2.9B,40,paraphrase,7,0.9892879128456116
xglm_large,facebook/xglm-2.9B,40,paraphrase,8,0.9858713746070862
xglm_large,facebook/xglm-2.9B,40,paraphrase,9,0.9963064789772034
xglm_large,facebook/xglm-2.9B,40,paraphrase,10,0.9851431846618652
xglm_large,facebook/xglm-2.9B,40,paraphrase,11,0.9886254072189331
xglm_large,facebook/xglm-2.9B,40,paraphrase,12,0.9871798753738403
xglm_large,facebook/xglm-2.9B,40,paraphrase,13,0.9886184334754944
xglm_large,facebook/xglm-2.9B,40,paraphrase,14,0.9896407723426819
xglm_large,facebook/xglm-2.9B,40,paraphrase,15,0.983985424041748
xglm_large,facebook/xglm-2.9B,40,paraphrase,16,0.978336751461029
xglm_large,facebook/xglm-2.9B,40,paraphrase,17,0.9839483499526978
xglm_large,facebook/xglm-2.9B,40,paraphrase,18,0.9882035851478577
xglm_large,facebook/xglm-2.9B,40,paraphrase,19,0.9888381361961365
xglm_large,facebook/xglm-2.9B,40,paraphrase,20,0.9876478314399719
xglm_large,facebook/xglm-2.9B,40,paraphrase,21,0.9873414635658264
xglm_large,facebook/xglm-2.9B,40,paraphrase,22,0.9862239956855774
xglm_large,facebook/xglm-2.9B,40,paraphrase,23,0.9871562123298645
xglm_large,facebook/xglm-2.9B,40,paraphrase,24,0.9885297417640686
xglm_large,facebook/xglm-2.9B,40,paraphrase,25,0.9871716499328613
xglm_large,facebook/xglm-2.9B,40,paraphrase,26,0.984491765499115
xglm_large,facebook/xglm-2.9B,40,paraphrase,27,0.9867343306541443
xglm_large,facebook/xglm-2.9B,40,paraphrase,28,0.986366868019104
xglm_large,facebook/xglm-2.9B,40,paraphrase,29,0.9869698286056519
xglm_large,facebook/xglm-2.9B,40,paraphrase,30,0.9890592694282532
xglm_large,facebook/xglm-2.9B,40,paraphrase,31,0.9856582283973694
xglm_large,facebook/xglm-2.9B,40,paraphrase,32,0.9860279560089111
xglm_large,facebook/xglm-2.9B,40,paraphrase,33,0.9894749522209167
xglm_large,facebook/xglm-2.9B,40,paraphrase,34,0.9809600710868835
xglm_large,facebook/xglm-2.9B,40,paraphrase,35,0.9856972098350525
xglm_large,facebook/xglm-2.9B,40,paraphrase,36,0.9847432374954224
xglm_large,facebook/xglm-2.9B,40,paraphrase,37,0.9856952428817749
xglm_large,facebook/xglm-2.9B,40,paraphrase,38,0.9884319305419922
xglm_large,facebook/xglm-2.9B,40,paraphrase,39,0.9881039261817932
xglm_large,facebook/xglm-2.9B,40,paraphrase,40,0.9924317002296448
xglm_large,facebook/xglm-2.9B,40,paraphrase,41,0.9901623725891113
xglm_large,facebook/xglm-2.9B,40,paraphrase,42,0.9838043451309204
xglm_large,facebook/xglm-2.9B,40,paraphrase,43,0.9908300638198853
xglm_large,facebook/xglm-2.9B,40,paraphrase,44,0.9882490038871765
xglm_large,facebook/xglm-2.9B,40,paraphrase,45,0.9897289276123047
xglm_large,facebook/xglm-2.9B,40,paraphrase,46,0.9879688024520874
xglm_large,facebook/xglm-2.9B,40,paraphrase,47,0.9894821047782898
xglm_large,facebook/xglm-2.9B,40,paraphrase,48,0.9856089949607849
xglm_large,facebook/xglm-2.9B,40,paraphrase,49,0.9803048968315125
xglm_large,facebook/xglm-2.9B,40,paraphrase,50,0.9883571863174438
xglm_large,facebook/xglm-2.9B,40,paraphrase,51,0.982845664024353
xglm_large,facebook/xglm-2.9B,40,paraphrase,52,0.9915204644203186
xglm_large,facebook/xglm-2.9B,40,paraphrase,53,0.986412525177002
xglm_large,facebook/xglm-2.9B,40,paraphrase,54,0.9905851483345032
xglm_large,facebook/xglm-2.9B,40,paraphrase,55,0.9886545538902283
xglm_large,facebook/xglm-2.9B,40,paraphrase,56,0.9879294037818909
xglm_large,facebook/xglm-2.9B,40,paraphrase,57,0.9894603490829468
xglm_large,facebook/xglm-2.9B,40,paraphrase,58,0.9850849509239197
xglm_large,facebook/xglm-2.9B,40,paraphrase,59,0.9916167855262756
xglm_large,facebook/xglm-2.9B,40,paraphrase,60,0.9918197393417358
xglm_large,facebook/xglm-2.9B,40,paraphrase,61,0.9862864017486572
xglm_large,facebook/xglm-2.9B,40,paraphrase,62,0.9895294904708862
xglm_large,facebook/xglm-2.9B,40,paraphrase,63,0.9864374399185181
xglm_large,facebook/xglm-2.9B,40,paraphrase,64,0.9878473877906799
xglm_large,facebook/xglm-2.9B,40,paraphrase,65,0.9841830134391785
xglm_large,facebook/xglm-2.9B,40,paraphrase,66,0.9916468262672424
xglm_large,facebook/xglm-2.9B,40,paraphrase,67,0.9879593849182129
xglm_large,facebook/xglm-2.9B,40,paraphrase,68,0.987924337387085
xglm_large,facebook/xglm-2.9B,40,paraphrase,69,0.9897359013557434
xglm_large,facebook/xglm-2.9B,40,paraphrase,70,0.9897462129592896
xglm_large,facebook/xglm-2.9B,40,paraphrase,71,0.9916162490844727
xglm_large,facebook/xglm-2.9B,40,paraphrase,72,0.9870162606239319
xglm_large,facebook/xglm-2.9B,40,paraphrase,73,0.9921355843544006
xglm_large,facebook/xglm-2.9B,40,paraphrase,74,0.9883063435554504
xglm_large,facebook/xglm-2.9B,40,paraphrase,75,0.9893526434898376
xglm_large,facebook/xglm-2.9B,40,paraphrase,76,0.9930061101913452
xglm_large,facebook/xglm-2.9B,40,paraphrase,77,0.9884987473487854
xglm_large,facebook/xglm-2.9B,40,paraphrase,78,0.9826862215995789
xglm_large,facebook/xglm-2.9B,40,paraphrase,79,0.9843896627426147
xglm_large,facebook/xglm-2.9B,40,paraphrase,80,0.9862385392189026
xglm_large,facebook/xglm-2.9B,40,paraphrase,81,0.9898654222488403
xglm_large,facebook/xglm-2.9B,40,paraphrase,82,0.9867552518844604
xglm_large,facebook/xglm-2.9B,40,paraphrase,83,0.9881287217140198
xglm_large,facebook/xglm-2.9B,40,paraphrase,84,0.9923694133758545
xglm_large,facebook/xglm-2.9B,40,paraphrase,85,0.9885565042495728
xglm_large,facebook/xglm-2.9B,40,paraphrase,86,0.9857353568077087
xglm_large,facebook/xglm-2.9B,40,paraphrase,87,0.9860964417457581
xglm_large,facebook/xglm-2.9B,40,paraphrase,88,0.9861101508140564
xglm_large,facebook/xglm-2.9B,40,paraphrase,89,0.9836118817329407
xglm_large,facebook/xglm-2.9B,40,paraphrase,90,0.9867871999740601
xglm_large,facebook/xglm-2.9B,40,paraphrase,91,0.9855550527572632
xglm_large,facebook/xglm-2.9B,40,paraphrase,92,0.9876041412353516
xglm_large,facebook/xglm-2.9B,40,paraphrase,93,0.9862109422683716
xglm_large,facebook/xglm-2.9B,40,paraphrase,94,0.9936041831970215
xglm_large,facebook/xglm-2.9B,40,paraphrase,95,0.9888155460357666
xglm_large,facebook/xglm-2.9B,40,paraphrase,96,0.9919208884239197
xglm_large,facebook/xglm-2.9B,40,paraphrase,97,0.9892326593399048
xglm_large,facebook/xglm-2.9B,40,paraphrase,98,0.9856730699539185
xglm_large,facebook/xglm-2.9B,40,paraphrase,99,0.9884928464889526
xglm_large,facebook/xglm-2.9B,40,paraphrase,100,0.9855822920799255
xglm_large,facebook/xglm-2.9B,40,paraphrase,101,0.9900916814804077
xglm_large,facebook/xglm-2.9B,40,paraphrase,102,0.987515926361084
xglm_large,facebook/xglm-2.9B,40,paraphrase,103,0.9824795722961426
xglm_large,facebook/xglm-2.9B,40,paraphrase,104,0.9877638816833496
xglm_large,facebook/xglm-2.9B,40,paraphrase,105,0.988019585609436
xglm_large,facebook/xglm-2.9B,40,paraphrase,106,0.9891015887260437
xglm_large,facebook/xglm-2.9B,40,paraphrase,107,0.9830868244171143
xglm_large,facebook/xglm-2.9B,40,paraphrase,108,0.986431360244751
xglm_large,facebook/xglm-2.9B,40,paraphrase,109,0.9853335618972778
xglm_large,facebook/xglm-2.9B,40,paraphrase,110,0.9825122952461243
xglm_large,facebook/xglm-2.9B,40,paraphrase,111,0.9791950583457947
xglm_large,facebook/xglm-2.9B,40,paraphrase,112,0.989888072013855
xglm_large,facebook/xglm-2.9B,40,paraphrase,113,0.9787311553955078
xglm_large,facebook/xglm-2.9B,40,paraphrase,114,0.9810572862625122
xglm_large,facebook/xglm-2.9B,40,paraphrase,115,0.9885910749435425
xglm_large,facebook/xglm-2.9B,40,paraphrase,116,0.9892572164535522
xglm_large,facebook/xglm-2.9B,40,paraphrase,117,0.9858807921409607
xglm_large,facebook/xglm-2.9B,40,paraphrase,118,0.9902804493904114
xglm_large,facebook/xglm-2.9B,40,paraphrase,119,0.9882761836051941
xglm_large,facebook/xglm-2.9B,40,paraphrase,120,0.9885419011116028
xglm_large,facebook/xglm-2.9B,40,paraphrase,121,0.9912309050559998
xglm_large,facebook/xglm-2.9B,40,paraphrase,122,0.9869436025619507
xglm_large,facebook/xglm-2.9B,40,paraphrase,123,0.9865908622741699
xglm_large,facebook/xglm-2.9B,40,paraphrase,124,0.9874567985534668
xglm_large,facebook/xglm-2.9B,40,paraphrase,125,0.9903185963630676
xglm_large,facebook/xglm-2.9B,40,paraphrase,126,0.9855172038078308
xglm_large,facebook/xglm-2.9B,40,paraphrase,127,0.9888835549354553
xglm_large,facebook/xglm-2.9B,40,paraphrase,128,0.9927236437797546
xglm_large,facebook/xglm-2.9B,40,paraphrase,129,0.9873918890953064
xglm_large,facebook/xglm-2.9B,40,paraphrase,130,0.9907718300819397
xglm_large,facebook/xglm-2.9B,40,paraphrase,131,0.9936771988868713
xglm_large,facebook/xglm-2.9B,40,paraphrase,132,0.984892725944519
xglm_large,facebook/xglm-2.9B,40,paraphrase,133,0.9832983016967773
xglm_large,facebook/xglm-2.9B,40,paraphrase,134,0.9825103878974915
xglm_large,facebook/xglm-2.9B,40,paraphrase,135,0.9868044853210449
xglm_large,facebook/xglm-2.9B,40,paraphrase,136,0.9917919039726257
xglm_large,facebook/xglm-2.9B,40,paraphrase,137,0.985460638999939
xglm_large,facebook/xglm-2.9B,40,paraphrase,138,0.9858963489532471
xglm_large,facebook/xglm-2.9B,40,paraphrase,139,0.983012318611145
xglm_large,facebook/xglm-2.9B,40,paraphrase,140,0.9827765226364136
xglm_large,facebook/xglm-2.9B,40,paraphrase,141,0.9854602217674255
xglm_large,facebook/xglm-2.9B,40,paraphrase,142,0.990035891532898
xglm_large,facebook/xglm-2.9B,40,paraphrase,143,0.9892234206199646
xglm_large,facebook/xglm-2.9B,40,paraphrase,144,0.9898073673248291
xglm_large,facebook/xglm-2.9B,40,paraphrase,145,0.989363431930542
xglm_large,facebook/xglm-2.9B,40,paraphrase,146,0.9914889335632324
xglm_large,facebook/xglm-2.9B,40,paraphrase,147,0.9809346199035645
xglm_large,facebook/xglm-2.9B,40,paraphrase,148,0.9885985255241394
xglm_large,facebook/xglm-2.9B,40,paraphrase,149,0.9864138960838318
xglm_large,facebook/xglm-2.9B,40,paraphrase,150,0.9851534366607666
xglm_large,facebook/xglm-2.9B,40,paraphrase,151,0.9965614080429077
xglm_large,facebook/xglm-2.9B,40,paraphrase,152,0.9911890029907227
xglm_large,facebook/xglm-2.9B,40,paraphrase,153,0.9878762364387512
xglm_large,facebook/xglm-2.9B,40,paraphrase,154,0.9893727898597717
xglm_large,facebook/xglm-2.9B,40,paraphrase,155,0.9917868971824646
xglm_large,facebook/xglm-2.9B,40,paraphrase,156,0.9894955158233643
xglm_large,facebook/xglm-2.9B,40,paraphrase,157,0.9855362772941589
xglm_large,facebook/xglm-2.9B,40,paraphrase,158,0.9833959341049194
xglm_large,facebook/xglm-2.9B,40,paraphrase,159,0.9859824776649475
xglm_large,facebook/xglm-2.9B,40,paraphrase,160,0.9858604669570923
xglm_large,facebook/xglm-2.9B,40,paraphrase,161,0.9901818633079529
xglm_large,facebook/xglm-2.9B,40,paraphrase,162,0.9820802807807922
xglm_large,facebook/xglm-2.9B,40,paraphrase,163,0.984020471572876
xglm_large,facebook/xglm-2.9B,40,paraphrase,164,0.9886917471885681
xglm_large,facebook/xglm-2.9B,40,paraphrase,165,0.9896529316902161
xglm_large,facebook/xglm-2.9B,40,paraphrase,166,0.9915986657142639
xglm_large,facebook/xglm-2.9B,40,paraphrase,167,0.9880470633506775
xglm_large,facebook/xglm-2.9B,40,paraphrase,168,0.9877674579620361
xglm_large,facebook/xglm-2.9B,40,paraphrase,169,0.986111044883728
xglm_large,facebook/xglm-2.9B,40,paraphrase,170,0.9895129799842834
xglm_large,facebook/xglm-2.9B,40,paraphrase,171,0.9896515607833862
xglm_large,facebook/xglm-2.9B,40,paraphrase,172,0.9806445240974426
xglm_large,facebook/xglm-2.9B,40,paraphrase,173,0.9796136617660522
xglm_large,facebook/xglm-2.9B,40,paraphrase,174,0.9887803792953491
xglm_large,facebook/xglm-2.9B,40,paraphrase,175,0.9844784736633301
xglm_large,facebook/xglm-2.9B,40,paraphrase,176,0.9853019118309021
xglm_large,facebook/xglm-2.9B,40,paraphrase,177,0.987618088722229
xglm_large,facebook/xglm-2.9B,40,paraphrase,178,0.9918721914291382
xglm_large,facebook/xglm-2.9B,40,paraphrase,179,0.9872856736183167
xglm_large,facebook/xglm-2.9B,40,paraphrase,180,0.9894446134567261
xglm_large,facebook/xglm-2.9B,40,paraphrase,181,0.9937042593955994
xglm_large,facebook/xglm-2.9B,40,paraphrase,182,0.9923616647720337
xglm_large,facebook/xglm-2.9B,40,paraphrase,183,0.9870548248291016
xglm_large,facebook/xglm-2.9B,40,paraphrase,184,0.9730170369148254
xglm_large,facebook/xglm-2.9B,40,paraphrase,185,0.9896825551986694
xglm_large,facebook/xglm-2.9B,40,paraphrase,186,0.9856430888175964
xglm_large,facebook/xglm-2.9B,40,paraphrase,187,0.9899433851242065
xglm_large,facebook/xglm-2.9B,40,paraphrase,188,0.9822618961334229
xglm_large,facebook/xglm-2.9B,40,paraphrase,189,0.9873319864273071
xglm_large,facebook/xglm-2.9B,40,paraphrase,190,0.9825089573860168
xglm_large,facebook/xglm-2.9B,40,paraphrase,191,0.9908714294433594
xglm_large,facebook/xglm-2.9B,40,paraphrase,192,0.9882227778434753
xglm_large,facebook/xglm-2.9B,40,paraphrase,193,0.9887381196022034
xglm_large,facebook/xglm-2.9B,40,paraphrase,194,0.9943653345108032
xglm_large,facebook/xglm-2.9B,40,paraphrase,195,0.9842207431793213
xglm_large,facebook/xglm-2.9B,40,paraphrase,196,0.9916460514068604
xglm_large,facebook/xglm-2.9B,40,paraphrase,197,0.9845168590545654
xglm_large,facebook/xglm-2.9B,40,paraphrase,198,0.9928901195526123
xglm_large,facebook/xglm-2.9B,40,paraphrase,199,0.9854151010513306
xglm_large,facebook/xglm-2.9B,40,paraphrase,200,0.9874976277351379
xglm_large,facebook/xglm-2.9B,40,paraphrase,201,0.9910603761672974
xglm_large,facebook/xglm-2.9B,40,paraphrase,202,0.9913018941879272
xglm_large,facebook/xglm-2.9B,40,paraphrase,203,0.9855003356933594
xglm_large,facebook/xglm-2.9B,40,paraphrase,204,0.99032062292099
xglm_large,facebook/xglm-2.9B,40,paraphrase,205,0.9884511828422546
xglm_large,facebook/xglm-2.9B,40,paraphrase,206,0.9858257174491882
xglm_large,facebook/xglm-2.9B,40,paraphrase,207,0.9890285730361938
xglm_large,facebook/xglm-2.9B,40,paraphrase,208,0.9806926846504211
xglm_large,facebook/xglm-2.9B,40,paraphrase,209,0.9891709089279175
xglm_large,facebook/xglm-2.9B,40,paraphrase,210,0.9883032441139221
xglm_large,facebook/xglm-2.9B,40,paraphrase,211,0.9867308735847473
xglm_large,facebook/xglm-2.9B,40,paraphrase,212,0.9858172535896301
xglm_large,facebook/xglm-2.9B,40,paraphrase,213,0.9870647192001343
xglm_large,facebook/xglm-2.9B,40,paraphrase,214,0.988438069820404
xglm_large,facebook/xglm-2.9B,40,paraphrase,215,0.9875341653823853
xglm_large,facebook/xglm-2.9B,40,paraphrase,216,0.9838524460792542
xglm_large,facebook/xglm-2.9B,40,paraphrase,217,0.9836037755012512
xglm_large,facebook/xglm-2.9B,40,paraphrase,218,0.9993690252304077
xglm_large,facebook/xglm-2.9B,40,paraphrase,219,0.9874337911605835
xglm_large,facebook/xglm-2.9B,40,paraphrase,220,0.9855522513389587
xglm_large,facebook/xglm-2.9B,40,paraphrase,221,0.9810323119163513
xglm_large,facebook/xglm-2.9B,40,paraphrase,222,0.9870115518569946
xglm_large,facebook/xglm-2.9B,40,paraphrase,223,0.987062394618988
xglm_large,facebook/xglm-2.9B,40,paraphrase,224,0.9850844740867615
xglm_large,facebook/xglm-2.9B,40,paraphrase,225,0.9859943389892578
xglm_large,facebook/xglm-2.9B,40,paraphrase,226,0.9924360513687134
xglm_large,facebook/xglm-2.9B,40,paraphrase,227,0.9895163178443909
xglm_large,facebook/xglm-2.9B,40,paraphrase,228,0.9889301061630249
xglm_large,facebook/xglm-2.9B,40,paraphrase,229,0.9871994853019714
xglm_large,facebook/xglm-2.9B,40,paraphrase,230,0.9898868203163147
xglm_large,facebook/xglm-2.9B,40,paraphrase,231,0.9877881407737732
xglm_large,facebook/xglm-2.9B,40,paraphrase,232,0.9894702434539795
xglm_large,facebook/xglm-2.9B,40,paraphrase,233,0.9831987023353577
xglm_large,facebook/xglm-2.9B,40,paraphrase,234,0.9908806085586548
xglm_large,facebook/xglm-2.9B,40,paraphrase,235,0.9873851537704468
xglm_large,facebook/xglm-2.9B,40,paraphrase,236,0.9876620769500732
xglm_large,facebook/xglm-2.9B,40,paraphrase,237,0.9853289127349854
xglm_large,facebook/xglm-2.9B,40,paraphrase,238,0.9818257689476013
xglm_large,facebook/xglm-2.9B,40,paraphrase,239,0.9911913871765137
xglm_large,facebook/xglm-2.9B,40,paraphrase,240,0.9882519841194153
xglm_large,facebook/xglm-2.9B,40,paraphrase,241,0.985741913318634
xglm_large,facebook/xglm-2.9B,40,paraphrase,242,0.9851707220077515
xglm_large,facebook/xglm-2.9B,40,paraphrase,243,0.9883649349212646
xglm_large,facebook/xglm-2.9B,40,paraphrase,244,0.986943244934082
xglm_large,facebook/xglm-2.9B,40,paraphrase,245,0.9920840859413147
xglm_large,facebook/xglm-2.9B,40,paraphrase,246,0.9883060455322266
xglm_large,facebook/xglm-2.9B,40,paraphrase,247,0.989442765712738
xglm_large,facebook/xglm-2.9B,40,paraphrase,248,0.9894242882728577
xglm_large,facebook/xglm-2.9B,40,paraphrase,249,0.9911871552467346
xglm_large,facebook/xglm-2.9B,40,paraphrase,250,0.9770222902297974
xglm_large,facebook/xglm-2.9B,40,paraphrase,251,0.9892079830169678
xglm_large,facebook/xglm-2.9B,40,paraphrase,252,0.9917048811912537
xglm_large,facebook/xglm-2.9B,40,paraphrase,253,0.984035849571228
xglm_large,facebook/xglm-2.9B,40,paraphrase,254,0.9910752773284912
xglm_large,facebook/xglm-2.9B,40,paraphrase,255,0.9797475337982178
xglm_large,facebook/xglm-2.9B,40,paraphrase,256,0.9834797382354736
xglm_large,facebook/xglm-2.9B,40,paraphrase,257,0.9868394732475281
xglm_large,facebook/xglm-2.9B,40,paraphrase,258,0.9872560501098633
xglm_large,facebook/xglm-2.9B,40,paraphrase,259,0.9901108145713806
xglm_large,facebook/xglm-2.9B,40,paraphrase,260,0.9890983700752258
xglm_large,facebook/xglm-2.9B,40,paraphrase,261,0.9902797341346741
xglm_large,facebook/xglm-2.9B,40,paraphrase,262,0.9844757318496704
xglm_large,facebook/xglm-2.9B,40,paraphrase,263,0.9897918105125427
xglm_large,facebook/xglm-2.9B,40,paraphrase,264,0.988222599029541
xglm_large,facebook/xglm-2.9B,40,paraphrase,265,0.9897299408912659
xglm_large,facebook/xglm-2.9B,40,paraphrase,266,0.9853238463401794
xglm_large,facebook/xglm-2.9B,40,paraphrase,267,0.9853883981704712
xglm_large,facebook/xglm-2.9B,40,paraphrase,268,0.9804021716117859
xglm_large,facebook/xglm-2.9B,40,paraphrase,269,0.9836520552635193
xglm_large,facebook/xglm-2.9B,40,paraphrase,270,0.9867834448814392
xglm_large,facebook/xglm-2.9B,40,paraphrase,271,0.9856217503547668
xglm_large,facebook/xglm-2.9B,40,paraphrase,272,0.9895023107528687
xglm_large,facebook/xglm-2.9B,40,paraphrase,273,0.9872698783874512
xglm_large,facebook/xglm-2.9B,40,paraphrase,274,0.9898451566696167
xglm_large,facebook/xglm-2.9B,40,paraphrase,275,0.9939643144607544
xglm_large,facebook/xglm-2.9B,40,paraphrase,276,0.9915772080421448
xglm_large,facebook/xglm-2.9B,40,paraphrase,277,0.9875184893608093
xglm_large,facebook/xglm-2.9B,40,paraphrase,278,0.9908806681632996
xglm_large,facebook/xglm-2.9B,40,paraphrase,279,0.9848591685295105
xglm_large,facebook/xglm-2.9B,40,paraphrase,280,0.9863163828849792
xglm_large,facebook/xglm-2.9B,40,paraphrase,281,0.9927802681922913
xglm_large,facebook/xglm-2.9B,40,paraphrase,282,0.9896640181541443
xglm_large,facebook/xglm-2.9B,40,paraphrase,283,0.9848141670227051
xglm_large,facebook/xglm-2.9B,40,paraphrase,284,0.9880672693252563
xglm_large,facebook/xglm-2.9B,40,paraphrase,285,0.9870864152908325
xglm_large,facebook/xglm-2.9B,40,paraphrase,286,0.9867806434631348
xglm_large,facebook/xglm-2.9B,40,paraphrase,287,0.9913626909255981
xglm_large,facebook/xglm-2.9B,40,paraphrase,288,0.9850108027458191
xglm_large,facebook/xglm-2.9B,40,paraphrase,289,0.9876583218574524
xglm_large,facebook/xglm-2.9B,40,paraphrase,290,0.9854112267494202
xglm_large,facebook/xglm-2.9B,40,paraphrase,291,0.9906579852104187
xglm_large,facebook/xglm-2.9B,40,paraphrase,292,0.989003598690033
xglm_large,facebook/xglm-2.9B,40,paraphrase,293,0.9954507946968079
xglm_large,facebook/xglm-2.9B,40,paraphrase,294,0.9829078912734985
xglm_large,facebook/xglm-2.9B,40,paraphrase,295,0.9935555458068848
xglm_large,facebook/xglm-2.9B,40,paraphrase,296,0.9887690544128418
xglm_large,facebook/xglm-2.9B,40,paraphrase,297,0.9897131323814392
xglm_large,facebook/xglm-2.9B,40,paraphrase,298,0.9860525131225586
xglm_large,facebook/xglm-2.9B,40,paraphrase,299,0.9875383973121643
xglm_large,facebook/xglm-2.9B,40,paraphrase,300,0.9923158288002014
xglm_large,facebook/xglm-2.9B,40,paraphrase,301,0.9841021299362183
xglm_large,facebook/xglm-2.9B,40,paraphrase,302,0.989070475101471
xglm_large,facebook/xglm-2.9B,40,paraphrase,303,0.9860031008720398
xglm_large,facebook/xglm-2.9B,40,paraphrase,304,0.9884628057479858
xglm_large,facebook/xglm-2.9B,40,paraphrase,305,0.9888986349105835
xglm_large,facebook/xglm-2.9B,40,paraphrase,306,0.9877625703811646
xglm_large,facebook/xglm-2.9B,40,paraphrase,307,0.9910234212875366
xglm_large,facebook/xglm-2.9B,40,paraphrase,308,0.9908609390258789
xglm_large,facebook/xglm-2.9B,40,paraphrase,309,0.9901909232139587
xglm_large,facebook/xglm-2.9B,40,paraphrase,310,0.9929153919219971
xglm_large,facebook/xglm-2.9B,40,paraphrase,311,0.9871699810028076
xglm_large,facebook/xglm-2.9B,40,paraphrase,312,0.9946852922439575
xglm_large,facebook/xglm-2.9B,40,paraphrase,313,0.984107255935669
xglm_large,facebook/xglm-2.9B,40,paraphrase,314,0.9922283291816711
xglm_large,facebook/xglm-2.9B,40,paraphrase,315,0.9905285835266113
xglm_large,facebook/xglm-2.9B,40,paraphrase,316,0.9930265545845032
xglm_large,facebook/xglm-2.9B,40,paraphrase,317,0.9879980683326721
xglm_large,facebook/xglm-2.9B,40,paraphrase,318,0.9895433783531189
xglm_large,facebook/xglm-2.9B,40,paraphrase,319,0.9855279922485352
xglm_large,facebook/xglm-2.9B,40,paraphrase,320,0.990276038646698
xglm_large,facebook/xglm-2.9B,40,paraphrase,321,0.9922937750816345
xglm_large,facebook/xglm-2.9B,40,paraphrase,322,0.9894916415214539
xglm_large,facebook/xglm-2.9B,40,paraphrase,323,0.983529269695282
xglm_large,facebook/xglm-2.9B,40,paraphrase,324,0.9834024310112
xglm_large,facebook/xglm-2.9B,40,paraphrase,325,0.9843320250511169
xglm_large,facebook/xglm-2.9B,40,paraphrase,326,0.9812578558921814
xglm_large,facebook/xglm-2.9B,40,paraphrase,327,0.9860125184059143
xglm_large,facebook/xglm-2.9B,40,paraphrase,328,0.9900145530700684
xglm_large,facebook/xglm-2.9B,40,paraphrase,329,0.9898689389228821
xglm_large,facebook/xglm-2.9B,40,paraphrase,330,0.9904224276542664
xglm_large,facebook/xglm-2.9B,40,paraphrase,331,0.9913042783737183
xglm_large,facebook/xglm-2.9B,40,paraphrase,332,0.9907112121582031
xglm_large,facebook/xglm-2.9B,40,paraphrase,333,0.9896149635314941
xglm_large,facebook/xglm-2.9B,40,paraphrase,334,0.9957318902015686
xglm_large,facebook/xglm-2.9B,40,paraphrase,335,0.9870015382766724
xglm_large,facebook/xglm-2.9B,40,paraphrase,336,0.9917256236076355
xglm_large,facebook/xglm-2.9B,40,paraphrase,337,0.9881159663200378
xglm_large,facebook/xglm-2.9B,40,paraphrase,338,0.9938597083091736
xglm_large,facebook/xglm-2.9B,40,paraphrase,339,0.9854012131690979
xglm_large,facebook/xglm-2.9B,40,paraphrase,340,0.9890875220298767
xglm_large,facebook/xglm-2.9B,40,paraphrase,341,0.9893170595169067
xglm_large,facebook/xglm-2.9B,40,paraphrase,342,0.9862839579582214
xglm_large,facebook/xglm-2.9B,40,paraphrase,343,0.9837968349456787
xglm_large,facebook/xglm-2.9B,40,paraphrase,344,0.9904893636703491
xglm_large,facebook/xglm-2.9B,40,paraphrase,345,0.9868656992912292
xglm_large,facebook/xglm-2.9B,40,paraphrase,346,0.9869921803474426
xglm_large,facebook/xglm-2.9B,40,paraphrase,347,0.9912080764770508
xglm_large,facebook/xglm-2.9B,40,paraphrase,348,0.9867452383041382
xglm_large,facebook/xglm-2.9B,40,paraphrase,349,0.9907890558242798
xglm_large,facebook/xglm-2.9B,40,paraphrase,350,0.9893532395362854
xglm_large,facebook/xglm-2.9B,40,paraphrase,351,0.9899158477783203
xglm_large,facebook/xglm-2.9B,40,paraphrase,352,0.9844028949737549
xglm_large,facebook/xglm-2.9B,40,paraphrase,353,0.9862911701202393
xglm_large,facebook/xglm-2.9B,40,paraphrase,354,0.9912284016609192
xglm_large,facebook/xglm-2.9B,40,paraphrase,355,0.9855821132659912
xglm_large,facebook/xglm-2.9B,40,paraphrase,356,0.9886280298233032
xglm_large,facebook/xglm-2.9B,40,paraphrase,357,0.9917193055152893
xglm_large,facebook/xglm-2.9B,40,paraphrase,358,0.989267110824585
xglm_large,facebook/xglm-2.9B,40,paraphrase,359,0.987188458442688
xglm_large,facebook/xglm-2.9B,40,paraphrase,360,0.9877272844314575
xglm_large,facebook/xglm-2.9B,40,paraphrase,361,0.9880881309509277
xglm_large,facebook/xglm-2.9B,40,paraphrase,362,0.9880111217498779
xglm_large,facebook/xglm-2.9B,40,paraphrase,363,0.9919124245643616
xglm_large,facebook/xglm-2.9B,40,paraphrase,364,0.9885283708572388
xglm_large,facebook/xglm-2.9B,40,paraphrase,365,0.9874260425567627
xglm_large,facebook/xglm-2.9B,40,paraphrase,366,0.9879564642906189
xglm_large,facebook/xglm-2.9B,40,paraphrase,367,0.9890618920326233
xglm_large,facebook/xglm-2.9B,40,paraphrase,368,0.9889200925827026
xglm_large,facebook/xglm-2.9B,40,paraphrase,369,0.9880133271217346
xglm_large,facebook/xglm-2.9B,40,paraphrase,370,0.984288215637207
xglm_large,facebook/xglm-2.9B,40,paraphrase,371,0.9858803749084473
xglm_large,facebook/xglm-2.9B,40,paraphrase,372,0.9913525581359863
xglm_large,facebook/xglm-2.9B,40,paraphrase,373,0.9883465766906738
xglm_large,facebook/xglm-2.9B,40,paraphrase,374,0.985925018787384
xglm_large,facebook/xglm-2.9B,40,paraphrase,375,0.9846220016479492
xglm_large,facebook/xglm-2.9B,40,paraphrase,376,0.9859476089477539
xglm_large,facebook/xglm-2.9B,40,paraphrase,377,0.9888104200363159
xglm_large,facebook/xglm-2.9B,40,paraphrase,378,0.993359386920929
xglm_large,facebook/xglm-2.9B,40,paraphrase,379,0.9859761595726013
xglm_large,facebook/xglm-2.9B,40,paraphrase,380,0.9891383051872253
xglm_large,facebook/xglm-2.9B,40,paraphrase,381,0.9900563359260559
xglm_large,facebook/xglm-2.9B,40,paraphrase,382,0.9820766448974609
xglm_large,facebook/xglm-2.9B,40,paraphrase,383,0.9840496778488159
xglm_large,facebook/xglm-2.9B,40,paraphrase,384,0.9873920679092407
xglm_large,facebook/xglm-2.9B,40,paraphrase,385,0.9817406535148621
xglm_large,facebook/xglm-2.9B,40,paraphrase,386,0.9907779693603516
xglm_large,facebook/xglm-2.9B,40,paraphrase,387,0.9825981855392456
xglm_large,facebook/xglm-2.9B,40,paraphrase,388,0.9859075546264648
xglm_large,facebook/xglm-2.9B,40,paraphrase,389,0.9929220676422119
xglm_large,facebook/xglm-2.9B,40,paraphrase,390,0.9884499907493591
xglm_large,facebook/xglm-2.9B,40,paraphrase,391,0.9863166213035583
xglm_large,facebook/xglm-2.9B,40,paraphrase,392,0.9873364567756653
xglm_large,facebook/xglm-2.9B,40,paraphrase,393,0.9823329448699951
xglm_large,facebook/xglm-2.9B,40,paraphrase,394,0.9852452874183655
xglm_large,facebook/xglm-2.9B,40,paraphrase,395,0.9924180507659912
xglm_large,facebook/xglm-2.9B,40,paraphrase,396,0.992702841758728
xglm_large,facebook/xglm-2.9B,40,paraphrase,397,0.9903562068939209
xglm_large,facebook/xglm-2.9B,40,paraphrase,398,0.9896822571754456
xglm_large,facebook/xglm-2.9B,40,paraphrase,399,0.9870764017105103
xglm_large,facebook/xglm-2.9B,40,paraphrase,400,0.9893102049827576
xglm_large,facebook/xglm-2.9B,40,paraphrase,401,0.9894082546234131
xglm_large,facebook/xglm-2.9B,40,paraphrase,402,0.9927570223808289
xglm_large,facebook/xglm-2.9B,40,paraphrase,403,0.9764536023139954
xglm_large,facebook/xglm-2.9B,40,paraphrase,404,0.9927189946174622
xglm_large,facebook/xglm-2.9B,40,paraphrase,405,0.9893733859062195
xglm_large,facebook/xglm-2.9B,40,paraphrase,406,0.987023651599884
xglm_large,facebook/xglm-2.9B,40,paraphrase,407,0.9889659881591797
xglm_large,facebook/xglm-2.9B,40,paraphrase,408,0.9879849553108215
xglm_large,facebook/xglm-2.9B,40,paraphrase,409,0.9871407747268677
xglm_large,facebook/xglm-2.9B,40,paraphrase,410,0.983775794506073
xglm_large,facebook/xglm-2.9B,40,paraphrase,411,0.9847912192344666
xglm_large,facebook/xglm-2.9B,40,paraphrase,412,0.9934438467025757
xglm_large,facebook/xglm-2.9B,40,paraphrase,413,0.9870184063911438
xglm_large,facebook/xglm-2.9B,40,paraphrase,414,0.9795041084289551
xglm_large,facebook/xglm-2.9B,40,paraphrase,415,0.9904265403747559
xglm_large,facebook/xglm-2.9B,40,paraphrase,416,0.9891337156295776
xglm_large,facebook/xglm-2.9B,40,paraphrase,417,0.9829867482185364
xglm_large,facebook/xglm-2.9B,40,paraphrase,418,0.9901562929153442
xglm_large,facebook/xglm-2.9B,40,paraphrase,419,0.9894402623176575
xglm_large,facebook/xglm-2.9B,40,paraphrase,420,0.9908683896064758
xglm_large,facebook/xglm-2.9B,40,paraphrase,421,0.9917592406272888
xglm_large,facebook/xglm-2.9B,40,paraphrase,422,0.9900420904159546
xglm_large,facebook/xglm-2.9B,40,paraphrase,423,0.9876278042793274
xglm_large,facebook/xglm-2.9B,40,paraphrase,424,0.9834799766540527
xglm_large,facebook/xglm-2.9B,40,paraphrase,425,0.9882621169090271
xglm_large,facebook/xglm-2.9B,40,paraphrase,426,0.9869586229324341
xglm_large,facebook/xglm-2.9B,40,paraphrase,427,0.9887701869010925
xglm_large,facebook/xglm-2.9B,40,paraphrase,428,0.9863885641098022
xglm_large,facebook/xglm-2.9B,40,paraphrase,429,0.9812256693840027
xglm_large,facebook/xglm-2.9B,40,paraphrase,430,0.9819468259811401
xglm_large,facebook/xglm-2.9B,40,paraphrase,431,0.986980676651001
xglm_large,facebook/xglm-2.9B,40,paraphrase,432,0.9887325763702393
xglm_large,facebook/xglm-2.9B,40,paraphrase,433,0.9894794225692749
xglm_large,facebook/xglm-2.9B,40,paraphrase,434,0.99333655834198
xglm_large,facebook/xglm-2.9B,40,paraphrase,435,0.9906711578369141
xglm_large,facebook/xglm-2.9B,40,paraphrase,436,0.991093099117279
xglm_large,facebook/xglm-2.9B,40,paraphrase,437,0.9890267252922058
xglm_large,facebook/xglm-2.9B,40,paraphrase,438,0.9892565608024597
xglm_large,facebook/xglm-2.9B,40,paraphrase,439,0.9802522659301758
xglm_large,facebook/xglm-2.9B,40,paraphrase,440,0.9927801489830017
xglm_large,facebook/xglm-2.9B,40,paraphrase,441,0.9880951642990112
xglm_large,facebook/xglm-2.9B,40,paraphrase,442,0.9894733428955078
xglm_large,facebook/xglm-2.9B,40,paraphrase,443,0.9852641224861145
xglm_large,facebook/xglm-2.9B,40,paraphrase,444,0.9834210872650146
xglm_large,facebook/xglm-2.9B,40,paraphrase,445,0.9869093298912048
xglm_large,facebook/xglm-2.9B,40,paraphrase,446,0.987551748752594
xglm_large,facebook/xglm-2.9B,40,paraphrase,447,0.9936301708221436
xglm_large,facebook/xglm-2.9B,40,paraphrase,448,0.989150881767273
xglm_large,facebook/xglm-2.9B,40,paraphrase,449,0.9855208992958069
xglm_large,facebook/xglm-2.9B,40,paraphrase,450,0.9911227822303772
xglm_large,facebook/xglm-2.9B,40,paraphrase,451,0.9870068430900574
xglm_large,facebook/xglm-2.9B,40,paraphrase,452,0.9910600185394287
xglm_large,facebook/xglm-2.9B,40,paraphrase,453,0.9883902668952942
xglm_large,facebook/xglm-2.9B,40,paraphrase,454,0.98951655626297
xglm_large,facebook/xglm-2.9B,40,paraphrase,455,0.9856728911399841
xglm_large,facebook/xglm-2.9B,40,paraphrase,456,0.9877641797065735
xglm_large,facebook/xglm-2.9B,40,paraphrase,457,0.9908884167671204
xglm_large,facebook/xglm-2.9B,40,paraphrase,458,0.9904627203941345
xglm_large,facebook/xglm-2.9B,40,paraphrase,459,0.9873011708259583
xglm_large,facebook/xglm-2.9B,40,paraphrase,460,0.9881444573402405
xglm_large,facebook/xglm-2.9B,40,paraphrase,461,0.9842072129249573
xglm_large,facebook/xglm-2.9B,40,paraphrase,462,0.9898238182067871
xglm_large,facebook/xglm-2.9B,40,paraphrase,463,0.987837016582489
xglm_large,facebook/xglm-2.9B,40,paraphrase,464,0.9912957549095154
xglm_large,facebook/xglm-2.9B,40,paraphrase,465,0.9831386804580688
xglm_large,facebook/xglm-2.9B,40,paraphrase,466,0.9909589290618896
xglm_large,facebook/xglm-2.9B,40,paraphrase,467,0.9903648495674133
xglm_large,facebook/xglm-2.9B,40,paraphrase,468,0.9913896918296814
xglm_large,facebook/xglm-2.9B,40,paraphrase,469,0.987230658531189
xglm_large,facebook/xglm-2.9B,40,paraphrase,470,0.9914010763168335
xglm_large,facebook/xglm-2.9B,40,paraphrase,471,0.9825233221054077
xglm_large,facebook/xglm-2.9B,40,paraphrase,472,0.9861178398132324
xglm_large,facebook/xglm-2.9B,40,paraphrase,473,0.988468587398529
xglm_large,facebook/xglm-2.9B,40,paraphrase,474,0.9894212484359741
xglm_large,facebook/xglm-2.9B,40,paraphrase,475,0.9921872019767761
xglm_large,facebook/xglm-2.9B,40,paraphrase,476,0.9885289669036865
xglm_large,facebook/xglm-2.9B,40,paraphrase,477,0.987952709197998
xglm_large,facebook/xglm-2.9B,40,paraphrase,478,0.984798789024353
xglm_large,facebook/xglm-2.9B,40,paraphrase,479,0.9863784313201904
xglm_large,facebook/xglm-2.9B,40,paraphrase,480,0.9842864274978638
xglm_large,facebook/xglm-2.9B,40,paraphrase,481,0.9920012354850769
xglm_large,facebook/xglm-2.9B,40,paraphrase,482,0.9902049899101257
xglm_large,facebook/xglm-2.9B,40,paraphrase,483,0.9911782741546631
xglm_large,facebook/xglm-2.9B,40,paraphrase,484,0.9847220778465271
xglm_large,facebook/xglm-2.9B,40,paraphrase,485,0.9854655265808105
xglm_large,facebook/xglm-2.9B,40,paraphrase,486,0.9852749109268188
xglm_large,facebook/xglm-2.9B,40,paraphrase,487,0.9894423484802246
xglm_large,facebook/xglm-2.9B,40,paraphrase,488,0.9892072081565857
xglm_large,facebook/xglm-2.9B,40,paraphrase,489,0.9877816438674927
xglm_large,facebook/xglm-2.9B,40,paraphrase,490,0.9906478524208069
xglm_large,facebook/xglm-2.9B,40,paraphrase,491,0.9886059761047363
xglm_large,facebook/xglm-2.9B,40,paraphrase,492,0.985724925994873
xglm_large,facebook/xglm-2.9B,40,paraphrase,493,0.9897527694702148
xglm_large,facebook/xglm-2.9B,40,paraphrase,494,0.9864046573638916
xglm_large,facebook/xglm-2.9B,40,paraphrase,495,0.9916787147521973
xglm_large,facebook/xglm-2.9B,40,paraphrase,496,0.988675594329834
xglm_large,facebook/xglm-2.9B,40,paraphrase,497,0.9936267733573914
xglm_large,facebook/xglm-2.9B,40,paraphrase,498,0.9863952398300171
xglm_large,facebook/xglm-2.9B,40,paraphrase,499,0.9811858534812927
xglm_large,facebook/xglm-2.9B,40,paraphrase,500,0.9889851212501526
xglm_large,facebook/xglm-2.9B,40,paraphrase,501,0.9880558252334595
xglm_large,facebook/xglm-2.9B,40,paraphrase,502,0.9835844039916992
xglm_large,facebook/xglm-2.9B,40,paraphrase,503,0.98794025182724
xglm_large,facebook/xglm-2.9B,40,paraphrase,504,0.9875835180282593
xglm_large,facebook/xglm-2.9B,40,paraphrase,505,0.989058256149292
xglm_large,facebook/xglm-2.9B,40,paraphrase,506,0.978577196598053
xglm_large,facebook/xglm-2.9B,40,paraphrase,507,0.991295337677002
xglm_large,facebook/xglm-2.9B,40,paraphrase,508,0.980193018913269
xglm_large,facebook/xglm-2.9B,40,paraphrase,509,0.9857337474822998
xglm_large,facebook/xglm-2.9B,40,paraphrase,510,0.9902803897857666
xglm_large,facebook/xglm-2.9B,40,paraphrase,511,0.9903879165649414
xglm_large,facebook/xglm-2.9B,40,paraphrase,512,0.989210307598114
xglm_large,facebook/xglm-2.9B,40,paraphrase,513,0.9891381859779358
xglm_large,facebook/xglm-2.9B,40,paraphrase,514,0.9860069751739502
xglm_large,facebook/xglm-2.9B,40,paraphrase,515,0.9842599630355835
xglm_large,facebook/xglm-2.9B,40,paraphrase,516,0.9869480133056641
xglm_large,facebook/xglm-2.9B,40,paraphrase,517,0.9875640273094177
xglm_large,facebook/xglm-2.9B,40,paraphrase,518,0.9869204163551331
xglm_large,facebook/xglm-2.9B,40,paraphrase,519,0.987838625907898
xglm_large,facebook/xglm-2.9B,40,paraphrase,520,0.9851463437080383
xglm_large,facebook/xglm-2.9B,40,paraphrase,521,0.9908007383346558
xglm_large,facebook/xglm-2.9B,40,paraphrase,522,0.9866303205490112
xglm_large,facebook/xglm-2.9B,40,paraphrase,523,0.9882631301879883
xglm_large,facebook/xglm-2.9B,40,paraphrase,524,0.9911550283432007
xglm_large,facebook/xglm-2.9B,40,paraphrase,525,0.9855135679244995
xglm_large,facebook/xglm-2.9B,40,paraphrase,526,0.9869696497917175
xglm_large,facebook/xglm-2.9B,40,paraphrase,527,0.9884735941886902
xglm_large,facebook/xglm-2.9B,40,paraphrase,528,0.9890323877334595
xglm_large,facebook/xglm-2.9B,40,paraphrase,529,0.9916320443153381
xglm_large,facebook/xglm-2.9B,40,paraphrase,530,0.9883848428726196
xglm_large,facebook/xglm-2.9B,40,paraphrase,531,0.988998293876648
xglm_large,facebook/xglm-2.9B,40,paraphrase,532,0.9868783354759216
xglm_large,facebook/xglm-2.9B,40,paraphrase,533,0.9819034337997437
xglm_large,facebook/xglm-2.9B,40,paraphrase,534,0.9922704696655273
xglm_large,facebook/xglm-2.9B,40,paraphrase,535,0.9891552925109863
xglm_large,facebook/xglm-2.9B,40,paraphrase,536,0.9912826418876648
xglm_large,facebook/xglm-2.9B,40,paraphrase,537,0.9871283769607544
xglm_large,facebook/xglm-2.9B,40,paraphrase,538,0.9882197380065918
xglm_large,facebook/xglm-2.9B,40,paraphrase,539,0.9917064905166626
xglm_large,facebook/xglm-2.9B,40,paraphrase,540,0.9891031980514526
xglm_large,facebook/xglm-2.9B,40,paraphrase,541,0.9851018190383911
xglm_large,facebook/xglm-2.9B,40,paraphrase,542,0.988597571849823
xglm_large,facebook/xglm-2.9B,40,paraphrase,543,0.9787986278533936
xglm_large,facebook/xglm-2.9B,40,paraphrase,544,0.9865848422050476
xglm_large,facebook/xglm-2.9B,40,paraphrase,545,0.9836031198501587
xglm_large,facebook/xglm-2.9B,40,paraphrase,546,0.9921068549156189
xglm_large,facebook/xglm-2.9B,40,paraphrase,547,0.9922264218330383
xglm_large,facebook/xglm-2.9B,40,paraphrase,548,0.9857548475265503
xglm_large,facebook/xglm-2.9B,40,paraphrase,549,0.991872251033783
xglm_large,facebook/xglm-2.9B,40,paraphrase,550,0.9782745838165283
xglm_large,facebook/xglm-2.9B,40,paraphrase,551,0.9864016175270081
xglm_large,facebook/xglm-2.9B,40,paraphrase,552,0.9890037178993225
xglm_large,facebook/xglm-2.9B,40,paraphrase,553,0.9810972809791565
xglm_large,facebook/xglm-2.9B,40,paraphrase,554,0.9890212416648865
xglm_large,facebook/xglm-2.9B,40,paraphrase,555,0.9853000044822693
xglm_large,facebook/xglm-2.9B,40,paraphrase,556,0.9885287284851074
xglm_large,facebook/xglm-2.9B,40,paraphrase,557,0.9883285164833069
xglm_large,facebook/xglm-2.9B,40,paraphrase,558,0.9857425689697266
xglm_large,facebook/xglm-2.9B,40,paraphrase,559,0.9914894104003906
xglm_large,facebook/xglm-2.9B,40,paraphrase,560,0.9913803935050964
xglm_large,facebook/xglm-2.9B,40,paraphrase,561,0.9911138415336609
xglm_large,facebook/xglm-2.9B,40,paraphrase,562,0.986527144908905
xglm_large,facebook/xglm-2.9B,40,paraphrase,563,0.9892640709877014
xglm_large,facebook/xglm-2.9B,40,paraphrase,564,0.9890342354774475
xglm_large,facebook/xglm-2.9B,40,paraphrase,565,0.9932008981704712
xglm_large,facebook/xglm-2.9B,40,paraphrase,566,0.9931955933570862
xglm_large,facebook/xglm-2.9B,40,paraphrase,567,0.9879833459854126
xglm_large,facebook/xglm-2.9B,40,paraphrase,568,0.9837315678596497
xglm_large,facebook/xglm-2.9B,40,paraphrase,569,0.9936556220054626
xglm_large,facebook/xglm-2.9B,40,paraphrase,570,0.9909761548042297
xglm_large,facebook/xglm-2.9B,40,paraphrase,571,0.9931750297546387
xglm_large,facebook/xglm-2.9B,40,paraphrase,572,0.99363774061203
xglm_large,facebook/xglm-2.9B,40,paraphrase,573,0.9905961751937866
xglm_large,facebook/xglm-2.9B,40,paraphrase,574,0.9867165684700012
xglm_large,facebook/xglm-2.9B,40,paraphrase,575,0.9880481958389282
xglm_large,facebook/xglm-2.9B,40,paraphrase,576,0.9875039458274841
xglm_large,facebook/xglm-2.9B,40,paraphrase,577,0.9851137399673462
xglm_large,facebook/xglm-2.9B,40,paraphrase,578,0.9827746152877808
xglm_large,facebook/xglm-2.9B,40,paraphrase,579,0.987785816192627
xglm_large,facebook/xglm-2.9B,40,paraphrase,580,0.989534854888916
xglm_large,facebook/xglm-2.9B,40,paraphrase,581,0.9904348254203796
xglm_large,facebook/xglm-2.9B,40,paraphrase,582,0.9857454299926758
xglm_large,facebook/xglm-2.9B,40,paraphrase,583,0.9930561184883118
xglm_large,facebook/xglm-2.9B,40,paraphrase,584,0.9874328970909119
xglm_large,facebook/xglm-2.9B,40,paraphrase,585,0.9907628893852234
xglm_large,facebook/xglm-2.9B,40,paraphrase,586,0.9885174036026001
xglm_large,facebook/xglm-2.9B,40,paraphrase,587,0.9887384176254272
xglm_large,facebook/xglm-2.9B,40,paraphrase,588,0.9924273490905762
xglm_large,facebook/xglm-2.9B,40,paraphrase,589,0.9875172972679138
xglm_large,facebook/xglm-2.9B,40,paraphrase,590,0.9906201362609863
xglm_large,facebook/xglm-2.9B,40,paraphrase,591,0.985211968421936
xglm_large,facebook/xglm-2.9B,40,paraphrase,592,0.9937037229537964
xglm_large,facebook/xglm-2.9B,40,paraphrase,593,0.9853723645210266
xglm_large,facebook/xglm-2.9B,40,paraphrase,594,0.9904680252075195
xglm_large,facebook/xglm-2.9B,40,paraphrase,595,0.9861218333244324
xglm_large,facebook/xglm-2.9B,40,paraphrase,596,0.9869546890258789
xglm_large,facebook/xglm-2.9B,40,paraphrase,597,0.9926750659942627
xglm_large,facebook/xglm-2.9B,40,paraphrase,598,0.984856367111206
xglm_large,facebook/xglm-2.9B,40,paraphrase,599,0.9896498918533325
xglm_large,facebook/xglm-2.9B,40,paraphrase,600,0.9897334575653076
xglm_large,facebook/xglm-2.9B,40,paraphrase,601,0.9920952916145325
xglm_large,facebook/xglm-2.9B,40,paraphrase,602,0.9905471205711365
xglm_large,facebook/xglm-2.9B,40,paraphrase,603,0.9909995794296265
xglm_large,facebook/xglm-2.9B,40,paraphrase,604,0.9904130101203918
xglm_large,facebook/xglm-2.9B,40,paraphrase,605,0.9843372702598572
xglm_large,facebook/xglm-2.9B,40,paraphrase,606,0.9877141714096069
xglm_large,facebook/xglm-2.9B,40,paraphrase,607,0.9870927333831787
xglm_large,facebook/xglm-2.9B,40,paraphrase,608,0.9828039407730103
xglm_large,facebook/xglm-2.9B,40,paraphrase,609,0.9875567555427551
xglm_large,facebook/xglm-2.9B,40,paraphrase,610,0.9855204224586487
xglm_large,facebook/xglm-2.9B,40,paraphrase,611,0.9878668785095215
xglm_large,facebook/xglm-2.9B,40,paraphrase,612,0.9856992959976196
xglm_large,facebook/xglm-2.9B,40,paraphrase,613,0.9830673933029175
xglm_large,facebook/xglm-2.9B,40,paraphrase,614,0.9879252910614014
xglm_large,facebook/xglm-2.9B,40,paraphrase,615,0.9838173389434814
xglm_large,facebook/xglm-2.9B,40,paraphrase,616,0.9857533574104309
xglm_large,facebook/xglm-2.9B,40,paraphrase,617,0.9849678874015808
xglm_large,facebook/xglm-2.9B,40,paraphrase,618,0.9883268475532532
xglm_large,facebook/xglm-2.9B,40,paraphrase,619,0.9923475980758667
xglm_large,facebook/xglm-2.9B,40,paraphrase,620,0.9861704111099243
xglm_large,facebook/xglm-2.9B,40,paraphrase,621,0.9844540953636169
xglm_large,facebook/xglm-2.9B,40,paraphrase,622,0.9902417659759521
xglm_large,facebook/xglm-2.9B,40,paraphrase,623,0.9986461997032166
xglm_large,facebook/xglm-2.9B,40,paraphrase,624,0.9843787550926208
xglm_large,facebook/xglm-2.9B,40,paraphrase,625,0.9878065586090088
xglm_large,facebook/xglm-2.9B,40,paraphrase,626,0.9910182356834412
xglm_large,facebook/xglm-2.9B,40,1LocalWordSwap,0,0.999683141708374
xglm_large,facebook/xglm-2.9B,40,1LocalWordSwap,1,0.9995920658111572
xglm_large,facebook/xglm-2.9B,40,1LocalWordSwap,2,0.998349130153656
xglm_large,facebook/xglm-2.9B,40,1LocalWordSwap,3,0.9998098015785217
xglm_large,facebook/xglm-2.9B,40,1LocalWordSwap,4,0.9998461008071899
xglm_large,facebook/xglm-2.9B,40,1LocalWordSwap,5,0.9992419481277466
xglm_large,facebook/xglm-2.9B,40,1LocalWordSwap,6,0.999817430973053
xglm_large,facebook/xglm-2.9B,40,1LocalWordSwap,7,0.9998162984848022
xglm_large,facebook/xglm-2.9B,40,1LocalWordSwap,8,0.9997788071632385
xglm_large,facebook/xglm-2.9B,40,1LocalWordSwap,9,0.9993990063667297
xglm_large,facebook/xglm-2.9B,40,1LocalWordSwap,10,0.9998008012771606
xglm_large,facebook/xglm-2.9B,40,1LocalWordSwap,11,0.9997929334640503
xglm_large,facebook/xglm-2.9B,40,1LocalWordSwap,12,0.9995759725570679
xglm_large,facebook/xglm-2.9B,40,1LocalWordSwap,13,0.9996458888053894
xglm_large,facebook/xglm-2.9B,40,1LocalWordSwap,14,0.9987713098526001
xglm_large,facebook/xglm-2.9B,40,1LocalWordSwap,15,0.9999291300773621
xglm_large,facebook/xglm-2.9B,40,1LocalWordSwap,16,0.9995272159576416
xglm_large,facebook/xglm-2.9B,40,1LocalWordSwap,17,0.9996652603149414
xglm_large,facebook/xglm-2.9B,40,1LocalWordSwap,18,0.9996219277381897
xglm_large,facebook/xglm-2.9B,40,1LocalWordSwap,19,0.999708890914917
xglm_large,facebook/xglm-2.9B,40,1LocalWordSwap,20,0.9997499585151672
xglm_large,facebook/xglm-2.9B,40,1LocalWordSwap,21,0.9984365701675415
xglm_large,facebook/xglm-2.9B,40,1LocalWordSwap,22,0.9993101954460144
xglm_large,facebook/xglm-2.9B,40,1LocalWordSwap,23,0.9993884563446045
xglm_large,facebook/xglm-2.9B,40,1LocalWordSwap,24,0.9997285604476929
xglm_large,facebook/xglm-2.9B,40,1LocalWordSwap,25,0.9998967051506042
xglm_large,facebook/xglm-2.9B,40,1LocalWordSwap,26,0.9997659921646118
xglm_large,facebook/xglm-2.9B,40,1LocalWordSwap,27,0.9991669058799744
xglm_large,facebook/xglm-2.9B,40,1LocalWordSwap,28,0.9965002536773682
xglm_large,facebook/xglm-2.9B,40,1LocalWordSwap,29,0.999947726726532
xglm_large,facebook/xglm-2.9B,40,1LocalWordSwap,30,0.9988795518875122
xglm_large,facebook/xglm-2.9B,40,1LocalWordSwap,31,0.9995478391647339
xglm_large,facebook/xglm-2.9B,40,1LocalWordSwap,32,0.9982354044914246
xglm_large,facebook/xglm-2.9B,40,1LocalWordSwap,33,0.9995267391204834
xglm_large,facebook/xglm-2.9B,40,1LocalWordSwap,34,0.9995673894882202
xglm_large,facebook/xglm-2.9B,40,1LocalWordSwap,35,0.9998712539672852
xglm_large,facebook/xglm-2.9B,40,1LocalWordSwap,36,0.9979672431945801
xglm_large,facebook/xglm-2.9B,40,1LocalWordSwap,37,0.9994281530380249
xglm_large,facebook/xglm-2.9B,40,1LocalWordSwap,38,0.9998369216918945
xglm_large,facebook/xglm-2.9B,40,1LocalWordSwap,39,0.9987556338310242
xglm_large,facebook/xglm-2.9B,40,1LocalWordSwap,40,0.9999186992645264
xglm_large,facebook/xglm-2.9B,40,1LocalWordSwap,41,0.9991991519927979
xglm_large,facebook/xglm-2.9B,40,1LocalWordSwap,42,0.9986746311187744
xglm_large,facebook/xglm-2.9B,40,1LocalWordSwap,43,0.9998701214790344
xglm_large,facebook/xglm-2.9B,40,1LocalWordSwap,44,0.9997009038925171
xglm_large,facebook/xglm-2.9B,40,1LocalWordSwap,45,0.9984332919120789
xglm_large,facebook/xglm-2.9B,40,1LocalWordSwap,46,0.9994958639144897
xglm_large,facebook/xglm-2.9B,40,1LocalWordSwap,47,0.9984694719314575
xglm_large,facebook/xglm-2.9B,40,1LocalWordSwap,48,0.9994764924049377
xglm_large,facebook/xglm-2.9B,40,1LocalWordSwap,49,0.9996819496154785
xglm_large,facebook/xglm-2.9B,40,1LocalWordSwap,50,0.9995821714401245
xglm_large,facebook/xglm-2.9B,40,1LocalWordSwap,51,0.9989884495735168
xglm_large,facebook/xglm-2.9B,40,1LocalWordSwap,52,0.9991374015808105
xglm_large,facebook/xglm-2.9B,40,1LocalWordSwap,53,0.999643087387085
xglm_large,facebook/xglm-2.9B,40,1LocalWordSwap,54,0.9987524151802063
xglm_large,facebook/xglm-2.9B,40,1LocalWordSwap,55,0.9999075531959534
xglm_large,facebook/xglm-2.9B,40,1LocalWordSwap,56,0.9994235634803772
xglm_large,facebook/xglm-2.9B,40,1LocalWordSwap,57,0.9997113943099976
xglm_large,facebook/xglm-2.9B,40,1LocalWordSwap,58,0.9974570870399475
xglm_large,facebook/xglm-2.9B,40,1LocalWordSwap,59,0.9995359778404236
xglm_large,facebook/xglm-2.9B,40,1LocalWordSwap,60,0.9999000430107117
xglm_large,facebook/xglm-2.9B,40,1LocalWordSwap,61,0.9998754858970642
xglm_large,facebook/xglm-2.9B,40,1LocalWordSwap,62,0.9982502460479736
xglm_large,facebook/xglm-2.9B,40,1LocalWordSwap,63,0.9997687339782715
xglm_large,facebook/xglm-2.9B,40,1LocalWordSwap,64,0.999464213848114
xglm_large,facebook/xglm-2.9B,40,1LocalWordSwap,65,0.9996715188026428
xglm_large,facebook/xglm-2.9B,40,1LocalWordSwap,66,0.9990063905715942
xglm_large,facebook/xglm-2.9B,40,1LocalWordSwap,67,0.9998011589050293
xglm_large,facebook/xglm-2.9B,40,1LocalWordSwap,68,0.9989935755729675
xglm_large,facebook/xglm-2.9B,40,1LocalWordSwap,69,0.9999032616615295
xglm_large,facebook/xglm-2.9B,40,1LocalWordSwap,70,0.9990899562835693
xglm_large,facebook/xglm-2.9B,40,1LocalWordSwap,71,0.9999478459358215
xglm_large,facebook/xglm-2.9B,40,1LocalWordSwap,72,0.9980164170265198
xglm_large,facebook/xglm-2.9B,40,1LocalWordSwap,73,0.9994116425514221
xglm_large,facebook/xglm-2.9B,40,1LocalWordSwap,74,0.9997686147689819
xglm_large,facebook/xglm-2.9B,40,1LocalWordSwap,75,0.9998738169670105
xglm_large,facebook/xglm-2.9B,40,1LocalWordSwap,76,0.9991316199302673
xglm_large,facebook/xglm-2.9B,40,1LocalWordSwap,77,0.9961315989494324
xglm_large,facebook/xglm-2.9B,40,1LocalWordSwap,78,0.9982102513313293
xglm_large,facebook/xglm-2.9B,40,1LocalWordSwap,79,0.9996337890625
xglm_large,facebook/xglm-2.9B,40,1LocalWordSwap,80,0.99834144115448
xglm_large,facebook/xglm-2.9B,40,1LocalWordSwap,81,0.9991573691368103
xglm_large,facebook/xglm-2.9B,40,1LocalWordSwap,82,0.9993670582771301
xglm_large,facebook/xglm-2.9B,40,1LocalWordSwap,83,0.9997754096984863
xglm_large,facebook/xglm-2.9B,40,1LocalWordSwap,84,0.9994557499885559
xglm_large,facebook/xglm-2.9B,40,1LocalWordSwap,85,0.9980513453483582
xglm_large,facebook/xglm-2.9B,40,1LocalWordSwap,86,0.9997290372848511
xglm_large,facebook/xglm-2.9B,40,1LocalWordSwap,87,0.9982407093048096
xglm_large,facebook/xglm-2.9B,40,1LocalWordSwap,88,0.9955542087554932
xglm_large,facebook/xglm-2.9B,40,1LocalWordSwap,89,0.9994659423828125
xglm_large,facebook/xglm-2.9B,40,1LocalWordSwap,90,0.9998401403427124
xglm_large,facebook/xglm-2.9B,40,1LocalWordSwap,91,0.9997110366821289
xglm_large,facebook/xglm-2.9B,40,1LocalWordSwap,92,0.9997875094413757
xglm_large,facebook/xglm-2.9B,40,1LocalWordSwap,93,0.9998225569725037
xglm_large,facebook/xglm-2.9B,40,1LocalWordSwap,94,0.9961706399917603
xglm_large,facebook/xglm-2.9B,40,1LocalWordSwap,95,0.9979236125946045
xglm_large,facebook/xglm-2.9B,40,1LocalWordSwap,96,0.9976180791854858
xglm_large,facebook/xglm-2.9B,40,1LocalWordSwap,97,0.9992496371269226
xglm_large,facebook/xglm-2.9B,40,1LocalWordSwap,98,0.999885082244873
xglm_large,facebook/xglm-2.9B,40,1LocalWordSwap,99,0.9996841549873352
xglm_large,facebook/xglm-2.9B,40,1LocalWordSwap,100,0.9981203675270081
xglm_large,facebook/xglm-2.9B,40,1LocalWordSwap,101,0.9995348453521729
xglm_large,facebook/xglm-2.9B,40,1LocalWordSwap,102,0.9998916387557983
xglm_large,facebook/xglm-2.9B,40,1LocalWordSwap,103,0.9981284141540527
xglm_large,facebook/xglm-2.9B,40,1LocalWordSwap,104,0.9987425804138184
xglm_large,facebook/xglm-2.9B,40,1LocalWordSwap,105,0.9986013770103455
xglm_large,facebook/xglm-2.9B,40,1LocalWordSwap,106,0.999484658241272
xglm_large,facebook/xglm-2.9B,40,1LocalWordSwap,107,0.9966166019439697
xglm_large,facebook/xglm-2.9B,40,1LocalWordSwap,108,0.9998047351837158
xglm_large,facebook/xglm-2.9B,40,1LocalWordSwap,109,0.9992798566818237
xglm_large,facebook/xglm-2.9B,40,1LocalWordSwap,110,0.9979462623596191
xglm_large,facebook/xglm-2.9B,40,1LocalWordSwap,111,0.9996089935302734
xglm_large,facebook/xglm-2.9B,40,1LocalWordSwap,112,0.9999464750289917
xglm_large,facebook/xglm-2.9B,40,1LocalWordSwap,113,0.9995712041854858
xglm_large,facebook/xglm-2.9B,40,1LocalWordSwap,114,0.998887836933136
xglm_large,facebook/xglm-2.9B,40,1LocalWordSwap,115,0.9998162984848022
xglm_large,facebook/xglm-2.9B,40,1LocalWordSwap,116,0.999494731426239
xglm_large,facebook/xglm-2.9B,40,1LocalWordSwap,117,0.9992901682853699
xglm_large,facebook/xglm-2.9B,40,1LocalWordSwap,118,0.9997734427452087
xglm_large,facebook/xglm-2.9B,40,1LocalWordSwap,119,0.9956237077713013
xglm_large,facebook/xglm-2.9B,40,1LocalWordSwap,120,0.9999366998672485
xglm_large,facebook/xglm-2.9B,40,1LocalWordSwap,121,0.9989471435546875
xglm_large,facebook/xglm-2.9B,40,1LocalWordSwap,122,0.9990033507347107
xglm_large,facebook/xglm-2.9B,40,1LocalWordSwap,123,0.9998255372047424
xglm_large,facebook/xglm-2.9B,40,1LocalWordSwap,124,0.9998997449874878
xglm_large,facebook/xglm-2.9B,40,1LocalWordSwap,125,0.9995823502540588
xglm_large,facebook/xglm-2.9B,40,1LocalWordSwap,126,0.9999405741691589
xglm_large,facebook/xglm-2.9B,40,1LocalWordSwap,127,0.9988405704498291
xglm_large,facebook/xglm-2.9B,40,1LocalWordSwap,128,0.9998054504394531
xglm_large,facebook/xglm-2.9B,40,1LocalWordSwap,129,0.9998448491096497
xglm_large,facebook/xglm-2.9B,40,1LocalWordSwap,130,0.999370276927948
xglm_large,facebook/xglm-2.9B,40,1LocalWordSwap,131,0.9994133710861206
xglm_large,facebook/xglm-2.9B,40,1LocalWordSwap,132,0.9998834133148193
xglm_large,facebook/xglm-2.9B,40,1LocalWordSwap,133,0.9985971450805664
xglm_large,facebook/xglm-2.9B,40,1LocalWordSwap,134,0.9994955658912659
xglm_large,facebook/xglm-2.9B,40,1LocalWordSwap,135,0.998866081237793
xglm_large,facebook/xglm-2.9B,40,1LocalWordSwap,136,0.9998703002929688
xglm_large,facebook/xglm-2.9B,40,1LocalWordSwap,137,0.9999423027038574
xglm_large,facebook/xglm-2.9B,40,1LocalWordSwap,138,0.9996253252029419
xglm_large,facebook/xglm-2.9B,40,1LocalWordSwap,139,0.9997817277908325
xglm_large,facebook/xglm-2.9B,40,1LocalWordSwap,140,0.999785840511322
xglm_large,facebook/xglm-2.9B,40,1LocalWordSwap,141,0.9994480609893799
xglm_large,facebook/xglm-2.9B,40,1LocalWordSwap,142,0.9996381402015686
xglm_large,facebook/xglm-2.9B,40,1LocalWordSwap,143,0.9998782873153687
xglm_large,facebook/xglm-2.9B,40,1LocalWordSwap,144,0.9994708299636841
xglm_large,facebook/xglm-2.9B,40,1LocalWordSwap,145,0.9987025260925293
xglm_large,facebook/xglm-2.9B,40,1LocalWordSwap,146,0.9996468424797058
xglm_large,facebook/xglm-2.9B,40,1LocalWordSwap,147,0.9995943307876587
xglm_large,facebook/xglm-2.9B,40,1LocalWordSwap,148,0.9996663928031921
xglm_large,facebook/xglm-2.9B,40,1LocalWordSwap,149,0.9998621344566345
xglm_large,facebook/xglm-2.9B,40,1LocalWordSwap,150,0.9991294145584106
xglm_large,facebook/xglm-2.9B,40,1LocalWordSwap,151,0.9998594522476196
xglm_large,facebook/xglm-2.9B,40,1LocalWordSwap,152,0.9998317956924438
xglm_large,facebook/xglm-2.9B,40,1LocalWordSwap,153,0.999808669090271
xglm_large,facebook/xglm-2.9B,40,1LocalWordSwap,154,0.999755322933197
xglm_large,facebook/xglm-2.9B,40,1LocalWordSwap,155,0.9997202157974243
xglm_large,facebook/xglm-2.9B,40,1LocalWordSwap,156,0.9995588064193726
xglm_large,facebook/xglm-2.9B,40,1LocalWordSwap,157,0.9998667240142822
xglm_large,facebook/xglm-2.9B,40,1LocalWordSwap,158,0.9994352459907532
xglm_large,facebook/xglm-2.9B,40,1LocalWordSwap,159,0.9997316002845764
xglm_large,facebook/xglm-2.9B,40,1LocalWordSwap,160,0.9997288584709167
xglm_large,facebook/xglm-2.9B,40,1LocalWordSwap,161,0.9990100264549255
xglm_large,facebook/xglm-2.9B,40,1LocalWordSwap,162,0.9990940690040588
xglm_large,facebook/xglm-2.9B,40,1LocalWordSwap,163,0.9994713664054871
xglm_large,facebook/xglm-2.9B,40,1LocalWordSwap,164,0.9996306300163269
xglm_large,facebook/xglm-2.9B,40,1LocalWordSwap,165,0.9997897744178772
xglm_large,facebook/xglm-2.9B,40,1LocalWordSwap,166,0.9989731311798096
xglm_large,facebook/xglm-2.9B,40,1LocalWordSwap,167,0.9989880919456482
xglm_large,facebook/xglm-2.9B,40,1LocalWordSwap,168,0.9998470544815063
xglm_large,facebook/xglm-2.9B,40,1LocalWordSwap,169,0.9998206496238708
xglm_large,facebook/xglm-2.9B,40,1LocalWordSwap,170,0.9998387694358826
xglm_large,facebook/xglm-2.9B,40,1LocalWordSwap,171,0.9998887777328491
xglm_large,facebook/xglm-2.9B,40,1LocalWordSwap,172,0.9999231696128845
xglm_large,facebook/xglm-2.9B,40,1LocalWordSwap,173,0.999755322933197
xglm_large,facebook/xglm-2.9B,40,1LocalWordSwap,174,0.9992115497589111
xglm_large,facebook/xglm-2.9B,40,1LocalWordSwap,175,0.9993890523910522
xglm_large,facebook/xglm-2.9B,40,1LocalWordSwap,176,0.9996570348739624
xglm_large,facebook/xglm-2.9B,40,1LocalWordSwap,177,0.9976262450218201
xglm_large,facebook/xglm-2.9B,40,1LocalWordSwap,178,0.9996866583824158
xglm_large,facebook/xglm-2.9B,40,1LocalWordSwap,179,0.9997122883796692
xglm_large,facebook/xglm-2.9B,40,1LocalWordSwap,180,0.9995929002761841
xglm_large,facebook/xglm-2.9B,40,1LocalWordSwap,181,0.9987664222717285
xglm_large,facebook/xglm-2.9B,40,1LocalWordSwap,182,0.9998721480369568
xglm_large,facebook/xglm-2.9B,40,1LocalWordSwap,183,0.9998129606246948
xglm_large,facebook/xglm-2.9B,40,1LocalWordSwap,184,0.9997155070304871
xglm_large,facebook/xglm-2.9B,40,1LocalWordSwap,185,0.9997107982635498
xglm_large,facebook/xglm-2.9B,40,1LocalWordSwap,186,0.9944982528686523
xglm_large,facebook/xglm-2.9B,40,1LocalWordSwap,187,0.9997293949127197
xglm_large,facebook/xglm-2.9B,40,1LocalWordSwap,188,0.9996960759162903
xglm_large,facebook/xglm-2.9B,40,1LocalWordSwap,189,0.9997250437736511
xglm_large,facebook/xglm-2.9B,40,1LocalWordSwap,190,0.9991480708122253
xglm_large,facebook/xglm-2.9B,40,1LocalWordSwap,191,0.9995112419128418
xglm_large,facebook/xglm-2.9B,40,1LocalWordSwap,192,0.9992116689682007
xglm_large,facebook/xglm-2.9B,40,1LocalWordSwap,193,0.9999110102653503
xglm_large,facebook/xglm-2.9B,40,1LocalWordSwap,194,0.9991776347160339
xglm_large,facebook/xglm-2.9B,40,1LocalWordSwap,195,0.9998347759246826
xglm_large,facebook/xglm-2.9B,40,1LocalWordSwap,196,0.9996976852416992
xglm_large,facebook/xglm-2.9B,40,1LocalWordSwap,197,0.9997703433036804
xglm_large,facebook/xglm-2.9B,40,1LocalWordSwap,198,0.9996988773345947
xglm_large,facebook/xglm-2.9B,40,1LocalWordSwap,199,0.99867182970047
xglm_large,facebook/xglm-2.9B,40,1LocalWordSwap,200,0.9983923435211182
xglm_large,facebook/xglm-2.9B,40,1LocalWordSwap,201,0.999126672744751
xglm_large,facebook/xglm-2.9B,40,1LocalWordSwap,202,0.9999055862426758
xglm_large,facebook/xglm-2.9B,40,1LocalWordSwap,203,0.9966568350791931
xglm_large,facebook/xglm-2.9B,40,1LocalWordSwap,204,0.9999738931655884
xglm_large,facebook/xglm-2.9B,40,1LocalWordSwap,205,0.999840497970581
xglm_large,facebook/xglm-2.9B,40,1LocalWordSwap,206,0.9995359778404236
xglm_large,facebook/xglm-2.9B,40,1LocalWordSwap,207,0.999640166759491
xglm_large,facebook/xglm-2.9B,40,1LocalWordSwap,208,0.9999343752861023
xglm_large,facebook/xglm-2.9B,40,1LocalWordSwap,209,0.9996604919433594
xglm_large,facebook/xglm-2.9B,40,1LocalWordSwap,210,0.9994654655456543
xglm_large,facebook/xglm-2.9B,40,1LocalWordSwap,211,0.9998735785484314
xglm_large,facebook/xglm-2.9B,40,1LocalWordSwap,212,0.9985525012016296
xglm_large,facebook/xglm-2.9B,40,1LocalWordSwap,213,0.9996848106384277
xglm_large,facebook/xglm-2.9B,40,1LocalWordSwap,214,0.999741792678833
xglm_large,facebook/xglm-2.9B,40,1LocalWordSwap,215,0.999688446521759
xglm_large,facebook/xglm-2.9B,40,1LocalWordSwap,216,0.9999200105667114
xglm_large,facebook/xglm-2.9B,40,1LocalWordSwap,217,0.9994135499000549
xglm_large,facebook/xglm-2.9B,40,1LocalWordSwap,218,0.9996350407600403
xglm_large,facebook/xglm-2.9B,40,1LocalWordSwap,219,0.9998840689659119
xglm_large,facebook/xglm-2.9B,40,1LocalWordSwap,220,0.9994208216667175
xglm_large,facebook/xglm-2.9B,40,1LocalWordSwap,221,0.9929563403129578
xglm_large,facebook/xglm-2.9B,40,1LocalWordSwap,222,0.9998199939727783
xglm_large,facebook/xglm-2.9B,40,1LocalWordSwap,223,0.9993646144866943
xglm_large,facebook/xglm-2.9B,40,1LocalWordSwap,224,0.999886155128479
xglm_large,facebook/xglm-2.9B,40,1LocalWordSwap,225,0.9995515942573547
xglm_large,facebook/xglm-2.9B,40,1LocalWordSwap,226,0.9994690418243408
xglm_large,facebook/xglm-2.9B,40,1LocalWordSwap,227,0.9998891353607178
xglm_large,facebook/xglm-2.9B,40,1LocalWordSwap,228,0.9997316598892212
xglm_large,facebook/xglm-2.9B,40,1LocalWordSwap,229,0.9992513060569763
xglm_large,facebook/xglm-2.9B,40,1LocalWordSwap,230,0.9991427659988403
xglm_large,facebook/xglm-2.9B,40,1LocalWordSwap,231,0.9983534812927246
xglm_large,facebook/xglm-2.9B,40,1LocalWordSwap,232,0.9994610548019409
xglm_large,facebook/xglm-2.9B,40,1LocalWordSwap,233,0.9996281266212463
xglm_large,facebook/xglm-2.9B,40,1LocalWordSwap,234,0.9998929500579834
xglm_large,facebook/xglm-2.9B,40,1LocalWordSwap,235,0.9993876814842224
xglm_large,facebook/xglm-2.9B,40,1LocalWordSwap,236,0.9996526837348938
xglm_large,facebook/xglm-2.9B,40,1LocalWordSwap,237,0.9985819458961487
xglm_large,facebook/xglm-2.9B,40,1LocalWordSwap,238,0.9995797872543335
xglm_large,facebook/xglm-2.9B,40,1LocalWordSwap,239,0.9976879954338074
xglm_large,facebook/xglm-2.9B,40,1LocalWordSwap,240,0.9998347163200378
xglm_large,facebook/xglm-2.9B,40,1LocalWordSwap,241,0.9999154210090637
xglm_large,facebook/xglm-2.9B,40,1LocalWordSwap,242,0.9984237551689148
xglm_large,facebook/xglm-2.9B,40,1LocalWordSwap,243,0.9995319843292236
xglm_large,facebook/xglm-2.9B,40,1LocalWordSwap,244,0.9997777342796326
xglm_large,facebook/xglm-2.9B,40,1LocalWordSwap,245,0.9989231824874878
xglm_large,facebook/xglm-2.9B,40,1LocalWordSwap,246,0.999763548374176
xglm_large,facebook/xglm-2.9B,40,1LocalWordSwap,247,0.9990209341049194
xglm_large,facebook/xglm-2.9B,40,1LocalWordSwap,248,0.9996894001960754
xglm_large,facebook/xglm-2.9B,40,1LocalWordSwap,249,0.9999098181724548
xglm_large,facebook/xglm-2.9B,40,1LocalWordSwap,250,0.9969415068626404
xglm_large,facebook/xglm-2.9B,40,1LocalWordSwap,251,0.9998296499252319
xglm_large,facebook/xglm-2.9B,40,1LocalWordSwap,252,0.999889075756073
xglm_large,facebook/xglm-2.9B,40,1LocalWordSwap,253,0.9997163414955139
xglm_large,facebook/xglm-2.9B,40,1LocalWordSwap,254,0.9997749924659729
xglm_large,facebook/xglm-2.9B,40,1LocalWordSwap,255,0.99983811378479
xglm_large,facebook/xglm-2.9B,40,1LocalWordSwap,256,0.9976035356521606
xglm_large,facebook/xglm-2.9B,40,1LocalWordSwap,257,0.9992493391036987
xglm_large,facebook/xglm-2.9B,40,1LocalWordSwap,258,0.9982942938804626
xglm_large,facebook/xglm-2.9B,40,1LocalWordSwap,259,0.9994404315948486
xglm_large,facebook/xglm-2.9B,40,1LocalWordSwap,260,0.999946653842926
xglm_large,facebook/xglm-2.9B,40,1LocalWordSwap,261,0.9984005093574524
xglm_large,facebook/xglm-2.9B,40,1LocalWordSwap,262,0.9980781674385071
xglm_large,facebook/xglm-2.9B,40,1LocalWordSwap,263,0.998309850692749
xglm_large,facebook/xglm-2.9B,40,1LocalWordSwap,264,0.9997279047966003
xglm_large,facebook/xglm-2.9B,40,1LocalWordSwap,265,0.9993261694908142
xglm_large,facebook/xglm-2.9B,40,1LocalWordSwap,266,0.9999301433563232
xglm_large,facebook/xglm-2.9B,40,1LocalWordSwap,267,0.9993241429328918
xglm_large,facebook/xglm-2.9B,40,1LocalWordSwap,268,0.9997443556785583
xglm_large,facebook/xglm-2.9B,40,1LocalWordSwap,269,0.9993947744369507
xglm_large,facebook/xglm-2.9B,40,1LocalWordSwap,270,0.999647855758667
xglm_large,facebook/xglm-2.9B,40,1LocalWordSwap,271,0.9999134540557861
xglm_large,facebook/xglm-2.9B,40,1LocalWordSwap,272,0.9998582005500793
xglm_large,facebook/xglm-2.9B,40,1LocalWordSwap,273,0.9989150762557983
xglm_large,facebook/xglm-2.9B,40,1LocalWordSwap,274,0.9993609189987183
xglm_large,facebook/xglm-2.9B,40,1LocalWordSwap,275,0.9996216297149658
xglm_large,facebook/xglm-2.9B,40,1LocalWordSwap,276,0.9999518394470215
xglm_large,facebook/xglm-2.9B,40,1LocalWordSwap,277,0.9999268651008606
xglm_large,facebook/xglm-2.9B,40,1LocalWordSwap,278,0.9997750520706177
xglm_large,facebook/xglm-2.9B,40,1LocalWordSwap,279,0.9997062683105469
xglm_large,facebook/xglm-2.9B,40,1LocalWordSwap,280,0.9995330572128296
xglm_large,facebook/xglm-2.9B,40,1LocalWordSwap,281,0.9994176626205444
xglm_large,facebook/xglm-2.9B,40,1LocalWordSwap,282,0.9999034404754639
xglm_large,facebook/xglm-2.9B,40,1LocalWordSwap,283,0.9994663000106812
xglm_large,facebook/xglm-2.9B,40,1LocalWordSwap,284,0.9995660185813904
xglm_large,facebook/xglm-2.9B,40,1LocalWordSwap,285,0.9999078512191772
xglm_large,facebook/xglm-2.9B,40,1LocalWordSwap,286,0.9997564554214478
xglm_large,facebook/xglm-2.9B,40,1LocalWordSwap,287,0.9997205138206482
xglm_large,facebook/xglm-2.9B,40,1LocalWordSwap,288,0.9996517300605774
xglm_large,facebook/xglm-2.9B,40,1LocalWordSwap,289,0.9995359182357788
xglm_large,facebook/xglm-2.9B,40,1LocalWordSwap,290,0.9988341331481934
xglm_large,facebook/xglm-2.9B,40,1LocalWordSwap,291,0.9994503259658813
xglm_large,facebook/xglm-2.9B,40,1LocalWordSwap,292,0.9995789527893066
xglm_large,facebook/xglm-2.9B,40,1LocalWordSwap,293,0.9997351169586182
xglm_large,facebook/xglm-2.9B,40,1LocalWordSwap,294,0.9995054602622986
xglm_large,facebook/xglm-2.9B,40,1LocalWordSwap,295,0.9994839429855347
xglm_large,facebook/xglm-2.9B,40,1LocalWordSwap,296,0.9986802339553833
xglm_large,facebook/xglm-2.9B,40,1LocalWordSwap,297,0.9986370205879211
xglm_large,facebook/xglm-2.9B,40,1LocalWordSwap,298,0.9997289776802063
xglm_large,facebook/xglm-2.9B,40,1LocalWordSwap,299,0.999823272228241
xglm_large,facebook/xglm-2.9B,40,1LocalWordSwap,300,0.9982653856277466
xglm_large,facebook/xglm-2.9B,40,1LocalWordSwap,301,0.9999078512191772
xglm_large,facebook/xglm-2.9B,40,1LocalWordSwap,302,0.9997849464416504
xglm_large,facebook/xglm-2.9B,40,1LocalWordSwap,303,0.9999649524688721
xglm_large,facebook/xglm-2.9B,40,1LocalWordSwap,304,0.9996089339256287
xglm_large,facebook/xglm-2.9B,40,1LocalWordSwap,305,0.9996354579925537
xglm_large,facebook/xglm-2.9B,40,1LocalWordSwap,306,0.9985081553459167
xglm_large,facebook/xglm-2.9B,40,1LocalWordSwap,307,0.9994801878929138
xglm_large,facebook/xglm-2.9B,40,1LocalWordSwap,308,0.9988168478012085
xglm_large,facebook/xglm-2.9B,40,1LocalWordSwap,309,0.9995195865631104
xglm_large,facebook/xglm-2.9B,40,1LocalWordSwap,310,0.9998399019241333
xglm_large,facebook/xglm-2.9B,40,1LocalWordSwap,311,0.9995192289352417
xglm_large,facebook/xglm-2.9B,40,1LocalWordSwap,312,0.9997557401657104
xglm_large,facebook/xglm-2.9B,40,1LocalWordSwap,313,0.9998107552528381
xglm_large,facebook/xglm-2.9B,40,1LocalWordSwap,314,0.9996471405029297
xglm_large,facebook/xglm-2.9B,40,1LocalWordSwap,315,0.9996177554130554
xglm_large,facebook/xglm-2.9B,40,1LocalWordSwap,316,0.9996348023414612
xglm_large,facebook/xglm-2.9B,40,1LocalWordSwap,317,0.9990906119346619
xglm_large,facebook/xglm-2.9B,40,1LocalWordSwap,318,0.9996923208236694
xglm_large,facebook/xglm-2.9B,40,1LocalWordSwap,319,0.9989065527915955
xglm_large,facebook/xglm-2.9B,40,1LocalWordSwap,320,0.999869704246521
xglm_large,facebook/xglm-2.9B,40,1LocalWordSwap,321,0.9996647238731384
xglm_large,facebook/xglm-2.9B,40,1LocalWordSwap,322,0.998067319393158
xglm_large,facebook/xglm-2.9B,40,1LocalWordSwap,323,0.9996864199638367
xglm_large,facebook/xglm-2.9B,40,1LocalWordSwap,324,0.9997146129608154
xglm_large,facebook/xglm-2.9B,40,1LocalWordSwap,325,0.9983257055282593
xglm_large,facebook/xglm-2.9B,40,1LocalWordSwap,326,0.9980758428573608
xglm_large,facebook/xglm-2.9B,40,1LocalWordSwap,327,0.999579906463623
xglm_large,facebook/xglm-2.9B,40,1LocalWordSwap,328,0.9998454451560974
xglm_large,facebook/xglm-2.9B,40,1LocalWordSwap,329,0.9992667436599731
xglm_large,facebook/xglm-2.9B,40,1LocalWordSwap,330,0.9997916221618652
xglm_large,facebook/xglm-2.9B,40,1LocalWordSwap,331,0.9996612071990967
xglm_large,facebook/xglm-2.9B,40,1LocalWordSwap,332,0.9982098340988159
xglm_large,facebook/xglm-2.9B,40,1LocalWordSwap,333,0.999897837638855
xglm_large,facebook/xglm-2.9B,40,1LocalWordSwap,334,0.9994301795959473
xglm_large,facebook/xglm-2.9B,40,1LocalWordSwap,335,0.9991785287857056
xglm_large,facebook/xglm-2.9B,40,1LocalWordSwap,336,0.9993610382080078
xglm_large,facebook/xglm-2.9B,40,1LocalWordSwap,337,0.9992295503616333
xglm_large,facebook/xglm-2.9B,40,1LocalWordSwap,338,0.999005913734436
xglm_large,facebook/xglm-2.9B,40,1LocalWordSwap,339,0.9992238283157349
xglm_large,facebook/xglm-2.9B,40,1LocalWordSwap,340,0.9997972249984741
xglm_large,facebook/xglm-2.9B,40,1LocalWordSwap,341,0.999255895614624
xglm_large,facebook/xglm-2.9B,40,1LocalWordSwap,342,0.9995777606964111
xglm_large,facebook/xglm-2.9B,40,1LocalWordSwap,343,0.9998536705970764
xglm_large,facebook/xglm-2.9B,40,1LocalWordSwap,344,0.9985397458076477
xglm_large,facebook/xglm-2.9B,40,1LocalWordSwap,345,0.999786913394928
xglm_large,facebook/xglm-2.9B,40,1LocalWordSwap,346,0.9994858503341675
xglm_large,facebook/xglm-2.9B,40,1LocalWordSwap,347,0.9994348883628845
xglm_large,facebook/xglm-2.9B,40,1LocalWordSwap,348,0.9994036555290222
xglm_large,facebook/xglm-2.9B,40,1LocalWordSwap,349,0.9993597269058228
xglm_large,facebook/xglm-2.9B,40,1LocalWordSwap,350,0.9998869299888611
xglm_large,facebook/xglm-2.9B,40,1LocalWordSwap,351,0.9986468553543091
xglm_large,facebook/xglm-2.9B,40,1LocalWordSwap,352,0.9992032051086426
xglm_large,facebook/xglm-2.9B,40,1LocalWordSwap,353,0.9996042251586914
xglm_large,facebook/xglm-2.9B,40,1LocalWordSwap,354,0.998727023601532
xglm_large,facebook/xglm-2.9B,40,1LocalWordSwap,355,0.9996578693389893
xglm_large,facebook/xglm-2.9B,40,1LocalWordSwap,356,0.9985078573226929
xglm_large,facebook/xglm-2.9B,40,1LocalWordSwap,357,0.9995527267456055
xglm_large,facebook/xglm-2.9B,40,1LocalWordSwap,358,0.9997350573539734
xglm_large,facebook/xglm-2.9B,40,1LocalWordSwap,359,0.9993917346000671
xglm_large,facebook/xglm-2.9B,40,1LocalWordSwap,360,0.9992848038673401
xglm_large,facebook/xglm-2.9B,40,1LocalWordSwap,361,0.999284029006958
xglm_large,facebook/xglm-2.9B,40,1LocalWordSwap,362,0.9998517632484436
xglm_large,facebook/xglm-2.9B,40,1LocalWordSwap,363,0.9999452233314514
xglm_large,facebook/xglm-2.9B,40,1LocalWordSwap,364,0.9996966123580933
xglm_large,facebook/xglm-2.9B,40,1LocalWordSwap,365,0.9996312856674194
xglm_large,facebook/xglm-2.9B,40,1LocalWordSwap,366,0.9999008774757385
xglm_large,facebook/xglm-2.9B,40,1LocalWordSwap,367,0.9988539218902588
xglm_large,facebook/xglm-2.9B,40,1LocalWordSwap,368,0.9997295141220093
xglm_large,facebook/xglm-2.9B,40,1LocalWordSwap,369,0.9995113611221313
xglm_large,facebook/xglm-2.9B,40,1LocalWordSwap,370,0.9998321533203125
xglm_large,facebook/xglm-2.9B,40,1LocalWordSwap,371,0.9997051358222961
xglm_large,facebook/xglm-2.9B,40,1LocalWordSwap,372,0.999684751033783
xglm_large,facebook/xglm-2.9B,40,1LocalWordSwap,373,0.9997284412384033
xglm_large,facebook/xglm-2.9B,40,1LocalWordSwap,374,0.9996244311332703
xglm_large,facebook/xglm-2.9B,40,1LocalWordSwap,375,0.9999079704284668
xglm_large,facebook/xglm-2.9B,40,1LocalWordSwap,376,0.9997164607048035
xglm_large,facebook/xglm-2.9B,40,1LocalWordSwap,377,0.9996376633644104
xglm_large,facebook/xglm-2.9B,40,1LocalWordSwap,378,0.9993950724601746
xglm_large,facebook/xglm-2.9B,40,1LocalWordSwap,379,0.9998599886894226
xglm_large,facebook/xglm-2.9B,40,1LocalWordSwap,380,0.9992650747299194
xglm_large,facebook/xglm-2.9B,40,1LocalWordSwap,381,0.9997759461402893
xglm_large,facebook/xglm-2.9B,40,1LocalWordSwap,382,0.9997217059135437
xglm_large,facebook/xglm-2.9B,40,1LocalWordSwap,383,0.9998626708984375
xglm_large,facebook/xglm-2.9B,40,1LocalWordSwap,384,0.9977563619613647
xglm_large,facebook/xglm-2.9B,40,1LocalWordSwap,385,0.9989873766899109
xglm_large,facebook/xglm-2.9B,40,1LocalWordSwap,386,0.9988002181053162
xglm_large,facebook/xglm-2.9B,40,1LocalWordSwap,387,0.9999222159385681
xglm_large,facebook/xglm-2.9B,40,1LocalWordSwap,388,0.9979804754257202
xglm_large,facebook/xglm-2.9B,40,1LocalWordSwap,389,0.9983559250831604
xglm_large,facebook/xglm-2.9B,40,1LocalWordSwap,390,0.9997440576553345
xglm_large,facebook/xglm-2.9B,40,1LocalWordSwap,391,0.9987139701843262
xglm_large,facebook/xglm-2.9B,40,1LocalWordSwap,392,0.998561680316925
xglm_large,facebook/xglm-2.9B,40,1LocalWordSwap,393,0.9960231184959412
xglm_large,facebook/xglm-2.9B,40,1LocalWordSwap,394,0.9997951984405518
xglm_large,facebook/xglm-2.9B,40,1LocalWordSwap,395,0.9998170137405396
xglm_large,facebook/xglm-2.9B,40,1LocalWordSwap,396,0.9985718727111816
xglm_large,facebook/xglm-2.9B,40,1LocalWordSwap,397,0.9996102452278137
xglm_large,facebook/xglm-2.9B,40,1LocalWordSwap,398,0.9996324181556702
xglm_large,facebook/xglm-2.9B,40,1LocalWordSwap,399,0.9978166222572327
xglm_large,facebook/xglm-2.9B,40,1LocalWordSwap,400,0.9995539784431458
xglm_large,facebook/xglm-2.9B,40,1LocalWordSwap,401,0.999067485332489
xglm_large,facebook/xglm-2.9B,40,1LocalWordSwap,402,0.9997114539146423
xglm_large,facebook/xglm-2.9B,40,1LocalWordSwap,403,0.9997122287750244
xglm_large,facebook/xglm-2.9B,40,1LocalWordSwap,404,0.999870777130127
xglm_large,facebook/xglm-2.9B,40,1LocalWordSwap,405,0.9998880624771118
xglm_large,facebook/xglm-2.9B,40,1LocalWordSwap,406,0.9994978904724121
xglm_large,facebook/xglm-2.9B,40,1LocalWordSwap,407,0.9997435808181763
xglm_large,facebook/xglm-2.9B,40,1LocalWordSwap,408,0.9991588592529297
xglm_large,facebook/xglm-2.9B,40,1LocalWordSwap,409,0.9986366033554077
xglm_large,facebook/xglm-2.9B,40,1LocalWordSwap,410,0.9976828694343567
xglm_large,facebook/xglm-2.9B,40,1LocalWordSwap,411,0.9999492764472961
xglm_large,facebook/xglm-2.9B,40,1LocalWordSwap,412,0.9997740387916565
xglm_large,facebook/xglm-2.9B,40,1LocalWordSwap,413,0.9998623132705688
xglm_large,facebook/xglm-2.9B,40,1LocalWordSwap,414,0.9999256730079651
xglm_large,facebook/xglm-2.9B,40,1LocalWordSwap,415,0.9969092011451721
xglm_large,facebook/xglm-2.9B,40,1LocalWordSwap,416,0.9996266961097717
xglm_large,facebook/xglm-2.9B,40,1LocalWordSwap,417,0.997387707233429
xglm_large,facebook/xglm-2.9B,40,1LocalWordSwap,418,0.9981942176818848
xglm_large,facebook/xglm-2.9B,40,1LocalWordSwap,419,0.9997841119766235
xglm_large,facebook/xglm-2.9B,40,1LocalWordSwap,420,0.9998167753219604
xglm_large,facebook/xglm-2.9B,40,1LocalWordSwap,421,0.998595118522644
xglm_large,facebook/xglm-2.9B,40,1LocalWordSwap,422,0.9998492002487183
xglm_large,facebook/xglm-2.9B,40,1LocalWordSwap,423,0.9999147057533264
xglm_large,facebook/xglm-2.9B,40,1LocalWordSwap,424,0.9998106360435486
xglm_large,facebook/xglm-2.9B,40,1LocalWordSwap,425,0.999150812625885
xglm_large,facebook/xglm-2.9B,40,1LocalWordSwap,426,0.9996618032455444
xglm_large,facebook/xglm-2.9B,40,1LocalWordSwap,427,0.9995853900909424
xglm_large,facebook/xglm-2.9B,40,1LocalWordSwap,428,0.9981670379638672
xglm_large,facebook/xglm-2.9B,40,1LocalWordSwap,429,0.9999261498451233
xglm_large,facebook/xglm-2.9B,40,1LocalWordSwap,430,0.9993721842765808
xglm_large,facebook/xglm-2.9B,40,1LocalWordSwap,431,0.9998126029968262
xglm_large,facebook/xglm-2.9B,40,1LocalWordSwap,432,0.9999194741249084
xglm_large,facebook/xglm-2.9B,40,1LocalWordSwap,433,0.9992669224739075
xglm_large,facebook/xglm-2.9B,40,1LocalWordSwap,434,0.9996826648712158
xglm_large,facebook/xglm-2.9B,40,1LocalWordSwap,435,0.9997007846832275
xglm_large,facebook/xglm-2.9B,40,1LocalWordSwap,436,0.9991891384124756
xglm_large,facebook/xglm-2.9B,40,1LocalWordSwap,437,0.9996748566627502
xglm_large,facebook/xglm-2.9B,40,1LocalWordSwap,438,0.9992048144340515
xglm_large,facebook/xglm-2.9B,40,1LocalWordSwap,439,0.99895179271698
xglm_large,facebook/xglm-2.9B,40,1LocalWordSwap,440,0.9996276497840881
xglm_large,facebook/xglm-2.9B,40,1LocalWordSwap,441,0.9987385869026184
xglm_large,facebook/xglm-2.9B,40,1LocalWordSwap,442,0.9996273517608643
xglm_large,facebook/xglm-2.9B,40,1LocalWordSwap,443,0.9995959997177124
xglm_large,facebook/xglm-2.9B,40,1LocalWordSwap,444,0.9997361302375793
xglm_large,facebook/xglm-2.9B,40,1LocalWordSwap,445,0.999925971031189
xglm_large,facebook/xglm-2.9B,40,1LocalWordSwap,446,0.9996750950813293
xglm_large,facebook/xglm-2.9B,40,1LocalWordSwap,447,0.9988914132118225
xglm_large,facebook/xglm-2.9B,40,1LocalWordSwap,448,0.9998018741607666
xglm_large,facebook/xglm-2.9B,40,1LocalWordSwap,449,0.9998928308486938
xglm_large,facebook/xglm-2.9B,40,1LocalWordSwap,450,0.9997749328613281
xglm_large,facebook/xglm-2.9B,40,1LocalWordSwap,451,0.9997873902320862
xglm_large,facebook/xglm-2.9B,40,1LocalWordSwap,452,0.9988452196121216
xglm_large,facebook/xglm-2.9B,40,1LocalWordSwap,453,0.9998598694801331
xglm_large,facebook/xglm-2.9B,40,1LocalWordSwap,454,0.9997944831848145
xglm_large,facebook/xglm-2.9B,40,1LocalWordSwap,455,0.9999324679374695
xglm_large,facebook/xglm-2.9B,40,1LocalWordSwap,456,0.9998520612716675
xglm_large,facebook/xglm-2.9B,40,1LocalWordSwap,457,0.9988712668418884
xglm_large,facebook/xglm-2.9B,40,1LocalWordSwap,458,0.9995163679122925
xglm_large,facebook/xglm-2.9B,40,1LocalWordSwap,459,0.9993404150009155
xglm_large,facebook/xglm-2.9B,40,1LocalWordSwap,460,0.9999043345451355
xglm_large,facebook/xglm-2.9B,40,1LocalWordSwap,461,0.9994160532951355
xglm_large,facebook/xglm-2.9B,40,1LocalWordSwap,462,0.9984216690063477
xglm_large,facebook/xglm-2.9B,40,1LocalWordSwap,463,0.9978165626525879
xglm_large,facebook/xglm-2.9B,40,1LocalWordSwap,464,0.9996825456619263
xglm_large,facebook/xglm-2.9B,40,1LocalWordSwap,465,0.9997830986976624
xglm_large,facebook/xglm-2.9B,40,1LocalWordSwap,466,0.9997459650039673
xglm_large,facebook/xglm-2.9B,40,1LocalWordSwap,467,0.9999628067016602
xglm_large,facebook/xglm-2.9B,40,1LocalWordSwap,468,0.9996539950370789
xglm_large,facebook/xglm-2.9B,40,1LocalWordSwap,469,0.9971889853477478
xglm_large,facebook/xglm-2.9B,40,1LocalWordSwap,470,0.9971892237663269
xglm_large,facebook/xglm-2.9B,40,1LocalWordSwap,471,0.997452437877655
xglm_large,facebook/xglm-2.9B,40,1LocalWordSwap,472,0.999726414680481
xglm_large,facebook/xglm-2.9B,40,1LocalWordSwap,473,0.9988566040992737
xglm_large,facebook/xglm-2.9B,40,1LocalWordSwap,474,0.9997495412826538
xglm_large,facebook/xglm-2.9B,40,1LocalWordSwap,475,0.9989154934883118
xglm_large,facebook/xglm-2.9B,40,1LocalWordSwap,476,0.9998947978019714
xglm_large,facebook/xglm-2.9B,40,1LocalWordSwap,477,0.9979292154312134
xglm_large,facebook/xglm-2.9B,40,1LocalWordSwap,478,0.9984091520309448
xglm_large,facebook/xglm-2.9B,40,1LocalWordSwap,479,0.998657763004303
xglm_large,facebook/xglm-2.9B,40,1LocalWordSwap,480,0.998001754283905
xglm_large,facebook/xglm-2.9B,40,1LocalWordSwap,481,0.9985616207122803
xglm_large,facebook/xglm-2.9B,40,1LocalWordSwap,482,0.9986656904220581
xglm_large,facebook/xglm-2.9B,40,1LocalWordSwap,483,0.9995673894882202
xglm_large,facebook/xglm-2.9B,40,1LocalWordSwap,484,0.9990248084068298
xglm_large,facebook/xglm-2.9B,40,1LocalWordSwap,485,0.9991083741188049
xglm_large,facebook/xglm-2.9B,40,1LocalWordSwap,486,0.9995869398117065
xglm_large,facebook/xglm-2.9B,40,1LocalWordSwap,487,0.9998694062232971
xglm_large,facebook/xglm-2.9B,40,1LocalWordSwap,488,0.9991573095321655
xglm_large,facebook/xglm-2.9B,40,1LocalWordSwap,489,0.9996282458305359
xglm_large,facebook/xglm-2.9B,40,1LocalWordSwap,490,0.9996867179870605
xglm_large,facebook/xglm-2.9B,40,1LocalWordSwap,491,0.9973394274711609
xglm_large,facebook/xglm-2.9B,40,1LocalWordSwap,492,0.9997329711914062
xglm_large,facebook/xglm-2.9B,40,1LocalWordSwap,493,0.9996649622917175
xglm_large,facebook/xglm-2.9B,40,1LocalWordSwap,494,0.9998026490211487
xglm_large,facebook/xglm-2.9B,40,1LocalWordSwap,495,0.9989916086196899
xglm_large,facebook/xglm-2.9B,40,1LocalWordSwap,496,0.9986838102340698
xglm_large,facebook/xglm-2.9B,40,1LocalWordSwap,497,0.9997249841690063
xglm_large,facebook/xglm-2.9B,40,1LocalWordSwap,498,0.9998009204864502
xglm_large,facebook/xglm-2.9B,40,1LocalWordSwap,499,0.9996851086616516
xglm_large,facebook/xglm-2.9B,40,1LocalWordSwap,500,0.9998502135276794
xglm_large,facebook/xglm-2.9B,40,1LocalWordSwap,501,0.9949576258659363
xglm_large,facebook/xglm-2.9B,40,1LocalWordSwap,502,0.9995831251144409
xglm_large,facebook/xglm-2.9B,40,1LocalWordSwap,503,0.9996575117111206
xglm_large,facebook/xglm-2.9B,40,1LocalWordSwap,504,0.9979002475738525
xglm_large,facebook/xglm-2.9B,40,1LocalWordSwap,505,0.9995397329330444
xglm_large,facebook/xglm-2.9B,40,1LocalWordSwap,506,0.9992266893386841
xglm_large,facebook/xglm-2.9B,40,1LocalWordSwap,507,0.9993482828140259
xglm_large,facebook/xglm-2.9B,40,1LocalWordSwap,508,0.995198667049408
xglm_large,facebook/xglm-2.9B,40,1LocalWordSwap,509,0.9988681077957153
xglm_large,facebook/xglm-2.9B,40,1LocalWordSwap,510,0.9986975193023682
xglm_large,facebook/xglm-2.9B,40,1LocalWordSwap,511,0.9999213814735413
xglm_large,facebook/xglm-2.9B,40,1LocalWordSwap,512,0.9988957643508911
xglm_large,facebook/xglm-2.9B,40,1LocalWordSwap,513,0.9987979531288147
xglm_large,facebook/xglm-2.9B,40,1LocalWordSwap,514,0.9989659190177917
xglm_large,facebook/xglm-2.9B,40,1LocalWordSwap,515,0.9997384548187256
xglm_large,facebook/xglm-2.9B,40,1LocalWordSwap,516,0.9997731447219849
xglm_large,facebook/xglm-2.9B,40,1LocalWordSwap,517,0.9997851848602295
xglm_large,facebook/xglm-2.9B,40,1LocalWordSwap,518,0.9995297193527222
xglm_large,facebook/xglm-2.9B,40,1LocalWordSwap,519,0.9996137619018555
xglm_large,facebook/xglm-2.9B,40,1LocalWordSwap,520,0.999102771282196
xglm_large,facebook/xglm-2.9B,40,1LocalWordSwap,521,0.9994566440582275
xglm_large,facebook/xglm-2.9B,40,1LocalWordSwap,522,0.9993321299552917
xglm_large,facebook/xglm-2.9B,40,1LocalWordSwap,523,0.9994021058082581
xglm_large,facebook/xglm-2.9B,40,1LocalWordSwap,524,0.9996106624603271
xglm_large,facebook/xglm-2.9B,40,1LocalWordSwap,525,0.999836266040802
xglm_large,facebook/xglm-2.9B,40,1LocalWordSwap,526,0.99974524974823
xglm_large,facebook/xglm-2.9B,40,1LocalWordSwap,527,0.9998369216918945
xglm_large,facebook/xglm-2.9B,40,1LocalWordSwap,528,0.9995267987251282
xglm_large,facebook/xglm-2.9B,40,1LocalWordSwap,529,0.999226987361908
xglm_large,facebook/xglm-2.9B,40,1LocalWordSwap,530,0.9998754262924194
xglm_large,facebook/xglm-2.9B,40,1LocalWordSwap,531,0.9994778633117676
xglm_large,facebook/xglm-2.9B,40,1LocalWordSwap,532,0.9988105297088623
xglm_large,facebook/xglm-2.9B,40,1LocalWordSwap,533,0.9998059868812561
xglm_large,facebook/xglm-2.9B,40,1LocalWordSwap,534,0.9999386668205261
xglm_large,facebook/xglm-2.9B,40,1LocalWordSwap,535,0.9999149441719055
xglm_large,facebook/xglm-2.9B,40,1LocalWordSwap,536,0.9992563128471375
xglm_large,facebook/xglm-2.9B,40,1LocalWordSwap,537,0.9998419880867004
xglm_large,facebook/xglm-2.9B,40,1LocalWordSwap,538,0.9983034133911133
xglm_large,facebook/xglm-2.9B,40,1LocalWordSwap,539,0.9996907114982605
xglm_large,facebook/xglm-2.9B,40,1LocalWordSwap,540,0.9993823170661926
xglm_large,facebook/xglm-2.9B,40,1LocalWordSwap,541,0.999704122543335
xglm_large,facebook/xglm-2.9B,40,1LocalWordSwap,542,0.9995267391204834
xglm_large,facebook/xglm-2.9B,40,1LocalWordSwap,543,0.9991244673728943
xglm_large,facebook/xglm-2.9B,40,1LocalWordSwap,544,0.9975680708885193
xglm_large,facebook/xglm-2.9B,40,1LocalWordSwap,545,0.9997755289077759
xglm_large,facebook/xglm-2.9B,40,1LocalWordSwap,546,0.9998642802238464
xglm_large,facebook/xglm-2.9B,40,1LocalWordSwap,547,0.9994988441467285
xglm_large,facebook/xglm-2.9B,40,1LocalWordSwap,548,0.9982395172119141
xglm_large,facebook/xglm-2.9B,40,1LocalWordSwap,549,0.9987694621086121
xglm_large,facebook/xglm-2.9B,40,1LocalWordSwap,550,0.9999006390571594
xglm_large,facebook/xglm-2.9B,40,1LocalWordSwap,551,0.9995908141136169
xglm_large,facebook/xglm-2.9B,40,1LocalWordSwap,552,0.9997407793998718
xglm_large,facebook/xglm-2.9B,40,1LocalWordSwap,553,0.9986261129379272
xglm_large,facebook/xglm-2.9B,40,1LocalWordSwap,554,0.9997944831848145
xglm_large,facebook/xglm-2.9B,40,1LocalWordSwap,555,0.9995324015617371
xglm_large,facebook/xglm-2.9B,40,1LocalWordSwap,556,0.9998276829719543
xglm_large,facebook/xglm-2.9B,40,1LocalWordSwap,557,0.9981198906898499
xglm_large,facebook/xglm-2.9B,40,1LocalWordSwap,558,0.9998916983604431
xglm_large,facebook/xglm-2.9B,40,1LocalWordSwap,559,0.999366044998169
xglm_large,facebook/xglm-2.9B,40,1LocalWordSwap,560,0.999302864074707
xglm_large,facebook/xglm-2.9B,40,1LocalWordSwap,561,0.9996581673622131
xglm_large,facebook/xglm-2.9B,40,1LocalWordSwap,562,0.9994509816169739
xglm_large,facebook/xglm-2.9B,40,1LocalWordSwap,563,0.9990196824073792
xglm_large,facebook/xglm-2.9B,40,1LocalWordSwap,564,0.9981953501701355
xglm_large,facebook/xglm-2.9B,40,1LocalWordSwap,565,0.9989916086196899
xglm_large,facebook/xglm-2.9B,40,1LocalWordSwap,566,0.9988126754760742
xglm_large,facebook/xglm-2.9B,40,1LocalWordSwap,567,0.9986706376075745
xglm_large,facebook/xglm-2.9B,40,1LocalWordSwap,568,0.9986967444419861
xglm_large,facebook/xglm-2.9B,40,1LocalWordSwap,569,0.998875617980957
xglm_large,facebook/xglm-2.9B,40,1LocalWordSwap,570,0.9987471699714661
xglm_large,facebook/xglm-2.9B,40,1LocalWordSwap,571,0.9998801350593567
xglm_large,facebook/xglm-2.9B,40,1LocalWordSwap,572,0.9997604489326477
xglm_large,facebook/xglm-2.9B,40,1LocalWordSwap,573,0.9994156360626221
xglm_large,facebook/xglm-2.9B,40,1LocalWordSwap,574,0.9998656511306763
xglm_large,facebook/xglm-2.9B,40,1LocalWordSwap,575,0.9996763467788696
xglm_large,facebook/xglm-2.9B,40,1LocalWordSwap,576,0.998310923576355
xglm_large,facebook/xglm-2.9B,40,1LocalWordSwap,577,0.999620258808136
xglm_large,facebook/xglm-2.9B,40,1LocalWordSwap,578,0.9998193979263306
xglm_large,facebook/xglm-2.9B,40,1LocalWordSwap,579,0.9994582533836365
xglm_large,facebook/xglm-2.9B,40,1LocalWordSwap,580,0.9993850588798523
xglm_large,facebook/xglm-2.9B,40,1LocalWordSwap,581,0.9977879524230957
xglm_large,facebook/xglm-2.9B,40,1LocalWordSwap,582,0.9999011158943176
xglm_large,facebook/xglm-2.9B,40,1LocalWordSwap,583,0.9997339248657227
xglm_large,facebook/xglm-2.9B,40,1LocalWordSwap,584,0.9997761249542236
xglm_large,facebook/xglm-2.9B,40,1LocalWordSwap,585,0.999052882194519
xglm_large,facebook/xglm-2.9B,40,1LocalWordSwap,586,0.9985474348068237
xglm_large,facebook/xglm-2.9B,40,1LocalWordSwap,587,0.9997097253799438
xglm_large,facebook/xglm-2.9B,40,1LocalWordSwap,588,0.9992012977600098
xglm_large,facebook/xglm-2.9B,40,1LocalWordSwap,589,0.9998303055763245
xglm_large,facebook/xglm-2.9B,40,1LocalWordSwap,590,0.9989969730377197
xglm_large,facebook/xglm-2.9B,40,1LocalWordSwap,591,0.9991057515144348
xglm_large,facebook/xglm-2.9B,40,1LocalWordSwap,592,0.9983411431312561
xglm_large,facebook/xglm-2.9B,40,1LocalWordSwap,593,0.9994805455207825
xglm_large,facebook/xglm-2.9B,40,1LocalWordSwap,594,0.9993186593055725
xglm_large,facebook/xglm-2.9B,40,1LocalWordSwap,595,0.9990475177764893
xglm_large,facebook/xglm-2.9B,40,1LocalWordSwap,596,0.9990781545639038
xglm_large,facebook/xglm-2.9B,40,1LocalWordSwap,597,0.9999125599861145
xglm_large,facebook/xglm-2.9B,40,1LocalWordSwap,598,0.9997177124023438
xglm_large,facebook/xglm-2.9B,40,1LocalWordSwap,599,0.9998432397842407
xglm_large,facebook/xglm-2.9B,40,1LocalWordSwap,600,0.9981597065925598
xglm_large,facebook/xglm-2.9B,40,1LocalWordSwap,601,0.999877393245697
xglm_large,facebook/xglm-2.9B,40,1LocalWordSwap,602,0.9996698498725891
xglm_large,facebook/xglm-2.9B,40,1LocalWordSwap,603,0.9996825456619263
xglm_large,facebook/xglm-2.9B,40,1LocalWordSwap,604,0.9994710087776184
xglm_large,facebook/xglm-2.9B,40,1LocalWordSwap,605,0.9997633099555969
xglm_large,facebook/xglm-2.9B,40,1LocalWordSwap,606,0.9999027252197266
xglm_large,facebook/xglm-2.9B,40,1LocalWordSwap,607,0.9996749758720398
xglm_large,facebook/xglm-2.9B,40,1LocalWordSwap,608,0.999789834022522
xglm_large,facebook/xglm-2.9B,40,1LocalWordSwap,609,0.9975023865699768
xglm_large,facebook/xglm-2.9B,40,1LocalWordSwap,610,0.9995119571685791
xglm_large,facebook/xglm-2.9B,40,1LocalWordSwap,611,0.9996504783630371
xglm_large,facebook/xglm-2.9B,40,1LocalWordSwap,612,0.9999080300331116
xglm_large,facebook/xglm-2.9B,40,1LocalWordSwap,613,0.9994375705718994
xglm_large,facebook/xglm-2.9B,40,1LocalWordSwap,614,0.9997519254684448
xglm_large,facebook/xglm-2.9B,40,1LocalWordSwap,615,0.9997643828392029
xglm_large,facebook/xglm-2.9B,40,1LocalWordSwap,616,0.9999403953552246
xglm_large,facebook/xglm-2.9B,40,1LocalWordSwap,617,0.9999058246612549
xglm_large,facebook/xglm-2.9B,40,1LocalWordSwap,618,0.9992363452911377
xglm_large,facebook/xglm-2.9B,40,1LocalWordSwap,619,0.9998457431793213
xglm_large,facebook/xglm-2.9B,40,1LocalWordSwap,620,0.9992929100990295
xglm_large,facebook/xglm-2.9B,40,1LocalWordSwap,621,0.9985088109970093
xglm_large,facebook/xglm-2.9B,40,1LocalWordSwap,622,0.9992598295211792
xglm_large,facebook/xglm-2.9B,40,1LocalWordSwap,623,0.9990763068199158
xglm_large,facebook/xglm-2.9B,40,1LocalWordSwap,624,0.9993947744369507
xglm_large,facebook/xglm-2.9B,40,1LocalWordSwap,625,0.9998554587364197
xglm_large,facebook/xglm-2.9B,40,1LocalWordSwap,626,0.9987315535545349
xglm_large,facebook/xglm-2.9B,40,2LocalWordSwap,0,0.9993794560432434
xglm_large,facebook/xglm-2.9B,40,2LocalWordSwap,1,0.9996231198310852
xglm_large,facebook/xglm-2.9B,40,2LocalWordSwap,2,0.9981382489204407
xglm_large,facebook/xglm-2.9B,40,2LocalWordSwap,3,0.9991967678070068
xglm_large,facebook/xglm-2.9B,40,2LocalWordSwap,4,0.9997638463973999
xglm_large,facebook/xglm-2.9B,40,2LocalWordSwap,5,0.9994177222251892
xglm_large,facebook/xglm-2.9B,40,2LocalWordSwap,6,0.9983695149421692
xglm_large,facebook/xglm-2.9B,40,2LocalWordSwap,7,0.9998696446418762
xglm_large,facebook/xglm-2.9B,40,2LocalWordSwap,8,0.999178946018219
xglm_large,facebook/xglm-2.9B,40,2LocalWordSwap,9,0.9971050024032593
xglm_large,facebook/xglm-2.9B,40,2LocalWordSwap,10,0.9976620674133301
xglm_large,facebook/xglm-2.9B,40,2LocalWordSwap,11,0.9974011182785034
xglm_large,facebook/xglm-2.9B,40,2LocalWordSwap,12,0.9994456768035889
xglm_large,facebook/xglm-2.9B,40,2LocalWordSwap,13,0.9991074204444885
xglm_large,facebook/xglm-2.9B,40,2LocalWordSwap,14,0.9973311424255371
xglm_large,facebook/xglm-2.9B,40,2LocalWordSwap,15,0.9990437030792236
xglm_large,facebook/xglm-2.9B,40,2LocalWordSwap,16,0.9993369579315186
xglm_large,facebook/xglm-2.9B,40,2LocalWordSwap,17,0.9995644092559814
xglm_large,facebook/xglm-2.9B,40,2LocalWordSwap,18,0.9995871782302856
xglm_large,facebook/xglm-2.9B,40,2LocalWordSwap,19,0.9984326362609863
xglm_large,facebook/xglm-2.9B,40,2LocalWordSwap,20,0.9983231425285339
xglm_large,facebook/xglm-2.9B,40,2LocalWordSwap,21,0.9960698485374451
xglm_large,facebook/xglm-2.9B,40,2LocalWordSwap,22,0.9980067014694214
xglm_large,facebook/xglm-2.9B,40,2LocalWordSwap,23,0.9986859560012817
xglm_large,facebook/xglm-2.9B,40,2LocalWordSwap,24,0.9987520575523376
xglm_large,facebook/xglm-2.9B,40,2LocalWordSwap,25,0.9996771812438965
xglm_large,facebook/xglm-2.9B,40,2LocalWordSwap,26,0.9996695518493652
xglm_large,facebook/xglm-2.9B,40,2LocalWordSwap,27,0.9985824227333069
xglm_large,facebook/xglm-2.9B,40,2LocalWordSwap,28,0.9959354996681213
xglm_large,facebook/xglm-2.9B,40,2LocalWordSwap,29,0.9992979168891907
xglm_large,facebook/xglm-2.9B,40,2LocalWordSwap,30,0.997978150844574
xglm_large,facebook/xglm-2.9B,40,2LocalWordSwap,31,0.9992234706878662
xglm_large,facebook/xglm-2.9B,40,2LocalWordSwap,32,0.9965043663978577
xglm_large,facebook/xglm-2.9B,40,2LocalWordSwap,33,0.9947142004966736
xglm_large,facebook/xglm-2.9B,40,2LocalWordSwap,34,0.9992444515228271
xglm_large,facebook/xglm-2.9B,40,2LocalWordSwap,35,0.9985013604164124
xglm_large,facebook/xglm-2.9B,40,2LocalWordSwap,36,0.9974533319473267
xglm_large,facebook/xglm-2.9B,40,2LocalWordSwap,37,0.9996113181114197
xglm_large,facebook/xglm-2.9B,40,2LocalWordSwap,38,0.9977442026138306
xglm_large,facebook/xglm-2.9B,40,2LocalWordSwap,39,0.9985997676849365
xglm_large,facebook/xglm-2.9B,40,2LocalWordSwap,40,0.998539924621582
xglm_large,facebook/xglm-2.9B,40,2LocalWordSwap,41,0.9990958571434021
xglm_large,facebook/xglm-2.9B,40,2LocalWordSwap,42,0.9981412291526794
xglm_large,facebook/xglm-2.9B,40,2LocalWordSwap,43,0.9989883303642273
xglm_large,facebook/xglm-2.9B,40,2LocalWordSwap,44,0.9981677532196045
xglm_large,facebook/xglm-2.9B,40,2LocalWordSwap,45,0.9982966184616089
xglm_large,facebook/xglm-2.9B,40,2LocalWordSwap,46,0.9979603290557861
xglm_large,facebook/xglm-2.9B,40,2LocalWordSwap,47,0.9983922839164734
xglm_large,facebook/xglm-2.9B,40,2LocalWordSwap,48,0.9992157816886902
xglm_large,facebook/xglm-2.9B,40,2LocalWordSwap,49,0.9974956512451172
xglm_large,facebook/xglm-2.9B,40,2LocalWordSwap,50,0.9995201230049133
xglm_large,facebook/xglm-2.9B,40,2LocalWordSwap,51,0.9982991218566895
xglm_large,facebook/xglm-2.9B,40,2LocalWordSwap,52,0.9988778233528137
xglm_large,facebook/xglm-2.9B,40,2LocalWordSwap,53,0.9993592500686646
xglm_large,facebook/xglm-2.9B,40,2LocalWordSwap,54,0.9984462261199951
xglm_large,facebook/xglm-2.9B,40,2LocalWordSwap,55,0.9997800588607788
xglm_large,facebook/xglm-2.9B,40,2LocalWordSwap,56,0.9989659190177917
xglm_large,facebook/xglm-2.9B,40,2LocalWordSwap,57,0.9995176792144775
xglm_large,facebook/xglm-2.9B,40,2LocalWordSwap,58,0.9960110187530518
xglm_large,facebook/xglm-2.9B,40,2LocalWordSwap,59,0.9992590546607971
xglm_large,facebook/xglm-2.9B,40,2LocalWordSwap,60,0.9991798996925354
xglm_large,facebook/xglm-2.9B,40,2LocalWordSwap,61,0.9994723796844482
xglm_large,facebook/xglm-2.9B,40,2LocalWordSwap,62,0.9977311491966248
xglm_large,facebook/xglm-2.9B,40,2LocalWordSwap,63,0.9995495080947876
xglm_large,facebook/xglm-2.9B,40,2LocalWordSwap,64,0.9989492893218994
xglm_large,facebook/xglm-2.9B,40,2LocalWordSwap,65,0.9992491602897644
xglm_large,facebook/xglm-2.9B,40,2LocalWordSwap,66,0.9989861845970154
xglm_large,facebook/xglm-2.9B,40,2LocalWordSwap,67,0.9981315732002258
xglm_large,facebook/xglm-2.9B,40,2LocalWordSwap,68,0.996671199798584
xglm_large,facebook/xglm-2.9B,40,2LocalWordSwap,69,0.9998511672019958
xglm_large,facebook/xglm-2.9B,40,2LocalWordSwap,70,0.9989582300186157
xglm_large,facebook/xglm-2.9B,40,2LocalWordSwap,71,0.9993074536323547
xglm_large,facebook/xglm-2.9B,40,2LocalWordSwap,72,0.9972401261329651
xglm_large,facebook/xglm-2.9B,40,2LocalWordSwap,73,0.9968236684799194
xglm_large,facebook/xglm-2.9B,40,2LocalWordSwap,74,0.9992982745170593
xglm_large,facebook/xglm-2.9B,40,2LocalWordSwap,75,0.997936487197876
xglm_large,facebook/xglm-2.9B,40,2LocalWordSwap,76,0.9991604089736938
xglm_large,facebook/xglm-2.9B,40,2LocalWordSwap,77,0.9960954785346985
xglm_large,facebook/xglm-2.9B,40,2LocalWordSwap,78,0.9979275465011597
xglm_large,facebook/xglm-2.9B,40,2LocalWordSwap,79,0.998490035533905
xglm_large,facebook/xglm-2.9B,40,2LocalWordSwap,80,0.9973491430282593
xglm_large,facebook/xglm-2.9B,40,2LocalWordSwap,81,0.998845100402832
xglm_large,facebook/xglm-2.9B,40,2LocalWordSwap,82,0.9990881085395813
xglm_large,facebook/xglm-2.9B,40,2LocalWordSwap,83,0.9997091889381409
xglm_large,facebook/xglm-2.9B,40,2LocalWordSwap,84,0.9992058277130127
xglm_large,facebook/xglm-2.9B,40,2LocalWordSwap,85,0.9969912171363831
xglm_large,facebook/xglm-2.9B,40,2LocalWordSwap,86,0.9987335801124573
xglm_large,facebook/xglm-2.9B,40,2LocalWordSwap,87,0.9986714720726013
xglm_large,facebook/xglm-2.9B,40,2LocalWordSwap,88,0.995772123336792
xglm_large,facebook/xglm-2.9B,40,2LocalWordSwap,89,0.9967728853225708
xglm_large,facebook/xglm-2.9B,40,2LocalWordSwap,90,0.9995937943458557
xglm_large,facebook/xglm-2.9B,40,2LocalWordSwap,91,0.998096227645874
xglm_large,facebook/xglm-2.9B,40,2LocalWordSwap,92,0.9991266131401062
xglm_large,facebook/xglm-2.9B,40,2LocalWordSwap,93,0.9995995759963989
xglm_large,facebook/xglm-2.9B,40,2LocalWordSwap,94,0.9929069876670837
xglm_large,facebook/xglm-2.9B,40,2LocalWordSwap,95,0.9975095391273499
xglm_large,facebook/xglm-2.9B,40,2LocalWordSwap,96,0.9974389672279358
xglm_large,facebook/xglm-2.9B,40,2LocalWordSwap,97,0.9992354512214661
xglm_large,facebook/xglm-2.9B,40,2LocalWordSwap,98,0.9994407892227173
xglm_large,facebook/xglm-2.9B,40,2LocalWordSwap,99,0.9983784556388855
xglm_large,facebook/xglm-2.9B,40,2LocalWordSwap,100,0.997408390045166
xglm_large,facebook/xglm-2.9B,40,2LocalWordSwap,101,0.9986467957496643
xglm_large,facebook/xglm-2.9B,40,2LocalWordSwap,102,0.9992036819458008
xglm_large,facebook/xglm-2.9B,40,2LocalWordSwap,103,0.997710645198822
xglm_large,facebook/xglm-2.9B,40,2LocalWordSwap,104,0.9985878467559814
xglm_large,facebook/xglm-2.9B,40,2LocalWordSwap,105,0.9981864094734192
xglm_large,facebook/xglm-2.9B,40,2LocalWordSwap,106,0.9989873766899109
xglm_large,facebook/xglm-2.9B,40,2LocalWordSwap,107,0.9928879141807556
xglm_large,facebook/xglm-2.9B,40,2LocalWordSwap,108,0.9997654557228088
xglm_large,facebook/xglm-2.9B,40,2LocalWordSwap,109,0.9987800121307373
xglm_large,facebook/xglm-2.9B,40,2LocalWordSwap,110,0.9960745573043823
xglm_large,facebook/xglm-2.9B,40,2LocalWordSwap,111,0.9985141754150391
xglm_large,facebook/xglm-2.9B,40,2LocalWordSwap,112,0.9995721578598022
xglm_large,facebook/xglm-2.9B,40,2LocalWordSwap,113,0.9995042681694031
xglm_large,facebook/xglm-2.9B,40,2LocalWordSwap,114,0.998630940914154
xglm_large,facebook/xglm-2.9B,40,2LocalWordSwap,115,0.9988529682159424
xglm_large,facebook/xglm-2.9B,40,2LocalWordSwap,116,0.9991816282272339
xglm_large,facebook/xglm-2.9B,40,2LocalWordSwap,117,0.9974130988121033
xglm_large,facebook/xglm-2.9B,40,2LocalWordSwap,118,0.9997177720069885
xglm_large,facebook/xglm-2.9B,40,2LocalWordSwap,119,0.9950748085975647
xglm_large,facebook/xglm-2.9B,40,2LocalWordSwap,120,0.9994450807571411
xglm_large,facebook/xglm-2.9B,40,2LocalWordSwap,121,0.99824059009552
xglm_large,facebook/xglm-2.9B,40,2LocalWordSwap,122,0.9976479411125183
xglm_large,facebook/xglm-2.9B,40,2LocalWordSwap,123,0.9995200037956238
xglm_large,facebook/xglm-2.9B,40,2LocalWordSwap,124,0.9994396567344666
xglm_large,facebook/xglm-2.9B,40,2LocalWordSwap,125,0.9990589022636414
xglm_large,facebook/xglm-2.9B,40,2LocalWordSwap,126,0.9998129606246948
xglm_large,facebook/xglm-2.9B,40,2LocalWordSwap,127,0.9987505674362183
xglm_large,facebook/xglm-2.9B,40,2LocalWordSwap,128,0.9983712434768677
xglm_large,facebook/xglm-2.9B,40,2LocalWordSwap,129,0.9994858503341675
xglm_large,facebook/xglm-2.9B,40,2LocalWordSwap,130,0.9989585280418396
xglm_large,facebook/xglm-2.9B,40,2LocalWordSwap,131,0.9993184208869934
xglm_large,facebook/xglm-2.9B,40,2LocalWordSwap,132,0.9965797662734985
xglm_large,facebook/xglm-2.9B,40,2LocalWordSwap,133,0.9968217015266418
xglm_large,facebook/xglm-2.9B,40,2LocalWordSwap,134,0.9960401654243469
xglm_large,facebook/xglm-2.9B,40,2LocalWordSwap,135,0.9978440403938293
xglm_large,facebook/xglm-2.9B,40,2LocalWordSwap,136,0.9995684027671814
xglm_large,facebook/xglm-2.9B,40,2LocalWordSwap,137,0.9982731938362122
xglm_large,facebook/xglm-2.9B,40,2LocalWordSwap,138,0.999032735824585
xglm_large,facebook/xglm-2.9B,40,2LocalWordSwap,139,0.9978822469711304
xglm_large,facebook/xglm-2.9B,40,2LocalWordSwap,140,0.9989337921142578
xglm_large,facebook/xglm-2.9B,40,2LocalWordSwap,141,0.9993802905082703
xglm_large,facebook/xglm-2.9B,40,2LocalWordSwap,142,0.9995299577713013
xglm_large,facebook/xglm-2.9B,40,2LocalWordSwap,143,0.999776303768158
xglm_large,facebook/xglm-2.9B,40,2LocalWordSwap,144,0.9972083568572998
xglm_large,facebook/xglm-2.9B,40,2LocalWordSwap,145,0.9984046816825867
xglm_large,facebook/xglm-2.9B,40,2LocalWordSwap,146,0.9989001750946045
xglm_large,facebook/xglm-2.9B,40,2LocalWordSwap,147,0.9986575841903687
xglm_large,facebook/xglm-2.9B,40,2LocalWordSwap,148,0.9994570016860962
xglm_large,facebook/xglm-2.9B,40,2LocalWordSwap,149,0.9995859265327454
xglm_large,facebook/xglm-2.9B,40,2LocalWordSwap,150,0.9986600875854492
xglm_large,facebook/xglm-2.9B,40,2LocalWordSwap,151,0.9991906881332397
xglm_large,facebook/xglm-2.9B,40,2LocalWordSwap,152,0.9995027780532837
xglm_large,facebook/xglm-2.9B,40,2LocalWordSwap,153,0.9988157153129578
xglm_large,facebook/xglm-2.9B,40,2LocalWordSwap,154,0.9995343089103699
xglm_large,facebook/xglm-2.9B,40,2LocalWordSwap,155,0.9988034963607788
xglm_large,facebook/xglm-2.9B,40,2LocalWordSwap,156,0.9983358979225159
xglm_large,facebook/xglm-2.9B,40,2LocalWordSwap,157,0.9974557757377625
xglm_large,facebook/xglm-2.9B,40,2LocalWordSwap,158,0.9965400695800781
xglm_large,facebook/xglm-2.9B,40,2LocalWordSwap,159,0.9992659091949463
xglm_large,facebook/xglm-2.9B,40,2LocalWordSwap,160,0.9997289180755615
xglm_large,facebook/xglm-2.9B,40,2LocalWordSwap,161,0.9978806376457214
xglm_large,facebook/xglm-2.9B,40,2LocalWordSwap,162,0.9941434264183044
xglm_large,facebook/xglm-2.9B,40,2LocalWordSwap,163,0.9991598725318909
xglm_large,facebook/xglm-2.9B,40,2LocalWordSwap,164,0.998343825340271
xglm_large,facebook/xglm-2.9B,40,2LocalWordSwap,165,0.9991312623023987
xglm_large,facebook/xglm-2.9B,40,2LocalWordSwap,166,0.9981339573860168
xglm_large,facebook/xglm-2.9B,40,2LocalWordSwap,167,0.9947612285614014
xglm_large,facebook/xglm-2.9B,40,2LocalWordSwap,168,0.9997453689575195
xglm_large,facebook/xglm-2.9B,40,2LocalWordSwap,169,0.9985862374305725
xglm_large,facebook/xglm-2.9B,40,2LocalWordSwap,170,0.9994080066680908
xglm_large,facebook/xglm-2.9B,40,2LocalWordSwap,171,0.9998380541801453
xglm_large,facebook/xglm-2.9B,40,2LocalWordSwap,172,0.9997791647911072
xglm_large,facebook/xglm-2.9B,40,2LocalWordSwap,173,0.9991880059242249
xglm_large,facebook/xglm-2.9B,40,2LocalWordSwap,174,0.9990904331207275
xglm_large,facebook/xglm-2.9B,40,2LocalWordSwap,175,0.9992890357971191
xglm_large,facebook/xglm-2.9B,40,2LocalWordSwap,176,0.9992674589157104
xglm_large,facebook/xglm-2.9B,40,2LocalWordSwap,177,0.9989407062530518
xglm_large,facebook/xglm-2.9B,40,2LocalWordSwap,178,0.9989479184150696
xglm_large,facebook/xglm-2.9B,40,2LocalWordSwap,179,0.9995622634887695
xglm_large,facebook/xglm-2.9B,40,2LocalWordSwap,180,0.9992992877960205
xglm_large,facebook/xglm-2.9B,40,2LocalWordSwap,181,0.9984442591667175
xglm_large,facebook/xglm-2.9B,40,2LocalWordSwap,182,0.9975233674049377
xglm_large,facebook/xglm-2.9B,40,2LocalWordSwap,183,0.9983588457107544
xglm_large,facebook/xglm-2.9B,40,2LocalWordSwap,184,0.9972325563430786
xglm_large,facebook/xglm-2.9B,40,2LocalWordSwap,185,0.9993413686752319
xglm_large,facebook/xglm-2.9B,40,2LocalWordSwap,186,0.9937162399291992
xglm_large,facebook/xglm-2.9B,40,2LocalWordSwap,187,0.9966335296630859
xglm_large,facebook/xglm-2.9B,40,2LocalWordSwap,188,0.9979215860366821
xglm_large,facebook/xglm-2.9B,40,2LocalWordSwap,189,0.9996238350868225
xglm_large,facebook/xglm-2.9B,40,2LocalWordSwap,190,0.9990653991699219
xglm_large,facebook/xglm-2.9B,40,2LocalWordSwap,191,0.9992066621780396
xglm_large,facebook/xglm-2.9B,40,2LocalWordSwap,192,0.997248113155365
xglm_large,facebook/xglm-2.9B,40,2LocalWordSwap,193,0.999836266040802
xglm_large,facebook/xglm-2.9B,40,2LocalWordSwap,194,0.9969052672386169
xglm_large,facebook/xglm-2.9B,40,2LocalWordSwap,195,0.9987010955810547
xglm_large,facebook/xglm-2.9B,40,2LocalWordSwap,196,0.9984742403030396
xglm_large,facebook/xglm-2.9B,40,2LocalWordSwap,197,0.9995060563087463
xglm_large,facebook/xglm-2.9B,40,2LocalWordSwap,198,0.9995882511138916
xglm_large,facebook/xglm-2.9B,40,2LocalWordSwap,199,0.997574508190155
xglm_large,facebook/xglm-2.9B,40,2LocalWordSwap,200,0.99827641248703
xglm_large,facebook/xglm-2.9B,40,2LocalWordSwap,201,0.9987348318099976
xglm_large,facebook/xglm-2.9B,40,2LocalWordSwap,202,0.9985482692718506
xglm_large,facebook/xglm-2.9B,40,2LocalWordSwap,203,0.9949180483818054
xglm_large,facebook/xglm-2.9B,40,2LocalWordSwap,204,0.9989339113235474
xglm_large,facebook/xglm-2.9B,40,2LocalWordSwap,205,0.999575674533844
xglm_large,facebook/xglm-2.9B,40,2LocalWordSwap,206,0.999175488948822
xglm_large,facebook/xglm-2.9B,40,2LocalWordSwap,207,0.9984538555145264
xglm_large,facebook/xglm-2.9B,40,2LocalWordSwap,208,0.9995546936988831
xglm_large,facebook/xglm-2.9B,40,2LocalWordSwap,209,0.9995326995849609
xglm_large,facebook/xglm-2.9B,40,2LocalWordSwap,210,0.9996964335441589
xglm_large,facebook/xglm-2.9B,40,2LocalWordSwap,211,0.9992401003837585
xglm_large,facebook/xglm-2.9B,40,2LocalWordSwap,212,0.9982991814613342
xglm_large,facebook/xglm-2.9B,40,2LocalWordSwap,213,0.9995846748352051
xglm_large,facebook/xglm-2.9B,40,2LocalWordSwap,214,0.9986892342567444
xglm_large,facebook/xglm-2.9B,40,2LocalWordSwap,215,0.9985201358795166
xglm_large,facebook/xglm-2.9B,40,2LocalWordSwap,216,0.9994744062423706
xglm_large,facebook/xglm-2.9B,40,2LocalWordSwap,217,0.9993118643760681
xglm_large,facebook/xglm-2.9B,40,2LocalWordSwap,218,0.999406099319458
xglm_large,facebook/xglm-2.9B,40,2LocalWordSwap,219,0.9986217617988586
xglm_large,facebook/xglm-2.9B,40,2LocalWordSwap,220,0.9990254640579224
xglm_large,facebook/xglm-2.9B,40,2LocalWordSwap,221,0.9919177293777466
xglm_large,facebook/xglm-2.9B,40,2LocalWordSwap,222,0.997398316860199
xglm_large,facebook/xglm-2.9B,40,2LocalWordSwap,223,0.999146044254303
xglm_large,facebook/xglm-2.9B,40,2LocalWordSwap,224,0.9985525012016296
xglm_large,facebook/xglm-2.9B,40,2LocalWordSwap,225,0.9989309310913086
xglm_large,facebook/xglm-2.9B,40,2LocalWordSwap,226,0.9968734979629517
xglm_large,facebook/xglm-2.9B,40,2LocalWordSwap,227,0.9985879063606262
xglm_large,facebook/xglm-2.9B,40,2LocalWordSwap,228,0.9969044923782349
xglm_large,facebook/xglm-2.9B,40,2LocalWordSwap,229,0.999352753162384
xglm_large,facebook/xglm-2.9B,40,2LocalWordSwap,230,0.9989734888076782
xglm_large,facebook/xglm-2.9B,40,2LocalWordSwap,231,0.9980441927909851
xglm_large,facebook/xglm-2.9B,40,2LocalWordSwap,232,0.9985107779502869
xglm_large,facebook/xglm-2.9B,40,2LocalWordSwap,233,0.999408483505249
xglm_large,facebook/xglm-2.9B,40,2LocalWordSwap,234,0.9998529553413391
xglm_large,facebook/xglm-2.9B,40,2LocalWordSwap,235,0.9984633326530457
xglm_large,facebook/xglm-2.9B,40,2LocalWordSwap,236,0.9995096921920776
xglm_large,facebook/xglm-2.9B,40,2LocalWordSwap,237,0.9976359009742737
xglm_large,facebook/xglm-2.9B,40,2LocalWordSwap,238,0.9992203712463379
xglm_large,facebook/xglm-2.9B,40,2LocalWordSwap,239,0.9962999820709229
xglm_large,facebook/xglm-2.9B,40,2LocalWordSwap,240,0.9993596076965332
xglm_large,facebook/xglm-2.9B,40,2LocalWordSwap,241,0.999911904335022
xglm_large,facebook/xglm-2.9B,40,2LocalWordSwap,242,0.9982012510299683
xglm_large,facebook/xglm-2.9B,40,2LocalWordSwap,243,0.9993521571159363
xglm_large,facebook/xglm-2.9B,40,2LocalWordSwap,244,0.9996757507324219
xglm_large,facebook/xglm-2.9B,40,2LocalWordSwap,245,0.9985955357551575
xglm_large,facebook/xglm-2.9B,40,2LocalWordSwap,246,0.9994729161262512
xglm_large,facebook/xglm-2.9B,40,2LocalWordSwap,247,0.9988704323768616
xglm_large,facebook/xglm-2.9B,40,2LocalWordSwap,248,0.9992469549179077
xglm_large,facebook/xglm-2.9B,40,2LocalWordSwap,249,0.9995332360267639
xglm_large,facebook/xglm-2.9B,40,2LocalWordSwap,250,0.9961971640586853
xglm_large,facebook/xglm-2.9B,40,2LocalWordSwap,251,0.9978972673416138
xglm_large,facebook/xglm-2.9B,40,2LocalWordSwap,252,0.9997515082359314
xglm_large,facebook/xglm-2.9B,40,2LocalWordSwap,253,0.9989376068115234
xglm_large,facebook/xglm-2.9B,40,2LocalWordSwap,254,0.9990898370742798
xglm_large,facebook/xglm-2.9B,40,2LocalWordSwap,255,0.9994522333145142
xglm_large,facebook/xglm-2.9B,40,2LocalWordSwap,256,0.9975872039794922
xglm_large,facebook/xglm-2.9B,40,2LocalWordSwap,257,0.9989485740661621
xglm_large,facebook/xglm-2.9B,40,2LocalWordSwap,258,0.9980059862136841
xglm_large,facebook/xglm-2.9B,40,2LocalWordSwap,259,0.9957828521728516
xglm_large,facebook/xglm-2.9B,40,2LocalWordSwap,260,0.9983535408973694
xglm_large,facebook/xglm-2.9B,40,2LocalWordSwap,261,0.9982912540435791
xglm_large,facebook/xglm-2.9B,40,2LocalWordSwap,262,0.997238278388977
xglm_large,facebook/xglm-2.9B,40,2LocalWordSwap,263,0.9971640706062317
xglm_large,facebook/xglm-2.9B,40,2LocalWordSwap,264,0.9987090826034546
xglm_large,facebook/xglm-2.9B,40,2LocalWordSwap,265,0.9990652203559875
xglm_large,facebook/xglm-2.9B,40,2LocalWordSwap,266,0.9998347759246826
xglm_large,facebook/xglm-2.9B,40,2LocalWordSwap,267,0.9988666772842407
xglm_large,facebook/xglm-2.9B,40,2LocalWordSwap,268,0.9997106194496155
xglm_large,facebook/xglm-2.9B,40,2LocalWordSwap,269,0.9983026385307312
xglm_large,facebook/xglm-2.9B,40,2LocalWordSwap,270,0.9994329810142517
xglm_large,facebook/xglm-2.9B,40,2LocalWordSwap,271,0.9985288381576538
xglm_large,facebook/xglm-2.9B,40,2LocalWordSwap,272,0.9995632171630859
xglm_large,facebook/xglm-2.9B,40,2LocalWordSwap,273,0.9982612729072571
xglm_large,facebook/xglm-2.9B,40,2LocalWordSwap,274,0.9990696310997009
xglm_large,facebook/xglm-2.9B,40,2LocalWordSwap,275,0.9995809197425842
xglm_large,facebook/xglm-2.9B,40,2LocalWordSwap,276,0.999829113483429
xglm_large,facebook/xglm-2.9B,40,2LocalWordSwap,277,0.9992302060127258
xglm_large,facebook/xglm-2.9B,40,2LocalWordSwap,278,0.9995871782302856
xglm_large,facebook/xglm-2.9B,40,2LocalWordSwap,279,0.9978454113006592
xglm_large,facebook/xglm-2.9B,40,2LocalWordSwap,280,0.9991618394851685
xglm_large,facebook/xglm-2.9B,40,2LocalWordSwap,281,0.9977414011955261
xglm_large,facebook/xglm-2.9B,40,2LocalWordSwap,282,0.9989721775054932
xglm_large,facebook/xglm-2.9B,40,2LocalWordSwap,283,0.9994625449180603
xglm_large,facebook/xglm-2.9B,40,2LocalWordSwap,284,0.9994747638702393
xglm_large,facebook/xglm-2.9B,40,2LocalWordSwap,285,0.9994321465492249
xglm_large,facebook/xglm-2.9B,40,2LocalWordSwap,286,0.9983726143836975
xglm_large,facebook/xglm-2.9B,40,2LocalWordSwap,287,0.9994418025016785
xglm_large,facebook/xglm-2.9B,40,2LocalWordSwap,288,0.9994035363197327
xglm_large,facebook/xglm-2.9B,40,2LocalWordSwap,289,0.9991892576217651
xglm_large,facebook/xglm-2.9B,40,2LocalWordSwap,290,0.9980392456054688
xglm_large,facebook/xglm-2.9B,40,2LocalWordSwap,291,0.9965163469314575
xglm_large,facebook/xglm-2.9B,40,2LocalWordSwap,292,0.9984740018844604
xglm_large,facebook/xglm-2.9B,40,2LocalWordSwap,293,0.9998222589492798
xglm_large,facebook/xglm-2.9B,40,2LocalWordSwap,294,0.9988855123519897
xglm_large,facebook/xglm-2.9B,40,2LocalWordSwap,295,0.9992822408676147
xglm_large,facebook/xglm-2.9B,40,2LocalWordSwap,296,0.9971516132354736
xglm_large,facebook/xglm-2.9B,40,2LocalWordSwap,297,0.9975869059562683
xglm_large,facebook/xglm-2.9B,40,2LocalWordSwap,298,0.999339759349823
xglm_large,facebook/xglm-2.9B,40,2LocalWordSwap,299,0.9995916485786438
xglm_large,facebook/xglm-2.9B,40,2LocalWordSwap,300,0.9989290833473206
xglm_large,facebook/xglm-2.9B,40,2LocalWordSwap,301,0.998291552066803
xglm_large,facebook/xglm-2.9B,40,2LocalWordSwap,302,0.998889148235321
xglm_large,facebook/xglm-2.9B,40,2LocalWordSwap,303,0.9980640411376953
xglm_large,facebook/xglm-2.9B,40,2LocalWordSwap,304,0.9984854459762573
xglm_large,facebook/xglm-2.9B,40,2LocalWordSwap,305,0.9984670877456665
xglm_large,facebook/xglm-2.9B,40,2LocalWordSwap,306,0.99931401014328
xglm_large,facebook/xglm-2.9B,40,2LocalWordSwap,307,0.9987708926200867
xglm_large,facebook/xglm-2.9B,40,2LocalWordSwap,308,0.997873067855835
xglm_large,facebook/xglm-2.9B,40,2LocalWordSwap,309,0.9993603229522705
xglm_large,facebook/xglm-2.9B,40,2LocalWordSwap,310,0.9992713928222656
xglm_large,facebook/xglm-2.9B,40,2LocalWordSwap,311,0.9984172582626343
xglm_large,facebook/xglm-2.9B,40,2LocalWordSwap,312,0.9991496205329895
xglm_large,facebook/xglm-2.9B,40,2LocalWordSwap,313,0.99820876121521
xglm_large,facebook/xglm-2.9B,40,2LocalWordSwap,314,0.9993269443511963
xglm_large,facebook/xglm-2.9B,40,2LocalWordSwap,315,0.9975223541259766
xglm_large,facebook/xglm-2.9B,40,2LocalWordSwap,316,0.9993538856506348
xglm_large,facebook/xglm-2.9B,40,2LocalWordSwap,317,0.9986945390701294
xglm_large,facebook/xglm-2.9B,40,2LocalWordSwap,318,0.9972249269485474
xglm_large,facebook/xglm-2.9B,40,2LocalWordSwap,319,0.9987325072288513
xglm_large,facebook/xglm-2.9B,40,2LocalWordSwap,320,0.999721109867096
xglm_large,facebook/xglm-2.9B,40,2LocalWordSwap,321,0.9993104934692383
xglm_large,facebook/xglm-2.9B,40,2LocalWordSwap,322,0.9974122643470764
xglm_large,facebook/xglm-2.9B,40,2LocalWordSwap,323,0.9993887543678284
xglm_large,facebook/xglm-2.9B,40,2LocalWordSwap,324,0.9996773600578308
xglm_large,facebook/xglm-2.9B,40,2LocalWordSwap,325,0.9975883364677429
xglm_large,facebook/xglm-2.9B,40,2LocalWordSwap,326,0.9968551397323608
xglm_large,facebook/xglm-2.9B,40,2LocalWordSwap,327,0.9975435137748718
xglm_large,facebook/xglm-2.9B,40,2LocalWordSwap,328,0.999344527721405
xglm_large,facebook/xglm-2.9B,40,2LocalWordSwap,329,0.9978258609771729
xglm_large,facebook/xglm-2.9B,40,2LocalWordSwap,330,0.9966431856155396
xglm_large,facebook/xglm-2.9B,40,2LocalWordSwap,331,0.9964784383773804
xglm_large,facebook/xglm-2.9B,40,2LocalWordSwap,332,0.9981123805046082
xglm_large,facebook/xglm-2.9B,40,2LocalWordSwap,333,0.9989668726921082
xglm_large,facebook/xglm-2.9B,40,2LocalWordSwap,334,0.9946577548980713
xglm_large,facebook/xglm-2.9B,40,2LocalWordSwap,335,0.998697817325592
xglm_large,facebook/xglm-2.9B,40,2LocalWordSwap,336,0.9992141127586365
xglm_large,facebook/xglm-2.9B,40,2LocalWordSwap,337,0.9983370304107666
xglm_large,facebook/xglm-2.9B,40,2LocalWordSwap,338,0.9985530376434326
xglm_large,facebook/xglm-2.9B,40,2LocalWordSwap,339,0.9970104098320007
xglm_large,facebook/xglm-2.9B,40,2LocalWordSwap,340,0.9996695518493652
xglm_large,facebook/xglm-2.9B,40,2LocalWordSwap,341,0.9980125427246094
xglm_large,facebook/xglm-2.9B,40,2LocalWordSwap,342,0.9985044002532959
xglm_large,facebook/xglm-2.9B,40,2LocalWordSwap,343,0.9993236660957336
xglm_large,facebook/xglm-2.9B,40,2LocalWordSwap,344,0.9981951117515564
xglm_large,facebook/xglm-2.9B,40,2LocalWordSwap,345,0.999768078327179
xglm_large,facebook/xglm-2.9B,40,2LocalWordSwap,346,0.9993316531181335
xglm_large,facebook/xglm-2.9B,40,2LocalWordSwap,347,0.9996954798698425
xglm_large,facebook/xglm-2.9B,40,2LocalWordSwap,348,0.9992077946662903
xglm_large,facebook/xglm-2.9B,40,2LocalWordSwap,349,0.9989567399024963
xglm_large,facebook/xglm-2.9B,40,2LocalWordSwap,350,0.999187707901001
xglm_large,facebook/xglm-2.9B,40,2LocalWordSwap,351,0.9983746409416199
xglm_large,facebook/xglm-2.9B,40,2LocalWordSwap,352,0.9972754716873169
xglm_large,facebook/xglm-2.9B,40,2LocalWordSwap,353,0.9996166825294495
xglm_large,facebook/xglm-2.9B,40,2LocalWordSwap,354,0.9970123171806335
xglm_large,facebook/xglm-2.9B,40,2LocalWordSwap,355,0.9995536208152771
xglm_large,facebook/xglm-2.9B,40,2LocalWordSwap,356,0.9988182783126831
xglm_large,facebook/xglm-2.9B,40,2LocalWordSwap,357,0.9951409101486206
xglm_large,facebook/xglm-2.9B,40,2LocalWordSwap,358,0.9997311234474182
xglm_large,facebook/xglm-2.9B,40,2LocalWordSwap,359,0.9978967308998108
xglm_large,facebook/xglm-2.9B,40,2LocalWordSwap,360,0.9996654987335205
xglm_large,facebook/xglm-2.9B,40,2LocalWordSwap,361,0.999180793762207
xglm_large,facebook/xglm-2.9B,40,2LocalWordSwap,362,0.9993003010749817
xglm_large,facebook/xglm-2.9B,40,2LocalWordSwap,363,0.9997168779373169
xglm_large,facebook/xglm-2.9B,40,2LocalWordSwap,364,0.998904287815094
xglm_large,facebook/xglm-2.9B,40,2LocalWordSwap,365,0.9976632595062256
xglm_large,facebook/xglm-2.9B,40,2LocalWordSwap,366,0.9992192983627319
xglm_large,facebook/xglm-2.9B,40,2LocalWordSwap,367,0.9980915784835815
xglm_large,facebook/xglm-2.9B,40,2LocalWordSwap,368,0.9997698664665222
xglm_large,facebook/xglm-2.9B,40,2LocalWordSwap,369,0.9994240403175354
xglm_large,facebook/xglm-2.9B,40,2LocalWordSwap,370,0.9997280240058899
xglm_large,facebook/xglm-2.9B,40,2LocalWordSwap,371,0.9992495775222778
xglm_large,facebook/xglm-2.9B,40,2LocalWordSwap,372,0.9994643330574036
xglm_large,facebook/xglm-2.9B,40,2LocalWordSwap,373,0.9976754188537598
xglm_large,facebook/xglm-2.9B,40,2LocalWordSwap,374,0.9979332089424133
xglm_large,facebook/xglm-2.9B,40,2LocalWordSwap,375,0.9995978474617004
xglm_large,facebook/xglm-2.9B,40,2LocalWordSwap,376,0.9994868636131287
xglm_large,facebook/xglm-2.9B,40,2LocalWordSwap,377,0.9977380037307739
xglm_large,facebook/xglm-2.9B,40,2LocalWordSwap,378,0.9956017732620239
xglm_large,facebook/xglm-2.9B,40,2LocalWordSwap,379,0.9993026256561279
xglm_large,facebook/xglm-2.9B,40,2LocalWordSwap,380,0.9973856210708618
xglm_large,facebook/xglm-2.9B,40,2LocalWordSwap,381,0.9994895458221436
xglm_large,facebook/xglm-2.9B,40,2LocalWordSwap,382,0.9996262788772583
xglm_large,facebook/xglm-2.9B,40,2LocalWordSwap,383,0.9997460842132568
xglm_large,facebook/xglm-2.9B,40,2LocalWordSwap,384,0.996369481086731
xglm_large,facebook/xglm-2.9B,40,2LocalWordSwap,385,0.9979418516159058
xglm_large,facebook/xglm-2.9B,40,2LocalWordSwap,386,0.9979398846626282
xglm_large,facebook/xglm-2.9B,40,2LocalWordSwap,387,0.9997180700302124
xglm_large,facebook/xglm-2.9B,40,2LocalWordSwap,388,0.9977463483810425
xglm_large,facebook/xglm-2.9B,40,2LocalWordSwap,389,0.9959173798561096
xglm_large,facebook/xglm-2.9B,40,2LocalWordSwap,390,0.9989343881607056
xglm_large,facebook/xglm-2.9B,40,2LocalWordSwap,391,0.9978625774383545
xglm_large,facebook/xglm-2.9B,40,2LocalWordSwap,392,0.9984962940216064
xglm_large,facebook/xglm-2.9B,40,2LocalWordSwap,393,0.9955278038978577
xglm_large,facebook/xglm-2.9B,40,2LocalWordSwap,394,0.996924877166748
xglm_large,facebook/xglm-2.9B,40,2LocalWordSwap,395,0.9992779493331909
xglm_large,facebook/xglm-2.9B,40,2LocalWordSwap,396,0.9982042908668518
xglm_large,facebook/xglm-2.9B,40,2LocalWordSwap,397,0.999477207660675
xglm_large,facebook/xglm-2.9B,40,2LocalWordSwap,398,0.998018205165863
xglm_large,facebook/xglm-2.9B,40,2LocalWordSwap,399,0.9975568652153015
xglm_large,facebook/xglm-2.9B,40,2LocalWordSwap,400,0.9994621276855469
xglm_large,facebook/xglm-2.9B,40,2LocalWordSwap,401,0.9985520243644714
xglm_large,facebook/xglm-2.9B,40,2LocalWordSwap,402,0.999061107635498
xglm_large,facebook/xglm-2.9B,40,2LocalWordSwap,403,0.9993802309036255
xglm_large,facebook/xglm-2.9B,40,2LocalWordSwap,404,0.9974402785301208
xglm_large,facebook/xglm-2.9B,40,2LocalWordSwap,405,0.9994404315948486
xglm_large,facebook/xglm-2.9B,40,2LocalWordSwap,406,0.9993299841880798
xglm_large,facebook/xglm-2.9B,40,2LocalWordSwap,407,0.999651312828064
xglm_large,facebook/xglm-2.9B,40,2LocalWordSwap,408,0.999055027961731
xglm_large,facebook/xglm-2.9B,40,2LocalWordSwap,409,0.9971392154693604
xglm_large,facebook/xglm-2.9B,40,2LocalWordSwap,410,0.9975327849388123
xglm_large,facebook/xglm-2.9B,40,2LocalWordSwap,411,0.9961224794387817
xglm_large,facebook/xglm-2.9B,40,2LocalWordSwap,412,0.9984064102172852
xglm_large,facebook/xglm-2.9B,40,2LocalWordSwap,413,0.9982117414474487
xglm_large,facebook/xglm-2.9B,40,2LocalWordSwap,414,0.9998049139976501
xglm_large,facebook/xglm-2.9B,40,2LocalWordSwap,415,0.991326630115509
xglm_large,facebook/xglm-2.9B,40,2LocalWordSwap,416,0.999462366104126
xglm_large,facebook/xglm-2.9B,40,2LocalWordSwap,417,0.995343804359436
xglm_large,facebook/xglm-2.9B,40,2LocalWordSwap,418,0.99951171875
xglm_large,facebook/xglm-2.9B,40,2LocalWordSwap,419,0.9987748265266418
xglm_large,facebook/xglm-2.9B,40,2LocalWordSwap,420,0.9996042251586914
xglm_large,facebook/xglm-2.9B,40,2LocalWordSwap,421,0.9983235001564026
xglm_large,facebook/xglm-2.9B,40,2LocalWordSwap,422,0.9987456798553467
xglm_large,facebook/xglm-2.9B,40,2LocalWordSwap,423,0.9997258186340332
xglm_large,facebook/xglm-2.9B,40,2LocalWordSwap,424,0.9998275637626648
xglm_large,facebook/xglm-2.9B,40,2LocalWordSwap,425,0.9976206421852112
xglm_large,facebook/xglm-2.9B,40,2LocalWordSwap,426,0.9979084134101868
xglm_large,facebook/xglm-2.9B,40,2LocalWordSwap,427,0.9993071556091309
xglm_large,facebook/xglm-2.9B,40,2LocalWordSwap,428,0.997938871383667
xglm_large,facebook/xglm-2.9B,40,2LocalWordSwap,429,0.9997207522392273
xglm_large,facebook/xglm-2.9B,40,2LocalWordSwap,430,0.999090850353241
xglm_large,facebook/xglm-2.9B,40,2LocalWordSwap,431,0.9998103380203247
xglm_large,facebook/xglm-2.9B,40,2LocalWordSwap,432,0.9997314214706421
xglm_large,facebook/xglm-2.9B,40,2LocalWordSwap,433,0.9990876317024231
xglm_large,facebook/xglm-2.9B,40,2LocalWordSwap,434,0.9993677139282227
xglm_large,facebook/xglm-2.9B,40,2LocalWordSwap,435,0.9990553855895996
xglm_large,facebook/xglm-2.9B,40,2LocalWordSwap,436,0.9988636374473572
xglm_large,facebook/xglm-2.9B,40,2LocalWordSwap,437,0.9984006285667419
xglm_large,facebook/xglm-2.9B,40,2LocalWordSwap,438,0.9987843036651611
xglm_large,facebook/xglm-2.9B,40,2LocalWordSwap,439,0.9982945322990417
xglm_large,facebook/xglm-2.9B,40,2LocalWordSwap,440,0.9983717799186707
xglm_large,facebook/xglm-2.9B,40,2LocalWordSwap,441,0.9970213174819946
xglm_large,facebook/xglm-2.9B,40,2LocalWordSwap,442,0.9986761212348938
xglm_large,facebook/xglm-2.9B,40,2LocalWordSwap,443,0.9993846416473389
xglm_large,facebook/xglm-2.9B,40,2LocalWordSwap,444,0.999310314655304
xglm_large,facebook/xglm-2.9B,40,2LocalWordSwap,445,0.9997570514678955
xglm_large,facebook/xglm-2.9B,40,2LocalWordSwap,446,0.9996870756149292
xglm_large,facebook/xglm-2.9B,40,2LocalWordSwap,447,0.9971857666969299
xglm_large,facebook/xglm-2.9B,40,2LocalWordSwap,448,0.9997991919517517
xglm_large,facebook/xglm-2.9B,40,2LocalWordSwap,449,0.9986572265625
xglm_large,facebook/xglm-2.9B,40,2LocalWordSwap,450,0.9993648529052734
xglm_large,facebook/xglm-2.9B,40,2LocalWordSwap,451,0.9996136426925659
xglm_large,facebook/xglm-2.9B,40,2LocalWordSwap,452,0.9993295669555664
xglm_large,facebook/xglm-2.9B,40,2LocalWordSwap,453,0.9997391104698181
xglm_large,facebook/xglm-2.9B,40,2LocalWordSwap,454,0.9979262948036194
xglm_large,facebook/xglm-2.9B,40,2LocalWordSwap,455,0.9982109665870667
xglm_large,facebook/xglm-2.9B,40,2LocalWordSwap,456,0.9997828006744385
xglm_large,facebook/xglm-2.9B,40,2LocalWordSwap,457,0.998483419418335
xglm_large,facebook/xglm-2.9B,40,2LocalWordSwap,458,0.9992731809616089
xglm_large,facebook/xglm-2.9B,40,2LocalWordSwap,459,0.9992337226867676
xglm_large,facebook/xglm-2.9B,40,2LocalWordSwap,460,0.9998247623443604
xglm_large,facebook/xglm-2.9B,40,2LocalWordSwap,461,0.9991428256034851
xglm_large,facebook/xglm-2.9B,40,2LocalWordSwap,462,0.9971283674240112
xglm_large,facebook/xglm-2.9B,40,2LocalWordSwap,463,0.9970119595527649
xglm_large,facebook/xglm-2.9B,40,2LocalWordSwap,464,0.998075544834137
xglm_large,facebook/xglm-2.9B,40,2LocalWordSwap,465,0.9984638690948486
xglm_large,facebook/xglm-2.9B,40,2LocalWordSwap,466,0.9992908835411072
xglm_large,facebook/xglm-2.9B,40,2LocalWordSwap,467,0.9990924596786499
xglm_large,facebook/xglm-2.9B,40,2LocalWordSwap,468,0.9997733235359192
xglm_large,facebook/xglm-2.9B,40,2LocalWordSwap,469,0.9972125887870789
xglm_large,facebook/xglm-2.9B,40,2LocalWordSwap,470,0.9928579330444336
xglm_large,facebook/xglm-2.9B,40,2LocalWordSwap,471,0.9955790638923645
xglm_large,facebook/xglm-2.9B,40,2LocalWordSwap,472,0.9994717240333557
xglm_large,facebook/xglm-2.9B,40,2LocalWordSwap,473,0.9985160827636719
xglm_large,facebook/xglm-2.9B,40,2LocalWordSwap,474,0.9996445775032043
xglm_large,facebook/xglm-2.9B,40,2LocalWordSwap,475,0.9983973503112793
xglm_large,facebook/xglm-2.9B,40,2LocalWordSwap,476,0.998214066028595
xglm_large,facebook/xglm-2.9B,40,2LocalWordSwap,477,0.9977691769599915
xglm_large,facebook/xglm-2.9B,40,2LocalWordSwap,478,0.998832643032074
xglm_large,facebook/xglm-2.9B,40,2LocalWordSwap,479,0.9978848695755005
xglm_large,facebook/xglm-2.9B,40,2LocalWordSwap,480,0.9977861642837524
xglm_large,facebook/xglm-2.9B,40,2LocalWordSwap,481,0.9989644289016724
xglm_large,facebook/xglm-2.9B,40,2LocalWordSwap,482,0.9965230226516724
xglm_large,facebook/xglm-2.9B,40,2LocalWordSwap,483,0.9980470538139343
xglm_large,facebook/xglm-2.9B,40,2LocalWordSwap,484,0.9986251592636108
xglm_large,facebook/xglm-2.9B,40,2LocalWordSwap,485,0.9986220002174377
xglm_large,facebook/xglm-2.9B,40,2LocalWordSwap,486,0.9990853667259216
xglm_large,facebook/xglm-2.9B,40,2LocalWordSwap,487,0.9987307786941528
xglm_large,facebook/xglm-2.9B,40,2LocalWordSwap,488,0.9987583756446838
xglm_large,facebook/xglm-2.9B,40,2LocalWordSwap,489,0.999707818031311
xglm_large,facebook/xglm-2.9B,40,2LocalWordSwap,490,0.9993898868560791
xglm_large,facebook/xglm-2.9B,40,2LocalWordSwap,491,0.9970520734786987
xglm_large,facebook/xglm-2.9B,40,2LocalWordSwap,492,0.999455451965332
xglm_large,facebook/xglm-2.9B,40,2LocalWordSwap,493,0.9992537498474121
xglm_large,facebook/xglm-2.9B,40,2LocalWordSwap,494,0.9997079372406006
xglm_large,facebook/xglm-2.9B,40,2LocalWordSwap,495,0.999325692653656
xglm_large,facebook/xglm-2.9B,40,2LocalWordSwap,496,0.9986989498138428
xglm_large,facebook/xglm-2.9B,40,2LocalWordSwap,497,0.9995805025100708
xglm_large,facebook/xglm-2.9B,40,2LocalWordSwap,498,0.999552845954895
xglm_large,facebook/xglm-2.9B,40,2LocalWordSwap,499,0.9995689988136292
xglm_large,facebook/xglm-2.9B,40,2LocalWordSwap,500,0.9998795986175537
xglm_large,facebook/xglm-2.9B,40,2LocalWordSwap,501,0.9933513402938843
xglm_large,facebook/xglm-2.9B,40,2LocalWordSwap,502,0.9968258142471313
xglm_large,facebook/xglm-2.9B,40,2LocalWordSwap,503,0.9995715618133545
xglm_large,facebook/xglm-2.9B,40,2LocalWordSwap,504,0.9970735311508179
xglm_large,facebook/xglm-2.9B,40,2LocalWordSwap,505,0.9988544583320618
xglm_large,facebook/xglm-2.9B,40,2LocalWordSwap,506,0.9982472062110901
xglm_large,facebook/xglm-2.9B,40,2LocalWordSwap,507,0.9987236857414246
xglm_large,facebook/xglm-2.9B,40,2LocalWordSwap,508,0.9948076009750366
xglm_large,facebook/xglm-2.9B,40,2LocalWordSwap,509,0.9987266063690186
xglm_large,facebook/xglm-2.9B,40,2LocalWordSwap,510,0.9980842471122742
xglm_large,facebook/xglm-2.9B,40,2LocalWordSwap,511,0.9995070695877075
xglm_large,facebook/xglm-2.9B,40,2LocalWordSwap,512,0.9985705614089966
xglm_large,facebook/xglm-2.9B,40,2LocalWordSwap,513,0.9985346794128418
xglm_large,facebook/xglm-2.9B,40,2LocalWordSwap,514,0.9978533387184143
xglm_large,facebook/xglm-2.9B,40,2LocalWordSwap,515,0.9995918869972229
xglm_large,facebook/xglm-2.9B,40,2LocalWordSwap,516,0.9990830421447754
xglm_large,facebook/xglm-2.9B,40,2LocalWordSwap,517,0.9994139671325684
xglm_large,facebook/xglm-2.9B,40,2LocalWordSwap,518,0.9988881349563599
xglm_large,facebook/xglm-2.9B,40,2LocalWordSwap,519,0.999373197555542
xglm_large,facebook/xglm-2.9B,40,2LocalWordSwap,520,0.9981558918952942
xglm_large,facebook/xglm-2.9B,40,2LocalWordSwap,521,0.9990969300270081
xglm_large,facebook/xglm-2.9B,40,2LocalWordSwap,522,0.9989499449729919
xglm_large,facebook/xglm-2.9B,40,2LocalWordSwap,523,0.9977269768714905
xglm_large,facebook/xglm-2.9B,40,2LocalWordSwap,524,0.9968597292900085
xglm_large,facebook/xglm-2.9B,40,2LocalWordSwap,525,0.99918532371521
xglm_large,facebook/xglm-2.9B,40,2LocalWordSwap,526,0.9995893239974976
xglm_large,facebook/xglm-2.9B,40,2LocalWordSwap,527,0.9991772174835205
xglm_large,facebook/xglm-2.9B,40,2LocalWordSwap,528,0.9993303418159485
xglm_large,facebook/xglm-2.9B,40,2LocalWordSwap,529,0.9982168674468994
xglm_large,facebook/xglm-2.9B,40,2LocalWordSwap,530,0.9994173049926758
xglm_large,facebook/xglm-2.9B,40,2LocalWordSwap,531,0.9993118643760681
xglm_large,facebook/xglm-2.9B,40,2LocalWordSwap,532,0.9997533559799194
xglm_large,facebook/xglm-2.9B,40,2LocalWordSwap,533,0.999370813369751
xglm_large,facebook/xglm-2.9B,40,2LocalWordSwap,534,0.9996835589408875
xglm_large,facebook/xglm-2.9B,40,2LocalWordSwap,535,0.9992426633834839
xglm_large,facebook/xglm-2.9B,40,2LocalWordSwap,536,0.9992086291313171
xglm_large,facebook/xglm-2.9B,40,2LocalWordSwap,537,0.9989393353462219
xglm_large,facebook/xglm-2.9B,40,2LocalWordSwap,538,0.997601330280304
xglm_large,facebook/xglm-2.9B,40,2LocalWordSwap,539,0.9985857009887695
xglm_large,facebook/xglm-2.9B,40,2LocalWordSwap,540,0.9956309795379639
xglm_large,facebook/xglm-2.9B,40,2LocalWordSwap,541,0.9994885921478271
xglm_large,facebook/xglm-2.9B,40,2LocalWordSwap,542,0.9975981712341309
xglm_large,facebook/xglm-2.9B,40,2LocalWordSwap,543,0.9985055923461914
xglm_large,facebook/xglm-2.9B,40,2LocalWordSwap,544,0.9973201751708984
xglm_large,facebook/xglm-2.9B,40,2LocalWordSwap,545,0.9995083212852478
xglm_large,facebook/xglm-2.9B,40,2LocalWordSwap,546,0.9994986057281494
xglm_large,facebook/xglm-2.9B,40,2LocalWordSwap,547,0.9990044832229614
xglm_large,facebook/xglm-2.9B,40,2LocalWordSwap,548,0.9984229803085327
xglm_large,facebook/xglm-2.9B,40,2LocalWordSwap,549,0.9990295767784119
xglm_large,facebook/xglm-2.9B,40,2LocalWordSwap,550,0.9933087825775146
xglm_large,facebook/xglm-2.9B,40,2LocalWordSwap,551,0.9992879629135132
xglm_large,facebook/xglm-2.9B,40,2LocalWordSwap,552,0.9996784925460815
xglm_large,facebook/xglm-2.9B,40,2LocalWordSwap,553,0.9978234767913818
xglm_large,facebook/xglm-2.9B,40,2LocalWordSwap,554,0.9990231394767761
xglm_large,facebook/xglm-2.9B,40,2LocalWordSwap,555,0.9997919797897339
xglm_large,facebook/xglm-2.9B,40,2LocalWordSwap,556,0.999120831489563
xglm_large,facebook/xglm-2.9B,40,2LocalWordSwap,557,0.9974064826965332
xglm_large,facebook/xglm-2.9B,40,2LocalWordSwap,558,0.9997715353965759
xglm_large,facebook/xglm-2.9B,40,2LocalWordSwap,559,0.9989328980445862
xglm_large,facebook/xglm-2.9B,40,2LocalWordSwap,560,0.9992783665657043
xglm_large,facebook/xglm-2.9B,40,2LocalWordSwap,561,0.998921275138855
xglm_large,facebook/xglm-2.9B,40,2LocalWordSwap,562,0.999233603477478
xglm_large,facebook/xglm-2.9B,40,2LocalWordSwap,563,0.9990323781967163
xglm_large,facebook/xglm-2.9B,40,2LocalWordSwap,564,0.9965251684188843
xglm_large,facebook/xglm-2.9B,40,2LocalWordSwap,565,0.9982520937919617
xglm_large,facebook/xglm-2.9B,40,2LocalWordSwap,566,0.9979884624481201
xglm_large,facebook/xglm-2.9B,40,2LocalWordSwap,567,0.9985549449920654
xglm_large,facebook/xglm-2.9B,40,2LocalWordSwap,568,0.9983934760093689
xglm_large,facebook/xglm-2.9B,40,2LocalWordSwap,569,0.9967142939567566
xglm_large,facebook/xglm-2.9B,40,2LocalWordSwap,570,0.9978766441345215
xglm_large,facebook/xglm-2.9B,40,2LocalWordSwap,571,0.9991954565048218
xglm_large,facebook/xglm-2.9B,40,2LocalWordSwap,572,0.9991851449012756
xglm_large,facebook/xglm-2.9B,40,2LocalWordSwap,573,0.999121904373169
xglm_large,facebook/xglm-2.9B,40,2LocalWordSwap,574,0.9996483325958252
xglm_large,facebook/xglm-2.9B,40,2LocalWordSwap,575,0.9971984624862671
xglm_large,facebook/xglm-2.9B,40,2LocalWordSwap,576,0.9990922212600708
xglm_large,facebook/xglm-2.9B,40,2LocalWordSwap,577,0.9972738027572632
xglm_large,facebook/xglm-2.9B,40,2LocalWordSwap,578,0.9996447563171387
xglm_large,facebook/xglm-2.9B,40,2LocalWordSwap,579,0.9994518756866455
xglm_large,facebook/xglm-2.9B,40,2LocalWordSwap,580,0.9992254972457886
xglm_large,facebook/xglm-2.9B,40,2LocalWordSwap,581,0.9971714019775391
xglm_large,facebook/xglm-2.9B,40,2LocalWordSwap,582,0.9974681735038757
xglm_large,facebook/xglm-2.9B,40,2LocalWordSwap,583,0.9994418621063232
xglm_large,facebook/xglm-2.9B,40,2LocalWordSwap,584,0.999578595161438
xglm_large,facebook/xglm-2.9B,40,2LocalWordSwap,585,0.9985886812210083
xglm_large,facebook/xglm-2.9B,40,2LocalWordSwap,586,0.9987030625343323
xglm_large,facebook/xglm-2.9B,40,2LocalWordSwap,587,0.9994770288467407
xglm_large,facebook/xglm-2.9B,40,2LocalWordSwap,588,0.9995496273040771
xglm_large,facebook/xglm-2.9B,40,2LocalWordSwap,589,0.9995235204696655
xglm_large,facebook/xglm-2.9B,40,2LocalWordSwap,590,0.9995119571685791
xglm_large,facebook/xglm-2.9B,40,2LocalWordSwap,591,0.9987183213233948
xglm_large,facebook/xglm-2.9B,40,2LocalWordSwap,592,0.998033881187439
xglm_large,facebook/xglm-2.9B,40,2LocalWordSwap,593,0.999372124671936
xglm_large,facebook/xglm-2.9B,40,2LocalWordSwap,594,0.9989739060401917
xglm_large,facebook/xglm-2.9B,40,2LocalWordSwap,595,0.9977487921714783
xglm_large,facebook/xglm-2.9B,40,2LocalWordSwap,596,0.9989413619041443
xglm_large,facebook/xglm-2.9B,40,2LocalWordSwap,597,0.9982845187187195
xglm_large,facebook/xglm-2.9B,40,2LocalWordSwap,598,0.9992393851280212
xglm_large,facebook/xglm-2.9B,40,2LocalWordSwap,599,0.9995893239974976
xglm_large,facebook/xglm-2.9B,40,2LocalWordSwap,600,0.9976888298988342
xglm_large,facebook/xglm-2.9B,40,2LocalWordSwap,601,0.9984413385391235
xglm_large,facebook/xglm-2.9B,40,2LocalWordSwap,602,0.9984409213066101
xglm_large,facebook/xglm-2.9B,40,2LocalWordSwap,603,0.9978745579719543
xglm_large,facebook/xglm-2.9B,40,2LocalWordSwap,604,0.9992513656616211
xglm_large,facebook/xglm-2.9B,40,2LocalWordSwap,605,0.9990069270133972
xglm_large,facebook/xglm-2.9B,40,2LocalWordSwap,606,0.9997376799583435
xglm_large,facebook/xglm-2.9B,40,2LocalWordSwap,607,0.9994337558746338
xglm_large,facebook/xglm-2.9B,40,2LocalWordSwap,608,0.999646782875061
xglm_large,facebook/xglm-2.9B,40,2LocalWordSwap,609,0.9973058104515076
xglm_large,facebook/xglm-2.9B,40,2LocalWordSwap,610,0.9991042613983154
xglm_large,facebook/xglm-2.9B,40,2LocalWordSwap,611,0.9996044635772705
xglm_large,facebook/xglm-2.9B,40,2LocalWordSwap,612,0.9989230036735535
xglm_large,facebook/xglm-2.9B,40,2LocalWordSwap,613,0.9965507984161377
xglm_large,facebook/xglm-2.9B,40,2LocalWordSwap,614,0.9979572892189026
xglm_large,facebook/xglm-2.9B,40,2LocalWordSwap,615,0.9992863535881042
xglm_large,facebook/xglm-2.9B,40,2LocalWordSwap,616,0.9998750686645508
xglm_large,facebook/xglm-2.9B,40,2LocalWordSwap,617,0.9998961687088013
xglm_large,facebook/xglm-2.9B,40,2LocalWordSwap,618,0.9996002912521362
xglm_large,facebook/xglm-2.9B,40,2LocalWordSwap,619,0.999617338180542
xglm_large,facebook/xglm-2.9B,40,2LocalWordSwap,620,0.9991805553436279
xglm_large,facebook/xglm-2.9B,40,2LocalWordSwap,621,0.9972203373908997
xglm_large,facebook/xglm-2.9B,40,2LocalWordSwap,622,0.9986290335655212
xglm_large,facebook/xglm-2.9B,40,2LocalWordSwap,623,0.9986072778701782
xglm_large,facebook/xglm-2.9B,40,2LocalWordSwap,624,0.9990946054458618
xglm_large,facebook/xglm-2.9B,40,2LocalWordSwap,625,0.998515784740448
xglm_large,facebook/xglm-2.9B,40,2LocalWordSwap,626,0.9988855123519897
xglm_large,facebook/xglm-2.9B,40,3LocalWordSwaps,0,0.9997227191925049
xglm_large,facebook/xglm-2.9B,40,3LocalWordSwaps,1,0.9992780685424805
xglm_large,facebook/xglm-2.9B,40,3LocalWordSwaps,2,0.9977591633796692
xglm_large,facebook/xglm-2.9B,40,3LocalWordSwaps,3,0.9990189075469971
xglm_large,facebook/xglm-2.9B,40,3LocalWordSwaps,4,0.9984760284423828
xglm_large,facebook/xglm-2.9B,40,3LocalWordSwaps,5,0.9991576671600342
xglm_large,facebook/xglm-2.9B,40,3LocalWordSwaps,6,0.9982271194458008
xglm_large,facebook/xglm-2.9B,40,3LocalWordSwaps,7,0.9990508556365967
xglm_large,facebook/xglm-2.9B,40,3LocalWordSwaps,8,0.9954259991645813
xglm_large,facebook/xglm-2.9B,40,3LocalWordSwaps,9,0.9959229230880737
xglm_large,facebook/xglm-2.9B,40,3LocalWordSwaps,10,0.9968711733818054
xglm_large,facebook/xglm-2.9B,40,3LocalWordSwaps,11,0.9975336790084839
xglm_large,facebook/xglm-2.9B,40,3LocalWordSwaps,12,0.9993625283241272
xglm_large,facebook/xglm-2.9B,40,3LocalWordSwaps,13,0.9994999766349792
xglm_large,facebook/xglm-2.9B,40,3LocalWordSwaps,14,0.9973934888839722
xglm_large,facebook/xglm-2.9B,40,3LocalWordSwaps,15,0.9966768026351929
xglm_large,facebook/xglm-2.9B,40,3LocalWordSwaps,16,0.9970099925994873
xglm_large,facebook/xglm-2.9B,40,3LocalWordSwaps,17,0.9969178438186646
xglm_large,facebook/xglm-2.9B,40,3LocalWordSwaps,18,0.9983958601951599
xglm_large,facebook/xglm-2.9B,40,3LocalWordSwaps,19,0.9981610178947449
xglm_large,facebook/xglm-2.9B,40,3LocalWordSwaps,20,0.9986201524734497
xglm_large,facebook/xglm-2.9B,40,3LocalWordSwaps,21,0.9961075782775879
xglm_large,facebook/xglm-2.9B,40,3LocalWordSwaps,22,0.99788498878479
xglm_large,facebook/xglm-2.9B,40,3LocalWordSwaps,23,0.9968857765197754
xglm_large,facebook/xglm-2.9B,40,3LocalWordSwaps,24,0.9977899789810181
xglm_large,facebook/xglm-2.9B,40,3LocalWordSwaps,25,0.9987165331840515
xglm_large,facebook/xglm-2.9B,40,3LocalWordSwaps,26,0.999492883682251
xglm_large,facebook/xglm-2.9B,40,3LocalWordSwaps,27,0.9977196455001831
xglm_large,facebook/xglm-2.9B,40,3LocalWordSwaps,28,0.9950032830238342
xglm_large,facebook/xglm-2.9B,40,3LocalWordSwaps,29,0.9988704919815063
xglm_large,facebook/xglm-2.9B,40,3LocalWordSwaps,30,0.9963011145591736
xglm_large,facebook/xglm-2.9B,40,3LocalWordSwaps,31,0.9981179237365723
xglm_large,facebook/xglm-2.9B,40,3LocalWordSwaps,32,0.995754599571228
xglm_large,facebook/xglm-2.9B,40,3LocalWordSwaps,33,0.9950453042984009
xglm_large,facebook/xglm-2.9B,40,3LocalWordSwaps,34,0.9976460337638855
xglm_large,facebook/xglm-2.9B,40,3LocalWordSwaps,35,0.9975404143333435
xglm_large,facebook/xglm-2.9B,40,3LocalWordSwaps,36,0.9958057403564453
xglm_large,facebook/xglm-2.9B,40,3LocalWordSwaps,37,0.9994156360626221
xglm_large,facebook/xglm-2.9B,40,3LocalWordSwaps,38,0.9954165816307068
xglm_large,facebook/xglm-2.9B,40,3LocalWordSwaps,39,0.9978513717651367
xglm_large,facebook/xglm-2.9B,40,3LocalWordSwaps,40,0.9986726641654968
xglm_large,facebook/xglm-2.9B,40,3LocalWordSwaps,41,0.9984971284866333
xglm_large,facebook/xglm-2.9B,40,3LocalWordSwaps,42,0.9973047375679016
xglm_large,facebook/xglm-2.9B,40,3LocalWordSwaps,43,0.998874843120575
xglm_large,facebook/xglm-2.9B,40,3LocalWordSwaps,44,0.9978622198104858
xglm_large,facebook/xglm-2.9B,40,3LocalWordSwaps,45,0.997976541519165
xglm_large,facebook/xglm-2.9B,40,3LocalWordSwaps,46,0.9976320862770081
xglm_large,facebook/xglm-2.9B,40,3LocalWordSwaps,47,0.996701180934906
xglm_large,facebook/xglm-2.9B,40,3LocalWordSwaps,48,0.9989220499992371
xglm_large,facebook/xglm-2.9B,40,3LocalWordSwaps,49,0.9978857040405273
xglm_large,facebook/xglm-2.9B,40,3LocalWordSwaps,50,0.9990406632423401
xglm_large,facebook/xglm-2.9B,40,3LocalWordSwaps,51,0.9981102347373962
xglm_large,facebook/xglm-2.9B,40,3LocalWordSwaps,52,0.9970811009407043
xglm_large,facebook/xglm-2.9B,40,3LocalWordSwaps,53,0.9972366094589233
xglm_large,facebook/xglm-2.9B,40,3LocalWordSwaps,54,0.9983826875686646
xglm_large,facebook/xglm-2.9B,40,3LocalWordSwaps,55,0.9970138669013977
xglm_large,facebook/xglm-2.9B,40,3LocalWordSwaps,56,0.9986175298690796
xglm_large,facebook/xglm-2.9B,40,3LocalWordSwaps,57,0.9993515014648438
xglm_large,facebook/xglm-2.9B,40,3LocalWordSwaps,58,0.9955225586891174
xglm_large,facebook/xglm-2.9B,40,3LocalWordSwaps,59,0.9979211688041687
xglm_large,facebook/xglm-2.9B,40,3LocalWordSwaps,60,0.9984270334243774
xglm_large,facebook/xglm-2.9B,40,3LocalWordSwaps,61,0.9996125102043152
xglm_large,facebook/xglm-2.9B,40,3LocalWordSwaps,62,0.9972195625305176
xglm_large,facebook/xglm-2.9B,40,3LocalWordSwaps,63,0.9979180693626404
xglm_large,facebook/xglm-2.9B,40,3LocalWordSwaps,64,0.9950852990150452
xglm_large,facebook/xglm-2.9B,40,3LocalWordSwaps,65,0.9986342191696167
xglm_large,facebook/xglm-2.9B,40,3LocalWordSwaps,66,0.9988766312599182
xglm_large,facebook/xglm-2.9B,40,3LocalWordSwaps,67,0.9975683689117432
xglm_large,facebook/xglm-2.9B,40,3LocalWordSwaps,68,0.99700927734375
xglm_large,facebook/xglm-2.9B,40,3LocalWordSwaps,69,0.999025285243988
xglm_large,facebook/xglm-2.9B,40,3LocalWordSwaps,70,0.9984105825424194
xglm_large,facebook/xglm-2.9B,40,3LocalWordSwaps,71,0.9973496198654175
xglm_large,facebook/xglm-2.9B,40,3LocalWordSwaps,72,0.9974805116653442
xglm_large,facebook/xglm-2.9B,40,3LocalWordSwaps,73,0.9964030981063843
xglm_large,facebook/xglm-2.9B,40,3LocalWordSwaps,74,0.9986515641212463
xglm_large,facebook/xglm-2.9B,40,3LocalWordSwaps,75,0.997240424156189
xglm_large,facebook/xglm-2.9B,40,3LocalWordSwaps,76,0.9989801645278931
xglm_large,facebook/xglm-2.9B,40,3LocalWordSwaps,77,0.9995301365852356
xglm_large,facebook/xglm-2.9B,40,3LocalWordSwaps,78,0.9977569580078125
xglm_large,facebook/xglm-2.9B,40,3LocalWordSwaps,79,0.9960488080978394
xglm_large,facebook/xglm-2.9B,40,3LocalWordSwaps,80,0.9963962435722351
xglm_large,facebook/xglm-2.9B,40,3LocalWordSwaps,81,0.9973493814468384
xglm_large,facebook/xglm-2.9B,40,3LocalWordSwaps,82,0.9986478090286255
xglm_large,facebook/xglm-2.9B,40,3LocalWordSwaps,83,0.9977614879608154
xglm_large,facebook/xglm-2.9B,40,3LocalWordSwaps,84,0.9897228479385376
xglm_large,facebook/xglm-2.9B,40,3LocalWordSwaps,85,0.9977984428405762
xglm_large,facebook/xglm-2.9B,40,3LocalWordSwaps,86,0.9981549978256226
xglm_large,facebook/xglm-2.9B,40,3LocalWordSwaps,87,0.997478187084198
xglm_large,facebook/xglm-2.9B,40,3LocalWordSwaps,88,0.9949065446853638
xglm_large,facebook/xglm-2.9B,40,3LocalWordSwaps,89,0.9962777495384216
xglm_large,facebook/xglm-2.9B,40,3LocalWordSwaps,90,0.9974813461303711
xglm_large,facebook/xglm-2.9B,40,3LocalWordSwaps,91,0.9969736933708191
xglm_large,facebook/xglm-2.9B,40,3LocalWordSwaps,92,0.999012291431427
xglm_large,facebook/xglm-2.9B,40,3LocalWordSwaps,93,0.9994234442710876
xglm_large,facebook/xglm-2.9B,40,3LocalWordSwaps,94,0.9912207722663879
xglm_large,facebook/xglm-2.9B,40,3LocalWordSwaps,95,0.9971231818199158
xglm_large,facebook/xglm-2.9B,40,3LocalWordSwaps,96,0.9962221384048462
xglm_large,facebook/xglm-2.9B,40,3LocalWordSwaps,97,0.9988088011741638
xglm_large,facebook/xglm-2.9B,40,3LocalWordSwaps,98,0.9971277117729187
xglm_large,facebook/xglm-2.9B,40,3LocalWordSwaps,99,0.9976105690002441
xglm_large,facebook/xglm-2.9B,40,3LocalWordSwaps,100,0.9907896518707275
xglm_large,facebook/xglm-2.9B,40,3LocalWordSwaps,101,0.9983298778533936
xglm_large,facebook/xglm-2.9B,40,3LocalWordSwaps,102,0.9990943670272827
xglm_large,facebook/xglm-2.9B,40,3LocalWordSwaps,103,0.9995650053024292
xglm_large,facebook/xglm-2.9B,40,3LocalWordSwaps,104,0.9984764456748962
xglm_large,facebook/xglm-2.9B,40,3LocalWordSwaps,105,0.9974883794784546
xglm_large,facebook/xglm-2.9B,40,3LocalWordSwaps,106,0.998498260974884
xglm_large,facebook/xglm-2.9B,40,3LocalWordSwaps,107,0.9930906891822815
xglm_large,facebook/xglm-2.9B,40,3LocalWordSwaps,108,0.9991997480392456
xglm_large,facebook/xglm-2.9B,40,3LocalWordSwaps,109,0.9969121217727661
xglm_large,facebook/xglm-2.9B,40,3LocalWordSwaps,110,0.9956552386283875
xglm_large,facebook/xglm-2.9B,40,3LocalWordSwaps,111,0.9978504180908203
xglm_large,facebook/xglm-2.9B,40,3LocalWordSwaps,112,0.9976604580879211
xglm_large,facebook/xglm-2.9B,40,3LocalWordSwaps,113,0.9997111558914185
xglm_large,facebook/xglm-2.9B,40,3LocalWordSwaps,114,0.9984163641929626
xglm_large,facebook/xglm-2.9B,40,3LocalWordSwaps,115,0.9979380965232849
xglm_large,facebook/xglm-2.9B,40,3LocalWordSwaps,116,0.9989104270935059
xglm_large,facebook/xglm-2.9B,40,3LocalWordSwaps,117,0.9967458844184875
xglm_large,facebook/xglm-2.9B,40,3LocalWordSwaps,118,0.9973821640014648
xglm_large,facebook/xglm-2.9B,40,3LocalWordSwaps,119,0.9934771060943604
xglm_large,facebook/xglm-2.9B,40,3LocalWordSwaps,120,0.9993158578872681
xglm_large,facebook/xglm-2.9B,40,3LocalWordSwaps,121,0.9944682717323303
xglm_large,facebook/xglm-2.9B,40,3LocalWordSwaps,122,0.9970074892044067
xglm_large,facebook/xglm-2.9B,40,3LocalWordSwaps,123,0.9988912343978882
xglm_large,facebook/xglm-2.9B,40,3LocalWordSwaps,124,0.9992445707321167
xglm_large,facebook/xglm-2.9B,40,3LocalWordSwaps,125,0.9983510971069336
xglm_large,facebook/xglm-2.9B,40,3LocalWordSwaps,126,0.9997472763061523
xglm_large,facebook/xglm-2.9B,40,3LocalWordSwaps,127,0.9978508949279785
xglm_large,facebook/xglm-2.9B,40,3LocalWordSwaps,128,0.9990016222000122
xglm_large,facebook/xglm-2.9B,40,3LocalWordSwaps,129,0.9981534481048584
xglm_large,facebook/xglm-2.9B,40,3LocalWordSwaps,130,0.9984343647956848
xglm_large,facebook/xglm-2.9B,40,3LocalWordSwaps,131,0.9993961453437805
xglm_large,facebook/xglm-2.9B,40,3LocalWordSwaps,132,0.9963525533676147
xglm_large,facebook/xglm-2.9B,40,3LocalWordSwaps,133,0.9975478649139404
xglm_large,facebook/xglm-2.9B,40,3LocalWordSwaps,134,0.9945318698883057
xglm_large,facebook/xglm-2.9B,40,3LocalWordSwaps,135,0.9961450099945068
xglm_large,facebook/xglm-2.9B,40,3LocalWordSwaps,136,0.9989029169082642
xglm_large,facebook/xglm-2.9B,40,3LocalWordSwaps,137,0.9979605078697205
xglm_large,facebook/xglm-2.9B,40,3LocalWordSwaps,138,0.9989320039749146
xglm_large,facebook/xglm-2.9B,40,3LocalWordSwaps,139,0.9963052272796631
xglm_large,facebook/xglm-2.9B,40,3LocalWordSwaps,140,0.99809330701828
xglm_large,facebook/xglm-2.9B,40,3LocalWordSwaps,141,0.9994012117385864
xglm_large,facebook/xglm-2.9B,40,3LocalWordSwaps,142,0.9979299306869507
xglm_large,facebook/xglm-2.9B,40,3LocalWordSwaps,143,0.9994996190071106
xglm_large,facebook/xglm-2.9B,40,3LocalWordSwaps,144,0.996139645576477
xglm_large,facebook/xglm-2.9B,40,3LocalWordSwaps,145,0.9974279403686523
xglm_large,facebook/xglm-2.9B,40,3LocalWordSwaps,146,0.9985842704772949
xglm_large,facebook/xglm-2.9B,40,3LocalWordSwaps,147,0.996036946773529
xglm_large,facebook/xglm-2.9B,40,3LocalWordSwaps,148,0.9987533688545227
xglm_large,facebook/xglm-2.9B,40,3LocalWordSwaps,149,0.9965453147888184
xglm_large,facebook/xglm-2.9B,40,3LocalWordSwaps,150,0.9982085227966309
xglm_large,facebook/xglm-2.9B,40,3LocalWordSwaps,151,0.9979480504989624
xglm_large,facebook/xglm-2.9B,40,3LocalWordSwaps,152,0.9988261461257935
xglm_large,facebook/xglm-2.9B,40,3LocalWordSwaps,153,0.9978689551353455
xglm_large,facebook/xglm-2.9B,40,3LocalWordSwaps,154,0.9990663528442383
xglm_large,facebook/xglm-2.9B,40,3LocalWordSwaps,155,0.9985156655311584
xglm_large,facebook/xglm-2.9B,40,3LocalWordSwaps,156,0.9983566999435425
xglm_large,facebook/xglm-2.9B,40,3LocalWordSwaps,157,0.9972146153450012
xglm_large,facebook/xglm-2.9B,40,3LocalWordSwaps,158,0.996114194393158
xglm_large,facebook/xglm-2.9B,40,3LocalWordSwaps,159,0.9986093044281006
xglm_large,facebook/xglm-2.9B,40,3LocalWordSwaps,160,0.9996212720870972
xglm_large,facebook/xglm-2.9B,40,3LocalWordSwaps,161,0.9984157681465149
xglm_large,facebook/xglm-2.9B,40,3LocalWordSwaps,162,0.9964548349380493
xglm_large,facebook/xglm-2.9B,40,3LocalWordSwaps,163,0.9982941746711731
xglm_large,facebook/xglm-2.9B,40,3LocalWordSwaps,164,0.997895359992981
xglm_large,facebook/xglm-2.9B,40,3LocalWordSwaps,165,0.9991162419319153
xglm_large,facebook/xglm-2.9B,40,3LocalWordSwaps,166,0.9935304522514343
xglm_large,facebook/xglm-2.9B,40,3LocalWordSwaps,167,0.9901976585388184
xglm_large,facebook/xglm-2.9B,40,3LocalWordSwaps,168,0.9984000325202942
xglm_large,facebook/xglm-2.9B,40,3LocalWordSwaps,169,0.9990306496620178
xglm_large,facebook/xglm-2.9B,40,3LocalWordSwaps,170,0.9993833303451538
xglm_large,facebook/xglm-2.9B,40,3LocalWordSwaps,171,0.999455988407135
xglm_large,facebook/xglm-2.9B,40,3LocalWordSwaps,172,0.9986240267753601
xglm_large,facebook/xglm-2.9B,40,3LocalWordSwaps,173,0.9990589618682861
xglm_large,facebook/xglm-2.9B,40,3LocalWordSwaps,174,0.9972209930419922
xglm_large,facebook/xglm-2.9B,40,3LocalWordSwaps,175,0.9978998899459839
xglm_large,facebook/xglm-2.9B,40,3LocalWordSwaps,176,0.9964597821235657
xglm_large,facebook/xglm-2.9B,40,3LocalWordSwaps,177,0.9983937740325928
xglm_large,facebook/xglm-2.9B,40,3LocalWordSwaps,178,0.9988480806350708
xglm_large,facebook/xglm-2.9B,40,3LocalWordSwaps,179,0.9997474551200867
xglm_large,facebook/xglm-2.9B,40,3LocalWordSwaps,180,0.9991104602813721
xglm_large,facebook/xglm-2.9B,40,3LocalWordSwaps,181,0.9969182014465332
xglm_large,facebook/xglm-2.9B,40,3LocalWordSwaps,182,0.9973504543304443
xglm_large,facebook/xglm-2.9B,40,3LocalWordSwaps,183,0.9983249306678772
xglm_large,facebook/xglm-2.9B,40,3LocalWordSwaps,184,0.9938969016075134
xglm_large,facebook/xglm-2.9B,40,3LocalWordSwaps,185,0.9990633130073547
xglm_large,facebook/xglm-2.9B,40,3LocalWordSwaps,186,0.9934305548667908
xglm_large,facebook/xglm-2.9B,40,3LocalWordSwaps,187,0.9961250424385071
xglm_large,facebook/xglm-2.9B,40,3LocalWordSwaps,188,0.9973195791244507
xglm_large,facebook/xglm-2.9B,40,3LocalWordSwaps,189,0.9976380467414856
xglm_large,facebook/xglm-2.9B,40,3LocalWordSwaps,190,0.9988171458244324
xglm_large,facebook/xglm-2.9B,40,3LocalWordSwaps,191,0.9979583621025085
xglm_large,facebook/xglm-2.9B,40,3LocalWordSwaps,192,0.9976525902748108
xglm_large,facebook/xglm-2.9B,40,3LocalWordSwaps,193,0.9991965293884277
xglm_large,facebook/xglm-2.9B,40,3LocalWordSwaps,194,0.9978729486465454
xglm_large,facebook/xglm-2.9B,40,3LocalWordSwaps,195,0.9981476664543152
xglm_large,facebook/xglm-2.9B,40,3LocalWordSwaps,196,0.997183084487915
xglm_large,facebook/xglm-2.9B,40,3LocalWordSwaps,197,0.9991660118103027
xglm_large,facebook/xglm-2.9B,40,3LocalWordSwaps,198,0.9991653561592102
xglm_large,facebook/xglm-2.9B,40,3LocalWordSwaps,199,0.9972569942474365
xglm_large,facebook/xglm-2.9B,40,3LocalWordSwaps,200,0.9976714253425598
xglm_large,facebook/xglm-2.9B,40,3LocalWordSwaps,201,0.998587965965271
xglm_large,facebook/xglm-2.9B,40,3LocalWordSwaps,202,0.9974725842475891
xglm_large,facebook/xglm-2.9B,40,3LocalWordSwaps,203,0.9942560195922852
xglm_large,facebook/xglm-2.9B,40,3LocalWordSwaps,204,0.9986711144447327
xglm_large,facebook/xglm-2.9B,40,3LocalWordSwaps,205,0.9979819655418396
xglm_large,facebook/xglm-2.9B,40,3LocalWordSwaps,206,0.9988813996315002
xglm_large,facebook/xglm-2.9B,40,3LocalWordSwaps,207,0.997675895690918
xglm_large,facebook/xglm-2.9B,40,3LocalWordSwaps,208,0.9996764063835144
xglm_large,facebook/xglm-2.9B,40,3LocalWordSwaps,209,0.9996967911720276
xglm_large,facebook/xglm-2.9B,40,3LocalWordSwaps,210,0.9985630512237549
xglm_large,facebook/xglm-2.9B,40,3LocalWordSwaps,211,0.9976842999458313
xglm_large,facebook/xglm-2.9B,40,3LocalWordSwaps,212,0.9979472756385803
xglm_large,facebook/xglm-2.9B,40,3LocalWordSwaps,213,0.9994249939918518
xglm_large,facebook/xglm-2.9B,40,3LocalWordSwaps,214,0.9986066818237305
xglm_large,facebook/xglm-2.9B,40,3LocalWordSwaps,215,0.9973005056381226
xglm_large,facebook/xglm-2.9B,40,3LocalWordSwaps,216,0.9987647533416748
xglm_large,facebook/xglm-2.9B,40,3LocalWordSwaps,217,0.9989619851112366
xglm_large,facebook/xglm-2.9B,40,3LocalWordSwaps,218,0.9987344741821289
xglm_large,facebook/xglm-2.9B,40,3LocalWordSwaps,219,0.9987717866897583
xglm_large,facebook/xglm-2.9B,40,3LocalWordSwaps,220,0.9970440864562988
xglm_large,facebook/xglm-2.9B,40,3LocalWordSwaps,221,0.9915815591812134
xglm_large,facebook/xglm-2.9B,40,3LocalWordSwaps,222,0.9968011975288391
xglm_large,facebook/xglm-2.9B,40,3LocalWordSwaps,223,0.9983479976654053
xglm_large,facebook/xglm-2.9B,40,3LocalWordSwaps,224,0.9983180165290833
xglm_large,facebook/xglm-2.9B,40,3LocalWordSwaps,225,0.998909592628479
xglm_large,facebook/xglm-2.9B,40,3LocalWordSwaps,226,0.9947590827941895
xglm_large,facebook/xglm-2.9B,40,3LocalWordSwaps,227,0.9984689354896545
xglm_large,facebook/xglm-2.9B,40,3LocalWordSwaps,228,0.9978829622268677
xglm_large,facebook/xglm-2.9B,40,3LocalWordSwaps,229,0.9959520101547241
xglm_large,facebook/xglm-2.9B,40,3LocalWordSwaps,230,0.9976628422737122
xglm_large,facebook/xglm-2.9B,40,3LocalWordSwaps,231,0.9985438585281372
xglm_large,facebook/xglm-2.9B,40,3LocalWordSwaps,232,0.9986989498138428
xglm_large,facebook/xglm-2.9B,40,3LocalWordSwaps,233,0.9983577728271484
xglm_large,facebook/xglm-2.9B,40,3LocalWordSwaps,234,0.9987924098968506
xglm_large,facebook/xglm-2.9B,40,3LocalWordSwaps,235,0.9982603788375854
xglm_large,facebook/xglm-2.9B,40,3LocalWordSwaps,236,0.9992554187774658
xglm_large,facebook/xglm-2.9B,40,3LocalWordSwaps,237,0.9974625110626221
xglm_large,facebook/xglm-2.9B,40,3LocalWordSwaps,238,0.9988998174667358
xglm_large,facebook/xglm-2.9B,40,3LocalWordSwaps,239,0.9938974380493164
xglm_large,facebook/xglm-2.9B,40,3LocalWordSwaps,240,0.9995229840278625
xglm_large,facebook/xglm-2.9B,40,3LocalWordSwaps,241,0.9996412992477417
xglm_large,facebook/xglm-2.9B,40,3LocalWordSwaps,242,0.9980894327163696
xglm_large,facebook/xglm-2.9B,40,3LocalWordSwaps,243,0.9989491701126099
xglm_large,facebook/xglm-2.9B,40,3LocalWordSwaps,244,0.9986486434936523
xglm_large,facebook/xglm-2.9B,40,3LocalWordSwaps,245,0.9984225630760193
xglm_large,facebook/xglm-2.9B,40,3LocalWordSwaps,246,0.9994356036186218
xglm_large,facebook/xglm-2.9B,40,3LocalWordSwaps,247,0.9984351992607117
xglm_large,facebook/xglm-2.9B,40,3LocalWordSwaps,248,0.9991256594657898
xglm_large,facebook/xglm-2.9B,40,3LocalWordSwaps,249,0.9980401396751404
xglm_large,facebook/xglm-2.9B,40,3LocalWordSwaps,250,0.9935408234596252
xglm_large,facebook/xglm-2.9B,40,3LocalWordSwaps,251,0.9973398447036743
xglm_large,facebook/xglm-2.9B,40,3LocalWordSwaps,252,0.9995708465576172
xglm_large,facebook/xglm-2.9B,40,3LocalWordSwaps,253,0.9971925020217896
xglm_large,facebook/xglm-2.9B,40,3LocalWordSwaps,254,0.9978700280189514
xglm_large,facebook/xglm-2.9B,40,3LocalWordSwaps,255,0.9991012215614319
xglm_large,facebook/xglm-2.9B,40,3LocalWordSwaps,256,0.9972445368766785
xglm_large,facebook/xglm-2.9B,40,3LocalWordSwaps,257,0.9986611604690552
xglm_large,facebook/xglm-2.9B,40,3LocalWordSwaps,258,0.9966482520103455
xglm_large,facebook/xglm-2.9B,40,3LocalWordSwaps,259,0.9954140782356262
xglm_large,facebook/xglm-2.9B,40,3LocalWordSwaps,260,0.9955507516860962
xglm_large,facebook/xglm-2.9B,40,3LocalWordSwaps,261,0.9970897436141968
xglm_large,facebook/xglm-2.9B,40,3LocalWordSwaps,262,0.9971859455108643
xglm_large,facebook/xglm-2.9B,40,3LocalWordSwaps,263,0.9977805614471436
xglm_large,facebook/xglm-2.9B,40,3LocalWordSwaps,264,0.9988470077514648
xglm_large,facebook/xglm-2.9B,40,3LocalWordSwaps,265,0.9990386366844177
xglm_large,facebook/xglm-2.9B,40,3LocalWordSwaps,266,0.9940394759178162
xglm_large,facebook/xglm-2.9B,40,3LocalWordSwaps,267,0.998729407787323
xglm_large,facebook/xglm-2.9B,40,3LocalWordSwaps,268,0.9967188835144043
xglm_large,facebook/xglm-2.9B,40,3LocalWordSwaps,269,0.9935990571975708
xglm_large,facebook/xglm-2.9B,40,3LocalWordSwaps,270,0.9992766976356506
xglm_large,facebook/xglm-2.9B,40,3LocalWordSwaps,271,0.9983553886413574
xglm_large,facebook/xglm-2.9B,40,3LocalWordSwaps,272,0.9986110925674438
xglm_large,facebook/xglm-2.9B,40,3LocalWordSwaps,273,0.9979332089424133
xglm_large,facebook/xglm-2.9B,40,3LocalWordSwaps,274,0.9992254376411438
xglm_large,facebook/xglm-2.9B,40,3LocalWordSwaps,275,0.9971256852149963
xglm_large,facebook/xglm-2.9B,40,3LocalWordSwaps,276,0.9995273947715759
xglm_large,facebook/xglm-2.9B,40,3LocalWordSwaps,277,0.9958004951477051
xglm_large,facebook/xglm-2.9B,40,3LocalWordSwaps,278,0.9991812109947205
xglm_large,facebook/xglm-2.9B,40,3LocalWordSwaps,279,0.9960150718688965
xglm_large,facebook/xglm-2.9B,40,3LocalWordSwaps,280,0.9991142749786377
xglm_large,facebook/xglm-2.9B,40,3LocalWordSwaps,281,0.9962745308876038
xglm_large,facebook/xglm-2.9B,40,3LocalWordSwaps,282,0.9987137913703918
xglm_large,facebook/xglm-2.9B,40,3LocalWordSwaps,283,0.9976110458374023
xglm_large,facebook/xglm-2.9B,40,3LocalWordSwaps,284,0.9991737604141235
xglm_large,facebook/xglm-2.9B,40,3LocalWordSwaps,285,0.999360978603363
xglm_large,facebook/xglm-2.9B,40,3LocalWordSwaps,286,0.9983178973197937
xglm_large,facebook/xglm-2.9B,40,3LocalWordSwaps,287,0.9995079040527344
xglm_large,facebook/xglm-2.9B,40,3LocalWordSwaps,288,0.9950428009033203
xglm_large,facebook/xglm-2.9B,40,3LocalWordSwaps,289,0.9984358549118042
xglm_large,facebook/xglm-2.9B,40,3LocalWordSwaps,290,0.9945012927055359
xglm_large,facebook/xglm-2.9B,40,3LocalWordSwaps,291,0.9952667951583862
xglm_large,facebook/xglm-2.9B,40,3LocalWordSwaps,292,0.9982202649116516
xglm_large,facebook/xglm-2.9B,40,3LocalWordSwaps,293,0.9994376301765442
xglm_large,facebook/xglm-2.9B,40,3LocalWordSwaps,294,0.9974946975708008
xglm_large,facebook/xglm-2.9B,40,3LocalWordSwaps,295,0.9976159334182739
xglm_large,facebook/xglm-2.9B,40,3LocalWordSwaps,296,0.9967544674873352
xglm_large,facebook/xglm-2.9B,40,3LocalWordSwaps,297,0.9973303079605103
xglm_large,facebook/xglm-2.9B,40,3LocalWordSwaps,298,0.9963017106056213
xglm_large,facebook/xglm-2.9B,40,3LocalWordSwaps,299,0.9980573654174805
xglm_large,facebook/xglm-2.9B,40,3LocalWordSwaps,300,0.9971028566360474
xglm_large,facebook/xglm-2.9B,40,3LocalWordSwaps,301,0.9978146553039551
xglm_large,facebook/xglm-2.9B,40,3LocalWordSwaps,302,0.9989753365516663
xglm_large,facebook/xglm-2.9B,40,3LocalWordSwaps,303,0.9973171949386597
xglm_large,facebook/xglm-2.9B,40,3LocalWordSwaps,304,0.9984941482543945
xglm_large,facebook/xglm-2.9B,40,3LocalWordSwaps,305,0.9939188361167908
xglm_large,facebook/xglm-2.9B,40,3LocalWordSwaps,306,0.9969577789306641
xglm_large,facebook/xglm-2.9B,40,3LocalWordSwaps,307,0.9985558390617371
xglm_large,facebook/xglm-2.9B,40,3LocalWordSwaps,308,0.9980642795562744
xglm_large,facebook/xglm-2.9B,40,3LocalWordSwaps,309,0.9992455840110779
xglm_large,facebook/xglm-2.9B,40,3LocalWordSwaps,310,0.9974923133850098
xglm_large,facebook/xglm-2.9B,40,3LocalWordSwaps,311,0.9985106587409973
xglm_large,facebook/xglm-2.9B,40,3LocalWordSwaps,312,0.9982805252075195
xglm_large,facebook/xglm-2.9B,40,3LocalWordSwaps,313,0.9981151223182678
xglm_large,facebook/xglm-2.9B,40,3LocalWordSwaps,314,0.9973109364509583
xglm_large,facebook/xglm-2.9B,40,3LocalWordSwaps,315,0.9921753406524658
xglm_large,facebook/xglm-2.9B,40,3LocalWordSwaps,316,0.9968165159225464
xglm_large,facebook/xglm-2.9B,40,3LocalWordSwaps,317,0.9986388087272644
xglm_large,facebook/xglm-2.9B,40,3LocalWordSwaps,318,0.9986011385917664
xglm_large,facebook/xglm-2.9B,40,3LocalWordSwaps,319,0.9933502674102783
xglm_large,facebook/xglm-2.9B,40,3LocalWordSwaps,320,0.9974745512008667
xglm_large,facebook/xglm-2.9B,40,3LocalWordSwaps,321,0.9982558488845825
xglm_large,facebook/xglm-2.9B,40,3LocalWordSwaps,322,0.9974428415298462
xglm_large,facebook/xglm-2.9B,40,3LocalWordSwaps,323,0.9987428188323975
xglm_large,facebook/xglm-2.9B,40,3LocalWordSwaps,324,0.9995849132537842
xglm_large,facebook/xglm-2.9B,40,3LocalWordSwaps,325,0.9955177903175354
xglm_large,facebook/xglm-2.9B,40,3LocalWordSwaps,326,0.996647298336029
xglm_large,facebook/xglm-2.9B,40,3LocalWordSwaps,327,0.9954790472984314
xglm_large,facebook/xglm-2.9B,40,3LocalWordSwaps,328,0.9989446997642517
xglm_large,facebook/xglm-2.9B,40,3LocalWordSwaps,329,0.9989854097366333
xglm_large,facebook/xglm-2.9B,40,3LocalWordSwaps,330,0.9942330718040466
xglm_large,facebook/xglm-2.9B,40,3LocalWordSwaps,331,0.9954055547714233
xglm_large,facebook/xglm-2.9B,40,3LocalWordSwaps,332,0.9986851215362549
xglm_large,facebook/xglm-2.9B,40,3LocalWordSwaps,333,0.9963467121124268
xglm_large,facebook/xglm-2.9B,40,3LocalWordSwaps,334,0.9968186020851135
xglm_large,facebook/xglm-2.9B,40,3LocalWordSwaps,335,0.998461902141571
xglm_large,facebook/xglm-2.9B,40,3LocalWordSwaps,336,0.9971964359283447
xglm_large,facebook/xglm-2.9B,40,3LocalWordSwaps,337,0.9958395957946777
xglm_large,facebook/xglm-2.9B,40,3LocalWordSwaps,338,0.996889054775238
xglm_large,facebook/xglm-2.9B,40,3LocalWordSwaps,339,0.9968557953834534
xglm_large,facebook/xglm-2.9B,40,3LocalWordSwaps,340,0.998856782913208
xglm_large,facebook/xglm-2.9B,40,3LocalWordSwaps,341,0.9975263476371765
xglm_large,facebook/xglm-2.9B,40,3LocalWordSwaps,342,0.9983745217323303
xglm_large,facebook/xglm-2.9B,40,3LocalWordSwaps,343,0.9989365339279175
xglm_large,facebook/xglm-2.9B,40,3LocalWordSwaps,344,0.9970691800117493
xglm_large,facebook/xglm-2.9B,40,3LocalWordSwaps,345,0.9977916479110718
xglm_large,facebook/xglm-2.9B,40,3LocalWordSwaps,346,0.9950438141822815
xglm_large,facebook/xglm-2.9B,40,3LocalWordSwaps,347,0.9992982745170593
xglm_large,facebook/xglm-2.9B,40,3LocalWordSwaps,348,0.9979774951934814
xglm_large,facebook/xglm-2.9B,40,3LocalWordSwaps,349,0.9991633892059326
xglm_large,facebook/xglm-2.9B,40,3LocalWordSwaps,350,0.9935855865478516
xglm_large,facebook/xglm-2.9B,40,3LocalWordSwaps,351,0.9981938600540161
xglm_large,facebook/xglm-2.9B,40,3LocalWordSwaps,352,0.9967156648635864
xglm_large,facebook/xglm-2.9B,40,3LocalWordSwaps,353,0.9994874596595764
xglm_large,facebook/xglm-2.9B,40,3LocalWordSwaps,354,0.9967663288116455
xglm_large,facebook/xglm-2.9B,40,3LocalWordSwaps,355,0.9966492652893066
xglm_large,facebook/xglm-2.9B,40,3LocalWordSwaps,356,0.9969220161437988
xglm_large,facebook/xglm-2.9B,40,3LocalWordSwaps,357,0.9951834678649902
xglm_large,facebook/xglm-2.9B,40,3LocalWordSwaps,358,0.9993538856506348
xglm_large,facebook/xglm-2.9B,40,3LocalWordSwaps,359,0.9971487522125244
xglm_large,facebook/xglm-2.9B,40,3LocalWordSwaps,360,0.9991524815559387
xglm_large,facebook/xglm-2.9B,40,3LocalWordSwaps,361,0.9990952610969543
xglm_large,facebook/xglm-2.9B,40,3LocalWordSwaps,362,0.999050498008728
xglm_large,facebook/xglm-2.9B,40,3LocalWordSwaps,363,0.9994028806686401
xglm_large,facebook/xglm-2.9B,40,3LocalWordSwaps,364,0.9990839958190918
xglm_large,facebook/xglm-2.9B,40,3LocalWordSwaps,365,0.9973015785217285
xglm_large,facebook/xglm-2.9B,40,3LocalWordSwaps,366,0.9987308979034424
xglm_large,facebook/xglm-2.9B,40,3LocalWordSwaps,367,0.997721254825592
xglm_large,facebook/xglm-2.9B,40,3LocalWordSwaps,368,0.9989594221115112
xglm_large,facebook/xglm-2.9B,40,3LocalWordSwaps,369,0.9991303086280823
xglm_large,facebook/xglm-2.9B,40,3LocalWordSwaps,370,0.9997876882553101
xglm_large,facebook/xglm-2.9B,40,3LocalWordSwaps,371,0.9990706443786621
xglm_large,facebook/xglm-2.9B,40,3LocalWordSwaps,372,0.9981957077980042
xglm_large,facebook/xglm-2.9B,40,3LocalWordSwaps,373,0.9934558868408203
xglm_large,facebook/xglm-2.9B,40,3LocalWordSwaps,374,0.9954195022583008
xglm_large,facebook/xglm-2.9B,40,3LocalWordSwaps,375,0.9993767738342285
xglm_large,facebook/xglm-2.9B,40,3LocalWordSwaps,376,0.9992979168891907
xglm_large,facebook/xglm-2.9B,40,3LocalWordSwaps,377,0.9970723986625671
xglm_large,facebook/xglm-2.9B,40,3LocalWordSwaps,378,0.9985838532447815
xglm_large,facebook/xglm-2.9B,40,3LocalWordSwaps,379,0.9981377720832825
xglm_large,facebook/xglm-2.9B,40,3LocalWordSwaps,380,0.997005045413971
xglm_large,facebook/xglm-2.9B,40,3LocalWordSwaps,381,0.9993614554405212
xglm_large,facebook/xglm-2.9B,40,3LocalWordSwaps,382,0.9969261884689331
xglm_large,facebook/xglm-2.9B,40,3LocalWordSwaps,383,0.9993612170219421
xglm_large,facebook/xglm-2.9B,40,3LocalWordSwaps,384,0.9960908889770508
xglm_large,facebook/xglm-2.9B,40,3LocalWordSwaps,385,0.9971638917922974
xglm_large,facebook/xglm-2.9B,40,3LocalWordSwaps,386,0.9973166584968567
xglm_large,facebook/xglm-2.9B,40,3LocalWordSwaps,387,0.9995243549346924
xglm_large,facebook/xglm-2.9B,40,3LocalWordSwaps,388,0.9965208768844604
xglm_large,facebook/xglm-2.9B,40,3LocalWordSwaps,389,0.9879453182220459
xglm_large,facebook/xglm-2.9B,40,3LocalWordSwaps,390,0.9986982941627502
xglm_large,facebook/xglm-2.9B,40,3LocalWordSwaps,391,0.9983132481575012
xglm_large,facebook/xglm-2.9B,40,3LocalWordSwaps,392,0.9985142946243286
xglm_large,facebook/xglm-2.9B,40,3LocalWordSwaps,393,0.9987932443618774
xglm_large,facebook/xglm-2.9B,40,3LocalWordSwaps,394,0.9944018125534058
xglm_large,facebook/xglm-2.9B,40,3LocalWordSwaps,395,0.99900883436203
xglm_large,facebook/xglm-2.9B,40,3LocalWordSwaps,396,0.9991846680641174
xglm_large,facebook/xglm-2.9B,40,3LocalWordSwaps,397,0.9976134896278381
xglm_large,facebook/xglm-2.9B,40,3LocalWordSwaps,398,0.9975736737251282
xglm_large,facebook/xglm-2.9B,40,3LocalWordSwaps,399,0.9975454807281494
xglm_large,facebook/xglm-2.9B,40,3LocalWordSwaps,400,0.9986881613731384
xglm_large,facebook/xglm-2.9B,40,3LocalWordSwaps,401,0.9989052414894104
xglm_large,facebook/xglm-2.9B,40,3LocalWordSwaps,402,0.9986069202423096
xglm_large,facebook/xglm-2.9B,40,3LocalWordSwaps,403,0.9993751645088196
xglm_large,facebook/xglm-2.9B,40,3LocalWordSwaps,404,0.9974374175071716
xglm_large,facebook/xglm-2.9B,40,3LocalWordSwaps,405,0.9988882541656494
xglm_large,facebook/xglm-2.9B,40,3LocalWordSwaps,406,0.999238133430481
xglm_large,facebook/xglm-2.9B,40,3LocalWordSwaps,407,0.9978020787239075
xglm_large,facebook/xglm-2.9B,40,3LocalWordSwaps,408,0.9989796876907349
xglm_large,facebook/xglm-2.9B,40,3LocalWordSwaps,409,0.9959253668785095
xglm_large,facebook/xglm-2.9B,40,3LocalWordSwaps,410,0.9990032315254211
xglm_large,facebook/xglm-2.9B,40,3LocalWordSwaps,411,0.9964172840118408
xglm_large,facebook/xglm-2.9B,40,3LocalWordSwaps,412,0.9983786940574646
xglm_large,facebook/xglm-2.9B,40,3LocalWordSwaps,413,0.9973941445350647
xglm_large,facebook/xglm-2.9B,40,3LocalWordSwaps,414,0.9997211694717407
xglm_large,facebook/xglm-2.9B,40,3LocalWordSwaps,415,0.996700644493103
xglm_large,facebook/xglm-2.9B,40,3LocalWordSwaps,416,0.9957289695739746
xglm_large,facebook/xglm-2.9B,40,3LocalWordSwaps,417,0.999582052230835
xglm_large,facebook/xglm-2.9B,40,3LocalWordSwaps,418,0.9977157115936279
xglm_large,facebook/xglm-2.9B,40,3LocalWordSwaps,419,0.9980358481407166
xglm_large,facebook/xglm-2.9B,40,3LocalWordSwaps,420,0.9994837641716003
xglm_large,facebook/xglm-2.9B,40,3LocalWordSwaps,421,0.9948946833610535
xglm_large,facebook/xglm-2.9B,40,3LocalWordSwaps,422,0.9984093308448792
xglm_large,facebook/xglm-2.9B,40,3LocalWordSwaps,423,0.9997135400772095
xglm_large,facebook/xglm-2.9B,40,3LocalWordSwaps,424,0.9989835023880005
xglm_large,facebook/xglm-2.9B,40,3LocalWordSwaps,425,0.9945869445800781
xglm_large,facebook/xglm-2.9B,40,3LocalWordSwaps,426,0.9958730340003967
xglm_large,facebook/xglm-2.9B,40,3LocalWordSwaps,427,0.9991991519927979
xglm_large,facebook/xglm-2.9B,40,3LocalWordSwaps,428,0.9978438019752502
xglm_large,facebook/xglm-2.9B,40,3LocalWordSwaps,429,0.9997127056121826
xglm_large,facebook/xglm-2.9B,40,3LocalWordSwaps,430,0.994498610496521
xglm_large,facebook/xglm-2.9B,40,3LocalWordSwaps,431,0.9969160556793213
xglm_large,facebook/xglm-2.9B,40,3LocalWordSwaps,432,0.9981409907341003
xglm_large,facebook/xglm-2.9B,40,3LocalWordSwaps,433,0.998923659324646
xglm_large,facebook/xglm-2.9B,40,3LocalWordSwaps,434,0.9992874264717102
xglm_large,facebook/xglm-2.9B,40,3LocalWordSwaps,435,0.9940953254699707
xglm_large,facebook/xglm-2.9B,40,3LocalWordSwaps,436,0.9969494938850403
xglm_large,facebook/xglm-2.9B,40,3LocalWordSwaps,437,0.9976024627685547
xglm_large,facebook/xglm-2.9B,40,3LocalWordSwaps,438,0.9987847805023193
xglm_large,facebook/xglm-2.9B,40,3LocalWordSwaps,439,0.998292088508606
xglm_large,facebook/xglm-2.9B,40,3LocalWordSwaps,440,0.9989978075027466
xglm_large,facebook/xglm-2.9B,40,3LocalWordSwaps,441,0.9966385364532471
xglm_large,facebook/xglm-2.9B,40,3LocalWordSwaps,442,0.9985623955726624
xglm_large,facebook/xglm-2.9B,40,3LocalWordSwaps,443,0.9972987174987793
xglm_large,facebook/xglm-2.9B,40,3LocalWordSwaps,444,0.9991482496261597
xglm_large,facebook/xglm-2.9B,40,3LocalWordSwaps,445,0.9975314736366272
xglm_large,facebook/xglm-2.9B,40,3LocalWordSwaps,446,0.9974701404571533
xglm_large,facebook/xglm-2.9B,40,3LocalWordSwaps,447,0.9937607049942017
xglm_large,facebook/xglm-2.9B,40,3LocalWordSwaps,448,0.998602569103241
xglm_large,facebook/xglm-2.9B,40,3LocalWordSwaps,449,0.9981421828269958
xglm_large,facebook/xglm-2.9B,40,3LocalWordSwaps,450,0.9971874952316284
xglm_large,facebook/xglm-2.9B,40,3LocalWordSwaps,451,0.9986091256141663
xglm_large,facebook/xglm-2.9B,40,3LocalWordSwaps,452,0.9970243573188782
xglm_large,facebook/xglm-2.9B,40,3LocalWordSwaps,453,0.9990324974060059
xglm_large,facebook/xglm-2.9B,40,3LocalWordSwaps,454,0.9974318146705627
xglm_large,facebook/xglm-2.9B,40,3LocalWordSwaps,455,0.998421847820282
xglm_large,facebook/xglm-2.9B,40,3LocalWordSwaps,456,0.9996363520622253
xglm_large,facebook/xglm-2.9B,40,3LocalWordSwaps,457,0.9952877163887024
xglm_large,facebook/xglm-2.9B,40,3LocalWordSwaps,458,0.9983750581741333
xglm_large,facebook/xglm-2.9B,40,3LocalWordSwaps,459,0.9989630579948425
xglm_large,facebook/xglm-2.9B,40,3LocalWordSwaps,460,0.9982927441596985
xglm_large,facebook/xglm-2.9B,40,3LocalWordSwaps,461,0.9978705644607544
xglm_large,facebook/xglm-2.9B,40,3LocalWordSwaps,462,0.9959767460823059
xglm_large,facebook/xglm-2.9B,40,3LocalWordSwaps,463,0.9967787265777588
xglm_large,facebook/xglm-2.9B,40,3LocalWordSwaps,464,0.997806966304779
xglm_large,facebook/xglm-2.9B,40,3LocalWordSwaps,465,0.9954298138618469
xglm_large,facebook/xglm-2.9B,40,3LocalWordSwaps,466,0.9933741092681885
xglm_large,facebook/xglm-2.9B,40,3LocalWordSwaps,467,0.9969713687896729
xglm_large,facebook/xglm-2.9B,40,3LocalWordSwaps,468,0.9995741248130798
xglm_large,facebook/xglm-2.9B,40,3LocalWordSwaps,469,0.9988235235214233
xglm_large,facebook/xglm-2.9B,40,3LocalWordSwaps,470,0.9992053508758545
xglm_large,facebook/xglm-2.9B,40,3LocalWordSwaps,471,0.9934865832328796
xglm_large,facebook/xglm-2.9B,40,3LocalWordSwaps,472,0.998786985874176
xglm_large,facebook/xglm-2.9B,40,3LocalWordSwaps,473,0.9973511695861816
xglm_large,facebook/xglm-2.9B,40,3LocalWordSwaps,474,0.9995481967926025
xglm_large,facebook/xglm-2.9B,40,3LocalWordSwaps,475,0.9978266358375549
xglm_large,facebook/xglm-2.9B,40,3LocalWordSwaps,476,0.9979248046875
xglm_large,facebook/xglm-2.9B,40,3LocalWordSwaps,477,0.99750816822052
xglm_large,facebook/xglm-2.9B,40,3LocalWordSwaps,478,0.9983826279640198
xglm_large,facebook/xglm-2.9B,40,3LocalWordSwaps,479,0.9953963160514832
xglm_large,facebook/xglm-2.9B,40,3LocalWordSwaps,480,0.9966546893119812
xglm_large,facebook/xglm-2.9B,40,3LocalWordSwaps,481,0.9970862865447998
xglm_large,facebook/xglm-2.9B,40,3LocalWordSwaps,482,0.9953705072402954
xglm_large,facebook/xglm-2.9B,40,3LocalWordSwaps,483,0.9970639944076538
xglm_large,facebook/xglm-2.9B,40,3LocalWordSwaps,484,0.9983863830566406
xglm_large,facebook/xglm-2.9B,40,3LocalWordSwaps,485,0.9984588623046875
xglm_large,facebook/xglm-2.9B,40,3LocalWordSwaps,486,0.9988352060317993
xglm_large,facebook/xglm-2.9B,40,3LocalWordSwaps,487,0.9974254965782166
xglm_large,facebook/xglm-2.9B,40,3LocalWordSwaps,488,0.996035099029541
xglm_large,facebook/xglm-2.9B,40,3LocalWordSwaps,489,0.9973838329315186
xglm_large,facebook/xglm-2.9B,40,3LocalWordSwaps,490,0.9994191527366638
xglm_large,facebook/xglm-2.9B,40,3LocalWordSwaps,491,0.9970076084136963
xglm_large,facebook/xglm-2.9B,40,3LocalWordSwaps,492,0.9986949563026428
xglm_large,facebook/xglm-2.9B,40,3LocalWordSwaps,493,0.999270498752594
xglm_large,facebook/xglm-2.9B,40,3LocalWordSwaps,494,0.9992523789405823
xglm_large,facebook/xglm-2.9B,40,3LocalWordSwaps,495,0.9982463121414185
xglm_large,facebook/xglm-2.9B,40,3LocalWordSwaps,496,0.9984716773033142
xglm_large,facebook/xglm-2.9B,40,3LocalWordSwaps,497,0.9988420605659485
xglm_large,facebook/xglm-2.9B,40,3LocalWordSwaps,498,0.9993276000022888
xglm_large,facebook/xglm-2.9B,40,3LocalWordSwaps,499,0.9957671165466309
xglm_large,facebook/xglm-2.9B,40,3LocalWordSwaps,500,0.9978110194206238
xglm_large,facebook/xglm-2.9B,40,3LocalWordSwaps,501,0.9920948147773743
xglm_large,facebook/xglm-2.9B,40,3LocalWordSwaps,502,0.9967458844184875
xglm_large,facebook/xglm-2.9B,40,3LocalWordSwaps,503,0.9993394613265991
xglm_large,facebook/xglm-2.9B,40,3LocalWordSwaps,504,0.9974055290222168
xglm_large,facebook/xglm-2.9B,40,3LocalWordSwaps,505,0.9985575079917908
xglm_large,facebook/xglm-2.9B,40,3LocalWordSwaps,506,0.9973003268241882
xglm_large,facebook/xglm-2.9B,40,3LocalWordSwaps,507,0.9946130514144897
xglm_large,facebook/xglm-2.9B,40,3LocalWordSwaps,508,0.9947282671928406
xglm_large,facebook/xglm-2.9B,40,3LocalWordSwaps,509,0.9976922273635864
xglm_large,facebook/xglm-2.9B,40,3LocalWordSwaps,510,0.9956960082054138
xglm_large,facebook/xglm-2.9B,40,3LocalWordSwaps,511,0.9993703961372375
xglm_large,facebook/xglm-2.9B,40,3LocalWordSwaps,512,0.99754399061203
xglm_large,facebook/xglm-2.9B,40,3LocalWordSwaps,513,0.9978533387184143
xglm_large,facebook/xglm-2.9B,40,3LocalWordSwaps,514,0.9988470673561096
xglm_large,facebook/xglm-2.9B,40,3LocalWordSwaps,515,0.9979838728904724
xglm_large,facebook/xglm-2.9B,40,3LocalWordSwaps,516,0.996135950088501
xglm_large,facebook/xglm-2.9B,40,3LocalWordSwaps,517,0.9984160661697388
xglm_large,facebook/xglm-2.9B,40,3LocalWordSwaps,518,0.9988053441047668
xglm_large,facebook/xglm-2.9B,40,3LocalWordSwaps,519,0.9979534149169922
xglm_large,facebook/xglm-2.9B,40,3LocalWordSwaps,520,0.9978983402252197
xglm_large,facebook/xglm-2.9B,40,3LocalWordSwaps,521,0.9986140131950378
xglm_large,facebook/xglm-2.9B,40,3LocalWordSwaps,522,0.9977315664291382
xglm_large,facebook/xglm-2.9B,40,3LocalWordSwaps,523,0.9976243376731873
xglm_large,facebook/xglm-2.9B,40,3LocalWordSwaps,524,0.9919765591621399
xglm_large,facebook/xglm-2.9B,40,3LocalWordSwaps,525,0.9992132782936096
xglm_large,facebook/xglm-2.9B,40,3LocalWordSwaps,526,0.9986705780029297
xglm_large,facebook/xglm-2.9B,40,3LocalWordSwaps,527,0.9981380701065063
xglm_large,facebook/xglm-2.9B,40,3LocalWordSwaps,528,0.9983208179473877
xglm_large,facebook/xglm-2.9B,40,3LocalWordSwaps,529,0.9977673888206482
xglm_large,facebook/xglm-2.9B,40,3LocalWordSwaps,530,0.9988682270050049
xglm_large,facebook/xglm-2.9B,40,3LocalWordSwaps,531,0.9968283772468567
xglm_large,facebook/xglm-2.9B,40,3LocalWordSwaps,532,0.9984325766563416
xglm_large,facebook/xglm-2.9B,40,3LocalWordSwaps,533,0.9969533681869507
xglm_large,facebook/xglm-2.9B,40,3LocalWordSwaps,534,0.9979256391525269
xglm_large,facebook/xglm-2.9B,40,3LocalWordSwaps,535,0.9986081123352051
xglm_large,facebook/xglm-2.9B,40,3LocalWordSwaps,536,0.9989879727363586
xglm_large,facebook/xglm-2.9B,40,3LocalWordSwaps,537,0.9960142374038696
xglm_large,facebook/xglm-2.9B,40,3LocalWordSwaps,538,0.9968581795692444
xglm_large,facebook/xglm-2.9B,40,3LocalWordSwaps,539,0.9973625540733337
xglm_large,facebook/xglm-2.9B,40,3LocalWordSwaps,540,0.9948586821556091
xglm_large,facebook/xglm-2.9B,40,3LocalWordSwaps,541,0.9994205832481384
xglm_large,facebook/xglm-2.9B,40,3LocalWordSwaps,542,0.9980460405349731
xglm_large,facebook/xglm-2.9B,40,3LocalWordSwaps,543,0.9987156987190247
xglm_large,facebook/xglm-2.9B,40,3LocalWordSwaps,544,0.9970770478248596
xglm_large,facebook/xglm-2.9B,40,3LocalWordSwaps,545,0.9989703297615051
xglm_large,facebook/xglm-2.9B,40,3LocalWordSwaps,546,0.9995346069335938
xglm_large,facebook/xglm-2.9B,40,3LocalWordSwaps,547,0.9992983341217041
xglm_large,facebook/xglm-2.9B,40,3LocalWordSwaps,548,0.9985633492469788
xglm_large,facebook/xglm-2.9B,40,3LocalWordSwaps,549,0.9990360140800476
xglm_large,facebook/xglm-2.9B,40,3LocalWordSwaps,550,0.9915010929107666
xglm_large,facebook/xglm-2.9B,40,3LocalWordSwaps,551,0.9958127737045288
xglm_large,facebook/xglm-2.9B,40,3LocalWordSwaps,552,0.9975786209106445
xglm_large,facebook/xglm-2.9B,40,3LocalWordSwaps,553,0.9995560050010681
xglm_large,facebook/xglm-2.9B,40,3LocalWordSwaps,554,0.9940083622932434
xglm_large,facebook/xglm-2.9B,40,3LocalWordSwaps,555,0.9992578625679016
xglm_large,facebook/xglm-2.9B,40,3LocalWordSwaps,556,0.9977021217346191
xglm_large,facebook/xglm-2.9B,40,3LocalWordSwaps,557,0.998221755027771
xglm_large,facebook/xglm-2.9B,40,3LocalWordSwaps,558,0.9990607500076294
xglm_large,facebook/xglm-2.9B,40,3LocalWordSwaps,559,0.9986264109611511
xglm_large,facebook/xglm-2.9B,40,3LocalWordSwaps,560,0.9991394877433777
xglm_large,facebook/xglm-2.9B,40,3LocalWordSwaps,561,0.9986087083816528
xglm_large,facebook/xglm-2.9B,40,3LocalWordSwaps,562,0.9970767498016357
xglm_large,facebook/xglm-2.9B,40,3LocalWordSwaps,563,0.9994761347770691
xglm_large,facebook/xglm-2.9B,40,3LocalWordSwaps,564,0.9956691265106201
xglm_large,facebook/xglm-2.9B,40,3LocalWordSwaps,565,0.9983184337615967
xglm_large,facebook/xglm-2.9B,40,3LocalWordSwaps,566,0.9981100559234619
xglm_large,facebook/xglm-2.9B,40,3LocalWordSwaps,567,0.9974079132080078
xglm_large,facebook/xglm-2.9B,40,3LocalWordSwaps,568,0.998512327671051
xglm_large,facebook/xglm-2.9B,40,3LocalWordSwaps,569,0.998914361000061
xglm_large,facebook/xglm-2.9B,40,3LocalWordSwaps,570,0.996981680393219
xglm_large,facebook/xglm-2.9B,40,3LocalWordSwaps,571,0.9988632202148438
xglm_large,facebook/xglm-2.9B,40,3LocalWordSwaps,572,0.99891197681427
xglm_large,facebook/xglm-2.9B,40,3LocalWordSwaps,573,0.9984518885612488
xglm_large,facebook/xglm-2.9B,40,3LocalWordSwaps,574,0.9968055486679077
xglm_large,facebook/xglm-2.9B,40,3LocalWordSwaps,575,0.9971208572387695
xglm_large,facebook/xglm-2.9B,40,3LocalWordSwaps,576,0.9975807070732117
xglm_large,facebook/xglm-2.9B,40,3LocalWordSwaps,577,0.9971672296524048
xglm_large,facebook/xglm-2.9B,40,3LocalWordSwaps,578,0.9995584487915039
xglm_large,facebook/xglm-2.9B,40,3LocalWordSwaps,579,0.9987914562225342
xglm_large,facebook/xglm-2.9B,40,3LocalWordSwaps,580,0.9982936382293701
xglm_large,facebook/xglm-2.9B,40,3LocalWordSwaps,581,0.9980743527412415
xglm_large,facebook/xglm-2.9B,40,3LocalWordSwaps,582,0.9958255290985107
xglm_large,facebook/xglm-2.9B,40,3LocalWordSwaps,583,0.9989217519760132
xglm_large,facebook/xglm-2.9B,40,3LocalWordSwaps,584,0.9989744424819946
xglm_large,facebook/xglm-2.9B,40,3LocalWordSwaps,585,0.9977022409439087
xglm_large,facebook/xglm-2.9B,40,3LocalWordSwaps,586,0.998420000076294
xglm_large,facebook/xglm-2.9B,40,3LocalWordSwaps,587,0.9975389838218689
xglm_large,facebook/xglm-2.9B,40,3LocalWordSwaps,588,0.9984934329986572
xglm_large,facebook/xglm-2.9B,40,3LocalWordSwaps,589,0.9994892477989197
xglm_large,facebook/xglm-2.9B,40,3LocalWordSwaps,590,0.9996253848075867
xglm_large,facebook/xglm-2.9B,40,3LocalWordSwaps,591,0.9991089105606079
xglm_large,facebook/xglm-2.9B,40,3LocalWordSwaps,592,0.9980108141899109
xglm_large,facebook/xglm-2.9B,40,3LocalWordSwaps,593,0.9985073804855347
xglm_large,facebook/xglm-2.9B,40,3LocalWordSwaps,594,0.9957334399223328
xglm_large,facebook/xglm-2.9B,40,3LocalWordSwaps,595,0.9980287551879883
xglm_large,facebook/xglm-2.9B,40,3LocalWordSwaps,596,0.9988149404525757
xglm_large,facebook/xglm-2.9B,40,3LocalWordSwaps,597,0.9983039498329163
xglm_large,facebook/xglm-2.9B,40,3LocalWordSwaps,598,0.9992581009864807
xglm_large,facebook/xglm-2.9B,40,3LocalWordSwaps,599,0.9990725517272949
xglm_large,facebook/xglm-2.9B,40,3LocalWordSwaps,600,0.9962583184242249
xglm_large,facebook/xglm-2.9B,40,3LocalWordSwaps,601,0.9970191717147827
xglm_large,facebook/xglm-2.9B,40,3LocalWordSwaps,602,0.9984152913093567
xglm_large,facebook/xglm-2.9B,40,3LocalWordSwaps,603,0.9991273283958435
xglm_large,facebook/xglm-2.9B,40,3LocalWordSwaps,604,0.9986342191696167
xglm_large,facebook/xglm-2.9B,40,3LocalWordSwaps,605,0.9976577162742615
xglm_large,facebook/xglm-2.9B,40,3LocalWordSwaps,606,0.9996732473373413
xglm_large,facebook/xglm-2.9B,40,3LocalWordSwaps,607,0.9991756081581116
xglm_large,facebook/xglm-2.9B,40,3LocalWordSwaps,608,0.9991597533226013
xglm_large,facebook/xglm-2.9B,40,3LocalWordSwaps,609,0.9968147277832031
xglm_large,facebook/xglm-2.9B,40,3LocalWordSwaps,610,0.9978713989257812
xglm_large,facebook/xglm-2.9B,40,3LocalWordSwaps,611,0.9986934661865234
xglm_large,facebook/xglm-2.9B,40,3LocalWordSwaps,612,0.9989802837371826
xglm_large,facebook/xglm-2.9B,40,3LocalWordSwaps,613,0.995349109172821
xglm_large,facebook/xglm-2.9B,40,3LocalWordSwaps,614,0.9982500076293945
xglm_large,facebook/xglm-2.9B,40,3LocalWordSwaps,615,0.9980378150939941
xglm_large,facebook/xglm-2.9B,40,3LocalWordSwaps,616,0.9995929002761841
xglm_large,facebook/xglm-2.9B,40,3LocalWordSwaps,617,0.998989999294281
xglm_large,facebook/xglm-2.9B,40,3LocalWordSwaps,618,0.9993981122970581
xglm_large,facebook/xglm-2.9B,40,3LocalWordSwaps,619,0.9993782639503479
xglm_large,facebook/xglm-2.9B,40,3LocalWordSwaps,620,0.9983975291252136
xglm_large,facebook/xglm-2.9B,40,3LocalWordSwaps,621,0.9990137815475464
xglm_large,facebook/xglm-2.9B,40,3LocalWordSwaps,622,0.9989954829216003
xglm_large,facebook/xglm-2.9B,40,3LocalWordSwaps,623,0.998238742351532
xglm_large,facebook/xglm-2.9B,40,3LocalWordSwaps,624,0.9982525706291199
xglm_large,facebook/xglm-2.9B,40,3LocalWordSwaps,625,0.9962239265441895
xglm_large,facebook/xglm-2.9B,40,3LocalWordSwaps,626,0.9969912171363831
xglm_large,facebook/xglm-2.9B,40,4LocalWordSwaps,0,0.9982143044471741
xglm_large,facebook/xglm-2.9B,40,4LocalWordSwaps,1,0.9986790418624878
xglm_large,facebook/xglm-2.9B,40,4LocalWordSwaps,2,0.9981382489204407
xglm_large,facebook/xglm-2.9B,40,4LocalWordSwaps,3,0.9991967678070068
xglm_large,facebook/xglm-2.9B,40,4LocalWordSwaps,4,0.9980583190917969
xglm_large,facebook/xglm-2.9B,40,4LocalWordSwaps,5,0.9984536170959473
xglm_large,facebook/xglm-2.9B,40,4LocalWordSwaps,6,0.9982323050498962
xglm_large,facebook/xglm-2.9B,40,4LocalWordSwaps,7,0.9959359765052795
xglm_large,facebook/xglm-2.9B,40,4LocalWordSwaps,8,0.998855471611023
xglm_large,facebook/xglm-2.9B,40,4LocalWordSwaps,9,0.9951385259628296
xglm_large,facebook/xglm-2.9B,40,4LocalWordSwaps,10,0.9969282150268555
xglm_large,facebook/xglm-2.9B,40,4LocalWordSwaps,11,0.9981293082237244
xglm_large,facebook/xglm-2.9B,40,4LocalWordSwaps,12,0.9992861151695251
xglm_large,facebook/xglm-2.9B,40,4LocalWordSwaps,13,0.9995754361152649
xglm_large,facebook/xglm-2.9B,40,4LocalWordSwaps,14,0.9988043904304504
xglm_large,facebook/xglm-2.9B,40,4LocalWordSwaps,15,0.9959425330162048
xglm_large,facebook/xglm-2.9B,40,4LocalWordSwaps,16,0.9992464184761047
xglm_large,facebook/xglm-2.9B,40,4LocalWordSwaps,17,0.9981085658073425
xglm_large,facebook/xglm-2.9B,40,4LocalWordSwaps,18,0.9977704286575317
xglm_large,facebook/xglm-2.9B,40,4LocalWordSwaps,19,0.9968651533126831
xglm_large,facebook/xglm-2.9B,40,4LocalWordSwaps,20,0.997836172580719
xglm_large,facebook/xglm-2.9B,40,4LocalWordSwaps,21,0.9960886240005493
xglm_large,facebook/xglm-2.9B,40,4LocalWordSwaps,22,0.9985747933387756
xglm_large,facebook/xglm-2.9B,40,4LocalWordSwaps,23,0.9964091777801514
xglm_large,facebook/xglm-2.9B,40,4LocalWordSwaps,24,0.9973568320274353
xglm_large,facebook/xglm-2.9B,40,4LocalWordSwaps,25,0.9986879825592041
xglm_large,facebook/xglm-2.9B,40,4LocalWordSwaps,26,0.9986696839332581
xglm_large,facebook/xglm-2.9B,40,4LocalWordSwaps,27,0.9978445172309875
xglm_large,facebook/xglm-2.9B,40,4LocalWordSwaps,28,0.9955825209617615
xglm_large,facebook/xglm-2.9B,40,4LocalWordSwaps,29,0.9992979168891907
xglm_large,facebook/xglm-2.9B,40,4LocalWordSwaps,30,0.9959170818328857
xglm_large,facebook/xglm-2.9B,40,4LocalWordSwaps,31,0.9984305500984192
xglm_large,facebook/xglm-2.9B,40,4LocalWordSwaps,32,0.9894112348556519
xglm_large,facebook/xglm-2.9B,40,4LocalWordSwaps,33,0.9944866895675659
xglm_large,facebook/xglm-2.9B,40,4LocalWordSwaps,34,0.9975885152816772
xglm_large,facebook/xglm-2.9B,40,4LocalWordSwaps,35,0.9955356121063232
xglm_large,facebook/xglm-2.9B,40,4LocalWordSwaps,36,0.9992485046386719
xglm_large,facebook/xglm-2.9B,40,4LocalWordSwaps,37,0.9992477893829346
xglm_large,facebook/xglm-2.9B,40,4LocalWordSwaps,38,0.9945409893989563
xglm_large,facebook/xglm-2.9B,40,4LocalWordSwaps,39,0.9966762661933899
xglm_large,facebook/xglm-2.9B,40,4LocalWordSwaps,40,0.9986275434494019
xglm_large,facebook/xglm-2.9B,40,4LocalWordSwaps,41,0.9986587166786194
xglm_large,facebook/xglm-2.9B,40,4LocalWordSwaps,42,0.9989185929298401
xglm_large,facebook/xglm-2.9B,40,4LocalWordSwaps,43,0.9989883303642273
xglm_large,facebook/xglm-2.9B,40,4LocalWordSwaps,44,0.9975036978721619
xglm_large,facebook/xglm-2.9B,40,4LocalWordSwaps,45,0.9967899918556213
xglm_large,facebook/xglm-2.9B,40,4LocalWordSwaps,46,0.9947971701622009
xglm_large,facebook/xglm-2.9B,40,4LocalWordSwaps,47,0.9991505742073059
xglm_large,facebook/xglm-2.9B,40,4LocalWordSwaps,48,0.9986246228218079
xglm_large,facebook/xglm-2.9B,40,4LocalWordSwaps,49,0.994369626045227
xglm_large,facebook/xglm-2.9B,40,4LocalWordSwaps,50,0.9994144439697266
xglm_large,facebook/xglm-2.9B,40,4LocalWordSwaps,51,0.9982991218566895
xglm_large,facebook/xglm-2.9B,40,4LocalWordSwaps,52,0.9970303177833557
xglm_large,facebook/xglm-2.9B,40,4LocalWordSwaps,53,0.9977273941040039
xglm_large,facebook/xglm-2.9B,40,4LocalWordSwaps,54,0.9984462261199951
xglm_large,facebook/xglm-2.9B,40,4LocalWordSwaps,55,0.9995263814926147
xglm_large,facebook/xglm-2.9B,40,4LocalWordSwaps,56,0.9975497126579285
xglm_large,facebook/xglm-2.9B,40,4LocalWordSwaps,57,0.9979904294013977
xglm_large,facebook/xglm-2.9B,40,4LocalWordSwaps,58,0.9940566420555115
xglm_large,facebook/xglm-2.9B,40,4LocalWordSwaps,59,0.9976021647453308
xglm_large,facebook/xglm-2.9B,40,4LocalWordSwaps,60,0.9985958337783813
xglm_large,facebook/xglm-2.9B,40,4LocalWordSwaps,61,0.9983165860176086
xglm_large,facebook/xglm-2.9B,40,4LocalWordSwaps,62,0.9943743944168091
xglm_large,facebook/xglm-2.9B,40,4LocalWordSwaps,63,0.9973330497741699
xglm_large,facebook/xglm-2.9B,40,4LocalWordSwaps,64,0.9949247241020203
xglm_large,facebook/xglm-2.9B,40,4LocalWordSwaps,65,0.9985535144805908
xglm_large,facebook/xglm-2.9B,40,4LocalWordSwaps,66,0.9988806843757629
xglm_large,facebook/xglm-2.9B,40,4LocalWordSwaps,67,0.9930446743965149
xglm_large,facebook/xglm-2.9B,40,4LocalWordSwaps,68,0.9984367489814758
xglm_large,facebook/xglm-2.9B,40,4LocalWordSwaps,69,0.9995772838592529
xglm_large,facebook/xglm-2.9B,40,4LocalWordSwaps,70,0.9988179802894592
xglm_large,facebook/xglm-2.9B,40,4LocalWordSwaps,71,0.99718177318573
xglm_large,facebook/xglm-2.9B,40,4LocalWordSwaps,72,0.9969497323036194
xglm_large,facebook/xglm-2.9B,40,4LocalWordSwaps,73,0.9985872507095337
xglm_large,facebook/xglm-2.9B,40,4LocalWordSwaps,74,0.9960765838623047
xglm_large,facebook/xglm-2.9B,40,4LocalWordSwaps,75,0.9967854619026184
xglm_large,facebook/xglm-2.9B,40,4LocalWordSwaps,76,0.9973216652870178
xglm_large,facebook/xglm-2.9B,40,4LocalWordSwaps,77,0.9985859394073486
xglm_large,facebook/xglm-2.9B,40,4LocalWordSwaps,78,0.996897280216217
xglm_large,facebook/xglm-2.9B,40,4LocalWordSwaps,79,0.9959973096847534
xglm_large,facebook/xglm-2.9B,40,4LocalWordSwaps,80,0.9996929168701172
xglm_large,facebook/xglm-2.9B,40,4LocalWordSwaps,81,0.9994028806686401
xglm_large,facebook/xglm-2.9B,40,4LocalWordSwaps,82,0.998860239982605
xglm_large,facebook/xglm-2.9B,40,4LocalWordSwaps,83,0.9986777901649475
xglm_large,facebook/xglm-2.9B,40,4LocalWordSwaps,84,0.9984974265098572
xglm_large,facebook/xglm-2.9B,40,4LocalWordSwaps,85,0.9979310035705566
xglm_large,facebook/xglm-2.9B,40,4LocalWordSwaps,86,0.9969534873962402
xglm_large,facebook/xglm-2.9B,40,4LocalWordSwaps,87,0.9973217248916626
xglm_large,facebook/xglm-2.9B,40,4LocalWordSwaps,88,0.9933797717094421
xglm_large,facebook/xglm-2.9B,40,4LocalWordSwaps,89,0.9960523843765259
xglm_large,facebook/xglm-2.9B,40,4LocalWordSwaps,90,0.9974749088287354
xglm_large,facebook/xglm-2.9B,40,4LocalWordSwaps,91,0.9976680278778076
xglm_large,facebook/xglm-2.9B,40,4LocalWordSwaps,92,0.9958941340446472
xglm_large,facebook/xglm-2.9B,40,4LocalWordSwaps,93,0.9990228414535522
xglm_large,facebook/xglm-2.9B,40,4LocalWordSwaps,94,0.99556964635849
xglm_large,facebook/xglm-2.9B,40,4LocalWordSwaps,95,0.9971044063568115
xglm_large,facebook/xglm-2.9B,40,4LocalWordSwaps,96,0.998894214630127
xglm_large,facebook/xglm-2.9B,40,4LocalWordSwaps,97,0.9993269443511963
xglm_large,facebook/xglm-2.9B,40,4LocalWordSwaps,98,0.9972476959228516
xglm_large,facebook/xglm-2.9B,40,4LocalWordSwaps,99,0.9986923933029175
xglm_large,facebook/xglm-2.9B,40,4LocalWordSwaps,100,0.996847927570343
xglm_large,facebook/xglm-2.9B,40,4LocalWordSwaps,101,0.998974084854126
xglm_large,facebook/xglm-2.9B,40,4LocalWordSwaps,102,0.9987341165542603
xglm_large,facebook/xglm-2.9B,40,4LocalWordSwaps,103,0.9964390993118286
xglm_large,facebook/xglm-2.9B,40,4LocalWordSwaps,104,0.9979554414749146
xglm_large,facebook/xglm-2.9B,40,4LocalWordSwaps,105,0.9968459010124207
xglm_large,facebook/xglm-2.9B,40,4LocalWordSwaps,106,0.9964458346366882
xglm_large,facebook/xglm-2.9B,40,4LocalWordSwaps,107,0.9926201105117798
xglm_large,facebook/xglm-2.9B,40,4LocalWordSwaps,108,0.9965139627456665
xglm_large,facebook/xglm-2.9B,40,4LocalWordSwaps,109,0.9970936179161072
xglm_large,facebook/xglm-2.9B,40,4LocalWordSwaps,110,0.9917894601821899
xglm_large,facebook/xglm-2.9B,40,4LocalWordSwaps,111,0.9985141754150391
xglm_large,facebook/xglm-2.9B,40,4LocalWordSwaps,112,0.9978030920028687
xglm_large,facebook/xglm-2.9B,40,4LocalWordSwaps,113,0.9988049268722534
xglm_large,facebook/xglm-2.9B,40,4LocalWordSwaps,114,0.9979031682014465
xglm_large,facebook/xglm-2.9B,40,4LocalWordSwaps,115,0.9976600408554077
xglm_large,facebook/xglm-2.9B,40,4LocalWordSwaps,116,0.9977104663848877
xglm_large,facebook/xglm-2.9B,40,4LocalWordSwaps,117,0.997962236404419
xglm_large,facebook/xglm-2.9B,40,4LocalWordSwaps,118,0.9972655177116394
xglm_large,facebook/xglm-2.9B,40,4LocalWordSwaps,119,0.9932128190994263
xglm_large,facebook/xglm-2.9B,40,4LocalWordSwaps,120,0.9993314146995544
xglm_large,facebook/xglm-2.9B,40,4LocalWordSwaps,121,0.9986845850944519
xglm_large,facebook/xglm-2.9B,40,4LocalWordSwaps,122,0.9961546063423157
xglm_large,facebook/xglm-2.9B,40,4LocalWordSwaps,123,0.9978780746459961
xglm_large,facebook/xglm-2.9B,40,4LocalWordSwaps,124,0.9986797571182251
xglm_large,facebook/xglm-2.9B,40,4LocalWordSwaps,125,0.9980575442314148
xglm_large,facebook/xglm-2.9B,40,4LocalWordSwaps,126,0.999549925327301
xglm_large,facebook/xglm-2.9B,40,4LocalWordSwaps,127,0.9956361055374146
xglm_large,facebook/xglm-2.9B,40,4LocalWordSwaps,128,0.9976208209991455
xglm_large,facebook/xglm-2.9B,40,4LocalWordSwaps,129,0.9981551766395569
xglm_large,facebook/xglm-2.9B,40,4LocalWordSwaps,130,0.9983853101730347
xglm_large,facebook/xglm-2.9B,40,4LocalWordSwaps,131,0.9986785650253296
xglm_large,facebook/xglm-2.9B,40,4LocalWordSwaps,132,0.9955588579177856
xglm_large,facebook/xglm-2.9B,40,4LocalWordSwaps,133,0.9980889558792114
xglm_large,facebook/xglm-2.9B,40,4LocalWordSwaps,134,0.9976704716682434
xglm_large,facebook/xglm-2.9B,40,4LocalWordSwaps,135,0.9966000318527222
xglm_large,facebook/xglm-2.9B,40,4LocalWordSwaps,136,0.9992184638977051
xglm_large,facebook/xglm-2.9B,40,4LocalWordSwaps,137,0.9974474310874939
xglm_large,facebook/xglm-2.9B,40,4LocalWordSwaps,138,0.9974933862686157
xglm_large,facebook/xglm-2.9B,40,4LocalWordSwaps,139,0.9960085153579712
xglm_large,facebook/xglm-2.9B,40,4LocalWordSwaps,140,0.9950461387634277
xglm_large,facebook/xglm-2.9B,40,4LocalWordSwaps,141,0.9971691370010376
xglm_large,facebook/xglm-2.9B,40,4LocalWordSwaps,142,0.9976062178611755
xglm_large,facebook/xglm-2.9B,40,4LocalWordSwaps,143,0.999183714389801
xglm_large,facebook/xglm-2.9B,40,4LocalWordSwaps,144,0.9967647790908813
xglm_large,facebook/xglm-2.9B,40,4LocalWordSwaps,145,0.9976423382759094
xglm_large,facebook/xglm-2.9B,40,4LocalWordSwaps,146,0.9968568682670593
xglm_large,facebook/xglm-2.9B,40,4LocalWordSwaps,147,0.9986575841903687
xglm_large,facebook/xglm-2.9B,40,4LocalWordSwaps,148,0.9992537498474121
xglm_large,facebook/xglm-2.9B,40,4LocalWordSwaps,149,0.9988662004470825
xglm_large,facebook/xglm-2.9B,40,4LocalWordSwaps,150,0.9982032775878906
xglm_large,facebook/xglm-2.9B,40,4LocalWordSwaps,151,0.99869704246521
xglm_large,facebook/xglm-2.9B,40,4LocalWordSwaps,152,0.9989238977432251
xglm_large,facebook/xglm-2.9B,40,4LocalWordSwaps,153,0.9905965328216553
xglm_large,facebook/xglm-2.9B,40,4LocalWordSwaps,154,0.9990313053131104
xglm_large,facebook/xglm-2.9B,40,4LocalWordSwaps,155,0.9985002279281616
xglm_large,facebook/xglm-2.9B,40,4LocalWordSwaps,156,0.9974870681762695
xglm_large,facebook/xglm-2.9B,40,4LocalWordSwaps,157,0.9961362481117249
xglm_large,facebook/xglm-2.9B,40,4LocalWordSwaps,158,0.9942062497138977
xglm_large,facebook/xglm-2.9B,40,4LocalWordSwaps,159,0.9978129863739014
xglm_large,facebook/xglm-2.9B,40,4LocalWordSwaps,160,0.9985523819923401
xglm_large,facebook/xglm-2.9B,40,4LocalWordSwaps,161,0.9974471926689148
xglm_large,facebook/xglm-2.9B,40,4LocalWordSwaps,162,0.9901180267333984
xglm_large,facebook/xglm-2.9B,40,4LocalWordSwaps,163,0.9964649081230164
xglm_large,facebook/xglm-2.9B,40,4LocalWordSwaps,164,0.99886554479599
xglm_large,facebook/xglm-2.9B,40,4LocalWordSwaps,165,0.9991312623023987
xglm_large,facebook/xglm-2.9B,40,4LocalWordSwaps,166,0.9981339573860168
xglm_large,facebook/xglm-2.9B,40,4LocalWordSwaps,167,0.9935119152069092
xglm_large,facebook/xglm-2.9B,40,4LocalWordSwaps,168,0.9979157447814941
xglm_large,facebook/xglm-2.9B,40,4LocalWordSwaps,169,0.9981134533882141
xglm_large,facebook/xglm-2.9B,40,4LocalWordSwaps,170,0.9991157054901123
xglm_large,facebook/xglm-2.9B,40,4LocalWordSwaps,171,0.9991966485977173
xglm_large,facebook/xglm-2.9B,40,4LocalWordSwaps,172,0.9989983439445496
xglm_large,facebook/xglm-2.9B,40,4LocalWordSwaps,173,0.9990642666816711
xglm_large,facebook/xglm-2.9B,40,4LocalWordSwaps,174,0.9967710971832275
xglm_large,facebook/xglm-2.9B,40,4LocalWordSwaps,175,0.9984135031700134
xglm_large,facebook/xglm-2.9B,40,4LocalWordSwaps,176,0.9973604679107666
xglm_large,facebook/xglm-2.9B,40,4LocalWordSwaps,177,0.9974533319473267
xglm_large,facebook/xglm-2.9B,40,4LocalWordSwaps,178,0.9984320402145386
xglm_large,facebook/xglm-2.9B,40,4LocalWordSwaps,179,0.9992626905441284
xglm_large,facebook/xglm-2.9B,40,4LocalWordSwaps,180,0.9989688992500305
xglm_large,facebook/xglm-2.9B,40,4LocalWordSwaps,181,0.9962001442909241
xglm_large,facebook/xglm-2.9B,40,4LocalWordSwaps,182,0.9996024966239929
xglm_large,facebook/xglm-2.9B,40,4LocalWordSwaps,183,0.9958862662315369
xglm_large,facebook/xglm-2.9B,40,4LocalWordSwaps,184,0.9938192367553711
xglm_large,facebook/xglm-2.9B,40,4LocalWordSwaps,185,0.9993516206741333
xglm_large,facebook/xglm-2.9B,40,4LocalWordSwaps,186,0.9988241195678711
xglm_large,facebook/xglm-2.9B,40,4LocalWordSwaps,187,0.9989773035049438
xglm_large,facebook/xglm-2.9B,40,4LocalWordSwaps,188,0.9973388910293579
xglm_large,facebook/xglm-2.9B,40,4LocalWordSwaps,189,0.9972111582756042
xglm_large,facebook/xglm-2.9B,40,4LocalWordSwaps,190,0.9987916350364685
xglm_large,facebook/xglm-2.9B,40,4LocalWordSwaps,191,0.9993079304695129
xglm_large,facebook/xglm-2.9B,40,4LocalWordSwaps,192,0.9969913363456726
xglm_large,facebook/xglm-2.9B,40,4LocalWordSwaps,193,0.9947926998138428
xglm_large,facebook/xglm-2.9B,40,4LocalWordSwaps,194,0.9980012774467468
xglm_large,facebook/xglm-2.9B,40,4LocalWordSwaps,195,0.9995556473731995
xglm_large,facebook/xglm-2.9B,40,4LocalWordSwaps,196,0.9951571822166443
xglm_large,facebook/xglm-2.9B,40,4LocalWordSwaps,197,0.9992973804473877
xglm_large,facebook/xglm-2.9B,40,4LocalWordSwaps,198,0.9990271329879761
xglm_large,facebook/xglm-2.9B,40,4LocalWordSwaps,199,0.9957900047302246
xglm_large,facebook/xglm-2.9B,40,4LocalWordSwaps,200,0.9979056715965271
xglm_large,facebook/xglm-2.9B,40,4LocalWordSwaps,201,0.9963979721069336
xglm_large,facebook/xglm-2.9B,40,4LocalWordSwaps,202,0.9990772008895874
xglm_large,facebook/xglm-2.9B,40,4LocalWordSwaps,203,0.9931892156600952
xglm_large,facebook/xglm-2.9B,40,4LocalWordSwaps,204,0.9986613392829895
xglm_large,facebook/xglm-2.9B,40,4LocalWordSwaps,205,0.9979354739189148
xglm_large,facebook/xglm-2.9B,40,4LocalWordSwaps,206,0.9944256544113159
xglm_large,facebook/xglm-2.9B,40,4LocalWordSwaps,207,0.9995880722999573
xglm_large,facebook/xglm-2.9B,40,4LocalWordSwaps,208,0.9981948137283325
xglm_large,facebook/xglm-2.9B,40,4LocalWordSwaps,209,0.9981884360313416
xglm_large,facebook/xglm-2.9B,40,4LocalWordSwaps,210,0.9977783560752869
xglm_large,facebook/xglm-2.9B,40,4LocalWordSwaps,211,0.997502863407135
xglm_large,facebook/xglm-2.9B,40,4LocalWordSwaps,212,0.997056782245636
xglm_large,facebook/xglm-2.9B,40,4LocalWordSwaps,213,0.9992811679840088
xglm_large,facebook/xglm-2.9B,40,4LocalWordSwaps,214,0.9987204670906067
xglm_large,facebook/xglm-2.9B,40,4LocalWordSwaps,215,0.9953953623771667
xglm_large,facebook/xglm-2.9B,40,4LocalWordSwaps,216,0.997854471206665
xglm_large,facebook/xglm-2.9B,40,4LocalWordSwaps,217,0.9973965287208557
xglm_large,facebook/xglm-2.9B,40,4LocalWordSwaps,218,0.9988458156585693
xglm_large,facebook/xglm-2.9B,40,4LocalWordSwaps,219,0.9986194968223572
xglm_large,facebook/xglm-2.9B,40,4LocalWordSwaps,220,0.991689920425415
xglm_large,facebook/xglm-2.9B,40,4LocalWordSwaps,221,0.9985700249671936
xglm_large,facebook/xglm-2.9B,40,4LocalWordSwaps,222,0.9973530173301697
xglm_large,facebook/xglm-2.9B,40,4LocalWordSwaps,223,0.9991266131401062
xglm_large,facebook/xglm-2.9B,40,4LocalWordSwaps,224,0.9988020658493042
xglm_large,facebook/xglm-2.9B,40,4LocalWordSwaps,225,0.9969334602355957
xglm_large,facebook/xglm-2.9B,40,4LocalWordSwaps,226,0.998175859451294
xglm_large,facebook/xglm-2.9B,40,4LocalWordSwaps,227,0.9982686638832092
xglm_large,facebook/xglm-2.9B,40,4LocalWordSwaps,228,0.9970680475234985
xglm_large,facebook/xglm-2.9B,40,4LocalWordSwaps,229,0.9987522959709167
xglm_large,facebook/xglm-2.9B,40,4LocalWordSwaps,230,0.9988015294075012
xglm_large,facebook/xglm-2.9B,40,4LocalWordSwaps,231,0.9993195533752441
xglm_large,facebook/xglm-2.9B,40,4LocalWordSwaps,232,0.9923538565635681
xglm_large,facebook/xglm-2.9B,40,4LocalWordSwaps,233,0.9988332390785217
xglm_large,facebook/xglm-2.9B,40,4LocalWordSwaps,234,0.9978300929069519
xglm_large,facebook/xglm-2.9B,40,4LocalWordSwaps,235,0.9978691339492798
xglm_large,facebook/xglm-2.9B,40,4LocalWordSwaps,236,0.9982779622077942
xglm_large,facebook/xglm-2.9B,40,4LocalWordSwaps,237,0.9959834814071655
xglm_large,facebook/xglm-2.9B,40,4LocalWordSwaps,238,0.9997520446777344
xglm_large,facebook/xglm-2.9B,40,4LocalWordSwaps,239,0.9934982657432556
xglm_large,facebook/xglm-2.9B,40,4LocalWordSwaps,240,0.9981077909469604
xglm_large,facebook/xglm-2.9B,40,4LocalWordSwaps,241,0.998617947101593
xglm_large,facebook/xglm-2.9B,40,4LocalWordSwaps,242,0.9980250000953674
xglm_large,facebook/xglm-2.9B,40,4LocalWordSwaps,243,0.9958285093307495
xglm_large,facebook/xglm-2.9B,40,4LocalWordSwaps,244,0.9991843700408936
xglm_large,facebook/xglm-2.9B,40,4LocalWordSwaps,245,0.9981146454811096
xglm_large,facebook/xglm-2.9B,40,4LocalWordSwaps,246,0.9979984760284424
xglm_large,facebook/xglm-2.9B,40,4LocalWordSwaps,247,0.9979000687599182
xglm_large,facebook/xglm-2.9B,40,4LocalWordSwaps,248,0.9987879395484924
xglm_large,facebook/xglm-2.9B,40,4LocalWordSwaps,249,0.9976564645767212
xglm_large,facebook/xglm-2.9B,40,4LocalWordSwaps,250,0.9931733012199402
xglm_large,facebook/xglm-2.9B,40,4LocalWordSwaps,251,0.9948068857192993
xglm_large,facebook/xglm-2.9B,40,4LocalWordSwaps,252,0.9960063099861145
xglm_large,facebook/xglm-2.9B,40,4LocalWordSwaps,253,0.9982092380523682
xglm_large,facebook/xglm-2.9B,40,4LocalWordSwaps,254,0.9948304295539856
xglm_large,facebook/xglm-2.9B,40,4LocalWordSwaps,255,0.9993081092834473
xglm_large,facebook/xglm-2.9B,40,4LocalWordSwaps,256,0.997773289680481
xglm_large,facebook/xglm-2.9B,40,4LocalWordSwaps,257,0.9988312125205994
xglm_large,facebook/xglm-2.9B,40,4LocalWordSwaps,258,0.9971283078193665
xglm_large,facebook/xglm-2.9B,40,4LocalWordSwaps,259,0.9932852387428284
xglm_large,facebook/xglm-2.9B,40,4LocalWordSwaps,260,0.9983535408973694
xglm_large,facebook/xglm-2.9B,40,4LocalWordSwaps,261,0.995686948299408
xglm_large,facebook/xglm-2.9B,40,4LocalWordSwaps,262,0.9961601495742798
xglm_large,facebook/xglm-2.9B,40,4LocalWordSwaps,263,0.9973337650299072
xglm_large,facebook/xglm-2.9B,40,4LocalWordSwaps,264,0.9959143996238708
xglm_large,facebook/xglm-2.9B,40,4LocalWordSwaps,265,0.9947431683540344
xglm_large,facebook/xglm-2.9B,40,4LocalWordSwaps,266,0.9998347759246826
xglm_large,facebook/xglm-2.9B,40,4LocalWordSwaps,267,0.9971528053283691
xglm_large,facebook/xglm-2.9B,40,4LocalWordSwaps,268,0.9994765520095825
xglm_large,facebook/xglm-2.9B,40,4LocalWordSwaps,269,0.9933903217315674
xglm_large,facebook/xglm-2.9B,40,4LocalWordSwaps,270,0.9990679025650024
xglm_large,facebook/xglm-2.9B,40,4LocalWordSwaps,271,0.9975099563598633
xglm_large,facebook/xglm-2.9B,40,4LocalWordSwaps,272,0.9995189905166626
xglm_large,facebook/xglm-2.9B,40,4LocalWordSwaps,273,0.9986875653266907
xglm_large,facebook/xglm-2.9B,40,4LocalWordSwaps,274,0.9990696310997009
xglm_large,facebook/xglm-2.9B,40,4LocalWordSwaps,275,0.9965112209320068
xglm_large,facebook/xglm-2.9B,40,4LocalWordSwaps,276,0.9992552995681763
xglm_large,facebook/xglm-2.9B,40,4LocalWordSwaps,277,0.9979439377784729
xglm_large,facebook/xglm-2.9B,40,4LocalWordSwaps,278,0.9991801381111145
xglm_large,facebook/xglm-2.9B,40,4LocalWordSwaps,279,0.9976731538772583
xglm_large,facebook/xglm-2.9B,40,4LocalWordSwaps,280,0.9991618394851685
xglm_large,facebook/xglm-2.9B,40,4LocalWordSwaps,281,0.9973405003547668
xglm_large,facebook/xglm-2.9B,40,4LocalWordSwaps,282,0.9997699856758118
xglm_large,facebook/xglm-2.9B,40,4LocalWordSwaps,283,0.9971805810928345
xglm_large,facebook/xglm-2.9B,40,4LocalWordSwaps,284,0.9990199208259583
xglm_large,facebook/xglm-2.9B,40,4LocalWordSwaps,285,0.999274492263794
xglm_large,facebook/xglm-2.9B,40,4LocalWordSwaps,286,0.9980992674827576
xglm_large,facebook/xglm-2.9B,40,4LocalWordSwaps,287,0.9945337772369385
xglm_large,facebook/xglm-2.9B,40,4LocalWordSwaps,288,0.9945674538612366
xglm_large,facebook/xglm-2.9B,40,4LocalWordSwaps,289,0.9983290433883667
xglm_large,facebook/xglm-2.9B,40,4LocalWordSwaps,290,0.9902104139328003
xglm_large,facebook/xglm-2.9B,40,4LocalWordSwaps,291,0.9974663853645325
xglm_large,facebook/xglm-2.9B,40,4LocalWordSwaps,292,0.9993692636489868
xglm_large,facebook/xglm-2.9B,40,4LocalWordSwaps,293,0.9976611137390137
xglm_large,facebook/xglm-2.9B,40,4LocalWordSwaps,294,0.9964610934257507
xglm_large,facebook/xglm-2.9B,40,4LocalWordSwaps,295,0.9974515438079834
xglm_large,facebook/xglm-2.9B,40,4LocalWordSwaps,296,0.9971516132354736
xglm_large,facebook/xglm-2.9B,40,4LocalWordSwaps,297,0.9967211484909058
xglm_large,facebook/xglm-2.9B,40,4LocalWordSwaps,298,0.9939611554145813
xglm_large,facebook/xglm-2.9B,40,4LocalWordSwaps,299,0.9933884739875793
xglm_large,facebook/xglm-2.9B,40,4LocalWordSwaps,300,0.9981819987297058
xglm_large,facebook/xglm-2.9B,40,4LocalWordSwaps,301,0.999659538269043
xglm_large,facebook/xglm-2.9B,40,4LocalWordSwaps,302,0.9968409538269043
xglm_large,facebook/xglm-2.9B,40,4LocalWordSwaps,303,0.9967182874679565
xglm_large,facebook/xglm-2.9B,40,4LocalWordSwaps,304,0.9995598196983337
xglm_large,facebook/xglm-2.9B,40,4LocalWordSwaps,305,0.9987042546272278
xglm_large,facebook/xglm-2.9B,40,4LocalWordSwaps,306,0.9992401599884033
xglm_large,facebook/xglm-2.9B,40,4LocalWordSwaps,307,0.9982729554176331
xglm_large,facebook/xglm-2.9B,40,4LocalWordSwaps,308,0.9972335696220398
xglm_large,facebook/xglm-2.9B,40,4LocalWordSwaps,309,0.9993603229522705
xglm_large,facebook/xglm-2.9B,40,4LocalWordSwaps,310,0.992158055305481
xglm_large,facebook/xglm-2.9B,40,4LocalWordSwaps,311,0.9982702136039734
xglm_large,facebook/xglm-2.9B,40,4LocalWordSwaps,312,0.9992956519126892
xglm_large,facebook/xglm-2.9B,40,4LocalWordSwaps,313,0.9975705146789551
xglm_large,facebook/xglm-2.9B,40,4LocalWordSwaps,314,0.9967645406723022
xglm_large,facebook/xglm-2.9B,40,4LocalWordSwaps,315,0.993048369884491
xglm_large,facebook/xglm-2.9B,40,4LocalWordSwaps,316,0.9951376914978027
xglm_large,facebook/xglm-2.9B,40,4LocalWordSwaps,317,0.9979866743087769
xglm_large,facebook/xglm-2.9B,40,4LocalWordSwaps,318,0.9985615015029907
xglm_large,facebook/xglm-2.9B,40,4LocalWordSwaps,319,0.993809700012207
xglm_large,facebook/xglm-2.9B,40,4LocalWordSwaps,320,0.9973587989807129
xglm_large,facebook/xglm-2.9B,40,4LocalWordSwaps,321,0.9965720772743225
xglm_large,facebook/xglm-2.9B,40,4LocalWordSwaps,322,0.9976795315742493
xglm_large,facebook/xglm-2.9B,40,4LocalWordSwaps,323,0.9993887543678284
xglm_large,facebook/xglm-2.9B,40,4LocalWordSwaps,324,0.9994482398033142
xglm_large,facebook/xglm-2.9B,40,4LocalWordSwaps,325,0.9978135824203491
xglm_large,facebook/xglm-2.9B,40,4LocalWordSwaps,326,0.9960431456565857
xglm_large,facebook/xglm-2.9B,40,4LocalWordSwaps,327,0.9975435137748718
xglm_large,facebook/xglm-2.9B,40,4LocalWordSwaps,328,0.9993862509727478
xglm_large,facebook/xglm-2.9B,40,4LocalWordSwaps,329,0.9986705780029297
xglm_large,facebook/xglm-2.9B,40,4LocalWordSwaps,330,0.9976217746734619
xglm_large,facebook/xglm-2.9B,40,4LocalWordSwaps,331,0.9923303127288818
xglm_large,facebook/xglm-2.9B,40,4LocalWordSwaps,332,0.9967555403709412
xglm_large,facebook/xglm-2.9B,40,4LocalWordSwaps,333,0.9965261220932007
xglm_large,facebook/xglm-2.9B,40,4LocalWordSwaps,334,0.9944369196891785
xglm_large,facebook/xglm-2.9B,40,4LocalWordSwaps,335,0.9974958896636963
xglm_large,facebook/xglm-2.9B,40,4LocalWordSwaps,336,0.9989553093910217
xglm_large,facebook/xglm-2.9B,40,4LocalWordSwaps,337,0.9989572763442993
xglm_large,facebook/xglm-2.9B,40,4LocalWordSwaps,338,0.9985530376434326
xglm_large,facebook/xglm-2.9B,40,4LocalWordSwaps,339,0.9964455962181091
xglm_large,facebook/xglm-2.9B,40,4LocalWordSwaps,340,0.9996695518493652
xglm_large,facebook/xglm-2.9B,40,4LocalWordSwaps,341,0.9984669089317322
xglm_large,facebook/xglm-2.9B,40,4LocalWordSwaps,342,0.9983205795288086
xglm_large,facebook/xglm-2.9B,40,4LocalWordSwaps,343,0.9989261627197266
xglm_large,facebook/xglm-2.9B,40,4LocalWordSwaps,344,0.9975881576538086
xglm_large,facebook/xglm-2.9B,40,4LocalWordSwaps,345,0.9973897933959961
xglm_large,facebook/xglm-2.9B,40,4LocalWordSwaps,346,0.9966821670532227
xglm_large,facebook/xglm-2.9B,40,4LocalWordSwaps,347,0.9982530474662781
xglm_large,facebook/xglm-2.9B,40,4LocalWordSwaps,348,0.9973859786987305
xglm_large,facebook/xglm-2.9B,40,4LocalWordSwaps,349,0.9979317784309387
xglm_large,facebook/xglm-2.9B,40,4LocalWordSwaps,350,0.9990773797035217
xglm_large,facebook/xglm-2.9B,40,4LocalWordSwaps,351,0.9971873164176941
xglm_large,facebook/xglm-2.9B,40,4LocalWordSwaps,352,0.9972754716873169
xglm_large,facebook/xglm-2.9B,40,4LocalWordSwaps,353,0.9995837807655334
xglm_large,facebook/xglm-2.9B,40,4LocalWordSwaps,354,0.9966069459915161
xglm_large,facebook/xglm-2.9B,40,4LocalWordSwaps,355,0.9979383945465088
xglm_large,facebook/xglm-2.9B,40,4LocalWordSwaps,356,0.9987668991088867
xglm_large,facebook/xglm-2.9B,40,4LocalWordSwaps,357,0.9979173541069031
xglm_large,facebook/xglm-2.9B,40,4LocalWordSwaps,358,0.999444305896759
xglm_large,facebook/xglm-2.9B,40,4LocalWordSwaps,359,0.9978967308998108
xglm_large,facebook/xglm-2.9B,40,4LocalWordSwaps,360,0.996718168258667
xglm_large,facebook/xglm-2.9B,40,4LocalWordSwaps,361,0.9966690540313721
xglm_large,facebook/xglm-2.9B,40,4LocalWordSwaps,362,0.9981810450553894
xglm_large,facebook/xglm-2.9B,40,4LocalWordSwaps,363,0.9989420771598816
xglm_large,facebook/xglm-2.9B,40,4LocalWordSwaps,364,0.9964075088500977
xglm_large,facebook/xglm-2.9B,40,4LocalWordSwaps,365,0.997437596321106
xglm_large,facebook/xglm-2.9B,40,4LocalWordSwaps,366,0.9966397881507874
xglm_large,facebook/xglm-2.9B,40,4LocalWordSwaps,367,0.99859219789505
xglm_large,facebook/xglm-2.9B,40,4LocalWordSwaps,368,0.9982646703720093
xglm_large,facebook/xglm-2.9B,40,4LocalWordSwaps,369,0.9991225600242615
xglm_large,facebook/xglm-2.9B,40,4LocalWordSwaps,370,0.9993413090705872
xglm_large,facebook/xglm-2.9B,40,4LocalWordSwaps,371,0.9979182481765747
xglm_large,facebook/xglm-2.9B,40,4LocalWordSwaps,372,0.9979187846183777
xglm_large,facebook/xglm-2.9B,40,4LocalWordSwaps,373,0.9946665167808533
xglm_large,facebook/xglm-2.9B,40,4LocalWordSwaps,374,0.9940637350082397
xglm_large,facebook/xglm-2.9B,40,4LocalWordSwaps,375,0.9995978474617004
xglm_large,facebook/xglm-2.9B,40,4LocalWordSwaps,376,0.9992597103118896
xglm_large,facebook/xglm-2.9B,40,4LocalWordSwaps,377,0.9975889921188354
xglm_large,facebook/xglm-2.9B,40,4LocalWordSwaps,378,0.9993884563446045
xglm_large,facebook/xglm-2.9B,40,4LocalWordSwaps,379,0.997795045375824
xglm_large,facebook/xglm-2.9B,40,4LocalWordSwaps,380,0.9973856210708618
xglm_large,facebook/xglm-2.9B,40,4LocalWordSwaps,381,0.9994049668312073
xglm_large,facebook/xglm-2.9B,40,4LocalWordSwaps,382,0.9967910051345825
xglm_large,facebook/xglm-2.9B,40,4LocalWordSwaps,383,0.9979627132415771
xglm_large,facebook/xglm-2.9B,40,4LocalWordSwaps,384,0.9959016442298889
xglm_large,facebook/xglm-2.9B,40,4LocalWordSwaps,385,0.9965229630470276
xglm_large,facebook/xglm-2.9B,40,4LocalWordSwaps,386,0.9962713122367859
xglm_large,facebook/xglm-2.9B,40,4LocalWordSwaps,387,0.997206449508667
xglm_large,facebook/xglm-2.9B,40,4LocalWordSwaps,388,0.9957247376441956
xglm_large,facebook/xglm-2.9B,40,4LocalWordSwaps,389,0.9902418851852417
xglm_large,facebook/xglm-2.9B,40,4LocalWordSwaps,390,0.9985496997833252
xglm_large,facebook/xglm-2.9B,40,4LocalWordSwaps,391,0.9982874393463135
xglm_large,facebook/xglm-2.9B,40,4LocalWordSwaps,392,0.9973315596580505
xglm_large,facebook/xglm-2.9B,40,4LocalWordSwaps,393,0.9983638525009155
xglm_large,facebook/xglm-2.9B,40,4LocalWordSwaps,394,0.9959073066711426
xglm_large,facebook/xglm-2.9B,40,4LocalWordSwaps,395,0.9983152151107788
xglm_large,facebook/xglm-2.9B,40,4LocalWordSwaps,396,0.9989671111106873
xglm_large,facebook/xglm-2.9B,40,4LocalWordSwaps,397,0.9977352619171143
xglm_large,facebook/xglm-2.9B,40,4LocalWordSwaps,398,0.9977089166641235
xglm_large,facebook/xglm-2.9B,40,4LocalWordSwaps,399,0.9956591129302979
xglm_large,facebook/xglm-2.9B,40,4LocalWordSwaps,400,0.9988370537757874
xglm_large,facebook/xglm-2.9B,40,4LocalWordSwaps,401,0.99879390001297
xglm_large,facebook/xglm-2.9B,40,4LocalWordSwaps,402,0.999061107635498
xglm_large,facebook/xglm-2.9B,40,4LocalWordSwaps,403,0.9902417659759521
xglm_large,facebook/xglm-2.9B,40,4LocalWordSwaps,404,0.9947308301925659
xglm_large,facebook/xglm-2.9B,40,4LocalWordSwaps,405,0.9991250038146973
xglm_large,facebook/xglm-2.9B,40,4LocalWordSwaps,406,0.9987649917602539
xglm_large,facebook/xglm-2.9B,40,4LocalWordSwaps,407,0.9976791143417358
xglm_large,facebook/xglm-2.9B,40,4LocalWordSwaps,408,0.9985895156860352
xglm_large,facebook/xglm-2.9B,40,4LocalWordSwaps,409,0.9958949089050293
xglm_large,facebook/xglm-2.9B,40,4LocalWordSwaps,410,0.9975327849388123
xglm_large,facebook/xglm-2.9B,40,4LocalWordSwaps,411,0.9962719082832336
xglm_large,facebook/xglm-2.9B,40,4LocalWordSwaps,412,0.9984100461006165
xglm_large,facebook/xglm-2.9B,40,4LocalWordSwaps,413,0.9965404272079468
xglm_large,facebook/xglm-2.9B,40,4LocalWordSwaps,414,0.9996459484100342
xglm_large,facebook/xglm-2.9B,40,4LocalWordSwaps,415,0.9986472725868225
xglm_large,facebook/xglm-2.9B,40,4LocalWordSwaps,416,0.9983432292938232
xglm_large,facebook/xglm-2.9B,40,4LocalWordSwaps,417,0.9997090101242065
xglm_large,facebook/xglm-2.9B,40,4LocalWordSwaps,418,0.9974929690361023
xglm_large,facebook/xglm-2.9B,40,4LocalWordSwaps,419,0.9958630204200745
xglm_large,facebook/xglm-2.9B,40,4LocalWordSwaps,420,0.9992799162864685
xglm_large,facebook/xglm-2.9B,40,4LocalWordSwaps,421,0.9943369030952454
xglm_large,facebook/xglm-2.9B,40,4LocalWordSwaps,422,0.9966515302658081
xglm_large,facebook/xglm-2.9B,40,4LocalWordSwaps,423,0.9996028542518616
xglm_large,facebook/xglm-2.9B,40,4LocalWordSwaps,424,0.9971942901611328
xglm_large,facebook/xglm-2.9B,40,4LocalWordSwaps,425,0.9933350682258606
xglm_large,facebook/xglm-2.9B,40,4LocalWordSwaps,426,0.996915340423584
xglm_large,facebook/xglm-2.9B,40,4LocalWordSwaps,427,0.9973425269126892
xglm_large,facebook/xglm-2.9B,40,4LocalWordSwaps,428,0.998200535774231
xglm_large,facebook/xglm-2.9B,40,4LocalWordSwaps,429,0.9983037710189819
xglm_large,facebook/xglm-2.9B,40,4LocalWordSwaps,430,0.9957615733146667
xglm_large,facebook/xglm-2.9B,40,4LocalWordSwaps,431,0.9971108436584473
xglm_large,facebook/xglm-2.9B,40,4LocalWordSwaps,432,0.9996612071990967
xglm_large,facebook/xglm-2.9B,40,4LocalWordSwaps,433,0.9980294108390808
xglm_large,facebook/xglm-2.9B,40,4LocalWordSwaps,434,0.9967876672744751
xglm_large,facebook/xglm-2.9B,40,4LocalWordSwaps,435,0.9988455772399902
xglm_large,facebook/xglm-2.9B,40,4LocalWordSwaps,436,0.9968221187591553
xglm_large,facebook/xglm-2.9B,40,4LocalWordSwaps,437,0.997870922088623
xglm_large,facebook/xglm-2.9B,40,4LocalWordSwaps,438,0.9978592395782471
xglm_large,facebook/xglm-2.9B,40,4LocalWordSwaps,439,0.9987645149230957
xglm_large,facebook/xglm-2.9B,40,4LocalWordSwaps,440,0.9988278746604919
xglm_large,facebook/xglm-2.9B,40,4LocalWordSwaps,441,0.9970213174819946
xglm_large,facebook/xglm-2.9B,40,4LocalWordSwaps,442,0.9958290457725525
xglm_large,facebook/xglm-2.9B,40,4LocalWordSwaps,443,0.9979588985443115
xglm_large,facebook/xglm-2.9B,40,4LocalWordSwaps,444,0.9986978769302368
xglm_large,facebook/xglm-2.9B,40,4LocalWordSwaps,445,0.9981834292411804
xglm_large,facebook/xglm-2.9B,40,4LocalWordSwaps,446,0.9973434209823608
xglm_large,facebook/xglm-2.9B,40,4LocalWordSwaps,447,0.9936962723731995
xglm_large,facebook/xglm-2.9B,40,4LocalWordSwaps,448,0.9981151819229126
xglm_large,facebook/xglm-2.9B,40,4LocalWordSwaps,449,0.9986310005187988
xglm_large,facebook/xglm-2.9B,40,4LocalWordSwaps,450,0.9993648529052734
xglm_large,facebook/xglm-2.9B,40,4LocalWordSwaps,451,0.9921948909759521
xglm_large,facebook/xglm-2.9B,40,4LocalWordSwaps,452,0.9970753788948059
xglm_large,facebook/xglm-2.9B,40,4LocalWordSwaps,453,0.9989011287689209
xglm_large,facebook/xglm-2.9B,40,4LocalWordSwaps,454,0.9979262948036194
xglm_large,facebook/xglm-2.9B,40,4LocalWordSwaps,455,0.997276246547699
xglm_large,facebook/xglm-2.9B,40,4LocalWordSwaps,456,0.9995254278182983
xglm_large,facebook/xglm-2.9B,40,4LocalWordSwaps,457,0.9976398944854736
xglm_large,facebook/xglm-2.9B,40,4LocalWordSwaps,458,0.9982830882072449
xglm_large,facebook/xglm-2.9B,40,4LocalWordSwaps,459,0.9987932443618774
xglm_large,facebook/xglm-2.9B,40,4LocalWordSwaps,460,0.9974489808082581
xglm_large,facebook/xglm-2.9B,40,4LocalWordSwaps,461,0.9944398999214172
xglm_large,facebook/xglm-2.9B,40,4LocalWordSwaps,462,0.9958073496818542
xglm_large,facebook/xglm-2.9B,40,4LocalWordSwaps,463,0.9970119595527649
xglm_large,facebook/xglm-2.9B,40,4LocalWordSwaps,464,0.9974266886711121
xglm_large,facebook/xglm-2.9B,40,4LocalWordSwaps,465,0.9984638690948486
xglm_large,facebook/xglm-2.9B,40,4LocalWordSwaps,466,0.9975441694259644
xglm_large,facebook/xglm-2.9B,40,4LocalWordSwaps,467,0.9974837303161621
xglm_large,facebook/xglm-2.9B,40,4LocalWordSwaps,468,0.9994730353355408
xglm_large,facebook/xglm-2.9B,40,4LocalWordSwaps,469,0.9988494515419006
xglm_large,facebook/xglm-2.9B,40,4LocalWordSwaps,470,0.9962968826293945
xglm_large,facebook/xglm-2.9B,40,4LocalWordSwaps,471,0.9963966608047485
xglm_large,facebook/xglm-2.9B,40,4LocalWordSwaps,472,0.9988316893577576
xglm_large,facebook/xglm-2.9B,40,4LocalWordSwaps,473,0.998272180557251
xglm_large,facebook/xglm-2.9B,40,4LocalWordSwaps,474,0.9990937113761902
xglm_large,facebook/xglm-2.9B,40,4LocalWordSwaps,475,0.9993909597396851
xglm_large,facebook/xglm-2.9B,40,4LocalWordSwaps,476,0.9969601631164551
xglm_large,facebook/xglm-2.9B,40,4LocalWordSwaps,477,0.997539758682251
xglm_large,facebook/xglm-2.9B,40,4LocalWordSwaps,478,0.9995222687721252
xglm_large,facebook/xglm-2.9B,40,4LocalWordSwaps,479,0.9933367967605591
xglm_large,facebook/xglm-2.9B,40,4LocalWordSwaps,480,0.9977861642837524
xglm_large,facebook/xglm-2.9B,40,4LocalWordSwaps,481,0.9962063431739807
xglm_large,facebook/xglm-2.9B,40,4LocalWordSwaps,482,0.9962689876556396
xglm_large,facebook/xglm-2.9B,40,4LocalWordSwaps,483,0.9974088668823242
xglm_large,facebook/xglm-2.9B,40,4LocalWordSwaps,484,0.9979656338691711
xglm_large,facebook/xglm-2.9B,40,4LocalWordSwaps,485,0.9987443685531616
xglm_large,facebook/xglm-2.9B,40,4LocalWordSwaps,486,0.9986497759819031
xglm_large,facebook/xglm-2.9B,40,4LocalWordSwaps,487,0.9973058700561523
xglm_large,facebook/xglm-2.9B,40,4LocalWordSwaps,488,0.9981669187545776
xglm_large,facebook/xglm-2.9B,40,4LocalWordSwaps,489,0.9956762790679932
xglm_large,facebook/xglm-2.9B,40,4LocalWordSwaps,490,0.9986042976379395
xglm_large,facebook/xglm-2.9B,40,4LocalWordSwaps,491,0.996645450592041
xglm_large,facebook/xglm-2.9B,40,4LocalWordSwaps,492,0.9984942078590393
xglm_large,facebook/xglm-2.9B,40,4LocalWordSwaps,493,0.9989056587219238
xglm_large,facebook/xglm-2.9B,40,4LocalWordSwaps,494,0.9991457462310791
xglm_large,facebook/xglm-2.9B,40,4LocalWordSwaps,495,0.9983962178230286
xglm_large,facebook/xglm-2.9B,40,4LocalWordSwaps,496,0.9981186985969543
xglm_large,facebook/xglm-2.9B,40,4LocalWordSwaps,497,0.9986571669578552
xglm_large,facebook/xglm-2.9B,40,4LocalWordSwaps,498,0.9959596395492554
xglm_large,facebook/xglm-2.9B,40,4LocalWordSwaps,499,0.9908915758132935
xglm_large,facebook/xglm-2.9B,40,4LocalWordSwaps,500,0.9986925721168518
xglm_large,facebook/xglm-2.9B,40,4LocalWordSwaps,501,0.9941286444664001
xglm_large,facebook/xglm-2.9B,40,4LocalWordSwaps,502,0.9965003132820129
xglm_large,facebook/xglm-2.9B,40,4LocalWordSwaps,503,0.9958851337432861
xglm_large,facebook/xglm-2.9B,40,4LocalWordSwaps,504,0.9974684715270996
xglm_large,facebook/xglm-2.9B,40,4LocalWordSwaps,505,0.9984102845191956
xglm_large,facebook/xglm-2.9B,40,4LocalWordSwaps,506,0.9972620010375977
xglm_large,facebook/xglm-2.9B,40,4LocalWordSwaps,507,0.9967947006225586
xglm_large,facebook/xglm-2.9B,40,4LocalWordSwaps,508,0.9937642812728882
xglm_large,facebook/xglm-2.9B,40,4LocalWordSwaps,509,0.9975318312644958
xglm_large,facebook/xglm-2.9B,40,4LocalWordSwaps,510,0.9955202341079712
xglm_large,facebook/xglm-2.9B,40,4LocalWordSwaps,511,0.9990411996841431
xglm_large,facebook/xglm-2.9B,40,4LocalWordSwaps,512,0.9997166991233826
xglm_large,facebook/xglm-2.9B,40,4LocalWordSwaps,513,0.9986444711685181
xglm_large,facebook/xglm-2.9B,40,4LocalWordSwaps,514,0.9968240261077881
xglm_large,facebook/xglm-2.9B,40,4LocalWordSwaps,515,0.9938456416130066
xglm_large,facebook/xglm-2.9B,40,4LocalWordSwaps,516,0.9951211214065552
xglm_large,facebook/xglm-2.9B,40,4LocalWordSwaps,517,0.9992892742156982
xglm_large,facebook/xglm-2.9B,40,4LocalWordSwaps,518,0.9957470893859863
xglm_large,facebook/xglm-2.9B,40,4LocalWordSwaps,519,0.9969576597213745
xglm_large,facebook/xglm-2.9B,40,4LocalWordSwaps,520,0.9979177117347717
xglm_large,facebook/xglm-2.9B,40,4LocalWordSwaps,521,0.9991116523742676
xglm_large,facebook/xglm-2.9B,40,4LocalWordSwaps,522,0.9975969791412354
xglm_large,facebook/xglm-2.9B,40,4LocalWordSwaps,523,0.9975419044494629
xglm_large,facebook/xglm-2.9B,40,4LocalWordSwaps,524,0.9968597292900085
xglm_large,facebook/xglm-2.9B,40,4LocalWordSwaps,525,0.9990931153297424
xglm_large,facebook/xglm-2.9B,40,4LocalWordSwaps,526,0.9984478950500488
xglm_large,facebook/xglm-2.9B,40,4LocalWordSwaps,527,0.9983215928077698
xglm_large,facebook/xglm-2.9B,40,4LocalWordSwaps,528,0.9976983070373535
xglm_large,facebook/xglm-2.9B,40,4LocalWordSwaps,529,0.996309757232666
xglm_large,facebook/xglm-2.9B,40,4LocalWordSwaps,530,0.9994165897369385
xglm_large,facebook/xglm-2.9B,40,4LocalWordSwaps,531,0.9972308874130249
xglm_large,facebook/xglm-2.9B,40,4LocalWordSwaps,532,0.9986953735351562
xglm_large,facebook/xglm-2.9B,40,4LocalWordSwaps,533,0.99941486120224
xglm_large,facebook/xglm-2.9B,40,4LocalWordSwaps,534,0.9945845603942871
xglm_large,facebook/xglm-2.9B,40,4LocalWordSwaps,535,0.9975290894508362
xglm_large,facebook/xglm-2.9B,40,4LocalWordSwaps,536,0.9984372854232788
xglm_large,facebook/xglm-2.9B,40,4LocalWordSwaps,537,0.9962304830551147
xglm_large,facebook/xglm-2.9B,40,4LocalWordSwaps,538,0.9965702295303345
xglm_large,facebook/xglm-2.9B,40,4LocalWordSwaps,539,0.9969888925552368
xglm_large,facebook/xglm-2.9B,40,4LocalWordSwaps,540,0.9937891960144043
xglm_large,facebook/xglm-2.9B,40,4LocalWordSwaps,541,0.9993675947189331
xglm_large,facebook/xglm-2.9B,40,4LocalWordSwaps,542,0.9985730648040771
xglm_large,facebook/xglm-2.9B,40,4LocalWordSwaps,543,0.9985055923461914
xglm_large,facebook/xglm-2.9B,40,4LocalWordSwaps,544,0.9968109726905823
xglm_large,facebook/xglm-2.9B,40,4LocalWordSwaps,545,0.9994382262229919
xglm_large,facebook/xglm-2.9B,40,4LocalWordSwaps,546,0.9992993474006653
xglm_large,facebook/xglm-2.9B,40,4LocalWordSwaps,547,0.9985336065292358
xglm_large,facebook/xglm-2.9B,40,4LocalWordSwaps,548,0.9996327757835388
xglm_large,facebook/xglm-2.9B,40,4LocalWordSwaps,549,0.9969006776809692
xglm_large,facebook/xglm-2.9B,40,4LocalWordSwaps,550,0.9933087825775146
xglm_large,facebook/xglm-2.9B,40,4LocalWordSwaps,551,0.9992861151695251
xglm_large,facebook/xglm-2.9B,40,4LocalWordSwaps,552,0.9975801110267639
xglm_large,facebook/xglm-2.9B,40,4LocalWordSwaps,553,0.9981852769851685
xglm_large,facebook/xglm-2.9B,40,4LocalWordSwaps,554,0.9989707469940186
xglm_large,facebook/xglm-2.9B,40,4LocalWordSwaps,555,0.9967072606086731
xglm_large,facebook/xglm-2.9B,40,4LocalWordSwaps,556,0.9973070621490479
xglm_large,facebook/xglm-2.9B,40,4LocalWordSwaps,557,0.9978704452514648
xglm_large,facebook/xglm-2.9B,40,4LocalWordSwaps,558,0.9996469616889954
xglm_large,facebook/xglm-2.9B,40,4LocalWordSwaps,559,0.9978192448616028
xglm_large,facebook/xglm-2.9B,40,4LocalWordSwaps,560,0.999742329120636
xglm_large,facebook/xglm-2.9B,40,4LocalWordSwaps,561,0.9957762956619263
xglm_large,facebook/xglm-2.9B,40,4LocalWordSwaps,562,0.9997339248657227
xglm_large,facebook/xglm-2.9B,40,4LocalWordSwaps,563,0.9994078278541565
xglm_large,facebook/xglm-2.9B,40,4LocalWordSwaps,564,0.9958750009536743
xglm_large,facebook/xglm-2.9B,40,4LocalWordSwaps,565,0.9979877471923828
xglm_large,facebook/xglm-2.9B,40,4LocalWordSwaps,566,0.9969401955604553
xglm_large,facebook/xglm-2.9B,40,4LocalWordSwaps,567,0.9967857599258423
xglm_large,facebook/xglm-2.9B,40,4LocalWordSwaps,568,0.9967951774597168
xglm_large,facebook/xglm-2.9B,40,4LocalWordSwaps,569,0.9960474371910095
xglm_large,facebook/xglm-2.9B,40,4LocalWordSwaps,570,0.9981018304824829
xglm_large,facebook/xglm-2.9B,40,4LocalWordSwaps,571,0.9984329342842102
xglm_large,facebook/xglm-2.9B,40,4LocalWordSwaps,572,0.9988651871681213
xglm_large,facebook/xglm-2.9B,40,4LocalWordSwaps,573,0.9982008337974548
xglm_large,facebook/xglm-2.9B,40,4LocalWordSwaps,574,0.9981739521026611
xglm_large,facebook/xglm-2.9B,40,4LocalWordSwaps,575,0.9993869662284851
xglm_large,facebook/xglm-2.9B,40,4LocalWordSwaps,576,0.9992315173149109
xglm_large,facebook/xglm-2.9B,40,4LocalWordSwaps,577,0.997692883014679
xglm_large,facebook/xglm-2.9B,40,4LocalWordSwaps,578,0.9941936731338501
xglm_large,facebook/xglm-2.9B,40,4LocalWordSwaps,579,0.9985377192497253
xglm_large,facebook/xglm-2.9B,40,4LocalWordSwaps,580,0.9901121258735657
xglm_large,facebook/xglm-2.9B,40,4LocalWordSwaps,581,0.9996508359909058
xglm_large,facebook/xglm-2.9B,40,4LocalWordSwaps,582,0.999421238899231
xglm_large,facebook/xglm-2.9B,40,4LocalWordSwaps,583,0.9994418621063232
xglm_large,facebook/xglm-2.9B,40,4LocalWordSwaps,584,0.9988588094711304
xglm_large,facebook/xglm-2.9B,40,4LocalWordSwaps,585,0.997627317905426
xglm_large,facebook/xglm-2.9B,40,4LocalWordSwaps,586,0.9997012615203857
xglm_large,facebook/xglm-2.9B,40,4LocalWordSwaps,587,0.9974445104598999
xglm_large,facebook/xglm-2.9B,40,4LocalWordSwaps,588,0.9990642666816711
xglm_large,facebook/xglm-2.9B,40,4LocalWordSwaps,589,0.9994966983795166
xglm_large,facebook/xglm-2.9B,40,4LocalWordSwaps,590,0.9994920492172241
xglm_large,facebook/xglm-2.9B,40,4LocalWordSwaps,591,0.9994434714317322
xglm_large,facebook/xglm-2.9B,40,4LocalWordSwaps,592,0.9981380701065063
xglm_large,facebook/xglm-2.9B,40,4LocalWordSwaps,593,0.997409999370575
xglm_large,facebook/xglm-2.9B,40,4LocalWordSwaps,594,0.9980027675628662
xglm_large,facebook/xglm-2.9B,40,4LocalWordSwaps,595,0.9977487921714783
xglm_large,facebook/xglm-2.9B,40,4LocalWordSwaps,596,0.9989413619041443
xglm_large,facebook/xglm-2.9B,40,4LocalWordSwaps,597,0.9974068403244019
xglm_large,facebook/xglm-2.9B,40,4LocalWordSwaps,598,0.999193549156189
xglm_large,facebook/xglm-2.9B,40,4LocalWordSwaps,599,0.9987698793411255
xglm_large,facebook/xglm-2.9B,40,4LocalWordSwaps,600,0.9963104724884033
xglm_large,facebook/xglm-2.9B,40,4LocalWordSwaps,601,0.9953298568725586
xglm_large,facebook/xglm-2.9B,40,4LocalWordSwaps,602,0.9984176754951477
xglm_large,facebook/xglm-2.9B,40,4LocalWordSwaps,603,0.9993144869804382
xglm_large,facebook/xglm-2.9B,40,4LocalWordSwaps,604,0.9985360503196716
xglm_large,facebook/xglm-2.9B,40,4LocalWordSwaps,605,0.9981262683868408
xglm_large,facebook/xglm-2.9B,40,4LocalWordSwaps,606,0.9996922016143799
xglm_large,facebook/xglm-2.9B,40,4LocalWordSwaps,607,0.9994521141052246
xglm_large,facebook/xglm-2.9B,40,4LocalWordSwaps,608,0.999646782875061
xglm_large,facebook/xglm-2.9B,40,4LocalWordSwaps,609,0.9970649480819702
xglm_large,facebook/xglm-2.9B,40,4LocalWordSwaps,610,0.9978405833244324
xglm_large,facebook/xglm-2.9B,40,4LocalWordSwaps,611,0.9983201622962952
xglm_large,facebook/xglm-2.9B,40,4LocalWordSwaps,612,0.9988342523574829
xglm_large,facebook/xglm-2.9B,40,4LocalWordSwaps,613,0.9969120025634766
xglm_large,facebook/xglm-2.9B,40,4LocalWordSwaps,614,0.9979608058929443
xglm_large,facebook/xglm-2.9B,40,4LocalWordSwaps,615,0.9963477849960327
xglm_large,facebook/xglm-2.9B,40,4LocalWordSwaps,616,0.9997400045394897
xglm_large,facebook/xglm-2.9B,40,4LocalWordSwaps,617,0.9984176158905029
xglm_large,facebook/xglm-2.9B,40,4LocalWordSwaps,618,0.9990170001983643
xglm_large,facebook/xglm-2.9B,40,4LocalWordSwaps,619,0.9982839822769165
xglm_large,facebook/xglm-2.9B,40,4LocalWordSwaps,620,0.997981071472168
xglm_large,facebook/xglm-2.9B,40,4LocalWordSwaps,621,0.9986554980278015
xglm_large,facebook/xglm-2.9B,40,4LocalWordSwaps,622,0.9982677102088928
xglm_large,facebook/xglm-2.9B,40,4LocalWordSwaps,623,0.9977221488952637
xglm_large,facebook/xglm-2.9B,40,4LocalWordSwaps,624,0.9973676800727844
xglm_large,facebook/xglm-2.9B,40,4LocalWordSwaps,625,0.998515784740448
xglm_large,facebook/xglm-2.9B,40,4LocalWordSwaps,626,0.9957047700881958
xglm_large,facebook/xglm-2.9B,40,5LocalWordSwaps,0,0.9989570379257202
xglm_large,facebook/xglm-2.9B,40,5LocalWordSwaps,1,0.9982773065567017
xglm_large,facebook/xglm-2.9B,40,5LocalWordSwaps,2,0.9975069761276245
xglm_large,facebook/xglm-2.9B,40,5LocalWordSwaps,3,0.9991124868392944
xglm_large,facebook/xglm-2.9B,40,5LocalWordSwaps,4,0.9984760284423828
xglm_large,facebook/xglm-2.9B,40,5LocalWordSwaps,5,0.9983293414115906
xglm_large,facebook/xglm-2.9B,40,5LocalWordSwaps,6,0.9988899827003479
xglm_large,facebook/xglm-2.9B,40,5LocalWordSwaps,7,0.9956716299057007
xglm_large,facebook/xglm-2.9B,40,5LocalWordSwaps,8,0.998474657535553
xglm_large,facebook/xglm-2.9B,40,5LocalWordSwaps,9,0.9950352907180786
xglm_large,facebook/xglm-2.9B,40,5LocalWordSwaps,10,0.9967656135559082
xglm_large,facebook/xglm-2.9B,40,5LocalWordSwaps,11,0.9976846575737
xglm_large,facebook/xglm-2.9B,40,5LocalWordSwaps,12,0.9993625283241272
xglm_large,facebook/xglm-2.9B,40,5LocalWordSwaps,13,0.9995819926261902
xglm_large,facebook/xglm-2.9B,40,5LocalWordSwaps,14,0.9988194108009338
xglm_large,facebook/xglm-2.9B,40,5LocalWordSwaps,15,0.9961050152778625
xglm_large,facebook/xglm-2.9B,40,5LocalWordSwaps,16,0.9991767406463623
xglm_large,facebook/xglm-2.9B,40,5LocalWordSwaps,17,0.998515784740448
xglm_large,facebook/xglm-2.9B,40,5LocalWordSwaps,18,0.9973660111427307
xglm_large,facebook/xglm-2.9B,40,5LocalWordSwaps,19,0.9976364970207214
xglm_large,facebook/xglm-2.9B,40,5LocalWordSwaps,20,0.9965769052505493
xglm_large,facebook/xglm-2.9B,40,5LocalWordSwaps,21,0.9961075782775879
xglm_large,facebook/xglm-2.9B,40,5LocalWordSwaps,22,0.9978954792022705
xglm_large,facebook/xglm-2.9B,40,5LocalWordSwaps,23,0.9963911771774292
xglm_large,facebook/xglm-2.9B,40,5LocalWordSwaps,24,0.9983687996864319
xglm_large,facebook/xglm-2.9B,40,5LocalWordSwaps,25,0.9987165331840515
xglm_large,facebook/xglm-2.9B,40,5LocalWordSwaps,26,0.9992878437042236
xglm_large,facebook/xglm-2.9B,40,5LocalWordSwaps,27,0.9981830716133118
xglm_large,facebook/xglm-2.9B,40,5LocalWordSwaps,28,0.9952259063720703
xglm_large,facebook/xglm-2.9B,40,5LocalWordSwaps,29,0.9981075525283813
xglm_large,facebook/xglm-2.9B,40,5LocalWordSwaps,30,0.9963011145591736
xglm_large,facebook/xglm-2.9B,40,5LocalWordSwaps,31,0.9985076189041138
xglm_large,facebook/xglm-2.9B,40,5LocalWordSwaps,32,0.9945946335792542
xglm_large,facebook/xglm-2.9B,40,5LocalWordSwaps,33,0.9941542744636536
xglm_large,facebook/xglm-2.9B,40,5LocalWordSwaps,34,0.997397780418396
xglm_large,facebook/xglm-2.9B,40,5LocalWordSwaps,35,0.9959729313850403
xglm_large,facebook/xglm-2.9B,40,5LocalWordSwaps,36,0.998809278011322
xglm_large,facebook/xglm-2.9B,40,5LocalWordSwaps,37,0.9992644786834717
xglm_large,facebook/xglm-2.9B,40,5LocalWordSwaps,38,0.9936826825141907
xglm_large,facebook/xglm-2.9B,40,5LocalWordSwaps,39,0.9979327917098999
xglm_large,facebook/xglm-2.9B,40,5LocalWordSwaps,40,0.9960042238235474
xglm_large,facebook/xglm-2.9B,40,5LocalWordSwaps,41,0.9970312714576721
xglm_large,facebook/xglm-2.9B,40,5LocalWordSwaps,42,0.9989224672317505
xglm_large,facebook/xglm-2.9B,40,5LocalWordSwaps,43,0.9986817836761475
xglm_large,facebook/xglm-2.9B,40,5LocalWordSwaps,44,0.9984041452407837
xglm_large,facebook/xglm-2.9B,40,5LocalWordSwaps,45,0.996636688709259
xglm_large,facebook/xglm-2.9B,40,5LocalWordSwaps,46,0.9888508915901184
xglm_large,facebook/xglm-2.9B,40,5LocalWordSwaps,47,0.9978829622268677
xglm_large,facebook/xglm-2.9B,40,5LocalWordSwaps,48,0.9986112713813782
xglm_large,facebook/xglm-2.9B,40,5LocalWordSwaps,49,0.994512677192688
xglm_large,facebook/xglm-2.9B,40,5LocalWordSwaps,50,0.9982587099075317
xglm_large,facebook/xglm-2.9B,40,5LocalWordSwaps,51,0.9975588321685791
xglm_large,facebook/xglm-2.9B,40,5LocalWordSwaps,52,0.9987401962280273
xglm_large,facebook/xglm-2.9B,40,5LocalWordSwaps,53,0.9972366094589233
xglm_large,facebook/xglm-2.9B,40,5LocalWordSwaps,54,0.9974537491798401
xglm_large,facebook/xglm-2.9B,40,5LocalWordSwaps,55,0.9961354732513428
xglm_large,facebook/xglm-2.9B,40,5LocalWordSwaps,56,0.9983697533607483
xglm_large,facebook/xglm-2.9B,40,5LocalWordSwaps,57,0.9993515014648438
xglm_large,facebook/xglm-2.9B,40,5LocalWordSwaps,58,0.9933111071586609
xglm_large,facebook/xglm-2.9B,40,5LocalWordSwaps,59,0.9985132217407227
xglm_large,facebook/xglm-2.9B,40,5LocalWordSwaps,60,0.9974631667137146
xglm_large,facebook/xglm-2.9B,40,5LocalWordSwaps,61,0.9982384443283081
xglm_large,facebook/xglm-2.9B,40,5LocalWordSwaps,62,0.9949897527694702
xglm_large,facebook/xglm-2.9B,40,5LocalWordSwaps,63,0.9995777606964111
xglm_large,facebook/xglm-2.9B,40,5LocalWordSwaps,64,0.992032527923584
xglm_large,facebook/xglm-2.9B,40,5LocalWordSwaps,65,0.9975022077560425
xglm_large,facebook/xglm-2.9B,40,5LocalWordSwaps,66,0.9988766312599182
xglm_large,facebook/xglm-2.9B,40,5LocalWordSwaps,67,0.9958891868591309
xglm_large,facebook/xglm-2.9B,40,5LocalWordSwaps,68,0.9978040456771851
xglm_large,facebook/xglm-2.9B,40,5LocalWordSwaps,69,0.9976245164871216
xglm_large,facebook/xglm-2.9B,40,5LocalWordSwaps,70,0.998497486114502
xglm_large,facebook/xglm-2.9B,40,5LocalWordSwaps,71,0.9971339702606201
xglm_large,facebook/xglm-2.9B,40,5LocalWordSwaps,72,0.9953829646110535
xglm_large,facebook/xglm-2.9B,40,5LocalWordSwaps,73,0.995678722858429
xglm_large,facebook/xglm-2.9B,40,5LocalWordSwaps,74,0.9981691241264343
xglm_large,facebook/xglm-2.9B,40,5LocalWordSwaps,75,0.9970346689224243
xglm_large,facebook/xglm-2.9B,40,5LocalWordSwaps,76,0.9989801645278931
xglm_large,facebook/xglm-2.9B,40,5LocalWordSwaps,77,0.9986487627029419
xglm_large,facebook/xglm-2.9B,40,5LocalWordSwaps,78,0.9963154792785645
xglm_large,facebook/xglm-2.9B,40,5LocalWordSwaps,79,0.9965226054191589
xglm_large,facebook/xglm-2.9B,40,5LocalWordSwaps,80,0.9995213747024536
xglm_large,facebook/xglm-2.9B,40,5LocalWordSwaps,81,0.9955626726150513
xglm_large,facebook/xglm-2.9B,40,5LocalWordSwaps,82,0.9956344962120056
xglm_large,facebook/xglm-2.9B,40,5LocalWordSwaps,83,0.997751772403717
xglm_large,facebook/xglm-2.9B,40,5LocalWordSwaps,84,0.9988277554512024
xglm_large,facebook/xglm-2.9B,40,5LocalWordSwaps,85,0.998795747756958
xglm_large,facebook/xglm-2.9B,40,5LocalWordSwaps,86,0.9975897073745728
xglm_large,facebook/xglm-2.9B,40,5LocalWordSwaps,87,0.997478187084198
xglm_large,facebook/xglm-2.9B,40,5LocalWordSwaps,88,0.9942644834518433
xglm_large,facebook/xglm-2.9B,40,5LocalWordSwaps,89,0.9959704875946045
xglm_large,facebook/xglm-2.9B,40,5LocalWordSwaps,90,0.9995203018188477
xglm_large,facebook/xglm-2.9B,40,5LocalWordSwaps,91,0.9978833198547363
xglm_large,facebook/xglm-2.9B,40,5LocalWordSwaps,92,0.9960001707077026
xglm_large,facebook/xglm-2.9B,40,5LocalWordSwaps,93,0.9984904527664185
xglm_large,facebook/xglm-2.9B,40,5LocalWordSwaps,94,0.9943529367446899
xglm_large,facebook/xglm-2.9B,40,5LocalWordSwaps,95,0.9966620206832886
xglm_large,facebook/xglm-2.9B,40,5LocalWordSwaps,96,0.9974110126495361
xglm_large,facebook/xglm-2.9B,40,5LocalWordSwaps,97,0.9982134103775024
xglm_large,facebook/xglm-2.9B,40,5LocalWordSwaps,98,0.9934825301170349
xglm_large,facebook/xglm-2.9B,40,5LocalWordSwaps,99,0.9987894892692566
xglm_large,facebook/xglm-2.9B,40,5LocalWordSwaps,100,0.9946371912956238
xglm_large,facebook/xglm-2.9B,40,5LocalWordSwaps,101,0.9989940524101257
xglm_large,facebook/xglm-2.9B,40,5LocalWordSwaps,102,0.9987528324127197
xglm_large,facebook/xglm-2.9B,40,5LocalWordSwaps,103,0.994769811630249
xglm_large,facebook/xglm-2.9B,40,5LocalWordSwaps,104,0.997580349445343
xglm_large,facebook/xglm-2.9B,40,5LocalWordSwaps,105,0.996853232383728
xglm_large,facebook/xglm-2.9B,40,5LocalWordSwaps,106,0.9959399700164795
xglm_large,facebook/xglm-2.9B,40,5LocalWordSwaps,107,0.9935089349746704
xglm_large,facebook/xglm-2.9B,40,5LocalWordSwaps,108,0.9967398643493652
xglm_large,facebook/xglm-2.9B,40,5LocalWordSwaps,109,0.9970383048057556
xglm_large,facebook/xglm-2.9B,40,5LocalWordSwaps,110,0.9907110333442688
xglm_large,facebook/xglm-2.9B,40,5LocalWordSwaps,111,0.9988867044448853
xglm_large,facebook/xglm-2.9B,40,5LocalWordSwaps,112,0.9965938925743103
xglm_large,facebook/xglm-2.9B,40,5LocalWordSwaps,113,0.9974218010902405
xglm_large,facebook/xglm-2.9B,40,5LocalWordSwaps,114,0.9984163641929626
xglm_large,facebook/xglm-2.9B,40,5LocalWordSwaps,115,0.9960837960243225
xglm_large,facebook/xglm-2.9B,40,5LocalWordSwaps,116,0.9979833364486694
xglm_large,facebook/xglm-2.9B,40,5LocalWordSwaps,117,0.9975224137306213
xglm_large,facebook/xglm-2.9B,40,5LocalWordSwaps,118,0.9980036616325378
xglm_large,facebook/xglm-2.9B,40,5LocalWordSwaps,119,0.9923702478408813
xglm_large,facebook/xglm-2.9B,40,5LocalWordSwaps,120,0.9971392154693604
xglm_large,facebook/xglm-2.9B,40,5LocalWordSwaps,121,0.9928797483444214
xglm_large,facebook/xglm-2.9B,40,5LocalWordSwaps,122,0.9952855110168457
xglm_large,facebook/xglm-2.9B,40,5LocalWordSwaps,123,0.9970491528511047
xglm_large,facebook/xglm-2.9B,40,5LocalWordSwaps,124,0.9990373253822327
xglm_large,facebook/xglm-2.9B,40,5LocalWordSwaps,125,0.9936783909797668
xglm_large,facebook/xglm-2.9B,40,5LocalWordSwaps,126,0.9988445043563843
xglm_large,facebook/xglm-2.9B,40,5LocalWordSwaps,127,0.9940131902694702
xglm_large,facebook/xglm-2.9B,40,5LocalWordSwaps,128,0.9980893135070801
xglm_large,facebook/xglm-2.9B,40,5LocalWordSwaps,129,0.9978539347648621
xglm_large,facebook/xglm-2.9B,40,5LocalWordSwaps,130,0.9976814389228821
xglm_large,facebook/xglm-2.9B,40,5LocalWordSwaps,131,0.9986711740493774
xglm_large,facebook/xglm-2.9B,40,5LocalWordSwaps,132,0.9904058575630188
xglm_large,facebook/xglm-2.9B,40,5LocalWordSwaps,133,0.9976345300674438
xglm_large,facebook/xglm-2.9B,40,5LocalWordSwaps,134,0.9938216209411621
xglm_large,facebook/xglm-2.9B,40,5LocalWordSwaps,135,0.9982931613922119
xglm_large,facebook/xglm-2.9B,40,5LocalWordSwaps,136,0.9930679798126221
xglm_large,facebook/xglm-2.9B,40,5LocalWordSwaps,137,0.9984561204910278
xglm_large,facebook/xglm-2.9B,40,5LocalWordSwaps,138,0.9973400831222534
xglm_large,facebook/xglm-2.9B,40,5LocalWordSwaps,139,0.994958221912384
xglm_large,facebook/xglm-2.9B,40,5LocalWordSwaps,140,0.9958474636077881
xglm_large,facebook/xglm-2.9B,40,5LocalWordSwaps,141,0.9961382746696472
xglm_large,facebook/xglm-2.9B,40,5LocalWordSwaps,142,0.9970394372940063
xglm_large,facebook/xglm-2.9B,40,5LocalWordSwaps,143,0.9986276626586914
xglm_large,facebook/xglm-2.9B,40,5LocalWordSwaps,144,0.9962893128395081
xglm_large,facebook/xglm-2.9B,40,5LocalWordSwaps,145,0.9985811710357666
xglm_large,facebook/xglm-2.9B,40,5LocalWordSwaps,146,0.9936952590942383
xglm_large,facebook/xglm-2.9B,40,5LocalWordSwaps,147,0.996036946773529
xglm_large,facebook/xglm-2.9B,40,5LocalWordSwaps,148,0.998866617679596
xglm_large,facebook/xglm-2.9B,40,5LocalWordSwaps,149,0.9987925291061401
xglm_large,facebook/xglm-2.9B,40,5LocalWordSwaps,150,0.9982085227966309
xglm_large,facebook/xglm-2.9B,40,5LocalWordSwaps,151,0.9980596303939819
xglm_large,facebook/xglm-2.9B,40,5LocalWordSwaps,152,0.9954556226730347
xglm_large,facebook/xglm-2.9B,40,5LocalWordSwaps,153,0.9904334545135498
xglm_large,facebook/xglm-2.9B,40,5LocalWordSwaps,154,0.9989649653434753
xglm_large,facebook/xglm-2.9B,40,5LocalWordSwaps,155,0.9988127946853638
xglm_large,facebook/xglm-2.9B,40,5LocalWordSwaps,156,0.9972626566886902
xglm_large,facebook/xglm-2.9B,40,5LocalWordSwaps,157,0.9967729449272156
xglm_large,facebook/xglm-2.9B,40,5LocalWordSwaps,158,0.9919239282608032
xglm_large,facebook/xglm-2.9B,40,5LocalWordSwaps,159,0.9952161312103271
xglm_large,facebook/xglm-2.9B,40,5LocalWordSwaps,160,0.9987974762916565
xglm_large,facebook/xglm-2.9B,40,5LocalWordSwaps,161,0.9973321557044983
xglm_large,facebook/xglm-2.9B,40,5LocalWordSwaps,162,0.9921954274177551
xglm_large,facebook/xglm-2.9B,40,5LocalWordSwaps,163,0.9975584745407104
xglm_large,facebook/xglm-2.9B,40,5LocalWordSwaps,164,0.9971262812614441
xglm_large,facebook/xglm-2.9B,40,5LocalWordSwaps,165,0.9990951418876648
xglm_large,facebook/xglm-2.9B,40,5LocalWordSwaps,166,0.9988940358161926
xglm_large,facebook/xglm-2.9B,40,5LocalWordSwaps,167,0.9970638751983643
xglm_large,facebook/xglm-2.9B,40,5LocalWordSwaps,168,0.9981061220169067
xglm_large,facebook/xglm-2.9B,40,5LocalWordSwaps,169,0.9980819225311279
xglm_large,facebook/xglm-2.9B,40,5LocalWordSwaps,170,0.9990955591201782
xglm_large,facebook/xglm-2.9B,40,5LocalWordSwaps,171,0.9991565942764282
xglm_large,facebook/xglm-2.9B,40,5LocalWordSwaps,172,0.9980815052986145
xglm_large,facebook/xglm-2.9B,40,5LocalWordSwaps,173,0.9987821578979492
xglm_large,facebook/xglm-2.9B,40,5LocalWordSwaps,174,0.9958528280258179
xglm_large,facebook/xglm-2.9B,40,5LocalWordSwaps,175,0.9983080625534058
xglm_large,facebook/xglm-2.9B,40,5LocalWordSwaps,176,0.9974532127380371
xglm_large,facebook/xglm-2.9B,40,5LocalWordSwaps,177,0.9976465702056885
xglm_large,facebook/xglm-2.9B,40,5LocalWordSwaps,178,0.996029257774353
xglm_large,facebook/xglm-2.9B,40,5LocalWordSwaps,179,0.99656081199646
xglm_large,facebook/xglm-2.9B,40,5LocalWordSwaps,180,0.994117259979248
xglm_large,facebook/xglm-2.9B,40,5LocalWordSwaps,181,0.9964891672134399
xglm_large,facebook/xglm-2.9B,40,5LocalWordSwaps,182,0.9989439845085144
xglm_large,facebook/xglm-2.9B,40,5LocalWordSwaps,183,0.994316577911377
xglm_large,facebook/xglm-2.9B,40,5LocalWordSwaps,184,0.9936481714248657
xglm_large,facebook/xglm-2.9B,40,5LocalWordSwaps,185,0.9990721940994263
xglm_large,facebook/xglm-2.9B,40,5LocalWordSwaps,186,0.9985208511352539
xglm_large,facebook/xglm-2.9B,40,5LocalWordSwaps,187,0.9983853101730347
xglm_large,facebook/xglm-2.9B,40,5LocalWordSwaps,188,0.9975554943084717
xglm_large,facebook/xglm-2.9B,40,5LocalWordSwaps,189,0.99947190284729
xglm_large,facebook/xglm-2.9B,40,5LocalWordSwaps,190,0.9983075261116028
xglm_large,facebook/xglm-2.9B,40,5LocalWordSwaps,191,0.9981158971786499
xglm_large,facebook/xglm-2.9B,40,5LocalWordSwaps,192,0.9984396696090698
xglm_large,facebook/xglm-2.9B,40,5LocalWordSwaps,193,0.991167426109314
xglm_large,facebook/xglm-2.9B,40,5LocalWordSwaps,194,0.9985460638999939
xglm_large,facebook/xglm-2.9B,40,5LocalWordSwaps,195,0.9966800212860107
xglm_large,facebook/xglm-2.9B,40,5LocalWordSwaps,196,0.9931225776672363
xglm_large,facebook/xglm-2.9B,40,5LocalWordSwaps,197,0.9974855780601501
xglm_large,facebook/xglm-2.9B,40,5LocalWordSwaps,198,0.9977893233299255
xglm_large,facebook/xglm-2.9B,40,5LocalWordSwaps,199,0.9969737529754639
xglm_large,facebook/xglm-2.9B,40,5LocalWordSwaps,200,0.9972288608551025
xglm_large,facebook/xglm-2.9B,40,5LocalWordSwaps,201,0.9957186579704285
xglm_large,facebook/xglm-2.9B,40,5LocalWordSwaps,202,0.9974725842475891
xglm_large,facebook/xglm-2.9B,40,5LocalWordSwaps,203,0.9970940351486206
xglm_large,facebook/xglm-2.9B,40,5LocalWordSwaps,204,0.9986390471458435
xglm_large,facebook/xglm-2.9B,40,5LocalWordSwaps,205,0.997822105884552
xglm_large,facebook/xglm-2.9B,40,5LocalWordSwaps,206,0.9942915439605713
xglm_large,facebook/xglm-2.9B,40,5LocalWordSwaps,207,0.9993186593055725
xglm_large,facebook/xglm-2.9B,40,5LocalWordSwaps,208,0.9983090758323669
xglm_large,facebook/xglm-2.9B,40,5LocalWordSwaps,209,0.9944855570793152
xglm_large,facebook/xglm-2.9B,40,5LocalWordSwaps,210,0.9980820417404175
xglm_large,facebook/xglm-2.9B,40,5LocalWordSwaps,211,0.9986996054649353
xglm_large,facebook/xglm-2.9B,40,5LocalWordSwaps,212,0.9951236248016357
xglm_large,facebook/xglm-2.9B,40,5LocalWordSwaps,213,0.9989110231399536
xglm_large,facebook/xglm-2.9B,40,5LocalWordSwaps,214,0.9986066818237305
xglm_large,facebook/xglm-2.9B,40,5LocalWordSwaps,215,0.9928281903266907
xglm_large,facebook/xglm-2.9B,40,5LocalWordSwaps,216,0.9985799789428711
xglm_large,facebook/xglm-2.9B,40,5LocalWordSwaps,217,0.9970301985740662
xglm_large,facebook/xglm-2.9B,40,5LocalWordSwaps,218,0.9862281680107117
xglm_large,facebook/xglm-2.9B,40,5LocalWordSwaps,219,0.9980735778808594
xglm_large,facebook/xglm-2.9B,40,5LocalWordSwaps,220,0.9915823340415955
xglm_large,facebook/xglm-2.9B,40,5LocalWordSwaps,221,0.9988429546356201
xglm_large,facebook/xglm-2.9B,40,5LocalWordSwaps,222,0.997009813785553
xglm_large,facebook/xglm-2.9B,40,5LocalWordSwaps,223,0.9969496726989746
xglm_large,facebook/xglm-2.9B,40,5LocalWordSwaps,224,0.9960693717002869
xglm_large,facebook/xglm-2.9B,40,5LocalWordSwaps,225,0.9960755705833435
xglm_large,facebook/xglm-2.9B,40,5LocalWordSwaps,226,0.9981836080551147
xglm_large,facebook/xglm-2.9B,40,5LocalWordSwaps,227,0.9984689354896545
xglm_large,facebook/xglm-2.9B,40,5LocalWordSwaps,228,0.9958614706993103
xglm_large,facebook/xglm-2.9B,40,5LocalWordSwaps,229,0.9968687891960144
xglm_large,facebook/xglm-2.9B,40,5LocalWordSwaps,230,0.9986947178840637
xglm_large,facebook/xglm-2.9B,40,5LocalWordSwaps,231,0.9986952543258667
xglm_large,facebook/xglm-2.9B,40,5LocalWordSwaps,232,0.9925010204315186
xglm_large,facebook/xglm-2.9B,40,5LocalWordSwaps,233,0.9876158237457275
xglm_large,facebook/xglm-2.9B,40,5LocalWordSwaps,234,0.9990266561508179
xglm_large,facebook/xglm-2.9B,40,5LocalWordSwaps,235,0.9977651238441467
xglm_large,facebook/xglm-2.9B,40,5LocalWordSwaps,236,0.9966440200805664
xglm_large,facebook/xglm-2.9B,40,5LocalWordSwaps,237,0.9971702694892883
xglm_large,facebook/xglm-2.9B,40,5LocalWordSwaps,238,0.9994933605194092
xglm_large,facebook/xglm-2.9B,40,5LocalWordSwaps,239,0.9938974380493164
xglm_large,facebook/xglm-2.9B,40,5LocalWordSwaps,240,0.9974496960639954
xglm_large,facebook/xglm-2.9B,40,5LocalWordSwaps,241,0.9979664087295532
xglm_large,facebook/xglm-2.9B,40,5LocalWordSwaps,242,0.9977191090583801
xglm_large,facebook/xglm-2.9B,40,5LocalWordSwaps,243,0.994016706943512
xglm_large,facebook/xglm-2.9B,40,5LocalWordSwaps,244,0.9988341331481934
xglm_large,facebook/xglm-2.9B,40,5LocalWordSwaps,245,0.9955536723136902
xglm_large,facebook/xglm-2.9B,40,5LocalWordSwaps,246,0.9972870945930481
xglm_large,facebook/xglm-2.9B,40,5LocalWordSwaps,247,0.9969442486763
xglm_large,facebook/xglm-2.9B,40,5LocalWordSwaps,248,0.997613787651062
xglm_large,facebook/xglm-2.9B,40,5LocalWordSwaps,249,0.9951016902923584
xglm_large,facebook/xglm-2.9B,40,5LocalWordSwaps,250,0.9909289479255676
xglm_large,facebook/xglm-2.9B,40,5LocalWordSwaps,251,0.9941500425338745
xglm_large,facebook/xglm-2.9B,40,5LocalWordSwaps,252,0.991323709487915
xglm_large,facebook/xglm-2.9B,40,5LocalWordSwaps,253,0.9988256692886353
xglm_large,facebook/xglm-2.9B,40,5LocalWordSwaps,254,0.998348593711853
xglm_large,facebook/xglm-2.9B,40,5LocalWordSwaps,255,0.9982133507728577
xglm_large,facebook/xglm-2.9B,40,5LocalWordSwaps,256,0.994572103023529
xglm_large,facebook/xglm-2.9B,40,5LocalWordSwaps,257,0.997248113155365
xglm_large,facebook/xglm-2.9B,40,5LocalWordSwaps,258,0.996417224407196
xglm_large,facebook/xglm-2.9B,40,5LocalWordSwaps,259,0.9925061464309692
xglm_large,facebook/xglm-2.9B,40,5LocalWordSwaps,260,0.9977247714996338
xglm_large,facebook/xglm-2.9B,40,5LocalWordSwaps,261,0.9955986142158508
xglm_large,facebook/xglm-2.9B,40,5LocalWordSwaps,262,0.9971859455108643
xglm_large,facebook/xglm-2.9B,40,5LocalWordSwaps,263,0.9977805614471436
xglm_large,facebook/xglm-2.9B,40,5LocalWordSwaps,264,0.9958789944648743
xglm_large,facebook/xglm-2.9B,40,5LocalWordSwaps,265,0.9972235560417175
xglm_large,facebook/xglm-2.9B,40,5LocalWordSwaps,266,0.9927023649215698
xglm_large,facebook/xglm-2.9B,40,5LocalWordSwaps,267,0.9973770976066589
xglm_large,facebook/xglm-2.9B,40,5LocalWordSwaps,268,0.9973961114883423
xglm_large,facebook/xglm-2.9B,40,5LocalWordSwaps,269,0.9957546591758728
xglm_large,facebook/xglm-2.9B,40,5LocalWordSwaps,270,0.9992154240608215
xglm_large,facebook/xglm-2.9B,40,5LocalWordSwaps,271,0.9987188577651978
xglm_large,facebook/xglm-2.9B,40,5LocalWordSwaps,272,0.9994007349014282
xglm_large,facebook/xglm-2.9B,40,5LocalWordSwaps,273,0.9979332089424133
xglm_large,facebook/xglm-2.9B,40,5LocalWordSwaps,274,0.9991735219955444
xglm_large,facebook/xglm-2.9B,40,5LocalWordSwaps,275,0.998063862323761
xglm_large,facebook/xglm-2.9B,40,5LocalWordSwaps,276,0.9986178278923035
xglm_large,facebook/xglm-2.9B,40,5LocalWordSwaps,277,0.9979827404022217
xglm_large,facebook/xglm-2.9B,40,5LocalWordSwaps,278,0.9986269474029541
xglm_large,facebook/xglm-2.9B,40,5LocalWordSwaps,279,0.9969509840011597
xglm_large,facebook/xglm-2.9B,40,5LocalWordSwaps,280,0.9992084503173828
xglm_large,facebook/xglm-2.9B,40,5LocalWordSwaps,281,0.9961552023887634
xglm_large,facebook/xglm-2.9B,40,5LocalWordSwaps,282,0.9984604120254517
xglm_large,facebook/xglm-2.9B,40,5LocalWordSwaps,283,0.9967523217201233
xglm_large,facebook/xglm-2.9B,40,5LocalWordSwaps,284,0.997247576713562
xglm_large,facebook/xglm-2.9B,40,5LocalWordSwaps,285,0.9989523887634277
xglm_large,facebook/xglm-2.9B,40,5LocalWordSwaps,286,0.9986431002616882
xglm_large,facebook/xglm-2.9B,40,5LocalWordSwaps,287,0.9947985410690308
xglm_large,facebook/xglm-2.9B,40,5LocalWordSwaps,288,0.9921376705169678
xglm_large,facebook/xglm-2.9B,40,5LocalWordSwaps,289,0.9976803064346313
xglm_large,facebook/xglm-2.9B,40,5LocalWordSwaps,290,0.9871935844421387
xglm_large,facebook/xglm-2.9B,40,5LocalWordSwaps,291,0.9969093799591064
xglm_large,facebook/xglm-2.9B,40,5LocalWordSwaps,292,0.9977739453315735
xglm_large,facebook/xglm-2.9B,40,5LocalWordSwaps,293,0.9976552724838257
xglm_large,facebook/xglm-2.9B,40,5LocalWordSwaps,294,0.9964353442192078
xglm_large,facebook/xglm-2.9B,40,5LocalWordSwaps,295,0.9981497526168823
xglm_large,facebook/xglm-2.9B,40,5LocalWordSwaps,296,0.9964820146560669
xglm_large,facebook/xglm-2.9B,40,5LocalWordSwaps,297,0.9990490078926086
xglm_large,facebook/xglm-2.9B,40,5LocalWordSwaps,298,0.9939182996749878
xglm_large,facebook/xglm-2.9B,40,5LocalWordSwaps,299,0.9980573654174805
xglm_large,facebook/xglm-2.9B,40,5LocalWordSwaps,300,0.9979893565177917
xglm_large,facebook/xglm-2.9B,40,5LocalWordSwaps,301,0.9967975616455078
xglm_large,facebook/xglm-2.9B,40,5LocalWordSwaps,302,0.9956129193305969
xglm_large,facebook/xglm-2.9B,40,5LocalWordSwaps,303,0.996864378452301
xglm_large,facebook/xglm-2.9B,40,5LocalWordSwaps,304,0.9994930028915405
xglm_large,facebook/xglm-2.9B,40,5LocalWordSwaps,305,0.9981198310852051
xglm_large,facebook/xglm-2.9B,40,5LocalWordSwaps,306,0.9971063733100891
xglm_large,facebook/xglm-2.9B,40,5LocalWordSwaps,307,0.9981788396835327
xglm_large,facebook/xglm-2.9B,40,5LocalWordSwaps,308,0.997539758682251
xglm_large,facebook/xglm-2.9B,40,5LocalWordSwaps,309,0.9991596937179565
xglm_large,facebook/xglm-2.9B,40,5LocalWordSwaps,310,0.9974923133850098
xglm_large,facebook/xglm-2.9B,40,5LocalWordSwaps,311,0.997817873954773
xglm_large,facebook/xglm-2.9B,40,5LocalWordSwaps,312,0.9974585175514221
xglm_large,facebook/xglm-2.9B,40,5LocalWordSwaps,313,0.9955386519432068
xglm_large,facebook/xglm-2.9B,40,5LocalWordSwaps,314,0.9990801811218262
xglm_large,facebook/xglm-2.9B,40,5LocalWordSwaps,315,0.9960594177246094
xglm_large,facebook/xglm-2.9B,40,5LocalWordSwaps,316,0.9968165159225464
xglm_large,facebook/xglm-2.9B,40,5LocalWordSwaps,317,0.9986388087272644
xglm_large,facebook/xglm-2.9B,40,5LocalWordSwaps,318,0.9987146854400635
xglm_large,facebook/xglm-2.9B,40,5LocalWordSwaps,319,0.9966699481010437
xglm_large,facebook/xglm-2.9B,40,5LocalWordSwaps,320,0.9970048069953918
xglm_large,facebook/xglm-2.9B,40,5LocalWordSwaps,321,0.9966096878051758
xglm_large,facebook/xglm-2.9B,40,5LocalWordSwaps,322,0.9969471096992493
xglm_large,facebook/xglm-2.9B,40,5LocalWordSwaps,323,0.996734619140625
xglm_large,facebook/xglm-2.9B,40,5LocalWordSwaps,324,0.9990488290786743
xglm_large,facebook/xglm-2.9B,40,5LocalWordSwaps,325,0.9960800409317017
xglm_large,facebook/xglm-2.9B,40,5LocalWordSwaps,326,0.9962862730026245
xglm_large,facebook/xglm-2.9B,40,5LocalWordSwaps,327,0.9969261288642883
xglm_large,facebook/xglm-2.9B,40,5LocalWordSwaps,328,0.9993693828582764
xglm_large,facebook/xglm-2.9B,40,5LocalWordSwaps,329,0.996764063835144
xglm_large,facebook/xglm-2.9B,40,5LocalWordSwaps,330,0.9971706867218018
xglm_large,facebook/xglm-2.9B,40,5LocalWordSwaps,331,0.9894973039627075
xglm_large,facebook/xglm-2.9B,40,5LocalWordSwaps,332,0.9964969754219055
xglm_large,facebook/xglm-2.9B,40,5LocalWordSwaps,333,0.9940257668495178
xglm_large,facebook/xglm-2.9B,40,5LocalWordSwaps,334,0.9957407712936401
xglm_large,facebook/xglm-2.9B,40,5LocalWordSwaps,335,0.997393786907196
xglm_large,facebook/xglm-2.9B,40,5LocalWordSwaps,336,0.9954790472984314
xglm_large,facebook/xglm-2.9B,40,5LocalWordSwaps,337,0.9986864924430847
xglm_large,facebook/xglm-2.9B,40,5LocalWordSwaps,338,0.9968371987342834
xglm_large,facebook/xglm-2.9B,40,5LocalWordSwaps,339,0.9965938329696655
xglm_large,facebook/xglm-2.9B,40,5LocalWordSwaps,340,0.9977104663848877
xglm_large,facebook/xglm-2.9B,40,5LocalWordSwaps,341,0.9973066449165344
xglm_large,facebook/xglm-2.9B,40,5LocalWordSwaps,342,0.9978145956993103
xglm_large,facebook/xglm-2.9B,40,5LocalWordSwaps,343,0.9984250664710999
xglm_large,facebook/xglm-2.9B,40,5LocalWordSwaps,344,0.9959114193916321
xglm_large,facebook/xglm-2.9B,40,5LocalWordSwaps,345,0.9987950325012207
xglm_large,facebook/xglm-2.9B,40,5LocalWordSwaps,346,0.9953736066818237
xglm_large,facebook/xglm-2.9B,40,5LocalWordSwaps,347,0.9980177879333496
xglm_large,facebook/xglm-2.9B,40,5LocalWordSwaps,348,0.996547281742096
xglm_large,facebook/xglm-2.9B,40,5LocalWordSwaps,349,0.9971996545791626
xglm_large,facebook/xglm-2.9B,40,5LocalWordSwaps,350,0.9982540607452393
xglm_large,facebook/xglm-2.9B,40,5LocalWordSwaps,351,0.995067834854126
xglm_large,facebook/xglm-2.9B,40,5LocalWordSwaps,352,0.9964693784713745
xglm_large,facebook/xglm-2.9B,40,5LocalWordSwaps,353,0.9988769292831421
xglm_large,facebook/xglm-2.9B,40,5LocalWordSwaps,354,0.996844470500946
xglm_large,facebook/xglm-2.9B,40,5LocalWordSwaps,355,0.9963365197181702
xglm_large,facebook/xglm-2.9B,40,5LocalWordSwaps,356,0.9993987083435059
xglm_large,facebook/xglm-2.9B,40,5LocalWordSwaps,357,0.9981818199157715
xglm_large,facebook/xglm-2.9B,40,5LocalWordSwaps,358,0.9976344704627991
xglm_large,facebook/xglm-2.9B,40,5LocalWordSwaps,359,0.9954105615615845
xglm_large,facebook/xglm-2.9B,40,5LocalWordSwaps,360,0.9959210157394409
xglm_large,facebook/xglm-2.9B,40,5LocalWordSwaps,361,0.9970648884773254
xglm_large,facebook/xglm-2.9B,40,5LocalWordSwaps,362,0.9983319640159607
xglm_large,facebook/xglm-2.9B,40,5LocalWordSwaps,363,0.9986885786056519
xglm_large,facebook/xglm-2.9B,40,5LocalWordSwaps,364,0.9990358948707581
xglm_large,facebook/xglm-2.9B,40,5LocalWordSwaps,365,0.9961915016174316
xglm_large,facebook/xglm-2.9B,40,5LocalWordSwaps,366,0.9977109432220459
xglm_large,facebook/xglm-2.9B,40,5LocalWordSwaps,367,0.9960663914680481
xglm_large,facebook/xglm-2.9B,40,5LocalWordSwaps,368,0.9987423419952393
xglm_large,facebook/xglm-2.9B,40,5LocalWordSwaps,369,0.9990367889404297
xglm_large,facebook/xglm-2.9B,40,5LocalWordSwaps,370,0.9989251494407654
xglm_large,facebook/xglm-2.9B,40,5LocalWordSwaps,371,0.9981822967529297
xglm_large,facebook/xglm-2.9B,40,5LocalWordSwaps,372,0.997719407081604
xglm_large,facebook/xglm-2.9B,40,5LocalWordSwaps,373,0.9937620162963867
xglm_large,facebook/xglm-2.9B,40,5LocalWordSwaps,374,0.9916571974754333
xglm_large,facebook/xglm-2.9B,40,5LocalWordSwaps,375,0.9994176626205444
xglm_large,facebook/xglm-2.9B,40,5LocalWordSwaps,376,0.9991462230682373
xglm_large,facebook/xglm-2.9B,40,5LocalWordSwaps,377,0.9972942471504211
xglm_large,facebook/xglm-2.9B,40,5LocalWordSwaps,378,0.9977380633354187
xglm_large,facebook/xglm-2.9B,40,5LocalWordSwaps,379,0.9974861741065979
xglm_large,facebook/xglm-2.9B,40,5LocalWordSwaps,380,0.998400866985321
xglm_large,facebook/xglm-2.9B,40,5LocalWordSwaps,381,0.9995234608650208
xglm_large,facebook/xglm-2.9B,40,5LocalWordSwaps,382,0.9965242147445679
xglm_large,facebook/xglm-2.9B,40,5LocalWordSwaps,383,0.9975555539131165
xglm_large,facebook/xglm-2.9B,40,5LocalWordSwaps,384,0.9958145618438721
xglm_large,facebook/xglm-2.9B,40,5LocalWordSwaps,385,0.995307207107544
xglm_large,facebook/xglm-2.9B,40,5LocalWordSwaps,386,0.9961479902267456
xglm_large,facebook/xglm-2.9B,40,5LocalWordSwaps,387,0.9969367980957031
xglm_large,facebook/xglm-2.9B,40,5LocalWordSwaps,388,0.995792031288147
xglm_large,facebook/xglm-2.9B,40,5LocalWordSwaps,389,0.9901157021522522
xglm_large,facebook/xglm-2.9B,40,5LocalWordSwaps,390,0.9993215799331665
xglm_large,facebook/xglm-2.9B,40,5LocalWordSwaps,391,0.9980499148368835
xglm_large,facebook/xglm-2.9B,40,5LocalWordSwaps,392,0.993655264377594
xglm_large,facebook/xglm-2.9B,40,5LocalWordSwaps,393,0.9983629584312439
xglm_large,facebook/xglm-2.9B,40,5LocalWordSwaps,394,0.995223879814148
xglm_large,facebook/xglm-2.9B,40,5LocalWordSwaps,395,0.9980020523071289
xglm_large,facebook/xglm-2.9B,40,5LocalWordSwaps,396,0.9977784752845764
xglm_large,facebook/xglm-2.9B,40,5LocalWordSwaps,397,0.9974325299263
xglm_large,facebook/xglm-2.9B,40,5LocalWordSwaps,398,0.998288094997406
xglm_large,facebook/xglm-2.9B,40,5LocalWordSwaps,399,0.9992859363555908
xglm_large,facebook/xglm-2.9B,40,5LocalWordSwaps,400,0.9963786005973816
xglm_large,facebook/xglm-2.9B,40,5LocalWordSwaps,401,0.9978431463241577
xglm_large,facebook/xglm-2.9B,40,5LocalWordSwaps,402,0.9989224076271057
xglm_large,facebook/xglm-2.9B,40,5LocalWordSwaps,403,0.9904189109802246
xglm_large,facebook/xglm-2.9B,40,5LocalWordSwaps,404,0.9982393383979797
xglm_large,facebook/xglm-2.9B,40,5LocalWordSwaps,405,0.9989325404167175
xglm_large,facebook/xglm-2.9B,40,5LocalWordSwaps,406,0.9990283250808716
xglm_large,facebook/xglm-2.9B,40,5LocalWordSwaps,407,0.9960677623748779
xglm_large,facebook/xglm-2.9B,40,5LocalWordSwaps,408,0.9986952543258667
xglm_large,facebook/xglm-2.9B,40,5LocalWordSwaps,409,0.9949852228164673
xglm_large,facebook/xglm-2.9B,40,5LocalWordSwaps,410,0.9965165853500366
xglm_large,facebook/xglm-2.9B,40,5LocalWordSwaps,411,0.9997521042823792
xglm_large,facebook/xglm-2.9B,40,5LocalWordSwaps,412,0.9969824552536011
xglm_large,facebook/xglm-2.9B,40,5LocalWordSwaps,413,0.9947847127914429
xglm_large,facebook/xglm-2.9B,40,5LocalWordSwaps,414,0.9982715249061584
xglm_large,facebook/xglm-2.9B,40,5LocalWordSwaps,415,0.9911274313926697
xglm_large,facebook/xglm-2.9B,40,5LocalWordSwaps,416,0.9936752915382385
xglm_large,facebook/xglm-2.9B,40,5LocalWordSwaps,417,0.9991639852523804
xglm_large,facebook/xglm-2.9B,40,5LocalWordSwaps,418,0.9977157115936279
xglm_large,facebook/xglm-2.9B,40,5LocalWordSwaps,419,0.9949702024459839
xglm_large,facebook/xglm-2.9B,40,5LocalWordSwaps,420,0.9981899857521057
xglm_large,facebook/xglm-2.9B,40,5LocalWordSwaps,421,0.9963536262512207
xglm_large,facebook/xglm-2.9B,40,5LocalWordSwaps,422,0.99274742603302
xglm_large,facebook/xglm-2.9B,40,5LocalWordSwaps,423,0.9994718432426453
xglm_large,facebook/xglm-2.9B,40,5LocalWordSwaps,424,0.9969485402107239
xglm_large,facebook/xglm-2.9B,40,5LocalWordSwaps,425,0.9937442541122437
xglm_large,facebook/xglm-2.9B,40,5LocalWordSwaps,426,0.9964620471000671
xglm_large,facebook/xglm-2.9B,40,5LocalWordSwaps,427,0.9972366094589233
xglm_large,facebook/xglm-2.9B,40,5LocalWordSwaps,428,0.9980789422988892
xglm_large,facebook/xglm-2.9B,40,5LocalWordSwaps,429,0.9981334805488586
xglm_large,facebook/xglm-2.9B,40,5LocalWordSwaps,430,0.9948990941047668
xglm_large,facebook/xglm-2.9B,40,5LocalWordSwaps,431,0.9969582557678223
xglm_large,facebook/xglm-2.9B,40,5LocalWordSwaps,432,0.9995489716529846
xglm_large,facebook/xglm-2.9B,40,5LocalWordSwaps,433,0.9994845390319824
xglm_large,facebook/xglm-2.9B,40,5LocalWordSwaps,434,0.9992874264717102
xglm_large,facebook/xglm-2.9B,40,5LocalWordSwaps,435,0.9989749193191528
xglm_large,facebook/xglm-2.9B,40,5LocalWordSwaps,436,0.9969494938850403
xglm_large,facebook/xglm-2.9B,40,5LocalWordSwaps,437,0.9967527985572815
xglm_large,facebook/xglm-2.9B,40,5LocalWordSwaps,438,0.9974302053451538
xglm_large,facebook/xglm-2.9B,40,5LocalWordSwaps,439,0.9982272982597351
xglm_large,facebook/xglm-2.9B,40,5LocalWordSwaps,440,0.9983590841293335
xglm_large,facebook/xglm-2.9B,40,5LocalWordSwaps,441,0.9972625374794006
xglm_large,facebook/xglm-2.9B,40,5LocalWordSwaps,442,0.9956839084625244
xglm_large,facebook/xglm-2.9B,40,5LocalWordSwaps,443,0.9995112419128418
xglm_large,facebook/xglm-2.9B,40,5LocalWordSwaps,444,0.9959239363670349
xglm_large,facebook/xglm-2.9B,40,5LocalWordSwaps,445,0.997999370098114
xglm_large,facebook/xglm-2.9B,40,5LocalWordSwaps,446,0.9954157471656799
xglm_large,facebook/xglm-2.9B,40,5LocalWordSwaps,447,0.9937607049942017
xglm_large,facebook/xglm-2.9B,40,5LocalWordSwaps,448,0.9977543950080872
xglm_large,facebook/xglm-2.9B,40,5LocalWordSwaps,449,0.9975885152816772
xglm_large,facebook/xglm-2.9B,40,5LocalWordSwaps,450,0.999349057674408
xglm_large,facebook/xglm-2.9B,40,5LocalWordSwaps,451,0.9921190738677979
xglm_large,facebook/xglm-2.9B,40,5LocalWordSwaps,452,0.9941312074661255
xglm_large,facebook/xglm-2.9B,40,5LocalWordSwaps,453,0.9996070861816406
xglm_large,facebook/xglm-2.9B,40,5LocalWordSwaps,454,0.9974318146705627
xglm_large,facebook/xglm-2.9B,40,5LocalWordSwaps,455,0.9985651969909668
xglm_large,facebook/xglm-2.9B,40,5LocalWordSwaps,456,0.9995427131652832
xglm_large,facebook/xglm-2.9B,40,5LocalWordSwaps,457,0.9944326877593994
xglm_large,facebook/xglm-2.9B,40,5LocalWordSwaps,458,0.9983750581741333
xglm_large,facebook/xglm-2.9B,40,5LocalWordSwaps,459,0.9987207651138306
xglm_large,facebook/xglm-2.9B,40,5LocalWordSwaps,460,0.9974121451377869
xglm_large,facebook/xglm-2.9B,40,5LocalWordSwaps,461,0.9929568767547607
xglm_large,facebook/xglm-2.9B,40,5LocalWordSwaps,462,0.9959767460823059
xglm_large,facebook/xglm-2.9B,40,5LocalWordSwaps,463,0.9972582459449768
xglm_large,facebook/xglm-2.9B,40,5LocalWordSwaps,464,0.9994593262672424
xglm_large,facebook/xglm-2.9B,40,5LocalWordSwaps,465,0.9954271912574768
xglm_large,facebook/xglm-2.9B,40,5LocalWordSwaps,466,0.997413158416748
xglm_large,facebook/xglm-2.9B,40,5LocalWordSwaps,467,0.9976158142089844
xglm_large,facebook/xglm-2.9B,40,5LocalWordSwaps,468,0.9996635317802429
xglm_large,facebook/xglm-2.9B,40,5LocalWordSwaps,469,0.9971941709518433
xglm_large,facebook/xglm-2.9B,40,5LocalWordSwaps,470,0.9980197548866272
xglm_large,facebook/xglm-2.9B,40,5LocalWordSwaps,471,0.9953474998474121
xglm_large,facebook/xglm-2.9B,40,5LocalWordSwaps,472,0.9983504414558411
xglm_large,facebook/xglm-2.9B,40,5LocalWordSwaps,473,0.9986991882324219
xglm_large,facebook/xglm-2.9B,40,5LocalWordSwaps,474,0.9972999691963196
xglm_large,facebook/xglm-2.9B,40,5LocalWordSwaps,475,0.9969310164451599
xglm_large,facebook/xglm-2.9B,40,5LocalWordSwaps,476,0.9974428415298462
xglm_large,facebook/xglm-2.9B,40,5LocalWordSwaps,477,0.9971924424171448
xglm_large,facebook/xglm-2.9B,40,5LocalWordSwaps,478,0.9983826279640198
xglm_large,facebook/xglm-2.9B,40,5LocalWordSwaps,479,0.9968037605285645
xglm_large,facebook/xglm-2.9B,40,5LocalWordSwaps,480,0.9978721141815186
xglm_large,facebook/xglm-2.9B,40,5LocalWordSwaps,481,0.9986464381217957
xglm_large,facebook/xglm-2.9B,40,5LocalWordSwaps,482,0.995032787322998
xglm_large,facebook/xglm-2.9B,40,5LocalWordSwaps,483,0.9979580044746399
xglm_large,facebook/xglm-2.9B,40,5LocalWordSwaps,484,0.9960824251174927
xglm_large,facebook/xglm-2.9B,40,5LocalWordSwaps,485,0.9948995113372803
xglm_large,facebook/xglm-2.9B,40,5LocalWordSwaps,486,0.9988298416137695
xglm_large,facebook/xglm-2.9B,40,5LocalWordSwaps,487,0.9970220327377319
xglm_large,facebook/xglm-2.9B,40,5LocalWordSwaps,488,0.9979695081710815
xglm_large,facebook/xglm-2.9B,40,5LocalWordSwaps,489,0.9944301247596741
xglm_large,facebook/xglm-2.9B,40,5LocalWordSwaps,490,0.9977172613143921
xglm_large,facebook/xglm-2.9B,40,5LocalWordSwaps,491,0.9952026605606079
xglm_large,facebook/xglm-2.9B,40,5LocalWordSwaps,492,0.9992899298667908
xglm_large,facebook/xglm-2.9B,40,5LocalWordSwaps,493,0.9980563521385193
xglm_large,facebook/xglm-2.9B,40,5LocalWordSwaps,494,0.9992523789405823
xglm_large,facebook/xglm-2.9B,40,5LocalWordSwaps,495,0.9975029230117798
xglm_large,facebook/xglm-2.9B,40,5LocalWordSwaps,496,0.9952252507209778
xglm_large,facebook/xglm-2.9B,40,5LocalWordSwaps,497,0.9978637099266052
xglm_large,facebook/xglm-2.9B,40,5LocalWordSwaps,498,0.9993276000022888
xglm_large,facebook/xglm-2.9B,40,5LocalWordSwaps,499,0.9936463832855225
xglm_large,facebook/xglm-2.9B,40,5LocalWordSwaps,500,0.998524010181427
xglm_large,facebook/xglm-2.9B,40,5LocalWordSwaps,501,0.9920948147773743
xglm_large,facebook/xglm-2.9B,40,5LocalWordSwaps,502,0.9959110021591187
xglm_large,facebook/xglm-2.9B,40,5LocalWordSwaps,503,0.9985074400901794
xglm_large,facebook/xglm-2.9B,40,5LocalWordSwaps,504,0.9969396591186523
xglm_large,facebook/xglm-2.9B,40,5LocalWordSwaps,505,0.9987391233444214
xglm_large,facebook/xglm-2.9B,40,5LocalWordSwaps,506,0.9987180829048157
xglm_large,facebook/xglm-2.9B,40,5LocalWordSwaps,507,0.9961545467376709
xglm_large,facebook/xglm-2.9B,40,5LocalWordSwaps,508,0.9932494163513184
xglm_large,facebook/xglm-2.9B,40,5LocalWordSwaps,509,0.9969977140426636
xglm_large,facebook/xglm-2.9B,40,5LocalWordSwaps,510,0.9957641959190369
xglm_large,facebook/xglm-2.9B,40,5LocalWordSwaps,511,0.9972683191299438
xglm_large,facebook/xglm-2.9B,40,5LocalWordSwaps,512,0.9981430768966675
xglm_large,facebook/xglm-2.9B,40,5LocalWordSwaps,513,0.9992930889129639
xglm_large,facebook/xglm-2.9B,40,5LocalWordSwaps,514,0.9962199330329895
xglm_large,facebook/xglm-2.9B,40,5LocalWordSwaps,515,0.9927356243133545
xglm_large,facebook/xglm-2.9B,40,5LocalWordSwaps,516,0.9938659071922302
xglm_large,facebook/xglm-2.9B,40,5LocalWordSwaps,517,0.9981961250305176
xglm_large,facebook/xglm-2.9B,40,5LocalWordSwaps,518,0.9950225949287415
xglm_large,facebook/xglm-2.9B,40,5LocalWordSwaps,519,0.995847761631012
xglm_large,facebook/xglm-2.9B,40,5LocalWordSwaps,520,0.9989697933197021
xglm_large,facebook/xglm-2.9B,40,5LocalWordSwaps,521,0.9965987801551819
xglm_large,facebook/xglm-2.9B,40,5LocalWordSwaps,522,0.9960705637931824
xglm_large,facebook/xglm-2.9B,40,5LocalWordSwaps,523,0.9970298409461975
xglm_large,facebook/xglm-2.9B,40,5LocalWordSwaps,524,0.9983584880828857
xglm_large,facebook/xglm-2.9B,40,5LocalWordSwaps,525,0.9989721179008484
xglm_large,facebook/xglm-2.9B,40,5LocalWordSwaps,526,0.9979493021965027
xglm_large,facebook/xglm-2.9B,40,5LocalWordSwaps,527,0.9978190660476685
xglm_large,facebook/xglm-2.9B,40,5LocalWordSwaps,528,0.9984877109527588
xglm_large,facebook/xglm-2.9B,40,5LocalWordSwaps,529,0.9965729117393494
xglm_large,facebook/xglm-2.9B,40,5LocalWordSwaps,530,0.9986685514450073
xglm_large,facebook/xglm-2.9B,40,5LocalWordSwaps,531,0.9964147806167603
xglm_large,facebook/xglm-2.9B,40,5LocalWordSwaps,532,0.9984720349311829
xglm_large,facebook/xglm-2.9B,40,5LocalWordSwaps,533,0.9990906715393066
xglm_large,facebook/xglm-2.9B,40,5LocalWordSwaps,534,0.9956085681915283
xglm_large,facebook/xglm-2.9B,40,5LocalWordSwaps,535,0.9970366954803467
xglm_large,facebook/xglm-2.9B,40,5LocalWordSwaps,536,0.9974555969238281
xglm_large,facebook/xglm-2.9B,40,5LocalWordSwaps,537,0.9956743717193604
xglm_large,facebook/xglm-2.9B,40,5LocalWordSwaps,538,0.9893284440040588
xglm_large,facebook/xglm-2.9B,40,5LocalWordSwaps,539,0.9945975542068481
xglm_large,facebook/xglm-2.9B,40,5LocalWordSwaps,540,0.999093770980835
xglm_large,facebook/xglm-2.9B,40,5LocalWordSwaps,541,0.9993032813072205
xglm_large,facebook/xglm-2.9B,40,5LocalWordSwaps,542,0.9982735514640808
xglm_large,facebook/xglm-2.9B,40,5LocalWordSwaps,543,0.9970693588256836
xglm_large,facebook/xglm-2.9B,40,5LocalWordSwaps,544,0.9965597987174988
xglm_large,facebook/xglm-2.9B,40,5LocalWordSwaps,545,0.9993773698806763
xglm_large,facebook/xglm-2.9B,40,5LocalWordSwaps,546,0.9985416531562805
xglm_large,facebook/xglm-2.9B,40,5LocalWordSwaps,547,0.9961629509925842
xglm_large,facebook/xglm-2.9B,40,5LocalWordSwaps,548,0.9992995858192444
xglm_large,facebook/xglm-2.9B,40,5LocalWordSwaps,549,0.9958991408348083
xglm_large,facebook/xglm-2.9B,40,5LocalWordSwaps,550,0.9892261028289795
xglm_large,facebook/xglm-2.9B,40,5LocalWordSwaps,551,0.9992087483406067
xglm_large,facebook/xglm-2.9B,40,5LocalWordSwaps,552,0.9993442296981812
xglm_large,facebook/xglm-2.9B,40,5LocalWordSwaps,553,0.9981086850166321
xglm_large,facebook/xglm-2.9B,40,5LocalWordSwaps,554,0.9963589310646057
xglm_large,facebook/xglm-2.9B,40,5LocalWordSwaps,555,0.9992578625679016
xglm_large,facebook/xglm-2.9B,40,5LocalWordSwaps,556,0.9972445368766785
xglm_large,facebook/xglm-2.9B,40,5LocalWordSwaps,557,0.9968157410621643
xglm_large,facebook/xglm-2.9B,40,5LocalWordSwaps,558,0.9994999766349792
xglm_large,facebook/xglm-2.9B,40,5LocalWordSwaps,559,0.9940500855445862
xglm_large,facebook/xglm-2.9B,40,5LocalWordSwaps,560,0.9996354579925537
xglm_large,facebook/xglm-2.9B,40,5LocalWordSwaps,561,0.9941833019256592
xglm_large,facebook/xglm-2.9B,40,5LocalWordSwaps,562,0.99882572889328
xglm_large,facebook/xglm-2.9B,40,5LocalWordSwaps,563,0.9992069602012634
xglm_large,facebook/xglm-2.9B,40,5LocalWordSwaps,564,0.9965820908546448
xglm_large,facebook/xglm-2.9B,40,5LocalWordSwaps,565,0.9985836744308472
xglm_large,facebook/xglm-2.9B,40,5LocalWordSwaps,566,0.9966818690299988
xglm_large,facebook/xglm-2.9B,40,5LocalWordSwaps,567,0.9973613023757935
xglm_large,facebook/xglm-2.9B,40,5LocalWordSwaps,568,0.9974791407585144
xglm_large,facebook/xglm-2.9B,40,5LocalWordSwaps,569,0.9966593384742737
xglm_large,facebook/xglm-2.9B,40,5LocalWordSwaps,570,0.9952523708343506
xglm_large,facebook/xglm-2.9B,40,5LocalWordSwaps,571,0.9922510981559753
xglm_large,facebook/xglm-2.9B,40,5LocalWordSwaps,572,0.9993460774421692
xglm_large,facebook/xglm-2.9B,40,5LocalWordSwaps,573,0.9942556619644165
xglm_large,facebook/xglm-2.9B,40,5LocalWordSwaps,574,0.9963768720626831
xglm_large,facebook/xglm-2.9B,40,5LocalWordSwaps,575,0.9945794939994812
xglm_large,facebook/xglm-2.9B,40,5LocalWordSwaps,576,0.9985659718513489
xglm_large,facebook/xglm-2.9B,40,5LocalWordSwaps,577,0.9972877502441406
xglm_large,facebook/xglm-2.9B,40,5LocalWordSwaps,578,0.9951790571212769
xglm_large,facebook/xglm-2.9B,40,5LocalWordSwaps,579,0.9944893717765808
xglm_large,facebook/xglm-2.9B,40,5LocalWordSwaps,580,0.986536979675293
xglm_large,facebook/xglm-2.9B,40,5LocalWordSwaps,581,0.9971223473548889
xglm_large,facebook/xglm-2.9B,40,5LocalWordSwaps,582,0.9965338110923767
xglm_large,facebook/xglm-2.9B,40,5LocalWordSwaps,583,0.9986552000045776
xglm_large,facebook/xglm-2.9B,40,5LocalWordSwaps,584,0.9989831447601318
xglm_large,facebook/xglm-2.9B,40,5LocalWordSwaps,585,0.9958696961402893
xglm_large,facebook/xglm-2.9B,40,5LocalWordSwaps,586,0.9997254014015198
xglm_large,facebook/xglm-2.9B,40,5LocalWordSwaps,587,0.9975665211677551
xglm_large,facebook/xglm-2.9B,40,5LocalWordSwaps,588,0.9993716478347778
xglm_large,facebook/xglm-2.9B,40,5LocalWordSwaps,589,0.9982495903968811
xglm_large,facebook/xglm-2.9B,40,5LocalWordSwaps,590,0.9986764192581177
xglm_large,facebook/xglm-2.9B,40,5LocalWordSwaps,591,0.9991495609283447
xglm_large,facebook/xglm-2.9B,40,5LocalWordSwaps,592,0.9985290169715881
xglm_large,facebook/xglm-2.9B,40,5LocalWordSwaps,593,0.9927821755409241
xglm_large,facebook/xglm-2.9B,40,5LocalWordSwaps,594,0.9970770478248596
xglm_large,facebook/xglm-2.9B,40,5LocalWordSwaps,595,0.997395396232605
xglm_large,facebook/xglm-2.9B,40,5LocalWordSwaps,596,0.9950575232505798
xglm_large,facebook/xglm-2.9B,40,5LocalWordSwaps,597,0.9972073435783386
xglm_large,facebook/xglm-2.9B,40,5LocalWordSwaps,598,0.9990847110748291
xglm_large,facebook/xglm-2.9B,40,5LocalWordSwaps,599,0.9988228678703308
xglm_large,facebook/xglm-2.9B,40,5LocalWordSwaps,600,0.9960970878601074
xglm_large,facebook/xglm-2.9B,40,5LocalWordSwaps,601,0.9949444532394409
xglm_large,facebook/xglm-2.9B,40,5LocalWordSwaps,602,0.9975132942199707
xglm_large,facebook/xglm-2.9B,40,5LocalWordSwaps,603,0.9954008460044861
xglm_large,facebook/xglm-2.9B,40,5LocalWordSwaps,604,0.998528778553009
xglm_large,facebook/xglm-2.9B,40,5LocalWordSwaps,605,0.9984172582626343
xglm_large,facebook/xglm-2.9B,40,5LocalWordSwaps,606,0.9978356957435608
xglm_large,facebook/xglm-2.9B,40,5LocalWordSwaps,607,0.9990541338920593
xglm_large,facebook/xglm-2.9B,40,5LocalWordSwaps,608,0.9985235333442688
xglm_large,facebook/xglm-2.9B,40,5LocalWordSwaps,609,0.9963294863700867
xglm_large,facebook/xglm-2.9B,40,5LocalWordSwaps,610,0.9982405304908752
xglm_large,facebook/xglm-2.9B,40,5LocalWordSwaps,611,0.9989256262779236
xglm_large,facebook/xglm-2.9B,40,5LocalWordSwaps,612,0.9981791377067566
xglm_large,facebook/xglm-2.9B,40,5LocalWordSwaps,613,0.9966275691986084
xglm_large,facebook/xglm-2.9B,40,5LocalWordSwaps,614,0.9980514049530029
xglm_large,facebook/xglm-2.9B,40,5LocalWordSwaps,615,0.9939871430397034
xglm_large,facebook/xglm-2.9B,40,5LocalWordSwaps,616,0.9986736178398132
xglm_large,facebook/xglm-2.9B,40,5LocalWordSwaps,617,0.9985217452049255
xglm_large,facebook/xglm-2.9B,40,5LocalWordSwaps,618,0.9987745881080627
xglm_large,facebook/xglm-2.9B,40,5LocalWordSwaps,619,0.996796727180481
xglm_large,facebook/xglm-2.9B,40,5LocalWordSwaps,620,0.9975974559783936
xglm_large,facebook/xglm-2.9B,40,5LocalWordSwaps,621,0.9974233508110046
xglm_large,facebook/xglm-2.9B,40,5LocalWordSwaps,622,0.9983121156692505
xglm_large,facebook/xglm-2.9B,40,5LocalWordSwaps,623,0.9974677562713623
xglm_large,facebook/xglm-2.9B,40,5LocalWordSwaps,624,0.9973815679550171
xglm_large,facebook/xglm-2.9B,40,5LocalWordSwaps,625,0.9976460933685303
xglm_large,facebook/xglm-2.9B,40,5LocalWordSwaps,626,0.9978667497634888
xglm_large,facebook/xglm-2.9B,40,Reversed,0,0.9966514110565186
xglm_large,facebook/xglm-2.9B,40,Reversed,1,0.9953405261039734
xglm_large,facebook/xglm-2.9B,40,Reversed,2,0.9942187070846558
xglm_large,facebook/xglm-2.9B,40,Reversed,3,0.9924982786178589
xglm_large,facebook/xglm-2.9B,40,Reversed,4,0.9948558211326599
xglm_large,facebook/xglm-2.9B,40,Reversed,5,0.995303213596344
xglm_large,facebook/xglm-2.9B,40,Reversed,6,0.9914452433586121
xglm_large,facebook/xglm-2.9B,40,Reversed,7,0.9926990866661072
xglm_large,facebook/xglm-2.9B,40,Reversed,8,0.9892008900642395
xglm_large,facebook/xglm-2.9B,40,Reversed,9,0.9889003038406372
xglm_large,facebook/xglm-2.9B,40,Reversed,10,0.9926659464836121
xglm_large,facebook/xglm-2.9B,40,Reversed,11,0.9875253438949585
xglm_large,facebook/xglm-2.9B,40,Reversed,12,0.9922538995742798
xglm_large,facebook/xglm-2.9B,40,Reversed,13,0.9924612045288086
xglm_large,facebook/xglm-2.9B,40,Reversed,14,0.9949747920036316
xglm_large,facebook/xglm-2.9B,40,Reversed,15,0.9909371137619019
xglm_large,facebook/xglm-2.9B,40,Reversed,16,0.9898495078086853
xglm_large,facebook/xglm-2.9B,40,Reversed,17,0.9930344223976135
xglm_large,facebook/xglm-2.9B,40,Reversed,18,0.9924980998039246
xglm_large,facebook/xglm-2.9B,40,Reversed,19,0.9953694939613342
xglm_large,facebook/xglm-2.9B,40,Reversed,20,0.9922128319740295
xglm_large,facebook/xglm-2.9B,40,Reversed,21,0.9946194291114807
xglm_large,facebook/xglm-2.9B,40,Reversed,22,0.9922455549240112
xglm_large,facebook/xglm-2.9B,40,Reversed,23,0.9915748834609985
xglm_large,facebook/xglm-2.9B,40,Reversed,24,0.9913377165794373
xglm_large,facebook/xglm-2.9B,40,Reversed,25,0.9956454634666443
xglm_large,facebook/xglm-2.9B,40,Reversed,26,0.9962154030799866
xglm_large,facebook/xglm-2.9B,40,Reversed,27,0.9969548583030701
xglm_large,facebook/xglm-2.9B,40,Reversed,28,0.9885104298591614
xglm_large,facebook/xglm-2.9B,40,Reversed,29,0.9908981919288635
xglm_large,facebook/xglm-2.9B,40,Reversed,30,0.9897177815437317
xglm_large,facebook/xglm-2.9B,40,Reversed,31,0.9889810085296631
xglm_large,facebook/xglm-2.9B,40,Reversed,32,0.9913293123245239
xglm_large,facebook/xglm-2.9B,40,Reversed,33,0.9951432347297668
xglm_large,facebook/xglm-2.9B,40,Reversed,34,0.9801249504089355
xglm_large,facebook/xglm-2.9B,40,Reversed,35,0.9929775595664978
xglm_large,facebook/xglm-2.9B,40,Reversed,36,0.9927977919578552
xglm_large,facebook/xglm-2.9B,40,Reversed,37,0.9938924908638
xglm_large,facebook/xglm-2.9B,40,Reversed,38,0.9933839440345764
xglm_large,facebook/xglm-2.9B,40,Reversed,39,0.9961498975753784
xglm_large,facebook/xglm-2.9B,40,Reversed,40,0.9946033954620361
xglm_large,facebook/xglm-2.9B,40,Reversed,41,0.9891830682754517
xglm_large,facebook/xglm-2.9B,40,Reversed,42,0.9900723099708557
xglm_large,facebook/xglm-2.9B,40,Reversed,43,0.9928812980651855
xglm_large,facebook/xglm-2.9B,40,Reversed,44,0.9936019778251648
xglm_large,facebook/xglm-2.9B,40,Reversed,45,0.9928127527236938
xglm_large,facebook/xglm-2.9B,40,Reversed,46,0.9946059584617615
xglm_large,facebook/xglm-2.9B,40,Reversed,47,0.9877391457557678
xglm_large,facebook/xglm-2.9B,40,Reversed,48,0.9907687306404114
xglm_large,facebook/xglm-2.9B,40,Reversed,49,0.9828946590423584
xglm_large,facebook/xglm-2.9B,40,Reversed,50,0.9953001737594604
xglm_large,facebook/xglm-2.9B,40,Reversed,51,0.9947707653045654
xglm_large,facebook/xglm-2.9B,40,Reversed,52,0.9939306378364563
xglm_large,facebook/xglm-2.9B,40,Reversed,53,0.990903913974762
xglm_large,facebook/xglm-2.9B,40,Reversed,54,0.9958541989326477
xglm_large,facebook/xglm-2.9B,40,Reversed,55,0.9833700656890869
xglm_large,facebook/xglm-2.9B,40,Reversed,56,0.9909793138504028
xglm_large,facebook/xglm-2.9B,40,Reversed,57,0.9932003021240234
xglm_large,facebook/xglm-2.9B,40,Reversed,58,0.9951939582824707
xglm_large,facebook/xglm-2.9B,40,Reversed,59,0.9950058460235596
xglm_large,facebook/xglm-2.9B,40,Reversed,60,0.9931284189224243
xglm_large,facebook/xglm-2.9B,40,Reversed,61,0.9881933331489563
xglm_large,facebook/xglm-2.9B,40,Reversed,62,0.9956283569335938
xglm_large,facebook/xglm-2.9B,40,Reversed,63,0.9934523701667786
xglm_large,facebook/xglm-2.9B,40,Reversed,64,0.9906712174415588
xglm_large,facebook/xglm-2.9B,40,Reversed,65,0.9850349426269531
xglm_large,facebook/xglm-2.9B,40,Reversed,66,0.9967991709709167
xglm_large,facebook/xglm-2.9B,40,Reversed,67,0.9885131120681763
xglm_large,facebook/xglm-2.9B,40,Reversed,68,0.9941185116767883
xglm_large,facebook/xglm-2.9B,40,Reversed,69,0.9932639598846436
xglm_large,facebook/xglm-2.9B,40,Reversed,70,0.9938222169876099
xglm_large,facebook/xglm-2.9B,40,Reversed,71,0.9844700694084167
xglm_large,facebook/xglm-2.9B,40,Reversed,72,0.9962452054023743
xglm_large,facebook/xglm-2.9B,40,Reversed,73,0.9924277663230896
xglm_large,facebook/xglm-2.9B,40,Reversed,74,0.9889726638793945
xglm_large,facebook/xglm-2.9B,40,Reversed,75,0.9963396787643433
xglm_large,facebook/xglm-2.9B,40,Reversed,76,0.9957392811775208
xglm_large,facebook/xglm-2.9B,40,Reversed,77,0.9843600988388062
xglm_large,facebook/xglm-2.9B,40,Reversed,78,0.9860613346099854
xglm_large,facebook/xglm-2.9B,40,Reversed,79,0.9945910573005676
xglm_large,facebook/xglm-2.9B,40,Reversed,80,0.9873077869415283
xglm_large,facebook/xglm-2.9B,40,Reversed,81,0.9939177632331848
xglm_large,facebook/xglm-2.9B,40,Reversed,82,0.9892950654029846
xglm_large,facebook/xglm-2.9B,40,Reversed,83,0.9931825399398804
xglm_large,facebook/xglm-2.9B,40,Reversed,84,0.9925567507743835
xglm_large,facebook/xglm-2.9B,40,Reversed,85,0.9953894019126892
xglm_large,facebook/xglm-2.9B,40,Reversed,86,0.9923760890960693
xglm_large,facebook/xglm-2.9B,40,Reversed,87,0.9949628114700317
xglm_large,facebook/xglm-2.9B,40,Reversed,88,0.9869961142539978
xglm_large,facebook/xglm-2.9B,40,Reversed,89,0.9922218918800354
xglm_large,facebook/xglm-2.9B,40,Reversed,90,0.990669310092926
xglm_large,facebook/xglm-2.9B,40,Reversed,91,0.9897640347480774
xglm_large,facebook/xglm-2.9B,40,Reversed,92,0.9938246607780457
xglm_large,facebook/xglm-2.9B,40,Reversed,93,0.9854918718338013
xglm_large,facebook/xglm-2.9B,40,Reversed,94,0.9941898584365845
xglm_large,facebook/xglm-2.9B,40,Reversed,95,0.9931763410568237
xglm_large,facebook/xglm-2.9B,40,Reversed,96,0.9959433078765869
xglm_large,facebook/xglm-2.9B,40,Reversed,97,0.9919016361236572
xglm_large,facebook/xglm-2.9B,40,Reversed,98,0.9932484030723572
xglm_large,facebook/xglm-2.9B,40,Reversed,99,0.9958569407463074
xglm_large,facebook/xglm-2.9B,40,Reversed,100,0.9894007444381714
xglm_large,facebook/xglm-2.9B,40,Reversed,101,0.987779438495636
xglm_large,facebook/xglm-2.9B,40,Reversed,102,0.993442952632904
xglm_large,facebook/xglm-2.9B,40,Reversed,103,0.9930729866027832
xglm_large,facebook/xglm-2.9B,40,Reversed,104,0.9932354688644409
xglm_large,facebook/xglm-2.9B,40,Reversed,105,0.9954007863998413
xglm_large,facebook/xglm-2.9B,40,Reversed,106,0.9893603920936584
xglm_large,facebook/xglm-2.9B,40,Reversed,107,0.9878098964691162
xglm_large,facebook/xglm-2.9B,40,Reversed,108,0.9947023391723633
xglm_large,facebook/xglm-2.9B,40,Reversed,109,0.9892614483833313
xglm_large,facebook/xglm-2.9B,40,Reversed,110,0.9897301197052002
xglm_large,facebook/xglm-2.9B,40,Reversed,111,0.9925270676612854
xglm_large,facebook/xglm-2.9B,40,Reversed,112,0.9924746751785278
xglm_large,facebook/xglm-2.9B,40,Reversed,113,0.9857339262962341
xglm_large,facebook/xglm-2.9B,40,Reversed,114,0.9913979172706604
xglm_large,facebook/xglm-2.9B,40,Reversed,115,0.994588315486908
xglm_large,facebook/xglm-2.9B,40,Reversed,116,0.9924853444099426
xglm_large,facebook/xglm-2.9B,40,Reversed,117,0.9953683018684387
xglm_large,facebook/xglm-2.9B,40,Reversed,118,0.9925950169563293
xglm_large,facebook/xglm-2.9B,40,Reversed,119,0.9852174520492554
xglm_large,facebook/xglm-2.9B,40,Reversed,120,0.9901665449142456
xglm_large,facebook/xglm-2.9B,40,Reversed,121,0.9907121062278748
xglm_large,facebook/xglm-2.9B,40,Reversed,122,0.9881145358085632
xglm_large,facebook/xglm-2.9B,40,Reversed,123,0.9899781346321106
xglm_large,facebook/xglm-2.9B,40,Reversed,124,0.9902319312095642
xglm_large,facebook/xglm-2.9B,40,Reversed,125,0.9910385608673096
xglm_large,facebook/xglm-2.9B,40,Reversed,126,0.9860590100288391
xglm_large,facebook/xglm-2.9B,40,Reversed,127,0.9920080900192261
xglm_large,facebook/xglm-2.9B,40,Reversed,128,0.9964580535888672
xglm_large,facebook/xglm-2.9B,40,Reversed,129,0.9949782490730286
xglm_large,facebook/xglm-2.9B,40,Reversed,130,0.9946880340576172
xglm_large,facebook/xglm-2.9B,40,Reversed,131,0.9906458854675293
xglm_large,facebook/xglm-2.9B,40,Reversed,132,0.9887776970863342
xglm_large,facebook/xglm-2.9B,40,Reversed,133,0.9932737946510315
xglm_large,facebook/xglm-2.9B,40,Reversed,134,0.9858336448669434
xglm_large,facebook/xglm-2.9B,40,Reversed,135,0.9952659010887146
xglm_large,facebook/xglm-2.9B,40,Reversed,136,0.9944734573364258
xglm_large,facebook/xglm-2.9B,40,Reversed,137,0.993883490562439
xglm_large,facebook/xglm-2.9B,40,Reversed,138,0.9942458868026733
xglm_large,facebook/xglm-2.9B,40,Reversed,139,0.990535318851471
xglm_large,facebook/xglm-2.9B,40,Reversed,140,0.9950233697891235
xglm_large,facebook/xglm-2.9B,40,Reversed,141,0.9878742694854736
xglm_large,facebook/xglm-2.9B,40,Reversed,142,0.9941972494125366
xglm_large,facebook/xglm-2.9B,40,Reversed,143,0.988465428352356
xglm_large,facebook/xglm-2.9B,40,Reversed,144,0.9905663132667542
xglm_large,facebook/xglm-2.9B,40,Reversed,145,0.9896838068962097
xglm_large,facebook/xglm-2.9B,40,Reversed,146,0.988181471824646
xglm_large,facebook/xglm-2.9B,40,Reversed,147,0.9903977513313293
xglm_large,facebook/xglm-2.9B,40,Reversed,148,0.9959094524383545
xglm_large,facebook/xglm-2.9B,40,Reversed,149,0.9911025762557983
xglm_large,facebook/xglm-2.9B,40,Reversed,150,0.9901572465896606
xglm_large,facebook/xglm-2.9B,40,Reversed,151,0.982268214225769
xglm_large,facebook/xglm-2.9B,40,Reversed,152,0.9912076592445374
xglm_large,facebook/xglm-2.9B,40,Reversed,153,0.9905483722686768
xglm_large,facebook/xglm-2.9B,40,Reversed,154,0.9942934513092041
xglm_large,facebook/xglm-2.9B,40,Reversed,155,0.9887180924415588
xglm_large,facebook/xglm-2.9B,40,Reversed,156,0.9949061274528503
xglm_large,facebook/xglm-2.9B,40,Reversed,157,0.9922542572021484
xglm_large,facebook/xglm-2.9B,40,Reversed,158,0.9927752017974854
xglm_large,facebook/xglm-2.9B,40,Reversed,159,0.9905387163162231
xglm_large,facebook/xglm-2.9B,40,Reversed,160,0.9924878478050232
xglm_large,facebook/xglm-2.9B,40,Reversed,161,0.9930717349052429
xglm_large,facebook/xglm-2.9B,40,Reversed,162,0.9816452264785767
xglm_large,facebook/xglm-2.9B,40,Reversed,163,0.9914534687995911
xglm_large,facebook/xglm-2.9B,40,Reversed,164,0.9947799444198608
xglm_large,facebook/xglm-2.9B,40,Reversed,165,0.9945922493934631
xglm_large,facebook/xglm-2.9B,40,Reversed,166,0.99464350938797
xglm_large,facebook/xglm-2.9B,40,Reversed,167,0.9939753413200378
xglm_large,facebook/xglm-2.9B,40,Reversed,168,0.9937082529067993
xglm_large,facebook/xglm-2.9B,40,Reversed,169,0.9944780468940735
xglm_large,facebook/xglm-2.9B,40,Reversed,170,0.9941083788871765
xglm_large,facebook/xglm-2.9B,40,Reversed,171,0.9953204393386841
xglm_large,facebook/xglm-2.9B,40,Reversed,172,0.993464469909668
xglm_large,facebook/xglm-2.9B,40,Reversed,173,0.9907365441322327
xglm_large,facebook/xglm-2.9B,40,Reversed,174,0.9903281927108765
xglm_large,facebook/xglm-2.9B,40,Reversed,175,0.9942662715911865
xglm_large,facebook/xglm-2.9B,40,Reversed,176,0.9926818013191223
xglm_large,facebook/xglm-2.9B,40,Reversed,177,0.9932202696800232
xglm_large,facebook/xglm-2.9B,40,Reversed,178,0.9934853315353394
xglm_large,facebook/xglm-2.9B,40,Reversed,179,0.9881954789161682
xglm_large,facebook/xglm-2.9B,40,Reversed,180,0.9805320501327515
xglm_large,facebook/xglm-2.9B,40,Reversed,181,0.9941090941429138
xglm_large,facebook/xglm-2.9B,40,Reversed,182,0.9944808483123779
xglm_large,facebook/xglm-2.9B,40,Reversed,183,0.9919127225875854
xglm_large,facebook/xglm-2.9B,40,Reversed,184,0.9815577864646912
xglm_large,facebook/xglm-2.9B,40,Reversed,185,0.9912221431732178
xglm_large,facebook/xglm-2.9B,40,Reversed,186,0.9927315711975098
xglm_large,facebook/xglm-2.9B,40,Reversed,187,0.9958859086036682
xglm_large,facebook/xglm-2.9B,40,Reversed,188,0.9956292510032654
xglm_large,facebook/xglm-2.9B,40,Reversed,189,0.9948017001152039
xglm_large,facebook/xglm-2.9B,40,Reversed,190,0.9966033101081848
xglm_large,facebook/xglm-2.9B,40,Reversed,191,0.9968007802963257
xglm_large,facebook/xglm-2.9B,40,Reversed,192,0.9796099662780762
xglm_large,facebook/xglm-2.9B,40,Reversed,193,0.9929091334342957
xglm_large,facebook/xglm-2.9B,40,Reversed,194,0.9954030513763428
xglm_large,facebook/xglm-2.9B,40,Reversed,195,0.9947549700737
xglm_large,facebook/xglm-2.9B,40,Reversed,196,0.9924015402793884
xglm_large,facebook/xglm-2.9B,40,Reversed,197,0.991334080696106
xglm_large,facebook/xglm-2.9B,40,Reversed,198,0.9915144443511963
xglm_large,facebook/xglm-2.9B,40,Reversed,199,0.9948225021362305
xglm_large,facebook/xglm-2.9B,40,Reversed,200,0.993080198764801
xglm_large,facebook/xglm-2.9B,40,Reversed,201,0.9864054322242737
xglm_large,facebook/xglm-2.9B,40,Reversed,202,0.9897403717041016
xglm_large,facebook/xglm-2.9B,40,Reversed,203,0.9874143600463867
xglm_large,facebook/xglm-2.9B,40,Reversed,204,0.9945051074028015
xglm_large,facebook/xglm-2.9B,40,Reversed,205,0.9945721626281738
xglm_large,facebook/xglm-2.9B,40,Reversed,206,0.9921243786811829
xglm_large,facebook/xglm-2.9B,40,Reversed,207,0.9964447021484375
xglm_large,facebook/xglm-2.9B,40,Reversed,208,0.99225914478302
xglm_large,facebook/xglm-2.9B,40,Reversed,209,0.9906352162361145
xglm_large,facebook/xglm-2.9B,40,Reversed,210,0.9934266805648804
xglm_large,facebook/xglm-2.9B,40,Reversed,211,0.9966594576835632
xglm_large,facebook/xglm-2.9B,40,Reversed,212,0.9924173355102539
xglm_large,facebook/xglm-2.9B,40,Reversed,213,0.9890769720077515
xglm_large,facebook/xglm-2.9B,40,Reversed,214,0.9944948554039001
xglm_large,facebook/xglm-2.9B,40,Reversed,215,0.9904077649116516
xglm_large,facebook/xglm-2.9B,40,Reversed,216,0.9859728813171387
xglm_large,facebook/xglm-2.9B,40,Reversed,217,0.9907770156860352
xglm_large,facebook/xglm-2.9B,40,Reversed,218,0.9923178553581238
xglm_large,facebook/xglm-2.9B,40,Reversed,219,0.994201123714447
xglm_large,facebook/xglm-2.9B,40,Reversed,220,0.9936094880104065
xglm_large,facebook/xglm-2.9B,40,Reversed,221,0.9830906391143799
xglm_large,facebook/xglm-2.9B,40,Reversed,222,0.994916558265686
xglm_large,facebook/xglm-2.9B,40,Reversed,223,0.9867483377456665
xglm_large,facebook/xglm-2.9B,40,Reversed,224,0.9871456623077393
xglm_large,facebook/xglm-2.9B,40,Reversed,225,0.9905310273170471
xglm_large,facebook/xglm-2.9B,40,Reversed,226,0.9942020177841187
xglm_large,facebook/xglm-2.9B,40,Reversed,227,0.9890108704566956
xglm_large,facebook/xglm-2.9B,40,Reversed,228,0.9954484105110168
xglm_large,facebook/xglm-2.9B,40,Reversed,229,0.9896957874298096
xglm_large,facebook/xglm-2.9B,40,Reversed,230,0.997615396976471
xglm_large,facebook/xglm-2.9B,40,Reversed,231,0.9860162138938904
xglm_large,facebook/xglm-2.9B,40,Reversed,232,0.9857619404792786
xglm_large,facebook/xglm-2.9B,40,Reversed,233,0.9749709963798523
xglm_large,facebook/xglm-2.9B,40,Reversed,234,0.9939942955970764
xglm_large,facebook/xglm-2.9B,40,Reversed,235,0.9950194954872131
xglm_large,facebook/xglm-2.9B,40,Reversed,236,0.9910121560096741
xglm_large,facebook/xglm-2.9B,40,Reversed,237,0.9938305616378784
xglm_large,facebook/xglm-2.9B,40,Reversed,238,0.993772029876709
xglm_large,facebook/xglm-2.9B,40,Reversed,239,0.9909571409225464
xglm_large,facebook/xglm-2.9B,40,Reversed,240,0.9891979098320007
xglm_large,facebook/xglm-2.9B,40,Reversed,241,0.9946771860122681
xglm_large,facebook/xglm-2.9B,40,Reversed,242,0.9946691989898682
xglm_large,facebook/xglm-2.9B,40,Reversed,243,0.9919184446334839
xglm_large,facebook/xglm-2.9B,40,Reversed,244,0.9926426410675049
xglm_large,facebook/xglm-2.9B,40,Reversed,245,0.9868383407592773
xglm_large,facebook/xglm-2.9B,40,Reversed,246,0.9920732975006104
xglm_large,facebook/xglm-2.9B,40,Reversed,247,0.9916265606880188
xglm_large,facebook/xglm-2.9B,40,Reversed,248,0.9900999665260315
xglm_large,facebook/xglm-2.9B,40,Reversed,249,0.9912639856338501
xglm_large,facebook/xglm-2.9B,40,Reversed,250,0.9815508723258972
xglm_large,facebook/xglm-2.9B,40,Reversed,251,0.9885630011558533
xglm_large,facebook/xglm-2.9B,40,Reversed,252,0.9880474209785461
xglm_large,facebook/xglm-2.9B,40,Reversed,253,0.9935211539268494
xglm_large,facebook/xglm-2.9B,40,Reversed,254,0.9959689974784851
xglm_large,facebook/xglm-2.9B,40,Reversed,255,0.988844633102417
xglm_large,facebook/xglm-2.9B,40,Reversed,256,0.9939083456993103
xglm_large,facebook/xglm-2.9B,40,Reversed,257,0.9945278763771057
xglm_large,facebook/xglm-2.9B,40,Reversed,258,0.9965192079544067
xglm_large,facebook/xglm-2.9B,40,Reversed,259,0.9919161200523376
xglm_large,facebook/xglm-2.9B,40,Reversed,260,0.9877801537513733
xglm_large,facebook/xglm-2.9B,40,Reversed,261,0.9949958920478821
xglm_large,facebook/xglm-2.9B,40,Reversed,262,0.9914098381996155
xglm_large,facebook/xglm-2.9B,40,Reversed,263,0.994424045085907
xglm_large,facebook/xglm-2.9B,40,Reversed,264,0.9916794896125793
xglm_large,facebook/xglm-2.9B,40,Reversed,265,0.9903477430343628
xglm_large,facebook/xglm-2.9B,40,Reversed,266,0.9849876761436462
xglm_large,facebook/xglm-2.9B,40,Reversed,267,0.9908505082130432
xglm_large,facebook/xglm-2.9B,40,Reversed,268,0.9894262552261353
xglm_large,facebook/xglm-2.9B,40,Reversed,269,0.9865843057632446
xglm_large,facebook/xglm-2.9B,40,Reversed,270,0.9920910596847534
xglm_large,facebook/xglm-2.9B,40,Reversed,271,0.9900082945823669
xglm_large,facebook/xglm-2.9B,40,Reversed,272,0.9937035441398621
xglm_large,facebook/xglm-2.9B,40,Reversed,273,0.9964094161987305
xglm_large,facebook/xglm-2.9B,40,Reversed,274,0.9922311902046204
xglm_large,facebook/xglm-2.9B,40,Reversed,275,0.9904857277870178
xglm_large,facebook/xglm-2.9B,40,Reversed,276,0.9925446510314941
xglm_large,facebook/xglm-2.9B,40,Reversed,277,0.9912657141685486
xglm_large,facebook/xglm-2.9B,40,Reversed,278,0.9862369298934937
xglm_large,facebook/xglm-2.9B,40,Reversed,279,0.9912227392196655
xglm_large,facebook/xglm-2.9B,40,Reversed,280,0.9932531118392944
xglm_large,facebook/xglm-2.9B,40,Reversed,281,0.9948629140853882
xglm_large,facebook/xglm-2.9B,40,Reversed,282,0.99577397108078
xglm_large,facebook/xglm-2.9B,40,Reversed,283,0.9954806566238403
xglm_large,facebook/xglm-2.9B,40,Reversed,284,0.9866677522659302
xglm_large,facebook/xglm-2.9B,40,Reversed,285,0.994867742061615
xglm_large,facebook/xglm-2.9B,40,Reversed,286,0.992117702960968
xglm_large,facebook/xglm-2.9B,40,Reversed,287,0.9947428703308105
xglm_large,facebook/xglm-2.9B,40,Reversed,288,0.982971727848053
xglm_large,facebook/xglm-2.9B,40,Reversed,289,0.9929141998291016
xglm_large,facebook/xglm-2.9B,40,Reversed,290,0.9885077476501465
xglm_large,facebook/xglm-2.9B,40,Reversed,291,0.993622899055481
xglm_large,facebook/xglm-2.9B,40,Reversed,292,0.9936259388923645
xglm_large,facebook/xglm-2.9B,40,Reversed,293,0.996173620223999
xglm_large,facebook/xglm-2.9B,40,Reversed,294,0.9930781126022339
xglm_large,facebook/xglm-2.9B,40,Reversed,295,0.9936516284942627
xglm_large,facebook/xglm-2.9B,40,Reversed,296,0.9908294081687927
xglm_large,facebook/xglm-2.9B,40,Reversed,297,0.9939581751823425
xglm_large,facebook/xglm-2.9B,40,Reversed,298,0.9926646947860718
xglm_large,facebook/xglm-2.9B,40,Reversed,299,0.9938327074050903
xglm_large,facebook/xglm-2.9B,40,Reversed,300,0.9954853057861328
xglm_large,facebook/xglm-2.9B,40,Reversed,301,0.9943487644195557
xglm_large,facebook/xglm-2.9B,40,Reversed,302,0.988060474395752
xglm_large,facebook/xglm-2.9B,40,Reversed,303,0.9913097620010376
xglm_large,facebook/xglm-2.9B,40,Reversed,304,0.9951424598693848
xglm_large,facebook/xglm-2.9B,40,Reversed,305,0.9920312166213989
xglm_large,facebook/xglm-2.9B,40,Reversed,306,0.99167400598526
xglm_large,facebook/xglm-2.9B,40,Reversed,307,0.993996262550354
xglm_large,facebook/xglm-2.9B,40,Reversed,308,0.9886152744293213
xglm_large,facebook/xglm-2.9B,40,Reversed,309,0.9866915941238403
xglm_large,facebook/xglm-2.9B,40,Reversed,310,0.9945761561393738
xglm_large,facebook/xglm-2.9B,40,Reversed,311,0.9908452033996582
xglm_large,facebook/xglm-2.9B,40,Reversed,312,0.9964526891708374
xglm_large,facebook/xglm-2.9B,40,Reversed,313,0.9921631813049316
xglm_large,facebook/xglm-2.9B,40,Reversed,314,0.996083676815033
xglm_large,facebook/xglm-2.9B,40,Reversed,315,0.9937909841537476
xglm_large,facebook/xglm-2.9B,40,Reversed,316,0.9948666095733643
xglm_large,facebook/xglm-2.9B,40,Reversed,317,0.988505482673645
xglm_large,facebook/xglm-2.9B,40,Reversed,318,0.9886558055877686
xglm_large,facebook/xglm-2.9B,40,Reversed,319,0.9863160848617554
xglm_large,facebook/xglm-2.9B,40,Reversed,320,0.9963020086288452
xglm_large,facebook/xglm-2.9B,40,Reversed,321,0.9931790232658386
xglm_large,facebook/xglm-2.9B,40,Reversed,322,0.994714617729187
xglm_large,facebook/xglm-2.9B,40,Reversed,323,0.9912619590759277
xglm_large,facebook/xglm-2.9B,40,Reversed,324,0.995087206363678
xglm_large,facebook/xglm-2.9B,40,Reversed,325,0.9919363260269165
xglm_large,facebook/xglm-2.9B,40,Reversed,326,0.9915200471878052
xglm_large,facebook/xglm-2.9B,40,Reversed,327,0.9888560175895691
xglm_large,facebook/xglm-2.9B,40,Reversed,328,0.9966989159584045
xglm_large,facebook/xglm-2.9B,40,Reversed,329,0.9932381510734558
xglm_large,facebook/xglm-2.9B,40,Reversed,330,0.9927344918251038
xglm_large,facebook/xglm-2.9B,40,Reversed,331,0.9948469400405884
xglm_large,facebook/xglm-2.9B,40,Reversed,332,0.9926499724388123
xglm_large,facebook/xglm-2.9B,40,Reversed,333,0.9949145913124084
xglm_large,facebook/xglm-2.9B,40,Reversed,334,0.9956356883049011
xglm_large,facebook/xglm-2.9B,40,Reversed,335,0.9931314587593079
xglm_large,facebook/xglm-2.9B,40,Reversed,336,0.9896959662437439
xglm_large,facebook/xglm-2.9B,40,Reversed,337,0.995311439037323
xglm_large,facebook/xglm-2.9B,40,Reversed,338,0.9967731237411499
xglm_large,facebook/xglm-2.9B,40,Reversed,339,0.9947291016578674
xglm_large,facebook/xglm-2.9B,40,Reversed,340,0.99180006980896
xglm_large,facebook/xglm-2.9B,40,Reversed,341,0.9942049384117126
xglm_large,facebook/xglm-2.9B,40,Reversed,342,0.9950934052467346
xglm_large,facebook/xglm-2.9B,40,Reversed,343,0.9907240271568298
xglm_large,facebook/xglm-2.9B,40,Reversed,344,0.9869781136512756
xglm_large,facebook/xglm-2.9B,40,Reversed,345,0.9903079867362976
xglm_large,facebook/xglm-2.9B,40,Reversed,346,0.985264241695404
xglm_large,facebook/xglm-2.9B,40,Reversed,347,0.992985188961029
xglm_large,facebook/xglm-2.9B,40,Reversed,348,0.9878147840499878
xglm_large,facebook/xglm-2.9B,40,Reversed,349,0.989594042301178
xglm_large,facebook/xglm-2.9B,40,Reversed,350,0.9912720918655396
xglm_large,facebook/xglm-2.9B,40,Reversed,351,0.9904892444610596
xglm_large,facebook/xglm-2.9B,40,Reversed,352,0.9956334233283997
xglm_large,facebook/xglm-2.9B,40,Reversed,353,0.9932443499565125
xglm_large,facebook/xglm-2.9B,40,Reversed,354,0.9959801435470581
xglm_large,facebook/xglm-2.9B,40,Reversed,355,0.9918839931488037
xglm_large,facebook/xglm-2.9B,40,Reversed,356,0.9945185780525208
xglm_large,facebook/xglm-2.9B,40,Reversed,357,0.9957737922668457
xglm_large,facebook/xglm-2.9B,40,Reversed,358,0.9904907941818237
xglm_large,facebook/xglm-2.9B,40,Reversed,359,0.9946324229240417
xglm_large,facebook/xglm-2.9B,40,Reversed,360,0.9951975345611572
xglm_large,facebook/xglm-2.9B,40,Reversed,361,0.9884793162345886
xglm_large,facebook/xglm-2.9B,40,Reversed,362,0.9932913780212402
xglm_large,facebook/xglm-2.9B,40,Reversed,363,0.9861915707588196
xglm_large,facebook/xglm-2.9B,40,Reversed,364,0.9953062534332275
xglm_large,facebook/xglm-2.9B,40,Reversed,365,0.9917904138565063
xglm_large,facebook/xglm-2.9B,40,Reversed,366,0.9860621690750122
xglm_large,facebook/xglm-2.9B,40,Reversed,367,0.9923518896102905
xglm_large,facebook/xglm-2.9B,40,Reversed,368,0.9886332750320435
xglm_large,facebook/xglm-2.9B,40,Reversed,369,0.992428183555603
xglm_large,facebook/xglm-2.9B,40,Reversed,370,0.994795024394989
xglm_large,facebook/xglm-2.9B,40,Reversed,371,0.9945628643035889
xglm_large,facebook/xglm-2.9B,40,Reversed,372,0.9949326515197754
xglm_large,facebook/xglm-2.9B,40,Reversed,373,0.9892177581787109
xglm_large,facebook/xglm-2.9B,40,Reversed,374,0.9948104619979858
xglm_large,facebook/xglm-2.9B,40,Reversed,375,0.9914309978485107
xglm_large,facebook/xglm-2.9B,40,Reversed,376,0.9943795800209045
xglm_large,facebook/xglm-2.9B,40,Reversed,377,0.9948717355728149
xglm_large,facebook/xglm-2.9B,40,Reversed,378,0.9959166049957275
xglm_large,facebook/xglm-2.9B,40,Reversed,379,0.9955354928970337
xglm_large,facebook/xglm-2.9B,40,Reversed,380,0.9891531467437744
xglm_large,facebook/xglm-2.9B,40,Reversed,381,0.9902987480163574
xglm_large,facebook/xglm-2.9B,40,Reversed,382,0.9871211051940918
xglm_large,facebook/xglm-2.9B,40,Reversed,383,0.9911443591117859
xglm_large,facebook/xglm-2.9B,40,Reversed,384,0.9916104078292847
xglm_large,facebook/xglm-2.9B,40,Reversed,385,0.9861474633216858
xglm_large,facebook/xglm-2.9B,40,Reversed,386,0.9924162030220032
xglm_large,facebook/xglm-2.9B,40,Reversed,387,0.9965882301330566
xglm_large,facebook/xglm-2.9B,40,Reversed,388,0.9923115372657776
xglm_large,facebook/xglm-2.9B,40,Reversed,389,0.9841351509094238
xglm_large,facebook/xglm-2.9B,40,Reversed,390,0.9939829111099243
xglm_large,facebook/xglm-2.9B,40,Reversed,391,0.9845917224884033
xglm_large,facebook/xglm-2.9B,40,Reversed,392,0.9952229261398315
xglm_large,facebook/xglm-2.9B,40,Reversed,393,0.9838851690292358
xglm_large,facebook/xglm-2.9B,40,Reversed,394,0.9949193596839905
xglm_large,facebook/xglm-2.9B,40,Reversed,395,0.9948779344558716
xglm_large,facebook/xglm-2.9B,40,Reversed,396,0.9949552416801453
xglm_large,facebook/xglm-2.9B,40,Reversed,397,0.9918757677078247
xglm_large,facebook/xglm-2.9B,40,Reversed,398,0.9942442178726196
xglm_large,facebook/xglm-2.9B,40,Reversed,399,0.9955841898918152
xglm_large,facebook/xglm-2.9B,40,Reversed,400,0.994080126285553
xglm_large,facebook/xglm-2.9B,40,Reversed,401,0.9928534626960754
xglm_large,facebook/xglm-2.9B,40,Reversed,402,0.9931499361991882
xglm_large,facebook/xglm-2.9B,40,Reversed,403,0.9779884219169617
xglm_large,facebook/xglm-2.9B,40,Reversed,404,0.9902703166007996
xglm_large,facebook/xglm-2.9B,40,Reversed,405,0.995029628276825
xglm_large,facebook/xglm-2.9B,40,Reversed,406,0.9928213357925415
xglm_large,facebook/xglm-2.9B,40,Reversed,407,0.9952129125595093
xglm_large,facebook/xglm-2.9B,40,Reversed,408,0.9967626929283142
xglm_large,facebook/xglm-2.9B,40,Reversed,409,0.9931375980377197
xglm_large,facebook/xglm-2.9B,40,Reversed,410,0.9950407147407532
xglm_large,facebook/xglm-2.9B,40,Reversed,411,0.99214106798172
xglm_large,facebook/xglm-2.9B,40,Reversed,412,0.9955976009368896
xglm_large,facebook/xglm-2.9B,40,Reversed,413,0.994625985622406
xglm_large,facebook/xglm-2.9B,40,Reversed,414,0.9971448183059692
xglm_large,facebook/xglm-2.9B,40,Reversed,415,0.9877153038978577
xglm_large,facebook/xglm-2.9B,40,Reversed,416,0.9849850535392761
xglm_large,facebook/xglm-2.9B,40,Reversed,417,0.9929976463317871
xglm_large,facebook/xglm-2.9B,40,Reversed,418,0.9960706830024719
xglm_large,facebook/xglm-2.9B,40,Reversed,419,0.9904465675354004
xglm_large,facebook/xglm-2.9B,40,Reversed,420,0.9906583428382874
xglm_large,facebook/xglm-2.9B,40,Reversed,421,0.9915221929550171
xglm_large,facebook/xglm-2.9B,40,Reversed,422,0.9948902130126953
xglm_large,facebook/xglm-2.9B,40,Reversed,423,0.9852480888366699
xglm_large,facebook/xglm-2.9B,40,Reversed,424,0.9899749755859375
xglm_large,facebook/xglm-2.9B,40,Reversed,425,0.9945737719535828
xglm_large,facebook/xglm-2.9B,40,Reversed,426,0.9853683114051819
xglm_large,facebook/xglm-2.9B,40,Reversed,427,0.9963859915733337
xglm_large,facebook/xglm-2.9B,40,Reversed,428,0.994921088218689
xglm_large,facebook/xglm-2.9B,40,Reversed,429,0.9932100176811218
xglm_large,facebook/xglm-2.9B,40,Reversed,430,0.9890108108520508
xglm_large,facebook/xglm-2.9B,40,Reversed,431,0.9899222254753113
xglm_large,facebook/xglm-2.9B,40,Reversed,432,0.9865080714225769
xglm_large,facebook/xglm-2.9B,40,Reversed,433,0.993475079536438
xglm_large,facebook/xglm-2.9B,40,Reversed,434,0.992447555065155
xglm_large,facebook/xglm-2.9B,40,Reversed,435,0.9958794713020325
xglm_large,facebook/xglm-2.9B,40,Reversed,436,0.9947676062583923
xglm_large,facebook/xglm-2.9B,40,Reversed,437,0.9958449006080627
xglm_large,facebook/xglm-2.9B,40,Reversed,438,0.9894440174102783
xglm_large,facebook/xglm-2.9B,40,Reversed,439,0.9942386150360107
xglm_large,facebook/xglm-2.9B,40,Reversed,440,0.9920849204063416
xglm_large,facebook/xglm-2.9B,40,Reversed,441,0.9948041439056396
xglm_large,facebook/xglm-2.9B,40,Reversed,442,0.9903015494346619
xglm_large,facebook/xglm-2.9B,40,Reversed,443,0.9913986921310425
xglm_large,facebook/xglm-2.9B,40,Reversed,444,0.9923327565193176
xglm_large,facebook/xglm-2.9B,40,Reversed,445,0.9930408596992493
xglm_large,facebook/xglm-2.9B,40,Reversed,446,0.9939120411872864
xglm_large,facebook/xglm-2.9B,40,Reversed,447,0.9923757314682007
xglm_large,facebook/xglm-2.9B,40,Reversed,448,0.9937463998794556
xglm_large,facebook/xglm-2.9B,40,Reversed,449,0.9939134120941162
xglm_large,facebook/xglm-2.9B,40,Reversed,450,0.9947763681411743
xglm_large,facebook/xglm-2.9B,40,Reversed,451,0.9887853860855103
xglm_large,facebook/xglm-2.9B,40,Reversed,452,0.9932239651679993
xglm_large,facebook/xglm-2.9B,40,Reversed,453,0.9968341588973999
xglm_large,facebook/xglm-2.9B,40,Reversed,454,0.9950894713401794
xglm_large,facebook/xglm-2.9B,40,Reversed,455,0.9884138703346252
xglm_large,facebook/xglm-2.9B,40,Reversed,456,0.9917506575584412
xglm_large,facebook/xglm-2.9B,40,Reversed,457,0.9943559765815735
xglm_large,facebook/xglm-2.9B,40,Reversed,458,0.9951721429824829
xglm_large,facebook/xglm-2.9B,40,Reversed,459,0.9941327571868896
xglm_large,facebook/xglm-2.9B,40,Reversed,460,0.9940719604492188
xglm_large,facebook/xglm-2.9B,40,Reversed,461,0.9801414012908936
xglm_large,facebook/xglm-2.9B,40,Reversed,462,0.9948988556861877
xglm_large,facebook/xglm-2.9B,40,Reversed,463,0.9915281534194946
xglm_large,facebook/xglm-2.9B,40,Reversed,464,0.9973936676979065
xglm_large,facebook/xglm-2.9B,40,Reversed,465,0.9903269410133362
xglm_large,facebook/xglm-2.9B,40,Reversed,466,0.9906551241874695
xglm_large,facebook/xglm-2.9B,40,Reversed,467,0.9943919777870178
xglm_large,facebook/xglm-2.9B,40,Reversed,468,0.9905740022659302
xglm_large,facebook/xglm-2.9B,40,Reversed,469,0.9936244487762451
xglm_large,facebook/xglm-2.9B,40,Reversed,470,0.9959648847579956
xglm_large,facebook/xglm-2.9B,40,Reversed,471,0.9789249897003174
xglm_large,facebook/xglm-2.9B,40,Reversed,472,0.9955071210861206
xglm_large,facebook/xglm-2.9B,40,Reversed,473,0.9931917786598206
xglm_large,facebook/xglm-2.9B,40,Reversed,474,0.9878907203674316
xglm_large,facebook/xglm-2.9B,40,Reversed,475,0.9922728538513184
xglm_large,facebook/xglm-2.9B,40,Reversed,476,0.9943999648094177
xglm_large,facebook/xglm-2.9B,40,Reversed,477,0.9908045530319214
xglm_large,facebook/xglm-2.9B,40,Reversed,478,0.9846495985984802
xglm_large,facebook/xglm-2.9B,40,Reversed,479,0.9926426410675049
xglm_large,facebook/xglm-2.9B,40,Reversed,480,0.994810163974762
xglm_large,facebook/xglm-2.9B,40,Reversed,481,0.9926666617393494
xglm_large,facebook/xglm-2.9B,40,Reversed,482,0.9959699511528015
xglm_large,facebook/xglm-2.9B,40,Reversed,483,0.9968314170837402
xglm_large,facebook/xglm-2.9B,40,Reversed,484,0.9932624697685242
xglm_large,facebook/xglm-2.9B,40,Reversed,485,0.989497184753418
xglm_large,facebook/xglm-2.9B,40,Reversed,486,0.9941909313201904
xglm_large,facebook/xglm-2.9B,40,Reversed,487,0.9957020878791809
xglm_large,facebook/xglm-2.9B,40,Reversed,488,0.9957832098007202
xglm_large,facebook/xglm-2.9B,40,Reversed,489,0.9918639659881592
xglm_large,facebook/xglm-2.9B,40,Reversed,490,0.9937177896499634
xglm_large,facebook/xglm-2.9B,40,Reversed,491,0.9959862232208252
xglm_large,facebook/xglm-2.9B,40,Reversed,492,0.9927423596382141
xglm_large,facebook/xglm-2.9B,40,Reversed,493,0.9856618046760559
xglm_large,facebook/xglm-2.9B,40,Reversed,494,0.9929802417755127
xglm_large,facebook/xglm-2.9B,40,Reversed,495,0.9948760867118835
xglm_large,facebook/xglm-2.9B,40,Reversed,496,0.9920641183853149
xglm_large,facebook/xglm-2.9B,40,Reversed,497,0.9928340911865234
xglm_large,facebook/xglm-2.9B,40,Reversed,498,0.992103099822998
xglm_large,facebook/xglm-2.9B,40,Reversed,499,0.9886157512664795
xglm_large,facebook/xglm-2.9B,40,Reversed,500,0.9948463439941406
xglm_large,facebook/xglm-2.9B,40,Reversed,501,0.9902893304824829
xglm_large,facebook/xglm-2.9B,40,Reversed,502,0.9914647936820984
xglm_large,facebook/xglm-2.9B,40,Reversed,503,0.9955912828445435
xglm_large,facebook/xglm-2.9B,40,Reversed,504,0.9944513440132141
xglm_large,facebook/xglm-2.9B,40,Reversed,505,0.992224931716919
xglm_large,facebook/xglm-2.9B,40,Reversed,506,0.9816741347312927
xglm_large,facebook/xglm-2.9B,40,Reversed,507,0.9907088279724121
xglm_large,facebook/xglm-2.9B,40,Reversed,508,0.9857040643692017
xglm_large,facebook/xglm-2.9B,40,Reversed,509,0.9892902970314026
xglm_large,facebook/xglm-2.9B,40,Reversed,510,0.9958518147468567
xglm_large,facebook/xglm-2.9B,40,Reversed,511,0.992876410484314
xglm_large,facebook/xglm-2.9B,40,Reversed,512,0.9965257048606873
xglm_large,facebook/xglm-2.9B,40,Reversed,513,0.9956905841827393
xglm_large,facebook/xglm-2.9B,40,Reversed,514,0.9901400208473206
xglm_large,facebook/xglm-2.9B,40,Reversed,515,0.9891579151153564
xglm_large,facebook/xglm-2.9B,40,Reversed,516,0.9886971712112427
xglm_large,facebook/xglm-2.9B,40,Reversed,517,0.9933908581733704
xglm_large,facebook/xglm-2.9B,40,Reversed,518,0.9928693771362305
xglm_large,facebook/xglm-2.9B,40,Reversed,519,0.9940183162689209
xglm_large,facebook/xglm-2.9B,40,Reversed,520,0.9915584325790405
xglm_large,facebook/xglm-2.9B,40,Reversed,521,0.994537889957428
xglm_large,facebook/xglm-2.9B,40,Reversed,522,0.9891148805618286
xglm_large,facebook/xglm-2.9B,40,Reversed,523,0.9931535124778748
xglm_large,facebook/xglm-2.9B,40,Reversed,524,0.993949830532074
xglm_large,facebook/xglm-2.9B,40,Reversed,525,0.992791473865509
xglm_large,facebook/xglm-2.9B,40,Reversed,526,0.9922528266906738
xglm_large,facebook/xglm-2.9B,40,Reversed,527,0.9960569143295288
xglm_large,facebook/xglm-2.9B,40,Reversed,528,0.9966332912445068
xglm_large,facebook/xglm-2.9B,40,Reversed,529,0.9924999475479126
xglm_large,facebook/xglm-2.9B,40,Reversed,530,0.9965714812278748
xglm_large,facebook/xglm-2.9B,40,Reversed,531,0.9939520359039307
xglm_large,facebook/xglm-2.9B,40,Reversed,532,0.9854109883308411
xglm_large,facebook/xglm-2.9B,40,Reversed,533,0.9916231632232666
xglm_large,facebook/xglm-2.9B,40,Reversed,534,0.9931957125663757
xglm_large,facebook/xglm-2.9B,40,Reversed,535,0.9866034388542175
xglm_large,facebook/xglm-2.9B,40,Reversed,536,0.994964599609375
xglm_large,facebook/xglm-2.9B,40,Reversed,537,0.9936891794204712
xglm_large,facebook/xglm-2.9B,40,Reversed,538,0.9857392907142639
xglm_large,facebook/xglm-2.9B,40,Reversed,539,0.9960508942604065
xglm_large,facebook/xglm-2.9B,40,Reversed,540,0.9950147271156311
xglm_large,facebook/xglm-2.9B,40,Reversed,541,0.9884455800056458
xglm_large,facebook/xglm-2.9B,40,Reversed,542,0.9953464269638062
xglm_large,facebook/xglm-2.9B,40,Reversed,543,0.987139880657196
xglm_large,facebook/xglm-2.9B,40,Reversed,544,0.9919518828392029
xglm_large,facebook/xglm-2.9B,40,Reversed,545,0.9923987984657288
xglm_large,facebook/xglm-2.9B,40,Reversed,546,0.9946714043617249
xglm_large,facebook/xglm-2.9B,40,Reversed,547,0.9900481700897217
xglm_large,facebook/xglm-2.9B,40,Reversed,548,0.984346866607666
xglm_large,facebook/xglm-2.9B,40,Reversed,549,0.995620846748352
xglm_large,facebook/xglm-2.9B,40,Reversed,550,0.9861817359924316
xglm_large,facebook/xglm-2.9B,40,Reversed,551,0.9941582083702087
xglm_large,facebook/xglm-2.9B,40,Reversed,552,0.994049072265625
xglm_large,facebook/xglm-2.9B,40,Reversed,553,0.995834231376648
xglm_large,facebook/xglm-2.9B,40,Reversed,554,0.994095504283905
xglm_large,facebook/xglm-2.9B,40,Reversed,555,0.990477979183197
xglm_large,facebook/xglm-2.9B,40,Reversed,556,0.9888001084327698
xglm_large,facebook/xglm-2.9B,40,Reversed,557,0.9910386204719543
xglm_large,facebook/xglm-2.9B,40,Reversed,558,0.9944707155227661
xglm_large,facebook/xglm-2.9B,40,Reversed,559,0.9928264021873474
xglm_large,facebook/xglm-2.9B,40,Reversed,560,0.9922971725463867
xglm_large,facebook/xglm-2.9B,40,Reversed,561,0.9915359020233154
xglm_large,facebook/xglm-2.9B,40,Reversed,562,0.991686999797821
xglm_large,facebook/xglm-2.9B,40,Reversed,563,0.992587685585022
xglm_large,facebook/xglm-2.9B,40,Reversed,564,0.9940457344055176
xglm_large,facebook/xglm-2.9B,40,Reversed,565,0.9931758642196655
xglm_large,facebook/xglm-2.9B,40,Reversed,566,0.993373692035675
xglm_large,facebook/xglm-2.9B,40,Reversed,567,0.995154619216919
xglm_large,facebook/xglm-2.9B,40,Reversed,568,0.9926487803459167
xglm_large,facebook/xglm-2.9B,40,Reversed,569,0.9927462339401245
xglm_large,facebook/xglm-2.9B,40,Reversed,570,0.9920219779014587
xglm_large,facebook/xglm-2.9B,40,Reversed,571,0.9842798113822937
xglm_large,facebook/xglm-2.9B,40,Reversed,572,0.9924668073654175
xglm_large,facebook/xglm-2.9B,40,Reversed,573,0.9893436431884766
xglm_large,facebook/xglm-2.9B,40,Reversed,574,0.9936347007751465
xglm_large,facebook/xglm-2.9B,40,Reversed,575,0.9932727813720703
xglm_large,facebook/xglm-2.9B,40,Reversed,576,0.9879674911499023
xglm_large,facebook/xglm-2.9B,40,Reversed,577,0.9906010031700134
xglm_large,facebook/xglm-2.9B,40,Reversed,578,0.9864555597305298
xglm_large,facebook/xglm-2.9B,40,Reversed,579,0.9935816526412964
xglm_large,facebook/xglm-2.9B,40,Reversed,580,0.9869077205657959
xglm_large,facebook/xglm-2.9B,40,Reversed,581,0.995954692363739
xglm_large,facebook/xglm-2.9B,40,Reversed,582,0.9863498210906982
xglm_large,facebook/xglm-2.9B,40,Reversed,583,0.9909711480140686
xglm_large,facebook/xglm-2.9B,40,Reversed,584,0.9853756427764893
xglm_large,facebook/xglm-2.9B,40,Reversed,585,0.9891530275344849
xglm_large,facebook/xglm-2.9B,40,Reversed,586,0.992309033870697
xglm_large,facebook/xglm-2.9B,40,Reversed,587,0.9955058097839355
xglm_large,facebook/xglm-2.9B,40,Reversed,588,0.9922517538070679
xglm_large,facebook/xglm-2.9B,40,Reversed,589,0.9917966723442078
xglm_large,facebook/xglm-2.9B,40,Reversed,590,0.9959781169891357
xglm_large,facebook/xglm-2.9B,40,Reversed,591,0.9913051128387451
xglm_large,facebook/xglm-2.9B,40,Reversed,592,0.9954715967178345
xglm_large,facebook/xglm-2.9B,40,Reversed,593,0.9920822978019714
xglm_large,facebook/xglm-2.9B,40,Reversed,594,0.9896664023399353
xglm_large,facebook/xglm-2.9B,40,Reversed,595,0.9920991659164429
xglm_large,facebook/xglm-2.9B,40,Reversed,596,0.985349178314209
xglm_large,facebook/xglm-2.9B,40,Reversed,597,0.9944061040878296
xglm_large,facebook/xglm-2.9B,40,Reversed,598,0.9852240681648254
xglm_large,facebook/xglm-2.9B,40,Reversed,599,0.9953441023826599
xglm_large,facebook/xglm-2.9B,40,Reversed,600,0.9886729121208191
xglm_large,facebook/xglm-2.9B,40,Reversed,601,0.9880114793777466
xglm_large,facebook/xglm-2.9B,40,Reversed,602,0.9942710399627686
xglm_large,facebook/xglm-2.9B,40,Reversed,603,0.9940931797027588
xglm_large,facebook/xglm-2.9B,40,Reversed,604,0.9897254109382629
xglm_large,facebook/xglm-2.9B,40,Reversed,605,0.9913651943206787
xglm_large,facebook/xglm-2.9B,40,Reversed,606,0.9932687282562256
xglm_large,facebook/xglm-2.9B,40,Reversed,607,0.9925814270973206
xglm_large,facebook/xglm-2.9B,40,Reversed,608,0.9934532046318054
xglm_large,facebook/xglm-2.9B,40,Reversed,609,0.991131603717804
xglm_large,facebook/xglm-2.9B,40,Reversed,610,0.9867430925369263
xglm_large,facebook/xglm-2.9B,40,Reversed,611,0.9946132898330688
xglm_large,facebook/xglm-2.9B,40,Reversed,612,0.9871504306793213
xglm_large,facebook/xglm-2.9B,40,Reversed,613,0.9844814538955688
xglm_large,facebook/xglm-2.9B,40,Reversed,614,0.9852991700172424
xglm_large,facebook/xglm-2.9B,40,Reversed,615,0.9897308349609375
xglm_large,facebook/xglm-2.9B,40,Reversed,616,0.9927299618721008
xglm_large,facebook/xglm-2.9B,40,Reversed,617,0.9951506853103638
xglm_large,facebook/xglm-2.9B,40,Reversed,618,0.9884694218635559
xglm_large,facebook/xglm-2.9B,40,Reversed,619,0.9859721064567566
xglm_large,facebook/xglm-2.9B,40,Reversed,620,0.9853953123092651
xglm_large,facebook/xglm-2.9B,40,Reversed,621,0.9846527576446533
xglm_large,facebook/xglm-2.9B,40,Reversed,622,0.9941739439964294
xglm_large,facebook/xglm-2.9B,40,Reversed,623,0.9870529770851135
xglm_large,facebook/xglm-2.9B,40,Reversed,624,0.9958839416503906
xglm_large,facebook/xglm-2.9B,40,Reversed,625,0.9918485283851624
xglm_large,facebook/xglm-2.9B,40,Reversed,626,0.990257203578949
