model,hf_id,layer,perturbation,sentence_idx,similarity_cosine
infoxlm_base,microsoft/infoxlm-base,7,contentwords,0,0.9446437954902649
infoxlm_base,microsoft/infoxlm-base,7,contentwords,1,0.9030723571777344
infoxlm_base,microsoft/infoxlm-base,7,contentwords,2,0.934101939201355
infoxlm_base,microsoft/infoxlm-base,7,contentwords,3,0.9303907155990601
infoxlm_base,microsoft/infoxlm-base,7,contentwords,4,0.9059514999389648
infoxlm_base,microsoft/infoxlm-base,7,contentwords,5,0.9128649830818176
infoxlm_base,microsoft/infoxlm-base,7,contentwords,6,0.9242883920669556
infoxlm_base,microsoft/infoxlm-base,7,contentwords,7,0.9143107533454895
infoxlm_base,microsoft/infoxlm-base,7,contentwords,8,0.9048898816108704
infoxlm_base,microsoft/infoxlm-base,7,contentwords,9,0.9249303936958313
infoxlm_base,microsoft/infoxlm-base,7,contentwords,10,0.909448504447937
infoxlm_base,microsoft/infoxlm-base,7,contentwords,11,0.917999804019928
infoxlm_base,microsoft/infoxlm-base,7,contentwords,12,0.8885489702224731
infoxlm_base,microsoft/infoxlm-base,7,contentwords,13,0.9193058013916016
infoxlm_base,microsoft/infoxlm-base,7,contentwords,14,0.9154103398323059
infoxlm_base,microsoft/infoxlm-base,7,contentwords,15,0.9142739176750183
infoxlm_base,microsoft/infoxlm-base,7,contentwords,16,0.9135669469833374
infoxlm_base,microsoft/infoxlm-base,7,contentwords,17,0.9337420463562012
infoxlm_base,microsoft/infoxlm-base,7,contentwords,18,0.9117096662521362
infoxlm_base,microsoft/infoxlm-base,7,contentwords,19,0.9217026233673096
infoxlm_base,microsoft/infoxlm-base,7,contentwords,20,0.9234766960144043
infoxlm_base,microsoft/infoxlm-base,7,contentwords,21,0.9159966707229614
infoxlm_base,microsoft/infoxlm-base,7,contentwords,22,0.9198638796806335
infoxlm_base,microsoft/infoxlm-base,7,contentwords,23,0.9256168007850647
infoxlm_base,microsoft/infoxlm-base,7,contentwords,24,0.915786623954773
infoxlm_base,microsoft/infoxlm-base,7,contentwords,25,0.8928595781326294
infoxlm_base,microsoft/infoxlm-base,7,contentwords,26,0.9048503041267395
infoxlm_base,microsoft/infoxlm-base,7,contentwords,27,0.9273761510848999
infoxlm_base,microsoft/infoxlm-base,7,contentwords,28,0.900973916053772
infoxlm_base,microsoft/infoxlm-base,7,contentwords,29,0.9302089810371399
infoxlm_base,microsoft/infoxlm-base,7,contentwords,30,0.9121088981628418
infoxlm_base,microsoft/infoxlm-base,7,contentwords,31,0.8927831649780273
infoxlm_base,microsoft/infoxlm-base,7,contentwords,32,0.9134110808372498
infoxlm_base,microsoft/infoxlm-base,7,contentwords,33,0.9120813012123108
infoxlm_base,microsoft/infoxlm-base,7,contentwords,34,0.9219415783882141
infoxlm_base,microsoft/infoxlm-base,7,contentwords,35,0.9237167835235596
infoxlm_base,microsoft/infoxlm-base,7,contentwords,36,0.9210807085037231
infoxlm_base,microsoft/infoxlm-base,7,contentwords,37,0.9212986826896667
infoxlm_base,microsoft/infoxlm-base,7,contentwords,38,0.924839437007904
infoxlm_base,microsoft/infoxlm-base,7,contentwords,39,0.9172464609146118
infoxlm_base,microsoft/infoxlm-base,7,contentwords,40,0.905997633934021
infoxlm_base,microsoft/infoxlm-base,7,contentwords,41,0.9455901384353638
infoxlm_base,microsoft/infoxlm-base,7,contentwords,42,0.9575581550598145
infoxlm_base,microsoft/infoxlm-base,7,contentwords,43,0.9195083379745483
infoxlm_base,microsoft/infoxlm-base,7,contentwords,44,0.8946833610534668
infoxlm_base,microsoft/infoxlm-base,7,contentwords,45,0.9157590866088867
infoxlm_base,microsoft/infoxlm-base,7,contentwords,46,0.8953316807746887
infoxlm_base,microsoft/infoxlm-base,7,contentwords,47,0.910050630569458
infoxlm_base,microsoft/infoxlm-base,7,contentwords,48,0.9316345453262329
infoxlm_base,microsoft/infoxlm-base,7,contentwords,49,0.8805391788482666
infoxlm_base,microsoft/infoxlm-base,7,contentwords,50,0.9170231223106384
infoxlm_base,microsoft/infoxlm-base,7,contentwords,51,0.9349331259727478
infoxlm_base,microsoft/infoxlm-base,7,contentwords,52,0.9051151275634766
infoxlm_base,microsoft/infoxlm-base,7,contentwords,53,0.9319168925285339
infoxlm_base,microsoft/infoxlm-base,7,contentwords,54,0.9811776280403137
infoxlm_base,microsoft/infoxlm-base,7,contentwords,55,0.8871896862983704
infoxlm_base,microsoft/infoxlm-base,7,contentwords,56,0.9216917157173157
infoxlm_base,microsoft/infoxlm-base,7,contentwords,57,0.9265984296798706
infoxlm_base,microsoft/infoxlm-base,7,contentwords,58,0.9475598335266113
infoxlm_base,microsoft/infoxlm-base,7,contentwords,59,0.9169333577156067
infoxlm_base,microsoft/infoxlm-base,7,contentwords,60,0.9336740374565125
infoxlm_base,microsoft/infoxlm-base,7,contentwords,61,0.9388916492462158
infoxlm_base,microsoft/infoxlm-base,7,contentwords,62,0.9235249757766724
infoxlm_base,microsoft/infoxlm-base,7,contentwords,63,0.9214953184127808
infoxlm_base,microsoft/infoxlm-base,7,contentwords,64,0.913520872592926
infoxlm_base,microsoft/infoxlm-base,7,contentwords,65,0.9344359040260315
infoxlm_base,microsoft/infoxlm-base,7,contentwords,66,0.9382168650627136
infoxlm_base,microsoft/infoxlm-base,7,contentwords,67,0.906868577003479
infoxlm_base,microsoft/infoxlm-base,7,contentwords,68,0.9297125339508057
infoxlm_base,microsoft/infoxlm-base,7,contentwords,69,0.9239467978477478
infoxlm_base,microsoft/infoxlm-base,7,contentwords,70,0.9422386288642883
infoxlm_base,microsoft/infoxlm-base,7,contentwords,71,0.9378299117088318
infoxlm_base,microsoft/infoxlm-base,7,contentwords,72,0.9132271409034729
infoxlm_base,microsoft/infoxlm-base,7,contentwords,73,0.9135115146636963
infoxlm_base,microsoft/infoxlm-base,7,contentwords,74,0.9169784188270569
infoxlm_base,microsoft/infoxlm-base,7,contentwords,75,0.9197333455085754
infoxlm_base,microsoft/infoxlm-base,7,contentwords,76,0.9369045495986938
infoxlm_base,microsoft/infoxlm-base,7,contentwords,77,0.9082749485969543
infoxlm_base,microsoft/infoxlm-base,7,contentwords,78,0.9165108799934387
infoxlm_base,microsoft/infoxlm-base,7,contentwords,79,0.9204165935516357
infoxlm_base,microsoft/infoxlm-base,7,contentwords,80,0.9137569665908813
infoxlm_base,microsoft/infoxlm-base,7,contentwords,81,0.9153169393539429
infoxlm_base,microsoft/infoxlm-base,7,contentwords,82,0.9211016893386841
infoxlm_base,microsoft/infoxlm-base,7,contentwords,83,0.9099744558334351
infoxlm_base,microsoft/infoxlm-base,7,contentwords,84,0.9353171586990356
infoxlm_base,microsoft/infoxlm-base,7,contentwords,85,0.8998806476593018
infoxlm_base,microsoft/infoxlm-base,7,contentwords,86,0.8947659730911255
infoxlm_base,microsoft/infoxlm-base,7,contentwords,87,0.931550920009613
infoxlm_base,microsoft/infoxlm-base,7,contentwords,88,0.9146813750267029
infoxlm_base,microsoft/infoxlm-base,7,contentwords,89,0.9349238276481628
infoxlm_base,microsoft/infoxlm-base,7,contentwords,90,0.9140588045120239
infoxlm_base,microsoft/infoxlm-base,7,contentwords,91,0.9265714883804321
infoxlm_base,microsoft/infoxlm-base,7,contentwords,92,0.9174652695655823
infoxlm_base,microsoft/infoxlm-base,7,contentwords,93,0.9248453378677368
infoxlm_base,microsoft/infoxlm-base,7,contentwords,94,0.9397084712982178
infoxlm_base,microsoft/infoxlm-base,7,contentwords,95,0.9164113998413086
infoxlm_base,microsoft/infoxlm-base,7,contentwords,96,0.9831122159957886
infoxlm_base,microsoft/infoxlm-base,7,contentwords,97,0.9198590517044067
infoxlm_base,microsoft/infoxlm-base,7,contentwords,98,0.9161409139633179
infoxlm_base,microsoft/infoxlm-base,7,contentwords,99,0.9429937601089478
infoxlm_base,microsoft/infoxlm-base,7,contentwords,100,0.893867015838623
infoxlm_base,microsoft/infoxlm-base,7,contentwords,101,0.9148223400115967
infoxlm_base,microsoft/infoxlm-base,7,contentwords,102,0.9272477626800537
infoxlm_base,microsoft/infoxlm-base,7,contentwords,103,0.9085621237754822
infoxlm_base,microsoft/infoxlm-base,7,contentwords,104,0.9155110120773315
infoxlm_base,microsoft/infoxlm-base,7,contentwords,105,0.9284201860427856
infoxlm_base,microsoft/infoxlm-base,7,contentwords,106,0.9793980121612549
infoxlm_base,microsoft/infoxlm-base,7,contentwords,107,0.9185525178909302
infoxlm_base,microsoft/infoxlm-base,7,contentwords,108,0.8848309516906738
infoxlm_base,microsoft/infoxlm-base,7,contentwords,109,0.9229920506477356
infoxlm_base,microsoft/infoxlm-base,7,contentwords,110,0.933931827545166
infoxlm_base,microsoft/infoxlm-base,7,contentwords,111,0.9202592968940735
infoxlm_base,microsoft/infoxlm-base,7,contentwords,112,0.910385251045227
infoxlm_base,microsoft/infoxlm-base,7,contentwords,113,0.9303264021873474
infoxlm_base,microsoft/infoxlm-base,7,contentwords,114,0.9223501682281494
infoxlm_base,microsoft/infoxlm-base,7,contentwords,115,0.9381675720214844
infoxlm_base,microsoft/infoxlm-base,7,contentwords,116,0.9319652318954468
infoxlm_base,microsoft/infoxlm-base,7,contentwords,117,0.9013057947158813
infoxlm_base,microsoft/infoxlm-base,7,contentwords,118,0.9284085035324097
infoxlm_base,microsoft/infoxlm-base,7,contentwords,119,0.9165317416191101
infoxlm_base,microsoft/infoxlm-base,7,contentwords,120,0.9206883311271667
infoxlm_base,microsoft/infoxlm-base,7,contentwords,121,0.9334753751754761
infoxlm_base,microsoft/infoxlm-base,7,contentwords,122,0.9222651124000549
infoxlm_base,microsoft/infoxlm-base,7,contentwords,123,0.926182746887207
infoxlm_base,microsoft/infoxlm-base,7,contentwords,124,0.9304818511009216
infoxlm_base,microsoft/infoxlm-base,7,contentwords,125,0.972385048866272
infoxlm_base,microsoft/infoxlm-base,7,contentwords,126,0.9295266270637512
infoxlm_base,microsoft/infoxlm-base,7,contentwords,127,0.9388178586959839
infoxlm_base,microsoft/infoxlm-base,7,contentwords,128,0.9241998195648193
infoxlm_base,microsoft/infoxlm-base,7,contentwords,129,0.9276790618896484
infoxlm_base,microsoft/infoxlm-base,7,contentwords,130,0.9313554167747498
infoxlm_base,microsoft/infoxlm-base,7,contentwords,131,0.9231064915657043
infoxlm_base,microsoft/infoxlm-base,7,contentwords,132,0.9079723358154297
infoxlm_base,microsoft/infoxlm-base,7,contentwords,133,0.9144095182418823
infoxlm_base,microsoft/infoxlm-base,7,contentwords,134,0.9133930206298828
infoxlm_base,microsoft/infoxlm-base,7,contentwords,135,0.9334114193916321
infoxlm_base,microsoft/infoxlm-base,7,contentwords,136,0.9321267604827881
infoxlm_base,microsoft/infoxlm-base,7,contentwords,137,0.936734676361084
infoxlm_base,microsoft/infoxlm-base,7,contentwords,138,0.9096020460128784
infoxlm_base,microsoft/infoxlm-base,7,contentwords,139,0.9219719767570496
infoxlm_base,microsoft/infoxlm-base,7,contentwords,140,0.9777380228042603
infoxlm_base,microsoft/infoxlm-base,7,contentwords,141,0.9435139894485474
infoxlm_base,microsoft/infoxlm-base,7,contentwords,142,0.9249139428138733
infoxlm_base,microsoft/infoxlm-base,7,contentwords,143,0.9435482025146484
infoxlm_base,microsoft/infoxlm-base,7,contentwords,144,0.936140775680542
infoxlm_base,microsoft/infoxlm-base,7,contentwords,145,0.9100973606109619
infoxlm_base,microsoft/infoxlm-base,7,contentwords,146,0.9507538080215454
infoxlm_base,microsoft/infoxlm-base,7,contentwords,147,0.8990234136581421
infoxlm_base,microsoft/infoxlm-base,7,contentwords,148,0.9064569473266602
infoxlm_base,microsoft/infoxlm-base,7,contentwords,149,0.9257379770278931
infoxlm_base,microsoft/infoxlm-base,7,contentwords,150,0.9203525185585022
infoxlm_base,microsoft/infoxlm-base,7,contentwords,151,0.897060751914978
infoxlm_base,microsoft/infoxlm-base,7,contentwords,152,0.9089787006378174
infoxlm_base,microsoft/infoxlm-base,7,contentwords,153,0.9291335940361023
infoxlm_base,microsoft/infoxlm-base,7,contentwords,154,0.919857382774353
infoxlm_base,microsoft/infoxlm-base,7,contentwords,155,0.9205011129379272
infoxlm_base,microsoft/infoxlm-base,7,contentwords,156,0.9155874848365784
infoxlm_base,microsoft/infoxlm-base,7,contentwords,157,0.877197802066803
infoxlm_base,microsoft/infoxlm-base,7,contentwords,158,0.9248347282409668
infoxlm_base,microsoft/infoxlm-base,7,contentwords,159,0.9164559841156006
infoxlm_base,microsoft/infoxlm-base,7,contentwords,160,0.9374781250953674
infoxlm_base,microsoft/infoxlm-base,7,contentwords,161,0.9316954612731934
infoxlm_base,microsoft/infoxlm-base,7,contentwords,162,0.9479515552520752
infoxlm_base,microsoft/infoxlm-base,7,contentwords,163,0.8872138857841492
infoxlm_base,microsoft/infoxlm-base,7,contentwords,164,0.9019372463226318
infoxlm_base,microsoft/infoxlm-base,7,contentwords,165,0.912399411201477
infoxlm_base,microsoft/infoxlm-base,7,contentwords,166,0.9209871292114258
infoxlm_base,microsoft/infoxlm-base,7,contentwords,167,0.9236326217651367
infoxlm_base,microsoft/infoxlm-base,7,contentwords,168,0.8953922390937805
infoxlm_base,microsoft/infoxlm-base,7,contentwords,169,0.9301877021789551
infoxlm_base,microsoft/infoxlm-base,7,contentwords,170,0.9181605577468872
infoxlm_base,microsoft/infoxlm-base,7,contentwords,171,0.8943868279457092
infoxlm_base,microsoft/infoxlm-base,7,contentwords,172,0.9361969232559204
infoxlm_base,microsoft/infoxlm-base,7,contentwords,173,0.9850443601608276
infoxlm_base,microsoft/infoxlm-base,7,contentwords,174,0.9095504879951477
infoxlm_base,microsoft/infoxlm-base,7,contentwords,175,0.937709629535675
infoxlm_base,microsoft/infoxlm-base,7,contentwords,176,0.8934093713760376
infoxlm_base,microsoft/infoxlm-base,7,contentwords,177,0.9241392612457275
infoxlm_base,microsoft/infoxlm-base,7,contentwords,178,0.9159391522407532
infoxlm_base,microsoft/infoxlm-base,7,contentwords,179,0.94318687915802
infoxlm_base,microsoft/infoxlm-base,7,contentwords,180,0.9188531041145325
infoxlm_base,microsoft/infoxlm-base,7,contentwords,181,0.8976648449897766
infoxlm_base,microsoft/infoxlm-base,7,contentwords,182,0.9338797330856323
infoxlm_base,microsoft/infoxlm-base,7,contentwords,183,0.9407398104667664
infoxlm_base,microsoft/infoxlm-base,7,contentwords,184,0.9151961207389832
infoxlm_base,microsoft/infoxlm-base,7,contentwords,185,0.9358838796615601
infoxlm_base,microsoft/infoxlm-base,7,contentwords,186,0.8977160453796387
infoxlm_base,microsoft/infoxlm-base,7,contentwords,187,0.9287851452827454
infoxlm_base,microsoft/infoxlm-base,7,contentwords,188,0.935456395149231
infoxlm_base,microsoft/infoxlm-base,7,contentwords,189,0.925440788269043
infoxlm_base,microsoft/infoxlm-base,7,contentwords,190,0.9067480564117432
infoxlm_base,microsoft/infoxlm-base,7,contentwords,191,0.9533564448356628
infoxlm_base,microsoft/infoxlm-base,7,contentwords,192,0.8679054975509644
infoxlm_base,microsoft/infoxlm-base,7,contentwords,193,0.9270303249359131
infoxlm_base,microsoft/infoxlm-base,7,contentwords,194,0.915176272392273
infoxlm_base,microsoft/infoxlm-base,7,contentwords,195,0.9152125120162964
infoxlm_base,microsoft/infoxlm-base,7,contentwords,196,0.8981642127037048
infoxlm_base,microsoft/infoxlm-base,7,contentwords,197,0.9074145555496216
infoxlm_base,microsoft/infoxlm-base,7,contentwords,198,0.9307829737663269
infoxlm_base,microsoft/infoxlm-base,7,contentwords,199,0.9165816903114319
infoxlm_base,microsoft/infoxlm-base,7,contentwords,200,0.93463534116745
infoxlm_base,microsoft/infoxlm-base,7,contentwords,201,0.9045958518981934
infoxlm_base,microsoft/infoxlm-base,7,contentwords,202,0.9379560947418213
infoxlm_base,microsoft/infoxlm-base,7,contentwords,203,0.9150921106338501
infoxlm_base,microsoft/infoxlm-base,7,contentwords,204,0.9419435262680054
infoxlm_base,microsoft/infoxlm-base,7,contentwords,205,0.9345369338989258
infoxlm_base,microsoft/infoxlm-base,7,contentwords,206,0.8905371427536011
infoxlm_base,microsoft/infoxlm-base,7,contentwords,207,0.9304941892623901
infoxlm_base,microsoft/infoxlm-base,7,contentwords,208,0.938949704170227
infoxlm_base,microsoft/infoxlm-base,7,contentwords,209,0.9104132056236267
infoxlm_base,microsoft/infoxlm-base,7,contentwords,210,0.9357240200042725
infoxlm_base,microsoft/infoxlm-base,7,contentwords,211,0.9135679006576538
infoxlm_base,microsoft/infoxlm-base,7,contentwords,212,0.9194425344467163
infoxlm_base,microsoft/infoxlm-base,7,contentwords,213,0.8987453579902649
infoxlm_base,microsoft/infoxlm-base,7,contentwords,214,0.8823903203010559
infoxlm_base,microsoft/infoxlm-base,7,contentwords,215,0.9328705072402954
infoxlm_base,microsoft/infoxlm-base,7,contentwords,216,0.9129814505577087
infoxlm_base,microsoft/infoxlm-base,7,contentwords,217,0.9086449146270752
infoxlm_base,microsoft/infoxlm-base,7,contentwords,218,0.9566026329994202
infoxlm_base,microsoft/infoxlm-base,7,contentwords,219,0.9582957029342651
infoxlm_base,microsoft/infoxlm-base,7,contentwords,220,0.9232725501060486
infoxlm_base,microsoft/infoxlm-base,7,contentwords,221,0.9347375631332397
infoxlm_base,microsoft/infoxlm-base,7,contentwords,222,0.9226611256599426
infoxlm_base,microsoft/infoxlm-base,7,contentwords,223,0.9527424573898315
infoxlm_base,microsoft/infoxlm-base,7,contentwords,224,0.9412632584571838
infoxlm_base,microsoft/infoxlm-base,7,contentwords,225,0.9192926287651062
infoxlm_base,microsoft/infoxlm-base,7,contentwords,226,0.8732826709747314
infoxlm_base,microsoft/infoxlm-base,7,contentwords,227,0.9293609857559204
infoxlm_base,microsoft/infoxlm-base,7,contentwords,228,0.892625093460083
infoxlm_base,microsoft/infoxlm-base,7,contentwords,229,0.9214813709259033
infoxlm_base,microsoft/infoxlm-base,7,contentwords,230,0.9102096557617188
infoxlm_base,microsoft/infoxlm-base,7,contentwords,231,0.9176914095878601
infoxlm_base,microsoft/infoxlm-base,7,contentwords,232,0.9304513931274414
infoxlm_base,microsoft/infoxlm-base,7,contentwords,233,0.920482337474823
infoxlm_base,microsoft/infoxlm-base,7,contentwords,234,0.9191421866416931
infoxlm_base,microsoft/infoxlm-base,7,contentwords,235,0.908167839050293
infoxlm_base,microsoft/infoxlm-base,7,contentwords,236,0.9521251320838928
infoxlm_base,microsoft/infoxlm-base,7,contentwords,237,0.9414604306221008
infoxlm_base,microsoft/infoxlm-base,7,contentwords,238,0.9327868819236755
infoxlm_base,microsoft/infoxlm-base,7,contentwords,239,0.9131749868392944
infoxlm_base,microsoft/infoxlm-base,7,contentwords,240,0.9193265438079834
infoxlm_base,microsoft/infoxlm-base,7,contentwords,241,0.918067455291748
infoxlm_base,microsoft/infoxlm-base,7,contentwords,242,0.9112246036529541
infoxlm_base,microsoft/infoxlm-base,7,contentwords,243,0.9066617488861084
infoxlm_base,microsoft/infoxlm-base,7,contentwords,244,0.9232110977172852
infoxlm_base,microsoft/infoxlm-base,7,contentwords,245,0.9142725467681885
infoxlm_base,microsoft/infoxlm-base,7,contentwords,246,0.8718152046203613
infoxlm_base,microsoft/infoxlm-base,7,contentwords,247,0.9276605844497681
infoxlm_base,microsoft/infoxlm-base,7,contentwords,248,0.9011140465736389
infoxlm_base,microsoft/infoxlm-base,7,contentwords,249,0.9277844429016113
infoxlm_base,microsoft/infoxlm-base,7,contentwords,250,0.8962458372116089
infoxlm_base,microsoft/infoxlm-base,7,contentwords,251,0.9137935042381287
infoxlm_base,microsoft/infoxlm-base,7,contentwords,252,0.9082497358322144
infoxlm_base,microsoft/infoxlm-base,7,contentwords,253,0.9334366321563721
infoxlm_base,microsoft/infoxlm-base,7,contentwords,254,0.8872153759002686
infoxlm_base,microsoft/infoxlm-base,7,contentwords,255,0.9067563414573669
infoxlm_base,microsoft/infoxlm-base,7,contentwords,256,0.9040734767913818
infoxlm_base,microsoft/infoxlm-base,7,contentwords,257,0.922265887260437
infoxlm_base,microsoft/infoxlm-base,7,contentwords,258,0.9040403962135315
infoxlm_base,microsoft/infoxlm-base,7,contentwords,259,0.9405202269554138
infoxlm_base,microsoft/infoxlm-base,7,contentwords,260,0.9404013156890869
infoxlm_base,microsoft/infoxlm-base,7,contentwords,261,0.9339701533317566
infoxlm_base,microsoft/infoxlm-base,7,contentwords,262,0.9185574054718018
infoxlm_base,microsoft/infoxlm-base,7,contentwords,263,0.9192274212837219
infoxlm_base,microsoft/infoxlm-base,7,contentwords,264,0.9448724985122681
infoxlm_base,microsoft/infoxlm-base,7,contentwords,265,0.8889970779418945
infoxlm_base,microsoft/infoxlm-base,7,contentwords,266,0.9038695096969604
infoxlm_base,microsoft/infoxlm-base,7,contentwords,267,0.92930668592453
infoxlm_base,microsoft/infoxlm-base,7,contentwords,268,0.8925005197525024
infoxlm_base,microsoft/infoxlm-base,7,contentwords,269,0.9354695081710815
infoxlm_base,microsoft/infoxlm-base,7,contentwords,270,0.9364748597145081
infoxlm_base,microsoft/infoxlm-base,7,contentwords,271,0.9080472588539124
infoxlm_base,microsoft/infoxlm-base,7,contentwords,272,0.928668737411499
infoxlm_base,microsoft/infoxlm-base,7,contentwords,273,0.8991113901138306
infoxlm_base,microsoft/infoxlm-base,7,contentwords,274,0.9486405849456787
infoxlm_base,microsoft/infoxlm-base,7,contentwords,275,0.9138416051864624
infoxlm_base,microsoft/infoxlm-base,7,contentwords,276,0.921781599521637
infoxlm_base,microsoft/infoxlm-base,7,contentwords,277,0.9391462802886963
infoxlm_base,microsoft/infoxlm-base,7,contentwords,278,0.9018007516860962
infoxlm_base,microsoft/infoxlm-base,7,contentwords,279,0.9171092510223389
infoxlm_base,microsoft/infoxlm-base,7,contentwords,280,0.9262580275535583
infoxlm_base,microsoft/infoxlm-base,7,contentwords,281,0.9114534258842468
infoxlm_base,microsoft/infoxlm-base,7,contentwords,282,0.9265636205673218
infoxlm_base,microsoft/infoxlm-base,7,contentwords,283,0.9269924759864807
infoxlm_base,microsoft/infoxlm-base,7,contentwords,284,0.9328309297561646
infoxlm_base,microsoft/infoxlm-base,7,contentwords,285,0.9421427845954895
infoxlm_base,microsoft/infoxlm-base,7,contentwords,286,0.9071022272109985
infoxlm_base,microsoft/infoxlm-base,7,contentwords,287,0.923577070236206
infoxlm_base,microsoft/infoxlm-base,7,contentwords,288,0.9211582541465759
infoxlm_base,microsoft/infoxlm-base,7,contentwords,289,0.902314305305481
infoxlm_base,microsoft/infoxlm-base,7,contentwords,290,0.9066948890686035
infoxlm_base,microsoft/infoxlm-base,7,contentwords,291,0.9256387948989868
infoxlm_base,microsoft/infoxlm-base,7,contentwords,292,0.913575291633606
infoxlm_base,microsoft/infoxlm-base,7,contentwords,293,0.930187463760376
infoxlm_base,microsoft/infoxlm-base,7,contentwords,294,0.9051902890205383
infoxlm_base,microsoft/infoxlm-base,7,contentwords,295,0.9085390567779541
infoxlm_base,microsoft/infoxlm-base,7,contentwords,296,0.8923171758651733
infoxlm_base,microsoft/infoxlm-base,7,contentwords,297,0.9209969639778137
infoxlm_base,microsoft/infoxlm-base,7,contentwords,298,0.9184481501579285
infoxlm_base,microsoft/infoxlm-base,7,contentwords,299,0.9153510928153992
infoxlm_base,microsoft/infoxlm-base,7,contentwords,300,0.9077795147895813
infoxlm_base,microsoft/infoxlm-base,7,contentwords,301,0.9093859791755676
infoxlm_base,microsoft/infoxlm-base,7,contentwords,302,0.9087588787078857
infoxlm_base,microsoft/infoxlm-base,7,contentwords,303,0.8839148879051208
infoxlm_base,microsoft/infoxlm-base,7,contentwords,304,0.9348913431167603
infoxlm_base,microsoft/infoxlm-base,7,contentwords,305,0.903815746307373
infoxlm_base,microsoft/infoxlm-base,7,contentwords,306,0.9163370132446289
infoxlm_base,microsoft/infoxlm-base,7,contentwords,307,0.9167065024375916
infoxlm_base,microsoft/infoxlm-base,7,contentwords,308,0.9124612808227539
infoxlm_base,microsoft/infoxlm-base,7,contentwords,309,0.9258342981338501
infoxlm_base,microsoft/infoxlm-base,7,contentwords,310,0.9163616895675659
infoxlm_base,microsoft/infoxlm-base,7,contentwords,311,0.9488301873207092
infoxlm_base,microsoft/infoxlm-base,7,contentwords,312,0.8929898738861084
infoxlm_base,microsoft/infoxlm-base,7,contentwords,313,0.9204908609390259
infoxlm_base,microsoft/infoxlm-base,7,contentwords,314,0.9111865758895874
infoxlm_base,microsoft/infoxlm-base,7,contentwords,315,0.9224523901939392
infoxlm_base,microsoft/infoxlm-base,7,contentwords,316,0.940422534942627
infoxlm_base,microsoft/infoxlm-base,7,contentwords,317,0.9131962656974792
infoxlm_base,microsoft/infoxlm-base,7,contentwords,318,0.9338883757591248
infoxlm_base,microsoft/infoxlm-base,7,contentwords,319,0.9147998690605164
infoxlm_base,microsoft/infoxlm-base,7,contentwords,320,0.9091437458992004
infoxlm_base,microsoft/infoxlm-base,7,contentwords,321,0.9094793200492859
infoxlm_base,microsoft/infoxlm-base,7,contentwords,322,0.9132519960403442
infoxlm_base,microsoft/infoxlm-base,7,contentwords,323,0.9277369379997253
infoxlm_base,microsoft/infoxlm-base,7,contentwords,324,0.9110568165779114
infoxlm_base,microsoft/infoxlm-base,7,contentwords,325,0.9106796979904175
infoxlm_base,microsoft/infoxlm-base,7,contentwords,326,0.940534770488739
infoxlm_base,microsoft/infoxlm-base,7,contentwords,327,0.9307606220245361
infoxlm_base,microsoft/infoxlm-base,7,contentwords,328,0.9245092868804932
infoxlm_base,microsoft/infoxlm-base,7,contentwords,329,0.9043533802032471
infoxlm_base,microsoft/infoxlm-base,7,contentwords,330,0.912804126739502
infoxlm_base,microsoft/infoxlm-base,7,contentwords,331,0.9184523224830627
infoxlm_base,microsoft/infoxlm-base,7,contentwords,332,0.9074687361717224
infoxlm_base,microsoft/infoxlm-base,7,contentwords,333,0.9400191307067871
infoxlm_base,microsoft/infoxlm-base,7,contentwords,334,0.991411566734314
infoxlm_base,microsoft/infoxlm-base,7,contentwords,335,0.9020400047302246
infoxlm_base,microsoft/infoxlm-base,7,contentwords,336,0.972746729850769
infoxlm_base,microsoft/infoxlm-base,7,contentwords,337,0.9337857961654663
infoxlm_base,microsoft/infoxlm-base,7,contentwords,338,0.8994726538658142
infoxlm_base,microsoft/infoxlm-base,7,contentwords,339,0.9327942132949829
infoxlm_base,microsoft/infoxlm-base,7,contentwords,340,0.8723300099372864
infoxlm_base,microsoft/infoxlm-base,7,contentwords,341,0.9312464594841003
infoxlm_base,microsoft/infoxlm-base,7,contentwords,342,0.9050039052963257
infoxlm_base,microsoft/infoxlm-base,7,contentwords,343,0.9269530773162842
infoxlm_base,microsoft/infoxlm-base,7,contentwords,344,0.9349972605705261
infoxlm_base,microsoft/infoxlm-base,7,contentwords,345,0.938554584980011
infoxlm_base,microsoft/infoxlm-base,7,contentwords,346,0.9305108785629272
infoxlm_base,microsoft/infoxlm-base,7,contentwords,347,0.9175953269004822
infoxlm_base,microsoft/infoxlm-base,7,contentwords,348,0.9158291220664978
infoxlm_base,microsoft/infoxlm-base,7,contentwords,349,0.922386884689331
infoxlm_base,microsoft/infoxlm-base,7,contentwords,350,0.9074399471282959
infoxlm_base,microsoft/infoxlm-base,7,contentwords,351,0.8877754807472229
infoxlm_base,microsoft/infoxlm-base,7,contentwords,352,0.9318251013755798
infoxlm_base,microsoft/infoxlm-base,7,contentwords,353,0.9208195209503174
infoxlm_base,microsoft/infoxlm-base,7,contentwords,354,0.9163773059844971
infoxlm_base,microsoft/infoxlm-base,7,contentwords,355,0.9281225204467773
infoxlm_base,microsoft/infoxlm-base,7,contentwords,356,0.9385698437690735
infoxlm_base,microsoft/infoxlm-base,7,contentwords,357,0.8924583196640015
infoxlm_base,microsoft/infoxlm-base,7,contentwords,358,0.9109496474266052
infoxlm_base,microsoft/infoxlm-base,7,contentwords,359,0.9271018505096436
infoxlm_base,microsoft/infoxlm-base,7,contentwords,360,0.9186834692955017
infoxlm_base,microsoft/infoxlm-base,7,contentwords,361,0.9106442332267761
infoxlm_base,microsoft/infoxlm-base,7,contentwords,362,0.935322642326355
infoxlm_base,microsoft/infoxlm-base,7,contentwords,363,0.941365659236908
infoxlm_base,microsoft/infoxlm-base,7,contentwords,364,0.930122435092926
infoxlm_base,microsoft/infoxlm-base,7,contentwords,365,0.9329833388328552
infoxlm_base,microsoft/infoxlm-base,7,contentwords,366,0.9373559355735779
infoxlm_base,microsoft/infoxlm-base,7,contentwords,367,0.9082255363464355
infoxlm_base,microsoft/infoxlm-base,7,contentwords,368,0.915375292301178
infoxlm_base,microsoft/infoxlm-base,7,contentwords,369,0.9289756417274475
infoxlm_base,microsoft/infoxlm-base,7,contentwords,370,0.9373829364776611
infoxlm_base,microsoft/infoxlm-base,7,contentwords,371,0.9069414734840393
infoxlm_base,microsoft/infoxlm-base,7,contentwords,372,0.9224833250045776
infoxlm_base,microsoft/infoxlm-base,7,contentwords,373,0.9093892574310303
infoxlm_base,microsoft/infoxlm-base,7,contentwords,374,0.925579309463501
infoxlm_base,microsoft/infoxlm-base,7,contentwords,375,0.9201751351356506
infoxlm_base,microsoft/infoxlm-base,7,contentwords,376,0.9324932098388672
infoxlm_base,microsoft/infoxlm-base,7,contentwords,377,0.9428091645240784
infoxlm_base,microsoft/infoxlm-base,7,contentwords,378,0.9209394454956055
infoxlm_base,microsoft/infoxlm-base,7,contentwords,379,0.9214200973510742
infoxlm_base,microsoft/infoxlm-base,7,contentwords,380,0.9052632451057434
infoxlm_base,microsoft/infoxlm-base,7,contentwords,381,0.9386929273605347
infoxlm_base,microsoft/infoxlm-base,7,contentwords,382,0.9148221611976624
infoxlm_base,microsoft/infoxlm-base,7,contentwords,383,0.9214567542076111
infoxlm_base,microsoft/infoxlm-base,7,contentwords,384,0.9111061096191406
infoxlm_base,microsoft/infoxlm-base,7,contentwords,385,0.9240546822547913
infoxlm_base,microsoft/infoxlm-base,7,contentwords,386,0.9085235595703125
infoxlm_base,microsoft/infoxlm-base,7,contentwords,387,0.9296468496322632
infoxlm_base,microsoft/infoxlm-base,7,contentwords,388,0.9265636205673218
infoxlm_base,microsoft/infoxlm-base,7,contentwords,389,0.918339192867279
infoxlm_base,microsoft/infoxlm-base,7,contentwords,390,0.9047572016716003
infoxlm_base,microsoft/infoxlm-base,7,contentwords,391,0.9359853267669678
infoxlm_base,microsoft/infoxlm-base,7,contentwords,392,0.9281463027000427
infoxlm_base,microsoft/infoxlm-base,7,contentwords,393,0.9126352071762085
infoxlm_base,microsoft/infoxlm-base,7,contentwords,394,0.9206917881965637
infoxlm_base,microsoft/infoxlm-base,7,contentwords,395,0.8995867371559143
infoxlm_base,microsoft/infoxlm-base,7,contentwords,396,0.9069660305976868
infoxlm_base,microsoft/infoxlm-base,7,contentwords,397,0.9171624779701233
infoxlm_base,microsoft/infoxlm-base,7,contentwords,398,0.9330928921699524
infoxlm_base,microsoft/infoxlm-base,7,contentwords,399,0.9152277112007141
infoxlm_base,microsoft/infoxlm-base,7,contentwords,400,0.8952494263648987
infoxlm_base,microsoft/infoxlm-base,7,contentwords,401,0.9335802793502808
infoxlm_base,microsoft/infoxlm-base,7,contentwords,402,0.9242556691169739
infoxlm_base,microsoft/infoxlm-base,7,contentwords,403,0.9275983572006226
infoxlm_base,microsoft/infoxlm-base,7,contentwords,404,0.9107338786125183
infoxlm_base,microsoft/infoxlm-base,7,contentwords,405,0.9477464556694031
infoxlm_base,microsoft/infoxlm-base,7,contentwords,406,0.9368969798088074
infoxlm_base,microsoft/infoxlm-base,7,contentwords,407,0.9281452894210815
infoxlm_base,microsoft/infoxlm-base,7,contentwords,408,0.9107295274734497
infoxlm_base,microsoft/infoxlm-base,7,contentwords,409,0.9170858263969421
infoxlm_base,microsoft/infoxlm-base,7,contentwords,410,0.916828989982605
infoxlm_base,microsoft/infoxlm-base,7,contentwords,411,0.9276861548423767
infoxlm_base,microsoft/infoxlm-base,7,contentwords,412,0.9031330347061157
infoxlm_base,microsoft/infoxlm-base,7,contentwords,413,0.9200183153152466
infoxlm_base,microsoft/infoxlm-base,7,contentwords,414,0.8827522993087769
infoxlm_base,microsoft/infoxlm-base,7,contentwords,415,0.9157993793487549
infoxlm_base,microsoft/infoxlm-base,7,contentwords,416,0.9430282711982727
infoxlm_base,microsoft/infoxlm-base,7,contentwords,417,0.9221780300140381
infoxlm_base,microsoft/infoxlm-base,7,contentwords,418,0.9342634677886963
infoxlm_base,microsoft/infoxlm-base,7,contentwords,419,0.928344190120697
infoxlm_base,microsoft/infoxlm-base,7,contentwords,420,0.9206733703613281
infoxlm_base,microsoft/infoxlm-base,7,contentwords,421,0.9390395879745483
infoxlm_base,microsoft/infoxlm-base,7,contentwords,422,0.907825767993927
infoxlm_base,microsoft/infoxlm-base,7,contentwords,423,0.9234432578086853
infoxlm_base,microsoft/infoxlm-base,7,contentwords,424,0.912115216255188
infoxlm_base,microsoft/infoxlm-base,7,contentwords,425,0.8934472799301147
infoxlm_base,microsoft/infoxlm-base,7,contentwords,426,0.9359046220779419
infoxlm_base,microsoft/infoxlm-base,7,contentwords,427,0.9197930693626404
infoxlm_base,microsoft/infoxlm-base,7,contentwords,428,0.9520848989486694
infoxlm_base,microsoft/infoxlm-base,7,contentwords,429,0.9267919063568115
infoxlm_base,microsoft/infoxlm-base,7,contentwords,430,0.9514291882514954
infoxlm_base,microsoft/infoxlm-base,7,contentwords,431,0.8981784582138062
infoxlm_base,microsoft/infoxlm-base,7,contentwords,432,0.927550733089447
infoxlm_base,microsoft/infoxlm-base,7,contentwords,433,0.9352423548698425
infoxlm_base,microsoft/infoxlm-base,7,contentwords,434,0.9166197776794434
infoxlm_base,microsoft/infoxlm-base,7,contentwords,435,0.9421423077583313
infoxlm_base,microsoft/infoxlm-base,7,contentwords,436,0.9262328147888184
infoxlm_base,microsoft/infoxlm-base,7,contentwords,437,0.9193204641342163
infoxlm_base,microsoft/infoxlm-base,7,contentwords,438,0.9074610471725464
infoxlm_base,microsoft/infoxlm-base,7,contentwords,439,0.9372628331184387
infoxlm_base,microsoft/infoxlm-base,7,contentwords,440,0.9222052097320557
infoxlm_base,microsoft/infoxlm-base,7,contentwords,441,0.9201141595840454
infoxlm_base,microsoft/infoxlm-base,7,contentwords,442,0.9418796896934509
infoxlm_base,microsoft/infoxlm-base,7,contentwords,443,0.9433831572532654
infoxlm_base,microsoft/infoxlm-base,7,contentwords,444,0.9051950573921204
infoxlm_base,microsoft/infoxlm-base,7,contentwords,445,0.9332103133201599
infoxlm_base,microsoft/infoxlm-base,7,contentwords,446,0.9224709868431091
infoxlm_base,microsoft/infoxlm-base,7,contentwords,447,0.9186970591545105
infoxlm_base,microsoft/infoxlm-base,7,contentwords,448,0.9262033104896545
infoxlm_base,microsoft/infoxlm-base,7,contentwords,449,0.9264261722564697
infoxlm_base,microsoft/infoxlm-base,7,contentwords,450,0.9180633425712585
infoxlm_base,microsoft/infoxlm-base,7,contentwords,451,0.935779869556427
infoxlm_base,microsoft/infoxlm-base,7,contentwords,452,0.9638729095458984
infoxlm_base,microsoft/infoxlm-base,7,contentwords,453,0.9441699981689453
infoxlm_base,microsoft/infoxlm-base,7,contentwords,454,0.9091044664382935
infoxlm_base,microsoft/infoxlm-base,7,contentwords,455,0.9277691841125488
infoxlm_base,microsoft/infoxlm-base,7,contentwords,456,0.9156491160392761
infoxlm_base,microsoft/infoxlm-base,7,contentwords,457,0.9375852346420288
infoxlm_base,microsoft/infoxlm-base,7,contentwords,458,0.9324010610580444
infoxlm_base,microsoft/infoxlm-base,7,contentwords,459,0.921815812587738
infoxlm_base,microsoft/infoxlm-base,7,contentwords,460,0.9210823774337769
infoxlm_base,microsoft/infoxlm-base,7,contentwords,461,0.9306843876838684
infoxlm_base,microsoft/infoxlm-base,7,contentwords,462,0.9192314743995667
infoxlm_base,microsoft/infoxlm-base,7,contentwords,463,0.9175667762756348
infoxlm_base,microsoft/infoxlm-base,7,contentwords,464,0.946235179901123
infoxlm_base,microsoft/infoxlm-base,7,contentwords,465,0.9075260162353516
infoxlm_base,microsoft/infoxlm-base,7,contentwords,466,0.9190186262130737
infoxlm_base,microsoft/infoxlm-base,7,contentwords,467,0.9008550047874451
infoxlm_base,microsoft/infoxlm-base,7,contentwords,468,0.9151008129119873
infoxlm_base,microsoft/infoxlm-base,7,contentwords,469,0.9275720119476318
infoxlm_base,microsoft/infoxlm-base,7,contentwords,470,0.9527022838592529
infoxlm_base,microsoft/infoxlm-base,7,contentwords,471,0.927571713924408
infoxlm_base,microsoft/infoxlm-base,7,contentwords,472,0.9050456285476685
infoxlm_base,microsoft/infoxlm-base,7,contentwords,473,0.8801158666610718
infoxlm_base,microsoft/infoxlm-base,7,contentwords,474,0.9423628449440002
infoxlm_base,microsoft/infoxlm-base,7,contentwords,475,0.9240068197250366
infoxlm_base,microsoft/infoxlm-base,7,contentwords,476,0.9150152802467346
infoxlm_base,microsoft/infoxlm-base,7,contentwords,477,0.9096627831459045
infoxlm_base,microsoft/infoxlm-base,7,contentwords,478,0.9188588261604309
infoxlm_base,microsoft/infoxlm-base,7,contentwords,479,0.9302955269813538
infoxlm_base,microsoft/infoxlm-base,7,contentwords,480,0.9589794874191284
infoxlm_base,microsoft/infoxlm-base,7,contentwords,481,0.9161376357078552
infoxlm_base,microsoft/infoxlm-base,7,contentwords,482,0.9319515228271484
infoxlm_base,microsoft/infoxlm-base,7,contentwords,483,0.9078311920166016
infoxlm_base,microsoft/infoxlm-base,7,contentwords,484,0.9420604705810547
infoxlm_base,microsoft/infoxlm-base,7,contentwords,485,0.907117486000061
infoxlm_base,microsoft/infoxlm-base,7,contentwords,486,0.9113207459449768
infoxlm_base,microsoft/infoxlm-base,7,contentwords,487,0.9209672212600708
infoxlm_base,microsoft/infoxlm-base,7,contentwords,488,0.9348046779632568
infoxlm_base,microsoft/infoxlm-base,7,contentwords,489,0.9328457713127136
infoxlm_base,microsoft/infoxlm-base,7,contentwords,490,0.9054614305496216
infoxlm_base,microsoft/infoxlm-base,7,contentwords,491,0.927246630191803
infoxlm_base,microsoft/infoxlm-base,7,contentwords,492,0.9356148838996887
infoxlm_base,microsoft/infoxlm-base,7,contentwords,493,0.9212665557861328
infoxlm_base,microsoft/infoxlm-base,7,contentwords,494,0.9199977517127991
infoxlm_base,microsoft/infoxlm-base,7,contentwords,495,0.9233972430229187
infoxlm_base,microsoft/infoxlm-base,7,contentwords,496,0.9236217141151428
infoxlm_base,microsoft/infoxlm-base,7,contentwords,497,0.915317177772522
infoxlm_base,microsoft/infoxlm-base,7,contentwords,498,0.9858356714248657
infoxlm_base,microsoft/infoxlm-base,7,contentwords,499,0.9225797653198242
infoxlm_base,microsoft/infoxlm-base,7,contentwords,500,0.9433762431144714
infoxlm_base,microsoft/infoxlm-base,7,contentwords,501,0.9285800457000732
infoxlm_base,microsoft/infoxlm-base,7,contentwords,502,0.9060943126678467
infoxlm_base,microsoft/infoxlm-base,7,contentwords,503,0.9166197776794434
infoxlm_base,microsoft/infoxlm-base,7,contentwords,504,0.8847822546958923
infoxlm_base,microsoft/infoxlm-base,7,contentwords,505,0.908422589302063
infoxlm_base,microsoft/infoxlm-base,7,contentwords,506,0.9227982759475708
infoxlm_base,microsoft/infoxlm-base,7,contentwords,507,0.9107616543769836
infoxlm_base,microsoft/infoxlm-base,7,contentwords,508,0.923337459564209
infoxlm_base,microsoft/infoxlm-base,7,contentwords,509,0.9173548221588135
infoxlm_base,microsoft/infoxlm-base,7,contentwords,510,0.9149852991104126
infoxlm_base,microsoft/infoxlm-base,7,contentwords,511,0.9232461452484131
infoxlm_base,microsoft/infoxlm-base,7,contentwords,512,0.9084886312484741
infoxlm_base,microsoft/infoxlm-base,7,contentwords,513,0.9172882437705994
infoxlm_base,microsoft/infoxlm-base,7,contentwords,514,0.9326073527336121
infoxlm_base,microsoft/infoxlm-base,7,contentwords,515,0.9295294284820557
infoxlm_base,microsoft/infoxlm-base,7,contentwords,516,0.9153989553451538
infoxlm_base,microsoft/infoxlm-base,7,contentwords,517,0.9372901320457458
infoxlm_base,microsoft/infoxlm-base,7,contentwords,518,0.9089568853378296
infoxlm_base,microsoft/infoxlm-base,7,contentwords,519,0.8921436071395874
infoxlm_base,microsoft/infoxlm-base,7,contentwords,520,0.9302730560302734
infoxlm_base,microsoft/infoxlm-base,7,contentwords,521,0.9321666359901428
infoxlm_base,microsoft/infoxlm-base,7,contentwords,522,0.9392847418785095
infoxlm_base,microsoft/infoxlm-base,7,contentwords,523,0.9122194647789001
infoxlm_base,microsoft/infoxlm-base,7,contentwords,524,0.9089521765708923
infoxlm_base,microsoft/infoxlm-base,7,contentwords,525,0.9445170164108276
infoxlm_base,microsoft/infoxlm-base,7,contentwords,526,0.9213880896568298
infoxlm_base,microsoft/infoxlm-base,7,contentwords,527,0.9126965403556824
infoxlm_base,microsoft/infoxlm-base,7,contentwords,528,0.9344790577888489
infoxlm_base,microsoft/infoxlm-base,7,contentwords,529,0.9283482432365417
infoxlm_base,microsoft/infoxlm-base,7,contentwords,530,0.9394186735153198
infoxlm_base,microsoft/infoxlm-base,7,contentwords,531,0.9183114767074585
infoxlm_base,microsoft/infoxlm-base,7,contentwords,532,0.9285997152328491
infoxlm_base,microsoft/infoxlm-base,7,contentwords,533,0.9345390200614929
infoxlm_base,microsoft/infoxlm-base,7,contentwords,534,0.9848338961601257
infoxlm_base,microsoft/infoxlm-base,7,contentwords,535,0.9593459367752075
infoxlm_base,microsoft/infoxlm-base,7,contentwords,536,0.9344311952590942
infoxlm_base,microsoft/infoxlm-base,7,contentwords,537,0.9296241402626038
infoxlm_base,microsoft/infoxlm-base,7,contentwords,538,0.9309227466583252
infoxlm_base,microsoft/infoxlm-base,7,contentwords,539,0.9004499912261963
infoxlm_base,microsoft/infoxlm-base,7,contentwords,540,0.9114315509796143
infoxlm_base,microsoft/infoxlm-base,7,contentwords,541,0.9226608276367188
infoxlm_base,microsoft/infoxlm-base,7,contentwords,542,0.9070940613746643
infoxlm_base,microsoft/infoxlm-base,7,contentwords,543,0.9263499975204468
infoxlm_base,microsoft/infoxlm-base,7,contentwords,544,0.9269106984138489
infoxlm_base,microsoft/infoxlm-base,7,contentwords,545,0.9277986884117126
infoxlm_base,microsoft/infoxlm-base,7,contentwords,546,0.9447999000549316
infoxlm_base,microsoft/infoxlm-base,7,contentwords,547,0.9343685507774353
infoxlm_base,microsoft/infoxlm-base,7,contentwords,548,0.916094183921814
infoxlm_base,microsoft/infoxlm-base,7,contentwords,549,0.9106939435005188
infoxlm_base,microsoft/infoxlm-base,7,contentwords,550,0.9150292873382568
infoxlm_base,microsoft/infoxlm-base,7,contentwords,551,0.8988080024719238
infoxlm_base,microsoft/infoxlm-base,7,contentwords,552,0.8980809450149536
infoxlm_base,microsoft/infoxlm-base,7,contentwords,553,0.8968971967697144
infoxlm_base,microsoft/infoxlm-base,7,contentwords,554,0.9303749203681946
infoxlm_base,microsoft/infoxlm-base,7,contentwords,555,0.9060953259468079
infoxlm_base,microsoft/infoxlm-base,7,contentwords,556,0.9115889668464661
infoxlm_base,microsoft/infoxlm-base,7,contentwords,557,0.9338337779045105
infoxlm_base,microsoft/infoxlm-base,7,contentwords,558,0.908949077129364
infoxlm_base,microsoft/infoxlm-base,7,contentwords,559,0.9290938973426819
infoxlm_base,microsoft/infoxlm-base,7,contentwords,560,0.9113240242004395
infoxlm_base,microsoft/infoxlm-base,7,contentwords,561,0.9046300649642944
infoxlm_base,microsoft/infoxlm-base,7,contentwords,562,0.9117866158485413
infoxlm_base,microsoft/infoxlm-base,7,contentwords,563,0.9229741096496582
infoxlm_base,microsoft/infoxlm-base,7,contentwords,564,0.9139142632484436
infoxlm_base,microsoft/infoxlm-base,7,contentwords,565,0.9375898241996765
infoxlm_base,microsoft/infoxlm-base,7,contentwords,566,0.9075176119804382
infoxlm_base,microsoft/infoxlm-base,7,contentwords,567,0.9284855723381042
infoxlm_base,microsoft/infoxlm-base,7,contentwords,568,0.9199045300483704
infoxlm_base,microsoft/infoxlm-base,7,contentwords,569,0.9137973785400391
infoxlm_base,microsoft/infoxlm-base,7,contentwords,570,0.8776366710662842
infoxlm_base,microsoft/infoxlm-base,7,contentwords,571,0.9335294961929321
infoxlm_base,microsoft/infoxlm-base,7,contentwords,572,0.9320340156555176
infoxlm_base,microsoft/infoxlm-base,7,contentwords,573,0.9325117468833923
infoxlm_base,microsoft/infoxlm-base,7,contentwords,574,0.9052086472511292
infoxlm_base,microsoft/infoxlm-base,7,contentwords,575,0.9036909341812134
infoxlm_base,microsoft/infoxlm-base,7,contentwords,576,0.9378827214241028
infoxlm_base,microsoft/infoxlm-base,7,contentwords,577,0.9491517543792725
infoxlm_base,microsoft/infoxlm-base,7,contentwords,578,0.92954021692276
infoxlm_base,microsoft/infoxlm-base,7,contentwords,579,0.919611394405365
infoxlm_base,microsoft/infoxlm-base,7,contentwords,580,0.9285227060317993
infoxlm_base,microsoft/infoxlm-base,7,contentwords,581,0.9213153719902039
infoxlm_base,microsoft/infoxlm-base,7,contentwords,582,0.9281800985336304
infoxlm_base,microsoft/infoxlm-base,7,contentwords,583,0.9250556230545044
infoxlm_base,microsoft/infoxlm-base,7,contentwords,584,0.9270066618919373
infoxlm_base,microsoft/infoxlm-base,7,contentwords,585,0.9256273508071899
infoxlm_base,microsoft/infoxlm-base,7,contentwords,586,0.9140965938568115
infoxlm_base,microsoft/infoxlm-base,7,contentwords,587,0.9388459920883179
infoxlm_base,microsoft/infoxlm-base,7,contentwords,588,0.9273886680603027
infoxlm_base,microsoft/infoxlm-base,7,contentwords,589,0.9222794771194458
infoxlm_base,microsoft/infoxlm-base,7,contentwords,590,0.9363491535186768
infoxlm_base,microsoft/infoxlm-base,7,contentwords,591,0.9268068671226501
infoxlm_base,microsoft/infoxlm-base,7,contentwords,592,0.906306266784668
infoxlm_base,microsoft/infoxlm-base,7,contentwords,593,0.918857216835022
infoxlm_base,microsoft/infoxlm-base,7,contentwords,594,0.9140151143074036
infoxlm_base,microsoft/infoxlm-base,7,contentwords,595,0.8911764025688171
infoxlm_base,microsoft/infoxlm-base,7,contentwords,596,0.9212278723716736
infoxlm_base,microsoft/infoxlm-base,7,contentwords,597,0.9131167531013489
infoxlm_base,microsoft/infoxlm-base,7,contentwords,598,0.9338402152061462
infoxlm_base,microsoft/infoxlm-base,7,contentwords,599,0.9303528070449829
infoxlm_base,microsoft/infoxlm-base,7,contentwords,600,0.9358516931533813
infoxlm_base,microsoft/infoxlm-base,7,contentwords,601,0.9009819030761719
infoxlm_base,microsoft/infoxlm-base,7,contentwords,602,0.8997302651405334
infoxlm_base,microsoft/infoxlm-base,7,contentwords,603,0.924148440361023
infoxlm_base,microsoft/infoxlm-base,7,contentwords,604,0.9552541971206665
infoxlm_base,microsoft/infoxlm-base,7,contentwords,605,0.9305188059806824
infoxlm_base,microsoft/infoxlm-base,7,contentwords,606,0.9185433387756348
infoxlm_base,microsoft/infoxlm-base,7,contentwords,607,0.9339771866798401
infoxlm_base,microsoft/infoxlm-base,7,contentwords,608,0.9251012802124023
infoxlm_base,microsoft/infoxlm-base,7,contentwords,609,0.9199380874633789
infoxlm_base,microsoft/infoxlm-base,7,contentwords,610,0.9250335693359375
infoxlm_base,microsoft/infoxlm-base,7,contentwords,611,0.9147011637687683
infoxlm_base,microsoft/infoxlm-base,7,contentwords,612,0.9142324328422546
infoxlm_base,microsoft/infoxlm-base,7,contentwords,613,0.9056726098060608
infoxlm_base,microsoft/infoxlm-base,7,contentwords,614,0.9167801141738892
infoxlm_base,microsoft/infoxlm-base,7,contentwords,615,0.9351802468299866
infoxlm_base,microsoft/infoxlm-base,7,contentwords,616,0.9272627830505371
infoxlm_base,microsoft/infoxlm-base,7,contentwords,617,0.9270180463790894
infoxlm_base,microsoft/infoxlm-base,7,contentwords,618,0.8883810043334961
infoxlm_base,microsoft/infoxlm-base,7,contentwords,619,0.9228546619415283
infoxlm_base,microsoft/infoxlm-base,7,contentwords,620,0.9462318420410156
infoxlm_base,microsoft/infoxlm-base,7,contentwords,621,0.897205114364624
infoxlm_base,microsoft/infoxlm-base,7,contentwords,622,0.9236860275268555
infoxlm_base,microsoft/infoxlm-base,7,contentwords,623,0.9011983871459961
infoxlm_base,microsoft/infoxlm-base,7,contentwords,624,0.9440362453460693
infoxlm_base,microsoft/infoxlm-base,7,contentwords,625,0.9358206987380981
infoxlm_base,microsoft/infoxlm-base,7,contentwords,626,0.9097402691841125
infoxlm_base,microsoft/infoxlm-base,7,nouns,0,0.9057998061180115
infoxlm_base,microsoft/infoxlm-base,7,nouns,1,0.8806189894676208
infoxlm_base,microsoft/infoxlm-base,7,nouns,2,0.8984997272491455
infoxlm_base,microsoft/infoxlm-base,7,nouns,3,0.8994314670562744
infoxlm_base,microsoft/infoxlm-base,7,nouns,4,0.8695748448371887
infoxlm_base,microsoft/infoxlm-base,7,nouns,5,0.8957409858703613
infoxlm_base,microsoft/infoxlm-base,7,nouns,6,0.8862081170082092
infoxlm_base,microsoft/infoxlm-base,7,nouns,7,0.8839651346206665
infoxlm_base,microsoft/infoxlm-base,7,nouns,8,0.884911060333252
infoxlm_base,microsoft/infoxlm-base,7,nouns,9,0.9041869640350342
infoxlm_base,microsoft/infoxlm-base,7,nouns,10,0.8690361976623535
infoxlm_base,microsoft/infoxlm-base,7,nouns,11,0.8950942158699036
infoxlm_base,microsoft/infoxlm-base,7,nouns,12,0.8776271343231201
infoxlm_base,microsoft/infoxlm-base,7,nouns,13,0.8857181668281555
infoxlm_base,microsoft/infoxlm-base,7,nouns,14,0.8672207593917847
infoxlm_base,microsoft/infoxlm-base,7,nouns,15,0.892179012298584
infoxlm_base,microsoft/infoxlm-base,7,nouns,16,0.8687129616737366
infoxlm_base,microsoft/infoxlm-base,7,nouns,17,0.9053652882575989
infoxlm_base,microsoft/infoxlm-base,7,nouns,18,0.8850890398025513
infoxlm_base,microsoft/infoxlm-base,7,nouns,19,0.8882098197937012
infoxlm_base,microsoft/infoxlm-base,7,nouns,20,0.9176814556121826
infoxlm_base,microsoft/infoxlm-base,7,nouns,21,0.9138456583023071
infoxlm_base,microsoft/infoxlm-base,7,nouns,22,0.8794353604316711
infoxlm_base,microsoft/infoxlm-base,7,nouns,23,0.8348301649093628
infoxlm_base,microsoft/infoxlm-base,7,nouns,24,0.8751234412193298
infoxlm_base,microsoft/infoxlm-base,7,nouns,25,0.8733691573143005
infoxlm_base,microsoft/infoxlm-base,7,nouns,26,0.878484845161438
infoxlm_base,microsoft/infoxlm-base,7,nouns,27,0.8858588933944702
infoxlm_base,microsoft/infoxlm-base,7,nouns,28,0.8717105388641357
infoxlm_base,microsoft/infoxlm-base,7,nouns,29,0.8987846374511719
infoxlm_base,microsoft/infoxlm-base,7,nouns,30,0.8998058438301086
infoxlm_base,microsoft/infoxlm-base,7,nouns,31,0.8545055389404297
infoxlm_base,microsoft/infoxlm-base,7,nouns,32,0.8721878528594971
infoxlm_base,microsoft/infoxlm-base,7,nouns,33,0.9100631475448608
infoxlm_base,microsoft/infoxlm-base,7,nouns,34,0.9111061692237854
infoxlm_base,microsoft/infoxlm-base,7,nouns,35,0.8600771427154541
infoxlm_base,microsoft/infoxlm-base,7,nouns,36,0.8795056343078613
infoxlm_base,microsoft/infoxlm-base,7,nouns,37,0.8841105699539185
infoxlm_base,microsoft/infoxlm-base,7,nouns,38,0.8801465630531311
infoxlm_base,microsoft/infoxlm-base,7,nouns,39,0.86683189868927
infoxlm_base,microsoft/infoxlm-base,7,nouns,40,0.883143961429596
infoxlm_base,microsoft/infoxlm-base,7,nouns,41,0.9294154644012451
infoxlm_base,microsoft/infoxlm-base,7,nouns,42,0.8642456531524658
infoxlm_base,microsoft/infoxlm-base,7,nouns,43,0.8932470679283142
infoxlm_base,microsoft/infoxlm-base,7,nouns,44,0.8811640739440918
infoxlm_base,microsoft/infoxlm-base,7,nouns,45,0.8916279077529907
infoxlm_base,microsoft/infoxlm-base,7,nouns,46,0.8923550844192505
infoxlm_base,microsoft/infoxlm-base,7,nouns,47,0.8960599899291992
infoxlm_base,microsoft/infoxlm-base,7,nouns,48,0.9027428030967712
infoxlm_base,microsoft/infoxlm-base,7,nouns,49,0.8788018822669983
infoxlm_base,microsoft/infoxlm-base,7,nouns,50,0.8838097453117371
infoxlm_base,microsoft/infoxlm-base,7,nouns,51,0.8788461089134216
infoxlm_base,microsoft/infoxlm-base,7,nouns,52,0.8971174359321594
infoxlm_base,microsoft/infoxlm-base,7,nouns,53,0.900133490562439
infoxlm_base,microsoft/infoxlm-base,7,nouns,54,0.798176109790802
infoxlm_base,microsoft/infoxlm-base,7,nouns,55,0.8949092626571655
infoxlm_base,microsoft/infoxlm-base,7,nouns,56,0.8873178958892822
infoxlm_base,microsoft/infoxlm-base,7,nouns,57,0.9104582071304321
infoxlm_base,microsoft/infoxlm-base,7,nouns,58,0.9245875477790833
infoxlm_base,microsoft/infoxlm-base,7,nouns,59,0.8522644639015198
infoxlm_base,microsoft/infoxlm-base,7,nouns,60,0.8861743211746216
infoxlm_base,microsoft/infoxlm-base,7,nouns,61,0.8849351406097412
infoxlm_base,microsoft/infoxlm-base,7,nouns,62,0.9129610061645508
infoxlm_base,microsoft/infoxlm-base,7,nouns,63,0.8926767110824585
infoxlm_base,microsoft/infoxlm-base,7,nouns,64,0.9039438962936401
infoxlm_base,microsoft/infoxlm-base,7,nouns,65,0.9180986881256104
infoxlm_base,microsoft/infoxlm-base,7,nouns,66,0.9204108119010925
infoxlm_base,microsoft/infoxlm-base,7,nouns,67,0.8843359351158142
infoxlm_base,microsoft/infoxlm-base,7,nouns,68,0.8736876249313354
infoxlm_base,microsoft/infoxlm-base,7,nouns,69,0.911180853843689
infoxlm_base,microsoft/infoxlm-base,7,nouns,70,0.8820170760154724
infoxlm_base,microsoft/infoxlm-base,7,nouns,71,0.9039899110794067
infoxlm_base,microsoft/infoxlm-base,7,nouns,72,0.8850713968276978
infoxlm_base,microsoft/infoxlm-base,7,nouns,73,0.9092205166816711
infoxlm_base,microsoft/infoxlm-base,7,nouns,74,0.8821786046028137
infoxlm_base,microsoft/infoxlm-base,7,nouns,75,0.8597361445426941
infoxlm_base,microsoft/infoxlm-base,7,nouns,76,0.8844448328018188
infoxlm_base,microsoft/infoxlm-base,7,nouns,77,0.8924499750137329
infoxlm_base,microsoft/infoxlm-base,7,nouns,78,0.879959762096405
infoxlm_base,microsoft/infoxlm-base,7,nouns,79,0.8935123682022095
infoxlm_base,microsoft/infoxlm-base,7,nouns,80,0.9129172563552856
infoxlm_base,microsoft/infoxlm-base,7,nouns,81,0.9010595679283142
infoxlm_base,microsoft/infoxlm-base,7,nouns,82,0.8783609867095947
infoxlm_base,microsoft/infoxlm-base,7,nouns,83,0.8660538196563721
infoxlm_base,microsoft/infoxlm-base,7,nouns,84,0.9104573130607605
infoxlm_base,microsoft/infoxlm-base,7,nouns,85,0.9094337821006775
infoxlm_base,microsoft/infoxlm-base,7,nouns,86,0.8516398668289185
infoxlm_base,microsoft/infoxlm-base,7,nouns,87,0.8916811943054199
infoxlm_base,microsoft/infoxlm-base,7,nouns,88,0.9179782867431641
infoxlm_base,microsoft/infoxlm-base,7,nouns,89,0.8785545229911804
infoxlm_base,microsoft/infoxlm-base,7,nouns,90,0.9140841364860535
infoxlm_base,microsoft/infoxlm-base,7,nouns,91,0.8974682688713074
infoxlm_base,microsoft/infoxlm-base,7,nouns,92,0.8786213994026184
infoxlm_base,microsoft/infoxlm-base,7,nouns,93,0.8745661973953247
infoxlm_base,microsoft/infoxlm-base,7,nouns,94,0.8270702362060547
infoxlm_base,microsoft/infoxlm-base,7,nouns,95,0.8552784323692322
infoxlm_base,microsoft/infoxlm-base,7,nouns,96,0.8140831589698792
infoxlm_base,microsoft/infoxlm-base,7,nouns,97,0.8458622097969055
infoxlm_base,microsoft/infoxlm-base,7,nouns,98,0.8537297248840332
infoxlm_base,microsoft/infoxlm-base,7,nouns,99,0.8995949029922485
infoxlm_base,microsoft/infoxlm-base,7,nouns,100,0.8492674231529236
infoxlm_base,microsoft/infoxlm-base,7,nouns,101,0.8880040049552917
infoxlm_base,microsoft/infoxlm-base,7,nouns,102,0.8946704864501953
infoxlm_base,microsoft/infoxlm-base,7,nouns,103,0.8647008538246155
infoxlm_base,microsoft/infoxlm-base,7,nouns,104,0.8893657326698303
infoxlm_base,microsoft/infoxlm-base,7,nouns,105,0.891555666923523
infoxlm_base,microsoft/infoxlm-base,7,nouns,106,0.9153551459312439
infoxlm_base,microsoft/infoxlm-base,7,nouns,107,0.8744661808013916
infoxlm_base,microsoft/infoxlm-base,7,nouns,108,0.8609132766723633
infoxlm_base,microsoft/infoxlm-base,7,nouns,109,0.8696953058242798
infoxlm_base,microsoft/infoxlm-base,7,nouns,110,0.8790104985237122
infoxlm_base,microsoft/infoxlm-base,7,nouns,111,0.8934098482131958
infoxlm_base,microsoft/infoxlm-base,7,nouns,112,0.8900684714317322
infoxlm_base,microsoft/infoxlm-base,7,nouns,113,0.9203509092330933
infoxlm_base,microsoft/infoxlm-base,7,nouns,114,0.9104489684104919
infoxlm_base,microsoft/infoxlm-base,7,nouns,115,0.8991471529006958
infoxlm_base,microsoft/infoxlm-base,7,nouns,116,0.9037593007087708
infoxlm_base,microsoft/infoxlm-base,7,nouns,117,0.8928526639938354
infoxlm_base,microsoft/infoxlm-base,7,nouns,118,0.9141349792480469
infoxlm_base,microsoft/infoxlm-base,7,nouns,119,0.8862454295158386
infoxlm_base,microsoft/infoxlm-base,7,nouns,120,0.8857998251914978
infoxlm_base,microsoft/infoxlm-base,7,nouns,121,0.8954127430915833
infoxlm_base,microsoft/infoxlm-base,7,nouns,122,0.9246736764907837
infoxlm_base,microsoft/infoxlm-base,7,nouns,123,0.9060288667678833
infoxlm_base,microsoft/infoxlm-base,7,nouns,124,0.8944596648216248
infoxlm_base,microsoft/infoxlm-base,7,nouns,125,0.9189715385437012
infoxlm_base,microsoft/infoxlm-base,7,nouns,126,0.9109101295471191
infoxlm_base,microsoft/infoxlm-base,7,nouns,127,0.9259769320487976
infoxlm_base,microsoft/infoxlm-base,7,nouns,128,0.9140233993530273
infoxlm_base,microsoft/infoxlm-base,7,nouns,129,0.8998444676399231
infoxlm_base,microsoft/infoxlm-base,7,nouns,130,0.9149172306060791
infoxlm_base,microsoft/infoxlm-base,7,nouns,131,0.9026358127593994
infoxlm_base,microsoft/infoxlm-base,7,nouns,132,0.8872747421264648
infoxlm_base,microsoft/infoxlm-base,7,nouns,133,0.8911714553833008
infoxlm_base,microsoft/infoxlm-base,7,nouns,134,0.8851363062858582
infoxlm_base,microsoft/infoxlm-base,7,nouns,135,0.9008881449699402
infoxlm_base,microsoft/infoxlm-base,7,nouns,136,0.8873869776725769
infoxlm_base,microsoft/infoxlm-base,7,nouns,137,0.9336192011833191
infoxlm_base,microsoft/infoxlm-base,7,nouns,138,0.8686628341674805
infoxlm_base,microsoft/infoxlm-base,7,nouns,139,0.9110356569290161
infoxlm_base,microsoft/infoxlm-base,7,nouns,140,0.8560013771057129
infoxlm_base,microsoft/infoxlm-base,7,nouns,141,0.9146605134010315
infoxlm_base,microsoft/infoxlm-base,7,nouns,142,0.9008704423904419
infoxlm_base,microsoft/infoxlm-base,7,nouns,143,0.9055139422416687
infoxlm_base,microsoft/infoxlm-base,7,nouns,144,0.8798908591270447
infoxlm_base,microsoft/infoxlm-base,7,nouns,145,0.9085138440132141
infoxlm_base,microsoft/infoxlm-base,7,nouns,146,0.8695104122161865
infoxlm_base,microsoft/infoxlm-base,7,nouns,147,0.881816565990448
infoxlm_base,microsoft/infoxlm-base,7,nouns,148,0.8330942392349243
infoxlm_base,microsoft/infoxlm-base,7,nouns,149,0.9141523838043213
infoxlm_base,microsoft/infoxlm-base,7,nouns,150,0.8798131942749023
infoxlm_base,microsoft/infoxlm-base,7,nouns,151,0.8963242173194885
infoxlm_base,microsoft/infoxlm-base,7,nouns,152,0.9023181200027466
infoxlm_base,microsoft/infoxlm-base,7,nouns,153,0.8884701132774353
infoxlm_base,microsoft/infoxlm-base,7,nouns,154,0.8920012712478638
infoxlm_base,microsoft/infoxlm-base,7,nouns,155,0.8809154629707336
infoxlm_base,microsoft/infoxlm-base,7,nouns,156,0.884161651134491
infoxlm_base,microsoft/infoxlm-base,7,nouns,157,0.870301365852356
infoxlm_base,microsoft/infoxlm-base,7,nouns,158,0.9233863949775696
infoxlm_base,microsoft/infoxlm-base,7,nouns,159,0.9141935706138611
infoxlm_base,microsoft/infoxlm-base,7,nouns,160,0.8978133201599121
infoxlm_base,microsoft/infoxlm-base,7,nouns,161,0.8823842406272888
infoxlm_base,microsoft/infoxlm-base,7,nouns,162,0.8840120434761047
infoxlm_base,microsoft/infoxlm-base,7,nouns,163,0.8453863263130188
infoxlm_base,microsoft/infoxlm-base,7,nouns,164,0.8757520318031311
infoxlm_base,microsoft/infoxlm-base,7,nouns,165,0.8452180624008179
infoxlm_base,microsoft/infoxlm-base,7,nouns,166,0.8797165155410767
infoxlm_base,microsoft/infoxlm-base,7,nouns,167,0.8927468657493591
infoxlm_base,microsoft/infoxlm-base,7,nouns,168,0.8705266714096069
infoxlm_base,microsoft/infoxlm-base,7,nouns,169,0.8677784204483032
infoxlm_base,microsoft/infoxlm-base,7,nouns,170,0.9209475517272949
infoxlm_base,microsoft/infoxlm-base,7,nouns,171,0.9140479564666748
infoxlm_base,microsoft/infoxlm-base,7,nouns,172,0.9283650517463684
infoxlm_base,microsoft/infoxlm-base,7,nouns,173,0.9129209518432617
infoxlm_base,microsoft/infoxlm-base,7,nouns,174,0.8759796619415283
infoxlm_base,microsoft/infoxlm-base,7,nouns,175,0.9093671441078186
infoxlm_base,microsoft/infoxlm-base,7,nouns,176,0.8638753294944763
infoxlm_base,microsoft/infoxlm-base,7,nouns,177,0.8712261319160461
infoxlm_base,microsoft/infoxlm-base,7,nouns,178,0.8671886920928955
infoxlm_base,microsoft/infoxlm-base,7,nouns,179,0.9110267758369446
infoxlm_base,microsoft/infoxlm-base,7,nouns,180,0.8690927624702454
infoxlm_base,microsoft/infoxlm-base,7,nouns,181,0.8685546517372131
infoxlm_base,microsoft/infoxlm-base,7,nouns,182,0.9292329549789429
infoxlm_base,microsoft/infoxlm-base,7,nouns,183,0.9272764921188354
infoxlm_base,microsoft/infoxlm-base,7,nouns,184,0.8968329429626465
infoxlm_base,microsoft/infoxlm-base,7,nouns,185,0.9185869097709656
infoxlm_base,microsoft/infoxlm-base,7,nouns,186,0.8961247205734253
infoxlm_base,microsoft/infoxlm-base,7,nouns,187,0.8983098864555359
infoxlm_base,microsoft/infoxlm-base,7,nouns,188,0.9165250062942505
infoxlm_base,microsoft/infoxlm-base,7,nouns,189,0.9273884892463684
infoxlm_base,microsoft/infoxlm-base,7,nouns,190,0.9048442840576172
infoxlm_base,microsoft/infoxlm-base,7,nouns,191,0.8796423077583313
infoxlm_base,microsoft/infoxlm-base,7,nouns,192,0.8674007654190063
infoxlm_base,microsoft/infoxlm-base,7,nouns,193,0.9089813828468323
infoxlm_base,microsoft/infoxlm-base,7,nouns,194,0.8644302487373352
infoxlm_base,microsoft/infoxlm-base,7,nouns,195,0.8950155377388
infoxlm_base,microsoft/infoxlm-base,7,nouns,196,0.8911791443824768
infoxlm_base,microsoft/infoxlm-base,7,nouns,197,0.8682962656021118
infoxlm_base,microsoft/infoxlm-base,7,nouns,198,0.8881122469902039
infoxlm_base,microsoft/infoxlm-base,7,nouns,199,0.881342887878418
infoxlm_base,microsoft/infoxlm-base,7,nouns,200,0.9120728969573975
infoxlm_base,microsoft/infoxlm-base,7,nouns,201,0.8742979764938354
infoxlm_base,microsoft/infoxlm-base,7,nouns,202,0.900945782661438
infoxlm_base,microsoft/infoxlm-base,7,nouns,203,0.8883144855499268
infoxlm_base,microsoft/infoxlm-base,7,nouns,204,0.912661612033844
infoxlm_base,microsoft/infoxlm-base,7,nouns,205,0.8763503432273865
infoxlm_base,microsoft/infoxlm-base,7,nouns,206,0.8680897355079651
infoxlm_base,microsoft/infoxlm-base,7,nouns,207,0.8812699913978577
infoxlm_base,microsoft/infoxlm-base,7,nouns,208,0.8996026515960693
infoxlm_base,microsoft/infoxlm-base,7,nouns,209,0.8933511972427368
infoxlm_base,microsoft/infoxlm-base,7,nouns,210,0.905698299407959
infoxlm_base,microsoft/infoxlm-base,7,nouns,211,0.860785722732544
infoxlm_base,microsoft/infoxlm-base,7,nouns,212,0.8864059448242188
infoxlm_base,microsoft/infoxlm-base,7,nouns,213,0.8780733346939087
infoxlm_base,microsoft/infoxlm-base,7,nouns,214,0.873477041721344
infoxlm_base,microsoft/infoxlm-base,7,nouns,215,0.8920955657958984
infoxlm_base,microsoft/infoxlm-base,7,nouns,216,0.8993733525276184
infoxlm_base,microsoft/infoxlm-base,7,nouns,217,0.8952587246894836
infoxlm_base,microsoft/infoxlm-base,7,nouns,218,0.8941956758499146
infoxlm_base,microsoft/infoxlm-base,7,nouns,219,0.9132369756698608
infoxlm_base,microsoft/infoxlm-base,7,nouns,220,0.9079231023788452
infoxlm_base,microsoft/infoxlm-base,7,nouns,221,0.8784824013710022
infoxlm_base,microsoft/infoxlm-base,7,nouns,222,0.8990978002548218
infoxlm_base,microsoft/infoxlm-base,7,nouns,223,0.91695636510849
infoxlm_base,microsoft/infoxlm-base,7,nouns,224,0.9111699461936951
infoxlm_base,microsoft/infoxlm-base,7,nouns,225,0.8918499946594238
infoxlm_base,microsoft/infoxlm-base,7,nouns,226,0.8443642854690552
infoxlm_base,microsoft/infoxlm-base,7,nouns,227,0.8923211097717285
infoxlm_base,microsoft/infoxlm-base,7,nouns,228,0.8620489239692688
infoxlm_base,microsoft/infoxlm-base,7,nouns,229,0.9254429340362549
infoxlm_base,microsoft/infoxlm-base,7,nouns,230,0.8906955718994141
infoxlm_base,microsoft/infoxlm-base,7,nouns,231,0.8760854601860046
infoxlm_base,microsoft/infoxlm-base,7,nouns,232,0.8684544563293457
infoxlm_base,microsoft/infoxlm-base,7,nouns,233,0.8801265358924866
infoxlm_base,microsoft/infoxlm-base,7,nouns,234,0.8859444260597229
infoxlm_base,microsoft/infoxlm-base,7,nouns,235,0.9002508521080017
infoxlm_base,microsoft/infoxlm-base,7,nouns,236,0.9082082509994507
infoxlm_base,microsoft/infoxlm-base,7,nouns,237,0.9200645685195923
infoxlm_base,microsoft/infoxlm-base,7,nouns,238,0.9066694974899292
infoxlm_base,microsoft/infoxlm-base,7,nouns,239,0.8856834769248962
infoxlm_base,microsoft/infoxlm-base,7,nouns,240,0.8825455904006958
infoxlm_base,microsoft/infoxlm-base,7,nouns,241,0.8673803210258484
infoxlm_base,microsoft/infoxlm-base,7,nouns,242,0.8761389851570129
infoxlm_base,microsoft/infoxlm-base,7,nouns,243,0.8786932826042175
infoxlm_base,microsoft/infoxlm-base,7,nouns,244,0.9224525690078735
infoxlm_base,microsoft/infoxlm-base,7,nouns,245,0.8793575167655945
infoxlm_base,microsoft/infoxlm-base,7,nouns,246,0.8773560523986816
infoxlm_base,microsoft/infoxlm-base,7,nouns,247,0.8630967140197754
infoxlm_base,microsoft/infoxlm-base,7,nouns,248,0.8890680074691772
infoxlm_base,microsoft/infoxlm-base,7,nouns,249,0.8681159019470215
infoxlm_base,microsoft/infoxlm-base,7,nouns,250,0.8876698017120361
infoxlm_base,microsoft/infoxlm-base,7,nouns,251,0.9061200618743896
infoxlm_base,microsoft/infoxlm-base,7,nouns,252,0.8739739060401917
infoxlm_base,microsoft/infoxlm-base,7,nouns,253,0.9171056151390076
infoxlm_base,microsoft/infoxlm-base,7,nouns,254,0.8587645292282104
infoxlm_base,microsoft/infoxlm-base,7,nouns,255,0.9067280292510986
infoxlm_base,microsoft/infoxlm-base,7,nouns,256,0.8722008466720581
infoxlm_base,microsoft/infoxlm-base,7,nouns,257,0.8972892165184021
infoxlm_base,microsoft/infoxlm-base,7,nouns,258,0.895465612411499
infoxlm_base,microsoft/infoxlm-base,7,nouns,259,0.8746355772018433
infoxlm_base,microsoft/infoxlm-base,7,nouns,260,0.8981976509094238
infoxlm_base,microsoft/infoxlm-base,7,nouns,261,0.8851283192634583
infoxlm_base,microsoft/infoxlm-base,7,nouns,262,0.8986101746559143
infoxlm_base,microsoft/infoxlm-base,7,nouns,263,0.8885489702224731
infoxlm_base,microsoft/infoxlm-base,7,nouns,264,0.9078648090362549
infoxlm_base,microsoft/infoxlm-base,7,nouns,265,0.8795517086982727
infoxlm_base,microsoft/infoxlm-base,7,nouns,266,0.8810030817985535
infoxlm_base,microsoft/infoxlm-base,7,nouns,267,0.9013076424598694
infoxlm_base,microsoft/infoxlm-base,7,nouns,268,0.8785285949707031
infoxlm_base,microsoft/infoxlm-base,7,nouns,269,0.9071552753448486
infoxlm_base,microsoft/infoxlm-base,7,nouns,270,0.9278436303138733
infoxlm_base,microsoft/infoxlm-base,7,nouns,271,0.8819530010223389
infoxlm_base,microsoft/infoxlm-base,7,nouns,272,0.9136505126953125
infoxlm_base,microsoft/infoxlm-base,7,nouns,273,0.8683894872665405
infoxlm_base,microsoft/infoxlm-base,7,nouns,274,0.8798447251319885
infoxlm_base,microsoft/infoxlm-base,7,nouns,275,0.8867599964141846
infoxlm_base,microsoft/infoxlm-base,7,nouns,276,0.8810531497001648
infoxlm_base,microsoft/infoxlm-base,7,nouns,277,0.8904348015785217
infoxlm_base,microsoft/infoxlm-base,7,nouns,278,0.8918167948722839
infoxlm_base,microsoft/infoxlm-base,7,nouns,279,0.9077082276344299
infoxlm_base,microsoft/infoxlm-base,7,nouns,280,0.8955364227294922
infoxlm_base,microsoft/infoxlm-base,7,nouns,281,0.8714579343795776
infoxlm_base,microsoft/infoxlm-base,7,nouns,282,0.9041909575462341
infoxlm_base,microsoft/infoxlm-base,7,nouns,283,0.9411094188690186
infoxlm_base,microsoft/infoxlm-base,7,nouns,284,0.9330689907073975
infoxlm_base,microsoft/infoxlm-base,7,nouns,285,0.9186131954193115
infoxlm_base,microsoft/infoxlm-base,7,nouns,286,0.8707318305969238
infoxlm_base,microsoft/infoxlm-base,7,nouns,287,0.8653696775436401
infoxlm_base,microsoft/infoxlm-base,7,nouns,288,0.9020123481750488
infoxlm_base,microsoft/infoxlm-base,7,nouns,289,0.9145151376724243
infoxlm_base,microsoft/infoxlm-base,7,nouns,290,0.8676464557647705
infoxlm_base,microsoft/infoxlm-base,7,nouns,291,0.8861949443817139
infoxlm_base,microsoft/infoxlm-base,7,nouns,292,0.8998268842697144
infoxlm_base,microsoft/infoxlm-base,7,nouns,293,0.8650578856468201
infoxlm_base,microsoft/infoxlm-base,7,nouns,294,0.8876696228981018
infoxlm_base,microsoft/infoxlm-base,7,nouns,295,0.8635663390159607
infoxlm_base,microsoft/infoxlm-base,7,nouns,296,0.8946712613105774
infoxlm_base,microsoft/infoxlm-base,7,nouns,297,0.8575495481491089
infoxlm_base,microsoft/infoxlm-base,7,nouns,298,0.8999314308166504
infoxlm_base,microsoft/infoxlm-base,7,nouns,299,0.89051353931427
infoxlm_base,microsoft/infoxlm-base,7,nouns,300,0.8802148103713989
infoxlm_base,microsoft/infoxlm-base,7,nouns,301,0.8863516449928284
infoxlm_base,microsoft/infoxlm-base,7,nouns,302,0.8757935762405396
infoxlm_base,microsoft/infoxlm-base,7,nouns,303,0.8657082319259644
infoxlm_base,microsoft/infoxlm-base,7,nouns,304,0.9146987795829773
infoxlm_base,microsoft/infoxlm-base,7,nouns,305,0.8583082556724548
infoxlm_base,microsoft/infoxlm-base,7,nouns,306,0.8658747673034668
infoxlm_base,microsoft/infoxlm-base,7,nouns,307,0.882665753364563
infoxlm_base,microsoft/infoxlm-base,7,nouns,308,0.8878262639045715
infoxlm_base,microsoft/infoxlm-base,7,nouns,309,0.9122376441955566
infoxlm_base,microsoft/infoxlm-base,7,nouns,310,0.9166486859321594
infoxlm_base,microsoft/infoxlm-base,7,nouns,311,0.875135064125061
infoxlm_base,microsoft/infoxlm-base,7,nouns,312,0.8675521016120911
infoxlm_base,microsoft/infoxlm-base,7,nouns,313,0.8936062455177307
infoxlm_base,microsoft/infoxlm-base,7,nouns,314,0.904815673828125
infoxlm_base,microsoft/infoxlm-base,7,nouns,315,0.9020382165908813
infoxlm_base,microsoft/infoxlm-base,7,nouns,316,0.892524778842926
infoxlm_base,microsoft/infoxlm-base,7,nouns,317,0.8625252842903137
infoxlm_base,microsoft/infoxlm-base,7,nouns,318,0.8849139213562012
infoxlm_base,microsoft/infoxlm-base,7,nouns,319,0.9124182462692261
infoxlm_base,microsoft/infoxlm-base,7,nouns,320,0.8897246718406677
infoxlm_base,microsoft/infoxlm-base,7,nouns,321,0.8671371936798096
infoxlm_base,microsoft/infoxlm-base,7,nouns,322,0.888339102268219
infoxlm_base,microsoft/infoxlm-base,7,nouns,323,0.9259046316146851
infoxlm_base,microsoft/infoxlm-base,7,nouns,324,0.8910113573074341
infoxlm_base,microsoft/infoxlm-base,7,nouns,325,0.9227815866470337
infoxlm_base,microsoft/infoxlm-base,7,nouns,326,0.8878621459007263
infoxlm_base,microsoft/infoxlm-base,7,nouns,327,0.9009127616882324
infoxlm_base,microsoft/infoxlm-base,7,nouns,328,0.8650444746017456
infoxlm_base,microsoft/infoxlm-base,7,nouns,329,0.8357113599777222
infoxlm_base,microsoft/infoxlm-base,7,nouns,330,0.8906930685043335
infoxlm_base,microsoft/infoxlm-base,7,nouns,331,0.8475924730300903
infoxlm_base,microsoft/infoxlm-base,7,nouns,332,0.9085577726364136
infoxlm_base,microsoft/infoxlm-base,7,nouns,333,0.8822287917137146
infoxlm_base,microsoft/infoxlm-base,7,nouns,334,0.8472427129745483
infoxlm_base,microsoft/infoxlm-base,7,nouns,335,0.8891569375991821
infoxlm_base,microsoft/infoxlm-base,7,nouns,336,0.8757375478744507
infoxlm_base,microsoft/infoxlm-base,7,nouns,337,0.8880304098129272
infoxlm_base,microsoft/infoxlm-base,7,nouns,338,0.8578775525093079
infoxlm_base,microsoft/infoxlm-base,7,nouns,339,0.885066032409668
infoxlm_base,microsoft/infoxlm-base,7,nouns,340,0.8371707797050476
infoxlm_base,microsoft/infoxlm-base,7,nouns,341,0.9143263697624207
infoxlm_base,microsoft/infoxlm-base,7,nouns,342,0.9143434762954712
infoxlm_base,microsoft/infoxlm-base,7,nouns,343,0.9020113945007324
infoxlm_base,microsoft/infoxlm-base,7,nouns,344,0.9002666473388672
infoxlm_base,microsoft/infoxlm-base,7,nouns,345,0.9147201180458069
infoxlm_base,microsoft/infoxlm-base,7,nouns,346,0.9099446535110474
infoxlm_base,microsoft/infoxlm-base,7,nouns,347,0.8732420206069946
infoxlm_base,microsoft/infoxlm-base,7,nouns,348,0.9049362540245056
infoxlm_base,microsoft/infoxlm-base,7,nouns,349,0.9093162417411804
infoxlm_base,microsoft/infoxlm-base,7,nouns,350,0.8930280804634094
infoxlm_base,microsoft/infoxlm-base,7,nouns,351,0.8986902236938477
infoxlm_base,microsoft/infoxlm-base,7,nouns,352,0.9283338189125061
infoxlm_base,microsoft/infoxlm-base,7,nouns,353,0.8866453766822815
infoxlm_base,microsoft/infoxlm-base,7,nouns,354,0.878179669380188
infoxlm_base,microsoft/infoxlm-base,7,nouns,355,0.8922314643859863
infoxlm_base,microsoft/infoxlm-base,7,nouns,356,0.9355387091636658
infoxlm_base,microsoft/infoxlm-base,7,nouns,357,0.8325310945510864
infoxlm_base,microsoft/infoxlm-base,7,nouns,358,0.9049314260482788
infoxlm_base,microsoft/infoxlm-base,7,nouns,359,0.8881551027297974
infoxlm_base,microsoft/infoxlm-base,7,nouns,360,0.8820531368255615
infoxlm_base,microsoft/infoxlm-base,7,nouns,361,0.887177586555481
infoxlm_base,microsoft/infoxlm-base,7,nouns,362,0.8891715407371521
infoxlm_base,microsoft/infoxlm-base,7,nouns,363,0.9190447330474854
infoxlm_base,microsoft/infoxlm-base,7,nouns,364,0.8820031881332397
infoxlm_base,microsoft/infoxlm-base,7,nouns,365,0.895601212978363
infoxlm_base,microsoft/infoxlm-base,7,nouns,366,0.885298490524292
infoxlm_base,microsoft/infoxlm-base,7,nouns,367,0.8902601003646851
infoxlm_base,microsoft/infoxlm-base,7,nouns,368,0.9066499471664429
infoxlm_base,microsoft/infoxlm-base,7,nouns,369,0.8885181546211243
infoxlm_base,microsoft/infoxlm-base,7,nouns,370,0.9074006676673889
infoxlm_base,microsoft/infoxlm-base,7,nouns,371,0.8686104416847229
infoxlm_base,microsoft/infoxlm-base,7,nouns,372,0.8780865669250488
infoxlm_base,microsoft/infoxlm-base,7,nouns,373,0.9006209373474121
infoxlm_base,microsoft/infoxlm-base,7,nouns,374,0.8919816613197327
infoxlm_base,microsoft/infoxlm-base,7,nouns,375,0.8939003944396973
infoxlm_base,microsoft/infoxlm-base,7,nouns,376,0.8979984521865845
infoxlm_base,microsoft/infoxlm-base,7,nouns,377,0.9182627201080322
infoxlm_base,microsoft/infoxlm-base,7,nouns,378,0.9082962870597839
infoxlm_base,microsoft/infoxlm-base,7,nouns,379,0.871444046497345
infoxlm_base,microsoft/infoxlm-base,7,nouns,380,0.8814713954925537
infoxlm_base,microsoft/infoxlm-base,7,nouns,381,0.92315673828125
infoxlm_base,microsoft/infoxlm-base,7,nouns,382,0.8968709707260132
infoxlm_base,microsoft/infoxlm-base,7,nouns,383,0.9019927978515625
infoxlm_base,microsoft/infoxlm-base,7,nouns,384,0.882392168045044
infoxlm_base,microsoft/infoxlm-base,7,nouns,385,0.8741906881332397
infoxlm_base,microsoft/infoxlm-base,7,nouns,386,0.865162193775177
infoxlm_base,microsoft/infoxlm-base,7,nouns,387,0.9031485319137573
infoxlm_base,microsoft/infoxlm-base,7,nouns,388,0.8888598680496216
infoxlm_base,microsoft/infoxlm-base,7,nouns,389,0.8906305432319641
infoxlm_base,microsoft/infoxlm-base,7,nouns,390,0.8733274936676025
infoxlm_base,microsoft/infoxlm-base,7,nouns,391,0.8934564590454102
infoxlm_base,microsoft/infoxlm-base,7,nouns,392,0.9171226620674133
infoxlm_base,microsoft/infoxlm-base,7,nouns,393,0.8954058885574341
infoxlm_base,microsoft/infoxlm-base,7,nouns,394,0.876569926738739
infoxlm_base,microsoft/infoxlm-base,7,nouns,395,0.8700574636459351
infoxlm_base,microsoft/infoxlm-base,7,nouns,396,0.8790262341499329
infoxlm_base,microsoft/infoxlm-base,7,nouns,397,0.8991883993148804
infoxlm_base,microsoft/infoxlm-base,7,nouns,398,0.9119654893875122
infoxlm_base,microsoft/infoxlm-base,7,nouns,399,0.8842995166778564
infoxlm_base,microsoft/infoxlm-base,7,nouns,400,0.8605554103851318
infoxlm_base,microsoft/infoxlm-base,7,nouns,401,0.916657567024231
infoxlm_base,microsoft/infoxlm-base,7,nouns,402,0.8832499980926514
infoxlm_base,microsoft/infoxlm-base,7,nouns,403,0.8755218982696533
infoxlm_base,microsoft/infoxlm-base,7,nouns,404,0.8835016489028931
infoxlm_base,microsoft/infoxlm-base,7,nouns,405,0.9075833559036255
infoxlm_base,microsoft/infoxlm-base,7,nouns,406,0.9195703864097595
infoxlm_base,microsoft/infoxlm-base,7,nouns,407,0.8750690221786499
infoxlm_base,microsoft/infoxlm-base,7,nouns,408,0.8697587847709656
infoxlm_base,microsoft/infoxlm-base,7,nouns,409,0.8832435011863708
infoxlm_base,microsoft/infoxlm-base,7,nouns,410,0.9121583104133606
infoxlm_base,microsoft/infoxlm-base,7,nouns,411,0.8906415700912476
infoxlm_base,microsoft/infoxlm-base,7,nouns,412,0.8848581910133362
infoxlm_base,microsoft/infoxlm-base,7,nouns,413,0.882155179977417
infoxlm_base,microsoft/infoxlm-base,7,nouns,414,0.8708198666572571
infoxlm_base,microsoft/infoxlm-base,7,nouns,415,0.890557587146759
infoxlm_base,microsoft/infoxlm-base,7,nouns,416,0.8827733397483826
infoxlm_base,microsoft/infoxlm-base,7,nouns,417,0.906613290309906
infoxlm_base,microsoft/infoxlm-base,7,nouns,418,0.8908888101577759
infoxlm_base,microsoft/infoxlm-base,7,nouns,419,0.9085738658905029
infoxlm_base,microsoft/infoxlm-base,7,nouns,420,0.9045230150222778
infoxlm_base,microsoft/infoxlm-base,7,nouns,421,0.8747283220291138
infoxlm_base,microsoft/infoxlm-base,7,nouns,422,0.8852326273918152
infoxlm_base,microsoft/infoxlm-base,7,nouns,423,0.8981959819793701
infoxlm_base,microsoft/infoxlm-base,7,nouns,424,0.9045969843864441
infoxlm_base,microsoft/infoxlm-base,7,nouns,425,0.8764543533325195
infoxlm_base,microsoft/infoxlm-base,7,nouns,426,0.8996865749359131
infoxlm_base,microsoft/infoxlm-base,7,nouns,427,0.9023261666297913
infoxlm_base,microsoft/infoxlm-base,7,nouns,428,0.8920003771781921
infoxlm_base,microsoft/infoxlm-base,7,nouns,429,0.8960015177726746
infoxlm_base,microsoft/infoxlm-base,7,nouns,430,0.9192418456077576
infoxlm_base,microsoft/infoxlm-base,7,nouns,431,0.895334005355835
infoxlm_base,microsoft/infoxlm-base,7,nouns,432,0.9238929152488708
infoxlm_base,microsoft/infoxlm-base,7,nouns,433,0.8901689052581787
infoxlm_base,microsoft/infoxlm-base,7,nouns,434,0.8839865922927856
infoxlm_base,microsoft/infoxlm-base,7,nouns,435,0.896501898765564
infoxlm_base,microsoft/infoxlm-base,7,nouns,436,0.8711341619491577
infoxlm_base,microsoft/infoxlm-base,7,nouns,437,0.8906360268592834
infoxlm_base,microsoft/infoxlm-base,7,nouns,438,0.8975696563720703
infoxlm_base,microsoft/infoxlm-base,7,nouns,439,0.897147536277771
infoxlm_base,microsoft/infoxlm-base,7,nouns,440,0.9021952748298645
infoxlm_base,microsoft/infoxlm-base,7,nouns,441,0.8970071077346802
infoxlm_base,microsoft/infoxlm-base,7,nouns,442,0.9071275591850281
infoxlm_base,microsoft/infoxlm-base,7,nouns,443,0.8706012964248657
infoxlm_base,microsoft/infoxlm-base,7,nouns,444,0.8789158463478088
infoxlm_base,microsoft/infoxlm-base,7,nouns,445,0.9056338667869568
infoxlm_base,microsoft/infoxlm-base,7,nouns,446,0.879408597946167
infoxlm_base,microsoft/infoxlm-base,7,nouns,447,0.8998540639877319
infoxlm_base,microsoft/infoxlm-base,7,nouns,448,0.8660866022109985
infoxlm_base,microsoft/infoxlm-base,7,nouns,449,0.8916111588478088
infoxlm_base,microsoft/infoxlm-base,7,nouns,450,0.8978997468948364
infoxlm_base,microsoft/infoxlm-base,7,nouns,451,0.9005743265151978
infoxlm_base,microsoft/infoxlm-base,7,nouns,452,0.8538323044776917
infoxlm_base,microsoft/infoxlm-base,7,nouns,453,0.9039920568466187
infoxlm_base,microsoft/infoxlm-base,7,nouns,454,0.8978984355926514
infoxlm_base,microsoft/infoxlm-base,7,nouns,455,0.8757249712944031
infoxlm_base,microsoft/infoxlm-base,7,nouns,456,0.8989951014518738
infoxlm_base,microsoft/infoxlm-base,7,nouns,457,0.8702927827835083
infoxlm_base,microsoft/infoxlm-base,7,nouns,458,0.9025815725326538
infoxlm_base,microsoft/infoxlm-base,7,nouns,459,0.9052969217300415
infoxlm_base,microsoft/infoxlm-base,7,nouns,460,0.8864527344703674
infoxlm_base,microsoft/infoxlm-base,7,nouns,461,0.876990795135498
infoxlm_base,microsoft/infoxlm-base,7,nouns,462,0.8875075578689575
infoxlm_base,microsoft/infoxlm-base,7,nouns,463,0.9160585999488831
infoxlm_base,microsoft/infoxlm-base,7,nouns,464,0.9293961524963379
infoxlm_base,microsoft/infoxlm-base,7,nouns,465,0.8523187041282654
infoxlm_base,microsoft/infoxlm-base,7,nouns,466,0.8581574559211731
infoxlm_base,microsoft/infoxlm-base,7,nouns,467,0.9049550294876099
infoxlm_base,microsoft/infoxlm-base,7,nouns,468,0.8955241441726685
infoxlm_base,microsoft/infoxlm-base,7,nouns,469,0.9118719100952148
infoxlm_base,microsoft/infoxlm-base,7,nouns,470,0.8571288585662842
infoxlm_base,microsoft/infoxlm-base,7,nouns,471,0.9123152494430542
infoxlm_base,microsoft/infoxlm-base,7,nouns,472,0.8411718606948853
infoxlm_base,microsoft/infoxlm-base,7,nouns,473,0.8826712965965271
infoxlm_base,microsoft/infoxlm-base,7,nouns,474,0.8832990527153015
infoxlm_base,microsoft/infoxlm-base,7,nouns,475,0.8972815275192261
infoxlm_base,microsoft/infoxlm-base,7,nouns,476,0.8865094184875488
infoxlm_base,microsoft/infoxlm-base,7,nouns,477,0.885092556476593
infoxlm_base,microsoft/infoxlm-base,7,nouns,478,0.9096868634223938
infoxlm_base,microsoft/infoxlm-base,7,nouns,479,0.8984999656677246
infoxlm_base,microsoft/infoxlm-base,7,nouns,480,0.9428699016571045
infoxlm_base,microsoft/infoxlm-base,7,nouns,481,0.8720012903213501
infoxlm_base,microsoft/infoxlm-base,7,nouns,482,0.903809130191803
infoxlm_base,microsoft/infoxlm-base,7,nouns,483,0.8775944709777832
infoxlm_base,microsoft/infoxlm-base,7,nouns,484,0.9144617915153503
infoxlm_base,microsoft/infoxlm-base,7,nouns,485,0.8697585463523865
infoxlm_base,microsoft/infoxlm-base,7,nouns,486,0.8930072784423828
infoxlm_base,microsoft/infoxlm-base,7,nouns,487,0.8975231051445007
infoxlm_base,microsoft/infoxlm-base,7,nouns,488,0.9063813090324402
infoxlm_base,microsoft/infoxlm-base,7,nouns,489,0.8725493550300598
infoxlm_base,microsoft/infoxlm-base,7,nouns,490,0.894219160079956
infoxlm_base,microsoft/infoxlm-base,7,nouns,491,0.9091302156448364
infoxlm_base,microsoft/infoxlm-base,7,nouns,492,0.9167512655258179
infoxlm_base,microsoft/infoxlm-base,7,nouns,493,0.9309378862380981
infoxlm_base,microsoft/infoxlm-base,7,nouns,494,0.9246184229850769
infoxlm_base,microsoft/infoxlm-base,7,nouns,495,0.901713490486145
infoxlm_base,microsoft/infoxlm-base,7,nouns,496,0.9080281257629395
infoxlm_base,microsoft/infoxlm-base,7,nouns,497,0.8499112129211426
infoxlm_base,microsoft/infoxlm-base,7,nouns,498,0.9333908557891846
infoxlm_base,microsoft/infoxlm-base,7,nouns,499,0.9027673602104187
infoxlm_base,microsoft/infoxlm-base,7,nouns,500,0.8842300176620483
infoxlm_base,microsoft/infoxlm-base,7,nouns,501,0.8851038813591003
infoxlm_base,microsoft/infoxlm-base,7,nouns,502,0.8791598081588745
infoxlm_base,microsoft/infoxlm-base,7,nouns,503,0.8780511617660522
infoxlm_base,microsoft/infoxlm-base,7,nouns,504,0.8712178468704224
infoxlm_base,microsoft/infoxlm-base,7,nouns,505,0.8937333226203918
infoxlm_base,microsoft/infoxlm-base,7,nouns,506,0.875440776348114
infoxlm_base,microsoft/infoxlm-base,7,nouns,507,0.8848674297332764
infoxlm_base,microsoft/infoxlm-base,7,nouns,508,0.8806672096252441
infoxlm_base,microsoft/infoxlm-base,7,nouns,509,0.8792307376861572
infoxlm_base,microsoft/infoxlm-base,7,nouns,510,0.8942010998725891
infoxlm_base,microsoft/infoxlm-base,7,nouns,511,0.8966057300567627
infoxlm_base,microsoft/infoxlm-base,7,nouns,512,0.8836355209350586
infoxlm_base,microsoft/infoxlm-base,7,nouns,513,0.8737941980361938
infoxlm_base,microsoft/infoxlm-base,7,nouns,514,0.9052982330322266
infoxlm_base,microsoft/infoxlm-base,7,nouns,515,0.9049839973449707
infoxlm_base,microsoft/infoxlm-base,7,nouns,516,0.8763992190361023
infoxlm_base,microsoft/infoxlm-base,7,nouns,517,0.9153436422348022
infoxlm_base,microsoft/infoxlm-base,7,nouns,518,0.9068872928619385
infoxlm_base,microsoft/infoxlm-base,7,nouns,519,0.8587833642959595
infoxlm_base,microsoft/infoxlm-base,7,nouns,520,0.9102456569671631
infoxlm_base,microsoft/infoxlm-base,7,nouns,521,0.8934049606323242
infoxlm_base,microsoft/infoxlm-base,7,nouns,522,0.914849579334259
infoxlm_base,microsoft/infoxlm-base,7,nouns,523,0.9087469577789307
infoxlm_base,microsoft/infoxlm-base,7,nouns,524,0.8890454173088074
infoxlm_base,microsoft/infoxlm-base,7,nouns,525,0.895999014377594
infoxlm_base,microsoft/infoxlm-base,7,nouns,526,0.8978410363197327
infoxlm_base,microsoft/infoxlm-base,7,nouns,527,0.8696686625480652
infoxlm_base,microsoft/infoxlm-base,7,nouns,528,0.8945270776748657
infoxlm_base,microsoft/infoxlm-base,7,nouns,529,0.8997520208358765
infoxlm_base,microsoft/infoxlm-base,7,nouns,530,0.9191163778305054
infoxlm_base,microsoft/infoxlm-base,7,nouns,531,0.9134427309036255
infoxlm_base,microsoft/infoxlm-base,7,nouns,532,0.9050279259681702
infoxlm_base,microsoft/infoxlm-base,7,nouns,533,0.8847180008888245
infoxlm_base,microsoft/infoxlm-base,7,nouns,534,0.9076999425888062
infoxlm_base,microsoft/infoxlm-base,7,nouns,535,0.9306069016456604
infoxlm_base,microsoft/infoxlm-base,7,nouns,536,0.9220578670501709
infoxlm_base,microsoft/infoxlm-base,7,nouns,537,0.8929518461227417
infoxlm_base,microsoft/infoxlm-base,7,nouns,538,0.8801941871643066
infoxlm_base,microsoft/infoxlm-base,7,nouns,539,0.8974255323410034
infoxlm_base,microsoft/infoxlm-base,7,nouns,540,0.8794495463371277
infoxlm_base,microsoft/infoxlm-base,7,nouns,541,0.8994624614715576
infoxlm_base,microsoft/infoxlm-base,7,nouns,542,0.873056173324585
infoxlm_base,microsoft/infoxlm-base,7,nouns,543,0.9080550670623779
infoxlm_base,microsoft/infoxlm-base,7,nouns,544,0.9002783894538879
infoxlm_base,microsoft/infoxlm-base,7,nouns,545,0.9196328520774841
infoxlm_base,microsoft/infoxlm-base,7,nouns,546,0.9254879951477051
infoxlm_base,microsoft/infoxlm-base,7,nouns,547,0.8538731336593628
infoxlm_base,microsoft/infoxlm-base,7,nouns,548,0.8651283383369446
infoxlm_base,microsoft/infoxlm-base,7,nouns,549,0.8637757301330566
infoxlm_base,microsoft/infoxlm-base,7,nouns,550,0.904694676399231
infoxlm_base,microsoft/infoxlm-base,7,nouns,551,0.8530014753341675
infoxlm_base,microsoft/infoxlm-base,7,nouns,552,0.8548982739448547
infoxlm_base,microsoft/infoxlm-base,7,nouns,553,0.8717241287231445
infoxlm_base,microsoft/infoxlm-base,7,nouns,554,0.9095026850700378
infoxlm_base,microsoft/infoxlm-base,7,nouns,555,0.8760613799095154
infoxlm_base,microsoft/infoxlm-base,7,nouns,556,0.8517611622810364
infoxlm_base,microsoft/infoxlm-base,7,nouns,557,0.8986222743988037
infoxlm_base,microsoft/infoxlm-base,7,nouns,558,0.8679828643798828
infoxlm_base,microsoft/infoxlm-base,7,nouns,559,0.9025062918663025
infoxlm_base,microsoft/infoxlm-base,7,nouns,560,0.9034953713417053
infoxlm_base,microsoft/infoxlm-base,7,nouns,561,0.8661483526229858
infoxlm_base,microsoft/infoxlm-base,7,nouns,562,0.9115229249000549
infoxlm_base,microsoft/infoxlm-base,7,nouns,563,0.8929717540740967
infoxlm_base,microsoft/infoxlm-base,7,nouns,564,0.8775501251220703
infoxlm_base,microsoft/infoxlm-base,7,nouns,565,0.859088122844696
infoxlm_base,microsoft/infoxlm-base,7,nouns,566,0.8677294850349426
infoxlm_base,microsoft/infoxlm-base,7,nouns,567,0.8873813152313232
infoxlm_base,microsoft/infoxlm-base,7,nouns,568,0.8517712354660034
infoxlm_base,microsoft/infoxlm-base,7,nouns,569,0.8541212677955627
infoxlm_base,microsoft/infoxlm-base,7,nouns,570,0.8357193470001221
infoxlm_base,microsoft/infoxlm-base,7,nouns,571,0.9271138310432434
infoxlm_base,microsoft/infoxlm-base,7,nouns,572,0.9175304770469666
infoxlm_base,microsoft/infoxlm-base,7,nouns,573,0.8841309547424316
infoxlm_base,microsoft/infoxlm-base,7,nouns,574,0.9012877941131592
infoxlm_base,microsoft/infoxlm-base,7,nouns,575,0.8850259780883789
infoxlm_base,microsoft/infoxlm-base,7,nouns,576,0.8879844546318054
infoxlm_base,microsoft/infoxlm-base,7,nouns,577,0.9150646924972534
infoxlm_base,microsoft/infoxlm-base,7,nouns,578,0.9130101799964905
infoxlm_base,microsoft/infoxlm-base,7,nouns,579,0.8657561540603638
infoxlm_base,microsoft/infoxlm-base,7,nouns,580,0.901980459690094
infoxlm_base,microsoft/infoxlm-base,7,nouns,581,0.9027877449989319
infoxlm_base,microsoft/infoxlm-base,7,nouns,582,0.9099164605140686
infoxlm_base,microsoft/infoxlm-base,7,nouns,583,0.8866677284240723
infoxlm_base,microsoft/infoxlm-base,7,nouns,584,0.8971201777458191
infoxlm_base,microsoft/infoxlm-base,7,nouns,585,0.9114708304405212
infoxlm_base,microsoft/infoxlm-base,7,nouns,586,0.900412917137146
infoxlm_base,microsoft/infoxlm-base,7,nouns,587,0.8914589285850525
infoxlm_base,microsoft/infoxlm-base,7,nouns,588,0.9116871356964111
infoxlm_base,microsoft/infoxlm-base,7,nouns,589,0.8934445977210999
infoxlm_base,microsoft/infoxlm-base,7,nouns,590,0.9027864933013916
infoxlm_base,microsoft/infoxlm-base,7,nouns,591,0.8768744468688965
infoxlm_base,microsoft/infoxlm-base,7,nouns,592,0.8860169649124146
infoxlm_base,microsoft/infoxlm-base,7,nouns,593,0.9120714068412781
infoxlm_base,microsoft/infoxlm-base,7,nouns,594,0.8915355205535889
infoxlm_base,microsoft/infoxlm-base,7,nouns,595,0.8982782363891602
infoxlm_base,microsoft/infoxlm-base,7,nouns,596,0.8915203213691711
infoxlm_base,microsoft/infoxlm-base,7,nouns,597,0.9052643775939941
infoxlm_base,microsoft/infoxlm-base,7,nouns,598,0.9043864011764526
infoxlm_base,microsoft/infoxlm-base,7,nouns,599,0.9139442443847656
infoxlm_base,microsoft/infoxlm-base,7,nouns,600,0.906937837600708
infoxlm_base,microsoft/infoxlm-base,7,nouns,601,0.9017428159713745
infoxlm_base,microsoft/infoxlm-base,7,nouns,602,0.8861254453659058
infoxlm_base,microsoft/infoxlm-base,7,nouns,603,0.8921817541122437
infoxlm_base,microsoft/infoxlm-base,7,nouns,604,0.8990605473518372
infoxlm_base,microsoft/infoxlm-base,7,nouns,605,0.9297448992729187
infoxlm_base,microsoft/infoxlm-base,7,nouns,606,0.9007094502449036
infoxlm_base,microsoft/infoxlm-base,7,nouns,607,0.9196643829345703
infoxlm_base,microsoft/infoxlm-base,7,nouns,608,0.8788086175918579
infoxlm_base,microsoft/infoxlm-base,7,nouns,609,0.8876999616622925
infoxlm_base,microsoft/infoxlm-base,7,nouns,610,0.9004555940628052
infoxlm_base,microsoft/infoxlm-base,7,nouns,611,0.8871945142745972
infoxlm_base,microsoft/infoxlm-base,7,nouns,612,0.8786523342132568
infoxlm_base,microsoft/infoxlm-base,7,nouns,613,0.8801328539848328
infoxlm_base,microsoft/infoxlm-base,7,nouns,614,0.9011608362197876
infoxlm_base,microsoft/infoxlm-base,7,nouns,615,0.9046068787574768
infoxlm_base,microsoft/infoxlm-base,7,nouns,616,0.9311702251434326
infoxlm_base,microsoft/infoxlm-base,7,nouns,617,0.8926074504852295
infoxlm_base,microsoft/infoxlm-base,7,nouns,618,0.8821869492530823
infoxlm_base,microsoft/infoxlm-base,7,nouns,619,0.9096686244010925
infoxlm_base,microsoft/infoxlm-base,7,nouns,620,0.9021446704864502
infoxlm_base,microsoft/infoxlm-base,7,nouns,621,0.8823680877685547
infoxlm_base,microsoft/infoxlm-base,7,nouns,622,0.8622990846633911
infoxlm_base,microsoft/infoxlm-base,7,nouns,623,0.8710248470306396
infoxlm_base,microsoft/infoxlm-base,7,nouns,624,0.8981015086174011
infoxlm_base,microsoft/infoxlm-base,7,nouns,625,0.9206598997116089
infoxlm_base,microsoft/infoxlm-base,7,nouns,626,0.8904765844345093
infoxlm_base,microsoft/infoxlm-base,7,verbs,0,0.8828155994415283
infoxlm_base,microsoft/infoxlm-base,7,verbs,1,0.867301344871521
infoxlm_base,microsoft/infoxlm-base,7,verbs,2,0.871796190738678
infoxlm_base,microsoft/infoxlm-base,7,verbs,3,0.8621883988380432
infoxlm_base,microsoft/infoxlm-base,7,verbs,4,0.8339866399765015
infoxlm_base,microsoft/infoxlm-base,7,verbs,5,0.8156598210334778
infoxlm_base,microsoft/infoxlm-base,7,verbs,6,0.8292798399925232
infoxlm_base,microsoft/infoxlm-base,7,verbs,7,0.792401134967804
infoxlm_base,microsoft/infoxlm-base,7,verbs,8,0.8453951478004456
infoxlm_base,microsoft/infoxlm-base,7,verbs,9,0.8187695145606995
infoxlm_base,microsoft/infoxlm-base,7,verbs,10,0.8207190036773682
infoxlm_base,microsoft/infoxlm-base,7,verbs,11,0.8733385801315308
infoxlm_base,microsoft/infoxlm-base,7,verbs,12,0.8213762640953064
infoxlm_base,microsoft/infoxlm-base,7,verbs,13,0.8318301439285278
infoxlm_base,microsoft/infoxlm-base,7,verbs,14,0.7709279656410217
infoxlm_base,microsoft/infoxlm-base,7,verbs,15,0.8407114744186401
infoxlm_base,microsoft/infoxlm-base,7,verbs,16,0.8287734985351562
infoxlm_base,microsoft/infoxlm-base,7,verbs,17,0.8446528315544128
infoxlm_base,microsoft/infoxlm-base,7,verbs,18,0.8485586643218994
infoxlm_base,microsoft/infoxlm-base,7,verbs,19,0.7722963094711304
infoxlm_base,microsoft/infoxlm-base,7,verbs,20,0.7767444849014282
infoxlm_base,microsoft/infoxlm-base,7,verbs,21,0.8882610201835632
infoxlm_base,microsoft/infoxlm-base,7,verbs,22,0.845081627368927
infoxlm_base,microsoft/infoxlm-base,7,verbs,23,0.7749788761138916
infoxlm_base,microsoft/infoxlm-base,7,verbs,24,0.8245314359664917
infoxlm_base,microsoft/infoxlm-base,7,verbs,25,0.8392924666404724
infoxlm_base,microsoft/infoxlm-base,7,verbs,26,0.8596681952476501
infoxlm_base,microsoft/infoxlm-base,7,verbs,27,0.8217998147010803
infoxlm_base,microsoft/infoxlm-base,7,verbs,28,0.8155107498168945
infoxlm_base,microsoft/infoxlm-base,7,verbs,29,0.8770341873168945
infoxlm_base,microsoft/infoxlm-base,7,verbs,30,0.836941123008728
infoxlm_base,microsoft/infoxlm-base,7,verbs,31,0.7459644675254822
infoxlm_base,microsoft/infoxlm-base,7,verbs,32,0.8399107456207275
infoxlm_base,microsoft/infoxlm-base,7,verbs,33,0.8310705423355103
infoxlm_base,microsoft/infoxlm-base,7,verbs,34,0.8921756148338318
infoxlm_base,microsoft/infoxlm-base,7,verbs,35,0.8260026574134827
infoxlm_base,microsoft/infoxlm-base,7,verbs,36,0.8372040390968323
infoxlm_base,microsoft/infoxlm-base,7,verbs,37,0.7603530287742615
infoxlm_base,microsoft/infoxlm-base,7,verbs,38,0.8464558124542236
infoxlm_base,microsoft/infoxlm-base,7,verbs,39,0.8084462285041809
infoxlm_base,microsoft/infoxlm-base,7,verbs,40,0.8265362977981567
infoxlm_base,microsoft/infoxlm-base,7,verbs,41,0.8941841125488281
infoxlm_base,microsoft/infoxlm-base,7,verbs,42,0.8367804288864136
infoxlm_base,microsoft/infoxlm-base,7,verbs,43,0.859731912612915
infoxlm_base,microsoft/infoxlm-base,7,verbs,44,0.8208966255187988
infoxlm_base,microsoft/infoxlm-base,7,verbs,45,0.8331061005592346
infoxlm_base,microsoft/infoxlm-base,7,verbs,46,0.8592194318771362
infoxlm_base,microsoft/infoxlm-base,7,verbs,47,0.8495014309883118
infoxlm_base,microsoft/infoxlm-base,7,verbs,48,0.8584301471710205
infoxlm_base,microsoft/infoxlm-base,7,verbs,49,0.8377069234848022
infoxlm_base,microsoft/infoxlm-base,7,verbs,50,0.8273348808288574
infoxlm_base,microsoft/infoxlm-base,7,verbs,51,0.8274451494216919
infoxlm_base,microsoft/infoxlm-base,7,verbs,52,0.8428876399993896
infoxlm_base,microsoft/infoxlm-base,7,verbs,53,0.8394561409950256
infoxlm_base,microsoft/infoxlm-base,7,verbs,54,0.7796809673309326
infoxlm_base,microsoft/infoxlm-base,7,verbs,55,0.8579162955284119
infoxlm_base,microsoft/infoxlm-base,7,verbs,56,0.8381019234657288
infoxlm_base,microsoft/infoxlm-base,7,verbs,57,0.8800684213638306
infoxlm_base,microsoft/infoxlm-base,7,verbs,58,0.868057370185852
infoxlm_base,microsoft/infoxlm-base,7,verbs,59,0.814242959022522
infoxlm_base,microsoft/infoxlm-base,7,verbs,60,0.8569000959396362
infoxlm_base,microsoft/infoxlm-base,7,verbs,61,0.8272765874862671
infoxlm_base,microsoft/infoxlm-base,7,verbs,62,0.8719596266746521
infoxlm_base,microsoft/infoxlm-base,7,verbs,63,0.8381638526916504
infoxlm_base,microsoft/infoxlm-base,7,verbs,64,0.8516266345977783
infoxlm_base,microsoft/infoxlm-base,7,verbs,65,0.8934560418128967
infoxlm_base,microsoft/infoxlm-base,7,verbs,66,0.8512074947357178
infoxlm_base,microsoft/infoxlm-base,7,verbs,67,0.7574253082275391
infoxlm_base,microsoft/infoxlm-base,7,verbs,68,0.7634633779525757
infoxlm_base,microsoft/infoxlm-base,7,verbs,69,0.8688488006591797
infoxlm_base,microsoft/infoxlm-base,7,verbs,70,0.7995408773422241
infoxlm_base,microsoft/infoxlm-base,7,verbs,71,0.8782042264938354
infoxlm_base,microsoft/infoxlm-base,7,verbs,72,0.8190000057220459
infoxlm_base,microsoft/infoxlm-base,7,verbs,73,0.8620326519012451
infoxlm_base,microsoft/infoxlm-base,7,verbs,74,0.7786885499954224
infoxlm_base,microsoft/infoxlm-base,7,verbs,75,0.8469553589820862
infoxlm_base,microsoft/infoxlm-base,7,verbs,76,0.8534311652183533
infoxlm_base,microsoft/infoxlm-base,7,verbs,77,0.8866481184959412
infoxlm_base,microsoft/infoxlm-base,7,verbs,78,0.8467768430709839
infoxlm_base,microsoft/infoxlm-base,7,verbs,79,0.8472771644592285
infoxlm_base,microsoft/infoxlm-base,7,verbs,80,0.87020343542099
infoxlm_base,microsoft/infoxlm-base,7,verbs,81,0.8307992815971375
infoxlm_base,microsoft/infoxlm-base,7,verbs,82,0.8260195851325989
infoxlm_base,microsoft/infoxlm-base,7,verbs,83,0.7955584526062012
infoxlm_base,microsoft/infoxlm-base,7,verbs,84,0.8618544340133667
infoxlm_base,microsoft/infoxlm-base,7,verbs,85,0.8639478087425232
infoxlm_base,microsoft/infoxlm-base,7,verbs,86,0.817601203918457
infoxlm_base,microsoft/infoxlm-base,7,verbs,87,0.8195668458938599
infoxlm_base,microsoft/infoxlm-base,7,verbs,88,0.8730549812316895
infoxlm_base,microsoft/infoxlm-base,7,verbs,89,0.840523898601532
infoxlm_base,microsoft/infoxlm-base,7,verbs,90,0.8229522705078125
infoxlm_base,microsoft/infoxlm-base,7,verbs,91,0.8385721445083618
infoxlm_base,microsoft/infoxlm-base,7,verbs,92,0.8202754855155945
infoxlm_base,microsoft/infoxlm-base,7,verbs,93,0.7624693512916565
infoxlm_base,microsoft/infoxlm-base,7,verbs,94,0.7837854027748108
infoxlm_base,microsoft/infoxlm-base,7,verbs,95,0.7975054383277893
infoxlm_base,microsoft/infoxlm-base,7,verbs,96,0.7755183577537537
infoxlm_base,microsoft/infoxlm-base,7,verbs,97,0.7737359404563904
infoxlm_base,microsoft/infoxlm-base,7,verbs,98,0.7753033638000488
infoxlm_base,microsoft/infoxlm-base,7,verbs,99,0.828271746635437
infoxlm_base,microsoft/infoxlm-base,7,verbs,100,0.8017951250076294
infoxlm_base,microsoft/infoxlm-base,7,verbs,101,0.8941864371299744
infoxlm_base,microsoft/infoxlm-base,7,verbs,102,0.8671528100967407
infoxlm_base,microsoft/infoxlm-base,7,verbs,103,0.8422604203224182
infoxlm_base,microsoft/infoxlm-base,7,verbs,104,0.8800632357597351
infoxlm_base,microsoft/infoxlm-base,7,verbs,105,0.7623498439788818
infoxlm_base,microsoft/infoxlm-base,7,verbs,106,0.8673743605613708
infoxlm_base,microsoft/infoxlm-base,7,verbs,107,0.8775087594985962
infoxlm_base,microsoft/infoxlm-base,7,verbs,108,0.8331769704818726
infoxlm_base,microsoft/infoxlm-base,7,verbs,109,0.8087301254272461
infoxlm_base,microsoft/infoxlm-base,7,verbs,110,0.8774964213371277
infoxlm_base,microsoft/infoxlm-base,7,verbs,111,0.8220576047897339
infoxlm_base,microsoft/infoxlm-base,7,verbs,112,0.8307046890258789
infoxlm_base,microsoft/infoxlm-base,7,verbs,113,0.8871285915374756
infoxlm_base,microsoft/infoxlm-base,7,verbs,114,0.8593540787696838
infoxlm_base,microsoft/infoxlm-base,7,verbs,115,0.8534806966781616
infoxlm_base,microsoft/infoxlm-base,7,verbs,116,0.8739662170410156
infoxlm_base,microsoft/infoxlm-base,7,verbs,117,0.8175378441810608
infoxlm_base,microsoft/infoxlm-base,7,verbs,118,0.8688009977340698
infoxlm_base,microsoft/infoxlm-base,7,verbs,119,0.8504886627197266
infoxlm_base,microsoft/infoxlm-base,7,verbs,120,0.768997848033905
infoxlm_base,microsoft/infoxlm-base,7,verbs,121,0.8464130759239197
infoxlm_base,microsoft/infoxlm-base,7,verbs,122,0.8822290301322937
infoxlm_base,microsoft/infoxlm-base,7,verbs,123,0.867485761642456
infoxlm_base,microsoft/infoxlm-base,7,verbs,124,0.8851264715194702
infoxlm_base,microsoft/infoxlm-base,7,verbs,125,0.9166601896286011
infoxlm_base,microsoft/infoxlm-base,7,verbs,126,0.8990775346755981
infoxlm_base,microsoft/infoxlm-base,7,verbs,127,0.8976063132286072
infoxlm_base,microsoft/infoxlm-base,7,verbs,128,0.8651304244995117
infoxlm_base,microsoft/infoxlm-base,7,verbs,129,0.8719699382781982
infoxlm_base,microsoft/infoxlm-base,7,verbs,130,0.8885958790779114
infoxlm_base,microsoft/infoxlm-base,7,verbs,131,0.7652236819267273
infoxlm_base,microsoft/infoxlm-base,7,verbs,132,0.8179055452346802
infoxlm_base,microsoft/infoxlm-base,7,verbs,133,0.8650736808776855
infoxlm_base,microsoft/infoxlm-base,7,verbs,134,0.8431717157363892
infoxlm_base,microsoft/infoxlm-base,7,verbs,135,0.83995121717453
infoxlm_base,microsoft/infoxlm-base,7,verbs,136,0.8838885426521301
infoxlm_base,microsoft/infoxlm-base,7,verbs,137,0.893043041229248
infoxlm_base,microsoft/infoxlm-base,7,verbs,138,0.7719119787216187
infoxlm_base,microsoft/infoxlm-base,7,verbs,139,0.8881734609603882
infoxlm_base,microsoft/infoxlm-base,7,verbs,140,0.9060770273208618
infoxlm_base,microsoft/infoxlm-base,7,verbs,141,0.8181384801864624
infoxlm_base,microsoft/infoxlm-base,7,verbs,142,0.8856778740882874
infoxlm_base,microsoft/infoxlm-base,7,verbs,143,0.8926957249641418
infoxlm_base,microsoft/infoxlm-base,7,verbs,144,0.8188523650169373
infoxlm_base,microsoft/infoxlm-base,7,verbs,145,0.8681251406669617
infoxlm_base,microsoft/infoxlm-base,7,verbs,146,0.8355062007904053
infoxlm_base,microsoft/infoxlm-base,7,verbs,147,0.7179075479507446
infoxlm_base,microsoft/infoxlm-base,7,verbs,148,0.8365034461021423
infoxlm_base,microsoft/infoxlm-base,7,verbs,149,0.8818750381469727
infoxlm_base,microsoft/infoxlm-base,7,verbs,150,0.8388979434967041
infoxlm_base,microsoft/infoxlm-base,7,verbs,151,0.8921681642532349
infoxlm_base,microsoft/infoxlm-base,7,verbs,152,0.8506600260734558
infoxlm_base,microsoft/infoxlm-base,7,verbs,153,0.8366750478744507
infoxlm_base,microsoft/infoxlm-base,7,verbs,154,0.784543514251709
infoxlm_base,microsoft/infoxlm-base,7,verbs,155,0.8474617004394531
infoxlm_base,microsoft/infoxlm-base,7,verbs,156,0.8945176601409912
infoxlm_base,microsoft/infoxlm-base,7,verbs,157,0.8374245166778564
infoxlm_base,microsoft/infoxlm-base,7,verbs,158,0.8726557493209839
infoxlm_base,microsoft/infoxlm-base,7,verbs,159,0.8695042133331299
infoxlm_base,microsoft/infoxlm-base,7,verbs,160,0.8803328275680542
infoxlm_base,microsoft/infoxlm-base,7,verbs,161,0.8460409641265869
infoxlm_base,microsoft/infoxlm-base,7,verbs,162,0.8421552777290344
infoxlm_base,microsoft/infoxlm-base,7,verbs,163,0.7966545820236206
infoxlm_base,microsoft/infoxlm-base,7,verbs,164,0.8474060297012329
infoxlm_base,microsoft/infoxlm-base,7,verbs,165,0.7999309301376343
infoxlm_base,microsoft/infoxlm-base,7,verbs,166,0.7628916501998901
infoxlm_base,microsoft/infoxlm-base,7,verbs,167,0.8117658495903015
infoxlm_base,microsoft/infoxlm-base,7,verbs,168,0.7419565320014954
infoxlm_base,microsoft/infoxlm-base,7,verbs,169,0.8771544098854065
infoxlm_base,microsoft/infoxlm-base,7,verbs,170,0.8373011350631714
infoxlm_base,microsoft/infoxlm-base,7,verbs,171,0.8404829502105713
infoxlm_base,microsoft/infoxlm-base,7,verbs,172,0.8973478674888611
infoxlm_base,microsoft/infoxlm-base,7,verbs,173,0.8939753770828247
infoxlm_base,microsoft/infoxlm-base,7,verbs,174,0.8178542256355286
infoxlm_base,microsoft/infoxlm-base,7,verbs,175,0.8205084800720215
infoxlm_base,microsoft/infoxlm-base,7,verbs,176,0.8228908777236938
infoxlm_base,microsoft/infoxlm-base,7,verbs,177,0.8299649953842163
infoxlm_base,microsoft/infoxlm-base,7,verbs,178,0.8498396277427673
infoxlm_base,microsoft/infoxlm-base,7,verbs,179,0.8863599896430969
infoxlm_base,microsoft/infoxlm-base,7,verbs,180,0.8588978052139282
infoxlm_base,microsoft/infoxlm-base,7,verbs,181,0.8252649903297424
infoxlm_base,microsoft/infoxlm-base,7,verbs,182,0.8649150729179382
infoxlm_base,microsoft/infoxlm-base,7,verbs,183,0.8606851100921631
infoxlm_base,microsoft/infoxlm-base,7,verbs,184,0.8612353205680847
infoxlm_base,microsoft/infoxlm-base,7,verbs,185,0.8880901336669922
infoxlm_base,microsoft/infoxlm-base,7,verbs,186,0.8300053477287292
infoxlm_base,microsoft/infoxlm-base,7,verbs,187,0.8655140399932861
infoxlm_base,microsoft/infoxlm-base,7,verbs,188,0.8721848726272583
infoxlm_base,microsoft/infoxlm-base,7,verbs,189,0.8760480284690857
infoxlm_base,microsoft/infoxlm-base,7,verbs,190,0.8567992448806763
infoxlm_base,microsoft/infoxlm-base,7,verbs,191,0.803478479385376
infoxlm_base,microsoft/infoxlm-base,7,verbs,192,0.8678438663482666
infoxlm_base,microsoft/infoxlm-base,7,verbs,193,0.875120997428894
infoxlm_base,microsoft/infoxlm-base,7,verbs,194,0.8057452440261841
infoxlm_base,microsoft/infoxlm-base,7,verbs,195,0.8158664703369141
infoxlm_base,microsoft/infoxlm-base,7,verbs,196,0.8133773803710938
infoxlm_base,microsoft/infoxlm-base,7,verbs,197,0.8306598663330078
infoxlm_base,microsoft/infoxlm-base,7,verbs,198,0.8184190988540649
infoxlm_base,microsoft/infoxlm-base,7,verbs,199,0.8464455008506775
infoxlm_base,microsoft/infoxlm-base,7,verbs,200,0.8759876489639282
infoxlm_base,microsoft/infoxlm-base,7,verbs,201,0.8435928821563721
infoxlm_base,microsoft/infoxlm-base,7,verbs,202,0.8685154318809509
infoxlm_base,microsoft/infoxlm-base,7,verbs,203,0.791279673576355
infoxlm_base,microsoft/infoxlm-base,7,verbs,204,0.8705811500549316
infoxlm_base,microsoft/infoxlm-base,7,verbs,205,0.8256864547729492
infoxlm_base,microsoft/infoxlm-base,7,verbs,206,0.8415661454200745
infoxlm_base,microsoft/infoxlm-base,7,verbs,207,0.8538815975189209
infoxlm_base,microsoft/infoxlm-base,7,verbs,208,0.8472241163253784
infoxlm_base,microsoft/infoxlm-base,7,verbs,209,0.8433513641357422
infoxlm_base,microsoft/infoxlm-base,7,verbs,210,0.8646824955940247
infoxlm_base,microsoft/infoxlm-base,7,verbs,211,0.7836790084838867
infoxlm_base,microsoft/infoxlm-base,7,verbs,212,0.8574336171150208
infoxlm_base,microsoft/infoxlm-base,7,verbs,213,0.8523560762405396
infoxlm_base,microsoft/infoxlm-base,7,verbs,214,0.7783730030059814
infoxlm_base,microsoft/infoxlm-base,7,verbs,215,0.7938950657844543
infoxlm_base,microsoft/infoxlm-base,7,verbs,216,0.8595306873321533
infoxlm_base,microsoft/infoxlm-base,7,verbs,217,0.8637805581092834
infoxlm_base,microsoft/infoxlm-base,7,verbs,218,0.8476119041442871
infoxlm_base,microsoft/infoxlm-base,7,verbs,219,0.8965734243392944
infoxlm_base,microsoft/infoxlm-base,7,verbs,220,0.881925642490387
infoxlm_base,microsoft/infoxlm-base,7,verbs,221,0.8100387454032898
infoxlm_base,microsoft/infoxlm-base,7,verbs,222,0.8671442866325378
infoxlm_base,microsoft/infoxlm-base,7,verbs,223,0.8619022965431213
infoxlm_base,microsoft/infoxlm-base,7,verbs,224,0.8900777101516724
infoxlm_base,microsoft/infoxlm-base,7,verbs,225,0.8960387110710144
infoxlm_base,microsoft/infoxlm-base,7,verbs,226,0.8338877558708191
infoxlm_base,microsoft/infoxlm-base,7,verbs,227,0.8170152902603149
infoxlm_base,microsoft/infoxlm-base,7,verbs,228,0.8116911053657532
infoxlm_base,microsoft/infoxlm-base,7,verbs,229,0.8839626312255859
infoxlm_base,microsoft/infoxlm-base,7,verbs,230,0.7134795188903809
infoxlm_base,microsoft/infoxlm-base,7,verbs,231,0.8196536302566528
infoxlm_base,microsoft/infoxlm-base,7,verbs,232,0.7692693471908569
infoxlm_base,microsoft/infoxlm-base,7,verbs,233,0.8335316181182861
infoxlm_base,microsoft/infoxlm-base,7,verbs,234,0.7075135707855225
infoxlm_base,microsoft/infoxlm-base,7,verbs,235,0.8680176734924316
infoxlm_base,microsoft/infoxlm-base,7,verbs,236,0.8815462589263916
infoxlm_base,microsoft/infoxlm-base,7,verbs,237,0.8803346157073975
infoxlm_base,microsoft/infoxlm-base,7,verbs,238,0.8777928352355957
infoxlm_base,microsoft/infoxlm-base,7,verbs,239,0.853996217250824
infoxlm_base,microsoft/infoxlm-base,7,verbs,240,0.8076145648956299
infoxlm_base,microsoft/infoxlm-base,7,verbs,241,0.810293972492218
infoxlm_base,microsoft/infoxlm-base,7,verbs,242,0.8523691892623901
infoxlm_base,microsoft/infoxlm-base,7,verbs,243,0.8820050954818726
infoxlm_base,microsoft/infoxlm-base,7,verbs,244,0.885556697845459
infoxlm_base,microsoft/infoxlm-base,7,verbs,245,0.8826068639755249
infoxlm_base,microsoft/infoxlm-base,7,verbs,246,0.7739832401275635
infoxlm_base,microsoft/infoxlm-base,7,verbs,247,0.9027742147445679
infoxlm_base,microsoft/infoxlm-base,7,verbs,248,0.7986588478088379
infoxlm_base,microsoft/infoxlm-base,7,verbs,249,0.7874829769134521
infoxlm_base,microsoft/infoxlm-base,7,verbs,250,0.8290789723396301
infoxlm_base,microsoft/infoxlm-base,7,verbs,251,0.7922911643981934
infoxlm_base,microsoft/infoxlm-base,7,verbs,252,0.781600832939148
infoxlm_base,microsoft/infoxlm-base,7,verbs,253,0.8728872537612915
infoxlm_base,microsoft/infoxlm-base,7,verbs,254,0.7720664739608765
infoxlm_base,microsoft/infoxlm-base,7,verbs,255,0.8865635395050049
infoxlm_base,microsoft/infoxlm-base,7,verbs,256,0.8412524461746216
infoxlm_base,microsoft/infoxlm-base,7,verbs,257,0.9060723781585693
infoxlm_base,microsoft/infoxlm-base,7,verbs,258,0.8174262046813965
infoxlm_base,microsoft/infoxlm-base,7,verbs,259,0.8519349694252014
infoxlm_base,microsoft/infoxlm-base,7,verbs,260,0.8556738495826721
infoxlm_base,microsoft/infoxlm-base,7,verbs,261,0.8685836791992188
infoxlm_base,microsoft/infoxlm-base,7,verbs,262,0.8313573002815247
infoxlm_base,microsoft/infoxlm-base,7,verbs,263,0.8554423451423645
infoxlm_base,microsoft/infoxlm-base,7,verbs,264,0.8714441657066345
infoxlm_base,microsoft/infoxlm-base,7,verbs,265,0.8414762616157532
infoxlm_base,microsoft/infoxlm-base,7,verbs,266,0.8598665595054626
infoxlm_base,microsoft/infoxlm-base,7,verbs,267,0.8985511660575867
infoxlm_base,microsoft/infoxlm-base,7,verbs,268,0.8832513093948364
infoxlm_base,microsoft/infoxlm-base,7,verbs,269,0.9186809062957764
infoxlm_base,microsoft/infoxlm-base,7,verbs,270,0.8835983872413635
infoxlm_base,microsoft/infoxlm-base,7,verbs,271,0.8486497402191162
infoxlm_base,microsoft/infoxlm-base,7,verbs,272,0.8925414681434631
infoxlm_base,microsoft/infoxlm-base,7,verbs,273,0.7850094437599182
infoxlm_base,microsoft/infoxlm-base,7,verbs,274,0.8732675909996033
infoxlm_base,microsoft/infoxlm-base,7,verbs,275,0.8713942170143127
infoxlm_base,microsoft/infoxlm-base,7,verbs,276,0.8761107921600342
infoxlm_base,microsoft/infoxlm-base,7,verbs,277,0.855067253112793
infoxlm_base,microsoft/infoxlm-base,7,verbs,278,0.8787360191345215
infoxlm_base,microsoft/infoxlm-base,7,verbs,279,0.8706331253051758
infoxlm_base,microsoft/infoxlm-base,7,verbs,280,0.8453995585441589
infoxlm_base,microsoft/infoxlm-base,7,verbs,281,0.8490164279937744
infoxlm_base,microsoft/infoxlm-base,7,verbs,282,0.8617629408836365
infoxlm_base,microsoft/infoxlm-base,7,verbs,283,0.8651926517486572
infoxlm_base,microsoft/infoxlm-base,7,verbs,284,0.8926524519920349
infoxlm_base,microsoft/infoxlm-base,7,verbs,285,0.8972503542900085
infoxlm_base,microsoft/infoxlm-base,7,verbs,286,0.8582834005355835
infoxlm_base,microsoft/infoxlm-base,7,verbs,287,0.8046405911445618
infoxlm_base,microsoft/infoxlm-base,7,verbs,288,0.8798122406005859
infoxlm_base,microsoft/infoxlm-base,7,verbs,289,0.8467820882797241
infoxlm_base,microsoft/infoxlm-base,7,verbs,290,0.7763768434524536
infoxlm_base,microsoft/infoxlm-base,7,verbs,291,0.8419207334518433
infoxlm_base,microsoft/infoxlm-base,7,verbs,292,0.8267071843147278
infoxlm_base,microsoft/infoxlm-base,7,verbs,293,0.7988165616989136
infoxlm_base,microsoft/infoxlm-base,7,verbs,294,0.8858688473701477
infoxlm_base,microsoft/infoxlm-base,7,verbs,295,0.7977709770202637
infoxlm_base,microsoft/infoxlm-base,7,verbs,296,0.8494660258293152
infoxlm_base,microsoft/infoxlm-base,7,verbs,297,0.8026061058044434
infoxlm_base,microsoft/infoxlm-base,7,verbs,298,0.8846535682678223
infoxlm_base,microsoft/infoxlm-base,7,verbs,299,0.7630087733268738
infoxlm_base,microsoft/infoxlm-base,7,verbs,300,0.8089986443519592
infoxlm_base,microsoft/infoxlm-base,7,verbs,301,0.8334165811538696
infoxlm_base,microsoft/infoxlm-base,7,verbs,302,0.7952321767807007
infoxlm_base,microsoft/infoxlm-base,7,verbs,303,0.8248199820518494
infoxlm_base,microsoft/infoxlm-base,7,verbs,304,0.8682079315185547
infoxlm_base,microsoft/infoxlm-base,7,verbs,305,0.829569399356842
infoxlm_base,microsoft/infoxlm-base,7,verbs,306,0.8562722206115723
infoxlm_base,microsoft/infoxlm-base,7,verbs,307,0.8022797107696533
infoxlm_base,microsoft/infoxlm-base,7,verbs,308,0.858450710773468
infoxlm_base,microsoft/infoxlm-base,7,verbs,309,0.8928462266921997
infoxlm_base,microsoft/infoxlm-base,7,verbs,310,0.8975290656089783
infoxlm_base,microsoft/infoxlm-base,7,verbs,311,0.8371388912200928
infoxlm_base,microsoft/infoxlm-base,7,verbs,312,0.7702952027320862
infoxlm_base,microsoft/infoxlm-base,7,verbs,313,0.8546104431152344
infoxlm_base,microsoft/infoxlm-base,7,verbs,314,0.843973696231842
infoxlm_base,microsoft/infoxlm-base,7,verbs,315,0.803008496761322
infoxlm_base,microsoft/infoxlm-base,7,verbs,316,0.8234565258026123
infoxlm_base,microsoft/infoxlm-base,7,verbs,317,0.8959783911705017
infoxlm_base,microsoft/infoxlm-base,7,verbs,318,0.8092267513275146
infoxlm_base,microsoft/infoxlm-base,7,verbs,319,0.8819134831428528
infoxlm_base,microsoft/infoxlm-base,7,verbs,320,0.8477193713188171
infoxlm_base,microsoft/infoxlm-base,7,verbs,321,0.8139066100120544
infoxlm_base,microsoft/infoxlm-base,7,verbs,322,0.7919151186943054
infoxlm_base,microsoft/infoxlm-base,7,verbs,323,0.901911735534668
infoxlm_base,microsoft/infoxlm-base,7,verbs,324,0.8577092289924622
infoxlm_base,microsoft/infoxlm-base,7,verbs,325,0.8159677982330322
infoxlm_base,microsoft/infoxlm-base,7,verbs,326,0.8248670697212219
infoxlm_base,microsoft/infoxlm-base,7,verbs,327,0.8435793519020081
infoxlm_base,microsoft/infoxlm-base,7,verbs,328,0.8626763820648193
infoxlm_base,microsoft/infoxlm-base,7,verbs,329,0.8155820369720459
infoxlm_base,microsoft/infoxlm-base,7,verbs,330,0.863844096660614
infoxlm_base,microsoft/infoxlm-base,7,verbs,331,0.7968352437019348
infoxlm_base,microsoft/infoxlm-base,7,verbs,332,0.8170109391212463
infoxlm_base,microsoft/infoxlm-base,7,verbs,333,0.870475172996521
infoxlm_base,microsoft/infoxlm-base,7,verbs,334,0.8359651565551758
infoxlm_base,microsoft/infoxlm-base,7,verbs,335,0.7905622720718384
infoxlm_base,microsoft/infoxlm-base,7,verbs,336,0.8325135111808777
infoxlm_base,microsoft/infoxlm-base,7,verbs,337,0.8232204914093018
infoxlm_base,microsoft/infoxlm-base,7,verbs,338,0.7596953511238098
infoxlm_base,microsoft/infoxlm-base,7,verbs,339,0.8234170079231262
infoxlm_base,microsoft/infoxlm-base,7,verbs,340,0.7315512895584106
infoxlm_base,microsoft/infoxlm-base,7,verbs,341,0.8848389983177185
infoxlm_base,microsoft/infoxlm-base,7,verbs,342,0.8498251438140869
infoxlm_base,microsoft/infoxlm-base,7,verbs,343,0.8186954259872437
infoxlm_base,microsoft/infoxlm-base,7,verbs,344,0.8677191734313965
infoxlm_base,microsoft/infoxlm-base,7,verbs,345,0.8165034651756287
infoxlm_base,microsoft/infoxlm-base,7,verbs,346,0.8500444293022156
infoxlm_base,microsoft/infoxlm-base,7,verbs,347,0.8283787965774536
infoxlm_base,microsoft/infoxlm-base,7,verbs,348,0.8373508453369141
infoxlm_base,microsoft/infoxlm-base,7,verbs,349,0.884201169013977
infoxlm_base,microsoft/infoxlm-base,7,verbs,350,0.8689120411872864
infoxlm_base,microsoft/infoxlm-base,7,verbs,351,0.8150525689125061
infoxlm_base,microsoft/infoxlm-base,7,verbs,352,0.8253822922706604
infoxlm_base,microsoft/infoxlm-base,7,verbs,353,0.8441434502601624
infoxlm_base,microsoft/infoxlm-base,7,verbs,354,0.8322238326072693
infoxlm_base,microsoft/infoxlm-base,7,verbs,355,0.8408322334289551
infoxlm_base,microsoft/infoxlm-base,7,verbs,356,0.8431683778762817
infoxlm_base,microsoft/infoxlm-base,7,verbs,357,0.8015825748443604
infoxlm_base,microsoft/infoxlm-base,7,verbs,358,0.8790489435195923
infoxlm_base,microsoft/infoxlm-base,7,verbs,359,0.8416106700897217
infoxlm_base,microsoft/infoxlm-base,7,verbs,360,0.7796162366867065
infoxlm_base,microsoft/infoxlm-base,7,verbs,361,0.8301595449447632
infoxlm_base,microsoft/infoxlm-base,7,verbs,362,0.8933312296867371
infoxlm_base,microsoft/infoxlm-base,7,verbs,363,0.9096649885177612
infoxlm_base,microsoft/infoxlm-base,7,verbs,364,0.8559437394142151
infoxlm_base,microsoft/infoxlm-base,7,verbs,365,0.8132214546203613
infoxlm_base,microsoft/infoxlm-base,7,verbs,366,0.7793334126472473
infoxlm_base,microsoft/infoxlm-base,7,verbs,367,0.8172542452812195
infoxlm_base,microsoft/infoxlm-base,7,verbs,368,0.8859215974807739
infoxlm_base,microsoft/infoxlm-base,7,verbs,369,0.8931751251220703
infoxlm_base,microsoft/infoxlm-base,7,verbs,370,0.9000109434127808
infoxlm_base,microsoft/infoxlm-base,7,verbs,371,0.8381386995315552
infoxlm_base,microsoft/infoxlm-base,7,verbs,372,0.8828569650650024
infoxlm_base,microsoft/infoxlm-base,7,verbs,373,0.8656142950057983
infoxlm_base,microsoft/infoxlm-base,7,verbs,374,0.8192358016967773
infoxlm_base,microsoft/infoxlm-base,7,verbs,375,0.9015188217163086
infoxlm_base,microsoft/infoxlm-base,7,verbs,376,0.8062343001365662
infoxlm_base,microsoft/infoxlm-base,7,verbs,377,0.8806186318397522
infoxlm_base,microsoft/infoxlm-base,7,verbs,378,0.8207838535308838
infoxlm_base,microsoft/infoxlm-base,7,verbs,379,0.8507754802703857
infoxlm_base,microsoft/infoxlm-base,7,verbs,380,0.8540962934494019
infoxlm_base,microsoft/infoxlm-base,7,verbs,381,0.8877341151237488
infoxlm_base,microsoft/infoxlm-base,7,verbs,382,0.8914735317230225
infoxlm_base,microsoft/infoxlm-base,7,verbs,383,0.9033250212669373
infoxlm_base,microsoft/infoxlm-base,7,verbs,384,0.832132875919342
infoxlm_base,microsoft/infoxlm-base,7,verbs,385,0.8746640086174011
infoxlm_base,microsoft/infoxlm-base,7,verbs,386,0.8825567960739136
infoxlm_base,microsoft/infoxlm-base,7,verbs,387,0.8673365116119385
infoxlm_base,microsoft/infoxlm-base,7,verbs,388,0.8582130670547485
infoxlm_base,microsoft/infoxlm-base,7,verbs,389,0.8795937299728394
infoxlm_base,microsoft/infoxlm-base,7,verbs,390,0.872952938079834
infoxlm_base,microsoft/infoxlm-base,7,verbs,391,0.8865714073181152
infoxlm_base,microsoft/infoxlm-base,7,verbs,392,0.8861140608787537
infoxlm_base,microsoft/infoxlm-base,7,verbs,393,0.7934058308601379
infoxlm_base,microsoft/infoxlm-base,7,verbs,394,0.8113559484481812
infoxlm_base,microsoft/infoxlm-base,7,verbs,395,0.842149019241333
infoxlm_base,microsoft/infoxlm-base,7,verbs,396,0.7857016324996948
infoxlm_base,microsoft/infoxlm-base,7,verbs,397,0.737473726272583
infoxlm_base,microsoft/infoxlm-base,7,verbs,398,0.8692038059234619
infoxlm_base,microsoft/infoxlm-base,7,verbs,399,0.8678402900695801
infoxlm_base,microsoft/infoxlm-base,7,verbs,400,0.8163532614707947
infoxlm_base,microsoft/infoxlm-base,7,verbs,401,0.8570752739906311
infoxlm_base,microsoft/infoxlm-base,7,verbs,402,0.8550392389297485
infoxlm_base,microsoft/infoxlm-base,7,verbs,403,0.821290910243988
infoxlm_base,microsoft/infoxlm-base,7,verbs,404,0.8733090162277222
infoxlm_base,microsoft/infoxlm-base,7,verbs,405,0.9048566222190857
infoxlm_base,microsoft/infoxlm-base,7,verbs,406,0.8681970238685608
infoxlm_base,microsoft/infoxlm-base,7,verbs,407,0.7929901480674744
infoxlm_base,microsoft/infoxlm-base,7,verbs,408,0.8411955237388611
infoxlm_base,microsoft/infoxlm-base,7,verbs,409,0.6866904497146606
infoxlm_base,microsoft/infoxlm-base,7,verbs,410,0.8955776691436768
infoxlm_base,microsoft/infoxlm-base,7,verbs,411,0.8731616139411926
infoxlm_base,microsoft/infoxlm-base,7,verbs,412,0.8272583484649658
infoxlm_base,microsoft/infoxlm-base,7,verbs,413,0.789840042591095
infoxlm_base,microsoft/infoxlm-base,7,verbs,414,0.8700258135795593
infoxlm_base,microsoft/infoxlm-base,7,verbs,415,0.8800999522209167
infoxlm_base,microsoft/infoxlm-base,7,verbs,416,0.8582544326782227
infoxlm_base,microsoft/infoxlm-base,7,verbs,417,0.8219530582427979
infoxlm_base,microsoft/infoxlm-base,7,verbs,418,0.7988450527191162
infoxlm_base,microsoft/infoxlm-base,7,verbs,419,0.8766294717788696
infoxlm_base,microsoft/infoxlm-base,7,verbs,420,0.8615893125534058
infoxlm_base,microsoft/infoxlm-base,7,verbs,421,0.8687460422515869
infoxlm_base,microsoft/infoxlm-base,7,verbs,422,0.8606676459312439
infoxlm_base,microsoft/infoxlm-base,7,verbs,423,0.849981427192688
infoxlm_base,microsoft/infoxlm-base,7,verbs,424,0.8663421273231506
infoxlm_base,microsoft/infoxlm-base,7,verbs,425,0.7557453513145447
infoxlm_base,microsoft/infoxlm-base,7,verbs,426,0.8956381678581238
infoxlm_base,microsoft/infoxlm-base,7,verbs,427,0.8584032654762268
infoxlm_base,microsoft/infoxlm-base,7,verbs,428,0.8168033957481384
infoxlm_base,microsoft/infoxlm-base,7,verbs,429,0.8852823972702026
infoxlm_base,microsoft/infoxlm-base,7,verbs,430,0.8977850079536438
infoxlm_base,microsoft/infoxlm-base,7,verbs,431,0.8140842914581299
infoxlm_base,microsoft/infoxlm-base,7,verbs,432,0.9048383235931396
infoxlm_base,microsoft/infoxlm-base,7,verbs,433,0.8383764624595642
infoxlm_base,microsoft/infoxlm-base,7,verbs,434,0.8416247963905334
infoxlm_base,microsoft/infoxlm-base,7,verbs,435,0.8558279871940613
infoxlm_base,microsoft/infoxlm-base,7,verbs,436,0.8042997121810913
infoxlm_base,microsoft/infoxlm-base,7,verbs,437,0.7992374897003174
infoxlm_base,microsoft/infoxlm-base,7,verbs,438,0.8529415130615234
infoxlm_base,microsoft/infoxlm-base,7,verbs,439,0.8867173194885254
infoxlm_base,microsoft/infoxlm-base,7,verbs,440,0.7834405899047852
infoxlm_base,microsoft/infoxlm-base,7,verbs,441,0.8799501657485962
infoxlm_base,microsoft/infoxlm-base,7,verbs,442,0.8598454594612122
infoxlm_base,microsoft/infoxlm-base,7,verbs,443,0.8191704750061035
infoxlm_base,microsoft/infoxlm-base,7,verbs,444,0.8373168110847473
infoxlm_base,microsoft/infoxlm-base,7,verbs,445,0.8512624502182007
infoxlm_base,microsoft/infoxlm-base,7,verbs,446,0.8517137765884399
infoxlm_base,microsoft/infoxlm-base,7,verbs,447,0.7601156234741211
infoxlm_base,microsoft/infoxlm-base,7,verbs,448,0.7817071676254272
infoxlm_base,microsoft/infoxlm-base,7,verbs,449,0.8794922828674316
infoxlm_base,microsoft/infoxlm-base,7,verbs,450,0.8414807319641113
infoxlm_base,microsoft/infoxlm-base,7,verbs,451,0.8329933285713196
infoxlm_base,microsoft/infoxlm-base,7,verbs,452,0.7856447696685791
infoxlm_base,microsoft/infoxlm-base,7,verbs,453,0.8325881361961365
infoxlm_base,microsoft/infoxlm-base,7,verbs,454,0.823841392993927
infoxlm_base,microsoft/infoxlm-base,7,verbs,455,0.8219982385635376
infoxlm_base,microsoft/infoxlm-base,7,verbs,456,0.8801796436309814
infoxlm_base,microsoft/infoxlm-base,7,verbs,457,0.8094204664230347
infoxlm_base,microsoft/infoxlm-base,7,verbs,458,0.8086468577384949
infoxlm_base,microsoft/infoxlm-base,7,verbs,459,0.8593094944953918
infoxlm_base,microsoft/infoxlm-base,7,verbs,460,0.828577995300293
infoxlm_base,microsoft/infoxlm-base,7,verbs,461,0.8699014186859131
infoxlm_base,microsoft/infoxlm-base,7,verbs,462,0.8480240702629089
infoxlm_base,microsoft/infoxlm-base,7,verbs,463,0.8362678289413452
infoxlm_base,microsoft/infoxlm-base,7,verbs,464,0.8690031170845032
infoxlm_base,microsoft/infoxlm-base,7,verbs,465,0.8356032371520996
infoxlm_base,microsoft/infoxlm-base,7,verbs,466,0.8654448986053467
infoxlm_base,microsoft/infoxlm-base,7,verbs,467,0.8681297898292542
infoxlm_base,microsoft/infoxlm-base,7,verbs,468,0.8529390692710876
infoxlm_base,microsoft/infoxlm-base,7,verbs,469,0.8858296871185303
infoxlm_base,microsoft/infoxlm-base,7,verbs,470,0.8454928398132324
infoxlm_base,microsoft/infoxlm-base,7,verbs,471,0.8929170966148376
infoxlm_base,microsoft/infoxlm-base,7,verbs,472,0.7396441102027893
infoxlm_base,microsoft/infoxlm-base,7,verbs,473,0.7766205072402954
infoxlm_base,microsoft/infoxlm-base,7,verbs,474,0.8918997049331665
infoxlm_base,microsoft/infoxlm-base,7,verbs,475,0.7556491494178772
infoxlm_base,microsoft/infoxlm-base,7,verbs,476,0.7858840823173523
infoxlm_base,microsoft/infoxlm-base,7,verbs,477,0.8431696891784668
infoxlm_base,microsoft/infoxlm-base,7,verbs,478,0.8689156770706177
infoxlm_base,microsoft/infoxlm-base,7,verbs,479,0.8227221369743347
infoxlm_base,microsoft/infoxlm-base,7,verbs,480,0.9040786623954773
infoxlm_base,microsoft/infoxlm-base,7,verbs,481,0.7787208557128906
infoxlm_base,microsoft/infoxlm-base,7,verbs,482,0.8319800496101379
infoxlm_base,microsoft/infoxlm-base,7,verbs,483,0.8562839031219482
infoxlm_base,microsoft/infoxlm-base,7,verbs,484,0.8705832362174988
infoxlm_base,microsoft/infoxlm-base,7,verbs,485,0.8343231678009033
infoxlm_base,microsoft/infoxlm-base,7,verbs,486,0.8488680720329285
infoxlm_base,microsoft/infoxlm-base,7,verbs,487,0.8449708223342896
infoxlm_base,microsoft/infoxlm-base,7,verbs,488,0.819063127040863
infoxlm_base,microsoft/infoxlm-base,7,verbs,489,0.8336535096168518
infoxlm_base,microsoft/infoxlm-base,7,verbs,490,0.8265389800071716
infoxlm_base,microsoft/infoxlm-base,7,verbs,491,0.8625390529632568
infoxlm_base,microsoft/infoxlm-base,7,verbs,492,0.8826057314872742
infoxlm_base,microsoft/infoxlm-base,7,verbs,493,0.8943703174591064
infoxlm_base,microsoft/infoxlm-base,7,verbs,494,0.883018970489502
infoxlm_base,microsoft/infoxlm-base,7,verbs,495,0.8044211864471436
infoxlm_base,microsoft/infoxlm-base,7,verbs,496,0.8078004121780396
infoxlm_base,microsoft/infoxlm-base,7,verbs,497,0.7934260368347168
infoxlm_base,microsoft/infoxlm-base,7,verbs,498,0.8874145746231079
infoxlm_base,microsoft/infoxlm-base,7,verbs,499,0.8346165418624878
infoxlm_base,microsoft/infoxlm-base,7,verbs,500,0.7613611221313477
infoxlm_base,microsoft/infoxlm-base,7,verbs,501,0.845312237739563
infoxlm_base,microsoft/infoxlm-base,7,verbs,502,0.8680208921432495
infoxlm_base,microsoft/infoxlm-base,7,verbs,503,0.8600178360939026
infoxlm_base,microsoft/infoxlm-base,7,verbs,504,0.8209232687950134
infoxlm_base,microsoft/infoxlm-base,7,verbs,505,0.9041988849639893
infoxlm_base,microsoft/infoxlm-base,7,verbs,506,0.8856117725372314
infoxlm_base,microsoft/infoxlm-base,7,verbs,507,0.8328565955162048
infoxlm_base,microsoft/infoxlm-base,7,verbs,508,0.8471135497093201
infoxlm_base,microsoft/infoxlm-base,7,verbs,509,0.8400565981864929
infoxlm_base,microsoft/infoxlm-base,7,verbs,510,0.766611635684967
infoxlm_base,microsoft/infoxlm-base,7,verbs,511,0.794776201248169
infoxlm_base,microsoft/infoxlm-base,7,verbs,512,0.8438506126403809
infoxlm_base,microsoft/infoxlm-base,7,verbs,513,0.8195096254348755
infoxlm_base,microsoft/infoxlm-base,7,verbs,514,0.8132299184799194
infoxlm_base,microsoft/infoxlm-base,7,verbs,515,0.8591339588165283
infoxlm_base,microsoft/infoxlm-base,7,verbs,516,0.8384192585945129
infoxlm_base,microsoft/infoxlm-base,7,verbs,517,0.9035003185272217
infoxlm_base,microsoft/infoxlm-base,7,verbs,518,0.8945811986923218
infoxlm_base,microsoft/infoxlm-base,7,verbs,519,0.8317239284515381
infoxlm_base,microsoft/infoxlm-base,7,verbs,520,0.8171876072883606
infoxlm_base,microsoft/infoxlm-base,7,verbs,521,0.8594279289245605
infoxlm_base,microsoft/infoxlm-base,7,verbs,522,0.8898400068283081
infoxlm_base,microsoft/infoxlm-base,7,verbs,523,0.8610117435455322
infoxlm_base,microsoft/infoxlm-base,7,verbs,524,0.8568893074989319
infoxlm_base,microsoft/infoxlm-base,7,verbs,525,0.8288813233375549
infoxlm_base,microsoft/infoxlm-base,7,verbs,526,0.8219476938247681
infoxlm_base,microsoft/infoxlm-base,7,verbs,527,0.8320844769477844
infoxlm_base,microsoft/infoxlm-base,7,verbs,528,0.8352330923080444
infoxlm_base,microsoft/infoxlm-base,7,verbs,529,0.8847904205322266
infoxlm_base,microsoft/infoxlm-base,7,verbs,530,0.888141930103302
infoxlm_base,microsoft/infoxlm-base,7,verbs,531,0.8688397407531738
infoxlm_base,microsoft/infoxlm-base,7,verbs,532,0.8536174893379211
infoxlm_base,microsoft/infoxlm-base,7,verbs,533,0.8429785370826721
infoxlm_base,microsoft/infoxlm-base,7,verbs,534,0.8690062761306763
infoxlm_base,microsoft/infoxlm-base,7,verbs,535,0.8809796571731567
infoxlm_base,microsoft/infoxlm-base,7,verbs,536,0.8452093005180359
infoxlm_base,microsoft/infoxlm-base,7,verbs,537,0.7679663300514221
infoxlm_base,microsoft/infoxlm-base,7,verbs,538,0.8897610902786255
infoxlm_base,microsoft/infoxlm-base,7,verbs,539,0.8202292323112488
infoxlm_base,microsoft/infoxlm-base,7,verbs,540,0.8217735886573792
infoxlm_base,microsoft/infoxlm-base,7,verbs,541,0.8523921370506287
infoxlm_base,microsoft/infoxlm-base,7,verbs,542,0.777803361415863
infoxlm_base,microsoft/infoxlm-base,7,verbs,543,0.8666723966598511
infoxlm_base,microsoft/infoxlm-base,7,verbs,544,0.8655312657356262
infoxlm_base,microsoft/infoxlm-base,7,verbs,545,0.8978572487831116
infoxlm_base,microsoft/infoxlm-base,7,verbs,546,0.8412277102470398
infoxlm_base,microsoft/infoxlm-base,7,verbs,547,0.820799708366394
infoxlm_base,microsoft/infoxlm-base,7,verbs,548,0.8146230578422546
infoxlm_base,microsoft/infoxlm-base,7,verbs,549,0.7755368947982788
infoxlm_base,microsoft/infoxlm-base,7,verbs,550,0.8865634202957153
infoxlm_base,microsoft/infoxlm-base,7,verbs,551,0.7788117527961731
infoxlm_base,microsoft/infoxlm-base,7,verbs,552,0.7697531580924988
infoxlm_base,microsoft/infoxlm-base,7,verbs,553,0.8419895172119141
infoxlm_base,microsoft/infoxlm-base,7,verbs,554,0.7956689596176147
infoxlm_base,microsoft/infoxlm-base,7,verbs,555,0.8339742422103882
infoxlm_base,microsoft/infoxlm-base,7,verbs,556,0.7611569762229919
infoxlm_base,microsoft/infoxlm-base,7,verbs,557,0.7231351733207703
infoxlm_base,microsoft/infoxlm-base,7,verbs,558,0.7776766419410706
infoxlm_base,microsoft/infoxlm-base,7,verbs,559,0.8591006994247437
infoxlm_base,microsoft/infoxlm-base,7,verbs,560,0.702828586101532
infoxlm_base,microsoft/infoxlm-base,7,verbs,561,0.7743886709213257
infoxlm_base,microsoft/infoxlm-base,7,verbs,562,0.8686554431915283
infoxlm_base,microsoft/infoxlm-base,7,verbs,563,0.8584084510803223
infoxlm_base,microsoft/infoxlm-base,7,verbs,564,0.8509772419929504
infoxlm_base,microsoft/infoxlm-base,7,verbs,565,0.794646143913269
infoxlm_base,microsoft/infoxlm-base,7,verbs,566,0.7895873188972473
infoxlm_base,microsoft/infoxlm-base,7,verbs,567,0.8780527114868164
infoxlm_base,microsoft/infoxlm-base,7,verbs,568,0.7735673785209656
infoxlm_base,microsoft/infoxlm-base,7,verbs,569,0.7586231827735901
infoxlm_base,microsoft/infoxlm-base,7,verbs,570,0.7873757481575012
infoxlm_base,microsoft/infoxlm-base,7,verbs,571,0.853091835975647
infoxlm_base,microsoft/infoxlm-base,7,verbs,572,0.85430508852005
infoxlm_base,microsoft/infoxlm-base,7,verbs,573,0.8442305326461792
infoxlm_base,microsoft/infoxlm-base,7,verbs,574,0.8220158219337463
infoxlm_base,microsoft/infoxlm-base,7,verbs,575,0.8362745046615601
infoxlm_base,microsoft/infoxlm-base,7,verbs,576,0.8667749166488647
infoxlm_base,microsoft/infoxlm-base,7,verbs,577,0.9019988775253296
infoxlm_base,microsoft/infoxlm-base,7,verbs,578,0.875942051410675
infoxlm_base,microsoft/infoxlm-base,7,verbs,579,0.7563454508781433
infoxlm_base,microsoft/infoxlm-base,7,verbs,580,0.8343548774719238
infoxlm_base,microsoft/infoxlm-base,7,verbs,581,0.8402673602104187
infoxlm_base,microsoft/infoxlm-base,7,verbs,582,0.8770974278450012
infoxlm_base,microsoft/infoxlm-base,7,verbs,583,0.8867058753967285
infoxlm_base,microsoft/infoxlm-base,7,verbs,584,0.8864215016365051
infoxlm_base,microsoft/infoxlm-base,7,verbs,585,0.8777573108673096
infoxlm_base,microsoft/infoxlm-base,7,verbs,586,0.8861685991287231
infoxlm_base,microsoft/infoxlm-base,7,verbs,587,0.8478839993476868
infoxlm_base,microsoft/infoxlm-base,7,verbs,588,0.8573620915412903
infoxlm_base,microsoft/infoxlm-base,7,verbs,589,0.8634819984436035
infoxlm_base,microsoft/infoxlm-base,7,verbs,590,0.8643854856491089
infoxlm_base,microsoft/infoxlm-base,7,verbs,591,0.8142215013504028
infoxlm_base,microsoft/infoxlm-base,7,verbs,592,0.8562541604042053
infoxlm_base,microsoft/infoxlm-base,7,verbs,593,0.825137197971344
infoxlm_base,microsoft/infoxlm-base,7,verbs,594,0.8755214810371399
infoxlm_base,microsoft/infoxlm-base,7,verbs,595,0.7802790403366089
infoxlm_base,microsoft/infoxlm-base,7,verbs,596,0.8567624688148499
infoxlm_base,microsoft/infoxlm-base,7,verbs,597,0.8847646713256836
infoxlm_base,microsoft/infoxlm-base,7,verbs,598,0.8770763278007507
infoxlm_base,microsoft/infoxlm-base,7,verbs,599,0.8799503445625305
infoxlm_base,microsoft/infoxlm-base,7,verbs,600,0.8589997887611389
infoxlm_base,microsoft/infoxlm-base,7,verbs,601,0.8543957471847534
infoxlm_base,microsoft/infoxlm-base,7,verbs,602,0.8196947574615479
infoxlm_base,microsoft/infoxlm-base,7,verbs,603,0.8408744931221008
infoxlm_base,microsoft/infoxlm-base,7,verbs,604,0.9100391864776611
infoxlm_base,microsoft/infoxlm-base,7,verbs,605,0.8753423094749451
infoxlm_base,microsoft/infoxlm-base,7,verbs,606,0.9005250334739685
infoxlm_base,microsoft/infoxlm-base,7,verbs,607,0.8894438743591309
infoxlm_base,microsoft/infoxlm-base,7,verbs,608,0.8668337464332581
infoxlm_base,microsoft/infoxlm-base,7,verbs,609,0.8783266544342041
infoxlm_base,microsoft/infoxlm-base,7,verbs,610,0.8956536054611206
infoxlm_base,microsoft/infoxlm-base,7,verbs,611,0.8453571200370789
infoxlm_base,microsoft/infoxlm-base,7,verbs,612,0.8072418570518494
infoxlm_base,microsoft/infoxlm-base,7,verbs,613,0.8719527721405029
infoxlm_base,microsoft/infoxlm-base,7,verbs,614,0.908598780632019
infoxlm_base,microsoft/infoxlm-base,7,verbs,615,0.9059590697288513
infoxlm_base,microsoft/infoxlm-base,7,verbs,616,0.8994331955909729
infoxlm_base,microsoft/infoxlm-base,7,verbs,617,0.864094078540802
infoxlm_base,microsoft/infoxlm-base,7,verbs,618,0.861636221408844
infoxlm_base,microsoft/infoxlm-base,7,verbs,619,0.8889622092247009
infoxlm_base,microsoft/infoxlm-base,7,verbs,620,0.9155853986740112
infoxlm_base,microsoft/infoxlm-base,7,verbs,621,0.8653182983398438
infoxlm_base,microsoft/infoxlm-base,7,verbs,622,0.7984209060668945
infoxlm_base,microsoft/infoxlm-base,7,verbs,623,0.8555946350097656
infoxlm_base,microsoft/infoxlm-base,7,verbs,624,0.863813042640686
infoxlm_base,microsoft/infoxlm-base,7,verbs,625,0.8749414682388306
infoxlm_base,microsoft/infoxlm-base,7,verbs,626,0.8391625285148621
infoxlm_base,microsoft/infoxlm-base,7,nounsverbs,0,0.9189246892929077
infoxlm_base,microsoft/infoxlm-base,7,nounsverbs,1,0.9016382098197937
infoxlm_base,microsoft/infoxlm-base,7,nounsverbs,2,0.9175938963890076
infoxlm_base,microsoft/infoxlm-base,7,nounsverbs,3,0.9017267823219299
infoxlm_base,microsoft/infoxlm-base,7,nounsverbs,4,0.894868791103363
infoxlm_base,microsoft/infoxlm-base,7,nounsverbs,5,0.9121406674385071
infoxlm_base,microsoft/infoxlm-base,7,nounsverbs,6,0.9272423386573792
infoxlm_base,microsoft/infoxlm-base,7,nounsverbs,7,0.9071090817451477
infoxlm_base,microsoft/infoxlm-base,7,nounsverbs,8,0.9098992943763733
infoxlm_base,microsoft/infoxlm-base,7,nounsverbs,9,0.9253805875778198
infoxlm_base,microsoft/infoxlm-base,7,nounsverbs,10,0.9014103412628174
infoxlm_base,microsoft/infoxlm-base,7,nounsverbs,11,0.9271472692489624
infoxlm_base,microsoft/infoxlm-base,7,nounsverbs,12,0.8975589275360107
infoxlm_base,microsoft/infoxlm-base,7,nounsverbs,13,0.9071336388587952
infoxlm_base,microsoft/infoxlm-base,7,nounsverbs,14,0.901653528213501
infoxlm_base,microsoft/infoxlm-base,7,nounsverbs,15,0.9102120995521545
infoxlm_base,microsoft/infoxlm-base,7,nounsverbs,16,0.9032475352287292
infoxlm_base,microsoft/infoxlm-base,7,nounsverbs,17,0.9094117283821106
infoxlm_base,microsoft/infoxlm-base,7,nounsverbs,18,0.9141086935997009
infoxlm_base,microsoft/infoxlm-base,7,nounsverbs,19,0.906015157699585
infoxlm_base,microsoft/infoxlm-base,7,nounsverbs,20,0.9363625049591064
infoxlm_base,microsoft/infoxlm-base,7,nounsverbs,21,0.9280915260314941
infoxlm_base,microsoft/infoxlm-base,7,nounsverbs,22,0.9172267317771912
infoxlm_base,microsoft/infoxlm-base,7,nounsverbs,23,0.9127987027168274
infoxlm_base,microsoft/infoxlm-base,7,nounsverbs,24,0.9200772643089294
infoxlm_base,microsoft/infoxlm-base,7,nounsverbs,25,0.8845418095588684
infoxlm_base,microsoft/infoxlm-base,7,nounsverbs,26,0.8961586952209473
infoxlm_base,microsoft/infoxlm-base,7,nounsverbs,27,0.909034013748169
infoxlm_base,microsoft/infoxlm-base,7,nounsverbs,28,0.921565592288971
infoxlm_base,microsoft/infoxlm-base,7,nounsverbs,29,0.9211454391479492
infoxlm_base,microsoft/infoxlm-base,7,nounsverbs,30,0.9265013933181763
infoxlm_base,microsoft/infoxlm-base,7,nounsverbs,31,0.8902876973152161
infoxlm_base,microsoft/infoxlm-base,7,nounsverbs,32,0.8879924416542053
infoxlm_base,microsoft/infoxlm-base,7,nounsverbs,33,0.9271641969680786
infoxlm_base,microsoft/infoxlm-base,7,nounsverbs,34,0.9307470917701721
infoxlm_base,microsoft/infoxlm-base,7,nounsverbs,35,0.916782557964325
infoxlm_base,microsoft/infoxlm-base,7,nounsverbs,36,0.9050912857055664
infoxlm_base,microsoft/infoxlm-base,7,nounsverbs,37,0.8856871724128723
infoxlm_base,microsoft/infoxlm-base,7,nounsverbs,38,0.9125158786773682
infoxlm_base,microsoft/infoxlm-base,7,nounsverbs,39,0.9126120209693909
infoxlm_base,microsoft/infoxlm-base,7,nounsverbs,40,0.9133338332176208
infoxlm_base,microsoft/infoxlm-base,7,nounsverbs,41,0.9231583476066589
infoxlm_base,microsoft/infoxlm-base,7,nounsverbs,42,0.912955641746521
infoxlm_base,microsoft/infoxlm-base,7,nounsverbs,43,0.9585983753204346
infoxlm_base,microsoft/infoxlm-base,7,nounsverbs,44,0.8924993276596069
infoxlm_base,microsoft/infoxlm-base,7,nounsverbs,45,0.9464427828788757
infoxlm_base,microsoft/infoxlm-base,7,nounsverbs,46,0.9038181900978088
infoxlm_base,microsoft/infoxlm-base,7,nounsverbs,47,0.9056307673454285
infoxlm_base,microsoft/infoxlm-base,7,nounsverbs,48,0.9153839349746704
infoxlm_base,microsoft/infoxlm-base,7,nounsverbs,49,0.8874634504318237
infoxlm_base,microsoft/infoxlm-base,7,nounsverbs,50,0.8946129083633423
infoxlm_base,microsoft/infoxlm-base,7,nounsverbs,51,0.8934397101402283
infoxlm_base,microsoft/infoxlm-base,7,nounsverbs,52,0.8989050388336182
infoxlm_base,microsoft/infoxlm-base,7,nounsverbs,53,0.9184061288833618
infoxlm_base,microsoft/infoxlm-base,7,nounsverbs,54,0.9435662031173706
infoxlm_base,microsoft/infoxlm-base,7,nounsverbs,55,0.9165525436401367
infoxlm_base,microsoft/infoxlm-base,7,nounsverbs,56,0.9343482255935669
infoxlm_base,microsoft/infoxlm-base,7,nounsverbs,57,0.9348238110542297
infoxlm_base,microsoft/infoxlm-base,7,nounsverbs,58,0.9367108345031738
infoxlm_base,microsoft/infoxlm-base,7,nounsverbs,59,0.8830222487449646
infoxlm_base,microsoft/infoxlm-base,7,nounsverbs,60,0.9251765012741089
infoxlm_base,microsoft/infoxlm-base,7,nounsverbs,61,0.9057967662811279
infoxlm_base,microsoft/infoxlm-base,7,nounsverbs,62,0.9154993295669556
infoxlm_base,microsoft/infoxlm-base,7,nounsverbs,63,0.9242768287658691
infoxlm_base,microsoft/infoxlm-base,7,nounsverbs,64,0.9321866631507874
infoxlm_base,microsoft/infoxlm-base,7,nounsverbs,65,0.9307249784469604
infoxlm_base,microsoft/infoxlm-base,7,nounsverbs,66,0.9154850840568542
infoxlm_base,microsoft/infoxlm-base,7,nounsverbs,67,0.9037320613861084
infoxlm_base,microsoft/infoxlm-base,7,nounsverbs,68,0.9594868421554565
infoxlm_base,microsoft/infoxlm-base,7,nounsverbs,69,0.9291654825210571
infoxlm_base,microsoft/infoxlm-base,7,nounsverbs,70,0.9128223657608032
infoxlm_base,microsoft/infoxlm-base,7,nounsverbs,71,0.9409201741218567
infoxlm_base,microsoft/infoxlm-base,7,nounsverbs,72,0.8927138447761536
infoxlm_base,microsoft/infoxlm-base,7,nounsverbs,73,0.8955724239349365
infoxlm_base,microsoft/infoxlm-base,7,nounsverbs,74,0.9259154796600342
infoxlm_base,microsoft/infoxlm-base,7,nounsverbs,75,0.9206242561340332
infoxlm_base,microsoft/infoxlm-base,7,nounsverbs,76,0.9164347052574158
infoxlm_base,microsoft/infoxlm-base,7,nounsverbs,77,0.9324413537979126
infoxlm_base,microsoft/infoxlm-base,7,nounsverbs,78,0.8828004598617554
infoxlm_base,microsoft/infoxlm-base,7,nounsverbs,79,0.9002851247787476
infoxlm_base,microsoft/infoxlm-base,7,nounsverbs,80,0.9194411635398865
infoxlm_base,microsoft/infoxlm-base,7,nounsverbs,81,0.9127002358436584
infoxlm_base,microsoft/infoxlm-base,7,nounsverbs,82,0.9031642079353333
infoxlm_base,microsoft/infoxlm-base,7,nounsverbs,83,0.9177995920181274
infoxlm_base,microsoft/infoxlm-base,7,nounsverbs,84,0.9301437735557556
infoxlm_base,microsoft/infoxlm-base,7,nounsverbs,85,0.9369650483131409
infoxlm_base,microsoft/infoxlm-base,7,nounsverbs,86,0.9035024642944336
infoxlm_base,microsoft/infoxlm-base,7,nounsverbs,87,0.9039117097854614
infoxlm_base,microsoft/infoxlm-base,7,nounsverbs,88,0.9113947153091431
infoxlm_base,microsoft/infoxlm-base,7,nounsverbs,89,0.9359922409057617
infoxlm_base,microsoft/infoxlm-base,7,nounsverbs,90,0.9216891527175903
infoxlm_base,microsoft/infoxlm-base,7,nounsverbs,91,0.92127925157547
infoxlm_base,microsoft/infoxlm-base,7,nounsverbs,92,0.925151526927948
infoxlm_base,microsoft/infoxlm-base,7,nounsverbs,93,0.9089215993881226
infoxlm_base,microsoft/infoxlm-base,7,nounsverbs,94,0.942711591720581
infoxlm_base,microsoft/infoxlm-base,7,nounsverbs,95,0.9017627239227295
infoxlm_base,microsoft/infoxlm-base,7,nounsverbs,96,0.941676676273346
infoxlm_base,microsoft/infoxlm-base,7,nounsverbs,97,0.8858987092971802
infoxlm_base,microsoft/infoxlm-base,7,nounsverbs,98,0.9067040085792542
infoxlm_base,microsoft/infoxlm-base,7,nounsverbs,99,0.9371798038482666
infoxlm_base,microsoft/infoxlm-base,7,nounsverbs,100,0.9057343602180481
infoxlm_base,microsoft/infoxlm-base,7,nounsverbs,101,0.913229763507843
infoxlm_base,microsoft/infoxlm-base,7,nounsverbs,102,0.9107503294944763
infoxlm_base,microsoft/infoxlm-base,7,nounsverbs,103,0.9300411939620972
infoxlm_base,microsoft/infoxlm-base,7,nounsverbs,104,0.91659015417099
infoxlm_base,microsoft/infoxlm-base,7,nounsverbs,105,0.933574914932251
infoxlm_base,microsoft/infoxlm-base,7,nounsverbs,106,0.916513204574585
infoxlm_base,microsoft/infoxlm-base,7,nounsverbs,107,0.9003685116767883
infoxlm_base,microsoft/infoxlm-base,7,nounsverbs,108,0.8900179862976074
infoxlm_base,microsoft/infoxlm-base,7,nounsverbs,109,0.8913677930831909
infoxlm_base,microsoft/infoxlm-base,7,nounsverbs,110,0.9292458891868591
infoxlm_base,microsoft/infoxlm-base,7,nounsverbs,111,0.8754879832267761
infoxlm_base,microsoft/infoxlm-base,7,nounsverbs,112,0.8971895575523376
infoxlm_base,microsoft/infoxlm-base,7,nounsverbs,113,0.9361023902893066
infoxlm_base,microsoft/infoxlm-base,7,nounsverbs,114,0.9182059168815613
infoxlm_base,microsoft/infoxlm-base,7,nounsverbs,115,0.9226767420768738
infoxlm_base,microsoft/infoxlm-base,7,nounsverbs,116,0.9355176091194153
infoxlm_base,microsoft/infoxlm-base,7,nounsverbs,117,0.8986605405807495
infoxlm_base,microsoft/infoxlm-base,7,nounsverbs,118,0.9177443981170654
infoxlm_base,microsoft/infoxlm-base,7,nounsverbs,119,0.9028021097183228
infoxlm_base,microsoft/infoxlm-base,7,nounsverbs,120,0.9178831577301025
infoxlm_base,microsoft/infoxlm-base,7,nounsverbs,121,0.9102267026901245
infoxlm_base,microsoft/infoxlm-base,7,nounsverbs,122,0.9408907890319824
infoxlm_base,microsoft/infoxlm-base,7,nounsverbs,123,0.9320493936538696
infoxlm_base,microsoft/infoxlm-base,7,nounsverbs,124,0.9206101298332214
infoxlm_base,microsoft/infoxlm-base,7,nounsverbs,125,0.927101731300354
infoxlm_base,microsoft/infoxlm-base,7,nounsverbs,126,0.9259604811668396
infoxlm_base,microsoft/infoxlm-base,7,nounsverbs,127,0.9423660039901733
infoxlm_base,microsoft/infoxlm-base,7,nounsverbs,128,0.9257370829582214
infoxlm_base,microsoft/infoxlm-base,7,nounsverbs,129,0.9228060841560364
infoxlm_base,microsoft/infoxlm-base,7,nounsverbs,130,0.9278258085250854
infoxlm_base,microsoft/infoxlm-base,7,nounsverbs,131,0.9125167727470398
infoxlm_base,microsoft/infoxlm-base,7,nounsverbs,132,0.9250729084014893
infoxlm_base,microsoft/infoxlm-base,7,nounsverbs,133,0.9135596752166748
infoxlm_base,microsoft/infoxlm-base,7,nounsverbs,134,0.8966996669769287
infoxlm_base,microsoft/infoxlm-base,7,nounsverbs,135,0.94749516248703
infoxlm_base,microsoft/infoxlm-base,7,nounsverbs,136,0.9177547097206116
infoxlm_base,microsoft/infoxlm-base,7,nounsverbs,137,0.934529185295105
infoxlm_base,microsoft/infoxlm-base,7,nounsverbs,138,0.885923445224762
infoxlm_base,microsoft/infoxlm-base,7,nounsverbs,139,0.9298388957977295
infoxlm_base,microsoft/infoxlm-base,7,nounsverbs,140,0.9173920750617981
infoxlm_base,microsoft/infoxlm-base,7,nounsverbs,141,0.9358859658241272
infoxlm_base,microsoft/infoxlm-base,7,nounsverbs,142,0.9208569526672363
infoxlm_base,microsoft/infoxlm-base,7,nounsverbs,143,0.9443338513374329
infoxlm_base,microsoft/infoxlm-base,7,nounsverbs,144,0.9182623028755188
infoxlm_base,microsoft/infoxlm-base,7,nounsverbs,145,0.9075247049331665
infoxlm_base,microsoft/infoxlm-base,7,nounsverbs,146,0.9414552450180054
infoxlm_base,microsoft/infoxlm-base,7,nounsverbs,147,0.8852666020393372
infoxlm_base,microsoft/infoxlm-base,7,nounsverbs,148,0.8774423599243164
infoxlm_base,microsoft/infoxlm-base,7,nounsverbs,149,0.9191138744354248
infoxlm_base,microsoft/infoxlm-base,7,nounsverbs,150,0.9276236295700073
infoxlm_base,microsoft/infoxlm-base,7,nounsverbs,151,0.9282400608062744
infoxlm_base,microsoft/infoxlm-base,7,nounsverbs,152,0.9031285047531128
infoxlm_base,microsoft/infoxlm-base,7,nounsverbs,153,0.9296281337738037
infoxlm_base,microsoft/infoxlm-base,7,nounsverbs,154,0.8885790109634399
infoxlm_base,microsoft/infoxlm-base,7,nounsverbs,155,0.9150703549385071
infoxlm_base,microsoft/infoxlm-base,7,nounsverbs,156,0.9156790971755981
infoxlm_base,microsoft/infoxlm-base,7,nounsverbs,157,0.9318898916244507
infoxlm_base,microsoft/infoxlm-base,7,nounsverbs,158,0.9162914752960205
infoxlm_base,microsoft/infoxlm-base,7,nounsverbs,159,0.9214093685150146
infoxlm_base,microsoft/infoxlm-base,7,nounsverbs,160,0.9101588726043701
infoxlm_base,microsoft/infoxlm-base,7,nounsverbs,161,0.9163269996643066
infoxlm_base,microsoft/infoxlm-base,7,nounsverbs,162,0.8878060579299927
infoxlm_base,microsoft/infoxlm-base,7,nounsverbs,163,0.882826566696167
infoxlm_base,microsoft/infoxlm-base,7,nounsverbs,164,0.9235578775405884
infoxlm_base,microsoft/infoxlm-base,7,nounsverbs,165,0.8913062810897827
infoxlm_base,microsoft/infoxlm-base,7,nounsverbs,166,0.9102628231048584
infoxlm_base,microsoft/infoxlm-base,7,nounsverbs,167,0.9118747115135193
infoxlm_base,microsoft/infoxlm-base,7,nounsverbs,168,0.9028586745262146
infoxlm_base,microsoft/infoxlm-base,7,nounsverbs,169,0.8978483080863953
infoxlm_base,microsoft/infoxlm-base,7,nounsverbs,170,0.9061744213104248
infoxlm_base,microsoft/infoxlm-base,7,nounsverbs,171,0.8826950788497925
infoxlm_base,microsoft/infoxlm-base,7,nounsverbs,172,0.926687479019165
infoxlm_base,microsoft/infoxlm-base,7,nounsverbs,173,0.9459323883056641
infoxlm_base,microsoft/infoxlm-base,7,nounsverbs,174,0.9230562448501587
infoxlm_base,microsoft/infoxlm-base,7,nounsverbs,175,0.9218980669975281
infoxlm_base,microsoft/infoxlm-base,7,nounsverbs,176,0.8932932615280151
infoxlm_base,microsoft/infoxlm-base,7,nounsverbs,177,0.916130542755127
infoxlm_base,microsoft/infoxlm-base,7,nounsverbs,178,0.9192641973495483
infoxlm_base,microsoft/infoxlm-base,7,nounsverbs,179,0.9163447022438049
infoxlm_base,microsoft/infoxlm-base,7,nounsverbs,180,0.8951367735862732
infoxlm_base,microsoft/infoxlm-base,7,nounsverbs,181,0.9119686484336853
infoxlm_base,microsoft/infoxlm-base,7,nounsverbs,182,0.9449505805969238
infoxlm_base,microsoft/infoxlm-base,7,nounsverbs,183,0.927852988243103
infoxlm_base,microsoft/infoxlm-base,7,nounsverbs,184,0.9220938682556152
infoxlm_base,microsoft/infoxlm-base,7,nounsverbs,185,0.9344951510429382
infoxlm_base,microsoft/infoxlm-base,7,nounsverbs,186,0.8787776231765747
infoxlm_base,microsoft/infoxlm-base,7,nounsverbs,187,0.9476614594459534
infoxlm_base,microsoft/infoxlm-base,7,nounsverbs,188,0.9385629296302795
infoxlm_base,microsoft/infoxlm-base,7,nounsverbs,189,0.9204339981079102
infoxlm_base,microsoft/infoxlm-base,7,nounsverbs,190,0.9201246500015259
infoxlm_base,microsoft/infoxlm-base,7,nounsverbs,191,0.9132161736488342
infoxlm_base,microsoft/infoxlm-base,7,nounsverbs,192,0.9033050537109375
infoxlm_base,microsoft/infoxlm-base,7,nounsverbs,193,0.9014691710472107
infoxlm_base,microsoft/infoxlm-base,7,nounsverbs,194,0.9205834865570068
infoxlm_base,microsoft/infoxlm-base,7,nounsverbs,195,0.9043021202087402
infoxlm_base,microsoft/infoxlm-base,7,nounsverbs,196,0.9162803888320923
infoxlm_base,microsoft/infoxlm-base,7,nounsverbs,197,0.9048452973365784
infoxlm_base,microsoft/infoxlm-base,7,nounsverbs,198,0.9151362776756287
infoxlm_base,microsoft/infoxlm-base,7,nounsverbs,199,0.9097282886505127
infoxlm_base,microsoft/infoxlm-base,7,nounsverbs,200,0.9425272941589355
infoxlm_base,microsoft/infoxlm-base,7,nounsverbs,201,0.9080057740211487
infoxlm_base,microsoft/infoxlm-base,7,nounsverbs,202,0.9214671850204468
infoxlm_base,microsoft/infoxlm-base,7,nounsverbs,203,0.8916159868240356
infoxlm_base,microsoft/infoxlm-base,7,nounsverbs,204,0.9209809303283691
infoxlm_base,microsoft/infoxlm-base,7,nounsverbs,205,0.9044660925865173
infoxlm_base,microsoft/infoxlm-base,7,nounsverbs,206,0.9108246564865112
infoxlm_base,microsoft/infoxlm-base,7,nounsverbs,207,0.8907361626625061
infoxlm_base,microsoft/infoxlm-base,7,nounsverbs,208,0.9121724963188171
infoxlm_base,microsoft/infoxlm-base,7,nounsverbs,209,0.9036539196968079
infoxlm_base,microsoft/infoxlm-base,7,nounsverbs,210,0.8906905651092529
infoxlm_base,microsoft/infoxlm-base,7,nounsverbs,211,0.9081941246986389
infoxlm_base,microsoft/infoxlm-base,7,nounsverbs,212,0.9034990072250366
infoxlm_base,microsoft/infoxlm-base,7,nounsverbs,213,0.8914909362792969
infoxlm_base,microsoft/infoxlm-base,7,nounsverbs,214,0.9002420902252197
infoxlm_base,microsoft/infoxlm-base,7,nounsverbs,215,0.9067869186401367
infoxlm_base,microsoft/infoxlm-base,7,nounsverbs,216,0.9238990545272827
infoxlm_base,microsoft/infoxlm-base,7,nounsverbs,217,0.8931909203529358
infoxlm_base,microsoft/infoxlm-base,7,nounsverbs,218,0.9285306334495544
infoxlm_base,microsoft/infoxlm-base,7,nounsverbs,219,0.9374818205833435
infoxlm_base,microsoft/infoxlm-base,7,nounsverbs,220,0.9202125072479248
infoxlm_base,microsoft/infoxlm-base,7,nounsverbs,221,0.9111112356185913
infoxlm_base,microsoft/infoxlm-base,7,nounsverbs,222,0.9228619933128357
infoxlm_base,microsoft/infoxlm-base,7,nounsverbs,223,0.930248498916626
infoxlm_base,microsoft/infoxlm-base,7,nounsverbs,224,0.9309313297271729
infoxlm_base,microsoft/infoxlm-base,7,nounsverbs,225,0.9326056241989136
infoxlm_base,microsoft/infoxlm-base,7,nounsverbs,226,0.8893718123435974
infoxlm_base,microsoft/infoxlm-base,7,nounsverbs,227,0.9763858318328857
infoxlm_base,microsoft/infoxlm-base,7,nounsverbs,228,0.8927772641181946
infoxlm_base,microsoft/infoxlm-base,7,nounsverbs,229,0.928331196308136
infoxlm_base,microsoft/infoxlm-base,7,nounsverbs,230,0.9140960574150085
infoxlm_base,microsoft/infoxlm-base,7,nounsverbs,231,0.9170342087745667
infoxlm_base,microsoft/infoxlm-base,7,nounsverbs,232,0.9134657979011536
infoxlm_base,microsoft/infoxlm-base,7,nounsverbs,233,0.8988310098648071
infoxlm_base,microsoft/infoxlm-base,7,nounsverbs,234,0.9064332246780396
infoxlm_base,microsoft/infoxlm-base,7,nounsverbs,235,0.8955917358398438
infoxlm_base,microsoft/infoxlm-base,7,nounsverbs,236,0.9379419088363647
infoxlm_base,microsoft/infoxlm-base,7,nounsverbs,237,0.949102520942688
infoxlm_base,microsoft/infoxlm-base,7,nounsverbs,238,0.9046199321746826
infoxlm_base,microsoft/infoxlm-base,7,nounsverbs,239,0.8813452124595642
infoxlm_base,microsoft/infoxlm-base,7,nounsverbs,240,0.9054610729217529
infoxlm_base,microsoft/infoxlm-base,7,nounsverbs,241,0.8858910202980042
infoxlm_base,microsoft/infoxlm-base,7,nounsverbs,242,0.9006512761116028
infoxlm_base,microsoft/infoxlm-base,7,nounsverbs,243,0.8946046829223633
infoxlm_base,microsoft/infoxlm-base,7,nounsverbs,244,0.928858757019043
infoxlm_base,microsoft/infoxlm-base,7,nounsverbs,245,0.893640398979187
infoxlm_base,microsoft/infoxlm-base,7,nounsverbs,246,0.8820267915725708
infoxlm_base,microsoft/infoxlm-base,7,nounsverbs,247,0.8972649574279785
infoxlm_base,microsoft/infoxlm-base,7,nounsverbs,248,0.8913145065307617
infoxlm_base,microsoft/infoxlm-base,7,nounsverbs,249,0.8984066247940063
infoxlm_base,microsoft/infoxlm-base,7,nounsverbs,250,0.899186372756958
infoxlm_base,microsoft/infoxlm-base,7,nounsverbs,251,0.9019575119018555
infoxlm_base,microsoft/infoxlm-base,7,nounsverbs,252,0.8925224542617798
infoxlm_base,microsoft/infoxlm-base,7,nounsverbs,253,0.9144957065582275
infoxlm_base,microsoft/infoxlm-base,7,nounsverbs,254,0.8869905471801758
infoxlm_base,microsoft/infoxlm-base,7,nounsverbs,255,0.9289069175720215
infoxlm_base,microsoft/infoxlm-base,7,nounsverbs,256,0.9020726680755615
infoxlm_base,microsoft/infoxlm-base,7,nounsverbs,257,0.9210526943206787
infoxlm_base,microsoft/infoxlm-base,7,nounsverbs,258,0.9321863651275635
infoxlm_base,microsoft/infoxlm-base,7,nounsverbs,259,0.9415268301963806
infoxlm_base,microsoft/infoxlm-base,7,nounsverbs,260,0.9129194021224976
infoxlm_base,microsoft/infoxlm-base,7,nounsverbs,261,0.9214819073677063
infoxlm_base,microsoft/infoxlm-base,7,nounsverbs,262,0.9156101942062378
infoxlm_base,microsoft/infoxlm-base,7,nounsverbs,263,0.9281749725341797
infoxlm_base,microsoft/infoxlm-base,7,nounsverbs,264,0.9338259696960449
infoxlm_base,microsoft/infoxlm-base,7,nounsverbs,265,0.9240638017654419
infoxlm_base,microsoft/infoxlm-base,7,nounsverbs,266,0.9214566349983215
infoxlm_base,microsoft/infoxlm-base,7,nounsverbs,267,0.9258120656013489
infoxlm_base,microsoft/infoxlm-base,7,nounsverbs,268,0.9045453667640686
infoxlm_base,microsoft/infoxlm-base,7,nounsverbs,269,0.9089252352714539
infoxlm_base,microsoft/infoxlm-base,7,nounsverbs,270,0.9361101388931274
infoxlm_base,microsoft/infoxlm-base,7,nounsverbs,271,0.8922983407974243
infoxlm_base,microsoft/infoxlm-base,7,nounsverbs,272,0.9189214110374451
infoxlm_base,microsoft/infoxlm-base,7,nounsverbs,273,0.8998262882232666
infoxlm_base,microsoft/infoxlm-base,7,nounsverbs,274,0.9415799379348755
infoxlm_base,microsoft/infoxlm-base,7,nounsverbs,275,0.9147849678993225
infoxlm_base,microsoft/infoxlm-base,7,nounsverbs,276,0.9150343537330627
infoxlm_base,microsoft/infoxlm-base,7,nounsverbs,277,0.9090015888214111
infoxlm_base,microsoft/infoxlm-base,7,nounsverbs,278,0.9230320453643799
infoxlm_base,microsoft/infoxlm-base,7,nounsverbs,279,0.9078896045684814
infoxlm_base,microsoft/infoxlm-base,7,nounsverbs,280,0.9205163717269897
infoxlm_base,microsoft/infoxlm-base,7,nounsverbs,281,0.8955536484718323
infoxlm_base,microsoft/infoxlm-base,7,nounsverbs,282,0.9272216558456421
infoxlm_base,microsoft/infoxlm-base,7,nounsverbs,283,0.9104909896850586
infoxlm_base,microsoft/infoxlm-base,7,nounsverbs,284,0.93958580493927
infoxlm_base,microsoft/infoxlm-base,7,nounsverbs,285,0.9220532178878784
infoxlm_base,microsoft/infoxlm-base,7,nounsverbs,286,0.9263166785240173
infoxlm_base,microsoft/infoxlm-base,7,nounsverbs,287,0.9139142632484436
infoxlm_base,microsoft/infoxlm-base,7,nounsverbs,288,0.9113078117370605
infoxlm_base,microsoft/infoxlm-base,7,nounsverbs,289,0.9302984476089478
infoxlm_base,microsoft/infoxlm-base,7,nounsverbs,290,0.9088224768638611
infoxlm_base,microsoft/infoxlm-base,7,nounsverbs,291,0.893113911151886
infoxlm_base,microsoft/infoxlm-base,7,nounsverbs,292,0.9308080673217773
infoxlm_base,microsoft/infoxlm-base,7,nounsverbs,293,0.9099342226982117
infoxlm_base,microsoft/infoxlm-base,7,nounsverbs,294,0.9205172657966614
infoxlm_base,microsoft/infoxlm-base,7,nounsverbs,295,0.9068777561187744
infoxlm_base,microsoft/infoxlm-base,7,nounsverbs,296,0.9122691750526428
infoxlm_base,microsoft/infoxlm-base,7,nounsverbs,297,0.9136989712715149
infoxlm_base,microsoft/infoxlm-base,7,nounsverbs,298,0.935125470161438
infoxlm_base,microsoft/infoxlm-base,7,nounsverbs,299,0.9277186393737793
infoxlm_base,microsoft/infoxlm-base,7,nounsverbs,300,0.9134722352027893
infoxlm_base,microsoft/infoxlm-base,7,nounsverbs,301,0.8921298384666443
infoxlm_base,microsoft/infoxlm-base,7,nounsverbs,302,0.9074362516403198
infoxlm_base,microsoft/infoxlm-base,7,nounsverbs,303,0.8838027715682983
infoxlm_base,microsoft/infoxlm-base,7,nounsverbs,304,0.9188709855079651
infoxlm_base,microsoft/infoxlm-base,7,nounsverbs,305,0.8928290605545044
infoxlm_base,microsoft/infoxlm-base,7,nounsverbs,306,0.8981145620346069
infoxlm_base,microsoft/infoxlm-base,7,nounsverbs,307,0.9078008532524109
infoxlm_base,microsoft/infoxlm-base,7,nounsverbs,308,0.894622802734375
infoxlm_base,microsoft/infoxlm-base,7,nounsverbs,309,0.9158987998962402
infoxlm_base,microsoft/infoxlm-base,7,nounsverbs,310,0.9242907166481018
infoxlm_base,microsoft/infoxlm-base,7,nounsverbs,311,0.9269791841506958
infoxlm_base,microsoft/infoxlm-base,7,nounsverbs,312,0.8698605895042419
infoxlm_base,microsoft/infoxlm-base,7,nounsverbs,313,0.9074703454971313
infoxlm_base,microsoft/infoxlm-base,7,nounsverbs,314,0.9042912721633911
infoxlm_base,microsoft/infoxlm-base,7,nounsverbs,315,0.9202935099601746
infoxlm_base,microsoft/infoxlm-base,7,nounsverbs,316,0.9148293137550354
infoxlm_base,microsoft/infoxlm-base,7,nounsverbs,317,0.9190870523452759
infoxlm_base,microsoft/infoxlm-base,7,nounsverbs,318,0.9312941431999207
infoxlm_base,microsoft/infoxlm-base,7,nounsverbs,319,0.9010380506515503
infoxlm_base,microsoft/infoxlm-base,7,nounsverbs,320,0.9285607933998108
infoxlm_base,microsoft/infoxlm-base,7,nounsverbs,321,0.8823930621147156
infoxlm_base,microsoft/infoxlm-base,7,nounsverbs,322,0.8889954090118408
infoxlm_base,microsoft/infoxlm-base,7,nounsverbs,323,0.952515721321106
infoxlm_base,microsoft/infoxlm-base,7,nounsverbs,324,0.9331536889076233
infoxlm_base,microsoft/infoxlm-base,7,nounsverbs,325,0.9048840999603271
infoxlm_base,microsoft/infoxlm-base,7,nounsverbs,326,0.9335794448852539
infoxlm_base,microsoft/infoxlm-base,7,nounsverbs,327,0.9353445172309875
infoxlm_base,microsoft/infoxlm-base,7,nounsverbs,328,0.8971350193023682
infoxlm_base,microsoft/infoxlm-base,7,nounsverbs,329,0.8822885751724243
infoxlm_base,microsoft/infoxlm-base,7,nounsverbs,330,0.9156420230865479
infoxlm_base,microsoft/infoxlm-base,7,nounsverbs,331,0.9072062969207764
infoxlm_base,microsoft/infoxlm-base,7,nounsverbs,332,0.9063498973846436
infoxlm_base,microsoft/infoxlm-base,7,nounsverbs,333,0.9143155217170715
infoxlm_base,microsoft/infoxlm-base,7,nounsverbs,334,0.9312151074409485
infoxlm_base,microsoft/infoxlm-base,7,nounsverbs,335,0.9060627222061157
infoxlm_base,microsoft/infoxlm-base,7,nounsverbs,336,0.8887702822685242
infoxlm_base,microsoft/infoxlm-base,7,nounsverbs,337,0.9289783835411072
infoxlm_base,microsoft/infoxlm-base,7,nounsverbs,338,0.8846763968467712
infoxlm_base,microsoft/infoxlm-base,7,nounsverbs,339,0.9049078822135925
infoxlm_base,microsoft/infoxlm-base,7,nounsverbs,340,0.8641584515571594
infoxlm_base,microsoft/infoxlm-base,7,nounsverbs,341,0.9310117363929749
infoxlm_base,microsoft/infoxlm-base,7,nounsverbs,342,0.921282947063446
infoxlm_base,microsoft/infoxlm-base,7,nounsverbs,343,0.9169083833694458
infoxlm_base,microsoft/infoxlm-base,7,nounsverbs,344,0.928367018699646
infoxlm_base,microsoft/infoxlm-base,7,nounsverbs,345,0.9269842505455017
infoxlm_base,microsoft/infoxlm-base,7,nounsverbs,346,0.9135802388191223
infoxlm_base,microsoft/infoxlm-base,7,nounsverbs,347,0.9017364978790283
infoxlm_base,microsoft/infoxlm-base,7,nounsverbs,348,0.9231220483779907
infoxlm_base,microsoft/infoxlm-base,7,nounsverbs,349,0.9135890007019043
infoxlm_base,microsoft/infoxlm-base,7,nounsverbs,350,0.946918249130249
infoxlm_base,microsoft/infoxlm-base,7,nounsverbs,351,0.9098764061927795
infoxlm_base,microsoft/infoxlm-base,7,nounsverbs,352,0.9262675642967224
infoxlm_base,microsoft/infoxlm-base,7,nounsverbs,353,0.8929024338722229
infoxlm_base,microsoft/infoxlm-base,7,nounsverbs,354,0.9128953814506531
infoxlm_base,microsoft/infoxlm-base,7,nounsverbs,355,0.9202895760536194
infoxlm_base,microsoft/infoxlm-base,7,nounsverbs,356,0.9354478120803833
infoxlm_base,microsoft/infoxlm-base,7,nounsverbs,357,0.8988871574401855
infoxlm_base,microsoft/infoxlm-base,7,nounsverbs,358,0.9384093880653381
infoxlm_base,microsoft/infoxlm-base,7,nounsverbs,359,0.8814634680747986
infoxlm_base,microsoft/infoxlm-base,7,nounsverbs,360,0.8977683782577515
infoxlm_base,microsoft/infoxlm-base,7,nounsverbs,361,0.9133615493774414
infoxlm_base,microsoft/infoxlm-base,7,nounsverbs,362,0.8913103342056274
infoxlm_base,microsoft/infoxlm-base,7,nounsverbs,363,0.9407994747161865
infoxlm_base,microsoft/infoxlm-base,7,nounsverbs,364,0.8999515771865845
infoxlm_base,microsoft/infoxlm-base,7,nounsverbs,365,0.9167728424072266
infoxlm_base,microsoft/infoxlm-base,7,nounsverbs,366,0.9066203832626343
infoxlm_base,microsoft/infoxlm-base,7,nounsverbs,367,0.9103070497512817
infoxlm_base,microsoft/infoxlm-base,7,nounsverbs,368,0.9119864702224731
infoxlm_base,microsoft/infoxlm-base,7,nounsverbs,369,0.9081639647483826
infoxlm_base,microsoft/infoxlm-base,7,nounsverbs,370,0.9320611953735352
infoxlm_base,microsoft/infoxlm-base,7,nounsverbs,371,0.9218958616256714
infoxlm_base,microsoft/infoxlm-base,7,nounsverbs,372,0.9224425554275513
infoxlm_base,microsoft/infoxlm-base,7,nounsverbs,373,0.9030327200889587
infoxlm_base,microsoft/infoxlm-base,7,nounsverbs,374,0.9272818565368652
infoxlm_base,microsoft/infoxlm-base,7,nounsverbs,375,0.916387140750885
infoxlm_base,microsoft/infoxlm-base,7,nounsverbs,376,0.9196966290473938
infoxlm_base,microsoft/infoxlm-base,7,nounsverbs,377,0.9441477060317993
infoxlm_base,microsoft/infoxlm-base,7,nounsverbs,378,0.9157295823097229
infoxlm_base,microsoft/infoxlm-base,7,nounsverbs,379,0.8892183303833008
infoxlm_base,microsoft/infoxlm-base,7,nounsverbs,380,0.8934622406959534
infoxlm_base,microsoft/infoxlm-base,7,nounsverbs,381,0.9431012272834778
infoxlm_base,microsoft/infoxlm-base,7,nounsverbs,382,0.9051112532615662
infoxlm_base,microsoft/infoxlm-base,7,nounsverbs,383,0.9145984053611755
infoxlm_base,microsoft/infoxlm-base,7,nounsverbs,384,0.9212663769721985
infoxlm_base,microsoft/infoxlm-base,7,nounsverbs,385,0.9261606335639954
infoxlm_base,microsoft/infoxlm-base,7,nounsverbs,386,0.9183105230331421
infoxlm_base,microsoft/infoxlm-base,7,nounsverbs,387,0.926506757736206
infoxlm_base,microsoft/infoxlm-base,7,nounsverbs,388,0.9177457094192505
infoxlm_base,microsoft/infoxlm-base,7,nounsverbs,389,0.9238702058792114
infoxlm_base,microsoft/infoxlm-base,7,nounsverbs,390,0.9151602983474731
infoxlm_base,microsoft/infoxlm-base,7,nounsverbs,391,0.9204501509666443
infoxlm_base,microsoft/infoxlm-base,7,nounsverbs,392,0.9314860105514526
infoxlm_base,microsoft/infoxlm-base,7,nounsverbs,393,0.8899415135383606
infoxlm_base,microsoft/infoxlm-base,7,nounsverbs,394,0.8947765827178955
infoxlm_base,microsoft/infoxlm-base,7,nounsverbs,395,0.8873341083526611
infoxlm_base,microsoft/infoxlm-base,7,nounsverbs,396,0.9042530059814453
infoxlm_base,microsoft/infoxlm-base,7,nounsverbs,397,0.8931588530540466
infoxlm_base,microsoft/infoxlm-base,7,nounsverbs,398,0.9148480296134949
infoxlm_base,microsoft/infoxlm-base,7,nounsverbs,399,0.9156341552734375
infoxlm_base,microsoft/infoxlm-base,7,nounsverbs,400,0.8884320259094238
infoxlm_base,microsoft/infoxlm-base,7,nounsverbs,401,0.9205411672592163
infoxlm_base,microsoft/infoxlm-base,7,nounsverbs,402,0.9006149768829346
infoxlm_base,microsoft/infoxlm-base,7,nounsverbs,403,0.8718902468681335
infoxlm_base,microsoft/infoxlm-base,7,nounsverbs,404,0.9138525128364563
infoxlm_base,microsoft/infoxlm-base,7,nounsverbs,405,0.9394983053207397
infoxlm_base,microsoft/infoxlm-base,7,nounsverbs,406,0.9341171383857727
infoxlm_base,microsoft/infoxlm-base,7,nounsverbs,407,0.9155304431915283
infoxlm_base,microsoft/infoxlm-base,7,nounsverbs,408,0.8969186544418335
infoxlm_base,microsoft/infoxlm-base,7,nounsverbs,409,0.9121373891830444
infoxlm_base,microsoft/infoxlm-base,7,nounsverbs,410,0.9270874261856079
infoxlm_base,microsoft/infoxlm-base,7,nounsverbs,411,0.9413894414901733
infoxlm_base,microsoft/infoxlm-base,7,nounsverbs,412,0.9168382287025452
infoxlm_base,microsoft/infoxlm-base,7,nounsverbs,413,0.925330400466919
infoxlm_base,microsoft/infoxlm-base,7,nounsverbs,414,0.905371904373169
infoxlm_base,microsoft/infoxlm-base,7,nounsverbs,415,0.9088132381439209
infoxlm_base,microsoft/infoxlm-base,7,nounsverbs,416,0.9145556092262268
infoxlm_base,microsoft/infoxlm-base,7,nounsverbs,417,0.9308887720108032
infoxlm_base,microsoft/infoxlm-base,7,nounsverbs,418,0.9077785015106201
infoxlm_base,microsoft/infoxlm-base,7,nounsverbs,419,0.9160133600234985
infoxlm_base,microsoft/infoxlm-base,7,nounsverbs,420,0.920112133026123
infoxlm_base,microsoft/infoxlm-base,7,nounsverbs,421,0.9150924682617188
infoxlm_base,microsoft/infoxlm-base,7,nounsverbs,422,0.8835434317588806
infoxlm_base,microsoft/infoxlm-base,7,nounsverbs,423,0.9024450778961182
infoxlm_base,microsoft/infoxlm-base,7,nounsverbs,424,0.8859633803367615
infoxlm_base,microsoft/infoxlm-base,7,nounsverbs,425,0.8784874677658081
infoxlm_base,microsoft/infoxlm-base,7,nounsverbs,426,0.9340914487838745
infoxlm_base,microsoft/infoxlm-base,7,nounsverbs,427,0.9161728620529175
infoxlm_base,microsoft/infoxlm-base,7,nounsverbs,428,0.941217303276062
infoxlm_base,microsoft/infoxlm-base,7,nounsverbs,429,0.9299384355545044
infoxlm_base,microsoft/infoxlm-base,7,nounsverbs,430,0.9484426975250244
infoxlm_base,microsoft/infoxlm-base,7,nounsverbs,431,0.922953724861145
infoxlm_base,microsoft/infoxlm-base,7,nounsverbs,432,0.9395725727081299
infoxlm_base,microsoft/infoxlm-base,7,nounsverbs,433,0.9228545427322388
infoxlm_base,microsoft/infoxlm-base,7,nounsverbs,434,0.9358322024345398
infoxlm_base,microsoft/infoxlm-base,7,nounsverbs,435,0.9136792421340942
infoxlm_base,microsoft/infoxlm-base,7,nounsverbs,436,0.8981989026069641
infoxlm_base,microsoft/infoxlm-base,7,nounsverbs,437,0.9046016931533813
infoxlm_base,microsoft/infoxlm-base,7,nounsverbs,438,0.9204402565956116
infoxlm_base,microsoft/infoxlm-base,7,nounsverbs,439,0.9236730337142944
infoxlm_base,microsoft/infoxlm-base,7,nounsverbs,440,0.9050112366676331
infoxlm_base,microsoft/infoxlm-base,7,nounsverbs,441,0.9162530303001404
infoxlm_base,microsoft/infoxlm-base,7,nounsverbs,442,0.9337911009788513
infoxlm_base,microsoft/infoxlm-base,7,nounsverbs,443,0.9042991995811462
infoxlm_base,microsoft/infoxlm-base,7,nounsverbs,444,0.8896360993385315
infoxlm_base,microsoft/infoxlm-base,7,nounsverbs,445,0.9075880646705627
infoxlm_base,microsoft/infoxlm-base,7,nounsverbs,446,0.8947595357894897
infoxlm_base,microsoft/infoxlm-base,7,nounsverbs,447,0.9060920476913452
infoxlm_base,microsoft/infoxlm-base,7,nounsverbs,448,0.9031581878662109
infoxlm_base,microsoft/infoxlm-base,7,nounsverbs,449,0.9066140651702881
infoxlm_base,microsoft/infoxlm-base,7,nounsverbs,450,0.9030685424804688
infoxlm_base,microsoft/infoxlm-base,7,nounsverbs,451,0.9162219166755676
infoxlm_base,microsoft/infoxlm-base,7,nounsverbs,452,0.8973301649093628
infoxlm_base,microsoft/infoxlm-base,7,nounsverbs,453,0.9167965650558472
infoxlm_base,microsoft/infoxlm-base,7,nounsverbs,454,0.9154233336448669
infoxlm_base,microsoft/infoxlm-base,7,nounsverbs,455,0.9032257199287415
infoxlm_base,microsoft/infoxlm-base,7,nounsverbs,456,0.9410653710365295
infoxlm_base,microsoft/infoxlm-base,7,nounsverbs,457,0.9108034372329712
infoxlm_base,microsoft/infoxlm-base,7,nounsverbs,458,0.9078998565673828
infoxlm_base,microsoft/infoxlm-base,7,nounsverbs,459,0.9119582176208496
infoxlm_base,microsoft/infoxlm-base,7,nounsverbs,460,0.9223764538764954
infoxlm_base,microsoft/infoxlm-base,7,nounsverbs,461,0.9204308986663818
infoxlm_base,microsoft/infoxlm-base,7,nounsverbs,462,0.9147919416427612
infoxlm_base,microsoft/infoxlm-base,7,nounsverbs,463,0.9399111270904541
infoxlm_base,microsoft/infoxlm-base,7,nounsverbs,464,0.9541222453117371
infoxlm_base,microsoft/infoxlm-base,7,nounsverbs,465,0.9082397222518921
infoxlm_base,microsoft/infoxlm-base,7,nounsverbs,466,0.9235737323760986
infoxlm_base,microsoft/infoxlm-base,7,nounsverbs,467,0.9158487319946289
infoxlm_base,microsoft/infoxlm-base,7,nounsverbs,468,0.9327033162117004
infoxlm_base,microsoft/infoxlm-base,7,nounsverbs,469,0.937762975692749
infoxlm_base,microsoft/infoxlm-base,7,nounsverbs,470,0.9142649173736572
infoxlm_base,microsoft/infoxlm-base,7,nounsverbs,471,0.9378433227539062
infoxlm_base,microsoft/infoxlm-base,7,nounsverbs,472,0.8991687297821045
infoxlm_base,microsoft/infoxlm-base,7,nounsverbs,473,0.8924136161804199
infoxlm_base,microsoft/infoxlm-base,7,nounsverbs,474,0.9219617247581482
infoxlm_base,microsoft/infoxlm-base,7,nounsverbs,475,0.9203535318374634
infoxlm_base,microsoft/infoxlm-base,7,nounsverbs,476,0.9205198287963867
infoxlm_base,microsoft/infoxlm-base,7,nounsverbs,477,0.9097123146057129
infoxlm_base,microsoft/infoxlm-base,7,nounsverbs,478,0.9188233017921448
infoxlm_base,microsoft/infoxlm-base,7,nounsverbs,479,0.9156794548034668
infoxlm_base,microsoft/infoxlm-base,7,nounsverbs,480,0.9383074045181274
infoxlm_base,microsoft/infoxlm-base,7,nounsverbs,481,0.8748576641082764
infoxlm_base,microsoft/infoxlm-base,7,nounsverbs,482,0.9127365946769714
infoxlm_base,microsoft/infoxlm-base,7,nounsverbs,483,0.9247862100601196
infoxlm_base,microsoft/infoxlm-base,7,nounsverbs,484,0.9272067546844482
infoxlm_base,microsoft/infoxlm-base,7,nounsverbs,485,0.9081618189811707
infoxlm_base,microsoft/infoxlm-base,7,nounsverbs,486,0.9167141914367676
infoxlm_base,microsoft/infoxlm-base,7,nounsverbs,487,0.9253214001655579
infoxlm_base,microsoft/infoxlm-base,7,nounsverbs,488,0.932771623134613
infoxlm_base,microsoft/infoxlm-base,7,nounsverbs,489,0.9130446910858154
infoxlm_base,microsoft/infoxlm-base,7,nounsverbs,490,0.9207597374916077
infoxlm_base,microsoft/infoxlm-base,7,nounsverbs,491,0.9337942004203796
infoxlm_base,microsoft/infoxlm-base,7,nounsverbs,492,0.9287624955177307
infoxlm_base,microsoft/infoxlm-base,7,nounsverbs,493,0.9455893635749817
infoxlm_base,microsoft/infoxlm-base,7,nounsverbs,494,0.9217156767845154
infoxlm_base,microsoft/infoxlm-base,7,nounsverbs,495,0.9287943840026855
infoxlm_base,microsoft/infoxlm-base,7,nounsverbs,496,0.9146433472633362
infoxlm_base,microsoft/infoxlm-base,7,nounsverbs,497,0.8910233378410339
infoxlm_base,microsoft/infoxlm-base,7,nounsverbs,498,0.9481871724128723
infoxlm_base,microsoft/infoxlm-base,7,nounsverbs,499,0.9262257814407349
infoxlm_base,microsoft/infoxlm-base,7,nounsverbs,500,0.9145931005477905
infoxlm_base,microsoft/infoxlm-base,7,nounsverbs,501,0.9272725582122803
infoxlm_base,microsoft/infoxlm-base,7,nounsverbs,502,0.9107503294944763
infoxlm_base,microsoft/infoxlm-base,7,nounsverbs,503,0.9171679615974426
infoxlm_base,microsoft/infoxlm-base,7,nounsverbs,504,0.9018988013267517
infoxlm_base,microsoft/infoxlm-base,7,nounsverbs,505,0.931685209274292
infoxlm_base,microsoft/infoxlm-base,7,nounsverbs,506,0.9084877967834473
infoxlm_base,microsoft/infoxlm-base,7,nounsverbs,507,0.914718508720398
infoxlm_base,microsoft/infoxlm-base,7,nounsverbs,508,0.908150315284729
infoxlm_base,microsoft/infoxlm-base,7,nounsverbs,509,0.9382039308547974
infoxlm_base,microsoft/infoxlm-base,7,nounsverbs,510,0.9137368202209473
infoxlm_base,microsoft/infoxlm-base,7,nounsverbs,511,0.912350058555603
infoxlm_base,microsoft/infoxlm-base,7,nounsverbs,512,0.9160103797912598
infoxlm_base,microsoft/infoxlm-base,7,nounsverbs,513,0.9160585403442383
infoxlm_base,microsoft/infoxlm-base,7,nounsverbs,514,0.9388019442558289
infoxlm_base,microsoft/infoxlm-base,7,nounsverbs,515,0.9271909594535828
infoxlm_base,microsoft/infoxlm-base,7,nounsverbs,516,0.9142888188362122
infoxlm_base,microsoft/infoxlm-base,7,nounsverbs,517,0.931080162525177
infoxlm_base,microsoft/infoxlm-base,7,nounsverbs,518,0.9336328506469727
infoxlm_base,microsoft/infoxlm-base,7,nounsverbs,519,0.902577817440033
infoxlm_base,microsoft/infoxlm-base,7,nounsverbs,520,0.9120767116546631
infoxlm_base,microsoft/infoxlm-base,7,nounsverbs,521,0.9344742298126221
infoxlm_base,microsoft/infoxlm-base,7,nounsverbs,522,0.9370711445808411
infoxlm_base,microsoft/infoxlm-base,7,nounsverbs,523,0.936307430267334
infoxlm_base,microsoft/infoxlm-base,7,nounsverbs,524,0.9030857086181641
infoxlm_base,microsoft/infoxlm-base,7,nounsverbs,525,0.9348877668380737
infoxlm_base,microsoft/infoxlm-base,7,nounsverbs,526,0.9121627807617188
infoxlm_base,microsoft/infoxlm-base,7,nounsverbs,527,0.9022117257118225
infoxlm_base,microsoft/infoxlm-base,7,nounsverbs,528,0.8964751958847046
infoxlm_base,microsoft/infoxlm-base,7,nounsverbs,529,0.9377005696296692
infoxlm_base,microsoft/infoxlm-base,7,nounsverbs,530,0.9408910274505615
infoxlm_base,microsoft/infoxlm-base,7,nounsverbs,531,0.9331174492835999
infoxlm_base,microsoft/infoxlm-base,7,nounsverbs,532,0.9192647933959961
infoxlm_base,microsoft/infoxlm-base,7,nounsverbs,533,0.924781322479248
infoxlm_base,microsoft/infoxlm-base,7,nounsverbs,534,0.9341363906860352
infoxlm_base,microsoft/infoxlm-base,7,nounsverbs,535,0.9242677688598633
infoxlm_base,microsoft/infoxlm-base,7,nounsverbs,536,0.9187048673629761
infoxlm_base,microsoft/infoxlm-base,7,nounsverbs,537,0.8965386152267456
infoxlm_base,microsoft/infoxlm-base,7,nounsverbs,538,0.9266713261604309
infoxlm_base,microsoft/infoxlm-base,7,nounsverbs,539,0.9147312641143799
infoxlm_base,microsoft/infoxlm-base,7,nounsverbs,540,0.9260056018829346
infoxlm_base,microsoft/infoxlm-base,7,nounsverbs,541,0.9302268624305725
infoxlm_base,microsoft/infoxlm-base,7,nounsverbs,542,0.912079930305481
infoxlm_base,microsoft/infoxlm-base,7,nounsverbs,543,0.9308532476425171
infoxlm_base,microsoft/infoxlm-base,7,nounsverbs,544,0.973099946975708
infoxlm_base,microsoft/infoxlm-base,7,nounsverbs,545,0.9436203837394714
infoxlm_base,microsoft/infoxlm-base,7,nounsverbs,546,0.9454485177993774
infoxlm_base,microsoft/infoxlm-base,7,nounsverbs,547,0.8916409611701965
infoxlm_base,microsoft/infoxlm-base,7,nounsverbs,548,0.889215350151062
infoxlm_base,microsoft/infoxlm-base,7,nounsverbs,549,0.8902477025985718
infoxlm_base,microsoft/infoxlm-base,7,nounsverbs,550,0.9367063045501709
infoxlm_base,microsoft/infoxlm-base,7,nounsverbs,551,0.9109790325164795
infoxlm_base,microsoft/infoxlm-base,7,nounsverbs,552,0.881222665309906
infoxlm_base,microsoft/infoxlm-base,7,nounsverbs,553,0.8851335048675537
infoxlm_base,microsoft/infoxlm-base,7,nounsverbs,554,0.9089232087135315
infoxlm_base,microsoft/infoxlm-base,7,nounsverbs,555,0.8894761204719543
infoxlm_base,microsoft/infoxlm-base,7,nounsverbs,556,0.9044780731201172
infoxlm_base,microsoft/infoxlm-base,7,nounsverbs,557,0.9259095191955566
infoxlm_base,microsoft/infoxlm-base,7,nounsverbs,558,0.9044082164764404
infoxlm_base,microsoft/infoxlm-base,7,nounsverbs,559,0.9274030923843384
infoxlm_base,microsoft/infoxlm-base,7,nounsverbs,560,0.9085463285446167
infoxlm_base,microsoft/infoxlm-base,7,nounsverbs,561,0.9059931039810181
infoxlm_base,microsoft/infoxlm-base,7,nounsverbs,562,0.914644181728363
infoxlm_base,microsoft/infoxlm-base,7,nounsverbs,563,0.9432837963104248
infoxlm_base,microsoft/infoxlm-base,7,nounsverbs,564,0.9179127216339111
infoxlm_base,microsoft/infoxlm-base,7,nounsverbs,565,0.9086582660675049
infoxlm_base,microsoft/infoxlm-base,7,nounsverbs,566,0.923630952835083
infoxlm_base,microsoft/infoxlm-base,7,nounsverbs,567,0.9185401201248169
infoxlm_base,microsoft/infoxlm-base,7,nounsverbs,568,0.8794292211532593
infoxlm_base,microsoft/infoxlm-base,7,nounsverbs,569,0.909268319606781
infoxlm_base,microsoft/infoxlm-base,7,nounsverbs,570,0.8688620328903198
infoxlm_base,microsoft/infoxlm-base,7,nounsverbs,571,0.9378622770309448
infoxlm_base,microsoft/infoxlm-base,7,nounsverbs,572,0.906324028968811
infoxlm_base,microsoft/infoxlm-base,7,nounsverbs,573,0.9132774472236633
infoxlm_base,microsoft/infoxlm-base,7,nounsverbs,574,0.9048388004302979
infoxlm_base,microsoft/infoxlm-base,7,nounsverbs,575,0.8830439448356628
infoxlm_base,microsoft/infoxlm-base,7,nounsverbs,576,0.9207795262336731
infoxlm_base,microsoft/infoxlm-base,7,nounsverbs,577,0.9066919088363647
infoxlm_base,microsoft/infoxlm-base,7,nounsverbs,578,0.9407122135162354
infoxlm_base,microsoft/infoxlm-base,7,nounsverbs,579,0.9091078042984009
infoxlm_base,microsoft/infoxlm-base,7,nounsverbs,580,0.9177950024604797
infoxlm_base,microsoft/infoxlm-base,7,nounsverbs,581,0.9336678981781006
infoxlm_base,microsoft/infoxlm-base,7,nounsverbs,582,0.9248384833335876
infoxlm_base,microsoft/infoxlm-base,7,nounsverbs,583,0.9348430037498474
infoxlm_base,microsoft/infoxlm-base,7,nounsverbs,584,0.8991798162460327
infoxlm_base,microsoft/infoxlm-base,7,nounsverbs,585,0.9221525192260742
infoxlm_base,microsoft/infoxlm-base,7,nounsverbs,586,0.9169989228248596
infoxlm_base,microsoft/infoxlm-base,7,nounsverbs,587,0.9197389483451843
infoxlm_base,microsoft/infoxlm-base,7,nounsverbs,588,0.922012448310852
infoxlm_base,microsoft/infoxlm-base,7,nounsverbs,589,0.930347740650177
infoxlm_base,microsoft/infoxlm-base,7,nounsverbs,590,0.9129493832588196
infoxlm_base,microsoft/infoxlm-base,7,nounsverbs,591,0.8994467854499817
infoxlm_base,microsoft/infoxlm-base,7,nounsverbs,592,0.9247382283210754
infoxlm_base,microsoft/infoxlm-base,7,nounsverbs,593,0.9331197738647461
infoxlm_base,microsoft/infoxlm-base,7,nounsverbs,594,0.9206214547157288
infoxlm_base,microsoft/infoxlm-base,7,nounsverbs,595,0.9117023348808289
infoxlm_base,microsoft/infoxlm-base,7,nounsverbs,596,0.8977938890457153
infoxlm_base,microsoft/infoxlm-base,7,nounsverbs,597,0.9138683080673218
infoxlm_base,microsoft/infoxlm-base,7,nounsverbs,598,0.9219362735748291
infoxlm_base,microsoft/infoxlm-base,7,nounsverbs,599,0.9218414425849915
infoxlm_base,microsoft/infoxlm-base,7,nounsverbs,600,0.9205772280693054
infoxlm_base,microsoft/infoxlm-base,7,nounsverbs,601,0.908024787902832
infoxlm_base,microsoft/infoxlm-base,7,nounsverbs,602,0.9185377359390259
infoxlm_base,microsoft/infoxlm-base,7,nounsverbs,603,0.9109805226325989
infoxlm_base,microsoft/infoxlm-base,7,nounsverbs,604,0.9402471780776978
infoxlm_base,microsoft/infoxlm-base,7,nounsverbs,605,0.9320887327194214
infoxlm_base,microsoft/infoxlm-base,7,nounsverbs,606,0.9383311867713928
infoxlm_base,microsoft/infoxlm-base,7,nounsverbs,607,0.9240292906761169
infoxlm_base,microsoft/infoxlm-base,7,nounsverbs,608,0.9073806405067444
infoxlm_base,microsoft/infoxlm-base,7,nounsverbs,609,0.9168858528137207
infoxlm_base,microsoft/infoxlm-base,7,nounsverbs,610,0.9479613900184631
infoxlm_base,microsoft/infoxlm-base,7,nounsverbs,611,0.9223669171333313
infoxlm_base,microsoft/infoxlm-base,7,nounsverbs,612,0.9034822583198547
infoxlm_base,microsoft/infoxlm-base,7,nounsverbs,613,0.9119982719421387
infoxlm_base,microsoft/infoxlm-base,7,nounsverbs,614,0.9408616423606873
infoxlm_base,microsoft/infoxlm-base,7,nounsverbs,615,0.9290004372596741
infoxlm_base,microsoft/infoxlm-base,7,nounsverbs,616,0.8905225992202759
infoxlm_base,microsoft/infoxlm-base,7,nounsverbs,617,0.9114243388175964
infoxlm_base,microsoft/infoxlm-base,7,nounsverbs,618,0.8825457692146301
infoxlm_base,microsoft/infoxlm-base,7,nounsverbs,619,0.9151046872138977
infoxlm_base,microsoft/infoxlm-base,7,nounsverbs,620,0.949195384979248
infoxlm_base,microsoft/infoxlm-base,7,nounsverbs,621,0.9121595621109009
infoxlm_base,microsoft/infoxlm-base,7,nounsverbs,622,0.905440092086792
infoxlm_base,microsoft/infoxlm-base,7,nounsverbs,623,0.9175220727920532
infoxlm_base,microsoft/infoxlm-base,7,nounsverbs,624,0.9146576523780823
infoxlm_base,microsoft/infoxlm-base,7,nounsverbs,625,0.913603663444519
infoxlm_base,microsoft/infoxlm-base,7,nounsverbs,626,0.9206177592277527
infoxlm_base,microsoft/infoxlm-base,7,nounsverbsadj,0,0.9501919746398926
infoxlm_base,microsoft/infoxlm-base,7,nounsverbsadj,1,0.9072595238685608
infoxlm_base,microsoft/infoxlm-base,7,nounsverbsadj,2,0.919948935508728
infoxlm_base,microsoft/infoxlm-base,7,nounsverbsadj,3,0.9087169766426086
infoxlm_base,microsoft/infoxlm-base,7,nounsverbsadj,4,0.9158307909965515
infoxlm_base,microsoft/infoxlm-base,7,nounsverbsadj,5,0.9351941347122192
infoxlm_base,microsoft/infoxlm-base,7,nounsverbsadj,6,0.9305320978164673
infoxlm_base,microsoft/infoxlm-base,7,nounsverbsadj,7,0.9168962836265564
infoxlm_base,microsoft/infoxlm-base,7,nounsverbsadj,8,0.9041731953620911
infoxlm_base,microsoft/infoxlm-base,7,nounsverbsadj,9,0.9075267314910889
infoxlm_base,microsoft/infoxlm-base,7,nounsverbsadj,10,0.9052401185035706
infoxlm_base,microsoft/infoxlm-base,7,nounsverbsadj,11,0.9197891354560852
infoxlm_base,microsoft/infoxlm-base,7,nounsverbsadj,12,0.8992576003074646
infoxlm_base,microsoft/infoxlm-base,7,nounsverbsadj,13,0.910554051399231
infoxlm_base,microsoft/infoxlm-base,7,nounsverbsadj,14,0.9143179655075073
infoxlm_base,microsoft/infoxlm-base,7,nounsverbsadj,15,0.9202038049697876
infoxlm_base,microsoft/infoxlm-base,7,nounsverbsadj,16,0.9095362424850464
infoxlm_base,microsoft/infoxlm-base,7,nounsverbsadj,17,0.9123276472091675
infoxlm_base,microsoft/infoxlm-base,7,nounsverbsadj,18,0.9192875623703003
infoxlm_base,microsoft/infoxlm-base,7,nounsverbsadj,19,0.9277777075767517
infoxlm_base,microsoft/infoxlm-base,7,nounsverbsadj,20,0.894618034362793
infoxlm_base,microsoft/infoxlm-base,7,nounsverbsadj,21,0.9382631182670593
infoxlm_base,microsoft/infoxlm-base,7,nounsverbsadj,22,0.9068189263343811
infoxlm_base,microsoft/infoxlm-base,7,nounsverbsadj,23,0.9047955870628357
infoxlm_base,microsoft/infoxlm-base,7,nounsverbsadj,24,0.9323664903640747
infoxlm_base,microsoft/infoxlm-base,7,nounsverbsadj,25,0.9112254977226257
infoxlm_base,microsoft/infoxlm-base,7,nounsverbsadj,26,0.9026904702186584
infoxlm_base,microsoft/infoxlm-base,7,nounsverbsadj,27,0.9106504917144775
infoxlm_base,microsoft/infoxlm-base,7,nounsverbsadj,28,0.9098975658416748
infoxlm_base,microsoft/infoxlm-base,7,nounsverbsadj,29,0.9193159937858582
infoxlm_base,microsoft/infoxlm-base,7,nounsverbsadj,30,0.9184161424636841
infoxlm_base,microsoft/infoxlm-base,7,nounsverbsadj,31,0.879666805267334
infoxlm_base,microsoft/infoxlm-base,7,nounsverbsadj,32,0.917975902557373
infoxlm_base,microsoft/infoxlm-base,7,nounsverbsadj,33,0.8904489278793335
infoxlm_base,microsoft/infoxlm-base,7,nounsverbsadj,34,0.9338418245315552
infoxlm_base,microsoft/infoxlm-base,7,nounsverbsadj,35,0.9155054092407227
infoxlm_base,microsoft/infoxlm-base,7,nounsverbsadj,36,0.9302687048912048
infoxlm_base,microsoft/infoxlm-base,7,nounsverbsadj,37,0.9068615436553955
infoxlm_base,microsoft/infoxlm-base,7,nounsverbsadj,38,0.9130524396896362
infoxlm_base,microsoft/infoxlm-base,7,nounsverbsadj,39,0.9166164994239807
infoxlm_base,microsoft/infoxlm-base,7,nounsverbsadj,40,0.9024396538734436
infoxlm_base,microsoft/infoxlm-base,7,nounsverbsadj,41,0.9218323826789856
infoxlm_base,microsoft/infoxlm-base,7,nounsverbsadj,42,0.9147031903266907
infoxlm_base,microsoft/infoxlm-base,7,nounsverbsadj,43,0.9141440391540527
infoxlm_base,microsoft/infoxlm-base,7,nounsverbsadj,44,0.9085899591445923
infoxlm_base,microsoft/infoxlm-base,7,nounsverbsadj,45,0.9365850687026978
infoxlm_base,microsoft/infoxlm-base,7,nounsverbsadj,46,0.9018117785453796
infoxlm_base,microsoft/infoxlm-base,7,nounsverbsadj,47,0.9275964498519897
infoxlm_base,microsoft/infoxlm-base,7,nounsverbsadj,48,0.932495653629303
infoxlm_base,microsoft/infoxlm-base,7,nounsverbsadj,49,0.8939966559410095
infoxlm_base,microsoft/infoxlm-base,7,nounsverbsadj,50,0.8852126002311707
infoxlm_base,microsoft/infoxlm-base,7,nounsverbsadj,51,0.9051177501678467
infoxlm_base,microsoft/infoxlm-base,7,nounsverbsadj,52,0.9291744828224182
infoxlm_base,microsoft/infoxlm-base,7,nounsverbsadj,53,0.9371519088745117
infoxlm_base,microsoft/infoxlm-base,7,nounsverbsadj,54,0.8809365630149841
infoxlm_base,microsoft/infoxlm-base,7,nounsverbsadj,55,0.9099156260490417
infoxlm_base,microsoft/infoxlm-base,7,nounsverbsadj,56,0.9350653886795044
infoxlm_base,microsoft/infoxlm-base,7,nounsverbsadj,57,0.9261212348937988
infoxlm_base,microsoft/infoxlm-base,7,nounsverbsadj,58,0.9448893070220947
infoxlm_base,microsoft/infoxlm-base,7,nounsverbsadj,59,0.8981747627258301
infoxlm_base,microsoft/infoxlm-base,7,nounsverbsadj,60,0.929142951965332
infoxlm_base,microsoft/infoxlm-base,7,nounsverbsadj,61,0.9279298782348633
infoxlm_base,microsoft/infoxlm-base,7,nounsverbsadj,62,0.9286437034606934
infoxlm_base,microsoft/infoxlm-base,7,nounsverbsadj,63,0.917486310005188
infoxlm_base,microsoft/infoxlm-base,7,nounsverbsadj,64,0.910643458366394
infoxlm_base,microsoft/infoxlm-base,7,nounsverbsadj,65,0.9289344549179077
infoxlm_base,microsoft/infoxlm-base,7,nounsverbsadj,66,0.941806972026825
infoxlm_base,microsoft/infoxlm-base,7,nounsverbsadj,67,0.910874605178833
infoxlm_base,microsoft/infoxlm-base,7,nounsverbsadj,68,0.9185473918914795
infoxlm_base,microsoft/infoxlm-base,7,nounsverbsadj,69,0.9265308380126953
infoxlm_base,microsoft/infoxlm-base,7,nounsverbsadj,70,0.9378110766410828
infoxlm_base,microsoft/infoxlm-base,7,nounsverbsadj,71,0.9369634389877319
infoxlm_base,microsoft/infoxlm-base,7,nounsverbsadj,72,0.9129584431648254
infoxlm_base,microsoft/infoxlm-base,7,nounsverbsadj,73,0.9286225438117981
infoxlm_base,microsoft/infoxlm-base,7,nounsverbsadj,74,0.913983166217804
infoxlm_base,microsoft/infoxlm-base,7,nounsverbsadj,75,0.9345589280128479
infoxlm_base,microsoft/infoxlm-base,7,nounsverbsadj,76,0.9252657294273376
infoxlm_base,microsoft/infoxlm-base,7,nounsverbsadj,77,0.9208053350448608
infoxlm_base,microsoft/infoxlm-base,7,nounsverbsadj,78,0.8981488943099976
infoxlm_base,microsoft/infoxlm-base,7,nounsverbsadj,79,0.899931788444519
infoxlm_base,microsoft/infoxlm-base,7,nounsverbsadj,80,0.922630786895752
infoxlm_base,microsoft/infoxlm-base,7,nounsverbsadj,81,0.92771977186203
infoxlm_base,microsoft/infoxlm-base,7,nounsverbsadj,82,0.9132447242736816
infoxlm_base,microsoft/infoxlm-base,7,nounsverbsadj,83,0.9081496000289917
infoxlm_base,microsoft/infoxlm-base,7,nounsverbsadj,84,0.9141709804534912
infoxlm_base,microsoft/infoxlm-base,7,nounsverbsadj,85,0.8896612524986267
infoxlm_base,microsoft/infoxlm-base,7,nounsverbsadj,86,0.8923587203025818
infoxlm_base,microsoft/infoxlm-base,7,nounsverbsadj,87,0.9054669141769409
infoxlm_base,microsoft/infoxlm-base,7,nounsverbsadj,88,0.9134692549705505
infoxlm_base,microsoft/infoxlm-base,7,nounsverbsadj,89,0.9152761697769165
infoxlm_base,microsoft/infoxlm-base,7,nounsverbsadj,90,0.9169872999191284
infoxlm_base,microsoft/infoxlm-base,7,nounsverbsadj,91,0.9197759032249451
infoxlm_base,microsoft/infoxlm-base,7,nounsverbsadj,92,0.9009319543838501
infoxlm_base,microsoft/infoxlm-base,7,nounsverbsadj,93,0.9215028882026672
infoxlm_base,microsoft/infoxlm-base,7,nounsverbsadj,94,0.9686163067817688
infoxlm_base,microsoft/infoxlm-base,7,nounsverbsadj,95,0.9160599112510681
infoxlm_base,microsoft/infoxlm-base,7,nounsverbsadj,96,0.8940432667732239
infoxlm_base,microsoft/infoxlm-base,7,nounsverbsadj,97,0.898806095123291
infoxlm_base,microsoft/infoxlm-base,7,nounsverbsadj,98,0.9177775382995605
infoxlm_base,microsoft/infoxlm-base,7,nounsverbsadj,99,0.9326984882354736
infoxlm_base,microsoft/infoxlm-base,7,nounsverbsadj,100,0.9131685495376587
infoxlm_base,microsoft/infoxlm-base,7,nounsverbsadj,101,0.9172184467315674
infoxlm_base,microsoft/infoxlm-base,7,nounsverbsadj,102,0.9379358887672424
infoxlm_base,microsoft/infoxlm-base,7,nounsverbsadj,103,0.9113039970397949
infoxlm_base,microsoft/infoxlm-base,7,nounsverbsadj,104,0.914174497127533
infoxlm_base,microsoft/infoxlm-base,7,nounsverbsadj,105,0.9114271998405457
infoxlm_base,microsoft/infoxlm-base,7,nounsverbsadj,106,0.9272887706756592
infoxlm_base,microsoft/infoxlm-base,7,nounsverbsadj,107,0.9214354753494263
infoxlm_base,microsoft/infoxlm-base,7,nounsverbsadj,108,0.891512393951416
infoxlm_base,microsoft/infoxlm-base,7,nounsverbsadj,109,0.9002373218536377
infoxlm_base,microsoft/infoxlm-base,7,nounsverbsadj,110,0.928901195526123
infoxlm_base,microsoft/infoxlm-base,7,nounsverbsadj,111,0.9012414216995239
infoxlm_base,microsoft/infoxlm-base,7,nounsverbsadj,112,0.9188754558563232
infoxlm_base,microsoft/infoxlm-base,7,nounsverbsadj,113,0.9511116743087769
infoxlm_base,microsoft/infoxlm-base,7,nounsverbsadj,114,0.9204620718955994
infoxlm_base,microsoft/infoxlm-base,7,nounsverbsadj,115,0.8956506252288818
infoxlm_base,microsoft/infoxlm-base,7,nounsverbsadj,116,0.947327196598053
infoxlm_base,microsoft/infoxlm-base,7,nounsverbsadj,117,0.8923565149307251
infoxlm_base,microsoft/infoxlm-base,7,nounsverbsadj,118,0.9371522665023804
infoxlm_base,microsoft/infoxlm-base,7,nounsverbsadj,119,0.9154510498046875
infoxlm_base,microsoft/infoxlm-base,7,nounsverbsadj,120,0.9240647554397583
infoxlm_base,microsoft/infoxlm-base,7,nounsverbsadj,121,0.9133652448654175
infoxlm_base,microsoft/infoxlm-base,7,nounsverbsadj,122,0.9322653412818909
infoxlm_base,microsoft/infoxlm-base,7,nounsverbsadj,123,0.9201042652130127
infoxlm_base,microsoft/infoxlm-base,7,nounsverbsadj,124,0.9167619347572327
infoxlm_base,microsoft/infoxlm-base,7,nounsverbsadj,125,0.9478543400764465
infoxlm_base,microsoft/infoxlm-base,7,nounsverbsadj,126,0.9220417737960815
infoxlm_base,microsoft/infoxlm-base,7,nounsverbsadj,127,0.9515624642372131
infoxlm_base,microsoft/infoxlm-base,7,nounsverbsadj,128,0.9241998195648193
infoxlm_base,microsoft/infoxlm-base,7,nounsverbsadj,129,0.9108291864395142
infoxlm_base,microsoft/infoxlm-base,7,nounsverbsadj,130,0.9353184103965759
infoxlm_base,microsoft/infoxlm-base,7,nounsverbsadj,131,0.927200198173523
infoxlm_base,microsoft/infoxlm-base,7,nounsverbsadj,132,0.910224199295044
infoxlm_base,microsoft/infoxlm-base,7,nounsverbsadj,133,0.9051711559295654
infoxlm_base,microsoft/infoxlm-base,7,nounsverbsadj,134,0.913128137588501
infoxlm_base,microsoft/infoxlm-base,7,nounsverbsadj,135,0.9463018178939819
infoxlm_base,microsoft/infoxlm-base,7,nounsverbsadj,136,0.9394844174385071
infoxlm_base,microsoft/infoxlm-base,7,nounsverbsadj,137,0.937847912311554
infoxlm_base,microsoft/infoxlm-base,7,nounsverbsadj,138,0.9293797016143799
infoxlm_base,microsoft/infoxlm-base,7,nounsverbsadj,139,0.9240348935127258
infoxlm_base,microsoft/infoxlm-base,7,nounsverbsadj,140,0.9366703629493713
infoxlm_base,microsoft/infoxlm-base,7,nounsverbsadj,141,0.9448007345199585
infoxlm_base,microsoft/infoxlm-base,7,nounsverbsadj,142,0.9226510524749756
infoxlm_base,microsoft/infoxlm-base,7,nounsverbsadj,143,0.9503669738769531
infoxlm_base,microsoft/infoxlm-base,7,nounsverbsadj,144,0.9420612454414368
infoxlm_base,microsoft/infoxlm-base,7,nounsverbsadj,145,0.9165483117103577
infoxlm_base,microsoft/infoxlm-base,7,nounsverbsadj,146,0.9139202833175659
infoxlm_base,microsoft/infoxlm-base,7,nounsverbsadj,147,0.903027355670929
infoxlm_base,microsoft/infoxlm-base,7,nounsverbsadj,148,0.9120858907699585
infoxlm_base,microsoft/infoxlm-base,7,nounsverbsadj,149,0.9567352533340454
infoxlm_base,microsoft/infoxlm-base,7,nounsverbsadj,150,0.9346665740013123
infoxlm_base,microsoft/infoxlm-base,7,nounsverbsadj,151,0.9110059142112732
infoxlm_base,microsoft/infoxlm-base,7,nounsverbsadj,152,0.940314531326294
infoxlm_base,microsoft/infoxlm-base,7,nounsverbsadj,153,0.9218835234642029
infoxlm_base,microsoft/infoxlm-base,7,nounsverbsadj,154,0.9221919178962708
infoxlm_base,microsoft/infoxlm-base,7,nounsverbsadj,155,0.9101800918579102
infoxlm_base,microsoft/infoxlm-base,7,nounsverbsadj,156,0.9161152839660645
infoxlm_base,microsoft/infoxlm-base,7,nounsverbsadj,157,0.9192345142364502
infoxlm_base,microsoft/infoxlm-base,7,nounsverbsadj,158,0.9501990079879761
infoxlm_base,microsoft/infoxlm-base,7,nounsverbsadj,159,0.9251725077629089
infoxlm_base,microsoft/infoxlm-base,7,nounsverbsadj,160,0.9253068566322327
infoxlm_base,microsoft/infoxlm-base,7,nounsverbsadj,161,0.9248052835464478
infoxlm_base,microsoft/infoxlm-base,7,nounsverbsadj,162,0.9133325219154358
infoxlm_base,microsoft/infoxlm-base,7,nounsverbsadj,163,0.882286787033081
infoxlm_base,microsoft/infoxlm-base,7,nounsverbsadj,164,0.9096631407737732
infoxlm_base,microsoft/infoxlm-base,7,nounsverbsadj,165,0.9287827610969543
infoxlm_base,microsoft/infoxlm-base,7,nounsverbsadj,166,0.9283192753791809
infoxlm_base,microsoft/infoxlm-base,7,nounsverbsadj,167,0.9104817509651184
infoxlm_base,microsoft/infoxlm-base,7,nounsverbsadj,168,0.9104505181312561
infoxlm_base,microsoft/infoxlm-base,7,nounsverbsadj,169,0.917456328868866
infoxlm_base,microsoft/infoxlm-base,7,nounsverbsadj,170,0.910108208656311
infoxlm_base,microsoft/infoxlm-base,7,nounsverbsadj,171,0.9120347499847412
infoxlm_base,microsoft/infoxlm-base,7,nounsverbsadj,172,0.9284523725509644
infoxlm_base,microsoft/infoxlm-base,7,nounsverbsadj,173,0.9062072038650513
infoxlm_base,microsoft/infoxlm-base,7,nounsverbsadj,174,0.9150283336639404
infoxlm_base,microsoft/infoxlm-base,7,nounsverbsadj,175,0.9327696561813354
infoxlm_base,microsoft/infoxlm-base,7,nounsverbsadj,176,0.895503580570221
infoxlm_base,microsoft/infoxlm-base,7,nounsverbsadj,177,0.9072744250297546
infoxlm_base,microsoft/infoxlm-base,7,nounsverbsadj,178,0.9210709929466248
infoxlm_base,microsoft/infoxlm-base,7,nounsverbsadj,179,0.9399526119232178
infoxlm_base,microsoft/infoxlm-base,7,nounsverbsadj,180,0.9059442281723022
infoxlm_base,microsoft/infoxlm-base,7,nounsverbsadj,181,0.9058857560157776
infoxlm_base,microsoft/infoxlm-base,7,nounsverbsadj,182,0.9357649087905884
infoxlm_base,microsoft/infoxlm-base,7,nounsverbsadj,183,0.9430292248725891
infoxlm_base,microsoft/infoxlm-base,7,nounsverbsadj,184,0.9239463210105896
infoxlm_base,microsoft/infoxlm-base,7,nounsverbsadj,185,0.9117712378501892
infoxlm_base,microsoft/infoxlm-base,7,nounsverbsadj,186,0.9105692505836487
infoxlm_base,microsoft/infoxlm-base,7,nounsverbsadj,187,0.9266113042831421
infoxlm_base,microsoft/infoxlm-base,7,nounsverbsadj,188,0.9233426451683044
infoxlm_base,microsoft/infoxlm-base,7,nounsverbsadj,189,0.9249509572982788
infoxlm_base,microsoft/infoxlm-base,7,nounsverbsadj,190,0.9413120150566101
infoxlm_base,microsoft/infoxlm-base,7,nounsverbsadj,191,0.92063307762146
infoxlm_base,microsoft/infoxlm-base,7,nounsverbsadj,192,0.9094362854957581
infoxlm_base,microsoft/infoxlm-base,7,nounsverbsadj,193,0.902255654335022
infoxlm_base,microsoft/infoxlm-base,7,nounsverbsadj,194,0.9155903458595276
infoxlm_base,microsoft/infoxlm-base,7,nounsverbsadj,195,0.9288858771324158
infoxlm_base,microsoft/infoxlm-base,7,nounsverbsadj,196,0.9191918969154358
infoxlm_base,microsoft/infoxlm-base,7,nounsverbsadj,197,0.8912173509597778
infoxlm_base,microsoft/infoxlm-base,7,nounsverbsadj,198,0.9121935367584229
infoxlm_base,microsoft/infoxlm-base,7,nounsverbsadj,199,0.9085876941680908
infoxlm_base,microsoft/infoxlm-base,7,nounsverbsadj,200,0.9290239810943604
infoxlm_base,microsoft/infoxlm-base,7,nounsverbsadj,201,0.9103371500968933
infoxlm_base,microsoft/infoxlm-base,7,nounsverbsadj,202,0.9064257740974426
infoxlm_base,microsoft/infoxlm-base,7,nounsverbsadj,203,0.915025532245636
infoxlm_base,microsoft/infoxlm-base,7,nounsverbsadj,204,0.9283130764961243
infoxlm_base,microsoft/infoxlm-base,7,nounsverbsadj,205,0.91615229845047
infoxlm_base,microsoft/infoxlm-base,7,nounsverbsadj,206,0.900871753692627
infoxlm_base,microsoft/infoxlm-base,7,nounsverbsadj,207,0.9302073121070862
infoxlm_base,microsoft/infoxlm-base,7,nounsverbsadj,208,0.961861252784729
infoxlm_base,microsoft/infoxlm-base,7,nounsverbsadj,209,0.9365162253379822
infoxlm_base,microsoft/infoxlm-base,7,nounsverbsadj,210,0.9243413209915161
infoxlm_base,microsoft/infoxlm-base,7,nounsverbsadj,211,0.9102924466133118
infoxlm_base,microsoft/infoxlm-base,7,nounsverbsadj,212,0.9078695774078369
infoxlm_base,microsoft/infoxlm-base,7,nounsverbsadj,213,0.9011261463165283
infoxlm_base,microsoft/infoxlm-base,7,nounsverbsadj,214,0.9022378921508789
infoxlm_base,microsoft/infoxlm-base,7,nounsverbsadj,215,0.9213362336158752
infoxlm_base,microsoft/infoxlm-base,7,nounsverbsadj,216,0.9265174269676208
infoxlm_base,microsoft/infoxlm-base,7,nounsverbsadj,217,0.8907172679901123
infoxlm_base,microsoft/infoxlm-base,7,nounsverbsadj,218,0.9453707933425903
infoxlm_base,microsoft/infoxlm-base,7,nounsverbsadj,219,0.9296337366104126
infoxlm_base,microsoft/infoxlm-base,7,nounsverbsadj,220,0.918041467666626
infoxlm_base,microsoft/infoxlm-base,7,nounsverbsadj,221,0.9293486475944519
infoxlm_base,microsoft/infoxlm-base,7,nounsverbsadj,222,0.9104911684989929
infoxlm_base,microsoft/infoxlm-base,7,nounsverbsadj,223,0.9302290678024292
infoxlm_base,microsoft/infoxlm-base,7,nounsverbsadj,224,0.9529868960380554
infoxlm_base,microsoft/infoxlm-base,7,nounsverbsadj,225,0.9262098670005798
infoxlm_base,microsoft/infoxlm-base,7,nounsverbsadj,226,0.8915899991989136
infoxlm_base,microsoft/infoxlm-base,7,nounsverbsadj,227,0.9174947142601013
infoxlm_base,microsoft/infoxlm-base,7,nounsverbsadj,228,0.9614858031272888
infoxlm_base,microsoft/infoxlm-base,7,nounsverbsadj,229,0.9284170866012573
infoxlm_base,microsoft/infoxlm-base,7,nounsverbsadj,230,0.9314180612564087
infoxlm_base,microsoft/infoxlm-base,7,nounsverbsadj,231,0.9349727034568787
infoxlm_base,microsoft/infoxlm-base,7,nounsverbsadj,232,0.9208524227142334
infoxlm_base,microsoft/infoxlm-base,7,nounsverbsadj,233,0.9251052141189575
infoxlm_base,microsoft/infoxlm-base,7,nounsverbsadj,234,0.9316452741622925
infoxlm_base,microsoft/infoxlm-base,7,nounsverbsadj,235,0.9169749021530151
infoxlm_base,microsoft/infoxlm-base,7,nounsverbsadj,236,0.9319052696228027
infoxlm_base,microsoft/infoxlm-base,7,nounsverbsadj,237,0.9522179365158081
infoxlm_base,microsoft/infoxlm-base,7,nounsverbsadj,238,0.9105287194252014
infoxlm_base,microsoft/infoxlm-base,7,nounsverbsadj,239,0.912894606590271
infoxlm_base,microsoft/infoxlm-base,7,nounsverbsadj,240,0.9276328086853027
infoxlm_base,microsoft/infoxlm-base,7,nounsverbsadj,241,0.8895872235298157
infoxlm_base,microsoft/infoxlm-base,7,nounsverbsadj,242,0.9279974102973938
infoxlm_base,microsoft/infoxlm-base,7,nounsverbsadj,243,0.9061753749847412
infoxlm_base,microsoft/infoxlm-base,7,nounsverbsadj,244,0.930695116519928
infoxlm_base,microsoft/infoxlm-base,7,nounsverbsadj,245,0.9079574942588806
infoxlm_base,microsoft/infoxlm-base,7,nounsverbsadj,246,0.9027806520462036
infoxlm_base,microsoft/infoxlm-base,7,nounsverbsadj,247,0.9329521656036377
infoxlm_base,microsoft/infoxlm-base,7,nounsverbsadj,248,0.8977957963943481
infoxlm_base,microsoft/infoxlm-base,7,nounsverbsadj,249,0.907210648059845
infoxlm_base,microsoft/infoxlm-base,7,nounsverbsadj,250,0.9083962440490723
infoxlm_base,microsoft/infoxlm-base,7,nounsverbsadj,251,0.9240183234214783
infoxlm_base,microsoft/infoxlm-base,7,nounsverbsadj,252,0.9269946813583374
infoxlm_base,microsoft/infoxlm-base,7,nounsverbsadj,253,0.92453533411026
infoxlm_base,microsoft/infoxlm-base,7,nounsverbsadj,254,0.8815552592277527
infoxlm_base,microsoft/infoxlm-base,7,nounsverbsadj,255,0.9140686392784119
infoxlm_base,microsoft/infoxlm-base,7,nounsverbsadj,256,0.8832573294639587
infoxlm_base,microsoft/infoxlm-base,7,nounsverbsadj,257,0.8983588218688965
infoxlm_base,microsoft/infoxlm-base,7,nounsverbsadj,258,0.9280869364738464
infoxlm_base,microsoft/infoxlm-base,7,nounsverbsadj,259,0.9171340465545654
infoxlm_base,microsoft/infoxlm-base,7,nounsverbsadj,260,0.9222267866134644
infoxlm_base,microsoft/infoxlm-base,7,nounsverbsadj,261,0.9140043258666992
infoxlm_base,microsoft/infoxlm-base,7,nounsverbsadj,262,0.9136210083961487
infoxlm_base,microsoft/infoxlm-base,7,nounsverbsadj,263,0.9105464220046997
infoxlm_base,microsoft/infoxlm-base,7,nounsverbsadj,264,0.9413044452667236
infoxlm_base,microsoft/infoxlm-base,7,nounsverbsadj,265,0.9077329635620117
infoxlm_base,microsoft/infoxlm-base,7,nounsverbsadj,266,0.9139779806137085
infoxlm_base,microsoft/infoxlm-base,7,nounsverbsadj,267,0.9496002793312073
infoxlm_base,microsoft/infoxlm-base,7,nounsverbsadj,268,0.9075746536254883
infoxlm_base,microsoft/infoxlm-base,7,nounsverbsadj,269,0.9347708821296692
infoxlm_base,microsoft/infoxlm-base,7,nounsverbsadj,270,0.9388046860694885
infoxlm_base,microsoft/infoxlm-base,7,nounsverbsadj,271,0.9094659090042114
infoxlm_base,microsoft/infoxlm-base,7,nounsverbsadj,272,0.9206106662750244
infoxlm_base,microsoft/infoxlm-base,7,nounsverbsadj,273,0.9184588193893433
infoxlm_base,microsoft/infoxlm-base,7,nounsverbsadj,274,0.9207822680473328
infoxlm_base,microsoft/infoxlm-base,7,nounsverbsadj,275,0.9217432141304016
infoxlm_base,microsoft/infoxlm-base,7,nounsverbsadj,276,0.9000047445297241
infoxlm_base,microsoft/infoxlm-base,7,nounsverbsadj,277,0.9144322276115417
infoxlm_base,microsoft/infoxlm-base,7,nounsverbsadj,278,0.9076426029205322
infoxlm_base,microsoft/infoxlm-base,7,nounsverbsadj,279,0.9169400334358215
infoxlm_base,microsoft/infoxlm-base,7,nounsverbsadj,280,0.9390004277229309
infoxlm_base,microsoft/infoxlm-base,7,nounsverbsadj,281,0.9045953750610352
infoxlm_base,microsoft/infoxlm-base,7,nounsverbsadj,282,0.9217798709869385
infoxlm_base,microsoft/infoxlm-base,7,nounsverbsadj,283,0.9220200181007385
infoxlm_base,microsoft/infoxlm-base,7,nounsverbsadj,284,0.9253047108650208
infoxlm_base,microsoft/infoxlm-base,7,nounsverbsadj,285,0.9360445737838745
infoxlm_base,microsoft/infoxlm-base,7,nounsverbsadj,286,0.8931916952133179
infoxlm_base,microsoft/infoxlm-base,7,nounsverbsadj,287,0.9389771819114685
infoxlm_base,microsoft/infoxlm-base,7,nounsverbsadj,288,0.9053881168365479
infoxlm_base,microsoft/infoxlm-base,7,nounsverbsadj,289,0.9287365078926086
infoxlm_base,microsoft/infoxlm-base,7,nounsverbsadj,290,0.900939404964447
infoxlm_base,microsoft/infoxlm-base,7,nounsverbsadj,291,0.9064634442329407
infoxlm_base,microsoft/infoxlm-base,7,nounsverbsadj,292,0.9092516899108887
infoxlm_base,microsoft/infoxlm-base,7,nounsverbsadj,293,0.9182940125465393
infoxlm_base,microsoft/infoxlm-base,7,nounsverbsadj,294,0.9335657358169556
infoxlm_base,microsoft/infoxlm-base,7,nounsverbsadj,295,0.9085390567779541
infoxlm_base,microsoft/infoxlm-base,7,nounsverbsadj,296,0.8975096344947815
infoxlm_base,microsoft/infoxlm-base,7,nounsverbsadj,297,0.9061227440834045
infoxlm_base,microsoft/infoxlm-base,7,nounsverbsadj,298,0.9229006767272949
infoxlm_base,microsoft/infoxlm-base,7,nounsverbsadj,299,0.9286876320838928
infoxlm_base,microsoft/infoxlm-base,7,nounsverbsadj,300,0.9200470447540283
infoxlm_base,microsoft/infoxlm-base,7,nounsverbsadj,301,0.9054659605026245
infoxlm_base,microsoft/infoxlm-base,7,nounsverbsadj,302,0.9241211414337158
infoxlm_base,microsoft/infoxlm-base,7,nounsverbsadj,303,0.8621572256088257
infoxlm_base,microsoft/infoxlm-base,7,nounsverbsadj,304,0.947850227355957
infoxlm_base,microsoft/infoxlm-base,7,nounsverbsadj,305,0.8991023898124695
infoxlm_base,microsoft/infoxlm-base,7,nounsverbsadj,306,0.9196805357933044
infoxlm_base,microsoft/infoxlm-base,7,nounsverbsadj,307,0.915736973285675
infoxlm_base,microsoft/infoxlm-base,7,nounsverbsadj,308,0.8871845006942749
infoxlm_base,microsoft/infoxlm-base,7,nounsverbsadj,309,0.9318494200706482
infoxlm_base,microsoft/infoxlm-base,7,nounsverbsadj,310,0.9423333406448364
infoxlm_base,microsoft/infoxlm-base,7,nounsverbsadj,311,0.9371057748794556
infoxlm_base,microsoft/infoxlm-base,7,nounsverbsadj,312,0.88351970911026
infoxlm_base,microsoft/infoxlm-base,7,nounsverbsadj,313,0.9181133508682251
infoxlm_base,microsoft/infoxlm-base,7,nounsverbsadj,314,0.9124901294708252
infoxlm_base,microsoft/infoxlm-base,7,nounsverbsadj,315,0.9098337292671204
infoxlm_base,microsoft/infoxlm-base,7,nounsverbsadj,316,0.9102482795715332
infoxlm_base,microsoft/infoxlm-base,7,nounsverbsadj,317,0.9102504253387451
infoxlm_base,microsoft/infoxlm-base,7,nounsverbsadj,318,0.9365378618240356
infoxlm_base,microsoft/infoxlm-base,7,nounsverbsadj,319,0.9254066944122314
infoxlm_base,microsoft/infoxlm-base,7,nounsverbsadj,320,0.9168579578399658
infoxlm_base,microsoft/infoxlm-base,7,nounsverbsadj,321,0.9221320748329163
infoxlm_base,microsoft/infoxlm-base,7,nounsverbsadj,322,0.9313926696777344
infoxlm_base,microsoft/infoxlm-base,7,nounsverbsadj,323,0.9412997961044312
infoxlm_base,microsoft/infoxlm-base,7,nounsverbsadj,324,0.918538510799408
infoxlm_base,microsoft/infoxlm-base,7,nounsverbsadj,325,0.9029747247695923
infoxlm_base,microsoft/infoxlm-base,7,nounsverbsadj,326,0.8992080688476562
infoxlm_base,microsoft/infoxlm-base,7,nounsverbsadj,327,0.9246879816055298
infoxlm_base,microsoft/infoxlm-base,7,nounsverbsadj,328,0.9285933375358582
infoxlm_base,microsoft/infoxlm-base,7,nounsverbsadj,329,0.9195051789283752
infoxlm_base,microsoft/infoxlm-base,7,nounsverbsadj,330,0.9195030927658081
infoxlm_base,microsoft/infoxlm-base,7,nounsverbsadj,331,0.918960690498352
infoxlm_base,microsoft/infoxlm-base,7,nounsverbsadj,332,0.9010997414588928
infoxlm_base,microsoft/infoxlm-base,7,nounsverbsadj,333,0.9428384304046631
infoxlm_base,microsoft/infoxlm-base,7,nounsverbsadj,334,0.991411566734314
infoxlm_base,microsoft/infoxlm-base,7,nounsverbsadj,335,0.9044194221496582
infoxlm_base,microsoft/infoxlm-base,7,nounsverbsadj,336,0.910786509513855
infoxlm_base,microsoft/infoxlm-base,7,nounsverbsadj,337,0.9182052612304688
infoxlm_base,microsoft/infoxlm-base,7,nounsverbsadj,338,0.907872200012207
infoxlm_base,microsoft/infoxlm-base,7,nounsverbsadj,339,0.9087958931922913
infoxlm_base,microsoft/infoxlm-base,7,nounsverbsadj,340,0.8702853918075562
infoxlm_base,microsoft/infoxlm-base,7,nounsverbsadj,341,0.9311301708221436
infoxlm_base,microsoft/infoxlm-base,7,nounsverbsadj,342,0.901781439781189
infoxlm_base,microsoft/infoxlm-base,7,nounsverbsadj,343,0.9346218109130859
infoxlm_base,microsoft/infoxlm-base,7,nounsverbsadj,344,0.9571386575698853
infoxlm_base,microsoft/infoxlm-base,7,nounsverbsadj,345,0.9282134771347046
infoxlm_base,microsoft/infoxlm-base,7,nounsverbsadj,346,0.898370623588562
infoxlm_base,microsoft/infoxlm-base,7,nounsverbsadj,347,0.9039573669433594
infoxlm_base,microsoft/infoxlm-base,7,nounsverbsadj,348,0.932604193687439
infoxlm_base,microsoft/infoxlm-base,7,nounsverbsadj,349,0.9065765738487244
infoxlm_base,microsoft/infoxlm-base,7,nounsverbsadj,350,0.9419292211532593
infoxlm_base,microsoft/infoxlm-base,7,nounsverbsadj,351,0.9012152552604675
infoxlm_base,microsoft/infoxlm-base,7,nounsverbsadj,352,0.9337140917778015
infoxlm_base,microsoft/infoxlm-base,7,nounsverbsadj,353,0.9160923361778259
infoxlm_base,microsoft/infoxlm-base,7,nounsverbsadj,354,0.9120302200317383
infoxlm_base,microsoft/infoxlm-base,7,nounsverbsadj,355,0.9252280592918396
infoxlm_base,microsoft/infoxlm-base,7,nounsverbsadj,356,0.9212525486946106
infoxlm_base,microsoft/infoxlm-base,7,nounsverbsadj,357,0.885718822479248
infoxlm_base,microsoft/infoxlm-base,7,nounsverbsadj,358,0.9250320792198181
infoxlm_base,microsoft/infoxlm-base,7,nounsverbsadj,359,0.914836049079895
infoxlm_base,microsoft/infoxlm-base,7,nounsverbsadj,360,0.9039754867553711
infoxlm_base,microsoft/infoxlm-base,7,nounsverbsadj,361,0.9008113741874695
infoxlm_base,microsoft/infoxlm-base,7,nounsverbsadj,362,0.9034379720687866
infoxlm_base,microsoft/infoxlm-base,7,nounsverbsadj,363,0.9356860518455505
infoxlm_base,microsoft/infoxlm-base,7,nounsverbsadj,364,0.9235336184501648
infoxlm_base,microsoft/infoxlm-base,7,nounsverbsadj,365,0.9325919151306152
infoxlm_base,microsoft/infoxlm-base,7,nounsverbsadj,366,0.9269197583198547
infoxlm_base,microsoft/infoxlm-base,7,nounsverbsadj,367,0.912018895149231
infoxlm_base,microsoft/infoxlm-base,7,nounsverbsadj,368,0.9215799570083618
infoxlm_base,microsoft/infoxlm-base,7,nounsverbsadj,369,0.9278673529624939
infoxlm_base,microsoft/infoxlm-base,7,nounsverbsadj,370,0.9229362607002258
infoxlm_base,microsoft/infoxlm-base,7,nounsverbsadj,371,0.9352506399154663
infoxlm_base,microsoft/infoxlm-base,7,nounsverbsadj,372,0.9084113836288452
infoxlm_base,microsoft/infoxlm-base,7,nounsverbsadj,373,0.9093892574310303
infoxlm_base,microsoft/infoxlm-base,7,nounsverbsadj,374,0.9228312969207764
infoxlm_base,microsoft/infoxlm-base,7,nounsverbsadj,375,0.933096170425415
infoxlm_base,microsoft/infoxlm-base,7,nounsverbsadj,376,0.914657473564148
infoxlm_base,microsoft/infoxlm-base,7,nounsverbsadj,377,0.8881645202636719
infoxlm_base,microsoft/infoxlm-base,7,nounsverbsadj,378,0.9324513673782349
infoxlm_base,microsoft/infoxlm-base,7,nounsverbsadj,379,0.9035912752151489
infoxlm_base,microsoft/infoxlm-base,7,nounsverbsadj,380,0.9200639724731445
infoxlm_base,microsoft/infoxlm-base,7,nounsverbsadj,381,0.9283347129821777
infoxlm_base,microsoft/infoxlm-base,7,nounsverbsadj,382,0.9001086950302124
infoxlm_base,microsoft/infoxlm-base,7,nounsverbsadj,383,0.9001818895339966
infoxlm_base,microsoft/infoxlm-base,7,nounsverbsadj,384,0.9228706955909729
infoxlm_base,microsoft/infoxlm-base,7,nounsverbsadj,385,0.9208358526229858
infoxlm_base,microsoft/infoxlm-base,7,nounsverbsadj,386,0.9262965321540833
infoxlm_base,microsoft/infoxlm-base,7,nounsverbsadj,387,0.9040349125862122
infoxlm_base,microsoft/infoxlm-base,7,nounsverbsadj,388,0.9311116933822632
infoxlm_base,microsoft/infoxlm-base,7,nounsverbsadj,389,0.9257676005363464
infoxlm_base,microsoft/infoxlm-base,7,nounsverbsadj,390,0.9092623591423035
infoxlm_base,microsoft/infoxlm-base,7,nounsverbsadj,391,0.9366145133972168
infoxlm_base,microsoft/infoxlm-base,7,nounsverbsadj,392,0.942009449005127
infoxlm_base,microsoft/infoxlm-base,7,nounsverbsadj,393,0.8928608298301697
infoxlm_base,microsoft/infoxlm-base,7,nounsverbsadj,394,0.9142054319381714
infoxlm_base,microsoft/infoxlm-base,7,nounsverbsadj,395,0.9189374446868896
infoxlm_base,microsoft/infoxlm-base,7,nounsverbsadj,396,0.9290579557418823
infoxlm_base,microsoft/infoxlm-base,7,nounsverbsadj,397,0.9194827079772949
infoxlm_base,microsoft/infoxlm-base,7,nounsverbsadj,398,0.9163308143615723
infoxlm_base,microsoft/infoxlm-base,7,nounsverbsadj,399,0.9079126715660095
infoxlm_base,microsoft/infoxlm-base,7,nounsverbsadj,400,0.8891233801841736
infoxlm_base,microsoft/infoxlm-base,7,nounsverbsadj,401,0.9011012315750122
infoxlm_base,microsoft/infoxlm-base,7,nounsverbsadj,402,0.9218275547027588
infoxlm_base,microsoft/infoxlm-base,7,nounsverbsadj,403,0.9119544625282288
infoxlm_base,microsoft/infoxlm-base,7,nounsverbsadj,404,0.9139213562011719
infoxlm_base,microsoft/infoxlm-base,7,nounsverbsadj,405,0.9327008724212646
infoxlm_base,microsoft/infoxlm-base,7,nounsverbsadj,406,0.9448469877243042
infoxlm_base,microsoft/infoxlm-base,7,nounsverbsadj,407,0.9074743390083313
infoxlm_base,microsoft/infoxlm-base,7,nounsverbsadj,408,0.909967303276062
infoxlm_base,microsoft/infoxlm-base,7,nounsverbsadj,409,0.8943907022476196
infoxlm_base,microsoft/infoxlm-base,7,nounsverbsadj,410,0.9367673993110657
infoxlm_base,microsoft/infoxlm-base,7,nounsverbsadj,411,0.9384191036224365
infoxlm_base,microsoft/infoxlm-base,7,nounsverbsadj,412,0.9460264444351196
infoxlm_base,microsoft/infoxlm-base,7,nounsverbsadj,413,0.9117281436920166
infoxlm_base,microsoft/infoxlm-base,7,nounsverbsadj,414,0.9026013016700745
infoxlm_base,microsoft/infoxlm-base,7,nounsverbsadj,415,0.9164271354675293
infoxlm_base,microsoft/infoxlm-base,7,nounsverbsadj,416,0.9142729043960571
infoxlm_base,microsoft/infoxlm-base,7,nounsverbsadj,417,0.9532595872879028
infoxlm_base,microsoft/infoxlm-base,7,nounsverbsadj,418,0.9155941605567932
infoxlm_base,microsoft/infoxlm-base,7,nounsverbsadj,419,0.9076716303825378
infoxlm_base,microsoft/infoxlm-base,7,nounsverbsadj,420,0.9309073686599731
infoxlm_base,microsoft/infoxlm-base,7,nounsverbsadj,421,0.9118541479110718
infoxlm_base,microsoft/infoxlm-base,7,nounsverbsadj,422,0.8824202418327332
infoxlm_base,microsoft/infoxlm-base,7,nounsverbsadj,423,0.9249045252799988
infoxlm_base,microsoft/infoxlm-base,7,nounsverbsadj,424,0.902409017086029
infoxlm_base,microsoft/infoxlm-base,7,nounsverbsadj,425,0.9027630090713501
infoxlm_base,microsoft/infoxlm-base,7,nounsverbsadj,426,0.934235155582428
infoxlm_base,microsoft/infoxlm-base,7,nounsverbsadj,427,0.908627450466156
infoxlm_base,microsoft/infoxlm-base,7,nounsverbsadj,428,0.9284659028053284
infoxlm_base,microsoft/infoxlm-base,7,nounsverbsadj,429,0.9311577677726746
infoxlm_base,microsoft/infoxlm-base,7,nounsverbsadj,430,0.9277336597442627
infoxlm_base,microsoft/infoxlm-base,7,nounsverbsadj,431,0.9102025032043457
infoxlm_base,microsoft/infoxlm-base,7,nounsverbsadj,432,0.9819862246513367
infoxlm_base,microsoft/infoxlm-base,7,nounsverbsadj,433,0.9457627534866333
infoxlm_base,microsoft/infoxlm-base,7,nounsverbsadj,434,0.9166197776794434
infoxlm_base,microsoft/infoxlm-base,7,nounsverbsadj,435,0.9278348088264465
infoxlm_base,microsoft/infoxlm-base,7,nounsverbsadj,436,0.9186382293701172
infoxlm_base,microsoft/infoxlm-base,7,nounsverbsadj,437,0.9208388924598694
infoxlm_base,microsoft/infoxlm-base,7,nounsverbsadj,438,0.9024174809455872
infoxlm_base,microsoft/infoxlm-base,7,nounsverbsadj,439,0.9435378909111023
infoxlm_base,microsoft/infoxlm-base,7,nounsverbsadj,440,0.9087181091308594
infoxlm_base,microsoft/infoxlm-base,7,nounsverbsadj,441,0.9163513779640198
infoxlm_base,microsoft/infoxlm-base,7,nounsverbsadj,442,0.8938284516334534
infoxlm_base,microsoft/infoxlm-base,7,nounsverbsadj,443,0.9343047142028809
infoxlm_base,microsoft/infoxlm-base,7,nounsverbsadj,444,0.9177185893058777
infoxlm_base,microsoft/infoxlm-base,7,nounsverbsadj,445,0.9235905408859253
infoxlm_base,microsoft/infoxlm-base,7,nounsverbsadj,446,0.893717348575592
infoxlm_base,microsoft/infoxlm-base,7,nounsverbsadj,447,0.9225062727928162
infoxlm_base,microsoft/infoxlm-base,7,nounsverbsadj,448,0.8977752923965454
infoxlm_base,microsoft/infoxlm-base,7,nounsverbsadj,449,0.9061678051948547
infoxlm_base,microsoft/infoxlm-base,7,nounsverbsadj,450,0.911139726638794
infoxlm_base,microsoft/infoxlm-base,7,nounsverbsadj,451,0.918681800365448
infoxlm_base,microsoft/infoxlm-base,7,nounsverbsadj,452,0.8964278101921082
infoxlm_base,microsoft/infoxlm-base,7,nounsverbsadj,453,0.9251772165298462
infoxlm_base,microsoft/infoxlm-base,7,nounsverbsadj,454,0.9154303073883057
infoxlm_base,microsoft/infoxlm-base,7,nounsverbsadj,455,0.9231078624725342
infoxlm_base,microsoft/infoxlm-base,7,nounsverbsadj,456,0.9411861300468445
infoxlm_base,microsoft/infoxlm-base,7,nounsverbsadj,457,0.9261024594306946
infoxlm_base,microsoft/infoxlm-base,7,nounsverbsadj,458,0.9279087781906128
infoxlm_base,microsoft/infoxlm-base,7,nounsverbsadj,459,0.944028913974762
infoxlm_base,microsoft/infoxlm-base,7,nounsverbsadj,460,0.9236388206481934
infoxlm_base,microsoft/infoxlm-base,7,nounsverbsadj,461,0.9125573039054871
infoxlm_base,microsoft/infoxlm-base,7,nounsverbsadj,462,0.9101344347000122
infoxlm_base,microsoft/infoxlm-base,7,nounsverbsadj,463,0.9511680603027344
infoxlm_base,microsoft/infoxlm-base,7,nounsverbsadj,464,0.9430267214775085
infoxlm_base,microsoft/infoxlm-base,7,nounsverbsadj,465,0.8938831686973572
infoxlm_base,microsoft/infoxlm-base,7,nounsverbsadj,466,0.9081439971923828
infoxlm_base,microsoft/infoxlm-base,7,nounsverbsadj,467,0.9206200838088989
infoxlm_base,microsoft/infoxlm-base,7,nounsverbsadj,468,0.9094741344451904
infoxlm_base,microsoft/infoxlm-base,7,nounsverbsadj,469,0.9287963509559631
infoxlm_base,microsoft/infoxlm-base,7,nounsverbsadj,470,0.9161360263824463
infoxlm_base,microsoft/infoxlm-base,7,nounsverbsadj,471,0.9491627216339111
infoxlm_base,microsoft/infoxlm-base,7,nounsverbsadj,472,0.9102867841720581
infoxlm_base,microsoft/infoxlm-base,7,nounsverbsadj,473,0.915600061416626
infoxlm_base,microsoft/infoxlm-base,7,nounsverbsadj,474,0.9227262139320374
infoxlm_base,microsoft/infoxlm-base,7,nounsverbsadj,475,0.9279810190200806
infoxlm_base,microsoft/infoxlm-base,7,nounsverbsadj,476,0.9169080257415771
infoxlm_base,microsoft/infoxlm-base,7,nounsverbsadj,477,0.9057400822639465
infoxlm_base,microsoft/infoxlm-base,7,nounsverbsadj,478,0.9245202541351318
infoxlm_base,microsoft/infoxlm-base,7,nounsverbsadj,479,0.9221163988113403
infoxlm_base,microsoft/infoxlm-base,7,nounsverbsadj,480,0.9360862374305725
infoxlm_base,microsoft/infoxlm-base,7,nounsverbsadj,481,0.9066218137741089
infoxlm_base,microsoft/infoxlm-base,7,nounsverbsadj,482,0.916704535484314
infoxlm_base,microsoft/infoxlm-base,7,nounsverbsadj,483,0.9222059845924377
infoxlm_base,microsoft/infoxlm-base,7,nounsverbsadj,484,0.940010666847229
infoxlm_base,microsoft/infoxlm-base,7,nounsverbsadj,485,0.8970176577568054
infoxlm_base,microsoft/infoxlm-base,7,nounsverbsadj,486,0.9266611337661743
infoxlm_base,microsoft/infoxlm-base,7,nounsverbsadj,487,0.9270125031471252
infoxlm_base,microsoft/infoxlm-base,7,nounsverbsadj,488,0.9279913902282715
infoxlm_base,microsoft/infoxlm-base,7,nounsverbsadj,489,0.8959377408027649
infoxlm_base,microsoft/infoxlm-base,7,nounsverbsadj,490,0.9428741931915283
infoxlm_base,microsoft/infoxlm-base,7,nounsverbsadj,491,0.9422252774238586
infoxlm_base,microsoft/infoxlm-base,7,nounsverbsadj,492,0.9321943521499634
infoxlm_base,microsoft/infoxlm-base,7,nounsverbsadj,493,0.9393166303634644
infoxlm_base,microsoft/infoxlm-base,7,nounsverbsadj,494,0.9213930368423462
infoxlm_base,microsoft/infoxlm-base,7,nounsverbsadj,495,0.9177982807159424
infoxlm_base,microsoft/infoxlm-base,7,nounsverbsadj,496,0.9123963117599487
infoxlm_base,microsoft/infoxlm-base,7,nounsverbsadj,497,0.8961918950080872
infoxlm_base,microsoft/infoxlm-base,7,nounsverbsadj,498,0.9567937850952148
infoxlm_base,microsoft/infoxlm-base,7,nounsverbsadj,499,0.9087237119674683
infoxlm_base,microsoft/infoxlm-base,7,nounsverbsadj,500,0.9329907298088074
infoxlm_base,microsoft/infoxlm-base,7,nounsverbsadj,501,0.9046856164932251
infoxlm_base,microsoft/infoxlm-base,7,nounsverbsadj,502,0.9132746458053589
infoxlm_base,microsoft/infoxlm-base,7,nounsverbsadj,503,0.9258934259414673
infoxlm_base,microsoft/infoxlm-base,7,nounsverbsadj,504,0.9234198927879333
infoxlm_base,microsoft/infoxlm-base,7,nounsverbsadj,505,0.9467747211456299
infoxlm_base,microsoft/infoxlm-base,7,nounsverbsadj,506,0.9059817790985107
infoxlm_base,microsoft/infoxlm-base,7,nounsverbsadj,507,0.9140252470970154
infoxlm_base,microsoft/infoxlm-base,7,nounsverbsadj,508,0.9257391691207886
infoxlm_base,microsoft/infoxlm-base,7,nounsverbsadj,509,0.9241313338279724
infoxlm_base,microsoft/infoxlm-base,7,nounsverbsadj,510,0.9150887131690979
infoxlm_base,microsoft/infoxlm-base,7,nounsverbsadj,511,0.9159108400344849
infoxlm_base,microsoft/infoxlm-base,7,nounsverbsadj,512,0.9225739240646362
infoxlm_base,microsoft/infoxlm-base,7,nounsverbsadj,513,0.9084831476211548
infoxlm_base,microsoft/infoxlm-base,7,nounsverbsadj,514,0.9300408959388733
infoxlm_base,microsoft/infoxlm-base,7,nounsverbsadj,515,0.9275599718093872
infoxlm_base,microsoft/infoxlm-base,7,nounsverbsadj,516,0.9219181537628174
infoxlm_base,microsoft/infoxlm-base,7,nounsverbsadj,517,0.9546971917152405
infoxlm_base,microsoft/infoxlm-base,7,nounsverbsadj,518,0.9228453040122986
infoxlm_base,microsoft/infoxlm-base,7,nounsverbsadj,519,0.8975001573562622
infoxlm_base,microsoft/infoxlm-base,7,nounsverbsadj,520,0.9217627048492432
infoxlm_base,microsoft/infoxlm-base,7,nounsverbsadj,521,0.915619969367981
infoxlm_base,microsoft/infoxlm-base,7,nounsverbsadj,522,0.9426305890083313
infoxlm_base,microsoft/infoxlm-base,7,nounsverbsadj,523,0.9246567487716675
infoxlm_base,microsoft/infoxlm-base,7,nounsverbsadj,524,0.9239834547042847
infoxlm_base,microsoft/infoxlm-base,7,nounsverbsadj,525,0.9101105332374573
infoxlm_base,microsoft/infoxlm-base,7,nounsverbsadj,526,0.9186177849769592
infoxlm_base,microsoft/infoxlm-base,7,nounsverbsadj,527,0.8997831344604492
infoxlm_base,microsoft/infoxlm-base,7,nounsverbsadj,528,0.9017467498779297
infoxlm_base,microsoft/infoxlm-base,7,nounsverbsadj,529,0.9319601655006409
infoxlm_base,microsoft/infoxlm-base,7,nounsverbsadj,530,0.9311544895172119
infoxlm_base,microsoft/infoxlm-base,7,nounsverbsadj,531,0.9056841731071472
infoxlm_base,microsoft/infoxlm-base,7,nounsverbsadj,532,0.9230825304985046
infoxlm_base,microsoft/infoxlm-base,7,nounsverbsadj,533,0.9152792096138
infoxlm_base,microsoft/infoxlm-base,7,nounsverbsadj,534,0.9401863813400269
infoxlm_base,microsoft/infoxlm-base,7,nounsverbsadj,535,0.9427202939987183
infoxlm_base,microsoft/infoxlm-base,7,nounsverbsadj,536,0.9103017449378967
infoxlm_base,microsoft/infoxlm-base,7,nounsverbsadj,537,0.9236125946044922
infoxlm_base,microsoft/infoxlm-base,7,nounsverbsadj,538,0.9194502830505371
infoxlm_base,microsoft/infoxlm-base,7,nounsverbsadj,539,0.9214850068092346
infoxlm_base,microsoft/infoxlm-base,7,nounsverbsadj,540,0.9154303073883057
infoxlm_base,microsoft/infoxlm-base,7,nounsverbsadj,541,0.9111283421516418
infoxlm_base,microsoft/infoxlm-base,7,nounsverbsadj,542,0.9019702672958374
infoxlm_base,microsoft/infoxlm-base,7,nounsverbsadj,543,0.9308751821517944
infoxlm_base,microsoft/infoxlm-base,7,nounsverbsadj,544,0.9247478246688843
infoxlm_base,microsoft/infoxlm-base,7,nounsverbsadj,545,0.9277055263519287
infoxlm_base,microsoft/infoxlm-base,7,nounsverbsadj,546,0.9154129028320312
infoxlm_base,microsoft/infoxlm-base,7,nounsverbsadj,547,0.8927383422851562
infoxlm_base,microsoft/infoxlm-base,7,nounsverbsadj,548,0.9098854660987854
infoxlm_base,microsoft/infoxlm-base,7,nounsverbsadj,549,0.8935028910636902
infoxlm_base,microsoft/infoxlm-base,7,nounsverbsadj,550,0.9300243854522705
infoxlm_base,microsoft/infoxlm-base,7,nounsverbsadj,551,0.9202636480331421
infoxlm_base,microsoft/infoxlm-base,7,nounsverbsadj,552,0.894402027130127
infoxlm_base,microsoft/infoxlm-base,7,nounsverbsadj,553,0.9075591564178467
infoxlm_base,microsoft/infoxlm-base,7,nounsverbsadj,554,0.9193329811096191
infoxlm_base,microsoft/infoxlm-base,7,nounsverbsadj,555,0.8815481662750244
infoxlm_base,microsoft/infoxlm-base,7,nounsverbsadj,556,0.8992339372634888
infoxlm_base,microsoft/infoxlm-base,7,nounsverbsadj,557,0.8705750107765198
infoxlm_base,microsoft/infoxlm-base,7,nounsverbsadj,558,0.9019453525543213
infoxlm_base,microsoft/infoxlm-base,7,nounsverbsadj,559,0.9394592046737671
infoxlm_base,microsoft/infoxlm-base,7,nounsverbsadj,560,0.9195139408111572
infoxlm_base,microsoft/infoxlm-base,7,nounsverbsadj,561,0.9022578597068787
infoxlm_base,microsoft/infoxlm-base,7,nounsverbsadj,562,0.9423285126686096
infoxlm_base,microsoft/infoxlm-base,7,nounsverbsadj,563,0.925723671913147
infoxlm_base,microsoft/infoxlm-base,7,nounsverbsadj,564,0.9156606197357178
infoxlm_base,microsoft/infoxlm-base,7,nounsverbsadj,565,0.926517128944397
infoxlm_base,microsoft/infoxlm-base,7,nounsverbsadj,566,0.8997976779937744
infoxlm_base,microsoft/infoxlm-base,7,nounsverbsadj,567,0.931036114692688
infoxlm_base,microsoft/infoxlm-base,7,nounsverbsadj,568,0.9173803329467773
infoxlm_base,microsoft/infoxlm-base,7,nounsverbsadj,569,0.9240125417709351
infoxlm_base,microsoft/infoxlm-base,7,nounsverbsadj,570,0.8650544881820679
infoxlm_base,microsoft/infoxlm-base,7,nounsverbsadj,571,0.9067599773406982
infoxlm_base,microsoft/infoxlm-base,7,nounsverbsadj,572,0.925835371017456
infoxlm_base,microsoft/infoxlm-base,7,nounsverbsadj,573,0.936537504196167
infoxlm_base,microsoft/infoxlm-base,7,nounsverbsadj,574,0.9286561608314514
infoxlm_base,microsoft/infoxlm-base,7,nounsverbsadj,575,0.879795491695404
infoxlm_base,microsoft/infoxlm-base,7,nounsverbsadj,576,0.91309654712677
infoxlm_base,microsoft/infoxlm-base,7,nounsverbsadj,577,0.9225723743438721
infoxlm_base,microsoft/infoxlm-base,7,nounsverbsadj,578,0.9126375913619995
infoxlm_base,microsoft/infoxlm-base,7,nounsverbsadj,579,0.908014178276062
infoxlm_base,microsoft/infoxlm-base,7,nounsverbsadj,580,0.9230151176452637
infoxlm_base,microsoft/infoxlm-base,7,nounsverbsadj,581,0.9036170840263367
infoxlm_base,microsoft/infoxlm-base,7,nounsverbsadj,582,0.9019970297813416
infoxlm_base,microsoft/infoxlm-base,7,nounsverbsadj,583,0.91469407081604
infoxlm_base,microsoft/infoxlm-base,7,nounsverbsadj,584,0.9381439685821533
infoxlm_base,microsoft/infoxlm-base,7,nounsverbsadj,585,0.9362281560897827
infoxlm_base,microsoft/infoxlm-base,7,nounsverbsadj,586,0.9255154132843018
infoxlm_base,microsoft/infoxlm-base,7,nounsverbsadj,587,0.927057683467865
infoxlm_base,microsoft/infoxlm-base,7,nounsverbsadj,588,0.9313022494316101
infoxlm_base,microsoft/infoxlm-base,7,nounsverbsadj,589,0.9496238827705383
infoxlm_base,microsoft/infoxlm-base,7,nounsverbsadj,590,0.9240910410881042
infoxlm_base,microsoft/infoxlm-base,7,nounsverbsadj,591,0.9123382568359375
infoxlm_base,microsoft/infoxlm-base,7,nounsverbsadj,592,0.9185831546783447
infoxlm_base,microsoft/infoxlm-base,7,nounsverbsadj,593,0.8984127640724182
infoxlm_base,microsoft/infoxlm-base,7,nounsverbsadj,594,0.9220983982086182
infoxlm_base,microsoft/infoxlm-base,7,nounsverbsadj,595,0.9022876620292664
infoxlm_base,microsoft/infoxlm-base,7,nounsverbsadj,596,0.9081694483757019
infoxlm_base,microsoft/infoxlm-base,7,nounsverbsadj,597,0.9414036870002747
infoxlm_base,microsoft/infoxlm-base,7,nounsverbsadj,598,0.9275727272033691
infoxlm_base,microsoft/infoxlm-base,7,nounsverbsadj,599,0.9280580282211304
infoxlm_base,microsoft/infoxlm-base,7,nounsverbsadj,600,0.9358516931533813
infoxlm_base,microsoft/infoxlm-base,7,nounsverbsadj,601,0.9377894401550293
infoxlm_base,microsoft/infoxlm-base,7,nounsverbsadj,602,0.897377610206604
infoxlm_base,microsoft/infoxlm-base,7,nounsverbsadj,603,0.9120319485664368
infoxlm_base,microsoft/infoxlm-base,7,nounsverbsadj,604,0.9406558275222778
infoxlm_base,microsoft/infoxlm-base,7,nounsverbsadj,605,0.9352067708969116
infoxlm_base,microsoft/infoxlm-base,7,nounsverbsadj,606,0.9166738390922546
infoxlm_base,microsoft/infoxlm-base,7,nounsverbsadj,607,0.948815107345581
infoxlm_base,microsoft/infoxlm-base,7,nounsverbsadj,608,0.9136747121810913
infoxlm_base,microsoft/infoxlm-base,7,nounsverbsadj,609,0.9022235870361328
infoxlm_base,microsoft/infoxlm-base,7,nounsverbsadj,610,0.9345864653587341
infoxlm_base,microsoft/infoxlm-base,7,nounsverbsadj,611,0.91387540102005
infoxlm_base,microsoft/infoxlm-base,7,nounsverbsadj,612,0.915669322013855
infoxlm_base,microsoft/infoxlm-base,7,nounsverbsadj,613,0.924569308757782
infoxlm_base,microsoft/infoxlm-base,7,nounsverbsadj,614,0.9314970374107361
infoxlm_base,microsoft/infoxlm-base,7,nounsverbsadj,615,0.9256196022033691
infoxlm_base,microsoft/infoxlm-base,7,nounsverbsadj,616,0.9508094787597656
infoxlm_base,microsoft/infoxlm-base,7,nounsverbsadj,617,0.9259471297264099
infoxlm_base,microsoft/infoxlm-base,7,nounsverbsadj,618,0.9175573587417603
infoxlm_base,microsoft/infoxlm-base,7,nounsverbsadj,619,0.9484085440635681
infoxlm_base,microsoft/infoxlm-base,7,nounsverbsadj,620,0.9462318420410156
infoxlm_base,microsoft/infoxlm-base,7,nounsverbsadj,621,0.8963149785995483
infoxlm_base,microsoft/infoxlm-base,7,nounsverbsadj,622,0.9090654253959656
infoxlm_base,microsoft/infoxlm-base,7,nounsverbsadj,623,0.9138453006744385
infoxlm_base,microsoft/infoxlm-base,7,nounsverbsadj,624,0.9002106785774231
infoxlm_base,microsoft/infoxlm-base,7,nounsverbsadj,625,0.9324259757995605
infoxlm_base,microsoft/infoxlm-base,7,nounsverbsadj,626,0.8957794308662415
infoxlm_base,microsoft/infoxlm-base,7,functionwords,0,0.8942931890487671
infoxlm_base,microsoft/infoxlm-base,7,functionwords,1,0.8596581816673279
infoxlm_base,microsoft/infoxlm-base,7,functionwords,2,0.8688883185386658
infoxlm_base,microsoft/infoxlm-base,7,functionwords,3,0.8553884625434875
infoxlm_base,microsoft/infoxlm-base,7,functionwords,4,0.8411183953285217
infoxlm_base,microsoft/infoxlm-base,7,functionwords,5,0.8641571402549744
infoxlm_base,microsoft/infoxlm-base,7,functionwords,6,0.8624535202980042
infoxlm_base,microsoft/infoxlm-base,7,functionwords,7,0.8172750473022461
infoxlm_base,microsoft/infoxlm-base,7,functionwords,8,0.84916090965271
infoxlm_base,microsoft/infoxlm-base,7,functionwords,9,0.8515771627426147
infoxlm_base,microsoft/infoxlm-base,7,functionwords,10,0.7994688749313354
infoxlm_base,microsoft/infoxlm-base,7,functionwords,11,0.8428681492805481
infoxlm_base,microsoft/infoxlm-base,7,functionwords,12,0.8132821321487427
infoxlm_base,microsoft/infoxlm-base,7,functionwords,13,0.8310742974281311
infoxlm_base,microsoft/infoxlm-base,7,functionwords,14,0.8095777630805969
infoxlm_base,microsoft/infoxlm-base,7,functionwords,15,0.8338080644607544
infoxlm_base,microsoft/infoxlm-base,7,functionwords,16,0.8293426632881165
infoxlm_base,microsoft/infoxlm-base,7,functionwords,17,0.8407635688781738
infoxlm_base,microsoft/infoxlm-base,7,functionwords,18,0.8578759431838989
infoxlm_base,microsoft/infoxlm-base,7,functionwords,19,0.7994611263275146
infoxlm_base,microsoft/infoxlm-base,7,functionwords,20,0.8157505989074707
infoxlm_base,microsoft/infoxlm-base,7,functionwords,21,0.8575607538223267
infoxlm_base,microsoft/infoxlm-base,7,functionwords,22,0.8603233098983765
infoxlm_base,microsoft/infoxlm-base,7,functionwords,23,0.7866885662078857
infoxlm_base,microsoft/infoxlm-base,7,functionwords,24,0.850441575050354
infoxlm_base,microsoft/infoxlm-base,7,functionwords,25,0.8526333570480347
infoxlm_base,microsoft/infoxlm-base,7,functionwords,26,0.8356819748878479
infoxlm_base,microsoft/infoxlm-base,7,functionwords,27,0.8163953423500061
infoxlm_base,microsoft/infoxlm-base,7,functionwords,28,0.8331444263458252
infoxlm_base,microsoft/infoxlm-base,7,functionwords,29,0.8435232043266296
infoxlm_base,microsoft/infoxlm-base,7,functionwords,30,0.8548204302787781
infoxlm_base,microsoft/infoxlm-base,7,functionwords,31,0.7964197993278503
infoxlm_base,microsoft/infoxlm-base,7,functionwords,32,0.8253762722015381
infoxlm_base,microsoft/infoxlm-base,7,functionwords,33,0.8653136491775513
infoxlm_base,microsoft/infoxlm-base,7,functionwords,34,0.8864571452140808
infoxlm_base,microsoft/infoxlm-base,7,functionwords,35,0.8316019177436829
infoxlm_base,microsoft/infoxlm-base,7,functionwords,36,0.8569629192352295
infoxlm_base,microsoft/infoxlm-base,7,functionwords,37,0.8064344525337219
infoxlm_base,microsoft/infoxlm-base,7,functionwords,38,0.8192658424377441
infoxlm_base,microsoft/infoxlm-base,7,functionwords,39,0.8237863779067993
infoxlm_base,microsoft/infoxlm-base,7,functionwords,40,0.847766637802124
infoxlm_base,microsoft/infoxlm-base,7,functionwords,41,0.8827557563781738
infoxlm_base,microsoft/infoxlm-base,7,functionwords,42,0.8444028496742249
infoxlm_base,microsoft/infoxlm-base,7,functionwords,43,0.8435522317886353
infoxlm_base,microsoft/infoxlm-base,7,functionwords,44,0.8524314761161804
infoxlm_base,microsoft/infoxlm-base,7,functionwords,45,0.8590238094329834
infoxlm_base,microsoft/infoxlm-base,7,functionwords,46,0.8725417256355286
infoxlm_base,microsoft/infoxlm-base,7,functionwords,47,0.8420661687850952
infoxlm_base,microsoft/infoxlm-base,7,functionwords,48,0.8350414633750916
infoxlm_base,microsoft/infoxlm-base,7,functionwords,49,0.8503798842430115
infoxlm_base,microsoft/infoxlm-base,7,functionwords,50,0.8295632600784302
infoxlm_base,microsoft/infoxlm-base,7,functionwords,51,0.8591455817222595
infoxlm_base,microsoft/infoxlm-base,7,functionwords,52,0.7799627780914307
infoxlm_base,microsoft/infoxlm-base,7,functionwords,53,0.8225313425064087
infoxlm_base,microsoft/infoxlm-base,7,functionwords,54,0.7813558578491211
infoxlm_base,microsoft/infoxlm-base,7,functionwords,55,0.8529675006866455
infoxlm_base,microsoft/infoxlm-base,7,functionwords,56,0.8415569067001343
infoxlm_base,microsoft/infoxlm-base,7,functionwords,57,0.8693541288375854
infoxlm_base,microsoft/infoxlm-base,7,functionwords,58,0.8654091954231262
infoxlm_base,microsoft/infoxlm-base,7,functionwords,59,0.8281571865081787
infoxlm_base,microsoft/infoxlm-base,7,functionwords,60,0.8331186771392822
infoxlm_base,microsoft/infoxlm-base,7,functionwords,61,0.8313961625099182
infoxlm_base,microsoft/infoxlm-base,7,functionwords,62,0.8550528287887573
infoxlm_base,microsoft/infoxlm-base,7,functionwords,63,0.8513002395629883
infoxlm_base,microsoft/infoxlm-base,7,functionwords,64,0.850595235824585
infoxlm_base,microsoft/infoxlm-base,7,functionwords,65,0.8452847003936768
infoxlm_base,microsoft/infoxlm-base,7,functionwords,66,0.8747691512107849
infoxlm_base,microsoft/infoxlm-base,7,functionwords,67,0.8264700174331665
infoxlm_base,microsoft/infoxlm-base,7,functionwords,68,0.8159032464027405
infoxlm_base,microsoft/infoxlm-base,7,functionwords,69,0.8866887092590332
infoxlm_base,microsoft/infoxlm-base,7,functionwords,70,0.8098851442337036
infoxlm_base,microsoft/infoxlm-base,7,functionwords,71,0.8443761467933655
infoxlm_base,microsoft/infoxlm-base,7,functionwords,72,0.8221303224563599
infoxlm_base,microsoft/infoxlm-base,7,functionwords,73,0.8870941400527954
infoxlm_base,microsoft/infoxlm-base,7,functionwords,74,0.8024845123291016
infoxlm_base,microsoft/infoxlm-base,7,functionwords,75,0.8468416929244995
infoxlm_base,microsoft/infoxlm-base,7,functionwords,76,0.8261141777038574
infoxlm_base,microsoft/infoxlm-base,7,functionwords,77,0.8701504468917847
infoxlm_base,microsoft/infoxlm-base,7,functionwords,78,0.8188408613204956
infoxlm_base,microsoft/infoxlm-base,7,functionwords,79,0.8267248272895813
infoxlm_base,microsoft/infoxlm-base,7,functionwords,80,0.8265597224235535
infoxlm_base,microsoft/infoxlm-base,7,functionwords,81,0.8525733947753906
infoxlm_base,microsoft/infoxlm-base,7,functionwords,82,0.839397668838501
infoxlm_base,microsoft/infoxlm-base,7,functionwords,83,0.835111677646637
infoxlm_base,microsoft/infoxlm-base,7,functionwords,84,0.8575830459594727
infoxlm_base,microsoft/infoxlm-base,7,functionwords,85,0.8037105798721313
infoxlm_base,microsoft/infoxlm-base,7,functionwords,86,0.846778929233551
infoxlm_base,microsoft/infoxlm-base,7,functionwords,87,0.8157718777656555
infoxlm_base,microsoft/infoxlm-base,7,functionwords,88,0.8357787728309631
infoxlm_base,microsoft/infoxlm-base,7,functionwords,89,0.8240377902984619
infoxlm_base,microsoft/infoxlm-base,7,functionwords,90,0.8800456523895264
infoxlm_base,microsoft/infoxlm-base,7,functionwords,91,0.862329363822937
infoxlm_base,microsoft/infoxlm-base,7,functionwords,92,0.8371689319610596
infoxlm_base,microsoft/infoxlm-base,7,functionwords,93,0.821654736995697
infoxlm_base,microsoft/infoxlm-base,7,functionwords,94,0.7944907546043396
infoxlm_base,microsoft/infoxlm-base,7,functionwords,95,0.8140462040901184
infoxlm_base,microsoft/infoxlm-base,7,functionwords,96,0.7744868993759155
infoxlm_base,microsoft/infoxlm-base,7,functionwords,97,0.7606538534164429
infoxlm_base,microsoft/infoxlm-base,7,functionwords,98,0.8091831207275391
infoxlm_base,microsoft/infoxlm-base,7,functionwords,99,0.8302294611930847
infoxlm_base,microsoft/infoxlm-base,7,functionwords,100,0.8311648964881897
infoxlm_base,microsoft/infoxlm-base,7,functionwords,101,0.8916044235229492
infoxlm_base,microsoft/infoxlm-base,7,functionwords,102,0.8574856519699097
infoxlm_base,microsoft/infoxlm-base,7,functionwords,103,0.8549951314926147
infoxlm_base,microsoft/infoxlm-base,7,functionwords,104,0.8697425127029419
infoxlm_base,microsoft/infoxlm-base,7,functionwords,105,0.8267048001289368
infoxlm_base,microsoft/infoxlm-base,7,functionwords,106,0.882678747177124
infoxlm_base,microsoft/infoxlm-base,7,functionwords,107,0.8254168629646301
infoxlm_base,microsoft/infoxlm-base,7,functionwords,108,0.8257767558097839
infoxlm_base,microsoft/infoxlm-base,7,functionwords,109,0.8377443552017212
infoxlm_base,microsoft/infoxlm-base,7,functionwords,110,0.880986213684082
infoxlm_base,microsoft/infoxlm-base,7,functionwords,111,0.831209659576416
infoxlm_base,microsoft/infoxlm-base,7,functionwords,112,0.8386942148208618
infoxlm_base,microsoft/infoxlm-base,7,functionwords,113,0.876733660697937
infoxlm_base,microsoft/infoxlm-base,7,functionwords,114,0.8491288423538208
infoxlm_base,microsoft/infoxlm-base,7,functionwords,115,0.8706567883491516
infoxlm_base,microsoft/infoxlm-base,7,functionwords,116,0.8458622097969055
infoxlm_base,microsoft/infoxlm-base,7,functionwords,117,0.8140228986740112
infoxlm_base,microsoft/infoxlm-base,7,functionwords,118,0.8441081643104553
infoxlm_base,microsoft/infoxlm-base,7,functionwords,119,0.8473740816116333
infoxlm_base,microsoft/infoxlm-base,7,functionwords,120,0.8200957775115967
infoxlm_base,microsoft/infoxlm-base,7,functionwords,121,0.8298988342285156
infoxlm_base,microsoft/infoxlm-base,7,functionwords,122,0.8772972226142883
infoxlm_base,microsoft/infoxlm-base,7,functionwords,123,0.860710859298706
infoxlm_base,microsoft/infoxlm-base,7,functionwords,124,0.8509978652000427
infoxlm_base,microsoft/infoxlm-base,7,functionwords,125,0.901328444480896
infoxlm_base,microsoft/infoxlm-base,7,functionwords,126,0.8009036183357239
infoxlm_base,microsoft/infoxlm-base,7,functionwords,127,0.8142269849777222
infoxlm_base,microsoft/infoxlm-base,7,functionwords,128,0.8635531663894653
infoxlm_base,microsoft/infoxlm-base,7,functionwords,129,0.7777116298675537
infoxlm_base,microsoft/infoxlm-base,7,functionwords,130,0.7859545946121216
infoxlm_base,microsoft/infoxlm-base,7,functionwords,131,0.8146438598632812
infoxlm_base,microsoft/infoxlm-base,7,functionwords,132,0.8237476348876953
infoxlm_base,microsoft/infoxlm-base,7,functionwords,133,0.8838136196136475
infoxlm_base,microsoft/infoxlm-base,7,functionwords,134,0.850550651550293
infoxlm_base,microsoft/infoxlm-base,7,functionwords,135,0.8170149922370911
infoxlm_base,microsoft/infoxlm-base,7,functionwords,136,0.8545451164245605
infoxlm_base,microsoft/infoxlm-base,7,functionwords,137,0.8412037491798401
infoxlm_base,microsoft/infoxlm-base,7,functionwords,138,0.7704488039016724
infoxlm_base,microsoft/infoxlm-base,7,functionwords,139,0.8456540703773499
infoxlm_base,microsoft/infoxlm-base,7,functionwords,140,0.8562133312225342
infoxlm_base,microsoft/infoxlm-base,7,functionwords,141,0.8423610925674438
infoxlm_base,microsoft/infoxlm-base,7,functionwords,142,0.8696068525314331
infoxlm_base,microsoft/infoxlm-base,7,functionwords,143,0.875525712966919
infoxlm_base,microsoft/infoxlm-base,7,functionwords,144,0.840951144695282
infoxlm_base,microsoft/infoxlm-base,7,functionwords,145,0.8654323816299438
infoxlm_base,microsoft/infoxlm-base,7,functionwords,146,0.8415575623512268
infoxlm_base,microsoft/infoxlm-base,7,functionwords,147,0.8145490884780884
infoxlm_base,microsoft/infoxlm-base,7,functionwords,148,0.8271033763885498
infoxlm_base,microsoft/infoxlm-base,7,functionwords,149,0.8735746145248413
infoxlm_base,microsoft/infoxlm-base,7,functionwords,150,0.8475828170776367
infoxlm_base,microsoft/infoxlm-base,7,functionwords,151,0.8336237072944641
infoxlm_base,microsoft/infoxlm-base,7,functionwords,152,0.8523585796356201
infoxlm_base,microsoft/infoxlm-base,7,functionwords,153,0.8628805875778198
infoxlm_base,microsoft/infoxlm-base,7,functionwords,154,0.8226456642150879
infoxlm_base,microsoft/infoxlm-base,7,functionwords,155,0.8474767208099365
infoxlm_base,microsoft/infoxlm-base,7,functionwords,156,0.8540264964103699
infoxlm_base,microsoft/infoxlm-base,7,functionwords,157,0.863632082939148
infoxlm_base,microsoft/infoxlm-base,7,functionwords,158,0.8808164596557617
infoxlm_base,microsoft/infoxlm-base,7,functionwords,159,0.8796058893203735
infoxlm_base,microsoft/infoxlm-base,7,functionwords,160,0.8861292600631714
infoxlm_base,microsoft/infoxlm-base,7,functionwords,161,0.8497423529624939
infoxlm_base,microsoft/infoxlm-base,7,functionwords,162,0.8172577023506165
infoxlm_base,microsoft/infoxlm-base,7,functionwords,163,0.7745027542114258
infoxlm_base,microsoft/infoxlm-base,7,functionwords,164,0.8437659740447998
infoxlm_base,microsoft/infoxlm-base,7,functionwords,165,0.8287585377693176
infoxlm_base,microsoft/infoxlm-base,7,functionwords,166,0.7774547934532166
infoxlm_base,microsoft/infoxlm-base,7,functionwords,167,0.8303426504135132
infoxlm_base,microsoft/infoxlm-base,7,functionwords,168,0.7947441339492798
infoxlm_base,microsoft/infoxlm-base,7,functionwords,169,0.8561645746231079
infoxlm_base,microsoft/infoxlm-base,7,functionwords,170,0.8545585870742798
infoxlm_base,microsoft/infoxlm-base,7,functionwords,171,0.835984468460083
infoxlm_base,microsoft/infoxlm-base,7,functionwords,172,0.8491320013999939
infoxlm_base,microsoft/infoxlm-base,7,functionwords,173,0.8730005025863647
infoxlm_base,microsoft/infoxlm-base,7,functionwords,174,0.8199542760848999
infoxlm_base,microsoft/infoxlm-base,7,functionwords,175,0.8455203175544739
infoxlm_base,microsoft/infoxlm-base,7,functionwords,176,0.8209007978439331
infoxlm_base,microsoft/infoxlm-base,7,functionwords,177,0.8393338918685913
infoxlm_base,microsoft/infoxlm-base,7,functionwords,178,0.8314239382743835
infoxlm_base,microsoft/infoxlm-base,7,functionwords,179,0.8381019830703735
infoxlm_base,microsoft/infoxlm-base,7,functionwords,180,0.8604394197463989
infoxlm_base,microsoft/infoxlm-base,7,functionwords,181,0.8295813202857971
infoxlm_base,microsoft/infoxlm-base,7,functionwords,182,0.8810715079307556
infoxlm_base,microsoft/infoxlm-base,7,functionwords,183,0.7499077320098877
infoxlm_base,microsoft/infoxlm-base,7,functionwords,184,0.8538329005241394
infoxlm_base,microsoft/infoxlm-base,7,functionwords,185,0.8370833992958069
infoxlm_base,microsoft/infoxlm-base,7,functionwords,186,0.8349695801734924
infoxlm_base,microsoft/infoxlm-base,7,functionwords,187,0.8214128613471985
infoxlm_base,microsoft/infoxlm-base,7,functionwords,188,0.8213443756103516
infoxlm_base,microsoft/infoxlm-base,7,functionwords,189,0.8552545309066772
infoxlm_base,microsoft/infoxlm-base,7,functionwords,190,0.8600921630859375
infoxlm_base,microsoft/infoxlm-base,7,functionwords,191,0.8533466458320618
infoxlm_base,microsoft/infoxlm-base,7,functionwords,192,0.8470528721809387
infoxlm_base,microsoft/infoxlm-base,7,functionwords,193,0.8535490036010742
infoxlm_base,microsoft/infoxlm-base,7,functionwords,194,0.8057991862297058
infoxlm_base,microsoft/infoxlm-base,7,functionwords,195,0.8346875905990601
infoxlm_base,microsoft/infoxlm-base,7,functionwords,196,0.8372532725334167
infoxlm_base,microsoft/infoxlm-base,7,functionwords,197,0.8601740002632141
infoxlm_base,microsoft/infoxlm-base,7,functionwords,198,0.8022190928459167
infoxlm_base,microsoft/infoxlm-base,7,functionwords,199,0.8499699831008911
infoxlm_base,microsoft/infoxlm-base,7,functionwords,200,0.8455581665039062
infoxlm_base,microsoft/infoxlm-base,7,functionwords,201,0.8288151025772095
infoxlm_base,microsoft/infoxlm-base,7,functionwords,202,0.8613246083259583
infoxlm_base,microsoft/infoxlm-base,7,functionwords,203,0.8186625242233276
infoxlm_base,microsoft/infoxlm-base,7,functionwords,204,0.8854324817657471
infoxlm_base,microsoft/infoxlm-base,7,functionwords,205,0.8568755388259888
infoxlm_base,microsoft/infoxlm-base,7,functionwords,206,0.8289445638656616
infoxlm_base,microsoft/infoxlm-base,7,functionwords,207,0.8521168828010559
infoxlm_base,microsoft/infoxlm-base,7,functionwords,208,0.8351129293441772
infoxlm_base,microsoft/infoxlm-base,7,functionwords,209,0.8288209438323975
infoxlm_base,microsoft/infoxlm-base,7,functionwords,210,0.8553034067153931
infoxlm_base,microsoft/infoxlm-base,7,functionwords,211,0.7818056344985962
infoxlm_base,microsoft/infoxlm-base,7,functionwords,212,0.7858742475509644
infoxlm_base,microsoft/infoxlm-base,7,functionwords,213,0.831577479839325
infoxlm_base,microsoft/infoxlm-base,7,functionwords,214,0.7922402620315552
infoxlm_base,microsoft/infoxlm-base,7,functionwords,215,0.8374472856521606
infoxlm_base,microsoft/infoxlm-base,7,functionwords,216,0.8686203360557556
infoxlm_base,microsoft/infoxlm-base,7,functionwords,217,0.8538870215415955
infoxlm_base,microsoft/infoxlm-base,7,functionwords,218,0.8719061613082886
infoxlm_base,microsoft/infoxlm-base,7,functionwords,219,0.8218623995780945
infoxlm_base,microsoft/infoxlm-base,7,functionwords,220,0.883639931678772
infoxlm_base,microsoft/infoxlm-base,7,functionwords,221,0.8430536389350891
infoxlm_base,microsoft/infoxlm-base,7,functionwords,222,0.8592811226844788
infoxlm_base,microsoft/infoxlm-base,7,functionwords,223,0.8603824377059937
infoxlm_base,microsoft/infoxlm-base,7,functionwords,224,0.8879863619804382
infoxlm_base,microsoft/infoxlm-base,7,functionwords,225,0.9012997150421143
infoxlm_base,microsoft/infoxlm-base,7,functionwords,226,0.7983501553535461
infoxlm_base,microsoft/infoxlm-base,7,functionwords,227,0.8500685691833496
infoxlm_base,microsoft/infoxlm-base,7,functionwords,228,0.7454443573951721
infoxlm_base,microsoft/infoxlm-base,7,functionwords,229,0.8718100190162659
infoxlm_base,microsoft/infoxlm-base,7,functionwords,230,0.793978214263916
infoxlm_base,microsoft/infoxlm-base,7,functionwords,231,0.8031165599822998
infoxlm_base,microsoft/infoxlm-base,7,functionwords,232,0.8311530947685242
infoxlm_base,microsoft/infoxlm-base,7,functionwords,233,0.8380072712898254
infoxlm_base,microsoft/infoxlm-base,7,functionwords,234,0.8086963891983032
infoxlm_base,microsoft/infoxlm-base,7,functionwords,235,0.855548620223999
infoxlm_base,microsoft/infoxlm-base,7,functionwords,236,0.866507887840271
infoxlm_base,microsoft/infoxlm-base,7,functionwords,237,0.8816860318183899
infoxlm_base,microsoft/infoxlm-base,7,functionwords,238,0.8109048008918762
infoxlm_base,microsoft/infoxlm-base,7,functionwords,239,0.8498220443725586
infoxlm_base,microsoft/infoxlm-base,7,functionwords,240,0.8678516149520874
infoxlm_base,microsoft/infoxlm-base,7,functionwords,241,0.8542407155036926
infoxlm_base,microsoft/infoxlm-base,7,functionwords,242,0.8754606246948242
infoxlm_base,microsoft/infoxlm-base,7,functionwords,243,0.8591419458389282
infoxlm_base,microsoft/infoxlm-base,7,functionwords,244,0.8626848459243774
infoxlm_base,microsoft/infoxlm-base,7,functionwords,245,0.8546435236930847
infoxlm_base,microsoft/infoxlm-base,7,functionwords,246,0.8145986199378967
infoxlm_base,microsoft/infoxlm-base,7,functionwords,247,0.7922977209091187
infoxlm_base,microsoft/infoxlm-base,7,functionwords,248,0.838559091091156
infoxlm_base,microsoft/infoxlm-base,7,functionwords,249,0.8182639479637146
infoxlm_base,microsoft/infoxlm-base,7,functionwords,250,0.864891529083252
infoxlm_base,microsoft/infoxlm-base,7,functionwords,251,0.8376147747039795
infoxlm_base,microsoft/infoxlm-base,7,functionwords,252,0.8240487575531006
infoxlm_base,microsoft/infoxlm-base,7,functionwords,253,0.8460237979888916
infoxlm_base,microsoft/infoxlm-base,7,functionwords,254,0.8198180794715881
infoxlm_base,microsoft/infoxlm-base,7,functionwords,255,0.7863917350769043
infoxlm_base,microsoft/infoxlm-base,7,functionwords,256,0.8383042812347412
infoxlm_base,microsoft/infoxlm-base,7,functionwords,257,0.8910766243934631
infoxlm_base,microsoft/infoxlm-base,7,functionwords,258,0.8844013214111328
infoxlm_base,microsoft/infoxlm-base,7,functionwords,259,0.8757351636886597
infoxlm_base,microsoft/infoxlm-base,7,functionwords,260,0.8599742650985718
infoxlm_base,microsoft/infoxlm-base,7,functionwords,261,0.8332582712173462
infoxlm_base,microsoft/infoxlm-base,7,functionwords,262,0.8336910605430603
infoxlm_base,microsoft/infoxlm-base,7,functionwords,263,0.8487011194229126
infoxlm_base,microsoft/infoxlm-base,7,functionwords,264,0.851921021938324
infoxlm_base,microsoft/infoxlm-base,7,functionwords,265,0.8361092209815979
infoxlm_base,microsoft/infoxlm-base,7,functionwords,266,0.8563880920410156
infoxlm_base,microsoft/infoxlm-base,7,functionwords,267,0.8819987177848816
infoxlm_base,microsoft/infoxlm-base,7,functionwords,268,0.878600001335144
infoxlm_base,microsoft/infoxlm-base,7,functionwords,269,0.8805232048034668
infoxlm_base,microsoft/infoxlm-base,7,functionwords,270,0.8749883770942688
infoxlm_base,microsoft/infoxlm-base,7,functionwords,271,0.8549327850341797
infoxlm_base,microsoft/infoxlm-base,7,functionwords,272,0.8669703006744385
infoxlm_base,microsoft/infoxlm-base,7,functionwords,273,0.8115718960762024
infoxlm_base,microsoft/infoxlm-base,7,functionwords,274,0.866276741027832
infoxlm_base,microsoft/infoxlm-base,7,functionwords,275,0.86355060338974
infoxlm_base,microsoft/infoxlm-base,7,functionwords,276,0.851686954498291
infoxlm_base,microsoft/infoxlm-base,7,functionwords,277,0.8688891530036926
infoxlm_base,microsoft/infoxlm-base,7,functionwords,278,0.8348114490509033
infoxlm_base,microsoft/infoxlm-base,7,functionwords,279,0.8575452566146851
infoxlm_base,microsoft/infoxlm-base,7,functionwords,280,0.8264684081077576
infoxlm_base,microsoft/infoxlm-base,7,functionwords,281,0.8522712588310242
infoxlm_base,microsoft/infoxlm-base,7,functionwords,282,0.8629904985427856
infoxlm_base,microsoft/infoxlm-base,7,functionwords,283,0.8573872447013855
infoxlm_base,microsoft/infoxlm-base,7,functionwords,284,0.8899961113929749
infoxlm_base,microsoft/infoxlm-base,7,functionwords,285,0.8494017124176025
infoxlm_base,microsoft/infoxlm-base,7,functionwords,286,0.8150421380996704
infoxlm_base,microsoft/infoxlm-base,7,functionwords,287,0.7986265420913696
infoxlm_base,microsoft/infoxlm-base,7,functionwords,288,0.8461583852767944
infoxlm_base,microsoft/infoxlm-base,7,functionwords,289,0.8480488657951355
infoxlm_base,microsoft/infoxlm-base,7,functionwords,290,0.8214966058731079
infoxlm_base,microsoft/infoxlm-base,7,functionwords,291,0.8385670185089111
infoxlm_base,microsoft/infoxlm-base,7,functionwords,292,0.8477157354354858
infoxlm_base,microsoft/infoxlm-base,7,functionwords,293,0.8237533569335938
infoxlm_base,microsoft/infoxlm-base,7,functionwords,294,0.8329769372940063
infoxlm_base,microsoft/infoxlm-base,7,functionwords,295,0.8390150666236877
infoxlm_base,microsoft/infoxlm-base,7,functionwords,296,0.8454820513725281
infoxlm_base,microsoft/infoxlm-base,7,functionwords,297,0.7893986701965332
infoxlm_base,microsoft/infoxlm-base,7,functionwords,298,0.8836778998374939
infoxlm_base,microsoft/infoxlm-base,7,functionwords,299,0.8234221339225769
infoxlm_base,microsoft/infoxlm-base,7,functionwords,300,0.8496059775352478
infoxlm_base,microsoft/infoxlm-base,7,functionwords,301,0.8384140729904175
infoxlm_base,microsoft/infoxlm-base,7,functionwords,302,0.842894971370697
infoxlm_base,microsoft/infoxlm-base,7,functionwords,303,0.8484407067298889
infoxlm_base,microsoft/infoxlm-base,7,functionwords,304,0.8594542741775513
infoxlm_base,microsoft/infoxlm-base,7,functionwords,305,0.8277904391288757
infoxlm_base,microsoft/infoxlm-base,7,functionwords,306,0.8459247350692749
infoxlm_base,microsoft/infoxlm-base,7,functionwords,307,0.844701886177063
infoxlm_base,microsoft/infoxlm-base,7,functionwords,308,0.8537846803665161
infoxlm_base,microsoft/infoxlm-base,7,functionwords,309,0.8725151419639587
infoxlm_base,microsoft/infoxlm-base,7,functionwords,310,0.8715680241584778
infoxlm_base,microsoft/infoxlm-base,7,functionwords,311,0.8578821420669556
infoxlm_base,microsoft/infoxlm-base,7,functionwords,312,0.7766598463058472
infoxlm_base,microsoft/infoxlm-base,7,functionwords,313,0.8472135066986084
infoxlm_base,microsoft/infoxlm-base,7,functionwords,314,0.842780351638794
infoxlm_base,microsoft/infoxlm-base,7,functionwords,315,0.8367478847503662
infoxlm_base,microsoft/infoxlm-base,7,functionwords,316,0.8544975519180298
infoxlm_base,microsoft/infoxlm-base,7,functionwords,317,0.8477469682693481
infoxlm_base,microsoft/infoxlm-base,7,functionwords,318,0.8264297842979431
infoxlm_base,microsoft/infoxlm-base,7,functionwords,319,0.8656009435653687
infoxlm_base,microsoft/infoxlm-base,7,functionwords,320,0.8261063098907471
infoxlm_base,microsoft/infoxlm-base,7,functionwords,321,0.8427841663360596
infoxlm_base,microsoft/infoxlm-base,7,functionwords,322,0.8359333276748657
infoxlm_base,microsoft/infoxlm-base,7,functionwords,323,0.8763352036476135
infoxlm_base,microsoft/infoxlm-base,7,functionwords,324,0.8661913871765137
infoxlm_base,microsoft/infoxlm-base,7,functionwords,325,0.8499796390533447
infoxlm_base,microsoft/infoxlm-base,7,functionwords,326,0.8243414163589478
infoxlm_base,microsoft/infoxlm-base,7,functionwords,327,0.8423953056335449
infoxlm_base,microsoft/infoxlm-base,7,functionwords,328,0.8396852016448975
infoxlm_base,microsoft/infoxlm-base,7,functionwords,329,0.7748726606369019
infoxlm_base,microsoft/infoxlm-base,7,functionwords,330,0.8463805317878723
infoxlm_base,microsoft/infoxlm-base,7,functionwords,331,0.781479001045227
infoxlm_base,microsoft/infoxlm-base,7,functionwords,332,0.8125215172767639
infoxlm_base,microsoft/infoxlm-base,7,functionwords,333,0.874748706817627
infoxlm_base,microsoft/infoxlm-base,7,functionwords,334,0.7967325448989868
infoxlm_base,microsoft/infoxlm-base,7,functionwords,335,0.7992323637008667
infoxlm_base,microsoft/infoxlm-base,7,functionwords,336,0.8274934887886047
infoxlm_base,microsoft/infoxlm-base,7,functionwords,337,0.8654099702835083
infoxlm_base,microsoft/infoxlm-base,7,functionwords,338,0.7759079933166504
infoxlm_base,microsoft/infoxlm-base,7,functionwords,339,0.8606616854667664
infoxlm_base,microsoft/infoxlm-base,7,functionwords,340,0.7734731435775757
infoxlm_base,microsoft/infoxlm-base,7,functionwords,341,0.8418657183647156
infoxlm_base,microsoft/infoxlm-base,7,functionwords,342,0.823532223701477
infoxlm_base,microsoft/infoxlm-base,7,functionwords,343,0.878198504447937
infoxlm_base,microsoft/infoxlm-base,7,functionwords,344,0.8093509078025818
infoxlm_base,microsoft/infoxlm-base,7,functionwords,345,0.8377823829650879
infoxlm_base,microsoft/infoxlm-base,7,functionwords,346,0.8728447556495667
infoxlm_base,microsoft/infoxlm-base,7,functionwords,347,0.8311024308204651
infoxlm_base,microsoft/infoxlm-base,7,functionwords,348,0.849530816078186
infoxlm_base,microsoft/infoxlm-base,7,functionwords,349,0.8650375604629517
infoxlm_base,microsoft/infoxlm-base,7,functionwords,350,0.828056275844574
infoxlm_base,microsoft/infoxlm-base,7,functionwords,351,0.8394504189491272
infoxlm_base,microsoft/infoxlm-base,7,functionwords,352,0.818568229675293
infoxlm_base,microsoft/infoxlm-base,7,functionwords,353,0.8420752286911011
infoxlm_base,microsoft/infoxlm-base,7,functionwords,354,0.84755539894104
infoxlm_base,microsoft/infoxlm-base,7,functionwords,355,0.8739113211631775
infoxlm_base,microsoft/infoxlm-base,7,functionwords,356,0.8863011002540588
infoxlm_base,microsoft/infoxlm-base,7,functionwords,357,0.7705921530723572
infoxlm_base,microsoft/infoxlm-base,7,functionwords,358,0.8763829469680786
infoxlm_base,microsoft/infoxlm-base,7,functionwords,359,0.8530118465423584
infoxlm_base,microsoft/infoxlm-base,7,functionwords,360,0.8166178464889526
infoxlm_base,microsoft/infoxlm-base,7,functionwords,361,0.8495437502861023
infoxlm_base,microsoft/infoxlm-base,7,functionwords,362,0.805424690246582
infoxlm_base,microsoft/infoxlm-base,7,functionwords,363,0.9003626704216003
infoxlm_base,microsoft/infoxlm-base,7,functionwords,364,0.8453764915466309
infoxlm_base,microsoft/infoxlm-base,7,functionwords,365,0.8557550311088562
infoxlm_base,microsoft/infoxlm-base,7,functionwords,366,0.8068163394927979
infoxlm_base,microsoft/infoxlm-base,7,functionwords,367,0.8244761228561401
infoxlm_base,microsoft/infoxlm-base,7,functionwords,368,0.8744868040084839
infoxlm_base,microsoft/infoxlm-base,7,functionwords,369,0.8178073763847351
infoxlm_base,microsoft/infoxlm-base,7,functionwords,370,0.8872964382171631
infoxlm_base,microsoft/infoxlm-base,7,functionwords,371,0.8517658114433289
infoxlm_base,microsoft/infoxlm-base,7,functionwords,372,0.8583464026451111
infoxlm_base,microsoft/infoxlm-base,7,functionwords,373,0.7796013355255127
infoxlm_base,microsoft/infoxlm-base,7,functionwords,374,0.8391165137290955
infoxlm_base,microsoft/infoxlm-base,7,functionwords,375,0.8028843998908997
infoxlm_base,microsoft/infoxlm-base,7,functionwords,376,0.8606102466583252
infoxlm_base,microsoft/infoxlm-base,7,functionwords,377,0.8795037269592285
infoxlm_base,microsoft/infoxlm-base,7,functionwords,378,0.7901039123535156
infoxlm_base,microsoft/infoxlm-base,7,functionwords,379,0.81885826587677
infoxlm_base,microsoft/infoxlm-base,7,functionwords,380,0.7999254465103149
infoxlm_base,microsoft/infoxlm-base,7,functionwords,381,0.8657824397087097
infoxlm_base,microsoft/infoxlm-base,7,functionwords,382,0.8544807434082031
infoxlm_base,microsoft/infoxlm-base,7,functionwords,383,0.895443856716156
infoxlm_base,microsoft/infoxlm-base,7,functionwords,384,0.8466620445251465
infoxlm_base,microsoft/infoxlm-base,7,functionwords,385,0.8247350454330444
infoxlm_base,microsoft/infoxlm-base,7,functionwords,386,0.8541887998580933
infoxlm_base,microsoft/infoxlm-base,7,functionwords,387,0.8394758105278015
infoxlm_base,microsoft/infoxlm-base,7,functionwords,388,0.8407517075538635
infoxlm_base,microsoft/infoxlm-base,7,functionwords,389,0.8583853840827942
infoxlm_base,microsoft/infoxlm-base,7,functionwords,390,0.8535478115081787
infoxlm_base,microsoft/infoxlm-base,7,functionwords,391,0.877541720867157
infoxlm_base,microsoft/infoxlm-base,7,functionwords,392,0.8845844268798828
infoxlm_base,microsoft/infoxlm-base,7,functionwords,393,0.8172236680984497
infoxlm_base,microsoft/infoxlm-base,7,functionwords,394,0.8440653681755066
infoxlm_base,microsoft/infoxlm-base,7,functionwords,395,0.8423366546630859
infoxlm_base,microsoft/infoxlm-base,7,functionwords,396,0.8123030066490173
infoxlm_base,microsoft/infoxlm-base,7,functionwords,397,0.796434223651886
infoxlm_base,microsoft/infoxlm-base,7,functionwords,398,0.8456687927246094
infoxlm_base,microsoft/infoxlm-base,7,functionwords,399,0.8526589870452881
infoxlm_base,microsoft/infoxlm-base,7,functionwords,400,0.815223217010498
infoxlm_base,microsoft/infoxlm-base,7,functionwords,401,0.8596401214599609
infoxlm_base,microsoft/infoxlm-base,7,functionwords,402,0.8309701681137085
infoxlm_base,microsoft/infoxlm-base,7,functionwords,403,0.813927948474884
infoxlm_base,microsoft/infoxlm-base,7,functionwords,404,0.8560062646865845
infoxlm_base,microsoft/infoxlm-base,7,functionwords,405,0.8940179347991943
infoxlm_base,microsoft/infoxlm-base,7,functionwords,406,0.8246738910675049
infoxlm_base,microsoft/infoxlm-base,7,functionwords,407,0.8252925872802734
infoxlm_base,microsoft/infoxlm-base,7,functionwords,408,0.8458701372146606
infoxlm_base,microsoft/infoxlm-base,7,functionwords,409,0.7965356707572937
infoxlm_base,microsoft/infoxlm-base,7,functionwords,410,0.8728470802307129
infoxlm_base,microsoft/infoxlm-base,7,functionwords,411,0.8514673709869385
infoxlm_base,microsoft/infoxlm-base,7,functionwords,412,0.835162878036499
infoxlm_base,microsoft/infoxlm-base,7,functionwords,413,0.8446524143218994
infoxlm_base,microsoft/infoxlm-base,7,functionwords,414,0.845913290977478
infoxlm_base,microsoft/infoxlm-base,7,functionwords,415,0.8606090545654297
infoxlm_base,microsoft/infoxlm-base,7,functionwords,416,0.8707646131515503
infoxlm_base,microsoft/infoxlm-base,7,functionwords,417,0.8404302000999451
infoxlm_base,microsoft/infoxlm-base,7,functionwords,418,0.8305268883705139
infoxlm_base,microsoft/infoxlm-base,7,functionwords,419,0.7972190380096436
infoxlm_base,microsoft/infoxlm-base,7,functionwords,420,0.8792315125465393
infoxlm_base,microsoft/infoxlm-base,7,functionwords,421,0.8729122877120972
infoxlm_base,microsoft/infoxlm-base,7,functionwords,422,0.759838342666626
infoxlm_base,microsoft/infoxlm-base,7,functionwords,423,0.8715617060661316
infoxlm_base,microsoft/infoxlm-base,7,functionwords,424,0.8242080807685852
infoxlm_base,microsoft/infoxlm-base,7,functionwords,425,0.7683364152908325
infoxlm_base,microsoft/infoxlm-base,7,functionwords,426,0.86381995677948
infoxlm_base,microsoft/infoxlm-base,7,functionwords,427,0.847899317741394
infoxlm_base,microsoft/infoxlm-base,7,functionwords,428,0.8191806077957153
infoxlm_base,microsoft/infoxlm-base,7,functionwords,429,0.8662107586860657
infoxlm_base,microsoft/infoxlm-base,7,functionwords,430,0.8591482043266296
infoxlm_base,microsoft/infoxlm-base,7,functionwords,431,0.8413197994232178
infoxlm_base,microsoft/infoxlm-base,7,functionwords,432,0.8635575175285339
infoxlm_base,microsoft/infoxlm-base,7,functionwords,433,0.8338826298713684
infoxlm_base,microsoft/infoxlm-base,7,functionwords,434,0.8635756969451904
infoxlm_base,microsoft/infoxlm-base,7,functionwords,435,0.8613760471343994
infoxlm_base,microsoft/infoxlm-base,7,functionwords,436,0.8471802473068237
infoxlm_base,microsoft/infoxlm-base,7,functionwords,437,0.8318429589271545
infoxlm_base,microsoft/infoxlm-base,7,functionwords,438,0.8718931674957275
infoxlm_base,microsoft/infoxlm-base,7,functionwords,439,0.8474478125572205
infoxlm_base,microsoft/infoxlm-base,7,functionwords,440,0.8268147110939026
infoxlm_base,microsoft/infoxlm-base,7,functionwords,441,0.8576449751853943
infoxlm_base,microsoft/infoxlm-base,7,functionwords,442,0.8431845307350159
infoxlm_base,microsoft/infoxlm-base,7,functionwords,443,0.8144771456718445
infoxlm_base,microsoft/infoxlm-base,7,functionwords,444,0.8388176560401917
infoxlm_base,microsoft/infoxlm-base,7,functionwords,445,0.8741810917854309
infoxlm_base,microsoft/infoxlm-base,7,functionwords,446,0.8420186638832092
infoxlm_base,microsoft/infoxlm-base,7,functionwords,447,0.8273022174835205
infoxlm_base,microsoft/infoxlm-base,7,functionwords,448,0.7961852550506592
infoxlm_base,microsoft/infoxlm-base,7,functionwords,449,0.8229478001594543
infoxlm_base,microsoft/infoxlm-base,7,functionwords,450,0.8393757939338684
infoxlm_base,microsoft/infoxlm-base,7,functionwords,451,0.8595783114433289
infoxlm_base,microsoft/infoxlm-base,7,functionwords,452,0.7791747450828552
infoxlm_base,microsoft/infoxlm-base,7,functionwords,453,0.849393367767334
infoxlm_base,microsoft/infoxlm-base,7,functionwords,454,0.8250011205673218
infoxlm_base,microsoft/infoxlm-base,7,functionwords,455,0.8263397216796875
infoxlm_base,microsoft/infoxlm-base,7,functionwords,456,0.827590823173523
infoxlm_base,microsoft/infoxlm-base,7,functionwords,457,0.8310453295707703
infoxlm_base,microsoft/infoxlm-base,7,functionwords,458,0.800100564956665
infoxlm_base,microsoft/infoxlm-base,7,functionwords,459,0.8515218496322632
infoxlm_base,microsoft/infoxlm-base,7,functionwords,460,0.8368120789527893
infoxlm_base,microsoft/infoxlm-base,7,functionwords,461,0.8345199823379517
infoxlm_base,microsoft/infoxlm-base,7,functionwords,462,0.831891655921936
infoxlm_base,microsoft/infoxlm-base,7,functionwords,463,0.866584837436676
infoxlm_base,microsoft/infoxlm-base,7,functionwords,464,0.8431365489959717
infoxlm_base,microsoft/infoxlm-base,7,functionwords,465,0.8315430283546448
infoxlm_base,microsoft/infoxlm-base,7,functionwords,466,0.8506839871406555
infoxlm_base,microsoft/infoxlm-base,7,functionwords,467,0.8343297243118286
infoxlm_base,microsoft/infoxlm-base,7,functionwords,468,0.832991361618042
infoxlm_base,microsoft/infoxlm-base,7,functionwords,469,0.8856232166290283
infoxlm_base,microsoft/infoxlm-base,7,functionwords,470,0.8726462721824646
infoxlm_base,microsoft/infoxlm-base,7,functionwords,471,0.8477118611335754
infoxlm_base,microsoft/infoxlm-base,7,functionwords,472,0.798206627368927
infoxlm_base,microsoft/infoxlm-base,7,functionwords,473,0.8089871406555176
infoxlm_base,microsoft/infoxlm-base,7,functionwords,474,0.8306210041046143
infoxlm_base,microsoft/infoxlm-base,7,functionwords,475,0.8135719895362854
infoxlm_base,microsoft/infoxlm-base,7,functionwords,476,0.844079852104187
infoxlm_base,microsoft/infoxlm-base,7,functionwords,477,0.8466836810112
infoxlm_base,microsoft/infoxlm-base,7,functionwords,478,0.8604532480239868
infoxlm_base,microsoft/infoxlm-base,7,functionwords,479,0.8321347832679749
infoxlm_base,microsoft/infoxlm-base,7,functionwords,480,0.8768606185913086
infoxlm_base,microsoft/infoxlm-base,7,functionwords,481,0.807506799697876
infoxlm_base,microsoft/infoxlm-base,7,functionwords,482,0.8335562348365784
infoxlm_base,microsoft/infoxlm-base,7,functionwords,483,0.8411487340927124
infoxlm_base,microsoft/infoxlm-base,7,functionwords,484,0.8812867999076843
infoxlm_base,microsoft/infoxlm-base,7,functionwords,485,0.8318792581558228
infoxlm_base,microsoft/infoxlm-base,7,functionwords,486,0.8541581034660339
infoxlm_base,microsoft/infoxlm-base,7,functionwords,487,0.8318156599998474
infoxlm_base,microsoft/infoxlm-base,7,functionwords,488,0.8597602844238281
infoxlm_base,microsoft/infoxlm-base,7,functionwords,489,0.8440439701080322
infoxlm_base,microsoft/infoxlm-base,7,functionwords,490,0.8503947854042053
infoxlm_base,microsoft/infoxlm-base,7,functionwords,491,0.8641992807388306
infoxlm_base,microsoft/infoxlm-base,7,functionwords,492,0.8504375219345093
infoxlm_base,microsoft/infoxlm-base,7,functionwords,493,0.8507875800132751
infoxlm_base,microsoft/infoxlm-base,7,functionwords,494,0.8792268633842468
infoxlm_base,microsoft/infoxlm-base,7,functionwords,495,0.806840181350708
infoxlm_base,microsoft/infoxlm-base,7,functionwords,496,0.8399132490158081
infoxlm_base,microsoft/infoxlm-base,7,functionwords,497,0.7839275002479553
infoxlm_base,microsoft/infoxlm-base,7,functionwords,498,0.8594710826873779
infoxlm_base,microsoft/infoxlm-base,7,functionwords,499,0.8788324594497681
infoxlm_base,microsoft/infoxlm-base,7,functionwords,500,0.8151965737342834
infoxlm_base,microsoft/infoxlm-base,7,functionwords,501,0.8423411250114441
infoxlm_base,microsoft/infoxlm-base,7,functionwords,502,0.8660959005355835
infoxlm_base,microsoft/infoxlm-base,7,functionwords,503,0.8585733771324158
infoxlm_base,microsoft/infoxlm-base,7,functionwords,504,0.8506271243095398
infoxlm_base,microsoft/infoxlm-base,7,functionwords,505,0.8853743076324463
infoxlm_base,microsoft/infoxlm-base,7,functionwords,506,0.851436972618103
infoxlm_base,microsoft/infoxlm-base,7,functionwords,507,0.8168762922286987
infoxlm_base,microsoft/infoxlm-base,7,functionwords,508,0.8356489539146423
infoxlm_base,microsoft/infoxlm-base,7,functionwords,509,0.8419791460037231
infoxlm_base,microsoft/infoxlm-base,7,functionwords,510,0.812613844871521
infoxlm_base,microsoft/infoxlm-base,7,functionwords,511,0.8419166803359985
infoxlm_base,microsoft/infoxlm-base,7,functionwords,512,0.8618505001068115
infoxlm_base,microsoft/infoxlm-base,7,functionwords,513,0.7625399231910706
infoxlm_base,microsoft/infoxlm-base,7,functionwords,514,0.8602697253227234
infoxlm_base,microsoft/infoxlm-base,7,functionwords,515,0.8572444915771484
infoxlm_base,microsoft/infoxlm-base,7,functionwords,516,0.8577619791030884
infoxlm_base,microsoft/infoxlm-base,7,functionwords,517,0.827481210231781
infoxlm_base,microsoft/infoxlm-base,7,functionwords,518,0.8657215237617493
infoxlm_base,microsoft/infoxlm-base,7,functionwords,519,0.7897559404373169
infoxlm_base,microsoft/infoxlm-base,7,functionwords,520,0.8678848743438721
infoxlm_base,microsoft/infoxlm-base,7,functionwords,521,0.8409563899040222
infoxlm_base,microsoft/infoxlm-base,7,functionwords,522,0.8639166951179504
infoxlm_base,microsoft/infoxlm-base,7,functionwords,523,0.8007961511611938
infoxlm_base,microsoft/infoxlm-base,7,functionwords,524,0.8535829186439514
infoxlm_base,microsoft/infoxlm-base,7,functionwords,525,0.8534637689590454
infoxlm_base,microsoft/infoxlm-base,7,functionwords,526,0.8544507622718811
infoxlm_base,microsoft/infoxlm-base,7,functionwords,527,0.8259778618812561
infoxlm_base,microsoft/infoxlm-base,7,functionwords,528,0.8390567302703857
infoxlm_base,microsoft/infoxlm-base,7,functionwords,529,0.8322023749351501
infoxlm_base,microsoft/infoxlm-base,7,functionwords,530,0.8579153418540955
infoxlm_base,microsoft/infoxlm-base,7,functionwords,531,0.8818317651748657
infoxlm_base,microsoft/infoxlm-base,7,functionwords,532,0.8791407942771912
infoxlm_base,microsoft/infoxlm-base,7,functionwords,533,0.855556070804596
infoxlm_base,microsoft/infoxlm-base,7,functionwords,534,0.8034420609474182
infoxlm_base,microsoft/infoxlm-base,7,functionwords,535,0.8714178800582886
infoxlm_base,microsoft/infoxlm-base,7,functionwords,536,0.8671414852142334
infoxlm_base,microsoft/infoxlm-base,7,functionwords,537,0.8297591805458069
infoxlm_base,microsoft/infoxlm-base,7,functionwords,538,0.8531368374824524
infoxlm_base,microsoft/infoxlm-base,7,functionwords,539,0.849117636680603
infoxlm_base,microsoft/infoxlm-base,7,functionwords,540,0.8649301528930664
infoxlm_base,microsoft/infoxlm-base,7,functionwords,541,0.8318405747413635
infoxlm_base,microsoft/infoxlm-base,7,functionwords,542,0.8560500144958496
infoxlm_base,microsoft/infoxlm-base,7,functionwords,543,0.8600602149963379
infoxlm_base,microsoft/infoxlm-base,7,functionwords,544,0.8813146352767944
infoxlm_base,microsoft/infoxlm-base,7,functionwords,545,0.8041520118713379
infoxlm_base,microsoft/infoxlm-base,7,functionwords,546,0.8564545512199402
infoxlm_base,microsoft/infoxlm-base,7,functionwords,547,0.8239790201187134
infoxlm_base,microsoft/infoxlm-base,7,functionwords,548,0.8313587307929993
infoxlm_base,microsoft/infoxlm-base,7,functionwords,549,0.8301203846931458
infoxlm_base,microsoft/infoxlm-base,7,functionwords,550,0.8825758695602417
infoxlm_base,microsoft/infoxlm-base,7,functionwords,551,0.8299969434738159
infoxlm_base,microsoft/infoxlm-base,7,functionwords,552,0.7867308855056763
infoxlm_base,microsoft/infoxlm-base,7,functionwords,553,0.8479724526405334
infoxlm_base,microsoft/infoxlm-base,7,functionwords,554,0.8535448312759399
infoxlm_base,microsoft/infoxlm-base,7,functionwords,555,0.8598563075065613
infoxlm_base,microsoft/infoxlm-base,7,functionwords,556,0.8302897214889526
infoxlm_base,microsoft/infoxlm-base,7,functionwords,557,0.8374249935150146
infoxlm_base,microsoft/infoxlm-base,7,functionwords,558,0.7940536141395569
infoxlm_base,microsoft/infoxlm-base,7,functionwords,559,0.8412002325057983
infoxlm_base,microsoft/infoxlm-base,7,functionwords,560,0.8187578916549683
infoxlm_base,microsoft/infoxlm-base,7,functionwords,561,0.8184193968772888
infoxlm_base,microsoft/infoxlm-base,7,functionwords,562,0.7717897891998291
infoxlm_base,microsoft/infoxlm-base,7,functionwords,563,0.8455737233161926
infoxlm_base,microsoft/infoxlm-base,7,functionwords,564,0.8686593770980835
infoxlm_base,microsoft/infoxlm-base,7,functionwords,565,0.821466326713562
infoxlm_base,microsoft/infoxlm-base,7,functionwords,566,0.8238946199417114
infoxlm_base,microsoft/infoxlm-base,7,functionwords,567,0.8589646816253662
infoxlm_base,microsoft/infoxlm-base,7,functionwords,568,0.7967063188552856
infoxlm_base,microsoft/infoxlm-base,7,functionwords,569,0.8145147562026978
infoxlm_base,microsoft/infoxlm-base,7,functionwords,570,0.8014798164367676
infoxlm_base,microsoft/infoxlm-base,7,functionwords,571,0.8704249262809753
infoxlm_base,microsoft/infoxlm-base,7,functionwords,572,0.847937285900116
infoxlm_base,microsoft/infoxlm-base,7,functionwords,573,0.8299455642700195
infoxlm_base,microsoft/infoxlm-base,7,functionwords,574,0.819172739982605
infoxlm_base,microsoft/infoxlm-base,7,functionwords,575,0.8366878628730774
infoxlm_base,microsoft/infoxlm-base,7,functionwords,576,0.7772431969642639
infoxlm_base,microsoft/infoxlm-base,7,functionwords,577,0.892615020275116
infoxlm_base,microsoft/infoxlm-base,7,functionwords,578,0.851889431476593
infoxlm_base,microsoft/infoxlm-base,7,functionwords,579,0.8175872564315796
infoxlm_base,microsoft/infoxlm-base,7,functionwords,580,0.8606027960777283
infoxlm_base,microsoft/infoxlm-base,7,functionwords,581,0.837478518486023
infoxlm_base,microsoft/infoxlm-base,7,functionwords,582,0.8208035230636597
infoxlm_base,microsoft/infoxlm-base,7,functionwords,583,0.8754260540008545
infoxlm_base,microsoft/infoxlm-base,7,functionwords,584,0.8430341482162476
infoxlm_base,microsoft/infoxlm-base,7,functionwords,585,0.7364506721496582
infoxlm_base,microsoft/infoxlm-base,7,functionwords,586,0.7930222749710083
infoxlm_base,microsoft/infoxlm-base,7,functionwords,587,0.8333708047866821
infoxlm_base,microsoft/infoxlm-base,7,functionwords,588,0.8500125408172607
infoxlm_base,microsoft/infoxlm-base,7,functionwords,589,0.838137149810791
infoxlm_base,microsoft/infoxlm-base,7,functionwords,590,0.8762608766555786
infoxlm_base,microsoft/infoxlm-base,7,functionwords,591,0.8187971711158752
infoxlm_base,microsoft/infoxlm-base,7,functionwords,592,0.826181173324585
infoxlm_base,microsoft/infoxlm-base,7,functionwords,593,0.8551647067070007
infoxlm_base,microsoft/infoxlm-base,7,functionwords,594,0.8532530069351196
infoxlm_base,microsoft/infoxlm-base,7,functionwords,595,0.8213881850242615
infoxlm_base,microsoft/infoxlm-base,7,functionwords,596,0.853775680065155
infoxlm_base,microsoft/infoxlm-base,7,functionwords,597,0.8566631078720093
infoxlm_base,microsoft/infoxlm-base,7,functionwords,598,0.8184220194816589
infoxlm_base,microsoft/infoxlm-base,7,functionwords,599,0.8860711455345154
infoxlm_base,microsoft/infoxlm-base,7,functionwords,600,0.7496052384376526
infoxlm_base,microsoft/infoxlm-base,7,functionwords,601,0.8509038686752319
infoxlm_base,microsoft/infoxlm-base,7,functionwords,602,0.8190407752990723
infoxlm_base,microsoft/infoxlm-base,7,functionwords,603,0.8405583500862122
infoxlm_base,microsoft/infoxlm-base,7,functionwords,604,0.8363338112831116
infoxlm_base,microsoft/infoxlm-base,7,functionwords,605,0.8603925704956055
infoxlm_base,microsoft/infoxlm-base,7,functionwords,606,0.8731701374053955
infoxlm_base,microsoft/infoxlm-base,7,functionwords,607,0.8493318557739258
infoxlm_base,microsoft/infoxlm-base,7,functionwords,608,0.8437801003456116
infoxlm_base,microsoft/infoxlm-base,7,functionwords,609,0.8479768633842468
infoxlm_base,microsoft/infoxlm-base,7,functionwords,610,0.77912437915802
infoxlm_base,microsoft/infoxlm-base,7,functionwords,611,0.8355772495269775
infoxlm_base,microsoft/infoxlm-base,7,functionwords,612,0.8276780247688293
infoxlm_base,microsoft/infoxlm-base,7,functionwords,613,0.8686817288398743
infoxlm_base,microsoft/infoxlm-base,7,functionwords,614,0.8505293726921082
infoxlm_base,microsoft/infoxlm-base,7,functionwords,615,0.8905103206634521
infoxlm_base,microsoft/infoxlm-base,7,functionwords,616,0.8702806830406189
infoxlm_base,microsoft/infoxlm-base,7,functionwords,617,0.8521794080734253
infoxlm_base,microsoft/infoxlm-base,7,functionwords,618,0.8698344230651855
infoxlm_base,microsoft/infoxlm-base,7,functionwords,619,0.8497294783592224
infoxlm_base,microsoft/infoxlm-base,7,functionwords,620,0.9213692545890808
infoxlm_base,microsoft/infoxlm-base,7,functionwords,621,0.8616082668304443
infoxlm_base,microsoft/infoxlm-base,7,functionwords,622,0.8401485681533813
infoxlm_base,microsoft/infoxlm-base,7,functionwords,623,0.8691428899765015
infoxlm_base,microsoft/infoxlm-base,7,functionwords,624,0.8064663410186768
infoxlm_base,microsoft/infoxlm-base,7,functionwords,625,0.8576029539108276
infoxlm_base,microsoft/infoxlm-base,7,functionwords,626,0.849665105342865
infoxlm_base,microsoft/infoxlm-base,7,paraphrase,0,0.9489006996154785
infoxlm_base,microsoft/infoxlm-base,7,paraphrase,1,0.9168015718460083
infoxlm_base,microsoft/infoxlm-base,7,paraphrase,2,0.9410460591316223
infoxlm_base,microsoft/infoxlm-base,7,paraphrase,3,0.9434114694595337
infoxlm_base,microsoft/infoxlm-base,7,paraphrase,4,0.9481788873672485
infoxlm_base,microsoft/infoxlm-base,7,paraphrase,5,0.9288496375083923
infoxlm_base,microsoft/infoxlm-base,7,paraphrase,6,0.9371853470802307
infoxlm_base,microsoft/infoxlm-base,7,paraphrase,7,0.9274170994758606
infoxlm_base,microsoft/infoxlm-base,7,paraphrase,8,0.9161762595176697
infoxlm_base,microsoft/infoxlm-base,7,paraphrase,9,0.9097564220428467
infoxlm_base,microsoft/infoxlm-base,7,paraphrase,10,0.9415278434753418
infoxlm_base,microsoft/infoxlm-base,7,paraphrase,11,0.937916100025177
infoxlm_base,microsoft/infoxlm-base,7,paraphrase,12,0.9105939865112305
infoxlm_base,microsoft/infoxlm-base,7,paraphrase,13,0.947565495967865
infoxlm_base,microsoft/infoxlm-base,7,paraphrase,14,0.9202504754066467
infoxlm_base,microsoft/infoxlm-base,7,paraphrase,15,0.9336212277412415
infoxlm_base,microsoft/infoxlm-base,7,paraphrase,16,0.9285503625869751
infoxlm_base,microsoft/infoxlm-base,7,paraphrase,17,0.937659502029419
infoxlm_base,microsoft/infoxlm-base,7,paraphrase,18,0.9357136487960815
infoxlm_base,microsoft/infoxlm-base,7,paraphrase,19,0.9359285235404968
infoxlm_base,microsoft/infoxlm-base,7,paraphrase,20,0.9319811463356018
infoxlm_base,microsoft/infoxlm-base,7,paraphrase,21,0.9525315761566162
infoxlm_base,microsoft/infoxlm-base,7,paraphrase,22,0.9175628423690796
infoxlm_base,microsoft/infoxlm-base,7,paraphrase,23,0.940561056137085
infoxlm_base,microsoft/infoxlm-base,7,paraphrase,24,0.9309945702552795
infoxlm_base,microsoft/infoxlm-base,7,paraphrase,25,0.9285774230957031
infoxlm_base,microsoft/infoxlm-base,7,paraphrase,26,0.9271426200866699
infoxlm_base,microsoft/infoxlm-base,7,paraphrase,27,0.9338375329971313
infoxlm_base,microsoft/infoxlm-base,7,paraphrase,28,0.920086145401001
infoxlm_base,microsoft/infoxlm-base,7,paraphrase,29,0.9215645790100098
infoxlm_base,microsoft/infoxlm-base,7,paraphrase,30,0.9475057721138
infoxlm_base,microsoft/infoxlm-base,7,paraphrase,31,0.8945682048797607
infoxlm_base,microsoft/infoxlm-base,7,paraphrase,32,0.949338436126709
infoxlm_base,microsoft/infoxlm-base,7,paraphrase,33,0.9399564266204834
infoxlm_base,microsoft/infoxlm-base,7,paraphrase,34,0.9523864388465881
infoxlm_base,microsoft/infoxlm-base,7,paraphrase,35,0.9166995286941528
infoxlm_base,microsoft/infoxlm-base,7,paraphrase,36,0.9235032796859741
infoxlm_base,microsoft/infoxlm-base,7,paraphrase,37,0.9921579957008362
infoxlm_base,microsoft/infoxlm-base,7,paraphrase,38,0.9407753944396973
infoxlm_base,microsoft/infoxlm-base,7,paraphrase,39,0.9098747372627258
infoxlm_base,microsoft/infoxlm-base,7,paraphrase,40,0.9385586380958557
infoxlm_base,microsoft/infoxlm-base,7,paraphrase,41,0.9504809975624084
infoxlm_base,microsoft/infoxlm-base,7,paraphrase,42,0.9311971664428711
infoxlm_base,microsoft/infoxlm-base,7,paraphrase,43,0.935981273651123
infoxlm_base,microsoft/infoxlm-base,7,paraphrase,44,0.9579364657402039
infoxlm_base,microsoft/infoxlm-base,7,paraphrase,45,0.9175311326980591
infoxlm_base,microsoft/infoxlm-base,7,paraphrase,46,0.9275727272033691
infoxlm_base,microsoft/infoxlm-base,7,paraphrase,47,0.9327264428138733
infoxlm_base,microsoft/infoxlm-base,7,paraphrase,48,0.9494031667709351
infoxlm_base,microsoft/infoxlm-base,7,paraphrase,49,0.9394498467445374
infoxlm_base,microsoft/infoxlm-base,7,paraphrase,50,0.932851254940033
infoxlm_base,microsoft/infoxlm-base,7,paraphrase,51,0.9238682985305786
infoxlm_base,microsoft/infoxlm-base,7,paraphrase,52,0.9387675523757935
infoxlm_base,microsoft/infoxlm-base,7,paraphrase,53,0.9348267912864685
infoxlm_base,microsoft/infoxlm-base,7,paraphrase,54,0.8899440169334412
infoxlm_base,microsoft/infoxlm-base,7,paraphrase,55,0.948045015335083
infoxlm_base,microsoft/infoxlm-base,7,paraphrase,56,0.9249123930931091
infoxlm_base,microsoft/infoxlm-base,7,paraphrase,57,0.9467195272445679
infoxlm_base,microsoft/infoxlm-base,7,paraphrase,58,0.9549460411071777
infoxlm_base,microsoft/infoxlm-base,7,paraphrase,59,0.9320991635322571
infoxlm_base,microsoft/infoxlm-base,7,paraphrase,60,0.9448711276054382
infoxlm_base,microsoft/infoxlm-base,7,paraphrase,61,0.9194598197937012
infoxlm_base,microsoft/infoxlm-base,7,paraphrase,62,0.9355412125587463
infoxlm_base,microsoft/infoxlm-base,7,paraphrase,63,0.9156075716018677
infoxlm_base,microsoft/infoxlm-base,7,paraphrase,64,0.9339081645011902
infoxlm_base,microsoft/infoxlm-base,7,paraphrase,65,0.9368380308151245
infoxlm_base,microsoft/infoxlm-base,7,paraphrase,66,0.9469170570373535
infoxlm_base,microsoft/infoxlm-base,7,paraphrase,67,0.9378665685653687
infoxlm_base,microsoft/infoxlm-base,7,paraphrase,68,0.9286341071128845
infoxlm_base,microsoft/infoxlm-base,7,paraphrase,69,0.9336601495742798
infoxlm_base,microsoft/infoxlm-base,7,paraphrase,70,0.9310864806175232
infoxlm_base,microsoft/infoxlm-base,7,paraphrase,71,0.9444482326507568
infoxlm_base,microsoft/infoxlm-base,7,paraphrase,72,0.9406039118766785
infoxlm_base,microsoft/infoxlm-base,7,paraphrase,73,0.9354475736618042
infoxlm_base,microsoft/infoxlm-base,7,paraphrase,74,0.9106230735778809
infoxlm_base,microsoft/infoxlm-base,7,paraphrase,75,0.9250544309616089
infoxlm_base,microsoft/infoxlm-base,7,paraphrase,76,0.919465184211731
infoxlm_base,microsoft/infoxlm-base,7,paraphrase,77,0.9436054229736328
infoxlm_base,microsoft/infoxlm-base,7,paraphrase,78,0.9332460165023804
infoxlm_base,microsoft/infoxlm-base,7,paraphrase,79,0.9477907419204712
infoxlm_base,microsoft/infoxlm-base,7,paraphrase,80,0.9430792331695557
infoxlm_base,microsoft/infoxlm-base,7,paraphrase,81,0.9333879947662354
infoxlm_base,microsoft/infoxlm-base,7,paraphrase,82,0.9241970777511597
infoxlm_base,microsoft/infoxlm-base,7,paraphrase,83,0.9336709380149841
infoxlm_base,microsoft/infoxlm-base,7,paraphrase,84,0.9413235187530518
infoxlm_base,microsoft/infoxlm-base,7,paraphrase,85,0.922958254814148
infoxlm_base,microsoft/infoxlm-base,7,paraphrase,86,0.9310173988342285
infoxlm_base,microsoft/infoxlm-base,7,paraphrase,87,0.9210293292999268
infoxlm_base,microsoft/infoxlm-base,7,paraphrase,88,0.9074802398681641
infoxlm_base,microsoft/infoxlm-base,7,paraphrase,89,0.9305904507637024
infoxlm_base,microsoft/infoxlm-base,7,paraphrase,90,0.9394250512123108
infoxlm_base,microsoft/infoxlm-base,7,paraphrase,91,0.9359142780303955
infoxlm_base,microsoft/infoxlm-base,7,paraphrase,92,0.9212440848350525
infoxlm_base,microsoft/infoxlm-base,7,paraphrase,93,0.9278490543365479
infoxlm_base,microsoft/infoxlm-base,7,paraphrase,94,0.8936225175857544
infoxlm_base,microsoft/infoxlm-base,7,paraphrase,95,0.923675537109375
infoxlm_base,microsoft/infoxlm-base,7,paraphrase,96,0.8873997926712036
infoxlm_base,microsoft/infoxlm-base,7,paraphrase,97,0.9349117875099182
infoxlm_base,microsoft/infoxlm-base,7,paraphrase,98,0.9009097814559937
infoxlm_base,microsoft/infoxlm-base,7,paraphrase,99,0.9298633337020874
infoxlm_base,microsoft/infoxlm-base,7,paraphrase,100,0.9093698263168335
infoxlm_base,microsoft/infoxlm-base,7,paraphrase,101,0.9650952816009521
infoxlm_base,microsoft/infoxlm-base,7,paraphrase,102,0.92998868227005
infoxlm_base,microsoft/infoxlm-base,7,paraphrase,103,0.9094892740249634
infoxlm_base,microsoft/infoxlm-base,7,paraphrase,104,0.9273108243942261
infoxlm_base,microsoft/infoxlm-base,7,paraphrase,105,0.9287122488021851
infoxlm_base,microsoft/infoxlm-base,7,paraphrase,106,0.9339405298233032
infoxlm_base,microsoft/infoxlm-base,7,paraphrase,107,0.9302014112472534
infoxlm_base,microsoft/infoxlm-base,7,paraphrase,108,0.9154935479164124
infoxlm_base,microsoft/infoxlm-base,7,paraphrase,109,0.8991627097129822
infoxlm_base,microsoft/infoxlm-base,7,paraphrase,110,0.9558013677597046
infoxlm_base,microsoft/infoxlm-base,7,paraphrase,111,0.9212653636932373
infoxlm_base,microsoft/infoxlm-base,7,paraphrase,112,0.924281656742096
infoxlm_base,microsoft/infoxlm-base,7,paraphrase,113,0.9468697309494019
infoxlm_base,microsoft/infoxlm-base,7,paraphrase,114,0.9354071021080017
infoxlm_base,microsoft/infoxlm-base,7,paraphrase,115,0.9290098547935486
infoxlm_base,microsoft/infoxlm-base,7,paraphrase,116,0.9532865285873413
infoxlm_base,microsoft/infoxlm-base,7,paraphrase,117,0.917939305305481
infoxlm_base,microsoft/infoxlm-base,7,paraphrase,118,0.9492217302322388
infoxlm_base,microsoft/infoxlm-base,7,paraphrase,119,0.936017632484436
infoxlm_base,microsoft/infoxlm-base,7,paraphrase,120,0.9145941734313965
infoxlm_base,microsoft/infoxlm-base,7,paraphrase,121,0.9155750274658203
infoxlm_base,microsoft/infoxlm-base,7,paraphrase,122,0.9494865536689758
infoxlm_base,microsoft/infoxlm-base,7,paraphrase,123,0.9448797702789307
infoxlm_base,microsoft/infoxlm-base,7,paraphrase,124,0.9384510517120361
infoxlm_base,microsoft/infoxlm-base,7,paraphrase,125,0.9477255344390869
infoxlm_base,microsoft/infoxlm-base,7,paraphrase,126,0.9311060309410095
infoxlm_base,microsoft/infoxlm-base,7,paraphrase,127,0.9386754035949707
infoxlm_base,microsoft/infoxlm-base,7,paraphrase,128,0.9313079118728638
infoxlm_base,microsoft/infoxlm-base,7,paraphrase,129,0.9475095868110657
infoxlm_base,microsoft/infoxlm-base,7,paraphrase,130,0.9291108846664429
infoxlm_base,microsoft/infoxlm-base,7,paraphrase,131,0.9463707804679871
infoxlm_base,microsoft/infoxlm-base,7,paraphrase,132,0.9250794649124146
infoxlm_base,microsoft/infoxlm-base,7,paraphrase,133,0.9270704388618469
infoxlm_base,microsoft/infoxlm-base,7,paraphrase,134,0.9324463605880737
infoxlm_base,microsoft/infoxlm-base,7,paraphrase,135,0.9291976094245911
infoxlm_base,microsoft/infoxlm-base,7,paraphrase,136,0.9352021217346191
infoxlm_base,microsoft/infoxlm-base,7,paraphrase,137,0.9479113221168518
infoxlm_base,microsoft/infoxlm-base,7,paraphrase,138,0.8958213925361633
infoxlm_base,microsoft/infoxlm-base,7,paraphrase,139,0.9538936614990234
infoxlm_base,microsoft/infoxlm-base,7,paraphrase,140,0.9398090839385986
infoxlm_base,microsoft/infoxlm-base,7,paraphrase,141,0.9047828912734985
infoxlm_base,microsoft/infoxlm-base,7,paraphrase,142,0.9339262247085571
infoxlm_base,microsoft/infoxlm-base,7,paraphrase,143,0.9283139705657959
infoxlm_base,microsoft/infoxlm-base,7,paraphrase,144,0.9408737421035767
infoxlm_base,microsoft/infoxlm-base,7,paraphrase,145,0.9196971654891968
infoxlm_base,microsoft/infoxlm-base,7,paraphrase,146,0.9179189801216125
infoxlm_base,microsoft/infoxlm-base,7,paraphrase,147,0.920795202255249
infoxlm_base,microsoft/infoxlm-base,7,paraphrase,148,0.9154731035232544
infoxlm_base,microsoft/infoxlm-base,7,paraphrase,149,0.9157102704048157
infoxlm_base,microsoft/infoxlm-base,7,paraphrase,150,0.933602511882782
infoxlm_base,microsoft/infoxlm-base,7,paraphrase,151,0.9475192427635193
infoxlm_base,microsoft/infoxlm-base,7,paraphrase,152,0.9327878355979919
infoxlm_base,microsoft/infoxlm-base,7,paraphrase,153,0.9200335741043091
infoxlm_base,microsoft/infoxlm-base,7,paraphrase,154,0.9182450771331787
infoxlm_base,microsoft/infoxlm-base,7,paraphrase,155,0.9134048223495483
infoxlm_base,microsoft/infoxlm-base,7,paraphrase,156,0.9279271364212036
infoxlm_base,microsoft/infoxlm-base,7,paraphrase,157,0.9245604872703552
infoxlm_base,microsoft/infoxlm-base,7,paraphrase,158,0.9218514561653137
infoxlm_base,microsoft/infoxlm-base,7,paraphrase,159,0.9295632839202881
infoxlm_base,microsoft/infoxlm-base,7,paraphrase,160,0.9310556054115295
infoxlm_base,microsoft/infoxlm-base,7,paraphrase,161,0.9244153499603271
infoxlm_base,microsoft/infoxlm-base,7,paraphrase,162,0.9185441732406616
infoxlm_base,microsoft/infoxlm-base,7,paraphrase,163,0.8899714946746826
infoxlm_base,microsoft/infoxlm-base,7,paraphrase,164,0.9374322295188904
infoxlm_base,microsoft/infoxlm-base,7,paraphrase,165,0.9268980622291565
infoxlm_base,microsoft/infoxlm-base,7,paraphrase,166,0.9257460832595825
infoxlm_base,microsoft/infoxlm-base,7,paraphrase,167,0.9074153304100037
infoxlm_base,microsoft/infoxlm-base,7,paraphrase,168,0.9188860654830933
infoxlm_base,microsoft/infoxlm-base,7,paraphrase,169,0.9336993098258972
infoxlm_base,microsoft/infoxlm-base,7,paraphrase,170,0.921703040599823
infoxlm_base,microsoft/infoxlm-base,7,paraphrase,171,0.9355895519256592
infoxlm_base,microsoft/infoxlm-base,7,paraphrase,172,0.9373210072517395
infoxlm_base,microsoft/infoxlm-base,7,paraphrase,173,0.9243418574333191
infoxlm_base,microsoft/infoxlm-base,7,paraphrase,174,0.9349720478057861
infoxlm_base,microsoft/infoxlm-base,7,paraphrase,175,0.9356209635734558
infoxlm_base,microsoft/infoxlm-base,7,paraphrase,176,0.9258288145065308
infoxlm_base,microsoft/infoxlm-base,7,paraphrase,177,0.9225677847862244
infoxlm_base,microsoft/infoxlm-base,7,paraphrase,178,0.9364125728607178
infoxlm_base,microsoft/infoxlm-base,7,paraphrase,179,0.9313826560974121
infoxlm_base,microsoft/infoxlm-base,7,paraphrase,180,0.9208861589431763
infoxlm_base,microsoft/infoxlm-base,7,paraphrase,181,0.9079996347427368
infoxlm_base,microsoft/infoxlm-base,7,paraphrase,182,0.9512192010879517
infoxlm_base,microsoft/infoxlm-base,7,paraphrase,183,0.9454122185707092
infoxlm_base,microsoft/infoxlm-base,7,paraphrase,184,0.9308488368988037
infoxlm_base,microsoft/infoxlm-base,7,paraphrase,185,0.9485049843788147
infoxlm_base,microsoft/infoxlm-base,7,paraphrase,186,0.8835526704788208
infoxlm_base,microsoft/infoxlm-base,7,paraphrase,187,0.9326333403587341
infoxlm_base,microsoft/infoxlm-base,7,paraphrase,188,0.9433803558349609
infoxlm_base,microsoft/infoxlm-base,7,paraphrase,189,0.9286907315254211
infoxlm_base,microsoft/infoxlm-base,7,paraphrase,190,0.9425305128097534
infoxlm_base,microsoft/infoxlm-base,7,paraphrase,191,0.9217417240142822
infoxlm_base,microsoft/infoxlm-base,7,paraphrase,192,0.9183191657066345
infoxlm_base,microsoft/infoxlm-base,7,paraphrase,193,0.9320666193962097
infoxlm_base,microsoft/infoxlm-base,7,paraphrase,194,0.9236012101173401
infoxlm_base,microsoft/infoxlm-base,7,paraphrase,195,0.9268720746040344
infoxlm_base,microsoft/infoxlm-base,7,paraphrase,196,0.9243173599243164
infoxlm_base,microsoft/infoxlm-base,7,paraphrase,197,0.9232611060142517
infoxlm_base,microsoft/infoxlm-base,7,paraphrase,198,0.9312927722930908
infoxlm_base,microsoft/infoxlm-base,7,paraphrase,199,0.9411482214927673
infoxlm_base,microsoft/infoxlm-base,7,paraphrase,200,0.9284221529960632
infoxlm_base,microsoft/infoxlm-base,7,paraphrase,201,0.9358826875686646
infoxlm_base,microsoft/infoxlm-base,7,paraphrase,202,0.9376345872879028
infoxlm_base,microsoft/infoxlm-base,7,paraphrase,203,0.9151344299316406
infoxlm_base,microsoft/infoxlm-base,7,paraphrase,204,0.9471466541290283
infoxlm_base,microsoft/infoxlm-base,7,paraphrase,205,0.9325861930847168
infoxlm_base,microsoft/infoxlm-base,7,paraphrase,206,0.9320774078369141
infoxlm_base,microsoft/infoxlm-base,7,paraphrase,207,0.9311329126358032
infoxlm_base,microsoft/infoxlm-base,7,paraphrase,208,0.9270098209381104
infoxlm_base,microsoft/infoxlm-base,7,paraphrase,209,0.9229103326797485
infoxlm_base,microsoft/infoxlm-base,7,paraphrase,210,0.9152131080627441
infoxlm_base,microsoft/infoxlm-base,7,paraphrase,211,0.9195723533630371
infoxlm_base,microsoft/infoxlm-base,7,paraphrase,212,0.9054104685783386
infoxlm_base,microsoft/infoxlm-base,7,paraphrase,213,0.8916260004043579
infoxlm_base,microsoft/infoxlm-base,7,paraphrase,214,0.9308996200561523
infoxlm_base,microsoft/infoxlm-base,7,paraphrase,215,0.9196197986602783
infoxlm_base,microsoft/infoxlm-base,7,paraphrase,216,0.9244423508644104
infoxlm_base,microsoft/infoxlm-base,7,paraphrase,217,0.9089178442955017
infoxlm_base,microsoft/infoxlm-base,7,paraphrase,218,0.928253173828125
infoxlm_base,microsoft/infoxlm-base,7,paraphrase,219,0.9281961917877197
infoxlm_base,microsoft/infoxlm-base,7,paraphrase,220,0.9089277386665344
infoxlm_base,microsoft/infoxlm-base,7,paraphrase,221,0.9433483481407166
infoxlm_base,microsoft/infoxlm-base,7,paraphrase,222,0.9552123546600342
infoxlm_base,microsoft/infoxlm-base,7,paraphrase,223,0.9310687780380249
infoxlm_base,microsoft/infoxlm-base,7,paraphrase,224,0.9541338682174683
infoxlm_base,microsoft/infoxlm-base,7,paraphrase,225,0.9499287009239197
infoxlm_base,microsoft/infoxlm-base,7,paraphrase,226,0.9130688309669495
infoxlm_base,microsoft/infoxlm-base,7,paraphrase,227,0.9179661273956299
infoxlm_base,microsoft/infoxlm-base,7,paraphrase,228,0.9200956225395203
infoxlm_base,microsoft/infoxlm-base,7,paraphrase,229,0.9145328998565674
infoxlm_base,microsoft/infoxlm-base,7,paraphrase,230,0.9309874176979065
infoxlm_base,microsoft/infoxlm-base,7,paraphrase,231,0.9142397046089172
infoxlm_base,microsoft/infoxlm-base,7,paraphrase,232,0.9418975114822388
infoxlm_base,microsoft/infoxlm-base,7,paraphrase,233,0.9227995872497559
infoxlm_base,microsoft/infoxlm-base,7,paraphrase,234,0.9235084056854248
infoxlm_base,microsoft/infoxlm-base,7,paraphrase,235,0.9428160786628723
infoxlm_base,microsoft/infoxlm-base,7,paraphrase,236,0.9479979276657104
infoxlm_base,microsoft/infoxlm-base,7,paraphrase,237,0.9280809760093689
infoxlm_base,microsoft/infoxlm-base,7,paraphrase,238,0.9236432313919067
infoxlm_base,microsoft/infoxlm-base,7,paraphrase,239,0.9329856634140015
infoxlm_base,microsoft/infoxlm-base,7,paraphrase,240,0.9285140037536621
infoxlm_base,microsoft/infoxlm-base,7,paraphrase,241,0.8933506011962891
infoxlm_base,microsoft/infoxlm-base,7,paraphrase,242,0.9166521430015564
infoxlm_base,microsoft/infoxlm-base,7,paraphrase,243,0.9331296682357788
infoxlm_base,microsoft/infoxlm-base,7,paraphrase,244,0.9236963987350464
infoxlm_base,microsoft/infoxlm-base,7,paraphrase,245,0.9151750802993774
infoxlm_base,microsoft/infoxlm-base,7,paraphrase,246,0.8918454051017761
infoxlm_base,microsoft/infoxlm-base,7,paraphrase,247,0.9205249547958374
infoxlm_base,microsoft/infoxlm-base,7,paraphrase,248,0.9125156402587891
infoxlm_base,microsoft/infoxlm-base,7,paraphrase,249,0.9225646257400513
infoxlm_base,microsoft/infoxlm-base,7,paraphrase,250,0.9258671402931213
infoxlm_base,microsoft/infoxlm-base,7,paraphrase,251,0.9403378367424011
infoxlm_base,microsoft/infoxlm-base,7,paraphrase,252,0.8993461728096008
infoxlm_base,microsoft/infoxlm-base,7,paraphrase,253,0.9210642576217651
infoxlm_base,microsoft/infoxlm-base,7,paraphrase,254,0.8999255895614624
infoxlm_base,microsoft/infoxlm-base,7,paraphrase,255,0.9323170781135559
infoxlm_base,microsoft/infoxlm-base,7,paraphrase,256,0.925179660320282
infoxlm_base,microsoft/infoxlm-base,7,paraphrase,257,0.9138520956039429
infoxlm_base,microsoft/infoxlm-base,7,paraphrase,258,0.9257190823554993
infoxlm_base,microsoft/infoxlm-base,7,paraphrase,259,0.9430927038192749
infoxlm_base,microsoft/infoxlm-base,7,paraphrase,260,0.9308745861053467
infoxlm_base,microsoft/infoxlm-base,7,paraphrase,261,0.9462171792984009
infoxlm_base,microsoft/infoxlm-base,7,paraphrase,262,0.9203302264213562
infoxlm_base,microsoft/infoxlm-base,7,paraphrase,263,0.9062122702598572
infoxlm_base,microsoft/infoxlm-base,7,paraphrase,264,0.9384522438049316
infoxlm_base,microsoft/infoxlm-base,7,paraphrase,265,0.917639434337616
infoxlm_base,microsoft/infoxlm-base,7,paraphrase,266,0.9306516647338867
infoxlm_base,microsoft/infoxlm-base,7,paraphrase,267,0.9456600546836853
infoxlm_base,microsoft/infoxlm-base,7,paraphrase,268,0.9383159875869751
infoxlm_base,microsoft/infoxlm-base,7,paraphrase,269,0.9200778007507324
infoxlm_base,microsoft/infoxlm-base,7,paraphrase,270,0.9386000633239746
infoxlm_base,microsoft/infoxlm-base,7,paraphrase,271,0.9369815587997437
infoxlm_base,microsoft/infoxlm-base,7,paraphrase,272,0.9456648826599121
infoxlm_base,microsoft/infoxlm-base,7,paraphrase,273,0.9140480756759644
infoxlm_base,microsoft/infoxlm-base,7,paraphrase,274,0.940832257270813
infoxlm_base,microsoft/infoxlm-base,7,paraphrase,275,0.9254592657089233
infoxlm_base,microsoft/infoxlm-base,7,paraphrase,276,0.9362484216690063
infoxlm_base,microsoft/infoxlm-base,7,paraphrase,277,0.9311223030090332
infoxlm_base,microsoft/infoxlm-base,7,paraphrase,278,0.929868221282959
infoxlm_base,microsoft/infoxlm-base,7,paraphrase,279,0.9217096567153931
infoxlm_base,microsoft/infoxlm-base,7,paraphrase,280,0.9286277890205383
infoxlm_base,microsoft/infoxlm-base,7,paraphrase,281,0.9548779129981995
infoxlm_base,microsoft/infoxlm-base,7,paraphrase,282,0.9401008486747742
infoxlm_base,microsoft/infoxlm-base,7,paraphrase,283,0.9300946593284607
infoxlm_base,microsoft/infoxlm-base,7,paraphrase,284,0.9394484758377075
infoxlm_base,microsoft/infoxlm-base,7,paraphrase,285,0.9315919876098633
infoxlm_base,microsoft/infoxlm-base,7,paraphrase,286,0.9309843182563782
infoxlm_base,microsoft/infoxlm-base,7,paraphrase,287,0.9016513824462891
infoxlm_base,microsoft/infoxlm-base,7,paraphrase,288,0.9505457878112793
infoxlm_base,microsoft/infoxlm-base,7,paraphrase,289,0.9555470943450928
infoxlm_base,microsoft/infoxlm-base,7,paraphrase,290,0.9088516235351562
infoxlm_base,microsoft/infoxlm-base,7,paraphrase,291,0.9293478727340698
infoxlm_base,microsoft/infoxlm-base,7,paraphrase,292,0.9407256245613098
infoxlm_base,microsoft/infoxlm-base,7,paraphrase,293,0.9408103227615356
infoxlm_base,microsoft/infoxlm-base,7,paraphrase,294,0.9401992559432983
infoxlm_base,microsoft/infoxlm-base,7,paraphrase,295,0.9008928537368774
infoxlm_base,microsoft/infoxlm-base,7,paraphrase,296,0.9185899496078491
infoxlm_base,microsoft/infoxlm-base,7,paraphrase,297,0.9333979487419128
infoxlm_base,microsoft/infoxlm-base,7,paraphrase,298,0.9353283643722534
infoxlm_base,microsoft/infoxlm-base,7,paraphrase,299,0.9324073195457458
infoxlm_base,microsoft/infoxlm-base,7,paraphrase,300,0.9219127893447876
infoxlm_base,microsoft/infoxlm-base,7,paraphrase,301,0.9258824586868286
infoxlm_base,microsoft/infoxlm-base,7,paraphrase,302,0.9432399868965149
infoxlm_base,microsoft/infoxlm-base,7,paraphrase,303,0.91243976354599
infoxlm_base,microsoft/infoxlm-base,7,paraphrase,304,0.928542971611023
infoxlm_base,microsoft/infoxlm-base,7,paraphrase,305,0.9185506701469421
infoxlm_base,microsoft/infoxlm-base,7,paraphrase,306,0.9283266663551331
infoxlm_base,microsoft/infoxlm-base,7,paraphrase,307,0.9289194345474243
infoxlm_base,microsoft/infoxlm-base,7,paraphrase,308,0.9223482608795166
infoxlm_base,microsoft/infoxlm-base,7,paraphrase,309,0.9362605214118958
infoxlm_base,microsoft/infoxlm-base,7,paraphrase,310,0.9043803215026855
infoxlm_base,microsoft/infoxlm-base,7,paraphrase,311,0.9241817593574524
infoxlm_base,microsoft/infoxlm-base,7,paraphrase,312,0.9208265542984009
infoxlm_base,microsoft/infoxlm-base,7,paraphrase,313,0.9157072901725769
infoxlm_base,microsoft/infoxlm-base,7,paraphrase,314,0.9080747961997986
infoxlm_base,microsoft/infoxlm-base,7,paraphrase,315,0.9397993683815002
infoxlm_base,microsoft/infoxlm-base,7,paraphrase,316,0.9460928440093994
infoxlm_base,microsoft/infoxlm-base,7,paraphrase,317,0.9261231422424316
infoxlm_base,microsoft/infoxlm-base,7,paraphrase,318,0.9368386268615723
infoxlm_base,microsoft/infoxlm-base,7,paraphrase,319,0.9477754235267639
infoxlm_base,microsoft/infoxlm-base,7,paraphrase,320,0.9339519143104553
infoxlm_base,microsoft/infoxlm-base,7,paraphrase,321,0.9164032340049744
infoxlm_base,microsoft/infoxlm-base,7,paraphrase,322,0.9677057266235352
infoxlm_base,microsoft/infoxlm-base,7,paraphrase,323,0.9561072587966919
infoxlm_base,microsoft/infoxlm-base,7,paraphrase,324,0.9285850524902344
infoxlm_base,microsoft/infoxlm-base,7,paraphrase,325,0.9388744831085205
infoxlm_base,microsoft/infoxlm-base,7,paraphrase,326,0.9445722699165344
infoxlm_base,microsoft/infoxlm-base,7,paraphrase,327,0.9365015029907227
infoxlm_base,microsoft/infoxlm-base,7,paraphrase,328,0.9372592568397522
infoxlm_base,microsoft/infoxlm-base,7,paraphrase,329,0.9102654457092285
infoxlm_base,microsoft/infoxlm-base,7,paraphrase,330,0.9357631206512451
infoxlm_base,microsoft/infoxlm-base,7,paraphrase,331,0.9315398931503296
infoxlm_base,microsoft/infoxlm-base,7,paraphrase,332,0.9224413633346558
infoxlm_base,microsoft/infoxlm-base,7,paraphrase,333,0.9348252415657043
infoxlm_base,microsoft/infoxlm-base,7,paraphrase,334,0.93150395154953
infoxlm_base,microsoft/infoxlm-base,7,paraphrase,335,0.9266171455383301
infoxlm_base,microsoft/infoxlm-base,7,paraphrase,336,0.9084609150886536
infoxlm_base,microsoft/infoxlm-base,7,paraphrase,337,0.959846556186676
infoxlm_base,microsoft/infoxlm-base,7,paraphrase,338,0.926689863204956
infoxlm_base,microsoft/infoxlm-base,7,paraphrase,339,0.9288479089736938
infoxlm_base,microsoft/infoxlm-base,7,paraphrase,340,0.8859355449676514
infoxlm_base,microsoft/infoxlm-base,7,paraphrase,341,0.9344384670257568
infoxlm_base,microsoft/infoxlm-base,7,paraphrase,342,0.9110143184661865
infoxlm_base,microsoft/infoxlm-base,7,paraphrase,343,0.9373689889907837
infoxlm_base,microsoft/infoxlm-base,7,paraphrase,344,0.9307472705841064
infoxlm_base,microsoft/infoxlm-base,7,paraphrase,345,0.9467850923538208
infoxlm_base,microsoft/infoxlm-base,7,paraphrase,346,0.9381768107414246
infoxlm_base,microsoft/infoxlm-base,7,paraphrase,347,0.930860161781311
infoxlm_base,microsoft/infoxlm-base,7,paraphrase,348,0.9493772983551025
infoxlm_base,microsoft/infoxlm-base,7,paraphrase,349,0.9416309595108032
infoxlm_base,microsoft/infoxlm-base,7,paraphrase,350,0.943584680557251
infoxlm_base,microsoft/infoxlm-base,7,paraphrase,351,0.92864590883255
infoxlm_base,microsoft/infoxlm-base,7,paraphrase,352,0.9342222213745117
infoxlm_base,microsoft/infoxlm-base,7,paraphrase,353,0.9292172789573669
infoxlm_base,microsoft/infoxlm-base,7,paraphrase,354,0.8991732001304626
infoxlm_base,microsoft/infoxlm-base,7,paraphrase,355,0.9314216375350952
infoxlm_base,microsoft/infoxlm-base,7,paraphrase,356,0.9300602674484253
infoxlm_base,microsoft/infoxlm-base,7,paraphrase,357,0.9118059873580933
infoxlm_base,microsoft/infoxlm-base,7,paraphrase,358,0.9260099530220032
infoxlm_base,microsoft/infoxlm-base,7,paraphrase,359,0.9184554219245911
infoxlm_base,microsoft/infoxlm-base,7,paraphrase,360,0.9342120289802551
infoxlm_base,microsoft/infoxlm-base,7,paraphrase,361,0.9373285174369812
infoxlm_base,microsoft/infoxlm-base,7,paraphrase,362,0.9305762052536011
infoxlm_base,microsoft/infoxlm-base,7,paraphrase,363,0.9322052001953125
infoxlm_base,microsoft/infoxlm-base,7,paraphrase,364,0.920711874961853
infoxlm_base,microsoft/infoxlm-base,7,paraphrase,365,0.9330132603645325
infoxlm_base,microsoft/infoxlm-base,7,paraphrase,366,0.921012282371521
infoxlm_base,microsoft/infoxlm-base,7,paraphrase,367,0.9108684062957764
infoxlm_base,microsoft/infoxlm-base,7,paraphrase,368,0.9422147870063782
infoxlm_base,microsoft/infoxlm-base,7,paraphrase,369,0.9322887063026428
infoxlm_base,microsoft/infoxlm-base,7,paraphrase,370,0.929901659488678
infoxlm_base,microsoft/infoxlm-base,7,paraphrase,371,0.9193834066390991
infoxlm_base,microsoft/infoxlm-base,7,paraphrase,372,0.9234853982925415
infoxlm_base,microsoft/infoxlm-base,7,paraphrase,373,0.931297779083252
infoxlm_base,microsoft/infoxlm-base,7,paraphrase,374,0.943697452545166
infoxlm_base,microsoft/infoxlm-base,7,paraphrase,375,0.9331206679344177
infoxlm_base,microsoft/infoxlm-base,7,paraphrase,376,0.9247225522994995
infoxlm_base,microsoft/infoxlm-base,7,paraphrase,377,0.9316863417625427
infoxlm_base,microsoft/infoxlm-base,7,paraphrase,378,0.9321498274803162
infoxlm_base,microsoft/infoxlm-base,7,paraphrase,379,0.9130136966705322
infoxlm_base,microsoft/infoxlm-base,7,paraphrase,380,0.9005367755889893
infoxlm_base,microsoft/infoxlm-base,7,paraphrase,381,0.943549394607544
infoxlm_base,microsoft/infoxlm-base,7,paraphrase,382,0.9137087464332581
infoxlm_base,microsoft/infoxlm-base,7,paraphrase,383,0.9459958076477051
infoxlm_base,microsoft/infoxlm-base,7,paraphrase,384,0.9270724654197693
infoxlm_base,microsoft/infoxlm-base,7,paraphrase,385,0.9410239458084106
infoxlm_base,microsoft/infoxlm-base,7,paraphrase,386,0.9078335762023926
infoxlm_base,microsoft/infoxlm-base,7,paraphrase,387,0.9350121021270752
infoxlm_base,microsoft/infoxlm-base,7,paraphrase,388,0.9295976758003235
infoxlm_base,microsoft/infoxlm-base,7,paraphrase,389,0.9434439539909363
infoxlm_base,microsoft/infoxlm-base,7,paraphrase,390,0.9288561940193176
infoxlm_base,microsoft/infoxlm-base,7,paraphrase,391,0.9398971199989319
infoxlm_base,microsoft/infoxlm-base,7,paraphrase,392,0.9359703660011292
infoxlm_base,microsoft/infoxlm-base,7,paraphrase,393,0.9315837621688843
infoxlm_base,microsoft/infoxlm-base,7,paraphrase,394,0.9202329516410828
infoxlm_base,microsoft/infoxlm-base,7,paraphrase,395,0.9327072501182556
infoxlm_base,microsoft/infoxlm-base,7,paraphrase,396,0.9225730299949646
infoxlm_base,microsoft/infoxlm-base,7,paraphrase,397,0.9132455587387085
infoxlm_base,microsoft/infoxlm-base,7,paraphrase,398,0.9234645962715149
infoxlm_base,microsoft/infoxlm-base,7,paraphrase,399,0.9282757043838501
infoxlm_base,microsoft/infoxlm-base,7,paraphrase,400,0.9150194525718689
infoxlm_base,microsoft/infoxlm-base,7,paraphrase,401,0.9251965284347534
infoxlm_base,microsoft/infoxlm-base,7,paraphrase,402,0.9168807864189148
infoxlm_base,microsoft/infoxlm-base,7,paraphrase,403,0.9300764799118042
infoxlm_base,microsoft/infoxlm-base,7,paraphrase,404,0.9299373626708984
infoxlm_base,microsoft/infoxlm-base,7,paraphrase,405,0.9450390934944153
infoxlm_base,microsoft/infoxlm-base,7,paraphrase,406,0.9377500414848328
infoxlm_base,microsoft/infoxlm-base,7,paraphrase,407,0.9162092208862305
infoxlm_base,microsoft/infoxlm-base,7,paraphrase,408,0.915449857711792
infoxlm_base,microsoft/infoxlm-base,7,paraphrase,409,0.916495680809021
infoxlm_base,microsoft/infoxlm-base,7,paraphrase,410,0.9518712759017944
infoxlm_base,microsoft/infoxlm-base,7,paraphrase,411,0.9289713501930237
infoxlm_base,microsoft/infoxlm-base,7,paraphrase,412,0.9435487985610962
infoxlm_base,microsoft/infoxlm-base,7,paraphrase,413,0.9287630319595337
infoxlm_base,microsoft/infoxlm-base,7,paraphrase,414,0.9320205450057983
infoxlm_base,microsoft/infoxlm-base,7,paraphrase,415,0.9255075454711914
infoxlm_base,microsoft/infoxlm-base,7,paraphrase,416,0.9239639043807983
infoxlm_base,microsoft/infoxlm-base,7,paraphrase,417,0.9622325897216797
infoxlm_base,microsoft/infoxlm-base,7,paraphrase,418,0.9361662864685059
infoxlm_base,microsoft/infoxlm-base,7,paraphrase,419,0.8978570103645325
infoxlm_base,microsoft/infoxlm-base,7,paraphrase,420,0.9308642148971558
infoxlm_base,microsoft/infoxlm-base,7,paraphrase,421,0.9234193563461304
infoxlm_base,microsoft/infoxlm-base,7,paraphrase,422,0.927327036857605
infoxlm_base,microsoft/infoxlm-base,7,paraphrase,423,0.937680184841156
infoxlm_base,microsoft/infoxlm-base,7,paraphrase,424,0.9316896200180054
infoxlm_base,microsoft/infoxlm-base,7,paraphrase,425,0.9028521776199341
infoxlm_base,microsoft/infoxlm-base,7,paraphrase,426,0.9431949257850647
infoxlm_base,microsoft/infoxlm-base,7,paraphrase,427,0.9492871761322021
infoxlm_base,microsoft/infoxlm-base,7,paraphrase,428,0.9242597818374634
infoxlm_base,microsoft/infoxlm-base,7,paraphrase,429,0.9244844913482666
infoxlm_base,microsoft/infoxlm-base,7,paraphrase,430,0.9371327757835388
infoxlm_base,microsoft/infoxlm-base,7,paraphrase,431,0.9477537870407104
infoxlm_base,microsoft/infoxlm-base,7,paraphrase,432,0.9314229488372803
infoxlm_base,microsoft/infoxlm-base,7,paraphrase,433,0.9335097074508667
infoxlm_base,microsoft/infoxlm-base,7,paraphrase,434,0.9412397146224976
infoxlm_base,microsoft/infoxlm-base,7,paraphrase,435,0.9175344109535217
infoxlm_base,microsoft/infoxlm-base,7,paraphrase,436,0.9094213843345642
infoxlm_base,microsoft/infoxlm-base,7,paraphrase,437,0.9531548023223877
infoxlm_base,microsoft/infoxlm-base,7,paraphrase,438,0.9164313077926636
infoxlm_base,microsoft/infoxlm-base,7,paraphrase,439,0.920981228351593
infoxlm_base,microsoft/infoxlm-base,7,paraphrase,440,0.9251823425292969
infoxlm_base,microsoft/infoxlm-base,7,paraphrase,441,0.9409034252166748
infoxlm_base,microsoft/infoxlm-base,7,paraphrase,442,0.9595917463302612
infoxlm_base,microsoft/infoxlm-base,7,paraphrase,443,0.921116054058075
infoxlm_base,microsoft/infoxlm-base,7,paraphrase,444,0.9174417853355408
infoxlm_base,microsoft/infoxlm-base,7,paraphrase,445,0.934808075428009
infoxlm_base,microsoft/infoxlm-base,7,paraphrase,446,0.9256709814071655
infoxlm_base,microsoft/infoxlm-base,7,paraphrase,447,0.9420028328895569
infoxlm_base,microsoft/infoxlm-base,7,paraphrase,448,0.9075806140899658
infoxlm_base,microsoft/infoxlm-base,7,paraphrase,449,0.933070182800293
infoxlm_base,microsoft/infoxlm-base,7,paraphrase,450,0.9320383071899414
infoxlm_base,microsoft/infoxlm-base,7,paraphrase,451,0.9381697177886963
infoxlm_base,microsoft/infoxlm-base,7,paraphrase,452,0.9050828218460083
infoxlm_base,microsoft/infoxlm-base,7,paraphrase,453,0.9452001452445984
infoxlm_base,microsoft/infoxlm-base,7,paraphrase,454,0.9397972822189331
infoxlm_base,microsoft/infoxlm-base,7,paraphrase,455,0.9253037571907043
infoxlm_base,microsoft/infoxlm-base,7,paraphrase,456,0.9408360123634338
infoxlm_base,microsoft/infoxlm-base,7,paraphrase,457,0.932079017162323
infoxlm_base,microsoft/infoxlm-base,7,paraphrase,458,0.9941276907920837
infoxlm_base,microsoft/infoxlm-base,7,paraphrase,459,0.9591103792190552
infoxlm_base,microsoft/infoxlm-base,7,paraphrase,460,0.9117675423622131
infoxlm_base,microsoft/infoxlm-base,7,paraphrase,461,0.9361198544502258
infoxlm_base,microsoft/infoxlm-base,7,paraphrase,462,0.9311070442199707
infoxlm_base,microsoft/infoxlm-base,7,paraphrase,463,0.9520916938781738
infoxlm_base,microsoft/infoxlm-base,7,paraphrase,464,0.9445223808288574
infoxlm_base,microsoft/infoxlm-base,7,paraphrase,465,0.9302383661270142
infoxlm_base,microsoft/infoxlm-base,7,paraphrase,466,0.9302395582199097
infoxlm_base,microsoft/infoxlm-base,7,paraphrase,467,0.9294421672821045
infoxlm_base,microsoft/infoxlm-base,7,paraphrase,468,0.9283877015113831
infoxlm_base,microsoft/infoxlm-base,7,paraphrase,469,0.933056116104126
infoxlm_base,microsoft/infoxlm-base,7,paraphrase,470,0.9361722469329834
infoxlm_base,microsoft/infoxlm-base,7,paraphrase,471,0.9459200501441956
infoxlm_base,microsoft/infoxlm-base,7,paraphrase,472,0.9223917722702026
infoxlm_base,microsoft/infoxlm-base,7,paraphrase,473,0.9230363965034485
infoxlm_base,microsoft/infoxlm-base,7,paraphrase,474,0.9223517775535583
infoxlm_base,microsoft/infoxlm-base,7,paraphrase,475,0.9336588382720947
infoxlm_base,microsoft/infoxlm-base,7,paraphrase,476,0.94754958152771
infoxlm_base,microsoft/infoxlm-base,7,paraphrase,477,0.9391965270042419
infoxlm_base,microsoft/infoxlm-base,7,paraphrase,478,0.9365706443786621
infoxlm_base,microsoft/infoxlm-base,7,paraphrase,479,0.9428330063819885
infoxlm_base,microsoft/infoxlm-base,7,paraphrase,480,0.954689621925354
infoxlm_base,microsoft/infoxlm-base,7,paraphrase,481,0.9212038516998291
infoxlm_base,microsoft/infoxlm-base,7,paraphrase,482,0.9357704520225525
infoxlm_base,microsoft/infoxlm-base,7,paraphrase,483,0.9441596269607544
infoxlm_base,microsoft/infoxlm-base,7,paraphrase,484,0.9260595440864563
infoxlm_base,microsoft/infoxlm-base,7,paraphrase,485,0.9415475130081177
infoxlm_base,microsoft/infoxlm-base,7,paraphrase,486,0.9236154556274414
infoxlm_base,microsoft/infoxlm-base,7,paraphrase,487,0.9370656609535217
infoxlm_base,microsoft/infoxlm-base,7,paraphrase,488,0.938481330871582
infoxlm_base,microsoft/infoxlm-base,7,paraphrase,489,0.932717502117157
infoxlm_base,microsoft/infoxlm-base,7,paraphrase,490,0.9221788048744202
infoxlm_base,microsoft/infoxlm-base,7,paraphrase,491,0.9481185674667358
infoxlm_base,microsoft/infoxlm-base,7,paraphrase,492,0.9130277037620544
infoxlm_base,microsoft/infoxlm-base,7,paraphrase,493,0.9302768707275391
infoxlm_base,microsoft/infoxlm-base,7,paraphrase,494,0.9306652545928955
infoxlm_base,microsoft/infoxlm-base,7,paraphrase,495,0.9176941514015198
infoxlm_base,microsoft/infoxlm-base,7,paraphrase,496,0.9492632746696472
infoxlm_base,microsoft/infoxlm-base,7,paraphrase,497,0.9166629314422607
infoxlm_base,microsoft/infoxlm-base,7,paraphrase,498,0.9336721301078796
infoxlm_base,microsoft/infoxlm-base,7,paraphrase,499,0.9499662518501282
infoxlm_base,microsoft/infoxlm-base,7,paraphrase,500,0.924306333065033
infoxlm_base,microsoft/infoxlm-base,7,paraphrase,501,0.9244228005409241
infoxlm_base,microsoft/infoxlm-base,7,paraphrase,502,0.9392837285995483
infoxlm_base,microsoft/infoxlm-base,7,paraphrase,503,0.9400173425674438
infoxlm_base,microsoft/infoxlm-base,7,paraphrase,504,0.907487690448761
infoxlm_base,microsoft/infoxlm-base,7,paraphrase,505,0.9532359838485718
infoxlm_base,microsoft/infoxlm-base,7,paraphrase,506,0.9345747232437134
infoxlm_base,microsoft/infoxlm-base,7,paraphrase,507,0.9172399640083313
infoxlm_base,microsoft/infoxlm-base,7,paraphrase,508,0.9326627850532532
infoxlm_base,microsoft/infoxlm-base,7,paraphrase,509,0.9214386940002441
infoxlm_base,microsoft/infoxlm-base,7,paraphrase,510,0.9392688274383545
infoxlm_base,microsoft/infoxlm-base,7,paraphrase,511,0.9435861706733704
infoxlm_base,microsoft/infoxlm-base,7,paraphrase,512,0.9395389556884766
infoxlm_base,microsoft/infoxlm-base,7,paraphrase,513,0.9175694584846497
infoxlm_base,microsoft/infoxlm-base,7,paraphrase,514,0.9225961565971375
infoxlm_base,microsoft/infoxlm-base,7,paraphrase,515,0.946121335029602
infoxlm_base,microsoft/infoxlm-base,7,paraphrase,516,0.943345308303833
infoxlm_base,microsoft/infoxlm-base,7,paraphrase,517,0.9150418639183044
infoxlm_base,microsoft/infoxlm-base,7,paraphrase,518,0.9516323804855347
infoxlm_base,microsoft/infoxlm-base,7,paraphrase,519,0.9126100540161133
infoxlm_base,microsoft/infoxlm-base,7,paraphrase,520,0.9275093078613281
infoxlm_base,microsoft/infoxlm-base,7,paraphrase,521,0.9299094676971436
infoxlm_base,microsoft/infoxlm-base,7,paraphrase,522,0.9668218493461609
infoxlm_base,microsoft/infoxlm-base,7,paraphrase,523,0.931603193283081
infoxlm_base,microsoft/infoxlm-base,7,paraphrase,524,0.9207069277763367
infoxlm_base,microsoft/infoxlm-base,7,paraphrase,525,0.9383128881454468
infoxlm_base,microsoft/infoxlm-base,7,paraphrase,526,0.9172742366790771
infoxlm_base,microsoft/infoxlm-base,7,paraphrase,527,0.9306114912033081
infoxlm_base,microsoft/infoxlm-base,7,paraphrase,528,0.9368407726287842
infoxlm_base,microsoft/infoxlm-base,7,paraphrase,529,0.9163869023323059
infoxlm_base,microsoft/infoxlm-base,7,paraphrase,530,0.9279782772064209
infoxlm_base,microsoft/infoxlm-base,7,paraphrase,531,0.9451953172683716
infoxlm_base,microsoft/infoxlm-base,7,paraphrase,532,0.924315869808197
infoxlm_base,microsoft/infoxlm-base,7,paraphrase,533,0.9292256832122803
infoxlm_base,microsoft/infoxlm-base,7,paraphrase,534,0.9337043166160583
infoxlm_base,microsoft/infoxlm-base,7,paraphrase,535,0.9544390439987183
infoxlm_base,microsoft/infoxlm-base,7,paraphrase,536,0.9193310141563416
infoxlm_base,microsoft/infoxlm-base,7,paraphrase,537,0.9393147230148315
infoxlm_base,microsoft/infoxlm-base,7,paraphrase,538,0.9191405773162842
infoxlm_base,microsoft/infoxlm-base,7,paraphrase,539,0.9133951663970947
infoxlm_base,microsoft/infoxlm-base,7,paraphrase,540,0.934741199016571
infoxlm_base,microsoft/infoxlm-base,7,paraphrase,541,0.9408743381500244
infoxlm_base,microsoft/infoxlm-base,7,paraphrase,542,0.9239345192909241
infoxlm_base,microsoft/infoxlm-base,7,paraphrase,543,0.9346854090690613
infoxlm_base,microsoft/infoxlm-base,7,paraphrase,544,0.9459934830665588
infoxlm_base,microsoft/infoxlm-base,7,paraphrase,545,0.9245243072509766
infoxlm_base,microsoft/infoxlm-base,7,paraphrase,546,0.9271523952484131
infoxlm_base,microsoft/infoxlm-base,7,paraphrase,547,0.9122795462608337
infoxlm_base,microsoft/infoxlm-base,7,paraphrase,548,0.9153445363044739
infoxlm_base,microsoft/infoxlm-base,7,paraphrase,549,0.9346252083778381
infoxlm_base,microsoft/infoxlm-base,7,paraphrase,550,0.9096311330795288
infoxlm_base,microsoft/infoxlm-base,7,paraphrase,551,0.9261964559555054
infoxlm_base,microsoft/infoxlm-base,7,paraphrase,552,0.9041708707809448
infoxlm_base,microsoft/infoxlm-base,7,paraphrase,553,0.9157087802886963
infoxlm_base,microsoft/infoxlm-base,7,paraphrase,554,0.9381658434867859
infoxlm_base,microsoft/infoxlm-base,7,paraphrase,555,0.915215015411377
infoxlm_base,microsoft/infoxlm-base,7,paraphrase,556,0.9319136738777161
infoxlm_base,microsoft/infoxlm-base,7,paraphrase,557,0.9198616147041321
infoxlm_base,microsoft/infoxlm-base,7,paraphrase,558,0.9966077208518982
infoxlm_base,microsoft/infoxlm-base,7,paraphrase,559,0.9362294673919678
infoxlm_base,microsoft/infoxlm-base,7,paraphrase,560,0.909422755241394
infoxlm_base,microsoft/infoxlm-base,7,paraphrase,561,0.9250645041465759
infoxlm_base,microsoft/infoxlm-base,7,paraphrase,562,0.9443161487579346
infoxlm_base,microsoft/infoxlm-base,7,paraphrase,563,0.9223924279212952
infoxlm_base,microsoft/infoxlm-base,7,paraphrase,564,0.9368500709533691
infoxlm_base,microsoft/infoxlm-base,7,paraphrase,565,0.9409258961677551
infoxlm_base,microsoft/infoxlm-base,7,paraphrase,566,0.9401598572731018
infoxlm_base,microsoft/infoxlm-base,7,paraphrase,567,0.9503427743911743
infoxlm_base,microsoft/infoxlm-base,7,paraphrase,568,0.9278692007064819
infoxlm_base,microsoft/infoxlm-base,7,paraphrase,569,0.9164419174194336
infoxlm_base,microsoft/infoxlm-base,7,paraphrase,570,0.9060454368591309
infoxlm_base,microsoft/infoxlm-base,7,paraphrase,571,0.9480074048042297
infoxlm_base,microsoft/infoxlm-base,7,paraphrase,572,0.9457386136054993
infoxlm_base,microsoft/infoxlm-base,7,paraphrase,573,0.9425541758537292
infoxlm_base,microsoft/infoxlm-base,7,paraphrase,574,0.9177116751670837
infoxlm_base,microsoft/infoxlm-base,7,paraphrase,575,0.9241308569908142
infoxlm_base,microsoft/infoxlm-base,7,paraphrase,576,0.9354262948036194
infoxlm_base,microsoft/infoxlm-base,7,paraphrase,577,0.9297740459442139
infoxlm_base,microsoft/infoxlm-base,7,paraphrase,578,0.940665066242218
infoxlm_base,microsoft/infoxlm-base,7,paraphrase,579,0.9416602849960327
infoxlm_base,microsoft/infoxlm-base,7,paraphrase,580,0.9514224529266357
infoxlm_base,microsoft/infoxlm-base,7,paraphrase,581,0.9312799572944641
infoxlm_base,microsoft/infoxlm-base,7,paraphrase,582,0.9268105626106262
infoxlm_base,microsoft/infoxlm-base,7,paraphrase,583,0.9360954165458679
infoxlm_base,microsoft/infoxlm-base,7,paraphrase,584,0.9298710823059082
infoxlm_base,microsoft/infoxlm-base,7,paraphrase,585,0.9464254975318909
infoxlm_base,microsoft/infoxlm-base,7,paraphrase,586,0.9199394583702087
infoxlm_base,microsoft/infoxlm-base,7,paraphrase,587,0.9222003817558289
infoxlm_base,microsoft/infoxlm-base,7,paraphrase,588,0.9329767227172852
infoxlm_base,microsoft/infoxlm-base,7,paraphrase,589,0.9309375882148743
infoxlm_base,microsoft/infoxlm-base,7,paraphrase,590,0.9046010971069336
infoxlm_base,microsoft/infoxlm-base,7,paraphrase,591,0.9294202923774719
infoxlm_base,microsoft/infoxlm-base,7,paraphrase,592,0.939100444316864
infoxlm_base,microsoft/infoxlm-base,7,paraphrase,593,0.9412240982055664
infoxlm_base,microsoft/infoxlm-base,7,paraphrase,594,0.9408639669418335
infoxlm_base,microsoft/infoxlm-base,7,paraphrase,595,0.9301022291183472
infoxlm_base,microsoft/infoxlm-base,7,paraphrase,596,0.9291940927505493
infoxlm_base,microsoft/infoxlm-base,7,paraphrase,597,0.9380252361297607
infoxlm_base,microsoft/infoxlm-base,7,paraphrase,598,0.932558000087738
infoxlm_base,microsoft/infoxlm-base,7,paraphrase,599,0.9194345474243164
infoxlm_base,microsoft/infoxlm-base,7,paraphrase,600,0.9391806125640869
infoxlm_base,microsoft/infoxlm-base,7,paraphrase,601,0.9363802671432495
infoxlm_base,microsoft/infoxlm-base,7,paraphrase,602,0.9204228520393372
infoxlm_base,microsoft/infoxlm-base,7,paraphrase,603,0.9367904663085938
infoxlm_base,microsoft/infoxlm-base,7,paraphrase,604,0.9474616646766663
infoxlm_base,microsoft/infoxlm-base,7,paraphrase,605,0.9358052611351013
infoxlm_base,microsoft/infoxlm-base,7,paraphrase,606,0.918250322341919
infoxlm_base,microsoft/infoxlm-base,7,paraphrase,607,0.9569994807243347
infoxlm_base,microsoft/infoxlm-base,7,paraphrase,608,0.9248148202896118
infoxlm_base,microsoft/infoxlm-base,7,paraphrase,609,0.9464970827102661
infoxlm_base,microsoft/infoxlm-base,7,paraphrase,610,0.9233949780464172
infoxlm_base,microsoft/infoxlm-base,7,paraphrase,611,0.937608540058136
infoxlm_base,microsoft/infoxlm-base,7,paraphrase,612,0.9328528642654419
infoxlm_base,microsoft/infoxlm-base,7,paraphrase,613,0.9151089191436768
infoxlm_base,microsoft/infoxlm-base,7,paraphrase,614,0.9555397033691406
infoxlm_base,microsoft/infoxlm-base,7,paraphrase,615,0.9232678413391113
infoxlm_base,microsoft/infoxlm-base,7,paraphrase,616,0.9187092185020447
infoxlm_base,microsoft/infoxlm-base,7,paraphrase,617,0.9374730587005615
infoxlm_base,microsoft/infoxlm-base,7,paraphrase,618,0.9181993007659912
infoxlm_base,microsoft/infoxlm-base,7,paraphrase,619,0.9204709529876709
infoxlm_base,microsoft/infoxlm-base,7,paraphrase,620,0.9489396810531616
infoxlm_base,microsoft/infoxlm-base,7,paraphrase,621,0.9367973804473877
infoxlm_base,microsoft/infoxlm-base,7,paraphrase,622,0.9251369833946228
infoxlm_base,microsoft/infoxlm-base,7,paraphrase,623,0.938387393951416
infoxlm_base,microsoft/infoxlm-base,7,paraphrase,624,0.9316310882568359
infoxlm_base,microsoft/infoxlm-base,7,paraphrase,625,0.9299572706222534
infoxlm_base,microsoft/infoxlm-base,7,paraphrase,626,0.9201174974441528
infoxlm_base,microsoft/infoxlm-base,7,1LocalWordSwap,0,0.9214862585067749
infoxlm_base,microsoft/infoxlm-base,7,1LocalWordSwap,1,0.9219368696212769
infoxlm_base,microsoft/infoxlm-base,7,1LocalWordSwap,2,0.9387724995613098
infoxlm_base,microsoft/infoxlm-base,7,1LocalWordSwap,3,0.9663281440734863
infoxlm_base,microsoft/infoxlm-base,7,1LocalWordSwap,4,0.9337940812110901
infoxlm_base,microsoft/infoxlm-base,7,1LocalWordSwap,5,0.932862401008606
infoxlm_base,microsoft/infoxlm-base,7,1LocalWordSwap,6,0.9448090195655823
infoxlm_base,microsoft/infoxlm-base,7,1LocalWordSwap,7,0.9964964985847473
infoxlm_base,microsoft/infoxlm-base,7,1LocalWordSwap,8,0.9037576913833618
infoxlm_base,microsoft/infoxlm-base,7,1LocalWordSwap,9,0.9388397336006165
infoxlm_base,microsoft/infoxlm-base,7,1LocalWordSwap,10,0.908372163772583
infoxlm_base,microsoft/infoxlm-base,7,1LocalWordSwap,11,0.9536091089248657
infoxlm_base,microsoft/infoxlm-base,7,1LocalWordSwap,12,0.9082301259040833
infoxlm_base,microsoft/infoxlm-base,7,1LocalWordSwap,13,0.9509859681129456
infoxlm_base,microsoft/infoxlm-base,7,1LocalWordSwap,14,0.926389217376709
infoxlm_base,microsoft/infoxlm-base,7,1LocalWordSwap,15,0.9525795578956604
infoxlm_base,microsoft/infoxlm-base,7,1LocalWordSwap,16,0.9055174589157104
infoxlm_base,microsoft/infoxlm-base,7,1LocalWordSwap,17,0.9340888857841492
infoxlm_base,microsoft/infoxlm-base,7,1LocalWordSwap,18,0.9468223452568054
infoxlm_base,microsoft/infoxlm-base,7,1LocalWordSwap,19,0.9945144653320312
infoxlm_base,microsoft/infoxlm-base,7,1LocalWordSwap,20,0.9114160537719727
infoxlm_base,microsoft/infoxlm-base,7,1LocalWordSwap,21,0.9533736109733582
infoxlm_base,microsoft/infoxlm-base,7,1LocalWordSwap,22,0.932752788066864
infoxlm_base,microsoft/infoxlm-base,7,1LocalWordSwap,23,0.9430701732635498
infoxlm_base,microsoft/infoxlm-base,7,1LocalWordSwap,24,0.9350642561912537
infoxlm_base,microsoft/infoxlm-base,7,1LocalWordSwap,25,0.9281328916549683
infoxlm_base,microsoft/infoxlm-base,7,1LocalWordSwap,26,0.9175260663032532
infoxlm_base,microsoft/infoxlm-base,7,1LocalWordSwap,27,0.9214632511138916
infoxlm_base,microsoft/infoxlm-base,7,1LocalWordSwap,28,0.9407513737678528
infoxlm_base,microsoft/infoxlm-base,7,1LocalWordSwap,29,0.9420595169067383
infoxlm_base,microsoft/infoxlm-base,7,1LocalWordSwap,30,0.930010199546814
infoxlm_base,microsoft/infoxlm-base,7,1LocalWordSwap,31,0.9984387755393982
infoxlm_base,microsoft/infoxlm-base,7,1LocalWordSwap,32,0.9370637536048889
infoxlm_base,microsoft/infoxlm-base,7,1LocalWordSwap,33,0.9123875498771667
infoxlm_base,microsoft/infoxlm-base,7,1LocalWordSwap,34,0.9376004934310913
infoxlm_base,microsoft/infoxlm-base,7,1LocalWordSwap,35,0.9134088158607483
infoxlm_base,microsoft/infoxlm-base,7,1LocalWordSwap,36,0.9466081857681274
infoxlm_base,microsoft/infoxlm-base,7,1LocalWordSwap,37,0.9196344614028931
infoxlm_base,microsoft/infoxlm-base,7,1LocalWordSwap,38,0.9243345856666565
infoxlm_base,microsoft/infoxlm-base,7,1LocalWordSwap,39,0.9525594115257263
infoxlm_base,microsoft/infoxlm-base,7,1LocalWordSwap,40,0.9346000552177429
infoxlm_base,microsoft/infoxlm-base,7,1LocalWordSwap,41,0.9484720230102539
infoxlm_base,microsoft/infoxlm-base,7,1LocalWordSwap,42,0.958429217338562
infoxlm_base,microsoft/infoxlm-base,7,1LocalWordSwap,43,0.9305431842803955
infoxlm_base,microsoft/infoxlm-base,7,1LocalWordSwap,44,0.9206238985061646
infoxlm_base,microsoft/infoxlm-base,7,1LocalWordSwap,45,0.9341375827789307
infoxlm_base,microsoft/infoxlm-base,7,1LocalWordSwap,46,0.926752507686615
infoxlm_base,microsoft/infoxlm-base,7,1LocalWordSwap,47,0.9649707078933716
infoxlm_base,microsoft/infoxlm-base,7,1LocalWordSwap,48,0.9594259858131409
infoxlm_base,microsoft/infoxlm-base,7,1LocalWordSwap,49,0.9955775737762451
infoxlm_base,microsoft/infoxlm-base,7,1LocalWordSwap,50,0.9364688396453857
infoxlm_base,microsoft/infoxlm-base,7,1LocalWordSwap,51,0.9289933443069458
infoxlm_base,microsoft/infoxlm-base,7,1LocalWordSwap,52,0.9205474257469177
infoxlm_base,microsoft/infoxlm-base,7,1LocalWordSwap,53,0.9382891654968262
infoxlm_base,microsoft/infoxlm-base,7,1LocalWordSwap,54,0.991392195224762
infoxlm_base,microsoft/infoxlm-base,7,1LocalWordSwap,55,0.9275745153427124
infoxlm_base,microsoft/infoxlm-base,7,1LocalWordSwap,56,0.9358348250389099
infoxlm_base,microsoft/infoxlm-base,7,1LocalWordSwap,57,0.9340817332267761
infoxlm_base,microsoft/infoxlm-base,7,1LocalWordSwap,58,0.954763650894165
infoxlm_base,microsoft/infoxlm-base,7,1LocalWordSwap,59,0.9136294722557068
infoxlm_base,microsoft/infoxlm-base,7,1LocalWordSwap,60,0.9325847625732422
infoxlm_base,microsoft/infoxlm-base,7,1LocalWordSwap,61,0.8953152894973755
infoxlm_base,microsoft/infoxlm-base,7,1LocalWordSwap,62,0.9246206283569336
infoxlm_base,microsoft/infoxlm-base,7,1LocalWordSwap,63,0.9494124054908752
infoxlm_base,microsoft/infoxlm-base,7,1LocalWordSwap,64,0.929722249507904
infoxlm_base,microsoft/infoxlm-base,7,1LocalWordSwap,65,0.9409061074256897
infoxlm_base,microsoft/infoxlm-base,7,1LocalWordSwap,66,0.9232839941978455
infoxlm_base,microsoft/infoxlm-base,7,1LocalWordSwap,67,0.929796040058136
infoxlm_base,microsoft/infoxlm-base,7,1LocalWordSwap,68,0.9989200830459595
infoxlm_base,microsoft/infoxlm-base,7,1LocalWordSwap,69,0.946071207523346
infoxlm_base,microsoft/infoxlm-base,7,1LocalWordSwap,70,0.9351000785827637
infoxlm_base,microsoft/infoxlm-base,7,1LocalWordSwap,71,0.9307212233543396
infoxlm_base,microsoft/infoxlm-base,7,1LocalWordSwap,72,0.9416525959968567
infoxlm_base,microsoft/infoxlm-base,7,1LocalWordSwap,73,0.9166735410690308
infoxlm_base,microsoft/infoxlm-base,7,1LocalWordSwap,74,0.9351598024368286
infoxlm_base,microsoft/infoxlm-base,7,1LocalWordSwap,75,0.9279594421386719
infoxlm_base,microsoft/infoxlm-base,7,1LocalWordSwap,76,0.914884090423584
infoxlm_base,microsoft/infoxlm-base,7,1LocalWordSwap,77,0.933664083480835
infoxlm_base,microsoft/infoxlm-base,7,1LocalWordSwap,78,0.9238852262496948
infoxlm_base,microsoft/infoxlm-base,7,1LocalWordSwap,79,0.9452813863754272
infoxlm_base,microsoft/infoxlm-base,7,1LocalWordSwap,80,0.9353946447372437
infoxlm_base,microsoft/infoxlm-base,7,1LocalWordSwap,81,0.9390379190444946
infoxlm_base,microsoft/infoxlm-base,7,1LocalWordSwap,82,0.957802951335907
infoxlm_base,microsoft/infoxlm-base,7,1LocalWordSwap,83,0.928910493850708
infoxlm_base,microsoft/infoxlm-base,7,1LocalWordSwap,84,0.9400926828384399
infoxlm_base,microsoft/infoxlm-base,7,1LocalWordSwap,85,0.9438852071762085
infoxlm_base,microsoft/infoxlm-base,7,1LocalWordSwap,86,0.9247660636901855
infoxlm_base,microsoft/infoxlm-base,7,1LocalWordSwap,87,0.9280620217323303
infoxlm_base,microsoft/infoxlm-base,7,1LocalWordSwap,88,0.9291411638259888
infoxlm_base,microsoft/infoxlm-base,7,1LocalWordSwap,89,0.9376871585845947
infoxlm_base,microsoft/infoxlm-base,7,1LocalWordSwap,90,0.952538013458252
infoxlm_base,microsoft/infoxlm-base,7,1LocalWordSwap,91,0.947197437286377
infoxlm_base,microsoft/infoxlm-base,7,1LocalWordSwap,92,0.9336249232292175
infoxlm_base,microsoft/infoxlm-base,7,1LocalWordSwap,93,0.9975048303604126
infoxlm_base,microsoft/infoxlm-base,7,1LocalWordSwap,94,0.9051146507263184
infoxlm_base,microsoft/infoxlm-base,7,1LocalWordSwap,95,0.9264095425605774
infoxlm_base,microsoft/infoxlm-base,7,1LocalWordSwap,96,0.9899897575378418
infoxlm_base,microsoft/infoxlm-base,7,1LocalWordSwap,97,0.917730987071991
infoxlm_base,microsoft/infoxlm-base,7,1LocalWordSwap,98,0.9930770993232727
infoxlm_base,microsoft/infoxlm-base,7,1LocalWordSwap,99,0.9990496635437012
infoxlm_base,microsoft/infoxlm-base,7,1LocalWordSwap,100,0.9959035515785217
infoxlm_base,microsoft/infoxlm-base,7,1LocalWordSwap,101,0.9344241619110107
infoxlm_base,microsoft/infoxlm-base,7,1LocalWordSwap,102,0.942467212677002
infoxlm_base,microsoft/infoxlm-base,7,1LocalWordSwap,103,0.9956423044204712
infoxlm_base,microsoft/infoxlm-base,7,1LocalWordSwap,104,0.9327183365821838
infoxlm_base,microsoft/infoxlm-base,7,1LocalWordSwap,105,0.9953945279121399
infoxlm_base,microsoft/infoxlm-base,7,1LocalWordSwap,106,0.9255164265632629
infoxlm_base,microsoft/infoxlm-base,7,1LocalWordSwap,107,0.934442400932312
infoxlm_base,microsoft/infoxlm-base,7,1LocalWordSwap,108,0.9151148200035095
infoxlm_base,microsoft/infoxlm-base,7,1LocalWordSwap,109,0.9940423965454102
infoxlm_base,microsoft/infoxlm-base,7,1LocalWordSwap,110,0.9203428030014038
infoxlm_base,microsoft/infoxlm-base,7,1LocalWordSwap,111,0.9481768608093262
infoxlm_base,microsoft/infoxlm-base,7,1LocalWordSwap,112,0.9118354916572571
infoxlm_base,microsoft/infoxlm-base,7,1LocalWordSwap,113,0.9619600772857666
infoxlm_base,microsoft/infoxlm-base,7,1LocalWordSwap,114,0.957521378993988
infoxlm_base,microsoft/infoxlm-base,7,1LocalWordSwap,115,0.9407628774642944
infoxlm_base,microsoft/infoxlm-base,7,1LocalWordSwap,116,0.9533765912055969
infoxlm_base,microsoft/infoxlm-base,7,1LocalWordSwap,117,0.9139630794525146
infoxlm_base,microsoft/infoxlm-base,7,1LocalWordSwap,118,0.9400738477706909
infoxlm_base,microsoft/infoxlm-base,7,1LocalWordSwap,119,0.9345837831497192
infoxlm_base,microsoft/infoxlm-base,7,1LocalWordSwap,120,0.9944093227386475
infoxlm_base,microsoft/infoxlm-base,7,1LocalWordSwap,121,0.9286551475524902
infoxlm_base,microsoft/infoxlm-base,7,1LocalWordSwap,122,0.935954213142395
infoxlm_base,microsoft/infoxlm-base,7,1LocalWordSwap,123,0.9329596757888794
infoxlm_base,microsoft/infoxlm-base,7,1LocalWordSwap,124,0.9262916445732117
infoxlm_base,microsoft/infoxlm-base,7,1LocalWordSwap,125,0.9349876642227173
infoxlm_base,microsoft/infoxlm-base,7,1LocalWordSwap,126,0.9360427260398865
infoxlm_base,microsoft/infoxlm-base,7,1LocalWordSwap,127,0.9266602993011475
infoxlm_base,microsoft/infoxlm-base,7,1LocalWordSwap,128,0.9293741583824158
infoxlm_base,microsoft/infoxlm-base,7,1LocalWordSwap,129,0.9455665349960327
infoxlm_base,microsoft/infoxlm-base,7,1LocalWordSwap,130,0.9331908226013184
infoxlm_base,microsoft/infoxlm-base,7,1LocalWordSwap,131,0.9976041913032532
infoxlm_base,microsoft/infoxlm-base,7,1LocalWordSwap,132,0.9165220260620117
infoxlm_base,microsoft/infoxlm-base,7,1LocalWordSwap,133,0.9430520534515381
infoxlm_base,microsoft/infoxlm-base,7,1LocalWordSwap,134,0.9165853261947632
infoxlm_base,microsoft/infoxlm-base,7,1LocalWordSwap,135,0.9312750697135925
infoxlm_base,microsoft/infoxlm-base,7,1LocalWordSwap,136,0.9303557872772217
infoxlm_base,microsoft/infoxlm-base,7,1LocalWordSwap,137,0.9450542330741882
infoxlm_base,microsoft/infoxlm-base,7,1LocalWordSwap,138,0.9925353527069092
infoxlm_base,microsoft/infoxlm-base,7,1LocalWordSwap,139,0.9393879175186157
infoxlm_base,microsoft/infoxlm-base,7,1LocalWordSwap,140,0.9972860217094421
infoxlm_base,microsoft/infoxlm-base,7,1LocalWordSwap,141,0.9222553968429565
infoxlm_base,microsoft/infoxlm-base,7,1LocalWordSwap,142,0.9286792278289795
infoxlm_base,microsoft/infoxlm-base,7,1LocalWordSwap,143,0.951357364654541
infoxlm_base,microsoft/infoxlm-base,7,1LocalWordSwap,144,0.9386811256408691
infoxlm_base,microsoft/infoxlm-base,7,1LocalWordSwap,145,0.924246609210968
infoxlm_base,microsoft/infoxlm-base,7,1LocalWordSwap,146,0.893073558807373
infoxlm_base,microsoft/infoxlm-base,7,1LocalWordSwap,147,0.9912698268890381
infoxlm_base,microsoft/infoxlm-base,7,1LocalWordSwap,148,0.9092805981636047
infoxlm_base,microsoft/infoxlm-base,7,1LocalWordSwap,149,0.952691912651062
infoxlm_base,microsoft/infoxlm-base,7,1LocalWordSwap,150,0.9394241571426392
infoxlm_base,microsoft/infoxlm-base,7,1LocalWordSwap,151,0.9292842745780945
infoxlm_base,microsoft/infoxlm-base,7,1LocalWordSwap,152,0.9139022827148438
infoxlm_base,microsoft/infoxlm-base,7,1LocalWordSwap,153,0.9213384389877319
infoxlm_base,microsoft/infoxlm-base,7,1LocalWordSwap,154,0.9952470660209656
infoxlm_base,microsoft/infoxlm-base,7,1LocalWordSwap,155,0.9488203525543213
infoxlm_base,microsoft/infoxlm-base,7,1LocalWordSwap,156,0.9197467565536499
infoxlm_base,microsoft/infoxlm-base,7,1LocalWordSwap,157,0.9161465764045715
infoxlm_base,microsoft/infoxlm-base,7,1LocalWordSwap,158,0.9407460689544678
infoxlm_base,microsoft/infoxlm-base,7,1LocalWordSwap,159,0.928496778011322
infoxlm_base,microsoft/infoxlm-base,7,1LocalWordSwap,160,0.9365838766098022
infoxlm_base,microsoft/infoxlm-base,7,1LocalWordSwap,161,0.9258623719215393
infoxlm_base,microsoft/infoxlm-base,7,1LocalWordSwap,162,0.9540530443191528
infoxlm_base,microsoft/infoxlm-base,7,1LocalWordSwap,163,0.8845717906951904
infoxlm_base,microsoft/infoxlm-base,7,1LocalWordSwap,164,0.9431056380271912
infoxlm_base,microsoft/infoxlm-base,7,1LocalWordSwap,165,0.9254776239395142
infoxlm_base,microsoft/infoxlm-base,7,1LocalWordSwap,166,0.9989157319068909
infoxlm_base,microsoft/infoxlm-base,7,1LocalWordSwap,167,0.9385731816291809
infoxlm_base,microsoft/infoxlm-base,7,1LocalWordSwap,168,0.9966456890106201
infoxlm_base,microsoft/infoxlm-base,7,1LocalWordSwap,169,0.934382975101471
infoxlm_base,microsoft/infoxlm-base,7,1LocalWordSwap,170,0.9398887157440186
infoxlm_base,microsoft/infoxlm-base,7,1LocalWordSwap,171,0.9079530239105225
infoxlm_base,microsoft/infoxlm-base,7,1LocalWordSwap,172,0.9307648539543152
infoxlm_base,microsoft/infoxlm-base,7,1LocalWordSwap,173,0.9337329864501953
infoxlm_base,microsoft/infoxlm-base,7,1LocalWordSwap,174,0.934367299079895
infoxlm_base,microsoft/infoxlm-base,7,1LocalWordSwap,175,0.9232897162437439
infoxlm_base,microsoft/infoxlm-base,7,1LocalWordSwap,176,0.9242252111434937
infoxlm_base,microsoft/infoxlm-base,7,1LocalWordSwap,177,0.9244049787521362
infoxlm_base,microsoft/infoxlm-base,7,1LocalWordSwap,178,0.9152786135673523
infoxlm_base,microsoft/infoxlm-base,7,1LocalWordSwap,179,0.9985299110412598
infoxlm_base,microsoft/infoxlm-base,7,1LocalWordSwap,180,0.9147034883499146
infoxlm_base,microsoft/infoxlm-base,7,1LocalWordSwap,181,0.9221090078353882
infoxlm_base,microsoft/infoxlm-base,7,1LocalWordSwap,182,0.9628311395645142
infoxlm_base,microsoft/infoxlm-base,7,1LocalWordSwap,183,0.9452817440032959
infoxlm_base,microsoft/infoxlm-base,7,1LocalWordSwap,184,0.9347535967826843
infoxlm_base,microsoft/infoxlm-base,7,1LocalWordSwap,185,0.9221593141555786
infoxlm_base,microsoft/infoxlm-base,7,1LocalWordSwap,186,0.9318552613258362
infoxlm_base,microsoft/infoxlm-base,7,1LocalWordSwap,187,0.9123005867004395
infoxlm_base,microsoft/infoxlm-base,7,1LocalWordSwap,188,0.9470537304878235
infoxlm_base,microsoft/infoxlm-base,7,1LocalWordSwap,189,0.9446975588798523
infoxlm_base,microsoft/infoxlm-base,7,1LocalWordSwap,190,0.9304308891296387
infoxlm_base,microsoft/infoxlm-base,7,1LocalWordSwap,191,0.9198232889175415
infoxlm_base,microsoft/infoxlm-base,7,1LocalWordSwap,192,0.9127402305603027
infoxlm_base,microsoft/infoxlm-base,7,1LocalWordSwap,193,0.9327523708343506
infoxlm_base,microsoft/infoxlm-base,7,1LocalWordSwap,194,0.9259258508682251
infoxlm_base,microsoft/infoxlm-base,7,1LocalWordSwap,195,0.9225044250488281
infoxlm_base,microsoft/infoxlm-base,7,1LocalWordSwap,196,0.9104599952697754
infoxlm_base,microsoft/infoxlm-base,7,1LocalWordSwap,197,0.9264589548110962
infoxlm_base,microsoft/infoxlm-base,7,1LocalWordSwap,198,0.9497650861740112
infoxlm_base,microsoft/infoxlm-base,7,1LocalWordSwap,199,0.9237825870513916
infoxlm_base,microsoft/infoxlm-base,7,1LocalWordSwap,200,0.9287805557250977
infoxlm_base,microsoft/infoxlm-base,7,1LocalWordSwap,201,0.9110962152481079
infoxlm_base,microsoft/infoxlm-base,7,1LocalWordSwap,202,0.9481455087661743
infoxlm_base,microsoft/infoxlm-base,7,1LocalWordSwap,203,0.9279502630233765
infoxlm_base,microsoft/infoxlm-base,7,1LocalWordSwap,204,0.9454140067100525
infoxlm_base,microsoft/infoxlm-base,7,1LocalWordSwap,205,0.9350470900535583
infoxlm_base,microsoft/infoxlm-base,7,1LocalWordSwap,206,0.9103082418441772
infoxlm_base,microsoft/infoxlm-base,7,1LocalWordSwap,207,0.9984047412872314
infoxlm_base,microsoft/infoxlm-base,7,1LocalWordSwap,208,0.9488347172737122
infoxlm_base,microsoft/infoxlm-base,7,1LocalWordSwap,209,0.9205647706985474
infoxlm_base,microsoft/infoxlm-base,7,1LocalWordSwap,210,0.9255864024162292
infoxlm_base,microsoft/infoxlm-base,7,1LocalWordSwap,211,0.9211463928222656
infoxlm_base,microsoft/infoxlm-base,7,1LocalWordSwap,212,0.9221963286399841
infoxlm_base,microsoft/infoxlm-base,7,1LocalWordSwap,213,0.9223899841308594
infoxlm_base,microsoft/infoxlm-base,7,1LocalWordSwap,214,0.9361793994903564
infoxlm_base,microsoft/infoxlm-base,7,1LocalWordSwap,215,0.9973337054252625
infoxlm_base,microsoft/infoxlm-base,7,1LocalWordSwap,216,0.9535170197486877
infoxlm_base,microsoft/infoxlm-base,7,1LocalWordSwap,217,0.9207378625869751
infoxlm_base,microsoft/infoxlm-base,7,1LocalWordSwap,218,0.9369993209838867
infoxlm_base,microsoft/infoxlm-base,7,1LocalWordSwap,219,0.9358347058296204
infoxlm_base,microsoft/infoxlm-base,7,1LocalWordSwap,220,0.9273194074630737
infoxlm_base,microsoft/infoxlm-base,7,1LocalWordSwap,221,0.9962088465690613
infoxlm_base,microsoft/infoxlm-base,7,1LocalWordSwap,222,0.9284955263137817
infoxlm_base,microsoft/infoxlm-base,7,1LocalWordSwap,223,0.9430948495864868
infoxlm_base,microsoft/infoxlm-base,7,1LocalWordSwap,224,0.9301129579544067
infoxlm_base,microsoft/infoxlm-base,7,1LocalWordSwap,225,0.9449267983436584
infoxlm_base,microsoft/infoxlm-base,7,1LocalWordSwap,226,0.9085633754730225
infoxlm_base,microsoft/infoxlm-base,7,1LocalWordSwap,227,0.9377684593200684
infoxlm_base,microsoft/infoxlm-base,7,1LocalWordSwap,228,0.9062118530273438
infoxlm_base,microsoft/infoxlm-base,7,1LocalWordSwap,229,0.9179764986038208
infoxlm_base,microsoft/infoxlm-base,7,1LocalWordSwap,230,0.9935842156410217
infoxlm_base,microsoft/infoxlm-base,7,1LocalWordSwap,231,0.9290944933891296
infoxlm_base,microsoft/infoxlm-base,7,1LocalWordSwap,232,0.996993899345398
infoxlm_base,microsoft/infoxlm-base,7,1LocalWordSwap,233,0.9360941648483276
infoxlm_base,microsoft/infoxlm-base,7,1LocalWordSwap,234,0.9226614236831665
infoxlm_base,microsoft/infoxlm-base,7,1LocalWordSwap,235,0.9353482723236084
infoxlm_base,microsoft/infoxlm-base,7,1LocalWordSwap,236,0.9334806799888611
infoxlm_base,microsoft/infoxlm-base,7,1LocalWordSwap,237,0.9346710443496704
infoxlm_base,microsoft/infoxlm-base,7,1LocalWordSwap,238,0.9272398352622986
infoxlm_base,microsoft/infoxlm-base,7,1LocalWordSwap,239,0.9227520823478699
infoxlm_base,microsoft/infoxlm-base,7,1LocalWordSwap,240,0.943314254283905
infoxlm_base,microsoft/infoxlm-base,7,1LocalWordSwap,241,0.9231867790222168
infoxlm_base,microsoft/infoxlm-base,7,1LocalWordSwap,242,0.9290871024131775
infoxlm_base,microsoft/infoxlm-base,7,1LocalWordSwap,243,0.9083255529403687
infoxlm_base,microsoft/infoxlm-base,7,1LocalWordSwap,244,0.9170359373092651
infoxlm_base,microsoft/infoxlm-base,7,1LocalWordSwap,245,0.9169707298278809
infoxlm_base,microsoft/infoxlm-base,7,1LocalWordSwap,246,0.9094994068145752
infoxlm_base,microsoft/infoxlm-base,7,1LocalWordSwap,247,0.9395503997802734
infoxlm_base,microsoft/infoxlm-base,7,1LocalWordSwap,248,0.9963034391403198
infoxlm_base,microsoft/infoxlm-base,7,1LocalWordSwap,249,0.9149179458618164
infoxlm_base,microsoft/infoxlm-base,7,1LocalWordSwap,250,0.9227758049964905
infoxlm_base,microsoft/infoxlm-base,7,1LocalWordSwap,251,0.9230611324310303
infoxlm_base,microsoft/infoxlm-base,7,1LocalWordSwap,252,0.9965954422950745
infoxlm_base,microsoft/infoxlm-base,7,1LocalWordSwap,253,0.9332985281944275
infoxlm_base,microsoft/infoxlm-base,7,1LocalWordSwap,254,0.9950165152549744
infoxlm_base,microsoft/infoxlm-base,7,1LocalWordSwap,255,0.9955307245254517
infoxlm_base,microsoft/infoxlm-base,7,1LocalWordSwap,256,0.9315291047096252
infoxlm_base,microsoft/infoxlm-base,7,1LocalWordSwap,257,0.9310094714164734
infoxlm_base,microsoft/infoxlm-base,7,1LocalWordSwap,258,0.9232109189033508
infoxlm_base,microsoft/infoxlm-base,7,1LocalWordSwap,259,0.9403987526893616
infoxlm_base,microsoft/infoxlm-base,7,1LocalWordSwap,260,0.9359095096588135
infoxlm_base,microsoft/infoxlm-base,7,1LocalWordSwap,261,0.9487665891647339
infoxlm_base,microsoft/infoxlm-base,7,1LocalWordSwap,262,0.929439902305603
infoxlm_base,microsoft/infoxlm-base,7,1LocalWordSwap,263,0.9297153949737549
infoxlm_base,microsoft/infoxlm-base,7,1LocalWordSwap,264,0.9562958478927612
infoxlm_base,microsoft/infoxlm-base,7,1LocalWordSwap,265,0.9241341352462769
infoxlm_base,microsoft/infoxlm-base,7,1LocalWordSwap,266,0.9335814714431763
infoxlm_base,microsoft/infoxlm-base,7,1LocalWordSwap,267,0.9417476654052734
infoxlm_base,microsoft/infoxlm-base,7,1LocalWordSwap,268,0.9982993602752686
infoxlm_base,microsoft/infoxlm-base,7,1LocalWordSwap,269,0.9547497630119324
infoxlm_base,microsoft/infoxlm-base,7,1LocalWordSwap,270,0.9317066669464111
infoxlm_base,microsoft/infoxlm-base,7,1LocalWordSwap,271,0.9137696623802185
infoxlm_base,microsoft/infoxlm-base,7,1LocalWordSwap,272,0.9494867324829102
infoxlm_base,microsoft/infoxlm-base,7,1LocalWordSwap,273,0.9128476977348328
infoxlm_base,microsoft/infoxlm-base,7,1LocalWordSwap,274,0.9438585638999939
infoxlm_base,microsoft/infoxlm-base,7,1LocalWordSwap,275,0.9232094883918762
infoxlm_base,microsoft/infoxlm-base,7,1LocalWordSwap,276,0.9354182481765747
infoxlm_base,microsoft/infoxlm-base,7,1LocalWordSwap,277,0.9979852437973022
infoxlm_base,microsoft/infoxlm-base,7,1LocalWordSwap,278,0.9212763905525208
infoxlm_base,microsoft/infoxlm-base,7,1LocalWordSwap,279,0.9430918097496033
infoxlm_base,microsoft/infoxlm-base,7,1LocalWordSwap,280,0.9236391186714172
infoxlm_base,microsoft/infoxlm-base,7,1LocalWordSwap,281,0.9368066191673279
infoxlm_base,microsoft/infoxlm-base,7,1LocalWordSwap,282,0.9249338507652283
infoxlm_base,microsoft/infoxlm-base,7,1LocalWordSwap,283,0.9393294453620911
infoxlm_base,microsoft/infoxlm-base,7,1LocalWordSwap,284,0.9271647334098816
infoxlm_base,microsoft/infoxlm-base,7,1LocalWordSwap,285,0.9376161098480225
infoxlm_base,microsoft/infoxlm-base,7,1LocalWordSwap,286,0.9248992800712585
infoxlm_base,microsoft/infoxlm-base,7,1LocalWordSwap,287,0.9933339953422546
infoxlm_base,microsoft/infoxlm-base,7,1LocalWordSwap,288,0.9405323266983032
infoxlm_base,microsoft/infoxlm-base,7,1LocalWordSwap,289,0.9258808493614197
infoxlm_base,microsoft/infoxlm-base,7,1LocalWordSwap,290,0.9575635194778442
infoxlm_base,microsoft/infoxlm-base,7,1LocalWordSwap,291,0.9167701005935669
infoxlm_base,microsoft/infoxlm-base,7,1LocalWordSwap,292,0.9473098516464233
infoxlm_base,microsoft/infoxlm-base,7,1LocalWordSwap,293,0.9379621148109436
infoxlm_base,microsoft/infoxlm-base,7,1LocalWordSwap,294,0.9345344305038452
infoxlm_base,microsoft/infoxlm-base,7,1LocalWordSwap,295,0.9180713891983032
infoxlm_base,microsoft/infoxlm-base,7,1LocalWordSwap,296,0.926738440990448
infoxlm_base,microsoft/infoxlm-base,7,1LocalWordSwap,297,0.9234527349472046
infoxlm_base,microsoft/infoxlm-base,7,1LocalWordSwap,298,0.9522107839584351
infoxlm_base,microsoft/infoxlm-base,7,1LocalWordSwap,299,0.92233806848526
infoxlm_base,microsoft/infoxlm-base,7,1LocalWordSwap,300,0.9222697019577026
infoxlm_base,microsoft/infoxlm-base,7,1LocalWordSwap,301,0.9246101975440979
infoxlm_base,microsoft/infoxlm-base,7,1LocalWordSwap,302,0.9963632225990295
infoxlm_base,microsoft/infoxlm-base,7,1LocalWordSwap,303,0.9195204973220825
infoxlm_base,microsoft/infoxlm-base,7,1LocalWordSwap,304,0.9438599944114685
infoxlm_base,microsoft/infoxlm-base,7,1LocalWordSwap,305,0.9277017116546631
infoxlm_base,microsoft/infoxlm-base,7,1LocalWordSwap,306,0.8948841094970703
infoxlm_base,microsoft/infoxlm-base,7,1LocalWordSwap,307,0.9422541856765747
infoxlm_base,microsoft/infoxlm-base,7,1LocalWordSwap,308,0.900455892086029
infoxlm_base,microsoft/infoxlm-base,7,1LocalWordSwap,309,0.9311025142669678
infoxlm_base,microsoft/infoxlm-base,7,1LocalWordSwap,310,0.9304287433624268
infoxlm_base,microsoft/infoxlm-base,7,1LocalWordSwap,311,0.9307328462600708
infoxlm_base,microsoft/infoxlm-base,7,1LocalWordSwap,312,0.9261288642883301
infoxlm_base,microsoft/infoxlm-base,7,1LocalWordSwap,313,0.9273711442947388
infoxlm_base,microsoft/infoxlm-base,7,1LocalWordSwap,314,0.9017856121063232
infoxlm_base,microsoft/infoxlm-base,7,1LocalWordSwap,315,0.9269847869873047
infoxlm_base,microsoft/infoxlm-base,7,1LocalWordSwap,316,0.9220247268676758
infoxlm_base,microsoft/infoxlm-base,7,1LocalWordSwap,317,0.9436330795288086
infoxlm_base,microsoft/infoxlm-base,7,1LocalWordSwap,318,0.9222120642662048
infoxlm_base,microsoft/infoxlm-base,7,1LocalWordSwap,319,0.9360232353210449
infoxlm_base,microsoft/infoxlm-base,7,1LocalWordSwap,320,0.9288906455039978
infoxlm_base,microsoft/infoxlm-base,7,1LocalWordSwap,321,0.9571995735168457
infoxlm_base,microsoft/infoxlm-base,7,1LocalWordSwap,322,0.9165436029434204
infoxlm_base,microsoft/infoxlm-base,7,1LocalWordSwap,323,0.9435031414031982
infoxlm_base,microsoft/infoxlm-base,7,1LocalWordSwap,324,0.9369879961013794
infoxlm_base,microsoft/infoxlm-base,7,1LocalWordSwap,325,0.9283848404884338
infoxlm_base,microsoft/infoxlm-base,7,1LocalWordSwap,326,0.9367243051528931
infoxlm_base,microsoft/infoxlm-base,7,1LocalWordSwap,327,0.9203540682792664
infoxlm_base,microsoft/infoxlm-base,7,1LocalWordSwap,328,0.9350583553314209
infoxlm_base,microsoft/infoxlm-base,7,1LocalWordSwap,329,0.9181163907051086
infoxlm_base,microsoft/infoxlm-base,7,1LocalWordSwap,330,0.9331276416778564
infoxlm_base,microsoft/infoxlm-base,7,1LocalWordSwap,331,0.9405109882354736
infoxlm_base,microsoft/infoxlm-base,7,1LocalWordSwap,332,0.9366920590400696
infoxlm_base,microsoft/infoxlm-base,7,1LocalWordSwap,333,0.9434984922409058
infoxlm_base,microsoft/infoxlm-base,7,1LocalWordSwap,334,0.9816169142723083
infoxlm_base,microsoft/infoxlm-base,7,1LocalWordSwap,335,0.9981657266616821
infoxlm_base,microsoft/infoxlm-base,7,1LocalWordSwap,336,0.9108926057815552
infoxlm_base,microsoft/infoxlm-base,7,1LocalWordSwap,337,0.9158329963684082
infoxlm_base,microsoft/infoxlm-base,7,1LocalWordSwap,338,0.9326106309890747
infoxlm_base,microsoft/infoxlm-base,7,1LocalWordSwap,339,0.9313209056854248
infoxlm_base,microsoft/infoxlm-base,7,1LocalWordSwap,340,0.9962160587310791
infoxlm_base,microsoft/infoxlm-base,7,1LocalWordSwap,341,0.9461085796356201
infoxlm_base,microsoft/infoxlm-base,7,1LocalWordSwap,342,0.9300590753555298
infoxlm_base,microsoft/infoxlm-base,7,1LocalWordSwap,343,0.93854820728302
infoxlm_base,microsoft/infoxlm-base,7,1LocalWordSwap,344,0.9352428913116455
infoxlm_base,microsoft/infoxlm-base,7,1LocalWordSwap,345,0.9235443472862244
infoxlm_base,microsoft/infoxlm-base,7,1LocalWordSwap,346,0.9255084991455078
infoxlm_base,microsoft/infoxlm-base,7,1LocalWordSwap,347,0.9214394092559814
infoxlm_base,microsoft/infoxlm-base,7,1LocalWordSwap,348,0.938964307308197
infoxlm_base,microsoft/infoxlm-base,7,1LocalWordSwap,349,0.9293746948242188
infoxlm_base,microsoft/infoxlm-base,7,1LocalWordSwap,350,0.9538678526878357
infoxlm_base,microsoft/infoxlm-base,7,1LocalWordSwap,351,0.9103769063949585
infoxlm_base,microsoft/infoxlm-base,7,1LocalWordSwap,352,0.9465277194976807
infoxlm_base,microsoft/infoxlm-base,7,1LocalWordSwap,353,0.9272503852844238
infoxlm_base,microsoft/infoxlm-base,7,1LocalWordSwap,354,0.9948557019233704
infoxlm_base,microsoft/infoxlm-base,7,1LocalWordSwap,355,0.9449445009231567
infoxlm_base,microsoft/infoxlm-base,7,1LocalWordSwap,356,0.9101952314376831
infoxlm_base,microsoft/infoxlm-base,7,1LocalWordSwap,357,0.9770768284797668
infoxlm_base,microsoft/infoxlm-base,7,1LocalWordSwap,358,0.9320647120475769
infoxlm_base,microsoft/infoxlm-base,7,1LocalWordSwap,359,0.9276741147041321
infoxlm_base,microsoft/infoxlm-base,7,1LocalWordSwap,360,0.923693060874939
infoxlm_base,microsoft/infoxlm-base,7,1LocalWordSwap,361,0.8871254920959473
infoxlm_base,microsoft/infoxlm-base,7,1LocalWordSwap,362,0.9980996251106262
infoxlm_base,microsoft/infoxlm-base,7,1LocalWordSwap,363,0.9559653997421265
infoxlm_base,microsoft/infoxlm-base,7,1LocalWordSwap,364,0.9304190278053284
infoxlm_base,microsoft/infoxlm-base,7,1LocalWordSwap,365,0.9176578521728516
infoxlm_base,microsoft/infoxlm-base,7,1LocalWordSwap,366,0.9957200288772583
infoxlm_base,microsoft/infoxlm-base,7,1LocalWordSwap,367,0.9197642803192139
infoxlm_base,microsoft/infoxlm-base,7,1LocalWordSwap,368,0.9481514096260071
infoxlm_base,microsoft/infoxlm-base,7,1LocalWordSwap,369,0.9553810358047485
infoxlm_base,microsoft/infoxlm-base,7,1LocalWordSwap,370,0.939838707447052
infoxlm_base,microsoft/infoxlm-base,7,1LocalWordSwap,371,0.9940334558486938
infoxlm_base,microsoft/infoxlm-base,7,1LocalWordSwap,372,0.9230492115020752
infoxlm_base,microsoft/infoxlm-base,7,1LocalWordSwap,373,0.9260465502738953
infoxlm_base,microsoft/infoxlm-base,7,1LocalWordSwap,374,0.9268243312835693
infoxlm_base,microsoft/infoxlm-base,7,1LocalWordSwap,375,0.9219348430633545
infoxlm_base,microsoft/infoxlm-base,7,1LocalWordSwap,376,0.9418560266494751
infoxlm_base,microsoft/infoxlm-base,7,1LocalWordSwap,377,0.9436265230178833
infoxlm_base,microsoft/infoxlm-base,7,1LocalWordSwap,378,0.9939999580383301
infoxlm_base,microsoft/infoxlm-base,7,1LocalWordSwap,379,0.9042409658432007
infoxlm_base,microsoft/infoxlm-base,7,1LocalWordSwap,380,0.9048368334770203
infoxlm_base,microsoft/infoxlm-base,7,1LocalWordSwap,381,0.950661301612854
infoxlm_base,microsoft/infoxlm-base,7,1LocalWordSwap,382,0.9195582270622253
infoxlm_base,microsoft/infoxlm-base,7,1LocalWordSwap,383,0.9448819160461426
infoxlm_base,microsoft/infoxlm-base,7,1LocalWordSwap,384,0.9377015829086304
infoxlm_base,microsoft/infoxlm-base,7,1LocalWordSwap,385,0.929331362247467
infoxlm_base,microsoft/infoxlm-base,7,1LocalWordSwap,386,0.9371340870857239
infoxlm_base,microsoft/infoxlm-base,7,1LocalWordSwap,387,0.9545193910598755
infoxlm_base,microsoft/infoxlm-base,7,1LocalWordSwap,388,0.9978339672088623
infoxlm_base,microsoft/infoxlm-base,7,1LocalWordSwap,389,0.9325619339942932
infoxlm_base,microsoft/infoxlm-base,7,1LocalWordSwap,390,0.9345312714576721
infoxlm_base,microsoft/infoxlm-base,7,1LocalWordSwap,391,0.9435794353485107
infoxlm_base,microsoft/infoxlm-base,7,1LocalWordSwap,392,0.9413859248161316
infoxlm_base,microsoft/infoxlm-base,7,1LocalWordSwap,393,0.9290794134140015
infoxlm_base,microsoft/infoxlm-base,7,1LocalWordSwap,394,0.9391499757766724
infoxlm_base,microsoft/infoxlm-base,7,1LocalWordSwap,395,0.9172284007072449
infoxlm_base,microsoft/infoxlm-base,7,1LocalWordSwap,396,0.8899233341217041
infoxlm_base,microsoft/infoxlm-base,7,1LocalWordSwap,397,0.9961562752723694
infoxlm_base,microsoft/infoxlm-base,7,1LocalWordSwap,398,0.9282273054122925
infoxlm_base,microsoft/infoxlm-base,7,1LocalWordSwap,399,0.9183675050735474
infoxlm_base,microsoft/infoxlm-base,7,1LocalWordSwap,400,0.9016396999359131
infoxlm_base,microsoft/infoxlm-base,7,1LocalWordSwap,401,0.9334102869033813
infoxlm_base,microsoft/infoxlm-base,7,1LocalWordSwap,402,0.940963864326477
infoxlm_base,microsoft/infoxlm-base,7,1LocalWordSwap,403,0.9934598803520203
infoxlm_base,microsoft/infoxlm-base,7,1LocalWordSwap,404,0.934170663356781
infoxlm_base,microsoft/infoxlm-base,7,1LocalWordSwap,405,0.9365066885948181
infoxlm_base,microsoft/infoxlm-base,7,1LocalWordSwap,406,0.9397678971290588
infoxlm_base,microsoft/infoxlm-base,7,1LocalWordSwap,407,0.9186556935310364
infoxlm_base,microsoft/infoxlm-base,7,1LocalWordSwap,408,0.9991779327392578
infoxlm_base,microsoft/infoxlm-base,7,1LocalWordSwap,409,0.995284914970398
infoxlm_base,microsoft/infoxlm-base,7,1LocalWordSwap,410,0.9378072023391724
infoxlm_base,microsoft/infoxlm-base,7,1LocalWordSwap,411,0.9274460673332214
infoxlm_base,microsoft/infoxlm-base,7,1LocalWordSwap,412,0.9131708145141602
infoxlm_base,microsoft/infoxlm-base,7,1LocalWordSwap,413,0.9485201835632324
infoxlm_base,microsoft/infoxlm-base,7,1LocalWordSwap,414,0.9353941679000854
infoxlm_base,microsoft/infoxlm-base,7,1LocalWordSwap,415,0.9391171932220459
infoxlm_base,microsoft/infoxlm-base,7,1LocalWordSwap,416,0.9349023103713989
infoxlm_base,microsoft/infoxlm-base,7,1LocalWordSwap,417,0.9529147148132324
infoxlm_base,microsoft/infoxlm-base,7,1LocalWordSwap,418,0.9282094240188599
infoxlm_base,microsoft/infoxlm-base,7,1LocalWordSwap,419,0.9272796511650085
infoxlm_base,microsoft/infoxlm-base,7,1LocalWordSwap,420,0.9333630204200745
infoxlm_base,microsoft/infoxlm-base,7,1LocalWordSwap,421,0.9228893518447876
infoxlm_base,microsoft/infoxlm-base,7,1LocalWordSwap,422,0.9146696329116821
infoxlm_base,microsoft/infoxlm-base,7,1LocalWordSwap,423,0.9115206599235535
infoxlm_base,microsoft/infoxlm-base,7,1LocalWordSwap,424,0.9355379343032837
infoxlm_base,microsoft/infoxlm-base,7,1LocalWordSwap,425,0.9958248138427734
infoxlm_base,microsoft/infoxlm-base,7,1LocalWordSwap,426,0.9500433206558228
infoxlm_base,microsoft/infoxlm-base,7,1LocalWordSwap,427,0.9150658845901489
infoxlm_base,microsoft/infoxlm-base,7,1LocalWordSwap,428,0.9370080232620239
infoxlm_base,microsoft/infoxlm-base,7,1LocalWordSwap,429,0.9425759315490723
infoxlm_base,microsoft/infoxlm-base,7,1LocalWordSwap,430,0.9471489787101746
infoxlm_base,microsoft/infoxlm-base,7,1LocalWordSwap,431,0.9309725761413574
infoxlm_base,microsoft/infoxlm-base,7,1LocalWordSwap,432,0.945879340171814
infoxlm_base,microsoft/infoxlm-base,7,1LocalWordSwap,433,0.9471375942230225
infoxlm_base,microsoft/infoxlm-base,7,1LocalWordSwap,434,0.9133799076080322
infoxlm_base,microsoft/infoxlm-base,7,1LocalWordSwap,435,0.9278534054756165
infoxlm_base,microsoft/infoxlm-base,7,1LocalWordSwap,436,0.922907829284668
infoxlm_base,microsoft/infoxlm-base,7,1LocalWordSwap,437,0.945558488368988
infoxlm_base,microsoft/infoxlm-base,7,1LocalWordSwap,438,0.9304916858673096
infoxlm_base,microsoft/infoxlm-base,7,1LocalWordSwap,439,0.9478613138198853
infoxlm_base,microsoft/infoxlm-base,7,1LocalWordSwap,440,0.996958315372467
infoxlm_base,microsoft/infoxlm-base,7,1LocalWordSwap,441,0.9299322366714478
infoxlm_base,microsoft/infoxlm-base,7,1LocalWordSwap,442,0.9475252032279968
infoxlm_base,microsoft/infoxlm-base,7,1LocalWordSwap,443,0.942055344581604
infoxlm_base,microsoft/infoxlm-base,7,1LocalWordSwap,444,0.932476818561554
infoxlm_base,microsoft/infoxlm-base,7,1LocalWordSwap,445,0.9323461651802063
infoxlm_base,microsoft/infoxlm-base,7,1LocalWordSwap,446,0.9299886226654053
infoxlm_base,microsoft/infoxlm-base,7,1LocalWordSwap,447,0.998049259185791
infoxlm_base,microsoft/infoxlm-base,7,1LocalWordSwap,448,0.9208465218544006
infoxlm_base,microsoft/infoxlm-base,7,1LocalWordSwap,449,0.9228731393814087
infoxlm_base,microsoft/infoxlm-base,7,1LocalWordSwap,450,0.9439080953598022
infoxlm_base,microsoft/infoxlm-base,7,1LocalWordSwap,451,0.9525923132896423
infoxlm_base,microsoft/infoxlm-base,7,1LocalWordSwap,452,0.9977794885635376
infoxlm_base,microsoft/infoxlm-base,7,1LocalWordSwap,453,0.928046464920044
infoxlm_base,microsoft/infoxlm-base,7,1LocalWordSwap,454,0.9260584712028503
infoxlm_base,microsoft/infoxlm-base,7,1LocalWordSwap,455,0.9233906865119934
infoxlm_base,microsoft/infoxlm-base,7,1LocalWordSwap,456,0.9483765363693237
infoxlm_base,microsoft/infoxlm-base,7,1LocalWordSwap,457,0.93149733543396
infoxlm_base,microsoft/infoxlm-base,7,1LocalWordSwap,458,0.9349747896194458
infoxlm_base,microsoft/infoxlm-base,7,1LocalWordSwap,459,0.9975259304046631
infoxlm_base,microsoft/infoxlm-base,7,1LocalWordSwap,460,0.9373316764831543
infoxlm_base,microsoft/infoxlm-base,7,1LocalWordSwap,461,0.9451138973236084
infoxlm_base,microsoft/infoxlm-base,7,1LocalWordSwap,462,0.9345798492431641
infoxlm_base,microsoft/infoxlm-base,7,1LocalWordSwap,463,0.9180179834365845
infoxlm_base,microsoft/infoxlm-base,7,1LocalWordSwap,464,0.9578098058700562
infoxlm_base,microsoft/infoxlm-base,7,1LocalWordSwap,465,0.9165928959846497
infoxlm_base,microsoft/infoxlm-base,7,1LocalWordSwap,466,0.9303959608078003
infoxlm_base,microsoft/infoxlm-base,7,1LocalWordSwap,467,0.9242802262306213
infoxlm_base,microsoft/infoxlm-base,7,1LocalWordSwap,468,0.9400662779808044
infoxlm_base,microsoft/infoxlm-base,7,1LocalWordSwap,469,0.922876238822937
infoxlm_base,microsoft/infoxlm-base,7,1LocalWordSwap,470,0.9273921847343445
infoxlm_base,microsoft/infoxlm-base,7,1LocalWordSwap,471,0.9277479648590088
infoxlm_base,microsoft/infoxlm-base,7,1LocalWordSwap,472,0.9088270664215088
infoxlm_base,microsoft/infoxlm-base,7,1LocalWordSwap,473,0.9006357789039612
infoxlm_base,microsoft/infoxlm-base,7,1LocalWordSwap,474,0.99631667137146
infoxlm_base,microsoft/infoxlm-base,7,1LocalWordSwap,475,0.9981603026390076
infoxlm_base,microsoft/infoxlm-base,7,1LocalWordSwap,476,0.9987131953239441
infoxlm_base,microsoft/infoxlm-base,7,1LocalWordSwap,477,0.9535481333732605
infoxlm_base,microsoft/infoxlm-base,7,1LocalWordSwap,478,0.9261878728866577
infoxlm_base,microsoft/infoxlm-base,7,1LocalWordSwap,479,0.9982866048812866
infoxlm_base,microsoft/infoxlm-base,7,1LocalWordSwap,480,0.9235382676124573
infoxlm_base,microsoft/infoxlm-base,7,1LocalWordSwap,481,0.9183536171913147
infoxlm_base,microsoft/infoxlm-base,7,1LocalWordSwap,482,0.9277841448783875
infoxlm_base,microsoft/infoxlm-base,7,1LocalWordSwap,483,0.9328382611274719
infoxlm_base,microsoft/infoxlm-base,7,1LocalWordSwap,484,0.9344478845596313
infoxlm_base,microsoft/infoxlm-base,7,1LocalWordSwap,485,0.9326866865158081
infoxlm_base,microsoft/infoxlm-base,7,1LocalWordSwap,486,0.9430436491966248
infoxlm_base,microsoft/infoxlm-base,7,1LocalWordSwap,487,0.9342293739318848
infoxlm_base,microsoft/infoxlm-base,7,1LocalWordSwap,488,0.9468878507614136
infoxlm_base,microsoft/infoxlm-base,7,1LocalWordSwap,489,0.9342902302742004
infoxlm_base,microsoft/infoxlm-base,7,1LocalWordSwap,490,0.936948835849762
infoxlm_base,microsoft/infoxlm-base,7,1LocalWordSwap,491,0.9363879561424255
infoxlm_base,microsoft/infoxlm-base,7,1LocalWordSwap,492,0.9315353035926819
infoxlm_base,microsoft/infoxlm-base,7,1LocalWordSwap,493,0.9994693398475647
infoxlm_base,microsoft/infoxlm-base,7,1LocalWordSwap,494,0.932636022567749
infoxlm_base,microsoft/infoxlm-base,7,1LocalWordSwap,495,0.9228581190109253
infoxlm_base,microsoft/infoxlm-base,7,1LocalWordSwap,496,0.9382671117782593
infoxlm_base,microsoft/infoxlm-base,7,1LocalWordSwap,497,0.9205349683761597
infoxlm_base,microsoft/infoxlm-base,7,1LocalWordSwap,498,0.9511930346488953
infoxlm_base,microsoft/infoxlm-base,7,1LocalWordSwap,499,0.9355714321136475
infoxlm_base,microsoft/infoxlm-base,7,1LocalWordSwap,500,0.9940573573112488
infoxlm_base,microsoft/infoxlm-base,7,1LocalWordSwap,501,0.9512100219726562
infoxlm_base,microsoft/infoxlm-base,7,1LocalWordSwap,502,0.935282826423645
infoxlm_base,microsoft/infoxlm-base,7,1LocalWordSwap,503,0.9330199360847473
infoxlm_base,microsoft/infoxlm-base,7,1LocalWordSwap,504,0.917446494102478
infoxlm_base,microsoft/infoxlm-base,7,1LocalWordSwap,505,0.9494055509567261
infoxlm_base,microsoft/infoxlm-base,7,1LocalWordSwap,506,0.9405090808868408
infoxlm_base,microsoft/infoxlm-base,7,1LocalWordSwap,507,0.9094954133033752
infoxlm_base,microsoft/infoxlm-base,7,1LocalWordSwap,508,0.8895062804222107
infoxlm_base,microsoft/infoxlm-base,7,1LocalWordSwap,509,0.9267993569374084
infoxlm_base,microsoft/infoxlm-base,7,1LocalWordSwap,510,0.9962095618247986
infoxlm_base,microsoft/infoxlm-base,7,1LocalWordSwap,511,0.938602864742279
infoxlm_base,microsoft/infoxlm-base,7,1LocalWordSwap,512,0.9623461365699768
infoxlm_base,microsoft/infoxlm-base,7,1LocalWordSwap,513,0.9343580007553101
infoxlm_base,microsoft/infoxlm-base,7,1LocalWordSwap,514,0.9424915909767151
infoxlm_base,microsoft/infoxlm-base,7,1LocalWordSwap,515,0.952028751373291
infoxlm_base,microsoft/infoxlm-base,7,1LocalWordSwap,516,0.9305331707000732
infoxlm_base,microsoft/infoxlm-base,7,1LocalWordSwap,517,0.9173581600189209
infoxlm_base,microsoft/infoxlm-base,7,1LocalWordSwap,518,0.9439249634742737
infoxlm_base,microsoft/infoxlm-base,7,1LocalWordSwap,519,0.9919289350509644
infoxlm_base,microsoft/infoxlm-base,7,1LocalWordSwap,520,0.9317560195922852
infoxlm_base,microsoft/infoxlm-base,7,1LocalWordSwap,521,0.9948054552078247
infoxlm_base,microsoft/infoxlm-base,7,1LocalWordSwap,522,0.9432971477508545
infoxlm_base,microsoft/infoxlm-base,7,1LocalWordSwap,523,0.9494675993919373
infoxlm_base,microsoft/infoxlm-base,7,1LocalWordSwap,524,0.9271612167358398
infoxlm_base,microsoft/infoxlm-base,7,1LocalWordSwap,525,0.9321616888046265
infoxlm_base,microsoft/infoxlm-base,7,1LocalWordSwap,526,0.9384937286376953
infoxlm_base,microsoft/infoxlm-base,7,1LocalWordSwap,527,0.9243192076683044
infoxlm_base,microsoft/infoxlm-base,7,1LocalWordSwap,528,0.919619083404541
infoxlm_base,microsoft/infoxlm-base,7,1LocalWordSwap,529,0.9273983240127563
infoxlm_base,microsoft/infoxlm-base,7,1LocalWordSwap,530,0.9351375699043274
infoxlm_base,microsoft/infoxlm-base,7,1LocalWordSwap,531,0.9582601189613342
infoxlm_base,microsoft/infoxlm-base,7,1LocalWordSwap,532,0.9570103287696838
infoxlm_base,microsoft/infoxlm-base,7,1LocalWordSwap,533,0.9195239543914795
infoxlm_base,microsoft/infoxlm-base,7,1LocalWordSwap,534,0.9515236616134644
infoxlm_base,microsoft/infoxlm-base,7,1LocalWordSwap,535,0.9410554766654968
infoxlm_base,microsoft/infoxlm-base,7,1LocalWordSwap,536,0.9426244497299194
infoxlm_base,microsoft/infoxlm-base,7,1LocalWordSwap,537,0.9970073103904724
infoxlm_base,microsoft/infoxlm-base,7,1LocalWordSwap,538,0.9361736178398132
infoxlm_base,microsoft/infoxlm-base,7,1LocalWordSwap,539,0.9330487251281738
infoxlm_base,microsoft/infoxlm-base,7,1LocalWordSwap,540,0.9298257827758789
infoxlm_base,microsoft/infoxlm-base,7,1LocalWordSwap,541,0.9232437610626221
infoxlm_base,microsoft/infoxlm-base,7,1LocalWordSwap,542,0.9297645092010498
infoxlm_base,microsoft/infoxlm-base,7,1LocalWordSwap,543,0.998055636882782
infoxlm_base,microsoft/infoxlm-base,7,1LocalWordSwap,544,0.9435067176818848
infoxlm_base,microsoft/infoxlm-base,7,1LocalWordSwap,545,0.9399963021278381
infoxlm_base,microsoft/infoxlm-base,7,1LocalWordSwap,546,0.9254825115203857
infoxlm_base,microsoft/infoxlm-base,7,1LocalWordSwap,547,0.9108200669288635
infoxlm_base,microsoft/infoxlm-base,7,1LocalWordSwap,548,0.9113321304321289
infoxlm_base,microsoft/infoxlm-base,7,1LocalWordSwap,549,0.9215469360351562
infoxlm_base,microsoft/infoxlm-base,7,1LocalWordSwap,550,0.9063347578048706
infoxlm_base,microsoft/infoxlm-base,7,1LocalWordSwap,551,0.9289373159408569
infoxlm_base,microsoft/infoxlm-base,7,1LocalWordSwap,552,0.9140353798866272
infoxlm_base,microsoft/infoxlm-base,7,1LocalWordSwap,553,0.9266222715377808
infoxlm_base,microsoft/infoxlm-base,7,1LocalWordSwap,554,0.9333589673042297
infoxlm_base,microsoft/infoxlm-base,7,1LocalWordSwap,555,0.9172351360321045
infoxlm_base,microsoft/infoxlm-base,7,1LocalWordSwap,556,0.995930552482605
infoxlm_base,microsoft/infoxlm-base,7,1LocalWordSwap,557,0.9402000904083252
infoxlm_base,microsoft/infoxlm-base,7,1LocalWordSwap,558,0.9107341170310974
infoxlm_base,microsoft/infoxlm-base,7,1LocalWordSwap,559,0.9442875385284424
infoxlm_base,microsoft/infoxlm-base,7,1LocalWordSwap,560,0.9966054558753967
infoxlm_base,microsoft/infoxlm-base,7,1LocalWordSwap,561,0.9187847375869751
infoxlm_base,microsoft/infoxlm-base,7,1LocalWordSwap,562,0.9349534511566162
infoxlm_base,microsoft/infoxlm-base,7,1LocalWordSwap,563,0.9392330050468445
infoxlm_base,microsoft/infoxlm-base,7,1LocalWordSwap,564,0.9253631830215454
infoxlm_base,microsoft/infoxlm-base,7,1LocalWordSwap,565,0.9346222877502441
infoxlm_base,microsoft/infoxlm-base,7,1LocalWordSwap,566,0.9957919120788574
infoxlm_base,microsoft/infoxlm-base,7,1LocalWordSwap,567,0.9312016367912292
infoxlm_base,microsoft/infoxlm-base,7,1LocalWordSwap,568,0.9244247078895569
infoxlm_base,microsoft/infoxlm-base,7,1LocalWordSwap,569,0.99397873878479
infoxlm_base,microsoft/infoxlm-base,7,1LocalWordSwap,570,0.9997842907905579
infoxlm_base,microsoft/infoxlm-base,7,1LocalWordSwap,571,0.9525400400161743
infoxlm_base,microsoft/infoxlm-base,7,1LocalWordSwap,572,0.9356237649917603
infoxlm_base,microsoft/infoxlm-base,7,1LocalWordSwap,573,0.930259108543396
infoxlm_base,microsoft/infoxlm-base,7,1LocalWordSwap,574,0.941418468952179
infoxlm_base,microsoft/infoxlm-base,7,1LocalWordSwap,575,0.9151026606559753
infoxlm_base,microsoft/infoxlm-base,7,1LocalWordSwap,576,0.9202817678451538
infoxlm_base,microsoft/infoxlm-base,7,1LocalWordSwap,577,0.9697540998458862
infoxlm_base,microsoft/infoxlm-base,7,1LocalWordSwap,578,0.9380850195884705
infoxlm_base,microsoft/infoxlm-base,7,1LocalWordSwap,579,0.9973185062408447
infoxlm_base,microsoft/infoxlm-base,7,1LocalWordSwap,580,0.9410451054573059
infoxlm_base,microsoft/infoxlm-base,7,1LocalWordSwap,581,0.9254510998725891
infoxlm_base,microsoft/infoxlm-base,7,1LocalWordSwap,582,0.94379723072052
infoxlm_base,microsoft/infoxlm-base,7,1LocalWordSwap,583,0.9289474487304688
infoxlm_base,microsoft/infoxlm-base,7,1LocalWordSwap,584,0.9988247752189636
infoxlm_base,microsoft/infoxlm-base,7,1LocalWordSwap,585,0.9339322447776794
infoxlm_base,microsoft/infoxlm-base,7,1LocalWordSwap,586,0.9334986805915833
infoxlm_base,microsoft/infoxlm-base,7,1LocalWordSwap,587,0.9389014840126038
infoxlm_base,microsoft/infoxlm-base,7,1LocalWordSwap,588,0.9262841939926147
infoxlm_base,microsoft/infoxlm-base,7,1LocalWordSwap,589,0.9970513582229614
infoxlm_base,microsoft/infoxlm-base,7,1LocalWordSwap,590,0.9596878290176392
infoxlm_base,microsoft/infoxlm-base,7,1LocalWordSwap,591,0.9250566959381104
infoxlm_base,microsoft/infoxlm-base,7,1LocalWordSwap,592,0.956067681312561
infoxlm_base,microsoft/infoxlm-base,7,1LocalWordSwap,593,0.9441235661506653
infoxlm_base,microsoft/infoxlm-base,7,1LocalWordSwap,594,0.9396997094154358
infoxlm_base,microsoft/infoxlm-base,7,1LocalWordSwap,595,0.9859797358512878
infoxlm_base,microsoft/infoxlm-base,7,1LocalWordSwap,596,0.998865008354187
infoxlm_base,microsoft/infoxlm-base,7,1LocalWordSwap,597,0.936263382434845
infoxlm_base,microsoft/infoxlm-base,7,1LocalWordSwap,598,0.9125574827194214
infoxlm_base,microsoft/infoxlm-base,7,1LocalWordSwap,599,0.9669904112815857
infoxlm_base,microsoft/infoxlm-base,7,1LocalWordSwap,600,0.9233818650245667
infoxlm_base,microsoft/infoxlm-base,7,1LocalWordSwap,601,0.9234737157821655
infoxlm_base,microsoft/infoxlm-base,7,1LocalWordSwap,602,0.9271408319473267
infoxlm_base,microsoft/infoxlm-base,7,1LocalWordSwap,603,0.9333292841911316
infoxlm_base,microsoft/infoxlm-base,7,1LocalWordSwap,604,0.9535986185073853
infoxlm_base,microsoft/infoxlm-base,7,1LocalWordSwap,605,0.9362850189208984
infoxlm_base,microsoft/infoxlm-base,7,1LocalWordSwap,606,0.9248561263084412
infoxlm_base,microsoft/infoxlm-base,7,1LocalWordSwap,607,0.9408369064331055
infoxlm_base,microsoft/infoxlm-base,7,1LocalWordSwap,608,0.9048231244087219
infoxlm_base,microsoft/infoxlm-base,7,1LocalWordSwap,609,0.9563518166542053
infoxlm_base,microsoft/infoxlm-base,7,1LocalWordSwap,610,0.9298240542411804
infoxlm_base,microsoft/infoxlm-base,7,1LocalWordSwap,611,0.9301838278770447
infoxlm_base,microsoft/infoxlm-base,7,1LocalWordSwap,612,0.9418391585350037
infoxlm_base,microsoft/infoxlm-base,7,1LocalWordSwap,613,0.9191506505012512
infoxlm_base,microsoft/infoxlm-base,7,1LocalWordSwap,614,0.9501193761825562
infoxlm_base,microsoft/infoxlm-base,7,1LocalWordSwap,615,0.9985501766204834
infoxlm_base,microsoft/infoxlm-base,7,1LocalWordSwap,616,0.9614620208740234
infoxlm_base,microsoft/infoxlm-base,7,1LocalWordSwap,617,0.92153400182724
infoxlm_base,microsoft/infoxlm-base,7,1LocalWordSwap,618,0.9308505058288574
infoxlm_base,microsoft/infoxlm-base,7,1LocalWordSwap,619,0.9338550567626953
infoxlm_base,microsoft/infoxlm-base,7,1LocalWordSwap,620,0.9992875456809998
infoxlm_base,microsoft/infoxlm-base,7,1LocalWordSwap,621,0.9250295162200928
infoxlm_base,microsoft/infoxlm-base,7,1LocalWordSwap,622,0.9979187250137329
infoxlm_base,microsoft/infoxlm-base,7,1LocalWordSwap,623,0.9309320449829102
infoxlm_base,microsoft/infoxlm-base,7,1LocalWordSwap,624,0.9286355376243591
infoxlm_base,microsoft/infoxlm-base,7,1LocalWordSwap,625,0.9335189461708069
infoxlm_base,microsoft/infoxlm-base,7,1LocalWordSwap,626,0.9968117475509644
infoxlm_base,microsoft/infoxlm-base,7,2LocalWordSwap,0,0.9234456419944763
infoxlm_base,microsoft/infoxlm-base,7,2LocalWordSwap,1,0.9139940142631531
infoxlm_base,microsoft/infoxlm-base,7,2LocalWordSwap,2,0.9388971328735352
infoxlm_base,microsoft/infoxlm-base,7,2LocalWordSwap,3,0.9664965867996216
infoxlm_base,microsoft/infoxlm-base,7,2LocalWordSwap,4,0.930932879447937
infoxlm_base,microsoft/infoxlm-base,7,2LocalWordSwap,5,0.9340941309928894
infoxlm_base,microsoft/infoxlm-base,7,2LocalWordSwap,6,0.9400060176849365
infoxlm_base,microsoft/infoxlm-base,7,2LocalWordSwap,7,0.9949542880058289
infoxlm_base,microsoft/infoxlm-base,7,2LocalWordSwap,8,0.908108651638031
infoxlm_base,microsoft/infoxlm-base,7,2LocalWordSwap,9,0.9375156760215759
infoxlm_base,microsoft/infoxlm-base,7,2LocalWordSwap,10,0.9072540998458862
infoxlm_base,microsoft/infoxlm-base,7,2LocalWordSwap,11,0.955552339553833
infoxlm_base,microsoft/infoxlm-base,7,2LocalWordSwap,12,0.9083259701728821
infoxlm_base,microsoft/infoxlm-base,7,2LocalWordSwap,13,0.9464799761772156
infoxlm_base,microsoft/infoxlm-base,7,2LocalWordSwap,14,0.9287615418434143
infoxlm_base,microsoft/infoxlm-base,7,2LocalWordSwap,15,0.9524526596069336
infoxlm_base,microsoft/infoxlm-base,7,2LocalWordSwap,16,0.9024922251701355
infoxlm_base,microsoft/infoxlm-base,7,2LocalWordSwap,17,0.9342466592788696
infoxlm_base,microsoft/infoxlm-base,7,2LocalWordSwap,18,0.948776125907898
infoxlm_base,microsoft/infoxlm-base,7,2LocalWordSwap,19,0.9906569719314575
infoxlm_base,microsoft/infoxlm-base,7,2LocalWordSwap,20,0.9137907028198242
infoxlm_base,microsoft/infoxlm-base,7,2LocalWordSwap,21,0.9551843404769897
infoxlm_base,microsoft/infoxlm-base,7,2LocalWordSwap,22,0.9311544895172119
infoxlm_base,microsoft/infoxlm-base,7,2LocalWordSwap,23,0.9407167434692383
infoxlm_base,microsoft/infoxlm-base,7,2LocalWordSwap,24,0.9326795339584351
infoxlm_base,microsoft/infoxlm-base,7,2LocalWordSwap,25,0.9262072443962097
infoxlm_base,microsoft/infoxlm-base,7,2LocalWordSwap,26,0.9153669476509094
infoxlm_base,microsoft/infoxlm-base,7,2LocalWordSwap,27,0.9213802814483643
infoxlm_base,microsoft/infoxlm-base,7,2LocalWordSwap,28,0.9405978918075562
infoxlm_base,microsoft/infoxlm-base,7,2LocalWordSwap,29,0.9425071477890015
infoxlm_base,microsoft/infoxlm-base,7,2LocalWordSwap,30,0.9301953315734863
infoxlm_base,microsoft/infoxlm-base,7,2LocalWordSwap,31,0.9943849444389343
infoxlm_base,microsoft/infoxlm-base,7,2LocalWordSwap,32,0.9355940818786621
infoxlm_base,microsoft/infoxlm-base,7,2LocalWordSwap,33,0.9137173891067505
infoxlm_base,microsoft/infoxlm-base,7,2LocalWordSwap,34,0.9361461400985718
infoxlm_base,microsoft/infoxlm-base,7,2LocalWordSwap,35,0.9115890264511108
infoxlm_base,microsoft/infoxlm-base,7,2LocalWordSwap,36,0.9448481798171997
infoxlm_base,microsoft/infoxlm-base,7,2LocalWordSwap,37,0.9210607409477234
infoxlm_base,microsoft/infoxlm-base,7,2LocalWordSwap,38,0.9207764863967896
infoxlm_base,microsoft/infoxlm-base,7,2LocalWordSwap,39,0.947576642036438
infoxlm_base,microsoft/infoxlm-base,7,2LocalWordSwap,40,0.9370061159133911
infoxlm_base,microsoft/infoxlm-base,7,2LocalWordSwap,41,0.9450341463088989
infoxlm_base,microsoft/infoxlm-base,7,2LocalWordSwap,42,0.9594560861587524
infoxlm_base,microsoft/infoxlm-base,7,2LocalWordSwap,43,0.9303578734397888
infoxlm_base,microsoft/infoxlm-base,7,2LocalWordSwap,44,0.9203445911407471
infoxlm_base,microsoft/infoxlm-base,7,2LocalWordSwap,45,0.9398325085639954
infoxlm_base,microsoft/infoxlm-base,7,2LocalWordSwap,46,0.92859947681427
infoxlm_base,microsoft/infoxlm-base,7,2LocalWordSwap,47,0.9636574983596802
infoxlm_base,microsoft/infoxlm-base,7,2LocalWordSwap,48,0.9589413404464722
infoxlm_base,microsoft/infoxlm-base,7,2LocalWordSwap,49,0.9905248284339905
infoxlm_base,microsoft/infoxlm-base,7,2LocalWordSwap,50,0.9350792765617371
infoxlm_base,microsoft/infoxlm-base,7,2LocalWordSwap,51,0.9290590286254883
infoxlm_base,microsoft/infoxlm-base,7,2LocalWordSwap,52,0.9227061867713928
infoxlm_base,microsoft/infoxlm-base,7,2LocalWordSwap,53,0.9379088282585144
infoxlm_base,microsoft/infoxlm-base,7,2LocalWordSwap,54,0.9800502061843872
infoxlm_base,microsoft/infoxlm-base,7,2LocalWordSwap,55,0.9275041222572327
infoxlm_base,microsoft/infoxlm-base,7,2LocalWordSwap,56,0.9314594268798828
infoxlm_base,microsoft/infoxlm-base,7,2LocalWordSwap,57,0.9333076477050781
infoxlm_base,microsoft/infoxlm-base,7,2LocalWordSwap,58,0.952446699142456
infoxlm_base,microsoft/infoxlm-base,7,2LocalWordSwap,59,0.9142709970474243
infoxlm_base,microsoft/infoxlm-base,7,2LocalWordSwap,60,0.9335824251174927
infoxlm_base,microsoft/infoxlm-base,7,2LocalWordSwap,61,0.8916015028953552
infoxlm_base,microsoft/infoxlm-base,7,2LocalWordSwap,62,0.9226629734039307
infoxlm_base,microsoft/infoxlm-base,7,2LocalWordSwap,63,0.948357343673706
infoxlm_base,microsoft/infoxlm-base,7,2LocalWordSwap,64,0.9269315004348755
infoxlm_base,microsoft/infoxlm-base,7,2LocalWordSwap,65,0.9407618641853333
infoxlm_base,microsoft/infoxlm-base,7,2LocalWordSwap,66,0.923841118812561
infoxlm_base,microsoft/infoxlm-base,7,2LocalWordSwap,67,0.9330215454101562
infoxlm_base,microsoft/infoxlm-base,7,2LocalWordSwap,68,0.9909083247184753
infoxlm_base,microsoft/infoxlm-base,7,2LocalWordSwap,69,0.9411341547966003
infoxlm_base,microsoft/infoxlm-base,7,2LocalWordSwap,70,0.9351263046264648
infoxlm_base,microsoft/infoxlm-base,7,2LocalWordSwap,71,0.9313058853149414
infoxlm_base,microsoft/infoxlm-base,7,2LocalWordSwap,72,0.9418336153030396
infoxlm_base,microsoft/infoxlm-base,7,2LocalWordSwap,73,0.9163497090339661
infoxlm_base,microsoft/infoxlm-base,7,2LocalWordSwap,74,0.9352090358734131
infoxlm_base,microsoft/infoxlm-base,7,2LocalWordSwap,75,0.9254900217056274
infoxlm_base,microsoft/infoxlm-base,7,2LocalWordSwap,76,0.9141819477081299
infoxlm_base,microsoft/infoxlm-base,7,2LocalWordSwap,77,0.9327494502067566
infoxlm_base,microsoft/infoxlm-base,7,2LocalWordSwap,78,0.9251862168312073
infoxlm_base,microsoft/infoxlm-base,7,2LocalWordSwap,79,0.9447814226150513
infoxlm_base,microsoft/infoxlm-base,7,2LocalWordSwap,80,0.93755704164505
infoxlm_base,microsoft/infoxlm-base,7,2LocalWordSwap,81,0.9416157007217407
infoxlm_base,microsoft/infoxlm-base,7,2LocalWordSwap,82,0.9569423794746399
infoxlm_base,microsoft/infoxlm-base,7,2LocalWordSwap,83,0.9272246956825256
infoxlm_base,microsoft/infoxlm-base,7,2LocalWordSwap,84,0.9421530365943909
infoxlm_base,microsoft/infoxlm-base,7,2LocalWordSwap,85,0.9414424896240234
infoxlm_base,microsoft/infoxlm-base,7,2LocalWordSwap,86,0.9237138032913208
infoxlm_base,microsoft/infoxlm-base,7,2LocalWordSwap,87,0.9274439811706543
infoxlm_base,microsoft/infoxlm-base,7,2LocalWordSwap,88,0.9262891411781311
infoxlm_base,microsoft/infoxlm-base,7,2LocalWordSwap,89,0.9398113489151001
infoxlm_base,microsoft/infoxlm-base,7,2LocalWordSwap,90,0.9545830488204956
infoxlm_base,microsoft/infoxlm-base,7,2LocalWordSwap,91,0.9455785155296326
infoxlm_base,microsoft/infoxlm-base,7,2LocalWordSwap,92,0.9310389757156372
infoxlm_base,microsoft/infoxlm-base,7,2LocalWordSwap,93,0.9980930685997009
infoxlm_base,microsoft/infoxlm-base,7,2LocalWordSwap,94,0.908362090587616
infoxlm_base,microsoft/infoxlm-base,7,2LocalWordSwap,95,0.9176905751228333
infoxlm_base,microsoft/infoxlm-base,7,2LocalWordSwap,96,0.9786505699157715
infoxlm_base,microsoft/infoxlm-base,7,2LocalWordSwap,97,0.9183392524719238
infoxlm_base,microsoft/infoxlm-base,7,2LocalWordSwap,98,0.9935122132301331
infoxlm_base,microsoft/infoxlm-base,7,2LocalWordSwap,99,0.9973281621932983
infoxlm_base,microsoft/infoxlm-base,7,2LocalWordSwap,100,0.9939674735069275
infoxlm_base,microsoft/infoxlm-base,7,2LocalWordSwap,101,0.935402512550354
infoxlm_base,microsoft/infoxlm-base,7,2LocalWordSwap,102,0.9409211874008179
infoxlm_base,microsoft/infoxlm-base,7,2LocalWordSwap,103,0.9886795878410339
infoxlm_base,microsoft/infoxlm-base,7,2LocalWordSwap,104,0.926257848739624
infoxlm_base,microsoft/infoxlm-base,7,2LocalWordSwap,105,0.9879027605056763
infoxlm_base,microsoft/infoxlm-base,7,2LocalWordSwap,106,0.9254266023635864
infoxlm_base,microsoft/infoxlm-base,7,2LocalWordSwap,107,0.9323511719703674
infoxlm_base,microsoft/infoxlm-base,7,2LocalWordSwap,108,0.9130420684814453
infoxlm_base,microsoft/infoxlm-base,7,2LocalWordSwap,109,0.9898793697357178
infoxlm_base,microsoft/infoxlm-base,7,2LocalWordSwap,110,0.9217160940170288
infoxlm_base,microsoft/infoxlm-base,7,2LocalWordSwap,111,0.946759045124054
infoxlm_base,microsoft/infoxlm-base,7,2LocalWordSwap,112,0.9124252796173096
infoxlm_base,microsoft/infoxlm-base,7,2LocalWordSwap,113,0.9572219252586365
infoxlm_base,microsoft/infoxlm-base,7,2LocalWordSwap,114,0.960128664970398
infoxlm_base,microsoft/infoxlm-base,7,2LocalWordSwap,115,0.9389351606369019
infoxlm_base,microsoft/infoxlm-base,7,2LocalWordSwap,116,0.952416718006134
infoxlm_base,microsoft/infoxlm-base,7,2LocalWordSwap,117,0.9134859442710876
infoxlm_base,microsoft/infoxlm-base,7,2LocalWordSwap,118,0.9437471628189087
infoxlm_base,microsoft/infoxlm-base,7,2LocalWordSwap,119,0.9298421740531921
infoxlm_base,microsoft/infoxlm-base,7,2LocalWordSwap,120,0.9905319213867188
infoxlm_base,microsoft/infoxlm-base,7,2LocalWordSwap,121,0.9305652976036072
infoxlm_base,microsoft/infoxlm-base,7,2LocalWordSwap,122,0.9396647214889526
infoxlm_base,microsoft/infoxlm-base,7,2LocalWordSwap,123,0.9320729970932007
infoxlm_base,microsoft/infoxlm-base,7,2LocalWordSwap,124,0.9258306622505188
infoxlm_base,microsoft/infoxlm-base,7,2LocalWordSwap,125,0.9375082850456238
infoxlm_base,microsoft/infoxlm-base,7,2LocalWordSwap,126,0.9362430572509766
infoxlm_base,microsoft/infoxlm-base,7,2LocalWordSwap,127,0.9267454147338867
infoxlm_base,microsoft/infoxlm-base,7,2LocalWordSwap,128,0.9305154085159302
infoxlm_base,microsoft/infoxlm-base,7,2LocalWordSwap,129,0.9454187750816345
infoxlm_base,microsoft/infoxlm-base,7,2LocalWordSwap,130,0.938197672367096
infoxlm_base,microsoft/infoxlm-base,7,2LocalWordSwap,131,0.9958106279373169
infoxlm_base,microsoft/infoxlm-base,7,2LocalWordSwap,132,0.9169479608535767
infoxlm_base,microsoft/infoxlm-base,7,2LocalWordSwap,133,0.9428248405456543
infoxlm_base,microsoft/infoxlm-base,7,2LocalWordSwap,134,0.9149532914161682
infoxlm_base,microsoft/infoxlm-base,7,2LocalWordSwap,135,0.931054949760437
infoxlm_base,microsoft/infoxlm-base,7,2LocalWordSwap,136,0.9289103150367737
infoxlm_base,microsoft/infoxlm-base,7,2LocalWordSwap,137,0.9385757446289062
infoxlm_base,microsoft/infoxlm-base,7,2LocalWordSwap,138,0.9951261878013611
infoxlm_base,microsoft/infoxlm-base,7,2LocalWordSwap,139,0.9365304708480835
infoxlm_base,microsoft/infoxlm-base,7,2LocalWordSwap,140,0.9959981441497803
infoxlm_base,microsoft/infoxlm-base,7,2LocalWordSwap,141,0.9227132797241211
infoxlm_base,microsoft/infoxlm-base,7,2LocalWordSwap,142,0.9265568852424622
infoxlm_base,microsoft/infoxlm-base,7,2LocalWordSwap,143,0.9516077637672424
infoxlm_base,microsoft/infoxlm-base,7,2LocalWordSwap,144,0.9380966424942017
infoxlm_base,microsoft/infoxlm-base,7,2LocalWordSwap,145,0.926698625087738
infoxlm_base,microsoft/infoxlm-base,7,2LocalWordSwap,146,0.8915108442306519
infoxlm_base,microsoft/infoxlm-base,7,2LocalWordSwap,147,0.9867404699325562
infoxlm_base,microsoft/infoxlm-base,7,2LocalWordSwap,148,0.9071961641311646
infoxlm_base,microsoft/infoxlm-base,7,2LocalWordSwap,149,0.950782299041748
infoxlm_base,microsoft/infoxlm-base,7,2LocalWordSwap,150,0.9393930435180664
infoxlm_base,microsoft/infoxlm-base,7,2LocalWordSwap,151,0.9242215156555176
infoxlm_base,microsoft/infoxlm-base,7,2LocalWordSwap,152,0.9119342565536499
infoxlm_base,microsoft/infoxlm-base,7,2LocalWordSwap,153,0.9203352332115173
infoxlm_base,microsoft/infoxlm-base,7,2LocalWordSwap,154,0.988997220993042
infoxlm_base,microsoft/infoxlm-base,7,2LocalWordSwap,155,0.9449456334114075
infoxlm_base,microsoft/infoxlm-base,7,2LocalWordSwap,156,0.9207198619842529
infoxlm_base,microsoft/infoxlm-base,7,2LocalWordSwap,157,0.9223225712776184
infoxlm_base,microsoft/infoxlm-base,7,2LocalWordSwap,158,0.941450834274292
infoxlm_base,microsoft/infoxlm-base,7,2LocalWordSwap,159,0.9288043975830078
infoxlm_base,microsoft/infoxlm-base,7,2LocalWordSwap,160,0.9376341104507446
infoxlm_base,microsoft/infoxlm-base,7,2LocalWordSwap,161,0.925690770149231
infoxlm_base,microsoft/infoxlm-base,7,2LocalWordSwap,162,0.9547650814056396
infoxlm_base,microsoft/infoxlm-base,7,2LocalWordSwap,163,0.8841187357902527
infoxlm_base,microsoft/infoxlm-base,7,2LocalWordSwap,164,0.9429389834403992
infoxlm_base,microsoft/infoxlm-base,7,2LocalWordSwap,165,0.9207177758216858
infoxlm_base,microsoft/infoxlm-base,7,2LocalWordSwap,166,0.9933497309684753
infoxlm_base,microsoft/infoxlm-base,7,2LocalWordSwap,167,0.9330887198448181
infoxlm_base,microsoft/infoxlm-base,7,2LocalWordSwap,168,0.9962037205696106
infoxlm_base,microsoft/infoxlm-base,7,2LocalWordSwap,169,0.9328708648681641
infoxlm_base,microsoft/infoxlm-base,7,2LocalWordSwap,170,0.9364378452301025
infoxlm_base,microsoft/infoxlm-base,7,2LocalWordSwap,171,0.9068203568458557
infoxlm_base,microsoft/infoxlm-base,7,2LocalWordSwap,172,0.9289385080337524
infoxlm_base,microsoft/infoxlm-base,7,2LocalWordSwap,173,0.9331847429275513
infoxlm_base,microsoft/infoxlm-base,7,2LocalWordSwap,174,0.9361454248428345
infoxlm_base,microsoft/infoxlm-base,7,2LocalWordSwap,175,0.9228478670120239
infoxlm_base,microsoft/infoxlm-base,7,2LocalWordSwap,176,0.9221941232681274
infoxlm_base,microsoft/infoxlm-base,7,2LocalWordSwap,177,0.9262781739234924
infoxlm_base,microsoft/infoxlm-base,7,2LocalWordSwap,178,0.9177334904670715
infoxlm_base,microsoft/infoxlm-base,7,2LocalWordSwap,179,0.9962507486343384
infoxlm_base,microsoft/infoxlm-base,7,2LocalWordSwap,180,0.9146162271499634
infoxlm_base,microsoft/infoxlm-base,7,2LocalWordSwap,181,0.9208868741989136
infoxlm_base,microsoft/infoxlm-base,7,2LocalWordSwap,182,0.9611570239067078
infoxlm_base,microsoft/infoxlm-base,7,2LocalWordSwap,183,0.9448902606964111
infoxlm_base,microsoft/infoxlm-base,7,2LocalWordSwap,184,0.9319524765014648
infoxlm_base,microsoft/infoxlm-base,7,2LocalWordSwap,185,0.9213680028915405
infoxlm_base,microsoft/infoxlm-base,7,2LocalWordSwap,186,0.931061327457428
infoxlm_base,microsoft/infoxlm-base,7,2LocalWordSwap,187,0.9131014347076416
infoxlm_base,microsoft/infoxlm-base,7,2LocalWordSwap,188,0.9476234912872314
infoxlm_base,microsoft/infoxlm-base,7,2LocalWordSwap,189,0.9445255398750305
infoxlm_base,microsoft/infoxlm-base,7,2LocalWordSwap,190,0.9307149648666382
infoxlm_base,microsoft/infoxlm-base,7,2LocalWordSwap,191,0.9210789799690247
infoxlm_base,microsoft/infoxlm-base,7,2LocalWordSwap,192,0.9147406816482544
infoxlm_base,microsoft/infoxlm-base,7,2LocalWordSwap,193,0.9340196251869202
infoxlm_base,microsoft/infoxlm-base,7,2LocalWordSwap,194,0.9282084703445435
infoxlm_base,microsoft/infoxlm-base,7,2LocalWordSwap,195,0.9225972294807434
infoxlm_base,microsoft/infoxlm-base,7,2LocalWordSwap,196,0.9066599011421204
infoxlm_base,microsoft/infoxlm-base,7,2LocalWordSwap,197,0.9264809489250183
infoxlm_base,microsoft/infoxlm-base,7,2LocalWordSwap,198,0.9478680491447449
infoxlm_base,microsoft/infoxlm-base,7,2LocalWordSwap,199,0.9207876324653625
infoxlm_base,microsoft/infoxlm-base,7,2LocalWordSwap,200,0.9303279519081116
infoxlm_base,microsoft/infoxlm-base,7,2LocalWordSwap,201,0.9146252274513245
infoxlm_base,microsoft/infoxlm-base,7,2LocalWordSwap,202,0.948611855506897
infoxlm_base,microsoft/infoxlm-base,7,2LocalWordSwap,203,0.9243124723434448
infoxlm_base,microsoft/infoxlm-base,7,2LocalWordSwap,204,0.9460729360580444
infoxlm_base,microsoft/infoxlm-base,7,2LocalWordSwap,205,0.9349971413612366
infoxlm_base,microsoft/infoxlm-base,7,2LocalWordSwap,206,0.9087849259376526
infoxlm_base,microsoft/infoxlm-base,7,2LocalWordSwap,207,0.9875458478927612
infoxlm_base,microsoft/infoxlm-base,7,2LocalWordSwap,208,0.9465275406837463
infoxlm_base,microsoft/infoxlm-base,7,2LocalWordSwap,209,0.9210138916969299
infoxlm_base,microsoft/infoxlm-base,7,2LocalWordSwap,210,0.9247204065322876
infoxlm_base,microsoft/infoxlm-base,7,2LocalWordSwap,211,0.9217634797096252
infoxlm_base,microsoft/infoxlm-base,7,2LocalWordSwap,212,0.9222674369812012
infoxlm_base,microsoft/infoxlm-base,7,2LocalWordSwap,213,0.9195305705070496
infoxlm_base,microsoft/infoxlm-base,7,2LocalWordSwap,214,0.9367340803146362
infoxlm_base,microsoft/infoxlm-base,7,2LocalWordSwap,215,0.9960900545120239
infoxlm_base,microsoft/infoxlm-base,7,2LocalWordSwap,216,0.9496617913246155
infoxlm_base,microsoft/infoxlm-base,7,2LocalWordSwap,217,0.9191551208496094
infoxlm_base,microsoft/infoxlm-base,7,2LocalWordSwap,218,0.9372541904449463
infoxlm_base,microsoft/infoxlm-base,7,2LocalWordSwap,219,0.9379519820213318
infoxlm_base,microsoft/infoxlm-base,7,2LocalWordSwap,220,0.9316675066947937
infoxlm_base,microsoft/infoxlm-base,7,2LocalWordSwap,221,0.9963380098342896
infoxlm_base,microsoft/infoxlm-base,7,2LocalWordSwap,222,0.9304190278053284
infoxlm_base,microsoft/infoxlm-base,7,2LocalWordSwap,223,0.94629967212677
infoxlm_base,microsoft/infoxlm-base,7,2LocalWordSwap,224,0.9314363598823547
infoxlm_base,microsoft/infoxlm-base,7,2LocalWordSwap,225,0.9461202025413513
infoxlm_base,microsoft/infoxlm-base,7,2LocalWordSwap,226,0.9076973795890808
infoxlm_base,microsoft/infoxlm-base,7,2LocalWordSwap,227,0.9386273622512817
infoxlm_base,microsoft/infoxlm-base,7,2LocalWordSwap,228,0.9075696468353271
infoxlm_base,microsoft/infoxlm-base,7,2LocalWordSwap,229,0.9185025095939636
infoxlm_base,microsoft/infoxlm-base,7,2LocalWordSwap,230,0.9966256022453308
infoxlm_base,microsoft/infoxlm-base,7,2LocalWordSwap,231,0.9286450743675232
infoxlm_base,microsoft/infoxlm-base,7,2LocalWordSwap,232,0.9936339855194092
infoxlm_base,microsoft/infoxlm-base,7,2LocalWordSwap,233,0.9354263544082642
infoxlm_base,microsoft/infoxlm-base,7,2LocalWordSwap,234,0.9216670989990234
infoxlm_base,microsoft/infoxlm-base,7,2LocalWordSwap,235,0.933177649974823
infoxlm_base,microsoft/infoxlm-base,7,2LocalWordSwap,236,0.9338976144790649
infoxlm_base,microsoft/infoxlm-base,7,2LocalWordSwap,237,0.931449294090271
infoxlm_base,microsoft/infoxlm-base,7,2LocalWordSwap,238,0.9303314685821533
infoxlm_base,microsoft/infoxlm-base,7,2LocalWordSwap,239,0.9190489053726196
infoxlm_base,microsoft/infoxlm-base,7,2LocalWordSwap,240,0.9427653551101685
infoxlm_base,microsoft/infoxlm-base,7,2LocalWordSwap,241,0.9228019118309021
infoxlm_base,microsoft/infoxlm-base,7,2LocalWordSwap,242,0.9285091161727905
infoxlm_base,microsoft/infoxlm-base,7,2LocalWordSwap,243,0.9081112146377563
infoxlm_base,microsoft/infoxlm-base,7,2LocalWordSwap,244,0.918285071849823
infoxlm_base,microsoft/infoxlm-base,7,2LocalWordSwap,245,0.9179067611694336
infoxlm_base,microsoft/infoxlm-base,7,2LocalWordSwap,246,0.9075936675071716
infoxlm_base,microsoft/infoxlm-base,7,2LocalWordSwap,247,0.940322756767273
infoxlm_base,microsoft/infoxlm-base,7,2LocalWordSwap,248,0.9966759085655212
infoxlm_base,microsoft/infoxlm-base,7,2LocalWordSwap,249,0.917504072189331
infoxlm_base,microsoft/infoxlm-base,7,2LocalWordSwap,250,0.9236965775489807
infoxlm_base,microsoft/infoxlm-base,7,2LocalWordSwap,251,0.9184914827346802
infoxlm_base,microsoft/infoxlm-base,7,2LocalWordSwap,252,0.9903759360313416
infoxlm_base,microsoft/infoxlm-base,7,2LocalWordSwap,253,0.934127688407898
infoxlm_base,microsoft/infoxlm-base,7,2LocalWordSwap,254,0.9871923327445984
infoxlm_base,microsoft/infoxlm-base,7,2LocalWordSwap,255,0.9945766925811768
infoxlm_base,microsoft/infoxlm-base,7,2LocalWordSwap,256,0.9338337182998657
infoxlm_base,microsoft/infoxlm-base,7,2LocalWordSwap,257,0.9301316142082214
infoxlm_base,microsoft/infoxlm-base,7,2LocalWordSwap,258,0.9236385822296143
infoxlm_base,microsoft/infoxlm-base,7,2LocalWordSwap,259,0.939060389995575
infoxlm_base,microsoft/infoxlm-base,7,2LocalWordSwap,260,0.9341386556625366
infoxlm_base,microsoft/infoxlm-base,7,2LocalWordSwap,261,0.9480937719345093
infoxlm_base,microsoft/infoxlm-base,7,2LocalWordSwap,262,0.9303770661354065
infoxlm_base,microsoft/infoxlm-base,7,2LocalWordSwap,263,0.9300268888473511
infoxlm_base,microsoft/infoxlm-base,7,2LocalWordSwap,264,0.955030620098114
infoxlm_base,microsoft/infoxlm-base,7,2LocalWordSwap,265,0.9238705039024353
infoxlm_base,microsoft/infoxlm-base,7,2LocalWordSwap,266,0.9325089454650879
infoxlm_base,microsoft/infoxlm-base,7,2LocalWordSwap,267,0.9433701634407043
infoxlm_base,microsoft/infoxlm-base,7,2LocalWordSwap,268,0.997757613658905
infoxlm_base,microsoft/infoxlm-base,7,2LocalWordSwap,269,0.9539486169815063
infoxlm_base,microsoft/infoxlm-base,7,2LocalWordSwap,270,0.9343365430831909
infoxlm_base,microsoft/infoxlm-base,7,2LocalWordSwap,271,0.9157090783119202
infoxlm_base,microsoft/infoxlm-base,7,2LocalWordSwap,272,0.9514105916023254
infoxlm_base,microsoft/infoxlm-base,7,2LocalWordSwap,273,0.9083839058876038
infoxlm_base,microsoft/infoxlm-base,7,2LocalWordSwap,274,0.943845808506012
infoxlm_base,microsoft/infoxlm-base,7,2LocalWordSwap,275,0.9212473034858704
infoxlm_base,microsoft/infoxlm-base,7,2LocalWordSwap,276,0.9358137845993042
infoxlm_base,microsoft/infoxlm-base,7,2LocalWordSwap,277,0.9959759712219238
infoxlm_base,microsoft/infoxlm-base,7,2LocalWordSwap,278,0.9226167798042297
infoxlm_base,microsoft/infoxlm-base,7,2LocalWordSwap,279,0.9406647086143494
infoxlm_base,microsoft/infoxlm-base,7,2LocalWordSwap,280,0.9240289330482483
infoxlm_base,microsoft/infoxlm-base,7,2LocalWordSwap,281,0.9359610080718994
infoxlm_base,microsoft/infoxlm-base,7,2LocalWordSwap,282,0.9297826290130615
infoxlm_base,microsoft/infoxlm-base,7,2LocalWordSwap,283,0.9378647804260254
infoxlm_base,microsoft/infoxlm-base,7,2LocalWordSwap,284,0.9279538989067078
infoxlm_base,microsoft/infoxlm-base,7,2LocalWordSwap,285,0.9385546445846558
infoxlm_base,microsoft/infoxlm-base,7,2LocalWordSwap,286,0.9225972294807434
infoxlm_base,microsoft/infoxlm-base,7,2LocalWordSwap,287,0.9913991689682007
infoxlm_base,microsoft/infoxlm-base,7,2LocalWordSwap,288,0.9390397071838379
infoxlm_base,microsoft/infoxlm-base,7,2LocalWordSwap,289,0.9268452525138855
infoxlm_base,microsoft/infoxlm-base,7,2LocalWordSwap,290,0.9611351490020752
infoxlm_base,microsoft/infoxlm-base,7,2LocalWordSwap,291,0.9130929708480835
infoxlm_base,microsoft/infoxlm-base,7,2LocalWordSwap,292,0.9468709826469421
infoxlm_base,microsoft/infoxlm-base,7,2LocalWordSwap,293,0.9399923086166382
infoxlm_base,microsoft/infoxlm-base,7,2LocalWordSwap,294,0.936047375202179
infoxlm_base,microsoft/infoxlm-base,7,2LocalWordSwap,295,0.9173504114151001
infoxlm_base,microsoft/infoxlm-base,7,2LocalWordSwap,296,0.924103319644928
infoxlm_base,microsoft/infoxlm-base,7,2LocalWordSwap,297,0.9224980473518372
infoxlm_base,microsoft/infoxlm-base,7,2LocalWordSwap,298,0.9525890350341797
infoxlm_base,microsoft/infoxlm-base,7,2LocalWordSwap,299,0.9183738231658936
infoxlm_base,microsoft/infoxlm-base,7,2LocalWordSwap,300,0.9221187829971313
infoxlm_base,microsoft/infoxlm-base,7,2LocalWordSwap,301,0.9249254465103149
infoxlm_base,microsoft/infoxlm-base,7,2LocalWordSwap,302,0.9882023930549622
infoxlm_base,microsoft/infoxlm-base,7,2LocalWordSwap,303,0.9195714592933655
infoxlm_base,microsoft/infoxlm-base,7,2LocalWordSwap,304,0.9406082630157471
infoxlm_base,microsoft/infoxlm-base,7,2LocalWordSwap,305,0.9243596196174622
infoxlm_base,microsoft/infoxlm-base,7,2LocalWordSwap,306,0.8963537216186523
infoxlm_base,microsoft/infoxlm-base,7,2LocalWordSwap,307,0.9447411298751831
infoxlm_base,microsoft/infoxlm-base,7,2LocalWordSwap,308,0.9006291627883911
infoxlm_base,microsoft/infoxlm-base,7,2LocalWordSwap,309,0.9303308129310608
infoxlm_base,microsoft/infoxlm-base,7,2LocalWordSwap,310,0.9311710596084595
infoxlm_base,microsoft/infoxlm-base,7,2LocalWordSwap,311,0.9327561259269714
infoxlm_base,microsoft/infoxlm-base,7,2LocalWordSwap,312,0.921715497970581
infoxlm_base,microsoft/infoxlm-base,7,2LocalWordSwap,313,0.9265917539596558
infoxlm_base,microsoft/infoxlm-base,7,2LocalWordSwap,314,0.902584969997406
infoxlm_base,microsoft/infoxlm-base,7,2LocalWordSwap,315,0.9273677468299866
infoxlm_base,microsoft/infoxlm-base,7,2LocalWordSwap,316,0.9229714870452881
infoxlm_base,microsoft/infoxlm-base,7,2LocalWordSwap,317,0.9423792362213135
infoxlm_base,microsoft/infoxlm-base,7,2LocalWordSwap,318,0.9228607416152954
infoxlm_base,microsoft/infoxlm-base,7,2LocalWordSwap,319,0.9357805848121643
infoxlm_base,microsoft/infoxlm-base,7,2LocalWordSwap,320,0.9288638830184937
infoxlm_base,microsoft/infoxlm-base,7,2LocalWordSwap,321,0.956865131855011
infoxlm_base,microsoft/infoxlm-base,7,2LocalWordSwap,322,0.9149495959281921
infoxlm_base,microsoft/infoxlm-base,7,2LocalWordSwap,323,0.9427549839019775
infoxlm_base,microsoft/infoxlm-base,7,2LocalWordSwap,324,0.9344099164009094
infoxlm_base,microsoft/infoxlm-base,7,2LocalWordSwap,325,0.9279428720474243
infoxlm_base,microsoft/infoxlm-base,7,2LocalWordSwap,326,0.934943437576294
infoxlm_base,microsoft/infoxlm-base,7,2LocalWordSwap,327,0.9196445345878601
infoxlm_base,microsoft/infoxlm-base,7,2LocalWordSwap,328,0.9349134564399719
infoxlm_base,microsoft/infoxlm-base,7,2LocalWordSwap,329,0.9174546003341675
infoxlm_base,microsoft/infoxlm-base,7,2LocalWordSwap,330,0.9340873956680298
infoxlm_base,microsoft/infoxlm-base,7,2LocalWordSwap,331,0.9428153038024902
infoxlm_base,microsoft/infoxlm-base,7,2LocalWordSwap,332,0.9362870454788208
infoxlm_base,microsoft/infoxlm-base,7,2LocalWordSwap,333,0.9447574019432068
infoxlm_base,microsoft/infoxlm-base,7,2LocalWordSwap,334,0.9642191529273987
infoxlm_base,microsoft/infoxlm-base,7,2LocalWordSwap,335,0.9972283840179443
infoxlm_base,microsoft/infoxlm-base,7,2LocalWordSwap,336,0.9124809503555298
infoxlm_base,microsoft/infoxlm-base,7,2LocalWordSwap,337,0.9158388376235962
infoxlm_base,microsoft/infoxlm-base,7,2LocalWordSwap,338,0.9316709041595459
infoxlm_base,microsoft/infoxlm-base,7,2LocalWordSwap,339,0.9307636618614197
infoxlm_base,microsoft/infoxlm-base,7,2LocalWordSwap,340,0.989177942276001
infoxlm_base,microsoft/infoxlm-base,7,2LocalWordSwap,341,0.9461129903793335
infoxlm_base,microsoft/infoxlm-base,7,2LocalWordSwap,342,0.9309431314468384
infoxlm_base,microsoft/infoxlm-base,7,2LocalWordSwap,343,0.9308275580406189
infoxlm_base,microsoft/infoxlm-base,7,2LocalWordSwap,344,0.9389691352844238
infoxlm_base,microsoft/infoxlm-base,7,2LocalWordSwap,345,0.9238035678863525
infoxlm_base,microsoft/infoxlm-base,7,2LocalWordSwap,346,0.9238319396972656
infoxlm_base,microsoft/infoxlm-base,7,2LocalWordSwap,347,0.922977089881897
infoxlm_base,microsoft/infoxlm-base,7,2LocalWordSwap,348,0.9372852444648743
infoxlm_base,microsoft/infoxlm-base,7,2LocalWordSwap,349,0.9320897459983826
infoxlm_base,microsoft/infoxlm-base,7,2LocalWordSwap,350,0.9553952813148499
infoxlm_base,microsoft/infoxlm-base,7,2LocalWordSwap,351,0.909264862537384
infoxlm_base,microsoft/infoxlm-base,7,2LocalWordSwap,352,0.9435173273086548
infoxlm_base,microsoft/infoxlm-base,7,2LocalWordSwap,353,0.9241545796394348
infoxlm_base,microsoft/infoxlm-base,7,2LocalWordSwap,354,0.9881110191345215
infoxlm_base,microsoft/infoxlm-base,7,2LocalWordSwap,355,0.9450003504753113
infoxlm_base,microsoft/infoxlm-base,7,2LocalWordSwap,356,0.910162091255188
infoxlm_base,microsoft/infoxlm-base,7,2LocalWordSwap,357,0.9722170829772949
infoxlm_base,microsoft/infoxlm-base,7,2LocalWordSwap,358,0.9331124424934387
infoxlm_base,microsoft/infoxlm-base,7,2LocalWordSwap,359,0.9247068166732788
infoxlm_base,microsoft/infoxlm-base,7,2LocalWordSwap,360,0.9253009557723999
infoxlm_base,microsoft/infoxlm-base,7,2LocalWordSwap,361,0.8906221389770508
infoxlm_base,microsoft/infoxlm-base,7,2LocalWordSwap,362,0.998040497303009
infoxlm_base,microsoft/infoxlm-base,7,2LocalWordSwap,363,0.9567869305610657
infoxlm_base,microsoft/infoxlm-base,7,2LocalWordSwap,364,0.9316467046737671
infoxlm_base,microsoft/infoxlm-base,7,2LocalWordSwap,365,0.9254369139671326
infoxlm_base,microsoft/infoxlm-base,7,2LocalWordSwap,366,0.9945709705352783
infoxlm_base,microsoft/infoxlm-base,7,2LocalWordSwap,367,0.9210235476493835
infoxlm_base,microsoft/infoxlm-base,7,2LocalWordSwap,368,0.9470154047012329
infoxlm_base,microsoft/infoxlm-base,7,2LocalWordSwap,369,0.9558924436569214
infoxlm_base,microsoft/infoxlm-base,7,2LocalWordSwap,370,0.9384780526161194
infoxlm_base,microsoft/infoxlm-base,7,2LocalWordSwap,371,0.9912030100822449
infoxlm_base,microsoft/infoxlm-base,7,2LocalWordSwap,372,0.9245137572288513
infoxlm_base,microsoft/infoxlm-base,7,2LocalWordSwap,373,0.9237903952598572
infoxlm_base,microsoft/infoxlm-base,7,2LocalWordSwap,374,0.9270688891410828
infoxlm_base,microsoft/infoxlm-base,7,2LocalWordSwap,375,0.9189894199371338
infoxlm_base,microsoft/infoxlm-base,7,2LocalWordSwap,376,0.9443574547767639
infoxlm_base,microsoft/infoxlm-base,7,2LocalWordSwap,377,0.9429121017456055
infoxlm_base,microsoft/infoxlm-base,7,2LocalWordSwap,378,0.9913144111633301
infoxlm_base,microsoft/infoxlm-base,7,2LocalWordSwap,379,0.9066078066825867
infoxlm_base,microsoft/infoxlm-base,7,2LocalWordSwap,380,0.9090187549591064
infoxlm_base,microsoft/infoxlm-base,7,2LocalWordSwap,381,0.9507994055747986
infoxlm_base,microsoft/infoxlm-base,7,2LocalWordSwap,382,0.9206442832946777
infoxlm_base,microsoft/infoxlm-base,7,2LocalWordSwap,383,0.9449634552001953
infoxlm_base,microsoft/infoxlm-base,7,2LocalWordSwap,384,0.937907874584198
infoxlm_base,microsoft/infoxlm-base,7,2LocalWordSwap,385,0.9279013276100159
infoxlm_base,microsoft/infoxlm-base,7,2LocalWordSwap,386,0.9355865716934204
infoxlm_base,microsoft/infoxlm-base,7,2LocalWordSwap,387,0.955681324005127
infoxlm_base,microsoft/infoxlm-base,7,2LocalWordSwap,388,0.9947962760925293
infoxlm_base,microsoft/infoxlm-base,7,2LocalWordSwap,389,0.9310239553451538
infoxlm_base,microsoft/infoxlm-base,7,2LocalWordSwap,390,0.9318490028381348
infoxlm_base,microsoft/infoxlm-base,7,2LocalWordSwap,391,0.9390268325805664
infoxlm_base,microsoft/infoxlm-base,7,2LocalWordSwap,392,0.9430950284004211
infoxlm_base,microsoft/infoxlm-base,7,2LocalWordSwap,393,0.9292684197425842
infoxlm_base,microsoft/infoxlm-base,7,2LocalWordSwap,394,0.9397239685058594
infoxlm_base,microsoft/infoxlm-base,7,2LocalWordSwap,395,0.9171568751335144
infoxlm_base,microsoft/infoxlm-base,7,2LocalWordSwap,396,0.8997347950935364
infoxlm_base,microsoft/infoxlm-base,7,2LocalWordSwap,397,0.9932138919830322
infoxlm_base,microsoft/infoxlm-base,7,2LocalWordSwap,398,0.9273956418037415
infoxlm_base,microsoft/infoxlm-base,7,2LocalWordSwap,399,0.9172599911689758
infoxlm_base,microsoft/infoxlm-base,7,2LocalWordSwap,400,0.9025670289993286
infoxlm_base,microsoft/infoxlm-base,7,2LocalWordSwap,401,0.9316160678863525
infoxlm_base,microsoft/infoxlm-base,7,2LocalWordSwap,402,0.9431816935539246
infoxlm_base,microsoft/infoxlm-base,7,2LocalWordSwap,403,0.9895233511924744
infoxlm_base,microsoft/infoxlm-base,7,2LocalWordSwap,404,0.9335262179374695
infoxlm_base,microsoft/infoxlm-base,7,2LocalWordSwap,405,0.9393047094345093
infoxlm_base,microsoft/infoxlm-base,7,2LocalWordSwap,406,0.942661464214325
infoxlm_base,microsoft/infoxlm-base,7,2LocalWordSwap,407,0.9191461801528931
infoxlm_base,microsoft/infoxlm-base,7,2LocalWordSwap,408,0.9934505224227905
infoxlm_base,microsoft/infoxlm-base,7,2LocalWordSwap,409,0.9858737587928772
infoxlm_base,microsoft/infoxlm-base,7,2LocalWordSwap,410,0.9388151168823242
infoxlm_base,microsoft/infoxlm-base,7,2LocalWordSwap,411,0.9275138974189758
infoxlm_base,microsoft/infoxlm-base,7,2LocalWordSwap,412,0.9275485873222351
infoxlm_base,microsoft/infoxlm-base,7,2LocalWordSwap,413,0.9465723037719727
infoxlm_base,microsoft/infoxlm-base,7,2LocalWordSwap,414,0.9360312223434448
infoxlm_base,microsoft/infoxlm-base,7,2LocalWordSwap,415,0.9403820633888245
infoxlm_base,microsoft/infoxlm-base,7,2LocalWordSwap,416,0.9368041157722473
infoxlm_base,microsoft/infoxlm-base,7,2LocalWordSwap,417,0.9482539892196655
infoxlm_base,microsoft/infoxlm-base,7,2LocalWordSwap,418,0.9254894256591797
infoxlm_base,microsoft/infoxlm-base,7,2LocalWordSwap,419,0.9257491827011108
infoxlm_base,microsoft/infoxlm-base,7,2LocalWordSwap,420,0.9313051700592041
infoxlm_base,microsoft/infoxlm-base,7,2LocalWordSwap,421,0.9211559295654297
infoxlm_base,microsoft/infoxlm-base,7,2LocalWordSwap,422,0.9151289463043213
infoxlm_base,microsoft/infoxlm-base,7,2LocalWordSwap,423,0.9090146422386169
infoxlm_base,microsoft/infoxlm-base,7,2LocalWordSwap,424,0.934709906578064
infoxlm_base,microsoft/infoxlm-base,7,2LocalWordSwap,425,0.9904539585113525
infoxlm_base,microsoft/infoxlm-base,7,2LocalWordSwap,426,0.9489302635192871
infoxlm_base,microsoft/infoxlm-base,7,2LocalWordSwap,427,0.9046629667282104
infoxlm_base,microsoft/infoxlm-base,7,2LocalWordSwap,428,0.9367217421531677
infoxlm_base,microsoft/infoxlm-base,7,2LocalWordSwap,429,0.9421267509460449
infoxlm_base,microsoft/infoxlm-base,7,2LocalWordSwap,430,0.9472332000732422
infoxlm_base,microsoft/infoxlm-base,7,2LocalWordSwap,431,0.929222822189331
infoxlm_base,microsoft/infoxlm-base,7,2LocalWordSwap,432,0.9460010528564453
infoxlm_base,microsoft/infoxlm-base,7,2LocalWordSwap,433,0.9470713138580322
infoxlm_base,microsoft/infoxlm-base,7,2LocalWordSwap,434,0.9130806922912598
infoxlm_base,microsoft/infoxlm-base,7,2LocalWordSwap,435,0.9264028072357178
infoxlm_base,microsoft/infoxlm-base,7,2LocalWordSwap,436,0.9235239028930664
infoxlm_base,microsoft/infoxlm-base,7,2LocalWordSwap,437,0.9456318616867065
infoxlm_base,microsoft/infoxlm-base,7,2LocalWordSwap,438,0.9316054582595825
infoxlm_base,microsoft/infoxlm-base,7,2LocalWordSwap,439,0.9485579133033752
infoxlm_base,microsoft/infoxlm-base,7,2LocalWordSwap,440,0.991767168045044
infoxlm_base,microsoft/infoxlm-base,7,2LocalWordSwap,441,0.9317769408226013
infoxlm_base,microsoft/infoxlm-base,7,2LocalWordSwap,442,0.9478666186332703
infoxlm_base,microsoft/infoxlm-base,7,2LocalWordSwap,443,0.9417017698287964
infoxlm_base,microsoft/infoxlm-base,7,2LocalWordSwap,444,0.9290564060211182
infoxlm_base,microsoft/infoxlm-base,7,2LocalWordSwap,445,0.933652400970459
infoxlm_base,microsoft/infoxlm-base,7,2LocalWordSwap,446,0.9293090105056763
infoxlm_base,microsoft/infoxlm-base,7,2LocalWordSwap,447,0.9934590458869934
infoxlm_base,microsoft/infoxlm-base,7,2LocalWordSwap,448,0.9206501245498657
infoxlm_base,microsoft/infoxlm-base,7,2LocalWordSwap,449,0.9228235483169556
infoxlm_base,microsoft/infoxlm-base,7,2LocalWordSwap,450,0.9427626132965088
infoxlm_base,microsoft/infoxlm-base,7,2LocalWordSwap,451,0.95115065574646
infoxlm_base,microsoft/infoxlm-base,7,2LocalWordSwap,452,0.985443115234375
infoxlm_base,microsoft/infoxlm-base,7,2LocalWordSwap,453,0.9278433322906494
infoxlm_base,microsoft/infoxlm-base,7,2LocalWordSwap,454,0.9239105582237244
infoxlm_base,microsoft/infoxlm-base,7,2LocalWordSwap,455,0.9223913550376892
infoxlm_base,microsoft/infoxlm-base,7,2LocalWordSwap,456,0.9483613967895508
infoxlm_base,microsoft/infoxlm-base,7,2LocalWordSwap,457,0.9348254203796387
infoxlm_base,microsoft/infoxlm-base,7,2LocalWordSwap,458,0.9378002882003784
infoxlm_base,microsoft/infoxlm-base,7,2LocalWordSwap,459,0.9955733418464661
infoxlm_base,microsoft/infoxlm-base,7,2LocalWordSwap,460,0.936140775680542
infoxlm_base,microsoft/infoxlm-base,7,2LocalWordSwap,461,0.9441885948181152
infoxlm_base,microsoft/infoxlm-base,7,2LocalWordSwap,462,0.9281134009361267
infoxlm_base,microsoft/infoxlm-base,7,2LocalWordSwap,463,0.9178261160850525
infoxlm_base,microsoft/infoxlm-base,7,2LocalWordSwap,464,0.9571744203567505
infoxlm_base,microsoft/infoxlm-base,7,2LocalWordSwap,465,0.9166371822357178
infoxlm_base,microsoft/infoxlm-base,7,2LocalWordSwap,466,0.9290127754211426
infoxlm_base,microsoft/infoxlm-base,7,2LocalWordSwap,467,0.9225775003433228
infoxlm_base,microsoft/infoxlm-base,7,2LocalWordSwap,468,0.9393419623374939
infoxlm_base,microsoft/infoxlm-base,7,2LocalWordSwap,469,0.9234932065010071
infoxlm_base,microsoft/infoxlm-base,7,2LocalWordSwap,470,0.9272054433822632
infoxlm_base,microsoft/infoxlm-base,7,2LocalWordSwap,471,0.9295490980148315
infoxlm_base,microsoft/infoxlm-base,7,2LocalWordSwap,472,0.9076583981513977
infoxlm_base,microsoft/infoxlm-base,7,2LocalWordSwap,473,0.8974103331565857
infoxlm_base,microsoft/infoxlm-base,7,2LocalWordSwap,474,0.9952563047409058
infoxlm_base,microsoft/infoxlm-base,7,2LocalWordSwap,475,0.9972203373908997
infoxlm_base,microsoft/infoxlm-base,7,2LocalWordSwap,476,0.9967479109764099
infoxlm_base,microsoft/infoxlm-base,7,2LocalWordSwap,477,0.9518096446990967
infoxlm_base,microsoft/infoxlm-base,7,2LocalWordSwap,478,0.9251571893692017
infoxlm_base,microsoft/infoxlm-base,7,2LocalWordSwap,479,0.9969090223312378
infoxlm_base,microsoft/infoxlm-base,7,2LocalWordSwap,480,0.92473965883255
infoxlm_base,microsoft/infoxlm-base,7,2LocalWordSwap,481,0.9152698516845703
infoxlm_base,microsoft/infoxlm-base,7,2LocalWordSwap,482,0.9300757646560669
infoxlm_base,microsoft/infoxlm-base,7,2LocalWordSwap,483,0.9341666102409363
infoxlm_base,microsoft/infoxlm-base,7,2LocalWordSwap,484,0.9336779117584229
infoxlm_base,microsoft/infoxlm-base,7,2LocalWordSwap,485,0.9289012551307678
infoxlm_base,microsoft/infoxlm-base,7,2LocalWordSwap,486,0.9433194994926453
infoxlm_base,microsoft/infoxlm-base,7,2LocalWordSwap,487,0.9294647574424744
infoxlm_base,microsoft/infoxlm-base,7,2LocalWordSwap,488,0.9469100832939148
infoxlm_base,microsoft/infoxlm-base,7,2LocalWordSwap,489,0.9289305210113525
infoxlm_base,microsoft/infoxlm-base,7,2LocalWordSwap,490,0.9343701004981995
infoxlm_base,microsoft/infoxlm-base,7,2LocalWordSwap,491,0.9358416199684143
infoxlm_base,microsoft/infoxlm-base,7,2LocalWordSwap,492,0.9305834770202637
infoxlm_base,microsoft/infoxlm-base,7,2LocalWordSwap,493,0.9967156648635864
infoxlm_base,microsoft/infoxlm-base,7,2LocalWordSwap,494,0.9316985011100769
infoxlm_base,microsoft/infoxlm-base,7,2LocalWordSwap,495,0.9178644418716431
infoxlm_base,microsoft/infoxlm-base,7,2LocalWordSwap,496,0.9387831091880798
infoxlm_base,microsoft/infoxlm-base,7,2LocalWordSwap,497,0.9220951795578003
infoxlm_base,microsoft/infoxlm-base,7,2LocalWordSwap,498,0.9481843709945679
infoxlm_base,microsoft/infoxlm-base,7,2LocalWordSwap,499,0.9350870847702026
infoxlm_base,microsoft/infoxlm-base,7,2LocalWordSwap,500,0.9914253354072571
infoxlm_base,microsoft/infoxlm-base,7,2LocalWordSwap,501,0.95072340965271
infoxlm_base,microsoft/infoxlm-base,7,2LocalWordSwap,502,0.9342628717422485
infoxlm_base,microsoft/infoxlm-base,7,2LocalWordSwap,503,0.9312941431999207
infoxlm_base,microsoft/infoxlm-base,7,2LocalWordSwap,504,0.9185618758201599
infoxlm_base,microsoft/infoxlm-base,7,2LocalWordSwap,505,0.9522541165351868
infoxlm_base,microsoft/infoxlm-base,7,2LocalWordSwap,506,0.942118227481842
infoxlm_base,microsoft/infoxlm-base,7,2LocalWordSwap,507,0.9184154272079468
infoxlm_base,microsoft/infoxlm-base,7,2LocalWordSwap,508,0.8811759352684021
infoxlm_base,microsoft/infoxlm-base,7,2LocalWordSwap,509,0.9313175678253174
infoxlm_base,microsoft/infoxlm-base,7,2LocalWordSwap,510,0.9964289665222168
infoxlm_base,microsoft/infoxlm-base,7,2LocalWordSwap,511,0.938427746295929
infoxlm_base,microsoft/infoxlm-base,7,2LocalWordSwap,512,0.9603750705718994
infoxlm_base,microsoft/infoxlm-base,7,2LocalWordSwap,513,0.9350918531417847
infoxlm_base,microsoft/infoxlm-base,7,2LocalWordSwap,514,0.9405749440193176
infoxlm_base,microsoft/infoxlm-base,7,2LocalWordSwap,515,0.9523723721504211
infoxlm_base,microsoft/infoxlm-base,7,2LocalWordSwap,516,0.9273459315299988
infoxlm_base,microsoft/infoxlm-base,7,2LocalWordSwap,517,0.9164981842041016
infoxlm_base,microsoft/infoxlm-base,7,2LocalWordSwap,518,0.9441362619400024
infoxlm_base,microsoft/infoxlm-base,7,2LocalWordSwap,519,0.9856735467910767
infoxlm_base,microsoft/infoxlm-base,7,2LocalWordSwap,520,0.9331274032592773
infoxlm_base,microsoft/infoxlm-base,7,2LocalWordSwap,521,0.9926034808158875
infoxlm_base,microsoft/infoxlm-base,7,2LocalWordSwap,522,0.9436793923377991
infoxlm_base,microsoft/infoxlm-base,7,2LocalWordSwap,523,0.9480615854263306
infoxlm_base,microsoft/infoxlm-base,7,2LocalWordSwap,524,0.9307182431221008
infoxlm_base,microsoft/infoxlm-base,7,2LocalWordSwap,525,0.9330810904502869
infoxlm_base,microsoft/infoxlm-base,7,2LocalWordSwap,526,0.9380481243133545
infoxlm_base,microsoft/infoxlm-base,7,2LocalWordSwap,527,0.9252908825874329
infoxlm_base,microsoft/infoxlm-base,7,2LocalWordSwap,528,0.9183943867683411
infoxlm_base,microsoft/infoxlm-base,7,2LocalWordSwap,529,0.9270945191383362
infoxlm_base,microsoft/infoxlm-base,7,2LocalWordSwap,530,0.9366356134414673
infoxlm_base,microsoft/infoxlm-base,7,2LocalWordSwap,531,0.958454966545105
infoxlm_base,microsoft/infoxlm-base,7,2LocalWordSwap,532,0.9540882110595703
infoxlm_base,microsoft/infoxlm-base,7,2LocalWordSwap,533,0.9217991232872009
infoxlm_base,microsoft/infoxlm-base,7,2LocalWordSwap,534,0.9505476355552673
infoxlm_base,microsoft/infoxlm-base,7,2LocalWordSwap,535,0.9407109022140503
infoxlm_base,microsoft/infoxlm-base,7,2LocalWordSwap,536,0.9427370429039001
infoxlm_base,microsoft/infoxlm-base,7,2LocalWordSwap,537,0.9957631826400757
infoxlm_base,microsoft/infoxlm-base,7,2LocalWordSwap,538,0.9372910857200623
infoxlm_base,microsoft/infoxlm-base,7,2LocalWordSwap,539,0.9313418865203857
infoxlm_base,microsoft/infoxlm-base,7,2LocalWordSwap,540,0.9312785863876343
infoxlm_base,microsoft/infoxlm-base,7,2LocalWordSwap,541,0.9254440665245056
infoxlm_base,microsoft/infoxlm-base,7,2LocalWordSwap,542,0.9281716346740723
infoxlm_base,microsoft/infoxlm-base,7,2LocalWordSwap,543,0.998036801815033
infoxlm_base,microsoft/infoxlm-base,7,2LocalWordSwap,544,0.9423420429229736
infoxlm_base,microsoft/infoxlm-base,7,2LocalWordSwap,545,0.9405155181884766
infoxlm_base,microsoft/infoxlm-base,7,2LocalWordSwap,546,0.9279478192329407
infoxlm_base,microsoft/infoxlm-base,7,2LocalWordSwap,547,0.9091123342514038
infoxlm_base,microsoft/infoxlm-base,7,2LocalWordSwap,548,0.9096906185150146
infoxlm_base,microsoft/infoxlm-base,7,2LocalWordSwap,549,0.9208978414535522
infoxlm_base,microsoft/infoxlm-base,7,2LocalWordSwap,550,0.9054716229438782
infoxlm_base,microsoft/infoxlm-base,7,2LocalWordSwap,551,0.9225658774375916
infoxlm_base,microsoft/infoxlm-base,7,2LocalWordSwap,552,0.9173182249069214
infoxlm_base,microsoft/infoxlm-base,7,2LocalWordSwap,553,0.9220852851867676
infoxlm_base,microsoft/infoxlm-base,7,2LocalWordSwap,554,0.9326521754264832
infoxlm_base,microsoft/infoxlm-base,7,2LocalWordSwap,555,0.9134518504142761
infoxlm_base,microsoft/infoxlm-base,7,2LocalWordSwap,556,0.9895870685577393
infoxlm_base,microsoft/infoxlm-base,7,2LocalWordSwap,557,0.9374201893806458
infoxlm_base,microsoft/infoxlm-base,7,2LocalWordSwap,558,0.9110763669013977
infoxlm_base,microsoft/infoxlm-base,7,2LocalWordSwap,559,0.9442874789237976
infoxlm_base,microsoft/infoxlm-base,7,2LocalWordSwap,560,0.9973562955856323
infoxlm_base,microsoft/infoxlm-base,7,2LocalWordSwap,561,0.9217026829719543
infoxlm_base,microsoft/infoxlm-base,7,2LocalWordSwap,562,0.9355193972587585
infoxlm_base,microsoft/infoxlm-base,7,2LocalWordSwap,563,0.9411361813545227
infoxlm_base,microsoft/infoxlm-base,7,2LocalWordSwap,564,0.9247766137123108
infoxlm_base,microsoft/infoxlm-base,7,2LocalWordSwap,565,0.9346117377281189
infoxlm_base,microsoft/infoxlm-base,7,2LocalWordSwap,566,0.9949197769165039
infoxlm_base,microsoft/infoxlm-base,7,2LocalWordSwap,567,0.9284525513648987
infoxlm_base,microsoft/infoxlm-base,7,2LocalWordSwap,568,0.9243468642234802
infoxlm_base,microsoft/infoxlm-base,7,2LocalWordSwap,569,0.99128657579422
infoxlm_base,microsoft/infoxlm-base,7,2LocalWordSwap,570,0.9943133592605591
infoxlm_base,microsoft/infoxlm-base,7,2LocalWordSwap,571,0.9508285522460938
infoxlm_base,microsoft/infoxlm-base,7,2LocalWordSwap,572,0.9384570121765137
infoxlm_base,microsoft/infoxlm-base,7,2LocalWordSwap,573,0.9303176403045654
infoxlm_base,microsoft/infoxlm-base,7,2LocalWordSwap,574,0.9427493810653687
infoxlm_base,microsoft/infoxlm-base,7,2LocalWordSwap,575,0.9149917960166931
infoxlm_base,microsoft/infoxlm-base,7,2LocalWordSwap,576,0.9204493761062622
infoxlm_base,microsoft/infoxlm-base,7,2LocalWordSwap,577,0.9674680233001709
infoxlm_base,microsoft/infoxlm-base,7,2LocalWordSwap,578,0.9384111762046814
infoxlm_base,microsoft/infoxlm-base,7,2LocalWordSwap,579,0.989214301109314
infoxlm_base,microsoft/infoxlm-base,7,2LocalWordSwap,580,0.9401364326477051
infoxlm_base,microsoft/infoxlm-base,7,2LocalWordSwap,581,0.925308883190155
infoxlm_base,microsoft/infoxlm-base,7,2LocalWordSwap,582,0.9424033761024475
infoxlm_base,microsoft/infoxlm-base,7,2LocalWordSwap,583,0.9284087419509888
infoxlm_base,microsoft/infoxlm-base,7,2LocalWordSwap,584,0.9982655048370361
infoxlm_base,microsoft/infoxlm-base,7,2LocalWordSwap,585,0.9359724521636963
infoxlm_base,microsoft/infoxlm-base,7,2LocalWordSwap,586,0.9334603548049927
infoxlm_base,microsoft/infoxlm-base,7,2LocalWordSwap,587,0.9376115798950195
infoxlm_base,microsoft/infoxlm-base,7,2LocalWordSwap,588,0.9236946105957031
infoxlm_base,microsoft/infoxlm-base,7,2LocalWordSwap,589,0.9961355924606323
infoxlm_base,microsoft/infoxlm-base,7,2LocalWordSwap,590,0.9594263434410095
infoxlm_base,microsoft/infoxlm-base,7,2LocalWordSwap,591,0.9257625341415405
infoxlm_base,microsoft/infoxlm-base,7,2LocalWordSwap,592,0.9547597169876099
infoxlm_base,microsoft/infoxlm-base,7,2LocalWordSwap,593,0.943092942237854
infoxlm_base,microsoft/infoxlm-base,7,2LocalWordSwap,594,0.9402651786804199
infoxlm_base,microsoft/infoxlm-base,7,2LocalWordSwap,595,0.9816864728927612
infoxlm_base,microsoft/infoxlm-base,7,2LocalWordSwap,596,0.9956678152084351
infoxlm_base,microsoft/infoxlm-base,7,2LocalWordSwap,597,0.9369972944259644
infoxlm_base,microsoft/infoxlm-base,7,2LocalWordSwap,598,0.914817214012146
infoxlm_base,microsoft/infoxlm-base,7,2LocalWordSwap,599,0.9676764011383057
infoxlm_base,microsoft/infoxlm-base,7,2LocalWordSwap,600,0.9242826700210571
infoxlm_base,microsoft/infoxlm-base,7,2LocalWordSwap,601,0.9217519760131836
infoxlm_base,microsoft/infoxlm-base,7,2LocalWordSwap,602,0.9257846474647522
infoxlm_base,microsoft/infoxlm-base,7,2LocalWordSwap,603,0.9327148199081421
infoxlm_base,microsoft/infoxlm-base,7,2LocalWordSwap,604,0.9539633393287659
infoxlm_base,microsoft/infoxlm-base,7,2LocalWordSwap,605,0.9364972114562988
infoxlm_base,microsoft/infoxlm-base,7,2LocalWordSwap,606,0.9254816770553589
infoxlm_base,microsoft/infoxlm-base,7,2LocalWordSwap,607,0.9407250881195068
infoxlm_base,microsoft/infoxlm-base,7,2LocalWordSwap,608,0.9069164395332336
infoxlm_base,microsoft/infoxlm-base,7,2LocalWordSwap,609,0.9550946950912476
infoxlm_base,microsoft/infoxlm-base,7,2LocalWordSwap,610,0.9224451780319214
infoxlm_base,microsoft/infoxlm-base,7,2LocalWordSwap,611,0.9281363487243652
infoxlm_base,microsoft/infoxlm-base,7,2LocalWordSwap,612,0.9425913691520691
infoxlm_base,microsoft/infoxlm-base,7,2LocalWordSwap,613,0.921272337436676
infoxlm_base,microsoft/infoxlm-base,7,2LocalWordSwap,614,0.9489893913269043
infoxlm_base,microsoft/infoxlm-base,7,2LocalWordSwap,615,0.9983425140380859
infoxlm_base,microsoft/infoxlm-base,7,2LocalWordSwap,616,0.9606645107269287
infoxlm_base,microsoft/infoxlm-base,7,2LocalWordSwap,617,0.9198122024536133
infoxlm_base,microsoft/infoxlm-base,7,2LocalWordSwap,618,0.9262009859085083
infoxlm_base,microsoft/infoxlm-base,7,2LocalWordSwap,619,0.9335174560546875
infoxlm_base,microsoft/infoxlm-base,7,2LocalWordSwap,620,0.9975667595863342
infoxlm_base,microsoft/infoxlm-base,7,2LocalWordSwap,621,0.928656816482544
infoxlm_base,microsoft/infoxlm-base,7,2LocalWordSwap,622,0.9935845732688904
infoxlm_base,microsoft/infoxlm-base,7,2LocalWordSwap,623,0.9339087605476379
infoxlm_base,microsoft/infoxlm-base,7,2LocalWordSwap,624,0.929205596446991
infoxlm_base,microsoft/infoxlm-base,7,2LocalWordSwap,625,0.9342622756958008
infoxlm_base,microsoft/infoxlm-base,7,2LocalWordSwap,626,0.997896671295166
infoxlm_base,microsoft/infoxlm-base,7,3LocalWordSwaps,0,0.9200390577316284
infoxlm_base,microsoft/infoxlm-base,7,3LocalWordSwaps,1,0.9163147211074829
infoxlm_base,microsoft/infoxlm-base,7,3LocalWordSwaps,2,0.9371964335441589
infoxlm_base,microsoft/infoxlm-base,7,3LocalWordSwaps,3,0.9643388986587524
infoxlm_base,microsoft/infoxlm-base,7,3LocalWordSwaps,4,0.9289218187332153
infoxlm_base,microsoft/infoxlm-base,7,3LocalWordSwaps,5,0.9337180852890015
infoxlm_base,microsoft/infoxlm-base,7,3LocalWordSwaps,6,0.9368674755096436
infoxlm_base,microsoft/infoxlm-base,7,3LocalWordSwaps,7,0.9911465644836426
infoxlm_base,microsoft/infoxlm-base,7,3LocalWordSwaps,8,0.9110238552093506
infoxlm_base,microsoft/infoxlm-base,7,3LocalWordSwaps,9,0.9351369738578796
infoxlm_base,microsoft/infoxlm-base,7,3LocalWordSwaps,10,0.9074512720108032
infoxlm_base,microsoft/infoxlm-base,7,3LocalWordSwaps,11,0.9538367390632629
infoxlm_base,microsoft/infoxlm-base,7,3LocalWordSwaps,12,0.9064790606498718
infoxlm_base,microsoft/infoxlm-base,7,3LocalWordSwaps,13,0.9393283724784851
infoxlm_base,microsoft/infoxlm-base,7,3LocalWordSwaps,14,0.9239874482154846
infoxlm_base,microsoft/infoxlm-base,7,3LocalWordSwaps,15,0.9543305039405823
infoxlm_base,microsoft/infoxlm-base,7,3LocalWordSwaps,16,0.8978065252304077
infoxlm_base,microsoft/infoxlm-base,7,3LocalWordSwaps,17,0.9330943822860718
infoxlm_base,microsoft/infoxlm-base,7,3LocalWordSwaps,18,0.9495397806167603
infoxlm_base,microsoft/infoxlm-base,7,3LocalWordSwaps,19,0.9894307255744934
infoxlm_base,microsoft/infoxlm-base,7,3LocalWordSwaps,20,0.904141366481781
infoxlm_base,microsoft/infoxlm-base,7,3LocalWordSwaps,21,0.9545936584472656
infoxlm_base,microsoft/infoxlm-base,7,3LocalWordSwaps,22,0.9321726560592651
infoxlm_base,microsoft/infoxlm-base,7,3LocalWordSwaps,23,0.9381150007247925
infoxlm_base,microsoft/infoxlm-base,7,3LocalWordSwaps,24,0.9279902577400208
infoxlm_base,microsoft/infoxlm-base,7,3LocalWordSwaps,25,0.9256069660186768
infoxlm_base,microsoft/infoxlm-base,7,3LocalWordSwaps,26,0.915803849697113
infoxlm_base,microsoft/infoxlm-base,7,3LocalWordSwaps,27,0.9211418032646179
infoxlm_base,microsoft/infoxlm-base,7,3LocalWordSwaps,28,0.9422624111175537
infoxlm_base,microsoft/infoxlm-base,7,3LocalWordSwaps,29,0.9426966905593872
infoxlm_base,microsoft/infoxlm-base,7,3LocalWordSwaps,30,0.9347948431968689
infoxlm_base,microsoft/infoxlm-base,7,3LocalWordSwaps,31,0.9933512210845947
infoxlm_base,microsoft/infoxlm-base,7,3LocalWordSwaps,32,0.9344241619110107
infoxlm_base,microsoft/infoxlm-base,7,3LocalWordSwaps,33,0.9114645719528198
infoxlm_base,microsoft/infoxlm-base,7,3LocalWordSwaps,34,0.9333820343017578
infoxlm_base,microsoft/infoxlm-base,7,3LocalWordSwaps,35,0.9171606302261353
infoxlm_base,microsoft/infoxlm-base,7,3LocalWordSwaps,36,0.9426360130310059
infoxlm_base,microsoft/infoxlm-base,7,3LocalWordSwaps,37,0.9137049913406372
infoxlm_base,microsoft/infoxlm-base,7,3LocalWordSwaps,38,0.9205874800682068
infoxlm_base,microsoft/infoxlm-base,7,3LocalWordSwaps,39,0.9480897784233093
infoxlm_base,microsoft/infoxlm-base,7,3LocalWordSwaps,40,0.9343346953392029
infoxlm_base,microsoft/infoxlm-base,7,3LocalWordSwaps,41,0.9488552808761597
infoxlm_base,microsoft/infoxlm-base,7,3LocalWordSwaps,42,0.958270251750946
infoxlm_base,microsoft/infoxlm-base,7,3LocalWordSwaps,43,0.930077314376831
infoxlm_base,microsoft/infoxlm-base,7,3LocalWordSwaps,44,0.9196574687957764
infoxlm_base,microsoft/infoxlm-base,7,3LocalWordSwaps,45,0.9370546936988831
infoxlm_base,microsoft/infoxlm-base,7,3LocalWordSwaps,46,0.9211634993553162
infoxlm_base,microsoft/infoxlm-base,7,3LocalWordSwaps,47,0.9568499326705933
infoxlm_base,microsoft/infoxlm-base,7,3LocalWordSwaps,48,0.9587264657020569
infoxlm_base,microsoft/infoxlm-base,7,3LocalWordSwaps,49,0.9850654602050781
infoxlm_base,microsoft/infoxlm-base,7,3LocalWordSwaps,50,0.9334113001823425
infoxlm_base,microsoft/infoxlm-base,7,3LocalWordSwaps,51,0.923042893409729
infoxlm_base,microsoft/infoxlm-base,7,3LocalWordSwaps,52,0.9216595888137817
infoxlm_base,microsoft/infoxlm-base,7,3LocalWordSwaps,53,0.93520587682724
infoxlm_base,microsoft/infoxlm-base,7,3LocalWordSwaps,54,0.9844552278518677
infoxlm_base,microsoft/infoxlm-base,7,3LocalWordSwaps,55,0.9262169599533081
infoxlm_base,microsoft/infoxlm-base,7,3LocalWordSwaps,56,0.9322510361671448
infoxlm_base,microsoft/infoxlm-base,7,3LocalWordSwaps,57,0.9295850992202759
infoxlm_base,microsoft/infoxlm-base,7,3LocalWordSwaps,58,0.949038028717041
infoxlm_base,microsoft/infoxlm-base,7,3LocalWordSwaps,59,0.91238933801651
infoxlm_base,microsoft/infoxlm-base,7,3LocalWordSwaps,60,0.931660532951355
infoxlm_base,microsoft/infoxlm-base,7,3LocalWordSwaps,61,0.8856980204582214
infoxlm_base,microsoft/infoxlm-base,7,3LocalWordSwaps,62,0.923191487789154
infoxlm_base,microsoft/infoxlm-base,7,3LocalWordSwaps,63,0.9483619928359985
infoxlm_base,microsoft/infoxlm-base,7,3LocalWordSwaps,64,0.9251660108566284
infoxlm_base,microsoft/infoxlm-base,7,3LocalWordSwaps,65,0.9413420557975769
infoxlm_base,microsoft/infoxlm-base,7,3LocalWordSwaps,66,0.9227086305618286
infoxlm_base,microsoft/infoxlm-base,7,3LocalWordSwaps,67,0.9331517219543457
infoxlm_base,microsoft/infoxlm-base,7,3LocalWordSwaps,68,0.989883303642273
infoxlm_base,microsoft/infoxlm-base,7,3LocalWordSwaps,69,0.9365777969360352
infoxlm_base,microsoft/infoxlm-base,7,3LocalWordSwaps,70,0.9351428747177124
infoxlm_base,microsoft/infoxlm-base,7,3LocalWordSwaps,71,0.9310585260391235
infoxlm_base,microsoft/infoxlm-base,7,3LocalWordSwaps,72,0.9395803809165955
infoxlm_base,microsoft/infoxlm-base,7,3LocalWordSwaps,73,0.916893482208252
infoxlm_base,microsoft/infoxlm-base,7,3LocalWordSwaps,74,0.935799241065979
infoxlm_base,microsoft/infoxlm-base,7,3LocalWordSwaps,75,0.9223564863204956
infoxlm_base,microsoft/infoxlm-base,7,3LocalWordSwaps,76,0.9178523421287537
infoxlm_base,microsoft/infoxlm-base,7,3LocalWordSwaps,77,0.9344404935836792
infoxlm_base,microsoft/infoxlm-base,7,3LocalWordSwaps,78,0.9243678450584412
infoxlm_base,microsoft/infoxlm-base,7,3LocalWordSwaps,79,0.9477600455284119
infoxlm_base,microsoft/infoxlm-base,7,3LocalWordSwaps,80,0.9381518363952637
infoxlm_base,microsoft/infoxlm-base,7,3LocalWordSwaps,81,0.938398003578186
infoxlm_base,microsoft/infoxlm-base,7,3LocalWordSwaps,82,0.9586151242256165
infoxlm_base,microsoft/infoxlm-base,7,3LocalWordSwaps,83,0.9237346053123474
infoxlm_base,microsoft/infoxlm-base,7,3LocalWordSwaps,84,0.9384555816650391
infoxlm_base,microsoft/infoxlm-base,7,3LocalWordSwaps,85,0.9350968599319458
infoxlm_base,microsoft/infoxlm-base,7,3LocalWordSwaps,86,0.927943766117096
infoxlm_base,microsoft/infoxlm-base,7,3LocalWordSwaps,87,0.9238923192024231
infoxlm_base,microsoft/infoxlm-base,7,3LocalWordSwaps,88,0.926301121711731
infoxlm_base,microsoft/infoxlm-base,7,3LocalWordSwaps,89,0.9323251247406006
infoxlm_base,microsoft/infoxlm-base,7,3LocalWordSwaps,90,0.9584202766418457
infoxlm_base,microsoft/infoxlm-base,7,3LocalWordSwaps,91,0.9417027235031128
infoxlm_base,microsoft/infoxlm-base,7,3LocalWordSwaps,92,0.9332669377326965
infoxlm_base,microsoft/infoxlm-base,7,3LocalWordSwaps,93,0.9967852234840393
infoxlm_base,microsoft/infoxlm-base,7,3LocalWordSwaps,94,0.9061567783355713
infoxlm_base,microsoft/infoxlm-base,7,3LocalWordSwaps,95,0.916464626789093
infoxlm_base,microsoft/infoxlm-base,7,3LocalWordSwaps,96,0.9706273078918457
infoxlm_base,microsoft/infoxlm-base,7,3LocalWordSwaps,97,0.9160773158073425
infoxlm_base,microsoft/infoxlm-base,7,3LocalWordSwaps,98,0.9828513264656067
infoxlm_base,microsoft/infoxlm-base,7,3LocalWordSwaps,99,0.9888471961021423
infoxlm_base,microsoft/infoxlm-base,7,3LocalWordSwaps,100,0.9884153008460999
infoxlm_base,microsoft/infoxlm-base,7,3LocalWordSwaps,101,0.9344265460968018
infoxlm_base,microsoft/infoxlm-base,7,3LocalWordSwaps,102,0.94062739610672
infoxlm_base,microsoft/infoxlm-base,7,3LocalWordSwaps,103,0.9839653372764587
infoxlm_base,microsoft/infoxlm-base,7,3LocalWordSwaps,104,0.933912456035614
infoxlm_base,microsoft/infoxlm-base,7,3LocalWordSwaps,105,0.9822046756744385
infoxlm_base,microsoft/infoxlm-base,7,3LocalWordSwaps,106,0.9220013618469238
infoxlm_base,microsoft/infoxlm-base,7,3LocalWordSwaps,107,0.93022221326828
infoxlm_base,microsoft/infoxlm-base,7,3LocalWordSwaps,108,0.9117653369903564
infoxlm_base,microsoft/infoxlm-base,7,3LocalWordSwaps,109,0.9880795478820801
infoxlm_base,microsoft/infoxlm-base,7,3LocalWordSwaps,110,0.9224274754524231
infoxlm_base,microsoft/infoxlm-base,7,3LocalWordSwaps,111,0.9426952004432678
infoxlm_base,microsoft/infoxlm-base,7,3LocalWordSwaps,112,0.9159887433052063
infoxlm_base,microsoft/infoxlm-base,7,3LocalWordSwaps,113,0.957537829875946
infoxlm_base,microsoft/infoxlm-base,7,3LocalWordSwaps,114,0.9592210054397583
infoxlm_base,microsoft/infoxlm-base,7,3LocalWordSwaps,115,0.9370356202125549
infoxlm_base,microsoft/infoxlm-base,7,3LocalWordSwaps,116,0.9518208503723145
infoxlm_base,microsoft/infoxlm-base,7,3LocalWordSwaps,117,0.9142378568649292
infoxlm_base,microsoft/infoxlm-base,7,3LocalWordSwaps,118,0.943467378616333
infoxlm_base,microsoft/infoxlm-base,7,3LocalWordSwaps,119,0.928435742855072
infoxlm_base,microsoft/infoxlm-base,7,3LocalWordSwaps,120,0.9936094284057617
infoxlm_base,microsoft/infoxlm-base,7,3LocalWordSwaps,121,0.931549072265625
infoxlm_base,microsoft/infoxlm-base,7,3LocalWordSwaps,122,0.9399642944335938
infoxlm_base,microsoft/infoxlm-base,7,3LocalWordSwaps,123,0.9293616414070129
infoxlm_base,microsoft/infoxlm-base,7,3LocalWordSwaps,124,0.9226695895195007
infoxlm_base,microsoft/infoxlm-base,7,3LocalWordSwaps,125,0.9373509287834167
infoxlm_base,microsoft/infoxlm-base,7,3LocalWordSwaps,126,0.933768630027771
infoxlm_base,microsoft/infoxlm-base,7,3LocalWordSwaps,127,0.9257788062095642
infoxlm_base,microsoft/infoxlm-base,7,3LocalWordSwaps,128,0.9309830665588379
infoxlm_base,microsoft/infoxlm-base,7,3LocalWordSwaps,129,0.9469754695892334
infoxlm_base,microsoft/infoxlm-base,7,3LocalWordSwaps,130,0.9299789071083069
infoxlm_base,microsoft/infoxlm-base,7,3LocalWordSwaps,131,0.9960014820098877
infoxlm_base,microsoft/infoxlm-base,7,3LocalWordSwaps,132,0.9199280738830566
infoxlm_base,microsoft/infoxlm-base,7,3LocalWordSwaps,133,0.9404304027557373
infoxlm_base,microsoft/infoxlm-base,7,3LocalWordSwaps,134,0.9177799820899963
infoxlm_base,microsoft/infoxlm-base,7,3LocalWordSwaps,135,0.932927668094635
infoxlm_base,microsoft/infoxlm-base,7,3LocalWordSwaps,136,0.9314064383506775
infoxlm_base,microsoft/infoxlm-base,7,3LocalWordSwaps,137,0.9423528909683228
infoxlm_base,microsoft/infoxlm-base,7,3LocalWordSwaps,138,0.9914748668670654
infoxlm_base,microsoft/infoxlm-base,7,3LocalWordSwaps,139,0.9393650889396667
infoxlm_base,microsoft/infoxlm-base,7,3LocalWordSwaps,140,0.9949887990951538
infoxlm_base,microsoft/infoxlm-base,7,3LocalWordSwaps,141,0.924105167388916
infoxlm_base,microsoft/infoxlm-base,7,3LocalWordSwaps,142,0.9268927574157715
infoxlm_base,microsoft/infoxlm-base,7,3LocalWordSwaps,143,0.9528286457061768
infoxlm_base,microsoft/infoxlm-base,7,3LocalWordSwaps,144,0.9369637966156006
infoxlm_base,microsoft/infoxlm-base,7,3LocalWordSwaps,145,0.9276240468025208
infoxlm_base,microsoft/infoxlm-base,7,3LocalWordSwaps,146,0.8913354873657227
infoxlm_base,microsoft/infoxlm-base,7,3LocalWordSwaps,147,0.9804574251174927
infoxlm_base,microsoft/infoxlm-base,7,3LocalWordSwaps,148,0.9109769463539124
infoxlm_base,microsoft/infoxlm-base,7,3LocalWordSwaps,149,0.9524683356285095
infoxlm_base,microsoft/infoxlm-base,7,3LocalWordSwaps,150,0.9379857182502747
infoxlm_base,microsoft/infoxlm-base,7,3LocalWordSwaps,151,0.9216004610061646
infoxlm_base,microsoft/infoxlm-base,7,3LocalWordSwaps,152,0.9127882719039917
infoxlm_base,microsoft/infoxlm-base,7,3LocalWordSwaps,153,0.9178199768066406
infoxlm_base,microsoft/infoxlm-base,7,3LocalWordSwaps,154,0.9842378497123718
infoxlm_base,microsoft/infoxlm-base,7,3LocalWordSwaps,155,0.9432153105735779
infoxlm_base,microsoft/infoxlm-base,7,3LocalWordSwaps,156,0.9194064736366272
infoxlm_base,microsoft/infoxlm-base,7,3LocalWordSwaps,157,0.9229589700698853
infoxlm_base,microsoft/infoxlm-base,7,3LocalWordSwaps,158,0.9424782395362854
infoxlm_base,microsoft/infoxlm-base,7,3LocalWordSwaps,159,0.9279364347457886
infoxlm_base,microsoft/infoxlm-base,7,3LocalWordSwaps,160,0.9380382299423218
infoxlm_base,microsoft/infoxlm-base,7,3LocalWordSwaps,161,0.9214734435081482
infoxlm_base,microsoft/infoxlm-base,7,3LocalWordSwaps,162,0.954861044883728
infoxlm_base,microsoft/infoxlm-base,7,3LocalWordSwaps,163,0.8816096782684326
infoxlm_base,microsoft/infoxlm-base,7,3LocalWordSwaps,164,0.9446326494216919
infoxlm_base,microsoft/infoxlm-base,7,3LocalWordSwaps,165,0.9178293943405151
infoxlm_base,microsoft/infoxlm-base,7,3LocalWordSwaps,166,0.9929558634757996
infoxlm_base,microsoft/infoxlm-base,7,3LocalWordSwaps,167,0.9336370825767517
infoxlm_base,microsoft/infoxlm-base,7,3LocalWordSwaps,168,0.9904260635375977
infoxlm_base,microsoft/infoxlm-base,7,3LocalWordSwaps,169,0.9336501955986023
infoxlm_base,microsoft/infoxlm-base,7,3LocalWordSwaps,170,0.9361491799354553
infoxlm_base,microsoft/infoxlm-base,7,3LocalWordSwaps,171,0.9113035202026367
infoxlm_base,microsoft/infoxlm-base,7,3LocalWordSwaps,172,0.928954005241394
infoxlm_base,microsoft/infoxlm-base,7,3LocalWordSwaps,173,0.9334496259689331
infoxlm_base,microsoft/infoxlm-base,7,3LocalWordSwaps,174,0.9326549172401428
infoxlm_base,microsoft/infoxlm-base,7,3LocalWordSwaps,175,0.9239047765731812
infoxlm_base,microsoft/infoxlm-base,7,3LocalWordSwaps,176,0.9257866144180298
infoxlm_base,microsoft/infoxlm-base,7,3LocalWordSwaps,177,0.9274532794952393
infoxlm_base,microsoft/infoxlm-base,7,3LocalWordSwaps,178,0.9178987741470337
infoxlm_base,microsoft/infoxlm-base,7,3LocalWordSwaps,179,0.9956667423248291
infoxlm_base,microsoft/infoxlm-base,7,3LocalWordSwaps,180,0.9141812324523926
infoxlm_base,microsoft/infoxlm-base,7,3LocalWordSwaps,181,0.9203556776046753
infoxlm_base,microsoft/infoxlm-base,7,3LocalWordSwaps,182,0.9604004621505737
infoxlm_base,microsoft/infoxlm-base,7,3LocalWordSwaps,183,0.947799801826477
infoxlm_base,microsoft/infoxlm-base,7,3LocalWordSwaps,184,0.9323292970657349
infoxlm_base,microsoft/infoxlm-base,7,3LocalWordSwaps,185,0.9203765392303467
infoxlm_base,microsoft/infoxlm-base,7,3LocalWordSwaps,186,0.930784285068512
infoxlm_base,microsoft/infoxlm-base,7,3LocalWordSwaps,187,0.9125139713287354
infoxlm_base,microsoft/infoxlm-base,7,3LocalWordSwaps,188,0.9491652846336365
infoxlm_base,microsoft/infoxlm-base,7,3LocalWordSwaps,189,0.9421613216400146
infoxlm_base,microsoft/infoxlm-base,7,3LocalWordSwaps,190,0.9311999082565308
infoxlm_base,microsoft/infoxlm-base,7,3LocalWordSwaps,191,0.9183719158172607
infoxlm_base,microsoft/infoxlm-base,7,3LocalWordSwaps,192,0.9160546064376831
infoxlm_base,microsoft/infoxlm-base,7,3LocalWordSwaps,193,0.9372533559799194
infoxlm_base,microsoft/infoxlm-base,7,3LocalWordSwaps,194,0.9262782335281372
infoxlm_base,microsoft/infoxlm-base,7,3LocalWordSwaps,195,0.9244866967201233
infoxlm_base,microsoft/infoxlm-base,7,3LocalWordSwaps,196,0.9119102954864502
infoxlm_base,microsoft/infoxlm-base,7,3LocalWordSwaps,197,0.9240882992744446
infoxlm_base,microsoft/infoxlm-base,7,3LocalWordSwaps,198,0.9477867484092712
infoxlm_base,microsoft/infoxlm-base,7,3LocalWordSwaps,199,0.9162577390670776
infoxlm_base,microsoft/infoxlm-base,7,3LocalWordSwaps,200,0.9301754236221313
infoxlm_base,microsoft/infoxlm-base,7,3LocalWordSwaps,201,0.911239743232727
infoxlm_base,microsoft/infoxlm-base,7,3LocalWordSwaps,202,0.9480075240135193
infoxlm_base,microsoft/infoxlm-base,7,3LocalWordSwaps,203,0.923314094543457
infoxlm_base,microsoft/infoxlm-base,7,3LocalWordSwaps,204,0.9482254981994629
infoxlm_base,microsoft/infoxlm-base,7,3LocalWordSwaps,205,0.9342021346092224
infoxlm_base,microsoft/infoxlm-base,7,3LocalWordSwaps,206,0.9071389436721802
infoxlm_base,microsoft/infoxlm-base,7,3LocalWordSwaps,207,0.9877085089683533
infoxlm_base,microsoft/infoxlm-base,7,3LocalWordSwaps,208,0.9475618600845337
infoxlm_base,microsoft/infoxlm-base,7,3LocalWordSwaps,209,0.9211561679840088
infoxlm_base,microsoft/infoxlm-base,7,3LocalWordSwaps,210,0.9236636161804199
infoxlm_base,microsoft/infoxlm-base,7,3LocalWordSwaps,211,0.9208990335464478
infoxlm_base,microsoft/infoxlm-base,7,3LocalWordSwaps,212,0.9224575757980347
infoxlm_base,microsoft/infoxlm-base,7,3LocalWordSwaps,213,0.9183139801025391
infoxlm_base,microsoft/infoxlm-base,7,3LocalWordSwaps,214,0.9380865097045898
infoxlm_base,microsoft/infoxlm-base,7,3LocalWordSwaps,215,0.991272509098053
infoxlm_base,microsoft/infoxlm-base,7,3LocalWordSwaps,216,0.9496670961380005
infoxlm_base,microsoft/infoxlm-base,7,3LocalWordSwaps,217,0.9199955463409424
infoxlm_base,microsoft/infoxlm-base,7,3LocalWordSwaps,218,0.9401179552078247
infoxlm_base,microsoft/infoxlm-base,7,3LocalWordSwaps,219,0.9384015202522278
infoxlm_base,microsoft/infoxlm-base,7,3LocalWordSwaps,220,0.9336945414543152
infoxlm_base,microsoft/infoxlm-base,7,3LocalWordSwaps,221,0.9914778470993042
infoxlm_base,microsoft/infoxlm-base,7,3LocalWordSwaps,222,0.9315578937530518
infoxlm_base,microsoft/infoxlm-base,7,3LocalWordSwaps,223,0.9475464820861816
infoxlm_base,microsoft/infoxlm-base,7,3LocalWordSwaps,224,0.9298394322395325
infoxlm_base,microsoft/infoxlm-base,7,3LocalWordSwaps,225,0.9467889070510864
infoxlm_base,microsoft/infoxlm-base,7,3LocalWordSwaps,226,0.9085670709609985
infoxlm_base,microsoft/infoxlm-base,7,3LocalWordSwaps,227,0.9393337965011597
infoxlm_base,microsoft/infoxlm-base,7,3LocalWordSwaps,228,0.908114492893219
infoxlm_base,microsoft/infoxlm-base,7,3LocalWordSwaps,229,0.9195482134819031
infoxlm_base,microsoft/infoxlm-base,7,3LocalWordSwaps,230,0.9974595904350281
infoxlm_base,microsoft/infoxlm-base,7,3LocalWordSwaps,231,0.9235372543334961
infoxlm_base,microsoft/infoxlm-base,7,3LocalWordSwaps,232,0.9923067688941956
infoxlm_base,microsoft/infoxlm-base,7,3LocalWordSwaps,233,0.9326330423355103
infoxlm_base,microsoft/infoxlm-base,7,3LocalWordSwaps,234,0.9233303666114807
infoxlm_base,microsoft/infoxlm-base,7,3LocalWordSwaps,235,0.9289126992225647
infoxlm_base,microsoft/infoxlm-base,7,3LocalWordSwaps,236,0.933491051197052
infoxlm_base,microsoft/infoxlm-base,7,3LocalWordSwaps,237,0.928558886051178
infoxlm_base,microsoft/infoxlm-base,7,3LocalWordSwaps,238,0.9301698207855225
infoxlm_base,microsoft/infoxlm-base,7,3LocalWordSwaps,239,0.9200620055198669
infoxlm_base,microsoft/infoxlm-base,7,3LocalWordSwaps,240,0.9435938596725464
infoxlm_base,microsoft/infoxlm-base,7,3LocalWordSwaps,241,0.9254747033119202
infoxlm_base,microsoft/infoxlm-base,7,3LocalWordSwaps,242,0.9282274842262268
infoxlm_base,microsoft/infoxlm-base,7,3LocalWordSwaps,243,0.9073613882064819
infoxlm_base,microsoft/infoxlm-base,7,3LocalWordSwaps,244,0.9176558256149292
infoxlm_base,microsoft/infoxlm-base,7,3LocalWordSwaps,245,0.9160963892936707
infoxlm_base,microsoft/infoxlm-base,7,3LocalWordSwaps,246,0.9065291881561279
infoxlm_base,microsoft/infoxlm-base,7,3LocalWordSwaps,247,0.9388210773468018
infoxlm_base,microsoft/infoxlm-base,7,3LocalWordSwaps,248,0.9940018653869629
infoxlm_base,microsoft/infoxlm-base,7,3LocalWordSwaps,249,0.9143361449241638
infoxlm_base,microsoft/infoxlm-base,7,3LocalWordSwaps,250,0.9226505160331726
infoxlm_base,microsoft/infoxlm-base,7,3LocalWordSwaps,251,0.9194910526275635
infoxlm_base,microsoft/infoxlm-base,7,3LocalWordSwaps,252,0.9898565411567688
infoxlm_base,microsoft/infoxlm-base,7,3LocalWordSwaps,253,0.9344602227210999
infoxlm_base,microsoft/infoxlm-base,7,3LocalWordSwaps,254,0.9874018430709839
infoxlm_base,microsoft/infoxlm-base,7,3LocalWordSwaps,255,0.9923332333564758
infoxlm_base,microsoft/infoxlm-base,7,3LocalWordSwaps,256,0.9350135326385498
infoxlm_base,microsoft/infoxlm-base,7,3LocalWordSwaps,257,0.9312489032745361
infoxlm_base,microsoft/infoxlm-base,7,3LocalWordSwaps,258,0.9258127212524414
infoxlm_base,microsoft/infoxlm-base,7,3LocalWordSwaps,259,0.9450120329856873
infoxlm_base,microsoft/infoxlm-base,7,3LocalWordSwaps,260,0.9338030815124512
infoxlm_base,microsoft/infoxlm-base,7,3LocalWordSwaps,261,0.948107123374939
infoxlm_base,microsoft/infoxlm-base,7,3LocalWordSwaps,262,0.9302337765693665
infoxlm_base,microsoft/infoxlm-base,7,3LocalWordSwaps,263,0.9301669001579285
infoxlm_base,microsoft/infoxlm-base,7,3LocalWordSwaps,264,0.9549072980880737
infoxlm_base,microsoft/infoxlm-base,7,3LocalWordSwaps,265,0.9242321848869324
infoxlm_base,microsoft/infoxlm-base,7,3LocalWordSwaps,266,0.9312458038330078
infoxlm_base,microsoft/infoxlm-base,7,3LocalWordSwaps,267,0.9422016143798828
infoxlm_base,microsoft/infoxlm-base,7,3LocalWordSwaps,268,0.9964026808738708
infoxlm_base,microsoft/infoxlm-base,7,3LocalWordSwaps,269,0.9529955983161926
infoxlm_base,microsoft/infoxlm-base,7,3LocalWordSwaps,270,0.9369000792503357
infoxlm_base,microsoft/infoxlm-base,7,3LocalWordSwaps,271,0.9192443490028381
infoxlm_base,microsoft/infoxlm-base,7,3LocalWordSwaps,272,0.950425386428833
infoxlm_base,microsoft/infoxlm-base,7,3LocalWordSwaps,273,0.9035508036613464
infoxlm_base,microsoft/infoxlm-base,7,3LocalWordSwaps,274,0.9434704780578613
infoxlm_base,microsoft/infoxlm-base,7,3LocalWordSwaps,275,0.9212765097618103
infoxlm_base,microsoft/infoxlm-base,7,3LocalWordSwaps,276,0.9338723421096802
infoxlm_base,microsoft/infoxlm-base,7,3LocalWordSwaps,277,0.9927255511283875
infoxlm_base,microsoft/infoxlm-base,7,3LocalWordSwaps,278,0.9196943044662476
infoxlm_base,microsoft/infoxlm-base,7,3LocalWordSwaps,279,0.938091516494751
infoxlm_base,microsoft/infoxlm-base,7,3LocalWordSwaps,280,0.9242867231369019
infoxlm_base,microsoft/infoxlm-base,7,3LocalWordSwaps,281,0.9339020252227783
infoxlm_base,microsoft/infoxlm-base,7,3LocalWordSwaps,282,0.9275045394897461
infoxlm_base,microsoft/infoxlm-base,7,3LocalWordSwaps,283,0.9371280074119568
infoxlm_base,microsoft/infoxlm-base,7,3LocalWordSwaps,284,0.927352786064148
infoxlm_base,microsoft/infoxlm-base,7,3LocalWordSwaps,285,0.9308457374572754
infoxlm_base,microsoft/infoxlm-base,7,3LocalWordSwaps,286,0.9221385717391968
infoxlm_base,microsoft/infoxlm-base,7,3LocalWordSwaps,287,0.9899657368659973
infoxlm_base,microsoft/infoxlm-base,7,3LocalWordSwaps,288,0.9385813474655151
infoxlm_base,microsoft/infoxlm-base,7,3LocalWordSwaps,289,0.9253855347633362
infoxlm_base,microsoft/infoxlm-base,7,3LocalWordSwaps,290,0.9599140882492065
infoxlm_base,microsoft/infoxlm-base,7,3LocalWordSwaps,291,0.9154996871948242
infoxlm_base,microsoft/infoxlm-base,7,3LocalWordSwaps,292,0.943138599395752
infoxlm_base,microsoft/infoxlm-base,7,3LocalWordSwaps,293,0.9362878203392029
infoxlm_base,microsoft/infoxlm-base,7,3LocalWordSwaps,294,0.9353920817375183
infoxlm_base,microsoft/infoxlm-base,7,3LocalWordSwaps,295,0.9155573844909668
infoxlm_base,microsoft/infoxlm-base,7,3LocalWordSwaps,296,0.9198169708251953
infoxlm_base,microsoft/infoxlm-base,7,3LocalWordSwaps,297,0.9208024740219116
infoxlm_base,microsoft/infoxlm-base,7,3LocalWordSwaps,298,0.953559935092926
infoxlm_base,microsoft/infoxlm-base,7,3LocalWordSwaps,299,0.9138228893280029
infoxlm_base,microsoft/infoxlm-base,7,3LocalWordSwaps,300,0.9237135052680969
infoxlm_base,microsoft/infoxlm-base,7,3LocalWordSwaps,301,0.9246408343315125
infoxlm_base,microsoft/infoxlm-base,7,3LocalWordSwaps,302,0.9835255742073059
infoxlm_base,microsoft/infoxlm-base,7,3LocalWordSwaps,303,0.9174008369445801
infoxlm_base,microsoft/infoxlm-base,7,3LocalWordSwaps,304,0.940041720867157
infoxlm_base,microsoft/infoxlm-base,7,3LocalWordSwaps,305,0.9200938940048218
infoxlm_base,microsoft/infoxlm-base,7,3LocalWordSwaps,306,0.8972740173339844
infoxlm_base,microsoft/infoxlm-base,7,3LocalWordSwaps,307,0.9509766697883606
infoxlm_base,microsoft/infoxlm-base,7,3LocalWordSwaps,308,0.9006968140602112
infoxlm_base,microsoft/infoxlm-base,7,3LocalWordSwaps,309,0.9287906885147095
infoxlm_base,microsoft/infoxlm-base,7,3LocalWordSwaps,310,0.9315212368965149
infoxlm_base,microsoft/infoxlm-base,7,3LocalWordSwaps,311,0.9339380264282227
infoxlm_base,microsoft/infoxlm-base,7,3LocalWordSwaps,312,0.9185922741889954
infoxlm_base,microsoft/infoxlm-base,7,3LocalWordSwaps,313,0.9276862144470215
infoxlm_base,microsoft/infoxlm-base,7,3LocalWordSwaps,314,0.9027913212776184
infoxlm_base,microsoft/infoxlm-base,7,3LocalWordSwaps,315,0.9268299341201782
infoxlm_base,microsoft/infoxlm-base,7,3LocalWordSwaps,316,0.9214159250259399
infoxlm_base,microsoft/infoxlm-base,7,3LocalWordSwaps,317,0.944836437702179
infoxlm_base,microsoft/infoxlm-base,7,3LocalWordSwaps,318,0.922191858291626
infoxlm_base,microsoft/infoxlm-base,7,3LocalWordSwaps,319,0.9364933967590332
infoxlm_base,microsoft/infoxlm-base,7,3LocalWordSwaps,320,0.9297113418579102
infoxlm_base,microsoft/infoxlm-base,7,3LocalWordSwaps,321,0.955206036567688
infoxlm_base,microsoft/infoxlm-base,7,3LocalWordSwaps,322,0.9185405969619751
infoxlm_base,microsoft/infoxlm-base,7,3LocalWordSwaps,323,0.9421995282173157
infoxlm_base,microsoft/infoxlm-base,7,3LocalWordSwaps,324,0.9342545866966248
infoxlm_base,microsoft/infoxlm-base,7,3LocalWordSwaps,325,0.9266597628593445
infoxlm_base,microsoft/infoxlm-base,7,3LocalWordSwaps,326,0.9335920810699463
infoxlm_base,microsoft/infoxlm-base,7,3LocalWordSwaps,327,0.9178000688552856
infoxlm_base,microsoft/infoxlm-base,7,3LocalWordSwaps,328,0.9338513016700745
infoxlm_base,microsoft/infoxlm-base,7,3LocalWordSwaps,329,0.9148620367050171
infoxlm_base,microsoft/infoxlm-base,7,3LocalWordSwaps,330,0.9314330220222473
infoxlm_base,microsoft/infoxlm-base,7,3LocalWordSwaps,331,0.9426952600479126
infoxlm_base,microsoft/infoxlm-base,7,3LocalWordSwaps,332,0.9351965188980103
infoxlm_base,microsoft/infoxlm-base,7,3LocalWordSwaps,333,0.9425671696662903
infoxlm_base,microsoft/infoxlm-base,7,3LocalWordSwaps,334,0.9604737758636475
infoxlm_base,microsoft/infoxlm-base,7,3LocalWordSwaps,335,0.9902269840240479
infoxlm_base,microsoft/infoxlm-base,7,3LocalWordSwaps,336,0.912824809551239
infoxlm_base,microsoft/infoxlm-base,7,3LocalWordSwaps,337,0.9153430461883545
infoxlm_base,microsoft/infoxlm-base,7,3LocalWordSwaps,338,0.9292279481887817
infoxlm_base,microsoft/infoxlm-base,7,3LocalWordSwaps,339,0.9318138360977173
infoxlm_base,microsoft/infoxlm-base,7,3LocalWordSwaps,340,0.9836562275886536
infoxlm_base,microsoft/infoxlm-base,7,3LocalWordSwaps,341,0.9464673399925232
infoxlm_base,microsoft/infoxlm-base,7,3LocalWordSwaps,342,0.9296491146087646
infoxlm_base,microsoft/infoxlm-base,7,3LocalWordSwaps,343,0.9368758201599121
infoxlm_base,microsoft/infoxlm-base,7,3LocalWordSwaps,344,0.9378304481506348
infoxlm_base,microsoft/infoxlm-base,7,3LocalWordSwaps,345,0.9237361550331116
infoxlm_base,microsoft/infoxlm-base,7,3LocalWordSwaps,346,0.9239240288734436
infoxlm_base,microsoft/infoxlm-base,7,3LocalWordSwaps,347,0.923423171043396
infoxlm_base,microsoft/infoxlm-base,7,3LocalWordSwaps,348,0.9383665323257446
infoxlm_base,microsoft/infoxlm-base,7,3LocalWordSwaps,349,0.9302957057952881
infoxlm_base,microsoft/infoxlm-base,7,3LocalWordSwaps,350,0.9527859091758728
infoxlm_base,microsoft/infoxlm-base,7,3LocalWordSwaps,351,0.9057204723358154
infoxlm_base,microsoft/infoxlm-base,7,3LocalWordSwaps,352,0.9393735527992249
infoxlm_base,microsoft/infoxlm-base,7,3LocalWordSwaps,353,0.9207645654678345
infoxlm_base,microsoft/infoxlm-base,7,3LocalWordSwaps,354,0.9805265665054321
infoxlm_base,microsoft/infoxlm-base,7,3LocalWordSwaps,355,0.9444764852523804
infoxlm_base,microsoft/infoxlm-base,7,3LocalWordSwaps,356,0.9154495000839233
infoxlm_base,microsoft/infoxlm-base,7,3LocalWordSwaps,357,0.9691833853721619
infoxlm_base,microsoft/infoxlm-base,7,3LocalWordSwaps,358,0.932857871055603
infoxlm_base,microsoft/infoxlm-base,7,3LocalWordSwaps,359,0.9230878949165344
infoxlm_base,microsoft/infoxlm-base,7,3LocalWordSwaps,360,0.9255455732345581
infoxlm_base,microsoft/infoxlm-base,7,3LocalWordSwaps,361,0.892479419708252
infoxlm_base,microsoft/infoxlm-base,7,3LocalWordSwaps,362,0.9947584271430969
infoxlm_base,microsoft/infoxlm-base,7,3LocalWordSwaps,363,0.9599229693412781
infoxlm_base,microsoft/infoxlm-base,7,3LocalWordSwaps,364,0.930199146270752
infoxlm_base,microsoft/infoxlm-base,7,3LocalWordSwaps,365,0.9229139089584351
infoxlm_base,microsoft/infoxlm-base,7,3LocalWordSwaps,366,0.9938570261001587
infoxlm_base,microsoft/infoxlm-base,7,3LocalWordSwaps,367,0.9221106767654419
infoxlm_base,microsoft/infoxlm-base,7,3LocalWordSwaps,368,0.9467062950134277
infoxlm_base,microsoft/infoxlm-base,7,3LocalWordSwaps,369,0.9550126791000366
infoxlm_base,microsoft/infoxlm-base,7,3LocalWordSwaps,370,0.9387946128845215
infoxlm_base,microsoft/infoxlm-base,7,3LocalWordSwaps,371,0.9897522330284119
infoxlm_base,microsoft/infoxlm-base,7,3LocalWordSwaps,372,0.9230828285217285
infoxlm_base,microsoft/infoxlm-base,7,3LocalWordSwaps,373,0.9243807196617126
infoxlm_base,microsoft/infoxlm-base,7,3LocalWordSwaps,374,0.92912757396698
infoxlm_base,microsoft/infoxlm-base,7,3LocalWordSwaps,375,0.9211766123771667
infoxlm_base,microsoft/infoxlm-base,7,3LocalWordSwaps,376,0.9451938271522522
infoxlm_base,microsoft/infoxlm-base,7,3LocalWordSwaps,377,0.9443855285644531
infoxlm_base,microsoft/infoxlm-base,7,3LocalWordSwaps,378,0.9889026284217834
infoxlm_base,microsoft/infoxlm-base,7,3LocalWordSwaps,379,0.9048802852630615
infoxlm_base,microsoft/infoxlm-base,7,3LocalWordSwaps,380,0.9086549282073975
infoxlm_base,microsoft/infoxlm-base,7,3LocalWordSwaps,381,0.9508767127990723
infoxlm_base,microsoft/infoxlm-base,7,3LocalWordSwaps,382,0.9237186312675476
infoxlm_base,microsoft/infoxlm-base,7,3LocalWordSwaps,383,0.9420703649520874
infoxlm_base,microsoft/infoxlm-base,7,3LocalWordSwaps,384,0.9371044039726257
infoxlm_base,microsoft/infoxlm-base,7,3LocalWordSwaps,385,0.9275230765342712
infoxlm_base,microsoft/infoxlm-base,7,3LocalWordSwaps,386,0.9353086352348328
infoxlm_base,microsoft/infoxlm-base,7,3LocalWordSwaps,387,0.955504834651947
infoxlm_base,microsoft/infoxlm-base,7,3LocalWordSwaps,388,0.9926977157592773
infoxlm_base,microsoft/infoxlm-base,7,3LocalWordSwaps,389,0.927100419998169
infoxlm_base,microsoft/infoxlm-base,7,3LocalWordSwaps,390,0.9290192127227783
infoxlm_base,microsoft/infoxlm-base,7,3LocalWordSwaps,391,0.9377133250236511
infoxlm_base,microsoft/infoxlm-base,7,3LocalWordSwaps,392,0.9413502216339111
infoxlm_base,microsoft/infoxlm-base,7,3LocalWordSwaps,393,0.9269416928291321
infoxlm_base,microsoft/infoxlm-base,7,3LocalWordSwaps,394,0.9383200407028198
infoxlm_base,microsoft/infoxlm-base,7,3LocalWordSwaps,395,0.9154279828071594
infoxlm_base,microsoft/infoxlm-base,7,3LocalWordSwaps,396,0.8937115669250488
infoxlm_base,microsoft/infoxlm-base,7,3LocalWordSwaps,397,0.9875733256340027
infoxlm_base,microsoft/infoxlm-base,7,3LocalWordSwaps,398,0.9278474450111389
infoxlm_base,microsoft/infoxlm-base,7,3LocalWordSwaps,399,0.9171755313873291
infoxlm_base,microsoft/infoxlm-base,7,3LocalWordSwaps,400,0.8995190858840942
infoxlm_base,microsoft/infoxlm-base,7,3LocalWordSwaps,401,0.9313132762908936
infoxlm_base,microsoft/infoxlm-base,7,3LocalWordSwaps,402,0.9444588422775269
infoxlm_base,microsoft/infoxlm-base,7,3LocalWordSwaps,403,0.9859790802001953
infoxlm_base,microsoft/infoxlm-base,7,3LocalWordSwaps,404,0.9305733442306519
infoxlm_base,microsoft/infoxlm-base,7,3LocalWordSwaps,405,0.936855137348175
infoxlm_base,microsoft/infoxlm-base,7,3LocalWordSwaps,406,0.9407019019126892
infoxlm_base,microsoft/infoxlm-base,7,3LocalWordSwaps,407,0.9238663911819458
infoxlm_base,microsoft/infoxlm-base,7,3LocalWordSwaps,408,0.9926101565361023
infoxlm_base,microsoft/infoxlm-base,7,3LocalWordSwaps,409,0.9856676459312439
infoxlm_base,microsoft/infoxlm-base,7,3LocalWordSwaps,410,0.9379420280456543
infoxlm_base,microsoft/infoxlm-base,7,3LocalWordSwaps,411,0.9289422035217285
infoxlm_base,microsoft/infoxlm-base,7,3LocalWordSwaps,412,0.9287707209587097
infoxlm_base,microsoft/infoxlm-base,7,3LocalWordSwaps,413,0.9436801671981812
infoxlm_base,microsoft/infoxlm-base,7,3LocalWordSwaps,414,0.9363749027252197
infoxlm_base,microsoft/infoxlm-base,7,3LocalWordSwaps,415,0.9371908903121948
infoxlm_base,microsoft/infoxlm-base,7,3LocalWordSwaps,416,0.935559093952179
infoxlm_base,microsoft/infoxlm-base,7,3LocalWordSwaps,417,0.9404244422912598
infoxlm_base,microsoft/infoxlm-base,7,3LocalWordSwaps,418,0.9232712388038635
infoxlm_base,microsoft/infoxlm-base,7,3LocalWordSwaps,419,0.9291341304779053
infoxlm_base,microsoft/infoxlm-base,7,3LocalWordSwaps,420,0.9318584203720093
infoxlm_base,microsoft/infoxlm-base,7,3LocalWordSwaps,421,0.9185119867324829
infoxlm_base,microsoft/infoxlm-base,7,3LocalWordSwaps,422,0.9159561395645142
infoxlm_base,microsoft/infoxlm-base,7,3LocalWordSwaps,423,0.9082596898078918
infoxlm_base,microsoft/infoxlm-base,7,3LocalWordSwaps,424,0.9334436655044556
infoxlm_base,microsoft/infoxlm-base,7,3LocalWordSwaps,425,0.9899930953979492
infoxlm_base,microsoft/infoxlm-base,7,3LocalWordSwaps,426,0.9474558234214783
infoxlm_base,microsoft/infoxlm-base,7,3LocalWordSwaps,427,0.9096545577049255
infoxlm_base,microsoft/infoxlm-base,7,3LocalWordSwaps,428,0.9368286728858948
infoxlm_base,microsoft/infoxlm-base,7,3LocalWordSwaps,429,0.9378595352172852
infoxlm_base,microsoft/infoxlm-base,7,3LocalWordSwaps,430,0.9452111721038818
infoxlm_base,microsoft/infoxlm-base,7,3LocalWordSwaps,431,0.930782675743103
infoxlm_base,microsoft/infoxlm-base,7,3LocalWordSwaps,432,0.9450008273124695
infoxlm_base,microsoft/infoxlm-base,7,3LocalWordSwaps,433,0.9460611343383789
infoxlm_base,microsoft/infoxlm-base,7,3LocalWordSwaps,434,0.9144849181175232
infoxlm_base,microsoft/infoxlm-base,7,3LocalWordSwaps,435,0.9263703227043152
infoxlm_base,microsoft/infoxlm-base,7,3LocalWordSwaps,436,0.9260124564170837
infoxlm_base,microsoft/infoxlm-base,7,3LocalWordSwaps,437,0.9467468857765198
infoxlm_base,microsoft/infoxlm-base,7,3LocalWordSwaps,438,0.9343544244766235
infoxlm_base,microsoft/infoxlm-base,7,3LocalWordSwaps,439,0.9501460790634155
infoxlm_base,microsoft/infoxlm-base,7,3LocalWordSwaps,440,0.9915111660957336
infoxlm_base,microsoft/infoxlm-base,7,3LocalWordSwaps,441,0.928885281085968
infoxlm_base,microsoft/infoxlm-base,7,3LocalWordSwaps,442,0.9404976963996887
infoxlm_base,microsoft/infoxlm-base,7,3LocalWordSwaps,443,0.9414710402488708
infoxlm_base,microsoft/infoxlm-base,7,3LocalWordSwaps,444,0.9329632520675659
infoxlm_base,microsoft/infoxlm-base,7,3LocalWordSwaps,445,0.9322476387023926
infoxlm_base,microsoft/infoxlm-base,7,3LocalWordSwaps,446,0.9290324449539185
infoxlm_base,microsoft/infoxlm-base,7,3LocalWordSwaps,447,0.9895204305648804
infoxlm_base,microsoft/infoxlm-base,7,3LocalWordSwaps,448,0.9238360524177551
infoxlm_base,microsoft/infoxlm-base,7,3LocalWordSwaps,449,0.9228851795196533
infoxlm_base,microsoft/infoxlm-base,7,3LocalWordSwaps,450,0.9402061700820923
infoxlm_base,microsoft/infoxlm-base,7,3LocalWordSwaps,451,0.9497700929641724
infoxlm_base,microsoft/infoxlm-base,7,3LocalWordSwaps,452,0.9823790192604065
infoxlm_base,microsoft/infoxlm-base,7,3LocalWordSwaps,453,0.9277048707008362
infoxlm_base,microsoft/infoxlm-base,7,3LocalWordSwaps,454,0.9249737858772278
infoxlm_base,microsoft/infoxlm-base,7,3LocalWordSwaps,455,0.9258270859718323
infoxlm_base,microsoft/infoxlm-base,7,3LocalWordSwaps,456,0.9479042887687683
infoxlm_base,microsoft/infoxlm-base,7,3LocalWordSwaps,457,0.9348224401473999
infoxlm_base,microsoft/infoxlm-base,7,3LocalWordSwaps,458,0.9380935430526733
infoxlm_base,microsoft/infoxlm-base,7,3LocalWordSwaps,459,0.9926137924194336
infoxlm_base,microsoft/infoxlm-base,7,3LocalWordSwaps,460,0.9380478858947754
infoxlm_base,microsoft/infoxlm-base,7,3LocalWordSwaps,461,0.9420415163040161
infoxlm_base,microsoft/infoxlm-base,7,3LocalWordSwaps,462,0.919849157333374
infoxlm_base,microsoft/infoxlm-base,7,3LocalWordSwaps,463,0.9266040921211243
infoxlm_base,microsoft/infoxlm-base,7,3LocalWordSwaps,464,0.9567295908927917
infoxlm_base,microsoft/infoxlm-base,7,3LocalWordSwaps,465,0.9151378870010376
infoxlm_base,microsoft/infoxlm-base,7,3LocalWordSwaps,466,0.9278295636177063
infoxlm_base,microsoft/infoxlm-base,7,3LocalWordSwaps,467,0.9197256565093994
infoxlm_base,microsoft/infoxlm-base,7,3LocalWordSwaps,468,0.9340622425079346
infoxlm_base,microsoft/infoxlm-base,7,3LocalWordSwaps,469,0.9232960939407349
infoxlm_base,microsoft/infoxlm-base,7,3LocalWordSwaps,470,0.9280620813369751
infoxlm_base,microsoft/infoxlm-base,7,3LocalWordSwaps,471,0.9351268410682678
infoxlm_base,microsoft/infoxlm-base,7,3LocalWordSwaps,472,0.9072469472885132
infoxlm_base,microsoft/infoxlm-base,7,3LocalWordSwaps,473,0.8920110464096069
infoxlm_base,microsoft/infoxlm-base,7,3LocalWordSwaps,474,0.9949338436126709
infoxlm_base,microsoft/infoxlm-base,7,3LocalWordSwaps,475,0.9889413118362427
infoxlm_base,microsoft/infoxlm-base,7,3LocalWordSwaps,476,0.9919331073760986
infoxlm_base,microsoft/infoxlm-base,7,3LocalWordSwaps,477,0.9498472809791565
infoxlm_base,microsoft/infoxlm-base,7,3LocalWordSwaps,478,0.9287819266319275
infoxlm_base,microsoft/infoxlm-base,7,3LocalWordSwaps,479,0.984894871711731
infoxlm_base,microsoft/infoxlm-base,7,3LocalWordSwaps,480,0.9248217344284058
infoxlm_base,microsoft/infoxlm-base,7,3LocalWordSwaps,481,0.9125155210494995
infoxlm_base,microsoft/infoxlm-base,7,3LocalWordSwaps,482,0.9310353994369507
infoxlm_base,microsoft/infoxlm-base,7,3LocalWordSwaps,483,0.9361247420310974
infoxlm_base,microsoft/infoxlm-base,7,3LocalWordSwaps,484,0.9330050945281982
infoxlm_base,microsoft/infoxlm-base,7,3LocalWordSwaps,485,0.9279355406761169
infoxlm_base,microsoft/infoxlm-base,7,3LocalWordSwaps,486,0.9433968663215637
infoxlm_base,microsoft/infoxlm-base,7,3LocalWordSwaps,487,0.9278843998908997
infoxlm_base,microsoft/infoxlm-base,7,3LocalWordSwaps,488,0.9460670948028564
infoxlm_base,microsoft/infoxlm-base,7,3LocalWordSwaps,489,0.9233638048171997
infoxlm_base,microsoft/infoxlm-base,7,3LocalWordSwaps,490,0.9354953765869141
infoxlm_base,microsoft/infoxlm-base,7,3LocalWordSwaps,491,0.9328912496566772
infoxlm_base,microsoft/infoxlm-base,7,3LocalWordSwaps,492,0.9303815960884094
infoxlm_base,microsoft/infoxlm-base,7,3LocalWordSwaps,493,0.9974722862243652
infoxlm_base,microsoft/infoxlm-base,7,3LocalWordSwaps,494,0.9295094013214111
infoxlm_base,microsoft/infoxlm-base,7,3LocalWordSwaps,495,0.9228180646896362
infoxlm_base,microsoft/infoxlm-base,7,3LocalWordSwaps,496,0.9400861859321594
infoxlm_base,microsoft/infoxlm-base,7,3LocalWordSwaps,497,0.9182551503181458
infoxlm_base,microsoft/infoxlm-base,7,3LocalWordSwaps,498,0.9483258724212646
infoxlm_base,microsoft/infoxlm-base,7,3LocalWordSwaps,499,0.9358999133110046
infoxlm_base,microsoft/infoxlm-base,7,3LocalWordSwaps,500,0.9904643297195435
infoxlm_base,microsoft/infoxlm-base,7,3LocalWordSwaps,501,0.9514156579971313
infoxlm_base,microsoft/infoxlm-base,7,3LocalWordSwaps,502,0.9327507019042969
infoxlm_base,microsoft/infoxlm-base,7,3LocalWordSwaps,503,0.9274427890777588
infoxlm_base,microsoft/infoxlm-base,7,3LocalWordSwaps,504,0.9211157560348511
infoxlm_base,microsoft/infoxlm-base,7,3LocalWordSwaps,505,0.9501992464065552
infoxlm_base,microsoft/infoxlm-base,7,3LocalWordSwaps,506,0.9369177222251892
infoxlm_base,microsoft/infoxlm-base,7,3LocalWordSwaps,507,0.9158280491828918
infoxlm_base,microsoft/infoxlm-base,7,3LocalWordSwaps,508,0.8759855628013611
infoxlm_base,microsoft/infoxlm-base,7,3LocalWordSwaps,509,0.933380126953125
infoxlm_base,microsoft/infoxlm-base,7,3LocalWordSwaps,510,0.9956012964248657
infoxlm_base,microsoft/infoxlm-base,7,3LocalWordSwaps,511,0.936245858669281
infoxlm_base,microsoft/infoxlm-base,7,3LocalWordSwaps,512,0.9601423740386963
infoxlm_base,microsoft/infoxlm-base,7,3LocalWordSwaps,513,0.9306905269622803
infoxlm_base,microsoft/infoxlm-base,7,3LocalWordSwaps,514,0.9407832622528076
infoxlm_base,microsoft/infoxlm-base,7,3LocalWordSwaps,515,0.9524489641189575
infoxlm_base,microsoft/infoxlm-base,7,3LocalWordSwaps,516,0.9262371063232422
infoxlm_base,microsoft/infoxlm-base,7,3LocalWordSwaps,517,0.9207890033721924
infoxlm_base,microsoft/infoxlm-base,7,3LocalWordSwaps,518,0.9429607391357422
infoxlm_base,microsoft/infoxlm-base,7,3LocalWordSwaps,519,0.982372522354126
infoxlm_base,microsoft/infoxlm-base,7,3LocalWordSwaps,520,0.9310652613639832
infoxlm_base,microsoft/infoxlm-base,7,3LocalWordSwaps,521,0.9889034628868103
infoxlm_base,microsoft/infoxlm-base,7,3LocalWordSwaps,522,0.9433388710021973
infoxlm_base,microsoft/infoxlm-base,7,3LocalWordSwaps,523,0.948000431060791
infoxlm_base,microsoft/infoxlm-base,7,3LocalWordSwaps,524,0.9333093762397766
infoxlm_base,microsoft/infoxlm-base,7,3LocalWordSwaps,525,0.9326409697532654
infoxlm_base,microsoft/infoxlm-base,7,3LocalWordSwaps,526,0.9367629885673523
infoxlm_base,microsoft/infoxlm-base,7,3LocalWordSwaps,527,0.9249138832092285
infoxlm_base,microsoft/infoxlm-base,7,3LocalWordSwaps,528,0.9176679849624634
infoxlm_base,microsoft/infoxlm-base,7,3LocalWordSwaps,529,0.9282665252685547
infoxlm_base,microsoft/infoxlm-base,7,3LocalWordSwaps,530,0.9375780820846558
infoxlm_base,microsoft/infoxlm-base,7,3LocalWordSwaps,531,0.9584468007087708
infoxlm_base,microsoft/infoxlm-base,7,3LocalWordSwaps,532,0.9549050331115723
infoxlm_base,microsoft/infoxlm-base,7,3LocalWordSwaps,533,0.9199596643447876
infoxlm_base,microsoft/infoxlm-base,7,3LocalWordSwaps,534,0.9527615904808044
infoxlm_base,microsoft/infoxlm-base,7,3LocalWordSwaps,535,0.9381244778633118
infoxlm_base,microsoft/infoxlm-base,7,3LocalWordSwaps,536,0.9423471689224243
infoxlm_base,microsoft/infoxlm-base,7,3LocalWordSwaps,537,0.9842123985290527
infoxlm_base,microsoft/infoxlm-base,7,3LocalWordSwaps,538,0.9371516704559326
infoxlm_base,microsoft/infoxlm-base,7,3LocalWordSwaps,539,0.9306843876838684
infoxlm_base,microsoft/infoxlm-base,7,3LocalWordSwaps,540,0.9305664300918579
infoxlm_base,microsoft/infoxlm-base,7,3LocalWordSwaps,541,0.9271308183670044
infoxlm_base,microsoft/infoxlm-base,7,3LocalWordSwaps,542,0.9210759401321411
infoxlm_base,microsoft/infoxlm-base,7,3LocalWordSwaps,543,0.9954809546470642
infoxlm_base,microsoft/infoxlm-base,7,3LocalWordSwaps,544,0.9412129521369934
infoxlm_base,microsoft/infoxlm-base,7,3LocalWordSwaps,545,0.9394381046295166
infoxlm_base,microsoft/infoxlm-base,7,3LocalWordSwaps,546,0.9272059798240662
infoxlm_base,microsoft/infoxlm-base,7,3LocalWordSwaps,547,0.9078787565231323
infoxlm_base,microsoft/infoxlm-base,7,3LocalWordSwaps,548,0.9103814959526062
infoxlm_base,microsoft/infoxlm-base,7,3LocalWordSwaps,549,0.9175189137458801
infoxlm_base,microsoft/infoxlm-base,7,3LocalWordSwaps,550,0.9039793014526367
infoxlm_base,microsoft/infoxlm-base,7,3LocalWordSwaps,551,0.9242884516716003
infoxlm_base,microsoft/infoxlm-base,7,3LocalWordSwaps,552,0.9180761575698853
infoxlm_base,microsoft/infoxlm-base,7,3LocalWordSwaps,553,0.9244832992553711
infoxlm_base,microsoft/infoxlm-base,7,3LocalWordSwaps,554,0.9333046674728394
infoxlm_base,microsoft/infoxlm-base,7,3LocalWordSwaps,555,0.9160723090171814
infoxlm_base,microsoft/infoxlm-base,7,3LocalWordSwaps,556,0.9871656894683838
infoxlm_base,microsoft/infoxlm-base,7,3LocalWordSwaps,557,0.9337528944015503
infoxlm_base,microsoft/infoxlm-base,7,3LocalWordSwaps,558,0.9168017506599426
infoxlm_base,microsoft/infoxlm-base,7,3LocalWordSwaps,559,0.9446075558662415
infoxlm_base,microsoft/infoxlm-base,7,3LocalWordSwaps,560,0.9893209934234619
infoxlm_base,microsoft/infoxlm-base,7,3LocalWordSwaps,561,0.9223512411117554
infoxlm_base,microsoft/infoxlm-base,7,3LocalWordSwaps,562,0.9297840595245361
infoxlm_base,microsoft/infoxlm-base,7,3LocalWordSwaps,563,0.9405206441879272
infoxlm_base,microsoft/infoxlm-base,7,3LocalWordSwaps,564,0.9259986877441406
infoxlm_base,microsoft/infoxlm-base,7,3LocalWordSwaps,565,0.9318212270736694
infoxlm_base,microsoft/infoxlm-base,7,3LocalWordSwaps,566,0.9895360469818115
infoxlm_base,microsoft/infoxlm-base,7,3LocalWordSwaps,567,0.927894115447998
infoxlm_base,microsoft/infoxlm-base,7,3LocalWordSwaps,568,0.9228502511978149
infoxlm_base,microsoft/infoxlm-base,7,3LocalWordSwaps,569,0.9887378811836243
infoxlm_base,microsoft/infoxlm-base,7,3LocalWordSwaps,570,0.9882817268371582
infoxlm_base,microsoft/infoxlm-base,7,3LocalWordSwaps,571,0.9514259099960327
infoxlm_base,microsoft/infoxlm-base,7,3LocalWordSwaps,572,0.9396876692771912
infoxlm_base,microsoft/infoxlm-base,7,3LocalWordSwaps,573,0.9325534701347351
infoxlm_base,microsoft/infoxlm-base,7,3LocalWordSwaps,574,0.9421056509017944
infoxlm_base,microsoft/infoxlm-base,7,3LocalWordSwaps,575,0.9124771356582642
infoxlm_base,microsoft/infoxlm-base,7,3LocalWordSwaps,576,0.9223048090934753
infoxlm_base,microsoft/infoxlm-base,7,3LocalWordSwaps,577,0.9682157039642334
infoxlm_base,microsoft/infoxlm-base,7,3LocalWordSwaps,578,0.938257098197937
infoxlm_base,microsoft/infoxlm-base,7,3LocalWordSwaps,579,0.9888120889663696
infoxlm_base,microsoft/infoxlm-base,7,3LocalWordSwaps,580,0.9408815503120422
infoxlm_base,microsoft/infoxlm-base,7,3LocalWordSwaps,581,0.9221998453140259
infoxlm_base,microsoft/infoxlm-base,7,3LocalWordSwaps,582,0.9418190717697144
infoxlm_base,microsoft/infoxlm-base,7,3LocalWordSwaps,583,0.9279431700706482
infoxlm_base,microsoft/infoxlm-base,7,3LocalWordSwaps,584,0.996327817440033
infoxlm_base,microsoft/infoxlm-base,7,3LocalWordSwaps,585,0.9333608150482178
infoxlm_base,microsoft/infoxlm-base,7,3LocalWordSwaps,586,0.9331246018409729
infoxlm_base,microsoft/infoxlm-base,7,3LocalWordSwaps,587,0.9412150382995605
infoxlm_base,microsoft/infoxlm-base,7,3LocalWordSwaps,588,0.9217970371246338
infoxlm_base,microsoft/infoxlm-base,7,3LocalWordSwaps,589,0.9947013854980469
infoxlm_base,microsoft/infoxlm-base,7,3LocalWordSwaps,590,0.9576976299285889
infoxlm_base,microsoft/infoxlm-base,7,3LocalWordSwaps,591,0.9252092242240906
infoxlm_base,microsoft/infoxlm-base,7,3LocalWordSwaps,592,0.9505956172943115
infoxlm_base,microsoft/infoxlm-base,7,3LocalWordSwaps,593,0.9423915147781372
infoxlm_base,microsoft/infoxlm-base,7,3LocalWordSwaps,594,0.9413032531738281
infoxlm_base,microsoft/infoxlm-base,7,3LocalWordSwaps,595,0.9732231497764587
infoxlm_base,microsoft/infoxlm-base,7,3LocalWordSwaps,596,0.9915746450424194
infoxlm_base,microsoft/infoxlm-base,7,3LocalWordSwaps,597,0.9365869760513306
infoxlm_base,microsoft/infoxlm-base,7,3LocalWordSwaps,598,0.915643572807312
infoxlm_base,microsoft/infoxlm-base,7,3LocalWordSwaps,599,0.967832624912262
infoxlm_base,microsoft/infoxlm-base,7,3LocalWordSwaps,600,0.9255070686340332
infoxlm_base,microsoft/infoxlm-base,7,3LocalWordSwaps,601,0.9224737286567688
infoxlm_base,microsoft/infoxlm-base,7,3LocalWordSwaps,602,0.9224189519882202
infoxlm_base,microsoft/infoxlm-base,7,3LocalWordSwaps,603,0.9253000020980835
infoxlm_base,microsoft/infoxlm-base,7,3LocalWordSwaps,604,0.9510038495063782
infoxlm_base,microsoft/infoxlm-base,7,3LocalWordSwaps,605,0.9356913566589355
infoxlm_base,microsoft/infoxlm-base,7,3LocalWordSwaps,606,0.9242594242095947
infoxlm_base,microsoft/infoxlm-base,7,3LocalWordSwaps,607,0.9413172006607056
infoxlm_base,microsoft/infoxlm-base,7,3LocalWordSwaps,608,0.9084654450416565
infoxlm_base,microsoft/infoxlm-base,7,3LocalWordSwaps,609,0.9498650431632996
infoxlm_base,microsoft/infoxlm-base,7,3LocalWordSwaps,610,0.9233133792877197
infoxlm_base,microsoft/infoxlm-base,7,3LocalWordSwaps,611,0.9276913404464722
infoxlm_base,microsoft/infoxlm-base,7,3LocalWordSwaps,612,0.9403584003448486
infoxlm_base,microsoft/infoxlm-base,7,3LocalWordSwaps,613,0.9213463068008423
infoxlm_base,microsoft/infoxlm-base,7,3LocalWordSwaps,614,0.9497449398040771
infoxlm_base,microsoft/infoxlm-base,7,3LocalWordSwaps,615,0.9944688081741333
infoxlm_base,microsoft/infoxlm-base,7,3LocalWordSwaps,616,0.9599921107292175
infoxlm_base,microsoft/infoxlm-base,7,3LocalWordSwaps,617,0.924403965473175
infoxlm_base,microsoft/infoxlm-base,7,3LocalWordSwaps,618,0.9210854768753052
infoxlm_base,microsoft/infoxlm-base,7,3LocalWordSwaps,619,0.9321839809417725
infoxlm_base,microsoft/infoxlm-base,7,3LocalWordSwaps,620,0.9960175156593323
infoxlm_base,microsoft/infoxlm-base,7,3LocalWordSwaps,621,0.9294801354408264
infoxlm_base,microsoft/infoxlm-base,7,3LocalWordSwaps,622,0.9935593605041504
infoxlm_base,microsoft/infoxlm-base,7,3LocalWordSwaps,623,0.9324191212654114
infoxlm_base,microsoft/infoxlm-base,7,3LocalWordSwaps,624,0.9281195402145386
infoxlm_base,microsoft/infoxlm-base,7,3LocalWordSwaps,625,0.9357240200042725
infoxlm_base,microsoft/infoxlm-base,7,3LocalWordSwaps,626,0.9955768585205078
infoxlm_base,microsoft/infoxlm-base,7,4LocalWordSwaps,0,0.9224758148193359
infoxlm_base,microsoft/infoxlm-base,7,4LocalWordSwaps,1,0.9116165637969971
infoxlm_base,microsoft/infoxlm-base,7,4LocalWordSwaps,2,0.9341636896133423
infoxlm_base,microsoft/infoxlm-base,7,4LocalWordSwaps,3,0.9636234045028687
infoxlm_base,microsoft/infoxlm-base,7,4LocalWordSwaps,4,0.9328247308731079
infoxlm_base,microsoft/infoxlm-base,7,4LocalWordSwaps,5,0.9359395503997803
infoxlm_base,microsoft/infoxlm-base,7,4LocalWordSwaps,6,0.9400060176849365
infoxlm_base,microsoft/infoxlm-base,7,4LocalWordSwaps,7,0.987668514251709
infoxlm_base,microsoft/infoxlm-base,7,4LocalWordSwaps,8,0.9108031392097473
infoxlm_base,microsoft/infoxlm-base,7,4LocalWordSwaps,9,0.9332117438316345
infoxlm_base,microsoft/infoxlm-base,7,4LocalWordSwaps,10,0.9065916538238525
infoxlm_base,microsoft/infoxlm-base,7,4LocalWordSwaps,11,0.955156683921814
infoxlm_base,microsoft/infoxlm-base,7,4LocalWordSwaps,12,0.906340479850769
infoxlm_base,microsoft/infoxlm-base,7,4LocalWordSwaps,13,0.9361122846603394
infoxlm_base,microsoft/infoxlm-base,7,4LocalWordSwaps,14,0.9242598414421082
infoxlm_base,microsoft/infoxlm-base,7,4LocalWordSwaps,15,0.9496123194694519
infoxlm_base,microsoft/infoxlm-base,7,4LocalWordSwaps,16,0.8991361260414124
infoxlm_base,microsoft/infoxlm-base,7,4LocalWordSwaps,17,0.9326426386833191
infoxlm_base,microsoft/infoxlm-base,7,4LocalWordSwaps,18,0.9500234127044678
infoxlm_base,microsoft/infoxlm-base,7,4LocalWordSwaps,19,0.9783291816711426
infoxlm_base,microsoft/infoxlm-base,7,4LocalWordSwaps,20,0.9085366129875183
infoxlm_base,microsoft/infoxlm-base,7,4LocalWordSwaps,21,0.9518106579780579
infoxlm_base,microsoft/infoxlm-base,7,4LocalWordSwaps,22,0.9291298389434814
infoxlm_base,microsoft/infoxlm-base,7,4LocalWordSwaps,23,0.9371925592422485
infoxlm_base,microsoft/infoxlm-base,7,4LocalWordSwaps,24,0.9218673706054688
infoxlm_base,microsoft/infoxlm-base,7,4LocalWordSwaps,25,0.9258643388748169
infoxlm_base,microsoft/infoxlm-base,7,4LocalWordSwaps,26,0.9149210453033447
infoxlm_base,microsoft/infoxlm-base,7,4LocalWordSwaps,27,0.919192373752594
infoxlm_base,microsoft/infoxlm-base,7,4LocalWordSwaps,28,0.9408764243125916
infoxlm_base,microsoft/infoxlm-base,7,4LocalWordSwaps,29,0.9436639547348022
infoxlm_base,microsoft/infoxlm-base,7,4LocalWordSwaps,30,0.9340622425079346
infoxlm_base,microsoft/infoxlm-base,7,4LocalWordSwaps,31,0.985044538974762
infoxlm_base,microsoft/infoxlm-base,7,4LocalWordSwaps,32,0.9341012239456177
infoxlm_base,microsoft/infoxlm-base,7,4LocalWordSwaps,33,0.911378026008606
infoxlm_base,microsoft/infoxlm-base,7,4LocalWordSwaps,34,0.9312848448753357
infoxlm_base,microsoft/infoxlm-base,7,4LocalWordSwaps,35,0.9141899347305298
infoxlm_base,microsoft/infoxlm-base,7,4LocalWordSwaps,36,0.9433389902114868
infoxlm_base,microsoft/infoxlm-base,7,4LocalWordSwaps,37,0.9236100912094116
infoxlm_base,microsoft/infoxlm-base,7,4LocalWordSwaps,38,0.9216266870498657
infoxlm_base,microsoft/infoxlm-base,7,4LocalWordSwaps,39,0.9420570731163025
infoxlm_base,microsoft/infoxlm-base,7,4LocalWordSwaps,40,0.9403367638587952
infoxlm_base,microsoft/infoxlm-base,7,4LocalWordSwaps,41,0.9450341463088989
infoxlm_base,microsoft/infoxlm-base,7,4LocalWordSwaps,42,0.9561306834220886
infoxlm_base,microsoft/infoxlm-base,7,4LocalWordSwaps,43,0.9298794865608215
infoxlm_base,microsoft/infoxlm-base,7,4LocalWordSwaps,44,0.9169133305549622
infoxlm_base,microsoft/infoxlm-base,7,4LocalWordSwaps,45,0.9375807046890259
infoxlm_base,microsoft/infoxlm-base,7,4LocalWordSwaps,46,0.9241255521774292
infoxlm_base,microsoft/infoxlm-base,7,4LocalWordSwaps,47,0.9660448431968689
infoxlm_base,microsoft/infoxlm-base,7,4LocalWordSwaps,48,0.956800103187561
infoxlm_base,microsoft/infoxlm-base,7,4LocalWordSwaps,49,0.9802853465080261
infoxlm_base,microsoft/infoxlm-base,7,4LocalWordSwaps,50,0.928584098815918
infoxlm_base,microsoft/infoxlm-base,7,4LocalWordSwaps,51,0.9257186055183411
infoxlm_base,microsoft/infoxlm-base,7,4LocalWordSwaps,52,0.924323558807373
infoxlm_base,microsoft/infoxlm-base,7,4LocalWordSwaps,53,0.936343252658844
infoxlm_base,microsoft/infoxlm-base,7,4LocalWordSwaps,54,0.9800502061843872
infoxlm_base,microsoft/infoxlm-base,7,4LocalWordSwaps,55,0.9275041222572327
infoxlm_base,microsoft/infoxlm-base,7,4LocalWordSwaps,56,0.9270045757293701
infoxlm_base,microsoft/infoxlm-base,7,4LocalWordSwaps,57,0.9236847162246704
infoxlm_base,microsoft/infoxlm-base,7,4LocalWordSwaps,58,0.9527625441551208
infoxlm_base,microsoft/infoxlm-base,7,4LocalWordSwaps,59,0.9136290550231934
infoxlm_base,microsoft/infoxlm-base,7,4LocalWordSwaps,60,0.9286885261535645
infoxlm_base,microsoft/infoxlm-base,7,4LocalWordSwaps,61,0.8941712975502014
infoxlm_base,microsoft/infoxlm-base,7,4LocalWordSwaps,62,0.9229266047477722
infoxlm_base,microsoft/infoxlm-base,7,4LocalWordSwaps,63,0.948357343673706
infoxlm_base,microsoft/infoxlm-base,7,4LocalWordSwaps,64,0.9216070771217346
infoxlm_base,microsoft/infoxlm-base,7,4LocalWordSwaps,65,0.9417036175727844
infoxlm_base,microsoft/infoxlm-base,7,4LocalWordSwaps,66,0.9195052981376648
infoxlm_base,microsoft/infoxlm-base,7,4LocalWordSwaps,67,0.9357594847679138
infoxlm_base,microsoft/infoxlm-base,7,4LocalWordSwaps,68,0.9866621494293213
infoxlm_base,microsoft/infoxlm-base,7,4LocalWordSwaps,69,0.932457447052002
infoxlm_base,microsoft/infoxlm-base,7,4LocalWordSwaps,70,0.9305495023727417
infoxlm_base,microsoft/infoxlm-base,7,4LocalWordSwaps,71,0.9263903498649597
infoxlm_base,microsoft/infoxlm-base,7,4LocalWordSwaps,72,0.9442079067230225
infoxlm_base,microsoft/infoxlm-base,7,4LocalWordSwaps,73,0.9173453450202942
infoxlm_base,microsoft/infoxlm-base,7,4LocalWordSwaps,74,0.9319127202033997
infoxlm_base,microsoft/infoxlm-base,7,4LocalWordSwaps,75,0.9239954948425293
infoxlm_base,microsoft/infoxlm-base,7,4LocalWordSwaps,76,0.9149842858314514
infoxlm_base,microsoft/infoxlm-base,7,4LocalWordSwaps,77,0.934930682182312
infoxlm_base,microsoft/infoxlm-base,7,4LocalWordSwaps,78,0.9258527755737305
infoxlm_base,microsoft/infoxlm-base,7,4LocalWordSwaps,79,0.9460177421569824
infoxlm_base,microsoft/infoxlm-base,7,4LocalWordSwaps,80,0.9357458353042603
infoxlm_base,microsoft/infoxlm-base,7,4LocalWordSwaps,81,0.9423264861106873
infoxlm_base,microsoft/infoxlm-base,7,4LocalWordSwaps,82,0.9540296792984009
infoxlm_base,microsoft/infoxlm-base,7,4LocalWordSwaps,83,0.9229767918586731
infoxlm_base,microsoft/infoxlm-base,7,4LocalWordSwaps,84,0.94007408618927
infoxlm_base,microsoft/infoxlm-base,7,4LocalWordSwaps,85,0.9384171962738037
infoxlm_base,microsoft/infoxlm-base,7,4LocalWordSwaps,86,0.9193582534790039
infoxlm_base,microsoft/infoxlm-base,7,4LocalWordSwaps,87,0.9240487813949585
infoxlm_base,microsoft/infoxlm-base,7,4LocalWordSwaps,88,0.9279376268386841
infoxlm_base,microsoft/infoxlm-base,7,4LocalWordSwaps,89,0.9393525719642639
infoxlm_base,microsoft/infoxlm-base,7,4LocalWordSwaps,90,0.957245945930481
infoxlm_base,microsoft/infoxlm-base,7,4LocalWordSwaps,91,0.9440697431564331
infoxlm_base,microsoft/infoxlm-base,7,4LocalWordSwaps,92,0.9318106770515442
infoxlm_base,microsoft/infoxlm-base,7,4LocalWordSwaps,93,0.9903519153594971
infoxlm_base,microsoft/infoxlm-base,7,4LocalWordSwaps,94,0.903756856918335
infoxlm_base,microsoft/infoxlm-base,7,4LocalWordSwaps,95,0.9247592091560364
infoxlm_base,microsoft/infoxlm-base,7,4LocalWordSwaps,96,0.9883729219436646
infoxlm_base,microsoft/infoxlm-base,7,4LocalWordSwaps,97,0.9183392524719238
infoxlm_base,microsoft/infoxlm-base,7,4LocalWordSwaps,98,0.9800461530685425
infoxlm_base,microsoft/infoxlm-base,7,4LocalWordSwaps,99,0.9958405494689941
infoxlm_base,microsoft/infoxlm-base,7,4LocalWordSwaps,100,0.9939674735069275
infoxlm_base,microsoft/infoxlm-base,7,4LocalWordSwaps,101,0.9331473112106323
infoxlm_base,microsoft/infoxlm-base,7,4LocalWordSwaps,102,0.9405221939086914
infoxlm_base,microsoft/infoxlm-base,7,4LocalWordSwaps,103,0.9831521511077881
infoxlm_base,microsoft/infoxlm-base,7,4LocalWordSwaps,104,0.9323723912239075
infoxlm_base,microsoft/infoxlm-base,7,4LocalWordSwaps,105,0.9788962006568909
infoxlm_base,microsoft/infoxlm-base,7,4LocalWordSwaps,106,0.921298086643219
infoxlm_base,microsoft/infoxlm-base,7,4LocalWordSwaps,107,0.9285690784454346
infoxlm_base,microsoft/infoxlm-base,7,4LocalWordSwaps,108,0.9130420684814453
infoxlm_base,microsoft/infoxlm-base,7,4LocalWordSwaps,109,0.9935851693153381
infoxlm_base,microsoft/infoxlm-base,7,4LocalWordSwaps,110,0.9197575449943542
infoxlm_base,microsoft/infoxlm-base,7,4LocalWordSwaps,111,0.939723789691925
infoxlm_base,microsoft/infoxlm-base,7,4LocalWordSwaps,112,0.9156059622764587
infoxlm_base,microsoft/infoxlm-base,7,4LocalWordSwaps,113,0.960015058517456
infoxlm_base,microsoft/infoxlm-base,7,4LocalWordSwaps,114,0.9576449394226074
infoxlm_base,microsoft/infoxlm-base,7,4LocalWordSwaps,115,0.9372847080230713
infoxlm_base,microsoft/infoxlm-base,7,4LocalWordSwaps,116,0.9558794498443604
infoxlm_base,microsoft/infoxlm-base,7,4LocalWordSwaps,117,0.9162625670433044
infoxlm_base,microsoft/infoxlm-base,7,4LocalWordSwaps,118,0.9417482614517212
infoxlm_base,microsoft/infoxlm-base,7,4LocalWordSwaps,119,0.9276202321052551
infoxlm_base,microsoft/infoxlm-base,7,4LocalWordSwaps,120,0.9882845282554626
infoxlm_base,microsoft/infoxlm-base,7,4LocalWordSwaps,121,0.9283259510993958
infoxlm_base,microsoft/infoxlm-base,7,4LocalWordSwaps,122,0.9357531070709229
infoxlm_base,microsoft/infoxlm-base,7,4LocalWordSwaps,123,0.9223437309265137
infoxlm_base,microsoft/infoxlm-base,7,4LocalWordSwaps,124,0.9189902544021606
infoxlm_base,microsoft/infoxlm-base,7,4LocalWordSwaps,125,0.9372313618659973
infoxlm_base,microsoft/infoxlm-base,7,4LocalWordSwaps,126,0.9352878928184509
infoxlm_base,microsoft/infoxlm-base,7,4LocalWordSwaps,127,0.9245285391807556
infoxlm_base,microsoft/infoxlm-base,7,4LocalWordSwaps,128,0.9303669929504395
infoxlm_base,microsoft/infoxlm-base,7,4LocalWordSwaps,129,0.9466966986656189
infoxlm_base,microsoft/infoxlm-base,7,4LocalWordSwaps,130,0.9377237558364868
infoxlm_base,microsoft/infoxlm-base,7,4LocalWordSwaps,131,0.991419792175293
infoxlm_base,microsoft/infoxlm-base,7,4LocalWordSwaps,132,0.9218753576278687
infoxlm_base,microsoft/infoxlm-base,7,4LocalWordSwaps,133,0.941321849822998
infoxlm_base,microsoft/infoxlm-base,7,4LocalWordSwaps,134,0.9200606346130371
infoxlm_base,microsoft/infoxlm-base,7,4LocalWordSwaps,135,0.930269181728363
infoxlm_base,microsoft/infoxlm-base,7,4LocalWordSwaps,136,0.92961186170578
infoxlm_base,microsoft/infoxlm-base,7,4LocalWordSwaps,137,0.9379598498344421
infoxlm_base,microsoft/infoxlm-base,7,4LocalWordSwaps,138,0.9942756295204163
infoxlm_base,microsoft/infoxlm-base,7,4LocalWordSwaps,139,0.9396594166755676
infoxlm_base,microsoft/infoxlm-base,7,4LocalWordSwaps,140,0.9936918020248413
infoxlm_base,microsoft/infoxlm-base,7,4LocalWordSwaps,141,0.9237633943557739
infoxlm_base,microsoft/infoxlm-base,7,4LocalWordSwaps,142,0.9283385872840881
infoxlm_base,microsoft/infoxlm-base,7,4LocalWordSwaps,143,0.9450374841690063
infoxlm_base,microsoft/infoxlm-base,7,4LocalWordSwaps,144,0.9342477917671204
infoxlm_base,microsoft/infoxlm-base,7,4LocalWordSwaps,145,0.9263171553611755
infoxlm_base,microsoft/infoxlm-base,7,4LocalWordSwaps,146,0.8914083242416382
infoxlm_base,microsoft/infoxlm-base,7,4LocalWordSwaps,147,0.9867404699325562
infoxlm_base,microsoft/infoxlm-base,7,4LocalWordSwaps,148,0.9070703983306885
infoxlm_base,microsoft/infoxlm-base,7,4LocalWordSwaps,149,0.9540016651153564
infoxlm_base,microsoft/infoxlm-base,7,4LocalWordSwaps,150,0.9379555583000183
infoxlm_base,microsoft/infoxlm-base,7,4LocalWordSwaps,151,0.9220615029335022
infoxlm_base,microsoft/infoxlm-base,7,4LocalWordSwaps,152,0.913589596748352
infoxlm_base,microsoft/infoxlm-base,7,4LocalWordSwaps,153,0.917801022529602
infoxlm_base,microsoft/infoxlm-base,7,4LocalWordSwaps,154,0.9756876230239868
infoxlm_base,microsoft/infoxlm-base,7,4LocalWordSwaps,155,0.942669153213501
infoxlm_base,microsoft/infoxlm-base,7,4LocalWordSwaps,156,0.9164862632751465
infoxlm_base,microsoft/infoxlm-base,7,4LocalWordSwaps,157,0.9239778518676758
infoxlm_base,microsoft/infoxlm-base,7,4LocalWordSwaps,158,0.9418328404426575
infoxlm_base,microsoft/infoxlm-base,7,4LocalWordSwaps,159,0.9282920360565186
infoxlm_base,microsoft/infoxlm-base,7,4LocalWordSwaps,160,0.9377807378768921
infoxlm_base,microsoft/infoxlm-base,7,4LocalWordSwaps,161,0.925690770149231
infoxlm_base,microsoft/infoxlm-base,7,4LocalWordSwaps,162,0.9542015194892883
infoxlm_base,microsoft/infoxlm-base,7,4LocalWordSwaps,163,0.8822168111801147
infoxlm_base,microsoft/infoxlm-base,7,4LocalWordSwaps,164,0.9433940649032593
infoxlm_base,microsoft/infoxlm-base,7,4LocalWordSwaps,165,0.9155035018920898
infoxlm_base,microsoft/infoxlm-base,7,4LocalWordSwaps,166,0.9916521310806274
infoxlm_base,microsoft/infoxlm-base,7,4LocalWordSwaps,167,0.935370683670044
infoxlm_base,microsoft/infoxlm-base,7,4LocalWordSwaps,168,0.9809311032295227
infoxlm_base,microsoft/infoxlm-base,7,4LocalWordSwaps,169,0.9305089712142944
infoxlm_base,microsoft/infoxlm-base,7,4LocalWordSwaps,170,0.935340166091919
infoxlm_base,microsoft/infoxlm-base,7,4LocalWordSwaps,171,0.9066406488418579
infoxlm_base,microsoft/infoxlm-base,7,4LocalWordSwaps,172,0.9274288415908813
infoxlm_base,microsoft/infoxlm-base,7,4LocalWordSwaps,173,0.9314523935317993
infoxlm_base,microsoft/infoxlm-base,7,4LocalWordSwaps,174,0.9314102530479431
infoxlm_base,microsoft/infoxlm-base,7,4LocalWordSwaps,175,0.9290884733200073
infoxlm_base,microsoft/infoxlm-base,7,4LocalWordSwaps,176,0.9225081205368042
infoxlm_base,microsoft/infoxlm-base,7,4LocalWordSwaps,177,0.9259014129638672
infoxlm_base,microsoft/infoxlm-base,7,4LocalWordSwaps,178,0.9182020425796509
infoxlm_base,microsoft/infoxlm-base,7,4LocalWordSwaps,179,0.9928104877471924
infoxlm_base,microsoft/infoxlm-base,7,4LocalWordSwaps,180,0.9093472957611084
infoxlm_base,microsoft/infoxlm-base,7,4LocalWordSwaps,181,0.9199035167694092
infoxlm_base,microsoft/infoxlm-base,7,4LocalWordSwaps,182,0.9617310166358948
infoxlm_base,microsoft/infoxlm-base,7,4LocalWordSwaps,183,0.9503729343414307
infoxlm_base,microsoft/infoxlm-base,7,4LocalWordSwaps,184,0.929393470287323
infoxlm_base,microsoft/infoxlm-base,7,4LocalWordSwaps,185,0.9198611378669739
infoxlm_base,microsoft/infoxlm-base,7,4LocalWordSwaps,186,0.9259880185127258
infoxlm_base,microsoft/infoxlm-base,7,4LocalWordSwaps,187,0.9149246215820312
infoxlm_base,microsoft/infoxlm-base,7,4LocalWordSwaps,188,0.9467755556106567
infoxlm_base,microsoft/infoxlm-base,7,4LocalWordSwaps,189,0.9437204003334045
infoxlm_base,microsoft/infoxlm-base,7,4LocalWordSwaps,190,0.9333523511886597
infoxlm_base,microsoft/infoxlm-base,7,4LocalWordSwaps,191,0.9216886758804321
infoxlm_base,microsoft/infoxlm-base,7,4LocalWordSwaps,192,0.9147406816482544
infoxlm_base,microsoft/infoxlm-base,7,4LocalWordSwaps,193,0.9365822672843933
infoxlm_base,microsoft/infoxlm-base,7,4LocalWordSwaps,194,0.9335441589355469
infoxlm_base,microsoft/infoxlm-base,7,4LocalWordSwaps,195,0.9258912205696106
infoxlm_base,microsoft/infoxlm-base,7,4LocalWordSwaps,196,0.9155082702636719
infoxlm_base,microsoft/infoxlm-base,7,4LocalWordSwaps,197,0.9233525991439819
infoxlm_base,microsoft/infoxlm-base,7,4LocalWordSwaps,198,0.9493767619132996
infoxlm_base,microsoft/infoxlm-base,7,4LocalWordSwaps,199,0.9156726598739624
infoxlm_base,microsoft/infoxlm-base,7,4LocalWordSwaps,200,0.9309903383255005
infoxlm_base,microsoft/infoxlm-base,7,4LocalWordSwaps,201,0.9092196822166443
infoxlm_base,microsoft/infoxlm-base,7,4LocalWordSwaps,202,0.947216272354126
infoxlm_base,microsoft/infoxlm-base,7,4LocalWordSwaps,203,0.9269875884056091
infoxlm_base,microsoft/infoxlm-base,7,4LocalWordSwaps,204,0.9449518918991089
infoxlm_base,microsoft/infoxlm-base,7,4LocalWordSwaps,205,0.9352999925613403
infoxlm_base,microsoft/infoxlm-base,7,4LocalWordSwaps,206,0.9058657288551331
infoxlm_base,microsoft/infoxlm-base,7,4LocalWordSwaps,207,0.9916259050369263
infoxlm_base,microsoft/infoxlm-base,7,4LocalWordSwaps,208,0.946599543094635
infoxlm_base,microsoft/infoxlm-base,7,4LocalWordSwaps,209,0.9210138916969299
infoxlm_base,microsoft/infoxlm-base,7,4LocalWordSwaps,210,0.9237103462219238
infoxlm_base,microsoft/infoxlm-base,7,4LocalWordSwaps,211,0.9226213097572327
infoxlm_base,microsoft/infoxlm-base,7,4LocalWordSwaps,212,0.9199585914611816
infoxlm_base,microsoft/infoxlm-base,7,4LocalWordSwaps,213,0.9194978475570679
infoxlm_base,microsoft/infoxlm-base,7,4LocalWordSwaps,214,0.9334949254989624
infoxlm_base,microsoft/infoxlm-base,7,4LocalWordSwaps,215,0.9960900545120239
infoxlm_base,microsoft/infoxlm-base,7,4LocalWordSwaps,216,0.9484922885894775
infoxlm_base,microsoft/infoxlm-base,7,4LocalWordSwaps,217,0.914263129234314
infoxlm_base,microsoft/infoxlm-base,7,4LocalWordSwaps,218,0.9389051795005798
infoxlm_base,microsoft/infoxlm-base,7,4LocalWordSwaps,219,0.9407556653022766
infoxlm_base,microsoft/infoxlm-base,7,4LocalWordSwaps,220,0.9335752725601196
infoxlm_base,microsoft/infoxlm-base,7,4LocalWordSwaps,221,0.9776914119720459
infoxlm_base,microsoft/infoxlm-base,7,4LocalWordSwaps,222,0.9315733313560486
infoxlm_base,microsoft/infoxlm-base,7,4LocalWordSwaps,223,0.9504780173301697
infoxlm_base,microsoft/infoxlm-base,7,4LocalWordSwaps,224,0.9271307587623596
infoxlm_base,microsoft/infoxlm-base,7,4LocalWordSwaps,225,0.9475024938583374
infoxlm_base,microsoft/infoxlm-base,7,4LocalWordSwaps,226,0.9087523221969604
infoxlm_base,microsoft/infoxlm-base,7,4LocalWordSwaps,227,0.9398019909858704
infoxlm_base,microsoft/infoxlm-base,7,4LocalWordSwaps,228,0.908111572265625
infoxlm_base,microsoft/infoxlm-base,7,4LocalWordSwaps,229,0.9192902445793152
infoxlm_base,microsoft/infoxlm-base,7,4LocalWordSwaps,230,0.994610071182251
infoxlm_base,microsoft/infoxlm-base,7,4LocalWordSwaps,231,0.9218908548355103
infoxlm_base,microsoft/infoxlm-base,7,4LocalWordSwaps,232,0.9900315999984741
infoxlm_base,microsoft/infoxlm-base,7,4LocalWordSwaps,233,0.9323965907096863
infoxlm_base,microsoft/infoxlm-base,7,4LocalWordSwaps,234,0.9209690690040588
infoxlm_base,microsoft/infoxlm-base,7,4LocalWordSwaps,235,0.9303799271583557
infoxlm_base,microsoft/infoxlm-base,7,4LocalWordSwaps,236,0.9316247701644897
infoxlm_base,microsoft/infoxlm-base,7,4LocalWordSwaps,237,0.925950288772583
infoxlm_base,microsoft/infoxlm-base,7,4LocalWordSwaps,238,0.9303314685821533
infoxlm_base,microsoft/infoxlm-base,7,4LocalWordSwaps,239,0.9222412109375
infoxlm_base,microsoft/infoxlm-base,7,4LocalWordSwaps,240,0.9421522617340088
infoxlm_base,microsoft/infoxlm-base,7,4LocalWordSwaps,241,0.9237799644470215
infoxlm_base,microsoft/infoxlm-base,7,4LocalWordSwaps,242,0.928242564201355
infoxlm_base,microsoft/infoxlm-base,7,4LocalWordSwaps,243,0.9061570167541504
infoxlm_base,microsoft/infoxlm-base,7,4LocalWordSwaps,244,0.9174671769142151
infoxlm_base,microsoft/infoxlm-base,7,4LocalWordSwaps,245,0.9159997701644897
infoxlm_base,microsoft/infoxlm-base,7,4LocalWordSwaps,246,0.905583381652832
infoxlm_base,microsoft/infoxlm-base,7,4LocalWordSwaps,247,0.9398761987686157
infoxlm_base,microsoft/infoxlm-base,7,4LocalWordSwaps,248,0.9864206314086914
infoxlm_base,microsoft/infoxlm-base,7,4LocalWordSwaps,249,0.9118731617927551
infoxlm_base,microsoft/infoxlm-base,7,4LocalWordSwaps,250,0.9232215285301208
infoxlm_base,microsoft/infoxlm-base,7,4LocalWordSwaps,251,0.9184914827346802
infoxlm_base,microsoft/infoxlm-base,7,4LocalWordSwaps,252,0.9952830076217651
infoxlm_base,microsoft/infoxlm-base,7,4LocalWordSwaps,253,0.9347155690193176
infoxlm_base,microsoft/infoxlm-base,7,4LocalWordSwaps,254,0.987248957157135
infoxlm_base,microsoft/infoxlm-base,7,4LocalWordSwaps,255,0.9905991554260254
infoxlm_base,microsoft/infoxlm-base,7,4LocalWordSwaps,256,0.9340769648551941
infoxlm_base,microsoft/infoxlm-base,7,4LocalWordSwaps,257,0.9297196269035339
infoxlm_base,microsoft/infoxlm-base,7,4LocalWordSwaps,258,0.9227545261383057
infoxlm_base,microsoft/infoxlm-base,7,4LocalWordSwaps,259,0.9441965222358704
infoxlm_base,microsoft/infoxlm-base,7,4LocalWordSwaps,260,0.9313791990280151
infoxlm_base,microsoft/infoxlm-base,7,4LocalWordSwaps,261,0.9498856663703918
infoxlm_base,microsoft/infoxlm-base,7,4LocalWordSwaps,262,0.9294661283493042
infoxlm_base,microsoft/infoxlm-base,7,4LocalWordSwaps,263,0.9297109842300415
infoxlm_base,microsoft/infoxlm-base,7,4LocalWordSwaps,264,0.9527511596679688
infoxlm_base,microsoft/infoxlm-base,7,4LocalWordSwaps,265,0.9211384057998657
infoxlm_base,microsoft/infoxlm-base,7,4LocalWordSwaps,266,0.9323974847793579
infoxlm_base,microsoft/infoxlm-base,7,4LocalWordSwaps,267,0.9430195093154907
infoxlm_base,microsoft/infoxlm-base,7,4LocalWordSwaps,268,0.999122142791748
infoxlm_base,microsoft/infoxlm-base,7,4LocalWordSwaps,269,0.9529294967651367
infoxlm_base,microsoft/infoxlm-base,7,4LocalWordSwaps,270,0.9366278648376465
infoxlm_base,microsoft/infoxlm-base,7,4LocalWordSwaps,271,0.9194977283477783
infoxlm_base,microsoft/infoxlm-base,7,4LocalWordSwaps,272,0.9508057236671448
infoxlm_base,microsoft/infoxlm-base,7,4LocalWordSwaps,273,0.9021481871604919
infoxlm_base,microsoft/infoxlm-base,7,4LocalWordSwaps,274,0.9445295929908752
infoxlm_base,microsoft/infoxlm-base,7,4LocalWordSwaps,275,0.9226317405700684
infoxlm_base,microsoft/infoxlm-base,7,4LocalWordSwaps,276,0.9307014346122742
infoxlm_base,microsoft/infoxlm-base,7,4LocalWordSwaps,277,0.997187614440918
infoxlm_base,microsoft/infoxlm-base,7,4LocalWordSwaps,278,0.9221610426902771
infoxlm_base,microsoft/infoxlm-base,7,4LocalWordSwaps,279,0.9382894039154053
infoxlm_base,microsoft/infoxlm-base,7,4LocalWordSwaps,280,0.9167720675468445
infoxlm_base,microsoft/infoxlm-base,7,4LocalWordSwaps,281,0.9307599663734436
infoxlm_base,microsoft/infoxlm-base,7,4LocalWordSwaps,282,0.9273780584335327
infoxlm_base,microsoft/infoxlm-base,7,4LocalWordSwaps,283,0.9380079507827759
infoxlm_base,microsoft/infoxlm-base,7,4LocalWordSwaps,284,0.9230130314826965
infoxlm_base,microsoft/infoxlm-base,7,4LocalWordSwaps,285,0.9145679473876953
infoxlm_base,microsoft/infoxlm-base,7,4LocalWordSwaps,286,0.9194440245628357
infoxlm_base,microsoft/infoxlm-base,7,4LocalWordSwaps,287,0.9861990213394165
infoxlm_base,microsoft/infoxlm-base,7,4LocalWordSwaps,288,0.9390397071838379
infoxlm_base,microsoft/infoxlm-base,7,4LocalWordSwaps,289,0.9252168536186218
infoxlm_base,microsoft/infoxlm-base,7,4LocalWordSwaps,290,0.95624178647995
infoxlm_base,microsoft/infoxlm-base,7,4LocalWordSwaps,291,0.912828803062439
infoxlm_base,microsoft/infoxlm-base,7,4LocalWordSwaps,292,0.9447848796844482
infoxlm_base,microsoft/infoxlm-base,7,4LocalWordSwaps,293,0.9367531538009644
infoxlm_base,microsoft/infoxlm-base,7,4LocalWordSwaps,294,0.9359476566314697
infoxlm_base,microsoft/infoxlm-base,7,4LocalWordSwaps,295,0.9188418388366699
infoxlm_base,microsoft/infoxlm-base,7,4LocalWordSwaps,296,0.9237141609191895
infoxlm_base,microsoft/infoxlm-base,7,4LocalWordSwaps,297,0.9215055108070374
infoxlm_base,microsoft/infoxlm-base,7,4LocalWordSwaps,298,0.9467702507972717
infoxlm_base,microsoft/infoxlm-base,7,4LocalWordSwaps,299,0.9120158553123474
infoxlm_base,microsoft/infoxlm-base,7,4LocalWordSwaps,300,0.9221309423446655
infoxlm_base,microsoft/infoxlm-base,7,4LocalWordSwaps,301,0.9292929172515869
infoxlm_base,microsoft/infoxlm-base,7,4LocalWordSwaps,302,0.9859136343002319
infoxlm_base,microsoft/infoxlm-base,7,4LocalWordSwaps,303,0.9140971302986145
infoxlm_base,microsoft/infoxlm-base,7,4LocalWordSwaps,304,0.9402962327003479
infoxlm_base,microsoft/infoxlm-base,7,4LocalWordSwaps,305,0.9144440293312073
infoxlm_base,microsoft/infoxlm-base,7,4LocalWordSwaps,306,0.8971254229545593
infoxlm_base,microsoft/infoxlm-base,7,4LocalWordSwaps,307,0.9512704610824585
infoxlm_base,microsoft/infoxlm-base,7,4LocalWordSwaps,308,0.8997765183448792
infoxlm_base,microsoft/infoxlm-base,7,4LocalWordSwaps,309,0.9302383065223694
infoxlm_base,microsoft/infoxlm-base,7,4LocalWordSwaps,310,0.9320330619812012
infoxlm_base,microsoft/infoxlm-base,7,4LocalWordSwaps,311,0.9327561259269714
infoxlm_base,microsoft/infoxlm-base,7,4LocalWordSwaps,312,0.9245814681053162
infoxlm_base,microsoft/infoxlm-base,7,4LocalWordSwaps,313,0.9269087314605713
infoxlm_base,microsoft/infoxlm-base,7,4LocalWordSwaps,314,0.9027633666992188
infoxlm_base,microsoft/infoxlm-base,7,4LocalWordSwaps,315,0.9309424161911011
infoxlm_base,microsoft/infoxlm-base,7,4LocalWordSwaps,316,0.924643874168396
infoxlm_base,microsoft/infoxlm-base,7,4LocalWordSwaps,317,0.9462759494781494
infoxlm_base,microsoft/infoxlm-base,7,4LocalWordSwaps,318,0.918846070766449
infoxlm_base,microsoft/infoxlm-base,7,4LocalWordSwaps,319,0.9359738826751709
infoxlm_base,microsoft/infoxlm-base,7,4LocalWordSwaps,320,0.9274407029151917
infoxlm_base,microsoft/infoxlm-base,7,4LocalWordSwaps,321,0.9537292122840881
infoxlm_base,microsoft/infoxlm-base,7,4LocalWordSwaps,322,0.9165001511573792
infoxlm_base,microsoft/infoxlm-base,7,4LocalWordSwaps,323,0.9449332356452942
infoxlm_base,microsoft/infoxlm-base,7,4LocalWordSwaps,324,0.9307385087013245
infoxlm_base,microsoft/infoxlm-base,7,4LocalWordSwaps,325,0.9266452193260193
infoxlm_base,microsoft/infoxlm-base,7,4LocalWordSwaps,326,0.9267675280570984
infoxlm_base,microsoft/infoxlm-base,7,4LocalWordSwaps,327,0.9158865213394165
infoxlm_base,microsoft/infoxlm-base,7,4LocalWordSwaps,328,0.9346590638160706
infoxlm_base,microsoft/infoxlm-base,7,4LocalWordSwaps,329,0.9110244512557983
infoxlm_base,microsoft/infoxlm-base,7,4LocalWordSwaps,330,0.9308512806892395
infoxlm_base,microsoft/infoxlm-base,7,4LocalWordSwaps,331,0.942049503326416
infoxlm_base,microsoft/infoxlm-base,7,4LocalWordSwaps,332,0.9316232204437256
infoxlm_base,microsoft/infoxlm-base,7,4LocalWordSwaps,333,0.9437011480331421
infoxlm_base,microsoft/infoxlm-base,7,4LocalWordSwaps,334,0.9634029269218445
infoxlm_base,microsoft/infoxlm-base,7,4LocalWordSwaps,335,0.9882632493972778
infoxlm_base,microsoft/infoxlm-base,7,4LocalWordSwaps,336,0.9139990210533142
infoxlm_base,microsoft/infoxlm-base,7,4LocalWordSwaps,337,0.9236112236976624
infoxlm_base,microsoft/infoxlm-base,7,4LocalWordSwaps,338,0.9284224510192871
infoxlm_base,microsoft/infoxlm-base,7,4LocalWordSwaps,339,0.9306378364562988
infoxlm_base,microsoft/infoxlm-base,7,4LocalWordSwaps,340,0.988528847694397
infoxlm_base,microsoft/infoxlm-base,7,4LocalWordSwaps,341,0.9470527172088623
infoxlm_base,microsoft/infoxlm-base,7,4LocalWordSwaps,342,0.9299872517585754
infoxlm_base,microsoft/infoxlm-base,7,4LocalWordSwaps,343,0.9343940019607544
infoxlm_base,microsoft/infoxlm-base,7,4LocalWordSwaps,344,0.9378119707107544
infoxlm_base,microsoft/infoxlm-base,7,4LocalWordSwaps,345,0.9241203665733337
infoxlm_base,microsoft/infoxlm-base,7,4LocalWordSwaps,346,0.9238319396972656
infoxlm_base,microsoft/infoxlm-base,7,4LocalWordSwaps,347,0.9229395389556885
infoxlm_base,microsoft/infoxlm-base,7,4LocalWordSwaps,348,0.937187910079956
infoxlm_base,microsoft/infoxlm-base,7,4LocalWordSwaps,349,0.929603636264801
infoxlm_base,microsoft/infoxlm-base,7,4LocalWordSwaps,350,0.9530921578407288
infoxlm_base,microsoft/infoxlm-base,7,4LocalWordSwaps,351,0.9091976881027222
infoxlm_base,microsoft/infoxlm-base,7,4LocalWordSwaps,352,0.9384741187095642
infoxlm_base,microsoft/infoxlm-base,7,4LocalWordSwaps,353,0.9204416871070862
infoxlm_base,microsoft/infoxlm-base,7,4LocalWordSwaps,354,0.9794939756393433
infoxlm_base,microsoft/infoxlm-base,7,4LocalWordSwaps,355,0.9435772895812988
infoxlm_base,microsoft/infoxlm-base,7,4LocalWordSwaps,356,0.9076354503631592
infoxlm_base,microsoft/infoxlm-base,7,4LocalWordSwaps,357,0.9714838862419128
infoxlm_base,microsoft/infoxlm-base,7,4LocalWordSwaps,358,0.9327388405799866
infoxlm_base,microsoft/infoxlm-base,7,4LocalWordSwaps,359,0.9118084907531738
infoxlm_base,microsoft/infoxlm-base,7,4LocalWordSwaps,360,0.9247394800186157
infoxlm_base,microsoft/infoxlm-base,7,4LocalWordSwaps,361,0.891119122505188
infoxlm_base,microsoft/infoxlm-base,7,4LocalWordSwaps,362,0.9937525391578674
infoxlm_base,microsoft/infoxlm-base,7,4LocalWordSwaps,363,0.9577940702438354
infoxlm_base,microsoft/infoxlm-base,7,4LocalWordSwaps,364,0.9301689863204956
infoxlm_base,microsoft/infoxlm-base,7,4LocalWordSwaps,365,0.9234375357627869
infoxlm_base,microsoft/infoxlm-base,7,4LocalWordSwaps,366,0.9938604831695557
infoxlm_base,microsoft/infoxlm-base,7,4LocalWordSwaps,367,0.9218766093254089
infoxlm_base,microsoft/infoxlm-base,7,4LocalWordSwaps,368,0.9486929178237915
infoxlm_base,microsoft/infoxlm-base,7,4LocalWordSwaps,369,0.9556175470352173
infoxlm_base,microsoft/infoxlm-base,7,4LocalWordSwaps,370,0.9384780526161194
infoxlm_base,microsoft/infoxlm-base,7,4LocalWordSwaps,371,0.9920424818992615
infoxlm_base,microsoft/infoxlm-base,7,4LocalWordSwaps,372,0.9254506826400757
infoxlm_base,microsoft/infoxlm-base,7,4LocalWordSwaps,373,0.9235401153564453
infoxlm_base,microsoft/infoxlm-base,7,4LocalWordSwaps,374,0.9283643960952759
infoxlm_base,microsoft/infoxlm-base,7,4LocalWordSwaps,375,0.9182131290435791
infoxlm_base,microsoft/infoxlm-base,7,4LocalWordSwaps,376,0.9429636001586914
infoxlm_base,microsoft/infoxlm-base,7,4LocalWordSwaps,377,0.9435888528823853
infoxlm_base,microsoft/infoxlm-base,7,4LocalWordSwaps,378,0.9965914487838745
infoxlm_base,microsoft/infoxlm-base,7,4LocalWordSwaps,379,0.9059756994247437
infoxlm_base,microsoft/infoxlm-base,7,4LocalWordSwaps,380,0.9065730571746826
infoxlm_base,microsoft/infoxlm-base,7,4LocalWordSwaps,381,0.9499875903129578
infoxlm_base,microsoft/infoxlm-base,7,4LocalWordSwaps,382,0.9206442832946777
infoxlm_base,microsoft/infoxlm-base,7,4LocalWordSwaps,383,0.9394538402557373
infoxlm_base,microsoft/infoxlm-base,7,4LocalWordSwaps,384,0.9339651465415955
infoxlm_base,microsoft/infoxlm-base,7,4LocalWordSwaps,385,0.9277288317680359
infoxlm_base,microsoft/infoxlm-base,7,4LocalWordSwaps,386,0.932368814945221
infoxlm_base,microsoft/infoxlm-base,7,4LocalWordSwaps,387,0.9579195976257324
infoxlm_base,microsoft/infoxlm-base,7,4LocalWordSwaps,388,0.9921384453773499
infoxlm_base,microsoft/infoxlm-base,7,4LocalWordSwaps,389,0.9307760000228882
infoxlm_base,microsoft/infoxlm-base,7,4LocalWordSwaps,390,0.9326169490814209
infoxlm_base,microsoft/infoxlm-base,7,4LocalWordSwaps,391,0.9352903962135315
infoxlm_base,microsoft/infoxlm-base,7,4LocalWordSwaps,392,0.9411304593086243
infoxlm_base,microsoft/infoxlm-base,7,4LocalWordSwaps,393,0.9274296164512634
infoxlm_base,microsoft/infoxlm-base,7,4LocalWordSwaps,394,0.9371353983879089
infoxlm_base,microsoft/infoxlm-base,7,4LocalWordSwaps,395,0.9086052775382996
infoxlm_base,microsoft/infoxlm-base,7,4LocalWordSwaps,396,0.8904356360435486
infoxlm_base,microsoft/infoxlm-base,7,4LocalWordSwaps,397,0.9919211864471436
infoxlm_base,microsoft/infoxlm-base,7,4LocalWordSwaps,398,0.9287145733833313
infoxlm_base,microsoft/infoxlm-base,7,4LocalWordSwaps,399,0.9197890758514404
infoxlm_base,microsoft/infoxlm-base,7,4LocalWordSwaps,400,0.9000911712646484
infoxlm_base,microsoft/infoxlm-base,7,4LocalWordSwaps,401,0.9259433746337891
infoxlm_base,microsoft/infoxlm-base,7,4LocalWordSwaps,402,0.9439965486526489
infoxlm_base,microsoft/infoxlm-base,7,4LocalWordSwaps,403,0.9895233511924744
infoxlm_base,microsoft/infoxlm-base,7,4LocalWordSwaps,404,0.9282655715942383
infoxlm_base,microsoft/infoxlm-base,7,4LocalWordSwaps,405,0.9382517337799072
infoxlm_base,microsoft/infoxlm-base,7,4LocalWordSwaps,406,0.9482613205909729
infoxlm_base,microsoft/infoxlm-base,7,4LocalWordSwaps,407,0.9191461801528931
infoxlm_base,microsoft/infoxlm-base,7,4LocalWordSwaps,408,0.9942200183868408
infoxlm_base,microsoft/infoxlm-base,7,4LocalWordSwaps,409,0.9825836420059204
infoxlm_base,microsoft/infoxlm-base,7,4LocalWordSwaps,410,0.9371427893638611
infoxlm_base,microsoft/infoxlm-base,7,4LocalWordSwaps,411,0.9292943477630615
infoxlm_base,microsoft/infoxlm-base,7,4LocalWordSwaps,412,0.9227338433265686
infoxlm_base,microsoft/infoxlm-base,7,4LocalWordSwaps,413,0.9427821636199951
infoxlm_base,microsoft/infoxlm-base,7,4LocalWordSwaps,414,0.9360312223434448
infoxlm_base,microsoft/infoxlm-base,7,4LocalWordSwaps,415,0.9375652074813843
infoxlm_base,microsoft/infoxlm-base,7,4LocalWordSwaps,416,0.9346475601196289
infoxlm_base,microsoft/infoxlm-base,7,4LocalWordSwaps,417,0.9482539892196655
infoxlm_base,microsoft/infoxlm-base,7,4LocalWordSwaps,418,0.9200941324234009
infoxlm_base,microsoft/infoxlm-base,7,4LocalWordSwaps,419,0.9295096397399902
infoxlm_base,microsoft/infoxlm-base,7,4LocalWordSwaps,420,0.9323568940162659
infoxlm_base,microsoft/infoxlm-base,7,4LocalWordSwaps,421,0.9216713309288025
infoxlm_base,microsoft/infoxlm-base,7,4LocalWordSwaps,422,0.9164978861808777
infoxlm_base,microsoft/infoxlm-base,7,4LocalWordSwaps,423,0.9102650880813599
infoxlm_base,microsoft/infoxlm-base,7,4LocalWordSwaps,424,0.9316193461418152
infoxlm_base,microsoft/infoxlm-base,7,4LocalWordSwaps,425,0.9880685806274414
infoxlm_base,microsoft/infoxlm-base,7,4LocalWordSwaps,426,0.9479519128799438
infoxlm_base,microsoft/infoxlm-base,7,4LocalWordSwaps,427,0.9140943288803101
infoxlm_base,microsoft/infoxlm-base,7,4LocalWordSwaps,428,0.9394936561584473
infoxlm_base,microsoft/infoxlm-base,7,4LocalWordSwaps,429,0.9346721172332764
infoxlm_base,microsoft/infoxlm-base,7,4LocalWordSwaps,430,0.9465213418006897
infoxlm_base,microsoft/infoxlm-base,7,4LocalWordSwaps,431,0.929222822189331
infoxlm_base,microsoft/infoxlm-base,7,4LocalWordSwaps,432,0.945766806602478
infoxlm_base,microsoft/infoxlm-base,7,4LocalWordSwaps,433,0.9445453882217407
infoxlm_base,microsoft/infoxlm-base,7,4LocalWordSwaps,434,0.9130806922912598
infoxlm_base,microsoft/infoxlm-base,7,4LocalWordSwaps,435,0.9279507994651794
infoxlm_base,microsoft/infoxlm-base,7,4LocalWordSwaps,436,0.9189449548721313
infoxlm_base,microsoft/infoxlm-base,7,4LocalWordSwaps,437,0.9456318616867065
infoxlm_base,microsoft/infoxlm-base,7,4LocalWordSwaps,438,0.9307956695556641
infoxlm_base,microsoft/infoxlm-base,7,4LocalWordSwaps,439,0.950963020324707
infoxlm_base,microsoft/infoxlm-base,7,4LocalWordSwaps,440,0.9925665259361267
infoxlm_base,microsoft/infoxlm-base,7,4LocalWordSwaps,441,0.9285880923271179
infoxlm_base,microsoft/infoxlm-base,7,4LocalWordSwaps,442,0.9471491575241089
infoxlm_base,microsoft/infoxlm-base,7,4LocalWordSwaps,443,0.9422188997268677
infoxlm_base,microsoft/infoxlm-base,7,4LocalWordSwaps,444,0.9318715333938599
infoxlm_base,microsoft/infoxlm-base,7,4LocalWordSwaps,445,0.9329904913902283
infoxlm_base,microsoft/infoxlm-base,7,4LocalWordSwaps,446,0.9285491704940796
infoxlm_base,microsoft/infoxlm-base,7,4LocalWordSwaps,447,0.9870150685310364
infoxlm_base,microsoft/infoxlm-base,7,4LocalWordSwaps,448,0.9239048361778259
infoxlm_base,microsoft/infoxlm-base,7,4LocalWordSwaps,449,0.9224226474761963
infoxlm_base,microsoft/infoxlm-base,7,4LocalWordSwaps,450,0.9381997585296631
infoxlm_base,microsoft/infoxlm-base,7,4LocalWordSwaps,451,0.9475889205932617
infoxlm_base,microsoft/infoxlm-base,7,4LocalWordSwaps,452,0.9803460836410522
infoxlm_base,microsoft/infoxlm-base,7,4LocalWordSwaps,453,0.9241382479667664
infoxlm_base,microsoft/infoxlm-base,7,4LocalWordSwaps,454,0.9208817481994629
infoxlm_base,microsoft/infoxlm-base,7,4LocalWordSwaps,455,0.9226752519607544
infoxlm_base,microsoft/infoxlm-base,7,4LocalWordSwaps,456,0.9469038844108582
infoxlm_base,microsoft/infoxlm-base,7,4LocalWordSwaps,457,0.9325038194656372
infoxlm_base,microsoft/infoxlm-base,7,4LocalWordSwaps,458,0.936696469783783
infoxlm_base,microsoft/infoxlm-base,7,4LocalWordSwaps,459,0.9917203783988953
infoxlm_base,microsoft/infoxlm-base,7,4LocalWordSwaps,460,0.9343297481536865
infoxlm_base,microsoft/infoxlm-base,7,4LocalWordSwaps,461,0.9404030442237854
infoxlm_base,microsoft/infoxlm-base,7,4LocalWordSwaps,462,0.9169554710388184
infoxlm_base,microsoft/infoxlm-base,7,4LocalWordSwaps,463,0.9178261160850525
infoxlm_base,microsoft/infoxlm-base,7,4LocalWordSwaps,464,0.9546465873718262
infoxlm_base,microsoft/infoxlm-base,7,4LocalWordSwaps,465,0.9181559681892395
infoxlm_base,microsoft/infoxlm-base,7,4LocalWordSwaps,466,0.9213563203811646
infoxlm_base,microsoft/infoxlm-base,7,4LocalWordSwaps,467,0.9184566140174866
infoxlm_base,microsoft/infoxlm-base,7,4LocalWordSwaps,468,0.931950032711029
infoxlm_base,microsoft/infoxlm-base,7,4LocalWordSwaps,469,0.9227847456932068
infoxlm_base,microsoft/infoxlm-base,7,4LocalWordSwaps,470,0.9273439645767212
infoxlm_base,microsoft/infoxlm-base,7,4LocalWordSwaps,471,0.9295490980148315
infoxlm_base,microsoft/infoxlm-base,7,4LocalWordSwaps,472,0.9048654437065125
infoxlm_base,microsoft/infoxlm-base,7,4LocalWordSwaps,473,0.8857730031013489
infoxlm_base,microsoft/infoxlm-base,7,4LocalWordSwaps,474,0.992773175239563
infoxlm_base,microsoft/infoxlm-base,7,4LocalWordSwaps,475,0.989944577217102
infoxlm_base,microsoft/infoxlm-base,7,4LocalWordSwaps,476,0.993000864982605
infoxlm_base,microsoft/infoxlm-base,7,4LocalWordSwaps,477,0.9549737572669983
infoxlm_base,microsoft/infoxlm-base,7,4LocalWordSwaps,478,0.9265199899673462
infoxlm_base,microsoft/infoxlm-base,7,4LocalWordSwaps,479,0.9816924929618835
infoxlm_base,microsoft/infoxlm-base,7,4LocalWordSwaps,480,0.9254427552223206
infoxlm_base,microsoft/infoxlm-base,7,4LocalWordSwaps,481,0.9178816080093384
infoxlm_base,microsoft/infoxlm-base,7,4LocalWordSwaps,482,0.9262019395828247
infoxlm_base,microsoft/infoxlm-base,7,4LocalWordSwaps,483,0.9360434412956238
infoxlm_base,microsoft/infoxlm-base,7,4LocalWordSwaps,484,0.9314863085746765
infoxlm_base,microsoft/infoxlm-base,7,4LocalWordSwaps,485,0.9243820905685425
infoxlm_base,microsoft/infoxlm-base,7,4LocalWordSwaps,486,0.9437528848648071
infoxlm_base,microsoft/infoxlm-base,7,4LocalWordSwaps,487,0.931816816329956
infoxlm_base,microsoft/infoxlm-base,7,4LocalWordSwaps,488,0.9463785290718079
infoxlm_base,microsoft/infoxlm-base,7,4LocalWordSwaps,489,0.9337542057037354
infoxlm_base,microsoft/infoxlm-base,7,4LocalWordSwaps,490,0.9352173805236816
infoxlm_base,microsoft/infoxlm-base,7,4LocalWordSwaps,491,0.9326174855232239
infoxlm_base,microsoft/infoxlm-base,7,4LocalWordSwaps,492,0.9316480159759521
infoxlm_base,microsoft/infoxlm-base,7,4LocalWordSwaps,493,0.9958222508430481
infoxlm_base,microsoft/infoxlm-base,7,4LocalWordSwaps,494,0.929834246635437
infoxlm_base,microsoft/infoxlm-base,7,4LocalWordSwaps,495,0.9273214340209961
infoxlm_base,microsoft/infoxlm-base,7,4LocalWordSwaps,496,0.9386146664619446
infoxlm_base,microsoft/infoxlm-base,7,4LocalWordSwaps,497,0.922165036201477
infoxlm_base,microsoft/infoxlm-base,7,4LocalWordSwaps,498,0.9479911923408508
infoxlm_base,microsoft/infoxlm-base,7,4LocalWordSwaps,499,0.9333069324493408
infoxlm_base,microsoft/infoxlm-base,7,4LocalWordSwaps,500,0.9893147349357605
infoxlm_base,microsoft/infoxlm-base,7,4LocalWordSwaps,501,0.95062655210495
infoxlm_base,microsoft/infoxlm-base,7,4LocalWordSwaps,502,0.9342628717422485
infoxlm_base,microsoft/infoxlm-base,7,4LocalWordSwaps,503,0.9275827407836914
infoxlm_base,microsoft/infoxlm-base,7,4LocalWordSwaps,504,0.9181553721427917
infoxlm_base,microsoft/infoxlm-base,7,4LocalWordSwaps,505,0.9476204514503479
infoxlm_base,microsoft/infoxlm-base,7,4LocalWordSwaps,506,0.9393163919448853
infoxlm_base,microsoft/infoxlm-base,7,4LocalWordSwaps,507,0.9107129573822021
infoxlm_base,microsoft/infoxlm-base,7,4LocalWordSwaps,508,0.8811759352684021
infoxlm_base,microsoft/infoxlm-base,7,4LocalWordSwaps,509,0.9316704869270325
infoxlm_base,microsoft/infoxlm-base,7,4LocalWordSwaps,510,0.9926872253417969
infoxlm_base,microsoft/infoxlm-base,7,4LocalWordSwaps,511,0.9351790547370911
infoxlm_base,microsoft/infoxlm-base,7,4LocalWordSwaps,512,0.9603750705718994
infoxlm_base,microsoft/infoxlm-base,7,4LocalWordSwaps,513,0.9282718300819397
infoxlm_base,microsoft/infoxlm-base,7,4LocalWordSwaps,514,0.9406025409698486
infoxlm_base,microsoft/infoxlm-base,7,4LocalWordSwaps,515,0.9524799585342407
infoxlm_base,microsoft/infoxlm-base,7,4LocalWordSwaps,516,0.9294519424438477
infoxlm_base,microsoft/infoxlm-base,7,4LocalWordSwaps,517,0.91859370470047
infoxlm_base,microsoft/infoxlm-base,7,4LocalWordSwaps,518,0.9425935745239258
infoxlm_base,microsoft/infoxlm-base,7,4LocalWordSwaps,519,0.9851363897323608
infoxlm_base,microsoft/infoxlm-base,7,4LocalWordSwaps,520,0.934833288192749
infoxlm_base,microsoft/infoxlm-base,7,4LocalWordSwaps,521,0.9870621562004089
infoxlm_base,microsoft/infoxlm-base,7,4LocalWordSwaps,522,0.9439601898193359
infoxlm_base,microsoft/infoxlm-base,7,4LocalWordSwaps,523,0.9464098811149597
infoxlm_base,microsoft/infoxlm-base,7,4LocalWordSwaps,524,0.9307182431221008
infoxlm_base,microsoft/infoxlm-base,7,4LocalWordSwaps,525,0.9348997473716736
infoxlm_base,microsoft/infoxlm-base,7,4LocalWordSwaps,526,0.9369248151779175
infoxlm_base,microsoft/infoxlm-base,7,4LocalWordSwaps,527,0.9236297011375427
infoxlm_base,microsoft/infoxlm-base,7,4LocalWordSwaps,528,0.9203659296035767
infoxlm_base,microsoft/infoxlm-base,7,4LocalWordSwaps,529,0.9265041947364807
infoxlm_base,microsoft/infoxlm-base,7,4LocalWordSwaps,530,0.9371671676635742
infoxlm_base,microsoft/infoxlm-base,7,4LocalWordSwaps,531,0.958454966545105
infoxlm_base,microsoft/infoxlm-base,7,4LocalWordSwaps,532,0.9509562849998474
infoxlm_base,microsoft/infoxlm-base,7,4LocalWordSwaps,533,0.920241117477417
infoxlm_base,microsoft/infoxlm-base,7,4LocalWordSwaps,534,0.9525816440582275
infoxlm_base,microsoft/infoxlm-base,7,4LocalWordSwaps,535,0.9407109022140503
infoxlm_base,microsoft/infoxlm-base,7,4LocalWordSwaps,536,0.9421490430831909
infoxlm_base,microsoft/infoxlm-base,7,4LocalWordSwaps,537,0.9877011775970459
infoxlm_base,microsoft/infoxlm-base,7,4LocalWordSwaps,538,0.9373871088027954
infoxlm_base,microsoft/infoxlm-base,7,4LocalWordSwaps,539,0.9329587817192078
infoxlm_base,microsoft/infoxlm-base,7,4LocalWordSwaps,540,0.9310399293899536
infoxlm_base,microsoft/infoxlm-base,7,4LocalWordSwaps,541,0.9299361705780029
infoxlm_base,microsoft/infoxlm-base,7,4LocalWordSwaps,542,0.9303793907165527
infoxlm_base,microsoft/infoxlm-base,7,4LocalWordSwaps,543,0.997222900390625
infoxlm_base,microsoft/infoxlm-base,7,4LocalWordSwaps,544,0.9401274919509888
infoxlm_base,microsoft/infoxlm-base,7,4LocalWordSwaps,545,0.9387191534042358
infoxlm_base,microsoft/infoxlm-base,7,4LocalWordSwaps,546,0.9280301332473755
infoxlm_base,microsoft/infoxlm-base,7,4LocalWordSwaps,547,0.9071947336196899
infoxlm_base,microsoft/infoxlm-base,7,4LocalWordSwaps,548,0.9078034162521362
infoxlm_base,microsoft/infoxlm-base,7,4LocalWordSwaps,549,0.9197430610656738
infoxlm_base,microsoft/infoxlm-base,7,4LocalWordSwaps,550,0.9089393019676208
infoxlm_base,microsoft/infoxlm-base,7,4LocalWordSwaps,551,0.9236278533935547
infoxlm_base,microsoft/infoxlm-base,7,4LocalWordSwaps,552,0.9202722311019897
infoxlm_base,microsoft/infoxlm-base,7,4LocalWordSwaps,553,0.9180222749710083
infoxlm_base,microsoft/infoxlm-base,7,4LocalWordSwaps,554,0.9290201663970947
infoxlm_base,microsoft/infoxlm-base,7,4LocalWordSwaps,555,0.9135889410972595
infoxlm_base,microsoft/infoxlm-base,7,4LocalWordSwaps,556,0.9895994067192078
infoxlm_base,microsoft/infoxlm-base,7,4LocalWordSwaps,557,0.9370269775390625
infoxlm_base,microsoft/infoxlm-base,7,4LocalWordSwaps,558,0.917938768863678
infoxlm_base,microsoft/infoxlm-base,7,4LocalWordSwaps,559,0.9433841705322266
infoxlm_base,microsoft/infoxlm-base,7,4LocalWordSwaps,560,0.9884506464004517
infoxlm_base,microsoft/infoxlm-base,7,4LocalWordSwaps,561,0.920072615146637
infoxlm_base,microsoft/infoxlm-base,7,4LocalWordSwaps,562,0.9265783429145813
infoxlm_base,microsoft/infoxlm-base,7,4LocalWordSwaps,563,0.9411502480506897
infoxlm_base,microsoft/infoxlm-base,7,4LocalWordSwaps,564,0.9266709089279175
infoxlm_base,microsoft/infoxlm-base,7,4LocalWordSwaps,565,0.9329535365104675
infoxlm_base,microsoft/infoxlm-base,7,4LocalWordSwaps,566,0.9856286644935608
infoxlm_base,microsoft/infoxlm-base,7,4LocalWordSwaps,567,0.9288738369941711
infoxlm_base,microsoft/infoxlm-base,7,4LocalWordSwaps,568,0.9241082668304443
infoxlm_base,microsoft/infoxlm-base,7,4LocalWordSwaps,569,0.9838796257972717
infoxlm_base,microsoft/infoxlm-base,7,4LocalWordSwaps,570,0.9882040023803711
infoxlm_base,microsoft/infoxlm-base,7,4LocalWordSwaps,571,0.950158953666687
infoxlm_base,microsoft/infoxlm-base,7,4LocalWordSwaps,572,0.9389607310295105
infoxlm_base,microsoft/infoxlm-base,7,4LocalWordSwaps,573,0.9321756362915039
infoxlm_base,microsoft/infoxlm-base,7,4LocalWordSwaps,574,0.942320704460144
infoxlm_base,microsoft/infoxlm-base,7,4LocalWordSwaps,575,0.913453996181488
infoxlm_base,microsoft/infoxlm-base,7,4LocalWordSwaps,576,0.9204246997833252
infoxlm_base,microsoft/infoxlm-base,7,4LocalWordSwaps,577,0.9686906337738037
infoxlm_base,microsoft/infoxlm-base,7,4LocalWordSwaps,578,0.9332218170166016
infoxlm_base,microsoft/infoxlm-base,7,4LocalWordSwaps,579,0.9838606715202332
infoxlm_base,microsoft/infoxlm-base,7,4LocalWordSwaps,580,0.9402244091033936
infoxlm_base,microsoft/infoxlm-base,7,4LocalWordSwaps,581,0.9230608344078064
infoxlm_base,microsoft/infoxlm-base,7,4LocalWordSwaps,582,0.9360939264297485
infoxlm_base,microsoft/infoxlm-base,7,4LocalWordSwaps,583,0.9291945695877075
infoxlm_base,microsoft/infoxlm-base,7,4LocalWordSwaps,584,0.9946365356445312
infoxlm_base,microsoft/infoxlm-base,7,4LocalWordSwaps,585,0.9319259524345398
infoxlm_base,microsoft/infoxlm-base,7,4LocalWordSwaps,586,0.9306759238243103
infoxlm_base,microsoft/infoxlm-base,7,4LocalWordSwaps,587,0.9415696263313293
infoxlm_base,microsoft/infoxlm-base,7,4LocalWordSwaps,588,0.9183937311172485
infoxlm_base,microsoft/infoxlm-base,7,4LocalWordSwaps,589,0.9939290285110474
infoxlm_base,microsoft/infoxlm-base,7,4LocalWordSwaps,590,0.9579289555549622
infoxlm_base,microsoft/infoxlm-base,7,4LocalWordSwaps,591,0.9230703711509705
infoxlm_base,microsoft/infoxlm-base,7,4LocalWordSwaps,592,0.9482634663581848
infoxlm_base,microsoft/infoxlm-base,7,4LocalWordSwaps,593,0.9422138929367065
infoxlm_base,microsoft/infoxlm-base,7,4LocalWordSwaps,594,0.9402651786804199
infoxlm_base,microsoft/infoxlm-base,7,4LocalWordSwaps,595,0.969562828540802
infoxlm_base,microsoft/infoxlm-base,7,4LocalWordSwaps,596,0.9948022365570068
infoxlm_base,microsoft/infoxlm-base,7,4LocalWordSwaps,597,0.9384528994560242
infoxlm_base,microsoft/infoxlm-base,7,4LocalWordSwaps,598,0.9191539287567139
infoxlm_base,microsoft/infoxlm-base,7,4LocalWordSwaps,599,0.9679722189903259
infoxlm_base,microsoft/infoxlm-base,7,4LocalWordSwaps,600,0.9241877794265747
infoxlm_base,microsoft/infoxlm-base,7,4LocalWordSwaps,601,0.9222373366355896
infoxlm_base,microsoft/infoxlm-base,7,4LocalWordSwaps,602,0.9241799116134644
infoxlm_base,microsoft/infoxlm-base,7,4LocalWordSwaps,603,0.9327148199081421
infoxlm_base,microsoft/infoxlm-base,7,4LocalWordSwaps,604,0.9539633393287659
infoxlm_base,microsoft/infoxlm-base,7,4LocalWordSwaps,605,0.9361503720283508
infoxlm_base,microsoft/infoxlm-base,7,4LocalWordSwaps,606,0.9222148656845093
infoxlm_base,microsoft/infoxlm-base,7,4LocalWordSwaps,607,0.9422957301139832
infoxlm_base,microsoft/infoxlm-base,7,4LocalWordSwaps,608,0.9087485074996948
infoxlm_base,microsoft/infoxlm-base,7,4LocalWordSwaps,609,0.9550728797912598
infoxlm_base,microsoft/infoxlm-base,7,4LocalWordSwaps,610,0.9285029172897339
infoxlm_base,microsoft/infoxlm-base,7,4LocalWordSwaps,611,0.9281363487243652
infoxlm_base,microsoft/infoxlm-base,7,4LocalWordSwaps,612,0.9395184516906738
infoxlm_base,microsoft/infoxlm-base,7,4LocalWordSwaps,613,0.9223117828369141
infoxlm_base,microsoft/infoxlm-base,7,4LocalWordSwaps,614,0.9499559998512268
infoxlm_base,microsoft/infoxlm-base,7,4LocalWordSwaps,615,0.995354175567627
infoxlm_base,microsoft/infoxlm-base,7,4LocalWordSwaps,616,0.9573845863342285
infoxlm_base,microsoft/infoxlm-base,7,4LocalWordSwaps,617,0.9238859415054321
infoxlm_base,microsoft/infoxlm-base,7,4LocalWordSwaps,618,0.9223014116287231
infoxlm_base,microsoft/infoxlm-base,7,4LocalWordSwaps,619,0.9335174560546875
infoxlm_base,microsoft/infoxlm-base,7,4LocalWordSwaps,620,0.9945850372314453
infoxlm_base,microsoft/infoxlm-base,7,4LocalWordSwaps,621,0.9240968227386475
infoxlm_base,microsoft/infoxlm-base,7,4LocalWordSwaps,622,0.9964112043380737
infoxlm_base,microsoft/infoxlm-base,7,4LocalWordSwaps,623,0.9324861168861389
infoxlm_base,microsoft/infoxlm-base,7,4LocalWordSwaps,624,0.9293273091316223
infoxlm_base,microsoft/infoxlm-base,7,4LocalWordSwaps,625,0.932539701461792
infoxlm_base,microsoft/infoxlm-base,7,4LocalWordSwaps,626,0.9901158213615417
infoxlm_base,microsoft/infoxlm-base,7,5LocalWordSwaps,0,0.9240999221801758
infoxlm_base,microsoft/infoxlm-base,7,5LocalWordSwaps,1,0.9086469411849976
infoxlm_base,microsoft/infoxlm-base,7,5LocalWordSwaps,2,0.9326469302177429
infoxlm_base,microsoft/infoxlm-base,7,5LocalWordSwaps,3,0.9603967070579529
infoxlm_base,microsoft/infoxlm-base,7,5LocalWordSwaps,4,0.9308738708496094
infoxlm_base,microsoft/infoxlm-base,7,5LocalWordSwaps,5,0.9319485425949097
infoxlm_base,microsoft/infoxlm-base,7,5LocalWordSwaps,6,0.940065324306488
infoxlm_base,microsoft/infoxlm-base,7,5LocalWordSwaps,7,0.9911465644836426
infoxlm_base,microsoft/infoxlm-base,7,5LocalWordSwaps,8,0.9077038168907166
infoxlm_base,microsoft/infoxlm-base,7,5LocalWordSwaps,9,0.9318892955780029
infoxlm_base,microsoft/infoxlm-base,7,5LocalWordSwaps,10,0.9074512720108032
infoxlm_base,microsoft/infoxlm-base,7,5LocalWordSwaps,11,0.9538367390632629
infoxlm_base,microsoft/infoxlm-base,7,5LocalWordSwaps,12,0.9041563868522644
infoxlm_base,microsoft/infoxlm-base,7,5LocalWordSwaps,13,0.9196524620056152
infoxlm_base,microsoft/infoxlm-base,7,5LocalWordSwaps,14,0.9117363691329956
infoxlm_base,microsoft/infoxlm-base,7,5LocalWordSwaps,15,0.948869526386261
infoxlm_base,microsoft/infoxlm-base,7,5LocalWordSwaps,16,0.8986777067184448
infoxlm_base,microsoft/infoxlm-base,7,5LocalWordSwaps,17,0.9318342208862305
infoxlm_base,microsoft/infoxlm-base,7,5LocalWordSwaps,18,0.9483400583267212
infoxlm_base,microsoft/infoxlm-base,7,5LocalWordSwaps,19,0.9886360168457031
infoxlm_base,microsoft/infoxlm-base,7,5LocalWordSwaps,20,0.9019674062728882
infoxlm_base,microsoft/infoxlm-base,7,5LocalWordSwaps,21,0.9500743746757507
infoxlm_base,microsoft/infoxlm-base,7,5LocalWordSwaps,22,0.9276189804077148
infoxlm_base,microsoft/infoxlm-base,7,5LocalWordSwaps,23,0.9362165927886963
infoxlm_base,microsoft/infoxlm-base,7,5LocalWordSwaps,24,0.928221583366394
infoxlm_base,microsoft/infoxlm-base,7,5LocalWordSwaps,25,0.9234176874160767
infoxlm_base,microsoft/infoxlm-base,7,5LocalWordSwaps,26,0.915086567401886
infoxlm_base,microsoft/infoxlm-base,7,5LocalWordSwaps,27,0.9168040752410889
infoxlm_base,microsoft/infoxlm-base,7,5LocalWordSwaps,28,0.9389764666557312
infoxlm_base,microsoft/infoxlm-base,7,5LocalWordSwaps,29,0.9435851573944092
infoxlm_base,microsoft/infoxlm-base,7,5LocalWordSwaps,30,0.9316825866699219
infoxlm_base,microsoft/infoxlm-base,7,5LocalWordSwaps,31,0.9859550595283508
infoxlm_base,microsoft/infoxlm-base,7,5LocalWordSwaps,32,0.9348439574241638
infoxlm_base,microsoft/infoxlm-base,7,5LocalWordSwaps,33,0.9099133610725403
infoxlm_base,microsoft/infoxlm-base,7,5LocalWordSwaps,34,0.9336023330688477
infoxlm_base,microsoft/infoxlm-base,7,5LocalWordSwaps,35,0.9143595695495605
infoxlm_base,microsoft/infoxlm-base,7,5LocalWordSwaps,36,0.9438025951385498
infoxlm_base,microsoft/infoxlm-base,7,5LocalWordSwaps,37,0.9136518836021423
infoxlm_base,microsoft/infoxlm-base,7,5LocalWordSwaps,38,0.9233455061912537
infoxlm_base,microsoft/infoxlm-base,7,5LocalWordSwaps,39,0.9423501491546631
infoxlm_base,microsoft/infoxlm-base,7,5LocalWordSwaps,40,0.9342890381813049
infoxlm_base,microsoft/infoxlm-base,7,5LocalWordSwaps,41,0.9438502788543701
infoxlm_base,microsoft/infoxlm-base,7,5LocalWordSwaps,42,0.9534260630607605
infoxlm_base,microsoft/infoxlm-base,7,5LocalWordSwaps,43,0.9307392835617065
infoxlm_base,microsoft/infoxlm-base,7,5LocalWordSwaps,44,0.9138511419296265
infoxlm_base,microsoft/infoxlm-base,7,5LocalWordSwaps,45,0.9386885166168213
infoxlm_base,microsoft/infoxlm-base,7,5LocalWordSwaps,46,0.9232099652290344
infoxlm_base,microsoft/infoxlm-base,7,5LocalWordSwaps,47,0.9662623405456543
infoxlm_base,microsoft/infoxlm-base,7,5LocalWordSwaps,48,0.9559473991394043
infoxlm_base,microsoft/infoxlm-base,7,5LocalWordSwaps,49,0.9760959148406982
infoxlm_base,microsoft/infoxlm-base,7,5LocalWordSwaps,50,0.9314494132995605
infoxlm_base,microsoft/infoxlm-base,7,5LocalWordSwaps,51,0.9253050684928894
infoxlm_base,microsoft/infoxlm-base,7,5LocalWordSwaps,52,0.9214943647384644
infoxlm_base,microsoft/infoxlm-base,7,5LocalWordSwaps,53,0.9360781908035278
infoxlm_base,microsoft/infoxlm-base,7,5LocalWordSwaps,54,0.9762569665908813
infoxlm_base,microsoft/infoxlm-base,7,5LocalWordSwaps,55,0.926559329032898
infoxlm_base,microsoft/infoxlm-base,7,5LocalWordSwaps,56,0.9271867275238037
infoxlm_base,microsoft/infoxlm-base,7,5LocalWordSwaps,57,0.9260702729225159
infoxlm_base,microsoft/infoxlm-base,7,5LocalWordSwaps,58,0.949038028717041
infoxlm_base,microsoft/infoxlm-base,7,5LocalWordSwaps,59,0.9089751243591309
infoxlm_base,microsoft/infoxlm-base,7,5LocalWordSwaps,60,0.9299056529998779
infoxlm_base,microsoft/infoxlm-base,7,5LocalWordSwaps,61,0.8771601319313049
infoxlm_base,microsoft/infoxlm-base,7,5LocalWordSwaps,62,0.920306384563446
infoxlm_base,microsoft/infoxlm-base,7,5LocalWordSwaps,63,0.9491280913352966
infoxlm_base,microsoft/infoxlm-base,7,5LocalWordSwaps,64,0.9207265377044678
infoxlm_base,microsoft/infoxlm-base,7,5LocalWordSwaps,65,0.9421774744987488
infoxlm_base,microsoft/infoxlm-base,7,5LocalWordSwaps,66,0.9229884743690491
infoxlm_base,microsoft/infoxlm-base,7,5LocalWordSwaps,67,0.9322965145111084
infoxlm_base,microsoft/infoxlm-base,7,5LocalWordSwaps,68,0.9849153757095337
infoxlm_base,microsoft/infoxlm-base,7,5LocalWordSwaps,69,0.9294607043266296
infoxlm_base,microsoft/infoxlm-base,7,5LocalWordSwaps,70,0.9351428747177124
infoxlm_base,microsoft/infoxlm-base,7,5LocalWordSwaps,71,0.928396999835968
infoxlm_base,microsoft/infoxlm-base,7,5LocalWordSwaps,72,0.9378142356872559
infoxlm_base,microsoft/infoxlm-base,7,5LocalWordSwaps,73,0.9169934988021851
infoxlm_base,microsoft/infoxlm-base,7,5LocalWordSwaps,74,0.929874062538147
infoxlm_base,microsoft/infoxlm-base,7,5LocalWordSwaps,75,0.9234036803245544
infoxlm_base,microsoft/infoxlm-base,7,5LocalWordSwaps,76,0.9134088158607483
infoxlm_base,microsoft/infoxlm-base,7,5LocalWordSwaps,77,0.9348258972167969
infoxlm_base,microsoft/infoxlm-base,7,5LocalWordSwaps,78,0.9239087700843811
infoxlm_base,microsoft/infoxlm-base,7,5LocalWordSwaps,79,0.9422484040260315
infoxlm_base,microsoft/infoxlm-base,7,5LocalWordSwaps,80,0.9335789680480957
infoxlm_base,microsoft/infoxlm-base,7,5LocalWordSwaps,81,0.9407740831375122
infoxlm_base,microsoft/infoxlm-base,7,5LocalWordSwaps,82,0.9462734460830688
infoxlm_base,microsoft/infoxlm-base,7,5LocalWordSwaps,83,0.9259415864944458
infoxlm_base,microsoft/infoxlm-base,7,5LocalWordSwaps,84,0.9407641887664795
infoxlm_base,microsoft/infoxlm-base,7,5LocalWordSwaps,85,0.9386181235313416
infoxlm_base,microsoft/infoxlm-base,7,5LocalWordSwaps,86,0.9217232465744019
infoxlm_base,microsoft/infoxlm-base,7,5LocalWordSwaps,87,0.9283685088157654
infoxlm_base,microsoft/infoxlm-base,7,5LocalWordSwaps,88,0.9280933141708374
infoxlm_base,microsoft/infoxlm-base,7,5LocalWordSwaps,89,0.9397035241127014
infoxlm_base,microsoft/infoxlm-base,7,5LocalWordSwaps,90,0.9573590755462646
infoxlm_base,microsoft/infoxlm-base,7,5LocalWordSwaps,91,0.9401076436042786
infoxlm_base,microsoft/infoxlm-base,7,5LocalWordSwaps,92,0.9305323958396912
infoxlm_base,microsoft/infoxlm-base,7,5LocalWordSwaps,93,0.9881807565689087
infoxlm_base,microsoft/infoxlm-base,7,5LocalWordSwaps,94,0.9040518999099731
infoxlm_base,microsoft/infoxlm-base,7,5LocalWordSwaps,95,0.9246755838394165
infoxlm_base,microsoft/infoxlm-base,7,5LocalWordSwaps,96,0.9861828088760376
infoxlm_base,microsoft/infoxlm-base,7,5LocalWordSwaps,97,0.9094550013542175
infoxlm_base,microsoft/infoxlm-base,7,5LocalWordSwaps,98,0.9747338891029358
infoxlm_base,microsoft/infoxlm-base,7,5LocalWordSwaps,99,0.9932760000228882
infoxlm_base,microsoft/infoxlm-base,7,5LocalWordSwaps,100,0.9941239356994629
infoxlm_base,microsoft/infoxlm-base,7,5LocalWordSwaps,101,0.9328179955482483
infoxlm_base,microsoft/infoxlm-base,7,5LocalWordSwaps,102,0.9403998851776123
infoxlm_base,microsoft/infoxlm-base,7,5LocalWordSwaps,103,0.9808433055877686
infoxlm_base,microsoft/infoxlm-base,7,5LocalWordSwaps,104,0.9375028610229492
infoxlm_base,microsoft/infoxlm-base,7,5LocalWordSwaps,105,0.9796382188796997
infoxlm_base,microsoft/infoxlm-base,7,5LocalWordSwaps,106,0.9224445223808289
infoxlm_base,microsoft/infoxlm-base,7,5LocalWordSwaps,107,0.928015947341919
infoxlm_base,microsoft/infoxlm-base,7,5LocalWordSwaps,108,0.9117653369903564
infoxlm_base,microsoft/infoxlm-base,7,5LocalWordSwaps,109,0.9899728298187256
infoxlm_base,microsoft/infoxlm-base,7,5LocalWordSwaps,110,0.917916476726532
infoxlm_base,microsoft/infoxlm-base,7,5LocalWordSwaps,111,0.9398033022880554
infoxlm_base,microsoft/infoxlm-base,7,5LocalWordSwaps,112,0.9177008271217346
infoxlm_base,microsoft/infoxlm-base,7,5LocalWordSwaps,113,0.9649208784103394
infoxlm_base,microsoft/infoxlm-base,7,5LocalWordSwaps,114,0.9603020548820496
infoxlm_base,microsoft/infoxlm-base,7,5LocalWordSwaps,115,0.9379777908325195
infoxlm_base,microsoft/infoxlm-base,7,5LocalWordSwaps,116,0.9544812440872192
infoxlm_base,microsoft/infoxlm-base,7,5LocalWordSwaps,117,0.9135918021202087
infoxlm_base,microsoft/infoxlm-base,7,5LocalWordSwaps,118,0.9416126608848572
infoxlm_base,microsoft/infoxlm-base,7,5LocalWordSwaps,119,0.9253339171409607
infoxlm_base,microsoft/infoxlm-base,7,5LocalWordSwaps,120,0.984000563621521
infoxlm_base,microsoft/infoxlm-base,7,5LocalWordSwaps,121,0.931549072265625
infoxlm_base,microsoft/infoxlm-base,7,5LocalWordSwaps,122,0.9398494958877563
infoxlm_base,microsoft/infoxlm-base,7,5LocalWordSwaps,123,0.9293616414070129
infoxlm_base,microsoft/infoxlm-base,7,5LocalWordSwaps,124,0.9170925617218018
infoxlm_base,microsoft/infoxlm-base,7,5LocalWordSwaps,125,0.9348257780075073
infoxlm_base,microsoft/infoxlm-base,7,5LocalWordSwaps,126,0.9368573427200317
infoxlm_base,microsoft/infoxlm-base,7,5LocalWordSwaps,127,0.925330400466919
infoxlm_base,microsoft/infoxlm-base,7,5LocalWordSwaps,128,0.9301909804344177
infoxlm_base,microsoft/infoxlm-base,7,5LocalWordSwaps,129,0.9452204704284668
infoxlm_base,microsoft/infoxlm-base,7,5LocalWordSwaps,130,0.9386661648750305
infoxlm_base,microsoft/infoxlm-base,7,5LocalWordSwaps,131,0.9893350005149841
infoxlm_base,microsoft/infoxlm-base,7,5LocalWordSwaps,132,0.918505072593689
infoxlm_base,microsoft/infoxlm-base,7,5LocalWordSwaps,133,0.9407063722610474
infoxlm_base,microsoft/infoxlm-base,7,5LocalWordSwaps,134,0.9197490215301514
infoxlm_base,microsoft/infoxlm-base,7,5LocalWordSwaps,135,0.9292435050010681
infoxlm_base,microsoft/infoxlm-base,7,5LocalWordSwaps,136,0.9281100630760193
infoxlm_base,microsoft/infoxlm-base,7,5LocalWordSwaps,137,0.9357728958129883
infoxlm_base,microsoft/infoxlm-base,7,5LocalWordSwaps,138,0.9923356771469116
infoxlm_base,microsoft/infoxlm-base,7,5LocalWordSwaps,139,0.9388111233711243
infoxlm_base,microsoft/infoxlm-base,7,5LocalWordSwaps,140,0.9944866895675659
infoxlm_base,microsoft/infoxlm-base,7,5LocalWordSwaps,141,0.9249435067176819
infoxlm_base,microsoft/infoxlm-base,7,5LocalWordSwaps,142,0.9250359535217285
infoxlm_base,microsoft/infoxlm-base,7,5LocalWordSwaps,143,0.944326639175415
infoxlm_base,microsoft/infoxlm-base,7,5LocalWordSwaps,144,0.9345791935920715
infoxlm_base,microsoft/infoxlm-base,7,5LocalWordSwaps,145,0.9259012937545776
infoxlm_base,microsoft/infoxlm-base,7,5LocalWordSwaps,146,0.8901840448379517
infoxlm_base,microsoft/infoxlm-base,7,5LocalWordSwaps,147,0.9804574251174927
infoxlm_base,microsoft/infoxlm-base,7,5LocalWordSwaps,148,0.9123156070709229
infoxlm_base,microsoft/infoxlm-base,7,5LocalWordSwaps,149,0.9511116147041321
infoxlm_base,microsoft/infoxlm-base,7,5LocalWordSwaps,150,0.9381360411643982
infoxlm_base,microsoft/infoxlm-base,7,5LocalWordSwaps,151,0.923541784286499
infoxlm_base,microsoft/infoxlm-base,7,5LocalWordSwaps,152,0.9135071039199829
infoxlm_base,microsoft/infoxlm-base,7,5LocalWordSwaps,153,0.9196090698242188
infoxlm_base,microsoft/infoxlm-base,7,5LocalWordSwaps,154,0.9777300357818604
infoxlm_base,microsoft/infoxlm-base,7,5LocalWordSwaps,155,0.9421103596687317
infoxlm_base,microsoft/infoxlm-base,7,5LocalWordSwaps,156,0.9153075814247131
infoxlm_base,microsoft/infoxlm-base,7,5LocalWordSwaps,157,0.9252789616584778
infoxlm_base,microsoft/infoxlm-base,7,5LocalWordSwaps,158,0.9418003559112549
infoxlm_base,microsoft/infoxlm-base,7,5LocalWordSwaps,159,0.9289923906326294
infoxlm_base,microsoft/infoxlm-base,7,5LocalWordSwaps,160,0.9351539611816406
infoxlm_base,microsoft/infoxlm-base,7,5LocalWordSwaps,161,0.9228640794754028
infoxlm_base,microsoft/infoxlm-base,7,5LocalWordSwaps,162,0.952862024307251
infoxlm_base,microsoft/infoxlm-base,7,5LocalWordSwaps,163,0.8812786340713501
infoxlm_base,microsoft/infoxlm-base,7,5LocalWordSwaps,164,0.942245364189148
infoxlm_base,microsoft/infoxlm-base,7,5LocalWordSwaps,165,0.9045788049697876
infoxlm_base,microsoft/infoxlm-base,7,5LocalWordSwaps,166,0.9921956062316895
infoxlm_base,microsoft/infoxlm-base,7,5LocalWordSwaps,167,0.9350042939186096
infoxlm_base,microsoft/infoxlm-base,7,5LocalWordSwaps,168,0.980106770992279
infoxlm_base,microsoft/infoxlm-base,7,5LocalWordSwaps,169,0.9293210506439209
infoxlm_base,microsoft/infoxlm-base,7,5LocalWordSwaps,170,0.9384955763816833
infoxlm_base,microsoft/infoxlm-base,7,5LocalWordSwaps,171,0.9109801650047302
infoxlm_base,microsoft/infoxlm-base,7,5LocalWordSwaps,172,0.9267810583114624
infoxlm_base,microsoft/infoxlm-base,7,5LocalWordSwaps,173,0.9288760423660278
infoxlm_base,microsoft/infoxlm-base,7,5LocalWordSwaps,174,0.9326132535934448
infoxlm_base,microsoft/infoxlm-base,7,5LocalWordSwaps,175,0.9293676018714905
infoxlm_base,microsoft/infoxlm-base,7,5LocalWordSwaps,176,0.9175146818161011
infoxlm_base,microsoft/infoxlm-base,7,5LocalWordSwaps,177,0.9253919124603271
infoxlm_base,microsoft/infoxlm-base,7,5LocalWordSwaps,178,0.9181190729141235
infoxlm_base,microsoft/infoxlm-base,7,5LocalWordSwaps,179,0.9886676669120789
infoxlm_base,microsoft/infoxlm-base,7,5LocalWordSwaps,180,0.9090569019317627
infoxlm_base,microsoft/infoxlm-base,7,5LocalWordSwaps,181,0.920931339263916
infoxlm_base,microsoft/infoxlm-base,7,5LocalWordSwaps,182,0.9604004621505737
infoxlm_base,microsoft/infoxlm-base,7,5LocalWordSwaps,183,0.9514607191085815
infoxlm_base,microsoft/infoxlm-base,7,5LocalWordSwaps,184,0.9265584349632263
infoxlm_base,microsoft/infoxlm-base,7,5LocalWordSwaps,185,0.9182442426681519
infoxlm_base,microsoft/infoxlm-base,7,5LocalWordSwaps,186,0.930784285068512
infoxlm_base,microsoft/infoxlm-base,7,5LocalWordSwaps,187,0.9158527851104736
infoxlm_base,microsoft/infoxlm-base,7,5LocalWordSwaps,188,0.9470571279525757
infoxlm_base,microsoft/infoxlm-base,7,5LocalWordSwaps,189,0.9396592974662781
infoxlm_base,microsoft/infoxlm-base,7,5LocalWordSwaps,190,0.9317344427108765
infoxlm_base,microsoft/infoxlm-base,7,5LocalWordSwaps,191,0.9208220839500427
infoxlm_base,microsoft/infoxlm-base,7,5LocalWordSwaps,192,0.9228208065032959
infoxlm_base,microsoft/infoxlm-base,7,5LocalWordSwaps,193,0.9343500733375549
infoxlm_base,microsoft/infoxlm-base,7,5LocalWordSwaps,194,0.9285014271736145
infoxlm_base,microsoft/infoxlm-base,7,5LocalWordSwaps,195,0.9221850633621216
infoxlm_base,microsoft/infoxlm-base,7,5LocalWordSwaps,196,0.9109354615211487
infoxlm_base,microsoft/infoxlm-base,7,5LocalWordSwaps,197,0.9265289902687073
infoxlm_base,microsoft/infoxlm-base,7,5LocalWordSwaps,198,0.9503548741340637
infoxlm_base,microsoft/infoxlm-base,7,5LocalWordSwaps,199,0.917740523815155
infoxlm_base,microsoft/infoxlm-base,7,5LocalWordSwaps,200,0.9305869936943054
infoxlm_base,microsoft/infoxlm-base,7,5LocalWordSwaps,201,0.9066624641418457
infoxlm_base,microsoft/infoxlm-base,7,5LocalWordSwaps,202,0.946498692035675
infoxlm_base,microsoft/infoxlm-base,7,5LocalWordSwaps,203,0.9271069765090942
infoxlm_base,microsoft/infoxlm-base,7,5LocalWordSwaps,204,0.9437371492385864
infoxlm_base,microsoft/infoxlm-base,7,5LocalWordSwaps,205,0.9313491582870483
infoxlm_base,microsoft/infoxlm-base,7,5LocalWordSwaps,206,0.9102223515510559
infoxlm_base,microsoft/infoxlm-base,7,5LocalWordSwaps,207,0.98446124792099
infoxlm_base,microsoft/infoxlm-base,7,5LocalWordSwaps,208,0.9462910890579224
infoxlm_base,microsoft/infoxlm-base,7,5LocalWordSwaps,209,0.9159595966339111
infoxlm_base,microsoft/infoxlm-base,7,5LocalWordSwaps,210,0.9248639345169067
infoxlm_base,microsoft/infoxlm-base,7,5LocalWordSwaps,211,0.923794150352478
infoxlm_base,microsoft/infoxlm-base,7,5LocalWordSwaps,212,0.9158128499984741
infoxlm_base,microsoft/infoxlm-base,7,5LocalWordSwaps,213,0.9166422486305237
infoxlm_base,microsoft/infoxlm-base,7,5LocalWordSwaps,214,0.9306232929229736
infoxlm_base,microsoft/infoxlm-base,7,5LocalWordSwaps,215,0.9920150637626648
infoxlm_base,microsoft/infoxlm-base,7,5LocalWordSwaps,216,0.9507637619972229
infoxlm_base,microsoft/infoxlm-base,7,5LocalWordSwaps,217,0.9191133975982666
infoxlm_base,microsoft/infoxlm-base,7,5LocalWordSwaps,218,0.9382110238075256
infoxlm_base,microsoft/infoxlm-base,7,5LocalWordSwaps,219,0.938800036907196
infoxlm_base,microsoft/infoxlm-base,7,5LocalWordSwaps,220,0.9349031448364258
infoxlm_base,microsoft/infoxlm-base,7,5LocalWordSwaps,221,0.9914778470993042
infoxlm_base,microsoft/infoxlm-base,7,5LocalWordSwaps,222,0.9330752491950989
infoxlm_base,microsoft/infoxlm-base,7,5LocalWordSwaps,223,0.9475464820861816
infoxlm_base,microsoft/infoxlm-base,7,5LocalWordSwaps,224,0.9282241463661194
infoxlm_base,microsoft/infoxlm-base,7,5LocalWordSwaps,225,0.9456483125686646
infoxlm_base,microsoft/infoxlm-base,7,5LocalWordSwaps,226,0.9061626195907593
infoxlm_base,microsoft/infoxlm-base,7,5LocalWordSwaps,227,0.9393337965011597
infoxlm_base,microsoft/infoxlm-base,7,5LocalWordSwaps,228,0.9069135785102844
infoxlm_base,microsoft/infoxlm-base,7,5LocalWordSwaps,229,0.9166475534439087
infoxlm_base,microsoft/infoxlm-base,7,5LocalWordSwaps,230,0.9852983355522156
infoxlm_base,microsoft/infoxlm-base,7,5LocalWordSwaps,231,0.9276531338691711
infoxlm_base,microsoft/infoxlm-base,7,5LocalWordSwaps,232,0.9834609031677246
infoxlm_base,microsoft/infoxlm-base,7,5LocalWordSwaps,233,0.9301272630691528
infoxlm_base,microsoft/infoxlm-base,7,5LocalWordSwaps,234,0.9233303666114807
infoxlm_base,microsoft/infoxlm-base,7,5LocalWordSwaps,235,0.93170166015625
infoxlm_base,microsoft/infoxlm-base,7,5LocalWordSwaps,236,0.9290168881416321
infoxlm_base,microsoft/infoxlm-base,7,5LocalWordSwaps,237,0.9299337267875671
infoxlm_base,microsoft/infoxlm-base,7,5LocalWordSwaps,238,0.9282909035682678
infoxlm_base,microsoft/infoxlm-base,7,5LocalWordSwaps,239,0.9253981113433838
infoxlm_base,microsoft/infoxlm-base,7,5LocalWordSwaps,240,0.9392397403717041
infoxlm_base,microsoft/infoxlm-base,7,5LocalWordSwaps,241,0.9236903786659241
infoxlm_base,microsoft/infoxlm-base,7,5LocalWordSwaps,242,0.9283322095870972
infoxlm_base,microsoft/infoxlm-base,7,5LocalWordSwaps,243,0.9073613882064819
infoxlm_base,microsoft/infoxlm-base,7,5LocalWordSwaps,244,0.9165023565292358
infoxlm_base,microsoft/infoxlm-base,7,5LocalWordSwaps,245,0.9160614013671875
infoxlm_base,microsoft/infoxlm-base,7,5LocalWordSwaps,246,0.9044947624206543
infoxlm_base,microsoft/infoxlm-base,7,5LocalWordSwaps,247,0.9379849433898926
infoxlm_base,microsoft/infoxlm-base,7,5LocalWordSwaps,248,0.9785298705101013
infoxlm_base,microsoft/infoxlm-base,7,5LocalWordSwaps,249,0.9143361449241638
infoxlm_base,microsoft/infoxlm-base,7,5LocalWordSwaps,250,0.9244372248649597
infoxlm_base,microsoft/infoxlm-base,7,5LocalWordSwaps,251,0.9186543822288513
infoxlm_base,microsoft/infoxlm-base,7,5LocalWordSwaps,252,0.9910599589347839
infoxlm_base,microsoft/infoxlm-base,7,5LocalWordSwaps,253,0.9344602227210999
infoxlm_base,microsoft/infoxlm-base,7,5LocalWordSwaps,254,0.98543781042099
infoxlm_base,microsoft/infoxlm-base,7,5LocalWordSwaps,255,0.988355278968811
infoxlm_base,microsoft/infoxlm-base,7,5LocalWordSwaps,256,0.9355400800704956
infoxlm_base,microsoft/infoxlm-base,7,5LocalWordSwaps,257,0.9299311637878418
infoxlm_base,microsoft/infoxlm-base,7,5LocalWordSwaps,258,0.9258127212524414
infoxlm_base,microsoft/infoxlm-base,7,5LocalWordSwaps,259,0.9430684447288513
infoxlm_base,microsoft/infoxlm-base,7,5LocalWordSwaps,260,0.9318162202835083
infoxlm_base,microsoft/infoxlm-base,7,5LocalWordSwaps,261,0.9503132700920105
infoxlm_base,microsoft/infoxlm-base,7,5LocalWordSwaps,262,0.928996205329895
infoxlm_base,microsoft/infoxlm-base,7,5LocalWordSwaps,263,0.9298516511917114
infoxlm_base,microsoft/infoxlm-base,7,5LocalWordSwaps,264,0.9495604634284973
infoxlm_base,microsoft/infoxlm-base,7,5LocalWordSwaps,265,0.9205560088157654
infoxlm_base,microsoft/infoxlm-base,7,5LocalWordSwaps,266,0.9293622970581055
infoxlm_base,microsoft/infoxlm-base,7,5LocalWordSwaps,267,0.9413396716117859
infoxlm_base,microsoft/infoxlm-base,7,5LocalWordSwaps,268,0.9989423751831055
infoxlm_base,microsoft/infoxlm-base,7,5LocalWordSwaps,269,0.9536665081977844
infoxlm_base,microsoft/infoxlm-base,7,5LocalWordSwaps,270,0.9393784403800964
infoxlm_base,microsoft/infoxlm-base,7,5LocalWordSwaps,271,0.9202008247375488
infoxlm_base,microsoft/infoxlm-base,7,5LocalWordSwaps,272,0.9492359161376953
infoxlm_base,microsoft/infoxlm-base,7,5LocalWordSwaps,273,0.9062100052833557
infoxlm_base,microsoft/infoxlm-base,7,5LocalWordSwaps,274,0.9429510235786438
infoxlm_base,microsoft/infoxlm-base,7,5LocalWordSwaps,275,0.922924280166626
infoxlm_base,microsoft/infoxlm-base,7,5LocalWordSwaps,276,0.9286273121833801
infoxlm_base,microsoft/infoxlm-base,7,5LocalWordSwaps,277,0.9921523928642273
infoxlm_base,microsoft/infoxlm-base,7,5LocalWordSwaps,278,0.9198954105377197
infoxlm_base,microsoft/infoxlm-base,7,5LocalWordSwaps,279,0.9361512660980225
infoxlm_base,microsoft/infoxlm-base,7,5LocalWordSwaps,280,0.9196350574493408
infoxlm_base,microsoft/infoxlm-base,7,5LocalWordSwaps,281,0.9328405261039734
infoxlm_base,microsoft/infoxlm-base,7,5LocalWordSwaps,282,0.9254599213600159
infoxlm_base,microsoft/infoxlm-base,7,5LocalWordSwaps,283,0.9376643896102905
infoxlm_base,microsoft/infoxlm-base,7,5LocalWordSwaps,284,0.9217197895050049
infoxlm_base,microsoft/infoxlm-base,7,5LocalWordSwaps,285,0.9157377481460571
infoxlm_base,microsoft/infoxlm-base,7,5LocalWordSwaps,286,0.9185121059417725
infoxlm_base,microsoft/infoxlm-base,7,5LocalWordSwaps,287,0.9935858845710754
infoxlm_base,microsoft/infoxlm-base,7,5LocalWordSwaps,288,0.937055766582489
infoxlm_base,microsoft/infoxlm-base,7,5LocalWordSwaps,289,0.9234104156494141
infoxlm_base,microsoft/infoxlm-base,7,5LocalWordSwaps,290,0.957391083240509
infoxlm_base,microsoft/infoxlm-base,7,5LocalWordSwaps,291,0.9124069213867188
infoxlm_base,microsoft/infoxlm-base,7,5LocalWordSwaps,292,0.9455939531326294
infoxlm_base,microsoft/infoxlm-base,7,5LocalWordSwaps,293,0.9349410533905029
infoxlm_base,microsoft/infoxlm-base,7,5LocalWordSwaps,294,0.9334712028503418
infoxlm_base,microsoft/infoxlm-base,7,5LocalWordSwaps,295,0.9166966676712036
infoxlm_base,microsoft/infoxlm-base,7,5LocalWordSwaps,296,0.9175477027893066
infoxlm_base,microsoft/infoxlm-base,7,5LocalWordSwaps,297,0.9200761914253235
infoxlm_base,microsoft/infoxlm-base,7,5LocalWordSwaps,298,0.9492325782775879
infoxlm_base,microsoft/infoxlm-base,7,5LocalWordSwaps,299,0.9146947860717773
infoxlm_base,microsoft/infoxlm-base,7,5LocalWordSwaps,300,0.9266235828399658
infoxlm_base,microsoft/infoxlm-base,7,5LocalWordSwaps,301,0.9263325929641724
infoxlm_base,microsoft/infoxlm-base,7,5LocalWordSwaps,302,0.9835255742073059
infoxlm_base,microsoft/infoxlm-base,7,5LocalWordSwaps,303,0.9136336445808411
infoxlm_base,microsoft/infoxlm-base,7,5LocalWordSwaps,304,0.940041720867157
infoxlm_base,microsoft/infoxlm-base,7,5LocalWordSwaps,305,0.9079163074493408
infoxlm_base,microsoft/infoxlm-base,7,5LocalWordSwaps,306,0.8987680673599243
infoxlm_base,microsoft/infoxlm-base,7,5LocalWordSwaps,307,0.9517598152160645
infoxlm_base,microsoft/infoxlm-base,7,5LocalWordSwaps,308,0.8988930583000183
infoxlm_base,microsoft/infoxlm-base,7,5LocalWordSwaps,309,0.9306105375289917
infoxlm_base,microsoft/infoxlm-base,7,5LocalWordSwaps,310,0.9323753118515015
infoxlm_base,microsoft/infoxlm-base,7,5LocalWordSwaps,311,0.9318042993545532
infoxlm_base,microsoft/infoxlm-base,7,5LocalWordSwaps,312,0.9249939918518066
infoxlm_base,microsoft/infoxlm-base,7,5LocalWordSwaps,313,0.9288262724876404
infoxlm_base,microsoft/infoxlm-base,7,5LocalWordSwaps,314,0.8993417024612427
infoxlm_base,microsoft/infoxlm-base,7,5LocalWordSwaps,315,0.9265488386154175
infoxlm_base,microsoft/infoxlm-base,7,5LocalWordSwaps,316,0.9182219505310059
infoxlm_base,microsoft/infoxlm-base,7,5LocalWordSwaps,317,0.9475207328796387
infoxlm_base,microsoft/infoxlm-base,7,5LocalWordSwaps,318,0.9128515720367432
infoxlm_base,microsoft/infoxlm-base,7,5LocalWordSwaps,319,0.9360591769218445
infoxlm_base,microsoft/infoxlm-base,7,5LocalWordSwaps,320,0.9269489049911499
infoxlm_base,microsoft/infoxlm-base,7,5LocalWordSwaps,321,0.9535008668899536
infoxlm_base,microsoft/infoxlm-base,7,5LocalWordSwaps,322,0.9083573222160339
infoxlm_base,microsoft/infoxlm-base,7,5LocalWordSwaps,323,0.9440985321998596
infoxlm_base,microsoft/infoxlm-base,7,5LocalWordSwaps,324,0.9334031939506531
infoxlm_base,microsoft/infoxlm-base,7,5LocalWordSwaps,325,0.9249298572540283
infoxlm_base,microsoft/infoxlm-base,7,5LocalWordSwaps,326,0.9344746470451355
infoxlm_base,microsoft/infoxlm-base,7,5LocalWordSwaps,327,0.9156183004379272
infoxlm_base,microsoft/infoxlm-base,7,5LocalWordSwaps,328,0.9359360933303833
infoxlm_base,microsoft/infoxlm-base,7,5LocalWordSwaps,329,0.9148620367050171
infoxlm_base,microsoft/infoxlm-base,7,5LocalWordSwaps,330,0.9301329851150513
infoxlm_base,microsoft/infoxlm-base,7,5LocalWordSwaps,331,0.9420797228813171
infoxlm_base,microsoft/infoxlm-base,7,5LocalWordSwaps,332,0.9331891536712646
infoxlm_base,microsoft/infoxlm-base,7,5LocalWordSwaps,333,0.9453007578849792
infoxlm_base,microsoft/infoxlm-base,7,5LocalWordSwaps,334,0.9583449363708496
infoxlm_base,microsoft/infoxlm-base,7,5LocalWordSwaps,335,0.9889143109321594
infoxlm_base,microsoft/infoxlm-base,7,5LocalWordSwaps,336,0.913646936416626
infoxlm_base,microsoft/infoxlm-base,7,5LocalWordSwaps,337,0.9194332361221313
infoxlm_base,microsoft/infoxlm-base,7,5LocalWordSwaps,338,0.925971508026123
infoxlm_base,microsoft/infoxlm-base,7,5LocalWordSwaps,339,0.9305024147033691
infoxlm_base,microsoft/infoxlm-base,7,5LocalWordSwaps,340,0.9817013740539551
infoxlm_base,microsoft/infoxlm-base,7,5LocalWordSwaps,341,0.946816086769104
infoxlm_base,microsoft/infoxlm-base,7,5LocalWordSwaps,342,0.9214871525764465
infoxlm_base,microsoft/infoxlm-base,7,5LocalWordSwaps,343,0.9299553632736206
infoxlm_base,microsoft/infoxlm-base,7,5LocalWordSwaps,344,0.9386840462684631
infoxlm_base,microsoft/infoxlm-base,7,5LocalWordSwaps,345,0.9239505529403687
infoxlm_base,microsoft/infoxlm-base,7,5LocalWordSwaps,346,0.9250586032867432
infoxlm_base,microsoft/infoxlm-base,7,5LocalWordSwaps,347,0.9260265231132507
infoxlm_base,microsoft/infoxlm-base,7,5LocalWordSwaps,348,0.9355670213699341
infoxlm_base,microsoft/infoxlm-base,7,5LocalWordSwaps,349,0.9272447824478149
infoxlm_base,microsoft/infoxlm-base,7,5LocalWordSwaps,350,0.9535641670227051
infoxlm_base,microsoft/infoxlm-base,7,5LocalWordSwaps,351,0.9109694361686707
infoxlm_base,microsoft/infoxlm-base,7,5LocalWordSwaps,352,0.9370477795600891
infoxlm_base,microsoft/infoxlm-base,7,5LocalWordSwaps,353,0.9210906624794006
infoxlm_base,microsoft/infoxlm-base,7,5LocalWordSwaps,354,0.971366822719574
infoxlm_base,microsoft/infoxlm-base,7,5LocalWordSwaps,355,0.9421172738075256
infoxlm_base,microsoft/infoxlm-base,7,5LocalWordSwaps,356,0.9108640551567078
infoxlm_base,microsoft/infoxlm-base,7,5LocalWordSwaps,357,0.9852004051208496
infoxlm_base,microsoft/infoxlm-base,7,5LocalWordSwaps,358,0.9306432008743286
infoxlm_base,microsoft/infoxlm-base,7,5LocalWordSwaps,359,0.9110144376754761
infoxlm_base,microsoft/infoxlm-base,7,5LocalWordSwaps,360,0.9206563234329224
infoxlm_base,microsoft/infoxlm-base,7,5LocalWordSwaps,361,0.8848322629928589
infoxlm_base,microsoft/infoxlm-base,7,5LocalWordSwaps,362,0.9904235005378723
infoxlm_base,microsoft/infoxlm-base,7,5LocalWordSwaps,363,0.9597083330154419
infoxlm_base,microsoft/infoxlm-base,7,5LocalWordSwaps,364,0.931641697883606
infoxlm_base,microsoft/infoxlm-base,7,5LocalWordSwaps,365,0.9230772852897644
infoxlm_base,microsoft/infoxlm-base,7,5LocalWordSwaps,366,0.9915835857391357
infoxlm_base,microsoft/infoxlm-base,7,5LocalWordSwaps,367,0.9243755340576172
infoxlm_base,microsoft/infoxlm-base,7,5LocalWordSwaps,368,0.9490064978599548
infoxlm_base,microsoft/infoxlm-base,7,5LocalWordSwaps,369,0.955152690410614
infoxlm_base,microsoft/infoxlm-base,7,5LocalWordSwaps,370,0.937964141368866
infoxlm_base,microsoft/infoxlm-base,7,5LocalWordSwaps,371,0.9838547110557556
infoxlm_base,microsoft/infoxlm-base,7,5LocalWordSwaps,372,0.9249340295791626
infoxlm_base,microsoft/infoxlm-base,7,5LocalWordSwaps,373,0.9232457280158997
infoxlm_base,microsoft/infoxlm-base,7,5LocalWordSwaps,374,0.9188742637634277
infoxlm_base,microsoft/infoxlm-base,7,5LocalWordSwaps,375,0.9169063568115234
infoxlm_base,microsoft/infoxlm-base,7,5LocalWordSwaps,376,0.9436275959014893
infoxlm_base,microsoft/infoxlm-base,7,5LocalWordSwaps,377,0.9443855285644531
infoxlm_base,microsoft/infoxlm-base,7,5LocalWordSwaps,378,0.9954414963722229
infoxlm_base,microsoft/infoxlm-base,7,5LocalWordSwaps,379,0.9042394757270813
infoxlm_base,microsoft/infoxlm-base,7,5LocalWordSwaps,380,0.9024347066879272
infoxlm_base,microsoft/infoxlm-base,7,5LocalWordSwaps,381,0.9511426687240601
infoxlm_base,microsoft/infoxlm-base,7,5LocalWordSwaps,382,0.9167439341545105
infoxlm_base,microsoft/infoxlm-base,7,5LocalWordSwaps,383,0.9371044635772705
infoxlm_base,microsoft/infoxlm-base,7,5LocalWordSwaps,384,0.9347479343414307
infoxlm_base,microsoft/infoxlm-base,7,5LocalWordSwaps,385,0.9280105233192444
infoxlm_base,microsoft/infoxlm-base,7,5LocalWordSwaps,386,0.9370747804641724
infoxlm_base,microsoft/infoxlm-base,7,5LocalWordSwaps,387,0.955504834651947
infoxlm_base,microsoft/infoxlm-base,7,5LocalWordSwaps,388,0.9915660619735718
infoxlm_base,microsoft/infoxlm-base,7,5LocalWordSwaps,389,0.9304828643798828
infoxlm_base,microsoft/infoxlm-base,7,5LocalWordSwaps,390,0.9317739009857178
infoxlm_base,microsoft/infoxlm-base,7,5LocalWordSwaps,391,0.9365707039833069
infoxlm_base,microsoft/infoxlm-base,7,5LocalWordSwaps,392,0.9410238265991211
infoxlm_base,microsoft/infoxlm-base,7,5LocalWordSwaps,393,0.9261909127235413
infoxlm_base,microsoft/infoxlm-base,7,5LocalWordSwaps,394,0.9366207122802734
infoxlm_base,microsoft/infoxlm-base,7,5LocalWordSwaps,395,0.8981536030769348
infoxlm_base,microsoft/infoxlm-base,7,5LocalWordSwaps,396,0.8912628293037415
infoxlm_base,microsoft/infoxlm-base,7,5LocalWordSwaps,397,0.9921154379844666
infoxlm_base,microsoft/infoxlm-base,7,5LocalWordSwaps,398,0.9263978600502014
infoxlm_base,microsoft/infoxlm-base,7,5LocalWordSwaps,399,0.9203504920005798
infoxlm_base,microsoft/infoxlm-base,7,5LocalWordSwaps,400,0.8986362218856812
infoxlm_base,microsoft/infoxlm-base,7,5LocalWordSwaps,401,0.9277316331863403
infoxlm_base,microsoft/infoxlm-base,7,5LocalWordSwaps,402,0.9423446655273438
infoxlm_base,microsoft/infoxlm-base,7,5LocalWordSwaps,403,0.9892762899398804
infoxlm_base,microsoft/infoxlm-base,7,5LocalWordSwaps,404,0.9289606809616089
infoxlm_base,microsoft/infoxlm-base,7,5LocalWordSwaps,405,0.936185896396637
infoxlm_base,microsoft/infoxlm-base,7,5LocalWordSwaps,406,0.9477296471595764
infoxlm_base,microsoft/infoxlm-base,7,5LocalWordSwaps,407,0.9218246936798096
infoxlm_base,microsoft/infoxlm-base,7,5LocalWordSwaps,408,0.9921079874038696
infoxlm_base,microsoft/infoxlm-base,7,5LocalWordSwaps,409,0.9887202978134155
infoxlm_base,microsoft/infoxlm-base,7,5LocalWordSwaps,410,0.9371812343597412
infoxlm_base,microsoft/infoxlm-base,7,5LocalWordSwaps,411,0.9311761856079102
infoxlm_base,microsoft/infoxlm-base,7,5LocalWordSwaps,412,0.9250465035438538
infoxlm_base,microsoft/infoxlm-base,7,5LocalWordSwaps,413,0.9423198103904724
infoxlm_base,microsoft/infoxlm-base,7,5LocalWordSwaps,414,0.9347290396690369
infoxlm_base,microsoft/infoxlm-base,7,5LocalWordSwaps,415,0.9377771615982056
infoxlm_base,microsoft/infoxlm-base,7,5LocalWordSwaps,416,0.9349132180213928
infoxlm_base,microsoft/infoxlm-base,7,5LocalWordSwaps,417,0.9486281275749207
infoxlm_base,microsoft/infoxlm-base,7,5LocalWordSwaps,418,0.9194784760475159
infoxlm_base,microsoft/infoxlm-base,7,5LocalWordSwaps,419,0.9281362295150757
infoxlm_base,microsoft/infoxlm-base,7,5LocalWordSwaps,420,0.9332602024078369
infoxlm_base,microsoft/infoxlm-base,7,5LocalWordSwaps,421,0.9193379878997803
infoxlm_base,microsoft/infoxlm-base,7,5LocalWordSwaps,422,0.9198229312896729
infoxlm_base,microsoft/infoxlm-base,7,5LocalWordSwaps,423,0.910773754119873
infoxlm_base,microsoft/infoxlm-base,7,5LocalWordSwaps,424,0.9334436655044556
infoxlm_base,microsoft/infoxlm-base,7,5LocalWordSwaps,425,0.9898123741149902
infoxlm_base,microsoft/infoxlm-base,7,5LocalWordSwaps,426,0.9477681517601013
infoxlm_base,microsoft/infoxlm-base,7,5LocalWordSwaps,427,0.9147816300392151
infoxlm_base,microsoft/infoxlm-base,7,5LocalWordSwaps,428,0.9397568106651306
infoxlm_base,microsoft/infoxlm-base,7,5LocalWordSwaps,429,0.9378595352172852
infoxlm_base,microsoft/infoxlm-base,7,5LocalWordSwaps,430,0.9446403980255127
infoxlm_base,microsoft/infoxlm-base,7,5LocalWordSwaps,431,0.9288293123245239
infoxlm_base,microsoft/infoxlm-base,7,5LocalWordSwaps,432,0.945152997970581
infoxlm_base,microsoft/infoxlm-base,7,5LocalWordSwaps,433,0.9454078674316406
infoxlm_base,microsoft/infoxlm-base,7,5LocalWordSwaps,434,0.9124258756637573
infoxlm_base,microsoft/infoxlm-base,7,5LocalWordSwaps,435,0.9293473958969116
infoxlm_base,microsoft/infoxlm-base,7,5LocalWordSwaps,436,0.9313522577285767
infoxlm_base,microsoft/infoxlm-base,7,5LocalWordSwaps,437,0.9469178318977356
infoxlm_base,microsoft/infoxlm-base,7,5LocalWordSwaps,438,0.9332670569419861
infoxlm_base,microsoft/infoxlm-base,7,5LocalWordSwaps,439,0.9505321979522705
infoxlm_base,microsoft/infoxlm-base,7,5LocalWordSwaps,440,0.988592267036438
infoxlm_base,microsoft/infoxlm-base,7,5LocalWordSwaps,441,0.928885281085968
infoxlm_base,microsoft/infoxlm-base,7,5LocalWordSwaps,442,0.9429752826690674
infoxlm_base,microsoft/infoxlm-base,7,5LocalWordSwaps,443,0.9417853355407715
infoxlm_base,microsoft/infoxlm-base,7,5LocalWordSwaps,444,0.9312774538993835
infoxlm_base,microsoft/infoxlm-base,7,5LocalWordSwaps,445,0.9327407479286194
infoxlm_base,microsoft/infoxlm-base,7,5LocalWordSwaps,446,0.9287382960319519
infoxlm_base,microsoft/infoxlm-base,7,5LocalWordSwaps,447,0.9858666658401489
infoxlm_base,microsoft/infoxlm-base,7,5LocalWordSwaps,448,0.9254958629608154
infoxlm_base,microsoft/infoxlm-base,7,5LocalWordSwaps,449,0.9205566644668579
infoxlm_base,microsoft/infoxlm-base,7,5LocalWordSwaps,450,0.9436465501785278
infoxlm_base,microsoft/infoxlm-base,7,5LocalWordSwaps,451,0.9495407342910767
infoxlm_base,microsoft/infoxlm-base,7,5LocalWordSwaps,452,0.9833690524101257
infoxlm_base,microsoft/infoxlm-base,7,5LocalWordSwaps,453,0.9244520664215088
infoxlm_base,microsoft/infoxlm-base,7,5LocalWordSwaps,454,0.9146469831466675
infoxlm_base,microsoft/infoxlm-base,7,5LocalWordSwaps,455,0.9238049387931824
infoxlm_base,microsoft/infoxlm-base,7,5LocalWordSwaps,456,0.9442652463912964
infoxlm_base,microsoft/infoxlm-base,7,5LocalWordSwaps,457,0.9329445958137512
infoxlm_base,microsoft/infoxlm-base,7,5LocalWordSwaps,458,0.9379602670669556
infoxlm_base,microsoft/infoxlm-base,7,5LocalWordSwaps,459,0.9879109263420105
infoxlm_base,microsoft/infoxlm-base,7,5LocalWordSwaps,460,0.9364575147628784
infoxlm_base,microsoft/infoxlm-base,7,5LocalWordSwaps,461,0.9416343569755554
infoxlm_base,microsoft/infoxlm-base,7,5LocalWordSwaps,462,0.9154353141784668
infoxlm_base,microsoft/infoxlm-base,7,5LocalWordSwaps,463,0.9246432781219482
infoxlm_base,microsoft/infoxlm-base,7,5LocalWordSwaps,464,0.9517166018486023
infoxlm_base,microsoft/infoxlm-base,7,5LocalWordSwaps,465,0.9183604717254639
infoxlm_base,microsoft/infoxlm-base,7,5LocalWordSwaps,466,0.9278295636177063
infoxlm_base,microsoft/infoxlm-base,7,5LocalWordSwaps,467,0.9197256565093994
infoxlm_base,microsoft/infoxlm-base,7,5LocalWordSwaps,468,0.9359787702560425
infoxlm_base,microsoft/infoxlm-base,7,5LocalWordSwaps,469,0.9241753816604614
infoxlm_base,microsoft/infoxlm-base,7,5LocalWordSwaps,470,0.9271912574768066
infoxlm_base,microsoft/infoxlm-base,7,5LocalWordSwaps,471,0.9281940460205078
infoxlm_base,microsoft/infoxlm-base,7,5LocalWordSwaps,472,0.9072469472885132
infoxlm_base,microsoft/infoxlm-base,7,5LocalWordSwaps,473,0.882576584815979
infoxlm_base,microsoft/infoxlm-base,7,5LocalWordSwaps,474,0.9882345199584961
infoxlm_base,microsoft/infoxlm-base,7,5LocalWordSwaps,475,0.9847351908683777
infoxlm_base,microsoft/infoxlm-base,7,5LocalWordSwaps,476,0.993158221244812
infoxlm_base,microsoft/infoxlm-base,7,5LocalWordSwaps,477,0.9582300186157227
infoxlm_base,microsoft/infoxlm-base,7,5LocalWordSwaps,478,0.9243833422660828
infoxlm_base,microsoft/infoxlm-base,7,5LocalWordSwaps,479,0.9775708317756653
infoxlm_base,microsoft/infoxlm-base,7,5LocalWordSwaps,480,0.9262295961380005
infoxlm_base,microsoft/infoxlm-base,7,5LocalWordSwaps,481,0.9146350026130676
infoxlm_base,microsoft/infoxlm-base,7,5LocalWordSwaps,482,0.9273448586463928
infoxlm_base,microsoft/infoxlm-base,7,5LocalWordSwaps,483,0.9311422109603882
infoxlm_base,microsoft/infoxlm-base,7,5LocalWordSwaps,484,0.9321210384368896
infoxlm_base,microsoft/infoxlm-base,7,5LocalWordSwaps,485,0.92414391040802
infoxlm_base,microsoft/infoxlm-base,7,5LocalWordSwaps,486,0.9447324275970459
infoxlm_base,microsoft/infoxlm-base,7,5LocalWordSwaps,487,0.9360082149505615
infoxlm_base,microsoft/infoxlm-base,7,5LocalWordSwaps,488,0.9493788480758667
infoxlm_base,microsoft/infoxlm-base,7,5LocalWordSwaps,489,0.933638334274292
infoxlm_base,microsoft/infoxlm-base,7,5LocalWordSwaps,490,0.9332318305969238
infoxlm_base,microsoft/infoxlm-base,7,5LocalWordSwaps,491,0.9364559650421143
infoxlm_base,microsoft/infoxlm-base,7,5LocalWordSwaps,492,0.9339571595191956
infoxlm_base,microsoft/infoxlm-base,7,5LocalWordSwaps,493,0.9935355186462402
infoxlm_base,microsoft/infoxlm-base,7,5LocalWordSwaps,494,0.928825855255127
infoxlm_base,microsoft/infoxlm-base,7,5LocalWordSwaps,495,0.9248459339141846
infoxlm_base,microsoft/infoxlm-base,7,5LocalWordSwaps,496,0.9407545924186707
infoxlm_base,microsoft/infoxlm-base,7,5LocalWordSwaps,497,0.9163925051689148
infoxlm_base,microsoft/infoxlm-base,7,5LocalWordSwaps,498,0.9461559057235718
infoxlm_base,microsoft/infoxlm-base,7,5LocalWordSwaps,499,0.9325588345527649
infoxlm_base,microsoft/infoxlm-base,7,5LocalWordSwaps,500,0.9835487008094788
infoxlm_base,microsoft/infoxlm-base,7,5LocalWordSwaps,501,0.9514156579971313
infoxlm_base,microsoft/infoxlm-base,7,5LocalWordSwaps,502,0.9337998628616333
infoxlm_base,microsoft/infoxlm-base,7,5LocalWordSwaps,503,0.9275560975074768
infoxlm_base,microsoft/infoxlm-base,7,5LocalWordSwaps,504,0.9184033274650574
infoxlm_base,microsoft/infoxlm-base,7,5LocalWordSwaps,505,0.9501992464065552
infoxlm_base,microsoft/infoxlm-base,7,5LocalWordSwaps,506,0.937675952911377
infoxlm_base,microsoft/infoxlm-base,7,5LocalWordSwaps,507,0.9107493758201599
infoxlm_base,microsoft/infoxlm-base,7,5LocalWordSwaps,508,0.8911824226379395
infoxlm_base,microsoft/infoxlm-base,7,5LocalWordSwaps,509,0.9329476952552795
infoxlm_base,microsoft/infoxlm-base,7,5LocalWordSwaps,510,0.9905456304550171
infoxlm_base,microsoft/infoxlm-base,7,5LocalWordSwaps,511,0.9375064969062805
infoxlm_base,microsoft/infoxlm-base,7,5LocalWordSwaps,512,0.9607933759689331
infoxlm_base,microsoft/infoxlm-base,7,5LocalWordSwaps,513,0.925009548664093
infoxlm_base,microsoft/infoxlm-base,7,5LocalWordSwaps,514,0.9397108554840088
infoxlm_base,microsoft/infoxlm-base,7,5LocalWordSwaps,515,0.9493567943572998
infoxlm_base,microsoft/infoxlm-base,7,5LocalWordSwaps,516,0.9250845313072205
infoxlm_base,microsoft/infoxlm-base,7,5LocalWordSwaps,517,0.9169032573699951
infoxlm_base,microsoft/infoxlm-base,7,5LocalWordSwaps,518,0.943422794342041
infoxlm_base,microsoft/infoxlm-base,7,5LocalWordSwaps,519,0.9813437461853027
infoxlm_base,microsoft/infoxlm-base,7,5LocalWordSwaps,520,0.9350318908691406
infoxlm_base,microsoft/infoxlm-base,7,5LocalWordSwaps,521,0.9865828156471252
infoxlm_base,microsoft/infoxlm-base,7,5LocalWordSwaps,522,0.945374608039856
infoxlm_base,microsoft/infoxlm-base,7,5LocalWordSwaps,523,0.9444498419761658
infoxlm_base,microsoft/infoxlm-base,7,5LocalWordSwaps,524,0.9301164150238037
infoxlm_base,microsoft/infoxlm-base,7,5LocalWordSwaps,525,0.9326409697532654
infoxlm_base,microsoft/infoxlm-base,7,5LocalWordSwaps,526,0.9365185499191284
infoxlm_base,microsoft/infoxlm-base,7,5LocalWordSwaps,527,0.9220174551010132
infoxlm_base,microsoft/infoxlm-base,7,5LocalWordSwaps,528,0.9222734570503235
infoxlm_base,microsoft/infoxlm-base,7,5LocalWordSwaps,529,0.9271285533905029
infoxlm_base,microsoft/infoxlm-base,7,5LocalWordSwaps,530,0.9384321570396423
infoxlm_base,microsoft/infoxlm-base,7,5LocalWordSwaps,531,0.9585515260696411
infoxlm_base,microsoft/infoxlm-base,7,5LocalWordSwaps,532,0.9464851021766663
infoxlm_base,microsoft/infoxlm-base,7,5LocalWordSwaps,533,0.9167008996009827
infoxlm_base,microsoft/infoxlm-base,7,5LocalWordSwaps,534,0.9497419595718384
infoxlm_base,microsoft/infoxlm-base,7,5LocalWordSwaps,535,0.9407668113708496
infoxlm_base,microsoft/infoxlm-base,7,5LocalWordSwaps,536,0.9405957460403442
infoxlm_base,microsoft/infoxlm-base,7,5LocalWordSwaps,537,0.979497492313385
infoxlm_base,microsoft/infoxlm-base,7,5LocalWordSwaps,538,0.9368354678153992
infoxlm_base,microsoft/infoxlm-base,7,5LocalWordSwaps,539,0.9321368932723999
infoxlm_base,microsoft/infoxlm-base,7,5LocalWordSwaps,540,0.9290107488632202
infoxlm_base,microsoft/infoxlm-base,7,5LocalWordSwaps,541,0.9299055933952332
infoxlm_base,microsoft/infoxlm-base,7,5LocalWordSwaps,542,0.9261431694030762
infoxlm_base,microsoft/infoxlm-base,7,5LocalWordSwaps,543,0.9926156401634216
infoxlm_base,microsoft/infoxlm-base,7,5LocalWordSwaps,544,0.9426765441894531
infoxlm_base,microsoft/infoxlm-base,7,5LocalWordSwaps,545,0.9394198656082153
infoxlm_base,microsoft/infoxlm-base,7,5LocalWordSwaps,546,0.9262710809707642
infoxlm_base,microsoft/infoxlm-base,7,5LocalWordSwaps,547,0.9046427011489868
infoxlm_base,microsoft/infoxlm-base,7,5LocalWordSwaps,548,0.9097495675086975
infoxlm_base,microsoft/infoxlm-base,7,5LocalWordSwaps,549,0.9235899448394775
infoxlm_base,microsoft/infoxlm-base,7,5LocalWordSwaps,550,0.9131286144256592
infoxlm_base,microsoft/infoxlm-base,7,5LocalWordSwaps,551,0.9214205741882324
infoxlm_base,microsoft/infoxlm-base,7,5LocalWordSwaps,552,0.9181634783744812
infoxlm_base,microsoft/infoxlm-base,7,5LocalWordSwaps,553,0.9210779070854187
infoxlm_base,microsoft/infoxlm-base,7,5LocalWordSwaps,554,0.9335724115371704
infoxlm_base,microsoft/infoxlm-base,7,5LocalWordSwaps,555,0.9129831194877625
infoxlm_base,microsoft/infoxlm-base,7,5LocalWordSwaps,556,0.9871656894683838
infoxlm_base,microsoft/infoxlm-base,7,5LocalWordSwaps,557,0.934388279914856
infoxlm_base,microsoft/infoxlm-base,7,5LocalWordSwaps,558,0.9168126583099365
infoxlm_base,microsoft/infoxlm-base,7,5LocalWordSwaps,559,0.9430448412895203
infoxlm_base,microsoft/infoxlm-base,7,5LocalWordSwaps,560,0.9922454357147217
infoxlm_base,microsoft/infoxlm-base,7,5LocalWordSwaps,561,0.9186278581619263
infoxlm_base,microsoft/infoxlm-base,7,5LocalWordSwaps,562,0.9298276901245117
infoxlm_base,microsoft/infoxlm-base,7,5LocalWordSwaps,563,0.9415265321731567
infoxlm_base,microsoft/infoxlm-base,7,5LocalWordSwaps,564,0.9247078895568848
infoxlm_base,microsoft/infoxlm-base,7,5LocalWordSwaps,565,0.9314226508140564
infoxlm_base,microsoft/infoxlm-base,7,5LocalWordSwaps,566,0.9895360469818115
infoxlm_base,microsoft/infoxlm-base,7,5LocalWordSwaps,567,0.9309463500976562
infoxlm_base,microsoft/infoxlm-base,7,5LocalWordSwaps,568,0.9252356290817261
infoxlm_base,microsoft/infoxlm-base,7,5LocalWordSwaps,569,0.9897721409797668
infoxlm_base,microsoft/infoxlm-base,7,5LocalWordSwaps,570,0.9940897822380066
infoxlm_base,microsoft/infoxlm-base,7,5LocalWordSwaps,571,0.9490711688995361
infoxlm_base,microsoft/infoxlm-base,7,5LocalWordSwaps,572,0.9382629990577698
infoxlm_base,microsoft/infoxlm-base,7,5LocalWordSwaps,573,0.9327129125595093
infoxlm_base,microsoft/infoxlm-base,7,5LocalWordSwaps,574,0.9385172724723816
infoxlm_base,microsoft/infoxlm-base,7,5LocalWordSwaps,575,0.9123479723930359
infoxlm_base,microsoft/infoxlm-base,7,5LocalWordSwaps,576,0.9207882881164551
infoxlm_base,microsoft/infoxlm-base,7,5LocalWordSwaps,577,0.9680148959159851
infoxlm_base,microsoft/infoxlm-base,7,5LocalWordSwaps,578,0.9310042858123779
infoxlm_base,microsoft/infoxlm-base,7,5LocalWordSwaps,579,0.9780481457710266
infoxlm_base,microsoft/infoxlm-base,7,5LocalWordSwaps,580,0.940301239490509
infoxlm_base,microsoft/infoxlm-base,7,5LocalWordSwaps,581,0.9266483783721924
infoxlm_base,microsoft/infoxlm-base,7,5LocalWordSwaps,582,0.9346223473548889
infoxlm_base,microsoft/infoxlm-base,7,5LocalWordSwaps,583,0.9268310070037842
infoxlm_base,microsoft/infoxlm-base,7,5LocalWordSwaps,584,0.9951773881912231
infoxlm_base,microsoft/infoxlm-base,7,5LocalWordSwaps,585,0.9322227239608765
infoxlm_base,microsoft/infoxlm-base,7,5LocalWordSwaps,586,0.9315147399902344
infoxlm_base,microsoft/infoxlm-base,7,5LocalWordSwaps,587,0.9438232183456421
infoxlm_base,microsoft/infoxlm-base,7,5LocalWordSwaps,588,0.919142484664917
infoxlm_base,microsoft/infoxlm-base,7,5LocalWordSwaps,589,0.9925330877304077
infoxlm_base,microsoft/infoxlm-base,7,5LocalWordSwaps,590,0.956024169921875
infoxlm_base,microsoft/infoxlm-base,7,5LocalWordSwaps,591,0.9209038019180298
infoxlm_base,microsoft/infoxlm-base,7,5LocalWordSwaps,592,0.9493933916091919
infoxlm_base,microsoft/infoxlm-base,7,5LocalWordSwaps,593,0.942811131477356
infoxlm_base,microsoft/infoxlm-base,7,5LocalWordSwaps,594,0.9403780698776245
infoxlm_base,microsoft/infoxlm-base,7,5LocalWordSwaps,595,0.9628788232803345
infoxlm_base,microsoft/infoxlm-base,7,5LocalWordSwaps,596,0.9911850690841675
infoxlm_base,microsoft/infoxlm-base,7,5LocalWordSwaps,597,0.9388704299926758
infoxlm_base,microsoft/infoxlm-base,7,5LocalWordSwaps,598,0.9200397729873657
infoxlm_base,microsoft/infoxlm-base,7,5LocalWordSwaps,599,0.9678134322166443
infoxlm_base,microsoft/infoxlm-base,7,5LocalWordSwaps,600,0.9244234561920166
infoxlm_base,microsoft/infoxlm-base,7,5LocalWordSwaps,601,0.922615647315979
infoxlm_base,microsoft/infoxlm-base,7,5LocalWordSwaps,602,0.9244140386581421
infoxlm_base,microsoft/infoxlm-base,7,5LocalWordSwaps,603,0.9329186677932739
infoxlm_base,microsoft/infoxlm-base,7,5LocalWordSwaps,604,0.9535380601882935
infoxlm_base,microsoft/infoxlm-base,7,5LocalWordSwaps,605,0.9351395964622498
infoxlm_base,microsoft/infoxlm-base,7,5LocalWordSwaps,606,0.9235467314720154
infoxlm_base,microsoft/infoxlm-base,7,5LocalWordSwaps,607,0.9427590370178223
infoxlm_base,microsoft/infoxlm-base,7,5LocalWordSwaps,608,0.908697783946991
infoxlm_base,microsoft/infoxlm-base,7,5LocalWordSwaps,609,0.9534379243850708
infoxlm_base,microsoft/infoxlm-base,7,5LocalWordSwaps,610,0.9295628070831299
infoxlm_base,microsoft/infoxlm-base,7,5LocalWordSwaps,611,0.9282333850860596
infoxlm_base,microsoft/infoxlm-base,7,5LocalWordSwaps,612,0.9408008456230164
infoxlm_base,microsoft/infoxlm-base,7,5LocalWordSwaps,613,0.9225226640701294
infoxlm_base,microsoft/infoxlm-base,7,5LocalWordSwaps,614,0.9513335824012756
infoxlm_base,microsoft/infoxlm-base,7,5LocalWordSwaps,615,0.9978610873222351
infoxlm_base,microsoft/infoxlm-base,7,5LocalWordSwaps,616,0.9558765292167664
infoxlm_base,microsoft/infoxlm-base,7,5LocalWordSwaps,617,0.92048579454422
infoxlm_base,microsoft/infoxlm-base,7,5LocalWordSwaps,618,0.9274584054946899
infoxlm_base,microsoft/infoxlm-base,7,5LocalWordSwaps,619,0.9339953660964966
infoxlm_base,microsoft/infoxlm-base,7,5LocalWordSwaps,620,0.9903169274330139
infoxlm_base,microsoft/infoxlm-base,7,5LocalWordSwaps,621,0.9294801354408264
infoxlm_base,microsoft/infoxlm-base,7,5LocalWordSwaps,622,0.9767968654632568
infoxlm_base,microsoft/infoxlm-base,7,5LocalWordSwaps,623,0.9325690865516663
infoxlm_base,microsoft/infoxlm-base,7,5LocalWordSwaps,624,0.9244511723518372
infoxlm_base,microsoft/infoxlm-base,7,5LocalWordSwaps,625,0.9317281246185303
infoxlm_base,microsoft/infoxlm-base,7,5LocalWordSwaps,626,0.991847574710846
infoxlm_base,microsoft/infoxlm-base,7,Reversed,0,0.9117767214775085
infoxlm_base,microsoft/infoxlm-base,7,Reversed,1,0.9097734689712524
infoxlm_base,microsoft/infoxlm-base,7,Reversed,2,0.9240043759346008
infoxlm_base,microsoft/infoxlm-base,7,Reversed,3,0.9301607608795166
infoxlm_base,microsoft/infoxlm-base,7,Reversed,4,0.9209144711494446
infoxlm_base,microsoft/infoxlm-base,7,Reversed,5,0.9235802888870239
infoxlm_base,microsoft/infoxlm-base,7,Reversed,6,0.9322373867034912
infoxlm_base,microsoft/infoxlm-base,7,Reversed,7,0.9727696776390076
infoxlm_base,microsoft/infoxlm-base,7,Reversed,8,0.9006333351135254
infoxlm_base,microsoft/infoxlm-base,7,Reversed,9,0.9214422702789307
infoxlm_base,microsoft/infoxlm-base,7,Reversed,10,0.8872830867767334
infoxlm_base,microsoft/infoxlm-base,7,Reversed,11,0.9413248300552368
infoxlm_base,microsoft/infoxlm-base,7,Reversed,12,0.8998405337333679
infoxlm_base,microsoft/infoxlm-base,7,Reversed,13,0.9013081789016724
infoxlm_base,microsoft/infoxlm-base,7,Reversed,14,0.9076841473579407
infoxlm_base,microsoft/infoxlm-base,7,Reversed,15,0.9399255514144897
infoxlm_base,microsoft/infoxlm-base,7,Reversed,16,0.896619439125061
infoxlm_base,microsoft/infoxlm-base,7,Reversed,17,0.8954618573188782
infoxlm_base,microsoft/infoxlm-base,7,Reversed,18,0.9362229704856873
infoxlm_base,microsoft/infoxlm-base,7,Reversed,19,0.9611439108848572
infoxlm_base,microsoft/infoxlm-base,7,Reversed,20,0.901301383972168
infoxlm_base,microsoft/infoxlm-base,7,Reversed,21,0.9429308176040649
infoxlm_base,microsoft/infoxlm-base,7,Reversed,22,0.9082399010658264
infoxlm_base,microsoft/infoxlm-base,7,Reversed,23,0.9224555492401123
infoxlm_base,microsoft/infoxlm-base,7,Reversed,24,0.9187396168708801
infoxlm_base,microsoft/infoxlm-base,7,Reversed,25,0.8925525546073914
infoxlm_base,microsoft/infoxlm-base,7,Reversed,26,0.9005765318870544
infoxlm_base,microsoft/infoxlm-base,7,Reversed,27,0.9040380716323853
infoxlm_base,microsoft/infoxlm-base,7,Reversed,28,0.9228015542030334
infoxlm_base,microsoft/infoxlm-base,7,Reversed,29,0.9147017002105713
infoxlm_base,microsoft/infoxlm-base,7,Reversed,30,0.9186403155326843
infoxlm_base,microsoft/infoxlm-base,7,Reversed,31,0.9258923530578613
infoxlm_base,microsoft/infoxlm-base,7,Reversed,32,0.9166734218597412
infoxlm_base,microsoft/infoxlm-base,7,Reversed,33,0.8903796672821045
infoxlm_base,microsoft/infoxlm-base,7,Reversed,34,0.9245108366012573
infoxlm_base,microsoft/infoxlm-base,7,Reversed,35,0.903655469417572
infoxlm_base,microsoft/infoxlm-base,7,Reversed,36,0.9439091086387634
infoxlm_base,microsoft/infoxlm-base,7,Reversed,37,0.9115052819252014
infoxlm_base,microsoft/infoxlm-base,7,Reversed,38,0.9200525879859924
infoxlm_base,microsoft/infoxlm-base,7,Reversed,39,0.9172036647796631
infoxlm_base,microsoft/infoxlm-base,7,Reversed,40,0.911646842956543
infoxlm_base,microsoft/infoxlm-base,7,Reversed,41,0.9367981553077698
infoxlm_base,microsoft/infoxlm-base,7,Reversed,42,0.928528904914856
infoxlm_base,microsoft/infoxlm-base,7,Reversed,43,0.903359591960907
infoxlm_base,microsoft/infoxlm-base,7,Reversed,44,0.912909746170044
infoxlm_base,microsoft/infoxlm-base,7,Reversed,45,0.9306731224060059
infoxlm_base,microsoft/infoxlm-base,7,Reversed,46,0.9126074314117432
infoxlm_base,microsoft/infoxlm-base,7,Reversed,47,0.9347590208053589
infoxlm_base,microsoft/infoxlm-base,7,Reversed,48,0.9019561409950256
infoxlm_base,microsoft/infoxlm-base,7,Reversed,49,0.9418699741363525
infoxlm_base,microsoft/infoxlm-base,7,Reversed,50,0.9126377701759338
infoxlm_base,microsoft/infoxlm-base,7,Reversed,51,0.9154831767082214
infoxlm_base,microsoft/infoxlm-base,7,Reversed,52,0.9047331809997559
infoxlm_base,microsoft/infoxlm-base,7,Reversed,53,0.9301818013191223
infoxlm_base,microsoft/infoxlm-base,7,Reversed,54,0.9473990201950073
infoxlm_base,microsoft/infoxlm-base,7,Reversed,55,0.9147962331771851
infoxlm_base,microsoft/infoxlm-base,7,Reversed,56,0.9210566282272339
infoxlm_base,microsoft/infoxlm-base,7,Reversed,57,0.9245758652687073
infoxlm_base,microsoft/infoxlm-base,7,Reversed,58,0.928015947341919
infoxlm_base,microsoft/infoxlm-base,7,Reversed,59,0.9042579531669617
infoxlm_base,microsoft/infoxlm-base,7,Reversed,60,0.9242891073226929
infoxlm_base,microsoft/infoxlm-base,7,Reversed,61,0.8813842535018921
infoxlm_base,microsoft/infoxlm-base,7,Reversed,62,0.9199419021606445
infoxlm_base,microsoft/infoxlm-base,7,Reversed,63,0.9413950443267822
infoxlm_base,microsoft/infoxlm-base,7,Reversed,64,0.8917927742004395
infoxlm_base,microsoft/infoxlm-base,7,Reversed,65,0.9220082759857178
infoxlm_base,microsoft/infoxlm-base,7,Reversed,66,0.9080474376678467
infoxlm_base,microsoft/infoxlm-base,7,Reversed,67,0.9090210795402527
infoxlm_base,microsoft/infoxlm-base,7,Reversed,68,0.9431501030921936
infoxlm_base,microsoft/infoxlm-base,7,Reversed,69,0.9263190031051636
infoxlm_base,microsoft/infoxlm-base,7,Reversed,70,0.9231256246566772
infoxlm_base,microsoft/infoxlm-base,7,Reversed,71,0.914095401763916
infoxlm_base,microsoft/infoxlm-base,7,Reversed,72,0.9317973256111145
infoxlm_base,microsoft/infoxlm-base,7,Reversed,73,0.9068864583969116
infoxlm_base,microsoft/infoxlm-base,7,Reversed,74,0.8896015882492065
infoxlm_base,microsoft/infoxlm-base,7,Reversed,75,0.9146220088005066
infoxlm_base,microsoft/infoxlm-base,7,Reversed,76,0.9053873419761658
infoxlm_base,microsoft/infoxlm-base,7,Reversed,77,0.9145864844322205
infoxlm_base,microsoft/infoxlm-base,7,Reversed,78,0.8965125679969788
infoxlm_base,microsoft/infoxlm-base,7,Reversed,79,0.922248363494873
infoxlm_base,microsoft/infoxlm-base,7,Reversed,80,0.9139644503593445
infoxlm_base,microsoft/infoxlm-base,7,Reversed,81,0.9288768172264099
infoxlm_base,microsoft/infoxlm-base,7,Reversed,82,0.9148533940315247
infoxlm_base,microsoft/infoxlm-base,7,Reversed,83,0.9089389443397522
infoxlm_base,microsoft/infoxlm-base,7,Reversed,84,0.9324331283569336
infoxlm_base,microsoft/infoxlm-base,7,Reversed,85,0.913395881652832
infoxlm_base,microsoft/infoxlm-base,7,Reversed,86,0.9038834571838379
infoxlm_base,microsoft/infoxlm-base,7,Reversed,87,0.8996536135673523
infoxlm_base,microsoft/infoxlm-base,7,Reversed,88,0.9224175214767456
infoxlm_base,microsoft/infoxlm-base,7,Reversed,89,0.912246823310852
infoxlm_base,microsoft/infoxlm-base,7,Reversed,90,0.9109847545623779
infoxlm_base,microsoft/infoxlm-base,7,Reversed,91,0.9189192056655884
infoxlm_base,microsoft/infoxlm-base,7,Reversed,92,0.9321867823600769
infoxlm_base,microsoft/infoxlm-base,7,Reversed,93,0.9481234550476074
infoxlm_base,microsoft/infoxlm-base,7,Reversed,94,0.9000794887542725
infoxlm_base,microsoft/infoxlm-base,7,Reversed,95,0.9130208492279053
infoxlm_base,microsoft/infoxlm-base,7,Reversed,96,0.9501649737358093
infoxlm_base,microsoft/infoxlm-base,7,Reversed,97,0.8904663920402527
infoxlm_base,microsoft/infoxlm-base,7,Reversed,98,0.9715177416801453
infoxlm_base,microsoft/infoxlm-base,7,Reversed,99,0.9810141324996948
infoxlm_base,microsoft/infoxlm-base,7,Reversed,100,0.9627065062522888
infoxlm_base,microsoft/infoxlm-base,7,Reversed,101,0.8964903354644775
infoxlm_base,microsoft/infoxlm-base,7,Reversed,102,0.9323028922080994
infoxlm_base,microsoft/infoxlm-base,7,Reversed,103,0.9358104467391968
infoxlm_base,microsoft/infoxlm-base,7,Reversed,104,0.9156532883644104
infoxlm_base,microsoft/infoxlm-base,7,Reversed,105,0.9577479362487793
infoxlm_base,microsoft/infoxlm-base,7,Reversed,106,0.9156216382980347
infoxlm_base,microsoft/infoxlm-base,7,Reversed,107,0.9181193113327026
infoxlm_base,microsoft/infoxlm-base,7,Reversed,108,0.9097336530685425
infoxlm_base,microsoft/infoxlm-base,7,Reversed,109,0.9579546451568604
infoxlm_base,microsoft/infoxlm-base,7,Reversed,110,0.9082401990890503
infoxlm_base,microsoft/infoxlm-base,7,Reversed,111,0.9170319437980652
infoxlm_base,microsoft/infoxlm-base,7,Reversed,112,0.9100607633590698
infoxlm_base,microsoft/infoxlm-base,7,Reversed,113,0.9466692805290222
infoxlm_base,microsoft/infoxlm-base,7,Reversed,114,0.9373217821121216
infoxlm_base,microsoft/infoxlm-base,7,Reversed,115,0.9277830123901367
infoxlm_base,microsoft/infoxlm-base,7,Reversed,116,0.9370167851448059
infoxlm_base,microsoft/infoxlm-base,7,Reversed,117,0.9114978909492493
infoxlm_base,microsoft/infoxlm-base,7,Reversed,118,0.9330908060073853
infoxlm_base,microsoft/infoxlm-base,7,Reversed,119,0.9227518439292908
infoxlm_base,microsoft/infoxlm-base,7,Reversed,120,0.9418799877166748
infoxlm_base,microsoft/infoxlm-base,7,Reversed,121,0.9135168194770813
infoxlm_base,microsoft/infoxlm-base,7,Reversed,122,0.9316927194595337
infoxlm_base,microsoft/infoxlm-base,7,Reversed,123,0.9091264605522156
infoxlm_base,microsoft/infoxlm-base,7,Reversed,124,0.9042749404907227
infoxlm_base,microsoft/infoxlm-base,7,Reversed,125,0.916172981262207
infoxlm_base,microsoft/infoxlm-base,7,Reversed,126,0.9226600527763367
infoxlm_base,microsoft/infoxlm-base,7,Reversed,127,0.9152438044548035
infoxlm_base,microsoft/infoxlm-base,7,Reversed,128,0.9250602126121521
infoxlm_base,microsoft/infoxlm-base,7,Reversed,129,0.9309883117675781
infoxlm_base,microsoft/infoxlm-base,7,Reversed,130,0.9239423871040344
infoxlm_base,microsoft/infoxlm-base,7,Reversed,131,0.9685933589935303
infoxlm_base,microsoft/infoxlm-base,7,Reversed,132,0.9053521752357483
infoxlm_base,microsoft/infoxlm-base,7,Reversed,133,0.922722339630127
infoxlm_base,microsoft/infoxlm-base,7,Reversed,134,0.9166491031646729
infoxlm_base,microsoft/infoxlm-base,7,Reversed,135,0.9143568873405457
infoxlm_base,microsoft/infoxlm-base,7,Reversed,136,0.9142786264419556
infoxlm_base,microsoft/infoxlm-base,7,Reversed,137,0.9133140444755554
infoxlm_base,microsoft/infoxlm-base,7,Reversed,138,0.9490171670913696
infoxlm_base,microsoft/infoxlm-base,7,Reversed,139,0.905681848526001
infoxlm_base,microsoft/infoxlm-base,7,Reversed,140,0.977671205997467
infoxlm_base,microsoft/infoxlm-base,7,Reversed,141,0.911777138710022
infoxlm_base,microsoft/infoxlm-base,7,Reversed,142,0.9255192279815674
infoxlm_base,microsoft/infoxlm-base,7,Reversed,143,0.9402486085891724
infoxlm_base,microsoft/infoxlm-base,7,Reversed,144,0.9230573177337646
infoxlm_base,microsoft/infoxlm-base,7,Reversed,145,0.9173568487167358
infoxlm_base,microsoft/infoxlm-base,7,Reversed,146,0.8741616606712341
infoxlm_base,microsoft/infoxlm-base,7,Reversed,147,0.9570993185043335
infoxlm_base,microsoft/infoxlm-base,7,Reversed,148,0.8847211599349976
infoxlm_base,microsoft/infoxlm-base,7,Reversed,149,0.9460735321044922
infoxlm_base,microsoft/infoxlm-base,7,Reversed,150,0.9311768412590027
infoxlm_base,microsoft/infoxlm-base,7,Reversed,151,0.915931761264801
infoxlm_base,microsoft/infoxlm-base,7,Reversed,152,0.9050887823104858
infoxlm_base,microsoft/infoxlm-base,7,Reversed,153,0.9107621312141418
infoxlm_base,microsoft/infoxlm-base,7,Reversed,154,0.969124436378479
infoxlm_base,microsoft/infoxlm-base,7,Reversed,155,0.9298050403594971
infoxlm_base,microsoft/infoxlm-base,7,Reversed,156,0.8887317776679993
infoxlm_base,microsoft/infoxlm-base,7,Reversed,157,0.9133362174034119
infoxlm_base,microsoft/infoxlm-base,7,Reversed,158,0.9371550679206848
infoxlm_base,microsoft/infoxlm-base,7,Reversed,159,0.9121418595314026
infoxlm_base,microsoft/infoxlm-base,7,Reversed,160,0.9343563914299011
infoxlm_base,microsoft/infoxlm-base,7,Reversed,161,0.9116806983947754
infoxlm_base,microsoft/infoxlm-base,7,Reversed,162,0.9414247274398804
infoxlm_base,microsoft/infoxlm-base,7,Reversed,163,0.8788806796073914
infoxlm_base,microsoft/infoxlm-base,7,Reversed,164,0.92702317237854
infoxlm_base,microsoft/infoxlm-base,7,Reversed,165,0.8882759213447571
infoxlm_base,microsoft/infoxlm-base,7,Reversed,166,0.9702346324920654
infoxlm_base,microsoft/infoxlm-base,7,Reversed,167,0.9227377772331238
infoxlm_base,microsoft/infoxlm-base,7,Reversed,168,0.9732245206832886
infoxlm_base,microsoft/infoxlm-base,7,Reversed,169,0.9196565747261047
infoxlm_base,microsoft/infoxlm-base,7,Reversed,170,0.928019642829895
infoxlm_base,microsoft/infoxlm-base,7,Reversed,171,0.8949927091598511
infoxlm_base,microsoft/infoxlm-base,7,Reversed,172,0.918143630027771
infoxlm_base,microsoft/infoxlm-base,7,Reversed,173,0.9180474281311035
infoxlm_base,microsoft/infoxlm-base,7,Reversed,174,0.9288716316223145
infoxlm_base,microsoft/infoxlm-base,7,Reversed,175,0.8975062370300293
infoxlm_base,microsoft/infoxlm-base,7,Reversed,176,0.9114152193069458
infoxlm_base,microsoft/infoxlm-base,7,Reversed,177,0.9074701070785522
infoxlm_base,microsoft/infoxlm-base,7,Reversed,178,0.9124925136566162
infoxlm_base,microsoft/infoxlm-base,7,Reversed,179,0.958426833152771
infoxlm_base,microsoft/infoxlm-base,7,Reversed,180,0.9058417081832886
infoxlm_base,microsoft/infoxlm-base,7,Reversed,181,0.9079158306121826
infoxlm_base,microsoft/infoxlm-base,7,Reversed,182,0.9462860226631165
infoxlm_base,microsoft/infoxlm-base,7,Reversed,183,0.9468647837638855
infoxlm_base,microsoft/infoxlm-base,7,Reversed,184,0.9215917587280273
infoxlm_base,microsoft/infoxlm-base,7,Reversed,185,0.8851731419563293
infoxlm_base,microsoft/infoxlm-base,7,Reversed,186,0.91832435131073
infoxlm_base,microsoft/infoxlm-base,7,Reversed,187,0.9089424014091492
infoxlm_base,microsoft/infoxlm-base,7,Reversed,188,0.925439715385437
infoxlm_base,microsoft/infoxlm-base,7,Reversed,189,0.9216040372848511
infoxlm_base,microsoft/infoxlm-base,7,Reversed,190,0.9217767715454102
infoxlm_base,microsoft/infoxlm-base,7,Reversed,191,0.9197090268135071
infoxlm_base,microsoft/infoxlm-base,7,Reversed,192,0.9256914258003235
infoxlm_base,microsoft/infoxlm-base,7,Reversed,193,0.9305312633514404
infoxlm_base,microsoft/infoxlm-base,7,Reversed,194,0.9219263792037964
infoxlm_base,microsoft/infoxlm-base,7,Reversed,195,0.9240700602531433
infoxlm_base,microsoft/infoxlm-base,7,Reversed,196,0.8975826501846313
infoxlm_base,microsoft/infoxlm-base,7,Reversed,197,0.9009856581687927
infoxlm_base,microsoft/infoxlm-base,7,Reversed,198,0.9287273287773132
infoxlm_base,microsoft/infoxlm-base,7,Reversed,199,0.9149448871612549
infoxlm_base,microsoft/infoxlm-base,7,Reversed,200,0.9217329025268555
infoxlm_base,microsoft/infoxlm-base,7,Reversed,201,0.9027147889137268
infoxlm_base,microsoft/infoxlm-base,7,Reversed,202,0.9321328401565552
infoxlm_base,microsoft/infoxlm-base,7,Reversed,203,0.901146411895752
infoxlm_base,microsoft/infoxlm-base,7,Reversed,204,0.9115588068962097
infoxlm_base,microsoft/infoxlm-base,7,Reversed,205,0.928537905216217
infoxlm_base,microsoft/infoxlm-base,7,Reversed,206,0.8937652707099915
infoxlm_base,microsoft/infoxlm-base,7,Reversed,207,0.9618566036224365
infoxlm_base,microsoft/infoxlm-base,7,Reversed,208,0.940152645111084
infoxlm_base,microsoft/infoxlm-base,7,Reversed,209,0.8918132781982422
infoxlm_base,microsoft/infoxlm-base,7,Reversed,210,0.9063183069229126
infoxlm_base,microsoft/infoxlm-base,7,Reversed,211,0.9172840118408203
infoxlm_base,microsoft/infoxlm-base,7,Reversed,212,0.8996652364730835
infoxlm_base,microsoft/infoxlm-base,7,Reversed,213,0.9149887561798096
infoxlm_base,microsoft/infoxlm-base,7,Reversed,214,0.9308280348777771
infoxlm_base,microsoft/infoxlm-base,7,Reversed,215,0.9742013216018677
infoxlm_base,microsoft/infoxlm-base,7,Reversed,216,0.9344832897186279
infoxlm_base,microsoft/infoxlm-base,7,Reversed,217,0.9151421785354614
infoxlm_base,microsoft/infoxlm-base,7,Reversed,218,0.9345548748970032
infoxlm_base,microsoft/infoxlm-base,7,Reversed,219,0.9225554466247559
infoxlm_base,microsoft/infoxlm-base,7,Reversed,220,0.9293964505195618
infoxlm_base,microsoft/infoxlm-base,7,Reversed,221,0.9457029104232788
infoxlm_base,microsoft/infoxlm-base,7,Reversed,222,0.9154099822044373
infoxlm_base,microsoft/infoxlm-base,7,Reversed,223,0.9404332041740417
infoxlm_base,microsoft/infoxlm-base,7,Reversed,224,0.909034252166748
infoxlm_base,microsoft/infoxlm-base,7,Reversed,225,0.9329115748405457
infoxlm_base,microsoft/infoxlm-base,7,Reversed,226,0.8968033790588379
infoxlm_base,microsoft/infoxlm-base,7,Reversed,227,0.9126533269882202
infoxlm_base,microsoft/infoxlm-base,7,Reversed,228,0.9001762866973877
infoxlm_base,microsoft/infoxlm-base,7,Reversed,229,0.9103640913963318
infoxlm_base,microsoft/infoxlm-base,7,Reversed,230,0.9599815607070923
infoxlm_base,microsoft/infoxlm-base,7,Reversed,231,0.92120361328125
infoxlm_base,microsoft/infoxlm-base,7,Reversed,232,0.9558718204498291
infoxlm_base,microsoft/infoxlm-base,7,Reversed,233,0.9234200716018677
infoxlm_base,microsoft/infoxlm-base,7,Reversed,234,0.9142656326293945
infoxlm_base,microsoft/infoxlm-base,7,Reversed,235,0.8899213075637817
infoxlm_base,microsoft/infoxlm-base,7,Reversed,236,0.8917666077613831
infoxlm_base,microsoft/infoxlm-base,7,Reversed,237,0.9176791310310364
infoxlm_base,microsoft/infoxlm-base,7,Reversed,238,0.9247824549674988
infoxlm_base,microsoft/infoxlm-base,7,Reversed,239,0.9093162417411804
infoxlm_base,microsoft/infoxlm-base,7,Reversed,240,0.9359700679779053
infoxlm_base,microsoft/infoxlm-base,7,Reversed,241,0.9230750799179077
infoxlm_base,microsoft/infoxlm-base,7,Reversed,242,0.9319561719894409
infoxlm_base,microsoft/infoxlm-base,7,Reversed,243,0.9057430028915405
infoxlm_base,microsoft/infoxlm-base,7,Reversed,244,0.9051497578620911
infoxlm_base,microsoft/infoxlm-base,7,Reversed,245,0.9107294678688049
infoxlm_base,microsoft/infoxlm-base,7,Reversed,246,0.8911060690879822
infoxlm_base,microsoft/infoxlm-base,7,Reversed,247,0.9229093194007874
infoxlm_base,microsoft/infoxlm-base,7,Reversed,248,0.9514585137367249
infoxlm_base,microsoft/infoxlm-base,7,Reversed,249,0.9047505855560303
infoxlm_base,microsoft/infoxlm-base,7,Reversed,250,0.9144887328147888
infoxlm_base,microsoft/infoxlm-base,7,Reversed,251,0.9093503952026367
infoxlm_base,microsoft/infoxlm-base,7,Reversed,252,0.9585649967193604
infoxlm_base,microsoft/infoxlm-base,7,Reversed,253,0.9192814826965332
infoxlm_base,microsoft/infoxlm-base,7,Reversed,254,0.9481253623962402
infoxlm_base,microsoft/infoxlm-base,7,Reversed,255,0.9815434217453003
infoxlm_base,microsoft/infoxlm-base,7,Reversed,256,0.9196904897689819
infoxlm_base,microsoft/infoxlm-base,7,Reversed,257,0.9159772396087646
infoxlm_base,microsoft/infoxlm-base,7,Reversed,258,0.910490870475769
infoxlm_base,microsoft/infoxlm-base,7,Reversed,259,0.9366012811660767
infoxlm_base,microsoft/infoxlm-base,7,Reversed,260,0.9251986742019653
infoxlm_base,microsoft/infoxlm-base,7,Reversed,261,0.9343787431716919
infoxlm_base,microsoft/infoxlm-base,7,Reversed,262,0.9151464700698853
infoxlm_base,microsoft/infoxlm-base,7,Reversed,263,0.8934952616691589
infoxlm_base,microsoft/infoxlm-base,7,Reversed,264,0.9406706094741821
infoxlm_base,microsoft/infoxlm-base,7,Reversed,265,0.9070267081260681
infoxlm_base,microsoft/infoxlm-base,7,Reversed,266,0.9168461561203003
infoxlm_base,microsoft/infoxlm-base,7,Reversed,267,0.934346616268158
infoxlm_base,microsoft/infoxlm-base,7,Reversed,268,0.9444484114646912
infoxlm_base,microsoft/infoxlm-base,7,Reversed,269,0.9383786916732788
infoxlm_base,microsoft/infoxlm-base,7,Reversed,270,0.9005029201507568
infoxlm_base,microsoft/infoxlm-base,7,Reversed,271,0.9111433029174805
infoxlm_base,microsoft/infoxlm-base,7,Reversed,272,0.946071445941925
infoxlm_base,microsoft/infoxlm-base,7,Reversed,273,0.8801659345626831
infoxlm_base,microsoft/infoxlm-base,7,Reversed,274,0.9273025393486023
infoxlm_base,microsoft/infoxlm-base,7,Reversed,275,0.8907373547554016
infoxlm_base,microsoft/infoxlm-base,7,Reversed,276,0.8862178325653076
infoxlm_base,microsoft/infoxlm-base,7,Reversed,277,0.9721721410751343
infoxlm_base,microsoft/infoxlm-base,7,Reversed,278,0.9119178056716919
infoxlm_base,microsoft/infoxlm-base,7,Reversed,279,0.9284937381744385
infoxlm_base,microsoft/infoxlm-base,7,Reversed,280,0.917643666267395
infoxlm_base,microsoft/infoxlm-base,7,Reversed,281,0.9205706119537354
infoxlm_base,microsoft/infoxlm-base,7,Reversed,282,0.9243942499160767
infoxlm_base,microsoft/infoxlm-base,7,Reversed,283,0.9250260591506958
infoxlm_base,microsoft/infoxlm-base,7,Reversed,284,0.9082651734352112
infoxlm_base,microsoft/infoxlm-base,7,Reversed,285,0.8879255652427673
infoxlm_base,microsoft/infoxlm-base,7,Reversed,286,0.8986537456512451
infoxlm_base,microsoft/infoxlm-base,7,Reversed,287,0.9771255850791931
infoxlm_base,microsoft/infoxlm-base,7,Reversed,288,0.9309714436531067
infoxlm_base,microsoft/infoxlm-base,7,Reversed,289,0.9074512124061584
infoxlm_base,microsoft/infoxlm-base,7,Reversed,290,0.9441205263137817
infoxlm_base,microsoft/infoxlm-base,7,Reversed,291,0.9076142907142639
infoxlm_base,microsoft/infoxlm-base,7,Reversed,292,0.934136688709259
infoxlm_base,microsoft/infoxlm-base,7,Reversed,293,0.9164168834686279
infoxlm_base,microsoft/infoxlm-base,7,Reversed,294,0.9204751253128052
infoxlm_base,microsoft/infoxlm-base,7,Reversed,295,0.9009952545166016
infoxlm_base,microsoft/infoxlm-base,7,Reversed,296,0.9104824066162109
infoxlm_base,microsoft/infoxlm-base,7,Reversed,297,0.9082335233688354
infoxlm_base,microsoft/infoxlm-base,7,Reversed,298,0.9281797409057617
infoxlm_base,microsoft/infoxlm-base,7,Reversed,299,0.8949214220046997
infoxlm_base,microsoft/infoxlm-base,7,Reversed,300,0.9197763800621033
infoxlm_base,microsoft/infoxlm-base,7,Reversed,301,0.9118013381958008
infoxlm_base,microsoft/infoxlm-base,7,Reversed,302,0.9630716443061829
infoxlm_base,microsoft/infoxlm-base,7,Reversed,303,0.9036259651184082
infoxlm_base,microsoft/infoxlm-base,7,Reversed,304,0.9227125644683838
infoxlm_base,microsoft/infoxlm-base,7,Reversed,305,0.8817112445831299
infoxlm_base,microsoft/infoxlm-base,7,Reversed,306,0.8937737941741943
infoxlm_base,microsoft/infoxlm-base,7,Reversed,307,0.9319326877593994
infoxlm_base,microsoft/infoxlm-base,7,Reversed,308,0.8966680765151978
infoxlm_base,microsoft/infoxlm-base,7,Reversed,309,0.9146604537963867
infoxlm_base,microsoft/infoxlm-base,7,Reversed,310,0.9111043214797974
infoxlm_base,microsoft/infoxlm-base,7,Reversed,311,0.8935338258743286
infoxlm_base,microsoft/infoxlm-base,7,Reversed,312,0.914138674736023
infoxlm_base,microsoft/infoxlm-base,7,Reversed,313,0.9156180024147034
infoxlm_base,microsoft/infoxlm-base,7,Reversed,314,0.8959189057350159
infoxlm_base,microsoft/infoxlm-base,7,Reversed,315,0.9115257263183594
infoxlm_base,microsoft/infoxlm-base,7,Reversed,316,0.9034489989280701
infoxlm_base,microsoft/infoxlm-base,7,Reversed,317,0.9251490235328674
infoxlm_base,microsoft/infoxlm-base,7,Reversed,318,0.9062999486923218
infoxlm_base,microsoft/infoxlm-base,7,Reversed,319,0.9064536094665527
infoxlm_base,microsoft/infoxlm-base,7,Reversed,320,0.9205791354179382
infoxlm_base,microsoft/infoxlm-base,7,Reversed,321,0.9206401109695435
infoxlm_base,microsoft/infoxlm-base,7,Reversed,322,0.8802792429924011
infoxlm_base,microsoft/infoxlm-base,7,Reversed,323,0.9151471853256226
infoxlm_base,microsoft/infoxlm-base,7,Reversed,324,0.9275974631309509
infoxlm_base,microsoft/infoxlm-base,7,Reversed,325,0.9163448810577393
infoxlm_base,microsoft/infoxlm-base,7,Reversed,326,0.900306224822998
infoxlm_base,microsoft/infoxlm-base,7,Reversed,327,0.9046505093574524
infoxlm_base,microsoft/infoxlm-base,7,Reversed,328,0.9258101582527161
infoxlm_base,microsoft/infoxlm-base,7,Reversed,329,0.9102489948272705
infoxlm_base,microsoft/infoxlm-base,7,Reversed,330,0.9212854504585266
infoxlm_base,microsoft/infoxlm-base,7,Reversed,331,0.9300842881202698
infoxlm_base,microsoft/infoxlm-base,7,Reversed,332,0.9286851286888123
infoxlm_base,microsoft/infoxlm-base,7,Reversed,333,0.9302347898483276
infoxlm_base,microsoft/infoxlm-base,7,Reversed,334,0.9592233896255493
infoxlm_base,microsoft/infoxlm-base,7,Reversed,335,0.9747887849807739
infoxlm_base,microsoft/infoxlm-base,7,Reversed,336,0.9070500731468201
infoxlm_base,microsoft/infoxlm-base,7,Reversed,337,0.8685315251350403
infoxlm_base,microsoft/infoxlm-base,7,Reversed,338,0.9223767518997192
infoxlm_base,microsoft/infoxlm-base,7,Reversed,339,0.9186599850654602
infoxlm_base,microsoft/infoxlm-base,7,Reversed,340,0.9155057668685913
infoxlm_base,microsoft/infoxlm-base,7,Reversed,341,0.9245425462722778
infoxlm_base,microsoft/infoxlm-base,7,Reversed,342,0.9063306450843811
infoxlm_base,microsoft/infoxlm-base,7,Reversed,343,0.9108914732933044
infoxlm_base,microsoft/infoxlm-base,7,Reversed,344,0.9249595999717712
infoxlm_base,microsoft/infoxlm-base,7,Reversed,345,0.9099748730659485
infoxlm_base,microsoft/infoxlm-base,7,Reversed,346,0.916917085647583
infoxlm_base,microsoft/infoxlm-base,7,Reversed,347,0.9163540005683899
infoxlm_base,microsoft/infoxlm-base,7,Reversed,348,0.9275993704795837
infoxlm_base,microsoft/infoxlm-base,7,Reversed,349,0.9183012843132019
infoxlm_base,microsoft/infoxlm-base,7,Reversed,350,0.9428806304931641
infoxlm_base,microsoft/infoxlm-base,7,Reversed,351,0.9021866321563721
infoxlm_base,microsoft/infoxlm-base,7,Reversed,352,0.9221732020378113
infoxlm_base,microsoft/infoxlm-base,7,Reversed,353,0.9137943983078003
infoxlm_base,microsoft/infoxlm-base,7,Reversed,354,0.9677199125289917
infoxlm_base,microsoft/infoxlm-base,7,Reversed,355,0.930436372756958
infoxlm_base,microsoft/infoxlm-base,7,Reversed,356,0.9280000925064087
infoxlm_base,microsoft/infoxlm-base,7,Reversed,357,0.9325296878814697
infoxlm_base,microsoft/infoxlm-base,7,Reversed,358,0.9193156957626343
infoxlm_base,microsoft/infoxlm-base,7,Reversed,359,0.9122092127799988
infoxlm_base,microsoft/infoxlm-base,7,Reversed,360,0.9161993265151978
infoxlm_base,microsoft/infoxlm-base,7,Reversed,361,0.895209014415741
infoxlm_base,microsoft/infoxlm-base,7,Reversed,362,0.9620044231414795
infoxlm_base,microsoft/infoxlm-base,7,Reversed,363,0.9490971565246582
infoxlm_base,microsoft/infoxlm-base,7,Reversed,364,0.9304540157318115
infoxlm_base,microsoft/infoxlm-base,7,Reversed,365,0.9178121089935303
infoxlm_base,microsoft/infoxlm-base,7,Reversed,366,0.9587583541870117
infoxlm_base,microsoft/infoxlm-base,7,Reversed,367,0.9088274836540222
infoxlm_base,microsoft/infoxlm-base,7,Reversed,368,0.9257533550262451
infoxlm_base,microsoft/infoxlm-base,7,Reversed,369,0.9242802858352661
infoxlm_base,microsoft/infoxlm-base,7,Reversed,370,0.9317642450332642
infoxlm_base,microsoft/infoxlm-base,7,Reversed,371,0.9581151604652405
infoxlm_base,microsoft/infoxlm-base,7,Reversed,372,0.9141461849212646
infoxlm_base,microsoft/infoxlm-base,7,Reversed,373,0.912696123123169
infoxlm_base,microsoft/infoxlm-base,7,Reversed,374,0.902625560760498
infoxlm_base,microsoft/infoxlm-base,7,Reversed,375,0.898550808429718
infoxlm_base,microsoft/infoxlm-base,7,Reversed,376,0.9374566078186035
infoxlm_base,microsoft/infoxlm-base,7,Reversed,377,0.9403125047683716
infoxlm_base,microsoft/infoxlm-base,7,Reversed,378,0.9680678844451904
infoxlm_base,microsoft/infoxlm-base,7,Reversed,379,0.8963823914527893
infoxlm_base,microsoft/infoxlm-base,7,Reversed,380,0.8949740529060364
infoxlm_base,microsoft/infoxlm-base,7,Reversed,381,0.925381064414978
infoxlm_base,microsoft/infoxlm-base,7,Reversed,382,0.9208600521087646
infoxlm_base,microsoft/infoxlm-base,7,Reversed,383,0.9220823645591736
infoxlm_base,microsoft/infoxlm-base,7,Reversed,384,0.9314935803413391
infoxlm_base,microsoft/infoxlm-base,7,Reversed,385,0.9108893275260925
infoxlm_base,microsoft/infoxlm-base,7,Reversed,386,0.9074873924255371
infoxlm_base,microsoft/infoxlm-base,7,Reversed,387,0.90699702501297
infoxlm_base,microsoft/infoxlm-base,7,Reversed,388,0.9644028544425964
infoxlm_base,microsoft/infoxlm-base,7,Reversed,389,0.9155330061912537
infoxlm_base,microsoft/infoxlm-base,7,Reversed,390,0.9088003635406494
infoxlm_base,microsoft/infoxlm-base,7,Reversed,391,0.9252599477767944
infoxlm_base,microsoft/infoxlm-base,7,Reversed,392,0.9155572652816772
infoxlm_base,microsoft/infoxlm-base,7,Reversed,393,0.9139726161956787
infoxlm_base,microsoft/infoxlm-base,7,Reversed,394,0.9329267740249634
infoxlm_base,microsoft/infoxlm-base,7,Reversed,395,0.8405919075012207
infoxlm_base,microsoft/infoxlm-base,7,Reversed,396,0.8830552697181702
infoxlm_base,microsoft/infoxlm-base,7,Reversed,397,0.9529957175254822
infoxlm_base,microsoft/infoxlm-base,7,Reversed,398,0.8964205980300903
infoxlm_base,microsoft/infoxlm-base,7,Reversed,399,0.9123594760894775
infoxlm_base,microsoft/infoxlm-base,7,Reversed,400,0.8894649147987366
infoxlm_base,microsoft/infoxlm-base,7,Reversed,401,0.9097585082054138
infoxlm_base,microsoft/infoxlm-base,7,Reversed,402,0.9385247230529785
infoxlm_base,microsoft/infoxlm-base,7,Reversed,403,0.9595667123794556
infoxlm_base,microsoft/infoxlm-base,7,Reversed,404,0.9282101988792419
infoxlm_base,microsoft/infoxlm-base,7,Reversed,405,0.9307085871696472
infoxlm_base,microsoft/infoxlm-base,7,Reversed,406,0.9250109791755676
infoxlm_base,microsoft/infoxlm-base,7,Reversed,407,0.8968115448951721
infoxlm_base,microsoft/infoxlm-base,7,Reversed,408,0.9441339373588562
infoxlm_base,microsoft/infoxlm-base,7,Reversed,409,0.9671391248703003
infoxlm_base,microsoft/infoxlm-base,7,Reversed,410,0.9286478161811829
infoxlm_base,microsoft/infoxlm-base,7,Reversed,411,0.9117110967636108
infoxlm_base,microsoft/infoxlm-base,7,Reversed,412,0.918234646320343
infoxlm_base,microsoft/infoxlm-base,7,Reversed,413,0.9342488646507263
infoxlm_base,microsoft/infoxlm-base,7,Reversed,414,0.9237743616104126
infoxlm_base,microsoft/infoxlm-base,7,Reversed,415,0.929670512676239
infoxlm_base,microsoft/infoxlm-base,7,Reversed,416,0.928756594657898
infoxlm_base,microsoft/infoxlm-base,7,Reversed,417,0.930528461933136
infoxlm_base,microsoft/infoxlm-base,7,Reversed,418,0.9251843094825745
infoxlm_base,microsoft/infoxlm-base,7,Reversed,419,0.9178388714790344
infoxlm_base,microsoft/infoxlm-base,7,Reversed,420,0.9235910177230835
infoxlm_base,microsoft/infoxlm-base,7,Reversed,421,0.9110032916069031
infoxlm_base,microsoft/infoxlm-base,7,Reversed,422,0.9088356494903564
infoxlm_base,microsoft/infoxlm-base,7,Reversed,423,0.9030116200447083
infoxlm_base,microsoft/infoxlm-base,7,Reversed,424,0.9027064442634583
infoxlm_base,microsoft/infoxlm-base,7,Reversed,425,0.9659900069236755
infoxlm_base,microsoft/infoxlm-base,7,Reversed,426,0.9090332984924316
infoxlm_base,microsoft/infoxlm-base,7,Reversed,427,0.909691333770752
infoxlm_base,microsoft/infoxlm-base,7,Reversed,428,0.9376249313354492
infoxlm_base,microsoft/infoxlm-base,7,Reversed,429,0.9294483661651611
infoxlm_base,microsoft/infoxlm-base,7,Reversed,430,0.928101658821106
infoxlm_base,microsoft/infoxlm-base,7,Reversed,431,0.9155921339988708
infoxlm_base,microsoft/infoxlm-base,7,Reversed,432,0.9312528967857361
infoxlm_base,microsoft/infoxlm-base,7,Reversed,433,0.939098060131073
infoxlm_base,microsoft/infoxlm-base,7,Reversed,434,0.9110162258148193
infoxlm_base,microsoft/infoxlm-base,7,Reversed,435,0.9237632751464844
infoxlm_base,microsoft/infoxlm-base,7,Reversed,436,0.9101539850234985
infoxlm_base,microsoft/infoxlm-base,7,Reversed,437,0.9381052851676941
infoxlm_base,microsoft/infoxlm-base,7,Reversed,438,0.9246870875358582
infoxlm_base,microsoft/infoxlm-base,7,Reversed,439,0.9371110796928406
infoxlm_base,microsoft/infoxlm-base,7,Reversed,440,0.9563766717910767
infoxlm_base,microsoft/infoxlm-base,7,Reversed,441,0.9185431599617004
infoxlm_base,microsoft/infoxlm-base,7,Reversed,442,0.9300692081451416
infoxlm_base,microsoft/infoxlm-base,7,Reversed,443,0.9224858283996582
infoxlm_base,microsoft/infoxlm-base,7,Reversed,444,0.8955052495002747
infoxlm_base,microsoft/infoxlm-base,7,Reversed,445,0.9217939376831055
infoxlm_base,microsoft/infoxlm-base,7,Reversed,446,0.9121575951576233
infoxlm_base,microsoft/infoxlm-base,7,Reversed,447,0.9628036618232727
infoxlm_base,microsoft/infoxlm-base,7,Reversed,448,0.8963465094566345
infoxlm_base,microsoft/infoxlm-base,7,Reversed,449,0.9137749075889587
infoxlm_base,microsoft/infoxlm-base,7,Reversed,450,0.921136200428009
infoxlm_base,microsoft/infoxlm-base,7,Reversed,451,0.9323801398277283
infoxlm_base,microsoft/infoxlm-base,7,Reversed,452,0.9539343118667603
infoxlm_base,microsoft/infoxlm-base,7,Reversed,453,0.9264634847640991
infoxlm_base,microsoft/infoxlm-base,7,Reversed,454,0.9081716537475586
infoxlm_base,microsoft/infoxlm-base,7,Reversed,455,0.9164524078369141
infoxlm_base,microsoft/infoxlm-base,7,Reversed,456,0.9344754219055176
infoxlm_base,microsoft/infoxlm-base,7,Reversed,457,0.9230061769485474
infoxlm_base,microsoft/infoxlm-base,7,Reversed,458,0.9269917607307434
infoxlm_base,microsoft/infoxlm-base,7,Reversed,459,0.965194046497345
infoxlm_base,microsoft/infoxlm-base,7,Reversed,460,0.9287075996398926
infoxlm_base,microsoft/infoxlm-base,7,Reversed,461,0.9270191788673401
infoxlm_base,microsoft/infoxlm-base,7,Reversed,462,0.9102540016174316
infoxlm_base,microsoft/infoxlm-base,7,Reversed,463,0.9228044152259827
infoxlm_base,microsoft/infoxlm-base,7,Reversed,464,0.9444246292114258
infoxlm_base,microsoft/infoxlm-base,7,Reversed,465,0.9159103631973267
infoxlm_base,microsoft/infoxlm-base,7,Reversed,466,0.9155966639518738
infoxlm_base,microsoft/infoxlm-base,7,Reversed,467,0.8930065035820007
infoxlm_base,microsoft/infoxlm-base,7,Reversed,468,0.929722011089325
infoxlm_base,microsoft/infoxlm-base,7,Reversed,469,0.9210278391838074
infoxlm_base,microsoft/infoxlm-base,7,Reversed,470,0.898757815361023
infoxlm_base,microsoft/infoxlm-base,7,Reversed,471,0.9242815375328064
infoxlm_base,microsoft/infoxlm-base,7,Reversed,472,0.8935502767562866
infoxlm_base,microsoft/infoxlm-base,7,Reversed,473,0.8731006383895874
infoxlm_base,microsoft/infoxlm-base,7,Reversed,474,0.9502744674682617
infoxlm_base,microsoft/infoxlm-base,7,Reversed,475,0.9677406549453735
infoxlm_base,microsoft/infoxlm-base,7,Reversed,476,0.9485132098197937
infoxlm_base,microsoft/infoxlm-base,7,Reversed,477,0.9326673746109009
infoxlm_base,microsoft/infoxlm-base,7,Reversed,478,0.9053486585617065
infoxlm_base,microsoft/infoxlm-base,7,Reversed,479,0.9555960893630981
infoxlm_base,microsoft/infoxlm-base,7,Reversed,480,0.9269732236862183
infoxlm_base,microsoft/infoxlm-base,7,Reversed,481,0.9084069728851318
infoxlm_base,microsoft/infoxlm-base,7,Reversed,482,0.9182876944541931
infoxlm_base,microsoft/infoxlm-base,7,Reversed,483,0.9268285632133484
infoxlm_base,microsoft/infoxlm-base,7,Reversed,484,0.9252471327781677
infoxlm_base,microsoft/infoxlm-base,7,Reversed,485,0.9211792349815369
infoxlm_base,microsoft/infoxlm-base,7,Reversed,486,0.9218652248382568
infoxlm_base,microsoft/infoxlm-base,7,Reversed,487,0.9336469173431396
infoxlm_base,microsoft/infoxlm-base,7,Reversed,488,0.9383283853530884
infoxlm_base,microsoft/infoxlm-base,7,Reversed,489,0.9160429239273071
infoxlm_base,microsoft/infoxlm-base,7,Reversed,490,0.9199836850166321
infoxlm_base,microsoft/infoxlm-base,7,Reversed,491,0.9247844219207764
infoxlm_base,microsoft/infoxlm-base,7,Reversed,492,0.9281948804855347
infoxlm_base,microsoft/infoxlm-base,7,Reversed,493,0.9703618288040161
infoxlm_base,microsoft/infoxlm-base,7,Reversed,494,0.9170188307762146
infoxlm_base,microsoft/infoxlm-base,7,Reversed,495,0.9240666031837463
infoxlm_base,microsoft/infoxlm-base,7,Reversed,496,0.9254223704338074
infoxlm_base,microsoft/infoxlm-base,7,Reversed,497,0.8954789638519287
infoxlm_base,microsoft/infoxlm-base,7,Reversed,498,0.9384725689888
infoxlm_base,microsoft/infoxlm-base,7,Reversed,499,0.9278958439826965
infoxlm_base,microsoft/infoxlm-base,7,Reversed,500,0.9613937139511108
infoxlm_base,microsoft/infoxlm-base,7,Reversed,501,0.9404827356338501
infoxlm_base,microsoft/infoxlm-base,7,Reversed,502,0.9172632694244385
infoxlm_base,microsoft/infoxlm-base,7,Reversed,503,0.9257493615150452
infoxlm_base,microsoft/infoxlm-base,7,Reversed,504,0.9060269594192505
infoxlm_base,microsoft/infoxlm-base,7,Reversed,505,0.9186177849769592
infoxlm_base,microsoft/infoxlm-base,7,Reversed,506,0.9100884199142456
infoxlm_base,microsoft/infoxlm-base,7,Reversed,507,0.9080886840820312
infoxlm_base,microsoft/infoxlm-base,7,Reversed,508,0.9036084413528442
infoxlm_base,microsoft/infoxlm-base,7,Reversed,509,0.9243308305740356
infoxlm_base,microsoft/infoxlm-base,7,Reversed,510,0.953910231590271
infoxlm_base,microsoft/infoxlm-base,7,Reversed,511,0.9241272211074829
infoxlm_base,microsoft/infoxlm-base,7,Reversed,512,0.9490818381309509
infoxlm_base,microsoft/infoxlm-base,7,Reversed,513,0.9218395352363586
infoxlm_base,microsoft/infoxlm-base,7,Reversed,514,0.8935436010360718
infoxlm_base,microsoft/infoxlm-base,7,Reversed,515,0.9367451667785645
infoxlm_base,microsoft/infoxlm-base,7,Reversed,516,0.904255211353302
infoxlm_base,microsoft/infoxlm-base,7,Reversed,517,0.9101731777191162
infoxlm_base,microsoft/infoxlm-base,7,Reversed,518,0.9342367053031921
infoxlm_base,microsoft/infoxlm-base,7,Reversed,519,0.9374054074287415
infoxlm_base,microsoft/infoxlm-base,7,Reversed,520,0.9286314249038696
infoxlm_base,microsoft/infoxlm-base,7,Reversed,521,0.9717363119125366
infoxlm_base,microsoft/infoxlm-base,7,Reversed,522,0.938420832157135
infoxlm_base,microsoft/infoxlm-base,7,Reversed,523,0.9347615242004395
infoxlm_base,microsoft/infoxlm-base,7,Reversed,524,0.9266948699951172
infoxlm_base,microsoft/infoxlm-base,7,Reversed,525,0.9253631830215454
infoxlm_base,microsoft/infoxlm-base,7,Reversed,526,0.9267444014549255
infoxlm_base,microsoft/infoxlm-base,7,Reversed,527,0.9173848628997803
infoxlm_base,microsoft/infoxlm-base,7,Reversed,528,0.9030328989028931
infoxlm_base,microsoft/infoxlm-base,7,Reversed,529,0.9125347137451172
infoxlm_base,microsoft/infoxlm-base,7,Reversed,530,0.9332839846611023
infoxlm_base,microsoft/infoxlm-base,7,Reversed,531,0.9249807596206665
infoxlm_base,microsoft/infoxlm-base,7,Reversed,532,0.9318670034408569
infoxlm_base,microsoft/infoxlm-base,7,Reversed,533,0.9114856123924255
infoxlm_base,microsoft/infoxlm-base,7,Reversed,534,0.9284228086471558
infoxlm_base,microsoft/infoxlm-base,7,Reversed,535,0.9290480017662048
infoxlm_base,microsoft/infoxlm-base,7,Reversed,536,0.9226959943771362
infoxlm_base,microsoft/infoxlm-base,7,Reversed,537,0.9389336109161377
infoxlm_base,microsoft/infoxlm-base,7,Reversed,538,0.9182071089744568
infoxlm_base,microsoft/infoxlm-base,7,Reversed,539,0.9186570644378662
infoxlm_base,microsoft/infoxlm-base,7,Reversed,540,0.9002132415771484
infoxlm_base,microsoft/infoxlm-base,7,Reversed,541,0.9006332159042358
infoxlm_base,microsoft/infoxlm-base,7,Reversed,542,0.86131751537323
infoxlm_base,microsoft/infoxlm-base,7,Reversed,543,0.9573725461959839
infoxlm_base,microsoft/infoxlm-base,7,Reversed,544,0.932529091835022
infoxlm_base,microsoft/infoxlm-base,7,Reversed,545,0.931107759475708
infoxlm_base,microsoft/infoxlm-base,7,Reversed,546,0.920471727848053
infoxlm_base,microsoft/infoxlm-base,7,Reversed,547,0.8925255537033081
infoxlm_base,microsoft/infoxlm-base,7,Reversed,548,0.8690613508224487
infoxlm_base,microsoft/infoxlm-base,7,Reversed,549,0.9125992655754089
infoxlm_base,microsoft/infoxlm-base,7,Reversed,550,0.8985097408294678
infoxlm_base,microsoft/infoxlm-base,7,Reversed,551,0.9202179312705994
infoxlm_base,microsoft/infoxlm-base,7,Reversed,552,0.900386393070221
infoxlm_base,microsoft/infoxlm-base,7,Reversed,553,0.8864259719848633
infoxlm_base,microsoft/infoxlm-base,7,Reversed,554,0.9218462705612183
infoxlm_base,microsoft/infoxlm-base,7,Reversed,555,0.8917179107666016
infoxlm_base,microsoft/infoxlm-base,7,Reversed,556,0.9694936275482178
infoxlm_base,microsoft/infoxlm-base,7,Reversed,557,0.9282079935073853
infoxlm_base,microsoft/infoxlm-base,7,Reversed,558,0.8988234400749207
infoxlm_base,microsoft/infoxlm-base,7,Reversed,559,0.9291301965713501
infoxlm_base,microsoft/infoxlm-base,7,Reversed,560,0.9594969749450684
infoxlm_base,microsoft/infoxlm-base,7,Reversed,561,0.911801815032959
infoxlm_base,microsoft/infoxlm-base,7,Reversed,562,0.9239328503608704
infoxlm_base,microsoft/infoxlm-base,7,Reversed,563,0.9292497038841248
infoxlm_base,microsoft/infoxlm-base,7,Reversed,564,0.9112243056297302
infoxlm_base,microsoft/infoxlm-base,7,Reversed,565,0.9209638833999634
infoxlm_base,microsoft/infoxlm-base,7,Reversed,566,0.9631232619285583
infoxlm_base,microsoft/infoxlm-base,7,Reversed,567,0.9120650887489319
infoxlm_base,microsoft/infoxlm-base,7,Reversed,568,0.8964338898658752
infoxlm_base,microsoft/infoxlm-base,7,Reversed,569,0.9558500051498413
infoxlm_base,microsoft/infoxlm-base,7,Reversed,570,0.9699434041976929
infoxlm_base,microsoft/infoxlm-base,7,Reversed,571,0.9261704683303833
infoxlm_base,microsoft/infoxlm-base,7,Reversed,572,0.9288236498832703
infoxlm_base,microsoft/infoxlm-base,7,Reversed,573,0.9340395927429199
infoxlm_base,microsoft/infoxlm-base,7,Reversed,574,0.9163535237312317
infoxlm_base,microsoft/infoxlm-base,7,Reversed,575,0.8968274593353271
infoxlm_base,microsoft/infoxlm-base,7,Reversed,576,0.9202789664268494
infoxlm_base,microsoft/infoxlm-base,7,Reversed,577,0.948931097984314
infoxlm_base,microsoft/infoxlm-base,7,Reversed,578,0.9116181135177612
infoxlm_base,microsoft/infoxlm-base,7,Reversed,579,0.9253416061401367
infoxlm_base,microsoft/infoxlm-base,7,Reversed,580,0.9293755888938904
infoxlm_base,microsoft/infoxlm-base,7,Reversed,581,0.9176921248435974
infoxlm_base,microsoft/infoxlm-base,7,Reversed,582,0.9286781549453735
infoxlm_base,microsoft/infoxlm-base,7,Reversed,583,0.9225417375564575
infoxlm_base,microsoft/infoxlm-base,7,Reversed,584,0.9645088911056519
infoxlm_base,microsoft/infoxlm-base,7,Reversed,585,0.907103419303894
infoxlm_base,microsoft/infoxlm-base,7,Reversed,586,0.9206042289733887
infoxlm_base,microsoft/infoxlm-base,7,Reversed,587,0.930946946144104
infoxlm_base,microsoft/infoxlm-base,7,Reversed,588,0.9029530882835388
infoxlm_base,microsoft/infoxlm-base,7,Reversed,589,0.9746291637420654
infoxlm_base,microsoft/infoxlm-base,7,Reversed,590,0.9466015100479126
infoxlm_base,microsoft/infoxlm-base,7,Reversed,591,0.9056272506713867
infoxlm_base,microsoft/infoxlm-base,7,Reversed,592,0.9417640566825867
infoxlm_base,microsoft/infoxlm-base,7,Reversed,593,0.9346269369125366
infoxlm_base,microsoft/infoxlm-base,7,Reversed,594,0.9298418164253235
infoxlm_base,microsoft/infoxlm-base,7,Reversed,595,0.9513798356056213
infoxlm_base,microsoft/infoxlm-base,7,Reversed,596,0.9435845613479614
infoxlm_base,microsoft/infoxlm-base,7,Reversed,597,0.9249150156974792
infoxlm_base,microsoft/infoxlm-base,7,Reversed,598,0.9118629097938538
infoxlm_base,microsoft/infoxlm-base,7,Reversed,599,0.9607969522476196
infoxlm_base,microsoft/infoxlm-base,7,Reversed,600,0.91838139295578
infoxlm_base,microsoft/infoxlm-base,7,Reversed,601,0.911069393157959
infoxlm_base,microsoft/infoxlm-base,7,Reversed,602,0.895851194858551
infoxlm_base,microsoft/infoxlm-base,7,Reversed,603,0.9163686037063599
infoxlm_base,microsoft/infoxlm-base,7,Reversed,604,0.9345228672027588
infoxlm_base,microsoft/infoxlm-base,7,Reversed,605,0.9146764278411865
infoxlm_base,microsoft/infoxlm-base,7,Reversed,606,0.9244428873062134
infoxlm_base,microsoft/infoxlm-base,7,Reversed,607,0.9334114789962769
infoxlm_base,microsoft/infoxlm-base,7,Reversed,608,0.896946132183075
infoxlm_base,microsoft/infoxlm-base,7,Reversed,609,0.9427942633628845
infoxlm_base,microsoft/infoxlm-base,7,Reversed,610,0.92041015625
infoxlm_base,microsoft/infoxlm-base,7,Reversed,611,0.8889829516410828
infoxlm_base,microsoft/infoxlm-base,7,Reversed,612,0.9037023186683655
infoxlm_base,microsoft/infoxlm-base,7,Reversed,613,0.9148300886154175
infoxlm_base,microsoft/infoxlm-base,7,Reversed,614,0.937174916267395
infoxlm_base,microsoft/infoxlm-base,7,Reversed,615,0.9784181714057922
infoxlm_base,microsoft/infoxlm-base,7,Reversed,616,0.9546794891357422
infoxlm_base,microsoft/infoxlm-base,7,Reversed,617,0.913657009601593
infoxlm_base,microsoft/infoxlm-base,7,Reversed,618,0.9153224229812622
infoxlm_base,microsoft/infoxlm-base,7,Reversed,619,0.9151467084884644
infoxlm_base,microsoft/infoxlm-base,7,Reversed,620,0.9745082855224609
infoxlm_base,microsoft/infoxlm-base,7,Reversed,621,0.9235244393348694
infoxlm_base,microsoft/infoxlm-base,7,Reversed,622,0.9593467712402344
infoxlm_base,microsoft/infoxlm-base,7,Reversed,623,0.9230653643608093
infoxlm_base,microsoft/infoxlm-base,7,Reversed,624,0.9171379804611206
infoxlm_base,microsoft/infoxlm-base,7,Reversed,625,0.9038344025611877
infoxlm_base,microsoft/infoxlm-base,7,Reversed,626,0.9616231322288513
