model,hf_id,layer,perturbation,sentence_idx,similarity_cosine
nllb200_1B,facebook/nllb-200-1.3B,17,contentwords,0,0.9130210876464844
nllb200_1B,facebook/nllb-200-1.3B,17,contentwords,1,0.7986265420913696
nllb200_1B,facebook/nllb-200-1.3B,17,contentwords,2,0.9192492961883545
nllb200_1B,facebook/nllb-200-1.3B,17,contentwords,3,0.9309325218200684
nllb200_1B,facebook/nllb-200-1.3B,17,contentwords,4,0.9458224773406982
nllb200_1B,facebook/nllb-200-1.3B,17,contentwords,5,0.9444164037704468
nllb200_1B,facebook/nllb-200-1.3B,17,contentwords,6,0.6802089214324951
nllb200_1B,facebook/nllb-200-1.3B,17,contentwords,7,0.9355319738388062
nllb200_1B,facebook/nllb-200-1.3B,17,contentwords,8,0.9426038265228271
nllb200_1B,facebook/nllb-200-1.3B,17,contentwords,9,0.927730143070221
nllb200_1B,facebook/nllb-200-1.3B,17,contentwords,10,0.9389370679855347
nllb200_1B,facebook/nllb-200-1.3B,17,contentwords,11,0.9649942517280579
nllb200_1B,facebook/nllb-200-1.3B,17,contentwords,12,0.7812146544456482
nllb200_1B,facebook/nllb-200-1.3B,17,contentwords,13,0.7517684698104858
nllb200_1B,facebook/nllb-200-1.3B,17,contentwords,14,0.7762635946273804
nllb200_1B,facebook/nllb-200-1.3B,17,contentwords,15,0.7580775022506714
nllb200_1B,facebook/nllb-200-1.3B,17,contentwords,16,0.9337360858917236
nllb200_1B,facebook/nllb-200-1.3B,17,contentwords,17,0.9377450942993164
nllb200_1B,facebook/nllb-200-1.3B,17,contentwords,18,0.7119828462600708
nllb200_1B,facebook/nllb-200-1.3B,17,contentwords,19,0.9432792663574219
nllb200_1B,facebook/nllb-200-1.3B,17,contentwords,20,0.9578014016151428
nllb200_1B,facebook/nllb-200-1.3B,17,contentwords,21,0.9439688920974731
nllb200_1B,facebook/nllb-200-1.3B,17,contentwords,22,0.9599136710166931
nllb200_1B,facebook/nllb-200-1.3B,17,contentwords,23,0.9426602125167847
nllb200_1B,facebook/nllb-200-1.3B,17,contentwords,24,0.9527448415756226
nllb200_1B,facebook/nllb-200-1.3B,17,contentwords,25,0.9432272911071777
nllb200_1B,facebook/nllb-200-1.3B,17,contentwords,26,0.9445203542709351
nllb200_1B,facebook/nllb-200-1.3B,17,contentwords,27,0.9368679523468018
nllb200_1B,facebook/nllb-200-1.3B,17,contentwords,28,0.9513823986053467
nllb200_1B,facebook/nllb-200-1.3B,17,contentwords,29,0.9323686361312866
nllb200_1B,facebook/nllb-200-1.3B,17,contentwords,30,0.9083307981491089
nllb200_1B,facebook/nllb-200-1.3B,17,contentwords,31,0.9413400888442993
nllb200_1B,facebook/nllb-200-1.3B,17,contentwords,32,0.9302292466163635
nllb200_1B,facebook/nllb-200-1.3B,17,contentwords,33,0.9182985424995422
nllb200_1B,facebook/nllb-200-1.3B,17,contentwords,34,0.9392567873001099
nllb200_1B,facebook/nllb-200-1.3B,17,contentwords,35,0.7179758548736572
nllb200_1B,facebook/nllb-200-1.3B,17,contentwords,36,0.924983561038971
nllb200_1B,facebook/nllb-200-1.3B,17,contentwords,37,0.9137604236602783
nllb200_1B,facebook/nllb-200-1.3B,17,contentwords,38,0.9436386823654175
nllb200_1B,facebook/nllb-200-1.3B,17,contentwords,39,0.928337812423706
nllb200_1B,facebook/nllb-200-1.3B,17,contentwords,40,0.836959958076477
nllb200_1B,facebook/nllb-200-1.3B,17,contentwords,41,0.9517147541046143
nllb200_1B,facebook/nllb-200-1.3B,17,contentwords,42,0.8505001664161682
nllb200_1B,facebook/nllb-200-1.3B,17,contentwords,43,0.9547651410102844
nllb200_1B,facebook/nllb-200-1.3B,17,contentwords,44,0.9582238793373108
nllb200_1B,facebook/nllb-200-1.3B,17,contentwords,45,0.947395920753479
nllb200_1B,facebook/nllb-200-1.3B,17,contentwords,46,0.9537166357040405
nllb200_1B,facebook/nllb-200-1.3B,17,contentwords,47,0.9539138078689575
nllb200_1B,facebook/nllb-200-1.3B,17,contentwords,48,0.9122486114501953
nllb200_1B,facebook/nllb-200-1.3B,17,contentwords,49,0.8212538361549377
nllb200_1B,facebook/nllb-200-1.3B,17,contentwords,50,0.7653021216392517
nllb200_1B,facebook/nllb-200-1.3B,17,contentwords,51,0.963782787322998
nllb200_1B,facebook/nllb-200-1.3B,17,contentwords,52,0.9411965608596802
nllb200_1B,facebook/nllb-200-1.3B,17,contentwords,53,0.7476305365562439
nllb200_1B,facebook/nllb-200-1.3B,17,contentwords,54,0.9512302875518799
nllb200_1B,facebook/nllb-200-1.3B,17,contentwords,55,0.9558926820755005
nllb200_1B,facebook/nllb-200-1.3B,17,contentwords,56,0.9544957876205444
nllb200_1B,facebook/nllb-200-1.3B,17,contentwords,57,0.8187103271484375
nllb200_1B,facebook/nllb-200-1.3B,17,contentwords,58,0.8114794492721558
nllb200_1B,facebook/nllb-200-1.3B,17,contentwords,59,0.9555314779281616
nllb200_1B,facebook/nllb-200-1.3B,17,contentwords,60,0.9611796140670776
nllb200_1B,facebook/nllb-200-1.3B,17,contentwords,61,0.934601902961731
nllb200_1B,facebook/nllb-200-1.3B,17,contentwords,62,0.8874167799949646
nllb200_1B,facebook/nllb-200-1.3B,17,contentwords,63,0.9101699590682983
nllb200_1B,facebook/nllb-200-1.3B,17,contentwords,64,0.9267569184303284
nllb200_1B,facebook/nllb-200-1.3B,17,contentwords,65,0.7725533843040466
nllb200_1B,facebook/nllb-200-1.3B,17,contentwords,66,0.9159339666366577
nllb200_1B,facebook/nllb-200-1.3B,17,contentwords,67,0.9544854760169983
nllb200_1B,facebook/nllb-200-1.3B,17,contentwords,68,0.9519710540771484
nllb200_1B,facebook/nllb-200-1.3B,17,contentwords,69,0.7519897222518921
nllb200_1B,facebook/nllb-200-1.3B,17,contentwords,70,0.9524874091148376
nllb200_1B,facebook/nllb-200-1.3B,17,contentwords,71,0.9543318152427673
nllb200_1B,facebook/nllb-200-1.3B,17,contentwords,72,0.9580686092376709
nllb200_1B,facebook/nllb-200-1.3B,17,contentwords,73,0.9102176427841187
nllb200_1B,facebook/nllb-200-1.3B,17,contentwords,74,0.9530631303787231
nllb200_1B,facebook/nllb-200-1.3B,17,contentwords,75,0.9351937770843506
nllb200_1B,facebook/nllb-200-1.3B,17,contentwords,76,0.6852623224258423
nllb200_1B,facebook/nllb-200-1.3B,17,contentwords,77,0.9542350769042969
nllb200_1B,facebook/nllb-200-1.3B,17,contentwords,78,0.8521007299423218
nllb200_1B,facebook/nllb-200-1.3B,17,contentwords,79,0.9174153804779053
nllb200_1B,facebook/nllb-200-1.3B,17,contentwords,80,0.9510243535041809
nllb200_1B,facebook/nllb-200-1.3B,17,contentwords,81,0.8266912698745728
nllb200_1B,facebook/nllb-200-1.3B,17,contentwords,82,0.9248322248458862
nllb200_1B,facebook/nllb-200-1.3B,17,contentwords,83,0.7890100479125977
nllb200_1B,facebook/nllb-200-1.3B,17,contentwords,84,0.9483282566070557
nllb200_1B,facebook/nllb-200-1.3B,17,contentwords,85,0.9260295629501343
nllb200_1B,facebook/nllb-200-1.3B,17,contentwords,86,0.9387673139572144
nllb200_1B,facebook/nllb-200-1.3B,17,contentwords,87,0.810364305973053
nllb200_1B,facebook/nllb-200-1.3B,17,contentwords,88,0.9499303102493286
nllb200_1B,facebook/nllb-200-1.3B,17,contentwords,89,0.8612041473388672
nllb200_1B,facebook/nllb-200-1.3B,17,contentwords,90,0.9128365516662598
nllb200_1B,facebook/nllb-200-1.3B,17,contentwords,91,0.9313170313835144
nllb200_1B,facebook/nllb-200-1.3B,17,contentwords,92,0.7380470633506775
nllb200_1B,facebook/nllb-200-1.3B,17,contentwords,93,0.7396605610847473
nllb200_1B,facebook/nllb-200-1.3B,17,contentwords,94,0.9311591386795044
nllb200_1B,facebook/nllb-200-1.3B,17,contentwords,95,0.9577154517173767
nllb200_1B,facebook/nllb-200-1.3B,17,contentwords,96,0.9195140600204468
nllb200_1B,facebook/nllb-200-1.3B,17,contentwords,97,0.9575055837631226
nllb200_1B,facebook/nllb-200-1.3B,17,contentwords,98,0.7901715040206909
nllb200_1B,facebook/nllb-200-1.3B,17,contentwords,99,0.9575996994972229
nllb200_1B,facebook/nllb-200-1.3B,17,contentwords,100,0.928646981716156
nllb200_1B,facebook/nllb-200-1.3B,17,contentwords,101,0.7980833053588867
nllb200_1B,facebook/nllb-200-1.3B,17,contentwords,102,0.7765190005302429
nllb200_1B,facebook/nllb-200-1.3B,17,contentwords,103,0.9342595338821411
nllb200_1B,facebook/nllb-200-1.3B,17,contentwords,104,0.9140627384185791
nllb200_1B,facebook/nllb-200-1.3B,17,contentwords,105,0.9543657302856445
nllb200_1B,facebook/nllb-200-1.3B,17,contentwords,106,0.9500095844268799
nllb200_1B,facebook/nllb-200-1.3B,17,contentwords,107,0.7975213527679443
nllb200_1B,facebook/nllb-200-1.3B,17,contentwords,108,0.9608779549598694
nllb200_1B,facebook/nllb-200-1.3B,17,contentwords,109,0.9409987330436707
nllb200_1B,facebook/nllb-200-1.3B,17,contentwords,110,0.9616600871086121
nllb200_1B,facebook/nllb-200-1.3B,17,contentwords,111,0.9513046741485596
nllb200_1B,facebook/nllb-200-1.3B,17,contentwords,112,0.9275763034820557
nllb200_1B,facebook/nllb-200-1.3B,17,contentwords,113,0.9252331852912903
nllb200_1B,facebook/nllb-200-1.3B,17,contentwords,114,0.9275534152984619
nllb200_1B,facebook/nllb-200-1.3B,17,contentwords,115,0.9468609094619751
nllb200_1B,facebook/nllb-200-1.3B,17,contentwords,116,0.8952887058258057
nllb200_1B,facebook/nllb-200-1.3B,17,contentwords,117,0.9335011839866638
nllb200_1B,facebook/nllb-200-1.3B,17,contentwords,118,0.9466871023178101
nllb200_1B,facebook/nllb-200-1.3B,17,contentwords,119,0.9629658460617065
nllb200_1B,facebook/nllb-200-1.3B,17,contentwords,120,0.9093309044837952
nllb200_1B,facebook/nllb-200-1.3B,17,contentwords,121,0.9009746313095093
nllb200_1B,facebook/nllb-200-1.3B,17,contentwords,122,0.9399189949035645
nllb200_1B,facebook/nllb-200-1.3B,17,contentwords,123,0.8242186307907104
nllb200_1B,facebook/nllb-200-1.3B,17,contentwords,124,0.9453887939453125
nllb200_1B,facebook/nllb-200-1.3B,17,contentwords,125,0.920883297920227
nllb200_1B,facebook/nllb-200-1.3B,17,contentwords,126,0.9273797869682312
nllb200_1B,facebook/nllb-200-1.3B,17,contentwords,127,0.7701636552810669
nllb200_1B,facebook/nllb-200-1.3B,17,contentwords,128,0.922089695930481
nllb200_1B,facebook/nllb-200-1.3B,17,contentwords,129,0.951765239238739
nllb200_1B,facebook/nllb-200-1.3B,17,contentwords,130,0.9509315490722656
nllb200_1B,facebook/nllb-200-1.3B,17,contentwords,131,0.9031062126159668
nllb200_1B,facebook/nllb-200-1.3B,17,contentwords,132,0.9101635217666626
nllb200_1B,facebook/nllb-200-1.3B,17,contentwords,133,0.9137868881225586
nllb200_1B,facebook/nllb-200-1.3B,17,contentwords,134,0.940750241279602
nllb200_1B,facebook/nllb-200-1.3B,17,contentwords,135,0.9311306476593018
nllb200_1B,facebook/nllb-200-1.3B,17,contentwords,136,0.9540942311286926
nllb200_1B,facebook/nllb-200-1.3B,17,contentwords,137,0.9296315312385559
nllb200_1B,facebook/nllb-200-1.3B,17,contentwords,138,0.8316677808761597
nllb200_1B,facebook/nllb-200-1.3B,17,contentwords,139,0.9237635135650635
nllb200_1B,facebook/nllb-200-1.3B,17,contentwords,140,0.9534885883331299
nllb200_1B,facebook/nllb-200-1.3B,17,contentwords,141,0.9292008876800537
nllb200_1B,facebook/nllb-200-1.3B,17,contentwords,142,0.9435927867889404
nllb200_1B,facebook/nllb-200-1.3B,17,contentwords,143,0.9032394886016846
nllb200_1B,facebook/nllb-200-1.3B,17,contentwords,144,0.7713678479194641
nllb200_1B,facebook/nllb-200-1.3B,17,contentwords,145,0.9423612356185913
nllb200_1B,facebook/nllb-200-1.3B,17,contentwords,146,0.9372997879981995
nllb200_1B,facebook/nllb-200-1.3B,17,contentwords,147,0.8212418556213379
nllb200_1B,facebook/nllb-200-1.3B,17,contentwords,148,0.9489838480949402
nllb200_1B,facebook/nllb-200-1.3B,17,contentwords,149,0.9519931077957153
nllb200_1B,facebook/nllb-200-1.3B,17,contentwords,150,0.9258233904838562
nllb200_1B,facebook/nllb-200-1.3B,17,contentwords,151,0.7156099081039429
nllb200_1B,facebook/nllb-200-1.3B,17,contentwords,152,0.941699743270874
nllb200_1B,facebook/nllb-200-1.3B,17,contentwords,153,0.9467768669128418
nllb200_1B,facebook/nllb-200-1.3B,17,contentwords,154,0.7123041152954102
nllb200_1B,facebook/nllb-200-1.3B,17,contentwords,155,0.9360260963439941
nllb200_1B,facebook/nllb-200-1.3B,17,contentwords,156,0.9631218314170837
nllb200_1B,facebook/nllb-200-1.3B,17,contentwords,157,0.9478590488433838
nllb200_1B,facebook/nllb-200-1.3B,17,contentwords,158,0.7924172878265381
nllb200_1B,facebook/nllb-200-1.3B,17,contentwords,159,0.9536766409873962
nllb200_1B,facebook/nllb-200-1.3B,17,contentwords,160,0.9122610688209534
nllb200_1B,facebook/nllb-200-1.3B,17,contentwords,161,0.9395362734794617
nllb200_1B,facebook/nllb-200-1.3B,17,contentwords,162,0.9119893908500671
nllb200_1B,facebook/nllb-200-1.3B,17,contentwords,163,0.7519017457962036
nllb200_1B,facebook/nllb-200-1.3B,17,contentwords,164,0.9254032373428345
nllb200_1B,facebook/nllb-200-1.3B,17,contentwords,165,0.957167387008667
nllb200_1B,facebook/nllb-200-1.3B,17,contentwords,166,0.9433568716049194
nllb200_1B,facebook/nllb-200-1.3B,17,contentwords,167,0.9374576807022095
nllb200_1B,facebook/nllb-200-1.3B,17,contentwords,168,0.9400758743286133
nllb200_1B,facebook/nllb-200-1.3B,17,contentwords,169,0.9521477222442627
nllb200_1B,facebook/nllb-200-1.3B,17,contentwords,170,0.9490325450897217
nllb200_1B,facebook/nllb-200-1.3B,17,contentwords,171,0.838688313961029
nllb200_1B,facebook/nllb-200-1.3B,17,contentwords,172,0.8957086801528931
nllb200_1B,facebook/nllb-200-1.3B,17,contentwords,173,0.7495853900909424
nllb200_1B,facebook/nllb-200-1.3B,17,contentwords,174,0.9502589702606201
nllb200_1B,facebook/nllb-200-1.3B,17,contentwords,175,0.9458093047142029
nllb200_1B,facebook/nllb-200-1.3B,17,contentwords,176,0.9188426733016968
nllb200_1B,facebook/nllb-200-1.3B,17,contentwords,177,0.7951996922492981
nllb200_1B,facebook/nllb-200-1.3B,17,contentwords,178,0.8832522630691528
nllb200_1B,facebook/nllb-200-1.3B,17,contentwords,179,0.8999302387237549
nllb200_1B,facebook/nllb-200-1.3B,17,contentwords,180,0.9065831303596497
nllb200_1B,facebook/nllb-200-1.3B,17,contentwords,181,0.6389312744140625
nllb200_1B,facebook/nllb-200-1.3B,17,contentwords,182,0.9463332891464233
nllb200_1B,facebook/nllb-200-1.3B,17,contentwords,183,0.9329697489738464
nllb200_1B,facebook/nllb-200-1.3B,17,contentwords,184,0.9304476976394653
nllb200_1B,facebook/nllb-200-1.3B,17,contentwords,185,0.8399122953414917
nllb200_1B,facebook/nllb-200-1.3B,17,contentwords,186,0.9091596603393555
nllb200_1B,facebook/nllb-200-1.3B,17,contentwords,187,0.7327597141265869
nllb200_1B,facebook/nllb-200-1.3B,17,contentwords,188,0.92433100938797
nllb200_1B,facebook/nllb-200-1.3B,17,contentwords,189,0.9395285844802856
nllb200_1B,facebook/nllb-200-1.3B,17,contentwords,190,0.8546386957168579
nllb200_1B,facebook/nllb-200-1.3B,17,contentwords,191,0.9222668409347534
nllb200_1B,facebook/nllb-200-1.3B,17,contentwords,192,0.9595739841461182
nllb200_1B,facebook/nllb-200-1.3B,17,contentwords,193,0.953015923500061
nllb200_1B,facebook/nllb-200-1.3B,17,contentwords,194,0.9453333616256714
nllb200_1B,facebook/nllb-200-1.3B,17,contentwords,195,0.8134415149688721
nllb200_1B,facebook/nllb-200-1.3B,17,contentwords,196,0.9439887404441833
nllb200_1B,facebook/nllb-200-1.3B,17,contentwords,197,0.7585323452949524
nllb200_1B,facebook/nllb-200-1.3B,17,contentwords,198,0.7853169441223145
nllb200_1B,facebook/nllb-200-1.3B,17,contentwords,199,0.9127525091171265
nllb200_1B,facebook/nllb-200-1.3B,17,contentwords,200,0.9420582056045532
nllb200_1B,facebook/nllb-200-1.3B,17,contentwords,201,0.9233745336532593
nllb200_1B,facebook/nllb-200-1.3B,17,contentwords,202,0.9567131400108337
nllb200_1B,facebook/nllb-200-1.3B,17,contentwords,203,0.9260280132293701
nllb200_1B,facebook/nllb-200-1.3B,17,contentwords,204,0.9497747421264648
nllb200_1B,facebook/nllb-200-1.3B,17,contentwords,205,0.9086096286773682
nllb200_1B,facebook/nllb-200-1.3B,17,contentwords,206,0.9170898199081421
nllb200_1B,facebook/nllb-200-1.3B,17,contentwords,207,0.9419346451759338
nllb200_1B,facebook/nllb-200-1.3B,17,contentwords,208,0.9194284677505493
nllb200_1B,facebook/nllb-200-1.3B,17,contentwords,209,0.9260603189468384
nllb200_1B,facebook/nllb-200-1.3B,17,contentwords,210,0.9326779842376709
nllb200_1B,facebook/nllb-200-1.3B,17,contentwords,211,0.9209896922111511
nllb200_1B,facebook/nllb-200-1.3B,17,contentwords,212,0.9353408813476562
nllb200_1B,facebook/nllb-200-1.3B,17,contentwords,213,0.923940896987915
nllb200_1B,facebook/nllb-200-1.3B,17,contentwords,214,0.9342679977416992
nllb200_1B,facebook/nllb-200-1.3B,17,contentwords,215,0.9423871636390686
nllb200_1B,facebook/nllb-200-1.3B,17,contentwords,216,0.7846747636795044
nllb200_1B,facebook/nllb-200-1.3B,17,contentwords,217,0.7961820960044861
nllb200_1B,facebook/nllb-200-1.3B,17,contentwords,218,0.9356932640075684
nllb200_1B,facebook/nllb-200-1.3B,17,contentwords,219,0.9289018511772156
nllb200_1B,facebook/nllb-200-1.3B,17,contentwords,220,0.945953905582428
nllb200_1B,facebook/nllb-200-1.3B,17,contentwords,221,0.9484047889709473
nllb200_1B,facebook/nllb-200-1.3B,17,contentwords,222,0.9573217034339905
nllb200_1B,facebook/nllb-200-1.3B,17,contentwords,223,0.7579044699668884
nllb200_1B,facebook/nllb-200-1.3B,17,contentwords,224,0.9517600536346436
nllb200_1B,facebook/nllb-200-1.3B,17,contentwords,225,0.8076436519622803
nllb200_1B,facebook/nllb-200-1.3B,17,contentwords,226,0.9574801325798035
nllb200_1B,facebook/nllb-200-1.3B,17,contentwords,227,0.9462295770645142
nllb200_1B,facebook/nllb-200-1.3B,17,contentwords,228,0.9369416236877441
nllb200_1B,facebook/nllb-200-1.3B,17,contentwords,229,0.9494520425796509
nllb200_1B,facebook/nllb-200-1.3B,17,contentwords,230,0.9428433179855347
nllb200_1B,facebook/nllb-200-1.3B,17,contentwords,231,0.7789990901947021
nllb200_1B,facebook/nllb-200-1.3B,17,contentwords,232,0.8032723665237427
nllb200_1B,facebook/nllb-200-1.3B,17,contentwords,233,0.937624454498291
nllb200_1B,facebook/nllb-200-1.3B,17,contentwords,234,0.9921733736991882
nllb200_1B,facebook/nllb-200-1.3B,17,contentwords,235,0.7921046018600464
nllb200_1B,facebook/nllb-200-1.3B,17,contentwords,236,0.745202362537384
nllb200_1B,facebook/nllb-200-1.3B,17,contentwords,237,0.7450028657913208
nllb200_1B,facebook/nllb-200-1.3B,17,contentwords,238,0.9474554061889648
nllb200_1B,facebook/nllb-200-1.3B,17,contentwords,239,0.7043356895446777
nllb200_1B,facebook/nllb-200-1.3B,17,contentwords,240,0.9507991075515747
nllb200_1B,facebook/nllb-200-1.3B,17,contentwords,241,0.9229928255081177
nllb200_1B,facebook/nllb-200-1.3B,17,contentwords,242,0.9313079118728638
nllb200_1B,facebook/nllb-200-1.3B,17,contentwords,243,0.8473242521286011
nllb200_1B,facebook/nllb-200-1.3B,17,contentwords,244,0.9489127397537231
nllb200_1B,facebook/nllb-200-1.3B,17,contentwords,245,0.9191709160804749
nllb200_1B,facebook/nllb-200-1.3B,17,contentwords,246,0.9508563280105591
nllb200_1B,facebook/nllb-200-1.3B,17,contentwords,247,0.932550311088562
nllb200_1B,facebook/nllb-200-1.3B,17,contentwords,248,0.8035920858383179
nllb200_1B,facebook/nllb-200-1.3B,17,contentwords,249,0.9554012417793274
nllb200_1B,facebook/nllb-200-1.3B,17,contentwords,250,0.9571099877357483
nllb200_1B,facebook/nllb-200-1.3B,17,contentwords,251,0.9553271532058716
nllb200_1B,facebook/nllb-200-1.3B,17,contentwords,252,0.9574247002601624
nllb200_1B,facebook/nllb-200-1.3B,17,contentwords,253,0.9465086460113525
nllb200_1B,facebook/nllb-200-1.3B,17,contentwords,254,0.6968604326248169
nllb200_1B,facebook/nllb-200-1.3B,17,contentwords,255,0.9561601877212524
nllb200_1B,facebook/nllb-200-1.3B,17,contentwords,256,0.9286006093025208
nllb200_1B,facebook/nllb-200-1.3B,17,contentwords,257,0.9437558650970459
nllb200_1B,facebook/nllb-200-1.3B,17,contentwords,258,0.9371687769889832
nllb200_1B,facebook/nllb-200-1.3B,17,contentwords,259,0.9470759630203247
nllb200_1B,facebook/nllb-200-1.3B,17,contentwords,260,0.8068152666091919
nllb200_1B,facebook/nllb-200-1.3B,17,contentwords,261,0.9249992370605469
nllb200_1B,facebook/nllb-200-1.3B,17,contentwords,262,0.8455616235733032
nllb200_1B,facebook/nllb-200-1.3B,17,contentwords,263,0.9184471964836121
nllb200_1B,facebook/nllb-200-1.3B,17,contentwords,264,0.8109886646270752
nllb200_1B,facebook/nllb-200-1.3B,17,contentwords,265,0.9097463488578796
nllb200_1B,facebook/nllb-200-1.3B,17,contentwords,266,0.9191960692405701
nllb200_1B,facebook/nllb-200-1.3B,17,contentwords,267,0.9266328811645508
nllb200_1B,facebook/nllb-200-1.3B,17,contentwords,268,0.9474217891693115
nllb200_1B,facebook/nllb-200-1.3B,17,contentwords,269,0.9429749250411987
nllb200_1B,facebook/nllb-200-1.3B,17,contentwords,270,0.9601315855979919
nllb200_1B,facebook/nllb-200-1.3B,17,contentwords,271,0.7348250150680542
nllb200_1B,facebook/nllb-200-1.3B,17,contentwords,272,0.9551936388015747
nllb200_1B,facebook/nllb-200-1.3B,17,contentwords,273,0.9651711583137512
nllb200_1B,facebook/nllb-200-1.3B,17,contentwords,274,0.726508617401123
nllb200_1B,facebook/nllb-200-1.3B,17,contentwords,275,0.9458743333816528
nllb200_1B,facebook/nllb-200-1.3B,17,contentwords,276,0.942379891872406
nllb200_1B,facebook/nllb-200-1.3B,17,contentwords,277,0.9401882886886597
nllb200_1B,facebook/nllb-200-1.3B,17,contentwords,278,0.9463294744491577
nllb200_1B,facebook/nllb-200-1.3B,17,contentwords,279,0.947983980178833
nllb200_1B,facebook/nllb-200-1.3B,17,contentwords,280,0.9490541219711304
nllb200_1B,facebook/nllb-200-1.3B,17,contentwords,281,0.9644818902015686
nllb200_1B,facebook/nllb-200-1.3B,17,contentwords,282,0.7858314514160156
nllb200_1B,facebook/nllb-200-1.3B,17,contentwords,283,0.9459643363952637
nllb200_1B,facebook/nllb-200-1.3B,17,contentwords,284,0.7309355735778809
nllb200_1B,facebook/nllb-200-1.3B,17,contentwords,285,0.9645035266876221
nllb200_1B,facebook/nllb-200-1.3B,17,contentwords,286,0.7927297353744507
nllb200_1B,facebook/nllb-200-1.3B,17,contentwords,287,0.7270547151565552
nllb200_1B,facebook/nllb-200-1.3B,17,contentwords,288,0.9361265301704407
nllb200_1B,facebook/nllb-200-1.3B,17,contentwords,289,0.8267384767532349
nllb200_1B,facebook/nllb-200-1.3B,17,contentwords,290,0.7406325340270996
nllb200_1B,facebook/nllb-200-1.3B,17,contentwords,291,0.9529756307601929
nllb200_1B,facebook/nllb-200-1.3B,17,contentwords,292,0.9480499029159546
nllb200_1B,facebook/nllb-200-1.3B,17,contentwords,293,0.9555845260620117
nllb200_1B,facebook/nllb-200-1.3B,17,contentwords,294,0.9431861639022827
nllb200_1B,facebook/nllb-200-1.3B,17,contentwords,295,0.8124448657035828
nllb200_1B,facebook/nllb-200-1.3B,17,contentwords,296,0.94474196434021
nllb200_1B,facebook/nllb-200-1.3B,17,contentwords,297,0.9477674961090088
nllb200_1B,facebook/nllb-200-1.3B,17,contentwords,298,0.9122133255004883
nllb200_1B,facebook/nllb-200-1.3B,17,contentwords,299,0.8242664337158203
nllb200_1B,facebook/nllb-200-1.3B,17,contentwords,300,0.9174978137016296
nllb200_1B,facebook/nllb-200-1.3B,17,contentwords,301,0.9462180137634277
nllb200_1B,facebook/nllb-200-1.3B,17,contentwords,302,0.9445624351501465
nllb200_1B,facebook/nllb-200-1.3B,17,contentwords,303,0.929006040096283
nllb200_1B,facebook/nllb-200-1.3B,17,contentwords,304,0.9340693950653076
nllb200_1B,facebook/nllb-200-1.3B,17,contentwords,305,0.7908492088317871
nllb200_1B,facebook/nllb-200-1.3B,17,contentwords,306,0.9434940814971924
nllb200_1B,facebook/nllb-200-1.3B,17,contentwords,307,0.9307024478912354
nllb200_1B,facebook/nllb-200-1.3B,17,contentwords,308,0.9404199719429016
nllb200_1B,facebook/nllb-200-1.3B,17,contentwords,309,0.9485225677490234
nllb200_1B,facebook/nllb-200-1.3B,17,contentwords,310,0.9480317831039429
nllb200_1B,facebook/nllb-200-1.3B,17,contentwords,311,0.9297558069229126
nllb200_1B,facebook/nllb-200-1.3B,17,contentwords,312,0.9215245246887207
nllb200_1B,facebook/nllb-200-1.3B,17,contentwords,313,0.822772741317749
nllb200_1B,facebook/nllb-200-1.3B,17,contentwords,314,0.9533836245536804
nllb200_1B,facebook/nllb-200-1.3B,17,contentwords,315,0.9284687042236328
nllb200_1B,facebook/nllb-200-1.3B,17,contentwords,316,0.9491490125656128
nllb200_1B,facebook/nllb-200-1.3B,17,contentwords,317,0.9149206876754761
nllb200_1B,facebook/nllb-200-1.3B,17,contentwords,318,0.7940475344657898
nllb200_1B,facebook/nllb-200-1.3B,17,contentwords,319,0.9405714273452759
nllb200_1B,facebook/nllb-200-1.3B,17,contentwords,320,0.9183167219161987
nllb200_1B,facebook/nllb-200-1.3B,17,contentwords,321,0.9413176774978638
nllb200_1B,facebook/nllb-200-1.3B,17,contentwords,322,0.9209383726119995
nllb200_1B,facebook/nllb-200-1.3B,17,contentwords,323,0.9610252976417542
nllb200_1B,facebook/nllb-200-1.3B,17,contentwords,324,0.8231837749481201
nllb200_1B,facebook/nllb-200-1.3B,17,contentwords,325,0.9488415718078613
nllb200_1B,facebook/nllb-200-1.3B,17,contentwords,326,0.7935340404510498
nllb200_1B,facebook/nllb-200-1.3B,17,contentwords,327,0.9514897465705872
nllb200_1B,facebook/nllb-200-1.3B,17,contentwords,328,0.9505165219306946
nllb200_1B,facebook/nllb-200-1.3B,17,contentwords,329,0.7991597652435303
nllb200_1B,facebook/nllb-200-1.3B,17,contentwords,330,0.7588144540786743
nllb200_1B,facebook/nllb-200-1.3B,17,contentwords,331,0.9415779113769531
nllb200_1B,facebook/nllb-200-1.3B,17,contentwords,332,0.584306001663208
nllb200_1B,facebook/nllb-200-1.3B,17,contentwords,333,0.9356008768081665
nllb200_1B,facebook/nllb-200-1.3B,17,contentwords,334,0.9237728118896484
nllb200_1B,facebook/nllb-200-1.3B,17,contentwords,335,0.9314936399459839
nllb200_1B,facebook/nllb-200-1.3B,17,contentwords,336,0.9528565406799316
nllb200_1B,facebook/nllb-200-1.3B,17,contentwords,337,0.899208664894104
nllb200_1B,facebook/nllb-200-1.3B,17,contentwords,338,0.9469433426856995
nllb200_1B,facebook/nllb-200-1.3B,17,contentwords,339,0.9273898601531982
nllb200_1B,facebook/nllb-200-1.3B,17,contentwords,340,0.9230066537857056
nllb200_1B,facebook/nllb-200-1.3B,17,contentwords,341,0.9388513565063477
nllb200_1B,facebook/nllb-200-1.3B,17,contentwords,342,0.941551685333252
nllb200_1B,facebook/nllb-200-1.3B,17,contentwords,343,0.9411964416503906
nllb200_1B,facebook/nllb-200-1.3B,17,contentwords,344,0.9435520768165588
nllb200_1B,facebook/nllb-200-1.3B,17,contentwords,345,0.9468228220939636
nllb200_1B,facebook/nllb-200-1.3B,17,contentwords,346,0.9066663980484009
nllb200_1B,facebook/nllb-200-1.3B,17,contentwords,347,0.9477818012237549
nllb200_1B,facebook/nllb-200-1.3B,17,contentwords,348,0.6926779747009277
nllb200_1B,facebook/nllb-200-1.3B,17,contentwords,349,0.9346670508384705
nllb200_1B,facebook/nllb-200-1.3B,17,contentwords,350,0.9616278409957886
nllb200_1B,facebook/nllb-200-1.3B,17,contentwords,351,0.9517786502838135
nllb200_1B,facebook/nllb-200-1.3B,17,contentwords,352,0.9355981349945068
nllb200_1B,facebook/nllb-200-1.3B,17,contentwords,353,0.9478702545166016
nllb200_1B,facebook/nllb-200-1.3B,17,contentwords,354,0.9319152235984802
nllb200_1B,facebook/nllb-200-1.3B,17,contentwords,355,0.7814369797706604
nllb200_1B,facebook/nllb-200-1.3B,17,contentwords,356,0.9250813126564026
nllb200_1B,facebook/nllb-200-1.3B,17,contentwords,357,0.9716260433197021
nllb200_1B,facebook/nllb-200-1.3B,17,contentwords,358,0.9450477361679077
nllb200_1B,facebook/nllb-200-1.3B,17,contentwords,359,0.9138243198394775
nllb200_1B,facebook/nllb-200-1.3B,17,contentwords,360,0.967670202255249
nllb200_1B,facebook/nllb-200-1.3B,17,contentwords,361,0.9417809247970581
nllb200_1B,facebook/nllb-200-1.3B,17,contentwords,362,0.9437786340713501
nllb200_1B,facebook/nllb-200-1.3B,17,contentwords,363,0.9305551052093506
nllb200_1B,facebook/nllb-200-1.3B,17,contentwords,364,0.9246371984481812
nllb200_1B,facebook/nllb-200-1.3B,17,contentwords,365,0.908968985080719
nllb200_1B,facebook/nllb-200-1.3B,17,contentwords,366,0.9429934024810791
nllb200_1B,facebook/nllb-200-1.3B,17,contentwords,367,0.9444236159324646
nllb200_1B,facebook/nllb-200-1.3B,17,contentwords,368,0.9547516107559204
nllb200_1B,facebook/nllb-200-1.3B,17,contentwords,369,0.9480228424072266
nllb200_1B,facebook/nllb-200-1.3B,17,contentwords,370,0.9450621604919434
nllb200_1B,facebook/nllb-200-1.3B,17,contentwords,371,0.9377963542938232
nllb200_1B,facebook/nllb-200-1.3B,17,contentwords,372,0.9363417625427246
nllb200_1B,facebook/nllb-200-1.3B,17,contentwords,373,0.9603289365768433
nllb200_1B,facebook/nllb-200-1.3B,17,contentwords,374,0.9478709697723389
nllb200_1B,facebook/nllb-200-1.3B,17,contentwords,375,0.9545087218284607
nllb200_1B,facebook/nllb-200-1.3B,17,contentwords,376,0.9472594261169434
nllb200_1B,facebook/nllb-200-1.3B,17,contentwords,377,0.8820042610168457
nllb200_1B,facebook/nllb-200-1.3B,17,contentwords,378,0.954389750957489
nllb200_1B,facebook/nllb-200-1.3B,17,contentwords,379,0.9483096599578857
nllb200_1B,facebook/nllb-200-1.3B,17,contentwords,380,0.9323457479476929
nllb200_1B,facebook/nllb-200-1.3B,17,contentwords,381,0.7204655408859253
nllb200_1B,facebook/nllb-200-1.3B,17,contentwords,382,0.7772013545036316
nllb200_1B,facebook/nllb-200-1.3B,17,contentwords,383,0.747985303401947
nllb200_1B,facebook/nllb-200-1.3B,17,contentwords,384,0.9201475381851196
nllb200_1B,facebook/nllb-200-1.3B,17,contentwords,385,0.9319015145301819
nllb200_1B,facebook/nllb-200-1.3B,17,contentwords,386,0.80735182762146
nllb200_1B,facebook/nllb-200-1.3B,17,contentwords,387,0.941581130027771
nllb200_1B,facebook/nllb-200-1.3B,17,contentwords,388,0.8179965615272522
nllb200_1B,facebook/nllb-200-1.3B,17,contentwords,389,0.788487434387207
nllb200_1B,facebook/nllb-200-1.3B,17,contentwords,390,0.9299664497375488
nllb200_1B,facebook/nllb-200-1.3B,17,contentwords,391,0.8106065988540649
nllb200_1B,facebook/nllb-200-1.3B,17,contentwords,392,0.8127467036247253
nllb200_1B,facebook/nllb-200-1.3B,17,contentwords,393,0.8260029554367065
nllb200_1B,facebook/nllb-200-1.3B,17,contentwords,394,0.8042959570884705
nllb200_1B,facebook/nllb-200-1.3B,17,contentwords,395,0.7449777126312256
nllb200_1B,facebook/nllb-200-1.3B,17,contentwords,396,0.7922329902648926
nllb200_1B,facebook/nllb-200-1.3B,17,contentwords,397,0.7814929485321045
nllb200_1B,facebook/nllb-200-1.3B,17,contentwords,398,0.687092661857605
nllb200_1B,facebook/nllb-200-1.3B,17,contentwords,399,0.9139291048049927
nllb200_1B,facebook/nllb-200-1.3B,17,contentwords,400,0.9424079656600952
nllb200_1B,facebook/nllb-200-1.3B,17,contentwords,401,0.9447610974311829
nllb200_1B,facebook/nllb-200-1.3B,17,contentwords,402,0.9430545568466187
nllb200_1B,facebook/nllb-200-1.3B,17,contentwords,403,0.8811295628547668
nllb200_1B,facebook/nllb-200-1.3B,17,contentwords,404,0.9347116947174072
nllb200_1B,facebook/nllb-200-1.3B,17,contentwords,405,0.935767650604248
nllb200_1B,facebook/nllb-200-1.3B,17,contentwords,406,0.9374504089355469
nllb200_1B,facebook/nllb-200-1.3B,17,contentwords,407,0.9311873912811279
nllb200_1B,facebook/nllb-200-1.3B,17,contentwords,408,0.9401358962059021
nllb200_1B,facebook/nllb-200-1.3B,17,contentwords,409,0.9197765588760376
nllb200_1B,facebook/nllb-200-1.3B,17,contentwords,410,0.9251059889793396
nllb200_1B,facebook/nllb-200-1.3B,17,contentwords,411,0.9361310005187988
nllb200_1B,facebook/nllb-200-1.3B,17,contentwords,412,0.7827936410903931
nllb200_1B,facebook/nllb-200-1.3B,17,contentwords,413,0.9252662062644958
nllb200_1B,facebook/nllb-200-1.3B,17,contentwords,414,0.9487375020980835
nllb200_1B,facebook/nllb-200-1.3B,17,contentwords,415,0.937932014465332
nllb200_1B,facebook/nllb-200-1.3B,17,contentwords,416,0.9554768800735474
nllb200_1B,facebook/nllb-200-1.3B,17,contentwords,417,0.9555779695510864
nllb200_1B,facebook/nllb-200-1.3B,17,contentwords,418,0.9536700248718262
nllb200_1B,facebook/nllb-200-1.3B,17,contentwords,419,0.9339343309402466
nllb200_1B,facebook/nllb-200-1.3B,17,contentwords,420,0.9353892803192139
nllb200_1B,facebook/nllb-200-1.3B,17,contentwords,421,0.7488943338394165
nllb200_1B,facebook/nllb-200-1.3B,17,contentwords,422,0.7681994438171387
nllb200_1B,facebook/nllb-200-1.3B,17,contentwords,423,0.9459666013717651
nllb200_1B,facebook/nllb-200-1.3B,17,contentwords,424,0.9493476152420044
nllb200_1B,facebook/nllb-200-1.3B,17,contentwords,425,0.6974475383758545
nllb200_1B,facebook/nllb-200-1.3B,17,contentwords,426,0.9204220771789551
nllb200_1B,facebook/nllb-200-1.3B,17,contentwords,427,0.9284981489181519
nllb200_1B,facebook/nllb-200-1.3B,17,contentwords,428,0.9349136352539062
nllb200_1B,facebook/nllb-200-1.3B,17,contentwords,429,0.960745096206665
nllb200_1B,facebook/nllb-200-1.3B,17,contentwords,430,0.9034517407417297
nllb200_1B,facebook/nllb-200-1.3B,17,contentwords,431,0.9419070482254028
nllb200_1B,facebook/nllb-200-1.3B,17,contentwords,432,0.9530583620071411
nllb200_1B,facebook/nllb-200-1.3B,17,contentwords,433,0.936528742313385
nllb200_1B,facebook/nllb-200-1.3B,17,contentwords,434,0.9547137022018433
nllb200_1B,facebook/nllb-200-1.3B,17,contentwords,435,0.9397127628326416
nllb200_1B,facebook/nllb-200-1.3B,17,contentwords,436,0.9417588710784912
nllb200_1B,facebook/nllb-200-1.3B,17,contentwords,437,0.9134343862533569
nllb200_1B,facebook/nllb-200-1.3B,17,contentwords,438,0.9292186498641968
nllb200_1B,facebook/nllb-200-1.3B,17,contentwords,439,0.9386869668960571
nllb200_1B,facebook/nllb-200-1.3B,17,contentwords,440,0.9533179998397827
nllb200_1B,facebook/nllb-200-1.3B,17,contentwords,441,0.9287618398666382
nllb200_1B,facebook/nllb-200-1.3B,17,contentwords,442,0.9297467470169067
nllb200_1B,facebook/nllb-200-1.3B,17,contentwords,443,0.955206036567688
nllb200_1B,facebook/nllb-200-1.3B,17,contentwords,444,0.7553226351737976
nllb200_1B,facebook/nllb-200-1.3B,17,contentwords,445,0.8868614435195923
nllb200_1B,facebook/nllb-200-1.3B,17,contentwords,446,0.7358596324920654
nllb200_1B,facebook/nllb-200-1.3B,17,contentwords,447,0.8285179138183594
nllb200_1B,facebook/nllb-200-1.3B,17,contentwords,448,0.9555612802505493
nllb200_1B,facebook/nllb-200-1.3B,17,contentwords,449,0.9352920055389404
nllb200_1B,facebook/nllb-200-1.3B,17,contentwords,450,0.9320570826530457
nllb200_1B,facebook/nllb-200-1.3B,17,contentwords,451,0.7770177721977234
nllb200_1B,facebook/nllb-200-1.3B,17,contentwords,452,0.9284499287605286
nllb200_1B,facebook/nllb-200-1.3B,17,contentwords,453,0.9317363500595093
nllb200_1B,facebook/nllb-200-1.3B,17,contentwords,454,0.7737428545951843
nllb200_1B,facebook/nllb-200-1.3B,17,contentwords,455,0.758386492729187
nllb200_1B,facebook/nllb-200-1.3B,17,contentwords,456,0.9372543692588806
nllb200_1B,facebook/nllb-200-1.3B,17,contentwords,457,0.8220112919807434
nllb200_1B,facebook/nllb-200-1.3B,17,contentwords,458,0.7409343719482422
nllb200_1B,facebook/nllb-200-1.3B,17,contentwords,459,0.9624150991439819
nllb200_1B,facebook/nllb-200-1.3B,17,contentwords,460,0.7724136114120483
nllb200_1B,facebook/nllb-200-1.3B,17,contentwords,461,0.9387532472610474
nllb200_1B,facebook/nllb-200-1.3B,17,contentwords,462,0.6541492342948914
nllb200_1B,facebook/nllb-200-1.3B,17,contentwords,463,0.9367783069610596
nllb200_1B,facebook/nllb-200-1.3B,17,contentwords,464,0.9428341388702393
nllb200_1B,facebook/nllb-200-1.3B,17,contentwords,465,0.8928213715553284
nllb200_1B,facebook/nllb-200-1.3B,17,contentwords,466,0.9517160654067993
nllb200_1B,facebook/nllb-200-1.3B,17,contentwords,467,0.935178279876709
nllb200_1B,facebook/nllb-200-1.3B,17,contentwords,468,0.9365059733390808
nllb200_1B,facebook/nllb-200-1.3B,17,contentwords,469,0.9645403623580933
nllb200_1B,facebook/nllb-200-1.3B,17,contentwords,470,0.9496155977249146
nllb200_1B,facebook/nllb-200-1.3B,17,contentwords,471,0.9269719123840332
nllb200_1B,facebook/nllb-200-1.3B,17,contentwords,472,0.9261972904205322
nllb200_1B,facebook/nllb-200-1.3B,17,contentwords,473,0.8859273195266724
nllb200_1B,facebook/nllb-200-1.3B,17,contentwords,474,0.7644546031951904
nllb200_1B,facebook/nllb-200-1.3B,17,contentwords,475,0.7864375114440918
nllb200_1B,facebook/nllb-200-1.3B,17,contentwords,476,0.9276522994041443
nllb200_1B,facebook/nllb-200-1.3B,17,contentwords,477,0.9498729705810547
nllb200_1B,facebook/nllb-200-1.3B,17,contentwords,478,0.9465113878250122
nllb200_1B,facebook/nllb-200-1.3B,17,contentwords,479,0.8077929019927979
nllb200_1B,facebook/nllb-200-1.3B,17,contentwords,480,0.9554458856582642
nllb200_1B,facebook/nllb-200-1.3B,17,contentwords,481,0.9393386244773865
nllb200_1B,facebook/nllb-200-1.3B,17,contentwords,482,0.8222163915634155
nllb200_1B,facebook/nllb-200-1.3B,17,contentwords,483,0.7697628140449524
nllb200_1B,facebook/nllb-200-1.3B,17,contentwords,484,0.9180922508239746
nllb200_1B,facebook/nllb-200-1.3B,17,contentwords,485,0.8663825392723083
nllb200_1B,facebook/nllb-200-1.3B,17,contentwords,486,0.9337362051010132
nllb200_1B,facebook/nllb-200-1.3B,17,contentwords,487,0.9234963059425354
nllb200_1B,facebook/nllb-200-1.3B,17,contentwords,488,0.7827013731002808
nllb200_1B,facebook/nllb-200-1.3B,17,contentwords,489,0.9485042095184326
nllb200_1B,facebook/nllb-200-1.3B,17,contentwords,490,0.948224663734436
nllb200_1B,facebook/nllb-200-1.3B,17,contentwords,491,0.94134521484375
nllb200_1B,facebook/nllb-200-1.3B,17,contentwords,492,0.9052138328552246
nllb200_1B,facebook/nllb-200-1.3B,17,contentwords,493,0.9214696884155273
nllb200_1B,facebook/nllb-200-1.3B,17,contentwords,494,0.9327117800712585
nllb200_1B,facebook/nllb-200-1.3B,17,contentwords,495,0.7071263194084167
nllb200_1B,facebook/nllb-200-1.3B,17,contentwords,496,0.9610832929611206
nllb200_1B,facebook/nllb-200-1.3B,17,contentwords,497,0.9026299715042114
nllb200_1B,facebook/nllb-200-1.3B,17,contentwords,498,0.7867752909660339
nllb200_1B,facebook/nllb-200-1.3B,17,contentwords,499,0.9486171007156372
nllb200_1B,facebook/nllb-200-1.3B,17,contentwords,500,0.7870815992355347
nllb200_1B,facebook/nllb-200-1.3B,17,contentwords,501,0.9571696519851685
nllb200_1B,facebook/nllb-200-1.3B,17,contentwords,502,0.7705589532852173
nllb200_1B,facebook/nllb-200-1.3B,17,contentwords,503,0.7024321556091309
nllb200_1B,facebook/nllb-200-1.3B,17,contentwords,504,0.9499952793121338
nllb200_1B,facebook/nllb-200-1.3B,17,contentwords,505,0.9421635866165161
nllb200_1B,facebook/nllb-200-1.3B,17,contentwords,506,0.8171846866607666
nllb200_1B,facebook/nllb-200-1.3B,17,contentwords,507,0.9249141216278076
nllb200_1B,facebook/nllb-200-1.3B,17,contentwords,508,0.9314970970153809
nllb200_1B,facebook/nllb-200-1.3B,17,contentwords,509,0.9384416341781616
nllb200_1B,facebook/nllb-200-1.3B,17,contentwords,510,0.8644561767578125
nllb200_1B,facebook/nllb-200-1.3B,17,contentwords,511,0.7839145660400391
nllb200_1B,facebook/nllb-200-1.3B,17,contentwords,512,0.7338829040527344
nllb200_1B,facebook/nllb-200-1.3B,17,contentwords,513,0.9171379804611206
nllb200_1B,facebook/nllb-200-1.3B,17,contentwords,514,0.8870551586151123
nllb200_1B,facebook/nllb-200-1.3B,17,contentwords,515,0.9331995248794556
nllb200_1B,facebook/nllb-200-1.3B,17,contentwords,516,0.9529212713241577
nllb200_1B,facebook/nllb-200-1.3B,17,contentwords,517,0.9407008290290833
nllb200_1B,facebook/nllb-200-1.3B,17,contentwords,518,0.9289429783821106
nllb200_1B,facebook/nllb-200-1.3B,17,contentwords,519,0.9309389591217041
nllb200_1B,facebook/nllb-200-1.3B,17,contentwords,520,0.9666668176651001
nllb200_1B,facebook/nllb-200-1.3B,17,contentwords,521,0.9521090984344482
nllb200_1B,facebook/nllb-200-1.3B,17,contentwords,522,0.947895884513855
nllb200_1B,facebook/nllb-200-1.3B,17,contentwords,523,0.9620037078857422
nllb200_1B,facebook/nllb-200-1.3B,17,contentwords,524,0.8381215929985046
nllb200_1B,facebook/nllb-200-1.3B,17,contentwords,525,0.7603839635848999
nllb200_1B,facebook/nllb-200-1.3B,17,contentwords,526,0.7845636010169983
nllb200_1B,facebook/nllb-200-1.3B,17,contentwords,527,0.9308911561965942
nllb200_1B,facebook/nllb-200-1.3B,17,contentwords,528,0.7990099191665649
nllb200_1B,facebook/nllb-200-1.3B,17,contentwords,529,0.9225243926048279
nllb200_1B,facebook/nllb-200-1.3B,17,contentwords,530,0.7685073614120483
nllb200_1B,facebook/nllb-200-1.3B,17,contentwords,531,0.9315217733383179
nllb200_1B,facebook/nllb-200-1.3B,17,contentwords,532,0.9050462245941162
nllb200_1B,facebook/nllb-200-1.3B,17,contentwords,533,0.9618127346038818
nllb200_1B,facebook/nllb-200-1.3B,17,contentwords,534,0.764829695224762
nllb200_1B,facebook/nllb-200-1.3B,17,contentwords,535,0.9335325360298157
nllb200_1B,facebook/nllb-200-1.3B,17,contentwords,536,0.9374473094940186
nllb200_1B,facebook/nllb-200-1.3B,17,contentwords,537,0.9369078278541565
nllb200_1B,facebook/nllb-200-1.3B,17,contentwords,538,0.9443392157554626
nllb200_1B,facebook/nllb-200-1.3B,17,contentwords,539,0.8268537521362305
nllb200_1B,facebook/nllb-200-1.3B,17,contentwords,540,0.8837401866912842
nllb200_1B,facebook/nllb-200-1.3B,17,contentwords,541,0.9523594379425049
nllb200_1B,facebook/nllb-200-1.3B,17,contentwords,542,0.9093446731567383
nllb200_1B,facebook/nllb-200-1.3B,17,contentwords,543,0.9371007680892944
nllb200_1B,facebook/nllb-200-1.3B,17,contentwords,544,0.9539726376533508
nllb200_1B,facebook/nllb-200-1.3B,17,contentwords,545,0.9554152488708496
nllb200_1B,facebook/nllb-200-1.3B,17,contentwords,546,0.8020954132080078
nllb200_1B,facebook/nllb-200-1.3B,17,contentwords,547,0.9405749440193176
nllb200_1B,facebook/nllb-200-1.3B,17,contentwords,548,0.9240729212760925
nllb200_1B,facebook/nllb-200-1.3B,17,contentwords,549,0.9348636865615845
nllb200_1B,facebook/nllb-200-1.3B,17,contentwords,550,0.9273542165756226
nllb200_1B,facebook/nllb-200-1.3B,17,contentwords,551,0.9247259497642517
nllb200_1B,facebook/nllb-200-1.3B,17,contentwords,552,0.9271559715270996
nllb200_1B,facebook/nllb-200-1.3B,17,contentwords,553,0.9425501227378845
nllb200_1B,facebook/nllb-200-1.3B,17,contentwords,554,0.9548740386962891
nllb200_1B,facebook/nllb-200-1.3B,17,contentwords,555,0.7995849847793579
nllb200_1B,facebook/nllb-200-1.3B,17,contentwords,556,0.8262228965759277
nllb200_1B,facebook/nllb-200-1.3B,17,contentwords,557,0.9093523025512695
nllb200_1B,facebook/nllb-200-1.3B,17,contentwords,558,0.9126923084259033
nllb200_1B,facebook/nllb-200-1.3B,17,contentwords,559,0.7875913977622986
nllb200_1B,facebook/nllb-200-1.3B,17,contentwords,560,0.9554843306541443
nllb200_1B,facebook/nllb-200-1.3B,17,contentwords,561,0.9494771361351013
nllb200_1B,facebook/nllb-200-1.3B,17,contentwords,562,0.9100624322891235
nllb200_1B,facebook/nllb-200-1.3B,17,contentwords,563,0.830378532409668
nllb200_1B,facebook/nllb-200-1.3B,17,contentwords,564,0.913977324962616
nllb200_1B,facebook/nllb-200-1.3B,17,contentwords,565,0.9294444918632507
nllb200_1B,facebook/nllb-200-1.3B,17,contentwords,566,0.9335447549819946
nllb200_1B,facebook/nllb-200-1.3B,17,contentwords,567,0.8703184723854065
nllb200_1B,facebook/nllb-200-1.3B,17,contentwords,568,0.9639323949813843
nllb200_1B,facebook/nllb-200-1.3B,17,contentwords,569,0.9967713356018066
nllb200_1B,facebook/nllb-200-1.3B,17,contentwords,570,0.7888665199279785
nllb200_1B,facebook/nllb-200-1.3B,17,contentwords,571,0.8292214870452881
nllb200_1B,facebook/nllb-200-1.3B,17,contentwords,572,0.9326514005661011
nllb200_1B,facebook/nllb-200-1.3B,17,contentwords,573,0.8018203377723694
nllb200_1B,facebook/nllb-200-1.3B,17,contentwords,574,0.9522914886474609
nllb200_1B,facebook/nllb-200-1.3B,17,contentwords,575,0.8310382962226868
nllb200_1B,facebook/nllb-200-1.3B,17,contentwords,576,0.9104350805282593
nllb200_1B,facebook/nllb-200-1.3B,17,contentwords,577,0.9511981010437012
nllb200_1B,facebook/nllb-200-1.3B,17,contentwords,578,0.9477581977844238
nllb200_1B,facebook/nllb-200-1.3B,17,contentwords,579,0.9255273938179016
nllb200_1B,facebook/nllb-200-1.3B,17,contentwords,580,0.9425308704376221
nllb200_1B,facebook/nllb-200-1.3B,17,contentwords,581,0.9519770741462708
nllb200_1B,facebook/nllb-200-1.3B,17,contentwords,582,0.9539486169815063
nllb200_1B,facebook/nllb-200-1.3B,17,contentwords,583,0.9431313276290894
nllb200_1B,facebook/nllb-200-1.3B,17,contentwords,584,0.9475408792495728
nllb200_1B,facebook/nllb-200-1.3B,17,contentwords,585,0.9484366178512573
nllb200_1B,facebook/nllb-200-1.3B,17,contentwords,586,0.9238004684448242
nllb200_1B,facebook/nllb-200-1.3B,17,contentwords,587,0.9528252482414246
nllb200_1B,facebook/nllb-200-1.3B,17,contentwords,588,0.9317784309387207
nllb200_1B,facebook/nllb-200-1.3B,17,contentwords,589,0.7967454195022583
nllb200_1B,facebook/nllb-200-1.3B,17,contentwords,590,0.9315428137779236
nllb200_1B,facebook/nllb-200-1.3B,17,contentwords,591,0.6969056129455566
nllb200_1B,facebook/nllb-200-1.3B,17,contentwords,592,0.8103927373886108
nllb200_1B,facebook/nllb-200-1.3B,17,contentwords,593,0.932572066783905
nllb200_1B,facebook/nllb-200-1.3B,17,contentwords,594,0.9642102718353271
nllb200_1B,facebook/nllb-200-1.3B,17,contentwords,595,0.9430670738220215
nllb200_1B,facebook/nllb-200-1.3B,17,contentwords,596,0.957865297794342
nllb200_1B,facebook/nllb-200-1.3B,17,contentwords,597,0.9252802729606628
nllb200_1B,facebook/nllb-200-1.3B,17,contentwords,598,0.9587402939796448
nllb200_1B,facebook/nllb-200-1.3B,17,contentwords,599,0.9399316906929016
nllb200_1B,facebook/nllb-200-1.3B,17,contentwords,600,0.8795091509819031
nllb200_1B,facebook/nllb-200-1.3B,17,contentwords,601,0.7218667268753052
nllb200_1B,facebook/nllb-200-1.3B,17,contentwords,602,0.9441922307014465
nllb200_1B,facebook/nllb-200-1.3B,17,contentwords,603,0.8155657052993774
nllb200_1B,facebook/nllb-200-1.3B,17,contentwords,604,0.9549958109855652
nllb200_1B,facebook/nllb-200-1.3B,17,contentwords,605,0.9600734710693359
nllb200_1B,facebook/nllb-200-1.3B,17,contentwords,606,0.9076188206672668
nllb200_1B,facebook/nllb-200-1.3B,17,contentwords,607,0.9558271169662476
nllb200_1B,facebook/nllb-200-1.3B,17,contentwords,608,0.8571063280105591
nllb200_1B,facebook/nllb-200-1.3B,17,contentwords,609,0.837203860282898
nllb200_1B,facebook/nllb-200-1.3B,17,contentwords,610,0.916379451751709
nllb200_1B,facebook/nllb-200-1.3B,17,contentwords,611,0.9093314409255981
nllb200_1B,facebook/nllb-200-1.3B,17,contentwords,612,0.9494263529777527
nllb200_1B,facebook/nllb-200-1.3B,17,contentwords,613,0.905550479888916
nllb200_1B,facebook/nllb-200-1.3B,17,contentwords,614,0.9365338087081909
nllb200_1B,facebook/nllb-200-1.3B,17,contentwords,615,0.9379701614379883
nllb200_1B,facebook/nllb-200-1.3B,17,contentwords,616,0.9422781467437744
nllb200_1B,facebook/nllb-200-1.3B,17,contentwords,617,0.9364705681800842
nllb200_1B,facebook/nllb-200-1.3B,17,contentwords,618,0.91413414478302
nllb200_1B,facebook/nllb-200-1.3B,17,contentwords,619,0.9356222748756409
nllb200_1B,facebook/nllb-200-1.3B,17,contentwords,620,0.9601140022277832
nllb200_1B,facebook/nllb-200-1.3B,17,contentwords,621,0.9463369846343994
nllb200_1B,facebook/nllb-200-1.3B,17,contentwords,622,0.9280885457992554
nllb200_1B,facebook/nllb-200-1.3B,17,contentwords,623,0.9158809781074524
nllb200_1B,facebook/nllb-200-1.3B,17,contentwords,624,0.9421610832214355
nllb200_1B,facebook/nllb-200-1.3B,17,contentwords,625,0.9360475540161133
nllb200_1B,facebook/nllb-200-1.3B,17,contentwords,626,0.9484610557556152
nllb200_1B,facebook/nllb-200-1.3B,17,contentwords,627,0.9512668251991272
nllb200_1B,facebook/nllb-200-1.3B,17,contentwords,628,0.9544968605041504
nllb200_1B,facebook/nllb-200-1.3B,17,contentwords,629,0.9644982814788818
nllb200_1B,facebook/nllb-200-1.3B,17,contentwords,630,0.9520294666290283
nllb200_1B,facebook/nllb-200-1.3B,17,contentwords,631,0.9420035481452942
nllb200_1B,facebook/nllb-200-1.3B,17,contentwords,632,0.9587537050247192
nllb200_1B,facebook/nllb-200-1.3B,17,contentwords,633,0.9497920870780945
nllb200_1B,facebook/nllb-200-1.3B,17,contentwords,634,0.9407681226730347
nllb200_1B,facebook/nllb-200-1.3B,17,contentwords,635,0.9314396977424622
nllb200_1B,facebook/nllb-200-1.3B,17,contentwords,636,0.933515727519989
nllb200_1B,facebook/nllb-200-1.3B,17,contentwords,637,0.9541031718254089
nllb200_1B,facebook/nllb-200-1.3B,17,contentwords,638,0.945990264415741
nllb200_1B,facebook/nllb-200-1.3B,17,contentwords,639,0.9560967683792114
nllb200_1B,facebook/nllb-200-1.3B,17,contentwords,640,0.939699649810791
nllb200_1B,facebook/nllb-200-1.3B,17,contentwords,641,0.9348042011260986
nllb200_1B,facebook/nllb-200-1.3B,17,contentwords,642,0.9395344257354736
nllb200_1B,facebook/nllb-200-1.3B,17,contentwords,643,0.9071410894393921
nllb200_1B,facebook/nllb-200-1.3B,17,contentwords,644,0.7441986203193665
nllb200_1B,facebook/nllb-200-1.3B,17,contentwords,645,0.9437718391418457
nllb200_1B,facebook/nllb-200-1.3B,17,contentwords,646,0.9271096587181091
nllb200_1B,facebook/nllb-200-1.3B,17,contentwords,647,0.8351203203201294
nllb200_1B,facebook/nllb-200-1.3B,17,contentwords,648,0.9446338415145874
nllb200_1B,facebook/nllb-200-1.3B,17,contentwords,649,0.7513563632965088
nllb200_1B,facebook/nllb-200-1.3B,17,contentwords,650,0.9556022882461548
nllb200_1B,facebook/nllb-200-1.3B,17,contentwords,651,0.7531725168228149
nllb200_1B,facebook/nllb-200-1.3B,17,contentwords,652,0.9619837999343872
nllb200_1B,facebook/nllb-200-1.3B,17,contentwords,653,0.9465364813804626
nllb200_1B,facebook/nllb-200-1.3B,17,contentwords,654,0.9403427839279175
nllb200_1B,facebook/nllb-200-1.3B,17,contentwords,655,0.7508336305618286
nllb200_1B,facebook/nllb-200-1.3B,17,contentwords,656,0.9388092756271362
nllb200_1B,facebook/nllb-200-1.3B,17,contentwords,657,0.9329822063446045
nllb200_1B,facebook/nllb-200-1.3B,17,contentwords,658,0.7718254327774048
nllb200_1B,facebook/nllb-200-1.3B,17,contentwords,659,0.9288194179534912
nllb200_1B,facebook/nllb-200-1.3B,17,contentwords,660,0.908995509147644
nllb200_1B,facebook/nllb-200-1.3B,17,contentwords,661,0.9425737857818604
nllb200_1B,facebook/nllb-200-1.3B,17,contentwords,662,0.7207121849060059
nllb200_1B,facebook/nllb-200-1.3B,17,contentwords,663,0.8137234449386597
nllb200_1B,facebook/nllb-200-1.3B,17,contentwords,664,0.8293889164924622
nllb200_1B,facebook/nllb-200-1.3B,17,contentwords,665,0.9310315847396851
nllb200_1B,facebook/nllb-200-1.3B,17,contentwords,666,0.9528908729553223
nllb200_1B,facebook/nllb-200-1.3B,17,contentwords,667,0.8772214651107788
nllb200_1B,facebook/nllb-200-1.3B,17,contentwords,668,0.9486266374588013
nllb200_1B,facebook/nllb-200-1.3B,17,contentwords,669,0.8053127527236938
nllb200_1B,facebook/nllb-200-1.3B,17,contentwords,670,0.9315106868743896
nllb200_1B,facebook/nllb-200-1.3B,17,contentwords,671,0.8521152138710022
nllb200_1B,facebook/nllb-200-1.3B,17,contentwords,672,0.7257074117660522
nllb200_1B,facebook/nllb-200-1.3B,17,contentwords,673,0.9472982883453369
nllb200_1B,facebook/nllb-200-1.3B,17,contentwords,674,0.9346154928207397
nllb200_1B,facebook/nllb-200-1.3B,17,contentwords,675,0.7600175142288208
nllb200_1B,facebook/nllb-200-1.3B,17,contentwords,676,0.8311011791229248
nllb200_1B,facebook/nllb-200-1.3B,17,contentwords,677,0.9600207209587097
nllb200_1B,facebook/nllb-200-1.3B,17,contentwords,678,0.9973556399345398
nllb200_1B,facebook/nllb-200-1.3B,17,contentwords,679,0.9225040674209595
nllb200_1B,facebook/nllb-200-1.3B,17,contentwords,680,0.9444407224655151
nllb200_1B,facebook/nllb-200-1.3B,17,contentwords,681,0.9511120319366455
nllb200_1B,facebook/nllb-200-1.3B,17,contentwords,682,0.6970115900039673
nllb200_1B,facebook/nllb-200-1.3B,17,contentwords,683,0.736896812915802
nllb200_1B,facebook/nllb-200-1.3B,17,contentwords,684,0.9496704339981079
nllb200_1B,facebook/nllb-200-1.3B,17,contentwords,685,0.8872512578964233
nllb200_1B,facebook/nllb-200-1.3B,17,contentwords,686,0.7889735698699951
nllb200_1B,facebook/nllb-200-1.3B,17,contentwords,687,0.9263609647750854
nllb200_1B,facebook/nllb-200-1.3B,17,contentwords,688,0.7332782745361328
nllb200_1B,facebook/nllb-200-1.3B,17,contentwords,689,0.9604591131210327
nllb200_1B,facebook/nllb-200-1.3B,17,contentwords,690,0.7793364524841309
nllb200_1B,facebook/nllb-200-1.3B,17,contentwords,691,0.8094885349273682
nllb200_1B,facebook/nllb-200-1.3B,17,contentwords,692,0.9558443427085876
nllb200_1B,facebook/nllb-200-1.3B,17,contentwords,693,0.9120051264762878
nllb200_1B,facebook/nllb-200-1.3B,17,contentwords,694,0.9399710893630981
nllb200_1B,facebook/nllb-200-1.3B,17,contentwords,695,0.9642525911331177
nllb200_1B,facebook/nllb-200-1.3B,17,contentwords,696,0.9482541084289551
nllb200_1B,facebook/nllb-200-1.3B,17,contentwords,697,0.9270257949829102
nllb200_1B,facebook/nllb-200-1.3B,17,contentwords,698,0.7689412832260132
nllb200_1B,facebook/nllb-200-1.3B,17,contentwords,699,0.8473156690597534
nllb200_1B,facebook/nllb-200-1.3B,17,contentwords,700,0.7768425345420837
nllb200_1B,facebook/nllb-200-1.3B,17,contentwords,701,0.9455285668373108
nllb200_1B,facebook/nllb-200-1.3B,17,contentwords,702,0.940797746181488
nllb200_1B,facebook/nllb-200-1.3B,17,contentwords,703,0.9570356011390686
nllb200_1B,facebook/nllb-200-1.3B,17,contentwords,704,0.8066593408584595
nllb200_1B,facebook/nllb-200-1.3B,17,contentwords,705,0.9233964681625366
nllb200_1B,facebook/nllb-200-1.3B,17,contentwords,706,0.8031970262527466
nllb200_1B,facebook/nllb-200-1.3B,17,contentwords,707,0.94007408618927
nllb200_1B,facebook/nllb-200-1.3B,17,contentwords,708,0.9451038837432861
nllb200_1B,facebook/nllb-200-1.3B,17,contentwords,709,0.9409328699111938
nllb200_1B,facebook/nllb-200-1.3B,17,contentwords,710,0.9437533617019653
nllb200_1B,facebook/nllb-200-1.3B,17,contentwords,711,0.9348644018173218
nllb200_1B,facebook/nllb-200-1.3B,17,contentwords,712,0.9496216773986816
nllb200_1B,facebook/nllb-200-1.3B,17,contentwords,713,0.9512535333633423
nllb200_1B,facebook/nllb-200-1.3B,17,contentwords,714,0.9949732422828674
nllb200_1B,facebook/nllb-200-1.3B,17,contentwords,715,0.9467363357543945
nllb200_1B,facebook/nllb-200-1.3B,17,contentwords,716,0.9166024923324585
nllb200_1B,facebook/nllb-200-1.3B,17,contentwords,717,0.9459649324417114
nllb200_1B,facebook/nllb-200-1.3B,17,contentwords,718,0.9413250088691711
nllb200_1B,facebook/nllb-200-1.3B,17,contentwords,719,0.92469322681427
nllb200_1B,facebook/nllb-200-1.3B,17,contentwords,720,0.9491105675697327
nllb200_1B,facebook/nllb-200-1.3B,17,contentwords,721,0.9549971222877502
nllb200_1B,facebook/nllb-200-1.3B,17,contentwords,722,0.9411176443099976
nllb200_1B,facebook/nllb-200-1.3B,17,contentwords,723,0.9445579051971436
nllb200_1B,facebook/nllb-200-1.3B,17,contentwords,724,0.936593770980835
nllb200_1B,facebook/nllb-200-1.3B,17,contentwords,725,0.9552082419395447
nllb200_1B,facebook/nllb-200-1.3B,17,contentwords,726,0.7922034859657288
nllb200_1B,facebook/nllb-200-1.3B,17,contentwords,727,0.9517955183982849
nllb200_1B,facebook/nllb-200-1.3B,17,contentwords,728,0.9444806575775146
nllb200_1B,facebook/nllb-200-1.3B,17,contentwords,729,0.9449844360351562
nllb200_1B,facebook/nllb-200-1.3B,17,contentwords,730,0.9426819086074829
nllb200_1B,facebook/nllb-200-1.3B,17,contentwords,731,0.8822850584983826
nllb200_1B,facebook/nllb-200-1.3B,17,contentwords,732,0.924936830997467
nllb200_1B,facebook/nllb-200-1.3B,17,contentwords,733,0.7567566633224487
nllb200_1B,facebook/nllb-200-1.3B,17,contentwords,734,0.9454576969146729
nllb200_1B,facebook/nllb-200-1.3B,17,contentwords,735,0.917392373085022
nllb200_1B,facebook/nllb-200-1.3B,17,contentwords,736,0.9437873363494873
nllb200_1B,facebook/nllb-200-1.3B,17,contentwords,737,0.9302173256874084
nllb200_1B,facebook/nllb-200-1.3B,17,contentwords,738,0.942984938621521
nllb200_1B,facebook/nllb-200-1.3B,17,contentwords,739,0.7384322881698608
nllb200_1B,facebook/nllb-200-1.3B,17,contentwords,740,0.941757082939148
nllb200_1B,facebook/nllb-200-1.3B,17,contentwords,741,0.9201186299324036
nllb200_1B,facebook/nllb-200-1.3B,17,contentwords,742,0.9333009123802185
nllb200_1B,facebook/nllb-200-1.3B,17,contentwords,743,0.9428505897521973
nllb200_1B,facebook/nllb-200-1.3B,17,contentwords,744,0.9581650495529175
nllb200_1B,facebook/nllb-200-1.3B,17,contentwords,745,0.9389394521713257
nllb200_1B,facebook/nllb-200-1.3B,17,contentwords,746,0.9037126302719116
nllb200_1B,facebook/nllb-200-1.3B,17,contentwords,747,0.9150193333625793
nllb200_1B,facebook/nllb-200-1.3B,17,contentwords,748,0.8475522994995117
nllb200_1B,facebook/nllb-200-1.3B,17,contentwords,749,0.9512187838554382
nllb200_1B,facebook/nllb-200-1.3B,17,contentwords,750,0.9354115128517151
nllb200_1B,facebook/nllb-200-1.3B,17,contentwords,751,0.7658438682556152
nllb200_1B,facebook/nllb-200-1.3B,17,contentwords,752,0.9485301971435547
nllb200_1B,facebook/nllb-200-1.3B,17,contentwords,753,0.8043472766876221
nllb200_1B,facebook/nllb-200-1.3B,17,contentwords,754,0.7696613073348999
nllb200_1B,facebook/nllb-200-1.3B,17,contentwords,755,0.9457435607910156
nllb200_1B,facebook/nllb-200-1.3B,17,contentwords,756,0.9454561471939087
nllb200_1B,facebook/nllb-200-1.3B,17,contentwords,757,0.9403654932975769
nllb200_1B,facebook/nllb-200-1.3B,17,contentwords,758,0.7529547810554504
nllb200_1B,facebook/nllb-200-1.3B,17,contentwords,759,0.9401684403419495
nllb200_1B,facebook/nllb-200-1.3B,17,contentwords,760,0.9287042021751404
nllb200_1B,facebook/nllb-200-1.3B,17,contentwords,761,0.8887285590171814
nllb200_1B,facebook/nllb-200-1.3B,17,contentwords,762,0.9412896633148193
nllb200_1B,facebook/nllb-200-1.3B,17,contentwords,763,0.934180736541748
nllb200_1B,facebook/nllb-200-1.3B,17,contentwords,764,0.9287129044532776
nllb200_1B,facebook/nllb-200-1.3B,17,contentwords,765,0.9555792808532715
nllb200_1B,facebook/nllb-200-1.3B,17,contentwords,766,0.9573672413825989
nllb200_1B,facebook/nllb-200-1.3B,17,contentwords,767,0.9411088228225708
nllb200_1B,facebook/nllb-200-1.3B,17,contentwords,768,0.9596880674362183
nllb200_1B,facebook/nllb-200-1.3B,17,contentwords,769,0.7383477687835693
nllb200_1B,facebook/nllb-200-1.3B,17,contentwords,770,0.7803179025650024
nllb200_1B,facebook/nllb-200-1.3B,17,contentwords,771,0.948264479637146
nllb200_1B,facebook/nllb-200-1.3B,17,contentwords,772,0.9446181058883667
nllb200_1B,facebook/nllb-200-1.3B,17,contentwords,773,0.9083554744720459
nllb200_1B,facebook/nllb-200-1.3B,17,contentwords,774,0.948211669921875
nllb200_1B,facebook/nllb-200-1.3B,17,contentwords,775,0.900256335735321
nllb200_1B,facebook/nllb-200-1.3B,17,contentwords,776,0.9324077367782593
nllb200_1B,facebook/nllb-200-1.3B,17,contentwords,777,0.93092280626297
nllb200_1B,facebook/nllb-200-1.3B,17,contentwords,778,0.8721282482147217
nllb200_1B,facebook/nllb-200-1.3B,17,contentwords,779,0.8699288368225098
nllb200_1B,facebook/nllb-200-1.3B,17,contentwords,780,0.9512349367141724
nllb200_1B,facebook/nllb-200-1.3B,17,contentwords,781,0.9596011638641357
nllb200_1B,facebook/nllb-200-1.3B,17,contentwords,782,0.9510541558265686
nllb200_1B,facebook/nllb-200-1.3B,17,contentwords,783,0.9396061897277832
nllb200_1B,facebook/nllb-200-1.3B,17,contentwords,784,0.9514963626861572
nllb200_1B,facebook/nllb-200-1.3B,17,contentwords,785,0.7508322596549988
nllb200_1B,facebook/nllb-200-1.3B,17,contentwords,786,0.9519193172454834
nllb200_1B,facebook/nllb-200-1.3B,17,contentwords,787,0.953545868396759
nllb200_1B,facebook/nllb-200-1.3B,17,contentwords,788,0.9617190361022949
nllb200_1B,facebook/nllb-200-1.3B,17,contentwords,789,0.6726344227790833
nllb200_1B,facebook/nllb-200-1.3B,17,contentwords,790,0.8943731784820557
nllb200_1B,facebook/nllb-200-1.3B,17,contentwords,791,0.726508617401123
nllb200_1B,facebook/nllb-200-1.3B,17,contentwords,792,0.9276926517486572
nllb200_1B,facebook/nllb-200-1.3B,17,contentwords,793,0.6498476266860962
nllb200_1B,facebook/nllb-200-1.3B,17,contentwords,794,0.9446858763694763
nllb200_1B,facebook/nllb-200-1.3B,17,contentwords,795,0.9573508501052856
nllb200_1B,facebook/nllb-200-1.3B,17,contentwords,796,0.6918662786483765
nllb200_1B,facebook/nllb-200-1.3B,17,contentwords,797,0.9635210037231445
nllb200_1B,facebook/nllb-200-1.3B,17,contentwords,798,0.9434447884559631
nllb200_1B,facebook/nllb-200-1.3B,17,contentwords,799,0.9511303901672363
nllb200_1B,facebook/nllb-200-1.3B,17,contentwords,800,0.925491213798523
nllb200_1B,facebook/nllb-200-1.3B,17,contentwords,801,0.9263831973075867
nllb200_1B,facebook/nllb-200-1.3B,17,contentwords,802,0.9094212055206299
nllb200_1B,facebook/nllb-200-1.3B,17,contentwords,803,0.9683493971824646
nllb200_1B,facebook/nllb-200-1.3B,17,contentwords,804,0.7976068258285522
nllb200_1B,facebook/nllb-200-1.3B,17,contentwords,805,0.7318018078804016
nllb200_1B,facebook/nllb-200-1.3B,17,contentwords,806,0.7144812941551208
nllb200_1B,facebook/nllb-200-1.3B,17,contentwords,807,0.9566526412963867
nllb200_1B,facebook/nllb-200-1.3B,17,contentwords,808,0.8347446918487549
nllb200_1B,facebook/nllb-200-1.3B,17,contentwords,809,0.9527047872543335
nllb200_1B,facebook/nllb-200-1.3B,17,contentwords,810,0.9362062215805054
nllb200_1B,facebook/nllb-200-1.3B,17,contentwords,811,0.9403387308120728
nllb200_1B,facebook/nllb-200-1.3B,17,contentwords,812,0.7809783220291138
nllb200_1B,facebook/nllb-200-1.3B,17,contentwords,813,0.7733991146087646
nllb200_1B,facebook/nllb-200-1.3B,17,contentwords,814,0.9430466890335083
nllb200_1B,facebook/nllb-200-1.3B,17,contentwords,815,0.9489791989326477
nllb200_1B,facebook/nllb-200-1.3B,17,contentwords,816,0.7129511833190918
nllb200_1B,facebook/nllb-200-1.3B,17,contentwords,817,0.9471829533576965
nllb200_1B,facebook/nllb-200-1.3B,17,contentwords,818,0.9065335988998413
nllb200_1B,facebook/nllb-200-1.3B,17,contentwords,819,0.9105138182640076
nllb200_1B,facebook/nllb-200-1.3B,17,contentwords,820,0.817450761795044
nllb200_1B,facebook/nllb-200-1.3B,17,contentwords,821,0.9462319612503052
nllb200_1B,facebook/nllb-200-1.3B,17,contentwords,822,0.9522246718406677
nllb200_1B,facebook/nllb-200-1.3B,17,contentwords,823,0.9554300308227539
nllb200_1B,facebook/nllb-200-1.3B,17,contentwords,824,0.9496434330940247
nllb200_1B,facebook/nllb-200-1.3B,17,contentwords,825,0.9125986099243164
nllb200_1B,facebook/nllb-200-1.3B,17,contentwords,826,0.9526380896568298
nllb200_1B,facebook/nllb-200-1.3B,17,contentwords,827,0.9494545459747314
nllb200_1B,facebook/nllb-200-1.3B,17,contentwords,828,0.7847325801849365
nllb200_1B,facebook/nllb-200-1.3B,17,contentwords,829,0.9228212237358093
nllb200_1B,facebook/nllb-200-1.3B,17,contentwords,830,0.935857355594635
nllb200_1B,facebook/nllb-200-1.3B,17,contentwords,831,0.903313159942627
nllb200_1B,facebook/nllb-200-1.3B,17,contentwords,832,0.9507560133934021
nllb200_1B,facebook/nllb-200-1.3B,17,contentwords,833,0.7909127473831177
nllb200_1B,facebook/nllb-200-1.3B,17,contentwords,834,0.9537664651870728
nllb200_1B,facebook/nllb-200-1.3B,17,contentwords,835,0.9430255889892578
nllb200_1B,facebook/nllb-200-1.3B,17,contentwords,836,0.9470427632331848
nllb200_1B,facebook/nllb-200-1.3B,17,contentwords,837,0.9569047689437866
nllb200_1B,facebook/nllb-200-1.3B,17,contentwords,838,0.9514478445053101
nllb200_1B,facebook/nllb-200-1.3B,17,contentwords,839,0.9448333382606506
nllb200_1B,facebook/nllb-200-1.3B,17,contentwords,840,0.9528133869171143
nllb200_1B,facebook/nllb-200-1.3B,17,contentwords,841,0.952092170715332
nllb200_1B,facebook/nllb-200-1.3B,17,contentwords,842,0.9466594457626343
nllb200_1B,facebook/nllb-200-1.3B,17,contentwords,843,0.9362392425537109
nllb200_1B,facebook/nllb-200-1.3B,17,contentwords,844,0.9316685795783997
nllb200_1B,facebook/nllb-200-1.3B,17,contentwords,845,0.8028045892715454
nllb200_1B,facebook/nllb-200-1.3B,17,contentwords,846,0.7012702226638794
nllb200_1B,facebook/nllb-200-1.3B,17,contentwords,847,0.7977020740509033
nllb200_1B,facebook/nllb-200-1.3B,17,contentwords,848,0.9529473185539246
nllb200_1B,facebook/nllb-200-1.3B,17,contentwords,849,0.9357861280441284
nllb200_1B,facebook/nllb-200-1.3B,17,contentwords,850,0.95583176612854
nllb200_1B,facebook/nllb-200-1.3B,17,contentwords,851,0.9432353973388672
nllb200_1B,facebook/nllb-200-1.3B,17,contentwords,852,0.956480085849762
nllb200_1B,facebook/nllb-200-1.3B,17,contentwords,853,0.9431900978088379
nllb200_1B,facebook/nllb-200-1.3B,17,contentwords,854,0.851233959197998
nllb200_1B,facebook/nllb-200-1.3B,17,contentwords,855,0.9540714025497437
nllb200_1B,facebook/nllb-200-1.3B,17,contentwords,856,0.9426731467247009
nllb200_1B,facebook/nllb-200-1.3B,17,contentwords,857,0.9383760690689087
nllb200_1B,facebook/nllb-200-1.3B,17,contentwords,858,0.9522279500961304
nllb200_1B,facebook/nllb-200-1.3B,17,contentwords,859,0.9478747844696045
nllb200_1B,facebook/nllb-200-1.3B,17,contentwords,860,0.9358488321304321
nllb200_1B,facebook/nllb-200-1.3B,17,contentwords,861,0.7879120707511902
nllb200_1B,facebook/nllb-200-1.3B,17,contentwords,862,0.9479753971099854
nllb200_1B,facebook/nllb-200-1.3B,17,contentwords,863,0.8344435691833496
nllb200_1B,facebook/nllb-200-1.3B,17,contentwords,864,0.982691764831543
nllb200_1B,facebook/nllb-200-1.3B,17,contentwords,865,0.7310904264450073
nllb200_1B,facebook/nllb-200-1.3B,17,contentwords,866,0.7745985984802246
nllb200_1B,facebook/nllb-200-1.3B,17,contentwords,867,0.7134720087051392
nllb200_1B,facebook/nllb-200-1.3B,17,contentwords,868,0.9158444404602051
nllb200_1B,facebook/nllb-200-1.3B,17,contentwords,869,0.9555040597915649
nllb200_1B,facebook/nllb-200-1.3B,17,contentwords,870,0.960425853729248
nllb200_1B,facebook/nllb-200-1.3B,17,contentwords,871,0.9394229650497437
nllb200_1B,facebook/nllb-200-1.3B,17,contentwords,872,0.951319694519043
nllb200_1B,facebook/nllb-200-1.3B,17,contentwords,873,0.9584435224533081
nllb200_1B,facebook/nllb-200-1.3B,17,contentwords,874,0.9545913934707642
nllb200_1B,facebook/nllb-200-1.3B,17,contentwords,875,0.9568147659301758
nllb200_1B,facebook/nllb-200-1.3B,17,contentwords,876,0.9455986022949219
nllb200_1B,facebook/nllb-200-1.3B,17,contentwords,877,0.9524195790290833
nllb200_1B,facebook/nllb-200-1.3B,17,contentwords,878,0.9431644678115845
nllb200_1B,facebook/nllb-200-1.3B,17,contentwords,879,0.9317190647125244
nllb200_1B,facebook/nllb-200-1.3B,17,contentwords,880,0.9430590867996216
nllb200_1B,facebook/nllb-200-1.3B,17,contentwords,881,0.938883900642395
nllb200_1B,facebook/nllb-200-1.3B,17,contentwords,882,0.9443315267562866
nllb200_1B,facebook/nllb-200-1.3B,17,contentwords,883,0.9526933431625366
nllb200_1B,facebook/nllb-200-1.3B,17,contentwords,884,0.9460240602493286
nllb200_1B,facebook/nllb-200-1.3B,17,contentwords,885,0.9418495893478394
nllb200_1B,facebook/nllb-200-1.3B,17,contentwords,886,0.9352997541427612
nllb200_1B,facebook/nllb-200-1.3B,17,contentwords,887,0.937305212020874
nllb200_1B,facebook/nllb-200-1.3B,17,contentwords,888,0.8936718702316284
nllb200_1B,facebook/nllb-200-1.3B,17,contentwords,889,0.7870263457298279
nllb200_1B,facebook/nllb-200-1.3B,17,contentwords,890,0.9191966652870178
nllb200_1B,facebook/nllb-200-1.3B,17,contentwords,891,0.9215284585952759
nllb200_1B,facebook/nllb-200-1.3B,17,contentwords,892,0.8942034244537354
nllb200_1B,facebook/nllb-200-1.3B,17,contentwords,893,0.9415265321731567
nllb200_1B,facebook/nllb-200-1.3B,17,contentwords,894,0.804975152015686
nllb200_1B,facebook/nllb-200-1.3B,17,contentwords,895,0.9473375082015991
nllb200_1B,facebook/nllb-200-1.3B,17,contentwords,896,0.948319137096405
nllb200_1B,facebook/nllb-200-1.3B,17,contentwords,897,0.9547721147537231
nllb200_1B,facebook/nllb-200-1.3B,17,contentwords,898,0.9301512241363525
nllb200_1B,facebook/nllb-200-1.3B,17,contentwords,899,0.9320715665817261
nllb200_1B,facebook/nllb-200-1.3B,17,contentwords,900,0.7679160833358765
nllb200_1B,facebook/nllb-200-1.3B,17,contentwords,901,0.939300000667572
nllb200_1B,facebook/nllb-200-1.3B,17,contentwords,902,0.7312507033348083
nllb200_1B,facebook/nllb-200-1.3B,17,contentwords,903,0.9313455820083618
nllb200_1B,facebook/nllb-200-1.3B,17,contentwords,904,0.950214684009552
nllb200_1B,facebook/nllb-200-1.3B,17,contentwords,905,0.808516800403595
nllb200_1B,facebook/nllb-200-1.3B,17,contentwords,906,0.9595886468887329
nllb200_1B,facebook/nllb-200-1.3B,17,contentwords,907,0.9272243976593018
nllb200_1B,facebook/nllb-200-1.3B,17,contentwords,908,0.9741420149803162
nllb200_1B,facebook/nllb-200-1.3B,17,contentwords,909,0.79189133644104
nllb200_1B,facebook/nllb-200-1.3B,17,contentwords,910,0.7516356706619263
nllb200_1B,facebook/nllb-200-1.3B,17,contentwords,911,0.8288634419441223
nllb200_1B,facebook/nllb-200-1.3B,17,contentwords,912,0.8116518259048462
nllb200_1B,facebook/nllb-200-1.3B,17,contentwords,913,0.9464058876037598
nllb200_1B,facebook/nllb-200-1.3B,17,contentwords,914,0.9565513134002686
nllb200_1B,facebook/nllb-200-1.3B,17,contentwords,915,0.838698148727417
nllb200_1B,facebook/nllb-200-1.3B,17,contentwords,916,0.9509512186050415
nllb200_1B,facebook/nllb-200-1.3B,17,contentwords,917,0.9570498466491699
nllb200_1B,facebook/nllb-200-1.3B,17,contentwords,918,0.9348917007446289
nllb200_1B,facebook/nllb-200-1.3B,17,contentwords,919,0.7882230877876282
nllb200_1B,facebook/nllb-200-1.3B,17,contentwords,920,0.9301713705062866
nllb200_1B,facebook/nllb-200-1.3B,17,contentwords,921,0.6609176397323608
nllb200_1B,facebook/nllb-200-1.3B,17,contentwords,922,0.955964982509613
nllb200_1B,facebook/nllb-200-1.3B,17,contentwords,923,0.9337798953056335
nllb200_1B,facebook/nllb-200-1.3B,17,contentwords,924,0.9383538961410522
nllb200_1B,facebook/nllb-200-1.3B,17,contentwords,925,0.9421309232711792
nllb200_1B,facebook/nllb-200-1.3B,17,contentwords,926,0.9436037540435791
nllb200_1B,facebook/nllb-200-1.3B,17,contentwords,927,0.9294276237487793
nllb200_1B,facebook/nllb-200-1.3B,17,contentwords,928,0.9287770390510559
nllb200_1B,facebook/nllb-200-1.3B,17,contentwords,929,0.9204440116882324
nllb200_1B,facebook/nllb-200-1.3B,17,contentwords,930,0.9546686410903931
nllb200_1B,facebook/nllb-200-1.3B,17,contentwords,931,0.9632003903388977
nllb200_1B,facebook/nllb-200-1.3B,17,contentwords,932,0.9370651245117188
nllb200_1B,facebook/nllb-200-1.3B,17,contentwords,933,0.9504512548446655
nllb200_1B,facebook/nllb-200-1.3B,17,contentwords,934,0.9168072938919067
nllb200_1B,facebook/nllb-200-1.3B,17,contentwords,935,0.9462265968322754
nllb200_1B,facebook/nllb-200-1.3B,17,contentwords,936,0.9343264102935791
nllb200_1B,facebook/nllb-200-1.3B,17,contentwords,937,0.7361541986465454
nllb200_1B,facebook/nllb-200-1.3B,17,contentwords,938,0.9420276284217834
nllb200_1B,facebook/nllb-200-1.3B,17,contentwords,939,0.7117040753364563
nllb200_1B,facebook/nllb-200-1.3B,17,contentwords,940,0.9481593370437622
nllb200_1B,facebook/nllb-200-1.3B,17,contentwords,941,0.9415411949157715
nllb200_1B,facebook/nllb-200-1.3B,17,contentwords,942,0.9519439339637756
nllb200_1B,facebook/nllb-200-1.3B,17,contentwords,943,0.9420543909072876
nllb200_1B,facebook/nllb-200-1.3B,17,contentwords,944,0.8962268829345703
nllb200_1B,facebook/nllb-200-1.3B,17,contentwords,945,0.9492204785346985
nllb200_1B,facebook/nllb-200-1.3B,17,contentwords,946,0.9578500390052795
nllb200_1B,facebook/nllb-200-1.3B,17,contentwords,947,0.6779060363769531
nllb200_1B,facebook/nllb-200-1.3B,17,contentwords,948,0.7733951807022095
nllb200_1B,facebook/nllb-200-1.3B,17,contentwords,949,0.9660147428512573
nllb200_1B,facebook/nllb-200-1.3B,17,contentwords,950,0.9409841299057007
nllb200_1B,facebook/nllb-200-1.3B,17,contentwords,951,0.965561032295227
nllb200_1B,facebook/nllb-200-1.3B,17,contentwords,952,0.9215702414512634
nllb200_1B,facebook/nllb-200-1.3B,17,contentwords,953,0.7752817869186401
nllb200_1B,facebook/nllb-200-1.3B,17,contentwords,954,0.9217216372489929
nllb200_1B,facebook/nllb-200-1.3B,17,contentwords,955,0.9261306524276733
nllb200_1B,facebook/nllb-200-1.3B,17,contentwords,956,0.9505016207695007
nllb200_1B,facebook/nllb-200-1.3B,17,contentwords,957,0.9396002292633057
nllb200_1B,facebook/nllb-200-1.3B,17,contentwords,958,0.9295810461044312
nllb200_1B,facebook/nllb-200-1.3B,17,contentwords,959,0.940337061882019
nllb200_1B,facebook/nllb-200-1.3B,17,contentwords,960,0.9400942325592041
nllb200_1B,facebook/nllb-200-1.3B,17,contentwords,961,0.9582880139350891
nllb200_1B,facebook/nllb-200-1.3B,17,contentwords,962,0.9402968883514404
nllb200_1B,facebook/nllb-200-1.3B,17,contentwords,963,0.9550979137420654
nllb200_1B,facebook/nllb-200-1.3B,17,contentwords,964,0.9431792497634888
nllb200_1B,facebook/nllb-200-1.3B,17,contentwords,965,0.9581164121627808
nllb200_1B,facebook/nllb-200-1.3B,17,contentwords,966,0.9025416374206543
nllb200_1B,facebook/nllb-200-1.3B,17,contentwords,967,0.8992389440536499
nllb200_1B,facebook/nllb-200-1.3B,17,contentwords,968,0.9361991882324219
nllb200_1B,facebook/nllb-200-1.3B,17,contentwords,969,0.9372386932373047
nllb200_1B,facebook/nllb-200-1.3B,17,contentwords,970,0.7940100431442261
nllb200_1B,facebook/nllb-200-1.3B,17,contentwords,971,0.9431572556495667
nllb200_1B,facebook/nllb-200-1.3B,17,contentwords,972,0.9585797190666199
nllb200_1B,facebook/nllb-200-1.3B,17,contentwords,973,0.8325018882751465
nllb200_1B,facebook/nllb-200-1.3B,17,contentwords,974,0.9586825966835022
nllb200_1B,facebook/nllb-200-1.3B,17,contentwords,975,0.9128973484039307
nllb200_1B,facebook/nllb-200-1.3B,17,contentwords,976,0.9380039572715759
nllb200_1B,facebook/nllb-200-1.3B,17,contentwords,977,0.8353803753852844
nllb200_1B,facebook/nllb-200-1.3B,17,contentwords,978,0.9517728090286255
nllb200_1B,facebook/nllb-200-1.3B,17,contentwords,979,0.947123110294342
nllb200_1B,facebook/nllb-200-1.3B,17,contentwords,980,0.9473176598548889
nllb200_1B,facebook/nllb-200-1.3B,17,contentwords,981,0.9627066850662231
nllb200_1B,facebook/nllb-200-1.3B,17,contentwords,982,0.9410479664802551
nllb200_1B,facebook/nllb-200-1.3B,17,contentwords,983,0.9604834318161011
nllb200_1B,facebook/nllb-200-1.3B,17,contentwords,984,0.8366601467132568
nllb200_1B,facebook/nllb-200-1.3B,17,contentwords,985,0.9629527926445007
nllb200_1B,facebook/nllb-200-1.3B,17,contentwords,986,0.7959033250808716
nllb200_1B,facebook/nllb-200-1.3B,17,contentwords,987,0.9441815614700317
nllb200_1B,facebook/nllb-200-1.3B,17,contentwords,988,0.9483063220977783
nllb200_1B,facebook/nllb-200-1.3B,17,contentwords,989,0.76594078540802
nllb200_1B,facebook/nllb-200-1.3B,17,contentwords,990,0.7886002063751221
nllb200_1B,facebook/nllb-200-1.3B,17,contentwords,991,0.7913733720779419
nllb200_1B,facebook/nllb-200-1.3B,17,contentwords,992,0.9217138290405273
nllb200_1B,facebook/nllb-200-1.3B,17,contentwords,993,0.8172919750213623
nllb200_1B,facebook/nllb-200-1.3B,17,contentwords,994,0.9065972566604614
nllb200_1B,facebook/nllb-200-1.3B,17,contentwords,995,0.822232723236084
nllb200_1B,facebook/nllb-200-1.3B,17,contentwords,996,0.8338091373443604
nllb200_1B,facebook/nllb-200-1.3B,17,contentwords,997,0.9583083391189575
nllb200_1B,facebook/nllb-200-1.3B,17,contentwords,998,0.9495633840560913
nllb200_1B,facebook/nllb-200-1.3B,17,contentwords,999,0.9362688064575195
nllb200_1B,facebook/nllb-200-1.3B,17,nouns,0,0.925970196723938
nllb200_1B,facebook/nllb-200-1.3B,17,nouns,1,0.7829107642173767
nllb200_1B,facebook/nllb-200-1.3B,17,nouns,2,0.9309221506118774
nllb200_1B,facebook/nllb-200-1.3B,17,nouns,3,0.9340344667434692
nllb200_1B,facebook/nllb-200-1.3B,17,nouns,4,0.9524503946304321
nllb200_1B,facebook/nllb-200-1.3B,17,nouns,5,0.9526063203811646
nllb200_1B,facebook/nllb-200-1.3B,17,nouns,6,0.940814733505249
nllb200_1B,facebook/nllb-200-1.3B,17,nouns,7,0.9483281373977661
nllb200_1B,facebook/nllb-200-1.3B,17,nouns,8,0.9338811635971069
nllb200_1B,facebook/nllb-200-1.3B,17,nouns,9,0.9423636198043823
nllb200_1B,facebook/nllb-200-1.3B,17,nouns,10,0.944857120513916
nllb200_1B,facebook/nllb-200-1.3B,17,nouns,11,0.965304970741272
nllb200_1B,facebook/nllb-200-1.3B,17,nouns,12,0.9320579171180725
nllb200_1B,facebook/nllb-200-1.3B,17,nouns,13,0.9291566610336304
nllb200_1B,facebook/nllb-200-1.3B,17,nouns,14,0.9765180349349976
nllb200_1B,facebook/nllb-200-1.3B,17,nouns,15,0.9428776502609253
nllb200_1B,facebook/nllb-200-1.3B,17,nouns,16,0.9442979097366333
nllb200_1B,facebook/nllb-200-1.3B,17,nouns,17,0.9422227144241333
nllb200_1B,facebook/nllb-200-1.3B,17,nouns,18,0.9422425627708435
nllb200_1B,facebook/nllb-200-1.3B,17,nouns,19,0.9440592527389526
nllb200_1B,facebook/nllb-200-1.3B,17,nouns,20,0.9554625749588013
nllb200_1B,facebook/nllb-200-1.3B,17,nouns,21,0.9470636248588562
nllb200_1B,facebook/nllb-200-1.3B,17,nouns,22,0.9626189470291138
nllb200_1B,facebook/nllb-200-1.3B,17,nouns,23,0.9548459053039551
nllb200_1B,facebook/nllb-200-1.3B,17,nouns,24,0.958052396774292
nllb200_1B,facebook/nllb-200-1.3B,17,nouns,25,0.9558330774307251
nllb200_1B,facebook/nllb-200-1.3B,17,nouns,26,0.9567544460296631
nllb200_1B,facebook/nllb-200-1.3B,17,nouns,27,0.9403604865074158
nllb200_1B,facebook/nllb-200-1.3B,17,nouns,28,0.9539503455162048
nllb200_1B,facebook/nllb-200-1.3B,17,nouns,29,0.9530363082885742
nllb200_1B,facebook/nllb-200-1.3B,17,nouns,30,0.9374154806137085
nllb200_1B,facebook/nllb-200-1.3B,17,nouns,31,0.9425804615020752
nllb200_1B,facebook/nllb-200-1.3B,17,nouns,32,0.9338324069976807
nllb200_1B,facebook/nllb-200-1.3B,17,nouns,33,0.9397656917572021
nllb200_1B,facebook/nllb-200-1.3B,17,nouns,34,0.932781457901001
nllb200_1B,facebook/nllb-200-1.3B,17,nouns,35,0.9435722827911377
nllb200_1B,facebook/nllb-200-1.3B,17,nouns,36,0.9279152154922485
nllb200_1B,facebook/nllb-200-1.3B,17,nouns,37,0.9344254732131958
nllb200_1B,facebook/nllb-200-1.3B,17,nouns,38,0.9517942667007446
nllb200_1B,facebook/nllb-200-1.3B,17,nouns,39,0.9243096113204956
nllb200_1B,facebook/nllb-200-1.3B,17,nouns,40,0.9389855265617371
nllb200_1B,facebook/nllb-200-1.3B,17,nouns,41,0.9503194093704224
nllb200_1B,facebook/nllb-200-1.3B,17,nouns,42,0.8382459282875061
nllb200_1B,facebook/nllb-200-1.3B,17,nouns,43,0.955773115158081
nllb200_1B,facebook/nllb-200-1.3B,17,nouns,44,0.9582051634788513
nllb200_1B,facebook/nllb-200-1.3B,17,nouns,45,0.9556386470794678
nllb200_1B,facebook/nllb-200-1.3B,17,nouns,46,0.9545762538909912
nllb200_1B,facebook/nllb-200-1.3B,17,nouns,47,0.9220024347305298
nllb200_1B,facebook/nllb-200-1.3B,17,nouns,48,0.945407509803772
nllb200_1B,facebook/nllb-200-1.3B,17,nouns,49,0.9355562925338745
nllb200_1B,facebook/nllb-200-1.3B,17,nouns,50,0.9330602288246155
nllb200_1B,facebook/nllb-200-1.3B,17,nouns,51,0.9661979675292969
nllb200_1B,facebook/nllb-200-1.3B,17,nouns,52,0.9645787477493286
nllb200_1B,facebook/nllb-200-1.3B,17,nouns,53,0.9403668642044067
nllb200_1B,facebook/nllb-200-1.3B,17,nouns,54,0.9585741758346558
nllb200_1B,facebook/nllb-200-1.3B,17,nouns,55,0.9569345712661743
nllb200_1B,facebook/nllb-200-1.3B,17,nouns,56,0.9616538286209106
nllb200_1B,facebook/nllb-200-1.3B,17,nouns,57,0.964178204536438
nllb200_1B,facebook/nllb-200-1.3B,17,nouns,58,0.950717031955719
nllb200_1B,facebook/nllb-200-1.3B,17,nouns,59,0.9622165560722351
nllb200_1B,facebook/nllb-200-1.3B,17,nouns,60,0.9566909670829773
nllb200_1B,facebook/nllb-200-1.3B,17,nouns,61,0.9506417512893677
nllb200_1B,facebook/nllb-200-1.3B,17,nouns,62,0.8950403928756714
nllb200_1B,facebook/nllb-200-1.3B,17,nouns,63,0.9205687642097473
nllb200_1B,facebook/nllb-200-1.3B,17,nouns,64,0.9407861232757568
nllb200_1B,facebook/nllb-200-1.3B,17,nouns,65,0.9351394176483154
nllb200_1B,facebook/nllb-200-1.3B,17,nouns,66,0.9299299120903015
nllb200_1B,facebook/nllb-200-1.3B,17,nouns,67,0.9421430826187134
nllb200_1B,facebook/nllb-200-1.3B,17,nouns,68,0.9485442638397217
nllb200_1B,facebook/nllb-200-1.3B,17,nouns,69,0.7400826811790466
nllb200_1B,facebook/nllb-200-1.3B,17,nouns,70,0.9461467266082764
nllb200_1B,facebook/nllb-200-1.3B,17,nouns,71,0.9608442783355713
nllb200_1B,facebook/nllb-200-1.3B,17,nouns,72,0.9627093076705933
nllb200_1B,facebook/nllb-200-1.3B,17,nouns,73,0.9254847168922424
nllb200_1B,facebook/nllb-200-1.3B,17,nouns,74,0.9462802410125732
nllb200_1B,facebook/nllb-200-1.3B,17,nouns,75,0.9373204708099365
nllb200_1B,facebook/nllb-200-1.3B,17,nouns,76,0.6901423931121826
nllb200_1B,facebook/nllb-200-1.3B,17,nouns,77,0.9527794122695923
nllb200_1B,facebook/nllb-200-1.3B,17,nouns,78,0.8697947263717651
nllb200_1B,facebook/nllb-200-1.3B,17,nouns,79,0.9465962648391724
nllb200_1B,facebook/nllb-200-1.3B,17,nouns,80,0.9473376274108887
nllb200_1B,facebook/nllb-200-1.3B,17,nouns,81,0.8228386640548706
nllb200_1B,facebook/nllb-200-1.3B,17,nouns,82,0.9419636130332947
nllb200_1B,facebook/nllb-200-1.3B,17,nouns,83,0.8015949130058289
nllb200_1B,facebook/nllb-200-1.3B,17,nouns,84,0.961206316947937
nllb200_1B,facebook/nllb-200-1.3B,17,nouns,85,0.916772723197937
nllb200_1B,facebook/nllb-200-1.3B,17,nouns,86,0.9491050243377686
nllb200_1B,facebook/nllb-200-1.3B,17,nouns,87,0.7848390340805054
nllb200_1B,facebook/nllb-200-1.3B,17,nouns,88,0.9670562744140625
nllb200_1B,facebook/nllb-200-1.3B,17,nouns,89,0.6681110858917236
nllb200_1B,facebook/nllb-200-1.3B,17,nouns,90,0.7369465827941895
nllb200_1B,facebook/nllb-200-1.3B,17,nouns,91,0.9281349778175354
nllb200_1B,facebook/nllb-200-1.3B,17,nouns,92,0.7341064214706421
nllb200_1B,facebook/nllb-200-1.3B,17,nouns,93,0.7113332152366638
nllb200_1B,facebook/nllb-200-1.3B,17,nouns,94,0.9566084146499634
nllb200_1B,facebook/nllb-200-1.3B,17,nouns,95,0.9604784250259399
nllb200_1B,facebook/nllb-200-1.3B,17,nouns,96,0.9252114295959473
nllb200_1B,facebook/nllb-200-1.3B,17,nouns,97,0.9557543992996216
nllb200_1B,facebook/nllb-200-1.3B,17,nouns,98,0.7797453999519348
nllb200_1B,facebook/nllb-200-1.3B,17,nouns,99,0.9554705619812012
nllb200_1B,facebook/nllb-200-1.3B,17,nouns,100,0.9291302561759949
nllb200_1B,facebook/nllb-200-1.3B,17,nouns,101,0.8097215890884399
nllb200_1B,facebook/nllb-200-1.3B,17,nouns,102,0.7647689580917358
nllb200_1B,facebook/nllb-200-1.3B,17,nouns,103,0.9211331605911255
nllb200_1B,facebook/nllb-200-1.3B,17,nouns,104,0.9419502019882202
nllb200_1B,facebook/nllb-200-1.3B,17,nouns,105,0.9575833678245544
nllb200_1B,facebook/nllb-200-1.3B,17,nouns,106,0.9633065462112427
nllb200_1B,facebook/nllb-200-1.3B,17,nouns,107,0.7770791053771973
nllb200_1B,facebook/nllb-200-1.3B,17,nouns,108,0.9647409915924072
nllb200_1B,facebook/nllb-200-1.3B,17,nouns,109,0.9469306468963623
nllb200_1B,facebook/nllb-200-1.3B,17,nouns,110,0.9653853178024292
nllb200_1B,facebook/nllb-200-1.3B,17,nouns,111,0.9516519904136658
nllb200_1B,facebook/nllb-200-1.3B,17,nouns,112,0.9400774240493774
nllb200_1B,facebook/nllb-200-1.3B,17,nouns,113,0.9392719268798828
nllb200_1B,facebook/nllb-200-1.3B,17,nouns,114,0.9505261182785034
nllb200_1B,facebook/nllb-200-1.3B,17,nouns,115,0.9581115245819092
nllb200_1B,facebook/nllb-200-1.3B,17,nouns,116,0.9185182452201843
nllb200_1B,facebook/nllb-200-1.3B,17,nouns,117,0.9434710741043091
nllb200_1B,facebook/nllb-200-1.3B,17,nouns,118,0.948415994644165
nllb200_1B,facebook/nllb-200-1.3B,17,nouns,119,0.9591925144195557
nllb200_1B,facebook/nllb-200-1.3B,17,nouns,120,0.9331880807876587
nllb200_1B,facebook/nllb-200-1.3B,17,nouns,121,0.927338182926178
nllb200_1B,facebook/nllb-200-1.3B,17,nouns,122,0.9235503673553467
nllb200_1B,facebook/nllb-200-1.3B,17,nouns,123,0.9493794441223145
nllb200_1B,facebook/nllb-200-1.3B,17,nouns,124,0.9549265503883362
nllb200_1B,facebook/nllb-200-1.3B,17,nouns,125,0.9369033575057983
nllb200_1B,facebook/nllb-200-1.3B,17,nouns,126,0.9416664838790894
nllb200_1B,facebook/nllb-200-1.3B,17,nouns,127,0.9518603086471558
nllb200_1B,facebook/nllb-200-1.3B,17,nouns,128,0.9316051602363586
nllb200_1B,facebook/nllb-200-1.3B,17,nouns,129,0.957597017288208
nllb200_1B,facebook/nllb-200-1.3B,17,nouns,130,0.9419859647750854
nllb200_1B,facebook/nllb-200-1.3B,17,nouns,131,0.9341709017753601
nllb200_1B,facebook/nllb-200-1.3B,17,nouns,132,0.9369865655899048
nllb200_1B,facebook/nllb-200-1.3B,17,nouns,133,0.9315574765205383
nllb200_1B,facebook/nllb-200-1.3B,17,nouns,134,0.9392852783203125
nllb200_1B,facebook/nllb-200-1.3B,17,nouns,135,0.951683521270752
nllb200_1B,facebook/nllb-200-1.3B,17,nouns,136,0.9580105543136597
nllb200_1B,facebook/nllb-200-1.3B,17,nouns,137,0.9365957975387573
nllb200_1B,facebook/nllb-200-1.3B,17,nouns,138,0.9429253339767456
nllb200_1B,facebook/nllb-200-1.3B,17,nouns,139,0.9468550682067871
nllb200_1B,facebook/nllb-200-1.3B,17,nouns,140,0.9520825147628784
nllb200_1B,facebook/nllb-200-1.3B,17,nouns,141,0.9363580942153931
nllb200_1B,facebook/nllb-200-1.3B,17,nouns,142,0.9457051753997803
nllb200_1B,facebook/nllb-200-1.3B,17,nouns,143,0.9193162322044373
nllb200_1B,facebook/nllb-200-1.3B,17,nouns,144,0.9560151100158691
nllb200_1B,facebook/nllb-200-1.3B,17,nouns,145,0.9438142776489258
nllb200_1B,facebook/nllb-200-1.3B,17,nouns,146,0.9493683576583862
nllb200_1B,facebook/nllb-200-1.3B,17,nouns,147,0.9573637843132019
nllb200_1B,facebook/nllb-200-1.3B,17,nouns,148,0.9487600326538086
nllb200_1B,facebook/nllb-200-1.3B,17,nouns,149,0.9603152275085449
nllb200_1B,facebook/nllb-200-1.3B,17,nouns,150,0.9423064589500427
nllb200_1B,facebook/nllb-200-1.3B,17,nouns,151,0.9059252738952637
nllb200_1B,facebook/nllb-200-1.3B,17,nouns,152,0.9395722150802612
nllb200_1B,facebook/nllb-200-1.3B,17,nouns,153,0.9478708505630493
nllb200_1B,facebook/nllb-200-1.3B,17,nouns,154,0.9285324811935425
nllb200_1B,facebook/nllb-200-1.3B,17,nouns,155,0.9452760219573975
nllb200_1B,facebook/nllb-200-1.3B,17,nouns,156,0.9713337421417236
nllb200_1B,facebook/nllb-200-1.3B,17,nouns,157,0.959029495716095
nllb200_1B,facebook/nllb-200-1.3B,17,nouns,158,0.9464125037193298
nllb200_1B,facebook/nllb-200-1.3B,17,nouns,159,0.9579287767410278
nllb200_1B,facebook/nllb-200-1.3B,17,nouns,160,0.8978773355484009
nllb200_1B,facebook/nllb-200-1.3B,17,nouns,161,0.9424356818199158
nllb200_1B,facebook/nllb-200-1.3B,17,nouns,162,0.9214617609977722
nllb200_1B,facebook/nllb-200-1.3B,17,nouns,163,0.9387682676315308
nllb200_1B,facebook/nllb-200-1.3B,17,nouns,164,0.9259693622589111
nllb200_1B,facebook/nllb-200-1.3B,17,nouns,165,0.9620575904846191
nllb200_1B,facebook/nllb-200-1.3B,17,nouns,166,0.9489785432815552
nllb200_1B,facebook/nllb-200-1.3B,17,nouns,167,0.9485338926315308
nllb200_1B,facebook/nllb-200-1.3B,17,nouns,168,0.9494991302490234
nllb200_1B,facebook/nllb-200-1.3B,17,nouns,169,0.9514716863632202
nllb200_1B,facebook/nllb-200-1.3B,17,nouns,170,0.9549098610877991
nllb200_1B,facebook/nllb-200-1.3B,17,nouns,171,0.9485455751419067
nllb200_1B,facebook/nllb-200-1.3B,17,nouns,172,0.9176376461982727
nllb200_1B,facebook/nllb-200-1.3B,17,nouns,173,0.9411373138427734
nllb200_1B,facebook/nllb-200-1.3B,17,nouns,174,0.9637497663497925
nllb200_1B,facebook/nllb-200-1.3B,17,nouns,175,0.9523912668228149
nllb200_1B,facebook/nllb-200-1.3B,17,nouns,176,0.937261700630188
nllb200_1B,facebook/nllb-200-1.3B,17,nouns,177,0.9335174560546875
nllb200_1B,facebook/nllb-200-1.3B,17,nouns,178,0.8995670080184937
nllb200_1B,facebook/nllb-200-1.3B,17,nouns,179,0.9577521085739136
nllb200_1B,facebook/nllb-200-1.3B,17,nouns,180,0.9118098020553589
nllb200_1B,facebook/nllb-200-1.3B,17,nouns,181,0.6594640612602234
nllb200_1B,facebook/nllb-200-1.3B,17,nouns,182,0.9621309638023376
nllb200_1B,facebook/nllb-200-1.3B,17,nouns,183,0.9146822690963745
nllb200_1B,facebook/nllb-200-1.3B,17,nouns,184,0.9263304471969604
nllb200_1B,facebook/nllb-200-1.3B,17,nouns,185,0.8460862636566162
nllb200_1B,facebook/nllb-200-1.3B,17,nouns,186,0.9167681336402893
nllb200_1B,facebook/nllb-200-1.3B,17,nouns,187,0.7424593567848206
nllb200_1B,facebook/nllb-200-1.3B,17,nouns,188,0.9331345558166504
nllb200_1B,facebook/nllb-200-1.3B,17,nouns,189,0.9522676467895508
nllb200_1B,facebook/nllb-200-1.3B,17,nouns,190,0.873185396194458
nllb200_1B,facebook/nllb-200-1.3B,17,nouns,191,0.9357393383979797
nllb200_1B,facebook/nllb-200-1.3B,17,nouns,192,0.9592173099517822
nllb200_1B,facebook/nllb-200-1.3B,17,nouns,193,0.964966893196106
nllb200_1B,facebook/nllb-200-1.3B,17,nouns,194,0.943572998046875
nllb200_1B,facebook/nllb-200-1.3B,17,nouns,195,0.7988466024398804
nllb200_1B,facebook/nllb-200-1.3B,17,nouns,196,0.9522956609725952
nllb200_1B,facebook/nllb-200-1.3B,17,nouns,197,0.6131101250648499
nllb200_1B,facebook/nllb-200-1.3B,17,nouns,198,0.7838336229324341
nllb200_1B,facebook/nllb-200-1.3B,17,nouns,199,0.914100170135498
nllb200_1B,facebook/nllb-200-1.3B,17,nouns,200,0.9449446797370911
nllb200_1B,facebook/nllb-200-1.3B,17,nouns,201,0.9351417422294617
nllb200_1B,facebook/nllb-200-1.3B,17,nouns,202,0.9605753421783447
nllb200_1B,facebook/nllb-200-1.3B,17,nouns,203,0.9387937784194946
nllb200_1B,facebook/nllb-200-1.3B,17,nouns,204,0.9484846591949463
nllb200_1B,facebook/nllb-200-1.3B,17,nouns,205,0.9401196241378784
nllb200_1B,facebook/nllb-200-1.3B,17,nouns,206,0.9434236288070679
nllb200_1B,facebook/nllb-200-1.3B,17,nouns,207,0.935764729976654
nllb200_1B,facebook/nllb-200-1.3B,17,nouns,208,0.9544167518615723
nllb200_1B,facebook/nllb-200-1.3B,17,nouns,209,0.9580844640731812
nllb200_1B,facebook/nllb-200-1.3B,17,nouns,210,0.955957293510437
nllb200_1B,facebook/nllb-200-1.3B,17,nouns,211,0.9337142109870911
nllb200_1B,facebook/nllb-200-1.3B,17,nouns,212,0.902334451675415
nllb200_1B,facebook/nllb-200-1.3B,17,nouns,213,0.920133113861084
nllb200_1B,facebook/nllb-200-1.3B,17,nouns,214,0.9413440227508545
nllb200_1B,facebook/nllb-200-1.3B,17,nouns,215,0.9529455900192261
nllb200_1B,facebook/nllb-200-1.3B,17,nouns,216,0.7452422380447388
nllb200_1B,facebook/nllb-200-1.3B,17,nouns,217,0.7853180170059204
nllb200_1B,facebook/nllb-200-1.3B,17,nouns,218,0.9552712440490723
nllb200_1B,facebook/nllb-200-1.3B,17,nouns,219,0.9161599278450012
nllb200_1B,facebook/nllb-200-1.3B,17,nouns,220,0.9429495930671692
nllb200_1B,facebook/nllb-200-1.3B,17,nouns,221,0.9575384855270386
nllb200_1B,facebook/nllb-200-1.3B,17,nouns,222,0.9698315858840942
nllb200_1B,facebook/nllb-200-1.3B,17,nouns,223,0.7487959861755371
nllb200_1B,facebook/nllb-200-1.3B,17,nouns,224,0.9599400162696838
nllb200_1B,facebook/nllb-200-1.3B,17,nouns,225,0.8119317293167114
nllb200_1B,facebook/nllb-200-1.3B,17,nouns,226,0.9507505893707275
nllb200_1B,facebook/nllb-200-1.3B,17,nouns,227,0.9585058093070984
nllb200_1B,facebook/nllb-200-1.3B,17,nouns,228,0.9321093559265137
nllb200_1B,facebook/nllb-200-1.3B,17,nouns,229,0.9583748579025269
nllb200_1B,facebook/nllb-200-1.3B,17,nouns,230,0.9592204689979553
nllb200_1B,facebook/nllb-200-1.3B,17,nouns,231,0.7625072002410889
nllb200_1B,facebook/nllb-200-1.3B,17,nouns,232,0.7682491540908813
nllb200_1B,facebook/nllb-200-1.3B,17,nouns,233,0.9599339962005615
nllb200_1B,facebook/nllb-200-1.3B,17,nouns,234,0.9593569040298462
nllb200_1B,facebook/nllb-200-1.3B,17,nouns,235,0.7897083163261414
nllb200_1B,facebook/nllb-200-1.3B,17,nouns,236,0.7536256313323975
nllb200_1B,facebook/nllb-200-1.3B,17,nouns,237,0.7314243316650391
nllb200_1B,facebook/nllb-200-1.3B,17,nouns,238,0.9577288627624512
nllb200_1B,facebook/nllb-200-1.3B,17,nouns,239,0.6984319686889648
nllb200_1B,facebook/nllb-200-1.3B,17,nouns,240,0.9608914852142334
nllb200_1B,facebook/nllb-200-1.3B,17,nouns,241,0.911859393119812
nllb200_1B,facebook/nllb-200-1.3B,17,nouns,242,0.9359413981437683
nllb200_1B,facebook/nllb-200-1.3B,17,nouns,243,0.8486604690551758
nllb200_1B,facebook/nllb-200-1.3B,17,nouns,244,0.9617483615875244
nllb200_1B,facebook/nllb-200-1.3B,17,nouns,245,0.928815484046936
nllb200_1B,facebook/nllb-200-1.3B,17,nouns,246,0.956048309803009
nllb200_1B,facebook/nllb-200-1.3B,17,nouns,247,0.9591480493545532
nllb200_1B,facebook/nllb-200-1.3B,17,nouns,248,0.8051955103874207
nllb200_1B,facebook/nllb-200-1.3B,17,nouns,249,0.9527419805526733
nllb200_1B,facebook/nllb-200-1.3B,17,nouns,250,0.9618635177612305
nllb200_1B,facebook/nllb-200-1.3B,17,nouns,251,0.9569023251533508
nllb200_1B,facebook/nllb-200-1.3B,17,nouns,252,0.9545236229896545
nllb200_1B,facebook/nllb-200-1.3B,17,nouns,253,0.9505460262298584
nllb200_1B,facebook/nllb-200-1.3B,17,nouns,254,0.6918344497680664
nllb200_1B,facebook/nllb-200-1.3B,17,nouns,255,0.9473022222518921
nllb200_1B,facebook/nllb-200-1.3B,17,nouns,256,0.9497950673103333
nllb200_1B,facebook/nllb-200-1.3B,17,nouns,257,0.9383799433708191
nllb200_1B,facebook/nllb-200-1.3B,17,nouns,258,0.9509663581848145
nllb200_1B,facebook/nllb-200-1.3B,17,nouns,259,0.9500292539596558
nllb200_1B,facebook/nllb-200-1.3B,17,nouns,260,0.8081265687942505
nllb200_1B,facebook/nllb-200-1.3B,17,nouns,261,0.9567301273345947
nllb200_1B,facebook/nllb-200-1.3B,17,nouns,262,0.833724856376648
nllb200_1B,facebook/nllb-200-1.3B,17,nouns,263,0.9465935826301575
nllb200_1B,facebook/nllb-200-1.3B,17,nouns,264,0.8048142194747925
nllb200_1B,facebook/nllb-200-1.3B,17,nouns,265,0.916816234588623
nllb200_1B,facebook/nllb-200-1.3B,17,nouns,266,0.9500129222869873
nllb200_1B,facebook/nllb-200-1.3B,17,nouns,267,0.9537367820739746
nllb200_1B,facebook/nllb-200-1.3B,17,nouns,268,0.9514148235321045
nllb200_1B,facebook/nllb-200-1.3B,17,nouns,269,0.9521607160568237
nllb200_1B,facebook/nllb-200-1.3B,17,nouns,270,0.9523017406463623
nllb200_1B,facebook/nllb-200-1.3B,17,nouns,271,0.7168782949447632
nllb200_1B,facebook/nllb-200-1.3B,17,nouns,272,0.9680074453353882
nllb200_1B,facebook/nllb-200-1.3B,17,nouns,273,0.9586719274520874
nllb200_1B,facebook/nllb-200-1.3B,17,nouns,274,0.7193987369537354
nllb200_1B,facebook/nllb-200-1.3B,17,nouns,275,0.9522260427474976
nllb200_1B,facebook/nllb-200-1.3B,17,nouns,276,0.9573960304260254
nllb200_1B,facebook/nllb-200-1.3B,17,nouns,277,0.9477262496948242
nllb200_1B,facebook/nllb-200-1.3B,17,nouns,278,0.9609063863754272
nllb200_1B,facebook/nllb-200-1.3B,17,nouns,279,0.9608182311058044
nllb200_1B,facebook/nllb-200-1.3B,17,nouns,280,0.9439988732337952
nllb200_1B,facebook/nllb-200-1.3B,17,nouns,281,0.9689702987670898
nllb200_1B,facebook/nllb-200-1.3B,17,nouns,282,0.9584355354309082
nllb200_1B,facebook/nllb-200-1.3B,17,nouns,283,0.935688853263855
nllb200_1B,facebook/nllb-200-1.3B,17,nouns,284,0.9452707767486572
nllb200_1B,facebook/nllb-200-1.3B,17,nouns,285,0.9627062082290649
nllb200_1B,facebook/nllb-200-1.3B,17,nouns,286,0.947705864906311
nllb200_1B,facebook/nllb-200-1.3B,17,nouns,287,0.947414755821228
nllb200_1B,facebook/nllb-200-1.3B,17,nouns,288,0.9449566602706909
nllb200_1B,facebook/nllb-200-1.3B,17,nouns,289,0.9526557922363281
nllb200_1B,facebook/nllb-200-1.3B,17,nouns,290,0.933681845664978
nllb200_1B,facebook/nllb-200-1.3B,17,nouns,291,0.9587594866752625
nllb200_1B,facebook/nllb-200-1.3B,17,nouns,292,0.9584321975708008
nllb200_1B,facebook/nllb-200-1.3B,17,nouns,293,0.9595993757247925
nllb200_1B,facebook/nllb-200-1.3B,17,nouns,294,0.9524718523025513
nllb200_1B,facebook/nllb-200-1.3B,17,nouns,295,0.9431160092353821
nllb200_1B,facebook/nllb-200-1.3B,17,nouns,296,0.956565797328949
nllb200_1B,facebook/nllb-200-1.3B,17,nouns,297,0.9619095921516418
nllb200_1B,facebook/nllb-200-1.3B,17,nouns,298,0.9398056268692017
nllb200_1B,facebook/nllb-200-1.3B,17,nouns,299,0.9431453943252563
nllb200_1B,facebook/nllb-200-1.3B,17,nouns,300,0.9024429321289062
nllb200_1B,facebook/nllb-200-1.3B,17,nouns,301,0.9589934945106506
nllb200_1B,facebook/nllb-200-1.3B,17,nouns,302,0.9447136521339417
nllb200_1B,facebook/nllb-200-1.3B,17,nouns,303,0.9453381299972534
nllb200_1B,facebook/nllb-200-1.3B,17,nouns,304,0.9473424553871155
nllb200_1B,facebook/nllb-200-1.3B,17,nouns,305,0.9429396986961365
nllb200_1B,facebook/nllb-200-1.3B,17,nouns,306,0.9507202506065369
nllb200_1B,facebook/nllb-200-1.3B,17,nouns,307,0.9360824823379517
nllb200_1B,facebook/nllb-200-1.3B,17,nouns,308,0.9499231576919556
nllb200_1B,facebook/nllb-200-1.3B,17,nouns,309,0.9528783559799194
nllb200_1B,facebook/nllb-200-1.3B,17,nouns,310,0.9618946313858032
nllb200_1B,facebook/nllb-200-1.3B,17,nouns,311,0.9391523003578186
nllb200_1B,facebook/nllb-200-1.3B,17,nouns,312,0.9247542023658752
nllb200_1B,facebook/nllb-200-1.3B,17,nouns,313,0.9381880164146423
nllb200_1B,facebook/nllb-200-1.3B,17,nouns,314,0.9581595659255981
nllb200_1B,facebook/nllb-200-1.3B,17,nouns,315,0.9266242980957031
nllb200_1B,facebook/nllb-200-1.3B,17,nouns,316,0.9587305784225464
nllb200_1B,facebook/nllb-200-1.3B,17,nouns,317,0.946149468421936
nllb200_1B,facebook/nllb-200-1.3B,17,nouns,318,0.9522503614425659
nllb200_1B,facebook/nllb-200-1.3B,17,nouns,319,0.961315393447876
nllb200_1B,facebook/nllb-200-1.3B,17,nouns,320,0.9262264966964722
nllb200_1B,facebook/nllb-200-1.3B,17,nouns,321,0.9589686393737793
nllb200_1B,facebook/nllb-200-1.3B,17,nouns,322,0.9453973770141602
nllb200_1B,facebook/nllb-200-1.3B,17,nouns,323,0.9674370288848877
nllb200_1B,facebook/nllb-200-1.3B,17,nouns,324,0.9548829793930054
nllb200_1B,facebook/nllb-200-1.3B,17,nouns,325,0.9662184715270996
nllb200_1B,facebook/nllb-200-1.3B,17,nouns,326,0.9512970447540283
nllb200_1B,facebook/nllb-200-1.3B,17,nouns,327,0.9669811129570007
nllb200_1B,facebook/nllb-200-1.3B,17,nouns,328,0.9622656106948853
nllb200_1B,facebook/nllb-200-1.3B,17,nouns,329,0.9424796104431152
nllb200_1B,facebook/nllb-200-1.3B,17,nouns,330,0.9327981472015381
nllb200_1B,facebook/nllb-200-1.3B,17,nouns,331,0.9360703229904175
nllb200_1B,facebook/nllb-200-1.3B,17,nouns,332,0.9364469647407532
nllb200_1B,facebook/nllb-200-1.3B,17,nouns,333,0.9439061880111694
nllb200_1B,facebook/nllb-200-1.3B,17,nouns,334,0.9389243125915527
nllb200_1B,facebook/nllb-200-1.3B,17,nouns,335,0.9284263849258423
nllb200_1B,facebook/nllb-200-1.3B,17,nouns,336,0.9640146493911743
nllb200_1B,facebook/nllb-200-1.3B,17,nouns,337,0.9260261058807373
nllb200_1B,facebook/nllb-200-1.3B,17,nouns,338,0.9492578506469727
nllb200_1B,facebook/nllb-200-1.3B,17,nouns,339,0.9482772350311279
nllb200_1B,facebook/nllb-200-1.3B,17,nouns,340,0.8829429149627686
nllb200_1B,facebook/nllb-200-1.3B,17,nouns,341,0.954076886177063
nllb200_1B,facebook/nllb-200-1.3B,17,nouns,342,0.9646589159965515
nllb200_1B,facebook/nllb-200-1.3B,17,nouns,343,0.9470548629760742
nllb200_1B,facebook/nllb-200-1.3B,17,nouns,344,0.9434453248977661
nllb200_1B,facebook/nllb-200-1.3B,17,nouns,345,0.9495198726654053
nllb200_1B,facebook/nllb-200-1.3B,17,nouns,346,0.9078750014305115
nllb200_1B,facebook/nllb-200-1.3B,17,nouns,347,0.9442920684814453
nllb200_1B,facebook/nllb-200-1.3B,17,nouns,348,0.940232515335083
nllb200_1B,facebook/nllb-200-1.3B,17,nouns,349,0.9410879611968994
nllb200_1B,facebook/nllb-200-1.3B,17,nouns,350,0.9583809971809387
nllb200_1B,facebook/nllb-200-1.3B,17,nouns,351,0.9546806216239929
nllb200_1B,facebook/nllb-200-1.3B,17,nouns,352,0.9485408067703247
nllb200_1B,facebook/nllb-200-1.3B,17,nouns,353,0.9488192796707153
nllb200_1B,facebook/nllb-200-1.3B,17,nouns,354,0.951394259929657
nllb200_1B,facebook/nllb-200-1.3B,17,nouns,355,0.772331714630127
nllb200_1B,facebook/nllb-200-1.3B,17,nouns,356,0.9315482378005981
nllb200_1B,facebook/nllb-200-1.3B,17,nouns,357,0.9665471315383911
nllb200_1B,facebook/nllb-200-1.3B,17,nouns,358,0.9628044366836548
nllb200_1B,facebook/nllb-200-1.3B,17,nouns,359,0.9308567047119141
nllb200_1B,facebook/nllb-200-1.3B,17,nouns,360,0.9646856188774109
nllb200_1B,facebook/nllb-200-1.3B,17,nouns,361,0.9545651078224182
nllb200_1B,facebook/nllb-200-1.3B,17,nouns,362,0.939363956451416
nllb200_1B,facebook/nllb-200-1.3B,17,nouns,363,0.9366568326950073
nllb200_1B,facebook/nllb-200-1.3B,17,nouns,364,0.9434758424758911
nllb200_1B,facebook/nllb-200-1.3B,17,nouns,365,0.9182577133178711
nllb200_1B,facebook/nllb-200-1.3B,17,nouns,366,0.9583767056465149
nllb200_1B,facebook/nllb-200-1.3B,17,nouns,367,0.9435817003250122
nllb200_1B,facebook/nllb-200-1.3B,17,nouns,368,0.9628517627716064
nllb200_1B,facebook/nllb-200-1.3B,17,nouns,369,0.9551336765289307
nllb200_1B,facebook/nllb-200-1.3B,17,nouns,370,0.9453437328338623
nllb200_1B,facebook/nllb-200-1.3B,17,nouns,371,0.9491608142852783
nllb200_1B,facebook/nllb-200-1.3B,17,nouns,372,0.951563835144043
nllb200_1B,facebook/nllb-200-1.3B,17,nouns,373,0.9601309299468994
nllb200_1B,facebook/nllb-200-1.3B,17,nouns,374,0.9503356218338013
nllb200_1B,facebook/nllb-200-1.3B,17,nouns,375,0.959947943687439
nllb200_1B,facebook/nllb-200-1.3B,17,nouns,376,0.9449659585952759
nllb200_1B,facebook/nllb-200-1.3B,17,nouns,377,0.865041971206665
nllb200_1B,facebook/nllb-200-1.3B,17,nouns,378,0.9606067538261414
nllb200_1B,facebook/nllb-200-1.3B,17,nouns,379,0.9554259777069092
nllb200_1B,facebook/nllb-200-1.3B,17,nouns,380,0.9170095324516296
nllb200_1B,facebook/nllb-200-1.3B,17,nouns,381,0.6949901580810547
nllb200_1B,facebook/nllb-200-1.3B,17,nouns,382,0.7969809770584106
nllb200_1B,facebook/nllb-200-1.3B,17,nouns,383,0.7415016889572144
nllb200_1B,facebook/nllb-200-1.3B,17,nouns,384,0.9027833342552185
nllb200_1B,facebook/nllb-200-1.3B,17,nouns,385,0.9403496384620667
nllb200_1B,facebook/nllb-200-1.3B,17,nouns,386,0.8099852800369263
nllb200_1B,facebook/nllb-200-1.3B,17,nouns,387,0.9249851107597351
nllb200_1B,facebook/nllb-200-1.3B,17,nouns,388,0.7976027727127075
nllb200_1B,facebook/nllb-200-1.3B,17,nouns,389,0.8054722547531128
nllb200_1B,facebook/nllb-200-1.3B,17,nouns,390,0.9049159288406372
nllb200_1B,facebook/nllb-200-1.3B,17,nouns,391,0.7923275232315063
nllb200_1B,facebook/nllb-200-1.3B,17,nouns,392,0.7973952889442444
nllb200_1B,facebook/nllb-200-1.3B,17,nouns,393,0.8274664282798767
nllb200_1B,facebook/nllb-200-1.3B,17,nouns,394,0.8023645877838135
nllb200_1B,facebook/nllb-200-1.3B,17,nouns,395,0.7554953098297119
nllb200_1B,facebook/nllb-200-1.3B,17,nouns,396,0.740795373916626
nllb200_1B,facebook/nllb-200-1.3B,17,nouns,397,0.7987024784088135
nllb200_1B,facebook/nllb-200-1.3B,17,nouns,398,0.6835110187530518
nllb200_1B,facebook/nllb-200-1.3B,17,nouns,399,0.9301776885986328
nllb200_1B,facebook/nllb-200-1.3B,17,nouns,400,0.965550422668457
nllb200_1B,facebook/nllb-200-1.3B,17,nouns,401,0.9487733840942383
nllb200_1B,facebook/nllb-200-1.3B,17,nouns,402,0.9638029336929321
nllb200_1B,facebook/nllb-200-1.3B,17,nouns,403,0.9008306264877319
nllb200_1B,facebook/nllb-200-1.3B,17,nouns,404,0.9439874291419983
nllb200_1B,facebook/nllb-200-1.3B,17,nouns,405,0.9430421590805054
nllb200_1B,facebook/nllb-200-1.3B,17,nouns,406,0.9291614890098572
nllb200_1B,facebook/nllb-200-1.3B,17,nouns,407,0.9490975141525269
nllb200_1B,facebook/nllb-200-1.3B,17,nouns,408,0.9601353406906128
nllb200_1B,facebook/nllb-200-1.3B,17,nouns,409,0.9332314729690552
nllb200_1B,facebook/nllb-200-1.3B,17,nouns,410,0.9218428134918213
nllb200_1B,facebook/nllb-200-1.3B,17,nouns,411,0.9332223534584045
nllb200_1B,facebook/nllb-200-1.3B,17,nouns,412,0.7692552208900452
nllb200_1B,facebook/nllb-200-1.3B,17,nouns,413,0.9279557466506958
nllb200_1B,facebook/nllb-200-1.3B,17,nouns,414,0.9553056359291077
nllb200_1B,facebook/nllb-200-1.3B,17,nouns,415,0.9380011558532715
nllb200_1B,facebook/nllb-200-1.3B,17,nouns,416,0.9603962302207947
nllb200_1B,facebook/nllb-200-1.3B,17,nouns,417,0.9620538949966431
nllb200_1B,facebook/nllb-200-1.3B,17,nouns,418,0.9623913168907166
nllb200_1B,facebook/nllb-200-1.3B,17,nouns,419,0.967491626739502
nllb200_1B,facebook/nllb-200-1.3B,17,nouns,420,0.9537447094917297
nllb200_1B,facebook/nllb-200-1.3B,17,nouns,421,0.7307180166244507
nllb200_1B,facebook/nllb-200-1.3B,17,nouns,422,0.7708672285079956
nllb200_1B,facebook/nllb-200-1.3B,17,nouns,423,0.9612757563591003
nllb200_1B,facebook/nllb-200-1.3B,17,nouns,424,0.9604803323745728
nllb200_1B,facebook/nllb-200-1.3B,17,nouns,425,0.6798095703125
nllb200_1B,facebook/nllb-200-1.3B,17,nouns,426,0.9553893208503723
nllb200_1B,facebook/nllb-200-1.3B,17,nouns,427,0.9439337849617004
nllb200_1B,facebook/nllb-200-1.3B,17,nouns,428,0.9604650735855103
nllb200_1B,facebook/nllb-200-1.3B,17,nouns,429,0.9541647434234619
nllb200_1B,facebook/nllb-200-1.3B,17,nouns,430,0.9000399112701416
nllb200_1B,facebook/nllb-200-1.3B,17,nouns,431,0.9476814270019531
nllb200_1B,facebook/nllb-200-1.3B,17,nouns,432,0.9563838243484497
nllb200_1B,facebook/nllb-200-1.3B,17,nouns,433,0.9403666257858276
nllb200_1B,facebook/nllb-200-1.3B,17,nouns,434,0.9097148180007935
nllb200_1B,facebook/nllb-200-1.3B,17,nouns,435,0.9492632150650024
nllb200_1B,facebook/nllb-200-1.3B,17,nouns,436,0.9450667500495911
nllb200_1B,facebook/nllb-200-1.3B,17,nouns,437,0.9182623624801636
nllb200_1B,facebook/nllb-200-1.3B,17,nouns,438,0.9304530620574951
nllb200_1B,facebook/nllb-200-1.3B,17,nouns,439,0.944919228553772
nllb200_1B,facebook/nllb-200-1.3B,17,nouns,440,0.9527122974395752
nllb200_1B,facebook/nllb-200-1.3B,17,nouns,441,0.9570820331573486
nllb200_1B,facebook/nllb-200-1.3B,17,nouns,442,0.9459846019744873
nllb200_1B,facebook/nllb-200-1.3B,17,nouns,443,0.956847071647644
nllb200_1B,facebook/nllb-200-1.3B,17,nouns,444,0.7460950613021851
nllb200_1B,facebook/nllb-200-1.3B,17,nouns,445,0.8773247003555298
nllb200_1B,facebook/nllb-200-1.3B,17,nouns,446,0.7336933612823486
nllb200_1B,facebook/nllb-200-1.3B,17,nouns,447,0.8330909609794617
nllb200_1B,facebook/nllb-200-1.3B,17,nouns,448,0.9560961127281189
nllb200_1B,facebook/nllb-200-1.3B,17,nouns,449,0.9481838941574097
nllb200_1B,facebook/nllb-200-1.3B,17,nouns,450,0.9506394863128662
nllb200_1B,facebook/nllb-200-1.3B,17,nouns,451,0.7760629057884216
nllb200_1B,facebook/nllb-200-1.3B,17,nouns,452,0.9256553649902344
nllb200_1B,facebook/nllb-200-1.3B,17,nouns,453,0.9323233366012573
nllb200_1B,facebook/nllb-200-1.3B,17,nouns,454,0.9441319704055786
nllb200_1B,facebook/nllb-200-1.3B,17,nouns,455,0.9456762671470642
nllb200_1B,facebook/nllb-200-1.3B,17,nouns,456,0.9234186410903931
nllb200_1B,facebook/nllb-200-1.3B,17,nouns,457,0.9314653873443604
nllb200_1B,facebook/nllb-200-1.3B,17,nouns,458,0.9465157985687256
nllb200_1B,facebook/nllb-200-1.3B,17,nouns,459,0.9621479511260986
nllb200_1B,facebook/nllb-200-1.3B,17,nouns,460,0.936431348323822
nllb200_1B,facebook/nllb-200-1.3B,17,nouns,461,0.9471625089645386
nllb200_1B,facebook/nllb-200-1.3B,17,nouns,462,0.929200291633606
nllb200_1B,facebook/nllb-200-1.3B,17,nouns,463,0.960234522819519
nllb200_1B,facebook/nllb-200-1.3B,17,nouns,464,0.9545446634292603
nllb200_1B,facebook/nllb-200-1.3B,17,nouns,465,0.9079179763793945
nllb200_1B,facebook/nllb-200-1.3B,17,nouns,466,0.9546388983726501
nllb200_1B,facebook/nllb-200-1.3B,17,nouns,467,0.9437339305877686
nllb200_1B,facebook/nllb-200-1.3B,17,nouns,468,0.9528670907020569
nllb200_1B,facebook/nllb-200-1.3B,17,nouns,469,0.9658052921295166
nllb200_1B,facebook/nllb-200-1.3B,17,nouns,470,0.9516524076461792
nllb200_1B,facebook/nllb-200-1.3B,17,nouns,471,0.9245836138725281
nllb200_1B,facebook/nllb-200-1.3B,17,nouns,472,0.9217508435249329
nllb200_1B,facebook/nllb-200-1.3B,17,nouns,473,0.9069112539291382
nllb200_1B,facebook/nllb-200-1.3B,17,nouns,474,0.7586033344268799
nllb200_1B,facebook/nllb-200-1.3B,17,nouns,475,0.7792641520500183
nllb200_1B,facebook/nllb-200-1.3B,17,nouns,476,0.921619713306427
nllb200_1B,facebook/nllb-200-1.3B,17,nouns,477,0.9420497417449951
nllb200_1B,facebook/nllb-200-1.3B,17,nouns,478,0.962419867515564
nllb200_1B,facebook/nllb-200-1.3B,17,nouns,479,0.9539430141448975
nllb200_1B,facebook/nllb-200-1.3B,17,nouns,480,0.9556305408477783
nllb200_1B,facebook/nllb-200-1.3B,17,nouns,481,0.9532666802406311
nllb200_1B,facebook/nllb-200-1.3B,17,nouns,482,0.931977391242981
nllb200_1B,facebook/nllb-200-1.3B,17,nouns,483,0.7381256818771362
nllb200_1B,facebook/nllb-200-1.3B,17,nouns,484,0.9363038539886475
nllb200_1B,facebook/nllb-200-1.3B,17,nouns,485,0.8799600601196289
nllb200_1B,facebook/nllb-200-1.3B,17,nouns,486,0.940985918045044
nllb200_1B,facebook/nllb-200-1.3B,17,nouns,487,0.9369620084762573
nllb200_1B,facebook/nllb-200-1.3B,17,nouns,488,0.785542905330658
nllb200_1B,facebook/nllb-200-1.3B,17,nouns,489,0.9483001828193665
nllb200_1B,facebook/nllb-200-1.3B,17,nouns,490,0.9537134170532227
nllb200_1B,facebook/nllb-200-1.3B,17,nouns,491,0.9422041177749634
nllb200_1B,facebook/nllb-200-1.3B,17,nouns,492,0.9219942092895508
nllb200_1B,facebook/nllb-200-1.3B,17,nouns,493,0.9350835084915161
nllb200_1B,facebook/nllb-200-1.3B,17,nouns,494,0.9234875440597534
nllb200_1B,facebook/nllb-200-1.3B,17,nouns,495,0.6989496350288391
nllb200_1B,facebook/nllb-200-1.3B,17,nouns,496,0.9619464874267578
nllb200_1B,facebook/nllb-200-1.3B,17,nouns,497,0.9462175369262695
nllb200_1B,facebook/nllb-200-1.3B,17,nouns,498,0.7946627736091614
nllb200_1B,facebook/nllb-200-1.3B,17,nouns,499,0.9500244855880737
nllb200_1B,facebook/nllb-200-1.3B,17,nouns,500,0.7873146533966064
nllb200_1B,facebook/nllb-200-1.3B,17,nouns,501,0.964950442314148
nllb200_1B,facebook/nllb-200-1.3B,17,nouns,502,0.7523022890090942
nllb200_1B,facebook/nllb-200-1.3B,17,nouns,503,0.6940814852714539
nllb200_1B,facebook/nllb-200-1.3B,17,nouns,504,0.9595447182655334
nllb200_1B,facebook/nllb-200-1.3B,17,nouns,505,0.9685238003730774
nllb200_1B,facebook/nllb-200-1.3B,17,nouns,506,0.8105291724205017
nllb200_1B,facebook/nllb-200-1.3B,17,nouns,507,0.9402203559875488
nllb200_1B,facebook/nllb-200-1.3B,17,nouns,508,0.950023889541626
nllb200_1B,facebook/nllb-200-1.3B,17,nouns,509,0.9556763172149658
nllb200_1B,facebook/nllb-200-1.3B,17,nouns,510,0.8722457885742188
nllb200_1B,facebook/nllb-200-1.3B,17,nouns,511,0.795141339302063
nllb200_1B,facebook/nllb-200-1.3B,17,nouns,512,0.7326585054397583
nllb200_1B,facebook/nllb-200-1.3B,17,nouns,513,0.9374459981918335
nllb200_1B,facebook/nllb-200-1.3B,17,nouns,514,0.9006906747817993
nllb200_1B,facebook/nllb-200-1.3B,17,nouns,515,0.9507570266723633
nllb200_1B,facebook/nllb-200-1.3B,17,nouns,516,0.9533281326293945
nllb200_1B,facebook/nllb-200-1.3B,17,nouns,517,0.9418879151344299
nllb200_1B,facebook/nllb-200-1.3B,17,nouns,518,0.9465112686157227
nllb200_1B,facebook/nllb-200-1.3B,17,nouns,519,0.9308454990386963
nllb200_1B,facebook/nllb-200-1.3B,17,nouns,520,0.9590116739273071
nllb200_1B,facebook/nllb-200-1.3B,17,nouns,521,0.9599260687828064
nllb200_1B,facebook/nllb-200-1.3B,17,nouns,522,0.9502013921737671
nllb200_1B,facebook/nllb-200-1.3B,17,nouns,523,0.9609092473983765
nllb200_1B,facebook/nllb-200-1.3B,17,nouns,524,0.8044331073760986
nllb200_1B,facebook/nllb-200-1.3B,17,nouns,525,0.7571266293525696
nllb200_1B,facebook/nllb-200-1.3B,17,nouns,526,0.7884426116943359
nllb200_1B,facebook/nllb-200-1.3B,17,nouns,527,0.9431976675987244
nllb200_1B,facebook/nllb-200-1.3B,17,nouns,528,0.8076294660568237
nllb200_1B,facebook/nllb-200-1.3B,17,nouns,529,0.9293310642242432
nllb200_1B,facebook/nllb-200-1.3B,17,nouns,530,0.7615255117416382
nllb200_1B,facebook/nllb-200-1.3B,17,nouns,531,0.9299970865249634
nllb200_1B,facebook/nllb-200-1.3B,17,nouns,532,0.9353498220443726
nllb200_1B,facebook/nllb-200-1.3B,17,nouns,533,0.9601595401763916
nllb200_1B,facebook/nllb-200-1.3B,17,nouns,534,0.7844266891479492
nllb200_1B,facebook/nllb-200-1.3B,17,nouns,535,0.9330006837844849
nllb200_1B,facebook/nllb-200-1.3B,17,nouns,536,0.9419559240341187
nllb200_1B,facebook/nllb-200-1.3B,17,nouns,537,0.9463425278663635
nllb200_1B,facebook/nllb-200-1.3B,17,nouns,538,0.9634289741516113
nllb200_1B,facebook/nllb-200-1.3B,17,nouns,539,0.827748715877533
nllb200_1B,facebook/nllb-200-1.3B,17,nouns,540,0.86659175157547
nllb200_1B,facebook/nllb-200-1.3B,17,nouns,541,0.959083080291748
nllb200_1B,facebook/nllb-200-1.3B,17,nouns,542,0.9379088878631592
nllb200_1B,facebook/nllb-200-1.3B,17,nouns,543,0.9314481616020203
nllb200_1B,facebook/nllb-200-1.3B,17,nouns,544,0.9591101408004761
nllb200_1B,facebook/nllb-200-1.3B,17,nouns,545,0.9639836549758911
nllb200_1B,facebook/nllb-200-1.3B,17,nouns,546,0.7838995456695557
nllb200_1B,facebook/nllb-200-1.3B,17,nouns,547,0.9451114535331726
nllb200_1B,facebook/nllb-200-1.3B,17,nouns,548,0.9419584274291992
nllb200_1B,facebook/nllb-200-1.3B,17,nouns,549,0.9648172855377197
nllb200_1B,facebook/nllb-200-1.3B,17,nouns,550,0.9480305314064026
nllb200_1B,facebook/nllb-200-1.3B,17,nouns,551,0.9375362992286682
nllb200_1B,facebook/nllb-200-1.3B,17,nouns,552,0.9371829628944397
nllb200_1B,facebook/nllb-200-1.3B,17,nouns,553,0.9567239284515381
nllb200_1B,facebook/nllb-200-1.3B,17,nouns,554,0.9575414657592773
nllb200_1B,facebook/nllb-200-1.3B,17,nouns,555,0.7882726192474365
nllb200_1B,facebook/nllb-200-1.3B,17,nouns,556,0.8184225559234619
nllb200_1B,facebook/nllb-200-1.3B,17,nouns,557,0.9229303598403931
nllb200_1B,facebook/nllb-200-1.3B,17,nouns,558,0.9156492352485657
nllb200_1B,facebook/nllb-200-1.3B,17,nouns,559,0.8027025461196899
nllb200_1B,facebook/nllb-200-1.3B,17,nouns,560,0.9594115018844604
nllb200_1B,facebook/nllb-200-1.3B,17,nouns,561,0.9608747959136963
nllb200_1B,facebook/nllb-200-1.3B,17,nouns,562,0.9242184162139893
nllb200_1B,facebook/nllb-200-1.3B,17,nouns,563,0.8200831413269043
nllb200_1B,facebook/nllb-200-1.3B,17,nouns,564,0.9041614532470703
nllb200_1B,facebook/nllb-200-1.3B,17,nouns,565,0.9371302127838135
nllb200_1B,facebook/nllb-200-1.3B,17,nouns,566,0.941654622554779
nllb200_1B,facebook/nllb-200-1.3B,17,nouns,567,0.8462647199630737
nllb200_1B,facebook/nllb-200-1.3B,17,nouns,568,0.9630221128463745
nllb200_1B,facebook/nllb-200-1.3B,17,nouns,569,0.9444239139556885
nllb200_1B,facebook/nllb-200-1.3B,17,nouns,570,0.7939808368682861
nllb200_1B,facebook/nllb-200-1.3B,17,nouns,571,0.8352030515670776
nllb200_1B,facebook/nllb-200-1.3B,17,nouns,572,0.9360880851745605
nllb200_1B,facebook/nllb-200-1.3B,17,nouns,573,0.765990138053894
nllb200_1B,facebook/nllb-200-1.3B,17,nouns,574,0.9532625675201416
nllb200_1B,facebook/nllb-200-1.3B,17,nouns,575,0.8326427936553955
nllb200_1B,facebook/nllb-200-1.3B,17,nouns,576,0.9491913914680481
nllb200_1B,facebook/nllb-200-1.3B,17,nouns,577,0.9558404684066772
nllb200_1B,facebook/nllb-200-1.3B,17,nouns,578,0.9600087404251099
nllb200_1B,facebook/nllb-200-1.3B,17,nouns,579,0.9473296403884888
nllb200_1B,facebook/nllb-200-1.3B,17,nouns,580,0.9487829804420471
nllb200_1B,facebook/nllb-200-1.3B,17,nouns,581,0.9559377431869507
nllb200_1B,facebook/nllb-200-1.3B,17,nouns,582,0.9573742151260376
nllb200_1B,facebook/nllb-200-1.3B,17,nouns,583,0.9512602090835571
nllb200_1B,facebook/nllb-200-1.3B,17,nouns,584,0.9545810222625732
nllb200_1B,facebook/nllb-200-1.3B,17,nouns,585,0.9545921087265015
nllb200_1B,facebook/nllb-200-1.3B,17,nouns,586,0.9275667667388916
nllb200_1B,facebook/nllb-200-1.3B,17,nouns,587,0.9572038054466248
nllb200_1B,facebook/nllb-200-1.3B,17,nouns,588,0.9517407417297363
nllb200_1B,facebook/nllb-200-1.3B,17,nouns,589,0.7915923595428467
nllb200_1B,facebook/nllb-200-1.3B,17,nouns,590,0.92412269115448
nllb200_1B,facebook/nllb-200-1.3B,17,nouns,591,0.6793760061264038
nllb200_1B,facebook/nllb-200-1.3B,17,nouns,592,0.820368766784668
nllb200_1B,facebook/nllb-200-1.3B,17,nouns,593,0.9480433464050293
nllb200_1B,facebook/nllb-200-1.3B,17,nouns,594,0.9631738662719727
nllb200_1B,facebook/nllb-200-1.3B,17,nouns,595,0.94069504737854
nllb200_1B,facebook/nllb-200-1.3B,17,nouns,596,0.9426209926605225
nllb200_1B,facebook/nllb-200-1.3B,17,nouns,597,0.9253724217414856
nllb200_1B,facebook/nllb-200-1.3B,17,nouns,598,0.957661509513855
nllb200_1B,facebook/nllb-200-1.3B,17,nouns,599,0.9531071186065674
nllb200_1B,facebook/nllb-200-1.3B,17,nouns,600,0.8917847871780396
nllb200_1B,facebook/nllb-200-1.3B,17,nouns,601,0.7108944654464722
nllb200_1B,facebook/nllb-200-1.3B,17,nouns,602,0.9387189149856567
nllb200_1B,facebook/nllb-200-1.3B,17,nouns,603,0.8288717269897461
nllb200_1B,facebook/nllb-200-1.3B,17,nouns,604,0.9588768482208252
nllb200_1B,facebook/nllb-200-1.3B,17,nouns,605,0.9618023037910461
nllb200_1B,facebook/nllb-200-1.3B,17,nouns,606,0.9389711618423462
nllb200_1B,facebook/nllb-200-1.3B,17,nouns,607,0.9482201933860779
nllb200_1B,facebook/nllb-200-1.3B,17,nouns,608,0.8591837882995605
nllb200_1B,facebook/nllb-200-1.3B,17,nouns,609,0.8508082032203674
nllb200_1B,facebook/nllb-200-1.3B,17,nouns,610,0.923356294631958
nllb200_1B,facebook/nllb-200-1.3B,17,nouns,611,0.9236868619918823
nllb200_1B,facebook/nllb-200-1.3B,17,nouns,612,0.951322078704834
nllb200_1B,facebook/nllb-200-1.3B,17,nouns,613,0.9187284111976624
nllb200_1B,facebook/nllb-200-1.3B,17,nouns,614,0.944197416305542
nllb200_1B,facebook/nllb-200-1.3B,17,nouns,615,0.9513500928878784
nllb200_1B,facebook/nllb-200-1.3B,17,nouns,616,0.9540258646011353
nllb200_1B,facebook/nllb-200-1.3B,17,nouns,617,0.9511392116546631
nllb200_1B,facebook/nllb-200-1.3B,17,nouns,618,0.941948652267456
nllb200_1B,facebook/nllb-200-1.3B,17,nouns,619,0.9470592737197876
nllb200_1B,facebook/nllb-200-1.3B,17,nouns,620,0.9701417088508606
nllb200_1B,facebook/nllb-200-1.3B,17,nouns,621,0.9618769288063049
nllb200_1B,facebook/nllb-200-1.3B,17,nouns,622,0.9309640526771545
nllb200_1B,facebook/nllb-200-1.3B,17,nouns,623,0.913332462310791
nllb200_1B,facebook/nllb-200-1.3B,17,nouns,624,0.9573593139648438
nllb200_1B,facebook/nllb-200-1.3B,17,nouns,625,0.9184297323226929
nllb200_1B,facebook/nllb-200-1.3B,17,nouns,626,0.9572941064834595
nllb200_1B,facebook/nllb-200-1.3B,17,nouns,627,0.9511147141456604
nllb200_1B,facebook/nllb-200-1.3B,17,nouns,628,0.9575581550598145
nllb200_1B,facebook/nllb-200-1.3B,17,nouns,629,0.9581713676452637
nllb200_1B,facebook/nllb-200-1.3B,17,nouns,630,0.957328200340271
nllb200_1B,facebook/nllb-200-1.3B,17,nouns,631,0.6379376649856567
nllb200_1B,facebook/nllb-200-1.3B,17,nouns,632,0.9480193853378296
nllb200_1B,facebook/nllb-200-1.3B,17,nouns,633,0.9566714763641357
nllb200_1B,facebook/nllb-200-1.3B,17,nouns,634,0.9387315511703491
nllb200_1B,facebook/nllb-200-1.3B,17,nouns,635,0.9344419240951538
nllb200_1B,facebook/nllb-200-1.3B,17,nouns,636,0.9519239664077759
nllb200_1B,facebook/nllb-200-1.3B,17,nouns,637,0.9606770277023315
nllb200_1B,facebook/nllb-200-1.3B,17,nouns,638,0.950380802154541
nllb200_1B,facebook/nllb-200-1.3B,17,nouns,639,0.962748646736145
nllb200_1B,facebook/nllb-200-1.3B,17,nouns,640,0.9502441883087158
nllb200_1B,facebook/nllb-200-1.3B,17,nouns,641,0.9435004591941833
nllb200_1B,facebook/nllb-200-1.3B,17,nouns,642,0.951392650604248
nllb200_1B,facebook/nllb-200-1.3B,17,nouns,643,0.9169709086418152
nllb200_1B,facebook/nllb-200-1.3B,17,nouns,644,0.9389859437942505
nllb200_1B,facebook/nllb-200-1.3B,17,nouns,645,0.9548709988594055
nllb200_1B,facebook/nllb-200-1.3B,17,nouns,646,0.9266912937164307
nllb200_1B,facebook/nllb-200-1.3B,17,nouns,647,0.9463420510292053
nllb200_1B,facebook/nllb-200-1.3B,17,nouns,648,0.958271861076355
nllb200_1B,facebook/nllb-200-1.3B,17,nouns,649,0.9437068700790405
nllb200_1B,facebook/nllb-200-1.3B,17,nouns,650,0.9691076278686523
nllb200_1B,facebook/nllb-200-1.3B,17,nouns,651,0.9154274463653564
nllb200_1B,facebook/nllb-200-1.3B,17,nouns,652,0.9557833671569824
nllb200_1B,facebook/nllb-200-1.3B,17,nouns,653,0.9400814175605774
nllb200_1B,facebook/nllb-200-1.3B,17,nouns,654,0.9498752951622009
nllb200_1B,facebook/nllb-200-1.3B,17,nouns,655,0.9528906345367432
nllb200_1B,facebook/nllb-200-1.3B,17,nouns,656,0.9486278295516968
nllb200_1B,facebook/nllb-200-1.3B,17,nouns,657,0.9428734183311462
nllb200_1B,facebook/nllb-200-1.3B,17,nouns,658,0.9306625127792358
nllb200_1B,facebook/nllb-200-1.3B,17,nouns,659,0.9307125806808472
nllb200_1B,facebook/nllb-200-1.3B,17,nouns,660,0.9214181900024414
nllb200_1B,facebook/nllb-200-1.3B,17,nouns,661,0.937122106552124
nllb200_1B,facebook/nllb-200-1.3B,17,nouns,662,0.949421763420105
nllb200_1B,facebook/nllb-200-1.3B,17,nouns,663,0.9241266250610352
nllb200_1B,facebook/nllb-200-1.3B,17,nouns,664,0.9551465511322021
nllb200_1B,facebook/nllb-200-1.3B,17,nouns,665,0.9253349304199219
nllb200_1B,facebook/nllb-200-1.3B,17,nouns,666,0.9612856507301331
nllb200_1B,facebook/nllb-200-1.3B,17,nouns,667,0.9514660835266113
nllb200_1B,facebook/nllb-200-1.3B,17,nouns,668,0.9473925828933716
nllb200_1B,facebook/nllb-200-1.3B,17,nouns,669,0.9401637315750122
nllb200_1B,facebook/nllb-200-1.3B,17,nouns,670,0.9554559588432312
nllb200_1B,facebook/nllb-200-1.3B,17,nouns,671,0.9506382346153259
nllb200_1B,facebook/nllb-200-1.3B,17,nouns,672,0.9417768716812134
nllb200_1B,facebook/nllb-200-1.3B,17,nouns,673,0.9535665512084961
nllb200_1B,facebook/nllb-200-1.3B,17,nouns,674,0.944318950176239
nllb200_1B,facebook/nllb-200-1.3B,17,nouns,675,0.9487597346305847
nllb200_1B,facebook/nllb-200-1.3B,17,nouns,676,0.9352585077285767
nllb200_1B,facebook/nllb-200-1.3B,17,nouns,677,0.9608045816421509
nllb200_1B,facebook/nllb-200-1.3B,17,nouns,678,0.9009118676185608
nllb200_1B,facebook/nllb-200-1.3B,17,nouns,679,0.9207780957221985
nllb200_1B,facebook/nllb-200-1.3B,17,nouns,680,0.9524396657943726
nllb200_1B,facebook/nllb-200-1.3B,17,nouns,681,0.9574122428894043
nllb200_1B,facebook/nllb-200-1.3B,17,nouns,682,0.9272743463516235
nllb200_1B,facebook/nllb-200-1.3B,17,nouns,683,0.9340393543243408
nllb200_1B,facebook/nllb-200-1.3B,17,nouns,684,0.9558987021446228
nllb200_1B,facebook/nllb-200-1.3B,17,nouns,685,0.9083707332611084
nllb200_1B,facebook/nllb-200-1.3B,17,nouns,686,0.9548976421356201
nllb200_1B,facebook/nllb-200-1.3B,17,nouns,687,0.9365655779838562
nllb200_1B,facebook/nllb-200-1.3B,17,nouns,688,0.9450268149375916
nllb200_1B,facebook/nllb-200-1.3B,17,nouns,689,0.9626251459121704
nllb200_1B,facebook/nllb-200-1.3B,17,nouns,690,0.9455826282501221
nllb200_1B,facebook/nllb-200-1.3B,17,nouns,691,0.9410618543624878
nllb200_1B,facebook/nllb-200-1.3B,17,nouns,692,0.9615859985351562
nllb200_1B,facebook/nllb-200-1.3B,17,nouns,693,0.9125305414199829
nllb200_1B,facebook/nllb-200-1.3B,17,nouns,694,0.9463332891464233
nllb200_1B,facebook/nllb-200-1.3B,17,nouns,695,0.9713405966758728
nllb200_1B,facebook/nllb-200-1.3B,17,nouns,696,0.963158369064331
nllb200_1B,facebook/nllb-200-1.3B,17,nouns,697,0.9478216171264648
nllb200_1B,facebook/nllb-200-1.3B,17,nouns,698,0.928706169128418
nllb200_1B,facebook/nllb-200-1.3B,17,nouns,699,0.9344208836555481
nllb200_1B,facebook/nllb-200-1.3B,17,nouns,700,0.9425081610679626
nllb200_1B,facebook/nllb-200-1.3B,17,nouns,701,0.9386097192764282
nllb200_1B,facebook/nllb-200-1.3B,17,nouns,702,0.9428073167800903
nllb200_1B,facebook/nllb-200-1.3B,17,nouns,703,0.954791784286499
nllb200_1B,facebook/nllb-200-1.3B,17,nouns,704,0.9429615139961243
nllb200_1B,facebook/nllb-200-1.3B,17,nouns,705,0.9429945945739746
nllb200_1B,facebook/nllb-200-1.3B,17,nouns,706,0.9443875551223755
nllb200_1B,facebook/nllb-200-1.3B,17,nouns,707,0.9261043667793274
nllb200_1B,facebook/nllb-200-1.3B,17,nouns,708,0.9448410272598267
nllb200_1B,facebook/nllb-200-1.3B,17,nouns,709,0.9260451793670654
nllb200_1B,facebook/nllb-200-1.3B,17,nouns,710,0.9390189051628113
nllb200_1B,facebook/nllb-200-1.3B,17,nouns,711,0.9275146126747131
nllb200_1B,facebook/nllb-200-1.3B,17,nouns,712,0.9629315137863159
nllb200_1B,facebook/nllb-200-1.3B,17,nouns,713,0.9471030235290527
nllb200_1B,facebook/nllb-200-1.3B,17,nouns,714,0.9390577077865601
nllb200_1B,facebook/nllb-200-1.3B,17,nouns,715,0.933963418006897
nllb200_1B,facebook/nllb-200-1.3B,17,nouns,716,0.9359623193740845
nllb200_1B,facebook/nllb-200-1.3B,17,nouns,717,0.952177882194519
nllb200_1B,facebook/nllb-200-1.3B,17,nouns,718,0.9524238705635071
nllb200_1B,facebook/nllb-200-1.3B,17,nouns,719,0.9246816635131836
nllb200_1B,facebook/nllb-200-1.3B,17,nouns,720,0.926053524017334
nllb200_1B,facebook/nllb-200-1.3B,17,nouns,721,0.9558908939361572
nllb200_1B,facebook/nllb-200-1.3B,17,nouns,722,0.9522674679756165
nllb200_1B,facebook/nllb-200-1.3B,17,nouns,723,0.9475868344306946
nllb200_1B,facebook/nllb-200-1.3B,17,nouns,724,0.92494797706604
nllb200_1B,facebook/nllb-200-1.3B,17,nouns,725,0.9529881477355957
nllb200_1B,facebook/nllb-200-1.3B,17,nouns,726,0.7773888111114502
nllb200_1B,facebook/nllb-200-1.3B,17,nouns,727,0.9509649276733398
nllb200_1B,facebook/nllb-200-1.3B,17,nouns,728,0.95311439037323
nllb200_1B,facebook/nllb-200-1.3B,17,nouns,729,0.9528826475143433
nllb200_1B,facebook/nllb-200-1.3B,17,nouns,730,0.9507829546928406
nllb200_1B,facebook/nllb-200-1.3B,17,nouns,731,0.897540271282196
nllb200_1B,facebook/nllb-200-1.3B,17,nouns,732,0.9410442113876343
nllb200_1B,facebook/nllb-200-1.3B,17,nouns,733,0.9520430564880371
nllb200_1B,facebook/nllb-200-1.3B,17,nouns,734,0.9539498686790466
nllb200_1B,facebook/nllb-200-1.3B,17,nouns,735,0.9447896480560303
nllb200_1B,facebook/nllb-200-1.3B,17,nouns,736,0.9508476257324219
nllb200_1B,facebook/nllb-200-1.3B,17,nouns,737,0.9330073595046997
nllb200_1B,facebook/nllb-200-1.3B,17,nouns,738,0.9469916820526123
nllb200_1B,facebook/nllb-200-1.3B,17,nouns,739,0.7235541343688965
nllb200_1B,facebook/nllb-200-1.3B,17,nouns,740,0.949183464050293
nllb200_1B,facebook/nllb-200-1.3B,17,nouns,741,0.9346295595169067
nllb200_1B,facebook/nllb-200-1.3B,17,nouns,742,0.9352836608886719
nllb200_1B,facebook/nllb-200-1.3B,17,nouns,743,0.9541726112365723
nllb200_1B,facebook/nllb-200-1.3B,17,nouns,744,0.9583108425140381
nllb200_1B,facebook/nllb-200-1.3B,17,nouns,745,0.9473493695259094
nllb200_1B,facebook/nllb-200-1.3B,17,nouns,746,0.9072020053863525
nllb200_1B,facebook/nllb-200-1.3B,17,nouns,747,0.9310182332992554
nllb200_1B,facebook/nllb-200-1.3B,17,nouns,748,0.8347695469856262
nllb200_1B,facebook/nllb-200-1.3B,17,nouns,749,0.9565343260765076
nllb200_1B,facebook/nllb-200-1.3B,17,nouns,750,0.9423394203186035
nllb200_1B,facebook/nllb-200-1.3B,17,nouns,751,0.7464126944541931
nllb200_1B,facebook/nllb-200-1.3B,17,nouns,752,0.9466963410377502
nllb200_1B,facebook/nllb-200-1.3B,17,nouns,753,0.7811203002929688
nllb200_1B,facebook/nllb-200-1.3B,17,nouns,754,0.7762478590011597
nllb200_1B,facebook/nllb-200-1.3B,17,nouns,755,0.9493575096130371
nllb200_1B,facebook/nllb-200-1.3B,17,nouns,756,0.9389697313308716
nllb200_1B,facebook/nllb-200-1.3B,17,nouns,757,0.9448776245117188
nllb200_1B,facebook/nllb-200-1.3B,17,nouns,758,0.7442750930786133
nllb200_1B,facebook/nllb-200-1.3B,17,nouns,759,0.9589788913726807
nllb200_1B,facebook/nllb-200-1.3B,17,nouns,760,0.9426913261413574
nllb200_1B,facebook/nllb-200-1.3B,17,nouns,761,0.9163714647293091
nllb200_1B,facebook/nllb-200-1.3B,17,nouns,762,0.9384971857070923
nllb200_1B,facebook/nllb-200-1.3B,17,nouns,763,0.9450352191925049
nllb200_1B,facebook/nllb-200-1.3B,17,nouns,764,0.904350757598877
nllb200_1B,facebook/nllb-200-1.3B,17,nouns,765,0.954683780670166
nllb200_1B,facebook/nllb-200-1.3B,17,nouns,766,0.9608256816864014
nllb200_1B,facebook/nllb-200-1.3B,17,nouns,767,0.9581102132797241
nllb200_1B,facebook/nllb-200-1.3B,17,nouns,768,0.9649501442909241
nllb200_1B,facebook/nllb-200-1.3B,17,nouns,769,0.7471452951431274
nllb200_1B,facebook/nllb-200-1.3B,17,nouns,770,0.778775691986084
nllb200_1B,facebook/nllb-200-1.3B,17,nouns,771,0.9535531997680664
nllb200_1B,facebook/nllb-200-1.3B,17,nouns,772,0.9341669678688049
nllb200_1B,facebook/nllb-200-1.3B,17,nouns,773,0.9430400133132935
nllb200_1B,facebook/nllb-200-1.3B,17,nouns,774,0.9487723112106323
nllb200_1B,facebook/nllb-200-1.3B,17,nouns,775,0.9228237271308899
nllb200_1B,facebook/nllb-200-1.3B,17,nouns,776,0.9427481293678284
nllb200_1B,facebook/nllb-200-1.3B,17,nouns,777,0.9315335750579834
nllb200_1B,facebook/nllb-200-1.3B,17,nouns,778,0.9040234088897705
nllb200_1B,facebook/nllb-200-1.3B,17,nouns,779,0.8516052961349487
nllb200_1B,facebook/nllb-200-1.3B,17,nouns,780,0.9606260061264038
nllb200_1B,facebook/nllb-200-1.3B,17,nouns,781,0.9653781652450562
nllb200_1B,facebook/nllb-200-1.3B,17,nouns,782,0.9497491717338562
nllb200_1B,facebook/nllb-200-1.3B,17,nouns,783,0.9462927579879761
nllb200_1B,facebook/nllb-200-1.3B,17,nouns,784,0.9325333833694458
nllb200_1B,facebook/nllb-200-1.3B,17,nouns,785,0.7398898005485535
nllb200_1B,facebook/nllb-200-1.3B,17,nouns,786,0.9629266858100891
nllb200_1B,facebook/nllb-200-1.3B,17,nouns,787,0.9494075775146484
nllb200_1B,facebook/nllb-200-1.3B,17,nouns,788,0.9587844610214233
nllb200_1B,facebook/nllb-200-1.3B,17,nouns,789,0.6690393686294556
nllb200_1B,facebook/nllb-200-1.3B,17,nouns,790,0.9272936582565308
nllb200_1B,facebook/nllb-200-1.3B,17,nouns,791,0.7018952369689941
nllb200_1B,facebook/nllb-200-1.3B,17,nouns,792,0.9385302066802979
nllb200_1B,facebook/nllb-200-1.3B,17,nouns,793,0.6473654508590698
nllb200_1B,facebook/nllb-200-1.3B,17,nouns,794,0.9604030847549438
nllb200_1B,facebook/nllb-200-1.3B,17,nouns,795,0.9532493352890015
nllb200_1B,facebook/nllb-200-1.3B,17,nouns,796,0.6842166185379028
nllb200_1B,facebook/nllb-200-1.3B,17,nouns,797,0.9604787230491638
nllb200_1B,facebook/nllb-200-1.3B,17,nouns,798,0.9508066773414612
nllb200_1B,facebook/nllb-200-1.3B,17,nouns,799,0.9576593637466431
nllb200_1B,facebook/nllb-200-1.3B,17,nouns,800,0.9492708444595337
nllb200_1B,facebook/nllb-200-1.3B,17,nouns,801,0.9159219264984131
nllb200_1B,facebook/nllb-200-1.3B,17,nouns,802,0.9240204095840454
nllb200_1B,facebook/nllb-200-1.3B,17,nouns,803,0.9687039852142334
nllb200_1B,facebook/nllb-200-1.3B,17,nouns,804,0.754065990447998
nllb200_1B,facebook/nllb-200-1.3B,17,nouns,805,0.7432171106338501
nllb200_1B,facebook/nllb-200-1.3B,17,nouns,806,0.7320377826690674
nllb200_1B,facebook/nllb-200-1.3B,17,nouns,807,0.9516788721084595
nllb200_1B,facebook/nllb-200-1.3B,17,nouns,808,0.8132718801498413
nllb200_1B,facebook/nllb-200-1.3B,17,nouns,809,0.9538173675537109
nllb200_1B,facebook/nllb-200-1.3B,17,nouns,810,0.9523346424102783
nllb200_1B,facebook/nllb-200-1.3B,17,nouns,811,0.938642144203186
nllb200_1B,facebook/nllb-200-1.3B,17,nouns,812,0.7535206079483032
nllb200_1B,facebook/nllb-200-1.3B,17,nouns,813,0.7546329498291016
nllb200_1B,facebook/nllb-200-1.3B,17,nouns,814,0.9532794952392578
nllb200_1B,facebook/nllb-200-1.3B,17,nouns,815,0.9589942693710327
nllb200_1B,facebook/nllb-200-1.3B,17,nouns,816,0.6839742660522461
nllb200_1B,facebook/nllb-200-1.3B,17,nouns,817,0.9502713680267334
nllb200_1B,facebook/nllb-200-1.3B,17,nouns,818,0.9284548163414001
nllb200_1B,facebook/nllb-200-1.3B,17,nouns,819,0.9346643686294556
nllb200_1B,facebook/nllb-200-1.3B,17,nouns,820,0.8184677362442017
nllb200_1B,facebook/nllb-200-1.3B,17,nouns,821,0.9626450538635254
nllb200_1B,facebook/nllb-200-1.3B,17,nouns,822,0.9510429501533508
nllb200_1B,facebook/nllb-200-1.3B,17,nouns,823,0.9617915749549866
nllb200_1B,facebook/nllb-200-1.3B,17,nouns,824,0.9656375646591187
nllb200_1B,facebook/nllb-200-1.3B,17,nouns,825,0.9074918031692505
nllb200_1B,facebook/nllb-200-1.3B,17,nouns,826,0.9480489492416382
nllb200_1B,facebook/nllb-200-1.3B,17,nouns,827,0.9610543251037598
nllb200_1B,facebook/nllb-200-1.3B,17,nouns,828,0.8018479347229004
nllb200_1B,facebook/nllb-200-1.3B,17,nouns,829,0.9305993318557739
nllb200_1B,facebook/nllb-200-1.3B,17,nouns,830,0.9437004327774048
nllb200_1B,facebook/nllb-200-1.3B,17,nouns,831,0.8987090587615967
nllb200_1B,facebook/nllb-200-1.3B,17,nouns,832,0.9557420015335083
nllb200_1B,facebook/nllb-200-1.3B,17,nouns,833,0.7667323350906372
nllb200_1B,facebook/nllb-200-1.3B,17,nouns,834,0.9586930274963379
nllb200_1B,facebook/nllb-200-1.3B,17,nouns,835,0.9592294692993164
nllb200_1B,facebook/nllb-200-1.3B,17,nouns,836,0.9567936658859253
nllb200_1B,facebook/nllb-200-1.3B,17,nouns,837,0.9566570520401001
nllb200_1B,facebook/nllb-200-1.3B,17,nouns,838,0.9622886776924133
nllb200_1B,facebook/nllb-200-1.3B,17,nouns,839,0.9523890018463135
nllb200_1B,facebook/nllb-200-1.3B,17,nouns,840,0.9538321495056152
nllb200_1B,facebook/nllb-200-1.3B,17,nouns,841,0.959603488445282
nllb200_1B,facebook/nllb-200-1.3B,17,nouns,842,0.9543220400810242
nllb200_1B,facebook/nllb-200-1.3B,17,nouns,843,0.9385005831718445
nllb200_1B,facebook/nllb-200-1.3B,17,nouns,844,0.936048150062561
nllb200_1B,facebook/nllb-200-1.3B,17,nouns,845,0.9462201595306396
nllb200_1B,facebook/nllb-200-1.3B,17,nouns,846,0.9437309503555298
nllb200_1B,facebook/nllb-200-1.3B,17,nouns,847,0.9350147247314453
nllb200_1B,facebook/nllb-200-1.3B,17,nouns,848,0.9580080509185791
nllb200_1B,facebook/nllb-200-1.3B,17,nouns,849,0.9473801851272583
nllb200_1B,facebook/nllb-200-1.3B,17,nouns,850,0.9552881717681885
nllb200_1B,facebook/nllb-200-1.3B,17,nouns,851,0.9572359323501587
nllb200_1B,facebook/nllb-200-1.3B,17,nouns,852,0.9603489637374878
nllb200_1B,facebook/nllb-200-1.3B,17,nouns,853,0.9508303999900818
nllb200_1B,facebook/nllb-200-1.3B,17,nouns,854,0.929816722869873
nllb200_1B,facebook/nllb-200-1.3B,17,nouns,855,0.9530117511749268
nllb200_1B,facebook/nllb-200-1.3B,17,nouns,856,0.954944908618927
nllb200_1B,facebook/nllb-200-1.3B,17,nouns,857,0.9474923610687256
nllb200_1B,facebook/nllb-200-1.3B,17,nouns,858,0.9609841704368591
nllb200_1B,facebook/nllb-200-1.3B,17,nouns,859,0.9527136087417603
nllb200_1B,facebook/nllb-200-1.3B,17,nouns,860,0.9533360600471497
nllb200_1B,facebook/nllb-200-1.3B,17,nouns,861,0.9522308111190796
nllb200_1B,facebook/nllb-200-1.3B,17,nouns,862,0.9547015428543091
nllb200_1B,facebook/nllb-200-1.3B,17,nouns,863,0.952171802520752
nllb200_1B,facebook/nllb-200-1.3B,17,nouns,864,0.9513145685195923
nllb200_1B,facebook/nllb-200-1.3B,17,nouns,865,0.936631441116333
nllb200_1B,facebook/nllb-200-1.3B,17,nouns,866,0.9545618295669556
nllb200_1B,facebook/nllb-200-1.3B,17,nouns,867,0.9328936338424683
nllb200_1B,facebook/nllb-200-1.3B,17,nouns,868,0.9223746061325073
nllb200_1B,facebook/nllb-200-1.3B,17,nouns,869,0.959441065788269
nllb200_1B,facebook/nllb-200-1.3B,17,nouns,870,0.9536100625991821
nllb200_1B,facebook/nllb-200-1.3B,17,nouns,871,0.934440016746521
nllb200_1B,facebook/nllb-200-1.3B,17,nouns,872,0.9601022005081177
nllb200_1B,facebook/nllb-200-1.3B,17,nouns,873,0.9615240097045898
nllb200_1B,facebook/nllb-200-1.3B,17,nouns,874,0.9550051689147949
nllb200_1B,facebook/nllb-200-1.3B,17,nouns,875,0.9644115567207336
nllb200_1B,facebook/nllb-200-1.3B,17,nouns,876,0.9500061869621277
nllb200_1B,facebook/nllb-200-1.3B,17,nouns,877,0.9612773656845093
nllb200_1B,facebook/nllb-200-1.3B,17,nouns,878,0.9613286852836609
nllb200_1B,facebook/nllb-200-1.3B,17,nouns,879,0.9541155695915222
nllb200_1B,facebook/nllb-200-1.3B,17,nouns,880,0.947723925113678
nllb200_1B,facebook/nllb-200-1.3B,17,nouns,881,0.9393405914306641
nllb200_1B,facebook/nllb-200-1.3B,17,nouns,882,0.9485349655151367
nllb200_1B,facebook/nllb-200-1.3B,17,nouns,883,0.9512219429016113
nllb200_1B,facebook/nllb-200-1.3B,17,nouns,884,0.9549775123596191
nllb200_1B,facebook/nllb-200-1.3B,17,nouns,885,0.9463334679603577
nllb200_1B,facebook/nllb-200-1.3B,17,nouns,886,0.9341357946395874
nllb200_1B,facebook/nllb-200-1.3B,17,nouns,887,0.9360257983207703
nllb200_1B,facebook/nllb-200-1.3B,17,nouns,888,0.7033628821372986
nllb200_1B,facebook/nllb-200-1.3B,17,nouns,889,0.77815842628479
nllb200_1B,facebook/nllb-200-1.3B,17,nouns,890,0.9409440755844116
nllb200_1B,facebook/nllb-200-1.3B,17,nouns,891,0.9408553838729858
nllb200_1B,facebook/nllb-200-1.3B,17,nouns,892,0.9159419536590576
nllb200_1B,facebook/nllb-200-1.3B,17,nouns,893,0.9482189416885376
nllb200_1B,facebook/nllb-200-1.3B,17,nouns,894,0.7941427230834961
nllb200_1B,facebook/nllb-200-1.3B,17,nouns,895,0.954372763633728
nllb200_1B,facebook/nllb-200-1.3B,17,nouns,896,0.9472463130950928
nllb200_1B,facebook/nllb-200-1.3B,17,nouns,897,0.9585517644882202
nllb200_1B,facebook/nllb-200-1.3B,17,nouns,898,0.95552659034729
nllb200_1B,facebook/nllb-200-1.3B,17,nouns,899,0.9212133884429932
nllb200_1B,facebook/nllb-200-1.3B,17,nouns,900,0.7990435361862183
nllb200_1B,facebook/nllb-200-1.3B,17,nouns,901,0.9552954435348511
nllb200_1B,facebook/nllb-200-1.3B,17,nouns,902,0.7204108238220215
nllb200_1B,facebook/nllb-200-1.3B,17,nouns,903,0.9297589063644409
nllb200_1B,facebook/nllb-200-1.3B,17,nouns,904,0.9516682624816895
nllb200_1B,facebook/nllb-200-1.3B,17,nouns,905,0.79640132188797
nllb200_1B,facebook/nllb-200-1.3B,17,nouns,906,0.9684204459190369
nllb200_1B,facebook/nllb-200-1.3B,17,nouns,907,0.9212033748626709
nllb200_1B,facebook/nllb-200-1.3B,17,nouns,908,0.9639248251914978
nllb200_1B,facebook/nllb-200-1.3B,17,nouns,909,0.7672796249389648
nllb200_1B,facebook/nllb-200-1.3B,17,nouns,910,0.7389805316925049
nllb200_1B,facebook/nllb-200-1.3B,17,nouns,911,0.8123698234558105
nllb200_1B,facebook/nllb-200-1.3B,17,nouns,912,0.7926895022392273
nllb200_1B,facebook/nllb-200-1.3B,17,nouns,913,0.9471932649612427
nllb200_1B,facebook/nllb-200-1.3B,17,nouns,914,0.9591665267944336
nllb200_1B,facebook/nllb-200-1.3B,17,nouns,915,0.8362683057785034
nllb200_1B,facebook/nllb-200-1.3B,17,nouns,916,0.9562551975250244
nllb200_1B,facebook/nllb-200-1.3B,17,nouns,917,0.9547829627990723
nllb200_1B,facebook/nllb-200-1.3B,17,nouns,918,0.9501441717147827
nllb200_1B,facebook/nllb-200-1.3B,17,nouns,919,0.7698588371276855
nllb200_1B,facebook/nllb-200-1.3B,17,nouns,920,0.9497729539871216
nllb200_1B,facebook/nllb-200-1.3B,17,nouns,921,0.6577917337417603
nllb200_1B,facebook/nllb-200-1.3B,17,nouns,922,0.9573942422866821
nllb200_1B,facebook/nllb-200-1.3B,17,nouns,923,0.952701210975647
nllb200_1B,facebook/nllb-200-1.3B,17,nouns,924,0.9148805141448975
nllb200_1B,facebook/nllb-200-1.3B,17,nouns,925,0.9526907801628113
nllb200_1B,facebook/nllb-200-1.3B,17,nouns,926,0.9491547346115112
nllb200_1B,facebook/nllb-200-1.3B,17,nouns,927,0.9398924112319946
nllb200_1B,facebook/nllb-200-1.3B,17,nouns,928,0.9513625502586365
nllb200_1B,facebook/nllb-200-1.3B,17,nouns,929,0.9167494773864746
nllb200_1B,facebook/nllb-200-1.3B,17,nouns,930,0.9593159556388855
nllb200_1B,facebook/nllb-200-1.3B,17,nouns,931,0.9654898643493652
nllb200_1B,facebook/nllb-200-1.3B,17,nouns,932,0.9427837133407593
nllb200_1B,facebook/nllb-200-1.3B,17,nouns,933,0.9541231393814087
nllb200_1B,facebook/nllb-200-1.3B,17,nouns,934,0.9386821985244751
nllb200_1B,facebook/nllb-200-1.3B,17,nouns,935,0.9546999931335449
nllb200_1B,facebook/nllb-200-1.3B,17,nouns,936,0.9390968680381775
nllb200_1B,facebook/nllb-200-1.3B,17,nouns,937,0.7419491410255432
nllb200_1B,facebook/nllb-200-1.3B,17,nouns,938,0.9454095363616943
nllb200_1B,facebook/nllb-200-1.3B,17,nouns,939,0.6714492440223694
nllb200_1B,facebook/nllb-200-1.3B,17,nouns,940,0.94748455286026
nllb200_1B,facebook/nllb-200-1.3B,17,nouns,941,0.9488216638565063
nllb200_1B,facebook/nllb-200-1.3B,17,nouns,942,0.955953061580658
nllb200_1B,facebook/nllb-200-1.3B,17,nouns,943,0.9494951367378235
nllb200_1B,facebook/nllb-200-1.3B,17,nouns,944,0.9307396411895752
nllb200_1B,facebook/nllb-200-1.3B,17,nouns,945,0.9461674690246582
nllb200_1B,facebook/nllb-200-1.3B,17,nouns,946,0.955459475517273
nllb200_1B,facebook/nllb-200-1.3B,17,nouns,947,0.9355939626693726
nllb200_1B,facebook/nllb-200-1.3B,17,nouns,948,0.9617077708244324
nllb200_1B,facebook/nllb-200-1.3B,17,nouns,949,0.96574866771698
nllb200_1B,facebook/nllb-200-1.3B,17,nouns,950,0.9595329761505127
nllb200_1B,facebook/nllb-200-1.3B,17,nouns,951,0.9677017331123352
nllb200_1B,facebook/nllb-200-1.3B,17,nouns,952,0.9218778610229492
nllb200_1B,facebook/nllb-200-1.3B,17,nouns,953,0.9598298668861389
nllb200_1B,facebook/nllb-200-1.3B,17,nouns,954,0.931537389755249
nllb200_1B,facebook/nllb-200-1.3B,17,nouns,955,0.9348276853561401
nllb200_1B,facebook/nllb-200-1.3B,17,nouns,956,0.9560128450393677
nllb200_1B,facebook/nllb-200-1.3B,17,nouns,957,0.9603619575500488
nllb200_1B,facebook/nllb-200-1.3B,17,nouns,958,0.9374703168869019
nllb200_1B,facebook/nllb-200-1.3B,17,nouns,959,0.9435129165649414
nllb200_1B,facebook/nllb-200-1.3B,17,nouns,960,0.9550808668136597
nllb200_1B,facebook/nllb-200-1.3B,17,nouns,961,0.9577673673629761
nllb200_1B,facebook/nllb-200-1.3B,17,nouns,962,0.9547790884971619
nllb200_1B,facebook/nllb-200-1.3B,17,nouns,963,0.9590311050415039
nllb200_1B,facebook/nllb-200-1.3B,17,nouns,964,0.9632869958877563
nllb200_1B,facebook/nllb-200-1.3B,17,nouns,965,0.9544302225112915
nllb200_1B,facebook/nllb-200-1.3B,17,nouns,966,0.920922577381134
nllb200_1B,facebook/nllb-200-1.3B,17,nouns,967,0.9332493543624878
nllb200_1B,facebook/nllb-200-1.3B,17,nouns,968,0.929356575012207
nllb200_1B,facebook/nllb-200-1.3B,17,nouns,969,0.9431835412979126
nllb200_1B,facebook/nllb-200-1.3B,17,nouns,970,0.794762372970581
nllb200_1B,facebook/nllb-200-1.3B,17,nouns,971,0.9510692358016968
nllb200_1B,facebook/nllb-200-1.3B,17,nouns,972,0.9587563276290894
nllb200_1B,facebook/nllb-200-1.3B,17,nouns,973,0.8478071689605713
nllb200_1B,facebook/nllb-200-1.3B,17,nouns,974,0.958017110824585
nllb200_1B,facebook/nllb-200-1.3B,17,nouns,975,0.8931585550308228
nllb200_1B,facebook/nllb-200-1.3B,17,nouns,976,0.9482040405273438
nllb200_1B,facebook/nllb-200-1.3B,17,nouns,977,0.9273512363433838
nllb200_1B,facebook/nllb-200-1.3B,17,nouns,978,0.9551459550857544
nllb200_1B,facebook/nllb-200-1.3B,17,nouns,979,0.9531122446060181
nllb200_1B,facebook/nllb-200-1.3B,17,nouns,980,0.9466712474822998
nllb200_1B,facebook/nllb-200-1.3B,17,nouns,981,0.9624882936477661
nllb200_1B,facebook/nllb-200-1.3B,17,nouns,982,0.9424786567687988
nllb200_1B,facebook/nllb-200-1.3B,17,nouns,983,0.9492034316062927
nllb200_1B,facebook/nllb-200-1.3B,17,nouns,984,0.9340320229530334
nllb200_1B,facebook/nllb-200-1.3B,17,nouns,985,0.9629878401756287
nllb200_1B,facebook/nllb-200-1.3B,17,nouns,986,0.9433891773223877
nllb200_1B,facebook/nllb-200-1.3B,17,nouns,987,0.9542461633682251
nllb200_1B,facebook/nllb-200-1.3B,17,nouns,988,0.9491010904312134
nllb200_1B,facebook/nllb-200-1.3B,17,nouns,989,0.9537355899810791
nllb200_1B,facebook/nllb-200-1.3B,17,nouns,990,0.9333268404006958
nllb200_1B,facebook/nllb-200-1.3B,17,nouns,991,0.9172852635383606
nllb200_1B,facebook/nllb-200-1.3B,17,nouns,992,0.9262274503707886
nllb200_1B,facebook/nllb-200-1.3B,17,nouns,993,0.8199518918991089
nllb200_1B,facebook/nllb-200-1.3B,17,nouns,994,0.9171807169914246
nllb200_1B,facebook/nllb-200-1.3B,17,nouns,995,0.9381012916564941
nllb200_1B,facebook/nllb-200-1.3B,17,nouns,996,0.8157361745834351
nllb200_1B,facebook/nllb-200-1.3B,17,nouns,997,0.9583731293678284
nllb200_1B,facebook/nllb-200-1.3B,17,nouns,998,0.9521192312240601
nllb200_1B,facebook/nllb-200-1.3B,17,nouns,999,0.9472222924232483
nllb200_1B,facebook/nllb-200-1.3B,17,verbs,0,0.9396075010299683
nllb200_1B,facebook/nllb-200-1.3B,17,verbs,1,0.7773491144180298
nllb200_1B,facebook/nllb-200-1.3B,17,verbs,2,0.9332846403121948
nllb200_1B,facebook/nllb-200-1.3B,17,verbs,3,0.9429652690887451
nllb200_1B,facebook/nllb-200-1.3B,17,verbs,4,0.9533394575119019
nllb200_1B,facebook/nllb-200-1.3B,17,verbs,5,0.9526408314704895
nllb200_1B,facebook/nllb-200-1.3B,17,verbs,6,0.9496049284934998
nllb200_1B,facebook/nllb-200-1.3B,17,verbs,7,0.9494580030441284
nllb200_1B,facebook/nllb-200-1.3B,17,verbs,8,0.9329538941383362
nllb200_1B,facebook/nllb-200-1.3B,17,verbs,9,0.9439408183097839
nllb200_1B,facebook/nllb-200-1.3B,17,verbs,10,0.9437803626060486
nllb200_1B,facebook/nllb-200-1.3B,17,verbs,11,0.958916187286377
nllb200_1B,facebook/nllb-200-1.3B,17,verbs,12,0.9352171421051025
nllb200_1B,facebook/nllb-200-1.3B,17,verbs,13,0.9439777135848999
nllb200_1B,facebook/nllb-200-1.3B,17,verbs,14,0.9344147443771362
nllb200_1B,facebook/nllb-200-1.3B,17,verbs,15,0.9580259323120117
nllb200_1B,facebook/nllb-200-1.3B,17,verbs,16,0.9465711712837219
nllb200_1B,facebook/nllb-200-1.3B,17,verbs,17,0.9405351877212524
nllb200_1B,facebook/nllb-200-1.3B,17,verbs,18,0.9467716217041016
nllb200_1B,facebook/nllb-200-1.3B,17,verbs,19,0.9417994022369385
nllb200_1B,facebook/nllb-200-1.3B,17,verbs,20,0.9552868604660034
nllb200_1B,facebook/nllb-200-1.3B,17,verbs,21,0.9474045038223267
nllb200_1B,facebook/nllb-200-1.3B,17,verbs,22,0.9585198163986206
nllb200_1B,facebook/nllb-200-1.3B,17,verbs,23,0.9558490514755249
nllb200_1B,facebook/nllb-200-1.3B,17,verbs,24,0.9526329636573792
nllb200_1B,facebook/nllb-200-1.3B,17,verbs,25,0.9530295133590698
nllb200_1B,facebook/nllb-200-1.3B,17,verbs,26,0.961035966873169
nllb200_1B,facebook/nllb-200-1.3B,17,verbs,27,0.9358969926834106
nllb200_1B,facebook/nllb-200-1.3B,17,verbs,28,0.9585411548614502
nllb200_1B,facebook/nllb-200-1.3B,17,verbs,29,0.9498425722122192
nllb200_1B,facebook/nllb-200-1.3B,17,verbs,30,0.9309399724006653
nllb200_1B,facebook/nllb-200-1.3B,17,verbs,31,0.9491816759109497
nllb200_1B,facebook/nllb-200-1.3B,17,verbs,32,0.9328595399856567
nllb200_1B,facebook/nllb-200-1.3B,17,verbs,33,0.9380502104759216
nllb200_1B,facebook/nllb-200-1.3B,17,verbs,34,0.9376876354217529
nllb200_1B,facebook/nllb-200-1.3B,17,verbs,35,0.9455845952033997
nllb200_1B,facebook/nllb-200-1.3B,17,verbs,36,0.9282366037368774
nllb200_1B,facebook/nllb-200-1.3B,17,verbs,37,0.9341107606887817
nllb200_1B,facebook/nllb-200-1.3B,17,verbs,38,0.9488734006881714
nllb200_1B,facebook/nllb-200-1.3B,17,verbs,39,0.936396598815918
nllb200_1B,facebook/nllb-200-1.3B,17,verbs,40,0.9492996335029602
nllb200_1B,facebook/nllb-200-1.3B,17,verbs,41,0.9532202482223511
nllb200_1B,facebook/nllb-200-1.3B,17,verbs,42,0.8277319669723511
nllb200_1B,facebook/nllb-200-1.3B,17,verbs,43,0.955773115158081
nllb200_1B,facebook/nllb-200-1.3B,17,verbs,44,0.9582051634788513
nllb200_1B,facebook/nllb-200-1.3B,17,verbs,45,0.9577969908714294
nllb200_1B,facebook/nllb-200-1.3B,17,verbs,46,0.9545762538909912
nllb200_1B,facebook/nllb-200-1.3B,17,verbs,47,0.9229543209075928
nllb200_1B,facebook/nllb-200-1.3B,17,verbs,48,0.9460771083831787
nllb200_1B,facebook/nllb-200-1.3B,17,verbs,49,0.9436863660812378
nllb200_1B,facebook/nllb-200-1.3B,17,verbs,50,0.9440887570381165
nllb200_1B,facebook/nllb-200-1.3B,17,verbs,51,0.964741587638855
nllb200_1B,facebook/nllb-200-1.3B,17,verbs,52,0.9593935012817383
nllb200_1B,facebook/nllb-200-1.3B,17,verbs,53,0.9545645117759705
nllb200_1B,facebook/nllb-200-1.3B,17,verbs,54,0.9585378170013428
nllb200_1B,facebook/nllb-200-1.3B,17,verbs,55,0.9554179906845093
nllb200_1B,facebook/nllb-200-1.3B,17,verbs,56,0.9601615071296692
nllb200_1B,facebook/nllb-200-1.3B,17,verbs,57,0.9633166193962097
nllb200_1B,facebook/nllb-200-1.3B,17,verbs,58,0.9564002752304077
nllb200_1B,facebook/nllb-200-1.3B,17,verbs,59,0.9585464000701904
nllb200_1B,facebook/nllb-200-1.3B,17,verbs,60,0.9563670754432678
nllb200_1B,facebook/nllb-200-1.3B,17,verbs,61,0.948009729385376
nllb200_1B,facebook/nllb-200-1.3B,17,verbs,62,0.9318559169769287
nllb200_1B,facebook/nllb-200-1.3B,17,verbs,63,0.9266895055770874
nllb200_1B,facebook/nllb-200-1.3B,17,verbs,64,0.9414317607879639
nllb200_1B,facebook/nllb-200-1.3B,17,verbs,65,0.9411782026290894
nllb200_1B,facebook/nllb-200-1.3B,17,verbs,66,0.9379450678825378
nllb200_1B,facebook/nllb-200-1.3B,17,verbs,67,0.9486110210418701
nllb200_1B,facebook/nllb-200-1.3B,17,verbs,68,0.9485743045806885
nllb200_1B,facebook/nllb-200-1.3B,17,verbs,69,0.7313648462295532
nllb200_1B,facebook/nllb-200-1.3B,17,verbs,70,0.9475367069244385
nllb200_1B,facebook/nllb-200-1.3B,17,verbs,71,0.9571821689605713
nllb200_1B,facebook/nllb-200-1.3B,17,verbs,72,0.9614898562431335
nllb200_1B,facebook/nllb-200-1.3B,17,verbs,73,0.934009313583374
nllb200_1B,facebook/nllb-200-1.3B,17,verbs,74,0.9565335512161255
nllb200_1B,facebook/nllb-200-1.3B,17,verbs,75,0.9393266439437866
nllb200_1B,facebook/nllb-200-1.3B,17,verbs,76,0.6776019334793091
nllb200_1B,facebook/nllb-200-1.3B,17,verbs,77,0.9503253698348999
nllb200_1B,facebook/nllb-200-1.3B,17,verbs,78,0.8563711047172546
nllb200_1B,facebook/nllb-200-1.3B,17,verbs,79,0.9357944130897522
nllb200_1B,facebook/nllb-200-1.3B,17,verbs,80,0.9503465890884399
nllb200_1B,facebook/nllb-200-1.3B,17,verbs,81,0.8081285953521729
nllb200_1B,facebook/nllb-200-1.3B,17,verbs,82,0.9461286067962646
nllb200_1B,facebook/nllb-200-1.3B,17,verbs,83,0.8043201565742493
nllb200_1B,facebook/nllb-200-1.3B,17,verbs,84,0.964198112487793
nllb200_1B,facebook/nllb-200-1.3B,17,verbs,85,0.929082453250885
nllb200_1B,facebook/nllb-200-1.3B,17,verbs,86,0.9472965598106384
nllb200_1B,facebook/nllb-200-1.3B,17,verbs,87,0.8053222298622131
nllb200_1B,facebook/nllb-200-1.3B,17,verbs,88,0.9662771821022034
nllb200_1B,facebook/nllb-200-1.3B,17,verbs,89,0.9236364364624023
nllb200_1B,facebook/nllb-200-1.3B,17,verbs,90,0.9124596118927002
nllb200_1B,facebook/nllb-200-1.3B,17,verbs,91,0.9471532106399536
nllb200_1B,facebook/nllb-200-1.3B,17,verbs,92,0.7199760675430298
nllb200_1B,facebook/nllb-200-1.3B,17,verbs,93,0.712185263633728
nllb200_1B,facebook/nllb-200-1.3B,17,verbs,94,0.9547061920166016
nllb200_1B,facebook/nllb-200-1.3B,17,verbs,95,0.9621307253837585
nllb200_1B,facebook/nllb-200-1.3B,17,verbs,96,0.9340105652809143
nllb200_1B,facebook/nllb-200-1.3B,17,verbs,97,0.9583083987236023
nllb200_1B,facebook/nllb-200-1.3B,17,verbs,98,0.7714954614639282
nllb200_1B,facebook/nllb-200-1.3B,17,verbs,99,0.9570897221565247
nllb200_1B,facebook/nllb-200-1.3B,17,verbs,100,0.9457705020904541
nllb200_1B,facebook/nllb-200-1.3B,17,verbs,101,0.7969013452529907
nllb200_1B,facebook/nllb-200-1.3B,17,verbs,102,0.751282274723053
nllb200_1B,facebook/nllb-200-1.3B,17,verbs,103,0.9265955090522766
nllb200_1B,facebook/nllb-200-1.3B,17,verbs,104,0.9384393692016602
nllb200_1B,facebook/nllb-200-1.3B,17,verbs,105,0.9575220346450806
nllb200_1B,facebook/nllb-200-1.3B,17,verbs,106,0.9626389741897583
nllb200_1B,facebook/nllb-200-1.3B,17,verbs,107,0.771670937538147
nllb200_1B,facebook/nllb-200-1.3B,17,verbs,108,0.9620747566223145
nllb200_1B,facebook/nllb-200-1.3B,17,verbs,109,0.9505873918533325
nllb200_1B,facebook/nllb-200-1.3B,17,verbs,110,0.9647083282470703
nllb200_1B,facebook/nllb-200-1.3B,17,verbs,111,0.9516991972923279
nllb200_1B,facebook/nllb-200-1.3B,17,verbs,112,0.9445111751556396
nllb200_1B,facebook/nllb-200-1.3B,17,verbs,113,0.9557851552963257
nllb200_1B,facebook/nllb-200-1.3B,17,verbs,114,0.9534351825714111
nllb200_1B,facebook/nllb-200-1.3B,17,verbs,115,0.9589166045188904
nllb200_1B,facebook/nllb-200-1.3B,17,verbs,116,0.9169678688049316
nllb200_1B,facebook/nllb-200-1.3B,17,verbs,117,0.9480400681495667
nllb200_1B,facebook/nllb-200-1.3B,17,verbs,118,0.950888454914093
nllb200_1B,facebook/nllb-200-1.3B,17,verbs,119,0.9594177007675171
nllb200_1B,facebook/nllb-200-1.3B,17,verbs,120,0.9328028559684753
nllb200_1B,facebook/nllb-200-1.3B,17,verbs,121,0.9223639369010925
nllb200_1B,facebook/nllb-200-1.3B,17,verbs,122,0.9527084827423096
nllb200_1B,facebook/nllb-200-1.3B,17,verbs,123,0.9479691386222839
nllb200_1B,facebook/nllb-200-1.3B,17,verbs,124,0.9606359004974365
nllb200_1B,facebook/nllb-200-1.3B,17,verbs,125,0.9437949657440186
nllb200_1B,facebook/nllb-200-1.3B,17,verbs,126,0.936042070388794
nllb200_1B,facebook/nllb-200-1.3B,17,verbs,127,0.9474300146102905
nllb200_1B,facebook/nllb-200-1.3B,17,verbs,128,0.9323081970214844
nllb200_1B,facebook/nllb-200-1.3B,17,verbs,129,0.95659339427948
nllb200_1B,facebook/nllb-200-1.3B,17,verbs,130,0.9459542036056519
nllb200_1B,facebook/nllb-200-1.3B,17,verbs,131,0.9133038520812988
nllb200_1B,facebook/nllb-200-1.3B,17,verbs,132,0.9300186634063721
nllb200_1B,facebook/nllb-200-1.3B,17,verbs,133,0.9293643236160278
nllb200_1B,facebook/nllb-200-1.3B,17,verbs,134,0.9442625045776367
nllb200_1B,facebook/nllb-200-1.3B,17,verbs,135,0.9543891549110413
nllb200_1B,facebook/nllb-200-1.3B,17,verbs,136,0.9346956014633179
nllb200_1B,facebook/nllb-200-1.3B,17,verbs,137,0.9360504150390625
nllb200_1B,facebook/nllb-200-1.3B,17,verbs,138,0.9469192028045654
nllb200_1B,facebook/nllb-200-1.3B,17,verbs,139,0.9523457288742065
nllb200_1B,facebook/nllb-200-1.3B,17,verbs,140,0.952843964099884
nllb200_1B,facebook/nllb-200-1.3B,17,verbs,141,0.9410993456840515
nllb200_1B,facebook/nllb-200-1.3B,17,verbs,142,0.949318528175354
nllb200_1B,facebook/nllb-200-1.3B,17,verbs,143,0.895435094833374
nllb200_1B,facebook/nllb-200-1.3B,17,verbs,144,0.9555618762969971
nllb200_1B,facebook/nllb-200-1.3B,17,verbs,145,0.9442009925842285
nllb200_1B,facebook/nllb-200-1.3B,17,verbs,146,0.9525949954986572
nllb200_1B,facebook/nllb-200-1.3B,17,verbs,147,0.9527824521064758
nllb200_1B,facebook/nllb-200-1.3B,17,verbs,148,0.9484416842460632
nllb200_1B,facebook/nllb-200-1.3B,17,verbs,149,0.9602243900299072
nllb200_1B,facebook/nllb-200-1.3B,17,verbs,150,0.9439349174499512
nllb200_1B,facebook/nllb-200-1.3B,17,verbs,151,0.9209489822387695
nllb200_1B,facebook/nllb-200-1.3B,17,verbs,152,0.938097357749939
nllb200_1B,facebook/nllb-200-1.3B,17,verbs,153,0.9476091861724854
nllb200_1B,facebook/nllb-200-1.3B,17,verbs,154,0.9261411428451538
nllb200_1B,facebook/nllb-200-1.3B,17,verbs,155,0.95048987865448
nllb200_1B,facebook/nllb-200-1.3B,17,verbs,156,0.9697513580322266
nllb200_1B,facebook/nllb-200-1.3B,17,verbs,157,0.9608242511749268
nllb200_1B,facebook/nllb-200-1.3B,17,verbs,158,0.940822958946228
nllb200_1B,facebook/nllb-200-1.3B,17,verbs,159,0.9570534229278564
nllb200_1B,facebook/nllb-200-1.3B,17,verbs,160,0.9137230515480042
nllb200_1B,facebook/nllb-200-1.3B,17,verbs,161,0.9382162094116211
nllb200_1B,facebook/nllb-200-1.3B,17,verbs,162,0.9150598049163818
nllb200_1B,facebook/nllb-200-1.3B,17,verbs,163,0.9417585730552673
nllb200_1B,facebook/nllb-200-1.3B,17,verbs,164,0.9368922710418701
nllb200_1B,facebook/nllb-200-1.3B,17,verbs,165,0.9653123617172241
nllb200_1B,facebook/nllb-200-1.3B,17,verbs,166,0.9482428431510925
nllb200_1B,facebook/nllb-200-1.3B,17,verbs,167,0.9505836963653564
nllb200_1B,facebook/nllb-200-1.3B,17,verbs,168,0.9440356492996216
nllb200_1B,facebook/nllb-200-1.3B,17,verbs,169,0.962151288986206
nllb200_1B,facebook/nllb-200-1.3B,17,verbs,170,0.9538156986236572
nllb200_1B,facebook/nllb-200-1.3B,17,verbs,171,0.9443894028663635
nllb200_1B,facebook/nllb-200-1.3B,17,verbs,172,0.9123319387435913
nllb200_1B,facebook/nllb-200-1.3B,17,verbs,173,0.944008469581604
nllb200_1B,facebook/nllb-200-1.3B,17,verbs,174,0.9610457420349121
nllb200_1B,facebook/nllb-200-1.3B,17,verbs,175,0.9525057077407837
nllb200_1B,facebook/nllb-200-1.3B,17,verbs,176,0.9395025968551636
nllb200_1B,facebook/nllb-200-1.3B,17,verbs,177,0.9538330435752869
nllb200_1B,facebook/nllb-200-1.3B,17,verbs,178,0.9097553491592407
nllb200_1B,facebook/nllb-200-1.3B,17,verbs,179,0.9360891580581665
nllb200_1B,facebook/nllb-200-1.3B,17,verbs,180,0.922951340675354
nllb200_1B,facebook/nllb-200-1.3B,17,verbs,181,0.6410958766937256
nllb200_1B,facebook/nllb-200-1.3B,17,verbs,182,0.9595712423324585
nllb200_1B,facebook/nllb-200-1.3B,17,verbs,183,0.9159793257713318
nllb200_1B,facebook/nllb-200-1.3B,17,verbs,184,0.9340797066688538
nllb200_1B,facebook/nllb-200-1.3B,17,verbs,185,0.8385835886001587
nllb200_1B,facebook/nllb-200-1.3B,17,verbs,186,0.916748583316803
nllb200_1B,facebook/nllb-200-1.3B,17,verbs,187,0.7344069480895996
nllb200_1B,facebook/nllb-200-1.3B,17,verbs,188,0.9444347023963928
nllb200_1B,facebook/nllb-200-1.3B,17,verbs,189,0.9560545682907104
nllb200_1B,facebook/nllb-200-1.3B,17,verbs,190,0.8608113527297974
nllb200_1B,facebook/nllb-200-1.3B,17,verbs,191,0.9355892539024353
nllb200_1B,facebook/nllb-200-1.3B,17,verbs,192,0.9619274139404297
nllb200_1B,facebook/nllb-200-1.3B,17,verbs,193,0.9627038836479187
nllb200_1B,facebook/nllb-200-1.3B,17,verbs,194,0.9631963968276978
nllb200_1B,facebook/nllb-200-1.3B,17,verbs,195,0.7830509543418884
nllb200_1B,facebook/nllb-200-1.3B,17,verbs,196,0.9560570120811462
nllb200_1B,facebook/nllb-200-1.3B,17,verbs,197,0.6873466968536377
nllb200_1B,facebook/nllb-200-1.3B,17,verbs,198,0.7701440453529358
nllb200_1B,facebook/nllb-200-1.3B,17,verbs,199,0.9233881235122681
nllb200_1B,facebook/nllb-200-1.3B,17,verbs,200,0.9557203054428101
nllb200_1B,facebook/nllb-200-1.3B,17,verbs,201,0.9357730746269226
nllb200_1B,facebook/nllb-200-1.3B,17,verbs,202,0.9638292789459229
nllb200_1B,facebook/nllb-200-1.3B,17,verbs,203,0.9331942796707153
nllb200_1B,facebook/nllb-200-1.3B,17,verbs,204,0.9492249488830566
nllb200_1B,facebook/nllb-200-1.3B,17,verbs,205,0.9488699436187744
nllb200_1B,facebook/nllb-200-1.3B,17,verbs,206,0.931235671043396
nllb200_1B,facebook/nllb-200-1.3B,17,verbs,207,0.9347505569458008
nllb200_1B,facebook/nllb-200-1.3B,17,verbs,208,0.9432071447372437
nllb200_1B,facebook/nllb-200-1.3B,17,verbs,209,0.9509792327880859
nllb200_1B,facebook/nllb-200-1.3B,17,verbs,210,0.9379346966743469
nllb200_1B,facebook/nllb-200-1.3B,17,verbs,211,0.9502137899398804
nllb200_1B,facebook/nllb-200-1.3B,17,verbs,212,0.9264429807662964
nllb200_1B,facebook/nllb-200-1.3B,17,verbs,213,0.9356122016906738
nllb200_1B,facebook/nllb-200-1.3B,17,verbs,214,0.9433842301368713
nllb200_1B,facebook/nllb-200-1.3B,17,verbs,215,0.9549022912979126
nllb200_1B,facebook/nllb-200-1.3B,17,verbs,216,0.7492092847824097
nllb200_1B,facebook/nllb-200-1.3B,17,verbs,217,0.795462965965271
nllb200_1B,facebook/nllb-200-1.3B,17,verbs,218,0.9521529674530029
nllb200_1B,facebook/nllb-200-1.3B,17,verbs,219,0.9246472120285034
nllb200_1B,facebook/nllb-200-1.3B,17,verbs,220,0.945341944694519
nllb200_1B,facebook/nllb-200-1.3B,17,verbs,221,0.9549634456634521
nllb200_1B,facebook/nllb-200-1.3B,17,verbs,222,0.9687035083770752
nllb200_1B,facebook/nllb-200-1.3B,17,verbs,223,0.7315666079521179
nllb200_1B,facebook/nllb-200-1.3B,17,verbs,224,0.9606362581253052
nllb200_1B,facebook/nllb-200-1.3B,17,verbs,225,0.7814380526542664
nllb200_1B,facebook/nllb-200-1.3B,17,verbs,226,0.9543272256851196
nllb200_1B,facebook/nllb-200-1.3B,17,verbs,227,0.9577484130859375
nllb200_1B,facebook/nllb-200-1.3B,17,verbs,228,0.938372790813446
nllb200_1B,facebook/nllb-200-1.3B,17,verbs,229,0.9635051488876343
nllb200_1B,facebook/nllb-200-1.3B,17,verbs,230,0.9561489224433899
nllb200_1B,facebook/nllb-200-1.3B,17,verbs,231,0.7472467422485352
nllb200_1B,facebook/nllb-200-1.3B,17,verbs,232,0.7509721517562866
nllb200_1B,facebook/nllb-200-1.3B,17,verbs,233,0.9550926685333252
nllb200_1B,facebook/nllb-200-1.3B,17,verbs,234,0.9554805755615234
nllb200_1B,facebook/nllb-200-1.3B,17,verbs,235,0.7817251682281494
nllb200_1B,facebook/nllb-200-1.3B,17,verbs,236,0.7340010404586792
nllb200_1B,facebook/nllb-200-1.3B,17,verbs,237,0.7110952138900757
nllb200_1B,facebook/nllb-200-1.3B,17,verbs,238,0.9600381255149841
nllb200_1B,facebook/nllb-200-1.3B,17,verbs,239,0.69549560546875
nllb200_1B,facebook/nllb-200-1.3B,17,verbs,240,0.9580702781677246
nllb200_1B,facebook/nllb-200-1.3B,17,verbs,241,0.935657262802124
nllb200_1B,facebook/nllb-200-1.3B,17,verbs,242,0.9407414197921753
nllb200_1B,facebook/nllb-200-1.3B,17,verbs,243,0.8309808373451233
nllb200_1B,facebook/nllb-200-1.3B,17,verbs,244,0.9631885290145874
nllb200_1B,facebook/nllb-200-1.3B,17,verbs,245,0.918627142906189
nllb200_1B,facebook/nllb-200-1.3B,17,verbs,246,0.9570422768592834
nllb200_1B,facebook/nllb-200-1.3B,17,verbs,247,0.95450758934021
nllb200_1B,facebook/nllb-200-1.3B,17,verbs,248,0.7877520322799683
nllb200_1B,facebook/nllb-200-1.3B,17,verbs,249,0.9582189321517944
nllb200_1B,facebook/nllb-200-1.3B,17,verbs,250,0.9647753834724426
nllb200_1B,facebook/nllb-200-1.3B,17,verbs,251,0.9621281623840332
nllb200_1B,facebook/nllb-200-1.3B,17,verbs,252,0.9618968963623047
nllb200_1B,facebook/nllb-200-1.3B,17,verbs,253,0.9512896537780762
nllb200_1B,facebook/nllb-200-1.3B,17,verbs,254,0.6794679164886475
nllb200_1B,facebook/nllb-200-1.3B,17,verbs,255,0.9532965421676636
nllb200_1B,facebook/nllb-200-1.3B,17,verbs,256,0.9507107734680176
nllb200_1B,facebook/nllb-200-1.3B,17,verbs,257,0.9406022429466248
nllb200_1B,facebook/nllb-200-1.3B,17,verbs,258,0.9524966478347778
nllb200_1B,facebook/nllb-200-1.3B,17,verbs,259,0.9563855528831482
nllb200_1B,facebook/nllb-200-1.3B,17,verbs,260,0.820663571357727
nllb200_1B,facebook/nllb-200-1.3B,17,verbs,261,0.9617362022399902
nllb200_1B,facebook/nllb-200-1.3B,17,verbs,262,0.8327310681343079
nllb200_1B,facebook/nllb-200-1.3B,17,verbs,263,0.9375159740447998
nllb200_1B,facebook/nllb-200-1.3B,17,verbs,264,0.8162344694137573
nllb200_1B,facebook/nllb-200-1.3B,17,verbs,265,0.9245433807373047
nllb200_1B,facebook/nllb-200-1.3B,17,verbs,266,0.9416389465332031
nllb200_1B,facebook/nllb-200-1.3B,17,verbs,267,0.9424506425857544
nllb200_1B,facebook/nllb-200-1.3B,17,verbs,268,0.9518436193466187
nllb200_1B,facebook/nllb-200-1.3B,17,verbs,269,0.9457140564918518
nllb200_1B,facebook/nllb-200-1.3B,17,verbs,270,0.956974983215332
nllb200_1B,facebook/nllb-200-1.3B,17,verbs,271,0.7089704275131226
nllb200_1B,facebook/nllb-200-1.3B,17,verbs,272,0.9628859758377075
nllb200_1B,facebook/nllb-200-1.3B,17,verbs,273,0.9651150703430176
nllb200_1B,facebook/nllb-200-1.3B,17,verbs,274,0.721686840057373
nllb200_1B,facebook/nllb-200-1.3B,17,verbs,275,0.9564296007156372
nllb200_1B,facebook/nllb-200-1.3B,17,verbs,276,0.9556092023849487
nllb200_1B,facebook/nllb-200-1.3B,17,verbs,277,0.9449479579925537
nllb200_1B,facebook/nllb-200-1.3B,17,verbs,278,0.9606757164001465
nllb200_1B,facebook/nllb-200-1.3B,17,verbs,279,0.955551266670227
nllb200_1B,facebook/nllb-200-1.3B,17,verbs,280,0.9482377767562866
nllb200_1B,facebook/nllb-200-1.3B,17,verbs,281,0.963791012763977
nllb200_1B,facebook/nllb-200-1.3B,17,verbs,282,0.9568630456924438
nllb200_1B,facebook/nllb-200-1.3B,17,verbs,283,0.9481877088546753
nllb200_1B,facebook/nllb-200-1.3B,17,verbs,284,0.9478828310966492
nllb200_1B,facebook/nllb-200-1.3B,17,verbs,285,0.965082049369812
nllb200_1B,facebook/nllb-200-1.3B,17,verbs,286,0.9351227283477783
nllb200_1B,facebook/nllb-200-1.3B,17,verbs,287,0.9356964230537415
nllb200_1B,facebook/nllb-200-1.3B,17,verbs,288,0.9448425769805908
nllb200_1B,facebook/nllb-200-1.3B,17,verbs,289,0.9557976722717285
nllb200_1B,facebook/nllb-200-1.3B,17,verbs,290,0.9330504536628723
nllb200_1B,facebook/nllb-200-1.3B,17,verbs,291,0.9595413208007812
nllb200_1B,facebook/nllb-200-1.3B,17,verbs,292,0.9609670639038086
nllb200_1B,facebook/nllb-200-1.3B,17,verbs,293,0.9607388377189636
nllb200_1B,facebook/nllb-200-1.3B,17,verbs,294,0.951725959777832
nllb200_1B,facebook/nllb-200-1.3B,17,verbs,295,0.9453530311584473
nllb200_1B,facebook/nllb-200-1.3B,17,verbs,296,0.9573113322257996
nllb200_1B,facebook/nllb-200-1.3B,17,verbs,297,0.9599539041519165
nllb200_1B,facebook/nllb-200-1.3B,17,verbs,298,0.9186084270477295
nllb200_1B,facebook/nllb-200-1.3B,17,verbs,299,0.9457933902740479
nllb200_1B,facebook/nllb-200-1.3B,17,verbs,300,0.918664276599884
nllb200_1B,facebook/nllb-200-1.3B,17,verbs,301,0.961491584777832
nllb200_1B,facebook/nllb-200-1.3B,17,verbs,302,0.9426296949386597
nllb200_1B,facebook/nllb-200-1.3B,17,verbs,303,0.9524755477905273
nllb200_1B,facebook/nllb-200-1.3B,17,verbs,304,0.9491358995437622
nllb200_1B,facebook/nllb-200-1.3B,17,verbs,305,0.9474568367004395
nllb200_1B,facebook/nllb-200-1.3B,17,verbs,306,0.9483320116996765
nllb200_1B,facebook/nllb-200-1.3B,17,verbs,307,0.9362236261367798
nllb200_1B,facebook/nllb-200-1.3B,17,verbs,308,0.9483401775360107
nllb200_1B,facebook/nllb-200-1.3B,17,verbs,309,0.9581387042999268
nllb200_1B,facebook/nllb-200-1.3B,17,verbs,310,0.9587073922157288
nllb200_1B,facebook/nllb-200-1.3B,17,verbs,311,0.9371306896209717
nllb200_1B,facebook/nllb-200-1.3B,17,verbs,312,0.9231197834014893
nllb200_1B,facebook/nllb-200-1.3B,17,verbs,313,0.9372705221176147
nllb200_1B,facebook/nllb-200-1.3B,17,verbs,314,0.9607827067375183
nllb200_1B,facebook/nllb-200-1.3B,17,verbs,315,0.934834361076355
nllb200_1B,facebook/nllb-200-1.3B,17,verbs,316,0.9652934074401855
nllb200_1B,facebook/nllb-200-1.3B,17,verbs,317,0.9289253950119019
nllb200_1B,facebook/nllb-200-1.3B,17,verbs,318,0.9498196840286255
nllb200_1B,facebook/nllb-200-1.3B,17,verbs,319,0.9630403518676758
nllb200_1B,facebook/nllb-200-1.3B,17,verbs,320,0.9051943421363831
nllb200_1B,facebook/nllb-200-1.3B,17,verbs,321,0.9583498239517212
nllb200_1B,facebook/nllb-200-1.3B,17,verbs,322,0.941712498664856
nllb200_1B,facebook/nllb-200-1.3B,17,verbs,323,0.9642536640167236
nllb200_1B,facebook/nllb-200-1.3B,17,verbs,324,0.9601746797561646
nllb200_1B,facebook/nllb-200-1.3B,17,verbs,325,0.9661785364151001
nllb200_1B,facebook/nllb-200-1.3B,17,verbs,326,0.9542065262794495
nllb200_1B,facebook/nllb-200-1.3B,17,verbs,327,0.960477888584137
nllb200_1B,facebook/nllb-200-1.3B,17,verbs,328,0.9607391357421875
nllb200_1B,facebook/nllb-200-1.3B,17,verbs,329,0.9441708922386169
nllb200_1B,facebook/nllb-200-1.3B,17,verbs,330,0.9432402849197388
nllb200_1B,facebook/nllb-200-1.3B,17,verbs,331,0.9342862367630005
nllb200_1B,facebook/nllb-200-1.3B,17,verbs,332,0.9411909580230713
nllb200_1B,facebook/nllb-200-1.3B,17,verbs,333,0.9440067410469055
nllb200_1B,facebook/nllb-200-1.3B,17,verbs,334,0.9399890899658203
nllb200_1B,facebook/nllb-200-1.3B,17,verbs,335,0.9354333877563477
nllb200_1B,facebook/nllb-200-1.3B,17,verbs,336,0.9541088342666626
nllb200_1B,facebook/nllb-200-1.3B,17,verbs,337,0.922706127166748
nllb200_1B,facebook/nllb-200-1.3B,17,verbs,338,0.9476372003555298
nllb200_1B,facebook/nllb-200-1.3B,17,verbs,339,0.9502987861633301
nllb200_1B,facebook/nllb-200-1.3B,17,verbs,340,0.9428122639656067
nllb200_1B,facebook/nllb-200-1.3B,17,verbs,341,0.9525942206382751
nllb200_1B,facebook/nllb-200-1.3B,17,verbs,342,0.9488776326179504
nllb200_1B,facebook/nllb-200-1.3B,17,verbs,343,0.9447495937347412
nllb200_1B,facebook/nllb-200-1.3B,17,verbs,344,0.9430326223373413
nllb200_1B,facebook/nllb-200-1.3B,17,verbs,345,0.9542648196220398
nllb200_1B,facebook/nllb-200-1.3B,17,verbs,346,0.9156173467636108
nllb200_1B,facebook/nllb-200-1.3B,17,verbs,347,0.9410796761512756
nllb200_1B,facebook/nllb-200-1.3B,17,verbs,348,0.9405832886695862
nllb200_1B,facebook/nllb-200-1.3B,17,verbs,349,0.9452418088912964
nllb200_1B,facebook/nllb-200-1.3B,17,verbs,350,0.956642746925354
nllb200_1B,facebook/nllb-200-1.3B,17,verbs,351,0.9502428770065308
nllb200_1B,facebook/nllb-200-1.3B,17,verbs,352,0.9455296993255615
nllb200_1B,facebook/nllb-200-1.3B,17,verbs,353,0.9541741013526917
nllb200_1B,facebook/nllb-200-1.3B,17,verbs,354,0.9477332830429077
nllb200_1B,facebook/nllb-200-1.3B,17,verbs,355,0.7699344158172607
nllb200_1B,facebook/nllb-200-1.3B,17,verbs,356,0.9246941804885864
nllb200_1B,facebook/nllb-200-1.3B,17,verbs,357,0.9637561440467834
nllb200_1B,facebook/nllb-200-1.3B,17,verbs,358,0.9624135494232178
nllb200_1B,facebook/nllb-200-1.3B,17,verbs,359,0.9331355690956116
nllb200_1B,facebook/nllb-200-1.3B,17,verbs,360,0.9629210233688354
nllb200_1B,facebook/nllb-200-1.3B,17,verbs,361,0.956024706363678
nllb200_1B,facebook/nllb-200-1.3B,17,verbs,362,0.9478932619094849
nllb200_1B,facebook/nllb-200-1.3B,17,verbs,363,0.9373804330825806
nllb200_1B,facebook/nllb-200-1.3B,17,verbs,364,0.9433542490005493
nllb200_1B,facebook/nllb-200-1.3B,17,verbs,365,0.9174516797065735
nllb200_1B,facebook/nllb-200-1.3B,17,verbs,366,0.9468427896499634
nllb200_1B,facebook/nllb-200-1.3B,17,verbs,367,0.9459768533706665
nllb200_1B,facebook/nllb-200-1.3B,17,verbs,368,0.9628963470458984
nllb200_1B,facebook/nllb-200-1.3B,17,verbs,369,0.9559961557388306
nllb200_1B,facebook/nllb-200-1.3B,17,verbs,370,0.9473069906234741
nllb200_1B,facebook/nllb-200-1.3B,17,verbs,371,0.9449211359024048
nllb200_1B,facebook/nllb-200-1.3B,17,verbs,372,0.9469960331916809
nllb200_1B,facebook/nllb-200-1.3B,17,verbs,373,0.9591670632362366
nllb200_1B,facebook/nllb-200-1.3B,17,verbs,374,0.9460426568984985
nllb200_1B,facebook/nllb-200-1.3B,17,verbs,375,0.9581086039543152
nllb200_1B,facebook/nllb-200-1.3B,17,verbs,376,0.94520103931427
nllb200_1B,facebook/nllb-200-1.3B,17,verbs,377,0.8838359117507935
nllb200_1B,facebook/nllb-200-1.3B,17,verbs,378,0.9582785367965698
nllb200_1B,facebook/nllb-200-1.3B,17,verbs,379,0.9552671313285828
nllb200_1B,facebook/nllb-200-1.3B,17,verbs,380,0.9275974035263062
nllb200_1B,facebook/nllb-200-1.3B,17,verbs,381,0.6993491649627686
nllb200_1B,facebook/nllb-200-1.3B,17,verbs,382,0.7692112326622009
nllb200_1B,facebook/nllb-200-1.3B,17,verbs,383,0.7339950799942017
nllb200_1B,facebook/nllb-200-1.3B,17,verbs,384,0.9458381533622742
nllb200_1B,facebook/nllb-200-1.3B,17,verbs,385,0.9445858001708984
nllb200_1B,facebook/nllb-200-1.3B,17,verbs,386,0.8048034906387329
nllb200_1B,facebook/nllb-200-1.3B,17,verbs,387,0.9496535062789917
nllb200_1B,facebook/nllb-200-1.3B,17,verbs,388,0.8035388588905334
nllb200_1B,facebook/nllb-200-1.3B,17,verbs,389,0.7838487029075623
nllb200_1B,facebook/nllb-200-1.3B,17,verbs,390,0.9355393648147583
nllb200_1B,facebook/nllb-200-1.3B,17,verbs,391,0.7858405113220215
nllb200_1B,facebook/nllb-200-1.3B,17,verbs,392,0.8037102222442627
nllb200_1B,facebook/nllb-200-1.3B,17,verbs,393,0.8193925619125366
nllb200_1B,facebook/nllb-200-1.3B,17,verbs,394,0.7775246500968933
nllb200_1B,facebook/nllb-200-1.3B,17,verbs,395,0.7542933225631714
nllb200_1B,facebook/nllb-200-1.3B,17,verbs,396,0.7470343112945557
nllb200_1B,facebook/nllb-200-1.3B,17,verbs,397,0.7858315706253052
nllb200_1B,facebook/nllb-200-1.3B,17,verbs,398,0.6930719614028931
nllb200_1B,facebook/nllb-200-1.3B,17,verbs,399,0.9266607761383057
nllb200_1B,facebook/nllb-200-1.3B,17,verbs,400,0.9619916677474976
nllb200_1B,facebook/nllb-200-1.3B,17,verbs,401,0.9562822580337524
nllb200_1B,facebook/nllb-200-1.3B,17,verbs,402,0.9605434536933899
nllb200_1B,facebook/nllb-200-1.3B,17,verbs,403,0.9083818197250366
nllb200_1B,facebook/nllb-200-1.3B,17,verbs,404,0.9477623701095581
nllb200_1B,facebook/nllb-200-1.3B,17,verbs,405,0.937913179397583
nllb200_1B,facebook/nllb-200-1.3B,17,verbs,406,0.9441072344779968
nllb200_1B,facebook/nllb-200-1.3B,17,verbs,407,0.950181245803833
nllb200_1B,facebook/nllb-200-1.3B,17,verbs,408,0.9624916315078735
nllb200_1B,facebook/nllb-200-1.3B,17,verbs,409,0.9339348077774048
nllb200_1B,facebook/nllb-200-1.3B,17,verbs,410,0.9218325018882751
nllb200_1B,facebook/nllb-200-1.3B,17,verbs,411,0.937009334564209
nllb200_1B,facebook/nllb-200-1.3B,17,verbs,412,0.7653214931488037
nllb200_1B,facebook/nllb-200-1.3B,17,verbs,413,0.9252013564109802
nllb200_1B,facebook/nllb-200-1.3B,17,verbs,414,0.9522290229797363
nllb200_1B,facebook/nllb-200-1.3B,17,verbs,415,0.9389359354972839
nllb200_1B,facebook/nllb-200-1.3B,17,verbs,416,0.955765962600708
nllb200_1B,facebook/nllb-200-1.3B,17,verbs,417,0.9594773054122925
nllb200_1B,facebook/nllb-200-1.3B,17,verbs,418,0.9579106569290161
nllb200_1B,facebook/nllb-200-1.3B,17,verbs,419,0.9584269523620605
nllb200_1B,facebook/nllb-200-1.3B,17,verbs,420,0.9531545639038086
nllb200_1B,facebook/nllb-200-1.3B,17,verbs,421,0.7244898080825806
nllb200_1B,facebook/nllb-200-1.3B,17,verbs,422,0.7701719999313354
nllb200_1B,facebook/nllb-200-1.3B,17,verbs,423,0.955176830291748
nllb200_1B,facebook/nllb-200-1.3B,17,verbs,424,0.9568132162094116
nllb200_1B,facebook/nllb-200-1.3B,17,verbs,425,0.6670839786529541
nllb200_1B,facebook/nllb-200-1.3B,17,verbs,426,0.9545353651046753
nllb200_1B,facebook/nllb-200-1.3B,17,verbs,427,0.9522150754928589
nllb200_1B,facebook/nllb-200-1.3B,17,verbs,428,0.9562565088272095
nllb200_1B,facebook/nllb-200-1.3B,17,verbs,429,0.9536659717559814
nllb200_1B,facebook/nllb-200-1.3B,17,verbs,430,0.9059696197509766
nllb200_1B,facebook/nllb-200-1.3B,17,verbs,431,0.9563374519348145
nllb200_1B,facebook/nllb-200-1.3B,17,verbs,432,0.9541770219802856
nllb200_1B,facebook/nllb-200-1.3B,17,verbs,433,0.9430866241455078
nllb200_1B,facebook/nllb-200-1.3B,17,verbs,434,0.9122762680053711
nllb200_1B,facebook/nllb-200-1.3B,17,verbs,435,0.9503811597824097
nllb200_1B,facebook/nllb-200-1.3B,17,verbs,436,0.9486954212188721
nllb200_1B,facebook/nllb-200-1.3B,17,verbs,437,0.9205324649810791
nllb200_1B,facebook/nllb-200-1.3B,17,verbs,438,0.933099091053009
nllb200_1B,facebook/nllb-200-1.3B,17,verbs,439,0.948096752166748
nllb200_1B,facebook/nllb-200-1.3B,17,verbs,440,0.9521242380142212
nllb200_1B,facebook/nllb-200-1.3B,17,verbs,441,0.95939701795578
nllb200_1B,facebook/nllb-200-1.3B,17,verbs,442,0.9468333721160889
nllb200_1B,facebook/nllb-200-1.3B,17,verbs,443,0.9564418792724609
nllb200_1B,facebook/nllb-200-1.3B,17,verbs,444,0.7422308921813965
nllb200_1B,facebook/nllb-200-1.3B,17,verbs,445,0.8906841278076172
nllb200_1B,facebook/nllb-200-1.3B,17,verbs,446,0.7256728410720825
nllb200_1B,facebook/nllb-200-1.3B,17,verbs,447,0.8106589317321777
nllb200_1B,facebook/nllb-200-1.3B,17,verbs,448,0.9570737481117249
nllb200_1B,facebook/nllb-200-1.3B,17,verbs,449,0.949822723865509
nllb200_1B,facebook/nllb-200-1.3B,17,verbs,450,0.9527750015258789
nllb200_1B,facebook/nllb-200-1.3B,17,verbs,451,0.7832678556442261
nllb200_1B,facebook/nllb-200-1.3B,17,verbs,452,0.9264557957649231
nllb200_1B,facebook/nllb-200-1.3B,17,verbs,453,0.9414971470832825
nllb200_1B,facebook/nllb-200-1.3B,17,verbs,454,0.9627159833908081
nllb200_1B,facebook/nllb-200-1.3B,17,verbs,455,0.9505393505096436
nllb200_1B,facebook/nllb-200-1.3B,17,verbs,456,0.9531915783882141
nllb200_1B,facebook/nllb-200-1.3B,17,verbs,457,0.9358714818954468
nllb200_1B,facebook/nllb-200-1.3B,17,verbs,458,0.9477990865707397
nllb200_1B,facebook/nllb-200-1.3B,17,verbs,459,0.9621479511260986
nllb200_1B,facebook/nllb-200-1.3B,17,verbs,460,0.9366568326950073
nllb200_1B,facebook/nllb-200-1.3B,17,verbs,461,0.9471625089645386
nllb200_1B,facebook/nllb-200-1.3B,17,verbs,462,0.9388431906700134
nllb200_1B,facebook/nllb-200-1.3B,17,verbs,463,0.9536778926849365
nllb200_1B,facebook/nllb-200-1.3B,17,verbs,464,0.9473322629928589
nllb200_1B,facebook/nllb-200-1.3B,17,verbs,465,0.9045767784118652
nllb200_1B,facebook/nllb-200-1.3B,17,verbs,466,0.9434354901313782
nllb200_1B,facebook/nllb-200-1.3B,17,verbs,467,0.9419159889221191
nllb200_1B,facebook/nllb-200-1.3B,17,verbs,468,0.9539227485656738
nllb200_1B,facebook/nllb-200-1.3B,17,verbs,469,0.9658052921295166
nllb200_1B,facebook/nllb-200-1.3B,17,verbs,470,0.9516524076461792
nllb200_1B,facebook/nllb-200-1.3B,17,verbs,471,0.9429620504379272
nllb200_1B,facebook/nllb-200-1.3B,17,verbs,472,0.935081958770752
nllb200_1B,facebook/nllb-200-1.3B,17,verbs,473,0.9175002574920654
nllb200_1B,facebook/nllb-200-1.3B,17,verbs,474,0.7415692806243896
nllb200_1B,facebook/nllb-200-1.3B,17,verbs,475,0.7692821025848389
nllb200_1B,facebook/nllb-200-1.3B,17,verbs,476,0.9395653009414673
nllb200_1B,facebook/nllb-200-1.3B,17,verbs,477,0.9526817202568054
nllb200_1B,facebook/nllb-200-1.3B,17,verbs,478,0.968681812286377
nllb200_1B,facebook/nllb-200-1.3B,17,verbs,479,0.9511435627937317
nllb200_1B,facebook/nllb-200-1.3B,17,verbs,480,0.9556305408477783
nllb200_1B,facebook/nllb-200-1.3B,17,verbs,481,0.9517048597335815
nllb200_1B,facebook/nllb-200-1.3B,17,verbs,482,0.9400656223297119
nllb200_1B,facebook/nllb-200-1.3B,17,verbs,483,0.7229138016700745
nllb200_1B,facebook/nllb-200-1.3B,17,verbs,484,0.9362135529518127
nllb200_1B,facebook/nllb-200-1.3B,17,verbs,485,0.8923326730728149
nllb200_1B,facebook/nllb-200-1.3B,17,verbs,486,0.9486057758331299
nllb200_1B,facebook/nllb-200-1.3B,17,verbs,487,0.9436650276184082
nllb200_1B,facebook/nllb-200-1.3B,17,verbs,488,0.7661292552947998
nllb200_1B,facebook/nllb-200-1.3B,17,verbs,489,0.9481204748153687
nllb200_1B,facebook/nllb-200-1.3B,17,verbs,490,0.9568073153495789
nllb200_1B,facebook/nllb-200-1.3B,17,verbs,491,0.9471925497055054
nllb200_1B,facebook/nllb-200-1.3B,17,verbs,492,0.9163087606430054
nllb200_1B,facebook/nllb-200-1.3B,17,verbs,493,0.9300551414489746
nllb200_1B,facebook/nllb-200-1.3B,17,verbs,494,0.9541877508163452
nllb200_1B,facebook/nllb-200-1.3B,17,verbs,495,0.6764369010925293
nllb200_1B,facebook/nllb-200-1.3B,17,verbs,496,0.9619464874267578
nllb200_1B,facebook/nllb-200-1.3B,17,verbs,497,0.9329956769943237
nllb200_1B,facebook/nllb-200-1.3B,17,verbs,498,0.7804213762283325
nllb200_1B,facebook/nllb-200-1.3B,17,verbs,499,0.9585771560668945
nllb200_1B,facebook/nllb-200-1.3B,17,verbs,500,0.7750332951545715
nllb200_1B,facebook/nllb-200-1.3B,17,verbs,501,0.9662017822265625
nllb200_1B,facebook/nllb-200-1.3B,17,verbs,502,0.7315577268600464
nllb200_1B,facebook/nllb-200-1.3B,17,verbs,503,0.69212806224823
nllb200_1B,facebook/nllb-200-1.3B,17,verbs,504,0.964827299118042
nllb200_1B,facebook/nllb-200-1.3B,17,verbs,505,0.9664721488952637
nllb200_1B,facebook/nllb-200-1.3B,17,verbs,506,0.7992711663246155
nllb200_1B,facebook/nllb-200-1.3B,17,verbs,507,0.9449211359024048
nllb200_1B,facebook/nllb-200-1.3B,17,verbs,508,0.9437479972839355
nllb200_1B,facebook/nllb-200-1.3B,17,verbs,509,0.956266462802887
nllb200_1B,facebook/nllb-200-1.3B,17,verbs,510,0.8835551738739014
nllb200_1B,facebook/nllb-200-1.3B,17,verbs,511,0.7814193964004517
nllb200_1B,facebook/nllb-200-1.3B,17,verbs,512,0.7258399128913879
nllb200_1B,facebook/nllb-200-1.3B,17,verbs,513,0.9192156195640564
nllb200_1B,facebook/nllb-200-1.3B,17,verbs,514,0.9098825454711914
nllb200_1B,facebook/nllb-200-1.3B,17,verbs,515,0.94797682762146
nllb200_1B,facebook/nllb-200-1.3B,17,verbs,516,0.956508994102478
nllb200_1B,facebook/nllb-200-1.3B,17,verbs,517,0.9417117834091187
nllb200_1B,facebook/nllb-200-1.3B,17,verbs,518,0.9509884119033813
nllb200_1B,facebook/nllb-200-1.3B,17,verbs,519,0.9421986937522888
nllb200_1B,facebook/nllb-200-1.3B,17,verbs,520,0.958156943321228
nllb200_1B,facebook/nllb-200-1.3B,17,verbs,521,0.9620987176895142
nllb200_1B,facebook/nllb-200-1.3B,17,verbs,522,0.9488102197647095
nllb200_1B,facebook/nllb-200-1.3B,17,verbs,523,0.9609092473983765
nllb200_1B,facebook/nllb-200-1.3B,17,verbs,524,0.7989068031311035
nllb200_1B,facebook/nllb-200-1.3B,17,verbs,525,0.7373268604278564
nllb200_1B,facebook/nllb-200-1.3B,17,verbs,526,0.7774029970169067
nllb200_1B,facebook/nllb-200-1.3B,17,verbs,527,0.9307112693786621
nllb200_1B,facebook/nllb-200-1.3B,17,verbs,528,0.7933212518692017
nllb200_1B,facebook/nllb-200-1.3B,17,verbs,529,0.9344607591629028
nllb200_1B,facebook/nllb-200-1.3B,17,verbs,530,0.7561314105987549
nllb200_1B,facebook/nllb-200-1.3B,17,verbs,531,0.9335053563117981
nllb200_1B,facebook/nllb-200-1.3B,17,verbs,532,0.9270784258842468
nllb200_1B,facebook/nllb-200-1.3B,17,verbs,533,0.9596483707427979
nllb200_1B,facebook/nllb-200-1.3B,17,verbs,534,0.7648086547851562
nllb200_1B,facebook/nllb-200-1.3B,17,verbs,535,0.9362746477127075
nllb200_1B,facebook/nllb-200-1.3B,17,verbs,536,0.9478455781936646
nllb200_1B,facebook/nllb-200-1.3B,17,verbs,537,0.9431196451187134
nllb200_1B,facebook/nllb-200-1.3B,17,verbs,538,0.9600965976715088
nllb200_1B,facebook/nllb-200-1.3B,17,verbs,539,0.8148283958435059
nllb200_1B,facebook/nllb-200-1.3B,17,verbs,540,0.8939476013183594
nllb200_1B,facebook/nllb-200-1.3B,17,verbs,541,0.9598510265350342
nllb200_1B,facebook/nllb-200-1.3B,17,verbs,542,0.9334125518798828
nllb200_1B,facebook/nllb-200-1.3B,17,verbs,543,0.9492641687393188
nllb200_1B,facebook/nllb-200-1.3B,17,verbs,544,0.9590563178062439
nllb200_1B,facebook/nllb-200-1.3B,17,verbs,545,0.9627904891967773
nllb200_1B,facebook/nllb-200-1.3B,17,verbs,546,0.7707500457763672
nllb200_1B,facebook/nllb-200-1.3B,17,verbs,547,0.9444673657417297
nllb200_1B,facebook/nllb-200-1.3B,17,verbs,548,0.9371587038040161
nllb200_1B,facebook/nllb-200-1.3B,17,verbs,549,0.9524904489517212
nllb200_1B,facebook/nllb-200-1.3B,17,verbs,550,0.9549444913864136
nllb200_1B,facebook/nllb-200-1.3B,17,verbs,551,0.942146897315979
nllb200_1B,facebook/nllb-200-1.3B,17,verbs,552,0.9529690742492676
nllb200_1B,facebook/nllb-200-1.3B,17,verbs,553,0.9539530277252197
nllb200_1B,facebook/nllb-200-1.3B,17,verbs,554,0.9520231485366821
nllb200_1B,facebook/nllb-200-1.3B,17,verbs,555,0.7788306474685669
nllb200_1B,facebook/nllb-200-1.3B,17,verbs,556,0.8323943018913269
nllb200_1B,facebook/nllb-200-1.3B,17,verbs,557,0.9151260256767273
nllb200_1B,facebook/nllb-200-1.3B,17,verbs,558,0.9188719987869263
nllb200_1B,facebook/nllb-200-1.3B,17,verbs,559,0.7796741724014282
nllb200_1B,facebook/nllb-200-1.3B,17,verbs,560,0.95768141746521
nllb200_1B,facebook/nllb-200-1.3B,17,verbs,561,0.9542798399925232
nllb200_1B,facebook/nllb-200-1.3B,17,verbs,562,0.9340507388114929
nllb200_1B,facebook/nllb-200-1.3B,17,verbs,563,0.8171298503875732
nllb200_1B,facebook/nllb-200-1.3B,17,verbs,564,0.9198092222213745
nllb200_1B,facebook/nllb-200-1.3B,17,verbs,565,0.9394364356994629
nllb200_1B,facebook/nllb-200-1.3B,17,verbs,566,0.9389665126800537
nllb200_1B,facebook/nllb-200-1.3B,17,verbs,567,0.8419649600982666
nllb200_1B,facebook/nllb-200-1.3B,17,verbs,568,0.9695857167243958
nllb200_1B,facebook/nllb-200-1.3B,17,verbs,569,0.9442822337150574
nllb200_1B,facebook/nllb-200-1.3B,17,verbs,570,0.7707856297492981
nllb200_1B,facebook/nllb-200-1.3B,17,verbs,571,0.8281216621398926
nllb200_1B,facebook/nllb-200-1.3B,17,verbs,572,0.9447908997535706
nllb200_1B,facebook/nllb-200-1.3B,17,verbs,573,0.760281503200531
nllb200_1B,facebook/nllb-200-1.3B,17,verbs,574,0.9552938342094421
nllb200_1B,facebook/nllb-200-1.3B,17,verbs,575,0.816185712814331
nllb200_1B,facebook/nllb-200-1.3B,17,verbs,576,0.9404458999633789
nllb200_1B,facebook/nllb-200-1.3B,17,verbs,577,0.9533089399337769
nllb200_1B,facebook/nllb-200-1.3B,17,verbs,578,0.959875762462616
nllb200_1B,facebook/nllb-200-1.3B,17,verbs,579,0.9514831304550171
nllb200_1B,facebook/nllb-200-1.3B,17,verbs,580,0.948428213596344
nllb200_1B,facebook/nllb-200-1.3B,17,verbs,581,0.9579557180404663
nllb200_1B,facebook/nllb-200-1.3B,17,verbs,582,0.9593889713287354
nllb200_1B,facebook/nllb-200-1.3B,17,verbs,583,0.9500190019607544
nllb200_1B,facebook/nllb-200-1.3B,17,verbs,584,0.950525164604187
nllb200_1B,facebook/nllb-200-1.3B,17,verbs,585,0.9534062147140503
nllb200_1B,facebook/nllb-200-1.3B,17,verbs,586,0.9276305437088013
nllb200_1B,facebook/nllb-200-1.3B,17,verbs,587,0.958284854888916
nllb200_1B,facebook/nllb-200-1.3B,17,verbs,588,0.9570716619491577
nllb200_1B,facebook/nllb-200-1.3B,17,verbs,589,0.7789263725280762
nllb200_1B,facebook/nllb-200-1.3B,17,verbs,590,0.9478863477706909
nllb200_1B,facebook/nllb-200-1.3B,17,verbs,591,0.6744378805160522
nllb200_1B,facebook/nllb-200-1.3B,17,verbs,592,0.7967858910560608
nllb200_1B,facebook/nllb-200-1.3B,17,verbs,593,0.9509674906730652
nllb200_1B,facebook/nllb-200-1.3B,17,verbs,594,0.9603025913238525
nllb200_1B,facebook/nllb-200-1.3B,17,verbs,595,0.9376987218856812
nllb200_1B,facebook/nllb-200-1.3B,17,verbs,596,0.9481655359268188
nllb200_1B,facebook/nllb-200-1.3B,17,verbs,597,0.9342966079711914
nllb200_1B,facebook/nllb-200-1.3B,17,verbs,598,0.9529556035995483
nllb200_1B,facebook/nllb-200-1.3B,17,verbs,599,0.9549416899681091
nllb200_1B,facebook/nllb-200-1.3B,17,verbs,600,0.9023892879486084
nllb200_1B,facebook/nllb-200-1.3B,17,verbs,601,0.708853006362915
nllb200_1B,facebook/nllb-200-1.3B,17,verbs,602,0.9489116668701172
nllb200_1B,facebook/nllb-200-1.3B,17,verbs,603,0.8179118633270264
nllb200_1B,facebook/nllb-200-1.3B,17,verbs,604,0.9595890045166016
nllb200_1B,facebook/nllb-200-1.3B,17,verbs,605,0.9603118896484375
nllb200_1B,facebook/nllb-200-1.3B,17,verbs,606,0.9379478693008423
nllb200_1B,facebook/nllb-200-1.3B,17,verbs,607,0.9609498977661133
nllb200_1B,facebook/nllb-200-1.3B,17,verbs,608,0.8573808670043945
nllb200_1B,facebook/nllb-200-1.3B,17,verbs,609,0.8513970971107483
nllb200_1B,facebook/nllb-200-1.3B,17,verbs,610,0.9338295459747314
nllb200_1B,facebook/nllb-200-1.3B,17,verbs,611,0.9371118545532227
nllb200_1B,facebook/nllb-200-1.3B,17,verbs,612,0.9524058103561401
nllb200_1B,facebook/nllb-200-1.3B,17,verbs,613,0.925028920173645
nllb200_1B,facebook/nllb-200-1.3B,17,verbs,614,0.9433133602142334
nllb200_1B,facebook/nllb-200-1.3B,17,verbs,615,0.9546598792076111
nllb200_1B,facebook/nllb-200-1.3B,17,verbs,616,0.9584611654281616
nllb200_1B,facebook/nllb-200-1.3B,17,verbs,617,0.9496889114379883
nllb200_1B,facebook/nllb-200-1.3B,17,verbs,618,0.9326789379119873
nllb200_1B,facebook/nllb-200-1.3B,17,verbs,619,0.9509733319282532
nllb200_1B,facebook/nllb-200-1.3B,17,verbs,620,0.967591404914856
nllb200_1B,facebook/nllb-200-1.3B,17,verbs,621,0.9565094709396362
nllb200_1B,facebook/nllb-200-1.3B,17,verbs,622,0.9357794523239136
nllb200_1B,facebook/nllb-200-1.3B,17,verbs,623,0.9368435144424438
nllb200_1B,facebook/nllb-200-1.3B,17,verbs,624,0.9546549916267395
nllb200_1B,facebook/nllb-200-1.3B,17,verbs,625,0.9279419779777527
nllb200_1B,facebook/nllb-200-1.3B,17,verbs,626,0.9577602744102478
nllb200_1B,facebook/nllb-200-1.3B,17,verbs,627,0.9489836692810059
nllb200_1B,facebook/nllb-200-1.3B,17,verbs,628,0.9589834213256836
nllb200_1B,facebook/nllb-200-1.3B,17,verbs,629,0.9564094543457031
nllb200_1B,facebook/nllb-200-1.3B,17,verbs,630,0.9522642493247986
nllb200_1B,facebook/nllb-200-1.3B,17,verbs,631,0.942488431930542
nllb200_1B,facebook/nllb-200-1.3B,17,verbs,632,0.9543288350105286
nllb200_1B,facebook/nllb-200-1.3B,17,verbs,633,0.9526748061180115
nllb200_1B,facebook/nllb-200-1.3B,17,verbs,634,0.9448948502540588
nllb200_1B,facebook/nllb-200-1.3B,17,verbs,635,0.9367263317108154
nllb200_1B,facebook/nllb-200-1.3B,17,verbs,636,0.9562361240386963
nllb200_1B,facebook/nllb-200-1.3B,17,verbs,637,0.9561493396759033
nllb200_1B,facebook/nllb-200-1.3B,17,verbs,638,0.9518908858299255
nllb200_1B,facebook/nllb-200-1.3B,17,verbs,639,0.9599906206130981
nllb200_1B,facebook/nllb-200-1.3B,17,verbs,640,0.9537227153778076
nllb200_1B,facebook/nllb-200-1.3B,17,verbs,641,0.9473522305488586
nllb200_1B,facebook/nllb-200-1.3B,17,verbs,642,0.9528253078460693
nllb200_1B,facebook/nllb-200-1.3B,17,verbs,643,0.9165206551551819
nllb200_1B,facebook/nllb-200-1.3B,17,verbs,644,0.9427322745323181
nllb200_1B,facebook/nllb-200-1.3B,17,verbs,645,0.9500939846038818
nllb200_1B,facebook/nllb-200-1.3B,17,verbs,646,0.9324170351028442
nllb200_1B,facebook/nllb-200-1.3B,17,verbs,647,0.9516981244087219
nllb200_1B,facebook/nllb-200-1.3B,17,verbs,648,0.9581049680709839
nllb200_1B,facebook/nllb-200-1.3B,17,verbs,649,0.9483579397201538
nllb200_1B,facebook/nllb-200-1.3B,17,verbs,650,0.9656280279159546
nllb200_1B,facebook/nllb-200-1.3B,17,verbs,651,0.9189543724060059
nllb200_1B,facebook/nllb-200-1.3B,17,verbs,652,0.9545137882232666
nllb200_1B,facebook/nllb-200-1.3B,17,verbs,653,0.9478887915611267
nllb200_1B,facebook/nllb-200-1.3B,17,verbs,654,0.9581989049911499
nllb200_1B,facebook/nllb-200-1.3B,17,verbs,655,0.94932621717453
nllb200_1B,facebook/nllb-200-1.3B,17,verbs,656,0.9526671171188354
nllb200_1B,facebook/nllb-200-1.3B,17,verbs,657,0.9422537684440613
nllb200_1B,facebook/nllb-200-1.3B,17,verbs,658,0.9504621028900146
nllb200_1B,facebook/nllb-200-1.3B,17,verbs,659,0.932985246181488
nllb200_1B,facebook/nllb-200-1.3B,17,verbs,660,0.926154375076294
nllb200_1B,facebook/nllb-200-1.3B,17,verbs,661,0.9426686763763428
nllb200_1B,facebook/nllb-200-1.3B,17,verbs,662,0.9420661926269531
nllb200_1B,facebook/nllb-200-1.3B,17,verbs,663,0.9393932819366455
nllb200_1B,facebook/nllb-200-1.3B,17,verbs,664,0.9554240703582764
nllb200_1B,facebook/nllb-200-1.3B,17,verbs,665,0.9270799160003662
nllb200_1B,facebook/nllb-200-1.3B,17,verbs,666,0.9599871635437012
nllb200_1B,facebook/nllb-200-1.3B,17,verbs,667,0.9501103162765503
nllb200_1B,facebook/nllb-200-1.3B,17,verbs,668,0.9510477781295776
nllb200_1B,facebook/nllb-200-1.3B,17,verbs,669,0.9404030442237854
nllb200_1B,facebook/nllb-200-1.3B,17,verbs,670,0.9534132480621338
nllb200_1B,facebook/nllb-200-1.3B,17,verbs,671,0.9444189071655273
nllb200_1B,facebook/nllb-200-1.3B,17,verbs,672,0.9443074464797974
nllb200_1B,facebook/nllb-200-1.3B,17,verbs,673,0.9531354904174805
nllb200_1B,facebook/nllb-200-1.3B,17,verbs,674,0.9435789585113525
nllb200_1B,facebook/nllb-200-1.3B,17,verbs,675,0.9597892761230469
nllb200_1B,facebook/nllb-200-1.3B,17,verbs,676,0.9416520595550537
nllb200_1B,facebook/nllb-200-1.3B,17,verbs,677,0.960738480091095
nllb200_1B,facebook/nllb-200-1.3B,17,verbs,678,0.8959218263626099
nllb200_1B,facebook/nllb-200-1.3B,17,verbs,679,0.9211679697036743
nllb200_1B,facebook/nllb-200-1.3B,17,verbs,680,0.9546307325363159
nllb200_1B,facebook/nllb-200-1.3B,17,verbs,681,0.9580575227737427
nllb200_1B,facebook/nllb-200-1.3B,17,verbs,682,0.9233283996582031
nllb200_1B,facebook/nllb-200-1.3B,17,verbs,683,0.9432439804077148
nllb200_1B,facebook/nllb-200-1.3B,17,verbs,684,0.9582750201225281
nllb200_1B,facebook/nllb-200-1.3B,17,verbs,685,0.9031715989112854
nllb200_1B,facebook/nllb-200-1.3B,17,verbs,686,0.9560783505439758
nllb200_1B,facebook/nllb-200-1.3B,17,verbs,687,0.9257227182388306
nllb200_1B,facebook/nllb-200-1.3B,17,verbs,688,0.9476175308227539
nllb200_1B,facebook/nllb-200-1.3B,17,verbs,689,0.9611196517944336
nllb200_1B,facebook/nllb-200-1.3B,17,verbs,690,0.9513504505157471
nllb200_1B,facebook/nllb-200-1.3B,17,verbs,691,0.947850227355957
nllb200_1B,facebook/nllb-200-1.3B,17,verbs,692,0.956794023513794
nllb200_1B,facebook/nllb-200-1.3B,17,verbs,693,0.9071916341781616
nllb200_1B,facebook/nllb-200-1.3B,17,verbs,694,0.941096305847168
nllb200_1B,facebook/nllb-200-1.3B,17,verbs,695,0.9654356241226196
nllb200_1B,facebook/nllb-200-1.3B,17,verbs,696,0.9634805917739868
nllb200_1B,facebook/nllb-200-1.3B,17,verbs,697,0.9439009428024292
nllb200_1B,facebook/nllb-200-1.3B,17,verbs,698,0.9205256700515747
nllb200_1B,facebook/nllb-200-1.3B,17,verbs,699,0.9306045174598694
nllb200_1B,facebook/nllb-200-1.3B,17,verbs,700,0.9411509037017822
nllb200_1B,facebook/nllb-200-1.3B,17,verbs,701,0.9458685517311096
nllb200_1B,facebook/nllb-200-1.3B,17,verbs,702,0.9506022930145264
nllb200_1B,facebook/nllb-200-1.3B,17,verbs,703,0.9524980783462524
nllb200_1B,facebook/nllb-200-1.3B,17,verbs,704,0.942966103553772
nllb200_1B,facebook/nllb-200-1.3B,17,verbs,705,0.9435024261474609
nllb200_1B,facebook/nllb-200-1.3B,17,verbs,706,0.9479763507843018
nllb200_1B,facebook/nllb-200-1.3B,17,verbs,707,0.9222761392593384
nllb200_1B,facebook/nllb-200-1.3B,17,verbs,708,0.9577140212059021
nllb200_1B,facebook/nllb-200-1.3B,17,verbs,709,0.9421559572219849
nllb200_1B,facebook/nllb-200-1.3B,17,verbs,710,0.9372686147689819
nllb200_1B,facebook/nllb-200-1.3B,17,verbs,711,0.9448041319847107
nllb200_1B,facebook/nllb-200-1.3B,17,verbs,712,0.9616606831550598
nllb200_1B,facebook/nllb-200-1.3B,17,verbs,713,0.9462919235229492
nllb200_1B,facebook/nllb-200-1.3B,17,verbs,714,0.9344204664230347
nllb200_1B,facebook/nllb-200-1.3B,17,verbs,715,0.9433141946792603
nllb200_1B,facebook/nllb-200-1.3B,17,verbs,716,0.9297513961791992
nllb200_1B,facebook/nllb-200-1.3B,17,verbs,717,0.9535515308380127
nllb200_1B,facebook/nllb-200-1.3B,17,verbs,718,0.9549047350883484
nllb200_1B,facebook/nllb-200-1.3B,17,verbs,719,0.9242048859596252
nllb200_1B,facebook/nllb-200-1.3B,17,verbs,720,0.9448915719985962
nllb200_1B,facebook/nllb-200-1.3B,17,verbs,721,0.9560899138450623
nllb200_1B,facebook/nllb-200-1.3B,17,verbs,722,0.951736569404602
nllb200_1B,facebook/nllb-200-1.3B,17,verbs,723,0.9510396122932434
nllb200_1B,facebook/nllb-200-1.3B,17,verbs,724,0.9185845851898193
nllb200_1B,facebook/nllb-200-1.3B,17,verbs,725,0.952683687210083
nllb200_1B,facebook/nllb-200-1.3B,17,verbs,726,0.7729432582855225
nllb200_1B,facebook/nllb-200-1.3B,17,verbs,727,0.9514224529266357
nllb200_1B,facebook/nllb-200-1.3B,17,verbs,728,0.9575549364089966
nllb200_1B,facebook/nllb-200-1.3B,17,verbs,729,0.9519984722137451
nllb200_1B,facebook/nllb-200-1.3B,17,verbs,730,0.9494442939758301
nllb200_1B,facebook/nllb-200-1.3B,17,verbs,731,0.8937680721282959
nllb200_1B,facebook/nllb-200-1.3B,17,verbs,732,0.91645348072052
nllb200_1B,facebook/nllb-200-1.3B,17,verbs,733,0.9541781544685364
nllb200_1B,facebook/nllb-200-1.3B,17,verbs,734,0.9525864720344543
nllb200_1B,facebook/nllb-200-1.3B,17,verbs,735,0.9472869634628296
nllb200_1B,facebook/nllb-200-1.3B,17,verbs,736,0.9521093368530273
nllb200_1B,facebook/nllb-200-1.3B,17,verbs,737,0.93694007396698
nllb200_1B,facebook/nllb-200-1.3B,17,verbs,738,0.9535350799560547
nllb200_1B,facebook/nllb-200-1.3B,17,verbs,739,0.7224091291427612
nllb200_1B,facebook/nllb-200-1.3B,17,verbs,740,0.9476338028907776
nllb200_1B,facebook/nllb-200-1.3B,17,verbs,741,0.9408815503120422
nllb200_1B,facebook/nllb-200-1.3B,17,verbs,742,0.9395459890365601
nllb200_1B,facebook/nllb-200-1.3B,17,verbs,743,0.9550851583480835
nllb200_1B,facebook/nllb-200-1.3B,17,verbs,744,0.956691324710846
nllb200_1B,facebook/nllb-200-1.3B,17,verbs,745,0.945581316947937
nllb200_1B,facebook/nllb-200-1.3B,17,verbs,746,0.9092169404029846
nllb200_1B,facebook/nllb-200-1.3B,17,verbs,747,0.9259288311004639
nllb200_1B,facebook/nllb-200-1.3B,17,verbs,748,0.8353419303894043
nllb200_1B,facebook/nllb-200-1.3B,17,verbs,749,0.95797199010849
nllb200_1B,facebook/nllb-200-1.3B,17,verbs,750,0.9403079152107239
nllb200_1B,facebook/nllb-200-1.3B,17,verbs,751,0.7450775504112244
nllb200_1B,facebook/nllb-200-1.3B,17,verbs,752,0.9503477215766907
nllb200_1B,facebook/nllb-200-1.3B,17,verbs,753,0.7701547145843506
nllb200_1B,facebook/nllb-200-1.3B,17,verbs,754,0.7651679515838623
nllb200_1B,facebook/nllb-200-1.3B,17,verbs,755,0.9613112211227417
nllb200_1B,facebook/nllb-200-1.3B,17,verbs,756,0.9531897306442261
nllb200_1B,facebook/nllb-200-1.3B,17,verbs,757,0.9449632167816162
nllb200_1B,facebook/nllb-200-1.3B,17,verbs,758,0.7500535845756531
nllb200_1B,facebook/nllb-200-1.3B,17,verbs,759,0.9500917196273804
nllb200_1B,facebook/nllb-200-1.3B,17,verbs,760,0.9454344511032104
nllb200_1B,facebook/nllb-200-1.3B,17,verbs,761,0.9204198122024536
nllb200_1B,facebook/nllb-200-1.3B,17,verbs,762,0.9384492635726929
nllb200_1B,facebook/nllb-200-1.3B,17,verbs,763,0.937832772731781
nllb200_1B,facebook/nllb-200-1.3B,17,verbs,764,0.9239965081214905
nllb200_1B,facebook/nllb-200-1.3B,17,verbs,765,0.9594682455062866
nllb200_1B,facebook/nllb-200-1.3B,17,verbs,766,0.9579686522483826
nllb200_1B,facebook/nllb-200-1.3B,17,verbs,767,0.9581700563430786
nllb200_1B,facebook/nllb-200-1.3B,17,verbs,768,0.9658077955245972
nllb200_1B,facebook/nllb-200-1.3B,17,verbs,769,0.7300093173980713
nllb200_1B,facebook/nllb-200-1.3B,17,verbs,770,0.7597801685333252
nllb200_1B,facebook/nllb-200-1.3B,17,verbs,771,0.9528533816337585
nllb200_1B,facebook/nllb-200-1.3B,17,verbs,772,0.9386353492736816
nllb200_1B,facebook/nllb-200-1.3B,17,verbs,773,0.9261765480041504
nllb200_1B,facebook/nllb-200-1.3B,17,verbs,774,0.951521635055542
nllb200_1B,facebook/nllb-200-1.3B,17,verbs,775,0.9237565994262695
nllb200_1B,facebook/nllb-200-1.3B,17,verbs,776,0.9453614950180054
nllb200_1B,facebook/nllb-200-1.3B,17,verbs,777,0.945548415184021
nllb200_1B,facebook/nllb-200-1.3B,17,verbs,778,0.9039592146873474
nllb200_1B,facebook/nllb-200-1.3B,17,verbs,779,0.8438348174095154
nllb200_1B,facebook/nllb-200-1.3B,17,verbs,780,0.9601941108703613
nllb200_1B,facebook/nllb-200-1.3B,17,verbs,781,0.9654028415679932
nllb200_1B,facebook/nllb-200-1.3B,17,verbs,782,0.9620643854141235
nllb200_1B,facebook/nllb-200-1.3B,17,verbs,783,0.9497344493865967
nllb200_1B,facebook/nllb-200-1.3B,17,verbs,784,0.9313997626304626
nllb200_1B,facebook/nllb-200-1.3B,17,verbs,785,0.728640079498291
nllb200_1B,facebook/nllb-200-1.3B,17,verbs,786,0.958732008934021
nllb200_1B,facebook/nllb-200-1.3B,17,verbs,787,0.9455450177192688
nllb200_1B,facebook/nllb-200-1.3B,17,verbs,788,0.9651211500167847
nllb200_1B,facebook/nllb-200-1.3B,17,verbs,789,0.6620581150054932
nllb200_1B,facebook/nllb-200-1.3B,17,verbs,790,0.9249560832977295
nllb200_1B,facebook/nllb-200-1.3B,17,verbs,791,0.6978938579559326
nllb200_1B,facebook/nllb-200-1.3B,17,verbs,792,0.9377124309539795
nllb200_1B,facebook/nllb-200-1.3B,17,verbs,793,0.6241457462310791
nllb200_1B,facebook/nllb-200-1.3B,17,verbs,794,0.9564062356948853
nllb200_1B,facebook/nllb-200-1.3B,17,verbs,795,0.9547147154808044
nllb200_1B,facebook/nllb-200-1.3B,17,verbs,796,0.6662244200706482
nllb200_1B,facebook/nllb-200-1.3B,17,verbs,797,0.9645854234695435
nllb200_1B,facebook/nllb-200-1.3B,17,verbs,798,0.950898289680481
nllb200_1B,facebook/nllb-200-1.3B,17,verbs,799,0.9621058106422424
nllb200_1B,facebook/nllb-200-1.3B,17,verbs,800,0.9504122734069824
nllb200_1B,facebook/nllb-200-1.3B,17,verbs,801,0.911877453327179
nllb200_1B,facebook/nllb-200-1.3B,17,verbs,802,0.9324628114700317
nllb200_1B,facebook/nllb-200-1.3B,17,verbs,803,0.9693558216094971
nllb200_1B,facebook/nllb-200-1.3B,17,verbs,804,0.7558248043060303
nllb200_1B,facebook/nllb-200-1.3B,17,verbs,805,0.7209525108337402
nllb200_1B,facebook/nllb-200-1.3B,17,verbs,806,0.7220818400382996
nllb200_1B,facebook/nllb-200-1.3B,17,verbs,807,0.9555647373199463
nllb200_1B,facebook/nllb-200-1.3B,17,verbs,808,0.801357090473175
nllb200_1B,facebook/nllb-200-1.3B,17,verbs,809,0.9555819034576416
nllb200_1B,facebook/nllb-200-1.3B,17,verbs,810,0.9470024108886719
nllb200_1B,facebook/nllb-200-1.3B,17,verbs,811,0.9450467824935913
nllb200_1B,facebook/nllb-200-1.3B,17,verbs,812,0.7352845668792725
nllb200_1B,facebook/nllb-200-1.3B,17,verbs,813,0.7612828612327576
nllb200_1B,facebook/nllb-200-1.3B,17,verbs,814,0.9503742456436157
nllb200_1B,facebook/nllb-200-1.3B,17,verbs,815,0.9563624858856201
nllb200_1B,facebook/nllb-200-1.3B,17,verbs,816,0.6810711622238159
nllb200_1B,facebook/nllb-200-1.3B,17,verbs,817,0.9510082006454468
nllb200_1B,facebook/nllb-200-1.3B,17,verbs,818,0.9327795505523682
nllb200_1B,facebook/nllb-200-1.3B,17,verbs,819,0.9265104532241821
nllb200_1B,facebook/nllb-200-1.3B,17,verbs,820,0.8131357431411743
nllb200_1B,facebook/nllb-200-1.3B,17,verbs,821,0.9612293243408203
nllb200_1B,facebook/nllb-200-1.3B,17,verbs,822,0.9581813812255859
nllb200_1B,facebook/nllb-200-1.3B,17,verbs,823,0.9640911817550659
nllb200_1B,facebook/nllb-200-1.3B,17,verbs,824,0.9615767002105713
nllb200_1B,facebook/nllb-200-1.3B,17,verbs,825,0.9153534173965454
nllb200_1B,facebook/nllb-200-1.3B,17,verbs,826,0.9553576111793518
nllb200_1B,facebook/nllb-200-1.3B,17,verbs,827,0.9622635841369629
nllb200_1B,facebook/nllb-200-1.3B,17,verbs,828,0.789959192276001
nllb200_1B,facebook/nllb-200-1.3B,17,verbs,829,0.933699369430542
nllb200_1B,facebook/nllb-200-1.3B,17,verbs,830,0.9491330981254578
nllb200_1B,facebook/nllb-200-1.3B,17,verbs,831,0.9144675135612488
nllb200_1B,facebook/nllb-200-1.3B,17,verbs,832,0.961979866027832
nllb200_1B,facebook/nllb-200-1.3B,17,verbs,833,0.7566119432449341
nllb200_1B,facebook/nllb-200-1.3B,17,verbs,834,0.9559875726699829
nllb200_1B,facebook/nllb-200-1.3B,17,verbs,835,0.9580421447753906
nllb200_1B,facebook/nllb-200-1.3B,17,verbs,836,0.9569970369338989
nllb200_1B,facebook/nllb-200-1.3B,17,verbs,837,0.9559698104858398
nllb200_1B,facebook/nllb-200-1.3B,17,verbs,838,0.9547804594039917
nllb200_1B,facebook/nllb-200-1.3B,17,verbs,839,0.9527009725570679
nllb200_1B,facebook/nllb-200-1.3B,17,verbs,840,0.9596081972122192
nllb200_1B,facebook/nllb-200-1.3B,17,verbs,841,0.9588127136230469
nllb200_1B,facebook/nllb-200-1.3B,17,verbs,842,0.9530923962593079
nllb200_1B,facebook/nllb-200-1.3B,17,verbs,843,0.9466899633407593
nllb200_1B,facebook/nllb-200-1.3B,17,verbs,844,0.9367669820785522
nllb200_1B,facebook/nllb-200-1.3B,17,verbs,845,0.9507379531860352
nllb200_1B,facebook/nllb-200-1.3B,17,verbs,846,0.9490720629692078
nllb200_1B,facebook/nllb-200-1.3B,17,verbs,847,0.9416162967681885
nllb200_1B,facebook/nllb-200-1.3B,17,verbs,848,0.9555575847625732
nllb200_1B,facebook/nllb-200-1.3B,17,verbs,849,0.9461582899093628
nllb200_1B,facebook/nllb-200-1.3B,17,verbs,850,0.9579780101776123
nllb200_1B,facebook/nllb-200-1.3B,17,verbs,851,0.9547771215438843
nllb200_1B,facebook/nllb-200-1.3B,17,verbs,852,0.9589961767196655
nllb200_1B,facebook/nllb-200-1.3B,17,verbs,853,0.9517147541046143
nllb200_1B,facebook/nllb-200-1.3B,17,verbs,854,0.9395809173583984
nllb200_1B,facebook/nllb-200-1.3B,17,verbs,855,0.9495007991790771
nllb200_1B,facebook/nllb-200-1.3B,17,verbs,856,0.9547150731086731
nllb200_1B,facebook/nllb-200-1.3B,17,verbs,857,0.9509977102279663
nllb200_1B,facebook/nllb-200-1.3B,17,verbs,858,0.9601044654846191
nllb200_1B,facebook/nllb-200-1.3B,17,verbs,859,0.9501429200172424
nllb200_1B,facebook/nllb-200-1.3B,17,verbs,860,0.9483377933502197
nllb200_1B,facebook/nllb-200-1.3B,17,verbs,861,0.9547248482704163
nllb200_1B,facebook/nllb-200-1.3B,17,verbs,862,0.9534714221954346
nllb200_1B,facebook/nllb-200-1.3B,17,verbs,863,0.9549977779388428
nllb200_1B,facebook/nllb-200-1.3B,17,verbs,864,0.9567670226097107
nllb200_1B,facebook/nllb-200-1.3B,17,verbs,865,0.9414643049240112
nllb200_1B,facebook/nllb-200-1.3B,17,verbs,866,0.9601775407791138
nllb200_1B,facebook/nllb-200-1.3B,17,verbs,867,0.9484912157058716
nllb200_1B,facebook/nllb-200-1.3B,17,verbs,868,0.9217621088027954
nllb200_1B,facebook/nllb-200-1.3B,17,verbs,869,0.95476895570755
nllb200_1B,facebook/nllb-200-1.3B,17,verbs,870,0.9546854496002197
nllb200_1B,facebook/nllb-200-1.3B,17,verbs,871,0.9405840635299683
nllb200_1B,facebook/nllb-200-1.3B,17,verbs,872,0.9594393968582153
nllb200_1B,facebook/nllb-200-1.3B,17,verbs,873,0.9596383571624756
nllb200_1B,facebook/nllb-200-1.3B,17,verbs,874,0.9556422233581543
nllb200_1B,facebook/nllb-200-1.3B,17,verbs,875,0.9660720825195312
nllb200_1B,facebook/nllb-200-1.3B,17,verbs,876,0.9461061954498291
nllb200_1B,facebook/nllb-200-1.3B,17,verbs,877,0.9547477960586548
nllb200_1B,facebook/nllb-200-1.3B,17,verbs,878,0.9526407718658447
nllb200_1B,facebook/nllb-200-1.3B,17,verbs,879,0.9390840530395508
nllb200_1B,facebook/nllb-200-1.3B,17,verbs,880,0.9490647315979004
nllb200_1B,facebook/nllb-200-1.3B,17,verbs,881,0.9443575143814087
nllb200_1B,facebook/nllb-200-1.3B,17,verbs,882,0.9497289061546326
nllb200_1B,facebook/nllb-200-1.3B,17,verbs,883,0.9542515277862549
nllb200_1B,facebook/nllb-200-1.3B,17,verbs,884,0.9512369632720947
nllb200_1B,facebook/nllb-200-1.3B,17,verbs,885,0.9456961750984192
nllb200_1B,facebook/nllb-200-1.3B,17,verbs,886,0.9479942917823792
nllb200_1B,facebook/nllb-200-1.3B,17,verbs,887,0.9431986808776855
nllb200_1B,facebook/nllb-200-1.3B,17,verbs,888,0.8997852802276611
nllb200_1B,facebook/nllb-200-1.3B,17,verbs,889,0.7758231163024902
nllb200_1B,facebook/nllb-200-1.3B,17,verbs,890,0.9426085948944092
nllb200_1B,facebook/nllb-200-1.3B,17,verbs,891,0.9225443005561829
nllb200_1B,facebook/nllb-200-1.3B,17,verbs,892,0.9151676893234253
nllb200_1B,facebook/nllb-200-1.3B,17,verbs,893,0.9582987427711487
nllb200_1B,facebook/nllb-200-1.3B,17,verbs,894,0.786484956741333
nllb200_1B,facebook/nllb-200-1.3B,17,verbs,895,0.9558324217796326
nllb200_1B,facebook/nllb-200-1.3B,17,verbs,896,0.9461143016815186
nllb200_1B,facebook/nllb-200-1.3B,17,verbs,897,0.9567431211471558
nllb200_1B,facebook/nllb-200-1.3B,17,verbs,898,0.9454305171966553
nllb200_1B,facebook/nllb-200-1.3B,17,verbs,899,0.9286644458770752
nllb200_1B,facebook/nllb-200-1.3B,17,verbs,900,0.7379401326179504
nllb200_1B,facebook/nllb-200-1.3B,17,verbs,901,0.9534037113189697
nllb200_1B,facebook/nllb-200-1.3B,17,verbs,902,0.7098797559738159
nllb200_1B,facebook/nllb-200-1.3B,17,verbs,903,0.9419200420379639
nllb200_1B,facebook/nllb-200-1.3B,17,verbs,904,0.9535846710205078
nllb200_1B,facebook/nllb-200-1.3B,17,verbs,905,0.791736364364624
nllb200_1B,facebook/nllb-200-1.3B,17,verbs,906,0.965843915939331
nllb200_1B,facebook/nllb-200-1.3B,17,verbs,907,0.933625340461731
nllb200_1B,facebook/nllb-200-1.3B,17,verbs,908,0.9638687372207642
nllb200_1B,facebook/nllb-200-1.3B,17,verbs,909,0.7715743780136108
nllb200_1B,facebook/nllb-200-1.3B,17,verbs,910,0.7353676557540894
nllb200_1B,facebook/nllb-200-1.3B,17,verbs,911,0.8134977221488953
nllb200_1B,facebook/nllb-200-1.3B,17,verbs,912,0.7910942435264587
nllb200_1B,facebook/nllb-200-1.3B,17,verbs,913,0.9488738179206848
nllb200_1B,facebook/nllb-200-1.3B,17,verbs,914,0.9568765759468079
nllb200_1B,facebook/nllb-200-1.3B,17,verbs,915,0.8047947883605957
nllb200_1B,facebook/nllb-200-1.3B,17,verbs,916,0.9548263549804688
nllb200_1B,facebook/nllb-200-1.3B,17,verbs,917,0.9543424844741821
nllb200_1B,facebook/nllb-200-1.3B,17,verbs,918,0.9498690366744995
nllb200_1B,facebook/nllb-200-1.3B,17,verbs,919,0.7719619274139404
nllb200_1B,facebook/nllb-200-1.3B,17,verbs,920,0.9426239728927612
nllb200_1B,facebook/nllb-200-1.3B,17,verbs,921,0.6409701108932495
nllb200_1B,facebook/nllb-200-1.3B,17,verbs,922,0.958843469619751
nllb200_1B,facebook/nllb-200-1.3B,17,verbs,923,0.9506052732467651
nllb200_1B,facebook/nllb-200-1.3B,17,verbs,924,0.9447810649871826
nllb200_1B,facebook/nllb-200-1.3B,17,verbs,925,0.955492377281189
nllb200_1B,facebook/nllb-200-1.3B,17,verbs,926,0.9499741792678833
nllb200_1B,facebook/nllb-200-1.3B,17,verbs,927,0.9364138245582581
nllb200_1B,facebook/nllb-200-1.3B,17,verbs,928,0.9374865293502808
nllb200_1B,facebook/nllb-200-1.3B,17,verbs,929,0.9235238432884216
nllb200_1B,facebook/nllb-200-1.3B,17,verbs,930,0.9555245637893677
nllb200_1B,facebook/nllb-200-1.3B,17,verbs,931,0.9641441106796265
nllb200_1B,facebook/nllb-200-1.3B,17,verbs,932,0.9435521364212036
nllb200_1B,facebook/nllb-200-1.3B,17,verbs,933,0.9543871879577637
nllb200_1B,facebook/nllb-200-1.3B,17,verbs,934,0.9220694899559021
nllb200_1B,facebook/nllb-200-1.3B,17,verbs,935,0.9525761604309082
nllb200_1B,facebook/nllb-200-1.3B,17,verbs,936,0.9402274489402771
nllb200_1B,facebook/nllb-200-1.3B,17,verbs,937,0.7239481210708618
nllb200_1B,facebook/nllb-200-1.3B,17,verbs,938,0.9441753625869751
nllb200_1B,facebook/nllb-200-1.3B,17,verbs,939,0.6659291386604309
nllb200_1B,facebook/nllb-200-1.3B,17,verbs,940,0.9479721784591675
nllb200_1B,facebook/nllb-200-1.3B,17,verbs,941,0.950337290763855
nllb200_1B,facebook/nllb-200-1.3B,17,verbs,942,0.9553240537643433
nllb200_1B,facebook/nllb-200-1.3B,17,verbs,943,0.948969841003418
nllb200_1B,facebook/nllb-200-1.3B,17,verbs,944,0.9394292831420898
nllb200_1B,facebook/nllb-200-1.3B,17,verbs,945,0.9517213106155396
nllb200_1B,facebook/nllb-200-1.3B,17,verbs,946,0.9534683227539062
nllb200_1B,facebook/nllb-200-1.3B,17,verbs,947,0.9465243816375732
nllb200_1B,facebook/nllb-200-1.3B,17,verbs,948,0.9592146873474121
nllb200_1B,facebook/nllb-200-1.3B,17,verbs,949,0.96574866771698
nllb200_1B,facebook/nllb-200-1.3B,17,verbs,950,0.961539626121521
nllb200_1B,facebook/nllb-200-1.3B,17,verbs,951,0.9681240320205688
nllb200_1B,facebook/nllb-200-1.3B,17,verbs,952,0.9342178106307983
nllb200_1B,facebook/nllb-200-1.3B,17,verbs,953,0.9563121795654297
nllb200_1B,facebook/nllb-200-1.3B,17,verbs,954,0.9317209124565125
nllb200_1B,facebook/nllb-200-1.3B,17,verbs,955,0.9414879083633423
nllb200_1B,facebook/nllb-200-1.3B,17,verbs,956,0.9600536227226257
nllb200_1B,facebook/nllb-200-1.3B,17,verbs,957,0.963024377822876
nllb200_1B,facebook/nllb-200-1.3B,17,verbs,958,0.9372172951698303
nllb200_1B,facebook/nllb-200-1.3B,17,verbs,959,0.9361467361450195
nllb200_1B,facebook/nllb-200-1.3B,17,verbs,960,0.9627958536148071
nllb200_1B,facebook/nllb-200-1.3B,17,verbs,961,0.9595044851303101
nllb200_1B,facebook/nllb-200-1.3B,17,verbs,962,0.9496229887008667
nllb200_1B,facebook/nllb-200-1.3B,17,verbs,963,0.9578020572662354
nllb200_1B,facebook/nllb-200-1.3B,17,verbs,964,0.9569025039672852
nllb200_1B,facebook/nllb-200-1.3B,17,verbs,965,0.9565215110778809
nllb200_1B,facebook/nllb-200-1.3B,17,verbs,966,0.9182186126708984
nllb200_1B,facebook/nllb-200-1.3B,17,verbs,967,0.9279875755310059
nllb200_1B,facebook/nllb-200-1.3B,17,verbs,968,0.9406481981277466
nllb200_1B,facebook/nllb-200-1.3B,17,verbs,969,0.9603267312049866
nllb200_1B,facebook/nllb-200-1.3B,17,verbs,970,0.7957771420478821
nllb200_1B,facebook/nllb-200-1.3B,17,verbs,971,0.9510692358016968
nllb200_1B,facebook/nllb-200-1.3B,17,verbs,972,0.9587563276290894
nllb200_1B,facebook/nllb-200-1.3B,17,verbs,973,0.8320319652557373
nllb200_1B,facebook/nllb-200-1.3B,17,verbs,974,0.958017110824585
nllb200_1B,facebook/nllb-200-1.3B,17,verbs,975,0.913567066192627
nllb200_1B,facebook/nllb-200-1.3B,17,verbs,976,0.94767165184021
nllb200_1B,facebook/nllb-200-1.3B,17,verbs,977,0.9425909519195557
nllb200_1B,facebook/nllb-200-1.3B,17,verbs,978,0.9551459550857544
nllb200_1B,facebook/nllb-200-1.3B,17,verbs,979,0.9577163457870483
nllb200_1B,facebook/nllb-200-1.3B,17,verbs,980,0.9474570155143738
nllb200_1B,facebook/nllb-200-1.3B,17,verbs,981,0.9622279405593872
nllb200_1B,facebook/nllb-200-1.3B,17,verbs,982,0.9463688135147095
nllb200_1B,facebook/nllb-200-1.3B,17,verbs,983,0.9587910175323486
nllb200_1B,facebook/nllb-200-1.3B,17,verbs,984,0.9441019296646118
nllb200_1B,facebook/nllb-200-1.3B,17,verbs,985,0.962181568145752
nllb200_1B,facebook/nllb-200-1.3B,17,verbs,986,0.9436743855476379
nllb200_1B,facebook/nllb-200-1.3B,17,verbs,987,0.9509117603302002
nllb200_1B,facebook/nllb-200-1.3B,17,verbs,988,0.9491010904312134
nllb200_1B,facebook/nllb-200-1.3B,17,verbs,989,0.954615592956543
nllb200_1B,facebook/nllb-200-1.3B,17,verbs,990,0.9543148279190063
nllb200_1B,facebook/nllb-200-1.3B,17,verbs,991,0.9337472319602966
nllb200_1B,facebook/nllb-200-1.3B,17,verbs,992,0.9371339082717896
nllb200_1B,facebook/nllb-200-1.3B,17,verbs,993,0.8127322196960449
nllb200_1B,facebook/nllb-200-1.3B,17,verbs,994,0.9379702806472778
nllb200_1B,facebook/nllb-200-1.3B,17,verbs,995,0.9438948631286621
nllb200_1B,facebook/nllb-200-1.3B,17,verbs,996,0.8043991923332214
nllb200_1B,facebook/nllb-200-1.3B,17,verbs,997,0.9583731293678284
nllb200_1B,facebook/nllb-200-1.3B,17,verbs,998,0.9506322145462036
nllb200_1B,facebook/nllb-200-1.3B,17,verbs,999,0.940200924873352
nllb200_1B,facebook/nllb-200-1.3B,17,nounsverbs,0,0.9157687425613403
nllb200_1B,facebook/nllb-200-1.3B,17,nounsverbs,1,0.7695530652999878
nllb200_1B,facebook/nllb-200-1.3B,17,nounsverbs,2,0.9264278411865234
nllb200_1B,facebook/nllb-200-1.3B,17,nounsverbs,3,0.8044056296348572
nllb200_1B,facebook/nllb-200-1.3B,17,nounsverbs,4,0.9505171775817871
nllb200_1B,facebook/nllb-200-1.3B,17,nounsverbs,5,0.9413748383522034
nllb200_1B,facebook/nllb-200-1.3B,17,nounsverbs,6,0.9336013793945312
nllb200_1B,facebook/nllb-200-1.3B,17,nounsverbs,7,0.9475970268249512
nllb200_1B,facebook/nllb-200-1.3B,17,nounsverbs,8,0.9281570315361023
nllb200_1B,facebook/nllb-200-1.3B,17,nounsverbs,9,0.9323060512542725
nllb200_1B,facebook/nllb-200-1.3B,17,nounsverbs,10,0.9430018663406372
nllb200_1B,facebook/nllb-200-1.3B,17,nounsverbs,11,0.9577393531799316
nllb200_1B,facebook/nllb-200-1.3B,17,nounsverbs,12,0.9344742894172668
nllb200_1B,facebook/nllb-200-1.3B,17,nounsverbs,13,0.91607266664505
nllb200_1B,facebook/nllb-200-1.3B,17,nounsverbs,14,0.9348763227462769
nllb200_1B,facebook/nllb-200-1.3B,17,nounsverbs,15,0.9446688890457153
nllb200_1B,facebook/nllb-200-1.3B,17,nounsverbs,16,0.9234805107116699
nllb200_1B,facebook/nllb-200-1.3B,17,nounsverbs,17,0.938821017742157
nllb200_1B,facebook/nllb-200-1.3B,17,nounsverbs,18,0.9457882642745972
nllb200_1B,facebook/nllb-200-1.3B,17,nounsverbs,19,0.7433806657791138
nllb200_1B,facebook/nllb-200-1.3B,17,nounsverbs,20,0.9635366797447205
nllb200_1B,facebook/nllb-200-1.3B,17,nounsverbs,21,0.9540958404541016
nllb200_1B,facebook/nllb-200-1.3B,17,nounsverbs,22,0.9590488076210022
nllb200_1B,facebook/nllb-200-1.3B,17,nounsverbs,23,0.9512669444084167
nllb200_1B,facebook/nllb-200-1.3B,17,nounsverbs,24,0.9519206285476685
nllb200_1B,facebook/nllb-200-1.3B,17,nounsverbs,25,0.9541723728179932
nllb200_1B,facebook/nllb-200-1.3B,17,nounsverbs,26,0.9541476964950562
nllb200_1B,facebook/nllb-200-1.3B,17,nounsverbs,27,0.9337763786315918
nllb200_1B,facebook/nllb-200-1.3B,17,nounsverbs,28,0.9514964818954468
nllb200_1B,facebook/nllb-200-1.3B,17,nounsverbs,29,0.9522331357002258
nllb200_1B,facebook/nllb-200-1.3B,17,nounsverbs,30,0.764676570892334
nllb200_1B,facebook/nllb-200-1.3B,17,nounsverbs,31,0.9371429681777954
nllb200_1B,facebook/nllb-200-1.3B,17,nounsverbs,32,0.7785719633102417
nllb200_1B,facebook/nllb-200-1.3B,17,nounsverbs,33,0.9316757321357727
nllb200_1B,facebook/nllb-200-1.3B,17,nounsverbs,34,0.7583735585212708
nllb200_1B,facebook/nllb-200-1.3B,17,nounsverbs,35,0.9489679336547852
nllb200_1B,facebook/nllb-200-1.3B,17,nounsverbs,36,0.9221543073654175
nllb200_1B,facebook/nllb-200-1.3B,17,nounsverbs,37,0.759163498878479
nllb200_1B,facebook/nllb-200-1.3B,17,nounsverbs,38,0.9486682415008545
nllb200_1B,facebook/nllb-200-1.3B,17,nounsverbs,39,0.6638731956481934
nllb200_1B,facebook/nllb-200-1.3B,17,nounsverbs,40,0.943967878818512
nllb200_1B,facebook/nllb-200-1.3B,17,nounsverbs,41,0.9366470575332642
nllb200_1B,facebook/nllb-200-1.3B,17,nounsverbs,42,0.8409175276756287
nllb200_1B,facebook/nllb-200-1.3B,17,nounsverbs,43,0.9566295146942139
nllb200_1B,facebook/nllb-200-1.3B,17,nounsverbs,44,0.9588778018951416
nllb200_1B,facebook/nllb-200-1.3B,17,nounsverbs,45,0.952241063117981
nllb200_1B,facebook/nllb-200-1.3B,17,nounsverbs,46,0.9560933113098145
nllb200_1B,facebook/nllb-200-1.3B,17,nounsverbs,47,0.9279107451438904
nllb200_1B,facebook/nllb-200-1.3B,17,nounsverbs,48,0.935449481010437
nllb200_1B,facebook/nllb-200-1.3B,17,nounsverbs,49,0.9424224495887756
nllb200_1B,facebook/nllb-200-1.3B,17,nounsverbs,50,0.9492793083190918
nllb200_1B,facebook/nllb-200-1.3B,17,nounsverbs,51,0.9650195837020874
nllb200_1B,facebook/nllb-200-1.3B,17,nounsverbs,52,0.9625919461250305
nllb200_1B,facebook/nllb-200-1.3B,17,nounsverbs,53,0.9497592449188232
nllb200_1B,facebook/nllb-200-1.3B,17,nounsverbs,54,0.9538544416427612
nllb200_1B,facebook/nllb-200-1.3B,17,nounsverbs,55,0.952846884727478
nllb200_1B,facebook/nllb-200-1.3B,17,nounsverbs,56,0.9617069959640503
nllb200_1B,facebook/nllb-200-1.3B,17,nounsverbs,57,0.9508053064346313
nllb200_1B,facebook/nllb-200-1.3B,17,nounsverbs,58,0.9522603750228882
nllb200_1B,facebook/nllb-200-1.3B,17,nounsverbs,59,0.9565417766571045
nllb200_1B,facebook/nllb-200-1.3B,17,nounsverbs,60,0.9569987058639526
nllb200_1B,facebook/nllb-200-1.3B,17,nounsverbs,61,0.9440286159515381
nllb200_1B,facebook/nllb-200-1.3B,17,nounsverbs,62,0.9053969979286194
nllb200_1B,facebook/nllb-200-1.3B,17,nounsverbs,63,0.9183645248413086
nllb200_1B,facebook/nllb-200-1.3B,17,nounsverbs,64,0.9390082359313965
nllb200_1B,facebook/nllb-200-1.3B,17,nounsverbs,65,0.9370964765548706
nllb200_1B,facebook/nllb-200-1.3B,17,nounsverbs,66,0.9351773858070374
nllb200_1B,facebook/nllb-200-1.3B,17,nounsverbs,67,0.9273992776870728
nllb200_1B,facebook/nllb-200-1.3B,17,nounsverbs,68,0.9448046684265137
nllb200_1B,facebook/nllb-200-1.3B,17,nounsverbs,69,0.7485371828079224
nllb200_1B,facebook/nllb-200-1.3B,17,nounsverbs,70,0.9437357187271118
nllb200_1B,facebook/nllb-200-1.3B,17,nounsverbs,71,0.9431133270263672
nllb200_1B,facebook/nllb-200-1.3B,17,nounsverbs,72,0.9614040851593018
nllb200_1B,facebook/nllb-200-1.3B,17,nounsverbs,73,0.9268385171890259
nllb200_1B,facebook/nllb-200-1.3B,17,nounsverbs,74,0.9561169147491455
nllb200_1B,facebook/nllb-200-1.3B,17,nounsverbs,75,0.9353953003883362
nllb200_1B,facebook/nllb-200-1.3B,17,nounsverbs,76,0.6851689219474792
nllb200_1B,facebook/nllb-200-1.3B,17,nounsverbs,77,0.9480495452880859
nllb200_1B,facebook/nllb-200-1.3B,17,nounsverbs,78,0.8674662113189697
nllb200_1B,facebook/nllb-200-1.3B,17,nounsverbs,79,0.8029958009719849
nllb200_1B,facebook/nllb-200-1.3B,17,nounsverbs,80,0.9511324763298035
nllb200_1B,facebook/nllb-200-1.3B,17,nounsverbs,81,0.7951140403747559
nllb200_1B,facebook/nllb-200-1.3B,17,nounsverbs,82,0.6777654886245728
nllb200_1B,facebook/nllb-200-1.3B,17,nounsverbs,83,0.8085637092590332
nllb200_1B,facebook/nllb-200-1.3B,17,nounsverbs,84,0.9543319940567017
nllb200_1B,facebook/nllb-200-1.3B,17,nounsverbs,85,0.9139758348464966
nllb200_1B,facebook/nllb-200-1.3B,17,nounsverbs,86,0.9479736089706421
nllb200_1B,facebook/nllb-200-1.3B,17,nounsverbs,87,0.803077220916748
nllb200_1B,facebook/nllb-200-1.3B,17,nounsverbs,88,0.9533538222312927
nllb200_1B,facebook/nllb-200-1.3B,17,nounsverbs,89,0.8907636404037476
nllb200_1B,facebook/nllb-200-1.3B,17,nounsverbs,90,0.9113175868988037
nllb200_1B,facebook/nllb-200-1.3B,17,nounsverbs,91,0.7228056192398071
nllb200_1B,facebook/nllb-200-1.3B,17,nounsverbs,92,0.7380139231681824
nllb200_1B,facebook/nllb-200-1.3B,17,nounsverbs,93,0.7389398813247681
nllb200_1B,facebook/nllb-200-1.3B,17,nounsverbs,94,0.7778040170669556
nllb200_1B,facebook/nllb-200-1.3B,17,nounsverbs,95,0.9583545327186584
nllb200_1B,facebook/nllb-200-1.3B,17,nounsverbs,96,0.9067802429199219
nllb200_1B,facebook/nllb-200-1.3B,17,nounsverbs,97,0.9576717615127563
nllb200_1B,facebook/nllb-200-1.3B,17,nounsverbs,98,0.7859460115432739
nllb200_1B,facebook/nllb-200-1.3B,17,nounsverbs,99,0.9638707637786865
nllb200_1B,facebook/nllb-200-1.3B,17,nounsverbs,100,0.9446914196014404
nllb200_1B,facebook/nllb-200-1.3B,17,nounsverbs,101,0.8109239935874939
nllb200_1B,facebook/nllb-200-1.3B,17,nounsverbs,102,0.7552611827850342
nllb200_1B,facebook/nllb-200-1.3B,17,nounsverbs,103,0.8912376165390015
nllb200_1B,facebook/nllb-200-1.3B,17,nounsverbs,104,0.6979342699050903
nllb200_1B,facebook/nllb-200-1.3B,17,nounsverbs,105,0.9538083076477051
nllb200_1B,facebook/nllb-200-1.3B,17,nounsverbs,106,0.957805871963501
nllb200_1B,facebook/nllb-200-1.3B,17,nounsverbs,107,0.8133735060691833
nllb200_1B,facebook/nllb-200-1.3B,17,nounsverbs,108,0.9748585820198059
nllb200_1B,facebook/nllb-200-1.3B,17,nounsverbs,109,0.9353252053260803
nllb200_1B,facebook/nllb-200-1.3B,17,nounsverbs,110,0.962873637676239
nllb200_1B,facebook/nllb-200-1.3B,17,nounsverbs,111,0.9499204158782959
nllb200_1B,facebook/nllb-200-1.3B,17,nounsverbs,112,0.7995747327804565
nllb200_1B,facebook/nllb-200-1.3B,17,nounsverbs,113,0.936068058013916
nllb200_1B,facebook/nllb-200-1.3B,17,nounsverbs,114,0.791899561882019
nllb200_1B,facebook/nllb-200-1.3B,17,nounsverbs,115,0.9443880319595337
nllb200_1B,facebook/nllb-200-1.3B,17,nounsverbs,116,0.9167240858078003
nllb200_1B,facebook/nllb-200-1.3B,17,nounsverbs,117,0.9359593987464905
nllb200_1B,facebook/nllb-200-1.3B,17,nounsverbs,118,0.9563913941383362
nllb200_1B,facebook/nllb-200-1.3B,17,nounsverbs,119,0.9556615352630615
nllb200_1B,facebook/nllb-200-1.3B,17,nounsverbs,120,0.9333665370941162
nllb200_1B,facebook/nllb-200-1.3B,17,nounsverbs,121,0.9130735993385315
nllb200_1B,facebook/nllb-200-1.3B,17,nounsverbs,122,0.943551778793335
nllb200_1B,facebook/nllb-200-1.3B,17,nounsverbs,123,0.7333253622055054
nllb200_1B,facebook/nllb-200-1.3B,17,nounsverbs,124,0.954041600227356
nllb200_1B,facebook/nllb-200-1.3B,17,nounsverbs,125,0.9140516519546509
nllb200_1B,facebook/nllb-200-1.3B,17,nounsverbs,126,0.9372271299362183
nllb200_1B,facebook/nllb-200-1.3B,17,nounsverbs,127,0.6727461814880371
nllb200_1B,facebook/nllb-200-1.3B,17,nounsverbs,128,0.9234929084777832
nllb200_1B,facebook/nllb-200-1.3B,17,nounsverbs,129,0.9496399164199829
nllb200_1B,facebook/nllb-200-1.3B,17,nounsverbs,130,0.9427639245986938
nllb200_1B,facebook/nllb-200-1.3B,17,nounsverbs,131,0.90557861328125
nllb200_1B,facebook/nllb-200-1.3B,17,nounsverbs,132,0.9178589582443237
nllb200_1B,facebook/nllb-200-1.3B,17,nounsverbs,133,0.916864275932312
nllb200_1B,facebook/nllb-200-1.3B,17,nounsverbs,134,0.8218773603439331
nllb200_1B,facebook/nllb-200-1.3B,17,nounsverbs,135,0.9482110738754272
nllb200_1B,facebook/nllb-200-1.3B,17,nounsverbs,136,0.9291062355041504
nllb200_1B,facebook/nllb-200-1.3B,17,nounsverbs,137,0.9378798007965088
nllb200_1B,facebook/nllb-200-1.3B,17,nounsverbs,138,0.9428104162216187
nllb200_1B,facebook/nllb-200-1.3B,17,nounsverbs,139,0.9421142339706421
nllb200_1B,facebook/nllb-200-1.3B,17,nounsverbs,140,0.9502958059310913
nllb200_1B,facebook/nllb-200-1.3B,17,nounsverbs,141,0.9469076991081238
nllb200_1B,facebook/nllb-200-1.3B,17,nounsverbs,142,0.9470834136009216
nllb200_1B,facebook/nllb-200-1.3B,17,nounsverbs,143,0.9054501056671143
nllb200_1B,facebook/nllb-200-1.3B,17,nounsverbs,144,0.7729737758636475
nllb200_1B,facebook/nllb-200-1.3B,17,nounsverbs,145,0.9394714832305908
nllb200_1B,facebook/nllb-200-1.3B,17,nounsverbs,146,0.9531057476997375
nllb200_1B,facebook/nllb-200-1.3B,17,nounsverbs,147,0.9423837065696716
nllb200_1B,facebook/nllb-200-1.3B,17,nounsverbs,148,0.9393613338470459
nllb200_1B,facebook/nllb-200-1.3B,17,nounsverbs,149,0.95340496301651
nllb200_1B,facebook/nllb-200-1.3B,17,nounsverbs,150,0.9262003898620605
nllb200_1B,facebook/nllb-200-1.3B,17,nounsverbs,151,0.7587891817092896
nllb200_1B,facebook/nllb-200-1.3B,17,nounsverbs,152,0.9247492551803589
nllb200_1B,facebook/nllb-200-1.3B,17,nounsverbs,153,0.9132781028747559
nllb200_1B,facebook/nllb-200-1.3B,17,nounsverbs,154,0.9260355234146118
nllb200_1B,facebook/nllb-200-1.3B,17,nounsverbs,155,0.9399021863937378
nllb200_1B,facebook/nllb-200-1.3B,17,nounsverbs,156,0.9717020392417908
nllb200_1B,facebook/nllb-200-1.3B,17,nounsverbs,157,0.9476242065429688
nllb200_1B,facebook/nllb-200-1.3B,17,nounsverbs,158,0.917032778263092
nllb200_1B,facebook/nllb-200-1.3B,17,nounsverbs,159,0.9554490447044373
nllb200_1B,facebook/nllb-200-1.3B,17,nounsverbs,160,0.9058328866958618
nllb200_1B,facebook/nllb-200-1.3B,17,nounsverbs,161,0.9370219111442566
nllb200_1B,facebook/nllb-200-1.3B,17,nounsverbs,162,0.8966765403747559
nllb200_1B,facebook/nllb-200-1.3B,17,nounsverbs,163,0.7772642374038696
nllb200_1B,facebook/nllb-200-1.3B,17,nounsverbs,164,0.92641282081604
nllb200_1B,facebook/nllb-200-1.3B,17,nounsverbs,165,0.9643567204475403
nllb200_1B,facebook/nllb-200-1.3B,17,nounsverbs,166,0.9473065733909607
nllb200_1B,facebook/nllb-200-1.3B,17,nounsverbs,167,0.9383572340011597
nllb200_1B,facebook/nllb-200-1.3B,17,nounsverbs,168,0.9423971772193909
nllb200_1B,facebook/nllb-200-1.3B,17,nounsverbs,169,0.957598090171814
nllb200_1B,facebook/nllb-200-1.3B,17,nounsverbs,170,0.9510377645492554
nllb200_1B,facebook/nllb-200-1.3B,17,nounsverbs,171,0.7660531997680664
nllb200_1B,facebook/nllb-200-1.3B,17,nounsverbs,172,0.9225842952728271
nllb200_1B,facebook/nllb-200-1.3B,17,nounsverbs,173,0.7472528219223022
nllb200_1B,facebook/nllb-200-1.3B,17,nounsverbs,174,0.9651525020599365
nllb200_1B,facebook/nllb-200-1.3B,17,nounsverbs,175,0.9513355493545532
nllb200_1B,facebook/nllb-200-1.3B,17,nounsverbs,176,0.9271377325057983
nllb200_1B,facebook/nllb-200-1.3B,17,nounsverbs,177,0.7864195108413696
nllb200_1B,facebook/nllb-200-1.3B,17,nounsverbs,178,0.9031621217727661
nllb200_1B,facebook/nllb-200-1.3B,17,nounsverbs,179,0.9528791904449463
nllb200_1B,facebook/nllb-200-1.3B,17,nounsverbs,180,0.7880599498748779
nllb200_1B,facebook/nllb-200-1.3B,17,nounsverbs,181,0.6610398292541504
nllb200_1B,facebook/nllb-200-1.3B,17,nounsverbs,182,0.9601909518241882
nllb200_1B,facebook/nllb-200-1.3B,17,nounsverbs,183,0.9106144905090332
nllb200_1B,facebook/nllb-200-1.3B,17,nounsverbs,184,0.8029087781906128
nllb200_1B,facebook/nllb-200-1.3B,17,nounsverbs,185,0.8507561087608337
nllb200_1B,facebook/nllb-200-1.3B,17,nounsverbs,186,0.7875639796257019
nllb200_1B,facebook/nllb-200-1.3B,17,nounsverbs,187,0.7270594835281372
nllb200_1B,facebook/nllb-200-1.3B,17,nounsverbs,188,0.695042610168457
nllb200_1B,facebook/nllb-200-1.3B,17,nounsverbs,189,0.8664523363113403
nllb200_1B,facebook/nllb-200-1.3B,17,nounsverbs,190,0.8543698787689209
nllb200_1B,facebook/nllb-200-1.3B,17,nounsverbs,191,0.7899965643882751
nllb200_1B,facebook/nllb-200-1.3B,17,nounsverbs,192,0.9603824615478516
nllb200_1B,facebook/nllb-200-1.3B,17,nounsverbs,193,0.9579335451126099
nllb200_1B,facebook/nllb-200-1.3B,17,nounsverbs,194,0.942298173904419
nllb200_1B,facebook/nllb-200-1.3B,17,nounsverbs,195,0.7920576333999634
nllb200_1B,facebook/nllb-200-1.3B,17,nounsverbs,196,0.9455904364585876
nllb200_1B,facebook/nllb-200-1.3B,17,nounsverbs,197,0.6624051332473755
nllb200_1B,facebook/nllb-200-1.3B,17,nounsverbs,198,0.7829107046127319
nllb200_1B,facebook/nllb-200-1.3B,17,nounsverbs,199,0.9256705045700073
nllb200_1B,facebook/nllb-200-1.3B,17,nounsverbs,200,0.8606867790222168
nllb200_1B,facebook/nllb-200-1.3B,17,nounsverbs,201,0.6890542507171631
nllb200_1B,facebook/nllb-200-1.3B,17,nounsverbs,202,0.9563814997673035
nllb200_1B,facebook/nllb-200-1.3B,17,nounsverbs,203,0.7867813110351562
nllb200_1B,facebook/nllb-200-1.3B,17,nounsverbs,204,0.9541275501251221
nllb200_1B,facebook/nllb-200-1.3B,17,nounsverbs,205,0.812293291091919
nllb200_1B,facebook/nllb-200-1.3B,17,nounsverbs,206,0.7821787595748901
nllb200_1B,facebook/nllb-200-1.3B,17,nounsverbs,207,0.7376190423965454
nllb200_1B,facebook/nllb-200-1.3B,17,nounsverbs,208,0.8537163734436035
nllb200_1B,facebook/nllb-200-1.3B,17,nounsverbs,209,0.9609205722808838
nllb200_1B,facebook/nllb-200-1.3B,17,nounsverbs,210,0.8470056056976318
nllb200_1B,facebook/nllb-200-1.3B,17,nounsverbs,211,0.9334356784820557
nllb200_1B,facebook/nllb-200-1.3B,17,nounsverbs,212,0.9084462523460388
nllb200_1B,facebook/nllb-200-1.3B,17,nounsverbs,213,0.8916046619415283
nllb200_1B,facebook/nllb-200-1.3B,17,nounsverbs,214,0.9410004019737244
nllb200_1B,facebook/nllb-200-1.3B,17,nounsverbs,215,0.9460616111755371
nllb200_1B,facebook/nllb-200-1.3B,17,nounsverbs,216,0.7776570916175842
nllb200_1B,facebook/nllb-200-1.3B,17,nounsverbs,217,0.8090111017227173
nllb200_1B,facebook/nllb-200-1.3B,17,nounsverbs,218,0.945215106010437
nllb200_1B,facebook/nllb-200-1.3B,17,nounsverbs,219,0.9271624684333801
nllb200_1B,facebook/nllb-200-1.3B,17,nounsverbs,220,0.7522636651992798
nllb200_1B,facebook/nllb-200-1.3B,17,nounsverbs,221,0.9525871276855469
nllb200_1B,facebook/nllb-200-1.3B,17,nounsverbs,222,0.9632802605628967
nllb200_1B,facebook/nllb-200-1.3B,17,nounsverbs,223,0.7326676845550537
nllb200_1B,facebook/nllb-200-1.3B,17,nounsverbs,224,0.9599985480308533
nllb200_1B,facebook/nllb-200-1.3B,17,nounsverbs,225,0.7773562669754028
nllb200_1B,facebook/nllb-200-1.3B,17,nounsverbs,226,0.955147385597229
nllb200_1B,facebook/nllb-200-1.3B,17,nounsverbs,227,0.9554892778396606
nllb200_1B,facebook/nllb-200-1.3B,17,nounsverbs,228,0.7579004764556885
nllb200_1B,facebook/nllb-200-1.3B,17,nounsverbs,229,0.9514886736869812
nllb200_1B,facebook/nllb-200-1.3B,17,nounsverbs,230,0.9559022188186646
nllb200_1B,facebook/nllb-200-1.3B,17,nounsverbs,231,0.7635266184806824
nllb200_1B,facebook/nllb-200-1.3B,17,nounsverbs,232,0.788967490196228
nllb200_1B,facebook/nllb-200-1.3B,17,nounsverbs,233,0.949958860874176
nllb200_1B,facebook/nllb-200-1.3B,17,nounsverbs,234,0.9567366242408752
nllb200_1B,facebook/nllb-200-1.3B,17,nounsverbs,235,0.803775429725647
nllb200_1B,facebook/nllb-200-1.3B,17,nounsverbs,236,0.7353141903877258
nllb200_1B,facebook/nllb-200-1.3B,17,nounsverbs,237,0.7389205694198608
nllb200_1B,facebook/nllb-200-1.3B,17,nounsverbs,238,0.9546840190887451
nllb200_1B,facebook/nllb-200-1.3B,17,nounsverbs,239,0.691110372543335
nllb200_1B,facebook/nllb-200-1.3B,17,nounsverbs,240,0.9598008394241333
nllb200_1B,facebook/nllb-200-1.3B,17,nounsverbs,241,0.9251024127006531
nllb200_1B,facebook/nllb-200-1.3B,17,nounsverbs,242,0.9443924427032471
nllb200_1B,facebook/nllb-200-1.3B,17,nounsverbs,243,0.8347713947296143
nllb200_1B,facebook/nllb-200-1.3B,17,nounsverbs,244,0.9601653814315796
nllb200_1B,facebook/nllb-200-1.3B,17,nounsverbs,245,0.9090126156806946
nllb200_1B,facebook/nllb-200-1.3B,17,nounsverbs,246,0.9566740989685059
nllb200_1B,facebook/nllb-200-1.3B,17,nounsverbs,247,0.9441920518875122
nllb200_1B,facebook/nllb-200-1.3B,17,nounsverbs,248,0.8018947839736938
nllb200_1B,facebook/nllb-200-1.3B,17,nounsverbs,249,0.9524718523025513
nllb200_1B,facebook/nllb-200-1.3B,17,nounsverbs,250,0.9667118787765503
nllb200_1B,facebook/nllb-200-1.3B,17,nounsverbs,251,0.956985592842102
nllb200_1B,facebook/nllb-200-1.3B,17,nounsverbs,252,0.959647536277771
nllb200_1B,facebook/nllb-200-1.3B,17,nounsverbs,253,0.9493473768234253
nllb200_1B,facebook/nllb-200-1.3B,17,nounsverbs,254,0.6935505270957947
nllb200_1B,facebook/nllb-200-1.3B,17,nounsverbs,255,0.9537585973739624
nllb200_1B,facebook/nllb-200-1.3B,17,nounsverbs,256,0.6684803366661072
nllb200_1B,facebook/nllb-200-1.3B,17,nounsverbs,257,0.9339230060577393
nllb200_1B,facebook/nllb-200-1.3B,17,nounsverbs,258,0.949603259563446
nllb200_1B,facebook/nllb-200-1.3B,17,nounsverbs,259,0.7793151140213013
nllb200_1B,facebook/nllb-200-1.3B,17,nounsverbs,260,0.8235989809036255
nllb200_1B,facebook/nllb-200-1.3B,17,nounsverbs,261,0.9269859790802002
nllb200_1B,facebook/nllb-200-1.3B,17,nounsverbs,262,0.850051999092102
nllb200_1B,facebook/nllb-200-1.3B,17,nounsverbs,263,0.9299505949020386
nllb200_1B,facebook/nllb-200-1.3B,17,nounsverbs,264,0.8489145040512085
nllb200_1B,facebook/nllb-200-1.3B,17,nounsverbs,265,0.9376242160797119
nllb200_1B,facebook/nllb-200-1.3B,17,nounsverbs,266,0.8088797926902771
nllb200_1B,facebook/nllb-200-1.3B,17,nounsverbs,267,0.7558186054229736
nllb200_1B,facebook/nllb-200-1.3B,17,nounsverbs,268,0.949264645576477
nllb200_1B,facebook/nllb-200-1.3B,17,nounsverbs,269,0.7842386960983276
nllb200_1B,facebook/nllb-200-1.3B,17,nounsverbs,270,0.9610302448272705
nllb200_1B,facebook/nllb-200-1.3B,17,nounsverbs,271,0.7241537570953369
nllb200_1B,facebook/nllb-200-1.3B,17,nounsverbs,272,0.9522402286529541
nllb200_1B,facebook/nllb-200-1.3B,17,nounsverbs,273,0.9599034190177917
nllb200_1B,facebook/nllb-200-1.3B,17,nounsverbs,274,0.7252449989318848
nllb200_1B,facebook/nllb-200-1.3B,17,nounsverbs,275,0.9565644264221191
nllb200_1B,facebook/nllb-200-1.3B,17,nounsverbs,276,0.9454543590545654
nllb200_1B,facebook/nllb-200-1.3B,17,nounsverbs,277,0.9323039054870605
nllb200_1B,facebook/nllb-200-1.3B,17,nounsverbs,278,0.957951545715332
nllb200_1B,facebook/nllb-200-1.3B,17,nounsverbs,279,0.946139395236969
nllb200_1B,facebook/nllb-200-1.3B,17,nounsverbs,280,0.9469043612480164
nllb200_1B,facebook/nllb-200-1.3B,17,nounsverbs,281,0.9690828323364258
nllb200_1B,facebook/nllb-200-1.3B,17,nounsverbs,282,0.940101683139801
nllb200_1B,facebook/nllb-200-1.3B,17,nounsverbs,283,0.9304946660995483
nllb200_1B,facebook/nllb-200-1.3B,17,nounsverbs,284,0.7679450511932373
nllb200_1B,facebook/nllb-200-1.3B,17,nounsverbs,285,0.9633894562721252
nllb200_1B,facebook/nllb-200-1.3B,17,nounsverbs,286,0.9391788244247437
nllb200_1B,facebook/nllb-200-1.3B,17,nounsverbs,287,0.9478389024734497
nllb200_1B,facebook/nllb-200-1.3B,17,nounsverbs,288,0.9454331398010254
nllb200_1B,facebook/nllb-200-1.3B,17,nounsverbs,289,0.9601074457168579
nllb200_1B,facebook/nllb-200-1.3B,17,nounsverbs,290,0.7961816787719727
nllb200_1B,facebook/nllb-200-1.3B,17,nounsverbs,291,0.9583861231803894
nllb200_1B,facebook/nllb-200-1.3B,17,nounsverbs,292,0.9592570066452026
nllb200_1B,facebook/nllb-200-1.3B,17,nounsverbs,293,0.9564746618270874
nllb200_1B,facebook/nllb-200-1.3B,17,nounsverbs,294,0.9524343013763428
nllb200_1B,facebook/nllb-200-1.3B,17,nounsverbs,295,0.9399707317352295
nllb200_1B,facebook/nllb-200-1.3B,17,nounsverbs,296,0.9380611181259155
nllb200_1B,facebook/nllb-200-1.3B,17,nounsverbs,297,0.9479367136955261
nllb200_1B,facebook/nllb-200-1.3B,17,nounsverbs,298,0.9134871363639832
nllb200_1B,facebook/nllb-200-1.3B,17,nounsverbs,299,0.9452175498008728
nllb200_1B,facebook/nllb-200-1.3B,17,nounsverbs,300,0.9039162397384644
nllb200_1B,facebook/nllb-200-1.3B,17,nounsverbs,301,0.9573978185653687
nllb200_1B,facebook/nllb-200-1.3B,17,nounsverbs,302,0.9380142688751221
nllb200_1B,facebook/nllb-200-1.3B,17,nounsverbs,303,0.9523909091949463
nllb200_1B,facebook/nllb-200-1.3B,17,nounsverbs,304,0.9453716278076172
nllb200_1B,facebook/nllb-200-1.3B,17,nounsverbs,305,0.9341738224029541
nllb200_1B,facebook/nllb-200-1.3B,17,nounsverbs,306,0.9419560432434082
nllb200_1B,facebook/nllb-200-1.3B,17,nounsverbs,307,0.9356247186660767
nllb200_1B,facebook/nllb-200-1.3B,17,nounsverbs,308,0.943814754486084
nllb200_1B,facebook/nllb-200-1.3B,17,nounsverbs,309,0.9435381889343262
nllb200_1B,facebook/nllb-200-1.3B,17,nounsverbs,310,0.954941987991333
nllb200_1B,facebook/nllb-200-1.3B,17,nounsverbs,311,0.930776834487915
nllb200_1B,facebook/nllb-200-1.3B,17,nounsverbs,312,0.9279193878173828
nllb200_1B,facebook/nllb-200-1.3B,17,nounsverbs,313,0.9336673617362976
nllb200_1B,facebook/nllb-200-1.3B,17,nounsverbs,314,0.9585506916046143
nllb200_1B,facebook/nllb-200-1.3B,17,nounsverbs,315,0.9199379682540894
nllb200_1B,facebook/nllb-200-1.3B,17,nounsverbs,316,0.9512488842010498
nllb200_1B,facebook/nllb-200-1.3B,17,nounsverbs,317,0.9341864585876465
nllb200_1B,facebook/nllb-200-1.3B,17,nounsverbs,318,0.9528316855430603
nllb200_1B,facebook/nllb-200-1.3B,17,nounsverbs,319,0.9618394374847412
nllb200_1B,facebook/nllb-200-1.3B,17,nounsverbs,320,0.9264061450958252
nllb200_1B,facebook/nllb-200-1.3B,17,nounsverbs,321,0.9617362022399902
nllb200_1B,facebook/nllb-200-1.3B,17,nounsverbs,322,0.9315273761749268
nllb200_1B,facebook/nllb-200-1.3B,17,nounsverbs,323,0.9637876749038696
nllb200_1B,facebook/nllb-200-1.3B,17,nounsverbs,324,0.9529551863670349
nllb200_1B,facebook/nllb-200-1.3B,17,nounsverbs,325,0.9644303321838379
nllb200_1B,facebook/nllb-200-1.3B,17,nounsverbs,326,0.8320976495742798
nllb200_1B,facebook/nllb-200-1.3B,17,nounsverbs,327,0.9630836248397827
nllb200_1B,facebook/nllb-200-1.3B,17,nounsverbs,328,0.9461660385131836
nllb200_1B,facebook/nllb-200-1.3B,17,nounsverbs,329,0.9429983496665955
nllb200_1B,facebook/nllb-200-1.3B,17,nounsverbs,330,0.6162647604942322
nllb200_1B,facebook/nllb-200-1.3B,17,nounsverbs,331,0.9352163076400757
nllb200_1B,facebook/nllb-200-1.3B,17,nounsverbs,332,0.9358065128326416
nllb200_1B,facebook/nllb-200-1.3B,17,nounsverbs,333,0.9331842064857483
nllb200_1B,facebook/nllb-200-1.3B,17,nounsverbs,334,0.925203800201416
nllb200_1B,facebook/nllb-200-1.3B,17,nounsverbs,335,0.9321185350418091
nllb200_1B,facebook/nllb-200-1.3B,17,nounsverbs,336,0.9555363059043884
nllb200_1B,facebook/nllb-200-1.3B,17,nounsverbs,337,0.9310150742530823
nllb200_1B,facebook/nllb-200-1.3B,17,nounsverbs,338,0.9455222487449646
nllb200_1B,facebook/nllb-200-1.3B,17,nounsverbs,339,0.9434032440185547
nllb200_1B,facebook/nllb-200-1.3B,17,nounsverbs,340,0.891757607460022
nllb200_1B,facebook/nllb-200-1.3B,17,nounsverbs,341,0.9602866172790527
nllb200_1B,facebook/nllb-200-1.3B,17,nounsverbs,342,0.9482437372207642
nllb200_1B,facebook/nllb-200-1.3B,17,nounsverbs,343,0.9503961801528931
nllb200_1B,facebook/nllb-200-1.3B,17,nounsverbs,344,0.9465516805648804
nllb200_1B,facebook/nllb-200-1.3B,17,nounsverbs,345,0.9525268077850342
nllb200_1B,facebook/nllb-200-1.3B,17,nounsverbs,346,0.910331130027771
nllb200_1B,facebook/nllb-200-1.3B,17,nounsverbs,347,0.934432864189148
nllb200_1B,facebook/nllb-200-1.3B,17,nounsverbs,348,0.7967238426208496
nllb200_1B,facebook/nllb-200-1.3B,17,nounsverbs,349,0.9448496103286743
nllb200_1B,facebook/nllb-200-1.3B,17,nounsverbs,350,0.9491825699806213
nllb200_1B,facebook/nllb-200-1.3B,17,nounsverbs,351,0.9469479918479919
nllb200_1B,facebook/nllb-200-1.3B,17,nounsverbs,352,0.9480816125869751
nllb200_1B,facebook/nllb-200-1.3B,17,nounsverbs,353,0.9142981171607971
nllb200_1B,facebook/nllb-200-1.3B,17,nounsverbs,354,0.9385324120521545
nllb200_1B,facebook/nllb-200-1.3B,17,nounsverbs,355,0.775844395160675
nllb200_1B,facebook/nllb-200-1.3B,17,nounsverbs,356,0.9344484806060791
nllb200_1B,facebook/nllb-200-1.3B,17,nounsverbs,357,0.9636952877044678
nllb200_1B,facebook/nllb-200-1.3B,17,nounsverbs,358,0.9573526382446289
nllb200_1B,facebook/nllb-200-1.3B,17,nounsverbs,359,0.8358222246170044
nllb200_1B,facebook/nllb-200-1.3B,17,nounsverbs,360,0.9634914398193359
nllb200_1B,facebook/nllb-200-1.3B,17,nounsverbs,361,0.9605872631072998
nllb200_1B,facebook/nllb-200-1.3B,17,nounsverbs,362,0.9197875261306763
nllb200_1B,facebook/nllb-200-1.3B,17,nounsverbs,363,0.9357864260673523
nllb200_1B,facebook/nllb-200-1.3B,17,nounsverbs,364,0.922235906124115
nllb200_1B,facebook/nllb-200-1.3B,17,nounsverbs,365,0.6975911855697632
nllb200_1B,facebook/nllb-200-1.3B,17,nounsverbs,366,0.9486755132675171
nllb200_1B,facebook/nllb-200-1.3B,17,nounsverbs,367,0.8095810413360596
nllb200_1B,facebook/nllb-200-1.3B,17,nounsverbs,368,0.9680752754211426
nllb200_1B,facebook/nllb-200-1.3B,17,nounsverbs,369,0.9640499353408813
nllb200_1B,facebook/nllb-200-1.3B,17,nounsverbs,370,0.9475299715995789
nllb200_1B,facebook/nllb-200-1.3B,17,nounsverbs,371,0.9489333629608154
nllb200_1B,facebook/nllb-200-1.3B,17,nounsverbs,372,0.9453638792037964
nllb200_1B,facebook/nllb-200-1.3B,17,nounsverbs,373,0.9625910520553589
nllb200_1B,facebook/nllb-200-1.3B,17,nounsverbs,374,0.939825177192688
nllb200_1B,facebook/nllb-200-1.3B,17,nounsverbs,375,0.9572842121124268
nllb200_1B,facebook/nllb-200-1.3B,17,nounsverbs,376,0.9358235597610474
nllb200_1B,facebook/nllb-200-1.3B,17,nounsverbs,377,0.903511643409729
nllb200_1B,facebook/nllb-200-1.3B,17,nounsverbs,378,0.9575015902519226
nllb200_1B,facebook/nllb-200-1.3B,17,nounsverbs,379,0.9553911685943604
nllb200_1B,facebook/nllb-200-1.3B,17,nounsverbs,380,0.9376022815704346
nllb200_1B,facebook/nllb-200-1.3B,17,nounsverbs,381,0.6999987363815308
nllb200_1B,facebook/nllb-200-1.3B,17,nounsverbs,382,0.7940241098403931
nllb200_1B,facebook/nllb-200-1.3B,17,nounsverbs,383,0.7429007291793823
nllb200_1B,facebook/nllb-200-1.3B,17,nounsverbs,384,0.9437301158905029
nllb200_1B,facebook/nllb-200-1.3B,17,nounsverbs,385,0.9376989006996155
nllb200_1B,facebook/nllb-200-1.3B,17,nounsverbs,386,0.7895179986953735
nllb200_1B,facebook/nllb-200-1.3B,17,nounsverbs,387,0.6710593700408936
nllb200_1B,facebook/nllb-200-1.3B,17,nounsverbs,388,0.8236430287361145
nllb200_1B,facebook/nllb-200-1.3B,17,nounsverbs,389,0.8007102012634277
nllb200_1B,facebook/nllb-200-1.3B,17,nounsverbs,390,0.911987841129303
nllb200_1B,facebook/nllb-200-1.3B,17,nounsverbs,391,0.7915979027748108
nllb200_1B,facebook/nllb-200-1.3B,17,nounsverbs,392,0.8287357687950134
nllb200_1B,facebook/nllb-200-1.3B,17,nounsverbs,393,0.8364403247833252
nllb200_1B,facebook/nllb-200-1.3B,17,nounsverbs,394,0.8022223711013794
nllb200_1B,facebook/nllb-200-1.3B,17,nounsverbs,395,0.7864406108856201
nllb200_1B,facebook/nllb-200-1.3B,17,nounsverbs,396,0.7577722072601318
nllb200_1B,facebook/nllb-200-1.3B,17,nounsverbs,397,0.7891489267349243
nllb200_1B,facebook/nllb-200-1.3B,17,nounsverbs,398,0.7336139678955078
nllb200_1B,facebook/nllb-200-1.3B,17,nounsverbs,399,0.9035933017730713
nllb200_1B,facebook/nllb-200-1.3B,17,nounsverbs,400,0.9644973278045654
nllb200_1B,facebook/nllb-200-1.3B,17,nounsverbs,401,0.9490941762924194
nllb200_1B,facebook/nllb-200-1.3B,17,nounsverbs,402,0.9523293375968933
nllb200_1B,facebook/nllb-200-1.3B,17,nounsverbs,403,0.9817085862159729
nllb200_1B,facebook/nllb-200-1.3B,17,nounsverbs,404,0.9417780637741089
nllb200_1B,facebook/nllb-200-1.3B,17,nounsverbs,405,0.6271762847900391
nllb200_1B,facebook/nllb-200-1.3B,17,nounsverbs,406,0.945391833782196
nllb200_1B,facebook/nllb-200-1.3B,17,nounsverbs,407,0.7367361187934875
nllb200_1B,facebook/nllb-200-1.3B,17,nounsverbs,408,0.9575176239013672
nllb200_1B,facebook/nllb-200-1.3B,17,nounsverbs,409,0.9222371578216553
nllb200_1B,facebook/nllb-200-1.3B,17,nounsverbs,410,0.9201440811157227
nllb200_1B,facebook/nllb-200-1.3B,17,nounsverbs,411,0.9367727041244507
nllb200_1B,facebook/nllb-200-1.3B,17,nounsverbs,412,0.7760559916496277
nllb200_1B,facebook/nllb-200-1.3B,17,nounsverbs,413,0.9379998445510864
nllb200_1B,facebook/nllb-200-1.3B,17,nounsverbs,414,0.9521766901016235
nllb200_1B,facebook/nllb-200-1.3B,17,nounsverbs,415,0.9358039498329163
nllb200_1B,facebook/nllb-200-1.3B,17,nounsverbs,416,0.9530550241470337
nllb200_1B,facebook/nllb-200-1.3B,17,nounsverbs,417,0.9592421054840088
nllb200_1B,facebook/nllb-200-1.3B,17,nounsverbs,418,0.9528493881225586
nllb200_1B,facebook/nllb-200-1.3B,17,nounsverbs,419,0.9572255611419678
nllb200_1B,facebook/nllb-200-1.3B,17,nounsverbs,420,0.9486193060874939
nllb200_1B,facebook/nllb-200-1.3B,17,nounsverbs,421,0.74226975440979
nllb200_1B,facebook/nllb-200-1.3B,17,nounsverbs,422,0.7791162729263306
nllb200_1B,facebook/nllb-200-1.3B,17,nounsverbs,423,0.9504972696304321
nllb200_1B,facebook/nllb-200-1.3B,17,nounsverbs,424,0.9402669072151184
nllb200_1B,facebook/nllb-200-1.3B,17,nounsverbs,425,0.6927375197410583
nllb200_1B,facebook/nllb-200-1.3B,17,nounsverbs,426,0.9364317655563354
nllb200_1B,facebook/nllb-200-1.3B,17,nounsverbs,427,0.9427355527877808
nllb200_1B,facebook/nllb-200-1.3B,17,nounsverbs,428,0.8160284161567688
nllb200_1B,facebook/nllb-200-1.3B,17,nounsverbs,429,0.9524322748184204
nllb200_1B,facebook/nllb-200-1.3B,17,nounsverbs,430,0.9001599550247192
nllb200_1B,facebook/nllb-200-1.3B,17,nounsverbs,431,0.9492936730384827
nllb200_1B,facebook/nllb-200-1.3B,17,nounsverbs,432,0.9446631669998169
nllb200_1B,facebook/nllb-200-1.3B,17,nounsverbs,433,0.9276441931724548
nllb200_1B,facebook/nllb-200-1.3B,17,nounsverbs,434,0.9023207426071167
nllb200_1B,facebook/nllb-200-1.3B,17,nounsverbs,435,0.9444385766983032
nllb200_1B,facebook/nllb-200-1.3B,17,nounsverbs,436,0.9439061284065247
nllb200_1B,facebook/nllb-200-1.3B,17,nounsverbs,437,0.9119681119918823
nllb200_1B,facebook/nllb-200-1.3B,17,nounsverbs,438,0.8327767252922058
nllb200_1B,facebook/nllb-200-1.3B,17,nounsverbs,439,0.944281816482544
nllb200_1B,facebook/nllb-200-1.3B,17,nounsverbs,440,0.9526078701019287
nllb200_1B,facebook/nllb-200-1.3B,17,nounsverbs,441,0.9587496519088745
nllb200_1B,facebook/nllb-200-1.3B,17,nounsverbs,442,0.8262418508529663
nllb200_1B,facebook/nllb-200-1.3B,17,nounsverbs,443,0.9584282636642456
nllb200_1B,facebook/nllb-200-1.3B,17,nounsverbs,444,0.7464169263839722
nllb200_1B,facebook/nllb-200-1.3B,17,nounsverbs,445,0.8835076093673706
nllb200_1B,facebook/nllb-200-1.3B,17,nounsverbs,446,0.7351644039154053
nllb200_1B,facebook/nllb-200-1.3B,17,nounsverbs,447,0.8295344710350037
nllb200_1B,facebook/nllb-200-1.3B,17,nounsverbs,448,0.9514284729957581
nllb200_1B,facebook/nllb-200-1.3B,17,nounsverbs,449,0.9471103549003601
nllb200_1B,facebook/nllb-200-1.3B,17,nounsverbs,450,0.9511353969573975
nllb200_1B,facebook/nllb-200-1.3B,17,nounsverbs,451,0.7868870496749878
nllb200_1B,facebook/nllb-200-1.3B,17,nounsverbs,452,0.9259045720100403
nllb200_1B,facebook/nllb-200-1.3B,17,nounsverbs,453,0.6711536645889282
nllb200_1B,facebook/nllb-200-1.3B,17,nounsverbs,454,0.965620756149292
nllb200_1B,facebook/nllb-200-1.3B,17,nounsverbs,455,0.9424060583114624
nllb200_1B,facebook/nllb-200-1.3B,17,nounsverbs,456,0.9125670194625854
nllb200_1B,facebook/nllb-200-1.3B,17,nounsverbs,457,0.9333850741386414
nllb200_1B,facebook/nllb-200-1.3B,17,nounsverbs,458,0.9493905901908875
nllb200_1B,facebook/nllb-200-1.3B,17,nounsverbs,459,0.9605286121368408
nllb200_1B,facebook/nllb-200-1.3B,17,nounsverbs,460,0.9393748044967651
nllb200_1B,facebook/nllb-200-1.3B,17,nounsverbs,461,0.9476662874221802
nllb200_1B,facebook/nllb-200-1.3B,17,nounsverbs,462,0.9362424612045288
nllb200_1B,facebook/nllb-200-1.3B,17,nounsverbs,463,0.9471627473831177
nllb200_1B,facebook/nllb-200-1.3B,17,nounsverbs,464,0.9446271657943726
nllb200_1B,facebook/nllb-200-1.3B,17,nounsverbs,465,0.7655318379402161
nllb200_1B,facebook/nllb-200-1.3B,17,nounsverbs,466,0.7598625421524048
nllb200_1B,facebook/nllb-200-1.3B,17,nounsverbs,467,0.8653916120529175
nllb200_1B,facebook/nllb-200-1.3B,17,nounsverbs,468,0.9458413124084473
nllb200_1B,facebook/nllb-200-1.3B,17,nounsverbs,469,0.9669143557548523
nllb200_1B,facebook/nllb-200-1.3B,17,nounsverbs,470,0.9502474069595337
nllb200_1B,facebook/nllb-200-1.3B,17,nounsverbs,471,0.8020310401916504
nllb200_1B,facebook/nllb-200-1.3B,17,nounsverbs,472,0.9222131967544556
nllb200_1B,facebook/nllb-200-1.3B,17,nounsverbs,473,0.9178310632705688
nllb200_1B,facebook/nllb-200-1.3B,17,nounsverbs,474,0.7559506893157959
nllb200_1B,facebook/nllb-200-1.3B,17,nounsverbs,475,0.7688982486724854
nllb200_1B,facebook/nllb-200-1.3B,17,nounsverbs,476,0.931399941444397
nllb200_1B,facebook/nllb-200-1.3B,17,nounsverbs,477,0.9445623159408569
nllb200_1B,facebook/nllb-200-1.3B,17,nounsverbs,478,0.9626940488815308
nllb200_1B,facebook/nllb-200-1.3B,17,nounsverbs,479,0.9514809846878052
nllb200_1B,facebook/nllb-200-1.3B,17,nounsverbs,480,0.9538445472717285
nllb200_1B,facebook/nllb-200-1.3B,17,nounsverbs,481,0.9532832503318787
nllb200_1B,facebook/nllb-200-1.3B,17,nounsverbs,482,0.9300687313079834
nllb200_1B,facebook/nllb-200-1.3B,17,nounsverbs,483,0.7436245083808899
nllb200_1B,facebook/nllb-200-1.3B,17,nounsverbs,484,0.9446129202842712
nllb200_1B,facebook/nllb-200-1.3B,17,nounsverbs,485,0.8959023952484131
nllb200_1B,facebook/nllb-200-1.3B,17,nounsverbs,486,0.9517026543617249
nllb200_1B,facebook/nllb-200-1.3B,17,nounsverbs,487,0.9369466304779053
nllb200_1B,facebook/nllb-200-1.3B,17,nounsverbs,488,0.7851095199584961
nllb200_1B,facebook/nllb-200-1.3B,17,nounsverbs,489,0.947239339351654
nllb200_1B,facebook/nllb-200-1.3B,17,nounsverbs,490,0.7643055319786072
nllb200_1B,facebook/nllb-200-1.3B,17,nounsverbs,491,0.9484401941299438
nllb200_1B,facebook/nllb-200-1.3B,17,nounsverbs,492,0.91567063331604
nllb200_1B,facebook/nllb-200-1.3B,17,nounsverbs,493,0.9317702054977417
nllb200_1B,facebook/nllb-200-1.3B,17,nounsverbs,494,0.848290205001831
nllb200_1B,facebook/nllb-200-1.3B,17,nounsverbs,495,0.7140005826950073
nllb200_1B,facebook/nllb-200-1.3B,17,nounsverbs,496,0.962986946105957
nllb200_1B,facebook/nllb-200-1.3B,17,nounsverbs,497,0.9458481073379517
nllb200_1B,facebook/nllb-200-1.3B,17,nounsverbs,498,0.7759945392608643
nllb200_1B,facebook/nllb-200-1.3B,17,nounsverbs,499,0.9534288048744202
nllb200_1B,facebook/nllb-200-1.3B,17,nounsverbs,500,0.7905281186103821
nllb200_1B,facebook/nllb-200-1.3B,17,nounsverbs,501,0.967037558555603
nllb200_1B,facebook/nllb-200-1.3B,17,nounsverbs,502,0.7517030239105225
nllb200_1B,facebook/nllb-200-1.3B,17,nounsverbs,503,0.6968259811401367
nllb200_1B,facebook/nllb-200-1.3B,17,nounsverbs,504,0.9603302478790283
nllb200_1B,facebook/nllb-200-1.3B,17,nounsverbs,505,0.9672465920448303
nllb200_1B,facebook/nllb-200-1.3B,17,nounsverbs,506,0.8133625984191895
nllb200_1B,facebook/nllb-200-1.3B,17,nounsverbs,507,0.9436036944389343
nllb200_1B,facebook/nllb-200-1.3B,17,nounsverbs,508,0.8575533628463745
nllb200_1B,facebook/nllb-200-1.3B,17,nounsverbs,509,0.9562768936157227
nllb200_1B,facebook/nllb-200-1.3B,17,nounsverbs,510,0.8703724145889282
nllb200_1B,facebook/nllb-200-1.3B,17,nounsverbs,511,0.7767688632011414
nllb200_1B,facebook/nllb-200-1.3B,17,nounsverbs,512,0.7362959384918213
nllb200_1B,facebook/nllb-200-1.3B,17,nounsverbs,513,0.9190239310264587
nllb200_1B,facebook/nllb-200-1.3B,17,nounsverbs,514,0.9091252088546753
nllb200_1B,facebook/nllb-200-1.3B,17,nounsverbs,515,0.9355884790420532
nllb200_1B,facebook/nllb-200-1.3B,17,nounsverbs,516,0.9474606513977051
nllb200_1B,facebook/nllb-200-1.3B,17,nounsverbs,517,0.9245604276657104
nllb200_1B,facebook/nllb-200-1.3B,17,nounsverbs,518,0.8474525213241577
nllb200_1B,facebook/nllb-200-1.3B,17,nounsverbs,519,0.9340651035308838
nllb200_1B,facebook/nllb-200-1.3B,17,nounsverbs,520,0.9614927768707275
nllb200_1B,facebook/nllb-200-1.3B,17,nounsverbs,521,0.9573277235031128
nllb200_1B,facebook/nllb-200-1.3B,17,nounsverbs,522,0.9440431594848633
nllb200_1B,facebook/nllb-200-1.3B,17,nounsverbs,523,0.9590632915496826
nllb200_1B,facebook/nllb-200-1.3B,17,nounsverbs,524,0.8001630306243896
nllb200_1B,facebook/nllb-200-1.3B,17,nounsverbs,525,0.7745875120162964
nllb200_1B,facebook/nllb-200-1.3B,17,nounsverbs,526,0.7804515957832336
nllb200_1B,facebook/nllb-200-1.3B,17,nounsverbs,527,0.7791955471038818
nllb200_1B,facebook/nllb-200-1.3B,17,nounsverbs,528,0.7983523607254028
nllb200_1B,facebook/nllb-200-1.3B,17,nounsverbs,529,0.9155228137969971
nllb200_1B,facebook/nllb-200-1.3B,17,nounsverbs,530,0.7542518973350525
nllb200_1B,facebook/nllb-200-1.3B,17,nounsverbs,531,0.7434161305427551
nllb200_1B,facebook/nllb-200-1.3B,17,nounsverbs,532,0.7401870489120483
nllb200_1B,facebook/nllb-200-1.3B,17,nounsverbs,533,0.9627423286437988
nllb200_1B,facebook/nllb-200-1.3B,17,nounsverbs,534,0.754021406173706
nllb200_1B,facebook/nllb-200-1.3B,17,nounsverbs,535,0.9378323554992676
nllb200_1B,facebook/nllb-200-1.3B,17,nounsverbs,536,0.9347476959228516
nllb200_1B,facebook/nllb-200-1.3B,17,nounsverbs,537,0.7577682733535767
nllb200_1B,facebook/nllb-200-1.3B,17,nounsverbs,538,0.9491496086120605
nllb200_1B,facebook/nllb-200-1.3B,17,nounsverbs,539,0.8218119740486145
nllb200_1B,facebook/nllb-200-1.3B,17,nounsverbs,540,0.8583261370658875
nllb200_1B,facebook/nllb-200-1.3B,17,nounsverbs,541,0.9472885131835938
nllb200_1B,facebook/nllb-200-1.3B,17,nounsverbs,542,0.7662951946258545
nllb200_1B,facebook/nllb-200-1.3B,17,nounsverbs,543,0.9419291019439697
nllb200_1B,facebook/nllb-200-1.3B,17,nounsverbs,544,0.962578296661377
nllb200_1B,facebook/nllb-200-1.3B,17,nounsverbs,545,0.9758991599082947
nllb200_1B,facebook/nllb-200-1.3B,17,nounsverbs,546,0.7802069187164307
nllb200_1B,facebook/nllb-200-1.3B,17,nounsverbs,547,0.9422085285186768
nllb200_1B,facebook/nllb-200-1.3B,17,nounsverbs,548,0.9336569309234619
nllb200_1B,facebook/nllb-200-1.3B,17,nounsverbs,549,0.9575324654579163
nllb200_1B,facebook/nllb-200-1.3B,17,nounsverbs,550,0.8097580671310425
nllb200_1B,facebook/nllb-200-1.3B,17,nounsverbs,551,0.9349290132522583
nllb200_1B,facebook/nllb-200-1.3B,17,nounsverbs,552,0.748883068561554
nllb200_1B,facebook/nllb-200-1.3B,17,nounsverbs,553,0.9827722311019897
nllb200_1B,facebook/nllb-200-1.3B,17,nounsverbs,554,0.9520391225814819
nllb200_1B,facebook/nllb-200-1.3B,17,nounsverbs,555,0.7867270708084106
nllb200_1B,facebook/nllb-200-1.3B,17,nounsverbs,556,0.8169776201248169
nllb200_1B,facebook/nllb-200-1.3B,17,nounsverbs,557,0.9049426913261414
nllb200_1B,facebook/nllb-200-1.3B,17,nounsverbs,558,0.7484267950057983
nllb200_1B,facebook/nllb-200-1.3B,17,nounsverbs,559,0.7978859543800354
nllb200_1B,facebook/nllb-200-1.3B,17,nounsverbs,560,0.9588814377784729
nllb200_1B,facebook/nllb-200-1.3B,17,nounsverbs,561,0.9584943056106567
nllb200_1B,facebook/nllb-200-1.3B,17,nounsverbs,562,0.8358367681503296
nllb200_1B,facebook/nllb-200-1.3B,17,nounsverbs,563,0.8248316049575806
nllb200_1B,facebook/nllb-200-1.3B,17,nounsverbs,564,0.9241783618927002
nllb200_1B,facebook/nllb-200-1.3B,17,nounsverbs,565,0.9432687759399414
nllb200_1B,facebook/nllb-200-1.3B,17,nounsverbs,566,0.7519263029098511
nllb200_1B,facebook/nllb-200-1.3B,17,nounsverbs,567,0.8505923748016357
nllb200_1B,facebook/nllb-200-1.3B,17,nounsverbs,568,0.9457783699035645
nllb200_1B,facebook/nllb-200-1.3B,17,nounsverbs,569,0.860336184501648
nllb200_1B,facebook/nllb-200-1.3B,17,nounsverbs,570,0.8040999174118042
nllb200_1B,facebook/nllb-200-1.3B,17,nounsverbs,571,0.847806453704834
nllb200_1B,facebook/nllb-200-1.3B,17,nounsverbs,572,0.9327178001403809
nllb200_1B,facebook/nllb-200-1.3B,17,nounsverbs,573,0.7684297561645508
nllb200_1B,facebook/nllb-200-1.3B,17,nounsverbs,574,0.9537041187286377
nllb200_1B,facebook/nllb-200-1.3B,17,nounsverbs,575,0.816689133644104
nllb200_1B,facebook/nllb-200-1.3B,17,nounsverbs,576,0.9391963481903076
nllb200_1B,facebook/nllb-200-1.3B,17,nounsverbs,577,0.9472931623458862
nllb200_1B,facebook/nllb-200-1.3B,17,nounsverbs,578,0.9598459005355835
nllb200_1B,facebook/nllb-200-1.3B,17,nounsverbs,579,0.7452574968338013
nllb200_1B,facebook/nllb-200-1.3B,17,nounsverbs,580,0.9482479095458984
nllb200_1B,facebook/nllb-200-1.3B,17,nounsverbs,581,0.9550588726997375
nllb200_1B,facebook/nllb-200-1.3B,17,nounsverbs,582,0.9571281671524048
nllb200_1B,facebook/nllb-200-1.3B,17,nounsverbs,583,0.9449526071548462
nllb200_1B,facebook/nllb-200-1.3B,17,nounsverbs,584,0.9514708518981934
nllb200_1B,facebook/nllb-200-1.3B,17,nounsverbs,585,0.9485824108123779
nllb200_1B,facebook/nllb-200-1.3B,17,nounsverbs,586,0.9307835102081299
nllb200_1B,facebook/nllb-200-1.3B,17,nounsverbs,587,0.9571186304092407
nllb200_1B,facebook/nllb-200-1.3B,17,nounsverbs,588,0.7801177501678467
nllb200_1B,facebook/nllb-200-1.3B,17,nounsverbs,589,0.7870360612869263
nllb200_1B,facebook/nllb-200-1.3B,17,nounsverbs,590,0.9381769895553589
nllb200_1B,facebook/nllb-200-1.3B,17,nounsverbs,591,0.6889665126800537
nllb200_1B,facebook/nllb-200-1.3B,17,nounsverbs,592,0.8057334423065186
nllb200_1B,facebook/nllb-200-1.3B,17,nounsverbs,593,0.9364594221115112
nllb200_1B,facebook/nllb-200-1.3B,17,nounsverbs,594,0.9625575542449951
nllb200_1B,facebook/nllb-200-1.3B,17,nounsverbs,595,0.9347488880157471
nllb200_1B,facebook/nllb-200-1.3B,17,nounsverbs,596,0.731488049030304
nllb200_1B,facebook/nllb-200-1.3B,17,nounsverbs,597,0.7161126136779785
nllb200_1B,facebook/nllb-200-1.3B,17,nounsverbs,598,0.960607647895813
nllb200_1B,facebook/nllb-200-1.3B,17,nounsverbs,599,0.9460499286651611
nllb200_1B,facebook/nllb-200-1.3B,17,nounsverbs,600,0.895539402961731
nllb200_1B,facebook/nllb-200-1.3B,17,nounsverbs,601,0.6960612535476685
nllb200_1B,facebook/nllb-200-1.3B,17,nounsverbs,602,0.9404468536376953
nllb200_1B,facebook/nllb-200-1.3B,17,nounsverbs,603,0.8237685561180115
nllb200_1B,facebook/nllb-200-1.3B,17,nounsverbs,604,0.953823447227478
nllb200_1B,facebook/nllb-200-1.3B,17,nounsverbs,605,0.9543015956878662
nllb200_1B,facebook/nllb-200-1.3B,17,nounsverbs,606,0.7006886005401611
nllb200_1B,facebook/nllb-200-1.3B,17,nounsverbs,607,0.8065564036369324
nllb200_1B,facebook/nllb-200-1.3B,17,nounsverbs,608,0.86537104845047
nllb200_1B,facebook/nllb-200-1.3B,17,nounsverbs,609,0.8523187637329102
nllb200_1B,facebook/nllb-200-1.3B,17,nounsverbs,610,0.9186136722564697
nllb200_1B,facebook/nllb-200-1.3B,17,nounsverbs,611,0.9308366775512695
nllb200_1B,facebook/nllb-200-1.3B,17,nounsverbs,612,0.951785683631897
nllb200_1B,facebook/nllb-200-1.3B,17,nounsverbs,613,0.9190672636032104
nllb200_1B,facebook/nllb-200-1.3B,17,nounsverbs,614,0.7515687942504883
nllb200_1B,facebook/nllb-200-1.3B,17,nounsverbs,615,0.9385152459144592
nllb200_1B,facebook/nllb-200-1.3B,17,nounsverbs,616,0.9494783282279968
nllb200_1B,facebook/nllb-200-1.3B,17,nounsverbs,617,0.939323902130127
nllb200_1B,facebook/nllb-200-1.3B,17,nounsverbs,618,0.9386837482452393
nllb200_1B,facebook/nllb-200-1.3B,17,nounsverbs,619,0.9372372627258301
nllb200_1B,facebook/nllb-200-1.3B,17,nounsverbs,620,0.9662635326385498
nllb200_1B,facebook/nllb-200-1.3B,17,nounsverbs,621,0.9433586597442627
nllb200_1B,facebook/nllb-200-1.3B,17,nounsverbs,622,0.9318650960922241
nllb200_1B,facebook/nllb-200-1.3B,17,nounsverbs,623,0.940179705619812
nllb200_1B,facebook/nllb-200-1.3B,17,nounsverbs,624,0.9410684704780579
nllb200_1B,facebook/nllb-200-1.3B,17,nounsverbs,625,0.9221493601799011
nllb200_1B,facebook/nllb-200-1.3B,17,nounsverbs,626,0.952820897102356
nllb200_1B,facebook/nllb-200-1.3B,17,nounsverbs,627,0.9445135593414307
nllb200_1B,facebook/nllb-200-1.3B,17,nounsverbs,628,0.9642691612243652
nllb200_1B,facebook/nllb-200-1.3B,17,nounsverbs,629,0.9575729966163635
nllb200_1B,facebook/nllb-200-1.3B,17,nounsverbs,630,0.9553791880607605
nllb200_1B,facebook/nllb-200-1.3B,17,nounsverbs,631,0.9278628826141357
nllb200_1B,facebook/nllb-200-1.3B,17,nounsverbs,632,0.951623797416687
nllb200_1B,facebook/nllb-200-1.3B,17,nounsverbs,633,0.9503316879272461
nllb200_1B,facebook/nllb-200-1.3B,17,nounsverbs,634,0.9318608045578003
nllb200_1B,facebook/nllb-200-1.3B,17,nounsverbs,635,0.926997721195221
nllb200_1B,facebook/nllb-200-1.3B,17,nounsverbs,636,0.9409018754959106
nllb200_1B,facebook/nllb-200-1.3B,17,nounsverbs,637,0.9602396488189697
nllb200_1B,facebook/nllb-200-1.3B,17,nounsverbs,638,0.9532689452171326
nllb200_1B,facebook/nllb-200-1.3B,17,nounsverbs,639,0.956275224685669
nllb200_1B,facebook/nllb-200-1.3B,17,nounsverbs,640,0.9389170408248901
nllb200_1B,facebook/nllb-200-1.3B,17,nounsverbs,641,0.9426013827323914
nllb200_1B,facebook/nllb-200-1.3B,17,nounsverbs,642,0.9473680257797241
nllb200_1B,facebook/nllb-200-1.3B,17,nounsverbs,643,0.9202243089675903
nllb200_1B,facebook/nllb-200-1.3B,17,nounsverbs,644,0.7940019965171814
nllb200_1B,facebook/nllb-200-1.3B,17,nounsverbs,645,0.9504306316375732
nllb200_1B,facebook/nllb-200-1.3B,17,nounsverbs,646,0.9333847761154175
nllb200_1B,facebook/nllb-200-1.3B,17,nounsverbs,647,0.866422176361084
nllb200_1B,facebook/nllb-200-1.3B,17,nounsverbs,648,0.9593572616577148
nllb200_1B,facebook/nllb-200-1.3B,17,nounsverbs,649,0.8108075857162476
nllb200_1B,facebook/nllb-200-1.3B,17,nounsverbs,650,0.9648861885070801
nllb200_1B,facebook/nllb-200-1.3B,17,nounsverbs,651,0.7702926397323608
nllb200_1B,facebook/nllb-200-1.3B,17,nounsverbs,652,0.9589740037918091
nllb200_1B,facebook/nllb-200-1.3B,17,nounsverbs,653,0.9515154361724854
nllb200_1B,facebook/nllb-200-1.3B,17,nounsverbs,654,0.9596615433692932
nllb200_1B,facebook/nllb-200-1.3B,17,nounsverbs,655,0.7222754955291748
nllb200_1B,facebook/nllb-200-1.3B,17,nounsverbs,656,0.9434165954589844
nllb200_1B,facebook/nllb-200-1.3B,17,nounsverbs,657,0.9406707286834717
nllb200_1B,facebook/nllb-200-1.3B,17,nounsverbs,658,0.7243045568466187
nllb200_1B,facebook/nllb-200-1.3B,17,nounsverbs,659,0.9159557819366455
nllb200_1B,facebook/nllb-200-1.3B,17,nounsverbs,660,0.9060525894165039
nllb200_1B,facebook/nllb-200-1.3B,17,nounsverbs,661,0.9292508363723755
nllb200_1B,facebook/nllb-200-1.3B,17,nounsverbs,662,0.9411267638206482
nllb200_1B,facebook/nllb-200-1.3B,17,nounsverbs,663,0.7709822654724121
nllb200_1B,facebook/nllb-200-1.3B,17,nounsverbs,664,0.9512937068939209
nllb200_1B,facebook/nllb-200-1.3B,17,nounsverbs,665,0.9390666484832764
nllb200_1B,facebook/nllb-200-1.3B,17,nounsverbs,666,0.9552518129348755
nllb200_1B,facebook/nllb-200-1.3B,17,nounsverbs,667,0.9471580386161804
nllb200_1B,facebook/nllb-200-1.3B,17,nounsverbs,668,0.9525030851364136
nllb200_1B,facebook/nllb-200-1.3B,17,nounsverbs,669,0.7548739910125732
nllb200_1B,facebook/nllb-200-1.3B,17,nounsverbs,670,0.9479986429214478
nllb200_1B,facebook/nllb-200-1.3B,17,nounsverbs,671,0.9438608884811401
nllb200_1B,facebook/nllb-200-1.3B,17,nounsverbs,672,0.835107684135437
nllb200_1B,facebook/nllb-200-1.3B,17,nounsverbs,673,0.9423670172691345
nllb200_1B,facebook/nllb-200-1.3B,17,nounsverbs,674,0.9430081844329834
nllb200_1B,facebook/nllb-200-1.3B,17,nounsverbs,675,0.9313781261444092
nllb200_1B,facebook/nllb-200-1.3B,17,nounsverbs,676,0.9336355924606323
nllb200_1B,facebook/nllb-200-1.3B,17,nounsverbs,677,0.9574389457702637
nllb200_1B,facebook/nllb-200-1.3B,17,nounsverbs,678,0.859542965888977
nllb200_1B,facebook/nllb-200-1.3B,17,nounsverbs,679,0.9138182401657104
nllb200_1B,facebook/nllb-200-1.3B,17,nounsverbs,680,0.9477420449256897
nllb200_1B,facebook/nllb-200-1.3B,17,nounsverbs,681,0.9516431093215942
nllb200_1B,facebook/nllb-200-1.3B,17,nounsverbs,682,0.9181875586509705
nllb200_1B,facebook/nllb-200-1.3B,17,nounsverbs,683,0.9419043064117432
nllb200_1B,facebook/nllb-200-1.3B,17,nounsverbs,684,0.9523539543151855
nllb200_1B,facebook/nllb-200-1.3B,17,nounsverbs,685,0.9278719425201416
nllb200_1B,facebook/nllb-200-1.3B,17,nounsverbs,686,0.9472941160202026
nllb200_1B,facebook/nllb-200-1.3B,17,nounsverbs,687,0.939347505569458
nllb200_1B,facebook/nllb-200-1.3B,17,nounsverbs,688,0.9219884872436523
nllb200_1B,facebook/nllb-200-1.3B,17,nounsverbs,689,0.9586741924285889
nllb200_1B,facebook/nllb-200-1.3B,17,nounsverbs,690,0.9395154118537903
nllb200_1B,facebook/nllb-200-1.3B,17,nounsverbs,691,0.9345660209655762
nllb200_1B,facebook/nllb-200-1.3B,17,nounsverbs,692,0.9590209722518921
nllb200_1B,facebook/nllb-200-1.3B,17,nounsverbs,693,0.8945952653884888
nllb200_1B,facebook/nllb-200-1.3B,17,nounsverbs,694,0.9372291564941406
nllb200_1B,facebook/nllb-200-1.3B,17,nounsverbs,695,0.9690332412719727
nllb200_1B,facebook/nllb-200-1.3B,17,nounsverbs,696,0.963313102722168
nllb200_1B,facebook/nllb-200-1.3B,17,nounsverbs,697,0.924684464931488
nllb200_1B,facebook/nllb-200-1.3B,17,nounsverbs,698,0.9120299220085144
nllb200_1B,facebook/nllb-200-1.3B,17,nounsverbs,699,0.9319470524787903
nllb200_1B,facebook/nllb-200-1.3B,17,nounsverbs,700,0.9377743005752563
nllb200_1B,facebook/nllb-200-1.3B,17,nounsverbs,701,0.9369109869003296
nllb200_1B,facebook/nllb-200-1.3B,17,nounsverbs,702,0.9433584213256836
nllb200_1B,facebook/nllb-200-1.3B,17,nounsverbs,703,0.9495761394500732
nllb200_1B,facebook/nllb-200-1.3B,17,nounsverbs,704,0.9420890212059021
nllb200_1B,facebook/nllb-200-1.3B,17,nounsverbs,705,0.9251033067703247
nllb200_1B,facebook/nllb-200-1.3B,17,nounsverbs,706,0.9400844573974609
nllb200_1B,facebook/nllb-200-1.3B,17,nounsverbs,707,0.823594331741333
nllb200_1B,facebook/nllb-200-1.3B,17,nounsverbs,708,0.9471100568771362
nllb200_1B,facebook/nllb-200-1.3B,17,nounsverbs,709,0.7838340401649475
nllb200_1B,facebook/nllb-200-1.3B,17,nounsverbs,710,0.918814480304718
nllb200_1B,facebook/nllb-200-1.3B,17,nounsverbs,711,0.9502754807472229
nllb200_1B,facebook/nllb-200-1.3B,17,nounsverbs,712,0.9528963565826416
nllb200_1B,facebook/nllb-200-1.3B,17,nounsverbs,713,0.9404679536819458
nllb200_1B,facebook/nllb-200-1.3B,17,nounsverbs,714,0.9353749752044678
nllb200_1B,facebook/nllb-200-1.3B,17,nounsverbs,715,0.804071843624115
nllb200_1B,facebook/nllb-200-1.3B,17,nounsverbs,716,0.8105396032333374
nllb200_1B,facebook/nllb-200-1.3B,17,nounsverbs,717,0.942726194858551
nllb200_1B,facebook/nllb-200-1.3B,17,nounsverbs,718,0.9460659027099609
nllb200_1B,facebook/nllb-200-1.3B,17,nounsverbs,719,0.7843003273010254
nllb200_1B,facebook/nllb-200-1.3B,17,nounsverbs,720,0.7800470590591431
nllb200_1B,facebook/nllb-200-1.3B,17,nounsverbs,721,0.9550013542175293
nllb200_1B,facebook/nllb-200-1.3B,17,nounsverbs,722,0.9560660719871521
nllb200_1B,facebook/nllb-200-1.3B,17,nounsverbs,723,0.9434267282485962
nllb200_1B,facebook/nllb-200-1.3B,17,nounsverbs,724,0.9332274794578552
nllb200_1B,facebook/nllb-200-1.3B,17,nounsverbs,725,0.9470973014831543
nllb200_1B,facebook/nllb-200-1.3B,17,nounsverbs,726,0.7850741147994995
nllb200_1B,facebook/nllb-200-1.3B,17,nounsverbs,727,0.9515293836593628
nllb200_1B,facebook/nllb-200-1.3B,17,nounsverbs,728,0.949013352394104
nllb200_1B,facebook/nllb-200-1.3B,17,nounsverbs,729,0.9484947323799133
nllb200_1B,facebook/nllb-200-1.3B,17,nounsverbs,730,0.9473782777786255
nllb200_1B,facebook/nllb-200-1.3B,17,nounsverbs,731,0.8877710103988647
nllb200_1B,facebook/nllb-200-1.3B,17,nounsverbs,732,0.9377412796020508
nllb200_1B,facebook/nllb-200-1.3B,17,nounsverbs,733,0.7750544548034668
nllb200_1B,facebook/nllb-200-1.3B,17,nounsverbs,734,0.9440104961395264
nllb200_1B,facebook/nllb-200-1.3B,17,nounsverbs,735,0.8090014457702637
nllb200_1B,facebook/nllb-200-1.3B,17,nounsverbs,736,0.9393466711044312
nllb200_1B,facebook/nllb-200-1.3B,17,nounsverbs,737,0.9387766122817993
nllb200_1B,facebook/nllb-200-1.3B,17,nounsverbs,738,0.9461276531219482
nllb200_1B,facebook/nllb-200-1.3B,17,nounsverbs,739,0.72756427526474
nllb200_1B,facebook/nllb-200-1.3B,17,nounsverbs,740,0.9498803019523621
nllb200_1B,facebook/nllb-200-1.3B,17,nounsverbs,741,0.7574341297149658
nllb200_1B,facebook/nllb-200-1.3B,17,nounsverbs,742,0.9389575719833374
nllb200_1B,facebook/nllb-200-1.3B,17,nounsverbs,743,0.9600211381912231
nllb200_1B,facebook/nllb-200-1.3B,17,nounsverbs,744,0.9541133642196655
nllb200_1B,facebook/nllb-200-1.3B,17,nounsverbs,745,0.9446953535079956
nllb200_1B,facebook/nllb-200-1.3B,17,nounsverbs,746,0.9096287488937378
nllb200_1B,facebook/nllb-200-1.3B,17,nounsverbs,747,0.7797183990478516
nllb200_1B,facebook/nllb-200-1.3B,17,nounsverbs,748,0.8377736210823059
nllb200_1B,facebook/nllb-200-1.3B,17,nounsverbs,749,0.9535993933677673
nllb200_1B,facebook/nllb-200-1.3B,17,nounsverbs,750,0.7288932800292969
nllb200_1B,facebook/nllb-200-1.3B,17,nounsverbs,751,0.7345155477523804
nllb200_1B,facebook/nllb-200-1.3B,17,nounsverbs,752,0.9529269933700562
nllb200_1B,facebook/nllb-200-1.3B,17,nounsverbs,753,0.7924171686172485
nllb200_1B,facebook/nllb-200-1.3B,17,nounsverbs,754,0.7911403179168701
nllb200_1B,facebook/nllb-200-1.3B,17,nounsverbs,755,0.9609482288360596
nllb200_1B,facebook/nllb-200-1.3B,17,nounsverbs,756,0.9579339027404785
nllb200_1B,facebook/nllb-200-1.3B,17,nounsverbs,757,0.9442047476768494
nllb200_1B,facebook/nllb-200-1.3B,17,nounsverbs,758,0.7654436826705933
nllb200_1B,facebook/nllb-200-1.3B,17,nounsverbs,759,0.9512869715690613
nllb200_1B,facebook/nllb-200-1.3B,17,nounsverbs,760,0.6637170314788818
nllb200_1B,facebook/nllb-200-1.3B,17,nounsverbs,761,0.9020797610282898
nllb200_1B,facebook/nllb-200-1.3B,17,nounsverbs,762,0.9363876581192017
nllb200_1B,facebook/nllb-200-1.3B,17,nounsverbs,763,0.9343060255050659
nllb200_1B,facebook/nllb-200-1.3B,17,nounsverbs,764,0.9261078238487244
nllb200_1B,facebook/nllb-200-1.3B,17,nounsverbs,765,0.9582250714302063
nllb200_1B,facebook/nllb-200-1.3B,17,nounsverbs,766,0.9512718915939331
nllb200_1B,facebook/nllb-200-1.3B,17,nounsverbs,767,0.9563415050506592
nllb200_1B,facebook/nllb-200-1.3B,17,nounsverbs,768,0.9862731099128723
nllb200_1B,facebook/nllb-200-1.3B,17,nounsverbs,769,0.7624253034591675
nllb200_1B,facebook/nllb-200-1.3B,17,nounsverbs,770,0.7697259187698364
nllb200_1B,facebook/nllb-200-1.3B,17,nounsverbs,771,0.9549955129623413
nllb200_1B,facebook/nllb-200-1.3B,17,nounsverbs,772,0.9314002394676208
nllb200_1B,facebook/nllb-200-1.3B,17,nounsverbs,773,0.7480971217155457
nllb200_1B,facebook/nllb-200-1.3B,17,nounsverbs,774,0.9535686373710632
nllb200_1B,facebook/nllb-200-1.3B,17,nounsverbs,775,0.9233951568603516
nllb200_1B,facebook/nllb-200-1.3B,17,nounsverbs,776,0.9352549314498901
nllb200_1B,facebook/nllb-200-1.3B,17,nounsverbs,777,0.9371538162231445
nllb200_1B,facebook/nllb-200-1.3B,17,nounsverbs,778,0.898833692073822
nllb200_1B,facebook/nllb-200-1.3B,17,nounsverbs,779,0.8474122881889343
nllb200_1B,facebook/nllb-200-1.3B,17,nounsverbs,780,0.902237057685852
nllb200_1B,facebook/nllb-200-1.3B,17,nounsverbs,781,0.959740400314331
nllb200_1B,facebook/nllb-200-1.3B,17,nounsverbs,782,0.9543020129203796
nllb200_1B,facebook/nllb-200-1.3B,17,nounsverbs,783,0.9520057439804077
nllb200_1B,facebook/nllb-200-1.3B,17,nounsverbs,784,0.8033612966537476
nllb200_1B,facebook/nllb-200-1.3B,17,nounsverbs,785,0.7424902319908142
nllb200_1B,facebook/nllb-200-1.3B,17,nounsverbs,786,0.9589128494262695
nllb200_1B,facebook/nllb-200-1.3B,17,nounsverbs,787,0.8165687918663025
nllb200_1B,facebook/nllb-200-1.3B,17,nounsverbs,788,0.9618278741836548
nllb200_1B,facebook/nllb-200-1.3B,17,nounsverbs,789,0.6700539588928223
nllb200_1B,facebook/nllb-200-1.3B,17,nounsverbs,790,0.7587934732437134
nllb200_1B,facebook/nllb-200-1.3B,17,nounsverbs,791,0.7197853326797485
nllb200_1B,facebook/nllb-200-1.3B,17,nounsverbs,792,0.935002326965332
nllb200_1B,facebook/nllb-200-1.3B,17,nounsverbs,793,0.6444382071495056
nllb200_1B,facebook/nllb-200-1.3B,17,nounsverbs,794,0.9577682018280029
nllb200_1B,facebook/nllb-200-1.3B,17,nounsverbs,795,0.9493685960769653
nllb200_1B,facebook/nllb-200-1.3B,17,nounsverbs,796,0.6856955289840698
nllb200_1B,facebook/nllb-200-1.3B,17,nounsverbs,797,0.9610447883605957
nllb200_1B,facebook/nllb-200-1.3B,17,nounsverbs,798,0.9503523111343384
nllb200_1B,facebook/nllb-200-1.3B,17,nounsverbs,799,0.9532407522201538
nllb200_1B,facebook/nllb-200-1.3B,17,nounsverbs,800,0.943758487701416
nllb200_1B,facebook/nllb-200-1.3B,17,nounsverbs,801,0.7897881269454956
nllb200_1B,facebook/nllb-200-1.3B,17,nounsverbs,802,0.7698352932929993
nllb200_1B,facebook/nllb-200-1.3B,17,nounsverbs,803,0.9661739468574524
nllb200_1B,facebook/nllb-200-1.3B,17,nounsverbs,804,0.7775869369506836
nllb200_1B,facebook/nllb-200-1.3B,17,nounsverbs,805,0.7512385845184326
nllb200_1B,facebook/nllb-200-1.3B,17,nounsverbs,806,0.7367448806762695
nllb200_1B,facebook/nllb-200-1.3B,17,nounsverbs,807,0.9520992040634155
nllb200_1B,facebook/nllb-200-1.3B,17,nounsverbs,808,0.8138432502746582
nllb200_1B,facebook/nllb-200-1.3B,17,nounsverbs,809,0.9436025023460388
nllb200_1B,facebook/nllb-200-1.3B,17,nounsverbs,810,0.9362856149673462
nllb200_1B,facebook/nllb-200-1.3B,17,nounsverbs,811,0.7672533988952637
nllb200_1B,facebook/nllb-200-1.3B,17,nounsverbs,812,0.7509993314743042
nllb200_1B,facebook/nllb-200-1.3B,17,nounsverbs,813,0.7831110954284668
nllb200_1B,facebook/nllb-200-1.3B,17,nounsverbs,814,0.9427013993263245
nllb200_1B,facebook/nllb-200-1.3B,17,nounsverbs,815,0.950793981552124
nllb200_1B,facebook/nllb-200-1.3B,17,nounsverbs,816,0.6966397762298584
nllb200_1B,facebook/nllb-200-1.3B,17,nounsverbs,817,0.9502171277999878
nllb200_1B,facebook/nllb-200-1.3B,17,nounsverbs,818,0.9260468482971191
nllb200_1B,facebook/nllb-200-1.3B,17,nounsverbs,819,0.9383660554885864
nllb200_1B,facebook/nllb-200-1.3B,17,nounsverbs,820,0.8233379125595093
nllb200_1B,facebook/nllb-200-1.3B,17,nounsverbs,821,0.9573276042938232
nllb200_1B,facebook/nllb-200-1.3B,17,nounsverbs,822,0.9438998699188232
nllb200_1B,facebook/nllb-200-1.3B,17,nounsverbs,823,0.9607361555099487
nllb200_1B,facebook/nllb-200-1.3B,17,nounsverbs,824,0.9587007761001587
nllb200_1B,facebook/nllb-200-1.3B,17,nounsverbs,825,0.9121763706207275
nllb200_1B,facebook/nllb-200-1.3B,17,nounsverbs,826,0.9437222480773926
nllb200_1B,facebook/nllb-200-1.3B,17,nounsverbs,827,0.9499098062515259
nllb200_1B,facebook/nllb-200-1.3B,17,nounsverbs,828,0.8109208941459656
nllb200_1B,facebook/nllb-200-1.3B,17,nounsverbs,829,0.8114365339279175
nllb200_1B,facebook/nllb-200-1.3B,17,nounsverbs,830,0.9437974691390991
nllb200_1B,facebook/nllb-200-1.3B,17,nounsverbs,831,0.7773531675338745
nllb200_1B,facebook/nllb-200-1.3B,17,nounsverbs,832,0.9606159925460815
nllb200_1B,facebook/nllb-200-1.3B,17,nounsverbs,833,0.7845686674118042
nllb200_1B,facebook/nllb-200-1.3B,17,nounsverbs,834,0.9524891376495361
nllb200_1B,facebook/nllb-200-1.3B,17,nounsverbs,835,0.9483782649040222
nllb200_1B,facebook/nllb-200-1.3B,17,nounsverbs,836,0.9611015319824219
nllb200_1B,facebook/nllb-200-1.3B,17,nounsverbs,837,0.9605203866958618
nllb200_1B,facebook/nllb-200-1.3B,17,nounsverbs,838,0.9623039364814758
nllb200_1B,facebook/nllb-200-1.3B,17,nounsverbs,839,0.9484413862228394
nllb200_1B,facebook/nllb-200-1.3B,17,nounsverbs,840,0.9537944793701172
nllb200_1B,facebook/nllb-200-1.3B,17,nounsverbs,841,0.9646601676940918
nllb200_1B,facebook/nllb-200-1.3B,17,nounsverbs,842,0.9511381387710571
nllb200_1B,facebook/nllb-200-1.3B,17,nounsverbs,843,0.7989124059677124
nllb200_1B,facebook/nllb-200-1.3B,17,nounsverbs,844,0.9152418375015259
nllb200_1B,facebook/nllb-200-1.3B,17,nounsverbs,845,0.8385009765625
nllb200_1B,facebook/nllb-200-1.3B,17,nounsverbs,846,0.7960197925567627
nllb200_1B,facebook/nllb-200-1.3B,17,nounsverbs,847,0.9336111545562744
nllb200_1B,facebook/nllb-200-1.3B,17,nounsverbs,848,0.9581401944160461
nllb200_1B,facebook/nllb-200-1.3B,17,nounsverbs,849,0.9399741888046265
nllb200_1B,facebook/nllb-200-1.3B,17,nounsverbs,850,0.952099084854126
nllb200_1B,facebook/nllb-200-1.3B,17,nounsverbs,851,0.9434120655059814
nllb200_1B,facebook/nllb-200-1.3B,17,nounsverbs,852,0.9576067924499512
nllb200_1B,facebook/nllb-200-1.3B,17,nounsverbs,853,0.9431791305541992
nllb200_1B,facebook/nllb-200-1.3B,17,nounsverbs,854,0.9401987791061401
nllb200_1B,facebook/nllb-200-1.3B,17,nounsverbs,855,0.9446991086006165
nllb200_1B,facebook/nllb-200-1.3B,17,nounsverbs,856,0.9602841138839722
nllb200_1B,facebook/nllb-200-1.3B,17,nounsverbs,857,0.9375045895576477
nllb200_1B,facebook/nllb-200-1.3B,17,nounsverbs,858,0.958219051361084
nllb200_1B,facebook/nllb-200-1.3B,17,nounsverbs,859,0.9487290382385254
nllb200_1B,facebook/nllb-200-1.3B,17,nounsverbs,860,0.9462603330612183
nllb200_1B,facebook/nllb-200-1.3B,17,nounsverbs,861,0.9513838291168213
nllb200_1B,facebook/nllb-200-1.3B,17,nounsverbs,862,0.9453774094581604
nllb200_1B,facebook/nllb-200-1.3B,17,nounsverbs,863,0.812760591506958
nllb200_1B,facebook/nllb-200-1.3B,17,nounsverbs,864,0.9482002258300781
nllb200_1B,facebook/nllb-200-1.3B,17,nounsverbs,865,0.9335355758666992
nllb200_1B,facebook/nllb-200-1.3B,17,nounsverbs,866,0.9460582733154297
nllb200_1B,facebook/nllb-200-1.3B,17,nounsverbs,867,0.7955971956253052
nllb200_1B,facebook/nllb-200-1.3B,17,nounsverbs,868,0.9203687906265259
nllb200_1B,facebook/nllb-200-1.3B,17,nounsverbs,869,0.8406615257263184
nllb200_1B,facebook/nllb-200-1.3B,17,nounsverbs,870,0.9523441791534424
nllb200_1B,facebook/nllb-200-1.3B,17,nounsverbs,871,0.9324818849563599
nllb200_1B,facebook/nllb-200-1.3B,17,nounsverbs,872,0.9596460461616516
nllb200_1B,facebook/nllb-200-1.3B,17,nounsverbs,873,0.963067889213562
nllb200_1B,facebook/nllb-200-1.3B,17,nounsverbs,874,0.9587542414665222
nllb200_1B,facebook/nllb-200-1.3B,17,nounsverbs,875,0.9498631954193115
nllb200_1B,facebook/nllb-200-1.3B,17,nounsverbs,876,0.9350684881210327
nllb200_1B,facebook/nllb-200-1.3B,17,nounsverbs,877,0.7468990087509155
nllb200_1B,facebook/nllb-200-1.3B,17,nounsverbs,878,0.9486813545227051
nllb200_1B,facebook/nllb-200-1.3B,17,nounsverbs,879,0.7592601776123047
nllb200_1B,facebook/nllb-200-1.3B,17,nounsverbs,880,0.942297101020813
nllb200_1B,facebook/nllb-200-1.3B,17,nounsverbs,881,0.9413121938705444
nllb200_1B,facebook/nllb-200-1.3B,17,nounsverbs,882,0.9513145089149475
nllb200_1B,facebook/nllb-200-1.3B,17,nounsverbs,883,0.9496871829032898
nllb200_1B,facebook/nllb-200-1.3B,17,nounsverbs,884,0.9334558248519897
nllb200_1B,facebook/nllb-200-1.3B,17,nounsverbs,885,0.939184308052063
nllb200_1B,facebook/nllb-200-1.3B,17,nounsverbs,886,0.9453961253166199
nllb200_1B,facebook/nllb-200-1.3B,17,nounsverbs,887,0.9346746206283569
nllb200_1B,facebook/nllb-200-1.3B,17,nounsverbs,888,0.8966690301895142
nllb200_1B,facebook/nllb-200-1.3B,17,nounsverbs,889,0.7933559417724609
nllb200_1B,facebook/nllb-200-1.3B,17,nounsverbs,890,0.9267484545707703
nllb200_1B,facebook/nllb-200-1.3B,17,nounsverbs,891,0.9075552225112915
nllb200_1B,facebook/nllb-200-1.3B,17,nounsverbs,892,0.9057095646858215
nllb200_1B,facebook/nllb-200-1.3B,17,nounsverbs,893,0.7317948341369629
nllb200_1B,facebook/nllb-200-1.3B,17,nounsverbs,894,0.7946658134460449
nllb200_1B,facebook/nllb-200-1.3B,17,nounsverbs,895,0.9543176889419556
nllb200_1B,facebook/nllb-200-1.3B,17,nounsverbs,896,0.940971851348877
nllb200_1B,facebook/nllb-200-1.3B,17,nounsverbs,897,0.9575338363647461
nllb200_1B,facebook/nllb-200-1.3B,17,nounsverbs,898,0.9303737878799438
nllb200_1B,facebook/nllb-200-1.3B,17,nounsverbs,899,0.925093948841095
nllb200_1B,facebook/nllb-200-1.3B,17,nounsverbs,900,0.7527958154678345
nllb200_1B,facebook/nllb-200-1.3B,17,nounsverbs,901,0.9380754232406616
nllb200_1B,facebook/nllb-200-1.3B,17,nounsverbs,902,0.7237934470176697
nllb200_1B,facebook/nllb-200-1.3B,17,nounsverbs,903,0.7198604941368103
nllb200_1B,facebook/nllb-200-1.3B,17,nounsverbs,904,0.9512889385223389
nllb200_1B,facebook/nllb-200-1.3B,17,nounsverbs,905,0.8019543290138245
nllb200_1B,facebook/nllb-200-1.3B,17,nounsverbs,906,0.9651713371276855
nllb200_1B,facebook/nllb-200-1.3B,17,nounsverbs,907,0.7870962023735046
nllb200_1B,facebook/nllb-200-1.3B,17,nounsverbs,908,0.9634606838226318
nllb200_1B,facebook/nllb-200-1.3B,17,nounsverbs,909,0.7912713289260864
nllb200_1B,facebook/nllb-200-1.3B,17,nounsverbs,910,0.7526502013206482
nllb200_1B,facebook/nllb-200-1.3B,17,nounsverbs,911,0.8137752413749695
nllb200_1B,facebook/nllb-200-1.3B,17,nounsverbs,912,0.8040217161178589
nllb200_1B,facebook/nllb-200-1.3B,17,nounsverbs,913,0.9489749670028687
nllb200_1B,facebook/nllb-200-1.3B,17,nounsverbs,914,0.9544610977172852
nllb200_1B,facebook/nllb-200-1.3B,17,nounsverbs,915,0.8348631858825684
nllb200_1B,facebook/nllb-200-1.3B,17,nounsverbs,916,0.9543394446372986
nllb200_1B,facebook/nllb-200-1.3B,17,nounsverbs,917,0.958296537399292
nllb200_1B,facebook/nllb-200-1.3B,17,nounsverbs,918,0.8081225156784058
nllb200_1B,facebook/nllb-200-1.3B,17,nounsverbs,919,0.7886190414428711
nllb200_1B,facebook/nllb-200-1.3B,17,nounsverbs,920,0.8236860036849976
nllb200_1B,facebook/nllb-200-1.3B,17,nounsverbs,921,0.6768599152565002
nllb200_1B,facebook/nllb-200-1.3B,17,nounsverbs,922,0.9575786590576172
nllb200_1B,facebook/nllb-200-1.3B,17,nounsverbs,923,0.9397952556610107
nllb200_1B,facebook/nllb-200-1.3B,17,nounsverbs,924,0.9147658348083496
nllb200_1B,facebook/nllb-200-1.3B,17,nounsverbs,925,0.9543294906616211
nllb200_1B,facebook/nllb-200-1.3B,17,nounsverbs,926,0.9455188512802124
nllb200_1B,facebook/nllb-200-1.3B,17,nounsverbs,927,0.9390259981155396
nllb200_1B,facebook/nllb-200-1.3B,17,nounsverbs,928,0.771513819694519
nllb200_1B,facebook/nllb-200-1.3B,17,nounsverbs,929,0.9191775321960449
nllb200_1B,facebook/nllb-200-1.3B,17,nounsverbs,930,0.9542631506919861
nllb200_1B,facebook/nllb-200-1.3B,17,nounsverbs,931,0.9671750664710999
nllb200_1B,facebook/nllb-200-1.3B,17,nounsverbs,932,0.8754985332489014
nllb200_1B,facebook/nllb-200-1.3B,17,nounsverbs,933,0.946601390838623
nllb200_1B,facebook/nllb-200-1.3B,17,nounsverbs,934,0.7211509943008423
nllb200_1B,facebook/nllb-200-1.3B,17,nounsverbs,935,0.9574600458145142
nllb200_1B,facebook/nllb-200-1.3B,17,nounsverbs,936,0.9355781674385071
nllb200_1B,facebook/nllb-200-1.3B,17,nounsverbs,937,0.7338489294052124
nllb200_1B,facebook/nllb-200-1.3B,17,nounsverbs,938,0.9477866888046265
nllb200_1B,facebook/nllb-200-1.3B,17,nounsverbs,939,0.6832987666130066
nllb200_1B,facebook/nllb-200-1.3B,17,nounsverbs,940,0.9482834339141846
nllb200_1B,facebook/nllb-200-1.3B,17,nounsverbs,941,0.9431213140487671
nllb200_1B,facebook/nllb-200-1.3B,17,nounsverbs,942,0.9556736946105957
nllb200_1B,facebook/nllb-200-1.3B,17,nounsverbs,943,0.9495542049407959
nllb200_1B,facebook/nllb-200-1.3B,17,nounsverbs,944,0.9330353140830994
nllb200_1B,facebook/nllb-200-1.3B,17,nounsverbs,945,0.9452532529830933
nllb200_1B,facebook/nllb-200-1.3B,17,nounsverbs,946,0.9503269195556641
nllb200_1B,facebook/nllb-200-1.3B,17,nounsverbs,947,0.9388935565948486
nllb200_1B,facebook/nllb-200-1.3B,17,nounsverbs,948,0.9437279105186462
nllb200_1B,facebook/nllb-200-1.3B,17,nounsverbs,949,0.9659954309463501
nllb200_1B,facebook/nllb-200-1.3B,17,nounsverbs,950,0.9632580280303955
nllb200_1B,facebook/nllb-200-1.3B,17,nounsverbs,951,0.9634666442871094
nllb200_1B,facebook/nllb-200-1.3B,17,nounsverbs,952,0.9133978486061096
nllb200_1B,facebook/nllb-200-1.3B,17,nounsverbs,953,0.950767993927002
nllb200_1B,facebook/nllb-200-1.3B,17,nounsverbs,954,0.9367699027061462
nllb200_1B,facebook/nllb-200-1.3B,17,nounsverbs,955,0.9338836669921875
nllb200_1B,facebook/nllb-200-1.3B,17,nounsverbs,956,0.9552721381187439
nllb200_1B,facebook/nllb-200-1.3B,17,nounsverbs,957,0.9537456035614014
nllb200_1B,facebook/nllb-200-1.3B,17,nounsverbs,958,0.9313699007034302
nllb200_1B,facebook/nllb-200-1.3B,17,nounsverbs,959,0.9427430629730225
nllb200_1B,facebook/nllb-200-1.3B,17,nounsverbs,960,0.9692750573158264
nllb200_1B,facebook/nllb-200-1.3B,17,nounsverbs,961,0.9521201252937317
nllb200_1B,facebook/nllb-200-1.3B,17,nounsverbs,962,0.9559729099273682
nllb200_1B,facebook/nllb-200-1.3B,17,nounsverbs,963,0.9382785558700562
nllb200_1B,facebook/nllb-200-1.3B,17,nounsverbs,964,0.9573718309402466
nllb200_1B,facebook/nllb-200-1.3B,17,nounsverbs,965,0.9467474222183228
nllb200_1B,facebook/nllb-200-1.3B,17,nounsverbs,966,0.9082545042037964
nllb200_1B,facebook/nllb-200-1.3B,17,nounsverbs,967,0.7610365748405457
nllb200_1B,facebook/nllb-200-1.3B,17,nounsverbs,968,0.7154605388641357
nllb200_1B,facebook/nllb-200-1.3B,17,nounsverbs,969,0.9530128240585327
nllb200_1B,facebook/nllb-200-1.3B,17,nounsverbs,970,0.8207381963729858
nllb200_1B,facebook/nllb-200-1.3B,17,nounsverbs,971,0.9510692358016968
nllb200_1B,facebook/nllb-200-1.3B,17,nounsverbs,972,0.9587563276290894
nllb200_1B,facebook/nllb-200-1.3B,17,nounsverbs,973,0.8505166172981262
nllb200_1B,facebook/nllb-200-1.3B,17,nounsverbs,974,0.958017110824585
nllb200_1B,facebook/nllb-200-1.3B,17,nounsverbs,975,0.9093157052993774
nllb200_1B,facebook/nllb-200-1.3B,17,nounsverbs,976,0.9408681392669678
nllb200_1B,facebook/nllb-200-1.3B,17,nounsverbs,977,0.9213598966598511
nllb200_1B,facebook/nllb-200-1.3B,17,nounsverbs,978,0.9631596803665161
nllb200_1B,facebook/nllb-200-1.3B,17,nounsverbs,979,0.9516393542289734
nllb200_1B,facebook/nllb-200-1.3B,17,nounsverbs,980,0.9486408233642578
nllb200_1B,facebook/nllb-200-1.3B,17,nounsverbs,981,0.9660729765892029
nllb200_1B,facebook/nllb-200-1.3B,17,nounsverbs,982,0.9419831037521362
nllb200_1B,facebook/nllb-200-1.3B,17,nounsverbs,983,0.957101047039032
nllb200_1B,facebook/nllb-200-1.3B,17,nounsverbs,984,0.9381511211395264
nllb200_1B,facebook/nllb-200-1.3B,17,nounsverbs,985,0.9637466669082642
nllb200_1B,facebook/nllb-200-1.3B,17,nounsverbs,986,0.9504730701446533
nllb200_1B,facebook/nllb-200-1.3B,17,nounsverbs,987,0.9502406120300293
nllb200_1B,facebook/nllb-200-1.3B,17,nounsverbs,988,0.9491010904312134
nllb200_1B,facebook/nllb-200-1.3B,17,nounsverbs,989,0.934089183807373
nllb200_1B,facebook/nllb-200-1.3B,17,nounsverbs,990,0.9214538931846619
nllb200_1B,facebook/nllb-200-1.3B,17,nounsverbs,991,0.9199944734573364
nllb200_1B,facebook/nllb-200-1.3B,17,nounsverbs,992,0.817772388458252
nllb200_1B,facebook/nllb-200-1.3B,17,nounsverbs,993,0.8229442238807678
nllb200_1B,facebook/nllb-200-1.3B,17,nounsverbs,994,0.9074424505233765
nllb200_1B,facebook/nllb-200-1.3B,17,nounsverbs,995,0.9391743540763855
nllb200_1B,facebook/nllb-200-1.3B,17,nounsverbs,996,0.8364979028701782
nllb200_1B,facebook/nllb-200-1.3B,17,nounsverbs,997,0.9583731293678284
nllb200_1B,facebook/nllb-200-1.3B,17,nounsverbs,998,0.9451971054077148
nllb200_1B,facebook/nllb-200-1.3B,17,nounsverbs,999,0.9221347570419312
nllb200_1B,facebook/nllb-200-1.3B,17,nounsverbsadj,0,0.9041905403137207
nllb200_1B,facebook/nllb-200-1.3B,17,nounsverbsadj,1,0.7953734397888184
nllb200_1B,facebook/nllb-200-1.3B,17,nounsverbsadj,2,0.9266055822372437
nllb200_1B,facebook/nllb-200-1.3B,17,nounsverbsadj,3,0.9126009941101074
nllb200_1B,facebook/nllb-200-1.3B,17,nounsverbsadj,4,0.9437577724456787
nllb200_1B,facebook/nllb-200-1.3B,17,nounsverbsadj,5,0.947932779788971
nllb200_1B,facebook/nllb-200-1.3B,17,nounsverbsadj,6,0.9287161827087402
nllb200_1B,facebook/nllb-200-1.3B,17,nounsverbsadj,7,0.9391138553619385
nllb200_1B,facebook/nllb-200-1.3B,17,nounsverbsadj,8,0.928929328918457
nllb200_1B,facebook/nllb-200-1.3B,17,nounsverbsadj,9,0.9420111775398254
nllb200_1B,facebook/nllb-200-1.3B,17,nounsverbsadj,10,0.9380309581756592
nllb200_1B,facebook/nllb-200-1.3B,17,nounsverbsadj,11,0.954491376876831
nllb200_1B,facebook/nllb-200-1.3B,17,nounsverbsadj,12,0.925906777381897
nllb200_1B,facebook/nllb-200-1.3B,17,nounsverbsadj,13,0.9231550097465515
nllb200_1B,facebook/nllb-200-1.3B,17,nounsverbsadj,14,0.9308971762657166
nllb200_1B,facebook/nllb-200-1.3B,17,nounsverbsadj,15,0.9521677494049072
nllb200_1B,facebook/nllb-200-1.3B,17,nounsverbsadj,16,0.9323481917381287
nllb200_1B,facebook/nllb-200-1.3B,17,nounsverbsadj,17,0.9298837184906006
nllb200_1B,facebook/nllb-200-1.3B,17,nounsverbsadj,18,0.9282903671264648
nllb200_1B,facebook/nllb-200-1.3B,17,nounsverbsadj,19,0.9464021921157837
nllb200_1B,facebook/nllb-200-1.3B,17,nounsverbsadj,20,0.9463372230529785
nllb200_1B,facebook/nllb-200-1.3B,17,nounsverbsadj,21,0.9445254802703857
nllb200_1B,facebook/nllb-200-1.3B,17,nounsverbsadj,22,0.9632462859153748
nllb200_1B,facebook/nllb-200-1.3B,17,nounsverbsadj,23,0.9539476633071899
nllb200_1B,facebook/nllb-200-1.3B,17,nounsverbsadj,24,0.9559305906295776
nllb200_1B,facebook/nllb-200-1.3B,17,nounsverbsadj,25,0.9408663511276245
nllb200_1B,facebook/nllb-200-1.3B,17,nounsverbsadj,26,0.9498505592346191
nllb200_1B,facebook/nllb-200-1.3B,17,nounsverbsadj,27,0.9395343065261841
nllb200_1B,facebook/nllb-200-1.3B,17,nounsverbsadj,28,0.953343391418457
nllb200_1B,facebook/nllb-200-1.3B,17,nounsverbsadj,29,0.9338136911392212
nllb200_1B,facebook/nllb-200-1.3B,17,nounsverbsadj,30,0.9219846725463867
nllb200_1B,facebook/nllb-200-1.3B,17,nounsverbsadj,31,0.9432668089866638
nllb200_1B,facebook/nllb-200-1.3B,17,nounsverbsadj,32,0.9355530142784119
nllb200_1B,facebook/nllb-200-1.3B,17,nounsverbsadj,33,0.9343444108963013
nllb200_1B,facebook/nllb-200-1.3B,17,nounsverbsadj,34,0.9182308316230774
nllb200_1B,facebook/nllb-200-1.3B,17,nounsverbsadj,35,0.9388962984085083
nllb200_1B,facebook/nllb-200-1.3B,17,nounsverbsadj,36,0.919937014579773
nllb200_1B,facebook/nllb-200-1.3B,17,nounsverbsadj,37,0.9258866310119629
nllb200_1B,facebook/nllb-200-1.3B,17,nounsverbsadj,38,0.9447866082191467
nllb200_1B,facebook/nllb-200-1.3B,17,nounsverbsadj,39,0.9249507188796997
nllb200_1B,facebook/nllb-200-1.3B,17,nounsverbsadj,40,0.9226398468017578
nllb200_1B,facebook/nllb-200-1.3B,17,nounsverbsadj,41,0.9516871571540833
nllb200_1B,facebook/nllb-200-1.3B,17,nounsverbsadj,42,0.8455862402915955
nllb200_1B,facebook/nllb-200-1.3B,17,nounsverbsadj,43,0.9519619345664978
nllb200_1B,facebook/nllb-200-1.3B,17,nounsverbsadj,44,0.9581519961357117
nllb200_1B,facebook/nllb-200-1.3B,17,nounsverbsadj,45,0.9395238161087036
nllb200_1B,facebook/nllb-200-1.3B,17,nounsverbsadj,46,0.9584764242172241
nllb200_1B,facebook/nllb-200-1.3B,17,nounsverbsadj,47,0.9183127880096436
nllb200_1B,facebook/nllb-200-1.3B,17,nounsverbsadj,48,0.9366142749786377
nllb200_1B,facebook/nllb-200-1.3B,17,nounsverbsadj,49,0.9271557331085205
nllb200_1B,facebook/nllb-200-1.3B,17,nounsverbsadj,50,0.933495044708252
nllb200_1B,facebook/nllb-200-1.3B,17,nounsverbsadj,51,0.9642207026481628
nllb200_1B,facebook/nllb-200-1.3B,17,nounsverbsadj,52,0.9606285095214844
nllb200_1B,facebook/nllb-200-1.3B,17,nounsverbsadj,53,0.9294108152389526
nllb200_1B,facebook/nllb-200-1.3B,17,nounsverbsadj,54,0.9597457647323608
nllb200_1B,facebook/nllb-200-1.3B,17,nounsverbsadj,55,0.9548273086547852
nllb200_1B,facebook/nllb-200-1.3B,17,nounsverbsadj,56,0.9597788453102112
nllb200_1B,facebook/nllb-200-1.3B,17,nounsverbsadj,57,0.9436060190200806
nllb200_1B,facebook/nllb-200-1.3B,17,nounsverbsadj,58,0.9511802196502686
nllb200_1B,facebook/nllb-200-1.3B,17,nounsverbsadj,59,0.9546846747398376
nllb200_1B,facebook/nllb-200-1.3B,17,nounsverbsadj,60,0.9570717811584473
nllb200_1B,facebook/nllb-200-1.3B,17,nounsverbsadj,61,0.9411959648132324
nllb200_1B,facebook/nllb-200-1.3B,17,nounsverbsadj,62,0.9227261543273926
nllb200_1B,facebook/nllb-200-1.3B,17,nounsverbsadj,63,0.912527322769165
nllb200_1B,facebook/nllb-200-1.3B,17,nounsverbsadj,64,0.9272984862327576
nllb200_1B,facebook/nllb-200-1.3B,17,nounsverbsadj,65,0.9309654235839844
nllb200_1B,facebook/nllb-200-1.3B,17,nounsverbsadj,66,0.9185724258422852
nllb200_1B,facebook/nllb-200-1.3B,17,nounsverbsadj,67,0.9349852800369263
nllb200_1B,facebook/nllb-200-1.3B,17,nounsverbsadj,68,0.9383653402328491
nllb200_1B,facebook/nllb-200-1.3B,17,nounsverbsadj,69,0.7374855279922485
nllb200_1B,facebook/nllb-200-1.3B,17,nounsverbsadj,70,0.9426655173301697
nllb200_1B,facebook/nllb-200-1.3B,17,nounsverbsadj,71,0.9551767110824585
nllb200_1B,facebook/nllb-200-1.3B,17,nounsverbsadj,72,0.9675571918487549
nllb200_1B,facebook/nllb-200-1.3B,17,nounsverbsadj,73,0.9377291202545166
nllb200_1B,facebook/nllb-200-1.3B,17,nounsverbsadj,74,0.950899600982666
nllb200_1B,facebook/nllb-200-1.3B,17,nounsverbsadj,75,0.9269033670425415
nllb200_1B,facebook/nllb-200-1.3B,17,nounsverbsadj,76,0.6991724371910095
nllb200_1B,facebook/nllb-200-1.3B,17,nounsverbsadj,77,0.9471164345741272
nllb200_1B,facebook/nllb-200-1.3B,17,nounsverbsadj,78,0.8534141778945923
nllb200_1B,facebook/nllb-200-1.3B,17,nounsverbsadj,79,0.9220019578933716
nllb200_1B,facebook/nllb-200-1.3B,17,nounsverbsadj,80,0.9448790550231934
nllb200_1B,facebook/nllb-200-1.3B,17,nounsverbsadj,81,0.8000733852386475
nllb200_1B,facebook/nllb-200-1.3B,17,nounsverbsadj,82,0.9408609867095947
nllb200_1B,facebook/nllb-200-1.3B,17,nounsverbsadj,83,0.8175872564315796
nllb200_1B,facebook/nllb-200-1.3B,17,nounsverbsadj,84,0.9513645172119141
nllb200_1B,facebook/nllb-200-1.3B,17,nounsverbsadj,85,0.9273009300231934
nllb200_1B,facebook/nllb-200-1.3B,17,nounsverbsadj,86,0.9375789165496826
nllb200_1B,facebook/nllb-200-1.3B,17,nounsverbsadj,87,0.813294529914856
nllb200_1B,facebook/nllb-200-1.3B,17,nounsverbsadj,88,0.9533413648605347
nllb200_1B,facebook/nllb-200-1.3B,17,nounsverbsadj,89,0.892005980014801
nllb200_1B,facebook/nllb-200-1.3B,17,nounsverbsadj,90,0.8779813051223755
nllb200_1B,facebook/nllb-200-1.3B,17,nounsverbsadj,91,0.9407258033752441
nllb200_1B,facebook/nllb-200-1.3B,17,nounsverbsadj,92,0.7392117977142334
nllb200_1B,facebook/nllb-200-1.3B,17,nounsverbsadj,93,0.7271885275840759
nllb200_1B,facebook/nllb-200-1.3B,17,nounsverbsadj,94,0.9499534368515015
nllb200_1B,facebook/nllb-200-1.3B,17,nounsverbsadj,95,0.9535319209098816
nllb200_1B,facebook/nllb-200-1.3B,17,nounsverbsadj,96,0.9089118242263794
nllb200_1B,facebook/nllb-200-1.3B,17,nounsverbsadj,97,0.9443758726119995
nllb200_1B,facebook/nllb-200-1.3B,17,nounsverbsadj,98,0.8012319803237915
nllb200_1B,facebook/nllb-200-1.3B,17,nounsverbsadj,99,0.9539068937301636
nllb200_1B,facebook/nllb-200-1.3B,17,nounsverbsadj,100,0.9303154945373535
nllb200_1B,facebook/nllb-200-1.3B,17,nounsverbsadj,101,0.8063682317733765
nllb200_1B,facebook/nllb-200-1.3B,17,nounsverbsadj,102,0.7690325975418091
nllb200_1B,facebook/nllb-200-1.3B,17,nounsverbsadj,103,0.9418030381202698
nllb200_1B,facebook/nllb-200-1.3B,17,nounsverbsadj,104,0.8337644338607788
nllb200_1B,facebook/nllb-200-1.3B,17,nounsverbsadj,105,0.9575365781784058
nllb200_1B,facebook/nllb-200-1.3B,17,nounsverbsadj,106,0.955895721912384
nllb200_1B,facebook/nllb-200-1.3B,17,nounsverbsadj,107,0.7863934636116028
nllb200_1B,facebook/nllb-200-1.3B,17,nounsverbsadj,108,0.9645111560821533
nllb200_1B,facebook/nllb-200-1.3B,17,nounsverbsadj,109,0.9432935118675232
nllb200_1B,facebook/nllb-200-1.3B,17,nounsverbsadj,110,0.960473358631134
nllb200_1B,facebook/nllb-200-1.3B,17,nounsverbsadj,111,0.9478083848953247
nllb200_1B,facebook/nllb-200-1.3B,17,nounsverbsadj,112,0.716671347618103
nllb200_1B,facebook/nllb-200-1.3B,17,nounsverbsadj,113,0.9334853887557983
nllb200_1B,facebook/nllb-200-1.3B,17,nounsverbsadj,114,0.7261881232261658
nllb200_1B,facebook/nllb-200-1.3B,17,nounsverbsadj,115,0.9565718173980713
nllb200_1B,facebook/nllb-200-1.3B,17,nounsverbsadj,116,0.8958621025085449
nllb200_1B,facebook/nllb-200-1.3B,17,nounsverbsadj,117,0.9397859573364258
nllb200_1B,facebook/nllb-200-1.3B,17,nounsverbsadj,118,0.9342081546783447
nllb200_1B,facebook/nllb-200-1.3B,17,nounsverbsadj,119,0.9525702595710754
nllb200_1B,facebook/nllb-200-1.3B,17,nounsverbsadj,120,0.9248830080032349
nllb200_1B,facebook/nllb-200-1.3B,17,nounsverbsadj,121,0.920772910118103
nllb200_1B,facebook/nllb-200-1.3B,17,nounsverbsadj,122,0.9408477544784546
nllb200_1B,facebook/nllb-200-1.3B,17,nounsverbsadj,123,0.951259970664978
nllb200_1B,facebook/nllb-200-1.3B,17,nounsverbsadj,124,0.9570189714431763
nllb200_1B,facebook/nllb-200-1.3B,17,nounsverbsadj,125,0.9338095188140869
nllb200_1B,facebook/nllb-200-1.3B,17,nounsverbsadj,126,0.935038685798645
nllb200_1B,facebook/nllb-200-1.3B,17,nounsverbsadj,127,0.9560703039169312
nllb200_1B,facebook/nllb-200-1.3B,17,nounsverbsadj,128,0.9208269119262695
nllb200_1B,facebook/nllb-200-1.3B,17,nounsverbsadj,129,0.9536072015762329
nllb200_1B,facebook/nllb-200-1.3B,17,nounsverbsadj,130,0.935240626335144
nllb200_1B,facebook/nllb-200-1.3B,17,nounsverbsadj,131,0.912758469581604
nllb200_1B,facebook/nllb-200-1.3B,17,nounsverbsadj,132,0.9298211336135864
nllb200_1B,facebook/nllb-200-1.3B,17,nounsverbsadj,133,0.923310399055481
nllb200_1B,facebook/nllb-200-1.3B,17,nounsverbsadj,134,0.9388103485107422
nllb200_1B,facebook/nllb-200-1.3B,17,nounsverbsadj,135,0.943077802658081
nllb200_1B,facebook/nllb-200-1.3B,17,nounsverbsadj,136,0.9093042016029358
nllb200_1B,facebook/nllb-200-1.3B,17,nounsverbsadj,137,0.9341738224029541
nllb200_1B,facebook/nllb-200-1.3B,17,nounsverbsadj,138,0.9361171722412109
nllb200_1B,facebook/nllb-200-1.3B,17,nounsverbsadj,139,0.9420537948608398
nllb200_1B,facebook/nllb-200-1.3B,17,nounsverbsadj,140,0.951418399810791
nllb200_1B,facebook/nllb-200-1.3B,17,nounsverbsadj,141,0.9334081411361694
nllb200_1B,facebook/nllb-200-1.3B,17,nounsverbsadj,142,0.9343318939208984
nllb200_1B,facebook/nllb-200-1.3B,17,nounsverbsadj,143,0.9120975136756897
nllb200_1B,facebook/nllb-200-1.3B,17,nounsverbsadj,144,0.9338487386703491
nllb200_1B,facebook/nllb-200-1.3B,17,nounsverbsadj,145,0.9255571961402893
nllb200_1B,facebook/nllb-200-1.3B,17,nounsverbsadj,146,0.9470931887626648
nllb200_1B,facebook/nllb-200-1.3B,17,nounsverbsadj,147,0.9404945373535156
nllb200_1B,facebook/nllb-200-1.3B,17,nounsverbsadj,148,0.9422283172607422
nllb200_1B,facebook/nllb-200-1.3B,17,nounsverbsadj,149,0.9496195316314697
nllb200_1B,facebook/nllb-200-1.3B,17,nounsverbsadj,150,0.9533685445785522
nllb200_1B,facebook/nllb-200-1.3B,17,nounsverbsadj,151,0.9187325239181519
nllb200_1B,facebook/nllb-200-1.3B,17,nounsverbsadj,152,0.9442633390426636
nllb200_1B,facebook/nllb-200-1.3B,17,nounsverbsadj,153,0.9322404861450195
nllb200_1B,facebook/nllb-200-1.3B,17,nounsverbsadj,154,0.9167052507400513
nllb200_1B,facebook/nllb-200-1.3B,17,nounsverbsadj,155,0.9373934268951416
nllb200_1B,facebook/nllb-200-1.3B,17,nounsverbsadj,156,0.9696618318557739
nllb200_1B,facebook/nllb-200-1.3B,17,nounsverbsadj,157,0.9545185565948486
nllb200_1B,facebook/nllb-200-1.3B,17,nounsverbsadj,158,0.9052408933639526
nllb200_1B,facebook/nllb-200-1.3B,17,nounsverbsadj,159,0.9504016637802124
nllb200_1B,facebook/nllb-200-1.3B,17,nounsverbsadj,160,0.9076260328292847
nllb200_1B,facebook/nllb-200-1.3B,17,nounsverbsadj,161,0.9361757040023804
nllb200_1B,facebook/nllb-200-1.3B,17,nounsverbsadj,162,0.9019879102706909
nllb200_1B,facebook/nllb-200-1.3B,17,nounsverbsadj,163,0.9412136077880859
nllb200_1B,facebook/nllb-200-1.3B,17,nounsverbsadj,164,0.9294466972351074
nllb200_1B,facebook/nllb-200-1.3B,17,nounsverbsadj,165,0.9630968570709229
nllb200_1B,facebook/nllb-200-1.3B,17,nounsverbsadj,166,0.9408780336380005
nllb200_1B,facebook/nllb-200-1.3B,17,nounsverbsadj,167,0.9476242065429688
nllb200_1B,facebook/nllb-200-1.3B,17,nounsverbsadj,168,0.9335800409317017
nllb200_1B,facebook/nllb-200-1.3B,17,nounsverbsadj,169,0.9514867067337036
nllb200_1B,facebook/nllb-200-1.3B,17,nounsverbsadj,170,0.9473615884780884
nllb200_1B,facebook/nllb-200-1.3B,17,nounsverbsadj,171,0.9271607398986816
nllb200_1B,facebook/nllb-200-1.3B,17,nounsverbsadj,172,0.920823872089386
nllb200_1B,facebook/nllb-200-1.3B,17,nounsverbsadj,173,0.9445068836212158
nllb200_1B,facebook/nllb-200-1.3B,17,nounsverbsadj,174,0.9587316513061523
nllb200_1B,facebook/nllb-200-1.3B,17,nounsverbsadj,175,0.9508179426193237
nllb200_1B,facebook/nllb-200-1.3B,17,nounsverbsadj,176,0.9165513515472412
nllb200_1B,facebook/nllb-200-1.3B,17,nounsverbsadj,177,0.9463978409767151
nllb200_1B,facebook/nllb-200-1.3B,17,nounsverbsadj,178,0.897537112236023
nllb200_1B,facebook/nllb-200-1.3B,17,nounsverbsadj,179,0.9570534825325012
nllb200_1B,facebook/nllb-200-1.3B,17,nounsverbsadj,180,0.813148021697998
nllb200_1B,facebook/nllb-200-1.3B,17,nounsverbsadj,181,0.6663621664047241
nllb200_1B,facebook/nllb-200-1.3B,17,nounsverbsadj,182,0.9550238847732544
nllb200_1B,facebook/nllb-200-1.3B,17,nounsverbsadj,183,0.8899120688438416
nllb200_1B,facebook/nllb-200-1.3B,17,nounsverbsadj,184,0.82100510597229
nllb200_1B,facebook/nllb-200-1.3B,17,nounsverbsadj,185,0.8512948751449585
nllb200_1B,facebook/nllb-200-1.3B,17,nounsverbsadj,186,0.9039196968078613
nllb200_1B,facebook/nllb-200-1.3B,17,nounsverbsadj,187,0.738139271736145
nllb200_1B,facebook/nllb-200-1.3B,17,nounsverbsadj,188,0.9281438589096069
nllb200_1B,facebook/nllb-200-1.3B,17,nounsverbsadj,189,0.9505013227462769
nllb200_1B,facebook/nllb-200-1.3B,17,nounsverbsadj,190,0.8546345233917236
nllb200_1B,facebook/nllb-200-1.3B,17,nounsverbsadj,191,0.619864284992218
nllb200_1B,facebook/nllb-200-1.3B,17,nounsverbsadj,192,0.9505277872085571
nllb200_1B,facebook/nllb-200-1.3B,17,nounsverbsadj,193,0.9545629024505615
nllb200_1B,facebook/nllb-200-1.3B,17,nounsverbsadj,194,0.9492552280426025
nllb200_1B,facebook/nllb-200-1.3B,17,nounsverbsadj,195,0.7840975522994995
nllb200_1B,facebook/nllb-200-1.3B,17,nounsverbsadj,196,0.9434766173362732
nllb200_1B,facebook/nllb-200-1.3B,17,nounsverbsadj,197,0.7585346102714539
nllb200_1B,facebook/nllb-200-1.3B,17,nounsverbsadj,198,0.7795641422271729
nllb200_1B,facebook/nllb-200-1.3B,17,nounsverbsadj,199,0.9101402759552002
nllb200_1B,facebook/nllb-200-1.3B,17,nounsverbsadj,200,0.9390449523925781
nllb200_1B,facebook/nllb-200-1.3B,17,nounsverbsadj,201,0.9408961534500122
nllb200_1B,facebook/nllb-200-1.3B,17,nounsverbsadj,202,0.9565023183822632
nllb200_1B,facebook/nllb-200-1.3B,17,nounsverbsadj,203,0.9354510307312012
nllb200_1B,facebook/nllb-200-1.3B,17,nounsverbsadj,204,0.9501350522041321
nllb200_1B,facebook/nllb-200-1.3B,17,nounsverbsadj,205,0.9324684739112854
nllb200_1B,facebook/nllb-200-1.3B,17,nounsverbsadj,206,0.9286442995071411
nllb200_1B,facebook/nllb-200-1.3B,17,nounsverbsadj,207,0.9074234962463379
nllb200_1B,facebook/nllb-200-1.3B,17,nounsverbsadj,208,0.9327536821365356
nllb200_1B,facebook/nllb-200-1.3B,17,nounsverbsadj,209,0.9529591798782349
nllb200_1B,facebook/nllb-200-1.3B,17,nounsverbsadj,210,0.9352115392684937
nllb200_1B,facebook/nllb-200-1.3B,17,nounsverbsadj,211,0.9292540550231934
nllb200_1B,facebook/nllb-200-1.3B,17,nounsverbsadj,212,0.9125990867614746
nllb200_1B,facebook/nllb-200-1.3B,17,nounsverbsadj,213,0.9014273881912231
nllb200_1B,facebook/nllb-200-1.3B,17,nounsverbsadj,214,0.9406667947769165
nllb200_1B,facebook/nllb-200-1.3B,17,nounsverbsadj,215,0.9470312595367432
nllb200_1B,facebook/nllb-200-1.3B,17,nounsverbsadj,216,0.7685426473617554
nllb200_1B,facebook/nllb-200-1.3B,17,nounsverbsadj,217,0.8072971105575562
nllb200_1B,facebook/nllb-200-1.3B,17,nounsverbsadj,218,0.949327826499939
nllb200_1B,facebook/nllb-200-1.3B,17,nounsverbsadj,219,0.9205490946769714
nllb200_1B,facebook/nllb-200-1.3B,17,nounsverbsadj,220,0.9291445016860962
nllb200_1B,facebook/nllb-200-1.3B,17,nounsverbsadj,221,0.9555474519729614
nllb200_1B,facebook/nllb-200-1.3B,17,nounsverbsadj,222,0.9639981985092163
nllb200_1B,facebook/nllb-200-1.3B,17,nounsverbsadj,223,0.747077226638794
nllb200_1B,facebook/nllb-200-1.3B,17,nounsverbsadj,224,0.9567489624023438
nllb200_1B,facebook/nllb-200-1.3B,17,nounsverbsadj,225,0.776065468788147
nllb200_1B,facebook/nllb-200-1.3B,17,nounsverbsadj,226,0.953965425491333
nllb200_1B,facebook/nllb-200-1.3B,17,nounsverbsadj,227,0.9589157104492188
nllb200_1B,facebook/nllb-200-1.3B,17,nounsverbsadj,228,0.9282839894294739
nllb200_1B,facebook/nllb-200-1.3B,17,nounsverbsadj,229,0.9621598720550537
nllb200_1B,facebook/nllb-200-1.3B,17,nounsverbsadj,230,0.9550904035568237
nllb200_1B,facebook/nllb-200-1.3B,17,nounsverbsadj,231,0.754496693611145
nllb200_1B,facebook/nllb-200-1.3B,17,nounsverbsadj,232,0.7512759566307068
nllb200_1B,facebook/nllb-200-1.3B,17,nounsverbsadj,233,0.9509125351905823
nllb200_1B,facebook/nllb-200-1.3B,17,nounsverbsadj,234,0.957169771194458
nllb200_1B,facebook/nllb-200-1.3B,17,nounsverbsadj,235,0.8050446510314941
nllb200_1B,facebook/nllb-200-1.3B,17,nounsverbsadj,236,0.7538427114486694
nllb200_1B,facebook/nllb-200-1.3B,17,nounsverbsadj,237,0.7396224737167358
nllb200_1B,facebook/nllb-200-1.3B,17,nounsverbsadj,238,0.9524012804031372
nllb200_1B,facebook/nllb-200-1.3B,17,nounsverbsadj,239,0.7163917422294617
nllb200_1B,facebook/nllb-200-1.3B,17,nounsverbsadj,240,0.9587408304214478
nllb200_1B,facebook/nllb-200-1.3B,17,nounsverbsadj,241,0.9274239540100098
nllb200_1B,facebook/nllb-200-1.3B,17,nounsverbsadj,242,0.899393618106842
nllb200_1B,facebook/nllb-200-1.3B,17,nounsverbsadj,243,0.8375337719917297
nllb200_1B,facebook/nllb-200-1.3B,17,nounsverbsadj,244,0.9719395637512207
nllb200_1B,facebook/nllb-200-1.3B,17,nounsverbsadj,245,0.9181730151176453
nllb200_1B,facebook/nllb-200-1.3B,17,nounsverbsadj,246,0.956091582775116
nllb200_1B,facebook/nllb-200-1.3B,17,nounsverbsadj,247,0.9514951109886169
nllb200_1B,facebook/nllb-200-1.3B,17,nounsverbsadj,248,0.7826861143112183
nllb200_1B,facebook/nllb-200-1.3B,17,nounsverbsadj,249,0.9563319683074951
nllb200_1B,facebook/nllb-200-1.3B,17,nounsverbsadj,250,0.9622689485549927
nllb200_1B,facebook/nllb-200-1.3B,17,nounsverbsadj,251,0.9540716409683228
nllb200_1B,facebook/nllb-200-1.3B,17,nounsverbsadj,252,0.956956148147583
nllb200_1B,facebook/nllb-200-1.3B,17,nounsverbsadj,253,0.9635229110717773
nllb200_1B,facebook/nllb-200-1.3B,17,nounsverbsadj,254,0.7062078714370728
nllb200_1B,facebook/nllb-200-1.3B,17,nounsverbsadj,255,0.9485752582550049
nllb200_1B,facebook/nllb-200-1.3B,17,nounsverbsadj,256,0.7115228176116943
nllb200_1B,facebook/nllb-200-1.3B,17,nounsverbsadj,257,0.9255132079124451
nllb200_1B,facebook/nllb-200-1.3B,17,nounsverbsadj,258,0.9475447535514832
nllb200_1B,facebook/nllb-200-1.3B,17,nounsverbsadj,259,0.815574586391449
nllb200_1B,facebook/nllb-200-1.3B,17,nounsverbsadj,260,0.8201173543930054
nllb200_1B,facebook/nllb-200-1.3B,17,nounsverbsadj,261,0.9447213411331177
nllb200_1B,facebook/nllb-200-1.3B,17,nounsverbsadj,262,0.8545000553131104
nllb200_1B,facebook/nllb-200-1.3B,17,nounsverbsadj,263,0.9335870742797852
nllb200_1B,facebook/nllb-200-1.3B,17,nounsverbsadj,264,0.79427170753479
nllb200_1B,facebook/nllb-200-1.3B,17,nounsverbsadj,265,0.91309654712677
nllb200_1B,facebook/nllb-200-1.3B,17,nounsverbsadj,266,0.8043674230575562
nllb200_1B,facebook/nllb-200-1.3B,17,nounsverbsadj,267,0.6976394653320312
nllb200_1B,facebook/nllb-200-1.3B,17,nounsverbsadj,268,0.9358096122741699
nllb200_1B,facebook/nllb-200-1.3B,17,nounsverbsadj,269,0.7937712669372559
nllb200_1B,facebook/nllb-200-1.3B,17,nounsverbsadj,270,0.9430332183837891
nllb200_1B,facebook/nllb-200-1.3B,17,nounsverbsadj,271,0.7448358535766602
nllb200_1B,facebook/nllb-200-1.3B,17,nounsverbsadj,272,0.9653031826019287
nllb200_1B,facebook/nllb-200-1.3B,17,nounsverbsadj,273,0.9626032710075378
nllb200_1B,facebook/nllb-200-1.3B,17,nounsverbsadj,274,0.7178565263748169
nllb200_1B,facebook/nllb-200-1.3B,17,nounsverbsadj,275,0.9354140758514404
nllb200_1B,facebook/nllb-200-1.3B,17,nounsverbsadj,276,0.9389282464981079
nllb200_1B,facebook/nllb-200-1.3B,17,nounsverbsadj,277,0.9361371994018555
nllb200_1B,facebook/nllb-200-1.3B,17,nounsverbsadj,278,0.9519064426422119
nllb200_1B,facebook/nllb-200-1.3B,17,nounsverbsadj,279,0.9452547430992126
nllb200_1B,facebook/nllb-200-1.3B,17,nounsverbsadj,280,0.9401813745498657
nllb200_1B,facebook/nllb-200-1.3B,17,nounsverbsadj,281,0.960969865322113
nllb200_1B,facebook/nllb-200-1.3B,17,nounsverbsadj,282,0.9530547857284546
nllb200_1B,facebook/nllb-200-1.3B,17,nounsverbsadj,283,0.9353286027908325
nllb200_1B,facebook/nllb-200-1.3B,17,nounsverbsadj,284,0.9376627206802368
nllb200_1B,facebook/nllb-200-1.3B,17,nounsverbsadj,285,0.9594720602035522
nllb200_1B,facebook/nllb-200-1.3B,17,nounsverbsadj,286,0.9342414140701294
nllb200_1B,facebook/nllb-200-1.3B,17,nounsverbsadj,287,0.9426641464233398
nllb200_1B,facebook/nllb-200-1.3B,17,nounsverbsadj,288,0.9506713151931763
nllb200_1B,facebook/nllb-200-1.3B,17,nounsverbsadj,289,0.9363463521003723
nllb200_1B,facebook/nllb-200-1.3B,17,nounsverbsadj,290,0.9430876970291138
nllb200_1B,facebook/nllb-200-1.3B,17,nounsverbsadj,291,0.9547045230865479
nllb200_1B,facebook/nllb-200-1.3B,17,nounsverbsadj,292,0.9397037029266357
nllb200_1B,facebook/nllb-200-1.3B,17,nounsverbsadj,293,0.9571380615234375
nllb200_1B,facebook/nllb-200-1.3B,17,nounsverbsadj,294,0.940462052822113
nllb200_1B,facebook/nllb-200-1.3B,17,nounsverbsadj,295,0.9378907680511475
nllb200_1B,facebook/nllb-200-1.3B,17,nounsverbsadj,296,0.9382310509681702
nllb200_1B,facebook/nllb-200-1.3B,17,nounsverbsadj,297,0.9589956998825073
nllb200_1B,facebook/nllb-200-1.3B,17,nounsverbsadj,298,0.9195611476898193
nllb200_1B,facebook/nllb-200-1.3B,17,nounsverbsadj,299,0.9554853439331055
nllb200_1B,facebook/nllb-200-1.3B,17,nounsverbsadj,300,0.9118292331695557
nllb200_1B,facebook/nllb-200-1.3B,17,nounsverbsadj,301,0.9552637934684753
nllb200_1B,facebook/nllb-200-1.3B,17,nounsverbsadj,302,0.9388467073440552
nllb200_1B,facebook/nllb-200-1.3B,17,nounsverbsadj,303,0.9533597230911255
nllb200_1B,facebook/nllb-200-1.3B,17,nounsverbsadj,304,0.9388765096664429
nllb200_1B,facebook/nllb-200-1.3B,17,nounsverbsadj,305,0.9451191425323486
nllb200_1B,facebook/nllb-200-1.3B,17,nounsverbsadj,306,0.9338129162788391
nllb200_1B,facebook/nllb-200-1.3B,17,nounsverbsadj,307,0.9392783045768738
nllb200_1B,facebook/nllb-200-1.3B,17,nounsverbsadj,308,0.9484900832176208
nllb200_1B,facebook/nllb-200-1.3B,17,nounsverbsadj,309,0.9477067589759827
nllb200_1B,facebook/nllb-200-1.3B,17,nounsverbsadj,310,0.9573936462402344
nllb200_1B,facebook/nllb-200-1.3B,17,nounsverbsadj,311,0.9311211109161377
nllb200_1B,facebook/nllb-200-1.3B,17,nounsverbsadj,312,0.9279487133026123
nllb200_1B,facebook/nllb-200-1.3B,17,nounsverbsadj,313,0.9236725568771362
nllb200_1B,facebook/nllb-200-1.3B,17,nounsverbsadj,314,0.9663033485412598
nllb200_1B,facebook/nllb-200-1.3B,17,nounsverbsadj,315,0.9205400943756104
nllb200_1B,facebook/nllb-200-1.3B,17,nounsverbsadj,316,0.9447001218795776
nllb200_1B,facebook/nllb-200-1.3B,17,nounsverbsadj,317,0.9212570190429688
nllb200_1B,facebook/nllb-200-1.3B,17,nounsverbsadj,318,0.9338867664337158
nllb200_1B,facebook/nllb-200-1.3B,17,nounsverbsadj,319,0.9562349319458008
nllb200_1B,facebook/nllb-200-1.3B,17,nounsverbsadj,320,0.9102426767349243
nllb200_1B,facebook/nllb-200-1.3B,17,nounsverbsadj,321,0.9558819532394409
nllb200_1B,facebook/nllb-200-1.3B,17,nounsverbsadj,322,0.9454797506332397
nllb200_1B,facebook/nllb-200-1.3B,17,nounsverbsadj,323,0.9612815380096436
nllb200_1B,facebook/nllb-200-1.3B,17,nounsverbsadj,324,0.9370339512825012
nllb200_1B,facebook/nllb-200-1.3B,17,nounsverbsadj,325,0.9602077007293701
nllb200_1B,facebook/nllb-200-1.3B,17,nounsverbsadj,326,0.9523728489875793
nllb200_1B,facebook/nllb-200-1.3B,17,nounsverbsadj,327,0.966712236404419
nllb200_1B,facebook/nllb-200-1.3B,17,nounsverbsadj,328,0.9602469205856323
nllb200_1B,facebook/nllb-200-1.3B,17,nounsverbsadj,329,0.9175270795822144
nllb200_1B,facebook/nllb-200-1.3B,17,nounsverbsadj,330,0.9413699507713318
nllb200_1B,facebook/nllb-200-1.3B,17,nounsverbsadj,331,0.9193259477615356
nllb200_1B,facebook/nllb-200-1.3B,17,nounsverbsadj,332,0.9381257891654968
nllb200_1B,facebook/nllb-200-1.3B,17,nounsverbsadj,333,0.9290764927864075
nllb200_1B,facebook/nllb-200-1.3B,17,nounsverbsadj,334,0.9119627475738525
nllb200_1B,facebook/nllb-200-1.3B,17,nounsverbsadj,335,0.9271234273910522
nllb200_1B,facebook/nllb-200-1.3B,17,nounsverbsadj,336,0.9517745971679688
nllb200_1B,facebook/nllb-200-1.3B,17,nounsverbsadj,337,0.915431022644043
nllb200_1B,facebook/nllb-200-1.3B,17,nounsverbsadj,338,0.9414633512496948
nllb200_1B,facebook/nllb-200-1.3B,17,nounsverbsadj,339,0.9531285166740417
nllb200_1B,facebook/nllb-200-1.3B,17,nounsverbsadj,340,0.8986178636550903
nllb200_1B,facebook/nllb-200-1.3B,17,nounsverbsadj,341,0.9503705501556396
nllb200_1B,facebook/nllb-200-1.3B,17,nounsverbsadj,342,0.9462801218032837
nllb200_1B,facebook/nllb-200-1.3B,17,nounsverbsadj,343,0.9413110017776489
nllb200_1B,facebook/nllb-200-1.3B,17,nounsverbsadj,344,0.9499572515487671
nllb200_1B,facebook/nllb-200-1.3B,17,nounsverbsadj,345,0.9520670175552368
nllb200_1B,facebook/nllb-200-1.3B,17,nounsverbsadj,346,0.9023520946502686
nllb200_1B,facebook/nllb-200-1.3B,17,nounsverbsadj,347,0.9437752962112427
nllb200_1B,facebook/nllb-200-1.3B,17,nounsverbsadj,348,0.9286762475967407
nllb200_1B,facebook/nllb-200-1.3B,17,nounsverbsadj,349,0.9356878995895386
nllb200_1B,facebook/nllb-200-1.3B,17,nounsverbsadj,350,0.9447264671325684
nllb200_1B,facebook/nllb-200-1.3B,17,nounsverbsadj,351,0.9448943734169006
nllb200_1B,facebook/nllb-200-1.3B,17,nounsverbsadj,352,0.9416606426239014
nllb200_1B,facebook/nllb-200-1.3B,17,nounsverbsadj,353,0.940839409828186
nllb200_1B,facebook/nllb-200-1.3B,17,nounsverbsadj,354,0.9285616278648376
nllb200_1B,facebook/nllb-200-1.3B,17,nounsverbsadj,355,0.7750427722930908
nllb200_1B,facebook/nllb-200-1.3B,17,nounsverbsadj,356,0.9358956813812256
nllb200_1B,facebook/nllb-200-1.3B,17,nounsverbsadj,357,0.9628309607505798
nllb200_1B,facebook/nllb-200-1.3B,17,nounsverbsadj,358,0.9622217416763306
nllb200_1B,facebook/nllb-200-1.3B,17,nounsverbsadj,359,0.7849866151809692
nllb200_1B,facebook/nllb-200-1.3B,17,nounsverbsadj,360,0.9608863592147827
nllb200_1B,facebook/nllb-200-1.3B,17,nounsverbsadj,361,0.9577383995056152
nllb200_1B,facebook/nllb-200-1.3B,17,nounsverbsadj,362,0.9298239946365356
nllb200_1B,facebook/nllb-200-1.3B,17,nounsverbsadj,363,0.9067187309265137
nllb200_1B,facebook/nllb-200-1.3B,17,nounsverbsadj,364,0.9301429390907288
nllb200_1B,facebook/nllb-200-1.3B,17,nounsverbsadj,365,0.7536284923553467
nllb200_1B,facebook/nllb-200-1.3B,17,nounsverbsadj,366,0.9455803632736206
nllb200_1B,facebook/nllb-200-1.3B,17,nounsverbsadj,367,0.8288799524307251
nllb200_1B,facebook/nllb-200-1.3B,17,nounsverbsadj,368,0.9623785018920898
nllb200_1B,facebook/nllb-200-1.3B,17,nounsverbsadj,369,0.9566711783409119
nllb200_1B,facebook/nllb-200-1.3B,17,nounsverbsadj,370,0.9280540943145752
nllb200_1B,facebook/nllb-200-1.3B,17,nounsverbsadj,371,0.9420979619026184
nllb200_1B,facebook/nllb-200-1.3B,17,nounsverbsadj,372,0.9471622705459595
nllb200_1B,facebook/nllb-200-1.3B,17,nounsverbsadj,373,0.9499810934066772
nllb200_1B,facebook/nllb-200-1.3B,17,nounsverbsadj,374,0.9467343091964722
nllb200_1B,facebook/nllb-200-1.3B,17,nounsverbsadj,375,0.9556100368499756
nllb200_1B,facebook/nllb-200-1.3B,17,nounsverbsadj,376,0.949663519859314
nllb200_1B,facebook/nllb-200-1.3B,17,nounsverbsadj,377,0.8811514377593994
nllb200_1B,facebook/nllb-200-1.3B,17,nounsverbsadj,378,0.9647663235664368
nllb200_1B,facebook/nllb-200-1.3B,17,nounsverbsadj,379,0.9516744613647461
nllb200_1B,facebook/nllb-200-1.3B,17,nounsverbsadj,380,0.9295068383216858
nllb200_1B,facebook/nllb-200-1.3B,17,nounsverbsadj,381,0.725009560585022
nllb200_1B,facebook/nllb-200-1.3B,17,nounsverbsadj,382,0.7674964666366577
nllb200_1B,facebook/nllb-200-1.3B,17,nounsverbsadj,383,0.7542845010757446
nllb200_1B,facebook/nllb-200-1.3B,17,nounsverbsadj,384,0.9100997447967529
nllb200_1B,facebook/nllb-200-1.3B,17,nounsverbsadj,385,0.9372457265853882
nllb200_1B,facebook/nllb-200-1.3B,17,nounsverbsadj,386,0.804853081703186
nllb200_1B,facebook/nllb-200-1.3B,17,nounsverbsadj,387,0.759474515914917
nllb200_1B,facebook/nllb-200-1.3B,17,nounsverbsadj,388,0.7955108880996704
nllb200_1B,facebook/nllb-200-1.3B,17,nounsverbsadj,389,0.7919877767562866
nllb200_1B,facebook/nllb-200-1.3B,17,nounsverbsadj,390,0.9041556119918823
nllb200_1B,facebook/nllb-200-1.3B,17,nounsverbsadj,391,0.8071908950805664
nllb200_1B,facebook/nllb-200-1.3B,17,nounsverbsadj,392,0.8171031475067139
nllb200_1B,facebook/nllb-200-1.3B,17,nounsverbsadj,393,0.8154637813568115
nllb200_1B,facebook/nllb-200-1.3B,17,nounsverbsadj,394,0.8076398968696594
nllb200_1B,facebook/nllb-200-1.3B,17,nounsverbsadj,395,0.7816529273986816
nllb200_1B,facebook/nllb-200-1.3B,17,nounsverbsadj,396,0.7881516218185425
nllb200_1B,facebook/nllb-200-1.3B,17,nounsverbsadj,397,0.8103623390197754
nllb200_1B,facebook/nllb-200-1.3B,17,nounsverbsadj,398,0.7289235591888428
nllb200_1B,facebook/nllb-200-1.3B,17,nounsverbsadj,399,0.9167420864105225
nllb200_1B,facebook/nllb-200-1.3B,17,nounsverbsadj,400,0.9505791664123535
nllb200_1B,facebook/nllb-200-1.3B,17,nounsverbsadj,401,0.93812495470047
nllb200_1B,facebook/nllb-200-1.3B,17,nounsverbsadj,402,0.9469685554504395
nllb200_1B,facebook/nllb-200-1.3B,17,nounsverbsadj,403,0.9009060263633728
nllb200_1B,facebook/nllb-200-1.3B,17,nounsverbsadj,404,0.9793456792831421
nllb200_1B,facebook/nllb-200-1.3B,17,nounsverbsadj,405,0.9197951555252075
nllb200_1B,facebook/nllb-200-1.3B,17,nounsverbsadj,406,0.9304625391960144
nllb200_1B,facebook/nllb-200-1.3B,17,nounsverbsadj,407,0.9373541474342346
nllb200_1B,facebook/nllb-200-1.3B,17,nounsverbsadj,408,0.9526998996734619
nllb200_1B,facebook/nllb-200-1.3B,17,nounsverbsadj,409,0.9179039597511292
nllb200_1B,facebook/nllb-200-1.3B,17,nounsverbsadj,410,0.9115253686904907
nllb200_1B,facebook/nllb-200-1.3B,17,nounsverbsadj,411,0.9343290328979492
nllb200_1B,facebook/nllb-200-1.3B,17,nounsverbsadj,412,0.8005530834197998
nllb200_1B,facebook/nllb-200-1.3B,17,nounsverbsadj,413,0.9354519248008728
nllb200_1B,facebook/nllb-200-1.3B,17,nounsverbsadj,414,0.9503301382064819
nllb200_1B,facebook/nllb-200-1.3B,17,nounsverbsadj,415,0.9375616312026978
nllb200_1B,facebook/nllb-200-1.3B,17,nounsverbsadj,416,0.9365723133087158
nllb200_1B,facebook/nllb-200-1.3B,17,nounsverbsadj,417,0.9564365148544312
nllb200_1B,facebook/nllb-200-1.3B,17,nounsverbsadj,418,0.9371006488800049
nllb200_1B,facebook/nllb-200-1.3B,17,nounsverbsadj,419,0.9293367266654968
nllb200_1B,facebook/nllb-200-1.3B,17,nounsverbsadj,420,0.9439387917518616
nllb200_1B,facebook/nllb-200-1.3B,17,nounsverbsadj,421,0.7313272953033447
nllb200_1B,facebook/nllb-200-1.3B,17,nounsverbsadj,422,0.7901254296302795
nllb200_1B,facebook/nllb-200-1.3B,17,nounsverbsadj,423,0.941414475440979
nllb200_1B,facebook/nllb-200-1.3B,17,nounsverbsadj,424,0.9522515535354614
nllb200_1B,facebook/nllb-200-1.3B,17,nounsverbsadj,425,0.6780362129211426
nllb200_1B,facebook/nllb-200-1.3B,17,nounsverbsadj,426,0.9510383605957031
nllb200_1B,facebook/nllb-200-1.3B,17,nounsverbsadj,427,0.9479111433029175
nllb200_1B,facebook/nllb-200-1.3B,17,nounsverbsadj,428,0.9484261274337769
nllb200_1B,facebook/nllb-200-1.3B,17,nounsverbsadj,429,0.9429961442947388
nllb200_1B,facebook/nllb-200-1.3B,17,nounsverbsadj,430,0.9154125452041626
nllb200_1B,facebook/nllb-200-1.3B,17,nounsverbsadj,431,0.9421868920326233
nllb200_1B,facebook/nllb-200-1.3B,17,nounsverbsadj,432,0.9426643252372742
nllb200_1B,facebook/nllb-200-1.3B,17,nounsverbsadj,433,0.9350807070732117
nllb200_1B,facebook/nllb-200-1.3B,17,nounsverbsadj,434,0.8905125856399536
nllb200_1B,facebook/nllb-200-1.3B,17,nounsverbsadj,435,0.9401650428771973
nllb200_1B,facebook/nllb-200-1.3B,17,nounsverbsadj,436,0.9350640773773193
nllb200_1B,facebook/nllb-200-1.3B,17,nounsverbsadj,437,0.9116851091384888
nllb200_1B,facebook/nllb-200-1.3B,17,nounsverbsadj,438,0.9229449033737183
nllb200_1B,facebook/nllb-200-1.3B,17,nounsverbsadj,439,0.9367610812187195
nllb200_1B,facebook/nllb-200-1.3B,17,nounsverbsadj,440,0.9472113847732544
nllb200_1B,facebook/nllb-200-1.3B,17,nounsverbsadj,441,0.9426504373550415
nllb200_1B,facebook/nllb-200-1.3B,17,nounsverbsadj,442,0.9219517707824707
nllb200_1B,facebook/nllb-200-1.3B,17,nounsverbsadj,443,0.9474360942840576
nllb200_1B,facebook/nllb-200-1.3B,17,nounsverbsadj,444,0.7340480089187622
nllb200_1B,facebook/nllb-200-1.3B,17,nounsverbsadj,445,0.8650757074356079
nllb200_1B,facebook/nllb-200-1.3B,17,nounsverbsadj,446,0.7484421730041504
nllb200_1B,facebook/nllb-200-1.3B,17,nounsverbsadj,447,0.8372972011566162
nllb200_1B,facebook/nllb-200-1.3B,17,nounsverbsadj,448,0.9611258506774902
nllb200_1B,facebook/nllb-200-1.3B,17,nounsverbsadj,449,0.9478135108947754
nllb200_1B,facebook/nllb-200-1.3B,17,nounsverbsadj,450,0.9440243244171143
nllb200_1B,facebook/nllb-200-1.3B,17,nounsverbsadj,451,0.7977705001831055
nllb200_1B,facebook/nllb-200-1.3B,17,nounsverbsadj,452,0.9271246194839478
nllb200_1B,facebook/nllb-200-1.3B,17,nounsverbsadj,453,0.9305413961410522
nllb200_1B,facebook/nllb-200-1.3B,17,nounsverbsadj,454,0.9521287679672241
nllb200_1B,facebook/nllb-200-1.3B,17,nounsverbsadj,455,0.939208447933197
nllb200_1B,facebook/nllb-200-1.3B,17,nounsverbsadj,456,0.9009591341018677
nllb200_1B,facebook/nllb-200-1.3B,17,nounsverbsadj,457,0.9263890981674194
nllb200_1B,facebook/nllb-200-1.3B,17,nounsverbsadj,458,0.9329956769943237
nllb200_1B,facebook/nllb-200-1.3B,17,nounsverbsadj,459,0.9626456499099731
nllb200_1B,facebook/nllb-200-1.3B,17,nounsverbsadj,460,0.9216995239257812
nllb200_1B,facebook/nllb-200-1.3B,17,nounsverbsadj,461,0.9486532807350159
nllb200_1B,facebook/nllb-200-1.3B,17,nounsverbsadj,462,0.9263923168182373
nllb200_1B,facebook/nllb-200-1.3B,17,nounsverbsadj,463,0.9521950483322144
nllb200_1B,facebook/nllb-200-1.3B,17,nounsverbsadj,464,0.9562989473342896
nllb200_1B,facebook/nllb-200-1.3B,17,nounsverbsadj,465,0.8969334363937378
nllb200_1B,facebook/nllb-200-1.3B,17,nounsverbsadj,466,0.9555186033248901
nllb200_1B,facebook/nllb-200-1.3B,17,nounsverbsadj,467,0.9434597492218018
nllb200_1B,facebook/nllb-200-1.3B,17,nounsverbsadj,468,0.9436944723129272
nllb200_1B,facebook/nllb-200-1.3B,17,nounsverbsadj,469,0.9678635001182556
nllb200_1B,facebook/nllb-200-1.3B,17,nounsverbsadj,470,0.9503531455993652
nllb200_1B,facebook/nllb-200-1.3B,17,nounsverbsadj,471,0.9286425709724426
nllb200_1B,facebook/nllb-200-1.3B,17,nounsverbsadj,472,0.94133460521698
nllb200_1B,facebook/nllb-200-1.3B,17,nounsverbsadj,473,0.9159137010574341
nllb200_1B,facebook/nllb-200-1.3B,17,nounsverbsadj,474,0.7550359964370728
nllb200_1B,facebook/nllb-200-1.3B,17,nounsverbsadj,475,0.7742952108383179
nllb200_1B,facebook/nllb-200-1.3B,17,nounsverbsadj,476,0.942733883857727
nllb200_1B,facebook/nllb-200-1.3B,17,nounsverbsadj,477,0.9459696412086487
nllb200_1B,facebook/nllb-200-1.3B,17,nounsverbsadj,478,0.9583767056465149
nllb200_1B,facebook/nllb-200-1.3B,17,nounsverbsadj,479,0.9430257081985474
nllb200_1B,facebook/nllb-200-1.3B,17,nounsverbsadj,480,0.9581223130226135
nllb200_1B,facebook/nllb-200-1.3B,17,nounsverbsadj,481,0.9393340349197388
nllb200_1B,facebook/nllb-200-1.3B,17,nounsverbsadj,482,0.9362430572509766
nllb200_1B,facebook/nllb-200-1.3B,17,nounsverbsadj,483,0.7355136871337891
nllb200_1B,facebook/nllb-200-1.3B,17,nounsverbsadj,484,0.9045179486274719
nllb200_1B,facebook/nllb-200-1.3B,17,nounsverbsadj,485,0.9053716659545898
nllb200_1B,facebook/nllb-200-1.3B,17,nounsverbsadj,486,0.9251900911331177
nllb200_1B,facebook/nllb-200-1.3B,17,nounsverbsadj,487,0.9238611459732056
nllb200_1B,facebook/nllb-200-1.3B,17,nounsverbsadj,488,0.7805022597312927
nllb200_1B,facebook/nllb-200-1.3B,17,nounsverbsadj,489,0.94305419921875
nllb200_1B,facebook/nllb-200-1.3B,17,nounsverbsadj,490,0.9261010885238647
nllb200_1B,facebook/nllb-200-1.3B,17,nounsverbsadj,491,0.9315066337585449
nllb200_1B,facebook/nllb-200-1.3B,17,nounsverbsadj,492,0.906342625617981
nllb200_1B,facebook/nllb-200-1.3B,17,nounsverbsadj,493,0.9307571649551392
nllb200_1B,facebook/nllb-200-1.3B,17,nounsverbsadj,494,0.931137204170227
nllb200_1B,facebook/nllb-200-1.3B,17,nounsverbsadj,495,0.6982432007789612
nllb200_1B,facebook/nllb-200-1.3B,17,nounsverbsadj,496,0.9631092548370361
nllb200_1B,facebook/nllb-200-1.3B,17,nounsverbsadj,497,0.9261404275894165
nllb200_1B,facebook/nllb-200-1.3B,17,nounsverbsadj,498,0.7883881330490112
nllb200_1B,facebook/nllb-200-1.3B,17,nounsverbsadj,499,0.9470188021659851
nllb200_1B,facebook/nllb-200-1.3B,17,nounsverbsadj,500,0.7753744125366211
nllb200_1B,facebook/nllb-200-1.3B,17,nounsverbsadj,501,0.952029287815094
nllb200_1B,facebook/nllb-200-1.3B,17,nounsverbsadj,502,0.7412279844284058
nllb200_1B,facebook/nllb-200-1.3B,17,nounsverbsadj,503,0.6986016035079956
nllb200_1B,facebook/nllb-200-1.3B,17,nounsverbsadj,504,0.947917640209198
nllb200_1B,facebook/nllb-200-1.3B,17,nounsverbsadj,505,0.9362991452217102
nllb200_1B,facebook/nllb-200-1.3B,17,nounsverbsadj,506,0.8175677061080933
nllb200_1B,facebook/nllb-200-1.3B,17,nounsverbsadj,507,0.9304661750793457
nllb200_1B,facebook/nllb-200-1.3B,17,nounsverbsadj,508,0.9376645088195801
nllb200_1B,facebook/nllb-200-1.3B,17,nounsverbsadj,509,0.9445439577102661
nllb200_1B,facebook/nllb-200-1.3B,17,nounsverbsadj,510,0.8791978359222412
nllb200_1B,facebook/nllb-200-1.3B,17,nounsverbsadj,511,0.7909647822380066
nllb200_1B,facebook/nllb-200-1.3B,17,nounsverbsadj,512,0.738896906375885
nllb200_1B,facebook/nllb-200-1.3B,17,nounsverbsadj,513,0.8932557702064514
nllb200_1B,facebook/nllb-200-1.3B,17,nounsverbsadj,514,0.8966162204742432
nllb200_1B,facebook/nllb-200-1.3B,17,nounsverbsadj,515,0.9392861723899841
nllb200_1B,facebook/nllb-200-1.3B,17,nounsverbsadj,516,0.9440219402313232
nllb200_1B,facebook/nllb-200-1.3B,17,nounsverbsadj,517,0.935571551322937
nllb200_1B,facebook/nllb-200-1.3B,17,nounsverbsadj,518,0.9251244068145752
nllb200_1B,facebook/nllb-200-1.3B,17,nounsverbsadj,519,0.9279724955558777
nllb200_1B,facebook/nllb-200-1.3B,17,nounsverbsadj,520,0.9434316158294678
nllb200_1B,facebook/nllb-200-1.3B,17,nounsverbsadj,521,0.950393795967102
nllb200_1B,facebook/nllb-200-1.3B,17,nounsverbsadj,522,0.9440430402755737
nllb200_1B,facebook/nllb-200-1.3B,17,nounsverbsadj,523,0.9582265615463257
nllb200_1B,facebook/nllb-200-1.3B,17,nounsverbsadj,524,0.8043773174285889
nllb200_1B,facebook/nllb-200-1.3B,17,nounsverbsadj,525,0.7517129778862
nllb200_1B,facebook/nllb-200-1.3B,17,nounsverbsadj,526,0.7937694787979126
nllb200_1B,facebook/nllb-200-1.3B,17,nounsverbsadj,527,0.9363795518875122
nllb200_1B,facebook/nllb-200-1.3B,17,nounsverbsadj,528,0.8037269115447998
nllb200_1B,facebook/nllb-200-1.3B,17,nounsverbsadj,529,0.9217929244041443
nllb200_1B,facebook/nllb-200-1.3B,17,nounsverbsadj,530,0.7618401050567627
nllb200_1B,facebook/nllb-200-1.3B,17,nounsverbsadj,531,0.9272511005401611
nllb200_1B,facebook/nllb-200-1.3B,17,nounsverbsadj,532,0.9233942627906799
nllb200_1B,facebook/nllb-200-1.3B,17,nounsverbsadj,533,0.9580097198486328
nllb200_1B,facebook/nllb-200-1.3B,17,nounsverbsadj,534,0.797461986541748
nllb200_1B,facebook/nllb-200-1.3B,17,nounsverbsadj,535,0.9279649257659912
nllb200_1B,facebook/nllb-200-1.3B,17,nounsverbsadj,536,0.9329932332038879
nllb200_1B,facebook/nllb-200-1.3B,17,nounsverbsadj,537,0.9132322669029236
nllb200_1B,facebook/nllb-200-1.3B,17,nounsverbsadj,538,0.9227128028869629
nllb200_1B,facebook/nllb-200-1.3B,17,nounsverbsadj,539,0.8367886543273926
nllb200_1B,facebook/nllb-200-1.3B,17,nounsverbsadj,540,0.8828614950180054
nllb200_1B,facebook/nllb-200-1.3B,17,nounsverbsadj,541,0.9484098553657532
nllb200_1B,facebook/nllb-200-1.3B,17,nounsverbsadj,542,0.9304232001304626
nllb200_1B,facebook/nllb-200-1.3B,17,nounsverbsadj,543,0.9427220821380615
nllb200_1B,facebook/nllb-200-1.3B,17,nounsverbsadj,544,0.9836145639419556
nllb200_1B,facebook/nllb-200-1.3B,17,nounsverbsadj,545,0.9758990406990051
nllb200_1B,facebook/nllb-200-1.3B,17,nounsverbsadj,546,0.7793331146240234
nllb200_1B,facebook/nllb-200-1.3B,17,nounsverbsadj,547,0.9397688508033752
nllb200_1B,facebook/nllb-200-1.3B,17,nounsverbsadj,548,0.9166332483291626
nllb200_1B,facebook/nllb-200-1.3B,17,nounsverbsadj,549,0.9436639547348022
nllb200_1B,facebook/nllb-200-1.3B,17,nounsverbsadj,550,0.9349992275238037
nllb200_1B,facebook/nllb-200-1.3B,17,nounsverbsadj,551,0.9255240559577942
nllb200_1B,facebook/nllb-200-1.3B,17,nounsverbsadj,552,0.9194232225418091
nllb200_1B,facebook/nllb-200-1.3B,17,nounsverbsadj,553,0.9458836913108826
nllb200_1B,facebook/nllb-200-1.3B,17,nounsverbsadj,554,0.9579668045043945
nllb200_1B,facebook/nllb-200-1.3B,17,nounsverbsadj,555,0.8662749528884888
nllb200_1B,facebook/nllb-200-1.3B,17,nounsverbsadj,556,0.8145971894264221
nllb200_1B,facebook/nllb-200-1.3B,17,nounsverbsadj,557,0.9068319797515869
nllb200_1B,facebook/nllb-200-1.3B,17,nounsverbsadj,558,0.909014880657196
nllb200_1B,facebook/nllb-200-1.3B,17,nounsverbsadj,559,0.7959076166152954
nllb200_1B,facebook/nllb-200-1.3B,17,nounsverbsadj,560,0.9549310207366943
nllb200_1B,facebook/nllb-200-1.3B,17,nounsverbsadj,561,0.9540454149246216
nllb200_1B,facebook/nllb-200-1.3B,17,nounsverbsadj,562,0.9350398778915405
nllb200_1B,facebook/nllb-200-1.3B,17,nounsverbsadj,563,0.8321212530136108
nllb200_1B,facebook/nllb-200-1.3B,17,nounsverbsadj,564,0.9284852147102356
nllb200_1B,facebook/nllb-200-1.3B,17,nounsverbsadj,565,0.937601625919342
nllb200_1B,facebook/nllb-200-1.3B,17,nounsverbsadj,566,0.9315778613090515
nllb200_1B,facebook/nllb-200-1.3B,17,nounsverbsadj,567,0.8645658493041992
nllb200_1B,facebook/nllb-200-1.3B,17,nounsverbsadj,568,0.9676507711410522
nllb200_1B,facebook/nllb-200-1.3B,17,nounsverbsadj,569,0.9440279006958008
nllb200_1B,facebook/nllb-200-1.3B,17,nounsverbsadj,570,0.7820110321044922
nllb200_1B,facebook/nllb-200-1.3B,17,nounsverbsadj,571,0.8379104137420654
nllb200_1B,facebook/nllb-200-1.3B,17,nounsverbsadj,572,0.9335925579071045
nllb200_1B,facebook/nllb-200-1.3B,17,nounsverbsadj,573,0.7649227380752563
nllb200_1B,facebook/nllb-200-1.3B,17,nounsverbsadj,574,0.943413257598877
nllb200_1B,facebook/nllb-200-1.3B,17,nounsverbsadj,575,0.8403221368789673
nllb200_1B,facebook/nllb-200-1.3B,17,nounsverbsadj,576,0.9414972066879272
nllb200_1B,facebook/nllb-200-1.3B,17,nounsverbsadj,577,0.9538681507110596
nllb200_1B,facebook/nllb-200-1.3B,17,nounsverbsadj,578,0.958007276058197
nllb200_1B,facebook/nllb-200-1.3B,17,nounsverbsadj,579,0.7989629507064819
nllb200_1B,facebook/nllb-200-1.3B,17,nounsverbsadj,580,0.9393587112426758
nllb200_1B,facebook/nllb-200-1.3B,17,nounsverbsadj,581,0.9929196834564209
nllb200_1B,facebook/nllb-200-1.3B,17,nounsverbsadj,582,0.9555463790893555
nllb200_1B,facebook/nllb-200-1.3B,17,nounsverbsadj,583,0.9460601806640625
nllb200_1B,facebook/nllb-200-1.3B,17,nounsverbsadj,584,0.946918785572052
nllb200_1B,facebook/nllb-200-1.3B,17,nounsverbsadj,585,0.9452824592590332
nllb200_1B,facebook/nllb-200-1.3B,17,nounsverbsadj,586,0.9205434322357178
nllb200_1B,facebook/nllb-200-1.3B,17,nounsverbsadj,587,0.9566453695297241
nllb200_1B,facebook/nllb-200-1.3B,17,nounsverbsadj,588,0.6819257736206055
nllb200_1B,facebook/nllb-200-1.3B,17,nounsverbsadj,589,0.7866039276123047
nllb200_1B,facebook/nllb-200-1.3B,17,nounsverbsadj,590,0.9379285573959351
nllb200_1B,facebook/nllb-200-1.3B,17,nounsverbsadj,591,0.6894688010215759
nllb200_1B,facebook/nllb-200-1.3B,17,nounsverbsadj,592,0.8207899332046509
nllb200_1B,facebook/nllb-200-1.3B,17,nounsverbsadj,593,0.9221796989440918
nllb200_1B,facebook/nllb-200-1.3B,17,nounsverbsadj,594,0.9624935388565063
nllb200_1B,facebook/nllb-200-1.3B,17,nounsverbsadj,595,0.9329283237457275
nllb200_1B,facebook/nllb-200-1.3B,17,nounsverbsadj,596,0.7876688838005066
nllb200_1B,facebook/nllb-200-1.3B,17,nounsverbsadj,597,0.7033741474151611
nllb200_1B,facebook/nllb-200-1.3B,17,nounsverbsadj,598,0.9525532722473145
nllb200_1B,facebook/nllb-200-1.3B,17,nounsverbsadj,599,0.9471853971481323
nllb200_1B,facebook/nllb-200-1.3B,17,nounsverbsadj,600,0.9105954170227051
nllb200_1B,facebook/nllb-200-1.3B,17,nounsverbsadj,601,0.7050511837005615
nllb200_1B,facebook/nllb-200-1.3B,17,nounsverbsadj,602,0.9299749135971069
nllb200_1B,facebook/nllb-200-1.3B,17,nounsverbsadj,603,0.8275667428970337
nllb200_1B,facebook/nllb-200-1.3B,17,nounsverbsadj,604,0.9504363536834717
nllb200_1B,facebook/nllb-200-1.3B,17,nounsverbsadj,605,0.9538779854774475
nllb200_1B,facebook/nllb-200-1.3B,17,nounsverbsadj,606,0.7243900299072266
nllb200_1B,facebook/nllb-200-1.3B,17,nounsverbsadj,607,0.8729429841041565
nllb200_1B,facebook/nllb-200-1.3B,17,nounsverbsadj,608,0.8563764691352844
nllb200_1B,facebook/nllb-200-1.3B,17,nounsverbsadj,609,0.849746584892273
nllb200_1B,facebook/nllb-200-1.3B,17,nounsverbsadj,610,0.8901375532150269
nllb200_1B,facebook/nllb-200-1.3B,17,nounsverbsadj,611,0.9369722604751587
nllb200_1B,facebook/nllb-200-1.3B,17,nounsverbsadj,612,0.9478778839111328
nllb200_1B,facebook/nllb-200-1.3B,17,nounsverbsadj,613,0.9086300134658813
nllb200_1B,facebook/nllb-200-1.3B,17,nounsverbsadj,614,0.9386026859283447
nllb200_1B,facebook/nllb-200-1.3B,17,nounsverbsadj,615,0.939288854598999
nllb200_1B,facebook/nllb-200-1.3B,17,nounsverbsadj,616,0.933540940284729
nllb200_1B,facebook/nllb-200-1.3B,17,nounsverbsadj,617,0.9460467100143433
nllb200_1B,facebook/nllb-200-1.3B,17,nounsverbsadj,618,0.923062264919281
nllb200_1B,facebook/nllb-200-1.3B,17,nounsverbsadj,619,0.9322541952133179
nllb200_1B,facebook/nllb-200-1.3B,17,nounsverbsadj,620,0.973384439945221
nllb200_1B,facebook/nllb-200-1.3B,17,nounsverbsadj,621,0.9438164234161377
nllb200_1B,facebook/nllb-200-1.3B,17,nounsverbsadj,622,0.9391012191772461
nllb200_1B,facebook/nllb-200-1.3B,17,nounsverbsadj,623,0.9371938109397888
nllb200_1B,facebook/nllb-200-1.3B,17,nounsverbsadj,624,0.9268988966941833
nllb200_1B,facebook/nllb-200-1.3B,17,nounsverbsadj,625,0.9265324473381042
nllb200_1B,facebook/nllb-200-1.3B,17,nounsverbsadj,626,0.952093780040741
nllb200_1B,facebook/nllb-200-1.3B,17,nounsverbsadj,627,0.9268218278884888
nllb200_1B,facebook/nllb-200-1.3B,17,nounsverbsadj,628,0.9586959481239319
nllb200_1B,facebook/nllb-200-1.3B,17,nounsverbsadj,629,0.9479238986968994
nllb200_1B,facebook/nllb-200-1.3B,17,nounsverbsadj,630,0.9430506229400635
nllb200_1B,facebook/nllb-200-1.3B,17,nounsverbsadj,631,0.9101338386535645
nllb200_1B,facebook/nllb-200-1.3B,17,nounsverbsadj,632,0.9412540197372437
nllb200_1B,facebook/nllb-200-1.3B,17,nounsverbsadj,633,0.9624326229095459
nllb200_1B,facebook/nllb-200-1.3B,17,nounsverbsadj,634,0.921189546585083
nllb200_1B,facebook/nllb-200-1.3B,17,nounsverbsadj,635,0.9254981875419617
nllb200_1B,facebook/nllb-200-1.3B,17,nounsverbsadj,636,0.9847704172134399
nllb200_1B,facebook/nllb-200-1.3B,17,nounsverbsadj,637,0.9514209032058716
nllb200_1B,facebook/nllb-200-1.3B,17,nounsverbsadj,638,0.958307147026062
nllb200_1B,facebook/nllb-200-1.3B,17,nounsverbsadj,639,0.9634830355644226
nllb200_1B,facebook/nllb-200-1.3B,17,nounsverbsadj,640,0.9377591013908386
nllb200_1B,facebook/nllb-200-1.3B,17,nounsverbsadj,641,0.9424155950546265
nllb200_1B,facebook/nllb-200-1.3B,17,nounsverbsadj,642,0.9505243301391602
nllb200_1B,facebook/nllb-200-1.3B,17,nounsverbsadj,643,0.8970893621444702
nllb200_1B,facebook/nllb-200-1.3B,17,nounsverbsadj,644,0.9319894313812256
nllb200_1B,facebook/nllb-200-1.3B,17,nounsverbsadj,645,0.9558074474334717
nllb200_1B,facebook/nllb-200-1.3B,17,nounsverbsadj,646,0.8954154849052429
nllb200_1B,facebook/nllb-200-1.3B,17,nounsverbsadj,647,0.9419737458229065
nllb200_1B,facebook/nllb-200-1.3B,17,nounsverbsadj,648,0.9430538415908813
nllb200_1B,facebook/nllb-200-1.3B,17,nounsverbsadj,649,0.9481253623962402
nllb200_1B,facebook/nllb-200-1.3B,17,nounsverbsadj,650,0.9660472869873047
nllb200_1B,facebook/nllb-200-1.3B,17,nounsverbsadj,651,0.9095417857170105
nllb200_1B,facebook/nllb-200-1.3B,17,nounsverbsadj,652,0.9489402770996094
nllb200_1B,facebook/nllb-200-1.3B,17,nounsverbsadj,653,0.940853476524353
nllb200_1B,facebook/nllb-200-1.3B,17,nounsverbsadj,654,0.9343121647834778
nllb200_1B,facebook/nllb-200-1.3B,17,nounsverbsadj,655,0.9484119415283203
nllb200_1B,facebook/nllb-200-1.3B,17,nounsverbsadj,656,0.9368909597396851
nllb200_1B,facebook/nllb-200-1.3B,17,nounsverbsadj,657,0.9438847303390503
nllb200_1B,facebook/nllb-200-1.3B,17,nounsverbsadj,658,0.9238522052764893
nllb200_1B,facebook/nllb-200-1.3B,17,nounsverbsadj,659,0.9146914482116699
nllb200_1B,facebook/nllb-200-1.3B,17,nounsverbsadj,660,0.9288012385368347
nllb200_1B,facebook/nllb-200-1.3B,17,nounsverbsadj,661,0.9388703107833862
nllb200_1B,facebook/nllb-200-1.3B,17,nounsverbsadj,662,0.9387944936752319
nllb200_1B,facebook/nllb-200-1.3B,17,nounsverbsadj,663,0.9481287002563477
nllb200_1B,facebook/nllb-200-1.3B,17,nounsverbsadj,664,0.9385964274406433
nllb200_1B,facebook/nllb-200-1.3B,17,nounsverbsadj,665,0.9175692796707153
nllb200_1B,facebook/nllb-200-1.3B,17,nounsverbsadj,666,0.9504095315933228
nllb200_1B,facebook/nllb-200-1.3B,17,nounsverbsadj,667,0.9366655349731445
nllb200_1B,facebook/nllb-200-1.3B,17,nounsverbsadj,668,0.9462834000587463
nllb200_1B,facebook/nllb-200-1.3B,17,nounsverbsadj,669,0.9334710836410522
nllb200_1B,facebook/nllb-200-1.3B,17,nounsverbsadj,670,0.9458880424499512
nllb200_1B,facebook/nllb-200-1.3B,17,nounsverbsadj,671,0.9366368055343628
nllb200_1B,facebook/nllb-200-1.3B,17,nounsverbsadj,672,0.9526771306991577
nllb200_1B,facebook/nllb-200-1.3B,17,nounsverbsadj,673,0.9444377422332764
nllb200_1B,facebook/nllb-200-1.3B,17,nounsverbsadj,674,0.9442665576934814
nllb200_1B,facebook/nllb-200-1.3B,17,nounsverbsadj,675,0.9575698375701904
nllb200_1B,facebook/nllb-200-1.3B,17,nounsverbsadj,676,0.9410475492477417
nllb200_1B,facebook/nllb-200-1.3B,17,nounsverbsadj,677,0.9588576555252075
nllb200_1B,facebook/nllb-200-1.3B,17,nounsverbsadj,678,0.9973548650741577
nllb200_1B,facebook/nllb-200-1.3B,17,nounsverbsadj,679,0.914184033870697
nllb200_1B,facebook/nllb-200-1.3B,17,nounsverbsadj,680,0.9472730159759521
nllb200_1B,facebook/nllb-200-1.3B,17,nounsverbsadj,681,0.9496714472770691
nllb200_1B,facebook/nllb-200-1.3B,17,nounsverbsadj,682,0.9079445004463196
nllb200_1B,facebook/nllb-200-1.3B,17,nounsverbsadj,683,0.9265737533569336
nllb200_1B,facebook/nllb-200-1.3B,17,nounsverbsadj,684,0.9542733430862427
nllb200_1B,facebook/nllb-200-1.3B,17,nounsverbsadj,685,0.8922774791717529
nllb200_1B,facebook/nllb-200-1.3B,17,nounsverbsadj,686,0.9354242086410522
nllb200_1B,facebook/nllb-200-1.3B,17,nounsverbsadj,687,0.9331232309341431
nllb200_1B,facebook/nllb-200-1.3B,17,nounsverbsadj,688,0.9491150975227356
nllb200_1B,facebook/nllb-200-1.3B,17,nounsverbsadj,689,0.9535911083221436
nllb200_1B,facebook/nllb-200-1.3B,17,nounsverbsadj,690,0.9424269795417786
nllb200_1B,facebook/nllb-200-1.3B,17,nounsverbsadj,691,0.9329618811607361
nllb200_1B,facebook/nllb-200-1.3B,17,nounsverbsadj,692,0.9481287002563477
nllb200_1B,facebook/nllb-200-1.3B,17,nounsverbsadj,693,0.8987361788749695
nllb200_1B,facebook/nllb-200-1.3B,17,nounsverbsadj,694,0.9354655146598816
nllb200_1B,facebook/nllb-200-1.3B,17,nounsverbsadj,695,0.9648596048355103
nllb200_1B,facebook/nllb-200-1.3B,17,nounsverbsadj,696,0.9682241678237915
nllb200_1B,facebook/nllb-200-1.3B,17,nounsverbsadj,697,0.9277925491333008
nllb200_1B,facebook/nllb-200-1.3B,17,nounsverbsadj,698,0.9156584143638611
nllb200_1B,facebook/nllb-200-1.3B,17,nounsverbsadj,699,0.923832893371582
nllb200_1B,facebook/nllb-200-1.3B,17,nounsverbsadj,700,0.9280900359153748
nllb200_1B,facebook/nllb-200-1.3B,17,nounsverbsadj,701,0.936234176158905
nllb200_1B,facebook/nllb-200-1.3B,17,nounsverbsadj,702,0.9372317790985107
nllb200_1B,facebook/nllb-200-1.3B,17,nounsverbsadj,703,0.9457730054855347
nllb200_1B,facebook/nllb-200-1.3B,17,nounsverbsadj,704,0.9397402405738831
nllb200_1B,facebook/nllb-200-1.3B,17,nounsverbsadj,705,0.9375177621841431
nllb200_1B,facebook/nllb-200-1.3B,17,nounsverbsadj,706,0.9390511512756348
nllb200_1B,facebook/nllb-200-1.3B,17,nounsverbsadj,707,0.9286907315254211
nllb200_1B,facebook/nllb-200-1.3B,17,nounsverbsadj,708,0.9470466375350952
nllb200_1B,facebook/nllb-200-1.3B,17,nounsverbsadj,709,0.9403597116470337
nllb200_1B,facebook/nllb-200-1.3B,17,nounsverbsadj,710,0.92128586769104
nllb200_1B,facebook/nllb-200-1.3B,17,nounsverbsadj,711,0.9260119199752808
nllb200_1B,facebook/nllb-200-1.3B,17,nounsverbsadj,712,0.9582507610321045
nllb200_1B,facebook/nllb-200-1.3B,17,nounsverbsadj,713,0.9448389410972595
nllb200_1B,facebook/nllb-200-1.3B,17,nounsverbsadj,714,0.9348331689834595
nllb200_1B,facebook/nllb-200-1.3B,17,nounsverbsadj,715,0.9426606893539429
nllb200_1B,facebook/nllb-200-1.3B,17,nounsverbsadj,716,0.93694007396698
nllb200_1B,facebook/nllb-200-1.3B,17,nounsverbsadj,717,0.9429570436477661
nllb200_1B,facebook/nllb-200-1.3B,17,nounsverbsadj,718,0.9467449188232422
nllb200_1B,facebook/nllb-200-1.3B,17,nounsverbsadj,719,0.9281119108200073
nllb200_1B,facebook/nllb-200-1.3B,17,nounsverbsadj,720,0.9249181747436523
nllb200_1B,facebook/nllb-200-1.3B,17,nounsverbsadj,721,0.9491851329803467
nllb200_1B,facebook/nllb-200-1.3B,17,nounsverbsadj,722,0.9447524547576904
nllb200_1B,facebook/nllb-200-1.3B,17,nounsverbsadj,723,0.9428547620773315
nllb200_1B,facebook/nllb-200-1.3B,17,nounsverbsadj,724,0.9236244559288025
nllb200_1B,facebook/nllb-200-1.3B,17,nounsverbsadj,725,0.9425052404403687
nllb200_1B,facebook/nllb-200-1.3B,17,nounsverbsadj,726,0.7988536357879639
nllb200_1B,facebook/nllb-200-1.3B,17,nounsverbsadj,727,0.9109207987785339
nllb200_1B,facebook/nllb-200-1.3B,17,nounsverbsadj,728,0.945964515209198
nllb200_1B,facebook/nllb-200-1.3B,17,nounsverbsadj,729,0.9438271522521973
nllb200_1B,facebook/nllb-200-1.3B,17,nounsverbsadj,730,0.9404284954071045
nllb200_1B,facebook/nllb-200-1.3B,17,nounsverbsadj,731,0.8882192373275757
nllb200_1B,facebook/nllb-200-1.3B,17,nounsverbsadj,732,0.9472622871398926
nllb200_1B,facebook/nllb-200-1.3B,17,nounsverbsadj,733,0.9545441269874573
nllb200_1B,facebook/nllb-200-1.3B,17,nounsverbsadj,734,0.9496238231658936
nllb200_1B,facebook/nllb-200-1.3B,17,nounsverbsadj,735,0.951758861541748
nllb200_1B,facebook/nllb-200-1.3B,17,nounsverbsadj,736,0.9487830400466919
nllb200_1B,facebook/nllb-200-1.3B,17,nounsverbsadj,737,0.9387508034706116
nllb200_1B,facebook/nllb-200-1.3B,17,nounsverbsadj,738,0.9310798645019531
nllb200_1B,facebook/nllb-200-1.3B,17,nounsverbsadj,739,0.7437119483947754
nllb200_1B,facebook/nllb-200-1.3B,17,nounsverbsadj,740,0.9416028261184692
nllb200_1B,facebook/nllb-200-1.3B,17,nounsverbsadj,741,0.7448854446411133
nllb200_1B,facebook/nllb-200-1.3B,17,nounsverbsadj,742,0.9336652159690857
nllb200_1B,facebook/nllb-200-1.3B,17,nounsverbsadj,743,0.9522181749343872
nllb200_1B,facebook/nllb-200-1.3B,17,nounsverbsadj,744,0.9488754272460938
nllb200_1B,facebook/nllb-200-1.3B,17,nounsverbsadj,745,0.9445033073425293
nllb200_1B,facebook/nllb-200-1.3B,17,nounsverbsadj,746,0.9081841707229614
nllb200_1B,facebook/nllb-200-1.3B,17,nounsverbsadj,747,0.680587112903595
nllb200_1B,facebook/nllb-200-1.3B,17,nounsverbsadj,748,0.8465262651443481
nllb200_1B,facebook/nllb-200-1.3B,17,nounsverbsadj,749,0.9519778490066528
nllb200_1B,facebook/nllb-200-1.3B,17,nounsverbsadj,750,0.8622156977653503
nllb200_1B,facebook/nllb-200-1.3B,17,nounsverbsadj,751,0.8031749725341797
nllb200_1B,facebook/nllb-200-1.3B,17,nounsverbsadj,752,0.9447983503341675
nllb200_1B,facebook/nllb-200-1.3B,17,nounsverbsadj,753,0.8005470633506775
nllb200_1B,facebook/nllb-200-1.3B,17,nounsverbsadj,754,0.7672632336616516
nllb200_1B,facebook/nllb-200-1.3B,17,nounsverbsadj,755,0.9499622583389282
nllb200_1B,facebook/nllb-200-1.3B,17,nounsverbsadj,756,0.9416564702987671
nllb200_1B,facebook/nllb-200-1.3B,17,nounsverbsadj,757,0.9433183670043945
nllb200_1B,facebook/nllb-200-1.3B,17,nounsverbsadj,758,0.7600561380386353
nllb200_1B,facebook/nllb-200-1.3B,17,nounsverbsadj,759,0.9466687440872192
nllb200_1B,facebook/nllb-200-1.3B,17,nounsverbsadj,760,0.9579207301139832
nllb200_1B,facebook/nllb-200-1.3B,17,nounsverbsadj,761,0.9077798128128052
nllb200_1B,facebook/nllb-200-1.3B,17,nounsverbsadj,762,0.9339540004730225
nllb200_1B,facebook/nllb-200-1.3B,17,nounsverbsadj,763,0.9289170503616333
nllb200_1B,facebook/nllb-200-1.3B,17,nounsverbsadj,764,0.9115854501724243
nllb200_1B,facebook/nllb-200-1.3B,17,nounsverbsadj,765,0.9606986045837402
nllb200_1B,facebook/nllb-200-1.3B,17,nounsverbsadj,766,0.9573550820350647
nllb200_1B,facebook/nllb-200-1.3B,17,nounsverbsadj,767,0.9445551037788391
nllb200_1B,facebook/nllb-200-1.3B,17,nounsverbsadj,768,0.9606019854545593
nllb200_1B,facebook/nllb-200-1.3B,17,nounsverbsadj,769,0.7452534437179565
nllb200_1B,facebook/nllb-200-1.3B,17,nounsverbsadj,770,0.7839796543121338
nllb200_1B,facebook/nllb-200-1.3B,17,nounsverbsadj,771,0.9412297010421753
nllb200_1B,facebook/nllb-200-1.3B,17,nounsverbsadj,772,0.937330424785614
nllb200_1B,facebook/nllb-200-1.3B,17,nounsverbsadj,773,0.9221022129058838
nllb200_1B,facebook/nllb-200-1.3B,17,nounsverbsadj,774,0.9524434804916382
nllb200_1B,facebook/nllb-200-1.3B,17,nounsverbsadj,775,0.9179744720458984
nllb200_1B,facebook/nllb-200-1.3B,17,nounsverbsadj,776,0.944821834564209
nllb200_1B,facebook/nllb-200-1.3B,17,nounsverbsadj,777,0.9303618669509888
nllb200_1B,facebook/nllb-200-1.3B,17,nounsverbsadj,778,0.892335057258606
nllb200_1B,facebook/nllb-200-1.3B,17,nounsverbsadj,779,0.8513680100440979
nllb200_1B,facebook/nllb-200-1.3B,17,nounsverbsadj,780,0.94130539894104
nllb200_1B,facebook/nllb-200-1.3B,17,nounsverbsadj,781,0.9607172012329102
nllb200_1B,facebook/nllb-200-1.3B,17,nounsverbsadj,782,0.943472146987915
nllb200_1B,facebook/nllb-200-1.3B,17,nounsverbsadj,783,0.9454097151756287
nllb200_1B,facebook/nllb-200-1.3B,17,nounsverbsadj,784,0.9280508756637573
nllb200_1B,facebook/nllb-200-1.3B,17,nounsverbsadj,785,0.7671353816986084
nllb200_1B,facebook/nllb-200-1.3B,17,nounsverbsadj,786,0.9421482086181641
nllb200_1B,facebook/nllb-200-1.3B,17,nounsverbsadj,787,0.9458823800086975
nllb200_1B,facebook/nllb-200-1.3B,17,nounsverbsadj,788,0.9597773551940918
nllb200_1B,facebook/nllb-200-1.3B,17,nounsverbsadj,789,0.6990519165992737
nllb200_1B,facebook/nllb-200-1.3B,17,nounsverbsadj,790,0.9221934080123901
nllb200_1B,facebook/nllb-200-1.3B,17,nounsverbsadj,791,0.7175314426422119
nllb200_1B,facebook/nllb-200-1.3B,17,nounsverbsadj,792,0.9298972487449646
nllb200_1B,facebook/nllb-200-1.3B,17,nounsverbsadj,793,0.645519495010376
nllb200_1B,facebook/nllb-200-1.3B,17,nounsverbsadj,794,0.9494134187698364
nllb200_1B,facebook/nllb-200-1.3B,17,nounsverbsadj,795,0.9476653337478638
nllb200_1B,facebook/nllb-200-1.3B,17,nounsverbsadj,796,0.6841665506362915
nllb200_1B,facebook/nllb-200-1.3B,17,nounsverbsadj,797,0.9467802047729492
nllb200_1B,facebook/nllb-200-1.3B,17,nounsverbsadj,798,0.940739631652832
nllb200_1B,facebook/nllb-200-1.3B,17,nounsverbsadj,799,0.958486795425415
nllb200_1B,facebook/nllb-200-1.3B,17,nounsverbsadj,800,0.9341647624969482
nllb200_1B,facebook/nllb-200-1.3B,17,nounsverbsadj,801,0.9265590906143188
nllb200_1B,facebook/nllb-200-1.3B,17,nounsverbsadj,802,0.9350603818893433
nllb200_1B,facebook/nllb-200-1.3B,17,nounsverbsadj,803,0.9613284468650818
nllb200_1B,facebook/nllb-200-1.3B,17,nounsverbsadj,804,0.7682068347930908
nllb200_1B,facebook/nllb-200-1.3B,17,nounsverbsadj,805,0.7314097881317139
nllb200_1B,facebook/nllb-200-1.3B,17,nounsverbsadj,806,0.7058426141738892
nllb200_1B,facebook/nllb-200-1.3B,17,nounsverbsadj,807,0.9452604055404663
nllb200_1B,facebook/nllb-200-1.3B,17,nounsverbsadj,808,0.8068906664848328
nllb200_1B,facebook/nllb-200-1.3B,17,nounsverbsadj,809,0.9423165321350098
nllb200_1B,facebook/nllb-200-1.3B,17,nounsverbsadj,810,0.9433400630950928
nllb200_1B,facebook/nllb-200-1.3B,17,nounsverbsadj,811,0.9158353805541992
nllb200_1B,facebook/nllb-200-1.3B,17,nounsverbsadj,812,0.7634156942367554
nllb200_1B,facebook/nllb-200-1.3B,17,nounsverbsadj,813,0.7667993307113647
nllb200_1B,facebook/nllb-200-1.3B,17,nounsverbsadj,814,0.9442821741104126
nllb200_1B,facebook/nllb-200-1.3B,17,nounsverbsadj,815,0.9521783590316772
nllb200_1B,facebook/nllb-200-1.3B,17,nounsverbsadj,816,0.6937206983566284
nllb200_1B,facebook/nllb-200-1.3B,17,nounsverbsadj,817,0.9426063299179077
nllb200_1B,facebook/nllb-200-1.3B,17,nounsverbsadj,818,0.9204651117324829
nllb200_1B,facebook/nllb-200-1.3B,17,nounsverbsadj,819,0.9100481271743774
nllb200_1B,facebook/nllb-200-1.3B,17,nounsverbsadj,820,0.8174545168876648
nllb200_1B,facebook/nllb-200-1.3B,17,nounsverbsadj,821,0.9626569747924805
nllb200_1B,facebook/nllb-200-1.3B,17,nounsverbsadj,822,0.960960865020752
nllb200_1B,facebook/nllb-200-1.3B,17,nounsverbsadj,823,0.9636030197143555
nllb200_1B,facebook/nllb-200-1.3B,17,nounsverbsadj,824,0.9640766382217407
nllb200_1B,facebook/nllb-200-1.3B,17,nounsverbsadj,825,0.9084446430206299
nllb200_1B,facebook/nllb-200-1.3B,17,nounsverbsadj,826,0.9670800566673279
nllb200_1B,facebook/nllb-200-1.3B,17,nounsverbsadj,827,0.9518911838531494
nllb200_1B,facebook/nllb-200-1.3B,17,nounsverbsadj,828,0.7905041575431824
nllb200_1B,facebook/nllb-200-1.3B,17,nounsverbsadj,829,0.9227882623672485
nllb200_1B,facebook/nllb-200-1.3B,17,nounsverbsadj,830,0.9337393045425415
nllb200_1B,facebook/nllb-200-1.3B,17,nounsverbsadj,831,0.917475163936615
nllb200_1B,facebook/nllb-200-1.3B,17,nounsverbsadj,832,0.9480388164520264
nllb200_1B,facebook/nllb-200-1.3B,17,nounsverbsadj,833,0.7836107015609741
nllb200_1B,facebook/nllb-200-1.3B,17,nounsverbsadj,834,0.9554108381271362
nllb200_1B,facebook/nllb-200-1.3B,17,nounsverbsadj,835,0.9624409079551697
nllb200_1B,facebook/nllb-200-1.3B,17,nounsverbsadj,836,0.9585466980934143
nllb200_1B,facebook/nllb-200-1.3B,17,nounsverbsadj,837,0.9437417984008789
nllb200_1B,facebook/nllb-200-1.3B,17,nounsverbsadj,838,0.9406352639198303
nllb200_1B,facebook/nllb-200-1.3B,17,nounsverbsadj,839,0.9500041007995605
nllb200_1B,facebook/nllb-200-1.3B,17,nounsverbsadj,840,0.9408998489379883
nllb200_1B,facebook/nllb-200-1.3B,17,nounsverbsadj,841,0.9596089720726013
nllb200_1B,facebook/nllb-200-1.3B,17,nounsverbsadj,842,0.9537512063980103
nllb200_1B,facebook/nllb-200-1.3B,17,nounsverbsadj,843,0.9279987215995789
nllb200_1B,facebook/nllb-200-1.3B,17,nounsverbsadj,844,0.9284859895706177
nllb200_1B,facebook/nllb-200-1.3B,17,nounsverbsadj,845,0.9300570487976074
nllb200_1B,facebook/nllb-200-1.3B,17,nounsverbsadj,846,0.9264832139015198
nllb200_1B,facebook/nllb-200-1.3B,17,nounsverbsadj,847,0.9319733381271362
nllb200_1B,facebook/nllb-200-1.3B,17,nounsverbsadj,848,0.9477182626724243
nllb200_1B,facebook/nllb-200-1.3B,17,nounsverbsadj,849,0.9426239132881165
nllb200_1B,facebook/nllb-200-1.3B,17,nounsverbsadj,850,0.9550895690917969
nllb200_1B,facebook/nllb-200-1.3B,17,nounsverbsadj,851,0.9490444660186768
nllb200_1B,facebook/nllb-200-1.3B,17,nounsverbsadj,852,0.9502747058868408
nllb200_1B,facebook/nllb-200-1.3B,17,nounsverbsadj,853,0.9455578327178955
nllb200_1B,facebook/nllb-200-1.3B,17,nounsverbsadj,854,0.9336708784103394
nllb200_1B,facebook/nllb-200-1.3B,17,nounsverbsadj,855,0.9395223259925842
nllb200_1B,facebook/nllb-200-1.3B,17,nounsverbsadj,856,0.9541724920272827
nllb200_1B,facebook/nllb-200-1.3B,17,nounsverbsadj,857,0.9193733334541321
nllb200_1B,facebook/nllb-200-1.3B,17,nounsverbsadj,858,0.9543407559394836
nllb200_1B,facebook/nllb-200-1.3B,17,nounsverbsadj,859,0.9506534337997437
nllb200_1B,facebook/nllb-200-1.3B,17,nounsverbsadj,860,0.9490457773208618
nllb200_1B,facebook/nllb-200-1.3B,17,nounsverbsadj,861,0.9522303342819214
nllb200_1B,facebook/nllb-200-1.3B,17,nounsverbsadj,862,0.952021062374115
nllb200_1B,facebook/nllb-200-1.3B,17,nounsverbsadj,863,0.946888267993927
nllb200_1B,facebook/nllb-200-1.3B,17,nounsverbsadj,864,0.9416300058364868
nllb200_1B,facebook/nllb-200-1.3B,17,nounsverbsadj,865,0.9349738359451294
nllb200_1B,facebook/nllb-200-1.3B,17,nounsverbsadj,866,0.9459736943244934
nllb200_1B,facebook/nllb-200-1.3B,17,nounsverbsadj,867,0.9409999847412109
nllb200_1B,facebook/nllb-200-1.3B,17,nounsverbsadj,868,0.9261337518692017
nllb200_1B,facebook/nllb-200-1.3B,17,nounsverbsadj,869,0.9425266981124878
nllb200_1B,facebook/nllb-200-1.3B,17,nounsverbsadj,870,0.9502550363540649
nllb200_1B,facebook/nllb-200-1.3B,17,nounsverbsadj,871,0.934682309627533
nllb200_1B,facebook/nllb-200-1.3B,17,nounsverbsadj,872,0.956023097038269
nllb200_1B,facebook/nllb-200-1.3B,17,nounsverbsadj,873,0.9638348817825317
nllb200_1B,facebook/nllb-200-1.3B,17,nounsverbsadj,874,0.9544080495834351
nllb200_1B,facebook/nllb-200-1.3B,17,nounsverbsadj,875,0.9465266466140747
nllb200_1B,facebook/nllb-200-1.3B,17,nounsverbsadj,876,0.9458104372024536
nllb200_1B,facebook/nllb-200-1.3B,17,nounsverbsadj,877,0.947778046131134
nllb200_1B,facebook/nllb-200-1.3B,17,nounsverbsadj,878,0.9442265033721924
nllb200_1B,facebook/nllb-200-1.3B,17,nounsverbsadj,879,0.9347420930862427
nllb200_1B,facebook/nllb-200-1.3B,17,nounsverbsadj,880,0.9471347332000732
nllb200_1B,facebook/nllb-200-1.3B,17,nounsverbsadj,881,0.925219714641571
nllb200_1B,facebook/nllb-200-1.3B,17,nounsverbsadj,882,0.9505290985107422
nllb200_1B,facebook/nllb-200-1.3B,17,nounsverbsadj,883,0.9328566789627075
nllb200_1B,facebook/nllb-200-1.3B,17,nounsverbsadj,884,0.9391312599182129
nllb200_1B,facebook/nllb-200-1.3B,17,nounsverbsadj,885,0.939670205116272
nllb200_1B,facebook/nllb-200-1.3B,17,nounsverbsadj,886,0.9304563403129578
nllb200_1B,facebook/nllb-200-1.3B,17,nounsverbsadj,887,0.9437084197998047
nllb200_1B,facebook/nllb-200-1.3B,17,nounsverbsadj,888,0.9063944816589355
nllb200_1B,facebook/nllb-200-1.3B,17,nounsverbsadj,889,0.7969745397567749
nllb200_1B,facebook/nllb-200-1.3B,17,nounsverbsadj,890,0.9376795887947083
nllb200_1B,facebook/nllb-200-1.3B,17,nounsverbsadj,891,0.9298778772354126
nllb200_1B,facebook/nllb-200-1.3B,17,nounsverbsadj,892,0.8961317539215088
nllb200_1B,facebook/nllb-200-1.3B,17,nounsverbsadj,893,0.7477589249610901
nllb200_1B,facebook/nllb-200-1.3B,17,nounsverbsadj,894,0.7955742478370667
nllb200_1B,facebook/nllb-200-1.3B,17,nounsverbsadj,895,0.956476092338562
nllb200_1B,facebook/nllb-200-1.3B,17,nounsverbsadj,896,0.9449658393859863
nllb200_1B,facebook/nllb-200-1.3B,17,nounsverbsadj,897,0.9497190713882446
nllb200_1B,facebook/nllb-200-1.3B,17,nounsverbsadj,898,0.9294471740722656
nllb200_1B,facebook/nllb-200-1.3B,17,nounsverbsadj,899,0.9082825183868408
nllb200_1B,facebook/nllb-200-1.3B,17,nounsverbsadj,900,0.749906063079834
nllb200_1B,facebook/nllb-200-1.3B,17,nounsverbsadj,901,0.9413378238677979
nllb200_1B,facebook/nllb-200-1.3B,17,nounsverbsadj,902,0.715690553188324
nllb200_1B,facebook/nllb-200-1.3B,17,nounsverbsadj,903,0.8362149596214294
nllb200_1B,facebook/nllb-200-1.3B,17,nounsverbsadj,904,0.9440069198608398
nllb200_1B,facebook/nllb-200-1.3B,17,nounsverbsadj,905,0.8042435646057129
nllb200_1B,facebook/nllb-200-1.3B,17,nounsverbsadj,906,0.9628126621246338
nllb200_1B,facebook/nllb-200-1.3B,17,nounsverbsadj,907,0.797656774520874
nllb200_1B,facebook/nllb-200-1.3B,17,nounsverbsadj,908,0.9609999656677246
nllb200_1B,facebook/nllb-200-1.3B,17,nounsverbsadj,909,0.7906792163848877
nllb200_1B,facebook/nllb-200-1.3B,17,nounsverbsadj,910,0.7426795363426208
nllb200_1B,facebook/nllb-200-1.3B,17,nounsverbsadj,911,0.8102387189865112
nllb200_1B,facebook/nllb-200-1.3B,17,nounsverbsadj,912,0.7973455190658569
nllb200_1B,facebook/nllb-200-1.3B,17,nounsverbsadj,913,0.9551304578781128
nllb200_1B,facebook/nllb-200-1.3B,17,nounsverbsadj,914,0.9532788395881653
nllb200_1B,facebook/nllb-200-1.3B,17,nounsverbsadj,915,0.8401827812194824
nllb200_1B,facebook/nllb-200-1.3B,17,nounsverbsadj,916,0.9495798945426941
nllb200_1B,facebook/nllb-200-1.3B,17,nounsverbsadj,917,0.9592363238334656
nllb200_1B,facebook/nllb-200-1.3B,17,nounsverbsadj,918,0.9478155374526978
nllb200_1B,facebook/nllb-200-1.3B,17,nounsverbsadj,919,0.7875568270683289
nllb200_1B,facebook/nllb-200-1.3B,17,nounsverbsadj,920,0.9377182722091675
nllb200_1B,facebook/nllb-200-1.3B,17,nounsverbsadj,921,0.6731745004653931
nllb200_1B,facebook/nllb-200-1.3B,17,nounsverbsadj,922,0.9587790966033936
nllb200_1B,facebook/nllb-200-1.3B,17,nounsverbsadj,923,0.9376909732818604
nllb200_1B,facebook/nllb-200-1.3B,17,nounsverbsadj,924,0.9207049012184143
nllb200_1B,facebook/nllb-200-1.3B,17,nounsverbsadj,925,0.9482237100601196
nllb200_1B,facebook/nllb-200-1.3B,17,nounsverbsadj,926,0.9409748315811157
nllb200_1B,facebook/nllb-200-1.3B,17,nounsverbsadj,927,0.915397047996521
nllb200_1B,facebook/nllb-200-1.3B,17,nounsverbsadj,928,0.9403330087661743
nllb200_1B,facebook/nllb-200-1.3B,17,nounsverbsadj,929,0.9139342904090881
nllb200_1B,facebook/nllb-200-1.3B,17,nounsverbsadj,930,0.9573689103126526
nllb200_1B,facebook/nllb-200-1.3B,17,nounsverbsadj,931,0.9610579013824463
nllb200_1B,facebook/nllb-200-1.3B,17,nounsverbsadj,932,0.9423624873161316
nllb200_1B,facebook/nllb-200-1.3B,17,nounsverbsadj,933,0.9557962417602539
nllb200_1B,facebook/nllb-200-1.3B,17,nounsverbsadj,934,0.9230901002883911
nllb200_1B,facebook/nllb-200-1.3B,17,nounsverbsadj,935,0.9641873836517334
nllb200_1B,facebook/nllb-200-1.3B,17,nounsverbsadj,936,0.9355753660202026
nllb200_1B,facebook/nllb-200-1.3B,17,nounsverbsadj,937,0.7349545955657959
nllb200_1B,facebook/nllb-200-1.3B,17,nounsverbsadj,938,0.9428400993347168
nllb200_1B,facebook/nllb-200-1.3B,17,nounsverbsadj,939,0.6793105006217957
nllb200_1B,facebook/nllb-200-1.3B,17,nounsverbsadj,940,0.9467750191688538
nllb200_1B,facebook/nllb-200-1.3B,17,nounsverbsadj,941,0.932087779045105
nllb200_1B,facebook/nllb-200-1.3B,17,nounsverbsadj,942,0.955357015132904
nllb200_1B,facebook/nllb-200-1.3B,17,nounsverbsadj,943,0.9457342028617859
nllb200_1B,facebook/nllb-200-1.3B,17,nounsverbsadj,944,0.9297395348548889
nllb200_1B,facebook/nllb-200-1.3B,17,nounsverbsadj,945,0.9436483383178711
nllb200_1B,facebook/nllb-200-1.3B,17,nounsverbsadj,946,0.9546024799346924
nllb200_1B,facebook/nllb-200-1.3B,17,nounsverbsadj,947,0.9388719797134399
nllb200_1B,facebook/nllb-200-1.3B,17,nounsverbsadj,948,0.9513319730758667
nllb200_1B,facebook/nllb-200-1.3B,17,nounsverbsadj,949,0.9651035070419312
nllb200_1B,facebook/nllb-200-1.3B,17,nounsverbsadj,950,0.9495012760162354
nllb200_1B,facebook/nllb-200-1.3B,17,nounsverbsadj,951,0.9698652029037476
nllb200_1B,facebook/nllb-200-1.3B,17,nounsverbsadj,952,0.9264207482337952
nllb200_1B,facebook/nllb-200-1.3B,17,nounsverbsadj,953,0.9471021890640259
nllb200_1B,facebook/nllb-200-1.3B,17,nounsverbsadj,954,0.9158363342285156
nllb200_1B,facebook/nllb-200-1.3B,17,nounsverbsadj,955,0.9213483333587646
nllb200_1B,facebook/nllb-200-1.3B,17,nounsverbsadj,956,0.9596267342567444
nllb200_1B,facebook/nllb-200-1.3B,17,nounsverbsadj,957,0.9919232726097107
nllb200_1B,facebook/nllb-200-1.3B,17,nounsverbsadj,958,0.9334937334060669
nllb200_1B,facebook/nllb-200-1.3B,17,nounsverbsadj,959,0.9112462997436523
nllb200_1B,facebook/nllb-200-1.3B,17,nounsverbsadj,960,0.9670531749725342
nllb200_1B,facebook/nllb-200-1.3B,17,nounsverbsadj,961,0.9603455066680908
nllb200_1B,facebook/nllb-200-1.3B,17,nounsverbsadj,962,0.9509727954864502
nllb200_1B,facebook/nllb-200-1.3B,17,nounsverbsadj,963,0.9643598198890686
nllb200_1B,facebook/nllb-200-1.3B,17,nounsverbsadj,964,0.9542140960693359
nllb200_1B,facebook/nllb-200-1.3B,17,nounsverbsadj,965,0.9459632635116577
nllb200_1B,facebook/nllb-200-1.3B,17,nounsverbsadj,966,0.9044406414031982
nllb200_1B,facebook/nllb-200-1.3B,17,nounsverbsadj,967,0.9246395826339722
nllb200_1B,facebook/nllb-200-1.3B,17,nounsverbsadj,968,0.9166882038116455
nllb200_1B,facebook/nllb-200-1.3B,17,nounsverbsadj,969,0.9634296894073486
nllb200_1B,facebook/nllb-200-1.3B,17,nounsverbsadj,970,0.7993252873420715
nllb200_1B,facebook/nllb-200-1.3B,17,nounsverbsadj,971,0.9504834413528442
nllb200_1B,facebook/nllb-200-1.3B,17,nounsverbsadj,972,0.9599777460098267
nllb200_1B,facebook/nllb-200-1.3B,17,nounsverbsadj,973,0.8636600971221924
nllb200_1B,facebook/nllb-200-1.3B,17,nounsverbsadj,974,0.959906280040741
nllb200_1B,facebook/nllb-200-1.3B,17,nounsverbsadj,975,0.9152271747589111
nllb200_1B,facebook/nllb-200-1.3B,17,nounsverbsadj,976,0.9462502002716064
nllb200_1B,facebook/nllb-200-1.3B,17,nounsverbsadj,977,0.9373513460159302
nllb200_1B,facebook/nllb-200-1.3B,17,nounsverbsadj,978,0.9508320093154907
nllb200_1B,facebook/nllb-200-1.3B,17,nounsverbsadj,979,0.9494063854217529
nllb200_1B,facebook/nllb-200-1.3B,17,nounsverbsadj,980,0.9487830400466919
nllb200_1B,facebook/nllb-200-1.3B,17,nounsverbsadj,981,0.9466868042945862
nllb200_1B,facebook/nllb-200-1.3B,17,nounsverbsadj,982,0.943028450012207
nllb200_1B,facebook/nllb-200-1.3B,17,nounsverbsadj,983,0.9419429302215576
nllb200_1B,facebook/nllb-200-1.3B,17,nounsverbsadj,984,0.9487028121948242
nllb200_1B,facebook/nllb-200-1.3B,17,nounsverbsadj,985,0.9415948390960693
nllb200_1B,facebook/nllb-200-1.3B,17,nounsverbsadj,986,0.9810595512390137
nllb200_1B,facebook/nllb-200-1.3B,17,nounsverbsadj,987,0.9482235312461853
nllb200_1B,facebook/nllb-200-1.3B,17,nounsverbsadj,988,0.9491021037101746
nllb200_1B,facebook/nllb-200-1.3B,17,nounsverbsadj,989,0.9900059700012207
nllb200_1B,facebook/nllb-200-1.3B,17,nounsverbsadj,990,0.9645393490791321
nllb200_1B,facebook/nllb-200-1.3B,17,nounsverbsadj,991,0.9359703063964844
nllb200_1B,facebook/nllb-200-1.3B,17,nounsverbsadj,992,0.9228091239929199
nllb200_1B,facebook/nllb-200-1.3B,17,nounsverbsadj,993,0.8306946158409119
nllb200_1B,facebook/nllb-200-1.3B,17,nounsverbsadj,994,0.9287813901901245
nllb200_1B,facebook/nllb-200-1.3B,17,nounsverbsadj,995,0.9156767129898071
nllb200_1B,facebook/nllb-200-1.3B,17,nounsverbsadj,996,0.8211031556129456
nllb200_1B,facebook/nllb-200-1.3B,17,nounsverbsadj,997,0.958522379398346
nllb200_1B,facebook/nllb-200-1.3B,17,nounsverbsadj,998,0.9436149001121521
nllb200_1B,facebook/nllb-200-1.3B,17,nounsverbsadj,999,0.9286235570907593
nllb200_1B,facebook/nllb-200-1.3B,17,functionwords,0,0.9394153952598572
nllb200_1B,facebook/nllb-200-1.3B,17,functionwords,1,0.7824501991271973
nllb200_1B,facebook/nllb-200-1.3B,17,functionwords,2,0.9331866502761841
nllb200_1B,facebook/nllb-200-1.3B,17,functionwords,3,0.9469379782676697
nllb200_1B,facebook/nllb-200-1.3B,17,functionwords,4,0.9494733810424805
nllb200_1B,facebook/nllb-200-1.3B,17,functionwords,5,0.950043797492981
nllb200_1B,facebook/nllb-200-1.3B,17,functionwords,6,0.9454200267791748
nllb200_1B,facebook/nllb-200-1.3B,17,functionwords,7,0.9457098245620728
nllb200_1B,facebook/nllb-200-1.3B,17,functionwords,8,0.931365966796875
nllb200_1B,facebook/nllb-200-1.3B,17,functionwords,9,0.9422606229782104
nllb200_1B,facebook/nllb-200-1.3B,17,functionwords,10,0.9429630041122437
nllb200_1B,facebook/nllb-200-1.3B,17,functionwords,11,0.9579922556877136
nllb200_1B,facebook/nllb-200-1.3B,17,functionwords,12,0.9361536502838135
nllb200_1B,facebook/nllb-200-1.3B,17,functionwords,13,0.9360801577568054
nllb200_1B,facebook/nllb-200-1.3B,17,functionwords,14,0.933691143989563
nllb200_1B,facebook/nllb-200-1.3B,17,functionwords,15,0.9567396640777588
nllb200_1B,facebook/nllb-200-1.3B,17,functionwords,16,0.941057026386261
nllb200_1B,facebook/nllb-200-1.3B,17,functionwords,17,0.93651282787323
nllb200_1B,facebook/nllb-200-1.3B,17,functionwords,18,0.9416754245758057
nllb200_1B,facebook/nllb-200-1.3B,17,functionwords,19,0.9376224279403687
nllb200_1B,facebook/nllb-200-1.3B,17,functionwords,20,0.9559856653213501
nllb200_1B,facebook/nllb-200-1.3B,17,functionwords,21,0.9505287408828735
nllb200_1B,facebook/nllb-200-1.3B,17,functionwords,22,0.9617370367050171
nllb200_1B,facebook/nllb-200-1.3B,17,functionwords,23,0.9559966921806335
nllb200_1B,facebook/nllb-200-1.3B,17,functionwords,24,0.9537886381149292
nllb200_1B,facebook/nllb-200-1.3B,17,functionwords,25,0.9511899948120117
nllb200_1B,facebook/nllb-200-1.3B,17,functionwords,26,0.957444429397583
nllb200_1B,facebook/nllb-200-1.3B,17,functionwords,27,0.9389610290527344
nllb200_1B,facebook/nllb-200-1.3B,17,functionwords,28,0.9560911059379578
nllb200_1B,facebook/nllb-200-1.3B,17,functionwords,29,0.9516998529434204
nllb200_1B,facebook/nllb-200-1.3B,17,functionwords,30,0.9254947900772095
nllb200_1B,facebook/nllb-200-1.3B,17,functionwords,31,0.9482318758964539
nllb200_1B,facebook/nllb-200-1.3B,17,functionwords,32,0.9418982267379761
nllb200_1B,facebook/nllb-200-1.3B,17,functionwords,33,0.9402170181274414
nllb200_1B,facebook/nllb-200-1.3B,17,functionwords,34,0.9416536092758179
nllb200_1B,facebook/nllb-200-1.3B,17,functionwords,35,0.9476688504219055
nllb200_1B,facebook/nllb-200-1.3B,17,functionwords,36,0.9262202978134155
nllb200_1B,facebook/nllb-200-1.3B,17,functionwords,37,0.9288725256919861
nllb200_1B,facebook/nllb-200-1.3B,17,functionwords,38,0.9453617930412292
nllb200_1B,facebook/nllb-200-1.3B,17,functionwords,39,0.9335144758224487
nllb200_1B,facebook/nllb-200-1.3B,17,functionwords,40,0.9495785236358643
nllb200_1B,facebook/nllb-200-1.3B,17,functionwords,41,0.9570027589797974
nllb200_1B,facebook/nllb-200-1.3B,17,functionwords,42,0.8383562564849854
nllb200_1B,facebook/nllb-200-1.3B,17,functionwords,43,0.955773115158081
nllb200_1B,facebook/nllb-200-1.3B,17,functionwords,44,0.9582051634788513
nllb200_1B,facebook/nllb-200-1.3B,17,functionwords,45,0.9526980519294739
nllb200_1B,facebook/nllb-200-1.3B,17,functionwords,46,0.9545762538909912
nllb200_1B,facebook/nllb-200-1.3B,17,functionwords,47,0.9288344383239746
nllb200_1B,facebook/nllb-200-1.3B,17,functionwords,48,0.9465672373771667
nllb200_1B,facebook/nllb-200-1.3B,17,functionwords,49,0.9465407133102417
nllb200_1B,facebook/nllb-200-1.3B,17,functionwords,50,0.9451192617416382
nllb200_1B,facebook/nllb-200-1.3B,17,functionwords,51,0.964741587638855
nllb200_1B,facebook/nllb-200-1.3B,17,functionwords,52,0.9628609418869019
nllb200_1B,facebook/nllb-200-1.3B,17,functionwords,53,0.9582739472389221
nllb200_1B,facebook/nllb-200-1.3B,17,functionwords,54,0.9585378170013428
nllb200_1B,facebook/nllb-200-1.3B,17,functionwords,55,0.9554179906845093
nllb200_1B,facebook/nllb-200-1.3B,17,functionwords,56,0.9601615071296692
nllb200_1B,facebook/nllb-200-1.3B,17,functionwords,57,0.9589725732803345
nllb200_1B,facebook/nllb-200-1.3B,17,functionwords,58,0.956652820110321
nllb200_1B,facebook/nllb-200-1.3B,17,functionwords,59,0.9585464000701904
nllb200_1B,facebook/nllb-200-1.3B,17,functionwords,60,0.9563670754432678
nllb200_1B,facebook/nllb-200-1.3B,17,functionwords,61,0.9507684111595154
nllb200_1B,facebook/nllb-200-1.3B,17,functionwords,62,0.9274054765701294
nllb200_1B,facebook/nllb-200-1.3B,17,functionwords,63,0.9272487759590149
nllb200_1B,facebook/nllb-200-1.3B,17,functionwords,64,0.9377573132514954
nllb200_1B,facebook/nllb-200-1.3B,17,functionwords,65,0.9364040493965149
nllb200_1B,facebook/nllb-200-1.3B,17,functionwords,66,0.9343992471694946
nllb200_1B,facebook/nllb-200-1.3B,17,functionwords,67,0.9470379948616028
nllb200_1B,facebook/nllb-200-1.3B,17,functionwords,68,0.9490573406219482
nllb200_1B,facebook/nllb-200-1.3B,17,functionwords,69,0.7328022718429565
nllb200_1B,facebook/nllb-200-1.3B,17,functionwords,70,0.9484015107154846
nllb200_1B,facebook/nllb-200-1.3B,17,functionwords,71,0.960269570350647
nllb200_1B,facebook/nllb-200-1.3B,17,functionwords,72,0.9614898562431335
nllb200_1B,facebook/nllb-200-1.3B,17,functionwords,73,0.9358799457550049
nllb200_1B,facebook/nllb-200-1.3B,17,functionwords,74,0.9561176300048828
nllb200_1B,facebook/nllb-200-1.3B,17,functionwords,75,0.9426220655441284
nllb200_1B,facebook/nllb-200-1.3B,17,functionwords,76,0.6858898401260376
nllb200_1B,facebook/nllb-200-1.3B,17,functionwords,77,0.9503253698348999
nllb200_1B,facebook/nllb-200-1.3B,17,functionwords,78,0.8566893339157104
nllb200_1B,facebook/nllb-200-1.3B,17,functionwords,79,0.940531849861145
nllb200_1B,facebook/nllb-200-1.3B,17,functionwords,80,0.9503465890884399
nllb200_1B,facebook/nllb-200-1.3B,17,functionwords,81,0.8314874172210693
nllb200_1B,facebook/nllb-200-1.3B,17,functionwords,82,0.9499562978744507
nllb200_1B,facebook/nllb-200-1.3B,17,functionwords,83,0.8101239204406738
nllb200_1B,facebook/nllb-200-1.3B,17,functionwords,84,0.9614905118942261
nllb200_1B,facebook/nllb-200-1.3B,17,functionwords,85,0.9404924511909485
nllb200_1B,facebook/nllb-200-1.3B,17,functionwords,86,0.9472965598106384
nllb200_1B,facebook/nllb-200-1.3B,17,functionwords,87,0.8107624650001526
nllb200_1B,facebook/nllb-200-1.3B,17,functionwords,88,0.9657288789749146
nllb200_1B,facebook/nllb-200-1.3B,17,functionwords,89,0.9247690439224243
nllb200_1B,facebook/nllb-200-1.3B,17,functionwords,90,0.9122600555419922
nllb200_1B,facebook/nllb-200-1.3B,17,functionwords,91,0.9395923614501953
nllb200_1B,facebook/nllb-200-1.3B,17,functionwords,92,0.7225955128669739
nllb200_1B,facebook/nllb-200-1.3B,17,functionwords,93,0.7196662425994873
nllb200_1B,facebook/nllb-200-1.3B,17,functionwords,94,0.9494560956954956
nllb200_1B,facebook/nllb-200-1.3B,17,functionwords,95,0.9633719325065613
nllb200_1B,facebook/nllb-200-1.3B,17,functionwords,96,0.9337366819381714
nllb200_1B,facebook/nllb-200-1.3B,17,functionwords,97,0.9530184268951416
nllb200_1B,facebook/nllb-200-1.3B,17,functionwords,98,0.7784124612808228
nllb200_1B,facebook/nllb-200-1.3B,17,functionwords,99,0.9570897221565247
nllb200_1B,facebook/nllb-200-1.3B,17,functionwords,100,0.9364437460899353
nllb200_1B,facebook/nllb-200-1.3B,17,functionwords,101,0.8015477657318115
nllb200_1B,facebook/nllb-200-1.3B,17,functionwords,102,0.7597482204437256
nllb200_1B,facebook/nllb-200-1.3B,17,functionwords,103,0.937846839427948
nllb200_1B,facebook/nllb-200-1.3B,17,functionwords,104,0.9491704702377319
nllb200_1B,facebook/nllb-200-1.3B,17,functionwords,105,0.9575220346450806
nllb200_1B,facebook/nllb-200-1.3B,17,functionwords,106,0.9626389741897583
nllb200_1B,facebook/nllb-200-1.3B,17,functionwords,107,0.7803646922111511
nllb200_1B,facebook/nllb-200-1.3B,17,functionwords,108,0.9620747566223145
nllb200_1B,facebook/nllb-200-1.3B,17,functionwords,109,0.9506357908248901
nllb200_1B,facebook/nllb-200-1.3B,17,functionwords,110,0.9641984105110168
nllb200_1B,facebook/nllb-200-1.3B,17,functionwords,111,0.9520055055618286
nllb200_1B,facebook/nllb-200-1.3B,17,functionwords,112,0.9366512894630432
nllb200_1B,facebook/nllb-200-1.3B,17,functionwords,113,0.9475994110107422
nllb200_1B,facebook/nllb-200-1.3B,17,functionwords,114,0.9500046372413635
nllb200_1B,facebook/nllb-200-1.3B,17,functionwords,115,0.9598448276519775
nllb200_1B,facebook/nllb-200-1.3B,17,functionwords,116,0.9209636449813843
nllb200_1B,facebook/nllb-200-1.3B,17,functionwords,117,0.9449983835220337
nllb200_1B,facebook/nllb-200-1.3B,17,functionwords,118,0.950348973274231
nllb200_1B,facebook/nllb-200-1.3B,17,functionwords,119,0.9550979733467102
nllb200_1B,facebook/nllb-200-1.3B,17,functionwords,120,0.9303873777389526
nllb200_1B,facebook/nllb-200-1.3B,17,functionwords,121,0.926961362361908
nllb200_1B,facebook/nllb-200-1.3B,17,functionwords,122,0.949033260345459
nllb200_1B,facebook/nllb-200-1.3B,17,functionwords,123,0.9507465958595276
nllb200_1B,facebook/nllb-200-1.3B,17,functionwords,124,0.9563729763031006
nllb200_1B,facebook/nllb-200-1.3B,17,functionwords,125,0.9464263916015625
nllb200_1B,facebook/nllb-200-1.3B,17,functionwords,126,0.9457501769065857
nllb200_1B,facebook/nllb-200-1.3B,17,functionwords,127,0.9464931488037109
nllb200_1B,facebook/nllb-200-1.3B,17,functionwords,128,0.9245501756668091
nllb200_1B,facebook/nllb-200-1.3B,17,functionwords,129,0.9607032537460327
nllb200_1B,facebook/nllb-200-1.3B,17,functionwords,130,0.9450350999832153
nllb200_1B,facebook/nllb-200-1.3B,17,functionwords,131,0.9150024056434631
nllb200_1B,facebook/nllb-200-1.3B,17,functionwords,132,0.927143931388855
nllb200_1B,facebook/nllb-200-1.3B,17,functionwords,133,0.9190142750740051
nllb200_1B,facebook/nllb-200-1.3B,17,functionwords,134,0.9497660994529724
nllb200_1B,facebook/nllb-200-1.3B,17,functionwords,135,0.9527845978736877
nllb200_1B,facebook/nllb-200-1.3B,17,functionwords,136,0.9571571350097656
nllb200_1B,facebook/nllb-200-1.3B,17,functionwords,137,0.9376058578491211
nllb200_1B,facebook/nllb-200-1.3B,17,functionwords,138,0.946377158164978
nllb200_1B,facebook/nllb-200-1.3B,17,functionwords,139,0.9437220096588135
nllb200_1B,facebook/nllb-200-1.3B,17,functionwords,140,0.9534951448440552
nllb200_1B,facebook/nllb-200-1.3B,17,functionwords,141,0.9383881092071533
nllb200_1B,facebook/nllb-200-1.3B,17,functionwords,142,0.9481377601623535
nllb200_1B,facebook/nllb-200-1.3B,17,functionwords,143,0.9108558297157288
nllb200_1B,facebook/nllb-200-1.3B,17,functionwords,144,0.9486626386642456
nllb200_1B,facebook/nllb-200-1.3B,17,functionwords,145,0.9452552795410156
nllb200_1B,facebook/nllb-200-1.3B,17,functionwords,146,0.9535882472991943
nllb200_1B,facebook/nllb-200-1.3B,17,functionwords,147,0.955582857131958
nllb200_1B,facebook/nllb-200-1.3B,17,functionwords,148,0.9469064474105835
nllb200_1B,facebook/nllb-200-1.3B,17,functionwords,149,0.9585332870483398
nllb200_1B,facebook/nllb-200-1.3B,17,functionwords,150,0.9429774880409241
nllb200_1B,facebook/nllb-200-1.3B,17,functionwords,151,0.9226378798484802
nllb200_1B,facebook/nllb-200-1.3B,17,functionwords,152,0.9400447607040405
nllb200_1B,facebook/nllb-200-1.3B,17,functionwords,153,0.9506900906562805
nllb200_1B,facebook/nllb-200-1.3B,17,functionwords,154,0.9334135055541992
nllb200_1B,facebook/nllb-200-1.3B,17,functionwords,155,0.9502608776092529
nllb200_1B,facebook/nllb-200-1.3B,17,functionwords,156,0.9711516499519348
nllb200_1B,facebook/nllb-200-1.3B,17,functionwords,157,0.9598461985588074
nllb200_1B,facebook/nllb-200-1.3B,17,functionwords,158,0.9392198920249939
nllb200_1B,facebook/nllb-200-1.3B,17,functionwords,159,0.9572936296463013
nllb200_1B,facebook/nllb-200-1.3B,17,functionwords,160,0.9061555862426758
nllb200_1B,facebook/nllb-200-1.3B,17,functionwords,161,0.93989098072052
nllb200_1B,facebook/nllb-200-1.3B,17,functionwords,162,0.9125986099243164
nllb200_1B,facebook/nllb-200-1.3B,17,functionwords,163,0.9433673024177551
nllb200_1B,facebook/nllb-200-1.3B,17,functionwords,164,0.9378501176834106
nllb200_1B,facebook/nllb-200-1.3B,17,functionwords,165,0.9601274728775024
nllb200_1B,facebook/nllb-200-1.3B,17,functionwords,166,0.9481967687606812
nllb200_1B,facebook/nllb-200-1.3B,17,functionwords,167,0.9491220116615295
nllb200_1B,facebook/nllb-200-1.3B,17,functionwords,168,0.9444706439971924
nllb200_1B,facebook/nllb-200-1.3B,17,functionwords,169,0.9629313945770264
nllb200_1B,facebook/nllb-200-1.3B,17,functionwords,170,0.9513933658599854
nllb200_1B,facebook/nllb-200-1.3B,17,functionwords,171,0.9438328742980957
nllb200_1B,facebook/nllb-200-1.3B,17,functionwords,172,0.9170347452163696
nllb200_1B,facebook/nllb-200-1.3B,17,functionwords,173,0.9456045031547546
nllb200_1B,facebook/nllb-200-1.3B,17,functionwords,174,0.9613350629806519
nllb200_1B,facebook/nllb-200-1.3B,17,functionwords,175,0.9547545909881592
nllb200_1B,facebook/nllb-200-1.3B,17,functionwords,176,0.9442765712738037
nllb200_1B,facebook/nllb-200-1.3B,17,functionwords,177,0.9498926401138306
nllb200_1B,facebook/nllb-200-1.3B,17,functionwords,178,0.9202982187271118
nllb200_1B,facebook/nllb-200-1.3B,17,functionwords,179,0.9392879009246826
nllb200_1B,facebook/nllb-200-1.3B,17,functionwords,180,0.920710027217865
nllb200_1B,facebook/nllb-200-1.3B,17,functionwords,181,0.632892370223999
nllb200_1B,facebook/nllb-200-1.3B,17,functionwords,182,0.9614635705947876
nllb200_1B,facebook/nllb-200-1.3B,17,functionwords,183,0.91856849193573
nllb200_1B,facebook/nllb-200-1.3B,17,functionwords,184,0.9321886897087097
nllb200_1B,facebook/nllb-200-1.3B,17,functionwords,185,0.83855140209198
nllb200_1B,facebook/nllb-200-1.3B,17,functionwords,186,0.9206897020339966
nllb200_1B,facebook/nllb-200-1.3B,17,functionwords,187,0.7254544496536255
nllb200_1B,facebook/nllb-200-1.3B,17,functionwords,188,0.9406464099884033
nllb200_1B,facebook/nllb-200-1.3B,17,functionwords,189,0.9583818912506104
nllb200_1B,facebook/nllb-200-1.3B,17,functionwords,190,0.8669268488883972
nllb200_1B,facebook/nllb-200-1.3B,17,functionwords,191,0.9385048151016235
nllb200_1B,facebook/nllb-200-1.3B,17,functionwords,192,0.9615833759307861
nllb200_1B,facebook/nllb-200-1.3B,17,functionwords,193,0.9635095596313477
nllb200_1B,facebook/nllb-200-1.3B,17,functionwords,194,0.9506659507751465
nllb200_1B,facebook/nllb-200-1.3B,17,functionwords,195,0.7866281867027283
nllb200_1B,facebook/nllb-200-1.3B,17,functionwords,196,0.9513777494430542
nllb200_1B,facebook/nllb-200-1.3B,17,functionwords,197,0.6529896259307861
nllb200_1B,facebook/nllb-200-1.3B,17,functionwords,198,0.7722947001457214
nllb200_1B,facebook/nllb-200-1.3B,17,functionwords,199,0.9188532829284668
nllb200_1B,facebook/nllb-200-1.3B,17,functionwords,200,0.9572536945343018
nllb200_1B,facebook/nllb-200-1.3B,17,functionwords,201,0.9434601068496704
nllb200_1B,facebook/nllb-200-1.3B,17,functionwords,202,0.9621050357818604
nllb200_1B,facebook/nllb-200-1.3B,17,functionwords,203,0.9416553974151611
nllb200_1B,facebook/nllb-200-1.3B,17,functionwords,204,0.9465014338493347
nllb200_1B,facebook/nllb-200-1.3B,17,functionwords,205,0.9506633877754211
nllb200_1B,facebook/nllb-200-1.3B,17,functionwords,206,0.936911940574646
nllb200_1B,facebook/nllb-200-1.3B,17,functionwords,207,0.9333179593086243
nllb200_1B,facebook/nllb-200-1.3B,17,functionwords,208,0.9592867493629456
nllb200_1B,facebook/nllb-200-1.3B,17,functionwords,209,0.9542757868766785
nllb200_1B,facebook/nllb-200-1.3B,17,functionwords,210,0.9502734541893005
nllb200_1B,facebook/nllb-200-1.3B,17,functionwords,211,0.9566445350646973
nllb200_1B,facebook/nllb-200-1.3B,17,functionwords,212,0.9342528581619263
nllb200_1B,facebook/nllb-200-1.3B,17,functionwords,213,0.9314959049224854
nllb200_1B,facebook/nllb-200-1.3B,17,functionwords,214,0.943638801574707
nllb200_1B,facebook/nllb-200-1.3B,17,functionwords,215,0.9519206285476685
nllb200_1B,facebook/nllb-200-1.3B,17,functionwords,216,0.754645824432373
nllb200_1B,facebook/nllb-200-1.3B,17,functionwords,217,0.7900772094726562
nllb200_1B,facebook/nllb-200-1.3B,17,functionwords,218,0.9500324130058289
nllb200_1B,facebook/nllb-200-1.3B,17,functionwords,219,0.9199578166007996
nllb200_1B,facebook/nllb-200-1.3B,17,functionwords,220,0.9393727779388428
nllb200_1B,facebook/nllb-200-1.3B,17,functionwords,221,0.9559244513511658
nllb200_1B,facebook/nllb-200-1.3B,17,functionwords,222,0.9669577479362488
nllb200_1B,facebook/nllb-200-1.3B,17,functionwords,223,0.7288023233413696
nllb200_1B,facebook/nllb-200-1.3B,17,functionwords,224,0.9584283828735352
nllb200_1B,facebook/nllb-200-1.3B,17,functionwords,225,0.7931312322616577
nllb200_1B,facebook/nllb-200-1.3B,17,functionwords,226,0.953842043876648
nllb200_1B,facebook/nllb-200-1.3B,17,functionwords,227,0.957656741142273
nllb200_1B,facebook/nllb-200-1.3B,17,functionwords,228,0.9436987638473511
nllb200_1B,facebook/nllb-200-1.3B,17,functionwords,229,0.9638781547546387
nllb200_1B,facebook/nllb-200-1.3B,17,functionwords,230,0.9516054391860962
nllb200_1B,facebook/nllb-200-1.3B,17,functionwords,231,0.748043417930603
nllb200_1B,facebook/nllb-200-1.3B,17,functionwords,232,0.7446553111076355
nllb200_1B,facebook/nllb-200-1.3B,17,functionwords,233,0.951151967048645
nllb200_1B,facebook/nllb-200-1.3B,17,functionwords,234,0.9501938223838806
nllb200_1B,facebook/nllb-200-1.3B,17,functionwords,235,0.7885733842849731
nllb200_1B,facebook/nllb-200-1.3B,17,functionwords,236,0.7416918277740479
nllb200_1B,facebook/nllb-200-1.3B,17,functionwords,237,0.7341982126235962
nllb200_1B,facebook/nllb-200-1.3B,17,functionwords,238,0.959852933883667
nllb200_1B,facebook/nllb-200-1.3B,17,functionwords,239,0.6964759826660156
nllb200_1B,facebook/nllb-200-1.3B,17,functionwords,240,0.9597653746604919
nllb200_1B,facebook/nllb-200-1.3B,17,functionwords,241,0.9308741092681885
nllb200_1B,facebook/nllb-200-1.3B,17,functionwords,242,0.944731593132019
nllb200_1B,facebook/nllb-200-1.3B,17,functionwords,243,0.8375241756439209
nllb200_1B,facebook/nllb-200-1.3B,17,functionwords,244,0.9605835676193237
nllb200_1B,facebook/nllb-200-1.3B,17,functionwords,245,0.9285926818847656
nllb200_1B,facebook/nllb-200-1.3B,17,functionwords,246,0.9567959904670715
nllb200_1B,facebook/nllb-200-1.3B,17,functionwords,247,0.9530779123306274
nllb200_1B,facebook/nllb-200-1.3B,17,functionwords,248,0.784671425819397
nllb200_1B,facebook/nllb-200-1.3B,17,functionwords,249,0.9588792324066162
nllb200_1B,facebook/nllb-200-1.3B,17,functionwords,250,0.9622770547866821
nllb200_1B,facebook/nllb-200-1.3B,17,functionwords,251,0.9612783193588257
nllb200_1B,facebook/nllb-200-1.3B,17,functionwords,252,0.961394190788269
nllb200_1B,facebook/nllb-200-1.3B,17,functionwords,253,0.9507699012756348
nllb200_1B,facebook/nllb-200-1.3B,17,functionwords,254,0.6809682846069336
nllb200_1B,facebook/nllb-200-1.3B,17,functionwords,255,0.9511280655860901
nllb200_1B,facebook/nllb-200-1.3B,17,functionwords,256,0.9485201835632324
nllb200_1B,facebook/nllb-200-1.3B,17,functionwords,257,0.9341667890548706
nllb200_1B,facebook/nllb-200-1.3B,17,functionwords,258,0.950107216835022
nllb200_1B,facebook/nllb-200-1.3B,17,functionwords,259,0.9502280950546265
nllb200_1B,facebook/nllb-200-1.3B,17,functionwords,260,0.8219850063323975
nllb200_1B,facebook/nllb-200-1.3B,17,functionwords,261,0.9602347612380981
nllb200_1B,facebook/nllb-200-1.3B,17,functionwords,262,0.8344780206680298
nllb200_1B,facebook/nllb-200-1.3B,17,functionwords,263,0.9369826316833496
nllb200_1B,facebook/nllb-200-1.3B,17,functionwords,264,0.8123647570610046
nllb200_1B,facebook/nllb-200-1.3B,17,functionwords,265,0.9284569025039673
nllb200_1B,facebook/nllb-200-1.3B,17,functionwords,266,0.9396736025810242
nllb200_1B,facebook/nllb-200-1.3B,17,functionwords,267,0.9511502981185913
nllb200_1B,facebook/nllb-200-1.3B,17,functionwords,268,0.9493813514709473
nllb200_1B,facebook/nllb-200-1.3B,17,functionwords,269,0.9474359750747681
nllb200_1B,facebook/nllb-200-1.3B,17,functionwords,270,0.9565298557281494
nllb200_1B,facebook/nllb-200-1.3B,17,functionwords,271,0.7023158073425293
nllb200_1B,facebook/nllb-200-1.3B,17,functionwords,272,0.9624170064926147
nllb200_1B,facebook/nllb-200-1.3B,17,functionwords,273,0.9629508256912231
nllb200_1B,facebook/nllb-200-1.3B,17,functionwords,274,0.7154293060302734
nllb200_1B,facebook/nllb-200-1.3B,17,functionwords,275,0.9571336507797241
nllb200_1B,facebook/nllb-200-1.3B,17,functionwords,276,0.950710654258728
nllb200_1B,facebook/nllb-200-1.3B,17,functionwords,277,0.9454163312911987
nllb200_1B,facebook/nllb-200-1.3B,17,functionwords,278,0.9607802033424377
nllb200_1B,facebook/nllb-200-1.3B,17,functionwords,279,0.9515368938446045
nllb200_1B,facebook/nllb-200-1.3B,17,functionwords,280,0.9493165612220764
nllb200_1B,facebook/nllb-200-1.3B,17,functionwords,281,0.9671660661697388
nllb200_1B,facebook/nllb-200-1.3B,17,functionwords,282,0.9513952136039734
nllb200_1B,facebook/nllb-200-1.3B,17,functionwords,283,0.951849102973938
nllb200_1B,facebook/nllb-200-1.3B,17,functionwords,284,0.9494035243988037
nllb200_1B,facebook/nllb-200-1.3B,17,functionwords,285,0.9598810076713562
nllb200_1B,facebook/nllb-200-1.3B,17,functionwords,286,0.9337787628173828
nllb200_1B,facebook/nllb-200-1.3B,17,functionwords,287,0.9335317611694336
nllb200_1B,facebook/nllb-200-1.3B,17,functionwords,288,0.9468376636505127
nllb200_1B,facebook/nllb-200-1.3B,17,functionwords,289,0.94874107837677
nllb200_1B,facebook/nllb-200-1.3B,17,functionwords,290,0.933342456817627
nllb200_1B,facebook/nllb-200-1.3B,17,functionwords,291,0.9601541757583618
nllb200_1B,facebook/nllb-200-1.3B,17,functionwords,292,0.9593757390975952
nllb200_1B,facebook/nllb-200-1.3B,17,functionwords,293,0.9582875967025757
nllb200_1B,facebook/nllb-200-1.3B,17,functionwords,294,0.9504443407058716
nllb200_1B,facebook/nllb-200-1.3B,17,functionwords,295,0.9446660280227661
nllb200_1B,facebook/nllb-200-1.3B,17,functionwords,296,0.9547656774520874
nllb200_1B,facebook/nllb-200-1.3B,17,functionwords,297,0.9586995244026184
nllb200_1B,facebook/nllb-200-1.3B,17,functionwords,298,0.9153181314468384
nllb200_1B,facebook/nllb-200-1.3B,17,functionwords,299,0.9501441717147827
nllb200_1B,facebook/nllb-200-1.3B,17,functionwords,300,0.9282181262969971
nllb200_1B,facebook/nllb-200-1.3B,17,functionwords,301,0.9616600275039673
nllb200_1B,facebook/nllb-200-1.3B,17,functionwords,302,0.9459139704704285
nllb200_1B,facebook/nllb-200-1.3B,17,functionwords,303,0.956061601638794
nllb200_1B,facebook/nllb-200-1.3B,17,functionwords,304,0.9498195648193359
nllb200_1B,facebook/nllb-200-1.3B,17,functionwords,305,0.952191174030304
nllb200_1B,facebook/nllb-200-1.3B,17,functionwords,306,0.9511334896087646
nllb200_1B,facebook/nllb-200-1.3B,17,functionwords,307,0.9349514245986938
nllb200_1B,facebook/nllb-200-1.3B,17,functionwords,308,0.9539287686347961
nllb200_1B,facebook/nllb-200-1.3B,17,functionwords,309,0.9554269313812256
nllb200_1B,facebook/nllb-200-1.3B,17,functionwords,310,0.9571694135665894
nllb200_1B,facebook/nllb-200-1.3B,17,functionwords,311,0.9353967905044556
nllb200_1B,facebook/nllb-200-1.3B,17,functionwords,312,0.9239444732666016
nllb200_1B,facebook/nllb-200-1.3B,17,functionwords,313,0.937613844871521
nllb200_1B,facebook/nllb-200-1.3B,17,functionwords,314,0.9583683013916016
nllb200_1B,facebook/nllb-200-1.3B,17,functionwords,315,0.9400879144668579
nllb200_1B,facebook/nllb-200-1.3B,17,functionwords,316,0.9630327224731445
nllb200_1B,facebook/nllb-200-1.3B,17,functionwords,317,0.9346516132354736
nllb200_1B,facebook/nllb-200-1.3B,17,functionwords,318,0.9526656270027161
nllb200_1B,facebook/nllb-200-1.3B,17,functionwords,319,0.9643191695213318
nllb200_1B,facebook/nllb-200-1.3B,17,functionwords,320,0.9270691871643066
nllb200_1B,facebook/nllb-200-1.3B,17,functionwords,321,0.9583103656768799
nllb200_1B,facebook/nllb-200-1.3B,17,functionwords,322,0.9419862627983093
nllb200_1B,facebook/nllb-200-1.3B,17,functionwords,323,0.9644242525100708
nllb200_1B,facebook/nllb-200-1.3B,17,functionwords,324,0.9502406120300293
nllb200_1B,facebook/nllb-200-1.3B,17,functionwords,325,0.9649239778518677
nllb200_1B,facebook/nllb-200-1.3B,17,functionwords,326,0.9504059553146362
nllb200_1B,facebook/nllb-200-1.3B,17,functionwords,327,0.9581851959228516
nllb200_1B,facebook/nllb-200-1.3B,17,functionwords,328,0.9615498781204224
nllb200_1B,facebook/nllb-200-1.3B,17,functionwords,329,0.9391467571258545
nllb200_1B,facebook/nllb-200-1.3B,17,functionwords,330,0.9446578025817871
nllb200_1B,facebook/nllb-200-1.3B,17,functionwords,331,0.9418259859085083
nllb200_1B,facebook/nllb-200-1.3B,17,functionwords,332,0.9421995878219604
nllb200_1B,facebook/nllb-200-1.3B,17,functionwords,333,0.9401992559432983
nllb200_1B,facebook/nllb-200-1.3B,17,functionwords,334,0.9420342445373535
nllb200_1B,facebook/nllb-200-1.3B,17,functionwords,335,0.9428417682647705
nllb200_1B,facebook/nllb-200-1.3B,17,functionwords,336,0.9578423500061035
nllb200_1B,facebook/nllb-200-1.3B,17,functionwords,337,0.9286353588104248
nllb200_1B,facebook/nllb-200-1.3B,17,functionwords,338,0.9460183382034302
nllb200_1B,facebook/nllb-200-1.3B,17,functionwords,339,0.9504079818725586
nllb200_1B,facebook/nllb-200-1.3B,17,functionwords,340,0.9025139808654785
nllb200_1B,facebook/nllb-200-1.3B,17,functionwords,341,0.952547550201416
nllb200_1B,facebook/nllb-200-1.3B,17,functionwords,342,0.9473636150360107
nllb200_1B,facebook/nllb-200-1.3B,17,functionwords,343,0.9435486793518066
nllb200_1B,facebook/nllb-200-1.3B,17,functionwords,344,0.9447631239891052
nllb200_1B,facebook/nllb-200-1.3B,17,functionwords,345,0.953596830368042
nllb200_1B,facebook/nllb-200-1.3B,17,functionwords,346,0.923235297203064
nllb200_1B,facebook/nllb-200-1.3B,17,functionwords,347,0.9397860765457153
nllb200_1B,facebook/nllb-200-1.3B,17,functionwords,348,0.9375392198562622
nllb200_1B,facebook/nllb-200-1.3B,17,functionwords,349,0.9459362030029297
nllb200_1B,facebook/nllb-200-1.3B,17,functionwords,350,0.9634190797805786
nllb200_1B,facebook/nllb-200-1.3B,17,functionwords,351,0.9489325881004333
nllb200_1B,facebook/nllb-200-1.3B,17,functionwords,352,0.9446732401847839
nllb200_1B,facebook/nllb-200-1.3B,17,functionwords,353,0.949378252029419
nllb200_1B,facebook/nllb-200-1.3B,17,functionwords,354,0.9395939707756042
nllb200_1B,facebook/nllb-200-1.3B,17,functionwords,355,0.7733131647109985
nllb200_1B,facebook/nllb-200-1.3B,17,functionwords,356,0.9245576858520508
nllb200_1B,facebook/nllb-200-1.3B,17,functionwords,357,0.9653934240341187
nllb200_1B,facebook/nllb-200-1.3B,17,functionwords,358,0.960220992565155
nllb200_1B,facebook/nllb-200-1.3B,17,functionwords,359,0.9348310232162476
nllb200_1B,facebook/nllb-200-1.3B,17,functionwords,360,0.9614565372467041
nllb200_1B,facebook/nllb-200-1.3B,17,functionwords,361,0.9546442031860352
nllb200_1B,facebook/nllb-200-1.3B,17,functionwords,362,0.9471074342727661
nllb200_1B,facebook/nllb-200-1.3B,17,functionwords,363,0.9369730353355408
nllb200_1B,facebook/nllb-200-1.3B,17,functionwords,364,0.9402177929878235
nllb200_1B,facebook/nllb-200-1.3B,17,functionwords,365,0.9128681421279907
nllb200_1B,facebook/nllb-200-1.3B,17,functionwords,366,0.9477367401123047
nllb200_1B,facebook/nllb-200-1.3B,17,functionwords,367,0.9496849775314331
nllb200_1B,facebook/nllb-200-1.3B,17,functionwords,368,0.9605931043624878
nllb200_1B,facebook/nllb-200-1.3B,17,functionwords,369,0.9532317519187927
nllb200_1B,facebook/nllb-200-1.3B,17,functionwords,370,0.9435642957687378
nllb200_1B,facebook/nllb-200-1.3B,17,functionwords,371,0.9449211359024048
nllb200_1B,facebook/nllb-200-1.3B,17,functionwords,372,0.9469960331916809
nllb200_1B,facebook/nllb-200-1.3B,17,functionwords,373,0.9591670632362366
nllb200_1B,facebook/nllb-200-1.3B,17,functionwords,374,0.9471572041511536
nllb200_1B,facebook/nllb-200-1.3B,17,functionwords,375,0.9581086039543152
nllb200_1B,facebook/nllb-200-1.3B,17,functionwords,376,0.9484786987304688
nllb200_1B,facebook/nllb-200-1.3B,17,functionwords,377,0.8945352435112
nllb200_1B,facebook/nllb-200-1.3B,17,functionwords,378,0.9582785367965698
nllb200_1B,facebook/nllb-200-1.3B,17,functionwords,379,0.9552671313285828
nllb200_1B,facebook/nllb-200-1.3B,17,functionwords,380,0.9423859119415283
nllb200_1B,facebook/nllb-200-1.3B,17,functionwords,381,0.6933557987213135
nllb200_1B,facebook/nllb-200-1.3B,17,functionwords,382,0.7794450521469116
nllb200_1B,facebook/nllb-200-1.3B,17,functionwords,383,0.7379584312438965
nllb200_1B,facebook/nllb-200-1.3B,17,functionwords,384,0.9450624585151672
nllb200_1B,facebook/nllb-200-1.3B,17,functionwords,385,0.944614589214325
nllb200_1B,facebook/nllb-200-1.3B,17,functionwords,386,0.8053772449493408
nllb200_1B,facebook/nllb-200-1.3B,17,functionwords,387,0.9485723376274109
nllb200_1B,facebook/nllb-200-1.3B,17,functionwords,388,0.8039076328277588
nllb200_1B,facebook/nllb-200-1.3B,17,functionwords,389,0.7813537120819092
nllb200_1B,facebook/nllb-200-1.3B,17,functionwords,390,0.9408817291259766
nllb200_1B,facebook/nllb-200-1.3B,17,functionwords,391,0.7926011085510254
nllb200_1B,facebook/nllb-200-1.3B,17,functionwords,392,0.810752809047699
nllb200_1B,facebook/nllb-200-1.3B,17,functionwords,393,0.8201016187667847
nllb200_1B,facebook/nllb-200-1.3B,17,functionwords,394,0.794448971748352
nllb200_1B,facebook/nllb-200-1.3B,17,functionwords,395,0.7632291316986084
nllb200_1B,facebook/nllb-200-1.3B,17,functionwords,396,0.7502341866493225
nllb200_1B,facebook/nllb-200-1.3B,17,functionwords,397,0.7963501214981079
nllb200_1B,facebook/nllb-200-1.3B,17,functionwords,398,0.6873864531517029
nllb200_1B,facebook/nllb-200-1.3B,17,functionwords,399,0.9278485774993896
nllb200_1B,facebook/nllb-200-1.3B,17,functionwords,400,0.9614521265029907
nllb200_1B,facebook/nllb-200-1.3B,17,functionwords,401,0.9529204964637756
nllb200_1B,facebook/nllb-200-1.3B,17,functionwords,402,0.9566650390625
nllb200_1B,facebook/nllb-200-1.3B,17,functionwords,403,0.9064692258834839
nllb200_1B,facebook/nllb-200-1.3B,17,functionwords,404,0.9482285380363464
nllb200_1B,facebook/nllb-200-1.3B,17,functionwords,405,0.9447892308235168
nllb200_1B,facebook/nllb-200-1.3B,17,functionwords,406,0.9369208216667175
nllb200_1B,facebook/nllb-200-1.3B,17,functionwords,407,0.9397445917129517
nllb200_1B,facebook/nllb-200-1.3B,17,functionwords,408,0.9587931632995605
nllb200_1B,facebook/nllb-200-1.3B,17,functionwords,409,0.9354287385940552
nllb200_1B,facebook/nllb-200-1.3B,17,functionwords,410,0.9260478615760803
nllb200_1B,facebook/nllb-200-1.3B,17,functionwords,411,0.9312633275985718
nllb200_1B,facebook/nllb-200-1.3B,17,functionwords,412,0.7778164148330688
nllb200_1B,facebook/nllb-200-1.3B,17,functionwords,413,0.9363119602203369
nllb200_1B,facebook/nllb-200-1.3B,17,functionwords,414,0.9522290229797363
nllb200_1B,facebook/nllb-200-1.3B,17,functionwords,415,0.9389359354972839
nllb200_1B,facebook/nllb-200-1.3B,17,functionwords,416,0.9562326669692993
nllb200_1B,facebook/nllb-200-1.3B,17,functionwords,417,0.9594773054122925
nllb200_1B,facebook/nllb-200-1.3B,17,functionwords,418,0.9594108462333679
nllb200_1B,facebook/nllb-200-1.3B,17,functionwords,419,0.9588940143585205
nllb200_1B,facebook/nllb-200-1.3B,17,functionwords,420,0.9520450830459595
nllb200_1B,facebook/nllb-200-1.3B,17,functionwords,421,0.7271162271499634
nllb200_1B,facebook/nllb-200-1.3B,17,functionwords,422,0.772375226020813
nllb200_1B,facebook/nllb-200-1.3B,17,functionwords,423,0.9553713798522949
nllb200_1B,facebook/nllb-200-1.3B,17,functionwords,424,0.9563477039337158
nllb200_1B,facebook/nllb-200-1.3B,17,functionwords,425,0.6851214170455933
nllb200_1B,facebook/nllb-200-1.3B,17,functionwords,426,0.9538184404373169
nllb200_1B,facebook/nllb-200-1.3B,17,functionwords,427,0.9570357203483582
nllb200_1B,facebook/nllb-200-1.3B,17,functionwords,428,0.9554901123046875
nllb200_1B,facebook/nllb-200-1.3B,17,functionwords,429,0.955899715423584
nllb200_1B,facebook/nllb-200-1.3B,17,functionwords,430,0.9048399925231934
nllb200_1B,facebook/nllb-200-1.3B,17,functionwords,431,0.9516122937202454
nllb200_1B,facebook/nllb-200-1.3B,17,functionwords,432,0.9497801065444946
nllb200_1B,facebook/nllb-200-1.3B,17,functionwords,433,0.9439353346824646
nllb200_1B,facebook/nllb-200-1.3B,17,functionwords,434,0.9158812761306763
nllb200_1B,facebook/nllb-200-1.3B,17,functionwords,435,0.9495701789855957
nllb200_1B,facebook/nllb-200-1.3B,17,functionwords,436,0.9471911787986755
nllb200_1B,facebook/nllb-200-1.3B,17,functionwords,437,0.9222323894500732
nllb200_1B,facebook/nllb-200-1.3B,17,functionwords,438,0.9404287338256836
nllb200_1B,facebook/nllb-200-1.3B,17,functionwords,439,0.940671980381012
nllb200_1B,facebook/nllb-200-1.3B,17,functionwords,440,0.9502458572387695
nllb200_1B,facebook/nllb-200-1.3B,17,functionwords,441,0.9525952339172363
nllb200_1B,facebook/nllb-200-1.3B,17,functionwords,442,0.9476680755615234
nllb200_1B,facebook/nllb-200-1.3B,17,functionwords,443,0.9564418792724609
nllb200_1B,facebook/nllb-200-1.3B,17,functionwords,444,0.745710015296936
nllb200_1B,facebook/nllb-200-1.3B,17,functionwords,445,0.8840584754943848
nllb200_1B,facebook/nllb-200-1.3B,17,functionwords,446,0.7363247871398926
nllb200_1B,facebook/nllb-200-1.3B,17,functionwords,447,0.8200263977050781
nllb200_1B,facebook/nllb-200-1.3B,17,functionwords,448,0.9570737481117249
nllb200_1B,facebook/nllb-200-1.3B,17,functionwords,449,0.9510103464126587
nllb200_1B,facebook/nllb-200-1.3B,17,functionwords,450,0.9540197849273682
nllb200_1B,facebook/nllb-200-1.3B,17,functionwords,451,0.7798342704772949
nllb200_1B,facebook/nllb-200-1.3B,17,functionwords,452,0.9420968294143677
nllb200_1B,facebook/nllb-200-1.3B,17,functionwords,453,0.9357424378395081
nllb200_1B,facebook/nllb-200-1.3B,17,functionwords,454,0.9674336910247803
nllb200_1B,facebook/nllb-200-1.3B,17,functionwords,455,0.9501321315765381
nllb200_1B,facebook/nllb-200-1.3B,17,functionwords,456,0.9390996694564819
nllb200_1B,facebook/nllb-200-1.3B,17,functionwords,457,0.9402257800102234
nllb200_1B,facebook/nllb-200-1.3B,17,functionwords,458,0.9499480724334717
nllb200_1B,facebook/nllb-200-1.3B,17,functionwords,459,0.9621479511260986
nllb200_1B,facebook/nllb-200-1.3B,17,functionwords,460,0.941630482673645
nllb200_1B,facebook/nllb-200-1.3B,17,functionwords,461,0.9471625089645386
nllb200_1B,facebook/nllb-200-1.3B,17,functionwords,462,0.939276933670044
nllb200_1B,facebook/nllb-200-1.3B,17,functionwords,463,0.9514715671539307
nllb200_1B,facebook/nllb-200-1.3B,17,functionwords,464,0.9484004974365234
nllb200_1B,facebook/nllb-200-1.3B,17,functionwords,465,0.9154919385910034
nllb200_1B,facebook/nllb-200-1.3B,17,functionwords,466,0.9497228264808655
nllb200_1B,facebook/nllb-200-1.3B,17,functionwords,467,0.946609377861023
nllb200_1B,facebook/nllb-200-1.3B,17,functionwords,468,0.9535380601882935
nllb200_1B,facebook/nllb-200-1.3B,17,functionwords,469,0.9658052921295166
nllb200_1B,facebook/nllb-200-1.3B,17,functionwords,470,0.9516524076461792
nllb200_1B,facebook/nllb-200-1.3B,17,functionwords,471,0.9410760402679443
nllb200_1B,facebook/nllb-200-1.3B,17,functionwords,472,0.9437932372093201
nllb200_1B,facebook/nllb-200-1.3B,17,functionwords,473,0.9146338701248169
nllb200_1B,facebook/nllb-200-1.3B,17,functionwords,474,0.7458224296569824
nllb200_1B,facebook/nllb-200-1.3B,17,functionwords,475,0.7699013948440552
nllb200_1B,facebook/nllb-200-1.3B,17,functionwords,476,0.9305639266967773
nllb200_1B,facebook/nllb-200-1.3B,17,functionwords,477,0.9465789198875427
nllb200_1B,facebook/nllb-200-1.3B,17,functionwords,478,0.9702466130256653
nllb200_1B,facebook/nllb-200-1.3B,17,functionwords,479,0.9558734893798828
nllb200_1B,facebook/nllb-200-1.3B,17,functionwords,480,0.9556305408477783
nllb200_1B,facebook/nllb-200-1.3B,17,functionwords,481,0.9513859748840332
nllb200_1B,facebook/nllb-200-1.3B,17,functionwords,482,0.9522821307182312
nllb200_1B,facebook/nllb-200-1.3B,17,functionwords,483,0.7337713241577148
nllb200_1B,facebook/nllb-200-1.3B,17,functionwords,484,0.9372758865356445
nllb200_1B,facebook/nllb-200-1.3B,17,functionwords,485,0.9039571285247803
nllb200_1B,facebook/nllb-200-1.3B,17,functionwords,486,0.9495522975921631
nllb200_1B,facebook/nllb-200-1.3B,17,functionwords,487,0.9430419206619263
nllb200_1B,facebook/nllb-200-1.3B,17,functionwords,488,0.7742507457733154
nllb200_1B,facebook/nllb-200-1.3B,17,functionwords,489,0.9479438662528992
nllb200_1B,facebook/nllb-200-1.3B,17,functionwords,490,0.9583632349967957
nllb200_1B,facebook/nllb-200-1.3B,17,functionwords,491,0.9416505098342896
nllb200_1B,facebook/nllb-200-1.3B,17,functionwords,492,0.910350501537323
nllb200_1B,facebook/nllb-200-1.3B,17,functionwords,493,0.9327760934829712
nllb200_1B,facebook/nllb-200-1.3B,17,functionwords,494,0.9570098519325256
nllb200_1B,facebook/nllb-200-1.3B,17,functionwords,495,0.6828727722167969
nllb200_1B,facebook/nllb-200-1.3B,17,functionwords,496,0.9619464874267578
nllb200_1B,facebook/nllb-200-1.3B,17,functionwords,497,0.9356710910797119
nllb200_1B,facebook/nllb-200-1.3B,17,functionwords,498,0.7971274852752686
nllb200_1B,facebook/nllb-200-1.3B,17,functionwords,499,0.9560447931289673
nllb200_1B,facebook/nllb-200-1.3B,17,functionwords,500,0.7808644771575928
nllb200_1B,facebook/nllb-200-1.3B,17,functionwords,501,0.9654880166053772
nllb200_1B,facebook/nllb-200-1.3B,17,functionwords,502,0.7374167442321777
nllb200_1B,facebook/nllb-200-1.3B,17,functionwords,503,0.68943190574646
nllb200_1B,facebook/nllb-200-1.3B,17,functionwords,504,0.962844967842102
nllb200_1B,facebook/nllb-200-1.3B,17,functionwords,505,0.9651933908462524
nllb200_1B,facebook/nllb-200-1.3B,17,functionwords,506,0.817729115486145
nllb200_1B,facebook/nllb-200-1.3B,17,functionwords,507,0.946258008480072
nllb200_1B,facebook/nllb-200-1.3B,17,functionwords,508,0.9537503719329834
nllb200_1B,facebook/nllb-200-1.3B,17,functionwords,509,0.9557322859764099
nllb200_1B,facebook/nllb-200-1.3B,17,functionwords,510,0.863245964050293
nllb200_1B,facebook/nllb-200-1.3B,17,functionwords,511,0.7816003561019897
nllb200_1B,facebook/nllb-200-1.3B,17,functionwords,512,0.7411073446273804
nllb200_1B,facebook/nllb-200-1.3B,17,functionwords,513,0.9341349601745605
nllb200_1B,facebook/nllb-200-1.3B,17,functionwords,514,0.9092658758163452
nllb200_1B,facebook/nllb-200-1.3B,17,functionwords,515,0.9472528100013733
nllb200_1B,facebook/nllb-200-1.3B,17,functionwords,516,0.9555044174194336
nllb200_1B,facebook/nllb-200-1.3B,17,functionwords,517,0.9419894218444824
nllb200_1B,facebook/nllb-200-1.3B,17,functionwords,518,0.9521191716194153
nllb200_1B,facebook/nllb-200-1.3B,17,functionwords,519,0.9419258832931519
nllb200_1B,facebook/nllb-200-1.3B,17,functionwords,520,0.9579547643661499
nllb200_1B,facebook/nllb-200-1.3B,17,functionwords,521,0.9571614861488342
nllb200_1B,facebook/nllb-200-1.3B,17,functionwords,522,0.9488102197647095
nllb200_1B,facebook/nllb-200-1.3B,17,functionwords,523,0.9609092473983765
nllb200_1B,facebook/nllb-200-1.3B,17,functionwords,524,0.808674156665802
nllb200_1B,facebook/nllb-200-1.3B,17,functionwords,525,0.7356946468353271
nllb200_1B,facebook/nllb-200-1.3B,17,functionwords,526,0.7797133922576904
nllb200_1B,facebook/nllb-200-1.3B,17,functionwords,527,0.9402161240577698
nllb200_1B,facebook/nllb-200-1.3B,17,functionwords,528,0.7906837463378906
nllb200_1B,facebook/nllb-200-1.3B,17,functionwords,529,0.9316922426223755
nllb200_1B,facebook/nllb-200-1.3B,17,functionwords,530,0.7604386806488037
nllb200_1B,facebook/nllb-200-1.3B,17,functionwords,531,0.9326215982437134
nllb200_1B,facebook/nllb-200-1.3B,17,functionwords,532,0.9231212139129639
nllb200_1B,facebook/nllb-200-1.3B,17,functionwords,533,0.9596483707427979
nllb200_1B,facebook/nllb-200-1.3B,17,functionwords,534,0.7767524719238281
nllb200_1B,facebook/nllb-200-1.3B,17,functionwords,535,0.9364355802536011
nllb200_1B,facebook/nllb-200-1.3B,17,functionwords,536,0.9464614391326904
nllb200_1B,facebook/nllb-200-1.3B,17,functionwords,537,0.9353444576263428
nllb200_1B,facebook/nllb-200-1.3B,17,functionwords,538,0.9581616520881653
nllb200_1B,facebook/nllb-200-1.3B,17,functionwords,539,0.8182313442230225
nllb200_1B,facebook/nllb-200-1.3B,17,functionwords,540,0.8878979682922363
nllb200_1B,facebook/nllb-200-1.3B,17,functionwords,541,0.9571967124938965
nllb200_1B,facebook/nllb-200-1.3B,17,functionwords,542,0.9405230283737183
nllb200_1B,facebook/nllb-200-1.3B,17,functionwords,543,0.9454374313354492
nllb200_1B,facebook/nllb-200-1.3B,17,functionwords,544,0.9590563178062439
nllb200_1B,facebook/nllb-200-1.3B,17,functionwords,545,0.9627904891967773
nllb200_1B,facebook/nllb-200-1.3B,17,functionwords,546,0.7751052975654602
nllb200_1B,facebook/nllb-200-1.3B,17,functionwords,547,0.9444673657417297
nllb200_1B,facebook/nllb-200-1.3B,17,functionwords,548,0.9380255937576294
nllb200_1B,facebook/nllb-200-1.3B,17,functionwords,549,0.9588301181793213
nllb200_1B,facebook/nllb-200-1.3B,17,functionwords,550,0.9521328210830688
nllb200_1B,facebook/nllb-200-1.3B,17,functionwords,551,0.9370005130767822
nllb200_1B,facebook/nllb-200-1.3B,17,functionwords,552,0.947333574295044
nllb200_1B,facebook/nllb-200-1.3B,17,functionwords,553,0.9528301954269409
nllb200_1B,facebook/nllb-200-1.3B,17,functionwords,554,0.9520231485366821
nllb200_1B,facebook/nllb-200-1.3B,17,functionwords,555,0.7974758148193359
nllb200_1B,facebook/nllb-200-1.3B,17,functionwords,556,0.8450616598129272
nllb200_1B,facebook/nllb-200-1.3B,17,functionwords,557,0.9032445549964905
nllb200_1B,facebook/nllb-200-1.3B,17,functionwords,558,0.9194092154502869
nllb200_1B,facebook/nllb-200-1.3B,17,functionwords,559,0.7858615517616272
nllb200_1B,facebook/nllb-200-1.3B,17,functionwords,560,0.95768141746521
nllb200_1B,facebook/nllb-200-1.3B,17,functionwords,561,0.9542798399925232
nllb200_1B,facebook/nllb-200-1.3B,17,functionwords,562,0.934329628944397
nllb200_1B,facebook/nllb-200-1.3B,17,functionwords,563,0.8244552612304688
nllb200_1B,facebook/nllb-200-1.3B,17,functionwords,564,0.9240618348121643
nllb200_1B,facebook/nllb-200-1.3B,17,functionwords,565,0.9514256715774536
nllb200_1B,facebook/nllb-200-1.3B,17,functionwords,566,0.941662609577179
nllb200_1B,facebook/nllb-200-1.3B,17,functionwords,567,0.8499875664710999
nllb200_1B,facebook/nllb-200-1.3B,17,functionwords,568,0.9675042033195496
nllb200_1B,facebook/nllb-200-1.3B,17,functionwords,569,0.9497151374816895
nllb200_1B,facebook/nllb-200-1.3B,17,functionwords,570,0.7891878485679626
nllb200_1B,facebook/nllb-200-1.3B,17,functionwords,571,0.8278535604476929
nllb200_1B,facebook/nllb-200-1.3B,17,functionwords,572,0.94232177734375
nllb200_1B,facebook/nllb-200-1.3B,17,functionwords,573,0.7594119310379028
nllb200_1B,facebook/nllb-200-1.3B,17,functionwords,574,0.9510244131088257
nllb200_1B,facebook/nllb-200-1.3B,17,functionwords,575,0.8202766180038452
nllb200_1B,facebook/nllb-200-1.3B,17,functionwords,576,0.9525513052940369
nllb200_1B,facebook/nllb-200-1.3B,17,functionwords,577,0.9537563323974609
nllb200_1B,facebook/nllb-200-1.3B,17,functionwords,578,0.959875762462616
nllb200_1B,facebook/nllb-200-1.3B,17,functionwords,579,0.9517829418182373
nllb200_1B,facebook/nllb-200-1.3B,17,functionwords,580,0.948428213596344
nllb200_1B,facebook/nllb-200-1.3B,17,functionwords,581,0.9595574140548706
nllb200_1B,facebook/nllb-200-1.3B,17,functionwords,582,0.9593889713287354
nllb200_1B,facebook/nllb-200-1.3B,17,functionwords,583,0.9500190019607544
nllb200_1B,facebook/nllb-200-1.3B,17,functionwords,584,0.950525164604187
nllb200_1B,facebook/nllb-200-1.3B,17,functionwords,585,0.9534062147140503
nllb200_1B,facebook/nllb-200-1.3B,17,functionwords,586,0.938819944858551
nllb200_1B,facebook/nllb-200-1.3B,17,functionwords,587,0.958284854888916
nllb200_1B,facebook/nllb-200-1.3B,17,functionwords,588,0.9575828313827515
nllb200_1B,facebook/nllb-200-1.3B,17,functionwords,589,0.7812559008598328
nllb200_1B,facebook/nllb-200-1.3B,17,functionwords,590,0.9478340744972229
nllb200_1B,facebook/nllb-200-1.3B,17,functionwords,591,0.6756258606910706
nllb200_1B,facebook/nllb-200-1.3B,17,functionwords,592,0.7969722747802734
nllb200_1B,facebook/nllb-200-1.3B,17,functionwords,593,0.9434517025947571
nllb200_1B,facebook/nllb-200-1.3B,17,functionwords,594,0.9603025913238525
nllb200_1B,facebook/nllb-200-1.3B,17,functionwords,595,0.9424004554748535
nllb200_1B,facebook/nllb-200-1.3B,17,functionwords,596,0.9507571458816528
nllb200_1B,facebook/nllb-200-1.3B,17,functionwords,597,0.9386718273162842
nllb200_1B,facebook/nllb-200-1.3B,17,functionwords,598,0.9507004618644714
nllb200_1B,facebook/nllb-200-1.3B,17,functionwords,599,0.9513142108917236
nllb200_1B,facebook/nllb-200-1.3B,17,functionwords,600,0.9028748273849487
nllb200_1B,facebook/nllb-200-1.3B,17,functionwords,601,0.6995937824249268
nllb200_1B,facebook/nllb-200-1.3B,17,functionwords,602,0.9478662610054016
nllb200_1B,facebook/nllb-200-1.3B,17,functionwords,603,0.817033052444458
nllb200_1B,facebook/nllb-200-1.3B,17,functionwords,604,0.9595890045166016
nllb200_1B,facebook/nllb-200-1.3B,17,functionwords,605,0.9603118896484375
nllb200_1B,facebook/nllb-200-1.3B,17,functionwords,606,0.9380908012390137
nllb200_1B,facebook/nllb-200-1.3B,17,functionwords,607,0.9610379934310913
nllb200_1B,facebook/nllb-200-1.3B,17,functionwords,608,0.8484911918640137
nllb200_1B,facebook/nllb-200-1.3B,17,functionwords,609,0.838221549987793
nllb200_1B,facebook/nllb-200-1.3B,17,functionwords,610,0.9352124333381653
nllb200_1B,facebook/nllb-200-1.3B,17,functionwords,611,0.9349152445793152
nllb200_1B,facebook/nllb-200-1.3B,17,functionwords,612,0.9515058994293213
nllb200_1B,facebook/nllb-200-1.3B,17,functionwords,613,0.9164878129959106
nllb200_1B,facebook/nllb-200-1.3B,17,functionwords,614,0.9404018521308899
nllb200_1B,facebook/nllb-200-1.3B,17,functionwords,615,0.9561578631401062
nllb200_1B,facebook/nllb-200-1.3B,17,functionwords,616,0.9480843544006348
nllb200_1B,facebook/nllb-200-1.3B,17,functionwords,617,0.9495059251785278
nllb200_1B,facebook/nllb-200-1.3B,17,functionwords,618,0.9346129894256592
nllb200_1B,facebook/nllb-200-1.3B,17,functionwords,619,0.9480214715003967
nllb200_1B,facebook/nllb-200-1.3B,17,functionwords,620,0.9664298892021179
nllb200_1B,facebook/nllb-200-1.3B,17,functionwords,621,0.9535943269729614
nllb200_1B,facebook/nllb-200-1.3B,17,functionwords,622,0.9396167993545532
nllb200_1B,facebook/nllb-200-1.3B,17,functionwords,623,0.9278565645217896
nllb200_1B,facebook/nllb-200-1.3B,17,functionwords,624,0.934569776058197
nllb200_1B,facebook/nllb-200-1.3B,17,functionwords,625,0.9320482611656189
nllb200_1B,facebook/nllb-200-1.3B,17,functionwords,626,0.9578814506530762
nllb200_1B,facebook/nllb-200-1.3B,17,functionwords,627,0.9514278173446655
nllb200_1B,facebook/nllb-200-1.3B,17,functionwords,628,0.9578517079353333
nllb200_1B,facebook/nllb-200-1.3B,17,functionwords,629,0.9558143019676208
nllb200_1B,facebook/nllb-200-1.3B,17,functionwords,630,0.9492076635360718
nllb200_1B,facebook/nllb-200-1.3B,17,functionwords,631,0.9368871450424194
nllb200_1B,facebook/nllb-200-1.3B,17,functionwords,632,0.9463696479797363
nllb200_1B,facebook/nllb-200-1.3B,17,functionwords,633,0.9523329734802246
nllb200_1B,facebook/nllb-200-1.3B,17,functionwords,634,0.9347776174545288
nllb200_1B,facebook/nllb-200-1.3B,17,functionwords,635,0.9351343512535095
nllb200_1B,facebook/nllb-200-1.3B,17,functionwords,636,0.9541733264923096
nllb200_1B,facebook/nllb-200-1.3B,17,functionwords,637,0.9559763073921204
nllb200_1B,facebook/nllb-200-1.3B,17,functionwords,638,0.9520760774612427
nllb200_1B,facebook/nllb-200-1.3B,17,functionwords,639,0.9558172225952148
nllb200_1B,facebook/nllb-200-1.3B,17,functionwords,640,0.9538217186927795
nllb200_1B,facebook/nllb-200-1.3B,17,functionwords,641,0.9465348720550537
nllb200_1B,facebook/nllb-200-1.3B,17,functionwords,642,0.9533661603927612
nllb200_1B,facebook/nllb-200-1.3B,17,functionwords,643,0.9170711040496826
nllb200_1B,facebook/nllb-200-1.3B,17,functionwords,644,0.9414243698120117
nllb200_1B,facebook/nllb-200-1.3B,17,functionwords,645,0.9533736705780029
nllb200_1B,facebook/nllb-200-1.3B,17,functionwords,646,0.9273279905319214
nllb200_1B,facebook/nllb-200-1.3B,17,functionwords,647,0.9506780505180359
nllb200_1B,facebook/nllb-200-1.3B,17,functionwords,648,0.95826256275177
nllb200_1B,facebook/nllb-200-1.3B,17,functionwords,649,0.944954514503479
nllb200_1B,facebook/nllb-200-1.3B,17,functionwords,650,0.962225079536438
nllb200_1B,facebook/nllb-200-1.3B,17,functionwords,651,0.9213577508926392
nllb200_1B,facebook/nllb-200-1.3B,17,functionwords,652,0.9562746286392212
nllb200_1B,facebook/nllb-200-1.3B,17,functionwords,653,0.9436973929405212
nllb200_1B,facebook/nllb-200-1.3B,17,functionwords,654,0.9552655220031738
nllb200_1B,facebook/nllb-200-1.3B,17,functionwords,655,0.9442893266677856
nllb200_1B,facebook/nllb-200-1.3B,17,functionwords,656,0.9464730024337769
nllb200_1B,facebook/nllb-200-1.3B,17,functionwords,657,0.9437447786331177
nllb200_1B,facebook/nllb-200-1.3B,17,functionwords,658,0.9479968547821045
nllb200_1B,facebook/nllb-200-1.3B,17,functionwords,659,0.9334970116615295
nllb200_1B,facebook/nllb-200-1.3B,17,functionwords,660,0.9339156150817871
nllb200_1B,facebook/nllb-200-1.3B,17,functionwords,661,0.9429280757904053
nllb200_1B,facebook/nllb-200-1.3B,17,functionwords,662,0.9506893157958984
nllb200_1B,facebook/nllb-200-1.3B,17,functionwords,663,0.9369245171546936
nllb200_1B,facebook/nllb-200-1.3B,17,functionwords,664,0.9566372036933899
nllb200_1B,facebook/nllb-200-1.3B,17,functionwords,665,0.9302090406417847
nllb200_1B,facebook/nllb-200-1.3B,17,functionwords,666,0.9617663025856018
nllb200_1B,facebook/nllb-200-1.3B,17,functionwords,667,0.9535011053085327
nllb200_1B,facebook/nllb-200-1.3B,17,functionwords,668,0.9509499073028564
nllb200_1B,facebook/nllb-200-1.3B,17,functionwords,669,0.9406211972236633
nllb200_1B,facebook/nllb-200-1.3B,17,functionwords,670,0.95244300365448
nllb200_1B,facebook/nllb-200-1.3B,17,functionwords,671,0.9467800855636597
nllb200_1B,facebook/nllb-200-1.3B,17,functionwords,672,0.9469088912010193
nllb200_1B,facebook/nllb-200-1.3B,17,functionwords,673,0.9509928822517395
nllb200_1B,facebook/nllb-200-1.3B,17,functionwords,674,0.9471534490585327
nllb200_1B,facebook/nllb-200-1.3B,17,functionwords,675,0.9582926034927368
nllb200_1B,facebook/nllb-200-1.3B,17,functionwords,676,0.9409622550010681
nllb200_1B,facebook/nllb-200-1.3B,17,functionwords,677,0.9602727293968201
nllb200_1B,facebook/nllb-200-1.3B,17,functionwords,678,0.8916834592819214
nllb200_1B,facebook/nllb-200-1.3B,17,functionwords,679,0.9279083013534546
nllb200_1B,facebook/nllb-200-1.3B,17,functionwords,680,0.9534808993339539
nllb200_1B,facebook/nllb-200-1.3B,17,functionwords,681,0.9573545455932617
nllb200_1B,facebook/nllb-200-1.3B,17,functionwords,682,0.9244294166564941
nllb200_1B,facebook/nllb-200-1.3B,17,functionwords,683,0.9413279891014099
nllb200_1B,facebook/nllb-200-1.3B,17,functionwords,684,0.957621693611145
nllb200_1B,facebook/nllb-200-1.3B,17,functionwords,685,0.9052094221115112
nllb200_1B,facebook/nllb-200-1.3B,17,functionwords,686,0.9544961452484131
nllb200_1B,facebook/nllb-200-1.3B,17,functionwords,687,0.9331631660461426
nllb200_1B,facebook/nllb-200-1.3B,17,functionwords,688,0.9481818675994873
nllb200_1B,facebook/nllb-200-1.3B,17,functionwords,689,0.9568775296211243
nllb200_1B,facebook/nllb-200-1.3B,17,functionwords,690,0.9494242668151855
nllb200_1B,facebook/nllb-200-1.3B,17,functionwords,691,0.9511862993240356
nllb200_1B,facebook/nllb-200-1.3B,17,functionwords,692,0.9546051025390625
nllb200_1B,facebook/nllb-200-1.3B,17,functionwords,693,0.9177120327949524
nllb200_1B,facebook/nllb-200-1.3B,17,functionwords,694,0.94256192445755
nllb200_1B,facebook/nllb-200-1.3B,17,functionwords,695,0.9643456339836121
nllb200_1B,facebook/nllb-200-1.3B,17,functionwords,696,0.962273359298706
nllb200_1B,facebook/nllb-200-1.3B,17,functionwords,697,0.9439387321472168
nllb200_1B,facebook/nllb-200-1.3B,17,functionwords,698,0.9307228326797485
nllb200_1B,facebook/nllb-200-1.3B,17,functionwords,699,0.9346603155136108
nllb200_1B,facebook/nllb-200-1.3B,17,functionwords,700,0.9397436380386353
nllb200_1B,facebook/nllb-200-1.3B,17,functionwords,701,0.9457935094833374
nllb200_1B,facebook/nllb-200-1.3B,17,functionwords,702,0.9486079216003418
nllb200_1B,facebook/nllb-200-1.3B,17,functionwords,703,0.9520219564437866
nllb200_1B,facebook/nllb-200-1.3B,17,functionwords,704,0.9427304267883301
nllb200_1B,facebook/nllb-200-1.3B,17,functionwords,705,0.9426834583282471
nllb200_1B,facebook/nllb-200-1.3B,17,functionwords,706,0.9506654739379883
nllb200_1B,facebook/nllb-200-1.3B,17,functionwords,707,0.9308446645736694
nllb200_1B,facebook/nllb-200-1.3B,17,functionwords,708,0.9566650390625
nllb200_1B,facebook/nllb-200-1.3B,17,functionwords,709,0.9463061094284058
nllb200_1B,facebook/nllb-200-1.3B,17,functionwords,710,0.9416913986206055
nllb200_1B,facebook/nllb-200-1.3B,17,functionwords,711,0.9527497887611389
nllb200_1B,facebook/nllb-200-1.3B,17,functionwords,712,0.9651280641555786
nllb200_1B,facebook/nllb-200-1.3B,17,functionwords,713,0.9443029165267944
nllb200_1B,facebook/nllb-200-1.3B,17,functionwords,714,0.9427725076675415
nllb200_1B,facebook/nllb-200-1.3B,17,functionwords,715,0.9470860362052917
nllb200_1B,facebook/nllb-200-1.3B,17,functionwords,716,0.9331992864608765
nllb200_1B,facebook/nllb-200-1.3B,17,functionwords,717,0.9521191120147705
nllb200_1B,facebook/nllb-200-1.3B,17,functionwords,718,0.9508484601974487
nllb200_1B,facebook/nllb-200-1.3B,17,functionwords,719,0.9249224662780762
nllb200_1B,facebook/nllb-200-1.3B,17,functionwords,720,0.94660484790802
nllb200_1B,facebook/nllb-200-1.3B,17,functionwords,721,0.956540048122406
nllb200_1B,facebook/nllb-200-1.3B,17,functionwords,722,0.9519515037536621
nllb200_1B,facebook/nllb-200-1.3B,17,functionwords,723,0.9449031352996826
nllb200_1B,facebook/nllb-200-1.3B,17,functionwords,724,0.9429106712341309
nllb200_1B,facebook/nllb-200-1.3B,17,functionwords,725,0.9542713165283203
nllb200_1B,facebook/nllb-200-1.3B,17,functionwords,726,0.7721790671348572
nllb200_1B,facebook/nllb-200-1.3B,17,functionwords,727,0.951612114906311
nllb200_1B,facebook/nllb-200-1.3B,17,functionwords,728,0.9569863080978394
nllb200_1B,facebook/nllb-200-1.3B,17,functionwords,729,0.9514820575714111
nllb200_1B,facebook/nllb-200-1.3B,17,functionwords,730,0.9499287009239197
nllb200_1B,facebook/nllb-200-1.3B,17,functionwords,731,0.8972775340080261
nllb200_1B,facebook/nllb-200-1.3B,17,functionwords,732,0.9428742527961731
nllb200_1B,facebook/nllb-200-1.3B,17,functionwords,733,0.9603509902954102
nllb200_1B,facebook/nllb-200-1.3B,17,functionwords,734,0.9556925296783447
nllb200_1B,facebook/nllb-200-1.3B,17,functionwords,735,0.9481759071350098
nllb200_1B,facebook/nllb-200-1.3B,17,functionwords,736,0.9490047693252563
nllb200_1B,facebook/nllb-200-1.3B,17,functionwords,737,0.9402806758880615
nllb200_1B,facebook/nllb-200-1.3B,17,functionwords,738,0.957292914390564
nllb200_1B,facebook/nllb-200-1.3B,17,functionwords,739,0.7259281277656555
nllb200_1B,facebook/nllb-200-1.3B,17,functionwords,740,0.9466405510902405
nllb200_1B,facebook/nllb-200-1.3B,17,functionwords,741,0.937082052230835
nllb200_1B,facebook/nllb-200-1.3B,17,functionwords,742,0.9366675615310669
nllb200_1B,facebook/nllb-200-1.3B,17,functionwords,743,0.9577563405036926
nllb200_1B,facebook/nllb-200-1.3B,17,functionwords,744,0.9568393230438232
nllb200_1B,facebook/nllb-200-1.3B,17,functionwords,745,0.9469202756881714
nllb200_1B,facebook/nllb-200-1.3B,17,functionwords,746,0.9038486480712891
nllb200_1B,facebook/nllb-200-1.3B,17,functionwords,747,0.9320478439331055
nllb200_1B,facebook/nllb-200-1.3B,17,functionwords,748,0.8261725306510925
nllb200_1B,facebook/nllb-200-1.3B,17,functionwords,749,0.9556863307952881
nllb200_1B,facebook/nllb-200-1.3B,17,functionwords,750,0.9402856826782227
nllb200_1B,facebook/nllb-200-1.3B,17,functionwords,751,0.7357077598571777
nllb200_1B,facebook/nllb-200-1.3B,17,functionwords,752,0.9495671987533569
nllb200_1B,facebook/nllb-200-1.3B,17,functionwords,753,0.769791841506958
nllb200_1B,facebook/nllb-200-1.3B,17,functionwords,754,0.775719404220581
nllb200_1B,facebook/nllb-200-1.3B,17,functionwords,755,0.9599835872650146
nllb200_1B,facebook/nllb-200-1.3B,17,functionwords,756,0.9511168003082275
nllb200_1B,facebook/nllb-200-1.3B,17,functionwords,757,0.9446447491645813
nllb200_1B,facebook/nllb-200-1.3B,17,functionwords,758,0.7495726346969604
nllb200_1B,facebook/nllb-200-1.3B,17,functionwords,759,0.9486961960792542
nllb200_1B,facebook/nllb-200-1.3B,17,functionwords,760,0.9528946876525879
nllb200_1B,facebook/nllb-200-1.3B,17,functionwords,761,0.9180284738540649
nllb200_1B,facebook/nllb-200-1.3B,17,functionwords,762,0.9414899349212646
nllb200_1B,facebook/nllb-200-1.3B,17,functionwords,763,0.9397422075271606
nllb200_1B,facebook/nllb-200-1.3B,17,functionwords,764,0.923991322517395
nllb200_1B,facebook/nllb-200-1.3B,17,functionwords,765,0.9574328064918518
nllb200_1B,facebook/nllb-200-1.3B,17,functionwords,766,0.9612609148025513
nllb200_1B,facebook/nllb-200-1.3B,17,functionwords,767,0.957719087600708
nllb200_1B,facebook/nllb-200-1.3B,17,functionwords,768,0.9654527902603149
nllb200_1B,facebook/nllb-200-1.3B,17,functionwords,769,0.7478702068328857
nllb200_1B,facebook/nllb-200-1.3B,17,functionwords,770,0.768523097038269
nllb200_1B,facebook/nllb-200-1.3B,17,functionwords,771,0.95106041431427
nllb200_1B,facebook/nllb-200-1.3B,17,functionwords,772,0.9404999017715454
nllb200_1B,facebook/nllb-200-1.3B,17,functionwords,773,0.9306074380874634
nllb200_1B,facebook/nllb-200-1.3B,17,functionwords,774,0.9479660987854004
nllb200_1B,facebook/nllb-200-1.3B,17,functionwords,775,0.9256299734115601
nllb200_1B,facebook/nllb-200-1.3B,17,functionwords,776,0.9466313123703003
nllb200_1B,facebook/nllb-200-1.3B,17,functionwords,777,0.9379193782806396
nllb200_1B,facebook/nllb-200-1.3B,17,functionwords,778,0.9017704725265503
nllb200_1B,facebook/nllb-200-1.3B,17,functionwords,779,0.8504856824874878
nllb200_1B,facebook/nllb-200-1.3B,17,functionwords,780,0.9636301398277283
nllb200_1B,facebook/nllb-200-1.3B,17,functionwords,781,0.966499924659729
nllb200_1B,facebook/nllb-200-1.3B,17,functionwords,782,0.9591591954231262
nllb200_1B,facebook/nllb-200-1.3B,17,functionwords,783,0.9483609199523926
nllb200_1B,facebook/nllb-200-1.3B,17,functionwords,784,0.938892126083374
nllb200_1B,facebook/nllb-200-1.3B,17,functionwords,785,0.7330800294876099
nllb200_1B,facebook/nllb-200-1.3B,17,functionwords,786,0.9594632983207703
nllb200_1B,facebook/nllb-200-1.3B,17,functionwords,787,0.9426273107528687
nllb200_1B,facebook/nllb-200-1.3B,17,functionwords,788,0.9629921913146973
nllb200_1B,facebook/nllb-200-1.3B,17,functionwords,789,0.6680805087089539
nllb200_1B,facebook/nllb-200-1.3B,17,functionwords,790,0.9257866144180298
nllb200_1B,facebook/nllb-200-1.3B,17,functionwords,791,0.7043353915214539
nllb200_1B,facebook/nllb-200-1.3B,17,functionwords,792,0.9394387006759644
nllb200_1B,facebook/nllb-200-1.3B,17,functionwords,793,0.6300025582313538
nllb200_1B,facebook/nllb-200-1.3B,17,functionwords,794,0.9550822973251343
nllb200_1B,facebook/nllb-200-1.3B,17,functionwords,795,0.953628420829773
nllb200_1B,facebook/nllb-200-1.3B,17,functionwords,796,0.668222963809967
nllb200_1B,facebook/nllb-200-1.3B,17,functionwords,797,0.9644984006881714
nllb200_1B,facebook/nllb-200-1.3B,17,functionwords,798,0.9493099451065063
nllb200_1B,facebook/nllb-200-1.3B,17,functionwords,799,0.9601237773895264
nllb200_1B,facebook/nllb-200-1.3B,17,functionwords,800,0.9495166540145874
nllb200_1B,facebook/nllb-200-1.3B,17,functionwords,801,0.9141185283660889
nllb200_1B,facebook/nllb-200-1.3B,17,functionwords,802,0.9294261932373047
nllb200_1B,facebook/nllb-200-1.3B,17,functionwords,803,0.968004584312439
nllb200_1B,facebook/nllb-200-1.3B,17,functionwords,804,0.7669914960861206
nllb200_1B,facebook/nllb-200-1.3B,17,functionwords,805,0.7270323038101196
nllb200_1B,facebook/nllb-200-1.3B,17,functionwords,806,0.7280980348587036
nllb200_1B,facebook/nllb-200-1.3B,17,functionwords,807,0.9523559808731079
nllb200_1B,facebook/nllb-200-1.3B,17,functionwords,808,0.8021389245986938
nllb200_1B,facebook/nllb-200-1.3B,17,functionwords,809,0.9554004669189453
nllb200_1B,facebook/nllb-200-1.3B,17,functionwords,810,0.9463239312171936
nllb200_1B,facebook/nllb-200-1.3B,17,functionwords,811,0.9428431987762451
nllb200_1B,facebook/nllb-200-1.3B,17,functionwords,812,0.7471561431884766
nllb200_1B,facebook/nllb-200-1.3B,17,functionwords,813,0.7621521949768066
nllb200_1B,facebook/nllb-200-1.3B,17,functionwords,814,0.952384352684021
nllb200_1B,facebook/nllb-200-1.3B,17,functionwords,815,0.9573256373405457
nllb200_1B,facebook/nllb-200-1.3B,17,functionwords,816,0.6867367029190063
nllb200_1B,facebook/nllb-200-1.3B,17,functionwords,817,0.9547438621520996
nllb200_1B,facebook/nllb-200-1.3B,17,functionwords,818,0.9352367520332336
nllb200_1B,facebook/nllb-200-1.3B,17,functionwords,819,0.9386908411979675
nllb200_1B,facebook/nllb-200-1.3B,17,functionwords,820,0.8134119510650635
nllb200_1B,facebook/nllb-200-1.3B,17,functionwords,821,0.9595351219177246
nllb200_1B,facebook/nllb-200-1.3B,17,functionwords,822,0.9595202803611755
nllb200_1B,facebook/nllb-200-1.3B,17,functionwords,823,0.9647060632705688
nllb200_1B,facebook/nllb-200-1.3B,17,functionwords,824,0.9599936008453369
nllb200_1B,facebook/nllb-200-1.3B,17,functionwords,825,0.9144973754882812
nllb200_1B,facebook/nllb-200-1.3B,17,functionwords,826,0.9531625509262085
nllb200_1B,facebook/nllb-200-1.3B,17,functionwords,827,0.9600237607955933
nllb200_1B,facebook/nllb-200-1.3B,17,functionwords,828,0.7946386337280273
nllb200_1B,facebook/nllb-200-1.3B,17,functionwords,829,0.9388876557350159
nllb200_1B,facebook/nllb-200-1.3B,17,functionwords,830,0.9498007297515869
nllb200_1B,facebook/nllb-200-1.3B,17,functionwords,831,0.9163340330123901
nllb200_1B,facebook/nllb-200-1.3B,17,functionwords,832,0.9587671756744385
nllb200_1B,facebook/nllb-200-1.3B,17,functionwords,833,0.7711567878723145
nllb200_1B,facebook/nllb-200-1.3B,17,functionwords,834,0.9505429267883301
nllb200_1B,facebook/nllb-200-1.3B,17,functionwords,835,0.9574393033981323
nllb200_1B,facebook/nllb-200-1.3B,17,functionwords,836,0.955907940864563
nllb200_1B,facebook/nllb-200-1.3B,17,functionwords,837,0.9574472904205322
nllb200_1B,facebook/nllb-200-1.3B,17,functionwords,838,0.9568390250205994
nllb200_1B,facebook/nllb-200-1.3B,17,functionwords,839,0.9508424997329712
nllb200_1B,facebook/nllb-200-1.3B,17,functionwords,840,0.9562391638755798
nllb200_1B,facebook/nllb-200-1.3B,17,functionwords,841,0.958243727684021
nllb200_1B,facebook/nllb-200-1.3B,17,functionwords,842,0.9524059891700745
nllb200_1B,facebook/nllb-200-1.3B,17,functionwords,843,0.9495846629142761
nllb200_1B,facebook/nllb-200-1.3B,17,functionwords,844,0.9350364208221436
nllb200_1B,facebook/nllb-200-1.3B,17,functionwords,845,0.953909158706665
nllb200_1B,facebook/nllb-200-1.3B,17,functionwords,846,0.9499778747558594
nllb200_1B,facebook/nllb-200-1.3B,17,functionwords,847,0.9406337738037109
nllb200_1B,facebook/nllb-200-1.3B,17,functionwords,848,0.9584014415740967
nllb200_1B,facebook/nllb-200-1.3B,17,functionwords,849,0.9456872940063477
nllb200_1B,facebook/nllb-200-1.3B,17,functionwords,850,0.9604094624519348
nllb200_1B,facebook/nllb-200-1.3B,17,functionwords,851,0.9526543617248535
nllb200_1B,facebook/nllb-200-1.3B,17,functionwords,852,0.959222674369812
nllb200_1B,facebook/nllb-200-1.3B,17,functionwords,853,0.9511051774024963
nllb200_1B,facebook/nllb-200-1.3B,17,functionwords,854,0.9436772465705872
nllb200_1B,facebook/nllb-200-1.3B,17,functionwords,855,0.9487309455871582
nllb200_1B,facebook/nllb-200-1.3B,17,functionwords,856,0.9516188502311707
nllb200_1B,facebook/nllb-200-1.3B,17,functionwords,857,0.9525306820869446
nllb200_1B,facebook/nllb-200-1.3B,17,functionwords,858,0.9603192806243896
nllb200_1B,facebook/nllb-200-1.3B,17,functionwords,859,0.9551270604133606
nllb200_1B,facebook/nllb-200-1.3B,17,functionwords,860,0.9468820095062256
nllb200_1B,facebook/nllb-200-1.3B,17,functionwords,861,0.9522283673286438
nllb200_1B,facebook/nllb-200-1.3B,17,functionwords,862,0.9520478248596191
nllb200_1B,facebook/nllb-200-1.3B,17,functionwords,863,0.9588303565979004
nllb200_1B,facebook/nllb-200-1.3B,17,functionwords,864,0.9545707106590271
nllb200_1B,facebook/nllb-200-1.3B,17,functionwords,865,0.9504772424697876
nllb200_1B,facebook/nllb-200-1.3B,17,functionwords,866,0.9602705240249634
nllb200_1B,facebook/nllb-200-1.3B,17,functionwords,867,0.9527887105941772
nllb200_1B,facebook/nllb-200-1.3B,17,functionwords,868,0.9190659523010254
nllb200_1B,facebook/nllb-200-1.3B,17,functionwords,869,0.9531490802764893
nllb200_1B,facebook/nllb-200-1.3B,17,functionwords,870,0.9567714929580688
nllb200_1B,facebook/nllb-200-1.3B,17,functionwords,871,0.9450103044509888
nllb200_1B,facebook/nllb-200-1.3B,17,functionwords,872,0.9628341794013977
nllb200_1B,facebook/nllb-200-1.3B,17,functionwords,873,0.9638798236846924
nllb200_1B,facebook/nllb-200-1.3B,17,functionwords,874,0.9584046602249146
nllb200_1B,facebook/nllb-200-1.3B,17,functionwords,875,0.9638293981552124
nllb200_1B,facebook/nllb-200-1.3B,17,functionwords,876,0.9460039138793945
nllb200_1B,facebook/nllb-200-1.3B,17,functionwords,877,0.963487982749939
nllb200_1B,facebook/nllb-200-1.3B,17,functionwords,878,0.9543840885162354
nllb200_1B,facebook/nllb-200-1.3B,17,functionwords,879,0.9447834491729736
nllb200_1B,facebook/nllb-200-1.3B,17,functionwords,880,0.9461670517921448
nllb200_1B,facebook/nllb-200-1.3B,17,functionwords,881,0.9487429857254028
nllb200_1B,facebook/nllb-200-1.3B,17,functionwords,882,0.946759045124054
nllb200_1B,facebook/nllb-200-1.3B,17,functionwords,883,0.9559732675552368
nllb200_1B,facebook/nllb-200-1.3B,17,functionwords,884,0.9506299495697021
nllb200_1B,facebook/nllb-200-1.3B,17,functionwords,885,0.9466767311096191
nllb200_1B,facebook/nllb-200-1.3B,17,functionwords,886,0.9484742283821106
nllb200_1B,facebook/nllb-200-1.3B,17,functionwords,887,0.9450607299804688
nllb200_1B,facebook/nllb-200-1.3B,17,functionwords,888,0.8950005769729614
nllb200_1B,facebook/nllb-200-1.3B,17,functionwords,889,0.7805424928665161
nllb200_1B,facebook/nllb-200-1.3B,17,functionwords,890,0.9361943006515503
nllb200_1B,facebook/nllb-200-1.3B,17,functionwords,891,0.9298878908157349
nllb200_1B,facebook/nllb-200-1.3B,17,functionwords,892,0.9087599515914917
nllb200_1B,facebook/nllb-200-1.3B,17,functionwords,893,0.9511460661888123
nllb200_1B,facebook/nllb-200-1.3B,17,functionwords,894,0.7820441722869873
nllb200_1B,facebook/nllb-200-1.3B,17,functionwords,895,0.9565138816833496
nllb200_1B,facebook/nllb-200-1.3B,17,functionwords,896,0.9413292407989502
nllb200_1B,facebook/nllb-200-1.3B,17,functionwords,897,0.9533278346061707
nllb200_1B,facebook/nllb-200-1.3B,17,functionwords,898,0.9479568004608154
nllb200_1B,facebook/nllb-200-1.3B,17,functionwords,899,0.9303611516952515
nllb200_1B,facebook/nllb-200-1.3B,17,functionwords,900,0.7365894317626953
nllb200_1B,facebook/nllb-200-1.3B,17,functionwords,901,0.9519073963165283
nllb200_1B,facebook/nllb-200-1.3B,17,functionwords,902,0.703911304473877
nllb200_1B,facebook/nllb-200-1.3B,17,functionwords,903,0.9384481310844421
nllb200_1B,facebook/nllb-200-1.3B,17,functionwords,904,0.9511111378669739
nllb200_1B,facebook/nllb-200-1.3B,17,functionwords,905,0.7882345914840698
nllb200_1B,facebook/nllb-200-1.3B,17,functionwords,906,0.9657108783721924
nllb200_1B,facebook/nllb-200-1.3B,17,functionwords,907,0.9356399774551392
nllb200_1B,facebook/nllb-200-1.3B,17,functionwords,908,0.9601989388465881
nllb200_1B,facebook/nllb-200-1.3B,17,functionwords,909,0.7645438313484192
nllb200_1B,facebook/nllb-200-1.3B,17,functionwords,910,0.7195303440093994
nllb200_1B,facebook/nllb-200-1.3B,17,functionwords,911,0.8033515214920044
nllb200_1B,facebook/nllb-200-1.3B,17,functionwords,912,0.7911640405654907
nllb200_1B,facebook/nllb-200-1.3B,17,functionwords,913,0.9485642910003662
nllb200_1B,facebook/nllb-200-1.3B,17,functionwords,914,0.9573436975479126
nllb200_1B,facebook/nllb-200-1.3B,17,functionwords,915,0.8170157670974731
nllb200_1B,facebook/nllb-200-1.3B,17,functionwords,916,0.9533790946006775
nllb200_1B,facebook/nllb-200-1.3B,17,functionwords,917,0.9543424844741821
nllb200_1B,facebook/nllb-200-1.3B,17,functionwords,918,0.9484505653381348
nllb200_1B,facebook/nllb-200-1.3B,17,functionwords,919,0.7757498025894165
nllb200_1B,facebook/nllb-200-1.3B,17,functionwords,920,0.9409912824630737
nllb200_1B,facebook/nllb-200-1.3B,17,functionwords,921,0.6414799690246582
nllb200_1B,facebook/nllb-200-1.3B,17,functionwords,922,0.958843469619751
nllb200_1B,facebook/nllb-200-1.3B,17,functionwords,923,0.9501428604125977
nllb200_1B,facebook/nllb-200-1.3B,17,functionwords,924,0.9443539381027222
nllb200_1B,facebook/nllb-200-1.3B,17,functionwords,925,0.9545778632164001
nllb200_1B,facebook/nllb-200-1.3B,17,functionwords,926,0.9465955495834351
nllb200_1B,facebook/nllb-200-1.3B,17,functionwords,927,0.932843804359436
nllb200_1B,facebook/nllb-200-1.3B,17,functionwords,928,0.9390906691551208
nllb200_1B,facebook/nllb-200-1.3B,17,functionwords,929,0.921133279800415
nllb200_1B,facebook/nllb-200-1.3B,17,functionwords,930,0.9555245637893677
nllb200_1B,facebook/nllb-200-1.3B,17,functionwords,931,0.9641441106796265
nllb200_1B,facebook/nllb-200-1.3B,17,functionwords,932,0.943453311920166
nllb200_1B,facebook/nllb-200-1.3B,17,functionwords,933,0.9543871879577637
nllb200_1B,facebook/nllb-200-1.3B,17,functionwords,934,0.9370307922363281
nllb200_1B,facebook/nllb-200-1.3B,17,functionwords,935,0.9466409683227539
nllb200_1B,facebook/nllb-200-1.3B,17,functionwords,936,0.9402274489402771
nllb200_1B,facebook/nllb-200-1.3B,17,functionwords,937,0.7325232625007629
nllb200_1B,facebook/nllb-200-1.3B,17,functionwords,938,0.9441753625869751
nllb200_1B,facebook/nllb-200-1.3B,17,functionwords,939,0.674081027507782
nllb200_1B,facebook/nllb-200-1.3B,17,functionwords,940,0.9479721784591675
nllb200_1B,facebook/nllb-200-1.3B,17,functionwords,941,0.9511425495147705
nllb200_1B,facebook/nllb-200-1.3B,17,functionwords,942,0.9553240537643433
nllb200_1B,facebook/nllb-200-1.3B,17,functionwords,943,0.948969841003418
nllb200_1B,facebook/nllb-200-1.3B,17,functionwords,944,0.951785683631897
nllb200_1B,facebook/nllb-200-1.3B,17,functionwords,945,0.9517213106155396
nllb200_1B,facebook/nllb-200-1.3B,17,functionwords,946,0.9534683227539062
nllb200_1B,facebook/nllb-200-1.3B,17,functionwords,947,0.9485712051391602
nllb200_1B,facebook/nllb-200-1.3B,17,functionwords,948,0.9585445523262024
nllb200_1B,facebook/nllb-200-1.3B,17,functionwords,949,0.96574866771698
nllb200_1B,facebook/nllb-200-1.3B,17,functionwords,950,0.9615983366966248
nllb200_1B,facebook/nllb-200-1.3B,17,functionwords,951,0.9681240320205688
nllb200_1B,facebook/nllb-200-1.3B,17,functionwords,952,0.9406768679618835
nllb200_1B,facebook/nllb-200-1.3B,17,functionwords,953,0.9607330560684204
nllb200_1B,facebook/nllb-200-1.3B,17,functionwords,954,0.9339748024940491
nllb200_1B,facebook/nllb-200-1.3B,17,functionwords,955,0.9369131326675415
nllb200_1B,facebook/nllb-200-1.3B,17,functionwords,956,0.9573745727539062
nllb200_1B,facebook/nllb-200-1.3B,17,functionwords,957,0.9579089283943176
nllb200_1B,facebook/nllb-200-1.3B,17,functionwords,958,0.9375535249710083
nllb200_1B,facebook/nllb-200-1.3B,17,functionwords,959,0.9446203708648682
nllb200_1B,facebook/nllb-200-1.3B,17,functionwords,960,0.9641355276107788
nllb200_1B,facebook/nllb-200-1.3B,17,functionwords,961,0.9595044851303101
nllb200_1B,facebook/nllb-200-1.3B,17,functionwords,962,0.9519659280776978
nllb200_1B,facebook/nllb-200-1.3B,17,functionwords,963,0.9565521478652954
nllb200_1B,facebook/nllb-200-1.3B,17,functionwords,964,0.9550344944000244
nllb200_1B,facebook/nllb-200-1.3B,17,functionwords,965,0.9539088010787964
nllb200_1B,facebook/nllb-200-1.3B,17,functionwords,966,0.9143104553222656
nllb200_1B,facebook/nllb-200-1.3B,17,functionwords,967,0.9292905926704407
nllb200_1B,facebook/nllb-200-1.3B,17,functionwords,968,0.9468017816543579
nllb200_1B,facebook/nllb-200-1.3B,17,functionwords,969,0.9598585367202759
nllb200_1B,facebook/nllb-200-1.3B,17,functionwords,970,0.8060126304626465
nllb200_1B,facebook/nllb-200-1.3B,17,functionwords,971,0.9510692358016968
nllb200_1B,facebook/nllb-200-1.3B,17,functionwords,972,0.9587563276290894
nllb200_1B,facebook/nllb-200-1.3B,17,functionwords,973,0.8413772583007812
nllb200_1B,facebook/nllb-200-1.3B,17,functionwords,974,0.958017110824585
nllb200_1B,facebook/nllb-200-1.3B,17,functionwords,975,0.932470440864563
nllb200_1B,facebook/nllb-200-1.3B,17,functionwords,976,0.9539188146591187
nllb200_1B,facebook/nllb-200-1.3B,17,functionwords,977,0.9444153308868408
nllb200_1B,facebook/nllb-200-1.3B,17,functionwords,978,0.9551459550857544
nllb200_1B,facebook/nllb-200-1.3B,17,functionwords,979,0.9535247087478638
nllb200_1B,facebook/nllb-200-1.3B,17,functionwords,980,0.9485877752304077
nllb200_1B,facebook/nllb-200-1.3B,17,functionwords,981,0.9623720645904541
nllb200_1B,facebook/nllb-200-1.3B,17,functionwords,982,0.9414761066436768
nllb200_1B,facebook/nllb-200-1.3B,17,functionwords,983,0.9574906826019287
nllb200_1B,facebook/nllb-200-1.3B,17,functionwords,984,0.9415349960327148
nllb200_1B,facebook/nllb-200-1.3B,17,functionwords,985,0.9593333005905151
nllb200_1B,facebook/nllb-200-1.3B,17,functionwords,986,0.9358655214309692
nllb200_1B,facebook/nllb-200-1.3B,17,functionwords,987,0.951532781124115
nllb200_1B,facebook/nllb-200-1.3B,17,functionwords,988,0.9491010904312134
nllb200_1B,facebook/nllb-200-1.3B,17,functionwords,989,0.9564805626869202
nllb200_1B,facebook/nllb-200-1.3B,17,functionwords,990,0.9575612545013428
nllb200_1B,facebook/nllb-200-1.3B,17,functionwords,991,0.931702733039856
nllb200_1B,facebook/nllb-200-1.3B,17,functionwords,992,0.9463380575180054
nllb200_1B,facebook/nllb-200-1.3B,17,functionwords,993,0.8206753730773926
nllb200_1B,facebook/nllb-200-1.3B,17,functionwords,994,0.9387511014938354
nllb200_1B,facebook/nllb-200-1.3B,17,functionwords,995,0.9428504109382629
nllb200_1B,facebook/nllb-200-1.3B,17,functionwords,996,0.8093529343605042
nllb200_1B,facebook/nllb-200-1.3B,17,functionwords,997,0.9583731293678284
nllb200_1B,facebook/nllb-200-1.3B,17,functionwords,998,0.9470611810684204
nllb200_1B,facebook/nllb-200-1.3B,17,functionwords,999,0.9439977407455444
nllb200_1B,facebook/nllb-200-1.3B,17,1LocalWordSwap,0,0.9101111888885498
nllb200_1B,facebook/nllb-200-1.3B,17,1LocalWordSwap,1,0.7583990097045898
nllb200_1B,facebook/nllb-200-1.3B,17,1LocalWordSwap,2,0.9220069646835327
nllb200_1B,facebook/nllb-200-1.3B,17,1LocalWordSwap,3,0.9383699297904968
nllb200_1B,facebook/nllb-200-1.3B,17,1LocalWordSwap,4,0.9410061836242676
nllb200_1B,facebook/nllb-200-1.3B,17,1LocalWordSwap,5,0.9965490102767944
nllb200_1B,facebook/nllb-200-1.3B,17,1LocalWordSwap,6,0.9291828274726868
nllb200_1B,facebook/nllb-200-1.3B,17,1LocalWordSwap,7,0.9377884864807129
nllb200_1B,facebook/nllb-200-1.3B,17,1LocalWordSwap,8,0.918257474899292
nllb200_1B,facebook/nllb-200-1.3B,17,1LocalWordSwap,9,0.921218752861023
nllb200_1B,facebook/nllb-200-1.3B,17,1LocalWordSwap,10,0.9243457913398743
nllb200_1B,facebook/nllb-200-1.3B,17,1LocalWordSwap,11,0.9511573910713196
nllb200_1B,facebook/nllb-200-1.3B,17,1LocalWordSwap,12,0.9284228086471558
nllb200_1B,facebook/nllb-200-1.3B,17,1LocalWordSwap,13,0.9323054552078247
nllb200_1B,facebook/nllb-200-1.3B,17,1LocalWordSwap,14,0.9246838092803955
nllb200_1B,facebook/nllb-200-1.3B,17,1LocalWordSwap,15,0.9390425682067871
nllb200_1B,facebook/nllb-200-1.3B,17,1LocalWordSwap,16,0.9450448751449585
nllb200_1B,facebook/nllb-200-1.3B,17,1LocalWordSwap,17,0.9279965162277222
nllb200_1B,facebook/nllb-200-1.3B,17,1LocalWordSwap,18,0.928239643573761
nllb200_1B,facebook/nllb-200-1.3B,17,1LocalWordSwap,19,0.933419406414032
nllb200_1B,facebook/nllb-200-1.3B,17,1LocalWordSwap,20,0.9537310004234314
nllb200_1B,facebook/nllb-200-1.3B,17,1LocalWordSwap,21,0.9362916946411133
nllb200_1B,facebook/nllb-200-1.3B,17,1LocalWordSwap,22,0.9475061297416687
nllb200_1B,facebook/nllb-200-1.3B,17,1LocalWordSwap,23,0.943671703338623
nllb200_1B,facebook/nllb-200-1.3B,17,1LocalWordSwap,24,0.9603304862976074
nllb200_1B,facebook/nllb-200-1.3B,17,1LocalWordSwap,25,0.9435548782348633
nllb200_1B,facebook/nllb-200-1.3B,17,1LocalWordSwap,26,0.937958300113678
nllb200_1B,facebook/nllb-200-1.3B,17,1LocalWordSwap,27,0.9165821075439453
nllb200_1B,facebook/nllb-200-1.3B,17,1LocalWordSwap,28,0.931128978729248
nllb200_1B,facebook/nllb-200-1.3B,17,1LocalWordSwap,29,0.9504109025001526
nllb200_1B,facebook/nllb-200-1.3B,17,1LocalWordSwap,30,0.9224206805229187
nllb200_1B,facebook/nllb-200-1.3B,17,1LocalWordSwap,31,0.92437344789505
nllb200_1B,facebook/nllb-200-1.3B,17,1LocalWordSwap,32,0.9110210537910461
nllb200_1B,facebook/nllb-200-1.3B,17,1LocalWordSwap,33,0.9155362844467163
nllb200_1B,facebook/nllb-200-1.3B,17,1LocalWordSwap,34,0.9453588724136353
nllb200_1B,facebook/nllb-200-1.3B,17,1LocalWordSwap,35,0.9384990334510803
nllb200_1B,facebook/nllb-200-1.3B,17,1LocalWordSwap,36,0.9176110625267029
nllb200_1B,facebook/nllb-200-1.3B,17,1LocalWordSwap,37,0.9123316407203674
nllb200_1B,facebook/nllb-200-1.3B,17,1LocalWordSwap,38,0.9450598955154419
nllb200_1B,facebook/nllb-200-1.3B,17,1LocalWordSwap,39,0.9089034199714661
nllb200_1B,facebook/nllb-200-1.3B,17,1LocalWordSwap,40,0.9431285858154297
nllb200_1B,facebook/nllb-200-1.3B,17,1LocalWordSwap,41,0.9396886825561523
nllb200_1B,facebook/nllb-200-1.3B,17,1LocalWordSwap,42,0.8122879862785339
nllb200_1B,facebook/nllb-200-1.3B,17,1LocalWordSwap,43,0.9280260801315308
nllb200_1B,facebook/nllb-200-1.3B,17,1LocalWordSwap,44,0.9606615900993347
nllb200_1B,facebook/nllb-200-1.3B,17,1LocalWordSwap,45,0.9228664636611938
nllb200_1B,facebook/nllb-200-1.3B,17,1LocalWordSwap,46,0.9308150410652161
nllb200_1B,facebook/nllb-200-1.3B,17,1LocalWordSwap,47,0.929460883140564
nllb200_1B,facebook/nllb-200-1.3B,17,1LocalWordSwap,48,0.922747015953064
nllb200_1B,facebook/nllb-200-1.3B,17,1LocalWordSwap,49,0.9271361231803894
nllb200_1B,facebook/nllb-200-1.3B,17,1LocalWordSwap,50,0.927061915397644
nllb200_1B,facebook/nllb-200-1.3B,17,1LocalWordSwap,51,0.9600746631622314
nllb200_1B,facebook/nllb-200-1.3B,17,1LocalWordSwap,52,0.9520865678787231
nllb200_1B,facebook/nllb-200-1.3B,17,1LocalWordSwap,53,0.958450973033905
nllb200_1B,facebook/nllb-200-1.3B,17,1LocalWordSwap,54,0.9509532451629639
nllb200_1B,facebook/nllb-200-1.3B,17,1LocalWordSwap,55,0.9509105682373047
nllb200_1B,facebook/nllb-200-1.3B,17,1LocalWordSwap,56,0.942430853843689
nllb200_1B,facebook/nllb-200-1.3B,17,1LocalWordSwap,57,0.9485512375831604
nllb200_1B,facebook/nllb-200-1.3B,17,1LocalWordSwap,58,0.950087308883667
nllb200_1B,facebook/nllb-200-1.3B,17,1LocalWordSwap,59,0.9449228048324585
nllb200_1B,facebook/nllb-200-1.3B,17,1LocalWordSwap,60,0.9388725757598877
nllb200_1B,facebook/nllb-200-1.3B,17,1LocalWordSwap,61,0.935416579246521
nllb200_1B,facebook/nllb-200-1.3B,17,1LocalWordSwap,62,0.9934881925582886
nllb200_1B,facebook/nllb-200-1.3B,17,1LocalWordSwap,63,0.9153603315353394
nllb200_1B,facebook/nllb-200-1.3B,17,1LocalWordSwap,64,0.9372018575668335
nllb200_1B,facebook/nllb-200-1.3B,17,1LocalWordSwap,65,0.9242828488349915
nllb200_1B,facebook/nllb-200-1.3B,17,1LocalWordSwap,66,0.9228066205978394
nllb200_1B,facebook/nllb-200-1.3B,17,1LocalWordSwap,67,0.91845703125
nllb200_1B,facebook/nllb-200-1.3B,17,1LocalWordSwap,68,0.932931661605835
nllb200_1B,facebook/nllb-200-1.3B,17,1LocalWordSwap,69,0.719646155834198
nllb200_1B,facebook/nllb-200-1.3B,17,1LocalWordSwap,70,0.9437921643257141
nllb200_1B,facebook/nllb-200-1.3B,17,1LocalWordSwap,71,0.9395729303359985
nllb200_1B,facebook/nllb-200-1.3B,17,1LocalWordSwap,72,0.9485504627227783
nllb200_1B,facebook/nllb-200-1.3B,17,1LocalWordSwap,73,0.9985538721084595
nllb200_1B,facebook/nllb-200-1.3B,17,1LocalWordSwap,74,0.9309881925582886
nllb200_1B,facebook/nllb-200-1.3B,17,1LocalWordSwap,75,0.9243741631507874
nllb200_1B,facebook/nllb-200-1.3B,17,1LocalWordSwap,76,0.6742364168167114
nllb200_1B,facebook/nllb-200-1.3B,17,1LocalWordSwap,77,0.9433348774909973
nllb200_1B,facebook/nllb-200-1.3B,17,1LocalWordSwap,78,0.8085501194000244
nllb200_1B,facebook/nllb-200-1.3B,17,1LocalWordSwap,79,0.9299153089523315
nllb200_1B,facebook/nllb-200-1.3B,17,1LocalWordSwap,80,0.9307929873466492
nllb200_1B,facebook/nllb-200-1.3B,17,1LocalWordSwap,81,0.7743005752563477
nllb200_1B,facebook/nllb-200-1.3B,17,1LocalWordSwap,82,0.9169541597366333
nllb200_1B,facebook/nllb-200-1.3B,17,1LocalWordSwap,83,0.6972815990447998
nllb200_1B,facebook/nllb-200-1.3B,17,1LocalWordSwap,84,0.9330052137374878
nllb200_1B,facebook/nllb-200-1.3B,17,1LocalWordSwap,85,0.9928025007247925
nllb200_1B,facebook/nllb-200-1.3B,17,1LocalWordSwap,86,0.9266442060470581
nllb200_1B,facebook/nllb-200-1.3B,17,1LocalWordSwap,87,0.7045058012008667
nllb200_1B,facebook/nllb-200-1.3B,17,1LocalWordSwap,88,0.9522888660430908
nllb200_1B,facebook/nllb-200-1.3B,17,1LocalWordSwap,89,0.9142926931381226
nllb200_1B,facebook/nllb-200-1.3B,17,1LocalWordSwap,90,0.8828160166740417
nllb200_1B,facebook/nllb-200-1.3B,17,1LocalWordSwap,91,0.9357850551605225
nllb200_1B,facebook/nllb-200-1.3B,17,1LocalWordSwap,92,0.7339434623718262
nllb200_1B,facebook/nllb-200-1.3B,17,1LocalWordSwap,93,0.7121100425720215
nllb200_1B,facebook/nllb-200-1.3B,17,1LocalWordSwap,94,0.9708848595619202
nllb200_1B,facebook/nllb-200-1.3B,17,1LocalWordSwap,95,0.9472390413284302
nllb200_1B,facebook/nllb-200-1.3B,17,1LocalWordSwap,96,0.9110633134841919
nllb200_1B,facebook/nllb-200-1.3B,17,1LocalWordSwap,97,0.9500894546508789
nllb200_1B,facebook/nllb-200-1.3B,17,1LocalWordSwap,98,0.9978966116905212
nllb200_1B,facebook/nllb-200-1.3B,17,1LocalWordSwap,99,0.9508883953094482
nllb200_1B,facebook/nllb-200-1.3B,17,1LocalWordSwap,100,0.9201258420944214
nllb200_1B,facebook/nllb-200-1.3B,17,1LocalWordSwap,101,0.9588232040405273
nllb200_1B,facebook/nllb-200-1.3B,17,1LocalWordSwap,102,0.7443419694900513
nllb200_1B,facebook/nllb-200-1.3B,17,1LocalWordSwap,103,0.9316616058349609
nllb200_1B,facebook/nllb-200-1.3B,17,1LocalWordSwap,104,0.945556640625
nllb200_1B,facebook/nllb-200-1.3B,17,1LocalWordSwap,105,0.9452071189880371
nllb200_1B,facebook/nllb-200-1.3B,17,1LocalWordSwap,106,0.93683260679245
nllb200_1B,facebook/nllb-200-1.3B,17,1LocalWordSwap,107,0.7375972270965576
nllb200_1B,facebook/nllb-200-1.3B,17,1LocalWordSwap,108,0.9536454677581787
nllb200_1B,facebook/nllb-200-1.3B,17,1LocalWordSwap,109,0.9382259845733643
nllb200_1B,facebook/nllb-200-1.3B,17,1LocalWordSwap,110,0.9415160417556763
nllb200_1B,facebook/nllb-200-1.3B,17,1LocalWordSwap,111,0.9471122622489929
nllb200_1B,facebook/nllb-200-1.3B,17,1LocalWordSwap,112,0.8949512839317322
nllb200_1B,facebook/nllb-200-1.3B,17,1LocalWordSwap,113,0.9323720932006836
nllb200_1B,facebook/nllb-200-1.3B,17,1LocalWordSwap,114,0.9370116591453552
nllb200_1B,facebook/nllb-200-1.3B,17,1LocalWordSwap,115,0.9483153820037842
nllb200_1B,facebook/nllb-200-1.3B,17,1LocalWordSwap,116,0.9053562879562378
nllb200_1B,facebook/nllb-200-1.3B,17,1LocalWordSwap,117,0.9278663992881775
nllb200_1B,facebook/nllb-200-1.3B,17,1LocalWordSwap,118,0.9178393483161926
nllb200_1B,facebook/nllb-200-1.3B,17,1LocalWordSwap,119,0.9491344690322876
nllb200_1B,facebook/nllb-200-1.3B,17,1LocalWordSwap,120,0.9327501058578491
nllb200_1B,facebook/nllb-200-1.3B,17,1LocalWordSwap,121,0.8957710266113281
nllb200_1B,facebook/nllb-200-1.3B,17,1LocalWordSwap,122,0.9458622932434082
nllb200_1B,facebook/nllb-200-1.3B,17,1LocalWordSwap,123,0.9408048391342163
nllb200_1B,facebook/nllb-200-1.3B,17,1LocalWordSwap,124,0.9374344348907471
nllb200_1B,facebook/nllb-200-1.3B,17,1LocalWordSwap,125,0.93958580493927
nllb200_1B,facebook/nllb-200-1.3B,17,1LocalWordSwap,126,0.921342134475708
nllb200_1B,facebook/nllb-200-1.3B,17,1LocalWordSwap,127,0.9286940693855286
nllb200_1B,facebook/nllb-200-1.3B,17,1LocalWordSwap,128,0.9139565229415894
nllb200_1B,facebook/nllb-200-1.3B,17,1LocalWordSwap,129,0.9489733576774597
nllb200_1B,facebook/nllb-200-1.3B,17,1LocalWordSwap,130,0.9299412965774536
nllb200_1B,facebook/nllb-200-1.3B,17,1LocalWordSwap,131,0.9073938131332397
nllb200_1B,facebook/nllb-200-1.3B,17,1LocalWordSwap,132,0.8973308801651001
nllb200_1B,facebook/nllb-200-1.3B,17,1LocalWordSwap,133,0.9981837868690491
nllb200_1B,facebook/nllb-200-1.3B,17,1LocalWordSwap,134,0.9157310128211975
nllb200_1B,facebook/nllb-200-1.3B,17,1LocalWordSwap,135,0.9270308613777161
nllb200_1B,facebook/nllb-200-1.3B,17,1LocalWordSwap,136,0.9419424533843994
nllb200_1B,facebook/nllb-200-1.3B,17,1LocalWordSwap,137,0.9265400767326355
nllb200_1B,facebook/nllb-200-1.3B,17,1LocalWordSwap,138,0.9182584881782532
nllb200_1B,facebook/nllb-200-1.3B,17,1LocalWordSwap,139,0.9304671287536621
nllb200_1B,facebook/nllb-200-1.3B,17,1LocalWordSwap,140,0.9402916431427002
nllb200_1B,facebook/nllb-200-1.3B,17,1LocalWordSwap,141,0.9316173791885376
nllb200_1B,facebook/nllb-200-1.3B,17,1LocalWordSwap,142,0.9477065205574036
nllb200_1B,facebook/nllb-200-1.3B,17,1LocalWordSwap,143,0.8841361999511719
nllb200_1B,facebook/nllb-200-1.3B,17,1LocalWordSwap,144,0.9219397306442261
nllb200_1B,facebook/nllb-200-1.3B,17,1LocalWordSwap,145,0.9281858205795288
nllb200_1B,facebook/nllb-200-1.3B,17,1LocalWordSwap,146,0.9328369498252869
nllb200_1B,facebook/nllb-200-1.3B,17,1LocalWordSwap,147,0.9459527730941772
nllb200_1B,facebook/nllb-200-1.3B,17,1LocalWordSwap,148,0.9326231479644775
nllb200_1B,facebook/nllb-200-1.3B,17,1LocalWordSwap,149,0.9504974484443665
nllb200_1B,facebook/nllb-200-1.3B,17,1LocalWordSwap,150,0.9323481321334839
nllb200_1B,facebook/nllb-200-1.3B,17,1LocalWordSwap,151,0.8864450454711914
nllb200_1B,facebook/nllb-200-1.3B,17,1LocalWordSwap,152,0.9156272411346436
nllb200_1B,facebook/nllb-200-1.3B,17,1LocalWordSwap,153,0.9297006130218506
nllb200_1B,facebook/nllb-200-1.3B,17,1LocalWordSwap,154,0.9131786823272705
nllb200_1B,facebook/nllb-200-1.3B,17,1LocalWordSwap,155,0.9254781007766724
nllb200_1B,facebook/nllb-200-1.3B,17,1LocalWordSwap,156,0.9626374244689941
nllb200_1B,facebook/nllb-200-1.3B,17,1LocalWordSwap,157,0.9493592381477356
nllb200_1B,facebook/nllb-200-1.3B,17,1LocalWordSwap,158,0.9265117049217224
nllb200_1B,facebook/nllb-200-1.3B,17,1LocalWordSwap,159,0.9584337472915649
nllb200_1B,facebook/nllb-200-1.3B,17,1LocalWordSwap,160,0.9044171571731567
nllb200_1B,facebook/nllb-200-1.3B,17,1LocalWordSwap,161,0.9335730075836182
nllb200_1B,facebook/nllb-200-1.3B,17,1LocalWordSwap,162,0.8920408487319946
nllb200_1B,facebook/nllb-200-1.3B,17,1LocalWordSwap,163,0.9316101670265198
nllb200_1B,facebook/nllb-200-1.3B,17,1LocalWordSwap,164,0.9290459156036377
nllb200_1B,facebook/nllb-200-1.3B,17,1LocalWordSwap,165,0.9498936533927917
nllb200_1B,facebook/nllb-200-1.3B,17,1LocalWordSwap,166,0.9392353296279907
nllb200_1B,facebook/nllb-200-1.3B,17,1LocalWordSwap,167,0.9408427476882935
nllb200_1B,facebook/nllb-200-1.3B,17,1LocalWordSwap,168,0.9369512796401978
nllb200_1B,facebook/nllb-200-1.3B,17,1LocalWordSwap,169,0.9385093450546265
nllb200_1B,facebook/nllb-200-1.3B,17,1LocalWordSwap,170,0.9452787637710571
nllb200_1B,facebook/nllb-200-1.3B,17,1LocalWordSwap,171,0.9329333305358887
nllb200_1B,facebook/nllb-200-1.3B,17,1LocalWordSwap,172,0.9143968224525452
nllb200_1B,facebook/nllb-200-1.3B,17,1LocalWordSwap,173,0.9211540818214417
nllb200_1B,facebook/nllb-200-1.3B,17,1LocalWordSwap,174,0.9369534254074097
nllb200_1B,facebook/nllb-200-1.3B,17,1LocalWordSwap,175,0.9463918805122375
nllb200_1B,facebook/nllb-200-1.3B,17,1LocalWordSwap,176,0.99674391746521
nllb200_1B,facebook/nllb-200-1.3B,17,1LocalWordSwap,177,0.9391157627105713
nllb200_1B,facebook/nllb-200-1.3B,17,1LocalWordSwap,178,0.8987287282943726
nllb200_1B,facebook/nllb-200-1.3B,17,1LocalWordSwap,179,0.9142213463783264
nllb200_1B,facebook/nllb-200-1.3B,17,1LocalWordSwap,180,0.9039713144302368
nllb200_1B,facebook/nllb-200-1.3B,17,1LocalWordSwap,181,0.614068865776062
nllb200_1B,facebook/nllb-200-1.3B,17,1LocalWordSwap,182,0.9421950578689575
nllb200_1B,facebook/nllb-200-1.3B,17,1LocalWordSwap,183,0.9072127938270569
nllb200_1B,facebook/nllb-200-1.3B,17,1LocalWordSwap,184,0.9315775632858276
nllb200_1B,facebook/nllb-200-1.3B,17,1LocalWordSwap,185,0.7875666618347168
nllb200_1B,facebook/nllb-200-1.3B,17,1LocalWordSwap,186,0.9154270887374878
nllb200_1B,facebook/nllb-200-1.3B,17,1LocalWordSwap,187,0.6280990839004517
nllb200_1B,facebook/nllb-200-1.3B,17,1LocalWordSwap,188,0.9058577418327332
nllb200_1B,facebook/nllb-200-1.3B,17,1LocalWordSwap,189,0.943778395652771
nllb200_1B,facebook/nllb-200-1.3B,17,1LocalWordSwap,190,0.852398693561554
nllb200_1B,facebook/nllb-200-1.3B,17,1LocalWordSwap,191,0.8984675407409668
nllb200_1B,facebook/nllb-200-1.3B,17,1LocalWordSwap,192,0.9463874697685242
nllb200_1B,facebook/nllb-200-1.3B,17,1LocalWordSwap,193,0.9553136229515076
nllb200_1B,facebook/nllb-200-1.3B,17,1LocalWordSwap,194,0.9380279183387756
nllb200_1B,facebook/nllb-200-1.3B,17,1LocalWordSwap,195,0.831717848777771
nllb200_1B,facebook/nllb-200-1.3B,17,1LocalWordSwap,196,0.9449271559715271
nllb200_1B,facebook/nllb-200-1.3B,17,1LocalWordSwap,197,0.979794442653656
nllb200_1B,facebook/nllb-200-1.3B,17,1LocalWordSwap,198,0.6330422163009644
nllb200_1B,facebook/nllb-200-1.3B,17,1LocalWordSwap,199,0.9141683578491211
nllb200_1B,facebook/nllb-200-1.3B,17,1LocalWordSwap,200,0.946422815322876
nllb200_1B,facebook/nllb-200-1.3B,17,1LocalWordSwap,201,0.9314430952072144
nllb200_1B,facebook/nllb-200-1.3B,17,1LocalWordSwap,202,0.9377536177635193
nllb200_1B,facebook/nllb-200-1.3B,17,1LocalWordSwap,203,0.9290419220924377
nllb200_1B,facebook/nllb-200-1.3B,17,1LocalWordSwap,204,0.942524254322052
nllb200_1B,facebook/nllb-200-1.3B,17,1LocalWordSwap,205,0.9534856081008911
nllb200_1B,facebook/nllb-200-1.3B,17,1LocalWordSwap,206,0.9176651835441589
nllb200_1B,facebook/nllb-200-1.3B,17,1LocalWordSwap,207,0.9965189695358276
nllb200_1B,facebook/nllb-200-1.3B,17,1LocalWordSwap,208,0.9291757345199585
nllb200_1B,facebook/nllb-200-1.3B,17,1LocalWordSwap,209,0.9410462379455566
nllb200_1B,facebook/nllb-200-1.3B,17,1LocalWordSwap,210,0.9332393407821655
nllb200_1B,facebook/nllb-200-1.3B,17,1LocalWordSwap,211,0.9400359392166138
nllb200_1B,facebook/nllb-200-1.3B,17,1LocalWordSwap,212,0.9985572099685669
nllb200_1B,facebook/nllb-200-1.3B,17,1LocalWordSwap,213,0.9150633215904236
nllb200_1B,facebook/nllb-200-1.3B,17,1LocalWordSwap,214,0.9284991025924683
nllb200_1B,facebook/nllb-200-1.3B,17,1LocalWordSwap,215,0.9443719387054443
nllb200_1B,facebook/nllb-200-1.3B,17,1LocalWordSwap,216,0.6604129672050476
nllb200_1B,facebook/nllb-200-1.3B,17,1LocalWordSwap,217,0.7160704135894775
nllb200_1B,facebook/nllb-200-1.3B,17,1LocalWordSwap,218,0.9350937604904175
nllb200_1B,facebook/nllb-200-1.3B,17,1LocalWordSwap,219,0.9187228679656982
nllb200_1B,facebook/nllb-200-1.3B,17,1LocalWordSwap,220,0.9275840520858765
nllb200_1B,facebook/nllb-200-1.3B,17,1LocalWordSwap,221,0.9478081464767456
nllb200_1B,facebook/nllb-200-1.3B,17,1LocalWordSwap,222,0.9588519930839539
nllb200_1B,facebook/nllb-200-1.3B,17,1LocalWordSwap,223,0.6980875134468079
nllb200_1B,facebook/nllb-200-1.3B,17,1LocalWordSwap,224,0.9358087778091431
nllb200_1B,facebook/nllb-200-1.3B,17,1LocalWordSwap,225,0.6915168762207031
nllb200_1B,facebook/nllb-200-1.3B,17,1LocalWordSwap,226,0.9426662921905518
nllb200_1B,facebook/nllb-200-1.3B,17,1LocalWordSwap,227,0.9497858285903931
nllb200_1B,facebook/nllb-200-1.3B,17,1LocalWordSwap,228,0.9928247928619385
nllb200_1B,facebook/nllb-200-1.3B,17,1LocalWordSwap,229,0.9522911310195923
nllb200_1B,facebook/nllb-200-1.3B,17,1LocalWordSwap,230,0.937002420425415
nllb200_1B,facebook/nllb-200-1.3B,17,1LocalWordSwap,231,0.7309755086898804
nllb200_1B,facebook/nllb-200-1.3B,17,1LocalWordSwap,232,0.6872612833976746
nllb200_1B,facebook/nllb-200-1.3B,17,1LocalWordSwap,233,0.9362210035324097
nllb200_1B,facebook/nllb-200-1.3B,17,1LocalWordSwap,234,0.9509854316711426
nllb200_1B,facebook/nllb-200-1.3B,17,1LocalWordSwap,235,0.7837792634963989
nllb200_1B,facebook/nllb-200-1.3B,17,1LocalWordSwap,236,0.670091986656189
nllb200_1B,facebook/nllb-200-1.3B,17,1LocalWordSwap,237,0.6928479671478271
nllb200_1B,facebook/nllb-200-1.3B,17,1LocalWordSwap,238,0.955512523651123
nllb200_1B,facebook/nllb-200-1.3B,17,1LocalWordSwap,239,0.7272704243659973
nllb200_1B,facebook/nllb-200-1.3B,17,1LocalWordSwap,240,0.9239064455032349
nllb200_1B,facebook/nllb-200-1.3B,17,1LocalWordSwap,241,0.8991783857345581
nllb200_1B,facebook/nllb-200-1.3B,17,1LocalWordSwap,242,0.9128039479255676
nllb200_1B,facebook/nllb-200-1.3B,17,1LocalWordSwap,243,0.7685738801956177
nllb200_1B,facebook/nllb-200-1.3B,17,1LocalWordSwap,244,0.9515379667282104
nllb200_1B,facebook/nllb-200-1.3B,17,1LocalWordSwap,245,0.9070047736167908
nllb200_1B,facebook/nllb-200-1.3B,17,1LocalWordSwap,246,0.9512962102890015
nllb200_1B,facebook/nllb-200-1.3B,17,1LocalWordSwap,247,0.9418394565582275
nllb200_1B,facebook/nllb-200-1.3B,17,1LocalWordSwap,248,0.7963089942932129
nllb200_1B,facebook/nllb-200-1.3B,17,1LocalWordSwap,249,0.9568157196044922
nllb200_1B,facebook/nllb-200-1.3B,17,1LocalWordSwap,250,0.9480690956115723
nllb200_1B,facebook/nllb-200-1.3B,17,1LocalWordSwap,251,0.9444137811660767
nllb200_1B,facebook/nllb-200-1.3B,17,1LocalWordSwap,252,0.9433152675628662
nllb200_1B,facebook/nllb-200-1.3B,17,1LocalWordSwap,253,0.9521825909614563
nllb200_1B,facebook/nllb-200-1.3B,17,1LocalWordSwap,254,0.6752423048019409
nllb200_1B,facebook/nllb-200-1.3B,17,1LocalWordSwap,255,0.9171650409698486
nllb200_1B,facebook/nllb-200-1.3B,17,1LocalWordSwap,256,0.9698795080184937
nllb200_1B,facebook/nllb-200-1.3B,17,1LocalWordSwap,257,0.9300637245178223
nllb200_1B,facebook/nllb-200-1.3B,17,1LocalWordSwap,258,0.9321127533912659
nllb200_1B,facebook/nllb-200-1.3B,17,1LocalWordSwap,259,0.968412458896637
nllb200_1B,facebook/nllb-200-1.3B,17,1LocalWordSwap,260,0.7189867496490479
nllb200_1B,facebook/nllb-200-1.3B,17,1LocalWordSwap,261,0.9441345930099487
nllb200_1B,facebook/nllb-200-1.3B,17,1LocalWordSwap,262,0.7614665031433105
nllb200_1B,facebook/nllb-200-1.3B,17,1LocalWordSwap,263,0.9317943453788757
nllb200_1B,facebook/nllb-200-1.3B,17,1LocalWordSwap,264,0.7257483005523682
nllb200_1B,facebook/nllb-200-1.3B,17,1LocalWordSwap,265,0.9215545654296875
nllb200_1B,facebook/nllb-200-1.3B,17,1LocalWordSwap,266,0.9240869283676147
nllb200_1B,facebook/nllb-200-1.3B,17,1LocalWordSwap,267,0.9330679178237915
nllb200_1B,facebook/nllb-200-1.3B,17,1LocalWordSwap,268,0.9370651245117188
nllb200_1B,facebook/nllb-200-1.3B,17,1LocalWordSwap,269,0.9984695911407471
nllb200_1B,facebook/nllb-200-1.3B,17,1LocalWordSwap,270,0.937264084815979
nllb200_1B,facebook/nllb-200-1.3B,17,1LocalWordSwap,271,0.6728155612945557
nllb200_1B,facebook/nllb-200-1.3B,17,1LocalWordSwap,272,0.9454629421234131
nllb200_1B,facebook/nllb-200-1.3B,17,1LocalWordSwap,273,0.9534298181533813
nllb200_1B,facebook/nllb-200-1.3B,17,1LocalWordSwap,274,0.6940339803695679
nllb200_1B,facebook/nllb-200-1.3B,17,1LocalWordSwap,275,0.9447568655014038
nllb200_1B,facebook/nllb-200-1.3B,17,1LocalWordSwap,276,0.9423884153366089
nllb200_1B,facebook/nllb-200-1.3B,17,1LocalWordSwap,277,0.9173389673233032
nllb200_1B,facebook/nllb-200-1.3B,17,1LocalWordSwap,278,0.9471011757850647
nllb200_1B,facebook/nllb-200-1.3B,17,1LocalWordSwap,279,0.9422122836112976
nllb200_1B,facebook/nllb-200-1.3B,17,1LocalWordSwap,280,0.9473812580108643
nllb200_1B,facebook/nllb-200-1.3B,17,1LocalWordSwap,281,0.9561526775360107
nllb200_1B,facebook/nllb-200-1.3B,17,1LocalWordSwap,282,0.9457725286483765
nllb200_1B,facebook/nllb-200-1.3B,17,1LocalWordSwap,283,0.9257720112800598
nllb200_1B,facebook/nllb-200-1.3B,17,1LocalWordSwap,284,0.9340035915374756
nllb200_1B,facebook/nllb-200-1.3B,17,1LocalWordSwap,285,0.9440715312957764
nllb200_1B,facebook/nllb-200-1.3B,17,1LocalWordSwap,286,0.9218877553939819
nllb200_1B,facebook/nllb-200-1.3B,17,1LocalWordSwap,287,0.9344505071640015
nllb200_1B,facebook/nllb-200-1.3B,17,1LocalWordSwap,288,0.9326891899108887
nllb200_1B,facebook/nllb-200-1.3B,17,1LocalWordSwap,289,0.9403084516525269
nllb200_1B,facebook/nllb-200-1.3B,17,1LocalWordSwap,290,0.923964262008667
nllb200_1B,facebook/nllb-200-1.3B,17,1LocalWordSwap,291,0.9493049383163452
nllb200_1B,facebook/nllb-200-1.3B,17,1LocalWordSwap,292,0.9583756923675537
nllb200_1B,facebook/nllb-200-1.3B,17,1LocalWordSwap,293,0.9522883892059326
nllb200_1B,facebook/nllb-200-1.3B,17,1LocalWordSwap,294,0.9303805828094482
nllb200_1B,facebook/nllb-200-1.3B,17,1LocalWordSwap,295,0.923369824886322
nllb200_1B,facebook/nllb-200-1.3B,17,1LocalWordSwap,296,0.9321390986442566
nllb200_1B,facebook/nllb-200-1.3B,17,1LocalWordSwap,297,0.9516947269439697
nllb200_1B,facebook/nllb-200-1.3B,17,1LocalWordSwap,298,0.8942422866821289
nllb200_1B,facebook/nllb-200-1.3B,17,1LocalWordSwap,299,0.9484488368034363
nllb200_1B,facebook/nllb-200-1.3B,17,1LocalWordSwap,300,0.9259198904037476
nllb200_1B,facebook/nllb-200-1.3B,17,1LocalWordSwap,301,0.9458944797515869
nllb200_1B,facebook/nllb-200-1.3B,17,1LocalWordSwap,302,0.9313143491744995
nllb200_1B,facebook/nllb-200-1.3B,17,1LocalWordSwap,303,0.9360501766204834
nllb200_1B,facebook/nllb-200-1.3B,17,1LocalWordSwap,304,0.9395936727523804
nllb200_1B,facebook/nllb-200-1.3B,17,1LocalWordSwap,305,0.9399188756942749
nllb200_1B,facebook/nllb-200-1.3B,17,1LocalWordSwap,306,0.9328911304473877
nllb200_1B,facebook/nllb-200-1.3B,17,1LocalWordSwap,307,0.9292269945144653
nllb200_1B,facebook/nllb-200-1.3B,17,1LocalWordSwap,308,0.9441162347793579
nllb200_1B,facebook/nllb-200-1.3B,17,1LocalWordSwap,309,0.9177630543708801
nllb200_1B,facebook/nllb-200-1.3B,17,1LocalWordSwap,310,0.9286386966705322
nllb200_1B,facebook/nllb-200-1.3B,17,1LocalWordSwap,311,0.928397536277771
nllb200_1B,facebook/nllb-200-1.3B,17,1LocalWordSwap,312,0.9261410236358643
nllb200_1B,facebook/nllb-200-1.3B,17,1LocalWordSwap,313,0.9092344045639038
nllb200_1B,facebook/nllb-200-1.3B,17,1LocalWordSwap,314,0.9505212903022766
nllb200_1B,facebook/nllb-200-1.3B,17,1LocalWordSwap,315,0.9302359819412231
nllb200_1B,facebook/nllb-200-1.3B,17,1LocalWordSwap,316,0.942900538444519
nllb200_1B,facebook/nllb-200-1.3B,17,1LocalWordSwap,317,0.9263224601745605
nllb200_1B,facebook/nllb-200-1.3B,17,1LocalWordSwap,318,0.9367103576660156
nllb200_1B,facebook/nllb-200-1.3B,17,1LocalWordSwap,319,0.9384110569953918
nllb200_1B,facebook/nllb-200-1.3B,17,1LocalWordSwap,320,0.9139798879623413
nllb200_1B,facebook/nllb-200-1.3B,17,1LocalWordSwap,321,0.9442960023880005
nllb200_1B,facebook/nllb-200-1.3B,17,1LocalWordSwap,322,0.9213037490844727
nllb200_1B,facebook/nllb-200-1.3B,17,1LocalWordSwap,323,0.9502931833267212
nllb200_1B,facebook/nllb-200-1.3B,17,1LocalWordSwap,324,0.9268428087234497
nllb200_1B,facebook/nllb-200-1.3B,17,1LocalWordSwap,325,0.9465652704238892
nllb200_1B,facebook/nllb-200-1.3B,17,1LocalWordSwap,326,0.9851443767547607
nllb200_1B,facebook/nllb-200-1.3B,17,1LocalWordSwap,327,0.9559448957443237
nllb200_1B,facebook/nllb-200-1.3B,17,1LocalWordSwap,328,0.9498182535171509
nllb200_1B,facebook/nllb-200-1.3B,17,1LocalWordSwap,329,0.9302057027816772
nllb200_1B,facebook/nllb-200-1.3B,17,1LocalWordSwap,330,0.9397574663162231
nllb200_1B,facebook/nllb-200-1.3B,17,1LocalWordSwap,331,0.9886381030082703
nllb200_1B,facebook/nllb-200-1.3B,17,1LocalWordSwap,332,0.9213871359825134
nllb200_1B,facebook/nllb-200-1.3B,17,1LocalWordSwap,333,0.9297376871109009
nllb200_1B,facebook/nllb-200-1.3B,17,1LocalWordSwap,334,0.9284161329269409
nllb200_1B,facebook/nllb-200-1.3B,17,1LocalWordSwap,335,0.913698673248291
nllb200_1B,facebook/nllb-200-1.3B,17,1LocalWordSwap,336,0.9443885087966919
nllb200_1B,facebook/nllb-200-1.3B,17,1LocalWordSwap,337,0.9376721382141113
nllb200_1B,facebook/nllb-200-1.3B,17,1LocalWordSwap,338,0.936707615852356
nllb200_1B,facebook/nllb-200-1.3B,17,1LocalWordSwap,339,0.9487429857254028
nllb200_1B,facebook/nllb-200-1.3B,17,1LocalWordSwap,340,0.9067904353141785
nllb200_1B,facebook/nllb-200-1.3B,17,1LocalWordSwap,341,0.9286094903945923
nllb200_1B,facebook/nllb-200-1.3B,17,1LocalWordSwap,342,0.9189536571502686
nllb200_1B,facebook/nllb-200-1.3B,17,1LocalWordSwap,343,0.9259713888168335
nllb200_1B,facebook/nllb-200-1.3B,17,1LocalWordSwap,344,0.9315801858901978
nllb200_1B,facebook/nllb-200-1.3B,17,1LocalWordSwap,345,0.9197344779968262
nllb200_1B,facebook/nllb-200-1.3B,17,1LocalWordSwap,346,0.915817141532898
nllb200_1B,facebook/nllb-200-1.3B,17,1LocalWordSwap,347,0.9921716451644897
nllb200_1B,facebook/nllb-200-1.3B,17,1LocalWordSwap,348,0.940950870513916
nllb200_1B,facebook/nllb-200-1.3B,17,1LocalWordSwap,349,0.9471166729927063
nllb200_1B,facebook/nllb-200-1.3B,17,1LocalWordSwap,350,0.9262237548828125
nllb200_1B,facebook/nllb-200-1.3B,17,1LocalWordSwap,351,0.9399186968803406
nllb200_1B,facebook/nllb-200-1.3B,17,1LocalWordSwap,352,0.9376644492149353
nllb200_1B,facebook/nllb-200-1.3B,17,1LocalWordSwap,353,0.9957901239395142
nllb200_1B,facebook/nllb-200-1.3B,17,1LocalWordSwap,354,0.9378489255905151
nllb200_1B,facebook/nllb-200-1.3B,17,1LocalWordSwap,355,0.7361571788787842
nllb200_1B,facebook/nllb-200-1.3B,17,1LocalWordSwap,356,0.9277102947235107
nllb200_1B,facebook/nllb-200-1.3B,17,1LocalWordSwap,357,0.9497083425521851
nllb200_1B,facebook/nllb-200-1.3B,17,1LocalWordSwap,358,0.9611100554466248
nllb200_1B,facebook/nllb-200-1.3B,17,1LocalWordSwap,359,0.9216120839118958
nllb200_1B,facebook/nllb-200-1.3B,17,1LocalWordSwap,360,0.9541395902633667
nllb200_1B,facebook/nllb-200-1.3B,17,1LocalWordSwap,361,0.9392423629760742
nllb200_1B,facebook/nllb-200-1.3B,17,1LocalWordSwap,362,0.92460036277771
nllb200_1B,facebook/nllb-200-1.3B,17,1LocalWordSwap,363,0.9265629053115845
nllb200_1B,facebook/nllb-200-1.3B,17,1LocalWordSwap,364,0.9351773262023926
nllb200_1B,facebook/nllb-200-1.3B,17,1LocalWordSwap,365,0.891832709312439
nllb200_1B,facebook/nllb-200-1.3B,17,1LocalWordSwap,366,0.945530891418457
nllb200_1B,facebook/nllb-200-1.3B,17,1LocalWordSwap,367,0.9361774921417236
nllb200_1B,facebook/nllb-200-1.3B,17,1LocalWordSwap,368,0.9518259763717651
nllb200_1B,facebook/nllb-200-1.3B,17,1LocalWordSwap,369,0.9416791200637817
nllb200_1B,facebook/nllb-200-1.3B,17,1LocalWordSwap,370,0.929407000541687
nllb200_1B,facebook/nllb-200-1.3B,17,1LocalWordSwap,371,0.950992226600647
nllb200_1B,facebook/nllb-200-1.3B,17,1LocalWordSwap,372,0.9495944976806641
nllb200_1B,facebook/nllb-200-1.3B,17,1LocalWordSwap,373,0.9520560503005981
nllb200_1B,facebook/nllb-200-1.3B,17,1LocalWordSwap,374,0.9522051215171814
nllb200_1B,facebook/nllb-200-1.3B,17,1LocalWordSwap,375,0.9594297409057617
nllb200_1B,facebook/nllb-200-1.3B,17,1LocalWordSwap,376,0.9256429672241211
nllb200_1B,facebook/nllb-200-1.3B,17,1LocalWordSwap,377,0.7988103628158569
nllb200_1B,facebook/nllb-200-1.3B,17,1LocalWordSwap,378,0.9508106708526611
nllb200_1B,facebook/nllb-200-1.3B,17,1LocalWordSwap,379,0.9450960755348206
nllb200_1B,facebook/nllb-200-1.3B,17,1LocalWordSwap,380,0.8979299068450928
nllb200_1B,facebook/nllb-200-1.3B,17,1LocalWordSwap,381,0.629817545413971
nllb200_1B,facebook/nllb-200-1.3B,17,1LocalWordSwap,382,0.7467870712280273
nllb200_1B,facebook/nllb-200-1.3B,17,1LocalWordSwap,383,0.7012656927108765
nllb200_1B,facebook/nllb-200-1.3B,17,1LocalWordSwap,384,0.8873568773269653
nllb200_1B,facebook/nllb-200-1.3B,17,1LocalWordSwap,385,0.9361288547515869
nllb200_1B,facebook/nllb-200-1.3B,17,1LocalWordSwap,386,0.6523306965827942
nllb200_1B,facebook/nllb-200-1.3B,17,1LocalWordSwap,387,0.9273252487182617
nllb200_1B,facebook/nllb-200-1.3B,17,1LocalWordSwap,388,0.9923907518386841
nllb200_1B,facebook/nllb-200-1.3B,17,1LocalWordSwap,389,0.7265338897705078
nllb200_1B,facebook/nllb-200-1.3B,17,1LocalWordSwap,390,0.9265016317367554
nllb200_1B,facebook/nllb-200-1.3B,17,1LocalWordSwap,391,0.8037757873535156
nllb200_1B,facebook/nllb-200-1.3B,17,1LocalWordSwap,392,0.7091083526611328
nllb200_1B,facebook/nllb-200-1.3B,17,1LocalWordSwap,393,0.7537369728088379
nllb200_1B,facebook/nllb-200-1.3B,17,1LocalWordSwap,394,0.703609824180603
nllb200_1B,facebook/nllb-200-1.3B,17,1LocalWordSwap,395,0.6515098810195923
nllb200_1B,facebook/nllb-200-1.3B,17,1LocalWordSwap,396,0.70787513256073
nllb200_1B,facebook/nllb-200-1.3B,17,1LocalWordSwap,397,0.7595371007919312
nllb200_1B,facebook/nllb-200-1.3B,17,1LocalWordSwap,398,0.6923036575317383
nllb200_1B,facebook/nllb-200-1.3B,17,1LocalWordSwap,399,0.9071657657623291
nllb200_1B,facebook/nllb-200-1.3B,17,1LocalWordSwap,400,0.9602820873260498
nllb200_1B,facebook/nllb-200-1.3B,17,1LocalWordSwap,401,0.9445984363555908
nllb200_1B,facebook/nllb-200-1.3B,17,1LocalWordSwap,402,0.9229695796966553
nllb200_1B,facebook/nllb-200-1.3B,17,1LocalWordSwap,403,0.9890720248222351
nllb200_1B,facebook/nllb-200-1.3B,17,1LocalWordSwap,404,0.9361191987991333
nllb200_1B,facebook/nllb-200-1.3B,17,1LocalWordSwap,405,0.9361957311630249
nllb200_1B,facebook/nllb-200-1.3B,17,1LocalWordSwap,406,0.9313822984695435
nllb200_1B,facebook/nllb-200-1.3B,17,1LocalWordSwap,407,0.9270762205123901
nllb200_1B,facebook/nllb-200-1.3B,17,1LocalWordSwap,408,0.9420139789581299
nllb200_1B,facebook/nllb-200-1.3B,17,1LocalWordSwap,409,0.9369176626205444
nllb200_1B,facebook/nllb-200-1.3B,17,1LocalWordSwap,410,0.9169689416885376
nllb200_1B,facebook/nllb-200-1.3B,17,1LocalWordSwap,411,0.90375816822052
nllb200_1B,facebook/nllb-200-1.3B,17,1LocalWordSwap,412,0.7240042686462402
nllb200_1B,facebook/nllb-200-1.3B,17,1LocalWordSwap,413,0.9946611523628235
nllb200_1B,facebook/nllb-200-1.3B,17,1LocalWordSwap,414,0.9472792744636536
nllb200_1B,facebook/nllb-200-1.3B,17,1LocalWordSwap,415,0.930687665939331
nllb200_1B,facebook/nllb-200-1.3B,17,1LocalWordSwap,416,0.9507580995559692
nllb200_1B,facebook/nllb-200-1.3B,17,1LocalWordSwap,417,0.9449247717857361
nllb200_1B,facebook/nllb-200-1.3B,17,1LocalWordSwap,418,0.94748455286026
nllb200_1B,facebook/nllb-200-1.3B,17,1LocalWordSwap,419,0.9324345588684082
nllb200_1B,facebook/nllb-200-1.3B,17,1LocalWordSwap,420,0.939711332321167
nllb200_1B,facebook/nllb-200-1.3B,17,1LocalWordSwap,421,0.6845260858535767
nllb200_1B,facebook/nllb-200-1.3B,17,1LocalWordSwap,422,0.6412088871002197
nllb200_1B,facebook/nllb-200-1.3B,17,1LocalWordSwap,423,0.9385583400726318
nllb200_1B,facebook/nllb-200-1.3B,17,1LocalWordSwap,424,0.9310102462768555
nllb200_1B,facebook/nllb-200-1.3B,17,1LocalWordSwap,425,0.673538327217102
nllb200_1B,facebook/nllb-200-1.3B,17,1LocalWordSwap,426,0.9494696259498596
nllb200_1B,facebook/nllb-200-1.3B,17,1LocalWordSwap,427,0.9396159648895264
nllb200_1B,facebook/nllb-200-1.3B,17,1LocalWordSwap,428,0.9357436299324036
nllb200_1B,facebook/nllb-200-1.3B,17,1LocalWordSwap,429,0.9336038827896118
nllb200_1B,facebook/nllb-200-1.3B,17,1LocalWordSwap,430,0.8981225490570068
nllb200_1B,facebook/nllb-200-1.3B,17,1LocalWordSwap,431,0.9413174390792847
nllb200_1B,facebook/nllb-200-1.3B,17,1LocalWordSwap,432,0.9380738735198975
nllb200_1B,facebook/nllb-200-1.3B,17,1LocalWordSwap,433,0.928749680519104
nllb200_1B,facebook/nllb-200-1.3B,17,1LocalWordSwap,434,0.9084141254425049
nllb200_1B,facebook/nllb-200-1.3B,17,1LocalWordSwap,435,0.9378763437271118
nllb200_1B,facebook/nllb-200-1.3B,17,1LocalWordSwap,436,0.9111455678939819
nllb200_1B,facebook/nllb-200-1.3B,17,1LocalWordSwap,437,0.9084829092025757
nllb200_1B,facebook/nllb-200-1.3B,17,1LocalWordSwap,438,0.9975910186767578
nllb200_1B,facebook/nllb-200-1.3B,17,1LocalWordSwap,439,0.9405731558799744
nllb200_1B,facebook/nllb-200-1.3B,17,1LocalWordSwap,440,0.9303561449050903
nllb200_1B,facebook/nllb-200-1.3B,17,1LocalWordSwap,441,0.9538633823394775
nllb200_1B,facebook/nllb-200-1.3B,17,1LocalWordSwap,442,0.9460716247558594
nllb200_1B,facebook/nllb-200-1.3B,17,1LocalWordSwap,443,0.9502063989639282
nllb200_1B,facebook/nllb-200-1.3B,17,1LocalWordSwap,444,0.6830497980117798
nllb200_1B,facebook/nllb-200-1.3B,17,1LocalWordSwap,445,0.8656768798828125
nllb200_1B,facebook/nllb-200-1.3B,17,1LocalWordSwap,446,0.6847513914108276
nllb200_1B,facebook/nllb-200-1.3B,17,1LocalWordSwap,447,0.9585597515106201
nllb200_1B,facebook/nllb-200-1.3B,17,1LocalWordSwap,448,0.9461660385131836
nllb200_1B,facebook/nllb-200-1.3B,17,1LocalWordSwap,449,0.9335214495658875
nllb200_1B,facebook/nllb-200-1.3B,17,1LocalWordSwap,450,0.9344089031219482
nllb200_1B,facebook/nllb-200-1.3B,17,1LocalWordSwap,451,0.6891175508499146
nllb200_1B,facebook/nllb-200-1.3B,17,1LocalWordSwap,452,0.895779013633728
nllb200_1B,facebook/nllb-200-1.3B,17,1LocalWordSwap,453,0.9355615377426147
nllb200_1B,facebook/nllb-200-1.3B,17,1LocalWordSwap,454,0.9460152387619019
nllb200_1B,facebook/nllb-200-1.3B,17,1LocalWordSwap,455,0.922406792640686
nllb200_1B,facebook/nllb-200-1.3B,17,1LocalWordSwap,456,0.906494140625
nllb200_1B,facebook/nllb-200-1.3B,17,1LocalWordSwap,457,0.9201943874359131
nllb200_1B,facebook/nllb-200-1.3B,17,1LocalWordSwap,458,0.9422229528427124
nllb200_1B,facebook/nllb-200-1.3B,17,1LocalWordSwap,459,0.9460935592651367
nllb200_1B,facebook/nllb-200-1.3B,17,1LocalWordSwap,460,0.9287763833999634
nllb200_1B,facebook/nllb-200-1.3B,17,1LocalWordSwap,461,0.9383350610733032
nllb200_1B,facebook/nllb-200-1.3B,17,1LocalWordSwap,462,0.9222089052200317
nllb200_1B,facebook/nllb-200-1.3B,17,1LocalWordSwap,463,0.9432004690170288
nllb200_1B,facebook/nllb-200-1.3B,17,1LocalWordSwap,464,0.9312646389007568
nllb200_1B,facebook/nllb-200-1.3B,17,1LocalWordSwap,465,0.898602306842804
nllb200_1B,facebook/nllb-200-1.3B,17,1LocalWordSwap,466,0.9410219788551331
nllb200_1B,facebook/nllb-200-1.3B,17,1LocalWordSwap,467,0.9330483675003052
nllb200_1B,facebook/nllb-200-1.3B,17,1LocalWordSwap,468,0.9369710087776184
nllb200_1B,facebook/nllb-200-1.3B,17,1LocalWordSwap,469,0.9613618850708008
nllb200_1B,facebook/nllb-200-1.3B,17,1LocalWordSwap,470,0.9462379217147827
nllb200_1B,facebook/nllb-200-1.3B,17,1LocalWordSwap,471,0.9335782527923584
nllb200_1B,facebook/nllb-200-1.3B,17,1LocalWordSwap,472,0.9384722709655762
nllb200_1B,facebook/nllb-200-1.3B,17,1LocalWordSwap,473,0.8940674066543579
nllb200_1B,facebook/nllb-200-1.3B,17,1LocalWordSwap,474,0.722488284111023
nllb200_1B,facebook/nllb-200-1.3B,17,1LocalWordSwap,475,0.6786556243896484
nllb200_1B,facebook/nllb-200-1.3B,17,1LocalWordSwap,476,0.9356627464294434
nllb200_1B,facebook/nllb-200-1.3B,17,1LocalWordSwap,477,0.9519798755645752
nllb200_1B,facebook/nllb-200-1.3B,17,1LocalWordSwap,478,0.9298186302185059
nllb200_1B,facebook/nllb-200-1.3B,17,1LocalWordSwap,479,0.9316223859786987
nllb200_1B,facebook/nllb-200-1.3B,17,1LocalWordSwap,480,0.9306963086128235
nllb200_1B,facebook/nllb-200-1.3B,17,1LocalWordSwap,481,0.9421652555465698
nllb200_1B,facebook/nllb-200-1.3B,17,1LocalWordSwap,482,0.9180203676223755
nllb200_1B,facebook/nllb-200-1.3B,17,1LocalWordSwap,483,0.6897681951522827
nllb200_1B,facebook/nllb-200-1.3B,17,1LocalWordSwap,484,0.9358832836151123
nllb200_1B,facebook/nllb-200-1.3B,17,1LocalWordSwap,485,0.888704776763916
nllb200_1B,facebook/nllb-200-1.3B,17,1LocalWordSwap,486,0.9391142725944519
nllb200_1B,facebook/nllb-200-1.3B,17,1LocalWordSwap,487,0.9188970327377319
nllb200_1B,facebook/nllb-200-1.3B,17,1LocalWordSwap,488,0.7359178066253662
nllb200_1B,facebook/nllb-200-1.3B,17,1LocalWordSwap,489,0.9380810260772705
nllb200_1B,facebook/nllb-200-1.3B,17,1LocalWordSwap,490,0.945476770401001
nllb200_1B,facebook/nllb-200-1.3B,17,1LocalWordSwap,491,0.9359557628631592
nllb200_1B,facebook/nllb-200-1.3B,17,1LocalWordSwap,492,0.937828540802002
nllb200_1B,facebook/nllb-200-1.3B,17,1LocalWordSwap,493,0.921857476234436
nllb200_1B,facebook/nllb-200-1.3B,17,1LocalWordSwap,494,0.9444870352745056
nllb200_1B,facebook/nllb-200-1.3B,17,1LocalWordSwap,495,0.7119606137275696
nllb200_1B,facebook/nllb-200-1.3B,17,1LocalWordSwap,496,0.9430664777755737
nllb200_1B,facebook/nllb-200-1.3B,17,1LocalWordSwap,497,0.9275949001312256
nllb200_1B,facebook/nllb-200-1.3B,17,1LocalWordSwap,498,0.6953656673431396
nllb200_1B,facebook/nllb-200-1.3B,17,1LocalWordSwap,499,0.9180909395217896
nllb200_1B,facebook/nllb-200-1.3B,17,1LocalWordSwap,500,0.6778035163879395
nllb200_1B,facebook/nllb-200-1.3B,17,1LocalWordSwap,501,0.953971803188324
nllb200_1B,facebook/nllb-200-1.3B,17,1LocalWordSwap,502,0.724737823009491
nllb200_1B,facebook/nllb-200-1.3B,17,1LocalWordSwap,503,0.6740275621414185
nllb200_1B,facebook/nllb-200-1.3B,17,1LocalWordSwap,504,0.9555113315582275
nllb200_1B,facebook/nllb-200-1.3B,17,1LocalWordSwap,505,0.9196884036064148
nllb200_1B,facebook/nllb-200-1.3B,17,1LocalWordSwap,506,0.7459856271743774
nllb200_1B,facebook/nllb-200-1.3B,17,1LocalWordSwap,507,0.9316356182098389
nllb200_1B,facebook/nllb-200-1.3B,17,1LocalWordSwap,508,0.926965594291687
nllb200_1B,facebook/nllb-200-1.3B,17,1LocalWordSwap,509,0.9270414710044861
nllb200_1B,facebook/nllb-200-1.3B,17,1LocalWordSwap,510,0.880986213684082
nllb200_1B,facebook/nllb-200-1.3B,17,1LocalWordSwap,511,0.7526018619537354
nllb200_1B,facebook/nllb-200-1.3B,17,1LocalWordSwap,512,0.787058413028717
nllb200_1B,facebook/nllb-200-1.3B,17,1LocalWordSwap,513,0.8884062170982361
nllb200_1B,facebook/nllb-200-1.3B,17,1LocalWordSwap,514,0.9066287279129028
nllb200_1B,facebook/nllb-200-1.3B,17,1LocalWordSwap,515,0.9417763948440552
nllb200_1B,facebook/nllb-200-1.3B,17,1LocalWordSwap,516,0.9445173740386963
nllb200_1B,facebook/nllb-200-1.3B,17,1LocalWordSwap,517,0.9320104122161865
nllb200_1B,facebook/nllb-200-1.3B,17,1LocalWordSwap,518,0.9073991775512695
nllb200_1B,facebook/nllb-200-1.3B,17,1LocalWordSwap,519,0.9350099563598633
nllb200_1B,facebook/nllb-200-1.3B,17,1LocalWordSwap,520,0.9520829916000366
nllb200_1B,facebook/nllb-200-1.3B,17,1LocalWordSwap,521,0.9499150514602661
nllb200_1B,facebook/nllb-200-1.3B,17,1LocalWordSwap,522,0.9366291761398315
nllb200_1B,facebook/nllb-200-1.3B,17,1LocalWordSwap,523,0.9531915783882141
nllb200_1B,facebook/nllb-200-1.3B,17,1LocalWordSwap,524,0.6958141326904297
nllb200_1B,facebook/nllb-200-1.3B,17,1LocalWordSwap,525,0.7075814008712769
nllb200_1B,facebook/nllb-200-1.3B,17,1LocalWordSwap,526,0.7037875652313232
nllb200_1B,facebook/nllb-200-1.3B,17,1LocalWordSwap,527,0.9211117029190063
nllb200_1B,facebook/nllb-200-1.3B,17,1LocalWordSwap,528,0.7560508847236633
nllb200_1B,facebook/nllb-200-1.3B,17,1LocalWordSwap,529,0.9123824834823608
nllb200_1B,facebook/nllb-200-1.3B,17,1LocalWordSwap,530,0.6899965405464172
nllb200_1B,facebook/nllb-200-1.3B,17,1LocalWordSwap,531,0.9219828844070435
nllb200_1B,facebook/nllb-200-1.3B,17,1LocalWordSwap,532,0.9132124185562134
nllb200_1B,facebook/nllb-200-1.3B,17,1LocalWordSwap,533,0.9505726099014282
nllb200_1B,facebook/nllb-200-1.3B,17,1LocalWordSwap,534,0.7017322182655334
nllb200_1B,facebook/nllb-200-1.3B,17,1LocalWordSwap,535,0.9081051349639893
nllb200_1B,facebook/nllb-200-1.3B,17,1LocalWordSwap,536,0.9325314164161682
nllb200_1B,facebook/nllb-200-1.3B,17,1LocalWordSwap,537,0.9259573221206665
nllb200_1B,facebook/nllb-200-1.3B,17,1LocalWordSwap,538,0.944678544998169
nllb200_1B,facebook/nllb-200-1.3B,17,1LocalWordSwap,539,0.755777895450592
nllb200_1B,facebook/nllb-200-1.3B,17,1LocalWordSwap,540,0.8837467432022095
nllb200_1B,facebook/nllb-200-1.3B,17,1LocalWordSwap,541,0.9537512063980103
nllb200_1B,facebook/nllb-200-1.3B,17,1LocalWordSwap,542,0.9269030094146729
nllb200_1B,facebook/nllb-200-1.3B,17,1LocalWordSwap,543,0.8987860083580017
nllb200_1B,facebook/nllb-200-1.3B,17,1LocalWordSwap,544,0.9582951068878174
nllb200_1B,facebook/nllb-200-1.3B,17,1LocalWordSwap,545,0.959895133972168
nllb200_1B,facebook/nllb-200-1.3B,17,1LocalWordSwap,546,0.7010455131530762
nllb200_1B,facebook/nllb-200-1.3B,17,1LocalWordSwap,547,0.9239593744277954
nllb200_1B,facebook/nllb-200-1.3B,17,1LocalWordSwap,548,0.9186651706695557
nllb200_1B,facebook/nllb-200-1.3B,17,1LocalWordSwap,549,0.9265804290771484
nllb200_1B,facebook/nllb-200-1.3B,17,1LocalWordSwap,550,0.9241905212402344
nllb200_1B,facebook/nllb-200-1.3B,17,1LocalWordSwap,551,0.9268954992294312
nllb200_1B,facebook/nllb-200-1.3B,17,1LocalWordSwap,552,0.9251853227615356
nllb200_1B,facebook/nllb-200-1.3B,17,1LocalWordSwap,553,0.9401214122772217
nllb200_1B,facebook/nllb-200-1.3B,17,1LocalWordSwap,554,0.9391037225723267
nllb200_1B,facebook/nllb-200-1.3B,17,1LocalWordSwap,555,0.9605361819267273
nllb200_1B,facebook/nllb-200-1.3B,17,1LocalWordSwap,556,0.8295215368270874
nllb200_1B,facebook/nllb-200-1.3B,17,1LocalWordSwap,557,0.9920289516448975
nllb200_1B,facebook/nllb-200-1.3B,17,1LocalWordSwap,558,0.8974155783653259
nllb200_1B,facebook/nllb-200-1.3B,17,1LocalWordSwap,559,0.7463799118995667
nllb200_1B,facebook/nllb-200-1.3B,17,1LocalWordSwap,560,0.935802698135376
nllb200_1B,facebook/nllb-200-1.3B,17,1LocalWordSwap,561,0.9447853565216064
nllb200_1B,facebook/nllb-200-1.3B,17,1LocalWordSwap,562,0.9212056398391724
nllb200_1B,facebook/nllb-200-1.3B,17,1LocalWordSwap,563,0.7119507789611816
nllb200_1B,facebook/nllb-200-1.3B,17,1LocalWordSwap,564,0.9018737077713013
nllb200_1B,facebook/nllb-200-1.3B,17,1LocalWordSwap,565,0.9371809363365173
nllb200_1B,facebook/nllb-200-1.3B,17,1LocalWordSwap,566,0.936018705368042
nllb200_1B,facebook/nllb-200-1.3B,17,1LocalWordSwap,567,0.733223557472229
nllb200_1B,facebook/nllb-200-1.3B,17,1LocalWordSwap,568,0.9527772665023804
nllb200_1B,facebook/nllb-200-1.3B,17,1LocalWordSwap,569,0.9218305349349976
nllb200_1B,facebook/nllb-200-1.3B,17,1LocalWordSwap,570,0.7028344869613647
nllb200_1B,facebook/nllb-200-1.3B,17,1LocalWordSwap,571,0.8062593936920166
nllb200_1B,facebook/nllb-200-1.3B,17,1LocalWordSwap,572,0.9418070316314697
nllb200_1B,facebook/nllb-200-1.3B,17,1LocalWordSwap,573,0.6740137934684753
nllb200_1B,facebook/nllb-200-1.3B,17,1LocalWordSwap,574,0.9335848093032837
nllb200_1B,facebook/nllb-200-1.3B,17,1LocalWordSwap,575,0.7298431992530823
nllb200_1B,facebook/nllb-200-1.3B,17,1LocalWordSwap,576,0.9254590272903442
nllb200_1B,facebook/nllb-200-1.3B,17,1LocalWordSwap,577,0.9265697002410889
nllb200_1B,facebook/nllb-200-1.3B,17,1LocalWordSwap,578,0.9581037759780884
nllb200_1B,facebook/nllb-200-1.3B,17,1LocalWordSwap,579,0.9347313046455383
nllb200_1B,facebook/nllb-200-1.3B,17,1LocalWordSwap,580,0.9419025182723999
nllb200_1B,facebook/nllb-200-1.3B,17,1LocalWordSwap,581,0.9407366514205933
nllb200_1B,facebook/nllb-200-1.3B,17,1LocalWordSwap,582,0.9491937160491943
nllb200_1B,facebook/nllb-200-1.3B,17,1LocalWordSwap,583,0.9481586217880249
nllb200_1B,facebook/nllb-200-1.3B,17,1LocalWordSwap,584,0.9450926184654236
nllb200_1B,facebook/nllb-200-1.3B,17,1LocalWordSwap,585,0.9484134316444397
nllb200_1B,facebook/nllb-200-1.3B,17,1LocalWordSwap,586,0.9308323860168457
nllb200_1B,facebook/nllb-200-1.3B,17,1LocalWordSwap,587,0.9421505331993103
nllb200_1B,facebook/nllb-200-1.3B,17,1LocalWordSwap,588,0.9418433308601379
nllb200_1B,facebook/nllb-200-1.3B,17,1LocalWordSwap,589,0.7296991348266602
nllb200_1B,facebook/nllb-200-1.3B,17,1LocalWordSwap,590,0.939530611038208
nllb200_1B,facebook/nllb-200-1.3B,17,1LocalWordSwap,591,0.6372419595718384
nllb200_1B,facebook/nllb-200-1.3B,17,1LocalWordSwap,592,0.7455316781997681
nllb200_1B,facebook/nllb-200-1.3B,17,1LocalWordSwap,593,0.9235256910324097
nllb200_1B,facebook/nllb-200-1.3B,17,1LocalWordSwap,594,0.9571198225021362
nllb200_1B,facebook/nllb-200-1.3B,17,1LocalWordSwap,595,0.9210480451583862
nllb200_1B,facebook/nllb-200-1.3B,17,1LocalWordSwap,596,0.9433450698852539
nllb200_1B,facebook/nllb-200-1.3B,17,1LocalWordSwap,597,0.901928722858429
nllb200_1B,facebook/nllb-200-1.3B,17,1LocalWordSwap,598,0.9414452314376831
nllb200_1B,facebook/nllb-200-1.3B,17,1LocalWordSwap,599,0.9360588788986206
nllb200_1B,facebook/nllb-200-1.3B,17,1LocalWordSwap,600,0.9008318781852722
nllb200_1B,facebook/nllb-200-1.3B,17,1LocalWordSwap,601,0.6755130290985107
nllb200_1B,facebook/nllb-200-1.3B,17,1LocalWordSwap,602,0.9330873489379883
nllb200_1B,facebook/nllb-200-1.3B,17,1LocalWordSwap,603,0.665450394153595
nllb200_1B,facebook/nllb-200-1.3B,17,1LocalWordSwap,604,0.9363083839416504
nllb200_1B,facebook/nllb-200-1.3B,17,1LocalWordSwap,605,0.9515537023544312
nllb200_1B,facebook/nllb-200-1.3B,17,1LocalWordSwap,606,0.9140463471412659
nllb200_1B,facebook/nllb-200-1.3B,17,1LocalWordSwap,607,0.9428980350494385
nllb200_1B,facebook/nllb-200-1.3B,17,1LocalWordSwap,608,0.7517843246459961
nllb200_1B,facebook/nllb-200-1.3B,17,1LocalWordSwap,609,0.8249385356903076
nllb200_1B,facebook/nllb-200-1.3B,17,1LocalWordSwap,610,0.9372295141220093
nllb200_1B,facebook/nllb-200-1.3B,17,1LocalWordSwap,611,0.9170472621917725
nllb200_1B,facebook/nllb-200-1.3B,17,1LocalWordSwap,612,0.9448753595352173
nllb200_1B,facebook/nllb-200-1.3B,17,1LocalWordSwap,613,0.8981674313545227
nllb200_1B,facebook/nllb-200-1.3B,17,1LocalWordSwap,614,0.9455294609069824
nllb200_1B,facebook/nllb-200-1.3B,17,1LocalWordSwap,615,0.9420232176780701
nllb200_1B,facebook/nllb-200-1.3B,17,1LocalWordSwap,616,0.9464343786239624
nllb200_1B,facebook/nllb-200-1.3B,17,1LocalWordSwap,617,0.9352030754089355
nllb200_1B,facebook/nllb-200-1.3B,17,1LocalWordSwap,618,0.9280941486358643
nllb200_1B,facebook/nllb-200-1.3B,17,1LocalWordSwap,619,0.9458284378051758
nllb200_1B,facebook/nllb-200-1.3B,17,1LocalWordSwap,620,0.9707564115524292
nllb200_1B,facebook/nllb-200-1.3B,17,1LocalWordSwap,621,0.9406849145889282
nllb200_1B,facebook/nllb-200-1.3B,17,1LocalWordSwap,622,0.9315463900566101
nllb200_1B,facebook/nllb-200-1.3B,17,1LocalWordSwap,623,0.9345664978027344
nllb200_1B,facebook/nllb-200-1.3B,17,1LocalWordSwap,624,0.9355484843254089
nllb200_1B,facebook/nllb-200-1.3B,17,1LocalWordSwap,625,0.9397609233856201
nllb200_1B,facebook/nllb-200-1.3B,17,1LocalWordSwap,626,0.943731427192688
nllb200_1B,facebook/nllb-200-1.3B,17,1LocalWordSwap,627,0.9456254243850708
nllb200_1B,facebook/nllb-200-1.3B,17,1LocalWordSwap,628,0.9470024704933167
nllb200_1B,facebook/nllb-200-1.3B,17,1LocalWordSwap,629,0.9326043128967285
nllb200_1B,facebook/nllb-200-1.3B,17,1LocalWordSwap,630,0.9310390949249268
nllb200_1B,facebook/nllb-200-1.3B,17,1LocalWordSwap,631,0.9209171533584595
nllb200_1B,facebook/nllb-200-1.3B,17,1LocalWordSwap,632,0.9183943271636963
nllb200_1B,facebook/nllb-200-1.3B,17,1LocalWordSwap,633,0.9413204193115234
nllb200_1B,facebook/nllb-200-1.3B,17,1LocalWordSwap,634,0.9104498624801636
nllb200_1B,facebook/nllb-200-1.3B,17,1LocalWordSwap,635,0.9268738031387329
nllb200_1B,facebook/nllb-200-1.3B,17,1LocalWordSwap,636,0.9491106271743774
nllb200_1B,facebook/nllb-200-1.3B,17,1LocalWordSwap,637,0.9423274993896484
nllb200_1B,facebook/nllb-200-1.3B,17,1LocalWordSwap,638,0.9466338753700256
nllb200_1B,facebook/nllb-200-1.3B,17,1LocalWordSwap,639,0.937626302242279
nllb200_1B,facebook/nllb-200-1.3B,17,1LocalWordSwap,640,0.9078364968299866
nllb200_1B,facebook/nllb-200-1.3B,17,1LocalWordSwap,641,0.9397633075714111
nllb200_1B,facebook/nllb-200-1.3B,17,1LocalWordSwap,642,0.9162318110466003
nllb200_1B,facebook/nllb-200-1.3B,17,1LocalWordSwap,643,0.9902635812759399
nllb200_1B,facebook/nllb-200-1.3B,17,1LocalWordSwap,644,0.9246731996536255
nllb200_1B,facebook/nllb-200-1.3B,17,1LocalWordSwap,645,0.9172406792640686
nllb200_1B,facebook/nllb-200-1.3B,17,1LocalWordSwap,646,0.9270261526107788
nllb200_1B,facebook/nllb-200-1.3B,17,1LocalWordSwap,647,0.9550044536590576
nllb200_1B,facebook/nllb-200-1.3B,17,1LocalWordSwap,648,0.9511698484420776
nllb200_1B,facebook/nllb-200-1.3B,17,1LocalWordSwap,649,0.9292744398117065
nllb200_1B,facebook/nllb-200-1.3B,17,1LocalWordSwap,650,0.9542901515960693
nllb200_1B,facebook/nllb-200-1.3B,17,1LocalWordSwap,651,0.9030048847198486
nllb200_1B,facebook/nllb-200-1.3B,17,1LocalWordSwap,652,0.937572717666626
nllb200_1B,facebook/nllb-200-1.3B,17,1LocalWordSwap,653,0.9164668321609497
nllb200_1B,facebook/nllb-200-1.3B,17,1LocalWordSwap,654,0.9334078431129456
nllb200_1B,facebook/nllb-200-1.3B,17,1LocalWordSwap,655,0.9367386698722839
nllb200_1B,facebook/nllb-200-1.3B,17,1LocalWordSwap,656,0.930366039276123
nllb200_1B,facebook/nllb-200-1.3B,17,1LocalWordSwap,657,0.9263370037078857
nllb200_1B,facebook/nllb-200-1.3B,17,1LocalWordSwap,658,0.9252678751945496
nllb200_1B,facebook/nllb-200-1.3B,17,1LocalWordSwap,659,0.9212697148323059
nllb200_1B,facebook/nllb-200-1.3B,17,1LocalWordSwap,660,0.9957548379898071
nllb200_1B,facebook/nllb-200-1.3B,17,1LocalWordSwap,661,0.9254371523857117
nllb200_1B,facebook/nllb-200-1.3B,17,1LocalWordSwap,662,0.9135199189186096
nllb200_1B,facebook/nllb-200-1.3B,17,1LocalWordSwap,663,0.9378150105476379
nllb200_1B,facebook/nllb-200-1.3B,17,1LocalWordSwap,664,0.9429101943969727
nllb200_1B,facebook/nllb-200-1.3B,17,1LocalWordSwap,665,0.9128408432006836
nllb200_1B,facebook/nllb-200-1.3B,17,1LocalWordSwap,666,0.9611580967903137
nllb200_1B,facebook/nllb-200-1.3B,17,1LocalWordSwap,667,0.9469041228294373
nllb200_1B,facebook/nllb-200-1.3B,17,1LocalWordSwap,668,0.9441195726394653
nllb200_1B,facebook/nllb-200-1.3B,17,1LocalWordSwap,669,0.9376639127731323
nllb200_1B,facebook/nllb-200-1.3B,17,1LocalWordSwap,670,0.9469606876373291
nllb200_1B,facebook/nllb-200-1.3B,17,1LocalWordSwap,671,0.9276962280273438
nllb200_1B,facebook/nllb-200-1.3B,17,1LocalWordSwap,672,0.9402738809585571
nllb200_1B,facebook/nllb-200-1.3B,17,1LocalWordSwap,673,0.9538704752922058
nllb200_1B,facebook/nllb-200-1.3B,17,1LocalWordSwap,674,0.941519021987915
nllb200_1B,facebook/nllb-200-1.3B,17,1LocalWordSwap,675,0.9239320755004883
nllb200_1B,facebook/nllb-200-1.3B,17,1LocalWordSwap,676,0.9271335601806641
nllb200_1B,facebook/nllb-200-1.3B,17,1LocalWordSwap,677,0.943981409072876
nllb200_1B,facebook/nllb-200-1.3B,17,1LocalWordSwap,678,0.988774299621582
nllb200_1B,facebook/nllb-200-1.3B,17,1LocalWordSwap,679,0.9373658299446106
nllb200_1B,facebook/nllb-200-1.3B,17,1LocalWordSwap,680,0.9295538663864136
nllb200_1B,facebook/nllb-200-1.3B,17,1LocalWordSwap,681,0.9428338408470154
nllb200_1B,facebook/nllb-200-1.3B,17,1LocalWordSwap,682,0.9118865728378296
nllb200_1B,facebook/nllb-200-1.3B,17,1LocalWordSwap,683,0.9116953611373901
nllb200_1B,facebook/nllb-200-1.3B,17,1LocalWordSwap,684,0.945958137512207
nllb200_1B,facebook/nllb-200-1.3B,17,1LocalWordSwap,685,0.8576857447624207
nllb200_1B,facebook/nllb-200-1.3B,17,1LocalWordSwap,686,0.9369233846664429
nllb200_1B,facebook/nllb-200-1.3B,17,1LocalWordSwap,687,0.9162139892578125
nllb200_1B,facebook/nllb-200-1.3B,17,1LocalWordSwap,688,0.9324659109115601
nllb200_1B,facebook/nllb-200-1.3B,17,1LocalWordSwap,689,0.9527390599250793
nllb200_1B,facebook/nllb-200-1.3B,17,1LocalWordSwap,690,0.916534423828125
nllb200_1B,facebook/nllb-200-1.3B,17,1LocalWordSwap,691,0.9447958469390869
nllb200_1B,facebook/nllb-200-1.3B,17,1LocalWordSwap,692,0.9470853805541992
nllb200_1B,facebook/nllb-200-1.3B,17,1LocalWordSwap,693,0.8901845216751099
nllb200_1B,facebook/nllb-200-1.3B,17,1LocalWordSwap,694,0.9330830574035645
nllb200_1B,facebook/nllb-200-1.3B,17,1LocalWordSwap,695,0.9530162811279297
nllb200_1B,facebook/nllb-200-1.3B,17,1LocalWordSwap,696,0.9575997591018677
nllb200_1B,facebook/nllb-200-1.3B,17,1LocalWordSwap,697,0.9338652491569519
nllb200_1B,facebook/nllb-200-1.3B,17,1LocalWordSwap,698,0.9977959394454956
nllb200_1B,facebook/nllb-200-1.3B,17,1LocalWordSwap,699,0.9431383609771729
nllb200_1B,facebook/nllb-200-1.3B,17,1LocalWordSwap,700,0.9082393646240234
nllb200_1B,facebook/nllb-200-1.3B,17,1LocalWordSwap,701,0.929837703704834
nllb200_1B,facebook/nllb-200-1.3B,17,1LocalWordSwap,702,0.942232072353363
nllb200_1B,facebook/nllb-200-1.3B,17,1LocalWordSwap,703,0.9410749673843384
nllb200_1B,facebook/nllb-200-1.3B,17,1LocalWordSwap,704,0.9401879906654358
nllb200_1B,facebook/nllb-200-1.3B,17,1LocalWordSwap,705,0.9299764037132263
nllb200_1B,facebook/nllb-200-1.3B,17,1LocalWordSwap,706,0.9440324306488037
nllb200_1B,facebook/nllb-200-1.3B,17,1LocalWordSwap,707,0.8960912227630615
nllb200_1B,facebook/nllb-200-1.3B,17,1LocalWordSwap,708,0.9433813095092773
nllb200_1B,facebook/nllb-200-1.3B,17,1LocalWordSwap,709,0.9219372868537903
nllb200_1B,facebook/nllb-200-1.3B,17,1LocalWordSwap,710,0.9317688345909119
nllb200_1B,facebook/nllb-200-1.3B,17,1LocalWordSwap,711,0.9170653820037842
nllb200_1B,facebook/nllb-200-1.3B,17,1LocalWordSwap,712,0.970720112323761
nllb200_1B,facebook/nllb-200-1.3B,17,1LocalWordSwap,713,0.9368162155151367
nllb200_1B,facebook/nllb-200-1.3B,17,1LocalWordSwap,714,0.9300037622451782
nllb200_1B,facebook/nllb-200-1.3B,17,1LocalWordSwap,715,0.9948844909667969
nllb200_1B,facebook/nllb-200-1.3B,17,1LocalWordSwap,716,0.9186598658561707
nllb200_1B,facebook/nllb-200-1.3B,17,1LocalWordSwap,717,0.9380950331687927
nllb200_1B,facebook/nllb-200-1.3B,17,1LocalWordSwap,718,0.942600429058075
nllb200_1B,facebook/nllb-200-1.3B,17,1LocalWordSwap,719,0.8898934125900269
nllb200_1B,facebook/nllb-200-1.3B,17,1LocalWordSwap,720,0.9350923895835876
nllb200_1B,facebook/nllb-200-1.3B,17,1LocalWordSwap,721,0.9393280744552612
nllb200_1B,facebook/nllb-200-1.3B,17,1LocalWordSwap,722,0.933473527431488
nllb200_1B,facebook/nllb-200-1.3B,17,1LocalWordSwap,723,0.9353110790252686
nllb200_1B,facebook/nllb-200-1.3B,17,1LocalWordSwap,724,0.901355504989624
nllb200_1B,facebook/nllb-200-1.3B,17,1LocalWordSwap,725,0.9504834413528442
nllb200_1B,facebook/nllb-200-1.3B,17,1LocalWordSwap,726,0.7608424425125122
nllb200_1B,facebook/nllb-200-1.3B,17,1LocalWordSwap,727,0.9372701644897461
nllb200_1B,facebook/nllb-200-1.3B,17,1LocalWordSwap,728,0.9498666524887085
nllb200_1B,facebook/nllb-200-1.3B,17,1LocalWordSwap,729,0.9385488629341125
nllb200_1B,facebook/nllb-200-1.3B,17,1LocalWordSwap,730,0.9432331323623657
nllb200_1B,facebook/nllb-200-1.3B,17,1LocalWordSwap,731,0.8805744051933289
nllb200_1B,facebook/nllb-200-1.3B,17,1LocalWordSwap,732,0.9300776720046997
nllb200_1B,facebook/nllb-200-1.3B,17,1LocalWordSwap,733,0.9400501847267151
nllb200_1B,facebook/nllb-200-1.3B,17,1LocalWordSwap,734,0.9355312585830688
nllb200_1B,facebook/nllb-200-1.3B,17,1LocalWordSwap,735,0.9348047971725464
nllb200_1B,facebook/nllb-200-1.3B,17,1LocalWordSwap,736,0.950356125831604
nllb200_1B,facebook/nllb-200-1.3B,17,1LocalWordSwap,737,0.9370286464691162
nllb200_1B,facebook/nllb-200-1.3B,17,1LocalWordSwap,738,0.9450314044952393
nllb200_1B,facebook/nllb-200-1.3B,17,1LocalWordSwap,739,0.6977466344833374
nllb200_1B,facebook/nllb-200-1.3B,17,1LocalWordSwap,740,0.9416854381561279
nllb200_1B,facebook/nllb-200-1.3B,17,1LocalWordSwap,741,0.9245826005935669
nllb200_1B,facebook/nllb-200-1.3B,17,1LocalWordSwap,742,0.9303893446922302
nllb200_1B,facebook/nllb-200-1.3B,17,1LocalWordSwap,743,0.9558652639389038
nllb200_1B,facebook/nllb-200-1.3B,17,1LocalWordSwap,744,0.9446249008178711
nllb200_1B,facebook/nllb-200-1.3B,17,1LocalWordSwap,745,0.9317606687545776
nllb200_1B,facebook/nllb-200-1.3B,17,1LocalWordSwap,746,0.9928230047225952
nllb200_1B,facebook/nllb-200-1.3B,17,1LocalWordSwap,747,0.9866546392440796
nllb200_1B,facebook/nllb-200-1.3B,17,1LocalWordSwap,748,0.7771326303482056
nllb200_1B,facebook/nllb-200-1.3B,17,1LocalWordSwap,749,0.940570592880249
nllb200_1B,facebook/nllb-200-1.3B,17,1LocalWordSwap,750,0.9257074594497681
nllb200_1B,facebook/nllb-200-1.3B,17,1LocalWordSwap,751,0.6866965889930725
nllb200_1B,facebook/nllb-200-1.3B,17,1LocalWordSwap,752,0.9313218593597412
nllb200_1B,facebook/nllb-200-1.3B,17,1LocalWordSwap,753,0.7393474578857422
nllb200_1B,facebook/nllb-200-1.3B,17,1LocalWordSwap,754,0.7701386213302612
nllb200_1B,facebook/nllb-200-1.3B,17,1LocalWordSwap,755,0.9504365921020508
nllb200_1B,facebook/nllb-200-1.3B,17,1LocalWordSwap,756,0.925885796546936
nllb200_1B,facebook/nllb-200-1.3B,17,1LocalWordSwap,757,0.932296872138977
nllb200_1B,facebook/nllb-200-1.3B,17,1LocalWordSwap,758,0.6728048324584961
nllb200_1B,facebook/nllb-200-1.3B,17,1LocalWordSwap,759,0.9352562427520752
nllb200_1B,facebook/nllb-200-1.3B,17,1LocalWordSwap,760,0.9264684319496155
nllb200_1B,facebook/nllb-200-1.3B,17,1LocalWordSwap,761,0.8980151414871216
nllb200_1B,facebook/nllb-200-1.3B,17,1LocalWordSwap,762,0.920024037361145
nllb200_1B,facebook/nllb-200-1.3B,17,1LocalWordSwap,763,0.9277510643005371
nllb200_1B,facebook/nllb-200-1.3B,17,1LocalWordSwap,764,0.915740966796875
nllb200_1B,facebook/nllb-200-1.3B,17,1LocalWordSwap,765,0.9470855593681335
nllb200_1B,facebook/nllb-200-1.3B,17,1LocalWordSwap,766,0.9435937404632568
nllb200_1B,facebook/nllb-200-1.3B,17,1LocalWordSwap,767,0.9540359973907471
nllb200_1B,facebook/nllb-200-1.3B,17,1LocalWordSwap,768,0.9318479299545288
nllb200_1B,facebook/nllb-200-1.3B,17,1LocalWordSwap,769,0.7238625288009644
nllb200_1B,facebook/nllb-200-1.3B,17,1LocalWordSwap,770,0.5920087099075317
nllb200_1B,facebook/nllb-200-1.3B,17,1LocalWordSwap,771,0.9463257789611816
nllb200_1B,facebook/nllb-200-1.3B,17,1LocalWordSwap,772,0.9245688319206238
nllb200_1B,facebook/nllb-200-1.3B,17,1LocalWordSwap,773,0.9060816764831543
nllb200_1B,facebook/nllb-200-1.3B,17,1LocalWordSwap,774,0.9426385760307312
nllb200_1B,facebook/nllb-200-1.3B,17,1LocalWordSwap,775,0.9173630475997925
nllb200_1B,facebook/nllb-200-1.3B,17,1LocalWordSwap,776,0.9307518005371094
nllb200_1B,facebook/nllb-200-1.3B,17,1LocalWordSwap,777,0.9202232360839844
nllb200_1B,facebook/nllb-200-1.3B,17,1LocalWordSwap,778,0.8918960094451904
nllb200_1B,facebook/nllb-200-1.3B,17,1LocalWordSwap,779,0.8063267469406128
nllb200_1B,facebook/nllb-200-1.3B,17,1LocalWordSwap,780,0.9691044688224792
nllb200_1B,facebook/nllb-200-1.3B,17,1LocalWordSwap,781,0.9493775367736816
nllb200_1B,facebook/nllb-200-1.3B,17,1LocalWordSwap,782,0.9372216463088989
nllb200_1B,facebook/nllb-200-1.3B,17,1LocalWordSwap,783,0.9386028051376343
nllb200_1B,facebook/nllb-200-1.3B,17,1LocalWordSwap,784,0.9243819713592529
nllb200_1B,facebook/nllb-200-1.3B,17,1LocalWordSwap,785,0.6692620515823364
nllb200_1B,facebook/nllb-200-1.3B,17,1LocalWordSwap,786,0.955773651599884
nllb200_1B,facebook/nllb-200-1.3B,17,1LocalWordSwap,787,0.9440861940383911
nllb200_1B,facebook/nllb-200-1.3B,17,1LocalWordSwap,788,0.9511550664901733
nllb200_1B,facebook/nllb-200-1.3B,17,1LocalWordSwap,789,0.6184992790222168
nllb200_1B,facebook/nllb-200-1.3B,17,1LocalWordSwap,790,0.9251929521560669
nllb200_1B,facebook/nllb-200-1.3B,17,1LocalWordSwap,791,0.6486791372299194
nllb200_1B,facebook/nllb-200-1.3B,17,1LocalWordSwap,792,0.9264376163482666
nllb200_1B,facebook/nllb-200-1.3B,17,1LocalWordSwap,793,0.6010293960571289
nllb200_1B,facebook/nllb-200-1.3B,17,1LocalWordSwap,794,0.9407439231872559
nllb200_1B,facebook/nllb-200-1.3B,17,1LocalWordSwap,795,0.9533350467681885
nllb200_1B,facebook/nllb-200-1.3B,17,1LocalWordSwap,796,0.639114260673523
nllb200_1B,facebook/nllb-200-1.3B,17,1LocalWordSwap,797,0.9433526992797852
nllb200_1B,facebook/nllb-200-1.3B,17,1LocalWordSwap,798,0.9360347986221313
nllb200_1B,facebook/nllb-200-1.3B,17,1LocalWordSwap,799,0.9458667039871216
nllb200_1B,facebook/nllb-200-1.3B,17,1LocalWordSwap,800,0.945777177810669
nllb200_1B,facebook/nllb-200-1.3B,17,1LocalWordSwap,801,0.9096256494522095
nllb200_1B,facebook/nllb-200-1.3B,17,1LocalWordSwap,802,0.9295929670333862
nllb200_1B,facebook/nllb-200-1.3B,17,1LocalWordSwap,803,0.9514660239219666
nllb200_1B,facebook/nllb-200-1.3B,17,1LocalWordSwap,804,0.7030504941940308
nllb200_1B,facebook/nllb-200-1.3B,17,1LocalWordSwap,805,0.636026918888092
nllb200_1B,facebook/nllb-200-1.3B,17,1LocalWordSwap,806,0.5721416473388672
nllb200_1B,facebook/nllb-200-1.3B,17,1LocalWordSwap,807,0.944678783416748
nllb200_1B,facebook/nllb-200-1.3B,17,1LocalWordSwap,808,0.6974375247955322
nllb200_1B,facebook/nllb-200-1.3B,17,1LocalWordSwap,809,0.9391090273857117
nllb200_1B,facebook/nllb-200-1.3B,17,1LocalWordSwap,810,0.928173303604126
nllb200_1B,facebook/nllb-200-1.3B,17,1LocalWordSwap,811,0.9283215999603271
nllb200_1B,facebook/nllb-200-1.3B,17,1LocalWordSwap,812,0.6498746275901794
nllb200_1B,facebook/nllb-200-1.3B,17,1LocalWordSwap,813,0.7379755973815918
nllb200_1B,facebook/nllb-200-1.3B,17,1LocalWordSwap,814,0.9453074336051941
nllb200_1B,facebook/nllb-200-1.3B,17,1LocalWordSwap,815,0.9441095590591431
nllb200_1B,facebook/nllb-200-1.3B,17,1LocalWordSwap,816,0.6452898383140564
nllb200_1B,facebook/nllb-200-1.3B,17,1LocalWordSwap,817,0.9472938776016235
nllb200_1B,facebook/nllb-200-1.3B,17,1LocalWordSwap,818,0.8826909065246582
nllb200_1B,facebook/nllb-200-1.3B,17,1LocalWordSwap,819,0.9257869720458984
nllb200_1B,facebook/nllb-200-1.3B,17,1LocalWordSwap,820,0.7996759414672852
nllb200_1B,facebook/nllb-200-1.3B,17,1LocalWordSwap,821,0.9502776861190796
nllb200_1B,facebook/nllb-200-1.3B,17,1LocalWordSwap,822,0.9395841956138611
nllb200_1B,facebook/nllb-200-1.3B,17,1LocalWordSwap,823,0.9506632685661316
nllb200_1B,facebook/nllb-200-1.3B,17,1LocalWordSwap,824,0.9539476633071899
nllb200_1B,facebook/nllb-200-1.3B,17,1LocalWordSwap,825,0.8992749452590942
nllb200_1B,facebook/nllb-200-1.3B,17,1LocalWordSwap,826,0.9411759972572327
nllb200_1B,facebook/nllb-200-1.3B,17,1LocalWordSwap,827,0.9537590742111206
nllb200_1B,facebook/nllb-200-1.3B,17,1LocalWordSwap,828,0.7008883357048035
nllb200_1B,facebook/nllb-200-1.3B,17,1LocalWordSwap,829,0.9269271492958069
nllb200_1B,facebook/nllb-200-1.3B,17,1LocalWordSwap,830,0.9368667006492615
nllb200_1B,facebook/nllb-200-1.3B,17,1LocalWordSwap,831,0.8988196849822998
nllb200_1B,facebook/nllb-200-1.3B,17,1LocalWordSwap,832,0.950319766998291
nllb200_1B,facebook/nllb-200-1.3B,17,1LocalWordSwap,833,0.9795291423797607
nllb200_1B,facebook/nllb-200-1.3B,17,1LocalWordSwap,834,0.9504410028457642
nllb200_1B,facebook/nllb-200-1.3B,17,1LocalWordSwap,835,0.9461673498153687
nllb200_1B,facebook/nllb-200-1.3B,17,1LocalWordSwap,836,0.9503344297409058
nllb200_1B,facebook/nllb-200-1.3B,17,1LocalWordSwap,837,0.9422343373298645
nllb200_1B,facebook/nllb-200-1.3B,17,1LocalWordSwap,838,0.9324069023132324
nllb200_1B,facebook/nllb-200-1.3B,17,1LocalWordSwap,839,0.921953558921814
nllb200_1B,facebook/nllb-200-1.3B,17,1LocalWordSwap,840,0.9353340864181519
nllb200_1B,facebook/nllb-200-1.3B,17,1LocalWordSwap,841,0.9451115131378174
nllb200_1B,facebook/nllb-200-1.3B,17,1LocalWordSwap,842,0.9452828764915466
nllb200_1B,facebook/nllb-200-1.3B,17,1LocalWordSwap,843,0.9411855936050415
nllb200_1B,facebook/nllb-200-1.3B,17,1LocalWordSwap,844,0.9316325187683105
nllb200_1B,facebook/nllb-200-1.3B,17,1LocalWordSwap,845,0.9373193979263306
nllb200_1B,facebook/nllb-200-1.3B,17,1LocalWordSwap,846,0.9330439567565918
nllb200_1B,facebook/nllb-200-1.3B,17,1LocalWordSwap,847,0.9090155363082886
nllb200_1B,facebook/nllb-200-1.3B,17,1LocalWordSwap,848,0.9430772066116333
nllb200_1B,facebook/nllb-200-1.3B,17,1LocalWordSwap,849,0.9398419857025146
nllb200_1B,facebook/nllb-200-1.3B,17,1LocalWordSwap,850,0.9383909106254578
nllb200_1B,facebook/nllb-200-1.3B,17,1LocalWordSwap,851,0.9390295147895813
nllb200_1B,facebook/nllb-200-1.3B,17,1LocalWordSwap,852,0.9543318748474121
nllb200_1B,facebook/nllb-200-1.3B,17,1LocalWordSwap,853,0.9368239641189575
nllb200_1B,facebook/nllb-200-1.3B,17,1LocalWordSwap,854,0.9316574335098267
nllb200_1B,facebook/nllb-200-1.3B,17,1LocalWordSwap,855,0.9404813051223755
nllb200_1B,facebook/nllb-200-1.3B,17,1LocalWordSwap,856,0.9326140880584717
nllb200_1B,facebook/nllb-200-1.3B,17,1LocalWordSwap,857,0.9251072406768799
nllb200_1B,facebook/nllb-200-1.3B,17,1LocalWordSwap,858,0.9523946046829224
nllb200_1B,facebook/nllb-200-1.3B,17,1LocalWordSwap,859,0.9409985542297363
nllb200_1B,facebook/nllb-200-1.3B,17,1LocalWordSwap,860,0.9327529072761536
nllb200_1B,facebook/nllb-200-1.3B,17,1LocalWordSwap,861,0.946727454662323
nllb200_1B,facebook/nllb-200-1.3B,17,1LocalWordSwap,862,0.9497274160385132
nllb200_1B,facebook/nllb-200-1.3B,17,1LocalWordSwap,863,0.9102141857147217
nllb200_1B,facebook/nllb-200-1.3B,17,1LocalWordSwap,864,0.9343143701553345
nllb200_1B,facebook/nllb-200-1.3B,17,1LocalWordSwap,865,0.9898657202720642
nllb200_1B,facebook/nllb-200-1.3B,17,1LocalWordSwap,866,0.952367901802063
nllb200_1B,facebook/nllb-200-1.3B,17,1LocalWordSwap,867,0.9213264584541321
nllb200_1B,facebook/nllb-200-1.3B,17,1LocalWordSwap,868,0.9125146269798279
nllb200_1B,facebook/nllb-200-1.3B,17,1LocalWordSwap,869,0.9186793565750122
nllb200_1B,facebook/nllb-200-1.3B,17,1LocalWordSwap,870,0.9453530311584473
nllb200_1B,facebook/nllb-200-1.3B,17,1LocalWordSwap,871,0.92083740234375
nllb200_1B,facebook/nllb-200-1.3B,17,1LocalWordSwap,872,0.9183149933815002
nllb200_1B,facebook/nllb-200-1.3B,17,1LocalWordSwap,873,0.9473861455917358
nllb200_1B,facebook/nllb-200-1.3B,17,1LocalWordSwap,874,0.9400444030761719
nllb200_1B,facebook/nllb-200-1.3B,17,1LocalWordSwap,875,0.9416009783744812
nllb200_1B,facebook/nllb-200-1.3B,17,1LocalWordSwap,876,0.9415751099586487
nllb200_1B,facebook/nllb-200-1.3B,17,1LocalWordSwap,877,0.9453761577606201
nllb200_1B,facebook/nllb-200-1.3B,17,1LocalWordSwap,878,0.9351765513420105
nllb200_1B,facebook/nllb-200-1.3B,17,1LocalWordSwap,879,0.9310721158981323
nllb200_1B,facebook/nllb-200-1.3B,17,1LocalWordSwap,880,0.9297686219215393
nllb200_1B,facebook/nllb-200-1.3B,17,1LocalWordSwap,881,0.9361898899078369
nllb200_1B,facebook/nllb-200-1.3B,17,1LocalWordSwap,882,0.9348162412643433
nllb200_1B,facebook/nllb-200-1.3B,17,1LocalWordSwap,883,0.9387364387512207
nllb200_1B,facebook/nllb-200-1.3B,17,1LocalWordSwap,884,0.9466491937637329
nllb200_1B,facebook/nllb-200-1.3B,17,1LocalWordSwap,885,0.9252731800079346
nllb200_1B,facebook/nllb-200-1.3B,17,1LocalWordSwap,886,0.9862999320030212
nllb200_1B,facebook/nllb-200-1.3B,17,1LocalWordSwap,887,0.8905230760574341
nllb200_1B,facebook/nllb-200-1.3B,17,1LocalWordSwap,888,0.8816934823989868
nllb200_1B,facebook/nllb-200-1.3B,17,1LocalWordSwap,889,0.691055417060852
nllb200_1B,facebook/nllb-200-1.3B,17,1LocalWordSwap,890,0.936760663986206
nllb200_1B,facebook/nllb-200-1.3B,17,1LocalWordSwap,891,0.9360765814781189
nllb200_1B,facebook/nllb-200-1.3B,17,1LocalWordSwap,892,0.9060502052307129
nllb200_1B,facebook/nllb-200-1.3B,17,1LocalWordSwap,893,0.9318795204162598
nllb200_1B,facebook/nllb-200-1.3B,17,1LocalWordSwap,894,0.6987826824188232
nllb200_1B,facebook/nllb-200-1.3B,17,1LocalWordSwap,895,0.9344494938850403
nllb200_1B,facebook/nllb-200-1.3B,17,1LocalWordSwap,896,0.9453897476196289
nllb200_1B,facebook/nllb-200-1.3B,17,1LocalWordSwap,897,0.9592919945716858
nllb200_1B,facebook/nllb-200-1.3B,17,1LocalWordSwap,898,0.9413772821426392
nllb200_1B,facebook/nllb-200-1.3B,17,1LocalWordSwap,899,0.9191867113113403
nllb200_1B,facebook/nllb-200-1.3B,17,1LocalWordSwap,900,0.7407026290893555
nllb200_1B,facebook/nllb-200-1.3B,17,1LocalWordSwap,901,0.9556862115859985
nllb200_1B,facebook/nllb-200-1.3B,17,1LocalWordSwap,902,0.6605405211448669
nllb200_1B,facebook/nllb-200-1.3B,17,1LocalWordSwap,903,0.9288202524185181
nllb200_1B,facebook/nllb-200-1.3B,17,1LocalWordSwap,904,0.9360200762748718
nllb200_1B,facebook/nllb-200-1.3B,17,1LocalWordSwap,905,0.7479594945907593
nllb200_1B,facebook/nllb-200-1.3B,17,1LocalWordSwap,906,0.9604097008705139
nllb200_1B,facebook/nllb-200-1.3B,17,1LocalWordSwap,907,0.9196361303329468
nllb200_1B,facebook/nllb-200-1.3B,17,1LocalWordSwap,908,0.9598708152770996
nllb200_1B,facebook/nllb-200-1.3B,17,1LocalWordSwap,909,0.7651486396789551
nllb200_1B,facebook/nllb-200-1.3B,17,1LocalWordSwap,910,0.9813382625579834
nllb200_1B,facebook/nllb-200-1.3B,17,1LocalWordSwap,911,0.7771329283714294
nllb200_1B,facebook/nllb-200-1.3B,17,1LocalWordSwap,912,0.784762978553772
nllb200_1B,facebook/nllb-200-1.3B,17,1LocalWordSwap,913,0.9438546895980835
nllb200_1B,facebook/nllb-200-1.3B,17,1LocalWordSwap,914,0.930802583694458
nllb200_1B,facebook/nllb-200-1.3B,17,1LocalWordSwap,915,0.7122030258178711
nllb200_1B,facebook/nllb-200-1.3B,17,1LocalWordSwap,916,0.9425872564315796
nllb200_1B,facebook/nllb-200-1.3B,17,1LocalWordSwap,917,0.9546732306480408
nllb200_1B,facebook/nllb-200-1.3B,17,1LocalWordSwap,918,0.9282335638999939
nllb200_1B,facebook/nllb-200-1.3B,17,1LocalWordSwap,919,0.6787865161895752
nllb200_1B,facebook/nllb-200-1.3B,17,1LocalWordSwap,920,0.9050980806350708
nllb200_1B,facebook/nllb-200-1.3B,17,1LocalWordSwap,921,0.7115177512168884
nllb200_1B,facebook/nllb-200-1.3B,17,1LocalWordSwap,922,0.9467119574546814
nllb200_1B,facebook/nllb-200-1.3B,17,1LocalWordSwap,923,0.9380139112472534
nllb200_1B,facebook/nllb-200-1.3B,17,1LocalWordSwap,924,0.9285799264907837
nllb200_1B,facebook/nllb-200-1.3B,17,1LocalWordSwap,925,0.9441758990287781
nllb200_1B,facebook/nllb-200-1.3B,17,1LocalWordSwap,926,0.9317739009857178
nllb200_1B,facebook/nllb-200-1.3B,17,1LocalWordSwap,927,0.9178683757781982
nllb200_1B,facebook/nllb-200-1.3B,17,1LocalWordSwap,928,0.9350734949111938
nllb200_1B,facebook/nllb-200-1.3B,17,1LocalWordSwap,929,0.8996413946151733
nllb200_1B,facebook/nllb-200-1.3B,17,1LocalWordSwap,930,0.9407309293746948
nllb200_1B,facebook/nllb-200-1.3B,17,1LocalWordSwap,931,0.9541113972663879
nllb200_1B,facebook/nllb-200-1.3B,17,1LocalWordSwap,932,0.9357783794403076
nllb200_1B,facebook/nllb-200-1.3B,17,1LocalWordSwap,933,0.9475957155227661
nllb200_1B,facebook/nllb-200-1.3B,17,1LocalWordSwap,934,0.9212267398834229
nllb200_1B,facebook/nllb-200-1.3B,17,1LocalWordSwap,935,0.9407192468643188
nllb200_1B,facebook/nllb-200-1.3B,17,1LocalWordSwap,936,0.9318375587463379
nllb200_1B,facebook/nllb-200-1.3B,17,1LocalWordSwap,937,0.9491885900497437
nllb200_1B,facebook/nllb-200-1.3B,17,1LocalWordSwap,938,0.9181169271469116
nllb200_1B,facebook/nllb-200-1.3B,17,1LocalWordSwap,939,0.6992880702018738
nllb200_1B,facebook/nllb-200-1.3B,17,1LocalWordSwap,940,0.9313281774520874
nllb200_1B,facebook/nllb-200-1.3B,17,1LocalWordSwap,941,0.9454843997955322
nllb200_1B,facebook/nllb-200-1.3B,17,1LocalWordSwap,942,0.9501659870147705
nllb200_1B,facebook/nllb-200-1.3B,17,1LocalWordSwap,943,0.9393491148948669
nllb200_1B,facebook/nllb-200-1.3B,17,1LocalWordSwap,944,0.9268709421157837
nllb200_1B,facebook/nllb-200-1.3B,17,1LocalWordSwap,945,0.9471242427825928
nllb200_1B,facebook/nllb-200-1.3B,17,1LocalWordSwap,946,0.9441916942596436
nllb200_1B,facebook/nllb-200-1.3B,17,1LocalWordSwap,947,0.9459953308105469
nllb200_1B,facebook/nllb-200-1.3B,17,1LocalWordSwap,948,0.9474480748176575
nllb200_1B,facebook/nllb-200-1.3B,17,1LocalWordSwap,949,0.9590526223182678
nllb200_1B,facebook/nllb-200-1.3B,17,1LocalWordSwap,950,0.9438146352767944
nllb200_1B,facebook/nllb-200-1.3B,17,1LocalWordSwap,951,0.9434230327606201
nllb200_1B,facebook/nllb-200-1.3B,17,1LocalWordSwap,952,0.9304707050323486
nllb200_1B,facebook/nllb-200-1.3B,17,1LocalWordSwap,953,0.9473849534988403
nllb200_1B,facebook/nllb-200-1.3B,17,1LocalWordSwap,954,0.9239250421524048
nllb200_1B,facebook/nllb-200-1.3B,17,1LocalWordSwap,955,0.931720495223999
nllb200_1B,facebook/nllb-200-1.3B,17,1LocalWordSwap,956,0.9518201947212219
nllb200_1B,facebook/nllb-200-1.3B,17,1LocalWordSwap,957,0.9562427997589111
nllb200_1B,facebook/nllb-200-1.3B,17,1LocalWordSwap,958,0.9210271835327148
nllb200_1B,facebook/nllb-200-1.3B,17,1LocalWordSwap,959,0.9221087694168091
nllb200_1B,facebook/nllb-200-1.3B,17,1LocalWordSwap,960,0.9612744450569153
nllb200_1B,facebook/nllb-200-1.3B,17,1LocalWordSwap,961,0.935080349445343
nllb200_1B,facebook/nllb-200-1.3B,17,1LocalWordSwap,962,0.9448480606079102
nllb200_1B,facebook/nllb-200-1.3B,17,1LocalWordSwap,963,0.9272128343582153
nllb200_1B,facebook/nllb-200-1.3B,17,1LocalWordSwap,964,0.9480009078979492
nllb200_1B,facebook/nllb-200-1.3B,17,1LocalWordSwap,965,0.9500827789306641
nllb200_1B,facebook/nllb-200-1.3B,17,1LocalWordSwap,966,0.8897782564163208
nllb200_1B,facebook/nllb-200-1.3B,17,1LocalWordSwap,967,0.8913754820823669
nllb200_1B,facebook/nllb-200-1.3B,17,1LocalWordSwap,968,0.9338381886482239
nllb200_1B,facebook/nllb-200-1.3B,17,1LocalWordSwap,969,0.9439471960067749
nllb200_1B,facebook/nllb-200-1.3B,17,1LocalWordSwap,970,0.6204212307929993
nllb200_1B,facebook/nllb-200-1.3B,17,1LocalWordSwap,971,0.9968191385269165
nllb200_1B,facebook/nllb-200-1.3B,17,1LocalWordSwap,972,0.985085666179657
nllb200_1B,facebook/nllb-200-1.3B,17,1LocalWordSwap,973,0.7248630523681641
nllb200_1B,facebook/nllb-200-1.3B,17,1LocalWordSwap,974,0.9498305916786194
nllb200_1B,facebook/nllb-200-1.3B,17,1LocalWordSwap,975,0.901740312576294
nllb200_1B,facebook/nllb-200-1.3B,17,1LocalWordSwap,976,0.9375035762786865
nllb200_1B,facebook/nllb-200-1.3B,17,1LocalWordSwap,977,0.9437094330787659
nllb200_1B,facebook/nllb-200-1.3B,17,1LocalWordSwap,978,0.9404648542404175
nllb200_1B,facebook/nllb-200-1.3B,17,1LocalWordSwap,979,0.9282479286193848
nllb200_1B,facebook/nllb-200-1.3B,17,1LocalWordSwap,980,0.9457415342330933
nllb200_1B,facebook/nllb-200-1.3B,17,1LocalWordSwap,981,0.9945378303527832
nllb200_1B,facebook/nllb-200-1.3B,17,1LocalWordSwap,982,0.9432547092437744
nllb200_1B,facebook/nllb-200-1.3B,17,1LocalWordSwap,983,0.9538812637329102
nllb200_1B,facebook/nllb-200-1.3B,17,1LocalWordSwap,984,0.9086863994598389
nllb200_1B,facebook/nllb-200-1.3B,17,1LocalWordSwap,985,0.9457828402519226
nllb200_1B,facebook/nllb-200-1.3B,17,1LocalWordSwap,986,0.920701265335083
nllb200_1B,facebook/nllb-200-1.3B,17,1LocalWordSwap,987,0.9406306743621826
nllb200_1B,facebook/nllb-200-1.3B,17,1LocalWordSwap,988,0.9999372959136963
nllb200_1B,facebook/nllb-200-1.3B,17,1LocalWordSwap,989,0.9401088953018188
nllb200_1B,facebook/nllb-200-1.3B,17,1LocalWordSwap,990,0.9382284283638
nllb200_1B,facebook/nllb-200-1.3B,17,1LocalWordSwap,991,0.9115935564041138
nllb200_1B,facebook/nllb-200-1.3B,17,1LocalWordSwap,992,0.8838346004486084
nllb200_1B,facebook/nllb-200-1.3B,17,1LocalWordSwap,993,0.750551700592041
nllb200_1B,facebook/nllb-200-1.3B,17,1LocalWordSwap,994,0.9948028326034546
nllb200_1B,facebook/nllb-200-1.3B,17,1LocalWordSwap,995,0.928229570388794
nllb200_1B,facebook/nllb-200-1.3B,17,1LocalWordSwap,996,0.7830491065979004
nllb200_1B,facebook/nllb-200-1.3B,17,1LocalWordSwap,997,0.9931058883666992
nllb200_1B,facebook/nllb-200-1.3B,17,1LocalWordSwap,998,0.9477698802947998
nllb200_1B,facebook/nllb-200-1.3B,17,1LocalWordSwap,999,0.9203861355781555
nllb200_1B,facebook/nllb-200-1.3B,17,2LocalWordSwap,0,0.9167463779449463
nllb200_1B,facebook/nllb-200-1.3B,17,2LocalWordSwap,1,0.7385679483413696
nllb200_1B,facebook/nllb-200-1.3B,17,2LocalWordSwap,2,0.9195399284362793
nllb200_1B,facebook/nllb-200-1.3B,17,2LocalWordSwap,3,0.9349488615989685
nllb200_1B,facebook/nllb-200-1.3B,17,2LocalWordSwap,4,0.9433345794677734
nllb200_1B,facebook/nllb-200-1.3B,17,2LocalWordSwap,5,0.9917309880256653
nllb200_1B,facebook/nllb-200-1.3B,17,2LocalWordSwap,6,0.9319434762001038
nllb200_1B,facebook/nllb-200-1.3B,17,2LocalWordSwap,7,0.937682032585144
nllb200_1B,facebook/nllb-200-1.3B,17,2LocalWordSwap,8,0.9181852340698242
nllb200_1B,facebook/nllb-200-1.3B,17,2LocalWordSwap,9,0.921046257019043
nllb200_1B,facebook/nllb-200-1.3B,17,2LocalWordSwap,10,0.9251589775085449
nllb200_1B,facebook/nllb-200-1.3B,17,2LocalWordSwap,11,0.9522902369499207
nllb200_1B,facebook/nllb-200-1.3B,17,2LocalWordSwap,12,0.926074206829071
nllb200_1B,facebook/nllb-200-1.3B,17,2LocalWordSwap,13,0.9323760271072388
nllb200_1B,facebook/nllb-200-1.3B,17,2LocalWordSwap,14,0.924842357635498
nllb200_1B,facebook/nllb-200-1.3B,17,2LocalWordSwap,15,0.9380643367767334
nllb200_1B,facebook/nllb-200-1.3B,17,2LocalWordSwap,16,0.9432218074798584
nllb200_1B,facebook/nllb-200-1.3B,17,2LocalWordSwap,17,0.9269735813140869
nllb200_1B,facebook/nllb-200-1.3B,17,2LocalWordSwap,18,0.9257020950317383
nllb200_1B,facebook/nllb-200-1.3B,17,2LocalWordSwap,19,0.9287794232368469
nllb200_1B,facebook/nllb-200-1.3B,17,2LocalWordSwap,20,0.9527797698974609
nllb200_1B,facebook/nllb-200-1.3B,17,2LocalWordSwap,21,0.938325047492981
nllb200_1B,facebook/nllb-200-1.3B,17,2LocalWordSwap,22,0.9483247995376587
nllb200_1B,facebook/nllb-200-1.3B,17,2LocalWordSwap,23,0.9443783760070801
nllb200_1B,facebook/nllb-200-1.3B,17,2LocalWordSwap,24,0.9600176811218262
nllb200_1B,facebook/nllb-200-1.3B,17,2LocalWordSwap,25,0.9419761896133423
nllb200_1B,facebook/nllb-200-1.3B,17,2LocalWordSwap,26,0.9378918409347534
nllb200_1B,facebook/nllb-200-1.3B,17,2LocalWordSwap,27,0.9130037426948547
nllb200_1B,facebook/nllb-200-1.3B,17,2LocalWordSwap,28,0.9358398914337158
nllb200_1B,facebook/nllb-200-1.3B,17,2LocalWordSwap,29,0.9509724378585815
nllb200_1B,facebook/nllb-200-1.3B,17,2LocalWordSwap,30,0.9207193851470947
nllb200_1B,facebook/nllb-200-1.3B,17,2LocalWordSwap,31,0.9247714281082153
nllb200_1B,facebook/nllb-200-1.3B,17,2LocalWordSwap,32,0.9221881628036499
nllb200_1B,facebook/nllb-200-1.3B,17,2LocalWordSwap,33,0.9180185794830322
nllb200_1B,facebook/nllb-200-1.3B,17,2LocalWordSwap,34,0.9383533000946045
nllb200_1B,facebook/nllb-200-1.3B,17,2LocalWordSwap,35,0.9404599666595459
nllb200_1B,facebook/nllb-200-1.3B,17,2LocalWordSwap,36,0.9189435839653015
nllb200_1B,facebook/nllb-200-1.3B,17,2LocalWordSwap,37,0.9180526733398438
nllb200_1B,facebook/nllb-200-1.3B,17,2LocalWordSwap,38,0.9446898698806763
nllb200_1B,facebook/nllb-200-1.3B,17,2LocalWordSwap,39,0.9015812873840332
nllb200_1B,facebook/nllb-200-1.3B,17,2LocalWordSwap,40,0.9372984766960144
nllb200_1B,facebook/nllb-200-1.3B,17,2LocalWordSwap,41,0.9419900178909302
nllb200_1B,facebook/nllb-200-1.3B,17,2LocalWordSwap,42,0.8076462745666504
nllb200_1B,facebook/nllb-200-1.3B,17,2LocalWordSwap,43,0.927249014377594
nllb200_1B,facebook/nllb-200-1.3B,17,2LocalWordSwap,44,0.9599121809005737
nllb200_1B,facebook/nllb-200-1.3B,17,2LocalWordSwap,45,0.924288272857666
nllb200_1B,facebook/nllb-200-1.3B,17,2LocalWordSwap,46,0.9337286353111267
nllb200_1B,facebook/nllb-200-1.3B,17,2LocalWordSwap,47,0.9292564392089844
nllb200_1B,facebook/nllb-200-1.3B,17,2LocalWordSwap,48,0.9235817193984985
nllb200_1B,facebook/nllb-200-1.3B,17,2LocalWordSwap,49,0.936391294002533
nllb200_1B,facebook/nllb-200-1.3B,17,2LocalWordSwap,50,0.9296109080314636
nllb200_1B,facebook/nllb-200-1.3B,17,2LocalWordSwap,51,0.9605868458747864
nllb200_1B,facebook/nllb-200-1.3B,17,2LocalWordSwap,52,0.9539315700531006
nllb200_1B,facebook/nllb-200-1.3B,17,2LocalWordSwap,53,0.956587553024292
nllb200_1B,facebook/nllb-200-1.3B,17,2LocalWordSwap,54,0.9496708512306213
nllb200_1B,facebook/nllb-200-1.3B,17,2LocalWordSwap,55,0.952294111251831
nllb200_1B,facebook/nllb-200-1.3B,17,2LocalWordSwap,56,0.945740818977356
nllb200_1B,facebook/nllb-200-1.3B,17,2LocalWordSwap,57,0.9493420124053955
nllb200_1B,facebook/nllb-200-1.3B,17,2LocalWordSwap,58,0.9483425617218018
nllb200_1B,facebook/nllb-200-1.3B,17,2LocalWordSwap,59,0.9437963962554932
nllb200_1B,facebook/nllb-200-1.3B,17,2LocalWordSwap,60,0.9440696239471436
nllb200_1B,facebook/nllb-200-1.3B,17,2LocalWordSwap,61,0.9417674541473389
nllb200_1B,facebook/nllb-200-1.3B,17,2LocalWordSwap,62,0.9854007959365845
nllb200_1B,facebook/nllb-200-1.3B,17,2LocalWordSwap,63,0.9142392873764038
nllb200_1B,facebook/nllb-200-1.3B,17,2LocalWordSwap,64,0.9324765205383301
nllb200_1B,facebook/nllb-200-1.3B,17,2LocalWordSwap,65,0.9304909706115723
nllb200_1B,facebook/nllb-200-1.3B,17,2LocalWordSwap,66,0.9248076677322388
nllb200_1B,facebook/nllb-200-1.3B,17,2LocalWordSwap,67,0.909258246421814
nllb200_1B,facebook/nllb-200-1.3B,17,2LocalWordSwap,68,0.9329636096954346
nllb200_1B,facebook/nllb-200-1.3B,17,2LocalWordSwap,69,0.7077683210372925
nllb200_1B,facebook/nllb-200-1.3B,17,2LocalWordSwap,70,0.9427832961082458
nllb200_1B,facebook/nllb-200-1.3B,17,2LocalWordSwap,71,0.9441492557525635
nllb200_1B,facebook/nllb-200-1.3B,17,2LocalWordSwap,72,0.946179986000061
nllb200_1B,facebook/nllb-200-1.3B,17,2LocalWordSwap,73,0.9903272390365601
nllb200_1B,facebook/nllb-200-1.3B,17,2LocalWordSwap,74,0.9421824216842651
nllb200_1B,facebook/nllb-200-1.3B,17,2LocalWordSwap,75,0.9203829765319824
nllb200_1B,facebook/nllb-200-1.3B,17,2LocalWordSwap,76,0.6416900157928467
nllb200_1B,facebook/nllb-200-1.3B,17,2LocalWordSwap,77,0.943634033203125
nllb200_1B,facebook/nllb-200-1.3B,17,2LocalWordSwap,78,0.8004862070083618
nllb200_1B,facebook/nllb-200-1.3B,17,2LocalWordSwap,79,0.9280178546905518
nllb200_1B,facebook/nllb-200-1.3B,17,2LocalWordSwap,80,0.9302173852920532
nllb200_1B,facebook/nllb-200-1.3B,17,2LocalWordSwap,81,0.7752131223678589
nllb200_1B,facebook/nllb-200-1.3B,17,2LocalWordSwap,82,0.9179567098617554
nllb200_1B,facebook/nllb-200-1.3B,17,2LocalWordSwap,83,0.6957034468650818
nllb200_1B,facebook/nllb-200-1.3B,17,2LocalWordSwap,84,0.9304625988006592
nllb200_1B,facebook/nllb-200-1.3B,17,2LocalWordSwap,85,0.9920388460159302
nllb200_1B,facebook/nllb-200-1.3B,17,2LocalWordSwap,86,0.9362807273864746
nllb200_1B,facebook/nllb-200-1.3B,17,2LocalWordSwap,87,0.7043279409408569
nllb200_1B,facebook/nllb-200-1.3B,17,2LocalWordSwap,88,0.9514729380607605
nllb200_1B,facebook/nllb-200-1.3B,17,2LocalWordSwap,89,0.916789174079895
nllb200_1B,facebook/nllb-200-1.3B,17,2LocalWordSwap,90,0.8812103271484375
nllb200_1B,facebook/nllb-200-1.3B,17,2LocalWordSwap,91,0.9288946390151978
nllb200_1B,facebook/nllb-200-1.3B,17,2LocalWordSwap,92,0.7410509586334229
nllb200_1B,facebook/nllb-200-1.3B,17,2LocalWordSwap,93,0.7098941802978516
nllb200_1B,facebook/nllb-200-1.3B,17,2LocalWordSwap,94,0.970005452632904
nllb200_1B,facebook/nllb-200-1.3B,17,2LocalWordSwap,95,0.9543108940124512
nllb200_1B,facebook/nllb-200-1.3B,17,2LocalWordSwap,96,0.9075226783752441
nllb200_1B,facebook/nllb-200-1.3B,17,2LocalWordSwap,97,0.945562481880188
nllb200_1B,facebook/nllb-200-1.3B,17,2LocalWordSwap,98,0.9305485486984253
nllb200_1B,facebook/nllb-200-1.3B,17,2LocalWordSwap,99,0.95151287317276
nllb200_1B,facebook/nllb-200-1.3B,17,2LocalWordSwap,100,0.9222259521484375
nllb200_1B,facebook/nllb-200-1.3B,17,2LocalWordSwap,101,0.9173222184181213
nllb200_1B,facebook/nllb-200-1.3B,17,2LocalWordSwap,102,0.7304729223251343
nllb200_1B,facebook/nllb-200-1.3B,17,2LocalWordSwap,103,0.9305983781814575
nllb200_1B,facebook/nllb-200-1.3B,17,2LocalWordSwap,104,0.9422093033790588
nllb200_1B,facebook/nllb-200-1.3B,17,2LocalWordSwap,105,0.9421270489692688
nllb200_1B,facebook/nllb-200-1.3B,17,2LocalWordSwap,106,0.9441123008728027
nllb200_1B,facebook/nllb-200-1.3B,17,2LocalWordSwap,107,0.7037370204925537
nllb200_1B,facebook/nllb-200-1.3B,17,2LocalWordSwap,108,0.9541731476783752
nllb200_1B,facebook/nllb-200-1.3B,17,2LocalWordSwap,109,0.935278058052063
nllb200_1B,facebook/nllb-200-1.3B,17,2LocalWordSwap,110,0.9485610723495483
nllb200_1B,facebook/nllb-200-1.3B,17,2LocalWordSwap,111,0.943048357963562
nllb200_1B,facebook/nllb-200-1.3B,17,2LocalWordSwap,112,0.9140113592147827
nllb200_1B,facebook/nllb-200-1.3B,17,2LocalWordSwap,113,0.9305720329284668
nllb200_1B,facebook/nllb-200-1.3B,17,2LocalWordSwap,114,0.9354265928268433
nllb200_1B,facebook/nllb-200-1.3B,17,2LocalWordSwap,115,0.9517855644226074
nllb200_1B,facebook/nllb-200-1.3B,17,2LocalWordSwap,116,0.9045062065124512
nllb200_1B,facebook/nllb-200-1.3B,17,2LocalWordSwap,117,0.9319896697998047
nllb200_1B,facebook/nllb-200-1.3B,17,2LocalWordSwap,118,0.9270613193511963
nllb200_1B,facebook/nllb-200-1.3B,17,2LocalWordSwap,119,0.9505265951156616
nllb200_1B,facebook/nllb-200-1.3B,17,2LocalWordSwap,120,0.9282857179641724
nllb200_1B,facebook/nllb-200-1.3B,17,2LocalWordSwap,121,0.8985910415649414
nllb200_1B,facebook/nllb-200-1.3B,17,2LocalWordSwap,122,0.948930025100708
nllb200_1B,facebook/nllb-200-1.3B,17,2LocalWordSwap,123,0.9427527189254761
nllb200_1B,facebook/nllb-200-1.3B,17,2LocalWordSwap,124,0.9383246898651123
nllb200_1B,facebook/nllb-200-1.3B,17,2LocalWordSwap,125,0.9416897296905518
nllb200_1B,facebook/nllb-200-1.3B,17,2LocalWordSwap,126,0.929091215133667
nllb200_1B,facebook/nllb-200-1.3B,17,2LocalWordSwap,127,0.9275741577148438
nllb200_1B,facebook/nllb-200-1.3B,17,2LocalWordSwap,128,0.919793963432312
nllb200_1B,facebook/nllb-200-1.3B,17,2LocalWordSwap,129,0.9420206546783447
nllb200_1B,facebook/nllb-200-1.3B,17,2LocalWordSwap,130,0.9323647022247314
nllb200_1B,facebook/nllb-200-1.3B,17,2LocalWordSwap,131,0.9105346202850342
nllb200_1B,facebook/nllb-200-1.3B,17,2LocalWordSwap,132,0.8960719108581543
nllb200_1B,facebook/nllb-200-1.3B,17,2LocalWordSwap,133,0.9968911409378052
nllb200_1B,facebook/nllb-200-1.3B,17,2LocalWordSwap,134,0.9152640104293823
nllb200_1B,facebook/nllb-200-1.3B,17,2LocalWordSwap,135,0.9276766777038574
nllb200_1B,facebook/nllb-200-1.3B,17,2LocalWordSwap,136,0.9399690628051758
nllb200_1B,facebook/nllb-200-1.3B,17,2LocalWordSwap,137,0.9252943396568298
nllb200_1B,facebook/nllb-200-1.3B,17,2LocalWordSwap,138,0.9175183773040771
nllb200_1B,facebook/nllb-200-1.3B,17,2LocalWordSwap,139,0.9375155568122864
nllb200_1B,facebook/nllb-200-1.3B,17,2LocalWordSwap,140,0.9390722513198853
nllb200_1B,facebook/nllb-200-1.3B,17,2LocalWordSwap,141,0.928775429725647
nllb200_1B,facebook/nllb-200-1.3B,17,2LocalWordSwap,142,0.944526195526123
nllb200_1B,facebook/nllb-200-1.3B,17,2LocalWordSwap,143,0.8837611079216003
nllb200_1B,facebook/nllb-200-1.3B,17,2LocalWordSwap,144,0.9206768274307251
nllb200_1B,facebook/nllb-200-1.3B,17,2LocalWordSwap,145,0.9279480576515198
nllb200_1B,facebook/nllb-200-1.3B,17,2LocalWordSwap,146,0.9379786849021912
nllb200_1B,facebook/nllb-200-1.3B,17,2LocalWordSwap,147,0.947187066078186
nllb200_1B,facebook/nllb-200-1.3B,17,2LocalWordSwap,148,0.9318163394927979
nllb200_1B,facebook/nllb-200-1.3B,17,2LocalWordSwap,149,0.9511651992797852
nllb200_1B,facebook/nllb-200-1.3B,17,2LocalWordSwap,150,0.929604709148407
nllb200_1B,facebook/nllb-200-1.3B,17,2LocalWordSwap,151,0.8916709423065186
nllb200_1B,facebook/nllb-200-1.3B,17,2LocalWordSwap,152,0.9144716262817383
nllb200_1B,facebook/nllb-200-1.3B,17,2LocalWordSwap,153,0.9340097904205322
nllb200_1B,facebook/nllb-200-1.3B,17,2LocalWordSwap,154,0.9120464324951172
nllb200_1B,facebook/nllb-200-1.3B,17,2LocalWordSwap,155,0.927599310874939
nllb200_1B,facebook/nllb-200-1.3B,17,2LocalWordSwap,156,0.9624418020248413
nllb200_1B,facebook/nllb-200-1.3B,17,2LocalWordSwap,157,0.9463404417037964
nllb200_1B,facebook/nllb-200-1.3B,17,2LocalWordSwap,158,0.9255925416946411
nllb200_1B,facebook/nllb-200-1.3B,17,2LocalWordSwap,159,0.9573982954025269
nllb200_1B,facebook/nllb-200-1.3B,17,2LocalWordSwap,160,0.9046339988708496
nllb200_1B,facebook/nllb-200-1.3B,17,2LocalWordSwap,161,0.9310446977615356
nllb200_1B,facebook/nllb-200-1.3B,17,2LocalWordSwap,162,0.8894484043121338
nllb200_1B,facebook/nllb-200-1.3B,17,2LocalWordSwap,163,0.93655925989151
nllb200_1B,facebook/nllb-200-1.3B,17,2LocalWordSwap,164,0.9244020581245422
nllb200_1B,facebook/nllb-200-1.3B,17,2LocalWordSwap,165,0.9495404958724976
nllb200_1B,facebook/nllb-200-1.3B,17,2LocalWordSwap,166,0.9383522868156433
nllb200_1B,facebook/nllb-200-1.3B,17,2LocalWordSwap,167,0.9399799108505249
nllb200_1B,facebook/nllb-200-1.3B,17,2LocalWordSwap,168,0.9357576966285706
nllb200_1B,facebook/nllb-200-1.3B,17,2LocalWordSwap,169,0.9414875507354736
nllb200_1B,facebook/nllb-200-1.3B,17,2LocalWordSwap,170,0.9461148977279663
nllb200_1B,facebook/nllb-200-1.3B,17,2LocalWordSwap,171,0.9310832023620605
nllb200_1B,facebook/nllb-200-1.3B,17,2LocalWordSwap,172,0.9096348285675049
nllb200_1B,facebook/nllb-200-1.3B,17,2LocalWordSwap,173,0.9160234332084656
nllb200_1B,facebook/nllb-200-1.3B,17,2LocalWordSwap,174,0.9405912160873413
nllb200_1B,facebook/nllb-200-1.3B,17,2LocalWordSwap,175,0.9527609944343567
nllb200_1B,facebook/nllb-200-1.3B,17,2LocalWordSwap,176,0.9910982847213745
nllb200_1B,facebook/nllb-200-1.3B,17,2LocalWordSwap,177,0.9373356103897095
nllb200_1B,facebook/nllb-200-1.3B,17,2LocalWordSwap,178,0.9003609418869019
nllb200_1B,facebook/nllb-200-1.3B,17,2LocalWordSwap,179,0.9169921875
nllb200_1B,facebook/nllb-200-1.3B,17,2LocalWordSwap,180,0.9109955430030823
nllb200_1B,facebook/nllb-200-1.3B,17,2LocalWordSwap,181,0.641961932182312
nllb200_1B,facebook/nllb-200-1.3B,17,2LocalWordSwap,182,0.9480071663856506
nllb200_1B,facebook/nllb-200-1.3B,17,2LocalWordSwap,183,0.9049133658409119
nllb200_1B,facebook/nllb-200-1.3B,17,2LocalWordSwap,184,0.930212676525116
nllb200_1B,facebook/nllb-200-1.3B,17,2LocalWordSwap,185,0.7616237998008728
nllb200_1B,facebook/nllb-200-1.3B,17,2LocalWordSwap,186,0.9126225709915161
nllb200_1B,facebook/nllb-200-1.3B,17,2LocalWordSwap,187,0.5994949340820312
nllb200_1B,facebook/nllb-200-1.3B,17,2LocalWordSwap,188,0.9014513492584229
nllb200_1B,facebook/nllb-200-1.3B,17,2LocalWordSwap,189,0.9361492991447449
nllb200_1B,facebook/nllb-200-1.3B,17,2LocalWordSwap,190,0.8506592512130737
nllb200_1B,facebook/nllb-200-1.3B,17,2LocalWordSwap,191,0.8994290828704834
nllb200_1B,facebook/nllb-200-1.3B,17,2LocalWordSwap,192,0.9487125873565674
nllb200_1B,facebook/nllb-200-1.3B,17,2LocalWordSwap,193,0.9537098407745361
nllb200_1B,facebook/nllb-200-1.3B,17,2LocalWordSwap,194,0.9387338161468506
nllb200_1B,facebook/nllb-200-1.3B,17,2LocalWordSwap,195,0.8194403648376465
nllb200_1B,facebook/nllb-200-1.3B,17,2LocalWordSwap,196,0.9452208280563354
nllb200_1B,facebook/nllb-200-1.3B,17,2LocalWordSwap,197,0.9655312299728394
nllb200_1B,facebook/nllb-200-1.3B,17,2LocalWordSwap,198,0.6696752309799194
nllb200_1B,facebook/nllb-200-1.3B,17,2LocalWordSwap,199,0.9103726744651794
nllb200_1B,facebook/nllb-200-1.3B,17,2LocalWordSwap,200,0.9452012777328491
nllb200_1B,facebook/nllb-200-1.3B,17,2LocalWordSwap,201,0.9364213347434998
nllb200_1B,facebook/nllb-200-1.3B,17,2LocalWordSwap,202,0.933253288269043
nllb200_1B,facebook/nllb-200-1.3B,17,2LocalWordSwap,203,0.9380701780319214
nllb200_1B,facebook/nllb-200-1.3B,17,2LocalWordSwap,204,0.9426169395446777
nllb200_1B,facebook/nllb-200-1.3B,17,2LocalWordSwap,205,0.9527233839035034
nllb200_1B,facebook/nllb-200-1.3B,17,2LocalWordSwap,206,0.9157125949859619
nllb200_1B,facebook/nllb-200-1.3B,17,2LocalWordSwap,207,0.9894961714744568
nllb200_1B,facebook/nllb-200-1.3B,17,2LocalWordSwap,208,0.9302080273628235
nllb200_1B,facebook/nllb-200-1.3B,17,2LocalWordSwap,209,0.9450100660324097
nllb200_1B,facebook/nllb-200-1.3B,17,2LocalWordSwap,210,0.9301947951316833
nllb200_1B,facebook/nllb-200-1.3B,17,2LocalWordSwap,211,0.9308367967605591
nllb200_1B,facebook/nllb-200-1.3B,17,2LocalWordSwap,212,0.9932165145874023
nllb200_1B,facebook/nllb-200-1.3B,17,2LocalWordSwap,213,0.9121898412704468
nllb200_1B,facebook/nllb-200-1.3B,17,2LocalWordSwap,214,0.9276143312454224
nllb200_1B,facebook/nllb-200-1.3B,17,2LocalWordSwap,215,0.9473406076431274
nllb200_1B,facebook/nllb-200-1.3B,17,2LocalWordSwap,216,0.6467243432998657
nllb200_1B,facebook/nllb-200-1.3B,17,2LocalWordSwap,217,0.7173430919647217
nllb200_1B,facebook/nllb-200-1.3B,17,2LocalWordSwap,218,0.9426825642585754
nllb200_1B,facebook/nllb-200-1.3B,17,2LocalWordSwap,219,0.9204655885696411
nllb200_1B,facebook/nllb-200-1.3B,17,2LocalWordSwap,220,0.9212232828140259
nllb200_1B,facebook/nllb-200-1.3B,17,2LocalWordSwap,221,0.9455293416976929
nllb200_1B,facebook/nllb-200-1.3B,17,2LocalWordSwap,222,0.9579354524612427
nllb200_1B,facebook/nllb-200-1.3B,17,2LocalWordSwap,223,0.6989709138870239
nllb200_1B,facebook/nllb-200-1.3B,17,2LocalWordSwap,224,0.938717246055603
nllb200_1B,facebook/nllb-200-1.3B,17,2LocalWordSwap,225,0.7087123394012451
nllb200_1B,facebook/nllb-200-1.3B,17,2LocalWordSwap,226,0.9430727958679199
nllb200_1B,facebook/nllb-200-1.3B,17,2LocalWordSwap,227,0.9493454694747925
nllb200_1B,facebook/nllb-200-1.3B,17,2LocalWordSwap,228,0.9884901642799377
nllb200_1B,facebook/nllb-200-1.3B,17,2LocalWordSwap,229,0.9508058428764343
nllb200_1B,facebook/nllb-200-1.3B,17,2LocalWordSwap,230,0.9321659803390503
nllb200_1B,facebook/nllb-200-1.3B,17,2LocalWordSwap,231,0.716335654258728
nllb200_1B,facebook/nllb-200-1.3B,17,2LocalWordSwap,232,0.6868778467178345
nllb200_1B,facebook/nllb-200-1.3B,17,2LocalWordSwap,233,0.9375191926956177
nllb200_1B,facebook/nllb-200-1.3B,17,2LocalWordSwap,234,0.9461063146591187
nllb200_1B,facebook/nllb-200-1.3B,17,2LocalWordSwap,235,0.7515071630477905
nllb200_1B,facebook/nllb-200-1.3B,17,2LocalWordSwap,236,0.6751275658607483
nllb200_1B,facebook/nllb-200-1.3B,17,2LocalWordSwap,237,0.681473433971405
nllb200_1B,facebook/nllb-200-1.3B,17,2LocalWordSwap,238,0.9540569186210632
nllb200_1B,facebook/nllb-200-1.3B,17,2LocalWordSwap,239,0.7168349027633667
nllb200_1B,facebook/nllb-200-1.3B,17,2LocalWordSwap,240,0.9406206011772156
nllb200_1B,facebook/nllb-200-1.3B,17,2LocalWordSwap,241,0.9060125946998596
nllb200_1B,facebook/nllb-200-1.3B,17,2LocalWordSwap,242,0.9174102544784546
nllb200_1B,facebook/nllb-200-1.3B,17,2LocalWordSwap,243,0.7737807035446167
nllb200_1B,facebook/nllb-200-1.3B,17,2LocalWordSwap,244,0.9525200724601746
nllb200_1B,facebook/nllb-200-1.3B,17,2LocalWordSwap,245,0.8950906991958618
nllb200_1B,facebook/nllb-200-1.3B,17,2LocalWordSwap,246,0.9481276273727417
nllb200_1B,facebook/nllb-200-1.3B,17,2LocalWordSwap,247,0.9411188364028931
nllb200_1B,facebook/nllb-200-1.3B,17,2LocalWordSwap,248,0.7843881845474243
nllb200_1B,facebook/nllb-200-1.3B,17,2LocalWordSwap,249,0.9585250616073608
nllb200_1B,facebook/nllb-200-1.3B,17,2LocalWordSwap,250,0.9490892887115479
nllb200_1B,facebook/nllb-200-1.3B,17,2LocalWordSwap,251,0.9436331987380981
nllb200_1B,facebook/nllb-200-1.3B,17,2LocalWordSwap,252,0.9438943266868591
nllb200_1B,facebook/nllb-200-1.3B,17,2LocalWordSwap,253,0.9513719081878662
nllb200_1B,facebook/nllb-200-1.3B,17,2LocalWordSwap,254,0.6768519282341003
nllb200_1B,facebook/nllb-200-1.3B,17,2LocalWordSwap,255,0.933469295501709
nllb200_1B,facebook/nllb-200-1.3B,17,2LocalWordSwap,256,0.9671125411987305
nllb200_1B,facebook/nllb-200-1.3B,17,2LocalWordSwap,257,0.932975172996521
nllb200_1B,facebook/nllb-200-1.3B,17,2LocalWordSwap,258,0.928931474685669
nllb200_1B,facebook/nllb-200-1.3B,17,2LocalWordSwap,259,0.9673638343811035
nllb200_1B,facebook/nllb-200-1.3B,17,2LocalWordSwap,260,0.7124691009521484
nllb200_1B,facebook/nllb-200-1.3B,17,2LocalWordSwap,261,0.944055438041687
nllb200_1B,facebook/nllb-200-1.3B,17,2LocalWordSwap,262,0.7385262250900269
nllb200_1B,facebook/nllb-200-1.3B,17,2LocalWordSwap,263,0.9330204725265503
nllb200_1B,facebook/nllb-200-1.3B,17,2LocalWordSwap,264,0.7200189828872681
nllb200_1B,facebook/nllb-200-1.3B,17,2LocalWordSwap,265,0.9226711988449097
nllb200_1B,facebook/nllb-200-1.3B,17,2LocalWordSwap,266,0.9238382577896118
nllb200_1B,facebook/nllb-200-1.3B,17,2LocalWordSwap,267,0.935728132724762
nllb200_1B,facebook/nllb-200-1.3B,17,2LocalWordSwap,268,0.9344955682754517
nllb200_1B,facebook/nllb-200-1.3B,17,2LocalWordSwap,269,0.9949748516082764
nllb200_1B,facebook/nllb-200-1.3B,17,2LocalWordSwap,270,0.9428222179412842
nllb200_1B,facebook/nllb-200-1.3B,17,2LocalWordSwap,271,0.6521599292755127
nllb200_1B,facebook/nllb-200-1.3B,17,2LocalWordSwap,272,0.9450042247772217
nllb200_1B,facebook/nllb-200-1.3B,17,2LocalWordSwap,273,0.9551435708999634
nllb200_1B,facebook/nllb-200-1.3B,17,2LocalWordSwap,274,0.6898594498634338
nllb200_1B,facebook/nllb-200-1.3B,17,2LocalWordSwap,275,0.947992742061615
nllb200_1B,facebook/nllb-200-1.3B,17,2LocalWordSwap,276,0.9419269561767578
nllb200_1B,facebook/nllb-200-1.3B,17,2LocalWordSwap,277,0.9153938889503479
nllb200_1B,facebook/nllb-200-1.3B,17,2LocalWordSwap,278,0.9414678812026978
nllb200_1B,facebook/nllb-200-1.3B,17,2LocalWordSwap,279,0.9440963268280029
nllb200_1B,facebook/nllb-200-1.3B,17,2LocalWordSwap,280,0.9476853609085083
nllb200_1B,facebook/nllb-200-1.3B,17,2LocalWordSwap,281,0.9585141539573669
nllb200_1B,facebook/nllb-200-1.3B,17,2LocalWordSwap,282,0.9477790594100952
nllb200_1B,facebook/nllb-200-1.3B,17,2LocalWordSwap,283,0.9314813613891602
nllb200_1B,facebook/nllb-200-1.3B,17,2LocalWordSwap,284,0.9348303079605103
nllb200_1B,facebook/nllb-200-1.3B,17,2LocalWordSwap,285,0.94293212890625
nllb200_1B,facebook/nllb-200-1.3B,17,2LocalWordSwap,286,0.9200376272201538
nllb200_1B,facebook/nllb-200-1.3B,17,2LocalWordSwap,287,0.9370349049568176
nllb200_1B,facebook/nllb-200-1.3B,17,2LocalWordSwap,288,0.9292513132095337
nllb200_1B,facebook/nllb-200-1.3B,17,2LocalWordSwap,289,0.9407402873039246
nllb200_1B,facebook/nllb-200-1.3B,17,2LocalWordSwap,290,0.9218863248825073
nllb200_1B,facebook/nllb-200-1.3B,17,2LocalWordSwap,291,0.9514412879943848
nllb200_1B,facebook/nllb-200-1.3B,17,2LocalWordSwap,292,0.9585278630256653
nllb200_1B,facebook/nllb-200-1.3B,17,2LocalWordSwap,293,0.9537074565887451
nllb200_1B,facebook/nllb-200-1.3B,17,2LocalWordSwap,294,0.9323639869689941
nllb200_1B,facebook/nllb-200-1.3B,17,2LocalWordSwap,295,0.9287915229797363
nllb200_1B,facebook/nllb-200-1.3B,17,2LocalWordSwap,296,0.9311668872833252
nllb200_1B,facebook/nllb-200-1.3B,17,2LocalWordSwap,297,0.9514110088348389
nllb200_1B,facebook/nllb-200-1.3B,17,2LocalWordSwap,298,0.8983619809150696
nllb200_1B,facebook/nllb-200-1.3B,17,2LocalWordSwap,299,0.9467895030975342
nllb200_1B,facebook/nllb-200-1.3B,17,2LocalWordSwap,300,0.9155539870262146
nllb200_1B,facebook/nllb-200-1.3B,17,2LocalWordSwap,301,0.9459695219993591
nllb200_1B,facebook/nllb-200-1.3B,17,2LocalWordSwap,302,0.9262314438819885
nllb200_1B,facebook/nllb-200-1.3B,17,2LocalWordSwap,303,0.936102569103241
nllb200_1B,facebook/nllb-200-1.3B,17,2LocalWordSwap,304,0.9171630144119263
nllb200_1B,facebook/nllb-200-1.3B,17,2LocalWordSwap,305,0.9409960508346558
nllb200_1B,facebook/nllb-200-1.3B,17,2LocalWordSwap,306,0.9349042177200317
nllb200_1B,facebook/nllb-200-1.3B,17,2LocalWordSwap,307,0.9259600639343262
nllb200_1B,facebook/nllb-200-1.3B,17,2LocalWordSwap,308,0.9400335550308228
nllb200_1B,facebook/nllb-200-1.3B,17,2LocalWordSwap,309,0.9421755075454712
nllb200_1B,facebook/nllb-200-1.3B,17,2LocalWordSwap,310,0.9300016164779663
nllb200_1B,facebook/nllb-200-1.3B,17,2LocalWordSwap,311,0.9258387088775635
nllb200_1B,facebook/nllb-200-1.3B,17,2LocalWordSwap,312,0.9232840538024902
nllb200_1B,facebook/nllb-200-1.3B,17,2LocalWordSwap,313,0.9106470346450806
nllb200_1B,facebook/nllb-200-1.3B,17,2LocalWordSwap,314,0.9479649066925049
nllb200_1B,facebook/nllb-200-1.3B,17,2LocalWordSwap,315,0.927722692489624
nllb200_1B,facebook/nllb-200-1.3B,17,2LocalWordSwap,316,0.9413261413574219
nllb200_1B,facebook/nllb-200-1.3B,17,2LocalWordSwap,317,0.9288557767868042
nllb200_1B,facebook/nllb-200-1.3B,17,2LocalWordSwap,318,0.9367012977600098
nllb200_1B,facebook/nllb-200-1.3B,17,2LocalWordSwap,319,0.9466863870620728
nllb200_1B,facebook/nllb-200-1.3B,17,2LocalWordSwap,320,0.9086337089538574
nllb200_1B,facebook/nllb-200-1.3B,17,2LocalWordSwap,321,0.9444447755813599
nllb200_1B,facebook/nllb-200-1.3B,17,2LocalWordSwap,322,0.9233927726745605
nllb200_1B,facebook/nllb-200-1.3B,17,2LocalWordSwap,323,0.9496815204620361
nllb200_1B,facebook/nllb-200-1.3B,17,2LocalWordSwap,324,0.9326748251914978
nllb200_1B,facebook/nllb-200-1.3B,17,2LocalWordSwap,325,0.9462524652481079
nllb200_1B,facebook/nllb-200-1.3B,17,2LocalWordSwap,326,0.9785902500152588
nllb200_1B,facebook/nllb-200-1.3B,17,2LocalWordSwap,327,0.9569598436355591
nllb200_1B,facebook/nllb-200-1.3B,17,2LocalWordSwap,328,0.948645830154419
nllb200_1B,facebook/nllb-200-1.3B,17,2LocalWordSwap,329,0.9359726905822754
nllb200_1B,facebook/nllb-200-1.3B,17,2LocalWordSwap,330,0.9379564523696899
nllb200_1B,facebook/nllb-200-1.3B,17,2LocalWordSwap,331,0.986236035823822
nllb200_1B,facebook/nllb-200-1.3B,17,2LocalWordSwap,332,0.9210140109062195
nllb200_1B,facebook/nllb-200-1.3B,17,2LocalWordSwap,333,0.9276725053787231
nllb200_1B,facebook/nllb-200-1.3B,17,2LocalWordSwap,334,0.9292714595794678
nllb200_1B,facebook/nllb-200-1.3B,17,2LocalWordSwap,335,0.9148753881454468
nllb200_1B,facebook/nllb-200-1.3B,17,2LocalWordSwap,336,0.9453228712081909
nllb200_1B,facebook/nllb-200-1.3B,17,2LocalWordSwap,337,0.9390134811401367
nllb200_1B,facebook/nllb-200-1.3B,17,2LocalWordSwap,338,0.9356311559677124
nllb200_1B,facebook/nllb-200-1.3B,17,2LocalWordSwap,339,0.9478086233139038
nllb200_1B,facebook/nllb-200-1.3B,17,2LocalWordSwap,340,0.9049882888793945
nllb200_1B,facebook/nllb-200-1.3B,17,2LocalWordSwap,341,0.9311354160308838
nllb200_1B,facebook/nllb-200-1.3B,17,2LocalWordSwap,342,0.9319421052932739
nllb200_1B,facebook/nllb-200-1.3B,17,2LocalWordSwap,343,0.9323136210441589
nllb200_1B,facebook/nllb-200-1.3B,17,2LocalWordSwap,344,0.931553840637207
nllb200_1B,facebook/nllb-200-1.3B,17,2LocalWordSwap,345,0.9199848175048828
nllb200_1B,facebook/nllb-200-1.3B,17,2LocalWordSwap,346,0.9175615310668945
nllb200_1B,facebook/nllb-200-1.3B,17,2LocalWordSwap,347,0.9953868389129639
nllb200_1B,facebook/nllb-200-1.3B,17,2LocalWordSwap,348,0.9387259483337402
nllb200_1B,facebook/nllb-200-1.3B,17,2LocalWordSwap,349,0.9439188838005066
nllb200_1B,facebook/nllb-200-1.3B,17,2LocalWordSwap,350,0.9340912103652954
nllb200_1B,facebook/nllb-200-1.3B,17,2LocalWordSwap,351,0.9399316310882568
nllb200_1B,facebook/nllb-200-1.3B,17,2LocalWordSwap,352,0.9384047985076904
nllb200_1B,facebook/nllb-200-1.3B,17,2LocalWordSwap,353,0.9901667833328247
nllb200_1B,facebook/nllb-200-1.3B,17,2LocalWordSwap,354,0.9369882345199585
nllb200_1B,facebook/nllb-200-1.3B,17,2LocalWordSwap,355,0.7410063743591309
nllb200_1B,facebook/nllb-200-1.3B,17,2LocalWordSwap,356,0.9263182282447815
nllb200_1B,facebook/nllb-200-1.3B,17,2LocalWordSwap,357,0.9527667164802551
nllb200_1B,facebook/nllb-200-1.3B,17,2LocalWordSwap,358,0.9587479829788208
nllb200_1B,facebook/nllb-200-1.3B,17,2LocalWordSwap,359,0.9190895557403564
nllb200_1B,facebook/nllb-200-1.3B,17,2LocalWordSwap,360,0.9569529294967651
nllb200_1B,facebook/nllb-200-1.3B,17,2LocalWordSwap,361,0.939935564994812
nllb200_1B,facebook/nllb-200-1.3B,17,2LocalWordSwap,362,0.9266380071640015
nllb200_1B,facebook/nllb-200-1.3B,17,2LocalWordSwap,363,0.926514744758606
nllb200_1B,facebook/nllb-200-1.3B,17,2LocalWordSwap,364,0.933411717414856
nllb200_1B,facebook/nllb-200-1.3B,17,2LocalWordSwap,365,0.8820272088050842
nllb200_1B,facebook/nllb-200-1.3B,17,2LocalWordSwap,366,0.9450802803039551
nllb200_1B,facebook/nllb-200-1.3B,17,2LocalWordSwap,367,0.9355616569519043
nllb200_1B,facebook/nllb-200-1.3B,17,2LocalWordSwap,368,0.9539874196052551
nllb200_1B,facebook/nllb-200-1.3B,17,2LocalWordSwap,369,0.9338541030883789
nllb200_1B,facebook/nllb-200-1.3B,17,2LocalWordSwap,370,0.9381633996963501
nllb200_1B,facebook/nllb-200-1.3B,17,2LocalWordSwap,371,0.9487112760543823
nllb200_1B,facebook/nllb-200-1.3B,17,2LocalWordSwap,372,0.9499080181121826
nllb200_1B,facebook/nllb-200-1.3B,17,2LocalWordSwap,373,0.9546357989311218
nllb200_1B,facebook/nllb-200-1.3B,17,2LocalWordSwap,374,0.9524158239364624
nllb200_1B,facebook/nllb-200-1.3B,17,2LocalWordSwap,375,0.9598801136016846
nllb200_1B,facebook/nllb-200-1.3B,17,2LocalWordSwap,376,0.9241828918457031
nllb200_1B,facebook/nllb-200-1.3B,17,2LocalWordSwap,377,0.8044774532318115
nllb200_1B,facebook/nllb-200-1.3B,17,2LocalWordSwap,378,0.9467742443084717
nllb200_1B,facebook/nllb-200-1.3B,17,2LocalWordSwap,379,0.9437243938446045
nllb200_1B,facebook/nllb-200-1.3B,17,2LocalWordSwap,380,0.8968449831008911
nllb200_1B,facebook/nllb-200-1.3B,17,2LocalWordSwap,381,0.6339970827102661
nllb200_1B,facebook/nllb-200-1.3B,17,2LocalWordSwap,382,0.7345943450927734
nllb200_1B,facebook/nllb-200-1.3B,17,2LocalWordSwap,383,0.6588606238365173
nllb200_1B,facebook/nllb-200-1.3B,17,2LocalWordSwap,384,0.893372118473053
nllb200_1B,facebook/nllb-200-1.3B,17,2LocalWordSwap,385,0.9378007650375366
nllb200_1B,facebook/nllb-200-1.3B,17,2LocalWordSwap,386,0.7080466151237488
nllb200_1B,facebook/nllb-200-1.3B,17,2LocalWordSwap,387,0.9278959631919861
nllb200_1B,facebook/nllb-200-1.3B,17,2LocalWordSwap,388,0.959782600402832
nllb200_1B,facebook/nllb-200-1.3B,17,2LocalWordSwap,389,0.7273190021514893
nllb200_1B,facebook/nllb-200-1.3B,17,2LocalWordSwap,390,0.9248619079589844
nllb200_1B,facebook/nllb-200-1.3B,17,2LocalWordSwap,391,0.7933626174926758
nllb200_1B,facebook/nllb-200-1.3B,17,2LocalWordSwap,392,0.7506625652313232
nllb200_1B,facebook/nllb-200-1.3B,17,2LocalWordSwap,393,0.7645926475524902
nllb200_1B,facebook/nllb-200-1.3B,17,2LocalWordSwap,394,0.7253252863883972
nllb200_1B,facebook/nllb-200-1.3B,17,2LocalWordSwap,395,0.6565558910369873
nllb200_1B,facebook/nllb-200-1.3B,17,2LocalWordSwap,396,0.6950888633728027
nllb200_1B,facebook/nllb-200-1.3B,17,2LocalWordSwap,397,0.7468762397766113
nllb200_1B,facebook/nllb-200-1.3B,17,2LocalWordSwap,398,0.6979882717132568
nllb200_1B,facebook/nllb-200-1.3B,17,2LocalWordSwap,399,0.9084952473640442
nllb200_1B,facebook/nllb-200-1.3B,17,2LocalWordSwap,400,0.9615175724029541
nllb200_1B,facebook/nllb-200-1.3B,17,2LocalWordSwap,401,0.9453831315040588
nllb200_1B,facebook/nllb-200-1.3B,17,2LocalWordSwap,402,0.936931312084198
nllb200_1B,facebook/nllb-200-1.3B,17,2LocalWordSwap,403,0.9798291921615601
nllb200_1B,facebook/nllb-200-1.3B,17,2LocalWordSwap,404,0.9383023977279663
nllb200_1B,facebook/nllb-200-1.3B,17,2LocalWordSwap,405,0.9369794130325317
nllb200_1B,facebook/nllb-200-1.3B,17,2LocalWordSwap,406,0.9276207685470581
nllb200_1B,facebook/nllb-200-1.3B,17,2LocalWordSwap,407,0.9373073577880859
nllb200_1B,facebook/nllb-200-1.3B,17,2LocalWordSwap,408,0.9390686750411987
nllb200_1B,facebook/nllb-200-1.3B,17,2LocalWordSwap,409,0.9372148513793945
nllb200_1B,facebook/nllb-200-1.3B,17,2LocalWordSwap,410,0.9297304749488831
nllb200_1B,facebook/nllb-200-1.3B,17,2LocalWordSwap,411,0.9090701341629028
nllb200_1B,facebook/nllb-200-1.3B,17,2LocalWordSwap,412,0.7240930795669556
nllb200_1B,facebook/nllb-200-1.3B,17,2LocalWordSwap,413,0.9915079474449158
nllb200_1B,facebook/nllb-200-1.3B,17,2LocalWordSwap,414,0.9438546895980835
nllb200_1B,facebook/nllb-200-1.3B,17,2LocalWordSwap,415,0.9336337447166443
nllb200_1B,facebook/nllb-200-1.3B,17,2LocalWordSwap,416,0.9521743059158325
nllb200_1B,facebook/nllb-200-1.3B,17,2LocalWordSwap,417,0.9415516257286072
nllb200_1B,facebook/nllb-200-1.3B,17,2LocalWordSwap,418,0.9462184906005859
nllb200_1B,facebook/nllb-200-1.3B,17,2LocalWordSwap,419,0.9358655214309692
nllb200_1B,facebook/nllb-200-1.3B,17,2LocalWordSwap,420,0.9387261271476746
nllb200_1B,facebook/nllb-200-1.3B,17,2LocalWordSwap,421,0.6814807653427124
nllb200_1B,facebook/nllb-200-1.3B,17,2LocalWordSwap,422,0.6284522414207458
nllb200_1B,facebook/nllb-200-1.3B,17,2LocalWordSwap,423,0.9373087882995605
nllb200_1B,facebook/nllb-200-1.3B,17,2LocalWordSwap,424,0.924744188785553
nllb200_1B,facebook/nllb-200-1.3B,17,2LocalWordSwap,425,0.667515754699707
nllb200_1B,facebook/nllb-200-1.3B,17,2LocalWordSwap,426,0.9525678157806396
nllb200_1B,facebook/nllb-200-1.3B,17,2LocalWordSwap,427,0.9426496624946594
nllb200_1B,facebook/nllb-200-1.3B,17,2LocalWordSwap,428,0.9362769722938538
nllb200_1B,facebook/nllb-200-1.3B,17,2LocalWordSwap,429,0.9348845481872559
nllb200_1B,facebook/nllb-200-1.3B,17,2LocalWordSwap,430,0.8971595764160156
nllb200_1B,facebook/nllb-200-1.3B,17,2LocalWordSwap,431,0.945969820022583
nllb200_1B,facebook/nllb-200-1.3B,17,2LocalWordSwap,432,0.9314353466033936
nllb200_1B,facebook/nllb-200-1.3B,17,2LocalWordSwap,433,0.9281215071678162
nllb200_1B,facebook/nllb-200-1.3B,17,2LocalWordSwap,434,0.9068531394004822
nllb200_1B,facebook/nllb-200-1.3B,17,2LocalWordSwap,435,0.9345291256904602
nllb200_1B,facebook/nllb-200-1.3B,17,2LocalWordSwap,436,0.9195967316627502
nllb200_1B,facebook/nllb-200-1.3B,17,2LocalWordSwap,437,0.9072778224945068
nllb200_1B,facebook/nllb-200-1.3B,17,2LocalWordSwap,438,0.9943199157714844
nllb200_1B,facebook/nllb-200-1.3B,17,2LocalWordSwap,439,0.9392964839935303
nllb200_1B,facebook/nllb-200-1.3B,17,2LocalWordSwap,440,0.9275057315826416
nllb200_1B,facebook/nllb-200-1.3B,17,2LocalWordSwap,441,0.9510353207588196
nllb200_1B,facebook/nllb-200-1.3B,17,2LocalWordSwap,442,0.9478605389595032
nllb200_1B,facebook/nllb-200-1.3B,17,2LocalWordSwap,443,0.9515262246131897
nllb200_1B,facebook/nllb-200-1.3B,17,2LocalWordSwap,444,0.6813979148864746
nllb200_1B,facebook/nllb-200-1.3B,17,2LocalWordSwap,445,0.8678565621376038
nllb200_1B,facebook/nllb-200-1.3B,17,2LocalWordSwap,446,0.6786296367645264
nllb200_1B,facebook/nllb-200-1.3B,17,2LocalWordSwap,447,0.9463099837303162
nllb200_1B,facebook/nllb-200-1.3B,17,2LocalWordSwap,448,0.9481750130653381
nllb200_1B,facebook/nllb-200-1.3B,17,2LocalWordSwap,449,0.9335214495658875
nllb200_1B,facebook/nllb-200-1.3B,17,2LocalWordSwap,450,0.9383764266967773
nllb200_1B,facebook/nllb-200-1.3B,17,2LocalWordSwap,451,0.6736675500869751
nllb200_1B,facebook/nllb-200-1.3B,17,2LocalWordSwap,452,0.8868139386177063
nllb200_1B,facebook/nllb-200-1.3B,17,2LocalWordSwap,453,0.9339547753334045
nllb200_1B,facebook/nllb-200-1.3B,17,2LocalWordSwap,454,0.9436224699020386
nllb200_1B,facebook/nllb-200-1.3B,17,2LocalWordSwap,455,0.9179452657699585
nllb200_1B,facebook/nllb-200-1.3B,17,2LocalWordSwap,456,0.9167376756668091
nllb200_1B,facebook/nllb-200-1.3B,17,2LocalWordSwap,457,0.9247728586196899
nllb200_1B,facebook/nllb-200-1.3B,17,2LocalWordSwap,458,0.9491265416145325
nllb200_1B,facebook/nllb-200-1.3B,17,2LocalWordSwap,459,0.94617760181427
nllb200_1B,facebook/nllb-200-1.3B,17,2LocalWordSwap,460,0.9264199733734131
nllb200_1B,facebook/nllb-200-1.3B,17,2LocalWordSwap,461,0.939556360244751
nllb200_1B,facebook/nllb-200-1.3B,17,2LocalWordSwap,462,0.9277860522270203
nllb200_1B,facebook/nllb-200-1.3B,17,2LocalWordSwap,463,0.9389607906341553
nllb200_1B,facebook/nllb-200-1.3B,17,2LocalWordSwap,464,0.9408540725708008
nllb200_1B,facebook/nllb-200-1.3B,17,2LocalWordSwap,465,0.8974255323410034
nllb200_1B,facebook/nllb-200-1.3B,17,2LocalWordSwap,466,0.9405890703201294
nllb200_1B,facebook/nllb-200-1.3B,17,2LocalWordSwap,467,0.9352620244026184
nllb200_1B,facebook/nllb-200-1.3B,17,2LocalWordSwap,468,0.9442697763442993
nllb200_1B,facebook/nllb-200-1.3B,17,2LocalWordSwap,469,0.9608874917030334
nllb200_1B,facebook/nllb-200-1.3B,17,2LocalWordSwap,470,0.9431668519973755
nllb200_1B,facebook/nllb-200-1.3B,17,2LocalWordSwap,471,0.9339017271995544
nllb200_1B,facebook/nllb-200-1.3B,17,2LocalWordSwap,472,0.9350331425666809
nllb200_1B,facebook/nllb-200-1.3B,17,2LocalWordSwap,473,0.8948993682861328
nllb200_1B,facebook/nllb-200-1.3B,17,2LocalWordSwap,474,0.7127217054367065
nllb200_1B,facebook/nllb-200-1.3B,17,2LocalWordSwap,475,0.6807243227958679
nllb200_1B,facebook/nllb-200-1.3B,17,2LocalWordSwap,476,0.9335680603981018
nllb200_1B,facebook/nllb-200-1.3B,17,2LocalWordSwap,477,0.9516468644142151
nllb200_1B,facebook/nllb-200-1.3B,17,2LocalWordSwap,478,0.9403131008148193
nllb200_1B,facebook/nllb-200-1.3B,17,2LocalWordSwap,479,0.9357254505157471
nllb200_1B,facebook/nllb-200-1.3B,17,2LocalWordSwap,480,0.9322693347930908
nllb200_1B,facebook/nllb-200-1.3B,17,2LocalWordSwap,481,0.9428757429122925
nllb200_1B,facebook/nllb-200-1.3B,17,2LocalWordSwap,482,0.911654531955719
nllb200_1B,facebook/nllb-200-1.3B,17,2LocalWordSwap,483,0.6975235939025879
nllb200_1B,facebook/nllb-200-1.3B,17,2LocalWordSwap,484,0.9353840947151184
nllb200_1B,facebook/nllb-200-1.3B,17,2LocalWordSwap,485,0.8886592388153076
nllb200_1B,facebook/nllb-200-1.3B,17,2LocalWordSwap,486,0.939081072807312
nllb200_1B,facebook/nllb-200-1.3B,17,2LocalWordSwap,487,0.9152854084968567
nllb200_1B,facebook/nllb-200-1.3B,17,2LocalWordSwap,488,0.7027087211608887
nllb200_1B,facebook/nllb-200-1.3B,17,2LocalWordSwap,489,0.941498875617981
nllb200_1B,facebook/nllb-200-1.3B,17,2LocalWordSwap,490,0.9404250383377075
nllb200_1B,facebook/nllb-200-1.3B,17,2LocalWordSwap,491,0.9363861083984375
nllb200_1B,facebook/nllb-200-1.3B,17,2LocalWordSwap,492,0.9386526346206665
nllb200_1B,facebook/nllb-200-1.3B,17,2LocalWordSwap,493,0.9238321781158447
nllb200_1B,facebook/nllb-200-1.3B,17,2LocalWordSwap,494,0.9372069835662842
nllb200_1B,facebook/nllb-200-1.3B,17,2LocalWordSwap,495,0.7006463408470154
nllb200_1B,facebook/nllb-200-1.3B,17,2LocalWordSwap,496,0.9486311674118042
nllb200_1B,facebook/nllb-200-1.3B,17,2LocalWordSwap,497,0.9291591644287109
nllb200_1B,facebook/nllb-200-1.3B,17,2LocalWordSwap,498,0.7055124044418335
nllb200_1B,facebook/nllb-200-1.3B,17,2LocalWordSwap,499,0.93108731508255
nllb200_1B,facebook/nllb-200-1.3B,17,2LocalWordSwap,500,0.6812139749526978
nllb200_1B,facebook/nllb-200-1.3B,17,2LocalWordSwap,501,0.9535477161407471
nllb200_1B,facebook/nllb-200-1.3B,17,2LocalWordSwap,502,0.7231820821762085
nllb200_1B,facebook/nllb-200-1.3B,17,2LocalWordSwap,503,0.6951435804367065
nllb200_1B,facebook/nllb-200-1.3B,17,2LocalWordSwap,504,0.9553318023681641
nllb200_1B,facebook/nllb-200-1.3B,17,2LocalWordSwap,505,0.9134440422058105
nllb200_1B,facebook/nllb-200-1.3B,17,2LocalWordSwap,506,0.7497818470001221
nllb200_1B,facebook/nllb-200-1.3B,17,2LocalWordSwap,507,0.9355189800262451
nllb200_1B,facebook/nllb-200-1.3B,17,2LocalWordSwap,508,0.9299203157424927
nllb200_1B,facebook/nllb-200-1.3B,17,2LocalWordSwap,509,0.9321255683898926
nllb200_1B,facebook/nllb-200-1.3B,17,2LocalWordSwap,510,0.8810759782791138
nllb200_1B,facebook/nllb-200-1.3B,17,2LocalWordSwap,511,0.760321319103241
nllb200_1B,facebook/nllb-200-1.3B,17,2LocalWordSwap,512,0.7732523679733276
nllb200_1B,facebook/nllb-200-1.3B,17,2LocalWordSwap,513,0.8878085613250732
nllb200_1B,facebook/nllb-200-1.3B,17,2LocalWordSwap,514,0.9044899940490723
nllb200_1B,facebook/nllb-200-1.3B,17,2LocalWordSwap,515,0.9402216076850891
nllb200_1B,facebook/nllb-200-1.3B,17,2LocalWordSwap,516,0.9491930603981018
nllb200_1B,facebook/nllb-200-1.3B,17,2LocalWordSwap,517,0.9293607473373413
nllb200_1B,facebook/nllb-200-1.3B,17,2LocalWordSwap,518,0.9116517305374146
nllb200_1B,facebook/nllb-200-1.3B,17,2LocalWordSwap,519,0.9284894466400146
nllb200_1B,facebook/nllb-200-1.3B,17,2LocalWordSwap,520,0.9426233768463135
nllb200_1B,facebook/nllb-200-1.3B,17,2LocalWordSwap,521,0.9493806958198547
nllb200_1B,facebook/nllb-200-1.3B,17,2LocalWordSwap,522,0.9353950023651123
nllb200_1B,facebook/nllb-200-1.3B,17,2LocalWordSwap,523,0.955039381980896
nllb200_1B,facebook/nllb-200-1.3B,17,2LocalWordSwap,524,0.7089231014251709
nllb200_1B,facebook/nllb-200-1.3B,17,2LocalWordSwap,525,0.6919882893562317
nllb200_1B,facebook/nllb-200-1.3B,17,2LocalWordSwap,526,0.7040376663208008
nllb200_1B,facebook/nllb-200-1.3B,17,2LocalWordSwap,527,0.9237470626831055
nllb200_1B,facebook/nllb-200-1.3B,17,2LocalWordSwap,528,0.7642427682876587
nllb200_1B,facebook/nllb-200-1.3B,17,2LocalWordSwap,529,0.9109020233154297
nllb200_1B,facebook/nllb-200-1.3B,17,2LocalWordSwap,530,0.7085226774215698
nllb200_1B,facebook/nllb-200-1.3B,17,2LocalWordSwap,531,0.9148098230361938
nllb200_1B,facebook/nllb-200-1.3B,17,2LocalWordSwap,532,0.9131702184677124
nllb200_1B,facebook/nllb-200-1.3B,17,2LocalWordSwap,533,0.9582111835479736
nllb200_1B,facebook/nllb-200-1.3B,17,2LocalWordSwap,534,0.7098886966705322
nllb200_1B,facebook/nllb-200-1.3B,17,2LocalWordSwap,535,0.9089140295982361
nllb200_1B,facebook/nllb-200-1.3B,17,2LocalWordSwap,536,0.9354691505432129
nllb200_1B,facebook/nllb-200-1.3B,17,2LocalWordSwap,537,0.9249974489212036
nllb200_1B,facebook/nllb-200-1.3B,17,2LocalWordSwap,538,0.9433753490447998
nllb200_1B,facebook/nllb-200-1.3B,17,2LocalWordSwap,539,0.7605493068695068
nllb200_1B,facebook/nllb-200-1.3B,17,2LocalWordSwap,540,0.8804481029510498
nllb200_1B,facebook/nllb-200-1.3B,17,2LocalWordSwap,541,0.9463424682617188
nllb200_1B,facebook/nllb-200-1.3B,17,2LocalWordSwap,542,0.9146521091461182
nllb200_1B,facebook/nllb-200-1.3B,17,2LocalWordSwap,543,0.9032777547836304
nllb200_1B,facebook/nllb-200-1.3B,17,2LocalWordSwap,544,0.9556634426116943
nllb200_1B,facebook/nllb-200-1.3B,17,2LocalWordSwap,545,0.9581775665283203
nllb200_1B,facebook/nllb-200-1.3B,17,2LocalWordSwap,546,0.6758265495300293
nllb200_1B,facebook/nllb-200-1.3B,17,2LocalWordSwap,547,0.9250578284263611
nllb200_1B,facebook/nllb-200-1.3B,17,2LocalWordSwap,548,0.9231860637664795
nllb200_1B,facebook/nllb-200-1.3B,17,2LocalWordSwap,549,0.9290744066238403
nllb200_1B,facebook/nllb-200-1.3B,17,2LocalWordSwap,550,0.9221489429473877
nllb200_1B,facebook/nllb-200-1.3B,17,2LocalWordSwap,551,0.9266269207000732
nllb200_1B,facebook/nllb-200-1.3B,17,2LocalWordSwap,552,0.9280605316162109
nllb200_1B,facebook/nllb-200-1.3B,17,2LocalWordSwap,553,0.9407772421836853
nllb200_1B,facebook/nllb-200-1.3B,17,2LocalWordSwap,554,0.9403467178344727
nllb200_1B,facebook/nllb-200-1.3B,17,2LocalWordSwap,555,0.9354153275489807
nllb200_1B,facebook/nllb-200-1.3B,17,2LocalWordSwap,556,0.8308472633361816
nllb200_1B,facebook/nllb-200-1.3B,17,2LocalWordSwap,557,0.9847386479377747
nllb200_1B,facebook/nllb-200-1.3B,17,2LocalWordSwap,558,0.8973527550697327
nllb200_1B,facebook/nllb-200-1.3B,17,2LocalWordSwap,559,0.7332452535629272
nllb200_1B,facebook/nllb-200-1.3B,17,2LocalWordSwap,560,0.938859760761261
nllb200_1B,facebook/nllb-200-1.3B,17,2LocalWordSwap,561,0.94517982006073
nllb200_1B,facebook/nllb-200-1.3B,17,2LocalWordSwap,562,0.921276330947876
nllb200_1B,facebook/nllb-200-1.3B,17,2LocalWordSwap,563,0.7305196523666382
nllb200_1B,facebook/nllb-200-1.3B,17,2LocalWordSwap,564,0.8985034227371216
nllb200_1B,facebook/nllb-200-1.3B,17,2LocalWordSwap,565,0.9333822727203369
nllb200_1B,facebook/nllb-200-1.3B,17,2LocalWordSwap,566,0.931451141834259
nllb200_1B,facebook/nllb-200-1.3B,17,2LocalWordSwap,567,0.7495200634002686
nllb200_1B,facebook/nllb-200-1.3B,17,2LocalWordSwap,568,0.9514259099960327
nllb200_1B,facebook/nllb-200-1.3B,17,2LocalWordSwap,569,0.9221533536911011
nllb200_1B,facebook/nllb-200-1.3B,17,2LocalWordSwap,570,0.6764230728149414
nllb200_1B,facebook/nllb-200-1.3B,17,2LocalWordSwap,571,0.7979558706283569
nllb200_1B,facebook/nllb-200-1.3B,17,2LocalWordSwap,572,0.93952476978302
nllb200_1B,facebook/nllb-200-1.3B,17,2LocalWordSwap,573,0.6724519729614258
nllb200_1B,facebook/nllb-200-1.3B,17,2LocalWordSwap,574,0.935070276260376
nllb200_1B,facebook/nllb-200-1.3B,17,2LocalWordSwap,575,0.7179245352745056
nllb200_1B,facebook/nllb-200-1.3B,17,2LocalWordSwap,576,0.9220857620239258
nllb200_1B,facebook/nllb-200-1.3B,17,2LocalWordSwap,577,0.9324344396591187
nllb200_1B,facebook/nllb-200-1.3B,17,2LocalWordSwap,578,0.9566240906715393
nllb200_1B,facebook/nllb-200-1.3B,17,2LocalWordSwap,579,0.9252856373786926
nllb200_1B,facebook/nllb-200-1.3B,17,2LocalWordSwap,580,0.9412885904312134
nllb200_1B,facebook/nllb-200-1.3B,17,2LocalWordSwap,581,0.9385907649993896
nllb200_1B,facebook/nllb-200-1.3B,17,2LocalWordSwap,582,0.9493182301521301
nllb200_1B,facebook/nllb-200-1.3B,17,2LocalWordSwap,583,0.950968861579895
nllb200_1B,facebook/nllb-200-1.3B,17,2LocalWordSwap,584,0.9450187683105469
nllb200_1B,facebook/nllb-200-1.3B,17,2LocalWordSwap,585,0.9516116380691528
nllb200_1B,facebook/nllb-200-1.3B,17,2LocalWordSwap,586,0.9304858446121216
nllb200_1B,facebook/nllb-200-1.3B,17,2LocalWordSwap,587,0.9465140700340271
nllb200_1B,facebook/nllb-200-1.3B,17,2LocalWordSwap,588,0.9429793357849121
nllb200_1B,facebook/nllb-200-1.3B,17,2LocalWordSwap,589,0.7359952926635742
nllb200_1B,facebook/nllb-200-1.3B,17,2LocalWordSwap,590,0.9400426745414734
nllb200_1B,facebook/nllb-200-1.3B,17,2LocalWordSwap,591,0.6457237005233765
nllb200_1B,facebook/nllb-200-1.3B,17,2LocalWordSwap,592,0.7423999309539795
nllb200_1B,facebook/nllb-200-1.3B,17,2LocalWordSwap,593,0.9186168313026428
nllb200_1B,facebook/nllb-200-1.3B,17,2LocalWordSwap,594,0.9542890787124634
nllb200_1B,facebook/nllb-200-1.3B,17,2LocalWordSwap,595,0.917039692401886
nllb200_1B,facebook/nllb-200-1.3B,17,2LocalWordSwap,596,0.9473696947097778
nllb200_1B,facebook/nllb-200-1.3B,17,2LocalWordSwap,597,0.9065740704536438
nllb200_1B,facebook/nllb-200-1.3B,17,2LocalWordSwap,598,0.9398863911628723
nllb200_1B,facebook/nllb-200-1.3B,17,2LocalWordSwap,599,0.9258646965026855
nllb200_1B,facebook/nllb-200-1.3B,17,2LocalWordSwap,600,0.9001460671424866
nllb200_1B,facebook/nllb-200-1.3B,17,2LocalWordSwap,601,0.6551463603973389
nllb200_1B,facebook/nllb-200-1.3B,17,2LocalWordSwap,602,0.9332787990570068
nllb200_1B,facebook/nllb-200-1.3B,17,2LocalWordSwap,603,0.643308162689209
nllb200_1B,facebook/nllb-200-1.3B,17,2LocalWordSwap,604,0.9364060759544373
nllb200_1B,facebook/nllb-200-1.3B,17,2LocalWordSwap,605,0.9515122175216675
nllb200_1B,facebook/nllb-200-1.3B,17,2LocalWordSwap,606,0.9153770208358765
nllb200_1B,facebook/nllb-200-1.3B,17,2LocalWordSwap,607,0.948000431060791
nllb200_1B,facebook/nllb-200-1.3B,17,2LocalWordSwap,608,0.7580585479736328
nllb200_1B,facebook/nllb-200-1.3B,17,2LocalWordSwap,609,0.8263789415359497
nllb200_1B,facebook/nllb-200-1.3B,17,2LocalWordSwap,610,0.937063455581665
nllb200_1B,facebook/nllb-200-1.3B,17,2LocalWordSwap,611,0.915835976600647
nllb200_1B,facebook/nllb-200-1.3B,17,2LocalWordSwap,612,0.9464322328567505
nllb200_1B,facebook/nllb-200-1.3B,17,2LocalWordSwap,613,0.8983501195907593
nllb200_1B,facebook/nllb-200-1.3B,17,2LocalWordSwap,614,0.9465265870094299
nllb200_1B,facebook/nllb-200-1.3B,17,2LocalWordSwap,615,0.9414578676223755
nllb200_1B,facebook/nllb-200-1.3B,17,2LocalWordSwap,616,0.9382311105728149
nllb200_1B,facebook/nllb-200-1.3B,17,2LocalWordSwap,617,0.937319815158844
nllb200_1B,facebook/nllb-200-1.3B,17,2LocalWordSwap,618,0.924915075302124
nllb200_1B,facebook/nllb-200-1.3B,17,2LocalWordSwap,619,0.9455442428588867
nllb200_1B,facebook/nllb-200-1.3B,17,2LocalWordSwap,620,0.9745421409606934
nllb200_1B,facebook/nllb-200-1.3B,17,2LocalWordSwap,621,0.9408749341964722
nllb200_1B,facebook/nllb-200-1.3B,17,2LocalWordSwap,622,0.9311462640762329
nllb200_1B,facebook/nllb-200-1.3B,17,2LocalWordSwap,623,0.9315670728683472
nllb200_1B,facebook/nllb-200-1.3B,17,2LocalWordSwap,624,0.9373952150344849
nllb200_1B,facebook/nllb-200-1.3B,17,2LocalWordSwap,625,0.9394468665122986
nllb200_1B,facebook/nllb-200-1.3B,17,2LocalWordSwap,626,0.9466915130615234
nllb200_1B,facebook/nllb-200-1.3B,17,2LocalWordSwap,627,0.9436200261116028
nllb200_1B,facebook/nllb-200-1.3B,17,2LocalWordSwap,628,0.944467306137085
nllb200_1B,facebook/nllb-200-1.3B,17,2LocalWordSwap,629,0.9284451007843018
nllb200_1B,facebook/nllb-200-1.3B,17,2LocalWordSwap,630,0.9312905073165894
nllb200_1B,facebook/nllb-200-1.3B,17,2LocalWordSwap,631,0.923232913017273
nllb200_1B,facebook/nllb-200-1.3B,17,2LocalWordSwap,632,0.9073046445846558
nllb200_1B,facebook/nllb-200-1.3B,17,2LocalWordSwap,633,0.9427030682563782
nllb200_1B,facebook/nllb-200-1.3B,17,2LocalWordSwap,634,0.9250702857971191
nllb200_1B,facebook/nllb-200-1.3B,17,2LocalWordSwap,635,0.924843430519104
nllb200_1B,facebook/nllb-200-1.3B,17,2LocalWordSwap,636,0.947472095489502
nllb200_1B,facebook/nllb-200-1.3B,17,2LocalWordSwap,637,0.9423760771751404
nllb200_1B,facebook/nllb-200-1.3B,17,2LocalWordSwap,638,0.9473004341125488
nllb200_1B,facebook/nllb-200-1.3B,17,2LocalWordSwap,639,0.9322187900543213
nllb200_1B,facebook/nllb-200-1.3B,17,2LocalWordSwap,640,0.902213990688324
nllb200_1B,facebook/nllb-200-1.3B,17,2LocalWordSwap,641,0.9389431476593018
nllb200_1B,facebook/nllb-200-1.3B,17,2LocalWordSwap,642,0.9226928949356079
nllb200_1B,facebook/nllb-200-1.3B,17,2LocalWordSwap,643,0.9862595796585083
nllb200_1B,facebook/nllb-200-1.3B,17,2LocalWordSwap,644,0.9294387698173523
nllb200_1B,facebook/nllb-200-1.3B,17,2LocalWordSwap,645,0.9212810397148132
nllb200_1B,facebook/nllb-200-1.3B,17,2LocalWordSwap,646,0.9266038537025452
nllb200_1B,facebook/nllb-200-1.3B,17,2LocalWordSwap,647,0.9548856616020203
nllb200_1B,facebook/nllb-200-1.3B,17,2LocalWordSwap,648,0.953346848487854
nllb200_1B,facebook/nllb-200-1.3B,17,2LocalWordSwap,649,0.9313220381736755
nllb200_1B,facebook/nllb-200-1.3B,17,2LocalWordSwap,650,0.954979658126831
nllb200_1B,facebook/nllb-200-1.3B,17,2LocalWordSwap,651,0.898248553276062
nllb200_1B,facebook/nllb-200-1.3B,17,2LocalWordSwap,652,0.9396053552627563
nllb200_1B,facebook/nllb-200-1.3B,17,2LocalWordSwap,653,0.9193117618560791
nllb200_1B,facebook/nllb-200-1.3B,17,2LocalWordSwap,654,0.933779239654541
nllb200_1B,facebook/nllb-200-1.3B,17,2LocalWordSwap,655,0.9340879917144775
nllb200_1B,facebook/nllb-200-1.3B,17,2LocalWordSwap,656,0.9282394647598267
nllb200_1B,facebook/nllb-200-1.3B,17,2LocalWordSwap,657,0.9292299747467041
nllb200_1B,facebook/nllb-200-1.3B,17,2LocalWordSwap,658,0.9236294031143188
nllb200_1B,facebook/nllb-200-1.3B,17,2LocalWordSwap,659,0.9203696250915527
nllb200_1B,facebook/nllb-200-1.3B,17,2LocalWordSwap,660,0.9913307428359985
nllb200_1B,facebook/nllb-200-1.3B,17,2LocalWordSwap,661,0.921688437461853
nllb200_1B,facebook/nllb-200-1.3B,17,2LocalWordSwap,662,0.9153647422790527
nllb200_1B,facebook/nllb-200-1.3B,17,2LocalWordSwap,663,0.9142918586730957
nllb200_1B,facebook/nllb-200-1.3B,17,2LocalWordSwap,664,0.9383721351623535
nllb200_1B,facebook/nllb-200-1.3B,17,2LocalWordSwap,665,0.908092737197876
nllb200_1B,facebook/nllb-200-1.3B,17,2LocalWordSwap,666,0.960627555847168
nllb200_1B,facebook/nllb-200-1.3B,17,2LocalWordSwap,667,0.9474860429763794
nllb200_1B,facebook/nllb-200-1.3B,17,2LocalWordSwap,668,0.9412612915039062
nllb200_1B,facebook/nllb-200-1.3B,17,2LocalWordSwap,669,0.9368833303451538
nllb200_1B,facebook/nllb-200-1.3B,17,2LocalWordSwap,670,0.9463150501251221
nllb200_1B,facebook/nllb-200-1.3B,17,2LocalWordSwap,671,0.9256348609924316
nllb200_1B,facebook/nllb-200-1.3B,17,2LocalWordSwap,672,0.9328377842903137
nllb200_1B,facebook/nllb-200-1.3B,17,2LocalWordSwap,673,0.9517800807952881
nllb200_1B,facebook/nllb-200-1.3B,17,2LocalWordSwap,674,0.9434195756912231
nllb200_1B,facebook/nllb-200-1.3B,17,2LocalWordSwap,675,0.9285616874694824
nllb200_1B,facebook/nllb-200-1.3B,17,2LocalWordSwap,676,0.9275538325309753
nllb200_1B,facebook/nllb-200-1.3B,17,2LocalWordSwap,677,0.9388720393180847
nllb200_1B,facebook/nllb-200-1.3B,17,2LocalWordSwap,678,0.9882323741912842
nllb200_1B,facebook/nllb-200-1.3B,17,2LocalWordSwap,679,0.9302592277526855
nllb200_1B,facebook/nllb-200-1.3B,17,2LocalWordSwap,680,0.9307239055633545
nllb200_1B,facebook/nllb-200-1.3B,17,2LocalWordSwap,681,0.9442472457885742
nllb200_1B,facebook/nllb-200-1.3B,17,2LocalWordSwap,682,0.9138098955154419
nllb200_1B,facebook/nllb-200-1.3B,17,2LocalWordSwap,683,0.9077810049057007
nllb200_1B,facebook/nllb-200-1.3B,17,2LocalWordSwap,684,0.9499861001968384
nllb200_1B,facebook/nllb-200-1.3B,17,2LocalWordSwap,685,0.8589719533920288
nllb200_1B,facebook/nllb-200-1.3B,17,2LocalWordSwap,686,0.9362083673477173
nllb200_1B,facebook/nllb-200-1.3B,17,2LocalWordSwap,687,0.921653687953949
nllb200_1B,facebook/nllb-200-1.3B,17,2LocalWordSwap,688,0.9318680763244629
nllb200_1B,facebook/nllb-200-1.3B,17,2LocalWordSwap,689,0.9524310827255249
nllb200_1B,facebook/nllb-200-1.3B,17,2LocalWordSwap,690,0.9335814714431763
nllb200_1B,facebook/nllb-200-1.3B,17,2LocalWordSwap,691,0.9443072080612183
nllb200_1B,facebook/nllb-200-1.3B,17,2LocalWordSwap,692,0.9532322883605957
nllb200_1B,facebook/nllb-200-1.3B,17,2LocalWordSwap,693,0.8696609735488892
nllb200_1B,facebook/nllb-200-1.3B,17,2LocalWordSwap,694,0.9330097436904907
nllb200_1B,facebook/nllb-200-1.3B,17,2LocalWordSwap,695,0.9531853795051575
nllb200_1B,facebook/nllb-200-1.3B,17,2LocalWordSwap,696,0.9593878984451294
nllb200_1B,facebook/nllb-200-1.3B,17,2LocalWordSwap,697,0.9314298629760742
nllb200_1B,facebook/nllb-200-1.3B,17,2LocalWordSwap,698,0.9957963228225708
nllb200_1B,facebook/nllb-200-1.3B,17,2LocalWordSwap,699,0.946286678314209
nllb200_1B,facebook/nllb-200-1.3B,17,2LocalWordSwap,700,0.9080756902694702
nllb200_1B,facebook/nllb-200-1.3B,17,2LocalWordSwap,701,0.9293459057807922
nllb200_1B,facebook/nllb-200-1.3B,17,2LocalWordSwap,702,0.9424711465835571
nllb200_1B,facebook/nllb-200-1.3B,17,2LocalWordSwap,703,0.9471794366836548
nllb200_1B,facebook/nllb-200-1.3B,17,2LocalWordSwap,704,0.9423426985740662
nllb200_1B,facebook/nllb-200-1.3B,17,2LocalWordSwap,705,0.9304122924804688
nllb200_1B,facebook/nllb-200-1.3B,17,2LocalWordSwap,706,0.9419378042221069
nllb200_1B,facebook/nllb-200-1.3B,17,2LocalWordSwap,707,0.8922977447509766
nllb200_1B,facebook/nllb-200-1.3B,17,2LocalWordSwap,708,0.9396871328353882
nllb200_1B,facebook/nllb-200-1.3B,17,2LocalWordSwap,709,0.9181957244873047
nllb200_1B,facebook/nllb-200-1.3B,17,2LocalWordSwap,710,0.926068902015686
nllb200_1B,facebook/nllb-200-1.3B,17,2LocalWordSwap,711,0.9187101125717163
nllb200_1B,facebook/nllb-200-1.3B,17,2LocalWordSwap,712,0.9692842960357666
nllb200_1B,facebook/nllb-200-1.3B,17,2LocalWordSwap,713,0.9360119104385376
nllb200_1B,facebook/nllb-200-1.3B,17,2LocalWordSwap,714,0.9228502511978149
nllb200_1B,facebook/nllb-200-1.3B,17,2LocalWordSwap,715,0.9936562180519104
nllb200_1B,facebook/nllb-200-1.3B,17,2LocalWordSwap,716,0.9192994832992554
nllb200_1B,facebook/nllb-200-1.3B,17,2LocalWordSwap,717,0.9387284517288208
nllb200_1B,facebook/nllb-200-1.3B,17,2LocalWordSwap,718,0.947990894317627
nllb200_1B,facebook/nllb-200-1.3B,17,2LocalWordSwap,719,0.8962923288345337
nllb200_1B,facebook/nllb-200-1.3B,17,2LocalWordSwap,720,0.9329447746276855
nllb200_1B,facebook/nllb-200-1.3B,17,2LocalWordSwap,721,0.9430899620056152
nllb200_1B,facebook/nllb-200-1.3B,17,2LocalWordSwap,722,0.9379624128341675
nllb200_1B,facebook/nllb-200-1.3B,17,2LocalWordSwap,723,0.9337434768676758
nllb200_1B,facebook/nllb-200-1.3B,17,2LocalWordSwap,724,0.9084372520446777
nllb200_1B,facebook/nllb-200-1.3B,17,2LocalWordSwap,725,0.9513523578643799
nllb200_1B,facebook/nllb-200-1.3B,17,2LocalWordSwap,726,0.5474943518638611
nllb200_1B,facebook/nllb-200-1.3B,17,2LocalWordSwap,727,0.9334819316864014
nllb200_1B,facebook/nllb-200-1.3B,17,2LocalWordSwap,728,0.9504512548446655
nllb200_1B,facebook/nllb-200-1.3B,17,2LocalWordSwap,729,0.935051679611206
nllb200_1B,facebook/nllb-200-1.3B,17,2LocalWordSwap,730,0.9428906440734863
nllb200_1B,facebook/nllb-200-1.3B,17,2LocalWordSwap,731,0.8780847191810608
nllb200_1B,facebook/nllb-200-1.3B,17,2LocalWordSwap,732,0.9272609949111938
nllb200_1B,facebook/nllb-200-1.3B,17,2LocalWordSwap,733,0.9337059259414673
nllb200_1B,facebook/nllb-200-1.3B,17,2LocalWordSwap,734,0.9363659024238586
nllb200_1B,facebook/nllb-200-1.3B,17,2LocalWordSwap,735,0.9358319044113159
nllb200_1B,facebook/nllb-200-1.3B,17,2LocalWordSwap,736,0.9488806128501892
nllb200_1B,facebook/nllb-200-1.3B,17,2LocalWordSwap,737,0.9371994733810425
nllb200_1B,facebook/nllb-200-1.3B,17,2LocalWordSwap,738,0.9424070119857788
nllb200_1B,facebook/nllb-200-1.3B,17,2LocalWordSwap,739,0.6987839937210083
nllb200_1B,facebook/nllb-200-1.3B,17,2LocalWordSwap,740,0.9421525001525879
nllb200_1B,facebook/nllb-200-1.3B,17,2LocalWordSwap,741,0.9221619963645935
nllb200_1B,facebook/nllb-200-1.3B,17,2LocalWordSwap,742,0.927640438079834
nllb200_1B,facebook/nllb-200-1.3B,17,2LocalWordSwap,743,0.9546335935592651
nllb200_1B,facebook/nllb-200-1.3B,17,2LocalWordSwap,744,0.9462114572525024
nllb200_1B,facebook/nllb-200-1.3B,17,2LocalWordSwap,745,0.9337248802185059
nllb200_1B,facebook/nllb-200-1.3B,17,2LocalWordSwap,746,0.9869027137756348
nllb200_1B,facebook/nllb-200-1.3B,17,2LocalWordSwap,747,0.9817164540290833
nllb200_1B,facebook/nllb-200-1.3B,17,2LocalWordSwap,748,0.7840325832366943
nllb200_1B,facebook/nllb-200-1.3B,17,2LocalWordSwap,749,0.9407749176025391
nllb200_1B,facebook/nllb-200-1.3B,17,2LocalWordSwap,750,0.9293137788772583
nllb200_1B,facebook/nllb-200-1.3B,17,2LocalWordSwap,751,0.6731063723564148
nllb200_1B,facebook/nllb-200-1.3B,17,2LocalWordSwap,752,0.9317587018013
nllb200_1B,facebook/nllb-200-1.3B,17,2LocalWordSwap,753,0.7211136817932129
nllb200_1B,facebook/nllb-200-1.3B,17,2LocalWordSwap,754,0.7708815336227417
nllb200_1B,facebook/nllb-200-1.3B,17,2LocalWordSwap,755,0.9516023397445679
nllb200_1B,facebook/nllb-200-1.3B,17,2LocalWordSwap,756,0.9323247075080872
nllb200_1B,facebook/nllb-200-1.3B,17,2LocalWordSwap,757,0.9356755018234253
nllb200_1B,facebook/nllb-200-1.3B,17,2LocalWordSwap,758,0.6996558904647827
nllb200_1B,facebook/nllb-200-1.3B,17,2LocalWordSwap,759,0.9350009560585022
nllb200_1B,facebook/nllb-200-1.3B,17,2LocalWordSwap,760,0.9260257482528687
nllb200_1B,facebook/nllb-200-1.3B,17,2LocalWordSwap,761,0.8983636498451233
nllb200_1B,facebook/nllb-200-1.3B,17,2LocalWordSwap,762,0.9190701246261597
nllb200_1B,facebook/nllb-200-1.3B,17,2LocalWordSwap,763,0.927625834941864
nllb200_1B,facebook/nllb-200-1.3B,17,2LocalWordSwap,764,0.9165779948234558
nllb200_1B,facebook/nllb-200-1.3B,17,2LocalWordSwap,765,0.9430885314941406
nllb200_1B,facebook/nllb-200-1.3B,17,2LocalWordSwap,766,0.9469843506813049
nllb200_1B,facebook/nllb-200-1.3B,17,2LocalWordSwap,767,0.9544411897659302
nllb200_1B,facebook/nllb-200-1.3B,17,2LocalWordSwap,768,0.9450441598892212
nllb200_1B,facebook/nllb-200-1.3B,17,2LocalWordSwap,769,0.7481340169906616
nllb200_1B,facebook/nllb-200-1.3B,17,2LocalWordSwap,770,0.5922650098800659
nllb200_1B,facebook/nllb-200-1.3B,17,2LocalWordSwap,771,0.9417448043823242
nllb200_1B,facebook/nllb-200-1.3B,17,2LocalWordSwap,772,0.9250848293304443
nllb200_1B,facebook/nllb-200-1.3B,17,2LocalWordSwap,773,0.910463809967041
nllb200_1B,facebook/nllb-200-1.3B,17,2LocalWordSwap,774,0.9419692158699036
nllb200_1B,facebook/nllb-200-1.3B,17,2LocalWordSwap,775,0.9157181978225708
nllb200_1B,facebook/nllb-200-1.3B,17,2LocalWordSwap,776,0.9303027987480164
nllb200_1B,facebook/nllb-200-1.3B,17,2LocalWordSwap,777,0.9213913679122925
nllb200_1B,facebook/nllb-200-1.3B,17,2LocalWordSwap,778,0.8928196430206299
nllb200_1B,facebook/nllb-200-1.3B,17,2LocalWordSwap,779,0.7926355600357056
nllb200_1B,facebook/nllb-200-1.3B,17,2LocalWordSwap,780,0.9662983417510986
nllb200_1B,facebook/nllb-200-1.3B,17,2LocalWordSwap,781,0.9553776979446411
nllb200_1B,facebook/nllb-200-1.3B,17,2LocalWordSwap,782,0.9367181062698364
nllb200_1B,facebook/nllb-200-1.3B,17,2LocalWordSwap,783,0.9405837059020996
nllb200_1B,facebook/nllb-200-1.3B,17,2LocalWordSwap,784,0.9199872016906738
nllb200_1B,facebook/nllb-200-1.3B,17,2LocalWordSwap,785,0.6674714088439941
nllb200_1B,facebook/nllb-200-1.3B,17,2LocalWordSwap,786,0.953980565071106
nllb200_1B,facebook/nllb-200-1.3B,17,2LocalWordSwap,787,0.9360697269439697
nllb200_1B,facebook/nllb-200-1.3B,17,2LocalWordSwap,788,0.9555902481079102
nllb200_1B,facebook/nllb-200-1.3B,17,2LocalWordSwap,789,0.6120762825012207
nllb200_1B,facebook/nllb-200-1.3B,17,2LocalWordSwap,790,0.9274184107780457
nllb200_1B,facebook/nllb-200-1.3B,17,2LocalWordSwap,791,0.69097900390625
nllb200_1B,facebook/nllb-200-1.3B,17,2LocalWordSwap,792,0.926560640335083
nllb200_1B,facebook/nllb-200-1.3B,17,2LocalWordSwap,793,0.6020936369895935
nllb200_1B,facebook/nllb-200-1.3B,17,2LocalWordSwap,794,0.9422494173049927
nllb200_1B,facebook/nllb-200-1.3B,17,2LocalWordSwap,795,0.9524710178375244
nllb200_1B,facebook/nllb-200-1.3B,17,2LocalWordSwap,796,0.6443833112716675
nllb200_1B,facebook/nllb-200-1.3B,17,2LocalWordSwap,797,0.9462544322013855
nllb200_1B,facebook/nllb-200-1.3B,17,2LocalWordSwap,798,0.9336515069007874
nllb200_1B,facebook/nllb-200-1.3B,17,2LocalWordSwap,799,0.9453102946281433
nllb200_1B,facebook/nllb-200-1.3B,17,2LocalWordSwap,800,0.944832444190979
nllb200_1B,facebook/nllb-200-1.3B,17,2LocalWordSwap,801,0.9097071886062622
nllb200_1B,facebook/nllb-200-1.3B,17,2LocalWordSwap,802,0.925684928894043
nllb200_1B,facebook/nllb-200-1.3B,17,2LocalWordSwap,803,0.9486907720565796
nllb200_1B,facebook/nllb-200-1.3B,17,2LocalWordSwap,804,0.6794824600219727
nllb200_1B,facebook/nllb-200-1.3B,17,2LocalWordSwap,805,0.6344034075737
nllb200_1B,facebook/nllb-200-1.3B,17,2LocalWordSwap,806,0.5589134097099304
nllb200_1B,facebook/nllb-200-1.3B,17,2LocalWordSwap,807,0.9440751671791077
nllb200_1B,facebook/nllb-200-1.3B,17,2LocalWordSwap,808,0.7281200885772705
nllb200_1B,facebook/nllb-200-1.3B,17,2LocalWordSwap,809,0.93990159034729
nllb200_1B,facebook/nllb-200-1.3B,17,2LocalWordSwap,810,0.9307012557983398
nllb200_1B,facebook/nllb-200-1.3B,17,2LocalWordSwap,811,0.9279652833938599
nllb200_1B,facebook/nllb-200-1.3B,17,2LocalWordSwap,812,0.6314873695373535
nllb200_1B,facebook/nllb-200-1.3B,17,2LocalWordSwap,813,0.7427507638931274
nllb200_1B,facebook/nllb-200-1.3B,17,2LocalWordSwap,814,0.9462155699729919
nllb200_1B,facebook/nllb-200-1.3B,17,2LocalWordSwap,815,0.9442542791366577
nllb200_1B,facebook/nllb-200-1.3B,17,2LocalWordSwap,816,0.6599304676055908
nllb200_1B,facebook/nllb-200-1.3B,17,2LocalWordSwap,817,0.9442110061645508
nllb200_1B,facebook/nllb-200-1.3B,17,2LocalWordSwap,818,0.8824813365936279
nllb200_1B,facebook/nllb-200-1.3B,17,2LocalWordSwap,819,0.9309358596801758
nllb200_1B,facebook/nllb-200-1.3B,17,2LocalWordSwap,820,0.7965596914291382
nllb200_1B,facebook/nllb-200-1.3B,17,2LocalWordSwap,821,0.9476544857025146
nllb200_1B,facebook/nllb-200-1.3B,17,2LocalWordSwap,822,0.9411688446998596
nllb200_1B,facebook/nllb-200-1.3B,17,2LocalWordSwap,823,0.9459534883499146
nllb200_1B,facebook/nllb-200-1.3B,17,2LocalWordSwap,824,0.9538834691047668
nllb200_1B,facebook/nllb-200-1.3B,17,2LocalWordSwap,825,0.9093916416168213
nllb200_1B,facebook/nllb-200-1.3B,17,2LocalWordSwap,826,0.9440606832504272
nllb200_1B,facebook/nllb-200-1.3B,17,2LocalWordSwap,827,0.9454833269119263
nllb200_1B,facebook/nllb-200-1.3B,17,2LocalWordSwap,828,0.766425609588623
nllb200_1B,facebook/nllb-200-1.3B,17,2LocalWordSwap,829,0.9260607957839966
nllb200_1B,facebook/nllb-200-1.3B,17,2LocalWordSwap,830,0.9389698505401611
nllb200_1B,facebook/nllb-200-1.3B,17,2LocalWordSwap,831,0.8997631072998047
nllb200_1B,facebook/nllb-200-1.3B,17,2LocalWordSwap,832,0.9502326846122742
nllb200_1B,facebook/nllb-200-1.3B,17,2LocalWordSwap,833,0.9722222089767456
nllb200_1B,facebook/nllb-200-1.3B,17,2LocalWordSwap,834,0.9518916606903076
nllb200_1B,facebook/nllb-200-1.3B,17,2LocalWordSwap,835,0.9465547800064087
nllb200_1B,facebook/nllb-200-1.3B,17,2LocalWordSwap,836,0.9533754587173462
nllb200_1B,facebook/nllb-200-1.3B,17,2LocalWordSwap,837,0.9400855302810669
nllb200_1B,facebook/nllb-200-1.3B,17,2LocalWordSwap,838,0.9376571178436279
nllb200_1B,facebook/nllb-200-1.3B,17,2LocalWordSwap,839,0.9228824377059937
nllb200_1B,facebook/nllb-200-1.3B,17,2LocalWordSwap,840,0.9307820796966553
nllb200_1B,facebook/nllb-200-1.3B,17,2LocalWordSwap,841,0.9400668144226074
nllb200_1B,facebook/nllb-200-1.3B,17,2LocalWordSwap,842,0.9456842541694641
nllb200_1B,facebook/nllb-200-1.3B,17,2LocalWordSwap,843,0.9412442445755005
nllb200_1B,facebook/nllb-200-1.3B,17,2LocalWordSwap,844,0.9332860708236694
nllb200_1B,facebook/nllb-200-1.3B,17,2LocalWordSwap,845,0.9332066774368286
nllb200_1B,facebook/nllb-200-1.3B,17,2LocalWordSwap,846,0.9285485148429871
nllb200_1B,facebook/nllb-200-1.3B,17,2LocalWordSwap,847,0.9160736799240112
nllb200_1B,facebook/nllb-200-1.3B,17,2LocalWordSwap,848,0.9465082883834839
nllb200_1B,facebook/nllb-200-1.3B,17,2LocalWordSwap,849,0.9392694234848022
nllb200_1B,facebook/nllb-200-1.3B,17,2LocalWordSwap,850,0.9387937188148499
nllb200_1B,facebook/nllb-200-1.3B,17,2LocalWordSwap,851,0.9364478588104248
nllb200_1B,facebook/nllb-200-1.3B,17,2LocalWordSwap,852,0.9502390623092651
nllb200_1B,facebook/nllb-200-1.3B,17,2LocalWordSwap,853,0.9342520236968994
nllb200_1B,facebook/nllb-200-1.3B,17,2LocalWordSwap,854,0.9253937602043152
nllb200_1B,facebook/nllb-200-1.3B,17,2LocalWordSwap,855,0.9403671026229858
nllb200_1B,facebook/nllb-200-1.3B,17,2LocalWordSwap,856,0.9279694557189941
nllb200_1B,facebook/nllb-200-1.3B,17,2LocalWordSwap,857,0.9254282712936401
nllb200_1B,facebook/nllb-200-1.3B,17,2LocalWordSwap,858,0.9530250430107117
nllb200_1B,facebook/nllb-200-1.3B,17,2LocalWordSwap,859,0.938249409198761
nllb200_1B,facebook/nllb-200-1.3B,17,2LocalWordSwap,860,0.9310059547424316
nllb200_1B,facebook/nllb-200-1.3B,17,2LocalWordSwap,861,0.9462487697601318
nllb200_1B,facebook/nllb-200-1.3B,17,2LocalWordSwap,862,0.9491947889328003
nllb200_1B,facebook/nllb-200-1.3B,17,2LocalWordSwap,863,0.915886640548706
nllb200_1B,facebook/nllb-200-1.3B,17,2LocalWordSwap,864,0.9293094873428345
nllb200_1B,facebook/nllb-200-1.3B,17,2LocalWordSwap,865,0.9885203838348389
nllb200_1B,facebook/nllb-200-1.3B,17,2LocalWordSwap,866,0.9528393149375916
nllb200_1B,facebook/nllb-200-1.3B,17,2LocalWordSwap,867,0.9232015609741211
nllb200_1B,facebook/nllb-200-1.3B,17,2LocalWordSwap,868,0.9146930575370789
nllb200_1B,facebook/nllb-200-1.3B,17,2LocalWordSwap,869,0.9279786348342896
nllb200_1B,facebook/nllb-200-1.3B,17,2LocalWordSwap,870,0.9471977353096008
nllb200_1B,facebook/nllb-200-1.3B,17,2LocalWordSwap,871,0.9315199851989746
nllb200_1B,facebook/nllb-200-1.3B,17,2LocalWordSwap,872,0.932847797870636
nllb200_1B,facebook/nllb-200-1.3B,17,2LocalWordSwap,873,0.9505586624145508
nllb200_1B,facebook/nllb-200-1.3B,17,2LocalWordSwap,874,0.9465298056602478
nllb200_1B,facebook/nllb-200-1.3B,17,2LocalWordSwap,875,0.9440083503723145
nllb200_1B,facebook/nllb-200-1.3B,17,2LocalWordSwap,876,0.9356828927993774
nllb200_1B,facebook/nllb-200-1.3B,17,2LocalWordSwap,877,0.9379784464836121
nllb200_1B,facebook/nllb-200-1.3B,17,2LocalWordSwap,878,0.9338260293006897
nllb200_1B,facebook/nllb-200-1.3B,17,2LocalWordSwap,879,0.9231888055801392
nllb200_1B,facebook/nllb-200-1.3B,17,2LocalWordSwap,880,0.9321057796478271
nllb200_1B,facebook/nllb-200-1.3B,17,2LocalWordSwap,881,0.940945029258728
nllb200_1B,facebook/nllb-200-1.3B,17,2LocalWordSwap,882,0.9343814849853516
nllb200_1B,facebook/nllb-200-1.3B,17,2LocalWordSwap,883,0.9382117986679077
nllb200_1B,facebook/nllb-200-1.3B,17,2LocalWordSwap,884,0.9481197595596313
nllb200_1B,facebook/nllb-200-1.3B,17,2LocalWordSwap,885,0.9270966053009033
nllb200_1B,facebook/nllb-200-1.3B,17,2LocalWordSwap,886,0.9782062768936157
nllb200_1B,facebook/nllb-200-1.3B,17,2LocalWordSwap,887,0.8976322412490845
nllb200_1B,facebook/nllb-200-1.3B,17,2LocalWordSwap,888,0.8857739567756653
nllb200_1B,facebook/nllb-200-1.3B,17,2LocalWordSwap,889,0.682125449180603
nllb200_1B,facebook/nllb-200-1.3B,17,2LocalWordSwap,890,0.9369169473648071
nllb200_1B,facebook/nllb-200-1.3B,17,2LocalWordSwap,891,0.9345174431800842
nllb200_1B,facebook/nllb-200-1.3B,17,2LocalWordSwap,892,0.90589839220047
nllb200_1B,facebook/nllb-200-1.3B,17,2LocalWordSwap,893,0.933315634727478
nllb200_1B,facebook/nllb-200-1.3B,17,2LocalWordSwap,894,0.679356038570404
nllb200_1B,facebook/nllb-200-1.3B,17,2LocalWordSwap,895,0.9332787990570068
nllb200_1B,facebook/nllb-200-1.3B,17,2LocalWordSwap,896,0.9401388168334961
nllb200_1B,facebook/nllb-200-1.3B,17,2LocalWordSwap,897,0.9593385457992554
nllb200_1B,facebook/nllb-200-1.3B,17,2LocalWordSwap,898,0.9344049692153931
nllb200_1B,facebook/nllb-200-1.3B,17,2LocalWordSwap,899,0.9195452928543091
nllb200_1B,facebook/nllb-200-1.3B,17,2LocalWordSwap,900,0.7476039528846741
nllb200_1B,facebook/nllb-200-1.3B,17,2LocalWordSwap,901,0.9552751779556274
nllb200_1B,facebook/nllb-200-1.3B,17,2LocalWordSwap,902,0.6684566736221313
nllb200_1B,facebook/nllb-200-1.3B,17,2LocalWordSwap,903,0.9321624040603638
nllb200_1B,facebook/nllb-200-1.3B,17,2LocalWordSwap,904,0.939581036567688
nllb200_1B,facebook/nllb-200-1.3B,17,2LocalWordSwap,905,0.7503241300582886
nllb200_1B,facebook/nllb-200-1.3B,17,2LocalWordSwap,906,0.9642945528030396
nllb200_1B,facebook/nllb-200-1.3B,17,2LocalWordSwap,907,0.9149356484413147
nllb200_1B,facebook/nllb-200-1.3B,17,2LocalWordSwap,908,0.9593396782875061
nllb200_1B,facebook/nllb-200-1.3B,17,2LocalWordSwap,909,0.7563984394073486
nllb200_1B,facebook/nllb-200-1.3B,17,2LocalWordSwap,910,0.9681116938591003
nllb200_1B,facebook/nllb-200-1.3B,17,2LocalWordSwap,911,0.7675557732582092
nllb200_1B,facebook/nllb-200-1.3B,17,2LocalWordSwap,912,0.7560422420501709
nllb200_1B,facebook/nllb-200-1.3B,17,2LocalWordSwap,913,0.9439314603805542
nllb200_1B,facebook/nllb-200-1.3B,17,2LocalWordSwap,914,0.9386206865310669
nllb200_1B,facebook/nllb-200-1.3B,17,2LocalWordSwap,915,0.7211687564849854
nllb200_1B,facebook/nllb-200-1.3B,17,2LocalWordSwap,916,0.9454119205474854
nllb200_1B,facebook/nllb-200-1.3B,17,2LocalWordSwap,917,0.9505950808525085
nllb200_1B,facebook/nllb-200-1.3B,17,2LocalWordSwap,918,0.934484601020813
nllb200_1B,facebook/nllb-200-1.3B,17,2LocalWordSwap,919,0.653754472732544
nllb200_1B,facebook/nllb-200-1.3B,17,2LocalWordSwap,920,0.9071873426437378
nllb200_1B,facebook/nllb-200-1.3B,17,2LocalWordSwap,921,0.6834914684295654
nllb200_1B,facebook/nllb-200-1.3B,17,2LocalWordSwap,922,0.9505306482315063
nllb200_1B,facebook/nllb-200-1.3B,17,2LocalWordSwap,923,0.9428257942199707
nllb200_1B,facebook/nllb-200-1.3B,17,2LocalWordSwap,924,0.9303091764450073
nllb200_1B,facebook/nllb-200-1.3B,17,2LocalWordSwap,925,0.9416073560714722
nllb200_1B,facebook/nllb-200-1.3B,17,2LocalWordSwap,926,0.934644877910614
nllb200_1B,facebook/nllb-200-1.3B,17,2LocalWordSwap,927,0.9224886298179626
nllb200_1B,facebook/nllb-200-1.3B,17,2LocalWordSwap,928,0.9298979640007019
nllb200_1B,facebook/nllb-200-1.3B,17,2LocalWordSwap,929,0.8968223333358765
nllb200_1B,facebook/nllb-200-1.3B,17,2LocalWordSwap,930,0.9437260627746582
nllb200_1B,facebook/nllb-200-1.3B,17,2LocalWordSwap,931,0.9557645320892334
nllb200_1B,facebook/nllb-200-1.3B,17,2LocalWordSwap,932,0.9366202354431152
nllb200_1B,facebook/nllb-200-1.3B,17,2LocalWordSwap,933,0.9466603994369507
nllb200_1B,facebook/nllb-200-1.3B,17,2LocalWordSwap,934,0.9177721738815308
nllb200_1B,facebook/nllb-200-1.3B,17,2LocalWordSwap,935,0.9335172176361084
nllb200_1B,facebook/nllb-200-1.3B,17,2LocalWordSwap,936,0.9325757026672363
nllb200_1B,facebook/nllb-200-1.3B,17,2LocalWordSwap,937,0.9469342827796936
nllb200_1B,facebook/nllb-200-1.3B,17,2LocalWordSwap,938,0.926466703414917
nllb200_1B,facebook/nllb-200-1.3B,17,2LocalWordSwap,939,0.6868442296981812
nllb200_1B,facebook/nllb-200-1.3B,17,2LocalWordSwap,940,0.9296872615814209
nllb200_1B,facebook/nllb-200-1.3B,17,2LocalWordSwap,941,0.9443098902702332
nllb200_1B,facebook/nllb-200-1.3B,17,2LocalWordSwap,942,0.9440512657165527
nllb200_1B,facebook/nllb-200-1.3B,17,2LocalWordSwap,943,0.9376198053359985
nllb200_1B,facebook/nllb-200-1.3B,17,2LocalWordSwap,944,0.9276041388511658
nllb200_1B,facebook/nllb-200-1.3B,17,2LocalWordSwap,945,0.947444498538971
nllb200_1B,facebook/nllb-200-1.3B,17,2LocalWordSwap,946,0.9416893720626831
nllb200_1B,facebook/nllb-200-1.3B,17,2LocalWordSwap,947,0.9448637962341309
nllb200_1B,facebook/nllb-200-1.3B,17,2LocalWordSwap,948,0.9484843015670776
nllb200_1B,facebook/nllb-200-1.3B,17,2LocalWordSwap,949,0.9570534229278564
nllb200_1B,facebook/nllb-200-1.3B,17,2LocalWordSwap,950,0.942314624786377
nllb200_1B,facebook/nllb-200-1.3B,17,2LocalWordSwap,951,0.9498100280761719
nllb200_1B,facebook/nllb-200-1.3B,17,2LocalWordSwap,952,0.9276060461997986
nllb200_1B,facebook/nllb-200-1.3B,17,2LocalWordSwap,953,0.9452460408210754
nllb200_1B,facebook/nllb-200-1.3B,17,2LocalWordSwap,954,0.9220689535140991
nllb200_1B,facebook/nllb-200-1.3B,17,2LocalWordSwap,955,0.9313948154449463
nllb200_1B,facebook/nllb-200-1.3B,17,2LocalWordSwap,956,0.9512875080108643
nllb200_1B,facebook/nllb-200-1.3B,17,2LocalWordSwap,957,0.9547916650772095
nllb200_1B,facebook/nllb-200-1.3B,17,2LocalWordSwap,958,0.9221324324607849
nllb200_1B,facebook/nllb-200-1.3B,17,2LocalWordSwap,959,0.9179418683052063
nllb200_1B,facebook/nllb-200-1.3B,17,2LocalWordSwap,960,0.9544210433959961
nllb200_1B,facebook/nllb-200-1.3B,17,2LocalWordSwap,961,0.938225507736206
nllb200_1B,facebook/nllb-200-1.3B,17,2LocalWordSwap,962,0.9438880085945129
nllb200_1B,facebook/nllb-200-1.3B,17,2LocalWordSwap,963,0.9317529201507568
nllb200_1B,facebook/nllb-200-1.3B,17,2LocalWordSwap,964,0.9484781622886658
nllb200_1B,facebook/nllb-200-1.3B,17,2LocalWordSwap,965,0.9498392343521118
nllb200_1B,facebook/nllb-200-1.3B,17,2LocalWordSwap,966,0.8981921672821045
nllb200_1B,facebook/nllb-200-1.3B,17,2LocalWordSwap,967,0.8980531692504883
nllb200_1B,facebook/nllb-200-1.3B,17,2LocalWordSwap,968,0.9356050491333008
nllb200_1B,facebook/nllb-200-1.3B,17,2LocalWordSwap,969,0.9439319968223572
nllb200_1B,facebook/nllb-200-1.3B,17,2LocalWordSwap,970,0.6703869104385376
nllb200_1B,facebook/nllb-200-1.3B,17,2LocalWordSwap,971,0.9891899824142456
nllb200_1B,facebook/nllb-200-1.3B,17,2LocalWordSwap,972,0.9808170795440674
nllb200_1B,facebook/nllb-200-1.3B,17,2LocalWordSwap,973,0.7358792424201965
nllb200_1B,facebook/nllb-200-1.3B,17,2LocalWordSwap,974,0.951180100440979
nllb200_1B,facebook/nllb-200-1.3B,17,2LocalWordSwap,975,0.8945167064666748
nllb200_1B,facebook/nllb-200-1.3B,17,2LocalWordSwap,976,0.938358724117279
nllb200_1B,facebook/nllb-200-1.3B,17,2LocalWordSwap,977,0.9382252097129822
nllb200_1B,facebook/nllb-200-1.3B,17,2LocalWordSwap,978,0.9322385191917419
nllb200_1B,facebook/nllb-200-1.3B,17,2LocalWordSwap,979,0.9465171098709106
nllb200_1B,facebook/nllb-200-1.3B,17,2LocalWordSwap,980,0.9453001618385315
nllb200_1B,facebook/nllb-200-1.3B,17,2LocalWordSwap,981,0.9863365292549133
nllb200_1B,facebook/nllb-200-1.3B,17,2LocalWordSwap,982,0.9412744045257568
nllb200_1B,facebook/nllb-200-1.3B,17,2LocalWordSwap,983,0.9514167308807373
nllb200_1B,facebook/nllb-200-1.3B,17,2LocalWordSwap,984,0.909054160118103
nllb200_1B,facebook/nllb-200-1.3B,17,2LocalWordSwap,985,0.9446403384208679
nllb200_1B,facebook/nllb-200-1.3B,17,2LocalWordSwap,986,0.9185124039649963
nllb200_1B,facebook/nllb-200-1.3B,17,2LocalWordSwap,987,0.9424785375595093
nllb200_1B,facebook/nllb-200-1.3B,17,2LocalWordSwap,988,0.9967191219329834
nllb200_1B,facebook/nllb-200-1.3B,17,2LocalWordSwap,989,0.9333418011665344
nllb200_1B,facebook/nllb-200-1.3B,17,2LocalWordSwap,990,0.9385100603103638
nllb200_1B,facebook/nllb-200-1.3B,17,2LocalWordSwap,991,0.909949779510498
nllb200_1B,facebook/nllb-200-1.3B,17,2LocalWordSwap,992,0.9220189452171326
nllb200_1B,facebook/nllb-200-1.3B,17,2LocalWordSwap,993,0.756592333316803
nllb200_1B,facebook/nllb-200-1.3B,17,2LocalWordSwap,994,0.9862504601478577
nllb200_1B,facebook/nllb-200-1.3B,17,2LocalWordSwap,995,0.9303096532821655
nllb200_1B,facebook/nllb-200-1.3B,17,2LocalWordSwap,996,0.7841466665267944
nllb200_1B,facebook/nllb-200-1.3B,17,2LocalWordSwap,997,0.9887534379959106
nllb200_1B,facebook/nllb-200-1.3B,17,2LocalWordSwap,998,0.9472063779830933
nllb200_1B,facebook/nllb-200-1.3B,17,2LocalWordSwap,999,0.9246339797973633
nllb200_1B,facebook/nllb-200-1.3B,17,3LocalWordSwaps,0,0.9170070290565491
nllb200_1B,facebook/nllb-200-1.3B,17,3LocalWordSwaps,1,0.7657953500747681
nllb200_1B,facebook/nllb-200-1.3B,17,3LocalWordSwaps,2,0.922684907913208
nllb200_1B,facebook/nllb-200-1.3B,17,3LocalWordSwaps,3,0.9418419599533081
nllb200_1B,facebook/nllb-200-1.3B,17,3LocalWordSwaps,4,0.9419277906417847
nllb200_1B,facebook/nllb-200-1.3B,17,3LocalWordSwaps,5,0.987446665763855
nllb200_1B,facebook/nllb-200-1.3B,17,3LocalWordSwaps,6,0.9275728464126587
nllb200_1B,facebook/nllb-200-1.3B,17,3LocalWordSwaps,7,0.9391551613807678
nllb200_1B,facebook/nllb-200-1.3B,17,3LocalWordSwaps,8,0.9161583185195923
nllb200_1B,facebook/nllb-200-1.3B,17,3LocalWordSwaps,9,0.9147775769233704
nllb200_1B,facebook/nllb-200-1.3B,17,3LocalWordSwaps,10,0.9290534257888794
nllb200_1B,facebook/nllb-200-1.3B,17,3LocalWordSwaps,11,0.9533482789993286
nllb200_1B,facebook/nllb-200-1.3B,17,3LocalWordSwaps,12,0.9276955723762512
nllb200_1B,facebook/nllb-200-1.3B,17,3LocalWordSwaps,13,0.931338906288147
nllb200_1B,facebook/nllb-200-1.3B,17,3LocalWordSwaps,14,0.9199037551879883
nllb200_1B,facebook/nllb-200-1.3B,17,3LocalWordSwaps,15,0.934968113899231
nllb200_1B,facebook/nllb-200-1.3B,17,3LocalWordSwaps,16,0.9456644058227539
nllb200_1B,facebook/nllb-200-1.3B,17,3LocalWordSwaps,17,0.926005482673645
nllb200_1B,facebook/nllb-200-1.3B,17,3LocalWordSwaps,18,0.9176614284515381
nllb200_1B,facebook/nllb-200-1.3B,17,3LocalWordSwaps,19,0.9346960783004761
nllb200_1B,facebook/nllb-200-1.3B,17,3LocalWordSwaps,20,0.9526969194412231
nllb200_1B,facebook/nllb-200-1.3B,17,3LocalWordSwaps,21,0.9379993677139282
nllb200_1B,facebook/nllb-200-1.3B,17,3LocalWordSwaps,22,0.950258731842041
nllb200_1B,facebook/nllb-200-1.3B,17,3LocalWordSwaps,23,0.9421268701553345
nllb200_1B,facebook/nllb-200-1.3B,17,3LocalWordSwaps,24,0.9577825665473938
nllb200_1B,facebook/nllb-200-1.3B,17,3LocalWordSwaps,25,0.9414350390434265
nllb200_1B,facebook/nllb-200-1.3B,17,3LocalWordSwaps,26,0.9407885074615479
nllb200_1B,facebook/nllb-200-1.3B,17,3LocalWordSwaps,27,0.909227728843689
nllb200_1B,facebook/nllb-200-1.3B,17,3LocalWordSwaps,28,0.9397458434104919
nllb200_1B,facebook/nllb-200-1.3B,17,3LocalWordSwaps,29,0.948135256767273
nllb200_1B,facebook/nllb-200-1.3B,17,3LocalWordSwaps,30,0.920752227306366
nllb200_1B,facebook/nllb-200-1.3B,17,3LocalWordSwaps,31,0.9256116151809692
nllb200_1B,facebook/nllb-200-1.3B,17,3LocalWordSwaps,32,0.9181060791015625
nllb200_1B,facebook/nllb-200-1.3B,17,3LocalWordSwaps,33,0.9168597459793091
nllb200_1B,facebook/nllb-200-1.3B,17,3LocalWordSwaps,34,0.9392445087432861
nllb200_1B,facebook/nllb-200-1.3B,17,3LocalWordSwaps,35,0.9397757649421692
nllb200_1B,facebook/nllb-200-1.3B,17,3LocalWordSwaps,36,0.9173346757888794
nllb200_1B,facebook/nllb-200-1.3B,17,3LocalWordSwaps,37,0.9176653623580933
nllb200_1B,facebook/nllb-200-1.3B,17,3LocalWordSwaps,38,0.9412409067153931
nllb200_1B,facebook/nllb-200-1.3B,17,3LocalWordSwaps,39,0.8970304131507874
nllb200_1B,facebook/nllb-200-1.3B,17,3LocalWordSwaps,40,0.9468585252761841
nllb200_1B,facebook/nllb-200-1.3B,17,3LocalWordSwaps,41,0.9431205987930298
nllb200_1B,facebook/nllb-200-1.3B,17,3LocalWordSwaps,42,0.7729586362838745
nllb200_1B,facebook/nllb-200-1.3B,17,3LocalWordSwaps,43,0.9290280342102051
nllb200_1B,facebook/nllb-200-1.3B,17,3LocalWordSwaps,44,0.952315092086792
nllb200_1B,facebook/nllb-200-1.3B,17,3LocalWordSwaps,45,0.9216994047164917
nllb200_1B,facebook/nllb-200-1.3B,17,3LocalWordSwaps,46,0.9286913871765137
nllb200_1B,facebook/nllb-200-1.3B,17,3LocalWordSwaps,47,0.9282649159431458
nllb200_1B,facebook/nllb-200-1.3B,17,3LocalWordSwaps,48,0.9207932949066162
nllb200_1B,facebook/nllb-200-1.3B,17,3LocalWordSwaps,49,0.937169075012207
nllb200_1B,facebook/nllb-200-1.3B,17,3LocalWordSwaps,50,0.9252688884735107
nllb200_1B,facebook/nllb-200-1.3B,17,3LocalWordSwaps,51,0.9584650993347168
nllb200_1B,facebook/nllb-200-1.3B,17,3LocalWordSwaps,52,0.9561653137207031
nllb200_1B,facebook/nllb-200-1.3B,17,3LocalWordSwaps,53,0.9597132205963135
nllb200_1B,facebook/nllb-200-1.3B,17,3LocalWordSwaps,54,0.9456263780593872
nllb200_1B,facebook/nllb-200-1.3B,17,3LocalWordSwaps,55,0.9504563808441162
nllb200_1B,facebook/nllb-200-1.3B,17,3LocalWordSwaps,56,0.9474003314971924
nllb200_1B,facebook/nllb-200-1.3B,17,3LocalWordSwaps,57,0.9481250047683716
nllb200_1B,facebook/nllb-200-1.3B,17,3LocalWordSwaps,58,0.9468547701835632
nllb200_1B,facebook/nllb-200-1.3B,17,3LocalWordSwaps,59,0.9428951740264893
nllb200_1B,facebook/nllb-200-1.3B,17,3LocalWordSwaps,60,0.9429149031639099
nllb200_1B,facebook/nllb-200-1.3B,17,3LocalWordSwaps,61,0.9349998235702515
nllb200_1B,facebook/nllb-200-1.3B,17,3LocalWordSwaps,62,0.9932655096054077
nllb200_1B,facebook/nllb-200-1.3B,17,3LocalWordSwaps,63,0.9096152782440186
nllb200_1B,facebook/nllb-200-1.3B,17,3LocalWordSwaps,64,0.9332057237625122
nllb200_1B,facebook/nllb-200-1.3B,17,3LocalWordSwaps,65,0.9318456649780273
nllb200_1B,facebook/nllb-200-1.3B,17,3LocalWordSwaps,66,0.9258759021759033
nllb200_1B,facebook/nllb-200-1.3B,17,3LocalWordSwaps,67,0.9100014567375183
nllb200_1B,facebook/nllb-200-1.3B,17,3LocalWordSwaps,68,0.9299349784851074
nllb200_1B,facebook/nllb-200-1.3B,17,3LocalWordSwaps,69,0.701007068157196
nllb200_1B,facebook/nllb-200-1.3B,17,3LocalWordSwaps,70,0.9430831670761108
nllb200_1B,facebook/nllb-200-1.3B,17,3LocalWordSwaps,71,0.947287380695343
nllb200_1B,facebook/nllb-200-1.3B,17,3LocalWordSwaps,72,0.9498417377471924
nllb200_1B,facebook/nllb-200-1.3B,17,3LocalWordSwaps,73,0.9828052520751953
nllb200_1B,facebook/nllb-200-1.3B,17,3LocalWordSwaps,74,0.9425926804542542
nllb200_1B,facebook/nllb-200-1.3B,17,3LocalWordSwaps,75,0.9228997230529785
nllb200_1B,facebook/nllb-200-1.3B,17,3LocalWordSwaps,76,0.652228057384491
nllb200_1B,facebook/nllb-200-1.3B,17,3LocalWordSwaps,77,0.9438862800598145
nllb200_1B,facebook/nllb-200-1.3B,17,3LocalWordSwaps,78,0.7950506806373596
nllb200_1B,facebook/nllb-200-1.3B,17,3LocalWordSwaps,79,0.9245084524154663
nllb200_1B,facebook/nllb-200-1.3B,17,3LocalWordSwaps,80,0.9287015199661255
nllb200_1B,facebook/nllb-200-1.3B,17,3LocalWordSwaps,81,0.7553228139877319
nllb200_1B,facebook/nllb-200-1.3B,17,3LocalWordSwaps,82,0.9231783151626587
nllb200_1B,facebook/nllb-200-1.3B,17,3LocalWordSwaps,83,0.6907258033752441
nllb200_1B,facebook/nllb-200-1.3B,17,3LocalWordSwaps,84,0.9310902953147888
nllb200_1B,facebook/nllb-200-1.3B,17,3LocalWordSwaps,85,0.9885592460632324
nllb200_1B,facebook/nllb-200-1.3B,17,3LocalWordSwaps,86,0.9313621520996094
nllb200_1B,facebook/nllb-200-1.3B,17,3LocalWordSwaps,87,0.7167031764984131
nllb200_1B,facebook/nllb-200-1.3B,17,3LocalWordSwaps,88,0.9495676159858704
nllb200_1B,facebook/nllb-200-1.3B,17,3LocalWordSwaps,89,0.9149692058563232
nllb200_1B,facebook/nllb-200-1.3B,17,3LocalWordSwaps,90,0.8823976516723633
nllb200_1B,facebook/nllb-200-1.3B,17,3LocalWordSwaps,91,0.9327049255371094
nllb200_1B,facebook/nllb-200-1.3B,17,3LocalWordSwaps,92,0.7456008195877075
nllb200_1B,facebook/nllb-200-1.3B,17,3LocalWordSwaps,93,0.6993827819824219
nllb200_1B,facebook/nllb-200-1.3B,17,3LocalWordSwaps,94,0.9664781093597412
nllb200_1B,facebook/nllb-200-1.3B,17,3LocalWordSwaps,95,0.9544141292572021
nllb200_1B,facebook/nllb-200-1.3B,17,3LocalWordSwaps,96,0.9069368839263916
nllb200_1B,facebook/nllb-200-1.3B,17,3LocalWordSwaps,97,0.9503078460693359
nllb200_1B,facebook/nllb-200-1.3B,17,3LocalWordSwaps,98,0.9272393584251404
nllb200_1B,facebook/nllb-200-1.3B,17,3LocalWordSwaps,99,0.9475699663162231
nllb200_1B,facebook/nllb-200-1.3B,17,3LocalWordSwaps,100,0.9183241128921509
nllb200_1B,facebook/nllb-200-1.3B,17,3LocalWordSwaps,101,0.9027400016784668
nllb200_1B,facebook/nllb-200-1.3B,17,3LocalWordSwaps,102,0.7164256572723389
nllb200_1B,facebook/nllb-200-1.3B,17,3LocalWordSwaps,103,0.9342890381813049
nllb200_1B,facebook/nllb-200-1.3B,17,3LocalWordSwaps,104,0.942617654800415
nllb200_1B,facebook/nllb-200-1.3B,17,3LocalWordSwaps,105,0.9419015645980835
nllb200_1B,facebook/nllb-200-1.3B,17,3LocalWordSwaps,106,0.948702335357666
nllb200_1B,facebook/nllb-200-1.3B,17,3LocalWordSwaps,107,0.6827025413513184
nllb200_1B,facebook/nllb-200-1.3B,17,3LocalWordSwaps,108,0.953596830368042
nllb200_1B,facebook/nllb-200-1.3B,17,3LocalWordSwaps,109,0.9364026784896851
nllb200_1B,facebook/nllb-200-1.3B,17,3LocalWordSwaps,110,0.9495776891708374
nllb200_1B,facebook/nllb-200-1.3B,17,3LocalWordSwaps,111,0.944615364074707
nllb200_1B,facebook/nllb-200-1.3B,17,3LocalWordSwaps,112,0.9146183133125305
nllb200_1B,facebook/nllb-200-1.3B,17,3LocalWordSwaps,113,0.9219602346420288
nllb200_1B,facebook/nllb-200-1.3B,17,3LocalWordSwaps,114,0.9325578212738037
nllb200_1B,facebook/nllb-200-1.3B,17,3LocalWordSwaps,115,0.9508033394813538
nllb200_1B,facebook/nllb-200-1.3B,17,3LocalWordSwaps,116,0.9031980037689209
nllb200_1B,facebook/nllb-200-1.3B,17,3LocalWordSwaps,117,0.9371652007102966
nllb200_1B,facebook/nllb-200-1.3B,17,3LocalWordSwaps,118,0.9281129240989685
nllb200_1B,facebook/nllb-200-1.3B,17,3LocalWordSwaps,119,0.9504352807998657
nllb200_1B,facebook/nllb-200-1.3B,17,3LocalWordSwaps,120,0.9266480803489685
nllb200_1B,facebook/nllb-200-1.3B,17,3LocalWordSwaps,121,0.891944408416748
nllb200_1B,facebook/nllb-200-1.3B,17,3LocalWordSwaps,122,0.9486997723579407
nllb200_1B,facebook/nllb-200-1.3B,17,3LocalWordSwaps,123,0.9339681267738342
nllb200_1B,facebook/nllb-200-1.3B,17,3LocalWordSwaps,124,0.9381958246231079
nllb200_1B,facebook/nllb-200-1.3B,17,3LocalWordSwaps,125,0.9447927474975586
nllb200_1B,facebook/nllb-200-1.3B,17,3LocalWordSwaps,126,0.9283212423324585
nllb200_1B,facebook/nllb-200-1.3B,17,3LocalWordSwaps,127,0.9317644834518433
nllb200_1B,facebook/nllb-200-1.3B,17,3LocalWordSwaps,128,0.9225407838821411
nllb200_1B,facebook/nllb-200-1.3B,17,3LocalWordSwaps,129,0.9270600080490112
nllb200_1B,facebook/nllb-200-1.3B,17,3LocalWordSwaps,130,0.9311366081237793
nllb200_1B,facebook/nllb-200-1.3B,17,3LocalWordSwaps,131,0.9095423817634583
nllb200_1B,facebook/nllb-200-1.3B,17,3LocalWordSwaps,132,0.8896262645721436
nllb200_1B,facebook/nllb-200-1.3B,17,3LocalWordSwaps,133,0.9943726062774658
nllb200_1B,facebook/nllb-200-1.3B,17,3LocalWordSwaps,134,0.9164553284645081
nllb200_1B,facebook/nllb-200-1.3B,17,3LocalWordSwaps,135,0.933980405330658
nllb200_1B,facebook/nllb-200-1.3B,17,3LocalWordSwaps,136,0.9404739141464233
nllb200_1B,facebook/nllb-200-1.3B,17,3LocalWordSwaps,137,0.9229124784469604
nllb200_1B,facebook/nllb-200-1.3B,17,3LocalWordSwaps,138,0.9157485961914062
nllb200_1B,facebook/nllb-200-1.3B,17,3LocalWordSwaps,139,0.9336645603179932
nllb200_1B,facebook/nllb-200-1.3B,17,3LocalWordSwaps,140,0.9363998174667358
nllb200_1B,facebook/nllb-200-1.3B,17,3LocalWordSwaps,141,0.9300580024719238
nllb200_1B,facebook/nllb-200-1.3B,17,3LocalWordSwaps,142,0.9442256093025208
nllb200_1B,facebook/nllb-200-1.3B,17,3LocalWordSwaps,143,0.8855012655258179
nllb200_1B,facebook/nllb-200-1.3B,17,3LocalWordSwaps,144,0.9220932722091675
nllb200_1B,facebook/nllb-200-1.3B,17,3LocalWordSwaps,145,0.934326171875
nllb200_1B,facebook/nllb-200-1.3B,17,3LocalWordSwaps,146,0.9413212537765503
nllb200_1B,facebook/nllb-200-1.3B,17,3LocalWordSwaps,147,0.9422865509986877
nllb200_1B,facebook/nllb-200-1.3B,17,3LocalWordSwaps,148,0.9357221126556396
nllb200_1B,facebook/nllb-200-1.3B,17,3LocalWordSwaps,149,0.9470686912536621
nllb200_1B,facebook/nllb-200-1.3B,17,3LocalWordSwaps,150,0.9302098155021667
nllb200_1B,facebook/nllb-200-1.3B,17,3LocalWordSwaps,151,0.8869413137435913
nllb200_1B,facebook/nllb-200-1.3B,17,3LocalWordSwaps,152,0.9182655811309814
nllb200_1B,facebook/nllb-200-1.3B,17,3LocalWordSwaps,153,0.9367460608482361
nllb200_1B,facebook/nllb-200-1.3B,17,3LocalWordSwaps,154,0.9145672917366028
nllb200_1B,facebook/nllb-200-1.3B,17,3LocalWordSwaps,155,0.9297386407852173
nllb200_1B,facebook/nllb-200-1.3B,17,3LocalWordSwaps,156,0.9591556191444397
nllb200_1B,facebook/nllb-200-1.3B,17,3LocalWordSwaps,157,0.9477369785308838
nllb200_1B,facebook/nllb-200-1.3B,17,3LocalWordSwaps,158,0.9253565073013306
nllb200_1B,facebook/nllb-200-1.3B,17,3LocalWordSwaps,159,0.9542661905288696
nllb200_1B,facebook/nllb-200-1.3B,17,3LocalWordSwaps,160,0.9068335890769958
nllb200_1B,facebook/nllb-200-1.3B,17,3LocalWordSwaps,161,0.9330263137817383
nllb200_1B,facebook/nllb-200-1.3B,17,3LocalWordSwaps,162,0.897642195224762
nllb200_1B,facebook/nllb-200-1.3B,17,3LocalWordSwaps,163,0.9373640418052673
nllb200_1B,facebook/nllb-200-1.3B,17,3LocalWordSwaps,164,0.9244462251663208
nllb200_1B,facebook/nllb-200-1.3B,17,3LocalWordSwaps,165,0.9503951072692871
nllb200_1B,facebook/nllb-200-1.3B,17,3LocalWordSwaps,166,0.9377450942993164
nllb200_1B,facebook/nllb-200-1.3B,17,3LocalWordSwaps,167,0.9414999485015869
nllb200_1B,facebook/nllb-200-1.3B,17,3LocalWordSwaps,168,0.9352490305900574
nllb200_1B,facebook/nllb-200-1.3B,17,3LocalWordSwaps,169,0.9388599395751953
nllb200_1B,facebook/nllb-200-1.3B,17,3LocalWordSwaps,170,0.9460968971252441
nllb200_1B,facebook/nllb-200-1.3B,17,3LocalWordSwaps,171,0.9296962022781372
nllb200_1B,facebook/nllb-200-1.3B,17,3LocalWordSwaps,172,0.9143891334533691
nllb200_1B,facebook/nllb-200-1.3B,17,3LocalWordSwaps,173,0.91375732421875
nllb200_1B,facebook/nllb-200-1.3B,17,3LocalWordSwaps,174,0.932720422744751
nllb200_1B,facebook/nllb-200-1.3B,17,3LocalWordSwaps,175,0.9518346786499023
nllb200_1B,facebook/nllb-200-1.3B,17,3LocalWordSwaps,176,0.9844894409179688
nllb200_1B,facebook/nllb-200-1.3B,17,3LocalWordSwaps,177,0.9370907545089722
nllb200_1B,facebook/nllb-200-1.3B,17,3LocalWordSwaps,178,0.8968403339385986
nllb200_1B,facebook/nllb-200-1.3B,17,3LocalWordSwaps,179,0.9182461500167847
nllb200_1B,facebook/nllb-200-1.3B,17,3LocalWordSwaps,180,0.9029944539070129
nllb200_1B,facebook/nllb-200-1.3B,17,3LocalWordSwaps,181,0.6366469264030457
nllb200_1B,facebook/nllb-200-1.3B,17,3LocalWordSwaps,182,0.9468884468078613
nllb200_1B,facebook/nllb-200-1.3B,17,3LocalWordSwaps,183,0.903327465057373
nllb200_1B,facebook/nllb-200-1.3B,17,3LocalWordSwaps,184,0.9261090755462646
nllb200_1B,facebook/nllb-200-1.3B,17,3LocalWordSwaps,185,0.7634598016738892
nllb200_1B,facebook/nllb-200-1.3B,17,3LocalWordSwaps,186,0.9059469699859619
nllb200_1B,facebook/nllb-200-1.3B,17,3LocalWordSwaps,187,0.6138170957565308
nllb200_1B,facebook/nllb-200-1.3B,17,3LocalWordSwaps,188,0.9017156362533569
nllb200_1B,facebook/nllb-200-1.3B,17,3LocalWordSwaps,189,0.943781852722168
nllb200_1B,facebook/nllb-200-1.3B,17,3LocalWordSwaps,190,0.8538850545883179
nllb200_1B,facebook/nllb-200-1.3B,17,3LocalWordSwaps,191,0.9018670320510864
nllb200_1B,facebook/nllb-200-1.3B,17,3LocalWordSwaps,192,0.9491090774536133
nllb200_1B,facebook/nllb-200-1.3B,17,3LocalWordSwaps,193,0.9540271162986755
nllb200_1B,facebook/nllb-200-1.3B,17,3LocalWordSwaps,194,0.9357324838638306
nllb200_1B,facebook/nllb-200-1.3B,17,3LocalWordSwaps,195,0.8275700807571411
nllb200_1B,facebook/nllb-200-1.3B,17,3LocalWordSwaps,196,0.9507850408554077
nllb200_1B,facebook/nllb-200-1.3B,17,3LocalWordSwaps,197,0.9661028385162354
nllb200_1B,facebook/nllb-200-1.3B,17,3LocalWordSwaps,198,0.6619003415107727
nllb200_1B,facebook/nllb-200-1.3B,17,3LocalWordSwaps,199,0.9224107265472412
nllb200_1B,facebook/nllb-200-1.3B,17,3LocalWordSwaps,200,0.9454782009124756
nllb200_1B,facebook/nllb-200-1.3B,17,3LocalWordSwaps,201,0.9348008632659912
nllb200_1B,facebook/nllb-200-1.3B,17,3LocalWordSwaps,202,0.9429273009300232
nllb200_1B,facebook/nllb-200-1.3B,17,3LocalWordSwaps,203,0.9364429712295532
nllb200_1B,facebook/nllb-200-1.3B,17,3LocalWordSwaps,204,0.9357424974441528
nllb200_1B,facebook/nllb-200-1.3B,17,3LocalWordSwaps,205,0.9517776966094971
nllb200_1B,facebook/nllb-200-1.3B,17,3LocalWordSwaps,206,0.9169244766235352
nllb200_1B,facebook/nllb-200-1.3B,17,3LocalWordSwaps,207,0.9872175455093384
nllb200_1B,facebook/nllb-200-1.3B,17,3LocalWordSwaps,208,0.9301305413246155
nllb200_1B,facebook/nllb-200-1.3B,17,3LocalWordSwaps,209,0.944957971572876
nllb200_1B,facebook/nllb-200-1.3B,17,3LocalWordSwaps,210,0.9310492873191833
nllb200_1B,facebook/nllb-200-1.3B,17,3LocalWordSwaps,211,0.9343963265419006
nllb200_1B,facebook/nllb-200-1.3B,17,3LocalWordSwaps,212,0.9858300685882568
nllb200_1B,facebook/nllb-200-1.3B,17,3LocalWordSwaps,213,0.9154453277587891
nllb200_1B,facebook/nllb-200-1.3B,17,3LocalWordSwaps,214,0.9276511669158936
nllb200_1B,facebook/nllb-200-1.3B,17,3LocalWordSwaps,215,0.93889981508255
nllb200_1B,facebook/nllb-200-1.3B,17,3LocalWordSwaps,216,0.6381916999816895
nllb200_1B,facebook/nllb-200-1.3B,17,3LocalWordSwaps,217,0.7278023362159729
nllb200_1B,facebook/nllb-200-1.3B,17,3LocalWordSwaps,218,0.9438798427581787
nllb200_1B,facebook/nllb-200-1.3B,17,3LocalWordSwaps,219,0.9226710796356201
nllb200_1B,facebook/nllb-200-1.3B,17,3LocalWordSwaps,220,0.9263186454772949
nllb200_1B,facebook/nllb-200-1.3B,17,3LocalWordSwaps,221,0.9465204477310181
nllb200_1B,facebook/nllb-200-1.3B,17,3LocalWordSwaps,222,0.9533822536468506
nllb200_1B,facebook/nllb-200-1.3B,17,3LocalWordSwaps,223,0.7017872333526611
nllb200_1B,facebook/nllb-200-1.3B,17,3LocalWordSwaps,224,0.9459927082061768
nllb200_1B,facebook/nllb-200-1.3B,17,3LocalWordSwaps,225,0.7469214200973511
nllb200_1B,facebook/nllb-200-1.3B,17,3LocalWordSwaps,226,0.9389162063598633
nllb200_1B,facebook/nllb-200-1.3B,17,3LocalWordSwaps,227,0.94749915599823
nllb200_1B,facebook/nllb-200-1.3B,17,3LocalWordSwaps,228,0.9857233166694641
nllb200_1B,facebook/nllb-200-1.3B,17,3LocalWordSwaps,229,0.9496759176254272
nllb200_1B,facebook/nllb-200-1.3B,17,3LocalWordSwaps,230,0.9364256262779236
nllb200_1B,facebook/nllb-200-1.3B,17,3LocalWordSwaps,231,0.705660343170166
nllb200_1B,facebook/nllb-200-1.3B,17,3LocalWordSwaps,232,0.6908333897590637
nllb200_1B,facebook/nllb-200-1.3B,17,3LocalWordSwaps,233,0.9369114637374878
nllb200_1B,facebook/nllb-200-1.3B,17,3LocalWordSwaps,234,0.9464977979660034
nllb200_1B,facebook/nllb-200-1.3B,17,3LocalWordSwaps,235,0.7531095743179321
nllb200_1B,facebook/nllb-200-1.3B,17,3LocalWordSwaps,236,0.6625556349754333
nllb200_1B,facebook/nllb-200-1.3B,17,3LocalWordSwaps,237,0.6916215419769287
nllb200_1B,facebook/nllb-200-1.3B,17,3LocalWordSwaps,238,0.9545960426330566
nllb200_1B,facebook/nllb-200-1.3B,17,3LocalWordSwaps,239,0.7175941467285156
nllb200_1B,facebook/nllb-200-1.3B,17,3LocalWordSwaps,240,0.9390944242477417
nllb200_1B,facebook/nllb-200-1.3B,17,3LocalWordSwaps,241,0.8979348540306091
nllb200_1B,facebook/nllb-200-1.3B,17,3LocalWordSwaps,242,0.9166572093963623
nllb200_1B,facebook/nllb-200-1.3B,17,3LocalWordSwaps,243,0.758492648601532
nllb200_1B,facebook/nllb-200-1.3B,17,3LocalWordSwaps,244,0.9505471587181091
nllb200_1B,facebook/nllb-200-1.3B,17,3LocalWordSwaps,245,0.8896862268447876
nllb200_1B,facebook/nllb-200-1.3B,17,3LocalWordSwaps,246,0.9452382326126099
nllb200_1B,facebook/nllb-200-1.3B,17,3LocalWordSwaps,247,0.9428317546844482
nllb200_1B,facebook/nllb-200-1.3B,17,3LocalWordSwaps,248,0.7585627436637878
nllb200_1B,facebook/nllb-200-1.3B,17,3LocalWordSwaps,249,0.9606920480728149
nllb200_1B,facebook/nllb-200-1.3B,17,3LocalWordSwaps,250,0.9531116485595703
nllb200_1B,facebook/nllb-200-1.3B,17,3LocalWordSwaps,251,0.9448848962783813
nllb200_1B,facebook/nllb-200-1.3B,17,3LocalWordSwaps,252,0.94709312915802
nllb200_1B,facebook/nllb-200-1.3B,17,3LocalWordSwaps,253,0.9514456987380981
nllb200_1B,facebook/nllb-200-1.3B,17,3LocalWordSwaps,254,0.6387568712234497
nllb200_1B,facebook/nllb-200-1.3B,17,3LocalWordSwaps,255,0.9293584227561951
nllb200_1B,facebook/nllb-200-1.3B,17,3LocalWordSwaps,256,0.9654891490936279
nllb200_1B,facebook/nllb-200-1.3B,17,3LocalWordSwaps,257,0.9364176392555237
nllb200_1B,facebook/nllb-200-1.3B,17,3LocalWordSwaps,258,0.9249802827835083
nllb200_1B,facebook/nllb-200-1.3B,17,3LocalWordSwaps,259,0.9644520282745361
nllb200_1B,facebook/nllb-200-1.3B,17,3LocalWordSwaps,260,0.7309949398040771
nllb200_1B,facebook/nllb-200-1.3B,17,3LocalWordSwaps,261,0.9478164911270142
nllb200_1B,facebook/nllb-200-1.3B,17,3LocalWordSwaps,262,0.7671654224395752
nllb200_1B,facebook/nllb-200-1.3B,17,3LocalWordSwaps,263,0.9381788969039917
nllb200_1B,facebook/nllb-200-1.3B,17,3LocalWordSwaps,264,0.7208973169326782
nllb200_1B,facebook/nllb-200-1.3B,17,3LocalWordSwaps,265,0.9193435907363892
nllb200_1B,facebook/nllb-200-1.3B,17,3LocalWordSwaps,266,0.9301166534423828
nllb200_1B,facebook/nllb-200-1.3B,17,3LocalWordSwaps,267,0.93913334608078
nllb200_1B,facebook/nllb-200-1.3B,17,3LocalWordSwaps,268,0.9376569986343384
nllb200_1B,facebook/nllb-200-1.3B,17,3LocalWordSwaps,269,0.9924404621124268
nllb200_1B,facebook/nllb-200-1.3B,17,3LocalWordSwaps,270,0.9432469606399536
nllb200_1B,facebook/nllb-200-1.3B,17,3LocalWordSwaps,271,0.6550235748291016
nllb200_1B,facebook/nllb-200-1.3B,17,3LocalWordSwaps,272,0.9481112957000732
nllb200_1B,facebook/nllb-200-1.3B,17,3LocalWordSwaps,273,0.9512763619422913
nllb200_1B,facebook/nllb-200-1.3B,17,3LocalWordSwaps,274,0.7042032480239868
nllb200_1B,facebook/nllb-200-1.3B,17,3LocalWordSwaps,275,0.9458789825439453
nllb200_1B,facebook/nllb-200-1.3B,17,3LocalWordSwaps,276,0.9449414014816284
nllb200_1B,facebook/nllb-200-1.3B,17,3LocalWordSwaps,277,0.9203611612319946
nllb200_1B,facebook/nllb-200-1.3B,17,3LocalWordSwaps,278,0.9381417632102966
nllb200_1B,facebook/nllb-200-1.3B,17,3LocalWordSwaps,279,0.9419529438018799
nllb200_1B,facebook/nllb-200-1.3B,17,3LocalWordSwaps,280,0.947002649307251
nllb200_1B,facebook/nllb-200-1.3B,17,3LocalWordSwaps,281,0.9577888250350952
nllb200_1B,facebook/nllb-200-1.3B,17,3LocalWordSwaps,282,0.9411299228668213
nllb200_1B,facebook/nllb-200-1.3B,17,3LocalWordSwaps,283,0.9273367524147034
nllb200_1B,facebook/nllb-200-1.3B,17,3LocalWordSwaps,284,0.9360138773918152
nllb200_1B,facebook/nllb-200-1.3B,17,3LocalWordSwaps,285,0.9422394633293152
nllb200_1B,facebook/nllb-200-1.3B,17,3LocalWordSwaps,286,0.9230754375457764
nllb200_1B,facebook/nllb-200-1.3B,17,3LocalWordSwaps,287,0.9334055781364441
nllb200_1B,facebook/nllb-200-1.3B,17,3LocalWordSwaps,288,0.9309782981872559
nllb200_1B,facebook/nllb-200-1.3B,17,3LocalWordSwaps,289,0.9323944449424744
nllb200_1B,facebook/nllb-200-1.3B,17,3LocalWordSwaps,290,0.9221636652946472
nllb200_1B,facebook/nllb-200-1.3B,17,3LocalWordSwaps,291,0.9499378204345703
nllb200_1B,facebook/nllb-200-1.3B,17,3LocalWordSwaps,292,0.9567583799362183
nllb200_1B,facebook/nllb-200-1.3B,17,3LocalWordSwaps,293,0.9573060274124146
nllb200_1B,facebook/nllb-200-1.3B,17,3LocalWordSwaps,294,0.9324076175689697
nllb200_1B,facebook/nllb-200-1.3B,17,3LocalWordSwaps,295,0.928191065788269
nllb200_1B,facebook/nllb-200-1.3B,17,3LocalWordSwaps,296,0.9359545111656189
nllb200_1B,facebook/nllb-200-1.3B,17,3LocalWordSwaps,297,0.9529873728752136
nllb200_1B,facebook/nllb-200-1.3B,17,3LocalWordSwaps,298,0.8991979956626892
nllb200_1B,facebook/nllb-200-1.3B,17,3LocalWordSwaps,299,0.9439637660980225
nllb200_1B,facebook/nllb-200-1.3B,17,3LocalWordSwaps,300,0.9057935476303101
nllb200_1B,facebook/nllb-200-1.3B,17,3LocalWordSwaps,301,0.9471156597137451
nllb200_1B,facebook/nllb-200-1.3B,17,3LocalWordSwaps,302,0.9305994510650635
nllb200_1B,facebook/nllb-200-1.3B,17,3LocalWordSwaps,303,0.9423007965087891
nllb200_1B,facebook/nllb-200-1.3B,17,3LocalWordSwaps,304,0.9314078092575073
nllb200_1B,facebook/nllb-200-1.3B,17,3LocalWordSwaps,305,0.9443655610084534
nllb200_1B,facebook/nllb-200-1.3B,17,3LocalWordSwaps,306,0.9308151006698608
nllb200_1B,facebook/nllb-200-1.3B,17,3LocalWordSwaps,307,0.9289695620536804
nllb200_1B,facebook/nllb-200-1.3B,17,3LocalWordSwaps,308,0.9421588778495789
nllb200_1B,facebook/nllb-200-1.3B,17,3LocalWordSwaps,309,0.9397194385528564
nllb200_1B,facebook/nllb-200-1.3B,17,3LocalWordSwaps,310,0.9318000674247742
nllb200_1B,facebook/nllb-200-1.3B,17,3LocalWordSwaps,311,0.9301603436470032
nllb200_1B,facebook/nllb-200-1.3B,17,3LocalWordSwaps,312,0.9247090816497803
nllb200_1B,facebook/nllb-200-1.3B,17,3LocalWordSwaps,313,0.9115698933601379
nllb200_1B,facebook/nllb-200-1.3B,17,3LocalWordSwaps,314,0.9450969696044922
nllb200_1B,facebook/nllb-200-1.3B,17,3LocalWordSwaps,315,0.9281028509140015
nllb200_1B,facebook/nllb-200-1.3B,17,3LocalWordSwaps,316,0.9394272565841675
nllb200_1B,facebook/nllb-200-1.3B,17,3LocalWordSwaps,317,0.9259249567985535
nllb200_1B,facebook/nllb-200-1.3B,17,3LocalWordSwaps,318,0.9427919983863831
nllb200_1B,facebook/nllb-200-1.3B,17,3LocalWordSwaps,319,0.9532709717750549
nllb200_1B,facebook/nllb-200-1.3B,17,3LocalWordSwaps,320,0.9072489738464355
nllb200_1B,facebook/nllb-200-1.3B,17,3LocalWordSwaps,321,0.942613959312439
nllb200_1B,facebook/nllb-200-1.3B,17,3LocalWordSwaps,322,0.9217396974563599
nllb200_1B,facebook/nllb-200-1.3B,17,3LocalWordSwaps,323,0.9476115703582764
nllb200_1B,facebook/nllb-200-1.3B,17,3LocalWordSwaps,324,0.9356642961502075
nllb200_1B,facebook/nllb-200-1.3B,17,3LocalWordSwaps,325,0.9486464262008667
nllb200_1B,facebook/nllb-200-1.3B,17,3LocalWordSwaps,326,0.9849746227264404
nllb200_1B,facebook/nllb-200-1.3B,17,3LocalWordSwaps,327,0.9587743878364563
nllb200_1B,facebook/nllb-200-1.3B,17,3LocalWordSwaps,328,0.9474214911460876
nllb200_1B,facebook/nllb-200-1.3B,17,3LocalWordSwaps,329,0.9326052665710449
nllb200_1B,facebook/nllb-200-1.3B,17,3LocalWordSwaps,330,0.9357086420059204
nllb200_1B,facebook/nllb-200-1.3B,17,3LocalWordSwaps,331,0.9783754944801331
nllb200_1B,facebook/nllb-200-1.3B,17,3LocalWordSwaps,332,0.9198541045188904
nllb200_1B,facebook/nllb-200-1.3B,17,3LocalWordSwaps,333,0.9280041456222534
nllb200_1B,facebook/nllb-200-1.3B,17,3LocalWordSwaps,334,0.9270814061164856
nllb200_1B,facebook/nllb-200-1.3B,17,3LocalWordSwaps,335,0.9098662734031677
nllb200_1B,facebook/nllb-200-1.3B,17,3LocalWordSwaps,336,0.9445736408233643
nllb200_1B,facebook/nllb-200-1.3B,17,3LocalWordSwaps,337,0.9386694431304932
nllb200_1B,facebook/nllb-200-1.3B,17,3LocalWordSwaps,338,0.9332156181335449
nllb200_1B,facebook/nllb-200-1.3B,17,3LocalWordSwaps,339,0.9464225172996521
nllb200_1B,facebook/nllb-200-1.3B,17,3LocalWordSwaps,340,0.9046602249145508
nllb200_1B,facebook/nllb-200-1.3B,17,3LocalWordSwaps,341,0.9334271550178528
nllb200_1B,facebook/nllb-200-1.3B,17,3LocalWordSwaps,342,0.9335356950759888
nllb200_1B,facebook/nllb-200-1.3B,17,3LocalWordSwaps,343,0.9322819709777832
nllb200_1B,facebook/nllb-200-1.3B,17,3LocalWordSwaps,344,0.9299860000610352
nllb200_1B,facebook/nllb-200-1.3B,17,3LocalWordSwaps,345,0.9182875156402588
nllb200_1B,facebook/nllb-200-1.3B,17,3LocalWordSwaps,346,0.9126569628715515
nllb200_1B,facebook/nllb-200-1.3B,17,3LocalWordSwaps,347,0.9911501407623291
nllb200_1B,facebook/nllb-200-1.3B,17,3LocalWordSwaps,348,0.9372038841247559
nllb200_1B,facebook/nllb-200-1.3B,17,3LocalWordSwaps,349,0.9447650909423828
nllb200_1B,facebook/nllb-200-1.3B,17,3LocalWordSwaps,350,0.9348936080932617
nllb200_1B,facebook/nllb-200-1.3B,17,3LocalWordSwaps,351,0.9342837929725647
nllb200_1B,facebook/nllb-200-1.3B,17,3LocalWordSwaps,352,0.9403601884841919
nllb200_1B,facebook/nllb-200-1.3B,17,3LocalWordSwaps,353,0.9844474196434021
nllb200_1B,facebook/nllb-200-1.3B,17,3LocalWordSwaps,354,0.9349952936172485
nllb200_1B,facebook/nllb-200-1.3B,17,3LocalWordSwaps,355,0.732958197593689
nllb200_1B,facebook/nllb-200-1.3B,17,3LocalWordSwaps,356,0.9202483296394348
nllb200_1B,facebook/nllb-200-1.3B,17,3LocalWordSwaps,357,0.9526767134666443
nllb200_1B,facebook/nllb-200-1.3B,17,3LocalWordSwaps,358,0.9566861391067505
nllb200_1B,facebook/nllb-200-1.3B,17,3LocalWordSwaps,359,0.9195114374160767
nllb200_1B,facebook/nllb-200-1.3B,17,3LocalWordSwaps,360,0.9536077976226807
nllb200_1B,facebook/nllb-200-1.3B,17,3LocalWordSwaps,361,0.9395540952682495
nllb200_1B,facebook/nllb-200-1.3B,17,3LocalWordSwaps,362,0.91131591796875
nllb200_1B,facebook/nllb-200-1.3B,17,3LocalWordSwaps,363,0.929901123046875
nllb200_1B,facebook/nllb-200-1.3B,17,3LocalWordSwaps,364,0.9364043474197388
nllb200_1B,facebook/nllb-200-1.3B,17,3LocalWordSwaps,365,0.8834855556488037
nllb200_1B,facebook/nllb-200-1.3B,17,3LocalWordSwaps,366,0.9430370330810547
nllb200_1B,facebook/nllb-200-1.3B,17,3LocalWordSwaps,367,0.9374958276748657
nllb200_1B,facebook/nllb-200-1.3B,17,3LocalWordSwaps,368,0.9543241262435913
nllb200_1B,facebook/nllb-200-1.3B,17,3LocalWordSwaps,369,0.9393504858016968
nllb200_1B,facebook/nllb-200-1.3B,17,3LocalWordSwaps,370,0.9391154646873474
nllb200_1B,facebook/nllb-200-1.3B,17,3LocalWordSwaps,371,0.9452981352806091
nllb200_1B,facebook/nllb-200-1.3B,17,3LocalWordSwaps,372,0.946860134601593
nllb200_1B,facebook/nllb-200-1.3B,17,3LocalWordSwaps,373,0.9542738199234009
nllb200_1B,facebook/nllb-200-1.3B,17,3LocalWordSwaps,374,0.9511476159095764
nllb200_1B,facebook/nllb-200-1.3B,17,3LocalWordSwaps,375,0.9592475295066833
nllb200_1B,facebook/nllb-200-1.3B,17,3LocalWordSwaps,376,0.9244038462638855
nllb200_1B,facebook/nllb-200-1.3B,17,3LocalWordSwaps,377,0.8056776523590088
nllb200_1B,facebook/nllb-200-1.3B,17,3LocalWordSwaps,378,0.948768675327301
nllb200_1B,facebook/nllb-200-1.3B,17,3LocalWordSwaps,379,0.9445203542709351
nllb200_1B,facebook/nllb-200-1.3B,17,3LocalWordSwaps,380,0.8920687437057495
nllb200_1B,facebook/nllb-200-1.3B,17,3LocalWordSwaps,381,0.6198260188102722
nllb200_1B,facebook/nllb-200-1.3B,17,3LocalWordSwaps,382,0.7396058440208435
nllb200_1B,facebook/nllb-200-1.3B,17,3LocalWordSwaps,383,0.6775972843170166
nllb200_1B,facebook/nllb-200-1.3B,17,3LocalWordSwaps,384,0.8962194919586182
nllb200_1B,facebook/nllb-200-1.3B,17,3LocalWordSwaps,385,0.9381561279296875
nllb200_1B,facebook/nllb-200-1.3B,17,3LocalWordSwaps,386,0.6832805871963501
nllb200_1B,facebook/nllb-200-1.3B,17,3LocalWordSwaps,387,0.9264004230499268
nllb200_1B,facebook/nllb-200-1.3B,17,3LocalWordSwaps,388,0.9397579431533813
nllb200_1B,facebook/nllb-200-1.3B,17,3LocalWordSwaps,389,0.7232661247253418
nllb200_1B,facebook/nllb-200-1.3B,17,3LocalWordSwaps,390,0.9241228103637695
nllb200_1B,facebook/nllb-200-1.3B,17,3LocalWordSwaps,391,0.790916919708252
nllb200_1B,facebook/nllb-200-1.3B,17,3LocalWordSwaps,392,0.7183346152305603
nllb200_1B,facebook/nllb-200-1.3B,17,3LocalWordSwaps,393,0.7351930141448975
nllb200_1B,facebook/nllb-200-1.3B,17,3LocalWordSwaps,394,0.7151256203651428
nllb200_1B,facebook/nllb-200-1.3B,17,3LocalWordSwaps,395,0.6631338596343994
nllb200_1B,facebook/nllb-200-1.3B,17,3LocalWordSwaps,396,0.6963943243026733
nllb200_1B,facebook/nllb-200-1.3B,17,3LocalWordSwaps,397,0.7453885078430176
nllb200_1B,facebook/nllb-200-1.3B,17,3LocalWordSwaps,398,0.671682596206665
nllb200_1B,facebook/nllb-200-1.3B,17,3LocalWordSwaps,399,0.9039088487625122
nllb200_1B,facebook/nllb-200-1.3B,17,3LocalWordSwaps,400,0.9608778953552246
nllb200_1B,facebook/nllb-200-1.3B,17,3LocalWordSwaps,401,0.9454219937324524
nllb200_1B,facebook/nllb-200-1.3B,17,3LocalWordSwaps,402,0.9424078464508057
nllb200_1B,facebook/nllb-200-1.3B,17,3LocalWordSwaps,403,0.9752910733222961
nllb200_1B,facebook/nllb-200-1.3B,17,3LocalWordSwaps,404,0.9375340938568115
nllb200_1B,facebook/nllb-200-1.3B,17,3LocalWordSwaps,405,0.9354844093322754
nllb200_1B,facebook/nllb-200-1.3B,17,3LocalWordSwaps,406,0.9300509691238403
nllb200_1B,facebook/nllb-200-1.3B,17,3LocalWordSwaps,407,0.9404743313789368
nllb200_1B,facebook/nllb-200-1.3B,17,3LocalWordSwaps,408,0.9429528713226318
nllb200_1B,facebook/nllb-200-1.3B,17,3LocalWordSwaps,409,0.9322645664215088
nllb200_1B,facebook/nllb-200-1.3B,17,3LocalWordSwaps,410,0.9249191284179688
nllb200_1B,facebook/nllb-200-1.3B,17,3LocalWordSwaps,411,0.8969211578369141
nllb200_1B,facebook/nllb-200-1.3B,17,3LocalWordSwaps,412,0.7298221588134766
nllb200_1B,facebook/nllb-200-1.3B,17,3LocalWordSwaps,413,0.988685131072998
nllb200_1B,facebook/nllb-200-1.3B,17,3LocalWordSwaps,414,0.945818305015564
nllb200_1B,facebook/nllb-200-1.3B,17,3LocalWordSwaps,415,0.9346867203712463
nllb200_1B,facebook/nllb-200-1.3B,17,3LocalWordSwaps,416,0.948489785194397
nllb200_1B,facebook/nllb-200-1.3B,17,3LocalWordSwaps,417,0.945786714553833
nllb200_1B,facebook/nllb-200-1.3B,17,3LocalWordSwaps,418,0.9491050243377686
nllb200_1B,facebook/nllb-200-1.3B,17,3LocalWordSwaps,419,0.9339052438735962
nllb200_1B,facebook/nllb-200-1.3B,17,3LocalWordSwaps,420,0.9398002624511719
nllb200_1B,facebook/nllb-200-1.3B,17,3LocalWordSwaps,421,0.6896957159042358
nllb200_1B,facebook/nllb-200-1.3B,17,3LocalWordSwaps,422,0.6504005193710327
nllb200_1B,facebook/nllb-200-1.3B,17,3LocalWordSwaps,423,0.9368161559104919
nllb200_1B,facebook/nllb-200-1.3B,17,3LocalWordSwaps,424,0.9356484413146973
nllb200_1B,facebook/nllb-200-1.3B,17,3LocalWordSwaps,425,0.6599737405776978
nllb200_1B,facebook/nllb-200-1.3B,17,3LocalWordSwaps,426,0.9526000022888184
nllb200_1B,facebook/nllb-200-1.3B,17,3LocalWordSwaps,427,0.9412664175033569
nllb200_1B,facebook/nllb-200-1.3B,17,3LocalWordSwaps,428,0.9368363618850708
nllb200_1B,facebook/nllb-200-1.3B,17,3LocalWordSwaps,429,0.9383422136306763
nllb200_1B,facebook/nllb-200-1.3B,17,3LocalWordSwaps,430,0.8963553309440613
nllb200_1B,facebook/nllb-200-1.3B,17,3LocalWordSwaps,431,0.9402267336845398
nllb200_1B,facebook/nllb-200-1.3B,17,3LocalWordSwaps,432,0.9325529932975769
nllb200_1B,facebook/nllb-200-1.3B,17,3LocalWordSwaps,433,0.9324526786804199
nllb200_1B,facebook/nllb-200-1.3B,17,3LocalWordSwaps,434,0.9093596339225769
nllb200_1B,facebook/nllb-200-1.3B,17,3LocalWordSwaps,435,0.9373849630355835
nllb200_1B,facebook/nllb-200-1.3B,17,3LocalWordSwaps,436,0.9178563356399536
nllb200_1B,facebook/nllb-200-1.3B,17,3LocalWordSwaps,437,0.9074286222457886
nllb200_1B,facebook/nllb-200-1.3B,17,3LocalWordSwaps,438,0.9922857284545898
nllb200_1B,facebook/nllb-200-1.3B,17,3LocalWordSwaps,439,0.9438577890396118
nllb200_1B,facebook/nllb-200-1.3B,17,3LocalWordSwaps,440,0.9335225224494934
nllb200_1B,facebook/nllb-200-1.3B,17,3LocalWordSwaps,441,0.9505294561386108
nllb200_1B,facebook/nllb-200-1.3B,17,3LocalWordSwaps,442,0.9474658966064453
nllb200_1B,facebook/nllb-200-1.3B,17,3LocalWordSwaps,443,0.952899694442749
nllb200_1B,facebook/nllb-200-1.3B,17,3LocalWordSwaps,444,0.667797327041626
nllb200_1B,facebook/nllb-200-1.3B,17,3LocalWordSwaps,445,0.8644485473632812
nllb200_1B,facebook/nllb-200-1.3B,17,3LocalWordSwaps,446,0.6814281940460205
nllb200_1B,facebook/nllb-200-1.3B,17,3LocalWordSwaps,447,0.9277092218399048
nllb200_1B,facebook/nllb-200-1.3B,17,3LocalWordSwaps,448,0.94889235496521
nllb200_1B,facebook/nllb-200-1.3B,17,3LocalWordSwaps,449,0.9330214262008667
nllb200_1B,facebook/nllb-200-1.3B,17,3LocalWordSwaps,450,0.9385066032409668
nllb200_1B,facebook/nllb-200-1.3B,17,3LocalWordSwaps,451,0.6773148775100708
nllb200_1B,facebook/nllb-200-1.3B,17,3LocalWordSwaps,452,0.9075123071670532
nllb200_1B,facebook/nllb-200-1.3B,17,3LocalWordSwaps,453,0.9345334768295288
nllb200_1B,facebook/nllb-200-1.3B,17,3LocalWordSwaps,454,0.9425472021102905
nllb200_1B,facebook/nllb-200-1.3B,17,3LocalWordSwaps,455,0.9161856174468994
nllb200_1B,facebook/nllb-200-1.3B,17,3LocalWordSwaps,456,0.9270209074020386
nllb200_1B,facebook/nllb-200-1.3B,17,3LocalWordSwaps,457,0.9199153184890747
nllb200_1B,facebook/nllb-200-1.3B,17,3LocalWordSwaps,458,0.9402793645858765
nllb200_1B,facebook/nllb-200-1.3B,17,3LocalWordSwaps,459,0.9449864625930786
nllb200_1B,facebook/nllb-200-1.3B,17,3LocalWordSwaps,460,0.9251489639282227
nllb200_1B,facebook/nllb-200-1.3B,17,3LocalWordSwaps,461,0.9351366758346558
nllb200_1B,facebook/nllb-200-1.3B,17,3LocalWordSwaps,462,0.9327455163002014
nllb200_1B,facebook/nllb-200-1.3B,17,3LocalWordSwaps,463,0.9427042603492737
nllb200_1B,facebook/nllb-200-1.3B,17,3LocalWordSwaps,464,0.9403563737869263
nllb200_1B,facebook/nllb-200-1.3B,17,3LocalWordSwaps,465,0.8967297077178955
nllb200_1B,facebook/nllb-200-1.3B,17,3LocalWordSwaps,466,0.9397597312927246
nllb200_1B,facebook/nllb-200-1.3B,17,3LocalWordSwaps,467,0.9328045845031738
nllb200_1B,facebook/nllb-200-1.3B,17,3LocalWordSwaps,468,0.9426611661911011
nllb200_1B,facebook/nllb-200-1.3B,17,3LocalWordSwaps,469,0.9599065184593201
nllb200_1B,facebook/nllb-200-1.3B,17,3LocalWordSwaps,470,0.9388200044631958
nllb200_1B,facebook/nllb-200-1.3B,17,3LocalWordSwaps,471,0.9247308969497681
nllb200_1B,facebook/nllb-200-1.3B,17,3LocalWordSwaps,472,0.9348537921905518
nllb200_1B,facebook/nllb-200-1.3B,17,3LocalWordSwaps,473,0.8993926048278809
nllb200_1B,facebook/nllb-200-1.3B,17,3LocalWordSwaps,474,0.706981360912323
nllb200_1B,facebook/nllb-200-1.3B,17,3LocalWordSwaps,475,0.6828135251998901
nllb200_1B,facebook/nllb-200-1.3B,17,3LocalWordSwaps,476,0.9314042329788208
nllb200_1B,facebook/nllb-200-1.3B,17,3LocalWordSwaps,477,0.9511098861694336
nllb200_1B,facebook/nllb-200-1.3B,17,3LocalWordSwaps,478,0.9464786052703857
nllb200_1B,facebook/nllb-200-1.3B,17,3LocalWordSwaps,479,0.934349775314331
nllb200_1B,facebook/nllb-200-1.3B,17,3LocalWordSwaps,480,0.9399709105491638
nllb200_1B,facebook/nllb-200-1.3B,17,3LocalWordSwaps,481,0.9389665722846985
nllb200_1B,facebook/nllb-200-1.3B,17,3LocalWordSwaps,482,0.9116377830505371
nllb200_1B,facebook/nllb-200-1.3B,17,3LocalWordSwaps,483,0.7109790444374084
nllb200_1B,facebook/nllb-200-1.3B,17,3LocalWordSwaps,484,0.9365933537483215
nllb200_1B,facebook/nllb-200-1.3B,17,3LocalWordSwaps,485,0.8857062458992004
nllb200_1B,facebook/nllb-200-1.3B,17,3LocalWordSwaps,486,0.9408500790596008
nllb200_1B,facebook/nllb-200-1.3B,17,3LocalWordSwaps,487,0.9158303737640381
nllb200_1B,facebook/nllb-200-1.3B,17,3LocalWordSwaps,488,0.7257223129272461
nllb200_1B,facebook/nllb-200-1.3B,17,3LocalWordSwaps,489,0.9398503303527832
nllb200_1B,facebook/nllb-200-1.3B,17,3LocalWordSwaps,490,0.939713180065155
nllb200_1B,facebook/nllb-200-1.3B,17,3LocalWordSwaps,491,0.9359952211380005
nllb200_1B,facebook/nllb-200-1.3B,17,3LocalWordSwaps,492,0.933746337890625
nllb200_1B,facebook/nllb-200-1.3B,17,3LocalWordSwaps,493,0.9222539663314819
nllb200_1B,facebook/nllb-200-1.3B,17,3LocalWordSwaps,494,0.9369722008705139
nllb200_1B,facebook/nllb-200-1.3B,17,3LocalWordSwaps,495,0.6728720664978027
nllb200_1B,facebook/nllb-200-1.3B,17,3LocalWordSwaps,496,0.9506151080131531
nllb200_1B,facebook/nllb-200-1.3B,17,3LocalWordSwaps,497,0.9308858513832092
nllb200_1B,facebook/nllb-200-1.3B,17,3LocalWordSwaps,498,0.7198493480682373
nllb200_1B,facebook/nllb-200-1.3B,17,3LocalWordSwaps,499,0.933594822883606
nllb200_1B,facebook/nllb-200-1.3B,17,3LocalWordSwaps,500,0.6734892129898071
nllb200_1B,facebook/nllb-200-1.3B,17,3LocalWordSwaps,501,0.9481608867645264
nllb200_1B,facebook/nllb-200-1.3B,17,3LocalWordSwaps,502,0.7267059683799744
nllb200_1B,facebook/nllb-200-1.3B,17,3LocalWordSwaps,503,0.6718210577964783
nllb200_1B,facebook/nllb-200-1.3B,17,3LocalWordSwaps,504,0.9554161429405212
nllb200_1B,facebook/nllb-200-1.3B,17,3LocalWordSwaps,505,0.9275088310241699
nllb200_1B,facebook/nllb-200-1.3B,17,3LocalWordSwaps,506,0.7545696496963501
nllb200_1B,facebook/nllb-200-1.3B,17,3LocalWordSwaps,507,0.9341263771057129
nllb200_1B,facebook/nllb-200-1.3B,17,3LocalWordSwaps,508,0.9311491250991821
nllb200_1B,facebook/nllb-200-1.3B,17,3LocalWordSwaps,509,0.9334076642990112
nllb200_1B,facebook/nllb-200-1.3B,17,3LocalWordSwaps,510,0.8803235292434692
nllb200_1B,facebook/nllb-200-1.3B,17,3LocalWordSwaps,511,0.7608717083930969
nllb200_1B,facebook/nllb-200-1.3B,17,3LocalWordSwaps,512,0.7796593308448792
nllb200_1B,facebook/nllb-200-1.3B,17,3LocalWordSwaps,513,0.8940325975418091
nllb200_1B,facebook/nllb-200-1.3B,17,3LocalWordSwaps,514,0.9072588086128235
nllb200_1B,facebook/nllb-200-1.3B,17,3LocalWordSwaps,515,0.9374730587005615
nllb200_1B,facebook/nllb-200-1.3B,17,3LocalWordSwaps,516,0.9493627548217773
nllb200_1B,facebook/nllb-200-1.3B,17,3LocalWordSwaps,517,0.9318287372589111
nllb200_1B,facebook/nllb-200-1.3B,17,3LocalWordSwaps,518,0.9058803915977478
nllb200_1B,facebook/nllb-200-1.3B,17,3LocalWordSwaps,519,0.9252805709838867
nllb200_1B,facebook/nllb-200-1.3B,17,3LocalWordSwaps,520,0.9474326372146606
nllb200_1B,facebook/nllb-200-1.3B,17,3LocalWordSwaps,521,0.9504358768463135
nllb200_1B,facebook/nllb-200-1.3B,17,3LocalWordSwaps,522,0.9380481243133545
nllb200_1B,facebook/nllb-200-1.3B,17,3LocalWordSwaps,523,0.9498721957206726
nllb200_1B,facebook/nllb-200-1.3B,17,3LocalWordSwaps,524,0.7029175758361816
nllb200_1B,facebook/nllb-200-1.3B,17,3LocalWordSwaps,525,0.7268552780151367
nllb200_1B,facebook/nllb-200-1.3B,17,3LocalWordSwaps,526,0.7212697863578796
nllb200_1B,facebook/nllb-200-1.3B,17,3LocalWordSwaps,527,0.9282878637313843
nllb200_1B,facebook/nllb-200-1.3B,17,3LocalWordSwaps,528,0.7881004810333252
nllb200_1B,facebook/nllb-200-1.3B,17,3LocalWordSwaps,529,0.9109271764755249
nllb200_1B,facebook/nllb-200-1.3B,17,3LocalWordSwaps,530,0.7011510729789734
nllb200_1B,facebook/nllb-200-1.3B,17,3LocalWordSwaps,531,0.9139944314956665
nllb200_1B,facebook/nllb-200-1.3B,17,3LocalWordSwaps,532,0.9145986437797546
nllb200_1B,facebook/nllb-200-1.3B,17,3LocalWordSwaps,533,0.9538642168045044
nllb200_1B,facebook/nllb-200-1.3B,17,3LocalWordSwaps,534,0.7227292060852051
nllb200_1B,facebook/nllb-200-1.3B,17,3LocalWordSwaps,535,0.9123841524124146
nllb200_1B,facebook/nllb-200-1.3B,17,3LocalWordSwaps,536,0.9319204688072205
nllb200_1B,facebook/nllb-200-1.3B,17,3LocalWordSwaps,537,0.9277880787849426
nllb200_1B,facebook/nllb-200-1.3B,17,3LocalWordSwaps,538,0.9507050514221191
nllb200_1B,facebook/nllb-200-1.3B,17,3LocalWordSwaps,539,0.7620730400085449
nllb200_1B,facebook/nllb-200-1.3B,17,3LocalWordSwaps,540,0.8924434781074524
nllb200_1B,facebook/nllb-200-1.3B,17,3LocalWordSwaps,541,0.9479508996009827
nllb200_1B,facebook/nllb-200-1.3B,17,3LocalWordSwaps,542,0.9221459627151489
nllb200_1B,facebook/nllb-200-1.3B,17,3LocalWordSwaps,543,0.9040490388870239
nllb200_1B,facebook/nllb-200-1.3B,17,3LocalWordSwaps,544,0.9546015858650208
nllb200_1B,facebook/nllb-200-1.3B,17,3LocalWordSwaps,545,0.9623000621795654
nllb200_1B,facebook/nllb-200-1.3B,17,3LocalWordSwaps,546,0.6586865186691284
nllb200_1B,facebook/nllb-200-1.3B,17,3LocalWordSwaps,547,0.9311647415161133
nllb200_1B,facebook/nllb-200-1.3B,17,3LocalWordSwaps,548,0.9203768372535706
nllb200_1B,facebook/nllb-200-1.3B,17,3LocalWordSwaps,549,0.933803915977478
nllb200_1B,facebook/nllb-200-1.3B,17,3LocalWordSwaps,550,0.9160952568054199
nllb200_1B,facebook/nllb-200-1.3B,17,3LocalWordSwaps,551,0.9236654043197632
nllb200_1B,facebook/nllb-200-1.3B,17,3LocalWordSwaps,552,0.9322681427001953
nllb200_1B,facebook/nllb-200-1.3B,17,3LocalWordSwaps,553,0.9418506026268005
nllb200_1B,facebook/nllb-200-1.3B,17,3LocalWordSwaps,554,0.9447600841522217
nllb200_1B,facebook/nllb-200-1.3B,17,3LocalWordSwaps,555,0.8843674063682556
nllb200_1B,facebook/nllb-200-1.3B,17,3LocalWordSwaps,556,0.8271846771240234
nllb200_1B,facebook/nllb-200-1.3B,17,3LocalWordSwaps,557,0.9838219285011292
nllb200_1B,facebook/nllb-200-1.3B,17,3LocalWordSwaps,558,0.8956238031387329
nllb200_1B,facebook/nllb-200-1.3B,17,3LocalWordSwaps,559,0.7472777366638184
nllb200_1B,facebook/nllb-200-1.3B,17,3LocalWordSwaps,560,0.9372223615646362
nllb200_1B,facebook/nllb-200-1.3B,17,3LocalWordSwaps,561,0.9475575685501099
nllb200_1B,facebook/nllb-200-1.3B,17,3LocalWordSwaps,562,0.9171962738037109
nllb200_1B,facebook/nllb-200-1.3B,17,3LocalWordSwaps,563,0.7089349031448364
nllb200_1B,facebook/nllb-200-1.3B,17,3LocalWordSwaps,564,0.8972736597061157
nllb200_1B,facebook/nllb-200-1.3B,17,3LocalWordSwaps,565,0.9325482845306396
nllb200_1B,facebook/nllb-200-1.3B,17,3LocalWordSwaps,566,0.9342936277389526
nllb200_1B,facebook/nllb-200-1.3B,17,3LocalWordSwaps,567,0.7224394083023071
nllb200_1B,facebook/nllb-200-1.3B,17,3LocalWordSwaps,568,0.9562870264053345
nllb200_1B,facebook/nllb-200-1.3B,17,3LocalWordSwaps,569,0.9200780987739563
nllb200_1B,facebook/nllb-200-1.3B,17,3LocalWordSwaps,570,0.6779556274414062
nllb200_1B,facebook/nllb-200-1.3B,17,3LocalWordSwaps,571,0.7925577163696289
nllb200_1B,facebook/nllb-200-1.3B,17,3LocalWordSwaps,572,0.9366073608398438
nllb200_1B,facebook/nllb-200-1.3B,17,3LocalWordSwaps,573,0.6673808693885803
nllb200_1B,facebook/nllb-200-1.3B,17,3LocalWordSwaps,574,0.9397268295288086
nllb200_1B,facebook/nllb-200-1.3B,17,3LocalWordSwaps,575,0.7301992177963257
nllb200_1B,facebook/nllb-200-1.3B,17,3LocalWordSwaps,576,0.9226048588752747
nllb200_1B,facebook/nllb-200-1.3B,17,3LocalWordSwaps,577,0.9327189922332764
nllb200_1B,facebook/nllb-200-1.3B,17,3LocalWordSwaps,578,0.9509400129318237
nllb200_1B,facebook/nllb-200-1.3B,17,3LocalWordSwaps,579,0.9162834286689758
nllb200_1B,facebook/nllb-200-1.3B,17,3LocalWordSwaps,580,0.9405797719955444
nllb200_1B,facebook/nllb-200-1.3B,17,3LocalWordSwaps,581,0.9374808073043823
nllb200_1B,facebook/nllb-200-1.3B,17,3LocalWordSwaps,582,0.9502052068710327
nllb200_1B,facebook/nllb-200-1.3B,17,3LocalWordSwaps,583,0.9522612690925598
nllb200_1B,facebook/nllb-200-1.3B,17,3LocalWordSwaps,584,0.9426602125167847
nllb200_1B,facebook/nllb-200-1.3B,17,3LocalWordSwaps,585,0.9491339921951294
nllb200_1B,facebook/nllb-200-1.3B,17,3LocalWordSwaps,586,0.9328821301460266
nllb200_1B,facebook/nllb-200-1.3B,17,3LocalWordSwaps,587,0.9485039114952087
nllb200_1B,facebook/nllb-200-1.3B,17,3LocalWordSwaps,588,0.9394739866256714
nllb200_1B,facebook/nllb-200-1.3B,17,3LocalWordSwaps,589,0.730639636516571
nllb200_1B,facebook/nllb-200-1.3B,17,3LocalWordSwaps,590,0.9398133158683777
nllb200_1B,facebook/nllb-200-1.3B,17,3LocalWordSwaps,591,0.6549792289733887
nllb200_1B,facebook/nllb-200-1.3B,17,3LocalWordSwaps,592,0.7343207001686096
nllb200_1B,facebook/nllb-200-1.3B,17,3LocalWordSwaps,593,0.9261625409126282
nllb200_1B,facebook/nllb-200-1.3B,17,3LocalWordSwaps,594,0.9560716152191162
nllb200_1B,facebook/nllb-200-1.3B,17,3LocalWordSwaps,595,0.9222488403320312
nllb200_1B,facebook/nllb-200-1.3B,17,3LocalWordSwaps,596,0.9479852914810181
nllb200_1B,facebook/nllb-200-1.3B,17,3LocalWordSwaps,597,0.8966193199157715
nllb200_1B,facebook/nllb-200-1.3B,17,3LocalWordSwaps,598,0.941361665725708
nllb200_1B,facebook/nllb-200-1.3B,17,3LocalWordSwaps,599,0.9311810731887817
nllb200_1B,facebook/nllb-200-1.3B,17,3LocalWordSwaps,600,0.9006006717681885
nllb200_1B,facebook/nllb-200-1.3B,17,3LocalWordSwaps,601,0.6812514066696167
nllb200_1B,facebook/nllb-200-1.3B,17,3LocalWordSwaps,602,0.9391453266143799
nllb200_1B,facebook/nllb-200-1.3B,17,3LocalWordSwaps,603,0.6555829048156738
nllb200_1B,facebook/nllb-200-1.3B,17,3LocalWordSwaps,604,0.9361367225646973
nllb200_1B,facebook/nllb-200-1.3B,17,3LocalWordSwaps,605,0.9507163763046265
nllb200_1B,facebook/nllb-200-1.3B,17,3LocalWordSwaps,606,0.9164981842041016
nllb200_1B,facebook/nllb-200-1.3B,17,3LocalWordSwaps,607,0.9440234899520874
nllb200_1B,facebook/nllb-200-1.3B,17,3LocalWordSwaps,608,0.7857115268707275
nllb200_1B,facebook/nllb-200-1.3B,17,3LocalWordSwaps,609,0.8245717287063599
nllb200_1B,facebook/nllb-200-1.3B,17,3LocalWordSwaps,610,0.9352973699569702
nllb200_1B,facebook/nllb-200-1.3B,17,3LocalWordSwaps,611,0.9182431101799011
nllb200_1B,facebook/nllb-200-1.3B,17,3LocalWordSwaps,612,0.9419018030166626
nllb200_1B,facebook/nllb-200-1.3B,17,3LocalWordSwaps,613,0.8939001560211182
nllb200_1B,facebook/nllb-200-1.3B,17,3LocalWordSwaps,614,0.9453791379928589
nllb200_1B,facebook/nllb-200-1.3B,17,3LocalWordSwaps,615,0.9332982301712036
nllb200_1B,facebook/nllb-200-1.3B,17,3LocalWordSwaps,616,0.9419993162155151
nllb200_1B,facebook/nllb-200-1.3B,17,3LocalWordSwaps,617,0.9347918033599854
nllb200_1B,facebook/nllb-200-1.3B,17,3LocalWordSwaps,618,0.9240286350250244
nllb200_1B,facebook/nllb-200-1.3B,17,3LocalWordSwaps,619,0.9483941793441772
nllb200_1B,facebook/nllb-200-1.3B,17,3LocalWordSwaps,620,0.9769219160079956
nllb200_1B,facebook/nllb-200-1.3B,17,3LocalWordSwaps,621,0.9424665570259094
nllb200_1B,facebook/nllb-200-1.3B,17,3LocalWordSwaps,622,0.9307050704956055
nllb200_1B,facebook/nllb-200-1.3B,17,3LocalWordSwaps,623,0.9298099875450134
nllb200_1B,facebook/nllb-200-1.3B,17,3LocalWordSwaps,624,0.9348049163818359
nllb200_1B,facebook/nllb-200-1.3B,17,3LocalWordSwaps,625,0.9373477101325989
nllb200_1B,facebook/nllb-200-1.3B,17,3LocalWordSwaps,626,0.9450992345809937
nllb200_1B,facebook/nllb-200-1.3B,17,3LocalWordSwaps,627,0.9403316974639893
nllb200_1B,facebook/nllb-200-1.3B,17,3LocalWordSwaps,628,0.9386035799980164
nllb200_1B,facebook/nllb-200-1.3B,17,3LocalWordSwaps,629,0.942611575126648
nllb200_1B,facebook/nllb-200-1.3B,17,3LocalWordSwaps,630,0.9318010807037354
nllb200_1B,facebook/nllb-200-1.3B,17,3LocalWordSwaps,631,0.9186813235282898
nllb200_1B,facebook/nllb-200-1.3B,17,3LocalWordSwaps,632,0.9233133792877197
nllb200_1B,facebook/nllb-200-1.3B,17,3LocalWordSwaps,633,0.9442218542098999
nllb200_1B,facebook/nllb-200-1.3B,17,3LocalWordSwaps,634,0.9248801469802856
nllb200_1B,facebook/nllb-200-1.3B,17,3LocalWordSwaps,635,0.9271216988563538
nllb200_1B,facebook/nllb-200-1.3B,17,3LocalWordSwaps,636,0.9475297331809998
nllb200_1B,facebook/nllb-200-1.3B,17,3LocalWordSwaps,637,0.9437981843948364
nllb200_1B,facebook/nllb-200-1.3B,17,3LocalWordSwaps,638,0.9479875564575195
nllb200_1B,facebook/nllb-200-1.3B,17,3LocalWordSwaps,639,0.9372667670249939
nllb200_1B,facebook/nllb-200-1.3B,17,3LocalWordSwaps,640,0.9075936675071716
nllb200_1B,facebook/nllb-200-1.3B,17,3LocalWordSwaps,641,0.9347032308578491
nllb200_1B,facebook/nllb-200-1.3B,17,3LocalWordSwaps,642,0.9232663512229919
nllb200_1B,facebook/nllb-200-1.3B,17,3LocalWordSwaps,643,0.9778362512588501
nllb200_1B,facebook/nllb-200-1.3B,17,3LocalWordSwaps,644,0.9311161041259766
nllb200_1B,facebook/nllb-200-1.3B,17,3LocalWordSwaps,645,0.9218661785125732
nllb200_1B,facebook/nllb-200-1.3B,17,3LocalWordSwaps,646,0.9199646711349487
nllb200_1B,facebook/nllb-200-1.3B,17,3LocalWordSwaps,647,0.9526251554489136
nllb200_1B,facebook/nllb-200-1.3B,17,3LocalWordSwaps,648,0.954024612903595
nllb200_1B,facebook/nllb-200-1.3B,17,3LocalWordSwaps,649,0.9307229518890381
nllb200_1B,facebook/nllb-200-1.3B,17,3LocalWordSwaps,650,0.9553576707839966
nllb200_1B,facebook/nllb-200-1.3B,17,3LocalWordSwaps,651,0.8945472836494446
nllb200_1B,facebook/nllb-200-1.3B,17,3LocalWordSwaps,652,0.9474572539329529
nllb200_1B,facebook/nllb-200-1.3B,17,3LocalWordSwaps,653,0.917249321937561
nllb200_1B,facebook/nllb-200-1.3B,17,3LocalWordSwaps,654,0.9324111938476562
nllb200_1B,facebook/nllb-200-1.3B,17,3LocalWordSwaps,655,0.9344930648803711
nllb200_1B,facebook/nllb-200-1.3B,17,3LocalWordSwaps,656,0.9293832778930664
nllb200_1B,facebook/nllb-200-1.3B,17,3LocalWordSwaps,657,0.9319130182266235
nllb200_1B,facebook/nllb-200-1.3B,17,3LocalWordSwaps,658,0.9237955808639526
nllb200_1B,facebook/nllb-200-1.3B,17,3LocalWordSwaps,659,0.9173295497894287
nllb200_1B,facebook/nllb-200-1.3B,17,3LocalWordSwaps,660,0.9644374847412109
nllb200_1B,facebook/nllb-200-1.3B,17,3LocalWordSwaps,661,0.9203522205352783
nllb200_1B,facebook/nllb-200-1.3B,17,3LocalWordSwaps,662,0.9221694469451904
nllb200_1B,facebook/nllb-200-1.3B,17,3LocalWordSwaps,663,0.9364473819732666
nllb200_1B,facebook/nllb-200-1.3B,17,3LocalWordSwaps,664,0.9393487572669983
nllb200_1B,facebook/nllb-200-1.3B,17,3LocalWordSwaps,665,0.9017504453659058
nllb200_1B,facebook/nllb-200-1.3B,17,3LocalWordSwaps,666,0.958553671836853
nllb200_1B,facebook/nllb-200-1.3B,17,3LocalWordSwaps,667,0.9473711252212524
nllb200_1B,facebook/nllb-200-1.3B,17,3LocalWordSwaps,668,0.9415123462677002
nllb200_1B,facebook/nllb-200-1.3B,17,3LocalWordSwaps,669,0.9354221224784851
nllb200_1B,facebook/nllb-200-1.3B,17,3LocalWordSwaps,670,0.94542396068573
nllb200_1B,facebook/nllb-200-1.3B,17,3LocalWordSwaps,671,0.9235919117927551
nllb200_1B,facebook/nllb-200-1.3B,17,3LocalWordSwaps,672,0.9388387203216553
nllb200_1B,facebook/nllb-200-1.3B,17,3LocalWordSwaps,673,0.9501821994781494
nllb200_1B,facebook/nllb-200-1.3B,17,3LocalWordSwaps,674,0.944828987121582
nllb200_1B,facebook/nllb-200-1.3B,17,3LocalWordSwaps,675,0.9347060918807983
nllb200_1B,facebook/nllb-200-1.3B,17,3LocalWordSwaps,676,0.9257657527923584
nllb200_1B,facebook/nllb-200-1.3B,17,3LocalWordSwaps,677,0.9423626661300659
nllb200_1B,facebook/nllb-200-1.3B,17,3LocalWordSwaps,678,0.9878835678100586
nllb200_1B,facebook/nllb-200-1.3B,17,3LocalWordSwaps,679,0.9270232915878296
nllb200_1B,facebook/nllb-200-1.3B,17,3LocalWordSwaps,680,0.9338893890380859
nllb200_1B,facebook/nllb-200-1.3B,17,3LocalWordSwaps,681,0.9479010701179504
nllb200_1B,facebook/nllb-200-1.3B,17,3LocalWordSwaps,682,0.9126904010772705
nllb200_1B,facebook/nllb-200-1.3B,17,3LocalWordSwaps,683,0.9122242331504822
nllb200_1B,facebook/nllb-200-1.3B,17,3LocalWordSwaps,684,0.9516971111297607
nllb200_1B,facebook/nllb-200-1.3B,17,3LocalWordSwaps,685,0.8614708185195923
nllb200_1B,facebook/nllb-200-1.3B,17,3LocalWordSwaps,686,0.9329465627670288
nllb200_1B,facebook/nllb-200-1.3B,17,3LocalWordSwaps,687,0.9241277575492859
nllb200_1B,facebook/nllb-200-1.3B,17,3LocalWordSwaps,688,0.9313346743583679
nllb200_1B,facebook/nllb-200-1.3B,17,3LocalWordSwaps,689,0.9545128345489502
nllb200_1B,facebook/nllb-200-1.3B,17,3LocalWordSwaps,690,0.9339132308959961
nllb200_1B,facebook/nllb-200-1.3B,17,3LocalWordSwaps,691,0.9357300996780396
nllb200_1B,facebook/nllb-200-1.3B,17,3LocalWordSwaps,692,0.9533711075782776
nllb200_1B,facebook/nllb-200-1.3B,17,3LocalWordSwaps,693,0.8676938414573669
nllb200_1B,facebook/nllb-200-1.3B,17,3LocalWordSwaps,694,0.9324712753295898
nllb200_1B,facebook/nllb-200-1.3B,17,3LocalWordSwaps,695,0.9499963521957397
nllb200_1B,facebook/nllb-200-1.3B,17,3LocalWordSwaps,696,0.9602915048599243
nllb200_1B,facebook/nllb-200-1.3B,17,3LocalWordSwaps,697,0.9289153218269348
nllb200_1B,facebook/nllb-200-1.3B,17,3LocalWordSwaps,698,0.9796419739723206
nllb200_1B,facebook/nllb-200-1.3B,17,3LocalWordSwaps,699,0.9440571069717407
nllb200_1B,facebook/nllb-200-1.3B,17,3LocalWordSwaps,700,0.9245196580886841
nllb200_1B,facebook/nllb-200-1.3B,17,3LocalWordSwaps,701,0.9325920343399048
nllb200_1B,facebook/nllb-200-1.3B,17,3LocalWordSwaps,702,0.9390132427215576
nllb200_1B,facebook/nllb-200-1.3B,17,3LocalWordSwaps,703,0.9430161118507385
nllb200_1B,facebook/nllb-200-1.3B,17,3LocalWordSwaps,704,0.9401897192001343
nllb200_1B,facebook/nllb-200-1.3B,17,3LocalWordSwaps,705,0.9294993877410889
nllb200_1B,facebook/nllb-200-1.3B,17,3LocalWordSwaps,706,0.9427142143249512
nllb200_1B,facebook/nllb-200-1.3B,17,3LocalWordSwaps,707,0.9037734270095825
nllb200_1B,facebook/nllb-200-1.3B,17,3LocalWordSwaps,708,0.937293529510498
nllb200_1B,facebook/nllb-200-1.3B,17,3LocalWordSwaps,709,0.9231828451156616
nllb200_1B,facebook/nllb-200-1.3B,17,3LocalWordSwaps,710,0.9239540696144104
nllb200_1B,facebook/nllb-200-1.3B,17,3LocalWordSwaps,711,0.9203298091888428
nllb200_1B,facebook/nllb-200-1.3B,17,3LocalWordSwaps,712,0.967138946056366
nllb200_1B,facebook/nllb-200-1.3B,17,3LocalWordSwaps,713,0.9352145195007324
nllb200_1B,facebook/nllb-200-1.3B,17,3LocalWordSwaps,714,0.9258593320846558
nllb200_1B,facebook/nllb-200-1.3B,17,3LocalWordSwaps,715,0.9926207065582275
nllb200_1B,facebook/nllb-200-1.3B,17,3LocalWordSwaps,716,0.9245524406433105
nllb200_1B,facebook/nllb-200-1.3B,17,3LocalWordSwaps,717,0.9404778480529785
nllb200_1B,facebook/nllb-200-1.3B,17,3LocalWordSwaps,718,0.9411280751228333
nllb200_1B,facebook/nllb-200-1.3B,17,3LocalWordSwaps,719,0.8919122219085693
nllb200_1B,facebook/nllb-200-1.3B,17,3LocalWordSwaps,720,0.9339248538017273
nllb200_1B,facebook/nllb-200-1.3B,17,3LocalWordSwaps,721,0.9442386627197266
nllb200_1B,facebook/nllb-200-1.3B,17,3LocalWordSwaps,722,0.9346828460693359
nllb200_1B,facebook/nllb-200-1.3B,17,3LocalWordSwaps,723,0.9315829277038574
nllb200_1B,facebook/nllb-200-1.3B,17,3LocalWordSwaps,724,0.9130488038063049
nllb200_1B,facebook/nllb-200-1.3B,17,3LocalWordSwaps,725,0.9429493546485901
nllb200_1B,facebook/nllb-200-1.3B,17,3LocalWordSwaps,726,0.7719154357910156
nllb200_1B,facebook/nllb-200-1.3B,17,3LocalWordSwaps,727,0.9354344606399536
nllb200_1B,facebook/nllb-200-1.3B,17,3LocalWordSwaps,728,0.9408872127532959
nllb200_1B,facebook/nllb-200-1.3B,17,3LocalWordSwaps,729,0.9408654570579529
nllb200_1B,facebook/nllb-200-1.3B,17,3LocalWordSwaps,730,0.9424271583557129
nllb200_1B,facebook/nllb-200-1.3B,17,3LocalWordSwaps,731,0.8831689357757568
nllb200_1B,facebook/nllb-200-1.3B,17,3LocalWordSwaps,732,0.9278861284255981
nllb200_1B,facebook/nllb-200-1.3B,17,3LocalWordSwaps,733,0.940563976764679
nllb200_1B,facebook/nllb-200-1.3B,17,3LocalWordSwaps,734,0.9359071850776672
nllb200_1B,facebook/nllb-200-1.3B,17,3LocalWordSwaps,735,0.9388470649719238
nllb200_1B,facebook/nllb-200-1.3B,17,3LocalWordSwaps,736,0.9444497227668762
nllb200_1B,facebook/nllb-200-1.3B,17,3LocalWordSwaps,737,0.9297409057617188
nllb200_1B,facebook/nllb-200-1.3B,17,3LocalWordSwaps,738,0.9443166255950928
nllb200_1B,facebook/nllb-200-1.3B,17,3LocalWordSwaps,739,0.6948159337043762
nllb200_1B,facebook/nllb-200-1.3B,17,3LocalWordSwaps,740,0.9412713050842285
nllb200_1B,facebook/nllb-200-1.3B,17,3LocalWordSwaps,741,0.9222710132598877
nllb200_1B,facebook/nllb-200-1.3B,17,3LocalWordSwaps,742,0.9297783374786377
nllb200_1B,facebook/nllb-200-1.3B,17,3LocalWordSwaps,743,0.9491143822669983
nllb200_1B,facebook/nllb-200-1.3B,17,3LocalWordSwaps,744,0.9459477663040161
nllb200_1B,facebook/nllb-200-1.3B,17,3LocalWordSwaps,745,0.9326128959655762
nllb200_1B,facebook/nllb-200-1.3B,17,3LocalWordSwaps,746,0.9821924567222595
nllb200_1B,facebook/nllb-200-1.3B,17,3LocalWordSwaps,747,0.980046272277832
nllb200_1B,facebook/nllb-200-1.3B,17,3LocalWordSwaps,748,0.7640120983123779
nllb200_1B,facebook/nllb-200-1.3B,17,3LocalWordSwaps,749,0.9414335489273071
nllb200_1B,facebook/nllb-200-1.3B,17,3LocalWordSwaps,750,0.9333263635635376
nllb200_1B,facebook/nllb-200-1.3B,17,3LocalWordSwaps,751,0.684758186340332
nllb200_1B,facebook/nllb-200-1.3B,17,3LocalWordSwaps,752,0.9351494312286377
nllb200_1B,facebook/nllb-200-1.3B,17,3LocalWordSwaps,753,0.739680826663971
nllb200_1B,facebook/nllb-200-1.3B,17,3LocalWordSwaps,754,0.7644777894020081
nllb200_1B,facebook/nllb-200-1.3B,17,3LocalWordSwaps,755,0.9506117105484009
nllb200_1B,facebook/nllb-200-1.3B,17,3LocalWordSwaps,756,0.9346541166305542
nllb200_1B,facebook/nllb-200-1.3B,17,3LocalWordSwaps,757,0.934668779373169
nllb200_1B,facebook/nllb-200-1.3B,17,3LocalWordSwaps,758,0.6876007318496704
nllb200_1B,facebook/nllb-200-1.3B,17,3LocalWordSwaps,759,0.9382184743881226
nllb200_1B,facebook/nllb-200-1.3B,17,3LocalWordSwaps,760,0.9250361323356628
nllb200_1B,facebook/nllb-200-1.3B,17,3LocalWordSwaps,761,0.9023618102073669
nllb200_1B,facebook/nllb-200-1.3B,17,3LocalWordSwaps,762,0.916337251663208
nllb200_1B,facebook/nllb-200-1.3B,17,3LocalWordSwaps,763,0.9268650412559509
nllb200_1B,facebook/nllb-200-1.3B,17,3LocalWordSwaps,764,0.9197695851325989
nllb200_1B,facebook/nllb-200-1.3B,17,3LocalWordSwaps,765,0.9451045989990234
nllb200_1B,facebook/nllb-200-1.3B,17,3LocalWordSwaps,766,0.9440653324127197
nllb200_1B,facebook/nllb-200-1.3B,17,3LocalWordSwaps,767,0.9551103115081787
nllb200_1B,facebook/nllb-200-1.3B,17,3LocalWordSwaps,768,0.9431533813476562
nllb200_1B,facebook/nllb-200-1.3B,17,3LocalWordSwaps,769,0.7094038128852844
nllb200_1B,facebook/nllb-200-1.3B,17,3LocalWordSwaps,770,0.5973957777023315
nllb200_1B,facebook/nllb-200-1.3B,17,3LocalWordSwaps,771,0.941957950592041
nllb200_1B,facebook/nllb-200-1.3B,17,3LocalWordSwaps,772,0.9319713115692139
nllb200_1B,facebook/nllb-200-1.3B,17,3LocalWordSwaps,773,0.9064799547195435
nllb200_1B,facebook/nllb-200-1.3B,17,3LocalWordSwaps,774,0.9460486769676208
nllb200_1B,facebook/nllb-200-1.3B,17,3LocalWordSwaps,775,0.9101295471191406
nllb200_1B,facebook/nllb-200-1.3B,17,3LocalWordSwaps,776,0.9330498576164246
nllb200_1B,facebook/nllb-200-1.3B,17,3LocalWordSwaps,777,0.925658643245697
nllb200_1B,facebook/nllb-200-1.3B,17,3LocalWordSwaps,778,0.8932540416717529
nllb200_1B,facebook/nllb-200-1.3B,17,3LocalWordSwaps,779,0.785964846611023
nllb200_1B,facebook/nllb-200-1.3B,17,3LocalWordSwaps,780,0.9631659388542175
nllb200_1B,facebook/nllb-200-1.3B,17,3LocalWordSwaps,781,0.9567286968231201
nllb200_1B,facebook/nllb-200-1.3B,17,3LocalWordSwaps,782,0.9375618696212769
nllb200_1B,facebook/nllb-200-1.3B,17,3LocalWordSwaps,783,0.9388085603713989
nllb200_1B,facebook/nllb-200-1.3B,17,3LocalWordSwaps,784,0.9224989414215088
nllb200_1B,facebook/nllb-200-1.3B,17,3LocalWordSwaps,785,0.6622332334518433
nllb200_1B,facebook/nllb-200-1.3B,17,3LocalWordSwaps,786,0.9541165828704834
nllb200_1B,facebook/nllb-200-1.3B,17,3LocalWordSwaps,787,0.9356926679611206
nllb200_1B,facebook/nllb-200-1.3B,17,3LocalWordSwaps,788,0.9545462131500244
nllb200_1B,facebook/nllb-200-1.3B,17,3LocalWordSwaps,789,0.6240620017051697
nllb200_1B,facebook/nllb-200-1.3B,17,3LocalWordSwaps,790,0.9289655685424805
nllb200_1B,facebook/nllb-200-1.3B,17,3LocalWordSwaps,791,0.6409156322479248
nllb200_1B,facebook/nllb-200-1.3B,17,3LocalWordSwaps,792,0.9238759279251099
nllb200_1B,facebook/nllb-200-1.3B,17,3LocalWordSwaps,793,0.5997504591941833
nllb200_1B,facebook/nllb-200-1.3B,17,3LocalWordSwaps,794,0.9437071084976196
nllb200_1B,facebook/nllb-200-1.3B,17,3LocalWordSwaps,795,0.9500433206558228
nllb200_1B,facebook/nllb-200-1.3B,17,3LocalWordSwaps,796,0.6427258849143982
nllb200_1B,facebook/nllb-200-1.3B,17,3LocalWordSwaps,797,0.9502154588699341
nllb200_1B,facebook/nllb-200-1.3B,17,3LocalWordSwaps,798,0.9379897713661194
nllb200_1B,facebook/nllb-200-1.3B,17,3LocalWordSwaps,799,0.9467055797576904
nllb200_1B,facebook/nllb-200-1.3B,17,3LocalWordSwaps,800,0.945423424243927
nllb200_1B,facebook/nllb-200-1.3B,17,3LocalWordSwaps,801,0.9087401628494263
nllb200_1B,facebook/nllb-200-1.3B,17,3LocalWordSwaps,802,0.9301757216453552
nllb200_1B,facebook/nllb-200-1.3B,17,3LocalWordSwaps,803,0.9487653970718384
nllb200_1B,facebook/nllb-200-1.3B,17,3LocalWordSwaps,804,0.6668447256088257
nllb200_1B,facebook/nllb-200-1.3B,17,3LocalWordSwaps,805,0.6249209642410278
nllb200_1B,facebook/nllb-200-1.3B,17,3LocalWordSwaps,806,0.6114202737808228
nllb200_1B,facebook/nllb-200-1.3B,17,3LocalWordSwaps,807,0.949373722076416
nllb200_1B,facebook/nllb-200-1.3B,17,3LocalWordSwaps,808,0.7160220146179199
nllb200_1B,facebook/nllb-200-1.3B,17,3LocalWordSwaps,809,0.9355641603469849
nllb200_1B,facebook/nllb-200-1.3B,17,3LocalWordSwaps,810,0.9360722899436951
nllb200_1B,facebook/nllb-200-1.3B,17,3LocalWordSwaps,811,0.9253061413764954
nllb200_1B,facebook/nllb-200-1.3B,17,3LocalWordSwaps,812,0.636616587638855
nllb200_1B,facebook/nllb-200-1.3B,17,3LocalWordSwaps,813,0.7458533048629761
nllb200_1B,facebook/nllb-200-1.3B,17,3LocalWordSwaps,814,0.9440014362335205
nllb200_1B,facebook/nllb-200-1.3B,17,3LocalWordSwaps,815,0.9429889917373657
nllb200_1B,facebook/nllb-200-1.3B,17,3LocalWordSwaps,816,0.6592399477958679
nllb200_1B,facebook/nllb-200-1.3B,17,3LocalWordSwaps,817,0.9435851573944092
nllb200_1B,facebook/nllb-200-1.3B,17,3LocalWordSwaps,818,0.8799806833267212
nllb200_1B,facebook/nllb-200-1.3B,17,3LocalWordSwaps,819,0.923288106918335
nllb200_1B,facebook/nllb-200-1.3B,17,3LocalWordSwaps,820,0.7885347604751587
nllb200_1B,facebook/nllb-200-1.3B,17,3LocalWordSwaps,821,0.9502888917922974
nllb200_1B,facebook/nllb-200-1.3B,17,3LocalWordSwaps,822,0.9466748237609863
nllb200_1B,facebook/nllb-200-1.3B,17,3LocalWordSwaps,823,0.9496697187423706
nllb200_1B,facebook/nllb-200-1.3B,17,3LocalWordSwaps,824,0.9546128511428833
nllb200_1B,facebook/nllb-200-1.3B,17,3LocalWordSwaps,825,0.903531551361084
nllb200_1B,facebook/nllb-200-1.3B,17,3LocalWordSwaps,826,0.9434664249420166
nllb200_1B,facebook/nllb-200-1.3B,17,3LocalWordSwaps,827,0.9499678015708923
nllb200_1B,facebook/nllb-200-1.3B,17,3LocalWordSwaps,828,0.7669137120246887
nllb200_1B,facebook/nllb-200-1.3B,17,3LocalWordSwaps,829,0.9257169961929321
nllb200_1B,facebook/nllb-200-1.3B,17,3LocalWordSwaps,830,0.9396034479141235
nllb200_1B,facebook/nllb-200-1.3B,17,3LocalWordSwaps,831,0.8945825695991516
nllb200_1B,facebook/nllb-200-1.3B,17,3LocalWordSwaps,832,0.9433695077896118
nllb200_1B,facebook/nllb-200-1.3B,17,3LocalWordSwaps,833,0.9933340549468994
nllb200_1B,facebook/nllb-200-1.3B,17,3LocalWordSwaps,834,0.94208824634552
nllb200_1B,facebook/nllb-200-1.3B,17,3LocalWordSwaps,835,0.9485713243484497
nllb200_1B,facebook/nllb-200-1.3B,17,3LocalWordSwaps,836,0.9513384103775024
nllb200_1B,facebook/nllb-200-1.3B,17,3LocalWordSwaps,837,0.9408385753631592
nllb200_1B,facebook/nllb-200-1.3B,17,3LocalWordSwaps,838,0.9336485862731934
nllb200_1B,facebook/nllb-200-1.3B,17,3LocalWordSwaps,839,0.927815318107605
nllb200_1B,facebook/nllb-200-1.3B,17,3LocalWordSwaps,840,0.9334220886230469
nllb200_1B,facebook/nllb-200-1.3B,17,3LocalWordSwaps,841,0.9403442740440369
nllb200_1B,facebook/nllb-200-1.3B,17,3LocalWordSwaps,842,0.9448917508125305
nllb200_1B,facebook/nllb-200-1.3B,17,3LocalWordSwaps,843,0.9363510012626648
nllb200_1B,facebook/nllb-200-1.3B,17,3LocalWordSwaps,844,0.9303618669509888
nllb200_1B,facebook/nllb-200-1.3B,17,3LocalWordSwaps,845,0.9372060894966125
nllb200_1B,facebook/nllb-200-1.3B,17,3LocalWordSwaps,846,0.9319167137145996
nllb200_1B,facebook/nllb-200-1.3B,17,3LocalWordSwaps,847,0.9209377765655518
nllb200_1B,facebook/nllb-200-1.3B,17,3LocalWordSwaps,848,0.942750871181488
nllb200_1B,facebook/nllb-200-1.3B,17,3LocalWordSwaps,849,0.9375777244567871
nllb200_1B,facebook/nllb-200-1.3B,17,3LocalWordSwaps,850,0.9447206258773804
nllb200_1B,facebook/nllb-200-1.3B,17,3LocalWordSwaps,851,0.9351788759231567
nllb200_1B,facebook/nllb-200-1.3B,17,3LocalWordSwaps,852,0.953996479511261
nllb200_1B,facebook/nllb-200-1.3B,17,3LocalWordSwaps,853,0.9373846054077148
nllb200_1B,facebook/nllb-200-1.3B,17,3LocalWordSwaps,854,0.9284390211105347
nllb200_1B,facebook/nllb-200-1.3B,17,3LocalWordSwaps,855,0.935340404510498
nllb200_1B,facebook/nllb-200-1.3B,17,3LocalWordSwaps,856,0.9407542943954468
nllb200_1B,facebook/nllb-200-1.3B,17,3LocalWordSwaps,857,0.9294827580451965
nllb200_1B,facebook/nllb-200-1.3B,17,3LocalWordSwaps,858,0.9561139345169067
nllb200_1B,facebook/nllb-200-1.3B,17,3LocalWordSwaps,859,0.9421075582504272
nllb200_1B,facebook/nllb-200-1.3B,17,3LocalWordSwaps,860,0.9353545904159546
nllb200_1B,facebook/nllb-200-1.3B,17,3LocalWordSwaps,861,0.9448965787887573
nllb200_1B,facebook/nllb-200-1.3B,17,3LocalWordSwaps,862,0.9445037245750427
nllb200_1B,facebook/nllb-200-1.3B,17,3LocalWordSwaps,863,0.9022970199584961
nllb200_1B,facebook/nllb-200-1.3B,17,3LocalWordSwaps,864,0.9327418804168701
nllb200_1B,facebook/nllb-200-1.3B,17,3LocalWordSwaps,865,0.983659029006958
nllb200_1B,facebook/nllb-200-1.3B,17,3LocalWordSwaps,866,0.9490492343902588
nllb200_1B,facebook/nllb-200-1.3B,17,3LocalWordSwaps,867,0.9232015609741211
nllb200_1B,facebook/nllb-200-1.3B,17,3LocalWordSwaps,868,0.9105742573738098
nllb200_1B,facebook/nllb-200-1.3B,17,3LocalWordSwaps,869,0.9243708848953247
nllb200_1B,facebook/nllb-200-1.3B,17,3LocalWordSwaps,870,0.94722580909729
nllb200_1B,facebook/nllb-200-1.3B,17,3LocalWordSwaps,871,0.935396671295166
nllb200_1B,facebook/nllb-200-1.3B,17,3LocalWordSwaps,872,0.936137318611145
nllb200_1B,facebook/nllb-200-1.3B,17,3LocalWordSwaps,873,0.9502262473106384
nllb200_1B,facebook/nllb-200-1.3B,17,3LocalWordSwaps,874,0.9476118087768555
nllb200_1B,facebook/nllb-200-1.3B,17,3LocalWordSwaps,875,0.949093759059906
nllb200_1B,facebook/nllb-200-1.3B,17,3LocalWordSwaps,876,0.9327892065048218
nllb200_1B,facebook/nllb-200-1.3B,17,3LocalWordSwaps,877,0.9406809210777283
nllb200_1B,facebook/nllb-200-1.3B,17,3LocalWordSwaps,878,0.9404243230819702
nllb200_1B,facebook/nllb-200-1.3B,17,3LocalWordSwaps,879,0.9309080839157104
nllb200_1B,facebook/nllb-200-1.3B,17,3LocalWordSwaps,880,0.9346055388450623
nllb200_1B,facebook/nllb-200-1.3B,17,3LocalWordSwaps,881,0.9337314367294312
nllb200_1B,facebook/nllb-200-1.3B,17,3LocalWordSwaps,882,0.9366815090179443
nllb200_1B,facebook/nllb-200-1.3B,17,3LocalWordSwaps,883,0.9399328827857971
nllb200_1B,facebook/nllb-200-1.3B,17,3LocalWordSwaps,884,0.9477483034133911
nllb200_1B,facebook/nllb-200-1.3B,17,3LocalWordSwaps,885,0.9247603416442871
nllb200_1B,facebook/nllb-200-1.3B,17,3LocalWordSwaps,886,0.9882755279541016
nllb200_1B,facebook/nllb-200-1.3B,17,3LocalWordSwaps,887,0.9008928537368774
nllb200_1B,facebook/nllb-200-1.3B,17,3LocalWordSwaps,888,0.8851115703582764
nllb200_1B,facebook/nllb-200-1.3B,17,3LocalWordSwaps,889,0.6505779027938843
nllb200_1B,facebook/nllb-200-1.3B,17,3LocalWordSwaps,890,0.9338561296463013
nllb200_1B,facebook/nllb-200-1.3B,17,3LocalWordSwaps,891,0.9351019263267517
nllb200_1B,facebook/nllb-200-1.3B,17,3LocalWordSwaps,892,0.9052016735076904
nllb200_1B,facebook/nllb-200-1.3B,17,3LocalWordSwaps,893,0.9399077892303467
nllb200_1B,facebook/nllb-200-1.3B,17,3LocalWordSwaps,894,0.6796000003814697
nllb200_1B,facebook/nllb-200-1.3B,17,3LocalWordSwaps,895,0.9368851780891418
nllb200_1B,facebook/nllb-200-1.3B,17,3LocalWordSwaps,896,0.9456988573074341
nllb200_1B,facebook/nllb-200-1.3B,17,3LocalWordSwaps,897,0.9551057815551758
nllb200_1B,facebook/nllb-200-1.3B,17,3LocalWordSwaps,898,0.9298551082611084
nllb200_1B,facebook/nllb-200-1.3B,17,3LocalWordSwaps,899,0.9160730838775635
nllb200_1B,facebook/nllb-200-1.3B,17,3LocalWordSwaps,900,0.7423416376113892
nllb200_1B,facebook/nllb-200-1.3B,17,3LocalWordSwaps,901,0.9539394378662109
nllb200_1B,facebook/nllb-200-1.3B,17,3LocalWordSwaps,902,0.6504697799682617
nllb200_1B,facebook/nllb-200-1.3B,17,3LocalWordSwaps,903,0.9291569590568542
nllb200_1B,facebook/nllb-200-1.3B,17,3LocalWordSwaps,904,0.9392672777175903
nllb200_1B,facebook/nllb-200-1.3B,17,3LocalWordSwaps,905,0.7369884252548218
nllb200_1B,facebook/nllb-200-1.3B,17,3LocalWordSwaps,906,0.9629828929901123
nllb200_1B,facebook/nllb-200-1.3B,17,3LocalWordSwaps,907,0.9161062240600586
nllb200_1B,facebook/nllb-200-1.3B,17,3LocalWordSwaps,908,0.9608024954795837
nllb200_1B,facebook/nllb-200-1.3B,17,3LocalWordSwaps,909,0.7508441805839539
nllb200_1B,facebook/nllb-200-1.3B,17,3LocalWordSwaps,910,0.9262964725494385
nllb200_1B,facebook/nllb-200-1.3B,17,3LocalWordSwaps,911,0.7637300491333008
nllb200_1B,facebook/nllb-200-1.3B,17,3LocalWordSwaps,912,0.748920202255249
nllb200_1B,facebook/nllb-200-1.3B,17,3LocalWordSwaps,913,0.9443638324737549
nllb200_1B,facebook/nllb-200-1.3B,17,3LocalWordSwaps,914,0.9413472414016724
nllb200_1B,facebook/nllb-200-1.3B,17,3LocalWordSwaps,915,0.7389808893203735
nllb200_1B,facebook/nllb-200-1.3B,17,3LocalWordSwaps,916,0.9386965036392212
nllb200_1B,facebook/nllb-200-1.3B,17,3LocalWordSwaps,917,0.9541592597961426
nllb200_1B,facebook/nllb-200-1.3B,17,3LocalWordSwaps,918,0.9315807819366455
nllb200_1B,facebook/nllb-200-1.3B,17,3LocalWordSwaps,919,0.6433141231536865
nllb200_1B,facebook/nllb-200-1.3B,17,3LocalWordSwaps,920,0.9066201448440552
nllb200_1B,facebook/nllb-200-1.3B,17,3LocalWordSwaps,921,0.6956063508987427
nllb200_1B,facebook/nllb-200-1.3B,17,3LocalWordSwaps,922,0.9529863595962524
nllb200_1B,facebook/nllb-200-1.3B,17,3LocalWordSwaps,923,0.9423295259475708
nllb200_1B,facebook/nllb-200-1.3B,17,3LocalWordSwaps,924,0.9303969740867615
nllb200_1B,facebook/nllb-200-1.3B,17,3LocalWordSwaps,925,0.9414656162261963
nllb200_1B,facebook/nllb-200-1.3B,17,3LocalWordSwaps,926,0.9307758808135986
nllb200_1B,facebook/nllb-200-1.3B,17,3LocalWordSwaps,927,0.925415575504303
nllb200_1B,facebook/nllb-200-1.3B,17,3LocalWordSwaps,928,0.9328181743621826
nllb200_1B,facebook/nllb-200-1.3B,17,3LocalWordSwaps,929,0.8979383707046509
nllb200_1B,facebook/nllb-200-1.3B,17,3LocalWordSwaps,930,0.9509410858154297
nllb200_1B,facebook/nllb-200-1.3B,17,3LocalWordSwaps,931,0.9557402729988098
nllb200_1B,facebook/nllb-200-1.3B,17,3LocalWordSwaps,932,0.9322648048400879
nllb200_1B,facebook/nllb-200-1.3B,17,3LocalWordSwaps,933,0.9495331048965454
nllb200_1B,facebook/nllb-200-1.3B,17,3LocalWordSwaps,934,0.9156783819198608
nllb200_1B,facebook/nllb-200-1.3B,17,3LocalWordSwaps,935,0.9263275265693665
nllb200_1B,facebook/nllb-200-1.3B,17,3LocalWordSwaps,936,0.9303542971611023
nllb200_1B,facebook/nllb-200-1.3B,17,3LocalWordSwaps,937,0.9762727618217468
nllb200_1B,facebook/nllb-200-1.3B,17,3LocalWordSwaps,938,0.9362100958824158
nllb200_1B,facebook/nllb-200-1.3B,17,3LocalWordSwaps,939,0.6916093826293945
nllb200_1B,facebook/nllb-200-1.3B,17,3LocalWordSwaps,940,0.9325821399688721
nllb200_1B,facebook/nllb-200-1.3B,17,3LocalWordSwaps,941,0.942839503288269
nllb200_1B,facebook/nllb-200-1.3B,17,3LocalWordSwaps,942,0.9405144453048706
nllb200_1B,facebook/nllb-200-1.3B,17,3LocalWordSwaps,943,0.9367823600769043
nllb200_1B,facebook/nllb-200-1.3B,17,3LocalWordSwaps,944,0.9253515601158142
nllb200_1B,facebook/nllb-200-1.3B,17,3LocalWordSwaps,945,0.9473657011985779
nllb200_1B,facebook/nllb-200-1.3B,17,3LocalWordSwaps,946,0.9462426900863647
nllb200_1B,facebook/nllb-200-1.3B,17,3LocalWordSwaps,947,0.9456473588943481
nllb200_1B,facebook/nllb-200-1.3B,17,3LocalWordSwaps,948,0.9481297135353088
nllb200_1B,facebook/nllb-200-1.3B,17,3LocalWordSwaps,949,0.9609270095825195
nllb200_1B,facebook/nllb-200-1.3B,17,3LocalWordSwaps,950,0.9408507943153381
nllb200_1B,facebook/nllb-200-1.3B,17,3LocalWordSwaps,951,0.9583265781402588
nllb200_1B,facebook/nllb-200-1.3B,17,3LocalWordSwaps,952,0.9272776246070862
nllb200_1B,facebook/nllb-200-1.3B,17,3LocalWordSwaps,953,0.9468457698822021
nllb200_1B,facebook/nllb-200-1.3B,17,3LocalWordSwaps,954,0.9217283725738525
nllb200_1B,facebook/nllb-200-1.3B,17,3LocalWordSwaps,955,0.9287304282188416
nllb200_1B,facebook/nllb-200-1.3B,17,3LocalWordSwaps,956,0.949587881565094
nllb200_1B,facebook/nllb-200-1.3B,17,3LocalWordSwaps,957,0.9537626504898071
nllb200_1B,facebook/nllb-200-1.3B,17,3LocalWordSwaps,958,0.92146897315979
nllb200_1B,facebook/nllb-200-1.3B,17,3LocalWordSwaps,959,0.9184913635253906
nllb200_1B,facebook/nllb-200-1.3B,17,3LocalWordSwaps,960,0.9593039751052856
nllb200_1B,facebook/nllb-200-1.3B,17,3LocalWordSwaps,961,0.9392166137695312
nllb200_1B,facebook/nllb-200-1.3B,17,3LocalWordSwaps,962,0.9425193071365356
nllb200_1B,facebook/nllb-200-1.3B,17,3LocalWordSwaps,963,0.9320105314254761
nllb200_1B,facebook/nllb-200-1.3B,17,3LocalWordSwaps,964,0.9492932558059692
nllb200_1B,facebook/nllb-200-1.3B,17,3LocalWordSwaps,965,0.9527875185012817
nllb200_1B,facebook/nllb-200-1.3B,17,3LocalWordSwaps,966,0.8988794088363647
nllb200_1B,facebook/nllb-200-1.3B,17,3LocalWordSwaps,967,0.899679958820343
nllb200_1B,facebook/nllb-200-1.3B,17,3LocalWordSwaps,968,0.9353371858596802
nllb200_1B,facebook/nllb-200-1.3B,17,3LocalWordSwaps,969,0.9462317824363708
nllb200_1B,facebook/nllb-200-1.3B,17,3LocalWordSwaps,970,0.6593660712242126
nllb200_1B,facebook/nllb-200-1.3B,17,3LocalWordSwaps,971,0.9836077690124512
nllb200_1B,facebook/nllb-200-1.3B,17,3LocalWordSwaps,972,0.9888797402381897
nllb200_1B,facebook/nllb-200-1.3B,17,3LocalWordSwaps,973,0.6989036798477173
nllb200_1B,facebook/nllb-200-1.3B,17,3LocalWordSwaps,974,0.9441426396369934
nllb200_1B,facebook/nllb-200-1.3B,17,3LocalWordSwaps,975,0.8884533047676086
nllb200_1B,facebook/nllb-200-1.3B,17,3LocalWordSwaps,976,0.9370172023773193
nllb200_1B,facebook/nllb-200-1.3B,17,3LocalWordSwaps,977,0.9362050294876099
nllb200_1B,facebook/nllb-200-1.3B,17,3LocalWordSwaps,978,0.9380853176116943
nllb200_1B,facebook/nllb-200-1.3B,17,3LocalWordSwaps,979,0.9388755559921265
nllb200_1B,facebook/nllb-200-1.3B,17,3LocalWordSwaps,980,0.9453285336494446
nllb200_1B,facebook/nllb-200-1.3B,17,3LocalWordSwaps,981,0.9827864170074463
nllb200_1B,facebook/nllb-200-1.3B,17,3LocalWordSwaps,982,0.9412817358970642
nllb200_1B,facebook/nllb-200-1.3B,17,3LocalWordSwaps,983,0.9485435485839844
nllb200_1B,facebook/nllb-200-1.3B,17,3LocalWordSwaps,984,0.9128354787826538
nllb200_1B,facebook/nllb-200-1.3B,17,3LocalWordSwaps,985,0.9454495906829834
nllb200_1B,facebook/nllb-200-1.3B,17,3LocalWordSwaps,986,0.9197732210159302
nllb200_1B,facebook/nllb-200-1.3B,17,3LocalWordSwaps,987,0.9442441463470459
nllb200_1B,facebook/nllb-200-1.3B,17,3LocalWordSwaps,988,0.9841704368591309
nllb200_1B,facebook/nllb-200-1.3B,17,3LocalWordSwaps,989,0.9438034296035767
nllb200_1B,facebook/nllb-200-1.3B,17,3LocalWordSwaps,990,0.939360499382019
nllb200_1B,facebook/nllb-200-1.3B,17,3LocalWordSwaps,991,0.8859316110610962
nllb200_1B,facebook/nllb-200-1.3B,17,3LocalWordSwaps,992,0.9271368980407715
nllb200_1B,facebook/nllb-200-1.3B,17,3LocalWordSwaps,993,0.7357284426689148
nllb200_1B,facebook/nllb-200-1.3B,17,3LocalWordSwaps,994,0.9845686554908752
nllb200_1B,facebook/nllb-200-1.3B,17,3LocalWordSwaps,995,0.9286407232284546
nllb200_1B,facebook/nllb-200-1.3B,17,3LocalWordSwaps,996,0.7791744470596313
nllb200_1B,facebook/nllb-200-1.3B,17,3LocalWordSwaps,997,0.9844462871551514
nllb200_1B,facebook/nllb-200-1.3B,17,3LocalWordSwaps,998,0.9429240226745605
nllb200_1B,facebook/nllb-200-1.3B,17,3LocalWordSwaps,999,0.9304711222648621
nllb200_1B,facebook/nllb-200-1.3B,17,4LocalWordSwaps,0,0.9170643091201782
nllb200_1B,facebook/nllb-200-1.3B,17,4LocalWordSwaps,1,0.7470908761024475
nllb200_1B,facebook/nllb-200-1.3B,17,4LocalWordSwaps,2,0.9195399284362793
nllb200_1B,facebook/nllb-200-1.3B,17,4LocalWordSwaps,3,0.9377161264419556
nllb200_1B,facebook/nllb-200-1.3B,17,4LocalWordSwaps,4,0.9440798759460449
nllb200_1B,facebook/nllb-200-1.3B,17,4LocalWordSwaps,5,0.9909330606460571
nllb200_1B,facebook/nllb-200-1.3B,17,4LocalWordSwaps,6,0.9319434762001038
nllb200_1B,facebook/nllb-200-1.3B,17,4LocalWordSwaps,7,0.9397685527801514
nllb200_1B,facebook/nllb-200-1.3B,17,4LocalWordSwaps,8,0.9161704778671265
nllb200_1B,facebook/nllb-200-1.3B,17,4LocalWordSwaps,9,0.9198216199874878
nllb200_1B,facebook/nllb-200-1.3B,17,4LocalWordSwaps,10,0.9251589775085449
nllb200_1B,facebook/nllb-200-1.3B,17,4LocalWordSwaps,11,0.9524418711662292
nllb200_1B,facebook/nllb-200-1.3B,17,4LocalWordSwaps,12,0.9248635768890381
nllb200_1B,facebook/nllb-200-1.3B,17,4LocalWordSwaps,13,0.9260371923446655
nllb200_1B,facebook/nllb-200-1.3B,17,4LocalWordSwaps,14,0.916653037071228
nllb200_1B,facebook/nllb-200-1.3B,17,4LocalWordSwaps,15,0.9385377168655396
nllb200_1B,facebook/nllb-200-1.3B,17,4LocalWordSwaps,16,0.939964771270752
nllb200_1B,facebook/nllb-200-1.3B,17,4LocalWordSwaps,17,0.9262527227401733
nllb200_1B,facebook/nllb-200-1.3B,17,4LocalWordSwaps,18,0.9267014861106873
nllb200_1B,facebook/nllb-200-1.3B,17,4LocalWordSwaps,19,0.93016117811203
nllb200_1B,facebook/nllb-200-1.3B,17,4LocalWordSwaps,20,0.9536363482475281
nllb200_1B,facebook/nllb-200-1.3B,17,4LocalWordSwaps,21,0.938325047492981
nllb200_1B,facebook/nllb-200-1.3B,17,4LocalWordSwaps,22,0.9487371444702148
nllb200_1B,facebook/nllb-200-1.3B,17,4LocalWordSwaps,23,0.946829080581665
nllb200_1B,facebook/nllb-200-1.3B,17,4LocalWordSwaps,24,0.957119345664978
nllb200_1B,facebook/nllb-200-1.3B,17,4LocalWordSwaps,25,0.9443322420120239
nllb200_1B,facebook/nllb-200-1.3B,17,4LocalWordSwaps,26,0.940384030342102
nllb200_1B,facebook/nllb-200-1.3B,17,4LocalWordSwaps,27,0.9130037426948547
nllb200_1B,facebook/nllb-200-1.3B,17,4LocalWordSwaps,28,0.9441478252410889
nllb200_1B,facebook/nllb-200-1.3B,17,4LocalWordSwaps,29,0.9436335563659668
nllb200_1B,facebook/nllb-200-1.3B,17,4LocalWordSwaps,30,0.9223669171333313
nllb200_1B,facebook/nllb-200-1.3B,17,4LocalWordSwaps,31,0.9268181324005127
nllb200_1B,facebook/nllb-200-1.3B,17,4LocalWordSwaps,32,0.9221881628036499
nllb200_1B,facebook/nllb-200-1.3B,17,4LocalWordSwaps,33,0.9152224063873291
nllb200_1B,facebook/nllb-200-1.3B,17,4LocalWordSwaps,34,0.9383533000946045
nllb200_1B,facebook/nllb-200-1.3B,17,4LocalWordSwaps,35,0.940375566482544
nllb200_1B,facebook/nllb-200-1.3B,17,4LocalWordSwaps,36,0.9178492426872253
nllb200_1B,facebook/nllb-200-1.3B,17,4LocalWordSwaps,37,0.9158972501754761
nllb200_1B,facebook/nllb-200-1.3B,17,4LocalWordSwaps,38,0.9414196610450745
nllb200_1B,facebook/nllb-200-1.3B,17,4LocalWordSwaps,39,0.897704541683197
nllb200_1B,facebook/nllb-200-1.3B,17,4LocalWordSwaps,40,0.9430161118507385
nllb200_1B,facebook/nllb-200-1.3B,17,4LocalWordSwaps,41,0.9433877468109131
nllb200_1B,facebook/nllb-200-1.3B,17,4LocalWordSwaps,42,0.7511599659919739
nllb200_1B,facebook/nllb-200-1.3B,17,4LocalWordSwaps,43,0.933604896068573
nllb200_1B,facebook/nllb-200-1.3B,17,4LocalWordSwaps,44,0.9525405168533325
nllb200_1B,facebook/nllb-200-1.3B,17,4LocalWordSwaps,45,0.9172079563140869
nllb200_1B,facebook/nllb-200-1.3B,17,4LocalWordSwaps,46,0.9343595504760742
nllb200_1B,facebook/nllb-200-1.3B,17,4LocalWordSwaps,47,0.9283924102783203
nllb200_1B,facebook/nllb-200-1.3B,17,4LocalWordSwaps,48,0.9147990942001343
nllb200_1B,facebook/nllb-200-1.3B,17,4LocalWordSwaps,49,0.9300793409347534
nllb200_1B,facebook/nllb-200-1.3B,17,4LocalWordSwaps,50,0.9233933091163635
nllb200_1B,facebook/nllb-200-1.3B,17,4LocalWordSwaps,51,0.9605868458747864
nllb200_1B,facebook/nllb-200-1.3B,17,4LocalWordSwaps,52,0.9544519782066345
nllb200_1B,facebook/nllb-200-1.3B,17,4LocalWordSwaps,53,0.956283450126648
nllb200_1B,facebook/nllb-200-1.3B,17,4LocalWordSwaps,54,0.9493832588195801
nllb200_1B,facebook/nllb-200-1.3B,17,4LocalWordSwaps,55,0.9499355554580688
nllb200_1B,facebook/nllb-200-1.3B,17,4LocalWordSwaps,56,0.9467055797576904
nllb200_1B,facebook/nllb-200-1.3B,17,4LocalWordSwaps,57,0.9494045972824097
nllb200_1B,facebook/nllb-200-1.3B,17,4LocalWordSwaps,58,0.9483425617218018
nllb200_1B,facebook/nllb-200-1.3B,17,4LocalWordSwaps,59,0.9455364346504211
nllb200_1B,facebook/nllb-200-1.3B,17,4LocalWordSwaps,60,0.9460236430168152
nllb200_1B,facebook/nllb-200-1.3B,17,4LocalWordSwaps,61,0.9417674541473389
nllb200_1B,facebook/nllb-200-1.3B,17,4LocalWordSwaps,62,0.9878042340278625
nllb200_1B,facebook/nllb-200-1.3B,17,4LocalWordSwaps,63,0.9088746905326843
nllb200_1B,facebook/nllb-200-1.3B,17,4LocalWordSwaps,64,0.9324765205383301
nllb200_1B,facebook/nllb-200-1.3B,17,4LocalWordSwaps,65,0.9303010702133179
nllb200_1B,facebook/nllb-200-1.3B,17,4LocalWordSwaps,66,0.9264546036720276
nllb200_1B,facebook/nllb-200-1.3B,17,4LocalWordSwaps,67,0.9180616140365601
nllb200_1B,facebook/nllb-200-1.3B,17,4LocalWordSwaps,68,0.9320892691612244
nllb200_1B,facebook/nllb-200-1.3B,17,4LocalWordSwaps,69,0.6869766116142273
nllb200_1B,facebook/nllb-200-1.3B,17,4LocalWordSwaps,70,0.9427832961082458
nllb200_1B,facebook/nllb-200-1.3B,17,4LocalWordSwaps,71,0.9419596195220947
nllb200_1B,facebook/nllb-200-1.3B,17,4LocalWordSwaps,72,0.9486191868782043
nllb200_1B,facebook/nllb-200-1.3B,17,4LocalWordSwaps,73,0.9801527261734009
nllb200_1B,facebook/nllb-200-1.3B,17,4LocalWordSwaps,74,0.9383572340011597
nllb200_1B,facebook/nllb-200-1.3B,17,4LocalWordSwaps,75,0.9271817803382874
nllb200_1B,facebook/nllb-200-1.3B,17,4LocalWordSwaps,76,0.678050696849823
nllb200_1B,facebook/nllb-200-1.3B,17,4LocalWordSwaps,77,0.9466390609741211
nllb200_1B,facebook/nllb-200-1.3B,17,4LocalWordSwaps,78,0.7764679193496704
nllb200_1B,facebook/nllb-200-1.3B,17,4LocalWordSwaps,79,0.9230443239212036
nllb200_1B,facebook/nllb-200-1.3B,17,4LocalWordSwaps,80,0.9324818253517151
nllb200_1B,facebook/nllb-200-1.3B,17,4LocalWordSwaps,81,0.7501083016395569
nllb200_1B,facebook/nllb-200-1.3B,17,4LocalWordSwaps,82,0.9254879951477051
nllb200_1B,facebook/nllb-200-1.3B,17,4LocalWordSwaps,83,0.7025160789489746
nllb200_1B,facebook/nllb-200-1.3B,17,4LocalWordSwaps,84,0.9365946650505066
nllb200_1B,facebook/nllb-200-1.3B,17,4LocalWordSwaps,85,0.9920388460159302
nllb200_1B,facebook/nllb-200-1.3B,17,4LocalWordSwaps,86,0.9280470013618469
nllb200_1B,facebook/nllb-200-1.3B,17,4LocalWordSwaps,87,0.7404235601425171
nllb200_1B,facebook/nllb-200-1.3B,17,4LocalWordSwaps,88,0.9452319145202637
nllb200_1B,facebook/nllb-200-1.3B,17,4LocalWordSwaps,89,0.916789174079895
nllb200_1B,facebook/nllb-200-1.3B,17,4LocalWordSwaps,90,0.8815571665763855
nllb200_1B,facebook/nllb-200-1.3B,17,4LocalWordSwaps,91,0.9330000281333923
nllb200_1B,facebook/nllb-200-1.3B,17,4LocalWordSwaps,92,0.7520568370819092
nllb200_1B,facebook/nllb-200-1.3B,17,4LocalWordSwaps,93,0.690055787563324
nllb200_1B,facebook/nllb-200-1.3B,17,4LocalWordSwaps,94,0.9658490419387817
nllb200_1B,facebook/nllb-200-1.3B,17,4LocalWordSwaps,95,0.9501622915267944
nllb200_1B,facebook/nllb-200-1.3B,17,4LocalWordSwaps,96,0.9113590121269226
nllb200_1B,facebook/nllb-200-1.3B,17,4LocalWordSwaps,97,0.9513593316078186
nllb200_1B,facebook/nllb-200-1.3B,17,4LocalWordSwaps,98,0.9159152507781982
nllb200_1B,facebook/nllb-200-1.3B,17,4LocalWordSwaps,99,0.9466006755828857
nllb200_1B,facebook/nllb-200-1.3B,17,4LocalWordSwaps,100,0.9222259521484375
nllb200_1B,facebook/nllb-200-1.3B,17,4LocalWordSwaps,101,0.9135329723358154
nllb200_1B,facebook/nllb-200-1.3B,17,4LocalWordSwaps,102,0.7091851830482483
nllb200_1B,facebook/nllb-200-1.3B,17,4LocalWordSwaps,103,0.9305983781814575
nllb200_1B,facebook/nllb-200-1.3B,17,4LocalWordSwaps,104,0.9422093033790588
nllb200_1B,facebook/nllb-200-1.3B,17,4LocalWordSwaps,105,0.9431235790252686
nllb200_1B,facebook/nllb-200-1.3B,17,4LocalWordSwaps,106,0.9419969320297241
nllb200_1B,facebook/nllb-200-1.3B,17,4LocalWordSwaps,107,0.7192831635475159
nllb200_1B,facebook/nllb-200-1.3B,17,4LocalWordSwaps,108,0.9527740478515625
nllb200_1B,facebook/nllb-200-1.3B,17,4LocalWordSwaps,109,0.935278058052063
nllb200_1B,facebook/nllb-200-1.3B,17,4LocalWordSwaps,110,0.9533600807189941
nllb200_1B,facebook/nllb-200-1.3B,17,4LocalWordSwaps,111,0.9471386671066284
nllb200_1B,facebook/nllb-200-1.3B,17,4LocalWordSwaps,112,0.8955193758010864
nllb200_1B,facebook/nllb-200-1.3B,17,4LocalWordSwaps,113,0.9267760515213013
nllb200_1B,facebook/nllb-200-1.3B,17,4LocalWordSwaps,114,0.9354298114776611
nllb200_1B,facebook/nllb-200-1.3B,17,4LocalWordSwaps,115,0.9485775232315063
nllb200_1B,facebook/nllb-200-1.3B,17,4LocalWordSwaps,116,0.9064936637878418
nllb200_1B,facebook/nllb-200-1.3B,17,4LocalWordSwaps,117,0.9407973289489746
nllb200_1B,facebook/nllb-200-1.3B,17,4LocalWordSwaps,118,0.9300056099891663
nllb200_1B,facebook/nllb-200-1.3B,17,4LocalWordSwaps,119,0.9505265951156616
nllb200_1B,facebook/nllb-200-1.3B,17,4LocalWordSwaps,120,0.9293946623802185
nllb200_1B,facebook/nllb-200-1.3B,17,4LocalWordSwaps,121,0.8948019742965698
nllb200_1B,facebook/nllb-200-1.3B,17,4LocalWordSwaps,122,0.9522155523300171
nllb200_1B,facebook/nllb-200-1.3B,17,4LocalWordSwaps,123,0.9293221235275269
nllb200_1B,facebook/nllb-200-1.3B,17,4LocalWordSwaps,124,0.9421955347061157
nllb200_1B,facebook/nllb-200-1.3B,17,4LocalWordSwaps,125,0.941248893737793
nllb200_1B,facebook/nllb-200-1.3B,17,4LocalWordSwaps,126,0.928908109664917
nllb200_1B,facebook/nllb-200-1.3B,17,4LocalWordSwaps,127,0.9280174970626831
nllb200_1B,facebook/nllb-200-1.3B,17,4LocalWordSwaps,128,0.9185804128646851
nllb200_1B,facebook/nllb-200-1.3B,17,4LocalWordSwaps,129,0.936619758605957
nllb200_1B,facebook/nllb-200-1.3B,17,4LocalWordSwaps,130,0.9247535467147827
nllb200_1B,facebook/nllb-200-1.3B,17,4LocalWordSwaps,131,0.9044734239578247
nllb200_1B,facebook/nllb-200-1.3B,17,4LocalWordSwaps,132,0.8972665071487427
nllb200_1B,facebook/nllb-200-1.3B,17,4LocalWordSwaps,133,0.9967930316925049
nllb200_1B,facebook/nllb-200-1.3B,17,4LocalWordSwaps,134,0.9150912165641785
nllb200_1B,facebook/nllb-200-1.3B,17,4LocalWordSwaps,135,0.9276766777038574
nllb200_1B,facebook/nllb-200-1.3B,17,4LocalWordSwaps,136,0.9390226006507874
nllb200_1B,facebook/nllb-200-1.3B,17,4LocalWordSwaps,137,0.927743136882782
nllb200_1B,facebook/nllb-200-1.3B,17,4LocalWordSwaps,138,0.9203839302062988
nllb200_1B,facebook/nllb-200-1.3B,17,4LocalWordSwaps,139,0.9400719404220581
nllb200_1B,facebook/nllb-200-1.3B,17,4LocalWordSwaps,140,0.9342360496520996
nllb200_1B,facebook/nllb-200-1.3B,17,4LocalWordSwaps,141,0.9306835532188416
nllb200_1B,facebook/nllb-200-1.3B,17,4LocalWordSwaps,142,0.944526195526123
nllb200_1B,facebook/nllb-200-1.3B,17,4LocalWordSwaps,143,0.8797692060470581
nllb200_1B,facebook/nllb-200-1.3B,17,4LocalWordSwaps,144,0.9215466976165771
nllb200_1B,facebook/nllb-200-1.3B,17,4LocalWordSwaps,145,0.932542085647583
nllb200_1B,facebook/nllb-200-1.3B,17,4LocalWordSwaps,146,0.9376808404922485
nllb200_1B,facebook/nllb-200-1.3B,17,4LocalWordSwaps,147,0.9489651918411255
nllb200_1B,facebook/nllb-200-1.3B,17,4LocalWordSwaps,148,0.9391070008277893
nllb200_1B,facebook/nllb-200-1.3B,17,4LocalWordSwaps,149,0.9484291076660156
nllb200_1B,facebook/nllb-200-1.3B,17,4LocalWordSwaps,150,0.929604709148407
nllb200_1B,facebook/nllb-200-1.3B,17,4LocalWordSwaps,151,0.8818442821502686
nllb200_1B,facebook/nllb-200-1.3B,17,4LocalWordSwaps,152,0.9141477346420288
nllb200_1B,facebook/nllb-200-1.3B,17,4LocalWordSwaps,153,0.9340097904205322
nllb200_1B,facebook/nllb-200-1.3B,17,4LocalWordSwaps,154,0.914691150188446
nllb200_1B,facebook/nllb-200-1.3B,17,4LocalWordSwaps,155,0.927599310874939
nllb200_1B,facebook/nllb-200-1.3B,17,4LocalWordSwaps,156,0.9566112756729126
nllb200_1B,facebook/nllb-200-1.3B,17,4LocalWordSwaps,157,0.9463404417037964
nllb200_1B,facebook/nllb-200-1.3B,17,4LocalWordSwaps,158,0.9309764504432678
nllb200_1B,facebook/nllb-200-1.3B,17,4LocalWordSwaps,159,0.9538075923919678
nllb200_1B,facebook/nllb-200-1.3B,17,4LocalWordSwaps,160,0.9021543264389038
nllb200_1B,facebook/nllb-200-1.3B,17,4LocalWordSwaps,161,0.9334508180618286
nllb200_1B,facebook/nllb-200-1.3B,17,4LocalWordSwaps,162,0.8924574851989746
nllb200_1B,facebook/nllb-200-1.3B,17,4LocalWordSwaps,163,0.9333527088165283
nllb200_1B,facebook/nllb-200-1.3B,17,4LocalWordSwaps,164,0.9244020581245422
nllb200_1B,facebook/nllb-200-1.3B,17,4LocalWordSwaps,165,0.9469868540763855
nllb200_1B,facebook/nllb-200-1.3B,17,4LocalWordSwaps,166,0.9370467662811279
nllb200_1B,facebook/nllb-200-1.3B,17,4LocalWordSwaps,167,0.9349578619003296
nllb200_1B,facebook/nllb-200-1.3B,17,4LocalWordSwaps,168,0.9364469051361084
nllb200_1B,facebook/nllb-200-1.3B,17,4LocalWordSwaps,169,0.9387601017951965
nllb200_1B,facebook/nllb-200-1.3B,17,4LocalWordSwaps,170,0.9461452960968018
nllb200_1B,facebook/nllb-200-1.3B,17,4LocalWordSwaps,171,0.9279162883758545
nllb200_1B,facebook/nllb-200-1.3B,17,4LocalWordSwaps,172,0.916629433631897
nllb200_1B,facebook/nllb-200-1.3B,17,4LocalWordSwaps,173,0.9203593730926514
nllb200_1B,facebook/nllb-200-1.3B,17,4LocalWordSwaps,174,0.9413142204284668
nllb200_1B,facebook/nllb-200-1.3B,17,4LocalWordSwaps,175,0.9513323307037354
nllb200_1B,facebook/nllb-200-1.3B,17,4LocalWordSwaps,176,0.9910982847213745
nllb200_1B,facebook/nllb-200-1.3B,17,4LocalWordSwaps,177,0.9368947744369507
nllb200_1B,facebook/nllb-200-1.3B,17,4LocalWordSwaps,178,0.8980917930603027
nllb200_1B,facebook/nllb-200-1.3B,17,4LocalWordSwaps,179,0.9264599084854126
nllb200_1B,facebook/nllb-200-1.3B,17,4LocalWordSwaps,180,0.9042510986328125
nllb200_1B,facebook/nllb-200-1.3B,17,4LocalWordSwaps,181,0.6333761811256409
nllb200_1B,facebook/nllb-200-1.3B,17,4LocalWordSwaps,182,0.9431726336479187
nllb200_1B,facebook/nllb-200-1.3B,17,4LocalWordSwaps,183,0.9049133658409119
nllb200_1B,facebook/nllb-200-1.3B,17,4LocalWordSwaps,184,0.9277516603469849
nllb200_1B,facebook/nllb-200-1.3B,17,4LocalWordSwaps,185,0.7682643532752991
nllb200_1B,facebook/nllb-200-1.3B,17,4LocalWordSwaps,186,0.9070441722869873
nllb200_1B,facebook/nllb-200-1.3B,17,4LocalWordSwaps,187,0.5994949340820312
nllb200_1B,facebook/nllb-200-1.3B,17,4LocalWordSwaps,188,0.9067751169204712
nllb200_1B,facebook/nllb-200-1.3B,17,4LocalWordSwaps,189,0.9416060447692871
nllb200_1B,facebook/nllb-200-1.3B,17,4LocalWordSwaps,190,0.8506592512130737
nllb200_1B,facebook/nllb-200-1.3B,17,4LocalWordSwaps,191,0.8994290828704834
nllb200_1B,facebook/nllb-200-1.3B,17,4LocalWordSwaps,192,0.9488445520401001
nllb200_1B,facebook/nllb-200-1.3B,17,4LocalWordSwaps,193,0.9537098407745361
nllb200_1B,facebook/nllb-200-1.3B,17,4LocalWordSwaps,194,0.9355959892272949
nllb200_1B,facebook/nllb-200-1.3B,17,4LocalWordSwaps,195,0.8250104188919067
nllb200_1B,facebook/nllb-200-1.3B,17,4LocalWordSwaps,196,0.9452208280563354
nllb200_1B,facebook/nllb-200-1.3B,17,4LocalWordSwaps,197,0.9541789293289185
nllb200_1B,facebook/nllb-200-1.3B,17,4LocalWordSwaps,198,0.6342319250106812
nllb200_1B,facebook/nllb-200-1.3B,17,4LocalWordSwaps,199,0.9161791801452637
nllb200_1B,facebook/nllb-200-1.3B,17,4LocalWordSwaps,200,0.9440556764602661
nllb200_1B,facebook/nllb-200-1.3B,17,4LocalWordSwaps,201,0.9347399473190308
nllb200_1B,facebook/nllb-200-1.3B,17,4LocalWordSwaps,202,0.9433836340904236
nllb200_1B,facebook/nllb-200-1.3B,17,4LocalWordSwaps,203,0.9289776682853699
nllb200_1B,facebook/nllb-200-1.3B,17,4LocalWordSwaps,204,0.9401627779006958
nllb200_1B,facebook/nllb-200-1.3B,17,4LocalWordSwaps,205,0.9527233839035034
nllb200_1B,facebook/nllb-200-1.3B,17,4LocalWordSwaps,206,0.9157125949859619
nllb200_1B,facebook/nllb-200-1.3B,17,4LocalWordSwaps,207,0.9894961714744568
nllb200_1B,facebook/nllb-200-1.3B,17,4LocalWordSwaps,208,0.9315922260284424
nllb200_1B,facebook/nllb-200-1.3B,17,4LocalWordSwaps,209,0.9450100660324097
nllb200_1B,facebook/nllb-200-1.3B,17,4LocalWordSwaps,210,0.9387617111206055
nllb200_1B,facebook/nllb-200-1.3B,17,4LocalWordSwaps,211,0.9357542395591736
nllb200_1B,facebook/nllb-200-1.3B,17,4LocalWordSwaps,212,0.985859215259552
nllb200_1B,facebook/nllb-200-1.3B,17,4LocalWordSwaps,213,0.9197876453399658
nllb200_1B,facebook/nllb-200-1.3B,17,4LocalWordSwaps,214,0.9279548525810242
nllb200_1B,facebook/nllb-200-1.3B,17,4LocalWordSwaps,215,0.9414300918579102
nllb200_1B,facebook/nllb-200-1.3B,17,4LocalWordSwaps,216,0.6467243432998657
nllb200_1B,facebook/nllb-200-1.3B,17,4LocalWordSwaps,217,0.7173430919647217
nllb200_1B,facebook/nllb-200-1.3B,17,4LocalWordSwaps,218,0.939727246761322
nllb200_1B,facebook/nllb-200-1.3B,17,4LocalWordSwaps,219,0.9240660667419434
nllb200_1B,facebook/nllb-200-1.3B,17,4LocalWordSwaps,220,0.9254038333892822
nllb200_1B,facebook/nllb-200-1.3B,17,4LocalWordSwaps,221,0.9455293416976929
nllb200_1B,facebook/nllb-200-1.3B,17,4LocalWordSwaps,222,0.9580897092819214
nllb200_1B,facebook/nllb-200-1.3B,17,4LocalWordSwaps,223,0.7056511640548706
nllb200_1B,facebook/nllb-200-1.3B,17,4LocalWordSwaps,224,0.9414174556732178
nllb200_1B,facebook/nllb-200-1.3B,17,4LocalWordSwaps,225,0.7087123394012451
nllb200_1B,facebook/nllb-200-1.3B,17,4LocalWordSwaps,226,0.9416882991790771
nllb200_1B,facebook/nllb-200-1.3B,17,4LocalWordSwaps,227,0.9517207741737366
nllb200_1B,facebook/nllb-200-1.3B,17,4LocalWordSwaps,228,0.9774037599563599
nllb200_1B,facebook/nllb-200-1.3B,17,4LocalWordSwaps,229,0.9470134973526001
nllb200_1B,facebook/nllb-200-1.3B,17,4LocalWordSwaps,230,0.9314066171646118
nllb200_1B,facebook/nllb-200-1.3B,17,4LocalWordSwaps,231,0.6806219816207886
nllb200_1B,facebook/nllb-200-1.3B,17,4LocalWordSwaps,232,0.6863777041435242
nllb200_1B,facebook/nllb-200-1.3B,17,4LocalWordSwaps,233,0.936179518699646
nllb200_1B,facebook/nllb-200-1.3B,17,4LocalWordSwaps,234,0.9482215642929077
nllb200_1B,facebook/nllb-200-1.3B,17,4LocalWordSwaps,235,0.7515071630477905
nllb200_1B,facebook/nllb-200-1.3B,17,4LocalWordSwaps,236,0.6751275658607483
nllb200_1B,facebook/nllb-200-1.3B,17,4LocalWordSwaps,237,0.6864256858825684
nllb200_1B,facebook/nllb-200-1.3B,17,4LocalWordSwaps,238,0.9470750093460083
nllb200_1B,facebook/nllb-200-1.3B,17,4LocalWordSwaps,239,0.7182517051696777
nllb200_1B,facebook/nllb-200-1.3B,17,4LocalWordSwaps,240,0.9349392652511597
nllb200_1B,facebook/nllb-200-1.3B,17,4LocalWordSwaps,241,0.9060125946998596
nllb200_1B,facebook/nllb-200-1.3B,17,4LocalWordSwaps,242,0.9174102544784546
nllb200_1B,facebook/nllb-200-1.3B,17,4LocalWordSwaps,243,0.7737807035446167
nllb200_1B,facebook/nllb-200-1.3B,17,4LocalWordSwaps,244,0.9504498243331909
nllb200_1B,facebook/nllb-200-1.3B,17,4LocalWordSwaps,245,0.8904708027839661
nllb200_1B,facebook/nllb-200-1.3B,17,4LocalWordSwaps,246,0.946996808052063
nllb200_1B,facebook/nllb-200-1.3B,17,4LocalWordSwaps,247,0.9429870843887329
nllb200_1B,facebook/nllb-200-1.3B,17,4LocalWordSwaps,248,0.7546413540840149
nllb200_1B,facebook/nllb-200-1.3B,17,4LocalWordSwaps,249,0.9585250616073608
nllb200_1B,facebook/nllb-200-1.3B,17,4LocalWordSwaps,250,0.9490892887115479
nllb200_1B,facebook/nllb-200-1.3B,17,4LocalWordSwaps,251,0.9468565583229065
nllb200_1B,facebook/nllb-200-1.3B,17,4LocalWordSwaps,252,0.9472094774246216
nllb200_1B,facebook/nllb-200-1.3B,17,4LocalWordSwaps,253,0.9490001797676086
nllb200_1B,facebook/nllb-200-1.3B,17,4LocalWordSwaps,254,0.6488784551620483
nllb200_1B,facebook/nllb-200-1.3B,17,4LocalWordSwaps,255,0.9276010990142822
nllb200_1B,facebook/nllb-200-1.3B,17,4LocalWordSwaps,256,0.9614189863204956
nllb200_1B,facebook/nllb-200-1.3B,17,4LocalWordSwaps,257,0.9262170791625977
nllb200_1B,facebook/nllb-200-1.3B,17,4LocalWordSwaps,258,0.9343709349632263
nllb200_1B,facebook/nllb-200-1.3B,17,4LocalWordSwaps,259,0.9641846418380737
nllb200_1B,facebook/nllb-200-1.3B,17,4LocalWordSwaps,260,0.7452652454376221
nllb200_1B,facebook/nllb-200-1.3B,17,4LocalWordSwaps,261,0.9467875957489014
nllb200_1B,facebook/nllb-200-1.3B,17,4LocalWordSwaps,262,0.7262496948242188
nllb200_1B,facebook/nllb-200-1.3B,17,4LocalWordSwaps,263,0.9403289556503296
nllb200_1B,facebook/nllb-200-1.3B,17,4LocalWordSwaps,264,0.7011551856994629
nllb200_1B,facebook/nllb-200-1.3B,17,4LocalWordSwaps,265,0.9175227284431458
nllb200_1B,facebook/nllb-200-1.3B,17,4LocalWordSwaps,266,0.9230186939239502
nllb200_1B,facebook/nllb-200-1.3B,17,4LocalWordSwaps,267,0.9348729252815247
nllb200_1B,facebook/nllb-200-1.3B,17,4LocalWordSwaps,268,0.9390811920166016
nllb200_1B,facebook/nllb-200-1.3B,17,4LocalWordSwaps,269,0.9900981783866882
nllb200_1B,facebook/nllb-200-1.3B,17,4LocalWordSwaps,270,0.9428222179412842
nllb200_1B,facebook/nllb-200-1.3B,17,4LocalWordSwaps,271,0.647956371307373
nllb200_1B,facebook/nllb-200-1.3B,17,4LocalWordSwaps,272,0.9480781555175781
nllb200_1B,facebook/nllb-200-1.3B,17,4LocalWordSwaps,273,0.9504622220993042
nllb200_1B,facebook/nllb-200-1.3B,17,4LocalWordSwaps,274,0.6898594498634338
nllb200_1B,facebook/nllb-200-1.3B,17,4LocalWordSwaps,275,0.947992742061615
nllb200_1B,facebook/nllb-200-1.3B,17,4LocalWordSwaps,276,0.9419269561767578
nllb200_1B,facebook/nllb-200-1.3B,17,4LocalWordSwaps,277,0.9153938889503479
nllb200_1B,facebook/nllb-200-1.3B,17,4LocalWordSwaps,278,0.9530903100967407
nllb200_1B,facebook/nllb-200-1.3B,17,4LocalWordSwaps,279,0.9463640451431274
nllb200_1B,facebook/nllb-200-1.3B,17,4LocalWordSwaps,280,0.9482510685920715
nllb200_1B,facebook/nllb-200-1.3B,17,4LocalWordSwaps,281,0.9569852948188782
nllb200_1B,facebook/nllb-200-1.3B,17,4LocalWordSwaps,282,0.9473472833633423
nllb200_1B,facebook/nllb-200-1.3B,17,4LocalWordSwaps,283,0.9234211444854736
nllb200_1B,facebook/nllb-200-1.3B,17,4LocalWordSwaps,284,0.9367533922195435
nllb200_1B,facebook/nllb-200-1.3B,17,4LocalWordSwaps,285,0.9440147876739502
nllb200_1B,facebook/nllb-200-1.3B,17,4LocalWordSwaps,286,0.9175357818603516
nllb200_1B,facebook/nllb-200-1.3B,17,4LocalWordSwaps,287,0.9311970472335815
nllb200_1B,facebook/nllb-200-1.3B,17,4LocalWordSwaps,288,0.9275621175765991
nllb200_1B,facebook/nllb-200-1.3B,17,4LocalWordSwaps,289,0.9407402873039246
nllb200_1B,facebook/nllb-200-1.3B,17,4LocalWordSwaps,290,0.9246114492416382
nllb200_1B,facebook/nllb-200-1.3B,17,4LocalWordSwaps,291,0.9515938758850098
nllb200_1B,facebook/nllb-200-1.3B,17,4LocalWordSwaps,292,0.9570188522338867
nllb200_1B,facebook/nllb-200-1.3B,17,4LocalWordSwaps,293,0.9546732902526855
nllb200_1B,facebook/nllb-200-1.3B,17,4LocalWordSwaps,294,0.9323639869689941
nllb200_1B,facebook/nllb-200-1.3B,17,4LocalWordSwaps,295,0.9245071411132812
nllb200_1B,facebook/nllb-200-1.3B,17,4LocalWordSwaps,296,0.9362061023712158
nllb200_1B,facebook/nllb-200-1.3B,17,4LocalWordSwaps,297,0.9496497511863708
nllb200_1B,facebook/nllb-200-1.3B,17,4LocalWordSwaps,298,0.8953415155410767
nllb200_1B,facebook/nllb-200-1.3B,17,4LocalWordSwaps,299,0.9467895030975342
nllb200_1B,facebook/nllb-200-1.3B,17,4LocalWordSwaps,300,0.9084997177124023
nllb200_1B,facebook/nllb-200-1.3B,17,4LocalWordSwaps,301,0.9451683759689331
nllb200_1B,facebook/nllb-200-1.3B,17,4LocalWordSwaps,302,0.931140661239624
nllb200_1B,facebook/nllb-200-1.3B,17,4LocalWordSwaps,303,0.94256991147995
nllb200_1B,facebook/nllb-200-1.3B,17,4LocalWordSwaps,304,0.9314637780189514
nllb200_1B,facebook/nllb-200-1.3B,17,4LocalWordSwaps,305,0.9439406394958496
nllb200_1B,facebook/nllb-200-1.3B,17,4LocalWordSwaps,306,0.9330312013626099
nllb200_1B,facebook/nllb-200-1.3B,17,4LocalWordSwaps,307,0.9279972314834595
nllb200_1B,facebook/nllb-200-1.3B,17,4LocalWordSwaps,308,0.942483127117157
nllb200_1B,facebook/nllb-200-1.3B,17,4LocalWordSwaps,309,0.9410865902900696
nllb200_1B,facebook/nllb-200-1.3B,17,4LocalWordSwaps,310,0.9319484233856201
nllb200_1B,facebook/nllb-200-1.3B,17,4LocalWordSwaps,311,0.9292527437210083
nllb200_1B,facebook/nllb-200-1.3B,17,4LocalWordSwaps,312,0.926969587802887
nllb200_1B,facebook/nllb-200-1.3B,17,4LocalWordSwaps,313,0.9093730449676514
nllb200_1B,facebook/nllb-200-1.3B,17,4LocalWordSwaps,314,0.9442083835601807
nllb200_1B,facebook/nllb-200-1.3B,17,4LocalWordSwaps,315,0.9284747242927551
nllb200_1B,facebook/nllb-200-1.3B,17,4LocalWordSwaps,316,0.9371908903121948
nllb200_1B,facebook/nllb-200-1.3B,17,4LocalWordSwaps,317,0.9288557767868042
nllb200_1B,facebook/nllb-200-1.3B,17,4LocalWordSwaps,318,0.9426099061965942
nllb200_1B,facebook/nllb-200-1.3B,17,4LocalWordSwaps,319,0.9567245244979858
nllb200_1B,facebook/nllb-200-1.3B,17,4LocalWordSwaps,320,0.9008561968803406
nllb200_1B,facebook/nllb-200-1.3B,17,4LocalWordSwaps,321,0.9450730085372925
nllb200_1B,facebook/nllb-200-1.3B,17,4LocalWordSwaps,322,0.9228167533874512
nllb200_1B,facebook/nllb-200-1.3B,17,4LocalWordSwaps,323,0.9529278874397278
nllb200_1B,facebook/nllb-200-1.3B,17,4LocalWordSwaps,324,0.9326748251914978
nllb200_1B,facebook/nllb-200-1.3B,17,4LocalWordSwaps,325,0.9462524652481079
nllb200_1B,facebook/nllb-200-1.3B,17,4LocalWordSwaps,326,0.9785902500152588
nllb200_1B,facebook/nllb-200-1.3B,17,4LocalWordSwaps,327,0.9587554931640625
nllb200_1B,facebook/nllb-200-1.3B,17,4LocalWordSwaps,328,0.948645830154419
nllb200_1B,facebook/nllb-200-1.3B,17,4LocalWordSwaps,329,0.9303889274597168
nllb200_1B,facebook/nllb-200-1.3B,17,4LocalWordSwaps,330,0.9379564523696899
nllb200_1B,facebook/nllb-200-1.3B,17,4LocalWordSwaps,331,0.9761483669281006
nllb200_1B,facebook/nllb-200-1.3B,17,4LocalWordSwaps,332,0.9198322296142578
nllb200_1B,facebook/nllb-200-1.3B,17,4LocalWordSwaps,333,0.9262211322784424
nllb200_1B,facebook/nllb-200-1.3B,17,4LocalWordSwaps,334,0.9295058250427246
nllb200_1B,facebook/nllb-200-1.3B,17,4LocalWordSwaps,335,0.915439784526825
nllb200_1B,facebook/nllb-200-1.3B,17,4LocalWordSwaps,336,0.9419974088668823
nllb200_1B,facebook/nllb-200-1.3B,17,4LocalWordSwaps,337,0.938184916973114
nllb200_1B,facebook/nllb-200-1.3B,17,4LocalWordSwaps,338,0.9364434480667114
nllb200_1B,facebook/nllb-200-1.3B,17,4LocalWordSwaps,339,0.9461808204650879
nllb200_1B,facebook/nllb-200-1.3B,17,4LocalWordSwaps,340,0.9089634418487549
nllb200_1B,facebook/nllb-200-1.3B,17,4LocalWordSwaps,341,0.9320172071456909
nllb200_1B,facebook/nllb-200-1.3B,17,4LocalWordSwaps,342,0.9301087856292725
nllb200_1B,facebook/nllb-200-1.3B,17,4LocalWordSwaps,343,0.9257962107658386
nllb200_1B,facebook/nllb-200-1.3B,17,4LocalWordSwaps,344,0.928289532661438
nllb200_1B,facebook/nllb-200-1.3B,17,4LocalWordSwaps,345,0.9311888217926025
nllb200_1B,facebook/nllb-200-1.3B,17,4LocalWordSwaps,346,0.9096909165382385
nllb200_1B,facebook/nllb-200-1.3B,17,4LocalWordSwaps,347,0.9918443560600281
nllb200_1B,facebook/nllb-200-1.3B,17,4LocalWordSwaps,348,0.9383842945098877
nllb200_1B,facebook/nllb-200-1.3B,17,4LocalWordSwaps,349,0.9439188838005066
nllb200_1B,facebook/nllb-200-1.3B,17,4LocalWordSwaps,350,0.9321946501731873
nllb200_1B,facebook/nllb-200-1.3B,17,4LocalWordSwaps,351,0.9349576234817505
nllb200_1B,facebook/nllb-200-1.3B,17,4LocalWordSwaps,352,0.9384047985076904
nllb200_1B,facebook/nllb-200-1.3B,17,4LocalWordSwaps,353,0.9789324998855591
nllb200_1B,facebook/nllb-200-1.3B,17,4LocalWordSwaps,354,0.9344131350517273
nllb200_1B,facebook/nllb-200-1.3B,17,4LocalWordSwaps,355,0.7347002029418945
nllb200_1B,facebook/nllb-200-1.3B,17,4LocalWordSwaps,356,0.9242193698883057
nllb200_1B,facebook/nllb-200-1.3B,17,4LocalWordSwaps,357,0.9501745104789734
nllb200_1B,facebook/nllb-200-1.3B,17,4LocalWordSwaps,358,0.9612874984741211
nllb200_1B,facebook/nllb-200-1.3B,17,4LocalWordSwaps,359,0.9198331832885742
nllb200_1B,facebook/nllb-200-1.3B,17,4LocalWordSwaps,360,0.9538819789886475
nllb200_1B,facebook/nllb-200-1.3B,17,4LocalWordSwaps,361,0.9441555142402649
nllb200_1B,facebook/nllb-200-1.3B,17,4LocalWordSwaps,362,0.9181197881698608
nllb200_1B,facebook/nllb-200-1.3B,17,4LocalWordSwaps,363,0.929931640625
nllb200_1B,facebook/nllb-200-1.3B,17,4LocalWordSwaps,364,0.933411717414856
nllb200_1B,facebook/nllb-200-1.3B,17,4LocalWordSwaps,365,0.8820272088050842
nllb200_1B,facebook/nllb-200-1.3B,17,4LocalWordSwaps,366,0.9437214732170105
nllb200_1B,facebook/nllb-200-1.3B,17,4LocalWordSwaps,367,0.931868314743042
nllb200_1B,facebook/nllb-200-1.3B,17,4LocalWordSwaps,368,0.953054666519165
nllb200_1B,facebook/nllb-200-1.3B,17,4LocalWordSwaps,369,0.9338541030883789
nllb200_1B,facebook/nllb-200-1.3B,17,4LocalWordSwaps,370,0.9380059242248535
nllb200_1B,facebook/nllb-200-1.3B,17,4LocalWordSwaps,371,0.948441207408905
nllb200_1B,facebook/nllb-200-1.3B,17,4LocalWordSwaps,372,0.9488234519958496
nllb200_1B,facebook/nllb-200-1.3B,17,4LocalWordSwaps,373,0.9497078657150269
nllb200_1B,facebook/nllb-200-1.3B,17,4LocalWordSwaps,374,0.9487577080726624
nllb200_1B,facebook/nllb-200-1.3B,17,4LocalWordSwaps,375,0.9565720558166504
nllb200_1B,facebook/nllb-200-1.3B,17,4LocalWordSwaps,376,0.9266080856323242
nllb200_1B,facebook/nllb-200-1.3B,17,4LocalWordSwaps,377,0.8011707663536072
nllb200_1B,facebook/nllb-200-1.3B,17,4LocalWordSwaps,378,0.9488548636436462
nllb200_1B,facebook/nllb-200-1.3B,17,4LocalWordSwaps,379,0.9380046129226685
nllb200_1B,facebook/nllb-200-1.3B,17,4LocalWordSwaps,380,0.8873869180679321
nllb200_1B,facebook/nllb-200-1.3B,17,4LocalWordSwaps,381,0.6350778937339783
nllb200_1B,facebook/nllb-200-1.3B,17,4LocalWordSwaps,382,0.7542819976806641
nllb200_1B,facebook/nllb-200-1.3B,17,4LocalWordSwaps,383,0.7077291011810303
nllb200_1B,facebook/nllb-200-1.3B,17,4LocalWordSwaps,384,0.8902231454849243
nllb200_1B,facebook/nllb-200-1.3B,17,4LocalWordSwaps,385,0.9362437129020691
nllb200_1B,facebook/nllb-200-1.3B,17,4LocalWordSwaps,386,0.6736912727355957
nllb200_1B,facebook/nllb-200-1.3B,17,4LocalWordSwaps,387,0.9304149150848389
nllb200_1B,facebook/nllb-200-1.3B,17,4LocalWordSwaps,388,0.9619627594947815
nllb200_1B,facebook/nllb-200-1.3B,17,4LocalWordSwaps,389,0.734628438949585
nllb200_1B,facebook/nllb-200-1.3B,17,4LocalWordSwaps,390,0.926073431968689
nllb200_1B,facebook/nllb-200-1.3B,17,4LocalWordSwaps,391,0.7884910106658936
nllb200_1B,facebook/nllb-200-1.3B,17,4LocalWordSwaps,392,0.7152371406555176
nllb200_1B,facebook/nllb-200-1.3B,17,4LocalWordSwaps,393,0.7590891122817993
nllb200_1B,facebook/nllb-200-1.3B,17,4LocalWordSwaps,394,0.7080299854278564
nllb200_1B,facebook/nllb-200-1.3B,17,4LocalWordSwaps,395,0.6565558910369873
nllb200_1B,facebook/nllb-200-1.3B,17,4LocalWordSwaps,396,0.6949746608734131
nllb200_1B,facebook/nllb-200-1.3B,17,4LocalWordSwaps,397,0.7343348264694214
nllb200_1B,facebook/nllb-200-1.3B,17,4LocalWordSwaps,398,0.6864354610443115
nllb200_1B,facebook/nllb-200-1.3B,17,4LocalWordSwaps,399,0.9060565233230591
nllb200_1B,facebook/nllb-200-1.3B,17,4LocalWordSwaps,400,0.9615175724029541
nllb200_1B,facebook/nllb-200-1.3B,17,4LocalWordSwaps,401,0.9453831315040588
nllb200_1B,facebook/nllb-200-1.3B,17,4LocalWordSwaps,402,0.9415585994720459
nllb200_1B,facebook/nllb-200-1.3B,17,4LocalWordSwaps,403,0.9798291921615601
nllb200_1B,facebook/nllb-200-1.3B,17,4LocalWordSwaps,404,0.9406499862670898
nllb200_1B,facebook/nllb-200-1.3B,17,4LocalWordSwaps,405,0.9385061860084534
nllb200_1B,facebook/nllb-200-1.3B,17,4LocalWordSwaps,406,0.9302093982696533
nllb200_1B,facebook/nllb-200-1.3B,17,4LocalWordSwaps,407,0.9305789470672607
nllb200_1B,facebook/nllb-200-1.3B,17,4LocalWordSwaps,408,0.9430409669876099
nllb200_1B,facebook/nllb-200-1.3B,17,4LocalWordSwaps,409,0.9312023520469666
nllb200_1B,facebook/nllb-200-1.3B,17,4LocalWordSwaps,410,0.9297304749488831
nllb200_1B,facebook/nllb-200-1.3B,17,4LocalWordSwaps,411,0.9090701341629028
nllb200_1B,facebook/nllb-200-1.3B,17,4LocalWordSwaps,412,0.736203670501709
nllb200_1B,facebook/nllb-200-1.3B,17,4LocalWordSwaps,413,0.9917802214622498
nllb200_1B,facebook/nllb-200-1.3B,17,4LocalWordSwaps,414,0.9438546895980835
nllb200_1B,facebook/nllb-200-1.3B,17,4LocalWordSwaps,415,0.933452844619751
nllb200_1B,facebook/nllb-200-1.3B,17,4LocalWordSwaps,416,0.9521743059158325
nllb200_1B,facebook/nllb-200-1.3B,17,4LocalWordSwaps,417,0.9463107585906982
nllb200_1B,facebook/nllb-200-1.3B,17,4LocalWordSwaps,418,0.9468724727630615
nllb200_1B,facebook/nllb-200-1.3B,17,4LocalWordSwaps,419,0.930263876914978
nllb200_1B,facebook/nllb-200-1.3B,17,4LocalWordSwaps,420,0.938901424407959
nllb200_1B,facebook/nllb-200-1.3B,17,4LocalWordSwaps,421,0.685569703578949
nllb200_1B,facebook/nllb-200-1.3B,17,4LocalWordSwaps,422,0.6708803772926331
nllb200_1B,facebook/nllb-200-1.3B,17,4LocalWordSwaps,423,0.940933883190155
nllb200_1B,facebook/nllb-200-1.3B,17,4LocalWordSwaps,424,0.9383147954940796
nllb200_1B,facebook/nllb-200-1.3B,17,4LocalWordSwaps,425,0.667515754699707
nllb200_1B,facebook/nllb-200-1.3B,17,4LocalWordSwaps,426,0.9477713108062744
nllb200_1B,facebook/nllb-200-1.3B,17,4LocalWordSwaps,427,0.938136100769043
nllb200_1B,facebook/nllb-200-1.3B,17,4LocalWordSwaps,428,0.9406521320343018
nllb200_1B,facebook/nllb-200-1.3B,17,4LocalWordSwaps,429,0.9326274991035461
nllb200_1B,facebook/nllb-200-1.3B,17,4LocalWordSwaps,430,0.8935823440551758
nllb200_1B,facebook/nllb-200-1.3B,17,4LocalWordSwaps,431,0.945969820022583
nllb200_1B,facebook/nllb-200-1.3B,17,4LocalWordSwaps,432,0.9383111000061035
nllb200_1B,facebook/nllb-200-1.3B,17,4LocalWordSwaps,433,0.9323458671569824
nllb200_1B,facebook/nllb-200-1.3B,17,4LocalWordSwaps,434,0.9068531394004822
nllb200_1B,facebook/nllb-200-1.3B,17,4LocalWordSwaps,435,0.9359841346740723
nllb200_1B,facebook/nllb-200-1.3B,17,4LocalWordSwaps,436,0.9315720796585083
nllb200_1B,facebook/nllb-200-1.3B,17,4LocalWordSwaps,437,0.9055637717247009
nllb200_1B,facebook/nllb-200-1.3B,17,4LocalWordSwaps,438,0.9943199157714844
nllb200_1B,facebook/nllb-200-1.3B,17,4LocalWordSwaps,439,0.9442948698997498
nllb200_1B,facebook/nllb-200-1.3B,17,4LocalWordSwaps,440,0.9321581125259399
nllb200_1B,facebook/nllb-200-1.3B,17,4LocalWordSwaps,441,0.9490489959716797
nllb200_1B,facebook/nllb-200-1.3B,17,4LocalWordSwaps,442,0.9462478160858154
nllb200_1B,facebook/nllb-200-1.3B,17,4LocalWordSwaps,443,0.9515262246131897
nllb200_1B,facebook/nllb-200-1.3B,17,4LocalWordSwaps,444,0.6719497442245483
nllb200_1B,facebook/nllb-200-1.3B,17,4LocalWordSwaps,445,0.8576259613037109
nllb200_1B,facebook/nllb-200-1.3B,17,4LocalWordSwaps,446,0.6724093556404114
nllb200_1B,facebook/nllb-200-1.3B,17,4LocalWordSwaps,447,0.9463099837303162
nllb200_1B,facebook/nllb-200-1.3B,17,4LocalWordSwaps,448,0.9522063732147217
nllb200_1B,facebook/nllb-200-1.3B,17,4LocalWordSwaps,449,0.9312386512756348
nllb200_1B,facebook/nllb-200-1.3B,17,4LocalWordSwaps,450,0.9383764266967773
nllb200_1B,facebook/nllb-200-1.3B,17,4LocalWordSwaps,451,0.6655837297439575
nllb200_1B,facebook/nllb-200-1.3B,17,4LocalWordSwaps,452,0.895793616771698
nllb200_1B,facebook/nllb-200-1.3B,17,4LocalWordSwaps,453,0.9327021241188049
nllb200_1B,facebook/nllb-200-1.3B,17,4LocalWordSwaps,454,0.9458951950073242
nllb200_1B,facebook/nllb-200-1.3B,17,4LocalWordSwaps,455,0.9179452657699585
nllb200_1B,facebook/nllb-200-1.3B,17,4LocalWordSwaps,456,0.9213319420814514
nllb200_1B,facebook/nllb-200-1.3B,17,4LocalWordSwaps,457,0.9247728586196899
nllb200_1B,facebook/nllb-200-1.3B,17,4LocalWordSwaps,458,0.943581223487854
nllb200_1B,facebook/nllb-200-1.3B,17,4LocalWordSwaps,459,0.9439425468444824
nllb200_1B,facebook/nllb-200-1.3B,17,4LocalWordSwaps,460,0.9282593131065369
nllb200_1B,facebook/nllb-200-1.3B,17,4LocalWordSwaps,461,0.9378978610038757
nllb200_1B,facebook/nllb-200-1.3B,17,4LocalWordSwaps,462,0.9271624088287354
nllb200_1B,facebook/nllb-200-1.3B,17,4LocalWordSwaps,463,0.9447543025016785
nllb200_1B,facebook/nllb-200-1.3B,17,4LocalWordSwaps,464,0.9402329921722412
nllb200_1B,facebook/nllb-200-1.3B,17,4LocalWordSwaps,465,0.8941957950592041
nllb200_1B,facebook/nllb-200-1.3B,17,4LocalWordSwaps,466,0.9435701370239258
nllb200_1B,facebook/nllb-200-1.3B,17,4LocalWordSwaps,467,0.937651515007019
nllb200_1B,facebook/nllb-200-1.3B,17,4LocalWordSwaps,468,0.9461469650268555
nllb200_1B,facebook/nllb-200-1.3B,17,4LocalWordSwaps,469,0.95908522605896
nllb200_1B,facebook/nllb-200-1.3B,17,4LocalWordSwaps,470,0.9322347044944763
nllb200_1B,facebook/nllb-200-1.3B,17,4LocalWordSwaps,471,0.9163929224014282
nllb200_1B,facebook/nllb-200-1.3B,17,4LocalWordSwaps,472,0.9371356964111328
nllb200_1B,facebook/nllb-200-1.3B,17,4LocalWordSwaps,473,0.9015628099441528
nllb200_1B,facebook/nllb-200-1.3B,17,4LocalWordSwaps,474,0.7208929061889648
nllb200_1B,facebook/nllb-200-1.3B,17,4LocalWordSwaps,475,0.6761640906333923
nllb200_1B,facebook/nllb-200-1.3B,17,4LocalWordSwaps,476,0.9306050539016724
nllb200_1B,facebook/nllb-200-1.3B,17,4LocalWordSwaps,477,0.953101634979248
nllb200_1B,facebook/nllb-200-1.3B,17,4LocalWordSwaps,478,0.9581647515296936
nllb200_1B,facebook/nllb-200-1.3B,17,4LocalWordSwaps,479,0.9342193007469177
nllb200_1B,facebook/nllb-200-1.3B,17,4LocalWordSwaps,480,0.9407724142074585
nllb200_1B,facebook/nllb-200-1.3B,17,4LocalWordSwaps,481,0.9428757429122925
nllb200_1B,facebook/nllb-200-1.3B,17,4LocalWordSwaps,482,0.911654531955719
nllb200_1B,facebook/nllb-200-1.3B,17,4LocalWordSwaps,483,0.7199584245681763
nllb200_1B,facebook/nllb-200-1.3B,17,4LocalWordSwaps,484,0.9353840947151184
nllb200_1B,facebook/nllb-200-1.3B,17,4LocalWordSwaps,485,0.8872266411781311
nllb200_1B,facebook/nllb-200-1.3B,17,4LocalWordSwaps,486,0.9393225908279419
nllb200_1B,facebook/nllb-200-1.3B,17,4LocalWordSwaps,487,0.911684513092041
nllb200_1B,facebook/nllb-200-1.3B,17,4LocalWordSwaps,488,0.7211715579032898
nllb200_1B,facebook/nllb-200-1.3B,17,4LocalWordSwaps,489,0.936245322227478
nllb200_1B,facebook/nllb-200-1.3B,17,4LocalWordSwaps,490,0.9405845403671265
nllb200_1B,facebook/nllb-200-1.3B,17,4LocalWordSwaps,491,0.927046000957489
nllb200_1B,facebook/nllb-200-1.3B,17,4LocalWordSwaps,492,0.9300538301467896
nllb200_1B,facebook/nllb-200-1.3B,17,4LocalWordSwaps,493,0.9168155193328857
nllb200_1B,facebook/nllb-200-1.3B,17,4LocalWordSwaps,494,0.9439327120780945
nllb200_1B,facebook/nllb-200-1.3B,17,4LocalWordSwaps,495,0.7006463408470154
nllb200_1B,facebook/nllb-200-1.3B,17,4LocalWordSwaps,496,0.9520856142044067
nllb200_1B,facebook/nllb-200-1.3B,17,4LocalWordSwaps,497,0.9278444051742554
nllb200_1B,facebook/nllb-200-1.3B,17,4LocalWordSwaps,498,0.7139599323272705
nllb200_1B,facebook/nllb-200-1.3B,17,4LocalWordSwaps,499,0.9309281706809998
nllb200_1B,facebook/nllb-200-1.3B,17,4LocalWordSwaps,500,0.6516656875610352
nllb200_1B,facebook/nllb-200-1.3B,17,4LocalWordSwaps,501,0.9452501535415649
nllb200_1B,facebook/nllb-200-1.3B,17,4LocalWordSwaps,502,0.74025559425354
nllb200_1B,facebook/nllb-200-1.3B,17,4LocalWordSwaps,503,0.6599969863891602
nllb200_1B,facebook/nllb-200-1.3B,17,4LocalWordSwaps,504,0.951951265335083
nllb200_1B,facebook/nllb-200-1.3B,17,4LocalWordSwaps,505,0.9261660575866699
nllb200_1B,facebook/nllb-200-1.3B,17,4LocalWordSwaps,506,0.7449074387550354
nllb200_1B,facebook/nllb-200-1.3B,17,4LocalWordSwaps,507,0.9336130023002625
nllb200_1B,facebook/nllb-200-1.3B,17,4LocalWordSwaps,508,0.932645320892334
nllb200_1B,facebook/nllb-200-1.3B,17,4LocalWordSwaps,509,0.9344784021377563
nllb200_1B,facebook/nllb-200-1.3B,17,4LocalWordSwaps,510,0.8788743019104004
nllb200_1B,facebook/nllb-200-1.3B,17,4LocalWordSwaps,511,0.760303258895874
nllb200_1B,facebook/nllb-200-1.3B,17,4LocalWordSwaps,512,0.7732523679733276
nllb200_1B,facebook/nllb-200-1.3B,17,4LocalWordSwaps,513,0.8914415836334229
nllb200_1B,facebook/nllb-200-1.3B,17,4LocalWordSwaps,514,0.9044899940490723
nllb200_1B,facebook/nllb-200-1.3B,17,4LocalWordSwaps,515,0.9402216076850891
nllb200_1B,facebook/nllb-200-1.3B,17,4LocalWordSwaps,516,0.9491930603981018
nllb200_1B,facebook/nllb-200-1.3B,17,4LocalWordSwaps,517,0.9317628741264343
nllb200_1B,facebook/nllb-200-1.3B,17,4LocalWordSwaps,518,0.9149118661880493
nllb200_1B,facebook/nllb-200-1.3B,17,4LocalWordSwaps,519,0.9291613101959229
nllb200_1B,facebook/nllb-200-1.3B,17,4LocalWordSwaps,520,0.9486419558525085
nllb200_1B,facebook/nllb-200-1.3B,17,4LocalWordSwaps,521,0.9493806958198547
nllb200_1B,facebook/nllb-200-1.3B,17,4LocalWordSwaps,522,0.9378654956817627
nllb200_1B,facebook/nllb-200-1.3B,17,4LocalWordSwaps,523,0.9512376189231873
nllb200_1B,facebook/nllb-200-1.3B,17,4LocalWordSwaps,524,0.6988462209701538
nllb200_1B,facebook/nllb-200-1.3B,17,4LocalWordSwaps,525,0.6894251108169556
nllb200_1B,facebook/nllb-200-1.3B,17,4LocalWordSwaps,526,0.6906627416610718
nllb200_1B,facebook/nllb-200-1.3B,17,4LocalWordSwaps,527,0.924911618232727
nllb200_1B,facebook/nllb-200-1.3B,17,4LocalWordSwaps,528,0.7805361151695251
nllb200_1B,facebook/nllb-200-1.3B,17,4LocalWordSwaps,529,0.9068840742111206
nllb200_1B,facebook/nllb-200-1.3B,17,4LocalWordSwaps,530,0.7047019004821777
nllb200_1B,facebook/nllb-200-1.3B,17,4LocalWordSwaps,531,0.9150965213775635
nllb200_1B,facebook/nllb-200-1.3B,17,4LocalWordSwaps,532,0.9032394886016846
nllb200_1B,facebook/nllb-200-1.3B,17,4LocalWordSwaps,533,0.9525700807571411
nllb200_1B,facebook/nllb-200-1.3B,17,4LocalWordSwaps,534,0.7153950333595276
nllb200_1B,facebook/nllb-200-1.3B,17,4LocalWordSwaps,535,0.9164341688156128
nllb200_1B,facebook/nllb-200-1.3B,17,4LocalWordSwaps,536,0.935734748840332
nllb200_1B,facebook/nllb-200-1.3B,17,4LocalWordSwaps,537,0.9301809072494507
nllb200_1B,facebook/nllb-200-1.3B,17,4LocalWordSwaps,538,0.9469093084335327
nllb200_1B,facebook/nllb-200-1.3B,17,4LocalWordSwaps,539,0.7663601636886597
nllb200_1B,facebook/nllb-200-1.3B,17,4LocalWordSwaps,540,0.8804481029510498
nllb200_1B,facebook/nllb-200-1.3B,17,4LocalWordSwaps,541,0.9487479329109192
nllb200_1B,facebook/nllb-200-1.3B,17,4LocalWordSwaps,542,0.9157599210739136
nllb200_1B,facebook/nllb-200-1.3B,17,4LocalWordSwaps,543,0.9068764448165894
nllb200_1B,facebook/nllb-200-1.3B,17,4LocalWordSwaps,544,0.9533283710479736
nllb200_1B,facebook/nllb-200-1.3B,17,4LocalWordSwaps,545,0.9605922698974609
nllb200_1B,facebook/nllb-200-1.3B,17,4LocalWordSwaps,546,0.6646348834037781
nllb200_1B,facebook/nllb-200-1.3B,17,4LocalWordSwaps,547,0.9297139644622803
nllb200_1B,facebook/nllb-200-1.3B,17,4LocalWordSwaps,548,0.9184291362762451
nllb200_1B,facebook/nllb-200-1.3B,17,4LocalWordSwaps,549,0.9375553727149963
nllb200_1B,facebook/nllb-200-1.3B,17,4LocalWordSwaps,550,0.918134331703186
nllb200_1B,facebook/nllb-200-1.3B,17,4LocalWordSwaps,551,0.9240009784698486
nllb200_1B,facebook/nllb-200-1.3B,17,4LocalWordSwaps,552,0.9293104410171509
nllb200_1B,facebook/nllb-200-1.3B,17,4LocalWordSwaps,553,0.9413797855377197
nllb200_1B,facebook/nllb-200-1.3B,17,4LocalWordSwaps,554,0.9456761479377747
nllb200_1B,facebook/nllb-200-1.3B,17,4LocalWordSwaps,555,0.9031572937965393
nllb200_1B,facebook/nllb-200-1.3B,17,4LocalWordSwaps,556,0.8315845131874084
nllb200_1B,facebook/nllb-200-1.3B,17,4LocalWordSwaps,557,0.9847386479377747
nllb200_1B,facebook/nllb-200-1.3B,17,4LocalWordSwaps,558,0.8973527550697327
nllb200_1B,facebook/nllb-200-1.3B,17,4LocalWordSwaps,559,0.7487049102783203
nllb200_1B,facebook/nllb-200-1.3B,17,4LocalWordSwaps,560,0.9352914094924927
nllb200_1B,facebook/nllb-200-1.3B,17,4LocalWordSwaps,561,0.9434946775436401
nllb200_1B,facebook/nllb-200-1.3B,17,4LocalWordSwaps,562,0.9150318503379822
nllb200_1B,facebook/nllb-200-1.3B,17,4LocalWordSwaps,563,0.7468196749687195
nllb200_1B,facebook/nllb-200-1.3B,17,4LocalWordSwaps,564,0.8995853066444397
nllb200_1B,facebook/nllb-200-1.3B,17,4LocalWordSwaps,565,0.9333822727203369
nllb200_1B,facebook/nllb-200-1.3B,17,4LocalWordSwaps,566,0.9306690692901611
nllb200_1B,facebook/nllb-200-1.3B,17,4LocalWordSwaps,567,0.7327018976211548
nllb200_1B,facebook/nllb-200-1.3B,17,4LocalWordSwaps,568,0.9511606693267822
nllb200_1B,facebook/nllb-200-1.3B,17,4LocalWordSwaps,569,0.9225447773933411
nllb200_1B,facebook/nllb-200-1.3B,17,4LocalWordSwaps,570,0.6885643005371094
nllb200_1B,facebook/nllb-200-1.3B,17,4LocalWordSwaps,571,0.805509626865387
nllb200_1B,facebook/nllb-200-1.3B,17,4LocalWordSwaps,572,0.939241349697113
nllb200_1B,facebook/nllb-200-1.3B,17,4LocalWordSwaps,573,0.6771049499511719
nllb200_1B,facebook/nllb-200-1.3B,17,4LocalWordSwaps,574,0.935070276260376
nllb200_1B,facebook/nllb-200-1.3B,17,4LocalWordSwaps,575,0.7245005965232849
nllb200_1B,facebook/nllb-200-1.3B,17,4LocalWordSwaps,576,0.9220857620239258
nllb200_1B,facebook/nllb-200-1.3B,17,4LocalWordSwaps,577,0.9316443204879761
nllb200_1B,facebook/nllb-200-1.3B,17,4LocalWordSwaps,578,0.9519928693771362
nllb200_1B,facebook/nllb-200-1.3B,17,4LocalWordSwaps,579,0.9178264141082764
nllb200_1B,facebook/nllb-200-1.3B,17,4LocalWordSwaps,580,0.9417348504066467
nllb200_1B,facebook/nllb-200-1.3B,17,4LocalWordSwaps,581,0.9388459920883179
nllb200_1B,facebook/nllb-200-1.3B,17,4LocalWordSwaps,582,0.9519045352935791
nllb200_1B,facebook/nllb-200-1.3B,17,4LocalWordSwaps,583,0.950968861579895
nllb200_1B,facebook/nllb-200-1.3B,17,4LocalWordSwaps,584,0.9441818594932556
nllb200_1B,facebook/nllb-200-1.3B,17,4LocalWordSwaps,585,0.942193865776062
nllb200_1B,facebook/nllb-200-1.3B,17,4LocalWordSwaps,586,0.9311927556991577
nllb200_1B,facebook/nllb-200-1.3B,17,4LocalWordSwaps,587,0.947424590587616
nllb200_1B,facebook/nllb-200-1.3B,17,4LocalWordSwaps,588,0.9365350604057312
nllb200_1B,facebook/nllb-200-1.3B,17,4LocalWordSwaps,589,0.7252998352050781
nllb200_1B,facebook/nllb-200-1.3B,17,4LocalWordSwaps,590,0.9362123012542725
nllb200_1B,facebook/nllb-200-1.3B,17,4LocalWordSwaps,591,0.6457237005233765
nllb200_1B,facebook/nllb-200-1.3B,17,4LocalWordSwaps,592,0.7375087141990662
nllb200_1B,facebook/nllb-200-1.3B,17,4LocalWordSwaps,593,0.9335896968841553
nllb200_1B,facebook/nllb-200-1.3B,17,4LocalWordSwaps,594,0.9583702683448792
nllb200_1B,facebook/nllb-200-1.3B,17,4LocalWordSwaps,595,0.917039692401886
nllb200_1B,facebook/nllb-200-1.3B,17,4LocalWordSwaps,596,0.9473696947097778
nllb200_1B,facebook/nllb-200-1.3B,17,4LocalWordSwaps,597,0.9065740704536438
nllb200_1B,facebook/nllb-200-1.3B,17,4LocalWordSwaps,598,0.9410081505775452
nllb200_1B,facebook/nllb-200-1.3B,17,4LocalWordSwaps,599,0.9355795383453369
nllb200_1B,facebook/nllb-200-1.3B,17,4LocalWordSwaps,600,0.9001460671424866
nllb200_1B,facebook/nllb-200-1.3B,17,4LocalWordSwaps,601,0.6688505411148071
nllb200_1B,facebook/nllb-200-1.3B,17,4LocalWordSwaps,602,0.9324805736541748
nllb200_1B,facebook/nllb-200-1.3B,17,4LocalWordSwaps,603,0.6866937279701233
nllb200_1B,facebook/nllb-200-1.3B,17,4LocalWordSwaps,604,0.9335837364196777
nllb200_1B,facebook/nllb-200-1.3B,17,4LocalWordSwaps,605,0.9520063400268555
nllb200_1B,facebook/nllb-200-1.3B,17,4LocalWordSwaps,606,0.9153770208358765
nllb200_1B,facebook/nllb-200-1.3B,17,4LocalWordSwaps,607,0.9474846124649048
nllb200_1B,facebook/nllb-200-1.3B,17,4LocalWordSwaps,608,0.7925901412963867
nllb200_1B,facebook/nllb-200-1.3B,17,4LocalWordSwaps,609,0.7982954382896423
nllb200_1B,facebook/nllb-200-1.3B,17,4LocalWordSwaps,610,0.9380152225494385
nllb200_1B,facebook/nllb-200-1.3B,17,4LocalWordSwaps,611,0.9178798794746399
nllb200_1B,facebook/nllb-200-1.3B,17,4LocalWordSwaps,612,0.9425466060638428
nllb200_1B,facebook/nllb-200-1.3B,17,4LocalWordSwaps,613,0.8959445953369141
nllb200_1B,facebook/nllb-200-1.3B,17,4LocalWordSwaps,614,0.9430519938468933
nllb200_1B,facebook/nllb-200-1.3B,17,4LocalWordSwaps,615,0.9368833899497986
nllb200_1B,facebook/nllb-200-1.3B,17,4LocalWordSwaps,616,0.935334324836731
nllb200_1B,facebook/nllb-200-1.3B,17,4LocalWordSwaps,617,0.9355473518371582
nllb200_1B,facebook/nllb-200-1.3B,17,4LocalWordSwaps,618,0.9315113425254822
nllb200_1B,facebook/nllb-200-1.3B,17,4LocalWordSwaps,619,0.9455442428588867
nllb200_1B,facebook/nllb-200-1.3B,17,4LocalWordSwaps,620,0.9762428998947144
nllb200_1B,facebook/nllb-200-1.3B,17,4LocalWordSwaps,621,0.9408749341964722
nllb200_1B,facebook/nllb-200-1.3B,17,4LocalWordSwaps,622,0.9321821928024292
nllb200_1B,facebook/nllb-200-1.3B,17,4LocalWordSwaps,623,0.9315670728683472
nllb200_1B,facebook/nllb-200-1.3B,17,4LocalWordSwaps,624,0.9367948770523071
nllb200_1B,facebook/nllb-200-1.3B,17,4LocalWordSwaps,625,0.9394468665122986
nllb200_1B,facebook/nllb-200-1.3B,17,4LocalWordSwaps,626,0.9481102228164673
nllb200_1B,facebook/nllb-200-1.3B,17,4LocalWordSwaps,627,0.9415711164474487
nllb200_1B,facebook/nllb-200-1.3B,17,4LocalWordSwaps,628,0.9457619190216064
nllb200_1B,facebook/nllb-200-1.3B,17,4LocalWordSwaps,629,0.9375279545783997
nllb200_1B,facebook/nllb-200-1.3B,17,4LocalWordSwaps,630,0.9312905073165894
nllb200_1B,facebook/nllb-200-1.3B,17,4LocalWordSwaps,631,0.923391580581665
nllb200_1B,facebook/nllb-200-1.3B,17,4LocalWordSwaps,632,0.914461612701416
nllb200_1B,facebook/nllb-200-1.3B,17,4LocalWordSwaps,633,0.9402142763137817
nllb200_1B,facebook/nllb-200-1.3B,17,4LocalWordSwaps,634,0.9233750104904175
nllb200_1B,facebook/nllb-200-1.3B,17,4LocalWordSwaps,635,0.9251549243927002
nllb200_1B,facebook/nllb-200-1.3B,17,4LocalWordSwaps,636,0.945817232131958
nllb200_1B,facebook/nllb-200-1.3B,17,4LocalWordSwaps,637,0.9455051422119141
nllb200_1B,facebook/nllb-200-1.3B,17,4LocalWordSwaps,638,0.9437833428382874
nllb200_1B,facebook/nllb-200-1.3B,17,4LocalWordSwaps,639,0.9322187900543213
nllb200_1B,facebook/nllb-200-1.3B,17,4LocalWordSwaps,640,0.9144074320793152
nllb200_1B,facebook/nllb-200-1.3B,17,4LocalWordSwaps,641,0.934623122215271
nllb200_1B,facebook/nllb-200-1.3B,17,4LocalWordSwaps,642,0.923858106136322
nllb200_1B,facebook/nllb-200-1.3B,17,4LocalWordSwaps,643,0.9709888696670532
nllb200_1B,facebook/nllb-200-1.3B,17,4LocalWordSwaps,644,0.9310376644134521
nllb200_1B,facebook/nllb-200-1.3B,17,4LocalWordSwaps,645,0.9144942760467529
nllb200_1B,facebook/nllb-200-1.3B,17,4LocalWordSwaps,646,0.9216761589050293
nllb200_1B,facebook/nllb-200-1.3B,17,4LocalWordSwaps,647,0.9536861777305603
nllb200_1B,facebook/nllb-200-1.3B,17,4LocalWordSwaps,648,0.9532625079154968
nllb200_1B,facebook/nllb-200-1.3B,17,4LocalWordSwaps,649,0.9313220381736755
nllb200_1B,facebook/nllb-200-1.3B,17,4LocalWordSwaps,650,0.9535489082336426
nllb200_1B,facebook/nllb-200-1.3B,17,4LocalWordSwaps,651,0.898248553276062
nllb200_1B,facebook/nllb-200-1.3B,17,4LocalWordSwaps,652,0.9442789554595947
nllb200_1B,facebook/nllb-200-1.3B,17,4LocalWordSwaps,653,0.9167444705963135
nllb200_1B,facebook/nllb-200-1.3B,17,4LocalWordSwaps,654,0.9335688948631287
nllb200_1B,facebook/nllb-200-1.3B,17,4LocalWordSwaps,655,0.931915283203125
nllb200_1B,facebook/nllb-200-1.3B,17,4LocalWordSwaps,656,0.9333056211471558
nllb200_1B,facebook/nllb-200-1.3B,17,4LocalWordSwaps,657,0.9326432943344116
nllb200_1B,facebook/nllb-200-1.3B,17,4LocalWordSwaps,658,0.9239660501480103
nllb200_1B,facebook/nllb-200-1.3B,17,4LocalWordSwaps,659,0.9210677146911621
nllb200_1B,facebook/nllb-200-1.3B,17,4LocalWordSwaps,660,0.9822322726249695
nllb200_1B,facebook/nllb-200-1.3B,17,4LocalWordSwaps,661,0.9128141403198242
nllb200_1B,facebook/nllb-200-1.3B,17,4LocalWordSwaps,662,0.9191408157348633
nllb200_1B,facebook/nllb-200-1.3B,17,4LocalWordSwaps,663,0.9335628747940063
nllb200_1B,facebook/nllb-200-1.3B,17,4LocalWordSwaps,664,0.943915605545044
nllb200_1B,facebook/nllb-200-1.3B,17,4LocalWordSwaps,665,0.9065772294998169
nllb200_1B,facebook/nllb-200-1.3B,17,4LocalWordSwaps,666,0.9511481523513794
nllb200_1B,facebook/nllb-200-1.3B,17,4LocalWordSwaps,667,0.9441713094711304
nllb200_1B,facebook/nllb-200-1.3B,17,4LocalWordSwaps,668,0.9422115683555603
nllb200_1B,facebook/nllb-200-1.3B,17,4LocalWordSwaps,669,0.9376713037490845
nllb200_1B,facebook/nllb-200-1.3B,17,4LocalWordSwaps,670,0.9473414421081543
nllb200_1B,facebook/nllb-200-1.3B,17,4LocalWordSwaps,671,0.9196255207061768
nllb200_1B,facebook/nllb-200-1.3B,17,4LocalWordSwaps,672,0.9376375675201416
nllb200_1B,facebook/nllb-200-1.3B,17,4LocalWordSwaps,673,0.9504013657569885
nllb200_1B,facebook/nllb-200-1.3B,17,4LocalWordSwaps,674,0.9454566240310669
nllb200_1B,facebook/nllb-200-1.3B,17,4LocalWordSwaps,675,0.9353538751602173
nllb200_1B,facebook/nllb-200-1.3B,17,4LocalWordSwaps,676,0.9271005392074585
nllb200_1B,facebook/nllb-200-1.3B,17,4LocalWordSwaps,677,0.9388720393180847
nllb200_1B,facebook/nllb-200-1.3B,17,4LocalWordSwaps,678,0.9848096370697021
nllb200_1B,facebook/nllb-200-1.3B,17,4LocalWordSwaps,679,0.9307119846343994
nllb200_1B,facebook/nllb-200-1.3B,17,4LocalWordSwaps,680,0.9338685274124146
nllb200_1B,facebook/nllb-200-1.3B,17,4LocalWordSwaps,681,0.9450655579566956
nllb200_1B,facebook/nllb-200-1.3B,17,4LocalWordSwaps,682,0.912204384803772
nllb200_1B,facebook/nllb-200-1.3B,17,4LocalWordSwaps,683,0.9019317626953125
nllb200_1B,facebook/nllb-200-1.3B,17,4LocalWordSwaps,684,0.9489299058914185
nllb200_1B,facebook/nllb-200-1.3B,17,4LocalWordSwaps,685,0.8589719533920288
nllb200_1B,facebook/nllb-200-1.3B,17,4LocalWordSwaps,686,0.9482113122940063
nllb200_1B,facebook/nllb-200-1.3B,17,4LocalWordSwaps,687,0.9212020635604858
nllb200_1B,facebook/nllb-200-1.3B,17,4LocalWordSwaps,688,0.9318680763244629
nllb200_1B,facebook/nllb-200-1.3B,17,4LocalWordSwaps,689,0.9568096995353699
nllb200_1B,facebook/nllb-200-1.3B,17,4LocalWordSwaps,690,0.9335814714431763
nllb200_1B,facebook/nllb-200-1.3B,17,4LocalWordSwaps,691,0.9427618980407715
nllb200_1B,facebook/nllb-200-1.3B,17,4LocalWordSwaps,692,0.9532322883605957
nllb200_1B,facebook/nllb-200-1.3B,17,4LocalWordSwaps,693,0.8724204301834106
nllb200_1B,facebook/nllb-200-1.3B,17,4LocalWordSwaps,694,0.9320785403251648
nllb200_1B,facebook/nllb-200-1.3B,17,4LocalWordSwaps,695,0.9504194259643555
nllb200_1B,facebook/nllb-200-1.3B,17,4LocalWordSwaps,696,0.962505042552948
nllb200_1B,facebook/nllb-200-1.3B,17,4LocalWordSwaps,697,0.9325624704360962
nllb200_1B,facebook/nllb-200-1.3B,17,4LocalWordSwaps,698,0.9589554071426392
nllb200_1B,facebook/nllb-200-1.3B,17,4LocalWordSwaps,699,0.9442989826202393
nllb200_1B,facebook/nllb-200-1.3B,17,4LocalWordSwaps,700,0.9194887280464172
nllb200_1B,facebook/nllb-200-1.3B,17,4LocalWordSwaps,701,0.9330421686172485
nllb200_1B,facebook/nllb-200-1.3B,17,4LocalWordSwaps,702,0.9424711465835571
nllb200_1B,facebook/nllb-200-1.3B,17,4LocalWordSwaps,703,0.9442510604858398
nllb200_1B,facebook/nllb-200-1.3B,17,4LocalWordSwaps,704,0.9423426985740662
nllb200_1B,facebook/nllb-200-1.3B,17,4LocalWordSwaps,705,0.9273531436920166
nllb200_1B,facebook/nllb-200-1.3B,17,4LocalWordSwaps,706,0.9424325227737427
nllb200_1B,facebook/nllb-200-1.3B,17,4LocalWordSwaps,707,0.9044395685195923
nllb200_1B,facebook/nllb-200-1.3B,17,4LocalWordSwaps,708,0.9412358999252319
nllb200_1B,facebook/nllb-200-1.3B,17,4LocalWordSwaps,709,0.9244294762611389
nllb200_1B,facebook/nllb-200-1.3B,17,4LocalWordSwaps,710,0.9247130155563354
nllb200_1B,facebook/nllb-200-1.3B,17,4LocalWordSwaps,711,0.9188071489334106
nllb200_1B,facebook/nllb-200-1.3B,17,4LocalWordSwaps,712,0.9692842960357666
nllb200_1B,facebook/nllb-200-1.3B,17,4LocalWordSwaps,713,0.9350515604019165
nllb200_1B,facebook/nllb-200-1.3B,17,4LocalWordSwaps,714,0.9310753345489502
nllb200_1B,facebook/nllb-200-1.3B,17,4LocalWordSwaps,715,0.9881976842880249
nllb200_1B,facebook/nllb-200-1.3B,17,4LocalWordSwaps,716,0.9228596687316895
nllb200_1B,facebook/nllb-200-1.3B,17,4LocalWordSwaps,717,0.9440982341766357
nllb200_1B,facebook/nllb-200-1.3B,17,4LocalWordSwaps,718,0.945325493812561
nllb200_1B,facebook/nllb-200-1.3B,17,4LocalWordSwaps,719,0.8970361948013306
nllb200_1B,facebook/nllb-200-1.3B,17,4LocalWordSwaps,720,0.9322323799133301
nllb200_1B,facebook/nllb-200-1.3B,17,4LocalWordSwaps,721,0.9466051459312439
nllb200_1B,facebook/nllb-200-1.3B,17,4LocalWordSwaps,722,0.9324571490287781
nllb200_1B,facebook/nllb-200-1.3B,17,4LocalWordSwaps,723,0.9329545497894287
nllb200_1B,facebook/nllb-200-1.3B,17,4LocalWordSwaps,724,0.9166582822799683
nllb200_1B,facebook/nllb-200-1.3B,17,4LocalWordSwaps,725,0.9504871368408203
nllb200_1B,facebook/nllb-200-1.3B,17,4LocalWordSwaps,726,0.7426415085792542
nllb200_1B,facebook/nllb-200-1.3B,17,4LocalWordSwaps,727,0.940019965171814
nllb200_1B,facebook/nllb-200-1.3B,17,4LocalWordSwaps,728,0.9494301080703735
nllb200_1B,facebook/nllb-200-1.3B,17,4LocalWordSwaps,729,0.935051679611206
nllb200_1B,facebook/nllb-200-1.3B,17,4LocalWordSwaps,730,0.9455382823944092
nllb200_1B,facebook/nllb-200-1.3B,17,4LocalWordSwaps,731,0.8803396224975586
nllb200_1B,facebook/nllb-200-1.3B,17,4LocalWordSwaps,732,0.9303640723228455
nllb200_1B,facebook/nllb-200-1.3B,17,4LocalWordSwaps,733,0.9403606653213501
nllb200_1B,facebook/nllb-200-1.3B,17,4LocalWordSwaps,734,0.9309178590774536
nllb200_1B,facebook/nllb-200-1.3B,17,4LocalWordSwaps,735,0.9403480887413025
nllb200_1B,facebook/nllb-200-1.3B,17,4LocalWordSwaps,736,0.9466428756713867
nllb200_1B,facebook/nllb-200-1.3B,17,4LocalWordSwaps,737,0.9275084733963013
nllb200_1B,facebook/nllb-200-1.3B,17,4LocalWordSwaps,738,0.9458237290382385
nllb200_1B,facebook/nllb-200-1.3B,17,4LocalWordSwaps,739,0.6860172748565674
nllb200_1B,facebook/nllb-200-1.3B,17,4LocalWordSwaps,740,0.9428234100341797
nllb200_1B,facebook/nllb-200-1.3B,17,4LocalWordSwaps,741,0.9246773719787598
nllb200_1B,facebook/nllb-200-1.3B,17,4LocalWordSwaps,742,0.9275298118591309
nllb200_1B,facebook/nllb-200-1.3B,17,4LocalWordSwaps,743,0.9492197632789612
nllb200_1B,facebook/nllb-200-1.3B,17,4LocalWordSwaps,744,0.947601318359375
nllb200_1B,facebook/nllb-200-1.3B,17,4LocalWordSwaps,745,0.9360896944999695
nllb200_1B,facebook/nllb-200-1.3B,17,4LocalWordSwaps,746,0.9900062084197998
nllb200_1B,facebook/nllb-200-1.3B,17,4LocalWordSwaps,747,0.9767913818359375
nllb200_1B,facebook/nllb-200-1.3B,17,4LocalWordSwaps,748,0.7840325832366943
nllb200_1B,facebook/nllb-200-1.3B,17,4LocalWordSwaps,749,0.9407749176025391
nllb200_1B,facebook/nllb-200-1.3B,17,4LocalWordSwaps,750,0.9381285905838013
nllb200_1B,facebook/nllb-200-1.3B,17,4LocalWordSwaps,751,0.6862215995788574
nllb200_1B,facebook/nllb-200-1.3B,17,4LocalWordSwaps,752,0.9319584369659424
nllb200_1B,facebook/nllb-200-1.3B,17,4LocalWordSwaps,753,0.7371929883956909
nllb200_1B,facebook/nllb-200-1.3B,17,4LocalWordSwaps,754,0.7654430866241455
nllb200_1B,facebook/nllb-200-1.3B,17,4LocalWordSwaps,755,0.9502859115600586
nllb200_1B,facebook/nllb-200-1.3B,17,4LocalWordSwaps,756,0.936734139919281
nllb200_1B,facebook/nllb-200-1.3B,17,4LocalWordSwaps,757,0.9334075450897217
nllb200_1B,facebook/nllb-200-1.3B,17,4LocalWordSwaps,758,0.6686923503875732
nllb200_1B,facebook/nllb-200-1.3B,17,4LocalWordSwaps,759,0.9369386434555054
nllb200_1B,facebook/nllb-200-1.3B,17,4LocalWordSwaps,760,0.9222235679626465
nllb200_1B,facebook/nllb-200-1.3B,17,4LocalWordSwaps,761,0.8983636498451233
nllb200_1B,facebook/nllb-200-1.3B,17,4LocalWordSwaps,762,0.9195582866668701
nllb200_1B,facebook/nllb-200-1.3B,17,4LocalWordSwaps,763,0.9277846813201904
nllb200_1B,facebook/nllb-200-1.3B,17,4LocalWordSwaps,764,0.9189320802688599
nllb200_1B,facebook/nllb-200-1.3B,17,4LocalWordSwaps,765,0.9429985880851746
nllb200_1B,facebook/nllb-200-1.3B,17,4LocalWordSwaps,766,0.9471580982208252
nllb200_1B,facebook/nllb-200-1.3B,17,4LocalWordSwaps,767,0.9532527923583984
nllb200_1B,facebook/nllb-200-1.3B,17,4LocalWordSwaps,768,0.9450441598892212
nllb200_1B,facebook/nllb-200-1.3B,17,4LocalWordSwaps,769,0.7330821752548218
nllb200_1B,facebook/nllb-200-1.3B,17,4LocalWordSwaps,770,0.5756789445877075
nllb200_1B,facebook/nllb-200-1.3B,17,4LocalWordSwaps,771,0.9360558986663818
nllb200_1B,facebook/nllb-200-1.3B,17,4LocalWordSwaps,772,0.9334101676940918
nllb200_1B,facebook/nllb-200-1.3B,17,4LocalWordSwaps,773,0.9071668386459351
nllb200_1B,facebook/nllb-200-1.3B,17,4LocalWordSwaps,774,0.9455100893974304
nllb200_1B,facebook/nllb-200-1.3B,17,4LocalWordSwaps,775,0.9102425575256348
nllb200_1B,facebook/nllb-200-1.3B,17,4LocalWordSwaps,776,0.9333115220069885
nllb200_1B,facebook/nllb-200-1.3B,17,4LocalWordSwaps,777,0.924020528793335
nllb200_1B,facebook/nllb-200-1.3B,17,4LocalWordSwaps,778,0.890515923500061
nllb200_1B,facebook/nllb-200-1.3B,17,4LocalWordSwaps,779,0.7899347543716431
nllb200_1B,facebook/nllb-200-1.3B,17,4LocalWordSwaps,780,0.9642754793167114
nllb200_1B,facebook/nllb-200-1.3B,17,4LocalWordSwaps,781,0.9540619254112244
nllb200_1B,facebook/nllb-200-1.3B,17,4LocalWordSwaps,782,0.9350528717041016
nllb200_1B,facebook/nllb-200-1.3B,17,4LocalWordSwaps,783,0.9364081621170044
nllb200_1B,facebook/nllb-200-1.3B,17,4LocalWordSwaps,784,0.9209369421005249
nllb200_1B,facebook/nllb-200-1.3B,17,4LocalWordSwaps,785,0.673766016960144
nllb200_1B,facebook/nllb-200-1.3B,17,4LocalWordSwaps,786,0.9557926654815674
nllb200_1B,facebook/nllb-200-1.3B,17,4LocalWordSwaps,787,0.9360697269439697
nllb200_1B,facebook/nllb-200-1.3B,17,4LocalWordSwaps,788,0.9523646831512451
nllb200_1B,facebook/nllb-200-1.3B,17,4LocalWordSwaps,789,0.6214128732681274
nllb200_1B,facebook/nllb-200-1.3B,17,4LocalWordSwaps,790,0.9292197227478027
nllb200_1B,facebook/nllb-200-1.3B,17,4LocalWordSwaps,791,0.6828742027282715
nllb200_1B,facebook/nllb-200-1.3B,17,4LocalWordSwaps,792,0.917528510093689
nllb200_1B,facebook/nllb-200-1.3B,17,4LocalWordSwaps,793,0.5941499471664429
nllb200_1B,facebook/nllb-200-1.3B,17,4LocalWordSwaps,794,0.9382779002189636
nllb200_1B,facebook/nllb-200-1.3B,17,4LocalWordSwaps,795,0.9505171775817871
nllb200_1B,facebook/nllb-200-1.3B,17,4LocalWordSwaps,796,0.6443833112716675
nllb200_1B,facebook/nllb-200-1.3B,17,4LocalWordSwaps,797,0.9462544322013855
nllb200_1B,facebook/nllb-200-1.3B,17,4LocalWordSwaps,798,0.937197208404541
nllb200_1B,facebook/nllb-200-1.3B,17,4LocalWordSwaps,799,0.9463284015655518
nllb200_1B,facebook/nllb-200-1.3B,17,4LocalWordSwaps,800,0.944832444190979
nllb200_1B,facebook/nllb-200-1.3B,17,4LocalWordSwaps,801,0.90610671043396
nllb200_1B,facebook/nllb-200-1.3B,17,4LocalWordSwaps,802,0.9282146692276001
nllb200_1B,facebook/nllb-200-1.3B,17,4LocalWordSwaps,803,0.9550672769546509
nllb200_1B,facebook/nllb-200-1.3B,17,4LocalWordSwaps,804,0.6538445949554443
nllb200_1B,facebook/nllb-200-1.3B,17,4LocalWordSwaps,805,0.6344034075737
nllb200_1B,facebook/nllb-200-1.3B,17,4LocalWordSwaps,806,0.5695207118988037
nllb200_1B,facebook/nllb-200-1.3B,17,4LocalWordSwaps,807,0.9466519951820374
nllb200_1B,facebook/nllb-200-1.3B,17,4LocalWordSwaps,808,0.6981794238090515
nllb200_1B,facebook/nllb-200-1.3B,17,4LocalWordSwaps,809,0.9324904680252075
nllb200_1B,facebook/nllb-200-1.3B,17,4LocalWordSwaps,810,0.930848240852356
nllb200_1B,facebook/nllb-200-1.3B,17,4LocalWordSwaps,811,0.9250447154045105
nllb200_1B,facebook/nllb-200-1.3B,17,4LocalWordSwaps,812,0.6702150106430054
nllb200_1B,facebook/nllb-200-1.3B,17,4LocalWordSwaps,813,0.7374614477157593
nllb200_1B,facebook/nllb-200-1.3B,17,4LocalWordSwaps,814,0.943623423576355
nllb200_1B,facebook/nllb-200-1.3B,17,4LocalWordSwaps,815,0.9457577466964722
nllb200_1B,facebook/nllb-200-1.3B,17,4LocalWordSwaps,816,0.6465672254562378
nllb200_1B,facebook/nllb-200-1.3B,17,4LocalWordSwaps,817,0.9467654228210449
nllb200_1B,facebook/nllb-200-1.3B,17,4LocalWordSwaps,818,0.8859380483627319
nllb200_1B,facebook/nllb-200-1.3B,17,4LocalWordSwaps,819,0.9253787398338318
nllb200_1B,facebook/nllb-200-1.3B,17,4LocalWordSwaps,820,0.7868652939796448
nllb200_1B,facebook/nllb-200-1.3B,17,4LocalWordSwaps,821,0.9494373798370361
nllb200_1B,facebook/nllb-200-1.3B,17,4LocalWordSwaps,822,0.9411688446998596
nllb200_1B,facebook/nllb-200-1.3B,17,4LocalWordSwaps,823,0.9515944719314575
nllb200_1B,facebook/nllb-200-1.3B,17,4LocalWordSwaps,824,0.9535624980926514
nllb200_1B,facebook/nllb-200-1.3B,17,4LocalWordSwaps,825,0.8987588882446289
nllb200_1B,facebook/nllb-200-1.3B,17,4LocalWordSwaps,826,0.9435389041900635
nllb200_1B,facebook/nllb-200-1.3B,17,4LocalWordSwaps,827,0.9510505199432373
nllb200_1B,facebook/nllb-200-1.3B,17,4LocalWordSwaps,828,0.766425609588623
nllb200_1B,facebook/nllb-200-1.3B,17,4LocalWordSwaps,829,0.923216700553894
nllb200_1B,facebook/nllb-200-1.3B,17,4LocalWordSwaps,830,0.9392063617706299
nllb200_1B,facebook/nllb-200-1.3B,17,4LocalWordSwaps,831,0.8997631072998047
nllb200_1B,facebook/nllb-200-1.3B,17,4LocalWordSwaps,832,0.9442352652549744
nllb200_1B,facebook/nllb-200-1.3B,17,4LocalWordSwaps,833,0.9956253170967102
nllb200_1B,facebook/nllb-200-1.3B,17,4LocalWordSwaps,834,0.9510675072669983
nllb200_1B,facebook/nllb-200-1.3B,17,4LocalWordSwaps,835,0.948929488658905
nllb200_1B,facebook/nllb-200-1.3B,17,4LocalWordSwaps,836,0.9521048069000244
nllb200_1B,facebook/nllb-200-1.3B,17,4LocalWordSwaps,837,0.9367346167564392
nllb200_1B,facebook/nllb-200-1.3B,17,4LocalWordSwaps,838,0.9328337907791138
nllb200_1B,facebook/nllb-200-1.3B,17,4LocalWordSwaps,839,0.9271923303604126
nllb200_1B,facebook/nllb-200-1.3B,17,4LocalWordSwaps,840,0.931177020072937
nllb200_1B,facebook/nllb-200-1.3B,17,4LocalWordSwaps,841,0.9441623091697693
nllb200_1B,facebook/nllb-200-1.3B,17,4LocalWordSwaps,842,0.9456842541694641
nllb200_1B,facebook/nllb-200-1.3B,17,4LocalWordSwaps,843,0.9406337738037109
nllb200_1B,facebook/nllb-200-1.3B,17,4LocalWordSwaps,844,0.9332731366157532
nllb200_1B,facebook/nllb-200-1.3B,17,4LocalWordSwaps,845,0.9316564798355103
nllb200_1B,facebook/nllb-200-1.3B,17,4LocalWordSwaps,846,0.9217652678489685
nllb200_1B,facebook/nllb-200-1.3B,17,4LocalWordSwaps,847,0.9152111411094666
nllb200_1B,facebook/nllb-200-1.3B,17,4LocalWordSwaps,848,0.9465082883834839
nllb200_1B,facebook/nllb-200-1.3B,17,4LocalWordSwaps,849,0.9361358880996704
nllb200_1B,facebook/nllb-200-1.3B,17,4LocalWordSwaps,850,0.9450706243515015
nllb200_1B,facebook/nllb-200-1.3B,17,4LocalWordSwaps,851,0.9333457350730896
nllb200_1B,facebook/nllb-200-1.3B,17,4LocalWordSwaps,852,0.9506971836090088
nllb200_1B,facebook/nllb-200-1.3B,17,4LocalWordSwaps,853,0.9325933456420898
nllb200_1B,facebook/nllb-200-1.3B,17,4LocalWordSwaps,854,0.9299090504646301
nllb200_1B,facebook/nllb-200-1.3B,17,4LocalWordSwaps,855,0.9372663497924805
nllb200_1B,facebook/nllb-200-1.3B,17,4LocalWordSwaps,856,0.9228115081787109
nllb200_1B,facebook/nllb-200-1.3B,17,4LocalWordSwaps,857,0.9276052713394165
nllb200_1B,facebook/nllb-200-1.3B,17,4LocalWordSwaps,858,0.9530250430107117
nllb200_1B,facebook/nllb-200-1.3B,17,4LocalWordSwaps,859,0.9404302835464478
nllb200_1B,facebook/nllb-200-1.3B,17,4LocalWordSwaps,860,0.9337657690048218
nllb200_1B,facebook/nllb-200-1.3B,17,4LocalWordSwaps,861,0.9411542415618896
nllb200_1B,facebook/nllb-200-1.3B,17,4LocalWordSwaps,862,0.9415395259857178
nllb200_1B,facebook/nllb-200-1.3B,17,4LocalWordSwaps,863,0.9028054475784302
nllb200_1B,facebook/nllb-200-1.3B,17,4LocalWordSwaps,864,0.9326689839363098
nllb200_1B,facebook/nllb-200-1.3B,17,4LocalWordSwaps,865,0.9867866039276123
nllb200_1B,facebook/nllb-200-1.3B,17,4LocalWordSwaps,866,0.9539506435394287
nllb200_1B,facebook/nllb-200-1.3B,17,4LocalWordSwaps,867,0.9282006621360779
nllb200_1B,facebook/nllb-200-1.3B,17,4LocalWordSwaps,868,0.9107346534729004
nllb200_1B,facebook/nllb-200-1.3B,17,4LocalWordSwaps,869,0.9371426105499268
nllb200_1B,facebook/nllb-200-1.3B,17,4LocalWordSwaps,870,0.9443336129188538
nllb200_1B,facebook/nllb-200-1.3B,17,4LocalWordSwaps,871,0.9346014261245728
nllb200_1B,facebook/nllb-200-1.3B,17,4LocalWordSwaps,872,0.9391888380050659
nllb200_1B,facebook/nllb-200-1.3B,17,4LocalWordSwaps,873,0.9508757591247559
nllb200_1B,facebook/nllb-200-1.3B,17,4LocalWordSwaps,874,0.9483062028884888
nllb200_1B,facebook/nllb-200-1.3B,17,4LocalWordSwaps,875,0.9440083503723145
nllb200_1B,facebook/nllb-200-1.3B,17,4LocalWordSwaps,876,0.9318937659263611
nllb200_1B,facebook/nllb-200-1.3B,17,4LocalWordSwaps,877,0.9483405351638794
nllb200_1B,facebook/nllb-200-1.3B,17,4LocalWordSwaps,878,0.9345614910125732
nllb200_1B,facebook/nllb-200-1.3B,17,4LocalWordSwaps,879,0.9265494346618652
nllb200_1B,facebook/nllb-200-1.3B,17,4LocalWordSwaps,880,0.9301121234893799
nllb200_1B,facebook/nllb-200-1.3B,17,4LocalWordSwaps,881,0.940945029258728
nllb200_1B,facebook/nllb-200-1.3B,17,4LocalWordSwaps,882,0.9369177222251892
nllb200_1B,facebook/nllb-200-1.3B,17,4LocalWordSwaps,883,0.9391719698905945
nllb200_1B,facebook/nllb-200-1.3B,17,4LocalWordSwaps,884,0.9476889967918396
nllb200_1B,facebook/nllb-200-1.3B,17,4LocalWordSwaps,885,0.9209210872650146
nllb200_1B,facebook/nllb-200-1.3B,17,4LocalWordSwaps,886,0.9828425049781799
nllb200_1B,facebook/nllb-200-1.3B,17,4LocalWordSwaps,887,0.8994980454444885
nllb200_1B,facebook/nllb-200-1.3B,17,4LocalWordSwaps,888,0.8850072622299194
nllb200_1B,facebook/nllb-200-1.3B,17,4LocalWordSwaps,889,0.6538428068161011
nllb200_1B,facebook/nllb-200-1.3B,17,4LocalWordSwaps,890,0.9369169473648071
nllb200_1B,facebook/nllb-200-1.3B,17,4LocalWordSwaps,891,0.9289895296096802
nllb200_1B,facebook/nllb-200-1.3B,17,4LocalWordSwaps,892,0.904330313205719
nllb200_1B,facebook/nllb-200-1.3B,17,4LocalWordSwaps,893,0.9418838620185852
nllb200_1B,facebook/nllb-200-1.3B,17,4LocalWordSwaps,894,0.699922502040863
nllb200_1B,facebook/nllb-200-1.3B,17,4LocalWordSwaps,895,0.937201976776123
nllb200_1B,facebook/nllb-200-1.3B,17,4LocalWordSwaps,896,0.9425846338272095
nllb200_1B,facebook/nllb-200-1.3B,17,4LocalWordSwaps,897,0.9544067978858948
nllb200_1B,facebook/nllb-200-1.3B,17,4LocalWordSwaps,898,0.9296704530715942
nllb200_1B,facebook/nllb-200-1.3B,17,4LocalWordSwaps,899,0.9140095710754395
nllb200_1B,facebook/nllb-200-1.3B,17,4LocalWordSwaps,900,0.7292978167533875
nllb200_1B,facebook/nllb-200-1.3B,17,4LocalWordSwaps,901,0.9558523893356323
nllb200_1B,facebook/nllb-200-1.3B,17,4LocalWordSwaps,902,0.6426258683204651
nllb200_1B,facebook/nllb-200-1.3B,17,4LocalWordSwaps,903,0.9304693341255188
nllb200_1B,facebook/nllb-200-1.3B,17,4LocalWordSwaps,904,0.9374234676361084
nllb200_1B,facebook/nllb-200-1.3B,17,4LocalWordSwaps,905,0.746941089630127
nllb200_1B,facebook/nllb-200-1.3B,17,4LocalWordSwaps,906,0.9612078070640564
nllb200_1B,facebook/nllb-200-1.3B,17,4LocalWordSwaps,907,0.9209226369857788
nllb200_1B,facebook/nllb-200-1.3B,17,4LocalWordSwaps,908,0.960591197013855
nllb200_1B,facebook/nllb-200-1.3B,17,4LocalWordSwaps,909,0.7563984394073486
nllb200_1B,facebook/nllb-200-1.3B,17,4LocalWordSwaps,910,0.9681116938591003
nllb200_1B,facebook/nllb-200-1.3B,17,4LocalWordSwaps,911,0.7675557732582092
nllb200_1B,facebook/nllb-200-1.3B,17,4LocalWordSwaps,912,0.7528315782546997
nllb200_1B,facebook/nllb-200-1.3B,17,4LocalWordSwaps,913,0.9451676607131958
nllb200_1B,facebook/nllb-200-1.3B,17,4LocalWordSwaps,914,0.9386206865310669
nllb200_1B,facebook/nllb-200-1.3B,17,4LocalWordSwaps,915,0.7525140047073364
nllb200_1B,facebook/nllb-200-1.3B,17,4LocalWordSwaps,916,0.9386428594589233
nllb200_1B,facebook/nllb-200-1.3B,17,4LocalWordSwaps,917,0.9522922039031982
nllb200_1B,facebook/nllb-200-1.3B,17,4LocalWordSwaps,918,0.9316113591194153
nllb200_1B,facebook/nllb-200-1.3B,17,4LocalWordSwaps,919,0.6445600986480713
nllb200_1B,facebook/nllb-200-1.3B,17,4LocalWordSwaps,920,0.9091392159461975
nllb200_1B,facebook/nllb-200-1.3B,17,4LocalWordSwaps,921,0.6988447904586792
nllb200_1B,facebook/nllb-200-1.3B,17,4LocalWordSwaps,922,0.9482793807983398
nllb200_1B,facebook/nllb-200-1.3B,17,4LocalWordSwaps,923,0.9405617713928223
nllb200_1B,facebook/nllb-200-1.3B,17,4LocalWordSwaps,924,0.9287756681442261
nllb200_1B,facebook/nllb-200-1.3B,17,4LocalWordSwaps,925,0.9424270987510681
nllb200_1B,facebook/nllb-200-1.3B,17,4LocalWordSwaps,926,0.9341980218887329
nllb200_1B,facebook/nllb-200-1.3B,17,4LocalWordSwaps,927,0.9261581301689148
nllb200_1B,facebook/nllb-200-1.3B,17,4LocalWordSwaps,928,0.9298979640007019
nllb200_1B,facebook/nllb-200-1.3B,17,4LocalWordSwaps,929,0.8941282033920288
nllb200_1B,facebook/nllb-200-1.3B,17,4LocalWordSwaps,930,0.9485929012298584
nllb200_1B,facebook/nllb-200-1.3B,17,4LocalWordSwaps,931,0.9540553092956543
nllb200_1B,facebook/nllb-200-1.3B,17,4LocalWordSwaps,932,0.9352380037307739
nllb200_1B,facebook/nllb-200-1.3B,17,4LocalWordSwaps,933,0.9520474672317505
nllb200_1B,facebook/nllb-200-1.3B,17,4LocalWordSwaps,934,0.9135011434555054
nllb200_1B,facebook/nllb-200-1.3B,17,4LocalWordSwaps,935,0.9398382902145386
nllb200_1B,facebook/nllb-200-1.3B,17,4LocalWordSwaps,936,0.9325757026672363
nllb200_1B,facebook/nllb-200-1.3B,17,4LocalWordSwaps,937,0.89455646276474
nllb200_1B,facebook/nllb-200-1.3B,17,4LocalWordSwaps,938,0.9335492253303528
nllb200_1B,facebook/nllb-200-1.3B,17,4LocalWordSwaps,939,0.6859281659126282
nllb200_1B,facebook/nllb-200-1.3B,17,4LocalWordSwaps,940,0.9314125776290894
nllb200_1B,facebook/nllb-200-1.3B,17,4LocalWordSwaps,941,0.9443098902702332
nllb200_1B,facebook/nllb-200-1.3B,17,4LocalWordSwaps,942,0.9398049116134644
nllb200_1B,facebook/nllb-200-1.3B,17,4LocalWordSwaps,943,0.9384797215461731
nllb200_1B,facebook/nllb-200-1.3B,17,4LocalWordSwaps,944,0.9276041388511658
nllb200_1B,facebook/nllb-200-1.3B,17,4LocalWordSwaps,945,0.9473158121109009
nllb200_1B,facebook/nllb-200-1.3B,17,4LocalWordSwaps,946,0.9460715055465698
nllb200_1B,facebook/nllb-200-1.3B,17,4LocalWordSwaps,947,0.9449260234832764
nllb200_1B,facebook/nllb-200-1.3B,17,4LocalWordSwaps,948,0.9458233118057251
nllb200_1B,facebook/nllb-200-1.3B,17,4LocalWordSwaps,949,0.9570534229278564
nllb200_1B,facebook/nllb-200-1.3B,17,4LocalWordSwaps,950,0.9409635066986084
nllb200_1B,facebook/nllb-200-1.3B,17,4LocalWordSwaps,951,0.9462239146232605
nllb200_1B,facebook/nllb-200-1.3B,17,4LocalWordSwaps,952,0.9306662678718567
nllb200_1B,facebook/nllb-200-1.3B,17,4LocalWordSwaps,953,0.9482674598693848
nllb200_1B,facebook/nllb-200-1.3B,17,4LocalWordSwaps,954,0.9253321886062622
nllb200_1B,facebook/nllb-200-1.3B,17,4LocalWordSwaps,955,0.931815505027771
nllb200_1B,facebook/nllb-200-1.3B,17,4LocalWordSwaps,956,0.9524272680282593
nllb200_1B,facebook/nllb-200-1.3B,17,4LocalWordSwaps,957,0.9516703486442566
nllb200_1B,facebook/nllb-200-1.3B,17,4LocalWordSwaps,958,0.9221324324607849
nllb200_1B,facebook/nllb-200-1.3B,17,4LocalWordSwaps,959,0.9206960201263428
nllb200_1B,facebook/nllb-200-1.3B,17,4LocalWordSwaps,960,0.9544210433959961
nllb200_1B,facebook/nllb-200-1.3B,17,4LocalWordSwaps,961,0.9443372488021851
nllb200_1B,facebook/nllb-200-1.3B,17,4LocalWordSwaps,962,0.9409177303314209
nllb200_1B,facebook/nllb-200-1.3B,17,4LocalWordSwaps,963,0.9271544814109802
nllb200_1B,facebook/nllb-200-1.3B,17,4LocalWordSwaps,964,0.9462680816650391
nllb200_1B,facebook/nllb-200-1.3B,17,4LocalWordSwaps,965,0.953048825263977
nllb200_1B,facebook/nllb-200-1.3B,17,4LocalWordSwaps,966,0.8981921672821045
nllb200_1B,facebook/nllb-200-1.3B,17,4LocalWordSwaps,967,0.9059462547302246
nllb200_1B,facebook/nllb-200-1.3B,17,4LocalWordSwaps,968,0.9356050491333008
nllb200_1B,facebook/nllb-200-1.3B,17,4LocalWordSwaps,969,0.9470850229263306
nllb200_1B,facebook/nllb-200-1.3B,17,4LocalWordSwaps,970,0.6325357556343079
nllb200_1B,facebook/nllb-200-1.3B,17,4LocalWordSwaps,971,0.9891899824142456
nllb200_1B,facebook/nllb-200-1.3B,17,4LocalWordSwaps,972,0.9787479043006897
nllb200_1B,facebook/nllb-200-1.3B,17,4LocalWordSwaps,973,0.7114823460578918
nllb200_1B,facebook/nllb-200-1.3B,17,4LocalWordSwaps,974,0.9455854892730713
nllb200_1B,facebook/nllb-200-1.3B,17,4LocalWordSwaps,975,0.9059438705444336
nllb200_1B,facebook/nllb-200-1.3B,17,4LocalWordSwaps,976,0.936673641204834
nllb200_1B,facebook/nllb-200-1.3B,17,4LocalWordSwaps,977,0.937610924243927
nllb200_1B,facebook/nllb-200-1.3B,17,4LocalWordSwaps,978,0.9446455836296082
nllb200_1B,facebook/nllb-200-1.3B,17,4LocalWordSwaps,979,0.935826301574707
nllb200_1B,facebook/nllb-200-1.3B,17,4LocalWordSwaps,980,0.9481954574584961
nllb200_1B,facebook/nllb-200-1.3B,17,4LocalWordSwaps,981,0.9747568368911743
nllb200_1B,facebook/nllb-200-1.3B,17,4LocalWordSwaps,982,0.9358877539634705
nllb200_1B,facebook/nllb-200-1.3B,17,4LocalWordSwaps,983,0.951391339302063
nllb200_1B,facebook/nllb-200-1.3B,17,4LocalWordSwaps,984,0.9079748392105103
nllb200_1B,facebook/nllb-200-1.3B,17,4LocalWordSwaps,985,0.9423021078109741
nllb200_1B,facebook/nllb-200-1.3B,17,4LocalWordSwaps,986,0.9139942526817322
nllb200_1B,facebook/nllb-200-1.3B,17,4LocalWordSwaps,987,0.9438185691833496
nllb200_1B,facebook/nllb-200-1.3B,17,4LocalWordSwaps,988,0.9967191219329834
nllb200_1B,facebook/nllb-200-1.3B,17,4LocalWordSwaps,989,0.9405081272125244
nllb200_1B,facebook/nllb-200-1.3B,17,4LocalWordSwaps,990,0.9385100603103638
nllb200_1B,facebook/nllb-200-1.3B,17,4LocalWordSwaps,991,0.9001716375350952
nllb200_1B,facebook/nllb-200-1.3B,17,4LocalWordSwaps,992,0.9130258560180664
nllb200_1B,facebook/nllb-200-1.3B,17,4LocalWordSwaps,993,0.7513117790222168
nllb200_1B,facebook/nllb-200-1.3B,17,4LocalWordSwaps,994,0.9930180907249451
nllb200_1B,facebook/nllb-200-1.3B,17,4LocalWordSwaps,995,0.9335821866989136
nllb200_1B,facebook/nllb-200-1.3B,17,4LocalWordSwaps,996,0.7689141035079956
nllb200_1B,facebook/nllb-200-1.3B,17,4LocalWordSwaps,997,0.9928197860717773
nllb200_1B,facebook/nllb-200-1.3B,17,4LocalWordSwaps,998,0.9438987374305725
nllb200_1B,facebook/nllb-200-1.3B,17,4LocalWordSwaps,999,0.9270410537719727
nllb200_1B,facebook/nllb-200-1.3B,17,5LocalWordSwaps,0,0.9263449907302856
nllb200_1B,facebook/nllb-200-1.3B,17,5LocalWordSwaps,1,0.7516907453536987
nllb200_1B,facebook/nllb-200-1.3B,17,5LocalWordSwaps,2,0.9210083484649658
nllb200_1B,facebook/nllb-200-1.3B,17,5LocalWordSwaps,3,0.9345672130584717
nllb200_1B,facebook/nllb-200-1.3B,17,5LocalWordSwaps,4,0.9420128464698792
nllb200_1B,facebook/nllb-200-1.3B,17,5LocalWordSwaps,5,0.9850407242774963
nllb200_1B,facebook/nllb-200-1.3B,17,5LocalWordSwaps,6,0.9334378242492676
nllb200_1B,facebook/nllb-200-1.3B,17,5LocalWordSwaps,7,0.9396390914916992
nllb200_1B,facebook/nllb-200-1.3B,17,5LocalWordSwaps,8,0.9193153381347656
nllb200_1B,facebook/nllb-200-1.3B,17,5LocalWordSwaps,9,0.9182806611061096
nllb200_1B,facebook/nllb-200-1.3B,17,5LocalWordSwaps,10,0.927677571773529
nllb200_1B,facebook/nllb-200-1.3B,17,5LocalWordSwaps,11,0.9533482789993286
nllb200_1B,facebook/nllb-200-1.3B,17,5LocalWordSwaps,12,0.9216510057449341
nllb200_1B,facebook/nllb-200-1.3B,17,5LocalWordSwaps,13,0.9358710050582886
nllb200_1B,facebook/nllb-200-1.3B,17,5LocalWordSwaps,14,0.9136362075805664
nllb200_1B,facebook/nllb-200-1.3B,17,5LocalWordSwaps,15,0.9380593299865723
nllb200_1B,facebook/nllb-200-1.3B,17,5LocalWordSwaps,16,0.9430503845214844
nllb200_1B,facebook/nllb-200-1.3B,17,5LocalWordSwaps,17,0.926005482673645
nllb200_1B,facebook/nllb-200-1.3B,17,5LocalWordSwaps,18,0.9206089973449707
nllb200_1B,facebook/nllb-200-1.3B,17,5LocalWordSwaps,19,0.933066189289093
nllb200_1B,facebook/nllb-200-1.3B,17,5LocalWordSwaps,20,0.9553971290588379
nllb200_1B,facebook/nllb-200-1.3B,17,5LocalWordSwaps,21,0.9381919503211975
nllb200_1B,facebook/nllb-200-1.3B,17,5LocalWordSwaps,22,0.9495581388473511
nllb200_1B,facebook/nllb-200-1.3B,17,5LocalWordSwaps,23,0.9469994306564331
nllb200_1B,facebook/nllb-200-1.3B,17,5LocalWordSwaps,24,0.9557104706764221
nllb200_1B,facebook/nllb-200-1.3B,17,5LocalWordSwaps,25,0.9419007301330566
nllb200_1B,facebook/nllb-200-1.3B,17,5LocalWordSwaps,26,0.9395541548728943
nllb200_1B,facebook/nllb-200-1.3B,17,5LocalWordSwaps,27,0.9142234921455383
nllb200_1B,facebook/nllb-200-1.3B,17,5LocalWordSwaps,28,0.9367967844009399
nllb200_1B,facebook/nllb-200-1.3B,17,5LocalWordSwaps,29,0.9390504360198975
nllb200_1B,facebook/nllb-200-1.3B,17,5LocalWordSwaps,30,0.9205061197280884
nllb200_1B,facebook/nllb-200-1.3B,17,5LocalWordSwaps,31,0.923180103302002
nllb200_1B,facebook/nllb-200-1.3B,17,5LocalWordSwaps,32,0.9181060791015625
nllb200_1B,facebook/nllb-200-1.3B,17,5LocalWordSwaps,33,0.919577956199646
nllb200_1B,facebook/nllb-200-1.3B,17,5LocalWordSwaps,34,0.9392445087432861
nllb200_1B,facebook/nllb-200-1.3B,17,5LocalWordSwaps,35,0.9403640031814575
nllb200_1B,facebook/nllb-200-1.3B,17,5LocalWordSwaps,36,0.9164323806762695
nllb200_1B,facebook/nllb-200-1.3B,17,5LocalWordSwaps,37,0.9192118644714355
nllb200_1B,facebook/nllb-200-1.3B,17,5LocalWordSwaps,38,0.9421266317367554
nllb200_1B,facebook/nllb-200-1.3B,17,5LocalWordSwaps,39,0.8999801278114319
nllb200_1B,facebook/nllb-200-1.3B,17,5LocalWordSwaps,40,0.9411443471908569
nllb200_1B,facebook/nllb-200-1.3B,17,5LocalWordSwaps,41,0.945151150226593
nllb200_1B,facebook/nllb-200-1.3B,17,5LocalWordSwaps,42,0.7900056838989258
nllb200_1B,facebook/nllb-200-1.3B,17,5LocalWordSwaps,43,0.9345318078994751
nllb200_1B,facebook/nllb-200-1.3B,17,5LocalWordSwaps,44,0.9554232358932495
nllb200_1B,facebook/nllb-200-1.3B,17,5LocalWordSwaps,45,0.9198827743530273
nllb200_1B,facebook/nllb-200-1.3B,17,5LocalWordSwaps,46,0.9322835206985474
nllb200_1B,facebook/nllb-200-1.3B,17,5LocalWordSwaps,47,0.9282649159431458
nllb200_1B,facebook/nllb-200-1.3B,17,5LocalWordSwaps,48,0.9167032241821289
nllb200_1B,facebook/nllb-200-1.3B,17,5LocalWordSwaps,49,0.9303328394889832
nllb200_1B,facebook/nllb-200-1.3B,17,5LocalWordSwaps,50,0.920741856098175
nllb200_1B,facebook/nllb-200-1.3B,17,5LocalWordSwaps,51,0.9584650993347168
nllb200_1B,facebook/nllb-200-1.3B,17,5LocalWordSwaps,52,0.9561653137207031
nllb200_1B,facebook/nllb-200-1.3B,17,5LocalWordSwaps,53,0.95210862159729
nllb200_1B,facebook/nllb-200-1.3B,17,5LocalWordSwaps,54,0.948513925075531
nllb200_1B,facebook/nllb-200-1.3B,17,5LocalWordSwaps,55,0.9503465890884399
nllb200_1B,facebook/nllb-200-1.3B,17,5LocalWordSwaps,56,0.9383056163787842
nllb200_1B,facebook/nllb-200-1.3B,17,5LocalWordSwaps,57,0.9460219144821167
nllb200_1B,facebook/nllb-200-1.3B,17,5LocalWordSwaps,58,0.9507654905319214
nllb200_1B,facebook/nllb-200-1.3B,17,5LocalWordSwaps,59,0.9496456384658813
nllb200_1B,facebook/nllb-200-1.3B,17,5LocalWordSwaps,60,0.9438349008560181
nllb200_1B,facebook/nllb-200-1.3B,17,5LocalWordSwaps,61,0.936281681060791
nllb200_1B,facebook/nllb-200-1.3B,17,5LocalWordSwaps,62,0.9860382676124573
nllb200_1B,facebook/nllb-200-1.3B,17,5LocalWordSwaps,63,0.9096152782440186
nllb200_1B,facebook/nllb-200-1.3B,17,5LocalWordSwaps,64,0.9327617883682251
nllb200_1B,facebook/nllb-200-1.3B,17,5LocalWordSwaps,65,0.9254468679428101
nllb200_1B,facebook/nllb-200-1.3B,17,5LocalWordSwaps,66,0.9268738031387329
nllb200_1B,facebook/nllb-200-1.3B,17,5LocalWordSwaps,67,0.9038317203521729
nllb200_1B,facebook/nllb-200-1.3B,17,5LocalWordSwaps,68,0.9268648624420166
nllb200_1B,facebook/nllb-200-1.3B,17,5LocalWordSwaps,69,0.6875883340835571
nllb200_1B,facebook/nllb-200-1.3B,17,5LocalWordSwaps,70,0.9388188719749451
nllb200_1B,facebook/nllb-200-1.3B,17,5LocalWordSwaps,71,0.9414132833480835
nllb200_1B,facebook/nllb-200-1.3B,17,5LocalWordSwaps,72,0.9471836090087891
nllb200_1B,facebook/nllb-200-1.3B,17,5LocalWordSwaps,73,0.9818027019500732
nllb200_1B,facebook/nllb-200-1.3B,17,5LocalWordSwaps,74,0.943689227104187
nllb200_1B,facebook/nllb-200-1.3B,17,5LocalWordSwaps,75,0.9275127649307251
nllb200_1B,facebook/nllb-200-1.3B,17,5LocalWordSwaps,76,0.652228057384491
nllb200_1B,facebook/nllb-200-1.3B,17,5LocalWordSwaps,77,0.9413113594055176
nllb200_1B,facebook/nllb-200-1.3B,17,5LocalWordSwaps,78,0.7874270677566528
nllb200_1B,facebook/nllb-200-1.3B,17,5LocalWordSwaps,79,0.9243227243423462
nllb200_1B,facebook/nllb-200-1.3B,17,5LocalWordSwaps,80,0.93105149269104
nllb200_1B,facebook/nllb-200-1.3B,17,5LocalWordSwaps,81,0.7527788877487183
nllb200_1B,facebook/nllb-200-1.3B,17,5LocalWordSwaps,82,0.9209765195846558
nllb200_1B,facebook/nllb-200-1.3B,17,5LocalWordSwaps,83,0.7066629528999329
nllb200_1B,facebook/nllb-200-1.3B,17,5LocalWordSwaps,84,0.9396506547927856
nllb200_1B,facebook/nllb-200-1.3B,17,5LocalWordSwaps,85,0.9831631183624268
nllb200_1B,facebook/nllb-200-1.3B,17,5LocalWordSwaps,86,0.9345299005508423
nllb200_1B,facebook/nllb-200-1.3B,17,5LocalWordSwaps,87,0.71034836769104
nllb200_1B,facebook/nllb-200-1.3B,17,5LocalWordSwaps,88,0.9497921466827393
nllb200_1B,facebook/nllb-200-1.3B,17,5LocalWordSwaps,89,0.9183080792427063
nllb200_1B,facebook/nllb-200-1.3B,17,5LocalWordSwaps,90,0.8801501393318176
nllb200_1B,facebook/nllb-200-1.3B,17,5LocalWordSwaps,91,0.9313510656356812
nllb200_1B,facebook/nllb-200-1.3B,17,5LocalWordSwaps,92,0.7327582836151123
nllb200_1B,facebook/nllb-200-1.3B,17,5LocalWordSwaps,93,0.6950033903121948
nllb200_1B,facebook/nllb-200-1.3B,17,5LocalWordSwaps,94,0.9682214856147766
nllb200_1B,facebook/nllb-200-1.3B,17,5LocalWordSwaps,95,0.9533346891403198
nllb200_1B,facebook/nllb-200-1.3B,17,5LocalWordSwaps,96,0.9119922518730164
nllb200_1B,facebook/nllb-200-1.3B,17,5LocalWordSwaps,97,0.9503078460693359
nllb200_1B,facebook/nllb-200-1.3B,17,5LocalWordSwaps,98,0.8962346315383911
nllb200_1B,facebook/nllb-200-1.3B,17,5LocalWordSwaps,99,0.9478883147239685
nllb200_1B,facebook/nllb-200-1.3B,17,5LocalWordSwaps,100,0.9137649536132812
nllb200_1B,facebook/nllb-200-1.3B,17,5LocalWordSwaps,101,0.9027400016784668
nllb200_1B,facebook/nllb-200-1.3B,17,5LocalWordSwaps,102,0.7230086326599121
nllb200_1B,facebook/nllb-200-1.3B,17,5LocalWordSwaps,103,0.9337751865386963
nllb200_1B,facebook/nllb-200-1.3B,17,5LocalWordSwaps,104,0.9401872158050537
nllb200_1B,facebook/nllb-200-1.3B,17,5LocalWordSwaps,105,0.9435646533966064
nllb200_1B,facebook/nllb-200-1.3B,17,5LocalWordSwaps,106,0.9491171836853027
nllb200_1B,facebook/nllb-200-1.3B,17,5LocalWordSwaps,107,0.7166174054145813
nllb200_1B,facebook/nllb-200-1.3B,17,5LocalWordSwaps,108,0.951327383518219
nllb200_1B,facebook/nllb-200-1.3B,17,5LocalWordSwaps,109,0.93540358543396
nllb200_1B,facebook/nllb-200-1.3B,17,5LocalWordSwaps,110,0.953697144985199
nllb200_1B,facebook/nllb-200-1.3B,17,5LocalWordSwaps,111,0.9484395980834961
nllb200_1B,facebook/nllb-200-1.3B,17,5LocalWordSwaps,112,0.9136644005775452
nllb200_1B,facebook/nllb-200-1.3B,17,5LocalWordSwaps,113,0.9224057197570801
nllb200_1B,facebook/nllb-200-1.3B,17,5LocalWordSwaps,114,0.930540919303894
nllb200_1B,facebook/nllb-200-1.3B,17,5LocalWordSwaps,115,0.9471148252487183
nllb200_1B,facebook/nllb-200-1.3B,17,5LocalWordSwaps,116,0.9026220440864563
nllb200_1B,facebook/nllb-200-1.3B,17,5LocalWordSwaps,117,0.9339244961738586
nllb200_1B,facebook/nllb-200-1.3B,17,5LocalWordSwaps,118,0.9258801341056824
nllb200_1B,facebook/nllb-200-1.3B,17,5LocalWordSwaps,119,0.9493471384048462
nllb200_1B,facebook/nllb-200-1.3B,17,5LocalWordSwaps,120,0.9317759275436401
nllb200_1B,facebook/nllb-200-1.3B,17,5LocalWordSwaps,121,0.8915899991989136
nllb200_1B,facebook/nllb-200-1.3B,17,5LocalWordSwaps,122,0.9504686594009399
nllb200_1B,facebook/nllb-200-1.3B,17,5LocalWordSwaps,123,0.929955244064331
nllb200_1B,facebook/nllb-200-1.3B,17,5LocalWordSwaps,124,0.9381958246231079
nllb200_1B,facebook/nllb-200-1.3B,17,5LocalWordSwaps,125,0.9447927474975586
nllb200_1B,facebook/nllb-200-1.3B,17,5LocalWordSwaps,126,0.9231973886489868
nllb200_1B,facebook/nllb-200-1.3B,17,5LocalWordSwaps,127,0.9348022937774658
nllb200_1B,facebook/nllb-200-1.3B,17,5LocalWordSwaps,128,0.9164931774139404
nllb200_1B,facebook/nllb-200-1.3B,17,5LocalWordSwaps,129,0.9270600080490112
nllb200_1B,facebook/nllb-200-1.3B,17,5LocalWordSwaps,130,0.9264184236526489
nllb200_1B,facebook/nllb-200-1.3B,17,5LocalWordSwaps,131,0.9096974730491638
nllb200_1B,facebook/nllb-200-1.3B,17,5LocalWordSwaps,132,0.8963143825531006
nllb200_1B,facebook/nllb-200-1.3B,17,5LocalWordSwaps,133,0.9927071332931519
nllb200_1B,facebook/nllb-200-1.3B,17,5LocalWordSwaps,134,0.917095422744751
nllb200_1B,facebook/nllb-200-1.3B,17,5LocalWordSwaps,135,0.9346833229064941
nllb200_1B,facebook/nllb-200-1.3B,17,5LocalWordSwaps,136,0.9415180683135986
nllb200_1B,facebook/nllb-200-1.3B,17,5LocalWordSwaps,137,0.9274976253509521
nllb200_1B,facebook/nllb-200-1.3B,17,5LocalWordSwaps,138,0.9231431484222412
nllb200_1B,facebook/nllb-200-1.3B,17,5LocalWordSwaps,139,0.9352893829345703
nllb200_1B,facebook/nllb-200-1.3B,17,5LocalWordSwaps,140,0.9361077547073364
nllb200_1B,facebook/nllb-200-1.3B,17,5LocalWordSwaps,141,0.9278923273086548
nllb200_1B,facebook/nllb-200-1.3B,17,5LocalWordSwaps,142,0.9431984424591064
nllb200_1B,facebook/nllb-200-1.3B,17,5LocalWordSwaps,143,0.873222827911377
nllb200_1B,facebook/nllb-200-1.3B,17,5LocalWordSwaps,144,0.926334023475647
nllb200_1B,facebook/nllb-200-1.3B,17,5LocalWordSwaps,145,0.934326171875
nllb200_1B,facebook/nllb-200-1.3B,17,5LocalWordSwaps,146,0.9310564994812012
nllb200_1B,facebook/nllb-200-1.3B,17,5LocalWordSwaps,147,0.9554473161697388
nllb200_1B,facebook/nllb-200-1.3B,17,5LocalWordSwaps,148,0.9357221126556396
nllb200_1B,facebook/nllb-200-1.3B,17,5LocalWordSwaps,149,0.945664644241333
nllb200_1B,facebook/nllb-200-1.3B,17,5LocalWordSwaps,150,0.9286887049674988
nllb200_1B,facebook/nllb-200-1.3B,17,5LocalWordSwaps,151,0.8931000828742981
nllb200_1B,facebook/nllb-200-1.3B,17,5LocalWordSwaps,152,0.9119548797607422
nllb200_1B,facebook/nllb-200-1.3B,17,5LocalWordSwaps,153,0.9324176907539368
nllb200_1B,facebook/nllb-200-1.3B,17,5LocalWordSwaps,154,0.9149960279464722
nllb200_1B,facebook/nllb-200-1.3B,17,5LocalWordSwaps,155,0.9307922720909119
nllb200_1B,facebook/nllb-200-1.3B,17,5LocalWordSwaps,156,0.9608803987503052
nllb200_1B,facebook/nllb-200-1.3B,17,5LocalWordSwaps,157,0.9533780813217163
nllb200_1B,facebook/nllb-200-1.3B,17,5LocalWordSwaps,158,0.9253792762756348
nllb200_1B,facebook/nllb-200-1.3B,17,5LocalWordSwaps,159,0.9540612697601318
nllb200_1B,facebook/nllb-200-1.3B,17,5LocalWordSwaps,160,0.9019891023635864
nllb200_1B,facebook/nllb-200-1.3B,17,5LocalWordSwaps,161,0.9341706037521362
nllb200_1B,facebook/nllb-200-1.3B,17,5LocalWordSwaps,162,0.8936912417411804
nllb200_1B,facebook/nllb-200-1.3B,17,5LocalWordSwaps,163,0.9366843700408936
nllb200_1B,facebook/nllb-200-1.3B,17,5LocalWordSwaps,164,0.9264047741889954
nllb200_1B,facebook/nllb-200-1.3B,17,5LocalWordSwaps,165,0.9517643451690674
nllb200_1B,facebook/nllb-200-1.3B,17,5LocalWordSwaps,166,0.9380474090576172
nllb200_1B,facebook/nllb-200-1.3B,17,5LocalWordSwaps,167,0.9401363134384155
nllb200_1B,facebook/nllb-200-1.3B,17,5LocalWordSwaps,168,0.9361834526062012
nllb200_1B,facebook/nllb-200-1.3B,17,5LocalWordSwaps,169,0.9389737844467163
nllb200_1B,facebook/nllb-200-1.3B,17,5LocalWordSwaps,170,0.9449418187141418
nllb200_1B,facebook/nllb-200-1.3B,17,5LocalWordSwaps,171,0.9263591766357422
nllb200_1B,facebook/nllb-200-1.3B,17,5LocalWordSwaps,172,0.917556881904602
nllb200_1B,facebook/nllb-200-1.3B,17,5LocalWordSwaps,173,0.9131306409835815
nllb200_1B,facebook/nllb-200-1.3B,17,5LocalWordSwaps,174,0.9341543912887573
nllb200_1B,facebook/nllb-200-1.3B,17,5LocalWordSwaps,175,0.9459524750709534
nllb200_1B,facebook/nllb-200-1.3B,17,5LocalWordSwaps,176,0.9776754379272461
nllb200_1B,facebook/nllb-200-1.3B,17,5LocalWordSwaps,177,0.936187744140625
nllb200_1B,facebook/nllb-200-1.3B,17,5LocalWordSwaps,178,0.8969870805740356
nllb200_1B,facebook/nllb-200-1.3B,17,5LocalWordSwaps,179,0.9253538250923157
nllb200_1B,facebook/nllb-200-1.3B,17,5LocalWordSwaps,180,0.9021053314208984
nllb200_1B,facebook/nllb-200-1.3B,17,5LocalWordSwaps,181,0.647132396697998
nllb200_1B,facebook/nllb-200-1.3B,17,5LocalWordSwaps,182,0.9514753818511963
nllb200_1B,facebook/nllb-200-1.3B,17,5LocalWordSwaps,183,0.8999053835868835
nllb200_1B,facebook/nllb-200-1.3B,17,5LocalWordSwaps,184,0.9261090755462646
nllb200_1B,facebook/nllb-200-1.3B,17,5LocalWordSwaps,185,0.7562798261642456
nllb200_1B,facebook/nllb-200-1.3B,17,5LocalWordSwaps,186,0.9046874046325684
nllb200_1B,facebook/nllb-200-1.3B,17,5LocalWordSwaps,187,0.6479129791259766
nllb200_1B,facebook/nllb-200-1.3B,17,5LocalWordSwaps,188,0.8994320631027222
nllb200_1B,facebook/nllb-200-1.3B,17,5LocalWordSwaps,189,0.9434626698493958
nllb200_1B,facebook/nllb-200-1.3B,17,5LocalWordSwaps,190,0.8569346070289612
nllb200_1B,facebook/nllb-200-1.3B,17,5LocalWordSwaps,191,0.8989772796630859
nllb200_1B,facebook/nllb-200-1.3B,17,5LocalWordSwaps,192,0.9491090774536133
nllb200_1B,facebook/nllb-200-1.3B,17,5LocalWordSwaps,193,0.9531036615371704
nllb200_1B,facebook/nllb-200-1.3B,17,5LocalWordSwaps,194,0.943184494972229
nllb200_1B,facebook/nllb-200-1.3B,17,5LocalWordSwaps,195,0.8202788829803467
nllb200_1B,facebook/nllb-200-1.3B,17,5LocalWordSwaps,196,0.9473411440849304
nllb200_1B,facebook/nllb-200-1.3B,17,5LocalWordSwaps,197,0.9611318111419678
nllb200_1B,facebook/nllb-200-1.3B,17,5LocalWordSwaps,198,0.6681820750236511
nllb200_1B,facebook/nllb-200-1.3B,17,5LocalWordSwaps,199,0.9072844982147217
nllb200_1B,facebook/nllb-200-1.3B,17,5LocalWordSwaps,200,0.9455982446670532
nllb200_1B,facebook/nllb-200-1.3B,17,5LocalWordSwaps,201,0.9346377849578857
nllb200_1B,facebook/nllb-200-1.3B,17,5LocalWordSwaps,202,0.9455578923225403
nllb200_1B,facebook/nllb-200-1.3B,17,5LocalWordSwaps,203,0.9298986196517944
nllb200_1B,facebook/nllb-200-1.3B,17,5LocalWordSwaps,204,0.9462809562683105
nllb200_1B,facebook/nllb-200-1.3B,17,5LocalWordSwaps,205,0.9519641399383545
nllb200_1B,facebook/nllb-200-1.3B,17,5LocalWordSwaps,206,0.9158296585083008
nllb200_1B,facebook/nllb-200-1.3B,17,5LocalWordSwaps,207,0.9895906448364258
nllb200_1B,facebook/nllb-200-1.3B,17,5LocalWordSwaps,208,0.9301954507827759
nllb200_1B,facebook/nllb-200-1.3B,17,5LocalWordSwaps,209,0.9409992098808289
nllb200_1B,facebook/nllb-200-1.3B,17,5LocalWordSwaps,210,0.9383949041366577
nllb200_1B,facebook/nllb-200-1.3B,17,5LocalWordSwaps,211,0.9331513047218323
nllb200_1B,facebook/nllb-200-1.3B,17,5LocalWordSwaps,212,0.9840485453605652
nllb200_1B,facebook/nllb-200-1.3B,17,5LocalWordSwaps,213,0.9117258787155151
nllb200_1B,facebook/nllb-200-1.3B,17,5LocalWordSwaps,214,0.9310373067855835
nllb200_1B,facebook/nllb-200-1.3B,17,5LocalWordSwaps,215,0.9412387609481812
nllb200_1B,facebook/nllb-200-1.3B,17,5LocalWordSwaps,216,0.6321293115615845
nllb200_1B,facebook/nllb-200-1.3B,17,5LocalWordSwaps,217,0.701423168182373
nllb200_1B,facebook/nllb-200-1.3B,17,5LocalWordSwaps,218,0.9413548707962036
nllb200_1B,facebook/nllb-200-1.3B,17,5LocalWordSwaps,219,0.9214165210723877
nllb200_1B,facebook/nllb-200-1.3B,17,5LocalWordSwaps,220,0.9296389818191528
nllb200_1B,facebook/nllb-200-1.3B,17,5LocalWordSwaps,221,0.9482696652412415
nllb200_1B,facebook/nllb-200-1.3B,17,5LocalWordSwaps,222,0.960680365562439
nllb200_1B,facebook/nllb-200-1.3B,17,5LocalWordSwaps,223,0.710458517074585
nllb200_1B,facebook/nllb-200-1.3B,17,5LocalWordSwaps,224,0.94157874584198
nllb200_1B,facebook/nllb-200-1.3B,17,5LocalWordSwaps,225,0.7208760380744934
nllb200_1B,facebook/nllb-200-1.3B,17,5LocalWordSwaps,226,0.9383333921432495
nllb200_1B,facebook/nllb-200-1.3B,17,5LocalWordSwaps,227,0.9497422575950623
nllb200_1B,facebook/nllb-200-1.3B,17,5LocalWordSwaps,228,0.9738841652870178
nllb200_1B,facebook/nllb-200-1.3B,17,5LocalWordSwaps,229,0.9496759176254272
nllb200_1B,facebook/nllb-200-1.3B,17,5LocalWordSwaps,230,0.9378817081451416
nllb200_1B,facebook/nllb-200-1.3B,17,5LocalWordSwaps,231,0.7111114263534546
nllb200_1B,facebook/nllb-200-1.3B,17,5LocalWordSwaps,232,0.7116971015930176
nllb200_1B,facebook/nllb-200-1.3B,17,5LocalWordSwaps,233,0.9325531125068665
nllb200_1B,facebook/nllb-200-1.3B,17,5LocalWordSwaps,234,0.9383101463317871
nllb200_1B,facebook/nllb-200-1.3B,17,5LocalWordSwaps,235,0.7532235980033875
nllb200_1B,facebook/nllb-200-1.3B,17,5LocalWordSwaps,236,0.6347329616546631
nllb200_1B,facebook/nllb-200-1.3B,17,5LocalWordSwaps,237,0.6916215419769287
nllb200_1B,facebook/nllb-200-1.3B,17,5LocalWordSwaps,238,0.9499945640563965
nllb200_1B,facebook/nllb-200-1.3B,17,5LocalWordSwaps,239,0.7175941467285156
nllb200_1B,facebook/nllb-200-1.3B,17,5LocalWordSwaps,240,0.9362195730209351
nllb200_1B,facebook/nllb-200-1.3B,17,5LocalWordSwaps,241,0.8979348540306091
nllb200_1B,facebook/nllb-200-1.3B,17,5LocalWordSwaps,242,0.9078289270401001
nllb200_1B,facebook/nllb-200-1.3B,17,5LocalWordSwaps,243,0.758492648601532
nllb200_1B,facebook/nllb-200-1.3B,17,5LocalWordSwaps,244,0.9500423669815063
nllb200_1B,facebook/nllb-200-1.3B,17,5LocalWordSwaps,245,0.8892875909805298
nllb200_1B,facebook/nllb-200-1.3B,17,5LocalWordSwaps,246,0.9452382326126099
nllb200_1B,facebook/nllb-200-1.3B,17,5LocalWordSwaps,247,0.9421873092651367
nllb200_1B,facebook/nllb-200-1.3B,17,5LocalWordSwaps,248,0.770742654800415
nllb200_1B,facebook/nllb-200-1.3B,17,5LocalWordSwaps,249,0.9580183625221252
nllb200_1B,facebook/nllb-200-1.3B,17,5LocalWordSwaps,250,0.9531116485595703
nllb200_1B,facebook/nllb-200-1.3B,17,5LocalWordSwaps,251,0.9418858289718628
nllb200_1B,facebook/nllb-200-1.3B,17,5LocalWordSwaps,252,0.9476087093353271
nllb200_1B,facebook/nllb-200-1.3B,17,5LocalWordSwaps,253,0.9483236074447632
nllb200_1B,facebook/nllb-200-1.3B,17,5LocalWordSwaps,254,0.6837149858474731
nllb200_1B,facebook/nllb-200-1.3B,17,5LocalWordSwaps,255,0.9391433000564575
nllb200_1B,facebook/nllb-200-1.3B,17,5LocalWordSwaps,256,0.9654891490936279
nllb200_1B,facebook/nllb-200-1.3B,17,5LocalWordSwaps,257,0.9320746660232544
nllb200_1B,facebook/nllb-200-1.3B,17,5LocalWordSwaps,258,0.9330220818519592
nllb200_1B,facebook/nllb-200-1.3B,17,5LocalWordSwaps,259,0.9646164178848267
nllb200_1B,facebook/nllb-200-1.3B,17,5LocalWordSwaps,260,0.7309949398040771
nllb200_1B,facebook/nllb-200-1.3B,17,5LocalWordSwaps,261,0.9460887908935547
nllb200_1B,facebook/nllb-200-1.3B,17,5LocalWordSwaps,262,0.736626386642456
nllb200_1B,facebook/nllb-200-1.3B,17,5LocalWordSwaps,263,0.9366387128829956
nllb200_1B,facebook/nllb-200-1.3B,17,5LocalWordSwaps,264,0.7186936140060425
nllb200_1B,facebook/nllb-200-1.3B,17,5LocalWordSwaps,265,0.9222556352615356
nllb200_1B,facebook/nllb-200-1.3B,17,5LocalWordSwaps,266,0.9250965118408203
nllb200_1B,facebook/nllb-200-1.3B,17,5LocalWordSwaps,267,0.9418455362319946
nllb200_1B,facebook/nllb-200-1.3B,17,5LocalWordSwaps,268,0.9376569986343384
nllb200_1B,facebook/nllb-200-1.3B,17,5LocalWordSwaps,269,0.9926726818084717
nllb200_1B,facebook/nllb-200-1.3B,17,5LocalWordSwaps,270,0.9432469606399536
nllb200_1B,facebook/nllb-200-1.3B,17,5LocalWordSwaps,271,0.652679443359375
nllb200_1B,facebook/nllb-200-1.3B,17,5LocalWordSwaps,272,0.9491758346557617
nllb200_1B,facebook/nllb-200-1.3B,17,5LocalWordSwaps,273,0.9498782753944397
nllb200_1B,facebook/nllb-200-1.3B,17,5LocalWordSwaps,274,0.6946734189987183
nllb200_1B,facebook/nllb-200-1.3B,17,5LocalWordSwaps,275,0.9481325149536133
nllb200_1B,facebook/nllb-200-1.3B,17,5LocalWordSwaps,276,0.9424141645431519
nllb200_1B,facebook/nllb-200-1.3B,17,5LocalWordSwaps,277,0.9238379597663879
nllb200_1B,facebook/nllb-200-1.3B,17,5LocalWordSwaps,278,0.9527191519737244
nllb200_1B,facebook/nllb-200-1.3B,17,5LocalWordSwaps,279,0.9456682205200195
nllb200_1B,facebook/nllb-200-1.3B,17,5LocalWordSwaps,280,0.949572741985321
nllb200_1B,facebook/nllb-200-1.3B,17,5LocalWordSwaps,281,0.9577888250350952
nllb200_1B,facebook/nllb-200-1.3B,17,5LocalWordSwaps,282,0.9438497424125671
nllb200_1B,facebook/nllb-200-1.3B,17,5LocalWordSwaps,283,0.922726571559906
nllb200_1B,facebook/nllb-200-1.3B,17,5LocalWordSwaps,284,0.9355566501617432
nllb200_1B,facebook/nllb-200-1.3B,17,5LocalWordSwaps,285,0.9433485269546509
nllb200_1B,facebook/nllb-200-1.3B,17,5LocalWordSwaps,286,0.9177911281585693
nllb200_1B,facebook/nllb-200-1.3B,17,5LocalWordSwaps,287,0.9160932302474976
nllb200_1B,facebook/nllb-200-1.3B,17,5LocalWordSwaps,288,0.9238301515579224
nllb200_1B,facebook/nllb-200-1.3B,17,5LocalWordSwaps,289,0.9359039664268494
nllb200_1B,facebook/nllb-200-1.3B,17,5LocalWordSwaps,290,0.9194689989089966
nllb200_1B,facebook/nllb-200-1.3B,17,5LocalWordSwaps,291,0.9498980641365051
nllb200_1B,facebook/nllb-200-1.3B,17,5LocalWordSwaps,292,0.9553599953651428
nllb200_1B,facebook/nllb-200-1.3B,17,5LocalWordSwaps,293,0.953152596950531
nllb200_1B,facebook/nllb-200-1.3B,17,5LocalWordSwaps,294,0.925956130027771
nllb200_1B,facebook/nllb-200-1.3B,17,5LocalWordSwaps,295,0.928191065788269
nllb200_1B,facebook/nllb-200-1.3B,17,5LocalWordSwaps,296,0.9352820515632629
nllb200_1B,facebook/nllb-200-1.3B,17,5LocalWordSwaps,297,0.9519343376159668
nllb200_1B,facebook/nllb-200-1.3B,17,5LocalWordSwaps,298,0.8975303173065186
nllb200_1B,facebook/nllb-200-1.3B,17,5LocalWordSwaps,299,0.9463329315185547
nllb200_1B,facebook/nllb-200-1.3B,17,5LocalWordSwaps,300,0.9148045778274536
nllb200_1B,facebook/nllb-200-1.3B,17,5LocalWordSwaps,301,0.9504295587539673
nllb200_1B,facebook/nllb-200-1.3B,17,5LocalWordSwaps,302,0.9314610958099365
nllb200_1B,facebook/nllb-200-1.3B,17,5LocalWordSwaps,303,0.9423007965087891
nllb200_1B,facebook/nllb-200-1.3B,17,5LocalWordSwaps,304,0.9337844848632812
nllb200_1B,facebook/nllb-200-1.3B,17,5LocalWordSwaps,305,0.9443366527557373
nllb200_1B,facebook/nllb-200-1.3B,17,5LocalWordSwaps,306,0.9324846267700195
nllb200_1B,facebook/nllb-200-1.3B,17,5LocalWordSwaps,307,0.9269529581069946
nllb200_1B,facebook/nllb-200-1.3B,17,5LocalWordSwaps,308,0.9372965097427368
nllb200_1B,facebook/nllb-200-1.3B,17,5LocalWordSwaps,309,0.9399362206459045
nllb200_1B,facebook/nllb-200-1.3B,17,5LocalWordSwaps,310,0.9318000674247742
nllb200_1B,facebook/nllb-200-1.3B,17,5LocalWordSwaps,311,0.927417516708374
nllb200_1B,facebook/nllb-200-1.3B,17,5LocalWordSwaps,312,0.9261025190353394
nllb200_1B,facebook/nllb-200-1.3B,17,5LocalWordSwaps,313,0.9090436100959778
nllb200_1B,facebook/nllb-200-1.3B,17,5LocalWordSwaps,314,0.9450969696044922
nllb200_1B,facebook/nllb-200-1.3B,17,5LocalWordSwaps,315,0.9286963939666748
nllb200_1B,facebook/nllb-200-1.3B,17,5LocalWordSwaps,316,0.9389705061912537
nllb200_1B,facebook/nllb-200-1.3B,17,5LocalWordSwaps,317,0.9280358552932739
nllb200_1B,facebook/nllb-200-1.3B,17,5LocalWordSwaps,318,0.9431657791137695
nllb200_1B,facebook/nllb-200-1.3B,17,5LocalWordSwaps,319,0.9554390907287598
nllb200_1B,facebook/nllb-200-1.3B,17,5LocalWordSwaps,320,0.9018458127975464
nllb200_1B,facebook/nllb-200-1.3B,17,5LocalWordSwaps,321,0.9409894943237305
nllb200_1B,facebook/nllb-200-1.3B,17,5LocalWordSwaps,322,0.9238207340240479
nllb200_1B,facebook/nllb-200-1.3B,17,5LocalWordSwaps,323,0.9575735330581665
nllb200_1B,facebook/nllb-200-1.3B,17,5LocalWordSwaps,324,0.9356642961502075
nllb200_1B,facebook/nllb-200-1.3B,17,5LocalWordSwaps,325,0.9486464262008667
nllb200_1B,facebook/nllb-200-1.3B,17,5LocalWordSwaps,326,0.9750872850418091
nllb200_1B,facebook/nllb-200-1.3B,17,5LocalWordSwaps,327,0.9580807685852051
nllb200_1B,facebook/nllb-200-1.3B,17,5LocalWordSwaps,328,0.9485178589820862
nllb200_1B,facebook/nllb-200-1.3B,17,5LocalWordSwaps,329,0.9326052665710449
nllb200_1B,facebook/nllb-200-1.3B,17,5LocalWordSwaps,330,0.9371596574783325
nllb200_1B,facebook/nllb-200-1.3B,17,5LocalWordSwaps,331,0.9791858196258545
nllb200_1B,facebook/nllb-200-1.3B,17,5LocalWordSwaps,332,0.9214232563972473
nllb200_1B,facebook/nllb-200-1.3B,17,5LocalWordSwaps,333,0.9210814833641052
nllb200_1B,facebook/nllb-200-1.3B,17,5LocalWordSwaps,334,0.9262158274650574
nllb200_1B,facebook/nllb-200-1.3B,17,5LocalWordSwaps,335,0.9104080200195312
nllb200_1B,facebook/nllb-200-1.3B,17,5LocalWordSwaps,336,0.9445736408233643
nllb200_1B,facebook/nllb-200-1.3B,17,5LocalWordSwaps,337,0.9366358518600464
nllb200_1B,facebook/nllb-200-1.3B,17,5LocalWordSwaps,338,0.9369414448738098
nllb200_1B,facebook/nllb-200-1.3B,17,5LocalWordSwaps,339,0.9449623227119446
nllb200_1B,facebook/nllb-200-1.3B,17,5LocalWordSwaps,340,0.9111982583999634
nllb200_1B,facebook/nllb-200-1.3B,17,5LocalWordSwaps,341,0.9345030784606934
nllb200_1B,facebook/nllb-200-1.3B,17,5LocalWordSwaps,342,0.9347342252731323
nllb200_1B,facebook/nllb-200-1.3B,17,5LocalWordSwaps,343,0.9323220252990723
nllb200_1B,facebook/nllb-200-1.3B,17,5LocalWordSwaps,344,0.9309667348861694
nllb200_1B,facebook/nllb-200-1.3B,17,5LocalWordSwaps,345,0.9196626543998718
nllb200_1B,facebook/nllb-200-1.3B,17,5LocalWordSwaps,346,0.9115567803382874
nllb200_1B,facebook/nllb-200-1.3B,17,5LocalWordSwaps,347,0.987634539604187
nllb200_1B,facebook/nllb-200-1.3B,17,5LocalWordSwaps,348,0.9404765367507935
nllb200_1B,facebook/nllb-200-1.3B,17,5LocalWordSwaps,349,0.9448598623275757
nllb200_1B,facebook/nllb-200-1.3B,17,5LocalWordSwaps,350,0.9294675588607788
nllb200_1B,facebook/nllb-200-1.3B,17,5LocalWordSwaps,351,0.9388222694396973
nllb200_1B,facebook/nllb-200-1.3B,17,5LocalWordSwaps,352,0.9384363293647766
nllb200_1B,facebook/nllb-200-1.3B,17,5LocalWordSwaps,353,0.9863366484642029
nllb200_1B,facebook/nllb-200-1.3B,17,5LocalWordSwaps,354,0.9342843890190125
nllb200_1B,facebook/nllb-200-1.3B,17,5LocalWordSwaps,355,0.7357749938964844
nllb200_1B,facebook/nllb-200-1.3B,17,5LocalWordSwaps,356,0.9186369776725769
nllb200_1B,facebook/nllb-200-1.3B,17,5LocalWordSwaps,357,0.9560655355453491
nllb200_1B,facebook/nllb-200-1.3B,17,5LocalWordSwaps,358,0.9582493305206299
nllb200_1B,facebook/nllb-200-1.3B,17,5LocalWordSwaps,359,0.9236584305763245
nllb200_1B,facebook/nllb-200-1.3B,17,5LocalWordSwaps,360,0.9501407742500305
nllb200_1B,facebook/nllb-200-1.3B,17,5LocalWordSwaps,361,0.942825436592102
nllb200_1B,facebook/nllb-200-1.3B,17,5LocalWordSwaps,362,0.9164190292358398
nllb200_1B,facebook/nllb-200-1.3B,17,5LocalWordSwaps,363,0.929901123046875
nllb200_1B,facebook/nllb-200-1.3B,17,5LocalWordSwaps,364,0.9336076974868774
nllb200_1B,facebook/nllb-200-1.3B,17,5LocalWordSwaps,365,0.8885668516159058
nllb200_1B,facebook/nllb-200-1.3B,17,5LocalWordSwaps,366,0.9386770725250244
nllb200_1B,facebook/nllb-200-1.3B,17,5LocalWordSwaps,367,0.932654082775116
nllb200_1B,facebook/nllb-200-1.3B,17,5LocalWordSwaps,368,0.9524973630905151
nllb200_1B,facebook/nllb-200-1.3B,17,5LocalWordSwaps,369,0.935721755027771
nllb200_1B,facebook/nllb-200-1.3B,17,5LocalWordSwaps,370,0.9412549734115601
nllb200_1B,facebook/nllb-200-1.3B,17,5LocalWordSwaps,371,0.9451306462287903
nllb200_1B,facebook/nllb-200-1.3B,17,5LocalWordSwaps,372,0.9471147060394287
nllb200_1B,facebook/nllb-200-1.3B,17,5LocalWordSwaps,373,0.9503402709960938
nllb200_1B,facebook/nllb-200-1.3B,17,5LocalWordSwaps,374,0.9491937160491943
nllb200_1B,facebook/nllb-200-1.3B,17,5LocalWordSwaps,375,0.9576246738433838
nllb200_1B,facebook/nllb-200-1.3B,17,5LocalWordSwaps,376,0.9272890090942383
nllb200_1B,facebook/nllb-200-1.3B,17,5LocalWordSwaps,377,0.8056776523590088
nllb200_1B,facebook/nllb-200-1.3B,17,5LocalWordSwaps,378,0.9456723928451538
nllb200_1B,facebook/nllb-200-1.3B,17,5LocalWordSwaps,379,0.9472318291664124
nllb200_1B,facebook/nllb-200-1.3B,17,5LocalWordSwaps,380,0.8765698075294495
nllb200_1B,facebook/nllb-200-1.3B,17,5LocalWordSwaps,381,0.6236705183982849
nllb200_1B,facebook/nllb-200-1.3B,17,5LocalWordSwaps,382,0.736477255821228
nllb200_1B,facebook/nllb-200-1.3B,17,5LocalWordSwaps,383,0.6166340112686157
nllb200_1B,facebook/nllb-200-1.3B,17,5LocalWordSwaps,384,0.893271803855896
nllb200_1B,facebook/nllb-200-1.3B,17,5LocalWordSwaps,385,0.9337003231048584
nllb200_1B,facebook/nllb-200-1.3B,17,5LocalWordSwaps,386,0.6676684617996216
nllb200_1B,facebook/nllb-200-1.3B,17,5LocalWordSwaps,387,0.9327820539474487
nllb200_1B,facebook/nllb-200-1.3B,17,5LocalWordSwaps,388,0.9015252590179443
nllb200_1B,facebook/nllb-200-1.3B,17,5LocalWordSwaps,389,0.7339510917663574
nllb200_1B,facebook/nllb-200-1.3B,17,5LocalWordSwaps,390,0.9241228103637695
nllb200_1B,facebook/nllb-200-1.3B,17,5LocalWordSwaps,391,0.8039534091949463
nllb200_1B,facebook/nllb-200-1.3B,17,5LocalWordSwaps,392,0.7284457683563232
nllb200_1B,facebook/nllb-200-1.3B,17,5LocalWordSwaps,393,0.7515456676483154
nllb200_1B,facebook/nllb-200-1.3B,17,5LocalWordSwaps,394,0.7151256203651428
nllb200_1B,facebook/nllb-200-1.3B,17,5LocalWordSwaps,395,0.6913913488388062
nllb200_1B,facebook/nllb-200-1.3B,17,5LocalWordSwaps,396,0.6963943243026733
nllb200_1B,facebook/nllb-200-1.3B,17,5LocalWordSwaps,397,0.7253386974334717
nllb200_1B,facebook/nllb-200-1.3B,17,5LocalWordSwaps,398,0.6772886514663696
nllb200_1B,facebook/nllb-200-1.3B,17,5LocalWordSwaps,399,0.9024912714958191
nllb200_1B,facebook/nllb-200-1.3B,17,5LocalWordSwaps,400,0.9590142369270325
nllb200_1B,facebook/nllb-200-1.3B,17,5LocalWordSwaps,401,0.9462224841117859
nllb200_1B,facebook/nllb-200-1.3B,17,5LocalWordSwaps,402,0.9268499612808228
nllb200_1B,facebook/nllb-200-1.3B,17,5LocalWordSwaps,403,0.9890596270561218
nllb200_1B,facebook/nllb-200-1.3B,17,5LocalWordSwaps,404,0.9365197420120239
nllb200_1B,facebook/nllb-200-1.3B,17,5LocalWordSwaps,405,0.9379798173904419
nllb200_1B,facebook/nllb-200-1.3B,17,5LocalWordSwaps,406,0.9279266595840454
nllb200_1B,facebook/nllb-200-1.3B,17,5LocalWordSwaps,407,0.9198544025421143
nllb200_1B,facebook/nllb-200-1.3B,17,5LocalWordSwaps,408,0.9364671111106873
nllb200_1B,facebook/nllb-200-1.3B,17,5LocalWordSwaps,409,0.9303691387176514
nllb200_1B,facebook/nllb-200-1.3B,17,5LocalWordSwaps,410,0.9211811423301697
nllb200_1B,facebook/nllb-200-1.3B,17,5LocalWordSwaps,411,0.8969211578369141
nllb200_1B,facebook/nllb-200-1.3B,17,5LocalWordSwaps,412,0.7355320453643799
nllb200_1B,facebook/nllb-200-1.3B,17,5LocalWordSwaps,413,0.988685131072998
nllb200_1B,facebook/nllb-200-1.3B,17,5LocalWordSwaps,414,0.9420583844184875
nllb200_1B,facebook/nllb-200-1.3B,17,5LocalWordSwaps,415,0.930470883846283
nllb200_1B,facebook/nllb-200-1.3B,17,5LocalWordSwaps,416,0.9505335092544556
nllb200_1B,facebook/nllb-200-1.3B,17,5LocalWordSwaps,417,0.9435024261474609
nllb200_1B,facebook/nllb-200-1.3B,17,5LocalWordSwaps,418,0.9481450915336609
nllb200_1B,facebook/nllb-200-1.3B,17,5LocalWordSwaps,419,0.9316480159759521
nllb200_1B,facebook/nllb-200-1.3B,17,5LocalWordSwaps,420,0.9398002624511719
nllb200_1B,facebook/nllb-200-1.3B,17,5LocalWordSwaps,421,0.6955229043960571
nllb200_1B,facebook/nllb-200-1.3B,17,5LocalWordSwaps,422,0.6437042355537415
nllb200_1B,facebook/nllb-200-1.3B,17,5LocalWordSwaps,423,0.9368161559104919
nllb200_1B,facebook/nllb-200-1.3B,17,5LocalWordSwaps,424,0.929935097694397
nllb200_1B,facebook/nllb-200-1.3B,17,5LocalWordSwaps,425,0.6573866605758667
nllb200_1B,facebook/nllb-200-1.3B,17,5LocalWordSwaps,426,0.9431047439575195
nllb200_1B,facebook/nllb-200-1.3B,17,5LocalWordSwaps,427,0.9388400316238403
nllb200_1B,facebook/nllb-200-1.3B,17,5LocalWordSwaps,428,0.9369482398033142
nllb200_1B,facebook/nllb-200-1.3B,17,5LocalWordSwaps,429,0.9388258457183838
nllb200_1B,facebook/nllb-200-1.3B,17,5LocalWordSwaps,430,0.8963855504989624
nllb200_1B,facebook/nllb-200-1.3B,17,5LocalWordSwaps,431,0.9493213891983032
nllb200_1B,facebook/nllb-200-1.3B,17,5LocalWordSwaps,432,0.9365438222885132
nllb200_1B,facebook/nllb-200-1.3B,17,5LocalWordSwaps,433,0.9324526786804199
nllb200_1B,facebook/nllb-200-1.3B,17,5LocalWordSwaps,434,0.9089616537094116
nllb200_1B,facebook/nllb-200-1.3B,17,5LocalWordSwaps,435,0.9297279119491577
nllb200_1B,facebook/nllb-200-1.3B,17,5LocalWordSwaps,436,0.9261173009872437
nllb200_1B,facebook/nllb-200-1.3B,17,5LocalWordSwaps,437,0.901439905166626
nllb200_1B,facebook/nllb-200-1.3B,17,5LocalWordSwaps,438,0.9922857284545898
nllb200_1B,facebook/nllb-200-1.3B,17,5LocalWordSwaps,439,0.9438577890396118
nllb200_1B,facebook/nllb-200-1.3B,17,5LocalWordSwaps,440,0.9324641227722168
nllb200_1B,facebook/nllb-200-1.3B,17,5LocalWordSwaps,441,0.9479402303695679
nllb200_1B,facebook/nllb-200-1.3B,17,5LocalWordSwaps,442,0.9480615258216858
nllb200_1B,facebook/nllb-200-1.3B,17,5LocalWordSwaps,443,0.952899694442749
nllb200_1B,facebook/nllb-200-1.3B,17,5LocalWordSwaps,444,0.6822617053985596
nllb200_1B,facebook/nllb-200-1.3B,17,5LocalWordSwaps,445,0.863224983215332
nllb200_1B,facebook/nllb-200-1.3B,17,5LocalWordSwaps,446,0.685212254524231
nllb200_1B,facebook/nllb-200-1.3B,17,5LocalWordSwaps,447,0.9082534313201904
nllb200_1B,facebook/nllb-200-1.3B,17,5LocalWordSwaps,448,0.9510594606399536
nllb200_1B,facebook/nllb-200-1.3B,17,5LocalWordSwaps,449,0.9293838739395142
nllb200_1B,facebook/nllb-200-1.3B,17,5LocalWordSwaps,450,0.9394756555557251
nllb200_1B,facebook/nllb-200-1.3B,17,5LocalWordSwaps,451,0.6832485795021057
nllb200_1B,facebook/nllb-200-1.3B,17,5LocalWordSwaps,452,0.9075123071670532
nllb200_1B,facebook/nllb-200-1.3B,17,5LocalWordSwaps,453,0.9300061464309692
nllb200_1B,facebook/nllb-200-1.3B,17,5LocalWordSwaps,454,0.9425472021102905
nllb200_1B,facebook/nllb-200-1.3B,17,5LocalWordSwaps,455,0.9161856174468994
nllb200_1B,facebook/nllb-200-1.3B,17,5LocalWordSwaps,456,0.9241280555725098
nllb200_1B,facebook/nllb-200-1.3B,17,5LocalWordSwaps,457,0.9178938865661621
nllb200_1B,facebook/nllb-200-1.3B,17,5LocalWordSwaps,458,0.9449419975280762
nllb200_1B,facebook/nllb-200-1.3B,17,5LocalWordSwaps,459,0.9469083547592163
nllb200_1B,facebook/nllb-200-1.3B,17,5LocalWordSwaps,460,0.9247947931289673
nllb200_1B,facebook/nllb-200-1.3B,17,5LocalWordSwaps,461,0.9351366758346558
nllb200_1B,facebook/nllb-200-1.3B,17,5LocalWordSwaps,462,0.9327455163002014
nllb200_1B,facebook/nllb-200-1.3B,17,5LocalWordSwaps,463,0.9393923878669739
nllb200_1B,facebook/nllb-200-1.3B,17,5LocalWordSwaps,464,0.9366053342819214
nllb200_1B,facebook/nllb-200-1.3B,17,5LocalWordSwaps,465,0.8988672494888306
nllb200_1B,facebook/nllb-200-1.3B,17,5LocalWordSwaps,466,0.9428088665008545
nllb200_1B,facebook/nllb-200-1.3B,17,5LocalWordSwaps,467,0.9352555274963379
nllb200_1B,facebook/nllb-200-1.3B,17,5LocalWordSwaps,468,0.9427385330200195
nllb200_1B,facebook/nllb-200-1.3B,17,5LocalWordSwaps,469,0.9552169442176819
nllb200_1B,facebook/nllb-200-1.3B,17,5LocalWordSwaps,470,0.9470973014831543
nllb200_1B,facebook/nllb-200-1.3B,17,5LocalWordSwaps,471,0.9281249642372131
nllb200_1B,facebook/nllb-200-1.3B,17,5LocalWordSwaps,472,0.9357988834381104
nllb200_1B,facebook/nllb-200-1.3B,17,5LocalWordSwaps,473,0.8993598222732544
nllb200_1B,facebook/nllb-200-1.3B,17,5LocalWordSwaps,474,0.7407446503639221
nllb200_1B,facebook/nllb-200-1.3B,17,5LocalWordSwaps,475,0.6950439214706421
nllb200_1B,facebook/nllb-200-1.3B,17,5LocalWordSwaps,476,0.9305727481842041
nllb200_1B,facebook/nllb-200-1.3B,17,5LocalWordSwaps,477,0.9511098861694336
nllb200_1B,facebook/nllb-200-1.3B,17,5LocalWordSwaps,478,0.9511441588401794
nllb200_1B,facebook/nllb-200-1.3B,17,5LocalWordSwaps,479,0.9412464499473572
nllb200_1B,facebook/nllb-200-1.3B,17,5LocalWordSwaps,480,0.9425170421600342
nllb200_1B,facebook/nllb-200-1.3B,17,5LocalWordSwaps,481,0.9402561187744141
nllb200_1B,facebook/nllb-200-1.3B,17,5LocalWordSwaps,482,0.9110449552536011
nllb200_1B,facebook/nllb-200-1.3B,17,5LocalWordSwaps,483,0.7109790444374084
nllb200_1B,facebook/nllb-200-1.3B,17,5LocalWordSwaps,484,0.9237534999847412
nllb200_1B,facebook/nllb-200-1.3B,17,5LocalWordSwaps,485,0.8857062458992004
nllb200_1B,facebook/nllb-200-1.3B,17,5LocalWordSwaps,486,0.9397414922714233
nllb200_1B,facebook/nllb-200-1.3B,17,5LocalWordSwaps,487,0.9191623330116272
nllb200_1B,facebook/nllb-200-1.3B,17,5LocalWordSwaps,488,0.7257223129272461
nllb200_1B,facebook/nllb-200-1.3B,17,5LocalWordSwaps,489,0.9317540526390076
nllb200_1B,facebook/nllb-200-1.3B,17,5LocalWordSwaps,490,0.939713180065155
nllb200_1B,facebook/nllb-200-1.3B,17,5LocalWordSwaps,491,0.9350185394287109
nllb200_1B,facebook/nllb-200-1.3B,17,5LocalWordSwaps,492,0.931018590927124
nllb200_1B,facebook/nllb-200-1.3B,17,5LocalWordSwaps,493,0.9132149815559387
nllb200_1B,facebook/nllb-200-1.3B,17,5LocalWordSwaps,494,0.9408829212188721
nllb200_1B,facebook/nllb-200-1.3B,17,5LocalWordSwaps,495,0.6852164268493652
nllb200_1B,facebook/nllb-200-1.3B,17,5LocalWordSwaps,496,0.9504537582397461
nllb200_1B,facebook/nllb-200-1.3B,17,5LocalWordSwaps,497,0.9263367652893066
nllb200_1B,facebook/nllb-200-1.3B,17,5LocalWordSwaps,498,0.713961124420166
nllb200_1B,facebook/nllb-200-1.3B,17,5LocalWordSwaps,499,0.9316537380218506
nllb200_1B,facebook/nllb-200-1.3B,17,5LocalWordSwaps,500,0.6734892129898071
nllb200_1B,facebook/nllb-200-1.3B,17,5LocalWordSwaps,501,0.9493563175201416
nllb200_1B,facebook/nllb-200-1.3B,17,5LocalWordSwaps,502,0.7267059683799744
nllb200_1B,facebook/nllb-200-1.3B,17,5LocalWordSwaps,503,0.6420058012008667
nllb200_1B,facebook/nllb-200-1.3B,17,5LocalWordSwaps,504,0.9554161429405212
nllb200_1B,facebook/nllb-200-1.3B,17,5LocalWordSwaps,505,0.9407714605331421
nllb200_1B,facebook/nllb-200-1.3B,17,5LocalWordSwaps,506,0.7545696496963501
nllb200_1B,facebook/nllb-200-1.3B,17,5LocalWordSwaps,507,0.9341263771057129
nllb200_1B,facebook/nllb-200-1.3B,17,5LocalWordSwaps,508,0.9291554689407349
nllb200_1B,facebook/nllb-200-1.3B,17,5LocalWordSwaps,509,0.9334930777549744
nllb200_1B,facebook/nllb-200-1.3B,17,5LocalWordSwaps,510,0.8803235292434692
nllb200_1B,facebook/nllb-200-1.3B,17,5LocalWordSwaps,511,0.762235164642334
nllb200_1B,facebook/nllb-200-1.3B,17,5LocalWordSwaps,512,0.7708012461662292
nllb200_1B,facebook/nllb-200-1.3B,17,5LocalWordSwaps,513,0.8940325975418091
nllb200_1B,facebook/nllb-200-1.3B,17,5LocalWordSwaps,514,0.9036871194839478
nllb200_1B,facebook/nllb-200-1.3B,17,5LocalWordSwaps,515,0.9391181468963623
nllb200_1B,facebook/nllb-200-1.3B,17,5LocalWordSwaps,516,0.9485247135162354
nllb200_1B,facebook/nllb-200-1.3B,17,5LocalWordSwaps,517,0.9302255511283875
nllb200_1B,facebook/nllb-200-1.3B,17,5LocalWordSwaps,518,0.9089553356170654
nllb200_1B,facebook/nllb-200-1.3B,17,5LocalWordSwaps,519,0.9293177127838135
nllb200_1B,facebook/nllb-200-1.3B,17,5LocalWordSwaps,520,0.9463058710098267
nllb200_1B,facebook/nllb-200-1.3B,17,5LocalWordSwaps,521,0.948906660079956
nllb200_1B,facebook/nllb-200-1.3B,17,5LocalWordSwaps,522,0.9365283846855164
nllb200_1B,facebook/nllb-200-1.3B,17,5LocalWordSwaps,523,0.9539403319358826
nllb200_1B,facebook/nllb-200-1.3B,17,5LocalWordSwaps,524,0.7063508629798889
nllb200_1B,facebook/nllb-200-1.3B,17,5LocalWordSwaps,525,0.6801174879074097
nllb200_1B,facebook/nllb-200-1.3B,17,5LocalWordSwaps,526,0.6639482975006104
nllb200_1B,facebook/nllb-200-1.3B,17,5LocalWordSwaps,527,0.9251468181610107
nllb200_1B,facebook/nllb-200-1.3B,17,5LocalWordSwaps,528,0.7584978342056274
nllb200_1B,facebook/nllb-200-1.3B,17,5LocalWordSwaps,529,0.9109271764755249
nllb200_1B,facebook/nllb-200-1.3B,17,5LocalWordSwaps,530,0.7138458490371704
nllb200_1B,facebook/nllb-200-1.3B,17,5LocalWordSwaps,531,0.9155941605567932
nllb200_1B,facebook/nllb-200-1.3B,17,5LocalWordSwaps,532,0.9145986437797546
nllb200_1B,facebook/nllb-200-1.3B,17,5LocalWordSwaps,533,0.955937385559082
nllb200_1B,facebook/nllb-200-1.3B,17,5LocalWordSwaps,534,0.7227292060852051
nllb200_1B,facebook/nllb-200-1.3B,17,5LocalWordSwaps,535,0.9165006875991821
nllb200_1B,facebook/nllb-200-1.3B,17,5LocalWordSwaps,536,0.9318168759346008
nllb200_1B,facebook/nllb-200-1.3B,17,5LocalWordSwaps,537,0.9282828569412231
nllb200_1B,facebook/nllb-200-1.3B,17,5LocalWordSwaps,538,0.9426156282424927
nllb200_1B,facebook/nllb-200-1.3B,17,5LocalWordSwaps,539,0.7620730400085449
nllb200_1B,facebook/nllb-200-1.3B,17,5LocalWordSwaps,540,0.8838618993759155
nllb200_1B,facebook/nllb-200-1.3B,17,5LocalWordSwaps,541,0.9492136836051941
nllb200_1B,facebook/nllb-200-1.3B,17,5LocalWordSwaps,542,0.9156818985939026
nllb200_1B,facebook/nllb-200-1.3B,17,5LocalWordSwaps,543,0.9040490388870239
nllb200_1B,facebook/nllb-200-1.3B,17,5LocalWordSwaps,544,0.9506248235702515
nllb200_1B,facebook/nllb-200-1.3B,17,5LocalWordSwaps,545,0.9604105949401855
nllb200_1B,facebook/nllb-200-1.3B,17,5LocalWordSwaps,546,0.6857932806015015
nllb200_1B,facebook/nllb-200-1.3B,17,5LocalWordSwaps,547,0.9328144788742065
nllb200_1B,facebook/nllb-200-1.3B,17,5LocalWordSwaps,548,0.9193434119224548
nllb200_1B,facebook/nllb-200-1.3B,17,5LocalWordSwaps,549,0.933803915977478
nllb200_1B,facebook/nllb-200-1.3B,17,5LocalWordSwaps,550,0.9171814918518066
nllb200_1B,facebook/nllb-200-1.3B,17,5LocalWordSwaps,551,0.9242721796035767
nllb200_1B,facebook/nllb-200-1.3B,17,5LocalWordSwaps,552,0.9308225512504578
nllb200_1B,facebook/nllb-200-1.3B,17,5LocalWordSwaps,553,0.9418506026268005
nllb200_1B,facebook/nllb-200-1.3B,17,5LocalWordSwaps,554,0.9447835087776184
nllb200_1B,facebook/nllb-200-1.3B,17,5LocalWordSwaps,555,0.8843674063682556
nllb200_1B,facebook/nllb-200-1.3B,17,5LocalWordSwaps,556,0.8271846771240234
nllb200_1B,facebook/nllb-200-1.3B,17,5LocalWordSwaps,557,0.9914268255233765
nllb200_1B,facebook/nllb-200-1.3B,17,5LocalWordSwaps,558,0.8958367705345154
nllb200_1B,facebook/nllb-200-1.3B,17,5LocalWordSwaps,559,0.7352325916290283
nllb200_1B,facebook/nllb-200-1.3B,17,5LocalWordSwaps,560,0.9414279460906982
nllb200_1B,facebook/nllb-200-1.3B,17,5LocalWordSwaps,561,0.9434868097305298
nllb200_1B,facebook/nllb-200-1.3B,17,5LocalWordSwaps,562,0.9158419370651245
nllb200_1B,facebook/nllb-200-1.3B,17,5LocalWordSwaps,563,0.7172638177871704
nllb200_1B,facebook/nllb-200-1.3B,17,5LocalWordSwaps,564,0.8961241841316223
nllb200_1B,facebook/nllb-200-1.3B,17,5LocalWordSwaps,565,0.937741756439209
nllb200_1B,facebook/nllb-200-1.3B,17,5LocalWordSwaps,566,0.9288380146026611
nllb200_1B,facebook/nllb-200-1.3B,17,5LocalWordSwaps,567,0.755405068397522
nllb200_1B,facebook/nllb-200-1.3B,17,5LocalWordSwaps,568,0.9573057889938354
nllb200_1B,facebook/nllb-200-1.3B,17,5LocalWordSwaps,569,0.9148270487785339
nllb200_1B,facebook/nllb-200-1.3B,17,5LocalWordSwaps,570,0.6873511075973511
nllb200_1B,facebook/nllb-200-1.3B,17,5LocalWordSwaps,571,0.7925786972045898
nllb200_1B,facebook/nllb-200-1.3B,17,5LocalWordSwaps,572,0.938919186592102
nllb200_1B,facebook/nllb-200-1.3B,17,5LocalWordSwaps,573,0.6785283088684082
nllb200_1B,facebook/nllb-200-1.3B,17,5LocalWordSwaps,574,0.9353142380714417
nllb200_1B,facebook/nllb-200-1.3B,17,5LocalWordSwaps,575,0.7301992177963257
nllb200_1B,facebook/nllb-200-1.3B,17,5LocalWordSwaps,576,0.9240081310272217
nllb200_1B,facebook/nllb-200-1.3B,17,5LocalWordSwaps,577,0.9313900470733643
nllb200_1B,facebook/nllb-200-1.3B,17,5LocalWordSwaps,578,0.9540238380432129
nllb200_1B,facebook/nllb-200-1.3B,17,5LocalWordSwaps,579,0.9162834286689758
nllb200_1B,facebook/nllb-200-1.3B,17,5LocalWordSwaps,580,0.9411195516586304
nllb200_1B,facebook/nllb-200-1.3B,17,5LocalWordSwaps,581,0.9374808073043823
nllb200_1B,facebook/nllb-200-1.3B,17,5LocalWordSwaps,582,0.9514174461364746
nllb200_1B,facebook/nllb-200-1.3B,17,5LocalWordSwaps,583,0.9528276920318604
nllb200_1B,facebook/nllb-200-1.3B,17,5LocalWordSwaps,584,0.9426602125167847
nllb200_1B,facebook/nllb-200-1.3B,17,5LocalWordSwaps,585,0.9449211955070496
nllb200_1B,facebook/nllb-200-1.3B,17,5LocalWordSwaps,586,0.9336456060409546
nllb200_1B,facebook/nllb-200-1.3B,17,5LocalWordSwaps,587,0.9452665448188782
nllb200_1B,facebook/nllb-200-1.3B,17,5LocalWordSwaps,588,0.9464810490608215
nllb200_1B,facebook/nllb-200-1.3B,17,5LocalWordSwaps,589,0.7384355664253235
nllb200_1B,facebook/nllb-200-1.3B,17,5LocalWordSwaps,590,0.9417439103126526
nllb200_1B,facebook/nllb-200-1.3B,17,5LocalWordSwaps,591,0.6344996094703674
nllb200_1B,facebook/nllb-200-1.3B,17,5LocalWordSwaps,592,0.7343207001686096
nllb200_1B,facebook/nllb-200-1.3B,17,5LocalWordSwaps,593,0.9321393370628357
nllb200_1B,facebook/nllb-200-1.3B,17,5LocalWordSwaps,594,0.9573432207107544
nllb200_1B,facebook/nllb-200-1.3B,17,5LocalWordSwaps,595,0.9165637493133545
nllb200_1B,facebook/nllb-200-1.3B,17,5LocalWordSwaps,596,0.9488497972488403
nllb200_1B,facebook/nllb-200-1.3B,17,5LocalWordSwaps,597,0.9019333720207214
nllb200_1B,facebook/nllb-200-1.3B,17,5LocalWordSwaps,598,0.9408410787582397
nllb200_1B,facebook/nllb-200-1.3B,17,5LocalWordSwaps,599,0.9380742311477661
nllb200_1B,facebook/nllb-200-1.3B,17,5LocalWordSwaps,600,0.9006006717681885
nllb200_1B,facebook/nllb-200-1.3B,17,5LocalWordSwaps,601,0.6674119830131531
nllb200_1B,facebook/nllb-200-1.3B,17,5LocalWordSwaps,602,0.9304344654083252
nllb200_1B,facebook/nllb-200-1.3B,17,5LocalWordSwaps,603,0.6875221729278564
nllb200_1B,facebook/nllb-200-1.3B,17,5LocalWordSwaps,604,0.9320973753929138
nllb200_1B,facebook/nllb-200-1.3B,17,5LocalWordSwaps,605,0.9513224363327026
nllb200_1B,facebook/nllb-200-1.3B,17,5LocalWordSwaps,606,0.9157102108001709
nllb200_1B,facebook/nllb-200-1.3B,17,5LocalWordSwaps,607,0.9474997520446777
nllb200_1B,facebook/nllb-200-1.3B,17,5LocalWordSwaps,608,0.774845540523529
nllb200_1B,facebook/nllb-200-1.3B,17,5LocalWordSwaps,609,0.8265714049339294
nllb200_1B,facebook/nllb-200-1.3B,17,5LocalWordSwaps,610,0.935167670249939
nllb200_1B,facebook/nllb-200-1.3B,17,5LocalWordSwaps,611,0.9129400253295898
nllb200_1B,facebook/nllb-200-1.3B,17,5LocalWordSwaps,612,0.9445862770080566
nllb200_1B,facebook/nllb-200-1.3B,17,5LocalWordSwaps,613,0.8986135721206665
nllb200_1B,facebook/nllb-200-1.3B,17,5LocalWordSwaps,614,0.9450213313102722
nllb200_1B,facebook/nllb-200-1.3B,17,5LocalWordSwaps,615,0.9416396617889404
nllb200_1B,facebook/nllb-200-1.3B,17,5LocalWordSwaps,616,0.9396077394485474
nllb200_1B,facebook/nllb-200-1.3B,17,5LocalWordSwaps,617,0.9331059455871582
nllb200_1B,facebook/nllb-200-1.3B,17,5LocalWordSwaps,618,0.925656795501709
nllb200_1B,facebook/nllb-200-1.3B,17,5LocalWordSwaps,619,0.9483941793441772
nllb200_1B,facebook/nllb-200-1.3B,17,5LocalWordSwaps,620,0.9701719284057617
nllb200_1B,facebook/nllb-200-1.3B,17,5LocalWordSwaps,621,0.9418949484825134
nllb200_1B,facebook/nllb-200-1.3B,17,5LocalWordSwaps,622,0.9308267831802368
nllb200_1B,facebook/nllb-200-1.3B,17,5LocalWordSwaps,623,0.9265549778938293
nllb200_1B,facebook/nllb-200-1.3B,17,5LocalWordSwaps,624,0.9361986517906189
nllb200_1B,facebook/nllb-200-1.3B,17,5LocalWordSwaps,625,0.9341524839401245
nllb200_1B,facebook/nllb-200-1.3B,17,5LocalWordSwaps,626,0.944957435131073
nllb200_1B,facebook/nllb-200-1.3B,17,5LocalWordSwaps,627,0.942450225353241
nllb200_1B,facebook/nllb-200-1.3B,17,5LocalWordSwaps,628,0.9383193254470825
nllb200_1B,facebook/nllb-200-1.3B,17,5LocalWordSwaps,629,0.9396793842315674
nllb200_1B,facebook/nllb-200-1.3B,17,5LocalWordSwaps,630,0.9315627217292786
nllb200_1B,facebook/nllb-200-1.3B,17,5LocalWordSwaps,631,0.9198876619338989
nllb200_1B,facebook/nllb-200-1.3B,17,5LocalWordSwaps,632,0.9162454605102539
nllb200_1B,facebook/nllb-200-1.3B,17,5LocalWordSwaps,633,0.9364513158798218
nllb200_1B,facebook/nllb-200-1.3B,17,5LocalWordSwaps,634,0.9237446784973145
nllb200_1B,facebook/nllb-200-1.3B,17,5LocalWordSwaps,635,0.9262204170227051
nllb200_1B,facebook/nllb-200-1.3B,17,5LocalWordSwaps,636,0.9474105834960938
nllb200_1B,facebook/nllb-200-1.3B,17,5LocalWordSwaps,637,0.9464493989944458
nllb200_1B,facebook/nllb-200-1.3B,17,5LocalWordSwaps,638,0.9394842386245728
nllb200_1B,facebook/nllb-200-1.3B,17,5LocalWordSwaps,639,0.9372667670249939
nllb200_1B,facebook/nllb-200-1.3B,17,5LocalWordSwaps,640,0.9145009517669678
nllb200_1B,facebook/nllb-200-1.3B,17,5LocalWordSwaps,641,0.9309275150299072
nllb200_1B,facebook/nllb-200-1.3B,17,5LocalWordSwaps,642,0.9218673706054688
nllb200_1B,facebook/nllb-200-1.3B,17,5LocalWordSwaps,643,0.9782336950302124
nllb200_1B,facebook/nllb-200-1.3B,17,5LocalWordSwaps,644,0.9336726665496826
nllb200_1B,facebook/nllb-200-1.3B,17,5LocalWordSwaps,645,0.919502854347229
nllb200_1B,facebook/nllb-200-1.3B,17,5LocalWordSwaps,646,0.921022891998291
nllb200_1B,facebook/nllb-200-1.3B,17,5LocalWordSwaps,647,0.9532101154327393
nllb200_1B,facebook/nllb-200-1.3B,17,5LocalWordSwaps,648,0.9515727758407593
nllb200_1B,facebook/nllb-200-1.3B,17,5LocalWordSwaps,649,0.9286803007125854
nllb200_1B,facebook/nllb-200-1.3B,17,5LocalWordSwaps,650,0.9514974355697632
nllb200_1B,facebook/nllb-200-1.3B,17,5LocalWordSwaps,651,0.9015777111053467
nllb200_1B,facebook/nllb-200-1.3B,17,5LocalWordSwaps,652,0.9436324834823608
nllb200_1B,facebook/nllb-200-1.3B,17,5LocalWordSwaps,653,0.9190635681152344
nllb200_1B,facebook/nllb-200-1.3B,17,5LocalWordSwaps,654,0.9357614517211914
nllb200_1B,facebook/nllb-200-1.3B,17,5LocalWordSwaps,655,0.9339989423751831
nllb200_1B,facebook/nllb-200-1.3B,17,5LocalWordSwaps,656,0.9318336248397827
nllb200_1B,facebook/nllb-200-1.3B,17,5LocalWordSwaps,657,0.9309990406036377
nllb200_1B,facebook/nllb-200-1.3B,17,5LocalWordSwaps,658,0.919529139995575
nllb200_1B,facebook/nllb-200-1.3B,17,5LocalWordSwaps,659,0.9203229546546936
nllb200_1B,facebook/nllb-200-1.3B,17,5LocalWordSwaps,660,0.9752787351608276
nllb200_1B,facebook/nllb-200-1.3B,17,5LocalWordSwaps,661,0.923643171787262
nllb200_1B,facebook/nllb-200-1.3B,17,5LocalWordSwaps,662,0.9227918386459351
nllb200_1B,facebook/nllb-200-1.3B,17,5LocalWordSwaps,663,0.9331291913986206
nllb200_1B,facebook/nllb-200-1.3B,17,5LocalWordSwaps,664,0.9425615668296814
nllb200_1B,facebook/nllb-200-1.3B,17,5LocalWordSwaps,665,0.8999428749084473
nllb200_1B,facebook/nllb-200-1.3B,17,5LocalWordSwaps,666,0.9479947686195374
nllb200_1B,facebook/nllb-200-1.3B,17,5LocalWordSwaps,667,0.9456208944320679
nllb200_1B,facebook/nllb-200-1.3B,17,5LocalWordSwaps,668,0.939560055732727
nllb200_1B,facebook/nllb-200-1.3B,17,5LocalWordSwaps,669,0.9377083778381348
nllb200_1B,facebook/nllb-200-1.3B,17,5LocalWordSwaps,670,0.9454631805419922
nllb200_1B,facebook/nllb-200-1.3B,17,5LocalWordSwaps,671,0.9216263890266418
nllb200_1B,facebook/nllb-200-1.3B,17,5LocalWordSwaps,672,0.9291585683822632
nllb200_1B,facebook/nllb-200-1.3B,17,5LocalWordSwaps,673,0.9522020816802979
nllb200_1B,facebook/nllb-200-1.3B,17,5LocalWordSwaps,674,0.944758415222168
nllb200_1B,facebook/nllb-200-1.3B,17,5LocalWordSwaps,675,0.926493763923645
nllb200_1B,facebook/nllb-200-1.3B,17,5LocalWordSwaps,676,0.9273217916488647
nllb200_1B,facebook/nllb-200-1.3B,17,5LocalWordSwaps,677,0.9476804733276367
nllb200_1B,facebook/nllb-200-1.3B,17,5LocalWordSwaps,678,0.9878835678100586
nllb200_1B,facebook/nllb-200-1.3B,17,5LocalWordSwaps,679,0.9288712739944458
nllb200_1B,facebook/nllb-200-1.3B,17,5LocalWordSwaps,680,0.9337297677993774
nllb200_1B,facebook/nllb-200-1.3B,17,5LocalWordSwaps,681,0.9475365281105042
nllb200_1B,facebook/nllb-200-1.3B,17,5LocalWordSwaps,682,0.9126904010772705
nllb200_1B,facebook/nllb-200-1.3B,17,5LocalWordSwaps,683,0.9065814018249512
nllb200_1B,facebook/nllb-200-1.3B,17,5LocalWordSwaps,684,0.9502969980239868
nllb200_1B,facebook/nllb-200-1.3B,17,5LocalWordSwaps,685,0.8655974864959717
nllb200_1B,facebook/nllb-200-1.3B,17,5LocalWordSwaps,686,0.9483931064605713
nllb200_1B,facebook/nllb-200-1.3B,17,5LocalWordSwaps,687,0.9241277575492859
nllb200_1B,facebook/nllb-200-1.3B,17,5LocalWordSwaps,688,0.9349403381347656
nllb200_1B,facebook/nllb-200-1.3B,17,5LocalWordSwaps,689,0.9556975364685059
nllb200_1B,facebook/nllb-200-1.3B,17,5LocalWordSwaps,690,0.9354820251464844
nllb200_1B,facebook/nllb-200-1.3B,17,5LocalWordSwaps,691,0.9477111101150513
nllb200_1B,facebook/nllb-200-1.3B,17,5LocalWordSwaps,692,0.9490921497344971
nllb200_1B,facebook/nllb-200-1.3B,17,5LocalWordSwaps,693,0.8755521774291992
nllb200_1B,facebook/nllb-200-1.3B,17,5LocalWordSwaps,694,0.9351723790168762
nllb200_1B,facebook/nllb-200-1.3B,17,5LocalWordSwaps,695,0.9546505808830261
nllb200_1B,facebook/nllb-200-1.3B,17,5LocalWordSwaps,696,0.9578415751457214
nllb200_1B,facebook/nllb-200-1.3B,17,5LocalWordSwaps,697,0.9264816045761108
nllb200_1B,facebook/nllb-200-1.3B,17,5LocalWordSwaps,698,0.9668347239494324
nllb200_1B,facebook/nllb-200-1.3B,17,5LocalWordSwaps,699,0.9468564987182617
nllb200_1B,facebook/nllb-200-1.3B,17,5LocalWordSwaps,700,0.9233232736587524
nllb200_1B,facebook/nllb-200-1.3B,17,5LocalWordSwaps,701,0.9302027225494385
nllb200_1B,facebook/nllb-200-1.3B,17,5LocalWordSwaps,702,0.9395366907119751
nllb200_1B,facebook/nllb-200-1.3B,17,5LocalWordSwaps,703,0.946191668510437
nllb200_1B,facebook/nllb-200-1.3B,17,5LocalWordSwaps,704,0.9415549039840698
nllb200_1B,facebook/nllb-200-1.3B,17,5LocalWordSwaps,705,0.9300402998924255
nllb200_1B,facebook/nllb-200-1.3B,17,5LocalWordSwaps,706,0.941649854183197
nllb200_1B,facebook/nllb-200-1.3B,17,5LocalWordSwaps,707,0.9017470479011536
nllb200_1B,facebook/nllb-200-1.3B,17,5LocalWordSwaps,708,0.94382643699646
nllb200_1B,facebook/nllb-200-1.3B,17,5LocalWordSwaps,709,0.9171462655067444
nllb200_1B,facebook/nllb-200-1.3B,17,5LocalWordSwaps,710,0.9229495525360107
nllb200_1B,facebook/nllb-200-1.3B,17,5LocalWordSwaps,711,0.9221593141555786
nllb200_1B,facebook/nllb-200-1.3B,17,5LocalWordSwaps,712,0.9661785364151001
nllb200_1B,facebook/nllb-200-1.3B,17,5LocalWordSwaps,713,0.9339205622673035
nllb200_1B,facebook/nllb-200-1.3B,17,5LocalWordSwaps,714,0.9221362471580505
nllb200_1B,facebook/nllb-200-1.3B,17,5LocalWordSwaps,715,0.9873043298721313
nllb200_1B,facebook/nllb-200-1.3B,17,5LocalWordSwaps,716,0.9245524406433105
nllb200_1B,facebook/nllb-200-1.3B,17,5LocalWordSwaps,717,0.9435558319091797
nllb200_1B,facebook/nllb-200-1.3B,17,5LocalWordSwaps,718,0.9437954425811768
nllb200_1B,facebook/nllb-200-1.3B,17,5LocalWordSwaps,719,0.8950279951095581
nllb200_1B,facebook/nllb-200-1.3B,17,5LocalWordSwaps,720,0.9340823888778687
nllb200_1B,facebook/nllb-200-1.3B,17,5LocalWordSwaps,721,0.9426915645599365
nllb200_1B,facebook/nllb-200-1.3B,17,5LocalWordSwaps,722,0.9363576769828796
nllb200_1B,facebook/nllb-200-1.3B,17,5LocalWordSwaps,723,0.9334285855293274
nllb200_1B,facebook/nllb-200-1.3B,17,5LocalWordSwaps,724,0.9117656946182251
nllb200_1B,facebook/nllb-200-1.3B,17,5LocalWordSwaps,725,0.9476605653762817
nllb200_1B,facebook/nllb-200-1.3B,17,5LocalWordSwaps,726,0.7652745842933655
nllb200_1B,facebook/nllb-200-1.3B,17,5LocalWordSwaps,727,0.9375172853469849
nllb200_1B,facebook/nllb-200-1.3B,17,5LocalWordSwaps,728,0.9408872127532959
nllb200_1B,facebook/nllb-200-1.3B,17,5LocalWordSwaps,729,0.9408654570579529
nllb200_1B,facebook/nllb-200-1.3B,17,5LocalWordSwaps,730,0.9424271583557129
nllb200_1B,facebook/nllb-200-1.3B,17,5LocalWordSwaps,731,0.8775590658187866
nllb200_1B,facebook/nllb-200-1.3B,17,5LocalWordSwaps,732,0.9252157211303711
nllb200_1B,facebook/nllb-200-1.3B,17,5LocalWordSwaps,733,0.9355600476264954
nllb200_1B,facebook/nllb-200-1.3B,17,5LocalWordSwaps,734,0.9293004274368286
nllb200_1B,facebook/nllb-200-1.3B,17,5LocalWordSwaps,735,0.9383295178413391
nllb200_1B,facebook/nllb-200-1.3B,17,5LocalWordSwaps,736,0.9423432946205139
nllb200_1B,facebook/nllb-200-1.3B,17,5LocalWordSwaps,737,0.9297409057617188
nllb200_1B,facebook/nllb-200-1.3B,17,5LocalWordSwaps,738,0.9415717124938965
nllb200_1B,facebook/nllb-200-1.3B,17,5LocalWordSwaps,739,0.6895153522491455
nllb200_1B,facebook/nllb-200-1.3B,17,5LocalWordSwaps,740,0.9446089863777161
nllb200_1B,facebook/nllb-200-1.3B,17,5LocalWordSwaps,741,0.9193388223648071
nllb200_1B,facebook/nllb-200-1.3B,17,5LocalWordSwaps,742,0.9297783374786377
nllb200_1B,facebook/nllb-200-1.3B,17,5LocalWordSwaps,743,0.9497829675674438
nllb200_1B,facebook/nllb-200-1.3B,17,5LocalWordSwaps,744,0.9450588226318359
nllb200_1B,facebook/nllb-200-1.3B,17,5LocalWordSwaps,745,0.9400219917297363
nllb200_1B,facebook/nllb-200-1.3B,17,5LocalWordSwaps,746,0.9834582805633545
nllb200_1B,facebook/nllb-200-1.3B,17,5LocalWordSwaps,747,0.974027693271637
nllb200_1B,facebook/nllb-200-1.3B,17,5LocalWordSwaps,748,0.768303632736206
nllb200_1B,facebook/nllb-200-1.3B,17,5LocalWordSwaps,749,0.9414335489273071
nllb200_1B,facebook/nllb-200-1.3B,17,5LocalWordSwaps,750,0.9289427399635315
nllb200_1B,facebook/nllb-200-1.3B,17,5LocalWordSwaps,751,0.684758186340332
nllb200_1B,facebook/nllb-200-1.3B,17,5LocalWordSwaps,752,0.9355716109275818
nllb200_1B,facebook/nllb-200-1.3B,17,5LocalWordSwaps,753,0.739680826663971
nllb200_1B,facebook/nllb-200-1.3B,17,5LocalWordSwaps,754,0.7560441493988037
nllb200_1B,facebook/nllb-200-1.3B,17,5LocalWordSwaps,755,0.9513118267059326
nllb200_1B,facebook/nllb-200-1.3B,17,5LocalWordSwaps,756,0.9420140981674194
nllb200_1B,facebook/nllb-200-1.3B,17,5LocalWordSwaps,757,0.9259541034698486
nllb200_1B,facebook/nllb-200-1.3B,17,5LocalWordSwaps,758,0.6584019064903259
nllb200_1B,facebook/nllb-200-1.3B,17,5LocalWordSwaps,759,0.9382184743881226
nllb200_1B,facebook/nllb-200-1.3B,17,5LocalWordSwaps,760,0.92179936170578
nllb200_1B,facebook/nllb-200-1.3B,17,5LocalWordSwaps,761,0.8965885639190674
nllb200_1B,facebook/nllb-200-1.3B,17,5LocalWordSwaps,762,0.9166324138641357
nllb200_1B,facebook/nllb-200-1.3B,17,5LocalWordSwaps,763,0.9270998239517212
nllb200_1B,facebook/nllb-200-1.3B,17,5LocalWordSwaps,764,0.9184162616729736
nllb200_1B,facebook/nllb-200-1.3B,17,5LocalWordSwaps,765,0.9451045989990234
nllb200_1B,facebook/nllb-200-1.3B,17,5LocalWordSwaps,766,0.9504973888397217
nllb200_1B,facebook/nllb-200-1.3B,17,5LocalWordSwaps,767,0.9559944868087769
nllb200_1B,facebook/nllb-200-1.3B,17,5LocalWordSwaps,768,0.9481265544891357
nllb200_1B,facebook/nllb-200-1.3B,17,5LocalWordSwaps,769,0.7094038128852844
nllb200_1B,facebook/nllb-200-1.3B,17,5LocalWordSwaps,770,0.5583930611610413
nllb200_1B,facebook/nllb-200-1.3B,17,5LocalWordSwaps,771,0.9354958534240723
nllb200_1B,facebook/nllb-200-1.3B,17,5LocalWordSwaps,772,0.9319713115692139
nllb200_1B,facebook/nllb-200-1.3B,17,5LocalWordSwaps,773,0.9071021676063538
nllb200_1B,facebook/nllb-200-1.3B,17,5LocalWordSwaps,774,0.9453742504119873
nllb200_1B,facebook/nllb-200-1.3B,17,5LocalWordSwaps,775,0.9169871211051941
nllb200_1B,facebook/nllb-200-1.3B,17,5LocalWordSwaps,776,0.9341285824775696
nllb200_1B,facebook/nllb-200-1.3B,17,5LocalWordSwaps,777,0.9228339195251465
nllb200_1B,facebook/nllb-200-1.3B,17,5LocalWordSwaps,778,0.8893613219261169
nllb200_1B,facebook/nllb-200-1.3B,17,5LocalWordSwaps,779,0.8165647983551025
nllb200_1B,facebook/nllb-200-1.3B,17,5LocalWordSwaps,780,0.9631659388542175
nllb200_1B,facebook/nllb-200-1.3B,17,5LocalWordSwaps,781,0.9576281905174255
nllb200_1B,facebook/nllb-200-1.3B,17,5LocalWordSwaps,782,0.9378610253334045
nllb200_1B,facebook/nllb-200-1.3B,17,5LocalWordSwaps,783,0.934956431388855
nllb200_1B,facebook/nllb-200-1.3B,17,5LocalWordSwaps,784,0.9195154905319214
nllb200_1B,facebook/nllb-200-1.3B,17,5LocalWordSwaps,785,0.6803941130638123
nllb200_1B,facebook/nllb-200-1.3B,17,5LocalWordSwaps,786,0.9547222852706909
nllb200_1B,facebook/nllb-200-1.3B,17,5LocalWordSwaps,787,0.9356926679611206
nllb200_1B,facebook/nllb-200-1.3B,17,5LocalWordSwaps,788,0.939918041229248
nllb200_1B,facebook/nllb-200-1.3B,17,5LocalWordSwaps,789,0.6240620017051697
nllb200_1B,facebook/nllb-200-1.3B,17,5LocalWordSwaps,790,0.9201008081436157
nllb200_1B,facebook/nllb-200-1.3B,17,5LocalWordSwaps,791,0.65932297706604
nllb200_1B,facebook/nllb-200-1.3B,17,5LocalWordSwaps,792,0.9245887994766235
nllb200_1B,facebook/nllb-200-1.3B,17,5LocalWordSwaps,793,0.6014668941497803
nllb200_1B,facebook/nllb-200-1.3B,17,5LocalWordSwaps,794,0.9454092979431152
nllb200_1B,facebook/nllb-200-1.3B,17,5LocalWordSwaps,795,0.9523210525512695
nllb200_1B,facebook/nllb-200-1.3B,17,5LocalWordSwaps,796,0.6415297985076904
nllb200_1B,facebook/nllb-200-1.3B,17,5LocalWordSwaps,797,0.9466221332550049
nllb200_1B,facebook/nllb-200-1.3B,17,5LocalWordSwaps,798,0.9369053840637207
nllb200_1B,facebook/nllb-200-1.3B,17,5LocalWordSwaps,799,0.9453203678131104
nllb200_1B,facebook/nllb-200-1.3B,17,5LocalWordSwaps,800,0.9429076910018921
nllb200_1B,facebook/nllb-200-1.3B,17,5LocalWordSwaps,801,0.9097723960876465
nllb200_1B,facebook/nllb-200-1.3B,17,5LocalWordSwaps,802,0.9250487089157104
nllb200_1B,facebook/nllb-200-1.3B,17,5LocalWordSwaps,803,0.9523619413375854
nllb200_1B,facebook/nllb-200-1.3B,17,5LocalWordSwaps,804,0.672025203704834
nllb200_1B,facebook/nllb-200-1.3B,17,5LocalWordSwaps,805,0.6268465518951416
nllb200_1B,facebook/nllb-200-1.3B,17,5LocalWordSwaps,806,0.6046116352081299
nllb200_1B,facebook/nllb-200-1.3B,17,5LocalWordSwaps,807,0.9458263516426086
nllb200_1B,facebook/nllb-200-1.3B,17,5LocalWordSwaps,808,0.712186872959137
nllb200_1B,facebook/nllb-200-1.3B,17,5LocalWordSwaps,809,0.9316436052322388
nllb200_1B,facebook/nllb-200-1.3B,17,5LocalWordSwaps,810,0.9322153329849243
nllb200_1B,facebook/nllb-200-1.3B,17,5LocalWordSwaps,811,0.9263855218887329
nllb200_1B,facebook/nllb-200-1.3B,17,5LocalWordSwaps,812,0.6411193609237671
nllb200_1B,facebook/nllb-200-1.3B,17,5LocalWordSwaps,813,0.7407481670379639
nllb200_1B,facebook/nllb-200-1.3B,17,5LocalWordSwaps,814,0.9464130401611328
nllb200_1B,facebook/nllb-200-1.3B,17,5LocalWordSwaps,815,0.9429889917373657
nllb200_1B,facebook/nllb-200-1.3B,17,5LocalWordSwaps,816,0.6426559090614319
nllb200_1B,facebook/nllb-200-1.3B,17,5LocalWordSwaps,817,0.9435851573944092
nllb200_1B,facebook/nllb-200-1.3B,17,5LocalWordSwaps,818,0.8790397644042969
nllb200_1B,facebook/nllb-200-1.3B,17,5LocalWordSwaps,819,0.9280997514724731
nllb200_1B,facebook/nllb-200-1.3B,17,5LocalWordSwaps,820,0.7822635769844055
nllb200_1B,facebook/nllb-200-1.3B,17,5LocalWordSwaps,821,0.950996994972229
nllb200_1B,facebook/nllb-200-1.3B,17,5LocalWordSwaps,822,0.9424684643745422
nllb200_1B,facebook/nllb-200-1.3B,17,5LocalWordSwaps,823,0.9535015821456909
nllb200_1B,facebook/nllb-200-1.3B,17,5LocalWordSwaps,824,0.9546128511428833
nllb200_1B,facebook/nllb-200-1.3B,17,5LocalWordSwaps,825,0.8978971838951111
nllb200_1B,facebook/nllb-200-1.3B,17,5LocalWordSwaps,826,0.944769024848938
nllb200_1B,facebook/nllb-200-1.3B,17,5LocalWordSwaps,827,0.9495052099227905
nllb200_1B,facebook/nllb-200-1.3B,17,5LocalWordSwaps,828,0.7465095520019531
nllb200_1B,facebook/nllb-200-1.3B,17,5LocalWordSwaps,829,0.9214106798171997
nllb200_1B,facebook/nllb-200-1.3B,17,5LocalWordSwaps,830,0.9403529167175293
nllb200_1B,facebook/nllb-200-1.3B,17,5LocalWordSwaps,831,0.8983800411224365
nllb200_1B,facebook/nllb-200-1.3B,17,5LocalWordSwaps,832,0.9489033222198486
nllb200_1B,facebook/nllb-200-1.3B,17,5LocalWordSwaps,833,0.9720397591590881
nllb200_1B,facebook/nllb-200-1.3B,17,5LocalWordSwaps,834,0.946409285068512
nllb200_1B,facebook/nllb-200-1.3B,17,5LocalWordSwaps,835,0.9496263265609741
nllb200_1B,facebook/nllb-200-1.3B,17,5LocalWordSwaps,836,0.9505519866943359
nllb200_1B,facebook/nllb-200-1.3B,17,5LocalWordSwaps,837,0.9413167238235474
nllb200_1B,facebook/nllb-200-1.3B,17,5LocalWordSwaps,838,0.9376318454742432
nllb200_1B,facebook/nllb-200-1.3B,17,5LocalWordSwaps,839,0.927815318107605
nllb200_1B,facebook/nllb-200-1.3B,17,5LocalWordSwaps,840,0.9244179725646973
nllb200_1B,facebook/nllb-200-1.3B,17,5LocalWordSwaps,841,0.9370077848434448
nllb200_1B,facebook/nllb-200-1.3B,17,5LocalWordSwaps,842,0.9461416006088257
nllb200_1B,facebook/nllb-200-1.3B,17,5LocalWordSwaps,843,0.9363510012626648
nllb200_1B,facebook/nllb-200-1.3B,17,5LocalWordSwaps,844,0.9351162910461426
nllb200_1B,facebook/nllb-200-1.3B,17,5LocalWordSwaps,845,0.9253716468811035
nllb200_1B,facebook/nllb-200-1.3B,17,5LocalWordSwaps,846,0.9312204122543335
nllb200_1B,facebook/nllb-200-1.3B,17,5LocalWordSwaps,847,0.9170074462890625
nllb200_1B,facebook/nllb-200-1.3B,17,5LocalWordSwaps,848,0.9488993883132935
nllb200_1B,facebook/nllb-200-1.3B,17,5LocalWordSwaps,849,0.9360591173171997
nllb200_1B,facebook/nllb-200-1.3B,17,5LocalWordSwaps,850,0.9514186382293701
nllb200_1B,facebook/nllb-200-1.3B,17,5LocalWordSwaps,851,0.9371066689491272
nllb200_1B,facebook/nllb-200-1.3B,17,5LocalWordSwaps,852,0.9543003439903259
nllb200_1B,facebook/nllb-200-1.3B,17,5LocalWordSwaps,853,0.9341241121292114
nllb200_1B,facebook/nllb-200-1.3B,17,5LocalWordSwaps,854,0.9289084672927856
nllb200_1B,facebook/nllb-200-1.3B,17,5LocalWordSwaps,855,0.9383348226547241
nllb200_1B,facebook/nllb-200-1.3B,17,5LocalWordSwaps,856,0.9339549541473389
nllb200_1B,facebook/nllb-200-1.3B,17,5LocalWordSwaps,857,0.9277495741844177
nllb200_1B,facebook/nllb-200-1.3B,17,5LocalWordSwaps,858,0.9561139345169067
nllb200_1B,facebook/nllb-200-1.3B,17,5LocalWordSwaps,859,0.9365581274032593
nllb200_1B,facebook/nllb-200-1.3B,17,5LocalWordSwaps,860,0.9337414503097534
nllb200_1B,facebook/nllb-200-1.3B,17,5LocalWordSwaps,861,0.9467301368713379
nllb200_1B,facebook/nllb-200-1.3B,17,5LocalWordSwaps,862,0.9460758566856384
nllb200_1B,facebook/nllb-200-1.3B,17,5LocalWordSwaps,863,0.910134494304657
nllb200_1B,facebook/nllb-200-1.3B,17,5LocalWordSwaps,864,0.9332181215286255
nllb200_1B,facebook/nllb-200-1.3B,17,5LocalWordSwaps,865,0.983659029006958
nllb200_1B,facebook/nllb-200-1.3B,17,5LocalWordSwaps,866,0.9506314992904663
nllb200_1B,facebook/nllb-200-1.3B,17,5LocalWordSwaps,867,0.9230833649635315
nllb200_1B,facebook/nllb-200-1.3B,17,5LocalWordSwaps,868,0.9067220091819763
nllb200_1B,facebook/nllb-200-1.3B,17,5LocalWordSwaps,869,0.9487214088439941
nllb200_1B,facebook/nllb-200-1.3B,17,5LocalWordSwaps,870,0.9469128847122192
nllb200_1B,facebook/nllb-200-1.3B,17,5LocalWordSwaps,871,0.9354840517044067
nllb200_1B,facebook/nllb-200-1.3B,17,5LocalWordSwaps,872,0.9222626686096191
nllb200_1B,facebook/nllb-200-1.3B,17,5LocalWordSwaps,873,0.9464117288589478
nllb200_1B,facebook/nllb-200-1.3B,17,5LocalWordSwaps,874,0.9476118087768555
nllb200_1B,facebook/nllb-200-1.3B,17,5LocalWordSwaps,875,0.9441767930984497
nllb200_1B,facebook/nllb-200-1.3B,17,5LocalWordSwaps,876,0.9447296261787415
nllb200_1B,facebook/nllb-200-1.3B,17,5LocalWordSwaps,877,0.9485517144203186
nllb200_1B,facebook/nllb-200-1.3B,17,5LocalWordSwaps,878,0.9371165037155151
nllb200_1B,facebook/nllb-200-1.3B,17,5LocalWordSwaps,879,0.932838499546051
nllb200_1B,facebook/nllb-200-1.3B,17,5LocalWordSwaps,880,0.9324708580970764
nllb200_1B,facebook/nllb-200-1.3B,17,5LocalWordSwaps,881,0.9324151873588562
nllb200_1B,facebook/nllb-200-1.3B,17,5LocalWordSwaps,882,0.937739908695221
nllb200_1B,facebook/nllb-200-1.3B,17,5LocalWordSwaps,883,0.9399328827857971
nllb200_1B,facebook/nllb-200-1.3B,17,5LocalWordSwaps,884,0.9493119716644287
nllb200_1B,facebook/nllb-200-1.3B,17,5LocalWordSwaps,885,0.9264860153198242
nllb200_1B,facebook/nllb-200-1.3B,17,5LocalWordSwaps,886,0.9882755279541016
nllb200_1B,facebook/nllb-200-1.3B,17,5LocalWordSwaps,887,0.898735761642456
nllb200_1B,facebook/nllb-200-1.3B,17,5LocalWordSwaps,888,0.8775910139083862
nllb200_1B,facebook/nllb-200-1.3B,17,5LocalWordSwaps,889,0.666766345500946
nllb200_1B,facebook/nllb-200-1.3B,17,5LocalWordSwaps,890,0.9338561296463013
nllb200_1B,facebook/nllb-200-1.3B,17,5LocalWordSwaps,891,0.929038405418396
nllb200_1B,facebook/nllb-200-1.3B,17,5LocalWordSwaps,892,0.9045660495758057
nllb200_1B,facebook/nllb-200-1.3B,17,5LocalWordSwaps,893,0.9411495923995972
nllb200_1B,facebook/nllb-200-1.3B,17,5LocalWordSwaps,894,0.6995104551315308
nllb200_1B,facebook/nllb-200-1.3B,17,5LocalWordSwaps,895,0.9407278299331665
nllb200_1B,facebook/nllb-200-1.3B,17,5LocalWordSwaps,896,0.9456988573074341
nllb200_1B,facebook/nllb-200-1.3B,17,5LocalWordSwaps,897,0.9553799033164978
nllb200_1B,facebook/nllb-200-1.3B,17,5LocalWordSwaps,898,0.9312233328819275
nllb200_1B,facebook/nllb-200-1.3B,17,5LocalWordSwaps,899,0.9185908436775208
nllb200_1B,facebook/nllb-200-1.3B,17,5LocalWordSwaps,900,0.7230329513549805
nllb200_1B,facebook/nllb-200-1.3B,17,5LocalWordSwaps,901,0.9514307975769043
nllb200_1B,facebook/nllb-200-1.3B,17,5LocalWordSwaps,902,0.6505337953567505
nllb200_1B,facebook/nllb-200-1.3B,17,5LocalWordSwaps,903,0.9210987091064453
nllb200_1B,facebook/nllb-200-1.3B,17,5LocalWordSwaps,904,0.9392672777175903
nllb200_1B,facebook/nllb-200-1.3B,17,5LocalWordSwaps,905,0.7299957275390625
nllb200_1B,facebook/nllb-200-1.3B,17,5LocalWordSwaps,906,0.9637031555175781
nllb200_1B,facebook/nllb-200-1.3B,17,5LocalWordSwaps,907,0.918535590171814
nllb200_1B,facebook/nllb-200-1.3B,17,5LocalWordSwaps,908,0.9605926275253296
nllb200_1B,facebook/nllb-200-1.3B,17,5LocalWordSwaps,909,0.7507312297821045
nllb200_1B,facebook/nllb-200-1.3B,17,5LocalWordSwaps,910,0.9373313188552856
nllb200_1B,facebook/nllb-200-1.3B,17,5LocalWordSwaps,911,0.7421172261238098
nllb200_1B,facebook/nllb-200-1.3B,17,5LocalWordSwaps,912,0.7628784775733948
nllb200_1B,facebook/nllb-200-1.3B,17,5LocalWordSwaps,913,0.9462648630142212
nllb200_1B,facebook/nllb-200-1.3B,17,5LocalWordSwaps,914,0.9413472414016724
nllb200_1B,facebook/nllb-200-1.3B,17,5LocalWordSwaps,915,0.7389808893203735
nllb200_1B,facebook/nllb-200-1.3B,17,5LocalWordSwaps,916,0.9428564310073853
nllb200_1B,facebook/nllb-200-1.3B,17,5LocalWordSwaps,917,0.9516184329986572
nllb200_1B,facebook/nllb-200-1.3B,17,5LocalWordSwaps,918,0.9314950704574585
nllb200_1B,facebook/nllb-200-1.3B,17,5LocalWordSwaps,919,0.6416179537773132
nllb200_1B,facebook/nllb-200-1.3B,17,5LocalWordSwaps,920,0.9066201448440552
nllb200_1B,facebook/nllb-200-1.3B,17,5LocalWordSwaps,921,0.7035961747169495
nllb200_1B,facebook/nllb-200-1.3B,17,5LocalWordSwaps,922,0.9472379684448242
nllb200_1B,facebook/nllb-200-1.3B,17,5LocalWordSwaps,923,0.9439737200737
nllb200_1B,facebook/nllb-200-1.3B,17,5LocalWordSwaps,924,0.9233393669128418
nllb200_1B,facebook/nllb-200-1.3B,17,5LocalWordSwaps,925,0.9435304999351501
nllb200_1B,facebook/nllb-200-1.3B,17,5LocalWordSwaps,926,0.9339343905448914
nllb200_1B,facebook/nllb-200-1.3B,17,5LocalWordSwaps,927,0.9227933883666992
nllb200_1B,facebook/nllb-200-1.3B,17,5LocalWordSwaps,928,0.9275650978088379
nllb200_1B,facebook/nllb-200-1.3B,17,5LocalWordSwaps,929,0.8948689103126526
nllb200_1B,facebook/nllb-200-1.3B,17,5LocalWordSwaps,930,0.9509410858154297
nllb200_1B,facebook/nllb-200-1.3B,17,5LocalWordSwaps,931,0.9526886940002441
nllb200_1B,facebook/nllb-200-1.3B,17,5LocalWordSwaps,932,0.9340927600860596
nllb200_1B,facebook/nllb-200-1.3B,17,5LocalWordSwaps,933,0.9495331048965454
nllb200_1B,facebook/nllb-200-1.3B,17,5LocalWordSwaps,934,0.914008378982544
nllb200_1B,facebook/nllb-200-1.3B,17,5LocalWordSwaps,935,0.9263275265693665
nllb200_1B,facebook/nllb-200-1.3B,17,5LocalWordSwaps,936,0.9289062023162842
nllb200_1B,facebook/nllb-200-1.3B,17,5LocalWordSwaps,937,0.9438642859458923
nllb200_1B,facebook/nllb-200-1.3B,17,5LocalWordSwaps,938,0.9379823207855225
nllb200_1B,facebook/nllb-200-1.3B,17,5LocalWordSwaps,939,0.6932233572006226
nllb200_1B,facebook/nllb-200-1.3B,17,5LocalWordSwaps,940,0.9326983690261841
nllb200_1B,facebook/nllb-200-1.3B,17,5LocalWordSwaps,941,0.942839503288269
nllb200_1B,facebook/nllb-200-1.3B,17,5LocalWordSwaps,942,0.9430931806564331
nllb200_1B,facebook/nllb-200-1.3B,17,5LocalWordSwaps,943,0.9391356706619263
nllb200_1B,facebook/nllb-200-1.3B,17,5LocalWordSwaps,944,0.9216322302818298
nllb200_1B,facebook/nllb-200-1.3B,17,5LocalWordSwaps,945,0.950361967086792
nllb200_1B,facebook/nllb-200-1.3B,17,5LocalWordSwaps,946,0.9407002925872803
nllb200_1B,facebook/nllb-200-1.3B,17,5LocalWordSwaps,947,0.9460551738739014
nllb200_1B,facebook/nllb-200-1.3B,17,5LocalWordSwaps,948,0.9490095376968384
nllb200_1B,facebook/nllb-200-1.3B,17,5LocalWordSwaps,949,0.9604792594909668
nllb200_1B,facebook/nllb-200-1.3B,17,5LocalWordSwaps,950,0.9427525997161865
nllb200_1B,facebook/nllb-200-1.3B,17,5LocalWordSwaps,951,0.9537445306777954
nllb200_1B,facebook/nllb-200-1.3B,17,5LocalWordSwaps,952,0.9286619424819946
nllb200_1B,facebook/nllb-200-1.3B,17,5LocalWordSwaps,953,0.9428908824920654
nllb200_1B,facebook/nllb-200-1.3B,17,5LocalWordSwaps,954,0.924721360206604
nllb200_1B,facebook/nllb-200-1.3B,17,5LocalWordSwaps,955,0.9292494654655457
nllb200_1B,facebook/nllb-200-1.3B,17,5LocalWordSwaps,956,0.952692985534668
nllb200_1B,facebook/nllb-200-1.3B,17,5LocalWordSwaps,957,0.9498875737190247
nllb200_1B,facebook/nllb-200-1.3B,17,5LocalWordSwaps,958,0.9185996055603027
nllb200_1B,facebook/nllb-200-1.3B,17,5LocalWordSwaps,959,0.9150035977363586
nllb200_1B,facebook/nllb-200-1.3B,17,5LocalWordSwaps,960,0.9598325490951538
nllb200_1B,facebook/nllb-200-1.3B,17,5LocalWordSwaps,961,0.9418967962265015
nllb200_1B,facebook/nllb-200-1.3B,17,5LocalWordSwaps,962,0.9425193071365356
nllb200_1B,facebook/nllb-200-1.3B,17,5LocalWordSwaps,963,0.9340011477470398
nllb200_1B,facebook/nllb-200-1.3B,17,5LocalWordSwaps,964,0.948581337928772
nllb200_1B,facebook/nllb-200-1.3B,17,5LocalWordSwaps,965,0.9517292976379395
nllb200_1B,facebook/nllb-200-1.3B,17,5LocalWordSwaps,966,0.8933922648429871
nllb200_1B,facebook/nllb-200-1.3B,17,5LocalWordSwaps,967,0.907422661781311
nllb200_1B,facebook/nllb-200-1.3B,17,5LocalWordSwaps,968,0.937608003616333
nllb200_1B,facebook/nllb-200-1.3B,17,5LocalWordSwaps,969,0.9464588761329651
nllb200_1B,facebook/nllb-200-1.3B,17,5LocalWordSwaps,970,0.6479400396347046
nllb200_1B,facebook/nllb-200-1.3B,17,5LocalWordSwaps,971,0.9830318689346313
nllb200_1B,facebook/nllb-200-1.3B,17,5LocalWordSwaps,972,0.9823023080825806
nllb200_1B,facebook/nllb-200-1.3B,17,5LocalWordSwaps,973,0.7473595142364502
nllb200_1B,facebook/nllb-200-1.3B,17,5LocalWordSwaps,974,0.9466167092323303
nllb200_1B,facebook/nllb-200-1.3B,17,5LocalWordSwaps,975,0.9078795909881592
nllb200_1B,facebook/nllb-200-1.3B,17,5LocalWordSwaps,976,0.9376475811004639
nllb200_1B,facebook/nllb-200-1.3B,17,5LocalWordSwaps,977,0.9277536869049072
nllb200_1B,facebook/nllb-200-1.3B,17,5LocalWordSwaps,978,0.9412344694137573
nllb200_1B,facebook/nllb-200-1.3B,17,5LocalWordSwaps,979,0.9364181756973267
nllb200_1B,facebook/nllb-200-1.3B,17,5LocalWordSwaps,980,0.9465222358703613
nllb200_1B,facebook/nllb-200-1.3B,17,5LocalWordSwaps,981,0.9863202571868896
nllb200_1B,facebook/nllb-200-1.3B,17,5LocalWordSwaps,982,0.9350753426551819
nllb200_1B,facebook/nllb-200-1.3B,17,5LocalWordSwaps,983,0.9498175382614136
nllb200_1B,facebook/nllb-200-1.3B,17,5LocalWordSwaps,984,0.908656120300293
nllb200_1B,facebook/nllb-200-1.3B,17,5LocalWordSwaps,985,0.9418437480926514
nllb200_1B,facebook/nllb-200-1.3B,17,5LocalWordSwaps,986,0.9140884280204773
nllb200_1B,facebook/nllb-200-1.3B,17,5LocalWordSwaps,987,0.9442441463470459
nllb200_1B,facebook/nllb-200-1.3B,17,5LocalWordSwaps,988,0.9716372489929199
nllb200_1B,facebook/nllb-200-1.3B,17,5LocalWordSwaps,989,0.9438034296035767
nllb200_1B,facebook/nllb-200-1.3B,17,5LocalWordSwaps,990,0.9377065300941467
nllb200_1B,facebook/nllb-200-1.3B,17,5LocalWordSwaps,991,0.9143445491790771
nllb200_1B,facebook/nllb-200-1.3B,17,5LocalWordSwaps,992,0.9173217415809631
nllb200_1B,facebook/nllb-200-1.3B,17,5LocalWordSwaps,993,0.7283352613449097
nllb200_1B,facebook/nllb-200-1.3B,17,5LocalWordSwaps,994,0.9845686554908752
nllb200_1B,facebook/nllb-200-1.3B,17,5LocalWordSwaps,995,0.9302186965942383
nllb200_1B,facebook/nllb-200-1.3B,17,5LocalWordSwaps,996,0.7791744470596313
nllb200_1B,facebook/nllb-200-1.3B,17,5LocalWordSwaps,997,0.9855064153671265
nllb200_1B,facebook/nllb-200-1.3B,17,5LocalWordSwaps,998,0.9446531534194946
nllb200_1B,facebook/nllb-200-1.3B,17,5LocalWordSwaps,999,0.926773190498352
nllb200_1B,facebook/nllb-200-1.3B,17,Reversed,0,0.9272779226303101
nllb200_1B,facebook/nllb-200-1.3B,17,Reversed,1,0.7568645477294922
nllb200_1B,facebook/nllb-200-1.3B,17,Reversed,2,0.9135046005249023
nllb200_1B,facebook/nllb-200-1.3B,17,Reversed,3,0.9321161508560181
nllb200_1B,facebook/nllb-200-1.3B,17,Reversed,4,0.9431086778640747
nllb200_1B,facebook/nllb-200-1.3B,17,Reversed,5,0.9826740026473999
nllb200_1B,facebook/nllb-200-1.3B,17,Reversed,6,0.9332091808319092
nllb200_1B,facebook/nllb-200-1.3B,17,Reversed,7,0.943004846572876
nllb200_1B,facebook/nllb-200-1.3B,17,Reversed,8,0.9185961484909058
nllb200_1B,facebook/nllb-200-1.3B,17,Reversed,9,0.9232100248336792
nllb200_1B,facebook/nllb-200-1.3B,17,Reversed,10,0.9272665977478027
nllb200_1B,facebook/nllb-200-1.3B,17,Reversed,11,0.9491395950317383
nllb200_1B,facebook/nllb-200-1.3B,17,Reversed,12,0.9253919124603271
nllb200_1B,facebook/nllb-200-1.3B,17,Reversed,13,0.9350681304931641
nllb200_1B,facebook/nllb-200-1.3B,17,Reversed,14,0.9206385612487793
nllb200_1B,facebook/nllb-200-1.3B,17,Reversed,15,0.9423598051071167
nllb200_1B,facebook/nllb-200-1.3B,17,Reversed,16,0.9370682239532471
nllb200_1B,facebook/nllb-200-1.3B,17,Reversed,17,0.9351333379745483
nllb200_1B,facebook/nllb-200-1.3B,17,Reversed,18,0.9212116599082947
nllb200_1B,facebook/nllb-200-1.3B,17,Reversed,19,0.923654317855835
nllb200_1B,facebook/nllb-200-1.3B,17,Reversed,20,0.9580484628677368
nllb200_1B,facebook/nllb-200-1.3B,17,Reversed,21,0.9375910758972168
nllb200_1B,facebook/nllb-200-1.3B,17,Reversed,22,0.9487466812133789
nllb200_1B,facebook/nllb-200-1.3B,17,Reversed,23,0.9442276954650879
nllb200_1B,facebook/nllb-200-1.3B,17,Reversed,24,0.950147807598114
nllb200_1B,facebook/nllb-200-1.3B,17,Reversed,25,0.9438517093658447
nllb200_1B,facebook/nllb-200-1.3B,17,Reversed,26,0.9397580623626709
nllb200_1B,facebook/nllb-200-1.3B,17,Reversed,27,0.9149426221847534
nllb200_1B,facebook/nllb-200-1.3B,17,Reversed,28,0.9406461119651794
nllb200_1B,facebook/nllb-200-1.3B,17,Reversed,29,0.9456052780151367
nllb200_1B,facebook/nllb-200-1.3B,17,Reversed,30,0.9151353240013123
nllb200_1B,facebook/nllb-200-1.3B,17,Reversed,31,0.921775221824646
nllb200_1B,facebook/nllb-200-1.3B,17,Reversed,32,0.9205656051635742
nllb200_1B,facebook/nllb-200-1.3B,17,Reversed,33,0.918710470199585
nllb200_1B,facebook/nllb-200-1.3B,17,Reversed,34,0.9363834857940674
nllb200_1B,facebook/nllb-200-1.3B,17,Reversed,35,0.9398143291473389
nllb200_1B,facebook/nllb-200-1.3B,17,Reversed,36,0.9193459153175354
nllb200_1B,facebook/nllb-200-1.3B,17,Reversed,37,0.918975293636322
nllb200_1B,facebook/nllb-200-1.3B,17,Reversed,38,0.937233567237854
nllb200_1B,facebook/nllb-200-1.3B,17,Reversed,39,0.8996748924255371
nllb200_1B,facebook/nllb-200-1.3B,17,Reversed,40,0.9344591498374939
nllb200_1B,facebook/nllb-200-1.3B,17,Reversed,41,0.9412436485290527
nllb200_1B,facebook/nllb-200-1.3B,17,Reversed,42,0.7538674473762512
nllb200_1B,facebook/nllb-200-1.3B,17,Reversed,43,0.9288659691810608
nllb200_1B,facebook/nllb-200-1.3B,17,Reversed,44,0.953396201133728
nllb200_1B,facebook/nllb-200-1.3B,17,Reversed,45,0.9227205514907837
nllb200_1B,facebook/nllb-200-1.3B,17,Reversed,46,0.939919650554657
nllb200_1B,facebook/nllb-200-1.3B,17,Reversed,47,0.9261316061019897
nllb200_1B,facebook/nllb-200-1.3B,17,Reversed,48,0.9240033030509949
nllb200_1B,facebook/nllb-200-1.3B,17,Reversed,49,0.9367554783821106
nllb200_1B,facebook/nllb-200-1.3B,17,Reversed,50,0.9265720248222351
nllb200_1B,facebook/nllb-200-1.3B,17,Reversed,51,0.9432823657989502
nllb200_1B,facebook/nllb-200-1.3B,17,Reversed,52,0.9581906199455261
nllb200_1B,facebook/nllb-200-1.3B,17,Reversed,53,0.9537353515625
nllb200_1B,facebook/nllb-200-1.3B,17,Reversed,54,0.9507392644882202
nllb200_1B,facebook/nllb-200-1.3B,17,Reversed,55,0.9438831806182861
nllb200_1B,facebook/nllb-200-1.3B,17,Reversed,56,0.9462428092956543
nllb200_1B,facebook/nllb-200-1.3B,17,Reversed,57,0.9500949382781982
nllb200_1B,facebook/nllb-200-1.3B,17,Reversed,58,0.941777229309082
nllb200_1B,facebook/nllb-200-1.3B,17,Reversed,59,0.9459958076477051
nllb200_1B,facebook/nllb-200-1.3B,17,Reversed,60,0.9436336755752563
nllb200_1B,facebook/nllb-200-1.3B,17,Reversed,61,0.9347424507141113
nllb200_1B,facebook/nllb-200-1.3B,17,Reversed,62,0.9873327016830444
nllb200_1B,facebook/nllb-200-1.3B,17,Reversed,63,0.9074362516403198
nllb200_1B,facebook/nllb-200-1.3B,17,Reversed,64,0.9237265586853027
nllb200_1B,facebook/nllb-200-1.3B,17,Reversed,65,0.9282799959182739
nllb200_1B,facebook/nllb-200-1.3B,17,Reversed,66,0.9270563125610352
nllb200_1B,facebook/nllb-200-1.3B,17,Reversed,67,0.9122986793518066
nllb200_1B,facebook/nllb-200-1.3B,17,Reversed,68,0.9257031679153442
nllb200_1B,facebook/nllb-200-1.3B,17,Reversed,69,0.6823602914810181
nllb200_1B,facebook/nllb-200-1.3B,17,Reversed,70,0.9404879808425903
nllb200_1B,facebook/nllb-200-1.3B,17,Reversed,71,0.9492650032043457
nllb200_1B,facebook/nllb-200-1.3B,17,Reversed,72,0.9481645226478577
nllb200_1B,facebook/nllb-200-1.3B,17,Reversed,73,0.9810848236083984
nllb200_1B,facebook/nllb-200-1.3B,17,Reversed,74,0.945404052734375
nllb200_1B,facebook/nllb-200-1.3B,17,Reversed,75,0.9299664497375488
nllb200_1B,facebook/nllb-200-1.3B,17,Reversed,76,0.6577085256576538
nllb200_1B,facebook/nllb-200-1.3B,17,Reversed,77,0.9473086595535278
nllb200_1B,facebook/nllb-200-1.3B,17,Reversed,78,0.7972456812858582
nllb200_1B,facebook/nllb-200-1.3B,17,Reversed,79,0.9266395568847656
nllb200_1B,facebook/nllb-200-1.3B,17,Reversed,80,0.935009241104126
nllb200_1B,facebook/nllb-200-1.3B,17,Reversed,81,0.7485036253929138
nllb200_1B,facebook/nllb-200-1.3B,17,Reversed,82,0.9213470220565796
nllb200_1B,facebook/nllb-200-1.3B,17,Reversed,83,0.7308816909790039
nllb200_1B,facebook/nllb-200-1.3B,17,Reversed,84,0.9407370090484619
nllb200_1B,facebook/nllb-200-1.3B,17,Reversed,85,0.9772387742996216
nllb200_1B,facebook/nllb-200-1.3B,17,Reversed,86,0.9382948279380798
nllb200_1B,facebook/nllb-200-1.3B,17,Reversed,87,0.7304480075836182
nllb200_1B,facebook/nllb-200-1.3B,17,Reversed,88,0.9525001049041748
nllb200_1B,facebook/nllb-200-1.3B,17,Reversed,89,0.9157894849777222
nllb200_1B,facebook/nllb-200-1.3B,17,Reversed,90,0.8814029097557068
nllb200_1B,facebook/nllb-200-1.3B,17,Reversed,91,0.922119140625
nllb200_1B,facebook/nllb-200-1.3B,17,Reversed,92,0.7262274026870728
nllb200_1B,facebook/nllb-200-1.3B,17,Reversed,93,0.7005183696746826
nllb200_1B,facebook/nllb-200-1.3B,17,Reversed,94,0.962714433670044
nllb200_1B,facebook/nllb-200-1.3B,17,Reversed,95,0.9537764191627502
nllb200_1B,facebook/nllb-200-1.3B,17,Reversed,96,0.9058048725128174
nllb200_1B,facebook/nllb-200-1.3B,17,Reversed,97,0.9420433640480042
nllb200_1B,facebook/nllb-200-1.3B,17,Reversed,98,0.8841098546981812
nllb200_1B,facebook/nllb-200-1.3B,17,Reversed,99,0.9290527105331421
nllb200_1B,facebook/nllb-200-1.3B,17,Reversed,100,0.9212671518325806
nllb200_1B,facebook/nllb-200-1.3B,17,Reversed,101,0.8812455534934998
nllb200_1B,facebook/nllb-200-1.3B,17,Reversed,102,0.7012532949447632
nllb200_1B,facebook/nllb-200-1.3B,17,Reversed,103,0.9376649856567383
nllb200_1B,facebook/nllb-200-1.3B,17,Reversed,104,0.9407612085342407
nllb200_1B,facebook/nllb-200-1.3B,17,Reversed,105,0.9392029047012329
nllb200_1B,facebook/nllb-200-1.3B,17,Reversed,106,0.9465543031692505
nllb200_1B,facebook/nllb-200-1.3B,17,Reversed,107,0.6681674718856812
nllb200_1B,facebook/nllb-200-1.3B,17,Reversed,108,0.9570909738540649
nllb200_1B,facebook/nllb-200-1.3B,17,Reversed,109,0.9392935037612915
nllb200_1B,facebook/nllb-200-1.3B,17,Reversed,110,0.9562255144119263
nllb200_1B,facebook/nllb-200-1.3B,17,Reversed,111,0.9435222148895264
nllb200_1B,facebook/nllb-200-1.3B,17,Reversed,112,0.9072557687759399
nllb200_1B,facebook/nllb-200-1.3B,17,Reversed,113,0.9416338801383972
nllb200_1B,facebook/nllb-200-1.3B,17,Reversed,114,0.9338568449020386
nllb200_1B,facebook/nllb-200-1.3B,17,Reversed,115,0.9404353499412537
nllb200_1B,facebook/nllb-200-1.3B,17,Reversed,116,0.9065578579902649
nllb200_1B,facebook/nllb-200-1.3B,17,Reversed,117,0.939275860786438
nllb200_1B,facebook/nllb-200-1.3B,17,Reversed,118,0.9330488443374634
nllb200_1B,facebook/nllb-200-1.3B,17,Reversed,119,0.9513450860977173
nllb200_1B,facebook/nllb-200-1.3B,17,Reversed,120,0.9311243295669556
nllb200_1B,facebook/nllb-200-1.3B,17,Reversed,121,0.8995434045791626
nllb200_1B,facebook/nllb-200-1.3B,17,Reversed,122,0.9540948867797852
nllb200_1B,facebook/nllb-200-1.3B,17,Reversed,123,0.9295641779899597
nllb200_1B,facebook/nllb-200-1.3B,17,Reversed,124,0.9440646171569824
nllb200_1B,facebook/nllb-200-1.3B,17,Reversed,125,0.9434471726417542
nllb200_1B,facebook/nllb-200-1.3B,17,Reversed,126,0.9299871921539307
nllb200_1B,facebook/nllb-200-1.3B,17,Reversed,127,0.9358856678009033
nllb200_1B,facebook/nllb-200-1.3B,17,Reversed,128,0.9176405668258667
nllb200_1B,facebook/nllb-200-1.3B,17,Reversed,129,0.9240262508392334
nllb200_1B,facebook/nllb-200-1.3B,17,Reversed,130,0.9263323545455933
nllb200_1B,facebook/nllb-200-1.3B,17,Reversed,131,0.913292646408081
nllb200_1B,facebook/nllb-200-1.3B,17,Reversed,132,0.896673321723938
nllb200_1B,facebook/nllb-200-1.3B,17,Reversed,133,0.9924631118774414
nllb200_1B,facebook/nllb-200-1.3B,17,Reversed,134,0.9193638563156128
nllb200_1B,facebook/nllb-200-1.3B,17,Reversed,135,0.9352771043777466
nllb200_1B,facebook/nllb-200-1.3B,17,Reversed,136,0.9395264983177185
nllb200_1B,facebook/nllb-200-1.3B,17,Reversed,137,0.9278724789619446
nllb200_1B,facebook/nllb-200-1.3B,17,Reversed,138,0.9222134947776794
nllb200_1B,facebook/nllb-200-1.3B,17,Reversed,139,0.9428400993347168
nllb200_1B,facebook/nllb-200-1.3B,17,Reversed,140,0.9389796257019043
nllb200_1B,facebook/nllb-200-1.3B,17,Reversed,141,0.928573727607727
nllb200_1B,facebook/nllb-200-1.3B,17,Reversed,142,0.9419393539428711
nllb200_1B,facebook/nllb-200-1.3B,17,Reversed,143,0.881870448589325
nllb200_1B,facebook/nllb-200-1.3B,17,Reversed,144,0.9299987554550171
nllb200_1B,facebook/nllb-200-1.3B,17,Reversed,145,0.9297006130218506
nllb200_1B,facebook/nllb-200-1.3B,17,Reversed,146,0.9487019777297974
nllb200_1B,facebook/nllb-200-1.3B,17,Reversed,147,0.9553279280662537
nllb200_1B,facebook/nllb-200-1.3B,17,Reversed,148,0.9354392290115356
nllb200_1B,facebook/nllb-200-1.3B,17,Reversed,149,0.9479202032089233
nllb200_1B,facebook/nllb-200-1.3B,17,Reversed,150,0.9252634644508362
nllb200_1B,facebook/nllb-200-1.3B,17,Reversed,151,0.8914101123809814
nllb200_1B,facebook/nllb-200-1.3B,17,Reversed,152,0.9224058389663696
nllb200_1B,facebook/nllb-200-1.3B,17,Reversed,153,0.9350993037223816
nllb200_1B,facebook/nllb-200-1.3B,17,Reversed,154,0.9190669655799866
nllb200_1B,facebook/nllb-200-1.3B,17,Reversed,155,0.9341025352478027
nllb200_1B,facebook/nllb-200-1.3B,17,Reversed,156,0.9600149393081665
nllb200_1B,facebook/nllb-200-1.3B,17,Reversed,157,0.9494233131408691
nllb200_1B,facebook/nllb-200-1.3B,17,Reversed,158,0.9295284748077393
nllb200_1B,facebook/nllb-200-1.3B,17,Reversed,159,0.9544100761413574
nllb200_1B,facebook/nllb-200-1.3B,17,Reversed,160,0.9031850099563599
nllb200_1B,facebook/nllb-200-1.3B,17,Reversed,161,0.930929958820343
nllb200_1B,facebook/nllb-200-1.3B,17,Reversed,162,0.8965280055999756
nllb200_1B,facebook/nllb-200-1.3B,17,Reversed,163,0.9318796396255493
nllb200_1B,facebook/nllb-200-1.3B,17,Reversed,164,0.9230862855911255
nllb200_1B,facebook/nllb-200-1.3B,17,Reversed,165,0.9517490863800049
nllb200_1B,facebook/nllb-200-1.3B,17,Reversed,166,0.9399715662002563
nllb200_1B,facebook/nllb-200-1.3B,17,Reversed,167,0.9437068700790405
nllb200_1B,facebook/nllb-200-1.3B,17,Reversed,168,0.9367580413818359
nllb200_1B,facebook/nllb-200-1.3B,17,Reversed,169,0.9410279989242554
nllb200_1B,facebook/nllb-200-1.3B,17,Reversed,170,0.9440544843673706
nllb200_1B,facebook/nllb-200-1.3B,17,Reversed,171,0.9335690140724182
nllb200_1B,facebook/nllb-200-1.3B,17,Reversed,172,0.9170322418212891
nllb200_1B,facebook/nllb-200-1.3B,17,Reversed,173,0.9094332456588745
nllb200_1B,facebook/nllb-200-1.3B,17,Reversed,174,0.9443705081939697
nllb200_1B,facebook/nllb-200-1.3B,17,Reversed,175,0.9491400718688965
nllb200_1B,facebook/nllb-200-1.3B,17,Reversed,176,0.9819785952568054
nllb200_1B,facebook/nllb-200-1.3B,17,Reversed,177,0.937228262424469
nllb200_1B,facebook/nllb-200-1.3B,17,Reversed,178,0.9022909998893738
nllb200_1B,facebook/nllb-200-1.3B,17,Reversed,179,0.9315884709358215
nllb200_1B,facebook/nllb-200-1.3B,17,Reversed,180,0.911267876625061
nllb200_1B,facebook/nllb-200-1.3B,17,Reversed,181,0.6362594366073608
nllb200_1B,facebook/nllb-200-1.3B,17,Reversed,182,0.9509695768356323
nllb200_1B,facebook/nllb-200-1.3B,17,Reversed,183,0.9041021466255188
nllb200_1B,facebook/nllb-200-1.3B,17,Reversed,184,0.9220574498176575
nllb200_1B,facebook/nllb-200-1.3B,17,Reversed,185,0.780104398727417
nllb200_1B,facebook/nllb-200-1.3B,17,Reversed,186,0.9109457731246948
nllb200_1B,facebook/nllb-200-1.3B,17,Reversed,187,0.6416381597518921
nllb200_1B,facebook/nllb-200-1.3B,17,Reversed,188,0.9079115390777588
nllb200_1B,facebook/nllb-200-1.3B,17,Reversed,189,0.9431244134902954
nllb200_1B,facebook/nllb-200-1.3B,17,Reversed,190,0.8543379306793213
nllb200_1B,facebook/nllb-200-1.3B,17,Reversed,191,0.9066635370254517
nllb200_1B,facebook/nllb-200-1.3B,17,Reversed,192,0.9478594064712524
nllb200_1B,facebook/nllb-200-1.3B,17,Reversed,193,0.9556461572647095
nllb200_1B,facebook/nllb-200-1.3B,17,Reversed,194,0.9448919296264648
nllb200_1B,facebook/nllb-200-1.3B,17,Reversed,195,0.8178421854972839
nllb200_1B,facebook/nllb-200-1.3B,17,Reversed,196,0.9484965801239014
nllb200_1B,facebook/nllb-200-1.3B,17,Reversed,197,0.9649617671966553
nllb200_1B,facebook/nllb-200-1.3B,17,Reversed,198,0.6683369874954224
nllb200_1B,facebook/nllb-200-1.3B,17,Reversed,199,0.914021372795105
nllb200_1B,facebook/nllb-200-1.3B,17,Reversed,200,0.9496041536331177
nllb200_1B,facebook/nllb-200-1.3B,17,Reversed,201,0.9389145374298096
nllb200_1B,facebook/nllb-200-1.3B,17,Reversed,202,0.9456037282943726
nllb200_1B,facebook/nllb-200-1.3B,17,Reversed,203,0.9202712774276733
nllb200_1B,facebook/nllb-200-1.3B,17,Reversed,204,0.9433150291442871
nllb200_1B,facebook/nllb-200-1.3B,17,Reversed,205,0.9526433944702148
nllb200_1B,facebook/nllb-200-1.3B,17,Reversed,206,0.9176791310310364
nllb200_1B,facebook/nllb-200-1.3B,17,Reversed,207,0.9784958362579346
nllb200_1B,facebook/nllb-200-1.3B,17,Reversed,208,0.939204216003418
nllb200_1B,facebook/nllb-200-1.3B,17,Reversed,209,0.9416199922561646
nllb200_1B,facebook/nllb-200-1.3B,17,Reversed,210,0.9393821358680725
nllb200_1B,facebook/nllb-200-1.3B,17,Reversed,211,0.9304998517036438
nllb200_1B,facebook/nllb-200-1.3B,17,Reversed,212,0.9777612090110779
nllb200_1B,facebook/nllb-200-1.3B,17,Reversed,213,0.9159582853317261
nllb200_1B,facebook/nllb-200-1.3B,17,Reversed,214,0.9288696050643921
nllb200_1B,facebook/nllb-200-1.3B,17,Reversed,215,0.9434723854064941
nllb200_1B,facebook/nllb-200-1.3B,17,Reversed,216,0.6249980926513672
nllb200_1B,facebook/nllb-200-1.3B,17,Reversed,217,0.7205235958099365
nllb200_1B,facebook/nllb-200-1.3B,17,Reversed,218,0.9431724548339844
nllb200_1B,facebook/nllb-200-1.3B,17,Reversed,219,0.9253143072128296
nllb200_1B,facebook/nllb-200-1.3B,17,Reversed,220,0.9319949746131897
nllb200_1B,facebook/nllb-200-1.3B,17,Reversed,221,0.9453548789024353
nllb200_1B,facebook/nllb-200-1.3B,17,Reversed,222,0.953429102897644
nllb200_1B,facebook/nllb-200-1.3B,17,Reversed,223,0.6577056646347046
nllb200_1B,facebook/nllb-200-1.3B,17,Reversed,224,0.9395043849945068
nllb200_1B,facebook/nllb-200-1.3B,17,Reversed,225,0.736373782157898
nllb200_1B,facebook/nllb-200-1.3B,17,Reversed,226,0.9364237785339355
nllb200_1B,facebook/nllb-200-1.3B,17,Reversed,227,0.9488330483436584
nllb200_1B,facebook/nllb-200-1.3B,17,Reversed,228,0.9643064141273499
nllb200_1B,facebook/nllb-200-1.3B,17,Reversed,229,0.954197883605957
nllb200_1B,facebook/nllb-200-1.3B,17,Reversed,230,0.932219386100769
nllb200_1B,facebook/nllb-200-1.3B,17,Reversed,231,0.68451988697052
nllb200_1B,facebook/nllb-200-1.3B,17,Reversed,232,0.6972176432609558
nllb200_1B,facebook/nllb-200-1.3B,17,Reversed,233,0.933164656162262
nllb200_1B,facebook/nllb-200-1.3B,17,Reversed,234,0.9438451528549194
nllb200_1B,facebook/nllb-200-1.3B,17,Reversed,235,0.7488102912902832
nllb200_1B,facebook/nllb-200-1.3B,17,Reversed,236,0.6872125267982483
nllb200_1B,facebook/nllb-200-1.3B,17,Reversed,237,0.7024576663970947
nllb200_1B,facebook/nllb-200-1.3B,17,Reversed,238,0.9569497108459473
nllb200_1B,facebook/nllb-200-1.3B,17,Reversed,239,0.7142032980918884
nllb200_1B,facebook/nllb-200-1.3B,17,Reversed,240,0.9355034828186035
nllb200_1B,facebook/nllb-200-1.3B,17,Reversed,241,0.9089138507843018
nllb200_1B,facebook/nllb-200-1.3B,17,Reversed,242,0.9115630984306335
nllb200_1B,facebook/nllb-200-1.3B,17,Reversed,243,0.7786962389945984
nllb200_1B,facebook/nllb-200-1.3B,17,Reversed,244,0.9504460096359253
nllb200_1B,facebook/nllb-200-1.3B,17,Reversed,245,0.89354407787323
nllb200_1B,facebook/nllb-200-1.3B,17,Reversed,246,0.950128436088562
nllb200_1B,facebook/nllb-200-1.3B,17,Reversed,247,0.9438819885253906
nllb200_1B,facebook/nllb-200-1.3B,17,Reversed,248,0.757705569267273
nllb200_1B,facebook/nllb-200-1.3B,17,Reversed,249,0.9537675380706787
nllb200_1B,facebook/nllb-200-1.3B,17,Reversed,250,0.955901026725769
nllb200_1B,facebook/nllb-200-1.3B,17,Reversed,251,0.94595867395401
nllb200_1B,facebook/nllb-200-1.3B,17,Reversed,252,0.9530588984489441
nllb200_1B,facebook/nllb-200-1.3B,17,Reversed,253,0.9522789716720581
nllb200_1B,facebook/nllb-200-1.3B,17,Reversed,254,0.6456656455993652
nllb200_1B,facebook/nllb-200-1.3B,17,Reversed,255,0.9390674829483032
nllb200_1B,facebook/nllb-200-1.3B,17,Reversed,256,0.9459468126296997
nllb200_1B,facebook/nllb-200-1.3B,17,Reversed,257,0.9180248975753784
nllb200_1B,facebook/nllb-200-1.3B,17,Reversed,258,0.9379766583442688
nllb200_1B,facebook/nllb-200-1.3B,17,Reversed,259,0.9635413885116577
nllb200_1B,facebook/nllb-200-1.3B,17,Reversed,260,0.6828529834747314
nllb200_1B,facebook/nllb-200-1.3B,17,Reversed,261,0.9488943815231323
nllb200_1B,facebook/nllb-200-1.3B,17,Reversed,262,0.7499631643295288
nllb200_1B,facebook/nllb-200-1.3B,17,Reversed,263,0.9358898401260376
nllb200_1B,facebook/nllb-200-1.3B,17,Reversed,264,0.708106517791748
nllb200_1B,facebook/nllb-200-1.3B,17,Reversed,265,0.9205396175384521
nllb200_1B,facebook/nllb-200-1.3B,17,Reversed,266,0.9249231815338135
nllb200_1B,facebook/nllb-200-1.3B,17,Reversed,267,0.9396997690200806
nllb200_1B,facebook/nllb-200-1.3B,17,Reversed,268,0.9362146854400635
nllb200_1B,facebook/nllb-200-1.3B,17,Reversed,269,0.9826456308364868
nllb200_1B,facebook/nllb-200-1.3B,17,Reversed,270,0.943416178226471
nllb200_1B,facebook/nllb-200-1.3B,17,Reversed,271,0.6435179710388184
nllb200_1B,facebook/nllb-200-1.3B,17,Reversed,272,0.9476966857910156
nllb200_1B,facebook/nllb-200-1.3B,17,Reversed,273,0.9507304430007935
nllb200_1B,facebook/nllb-200-1.3B,17,Reversed,274,0.6814149022102356
nllb200_1B,facebook/nllb-200-1.3B,17,Reversed,275,0.9486091136932373
nllb200_1B,facebook/nllb-200-1.3B,17,Reversed,276,0.9449301958084106
nllb200_1B,facebook/nllb-200-1.3B,17,Reversed,277,0.9320987462997437
nllb200_1B,facebook/nllb-200-1.3B,17,Reversed,278,0.9512941837310791
nllb200_1B,facebook/nllb-200-1.3B,17,Reversed,279,0.9449923038482666
nllb200_1B,facebook/nllb-200-1.3B,17,Reversed,280,0.9460318684577942
nllb200_1B,facebook/nllb-200-1.3B,17,Reversed,281,0.9567780494689941
nllb200_1B,facebook/nllb-200-1.3B,17,Reversed,282,0.9399296045303345
nllb200_1B,facebook/nllb-200-1.3B,17,Reversed,283,0.9241189956665039
nllb200_1B,facebook/nllb-200-1.3B,17,Reversed,284,0.9354972243309021
nllb200_1B,facebook/nllb-200-1.3B,17,Reversed,285,0.9408760070800781
nllb200_1B,facebook/nllb-200-1.3B,17,Reversed,286,0.921441912651062
nllb200_1B,facebook/nllb-200-1.3B,17,Reversed,287,0.9210053086280823
nllb200_1B,facebook/nllb-200-1.3B,17,Reversed,288,0.9345868825912476
nllb200_1B,facebook/nllb-200-1.3B,17,Reversed,289,0.9391187429428101
nllb200_1B,facebook/nllb-200-1.3B,17,Reversed,290,0.920799195766449
nllb200_1B,facebook/nllb-200-1.3B,17,Reversed,291,0.9474233388900757
nllb200_1B,facebook/nllb-200-1.3B,17,Reversed,292,0.9540228247642517
nllb200_1B,facebook/nllb-200-1.3B,17,Reversed,293,0.9506841897964478
nllb200_1B,facebook/nllb-200-1.3B,17,Reversed,294,0.925102174282074
nllb200_1B,facebook/nllb-200-1.3B,17,Reversed,295,0.9294300079345703
nllb200_1B,facebook/nllb-200-1.3B,17,Reversed,296,0.938953697681427
nllb200_1B,facebook/nllb-200-1.3B,17,Reversed,297,0.9530417919158936
nllb200_1B,facebook/nllb-200-1.3B,17,Reversed,298,0.8920586109161377
nllb200_1B,facebook/nllb-200-1.3B,17,Reversed,299,0.946303129196167
nllb200_1B,facebook/nllb-200-1.3B,17,Reversed,300,0.9065723419189453
nllb200_1B,facebook/nllb-200-1.3B,17,Reversed,301,0.9513530731201172
nllb200_1B,facebook/nllb-200-1.3B,17,Reversed,302,0.9254777431488037
nllb200_1B,facebook/nllb-200-1.3B,17,Reversed,303,0.9441253542900085
nllb200_1B,facebook/nllb-200-1.3B,17,Reversed,304,0.9339653849601746
nllb200_1B,facebook/nllb-200-1.3B,17,Reversed,305,0.941933274269104
nllb200_1B,facebook/nllb-200-1.3B,17,Reversed,306,0.9324128031730652
nllb200_1B,facebook/nllb-200-1.3B,17,Reversed,307,0.929541826248169
nllb200_1B,facebook/nllb-200-1.3B,17,Reversed,308,0.9397006034851074
nllb200_1B,facebook/nllb-200-1.3B,17,Reversed,309,0.9430802464485168
nllb200_1B,facebook/nllb-200-1.3B,17,Reversed,310,0.9455547332763672
nllb200_1B,facebook/nllb-200-1.3B,17,Reversed,311,0.925435483455658
nllb200_1B,facebook/nllb-200-1.3B,17,Reversed,312,0.9147852659225464
nllb200_1B,facebook/nllb-200-1.3B,17,Reversed,313,0.9151934385299683
nllb200_1B,facebook/nllb-200-1.3B,17,Reversed,314,0.9519883394241333
nllb200_1B,facebook/nllb-200-1.3B,17,Reversed,315,0.9252229928970337
nllb200_1B,facebook/nllb-200-1.3B,17,Reversed,316,0.940667986869812
nllb200_1B,facebook/nllb-200-1.3B,17,Reversed,317,0.9226124286651611
nllb200_1B,facebook/nllb-200-1.3B,17,Reversed,318,0.9405922889709473
nllb200_1B,facebook/nllb-200-1.3B,17,Reversed,319,0.9584701061248779
nllb200_1B,facebook/nllb-200-1.3B,17,Reversed,320,0.9000746607780457
nllb200_1B,facebook/nllb-200-1.3B,17,Reversed,321,0.9465281963348389
nllb200_1B,facebook/nllb-200-1.3B,17,Reversed,322,0.9287497997283936
nllb200_1B,facebook/nllb-200-1.3B,17,Reversed,323,0.9537255764007568
nllb200_1B,facebook/nllb-200-1.3B,17,Reversed,324,0.9423823356628418
nllb200_1B,facebook/nllb-200-1.3B,17,Reversed,325,0.9483603239059448
nllb200_1B,facebook/nllb-200-1.3B,17,Reversed,326,0.9696288704872131
nllb200_1B,facebook/nllb-200-1.3B,17,Reversed,327,0.95505690574646
nllb200_1B,facebook/nllb-200-1.3B,17,Reversed,328,0.9497700929641724
nllb200_1B,facebook/nllb-200-1.3B,17,Reversed,329,0.9362268447875977
nllb200_1B,facebook/nllb-200-1.3B,17,Reversed,330,0.9397178888320923
nllb200_1B,facebook/nllb-200-1.3B,17,Reversed,331,0.9618252515792847
nllb200_1B,facebook/nllb-200-1.3B,17,Reversed,332,0.9212819933891296
nllb200_1B,facebook/nllb-200-1.3B,17,Reversed,333,0.9290357232093811
nllb200_1B,facebook/nllb-200-1.3B,17,Reversed,334,0.9302488565444946
nllb200_1B,facebook/nllb-200-1.3B,17,Reversed,335,0.914691686630249
nllb200_1B,facebook/nllb-200-1.3B,17,Reversed,336,0.9467715620994568
nllb200_1B,facebook/nllb-200-1.3B,17,Reversed,337,0.928687572479248
nllb200_1B,facebook/nllb-200-1.3B,17,Reversed,338,0.9359859228134155
nllb200_1B,facebook/nllb-200-1.3B,17,Reversed,339,0.9450854063034058
nllb200_1B,facebook/nllb-200-1.3B,17,Reversed,340,0.9102231860160828
nllb200_1B,facebook/nllb-200-1.3B,17,Reversed,341,0.9451181888580322
nllb200_1B,facebook/nllb-200-1.3B,17,Reversed,342,0.9367584586143494
nllb200_1B,facebook/nllb-200-1.3B,17,Reversed,343,0.9321805238723755
nllb200_1B,facebook/nllb-200-1.3B,17,Reversed,344,0.92991042137146
nllb200_1B,facebook/nllb-200-1.3B,17,Reversed,345,0.9308236837387085
nllb200_1B,facebook/nllb-200-1.3B,17,Reversed,346,0.9091441631317139
nllb200_1B,facebook/nllb-200-1.3B,17,Reversed,347,0.9696416258811951
nllb200_1B,facebook/nllb-200-1.3B,17,Reversed,348,0.9371976256370544
nllb200_1B,facebook/nllb-200-1.3B,17,Reversed,349,0.9448157548904419
nllb200_1B,facebook/nllb-200-1.3B,17,Reversed,350,0.9361996650695801
nllb200_1B,facebook/nllb-200-1.3B,17,Reversed,351,0.9358593225479126
nllb200_1B,facebook/nllb-200-1.3B,17,Reversed,352,0.9380047917366028
nllb200_1B,facebook/nllb-200-1.3B,17,Reversed,353,0.9662437438964844
nllb200_1B,facebook/nllb-200-1.3B,17,Reversed,354,0.933469831943512
nllb200_1B,facebook/nllb-200-1.3B,17,Reversed,355,0.7157066464424133
nllb200_1B,facebook/nllb-200-1.3B,17,Reversed,356,0.9154763221740723
nllb200_1B,facebook/nllb-200-1.3B,17,Reversed,357,0.9588477611541748
nllb200_1B,facebook/nllb-200-1.3B,17,Reversed,358,0.9580123424530029
nllb200_1B,facebook/nllb-200-1.3B,17,Reversed,359,0.9177395105361938
nllb200_1B,facebook/nllb-200-1.3B,17,Reversed,360,0.9536592364311218
nllb200_1B,facebook/nllb-200-1.3B,17,Reversed,361,0.9461053609848022
nllb200_1B,facebook/nllb-200-1.3B,17,Reversed,362,0.9188863039016724
nllb200_1B,facebook/nllb-200-1.3B,17,Reversed,363,0.9304553270339966
nllb200_1B,facebook/nllb-200-1.3B,17,Reversed,364,0.9350056648254395
nllb200_1B,facebook/nllb-200-1.3B,17,Reversed,365,0.8871512413024902
nllb200_1B,facebook/nllb-200-1.3B,17,Reversed,366,0.9441490173339844
nllb200_1B,facebook/nllb-200-1.3B,17,Reversed,367,0.9332189559936523
nllb200_1B,facebook/nllb-200-1.3B,17,Reversed,368,0.9573627710342407
nllb200_1B,facebook/nllb-200-1.3B,17,Reversed,369,0.9298111200332642
nllb200_1B,facebook/nllb-200-1.3B,17,Reversed,370,0.9483671188354492
nllb200_1B,facebook/nllb-200-1.3B,17,Reversed,371,0.9491217136383057
nllb200_1B,facebook/nllb-200-1.3B,17,Reversed,372,0.9453120827674866
nllb200_1B,facebook/nllb-200-1.3B,17,Reversed,373,0.9506223201751709
nllb200_1B,facebook/nllb-200-1.3B,17,Reversed,374,0.9457387924194336
nllb200_1B,facebook/nllb-200-1.3B,17,Reversed,375,0.9529862999916077
nllb200_1B,facebook/nllb-200-1.3B,17,Reversed,376,0.9233270883560181
nllb200_1B,facebook/nllb-200-1.3B,17,Reversed,377,0.7939952611923218
nllb200_1B,facebook/nllb-200-1.3B,17,Reversed,378,0.948814868927002
nllb200_1B,facebook/nllb-200-1.3B,17,Reversed,379,0.9379822611808777
nllb200_1B,facebook/nllb-200-1.3B,17,Reversed,380,0.8945872187614441
nllb200_1B,facebook/nllb-200-1.3B,17,Reversed,381,0.6251484155654907
nllb200_1B,facebook/nllb-200-1.3B,17,Reversed,382,0.7252477407455444
nllb200_1B,facebook/nllb-200-1.3B,17,Reversed,383,0.6152303218841553
nllb200_1B,facebook/nllb-200-1.3B,17,Reversed,384,0.9139961004257202
nllb200_1B,facebook/nllb-200-1.3B,17,Reversed,385,0.9347569346427917
nllb200_1B,facebook/nllb-200-1.3B,17,Reversed,386,0.6875754594802856
nllb200_1B,facebook/nllb-200-1.3B,17,Reversed,387,0.926995575428009
nllb200_1B,facebook/nllb-200-1.3B,17,Reversed,388,0.8680531978607178
nllb200_1B,facebook/nllb-200-1.3B,17,Reversed,389,0.7280635833740234
nllb200_1B,facebook/nllb-200-1.3B,17,Reversed,390,0.9314151406288147
nllb200_1B,facebook/nllb-200-1.3B,17,Reversed,391,0.7911217212677002
nllb200_1B,facebook/nllb-200-1.3B,17,Reversed,392,0.713992714881897
nllb200_1B,facebook/nllb-200-1.3B,17,Reversed,393,0.7098706960678101
nllb200_1B,facebook/nllb-200-1.3B,17,Reversed,394,0.7081528306007385
nllb200_1B,facebook/nllb-200-1.3B,17,Reversed,395,0.7142238616943359
nllb200_1B,facebook/nllb-200-1.3B,17,Reversed,396,0.694037675857544
nllb200_1B,facebook/nllb-200-1.3B,17,Reversed,397,0.6982011795043945
nllb200_1B,facebook/nllb-200-1.3B,17,Reversed,398,0.675503134727478
nllb200_1B,facebook/nllb-200-1.3B,17,Reversed,399,0.9069588780403137
nllb200_1B,facebook/nllb-200-1.3B,17,Reversed,400,0.9568458795547485
nllb200_1B,facebook/nllb-200-1.3B,17,Reversed,401,0.9466099739074707
nllb200_1B,facebook/nllb-200-1.3B,17,Reversed,402,0.9374628067016602
nllb200_1B,facebook/nllb-200-1.3B,17,Reversed,403,0.9791649580001831
nllb200_1B,facebook/nllb-200-1.3B,17,Reversed,404,0.9362833499908447
nllb200_1B,facebook/nllb-200-1.3B,17,Reversed,405,0.9369887113571167
nllb200_1B,facebook/nllb-200-1.3B,17,Reversed,406,0.9288169145584106
nllb200_1B,facebook/nllb-200-1.3B,17,Reversed,407,0.9151970148086548
nllb200_1B,facebook/nllb-200-1.3B,17,Reversed,408,0.9344353079795837
nllb200_1B,facebook/nllb-200-1.3B,17,Reversed,409,0.9258506298065186
nllb200_1B,facebook/nllb-200-1.3B,17,Reversed,410,0.9224419593811035
nllb200_1B,facebook/nllb-200-1.3B,17,Reversed,411,0.9152629375457764
nllb200_1B,facebook/nllb-200-1.3B,17,Reversed,412,0.7526745796203613
nllb200_1B,facebook/nllb-200-1.3B,17,Reversed,413,0.9774569272994995
nllb200_1B,facebook/nllb-200-1.3B,17,Reversed,414,0.9422329068183899
nllb200_1B,facebook/nllb-200-1.3B,17,Reversed,415,0.9321000576019287
nllb200_1B,facebook/nllb-200-1.3B,17,Reversed,416,0.9489469528198242
nllb200_1B,facebook/nllb-200-1.3B,17,Reversed,417,0.9476836919784546
nllb200_1B,facebook/nllb-200-1.3B,17,Reversed,418,0.9474963545799255
nllb200_1B,facebook/nllb-200-1.3B,17,Reversed,419,0.9410114288330078
nllb200_1B,facebook/nllb-200-1.3B,17,Reversed,420,0.9391021728515625
nllb200_1B,facebook/nllb-200-1.3B,17,Reversed,421,0.6746656894683838
nllb200_1B,facebook/nllb-200-1.3B,17,Reversed,422,0.6523343324661255
nllb200_1B,facebook/nllb-200-1.3B,17,Reversed,423,0.9392714500427246
nllb200_1B,facebook/nllb-200-1.3B,17,Reversed,424,0.9413155317306519
nllb200_1B,facebook/nllb-200-1.3B,17,Reversed,425,0.6545801162719727
nllb200_1B,facebook/nllb-200-1.3B,17,Reversed,426,0.9406685829162598
nllb200_1B,facebook/nllb-200-1.3B,17,Reversed,427,0.9389142990112305
nllb200_1B,facebook/nllb-200-1.3B,17,Reversed,428,0.9390698671340942
nllb200_1B,facebook/nllb-200-1.3B,17,Reversed,429,0.9410545825958252
nllb200_1B,facebook/nllb-200-1.3B,17,Reversed,430,0.8949935436248779
nllb200_1B,facebook/nllb-200-1.3B,17,Reversed,431,0.9472537040710449
nllb200_1B,facebook/nllb-200-1.3B,17,Reversed,432,0.9365513324737549
nllb200_1B,facebook/nllb-200-1.3B,17,Reversed,433,0.9327398538589478
nllb200_1B,facebook/nllb-200-1.3B,17,Reversed,434,0.9081276655197144
nllb200_1B,facebook/nllb-200-1.3B,17,Reversed,435,0.9432023167610168
nllb200_1B,facebook/nllb-200-1.3B,17,Reversed,436,0.9241085052490234
nllb200_1B,facebook/nllb-200-1.3B,17,Reversed,437,0.905602216720581
nllb200_1B,facebook/nllb-200-1.3B,17,Reversed,438,0.9836785793304443
nllb200_1B,facebook/nllb-200-1.3B,17,Reversed,439,0.9448261260986328
nllb200_1B,facebook/nllb-200-1.3B,17,Reversed,440,0.9355631470680237
nllb200_1B,facebook/nllb-200-1.3B,17,Reversed,441,0.9521001577377319
nllb200_1B,facebook/nllb-200-1.3B,17,Reversed,442,0.9443957805633545
nllb200_1B,facebook/nllb-200-1.3B,17,Reversed,443,0.954957127571106
nllb200_1B,facebook/nllb-200-1.3B,17,Reversed,444,0.6655478477478027
nllb200_1B,facebook/nllb-200-1.3B,17,Reversed,445,0.8683521747589111
nllb200_1B,facebook/nllb-200-1.3B,17,Reversed,446,0.6638486981391907
nllb200_1B,facebook/nllb-200-1.3B,17,Reversed,447,0.9097123146057129
nllb200_1B,facebook/nllb-200-1.3B,17,Reversed,448,0.9493480920791626
nllb200_1B,facebook/nllb-200-1.3B,17,Reversed,449,0.9311806559562683
nllb200_1B,facebook/nllb-200-1.3B,17,Reversed,450,0.9378960132598877
nllb200_1B,facebook/nllb-200-1.3B,17,Reversed,451,0.6523947715759277
nllb200_1B,facebook/nllb-200-1.3B,17,Reversed,452,0.898507833480835
nllb200_1B,facebook/nllb-200-1.3B,17,Reversed,453,0.9312745332717896
nllb200_1B,facebook/nllb-200-1.3B,17,Reversed,454,0.9488058090209961
nllb200_1B,facebook/nllb-200-1.3B,17,Reversed,455,0.9157055616378784
nllb200_1B,facebook/nllb-200-1.3B,17,Reversed,456,0.9223427772521973
nllb200_1B,facebook/nllb-200-1.3B,17,Reversed,457,0.9214667081832886
nllb200_1B,facebook/nllb-200-1.3B,17,Reversed,458,0.9431320428848267
nllb200_1B,facebook/nllb-200-1.3B,17,Reversed,459,0.9530117511749268
nllb200_1B,facebook/nllb-200-1.3B,17,Reversed,460,0.9167104959487915
nllb200_1B,facebook/nllb-200-1.3B,17,Reversed,461,0.9400951862335205
nllb200_1B,facebook/nllb-200-1.3B,17,Reversed,462,0.9298763275146484
nllb200_1B,facebook/nllb-200-1.3B,17,Reversed,463,0.9449016451835632
nllb200_1B,facebook/nllb-200-1.3B,17,Reversed,464,0.9384376406669617
nllb200_1B,facebook/nllb-200-1.3B,17,Reversed,465,0.9014818668365479
nllb200_1B,facebook/nllb-200-1.3B,17,Reversed,466,0.9442353844642639
nllb200_1B,facebook/nllb-200-1.3B,17,Reversed,467,0.9455476403236389
nllb200_1B,facebook/nllb-200-1.3B,17,Reversed,468,0.9493374824523926
nllb200_1B,facebook/nllb-200-1.3B,17,Reversed,469,0.9575381278991699
nllb200_1B,facebook/nllb-200-1.3B,17,Reversed,470,0.9352864027023315
nllb200_1B,facebook/nllb-200-1.3B,17,Reversed,471,0.9209458827972412
nllb200_1B,facebook/nllb-200-1.3B,17,Reversed,472,0.9380489587783813
nllb200_1B,facebook/nllb-200-1.3B,17,Reversed,473,0.8961271047592163
nllb200_1B,facebook/nllb-200-1.3B,17,Reversed,474,0.7422118782997131
nllb200_1B,facebook/nllb-200-1.3B,17,Reversed,475,0.6831766963005066
nllb200_1B,facebook/nllb-200-1.3B,17,Reversed,476,0.9301798939704895
nllb200_1B,facebook/nllb-200-1.3B,17,Reversed,477,0.9508801102638245
nllb200_1B,facebook/nllb-200-1.3B,17,Reversed,478,0.9582253694534302
nllb200_1B,facebook/nllb-200-1.3B,17,Reversed,479,0.9459923505783081
nllb200_1B,facebook/nllb-200-1.3B,17,Reversed,480,0.9369094967842102
nllb200_1B,facebook/nllb-200-1.3B,17,Reversed,481,0.9410264492034912
nllb200_1B,facebook/nllb-200-1.3B,17,Reversed,482,0.9163768291473389
nllb200_1B,facebook/nllb-200-1.3B,17,Reversed,483,0.7160440683364868
nllb200_1B,facebook/nllb-200-1.3B,17,Reversed,484,0.9240814447402954
nllb200_1B,facebook/nllb-200-1.3B,17,Reversed,485,0.8879101872444153
nllb200_1B,facebook/nllb-200-1.3B,17,Reversed,486,0.9373793005943298
nllb200_1B,facebook/nllb-200-1.3B,17,Reversed,487,0.9194638729095459
nllb200_1B,facebook/nllb-200-1.3B,17,Reversed,488,0.7246577739715576
nllb200_1B,facebook/nllb-200-1.3B,17,Reversed,489,0.9400933980941772
nllb200_1B,facebook/nllb-200-1.3B,17,Reversed,490,0.932420015335083
nllb200_1B,facebook/nllb-200-1.3B,17,Reversed,491,0.9373223781585693
nllb200_1B,facebook/nllb-200-1.3B,17,Reversed,492,0.9339154958724976
nllb200_1B,facebook/nllb-200-1.3B,17,Reversed,493,0.9089259505271912
nllb200_1B,facebook/nllb-200-1.3B,17,Reversed,494,0.9300794005393982
nllb200_1B,facebook/nllb-200-1.3B,17,Reversed,495,0.6789408922195435
nllb200_1B,facebook/nllb-200-1.3B,17,Reversed,496,0.9524316787719727
nllb200_1B,facebook/nllb-200-1.3B,17,Reversed,497,0.9301236867904663
nllb200_1B,facebook/nllb-200-1.3B,17,Reversed,498,0.7457102537155151
nllb200_1B,facebook/nllb-200-1.3B,17,Reversed,499,0.9372686147689819
nllb200_1B,facebook/nllb-200-1.3B,17,Reversed,500,0.6458600163459778
nllb200_1B,facebook/nllb-200-1.3B,17,Reversed,501,0.9527949094772339
nllb200_1B,facebook/nllb-200-1.3B,17,Reversed,502,0.7406127452850342
nllb200_1B,facebook/nllb-200-1.3B,17,Reversed,503,0.6167099475860596
nllb200_1B,facebook/nllb-200-1.3B,17,Reversed,504,0.9513775110244751
nllb200_1B,facebook/nllb-200-1.3B,17,Reversed,505,0.9553030729293823
nllb200_1B,facebook/nllb-200-1.3B,17,Reversed,506,0.7359298467636108
nllb200_1B,facebook/nllb-200-1.3B,17,Reversed,507,0.9349626302719116
nllb200_1B,facebook/nllb-200-1.3B,17,Reversed,508,0.932755708694458
nllb200_1B,facebook/nllb-200-1.3B,17,Reversed,509,0.9406999349594116
nllb200_1B,facebook/nllb-200-1.3B,17,Reversed,510,0.8830163478851318
nllb200_1B,facebook/nllb-200-1.3B,17,Reversed,511,0.7435933351516724
nllb200_1B,facebook/nllb-200-1.3B,17,Reversed,512,0.7520531415939331
nllb200_1B,facebook/nllb-200-1.3B,17,Reversed,513,0.9019782543182373
nllb200_1B,facebook/nllb-200-1.3B,17,Reversed,514,0.8948351144790649
nllb200_1B,facebook/nllb-200-1.3B,17,Reversed,515,0.9400802850723267
nllb200_1B,facebook/nllb-200-1.3B,17,Reversed,516,0.9473773241043091
nllb200_1B,facebook/nllb-200-1.3B,17,Reversed,517,0.9277408719062805
nllb200_1B,facebook/nllb-200-1.3B,17,Reversed,518,0.9237738847732544
nllb200_1B,facebook/nllb-200-1.3B,17,Reversed,519,0.932426393032074
nllb200_1B,facebook/nllb-200-1.3B,17,Reversed,520,0.9504086971282959
nllb200_1B,facebook/nllb-200-1.3B,17,Reversed,521,0.9486693143844604
nllb200_1B,facebook/nllb-200-1.3B,17,Reversed,522,0.9342399835586548
nllb200_1B,facebook/nllb-200-1.3B,17,Reversed,523,0.9538148641586304
nllb200_1B,facebook/nllb-200-1.3B,17,Reversed,524,0.7232097387313843
nllb200_1B,facebook/nllb-200-1.3B,17,Reversed,525,0.6851744651794434
nllb200_1B,facebook/nllb-200-1.3B,17,Reversed,526,0.6978273391723633
nllb200_1B,facebook/nllb-200-1.3B,17,Reversed,527,0.9263747930526733
nllb200_1B,facebook/nllb-200-1.3B,17,Reversed,528,0.7774333357810974
nllb200_1B,facebook/nllb-200-1.3B,17,Reversed,529,0.9100073575973511
nllb200_1B,facebook/nllb-200-1.3B,17,Reversed,530,0.6968685984611511
nllb200_1B,facebook/nllb-200-1.3B,17,Reversed,531,0.9161193370819092
nllb200_1B,facebook/nllb-200-1.3B,17,Reversed,532,0.90920090675354
nllb200_1B,facebook/nllb-200-1.3B,17,Reversed,533,0.9585188627243042
nllb200_1B,facebook/nllb-200-1.3B,17,Reversed,534,0.6964262127876282
nllb200_1B,facebook/nllb-200-1.3B,17,Reversed,535,0.9205582141876221
nllb200_1B,facebook/nllb-200-1.3B,17,Reversed,536,0.9339693784713745
nllb200_1B,facebook/nllb-200-1.3B,17,Reversed,537,0.9316716194152832
nllb200_1B,facebook/nllb-200-1.3B,17,Reversed,538,0.9551452398300171
nllb200_1B,facebook/nllb-200-1.3B,17,Reversed,539,0.7476069927215576
nllb200_1B,facebook/nllb-200-1.3B,17,Reversed,540,0.889981746673584
nllb200_1B,facebook/nllb-200-1.3B,17,Reversed,541,0.9498180150985718
nllb200_1B,facebook/nllb-200-1.3B,17,Reversed,542,0.9115418791770935
nllb200_1B,facebook/nllb-200-1.3B,17,Reversed,543,0.9074680805206299
nllb200_1B,facebook/nllb-200-1.3B,17,Reversed,544,0.9549299478530884
nllb200_1B,facebook/nllb-200-1.3B,17,Reversed,545,0.9557749629020691
nllb200_1B,facebook/nllb-200-1.3B,17,Reversed,546,0.6599729657173157
nllb200_1B,facebook/nllb-200-1.3B,17,Reversed,547,0.9313251376152039
nllb200_1B,facebook/nllb-200-1.3B,17,Reversed,548,0.9219517707824707
nllb200_1B,facebook/nllb-200-1.3B,17,Reversed,549,0.9408502578735352
nllb200_1B,facebook/nllb-200-1.3B,17,Reversed,550,0.9215472936630249
nllb200_1B,facebook/nllb-200-1.3B,17,Reversed,551,0.927087128162384
nllb200_1B,facebook/nllb-200-1.3B,17,Reversed,552,0.9351525902748108
nllb200_1B,facebook/nllb-200-1.3B,17,Reversed,553,0.9443453550338745
nllb200_1B,facebook/nllb-200-1.3B,17,Reversed,554,0.9359046816825867
nllb200_1B,facebook/nllb-200-1.3B,17,Reversed,555,0.8843452334403992
nllb200_1B,facebook/nllb-200-1.3B,17,Reversed,556,0.835914134979248
nllb200_1B,facebook/nllb-200-1.3B,17,Reversed,557,0.9742509126663208
nllb200_1B,facebook/nllb-200-1.3B,17,Reversed,558,0.8975025415420532
nllb200_1B,facebook/nllb-200-1.3B,17,Reversed,559,0.7427027225494385
nllb200_1B,facebook/nllb-200-1.3B,17,Reversed,560,0.9371401071548462
nllb200_1B,facebook/nllb-200-1.3B,17,Reversed,561,0.9507484436035156
nllb200_1B,facebook/nllb-200-1.3B,17,Reversed,562,0.915829598903656
nllb200_1B,facebook/nllb-200-1.3B,17,Reversed,563,0.7257852554321289
nllb200_1B,facebook/nllb-200-1.3B,17,Reversed,564,0.8952268958091736
nllb200_1B,facebook/nllb-200-1.3B,17,Reversed,565,0.9402472972869873
nllb200_1B,facebook/nllb-200-1.3B,17,Reversed,566,0.925117552280426
nllb200_1B,facebook/nllb-200-1.3B,17,Reversed,567,0.746764063835144
nllb200_1B,facebook/nllb-200-1.3B,17,Reversed,568,0.9572416543960571
nllb200_1B,facebook/nllb-200-1.3B,17,Reversed,569,0.9171529412269592
nllb200_1B,facebook/nllb-200-1.3B,17,Reversed,570,0.6810311675071716
nllb200_1B,facebook/nllb-200-1.3B,17,Reversed,571,0.7989716529846191
nllb200_1B,facebook/nllb-200-1.3B,17,Reversed,572,0.9436467885971069
nllb200_1B,facebook/nllb-200-1.3B,17,Reversed,573,0.6697717905044556
nllb200_1B,facebook/nllb-200-1.3B,17,Reversed,574,0.942432701587677
nllb200_1B,facebook/nllb-200-1.3B,17,Reversed,575,0.7069917917251587
nllb200_1B,facebook/nllb-200-1.3B,17,Reversed,576,0.9251468181610107
nllb200_1B,facebook/nllb-200-1.3B,17,Reversed,577,0.9366570711135864
nllb200_1B,facebook/nllb-200-1.3B,17,Reversed,578,0.9489290714263916
nllb200_1B,facebook/nllb-200-1.3B,17,Reversed,579,0.9153100252151489
nllb200_1B,facebook/nllb-200-1.3B,17,Reversed,580,0.939992368221283
nllb200_1B,facebook/nllb-200-1.3B,17,Reversed,581,0.9404710531234741
nllb200_1B,facebook/nllb-200-1.3B,17,Reversed,582,0.9524811506271362
nllb200_1B,facebook/nllb-200-1.3B,17,Reversed,583,0.950375497341156
nllb200_1B,facebook/nllb-200-1.3B,17,Reversed,584,0.9422684907913208
nllb200_1B,facebook/nllb-200-1.3B,17,Reversed,585,0.9444735646247864
nllb200_1B,facebook/nllb-200-1.3B,17,Reversed,586,0.9307088851928711
nllb200_1B,facebook/nllb-200-1.3B,17,Reversed,587,0.9494349956512451
nllb200_1B,facebook/nllb-200-1.3B,17,Reversed,588,0.9346886873245239
nllb200_1B,facebook/nllb-200-1.3B,17,Reversed,589,0.7082291841506958
nllb200_1B,facebook/nllb-200-1.3B,17,Reversed,590,0.9338072538375854
nllb200_1B,facebook/nllb-200-1.3B,17,Reversed,591,0.6407593488693237
nllb200_1B,facebook/nllb-200-1.3B,17,Reversed,592,0.7144233584403992
nllb200_1B,facebook/nllb-200-1.3B,17,Reversed,593,0.9366954565048218
nllb200_1B,facebook/nllb-200-1.3B,17,Reversed,594,0.9509408473968506
nllb200_1B,facebook/nllb-200-1.3B,17,Reversed,595,0.9178459048271179
nllb200_1B,facebook/nllb-200-1.3B,17,Reversed,596,0.9466608762741089
nllb200_1B,facebook/nllb-200-1.3B,17,Reversed,597,0.9100102186203003
nllb200_1B,facebook/nllb-200-1.3B,17,Reversed,598,0.9387935400009155
nllb200_1B,facebook/nllb-200-1.3B,17,Reversed,599,0.9329882860183716
nllb200_1B,facebook/nllb-200-1.3B,17,Reversed,600,0.9019629955291748
nllb200_1B,facebook/nllb-200-1.3B,17,Reversed,601,0.6552566289901733
nllb200_1B,facebook/nllb-200-1.3B,17,Reversed,602,0.9303152561187744
nllb200_1B,facebook/nllb-200-1.3B,17,Reversed,603,0.6858271360397339
nllb200_1B,facebook/nllb-200-1.3B,17,Reversed,604,0.9304035902023315
nllb200_1B,facebook/nllb-200-1.3B,17,Reversed,605,0.9464054703712463
nllb200_1B,facebook/nllb-200-1.3B,17,Reversed,606,0.9199651479721069
nllb200_1B,facebook/nllb-200-1.3B,17,Reversed,607,0.9507781267166138
nllb200_1B,facebook/nllb-200-1.3B,17,Reversed,608,0.806124210357666
nllb200_1B,facebook/nllb-200-1.3B,17,Reversed,609,0.795335054397583
nllb200_1B,facebook/nllb-200-1.3B,17,Reversed,610,0.9424353837966919
nllb200_1B,facebook/nllb-200-1.3B,17,Reversed,611,0.9197565317153931
nllb200_1B,facebook/nllb-200-1.3B,17,Reversed,612,0.9472953081130981
nllb200_1B,facebook/nllb-200-1.3B,17,Reversed,613,0.9004466533660889
nllb200_1B,facebook/nllb-200-1.3B,17,Reversed,614,0.9423651695251465
nllb200_1B,facebook/nllb-200-1.3B,17,Reversed,615,0.9285941123962402
nllb200_1B,facebook/nllb-200-1.3B,17,Reversed,616,0.9461065530776978
nllb200_1B,facebook/nllb-200-1.3B,17,Reversed,617,0.9353792071342468
nllb200_1B,facebook/nllb-200-1.3B,17,Reversed,618,0.9259214401245117
nllb200_1B,facebook/nllb-200-1.3B,17,Reversed,619,0.9436845779418945
nllb200_1B,facebook/nllb-200-1.3B,17,Reversed,620,0.9688924551010132
nllb200_1B,facebook/nllb-200-1.3B,17,Reversed,621,0.9372091293334961
nllb200_1B,facebook/nllb-200-1.3B,17,Reversed,622,0.9293169975280762
nllb200_1B,facebook/nllb-200-1.3B,17,Reversed,623,0.9259355068206787
nllb200_1B,facebook/nllb-200-1.3B,17,Reversed,624,0.9401422739028931
nllb200_1B,facebook/nllb-200-1.3B,17,Reversed,625,0.9380446672439575
nllb200_1B,facebook/nllb-200-1.3B,17,Reversed,626,0.943452000617981
nllb200_1B,facebook/nllb-200-1.3B,17,Reversed,627,0.9395419359207153
nllb200_1B,facebook/nllb-200-1.3B,17,Reversed,628,0.9491839408874512
nllb200_1B,facebook/nllb-200-1.3B,17,Reversed,629,0.9379974603652954
nllb200_1B,facebook/nllb-200-1.3B,17,Reversed,630,0.9312596321105957
nllb200_1B,facebook/nllb-200-1.3B,17,Reversed,631,0.9224568605422974
nllb200_1B,facebook/nllb-200-1.3B,17,Reversed,632,0.9240370392799377
nllb200_1B,facebook/nllb-200-1.3B,17,Reversed,633,0.9427096843719482
nllb200_1B,facebook/nllb-200-1.3B,17,Reversed,634,0.9239006638526917
nllb200_1B,facebook/nllb-200-1.3B,17,Reversed,635,0.9230160117149353
nllb200_1B,facebook/nllb-200-1.3B,17,Reversed,636,0.9504027962684631
nllb200_1B,facebook/nllb-200-1.3B,17,Reversed,637,0.9484586119651794
nllb200_1B,facebook/nllb-200-1.3B,17,Reversed,638,0.9395908117294312
nllb200_1B,facebook/nllb-200-1.3B,17,Reversed,639,0.9380092620849609
nllb200_1B,facebook/nllb-200-1.3B,17,Reversed,640,0.9142223000526428
nllb200_1B,facebook/nllb-200-1.3B,17,Reversed,641,0.9334474802017212
nllb200_1B,facebook/nllb-200-1.3B,17,Reversed,642,0.9314589500427246
nllb200_1B,facebook/nllb-200-1.3B,17,Reversed,643,0.9652060866355896
nllb200_1B,facebook/nllb-200-1.3B,17,Reversed,644,0.9322863221168518
nllb200_1B,facebook/nllb-200-1.3B,17,Reversed,645,0.9308791160583496
nllb200_1B,facebook/nllb-200-1.3B,17,Reversed,646,0.923663854598999
nllb200_1B,facebook/nllb-200-1.3B,17,Reversed,647,0.9552701115608215
nllb200_1B,facebook/nllb-200-1.3B,17,Reversed,648,0.9482254981994629
nllb200_1B,facebook/nllb-200-1.3B,17,Reversed,649,0.9292259216308594
nllb200_1B,facebook/nllb-200-1.3B,17,Reversed,650,0.9508881568908691
nllb200_1B,facebook/nllb-200-1.3B,17,Reversed,651,0.8991680145263672
nllb200_1B,facebook/nllb-200-1.3B,17,Reversed,652,0.9477204084396362
nllb200_1B,facebook/nllb-200-1.3B,17,Reversed,653,0.9164503812789917
nllb200_1B,facebook/nllb-200-1.3B,17,Reversed,654,0.9376260042190552
nllb200_1B,facebook/nllb-200-1.3B,17,Reversed,655,0.9363906383514404
nllb200_1B,facebook/nllb-200-1.3B,17,Reversed,656,0.9368095397949219
nllb200_1B,facebook/nllb-200-1.3B,17,Reversed,657,0.933294415473938
nllb200_1B,facebook/nllb-200-1.3B,17,Reversed,658,0.9258050918579102
nllb200_1B,facebook/nllb-200-1.3B,17,Reversed,659,0.9197860360145569
nllb200_1B,facebook/nllb-200-1.3B,17,Reversed,660,0.9520113468170166
nllb200_1B,facebook/nllb-200-1.3B,17,Reversed,661,0.918439507484436
nllb200_1B,facebook/nllb-200-1.3B,17,Reversed,662,0.9253184795379639
nllb200_1B,facebook/nllb-200-1.3B,17,Reversed,663,0.9333118200302124
nllb200_1B,facebook/nllb-200-1.3B,17,Reversed,664,0.9395376443862915
nllb200_1B,facebook/nllb-200-1.3B,17,Reversed,665,0.9074801206588745
nllb200_1B,facebook/nllb-200-1.3B,17,Reversed,666,0.9522937536239624
nllb200_1B,facebook/nllb-200-1.3B,17,Reversed,667,0.9456207752227783
nllb200_1B,facebook/nllb-200-1.3B,17,Reversed,668,0.9400607347488403
nllb200_1B,facebook/nllb-200-1.3B,17,Reversed,669,0.9348262548446655
nllb200_1B,facebook/nllb-200-1.3B,17,Reversed,670,0.9472358226776123
nllb200_1B,facebook/nllb-200-1.3B,17,Reversed,671,0.9210723638534546
nllb200_1B,facebook/nllb-200-1.3B,17,Reversed,672,0.9291709661483765
nllb200_1B,facebook/nllb-200-1.3B,17,Reversed,673,0.9493796825408936
nllb200_1B,facebook/nllb-200-1.3B,17,Reversed,674,0.9444504976272583
nllb200_1B,facebook/nllb-200-1.3B,17,Reversed,675,0.9347771406173706
nllb200_1B,facebook/nllb-200-1.3B,17,Reversed,676,0.9288046360015869
nllb200_1B,facebook/nllb-200-1.3B,17,Reversed,677,0.9458106160163879
nllb200_1B,facebook/nllb-200-1.3B,17,Reversed,678,0.9820154905319214
nllb200_1B,facebook/nllb-200-1.3B,17,Reversed,679,0.9265768527984619
nllb200_1B,facebook/nllb-200-1.3B,17,Reversed,680,0.9336569309234619
nllb200_1B,facebook/nllb-200-1.3B,17,Reversed,681,0.946766197681427
nllb200_1B,facebook/nllb-200-1.3B,17,Reversed,682,0.9117950201034546
nllb200_1B,facebook/nllb-200-1.3B,17,Reversed,683,0.899571418762207
nllb200_1B,facebook/nllb-200-1.3B,17,Reversed,684,0.9509134292602539
nllb200_1B,facebook/nllb-200-1.3B,17,Reversed,685,0.8810768127441406
nllb200_1B,facebook/nllb-200-1.3B,17,Reversed,686,0.9458791017532349
nllb200_1B,facebook/nllb-200-1.3B,17,Reversed,687,0.9162002801895142
nllb200_1B,facebook/nllb-200-1.3B,17,Reversed,688,0.937037467956543
nllb200_1B,facebook/nllb-200-1.3B,17,Reversed,689,0.9530109167098999
nllb200_1B,facebook/nllb-200-1.3B,17,Reversed,690,0.9391515254974365
nllb200_1B,facebook/nllb-200-1.3B,17,Reversed,691,0.9491483569145203
nllb200_1B,facebook/nllb-200-1.3B,17,Reversed,692,0.9514545202255249
nllb200_1B,facebook/nllb-200-1.3B,17,Reversed,693,0.8671300411224365
nllb200_1B,facebook/nllb-200-1.3B,17,Reversed,694,0.9347034692764282
nllb200_1B,facebook/nllb-200-1.3B,17,Reversed,695,0.9509962797164917
nllb200_1B,facebook/nllb-200-1.3B,17,Reversed,696,0.9535967111587524
nllb200_1B,facebook/nllb-200-1.3B,17,Reversed,697,0.9259166717529297
nllb200_1B,facebook/nllb-200-1.3B,17,Reversed,698,0.9543328285217285
nllb200_1B,facebook/nllb-200-1.3B,17,Reversed,699,0.9456629157066345
nllb200_1B,facebook/nllb-200-1.3B,17,Reversed,700,0.9294862747192383
nllb200_1B,facebook/nllb-200-1.3B,17,Reversed,701,0.9314531087875366
nllb200_1B,facebook/nllb-200-1.3B,17,Reversed,702,0.9393225312232971
nllb200_1B,facebook/nllb-200-1.3B,17,Reversed,703,0.9466429948806763
nllb200_1B,facebook/nllb-200-1.3B,17,Reversed,704,0.9366930723190308
nllb200_1B,facebook/nllb-200-1.3B,17,Reversed,705,0.9306279420852661
nllb200_1B,facebook/nllb-200-1.3B,17,Reversed,706,0.9367001056671143
nllb200_1B,facebook/nllb-200-1.3B,17,Reversed,707,0.9041563272476196
nllb200_1B,facebook/nllb-200-1.3B,17,Reversed,708,0.9464186429977417
nllb200_1B,facebook/nllb-200-1.3B,17,Reversed,709,0.9212160110473633
nllb200_1B,facebook/nllb-200-1.3B,17,Reversed,710,0.9198313355445862
nllb200_1B,facebook/nllb-200-1.3B,17,Reversed,711,0.9286530017852783
nllb200_1B,facebook/nllb-200-1.3B,17,Reversed,712,0.9670082926750183
nllb200_1B,facebook/nllb-200-1.3B,17,Reversed,713,0.936533510684967
nllb200_1B,facebook/nllb-200-1.3B,17,Reversed,714,0.9051300883293152
nllb200_1B,facebook/nllb-200-1.3B,17,Reversed,715,0.9848779439926147
nllb200_1B,facebook/nllb-200-1.3B,17,Reversed,716,0.9158451557159424
nllb200_1B,facebook/nllb-200-1.3B,17,Reversed,717,0.9429854154586792
nllb200_1B,facebook/nllb-200-1.3B,17,Reversed,718,0.9419923424720764
nllb200_1B,facebook/nllb-200-1.3B,17,Reversed,719,0.8969844579696655
nllb200_1B,facebook/nllb-200-1.3B,17,Reversed,720,0.9299620985984802
nllb200_1B,facebook/nllb-200-1.3B,17,Reversed,721,0.9462096691131592
nllb200_1B,facebook/nllb-200-1.3B,17,Reversed,722,0.937731146812439
nllb200_1B,facebook/nllb-200-1.3B,17,Reversed,723,0.9367241859436035
nllb200_1B,facebook/nllb-200-1.3B,17,Reversed,724,0.9138212203979492
nllb200_1B,facebook/nllb-200-1.3B,17,Reversed,725,0.9324456453323364
nllb200_1B,facebook/nllb-200-1.3B,17,Reversed,726,0.7263178825378418
nllb200_1B,facebook/nllb-200-1.3B,17,Reversed,727,0.9383472204208374
nllb200_1B,facebook/nllb-200-1.3B,17,Reversed,728,0.9205248355865479
nllb200_1B,facebook/nllb-200-1.3B,17,Reversed,729,0.9381675720214844
nllb200_1B,facebook/nllb-200-1.3B,17,Reversed,730,0.9438878297805786
nllb200_1B,facebook/nllb-200-1.3B,17,Reversed,731,0.8788574934005737
nllb200_1B,facebook/nllb-200-1.3B,17,Reversed,732,0.9279599785804749
nllb200_1B,facebook/nllb-200-1.3B,17,Reversed,733,0.9332070350646973
nllb200_1B,facebook/nllb-200-1.3B,17,Reversed,734,0.9320118427276611
nllb200_1B,facebook/nllb-200-1.3B,17,Reversed,735,0.9362662434577942
nllb200_1B,facebook/nllb-200-1.3B,17,Reversed,736,0.940597653388977
nllb200_1B,facebook/nllb-200-1.3B,17,Reversed,737,0.9289734363555908
nllb200_1B,facebook/nllb-200-1.3B,17,Reversed,738,0.9456828832626343
nllb200_1B,facebook/nllb-200-1.3B,17,Reversed,739,0.6669985055923462
nllb200_1B,facebook/nllb-200-1.3B,17,Reversed,740,0.9404342174530029
nllb200_1B,facebook/nllb-200-1.3B,17,Reversed,741,0.9259228706359863
nllb200_1B,facebook/nllb-200-1.3B,17,Reversed,742,0.9292672276496887
nllb200_1B,facebook/nllb-200-1.3B,17,Reversed,743,0.9532821178436279
nllb200_1B,facebook/nllb-200-1.3B,17,Reversed,744,0.9450911283493042
nllb200_1B,facebook/nllb-200-1.3B,17,Reversed,745,0.9356484413146973
nllb200_1B,facebook/nllb-200-1.3B,17,Reversed,746,0.9712960720062256
nllb200_1B,facebook/nllb-200-1.3B,17,Reversed,747,0.9648371934890747
nllb200_1B,facebook/nllb-200-1.3B,17,Reversed,748,0.7536386251449585
nllb200_1B,facebook/nllb-200-1.3B,17,Reversed,749,0.9472519159317017
nllb200_1B,facebook/nllb-200-1.3B,17,Reversed,750,0.9321829080581665
nllb200_1B,facebook/nllb-200-1.3B,17,Reversed,751,0.7096828818321228
nllb200_1B,facebook/nllb-200-1.3B,17,Reversed,752,0.9385037422180176
nllb200_1B,facebook/nllb-200-1.3B,17,Reversed,753,0.7264230251312256
nllb200_1B,facebook/nllb-200-1.3B,17,Reversed,754,0.7590869665145874
nllb200_1B,facebook/nllb-200-1.3B,17,Reversed,755,0.9515306353569031
nllb200_1B,facebook/nllb-200-1.3B,17,Reversed,756,0.94027179479599
nllb200_1B,facebook/nllb-200-1.3B,17,Reversed,757,0.9320029020309448
nllb200_1B,facebook/nllb-200-1.3B,17,Reversed,758,0.6740696430206299
nllb200_1B,facebook/nllb-200-1.3B,17,Reversed,759,0.942875325679779
nllb200_1B,facebook/nllb-200-1.3B,17,Reversed,760,0.9344627261161804
nllb200_1B,facebook/nllb-200-1.3B,17,Reversed,761,0.8982092142105103
nllb200_1B,facebook/nllb-200-1.3B,17,Reversed,762,0.9140529036521912
nllb200_1B,facebook/nllb-200-1.3B,17,Reversed,763,0.9283552169799805
nllb200_1B,facebook/nllb-200-1.3B,17,Reversed,764,0.9213860630989075
nllb200_1B,facebook/nllb-200-1.3B,17,Reversed,765,0.9372490644454956
nllb200_1B,facebook/nllb-200-1.3B,17,Reversed,766,0.9537319540977478
nllb200_1B,facebook/nllb-200-1.3B,17,Reversed,767,0.9499642848968506
nllb200_1B,facebook/nllb-200-1.3B,17,Reversed,768,0.954498291015625
nllb200_1B,facebook/nllb-200-1.3B,17,Reversed,769,0.7139045000076294
nllb200_1B,facebook/nllb-200-1.3B,17,Reversed,770,0.5702284574508667
nllb200_1B,facebook/nllb-200-1.3B,17,Reversed,771,0.9322634935379028
nllb200_1B,facebook/nllb-200-1.3B,17,Reversed,772,0.9299226999282837
nllb200_1B,facebook/nllb-200-1.3B,17,Reversed,773,0.9105265140533447
nllb200_1B,facebook/nllb-200-1.3B,17,Reversed,774,0.9434007406234741
nllb200_1B,facebook/nllb-200-1.3B,17,Reversed,775,0.915038526058197
nllb200_1B,facebook/nllb-200-1.3B,17,Reversed,776,0.9385334849357605
nllb200_1B,facebook/nllb-200-1.3B,17,Reversed,777,0.926915168762207
nllb200_1B,facebook/nllb-200-1.3B,17,Reversed,778,0.8913675546646118
nllb200_1B,facebook/nllb-200-1.3B,17,Reversed,779,0.8162001967430115
nllb200_1B,facebook/nllb-200-1.3B,17,Reversed,780,0.9652402997016907
nllb200_1B,facebook/nllb-200-1.3B,17,Reversed,781,0.9572558403015137
nllb200_1B,facebook/nllb-200-1.3B,17,Reversed,782,0.9416370391845703
nllb200_1B,facebook/nllb-200-1.3B,17,Reversed,783,0.9386849403381348
nllb200_1B,facebook/nllb-200-1.3B,17,Reversed,784,0.9208770394325256
nllb200_1B,facebook/nllb-200-1.3B,17,Reversed,785,0.6698499321937561
nllb200_1B,facebook/nllb-200-1.3B,17,Reversed,786,0.955578088760376
nllb200_1B,facebook/nllb-200-1.3B,17,Reversed,787,0.9260704517364502
nllb200_1B,facebook/nllb-200-1.3B,17,Reversed,788,0.9539836645126343
nllb200_1B,facebook/nllb-200-1.3B,17,Reversed,789,0.6039299368858337
nllb200_1B,facebook/nllb-200-1.3B,17,Reversed,790,0.9198238849639893
nllb200_1B,facebook/nllb-200-1.3B,17,Reversed,791,0.6873013973236084
nllb200_1B,facebook/nllb-200-1.3B,17,Reversed,792,0.9252433776855469
nllb200_1B,facebook/nllb-200-1.3B,17,Reversed,793,0.5952562689781189
nllb200_1B,facebook/nllb-200-1.3B,17,Reversed,794,0.9441733360290527
nllb200_1B,facebook/nllb-200-1.3B,17,Reversed,795,0.9527283310890198
nllb200_1B,facebook/nllb-200-1.3B,17,Reversed,796,0.6446264386177063
nllb200_1B,facebook/nllb-200-1.3B,17,Reversed,797,0.9481179118156433
nllb200_1B,facebook/nllb-200-1.3B,17,Reversed,798,0.9382343888282776
nllb200_1B,facebook/nllb-200-1.3B,17,Reversed,799,0.94686359167099
nllb200_1B,facebook/nllb-200-1.3B,17,Reversed,800,0.9423108100891113
nllb200_1B,facebook/nllb-200-1.3B,17,Reversed,801,0.9132353067398071
nllb200_1B,facebook/nllb-200-1.3B,17,Reversed,802,0.9253463745117188
nllb200_1B,facebook/nllb-200-1.3B,17,Reversed,803,0.9543360471725464
nllb200_1B,facebook/nllb-200-1.3B,17,Reversed,804,0.5913732051849365
nllb200_1B,facebook/nllb-200-1.3B,17,Reversed,805,0.6121253967285156
nllb200_1B,facebook/nllb-200-1.3B,17,Reversed,806,0.6095626950263977
nllb200_1B,facebook/nllb-200-1.3B,17,Reversed,807,0.9454786777496338
nllb200_1B,facebook/nllb-200-1.3B,17,Reversed,808,0.7183989882469177
nllb200_1B,facebook/nllb-200-1.3B,17,Reversed,809,0.9375907182693481
nllb200_1B,facebook/nllb-200-1.3B,17,Reversed,810,0.9367308020591736
nllb200_1B,facebook/nllb-200-1.3B,17,Reversed,811,0.935115396976471
nllb200_1B,facebook/nllb-200-1.3B,17,Reversed,812,0.6617758870124817
nllb200_1B,facebook/nllb-200-1.3B,17,Reversed,813,0.7325602173805237
nllb200_1B,facebook/nllb-200-1.3B,17,Reversed,814,0.9414485692977905
nllb200_1B,facebook/nllb-200-1.3B,17,Reversed,815,0.9493674039840698
nllb200_1B,facebook/nllb-200-1.3B,17,Reversed,816,0.6208804845809937
nllb200_1B,facebook/nllb-200-1.3B,17,Reversed,817,0.9452242851257324
nllb200_1B,facebook/nllb-200-1.3B,17,Reversed,818,0.8915084600448608
nllb200_1B,facebook/nllb-200-1.3B,17,Reversed,819,0.9188570976257324
nllb200_1B,facebook/nllb-200-1.3B,17,Reversed,820,0.7726377844810486
nllb200_1B,facebook/nllb-200-1.3B,17,Reversed,821,0.9500020742416382
nllb200_1B,facebook/nllb-200-1.3B,17,Reversed,822,0.9444312453269958
nllb200_1B,facebook/nllb-200-1.3B,17,Reversed,823,0.9521726369857788
nllb200_1B,facebook/nllb-200-1.3B,17,Reversed,824,0.951876163482666
nllb200_1B,facebook/nllb-200-1.3B,17,Reversed,825,0.9074149131774902
nllb200_1B,facebook/nllb-200-1.3B,17,Reversed,826,0.9448847770690918
nllb200_1B,facebook/nllb-200-1.3B,17,Reversed,827,0.945240318775177
nllb200_1B,facebook/nllb-200-1.3B,17,Reversed,828,0.7489045858383179
nllb200_1B,facebook/nllb-200-1.3B,17,Reversed,829,0.9271513819694519
nllb200_1B,facebook/nllb-200-1.3B,17,Reversed,830,0.9382683038711548
nllb200_1B,facebook/nllb-200-1.3B,17,Reversed,831,0.8965272307395935
nllb200_1B,facebook/nllb-200-1.3B,17,Reversed,832,0.9505773782730103
nllb200_1B,facebook/nllb-200-1.3B,17,Reversed,833,0.9134196043014526
nllb200_1B,facebook/nllb-200-1.3B,17,Reversed,834,0.942563533782959
nllb200_1B,facebook/nllb-200-1.3B,17,Reversed,835,0.9477871060371399
nllb200_1B,facebook/nllb-200-1.3B,17,Reversed,836,0.9462220668792725
nllb200_1B,facebook/nllb-200-1.3B,17,Reversed,837,0.9461981654167175
nllb200_1B,facebook/nllb-200-1.3B,17,Reversed,838,0.9369131326675415
nllb200_1B,facebook/nllb-200-1.3B,17,Reversed,839,0.9298650026321411
nllb200_1B,facebook/nllb-200-1.3B,17,Reversed,840,0.9322897791862488
nllb200_1B,facebook/nllb-200-1.3B,17,Reversed,841,0.9420815706253052
nllb200_1B,facebook/nllb-200-1.3B,17,Reversed,842,0.9445630311965942
nllb200_1B,facebook/nllb-200-1.3B,17,Reversed,843,0.9420766830444336
nllb200_1B,facebook/nllb-200-1.3B,17,Reversed,844,0.9360494017601013
nllb200_1B,facebook/nllb-200-1.3B,17,Reversed,845,0.9340429306030273
nllb200_1B,facebook/nllb-200-1.3B,17,Reversed,846,0.9327563047409058
nllb200_1B,facebook/nllb-200-1.3B,17,Reversed,847,0.9130844473838806
nllb200_1B,facebook/nllb-200-1.3B,17,Reversed,848,0.9518502950668335
nllb200_1B,facebook/nllb-200-1.3B,17,Reversed,849,0.9360007047653198
nllb200_1B,facebook/nllb-200-1.3B,17,Reversed,850,0.9449993371963501
nllb200_1B,facebook/nllb-200-1.3B,17,Reversed,851,0.9357331991195679
nllb200_1B,facebook/nllb-200-1.3B,17,Reversed,852,0.953804612159729
nllb200_1B,facebook/nllb-200-1.3B,17,Reversed,853,0.9389451146125793
nllb200_1B,facebook/nllb-200-1.3B,17,Reversed,854,0.9257278442382812
nllb200_1B,facebook/nllb-200-1.3B,17,Reversed,855,0.9419258832931519
nllb200_1B,facebook/nllb-200-1.3B,17,Reversed,856,0.94605553150177
nllb200_1B,facebook/nllb-200-1.3B,17,Reversed,857,0.9310663938522339
nllb200_1B,facebook/nllb-200-1.3B,17,Reversed,858,0.95453941822052
nllb200_1B,facebook/nllb-200-1.3B,17,Reversed,859,0.9331905841827393
nllb200_1B,facebook/nllb-200-1.3B,17,Reversed,860,0.9328731894493103
nllb200_1B,facebook/nllb-200-1.3B,17,Reversed,861,0.9459395408630371
nllb200_1B,facebook/nllb-200-1.3B,17,Reversed,862,0.947284460067749
nllb200_1B,facebook/nllb-200-1.3B,17,Reversed,863,0.9214187264442444
nllb200_1B,facebook/nllb-200-1.3B,17,Reversed,864,0.9335413575172424
nllb200_1B,facebook/nllb-200-1.3B,17,Reversed,865,0.974136233329773
nllb200_1B,facebook/nllb-200-1.3B,17,Reversed,866,0.9524032473564148
nllb200_1B,facebook/nllb-200-1.3B,17,Reversed,867,0.9249758124351501
nllb200_1B,facebook/nllb-200-1.3B,17,Reversed,868,0.90941321849823
nllb200_1B,facebook/nllb-200-1.3B,17,Reversed,869,0.9410692453384399
nllb200_1B,facebook/nllb-200-1.3B,17,Reversed,870,0.9429399967193604
nllb200_1B,facebook/nllb-200-1.3B,17,Reversed,871,0.9367674589157104
nllb200_1B,facebook/nllb-200-1.3B,17,Reversed,872,0.9466561675071716
nllb200_1B,facebook/nllb-200-1.3B,17,Reversed,873,0.94687819480896
nllb200_1B,facebook/nllb-200-1.3B,17,Reversed,874,0.9462144374847412
nllb200_1B,facebook/nllb-200-1.3B,17,Reversed,875,0.9424149990081787
nllb200_1B,facebook/nllb-200-1.3B,17,Reversed,876,0.9296888113021851
nllb200_1B,facebook/nllb-200-1.3B,17,Reversed,877,0.9531355500221252
nllb200_1B,facebook/nllb-200-1.3B,17,Reversed,878,0.9389058351516724
nllb200_1B,facebook/nllb-200-1.3B,17,Reversed,879,0.9290452003479004
nllb200_1B,facebook/nllb-200-1.3B,17,Reversed,880,0.9345899820327759
nllb200_1B,facebook/nllb-200-1.3B,17,Reversed,881,0.9374098777770996
nllb200_1B,facebook/nllb-200-1.3B,17,Reversed,882,0.9352326393127441
nllb200_1B,facebook/nllb-200-1.3B,17,Reversed,883,0.9445986747741699
nllb200_1B,facebook/nllb-200-1.3B,17,Reversed,884,0.9497449398040771
nllb200_1B,facebook/nllb-200-1.3B,17,Reversed,885,0.9250642657279968
nllb200_1B,facebook/nllb-200-1.3B,17,Reversed,886,0.961227297782898
nllb200_1B,facebook/nllb-200-1.3B,17,Reversed,887,0.9067980051040649
nllb200_1B,facebook/nllb-200-1.3B,17,Reversed,888,0.8868435621261597
nllb200_1B,facebook/nllb-200-1.3B,17,Reversed,889,0.6927530765533447
nllb200_1B,facebook/nllb-200-1.3B,17,Reversed,890,0.9329813122749329
nllb200_1B,facebook/nllb-200-1.3B,17,Reversed,891,0.9274622201919556
nllb200_1B,facebook/nllb-200-1.3B,17,Reversed,892,0.9022513628005981
nllb200_1B,facebook/nllb-200-1.3B,17,Reversed,893,0.9483531713485718
nllb200_1B,facebook/nllb-200-1.3B,17,Reversed,894,0.6667925119400024
nllb200_1B,facebook/nllb-200-1.3B,17,Reversed,895,0.9463579654693604
nllb200_1B,facebook/nllb-200-1.3B,17,Reversed,896,0.942033052444458
nllb200_1B,facebook/nllb-200-1.3B,17,Reversed,897,0.9553691148757935
nllb200_1B,facebook/nllb-200-1.3B,17,Reversed,898,0.9226102232933044
nllb200_1B,facebook/nllb-200-1.3B,17,Reversed,899,0.9140658378601074
nllb200_1B,facebook/nllb-200-1.3B,17,Reversed,900,0.732082724571228
nllb200_1B,facebook/nllb-200-1.3B,17,Reversed,901,0.9523906111717224
nllb200_1B,facebook/nllb-200-1.3B,17,Reversed,902,0.655385434627533
nllb200_1B,facebook/nllb-200-1.3B,17,Reversed,903,0.9278668165206909
nllb200_1B,facebook/nllb-200-1.3B,17,Reversed,904,0.9448235034942627
nllb200_1B,facebook/nllb-200-1.3B,17,Reversed,905,0.7416156530380249
nllb200_1B,facebook/nllb-200-1.3B,17,Reversed,906,0.9597686529159546
nllb200_1B,facebook/nllb-200-1.3B,17,Reversed,907,0.9138375520706177
nllb200_1B,facebook/nllb-200-1.3B,17,Reversed,908,0.956222653388977
nllb200_1B,facebook/nllb-200-1.3B,17,Reversed,909,0.7405413389205933
nllb200_1B,facebook/nllb-200-1.3B,17,Reversed,910,0.9075990915298462
nllb200_1B,facebook/nllb-200-1.3B,17,Reversed,911,0.7222468256950378
nllb200_1B,facebook/nllb-200-1.3B,17,Reversed,912,0.7475793361663818
nllb200_1B,facebook/nllb-200-1.3B,17,Reversed,913,0.9438179135322571
nllb200_1B,facebook/nllb-200-1.3B,17,Reversed,914,0.9420670866966248
nllb200_1B,facebook/nllb-200-1.3B,17,Reversed,915,0.7470459342002869
nllb200_1B,facebook/nllb-200-1.3B,17,Reversed,916,0.9468786716461182
nllb200_1B,facebook/nllb-200-1.3B,17,Reversed,917,0.9539152383804321
nllb200_1B,facebook/nllb-200-1.3B,17,Reversed,918,0.9364144802093506
nllb200_1B,facebook/nllb-200-1.3B,17,Reversed,919,0.6540728807449341
nllb200_1B,facebook/nllb-200-1.3B,17,Reversed,920,0.9126183986663818
nllb200_1B,facebook/nllb-200-1.3B,17,Reversed,921,0.6771935224533081
nllb200_1B,facebook/nllb-200-1.3B,17,Reversed,922,0.9532899856567383
nllb200_1B,facebook/nllb-200-1.3B,17,Reversed,923,0.9427393674850464
nllb200_1B,facebook/nllb-200-1.3B,17,Reversed,924,0.9261788129806519
nllb200_1B,facebook/nllb-200-1.3B,17,Reversed,925,0.9465076327323914
nllb200_1B,facebook/nllb-200-1.3B,17,Reversed,926,0.9341780543327332
nllb200_1B,facebook/nllb-200-1.3B,17,Reversed,927,0.9267122149467468
nllb200_1B,facebook/nllb-200-1.3B,17,Reversed,928,0.9341002702713013
nllb200_1B,facebook/nllb-200-1.3B,17,Reversed,929,0.8915119767189026
nllb200_1B,facebook/nllb-200-1.3B,17,Reversed,930,0.9493209719657898
nllb200_1B,facebook/nllb-200-1.3B,17,Reversed,931,0.9553440809249878
nllb200_1B,facebook/nllb-200-1.3B,17,Reversed,932,0.9384418725967407
nllb200_1B,facebook/nllb-200-1.3B,17,Reversed,933,0.9468472599983215
nllb200_1B,facebook/nllb-200-1.3B,17,Reversed,934,0.9100018739700317
nllb200_1B,facebook/nllb-200-1.3B,17,Reversed,935,0.9355076551437378
nllb200_1B,facebook/nllb-200-1.3B,17,Reversed,936,0.9330032467842102
nllb200_1B,facebook/nllb-200-1.3B,17,Reversed,937,0.833320140838623
nllb200_1B,facebook/nllb-200-1.3B,17,Reversed,938,0.94110107421875
nllb200_1B,facebook/nllb-200-1.3B,17,Reversed,939,0.6759848594665527
nllb200_1B,facebook/nllb-200-1.3B,17,Reversed,940,0.9303508996963501
nllb200_1B,facebook/nllb-200-1.3B,17,Reversed,941,0.9425719976425171
nllb200_1B,facebook/nllb-200-1.3B,17,Reversed,942,0.9419275522232056
nllb200_1B,facebook/nllb-200-1.3B,17,Reversed,943,0.9375052452087402
nllb200_1B,facebook/nllb-200-1.3B,17,Reversed,944,0.9209932088851929
nllb200_1B,facebook/nllb-200-1.3B,17,Reversed,945,0.9456934332847595
nllb200_1B,facebook/nllb-200-1.3B,17,Reversed,946,0.9480336904525757
nllb200_1B,facebook/nllb-200-1.3B,17,Reversed,947,0.9472053050994873
nllb200_1B,facebook/nllb-200-1.3B,17,Reversed,948,0.9442852139472961
nllb200_1B,facebook/nllb-200-1.3B,17,Reversed,949,0.9594541788101196
nllb200_1B,facebook/nllb-200-1.3B,17,Reversed,950,0.9420523047447205
nllb200_1B,facebook/nllb-200-1.3B,17,Reversed,951,0.9586148262023926
nllb200_1B,facebook/nllb-200-1.3B,17,Reversed,952,0.9280260801315308
nllb200_1B,facebook/nllb-200-1.3B,17,Reversed,953,0.9510018825531006
nllb200_1B,facebook/nllb-200-1.3B,17,Reversed,954,0.9232202172279358
nllb200_1B,facebook/nllb-200-1.3B,17,Reversed,955,0.9287225008010864
nllb200_1B,facebook/nllb-200-1.3B,17,Reversed,956,0.9524403810501099
nllb200_1B,facebook/nllb-200-1.3B,17,Reversed,957,0.9492913484573364
nllb200_1B,facebook/nllb-200-1.3B,17,Reversed,958,0.9230165481567383
nllb200_1B,facebook/nllb-200-1.3B,17,Reversed,959,0.9122437238693237
nllb200_1B,facebook/nllb-200-1.3B,17,Reversed,960,0.9587123394012451
nllb200_1B,facebook/nllb-200-1.3B,17,Reversed,961,0.9497609734535217
nllb200_1B,facebook/nllb-200-1.3B,17,Reversed,962,0.9438319206237793
nllb200_1B,facebook/nllb-200-1.3B,17,Reversed,963,0.9411245584487915
nllb200_1B,facebook/nllb-200-1.3B,17,Reversed,964,0.9444969892501831
nllb200_1B,facebook/nllb-200-1.3B,17,Reversed,965,0.9452915191650391
nllb200_1B,facebook/nllb-200-1.3B,17,Reversed,966,0.8915364742279053
nllb200_1B,facebook/nllb-200-1.3B,17,Reversed,967,0.9102356433868408
nllb200_1B,facebook/nllb-200-1.3B,17,Reversed,968,0.942528247833252
nllb200_1B,facebook/nllb-200-1.3B,17,Reversed,969,0.9474506378173828
nllb200_1B,facebook/nllb-200-1.3B,17,Reversed,970,0.6440404653549194
nllb200_1B,facebook/nllb-200-1.3B,17,Reversed,971,0.9620348215103149
nllb200_1B,facebook/nllb-200-1.3B,17,Reversed,972,0.9697960615158081
nllb200_1B,facebook/nllb-200-1.3B,17,Reversed,973,0.7495607733726501
nllb200_1B,facebook/nllb-200-1.3B,17,Reversed,974,0.9437135457992554
nllb200_1B,facebook/nllb-200-1.3B,17,Reversed,975,0.9201623201370239
nllb200_1B,facebook/nllb-200-1.3B,17,Reversed,976,0.9391723871231079
nllb200_1B,facebook/nllb-200-1.3B,17,Reversed,977,0.9381376504898071
nllb200_1B,facebook/nllb-200-1.3B,17,Reversed,978,0.94300377368927
nllb200_1B,facebook/nllb-200-1.3B,17,Reversed,979,0.9418940544128418
nllb200_1B,facebook/nllb-200-1.3B,17,Reversed,980,0.9430190324783325
nllb200_1B,facebook/nllb-200-1.3B,17,Reversed,981,0.9770865440368652
nllb200_1B,facebook/nllb-200-1.3B,17,Reversed,982,0.934998631477356
nllb200_1B,facebook/nllb-200-1.3B,17,Reversed,983,0.9471139907836914
nllb200_1B,facebook/nllb-200-1.3B,17,Reversed,984,0.9105469584465027
nllb200_1B,facebook/nllb-200-1.3B,17,Reversed,985,0.9475500583648682
nllb200_1B,facebook/nllb-200-1.3B,17,Reversed,986,0.9197547435760498
nllb200_1B,facebook/nllb-200-1.3B,17,Reversed,987,0.9470586180686951
nllb200_1B,facebook/nllb-200-1.3B,17,Reversed,988,0.9576877355575562
nllb200_1B,facebook/nllb-200-1.3B,17,Reversed,989,0.9430069923400879
nllb200_1B,facebook/nllb-200-1.3B,17,Reversed,990,0.9424141645431519
nllb200_1B,facebook/nllb-200-1.3B,17,Reversed,991,0.9088653922080994
nllb200_1B,facebook/nllb-200-1.3B,17,Reversed,992,0.9401079416275024
nllb200_1B,facebook/nllb-200-1.3B,17,Reversed,993,0.7212048172950745
nllb200_1B,facebook/nllb-200-1.3B,17,Reversed,994,0.9625569581985474
nllb200_1B,facebook/nllb-200-1.3B,17,Reversed,995,0.9313936233520508
nllb200_1B,facebook/nllb-200-1.3B,17,Reversed,996,0.7686737775802612
nllb200_1B,facebook/nllb-200-1.3B,17,Reversed,997,0.978399932384491
nllb200_1B,facebook/nllb-200-1.3B,17,Reversed,998,0.9438682794570923
nllb200_1B,facebook/nllb-200-1.3B,17,Reversed,999,0.9284192323684692
nllb200_1B,facebook/nllb-200-1.3B,17,paraphrase,0,0.9230163097381592
nllb200_1B,facebook/nllb-200-1.3B,17,paraphrase,1,0.7977477312088013
nllb200_1B,facebook/nllb-200-1.3B,17,paraphrase,2,0.9197961091995239
nllb200_1B,facebook/nllb-200-1.3B,17,paraphrase,3,0.9327492713928223
nllb200_1B,facebook/nllb-200-1.3B,17,paraphrase,4,0.9276266098022461
nllb200_1B,facebook/nllb-200-1.3B,17,paraphrase,5,0.9184175729751587
nllb200_1B,facebook/nllb-200-1.3B,17,paraphrase,6,0.9212328195571899
nllb200_1B,facebook/nllb-200-1.3B,17,paraphrase,7,0.9269916415214539
nllb200_1B,facebook/nllb-200-1.3B,17,paraphrase,8,0.9168738126754761
nllb200_1B,facebook/nllb-200-1.3B,17,paraphrase,9,0.9319651126861572
nllb200_1B,facebook/nllb-200-1.3B,17,paraphrase,10,0.9191327691078186
nllb200_1B,facebook/nllb-200-1.3B,17,paraphrase,11,0.9447883367538452
nllb200_1B,facebook/nllb-200-1.3B,17,paraphrase,12,0.9226917028427124
nllb200_1B,facebook/nllb-200-1.3B,17,paraphrase,13,0.920677125453949
nllb200_1B,facebook/nllb-200-1.3B,17,paraphrase,14,0.920961856842041
nllb200_1B,facebook/nllb-200-1.3B,17,paraphrase,15,0.9291766285896301
nllb200_1B,facebook/nllb-200-1.3B,17,paraphrase,16,0.9198286533355713
nllb200_1B,facebook/nllb-200-1.3B,17,paraphrase,17,0.9213038682937622
nllb200_1B,facebook/nllb-200-1.3B,17,paraphrase,18,0.9080543518066406
nllb200_1B,facebook/nllb-200-1.3B,17,paraphrase,19,0.9238815307617188
nllb200_1B,facebook/nllb-200-1.3B,17,paraphrase,20,0.9258936643600464
nllb200_1B,facebook/nllb-200-1.3B,17,paraphrase,21,0.931746780872345
nllb200_1B,facebook/nllb-200-1.3B,17,paraphrase,22,0.9555439949035645
nllb200_1B,facebook/nllb-200-1.3B,17,paraphrase,23,0.9507662057876587
nllb200_1B,facebook/nllb-200-1.3B,17,paraphrase,24,0.9308981895446777
nllb200_1B,facebook/nllb-200-1.3B,17,paraphrase,25,0.927456259727478
nllb200_1B,facebook/nllb-200-1.3B,17,paraphrase,26,0.9143399000167847
nllb200_1B,facebook/nllb-200-1.3B,17,paraphrase,27,0.9238253831863403
nllb200_1B,facebook/nllb-200-1.3B,17,paraphrase,28,0.9511391520500183
nllb200_1B,facebook/nllb-200-1.3B,17,paraphrase,29,0.9436272978782654
nllb200_1B,facebook/nllb-200-1.3B,17,paraphrase,30,0.9012489318847656
nllb200_1B,facebook/nllb-200-1.3B,17,paraphrase,31,0.9386603236198425
nllb200_1B,facebook/nllb-200-1.3B,17,paraphrase,32,0.9363986253738403
nllb200_1B,facebook/nllb-200-1.3B,17,paraphrase,33,0.9276313185691833
nllb200_1B,facebook/nllb-200-1.3B,17,paraphrase,34,0.9202865362167358
nllb200_1B,facebook/nllb-200-1.3B,17,paraphrase,35,0.9383900165557861
nllb200_1B,facebook/nllb-200-1.3B,17,paraphrase,36,0.9347339868545532
nllb200_1B,facebook/nllb-200-1.3B,17,paraphrase,37,0.9162982702255249
nllb200_1B,facebook/nllb-200-1.3B,17,paraphrase,38,0.936845600605011
nllb200_1B,facebook/nllb-200-1.3B,17,paraphrase,39,0.9084817171096802
nllb200_1B,facebook/nllb-200-1.3B,17,paraphrase,40,0.9425602555274963
nllb200_1B,facebook/nllb-200-1.3B,17,paraphrase,41,0.9435696601867676
nllb200_1B,facebook/nllb-200-1.3B,17,paraphrase,42,0.8104456067085266
nllb200_1B,facebook/nllb-200-1.3B,17,paraphrase,43,0.9579243063926697
nllb200_1B,facebook/nllb-200-1.3B,17,paraphrase,44,0.9375731945037842
nllb200_1B,facebook/nllb-200-1.3B,17,paraphrase,45,0.9533593058586121
nllb200_1B,facebook/nllb-200-1.3B,17,paraphrase,46,0.9550262093544006
nllb200_1B,facebook/nllb-200-1.3B,17,paraphrase,47,0.9229951500892639
nllb200_1B,facebook/nllb-200-1.3B,17,paraphrase,48,0.9217261075973511
nllb200_1B,facebook/nllb-200-1.3B,17,paraphrase,49,0.9074727296829224
nllb200_1B,facebook/nllb-200-1.3B,17,paraphrase,50,0.931950032711029
nllb200_1B,facebook/nllb-200-1.3B,17,paraphrase,51,0.9605381488800049
nllb200_1B,facebook/nllb-200-1.3B,17,paraphrase,52,0.9327741861343384
nllb200_1B,facebook/nllb-200-1.3B,17,paraphrase,53,0.9008104801177979
nllb200_1B,facebook/nllb-200-1.3B,17,paraphrase,54,0.9569413661956787
nllb200_1B,facebook/nllb-200-1.3B,17,paraphrase,55,0.9408830404281616
nllb200_1B,facebook/nllb-200-1.3B,17,paraphrase,56,0.9394904375076294
nllb200_1B,facebook/nllb-200-1.3B,17,paraphrase,57,0.9484068155288696
nllb200_1B,facebook/nllb-200-1.3B,17,paraphrase,58,0.9076055288314819
nllb200_1B,facebook/nllb-200-1.3B,17,paraphrase,59,0.9591374397277832
nllb200_1B,facebook/nllb-200-1.3B,17,paraphrase,60,0.9357762336730957
nllb200_1B,facebook/nllb-200-1.3B,17,paraphrase,61,0.9395978450775146
nllb200_1B,facebook/nllb-200-1.3B,17,paraphrase,62,0.891753613948822
nllb200_1B,facebook/nllb-200-1.3B,17,paraphrase,63,0.9025469422340393
nllb200_1B,facebook/nllb-200-1.3B,17,paraphrase,64,0.922637939453125
nllb200_1B,facebook/nllb-200-1.3B,17,paraphrase,65,0.9301271438598633
nllb200_1B,facebook/nllb-200-1.3B,17,paraphrase,66,0.9235728979110718
nllb200_1B,facebook/nllb-200-1.3B,17,paraphrase,67,0.9269803762435913
nllb200_1B,facebook/nllb-200-1.3B,17,paraphrase,68,0.9455510377883911
nllb200_1B,facebook/nllb-200-1.3B,17,paraphrase,69,0.6593319177627563
nllb200_1B,facebook/nllb-200-1.3B,17,paraphrase,70,0.9144703149795532
nllb200_1B,facebook/nllb-200-1.3B,17,paraphrase,71,0.9490249156951904
nllb200_1B,facebook/nllb-200-1.3B,17,paraphrase,72,0.9571199417114258
nllb200_1B,facebook/nllb-200-1.3B,17,paraphrase,73,0.8564432263374329
nllb200_1B,facebook/nllb-200-1.3B,17,paraphrase,74,0.9509574770927429
nllb200_1B,facebook/nllb-200-1.3B,17,paraphrase,75,0.9215116500854492
nllb200_1B,facebook/nllb-200-1.3B,17,paraphrase,76,0.6893033385276794
nllb200_1B,facebook/nllb-200-1.3B,17,paraphrase,77,0.9415913820266724
nllb200_1B,facebook/nllb-200-1.3B,17,paraphrase,78,0.7770014405250549
nllb200_1B,facebook/nllb-200-1.3B,17,paraphrase,79,0.9369478225708008
nllb200_1B,facebook/nllb-200-1.3B,17,paraphrase,80,0.944482684135437
nllb200_1B,facebook/nllb-200-1.3B,17,paraphrase,81,0.7676750421524048
nllb200_1B,facebook/nllb-200-1.3B,17,paraphrase,82,0.9102605581283569
nllb200_1B,facebook/nllb-200-1.3B,17,paraphrase,83,0.8194477558135986
nllb200_1B,facebook/nllb-200-1.3B,17,paraphrase,84,0.9356674551963806
nllb200_1B,facebook/nllb-200-1.3B,17,paraphrase,85,0.9110957384109497
nllb200_1B,facebook/nllb-200-1.3B,17,paraphrase,86,0.9347650408744812
nllb200_1B,facebook/nllb-200-1.3B,17,paraphrase,87,0.8104561567306519
nllb200_1B,facebook/nllb-200-1.3B,17,paraphrase,88,0.9481160640716553
nllb200_1B,facebook/nllb-200-1.3B,17,paraphrase,89,0.8961474895477295
nllb200_1B,facebook/nllb-200-1.3B,17,paraphrase,90,0.9093924760818481
nllb200_1B,facebook/nllb-200-1.3B,17,paraphrase,91,0.9436744451522827
nllb200_1B,facebook/nllb-200-1.3B,17,paraphrase,92,0.7204164266586304
nllb200_1B,facebook/nllb-200-1.3B,17,paraphrase,93,0.6746164560317993
nllb200_1B,facebook/nllb-200-1.3B,17,paraphrase,94,0.9382146596908569
nllb200_1B,facebook/nllb-200-1.3B,17,paraphrase,95,0.9447888731956482
nllb200_1B,facebook/nllb-200-1.3B,17,paraphrase,96,0.9308972358703613
nllb200_1B,facebook/nllb-200-1.3B,17,paraphrase,97,0.9459037780761719
nllb200_1B,facebook/nllb-200-1.3B,17,paraphrase,98,0.7080402374267578
nllb200_1B,facebook/nllb-200-1.3B,17,paraphrase,99,0.9458701610565186
nllb200_1B,facebook/nllb-200-1.3B,17,paraphrase,100,0.9330337047576904
nllb200_1B,facebook/nllb-200-1.3B,17,paraphrase,101,0.7031152248382568
nllb200_1B,facebook/nllb-200-1.3B,17,paraphrase,102,0.688524603843689
nllb200_1B,facebook/nllb-200-1.3B,17,paraphrase,103,0.9185123443603516
nllb200_1B,facebook/nllb-200-1.3B,17,paraphrase,104,0.8980199098587036
nllb200_1B,facebook/nllb-200-1.3B,17,paraphrase,105,0.9376975297927856
nllb200_1B,facebook/nllb-200-1.3B,17,paraphrase,106,0.9465588331222534
nllb200_1B,facebook/nllb-200-1.3B,17,paraphrase,107,0.7828428745269775
nllb200_1B,facebook/nllb-200-1.3B,17,paraphrase,108,0.9377246499061584
nllb200_1B,facebook/nllb-200-1.3B,17,paraphrase,109,0.9323610663414001
nllb200_1B,facebook/nllb-200-1.3B,17,paraphrase,110,0.9493561387062073
nllb200_1B,facebook/nllb-200-1.3B,17,paraphrase,111,0.9316635131835938
nllb200_1B,facebook/nllb-200-1.3B,17,paraphrase,112,0.9278560876846313
nllb200_1B,facebook/nllb-200-1.3B,17,paraphrase,113,0.918619692325592
nllb200_1B,facebook/nllb-200-1.3B,17,paraphrase,114,0.9123110771179199
nllb200_1B,facebook/nllb-200-1.3B,17,paraphrase,115,0.9476068019866943
nllb200_1B,facebook/nllb-200-1.3B,17,paraphrase,116,0.8702099323272705
nllb200_1B,facebook/nllb-200-1.3B,17,paraphrase,117,0.9297437071800232
nllb200_1B,facebook/nllb-200-1.3B,17,paraphrase,118,0.9472912549972534
nllb200_1B,facebook/nllb-200-1.3B,17,paraphrase,119,0.9520211815834045
nllb200_1B,facebook/nllb-200-1.3B,17,paraphrase,120,0.9164877533912659
nllb200_1B,facebook/nllb-200-1.3B,17,paraphrase,121,0.8819979429244995
nllb200_1B,facebook/nllb-200-1.3B,17,paraphrase,122,0.909223198890686
nllb200_1B,facebook/nllb-200-1.3B,17,paraphrase,123,0.9405134320259094
nllb200_1B,facebook/nllb-200-1.3B,17,paraphrase,124,0.9440405964851379
nllb200_1B,facebook/nllb-200-1.3B,17,paraphrase,125,0.9294530153274536
nllb200_1B,facebook/nllb-200-1.3B,17,paraphrase,126,0.9289210438728333
nllb200_1B,facebook/nllb-200-1.3B,17,paraphrase,127,0.9159623980522156
nllb200_1B,facebook/nllb-200-1.3B,17,paraphrase,128,0.8984650373458862
nllb200_1B,facebook/nllb-200-1.3B,17,paraphrase,129,0.9432477951049805
nllb200_1B,facebook/nllb-200-1.3B,17,paraphrase,130,0.9414347410202026
nllb200_1B,facebook/nllb-200-1.3B,17,paraphrase,131,0.8638139963150024
nllb200_1B,facebook/nllb-200-1.3B,17,paraphrase,132,0.8858705759048462
nllb200_1B,facebook/nllb-200-1.3B,17,paraphrase,133,0.91436767578125
nllb200_1B,facebook/nllb-200-1.3B,17,paraphrase,134,0.9366270303726196
nllb200_1B,facebook/nllb-200-1.3B,17,paraphrase,135,0.9254553318023682
nllb200_1B,facebook/nllb-200-1.3B,17,paraphrase,136,0.9042010307312012
nllb200_1B,facebook/nllb-200-1.3B,17,paraphrase,137,0.9182448387145996
nllb200_1B,facebook/nllb-200-1.3B,17,paraphrase,138,0.9356563091278076
nllb200_1B,facebook/nllb-200-1.3B,17,paraphrase,139,0.9066611528396606
nllb200_1B,facebook/nllb-200-1.3B,17,paraphrase,140,0.9362178444862366
nllb200_1B,facebook/nllb-200-1.3B,17,paraphrase,141,0.9364686608314514
nllb200_1B,facebook/nllb-200-1.3B,17,paraphrase,142,0.9294269680976868
nllb200_1B,facebook/nllb-200-1.3B,17,paraphrase,143,0.8779087662696838
nllb200_1B,facebook/nllb-200-1.3B,17,paraphrase,144,0.9281573295593262
nllb200_1B,facebook/nllb-200-1.3B,17,paraphrase,145,0.9168423414230347
nllb200_1B,facebook/nllb-200-1.3B,17,paraphrase,146,0.9461545944213867
nllb200_1B,facebook/nllb-200-1.3B,17,paraphrase,147,0.9342240691184998
nllb200_1B,facebook/nllb-200-1.3B,17,paraphrase,148,0.9317078590393066
nllb200_1B,facebook/nllb-200-1.3B,17,paraphrase,149,0.9478871822357178
nllb200_1B,facebook/nllb-200-1.3B,17,paraphrase,150,0.9361361265182495
nllb200_1B,facebook/nllb-200-1.3B,17,paraphrase,151,0.8809661865234375
nllb200_1B,facebook/nllb-200-1.3B,17,paraphrase,152,0.9120362997055054
nllb200_1B,facebook/nllb-200-1.3B,17,paraphrase,153,0.883345365524292
nllb200_1B,facebook/nllb-200-1.3B,17,paraphrase,154,0.9158806800842285
nllb200_1B,facebook/nllb-200-1.3B,17,paraphrase,155,0.9402403831481934
nllb200_1B,facebook/nllb-200-1.3B,17,paraphrase,156,0.963416337966919
nllb200_1B,facebook/nllb-200-1.3B,17,paraphrase,157,0.9324883222579956
nllb200_1B,facebook/nllb-200-1.3B,17,paraphrase,158,0.911983072757721
nllb200_1B,facebook/nllb-200-1.3B,17,paraphrase,159,0.957544207572937
nllb200_1B,facebook/nllb-200-1.3B,17,paraphrase,160,0.8869672417640686
nllb200_1B,facebook/nllb-200-1.3B,17,paraphrase,161,0.9179749488830566
nllb200_1B,facebook/nllb-200-1.3B,17,paraphrase,162,0.897046685218811
nllb200_1B,facebook/nllb-200-1.3B,17,paraphrase,163,0.9240062236785889
nllb200_1B,facebook/nllb-200-1.3B,17,paraphrase,164,0.9217202067375183
nllb200_1B,facebook/nllb-200-1.3B,17,paraphrase,165,0.957649827003479
nllb200_1B,facebook/nllb-200-1.3B,17,paraphrase,166,0.9340373277664185
nllb200_1B,facebook/nllb-200-1.3B,17,paraphrase,167,0.9334885478019714
nllb200_1B,facebook/nllb-200-1.3B,17,paraphrase,168,0.9156250953674316
nllb200_1B,facebook/nllb-200-1.3B,17,paraphrase,169,0.9432905316352844
nllb200_1B,facebook/nllb-200-1.3B,17,paraphrase,170,0.9390581250190735
nllb200_1B,facebook/nllb-200-1.3B,17,paraphrase,171,0.9315924048423767
nllb200_1B,facebook/nllb-200-1.3B,17,paraphrase,172,0.8992761373519897
nllb200_1B,facebook/nllb-200-1.3B,17,paraphrase,173,0.9249704480171204
nllb200_1B,facebook/nllb-200-1.3B,17,paraphrase,174,0.9405422210693359
nllb200_1B,facebook/nllb-200-1.3B,17,paraphrase,175,0.94221431016922
nllb200_1B,facebook/nllb-200-1.3B,17,paraphrase,176,0.9147413969039917
nllb200_1B,facebook/nllb-200-1.3B,17,paraphrase,177,0.9472276568412781
nllb200_1B,facebook/nllb-200-1.3B,17,paraphrase,178,0.896073579788208
nllb200_1B,facebook/nllb-200-1.3B,17,paraphrase,179,0.9050670266151428
nllb200_1B,facebook/nllb-200-1.3B,17,paraphrase,180,0.9079461693763733
nllb200_1B,facebook/nllb-200-1.3B,17,paraphrase,181,0.6663541793823242
nllb200_1B,facebook/nllb-200-1.3B,17,paraphrase,182,0.9323481321334839
nllb200_1B,facebook/nllb-200-1.3B,17,paraphrase,183,0.8845503330230713
nllb200_1B,facebook/nllb-200-1.3B,17,paraphrase,184,0.9073646068572998
nllb200_1B,facebook/nllb-200-1.3B,17,paraphrase,185,0.7322046756744385
nllb200_1B,facebook/nllb-200-1.3B,17,paraphrase,186,0.8938106298446655
nllb200_1B,facebook/nllb-200-1.3B,17,paraphrase,187,0.7372457981109619
nllb200_1B,facebook/nllb-200-1.3B,17,paraphrase,188,0.9104654788970947
nllb200_1B,facebook/nllb-200-1.3B,17,paraphrase,189,0.9464444518089294
nllb200_1B,facebook/nllb-200-1.3B,17,paraphrase,190,0.8740658164024353
nllb200_1B,facebook/nllb-200-1.3B,17,paraphrase,191,0.9029548168182373
nllb200_1B,facebook/nllb-200-1.3B,17,paraphrase,192,0.9420463442802429
nllb200_1B,facebook/nllb-200-1.3B,17,paraphrase,193,0.9365222454071045
nllb200_1B,facebook/nllb-200-1.3B,17,paraphrase,194,0.9387326240539551
nllb200_1B,facebook/nllb-200-1.3B,17,paraphrase,195,0.7657622694969177
nllb200_1B,facebook/nllb-200-1.3B,17,paraphrase,196,0.9310964345932007
nllb200_1B,facebook/nllb-200-1.3B,17,paraphrase,197,0.7067133784294128
nllb200_1B,facebook/nllb-200-1.3B,17,paraphrase,198,0.753520667552948
nllb200_1B,facebook/nllb-200-1.3B,17,paraphrase,199,0.912929892539978
nllb200_1B,facebook/nllb-200-1.3B,17,paraphrase,200,0.9369996786117554
nllb200_1B,facebook/nllb-200-1.3B,17,paraphrase,201,0.9114491939544678
nllb200_1B,facebook/nllb-200-1.3B,17,paraphrase,202,0.9390352964401245
nllb200_1B,facebook/nllb-200-1.3B,17,paraphrase,203,0.9137871265411377
nllb200_1B,facebook/nllb-200-1.3B,17,paraphrase,204,0.9376792311668396
nllb200_1B,facebook/nllb-200-1.3B,17,paraphrase,205,0.9271490573883057
nllb200_1B,facebook/nllb-200-1.3B,17,paraphrase,206,0.9117835760116577
nllb200_1B,facebook/nllb-200-1.3B,17,paraphrase,207,0.9238099455833435
nllb200_1B,facebook/nllb-200-1.3B,17,paraphrase,208,0.9117774963378906
nllb200_1B,facebook/nllb-200-1.3B,17,paraphrase,209,0.9355047345161438
nllb200_1B,facebook/nllb-200-1.3B,17,paraphrase,210,0.9299402236938477
nllb200_1B,facebook/nllb-200-1.3B,17,paraphrase,211,0.9167141914367676
nllb200_1B,facebook/nllb-200-1.3B,17,paraphrase,212,0.9119699001312256
nllb200_1B,facebook/nllb-200-1.3B,17,paraphrase,213,0.9170845746994019
nllb200_1B,facebook/nllb-200-1.3B,17,paraphrase,214,0.9240182042121887
nllb200_1B,facebook/nllb-200-1.3B,17,paraphrase,215,0.9335591197013855
nllb200_1B,facebook/nllb-200-1.3B,17,paraphrase,216,0.7471229434013367
nllb200_1B,facebook/nllb-200-1.3B,17,paraphrase,217,0.6649454236030579
nllb200_1B,facebook/nllb-200-1.3B,17,paraphrase,218,0.9360525012016296
nllb200_1B,facebook/nllb-200-1.3B,17,paraphrase,219,0.9103896617889404
nllb200_1B,facebook/nllb-200-1.3B,17,paraphrase,220,0.9293555021286011
nllb200_1B,facebook/nllb-200-1.3B,17,paraphrase,221,0.9375487565994263
nllb200_1B,facebook/nllb-200-1.3B,17,paraphrase,222,0.9501248598098755
nllb200_1B,facebook/nllb-200-1.3B,17,paraphrase,223,0.6307172179222107
nllb200_1B,facebook/nllb-200-1.3B,17,paraphrase,224,0.9498087167739868
nllb200_1B,facebook/nllb-200-1.3B,17,paraphrase,225,0.6436333656311035
nllb200_1B,facebook/nllb-200-1.3B,17,paraphrase,226,0.9499402046203613
nllb200_1B,facebook/nllb-200-1.3B,17,paraphrase,227,0.9358841776847839
nllb200_1B,facebook/nllb-200-1.3B,17,paraphrase,228,0.9299725890159607
nllb200_1B,facebook/nllb-200-1.3B,17,paraphrase,229,0.9416029453277588
nllb200_1B,facebook/nllb-200-1.3B,17,paraphrase,230,0.939094066619873
nllb200_1B,facebook/nllb-200-1.3B,17,paraphrase,231,0.7000737190246582
nllb200_1B,facebook/nllb-200-1.3B,17,paraphrase,232,0.6494238972663879
nllb200_1B,facebook/nllb-200-1.3B,17,paraphrase,233,0.9377650022506714
nllb200_1B,facebook/nllb-200-1.3B,17,paraphrase,234,0.945083737373352
nllb200_1B,facebook/nllb-200-1.3B,17,paraphrase,235,0.6948502063751221
nllb200_1B,facebook/nllb-200-1.3B,17,paraphrase,236,0.6817692518234253
nllb200_1B,facebook/nllb-200-1.3B,17,paraphrase,237,0.6809468865394592
nllb200_1B,facebook/nllb-200-1.3B,17,paraphrase,238,0.9367960095405579
nllb200_1B,facebook/nllb-200-1.3B,17,paraphrase,239,0.648516833782196
nllb200_1B,facebook/nllb-200-1.3B,17,paraphrase,240,0.9416314959526062
nllb200_1B,facebook/nllb-200-1.3B,17,paraphrase,241,0.9145008325576782
nllb200_1B,facebook/nllb-200-1.3B,17,paraphrase,242,0.9043334722518921
nllb200_1B,facebook/nllb-200-1.3B,17,paraphrase,243,0.7369548678398132
nllb200_1B,facebook/nllb-200-1.3B,17,paraphrase,244,0.9535913467407227
nllb200_1B,facebook/nllb-200-1.3B,17,paraphrase,245,0.8929315805435181
nllb200_1B,facebook/nllb-200-1.3B,17,paraphrase,246,0.9401301145553589
nllb200_1B,facebook/nllb-200-1.3B,17,paraphrase,247,0.9470956325531006
nllb200_1B,facebook/nllb-200-1.3B,17,paraphrase,248,0.676140308380127
nllb200_1B,facebook/nllb-200-1.3B,17,paraphrase,249,0.948447585105896
nllb200_1B,facebook/nllb-200-1.3B,17,paraphrase,250,0.9570944309234619
nllb200_1B,facebook/nllb-200-1.3B,17,paraphrase,251,0.946873664855957
nllb200_1B,facebook/nllb-200-1.3B,17,paraphrase,252,0.9418320059776306
nllb200_1B,facebook/nllb-200-1.3B,17,paraphrase,253,0.9389733076095581
nllb200_1B,facebook/nllb-200-1.3B,17,paraphrase,254,0.6347463130950928
nllb200_1B,facebook/nllb-200-1.3B,17,paraphrase,255,0.9322077631950378
nllb200_1B,facebook/nllb-200-1.3B,17,paraphrase,256,0.9305954575538635
nllb200_1B,facebook/nllb-200-1.3B,17,paraphrase,257,0.9126254320144653
nllb200_1B,facebook/nllb-200-1.3B,17,paraphrase,258,0.9260361194610596
nllb200_1B,facebook/nllb-200-1.3B,17,paraphrase,259,0.9427251815795898
nllb200_1B,facebook/nllb-200-1.3B,17,paraphrase,260,0.8328845500946045
nllb200_1B,facebook/nllb-200-1.3B,17,paraphrase,261,0.9208863973617554
nllb200_1B,facebook/nllb-200-1.3B,17,paraphrase,262,0.8371099233627319
nllb200_1B,facebook/nllb-200-1.3B,17,paraphrase,263,0.9228635430335999
nllb200_1B,facebook/nllb-200-1.3B,17,paraphrase,264,0.7808858752250671
nllb200_1B,facebook/nllb-200-1.3B,17,paraphrase,265,0.8850504159927368
nllb200_1B,facebook/nllb-200-1.3B,17,paraphrase,266,0.9093450307846069
nllb200_1B,facebook/nllb-200-1.3B,17,paraphrase,267,0.9264333844184875
nllb200_1B,facebook/nllb-200-1.3B,17,paraphrase,268,0.940585732460022
nllb200_1B,facebook/nllb-200-1.3B,17,paraphrase,269,0.9273355007171631
nllb200_1B,facebook/nllb-200-1.3B,17,paraphrase,270,0.9318503141403198
nllb200_1B,facebook/nllb-200-1.3B,17,paraphrase,271,0.718488335609436
nllb200_1B,facebook/nllb-200-1.3B,17,paraphrase,272,0.9435775876045227
nllb200_1B,facebook/nllb-200-1.3B,17,paraphrase,273,0.9376328587532043
nllb200_1B,facebook/nllb-200-1.3B,17,paraphrase,274,0.7491604089736938
nllb200_1B,facebook/nllb-200-1.3B,17,paraphrase,275,0.9383770227432251
nllb200_1B,facebook/nllb-200-1.3B,17,paraphrase,276,0.9400810599327087
nllb200_1B,facebook/nllb-200-1.3B,17,paraphrase,277,0.9288558959960938
nllb200_1B,facebook/nllb-200-1.3B,17,paraphrase,278,0.9387551546096802
nllb200_1B,facebook/nllb-200-1.3B,17,paraphrase,279,0.9251725077629089
nllb200_1B,facebook/nllb-200-1.3B,17,paraphrase,280,0.9294938445091248
nllb200_1B,facebook/nllb-200-1.3B,17,paraphrase,281,0.9606040120124817
nllb200_1B,facebook/nllb-200-1.3B,17,paraphrase,282,0.9321460723876953
nllb200_1B,facebook/nllb-200-1.3B,17,paraphrase,283,0.92716383934021
nllb200_1B,facebook/nllb-200-1.3B,17,paraphrase,284,0.9231301546096802
nllb200_1B,facebook/nllb-200-1.3B,17,paraphrase,285,0.9395897388458252
nllb200_1B,facebook/nllb-200-1.3B,17,paraphrase,286,0.9340310096740723
nllb200_1B,facebook/nllb-200-1.3B,17,paraphrase,287,0.9256011247634888
nllb200_1B,facebook/nllb-200-1.3B,17,paraphrase,288,0.9262295961380005
nllb200_1B,facebook/nllb-200-1.3B,17,paraphrase,289,0.9336493015289307
nllb200_1B,facebook/nllb-200-1.3B,17,paraphrase,290,0.9163202047348022
nllb200_1B,facebook/nllb-200-1.3B,17,paraphrase,291,0.9428436756134033
nllb200_1B,facebook/nllb-200-1.3B,17,paraphrase,292,0.9534215927124023
nllb200_1B,facebook/nllb-200-1.3B,17,paraphrase,293,0.9448416829109192
nllb200_1B,facebook/nllb-200-1.3B,17,paraphrase,294,0.9347184896469116
nllb200_1B,facebook/nllb-200-1.3B,17,paraphrase,295,0.9259946346282959
nllb200_1B,facebook/nllb-200-1.3B,17,paraphrase,296,0.9301648736000061
nllb200_1B,facebook/nllb-200-1.3B,17,paraphrase,297,0.9372504949569702
nllb200_1B,facebook/nllb-200-1.3B,17,paraphrase,298,0.9059498310089111
nllb200_1B,facebook/nllb-200-1.3B,17,paraphrase,299,0.936738133430481
nllb200_1B,facebook/nllb-200-1.3B,17,paraphrase,300,0.8714886903762817
nllb200_1B,facebook/nllb-200-1.3B,17,paraphrase,301,0.9508790969848633
nllb200_1B,facebook/nllb-200-1.3B,17,paraphrase,302,0.8983548879623413
nllb200_1B,facebook/nllb-200-1.3B,17,paraphrase,303,0.938528299331665
nllb200_1B,facebook/nllb-200-1.3B,17,paraphrase,304,0.9284197688102722
nllb200_1B,facebook/nllb-200-1.3B,17,paraphrase,305,0.9396785497665405
nllb200_1B,facebook/nllb-200-1.3B,17,paraphrase,306,0.9414812922477722
nllb200_1B,facebook/nllb-200-1.3B,17,paraphrase,307,0.911638081073761
nllb200_1B,facebook/nllb-200-1.3B,17,paraphrase,308,0.9269756078720093
nllb200_1B,facebook/nllb-200-1.3B,17,paraphrase,309,0.9386470317840576
nllb200_1B,facebook/nllb-200-1.3B,17,paraphrase,310,0.9495198726654053
nllb200_1B,facebook/nllb-200-1.3B,17,paraphrase,311,0.9587889909744263
nllb200_1B,facebook/nllb-200-1.3B,17,paraphrase,312,0.9186333417892456
nllb200_1B,facebook/nllb-200-1.3B,17,paraphrase,313,0.9212976694107056
nllb200_1B,facebook/nllb-200-1.3B,17,paraphrase,314,0.9364633560180664
nllb200_1B,facebook/nllb-200-1.3B,17,paraphrase,315,0.9162970781326294
nllb200_1B,facebook/nllb-200-1.3B,17,paraphrase,316,0.9401459693908691
nllb200_1B,facebook/nllb-200-1.3B,17,paraphrase,317,0.8842926025390625
nllb200_1B,facebook/nllb-200-1.3B,17,paraphrase,318,0.9471721649169922
nllb200_1B,facebook/nllb-200-1.3B,17,paraphrase,319,0.9369325637817383
nllb200_1B,facebook/nllb-200-1.3B,17,paraphrase,320,0.9048680067062378
nllb200_1B,facebook/nllb-200-1.3B,17,paraphrase,321,0.9581433534622192
nllb200_1B,facebook/nllb-200-1.3B,17,paraphrase,322,0.928324818611145
nllb200_1B,facebook/nllb-200-1.3B,17,paraphrase,323,0.9425894021987915
nllb200_1B,facebook/nllb-200-1.3B,17,paraphrase,324,0.9458954334259033
nllb200_1B,facebook/nllb-200-1.3B,17,paraphrase,325,0.9559392929077148
nllb200_1B,facebook/nllb-200-1.3B,17,paraphrase,326,0.9403371214866638
nllb200_1B,facebook/nllb-200-1.3B,17,paraphrase,327,0.9096659421920776
nllb200_1B,facebook/nllb-200-1.3B,17,paraphrase,328,0.9573028087615967
nllb200_1B,facebook/nllb-200-1.3B,17,paraphrase,329,0.9411814212799072
nllb200_1B,facebook/nllb-200-1.3B,17,paraphrase,330,0.9190228581428528
nllb200_1B,facebook/nllb-200-1.3B,17,paraphrase,331,0.9114851951599121
nllb200_1B,facebook/nllb-200-1.3B,17,paraphrase,332,0.9036117792129517
nllb200_1B,facebook/nllb-200-1.3B,17,paraphrase,333,0.9266679286956787
nllb200_1B,facebook/nllb-200-1.3B,17,paraphrase,334,0.9263677597045898
nllb200_1B,facebook/nllb-200-1.3B,17,paraphrase,335,0.9139002561569214
nllb200_1B,facebook/nllb-200-1.3B,17,paraphrase,336,0.9444118738174438
nllb200_1B,facebook/nllb-200-1.3B,17,paraphrase,337,0.925222635269165
nllb200_1B,facebook/nllb-200-1.3B,17,paraphrase,338,0.9458175897598267
nllb200_1B,facebook/nllb-200-1.3B,17,paraphrase,339,0.9442997574806213
nllb200_1B,facebook/nllb-200-1.3B,17,paraphrase,340,0.8630023002624512
nllb200_1B,facebook/nllb-200-1.3B,17,paraphrase,341,0.9335795640945435
nllb200_1B,facebook/nllb-200-1.3B,17,paraphrase,342,0.9393106698989868
nllb200_1B,facebook/nllb-200-1.3B,17,paraphrase,343,0.9392654895782471
nllb200_1B,facebook/nllb-200-1.3B,17,paraphrase,344,0.93389892578125
nllb200_1B,facebook/nllb-200-1.3B,17,paraphrase,345,0.9391261339187622
nllb200_1B,facebook/nllb-200-1.3B,17,paraphrase,346,0.911993145942688
nllb200_1B,facebook/nllb-200-1.3B,17,paraphrase,347,0.9289180040359497
nllb200_1B,facebook/nllb-200-1.3B,17,paraphrase,348,0.9193232655525208
nllb200_1B,facebook/nllb-200-1.3B,17,paraphrase,349,0.9301513433456421
nllb200_1B,facebook/nllb-200-1.3B,17,paraphrase,350,0.9222444295883179
nllb200_1B,facebook/nllb-200-1.3B,17,paraphrase,351,0.940790593624115
nllb200_1B,facebook/nllb-200-1.3B,17,paraphrase,352,0.9487943649291992
nllb200_1B,facebook/nllb-200-1.3B,17,paraphrase,353,0.9230060577392578
nllb200_1B,facebook/nllb-200-1.3B,17,paraphrase,354,0.9066072702407837
nllb200_1B,facebook/nllb-200-1.3B,17,paraphrase,355,0.7703812122344971
nllb200_1B,facebook/nllb-200-1.3B,17,paraphrase,356,0.9288333654403687
nllb200_1B,facebook/nllb-200-1.3B,17,paraphrase,357,0.9513509273529053
nllb200_1B,facebook/nllb-200-1.3B,17,paraphrase,358,0.9502755403518677
nllb200_1B,facebook/nllb-200-1.3B,17,paraphrase,359,0.9107458591461182
nllb200_1B,facebook/nllb-200-1.3B,17,paraphrase,360,0.9470334053039551
nllb200_1B,facebook/nllb-200-1.3B,17,paraphrase,361,0.9301799535751343
nllb200_1B,facebook/nllb-200-1.3B,17,paraphrase,362,0.9216168522834778
nllb200_1B,facebook/nllb-200-1.3B,17,paraphrase,363,0.9048979878425598
nllb200_1B,facebook/nllb-200-1.3B,17,paraphrase,364,0.9295530915260315
nllb200_1B,facebook/nllb-200-1.3B,17,paraphrase,365,0.9098607301712036
nllb200_1B,facebook/nllb-200-1.3B,17,paraphrase,366,0.9205673336982727
nllb200_1B,facebook/nllb-200-1.3B,17,paraphrase,367,0.8948270082473755
nllb200_1B,facebook/nllb-200-1.3B,17,paraphrase,368,0.9580768346786499
nllb200_1B,facebook/nllb-200-1.3B,17,paraphrase,369,0.9328003525733948
nllb200_1B,facebook/nllb-200-1.3B,17,paraphrase,370,0.9469459056854248
nllb200_1B,facebook/nllb-200-1.3B,17,paraphrase,371,0.9404115676879883
nllb200_1B,facebook/nllb-200-1.3B,17,paraphrase,372,0.9427967071533203
nllb200_1B,facebook/nllb-200-1.3B,17,paraphrase,373,0.9479488134384155
nllb200_1B,facebook/nllb-200-1.3B,17,paraphrase,374,0.9316685199737549
nllb200_1B,facebook/nllb-200-1.3B,17,paraphrase,375,0.9511038064956665
nllb200_1B,facebook/nllb-200-1.3B,17,paraphrase,376,0.9187953472137451
nllb200_1B,facebook/nllb-200-1.3B,17,paraphrase,377,0.861522912979126
nllb200_1B,facebook/nllb-200-1.3B,17,paraphrase,378,0.9489216208457947
nllb200_1B,facebook/nllb-200-1.3B,17,paraphrase,379,0.9440223574638367
nllb200_1B,facebook/nllb-200-1.3B,17,paraphrase,380,0.9262419939041138
nllb200_1B,facebook/nllb-200-1.3B,17,paraphrase,381,0.657353937625885
nllb200_1B,facebook/nllb-200-1.3B,17,paraphrase,382,0.7386726140975952
nllb200_1B,facebook/nllb-200-1.3B,17,paraphrase,383,0.6861692667007446
nllb200_1B,facebook/nllb-200-1.3B,17,paraphrase,384,0.930014967918396
nllb200_1B,facebook/nllb-200-1.3B,17,paraphrase,385,0.9166284799575806
nllb200_1B,facebook/nllb-200-1.3B,17,paraphrase,386,0.7496039867401123
nllb200_1B,facebook/nllb-200-1.3B,17,paraphrase,387,0.9432852268218994
nllb200_1B,facebook/nllb-200-1.3B,17,paraphrase,388,0.7218430042266846
nllb200_1B,facebook/nllb-200-1.3B,17,paraphrase,389,0.7685686349868774
nllb200_1B,facebook/nllb-200-1.3B,17,paraphrase,390,0.9156643152236938
nllb200_1B,facebook/nllb-200-1.3B,17,paraphrase,391,0.7613183259963989
nllb200_1B,facebook/nllb-200-1.3B,17,paraphrase,392,0.7850038409233093
nllb200_1B,facebook/nllb-200-1.3B,17,paraphrase,393,0.7477227449417114
nllb200_1B,facebook/nllb-200-1.3B,17,paraphrase,394,0.7908070087432861
nllb200_1B,facebook/nllb-200-1.3B,17,paraphrase,395,0.6784845590591431
nllb200_1B,facebook/nllb-200-1.3B,17,paraphrase,396,0.6676287055015564
nllb200_1B,facebook/nllb-200-1.3B,17,paraphrase,397,0.7424536347389221
nllb200_1B,facebook/nllb-200-1.3B,17,paraphrase,398,0.7278196215629578
nllb200_1B,facebook/nllb-200-1.3B,17,paraphrase,399,0.9006401300430298
nllb200_1B,facebook/nllb-200-1.3B,17,paraphrase,400,0.9446334838867188
nllb200_1B,facebook/nllb-200-1.3B,17,paraphrase,401,0.8937791585922241
nllb200_1B,facebook/nllb-200-1.3B,17,paraphrase,402,0.9391423463821411
nllb200_1B,facebook/nllb-200-1.3B,17,paraphrase,403,0.8195996880531311
nllb200_1B,facebook/nllb-200-1.3B,17,paraphrase,404,0.9291090369224548
nllb200_1B,facebook/nllb-200-1.3B,17,paraphrase,405,0.9255022406578064
nllb200_1B,facebook/nllb-200-1.3B,17,paraphrase,406,0.9375073313713074
nllb200_1B,facebook/nllb-200-1.3B,17,paraphrase,407,0.9218546748161316
nllb200_1B,facebook/nllb-200-1.3B,17,paraphrase,408,0.93898606300354
nllb200_1B,facebook/nllb-200-1.3B,17,paraphrase,409,0.8981290459632874
nllb200_1B,facebook/nllb-200-1.3B,17,paraphrase,410,0.9039219617843628
nllb200_1B,facebook/nllb-200-1.3B,17,paraphrase,411,0.9314388036727905
nllb200_1B,facebook/nllb-200-1.3B,17,paraphrase,412,0.779986560344696
nllb200_1B,facebook/nllb-200-1.3B,17,paraphrase,413,0.8917590975761414
nllb200_1B,facebook/nllb-200-1.3B,17,paraphrase,414,0.9439182877540588
nllb200_1B,facebook/nllb-200-1.3B,17,paraphrase,415,0.922091543674469
nllb200_1B,facebook/nllb-200-1.3B,17,paraphrase,416,0.929222583770752
nllb200_1B,facebook/nllb-200-1.3B,17,paraphrase,417,0.9541803598403931
nllb200_1B,facebook/nllb-200-1.3B,17,paraphrase,418,0.9373308420181274
nllb200_1B,facebook/nllb-200-1.3B,17,paraphrase,419,0.9450528621673584
nllb200_1B,facebook/nllb-200-1.3B,17,paraphrase,420,0.9138534069061279
nllb200_1B,facebook/nllb-200-1.3B,17,paraphrase,421,0.6894611120223999
nllb200_1B,facebook/nllb-200-1.3B,17,paraphrase,422,0.6707213521003723
nllb200_1B,facebook/nllb-200-1.3B,17,paraphrase,423,0.9246615171432495
nllb200_1B,facebook/nllb-200-1.3B,17,paraphrase,424,0.9446142911911011
nllb200_1B,facebook/nllb-200-1.3B,17,paraphrase,425,0.6662113666534424
nllb200_1B,facebook/nllb-200-1.3B,17,paraphrase,426,0.9354157447814941
nllb200_1B,facebook/nllb-200-1.3B,17,paraphrase,427,0.9185499548912048
nllb200_1B,facebook/nllb-200-1.3B,17,paraphrase,428,0.9375975131988525
nllb200_1B,facebook/nllb-200-1.3B,17,paraphrase,429,0.9272685050964355
nllb200_1B,facebook/nllb-200-1.3B,17,paraphrase,430,0.8751117587089539
nllb200_1B,facebook/nllb-200-1.3B,17,paraphrase,431,0.9400539398193359
nllb200_1B,facebook/nllb-200-1.3B,17,paraphrase,432,0.9468792676925659
nllb200_1B,facebook/nllb-200-1.3B,17,paraphrase,433,0.930595338344574
nllb200_1B,facebook/nllb-200-1.3B,17,paraphrase,434,0.9047235250473022
nllb200_1B,facebook/nllb-200-1.3B,17,paraphrase,435,0.9312248229980469
nllb200_1B,facebook/nllb-200-1.3B,17,paraphrase,436,0.941964328289032
nllb200_1B,facebook/nllb-200-1.3B,17,paraphrase,437,0.8775836229324341
nllb200_1B,facebook/nllb-200-1.3B,17,paraphrase,438,0.9029004573822021
nllb200_1B,facebook/nllb-200-1.3B,17,paraphrase,439,0.9178473353385925
nllb200_1B,facebook/nllb-200-1.3B,17,paraphrase,440,0.9300662875175476
nllb200_1B,facebook/nllb-200-1.3B,17,paraphrase,441,0.9463257789611816
nllb200_1B,facebook/nllb-200-1.3B,17,paraphrase,442,0.9182041883468628
nllb200_1B,facebook/nllb-200-1.3B,17,paraphrase,443,0.9440428018569946
nllb200_1B,facebook/nllb-200-1.3B,17,paraphrase,444,0.6526283025741577
nllb200_1B,facebook/nllb-200-1.3B,17,paraphrase,445,0.8586856126785278
nllb200_1B,facebook/nllb-200-1.3B,17,paraphrase,446,0.6912016868591309
nllb200_1B,facebook/nllb-200-1.3B,17,paraphrase,447,0.7474280595779419
nllb200_1B,facebook/nllb-200-1.3B,17,paraphrase,448,0.9375864267349243
nllb200_1B,facebook/nllb-200-1.3B,17,paraphrase,449,0.9287923574447632
nllb200_1B,facebook/nllb-200-1.3B,17,paraphrase,450,0.9361733198165894
nllb200_1B,facebook/nllb-200-1.3B,17,paraphrase,451,0.8465947508811951
nllb200_1B,facebook/nllb-200-1.3B,17,paraphrase,452,0.9227796792984009
nllb200_1B,facebook/nllb-200-1.3B,17,paraphrase,453,0.9143373966217041
nllb200_1B,facebook/nllb-200-1.3B,17,paraphrase,454,0.9441819190979004
nllb200_1B,facebook/nllb-200-1.3B,17,paraphrase,455,0.9253180027008057
nllb200_1B,facebook/nllb-200-1.3B,17,paraphrase,456,0.8892619609832764
nllb200_1B,facebook/nllb-200-1.3B,17,paraphrase,457,0.8989940881729126
nllb200_1B,facebook/nllb-200-1.3B,17,paraphrase,458,0.9140563011169434
nllb200_1B,facebook/nllb-200-1.3B,17,paraphrase,459,0.944524884223938
nllb200_1B,facebook/nllb-200-1.3B,17,paraphrase,460,0.9048599004745483
nllb200_1B,facebook/nllb-200-1.3B,17,paraphrase,461,0.937789261341095
nllb200_1B,facebook/nllb-200-1.3B,17,paraphrase,462,0.8907980918884277
nllb200_1B,facebook/nllb-200-1.3B,17,paraphrase,463,0.9433376789093018
nllb200_1B,facebook/nllb-200-1.3B,17,paraphrase,464,0.9223136305809021
nllb200_1B,facebook/nllb-200-1.3B,17,paraphrase,465,0.8999568223953247
nllb200_1B,facebook/nllb-200-1.3B,17,paraphrase,466,0.9440668821334839
nllb200_1B,facebook/nllb-200-1.3B,17,paraphrase,467,0.9116971492767334
nllb200_1B,facebook/nllb-200-1.3B,17,paraphrase,468,0.9382795095443726
nllb200_1B,facebook/nllb-200-1.3B,17,paraphrase,469,0.9565593004226685
nllb200_1B,facebook/nllb-200-1.3B,17,paraphrase,470,0.9461676478385925
nllb200_1B,facebook/nllb-200-1.3B,17,paraphrase,471,0.9240779876708984
nllb200_1B,facebook/nllb-200-1.3B,17,paraphrase,472,0.8978129625320435
nllb200_1B,facebook/nllb-200-1.3B,17,paraphrase,473,0.8995546102523804
nllb200_1B,facebook/nllb-200-1.3B,17,paraphrase,474,0.7661815285682678
nllb200_1B,facebook/nllb-200-1.3B,17,paraphrase,475,0.7795954942703247
nllb200_1B,facebook/nllb-200-1.3B,17,paraphrase,476,0.9184361696243286
nllb200_1B,facebook/nllb-200-1.3B,17,paraphrase,477,0.9070237874984741
nllb200_1B,facebook/nllb-200-1.3B,17,paraphrase,478,0.9567124843597412
nllb200_1B,facebook/nllb-200-1.3B,17,paraphrase,479,0.9171108603477478
nllb200_1B,facebook/nllb-200-1.3B,17,paraphrase,480,0.9554163813591003
nllb200_1B,facebook/nllb-200-1.3B,17,paraphrase,481,0.9274662733078003
nllb200_1B,facebook/nllb-200-1.3B,17,paraphrase,482,0.9379538297653198
nllb200_1B,facebook/nllb-200-1.3B,17,paraphrase,483,0.7637737989425659
nllb200_1B,facebook/nllb-200-1.3B,17,paraphrase,484,0.9051437377929688
nllb200_1B,facebook/nllb-200-1.3B,17,paraphrase,485,0.8764597773551941
nllb200_1B,facebook/nllb-200-1.3B,17,paraphrase,486,0.9211126565933228
nllb200_1B,facebook/nllb-200-1.3B,17,paraphrase,487,0.9245505332946777
nllb200_1B,facebook/nllb-200-1.3B,17,paraphrase,488,0.7965829372406006
nllb200_1B,facebook/nllb-200-1.3B,17,paraphrase,489,0.9141587018966675
nllb200_1B,facebook/nllb-200-1.3B,17,paraphrase,490,0.9072811603546143
nllb200_1B,facebook/nllb-200-1.3B,17,paraphrase,491,0.9301248788833618
nllb200_1B,facebook/nllb-200-1.3B,17,paraphrase,492,0.8862144947052002
nllb200_1B,facebook/nllb-200-1.3B,17,paraphrase,493,0.9109357595443726
nllb200_1B,facebook/nllb-200-1.3B,17,paraphrase,494,0.9067744612693787
nllb200_1B,facebook/nllb-200-1.3B,17,paraphrase,495,0.7544662952423096
nllb200_1B,facebook/nllb-200-1.3B,17,paraphrase,496,0.9527872800827026
nllb200_1B,facebook/nllb-200-1.3B,17,paraphrase,497,0.9200432300567627
nllb200_1B,facebook/nllb-200-1.3B,17,paraphrase,498,0.7666189670562744
nllb200_1B,facebook/nllb-200-1.3B,17,paraphrase,499,0.9338099956512451
nllb200_1B,facebook/nllb-200-1.3B,17,paraphrase,500,0.7122201323509216
nllb200_1B,facebook/nllb-200-1.3B,17,paraphrase,501,0.9330141544342041
nllb200_1B,facebook/nllb-200-1.3B,17,paraphrase,502,0.6670241355895996
nllb200_1B,facebook/nllb-200-1.3B,17,paraphrase,503,0.6347941160202026
nllb200_1B,facebook/nllb-200-1.3B,17,paraphrase,504,0.9399914741516113
nllb200_1B,facebook/nllb-200-1.3B,17,paraphrase,505,0.9433423280715942
nllb200_1B,facebook/nllb-200-1.3B,17,paraphrase,506,0.6860470771789551
nllb200_1B,facebook/nllb-200-1.3B,17,paraphrase,507,0.9218245148658752
nllb200_1B,facebook/nllb-200-1.3B,17,paraphrase,508,0.919899582862854
nllb200_1B,facebook/nllb-200-1.3B,17,paraphrase,509,0.9165960550308228
nllb200_1B,facebook/nllb-200-1.3B,17,paraphrase,510,0.9042127132415771
nllb200_1B,facebook/nllb-200-1.3B,17,paraphrase,511,0.7275869250297546
nllb200_1B,facebook/nllb-200-1.3B,17,paraphrase,512,0.7447227239608765
nllb200_1B,facebook/nllb-200-1.3B,17,paraphrase,513,0.9008468389511108
nllb200_1B,facebook/nllb-200-1.3B,17,paraphrase,514,0.8811613321304321
nllb200_1B,facebook/nllb-200-1.3B,17,paraphrase,515,0.9269145727157593
nllb200_1B,facebook/nllb-200-1.3B,17,paraphrase,516,0.9296779036521912
nllb200_1B,facebook/nllb-200-1.3B,17,paraphrase,517,0.9286920428276062
nllb200_1B,facebook/nllb-200-1.3B,17,paraphrase,518,0.9120615720748901
nllb200_1B,facebook/nllb-200-1.3B,17,paraphrase,519,0.9046567678451538
nllb200_1B,facebook/nllb-200-1.3B,17,paraphrase,520,0.9499613046646118
nllb200_1B,facebook/nllb-200-1.3B,17,paraphrase,521,0.9326295852661133
nllb200_1B,facebook/nllb-200-1.3B,17,paraphrase,522,0.9244391918182373
nllb200_1B,facebook/nllb-200-1.3B,17,paraphrase,523,0.958864688873291
nllb200_1B,facebook/nllb-200-1.3B,17,paraphrase,524,0.7221969366073608
nllb200_1B,facebook/nllb-200-1.3B,17,paraphrase,525,0.695177435874939
nllb200_1B,facebook/nllb-200-1.3B,17,paraphrase,526,0.7289305925369263
nllb200_1B,facebook/nllb-200-1.3B,17,paraphrase,527,0.9260725975036621
nllb200_1B,facebook/nllb-200-1.3B,17,paraphrase,528,0.7364170551300049
nllb200_1B,facebook/nllb-200-1.3B,17,paraphrase,529,0.9224827289581299
nllb200_1B,facebook/nllb-200-1.3B,17,paraphrase,530,0.6550312042236328
nllb200_1B,facebook/nllb-200-1.3B,17,paraphrase,531,0.9079312682151794
nllb200_1B,facebook/nllb-200-1.3B,17,paraphrase,532,0.9169914722442627
nllb200_1B,facebook/nllb-200-1.3B,17,paraphrase,533,0.9532458186149597
nllb200_1B,facebook/nllb-200-1.3B,17,paraphrase,534,0.6951079964637756
nllb200_1B,facebook/nllb-200-1.3B,17,paraphrase,535,0.9165667295455933
nllb200_1B,facebook/nllb-200-1.3B,17,paraphrase,536,0.8947926759719849
nllb200_1B,facebook/nllb-200-1.3B,17,paraphrase,537,0.9242862462997437
nllb200_1B,facebook/nllb-200-1.3B,17,paraphrase,538,0.946874737739563
nllb200_1B,facebook/nllb-200-1.3B,17,paraphrase,539,0.7561555504798889
nllb200_1B,facebook/nllb-200-1.3B,17,paraphrase,540,0.8699305653572083
nllb200_1B,facebook/nllb-200-1.3B,17,paraphrase,541,0.9337968826293945
nllb200_1B,facebook/nllb-200-1.3B,17,paraphrase,542,0.917467474937439
nllb200_1B,facebook/nllb-200-1.3B,17,paraphrase,543,0.9177682399749756
nllb200_1B,facebook/nllb-200-1.3B,17,paraphrase,544,0.9502413272857666
nllb200_1B,facebook/nllb-200-1.3B,17,paraphrase,545,0.9486037492752075
nllb200_1B,facebook/nllb-200-1.3B,17,paraphrase,546,0.672721266746521
nllb200_1B,facebook/nllb-200-1.3B,17,paraphrase,547,0.9348520040512085
nllb200_1B,facebook/nllb-200-1.3B,17,paraphrase,548,0.9242666959762573
nllb200_1B,facebook/nllb-200-1.3B,17,paraphrase,549,0.921983540058136
nllb200_1B,facebook/nllb-200-1.3B,17,paraphrase,550,0.9215799570083618
nllb200_1B,facebook/nllb-200-1.3B,17,paraphrase,551,0.9209805727005005
nllb200_1B,facebook/nllb-200-1.3B,17,paraphrase,552,0.9337139129638672
nllb200_1B,facebook/nllb-200-1.3B,17,paraphrase,553,0.9226441979408264
nllb200_1B,facebook/nllb-200-1.3B,17,paraphrase,554,0.9448539018630981
nllb200_1B,facebook/nllb-200-1.3B,17,paraphrase,555,0.73100745677948
nllb200_1B,facebook/nllb-200-1.3B,17,paraphrase,556,0.7924567461013794
nllb200_1B,facebook/nllb-200-1.3B,17,paraphrase,557,0.8666547536849976
nllb200_1B,facebook/nllb-200-1.3B,17,paraphrase,558,0.8817186951637268
nllb200_1B,facebook/nllb-200-1.3B,17,paraphrase,559,0.694159746170044
nllb200_1B,facebook/nllb-200-1.3B,17,paraphrase,560,0.9515600204467773
nllb200_1B,facebook/nllb-200-1.3B,17,paraphrase,561,0.9532586336135864
nllb200_1B,facebook/nllb-200-1.3B,17,paraphrase,562,0.9208358526229858
nllb200_1B,facebook/nllb-200-1.3B,17,paraphrase,563,0.7911013960838318
nllb200_1B,facebook/nllb-200-1.3B,17,paraphrase,564,0.9243944883346558
nllb200_1B,facebook/nllb-200-1.3B,17,paraphrase,565,0.9082443714141846
nllb200_1B,facebook/nllb-200-1.3B,17,paraphrase,566,0.9193048477172852
nllb200_1B,facebook/nllb-200-1.3B,17,paraphrase,567,0.7289816737174988
nllb200_1B,facebook/nllb-200-1.3B,17,paraphrase,568,0.9359555244445801
nllb200_1B,facebook/nllb-200-1.3B,17,paraphrase,569,0.9262589812278748
nllb200_1B,facebook/nllb-200-1.3B,17,paraphrase,570,0.7378222942352295
nllb200_1B,facebook/nllb-200-1.3B,17,paraphrase,571,0.73796147108078
nllb200_1B,facebook/nllb-200-1.3B,17,paraphrase,572,0.9113091230392456
nllb200_1B,facebook/nllb-200-1.3B,17,paraphrase,573,0.6749114990234375
nllb200_1B,facebook/nllb-200-1.3B,17,paraphrase,574,0.9169642925262451
nllb200_1B,facebook/nllb-200-1.3B,17,paraphrase,575,0.7397516965866089
nllb200_1B,facebook/nllb-200-1.3B,17,paraphrase,576,0.9271999001502991
nllb200_1B,facebook/nllb-200-1.3B,17,paraphrase,577,0.9341593980789185
nllb200_1B,facebook/nllb-200-1.3B,17,paraphrase,578,0.9443777799606323
nllb200_1B,facebook/nllb-200-1.3B,17,paraphrase,579,0.9339779615402222
nllb200_1B,facebook/nllb-200-1.3B,17,paraphrase,580,0.9290720224380493
nllb200_1B,facebook/nllb-200-1.3B,17,paraphrase,581,0.9424818754196167
nllb200_1B,facebook/nllb-200-1.3B,17,paraphrase,582,0.9546862840652466
nllb200_1B,facebook/nllb-200-1.3B,17,paraphrase,583,0.9418166875839233
nllb200_1B,facebook/nllb-200-1.3B,17,paraphrase,584,0.942293643951416
nllb200_1B,facebook/nllb-200-1.3B,17,paraphrase,585,0.9480857849121094
nllb200_1B,facebook/nllb-200-1.3B,17,paraphrase,586,0.913043737411499
nllb200_1B,facebook/nllb-200-1.3B,17,paraphrase,587,0.9447691440582275
nllb200_1B,facebook/nllb-200-1.3B,17,paraphrase,588,0.9116318225860596
nllb200_1B,facebook/nllb-200-1.3B,17,paraphrase,589,0.7474987506866455
nllb200_1B,facebook/nllb-200-1.3B,17,paraphrase,590,0.9303615093231201
nllb200_1B,facebook/nllb-200-1.3B,17,paraphrase,591,0.6500996351242065
nllb200_1B,facebook/nllb-200-1.3B,17,paraphrase,592,0.6304290294647217
nllb200_1B,facebook/nllb-200-1.3B,17,paraphrase,593,0.9320391416549683
nllb200_1B,facebook/nllb-200-1.3B,17,paraphrase,594,0.9950079917907715
nllb200_1B,facebook/nllb-200-1.3B,17,paraphrase,595,0.9040998220443726
nllb200_1B,facebook/nllb-200-1.3B,17,paraphrase,596,0.9023127555847168
nllb200_1B,facebook/nllb-200-1.3B,17,paraphrase,597,0.9228010773658752
nllb200_1B,facebook/nllb-200-1.3B,17,paraphrase,598,0.9559201598167419
nllb200_1B,facebook/nllb-200-1.3B,17,paraphrase,599,0.9291677474975586
nllb200_1B,facebook/nllb-200-1.3B,17,paraphrase,600,0.888644278049469
nllb200_1B,facebook/nllb-200-1.3B,17,paraphrase,601,0.6977288126945496
nllb200_1B,facebook/nllb-200-1.3B,17,paraphrase,602,0.9474796056747437
nllb200_1B,facebook/nllb-200-1.3B,17,paraphrase,603,0.8252891302108765
nllb200_1B,facebook/nllb-200-1.3B,17,paraphrase,604,0.9540954828262329
nllb200_1B,facebook/nllb-200-1.3B,17,paraphrase,605,0.9485034942626953
nllb200_1B,facebook/nllb-200-1.3B,17,paraphrase,606,0.9369444847106934
nllb200_1B,facebook/nllb-200-1.3B,17,paraphrase,607,0.9598389863967896
nllb200_1B,facebook/nllb-200-1.3B,17,paraphrase,608,0.88043612241745
nllb200_1B,facebook/nllb-200-1.3B,17,paraphrase,609,0.8633073568344116
nllb200_1B,facebook/nllb-200-1.3B,17,paraphrase,610,0.8912982940673828
nllb200_1B,facebook/nllb-200-1.3B,17,paraphrase,611,0.913502037525177
nllb200_1B,facebook/nllb-200-1.3B,17,paraphrase,612,0.9400343298912048
nllb200_1B,facebook/nllb-200-1.3B,17,paraphrase,613,0.917436420917511
nllb200_1B,facebook/nllb-200-1.3B,17,paraphrase,614,0.9328644275665283
nllb200_1B,facebook/nllb-200-1.3B,17,paraphrase,615,0.9219483733177185
nllb200_1B,facebook/nllb-200-1.3B,17,paraphrase,616,0.9316004514694214
nllb200_1B,facebook/nllb-200-1.3B,17,paraphrase,617,0.9172117114067078
nllb200_1B,facebook/nllb-200-1.3B,17,paraphrase,618,0.9225596785545349
nllb200_1B,facebook/nllb-200-1.3B,17,paraphrase,619,0.9447610378265381
nllb200_1B,facebook/nllb-200-1.3B,17,paraphrase,620,0.9603354930877686
nllb200_1B,facebook/nllb-200-1.3B,17,paraphrase,621,0.946161150932312
nllb200_1B,facebook/nllb-200-1.3B,17,paraphrase,622,0.8879280090332031
nllb200_1B,facebook/nllb-200-1.3B,17,paraphrase,623,0.9287240505218506
nllb200_1B,facebook/nllb-200-1.3B,17,paraphrase,624,0.9236011505126953
nllb200_1B,facebook/nllb-200-1.3B,17,paraphrase,625,0.9159584045410156
nllb200_1B,facebook/nllb-200-1.3B,17,paraphrase,626,0.9416202306747437
nllb200_1B,facebook/nllb-200-1.3B,17,paraphrase,627,0.9300999641418457
nllb200_1B,facebook/nllb-200-1.3B,17,paraphrase,628,0.9415349364280701
nllb200_1B,facebook/nllb-200-1.3B,17,paraphrase,629,0.9352786540985107
nllb200_1B,facebook/nllb-200-1.3B,17,paraphrase,630,0.9337393045425415
nllb200_1B,facebook/nllb-200-1.3B,17,paraphrase,631,0.9131748080253601
nllb200_1B,facebook/nllb-200-1.3B,17,paraphrase,632,0.943437933921814
nllb200_1B,facebook/nllb-200-1.3B,17,paraphrase,633,0.9833861589431763
nllb200_1B,facebook/nllb-200-1.3B,17,paraphrase,634,0.9234564304351807
nllb200_1B,facebook/nllb-200-1.3B,17,paraphrase,635,0.9324033260345459
nllb200_1B,facebook/nllb-200-1.3B,17,paraphrase,636,0.9394523501396179
nllb200_1B,facebook/nllb-200-1.3B,17,paraphrase,637,0.9420000314712524
nllb200_1B,facebook/nllb-200-1.3B,17,paraphrase,638,0.9373922348022461
nllb200_1B,facebook/nllb-200-1.3B,17,paraphrase,639,0.9391758441925049
nllb200_1B,facebook/nllb-200-1.3B,17,paraphrase,640,0.9298112392425537
nllb200_1B,facebook/nllb-200-1.3B,17,paraphrase,641,0.9091631174087524
nllb200_1B,facebook/nllb-200-1.3B,17,paraphrase,642,0.9370565414428711
nllb200_1B,facebook/nllb-200-1.3B,17,paraphrase,643,0.8898903131484985
nllb200_1B,facebook/nllb-200-1.3B,17,paraphrase,644,0.9365127086639404
nllb200_1B,facebook/nllb-200-1.3B,17,paraphrase,645,0.9227858781814575
nllb200_1B,facebook/nllb-200-1.3B,17,paraphrase,646,0.9303030967712402
nllb200_1B,facebook/nllb-200-1.3B,17,paraphrase,647,0.9164625406265259
nllb200_1B,facebook/nllb-200-1.3B,17,paraphrase,648,0.9245810508728027
nllb200_1B,facebook/nllb-200-1.3B,17,paraphrase,649,0.9233410358428955
nllb200_1B,facebook/nllb-200-1.3B,17,paraphrase,650,0.953123152256012
nllb200_1B,facebook/nllb-200-1.3B,17,paraphrase,651,0.8903664350509644
nllb200_1B,facebook/nllb-200-1.3B,17,paraphrase,652,0.942947268486023
nllb200_1B,facebook/nllb-200-1.3B,17,paraphrase,653,0.9252357482910156
nllb200_1B,facebook/nllb-200-1.3B,17,paraphrase,654,0.9320930242538452
nllb200_1B,facebook/nllb-200-1.3B,17,paraphrase,655,0.9052388072013855
nllb200_1B,facebook/nllb-200-1.3B,17,paraphrase,656,0.918187141418457
nllb200_1B,facebook/nllb-200-1.3B,17,paraphrase,657,0.9351885318756104
nllb200_1B,facebook/nllb-200-1.3B,17,paraphrase,658,0.9342489838600159
nllb200_1B,facebook/nllb-200-1.3B,17,paraphrase,659,0.9174555540084839
nllb200_1B,facebook/nllb-200-1.3B,17,paraphrase,660,0.918512761592865
nllb200_1B,facebook/nllb-200-1.3B,17,paraphrase,661,0.9353082180023193
nllb200_1B,facebook/nllb-200-1.3B,17,paraphrase,662,0.9234967827796936
nllb200_1B,facebook/nllb-200-1.3B,17,paraphrase,663,0.9226023554801941
nllb200_1B,facebook/nllb-200-1.3B,17,paraphrase,664,0.9396835565567017
nllb200_1B,facebook/nllb-200-1.3B,17,paraphrase,665,0.9181778430938721
nllb200_1B,facebook/nllb-200-1.3B,17,paraphrase,666,0.9483662843704224
nllb200_1B,facebook/nllb-200-1.3B,17,paraphrase,667,0.9406672716140747
nllb200_1B,facebook/nllb-200-1.3B,17,paraphrase,668,0.9160064458847046
nllb200_1B,facebook/nllb-200-1.3B,17,paraphrase,669,0.9360734224319458
nllb200_1B,facebook/nllb-200-1.3B,17,paraphrase,670,0.9424052238464355
nllb200_1B,facebook/nllb-200-1.3B,17,paraphrase,671,0.9381600618362427
nllb200_1B,facebook/nllb-200-1.3B,17,paraphrase,672,0.9227224588394165
nllb200_1B,facebook/nllb-200-1.3B,17,paraphrase,673,0.9334858059883118
nllb200_1B,facebook/nllb-200-1.3B,17,paraphrase,674,0.9257222414016724
nllb200_1B,facebook/nllb-200-1.3B,17,paraphrase,675,0.9271771311759949
nllb200_1B,facebook/nllb-200-1.3B,17,paraphrase,676,0.91301429271698
nllb200_1B,facebook/nllb-200-1.3B,17,paraphrase,677,0.9421530961990356
nllb200_1B,facebook/nllb-200-1.3B,17,paraphrase,678,0.7951186895370483
nllb200_1B,facebook/nllb-200-1.3B,17,paraphrase,679,0.909521222114563
nllb200_1B,facebook/nllb-200-1.3B,17,paraphrase,680,0.9422295093536377
nllb200_1B,facebook/nllb-200-1.3B,17,paraphrase,681,0.9444431662559509
nllb200_1B,facebook/nllb-200-1.3B,17,paraphrase,682,0.9024096727371216
nllb200_1B,facebook/nllb-200-1.3B,17,paraphrase,683,0.9125422239303589
nllb200_1B,facebook/nllb-200-1.3B,17,paraphrase,684,0.9407034516334534
nllb200_1B,facebook/nllb-200-1.3B,17,paraphrase,685,0.8752076625823975
nllb200_1B,facebook/nllb-200-1.3B,17,paraphrase,686,0.9234117269515991
nllb200_1B,facebook/nllb-200-1.3B,17,paraphrase,687,0.9049761891365051
nllb200_1B,facebook/nllb-200-1.3B,17,paraphrase,688,0.9270533323287964
nllb200_1B,facebook/nllb-200-1.3B,17,paraphrase,689,0.955581784248352
nllb200_1B,facebook/nllb-200-1.3B,17,paraphrase,690,0.932805061340332
nllb200_1B,facebook/nllb-200-1.3B,17,paraphrase,691,0.9135316610336304
nllb200_1B,facebook/nllb-200-1.3B,17,paraphrase,692,0.9587622880935669
nllb200_1B,facebook/nllb-200-1.3B,17,paraphrase,693,0.8818626403808594
nllb200_1B,facebook/nllb-200-1.3B,17,paraphrase,694,0.9371544122695923
nllb200_1B,facebook/nllb-200-1.3B,17,paraphrase,695,0.9450238347053528
nllb200_1B,facebook/nllb-200-1.3B,17,paraphrase,696,0.9608820676803589
nllb200_1B,facebook/nllb-200-1.3B,17,paraphrase,697,0.9324862957000732
nllb200_1B,facebook/nllb-200-1.3B,17,paraphrase,698,0.9156280755996704
nllb200_1B,facebook/nllb-200-1.3B,17,paraphrase,699,0.9310187697410583
nllb200_1B,facebook/nllb-200-1.3B,17,paraphrase,700,0.9234172105789185
nllb200_1B,facebook/nllb-200-1.3B,17,paraphrase,701,0.9297056198120117
nllb200_1B,facebook/nllb-200-1.3B,17,paraphrase,702,0.9405602216720581
nllb200_1B,facebook/nllb-200-1.3B,17,paraphrase,703,0.9426013231277466
nllb200_1B,facebook/nllb-200-1.3B,17,paraphrase,704,0.9164340496063232
nllb200_1B,facebook/nllb-200-1.3B,17,paraphrase,705,0.9263367652893066
nllb200_1B,facebook/nllb-200-1.3B,17,paraphrase,706,0.9130517840385437
nllb200_1B,facebook/nllb-200-1.3B,17,paraphrase,707,0.9102399349212646
nllb200_1B,facebook/nllb-200-1.3B,17,paraphrase,708,0.9380123615264893
nllb200_1B,facebook/nllb-200-1.3B,17,paraphrase,709,0.9052520990371704
nllb200_1B,facebook/nllb-200-1.3B,17,paraphrase,710,0.922735333442688
nllb200_1B,facebook/nllb-200-1.3B,17,paraphrase,711,0.9152854084968567
nllb200_1B,facebook/nllb-200-1.3B,17,paraphrase,712,0.9274803400039673
nllb200_1B,facebook/nllb-200-1.3B,17,paraphrase,713,0.9155133366584778
nllb200_1B,facebook/nllb-200-1.3B,17,paraphrase,714,0.919963002204895
nllb200_1B,facebook/nllb-200-1.3B,17,paraphrase,715,0.9021248817443848
nllb200_1B,facebook/nllb-200-1.3B,17,paraphrase,716,0.9179506897926331
nllb200_1B,facebook/nllb-200-1.3B,17,paraphrase,717,0.9377074241638184
nllb200_1B,facebook/nllb-200-1.3B,17,paraphrase,718,0.9340155720710754
nllb200_1B,facebook/nllb-200-1.3B,17,paraphrase,719,0.9157768487930298
nllb200_1B,facebook/nllb-200-1.3B,17,paraphrase,720,0.9384661912918091
nllb200_1B,facebook/nllb-200-1.3B,17,paraphrase,721,0.9450783729553223
nllb200_1B,facebook/nllb-200-1.3B,17,paraphrase,722,0.9404717683792114
nllb200_1B,facebook/nllb-200-1.3B,17,paraphrase,723,0.9233694076538086
nllb200_1B,facebook/nllb-200-1.3B,17,paraphrase,724,0.9332728981971741
nllb200_1B,facebook/nllb-200-1.3B,17,paraphrase,725,0.9473700523376465
nllb200_1B,facebook/nllb-200-1.3B,17,paraphrase,726,0.789648711681366
nllb200_1B,facebook/nllb-200-1.3B,17,paraphrase,727,0.9297924041748047
nllb200_1B,facebook/nllb-200-1.3B,17,paraphrase,728,0.9486180543899536
nllb200_1B,facebook/nllb-200-1.3B,17,paraphrase,729,0.9384633302688599
nllb200_1B,facebook/nllb-200-1.3B,17,paraphrase,730,0.9364254474639893
nllb200_1B,facebook/nllb-200-1.3B,17,paraphrase,731,0.8927923440933228
nllb200_1B,facebook/nllb-200-1.3B,17,paraphrase,732,0.9136977791786194
nllb200_1B,facebook/nllb-200-1.3B,17,paraphrase,733,0.9297250509262085
nllb200_1B,facebook/nllb-200-1.3B,17,paraphrase,734,0.9314604997634888
nllb200_1B,facebook/nllb-200-1.3B,17,paraphrase,735,0.9353561401367188
nllb200_1B,facebook/nllb-200-1.3B,17,paraphrase,736,0.8749734163284302
nllb200_1B,facebook/nllb-200-1.3B,17,paraphrase,737,0.9352104663848877
nllb200_1B,facebook/nllb-200-1.3B,17,paraphrase,738,0.9317142367362976
nllb200_1B,facebook/nllb-200-1.3B,17,paraphrase,739,0.6971956491470337
nllb200_1B,facebook/nllb-200-1.3B,17,paraphrase,740,0.9352046251296997
nllb200_1B,facebook/nllb-200-1.3B,17,paraphrase,741,0.9180634617805481
nllb200_1B,facebook/nllb-200-1.3B,17,paraphrase,742,0.913163423538208
nllb200_1B,facebook/nllb-200-1.3B,17,paraphrase,743,0.9359276294708252
nllb200_1B,facebook/nllb-200-1.3B,17,paraphrase,744,0.9384646415710449
nllb200_1B,facebook/nllb-200-1.3B,17,paraphrase,745,0.9386130571365356
nllb200_1B,facebook/nllb-200-1.3B,17,paraphrase,746,0.8577197790145874
nllb200_1B,facebook/nllb-200-1.3B,17,paraphrase,747,0.9326692223548889
nllb200_1B,facebook/nllb-200-1.3B,17,paraphrase,748,0.737532377243042
nllb200_1B,facebook/nllb-200-1.3B,17,paraphrase,749,0.9506896734237671
nllb200_1B,facebook/nllb-200-1.3B,17,paraphrase,750,0.9262340068817139
nllb200_1B,facebook/nllb-200-1.3B,17,paraphrase,751,0.8019055128097534
nllb200_1B,facebook/nllb-200-1.3B,17,paraphrase,752,0.9435911178588867
nllb200_1B,facebook/nllb-200-1.3B,17,paraphrase,753,0.7045714855194092
nllb200_1B,facebook/nllb-200-1.3B,17,paraphrase,754,0.74623042345047
nllb200_1B,facebook/nllb-200-1.3B,17,paraphrase,755,0.9360146522521973
nllb200_1B,facebook/nllb-200-1.3B,17,paraphrase,756,0.9237905144691467
nllb200_1B,facebook/nllb-200-1.3B,17,paraphrase,757,0.932300865650177
nllb200_1B,facebook/nllb-200-1.3B,17,paraphrase,758,0.7315313816070557
nllb200_1B,facebook/nllb-200-1.3B,17,paraphrase,759,0.9418329000473022
nllb200_1B,facebook/nllb-200-1.3B,17,paraphrase,760,0.9134886264801025
nllb200_1B,facebook/nllb-200-1.3B,17,paraphrase,761,0.9277714490890503
nllb200_1B,facebook/nllb-200-1.3B,17,paraphrase,762,0.9278795123100281
nllb200_1B,facebook/nllb-200-1.3B,17,paraphrase,763,0.9312372803688049
nllb200_1B,facebook/nllb-200-1.3B,17,paraphrase,764,0.9115607738494873
nllb200_1B,facebook/nllb-200-1.3B,17,paraphrase,765,0.9507384300231934
nllb200_1B,facebook/nllb-200-1.3B,17,paraphrase,766,0.9398837685585022
nllb200_1B,facebook/nllb-200-1.3B,17,paraphrase,767,0.9097838997840881
nllb200_1B,facebook/nllb-200-1.3B,17,paraphrase,768,0.9438461065292358
nllb200_1B,facebook/nllb-200-1.3B,17,paraphrase,769,0.7209442853927612
nllb200_1B,facebook/nllb-200-1.3B,17,paraphrase,770,0.6293703317642212
nllb200_1B,facebook/nllb-200-1.3B,17,paraphrase,771,0.9467194676399231
nllb200_1B,facebook/nllb-200-1.3B,17,paraphrase,772,0.9337334632873535
nllb200_1B,facebook/nllb-200-1.3B,17,paraphrase,773,0.9104814529418945
nllb200_1B,facebook/nllb-200-1.3B,17,paraphrase,774,0.9461184740066528
nllb200_1B,facebook/nllb-200-1.3B,17,paraphrase,775,0.9077574610710144
nllb200_1B,facebook/nllb-200-1.3B,17,paraphrase,776,0.9309808015823364
nllb200_1B,facebook/nllb-200-1.3B,17,paraphrase,777,0.90927654504776
nllb200_1B,facebook/nllb-200-1.3B,17,paraphrase,778,0.8827863931655884
nllb200_1B,facebook/nllb-200-1.3B,17,paraphrase,779,0.7732279896736145
nllb200_1B,facebook/nllb-200-1.3B,17,paraphrase,780,0.9273828268051147
nllb200_1B,facebook/nllb-200-1.3B,17,paraphrase,781,0.9568881392478943
nllb200_1B,facebook/nllb-200-1.3B,17,paraphrase,782,0.9545609951019287
nllb200_1B,facebook/nllb-200-1.3B,17,paraphrase,783,0.9456623792648315
nllb200_1B,facebook/nllb-200-1.3B,17,paraphrase,784,0.9077413082122803
nllb200_1B,facebook/nllb-200-1.3B,17,paraphrase,785,0.6263055801391602
nllb200_1B,facebook/nllb-200-1.3B,17,paraphrase,786,0.9304289817810059
nllb200_1B,facebook/nllb-200-1.3B,17,paraphrase,787,0.9474086761474609
nllb200_1B,facebook/nllb-200-1.3B,17,paraphrase,788,0.9466116428375244
nllb200_1B,facebook/nllb-200-1.3B,17,paraphrase,789,0.7570762634277344
nllb200_1B,facebook/nllb-200-1.3B,17,paraphrase,790,0.9140644073486328
nllb200_1B,facebook/nllb-200-1.3B,17,paraphrase,791,0.7078061699867249
nllb200_1B,facebook/nllb-200-1.3B,17,paraphrase,792,0.9235812425613403
nllb200_1B,facebook/nllb-200-1.3B,17,paraphrase,793,0.6493498682975769
nllb200_1B,facebook/nllb-200-1.3B,17,paraphrase,794,0.9363363981246948
nllb200_1B,facebook/nllb-200-1.3B,17,paraphrase,795,0.9477084875106812
nllb200_1B,facebook/nllb-200-1.3B,17,paraphrase,796,0.6790902018547058
nllb200_1B,facebook/nllb-200-1.3B,17,paraphrase,797,0.9428915977478027
nllb200_1B,facebook/nllb-200-1.3B,17,paraphrase,798,0.9395235776901245
nllb200_1B,facebook/nllb-200-1.3B,17,paraphrase,799,0.9343129992485046
nllb200_1B,facebook/nllb-200-1.3B,17,paraphrase,800,0.9379758834838867
nllb200_1B,facebook/nllb-200-1.3B,17,paraphrase,801,0.9016475677490234
nllb200_1B,facebook/nllb-200-1.3B,17,paraphrase,802,0.9201022386550903
nllb200_1B,facebook/nllb-200-1.3B,17,paraphrase,803,0.9598721265792847
nllb200_1B,facebook/nllb-200-1.3B,17,paraphrase,804,0.7570273876190186
nllb200_1B,facebook/nllb-200-1.3B,17,paraphrase,805,0.6516278982162476
nllb200_1B,facebook/nllb-200-1.3B,17,paraphrase,806,0.7156200408935547
nllb200_1B,facebook/nllb-200-1.3B,17,paraphrase,807,0.9272443056106567
nllb200_1B,facebook/nllb-200-1.3B,17,paraphrase,808,0.7562686204910278
nllb200_1B,facebook/nllb-200-1.3B,17,paraphrase,809,0.9430844187736511
nllb200_1B,facebook/nllb-200-1.3B,17,paraphrase,810,0.9336525201797485
nllb200_1B,facebook/nllb-200-1.3B,17,paraphrase,811,0.9175933599472046
nllb200_1B,facebook/nllb-200-1.3B,17,paraphrase,812,0.6442634463310242
nllb200_1B,facebook/nllb-200-1.3B,17,paraphrase,813,0.6787594556808472
nllb200_1B,facebook/nllb-200-1.3B,17,paraphrase,814,0.9357920289039612
nllb200_1B,facebook/nllb-200-1.3B,17,paraphrase,815,0.9417014122009277
nllb200_1B,facebook/nllb-200-1.3B,17,paraphrase,816,0.6475157737731934
nllb200_1B,facebook/nllb-200-1.3B,17,paraphrase,817,0.9313490390777588
nllb200_1B,facebook/nllb-200-1.3B,17,paraphrase,818,0.8916738033294678
nllb200_1B,facebook/nllb-200-1.3B,17,paraphrase,819,0.9172524809837341
nllb200_1B,facebook/nllb-200-1.3B,17,paraphrase,820,0.8061299324035645
nllb200_1B,facebook/nllb-200-1.3B,17,paraphrase,821,0.9479029178619385
nllb200_1B,facebook/nllb-200-1.3B,17,paraphrase,822,0.9371565580368042
nllb200_1B,facebook/nllb-200-1.3B,17,paraphrase,823,0.9541753530502319
nllb200_1B,facebook/nllb-200-1.3B,17,paraphrase,824,0.9517438411712646
nllb200_1B,facebook/nllb-200-1.3B,17,paraphrase,825,0.9130473136901855
nllb200_1B,facebook/nllb-200-1.3B,17,paraphrase,826,0.9477008581161499
nllb200_1B,facebook/nllb-200-1.3B,17,paraphrase,827,0.939424455165863
nllb200_1B,facebook/nllb-200-1.3B,17,paraphrase,828,0.7954130172729492
nllb200_1B,facebook/nllb-200-1.3B,17,paraphrase,829,0.9250942468643188
nllb200_1B,facebook/nllb-200-1.3B,17,paraphrase,830,0.9456647634506226
nllb200_1B,facebook/nllb-200-1.3B,17,paraphrase,831,0.9024450182914734
nllb200_1B,facebook/nllb-200-1.3B,17,paraphrase,832,0.9409993886947632
nllb200_1B,facebook/nllb-200-1.3B,17,paraphrase,833,0.7352004647254944
nllb200_1B,facebook/nllb-200-1.3B,17,paraphrase,834,0.9488525986671448
nllb200_1B,facebook/nllb-200-1.3B,17,paraphrase,835,0.9378319978713989
nllb200_1B,facebook/nllb-200-1.3B,17,paraphrase,836,0.9537529945373535
nllb200_1B,facebook/nllb-200-1.3B,17,paraphrase,837,0.9460008144378662
nllb200_1B,facebook/nllb-200-1.3B,17,paraphrase,838,0.9470384120941162
nllb200_1B,facebook/nllb-200-1.3B,17,paraphrase,839,0.9375261068344116
nllb200_1B,facebook/nllb-200-1.3B,17,paraphrase,840,0.9478881359100342
nllb200_1B,facebook/nllb-200-1.3B,17,paraphrase,841,0.9386833906173706
nllb200_1B,facebook/nllb-200-1.3B,17,paraphrase,842,0.9462267160415649
nllb200_1B,facebook/nllb-200-1.3B,17,paraphrase,843,0.9378949403762817
nllb200_1B,facebook/nllb-200-1.3B,17,paraphrase,844,0.931991696357727
nllb200_1B,facebook/nllb-200-1.3B,17,paraphrase,845,0.9443998336791992
nllb200_1B,facebook/nllb-200-1.3B,17,paraphrase,846,0.933260440826416
nllb200_1B,facebook/nllb-200-1.3B,17,paraphrase,847,0.9231868982315063
nllb200_1B,facebook/nllb-200-1.3B,17,paraphrase,848,0.9352423548698425
nllb200_1B,facebook/nllb-200-1.3B,17,paraphrase,849,0.9362436532974243
nllb200_1B,facebook/nllb-200-1.3B,17,paraphrase,850,0.946234941482544
nllb200_1B,facebook/nllb-200-1.3B,17,paraphrase,851,0.9312389492988586
nllb200_1B,facebook/nllb-200-1.3B,17,paraphrase,852,0.9448549747467041
nllb200_1B,facebook/nllb-200-1.3B,17,paraphrase,853,0.9243854880332947
nllb200_1B,facebook/nllb-200-1.3B,17,paraphrase,854,0.9135186672210693
nllb200_1B,facebook/nllb-200-1.3B,17,paraphrase,855,0.9425000548362732
nllb200_1B,facebook/nllb-200-1.3B,17,paraphrase,856,0.93674635887146
nllb200_1B,facebook/nllb-200-1.3B,17,paraphrase,857,0.9323320388793945
nllb200_1B,facebook/nllb-200-1.3B,17,paraphrase,858,0.913093090057373
nllb200_1B,facebook/nllb-200-1.3B,17,paraphrase,859,0.9516968131065369
nllb200_1B,facebook/nllb-200-1.3B,17,paraphrase,860,0.929550051689148
nllb200_1B,facebook/nllb-200-1.3B,17,paraphrase,861,0.9423614740371704
nllb200_1B,facebook/nllb-200-1.3B,17,paraphrase,862,0.9330035448074341
nllb200_1B,facebook/nllb-200-1.3B,17,paraphrase,863,0.9413998126983643
nllb200_1B,facebook/nllb-200-1.3B,17,paraphrase,864,0.9425064921379089
nllb200_1B,facebook/nllb-200-1.3B,17,paraphrase,865,0.925163984298706
nllb200_1B,facebook/nllb-200-1.3B,17,paraphrase,866,0.9320613145828247
nllb200_1B,facebook/nllb-200-1.3B,17,paraphrase,867,0.9146966934204102
nllb200_1B,facebook/nllb-200-1.3B,17,paraphrase,868,0.9146022796630859
nllb200_1B,facebook/nllb-200-1.3B,17,paraphrase,869,0.9285011291503906
nllb200_1B,facebook/nllb-200-1.3B,17,paraphrase,870,0.9448287487030029
nllb200_1B,facebook/nllb-200-1.3B,17,paraphrase,871,0.9215483665466309
nllb200_1B,facebook/nllb-200-1.3B,17,paraphrase,872,0.9490010738372803
nllb200_1B,facebook/nllb-200-1.3B,17,paraphrase,873,0.951039731502533
nllb200_1B,facebook/nllb-200-1.3B,17,paraphrase,874,0.9343460202217102
nllb200_1B,facebook/nllb-200-1.3B,17,paraphrase,875,0.9437248706817627
nllb200_1B,facebook/nllb-200-1.3B,17,paraphrase,876,0.9473756551742554
nllb200_1B,facebook/nllb-200-1.3B,17,paraphrase,877,0.9377871751785278
nllb200_1B,facebook/nllb-200-1.3B,17,paraphrase,878,0.9455323219299316
nllb200_1B,facebook/nllb-200-1.3B,17,paraphrase,879,0.9207671880722046
nllb200_1B,facebook/nllb-200-1.3B,17,paraphrase,880,0.9291634559631348
nllb200_1B,facebook/nllb-200-1.3B,17,paraphrase,881,0.9374004006385803
nllb200_1B,facebook/nllb-200-1.3B,17,paraphrase,882,0.9295891523361206
nllb200_1B,facebook/nllb-200-1.3B,17,paraphrase,883,0.9295746088027954
nllb200_1B,facebook/nllb-200-1.3B,17,paraphrase,884,0.9312803745269775
nllb200_1B,facebook/nllb-200-1.3B,17,paraphrase,885,0.9353492259979248
nllb200_1B,facebook/nllb-200-1.3B,17,paraphrase,886,0.9288780689239502
nllb200_1B,facebook/nllb-200-1.3B,17,paraphrase,887,0.9125412702560425
nllb200_1B,facebook/nllb-200-1.3B,17,paraphrase,888,0.8737909197807312
nllb200_1B,facebook/nllb-200-1.3B,17,paraphrase,889,0.8038665056228638
nllb200_1B,facebook/nllb-200-1.3B,17,paraphrase,890,0.9078049063682556
nllb200_1B,facebook/nllb-200-1.3B,17,paraphrase,891,0.8938766717910767
nllb200_1B,facebook/nllb-200-1.3B,17,paraphrase,892,0.8904175758361816
nllb200_1B,facebook/nllb-200-1.3B,17,paraphrase,893,0.9340007305145264
nllb200_1B,facebook/nllb-200-1.3B,17,paraphrase,894,0.8033298254013062
nllb200_1B,facebook/nllb-200-1.3B,17,paraphrase,895,0.9422924518585205
nllb200_1B,facebook/nllb-200-1.3B,17,paraphrase,896,0.9359238743782043
nllb200_1B,facebook/nllb-200-1.3B,17,paraphrase,897,0.9487600326538086
nllb200_1B,facebook/nllb-200-1.3B,17,paraphrase,898,0.9321944713592529
nllb200_1B,facebook/nllb-200-1.3B,17,paraphrase,899,0.9129647612571716
nllb200_1B,facebook/nllb-200-1.3B,17,paraphrase,900,0.7031936645507812
nllb200_1B,facebook/nllb-200-1.3B,17,paraphrase,901,0.9120482206344604
nllb200_1B,facebook/nllb-200-1.3B,17,paraphrase,902,0.6636719703674316
nllb200_1B,facebook/nllb-200-1.3B,17,paraphrase,903,0.9211726784706116
nllb200_1B,facebook/nllb-200-1.3B,17,paraphrase,904,0.9365246891975403
nllb200_1B,facebook/nllb-200-1.3B,17,paraphrase,905,0.7478653192520142
nllb200_1B,facebook/nllb-200-1.3B,17,paraphrase,906,0.9571055173873901
nllb200_1B,facebook/nllb-200-1.3B,17,paraphrase,907,0.9258438944816589
nllb200_1B,facebook/nllb-200-1.3B,17,paraphrase,908,0.953253984451294
nllb200_1B,facebook/nllb-200-1.3B,17,paraphrase,909,0.7952841520309448
nllb200_1B,facebook/nllb-200-1.3B,17,paraphrase,910,0.7386997938156128
nllb200_1B,facebook/nllb-200-1.3B,17,paraphrase,911,0.8068214058876038
nllb200_1B,facebook/nllb-200-1.3B,17,paraphrase,912,0.8106982707977295
nllb200_1B,facebook/nllb-200-1.3B,17,paraphrase,913,0.9440291523933411
nllb200_1B,facebook/nllb-200-1.3B,17,paraphrase,914,0.9369214773178101
nllb200_1B,facebook/nllb-200-1.3B,17,paraphrase,915,0.7631235122680664
nllb200_1B,facebook/nllb-200-1.3B,17,paraphrase,916,0.9200790524482727
nllb200_1B,facebook/nllb-200-1.3B,17,paraphrase,917,0.9488845467567444
nllb200_1B,facebook/nllb-200-1.3B,17,paraphrase,918,0.9353480339050293
nllb200_1B,facebook/nllb-200-1.3B,17,paraphrase,919,0.7155050039291382
nllb200_1B,facebook/nllb-200-1.3B,17,paraphrase,920,0.9395817518234253
nllb200_1B,facebook/nllb-200-1.3B,17,paraphrase,921,0.6327894330024719
nllb200_1B,facebook/nllb-200-1.3B,17,paraphrase,922,0.9397150874137878
nllb200_1B,facebook/nllb-200-1.3B,17,paraphrase,923,0.9386694431304932
nllb200_1B,facebook/nllb-200-1.3B,17,paraphrase,924,0.9411570429801941
nllb200_1B,facebook/nllb-200-1.3B,17,paraphrase,925,0.9428636431694031
nllb200_1B,facebook/nllb-200-1.3B,17,paraphrase,926,0.9434196949005127
nllb200_1B,facebook/nllb-200-1.3B,17,paraphrase,927,0.8725204467773438
nllb200_1B,facebook/nllb-200-1.3B,17,paraphrase,928,0.9370420575141907
nllb200_1B,facebook/nllb-200-1.3B,17,paraphrase,929,0.9080797433853149
nllb200_1B,facebook/nllb-200-1.3B,17,paraphrase,930,0.9490624666213989
nllb200_1B,facebook/nllb-200-1.3B,17,paraphrase,931,0.9521994590759277
nllb200_1B,facebook/nllb-200-1.3B,17,paraphrase,932,0.8954851031303406
nllb200_1B,facebook/nllb-200-1.3B,17,paraphrase,933,0.9424757361412048
nllb200_1B,facebook/nllb-200-1.3B,17,paraphrase,934,0.927017331123352
nllb200_1B,facebook/nllb-200-1.3B,17,paraphrase,935,0.948958158493042
nllb200_1B,facebook/nllb-200-1.3B,17,paraphrase,936,0.9284118413925171
nllb200_1B,facebook/nllb-200-1.3B,17,paraphrase,937,0.7426061630249023
nllb200_1B,facebook/nllb-200-1.3B,17,paraphrase,938,0.9306057095527649
nllb200_1B,facebook/nllb-200-1.3B,17,paraphrase,939,0.6978076696395874
nllb200_1B,facebook/nllb-200-1.3B,17,paraphrase,940,0.9397672414779663
nllb200_1B,facebook/nllb-200-1.3B,17,paraphrase,941,0.9411731958389282
nllb200_1B,facebook/nllb-200-1.3B,17,paraphrase,942,0.9392217397689819
nllb200_1B,facebook/nllb-200-1.3B,17,paraphrase,943,0.9168824553489685
nllb200_1B,facebook/nllb-200-1.3B,17,paraphrase,944,0.908618688583374
nllb200_1B,facebook/nllb-200-1.3B,17,paraphrase,945,0.9490922093391418
nllb200_1B,facebook/nllb-200-1.3B,17,paraphrase,946,0.9319294691085815
nllb200_1B,facebook/nllb-200-1.3B,17,paraphrase,947,0.9035848379135132
nllb200_1B,facebook/nllb-200-1.3B,17,paraphrase,948,0.9519939422607422
nllb200_1B,facebook/nllb-200-1.3B,17,paraphrase,949,0.9488024711608887
nllb200_1B,facebook/nllb-200-1.3B,17,paraphrase,950,0.9298597574234009
nllb200_1B,facebook/nllb-200-1.3B,17,paraphrase,951,0.9541375637054443
nllb200_1B,facebook/nllb-200-1.3B,17,paraphrase,952,0.9028310775756836
nllb200_1B,facebook/nllb-200-1.3B,17,paraphrase,953,0.940163254737854
nllb200_1B,facebook/nllb-200-1.3B,17,paraphrase,954,0.9112421274185181
nllb200_1B,facebook/nllb-200-1.3B,17,paraphrase,955,0.9178096055984497
nllb200_1B,facebook/nllb-200-1.3B,17,paraphrase,956,0.9527373313903809
nllb200_1B,facebook/nllb-200-1.3B,17,paraphrase,957,0.9367527365684509
nllb200_1B,facebook/nllb-200-1.3B,17,paraphrase,958,0.915030837059021
nllb200_1B,facebook/nllb-200-1.3B,17,paraphrase,959,0.9446202516555786
nllb200_1B,facebook/nllb-200-1.3B,17,paraphrase,960,0.9462065696716309
nllb200_1B,facebook/nllb-200-1.3B,17,paraphrase,961,0.9385085105895996
nllb200_1B,facebook/nllb-200-1.3B,17,paraphrase,962,0.932654619216919
nllb200_1B,facebook/nllb-200-1.3B,17,paraphrase,963,0.9429889917373657
nllb200_1B,facebook/nllb-200-1.3B,17,paraphrase,964,0.9465515613555908
nllb200_1B,facebook/nllb-200-1.3B,17,paraphrase,965,0.9549497365951538
nllb200_1B,facebook/nllb-200-1.3B,17,paraphrase,966,0.9175674915313721
nllb200_1B,facebook/nllb-200-1.3B,17,paraphrase,967,0.8742483854293823
nllb200_1B,facebook/nllb-200-1.3B,17,paraphrase,968,0.9250335693359375
nllb200_1B,facebook/nllb-200-1.3B,17,paraphrase,969,0.9374353885650635
nllb200_1B,facebook/nllb-200-1.3B,17,paraphrase,970,0.8161025643348694
nllb200_1B,facebook/nllb-200-1.3B,17,paraphrase,971,0.9515435695648193
nllb200_1B,facebook/nllb-200-1.3B,17,paraphrase,972,0.9559335708618164
nllb200_1B,facebook/nllb-200-1.3B,17,paraphrase,973,0.8677099943161011
nllb200_1B,facebook/nllb-200-1.3B,17,paraphrase,974,0.952074408531189
nllb200_1B,facebook/nllb-200-1.3B,17,paraphrase,975,0.9064098596572876
nllb200_1B,facebook/nllb-200-1.3B,17,paraphrase,976,0.9399158954620361
nllb200_1B,facebook/nllb-200-1.3B,17,paraphrase,977,0.9332855939865112
nllb200_1B,facebook/nllb-200-1.3B,17,paraphrase,978,0.940627932548523
nllb200_1B,facebook/nllb-200-1.3B,17,paraphrase,979,0.9513871073722839
nllb200_1B,facebook/nllb-200-1.3B,17,paraphrase,980,0.9296442270278931
nllb200_1B,facebook/nllb-200-1.3B,17,paraphrase,981,0.9390040636062622
nllb200_1B,facebook/nllb-200-1.3B,17,paraphrase,982,0.9427511692047119
nllb200_1B,facebook/nllb-200-1.3B,17,paraphrase,983,0.9392588138580322
nllb200_1B,facebook/nllb-200-1.3B,17,paraphrase,984,0.9151588082313538
nllb200_1B,facebook/nllb-200-1.3B,17,paraphrase,985,0.9360752701759338
nllb200_1B,facebook/nllb-200-1.3B,17,paraphrase,986,0.9292512536048889
nllb200_1B,facebook/nllb-200-1.3B,17,paraphrase,987,0.9334970116615295
nllb200_1B,facebook/nllb-200-1.3B,17,paraphrase,988,0.9490922689437866
nllb200_1B,facebook/nllb-200-1.3B,17,paraphrase,989,0.9202380776405334
nllb200_1B,facebook/nllb-200-1.3B,17,paraphrase,990,0.9122236967086792
nllb200_1B,facebook/nllb-200-1.3B,17,paraphrase,991,0.9100351333618164
nllb200_1B,facebook/nllb-200-1.3B,17,paraphrase,992,0.8873128294944763
nllb200_1B,facebook/nllb-200-1.3B,17,paraphrase,993,0.7462040185928345
nllb200_1B,facebook/nllb-200-1.3B,17,paraphrase,994,0.920563817024231
nllb200_1B,facebook/nllb-200-1.3B,17,paraphrase,995,0.9253851175308228
nllb200_1B,facebook/nllb-200-1.3B,17,paraphrase,996,0.8234752416610718
nllb200_1B,facebook/nllb-200-1.3B,17,paraphrase,997,0.9483169913291931
nllb200_1B,facebook/nllb-200-1.3B,17,paraphrase,998,0.9274700880050659
nllb200_1B,facebook/nllb-200-1.3B,17,paraphrase,999,0.8853763937950134
