model,hf_id,layer,perturbation,sentence_idx,similarity_cosine
xglm_small,facebook/xglm-564M,10,contentwords,0,0.9949032068252563
xglm_small,facebook/xglm-564M,10,contentwords,1,0.9923483729362488
xglm_small,facebook/xglm-564M,10,contentwords,2,0.9965112209320068
xglm_small,facebook/xglm-564M,10,contentwords,3,0.9967925548553467
xglm_small,facebook/xglm-564M,10,contentwords,4,0.9834304451942444
xglm_small,facebook/xglm-564M,10,contentwords,5,0.9947381019592285
xglm_small,facebook/xglm-564M,10,contentwords,6,0.9926049709320068
xglm_small,facebook/xglm-564M,10,contentwords,7,0.9967766404151917
xglm_small,facebook/xglm-564M,10,contentwords,8,0.9962078332901001
xglm_small,facebook/xglm-564M,10,contentwords,9,0.9964838027954102
xglm_small,facebook/xglm-564M,10,contentwords,10,0.9963482618331909
xglm_small,facebook/xglm-564M,10,contentwords,11,0.995313823223114
xglm_small,facebook/xglm-564M,10,contentwords,12,0.9942492842674255
xglm_small,facebook/xglm-564M,10,contentwords,13,0.995744526386261
xglm_small,facebook/xglm-564M,10,contentwords,14,0.9921047687530518
xglm_small,facebook/xglm-564M,10,contentwords,15,0.9926965236663818
xglm_small,facebook/xglm-564M,10,contentwords,16,0.9968352317810059
xglm_small,facebook/xglm-564M,10,contentwords,17,0.9958046674728394
xglm_small,facebook/xglm-564M,10,contentwords,18,0.9912499785423279
xglm_small,facebook/xglm-564M,10,contentwords,19,0.9934409856796265
xglm_small,facebook/xglm-564M,10,contentwords,20,0.9973487854003906
xglm_small,facebook/xglm-564M,10,contentwords,21,0.9960275292396545
xglm_small,facebook/xglm-564M,10,contentwords,22,0.9961674809455872
xglm_small,facebook/xglm-564M,10,contentwords,23,0.9955611228942871
xglm_small,facebook/xglm-564M,10,contentwords,24,0.9965710639953613
xglm_small,facebook/xglm-564M,10,contentwords,25,0.996791660785675
xglm_small,facebook/xglm-564M,10,contentwords,26,0.9903034567832947
xglm_small,facebook/xglm-564M,10,contentwords,27,0.9934774041175842
xglm_small,facebook/xglm-564M,10,contentwords,28,0.9916096925735474
xglm_small,facebook/xglm-564M,10,contentwords,29,0.99261075258255
xglm_small,facebook/xglm-564M,10,contentwords,30,0.9898130893707275
xglm_small,facebook/xglm-564M,10,contentwords,31,0.9929493069648743
xglm_small,facebook/xglm-564M,10,contentwords,32,0.9929962754249573
xglm_small,facebook/xglm-564M,10,contentwords,33,0.995863676071167
xglm_small,facebook/xglm-564M,10,contentwords,34,0.9943450689315796
xglm_small,facebook/xglm-564M,10,contentwords,35,0.971534013748169
xglm_small,facebook/xglm-564M,10,contentwords,36,0.9922124743461609
xglm_small,facebook/xglm-564M,10,contentwords,37,0.9919211864471436
xglm_small,facebook/xglm-564M,10,contentwords,38,0.9920822978019714
xglm_small,facebook/xglm-564M,10,contentwords,39,0.9965072274208069
xglm_small,facebook/xglm-564M,10,contentwords,40,0.9957353472709656
xglm_small,facebook/xglm-564M,10,contentwords,41,0.9919547438621521
xglm_small,facebook/xglm-564M,10,contentwords,42,0.9966286420822144
xglm_small,facebook/xglm-564M,10,contentwords,43,0.9841499924659729
xglm_small,facebook/xglm-564M,10,contentwords,44,0.9800858497619629
xglm_small,facebook/xglm-564M,10,contentwords,45,0.9852529168128967
xglm_small,facebook/xglm-564M,10,contentwords,46,0.9849931001663208
xglm_small,facebook/xglm-564M,10,contentwords,47,0.996012270450592
xglm_small,facebook/xglm-564M,10,contentwords,48,0.9970296025276184
xglm_small,facebook/xglm-564M,10,contentwords,49,0.9954444169998169
xglm_small,facebook/xglm-564M,10,contentwords,50,0.9970818161964417
xglm_small,facebook/xglm-564M,10,contentwords,51,0.9964284300804138
xglm_small,facebook/xglm-564M,10,contentwords,52,0.9972841739654541
xglm_small,facebook/xglm-564M,10,contentwords,53,0.9963526725769043
xglm_small,facebook/xglm-564M,10,contentwords,54,0.9958316087722778
xglm_small,facebook/xglm-564M,10,contentwords,55,0.9971798062324524
xglm_small,facebook/xglm-564M,10,contentwords,56,0.9965950846672058
xglm_small,facebook/xglm-564M,10,contentwords,57,0.9943303465843201
xglm_small,facebook/xglm-564M,10,contentwords,58,0.9944594502449036
xglm_small,facebook/xglm-564M,10,contentwords,59,0.9973913431167603
xglm_small,facebook/xglm-564M,10,contentwords,60,0.9853715896606445
xglm_small,facebook/xglm-564M,10,contentwords,61,0.9851721525192261
xglm_small,facebook/xglm-564M,10,contentwords,62,0.9921735525131226
xglm_small,facebook/xglm-564M,10,contentwords,63,0.9953311681747437
xglm_small,facebook/xglm-564M,10,contentwords,64,0.9963653683662415
xglm_small,facebook/xglm-564M,10,contentwords,65,0.9926279783248901
xglm_small,facebook/xglm-564M,10,contentwords,66,0.9953689575195312
xglm_small,facebook/xglm-564M,10,contentwords,67,0.9968230128288269
xglm_small,facebook/xglm-564M,10,contentwords,68,0.9808211922645569
xglm_small,facebook/xglm-564M,10,contentwords,69,0.9934276342391968
xglm_small,facebook/xglm-564M,10,contentwords,70,0.9963761568069458
xglm_small,facebook/xglm-564M,10,contentwords,71,0.9967709183692932
xglm_small,facebook/xglm-564M,10,contentwords,72,0.983208179473877
xglm_small,facebook/xglm-564M,10,contentwords,73,0.9942237138748169
xglm_small,facebook/xglm-564M,10,contentwords,74,0.9958347082138062
xglm_small,facebook/xglm-564M,10,contentwords,75,0.9964088797569275
xglm_small,facebook/xglm-564M,10,contentwords,76,0.9927260875701904
xglm_small,facebook/xglm-564M,10,contentwords,77,0.9871053695678711
xglm_small,facebook/xglm-564M,10,contentwords,78,0.9923534393310547
xglm_small,facebook/xglm-564M,10,contentwords,79,0.9940835237503052
xglm_small,facebook/xglm-564M,10,contentwords,80,0.9810732007026672
xglm_small,facebook/xglm-564M,10,contentwords,81,0.9925355315208435
xglm_small,facebook/xglm-564M,10,contentwords,82,0.9951955676078796
xglm_small,facebook/xglm-564M,10,contentwords,83,0.9921322464942932
xglm_small,facebook/xglm-564M,10,contentwords,84,0.9965057373046875
xglm_small,facebook/xglm-564M,10,contentwords,85,0.9962974786758423
xglm_small,facebook/xglm-564M,10,contentwords,86,0.98440021276474
xglm_small,facebook/xglm-564M,10,contentwords,87,0.9936147928237915
xglm_small,facebook/xglm-564M,10,contentwords,88,0.995847761631012
xglm_small,facebook/xglm-564M,10,contentwords,89,0.9950962066650391
xglm_small,facebook/xglm-564M,10,contentwords,90,0.9924936890602112
xglm_small,facebook/xglm-564M,10,contentwords,91,0.9959221482276917
xglm_small,facebook/xglm-564M,10,contentwords,92,0.9902421236038208
xglm_small,facebook/xglm-564M,10,contentwords,93,0.9921379089355469
xglm_small,facebook/xglm-564M,10,contentwords,94,0.9911370277404785
xglm_small,facebook/xglm-564M,10,contentwords,95,0.9937256574630737
xglm_small,facebook/xglm-564M,10,contentwords,96,0.9934185147285461
xglm_small,facebook/xglm-564M,10,contentwords,97,0.9934195280075073
xglm_small,facebook/xglm-564M,10,contentwords,98,0.9929284453392029
xglm_small,facebook/xglm-564M,10,contentwords,99,0.9836359620094299
xglm_small,facebook/xglm-564M,10,contentwords,100,0.9940944910049438
xglm_small,facebook/xglm-564M,10,contentwords,101,0.9924147129058838
xglm_small,facebook/xglm-564M,10,contentwords,102,0.9909104704856873
xglm_small,facebook/xglm-564M,10,contentwords,103,0.9932548403739929
xglm_small,facebook/xglm-564M,10,contentwords,104,0.9954878091812134
xglm_small,facebook/xglm-564M,10,contentwords,105,0.9850120544433594
xglm_small,facebook/xglm-564M,10,contentwords,106,0.9846328496932983
xglm_small,facebook/xglm-564M,10,contentwords,107,0.9929783344268799
xglm_small,facebook/xglm-564M,10,contentwords,108,0.9863713383674622
xglm_small,facebook/xglm-564M,10,contentwords,109,0.9929569363594055
xglm_small,facebook/xglm-564M,10,contentwords,110,0.9926970601081848
xglm_small,facebook/xglm-564M,10,contentwords,111,0.9798961281776428
xglm_small,facebook/xglm-564M,10,contentwords,112,0.9918482899665833
xglm_small,facebook/xglm-564M,10,contentwords,113,0.9949780702590942
xglm_small,facebook/xglm-564M,10,contentwords,114,0.9945958852767944
xglm_small,facebook/xglm-564M,10,contentwords,115,0.9944196939468384
xglm_small,facebook/xglm-564M,10,contentwords,116,0.9941280484199524
xglm_small,facebook/xglm-564M,10,contentwords,117,0.9923895001411438
xglm_small,facebook/xglm-564M,10,contentwords,118,0.9819862246513367
xglm_small,facebook/xglm-564M,10,contentwords,119,0.9825782775878906
xglm_small,facebook/xglm-564M,10,contentwords,120,0.9784700274467468
xglm_small,facebook/xglm-564M,10,contentwords,121,0.9950363636016846
xglm_small,facebook/xglm-564M,10,contentwords,122,0.9965391159057617
xglm_small,facebook/xglm-564M,10,contentwords,123,0.995512843132019
xglm_small,facebook/xglm-564M,10,contentwords,124,0.992476224899292
xglm_small,facebook/xglm-564M,10,contentwords,125,0.9940096139907837
xglm_small,facebook/xglm-564M,10,contentwords,126,0.9930329322814941
xglm_small,facebook/xglm-564M,10,contentwords,127,0.9916322231292725
xglm_small,facebook/xglm-564M,10,contentwords,128,0.9824883937835693
xglm_small,facebook/xglm-564M,10,contentwords,129,0.9925545454025269
xglm_small,facebook/xglm-564M,10,contentwords,130,0.991915762424469
xglm_small,facebook/xglm-564M,10,contentwords,131,0.9946603775024414
xglm_small,facebook/xglm-564M,10,contentwords,132,0.9936918020248413
xglm_small,facebook/xglm-564M,10,contentwords,133,0.9914572238922119
xglm_small,facebook/xglm-564M,10,contentwords,134,0.9961996674537659
xglm_small,facebook/xglm-564M,10,contentwords,135,0.9905727505683899
xglm_small,facebook/xglm-564M,10,contentwords,136,0.993464469909668
xglm_small,facebook/xglm-564M,10,contentwords,137,0.9913734793663025
xglm_small,facebook/xglm-564M,10,contentwords,138,0.9938554167747498
xglm_small,facebook/xglm-564M,10,contentwords,139,0.9917636513710022
xglm_small,facebook/xglm-564M,10,contentwords,140,0.9938595294952393
xglm_small,facebook/xglm-564M,10,contentwords,141,0.9914892911911011
xglm_small,facebook/xglm-564M,10,contentwords,142,0.9931796789169312
xglm_small,facebook/xglm-564M,10,contentwords,143,0.9922171831130981
xglm_small,facebook/xglm-564M,10,contentwords,144,0.9923882484436035
xglm_small,facebook/xglm-564M,10,contentwords,145,0.992186427116394
xglm_small,facebook/xglm-564M,10,contentwords,146,0.992451548576355
xglm_small,facebook/xglm-564M,10,contentwords,147,0.992394208908081
xglm_small,facebook/xglm-564M,10,contentwords,148,0.9909814596176147
xglm_small,facebook/xglm-564M,10,contentwords,149,0.9898616075515747
xglm_small,facebook/xglm-564M,10,contentwords,150,0.9927216172218323
xglm_small,facebook/xglm-564M,10,contentwords,151,0.9936026334762573
xglm_small,facebook/xglm-564M,10,contentwords,152,0.9944908022880554
xglm_small,facebook/xglm-564M,10,contentwords,153,0.992560625076294
xglm_small,facebook/xglm-564M,10,contentwords,154,0.9907925128936768
xglm_small,facebook/xglm-564M,10,contentwords,155,0.9901366829872131
xglm_small,facebook/xglm-564M,10,contentwords,156,0.9927258491516113
xglm_small,facebook/xglm-564M,10,contentwords,157,0.9916427135467529
xglm_small,facebook/xglm-564M,10,contentwords,158,0.99482661485672
xglm_small,facebook/xglm-564M,10,contentwords,159,0.9921665191650391
xglm_small,facebook/xglm-564M,10,contentwords,160,0.9934083819389343
xglm_small,facebook/xglm-564M,10,contentwords,161,0.9920496940612793
xglm_small,facebook/xglm-564M,10,contentwords,162,0.990399181842804
xglm_small,facebook/xglm-564M,10,contentwords,163,0.9929416179656982
xglm_small,facebook/xglm-564M,10,contentwords,164,0.9937468767166138
xglm_small,facebook/xglm-564M,10,contentwords,165,0.9921770691871643
xglm_small,facebook/xglm-564M,10,contentwords,166,0.9928956627845764
xglm_small,facebook/xglm-564M,10,contentwords,167,0.9932008981704712
xglm_small,facebook/xglm-564M,10,contentwords,168,0.9902951717376709
xglm_small,facebook/xglm-564M,10,contentwords,169,0.9930580258369446
xglm_small,facebook/xglm-564M,10,contentwords,170,0.9930266737937927
xglm_small,facebook/xglm-564M,10,contentwords,171,0.9925374984741211
xglm_small,facebook/xglm-564M,10,contentwords,172,0.9940134286880493
xglm_small,facebook/xglm-564M,10,contentwords,173,0.9961144924163818
xglm_small,facebook/xglm-564M,10,contentwords,174,0.9929074048995972
xglm_small,facebook/xglm-564M,10,contentwords,175,0.9927883148193359
xglm_small,facebook/xglm-564M,10,contentwords,176,0.9946764707565308
xglm_small,facebook/xglm-564M,10,contentwords,177,0.9929527044296265
xglm_small,facebook/xglm-564M,10,contentwords,178,0.9889674782752991
xglm_small,facebook/xglm-564M,10,contentwords,179,0.9916715621948242
xglm_small,facebook/xglm-564M,10,contentwords,180,0.9924180507659912
xglm_small,facebook/xglm-564M,10,contentwords,181,0.9916627407073975
xglm_small,facebook/xglm-564M,10,contentwords,182,0.9925298690795898
xglm_small,facebook/xglm-564M,10,contentwords,183,0.9897114038467407
xglm_small,facebook/xglm-564M,10,contentwords,184,0.9935883283615112
xglm_small,facebook/xglm-564M,10,contentwords,185,0.9913657307624817
xglm_small,facebook/xglm-564M,10,contentwords,186,0.992294192314148
xglm_small,facebook/xglm-564M,10,contentwords,187,0.9908930063247681
xglm_small,facebook/xglm-564M,10,contentwords,188,0.9969455003738403
xglm_small,facebook/xglm-564M,10,contentwords,189,0.9965888261795044
xglm_small,facebook/xglm-564M,10,contentwords,190,0.9918461441993713
xglm_small,facebook/xglm-564M,10,contentwords,191,0.9920846223831177
xglm_small,facebook/xglm-564M,10,contentwords,192,0.9927141666412354
xglm_small,facebook/xglm-564M,10,contentwords,193,0.992840051651001
xglm_small,facebook/xglm-564M,10,contentwords,194,0.9968090057373047
xglm_small,facebook/xglm-564M,10,contentwords,195,0.992876410484314
xglm_small,facebook/xglm-564M,10,contentwords,196,0.9938651323318481
xglm_small,facebook/xglm-564M,10,contentwords,197,0.9913785457611084
xglm_small,facebook/xglm-564M,10,contentwords,198,0.9898834228515625
xglm_small,facebook/xglm-564M,10,contentwords,199,0.9932578802108765
xglm_small,facebook/xglm-564M,10,contentwords,200,0.9898312091827393
xglm_small,facebook/xglm-564M,10,contentwords,201,0.9956293106079102
xglm_small,facebook/xglm-564M,10,contentwords,202,0.9915093779563904
xglm_small,facebook/xglm-564M,10,contentwords,203,0.9907571077346802
xglm_small,facebook/xglm-564M,10,contentwords,204,0.9927723407745361
xglm_small,facebook/xglm-564M,10,contentwords,205,0.9936577081680298
xglm_small,facebook/xglm-564M,10,contentwords,206,0.988953173160553
xglm_small,facebook/xglm-564M,10,contentwords,207,0.9914442300796509
xglm_small,facebook/xglm-564M,10,contentwords,208,0.9923610687255859
xglm_small,facebook/xglm-564M,10,contentwords,209,0.991464376449585
xglm_small,facebook/xglm-564M,10,contentwords,210,0.9926757216453552
xglm_small,facebook/xglm-564M,10,contentwords,211,0.9908454418182373
xglm_small,facebook/xglm-564M,10,contentwords,212,0.9929040670394897
xglm_small,facebook/xglm-564M,10,contentwords,213,0.9922631978988647
xglm_small,facebook/xglm-564M,10,contentwords,214,0.9933353066444397
xglm_small,facebook/xglm-564M,10,contentwords,215,0.9919030666351318
xglm_small,facebook/xglm-564M,10,contentwords,216,0.992900013923645
xglm_small,facebook/xglm-564M,10,contentwords,217,0.9920733571052551
xglm_small,facebook/xglm-564M,10,contentwords,218,0.9917126893997192
xglm_small,facebook/xglm-564M,10,contentwords,219,0.9910955429077148
xglm_small,facebook/xglm-564M,10,contentwords,220,0.9922708868980408
xglm_small,facebook/xglm-564M,10,contentwords,221,0.9935455918312073
xglm_small,facebook/xglm-564M,10,contentwords,222,0.9921901822090149
xglm_small,facebook/xglm-564M,10,contentwords,223,0.9909244179725647
xglm_small,facebook/xglm-564M,10,contentwords,224,0.993221640586853
xglm_small,facebook/xglm-564M,10,contentwords,225,0.9927316308021545
xglm_small,facebook/xglm-564M,10,contentwords,226,0.9933782815933228
xglm_small,facebook/xglm-564M,10,contentwords,227,0.9923515319824219
xglm_small,facebook/xglm-564M,10,contentwords,228,0.9915527701377869
xglm_small,facebook/xglm-564M,10,contentwords,229,0.9917563199996948
xglm_small,facebook/xglm-564M,10,contentwords,230,0.9932624101638794
xglm_small,facebook/xglm-564M,10,contentwords,231,0.9937800168991089
xglm_small,facebook/xglm-564M,10,contentwords,232,0.9927130341529846
xglm_small,facebook/xglm-564M,10,contentwords,233,0.9926526546478271
xglm_small,facebook/xglm-564M,10,contentwords,234,0.9927084445953369
xglm_small,facebook/xglm-564M,10,contentwords,235,0.992027997970581
xglm_small,facebook/xglm-564M,10,contentwords,236,0.9914803504943848
xglm_small,facebook/xglm-564M,10,contentwords,237,0.993445098400116
xglm_small,facebook/xglm-564M,10,contentwords,238,0.9923703670501709
xglm_small,facebook/xglm-564M,10,contentwords,239,0.9929627180099487
xglm_small,facebook/xglm-564M,10,contentwords,240,0.9930664896965027
xglm_small,facebook/xglm-564M,10,contentwords,241,0.9926819801330566
xglm_small,facebook/xglm-564M,10,contentwords,242,0.9923536777496338
xglm_small,facebook/xglm-564M,10,contentwords,243,0.9939820170402527
xglm_small,facebook/xglm-564M,10,contentwords,244,0.9939154386520386
xglm_small,facebook/xglm-564M,10,contentwords,245,0.9926684498786926
xglm_small,facebook/xglm-564M,10,contentwords,246,0.991691529750824
xglm_small,facebook/xglm-564M,10,contentwords,247,0.9923662543296814
xglm_small,facebook/xglm-564M,10,contentwords,248,0.9935554265975952
xglm_small,facebook/xglm-564M,10,contentwords,249,0.9936087727546692
xglm_small,facebook/xglm-564M,10,contentwords,250,0.992436408996582
xglm_small,facebook/xglm-564M,10,contentwords,251,0.9923385381698608
xglm_small,facebook/xglm-564M,10,contentwords,252,0.9927207231521606
xglm_small,facebook/xglm-564M,10,contentwords,253,0.9916894435882568
xglm_small,facebook/xglm-564M,10,contentwords,254,0.9925512075424194
xglm_small,facebook/xglm-564M,10,contentwords,255,0.9908885359764099
xglm_small,facebook/xglm-564M,10,contentwords,256,0.9938927888870239
xglm_small,facebook/xglm-564M,10,contentwords,257,0.9939680695533752
xglm_small,facebook/xglm-564M,10,contentwords,258,0.9902347326278687
xglm_small,facebook/xglm-564M,10,contentwords,259,0.9939407706260681
xglm_small,facebook/xglm-564M,10,contentwords,260,0.9931894540786743
xglm_small,facebook/xglm-564M,10,contentwords,261,0.9934241771697998
xglm_small,facebook/xglm-564M,10,contentwords,262,0.9937995076179504
xglm_small,facebook/xglm-564M,10,contentwords,263,0.992692232131958
xglm_small,facebook/xglm-564M,10,contentwords,264,0.9933804273605347
xglm_small,facebook/xglm-564M,10,contentwords,265,0.9937673807144165
xglm_small,facebook/xglm-564M,10,contentwords,266,0.993754506111145
xglm_small,facebook/xglm-564M,10,contentwords,267,0.9914416670799255
xglm_small,facebook/xglm-564M,10,contentwords,268,0.9914903044700623
xglm_small,facebook/xglm-564M,10,contentwords,269,0.9901580810546875
xglm_small,facebook/xglm-564M,10,contentwords,270,0.9921605587005615
xglm_small,facebook/xglm-564M,10,contentwords,271,0.990706205368042
xglm_small,facebook/xglm-564M,10,contentwords,272,0.9917169809341431
xglm_small,facebook/xglm-564M,10,contentwords,273,0.9936628341674805
xglm_small,facebook/xglm-564M,10,contentwords,274,0.9909100532531738
xglm_small,facebook/xglm-564M,10,contentwords,275,0.992057204246521
xglm_small,facebook/xglm-564M,10,contentwords,276,0.9918299913406372
xglm_small,facebook/xglm-564M,10,contentwords,277,0.992077112197876
xglm_small,facebook/xglm-564M,10,contentwords,278,0.9914014935493469
xglm_small,facebook/xglm-564M,10,contentwords,279,0.9948999881744385
xglm_small,facebook/xglm-564M,10,contentwords,280,0.9923649430274963
xglm_small,facebook/xglm-564M,10,contentwords,281,0.9920644760131836
xglm_small,facebook/xglm-564M,10,contentwords,282,0.9969499707221985
xglm_small,facebook/xglm-564M,10,contentwords,283,0.9965775012969971
xglm_small,facebook/xglm-564M,10,contentwords,284,0.9931422472000122
xglm_small,facebook/xglm-564M,10,contentwords,285,0.9924218058586121
xglm_small,facebook/xglm-564M,10,contentwords,286,0.9901553392410278
xglm_small,facebook/xglm-564M,10,contentwords,287,0.995457649230957
xglm_small,facebook/xglm-564M,10,contentwords,288,0.9926876425743103
xglm_small,facebook/xglm-564M,10,contentwords,289,0.9908753037452698
xglm_small,facebook/xglm-564M,10,contentwords,290,0.9908043146133423
xglm_small,facebook/xglm-564M,10,contentwords,291,0.992319643497467
xglm_small,facebook/xglm-564M,10,contentwords,292,0.9910792708396912
xglm_small,facebook/xglm-564M,10,contentwords,293,0.9923527240753174
xglm_small,facebook/xglm-564M,10,contentwords,294,0.9902960658073425
xglm_small,facebook/xglm-564M,10,contentwords,295,0.9907100200653076
xglm_small,facebook/xglm-564M,10,contentwords,296,0.9915616512298584
xglm_small,facebook/xglm-564M,10,contentwords,297,0.9922475814819336
xglm_small,facebook/xglm-564M,10,contentwords,298,0.9942335486412048
xglm_small,facebook/xglm-564M,10,contentwords,299,0.9907951951026917
xglm_small,facebook/xglm-564M,10,contentwords,300,0.9925729632377625
xglm_small,facebook/xglm-564M,10,contentwords,301,0.9930844306945801
xglm_small,facebook/xglm-564M,10,contentwords,302,0.9910157322883606
xglm_small,facebook/xglm-564M,10,contentwords,303,0.9921954870223999
xglm_small,facebook/xglm-564M,10,contentwords,304,0.9916073083877563
xglm_small,facebook/xglm-564M,10,contentwords,305,0.9929705858230591
xglm_small,facebook/xglm-564M,10,contentwords,306,0.9896889925003052
xglm_small,facebook/xglm-564M,10,contentwords,307,0.9907386302947998
xglm_small,facebook/xglm-564M,10,contentwords,308,0.9962883591651917
xglm_small,facebook/xglm-564M,10,contentwords,309,0.9915797114372253
xglm_small,facebook/xglm-564M,10,contentwords,310,0.9966568946838379
xglm_small,facebook/xglm-564M,10,contentwords,311,0.9957193732261658
xglm_small,facebook/xglm-564M,10,contentwords,312,0.9968641400337219
xglm_small,facebook/xglm-564M,10,contentwords,313,0.9953304529190063
xglm_small,facebook/xglm-564M,10,contentwords,314,0.9906272292137146
xglm_small,facebook/xglm-564M,10,contentwords,315,0.993245542049408
xglm_small,facebook/xglm-564M,10,contentwords,316,0.9938110709190369
xglm_small,facebook/xglm-564M,10,contentwords,317,0.9921077489852905
xglm_small,facebook/xglm-564M,10,contentwords,318,0.9958983659744263
xglm_small,facebook/xglm-564M,10,contentwords,319,0.9910588264465332
xglm_small,facebook/xglm-564M,10,contentwords,320,0.9907167553901672
xglm_small,facebook/xglm-564M,10,contentwords,321,0.9984732270240784
xglm_small,facebook/xglm-564M,10,contentwords,322,0.9942342042922974
xglm_small,facebook/xglm-564M,10,contentwords,323,0.9981869459152222
xglm_small,facebook/xglm-564M,10,contentwords,324,0.9956620335578918
xglm_small,facebook/xglm-564M,10,contentwords,325,0.9974572658538818
xglm_small,facebook/xglm-564M,10,contentwords,326,0.9961327314376831
xglm_small,facebook/xglm-564M,10,contentwords,327,0.9939355850219727
xglm_small,facebook/xglm-564M,10,contentwords,328,0.9907639026641846
xglm_small,facebook/xglm-564M,10,contentwords,329,0.9959948658943176
xglm_small,facebook/xglm-564M,10,contentwords,330,0.9961888790130615
xglm_small,facebook/xglm-564M,10,contentwords,331,0.9926983118057251
xglm_small,facebook/xglm-564M,10,contentwords,332,0.9958652853965759
xglm_small,facebook/xglm-564M,10,contentwords,333,0.9966679811477661
xglm_small,facebook/xglm-564M,10,contentwords,334,0.9968665838241577
xglm_small,facebook/xglm-564M,10,contentwords,335,0.996861457824707
xglm_small,facebook/xglm-564M,10,contentwords,336,0.9898635745048523
xglm_small,facebook/xglm-564M,10,contentwords,337,0.9931703805923462
xglm_small,facebook/xglm-564M,10,contentwords,338,0.985653817653656
xglm_small,facebook/xglm-564M,10,contentwords,339,0.9912779331207275
xglm_small,facebook/xglm-564M,10,contentwords,340,0.992046594619751
xglm_small,facebook/xglm-564M,10,contentwords,341,0.9720569252967834
xglm_small,facebook/xglm-564M,10,contentwords,342,0.9969363212585449
xglm_small,facebook/xglm-564M,10,contentwords,343,0.9931026697158813
xglm_small,facebook/xglm-564M,10,contentwords,344,0.9968287348747253
xglm_small,facebook/xglm-564M,10,contentwords,345,0.9938833117485046
xglm_small,facebook/xglm-564M,10,contentwords,346,0.9930771589279175
xglm_small,facebook/xglm-564M,10,contentwords,347,0.9965770840644836
xglm_small,facebook/xglm-564M,10,contentwords,348,0.9951321482658386
xglm_small,facebook/xglm-564M,10,contentwords,349,0.9968525171279907
xglm_small,facebook/xglm-564M,10,contentwords,350,0.9927669167518616
xglm_small,facebook/xglm-564M,10,contentwords,351,0.9910916686058044
xglm_small,facebook/xglm-564M,10,contentwords,352,0.9932207465171814
xglm_small,facebook/xglm-564M,10,contentwords,353,0.9968582987785339
xglm_small,facebook/xglm-564M,10,contentwords,354,0.9957544803619385
xglm_small,facebook/xglm-564M,10,contentwords,355,0.9942052364349365
xglm_small,facebook/xglm-564M,10,contentwords,356,0.9965500831604004
xglm_small,facebook/xglm-564M,10,contentwords,357,0.9931280612945557
xglm_small,facebook/xglm-564M,10,contentwords,358,0.9936802387237549
xglm_small,facebook/xglm-564M,10,contentwords,359,0.9914005398750305
xglm_small,facebook/xglm-564M,10,contentwords,360,0.9940310120582581
xglm_small,facebook/xglm-564M,10,contentwords,361,0.9922665357589722
xglm_small,facebook/xglm-564M,10,contentwords,362,0.9937260746955872
xglm_small,facebook/xglm-564M,10,contentwords,363,0.9921941757202148
xglm_small,facebook/xglm-564M,10,contentwords,364,0.9930533766746521
xglm_small,facebook/xglm-564M,10,contentwords,365,0.9942454099655151
xglm_small,facebook/xglm-564M,10,contentwords,366,0.9933775663375854
xglm_small,facebook/xglm-564M,10,contentwords,367,0.9952905178070068
xglm_small,facebook/xglm-564M,10,contentwords,368,0.9927138686180115
xglm_small,facebook/xglm-564M,10,contentwords,369,0.9938951730728149
xglm_small,facebook/xglm-564M,10,contentwords,370,0.9914166331291199
xglm_small,facebook/xglm-564M,10,contentwords,371,0.9923878908157349
xglm_small,facebook/xglm-564M,10,contentwords,372,0.9929177165031433
xglm_small,facebook/xglm-564M,10,contentwords,373,0.9925181269645691
xglm_small,facebook/xglm-564M,10,contentwords,374,0.9916634559631348
xglm_small,facebook/xglm-564M,10,contentwords,375,0.9926378726959229
xglm_small,facebook/xglm-564M,10,contentwords,376,0.9919227361679077
xglm_small,facebook/xglm-564M,10,contentwords,377,0.992650032043457
xglm_small,facebook/xglm-564M,10,contentwords,378,0.9924514293670654
xglm_small,facebook/xglm-564M,10,contentwords,379,0.9924126267433167
xglm_small,facebook/xglm-564M,10,contentwords,380,0.9932423830032349
xglm_small,facebook/xglm-564M,10,contentwords,381,0.995215117931366
xglm_small,facebook/xglm-564M,10,contentwords,382,0.995653510093689
xglm_small,facebook/xglm-564M,10,contentwords,383,0.9961793422698975
xglm_small,facebook/xglm-564M,10,contentwords,384,0.994016706943512
xglm_small,facebook/xglm-564M,10,contentwords,385,0.9923335313796997
xglm_small,facebook/xglm-564M,10,contentwords,386,0.9961534738540649
xglm_small,facebook/xglm-564M,10,contentwords,387,0.9936482310295105
xglm_small,facebook/xglm-564M,10,contentwords,388,0.9967904686927795
xglm_small,facebook/xglm-564M,10,contentwords,389,0.9962414503097534
xglm_small,facebook/xglm-564M,10,contentwords,390,0.9925682544708252
xglm_small,facebook/xglm-564M,10,contentwords,391,0.9960439801216125
xglm_small,facebook/xglm-564M,10,contentwords,392,0.9966285228729248
xglm_small,facebook/xglm-564M,10,contentwords,393,0.995941698551178
xglm_small,facebook/xglm-564M,10,contentwords,394,0.9959568381309509
xglm_small,facebook/xglm-564M,10,contentwords,395,0.9935898780822754
xglm_small,facebook/xglm-564M,10,contentwords,396,0.9936985969543457
xglm_small,facebook/xglm-564M,10,contentwords,397,0.9935837984085083
xglm_small,facebook/xglm-564M,10,contentwords,398,0.9926709532737732
xglm_small,facebook/xglm-564M,10,contentwords,399,0.9896638989448547
xglm_small,facebook/xglm-564M,10,contentwords,400,0.9939029216766357
xglm_small,facebook/xglm-564M,10,contentwords,401,0.9926003813743591
xglm_small,facebook/xglm-564M,10,contentwords,402,0.9914464950561523
xglm_small,facebook/xglm-564M,10,contentwords,403,0.9927664995193481
xglm_small,facebook/xglm-564M,10,contentwords,404,0.9925558567047119
xglm_small,facebook/xglm-564M,10,contentwords,405,0.9943804740905762
xglm_small,facebook/xglm-564M,10,contentwords,406,0.9932697415351868
xglm_small,facebook/xglm-564M,10,contentwords,407,0.9924033880233765
xglm_small,facebook/xglm-564M,10,contentwords,408,0.9920805096626282
xglm_small,facebook/xglm-564M,10,contentwords,409,0.9939112067222595
xglm_small,facebook/xglm-564M,10,contentwords,410,0.991262674331665
xglm_small,facebook/xglm-564M,10,contentwords,411,0.9912003874778748
xglm_small,facebook/xglm-564M,10,contentwords,412,0.9910788536071777
xglm_small,facebook/xglm-564M,10,contentwords,413,0.9913492798805237
xglm_small,facebook/xglm-564M,10,contentwords,414,0.9914786219596863
xglm_small,facebook/xglm-564M,10,contentwords,415,0.9922906160354614
xglm_small,facebook/xglm-564M,10,contentwords,416,0.9926160573959351
xglm_small,facebook/xglm-564M,10,contentwords,417,0.9931411147117615
xglm_small,facebook/xglm-564M,10,contentwords,418,0.9919853210449219
xglm_small,facebook/xglm-564M,10,contentwords,419,0.9920651912689209
xglm_small,facebook/xglm-564M,10,contentwords,420,0.9933354258537292
xglm_small,facebook/xglm-564M,10,contentwords,421,0.9922565221786499
xglm_small,facebook/xglm-564M,10,contentwords,422,0.993248462677002
xglm_small,facebook/xglm-564M,10,contentwords,423,0.9933642148971558
xglm_small,facebook/xglm-564M,10,contentwords,424,0.9919782280921936
xglm_small,facebook/xglm-564M,10,contentwords,425,0.9933453798294067
xglm_small,facebook/xglm-564M,10,contentwords,426,0.9912863373756409
xglm_small,facebook/xglm-564M,10,contentwords,427,0.9946348071098328
xglm_small,facebook/xglm-564M,10,contentwords,428,0.993419349193573
xglm_small,facebook/xglm-564M,10,contentwords,429,0.9924896955490112
xglm_small,facebook/xglm-564M,10,contentwords,430,0.9920386075973511
xglm_small,facebook/xglm-564M,10,contentwords,431,0.9909087419509888
xglm_small,facebook/xglm-564M,10,contentwords,432,0.9923583269119263
xglm_small,facebook/xglm-564M,10,contentwords,433,0.9931516647338867
xglm_small,facebook/xglm-564M,10,contentwords,434,0.9932919144630432
xglm_small,facebook/xglm-564M,10,contentwords,435,0.9919514656066895
xglm_small,facebook/xglm-564M,10,contentwords,436,0.9923494458198547
xglm_small,facebook/xglm-564M,10,contentwords,437,0.9928741455078125
xglm_small,facebook/xglm-564M,10,contentwords,438,0.9922389388084412
xglm_small,facebook/xglm-564M,10,contentwords,439,0.9909760355949402
xglm_small,facebook/xglm-564M,10,contentwords,440,0.9919527173042297
xglm_small,facebook/xglm-564M,10,contentwords,441,0.9934273362159729
xglm_small,facebook/xglm-564M,10,contentwords,442,0.9922626614570618
xglm_small,facebook/xglm-564M,10,contentwords,443,0.9937720894813538
xglm_small,facebook/xglm-564M,10,contentwords,444,0.9914659857749939
xglm_small,facebook/xglm-564M,10,contentwords,445,0.9935855269432068
xglm_small,facebook/xglm-564M,10,contentwords,446,0.9919501543045044
xglm_small,facebook/xglm-564M,10,contentwords,447,0.991420567035675
xglm_small,facebook/xglm-564M,10,contentwords,448,0.9917790293693542
xglm_small,facebook/xglm-564M,10,contentwords,449,0.9927149415016174
xglm_small,facebook/xglm-564M,10,contentwords,450,0.9929670095443726
xglm_small,facebook/xglm-564M,10,contentwords,451,0.9932085871696472
xglm_small,facebook/xglm-564M,10,contentwords,452,0.9932020902633667
xglm_small,facebook/xglm-564M,10,contentwords,453,0.993437647819519
xglm_small,facebook/xglm-564M,10,contentwords,454,0.9946141839027405
xglm_small,facebook/xglm-564M,10,contentwords,455,0.9915238618850708
xglm_small,facebook/xglm-564M,10,contentwords,456,0.9946761131286621
xglm_small,facebook/xglm-564M,10,contentwords,457,0.9933351278305054
xglm_small,facebook/xglm-564M,10,contentwords,458,0.9920554161071777
xglm_small,facebook/xglm-564M,10,contentwords,459,0.9918891191482544
xglm_small,facebook/xglm-564M,10,contentwords,460,0.9924775958061218
xglm_small,facebook/xglm-564M,10,contentwords,461,0.9934846758842468
xglm_small,facebook/xglm-564M,10,contentwords,462,0.9907951951026917
xglm_small,facebook/xglm-564M,10,contentwords,463,0.9930380582809448
xglm_small,facebook/xglm-564M,10,contentwords,464,0.9920869469642639
xglm_small,facebook/xglm-564M,10,contentwords,465,0.991627037525177
xglm_small,facebook/xglm-564M,10,contentwords,466,0.9941799640655518
xglm_small,facebook/xglm-564M,10,contentwords,467,0.9924262762069702
xglm_small,facebook/xglm-564M,10,contentwords,468,0.9911694526672363
xglm_small,facebook/xglm-564M,10,contentwords,469,0.9920300245285034
xglm_small,facebook/xglm-564M,10,contentwords,470,0.9943835735321045
xglm_small,facebook/xglm-564M,10,contentwords,471,0.9940155744552612
xglm_small,facebook/xglm-564M,10,contentwords,472,0.9949211478233337
xglm_small,facebook/xglm-564M,10,contentwords,473,0.991585373878479
xglm_small,facebook/xglm-564M,10,contentwords,474,0.9919766783714294
xglm_small,facebook/xglm-564M,10,contentwords,475,0.9929037094116211
xglm_small,facebook/xglm-564M,10,contentwords,476,0.9955171346664429
xglm_small,facebook/xglm-564M,10,contentwords,477,0.9934169054031372
xglm_small,facebook/xglm-564M,10,contentwords,478,0.9933670163154602
xglm_small,facebook/xglm-564M,10,contentwords,479,0.9930045008659363
xglm_small,facebook/xglm-564M,10,contentwords,480,0.991328775882721
xglm_small,facebook/xglm-564M,10,contentwords,481,0.9917978048324585
xglm_small,facebook/xglm-564M,10,contentwords,482,0.9934353828430176
xglm_small,facebook/xglm-564M,10,contentwords,483,0.9932327270507812
xglm_small,facebook/xglm-564M,10,contentwords,484,0.9951155185699463
xglm_small,facebook/xglm-564M,10,contentwords,485,0.9953389167785645
xglm_small,facebook/xglm-564M,10,contentwords,486,0.9929903745651245
xglm_small,facebook/xglm-564M,10,contentwords,487,0.992918848991394
xglm_small,facebook/xglm-564M,10,contentwords,488,0.992480993270874
xglm_small,facebook/xglm-564M,10,contentwords,489,0.9914129376411438
xglm_small,facebook/xglm-564M,10,contentwords,490,0.9941543340682983
xglm_small,facebook/xglm-564M,10,contentwords,491,0.9912571907043457
xglm_small,facebook/xglm-564M,10,contentwords,492,0.9928672909736633
xglm_small,facebook/xglm-564M,10,contentwords,493,0.9922012686729431
xglm_small,facebook/xglm-564M,10,contentwords,494,0.991226315498352
xglm_small,facebook/xglm-564M,10,contentwords,495,0.9925754070281982
xglm_small,facebook/xglm-564M,10,contentwords,496,0.9927842617034912
xglm_small,facebook/xglm-564M,10,contentwords,497,0.9962290525436401
xglm_small,facebook/xglm-564M,10,contentwords,498,0.992426872253418
xglm_small,facebook/xglm-564M,10,contentwords,499,0.9923239946365356
xglm_small,facebook/xglm-564M,10,contentwords,500,0.982792854309082
xglm_small,facebook/xglm-564M,10,contentwords,501,0.9909366369247437
xglm_small,facebook/xglm-564M,10,contentwords,502,0.9906596541404724
xglm_small,facebook/xglm-564M,10,contentwords,503,0.9934344291687012
xglm_small,facebook/xglm-564M,10,contentwords,504,0.9928079843521118
xglm_small,facebook/xglm-564M,10,contentwords,505,0.994503915309906
xglm_small,facebook/xglm-564M,10,contentwords,506,0.9908841252326965
xglm_small,facebook/xglm-564M,10,contentwords,507,0.9961236715316772
xglm_small,facebook/xglm-564M,10,contentwords,508,0.9955350756645203
xglm_small,facebook/xglm-564M,10,contentwords,509,0.9837640523910522
xglm_small,facebook/xglm-564M,10,contentwords,510,0.9916265606880188
xglm_small,facebook/xglm-564M,10,contentwords,511,0.990638256072998
xglm_small,facebook/xglm-564M,10,contentwords,512,0.9916876554489136
xglm_small,facebook/xglm-564M,10,contentwords,513,0.9986772537231445
xglm_small,facebook/xglm-564M,10,contentwords,514,0.99424147605896
xglm_small,facebook/xglm-564M,10,contentwords,515,0.9931614398956299
xglm_small,facebook/xglm-564M,10,contentwords,516,0.9943351745605469
xglm_small,facebook/xglm-564M,10,contentwords,517,0.993611216545105
xglm_small,facebook/xglm-564M,10,contentwords,518,0.9962539076805115
xglm_small,facebook/xglm-564M,10,contentwords,519,0.9956241846084595
xglm_small,facebook/xglm-564M,10,contentwords,520,0.9848488569259644
xglm_small,facebook/xglm-564M,10,contentwords,521,0.9909942150115967
xglm_small,facebook/xglm-564M,10,contentwords,522,0.9851508736610413
xglm_small,facebook/xglm-564M,10,contentwords,523,0.9848625063896179
xglm_small,facebook/xglm-564M,10,contentwords,524,0.9919171333312988
xglm_small,facebook/xglm-564M,10,contentwords,525,0.9927345514297485
xglm_small,facebook/xglm-564M,10,contentwords,526,0.9937937259674072
xglm_small,facebook/xglm-564M,10,contentwords,527,0.9907230734825134
xglm_small,facebook/xglm-564M,10,contentwords,528,0.9916534423828125
xglm_small,facebook/xglm-564M,10,contentwords,529,0.9868738055229187
xglm_small,facebook/xglm-564M,10,contentwords,530,0.9906913042068481
xglm_small,facebook/xglm-564M,10,contentwords,531,0.991906464099884
xglm_small,facebook/xglm-564M,10,contentwords,532,0.9958561062812805
xglm_small,facebook/xglm-564M,10,contentwords,533,0.9840964078903198
xglm_small,facebook/xglm-564M,10,contentwords,534,0.993951678276062
xglm_small,facebook/xglm-564M,10,contentwords,535,0.985546886920929
xglm_small,facebook/xglm-564M,10,contentwords,536,0.9955501556396484
xglm_small,facebook/xglm-564M,10,contentwords,537,0.9962072372436523
xglm_small,facebook/xglm-564M,10,contentwords,538,0.9961307048797607
xglm_small,facebook/xglm-564M,10,contentwords,539,0.9969828128814697
xglm_small,facebook/xglm-564M,10,contentwords,540,0.9920146465301514
xglm_small,facebook/xglm-564M,10,contentwords,541,0.9959863424301147
xglm_small,facebook/xglm-564M,10,contentwords,542,0.9954227209091187
xglm_small,facebook/xglm-564M,10,contentwords,543,0.9923936128616333
xglm_small,facebook/xglm-564M,10,contentwords,544,0.9842244982719421
xglm_small,facebook/xglm-564M,10,contentwords,545,0.9861734509468079
xglm_small,facebook/xglm-564M,10,contentwords,546,0.9933701753616333
xglm_small,facebook/xglm-564M,10,contentwords,547,0.9848974943161011
xglm_small,facebook/xglm-564M,10,contentwords,548,0.9838133454322815
xglm_small,facebook/xglm-564M,10,contentwords,549,0.994802713394165
xglm_small,facebook/xglm-564M,10,contentwords,550,0.9955825209617615
xglm_small,facebook/xglm-564M,10,contentwords,551,0.9923252463340759
xglm_small,facebook/xglm-564M,10,contentwords,552,0.9954315423965454
xglm_small,facebook/xglm-564M,10,contentwords,553,0.9844285249710083
xglm_small,facebook/xglm-564M,10,contentwords,554,0.9870096445083618
xglm_small,facebook/xglm-564M,10,contentwords,555,0.9971309304237366
xglm_small,facebook/xglm-564M,10,contentwords,556,0.9894497394561768
xglm_small,facebook/xglm-564M,10,contentwords,557,0.9952569007873535
xglm_small,facebook/xglm-564M,10,contentwords,558,0.9938620328903198
xglm_small,facebook/xglm-564M,10,contentwords,559,0.9824358820915222
xglm_small,facebook/xglm-564M,10,contentwords,560,0.9815442562103271
xglm_small,facebook/xglm-564M,10,contentwords,561,0.9962826371192932
xglm_small,facebook/xglm-564M,10,contentwords,562,0.9929032325744629
xglm_small,facebook/xglm-564M,10,contentwords,563,0.9959492683410645
xglm_small,facebook/xglm-564M,10,contentwords,564,0.9956378936767578
xglm_small,facebook/xglm-564M,10,contentwords,565,0.9941238760948181
xglm_small,facebook/xglm-564M,10,contentwords,566,0.9938672184944153
xglm_small,facebook/xglm-564M,10,contentwords,567,0.9914888739585876
xglm_small,facebook/xglm-564M,10,contentwords,568,0.9965655207633972
xglm_small,facebook/xglm-564M,10,contentwords,569,0.993652880191803
xglm_small,facebook/xglm-564M,10,contentwords,570,0.9971815943717957
xglm_small,facebook/xglm-564M,10,contentwords,571,0.9968530535697937
xglm_small,facebook/xglm-564M,10,contentwords,572,0.9951955080032349
xglm_small,facebook/xglm-564M,10,contentwords,573,0.99653559923172
xglm_small,facebook/xglm-564M,10,contentwords,574,0.9959912300109863
xglm_small,facebook/xglm-564M,10,contentwords,575,0.9944812655448914
xglm_small,facebook/xglm-564M,10,contentwords,576,0.9924342036247253
xglm_small,facebook/xglm-564M,10,contentwords,577,0.9967432022094727
xglm_small,facebook/xglm-564M,10,contentwords,578,0.9966064691543579
xglm_small,facebook/xglm-564M,10,contentwords,579,0.9964605569839478
xglm_small,facebook/xglm-564M,10,contentwords,580,0.9726146459579468
xglm_small,facebook/xglm-564M,10,contentwords,581,0.9923593401908875
xglm_small,facebook/xglm-564M,10,contentwords,582,0.9709894061088562
xglm_small,facebook/xglm-564M,10,contentwords,583,0.9693748950958252
xglm_small,facebook/xglm-564M,10,contentwords,584,0.9701272249221802
xglm_small,facebook/xglm-564M,10,contentwords,585,0.9839981198310852
xglm_small,facebook/xglm-564M,10,contentwords,586,0.9934359788894653
xglm_small,facebook/xglm-564M,10,contentwords,587,0.99571692943573
xglm_small,facebook/xglm-564M,10,contentwords,588,0.9966322183609009
xglm_small,facebook/xglm-564M,10,contentwords,589,0.9915472269058228
xglm_small,facebook/xglm-564M,10,contentwords,590,0.9939818382263184
xglm_small,facebook/xglm-564M,10,contentwords,591,0.9960301518440247
xglm_small,facebook/xglm-564M,10,contentwords,592,0.9805624485015869
xglm_small,facebook/xglm-564M,10,contentwords,593,0.9837932586669922
xglm_small,facebook/xglm-564M,10,contentwords,594,0.9840781092643738
xglm_small,facebook/xglm-564M,10,contentwords,595,0.9923714995384216
xglm_small,facebook/xglm-564M,10,contentwords,596,0.9966015815734863
xglm_small,facebook/xglm-564M,10,contentwords,597,0.9957526922225952
xglm_small,facebook/xglm-564M,10,contentwords,598,0.9974002838134766
xglm_small,facebook/xglm-564M,10,contentwords,599,0.9966592788696289
xglm_small,facebook/xglm-564M,10,contentwords,600,0.9927586317062378
xglm_small,facebook/xglm-564M,10,contentwords,601,0.9916343092918396
xglm_small,facebook/xglm-564M,10,contentwords,602,0.9962278604507446
xglm_small,facebook/xglm-564M,10,contentwords,603,0.9956361651420593
xglm_small,facebook/xglm-564M,10,contentwords,604,0.9964732527732849
xglm_small,facebook/xglm-564M,10,contentwords,605,0.9965947866439819
xglm_small,facebook/xglm-564M,10,contentwords,606,0.9932407736778259
xglm_small,facebook/xglm-564M,10,contentwords,607,0.9939284324645996
xglm_small,facebook/xglm-564M,10,contentwords,608,0.9963544607162476
xglm_small,facebook/xglm-564M,10,contentwords,609,0.9917396306991577
xglm_small,facebook/xglm-564M,10,contentwords,610,0.9956616163253784
xglm_small,facebook/xglm-564M,10,contentwords,611,0.9891496896743774
xglm_small,facebook/xglm-564M,10,contentwords,612,0.9813183546066284
xglm_small,facebook/xglm-564M,10,contentwords,613,0.987176239490509
xglm_small,facebook/xglm-564M,10,contentwords,614,0.995880126953125
xglm_small,facebook/xglm-564M,10,contentwords,615,0.9960811138153076
xglm_small,facebook/xglm-564M,10,contentwords,616,0.9908326864242554
xglm_small,facebook/xglm-564M,10,contentwords,617,0.9964144825935364
xglm_small,facebook/xglm-564M,10,contentwords,618,0.9904364943504333
xglm_small,facebook/xglm-564M,10,contentwords,619,0.996337890625
xglm_small,facebook/xglm-564M,10,contentwords,620,0.9958767890930176
xglm_small,facebook/xglm-564M,10,contentwords,621,0.9857171773910522
xglm_small,facebook/xglm-564M,10,contentwords,622,0.996887743473053
xglm_small,facebook/xglm-564M,10,contentwords,623,0.9954572916030884
xglm_small,facebook/xglm-564M,10,contentwords,624,0.9934267401695251
xglm_small,facebook/xglm-564M,10,contentwords,625,0.9947715997695923
xglm_small,facebook/xglm-564M,10,contentwords,626,0.995490550994873
xglm_small,facebook/xglm-564M,10,contentwords,627,0.9912264347076416
xglm_small,facebook/xglm-564M,10,contentwords,628,0.9863470792770386
xglm_small,facebook/xglm-564M,10,contentwords,629,0.9844028949737549
xglm_small,facebook/xglm-564M,10,contentwords,630,0.9931659698486328
xglm_small,facebook/xglm-564M,10,contentwords,631,0.9950933456420898
xglm_small,facebook/xglm-564M,10,contentwords,632,0.9917416572570801
xglm_small,facebook/xglm-564M,10,contentwords,633,0.9902133941650391
xglm_small,facebook/xglm-564M,10,contentwords,634,0.9929736852645874
xglm_small,facebook/xglm-564M,10,contentwords,635,0.992854654788971
xglm_small,facebook/xglm-564M,10,contentwords,636,0.9926014542579651
xglm_small,facebook/xglm-564M,10,contentwords,637,0.9844085574150085
xglm_small,facebook/xglm-564M,10,contentwords,638,0.9820862412452698
xglm_small,facebook/xglm-564M,10,contentwords,639,0.9957007765769958
xglm_small,facebook/xglm-564M,10,contentwords,640,0.9971888065338135
xglm_small,facebook/xglm-564M,10,contentwords,641,0.9955002069473267
xglm_small,facebook/xglm-564M,10,contentwords,642,0.992358386516571
xglm_small,facebook/xglm-564M,10,contentwords,643,0.995460569858551
xglm_small,facebook/xglm-564M,10,contentwords,644,0.9928556680679321
xglm_small,facebook/xglm-564M,10,contentwords,645,0.9918050765991211
xglm_small,facebook/xglm-564M,10,contentwords,646,0.9989445209503174
xglm_small,facebook/xglm-564M,10,contentwords,647,0.9929412603378296
xglm_small,facebook/xglm-564M,10,contentwords,648,0.9928428530693054
xglm_small,facebook/xglm-564M,10,contentwords,649,0.9932186603546143
xglm_small,facebook/xglm-564M,10,contentwords,650,0.9835072755813599
xglm_small,facebook/xglm-564M,10,contentwords,651,0.996436595916748
xglm_small,facebook/xglm-564M,10,contentwords,652,0.9845520257949829
xglm_small,facebook/xglm-564M,10,contentwords,653,0.996039867401123
xglm_small,facebook/xglm-564M,10,contentwords,654,0.992633581161499
xglm_small,facebook/xglm-564M,10,contentwords,655,0.9958124160766602
xglm_small,facebook/xglm-564M,10,contentwords,656,0.9932587146759033
xglm_small,facebook/xglm-564M,10,contentwords,657,0.9815483689308167
xglm_small,facebook/xglm-564M,10,contentwords,658,0.9965522289276123
xglm_small,facebook/xglm-564M,10,contentwords,659,0.9913141131401062
xglm_small,facebook/xglm-564M,10,contentwords,660,0.9931578040122986
xglm_small,facebook/xglm-564M,10,contentwords,661,0.9930375218391418
xglm_small,facebook/xglm-564M,10,contentwords,662,0.9930315613746643
xglm_small,facebook/xglm-564M,10,contentwords,663,0.9925390481948853
xglm_small,facebook/xglm-564M,10,contentwords,664,0.9924638271331787
xglm_small,facebook/xglm-564M,10,contentwords,665,0.9932974576950073
xglm_small,facebook/xglm-564M,10,contentwords,666,0.9933571815490723
xglm_small,facebook/xglm-564M,10,contentwords,667,0.9918650984764099
xglm_small,facebook/xglm-564M,10,contentwords,668,0.9936509728431702
xglm_small,facebook/xglm-564M,10,contentwords,669,0.9930747151374817
xglm_small,facebook/xglm-564M,10,contentwords,670,0.9922275543212891
xglm_small,facebook/xglm-564M,10,contentwords,671,0.992512047290802
xglm_small,facebook/xglm-564M,10,contentwords,672,0.9924212098121643
xglm_small,facebook/xglm-564M,10,contentwords,673,0.9932579398155212
xglm_small,facebook/xglm-564M,10,contentwords,674,0.9908325672149658
xglm_small,facebook/xglm-564M,10,contentwords,675,0.9932613372802734
xglm_small,facebook/xglm-564M,10,contentwords,676,0.9907345771789551
xglm_small,facebook/xglm-564M,10,contentwords,677,0.9930791854858398
xglm_small,facebook/xglm-564M,10,contentwords,678,0.9897246360778809
xglm_small,facebook/xglm-564M,10,contentwords,679,0.9933693408966064
xglm_small,facebook/xglm-564M,10,contentwords,680,0.9901736378669739
xglm_small,facebook/xglm-564M,10,contentwords,681,0.9903616309165955
xglm_small,facebook/xglm-564M,10,contentwords,682,0.9914220571517944
xglm_small,facebook/xglm-564M,10,contentwords,683,0.9900653958320618
xglm_small,facebook/xglm-564M,10,contentwords,684,0.9913934469223022
xglm_small,facebook/xglm-564M,10,contentwords,685,0.987750768661499
xglm_small,facebook/xglm-564M,10,contentwords,686,0.9930089116096497
xglm_small,facebook/xglm-564M,10,contentwords,687,0.9925556182861328
xglm_small,facebook/xglm-564M,10,contentwords,688,0.9898040890693665
xglm_small,facebook/xglm-564M,10,contentwords,689,0.9923399686813354
xglm_small,facebook/xglm-564M,10,contentwords,690,0.9921905398368835
xglm_small,facebook/xglm-564M,10,contentwords,691,0.9925940036773682
xglm_small,facebook/xglm-564M,10,contentwords,692,0.9922152161598206
xglm_small,facebook/xglm-564M,10,contentwords,693,0.9914892315864563
xglm_small,facebook/xglm-564M,10,contentwords,694,0.9914153218269348
xglm_small,facebook/xglm-564M,10,contentwords,695,0.9909664392471313
xglm_small,facebook/xglm-564M,10,contentwords,696,0.9926170110702515
xglm_small,facebook/xglm-564M,10,contentwords,697,0.9933988451957703
xglm_small,facebook/xglm-564M,10,contentwords,698,0.9930782318115234
xglm_small,facebook/xglm-564M,10,contentwords,699,0.9919490814208984
xglm_small,facebook/xglm-564M,10,contentwords,700,0.9936736822128296
xglm_small,facebook/xglm-564M,10,contentwords,701,0.9920501112937927
xglm_small,facebook/xglm-564M,10,contentwords,702,0.9909672737121582
xglm_small,facebook/xglm-564M,10,contentwords,703,0.9940996170043945
xglm_small,facebook/xglm-564M,10,contentwords,704,0.992052435874939
xglm_small,facebook/xglm-564M,10,contentwords,705,0.9902055263519287
xglm_small,facebook/xglm-564M,10,contentwords,706,0.9939953684806824
xglm_small,facebook/xglm-564M,10,contentwords,707,0.993324875831604
xglm_small,facebook/xglm-564M,10,contentwords,708,0.993174135684967
xglm_small,facebook/xglm-564M,10,contentwords,709,0.9940171241760254
xglm_small,facebook/xglm-564M,10,contentwords,710,0.9948533773422241
xglm_small,facebook/xglm-564M,10,contentwords,711,0.992838978767395
xglm_small,facebook/xglm-564M,10,contentwords,712,0.9922285079956055
xglm_small,facebook/xglm-564M,10,contentwords,713,0.9890727996826172
xglm_small,facebook/xglm-564M,10,contentwords,714,0.9937192797660828
xglm_small,facebook/xglm-564M,10,contentwords,715,0.9915653467178345
xglm_small,facebook/xglm-564M,10,contentwords,716,0.9913266897201538
xglm_small,facebook/xglm-564M,10,contentwords,717,0.9917864203453064
xglm_small,facebook/xglm-564M,10,contentwords,718,0.9916250705718994
xglm_small,facebook/xglm-564M,10,contentwords,719,0.9930025339126587
xglm_small,facebook/xglm-564M,10,contentwords,720,0.991953432559967
xglm_small,facebook/xglm-564M,10,contentwords,721,0.9926556348800659
xglm_small,facebook/xglm-564M,10,contentwords,722,0.9937471151351929
xglm_small,facebook/xglm-564M,10,contentwords,723,0.9897980093955994
xglm_small,facebook/xglm-564M,10,contentwords,724,0.9918517470359802
xglm_small,facebook/xglm-564M,10,contentwords,725,0.9915688037872314
xglm_small,facebook/xglm-564M,10,contentwords,726,0.9930373430252075
xglm_small,facebook/xglm-564M,10,contentwords,727,0.9919124841690063
xglm_small,facebook/xglm-564M,10,contentwords,728,0.9935414791107178
xglm_small,facebook/xglm-564M,10,contentwords,729,0.9923343062400818
xglm_small,facebook/xglm-564M,10,contentwords,730,0.9936460256576538
xglm_small,facebook/xglm-564M,10,contentwords,731,0.9909015893936157
xglm_small,facebook/xglm-564M,10,contentwords,732,0.99103182554245
xglm_small,facebook/xglm-564M,10,contentwords,733,0.9929192662239075
xglm_small,facebook/xglm-564M,10,contentwords,734,0.9931004047393799
xglm_small,facebook/xglm-564M,10,contentwords,735,0.9919948577880859
xglm_small,facebook/xglm-564M,10,contentwords,736,0.9912422895431519
xglm_small,facebook/xglm-564M,10,contentwords,737,0.9923452138900757
xglm_small,facebook/xglm-564M,10,contentwords,738,0.9928408861160278
xglm_small,facebook/xglm-564M,10,contentwords,739,0.9943255186080933
xglm_small,facebook/xglm-564M,10,contentwords,740,0.9916982650756836
xglm_small,facebook/xglm-564M,10,contentwords,741,0.9960923194885254
xglm_small,facebook/xglm-564M,10,contentwords,742,0.9943657517433167
xglm_small,facebook/xglm-564M,10,contentwords,743,0.9933278560638428
xglm_small,facebook/xglm-564M,10,contentwords,744,0.9921001195907593
xglm_small,facebook/xglm-564M,10,contentwords,745,0.9942286014556885
xglm_small,facebook/xglm-564M,10,contentwords,746,0.9902510046958923
xglm_small,facebook/xglm-564M,10,contentwords,747,0.996426522731781
xglm_small,facebook/xglm-564M,10,contentwords,748,0.9903879165649414
xglm_small,facebook/xglm-564M,10,contentwords,749,0.9908557534217834
xglm_small,facebook/xglm-564M,10,contentwords,750,0.9919382333755493
xglm_small,facebook/xglm-564M,10,contentwords,751,0.9913521409034729
xglm_small,facebook/xglm-564M,10,contentwords,752,0.9922558069229126
xglm_small,facebook/xglm-564M,10,contentwords,753,0.9919775724411011
xglm_small,facebook/xglm-564M,10,contentwords,754,0.995172381401062
xglm_small,facebook/xglm-564M,10,contentwords,755,0.9920032620429993
xglm_small,facebook/xglm-564M,10,contentwords,756,0.9920855760574341
xglm_small,facebook/xglm-564M,10,contentwords,757,0.9892617464065552
xglm_small,facebook/xglm-564M,10,contentwords,758,0.9900906085968018
xglm_small,facebook/xglm-564M,10,contentwords,759,0.9919150471687317
xglm_small,facebook/xglm-564M,10,contentwords,760,0.9904106855392456
xglm_small,facebook/xglm-564M,10,contentwords,761,0.9960260391235352
xglm_small,facebook/xglm-564M,10,contentwords,762,0.9934427738189697
xglm_small,facebook/xglm-564M,10,contentwords,763,0.9923586845397949
xglm_small,facebook/xglm-564M,10,contentwords,764,0.990221381187439
xglm_small,facebook/xglm-564M,10,contentwords,765,0.9908589720726013
xglm_small,facebook/xglm-564M,10,contentwords,766,0.993179440498352
xglm_small,facebook/xglm-564M,10,contentwords,767,0.9923223257064819
xglm_small,facebook/xglm-564M,10,contentwords,768,0.9903737902641296
xglm_small,facebook/xglm-564M,10,contentwords,769,0.9925764799118042
xglm_small,facebook/xglm-564M,10,contentwords,770,0.9920536279678345
xglm_small,facebook/xglm-564M,10,contentwords,771,0.9717084765434265
xglm_small,facebook/xglm-564M,10,contentwords,772,0.9688273072242737
xglm_small,facebook/xglm-564M,10,contentwords,773,0.9949121475219727
xglm_small,facebook/xglm-564M,10,contentwords,774,0.9719961881637573
xglm_small,facebook/xglm-564M,10,contentwords,775,0.9905915260314941
xglm_small,facebook/xglm-564M,10,contentwords,776,0.9685041308403015
xglm_small,facebook/xglm-564M,10,contentwords,777,0.9680315852165222
xglm_small,facebook/xglm-564M,10,contentwords,778,0.9923871159553528
xglm_small,facebook/xglm-564M,10,contentwords,779,0.9916234612464905
xglm_small,facebook/xglm-564M,10,contentwords,780,0.9965299367904663
xglm_small,facebook/xglm-564M,10,contentwords,781,0.973705530166626
xglm_small,facebook/xglm-564M,10,contentwords,782,0.9914894104003906
xglm_small,facebook/xglm-564M,10,contentwords,783,0.9699143171310425
xglm_small,facebook/xglm-564M,10,contentwords,784,0.9952878355979919
xglm_small,facebook/xglm-564M,10,contentwords,785,0.9953538775444031
xglm_small,facebook/xglm-564M,10,contentwords,786,0.9915368556976318
xglm_small,facebook/xglm-564M,10,contentwords,787,0.9951732158660889
xglm_small,facebook/xglm-564M,10,contentwords,788,0.9900524020195007
xglm_small,facebook/xglm-564M,10,contentwords,789,0.9911688566207886
xglm_small,facebook/xglm-564M,10,contentwords,790,0.9931581616401672
xglm_small,facebook/xglm-564M,10,contentwords,791,0.996446430683136
xglm_small,facebook/xglm-564M,10,contentwords,792,0.9908217191696167
xglm_small,facebook/xglm-564M,10,contentwords,793,0.9958218336105347
xglm_small,facebook/xglm-564M,10,contentwords,794,0.9932579398155212
xglm_small,facebook/xglm-564M,10,contentwords,795,0.9921905398368835
xglm_small,facebook/xglm-564M,10,contentwords,796,0.9918801784515381
xglm_small,facebook/xglm-564M,10,contentwords,797,0.9941627979278564
xglm_small,facebook/xglm-564M,10,contentwords,798,0.9908722639083862
xglm_small,facebook/xglm-564M,10,contentwords,799,0.9914776086807251
xglm_small,facebook/xglm-564M,10,contentwords,800,0.9937043786048889
xglm_small,facebook/xglm-564M,10,contentwords,801,0.9921642541885376
xglm_small,facebook/xglm-564M,10,contentwords,802,0.9905033111572266
xglm_small,facebook/xglm-564M,10,contentwords,803,0.9917851090431213
xglm_small,facebook/xglm-564M,10,contentwords,804,0.9932852983474731
xglm_small,facebook/xglm-564M,10,contentwords,805,0.9899510145187378
xglm_small,facebook/xglm-564M,10,contentwords,806,0.9915156364440918
xglm_small,facebook/xglm-564M,10,contentwords,807,0.9912172555923462
xglm_small,facebook/xglm-564M,10,contentwords,808,0.9914916157722473
xglm_small,facebook/xglm-564M,10,contentwords,809,0.9916195273399353
xglm_small,facebook/xglm-564M,10,contentwords,810,0.9917809963226318
xglm_small,facebook/xglm-564M,10,contentwords,811,0.9920873641967773
xglm_small,facebook/xglm-564M,10,contentwords,812,0.9932469129562378
xglm_small,facebook/xglm-564M,10,contentwords,813,0.990240216255188
xglm_small,facebook/xglm-564M,10,contentwords,814,0.9931977987289429
xglm_small,facebook/xglm-564M,10,contentwords,815,0.9916133880615234
xglm_small,facebook/xglm-564M,10,contentwords,816,0.9927956461906433
xglm_small,facebook/xglm-564M,10,contentwords,817,0.9929746389389038
xglm_small,facebook/xglm-564M,10,contentwords,818,0.9944053292274475
xglm_small,facebook/xglm-564M,10,contentwords,819,0.9924485683441162
xglm_small,facebook/xglm-564M,10,contentwords,820,0.9924683570861816
xglm_small,facebook/xglm-564M,10,contentwords,821,0.9915415644645691
xglm_small,facebook/xglm-564M,10,contentwords,822,0.9931612014770508
xglm_small,facebook/xglm-564M,10,contentwords,823,0.9923839569091797
xglm_small,facebook/xglm-564M,10,contentwords,824,0.9915691018104553
xglm_small,facebook/xglm-564M,10,contentwords,825,0.9924730658531189
xglm_small,facebook/xglm-564M,10,contentwords,826,0.9925717115402222
xglm_small,facebook/xglm-564M,10,contentwords,827,0.9932857155799866
xglm_small,facebook/xglm-564M,10,contentwords,828,0.994178056716919
xglm_small,facebook/xglm-564M,10,contentwords,829,0.9923266172409058
xglm_small,facebook/xglm-564M,10,contentwords,830,0.9917949438095093
xglm_small,facebook/xglm-564M,10,contentwords,831,0.9944303035736084
xglm_small,facebook/xglm-564M,10,contentwords,832,0.9924569129943848
xglm_small,facebook/xglm-564M,10,contentwords,833,0.9917402863502502
xglm_small,facebook/xglm-564M,10,contentwords,834,0.9931183457374573
xglm_small,facebook/xglm-564M,10,contentwords,835,0.9918015003204346
xglm_small,facebook/xglm-564M,10,contentwords,836,0.9927636384963989
xglm_small,facebook/xglm-564M,10,contentwords,837,0.9931739568710327
xglm_small,facebook/xglm-564M,10,contentwords,838,0.9928526878356934
xglm_small,facebook/xglm-564M,10,contentwords,839,0.9926395416259766
xglm_small,facebook/xglm-564M,10,contentwords,840,0.9911107420921326
xglm_small,facebook/xglm-564M,10,contentwords,841,0.9926717281341553
xglm_small,facebook/xglm-564M,10,contentwords,842,0.991720974445343
xglm_small,facebook/xglm-564M,10,contentwords,843,0.9942160844802856
xglm_small,facebook/xglm-564M,10,contentwords,844,0.9895094633102417
xglm_small,facebook/xglm-564M,10,contentwords,845,0.9942061901092529
xglm_small,facebook/xglm-564M,10,contentwords,846,0.9933772087097168
xglm_small,facebook/xglm-564M,10,contentwords,847,0.9909559488296509
xglm_small,facebook/xglm-564M,10,contentwords,848,0.9923769235610962
xglm_small,facebook/xglm-564M,10,contentwords,849,0.9930893778800964
xglm_small,facebook/xglm-564M,10,contentwords,850,0.9922379851341248
xglm_small,facebook/xglm-564M,10,contentwords,851,0.9936389923095703
xglm_small,facebook/xglm-564M,10,contentwords,852,0.9931343793869019
xglm_small,facebook/xglm-564M,10,contentwords,853,0.9923813343048096
xglm_small,facebook/xglm-564M,10,contentwords,854,0.9921581149101257
xglm_small,facebook/xglm-564M,10,contentwords,855,0.9936451315879822
xglm_small,facebook/xglm-564M,10,contentwords,856,0.9922552704811096
xglm_small,facebook/xglm-564M,10,contentwords,857,0.9942647218704224
xglm_small,facebook/xglm-564M,10,contentwords,858,0.992089569568634
xglm_small,facebook/xglm-564M,10,contentwords,859,0.9910234212875366
xglm_small,facebook/xglm-564M,10,contentwords,860,0.993080735206604
xglm_small,facebook/xglm-564M,10,contentwords,861,0.9930756688117981
xglm_small,facebook/xglm-564M,10,contentwords,862,0.9911726117134094
xglm_small,facebook/xglm-564M,10,contentwords,863,0.9964365363121033
xglm_small,facebook/xglm-564M,10,contentwords,864,0.9924686551094055
xglm_small,facebook/xglm-564M,10,contentwords,865,0.9927807450294495
xglm_small,facebook/xglm-564M,10,contentwords,866,0.9931390881538391
xglm_small,facebook/xglm-564M,10,contentwords,867,0.9908572435379028
xglm_small,facebook/xglm-564M,10,contentwords,868,0.993096113204956
xglm_small,facebook/xglm-564M,10,contentwords,869,0.9949072599411011
xglm_small,facebook/xglm-564M,10,contentwords,870,0.993000328540802
xglm_small,facebook/xglm-564M,10,contentwords,871,0.9915316700935364
xglm_small,facebook/xglm-564M,10,contentwords,872,0.9929561018943787
xglm_small,facebook/xglm-564M,10,contentwords,873,0.9909083843231201
xglm_small,facebook/xglm-564M,10,contentwords,874,0.9907395839691162
xglm_small,facebook/xglm-564M,10,contentwords,875,0.992454469203949
xglm_small,facebook/xglm-564M,10,contentwords,876,0.9925075173377991
xglm_small,facebook/xglm-564M,10,contentwords,877,0.9942144751548767
xglm_small,facebook/xglm-564M,10,contentwords,878,0.9927005767822266
xglm_small,facebook/xglm-564M,10,contentwords,879,0.9927483201026917
xglm_small,facebook/xglm-564M,10,contentwords,880,0.9939137101173401
xglm_small,facebook/xglm-564M,10,contentwords,881,0.9928020238876343
xglm_small,facebook/xglm-564M,10,contentwords,882,0.9941821098327637
xglm_small,facebook/xglm-564M,10,contentwords,883,0.9940193891525269
xglm_small,facebook/xglm-564M,10,contentwords,884,0.9937043190002441
xglm_small,facebook/xglm-564M,10,contentwords,885,0.9922259449958801
xglm_small,facebook/xglm-564M,10,contentwords,886,0.9936726093292236
xglm_small,facebook/xglm-564M,10,contentwords,887,0.9936163425445557
xglm_small,facebook/xglm-564M,10,contentwords,888,0.9927464723587036
xglm_small,facebook/xglm-564M,10,contentwords,889,0.9908784627914429
xglm_small,facebook/xglm-564M,10,contentwords,890,0.9938002824783325
xglm_small,facebook/xglm-564M,10,contentwords,891,0.9943842887878418
xglm_small,facebook/xglm-564M,10,contentwords,892,0.9894604682922363
xglm_small,facebook/xglm-564M,10,contentwords,893,0.9919454455375671
xglm_small,facebook/xglm-564M,10,contentwords,894,0.9924643039703369
xglm_small,facebook/xglm-564M,10,contentwords,895,0.9914475083351135
xglm_small,facebook/xglm-564M,10,contentwords,896,0.9911645650863647
xglm_small,facebook/xglm-564M,10,contentwords,897,0.9927914142608643
xglm_small,facebook/xglm-564M,10,contentwords,898,0.9929812550544739
xglm_small,facebook/xglm-564M,10,contentwords,899,0.9930603504180908
xglm_small,facebook/xglm-564M,10,contentwords,900,0.9893810749053955
xglm_small,facebook/xglm-564M,10,contentwords,901,0.991086483001709
xglm_small,facebook/xglm-564M,10,contentwords,902,0.9914911985397339
xglm_small,facebook/xglm-564M,10,contentwords,903,0.9917745590209961
xglm_small,facebook/xglm-564M,10,contentwords,904,0.9939079880714417
xglm_small,facebook/xglm-564M,10,contentwords,905,0.9909348487854004
xglm_small,facebook/xglm-564M,10,contentwords,906,0.9908066987991333
xglm_small,facebook/xglm-564M,10,contentwords,907,0.9949655532836914
xglm_small,facebook/xglm-564M,10,contentwords,908,0.9924432039260864
xglm_small,facebook/xglm-564M,10,contentwords,909,0.9900872707366943
xglm_small,facebook/xglm-564M,10,contentwords,910,0.9913640022277832
xglm_small,facebook/xglm-564M,10,contentwords,911,0.9920294880867004
xglm_small,facebook/xglm-564M,10,contentwords,912,0.9952036738395691
xglm_small,facebook/xglm-564M,10,contentwords,913,0.9929168224334717
xglm_small,facebook/xglm-564M,10,contentwords,914,0.992670476436615
xglm_small,facebook/xglm-564M,10,contentwords,915,0.9921635985374451
xglm_small,facebook/xglm-564M,10,contentwords,916,0.9929003715515137
xglm_small,facebook/xglm-564M,10,contentwords,917,0.9845905900001526
xglm_small,facebook/xglm-564M,10,contentwords,918,0.9954842329025269
xglm_small,facebook/xglm-564M,10,contentwords,919,0.9934343099594116
xglm_small,facebook/xglm-564M,10,contentwords,920,0.9945901036262512
xglm_small,facebook/xglm-564M,10,contentwords,921,0.9910763502120972
xglm_small,facebook/xglm-564M,10,contentwords,922,0.9845680594444275
xglm_small,facebook/xglm-564M,10,contentwords,923,0.985058069229126
xglm_small,facebook/xglm-564M,10,contentwords,924,0.9930485486984253
xglm_small,facebook/xglm-564M,10,contentwords,925,0.992613673210144
xglm_small,facebook/xglm-564M,10,contentwords,926,0.9825867414474487
xglm_small,facebook/xglm-564M,10,contentwords,927,0.9949456453323364
xglm_small,facebook/xglm-564M,10,contentwords,928,0.9929845333099365
xglm_small,facebook/xglm-564M,10,contentwords,929,0.9947357177734375
xglm_small,facebook/xglm-564M,10,contentwords,930,0.982354998588562
xglm_small,facebook/xglm-564M,10,contentwords,931,0.9822820425033569
xglm_small,facebook/xglm-564M,10,contentwords,932,0.9906648397445679
xglm_small,facebook/xglm-564M,10,contentwords,933,0.9800165295600891
xglm_small,facebook/xglm-564M,10,contentwords,934,0.9955023527145386
xglm_small,facebook/xglm-564M,10,contentwords,935,0.9849122166633606
xglm_small,facebook/xglm-564M,10,contentwords,936,0.9824095368385315
xglm_small,facebook/xglm-564M,10,contentwords,937,0.9911798238754272
xglm_small,facebook/xglm-564M,10,contentwords,938,0.9856446981430054
xglm_small,facebook/xglm-564M,10,contentwords,939,0.9931752681732178
xglm_small,facebook/xglm-564M,10,contentwords,940,0.9812512397766113
xglm_small,facebook/xglm-564M,10,contentwords,941,0.9841305613517761
xglm_small,facebook/xglm-564M,10,contentwords,942,0.9830637574195862
xglm_small,facebook/xglm-564M,10,contentwords,943,0.9833675026893616
xglm_small,facebook/xglm-564M,10,contentwords,944,0.9921374320983887
xglm_small,facebook/xglm-564M,10,contentwords,945,0.9876983761787415
xglm_small,facebook/xglm-564M,10,contentwords,946,0.9820981621742249
xglm_small,facebook/xglm-564M,10,contentwords,947,0.9926959872245789
xglm_small,facebook/xglm-564M,10,contentwords,948,0.9794814586639404
xglm_small,facebook/xglm-564M,10,contentwords,949,0.9837439656257629
xglm_small,facebook/xglm-564M,10,contentwords,950,0.9968717694282532
xglm_small,facebook/xglm-564M,10,contentwords,951,0.9960484504699707
xglm_small,facebook/xglm-564M,10,contentwords,952,0.9929475784301758
xglm_small,facebook/xglm-564M,10,contentwords,953,0.9912176132202148
xglm_small,facebook/xglm-564M,10,contentwords,954,0.9967470765113831
xglm_small,facebook/xglm-564M,10,contentwords,955,0.984878420829773
xglm_small,facebook/xglm-564M,10,contentwords,956,0.9818047285079956
xglm_small,facebook/xglm-564M,10,contentwords,957,0.9966027140617371
xglm_small,facebook/xglm-564M,10,contentwords,958,0.9986013174057007
xglm_small,facebook/xglm-564M,10,contentwords,959,0.9927444458007812
xglm_small,facebook/xglm-564M,10,contentwords,960,0.9969342350959778
xglm_small,facebook/xglm-564M,10,contentwords,961,0.980505645275116
xglm_small,facebook/xglm-564M,10,contentwords,962,0.9838649034500122
xglm_small,facebook/xglm-564M,10,contentwords,963,0.9955797791481018
xglm_small,facebook/xglm-564M,10,contentwords,964,0.9830062985420227
xglm_small,facebook/xglm-564M,10,contentwords,965,0.9840808510780334
xglm_small,facebook/xglm-564M,10,contentwords,966,0.9959574937820435
xglm_small,facebook/xglm-564M,10,contentwords,967,0.9936903119087219
xglm_small,facebook/xglm-564M,10,contentwords,968,0.9915904998779297
xglm_small,facebook/xglm-564M,10,contentwords,969,0.9953856468200684
xglm_small,facebook/xglm-564M,10,contentwords,970,0.996425449848175
xglm_small,facebook/xglm-564M,10,contentwords,971,0.983640193939209
xglm_small,facebook/xglm-564M,10,contentwords,972,0.9826768636703491
xglm_small,facebook/xglm-564M,10,contentwords,973,0.995971143245697
xglm_small,facebook/xglm-564M,10,contentwords,974,0.970184326171875
xglm_small,facebook/xglm-564M,10,contentwords,975,0.9932986497879028
xglm_small,facebook/xglm-564M,10,contentwords,976,0.9920892119407654
xglm_small,facebook/xglm-564M,10,contentwords,977,0.9908414483070374
xglm_small,facebook/xglm-564M,10,contentwords,978,0.9694477915763855
xglm_small,facebook/xglm-564M,10,contentwords,979,0.9936275482177734
xglm_small,facebook/xglm-564M,10,contentwords,980,0.9964084029197693
xglm_small,facebook/xglm-564M,10,contentwords,981,0.9926521182060242
xglm_small,facebook/xglm-564M,10,contentwords,982,0.9831359386444092
xglm_small,facebook/xglm-564M,10,contentwords,983,0.9963971972465515
xglm_small,facebook/xglm-564M,10,contentwords,984,0.9957937002182007
xglm_small,facebook/xglm-564M,10,contentwords,985,0.9847779273986816
xglm_small,facebook/xglm-564M,10,contentwords,986,0.9956601858139038
xglm_small,facebook/xglm-564M,10,contentwords,987,0.9798434972763062
xglm_small,facebook/xglm-564M,10,contentwords,988,0.9958435297012329
xglm_small,facebook/xglm-564M,10,contentwords,989,0.992125928401947
xglm_small,facebook/xglm-564M,10,contentwords,990,0.9934443235397339
xglm_small,facebook/xglm-564M,10,contentwords,991,0.9939321875572205
xglm_small,facebook/xglm-564M,10,contentwords,992,0.9921577572822571
xglm_small,facebook/xglm-564M,10,contentwords,993,0.9915211200714111
xglm_small,facebook/xglm-564M,10,contentwords,994,0.9950726628303528
xglm_small,facebook/xglm-564M,10,contentwords,995,0.99675452709198
xglm_small,facebook/xglm-564M,10,contentwords,996,0.9942397475242615
xglm_small,facebook/xglm-564M,10,contentwords,997,0.9957284927368164
xglm_small,facebook/xglm-564M,10,contentwords,998,0.9954010844230652
xglm_small,facebook/xglm-564M,10,contentwords,999,0.9914098978042603
xglm_small,facebook/xglm-564M,10,nouns,0,0.9806801080703735
xglm_small,facebook/xglm-564M,10,nouns,1,0.9610326290130615
xglm_small,facebook/xglm-564M,10,nouns,2,0.9732422828674316
xglm_small,facebook/xglm-564M,10,nouns,3,0.9778102040290833
xglm_small,facebook/xglm-564M,10,nouns,4,0.9542896747589111
xglm_small,facebook/xglm-564M,10,nouns,5,0.9696906805038452
xglm_small,facebook/xglm-564M,10,nouns,6,0.9729557037353516
xglm_small,facebook/xglm-564M,10,nouns,7,0.9756581783294678
xglm_small,facebook/xglm-564M,10,nouns,8,0.9719540476799011
xglm_small,facebook/xglm-564M,10,nouns,9,0.9744179844856262
xglm_small,facebook/xglm-564M,10,nouns,10,0.9699801206588745
xglm_small,facebook/xglm-564M,10,nouns,11,0.9637237787246704
xglm_small,facebook/xglm-564M,10,nouns,12,0.9566593170166016
xglm_small,facebook/xglm-564M,10,nouns,13,0.9713696241378784
xglm_small,facebook/xglm-564M,10,nouns,14,0.9649233818054199
xglm_small,facebook/xglm-564M,10,nouns,15,0.9558709859848022
xglm_small,facebook/xglm-564M,10,nouns,16,0.9699099659919739
xglm_small,facebook/xglm-564M,10,nouns,17,0.9682392477989197
xglm_small,facebook/xglm-564M,10,nouns,18,0.9538843035697937
xglm_small,facebook/xglm-564M,10,nouns,19,0.9657799005508423
xglm_small,facebook/xglm-564M,10,nouns,20,0.9750077724456787
xglm_small,facebook/xglm-564M,10,nouns,21,0.9717202186584473
xglm_small,facebook/xglm-564M,10,nouns,22,0.9698379039764404
xglm_small,facebook/xglm-564M,10,nouns,23,0.9711962938308716
xglm_small,facebook/xglm-564M,10,nouns,24,0.9753037095069885
xglm_small,facebook/xglm-564M,10,nouns,25,0.9732961058616638
xglm_small,facebook/xglm-564M,10,nouns,26,0.9513802528381348
xglm_small,facebook/xglm-564M,10,nouns,27,0.9551491141319275
xglm_small,facebook/xglm-564M,10,nouns,28,0.9533855319023132
xglm_small,facebook/xglm-564M,10,nouns,29,0.9585844278335571
xglm_small,facebook/xglm-564M,10,nouns,30,0.9577353596687317
xglm_small,facebook/xglm-564M,10,nouns,31,0.9565423130989075
xglm_small,facebook/xglm-564M,10,nouns,32,0.9597842693328857
xglm_small,facebook/xglm-564M,10,nouns,33,0.9736036658287048
xglm_small,facebook/xglm-564M,10,nouns,34,0.9704320430755615
xglm_small,facebook/xglm-564M,10,nouns,35,0.954793393611908
xglm_small,facebook/xglm-564M,10,nouns,36,0.9616095423698425
xglm_small,facebook/xglm-564M,10,nouns,37,0.9560704231262207
xglm_small,facebook/xglm-564M,10,nouns,38,0.9534351825714111
xglm_small,facebook/xglm-564M,10,nouns,39,0.9728274345397949
xglm_small,facebook/xglm-564M,10,nouns,40,0.9779661297798157
xglm_small,facebook/xglm-564M,10,nouns,41,0.956882655620575
xglm_small,facebook/xglm-564M,10,nouns,42,0.974911630153656
xglm_small,facebook/xglm-564M,10,nouns,43,0.9527413845062256
xglm_small,facebook/xglm-564M,10,nouns,44,0.9509572982788086
xglm_small,facebook/xglm-564M,10,nouns,45,0.953811526298523
xglm_small,facebook/xglm-564M,10,nouns,46,0.9549528956413269
xglm_small,facebook/xglm-564M,10,nouns,47,0.9779132008552551
xglm_small,facebook/xglm-564M,10,nouns,48,0.9711872339248657
xglm_small,facebook/xglm-564M,10,nouns,49,0.9654340744018555
xglm_small,facebook/xglm-564M,10,nouns,50,0.9765938520431519
xglm_small,facebook/xglm-564M,10,nouns,51,0.9719893932342529
xglm_small,facebook/xglm-564M,10,nouns,52,0.9743819236755371
xglm_small,facebook/xglm-564M,10,nouns,53,0.9780260324478149
xglm_small,facebook/xglm-564M,10,nouns,54,0.9712926149368286
xglm_small,facebook/xglm-564M,10,nouns,55,0.9729782938957214
xglm_small,facebook/xglm-564M,10,nouns,56,0.9695882797241211
xglm_small,facebook/xglm-564M,10,nouns,57,0.9677563309669495
xglm_small,facebook/xglm-564M,10,nouns,58,0.9644681811332703
xglm_small,facebook/xglm-564M,10,nouns,59,0.9707647562026978
xglm_small,facebook/xglm-564M,10,nouns,60,0.953752875328064
xglm_small,facebook/xglm-564M,10,nouns,61,0.9532753825187683
xglm_small,facebook/xglm-564M,10,nouns,62,0.9717617034912109
xglm_small,facebook/xglm-564M,10,nouns,63,0.9766692519187927
xglm_small,facebook/xglm-564M,10,nouns,64,0.9770231246948242
xglm_small,facebook/xglm-564M,10,nouns,65,0.9591724872589111
xglm_small,facebook/xglm-564M,10,nouns,66,0.9647014141082764
xglm_small,facebook/xglm-564M,10,nouns,67,0.9727756381034851
xglm_small,facebook/xglm-564M,10,nouns,68,0.9515361189842224
xglm_small,facebook/xglm-564M,10,nouns,69,0.9621621966362
xglm_small,facebook/xglm-564M,10,nouns,70,0.9750860929489136
xglm_small,facebook/xglm-564M,10,nouns,71,0.9756796360015869
xglm_small,facebook/xglm-564M,10,nouns,72,0.9553033709526062
xglm_small,facebook/xglm-564M,10,nouns,73,0.9723051190376282
xglm_small,facebook/xglm-564M,10,nouns,74,0.9754958748817444
xglm_small,facebook/xglm-564M,10,nouns,75,0.9760825634002686
xglm_small,facebook/xglm-564M,10,nouns,76,0.9625032544136047
xglm_small,facebook/xglm-564M,10,nouns,77,0.9571349024772644
xglm_small,facebook/xglm-564M,10,nouns,78,0.9569450616836548
xglm_small,facebook/xglm-564M,10,nouns,79,0.9731819033622742
xglm_small,facebook/xglm-564M,10,nouns,80,0.9522924423217773
xglm_small,facebook/xglm-564M,10,nouns,81,0.9642386436462402
xglm_small,facebook/xglm-564M,10,nouns,82,0.9677977561950684
xglm_small,facebook/xglm-564M,10,nouns,83,0.9631901979446411
xglm_small,facebook/xglm-564M,10,nouns,84,0.976960301399231
xglm_small,facebook/xglm-564M,10,nouns,85,0.9793756008148193
xglm_small,facebook/xglm-564M,10,nouns,86,0.9527864456176758
xglm_small,facebook/xglm-564M,10,nouns,87,0.9617819786071777
xglm_small,facebook/xglm-564M,10,nouns,88,0.9738926887512207
xglm_small,facebook/xglm-564M,10,nouns,89,0.9771386981010437
xglm_small,facebook/xglm-564M,10,nouns,90,0.9769514203071594
xglm_small,facebook/xglm-564M,10,nouns,91,0.981033444404602
xglm_small,facebook/xglm-564M,10,nouns,92,0.9731259942054749
xglm_small,facebook/xglm-564M,10,nouns,93,0.9728285074234009
xglm_small,facebook/xglm-564M,10,nouns,94,0.9624600410461426
xglm_small,facebook/xglm-564M,10,nouns,95,0.9735830426216125
xglm_small,facebook/xglm-564M,10,nouns,96,0.98110431432724
xglm_small,facebook/xglm-564M,10,nouns,97,0.9773675203323364
xglm_small,facebook/xglm-564M,10,nouns,98,0.9731454849243164
xglm_small,facebook/xglm-564M,10,nouns,99,0.9533029794692993
xglm_small,facebook/xglm-564M,10,nouns,100,0.9726616740226746
xglm_small,facebook/xglm-564M,10,nouns,101,0.9621796011924744
xglm_small,facebook/xglm-564M,10,nouns,102,0.958270788192749
xglm_small,facebook/xglm-564M,10,nouns,103,0.9779294729232788
xglm_small,facebook/xglm-564M,10,nouns,104,0.9782028198242188
xglm_small,facebook/xglm-564M,10,nouns,105,0.956242024898529
xglm_small,facebook/xglm-564M,10,nouns,106,0.9540684223175049
xglm_small,facebook/xglm-564M,10,nouns,107,0.973743736743927
xglm_small,facebook/xglm-564M,10,nouns,108,0.9561628103256226
xglm_small,facebook/xglm-564M,10,nouns,109,0.9556941390037537
xglm_small,facebook/xglm-564M,10,nouns,110,0.9748022556304932
xglm_small,facebook/xglm-564M,10,nouns,111,0.9491713047027588
xglm_small,facebook/xglm-564M,10,nouns,112,0.9729263782501221
xglm_small,facebook/xglm-564M,10,nouns,113,0.9805172085762024
xglm_small,facebook/xglm-564M,10,nouns,114,0.9660820960998535
xglm_small,facebook/xglm-564M,10,nouns,115,0.9740404486656189
xglm_small,facebook/xglm-564M,10,nouns,116,0.9780076742172241
xglm_small,facebook/xglm-564M,10,nouns,117,0.9729796051979065
xglm_small,facebook/xglm-564M,10,nouns,118,0.9508147239685059
xglm_small,facebook/xglm-564M,10,nouns,119,0.9514915347099304
xglm_small,facebook/xglm-564M,10,nouns,120,0.9459396600723267
xglm_small,facebook/xglm-564M,10,nouns,121,0.9818324446678162
xglm_small,facebook/xglm-564M,10,nouns,122,0.9811463952064514
xglm_small,facebook/xglm-564M,10,nouns,123,0.9819921851158142
xglm_small,facebook/xglm-564M,10,nouns,124,0.9615558385848999
xglm_small,facebook/xglm-564M,10,nouns,125,0.9743216037750244
xglm_small,facebook/xglm-564M,10,nouns,126,0.9623770117759705
xglm_small,facebook/xglm-564M,10,nouns,127,0.9567447304725647
xglm_small,facebook/xglm-564M,10,nouns,128,0.950387716293335
xglm_small,facebook/xglm-564M,10,nouns,129,0.9529821872711182
xglm_small,facebook/xglm-564M,10,nouns,130,0.9539271593093872
xglm_small,facebook/xglm-564M,10,nouns,131,0.983615517616272
xglm_small,facebook/xglm-564M,10,nouns,132,0.9648610949516296
xglm_small,facebook/xglm-564M,10,nouns,133,0.9669820666313171
xglm_small,facebook/xglm-564M,10,nouns,134,0.9786185026168823
xglm_small,facebook/xglm-564M,10,nouns,135,0.9679650664329529
xglm_small,facebook/xglm-564M,10,nouns,136,0.9795429706573486
xglm_small,facebook/xglm-564M,10,nouns,137,0.9740631580352783
xglm_small,facebook/xglm-564M,10,nouns,138,0.9654873609542847
xglm_small,facebook/xglm-564M,10,nouns,139,0.9570152759552002
xglm_small,facebook/xglm-564M,10,nouns,140,0.9560256004333496
xglm_small,facebook/xglm-564M,10,nouns,141,0.9502679705619812
xglm_small,facebook/xglm-564M,10,nouns,142,0.9533244967460632
xglm_small,facebook/xglm-564M,10,nouns,143,0.9781889319419861
xglm_small,facebook/xglm-564M,10,nouns,144,0.9606447219848633
xglm_small,facebook/xglm-564M,10,nouns,145,0.9552023410797119
xglm_small,facebook/xglm-564M,10,nouns,146,0.9585497379302979
xglm_small,facebook/xglm-564M,10,nouns,147,0.9591346979141235
xglm_small,facebook/xglm-564M,10,nouns,148,0.9485560059547424
xglm_small,facebook/xglm-564M,10,nouns,149,0.9526951313018799
xglm_small,facebook/xglm-564M,10,nouns,150,0.9588981866836548
xglm_small,facebook/xglm-564M,10,nouns,151,0.9649216532707214
xglm_small,facebook/xglm-564M,10,nouns,152,0.9694247245788574
xglm_small,facebook/xglm-564M,10,nouns,153,0.9552129507064819
xglm_small,facebook/xglm-564M,10,nouns,154,0.9590020179748535
xglm_small,facebook/xglm-564M,10,nouns,155,0.9498867988586426
xglm_small,facebook/xglm-564M,10,nouns,156,0.9525381922721863
xglm_small,facebook/xglm-564M,10,nouns,157,0.9661026000976562
xglm_small,facebook/xglm-564M,10,nouns,158,0.9640747308731079
xglm_small,facebook/xglm-564M,10,nouns,159,0.9536370038986206
xglm_small,facebook/xglm-564M,10,nouns,160,0.9753254652023315
xglm_small,facebook/xglm-564M,10,nouns,161,0.950117290019989
xglm_small,facebook/xglm-564M,10,nouns,162,0.9499483704566956
xglm_small,facebook/xglm-564M,10,nouns,163,0.9595041871070862
xglm_small,facebook/xglm-564M,10,nouns,164,0.9638004899024963
xglm_small,facebook/xglm-564M,10,nouns,165,0.9533706903457642
xglm_small,facebook/xglm-564M,10,nouns,166,0.9543028473854065
xglm_small,facebook/xglm-564M,10,nouns,167,0.9597274661064148
xglm_small,facebook/xglm-564M,10,nouns,168,0.9515803456306458
xglm_small,facebook/xglm-564M,10,nouns,169,0.9580292701721191
xglm_small,facebook/xglm-564M,10,nouns,170,0.9536113142967224
xglm_small,facebook/xglm-564M,10,nouns,171,0.9580672979354858
xglm_small,facebook/xglm-564M,10,nouns,172,0.962319552898407
xglm_small,facebook/xglm-564M,10,nouns,173,0.9672331809997559
xglm_small,facebook/xglm-564M,10,nouns,174,0.9634833335876465
xglm_small,facebook/xglm-564M,10,nouns,175,0.9579276442527771
xglm_small,facebook/xglm-564M,10,nouns,176,0.9652387499809265
xglm_small,facebook/xglm-564M,10,nouns,177,0.9737017154693604
xglm_small,facebook/xglm-564M,10,nouns,178,0.9777034521102905
xglm_small,facebook/xglm-564M,10,nouns,179,0.9716205596923828
xglm_small,facebook/xglm-564M,10,nouns,180,0.9630376696586609
xglm_small,facebook/xglm-564M,10,nouns,181,0.9507578611373901
xglm_small,facebook/xglm-564M,10,nouns,182,0.97020423412323
xglm_small,facebook/xglm-564M,10,nouns,183,0.9670559167861938
xglm_small,facebook/xglm-564M,10,nouns,184,0.9666436910629272
xglm_small,facebook/xglm-564M,10,nouns,185,0.9548211693763733
xglm_small,facebook/xglm-564M,10,nouns,186,0.9665979146957397
xglm_small,facebook/xglm-564M,10,nouns,187,0.9596370458602905
xglm_small,facebook/xglm-564M,10,nouns,188,0.9684367179870605
xglm_small,facebook/xglm-564M,10,nouns,189,0.9641768932342529
xglm_small,facebook/xglm-564M,10,nouns,190,0.9574040770530701
xglm_small,facebook/xglm-564M,10,nouns,191,0.9690958857536316
xglm_small,facebook/xglm-564M,10,nouns,192,0.9722864031791687
xglm_small,facebook/xglm-564M,10,nouns,193,0.9567093849182129
xglm_small,facebook/xglm-564M,10,nouns,194,0.9662017822265625
xglm_small,facebook/xglm-564M,10,nouns,195,0.96134352684021
xglm_small,facebook/xglm-564M,10,nouns,196,0.9638739824295044
xglm_small,facebook/xglm-564M,10,nouns,197,0.9744577407836914
xglm_small,facebook/xglm-564M,10,nouns,198,0.9531983137130737
xglm_small,facebook/xglm-564M,10,nouns,199,0.9606738090515137
xglm_small,facebook/xglm-564M,10,nouns,200,0.9570608735084534
xglm_small,facebook/xglm-564M,10,nouns,201,0.9777661561965942
xglm_small,facebook/xglm-564M,10,nouns,202,0.970466673374176
xglm_small,facebook/xglm-564M,10,nouns,203,0.9655790328979492
xglm_small,facebook/xglm-564M,10,nouns,204,0.9564255475997925
xglm_small,facebook/xglm-564M,10,nouns,205,0.9617754220962524
xglm_small,facebook/xglm-564M,10,nouns,206,0.956078052520752
xglm_small,facebook/xglm-564M,10,nouns,207,0.9597968459129333
xglm_small,facebook/xglm-564M,10,nouns,208,0.9707175493240356
xglm_small,facebook/xglm-564M,10,nouns,209,0.9554671049118042
xglm_small,facebook/xglm-564M,10,nouns,210,0.9645454287528992
xglm_small,facebook/xglm-564M,10,nouns,211,0.9660151600837708
xglm_small,facebook/xglm-564M,10,nouns,212,0.9719627499580383
xglm_small,facebook/xglm-564M,10,nouns,213,0.9629825353622437
xglm_small,facebook/xglm-564M,10,nouns,214,0.9726182818412781
xglm_small,facebook/xglm-564M,10,nouns,215,0.9700563549995422
xglm_small,facebook/xglm-564M,10,nouns,216,0.9679631590843201
xglm_small,facebook/xglm-564M,10,nouns,217,0.9555985927581787
xglm_small,facebook/xglm-564M,10,nouns,218,0.9697842597961426
xglm_small,facebook/xglm-564M,10,nouns,219,0.9525521397590637
xglm_small,facebook/xglm-564M,10,nouns,220,0.9633175730705261
xglm_small,facebook/xglm-564M,10,nouns,221,0.9730651378631592
xglm_small,facebook/xglm-564M,10,nouns,222,0.9720526337623596
xglm_small,facebook/xglm-564M,10,nouns,223,0.966279149055481
xglm_small,facebook/xglm-564M,10,nouns,224,0.9735332131385803
xglm_small,facebook/xglm-564M,10,nouns,225,0.9700263142585754
xglm_small,facebook/xglm-564M,10,nouns,226,0.9579481482505798
xglm_small,facebook/xglm-564M,10,nouns,227,0.9587146043777466
xglm_small,facebook/xglm-564M,10,nouns,228,0.9551682472229004
xglm_small,facebook/xglm-564M,10,nouns,229,0.9708608388900757
xglm_small,facebook/xglm-564M,10,nouns,230,0.9573829770088196
xglm_small,facebook/xglm-564M,10,nouns,231,0.9638545513153076
xglm_small,facebook/xglm-564M,10,nouns,232,0.9649196267127991
xglm_small,facebook/xglm-564M,10,nouns,233,0.9565585255622864
xglm_small,facebook/xglm-564M,10,nouns,234,0.958886981010437
xglm_small,facebook/xglm-564M,10,nouns,235,0.9639829993247986
xglm_small,facebook/xglm-564M,10,nouns,236,0.9733873605728149
xglm_small,facebook/xglm-564M,10,nouns,237,0.9600169658660889
xglm_small,facebook/xglm-564M,10,nouns,238,0.9723780751228333
xglm_small,facebook/xglm-564M,10,nouns,239,0.9715076684951782
xglm_small,facebook/xglm-564M,10,nouns,240,0.9714027047157288
xglm_small,facebook/xglm-564M,10,nouns,241,0.9658950567245483
xglm_small,facebook/xglm-564M,10,nouns,242,0.9764606356620789
xglm_small,facebook/xglm-564M,10,nouns,243,0.9633777141571045
xglm_small,facebook/xglm-564M,10,nouns,244,0.9711546301841736
xglm_small,facebook/xglm-564M,10,nouns,245,0.9558730125427246
xglm_small,facebook/xglm-564M,10,nouns,246,0.9715062379837036
xglm_small,facebook/xglm-564M,10,nouns,247,0.9583585262298584
xglm_small,facebook/xglm-564M,10,nouns,248,0.9614678025245667
xglm_small,facebook/xglm-564M,10,nouns,249,0.9748157262802124
xglm_small,facebook/xglm-564M,10,nouns,250,0.9715830087661743
xglm_small,facebook/xglm-564M,10,nouns,251,0.9702749252319336
xglm_small,facebook/xglm-564M,10,nouns,252,0.9731055498123169
xglm_small,facebook/xglm-564M,10,nouns,253,0.9707596302032471
xglm_small,facebook/xglm-564M,10,nouns,254,0.9613432288169861
xglm_small,facebook/xglm-564M,10,nouns,255,0.9696540236473083
xglm_small,facebook/xglm-564M,10,nouns,256,0.9631550312042236
xglm_small,facebook/xglm-564M,10,nouns,257,0.9692408442497253
xglm_small,facebook/xglm-564M,10,nouns,258,0.970221996307373
xglm_small,facebook/xglm-564M,10,nouns,259,0.9669511914253235
xglm_small,facebook/xglm-564M,10,nouns,260,0.9624037146568298
xglm_small,facebook/xglm-564M,10,nouns,261,0.9730315804481506
xglm_small,facebook/xglm-564M,10,nouns,262,0.9648168087005615
xglm_small,facebook/xglm-564M,10,nouns,263,0.9617856740951538
xglm_small,facebook/xglm-564M,10,nouns,264,0.9655754566192627
xglm_small,facebook/xglm-564M,10,nouns,265,0.9809098243713379
xglm_small,facebook/xglm-564M,10,nouns,266,0.9686256647109985
xglm_small,facebook/xglm-564M,10,nouns,267,0.9635106325149536
xglm_small,facebook/xglm-564M,10,nouns,268,0.9565607905387878
xglm_small,facebook/xglm-564M,10,nouns,269,0.9571012258529663
xglm_small,facebook/xglm-564M,10,nouns,270,0.9719396829605103
xglm_small,facebook/xglm-564M,10,nouns,271,0.9497237801551819
xglm_small,facebook/xglm-564M,10,nouns,272,0.968058705329895
xglm_small,facebook/xglm-564M,10,nouns,273,0.9704706072807312
xglm_small,facebook/xglm-564M,10,nouns,274,0.9602323770523071
xglm_small,facebook/xglm-564M,10,nouns,275,0.9599871635437012
xglm_small,facebook/xglm-564M,10,nouns,276,0.9596332311630249
xglm_small,facebook/xglm-564M,10,nouns,277,0.954957127571106
xglm_small,facebook/xglm-564M,10,nouns,278,0.9738339185714722
xglm_small,facebook/xglm-564M,10,nouns,279,0.9607878923416138
xglm_small,facebook/xglm-564M,10,nouns,280,0.9740691781044006
xglm_small,facebook/xglm-564M,10,nouns,281,0.9548295140266418
xglm_small,facebook/xglm-564M,10,nouns,282,0.9777765274047852
xglm_small,facebook/xglm-564M,10,nouns,283,0.9780033826828003
xglm_small,facebook/xglm-564M,10,nouns,284,0.9600099921226501
xglm_small,facebook/xglm-564M,10,nouns,285,0.956998348236084
xglm_small,facebook/xglm-564M,10,nouns,286,0.9597166180610657
xglm_small,facebook/xglm-564M,10,nouns,287,0.975368082523346
xglm_small,facebook/xglm-564M,10,nouns,288,0.9598163962364197
xglm_small,facebook/xglm-564M,10,nouns,289,0.9680591821670532
xglm_small,facebook/xglm-564M,10,nouns,290,0.9696581363677979
xglm_small,facebook/xglm-564M,10,nouns,291,0.9711547493934631
xglm_small,facebook/xglm-564M,10,nouns,292,0.9687038660049438
xglm_small,facebook/xglm-564M,10,nouns,293,0.9672351479530334
xglm_small,facebook/xglm-564M,10,nouns,294,0.9666386842727661
xglm_small,facebook/xglm-564M,10,nouns,295,0.9568492770195007
xglm_small,facebook/xglm-564M,10,nouns,296,0.9558524489402771
xglm_small,facebook/xglm-564M,10,nouns,297,0.9680884480476379
xglm_small,facebook/xglm-564M,10,nouns,298,0.9756413102149963
xglm_small,facebook/xglm-564M,10,nouns,299,0.9543439149856567
xglm_small,facebook/xglm-564M,10,nouns,300,0.96778404712677
xglm_small,facebook/xglm-564M,10,nouns,301,0.9706600904464722
xglm_small,facebook/xglm-564M,10,nouns,302,0.9713743329048157
xglm_small,facebook/xglm-564M,10,nouns,303,0.9548034071922302
xglm_small,facebook/xglm-564M,10,nouns,304,0.9727721810340881
xglm_small,facebook/xglm-564M,10,nouns,305,0.9673095941543579
xglm_small,facebook/xglm-564M,10,nouns,306,0.9663479924201965
xglm_small,facebook/xglm-564M,10,nouns,307,0.9709503054618835
xglm_small,facebook/xglm-564M,10,nouns,308,0.9693393707275391
xglm_small,facebook/xglm-564M,10,nouns,309,0.9524540901184082
xglm_small,facebook/xglm-564M,10,nouns,310,0.9715014100074768
xglm_small,facebook/xglm-564M,10,nouns,311,0.9680705070495605
xglm_small,facebook/xglm-564M,10,nouns,312,0.97186279296875
xglm_small,facebook/xglm-564M,10,nouns,313,0.9745299220085144
xglm_small,facebook/xglm-564M,10,nouns,314,0.9520841240882874
xglm_small,facebook/xglm-564M,10,nouns,315,0.9663945436477661
xglm_small,facebook/xglm-564M,10,nouns,316,0.9586410522460938
xglm_small,facebook/xglm-564M,10,nouns,317,0.9619847536087036
xglm_small,facebook/xglm-564M,10,nouns,318,0.9772363901138306
xglm_small,facebook/xglm-564M,10,nouns,319,0.9566308856010437
xglm_small,facebook/xglm-564M,10,nouns,320,0.9666942954063416
xglm_small,facebook/xglm-564M,10,nouns,321,0.9735249876976013
xglm_small,facebook/xglm-564M,10,nouns,322,0.957600474357605
xglm_small,facebook/xglm-564M,10,nouns,323,0.9727809429168701
xglm_small,facebook/xglm-564M,10,nouns,324,0.9744454622268677
xglm_small,facebook/xglm-564M,10,nouns,325,0.9700679183006287
xglm_small,facebook/xglm-564M,10,nouns,326,0.9770825505256653
xglm_small,facebook/xglm-564M,10,nouns,327,0.9606980085372925
xglm_small,facebook/xglm-564M,10,nouns,328,0.9574168920516968
xglm_small,facebook/xglm-564M,10,nouns,329,0.976740300655365
xglm_small,facebook/xglm-564M,10,nouns,330,0.9775499105453491
xglm_small,facebook/xglm-564M,10,nouns,331,0.9675007462501526
xglm_small,facebook/xglm-564M,10,nouns,332,0.9763606190681458
xglm_small,facebook/xglm-564M,10,nouns,333,0.9773505926132202
xglm_small,facebook/xglm-564M,10,nouns,334,0.9760885238647461
xglm_small,facebook/xglm-564M,10,nouns,335,0.9770257472991943
xglm_small,facebook/xglm-564M,10,nouns,336,0.9524298310279846
xglm_small,facebook/xglm-564M,10,nouns,337,0.9564667344093323
xglm_small,facebook/xglm-564M,10,nouns,338,0.9542489051818848
xglm_small,facebook/xglm-564M,10,nouns,339,0.958130955696106
xglm_small,facebook/xglm-564M,10,nouns,340,0.9674559831619263
xglm_small,facebook/xglm-564M,10,nouns,341,0.9529414176940918
xglm_small,facebook/xglm-564M,10,nouns,342,0.9719611406326294
xglm_small,facebook/xglm-564M,10,nouns,343,0.9563398957252502
xglm_small,facebook/xglm-564M,10,nouns,344,0.9724643230438232
xglm_small,facebook/xglm-564M,10,nouns,345,0.9603564739227295
xglm_small,facebook/xglm-564M,10,nouns,346,0.9593362808227539
xglm_small,facebook/xglm-564M,10,nouns,347,0.9702672958374023
xglm_small,facebook/xglm-564M,10,nouns,348,0.9736803770065308
xglm_small,facebook/xglm-564M,10,nouns,349,0.9741882681846619
xglm_small,facebook/xglm-564M,10,nouns,350,0.9661887884140015
xglm_small,facebook/xglm-564M,10,nouns,351,0.9676152467727661
xglm_small,facebook/xglm-564M,10,nouns,352,0.972236156463623
xglm_small,facebook/xglm-564M,10,nouns,353,0.9755168557167053
xglm_small,facebook/xglm-564M,10,nouns,354,0.9791004657745361
xglm_small,facebook/xglm-564M,10,nouns,355,0.9589568972587585
xglm_small,facebook/xglm-564M,10,nouns,356,0.9755922555923462
xglm_small,facebook/xglm-564M,10,nouns,357,0.9719719290733337
xglm_small,facebook/xglm-564M,10,nouns,358,0.9574248790740967
xglm_small,facebook/xglm-564M,10,nouns,359,0.9534410834312439
xglm_small,facebook/xglm-564M,10,nouns,360,0.9733387231826782
xglm_small,facebook/xglm-564M,10,nouns,361,0.9695127606391907
xglm_small,facebook/xglm-564M,10,nouns,362,0.970740556716919
xglm_small,facebook/xglm-564M,10,nouns,363,0.9689647555351257
xglm_small,facebook/xglm-564M,10,nouns,364,0.975238025188446
xglm_small,facebook/xglm-564M,10,nouns,365,0.9753831624984741
xglm_small,facebook/xglm-564M,10,nouns,366,0.9619893431663513
xglm_small,facebook/xglm-564M,10,nouns,367,0.9792419075965881
xglm_small,facebook/xglm-564M,10,nouns,368,0.9698053002357483
xglm_small,facebook/xglm-564M,10,nouns,369,0.9738560914993286
xglm_small,facebook/xglm-564M,10,nouns,370,0.9693403244018555
xglm_small,facebook/xglm-564M,10,nouns,371,0.9718385934829712
xglm_small,facebook/xglm-564M,10,nouns,372,0.9730558395385742
xglm_small,facebook/xglm-564M,10,nouns,373,0.9713000059127808
xglm_small,facebook/xglm-564M,10,nouns,374,0.9599661231040955
xglm_small,facebook/xglm-564M,10,nouns,375,0.9699927568435669
xglm_small,facebook/xglm-564M,10,nouns,376,0.9563615322113037
xglm_small,facebook/xglm-564M,10,nouns,377,0.9675484895706177
xglm_small,facebook/xglm-564M,10,nouns,378,0.9701980352401733
xglm_small,facebook/xglm-564M,10,nouns,379,0.9705199003219604
xglm_small,facebook/xglm-564M,10,nouns,380,0.9736793637275696
xglm_small,facebook/xglm-564M,10,nouns,381,0.9769771099090576
xglm_small,facebook/xglm-564M,10,nouns,382,0.9782860279083252
xglm_small,facebook/xglm-564M,10,nouns,383,0.9787760972976685
xglm_small,facebook/xglm-564M,10,nouns,384,0.9727362990379333
xglm_small,facebook/xglm-564M,10,nouns,385,0.9664455652236938
xglm_small,facebook/xglm-564M,10,nouns,386,0.9766994714736938
xglm_small,facebook/xglm-564M,10,nouns,387,0.9664508104324341
xglm_small,facebook/xglm-564M,10,nouns,388,0.9789018630981445
xglm_small,facebook/xglm-564M,10,nouns,389,0.9781966209411621
xglm_small,facebook/xglm-564M,10,nouns,390,0.9750078320503235
xglm_small,facebook/xglm-564M,10,nouns,391,0.9764058589935303
xglm_small,facebook/xglm-564M,10,nouns,392,0.9779905676841736
xglm_small,facebook/xglm-564M,10,nouns,393,0.9742736220359802
xglm_small,facebook/xglm-564M,10,nouns,394,0.9761967658996582
xglm_small,facebook/xglm-564M,10,nouns,395,0.9786024689674377
xglm_small,facebook/xglm-564M,10,nouns,396,0.978512167930603
xglm_small,facebook/xglm-564M,10,nouns,397,0.9780707359313965
xglm_small,facebook/xglm-564M,10,nouns,398,0.9779261350631714
xglm_small,facebook/xglm-564M,10,nouns,399,0.9476397037506104
xglm_small,facebook/xglm-564M,10,nouns,400,0.9592493772506714
xglm_small,facebook/xglm-564M,10,nouns,401,0.9576354026794434
xglm_small,facebook/xglm-564M,10,nouns,402,0.9580946564674377
xglm_small,facebook/xglm-564M,10,nouns,403,0.9745970368385315
xglm_small,facebook/xglm-564M,10,nouns,404,0.9579722881317139
xglm_small,facebook/xglm-564M,10,nouns,405,0.9699240922927856
xglm_small,facebook/xglm-564M,10,nouns,406,0.9814969301223755
xglm_small,facebook/xglm-564M,10,nouns,407,0.9602435231208801
xglm_small,facebook/xglm-564M,10,nouns,408,0.9559755325317383
xglm_small,facebook/xglm-564M,10,nouns,409,0.9622870087623596
xglm_small,facebook/xglm-564M,10,nouns,410,0.9623613953590393
xglm_small,facebook/xglm-564M,10,nouns,411,0.9698857069015503
xglm_small,facebook/xglm-564M,10,nouns,412,0.954982340335846
xglm_small,facebook/xglm-564M,10,nouns,413,0.9624234437942505
xglm_small,facebook/xglm-564M,10,nouns,414,0.9715318083763123
xglm_small,facebook/xglm-564M,10,nouns,415,0.973447322845459
xglm_small,facebook/xglm-564M,10,nouns,416,0.9546387195587158
xglm_small,facebook/xglm-564M,10,nouns,417,0.9713823795318604
xglm_small,facebook/xglm-564M,10,nouns,418,0.9574286341667175
xglm_small,facebook/xglm-564M,10,nouns,419,0.9709419012069702
xglm_small,facebook/xglm-564M,10,nouns,420,0.9629570841789246
xglm_small,facebook/xglm-564M,10,nouns,421,0.9593826532363892
xglm_small,facebook/xglm-564M,10,nouns,422,0.9629582762718201
xglm_small,facebook/xglm-564M,10,nouns,423,0.972148060798645
xglm_small,facebook/xglm-564M,10,nouns,424,0.9697077870368958
xglm_small,facebook/xglm-564M,10,nouns,425,0.9609286189079285
xglm_small,facebook/xglm-564M,10,nouns,426,0.9550968408584595
xglm_small,facebook/xglm-564M,10,nouns,427,0.9690064787864685
xglm_small,facebook/xglm-564M,10,nouns,428,0.9651635885238647
xglm_small,facebook/xglm-564M,10,nouns,429,0.9694470167160034
xglm_small,facebook/xglm-564M,10,nouns,430,0.9665228128433228
xglm_small,facebook/xglm-564M,10,nouns,431,0.9520615339279175
xglm_small,facebook/xglm-564M,10,nouns,432,0.9533746242523193
xglm_small,facebook/xglm-564M,10,nouns,433,0.9699960350990295
xglm_small,facebook/xglm-564M,10,nouns,434,0.971494197845459
xglm_small,facebook/xglm-564M,10,nouns,435,0.9576186537742615
xglm_small,facebook/xglm-564M,10,nouns,436,0.9730465412139893
xglm_small,facebook/xglm-564M,10,nouns,437,0.9684984683990479
xglm_small,facebook/xglm-564M,10,nouns,438,0.965610921382904
xglm_small,facebook/xglm-564M,10,nouns,439,0.9593316912651062
xglm_small,facebook/xglm-564M,10,nouns,440,0.9547783136367798
xglm_small,facebook/xglm-564M,10,nouns,441,0.9577705264091492
xglm_small,facebook/xglm-564M,10,nouns,442,0.9692360162734985
xglm_small,facebook/xglm-564M,10,nouns,443,0.9729893803596497
xglm_small,facebook/xglm-564M,10,nouns,444,0.9542326927185059
xglm_small,facebook/xglm-564M,10,nouns,445,0.9765375852584839
xglm_small,facebook/xglm-564M,10,nouns,446,0.973212480545044
xglm_small,facebook/xglm-564M,10,nouns,447,0.9630175828933716
xglm_small,facebook/xglm-564M,10,nouns,448,0.9711849093437195
xglm_small,facebook/xglm-564M,10,nouns,449,0.9617653489112854
xglm_small,facebook/xglm-564M,10,nouns,450,0.9705560207366943
xglm_small,facebook/xglm-564M,10,nouns,451,0.9653493165969849
xglm_small,facebook/xglm-564M,10,nouns,452,0.9714710712432861
xglm_small,facebook/xglm-564M,10,nouns,453,0.969854474067688
xglm_small,facebook/xglm-564M,10,nouns,454,0.967515766620636
xglm_small,facebook/xglm-564M,10,nouns,455,0.96256023645401
xglm_small,facebook/xglm-564M,10,nouns,456,0.9812313318252563
xglm_small,facebook/xglm-564M,10,nouns,457,0.9712691307067871
xglm_small,facebook/xglm-564M,10,nouns,458,0.9670042395591736
xglm_small,facebook/xglm-564M,10,nouns,459,0.9695201516151428
xglm_small,facebook/xglm-564M,10,nouns,460,0.9608137607574463
xglm_small,facebook/xglm-564M,10,nouns,461,0.9756892919540405
xglm_small,facebook/xglm-564M,10,nouns,462,0.9601027965545654
xglm_small,facebook/xglm-564M,10,nouns,463,0.95893394947052
xglm_small,facebook/xglm-564M,10,nouns,464,0.9723684191703796
xglm_small,facebook/xglm-564M,10,nouns,465,0.9612796306610107
xglm_small,facebook/xglm-564M,10,nouns,466,0.9585021734237671
xglm_small,facebook/xglm-564M,10,nouns,467,0.96235591173172
xglm_small,facebook/xglm-564M,10,nouns,468,0.9547774791717529
xglm_small,facebook/xglm-564M,10,nouns,469,0.9518623948097229
xglm_small,facebook/xglm-564M,10,nouns,470,0.9564903378486633
xglm_small,facebook/xglm-564M,10,nouns,471,0.9657334089279175
xglm_small,facebook/xglm-564M,10,nouns,472,0.9758661985397339
xglm_small,facebook/xglm-564M,10,nouns,473,0.9596008658409119
xglm_small,facebook/xglm-564M,10,nouns,474,0.960825502872467
xglm_small,facebook/xglm-564M,10,nouns,475,0.9625755548477173
xglm_small,facebook/xglm-564M,10,nouns,476,0.9794092178344727
xglm_small,facebook/xglm-564M,10,nouns,477,0.9589093327522278
xglm_small,facebook/xglm-564M,10,nouns,478,0.9574847221374512
xglm_small,facebook/xglm-564M,10,nouns,479,0.9642513990402222
xglm_small,facebook/xglm-564M,10,nouns,480,0.9529622197151184
xglm_small,facebook/xglm-564M,10,nouns,481,0.9548479318618774
xglm_small,facebook/xglm-564M,10,nouns,482,0.9628781676292419
xglm_small,facebook/xglm-564M,10,nouns,483,0.9615873098373413
xglm_small,facebook/xglm-564M,10,nouns,484,0.9804484844207764
xglm_small,facebook/xglm-564M,10,nouns,485,0.9807933568954468
xglm_small,facebook/xglm-564M,10,nouns,486,0.9585775136947632
xglm_small,facebook/xglm-564M,10,nouns,487,0.9583503007888794
xglm_small,facebook/xglm-564M,10,nouns,488,0.9486772418022156
xglm_small,facebook/xglm-564M,10,nouns,489,0.9690311551094055
xglm_small,facebook/xglm-564M,10,nouns,490,0.9700887799263
xglm_small,facebook/xglm-564M,10,nouns,491,0.9720971584320068
xglm_small,facebook/xglm-564M,10,nouns,492,0.979906439781189
xglm_small,facebook/xglm-564M,10,nouns,493,0.9557056427001953
xglm_small,facebook/xglm-564M,10,nouns,494,0.9616766571998596
xglm_small,facebook/xglm-564M,10,nouns,495,0.9522576332092285
xglm_small,facebook/xglm-564M,10,nouns,496,0.9529857635498047
xglm_small,facebook/xglm-564M,10,nouns,497,0.9858608245849609
xglm_small,facebook/xglm-564M,10,nouns,498,0.9634802937507629
xglm_small,facebook/xglm-564M,10,nouns,499,0.9529301524162292
xglm_small,facebook/xglm-564M,10,nouns,500,0.9492949843406677
xglm_small,facebook/xglm-564M,10,nouns,501,0.9729963541030884
xglm_small,facebook/xglm-564M,10,nouns,502,0.9612444043159485
xglm_small,facebook/xglm-564M,10,nouns,503,0.9630250930786133
xglm_small,facebook/xglm-564M,10,nouns,504,0.9748005867004395
xglm_small,facebook/xglm-564M,10,nouns,505,0.9786266684532166
xglm_small,facebook/xglm-564M,10,nouns,506,0.9715705513954163
xglm_small,facebook/xglm-564M,10,nouns,507,0.9789039492607117
xglm_small,facebook/xglm-564M,10,nouns,508,0.9777581691741943
xglm_small,facebook/xglm-564M,10,nouns,509,0.9483101963996887
xglm_small,facebook/xglm-564M,10,nouns,510,0.9695104360580444
xglm_small,facebook/xglm-564M,10,nouns,511,0.9709153771400452
xglm_small,facebook/xglm-564M,10,nouns,512,0.973051905632019
xglm_small,facebook/xglm-564M,10,nouns,513,0.9781554341316223
xglm_small,facebook/xglm-564M,10,nouns,514,0.9765497446060181
xglm_small,facebook/xglm-564M,10,nouns,515,0.975334644317627
xglm_small,facebook/xglm-564M,10,nouns,516,0.9780856370925903
xglm_small,facebook/xglm-564M,10,nouns,517,0.9759605526924133
xglm_small,facebook/xglm-564M,10,nouns,518,0.981953501701355
xglm_small,facebook/xglm-564M,10,nouns,519,0.9677018523216248
xglm_small,facebook/xglm-564M,10,nouns,520,0.9552010893821716
xglm_small,facebook/xglm-564M,10,nouns,521,0.9609713554382324
xglm_small,facebook/xglm-564M,10,nouns,522,0.9537009000778198
xglm_small,facebook/xglm-564M,10,nouns,523,0.9528070092201233
xglm_small,facebook/xglm-564M,10,nouns,524,0.9625709056854248
xglm_small,facebook/xglm-564M,10,nouns,525,0.9729858040809631
xglm_small,facebook/xglm-564M,10,nouns,526,0.9723060131072998
xglm_small,facebook/xglm-564M,10,nouns,527,0.960106372833252
xglm_small,facebook/xglm-564M,10,nouns,528,0.9596315622329712
xglm_small,facebook/xglm-564M,10,nouns,529,0.9552827477455139
xglm_small,facebook/xglm-564M,10,nouns,530,0.9577373266220093
xglm_small,facebook/xglm-564M,10,nouns,531,0.9598749279975891
xglm_small,facebook/xglm-564M,10,nouns,532,0.9708449244499207
xglm_small,facebook/xglm-564M,10,nouns,533,0.9547812938690186
xglm_small,facebook/xglm-564M,10,nouns,534,0.966212809085846
xglm_small,facebook/xglm-564M,10,nouns,535,0.9535113573074341
xglm_small,facebook/xglm-564M,10,nouns,536,0.9622268080711365
xglm_small,facebook/xglm-564M,10,nouns,537,0.979421079158783
xglm_small,facebook/xglm-564M,10,nouns,538,0.9760746359825134
xglm_small,facebook/xglm-564M,10,nouns,539,0.9751545786857605
xglm_small,facebook/xglm-564M,10,nouns,540,0.9559744596481323
xglm_small,facebook/xglm-564M,10,nouns,541,0.9713226556777954
xglm_small,facebook/xglm-564M,10,nouns,542,0.967714250087738
xglm_small,facebook/xglm-564M,10,nouns,543,0.9610124826431274
xglm_small,facebook/xglm-564M,10,nouns,544,0.9550270438194275
xglm_small,facebook/xglm-564M,10,nouns,545,0.953697681427002
xglm_small,facebook/xglm-564M,10,nouns,546,0.9759836792945862
xglm_small,facebook/xglm-564M,10,nouns,547,0.9543005228042603
xglm_small,facebook/xglm-564M,10,nouns,548,0.9522226452827454
xglm_small,facebook/xglm-564M,10,nouns,549,0.9770041704177856
xglm_small,facebook/xglm-564M,10,nouns,550,0.9805260896682739
xglm_small,facebook/xglm-564M,10,nouns,551,0.9782779216766357
xglm_small,facebook/xglm-564M,10,nouns,552,0.9678405523300171
xglm_small,facebook/xglm-564M,10,nouns,553,0.9519879817962646
xglm_small,facebook/xglm-564M,10,nouns,554,0.9559031128883362
xglm_small,facebook/xglm-564M,10,nouns,555,0.976499080657959
xglm_small,facebook/xglm-564M,10,nouns,556,0.9712198972702026
xglm_small,facebook/xglm-564M,10,nouns,557,0.9828123450279236
xglm_small,facebook/xglm-564M,10,nouns,558,0.9645601511001587
xglm_small,facebook/xglm-564M,10,nouns,559,0.9489379525184631
xglm_small,facebook/xglm-564M,10,nouns,560,0.9501034021377563
xglm_small,facebook/xglm-564M,10,nouns,561,0.972769021987915
xglm_small,facebook/xglm-564M,10,nouns,562,0.9624642133712769
xglm_small,facebook/xglm-564M,10,nouns,563,0.9708884954452515
xglm_small,facebook/xglm-564M,10,nouns,564,0.9600070714950562
xglm_small,facebook/xglm-564M,10,nouns,565,0.9806963205337524
xglm_small,facebook/xglm-564M,10,nouns,566,0.9646417498588562
xglm_small,facebook/xglm-564M,10,nouns,567,0.9636327028274536
xglm_small,facebook/xglm-564M,10,nouns,568,0.9734232425689697
xglm_small,facebook/xglm-564M,10,nouns,569,0.9598312377929688
xglm_small,facebook/xglm-564M,10,nouns,570,0.9742411375045776
xglm_small,facebook/xglm-564M,10,nouns,571,0.9630380868911743
xglm_small,facebook/xglm-564M,10,nouns,572,0.979910671710968
xglm_small,facebook/xglm-564M,10,nouns,573,0.9724959135055542
xglm_small,facebook/xglm-564M,10,nouns,574,0.9739923477172852
xglm_small,facebook/xglm-564M,10,nouns,575,0.9667142629623413
xglm_small,facebook/xglm-564M,10,nouns,576,0.9814083576202393
xglm_small,facebook/xglm-564M,10,nouns,577,0.9708569645881653
xglm_small,facebook/xglm-564M,10,nouns,578,0.9708072543144226
xglm_small,facebook/xglm-564M,10,nouns,579,0.9752174019813538
xglm_small,facebook/xglm-564M,10,nouns,580,0.9517749547958374
xglm_small,facebook/xglm-564M,10,nouns,581,0.9596205949783325
xglm_small,facebook/xglm-564M,10,nouns,582,0.9499176740646362
xglm_small,facebook/xglm-564M,10,nouns,583,0.9479292035102844
xglm_small,facebook/xglm-564M,10,nouns,584,0.9501793384552002
xglm_small,facebook/xglm-564M,10,nouns,585,0.9525697231292725
xglm_small,facebook/xglm-564M,10,nouns,586,0.96970534324646
xglm_small,facebook/xglm-564M,10,nouns,587,0.9701740145683289
xglm_small,facebook/xglm-564M,10,nouns,588,0.9757022261619568
xglm_small,facebook/xglm-564M,10,nouns,589,0.963135838508606
xglm_small,facebook/xglm-564M,10,nouns,590,0.9686388969421387
xglm_small,facebook/xglm-564M,10,nouns,591,0.9720535278320312
xglm_small,facebook/xglm-564M,10,nouns,592,0.9519492983818054
xglm_small,facebook/xglm-564M,10,nouns,593,0.9523366093635559
xglm_small,facebook/xglm-564M,10,nouns,594,0.9509217739105225
xglm_small,facebook/xglm-564M,10,nouns,595,0.9617307186126709
xglm_small,facebook/xglm-564M,10,nouns,596,0.9664168357849121
xglm_small,facebook/xglm-564M,10,nouns,597,0.9793440103530884
xglm_small,facebook/xglm-564M,10,nouns,598,0.9788732528686523
xglm_small,facebook/xglm-564M,10,nouns,599,0.9746250510215759
xglm_small,facebook/xglm-564M,10,nouns,600,0.9727795124053955
xglm_small,facebook/xglm-564M,10,nouns,601,0.9596397876739502
xglm_small,facebook/xglm-564M,10,nouns,602,0.980798065662384
xglm_small,facebook/xglm-564M,10,nouns,603,0.9699606895446777
xglm_small,facebook/xglm-564M,10,nouns,604,0.971574068069458
xglm_small,facebook/xglm-564M,10,nouns,605,0.9719619750976562
xglm_small,facebook/xglm-564M,10,nouns,606,0.9625568389892578
xglm_small,facebook/xglm-564M,10,nouns,607,0.9667851328849792
xglm_small,facebook/xglm-564M,10,nouns,608,0.9786415100097656
xglm_small,facebook/xglm-564M,10,nouns,609,0.95718914270401
xglm_small,facebook/xglm-564M,10,nouns,610,0.976690948009491
xglm_small,facebook/xglm-564M,10,nouns,611,0.9557904601097107
xglm_small,facebook/xglm-564M,10,nouns,612,0.9485353231430054
xglm_small,facebook/xglm-564M,10,nouns,613,0.9562555551528931
xglm_small,facebook/xglm-564M,10,nouns,614,0.9681688547134399
xglm_small,facebook/xglm-564M,10,nouns,615,0.9684553146362305
xglm_small,facebook/xglm-564M,10,nouns,616,0.9577433466911316
xglm_small,facebook/xglm-564M,10,nouns,617,0.9737688302993774
xglm_small,facebook/xglm-564M,10,nouns,618,0.9593502283096313
xglm_small,facebook/xglm-564M,10,nouns,619,0.9794443249702454
xglm_small,facebook/xglm-564M,10,nouns,620,0.9745520949363708
xglm_small,facebook/xglm-564M,10,nouns,621,0.9525736570358276
xglm_small,facebook/xglm-564M,10,nouns,622,0.9755623936653137
xglm_small,facebook/xglm-564M,10,nouns,623,0.981969952583313
xglm_small,facebook/xglm-564M,10,nouns,624,0.9645233154296875
xglm_small,facebook/xglm-564M,10,nouns,625,0.963773787021637
xglm_small,facebook/xglm-564M,10,nouns,626,0.9739025235176086
xglm_small,facebook/xglm-564M,10,nouns,627,0.9715684056282043
xglm_small,facebook/xglm-564M,10,nouns,628,0.9558069109916687
xglm_small,facebook/xglm-564M,10,nouns,629,0.9531081914901733
xglm_small,facebook/xglm-564M,10,nouns,630,0.973516047000885
xglm_small,facebook/xglm-564M,10,nouns,631,0.9825385808944702
xglm_small,facebook/xglm-564M,10,nouns,632,0.9784413576126099
xglm_small,facebook/xglm-564M,10,nouns,633,0.9725403785705566
xglm_small,facebook/xglm-564M,10,nouns,634,0.959524393081665
xglm_small,facebook/xglm-564M,10,nouns,635,0.9735511541366577
xglm_small,facebook/xglm-564M,10,nouns,636,0.9746142625808716
xglm_small,facebook/xglm-564M,10,nouns,637,0.9541642665863037
xglm_small,facebook/xglm-564M,10,nouns,638,0.9514811038970947
xglm_small,facebook/xglm-564M,10,nouns,639,0.9738093614578247
xglm_small,facebook/xglm-564M,10,nouns,640,0.9710808992385864
xglm_small,facebook/xglm-564M,10,nouns,641,0.973914623260498
xglm_small,facebook/xglm-564M,10,nouns,642,0.960959255695343
xglm_small,facebook/xglm-564M,10,nouns,643,0.9739824533462524
xglm_small,facebook/xglm-564M,10,nouns,644,0.9606111645698547
xglm_small,facebook/xglm-564M,10,nouns,645,0.9709615707397461
xglm_small,facebook/xglm-564M,10,nouns,646,0.9742568731307983
xglm_small,facebook/xglm-564M,10,nouns,647,0.9629561901092529
xglm_small,facebook/xglm-564M,10,nouns,648,0.9752397537231445
xglm_small,facebook/xglm-564M,10,nouns,649,0.9745380282402039
xglm_small,facebook/xglm-564M,10,nouns,650,0.9536603689193726
xglm_small,facebook/xglm-564M,10,nouns,651,0.9812002182006836
xglm_small,facebook/xglm-564M,10,nouns,652,0.9517661333084106
xglm_small,facebook/xglm-564M,10,nouns,653,0.9795418977737427
xglm_small,facebook/xglm-564M,10,nouns,654,0.9715102910995483
xglm_small,facebook/xglm-564M,10,nouns,655,0.97841876745224
xglm_small,facebook/xglm-564M,10,nouns,656,0.9622447490692139
xglm_small,facebook/xglm-564M,10,nouns,657,0.9529520273208618
xglm_small,facebook/xglm-564M,10,nouns,658,0.9805588722229004
xglm_small,facebook/xglm-564M,10,nouns,659,0.9614671468734741
xglm_small,facebook/xglm-564M,10,nouns,660,0.9819730520248413
xglm_small,facebook/xglm-564M,10,nouns,661,0.9551084041595459
xglm_small,facebook/xglm-564M,10,nouns,662,0.9637126922607422
xglm_small,facebook/xglm-564M,10,nouns,663,0.9715583324432373
xglm_small,facebook/xglm-564M,10,nouns,664,0.9744030237197876
xglm_small,facebook/xglm-564M,10,nouns,665,0.9817458391189575
xglm_small,facebook/xglm-564M,10,nouns,666,0.9538083672523499
xglm_small,facebook/xglm-564M,10,nouns,667,0.9715422987937927
xglm_small,facebook/xglm-564M,10,nouns,668,0.9784385561943054
xglm_small,facebook/xglm-564M,10,nouns,669,0.9675689339637756
xglm_small,facebook/xglm-564M,10,nouns,670,0.9522983431816101
xglm_small,facebook/xglm-564M,10,nouns,671,0.9515281319618225
xglm_small,facebook/xglm-564M,10,nouns,672,0.9598799347877502
xglm_small,facebook/xglm-564M,10,nouns,673,0.9551109671592712
xglm_small,facebook/xglm-564M,10,nouns,674,0.9492335319519043
xglm_small,facebook/xglm-564M,10,nouns,675,0.9632757306098938
xglm_small,facebook/xglm-564M,10,nouns,676,0.9492427110671997
xglm_small,facebook/xglm-564M,10,nouns,677,0.9539718627929688
xglm_small,facebook/xglm-564M,10,nouns,678,0.9780710935592651
xglm_small,facebook/xglm-564M,10,nouns,679,0.9635528922080994
xglm_small,facebook/xglm-564M,10,nouns,680,0.9531370997428894
xglm_small,facebook/xglm-564M,10,nouns,681,0.9510319232940674
xglm_small,facebook/xglm-564M,10,nouns,682,0.9592496752738953
xglm_small,facebook/xglm-564M,10,nouns,683,0.9529001712799072
xglm_small,facebook/xglm-564M,10,nouns,684,0.9538843631744385
xglm_small,facebook/xglm-564M,10,nouns,685,0.9667462706565857
xglm_small,facebook/xglm-564M,10,nouns,686,0.9547269344329834
xglm_small,facebook/xglm-564M,10,nouns,687,0.9731557369232178
xglm_small,facebook/xglm-564M,10,nouns,688,0.9476872682571411
xglm_small,facebook/xglm-564M,10,nouns,689,0.953797459602356
xglm_small,facebook/xglm-564M,10,nouns,690,0.9605993032455444
xglm_small,facebook/xglm-564M,10,nouns,691,0.957784116268158
xglm_small,facebook/xglm-564M,10,nouns,692,0.9563770294189453
xglm_small,facebook/xglm-564M,10,nouns,693,0.9685216546058655
xglm_small,facebook/xglm-564M,10,nouns,694,0.9547945857048035
xglm_small,facebook/xglm-564M,10,nouns,695,0.9519188404083252
xglm_small,facebook/xglm-564M,10,nouns,696,0.9601666927337646
xglm_small,facebook/xglm-564M,10,nouns,697,0.9517459869384766
xglm_small,facebook/xglm-564M,10,nouns,698,0.9641306400299072
xglm_small,facebook/xglm-564M,10,nouns,699,0.9602884650230408
xglm_small,facebook/xglm-564M,10,nouns,700,0.9581446647644043
xglm_small,facebook/xglm-564M,10,nouns,701,0.9545907974243164
xglm_small,facebook/xglm-564M,10,nouns,702,0.953212559223175
xglm_small,facebook/xglm-564M,10,nouns,703,0.9620208740234375
xglm_small,facebook/xglm-564M,10,nouns,704,0.9571943283081055
xglm_small,facebook/xglm-564M,10,nouns,705,0.9514255523681641
xglm_small,facebook/xglm-564M,10,nouns,706,0.9583272337913513
xglm_small,facebook/xglm-564M,10,nouns,707,0.9625142812728882
xglm_small,facebook/xglm-564M,10,nouns,708,0.9717905521392822
xglm_small,facebook/xglm-564M,10,nouns,709,0.9631105065345764
xglm_small,facebook/xglm-564M,10,nouns,710,0.9724661707878113
xglm_small,facebook/xglm-564M,10,nouns,711,0.9712316989898682
xglm_small,facebook/xglm-564M,10,nouns,712,0.9673163890838623
xglm_small,facebook/xglm-564M,10,nouns,713,0.9689596891403198
xglm_small,facebook/xglm-564M,10,nouns,714,0.9726793169975281
xglm_small,facebook/xglm-564M,10,nouns,715,0.963660478591919
xglm_small,facebook/xglm-564M,10,nouns,716,0.9565308094024658
xglm_small,facebook/xglm-564M,10,nouns,717,0.9695037007331848
xglm_small,facebook/xglm-564M,10,nouns,718,0.9689115285873413
xglm_small,facebook/xglm-564M,10,nouns,719,0.9585748910903931
xglm_small,facebook/xglm-564M,10,nouns,720,0.9555256366729736
xglm_small,facebook/xglm-564M,10,nouns,721,0.9594907760620117
xglm_small,facebook/xglm-564M,10,nouns,722,0.959051787853241
xglm_small,facebook/xglm-564M,10,nouns,723,0.9712257385253906
xglm_small,facebook/xglm-564M,10,nouns,724,0.961381196975708
xglm_small,facebook/xglm-564M,10,nouns,725,0.9707171320915222
xglm_small,facebook/xglm-564M,10,nouns,726,0.9784073233604431
xglm_small,facebook/xglm-564M,10,nouns,727,0.9722427129745483
xglm_small,facebook/xglm-564M,10,nouns,728,0.9738494157791138
xglm_small,facebook/xglm-564M,10,nouns,729,0.9717743992805481
xglm_small,facebook/xglm-564M,10,nouns,730,0.9630050659179688
xglm_small,facebook/xglm-564M,10,nouns,731,0.9722912311553955
xglm_small,facebook/xglm-564M,10,nouns,732,0.964309811592102
xglm_small,facebook/xglm-564M,10,nouns,733,0.9778833389282227
xglm_small,facebook/xglm-564M,10,nouns,734,0.9707808494567871
xglm_small,facebook/xglm-564M,10,nouns,735,0.9661834239959717
xglm_small,facebook/xglm-564M,10,nouns,736,0.9766080379486084
xglm_small,facebook/xglm-564M,10,nouns,737,0.9571194052696228
xglm_small,facebook/xglm-564M,10,nouns,738,0.974452018737793
xglm_small,facebook/xglm-564M,10,nouns,739,0.953322172164917
xglm_small,facebook/xglm-564M,10,nouns,740,0.9709988832473755
xglm_small,facebook/xglm-564M,10,nouns,741,0.9773910045623779
xglm_small,facebook/xglm-564M,10,nouns,742,0.9687520861625671
xglm_small,facebook/xglm-564M,10,nouns,743,0.9729871153831482
xglm_small,facebook/xglm-564M,10,nouns,744,0.9713864326477051
xglm_small,facebook/xglm-564M,10,nouns,745,0.9574930667877197
xglm_small,facebook/xglm-564M,10,nouns,746,0.9665490984916687
xglm_small,facebook/xglm-564M,10,nouns,747,0.9762657284736633
xglm_small,facebook/xglm-564M,10,nouns,748,0.9678575396537781
xglm_small,facebook/xglm-564M,10,nouns,749,0.9718841910362244
xglm_small,facebook/xglm-564M,10,nouns,750,0.9556326270103455
xglm_small,facebook/xglm-564M,10,nouns,751,0.9585245847702026
xglm_small,facebook/xglm-564M,10,nouns,752,0.9732291102409363
xglm_small,facebook/xglm-564M,10,nouns,753,0.9536373019218445
xglm_small,facebook/xglm-564M,10,nouns,754,0.9764609932899475
xglm_small,facebook/xglm-564M,10,nouns,755,0.9713490605354309
xglm_small,facebook/xglm-564M,10,nouns,756,0.9577258825302124
xglm_small,facebook/xglm-564M,10,nouns,757,0.9681038856506348
xglm_small,facebook/xglm-564M,10,nouns,758,0.9722368121147156
xglm_small,facebook/xglm-564M,10,nouns,759,0.9559232592582703
xglm_small,facebook/xglm-564M,10,nouns,760,0.9661014080047607
xglm_small,facebook/xglm-564M,10,nouns,761,0.9734374284744263
xglm_small,facebook/xglm-564M,10,nouns,762,0.9579423069953918
xglm_small,facebook/xglm-564M,10,nouns,763,0.9559152126312256
xglm_small,facebook/xglm-564M,10,nouns,764,0.9549497365951538
xglm_small,facebook/xglm-564M,10,nouns,765,0.9703437685966492
xglm_small,facebook/xglm-564M,10,nouns,766,0.9714458584785461
xglm_small,facebook/xglm-564M,10,nouns,767,0.9721525311470032
xglm_small,facebook/xglm-564M,10,nouns,768,0.9699980020523071
xglm_small,facebook/xglm-564M,10,nouns,769,0.9604576826095581
xglm_small,facebook/xglm-564M,10,nouns,770,0.9542945623397827
xglm_small,facebook/xglm-564M,10,nouns,771,0.9527562260627747
xglm_small,facebook/xglm-564M,10,nouns,772,0.9489970207214355
xglm_small,facebook/xglm-564M,10,nouns,773,0.9758398532867432
xglm_small,facebook/xglm-564M,10,nouns,774,0.9522097110748291
xglm_small,facebook/xglm-564M,10,nouns,775,0.9705743193626404
xglm_small,facebook/xglm-564M,10,nouns,776,0.9501286745071411
xglm_small,facebook/xglm-564M,10,nouns,777,0.9531765580177307
xglm_small,facebook/xglm-564M,10,nouns,778,0.9627770185470581
xglm_small,facebook/xglm-564M,10,nouns,779,0.9555838704109192
xglm_small,facebook/xglm-564M,10,nouns,780,0.97527676820755
xglm_small,facebook/xglm-564M,10,nouns,781,0.9537463784217834
xglm_small,facebook/xglm-564M,10,nouns,782,0.9574403762817383
xglm_small,facebook/xglm-564M,10,nouns,783,0.9519491791725159
xglm_small,facebook/xglm-564M,10,nouns,784,0.9761716723442078
xglm_small,facebook/xglm-564M,10,nouns,785,0.9770939350128174
xglm_small,facebook/xglm-564M,10,nouns,786,0.9542203545570374
xglm_small,facebook/xglm-564M,10,nouns,787,0.9706591963768005
xglm_small,facebook/xglm-564M,10,nouns,788,0.9675330519676208
xglm_small,facebook/xglm-564M,10,nouns,789,0.9575003981590271
xglm_small,facebook/xglm-564M,10,nouns,790,0.9654065370559692
xglm_small,facebook/xglm-564M,10,nouns,791,0.9787973761558533
xglm_small,facebook/xglm-564M,10,nouns,792,0.9670663475990295
xglm_small,facebook/xglm-564M,10,nouns,793,0.9746856093406677
xglm_small,facebook/xglm-564M,10,nouns,794,0.971585750579834
xglm_small,facebook/xglm-564M,10,nouns,795,0.9582923650741577
xglm_small,facebook/xglm-564M,10,nouns,796,0.9704412221908569
xglm_small,facebook/xglm-564M,10,nouns,797,0.9727497696876526
xglm_small,facebook/xglm-564M,10,nouns,798,0.9682561159133911
xglm_small,facebook/xglm-564M,10,nouns,799,0.9711364507675171
xglm_small,facebook/xglm-564M,10,nouns,800,0.9598732590675354
xglm_small,facebook/xglm-564M,10,nouns,801,0.9555807709693909
xglm_small,facebook/xglm-564M,10,nouns,802,0.9661228656768799
xglm_small,facebook/xglm-564M,10,nouns,803,0.9729370474815369
xglm_small,facebook/xglm-564M,10,nouns,804,0.9612952470779419
xglm_small,facebook/xglm-564M,10,nouns,805,0.9577752351760864
xglm_small,facebook/xglm-564M,10,nouns,806,0.9589862823486328
xglm_small,facebook/xglm-564M,10,nouns,807,0.9696249961853027
xglm_small,facebook/xglm-564M,10,nouns,808,0.9543336033821106
xglm_small,facebook/xglm-564M,10,nouns,809,0.9695634245872498
xglm_small,facebook/xglm-564M,10,nouns,810,0.9697762131690979
xglm_small,facebook/xglm-564M,10,nouns,811,0.9665921926498413
xglm_small,facebook/xglm-564M,10,nouns,812,0.9590483903884888
xglm_small,facebook/xglm-564M,10,nouns,813,0.9599485397338867
xglm_small,facebook/xglm-564M,10,nouns,814,0.973107099533081
xglm_small,facebook/xglm-564M,10,nouns,815,0.970656156539917
xglm_small,facebook/xglm-564M,10,nouns,816,0.9594142436981201
xglm_small,facebook/xglm-564M,10,nouns,817,0.9715054631233215
xglm_small,facebook/xglm-564M,10,nouns,818,0.9758530855178833
xglm_small,facebook/xglm-564M,10,nouns,819,0.9811429381370544
xglm_small,facebook/xglm-564M,10,nouns,820,0.9557574391365051
xglm_small,facebook/xglm-564M,10,nouns,821,0.9719502329826355
xglm_small,facebook/xglm-564M,10,nouns,822,0.9599624872207642
xglm_small,facebook/xglm-564M,10,nouns,823,0.9557679295539856
xglm_small,facebook/xglm-564M,10,nouns,824,0.9724467396736145
xglm_small,facebook/xglm-564M,10,nouns,825,0.9611039161682129
xglm_small,facebook/xglm-564M,10,nouns,826,0.9597194790840149
xglm_small,facebook/xglm-564M,10,nouns,827,0.9720369577407837
xglm_small,facebook/xglm-564M,10,nouns,828,0.9698504209518433
xglm_small,facebook/xglm-564M,10,nouns,829,0.955740749835968
xglm_small,facebook/xglm-564M,10,nouns,830,0.9582298994064331
xglm_small,facebook/xglm-564M,10,nouns,831,0.965061366558075
xglm_small,facebook/xglm-564M,10,nouns,832,0.9588408470153809
xglm_small,facebook/xglm-564M,10,nouns,833,0.9691231846809387
xglm_small,facebook/xglm-564M,10,nouns,834,0.9708698987960815
xglm_small,facebook/xglm-564M,10,nouns,835,0.9715244174003601
xglm_small,facebook/xglm-564M,10,nouns,836,0.971635103225708
xglm_small,facebook/xglm-564M,10,nouns,837,0.9556955099105835
xglm_small,facebook/xglm-564M,10,nouns,838,0.9564070701599121
xglm_small,facebook/xglm-564M,10,nouns,839,0.9598796367645264
xglm_small,facebook/xglm-564M,10,nouns,840,0.9521480798721313
xglm_small,facebook/xglm-564M,10,nouns,841,0.9553639888763428
xglm_small,facebook/xglm-564M,10,nouns,842,0.9710842967033386
xglm_small,facebook/xglm-564M,10,nouns,843,0.9653739929199219
xglm_small,facebook/xglm-564M,10,nouns,844,0.968055009841919
xglm_small,facebook/xglm-564M,10,nouns,845,0.9689980745315552
xglm_small,facebook/xglm-564M,10,nouns,846,0.9645536541938782
xglm_small,facebook/xglm-564M,10,nouns,847,0.9541684985160828
xglm_small,facebook/xglm-564M,10,nouns,848,0.9714470505714417
xglm_small,facebook/xglm-564M,10,nouns,849,0.9718141555786133
xglm_small,facebook/xglm-564M,10,nouns,850,0.9719940423965454
xglm_small,facebook/xglm-564M,10,nouns,851,0.972606360912323
xglm_small,facebook/xglm-564M,10,nouns,852,0.9737246632575989
xglm_small,facebook/xglm-564M,10,nouns,853,0.9711751341819763
xglm_small,facebook/xglm-564M,10,nouns,854,0.9668021202087402
xglm_small,facebook/xglm-564M,10,nouns,855,0.9588677883148193
xglm_small,facebook/xglm-564M,10,nouns,856,0.9567250609397888
xglm_small,facebook/xglm-564M,10,nouns,857,0.9688599109649658
xglm_small,facebook/xglm-564M,10,nouns,858,0.9707316756248474
xglm_small,facebook/xglm-564M,10,nouns,859,0.9708025455474854
xglm_small,facebook/xglm-564M,10,nouns,860,0.9713499546051025
xglm_small,facebook/xglm-564M,10,nouns,861,0.9635086059570312
xglm_small,facebook/xglm-564M,10,nouns,862,0.9724946022033691
xglm_small,facebook/xglm-564M,10,nouns,863,0.9716416001319885
xglm_small,facebook/xglm-564M,10,nouns,864,0.9584335684776306
xglm_small,facebook/xglm-564M,10,nouns,865,0.9730141162872314
xglm_small,facebook/xglm-564M,10,nouns,866,0.963925838470459
xglm_small,facebook/xglm-564M,10,nouns,867,0.9592369794845581
xglm_small,facebook/xglm-564M,10,nouns,868,0.9609211683273315
xglm_small,facebook/xglm-564M,10,nouns,869,0.9569247364997864
xglm_small,facebook/xglm-564M,10,nouns,870,0.9535974264144897
xglm_small,facebook/xglm-564M,10,nouns,871,0.9548929929733276
xglm_small,facebook/xglm-564M,10,nouns,872,0.9553587436676025
xglm_small,facebook/xglm-564M,10,nouns,873,0.9564025402069092
xglm_small,facebook/xglm-564M,10,nouns,874,0.9529887437820435
xglm_small,facebook/xglm-564M,10,nouns,875,0.9597480893135071
xglm_small,facebook/xglm-564M,10,nouns,876,0.9529032707214355
xglm_small,facebook/xglm-564M,10,nouns,877,0.9685177803039551
xglm_small,facebook/xglm-564M,10,nouns,878,0.9619724154472351
xglm_small,facebook/xglm-564M,10,nouns,879,0.9624178409576416
xglm_small,facebook/xglm-564M,10,nouns,880,0.9597494006156921
xglm_small,facebook/xglm-564M,10,nouns,881,0.968437910079956
xglm_small,facebook/xglm-564M,10,nouns,882,0.9571667909622192
xglm_small,facebook/xglm-564M,10,nouns,883,0.9792657494544983
xglm_small,facebook/xglm-564M,10,nouns,884,0.9676473140716553
xglm_small,facebook/xglm-564M,10,nouns,885,0.9614617824554443
xglm_small,facebook/xglm-564M,10,nouns,886,0.970513641834259
xglm_small,facebook/xglm-564M,10,nouns,887,0.9692280292510986
xglm_small,facebook/xglm-564M,10,nouns,888,0.9772937297821045
xglm_small,facebook/xglm-564M,10,nouns,889,0.9574912786483765
xglm_small,facebook/xglm-564M,10,nouns,890,0.9551284313201904
xglm_small,facebook/xglm-564M,10,nouns,891,0.9718876481056213
xglm_small,facebook/xglm-564M,10,nouns,892,0.9534004330635071
xglm_small,facebook/xglm-564M,10,nouns,893,0.9614444971084595
xglm_small,facebook/xglm-564M,10,nouns,894,0.9614485502243042
xglm_small,facebook/xglm-564M,10,nouns,895,0.9499585032463074
xglm_small,facebook/xglm-564M,10,nouns,896,0.9522473812103271
xglm_small,facebook/xglm-564M,10,nouns,897,0.953835129737854
xglm_small,facebook/xglm-564M,10,nouns,898,0.9538179636001587
xglm_small,facebook/xglm-564M,10,nouns,899,0.9680061340332031
xglm_small,facebook/xglm-564M,10,nouns,900,0.9509950876235962
xglm_small,facebook/xglm-564M,10,nouns,901,0.9729202389717102
xglm_small,facebook/xglm-564M,10,nouns,902,0.9719645977020264
xglm_small,facebook/xglm-564M,10,nouns,903,0.9586002230644226
xglm_small,facebook/xglm-564M,10,nouns,904,0.9737563729286194
xglm_small,facebook/xglm-564M,10,nouns,905,0.9723227620124817
xglm_small,facebook/xglm-564M,10,nouns,906,0.9535980820655823
xglm_small,facebook/xglm-564M,10,nouns,907,0.9774617552757263
xglm_small,facebook/xglm-564M,10,nouns,908,0.9522178173065186
xglm_small,facebook/xglm-564M,10,nouns,909,0.972955584526062
xglm_small,facebook/xglm-564M,10,nouns,910,0.9532582759857178
xglm_small,facebook/xglm-564M,10,nouns,911,0.9630361199378967
xglm_small,facebook/xglm-564M,10,nouns,912,0.9741893410682678
xglm_small,facebook/xglm-564M,10,nouns,913,0.9525441527366638
xglm_small,facebook/xglm-564M,10,nouns,914,0.9527469873428345
xglm_small,facebook/xglm-564M,10,nouns,915,0.9618905782699585
xglm_small,facebook/xglm-564M,10,nouns,916,0.9733641743659973
xglm_small,facebook/xglm-564M,10,nouns,917,0.9539591670036316
xglm_small,facebook/xglm-564M,10,nouns,918,0.9755115509033203
xglm_small,facebook/xglm-564M,10,nouns,919,0.9651553630828857
xglm_small,facebook/xglm-564M,10,nouns,920,0.9748086929321289
xglm_small,facebook/xglm-564M,10,nouns,921,0.9724107980728149
xglm_small,facebook/xglm-564M,10,nouns,922,0.9539219737052917
xglm_small,facebook/xglm-564M,10,nouns,923,0.9543673396110535
xglm_small,facebook/xglm-564M,10,nouns,924,0.9736946225166321
xglm_small,facebook/xglm-564M,10,nouns,925,0.9750338792800903
xglm_small,facebook/xglm-564M,10,nouns,926,0.953576922416687
xglm_small,facebook/xglm-564M,10,nouns,927,0.9756073355674744
xglm_small,facebook/xglm-564M,10,nouns,928,0.962361752986908
xglm_small,facebook/xglm-564M,10,nouns,929,0.9774960279464722
xglm_small,facebook/xglm-564M,10,nouns,930,0.9508289098739624
xglm_small,facebook/xglm-564M,10,nouns,931,0.9514761567115784
xglm_small,facebook/xglm-564M,10,nouns,932,0.9607848525047302
xglm_small,facebook/xglm-564M,10,nouns,933,0.9473546147346497
xglm_small,facebook/xglm-564M,10,nouns,934,0.9773361682891846
xglm_small,facebook/xglm-564M,10,nouns,935,0.9536547064781189
xglm_small,facebook/xglm-564M,10,nouns,936,0.9534568190574646
xglm_small,facebook/xglm-564M,10,nouns,937,0.9717080593109131
xglm_small,facebook/xglm-564M,10,nouns,938,0.956348180770874
xglm_small,facebook/xglm-564M,10,nouns,939,0.9618589282035828
xglm_small,facebook/xglm-564M,10,nouns,940,0.9503191709518433
xglm_small,facebook/xglm-564M,10,nouns,941,0.9541884064674377
xglm_small,facebook/xglm-564M,10,nouns,942,0.9497520327568054
xglm_small,facebook/xglm-564M,10,nouns,943,0.9520363211631775
xglm_small,facebook/xglm-564M,10,nouns,944,0.9835062623023987
xglm_small,facebook/xglm-564M,10,nouns,945,0.9557042717933655
xglm_small,facebook/xglm-564M,10,nouns,946,0.9526709914207458
xglm_small,facebook/xglm-564M,10,nouns,947,0.9646922945976257
xglm_small,facebook/xglm-564M,10,nouns,948,0.9477283954620361
xglm_small,facebook/xglm-564M,10,nouns,949,0.9536646604537964
xglm_small,facebook/xglm-564M,10,nouns,950,0.9745281338691711
xglm_small,facebook/xglm-564M,10,nouns,951,0.9742544889450073
xglm_small,facebook/xglm-564M,10,nouns,952,0.9824991226196289
xglm_small,facebook/xglm-564M,10,nouns,953,0.9588176012039185
xglm_small,facebook/xglm-564M,10,nouns,954,0.9776448011398315
xglm_small,facebook/xglm-564M,10,nouns,955,0.9525150060653687
xglm_small,facebook/xglm-564M,10,nouns,956,0.9524253606796265
xglm_small,facebook/xglm-564M,10,nouns,957,0.97381591796875
xglm_small,facebook/xglm-564M,10,nouns,958,0.9722869396209717
xglm_small,facebook/xglm-564M,10,nouns,959,0.9587603211402893
xglm_small,facebook/xglm-564M,10,nouns,960,0.9760714769363403
xglm_small,facebook/xglm-564M,10,nouns,961,0.9506574273109436
xglm_small,facebook/xglm-564M,10,nouns,962,0.9527891874313354
xglm_small,facebook/xglm-564M,10,nouns,963,0.9697180986404419
xglm_small,facebook/xglm-564M,10,nouns,964,0.9516624212265015
xglm_small,facebook/xglm-564M,10,nouns,965,0.9505766034126282
xglm_small,facebook/xglm-564M,10,nouns,966,0.9742282629013062
xglm_small,facebook/xglm-564M,10,nouns,967,0.964307427406311
xglm_small,facebook/xglm-564M,10,nouns,968,0.9609990119934082
xglm_small,facebook/xglm-564M,10,nouns,969,0.9703397750854492
xglm_small,facebook/xglm-564M,10,nouns,970,0.9771542549133301
xglm_small,facebook/xglm-564M,10,nouns,971,0.9508498907089233
xglm_small,facebook/xglm-564M,10,nouns,972,0.9508318305015564
xglm_small,facebook/xglm-564M,10,nouns,973,0.9753199815750122
xglm_small,facebook/xglm-564M,10,nouns,974,0.9527721405029297
xglm_small,facebook/xglm-564M,10,nouns,975,0.9736326932907104
xglm_small,facebook/xglm-564M,10,nouns,976,0.9568418264389038
xglm_small,facebook/xglm-564M,10,nouns,977,0.9555659890174866
xglm_small,facebook/xglm-564M,10,nouns,978,0.9526882767677307
xglm_small,facebook/xglm-564M,10,nouns,979,0.95908123254776
xglm_small,facebook/xglm-564M,10,nouns,980,0.9717524647712708
xglm_small,facebook/xglm-564M,10,nouns,981,0.9622811079025269
xglm_small,facebook/xglm-564M,10,nouns,982,0.9504809975624084
xglm_small,facebook/xglm-564M,10,nouns,983,0.9755271673202515
xglm_small,facebook/xglm-564M,10,nouns,984,0.9781255722045898
xglm_small,facebook/xglm-564M,10,nouns,985,0.953238844871521
xglm_small,facebook/xglm-564M,10,nouns,986,0.9752957820892334
xglm_small,facebook/xglm-564M,10,nouns,987,0.9483062624931335
xglm_small,facebook/xglm-564M,10,nouns,988,0.9732001423835754
xglm_small,facebook/xglm-564M,10,nouns,989,0.9622023105621338
xglm_small,facebook/xglm-564M,10,nouns,990,0.9653241634368896
xglm_small,facebook/xglm-564M,10,nouns,991,0.9607568383216858
xglm_small,facebook/xglm-564M,10,nouns,992,0.9608359336853027
xglm_small,facebook/xglm-564M,10,nouns,993,0.9621328115463257
xglm_small,facebook/xglm-564M,10,nouns,994,0.9666807651519775
xglm_small,facebook/xglm-564M,10,nouns,995,0.9765068888664246
xglm_small,facebook/xglm-564M,10,nouns,996,0.9737140536308289
xglm_small,facebook/xglm-564M,10,nouns,997,0.969180703163147
xglm_small,facebook/xglm-564M,10,nouns,998,0.9705589413642883
xglm_small,facebook/xglm-564M,10,nouns,999,0.9784606099128723
xglm_small,facebook/xglm-564M,10,verbs,0,0.9405425786972046
xglm_small,facebook/xglm-564M,10,verbs,1,0.9188401699066162
xglm_small,facebook/xglm-564M,10,verbs,2,0.9530574679374695
xglm_small,facebook/xglm-564M,10,verbs,3,0.942248523235321
xglm_small,facebook/xglm-564M,10,verbs,4,0.9545161724090576
xglm_small,facebook/xglm-564M,10,verbs,5,0.9282547235488892
xglm_small,facebook/xglm-564M,10,verbs,6,0.9355114102363586
xglm_small,facebook/xglm-564M,10,verbs,7,0.9374955892562866
xglm_small,facebook/xglm-564M,10,verbs,8,0.9357437491416931
xglm_small,facebook/xglm-564M,10,verbs,9,0.9353994131088257
xglm_small,facebook/xglm-564M,10,verbs,10,0.931018590927124
xglm_small,facebook/xglm-564M,10,verbs,11,0.9248445630073547
xglm_small,facebook/xglm-564M,10,verbs,12,0.9365491271018982
xglm_small,facebook/xglm-564M,10,verbs,13,0.9350221753120422
xglm_small,facebook/xglm-564M,10,verbs,14,0.9227669835090637
xglm_small,facebook/xglm-564M,10,verbs,15,0.9382753968238831
xglm_small,facebook/xglm-564M,10,verbs,16,0.95064377784729
xglm_small,facebook/xglm-564M,10,verbs,17,0.9511591792106628
xglm_small,facebook/xglm-564M,10,verbs,18,0.9308808445930481
xglm_small,facebook/xglm-564M,10,verbs,19,0.9221674203872681
xglm_small,facebook/xglm-564M,10,verbs,20,0.9376049637794495
xglm_small,facebook/xglm-564M,10,verbs,21,0.9321229457855225
xglm_small,facebook/xglm-564M,10,verbs,22,0.9533870220184326
xglm_small,facebook/xglm-564M,10,verbs,23,0.9520844221115112
xglm_small,facebook/xglm-564M,10,verbs,24,0.9352691173553467
xglm_small,facebook/xglm-564M,10,verbs,25,0.9574413299560547
xglm_small,facebook/xglm-564M,10,verbs,26,0.9287495613098145
xglm_small,facebook/xglm-564M,10,verbs,27,0.9334419369697571
xglm_small,facebook/xglm-564M,10,verbs,28,0.9325147271156311
xglm_small,facebook/xglm-564M,10,verbs,29,0.9369322061538696
xglm_small,facebook/xglm-564M,10,verbs,30,0.9336960911750793
xglm_small,facebook/xglm-564M,10,verbs,31,0.9361133575439453
xglm_small,facebook/xglm-564M,10,verbs,32,0.937017023563385
xglm_small,facebook/xglm-564M,10,verbs,33,0.9377214908599854
xglm_small,facebook/xglm-564M,10,verbs,34,0.9324122667312622
xglm_small,facebook/xglm-564M,10,verbs,35,0.9544790983200073
xglm_small,facebook/xglm-564M,10,verbs,36,0.9365724325180054
xglm_small,facebook/xglm-564M,10,verbs,37,0.9196672439575195
xglm_small,facebook/xglm-564M,10,verbs,38,0.9332413673400879
xglm_small,facebook/xglm-564M,10,verbs,39,0.940567135810852
xglm_small,facebook/xglm-564M,10,verbs,40,0.9434845447540283
xglm_small,facebook/xglm-564M,10,verbs,41,0.9346015453338623
xglm_small,facebook/xglm-564M,10,verbs,42,0.9445215463638306
xglm_small,facebook/xglm-564M,10,verbs,43,0.9517317414283752
xglm_small,facebook/xglm-564M,10,verbs,44,0.950413167476654
xglm_small,facebook/xglm-564M,10,verbs,45,0.9522818326950073
xglm_small,facebook/xglm-564M,10,verbs,46,0.9549545645713806
xglm_small,facebook/xglm-564M,10,verbs,47,0.943604588508606
xglm_small,facebook/xglm-564M,10,verbs,48,0.9561600089073181
xglm_small,facebook/xglm-564M,10,verbs,49,0.948643684387207
xglm_small,facebook/xglm-564M,10,verbs,50,0.9379143118858337
xglm_small,facebook/xglm-564M,10,verbs,51,0.9549869298934937
xglm_small,facebook/xglm-564M,10,verbs,52,0.9532625079154968
xglm_small,facebook/xglm-564M,10,verbs,53,0.9462864995002747
xglm_small,facebook/xglm-564M,10,verbs,54,0.9508652687072754
xglm_small,facebook/xglm-564M,10,verbs,55,0.9549799561500549
xglm_small,facebook/xglm-564M,10,verbs,56,0.9507344365119934
xglm_small,facebook/xglm-564M,10,verbs,57,0.9283323287963867
xglm_small,facebook/xglm-564M,10,verbs,58,0.9450805187225342
xglm_small,facebook/xglm-564M,10,verbs,59,0.954850971698761
xglm_small,facebook/xglm-564M,10,verbs,60,0.9541162252426147
xglm_small,facebook/xglm-564M,10,verbs,61,0.9519658088684082
xglm_small,facebook/xglm-564M,10,verbs,62,0.9424101114273071
xglm_small,facebook/xglm-564M,10,verbs,63,0.9446399211883545
xglm_small,facebook/xglm-564M,10,verbs,64,0.9432496428489685
xglm_small,facebook/xglm-564M,10,verbs,65,0.9401702880859375
xglm_small,facebook/xglm-564M,10,verbs,66,0.9442440271377563
xglm_small,facebook/xglm-564M,10,verbs,67,0.9353392124176025
xglm_small,facebook/xglm-564M,10,verbs,68,0.9506760835647583
xglm_small,facebook/xglm-564M,10,verbs,69,0.9440290331840515
xglm_small,facebook/xglm-564M,10,verbs,70,0.9368165135383606
xglm_small,facebook/xglm-564M,10,verbs,71,0.9383569359779358
xglm_small,facebook/xglm-564M,10,verbs,72,0.956074595451355
xglm_small,facebook/xglm-564M,10,verbs,73,0.942923903465271
xglm_small,facebook/xglm-564M,10,verbs,74,0.9361871480941772
xglm_small,facebook/xglm-564M,10,verbs,75,0.9384827613830566
xglm_small,facebook/xglm-564M,10,verbs,76,0.9434502124786377
xglm_small,facebook/xglm-564M,10,verbs,77,0.9560933709144592
xglm_small,facebook/xglm-564M,10,verbs,78,0.9389517307281494
xglm_small,facebook/xglm-564M,10,verbs,79,0.9441529512405396
xglm_small,facebook/xglm-564M,10,verbs,80,0.9513741135597229
xglm_small,facebook/xglm-564M,10,verbs,81,0.9449371099472046
xglm_small,facebook/xglm-564M,10,verbs,82,0.953784704208374
xglm_small,facebook/xglm-564M,10,verbs,83,0.9404985904693604
xglm_small,facebook/xglm-564M,10,verbs,84,0.9418851137161255
xglm_small,facebook/xglm-564M,10,verbs,85,0.9474964141845703
xglm_small,facebook/xglm-564M,10,verbs,86,0.9530708193778992
xglm_small,facebook/xglm-564M,10,verbs,87,0.9420085549354553
xglm_small,facebook/xglm-564M,10,verbs,88,0.9320299625396729
xglm_small,facebook/xglm-564M,10,verbs,89,0.9482072591781616
xglm_small,facebook/xglm-564M,10,verbs,90,0.9676662087440491
xglm_small,facebook/xglm-564M,10,verbs,91,0.9495928287506104
xglm_small,facebook/xglm-564M,10,verbs,92,0.9314183592796326
xglm_small,facebook/xglm-564M,10,verbs,93,0.9357057809829712
xglm_small,facebook/xglm-564M,10,verbs,94,0.9384820461273193
xglm_small,facebook/xglm-564M,10,verbs,95,0.9349006414413452
xglm_small,facebook/xglm-564M,10,verbs,96,0.9342147707939148
xglm_small,facebook/xglm-564M,10,verbs,97,0.9373210668563843
xglm_small,facebook/xglm-564M,10,verbs,98,0.9335005879402161
xglm_small,facebook/xglm-564M,10,verbs,99,0.9526267051696777
xglm_small,facebook/xglm-564M,10,verbs,100,0.9383843541145325
xglm_small,facebook/xglm-564M,10,verbs,101,0.9408590793609619
xglm_small,facebook/xglm-564M,10,verbs,102,0.9416952133178711
xglm_small,facebook/xglm-564M,10,verbs,103,0.922885537147522
xglm_small,facebook/xglm-564M,10,verbs,104,0.9447575807571411
xglm_small,facebook/xglm-564M,10,verbs,105,0.9562939405441284
xglm_small,facebook/xglm-564M,10,verbs,106,0.955757200717926
xglm_small,facebook/xglm-564M,10,verbs,107,0.9401185512542725
xglm_small,facebook/xglm-564M,10,verbs,108,0.957328200340271
xglm_small,facebook/xglm-564M,10,verbs,109,0.9557631015777588
xglm_small,facebook/xglm-564M,10,verbs,110,0.9379397034645081
xglm_small,facebook/xglm-564M,10,verbs,111,0.950518786907196
xglm_small,facebook/xglm-564M,10,verbs,112,0.9353858232498169
xglm_small,facebook/xglm-564M,10,verbs,113,0.9486449956893921
xglm_small,facebook/xglm-564M,10,verbs,114,0.9448724985122681
xglm_small,facebook/xglm-564M,10,verbs,115,0.9357665777206421
xglm_small,facebook/xglm-564M,10,verbs,116,0.9283567070960999
xglm_small,facebook/xglm-564M,10,verbs,117,0.936812162399292
xglm_small,facebook/xglm-564M,10,verbs,118,0.9476128220558167
xglm_small,facebook/xglm-564M,10,verbs,119,0.9518530368804932
xglm_small,facebook/xglm-564M,10,verbs,120,0.9451786875724792
xglm_small,facebook/xglm-564M,10,verbs,121,0.9451930522918701
xglm_small,facebook/xglm-564M,10,verbs,122,0.9488232135772705
xglm_small,facebook/xglm-564M,10,verbs,123,0.9434947371482849
xglm_small,facebook/xglm-564M,10,verbs,124,0.9397056102752686
xglm_small,facebook/xglm-564M,10,verbs,125,0.9425193071365356
xglm_small,facebook/xglm-564M,10,verbs,126,0.9425339698791504
xglm_small,facebook/xglm-564M,10,verbs,127,0.9392907023429871
xglm_small,facebook/xglm-564M,10,verbs,128,0.9494737386703491
xglm_small,facebook/xglm-564M,10,verbs,129,0.9549633264541626
xglm_small,facebook/xglm-564M,10,verbs,130,0.9519893527030945
xglm_small,facebook/xglm-564M,10,verbs,131,0.9384830594062805
xglm_small,facebook/xglm-564M,10,verbs,132,0.9444805979728699
xglm_small,facebook/xglm-564M,10,verbs,133,0.9360362887382507
xglm_small,facebook/xglm-564M,10,verbs,134,0.9483804106712341
xglm_small,facebook/xglm-564M,10,verbs,135,0.9338216781616211
xglm_small,facebook/xglm-564M,10,verbs,136,0.9555133581161499
xglm_small,facebook/xglm-564M,10,verbs,137,0.9340044260025024
xglm_small,facebook/xglm-564M,10,verbs,138,0.9437754154205322
xglm_small,facebook/xglm-564M,10,verbs,139,0.9376831650733948
xglm_small,facebook/xglm-564M,10,verbs,140,0.9545701146125793
xglm_small,facebook/xglm-564M,10,verbs,141,0.9492776989936829
xglm_small,facebook/xglm-564M,10,verbs,142,0.9513434171676636
xglm_small,facebook/xglm-564M,10,verbs,143,0.953474760055542
xglm_small,facebook/xglm-564M,10,verbs,144,0.9405253529548645
xglm_small,facebook/xglm-564M,10,verbs,145,0.954315185546875
xglm_small,facebook/xglm-564M,10,verbs,146,0.9348135590553284
xglm_small,facebook/xglm-564M,10,verbs,147,0.936299741268158
xglm_small,facebook/xglm-564M,10,verbs,148,0.9485411643981934
xglm_small,facebook/xglm-564M,10,verbs,149,0.9502219557762146
xglm_small,facebook/xglm-564M,10,verbs,150,0.9349124431610107
xglm_small,facebook/xglm-564M,10,verbs,151,0.9247928261756897
xglm_small,facebook/xglm-564M,10,verbs,152,0.9292356371879578
xglm_small,facebook/xglm-564M,10,verbs,153,0.9539070129394531
xglm_small,facebook/xglm-564M,10,verbs,154,0.9336758255958557
xglm_small,facebook/xglm-564M,10,verbs,155,0.9501787424087524
xglm_small,facebook/xglm-564M,10,verbs,156,0.9538308382034302
xglm_small,facebook/xglm-564M,10,verbs,157,0.9442237615585327
xglm_small,facebook/xglm-564M,10,verbs,158,0.9411765336990356
xglm_small,facebook/xglm-564M,10,verbs,159,0.9541009068489075
xglm_small,facebook/xglm-564M,10,verbs,160,0.9272361397743225
xglm_small,facebook/xglm-564M,10,verbs,161,0.9514583945274353
xglm_small,facebook/xglm-564M,10,verbs,162,0.932533860206604
xglm_small,facebook/xglm-564M,10,verbs,163,0.936034083366394
xglm_small,facebook/xglm-564M,10,verbs,164,0.9457892775535583
xglm_small,facebook/xglm-564M,10,verbs,165,0.9532324075698853
xglm_small,facebook/xglm-564M,10,verbs,166,0.9545891880989075
xglm_small,facebook/xglm-564M,10,verbs,167,0.9363046288490295
xglm_small,facebook/xglm-564M,10,verbs,168,0.9483987092971802
xglm_small,facebook/xglm-564M,10,verbs,169,0.9550525546073914
xglm_small,facebook/xglm-564M,10,verbs,170,0.955967903137207
xglm_small,facebook/xglm-564M,10,verbs,171,0.9377186894416809
xglm_small,facebook/xglm-564M,10,verbs,172,0.9400079250335693
xglm_small,facebook/xglm-564M,10,verbs,173,0.9464868307113647
xglm_small,facebook/xglm-564M,10,verbs,174,0.9420969486236572
xglm_small,facebook/xglm-564M,10,verbs,175,0.9352404475212097
xglm_small,facebook/xglm-564M,10,verbs,176,0.9433268308639526
xglm_small,facebook/xglm-564M,10,verbs,177,0.9356682300567627
xglm_small,facebook/xglm-564M,10,verbs,178,0.9275721311569214
xglm_small,facebook/xglm-564M,10,verbs,179,0.9347328543663025
xglm_small,facebook/xglm-564M,10,verbs,180,0.9415915012359619
xglm_small,facebook/xglm-564M,10,verbs,181,0.9502657651901245
xglm_small,facebook/xglm-564M,10,verbs,182,0.9528622627258301
xglm_small,facebook/xglm-564M,10,verbs,183,0.9258235692977905
xglm_small,facebook/xglm-564M,10,verbs,184,0.9272672533988953
xglm_small,facebook/xglm-564M,10,verbs,185,0.9309622049331665
xglm_small,facebook/xglm-564M,10,verbs,186,0.9281218647956848
xglm_small,facebook/xglm-564M,10,verbs,187,0.9366604089736938
xglm_small,facebook/xglm-564M,10,verbs,188,0.9481965899467468
xglm_small,facebook/xglm-564M,10,verbs,189,0.9453078508377075
xglm_small,facebook/xglm-564M,10,verbs,190,0.9327211976051331
xglm_small,facebook/xglm-564M,10,verbs,191,0.9481061697006226
xglm_small,facebook/xglm-564M,10,verbs,192,0.9527010321617126
xglm_small,facebook/xglm-564M,10,verbs,193,0.9365024566650391
xglm_small,facebook/xglm-564M,10,verbs,194,0.9467171430587769
xglm_small,facebook/xglm-564M,10,verbs,195,0.938413143157959
xglm_small,facebook/xglm-564M,10,verbs,196,0.9432681202888489
xglm_small,facebook/xglm-564M,10,verbs,197,0.9300780892372131
xglm_small,facebook/xglm-564M,10,verbs,198,0.9283731579780579
xglm_small,facebook/xglm-564M,10,verbs,199,0.938286542892456
xglm_small,facebook/xglm-564M,10,verbs,200,0.937351644039154
xglm_small,facebook/xglm-564M,10,verbs,201,0.9481548070907593
xglm_small,facebook/xglm-564M,10,verbs,202,0.9503882527351379
xglm_small,facebook/xglm-564M,10,verbs,203,0.9471389055252075
xglm_small,facebook/xglm-564M,10,verbs,204,0.9384989142417908
xglm_small,facebook/xglm-564M,10,verbs,205,0.9470828771591187
xglm_small,facebook/xglm-564M,10,verbs,206,0.9389756917953491
xglm_small,facebook/xglm-564M,10,verbs,207,0.9386327266693115
xglm_small,facebook/xglm-564M,10,verbs,208,0.93855881690979
xglm_small,facebook/xglm-564M,10,verbs,209,0.932679295539856
xglm_small,facebook/xglm-564M,10,verbs,210,0.9473786354064941
xglm_small,facebook/xglm-564M,10,verbs,211,0.9249060153961182
xglm_small,facebook/xglm-564M,10,verbs,212,0.9374839067459106
xglm_small,facebook/xglm-564M,10,verbs,213,0.9461116790771484
xglm_small,facebook/xglm-564M,10,verbs,214,0.9569544792175293
xglm_small,facebook/xglm-564M,10,verbs,215,0.9497344493865967
xglm_small,facebook/xglm-564M,10,verbs,216,0.9519391655921936
xglm_small,facebook/xglm-564M,10,verbs,217,0.9308587908744812
xglm_small,facebook/xglm-564M,10,verbs,218,0.9530647993087769
xglm_small,facebook/xglm-564M,10,verbs,219,0.9384886026382446
xglm_small,facebook/xglm-564M,10,verbs,220,0.9424775838851929
xglm_small,facebook/xglm-564M,10,verbs,221,0.9553205966949463
xglm_small,facebook/xglm-564M,10,verbs,222,0.9539000988006592
xglm_small,facebook/xglm-564M,10,verbs,223,0.949046790599823
xglm_small,facebook/xglm-564M,10,verbs,224,0.9543200135231018
xglm_small,facebook/xglm-564M,10,verbs,225,0.9507733583450317
xglm_small,facebook/xglm-564M,10,verbs,226,0.9379093050956726
xglm_small,facebook/xglm-564M,10,verbs,227,0.9353371858596802
xglm_small,facebook/xglm-564M,10,verbs,228,0.9394251704216003
xglm_small,facebook/xglm-564M,10,verbs,229,0.9503108263015747
xglm_small,facebook/xglm-564M,10,verbs,230,0.9370419383049011
xglm_small,facebook/xglm-564M,10,verbs,231,0.9417779445648193
xglm_small,facebook/xglm-564M,10,verbs,232,0.9413042664527893
xglm_small,facebook/xglm-564M,10,verbs,233,0.9369418621063232
xglm_small,facebook/xglm-564M,10,verbs,234,0.9398549199104309
xglm_small,facebook/xglm-564M,10,verbs,235,0.9443904161453247
xglm_small,facebook/xglm-564M,10,verbs,236,0.953380823135376
xglm_small,facebook/xglm-564M,10,verbs,237,0.9385015964508057
xglm_small,facebook/xglm-564M,10,verbs,238,0.952360987663269
xglm_small,facebook/xglm-564M,10,verbs,239,0.9527568221092224
xglm_small,facebook/xglm-564M,10,verbs,240,0.9525935649871826
xglm_small,facebook/xglm-564M,10,verbs,241,0.941368579864502
xglm_small,facebook/xglm-564M,10,verbs,242,0.9221123456954956
xglm_small,facebook/xglm-564M,10,verbs,243,0.9423998594284058
xglm_small,facebook/xglm-564M,10,verbs,244,0.9546536803245544
xglm_small,facebook/xglm-564M,10,verbs,245,0.9400469064712524
xglm_small,facebook/xglm-564M,10,verbs,246,0.949806809425354
xglm_small,facebook/xglm-564M,10,verbs,247,0.9347748756408691
xglm_small,facebook/xglm-564M,10,verbs,248,0.9414836168289185
xglm_small,facebook/xglm-564M,10,verbs,249,0.9565137028694153
xglm_small,facebook/xglm-564M,10,verbs,250,0.952669620513916
xglm_small,facebook/xglm-564M,10,verbs,251,0.950566291809082
xglm_small,facebook/xglm-564M,10,verbs,252,0.949685275554657
xglm_small,facebook/xglm-564M,10,verbs,253,0.9494620561599731
xglm_small,facebook/xglm-564M,10,verbs,254,0.9388319253921509
xglm_small,facebook/xglm-564M,10,verbs,255,0.948229968547821
xglm_small,facebook/xglm-564M,10,verbs,256,0.9462413787841797
xglm_small,facebook/xglm-564M,10,verbs,257,0.9496710896492004
xglm_small,facebook/xglm-564M,10,verbs,258,0.950468897819519
xglm_small,facebook/xglm-564M,10,verbs,259,0.948676586151123
xglm_small,facebook/xglm-564M,10,verbs,260,0.9449740052223206
xglm_small,facebook/xglm-564M,10,verbs,261,0.934429943561554
xglm_small,facebook/xglm-564M,10,verbs,262,0.9453954696655273
xglm_small,facebook/xglm-564M,10,verbs,263,0.9444541931152344
xglm_small,facebook/xglm-564M,10,verbs,264,0.9448725581169128
xglm_small,facebook/xglm-564M,10,verbs,265,0.9321685433387756
xglm_small,facebook/xglm-564M,10,verbs,266,0.928017258644104
xglm_small,facebook/xglm-564M,10,verbs,267,0.9232109189033508
xglm_small,facebook/xglm-564M,10,verbs,268,0.9342237114906311
xglm_small,facebook/xglm-564M,10,verbs,269,0.9344795942306519
xglm_small,facebook/xglm-564M,10,verbs,270,0.9493635892868042
xglm_small,facebook/xglm-564M,10,verbs,271,0.9275922775268555
xglm_small,facebook/xglm-564M,10,verbs,272,0.9504954218864441
xglm_small,facebook/xglm-564M,10,verbs,273,0.9523572325706482
xglm_small,facebook/xglm-564M,10,verbs,274,0.9346008896827698
xglm_small,facebook/xglm-564M,10,verbs,275,0.9417213797569275
xglm_small,facebook/xglm-564M,10,verbs,276,0.9379578232765198
xglm_small,facebook/xglm-564M,10,verbs,277,0.9328605532646179
xglm_small,facebook/xglm-564M,10,verbs,278,0.9531823396682739
xglm_small,facebook/xglm-564M,10,verbs,279,0.9342917203903198
xglm_small,facebook/xglm-564M,10,verbs,280,0.9543805718421936
xglm_small,facebook/xglm-564M,10,verbs,281,0.9335805773735046
xglm_small,facebook/xglm-564M,10,verbs,282,0.9413979053497314
xglm_small,facebook/xglm-564M,10,verbs,283,0.9429418444633484
xglm_small,facebook/xglm-564M,10,verbs,284,0.9254574775695801
xglm_small,facebook/xglm-564M,10,verbs,285,0.9330103397369385
xglm_small,facebook/xglm-564M,10,verbs,286,0.9327679872512817
xglm_small,facebook/xglm-564M,10,verbs,287,0.9441134929656982
xglm_small,facebook/xglm-564M,10,verbs,288,0.9350262880325317
xglm_small,facebook/xglm-564M,10,verbs,289,0.9482638239860535
xglm_small,facebook/xglm-564M,10,verbs,290,0.9492166638374329
xglm_small,facebook/xglm-564M,10,verbs,291,0.9512504935264587
xglm_small,facebook/xglm-564M,10,verbs,292,0.9483156204223633
xglm_small,facebook/xglm-564M,10,verbs,293,0.9518921375274658
xglm_small,facebook/xglm-564M,10,verbs,294,0.950614333152771
xglm_small,facebook/xglm-564M,10,verbs,295,0.9341970682144165
xglm_small,facebook/xglm-564M,10,verbs,296,0.9339651465415955
xglm_small,facebook/xglm-564M,10,verbs,297,0.9531771540641785
xglm_small,facebook/xglm-564M,10,verbs,298,0.9422592520713806
xglm_small,facebook/xglm-564M,10,verbs,299,0.9313801527023315
xglm_small,facebook/xglm-564M,10,verbs,300,0.9271477460861206
xglm_small,facebook/xglm-564M,10,verbs,301,0.953710675239563
xglm_small,facebook/xglm-564M,10,verbs,302,0.9515684843063354
xglm_small,facebook/xglm-564M,10,verbs,303,0.9334992170333862
xglm_small,facebook/xglm-564M,10,verbs,304,0.951515793800354
xglm_small,facebook/xglm-564M,10,verbs,305,0.9261291027069092
xglm_small,facebook/xglm-564M,10,verbs,306,0.9496772885322571
xglm_small,facebook/xglm-564M,10,verbs,307,0.9504876732826233
xglm_small,facebook/xglm-564M,10,verbs,308,0.9544878005981445
xglm_small,facebook/xglm-564M,10,verbs,309,0.933015763759613
xglm_small,facebook/xglm-564M,10,verbs,310,0.9540281295776367
xglm_small,facebook/xglm-564M,10,verbs,311,0.9507469534873962
xglm_small,facebook/xglm-564M,10,verbs,312,0.954872727394104
xglm_small,facebook/xglm-564M,10,verbs,313,0.9419710636138916
xglm_small,facebook/xglm-564M,10,verbs,314,0.9309853911399841
xglm_small,facebook/xglm-564M,10,verbs,315,0.9289578199386597
xglm_small,facebook/xglm-564M,10,verbs,316,0.9388204216957092
xglm_small,facebook/xglm-564M,10,verbs,317,0.924950361251831
xglm_small,facebook/xglm-564M,10,verbs,318,0.9413451552391052
xglm_small,facebook/xglm-564M,10,verbs,319,0.9326850771903992
xglm_small,facebook/xglm-564M,10,verbs,320,0.9266141057014465
xglm_small,facebook/xglm-564M,10,verbs,321,0.952340841293335
xglm_small,facebook/xglm-564M,10,verbs,322,0.9393283724784851
xglm_small,facebook/xglm-564M,10,verbs,323,0.95331209897995
xglm_small,facebook/xglm-564M,10,verbs,324,0.9425516128540039
xglm_small,facebook/xglm-564M,10,verbs,325,0.952495813369751
xglm_small,facebook/xglm-564M,10,verbs,326,0.9425256252288818
xglm_small,facebook/xglm-564M,10,verbs,327,0.9415842294692993
xglm_small,facebook/xglm-564M,10,verbs,328,0.9344338774681091
xglm_small,facebook/xglm-564M,10,verbs,329,0.9431498050689697
xglm_small,facebook/xglm-564M,10,verbs,330,0.9435679912567139
xglm_small,facebook/xglm-564M,10,verbs,331,0.9322823286056519
xglm_small,facebook/xglm-564M,10,verbs,332,0.9446414709091187
xglm_small,facebook/xglm-564M,10,verbs,333,0.9433297514915466
xglm_small,facebook/xglm-564M,10,verbs,334,0.9469312429428101
xglm_small,facebook/xglm-564M,10,verbs,335,0.9459214806556702
xglm_small,facebook/xglm-564M,10,verbs,336,0.9304293394088745
xglm_small,facebook/xglm-564M,10,verbs,337,0.9339469075202942
xglm_small,facebook/xglm-564M,10,verbs,338,0.9558689594268799
xglm_small,facebook/xglm-564M,10,verbs,339,0.9346280097961426
xglm_small,facebook/xglm-564M,10,verbs,340,0.9225468039512634
xglm_small,facebook/xglm-564M,10,verbs,341,0.9518712759017944
xglm_small,facebook/xglm-564M,10,verbs,342,0.9584268927574158
xglm_small,facebook/xglm-564M,10,verbs,343,0.9380308389663696
xglm_small,facebook/xglm-564M,10,verbs,344,0.9566579461097717
xglm_small,facebook/xglm-564M,10,verbs,345,0.9358981847763062
xglm_small,facebook/xglm-564M,10,verbs,346,0.9363245368003845
xglm_small,facebook/xglm-564M,10,verbs,347,0.9532725214958191
xglm_small,facebook/xglm-564M,10,verbs,348,0.9368114471435547
xglm_small,facebook/xglm-564M,10,verbs,349,0.9561918377876282
xglm_small,facebook/xglm-564M,10,verbs,350,0.9219414591789246
xglm_small,facebook/xglm-564M,10,verbs,351,0.9485068321228027
xglm_small,facebook/xglm-564M,10,verbs,352,0.9556888937950134
xglm_small,facebook/xglm-564M,10,verbs,353,0.9431436657905579
xglm_small,facebook/xglm-564M,10,verbs,354,0.9432139992713928
xglm_small,facebook/xglm-564M,10,verbs,355,0.937646746635437
xglm_small,facebook/xglm-564M,10,verbs,356,0.9416376948356628
xglm_small,facebook/xglm-564M,10,verbs,357,0.9580764770507812
xglm_small,facebook/xglm-564M,10,verbs,358,0.9385115504264832
xglm_small,facebook/xglm-564M,10,verbs,359,0.9321156144142151
xglm_small,facebook/xglm-564M,10,verbs,360,0.954934298992157
xglm_small,facebook/xglm-564M,10,verbs,361,0.9505916833877563
xglm_small,facebook/xglm-564M,10,verbs,362,0.934532880783081
xglm_small,facebook/xglm-564M,10,verbs,363,0.9347896575927734
xglm_small,facebook/xglm-564M,10,verbs,364,0.9550722241401672
xglm_small,facebook/xglm-564M,10,verbs,365,0.940783679485321
xglm_small,facebook/xglm-564M,10,verbs,366,0.940016508102417
xglm_small,facebook/xglm-564M,10,verbs,367,0.9417967200279236
xglm_small,facebook/xglm-564M,10,verbs,368,0.954813539981842
xglm_small,facebook/xglm-564M,10,verbs,369,0.9561620354652405
xglm_small,facebook/xglm-564M,10,verbs,370,0.9512513875961304
xglm_small,facebook/xglm-564M,10,verbs,371,0.9518460035324097
xglm_small,facebook/xglm-564M,10,verbs,372,0.9566890001296997
xglm_small,facebook/xglm-564M,10,verbs,373,0.9511769413948059
xglm_small,facebook/xglm-564M,10,verbs,374,0.936346173286438
xglm_small,facebook/xglm-564M,10,verbs,375,0.952404797077179
xglm_small,facebook/xglm-564M,10,verbs,376,0.9362381100654602
xglm_small,facebook/xglm-564M,10,verbs,377,0.9295206665992737
xglm_small,facebook/xglm-564M,10,verbs,378,0.9538757801055908
xglm_small,facebook/xglm-564M,10,verbs,379,0.953724205493927
xglm_small,facebook/xglm-564M,10,verbs,380,0.943271279335022
xglm_small,facebook/xglm-564M,10,verbs,381,0.9441047310829163
xglm_small,facebook/xglm-564M,10,verbs,382,0.941417932510376
xglm_small,facebook/xglm-564M,10,verbs,383,0.945239245891571
xglm_small,facebook/xglm-564M,10,verbs,384,0.9404300451278687
xglm_small,facebook/xglm-564M,10,verbs,385,0.9268888235092163
xglm_small,facebook/xglm-564M,10,verbs,386,0.9457414150238037
xglm_small,facebook/xglm-564M,10,verbs,387,0.9272304773330688
xglm_small,facebook/xglm-564M,10,verbs,388,0.9470430016517639
xglm_small,facebook/xglm-564M,10,verbs,389,0.9453373551368713
xglm_small,facebook/xglm-564M,10,verbs,390,0.9408283829689026
xglm_small,facebook/xglm-564M,10,verbs,391,0.9425575733184814
xglm_small,facebook/xglm-564M,10,verbs,392,0.945173978805542
xglm_small,facebook/xglm-564M,10,verbs,393,0.9417639374732971
xglm_small,facebook/xglm-564M,10,verbs,394,0.9423659443855286
xglm_small,facebook/xglm-564M,10,verbs,395,0.946445882320404
xglm_small,facebook/xglm-564M,10,verbs,396,0.943565309047699
xglm_small,facebook/xglm-564M,10,verbs,397,0.9436846971511841
xglm_small,facebook/xglm-564M,10,verbs,398,0.9430509805679321
xglm_small,facebook/xglm-564M,10,verbs,399,0.9277287125587463
xglm_small,facebook/xglm-564M,10,verbs,400,0.9422377347946167
xglm_small,facebook/xglm-564M,10,verbs,401,0.9368220567703247
xglm_small,facebook/xglm-564M,10,verbs,402,0.9337490200996399
xglm_small,facebook/xglm-564M,10,verbs,403,0.9320706129074097
xglm_small,facebook/xglm-564M,10,verbs,404,0.9356884956359863
xglm_small,facebook/xglm-564M,10,verbs,405,0.9274581670761108
xglm_small,facebook/xglm-564M,10,verbs,406,0.9468587040901184
xglm_small,facebook/xglm-564M,10,verbs,407,0.9403200745582581
xglm_small,facebook/xglm-564M,10,verbs,408,0.932174563407898
xglm_small,facebook/xglm-564M,10,verbs,409,0.9396520256996155
xglm_small,facebook/xglm-564M,10,verbs,410,0.924473762512207
xglm_small,facebook/xglm-564M,10,verbs,411,0.9546786546707153
xglm_small,facebook/xglm-564M,10,verbs,412,0.9339379072189331
xglm_small,facebook/xglm-564M,10,verbs,413,0.9211695194244385
xglm_small,facebook/xglm-564M,10,verbs,414,0.9527634978294373
xglm_small,facebook/xglm-564M,10,verbs,415,0.9562882781028748
xglm_small,facebook/xglm-564M,10,verbs,416,0.9336289167404175
xglm_small,facebook/xglm-564M,10,verbs,417,0.9535142183303833
xglm_small,facebook/xglm-564M,10,verbs,418,0.932799756526947
xglm_small,facebook/xglm-564M,10,verbs,419,0.950438380241394
xglm_small,facebook/xglm-564M,10,verbs,420,0.9430959820747375
xglm_small,facebook/xglm-564M,10,verbs,421,0.9359023571014404
xglm_small,facebook/xglm-564M,10,verbs,422,0.9421813488006592
xglm_small,facebook/xglm-564M,10,verbs,423,0.9518432021141052
xglm_small,facebook/xglm-564M,10,verbs,424,0.9496886730194092
xglm_small,facebook/xglm-564M,10,verbs,425,0.9359233379364014
xglm_small,facebook/xglm-564M,10,verbs,426,0.932640552520752
xglm_small,facebook/xglm-564M,10,verbs,427,0.9347176551818848
xglm_small,facebook/xglm-564M,10,verbs,428,0.9259289503097534
xglm_small,facebook/xglm-564M,10,verbs,429,0.9497231841087341
xglm_small,facebook/xglm-564M,10,verbs,430,0.9356551766395569
xglm_small,facebook/xglm-564M,10,verbs,431,0.9276439547538757
xglm_small,facebook/xglm-564M,10,verbs,432,0.9334501028060913
xglm_small,facebook/xglm-564M,10,verbs,433,0.9539284706115723
xglm_small,facebook/xglm-564M,10,verbs,434,0.9413816332817078
xglm_small,facebook/xglm-564M,10,verbs,435,0.9346116781234741
xglm_small,facebook/xglm-564M,10,verbs,436,0.9543803930282593
xglm_small,facebook/xglm-564M,10,verbs,437,0.9350767135620117
xglm_small,facebook/xglm-564M,10,verbs,438,0.9221264719963074
xglm_small,facebook/xglm-564M,10,verbs,439,0.9360795021057129
xglm_small,facebook/xglm-564M,10,verbs,440,0.934234619140625
xglm_small,facebook/xglm-564M,10,verbs,441,0.9401220083236694
xglm_small,facebook/xglm-564M,10,verbs,442,0.9519075155258179
xglm_small,facebook/xglm-564M,10,verbs,443,0.9566429257392883
xglm_small,facebook/xglm-564M,10,verbs,444,0.9312313795089722
xglm_small,facebook/xglm-564M,10,verbs,445,0.9239028096199036
xglm_small,facebook/xglm-564M,10,verbs,446,0.9543951153755188
xglm_small,facebook/xglm-564M,10,verbs,447,0.941664457321167
xglm_small,facebook/xglm-564M,10,verbs,448,0.9547657370567322
xglm_small,facebook/xglm-564M,10,verbs,449,0.9376066327095032
xglm_small,facebook/xglm-564M,10,verbs,450,0.9545065760612488
xglm_small,facebook/xglm-564M,10,verbs,451,0.9441636800765991
xglm_small,facebook/xglm-564M,10,verbs,452,0.9410603046417236
xglm_small,facebook/xglm-564M,10,verbs,453,0.9340229034423828
xglm_small,facebook/xglm-564M,10,verbs,454,0.9468911290168762
xglm_small,facebook/xglm-564M,10,verbs,455,0.9428402185440063
xglm_small,facebook/xglm-564M,10,verbs,456,0.9407224059104919
xglm_small,facebook/xglm-564M,10,verbs,457,0.9500337243080139
xglm_small,facebook/xglm-564M,10,verbs,458,0.9419230818748474
xglm_small,facebook/xglm-564M,10,verbs,459,0.952888011932373
xglm_small,facebook/xglm-564M,10,verbs,460,0.9428513050079346
xglm_small,facebook/xglm-564M,10,verbs,461,0.95731520652771
xglm_small,facebook/xglm-564M,10,verbs,462,0.9395445585250854
xglm_small,facebook/xglm-564M,10,verbs,463,0.935670018196106
xglm_small,facebook/xglm-564M,10,verbs,464,0.9513475894927979
xglm_small,facebook/xglm-564M,10,verbs,465,0.9407508969306946
xglm_small,facebook/xglm-564M,10,verbs,466,0.941117525100708
xglm_small,facebook/xglm-564M,10,verbs,467,0.943157434463501
xglm_small,facebook/xglm-564M,10,verbs,468,0.9522981643676758
xglm_small,facebook/xglm-564M,10,verbs,469,0.9516605138778687
xglm_small,facebook/xglm-564M,10,verbs,470,0.955903947353363
xglm_small,facebook/xglm-564M,10,verbs,471,0.9474692344665527
xglm_small,facebook/xglm-564M,10,verbs,472,0.9512356519699097
xglm_small,facebook/xglm-564M,10,verbs,473,0.9402624368667603
xglm_small,facebook/xglm-564M,10,verbs,474,0.9366599917411804
xglm_small,facebook/xglm-564M,10,verbs,475,0.9422666430473328
xglm_small,facebook/xglm-564M,10,verbs,476,0.9512386322021484
xglm_small,facebook/xglm-564M,10,verbs,477,0.9369652271270752
xglm_small,facebook/xglm-564M,10,verbs,478,0.93729567527771
xglm_small,facebook/xglm-564M,10,verbs,479,0.9272866249084473
xglm_small,facebook/xglm-564M,10,verbs,480,0.9515961408615112
xglm_small,facebook/xglm-564M,10,verbs,481,0.9533329010009766
xglm_small,facebook/xglm-564M,10,verbs,482,0.9441561698913574
xglm_small,facebook/xglm-564M,10,verbs,483,0.9420628547668457
xglm_small,facebook/xglm-564M,10,verbs,484,0.9467962980270386
xglm_small,facebook/xglm-564M,10,verbs,485,0.9507016539573669
xglm_small,facebook/xglm-564M,10,verbs,486,0.9364319443702698
xglm_small,facebook/xglm-564M,10,verbs,487,0.9366058707237244
xglm_small,facebook/xglm-564M,10,verbs,488,0.9501016139984131
xglm_small,facebook/xglm-564M,10,verbs,489,0.9290306568145752
xglm_small,facebook/xglm-564M,10,verbs,490,0.932085394859314
xglm_small,facebook/xglm-564M,10,verbs,491,0.9312354326248169
xglm_small,facebook/xglm-564M,10,verbs,492,0.9385073184967041
xglm_small,facebook/xglm-564M,10,verbs,493,0.9545845985412598
xglm_small,facebook/xglm-564M,10,verbs,494,0.9436475038528442
xglm_small,facebook/xglm-564M,10,verbs,495,0.952733039855957
xglm_small,facebook/xglm-564M,10,verbs,496,0.9530598521232605
xglm_small,facebook/xglm-564M,10,verbs,497,0.9481096267700195
xglm_small,facebook/xglm-564M,10,verbs,498,0.9406338930130005
xglm_small,facebook/xglm-564M,10,verbs,499,0.9513146281242371
xglm_small,facebook/xglm-564M,10,verbs,500,0.9474702477455139
xglm_small,facebook/xglm-564M,10,verbs,501,0.9351575374603271
xglm_small,facebook/xglm-564M,10,verbs,502,0.9428052306175232
xglm_small,facebook/xglm-564M,10,verbs,503,0.9445539116859436
xglm_small,facebook/xglm-564M,10,verbs,504,0.9351038336753845
xglm_small,facebook/xglm-564M,10,verbs,505,0.941136360168457
xglm_small,facebook/xglm-564M,10,verbs,506,0.9318652153015137
xglm_small,facebook/xglm-564M,10,verbs,507,0.9528840780258179
xglm_small,facebook/xglm-564M,10,verbs,508,0.9470689296722412
xglm_small,facebook/xglm-564M,10,verbs,509,0.9488444924354553
xglm_small,facebook/xglm-564M,10,verbs,510,0.9335627555847168
xglm_small,facebook/xglm-564M,10,verbs,511,0.9334521889686584
xglm_small,facebook/xglm-564M,10,verbs,512,0.9330024719238281
xglm_small,facebook/xglm-564M,10,verbs,513,0.952922523021698
xglm_small,facebook/xglm-564M,10,verbs,514,0.9450240731239319
xglm_small,facebook/xglm-564M,10,verbs,515,0.9370635151863098
xglm_small,facebook/xglm-564M,10,verbs,516,0.9404156804084778
xglm_small,facebook/xglm-564M,10,verbs,517,0.9351173639297485
xglm_small,facebook/xglm-564M,10,verbs,518,0.9509167671203613
xglm_small,facebook/xglm-564M,10,verbs,519,0.9489198923110962
xglm_small,facebook/xglm-564M,10,verbs,520,0.9551250338554382
xglm_small,facebook/xglm-564M,10,verbs,521,0.9406629800796509
xglm_small,facebook/xglm-564M,10,verbs,522,0.9522251486778259
xglm_small,facebook/xglm-564M,10,verbs,523,0.952792763710022
xglm_small,facebook/xglm-564M,10,verbs,524,0.9458467960357666
xglm_small,facebook/xglm-564M,10,verbs,525,0.9331823587417603
xglm_small,facebook/xglm-564M,10,verbs,526,0.9347918629646301
xglm_small,facebook/xglm-564M,10,verbs,527,0.9380500316619873
xglm_small,facebook/xglm-564M,10,verbs,528,0.9421025514602661
xglm_small,facebook/xglm-564M,10,verbs,529,0.955723762512207
xglm_small,facebook/xglm-564M,10,verbs,530,0.9377956390380859
xglm_small,facebook/xglm-564M,10,verbs,531,0.9379037022590637
xglm_small,facebook/xglm-564M,10,verbs,532,0.9307739734649658
xglm_small,facebook/xglm-564M,10,verbs,533,0.9533143043518066
xglm_small,facebook/xglm-564M,10,verbs,534,0.9479193091392517
xglm_small,facebook/xglm-564M,10,verbs,535,0.9504060745239258
xglm_small,facebook/xglm-564M,10,verbs,536,0.9429946541786194
xglm_small,facebook/xglm-564M,10,verbs,537,0.9523881673812866
xglm_small,facebook/xglm-564M,10,verbs,538,0.935560405254364
xglm_small,facebook/xglm-564M,10,verbs,539,0.9401842355728149
xglm_small,facebook/xglm-564M,10,verbs,540,0.9360345602035522
xglm_small,facebook/xglm-564M,10,verbs,541,0.9367079138755798
xglm_small,facebook/xglm-564M,10,verbs,542,0.9501059651374817
xglm_small,facebook/xglm-564M,10,verbs,543,0.9424351453781128
xglm_small,facebook/xglm-564M,10,verbs,544,0.9540196061134338
xglm_small,facebook/xglm-564M,10,verbs,545,0.9546520709991455
xglm_small,facebook/xglm-564M,10,verbs,546,0.9389044642448425
xglm_small,facebook/xglm-564M,10,verbs,547,0.9550094604492188
xglm_small,facebook/xglm-564M,10,verbs,548,0.9513059258460999
xglm_small,facebook/xglm-564M,10,verbs,549,0.9425441026687622
xglm_small,facebook/xglm-564M,10,verbs,550,0.9466038346290588
xglm_small,facebook/xglm-564M,10,verbs,551,0.9381226897239685
xglm_small,facebook/xglm-564M,10,verbs,552,0.9491615295410156
xglm_small,facebook/xglm-564M,10,verbs,553,0.9508504867553711
xglm_small,facebook/xglm-564M,10,verbs,554,0.9556260704994202
xglm_small,facebook/xglm-564M,10,verbs,555,0.938464879989624
xglm_small,facebook/xglm-564M,10,verbs,556,0.9351229667663574
xglm_small,facebook/xglm-564M,10,verbs,557,0.9517537951469421
xglm_small,facebook/xglm-564M,10,verbs,558,0.9435039162635803
xglm_small,facebook/xglm-564M,10,verbs,559,0.946267306804657
xglm_small,facebook/xglm-564M,10,verbs,560,0.9514782428741455
xglm_small,facebook/xglm-564M,10,verbs,561,0.9381942749023438
xglm_small,facebook/xglm-564M,10,verbs,562,0.9375206828117371
xglm_small,facebook/xglm-564M,10,verbs,563,0.933695912361145
xglm_small,facebook/xglm-564M,10,verbs,564,0.9416989684104919
xglm_small,facebook/xglm-564M,10,verbs,565,0.9321373105049133
xglm_small,facebook/xglm-564M,10,verbs,566,0.9410268068313599
xglm_small,facebook/xglm-564M,10,verbs,567,0.9393017292022705
xglm_small,facebook/xglm-564M,10,verbs,568,0.9345828294754028
xglm_small,facebook/xglm-564M,10,verbs,569,0.9412798881530762
xglm_small,facebook/xglm-564M,10,verbs,570,0.9379197359085083
xglm_small,facebook/xglm-564M,10,verbs,571,0.9414154291152954
xglm_small,facebook/xglm-564M,10,verbs,572,0.9450668692588806
xglm_small,facebook/xglm-564M,10,verbs,573,0.9329009056091309
xglm_small,facebook/xglm-564M,10,verbs,574,0.9369680285453796
xglm_small,facebook/xglm-564M,10,verbs,575,0.9459595084190369
xglm_small,facebook/xglm-564M,10,verbs,576,0.9500409960746765
xglm_small,facebook/xglm-564M,10,verbs,577,0.9501336216926575
xglm_small,facebook/xglm-564M,10,verbs,578,0.952893853187561
xglm_small,facebook/xglm-564M,10,verbs,579,0.9448169469833374
xglm_small,facebook/xglm-564M,10,verbs,580,0.9515260457992554
xglm_small,facebook/xglm-564M,10,verbs,581,0.9350399374961853
xglm_small,facebook/xglm-564M,10,verbs,582,0.9516236782073975
xglm_small,facebook/xglm-564M,10,verbs,583,0.9483265280723572
xglm_small,facebook/xglm-564M,10,verbs,584,0.9523435235023499
xglm_small,facebook/xglm-564M,10,verbs,585,0.9519764184951782
xglm_small,facebook/xglm-564M,10,verbs,586,0.9344549775123596
xglm_small,facebook/xglm-564M,10,verbs,587,0.9519357681274414
xglm_small,facebook/xglm-564M,10,verbs,588,0.9395530223846436
xglm_small,facebook/xglm-564M,10,verbs,589,0.9231964349746704
xglm_small,facebook/xglm-564M,10,verbs,590,0.92922443151474
xglm_small,facebook/xglm-564M,10,verbs,591,0.933305561542511
xglm_small,facebook/xglm-564M,10,verbs,592,0.9497824907302856
xglm_small,facebook/xglm-564M,10,verbs,593,0.9527454972267151
xglm_small,facebook/xglm-564M,10,verbs,594,0.9523227214813232
xglm_small,facebook/xglm-564M,10,verbs,595,0.9412724375724792
xglm_small,facebook/xglm-564M,10,verbs,596,0.9516154527664185
xglm_small,facebook/xglm-564M,10,verbs,597,0.9486370086669922
xglm_small,facebook/xglm-564M,10,verbs,598,0.9447135925292969
xglm_small,facebook/xglm-564M,10,verbs,599,0.9385374188423157
xglm_small,facebook/xglm-564M,10,verbs,600,0.9431697726249695
xglm_small,facebook/xglm-564M,10,verbs,601,0.9357824325561523
xglm_small,facebook/xglm-564M,10,verbs,602,0.9501474499702454
xglm_small,facebook/xglm-564M,10,verbs,603,0.9316866397857666
xglm_small,facebook/xglm-564M,10,verbs,604,0.9524051547050476
xglm_small,facebook/xglm-564M,10,verbs,605,0.954378068447113
xglm_small,facebook/xglm-564M,10,verbs,606,0.9224822521209717
xglm_small,facebook/xglm-564M,10,verbs,607,0.9253025650978088
xglm_small,facebook/xglm-564M,10,verbs,608,0.9434090852737427
xglm_small,facebook/xglm-564M,10,verbs,609,0.9344353675842285
xglm_small,facebook/xglm-564M,10,verbs,610,0.9428253769874573
xglm_small,facebook/xglm-564M,10,verbs,611,0.9345025420188904
xglm_small,facebook/xglm-564M,10,verbs,612,0.9483875036239624
xglm_small,facebook/xglm-564M,10,verbs,613,0.9377927184104919
xglm_small,facebook/xglm-564M,10,verbs,614,0.9498230218887329
xglm_small,facebook/xglm-564M,10,verbs,615,0.9317410588264465
xglm_small,facebook/xglm-564M,10,verbs,616,0.938356339931488
xglm_small,facebook/xglm-564M,10,verbs,617,0.9352532625198364
xglm_small,facebook/xglm-564M,10,verbs,618,0.9406611919403076
xglm_small,facebook/xglm-564M,10,verbs,619,0.9500349760055542
xglm_small,facebook/xglm-564M,10,verbs,620,0.9336933493614197
xglm_small,facebook/xglm-564M,10,verbs,621,0.9533358812332153
xglm_small,facebook/xglm-564M,10,verbs,622,0.9361636638641357
xglm_small,facebook/xglm-564M,10,verbs,623,0.9518501162528992
xglm_small,facebook/xglm-564M,10,verbs,624,0.9461957216262817
xglm_small,facebook/xglm-564M,10,verbs,625,0.9416733384132385
xglm_small,facebook/xglm-564M,10,verbs,626,0.9352834820747375
xglm_small,facebook/xglm-564M,10,verbs,627,0.935597836971283
xglm_small,facebook/xglm-564M,10,verbs,628,0.9542940855026245
xglm_small,facebook/xglm-564M,10,verbs,629,0.9524096250534058
xglm_small,facebook/xglm-564M,10,verbs,630,0.9353642463684082
xglm_small,facebook/xglm-564M,10,verbs,631,0.9364491701126099
xglm_small,facebook/xglm-564M,10,verbs,632,0.9383690357208252
xglm_small,facebook/xglm-564M,10,verbs,633,0.9335607290267944
xglm_small,facebook/xglm-564M,10,verbs,634,0.9420459270477295
xglm_small,facebook/xglm-564M,10,verbs,635,0.9361289143562317
xglm_small,facebook/xglm-564M,10,verbs,636,0.9360864758491516
xglm_small,facebook/xglm-564M,10,verbs,637,0.9563120603561401
xglm_small,facebook/xglm-564M,10,verbs,638,0.9518559575080872
xglm_small,facebook/xglm-564M,10,verbs,639,0.9352725148200989
xglm_small,facebook/xglm-564M,10,verbs,640,0.9338329434394836
xglm_small,facebook/xglm-564M,10,verbs,641,0.9330288171768188
xglm_small,facebook/xglm-564M,10,verbs,642,0.9414271116256714
xglm_small,facebook/xglm-564M,10,verbs,643,0.9409379959106445
xglm_small,facebook/xglm-564M,10,verbs,644,0.9364096522331238
xglm_small,facebook/xglm-564M,10,verbs,645,0.930857241153717
xglm_small,facebook/xglm-564M,10,verbs,646,0.9412212371826172
xglm_small,facebook/xglm-564M,10,verbs,647,0.9428951740264893
xglm_small,facebook/xglm-564M,10,verbs,648,0.9375115633010864
xglm_small,facebook/xglm-564M,10,verbs,649,0.9352983236312866
xglm_small,facebook/xglm-564M,10,verbs,650,0.9506239295005798
xglm_small,facebook/xglm-564M,10,verbs,651,0.9513632655143738
xglm_small,facebook/xglm-564M,10,verbs,652,0.9544625282287598
xglm_small,facebook/xglm-564M,10,verbs,653,0.9484993815422058
xglm_small,facebook/xglm-564M,10,verbs,654,0.9380021095275879
xglm_small,facebook/xglm-564M,10,verbs,655,0.9425744414329529
xglm_small,facebook/xglm-564M,10,verbs,656,0.9405942559242249
xglm_small,facebook/xglm-564M,10,verbs,657,0.953339695930481
xglm_small,facebook/xglm-564M,10,verbs,658,0.9507465362548828
xglm_small,facebook/xglm-564M,10,verbs,659,0.9250423908233643
xglm_small,facebook/xglm-564M,10,verbs,660,0.9405491948127747
xglm_small,facebook/xglm-564M,10,verbs,661,0.9548320174217224
xglm_small,facebook/xglm-564M,10,verbs,662,0.9451716542243958
xglm_small,facebook/xglm-564M,10,verbs,663,0.9364067316055298
xglm_small,facebook/xglm-564M,10,verbs,664,0.9380431175231934
xglm_small,facebook/xglm-564M,10,verbs,665,0.9347458481788635
xglm_small,facebook/xglm-564M,10,verbs,666,0.9534702897071838
xglm_small,facebook/xglm-564M,10,verbs,667,0.9338847398757935
xglm_small,facebook/xglm-564M,10,verbs,668,0.9431517124176025
xglm_small,facebook/xglm-564M,10,verbs,669,0.9296945333480835
xglm_small,facebook/xglm-564M,10,verbs,670,0.9514254331588745
xglm_small,facebook/xglm-564M,10,verbs,671,0.9544583559036255
xglm_small,facebook/xglm-564M,10,verbs,672,0.9405036568641663
xglm_small,facebook/xglm-564M,10,verbs,673,0.9544976353645325
xglm_small,facebook/xglm-564M,10,verbs,674,0.9495458602905273
xglm_small,facebook/xglm-564M,10,verbs,675,0.9257269501686096
xglm_small,facebook/xglm-564M,10,verbs,676,0.949217677116394
xglm_small,facebook/xglm-564M,10,verbs,677,0.9509081840515137
xglm_small,facebook/xglm-564M,10,verbs,678,0.9348552227020264
xglm_small,facebook/xglm-564M,10,verbs,679,0.9443117380142212
xglm_small,facebook/xglm-564M,10,verbs,680,0.9538241624832153
xglm_small,facebook/xglm-564M,10,verbs,681,0.9479368925094604
xglm_small,facebook/xglm-564M,10,verbs,682,0.9377481937408447
xglm_small,facebook/xglm-564M,10,verbs,683,0.9303686618804932
xglm_small,facebook/xglm-564M,10,verbs,684,0.934594452381134
xglm_small,facebook/xglm-564M,10,verbs,685,0.9267542958259583
xglm_small,facebook/xglm-564M,10,verbs,686,0.9341424703598022
xglm_small,facebook/xglm-564M,10,verbs,687,0.9375220537185669
xglm_small,facebook/xglm-564M,10,verbs,688,0.946519672870636
xglm_small,facebook/xglm-564M,10,verbs,689,0.9549214243888855
xglm_small,facebook/xglm-564M,10,verbs,690,0.944008469581604
xglm_small,facebook/xglm-564M,10,verbs,691,0.9330179691314697
xglm_small,facebook/xglm-564M,10,verbs,692,0.953503429889679
xglm_small,facebook/xglm-564M,10,verbs,693,0.9275480508804321
xglm_small,facebook/xglm-564M,10,verbs,694,0.9521113634109497
xglm_small,facebook/xglm-564M,10,verbs,695,0.9538649916648865
xglm_small,facebook/xglm-564M,10,verbs,696,0.9380940794944763
xglm_small,facebook/xglm-564M,10,verbs,697,0.9541894197463989
xglm_small,facebook/xglm-564M,10,verbs,698,0.9467806220054626
xglm_small,facebook/xglm-564M,10,verbs,699,0.9387207627296448
xglm_small,facebook/xglm-564M,10,verbs,700,0.9376354813575745
xglm_small,facebook/xglm-564M,10,verbs,701,0.9541043043136597
xglm_small,facebook/xglm-564M,10,verbs,702,0.9487911462783813
xglm_small,facebook/xglm-564M,10,verbs,703,0.9411945343017578
xglm_small,facebook/xglm-564M,10,verbs,704,0.9328517913818359
xglm_small,facebook/xglm-564M,10,verbs,705,0.9490864872932434
xglm_small,facebook/xglm-564M,10,verbs,706,0.9372047781944275
xglm_small,facebook/xglm-564M,10,verbs,707,0.9409370422363281
xglm_small,facebook/xglm-564M,10,verbs,708,0.9538967609405518
xglm_small,facebook/xglm-564M,10,verbs,709,0.9479529857635498
xglm_small,facebook/xglm-564M,10,verbs,710,0.9319202899932861
xglm_small,facebook/xglm-564M,10,verbs,711,0.9317561984062195
xglm_small,facebook/xglm-564M,10,verbs,712,0.9437121152877808
xglm_small,facebook/xglm-564M,10,verbs,713,0.9479609131813049
xglm_small,facebook/xglm-564M,10,verbs,714,0.932448148727417
xglm_small,facebook/xglm-564M,10,verbs,715,0.9438381195068359
xglm_small,facebook/xglm-564M,10,verbs,716,0.9324067831039429
xglm_small,facebook/xglm-564M,10,verbs,717,0.9518297910690308
xglm_small,facebook/xglm-564M,10,verbs,718,0.952490508556366
xglm_small,facebook/xglm-564M,10,verbs,719,0.9368937015533447
xglm_small,facebook/xglm-564M,10,verbs,720,0.9306921362876892
xglm_small,facebook/xglm-564M,10,verbs,721,0.9345213770866394
xglm_small,facebook/xglm-564M,10,verbs,722,0.9382837414741516
xglm_small,facebook/xglm-564M,10,verbs,723,0.95266193151474
xglm_small,facebook/xglm-564M,10,verbs,724,0.9203219413757324
xglm_small,facebook/xglm-564M,10,verbs,725,0.9509910941123962
xglm_small,facebook/xglm-564M,10,verbs,726,0.9408373236656189
xglm_small,facebook/xglm-564M,10,verbs,727,0.9521101713180542
xglm_small,facebook/xglm-564M,10,verbs,728,0.9532504081726074
xglm_small,facebook/xglm-564M,10,verbs,729,0.9516074657440186
xglm_small,facebook/xglm-564M,10,verbs,730,0.940274715423584
xglm_small,facebook/xglm-564M,10,verbs,731,0.9345912933349609
xglm_small,facebook/xglm-564M,10,verbs,732,0.9190060496330261
xglm_small,facebook/xglm-564M,10,verbs,733,0.9431462287902832
xglm_small,facebook/xglm-564M,10,verbs,734,0.9509614706039429
xglm_small,facebook/xglm-564M,10,verbs,735,0.9218157529830933
xglm_small,facebook/xglm-564M,10,verbs,736,0.9412757754325867
xglm_small,facebook/xglm-564M,10,verbs,737,0.9333895444869995
xglm_small,facebook/xglm-564M,10,verbs,738,0.9405561685562134
xglm_small,facebook/xglm-564M,10,verbs,739,0.9348838329315186
xglm_small,facebook/xglm-564M,10,verbs,740,0.9538460969924927
xglm_small,facebook/xglm-564M,10,verbs,741,0.9451857805252075
xglm_small,facebook/xglm-564M,10,verbs,742,0.934850811958313
xglm_small,facebook/xglm-564M,10,verbs,743,0.9522927403450012
xglm_small,facebook/xglm-564M,10,verbs,744,0.9535150527954102
xglm_small,facebook/xglm-564M,10,verbs,745,0.9339963793754578
xglm_small,facebook/xglm-564M,10,verbs,746,0.9300506711006165
xglm_small,facebook/xglm-564M,10,verbs,747,0.9434658288955688
xglm_small,facebook/xglm-564M,10,verbs,748,0.949360728263855
xglm_small,facebook/xglm-564M,10,verbs,749,0.9531285762786865
xglm_small,facebook/xglm-564M,10,verbs,750,0.9324156045913696
xglm_small,facebook/xglm-564M,10,verbs,751,0.9368995428085327
xglm_small,facebook/xglm-564M,10,verbs,752,0.9521007537841797
xglm_small,facebook/xglm-564M,10,verbs,753,0.9337846040725708
xglm_small,facebook/xglm-564M,10,verbs,754,0.947059154510498
xglm_small,facebook/xglm-564M,10,verbs,755,0.9493141174316406
xglm_small,facebook/xglm-564M,10,verbs,756,0.9339341521263123
xglm_small,facebook/xglm-564M,10,verbs,757,0.9513610601425171
xglm_small,facebook/xglm-564M,10,verbs,758,0.9495494365692139
xglm_small,facebook/xglm-564M,10,verbs,759,0.9328391551971436
xglm_small,facebook/xglm-564M,10,verbs,760,0.9229390621185303
xglm_small,facebook/xglm-564M,10,verbs,761,0.9369611144065857
xglm_small,facebook/xglm-564M,10,verbs,762,0.9403716921806335
xglm_small,facebook/xglm-564M,10,verbs,763,0.9371192455291748
xglm_small,facebook/xglm-564M,10,verbs,764,0.9316775798797607
xglm_small,facebook/xglm-564M,10,verbs,765,0.9498016834259033
xglm_small,facebook/xglm-564M,10,verbs,766,0.9556581377983093
xglm_small,facebook/xglm-564M,10,verbs,767,0.9534872174263
xglm_small,facebook/xglm-564M,10,verbs,768,0.9514749050140381
xglm_small,facebook/xglm-564M,10,verbs,769,0.9384081363677979
xglm_small,facebook/xglm-564M,10,verbs,770,0.9355906844139099
xglm_small,facebook/xglm-564M,10,verbs,771,0.9520919322967529
xglm_small,facebook/xglm-564M,10,verbs,772,0.9486876726150513
xglm_small,facebook/xglm-564M,10,verbs,773,0.9408668875694275
xglm_small,facebook/xglm-564M,10,verbs,774,0.9543012380599976
xglm_small,facebook/xglm-564M,10,verbs,775,0.9286708235740662
xglm_small,facebook/xglm-564M,10,verbs,776,0.9466971158981323
xglm_small,facebook/xglm-564M,10,verbs,777,0.9486029744148254
xglm_small,facebook/xglm-564M,10,verbs,778,0.9397434592247009
xglm_small,facebook/xglm-564M,10,verbs,779,0.9342305064201355
xglm_small,facebook/xglm-564M,10,verbs,780,0.9376814365386963
xglm_small,facebook/xglm-564M,10,verbs,781,0.9529896378517151
xglm_small,facebook/xglm-564M,10,verbs,782,0.936176061630249
xglm_small,facebook/xglm-564M,10,verbs,783,0.9490985870361328
xglm_small,facebook/xglm-564M,10,verbs,784,0.9388566613197327
xglm_small,facebook/xglm-564M,10,verbs,785,0.942929744720459
xglm_small,facebook/xglm-564M,10,verbs,786,0.9320383071899414
xglm_small,facebook/xglm-564M,10,verbs,787,0.9373961687088013
xglm_small,facebook/xglm-564M,10,verbs,788,0.9487910866737366
xglm_small,facebook/xglm-564M,10,verbs,789,0.9397589564323425
xglm_small,facebook/xglm-564M,10,verbs,790,0.9250710606575012
xglm_small,facebook/xglm-564M,10,verbs,791,0.9416819214820862
xglm_small,facebook/xglm-564M,10,verbs,792,0.9473092555999756
xglm_small,facebook/xglm-564M,10,verbs,793,0.9391788840293884
xglm_small,facebook/xglm-564M,10,verbs,794,0.9547826051712036
xglm_small,facebook/xglm-564M,10,verbs,795,0.9331315159797668
xglm_small,facebook/xglm-564M,10,verbs,796,0.9505386352539062
xglm_small,facebook/xglm-564M,10,verbs,797,0.9556540846824646
xglm_small,facebook/xglm-564M,10,verbs,798,0.950580358505249
xglm_small,facebook/xglm-564M,10,verbs,799,0.9519384503364563
xglm_small,facebook/xglm-564M,10,verbs,800,0.9368056654930115
xglm_small,facebook/xglm-564M,10,verbs,801,0.9377842545509338
xglm_small,facebook/xglm-564M,10,verbs,802,0.9262343645095825
xglm_small,facebook/xglm-564M,10,verbs,803,0.9521675705909729
xglm_small,facebook/xglm-564M,10,verbs,804,0.9403773546218872
xglm_small,facebook/xglm-564M,10,verbs,805,0.9370366930961609
xglm_small,facebook/xglm-564M,10,verbs,806,0.935934841632843
xglm_small,facebook/xglm-564M,10,verbs,807,0.9505929946899414
xglm_small,facebook/xglm-564M,10,verbs,808,0.9339153170585632
xglm_small,facebook/xglm-564M,10,verbs,809,0.95187908411026
xglm_small,facebook/xglm-564M,10,verbs,810,0.9503450393676758
xglm_small,facebook/xglm-564M,10,verbs,811,0.9282369017601013
xglm_small,facebook/xglm-564M,10,verbs,812,0.9357091188430786
xglm_small,facebook/xglm-564M,10,verbs,813,0.9366629123687744
xglm_small,facebook/xglm-564M,10,verbs,814,0.9533469080924988
xglm_small,facebook/xglm-564M,10,verbs,815,0.9492143392562866
xglm_small,facebook/xglm-564M,10,verbs,816,0.9425443410873413
xglm_small,facebook/xglm-564M,10,verbs,817,0.9537468552589417
xglm_small,facebook/xglm-564M,10,verbs,818,0.9355951547622681
xglm_small,facebook/xglm-564M,10,verbs,819,0.9411922693252563
xglm_small,facebook/xglm-564M,10,verbs,820,0.935116171836853
xglm_small,facebook/xglm-564M,10,verbs,821,0.955729067325592
xglm_small,facebook/xglm-564M,10,verbs,822,0.9382661581039429
xglm_small,facebook/xglm-564M,10,verbs,823,0.9362891316413879
xglm_small,facebook/xglm-564M,10,verbs,824,0.9526564478874207
xglm_small,facebook/xglm-564M,10,verbs,825,0.9369044899940491
xglm_small,facebook/xglm-564M,10,verbs,826,0.9354941844940186
xglm_small,facebook/xglm-564M,10,verbs,827,0.9549228549003601
xglm_small,facebook/xglm-564M,10,verbs,828,0.9451189041137695
xglm_small,facebook/xglm-564M,10,verbs,829,0.9310653805732727
xglm_small,facebook/xglm-564M,10,verbs,830,0.9362109899520874
xglm_small,facebook/xglm-564M,10,verbs,831,0.9420963525772095
xglm_small,facebook/xglm-564M,10,verbs,832,0.9355404376983643
xglm_small,facebook/xglm-564M,10,verbs,833,0.9513678550720215
xglm_small,facebook/xglm-564M,10,verbs,834,0.9531883001327515
xglm_small,facebook/xglm-564M,10,verbs,835,0.9525372982025146
xglm_small,facebook/xglm-564M,10,verbs,836,0.9522271752357483
xglm_small,facebook/xglm-564M,10,verbs,837,0.9545736908912659
xglm_small,facebook/xglm-564M,10,verbs,838,0.9327131509780884
xglm_small,facebook/xglm-564M,10,verbs,839,0.9363894462585449
xglm_small,facebook/xglm-564M,10,verbs,840,0.9321052432060242
xglm_small,facebook/xglm-564M,10,verbs,841,0.954609215259552
xglm_small,facebook/xglm-564M,10,verbs,842,0.9560699462890625
xglm_small,facebook/xglm-564M,10,verbs,843,0.9471651315689087
xglm_small,facebook/xglm-564M,10,verbs,844,0.926429271697998
xglm_small,facebook/xglm-564M,10,verbs,845,0.9506644010543823
xglm_small,facebook/xglm-564M,10,verbs,846,0.9429854154586792
xglm_small,facebook/xglm-564M,10,verbs,847,0.932269811630249
xglm_small,facebook/xglm-564M,10,verbs,848,0.9531532526016235
xglm_small,facebook/xglm-564M,10,verbs,849,0.953273594379425
xglm_small,facebook/xglm-564M,10,verbs,850,0.9510855078697205
xglm_small,facebook/xglm-564M,10,verbs,851,0.9559143781661987
xglm_small,facebook/xglm-564M,10,verbs,852,0.9585868716239929
xglm_small,facebook/xglm-564M,10,verbs,853,0.9514669179916382
xglm_small,facebook/xglm-564M,10,verbs,854,0.9428748488426208
xglm_small,facebook/xglm-564M,10,verbs,855,0.9377599954605103
xglm_small,facebook/xglm-564M,10,verbs,856,0.9369044899940491
xglm_small,facebook/xglm-564M,10,verbs,857,0.9371433258056641
xglm_small,facebook/xglm-564M,10,verbs,858,0.9541797041893005
xglm_small,facebook/xglm-564M,10,verbs,859,0.9551557898521423
xglm_small,facebook/xglm-564M,10,verbs,860,0.9513251185417175
xglm_small,facebook/xglm-564M,10,verbs,861,0.9447029829025269
xglm_small,facebook/xglm-564M,10,verbs,862,0.9526228308677673
xglm_small,facebook/xglm-564M,10,verbs,863,0.9488410949707031
xglm_small,facebook/xglm-564M,10,verbs,864,0.9342559576034546
xglm_small,facebook/xglm-564M,10,verbs,865,0.953139066696167
xglm_small,facebook/xglm-564M,10,verbs,866,0.9414149522781372
xglm_small,facebook/xglm-564M,10,verbs,867,0.9344838261604309
xglm_small,facebook/xglm-564M,10,verbs,868,0.942561686038971
xglm_small,facebook/xglm-564M,10,verbs,869,0.9431509375572205
xglm_small,facebook/xglm-564M,10,verbs,870,0.9546147584915161
xglm_small,facebook/xglm-564M,10,verbs,871,0.9364410638809204
xglm_small,facebook/xglm-564M,10,verbs,872,0.9538114666938782
xglm_small,facebook/xglm-564M,10,verbs,873,0.9554581642150879
xglm_small,facebook/xglm-564M,10,verbs,874,0.952113687992096
xglm_small,facebook/xglm-564M,10,verbs,875,0.934506356716156
xglm_small,facebook/xglm-564M,10,verbs,876,0.9538413882255554
xglm_small,facebook/xglm-564M,10,verbs,877,0.944898784160614
xglm_small,facebook/xglm-564M,10,verbs,878,0.9412842392921448
xglm_small,facebook/xglm-564M,10,verbs,879,0.9436333179473877
xglm_small,facebook/xglm-564M,10,verbs,880,0.934124231338501
xglm_small,facebook/xglm-564M,10,verbs,881,0.9296937584877014
xglm_small,facebook/xglm-564M,10,verbs,882,0.9341028928756714
xglm_small,facebook/xglm-564M,10,verbs,883,0.9536907076835632
xglm_small,facebook/xglm-564M,10,verbs,884,0.9516924619674683
xglm_small,facebook/xglm-564M,10,verbs,885,0.9356293678283691
xglm_small,facebook/xglm-564M,10,verbs,886,0.932673454284668
xglm_small,facebook/xglm-564M,10,verbs,887,0.9304767847061157
xglm_small,facebook/xglm-564M,10,verbs,888,0.9291781783103943
xglm_small,facebook/xglm-564M,10,verbs,889,0.9396505355834961
xglm_small,facebook/xglm-564M,10,verbs,890,0.9534405469894409
xglm_small,facebook/xglm-564M,10,verbs,891,0.9435446858406067
xglm_small,facebook/xglm-564M,10,verbs,892,0.932004451751709
xglm_small,facebook/xglm-564M,10,verbs,893,0.9401898980140686
xglm_small,facebook/xglm-564M,10,verbs,894,0.9396461844444275
xglm_small,facebook/xglm-564M,10,verbs,895,0.9499437808990479
xglm_small,facebook/xglm-564M,10,verbs,896,0.9512730240821838
xglm_small,facebook/xglm-564M,10,verbs,897,0.954656720161438
xglm_small,facebook/xglm-564M,10,verbs,898,0.9524756669998169
xglm_small,facebook/xglm-564M,10,verbs,899,0.9353446960449219
xglm_small,facebook/xglm-564M,10,verbs,900,0.9495166540145874
xglm_small,facebook/xglm-564M,10,verbs,901,0.9312074780464172
xglm_small,facebook/xglm-564M,10,verbs,902,0.9335343837738037
xglm_small,facebook/xglm-564M,10,verbs,903,0.9410484433174133
xglm_small,facebook/xglm-564M,10,verbs,904,0.9397983551025391
xglm_small,facebook/xglm-564M,10,verbs,905,0.9331215620040894
xglm_small,facebook/xglm-564M,10,verbs,906,0.9510003924369812
xglm_small,facebook/xglm-564M,10,verbs,907,0.9477466940879822
xglm_small,facebook/xglm-564M,10,verbs,908,0.9537714719772339
xglm_small,facebook/xglm-564M,10,verbs,909,0.9334230422973633
xglm_small,facebook/xglm-564M,10,verbs,910,0.951295793056488
xglm_small,facebook/xglm-564M,10,verbs,911,0.943058431148529
xglm_small,facebook/xglm-564M,10,verbs,912,0.9416157603263855
xglm_small,facebook/xglm-564M,10,verbs,913,0.9522008895874023
xglm_small,facebook/xglm-564M,10,verbs,914,0.9545418620109558
xglm_small,facebook/xglm-564M,10,verbs,915,0.9430749416351318
xglm_small,facebook/xglm-564M,10,verbs,916,0.9333658814430237
xglm_small,facebook/xglm-564M,10,verbs,917,0.9543598890304565
xglm_small,facebook/xglm-564M,10,verbs,918,0.9405168294906616
xglm_small,facebook/xglm-564M,10,verbs,919,0.9505174160003662
xglm_small,facebook/xglm-564M,10,verbs,920,0.9446555972099304
xglm_small,facebook/xglm-564M,10,verbs,921,0.9332034587860107
xglm_small,facebook/xglm-564M,10,verbs,922,0.9529740214347839
xglm_small,facebook/xglm-564M,10,verbs,923,0.9520785212516785
xglm_small,facebook/xglm-564M,10,verbs,924,0.9377660751342773
xglm_small,facebook/xglm-564M,10,verbs,925,0.9362180829048157
xglm_small,facebook/xglm-564M,10,verbs,926,0.9515783190727234
xglm_small,facebook/xglm-564M,10,verbs,927,0.9411264061927795
xglm_small,facebook/xglm-564M,10,verbs,928,0.9405316114425659
xglm_small,facebook/xglm-564M,10,verbs,929,0.941394031047821
xglm_small,facebook/xglm-564M,10,verbs,930,0.9507572054862976
xglm_small,facebook/xglm-564M,10,verbs,931,0.9530273675918579
xglm_small,facebook/xglm-564M,10,verbs,932,0.9379973411560059
xglm_small,facebook/xglm-564M,10,verbs,933,0.9456610679626465
xglm_small,facebook/xglm-564M,10,verbs,934,0.951560914516449
xglm_small,facebook/xglm-564M,10,verbs,935,0.9537484049797058
xglm_small,facebook/xglm-564M,10,verbs,936,0.9508382081985474
xglm_small,facebook/xglm-564M,10,verbs,937,0.9328120946884155
xglm_small,facebook/xglm-564M,10,verbs,938,0.9547272324562073
xglm_small,facebook/xglm-564M,10,verbs,939,0.9455188512802124
xglm_small,facebook/xglm-564M,10,verbs,940,0.9517502784729004
xglm_small,facebook/xglm-564M,10,verbs,941,0.952525794506073
xglm_small,facebook/xglm-564M,10,verbs,942,0.9501146674156189
xglm_small,facebook/xglm-564M,10,verbs,943,0.9542853832244873
xglm_small,facebook/xglm-564M,10,verbs,944,0.9505163431167603
xglm_small,facebook/xglm-564M,10,verbs,945,0.9580516219139099
xglm_small,facebook/xglm-564M,10,verbs,946,0.9517607688903809
xglm_small,facebook/xglm-564M,10,verbs,947,0.9463319778442383
xglm_small,facebook/xglm-564M,10,verbs,948,0.9472876787185669
xglm_small,facebook/xglm-564M,10,verbs,949,0.9527832269668579
xglm_small,facebook/xglm-564M,10,verbs,950,0.9377986192703247
xglm_small,facebook/xglm-564M,10,verbs,951,0.933455228805542
xglm_small,facebook/xglm-564M,10,verbs,952,0.9583089351654053
xglm_small,facebook/xglm-564M,10,verbs,953,0.9412339329719543
xglm_small,facebook/xglm-564M,10,verbs,954,0.9408678412437439
xglm_small,facebook/xglm-564M,10,verbs,955,0.9516268372535706
xglm_small,facebook/xglm-564M,10,verbs,956,0.9534279108047485
xglm_small,facebook/xglm-564M,10,verbs,957,0.9364767670631409
xglm_small,facebook/xglm-564M,10,verbs,958,0.9363967180252075
xglm_small,facebook/xglm-564M,10,verbs,959,0.9413864016532898
xglm_small,facebook/xglm-564M,10,verbs,960,0.9362087249755859
xglm_small,facebook/xglm-564M,10,verbs,961,0.94938725233078
xglm_small,facebook/xglm-564M,10,verbs,962,0.9517655968666077
xglm_small,facebook/xglm-564M,10,verbs,963,0.9308582544326782
xglm_small,facebook/xglm-564M,10,verbs,964,0.9503775238990784
xglm_small,facebook/xglm-564M,10,verbs,965,0.9530754685401917
xglm_small,facebook/xglm-564M,10,verbs,966,0.9357328414916992
xglm_small,facebook/xglm-564M,10,verbs,967,0.9268484115600586
xglm_small,facebook/xglm-564M,10,verbs,968,0.9212016463279724
xglm_small,facebook/xglm-564M,10,verbs,969,0.9342216849327087
xglm_small,facebook/xglm-564M,10,verbs,970,0.9442853331565857
xglm_small,facebook/xglm-564M,10,verbs,971,0.9523029923439026
xglm_small,facebook/xglm-564M,10,verbs,972,0.953870415687561
xglm_small,facebook/xglm-564M,10,verbs,973,0.943198025226593
xglm_small,facebook/xglm-564M,10,verbs,974,0.9519035220146179
xglm_small,facebook/xglm-564M,10,verbs,975,0.9406993985176086
xglm_small,facebook/xglm-564M,10,verbs,976,0.9352383613586426
xglm_small,facebook/xglm-564M,10,verbs,977,0.9320500493049622
xglm_small,facebook/xglm-564M,10,verbs,978,0.951478123664856
xglm_small,facebook/xglm-564M,10,verbs,979,0.9367460012435913
xglm_small,facebook/xglm-564M,10,verbs,980,0.951283872127533
xglm_small,facebook/xglm-564M,10,verbs,981,0.9394203424453735
xglm_small,facebook/xglm-564M,10,verbs,982,0.950864315032959
xglm_small,facebook/xglm-564M,10,verbs,983,0.9366439580917358
xglm_small,facebook/xglm-564M,10,verbs,984,0.9425398111343384
xglm_small,facebook/xglm-564M,10,verbs,985,0.9545647501945496
xglm_small,facebook/xglm-564M,10,verbs,986,0.9415894746780396
xglm_small,facebook/xglm-564M,10,verbs,987,0.9470829367637634
xglm_small,facebook/xglm-564M,10,verbs,988,0.9360560178756714
xglm_small,facebook/xglm-564M,10,verbs,989,0.94126957654953
xglm_small,facebook/xglm-564M,10,verbs,990,0.9437398314476013
xglm_small,facebook/xglm-564M,10,verbs,991,0.919495165348053
xglm_small,facebook/xglm-564M,10,verbs,992,0.9146576523780823
xglm_small,facebook/xglm-564M,10,verbs,993,0.9148262739181519
xglm_small,facebook/xglm-564M,10,verbs,994,0.9542107582092285
xglm_small,facebook/xglm-564M,10,verbs,995,0.9452177286148071
xglm_small,facebook/xglm-564M,10,verbs,996,0.939595639705658
xglm_small,facebook/xglm-564M,10,verbs,997,0.9503062963485718
xglm_small,facebook/xglm-564M,10,verbs,998,0.9509395956993103
xglm_small,facebook/xglm-564M,10,verbs,999,0.932973325252533
xglm_small,facebook/xglm-564M,10,nounsverbs,0,0.9875361323356628
xglm_small,facebook/xglm-564M,10,nounsverbs,1,0.9887019991874695
xglm_small,facebook/xglm-564M,10,nounsverbs,2,0.9821651577949524
xglm_small,facebook/xglm-564M,10,nounsverbs,3,0.9945195913314819
xglm_small,facebook/xglm-564M,10,nounsverbs,4,0.971747875213623
xglm_small,facebook/xglm-564M,10,nounsverbs,5,0.9816650152206421
xglm_small,facebook/xglm-564M,10,nounsverbs,6,0.9817847013473511
xglm_small,facebook/xglm-564M,10,nounsverbs,7,0.9858277440071106
xglm_small,facebook/xglm-564M,10,nounsverbs,8,0.9837726354598999
xglm_small,facebook/xglm-564M,10,nounsverbs,9,0.9852341413497925
xglm_small,facebook/xglm-564M,10,nounsverbs,10,0.9810646176338196
xglm_small,facebook/xglm-564M,10,nounsverbs,11,0.9885918498039246
xglm_small,facebook/xglm-564M,10,nounsverbs,12,0.9877075552940369
xglm_small,facebook/xglm-564M,10,nounsverbs,13,0.9838300347328186
xglm_small,facebook/xglm-564M,10,nounsverbs,14,0.9855325222015381
xglm_small,facebook/xglm-564M,10,nounsverbs,15,0.9859098792076111
xglm_small,facebook/xglm-564M,10,nounsverbs,16,0.9928855895996094
xglm_small,facebook/xglm-564M,10,nounsverbs,17,0.9927564263343811
xglm_small,facebook/xglm-564M,10,nounsverbs,18,0.9843927025794983
xglm_small,facebook/xglm-564M,10,nounsverbs,19,0.9878212213516235
xglm_small,facebook/xglm-564M,10,nounsverbs,20,0.9864494204521179
xglm_small,facebook/xglm-564M,10,nounsverbs,21,0.9809881448745728
xglm_small,facebook/xglm-564M,10,nounsverbs,22,0.9834773540496826
xglm_small,facebook/xglm-564M,10,nounsverbs,23,0.9818941354751587
xglm_small,facebook/xglm-564M,10,nounsverbs,24,0.985046923160553
xglm_small,facebook/xglm-564M,10,nounsverbs,25,0.993443489074707
xglm_small,facebook/xglm-564M,10,nounsverbs,26,0.9822243452072144
xglm_small,facebook/xglm-564M,10,nounsverbs,27,0.9854233264923096
xglm_small,facebook/xglm-564M,10,nounsverbs,28,0.9831802845001221
xglm_small,facebook/xglm-564M,10,nounsverbs,29,0.98659348487854
xglm_small,facebook/xglm-564M,10,nounsverbs,30,0.9831620454788208
xglm_small,facebook/xglm-564M,10,nounsverbs,31,0.9873208403587341
xglm_small,facebook/xglm-564M,10,nounsverbs,32,0.9847158789634705
xglm_small,facebook/xglm-564M,10,nounsverbs,33,0.991896390914917
xglm_small,facebook/xglm-564M,10,nounsverbs,34,0.988800048828125
xglm_small,facebook/xglm-564M,10,nounsverbs,35,0.9512421488761902
xglm_small,facebook/xglm-564M,10,nounsverbs,36,0.9855803847312927
xglm_small,facebook/xglm-564M,10,nounsverbs,37,0.983223557472229
xglm_small,facebook/xglm-564M,10,nounsverbs,38,0.9831970930099487
xglm_small,facebook/xglm-564M,10,nounsverbs,39,0.991905927658081
xglm_small,facebook/xglm-564M,10,nounsverbs,40,0.9936071634292603
xglm_small,facebook/xglm-564M,10,nounsverbs,41,0.9854462742805481
xglm_small,facebook/xglm-564M,10,nounsverbs,42,0.9927954077720642
xglm_small,facebook/xglm-564M,10,nounsverbs,43,0.972244143486023
xglm_small,facebook/xglm-564M,10,nounsverbs,44,0.9653519988059998
xglm_small,facebook/xglm-564M,10,nounsverbs,45,0.9698440432548523
xglm_small,facebook/xglm-564M,10,nounsverbs,46,0.9540390372276306
xglm_small,facebook/xglm-564M,10,nounsverbs,47,0.99318927526474
xglm_small,facebook/xglm-564M,10,nounsverbs,48,0.9835966229438782
xglm_small,facebook/xglm-564M,10,nounsverbs,49,0.9795926213264465
xglm_small,facebook/xglm-564M,10,nounsverbs,50,0.9855455160140991
xglm_small,facebook/xglm-564M,10,nounsverbs,51,0.9852785468101501
xglm_small,facebook/xglm-564M,10,nounsverbs,52,0.9861020445823669
xglm_small,facebook/xglm-564M,10,nounsverbs,53,0.9936641454696655
xglm_small,facebook/xglm-564M,10,nounsverbs,54,0.9845209121704102
xglm_small,facebook/xglm-564M,10,nounsverbs,55,0.9860844612121582
xglm_small,facebook/xglm-564M,10,nounsverbs,56,0.9837335348129272
xglm_small,facebook/xglm-564M,10,nounsverbs,57,0.9864419102668762
xglm_small,facebook/xglm-564M,10,nounsverbs,58,0.9883126616477966
xglm_small,facebook/xglm-564M,10,nounsverbs,59,0.9852410554885864
xglm_small,facebook/xglm-564M,10,nounsverbs,60,0.9731099009513855
xglm_small,facebook/xglm-564M,10,nounsverbs,61,0.9732766151428223
xglm_small,facebook/xglm-564M,10,nounsverbs,62,0.9854398369789124
xglm_small,facebook/xglm-564M,10,nounsverbs,63,0.9873216152191162
xglm_small,facebook/xglm-564M,10,nounsverbs,64,0.9863114356994629
xglm_small,facebook/xglm-564M,10,nounsverbs,65,0.9851639270782471
xglm_small,facebook/xglm-564M,10,nounsverbs,66,0.9863556623458862
xglm_small,facebook/xglm-564M,10,nounsverbs,67,0.9857997894287109
xglm_small,facebook/xglm-564M,10,nounsverbs,68,0.9690772294998169
xglm_small,facebook/xglm-564M,10,nounsverbs,69,0.9847501516342163
xglm_small,facebook/xglm-564M,10,nounsverbs,70,0.987491250038147
xglm_small,facebook/xglm-564M,10,nounsverbs,71,0.9872457981109619
xglm_small,facebook/xglm-564M,10,nounsverbs,72,0.9730907678604126
xglm_small,facebook/xglm-564M,10,nounsverbs,73,0.9820284843444824
xglm_small,facebook/xglm-564M,10,nounsverbs,74,0.9856833219528198
xglm_small,facebook/xglm-564M,10,nounsverbs,75,0.9860889911651611
xglm_small,facebook/xglm-564M,10,nounsverbs,76,0.9877593517303467
xglm_small,facebook/xglm-564M,10,nounsverbs,77,0.9748112559318542
xglm_small,facebook/xglm-564M,10,nounsverbs,78,0.9856484532356262
xglm_small,facebook/xglm-564M,10,nounsverbs,79,0.9858902096748352
xglm_small,facebook/xglm-564M,10,nounsverbs,80,0.9685765504837036
xglm_small,facebook/xglm-564M,10,nounsverbs,81,0.9882423877716064
xglm_small,facebook/xglm-564M,10,nounsverbs,82,0.9884650707244873
xglm_small,facebook/xglm-564M,10,nounsverbs,83,0.9858576655387878
xglm_small,facebook/xglm-564M,10,nounsverbs,84,0.9865244626998901
xglm_small,facebook/xglm-564M,10,nounsverbs,85,0.9867912530899048
xglm_small,facebook/xglm-564M,10,nounsverbs,86,0.971404492855072
xglm_small,facebook/xglm-564M,10,nounsverbs,87,0.9868379831314087
xglm_small,facebook/xglm-564M,10,nounsverbs,88,0.9853365421295166
xglm_small,facebook/xglm-564M,10,nounsverbs,89,0.9843040704727173
xglm_small,facebook/xglm-564M,10,nounsverbs,90,0.9908115863800049
xglm_small,facebook/xglm-564M,10,nounsverbs,91,0.9884085655212402
xglm_small,facebook/xglm-564M,10,nounsverbs,92,0.9830267429351807
xglm_small,facebook/xglm-564M,10,nounsverbs,93,0.9848406314849854
xglm_small,facebook/xglm-564M,10,nounsverbs,94,0.9843171238899231
xglm_small,facebook/xglm-564M,10,nounsverbs,95,0.9855408072471619
xglm_small,facebook/xglm-564M,10,nounsverbs,96,0.9892692565917969
xglm_small,facebook/xglm-564M,10,nounsverbs,97,0.9835653305053711
xglm_small,facebook/xglm-564M,10,nounsverbs,98,0.9848487973213196
xglm_small,facebook/xglm-564M,10,nounsverbs,99,0.9740065932273865
xglm_small,facebook/xglm-564M,10,nounsverbs,100,0.9821112155914307
xglm_small,facebook/xglm-564M,10,nounsverbs,101,0.9853783845901489
xglm_small,facebook/xglm-564M,10,nounsverbs,102,0.9878403544425964
xglm_small,facebook/xglm-564M,10,nounsverbs,103,0.9825900793075562
xglm_small,facebook/xglm-564M,10,nounsverbs,104,0.9917898178100586
xglm_small,facebook/xglm-564M,10,nounsverbs,105,0.9721184372901917
xglm_small,facebook/xglm-564M,10,nounsverbs,106,0.9759044051170349
xglm_small,facebook/xglm-564M,10,nounsverbs,107,0.9848230481147766
xglm_small,facebook/xglm-564M,10,nounsverbs,108,0.9737433195114136
xglm_small,facebook/xglm-564M,10,nounsverbs,109,0.9706259369850159
xglm_small,facebook/xglm-564M,10,nounsverbs,110,0.9865076541900635
xglm_small,facebook/xglm-564M,10,nounsverbs,111,0.9677796363830566
xglm_small,facebook/xglm-564M,10,nounsverbs,112,0.9839762449264526
xglm_small,facebook/xglm-564M,10,nounsverbs,113,0.9933446049690247
xglm_small,facebook/xglm-564M,10,nounsverbs,114,0.9874162077903748
xglm_small,facebook/xglm-564M,10,nounsverbs,115,0.9860727787017822
xglm_small,facebook/xglm-564M,10,nounsverbs,116,0.9818508625030518
xglm_small,facebook/xglm-564M,10,nounsverbs,117,0.9859564304351807
xglm_small,facebook/xglm-564M,10,nounsverbs,118,0.9660648107528687
xglm_small,facebook/xglm-564M,10,nounsverbs,119,0.9715009927749634
xglm_small,facebook/xglm-564M,10,nounsverbs,120,0.9653441309928894
xglm_small,facebook/xglm-564M,10,nounsverbs,121,0.9856166839599609
xglm_small,facebook/xglm-564M,10,nounsverbs,122,0.9887038469314575
xglm_small,facebook/xglm-564M,10,nounsverbs,123,0.9887542724609375
xglm_small,facebook/xglm-564M,10,nounsverbs,124,0.9863389730453491
xglm_small,facebook/xglm-564M,10,nounsverbs,125,0.9814819097518921
xglm_small,facebook/xglm-564M,10,nounsverbs,126,0.9852312803268433
xglm_small,facebook/xglm-564M,10,nounsverbs,127,0.9832419157028198
xglm_small,facebook/xglm-564M,10,nounsverbs,128,0.9731587171554565
xglm_small,facebook/xglm-564M,10,nounsverbs,129,0.9734199047088623
xglm_small,facebook/xglm-564M,10,nounsverbs,130,0.9725264310836792
xglm_small,facebook/xglm-564M,10,nounsverbs,131,0.9878968000411987
xglm_small,facebook/xglm-564M,10,nounsverbs,132,0.9882369041442871
xglm_small,facebook/xglm-564M,10,nounsverbs,133,0.9792845249176025
xglm_small,facebook/xglm-564M,10,nounsverbs,134,0.9929515719413757
xglm_small,facebook/xglm-564M,10,nounsverbs,135,0.9843577146530151
xglm_small,facebook/xglm-564M,10,nounsverbs,136,0.9897084832191467
xglm_small,facebook/xglm-564M,10,nounsverbs,137,0.9842007756233215
xglm_small,facebook/xglm-564M,10,nounsverbs,138,0.988524854183197
xglm_small,facebook/xglm-564M,10,nounsverbs,139,0.9849002361297607
xglm_small,facebook/xglm-564M,10,nounsverbs,140,0.9852924942970276
xglm_small,facebook/xglm-564M,10,nounsverbs,141,0.9848860502243042
xglm_small,facebook/xglm-564M,10,nounsverbs,142,0.9839401245117188
xglm_small,facebook/xglm-564M,10,nounsverbs,143,0.9840186834335327
xglm_small,facebook/xglm-564M,10,nounsverbs,144,0.9856294989585876
xglm_small,facebook/xglm-564M,10,nounsverbs,145,0.9852792024612427
xglm_small,facebook/xglm-564M,10,nounsverbs,146,0.9850280284881592
xglm_small,facebook/xglm-564M,10,nounsverbs,147,0.9840214252471924
xglm_small,facebook/xglm-564M,10,nounsverbs,148,0.9814960360527039
xglm_small,facebook/xglm-564M,10,nounsverbs,149,0.9831777811050415
xglm_small,facebook/xglm-564M,10,nounsverbs,150,0.9862263202667236
xglm_small,facebook/xglm-564M,10,nounsverbs,151,0.9871132969856262
xglm_small,facebook/xglm-564M,10,nounsverbs,152,0.9896578192710876
xglm_small,facebook/xglm-564M,10,nounsverbs,153,0.9845243692398071
xglm_small,facebook/xglm-564M,10,nounsverbs,154,0.9835193157196045
xglm_small,facebook/xglm-564M,10,nounsverbs,155,0.9834337830543518
xglm_small,facebook/xglm-564M,10,nounsverbs,156,0.970957338809967
xglm_small,facebook/xglm-564M,10,nounsverbs,157,0.9884272813796997
xglm_small,facebook/xglm-564M,10,nounsverbs,158,0.9869908094406128
xglm_small,facebook/xglm-564M,10,nounsverbs,159,0.972488522529602
xglm_small,facebook/xglm-564M,10,nounsverbs,160,0.9840391278266907
xglm_small,facebook/xglm-564M,10,nounsverbs,161,0.9693831205368042
xglm_small,facebook/xglm-564M,10,nounsverbs,162,0.980600118637085
xglm_small,facebook/xglm-564M,10,nounsverbs,163,0.9871455430984497
xglm_small,facebook/xglm-564M,10,nounsverbs,164,0.9878994226455688
xglm_small,facebook/xglm-564M,10,nounsverbs,165,0.9815930724143982
xglm_small,facebook/xglm-564M,10,nounsverbs,166,0.9861544370651245
xglm_small,facebook/xglm-564M,10,nounsverbs,167,0.9851417541503906
xglm_small,facebook/xglm-564M,10,nounsverbs,168,0.9843698740005493
xglm_small,facebook/xglm-564M,10,nounsverbs,169,0.9856966733932495
xglm_small,facebook/xglm-564M,10,nounsverbs,170,0.9856817722320557
xglm_small,facebook/xglm-564M,10,nounsverbs,171,0.987005352973938
xglm_small,facebook/xglm-564M,10,nounsverbs,172,0.9838669300079346
xglm_small,facebook/xglm-564M,10,nounsverbs,173,0.9859071373939514
xglm_small,facebook/xglm-564M,10,nounsverbs,174,0.9861550331115723
xglm_small,facebook/xglm-564M,10,nounsverbs,175,0.9826703071594238
xglm_small,facebook/xglm-564M,10,nounsverbs,176,0.9853970408439636
xglm_small,facebook/xglm-564M,10,nounsverbs,177,0.9872826337814331
xglm_small,facebook/xglm-564M,10,nounsverbs,178,0.9861737489700317
xglm_small,facebook/xglm-564M,10,nounsverbs,179,0.9878295660018921
xglm_small,facebook/xglm-564M,10,nounsverbs,180,0.9846469759941101
xglm_small,facebook/xglm-564M,10,nounsverbs,181,0.9815224409103394
xglm_small,facebook/xglm-564M,10,nounsverbs,182,0.9840542078018188
xglm_small,facebook/xglm-564M,10,nounsverbs,183,0.984595775604248
xglm_small,facebook/xglm-564M,10,nounsverbs,184,0.9874206781387329
xglm_small,facebook/xglm-564M,10,nounsverbs,185,0.9810773134231567
xglm_small,facebook/xglm-564M,10,nounsverbs,186,0.9873521327972412
xglm_small,facebook/xglm-564M,10,nounsverbs,187,0.9863214492797852
xglm_small,facebook/xglm-564M,10,nounsverbs,188,0.9888031482696533
xglm_small,facebook/xglm-564M,10,nounsverbs,189,0.9848814010620117
xglm_small,facebook/xglm-564M,10,nounsverbs,190,0.9836157560348511
xglm_small,facebook/xglm-564M,10,nounsverbs,191,0.9820144772529602
xglm_small,facebook/xglm-564M,10,nounsverbs,192,0.9837889671325684
xglm_small,facebook/xglm-564M,10,nounsverbs,193,0.985690712928772
xglm_small,facebook/xglm-564M,10,nounsverbs,194,0.9885774850845337
xglm_small,facebook/xglm-564M,10,nounsverbs,195,0.9852387309074402
xglm_small,facebook/xglm-564M,10,nounsverbs,196,0.9874863028526306
xglm_small,facebook/xglm-564M,10,nounsverbs,197,0.981055736541748
xglm_small,facebook/xglm-564M,10,nounsverbs,198,0.9796425700187683
xglm_small,facebook/xglm-564M,10,nounsverbs,199,0.986050546169281
xglm_small,facebook/xglm-564M,10,nounsverbs,200,0.9852336645126343
xglm_small,facebook/xglm-564M,10,nounsverbs,201,0.9879003763198853
xglm_small,facebook/xglm-564M,10,nounsverbs,202,0.9830871820449829
xglm_small,facebook/xglm-564M,10,nounsverbs,203,0.9863139986991882
xglm_small,facebook/xglm-564M,10,nounsverbs,204,0.9844173789024353
xglm_small,facebook/xglm-564M,10,nounsverbs,205,0.9887294173240662
xglm_small,facebook/xglm-564M,10,nounsverbs,206,0.984673023223877
xglm_small,facebook/xglm-564M,10,nounsverbs,207,0.9831253290176392
xglm_small,facebook/xglm-564M,10,nounsverbs,208,0.9854726791381836
xglm_small,facebook/xglm-564M,10,nounsverbs,209,0.981433629989624
xglm_small,facebook/xglm-564M,10,nounsverbs,210,0.9851647019386292
xglm_small,facebook/xglm-564M,10,nounsverbs,211,0.9882266521453857
xglm_small,facebook/xglm-564M,10,nounsverbs,212,0.9819486737251282
xglm_small,facebook/xglm-564M,10,nounsverbs,213,0.986774206161499
xglm_small,facebook/xglm-564M,10,nounsverbs,214,0.9863189458847046
xglm_small,facebook/xglm-564M,10,nounsverbs,215,0.9840288162231445
xglm_small,facebook/xglm-564M,10,nounsverbs,216,0.989879310131073
xglm_small,facebook/xglm-564M,10,nounsverbs,217,0.9837101101875305
xglm_small,facebook/xglm-564M,10,nounsverbs,218,0.9842530488967896
xglm_small,facebook/xglm-564M,10,nounsverbs,219,0.9841683506965637
xglm_small,facebook/xglm-564M,10,nounsverbs,220,0.9873345494270325
xglm_small,facebook/xglm-564M,10,nounsverbs,221,0.9845304489135742
xglm_small,facebook/xglm-564M,10,nounsverbs,222,0.9843968749046326
xglm_small,facebook/xglm-564M,10,nounsverbs,223,0.9884873628616333
xglm_small,facebook/xglm-564M,10,nounsverbs,224,0.9832861423492432
xglm_small,facebook/xglm-564M,10,nounsverbs,225,0.9820471405982971
xglm_small,facebook/xglm-564M,10,nounsverbs,226,0.9831147193908691
xglm_small,facebook/xglm-564M,10,nounsverbs,227,0.9856473207473755
xglm_small,facebook/xglm-564M,10,nounsverbs,228,0.9837061166763306
xglm_small,facebook/xglm-564M,10,nounsverbs,229,0.9811158776283264
xglm_small,facebook/xglm-564M,10,nounsverbs,230,0.9854511022567749
xglm_small,facebook/xglm-564M,10,nounsverbs,231,0.9844523072242737
xglm_small,facebook/xglm-564M,10,nounsverbs,232,0.9868767261505127
xglm_small,facebook/xglm-564M,10,nounsverbs,233,0.9848619103431702
xglm_small,facebook/xglm-564M,10,nounsverbs,234,0.9858400225639343
xglm_small,facebook/xglm-564M,10,nounsverbs,235,0.9872803688049316
xglm_small,facebook/xglm-564M,10,nounsverbs,236,0.9857547879219055
xglm_small,facebook/xglm-564M,10,nounsverbs,237,0.9862252473831177
xglm_small,facebook/xglm-564M,10,nounsverbs,238,0.9828777313232422
xglm_small,facebook/xglm-564M,10,nounsverbs,239,0.9834633469581604
xglm_small,facebook/xglm-564M,10,nounsverbs,240,0.9851183891296387
xglm_small,facebook/xglm-564M,10,nounsverbs,241,0.9843524694442749
xglm_small,facebook/xglm-564M,10,nounsverbs,242,0.9823015332221985
xglm_small,facebook/xglm-564M,10,nounsverbs,243,0.9872860908508301
xglm_small,facebook/xglm-564M,10,nounsverbs,244,0.9842893481254578
xglm_small,facebook/xglm-564M,10,nounsverbs,245,0.9849725961685181
xglm_small,facebook/xglm-564M,10,nounsverbs,246,0.9833441376686096
xglm_small,facebook/xglm-564M,10,nounsverbs,247,0.9833029508590698
xglm_small,facebook/xglm-564M,10,nounsverbs,248,0.9870419502258301
xglm_small,facebook/xglm-564M,10,nounsverbs,249,0.9855413436889648
xglm_small,facebook/xglm-564M,10,nounsverbs,250,0.9843072295188904
xglm_small,facebook/xglm-564M,10,nounsverbs,251,0.9842132329940796
xglm_small,facebook/xglm-564M,10,nounsverbs,252,0.9831860661506653
xglm_small,facebook/xglm-564M,10,nounsverbs,253,0.9825384020805359
xglm_small,facebook/xglm-564M,10,nounsverbs,254,0.9869914054870605
xglm_small,facebook/xglm-564M,10,nounsverbs,255,0.9806331992149353
xglm_small,facebook/xglm-564M,10,nounsverbs,256,0.9855160117149353
xglm_small,facebook/xglm-564M,10,nounsverbs,257,0.9880291223526001
xglm_small,facebook/xglm-564M,10,nounsverbs,258,0.984300971031189
xglm_small,facebook/xglm-564M,10,nounsverbs,259,0.9879094362258911
xglm_small,facebook/xglm-564M,10,nounsverbs,260,0.9861988425254822
xglm_small,facebook/xglm-564M,10,nounsverbs,261,0.9890622496604919
xglm_small,facebook/xglm-564M,10,nounsverbs,262,0.9873669147491455
xglm_small,facebook/xglm-564M,10,nounsverbs,263,0.9869035482406616
xglm_small,facebook/xglm-564M,10,nounsverbs,264,0.9878408908843994
xglm_small,facebook/xglm-564M,10,nounsverbs,265,0.9870336651802063
xglm_small,facebook/xglm-564M,10,nounsverbs,266,0.9888191819190979
xglm_small,facebook/xglm-564M,10,nounsverbs,267,0.9852461814880371
xglm_small,facebook/xglm-564M,10,nounsverbs,268,0.9840253591537476
xglm_small,facebook/xglm-564M,10,nounsverbs,269,0.9840578436851501
xglm_small,facebook/xglm-564M,10,nounsverbs,270,0.9842173457145691
xglm_small,facebook/xglm-564M,10,nounsverbs,271,0.9814049601554871
xglm_small,facebook/xglm-564M,10,nounsverbs,272,0.9853466749191284
xglm_small,facebook/xglm-564M,10,nounsverbs,273,0.9847302436828613
xglm_small,facebook/xglm-564M,10,nounsverbs,274,0.9862340688705444
xglm_small,facebook/xglm-564M,10,nounsverbs,275,0.9823834896087646
xglm_small,facebook/xglm-564M,10,nounsverbs,276,0.982064962387085
xglm_small,facebook/xglm-564M,10,nounsverbs,277,0.984576404094696
xglm_small,facebook/xglm-564M,10,nounsverbs,278,0.9837326407432556
xglm_small,facebook/xglm-564M,10,nounsverbs,279,0.9850137829780579
xglm_small,facebook/xglm-564M,10,nounsverbs,280,0.9847909212112427
xglm_small,facebook/xglm-564M,10,nounsverbs,281,0.9835114479064941
xglm_small,facebook/xglm-564M,10,nounsverbs,282,0.9869363903999329
xglm_small,facebook/xglm-564M,10,nounsverbs,283,0.9863887429237366
xglm_small,facebook/xglm-564M,10,nounsverbs,284,0.9826860427856445
xglm_small,facebook/xglm-564M,10,nounsverbs,285,0.9838950634002686
xglm_small,facebook/xglm-564M,10,nounsverbs,286,0.9857063293457031
xglm_small,facebook/xglm-564M,10,nounsverbs,287,0.9877042770385742
xglm_small,facebook/xglm-564M,10,nounsverbs,288,0.984775960445404
xglm_small,facebook/xglm-564M,10,nounsverbs,289,0.982196569442749
xglm_small,facebook/xglm-564M,10,nounsverbs,290,0.981318473815918
xglm_small,facebook/xglm-564M,10,nounsverbs,291,0.9846149682998657
xglm_small,facebook/xglm-564M,10,nounsverbs,292,0.9812490344047546
xglm_small,facebook/xglm-564M,10,nounsverbs,293,0.981678307056427
xglm_small,facebook/xglm-564M,10,nounsverbs,294,0.9811456203460693
xglm_small,facebook/xglm-564M,10,nounsverbs,295,0.9832778573036194
xglm_small,facebook/xglm-564M,10,nounsverbs,296,0.9842319488525391
xglm_small,facebook/xglm-564M,10,nounsverbs,297,0.9834141731262207
xglm_small,facebook/xglm-564M,10,nounsverbs,298,0.9830307960510254
xglm_small,facebook/xglm-564M,10,nounsverbs,299,0.9842777252197266
xglm_small,facebook/xglm-564M,10,nounsverbs,300,0.987915575504303
xglm_small,facebook/xglm-564M,10,nounsverbs,301,0.9850380420684814
xglm_small,facebook/xglm-564M,10,nounsverbs,302,0.9837970733642578
xglm_small,facebook/xglm-564M,10,nounsverbs,303,0.9823660254478455
xglm_small,facebook/xglm-564M,10,nounsverbs,304,0.9830431342124939
xglm_small,facebook/xglm-564M,10,nounsverbs,305,0.9886395931243896
xglm_small,facebook/xglm-564M,10,nounsverbs,306,0.9819095730781555
xglm_small,facebook/xglm-564M,10,nounsverbs,307,0.9809414744377136
xglm_small,facebook/xglm-564M,10,nounsverbs,308,0.9830743074417114
xglm_small,facebook/xglm-564M,10,nounsverbs,309,0.9826689958572388
xglm_small,facebook/xglm-564M,10,nounsverbs,310,0.9850200414657593
xglm_small,facebook/xglm-564M,10,nounsverbs,311,0.9829328060150146
xglm_small,facebook/xglm-564M,10,nounsverbs,312,0.9831521511077881
xglm_small,facebook/xglm-564M,10,nounsverbs,313,0.9859311580657959
xglm_small,facebook/xglm-564M,10,nounsverbs,314,0.9822299480438232
xglm_small,facebook/xglm-564M,10,nounsverbs,315,0.987612247467041
xglm_small,facebook/xglm-564M,10,nounsverbs,316,0.9874496459960938
xglm_small,facebook/xglm-564M,10,nounsverbs,317,0.9871708750724792
xglm_small,facebook/xglm-564M,10,nounsverbs,318,0.9824773073196411
xglm_small,facebook/xglm-564M,10,nounsverbs,319,0.9827631711959839
xglm_small,facebook/xglm-564M,10,nounsverbs,320,0.9874565601348877
xglm_small,facebook/xglm-564M,10,nounsverbs,321,0.9833189249038696
xglm_small,facebook/xglm-564M,10,nounsverbs,322,0.9853050708770752
xglm_small,facebook/xglm-564M,10,nounsverbs,323,0.9854704141616821
xglm_small,facebook/xglm-564M,10,nounsverbs,324,0.9848227500915527
xglm_small,facebook/xglm-564M,10,nounsverbs,325,0.9852421879768372
xglm_small,facebook/xglm-564M,10,nounsverbs,326,0.9853689670562744
xglm_small,facebook/xglm-564M,10,nounsverbs,327,0.9884207248687744
xglm_small,facebook/xglm-564M,10,nounsverbs,328,0.9841011762619019
xglm_small,facebook/xglm-564M,10,nounsverbs,329,0.9867041707038879
xglm_small,facebook/xglm-564M,10,nounsverbs,330,0.9869754314422607
xglm_small,facebook/xglm-564M,10,nounsverbs,331,0.9886200428009033
xglm_small,facebook/xglm-564M,10,nounsverbs,332,0.9872632622718811
xglm_small,facebook/xglm-564M,10,nounsverbs,333,0.98618483543396
xglm_small,facebook/xglm-564M,10,nounsverbs,334,0.9869171977043152
xglm_small,facebook/xglm-564M,10,nounsverbs,335,0.987115740776062
xglm_small,facebook/xglm-564M,10,nounsverbs,336,0.9796142578125
xglm_small,facebook/xglm-564M,10,nounsverbs,337,0.9848430752754211
xglm_small,facebook/xglm-564M,10,nounsverbs,338,0.9536844491958618
xglm_small,facebook/xglm-564M,10,nounsverbs,339,0.9845999479293823
xglm_small,facebook/xglm-564M,10,nounsverbs,340,0.9873256087303162
xglm_small,facebook/xglm-564M,10,nounsverbs,341,0.9531607627868652
xglm_small,facebook/xglm-564M,10,nounsverbs,342,0.9860379099845886
xglm_small,facebook/xglm-564M,10,nounsverbs,343,0.985257625579834
xglm_small,facebook/xglm-564M,10,nounsverbs,344,0.9841484427452087
xglm_small,facebook/xglm-564M,10,nounsverbs,345,0.9846846461296082
xglm_small,facebook/xglm-564M,10,nounsverbs,346,0.9856951236724854
xglm_small,facebook/xglm-564M,10,nounsverbs,347,0.9840788245201111
xglm_small,facebook/xglm-564M,10,nounsverbs,348,0.9862818717956543
xglm_small,facebook/xglm-564M,10,nounsverbs,349,0.9855188131332397
xglm_small,facebook/xglm-564M,10,nounsverbs,350,0.9854202270507812
xglm_small,facebook/xglm-564M,10,nounsverbs,351,0.983607292175293
xglm_small,facebook/xglm-564M,10,nounsverbs,352,0.9862295389175415
xglm_small,facebook/xglm-564M,10,nounsverbs,353,0.9863083362579346
xglm_small,facebook/xglm-564M,10,nounsverbs,354,0.985425591468811
xglm_small,facebook/xglm-564M,10,nounsverbs,355,0.9854346513748169
xglm_small,facebook/xglm-564M,10,nounsverbs,356,0.9866515398025513
xglm_small,facebook/xglm-564M,10,nounsverbs,357,0.9852275252342224
xglm_small,facebook/xglm-564M,10,nounsverbs,358,0.984164297580719
xglm_small,facebook/xglm-564M,10,nounsverbs,359,0.9851949214935303
xglm_small,facebook/xglm-564M,10,nounsverbs,360,0.9846266508102417
xglm_small,facebook/xglm-564M,10,nounsverbs,361,0.9826856851577759
xglm_small,facebook/xglm-564M,10,nounsverbs,362,0.990006685256958
xglm_small,facebook/xglm-564M,10,nounsverbs,363,0.9872992038726807
xglm_small,facebook/xglm-564M,10,nounsverbs,364,0.9857641458511353
xglm_small,facebook/xglm-564M,10,nounsverbs,365,0.9851258397102356
xglm_small,facebook/xglm-564M,10,nounsverbs,366,0.9872018098831177
xglm_small,facebook/xglm-564M,10,nounsverbs,367,0.9863197803497314
xglm_small,facebook/xglm-564M,10,nounsverbs,368,0.9843284487724304
xglm_small,facebook/xglm-564M,10,nounsverbs,369,0.986997663974762
xglm_small,facebook/xglm-564M,10,nounsverbs,370,0.9838958978652954
xglm_small,facebook/xglm-564M,10,nounsverbs,371,0.9845941066741943
xglm_small,facebook/xglm-564M,10,nounsverbs,372,0.9840935468673706
xglm_small,facebook/xglm-564M,10,nounsverbs,373,0.984722912311554
xglm_small,facebook/xglm-564M,10,nounsverbs,374,0.9847027063369751
xglm_small,facebook/xglm-564M,10,nounsverbs,375,0.9840181469917297
xglm_small,facebook/xglm-564M,10,nounsverbs,376,0.9850032329559326
xglm_small,facebook/xglm-564M,10,nounsverbs,377,0.9868946075439453
xglm_small,facebook/xglm-564M,10,nounsverbs,378,0.9854604005813599
xglm_small,facebook/xglm-564M,10,nounsverbs,379,0.9831639528274536
xglm_small,facebook/xglm-564M,10,nounsverbs,380,0.9889311194419861
xglm_small,facebook/xglm-564M,10,nounsverbs,381,0.9873611927032471
xglm_small,facebook/xglm-564M,10,nounsverbs,382,0.9864436388015747
xglm_small,facebook/xglm-564M,10,nounsverbs,383,0.9882182478904724
xglm_small,facebook/xglm-564M,10,nounsverbs,384,0.9898611307144165
xglm_small,facebook/xglm-564M,10,nounsverbs,385,0.9860364198684692
xglm_small,facebook/xglm-564M,10,nounsverbs,386,0.9869363307952881
xglm_small,facebook/xglm-564M,10,nounsverbs,387,0.9887705445289612
xglm_small,facebook/xglm-564M,10,nounsverbs,388,0.9879475831985474
xglm_small,facebook/xglm-564M,10,nounsverbs,389,0.9874416589736938
xglm_small,facebook/xglm-564M,10,nounsverbs,390,0.9893796443939209
xglm_small,facebook/xglm-564M,10,nounsverbs,391,0.9865254759788513
xglm_small,facebook/xglm-564M,10,nounsverbs,392,0.9867085218429565
xglm_small,facebook/xglm-564M,10,nounsverbs,393,0.9856069087982178
xglm_small,facebook/xglm-564M,10,nounsverbs,394,0.9874372482299805
xglm_small,facebook/xglm-564M,10,nounsverbs,395,0.9859875440597534
xglm_small,facebook/xglm-564M,10,nounsverbs,396,0.9867072105407715
xglm_small,facebook/xglm-564M,10,nounsverbs,397,0.9875169396400452
xglm_small,facebook/xglm-564M,10,nounsverbs,398,0.9878373742103577
xglm_small,facebook/xglm-564M,10,nounsverbs,399,0.9813876152038574
xglm_small,facebook/xglm-564M,10,nounsverbs,400,0.9875390529632568
xglm_small,facebook/xglm-564M,10,nounsverbs,401,0.9852964282035828
xglm_small,facebook/xglm-564M,10,nounsverbs,402,0.9855055809020996
xglm_small,facebook/xglm-564M,10,nounsverbs,403,0.9853959083557129
xglm_small,facebook/xglm-564M,10,nounsverbs,404,0.983176589012146
xglm_small,facebook/xglm-564M,10,nounsverbs,405,0.9868688583374023
xglm_small,facebook/xglm-564M,10,nounsverbs,406,0.9849822521209717
xglm_small,facebook/xglm-564M,10,nounsverbs,407,0.987736165523529
xglm_small,facebook/xglm-564M,10,nounsverbs,408,0.9866708517074585
xglm_small,facebook/xglm-564M,10,nounsverbs,409,0.9873216152191162
xglm_small,facebook/xglm-564M,10,nounsverbs,410,0.9853551983833313
xglm_small,facebook/xglm-564M,10,nounsverbs,411,0.9830518960952759
xglm_small,facebook/xglm-564M,10,nounsverbs,412,0.9834517240524292
xglm_small,facebook/xglm-564M,10,nounsverbs,413,0.9877177476882935
xglm_small,facebook/xglm-564M,10,nounsverbs,414,0.9844769239425659
xglm_small,facebook/xglm-564M,10,nounsverbs,415,0.985340416431427
xglm_small,facebook/xglm-564M,10,nounsverbs,416,0.9845935702323914
xglm_small,facebook/xglm-564M,10,nounsverbs,417,0.9840061664581299
xglm_small,facebook/xglm-564M,10,nounsverbs,418,0.9850056171417236
xglm_small,facebook/xglm-564M,10,nounsverbs,419,0.9851218461990356
xglm_small,facebook/xglm-564M,10,nounsverbs,420,0.9875898957252502
xglm_small,facebook/xglm-564M,10,nounsverbs,421,0.9830658435821533
xglm_small,facebook/xglm-564M,10,nounsverbs,422,0.9853914976119995
xglm_small,facebook/xglm-564M,10,nounsverbs,423,0.985196053981781
xglm_small,facebook/xglm-564M,10,nounsverbs,424,0.9833883047103882
xglm_small,facebook/xglm-564M,10,nounsverbs,425,0.983525812625885
xglm_small,facebook/xglm-564M,10,nounsverbs,426,0.9864878058433533
xglm_small,facebook/xglm-564M,10,nounsverbs,427,0.9894092679023743
xglm_small,facebook/xglm-564M,10,nounsverbs,428,0.9861319661140442
xglm_small,facebook/xglm-564M,10,nounsverbs,429,0.9810924530029297
xglm_small,facebook/xglm-564M,10,nounsverbs,430,0.9874094128608704
xglm_small,facebook/xglm-564M,10,nounsverbs,431,0.9834848642349243
xglm_small,facebook/xglm-564M,10,nounsverbs,432,0.9822121858596802
xglm_small,facebook/xglm-564M,10,nounsverbs,433,0.9839099645614624
xglm_small,facebook/xglm-564M,10,nounsverbs,434,0.9889448881149292
xglm_small,facebook/xglm-564M,10,nounsverbs,435,0.9852098226547241
xglm_small,facebook/xglm-564M,10,nounsverbs,436,0.9847307801246643
xglm_small,facebook/xglm-564M,10,nounsverbs,437,0.9875178337097168
xglm_small,facebook/xglm-564M,10,nounsverbs,438,0.9840105175971985
xglm_small,facebook/xglm-564M,10,nounsverbs,439,0.9869294762611389
xglm_small,facebook/xglm-564M,10,nounsverbs,440,0.9839379191398621
xglm_small,facebook/xglm-564M,10,nounsverbs,441,0.9856240153312683
xglm_small,facebook/xglm-564M,10,nounsverbs,442,0.9833964705467224
xglm_small,facebook/xglm-564M,10,nounsverbs,443,0.9849014282226562
xglm_small,facebook/xglm-564M,10,nounsverbs,444,0.9835268259048462
xglm_small,facebook/xglm-564M,10,nounsverbs,445,0.9834124445915222
xglm_small,facebook/xglm-564M,10,nounsverbs,446,0.9850271344184875
xglm_small,facebook/xglm-564M,10,nounsverbs,447,0.987553596496582
xglm_small,facebook/xglm-564M,10,nounsverbs,448,0.984740138053894
xglm_small,facebook/xglm-564M,10,nounsverbs,449,0.9861427545547485
xglm_small,facebook/xglm-564M,10,nounsverbs,450,0.9844441413879395
xglm_small,facebook/xglm-564M,10,nounsverbs,451,0.9866761565208435
xglm_small,facebook/xglm-564M,10,nounsverbs,452,0.9889591932296753
xglm_small,facebook/xglm-564M,10,nounsverbs,453,0.9897928237915039
xglm_small,facebook/xglm-564M,10,nounsverbs,454,0.9886333346366882
xglm_small,facebook/xglm-564M,10,nounsverbs,455,0.9853876829147339
xglm_small,facebook/xglm-564M,10,nounsverbs,456,0.990693211555481
xglm_small,facebook/xglm-564M,10,nounsverbs,457,0.9888696670532227
xglm_small,facebook/xglm-564M,10,nounsverbs,458,0.9885793924331665
xglm_small,facebook/xglm-564M,10,nounsverbs,459,0.9829301238059998
xglm_small,facebook/xglm-564M,10,nounsverbs,460,0.9872018694877625
xglm_small,facebook/xglm-564M,10,nounsverbs,461,0.9850786924362183
xglm_small,facebook/xglm-564M,10,nounsverbs,462,0.9837440848350525
xglm_small,facebook/xglm-564M,10,nounsverbs,463,0.9856204390525818
xglm_small,facebook/xglm-564M,10,nounsverbs,464,0.9846193194389343
xglm_small,facebook/xglm-564M,10,nounsverbs,465,0.9860155582427979
xglm_small,facebook/xglm-564M,10,nounsverbs,466,0.9843854308128357
xglm_small,facebook/xglm-564M,10,nounsverbs,467,0.9864434599876404
xglm_small,facebook/xglm-564M,10,nounsverbs,468,0.9844707250595093
xglm_small,facebook/xglm-564M,10,nounsverbs,469,0.9836636781692505
xglm_small,facebook/xglm-564M,10,nounsverbs,470,0.9862154126167297
xglm_small,facebook/xglm-564M,10,nounsverbs,471,0.9859927892684937
xglm_small,facebook/xglm-564M,10,nounsverbs,472,0.9869731068611145
xglm_small,facebook/xglm-564M,10,nounsverbs,473,0.9842250347137451
xglm_small,facebook/xglm-564M,10,nounsverbs,474,0.9862455129623413
xglm_small,facebook/xglm-564M,10,nounsverbs,475,0.9855893850326538
xglm_small,facebook/xglm-564M,10,nounsverbs,476,0.9898192882537842
xglm_small,facebook/xglm-564M,10,nounsverbs,477,0.9854824542999268
xglm_small,facebook/xglm-564M,10,nounsverbs,478,0.9878122210502625
xglm_small,facebook/xglm-564M,10,nounsverbs,479,0.9845439791679382
xglm_small,facebook/xglm-564M,10,nounsverbs,480,0.9834856390953064
xglm_small,facebook/xglm-564M,10,nounsverbs,481,0.984595775604248
xglm_small,facebook/xglm-564M,10,nounsverbs,482,0.9874429106712341
xglm_small,facebook/xglm-564M,10,nounsverbs,483,0.9861001372337341
xglm_small,facebook/xglm-564M,10,nounsverbs,484,0.9880412220954895
xglm_small,facebook/xglm-564M,10,nounsverbs,485,0.9866456985473633
xglm_small,facebook/xglm-564M,10,nounsverbs,486,0.9856876134872437
xglm_small,facebook/xglm-564M,10,nounsverbs,487,0.986535906791687
xglm_small,facebook/xglm-564M,10,nounsverbs,488,0.9813321828842163
xglm_small,facebook/xglm-564M,10,nounsverbs,489,0.9832273721694946
xglm_small,facebook/xglm-564M,10,nounsverbs,490,0.9889212846755981
xglm_small,facebook/xglm-564M,10,nounsverbs,491,0.9836925268173218
xglm_small,facebook/xglm-564M,10,nounsverbs,492,0.9866486191749573
xglm_small,facebook/xglm-564M,10,nounsverbs,493,0.972906768321991
xglm_small,facebook/xglm-564M,10,nounsverbs,494,0.988418459892273
xglm_small,facebook/xglm-564M,10,nounsverbs,495,0.9696149826049805
xglm_small,facebook/xglm-564M,10,nounsverbs,496,0.9715125560760498
xglm_small,facebook/xglm-564M,10,nounsverbs,497,0.9904047846794128
xglm_small,facebook/xglm-564M,10,nounsverbs,498,0.9848642945289612
xglm_small,facebook/xglm-564M,10,nounsverbs,499,0.9684926867485046
xglm_small,facebook/xglm-564M,10,nounsverbs,500,0.9682356715202332
xglm_small,facebook/xglm-564M,10,nounsverbs,501,0.9852132201194763
xglm_small,facebook/xglm-564M,10,nounsverbs,502,0.985272228717804
xglm_small,facebook/xglm-564M,10,nounsverbs,503,0.9861723184585571
xglm_small,facebook/xglm-564M,10,nounsverbs,504,0.9849308729171753
xglm_small,facebook/xglm-564M,10,nounsverbs,505,0.9878559112548828
xglm_small,facebook/xglm-564M,10,nounsverbs,506,0.9831327199935913
xglm_small,facebook/xglm-564M,10,nounsverbs,507,0.9938018321990967
xglm_small,facebook/xglm-564M,10,nounsverbs,508,0.9931374788284302
xglm_small,facebook/xglm-564M,10,nounsverbs,509,0.9687309861183167
xglm_small,facebook/xglm-564M,10,nounsverbs,510,0.9808143377304077
xglm_small,facebook/xglm-564M,10,nounsverbs,511,0.9826726913452148
xglm_small,facebook/xglm-564M,10,nounsverbs,512,0.9830428957939148
xglm_small,facebook/xglm-564M,10,nounsverbs,513,0.9890820980072021
xglm_small,facebook/xglm-564M,10,nounsverbs,514,0.9849286675453186
xglm_small,facebook/xglm-564M,10,nounsverbs,515,0.9857566952705383
xglm_small,facebook/xglm-564M,10,nounsverbs,516,0.9882081151008606
xglm_small,facebook/xglm-564M,10,nounsverbs,517,0.9853895902633667
xglm_small,facebook/xglm-564M,10,nounsverbs,518,0.9927294254302979
xglm_small,facebook/xglm-564M,10,nounsverbs,519,0.98874431848526
xglm_small,facebook/xglm-564M,10,nounsverbs,520,0.9719481468200684
xglm_small,facebook/xglm-564M,10,nounsverbs,521,0.9858951568603516
xglm_small,facebook/xglm-564M,10,nounsverbs,522,0.9726344347000122
xglm_small,facebook/xglm-564M,10,nounsverbs,523,0.9708309769630432
xglm_small,facebook/xglm-564M,10,nounsverbs,524,0.9879142045974731
xglm_small,facebook/xglm-564M,10,nounsverbs,525,0.9839680790901184
xglm_small,facebook/xglm-564M,10,nounsverbs,526,0.9833222031593323
xglm_small,facebook/xglm-564M,10,nounsverbs,527,0.9844951033592224
xglm_small,facebook/xglm-564M,10,nounsverbs,528,0.9866920709609985
xglm_small,facebook/xglm-564M,10,nounsverbs,529,0.9733836650848389
xglm_small,facebook/xglm-564M,10,nounsverbs,530,0.9834031462669373
xglm_small,facebook/xglm-564M,10,nounsverbs,531,0.9840036034584045
xglm_small,facebook/xglm-564M,10,nounsverbs,532,0.9841144680976868
xglm_small,facebook/xglm-564M,10,nounsverbs,533,0.9715509414672852
xglm_small,facebook/xglm-564M,10,nounsverbs,534,0.9874297380447388
xglm_small,facebook/xglm-564M,10,nounsverbs,535,0.9688629508018494
xglm_small,facebook/xglm-564M,10,nounsverbs,536,0.9873205423355103
xglm_small,facebook/xglm-564M,10,nounsverbs,537,0.9935185313224792
xglm_small,facebook/xglm-564M,10,nounsverbs,538,0.985735297203064
xglm_small,facebook/xglm-564M,10,nounsverbs,539,0.9881519675254822
xglm_small,facebook/xglm-564M,10,nounsverbs,540,0.9822512865066528
xglm_small,facebook/xglm-564M,10,nounsverbs,541,0.9856632947921753
xglm_small,facebook/xglm-564M,10,nounsverbs,542,0.985897421836853
xglm_small,facebook/xglm-564M,10,nounsverbs,543,0.987873375415802
xglm_small,facebook/xglm-564M,10,nounsverbs,544,0.9739641547203064
xglm_small,facebook/xglm-564M,10,nounsverbs,545,0.9730474948883057
xglm_small,facebook/xglm-564M,10,nounsverbs,546,0.9865800738334656
xglm_small,facebook/xglm-564M,10,nounsverbs,547,0.974396288394928
xglm_small,facebook/xglm-564M,10,nounsverbs,548,0.9714694023132324
xglm_small,facebook/xglm-564M,10,nounsverbs,549,0.9846572279930115
xglm_small,facebook/xglm-564M,10,nounsverbs,550,0.9864020943641663
xglm_small,facebook/xglm-564M,10,nounsverbs,551,0.9848074316978455
xglm_small,facebook/xglm-564M,10,nounsverbs,552,0.9884589910507202
xglm_small,facebook/xglm-564M,10,nounsverbs,553,0.9713873267173767
xglm_small,facebook/xglm-564M,10,nounsverbs,554,0.9749530553817749
xglm_small,facebook/xglm-564M,10,nounsverbs,555,0.9855114817619324
xglm_small,facebook/xglm-564M,10,nounsverbs,556,0.9868611693382263
xglm_small,facebook/xglm-564M,10,nounsverbs,557,0.9900121688842773
xglm_small,facebook/xglm-564M,10,nounsverbs,558,0.9877182245254517
xglm_small,facebook/xglm-564M,10,nounsverbs,559,0.9653902053833008
xglm_small,facebook/xglm-564M,10,nounsverbs,560,0.9703158736228943
xglm_small,facebook/xglm-564M,10,nounsverbs,561,0.9846417903900146
xglm_small,facebook/xglm-564M,10,nounsverbs,562,0.9860749840736389
xglm_small,facebook/xglm-564M,10,nounsverbs,563,0.9838038086891174
xglm_small,facebook/xglm-564M,10,nounsverbs,564,0.983128011226654
xglm_small,facebook/xglm-564M,10,nounsverbs,565,0.9874986410140991
xglm_small,facebook/xglm-564M,10,nounsverbs,566,0.987186849117279
xglm_small,facebook/xglm-564M,10,nounsverbs,567,0.9850811958312988
xglm_small,facebook/xglm-564M,10,nounsverbs,568,0.9848851561546326
xglm_small,facebook/xglm-564M,10,nounsverbs,569,0.9859602451324463
xglm_small,facebook/xglm-564M,10,nounsverbs,570,0.9870684146881104
xglm_small,facebook/xglm-564M,10,nounsverbs,571,0.9888516068458557
xglm_small,facebook/xglm-564M,10,nounsverbs,572,0.9882466197013855
xglm_small,facebook/xglm-564M,10,nounsverbs,573,0.984401524066925
xglm_small,facebook/xglm-564M,10,nounsverbs,574,0.9869587421417236
xglm_small,facebook/xglm-564M,10,nounsverbs,575,0.9877515435218811
xglm_small,facebook/xglm-564M,10,nounsverbs,576,0.988518476486206
xglm_small,facebook/xglm-564M,10,nounsverbs,577,0.9845868945121765
xglm_small,facebook/xglm-564M,10,nounsverbs,578,0.9841324687004089
xglm_small,facebook/xglm-564M,10,nounsverbs,579,0.9927312135696411
xglm_small,facebook/xglm-564M,10,nounsverbs,580,0.9515260457992554
xglm_small,facebook/xglm-564M,10,nounsverbs,581,0.9830564260482788
xglm_small,facebook/xglm-564M,10,nounsverbs,582,0.9497315287590027
xglm_small,facebook/xglm-564M,10,nounsverbs,583,0.9483265280723572
xglm_small,facebook/xglm-564M,10,nounsverbs,584,0.9517853856086731
xglm_small,facebook/xglm-564M,10,nounsverbs,585,0.9719918966293335
xglm_small,facebook/xglm-564M,10,nounsverbs,586,0.9906676411628723
xglm_small,facebook/xglm-564M,10,nounsverbs,587,0.9935703873634338
xglm_small,facebook/xglm-564M,10,nounsverbs,588,0.9859655499458313
xglm_small,facebook/xglm-564M,10,nounsverbs,589,0.9854772090911865
xglm_small,facebook/xglm-564M,10,nounsverbs,590,0.988084614276886
xglm_small,facebook/xglm-564M,10,nounsverbs,591,0.982475757598877
xglm_small,facebook/xglm-564M,10,nounsverbs,592,0.9699726104736328
xglm_small,facebook/xglm-564M,10,nounsverbs,593,0.9699867963790894
xglm_small,facebook/xglm-564M,10,nounsverbs,594,0.9675279259681702
xglm_small,facebook/xglm-564M,10,nounsverbs,595,0.9853535890579224
xglm_small,facebook/xglm-564M,10,nounsverbs,596,0.987657904624939
xglm_small,facebook/xglm-564M,10,nounsverbs,597,0.9891862869262695
xglm_small,facebook/xglm-564M,10,nounsverbs,598,0.9878894090652466
xglm_small,facebook/xglm-564M,10,nounsverbs,599,0.9863502383232117
xglm_small,facebook/xglm-564M,10,nounsverbs,600,0.9826871156692505
xglm_small,facebook/xglm-564M,10,nounsverbs,601,0.982610285282135
xglm_small,facebook/xglm-564M,10,nounsverbs,602,0.9893001317977905
xglm_small,facebook/xglm-564M,10,nounsverbs,603,0.9809176921844482
xglm_small,facebook/xglm-564M,10,nounsverbs,604,0.9842581152915955
xglm_small,facebook/xglm-564M,10,nounsverbs,605,0.9859068393707275
xglm_small,facebook/xglm-564M,10,nounsverbs,606,0.9855306148529053
xglm_small,facebook/xglm-564M,10,nounsverbs,607,0.9858906865119934
xglm_small,facebook/xglm-564M,10,nounsverbs,608,0.992487370967865
xglm_small,facebook/xglm-564M,10,nounsverbs,609,0.9818013310432434
xglm_small,facebook/xglm-564M,10,nounsverbs,610,0.9913098812103271
xglm_small,facebook/xglm-564M,10,nounsverbs,611,0.9817506670951843
xglm_small,facebook/xglm-564M,10,nounsverbs,612,0.9693757891654968
xglm_small,facebook/xglm-564M,10,nounsverbs,613,0.9846742153167725
xglm_small,facebook/xglm-564M,10,nounsverbs,614,0.9872429370880127
xglm_small,facebook/xglm-564M,10,nounsverbs,615,0.9838644862174988
xglm_small,facebook/xglm-564M,10,nounsverbs,616,0.9836899638175964
xglm_small,facebook/xglm-564M,10,nounsverbs,617,0.9837173223495483
xglm_small,facebook/xglm-564M,10,nounsverbs,618,0.9866186380386353
xglm_small,facebook/xglm-564M,10,nounsverbs,619,0.9882941246032715
xglm_small,facebook/xglm-564M,10,nounsverbs,620,0.9814419746398926
xglm_small,facebook/xglm-564M,10,nounsverbs,621,0.9718090295791626
xglm_small,facebook/xglm-564M,10,nounsverbs,622,0.9828763604164124
xglm_small,facebook/xglm-564M,10,nounsverbs,623,0.98768150806427
xglm_small,facebook/xglm-564M,10,nounsverbs,624,0.9882726073265076
xglm_small,facebook/xglm-564M,10,nounsverbs,625,0.9856173396110535
xglm_small,facebook/xglm-564M,10,nounsverbs,626,0.9852083325386047
xglm_small,facebook/xglm-564M,10,nounsverbs,627,0.9850097298622131
xglm_small,facebook/xglm-564M,10,nounsverbs,628,0.9752480387687683
xglm_small,facebook/xglm-564M,10,nounsverbs,629,0.9728871583938599
xglm_small,facebook/xglm-564M,10,nounsverbs,630,0.9831632375717163
xglm_small,facebook/xglm-564M,10,nounsverbs,631,0.9887372851371765
xglm_small,facebook/xglm-564M,10,nounsverbs,632,0.989128589630127
xglm_small,facebook/xglm-564M,10,nounsverbs,633,0.985333263874054
xglm_small,facebook/xglm-564M,10,nounsverbs,634,0.9850517511367798
xglm_small,facebook/xglm-564M,10,nounsverbs,635,0.9853542447090149
xglm_small,facebook/xglm-564M,10,nounsverbs,636,0.9854646921157837
xglm_small,facebook/xglm-564M,10,nounsverbs,637,0.9712452292442322
xglm_small,facebook/xglm-564M,10,nounsverbs,638,0.9701581001281738
xglm_small,facebook/xglm-564M,10,nounsverbs,639,0.986178457736969
xglm_small,facebook/xglm-564M,10,nounsverbs,640,0.9851739406585693
xglm_small,facebook/xglm-564M,10,nounsverbs,641,0.983910858631134
xglm_small,facebook/xglm-564M,10,nounsverbs,642,0.9831706285476685
xglm_small,facebook/xglm-564M,10,nounsverbs,643,0.9837853908538818
xglm_small,facebook/xglm-564M,10,nounsverbs,644,0.9859669208526611
xglm_small,facebook/xglm-564M,10,nounsverbs,645,0.9837505221366882
xglm_small,facebook/xglm-564M,10,nounsverbs,646,0.9908460378646851
xglm_small,facebook/xglm-564M,10,nounsverbs,647,0.9878820180892944
xglm_small,facebook/xglm-564M,10,nounsverbs,648,0.9855924248695374
xglm_small,facebook/xglm-564M,10,nounsverbs,649,0.9847841262817383
xglm_small,facebook/xglm-564M,10,nounsverbs,650,0.9705593585968018
xglm_small,facebook/xglm-564M,10,nounsverbs,651,0.9880689978599548
xglm_small,facebook/xglm-564M,10,nounsverbs,652,0.9712547063827515
xglm_small,facebook/xglm-564M,10,nounsverbs,653,0.9870536923408508
xglm_small,facebook/xglm-564M,10,nounsverbs,654,0.9818120002746582
xglm_small,facebook/xglm-564M,10,nounsverbs,655,0.9924912452697754
xglm_small,facebook/xglm-564M,10,nounsverbs,656,0.9848419427871704
xglm_small,facebook/xglm-564M,10,nounsverbs,657,0.9714851975440979
xglm_small,facebook/xglm-564M,10,nounsverbs,658,0.993131697177887
xglm_small,facebook/xglm-564M,10,nounsverbs,659,0.9843860268592834
xglm_small,facebook/xglm-564M,10,nounsverbs,660,0.9895906448364258
xglm_small,facebook/xglm-564M,10,nounsverbs,661,0.9705160856246948
xglm_small,facebook/xglm-564M,10,nounsverbs,662,0.9875016212463379
xglm_small,facebook/xglm-564M,10,nounsverbs,663,0.9839412569999695
xglm_small,facebook/xglm-564M,10,nounsverbs,664,0.9862580299377441
xglm_small,facebook/xglm-564M,10,nounsverbs,665,0.9879229068756104
xglm_small,facebook/xglm-564M,10,nounsverbs,666,0.9729565382003784
xglm_small,facebook/xglm-564M,10,nounsverbs,667,0.9828348159790039
xglm_small,facebook/xglm-564M,10,nounsverbs,668,0.9877199530601501
xglm_small,facebook/xglm-564M,10,nounsverbs,669,0.9881780743598938
xglm_small,facebook/xglm-564M,10,nounsverbs,670,0.9688807129859924
xglm_small,facebook/xglm-564M,10,nounsverbs,671,0.9713003039360046
xglm_small,facebook/xglm-564M,10,nounsverbs,672,0.9847798943519592
xglm_small,facebook/xglm-564M,10,nounsverbs,673,0.971382200717926
xglm_small,facebook/xglm-564M,10,nounsverbs,674,0.9668704867362976
xglm_small,facebook/xglm-564M,10,nounsverbs,675,0.9866306185722351
xglm_small,facebook/xglm-564M,10,nounsverbs,676,0.9801578521728516
xglm_small,facebook/xglm-564M,10,nounsverbs,677,0.9812790751457214
xglm_small,facebook/xglm-564M,10,nounsverbs,678,0.9850931167602539
xglm_small,facebook/xglm-564M,10,nounsverbs,679,0.9893360137939453
xglm_small,facebook/xglm-564M,10,nounsverbs,680,0.9843882322311401
xglm_small,facebook/xglm-564M,10,nounsverbs,681,0.9829163551330566
xglm_small,facebook/xglm-564M,10,nounsverbs,682,0.9836815595626831
xglm_small,facebook/xglm-564M,10,nounsverbs,683,0.9842566251754761
xglm_small,facebook/xglm-564M,10,nounsverbs,684,0.9839471578598022
xglm_small,facebook/xglm-564M,10,nounsverbs,685,0.9838785529136658
xglm_small,facebook/xglm-564M,10,nounsverbs,686,0.9850587248802185
xglm_small,facebook/xglm-564M,10,nounsverbs,687,0.9836586713790894
xglm_small,facebook/xglm-564M,10,nounsverbs,688,0.9789078831672668
xglm_small,facebook/xglm-564M,10,nounsverbs,689,0.9844897985458374
xglm_small,facebook/xglm-564M,10,nounsverbs,690,0.984923243522644
xglm_small,facebook/xglm-564M,10,nounsverbs,691,0.9837830066680908
xglm_small,facebook/xglm-564M,10,nounsverbs,692,0.9849555492401123
xglm_small,facebook/xglm-564M,10,nounsverbs,693,0.9838355183601379
xglm_small,facebook/xglm-564M,10,nounsverbs,694,0.9840224385261536
xglm_small,facebook/xglm-564M,10,nounsverbs,695,0.9838294386863708
xglm_small,facebook/xglm-564M,10,nounsverbs,696,0.9847838282585144
xglm_small,facebook/xglm-564M,10,nounsverbs,697,0.982331395149231
xglm_small,facebook/xglm-564M,10,nounsverbs,698,0.9873953461647034
xglm_small,facebook/xglm-564M,10,nounsverbs,699,0.9839334487915039
xglm_small,facebook/xglm-564M,10,nounsverbs,700,0.9846134185791016
xglm_small,facebook/xglm-564M,10,nounsverbs,701,0.9830541610717773
xglm_small,facebook/xglm-564M,10,nounsverbs,702,0.983986496925354
xglm_small,facebook/xglm-564M,10,nounsverbs,703,0.9879956841468811
xglm_small,facebook/xglm-564M,10,nounsverbs,704,0.9848130941390991
xglm_small,facebook/xglm-564M,10,nounsverbs,705,0.9814021587371826
xglm_small,facebook/xglm-564M,10,nounsverbs,706,0.9871755838394165
xglm_small,facebook/xglm-564M,10,nounsverbs,707,0.98514723777771
xglm_small,facebook/xglm-564M,10,nounsverbs,708,0.9846694469451904
xglm_small,facebook/xglm-564M,10,nounsverbs,709,0.9874036312103271
xglm_small,facebook/xglm-564M,10,nounsverbs,710,0.989941418170929
xglm_small,facebook/xglm-564M,10,nounsverbs,711,0.9886578321456909
xglm_small,facebook/xglm-564M,10,nounsverbs,712,0.987067461013794
xglm_small,facebook/xglm-564M,10,nounsverbs,713,0.9827420711517334
xglm_small,facebook/xglm-564M,10,nounsverbs,714,0.989560604095459
xglm_small,facebook/xglm-564M,10,nounsverbs,715,0.985133945941925
xglm_small,facebook/xglm-564M,10,nounsverbs,716,0.9821648597717285
xglm_small,facebook/xglm-564M,10,nounsverbs,717,0.9821151494979858
xglm_small,facebook/xglm-564M,10,nounsverbs,718,0.9829268455505371
xglm_small,facebook/xglm-564M,10,nounsverbs,719,0.9852815270423889
xglm_small,facebook/xglm-564M,10,nounsverbs,720,0.9843311309814453
xglm_small,facebook/xglm-564M,10,nounsverbs,721,0.9856019616127014
xglm_small,facebook/xglm-564M,10,nounsverbs,722,0.9861997961997986
xglm_small,facebook/xglm-564M,10,nounsverbs,723,0.9812433123588562
xglm_small,facebook/xglm-564M,10,nounsverbs,724,0.9832892417907715
xglm_small,facebook/xglm-564M,10,nounsverbs,725,0.9837192893028259
xglm_small,facebook/xglm-564M,10,nounsverbs,726,0.9861671924591064
xglm_small,facebook/xglm-564M,10,nounsverbs,727,0.9834980368614197
xglm_small,facebook/xglm-564M,10,nounsverbs,728,0.9823675155639648
xglm_small,facebook/xglm-564M,10,nounsverbs,729,0.9823193550109863
xglm_small,facebook/xglm-564M,10,nounsverbs,730,0.9879968762397766
xglm_small,facebook/xglm-564M,10,nounsverbs,731,0.9815117120742798
xglm_small,facebook/xglm-564M,10,nounsverbs,732,0.983637273311615
xglm_small,facebook/xglm-564M,10,nounsverbs,733,0.9855666160583496
xglm_small,facebook/xglm-564M,10,nounsverbs,734,0.9832618236541748
xglm_small,facebook/xglm-564M,10,nounsverbs,735,0.9878518581390381
xglm_small,facebook/xglm-564M,10,nounsverbs,736,0.9838008284568787
xglm_small,facebook/xglm-564M,10,nounsverbs,737,0.9858565330505371
xglm_small,facebook/xglm-564M,10,nounsverbs,738,0.9833882451057434
xglm_small,facebook/xglm-564M,10,nounsverbs,739,0.9837266802787781
xglm_small,facebook/xglm-564M,10,nounsverbs,740,0.9850392937660217
xglm_small,facebook/xglm-564M,10,nounsverbs,741,0.9860638976097107
xglm_small,facebook/xglm-564M,10,nounsverbs,742,0.9805418252944946
xglm_small,facebook/xglm-564M,10,nounsverbs,743,0.9835978150367737
xglm_small,facebook/xglm-564M,10,nounsverbs,744,0.9847878813743591
xglm_small,facebook/xglm-564M,10,nounsverbs,745,0.985505998134613
xglm_small,facebook/xglm-564M,10,nounsverbs,746,0.9839580655097961
xglm_small,facebook/xglm-564M,10,nounsverbs,747,0.9856884479522705
xglm_small,facebook/xglm-564M,10,nounsverbs,748,0.9825818538665771
xglm_small,facebook/xglm-564M,10,nounsverbs,749,0.9818945527076721
xglm_small,facebook/xglm-564M,10,nounsverbs,750,0.9846022129058838
xglm_small,facebook/xglm-564M,10,nounsverbs,751,0.9861369729042053
xglm_small,facebook/xglm-564M,10,nounsverbs,752,0.9822576642036438
xglm_small,facebook/xglm-564M,10,nounsverbs,753,0.9841616749763489
xglm_small,facebook/xglm-564M,10,nounsverbs,754,0.9860987067222595
xglm_small,facebook/xglm-564M,10,nounsverbs,755,0.9815244674682617
xglm_small,facebook/xglm-564M,10,nounsverbs,756,0.9850515127182007
xglm_small,facebook/xglm-564M,10,nounsverbs,757,0.9822103381156921
xglm_small,facebook/xglm-564M,10,nounsverbs,758,0.9808899760246277
xglm_small,facebook/xglm-564M,10,nounsverbs,759,0.9842866659164429
xglm_small,facebook/xglm-564M,10,nounsverbs,760,0.984754741191864
xglm_small,facebook/xglm-564M,10,nounsverbs,761,0.9890955686569214
xglm_small,facebook/xglm-564M,10,nounsverbs,762,0.9856895208358765
xglm_small,facebook/xglm-564M,10,nounsverbs,763,0.986614465713501
xglm_small,facebook/xglm-564M,10,nounsverbs,764,0.9853519201278687
xglm_small,facebook/xglm-564M,10,nounsverbs,765,0.981533944606781
xglm_small,facebook/xglm-564M,10,nounsverbs,766,0.9853271245956421
xglm_small,facebook/xglm-564M,10,nounsverbs,767,0.9832908511161804
xglm_small,facebook/xglm-564M,10,nounsverbs,768,0.9827300906181335
xglm_small,facebook/xglm-564M,10,nounsverbs,769,0.9879247546195984
xglm_small,facebook/xglm-564M,10,nounsverbs,770,0.9835883378982544
xglm_small,facebook/xglm-564M,10,nounsverbs,771,0.9520919322967529
xglm_small,facebook/xglm-564M,10,nounsverbs,772,0.9510321617126465
xglm_small,facebook/xglm-564M,10,nounsverbs,773,0.9844108819961548
xglm_small,facebook/xglm-564M,10,nounsverbs,774,0.951507031917572
xglm_small,facebook/xglm-564M,10,nounsverbs,775,0.9867920875549316
xglm_small,facebook/xglm-564M,10,nounsverbs,776,0.9475383162498474
xglm_small,facebook/xglm-564M,10,nounsverbs,777,0.9510359168052673
xglm_small,facebook/xglm-564M,10,nounsverbs,778,0.985478937625885
xglm_small,facebook/xglm-564M,10,nounsverbs,779,0.9840075969696045
xglm_small,facebook/xglm-564M,10,nounsverbs,780,0.9844987988471985
xglm_small,facebook/xglm-564M,10,nounsverbs,781,0.9553678631782532
xglm_small,facebook/xglm-564M,10,nounsverbs,782,0.9862145185470581
xglm_small,facebook/xglm-564M,10,nounsverbs,783,0.9487985968589783
xglm_small,facebook/xglm-564M,10,nounsverbs,784,0.9835778474807739
xglm_small,facebook/xglm-564M,10,nounsverbs,785,0.9849516153335571
xglm_small,facebook/xglm-564M,10,nounsverbs,786,0.9844197034835815
xglm_small,facebook/xglm-564M,10,nounsverbs,787,0.9908487200737
xglm_small,facebook/xglm-564M,10,nounsverbs,788,0.9836221933364868
xglm_small,facebook/xglm-564M,10,nounsverbs,789,0.9879878759384155
xglm_small,facebook/xglm-564M,10,nounsverbs,790,0.9867024421691895
xglm_small,facebook/xglm-564M,10,nounsverbs,791,0.9855769276618958
xglm_small,facebook/xglm-564M,10,nounsverbs,792,0.9822048544883728
xglm_small,facebook/xglm-564M,10,nounsverbs,793,0.980790376663208
xglm_small,facebook/xglm-564M,10,nounsverbs,794,0.9852990508079529
xglm_small,facebook/xglm-564M,10,nounsverbs,795,0.9848603010177612
xglm_small,facebook/xglm-564M,10,nounsverbs,796,0.9829279184341431
xglm_small,facebook/xglm-564M,10,nounsverbs,797,0.9864519238471985
xglm_small,facebook/xglm-564M,10,nounsverbs,798,0.9837148189544678
xglm_small,facebook/xglm-564M,10,nounsverbs,799,0.9849416017532349
xglm_small,facebook/xglm-564M,10,nounsverbs,800,0.9879871606826782
xglm_small,facebook/xglm-564M,10,nounsverbs,801,0.9843541383743286
xglm_small,facebook/xglm-564M,10,nounsverbs,802,0.986778736114502
xglm_small,facebook/xglm-564M,10,nounsverbs,803,0.9837170243263245
xglm_small,facebook/xglm-564M,10,nounsverbs,804,0.9863207340240479
xglm_small,facebook/xglm-564M,10,nounsverbs,805,0.9850654602050781
xglm_small,facebook/xglm-564M,10,nounsverbs,806,0.9847670197486877
xglm_small,facebook/xglm-564M,10,nounsverbs,807,0.9825255274772644
xglm_small,facebook/xglm-564M,10,nounsverbs,808,0.9848635196685791
xglm_small,facebook/xglm-564M,10,nounsverbs,809,0.9842084050178528
xglm_small,facebook/xglm-564M,10,nounsverbs,810,0.9832255840301514
xglm_small,facebook/xglm-564M,10,nounsverbs,811,0.986832857131958
xglm_small,facebook/xglm-564M,10,nounsverbs,812,0.9834085702896118
xglm_small,facebook/xglm-564M,10,nounsverbs,813,0.9870785474777222
xglm_small,facebook/xglm-564M,10,nounsverbs,814,0.9845139384269714
xglm_small,facebook/xglm-564M,10,nounsverbs,815,0.9828861951828003
xglm_small,facebook/xglm-564M,10,nounsverbs,816,0.9865281581878662
xglm_small,facebook/xglm-564M,10,nounsverbs,817,0.9868223667144775
xglm_small,facebook/xglm-564M,10,nounsverbs,818,0.984976053237915
xglm_small,facebook/xglm-564M,10,nounsverbs,819,0.9891293048858643
xglm_small,facebook/xglm-564M,10,nounsverbs,820,0.9837584495544434
xglm_small,facebook/xglm-564M,10,nounsverbs,821,0.985606849193573
xglm_small,facebook/xglm-564M,10,nounsverbs,822,0.9858347773551941
xglm_small,facebook/xglm-564M,10,nounsverbs,823,0.9841950535774231
xglm_small,facebook/xglm-564M,10,nounsverbs,824,0.9813247919082642
xglm_small,facebook/xglm-564M,10,nounsverbs,825,0.9840251207351685
xglm_small,facebook/xglm-564M,10,nounsverbs,826,0.9859235286712646
xglm_small,facebook/xglm-564M,10,nounsverbs,827,0.9860697388648987
xglm_small,facebook/xglm-564M,10,nounsverbs,828,0.9885547757148743
xglm_small,facebook/xglm-564M,10,nounsverbs,829,0.9829714298248291
xglm_small,facebook/xglm-564M,10,nounsverbs,830,0.9850046038627625
xglm_small,facebook/xglm-564M,10,nounsverbs,831,0.9867745637893677
xglm_small,facebook/xglm-564M,10,nounsverbs,832,0.9840256571769714
xglm_small,facebook/xglm-564M,10,nounsverbs,833,0.9832430481910706
xglm_small,facebook/xglm-564M,10,nounsverbs,834,0.9851462841033936
xglm_small,facebook/xglm-564M,10,nounsverbs,835,0.9806426763534546
xglm_small,facebook/xglm-564M,10,nounsverbs,836,0.9843006730079651
xglm_small,facebook/xglm-564M,10,nounsverbs,837,0.9849261045455933
xglm_small,facebook/xglm-564M,10,nounsverbs,838,0.9868909120559692
xglm_small,facebook/xglm-564M,10,nounsverbs,839,0.9859238266944885
xglm_small,facebook/xglm-564M,10,nounsverbs,840,0.9835720062255859
xglm_small,facebook/xglm-564M,10,nounsverbs,841,0.9838888645172119
xglm_small,facebook/xglm-564M,10,nounsverbs,842,0.9838237762451172
xglm_small,facebook/xglm-564M,10,nounsverbs,843,0.9887183904647827
xglm_small,facebook/xglm-564M,10,nounsverbs,844,0.9822695255279541
xglm_small,facebook/xglm-564M,10,nounsverbs,845,0.9879847764968872
xglm_small,facebook/xglm-564M,10,nounsverbs,846,0.9849230647087097
xglm_small,facebook/xglm-564M,10,nounsverbs,847,0.9819447994232178
xglm_small,facebook/xglm-564M,10,nounsverbs,848,0.98316490650177
xglm_small,facebook/xglm-564M,10,nounsverbs,849,0.9850735664367676
xglm_small,facebook/xglm-564M,10,nounsverbs,850,0.9831969141960144
xglm_small,facebook/xglm-564M,10,nounsverbs,851,0.9843460917472839
xglm_small,facebook/xglm-564M,10,nounsverbs,852,0.9852404594421387
xglm_small,facebook/xglm-564M,10,nounsverbs,853,0.9827014803886414
xglm_small,facebook/xglm-564M,10,nounsverbs,854,0.9870855808258057
xglm_small,facebook/xglm-564M,10,nounsverbs,855,0.9858025908470154
xglm_small,facebook/xglm-564M,10,nounsverbs,856,0.98296058177948
xglm_small,facebook/xglm-564M,10,nounsverbs,857,0.9880766868591309
xglm_small,facebook/xglm-564M,10,nounsverbs,858,0.9830885529518127
xglm_small,facebook/xglm-564M,10,nounsverbs,859,0.9835047125816345
xglm_small,facebook/xglm-564M,10,nounsverbs,860,0.9843443036079407
xglm_small,facebook/xglm-564M,10,nounsverbs,861,0.9877001047134399
xglm_small,facebook/xglm-564M,10,nounsverbs,862,0.9838004112243652
xglm_small,facebook/xglm-564M,10,nounsverbs,863,0.98858243227005
xglm_small,facebook/xglm-564M,10,nounsverbs,864,0.9832791090011597
xglm_small,facebook/xglm-564M,10,nounsverbs,865,0.9839658141136169
xglm_small,facebook/xglm-564M,10,nounsverbs,866,0.9871357679367065
xglm_small,facebook/xglm-564M,10,nounsverbs,867,0.9834054708480835
xglm_small,facebook/xglm-564M,10,nounsverbs,868,0.9869113564491272
xglm_small,facebook/xglm-564M,10,nounsverbs,869,0.9803141951560974
xglm_small,facebook/xglm-564M,10,nounsverbs,870,0.9839454293251038
xglm_small,facebook/xglm-564M,10,nounsverbs,871,0.9856970310211182
xglm_small,facebook/xglm-564M,10,nounsverbs,872,0.9846352338790894
xglm_small,facebook/xglm-564M,10,nounsverbs,873,0.9858710169792175
xglm_small,facebook/xglm-564M,10,nounsverbs,874,0.9834325313568115
xglm_small,facebook/xglm-564M,10,nounsverbs,875,0.9863901734352112
xglm_small,facebook/xglm-564M,10,nounsverbs,876,0.9849908351898193
xglm_small,facebook/xglm-564M,10,nounsverbs,877,0.9887392520904541
xglm_small,facebook/xglm-564M,10,nounsverbs,878,0.9877291917800903
xglm_small,facebook/xglm-564M,10,nounsverbs,879,0.9879128932952881
xglm_small,facebook/xglm-564M,10,nounsverbs,880,0.9851194620132446
xglm_small,facebook/xglm-564M,10,nounsverbs,881,0.9870986938476562
xglm_small,facebook/xglm-564M,10,nounsverbs,882,0.9845592975616455
xglm_small,facebook/xglm-564M,10,nounsverbs,883,0.9875894784927368
xglm_small,facebook/xglm-564M,10,nounsverbs,884,0.9897574186325073
xglm_small,facebook/xglm-564M,10,nounsverbs,885,0.9858484268188477
xglm_small,facebook/xglm-564M,10,nounsverbs,886,0.989365816116333
xglm_small,facebook/xglm-564M,10,nounsverbs,887,0.9884209632873535
xglm_small,facebook/xglm-564M,10,nounsverbs,888,0.9806163311004639
xglm_small,facebook/xglm-564M,10,nounsverbs,889,0.9834809303283691
xglm_small,facebook/xglm-564M,10,nounsverbs,890,0.9715316295623779
xglm_small,facebook/xglm-564M,10,nounsverbs,891,0.9924376606941223
xglm_small,facebook/xglm-564M,10,nounsverbs,892,0.9804800748825073
xglm_small,facebook/xglm-564M,10,nounsverbs,893,0.9838782548904419
xglm_small,facebook/xglm-564M,10,nounsverbs,894,0.9859341979026794
xglm_small,facebook/xglm-564M,10,nounsverbs,895,0.9704467058181763
xglm_small,facebook/xglm-564M,10,nounsverbs,896,0.9679751396179199
xglm_small,facebook/xglm-564M,10,nounsverbs,897,0.9836652874946594
xglm_small,facebook/xglm-564M,10,nounsverbs,898,0.9829064011573792
xglm_small,facebook/xglm-564M,10,nounsverbs,899,0.9809669256210327
xglm_small,facebook/xglm-564M,10,nounsverbs,900,0.9702454209327698
xglm_small,facebook/xglm-564M,10,nounsverbs,901,0.9839285016059875
xglm_small,facebook/xglm-564M,10,nounsverbs,902,0.9840386509895325
xglm_small,facebook/xglm-564M,10,nounsverbs,903,0.9853742122650146
xglm_small,facebook/xglm-564M,10,nounsverbs,904,0.9879584312438965
xglm_small,facebook/xglm-564M,10,nounsverbs,905,0.982171893119812
xglm_small,facebook/xglm-564M,10,nounsverbs,906,0.9698734879493713
xglm_small,facebook/xglm-564M,10,nounsverbs,907,0.991864800453186
xglm_small,facebook/xglm-564M,10,nounsverbs,908,0.9698939919471741
xglm_small,facebook/xglm-564M,10,nounsverbs,909,0.9839664101600647
xglm_small,facebook/xglm-564M,10,nounsverbs,910,0.9692979454994202
xglm_small,facebook/xglm-564M,10,nounsverbs,911,0.9863923192024231
xglm_small,facebook/xglm-564M,10,nounsverbs,912,0.9921406507492065
xglm_small,facebook/xglm-564M,10,nounsverbs,913,0.985958456993103
xglm_small,facebook/xglm-564M,10,nounsverbs,914,0.9840388894081116
xglm_small,facebook/xglm-564M,10,nounsverbs,915,0.9878508448600769
xglm_small,facebook/xglm-564M,10,nounsverbs,916,0.9846498966217041
xglm_small,facebook/xglm-564M,10,nounsverbs,917,0.971977949142456
xglm_small,facebook/xglm-564M,10,nounsverbs,918,0.9865224957466125
xglm_small,facebook/xglm-564M,10,nounsverbs,919,0.987596869468689
xglm_small,facebook/xglm-564M,10,nounsverbs,920,0.9844264388084412
xglm_small,facebook/xglm-564M,10,nounsverbs,921,0.98295658826828
xglm_small,facebook/xglm-564M,10,nounsverbs,922,0.9705849289894104
xglm_small,facebook/xglm-564M,10,nounsverbs,923,0.9678590297698975
xglm_small,facebook/xglm-564M,10,nounsverbs,924,0.982019305229187
xglm_small,facebook/xglm-564M,10,nounsverbs,925,0.9854000210762024
xglm_small,facebook/xglm-564M,10,nounsverbs,926,0.9701986908912659
xglm_small,facebook/xglm-564M,10,nounsverbs,927,0.9853541851043701
xglm_small,facebook/xglm-564M,10,nounsverbs,928,0.9865511655807495
xglm_small,facebook/xglm-564M,10,nounsverbs,929,0.9849540591239929
xglm_small,facebook/xglm-564M,10,nounsverbs,930,0.9711610078811646
xglm_small,facebook/xglm-564M,10,nounsverbs,931,0.9690841436386108
xglm_small,facebook/xglm-564M,10,nounsverbs,932,0.9846346974372864
xglm_small,facebook/xglm-564M,10,nounsverbs,933,0.9659440517425537
xglm_small,facebook/xglm-564M,10,nounsverbs,934,0.9895829558372498
xglm_small,facebook/xglm-564M,10,nounsverbs,935,0.9706551432609558
xglm_small,facebook/xglm-564M,10,nounsverbs,936,0.9687296748161316
xglm_small,facebook/xglm-564M,10,nounsverbs,937,0.9842897653579712
xglm_small,facebook/xglm-564M,10,nounsverbs,938,0.9733619093894958
xglm_small,facebook/xglm-564M,10,nounsverbs,939,0.9873144030570984
xglm_small,facebook/xglm-564M,10,nounsverbs,940,0.970278263092041
xglm_small,facebook/xglm-564M,10,nounsverbs,941,0.9717205166816711
xglm_small,facebook/xglm-564M,10,nounsverbs,942,0.9699497818946838
xglm_small,facebook/xglm-564M,10,nounsverbs,943,0.9722662568092346
xglm_small,facebook/xglm-564M,10,nounsverbs,944,0.9884649515151978
xglm_small,facebook/xglm-564M,10,nounsverbs,945,0.9747352600097656
xglm_small,facebook/xglm-564M,10,nounsverbs,946,0.9692985415458679
xglm_small,facebook/xglm-564M,10,nounsverbs,947,0.9885976314544678
xglm_small,facebook/xglm-564M,10,nounsverbs,948,0.9647411108016968
xglm_small,facebook/xglm-564M,10,nounsverbs,949,0.9714849591255188
xglm_small,facebook/xglm-564M,10,nounsverbs,950,0.9860332012176514
xglm_small,facebook/xglm-564M,10,nounsverbs,951,0.9840176105499268
xglm_small,facebook/xglm-564M,10,nounsverbs,952,0.989587128162384
xglm_small,facebook/xglm-564M,10,nounsverbs,953,0.9836038947105408
xglm_small,facebook/xglm-564M,10,nounsverbs,954,0.9882115721702576
xglm_small,facebook/xglm-564M,10,nounsverbs,955,0.970623254776001
xglm_small,facebook/xglm-564M,10,nounsverbs,956,0.9714997410774231
xglm_small,facebook/xglm-564M,10,nounsverbs,957,0.9866500496864319
xglm_small,facebook/xglm-564M,10,nounsverbs,958,0.9832944869995117
xglm_small,facebook/xglm-564M,10,nounsverbs,959,0.9847372770309448
xglm_small,facebook/xglm-564M,10,nounsverbs,960,0.9881189465522766
xglm_small,facebook/xglm-564M,10,nounsverbs,961,0.9665265083312988
xglm_small,facebook/xglm-564M,10,nounsverbs,962,0.9690850973129272
xglm_small,facebook/xglm-564M,10,nounsverbs,963,0.9827199578285217
xglm_small,facebook/xglm-564M,10,nounsverbs,964,0.9719531536102295
xglm_small,facebook/xglm-564M,10,nounsverbs,965,0.9704996347427368
xglm_small,facebook/xglm-564M,10,nounsverbs,966,0.9866747260093689
xglm_small,facebook/xglm-564M,10,nounsverbs,967,0.9859663248062134
xglm_small,facebook/xglm-564M,10,nounsverbs,968,0.9841424822807312
xglm_small,facebook/xglm-564M,10,nounsverbs,969,0.9830602407455444
xglm_small,facebook/xglm-564M,10,nounsverbs,970,0.9932690262794495
xglm_small,facebook/xglm-564M,10,nounsverbs,971,0.9716348648071289
xglm_small,facebook/xglm-564M,10,nounsverbs,972,0.9681955575942993
xglm_small,facebook/xglm-564M,10,nounsverbs,973,0.9908221364021301
xglm_small,facebook/xglm-564M,10,nounsverbs,974,0.9519035220146179
xglm_small,facebook/xglm-564M,10,nounsverbs,975,0.9893770217895508
xglm_small,facebook/xglm-564M,10,nounsverbs,976,0.9852480292320251
xglm_small,facebook/xglm-564M,10,nounsverbs,977,0.9836322665214539
xglm_small,facebook/xglm-564M,10,nounsverbs,978,0.9502298831939697
xglm_small,facebook/xglm-564M,10,nounsverbs,979,0.9846071004867554
xglm_small,facebook/xglm-564M,10,nounsverbs,980,0.9922144412994385
xglm_small,facebook/xglm-564M,10,nounsverbs,981,0.9854898452758789
xglm_small,facebook/xglm-564M,10,nounsverbs,982,0.9671871662139893
xglm_small,facebook/xglm-564M,10,nounsverbs,983,0.9858056902885437
xglm_small,facebook/xglm-564M,10,nounsverbs,984,0.9878736734390259
xglm_small,facebook/xglm-564M,10,nounsverbs,985,0.9737538695335388
xglm_small,facebook/xglm-564M,10,nounsverbs,986,0.9844565987586975
xglm_small,facebook/xglm-564M,10,nounsverbs,987,0.9656442403793335
xglm_small,facebook/xglm-564M,10,nounsverbs,988,0.9862480163574219
xglm_small,facebook/xglm-564M,10,nounsverbs,989,0.9856134653091431
xglm_small,facebook/xglm-564M,10,nounsverbs,990,0.9882839918136597
xglm_small,facebook/xglm-564M,10,nounsverbs,991,0.9870145320892334
xglm_small,facebook/xglm-564M,10,nounsverbs,992,0.9852560758590698
xglm_small,facebook/xglm-564M,10,nounsverbs,993,0.9847327470779419
xglm_small,facebook/xglm-564M,10,nounsverbs,994,0.9853346347808838
xglm_small,facebook/xglm-564M,10,nounsverbs,995,0.9880918264389038
xglm_small,facebook/xglm-564M,10,nounsverbs,996,0.9914829730987549
xglm_small,facebook/xglm-564M,10,nounsverbs,997,0.9838520288467407
xglm_small,facebook/xglm-564M,10,nounsverbs,998,0.9915255308151245
xglm_small,facebook/xglm-564M,10,nounsverbs,999,0.9866790771484375
xglm_small,facebook/xglm-564M,10,nounsverbsadj,0,0.9938153624534607
xglm_small,facebook/xglm-564M,10,nounsverbsadj,1,0.9845954179763794
xglm_small,facebook/xglm-564M,10,nounsverbsadj,2,0.9921790361404419
xglm_small,facebook/xglm-564M,10,nounsverbsadj,3,0.9948976039886475
xglm_small,facebook/xglm-564M,10,nounsverbsadj,4,0.9727678298950195
xglm_small,facebook/xglm-564M,10,nounsverbsadj,5,0.9904086589813232
xglm_small,facebook/xglm-564M,10,nounsverbsadj,6,0.9901236295700073
xglm_small,facebook/xglm-564M,10,nounsverbsadj,7,0.9943727850914001
xglm_small,facebook/xglm-564M,10,nounsverbsadj,8,0.992792546749115
xglm_small,facebook/xglm-564M,10,nounsverbsadj,9,0.9931432604789734
xglm_small,facebook/xglm-564M,10,nounsverbsadj,10,0.9902241230010986
xglm_small,facebook/xglm-564M,10,nounsverbsadj,11,0.9865906238555908
xglm_small,facebook/xglm-564M,10,nounsverbsadj,12,0.9846363067626953
xglm_small,facebook/xglm-564M,10,nounsverbsadj,13,0.9925441741943359
xglm_small,facebook/xglm-564M,10,nounsverbsadj,14,0.9863932132720947
xglm_small,facebook/xglm-564M,10,nounsverbsadj,15,0.9824169278144836
xglm_small,facebook/xglm-564M,10,nounsverbsadj,16,0.9920950531959534
xglm_small,facebook/xglm-564M,10,nounsverbsadj,17,0.9909608364105225
xglm_small,facebook/xglm-564M,10,nounsverbsadj,18,0.9819348454475403
xglm_small,facebook/xglm-564M,10,nounsverbsadj,19,0.9856665730476379
xglm_small,facebook/xglm-564M,10,nounsverbsadj,20,0.99302738904953
xglm_small,facebook/xglm-564M,10,nounsverbsadj,21,0.9915666580200195
xglm_small,facebook/xglm-564M,10,nounsverbsadj,22,0.9929569363594055
xglm_small,facebook/xglm-564M,10,nounsverbsadj,23,0.9920840859413147
xglm_small,facebook/xglm-564M,10,nounsverbsadj,24,0.9931174516677856
xglm_small,facebook/xglm-564M,10,nounsverbsadj,25,0.9926025867462158
xglm_small,facebook/xglm-564M,10,nounsverbsadj,26,0.9810119271278381
xglm_small,facebook/xglm-564M,10,nounsverbsadj,27,0.982708752155304
xglm_small,facebook/xglm-564M,10,nounsverbsadj,28,0.9848545789718628
xglm_small,facebook/xglm-564M,10,nounsverbsadj,29,0.9862762689590454
xglm_small,facebook/xglm-564M,10,nounsverbsadj,30,0.9844706058502197
xglm_small,facebook/xglm-564M,10,nounsverbsadj,31,0.9866933226585388
xglm_small,facebook/xglm-564M,10,nounsverbsadj,32,0.9877634048461914
xglm_small,facebook/xglm-564M,10,nounsverbsadj,33,0.9930250644683838
xglm_small,facebook/xglm-564M,10,nounsverbsadj,34,0.9881551861763
xglm_small,facebook/xglm-564M,10,nounsverbsadj,35,0.9709753394126892
xglm_small,facebook/xglm-564M,10,nounsverbsadj,36,0.9860644936561584
xglm_small,facebook/xglm-564M,10,nounsverbsadj,37,0.9840152859687805
xglm_small,facebook/xglm-564M,10,nounsverbsadj,38,0.9802975058555603
xglm_small,facebook/xglm-564M,10,nounsverbsadj,39,0.9914183616638184
xglm_small,facebook/xglm-564M,10,nounsverbsadj,40,0.992520272731781
xglm_small,facebook/xglm-564M,10,nounsverbsadj,41,0.9820664525032043
xglm_small,facebook/xglm-564M,10,nounsverbsadj,42,0.991291880607605
xglm_small,facebook/xglm-564M,10,nounsverbsadj,43,0.9710721969604492
xglm_small,facebook/xglm-564M,10,nounsverbsadj,44,0.9675079584121704
xglm_small,facebook/xglm-564M,10,nounsverbsadj,45,0.9721416234970093
xglm_small,facebook/xglm-564M,10,nounsverbsadj,46,0.9726036190986633
xglm_small,facebook/xglm-564M,10,nounsverbsadj,47,0.9933046102523804
xglm_small,facebook/xglm-564M,10,nounsverbsadj,48,0.9926947951316833
xglm_small,facebook/xglm-564M,10,nounsverbsadj,49,0.9883551001548767
xglm_small,facebook/xglm-564M,10,nounsverbsadj,50,0.9939990639686584
xglm_small,facebook/xglm-564M,10,nounsverbsadj,51,0.9916455745697021
xglm_small,facebook/xglm-564M,10,nounsverbsadj,52,0.9928725361824036
xglm_small,facebook/xglm-564M,10,nounsverbsadj,53,0.9923200011253357
xglm_small,facebook/xglm-564M,10,nounsverbsadj,54,0.9917927384376526
xglm_small,facebook/xglm-564M,10,nounsverbsadj,55,0.9925161004066467
xglm_small,facebook/xglm-564M,10,nounsverbsadj,56,0.9911720156669617
xglm_small,facebook/xglm-564M,10,nounsverbsadj,57,0.9885216951370239
xglm_small,facebook/xglm-564M,10,nounsverbsadj,58,0.9879459738731384
xglm_small,facebook/xglm-564M,10,nounsverbsadj,59,0.9931430816650391
xglm_small,facebook/xglm-564M,10,nounsverbsadj,60,0.9851784110069275
xglm_small,facebook/xglm-564M,10,nounsverbsadj,61,0.9841393232345581
xglm_small,facebook/xglm-564M,10,nounsverbsadj,62,0.990148663520813
xglm_small,facebook/xglm-564M,10,nounsverbsadj,63,0.9938230514526367
xglm_small,facebook/xglm-564M,10,nounsverbsadj,64,0.993576169013977
xglm_small,facebook/xglm-564M,10,nounsverbsadj,65,0.9859887361526489
xglm_small,facebook/xglm-564M,10,nounsverbsadj,66,0.9910814762115479
xglm_small,facebook/xglm-564M,10,nounsverbsadj,67,0.9927086234092712
xglm_small,facebook/xglm-564M,10,nounsverbsadj,68,0.9701090455055237
xglm_small,facebook/xglm-564M,10,nounsverbsadj,69,0.9861819744110107
xglm_small,facebook/xglm-564M,10,nounsverbsadj,70,0.9918389916419983
xglm_small,facebook/xglm-564M,10,nounsverbsadj,71,0.9933774471282959
xglm_small,facebook/xglm-564M,10,nounsverbsadj,72,0.9731050729751587
xglm_small,facebook/xglm-564M,10,nounsverbsadj,73,0.9899395704269409
xglm_small,facebook/xglm-564M,10,nounsverbsadj,74,0.992979884147644
xglm_small,facebook/xglm-564M,10,nounsverbsadj,75,0.9927000999450684
xglm_small,facebook/xglm-564M,10,nounsverbsadj,76,0.9868243932723999
xglm_small,facebook/xglm-564M,10,nounsverbsadj,77,0.9742702841758728
xglm_small,facebook/xglm-564M,10,nounsverbsadj,78,0.9858009815216064
xglm_small,facebook/xglm-564M,10,nounsverbsadj,79,0.9913676977157593
xglm_small,facebook/xglm-564M,10,nounsverbsadj,80,0.9815449118614197
xglm_small,facebook/xglm-564M,10,nounsverbsadj,81,0.9880921244621277
xglm_small,facebook/xglm-564M,10,nounsverbsadj,82,0.9919559955596924
xglm_small,facebook/xglm-564M,10,nounsverbsadj,83,0.9863427877426147
xglm_small,facebook/xglm-564M,10,nounsverbsadj,84,0.9940280318260193
xglm_small,facebook/xglm-564M,10,nounsverbsadj,85,0.9933347702026367
xglm_small,facebook/xglm-564M,10,nounsverbsadj,86,0.9849490523338318
xglm_small,facebook/xglm-564M,10,nounsverbsadj,87,0.9863360524177551
xglm_small,facebook/xglm-564M,10,nounsverbsadj,88,0.9933005571365356
xglm_small,facebook/xglm-564M,10,nounsverbsadj,89,0.992847204208374
xglm_small,facebook/xglm-564M,10,nounsverbsadj,90,0.9925886988639832
xglm_small,facebook/xglm-564M,10,nounsverbsadj,91,0.9931432008743286
xglm_small,facebook/xglm-564M,10,nounsverbsadj,92,0.9925181865692139
xglm_small,facebook/xglm-564M,10,nounsverbsadj,93,0.9932944178581238
xglm_small,facebook/xglm-564M,10,nounsverbsadj,94,0.9846781492233276
xglm_small,facebook/xglm-564M,10,nounsverbsadj,95,0.9928426742553711
xglm_small,facebook/xglm-564M,10,nounsverbsadj,96,0.9939789772033691
xglm_small,facebook/xglm-564M,10,nounsverbsadj,97,0.9936187863349915
xglm_small,facebook/xglm-564M,10,nounsverbsadj,98,0.9928082227706909
xglm_small,facebook/xglm-564M,10,nounsverbsadj,99,0.9856365323066711
xglm_small,facebook/xglm-564M,10,nounsverbsadj,100,0.9904067516326904
xglm_small,facebook/xglm-564M,10,nounsverbsadj,101,0.9848943948745728
xglm_small,facebook/xglm-564M,10,nounsverbsadj,102,0.9831316471099854
xglm_small,facebook/xglm-564M,10,nounsverbsadj,103,0.9904857873916626
xglm_small,facebook/xglm-564M,10,nounsverbsadj,104,0.9928651452064514
xglm_small,facebook/xglm-564M,10,nounsverbsadj,105,0.98533034324646
xglm_small,facebook/xglm-564M,10,nounsverbsadj,106,0.984666109085083
xglm_small,facebook/xglm-564M,10,nounsverbsadj,107,0.9923295974731445
xglm_small,facebook/xglm-564M,10,nounsverbsadj,108,0.9874733686447144
xglm_small,facebook/xglm-564M,10,nounsverbsadj,109,0.9847756624221802
xglm_small,facebook/xglm-564M,10,nounsverbsadj,110,0.9930054545402527
xglm_small,facebook/xglm-564M,10,nounsverbsadj,111,0.9812530875205994
xglm_small,facebook/xglm-564M,10,nounsverbsadj,112,0.9918575882911682
xglm_small,facebook/xglm-564M,10,nounsverbsadj,113,0.9930498600006104
xglm_small,facebook/xglm-564M,10,nounsverbsadj,114,0.987894594669342
xglm_small,facebook/xglm-564M,10,nounsverbsadj,115,0.9932920932769775
xglm_small,facebook/xglm-564M,10,nounsverbsadj,116,0.9881062507629395
xglm_small,facebook/xglm-564M,10,nounsverbsadj,117,0.9915021061897278
xglm_small,facebook/xglm-564M,10,nounsverbsadj,118,0.9804172515869141
xglm_small,facebook/xglm-564M,10,nounsverbsadj,119,0.9810189008712769
xglm_small,facebook/xglm-564M,10,nounsverbsadj,120,0.9805818796157837
xglm_small,facebook/xglm-564M,10,nounsverbsadj,121,0.9923645257949829
xglm_small,facebook/xglm-564M,10,nounsverbsadj,122,0.994391679763794
xglm_small,facebook/xglm-564M,10,nounsverbsadj,123,0.9936953186988831
xglm_small,facebook/xglm-564M,10,nounsverbsadj,124,0.9858686327934265
xglm_small,facebook/xglm-564M,10,nounsverbsadj,125,0.9919530153274536
xglm_small,facebook/xglm-564M,10,nounsverbsadj,126,0.9836859107017517
xglm_small,facebook/xglm-564M,10,nounsverbsadj,127,0.9825571775436401
xglm_small,facebook/xglm-564M,10,nounsverbsadj,128,0.9806948304176331
xglm_small,facebook/xglm-564M,10,nounsverbsadj,129,0.9846582412719727
xglm_small,facebook/xglm-564M,10,nounsverbsadj,130,0.9860656261444092
xglm_small,facebook/xglm-564M,10,nounsverbsadj,131,0.9933017492294312
xglm_small,facebook/xglm-564M,10,nounsverbsadj,132,0.9871290922164917
xglm_small,facebook/xglm-564M,10,nounsverbsadj,133,0.9836142063140869
xglm_small,facebook/xglm-564M,10,nounsverbsadj,134,0.993241548538208
xglm_small,facebook/xglm-564M,10,nounsverbsadj,135,0.9910746812820435
xglm_small,facebook/xglm-564M,10,nounsverbsadj,136,0.9934350252151489
xglm_small,facebook/xglm-564M,10,nounsverbsadj,137,0.991437554359436
xglm_small,facebook/xglm-564M,10,nounsverbsadj,138,0.9871147274971008
xglm_small,facebook/xglm-564M,10,nounsverbsadj,139,0.9839826226234436
xglm_small,facebook/xglm-564M,10,nounsverbsadj,140,0.982681155204773
xglm_small,facebook/xglm-564M,10,nounsverbsadj,141,0.9827622175216675
xglm_small,facebook/xglm-564M,10,nounsverbsadj,142,0.9850626587867737
xglm_small,facebook/xglm-564M,10,nounsverbsadj,143,0.9929887056350708
xglm_small,facebook/xglm-564M,10,nounsverbsadj,144,0.9919353723526001
xglm_small,facebook/xglm-564M,10,nounsverbsadj,145,0.9857786297798157
xglm_small,facebook/xglm-564M,10,nounsverbsadj,146,0.9923573136329651
xglm_small,facebook/xglm-564M,10,nounsverbsadj,147,0.9927416443824768
xglm_small,facebook/xglm-564M,10,nounsverbsadj,148,0.9806014895439148
xglm_small,facebook/xglm-564M,10,nounsverbsadj,149,0.9825695753097534
xglm_small,facebook/xglm-564M,10,nounsverbsadj,150,0.9903333783149719
xglm_small,facebook/xglm-564M,10,nounsverbsadj,151,0.9918944835662842
xglm_small,facebook/xglm-564M,10,nounsverbsadj,152,0.9935832023620605
xglm_small,facebook/xglm-564M,10,nounsverbsadj,153,0.9825901389122009
xglm_small,facebook/xglm-564M,10,nounsverbsadj,154,0.990360677242279
xglm_small,facebook/xglm-564M,10,nounsverbsadj,155,0.9825050830841064
xglm_small,facebook/xglm-564M,10,nounsverbsadj,156,0.9846686720848083
xglm_small,facebook/xglm-564M,10,nounsverbsadj,157,0.9938247203826904
xglm_small,facebook/xglm-564M,10,nounsverbsadj,158,0.9945111274719238
xglm_small,facebook/xglm-564M,10,nounsverbsadj,159,0.983618438243866
xglm_small,facebook/xglm-564M,10,nounsverbsadj,160,0.9931503534317017
xglm_small,facebook/xglm-564M,10,nounsverbsadj,161,0.9821960926055908
xglm_small,facebook/xglm-564M,10,nounsverbsadj,162,0.9905128479003906
xglm_small,facebook/xglm-564M,10,nounsverbsadj,163,0.9929950833320618
xglm_small,facebook/xglm-564M,10,nounsverbsadj,164,0.9944139719009399
xglm_small,facebook/xglm-564M,10,nounsverbsadj,165,0.9820594787597656
xglm_small,facebook/xglm-564M,10,nounsverbsadj,166,0.9852855801582336
xglm_small,facebook/xglm-564M,10,nounsverbsadj,167,0.9931308627128601
xglm_small,facebook/xglm-564M,10,nounsverbsadj,168,0.9821470379829407
xglm_small,facebook/xglm-564M,10,nounsverbsadj,169,0.9844904541969299
xglm_small,facebook/xglm-564M,10,nounsverbsadj,170,0.9845405220985413
xglm_small,facebook/xglm-564M,10,nounsverbsadj,171,0.9925147294998169
xglm_small,facebook/xglm-564M,10,nounsverbsadj,172,0.9926422834396362
xglm_small,facebook/xglm-564M,10,nounsverbsadj,173,0.994458019733429
xglm_small,facebook/xglm-564M,10,nounsverbsadj,174,0.9941056966781616
xglm_small,facebook/xglm-564M,10,nounsverbsadj,175,0.9921422600746155
xglm_small,facebook/xglm-564M,10,nounsverbsadj,176,0.9943264722824097
xglm_small,facebook/xglm-564M,10,nounsverbsadj,177,0.9893608689308167
xglm_small,facebook/xglm-564M,10,nounsverbsadj,178,0.9924378395080566
xglm_small,facebook/xglm-564M,10,nounsverbsadj,179,0.9881864786148071
xglm_small,facebook/xglm-564M,10,nounsverbsadj,180,0.993344783782959
xglm_small,facebook/xglm-564M,10,nounsverbsadj,181,0.9819339513778687
xglm_small,facebook/xglm-564M,10,nounsverbsadj,182,0.9921088814735413
xglm_small,facebook/xglm-564M,10,nounsverbsadj,183,0.9825611114501953
xglm_small,facebook/xglm-564M,10,nounsverbsadj,184,0.9927958846092224
xglm_small,facebook/xglm-564M,10,nounsverbsadj,185,0.9905884861946106
xglm_small,facebook/xglm-564M,10,nounsverbsadj,186,0.9924266338348389
xglm_small,facebook/xglm-564M,10,nounsverbsadj,187,0.9924603700637817
xglm_small,facebook/xglm-564M,10,nounsverbsadj,188,0.9929660558700562
xglm_small,facebook/xglm-564M,10,nounsverbsadj,189,0.992013692855835
xglm_small,facebook/xglm-564M,10,nounsverbsadj,190,0.9920351505279541
xglm_small,facebook/xglm-564M,10,nounsverbsadj,191,0.9893317222595215
xglm_small,facebook/xglm-564M,10,nounsverbsadj,192,0.9933397173881531
xglm_small,facebook/xglm-564M,10,nounsverbsadj,193,0.9936336278915405
xglm_small,facebook/xglm-564M,10,nounsverbsadj,194,0.9942424297332764
xglm_small,facebook/xglm-564M,10,nounsverbsadj,195,0.9927967190742493
xglm_small,facebook/xglm-564M,10,nounsverbsadj,196,0.9930877685546875
xglm_small,facebook/xglm-564M,10,nounsverbsadj,197,0.9873924255371094
xglm_small,facebook/xglm-564M,10,nounsverbsadj,198,0.9903615713119507
xglm_small,facebook/xglm-564M,10,nounsverbsadj,199,0.9938197135925293
xglm_small,facebook/xglm-564M,10,nounsverbsadj,200,0.9917950630187988
xglm_small,facebook/xglm-564M,10,nounsverbsadj,201,0.9934514760971069
xglm_small,facebook/xglm-564M,10,nounsverbsadj,202,0.9842258095741272
xglm_small,facebook/xglm-564M,10,nounsverbsadj,203,0.9916504621505737
xglm_small,facebook/xglm-564M,10,nounsverbsadj,204,0.9933921098709106
xglm_small,facebook/xglm-564M,10,nounsverbsadj,205,0.9933405518531799
xglm_small,facebook/xglm-564M,10,nounsverbsadj,206,0.9912336468696594
xglm_small,facebook/xglm-564M,10,nounsverbsadj,207,0.9874066710472107
xglm_small,facebook/xglm-564M,10,nounsverbsadj,208,0.9882999658584595
xglm_small,facebook/xglm-564M,10,nounsverbsadj,209,0.9906485080718994
xglm_small,facebook/xglm-564M,10,nounsverbsadj,210,0.9935079216957092
xglm_small,facebook/xglm-564M,10,nounsverbsadj,211,0.9926486015319824
xglm_small,facebook/xglm-564M,10,nounsverbsadj,212,0.9899024367332458
xglm_small,facebook/xglm-564M,10,nounsverbsadj,213,0.9923535585403442
xglm_small,facebook/xglm-564M,10,nounsverbsadj,214,0.9939703941345215
xglm_small,facebook/xglm-564M,10,nounsverbsadj,215,0.9923996925354004
xglm_small,facebook/xglm-564M,10,nounsverbsadj,216,0.9931270480155945
xglm_small,facebook/xglm-564M,10,nounsverbsadj,217,0.9923093914985657
xglm_small,facebook/xglm-564M,10,nounsverbsadj,218,0.9924463033676147
xglm_small,facebook/xglm-564M,10,nounsverbsadj,219,0.99067223072052
xglm_small,facebook/xglm-564M,10,nounsverbsadj,220,0.9923563003540039
xglm_small,facebook/xglm-564M,10,nounsverbsadj,221,0.9923822283744812
xglm_small,facebook/xglm-564M,10,nounsverbsadj,222,0.9922760128974915
xglm_small,facebook/xglm-564M,10,nounsverbsadj,223,0.9943982362747192
xglm_small,facebook/xglm-564M,10,nounsverbsadj,224,0.9929563999176025
xglm_small,facebook/xglm-564M,10,nounsverbsadj,225,0.9924806356430054
xglm_small,facebook/xglm-564M,10,nounsverbsadj,226,0.9910330176353455
xglm_small,facebook/xglm-564M,10,nounsverbsadj,227,0.9935318231582642
xglm_small,facebook/xglm-564M,10,nounsverbsadj,228,0.9932049512863159
xglm_small,facebook/xglm-564M,10,nounsverbsadj,229,0.992277979850769
xglm_small,facebook/xglm-564M,10,nounsverbsadj,230,0.9948217868804932
xglm_small,facebook/xglm-564M,10,nounsverbsadj,231,0.9929697513580322
xglm_small,facebook/xglm-564M,10,nounsverbsadj,232,0.993546724319458
xglm_small,facebook/xglm-564M,10,nounsverbsadj,233,0.992980420589447
xglm_small,facebook/xglm-564M,10,nounsverbsadj,234,0.9939295053482056
xglm_small,facebook/xglm-564M,10,nounsverbsadj,235,0.9939131140708923
xglm_small,facebook/xglm-564M,10,nounsverbsadj,236,0.9920421838760376
xglm_small,facebook/xglm-564M,10,nounsverbsadj,237,0.9934240579605103
xglm_small,facebook/xglm-564M,10,nounsverbsadj,238,0.9928702116012573
xglm_small,facebook/xglm-564M,10,nounsverbsadj,239,0.992892324924469
xglm_small,facebook/xglm-564M,10,nounsverbsadj,240,0.9929689168930054
xglm_small,facebook/xglm-564M,10,nounsverbsadj,241,0.9921373128890991
xglm_small,facebook/xglm-564M,10,nounsverbsadj,242,0.9891674518585205
xglm_small,facebook/xglm-564M,10,nounsverbsadj,243,0.9941258430480957
xglm_small,facebook/xglm-564M,10,nounsverbsadj,244,0.9917882680892944
xglm_small,facebook/xglm-564M,10,nounsverbsadj,245,0.991732120513916
xglm_small,facebook/xglm-564M,10,nounsverbsadj,246,0.9915173053741455
xglm_small,facebook/xglm-564M,10,nounsverbsadj,247,0.9837937951087952
xglm_small,facebook/xglm-564M,10,nounsverbsadj,248,0.9931972026824951
xglm_small,facebook/xglm-564M,10,nounsverbsadj,249,0.9931383728981018
xglm_small,facebook/xglm-564M,10,nounsverbsadj,250,0.9926751255989075
xglm_small,facebook/xglm-564M,10,nounsverbsadj,251,0.9923921823501587
xglm_small,facebook/xglm-564M,10,nounsverbsadj,252,0.9914361834526062
xglm_small,facebook/xglm-564M,10,nounsverbsadj,253,0.9913204908370972
xglm_small,facebook/xglm-564M,10,nounsverbsadj,254,0.9861447811126709
xglm_small,facebook/xglm-564M,10,nounsverbsadj,255,0.9911243915557861
xglm_small,facebook/xglm-564M,10,nounsverbsadj,256,0.9938178062438965
xglm_small,facebook/xglm-564M,10,nounsverbsadj,257,0.9923095107078552
xglm_small,facebook/xglm-564M,10,nounsverbsadj,258,0.9933876395225525
xglm_small,facebook/xglm-564M,10,nounsverbsadj,259,0.9926584362983704
xglm_small,facebook/xglm-564M,10,nounsverbsadj,260,0.9933227300643921
xglm_small,facebook/xglm-564M,10,nounsverbsadj,261,0.9872746467590332
xglm_small,facebook/xglm-564M,10,nounsverbsadj,262,0.9933452010154724
xglm_small,facebook/xglm-564M,10,nounsverbsadj,263,0.993829607963562
xglm_small,facebook/xglm-564M,10,nounsverbsadj,264,0.9940171241760254
xglm_small,facebook/xglm-564M,10,nounsverbsadj,265,0.9933064579963684
xglm_small,facebook/xglm-564M,10,nounsverbsadj,266,0.9888946413993835
xglm_small,facebook/xglm-564M,10,nounsverbsadj,267,0.9888210296630859
xglm_small,facebook/xglm-564M,10,nounsverbsadj,268,0.9850020408630371
xglm_small,facebook/xglm-564M,10,nounsverbsadj,269,0.9907142519950867
xglm_small,facebook/xglm-564M,10,nounsverbsadj,270,0.9918287992477417
xglm_small,facebook/xglm-564M,10,nounsverbsadj,271,0.9816535115242004
xglm_small,facebook/xglm-564M,10,nounsverbsadj,272,0.9917372465133667
xglm_small,facebook/xglm-564M,10,nounsverbsadj,273,0.9933387041091919
xglm_small,facebook/xglm-564M,10,nounsverbsadj,274,0.9849397540092468
xglm_small,facebook/xglm-564M,10,nounsverbsadj,275,0.993558406829834
xglm_small,facebook/xglm-564M,10,nounsverbsadj,276,0.9896995425224304
xglm_small,facebook/xglm-564M,10,nounsverbsadj,277,0.984542965888977
xglm_small,facebook/xglm-564M,10,nounsverbsadj,278,0.9915145039558411
xglm_small,facebook/xglm-564M,10,nounsverbsadj,279,0.9842324256896973
xglm_small,facebook/xglm-564M,10,nounsverbsadj,280,0.992989718914032
xglm_small,facebook/xglm-564M,10,nounsverbsadj,281,0.9842450618743896
xglm_small,facebook/xglm-564M,10,nounsverbsadj,282,0.9914384484291077
xglm_small,facebook/xglm-564M,10,nounsverbsadj,283,0.9925995469093323
xglm_small,facebook/xglm-564M,10,nounsverbsadj,284,0.9872097969055176
xglm_small,facebook/xglm-564M,10,nounsverbsadj,285,0.9827627539634705
xglm_small,facebook/xglm-564M,10,nounsverbsadj,286,0.9837734699249268
xglm_small,facebook/xglm-564M,10,nounsverbsadj,287,0.9933649897575378
xglm_small,facebook/xglm-564M,10,nounsverbsadj,288,0.9852063655853271
xglm_small,facebook/xglm-564M,10,nounsverbsadj,289,0.9919124245643616
xglm_small,facebook/xglm-564M,10,nounsverbsadj,290,0.9916781187057495
xglm_small,facebook/xglm-564M,10,nounsverbsadj,291,0.9927278161048889
xglm_small,facebook/xglm-564M,10,nounsverbsadj,292,0.992206871509552
xglm_small,facebook/xglm-564M,10,nounsverbsadj,293,0.991249144077301
xglm_small,facebook/xglm-564M,10,nounsverbsadj,294,0.9904186725616455
xglm_small,facebook/xglm-564M,10,nounsverbsadj,295,0.983809232711792
xglm_small,facebook/xglm-564M,10,nounsverbsadj,296,0.985009491443634
xglm_small,facebook/xglm-564M,10,nounsverbsadj,297,0.9918584227561951
xglm_small,facebook/xglm-564M,10,nounsverbsadj,298,0.993540346622467
xglm_small,facebook/xglm-564M,10,nounsverbsadj,299,0.9847471117973328
xglm_small,facebook/xglm-564M,10,nounsverbsadj,300,0.9878373742103577
xglm_small,facebook/xglm-564M,10,nounsverbsadj,301,0.9931781888008118
xglm_small,facebook/xglm-564M,10,nounsverbsadj,302,0.9919110536575317
xglm_small,facebook/xglm-564M,10,nounsverbsadj,303,0.9846125841140747
xglm_small,facebook/xglm-564M,10,nounsverbsadj,304,0.9904468655586243
xglm_small,facebook/xglm-564M,10,nounsverbsadj,305,0.9866222739219666
xglm_small,facebook/xglm-564M,10,nounsverbsadj,306,0.9890517592430115
xglm_small,facebook/xglm-564M,10,nounsverbsadj,307,0.9905503392219543
xglm_small,facebook/xglm-564M,10,nounsverbsadj,308,0.9920561909675598
xglm_small,facebook/xglm-564M,10,nounsverbsadj,309,0.9851192235946655
xglm_small,facebook/xglm-564M,10,nounsverbsadj,310,0.9924622774124146
xglm_small,facebook/xglm-564M,10,nounsverbsadj,311,0.9916268587112427
xglm_small,facebook/xglm-564M,10,nounsverbsadj,312,0.991873025894165
xglm_small,facebook/xglm-564M,10,nounsverbsadj,313,0.9922280311584473
xglm_small,facebook/xglm-564M,10,nounsverbsadj,314,0.9824072122573853
xglm_small,facebook/xglm-564M,10,nounsverbsadj,315,0.9882857799530029
xglm_small,facebook/xglm-564M,10,nounsverbsadj,316,0.9874602556228638
xglm_small,facebook/xglm-564M,10,nounsverbsadj,317,0.9867522716522217
xglm_small,facebook/xglm-564M,10,nounsverbsadj,318,0.9926496148109436
xglm_small,facebook/xglm-564M,10,nounsverbsadj,319,0.984819769859314
xglm_small,facebook/xglm-564M,10,nounsverbsadj,320,0.9927150011062622
xglm_small,facebook/xglm-564M,10,nounsverbsadj,321,0.9925150275230408
xglm_small,facebook/xglm-564M,10,nounsverbsadj,322,0.9844970703125
xglm_small,facebook/xglm-564M,10,nounsverbsadj,323,0.9925914406776428
xglm_small,facebook/xglm-564M,10,nounsverbsadj,324,0.9926740527153015
xglm_small,facebook/xglm-564M,10,nounsverbsadj,325,0.9921169281005859
xglm_small,facebook/xglm-564M,10,nounsverbsadj,326,0.9936490058898926
xglm_small,facebook/xglm-564M,10,nounsverbsadj,327,0.9886665940284729
xglm_small,facebook/xglm-564M,10,nounsverbsadj,328,0.9822344183921814
xglm_small,facebook/xglm-564M,10,nounsverbsadj,329,0.9929920434951782
xglm_small,facebook/xglm-564M,10,nounsverbsadj,330,0.9936838746070862
xglm_small,facebook/xglm-564M,10,nounsverbsadj,331,0.9942623376846313
xglm_small,facebook/xglm-564M,10,nounsverbsadj,332,0.9934021234512329
xglm_small,facebook/xglm-564M,10,nounsverbsadj,333,0.9933211803436279
xglm_small,facebook/xglm-564M,10,nounsverbsadj,334,0.9924411177635193
xglm_small,facebook/xglm-564M,10,nounsverbsadj,335,0.993869423866272
xglm_small,facebook/xglm-564M,10,nounsverbsadj,336,0.9823995232582092
xglm_small,facebook/xglm-564M,10,nounsverbsadj,337,0.9846537709236145
xglm_small,facebook/xglm-564M,10,nounsverbsadj,338,0.9695704579353333
xglm_small,facebook/xglm-564M,10,nounsverbsadj,339,0.9873420596122742
xglm_small,facebook/xglm-564M,10,nounsverbsadj,340,0.9869003891944885
xglm_small,facebook/xglm-564M,10,nounsverbsadj,341,0.9733037948608398
xglm_small,facebook/xglm-564M,10,nounsverbsadj,342,0.9929990768432617
xglm_small,facebook/xglm-564M,10,nounsverbsadj,343,0.9844532012939453
xglm_small,facebook/xglm-564M,10,nounsverbsadj,344,0.9931944608688354
xglm_small,facebook/xglm-564M,10,nounsverbsadj,345,0.9856352210044861
xglm_small,facebook/xglm-564M,10,nounsverbsadj,346,0.9862549304962158
xglm_small,facebook/xglm-564M,10,nounsverbsadj,347,0.9922899007797241
xglm_small,facebook/xglm-564M,10,nounsverbsadj,348,0.9922820329666138
xglm_small,facebook/xglm-564M,10,nounsverbsadj,349,0.9930762648582458
xglm_small,facebook/xglm-564M,10,nounsverbsadj,350,0.9854143261909485
xglm_small,facebook/xglm-564M,10,nounsverbsadj,351,0.9916946887969971
xglm_small,facebook/xglm-564M,10,nounsverbsadj,352,0.9932906031608582
xglm_small,facebook/xglm-564M,10,nounsverbsadj,353,0.993928849697113
xglm_small,facebook/xglm-564M,10,nounsverbsadj,354,0.993613064289093
xglm_small,facebook/xglm-564M,10,nounsverbsadj,355,0.9867678880691528
xglm_small,facebook/xglm-564M,10,nounsverbsadj,356,0.9930621981620789
xglm_small,facebook/xglm-564M,10,nounsverbsadj,357,0.9943128228187561
xglm_small,facebook/xglm-564M,10,nounsverbsadj,358,0.9849092960357666
xglm_small,facebook/xglm-564M,10,nounsverbsadj,359,0.9840062856674194
xglm_small,facebook/xglm-564M,10,nounsverbsadj,360,0.9927512407302856
xglm_small,facebook/xglm-564M,10,nounsverbsadj,361,0.9924270510673523
xglm_small,facebook/xglm-564M,10,nounsverbsadj,362,0.9891375303268433
xglm_small,facebook/xglm-564M,10,nounsverbsadj,363,0.9889535903930664
xglm_small,facebook/xglm-564M,10,nounsverbsadj,364,0.990966796875
xglm_small,facebook/xglm-564M,10,nounsverbsadj,365,0.9944749474525452
xglm_small,facebook/xglm-564M,10,nounsverbsadj,366,0.9859566688537598
xglm_small,facebook/xglm-564M,10,nounsverbsadj,367,0.9915828108787537
xglm_small,facebook/xglm-564M,10,nounsverbsadj,368,0.9927321076393127
xglm_small,facebook/xglm-564M,10,nounsverbsadj,369,0.9938950538635254
xglm_small,facebook/xglm-564M,10,nounsverbsadj,370,0.9913231134414673
xglm_small,facebook/xglm-564M,10,nounsverbsadj,371,0.9926265478134155
xglm_small,facebook/xglm-564M,10,nounsverbsadj,372,0.9928867816925049
xglm_small,facebook/xglm-564M,10,nounsverbsadj,373,0.9910989999771118
xglm_small,facebook/xglm-564M,10,nounsverbsadj,374,0.9858084321022034
xglm_small,facebook/xglm-564M,10,nounsverbsadj,375,0.9918067455291748
xglm_small,facebook/xglm-564M,10,nounsverbsadj,376,0.986546516418457
xglm_small,facebook/xglm-564M,10,nounsverbsadj,377,0.9866451025009155
xglm_small,facebook/xglm-564M,10,nounsverbsadj,378,0.9915209412574768
xglm_small,facebook/xglm-564M,10,nounsverbsadj,379,0.9931597709655762
xglm_small,facebook/xglm-564M,10,nounsverbsadj,380,0.993654727935791
xglm_small,facebook/xglm-564M,10,nounsverbsadj,381,0.9937703609466553
xglm_small,facebook/xglm-564M,10,nounsverbsadj,382,0.9933531284332275
xglm_small,facebook/xglm-564M,10,nounsverbsadj,383,0.9939438700675964
xglm_small,facebook/xglm-564M,10,nounsverbsadj,384,0.9900112152099609
xglm_small,facebook/xglm-564M,10,nounsverbsadj,385,0.9876247048377991
xglm_small,facebook/xglm-564M,10,nounsverbsadj,386,0.9925225973129272
xglm_small,facebook/xglm-564M,10,nounsverbsadj,387,0.9854883551597595
xglm_small,facebook/xglm-564M,10,nounsverbsadj,388,0.9934400320053101
xglm_small,facebook/xglm-564M,10,nounsverbsadj,389,0.9936408996582031
xglm_small,facebook/xglm-564M,10,nounsverbsadj,390,0.988214910030365
xglm_small,facebook/xglm-564M,10,nounsverbsadj,391,0.9934543371200562
xglm_small,facebook/xglm-564M,10,nounsverbsadj,392,0.9930657744407654
xglm_small,facebook/xglm-564M,10,nounsverbsadj,393,0.9928357601165771
xglm_small,facebook/xglm-564M,10,nounsverbsadj,394,0.9919774532318115
xglm_small,facebook/xglm-564M,10,nounsverbsadj,395,0.9935276508331299
xglm_small,facebook/xglm-564M,10,nounsverbsadj,396,0.994051992893219
xglm_small,facebook/xglm-564M,10,nounsverbsadj,397,0.9928675293922424
xglm_small,facebook/xglm-564M,10,nounsverbsadj,398,0.9935851097106934
xglm_small,facebook/xglm-564M,10,nounsverbsadj,399,0.9829772710800171
xglm_small,facebook/xglm-564M,10,nounsverbsadj,400,0.986881673336029
xglm_small,facebook/xglm-564M,10,nounsverbsadj,401,0.986376166343689
xglm_small,facebook/xglm-564M,10,nounsverbsadj,402,0.9866018891334534
xglm_small,facebook/xglm-564M,10,nounsverbsadj,403,0.987208366394043
xglm_small,facebook/xglm-564M,10,nounsverbsadj,404,0.9931032061576843
xglm_small,facebook/xglm-564M,10,nounsverbsadj,405,0.9879494905471802
xglm_small,facebook/xglm-564M,10,nounsverbsadj,406,0.9941820502281189
xglm_small,facebook/xglm-564M,10,nounsverbsadj,407,0.9938899278640747
xglm_small,facebook/xglm-564M,10,nounsverbsadj,408,0.991889476776123
xglm_small,facebook/xglm-564M,10,nounsverbsadj,409,0.9938792586326599
xglm_small,facebook/xglm-564M,10,nounsverbsadj,410,0.985704779624939
xglm_small,facebook/xglm-564M,10,nounsverbsadj,411,0.9912706613540649
xglm_small,facebook/xglm-564M,10,nounsverbsadj,412,0.9861822724342346
xglm_small,facebook/xglm-564M,10,nounsverbsadj,413,0.9855915904045105
xglm_small,facebook/xglm-564M,10,nounsverbsadj,414,0.9922317266464233
xglm_small,facebook/xglm-564M,10,nounsverbsadj,415,0.9937408566474915
xglm_small,facebook/xglm-564M,10,nounsverbsadj,416,0.9848203659057617
xglm_small,facebook/xglm-564M,10,nounsverbsadj,417,0.9932164549827576
xglm_small,facebook/xglm-564M,10,nounsverbsadj,418,0.9852932691574097
xglm_small,facebook/xglm-564M,10,nounsverbsadj,419,0.9902927875518799
xglm_small,facebook/xglm-564M,10,nounsverbsadj,420,0.9887599945068359
xglm_small,facebook/xglm-564M,10,nounsverbsadj,421,0.9846583008766174
xglm_small,facebook/xglm-564M,10,nounsverbsadj,422,0.9926152229309082
xglm_small,facebook/xglm-564M,10,nounsverbsadj,423,0.9905439615249634
xglm_small,facebook/xglm-564M,10,nounsverbsadj,424,0.9921764731407166
xglm_small,facebook/xglm-564M,10,nounsverbsadj,425,0.9942511916160583
xglm_small,facebook/xglm-564M,10,nounsverbsadj,426,0.9922569990158081
xglm_small,facebook/xglm-564M,10,nounsverbsadj,427,0.9861177802085876
xglm_small,facebook/xglm-564M,10,nounsverbsadj,428,0.9885909557342529
xglm_small,facebook/xglm-564M,10,nounsverbsadj,429,0.9918271899223328
xglm_small,facebook/xglm-564M,10,nounsverbsadj,430,0.9918737411499023
xglm_small,facebook/xglm-564M,10,nounsverbsadj,431,0.9904274344444275
xglm_small,facebook/xglm-564M,10,nounsverbsadj,432,0.9920658469200134
xglm_small,facebook/xglm-564M,10,nounsverbsadj,433,0.9913719892501831
xglm_small,facebook/xglm-564M,10,nounsverbsadj,434,0.9868452548980713
xglm_small,facebook/xglm-564M,10,nounsverbsadj,435,0.993208646774292
xglm_small,facebook/xglm-564M,10,nounsverbsadj,436,0.9932845234870911
xglm_small,facebook/xglm-564M,10,nounsverbsadj,437,0.9871510863304138
xglm_small,facebook/xglm-564M,10,nounsverbsadj,438,0.9881272315979004
xglm_small,facebook/xglm-564M,10,nounsverbsadj,439,0.9920011162757874
xglm_small,facebook/xglm-564M,10,nounsverbsadj,440,0.9909814596176147
xglm_small,facebook/xglm-564M,10,nounsverbsadj,441,0.9925698041915894
xglm_small,facebook/xglm-564M,10,nounsverbsadj,442,0.9914793968200684
xglm_small,facebook/xglm-564M,10,nounsverbsadj,443,0.9933772087097168
xglm_small,facebook/xglm-564M,10,nounsverbsadj,444,0.9919031858444214
xglm_small,facebook/xglm-564M,10,nounsverbsadj,445,0.9891141653060913
xglm_small,facebook/xglm-564M,10,nounsverbsadj,446,0.9909512996673584
xglm_small,facebook/xglm-564M,10,nounsverbsadj,447,0.9926955699920654
xglm_small,facebook/xglm-564M,10,nounsverbsadj,448,0.9931555390357971
xglm_small,facebook/xglm-564M,10,nounsverbsadj,449,0.9936960935592651
xglm_small,facebook/xglm-564M,10,nounsverbsadj,450,0.9922571182250977
xglm_small,facebook/xglm-564M,10,nounsverbsadj,451,0.9925777912139893
xglm_small,facebook/xglm-564M,10,nounsverbsadj,452,0.9892525672912598
xglm_small,facebook/xglm-564M,10,nounsverbsadj,453,0.9896518588066101
xglm_small,facebook/xglm-564M,10,nounsverbsadj,454,0.9939361810684204
xglm_small,facebook/xglm-564M,10,nounsverbsadj,455,0.9921858906745911
xglm_small,facebook/xglm-564M,10,nounsverbsadj,456,0.9939360022544861
xglm_small,facebook/xglm-564M,10,nounsverbsadj,457,0.9934789538383484
xglm_small,facebook/xglm-564M,10,nounsverbsadj,458,0.9935753345489502
xglm_small,facebook/xglm-564M,10,nounsverbsadj,459,0.9924919605255127
xglm_small,facebook/xglm-564M,10,nounsverbsadj,460,0.9927520751953125
xglm_small,facebook/xglm-564M,10,nounsverbsadj,461,0.9937870502471924
xglm_small,facebook/xglm-564M,10,nounsverbsadj,462,0.9914177656173706
xglm_small,facebook/xglm-564M,10,nounsverbsadj,463,0.9924997091293335
xglm_small,facebook/xglm-564M,10,nounsverbsadj,464,0.9922187328338623
xglm_small,facebook/xglm-564M,10,nounsverbsadj,465,0.9919149875640869
xglm_small,facebook/xglm-564M,10,nounsverbsadj,466,0.9930714964866638
xglm_small,facebook/xglm-564M,10,nounsverbsadj,467,0.9921224117279053
xglm_small,facebook/xglm-564M,10,nounsverbsadj,468,0.9837628602981567
xglm_small,facebook/xglm-564M,10,nounsverbsadj,469,0.9850515127182007
xglm_small,facebook/xglm-564M,10,nounsverbsadj,470,0.9867783784866333
xglm_small,facebook/xglm-564M,10,nounsverbsadj,471,0.9932931661605835
xglm_small,facebook/xglm-564M,10,nounsverbsadj,472,0.9937266111373901
xglm_small,facebook/xglm-564M,10,nounsverbsadj,473,0.9913737773895264
xglm_small,facebook/xglm-564M,10,nounsverbsadj,474,0.9922505617141724
xglm_small,facebook/xglm-564M,10,nounsverbsadj,475,0.9922080039978027
xglm_small,facebook/xglm-564M,10,nounsverbsadj,476,0.9938626885414124
xglm_small,facebook/xglm-564M,10,nounsverbsadj,477,0.9931854009628296
xglm_small,facebook/xglm-564M,10,nounsverbsadj,478,0.9927582740783691
xglm_small,facebook/xglm-564M,10,nounsverbsadj,479,0.9935482740402222
xglm_small,facebook/xglm-564M,10,nounsverbsadj,480,0.9827248454093933
xglm_small,facebook/xglm-564M,10,nounsverbsadj,481,0.9838711023330688
xglm_small,facebook/xglm-564M,10,nounsverbsadj,482,0.9929851293563843
xglm_small,facebook/xglm-564M,10,nounsverbsadj,483,0.9932268261909485
xglm_small,facebook/xglm-564M,10,nounsverbsadj,484,0.9920505285263062
xglm_small,facebook/xglm-564M,10,nounsverbsadj,485,0.9906816482543945
xglm_small,facebook/xglm-564M,10,nounsverbsadj,486,0.9914736747741699
xglm_small,facebook/xglm-564M,10,nounsverbsadj,487,0.9923697113990784
xglm_small,facebook/xglm-564M,10,nounsverbsadj,488,0.9816802144050598
xglm_small,facebook/xglm-564M,10,nounsverbsadj,489,0.9906459450721741
xglm_small,facebook/xglm-564M,10,nounsverbsadj,490,0.9888052344322205
xglm_small,facebook/xglm-564M,10,nounsverbsadj,491,0.990799069404602
xglm_small,facebook/xglm-564M,10,nounsverbsadj,492,0.9840700030326843
xglm_small,facebook/xglm-564M,10,nounsverbsadj,493,0.9869613647460938
xglm_small,facebook/xglm-564M,10,nounsverbsadj,494,0.9919745326042175
xglm_small,facebook/xglm-564M,10,nounsverbsadj,495,0.9824672937393188
xglm_small,facebook/xglm-564M,10,nounsverbsadj,496,0.9855669736862183
xglm_small,facebook/xglm-564M,10,nounsverbsadj,497,0.993912935256958
xglm_small,facebook/xglm-564M,10,nounsverbsadj,498,0.9918041229248047
xglm_small,facebook/xglm-564M,10,nounsverbsadj,499,0.9835810661315918
xglm_small,facebook/xglm-564M,10,nounsverbsadj,500,0.9812341928482056
xglm_small,facebook/xglm-564M,10,nounsverbsadj,501,0.9921254515647888
xglm_small,facebook/xglm-564M,10,nounsverbsadj,502,0.9901669025421143
xglm_small,facebook/xglm-564M,10,nounsverbsadj,503,0.9925187230110168
xglm_small,facebook/xglm-564M,10,nounsverbsadj,504,0.9932091236114502
xglm_small,facebook/xglm-564M,10,nounsverbsadj,505,0.9952588081359863
xglm_small,facebook/xglm-564M,10,nounsverbsadj,506,0.9911532998085022
xglm_small,facebook/xglm-564M,10,nounsverbsadj,507,0.9949585795402527
xglm_small,facebook/xglm-564M,10,nounsverbsadj,508,0.9935089945793152
xglm_small,facebook/xglm-564M,10,nounsverbsadj,509,0.9820882678031921
xglm_small,facebook/xglm-564M,10,nounsverbsadj,510,0.9868618249893188
xglm_small,facebook/xglm-564M,10,nounsverbsadj,511,0.993649959564209
xglm_small,facebook/xglm-564M,10,nounsverbsadj,512,0.992218017578125
xglm_small,facebook/xglm-564M,10,nounsverbsadj,513,0.9938706159591675
xglm_small,facebook/xglm-564M,10,nounsverbsadj,514,0.9924145340919495
xglm_small,facebook/xglm-564M,10,nounsverbsadj,515,0.992717981338501
xglm_small,facebook/xglm-564M,10,nounsverbsadj,516,0.9933458566665649
xglm_small,facebook/xglm-564M,10,nounsverbsadj,517,0.9931362867355347
xglm_small,facebook/xglm-564M,10,nounsverbsadj,518,0.9932621717453003
xglm_small,facebook/xglm-564M,10,nounsverbsadj,519,0.9929733276367188
xglm_small,facebook/xglm-564M,10,nounsverbsadj,520,0.9835894107818604
xglm_small,facebook/xglm-564M,10,nounsverbsadj,521,0.9881343841552734
xglm_small,facebook/xglm-564M,10,nounsverbsadj,522,0.9831912517547607
xglm_small,facebook/xglm-564M,10,nounsverbsadj,523,0.9860997200012207
xglm_small,facebook/xglm-564M,10,nounsverbsadj,524,0.9888593554496765
xglm_small,facebook/xglm-564M,10,nounsverbsadj,525,0.9922825694084167
xglm_small,facebook/xglm-564M,10,nounsverbsadj,526,0.991907000541687
xglm_small,facebook/xglm-564M,10,nounsverbsadj,527,0.988213300704956
xglm_small,facebook/xglm-564M,10,nounsverbsadj,528,0.9872803688049316
xglm_small,facebook/xglm-564M,10,nounsverbsadj,529,0.9853911995887756
xglm_small,facebook/xglm-564M,10,nounsverbsadj,530,0.9826288223266602
xglm_small,facebook/xglm-564M,10,nounsverbsadj,531,0.9847123622894287
xglm_small,facebook/xglm-564M,10,nounsverbsadj,532,0.991367757320404
xglm_small,facebook/xglm-564M,10,nounsverbsadj,533,0.9841330051422119
xglm_small,facebook/xglm-564M,10,nounsverbsadj,534,0.9871727824211121
xglm_small,facebook/xglm-564M,10,nounsverbsadj,535,0.9836656451225281
xglm_small,facebook/xglm-564M,10,nounsverbsadj,536,0.9923393726348877
xglm_small,facebook/xglm-564M,10,nounsverbsadj,537,0.9937889575958252
xglm_small,facebook/xglm-564M,10,nounsverbsadj,538,0.9919074773788452
xglm_small,facebook/xglm-564M,10,nounsverbsadj,539,0.992840588092804
xglm_small,facebook/xglm-564M,10,nounsverbsadj,540,0.9843690395355225
xglm_small,facebook/xglm-564M,10,nounsverbsadj,541,0.9931718111038208
xglm_small,facebook/xglm-564M,10,nounsverbsadj,542,0.9925563335418701
xglm_small,facebook/xglm-564M,10,nounsverbsadj,543,0.9873303174972534
xglm_small,facebook/xglm-564M,10,nounsverbsadj,544,0.9850724339485168
xglm_small,facebook/xglm-564M,10,nounsverbsadj,545,0.9861303567886353
xglm_small,facebook/xglm-564M,10,nounsverbsadj,546,0.992411732673645
xglm_small,facebook/xglm-564M,10,nounsverbsadj,547,0.9846651554107666
xglm_small,facebook/xglm-564M,10,nounsverbsadj,548,0.9834834337234497
xglm_small,facebook/xglm-564M,10,nounsverbsadj,549,0.9916577935218811
xglm_small,facebook/xglm-564M,10,nounsverbsadj,550,0.9921538829803467
xglm_small,facebook/xglm-564M,10,nounsverbsadj,551,0.9925464391708374
xglm_small,facebook/xglm-564M,10,nounsverbsadj,552,0.9919007420539856
xglm_small,facebook/xglm-564M,10,nounsverbsadj,553,0.9817031025886536
xglm_small,facebook/xglm-564M,10,nounsverbsadj,554,0.9840582013130188
xglm_small,facebook/xglm-564M,10,nounsverbsadj,555,0.9930480718612671
xglm_small,facebook/xglm-564M,10,nounsverbsadj,556,0.9867855906486511
xglm_small,facebook/xglm-564M,10,nounsverbsadj,557,0.9926546812057495
xglm_small,facebook/xglm-564M,10,nounsverbsadj,558,0.9864969849586487
xglm_small,facebook/xglm-564M,10,nounsverbsadj,559,0.9783875942230225
xglm_small,facebook/xglm-564M,10,nounsverbsadj,560,0.9821747541427612
xglm_small,facebook/xglm-564M,10,nounsverbsadj,561,0.9904822111129761
xglm_small,facebook/xglm-564M,10,nounsverbsadj,562,0.9865195155143738
xglm_small,facebook/xglm-564M,10,nounsverbsadj,563,0.9917049407958984
xglm_small,facebook/xglm-564M,10,nounsverbsadj,564,0.9887025952339172
xglm_small,facebook/xglm-564M,10,nounsverbsadj,565,0.9929361343383789
xglm_small,facebook/xglm-564M,10,nounsverbsadj,566,0.9863038659095764
xglm_small,facebook/xglm-564M,10,nounsverbsadj,567,0.9865624308586121
xglm_small,facebook/xglm-564M,10,nounsverbsadj,568,0.9926379919052124
xglm_small,facebook/xglm-564M,10,nounsverbsadj,569,0.984951376914978
xglm_small,facebook/xglm-564M,10,nounsverbsadj,570,0.9930195808410645
xglm_small,facebook/xglm-564M,10,nounsverbsadj,571,0.9936279654502869
xglm_small,facebook/xglm-564M,10,nounsverbsadj,572,0.9937050342559814
xglm_small,facebook/xglm-564M,10,nounsverbsadj,573,0.993296205997467
xglm_small,facebook/xglm-564M,10,nounsverbsadj,574,0.9938387870788574
xglm_small,facebook/xglm-564M,10,nounsverbsadj,575,0.9880799651145935
xglm_small,facebook/xglm-564M,10,nounsverbsadj,576,0.9938231706619263
xglm_small,facebook/xglm-564M,10,nounsverbsadj,577,0.9917160272598267
xglm_small,facebook/xglm-564M,10,nounsverbsadj,578,0.9927054643630981
xglm_small,facebook/xglm-564M,10,nounsverbsadj,579,0.991759181022644
xglm_small,facebook/xglm-564M,10,nounsverbsadj,580,0.9710267782211304
xglm_small,facebook/xglm-564M,10,nounsverbsadj,581,0.9851711392402649
xglm_small,facebook/xglm-564M,10,nounsverbsadj,582,0.970788836479187
xglm_small,facebook/xglm-564M,10,nounsverbsadj,583,0.9490524530410767
xglm_small,facebook/xglm-564M,10,nounsverbsadj,584,0.9493116140365601
xglm_small,facebook/xglm-564M,10,nounsverbsadj,585,0.9709030389785767
xglm_small,facebook/xglm-564M,10,nounsverbsadj,586,0.9856157302856445
xglm_small,facebook/xglm-564M,10,nounsverbsadj,587,0.9925486445426941
xglm_small,facebook/xglm-564M,10,nounsverbsadj,588,0.9914035201072693
xglm_small,facebook/xglm-564M,10,nounsverbsadj,589,0.9852297306060791
xglm_small,facebook/xglm-564M,10,nounsverbsadj,590,0.9868685603141785
xglm_small,facebook/xglm-564M,10,nounsverbsadj,591,0.9907421469688416
xglm_small,facebook/xglm-564M,10,nounsverbsadj,592,0.9685630202293396
xglm_small,facebook/xglm-564M,10,nounsverbsadj,593,0.9712385535240173
xglm_small,facebook/xglm-564M,10,nounsverbsadj,594,0.9686629176139832
xglm_small,facebook/xglm-564M,10,nounsverbsadj,595,0.9859479069709778
xglm_small,facebook/xglm-564M,10,nounsverbsadj,596,0.9951282143592834
xglm_small,facebook/xglm-564M,10,nounsverbsadj,597,0.9941258430480957
xglm_small,facebook/xglm-564M,10,nounsverbsadj,598,0.9945863485336304
xglm_small,facebook/xglm-564M,10,nounsverbsadj,599,0.9925221800804138
xglm_small,facebook/xglm-564M,10,nounsverbsadj,600,0.9913730621337891
xglm_small,facebook/xglm-564M,10,nounsverbsadj,601,0.9845844507217407
xglm_small,facebook/xglm-564M,10,nounsverbsadj,602,0.9936320781707764
xglm_small,facebook/xglm-564M,10,nounsverbsadj,603,0.9889411330223083
xglm_small,facebook/xglm-564M,10,nounsverbsadj,604,0.9928292036056519
xglm_small,facebook/xglm-564M,10,nounsverbsadj,605,0.9924588203430176
xglm_small,facebook/xglm-564M,10,nounsverbsadj,606,0.9865571856498718
xglm_small,facebook/xglm-564M,10,nounsverbsadj,607,0.9886536598205566
xglm_small,facebook/xglm-564M,10,nounsverbsadj,608,0.9939072132110596
xglm_small,facebook/xglm-564M,10,nounsverbsadj,609,0.9822702407836914
xglm_small,facebook/xglm-564M,10,nounsverbsadj,610,0.9898815155029297
xglm_small,facebook/xglm-564M,10,nounsverbsadj,611,0.9831989407539368
xglm_small,facebook/xglm-564M,10,nounsverbsadj,612,0.9810622334480286
xglm_small,facebook/xglm-564M,10,nounsverbsadj,613,0.9827958941459656
xglm_small,facebook/xglm-564M,10,nounsverbsadj,614,0.9944911003112793
xglm_small,facebook/xglm-564M,10,nounsverbsadj,615,0.9910522699356079
xglm_small,facebook/xglm-564M,10,nounsverbsadj,616,0.9828240871429443
xglm_small,facebook/xglm-564M,10,nounsverbsadj,617,0.9916452169418335
xglm_small,facebook/xglm-564M,10,nounsverbsadj,618,0.9852052927017212
xglm_small,facebook/xglm-564M,10,nounsverbsadj,619,0.9936463236808777
xglm_small,facebook/xglm-564M,10,nounsverbsadj,620,0.9915511012077332
xglm_small,facebook/xglm-564M,10,nounsverbsadj,621,0.9853087663650513
xglm_small,facebook/xglm-564M,10,nounsverbsadj,622,0.990565299987793
xglm_small,facebook/xglm-564M,10,nounsverbsadj,623,0.9936440587043762
xglm_small,facebook/xglm-564M,10,nounsverbsadj,624,0.9868212342262268
xglm_small,facebook/xglm-564M,10,nounsverbsadj,625,0.990614116191864
xglm_small,facebook/xglm-564M,10,nounsverbsadj,626,0.9930404424667358
xglm_small,facebook/xglm-564M,10,nounsverbsadj,627,0.9920102953910828
xglm_small,facebook/xglm-564M,10,nounsverbsadj,628,0.9863409399986267
xglm_small,facebook/xglm-564M,10,nounsverbsadj,629,0.9850398302078247
xglm_small,facebook/xglm-564M,10,nounsverbsadj,630,0.9923669695854187
xglm_small,facebook/xglm-564M,10,nounsverbsadj,631,0.993912935256958
xglm_small,facebook/xglm-564M,10,nounsverbsadj,632,0.9932441115379333
xglm_small,facebook/xglm-564M,10,nounsverbsadj,633,0.9923626184463501
xglm_small,facebook/xglm-564M,10,nounsverbsadj,634,0.9863893389701843
xglm_small,facebook/xglm-564M,10,nounsverbsadj,635,0.9927067756652832
xglm_small,facebook/xglm-564M,10,nounsverbsadj,636,0.9921330213546753
xglm_small,facebook/xglm-564M,10,nounsverbsadj,637,0.9841516017913818
xglm_small,facebook/xglm-564M,10,nounsverbsadj,638,0.981330931186676
xglm_small,facebook/xglm-564M,10,nounsverbsadj,639,0.9934895038604736
xglm_small,facebook/xglm-564M,10,nounsverbsadj,640,0.9911625385284424
xglm_small,facebook/xglm-564M,10,nounsverbsadj,641,0.9927569627761841
xglm_small,facebook/xglm-564M,10,nounsverbsadj,642,0.9875087738037109
xglm_small,facebook/xglm-564M,10,nounsverbsadj,643,0.9923858642578125
xglm_small,facebook/xglm-564M,10,nounsverbsadj,644,0.9863376617431641
xglm_small,facebook/xglm-564M,10,nounsverbsadj,645,0.9909088015556335
xglm_small,facebook/xglm-564M,10,nounsverbsadj,646,0.9912102818489075
xglm_small,facebook/xglm-564M,10,nounsverbsadj,647,0.9863789081573486
xglm_small,facebook/xglm-564M,10,nounsverbsadj,648,0.9930332899093628
xglm_small,facebook/xglm-564M,10,nounsverbsadj,649,0.9914193153381348
xglm_small,facebook/xglm-564M,10,nounsverbsadj,650,0.9835758209228516
xglm_small,facebook/xglm-564M,10,nounsverbsadj,651,0.9935444593429565
xglm_small,facebook/xglm-564M,10,nounsverbsadj,652,0.9829708933830261
xglm_small,facebook/xglm-564M,10,nounsverbsadj,653,0.9940011501312256
xglm_small,facebook/xglm-564M,10,nounsverbsadj,654,0.9921006560325623
xglm_small,facebook/xglm-564M,10,nounsverbsadj,655,0.9928143620491028
xglm_small,facebook/xglm-564M,10,nounsverbsadj,656,0.9869698286056519
xglm_small,facebook/xglm-564M,10,nounsverbsadj,657,0.9830491542816162
xglm_small,facebook/xglm-564M,10,nounsverbsadj,658,0.9939069151878357
xglm_small,facebook/xglm-564M,10,nounsverbsadj,659,0.9861752986907959
xglm_small,facebook/xglm-564M,10,nounsverbsadj,660,0.9932606220245361
xglm_small,facebook/xglm-564M,10,nounsverbsadj,661,0.9848586320877075
xglm_small,facebook/xglm-564M,10,nounsverbsadj,662,0.9926741719245911
xglm_small,facebook/xglm-564M,10,nounsverbsadj,663,0.9921219944953918
xglm_small,facebook/xglm-564M,10,nounsverbsadj,664,0.9938428401947021
xglm_small,facebook/xglm-564M,10,nounsverbsadj,665,0.993794858455658
xglm_small,facebook/xglm-564M,10,nounsverbsadj,666,0.9842148423194885
xglm_small,facebook/xglm-564M,10,nounsverbsadj,667,0.9910784363746643
xglm_small,facebook/xglm-564M,10,nounsverbsadj,668,0.9932878017425537
xglm_small,facebook/xglm-564M,10,nounsverbsadj,669,0.9881299138069153
xglm_small,facebook/xglm-564M,10,nounsverbsadj,670,0.9844732880592346
xglm_small,facebook/xglm-564M,10,nounsverbsadj,671,0.984152615070343
xglm_small,facebook/xglm-564M,10,nounsverbsadj,672,0.9927812218666077
xglm_small,facebook/xglm-564M,10,nounsverbsadj,673,0.9861195683479309
xglm_small,facebook/xglm-564M,10,nounsverbsadj,674,0.9834415912628174
xglm_small,facebook/xglm-564M,10,nounsverbsadj,675,0.9924091696739197
xglm_small,facebook/xglm-564M,10,nounsverbsadj,676,0.979118824005127
xglm_small,facebook/xglm-564M,10,nounsverbsadj,677,0.9853907823562622
xglm_small,facebook/xglm-564M,10,nounsverbsadj,678,0.990787923336029
xglm_small,facebook/xglm-564M,10,nounsverbsadj,679,0.9932534098625183
xglm_small,facebook/xglm-564M,10,nounsverbsadj,680,0.9838569760322571
xglm_small,facebook/xglm-564M,10,nounsverbsadj,681,0.98298180103302
xglm_small,facebook/xglm-564M,10,nounsverbsadj,682,0.991354763507843
xglm_small,facebook/xglm-564M,10,nounsverbsadj,683,0.9906907677650452
xglm_small,facebook/xglm-564M,10,nounsverbsadj,684,0.9915833473205566
xglm_small,facebook/xglm-564M,10,nounsverbsadj,685,0.9846359491348267
xglm_small,facebook/xglm-564M,10,nounsverbsadj,686,0.990480899810791
xglm_small,facebook/xglm-564M,10,nounsverbsadj,687,0.9867593050003052
xglm_small,facebook/xglm-564M,10,nounsverbsadj,688,0.9812290072441101
xglm_small,facebook/xglm-564M,10,nounsverbsadj,689,0.9863165020942688
xglm_small,facebook/xglm-564M,10,nounsverbsadj,690,0.9913894534111023
xglm_small,facebook/xglm-564M,10,nounsverbsadj,691,0.9905135035514832
xglm_small,facebook/xglm-564M,10,nounsverbsadj,692,0.9853355884552002
xglm_small,facebook/xglm-564M,10,nounsverbsadj,693,0.9861944913864136
xglm_small,facebook/xglm-564M,10,nounsverbsadj,694,0.9838375449180603
xglm_small,facebook/xglm-564M,10,nounsverbsadj,695,0.9837281107902527
xglm_small,facebook/xglm-564M,10,nounsverbsadj,696,0.9927629828453064
xglm_small,facebook/xglm-564M,10,nounsverbsadj,697,0.9850121736526489
xglm_small,facebook/xglm-564M,10,nounsverbsadj,698,0.993482232093811
xglm_small,facebook/xglm-564M,10,nounsverbsadj,699,0.9917173385620117
xglm_small,facebook/xglm-564M,10,nounsverbsadj,700,0.9923157095909119
xglm_small,facebook/xglm-564M,10,nounsverbsadj,701,0.9843544363975525
xglm_small,facebook/xglm-564M,10,nounsverbsadj,702,0.9833464622497559
xglm_small,facebook/xglm-564M,10,nounsverbsadj,703,0.9940947890281677
xglm_small,facebook/xglm-564M,10,nounsverbsadj,704,0.9915956854820251
xglm_small,facebook/xglm-564M,10,nounsverbsadj,705,0.9824828505516052
xglm_small,facebook/xglm-564M,10,nounsverbsadj,706,0.9913022518157959
xglm_small,facebook/xglm-564M,10,nounsverbsadj,707,0.9924979209899902
xglm_small,facebook/xglm-564M,10,nounsverbsadj,708,0.9933992028236389
xglm_small,facebook/xglm-564M,10,nounsverbsadj,709,0.9931619763374329
xglm_small,facebook/xglm-564M,10,nounsverbsadj,710,0.9896013736724854
xglm_small,facebook/xglm-564M,10,nounsverbsadj,711,0.989383339881897
xglm_small,facebook/xglm-564M,10,nounsverbsadj,712,0.9920111894607544
xglm_small,facebook/xglm-564M,10,nounsverbsadj,713,0.9900176525115967
xglm_small,facebook/xglm-564M,10,nounsverbsadj,714,0.9881575703620911
xglm_small,facebook/xglm-564M,10,nounsverbsadj,715,0.9917734265327454
xglm_small,facebook/xglm-564M,10,nounsverbsadj,716,0.9906170964241028
xglm_small,facebook/xglm-564M,10,nounsverbsadj,717,0.9926223158836365
xglm_small,facebook/xglm-564M,10,nounsverbsadj,718,0.9916224479675293
xglm_small,facebook/xglm-564M,10,nounsverbsadj,719,0.9917882084846497
xglm_small,facebook/xglm-564M,10,nounsverbsadj,720,0.9909092783927917
xglm_small,facebook/xglm-564M,10,nounsverbsadj,721,0.9927502870559692
xglm_small,facebook/xglm-564M,10,nounsverbsadj,722,0.9939643144607544
xglm_small,facebook/xglm-564M,10,nounsverbsadj,723,0.9902552366256714
xglm_small,facebook/xglm-564M,10,nounsverbsadj,724,0.9869304299354553
xglm_small,facebook/xglm-564M,10,nounsverbsadj,725,0.9911607503890991
xglm_small,facebook/xglm-564M,10,nounsverbsadj,726,0.992540180683136
xglm_small,facebook/xglm-564M,10,nounsverbsadj,727,0.9900471568107605
xglm_small,facebook/xglm-564M,10,nounsverbsadj,728,0.9928141832351685
xglm_small,facebook/xglm-564M,10,nounsverbsadj,729,0.9925153851509094
xglm_small,facebook/xglm-564M,10,nounsverbsadj,730,0.9878125190734863
xglm_small,facebook/xglm-564M,10,nounsverbsadj,731,0.9912968277931213
xglm_small,facebook/xglm-564M,10,nounsverbsadj,732,0.9854831695556641
xglm_small,facebook/xglm-564M,10,nounsverbsadj,733,0.9931368231773376
xglm_small,facebook/xglm-564M,10,nounsverbsadj,734,0.9918213486671448
xglm_small,facebook/xglm-564M,10,nounsverbsadj,735,0.9857445955276489
xglm_small,facebook/xglm-564M,10,nounsverbsadj,736,0.9937125444412231
xglm_small,facebook/xglm-564M,10,nounsverbsadj,737,0.9925568699836731
xglm_small,facebook/xglm-564M,10,nounsverbsadj,738,0.9934568405151367
xglm_small,facebook/xglm-564M,10,nounsverbsadj,739,0.9839786291122437
xglm_small,facebook/xglm-564M,10,nounsverbsadj,740,0.9919335842132568
xglm_small,facebook/xglm-564M,10,nounsverbsadj,741,0.993597686290741
xglm_small,facebook/xglm-564M,10,nounsverbsadj,742,0.9910992383956909
xglm_small,facebook/xglm-564M,10,nounsverbsadj,743,0.9910263419151306
xglm_small,facebook/xglm-564M,10,nounsverbsadj,744,0.9912571907043457
xglm_small,facebook/xglm-564M,10,nounsverbsadj,745,0.9844194054603577
xglm_small,facebook/xglm-564M,10,nounsverbsadj,746,0.9838436245918274
xglm_small,facebook/xglm-564M,10,nounsverbsadj,747,0.9929481744766235
xglm_small,facebook/xglm-564M,10,nounsverbsadj,748,0.9924905896186829
xglm_small,facebook/xglm-564M,10,nounsverbsadj,749,0.9913211464881897
xglm_small,facebook/xglm-564M,10,nounsverbsadj,750,0.9848406910896301
xglm_small,facebook/xglm-564M,10,nounsverbsadj,751,0.9848253130912781
xglm_small,facebook/xglm-564M,10,nounsverbsadj,752,0.9922356605529785
xglm_small,facebook/xglm-564M,10,nounsverbsadj,753,0.9854315519332886
xglm_small,facebook/xglm-564M,10,nounsverbsadj,754,0.9928140640258789
xglm_small,facebook/xglm-564M,10,nounsverbsadj,755,0.9933081269264221
xglm_small,facebook/xglm-564M,10,nounsverbsadj,756,0.9839757084846497
xglm_small,facebook/xglm-564M,10,nounsverbsadj,757,0.9915878176689148
xglm_small,facebook/xglm-564M,10,nounsverbsadj,758,0.9927225708961487
xglm_small,facebook/xglm-564M,10,nounsverbsadj,759,0.9852205514907837
xglm_small,facebook/xglm-564M,10,nounsverbsadj,760,0.9874446392059326
xglm_small,facebook/xglm-564M,10,nounsverbsadj,761,0.9925370812416077
xglm_small,facebook/xglm-564M,10,nounsverbsadj,762,0.9880257248878479
xglm_small,facebook/xglm-564M,10,nounsverbsadj,763,0.9845718741416931
xglm_small,facebook/xglm-564M,10,nounsverbsadj,764,0.9834580421447754
xglm_small,facebook/xglm-564M,10,nounsverbsadj,765,0.990401029586792
xglm_small,facebook/xglm-564M,10,nounsverbsadj,766,0.9927374720573425
xglm_small,facebook/xglm-564M,10,nounsverbsadj,767,0.992100179195404
xglm_small,facebook/xglm-564M,10,nounsverbsadj,768,0.9909135699272156
xglm_small,facebook/xglm-564M,10,nounsverbsadj,769,0.9872206449508667
xglm_small,facebook/xglm-564M,10,nounsverbsadj,770,0.9848262071609497
xglm_small,facebook/xglm-564M,10,nounsverbsadj,771,0.9714541435241699
xglm_small,facebook/xglm-564M,10,nounsverbsadj,772,0.9665257334709167
xglm_small,facebook/xglm-564M,10,nounsverbsadj,773,0.9908626079559326
xglm_small,facebook/xglm-564M,10,nounsverbsadj,774,0.9714326858520508
xglm_small,facebook/xglm-564M,10,nounsverbsadj,775,0.988463819026947
xglm_small,facebook/xglm-564M,10,nounsverbsadj,776,0.9677566289901733
xglm_small,facebook/xglm-564M,10,nounsverbsadj,777,0.968989372253418
xglm_small,facebook/xglm-564M,10,nounsverbsadj,778,0.9863148927688599
xglm_small,facebook/xglm-564M,10,nounsverbsadj,779,0.9843056797981262
xglm_small,facebook/xglm-564M,10,nounsverbsadj,780,0.9919195175170898
xglm_small,facebook/xglm-564M,10,nounsverbsadj,781,0.9712328314781189
xglm_small,facebook/xglm-564M,10,nounsverbsadj,782,0.9854704737663269
xglm_small,facebook/xglm-564M,10,nounsverbsadj,783,0.9701598882675171
xglm_small,facebook/xglm-564M,10,nounsverbsadj,784,0.9890432357788086
xglm_small,facebook/xglm-564M,10,nounsverbsadj,785,0.9932341575622559
xglm_small,facebook/xglm-564M,10,nounsverbsadj,786,0.9857770204544067
xglm_small,facebook/xglm-564M,10,nounsverbsadj,787,0.987419068813324
xglm_small,facebook/xglm-564M,10,nounsverbsadj,788,0.9921318292617798
xglm_small,facebook/xglm-564M,10,nounsverbsadj,789,0.9874576330184937
xglm_small,facebook/xglm-564M,10,nounsverbsadj,790,0.9872118830680847
xglm_small,facebook/xglm-564M,10,nounsverbsadj,791,0.9932864904403687
xglm_small,facebook/xglm-564M,10,nounsverbsadj,792,0.9917024374008179
xglm_small,facebook/xglm-564M,10,nounsverbsadj,793,0.9924428462982178
xglm_small,facebook/xglm-564M,10,nounsverbsadj,794,0.9912272095680237
xglm_small,facebook/xglm-564M,10,nounsverbsadj,795,0.9861302971839905
xglm_small,facebook/xglm-564M,10,nounsverbsadj,796,0.9902801513671875
xglm_small,facebook/xglm-564M,10,nounsverbsadj,797,0.9928562641143799
xglm_small,facebook/xglm-564M,10,nounsverbsadj,798,0.9905012845993042
xglm_small,facebook/xglm-564M,10,nounsverbsadj,799,0.9917134046554565
xglm_small,facebook/xglm-564M,10,nounsverbsadj,800,0.9872891306877136
xglm_small,facebook/xglm-564M,10,nounsverbsadj,801,0.9851752519607544
xglm_small,facebook/xglm-564M,10,nounsverbsadj,802,0.9873188734054565
xglm_small,facebook/xglm-564M,10,nounsverbsadj,803,0.9936327934265137
xglm_small,facebook/xglm-564M,10,nounsverbsadj,804,0.9914155602455139
xglm_small,facebook/xglm-564M,10,nounsverbsadj,805,0.9904452562332153
xglm_small,facebook/xglm-564M,10,nounsverbsadj,806,0.9862636923789978
xglm_small,facebook/xglm-564M,10,nounsverbsadj,807,0.9918792247772217
xglm_small,facebook/xglm-564M,10,nounsverbsadj,808,0.9843919277191162
xglm_small,facebook/xglm-564M,10,nounsverbsadj,809,0.9927314519882202
xglm_small,facebook/xglm-564M,10,nounsverbsadj,810,0.9925927519798279
xglm_small,facebook/xglm-564M,10,nounsverbsadj,811,0.9892140030860901
xglm_small,facebook/xglm-564M,10,nounsverbsadj,812,0.9850736260414124
xglm_small,facebook/xglm-564M,10,nounsverbsadj,813,0.9918459057807922
xglm_small,facebook/xglm-564M,10,nounsverbsadj,814,0.9926393628120422
xglm_small,facebook/xglm-564M,10,nounsverbsadj,815,0.99034583568573
xglm_small,facebook/xglm-564M,10,nounsverbsadj,816,0.9930055141448975
xglm_small,facebook/xglm-564M,10,nounsverbsadj,817,0.9929277896881104
xglm_small,facebook/xglm-564M,10,nounsverbsadj,818,0.9907510280609131
xglm_small,facebook/xglm-564M,10,nounsverbsadj,819,0.9919600486755371
xglm_small,facebook/xglm-564M,10,nounsverbsadj,820,0.9937285780906677
xglm_small,facebook/xglm-564M,10,nounsverbsadj,821,0.9932475686073303
xglm_small,facebook/xglm-564M,10,nounsverbsadj,822,0.9927479028701782
xglm_small,facebook/xglm-564M,10,nounsverbsadj,823,0.9914836883544922
xglm_small,facebook/xglm-564M,10,nounsverbsadj,824,0.9932394623756409
xglm_small,facebook/xglm-564M,10,nounsverbsadj,825,0.9927061200141907
xglm_small,facebook/xglm-564M,10,nounsverbsadj,826,0.9945380091667175
xglm_small,facebook/xglm-564M,10,nounsverbsadj,827,0.992759108543396
xglm_small,facebook/xglm-564M,10,nounsverbsadj,828,0.9947165846824646
xglm_small,facebook/xglm-564M,10,nounsverbsadj,829,0.9923903942108154
xglm_small,facebook/xglm-564M,10,nounsverbsadj,830,0.9859197735786438
xglm_small,facebook/xglm-564M,10,nounsverbsadj,831,0.9930519461631775
xglm_small,facebook/xglm-564M,10,nounsverbsadj,832,0.9838571548461914
xglm_small,facebook/xglm-564M,10,nounsverbsadj,833,0.9916624426841736
xglm_small,facebook/xglm-564M,10,nounsverbsadj,834,0.9925427436828613
xglm_small,facebook/xglm-564M,10,nounsverbsadj,835,0.983905553817749
xglm_small,facebook/xglm-564M,10,nounsverbsadj,836,0.984338104724884
xglm_small,facebook/xglm-564M,10,nounsverbsadj,837,0.9863286018371582
xglm_small,facebook/xglm-564M,10,nounsverbsadj,838,0.9916468262672424
xglm_small,facebook/xglm-564M,10,nounsverbsadj,839,0.9911626577377319
xglm_small,facebook/xglm-564M,10,nounsverbsadj,840,0.9913035035133362
xglm_small,facebook/xglm-564M,10,nounsverbsadj,841,0.9847366213798523
xglm_small,facebook/xglm-564M,10,nounsverbsadj,842,0.9925523996353149
xglm_small,facebook/xglm-564M,10,nounsverbsadj,843,0.9920130968093872
xglm_small,facebook/xglm-564M,10,nounsverbsadj,844,0.9870842695236206
xglm_small,facebook/xglm-564M,10,nounsverbsadj,845,0.9940509796142578
xglm_small,facebook/xglm-564M,10,nounsverbsadj,846,0.9927726984024048
xglm_small,facebook/xglm-564M,10,nounsverbsadj,847,0.9916428327560425
xglm_small,facebook/xglm-564M,10,nounsverbsadj,848,0.992577314376831
xglm_small,facebook/xglm-564M,10,nounsverbsadj,849,0.9924576878547668
xglm_small,facebook/xglm-564M,10,nounsverbsadj,850,0.9909776449203491
xglm_small,facebook/xglm-564M,10,nounsverbsadj,851,0.993100643157959
xglm_small,facebook/xglm-564M,10,nounsverbsadj,852,0.9925462007522583
xglm_small,facebook/xglm-564M,10,nounsverbsadj,853,0.9836708307266235
xglm_small,facebook/xglm-564M,10,nounsverbsadj,854,0.993229866027832
xglm_small,facebook/xglm-564M,10,nounsverbsadj,855,0.992544412612915
xglm_small,facebook/xglm-564M,10,nounsverbsadj,856,0.9937311410903931
xglm_small,facebook/xglm-564M,10,nounsverbsadj,857,0.9895405769348145
xglm_small,facebook/xglm-564M,10,nounsverbsadj,858,0.9854100942611694
xglm_small,facebook/xglm-564M,10,nounsverbsadj,859,0.9831924438476562
xglm_small,facebook/xglm-564M,10,nounsverbsadj,860,0.9851115942001343
xglm_small,facebook/xglm-564M,10,nounsverbsadj,861,0.9924601316452026
xglm_small,facebook/xglm-564M,10,nounsverbsadj,862,0.9851493835449219
xglm_small,facebook/xglm-564M,10,nounsverbsadj,863,0.9925666451454163
xglm_small,facebook/xglm-564M,10,nounsverbsadj,864,0.9922953844070435
xglm_small,facebook/xglm-564M,10,nounsverbsadj,865,0.9858652353286743
xglm_small,facebook/xglm-564M,10,nounsverbsadj,866,0.99198317527771
xglm_small,facebook/xglm-564M,10,nounsverbsadj,867,0.9919843077659607
xglm_small,facebook/xglm-564M,10,nounsverbsadj,868,0.9920469522476196
xglm_small,facebook/xglm-564M,10,nounsverbsadj,869,0.9901853799819946
xglm_small,facebook/xglm-564M,10,nounsverbsadj,870,0.9817323088645935
xglm_small,facebook/xglm-564M,10,nounsverbsadj,871,0.9933038353919983
xglm_small,facebook/xglm-564M,10,nounsverbsadj,872,0.9850709438323975
xglm_small,facebook/xglm-564M,10,nounsverbsadj,873,0.9842549562454224
xglm_small,facebook/xglm-564M,10,nounsverbsadj,874,0.9816849231719971
xglm_small,facebook/xglm-564M,10,nounsverbsadj,875,0.9923760890960693
xglm_small,facebook/xglm-564M,10,nounsverbsadj,876,0.9847738146781921
xglm_small,facebook/xglm-564M,10,nounsverbsadj,877,0.993259072303772
xglm_small,facebook/xglm-564M,10,nounsverbsadj,878,0.9927505850791931
xglm_small,facebook/xglm-564M,10,nounsverbsadj,879,0.9929810762405396
xglm_small,facebook/xglm-564M,10,nounsverbsadj,880,0.9921938180923462
xglm_small,facebook/xglm-564M,10,nounsverbsadj,881,0.9926254749298096
xglm_small,facebook/xglm-564M,10,nounsverbsadj,882,0.9923461675643921
xglm_small,facebook/xglm-564M,10,nounsverbsadj,883,0.9931327104568481
xglm_small,facebook/xglm-564M,10,nounsverbsadj,884,0.9932101964950562
xglm_small,facebook/xglm-564M,10,nounsverbsadj,885,0.9934206008911133
xglm_small,facebook/xglm-564M,10,nounsverbsadj,886,0.9947514533996582
xglm_small,facebook/xglm-564M,10,nounsverbsadj,887,0.9932215213775635
xglm_small,facebook/xglm-564M,10,nounsverbsadj,888,0.9887937307357788
xglm_small,facebook/xglm-564M,10,nounsverbsadj,889,0.9917704463005066
xglm_small,facebook/xglm-564M,10,nounsverbsadj,890,0.9860782623291016
xglm_small,facebook/xglm-564M,10,nounsverbsadj,891,0.99189293384552
xglm_small,facebook/xglm-564M,10,nounsverbsadj,892,0.9809967279434204
xglm_small,facebook/xglm-564M,10,nounsverbsadj,893,0.9856599569320679
xglm_small,facebook/xglm-564M,10,nounsverbsadj,894,0.9930565357208252
xglm_small,facebook/xglm-564M,10,nounsverbsadj,895,0.9806551337242126
xglm_small,facebook/xglm-564M,10,nounsverbsadj,896,0.9817572236061096
xglm_small,facebook/xglm-564M,10,nounsverbsadj,897,0.9855480790138245
xglm_small,facebook/xglm-564M,10,nounsverbsadj,898,0.9833143949508667
xglm_small,facebook/xglm-564M,10,nounsverbsadj,899,0.9867626428604126
xglm_small,facebook/xglm-564M,10,nounsverbsadj,900,0.9838345646858215
xglm_small,facebook/xglm-564M,10,nounsverbsadj,901,0.99204421043396
xglm_small,facebook/xglm-564M,10,nounsverbsadj,902,0.9908512830734253
xglm_small,facebook/xglm-564M,10,nounsverbsadj,903,0.9852226376533508
xglm_small,facebook/xglm-564M,10,nounsverbsadj,904,0.9930346012115479
xglm_small,facebook/xglm-564M,10,nounsverbsadj,905,0.9916555881500244
xglm_small,facebook/xglm-564M,10,nounsverbsadj,906,0.9826655387878418
xglm_small,facebook/xglm-564M,10,nounsverbsadj,907,0.9924379587173462
xglm_small,facebook/xglm-564M,10,nounsverbsadj,908,0.9852983951568604
xglm_small,facebook/xglm-564M,10,nounsverbsadj,909,0.9916714429855347
xglm_small,facebook/xglm-564M,10,nounsverbsadj,910,0.9832202792167664
xglm_small,facebook/xglm-564M,10,nounsverbsadj,911,0.985228419303894
xglm_small,facebook/xglm-564M,10,nounsverbsadj,912,0.9909682869911194
xglm_small,facebook/xglm-564M,10,nounsverbsadj,913,0.9848032593727112
xglm_small,facebook/xglm-564M,10,nounsverbsadj,914,0.9849762916564941
xglm_small,facebook/xglm-564M,10,nounsverbsadj,915,0.9864027500152588
xglm_small,facebook/xglm-564M,10,nounsverbsadj,916,0.9919735789299011
xglm_small,facebook/xglm-564M,10,nounsverbsadj,917,0.9833020567893982
xglm_small,facebook/xglm-564M,10,nounsverbsadj,918,0.9921484589576721
xglm_small,facebook/xglm-564M,10,nounsverbsadj,919,0.9890632629394531
xglm_small,facebook/xglm-564M,10,nounsverbsadj,920,0.9917022585868835
xglm_small,facebook/xglm-564M,10,nounsverbsadj,921,0.9919283390045166
xglm_small,facebook/xglm-564M,10,nounsverbsadj,922,0.9845855832099915
xglm_small,facebook/xglm-564M,10,nounsverbsadj,923,0.9825710654258728
xglm_small,facebook/xglm-564M,10,nounsverbsadj,924,0.9909384846687317
xglm_small,facebook/xglm-564M,10,nounsverbsadj,925,0.9920671582221985
xglm_small,facebook/xglm-564M,10,nounsverbsadj,926,0.9839367866516113
xglm_small,facebook/xglm-564M,10,nounsverbsadj,927,0.9910516142845154
xglm_small,facebook/xglm-564M,10,nounsverbsadj,928,0.9861156940460205
xglm_small,facebook/xglm-564M,10,nounsverbsadj,929,0.991445779800415
xglm_small,facebook/xglm-564M,10,nounsverbsadj,930,0.9817458391189575
xglm_small,facebook/xglm-564M,10,nounsverbsadj,931,0.9847928881645203
xglm_small,facebook/xglm-564M,10,nounsverbsadj,932,0.9843847751617432
xglm_small,facebook/xglm-564M,10,nounsverbsadj,933,0.980890154838562
xglm_small,facebook/xglm-564M,10,nounsverbsadj,934,0.9934472441673279
xglm_small,facebook/xglm-564M,10,nounsverbsadj,935,0.9846177697181702
xglm_small,facebook/xglm-564M,10,nounsverbsadj,936,0.9836246371269226
xglm_small,facebook/xglm-564M,10,nounsverbsadj,937,0.9912227392196655
xglm_small,facebook/xglm-564M,10,nounsverbsadj,938,0.9860584139823914
xglm_small,facebook/xglm-564M,10,nounsverbsadj,939,0.9868621230125427
xglm_small,facebook/xglm-564M,10,nounsverbsadj,940,0.9820648431777954
xglm_small,facebook/xglm-564M,10,nounsverbsadj,941,0.983767569065094
xglm_small,facebook/xglm-564M,10,nounsverbsadj,942,0.983189582824707
xglm_small,facebook/xglm-564M,10,nounsverbsadj,943,0.9835062623023987
xglm_small,facebook/xglm-564M,10,nounsverbsadj,944,0.9918761253356934
xglm_small,facebook/xglm-564M,10,nounsverbsadj,945,0.9859649538993835
xglm_small,facebook/xglm-564M,10,nounsverbsadj,946,0.9837920069694519
xglm_small,facebook/xglm-564M,10,nounsverbsadj,947,0.9874821901321411
xglm_small,facebook/xglm-564M,10,nounsverbsadj,948,0.979074239730835
xglm_small,facebook/xglm-564M,10,nounsverbsadj,949,0.9827951192855835
xglm_small,facebook/xglm-564M,10,nounsverbsadj,950,0.9932020306587219
xglm_small,facebook/xglm-564M,10,nounsverbsadj,951,0.9917216300964355
xglm_small,facebook/xglm-564M,10,nounsverbsadj,952,0.9928140640258789
xglm_small,facebook/xglm-564M,10,nounsverbsadj,953,0.9854929447174072
xglm_small,facebook/xglm-564M,10,nounsverbsadj,954,0.9938791394233704
xglm_small,facebook/xglm-564M,10,nounsverbsadj,955,0.9854137897491455
xglm_small,facebook/xglm-564M,10,nounsverbsadj,956,0.9828447699546814
xglm_small,facebook/xglm-564M,10,nounsverbsadj,957,0.9921461343765259
xglm_small,facebook/xglm-564M,10,nounsverbsadj,958,0.9910333156585693
xglm_small,facebook/xglm-564M,10,nounsverbsadj,959,0.9829130172729492
xglm_small,facebook/xglm-564M,10,nounsverbsadj,960,0.9930000901222229
xglm_small,facebook/xglm-564M,10,nounsverbsadj,961,0.980862021446228
xglm_small,facebook/xglm-564M,10,nounsverbsadj,962,0.9710698127746582
xglm_small,facebook/xglm-564M,10,nounsverbsadj,963,0.9901750683784485
xglm_small,facebook/xglm-564M,10,nounsverbsadj,964,0.967179000377655
xglm_small,facebook/xglm-564M,10,nounsverbsadj,965,0.9707926511764526
xglm_small,facebook/xglm-564M,10,nounsverbsadj,966,0.9925885200500488
xglm_small,facebook/xglm-564M,10,nounsverbsadj,967,0.9869906306266785
xglm_small,facebook/xglm-564M,10,nounsverbsadj,968,0.9847423434257507
xglm_small,facebook/xglm-564M,10,nounsverbsadj,969,0.9908563494682312
xglm_small,facebook/xglm-564M,10,nounsverbsadj,970,0.9942111968994141
xglm_small,facebook/xglm-564M,10,nounsverbsadj,971,0.9701699614524841
xglm_small,facebook/xglm-564M,10,nounsverbsadj,972,0.9701014161109924
xglm_small,facebook/xglm-564M,10,nounsverbsadj,973,0.9933819770812988
xglm_small,facebook/xglm-564M,10,nounsverbsadj,974,0.9718620181083679
xglm_small,facebook/xglm-564M,10,nounsverbsadj,975,0.9889489412307739
xglm_small,facebook/xglm-564M,10,nounsverbsadj,976,0.9845073819160461
xglm_small,facebook/xglm-564M,10,nounsverbsadj,977,0.9828142523765564
xglm_small,facebook/xglm-564M,10,nounsverbsadj,978,0.9708016514778137
xglm_small,facebook/xglm-564M,10,nounsverbsadj,979,0.9878783822059631
xglm_small,facebook/xglm-564M,10,nounsverbsadj,980,0.9904435276985168
xglm_small,facebook/xglm-564M,10,nounsverbsadj,981,0.9870962500572205
xglm_small,facebook/xglm-564M,10,nounsverbsadj,982,0.9712421894073486
xglm_small,facebook/xglm-564M,10,nounsverbsadj,983,0.9920971393585205
xglm_small,facebook/xglm-564M,10,nounsverbsadj,984,0.993224024772644
xglm_small,facebook/xglm-564M,10,nounsverbsadj,985,0.9705535769462585
xglm_small,facebook/xglm-564M,10,nounsverbsadj,986,0.9932249784469604
xglm_small,facebook/xglm-564M,10,nounsverbsadj,987,0.9661466479301453
xglm_small,facebook/xglm-564M,10,nounsverbsadj,988,0.9918568134307861
xglm_small,facebook/xglm-564M,10,nounsverbsadj,989,0.9859474301338196
xglm_small,facebook/xglm-564M,10,nounsverbsadj,990,0.9858264327049255
xglm_small,facebook/xglm-564M,10,nounsverbsadj,991,0.9849631786346436
xglm_small,facebook/xglm-564M,10,nounsverbsadj,992,0.9855391979217529
xglm_small,facebook/xglm-564M,10,nounsverbsadj,993,0.9859775900840759
xglm_small,facebook/xglm-564M,10,nounsverbsadj,994,0.9927085041999817
xglm_small,facebook/xglm-564M,10,nounsverbsadj,995,0.9933187961578369
xglm_small,facebook/xglm-564M,10,nounsverbsadj,996,0.9901746511459351
xglm_small,facebook/xglm-564M,10,nounsverbsadj,997,0.9925028085708618
xglm_small,facebook/xglm-564M,10,nounsverbsadj,998,0.9915136098861694
xglm_small,facebook/xglm-564M,10,nounsverbsadj,999,0.9910353422164917
xglm_small,facebook/xglm-564M,10,functionwords,0,0.9380501508712769
xglm_small,facebook/xglm-564M,10,functionwords,1,0.937369167804718
xglm_small,facebook/xglm-564M,10,functionwords,2,0.9507541656494141
xglm_small,facebook/xglm-564M,10,functionwords,3,0.9424498081207275
xglm_small,facebook/xglm-564M,10,functionwords,4,0.9522450566291809
xglm_small,facebook/xglm-564M,10,functionwords,5,0.949687659740448
xglm_small,facebook/xglm-564M,10,functionwords,6,0.9338881969451904
xglm_small,facebook/xglm-564M,10,functionwords,7,0.956928014755249
xglm_small,facebook/xglm-564M,10,functionwords,8,0.9550846815109253
xglm_small,facebook/xglm-564M,10,functionwords,9,0.956063449382782
xglm_small,facebook/xglm-564M,10,functionwords,10,0.9520054459571838
xglm_small,facebook/xglm-564M,10,functionwords,11,0.9245555996894836
xglm_small,facebook/xglm-564M,10,functionwords,12,0.9352886080741882
xglm_small,facebook/xglm-564M,10,functionwords,13,0.9345748424530029
xglm_small,facebook/xglm-564M,10,functionwords,14,0.920135498046875
xglm_small,facebook/xglm-564M,10,functionwords,15,0.9346780180931091
xglm_small,facebook/xglm-564M,10,functionwords,16,0.9516032934188843
xglm_small,facebook/xglm-564M,10,functionwords,17,0.9496715664863586
xglm_small,facebook/xglm-564M,10,functionwords,18,0.9329416751861572
xglm_small,facebook/xglm-564M,10,functionwords,19,0.9207761883735657
xglm_small,facebook/xglm-564M,10,functionwords,20,0.9570060968399048
xglm_small,facebook/xglm-564M,10,functionwords,21,0.952115535736084
xglm_small,facebook/xglm-564M,10,functionwords,22,0.9515769481658936
xglm_small,facebook/xglm-564M,10,functionwords,23,0.9511553049087524
xglm_small,facebook/xglm-564M,10,functionwords,24,0.956355631351471
xglm_small,facebook/xglm-564M,10,functionwords,25,0.95484459400177
xglm_small,facebook/xglm-564M,10,functionwords,26,0.9277873039245605
xglm_small,facebook/xglm-564M,10,functionwords,27,0.9339093565940857
xglm_small,facebook/xglm-564M,10,functionwords,28,0.9334243535995483
xglm_small,facebook/xglm-564M,10,functionwords,29,0.9391885995864868
xglm_small,facebook/xglm-564M,10,functionwords,30,0.931408166885376
xglm_small,facebook/xglm-564M,10,functionwords,31,0.9368305206298828
xglm_small,facebook/xglm-564M,10,functionwords,32,0.9371013641357422
xglm_small,facebook/xglm-564M,10,functionwords,33,0.9570149779319763
xglm_small,facebook/xglm-564M,10,functionwords,34,0.9313586950302124
xglm_small,facebook/xglm-564M,10,functionwords,35,0.9517167210578918
xglm_small,facebook/xglm-564M,10,functionwords,36,0.9355772733688354
xglm_small,facebook/xglm-564M,10,functionwords,37,0.9134993553161621
xglm_small,facebook/xglm-564M,10,functionwords,38,0.9290683269500732
xglm_small,facebook/xglm-564M,10,functionwords,39,0.9383814930915833
xglm_small,facebook/xglm-564M,10,functionwords,40,0.9424669146537781
xglm_small,facebook/xglm-564M,10,functionwords,41,0.9344643950462341
xglm_small,facebook/xglm-564M,10,functionwords,42,0.9418901801109314
xglm_small,facebook/xglm-564M,10,functionwords,43,0.9517332911491394
xglm_small,facebook/xglm-564M,10,functionwords,44,0.9473956823348999
xglm_small,facebook/xglm-564M,10,functionwords,45,0.9511528611183167
xglm_small,facebook/xglm-564M,10,functionwords,46,0.953424334526062
xglm_small,facebook/xglm-564M,10,functionwords,47,0.9407348036766052
xglm_small,facebook/xglm-564M,10,functionwords,48,0.9542349576950073
xglm_small,facebook/xglm-564M,10,functionwords,49,0.9460924863815308
xglm_small,facebook/xglm-564M,10,functionwords,50,0.9582484364509583
xglm_small,facebook/xglm-564M,10,functionwords,51,0.952805757522583
xglm_small,facebook/xglm-564M,10,functionwords,52,0.9532636404037476
xglm_small,facebook/xglm-564M,10,functionwords,53,0.9444026947021484
xglm_small,facebook/xglm-564M,10,functionwords,54,0.9509938955307007
xglm_small,facebook/xglm-564M,10,functionwords,55,0.9543054103851318
xglm_small,facebook/xglm-564M,10,functionwords,56,0.9495363235473633
xglm_small,facebook/xglm-564M,10,functionwords,57,0.9292113184928894
xglm_small,facebook/xglm-564M,10,functionwords,58,0.9427862763404846
xglm_small,facebook/xglm-564M,10,functionwords,59,0.9540348649024963
xglm_small,facebook/xglm-564M,10,functionwords,60,0.953320324420929
xglm_small,facebook/xglm-564M,10,functionwords,61,0.9511941075325012
xglm_small,facebook/xglm-564M,10,functionwords,62,0.9402382969856262
xglm_small,facebook/xglm-564M,10,functionwords,63,0.9438814520835876
xglm_small,facebook/xglm-564M,10,functionwords,64,0.9610130190849304
xglm_small,facebook/xglm-564M,10,functionwords,65,0.9383686184883118
xglm_small,facebook/xglm-564M,10,functionwords,66,0.9421994686126709
xglm_small,facebook/xglm-564M,10,functionwords,67,0.9556127786636353
xglm_small,facebook/xglm-564M,10,functionwords,68,0.9506778717041016
xglm_small,facebook/xglm-564M,10,functionwords,69,0.937349259853363
xglm_small,facebook/xglm-564M,10,functionwords,70,0.9577770233154297
xglm_small,facebook/xglm-564M,10,functionwords,71,0.9582770466804504
xglm_small,facebook/xglm-564M,10,functionwords,72,0.9551429748535156
xglm_small,facebook/xglm-564M,10,functionwords,73,0.9390354156494141
xglm_small,facebook/xglm-564M,10,functionwords,74,0.9563084840774536
xglm_small,facebook/xglm-564M,10,functionwords,75,0.9571908712387085
xglm_small,facebook/xglm-564M,10,functionwords,76,0.9401582479476929
xglm_small,facebook/xglm-564M,10,functionwords,77,0.9563398361206055
xglm_small,facebook/xglm-564M,10,functionwords,78,0.9381226897239685
xglm_small,facebook/xglm-564M,10,functionwords,79,0.9412921071052551
xglm_small,facebook/xglm-564M,10,functionwords,80,0.9488304257392883
xglm_small,facebook/xglm-564M,10,functionwords,81,0.9436148405075073
xglm_small,facebook/xglm-564M,10,functionwords,82,0.9470595717430115
xglm_small,facebook/xglm-564M,10,functionwords,83,0.9400191307067871
xglm_small,facebook/xglm-564M,10,functionwords,84,0.9573777914047241
xglm_small,facebook/xglm-564M,10,functionwords,85,0.9450430870056152
xglm_small,facebook/xglm-564M,10,functionwords,86,0.9510167837142944
xglm_small,facebook/xglm-564M,10,functionwords,87,0.9404727816581726
xglm_small,facebook/xglm-564M,10,functionwords,88,0.9523519277572632
xglm_small,facebook/xglm-564M,10,functionwords,89,0.9434579610824585
xglm_small,facebook/xglm-564M,10,functionwords,90,0.9332438707351685
xglm_small,facebook/xglm-564M,10,functionwords,91,0.9452120065689087
xglm_small,facebook/xglm-564M,10,functionwords,92,0.9506810903549194
xglm_small,facebook/xglm-564M,10,functionwords,93,0.9553142786026001
xglm_small,facebook/xglm-564M,10,functionwords,94,0.9356361031532288
xglm_small,facebook/xglm-564M,10,functionwords,95,0.9547244906425476
xglm_small,facebook/xglm-564M,10,functionwords,96,0.9335744380950928
xglm_small,facebook/xglm-564M,10,functionwords,97,0.958612859249115
xglm_small,facebook/xglm-564M,10,functionwords,98,0.9539840221405029
xglm_small,facebook/xglm-564M,10,functionwords,99,0.9536516070365906
xglm_small,facebook/xglm-564M,10,functionwords,100,0.935282826423645
xglm_small,facebook/xglm-564M,10,functionwords,101,0.9387316107749939
xglm_small,facebook/xglm-564M,10,functionwords,102,0.9400575757026672
xglm_small,facebook/xglm-564M,10,functionwords,103,0.9268686175346375
xglm_small,facebook/xglm-564M,10,functionwords,104,0.9456794261932373
xglm_small,facebook/xglm-564M,10,functionwords,105,0.954225480556488
xglm_small,facebook/xglm-564M,10,functionwords,106,0.9529913067817688
xglm_small,facebook/xglm-564M,10,functionwords,107,0.9568530321121216
xglm_small,facebook/xglm-564M,10,functionwords,108,0.9554104208946228
xglm_small,facebook/xglm-564M,10,functionwords,109,0.9527119994163513
xglm_small,facebook/xglm-564M,10,functionwords,110,0.9565531611442566
xglm_small,facebook/xglm-564M,10,functionwords,111,0.9486052393913269
xglm_small,facebook/xglm-564M,10,functionwords,112,0.9535816311836243
xglm_small,facebook/xglm-564M,10,functionwords,113,0.9446825981140137
xglm_small,facebook/xglm-564M,10,functionwords,114,0.9439926147460938
xglm_small,facebook/xglm-564M,10,functionwords,115,0.9569425582885742
xglm_small,facebook/xglm-564M,10,functionwords,116,0.9210119247436523
xglm_small,facebook/xglm-564M,10,functionwords,117,0.9555445909500122
xglm_small,facebook/xglm-564M,10,functionwords,118,0.948125958442688
xglm_small,facebook/xglm-564M,10,functionwords,119,0.9482870697975159
xglm_small,facebook/xglm-564M,10,functionwords,120,0.943721354007721
xglm_small,facebook/xglm-564M,10,functionwords,121,0.9266722202301025
xglm_small,facebook/xglm-564M,10,functionwords,122,0.9485819935798645
xglm_small,facebook/xglm-564M,10,functionwords,123,0.9420077800750732
xglm_small,facebook/xglm-564M,10,functionwords,124,0.9370303750038147
xglm_small,facebook/xglm-564M,10,functionwords,125,0.9206582903862
xglm_small,facebook/xglm-564M,10,functionwords,126,0.9399265646934509
xglm_small,facebook/xglm-564M,10,functionwords,127,0.9344655275344849
xglm_small,facebook/xglm-564M,10,functionwords,128,0.9502174854278564
xglm_small,facebook/xglm-564M,10,functionwords,129,0.9538870453834534
xglm_small,facebook/xglm-564M,10,functionwords,130,0.9519909024238586
xglm_small,facebook/xglm-564M,10,functionwords,131,0.9307833909988403
xglm_small,facebook/xglm-564M,10,functionwords,132,0.943320631980896
xglm_small,facebook/xglm-564M,10,functionwords,133,0.907878577709198
xglm_small,facebook/xglm-564M,10,functionwords,134,0.9462234973907471
xglm_small,facebook/xglm-564M,10,functionwords,135,0.9514399766921997
xglm_small,facebook/xglm-564M,10,functionwords,136,0.9346218705177307
xglm_small,facebook/xglm-564M,10,functionwords,137,0.9543384313583374
xglm_small,facebook/xglm-564M,10,functionwords,138,0.9421087503433228
xglm_small,facebook/xglm-564M,10,functionwords,139,0.9379264116287231
xglm_small,facebook/xglm-564M,10,functionwords,140,0.9516921043395996
xglm_small,facebook/xglm-564M,10,functionwords,141,0.9503165483474731
xglm_small,facebook/xglm-564M,10,functionwords,142,0.9516441226005554
xglm_small,facebook/xglm-564M,10,functionwords,143,0.9300722479820251
xglm_small,facebook/xglm-564M,10,functionwords,144,0.9383392333984375
xglm_small,facebook/xglm-564M,10,functionwords,145,0.9536651968955994
xglm_small,facebook/xglm-564M,10,functionwords,146,0.9554172158241272
xglm_small,facebook/xglm-564M,10,functionwords,147,0.936701238155365
xglm_small,facebook/xglm-564M,10,functionwords,148,0.9472141861915588
xglm_small,facebook/xglm-564M,10,functionwords,149,0.9491657614707947
xglm_small,facebook/xglm-564M,10,functionwords,150,0.9555288553237915
xglm_small,facebook/xglm-564M,10,functionwords,151,0.9460071325302124
xglm_small,facebook/xglm-564M,10,functionwords,152,0.9466858506202698
xglm_small,facebook/xglm-564M,10,functionwords,153,0.9522892832756042
xglm_small,facebook/xglm-564M,10,functionwords,154,0.9334563612937927
xglm_small,facebook/xglm-564M,10,functionwords,155,0.9515812993049622
xglm_small,facebook/xglm-564M,10,functionwords,156,0.9527122974395752
xglm_small,facebook/xglm-564M,10,functionwords,157,0.9428122639656067
xglm_small,facebook/xglm-564M,10,functionwords,158,0.960583508014679
xglm_small,facebook/xglm-564M,10,functionwords,159,0.95213782787323
xglm_small,facebook/xglm-564M,10,functionwords,160,0.9257323145866394
xglm_small,facebook/xglm-564M,10,functionwords,161,0.9489148855209351
xglm_small,facebook/xglm-564M,10,functionwords,162,0.9494339823722839
xglm_small,facebook/xglm-564M,10,functionwords,163,0.9544599652290344
xglm_small,facebook/xglm-564M,10,functionwords,164,0.9425207376480103
xglm_small,facebook/xglm-564M,10,functionwords,165,0.9515029191970825
xglm_small,facebook/xglm-564M,10,functionwords,166,0.9545906186103821
xglm_small,facebook/xglm-564M,10,functionwords,167,0.9563401937484741
xglm_small,facebook/xglm-564M,10,functionwords,168,0.948708713054657
xglm_small,facebook/xglm-564M,10,functionwords,169,0.9541468620300293
xglm_small,facebook/xglm-564M,10,functionwords,170,0.953041672706604
xglm_small,facebook/xglm-564M,10,functionwords,171,0.9540963172912598
xglm_small,facebook/xglm-564M,10,functionwords,172,0.9372974038124084
xglm_small,facebook/xglm-564M,10,functionwords,173,0.9423397779464722
xglm_small,facebook/xglm-564M,10,functionwords,174,0.9599118828773499
xglm_small,facebook/xglm-564M,10,functionwords,175,0.9558743238449097
xglm_small,facebook/xglm-564M,10,functionwords,176,0.9401733875274658
xglm_small,facebook/xglm-564M,10,functionwords,177,0.9331237077713013
xglm_small,facebook/xglm-564M,10,functionwords,178,0.9241228103637695
xglm_small,facebook/xglm-564M,10,functionwords,179,0.9332490563392639
xglm_small,facebook/xglm-564M,10,functionwords,180,0.9363916516304016
xglm_small,facebook/xglm-564M,10,functionwords,181,0.9498230218887329
xglm_small,facebook/xglm-564M,10,functionwords,182,0.9532054662704468
xglm_small,facebook/xglm-564M,10,functionwords,183,0.9238688945770264
xglm_small,facebook/xglm-564M,10,functionwords,184,0.9462910890579224
xglm_small,facebook/xglm-564M,10,functionwords,185,0.9529829621315002
xglm_small,facebook/xglm-564M,10,functionwords,186,0.9427908658981323
xglm_small,facebook/xglm-564M,10,functionwords,187,0.9349932670593262
xglm_small,facebook/xglm-564M,10,functionwords,188,0.9489758014678955
xglm_small,facebook/xglm-564M,10,functionwords,189,0.943479061126709
xglm_small,facebook/xglm-564M,10,functionwords,190,0.9533171653747559
xglm_small,facebook/xglm-564M,10,functionwords,191,0.9484519362449646
xglm_small,facebook/xglm-564M,10,functionwords,192,0.9541587829589844
xglm_small,facebook/xglm-564M,10,functionwords,193,0.952966570854187
xglm_small,facebook/xglm-564M,10,functionwords,194,0.9452111721038818
xglm_small,facebook/xglm-564M,10,functionwords,195,0.9386315941810608
xglm_small,facebook/xglm-564M,10,functionwords,196,0.9423635005950928
xglm_small,facebook/xglm-564M,10,functionwords,197,0.9231116771697998
xglm_small,facebook/xglm-564M,10,functionwords,198,0.9495347142219543
xglm_small,facebook/xglm-564M,10,functionwords,199,0.9582787752151489
xglm_small,facebook/xglm-564M,10,functionwords,200,0.9356576800346375
xglm_small,facebook/xglm-564M,10,functionwords,201,0.9304407835006714
xglm_small,facebook/xglm-564M,10,functionwords,202,0.9509651064872742
xglm_small,facebook/xglm-564M,10,functionwords,203,0.9432485103607178
xglm_small,facebook/xglm-564M,10,functionwords,204,0.955016016960144
xglm_small,facebook/xglm-564M,10,functionwords,205,0.9437921047210693
xglm_small,facebook/xglm-564M,10,functionwords,206,0.9384660720825195
xglm_small,facebook/xglm-564M,10,functionwords,207,0.9387929439544678
xglm_small,facebook/xglm-564M,10,functionwords,208,0.928673505783081
xglm_small,facebook/xglm-564M,10,functionwords,209,0.9508596658706665
xglm_small,facebook/xglm-564M,10,functionwords,210,0.942317545413971
xglm_small,facebook/xglm-564M,10,functionwords,211,0.9424595236778259
xglm_small,facebook/xglm-564M,10,functionwords,212,0.9353818297386169
xglm_small,facebook/xglm-564M,10,functionwords,213,0.9417021870613098
xglm_small,facebook/xglm-564M,10,functionwords,214,0.9561080932617188
xglm_small,facebook/xglm-564M,10,functionwords,215,0.9499689340591431
xglm_small,facebook/xglm-564M,10,functionwords,216,0.9474208354949951
xglm_small,facebook/xglm-564M,10,functionwords,217,0.9506461024284363
xglm_small,facebook/xglm-564M,10,functionwords,218,0.9519228935241699
xglm_small,facebook/xglm-564M,10,functionwords,219,0.9331635236740112
xglm_small,facebook/xglm-564M,10,functionwords,220,0.9403632879257202
xglm_small,facebook/xglm-564M,10,functionwords,221,0.9535202980041504
xglm_small,facebook/xglm-564M,10,functionwords,222,0.9531725645065308
xglm_small,facebook/xglm-564M,10,functionwords,223,0.9457388520240784
xglm_small,facebook/xglm-564M,10,functionwords,224,0.9528985619544983
xglm_small,facebook/xglm-564M,10,functionwords,225,0.9514020681381226
xglm_small,facebook/xglm-564M,10,functionwords,226,0.93376624584198
xglm_small,facebook/xglm-564M,10,functionwords,227,0.9345718622207642
xglm_small,facebook/xglm-564M,10,functionwords,228,0.933942437171936
xglm_small,facebook/xglm-564M,10,functionwords,229,0.9513718485832214
xglm_small,facebook/xglm-564M,10,functionwords,230,0.9354090690612793
xglm_small,facebook/xglm-564M,10,functionwords,231,0.9397959113121033
xglm_small,facebook/xglm-564M,10,functionwords,232,0.937019407749176
xglm_small,facebook/xglm-564M,10,functionwords,233,0.933482825756073
xglm_small,facebook/xglm-564M,10,functionwords,234,0.9365952610969543
xglm_small,facebook/xglm-564M,10,functionwords,235,0.9407129883766174
xglm_small,facebook/xglm-564M,10,functionwords,236,0.9526731967926025
xglm_small,facebook/xglm-564M,10,functionwords,237,0.9391345977783203
xglm_small,facebook/xglm-564M,10,functionwords,238,0.9516129493713379
xglm_small,facebook/xglm-564M,10,functionwords,239,0.9530714750289917
xglm_small,facebook/xglm-564M,10,functionwords,240,0.9517813920974731
xglm_small,facebook/xglm-564M,10,functionwords,241,0.9429696202278137
xglm_small,facebook/xglm-564M,10,functionwords,242,0.9232672452926636
xglm_small,facebook/xglm-564M,10,functionwords,243,0.9411467909812927
xglm_small,facebook/xglm-564M,10,functionwords,244,0.9532661437988281
xglm_small,facebook/xglm-564M,10,functionwords,245,0.9353542327880859
xglm_small,facebook/xglm-564M,10,functionwords,246,0.9511213302612305
xglm_small,facebook/xglm-564M,10,functionwords,247,0.9347141981124878
xglm_small,facebook/xglm-564M,10,functionwords,248,0.9400433301925659
xglm_small,facebook/xglm-564M,10,functionwords,249,0.9552325010299683
xglm_small,facebook/xglm-564M,10,functionwords,250,0.952881932258606
xglm_small,facebook/xglm-564M,10,functionwords,251,0.9499344825744629
xglm_small,facebook/xglm-564M,10,functionwords,252,0.9498623609542847
xglm_small,facebook/xglm-564M,10,functionwords,253,0.9507325887680054
xglm_small,facebook/xglm-564M,10,functionwords,254,0.9368568658828735
xglm_small,facebook/xglm-564M,10,functionwords,255,0.9482057690620422
xglm_small,facebook/xglm-564M,10,functionwords,256,0.9407696723937988
xglm_small,facebook/xglm-564M,10,functionwords,257,0.9451456069946289
xglm_small,facebook/xglm-564M,10,functionwords,258,0.9503597617149353
xglm_small,facebook/xglm-564M,10,functionwords,259,0.9458922743797302
xglm_small,facebook/xglm-564M,10,functionwords,260,0.9405487179756165
xglm_small,facebook/xglm-564M,10,functionwords,261,0.932348906993866
xglm_small,facebook/xglm-564M,10,functionwords,262,0.9451968669891357
xglm_small,facebook/xglm-564M,10,functionwords,263,0.9424715638160706
xglm_small,facebook/xglm-564M,10,functionwords,264,0.9442085027694702
xglm_small,facebook/xglm-564M,10,functionwords,265,0.9309877753257751
xglm_small,facebook/xglm-564M,10,functionwords,266,0.9463284015655518
xglm_small,facebook/xglm-564M,10,functionwords,267,0.9432662129402161
xglm_small,facebook/xglm-564M,10,functionwords,268,0.9328237771987915
xglm_small,facebook/xglm-564M,10,functionwords,269,0.9330925941467285
xglm_small,facebook/xglm-564M,10,functionwords,270,0.9495959281921387
xglm_small,facebook/xglm-564M,10,functionwords,271,0.9257927536964417
xglm_small,facebook/xglm-564M,10,functionwords,272,0.9498697519302368
xglm_small,facebook/xglm-564M,10,functionwords,273,0.9545978307723999
xglm_small,facebook/xglm-564M,10,functionwords,274,0.9350196123123169
xglm_small,facebook/xglm-564M,10,functionwords,275,0.937904417514801
xglm_small,facebook/xglm-564M,10,functionwords,276,0.9333465099334717
xglm_small,facebook/xglm-564M,10,functionwords,277,0.9332632422447205
xglm_small,facebook/xglm-564M,10,functionwords,278,0.9521514773368835
xglm_small,facebook/xglm-564M,10,functionwords,279,0.9351910948753357
xglm_small,facebook/xglm-564M,10,functionwords,280,0.9518158435821533
xglm_small,facebook/xglm-564M,10,functionwords,281,0.9334096908569336
xglm_small,facebook/xglm-564M,10,functionwords,282,0.9403191804885864
xglm_small,facebook/xglm-564M,10,functionwords,283,0.9410427808761597
xglm_small,facebook/xglm-564M,10,functionwords,284,0.9210477471351624
xglm_small,facebook/xglm-564M,10,functionwords,285,0.9341214895248413
xglm_small,facebook/xglm-564M,10,functionwords,286,0.9356108903884888
xglm_small,facebook/xglm-564M,10,functionwords,287,0.9398393630981445
xglm_small,facebook/xglm-564M,10,functionwords,288,0.9360592365264893
xglm_small,facebook/xglm-564M,10,functionwords,289,0.946574330329895
xglm_small,facebook/xglm-564M,10,functionwords,290,0.9487928152084351
xglm_small,facebook/xglm-564M,10,functionwords,291,0.9511405229568481
xglm_small,facebook/xglm-564M,10,functionwords,292,0.9477576017379761
xglm_small,facebook/xglm-564M,10,functionwords,293,0.9501267671585083
xglm_small,facebook/xglm-564M,10,functionwords,294,0.9485917687416077
xglm_small,facebook/xglm-564M,10,functionwords,295,0.9319373369216919
xglm_small,facebook/xglm-564M,10,functionwords,296,0.9334474205970764
xglm_small,facebook/xglm-564M,10,functionwords,297,0.9491884708404541
xglm_small,facebook/xglm-564M,10,functionwords,298,0.9409483075141907
xglm_small,facebook/xglm-564M,10,functionwords,299,0.9321244955062866
xglm_small,facebook/xglm-564M,10,functionwords,300,0.9458726048469543
xglm_small,facebook/xglm-564M,10,functionwords,301,0.9535951614379883
xglm_small,facebook/xglm-564M,10,functionwords,302,0.9523905515670776
xglm_small,facebook/xglm-564M,10,functionwords,303,0.9345207810401917
xglm_small,facebook/xglm-564M,10,functionwords,304,0.9493860006332397
xglm_small,facebook/xglm-564M,10,functionwords,305,0.9446632266044617
xglm_small,facebook/xglm-564M,10,functionwords,306,0.9496078491210938
xglm_small,facebook/xglm-564M,10,functionwords,307,0.9514704346656799
xglm_small,facebook/xglm-564M,10,functionwords,308,0.9516982436180115
xglm_small,facebook/xglm-564M,10,functionwords,309,0.9328648447990417
xglm_small,facebook/xglm-564M,10,functionwords,310,0.9527809619903564
xglm_small,facebook/xglm-564M,10,functionwords,311,0.9508119821548462
xglm_small,facebook/xglm-564M,10,functionwords,312,0.9514788389205933
xglm_small,facebook/xglm-564M,10,functionwords,313,0.9388928413391113
xglm_small,facebook/xglm-564M,10,functionwords,314,0.9272108674049377
xglm_small,facebook/xglm-564M,10,functionwords,315,0.949400007724762
xglm_small,facebook/xglm-564M,10,functionwords,316,0.938746988773346
xglm_small,facebook/xglm-564M,10,functionwords,317,0.9429855346679688
xglm_small,facebook/xglm-564M,10,functionwords,318,0.9389077425003052
xglm_small,facebook/xglm-564M,10,functionwords,319,0.9318217635154724
xglm_small,facebook/xglm-564M,10,functionwords,320,0.9248359203338623
xglm_small,facebook/xglm-564M,10,functionwords,321,0.9525243043899536
xglm_small,facebook/xglm-564M,10,functionwords,322,0.9360016584396362
xglm_small,facebook/xglm-564M,10,functionwords,323,0.9519882202148438
xglm_small,facebook/xglm-564M,10,functionwords,324,0.9376047849655151
xglm_small,facebook/xglm-564M,10,functionwords,325,0.9530982971191406
xglm_small,facebook/xglm-564M,10,functionwords,326,0.9426324367523193
xglm_small,facebook/xglm-564M,10,functionwords,327,0.9405401945114136
xglm_small,facebook/xglm-564M,10,functionwords,328,0.9342123866081238
xglm_small,facebook/xglm-564M,10,functionwords,329,0.9416796565055847
xglm_small,facebook/xglm-564M,10,functionwords,330,0.9417903423309326
xglm_small,facebook/xglm-564M,10,functionwords,331,0.9257690906524658
xglm_small,facebook/xglm-564M,10,functionwords,332,0.9428248405456543
xglm_small,facebook/xglm-564M,10,functionwords,333,0.9434832334518433
xglm_small,facebook/xglm-564M,10,functionwords,334,0.9415808916091919
xglm_small,facebook/xglm-564M,10,functionwords,335,0.9404302835464478
xglm_small,facebook/xglm-564M,10,functionwords,336,0.9288222193717957
xglm_small,facebook/xglm-564M,10,functionwords,337,0.9322333335876465
xglm_small,facebook/xglm-564M,10,functionwords,338,0.9543096423149109
xglm_small,facebook/xglm-564M,10,functionwords,339,0.9348485469818115
xglm_small,facebook/xglm-564M,10,functionwords,340,0.9244830012321472
xglm_small,facebook/xglm-564M,10,functionwords,341,0.952768087387085
xglm_small,facebook/xglm-564M,10,functionwords,342,0.9556060433387756
xglm_small,facebook/xglm-564M,10,functionwords,343,0.9339138269424438
xglm_small,facebook/xglm-564M,10,functionwords,344,0.9552066922187805
xglm_small,facebook/xglm-564M,10,functionwords,345,0.9354669451713562
xglm_small,facebook/xglm-564M,10,functionwords,346,0.9369269013404846
xglm_small,facebook/xglm-564M,10,functionwords,347,0.9510376453399658
xglm_small,facebook/xglm-564M,10,functionwords,348,0.9332691431045532
xglm_small,facebook/xglm-564M,10,functionwords,349,0.956267237663269
xglm_small,facebook/xglm-564M,10,functionwords,350,0.9254612922668457
xglm_small,facebook/xglm-564M,10,functionwords,351,0.9496777653694153
xglm_small,facebook/xglm-564M,10,functionwords,352,0.9547750353813171
xglm_small,facebook/xglm-564M,10,functionwords,353,0.9393812417984009
xglm_small,facebook/xglm-564M,10,functionwords,354,0.9415281414985657
xglm_small,facebook/xglm-564M,10,functionwords,355,0.936167299747467
xglm_small,facebook/xglm-564M,10,functionwords,356,0.9405255913734436
xglm_small,facebook/xglm-564M,10,functionwords,357,0.9551542401313782
xglm_small,facebook/xglm-564M,10,functionwords,358,0.9346197843551636
xglm_small,facebook/xglm-564M,10,functionwords,359,0.9338665008544922
xglm_small,facebook/xglm-564M,10,functionwords,360,0.9534372687339783
xglm_small,facebook/xglm-564M,10,functionwords,361,0.9491536617279053
xglm_small,facebook/xglm-564M,10,functionwords,362,0.9337196350097656
xglm_small,facebook/xglm-564M,10,functionwords,363,0.930115282535553
xglm_small,facebook/xglm-564M,10,functionwords,364,0.9518302083015442
xglm_small,facebook/xglm-564M,10,functionwords,365,0.9360658526420593
xglm_small,facebook/xglm-564M,10,functionwords,366,0.9372764825820923
xglm_small,facebook/xglm-564M,10,functionwords,367,0.939838707447052
xglm_small,facebook/xglm-564M,10,functionwords,368,0.9541623592376709
xglm_small,facebook/xglm-564M,10,functionwords,369,0.9561629891395569
xglm_small,facebook/xglm-564M,10,functionwords,370,0.9524361491203308
xglm_small,facebook/xglm-564M,10,functionwords,371,0.9517593383789062
xglm_small,facebook/xglm-564M,10,functionwords,372,0.954936146736145
xglm_small,facebook/xglm-564M,10,functionwords,373,0.9507893323898315
xglm_small,facebook/xglm-564M,10,functionwords,374,0.9371297955513
xglm_small,facebook/xglm-564M,10,functionwords,375,0.9531813859939575
xglm_small,facebook/xglm-564M,10,functionwords,376,0.9343751072883606
xglm_small,facebook/xglm-564M,10,functionwords,377,0.9245336651802063
xglm_small,facebook/xglm-564M,10,functionwords,378,0.9540846347808838
xglm_small,facebook/xglm-564M,10,functionwords,379,0.9537257552146912
xglm_small,facebook/xglm-564M,10,functionwords,380,0.9369956851005554
xglm_small,facebook/xglm-564M,10,functionwords,381,0.9434013366699219
xglm_small,facebook/xglm-564M,10,functionwords,382,0.9417380094528198
xglm_small,facebook/xglm-564M,10,functionwords,383,0.9437583088874817
xglm_small,facebook/xglm-564M,10,functionwords,384,0.9429048299789429
xglm_small,facebook/xglm-564M,10,functionwords,385,0.9240590929985046
xglm_small,facebook/xglm-564M,10,functionwords,386,0.9419627785682678
xglm_small,facebook/xglm-564M,10,functionwords,387,0.9263935685157776
xglm_small,facebook/xglm-564M,10,functionwords,388,0.9448261857032776
xglm_small,facebook/xglm-564M,10,functionwords,389,0.9454270601272583
xglm_small,facebook/xglm-564M,10,functionwords,390,0.9400172829627991
xglm_small,facebook/xglm-564M,10,functionwords,391,0.9378663897514343
xglm_small,facebook/xglm-564M,10,functionwords,392,0.9402447938919067
xglm_small,facebook/xglm-564M,10,functionwords,393,0.9368943572044373
xglm_small,facebook/xglm-564M,10,functionwords,394,0.9421517848968506
xglm_small,facebook/xglm-564M,10,functionwords,395,0.9408888816833496
xglm_small,facebook/xglm-564M,10,functionwords,396,0.943609356880188
xglm_small,facebook/xglm-564M,10,functionwords,397,0.9401980042457581
xglm_small,facebook/xglm-564M,10,functionwords,398,0.9442396759986877
xglm_small,facebook/xglm-564M,10,functionwords,399,0.9246959686279297
xglm_small,facebook/xglm-564M,10,functionwords,400,0.9387372136116028
xglm_small,facebook/xglm-564M,10,functionwords,401,0.9361543655395508
xglm_small,facebook/xglm-564M,10,functionwords,402,0.9345865249633789
xglm_small,facebook/xglm-564M,10,functionwords,403,0.9308996796607971
xglm_small,facebook/xglm-564M,10,functionwords,404,0.9357515573501587
xglm_small,facebook/xglm-564M,10,functionwords,405,0.9437242746353149
xglm_small,facebook/xglm-564M,10,functionwords,406,0.944567859172821
xglm_small,facebook/xglm-564M,10,functionwords,407,0.9397224187850952
xglm_small,facebook/xglm-564M,10,functionwords,408,0.9320498108863831
xglm_small,facebook/xglm-564M,10,functionwords,409,0.9405412077903748
xglm_small,facebook/xglm-564M,10,functionwords,410,0.9399860501289368
xglm_small,facebook/xglm-564M,10,functionwords,411,0.9495464563369751
xglm_small,facebook/xglm-564M,10,functionwords,412,0.9296095371246338
xglm_small,facebook/xglm-564M,10,functionwords,413,0.9391922950744629
xglm_small,facebook/xglm-564M,10,functionwords,414,0.9530184864997864
xglm_small,facebook/xglm-564M,10,functionwords,415,0.9550347924232483
xglm_small,facebook/xglm-564M,10,functionwords,416,0.9334937930107117
xglm_small,facebook/xglm-564M,10,functionwords,417,0.9513578414916992
xglm_small,facebook/xglm-564M,10,functionwords,418,0.9338513016700745
xglm_small,facebook/xglm-564M,10,functionwords,419,0.9512208700180054
xglm_small,facebook/xglm-564M,10,functionwords,420,0.939905047416687
xglm_small,facebook/xglm-564M,10,functionwords,421,0.9342591762542725
xglm_small,facebook/xglm-564M,10,functionwords,422,0.9407165050506592
xglm_small,facebook/xglm-564M,10,functionwords,423,0.9531803131103516
xglm_small,facebook/xglm-564M,10,functionwords,424,0.9496245980262756
xglm_small,facebook/xglm-564M,10,functionwords,425,0.9367064833641052
xglm_small,facebook/xglm-564M,10,functionwords,426,0.9347755312919617
xglm_small,facebook/xglm-564M,10,functionwords,427,0.9295490980148315
xglm_small,facebook/xglm-564M,10,functionwords,428,0.9246769547462463
xglm_small,facebook/xglm-564M,10,functionwords,429,0.9486503005027771
xglm_small,facebook/xglm-564M,10,functionwords,430,0.9292168617248535
xglm_small,facebook/xglm-564M,10,functionwords,431,0.9274767637252808
xglm_small,facebook/xglm-564M,10,functionwords,432,0.932155430316925
xglm_small,facebook/xglm-564M,10,functionwords,433,0.951381266117096
xglm_small,facebook/xglm-564M,10,functionwords,434,0.9342808127403259
xglm_small,facebook/xglm-564M,10,functionwords,435,0.9328474998474121
xglm_small,facebook/xglm-564M,10,functionwords,436,0.9562032222747803
xglm_small,facebook/xglm-564M,10,functionwords,437,0.9338087439537048
xglm_small,facebook/xglm-564M,10,functionwords,438,0.9446626901626587
xglm_small,facebook/xglm-564M,10,functionwords,439,0.9563140273094177
xglm_small,facebook/xglm-564M,10,functionwords,440,0.951911449432373
xglm_small,facebook/xglm-564M,10,functionwords,441,0.9579320549964905
xglm_small,facebook/xglm-564M,10,functionwords,442,0.950710117816925
xglm_small,facebook/xglm-564M,10,functionwords,443,0.9554251432418823
xglm_small,facebook/xglm-564M,10,functionwords,444,0.9533482789993286
xglm_small,facebook/xglm-564M,10,functionwords,445,0.9232330322265625
xglm_small,facebook/xglm-564M,10,functionwords,446,0.9534353613853455
xglm_small,facebook/xglm-564M,10,functionwords,447,0.941150963306427
xglm_small,facebook/xglm-564M,10,functionwords,448,0.9530370831489563
xglm_small,facebook/xglm-564M,10,functionwords,449,0.9574472308158875
xglm_small,facebook/xglm-564M,10,functionwords,450,0.9518147706985474
xglm_small,facebook/xglm-564M,10,functionwords,451,0.9420109987258911
xglm_small,facebook/xglm-564M,10,functionwords,452,0.9358953237533569
xglm_small,facebook/xglm-564M,10,functionwords,453,0.9323625564575195
xglm_small,facebook/xglm-564M,10,functionwords,454,0.9457318782806396
xglm_small,facebook/xglm-564M,10,functionwords,455,0.9378859400749207
xglm_small,facebook/xglm-564M,10,functionwords,456,0.9417710900306702
xglm_small,facebook/xglm-564M,10,functionwords,457,0.948279619216919
xglm_small,facebook/xglm-564M,10,functionwords,458,0.9435168504714966
xglm_small,facebook/xglm-564M,10,functionwords,459,0.9514275193214417
xglm_small,facebook/xglm-564M,10,functionwords,460,0.9395565390586853
xglm_small,facebook/xglm-564M,10,functionwords,461,0.9562922120094299
xglm_small,facebook/xglm-564M,10,functionwords,462,0.937213122844696
xglm_small,facebook/xglm-564M,10,functionwords,463,0.9564397931098938
xglm_small,facebook/xglm-564M,10,functionwords,464,0.9522466659545898
xglm_small,facebook/xglm-564M,10,functionwords,465,0.9394285082817078
xglm_small,facebook/xglm-564M,10,functionwords,466,0.9390829801559448
xglm_small,facebook/xglm-564M,10,functionwords,467,0.9400061964988708
xglm_small,facebook/xglm-564M,10,functionwords,468,0.9507056474685669
xglm_small,facebook/xglm-564M,10,functionwords,469,0.9510031342506409
xglm_small,facebook/xglm-564M,10,functionwords,470,0.9566754698753357
xglm_small,facebook/xglm-564M,10,functionwords,471,0.9468804597854614
xglm_small,facebook/xglm-564M,10,functionwords,472,0.9282084703445435
xglm_small,facebook/xglm-564M,10,functionwords,473,0.9359804391860962
xglm_small,facebook/xglm-564M,10,functionwords,474,0.9580196142196655
xglm_small,facebook/xglm-564M,10,functionwords,475,0.9396646618843079
xglm_small,facebook/xglm-564M,10,functionwords,476,0.9279332756996155
xglm_small,facebook/xglm-564M,10,functionwords,477,0.9579100608825684
xglm_small,facebook/xglm-564M,10,functionwords,478,0.9568747878074646
xglm_small,facebook/xglm-564M,10,functionwords,479,0.9448046684265137
xglm_small,facebook/xglm-564M,10,functionwords,480,0.9501102566719055
xglm_small,facebook/xglm-564M,10,functionwords,481,0.9516984820365906
xglm_small,facebook/xglm-564M,10,functionwords,482,0.9438953399658203
xglm_small,facebook/xglm-564M,10,functionwords,483,0.9403195381164551
xglm_small,facebook/xglm-564M,10,functionwords,484,0.9286153316497803
xglm_small,facebook/xglm-564M,10,functionwords,485,0.9273288249969482
xglm_small,facebook/xglm-564M,10,functionwords,486,0.955007016658783
xglm_small,facebook/xglm-564M,10,functionwords,487,0.9574483633041382
xglm_small,facebook/xglm-564M,10,functionwords,488,0.949317991733551
xglm_small,facebook/xglm-564M,10,functionwords,489,0.9512214660644531
xglm_small,facebook/xglm-564M,10,functionwords,490,0.9462161064147949
xglm_small,facebook/xglm-564M,10,functionwords,491,0.9512361288070679
xglm_small,facebook/xglm-564M,10,functionwords,492,0.9356526732444763
xglm_small,facebook/xglm-564M,10,functionwords,493,0.9539056420326233
xglm_small,facebook/xglm-564M,10,functionwords,494,0.9407985210418701
xglm_small,facebook/xglm-564M,10,functionwords,495,0.9520294070243835
xglm_small,facebook/xglm-564M,10,functionwords,496,0.9521207809448242
xglm_small,facebook/xglm-564M,10,functionwords,497,0.9465582966804504
xglm_small,facebook/xglm-564M,10,functionwords,498,0.9396551847457886
xglm_small,facebook/xglm-564M,10,functionwords,499,0.9493448734283447
xglm_small,facebook/xglm-564M,10,functionwords,500,0.9483039379119873
xglm_small,facebook/xglm-564M,10,functionwords,501,0.9533315896987915
xglm_small,facebook/xglm-564M,10,functionwords,502,0.9374452233314514
xglm_small,facebook/xglm-564M,10,functionwords,503,0.9398971796035767
xglm_small,facebook/xglm-564M,10,functionwords,504,0.955467939376831
xglm_small,facebook/xglm-564M,10,functionwords,505,0.9605902433395386
xglm_small,facebook/xglm-564M,10,functionwords,506,0.9527656435966492
xglm_small,facebook/xglm-564M,10,functionwords,507,0.9452036619186401
xglm_small,facebook/xglm-564M,10,functionwords,508,0.9463603496551514
xglm_small,facebook/xglm-564M,10,functionwords,509,0.9481122493743896
xglm_small,facebook/xglm-564M,10,functionwords,510,0.9319828152656555
xglm_small,facebook/xglm-564M,10,functionwords,511,0.9546961188316345
xglm_small,facebook/xglm-564M,10,functionwords,512,0.9505171179771423
xglm_small,facebook/xglm-564M,10,functionwords,513,0.9304152727127075
xglm_small,facebook/xglm-564M,10,functionwords,514,0.9424614906311035
xglm_small,facebook/xglm-564M,10,functionwords,515,0.9558770060539246
xglm_small,facebook/xglm-564M,10,functionwords,516,0.9593175649642944
xglm_small,facebook/xglm-564M,10,functionwords,517,0.9546356797218323
xglm_small,facebook/xglm-564M,10,functionwords,518,0.9490026831626892
xglm_small,facebook/xglm-564M,10,functionwords,519,0.9449264407157898
xglm_small,facebook/xglm-564M,10,functionwords,520,0.9517604112625122
xglm_small,facebook/xglm-564M,10,functionwords,521,0.9385519623756409
xglm_small,facebook/xglm-564M,10,functionwords,522,0.9512481689453125
xglm_small,facebook/xglm-564M,10,functionwords,523,0.9527942538261414
xglm_small,facebook/xglm-564M,10,functionwords,524,0.9421364665031433
xglm_small,facebook/xglm-564M,10,functionwords,525,0.9537128210067749
xglm_small,facebook/xglm-564M,10,functionwords,526,0.9546313285827637
xglm_small,facebook/xglm-564M,10,functionwords,527,0.936526358127594
xglm_small,facebook/xglm-564M,10,functionwords,528,0.9379029870033264
xglm_small,facebook/xglm-564M,10,functionwords,529,0.9543960094451904
xglm_small,facebook/xglm-564M,10,functionwords,530,0.9333991408348083
xglm_small,facebook/xglm-564M,10,functionwords,531,0.9359691143035889
xglm_small,facebook/xglm-564M,10,functionwords,532,0.9524734020233154
xglm_small,facebook/xglm-564M,10,functionwords,533,0.9522082209587097
xglm_small,facebook/xglm-564M,10,functionwords,534,0.9444677829742432
xglm_small,facebook/xglm-564M,10,functionwords,535,0.9495925903320312
xglm_small,facebook/xglm-564M,10,functionwords,536,0.9387024641036987
xglm_small,facebook/xglm-564M,10,functionwords,537,0.9485651850700378
xglm_small,facebook/xglm-564M,10,functionwords,538,0.9555325508117676
xglm_small,facebook/xglm-564M,10,functionwords,539,0.9573479890823364
xglm_small,facebook/xglm-564M,10,functionwords,540,0.9353122711181641
xglm_small,facebook/xglm-564M,10,functionwords,541,0.9559506177902222
xglm_small,facebook/xglm-564M,10,functionwords,542,0.9464027881622314
xglm_small,facebook/xglm-564M,10,functionwords,543,0.9389107823371887
xglm_small,facebook/xglm-564M,10,functionwords,544,0.9542053937911987
xglm_small,facebook/xglm-564M,10,functionwords,545,0.9526588916778564
xglm_small,facebook/xglm-564M,10,functionwords,546,0.9576467275619507
xglm_small,facebook/xglm-564M,10,functionwords,547,0.9535132050514221
xglm_small,facebook/xglm-564M,10,functionwords,548,0.9528160095214844
xglm_small,facebook/xglm-564M,10,functionwords,549,0.9385666847229004
xglm_small,facebook/xglm-564M,10,functionwords,550,0.9449155926704407
xglm_small,facebook/xglm-564M,10,functionwords,551,0.9588094353675842
xglm_small,facebook/xglm-564M,10,functionwords,552,0.94537353515625
xglm_small,facebook/xglm-564M,10,functionwords,553,0.9521368741989136
xglm_small,facebook/xglm-564M,10,functionwords,554,0.9541043043136597
xglm_small,facebook/xglm-564M,10,functionwords,555,0.9582955837249756
xglm_small,facebook/xglm-564M,10,functionwords,556,0.9348275661468506
xglm_small,facebook/xglm-564M,10,functionwords,557,0.9302098751068115
xglm_small,facebook/xglm-564M,10,functionwords,558,0.9426709413528442
xglm_small,facebook/xglm-564M,10,functionwords,559,0.9459364414215088
xglm_small,facebook/xglm-564M,10,functionwords,560,0.9509913325309753
xglm_small,facebook/xglm-564M,10,functionwords,561,0.9544591903686523
xglm_small,facebook/xglm-564M,10,functionwords,562,0.9387117028236389
xglm_small,facebook/xglm-564M,10,functionwords,563,0.9542537331581116
xglm_small,facebook/xglm-564M,10,functionwords,564,0.9385793209075928
xglm_small,facebook/xglm-564M,10,functionwords,565,0.9280878305435181
xglm_small,facebook/xglm-564M,10,functionwords,566,0.9402100443840027
xglm_small,facebook/xglm-564M,10,functionwords,567,0.9375352263450623
xglm_small,facebook/xglm-564M,10,functionwords,568,0.9538291096687317
xglm_small,facebook/xglm-564M,10,functionwords,569,0.9387980103492737
xglm_small,facebook/xglm-564M,10,functionwords,570,0.9563592076301575
xglm_small,facebook/xglm-564M,10,functionwords,571,0.9413061141967773
xglm_small,facebook/xglm-564M,10,functionwords,572,0.946007490158081
xglm_small,facebook/xglm-564M,10,functionwords,573,0.9528548717498779
xglm_small,facebook/xglm-564M,10,functionwords,574,0.9580249786376953
xglm_small,facebook/xglm-564M,10,functionwords,575,0.945289134979248
xglm_small,facebook/xglm-564M,10,functionwords,576,0.9283268451690674
xglm_small,facebook/xglm-564M,10,functionwords,577,0.9511535167694092
xglm_small,facebook/xglm-564M,10,functionwords,578,0.9511371850967407
xglm_small,facebook/xglm-564M,10,functionwords,579,0.9398685097694397
xglm_small,facebook/xglm-564M,10,functionwords,580,0.9519912004470825
xglm_small,facebook/xglm-564M,10,functionwords,581,0.9342453479766846
xglm_small,facebook/xglm-564M,10,functionwords,582,0.9496602416038513
xglm_small,facebook/xglm-564M,10,functionwords,583,0.9494407773017883
xglm_small,facebook/xglm-564M,10,functionwords,584,0.9286199808120728
xglm_small,facebook/xglm-564M,10,functionwords,585,0.9515762329101562
xglm_small,facebook/xglm-564M,10,functionwords,586,0.9309217929840088
xglm_small,facebook/xglm-564M,10,functionwords,587,0.9512937664985657
xglm_small,facebook/xglm-564M,10,functionwords,588,0.9386410713195801
xglm_small,facebook/xglm-564M,10,functionwords,589,0.9173823595046997
xglm_small,facebook/xglm-564M,10,functionwords,590,0.9250102043151855
xglm_small,facebook/xglm-564M,10,functionwords,591,0.9535163640975952
xglm_small,facebook/xglm-564M,10,functionwords,592,0.9489856362342834
xglm_small,facebook/xglm-564M,10,functionwords,593,0.950406551361084
xglm_small,facebook/xglm-564M,10,functionwords,594,0.9497662782669067
xglm_small,facebook/xglm-564M,10,functionwords,595,0.9399793148040771
xglm_small,facebook/xglm-564M,10,functionwords,596,0.9475680589675903
xglm_small,facebook/xglm-564M,10,functionwords,597,0.9478908777236938
xglm_small,facebook/xglm-564M,10,functionwords,598,0.9601244330406189
xglm_small,facebook/xglm-564M,10,functionwords,599,0.9561772346496582
xglm_small,facebook/xglm-564M,10,functionwords,600,0.9374693632125854
xglm_small,facebook/xglm-564M,10,functionwords,601,0.9359375238418579
xglm_small,facebook/xglm-564M,10,functionwords,602,0.9493022561073303
xglm_small,facebook/xglm-564M,10,functionwords,603,0.9502595067024231
xglm_small,facebook/xglm-564M,10,functionwords,604,0.9527347683906555
xglm_small,facebook/xglm-564M,10,functionwords,605,0.9521538615226746
xglm_small,facebook/xglm-564M,10,functionwords,606,0.9219826459884644
xglm_small,facebook/xglm-564M,10,functionwords,607,0.9250971674919128
xglm_small,facebook/xglm-564M,10,functionwords,608,0.9408678412437439
xglm_small,facebook/xglm-564M,10,functionwords,609,0.9298328161239624
xglm_small,facebook/xglm-564M,10,functionwords,610,0.940829873085022
xglm_small,facebook/xglm-564M,10,functionwords,611,0.9334510564804077
xglm_small,facebook/xglm-564M,10,functionwords,612,0.9485146999359131
xglm_small,facebook/xglm-564M,10,functionwords,613,0.9337031245231628
xglm_small,facebook/xglm-564M,10,functionwords,614,0.9471977949142456
xglm_small,facebook/xglm-564M,10,functionwords,615,0.953694760799408
xglm_small,facebook/xglm-564M,10,functionwords,616,0.9324100613594055
xglm_small,facebook/xglm-564M,10,functionwords,617,0.9544824361801147
xglm_small,facebook/xglm-564M,10,functionwords,618,0.9361692070960999
xglm_small,facebook/xglm-564M,10,functionwords,619,0.9479900598526001
xglm_small,facebook/xglm-564M,10,functionwords,620,0.9539479613304138
xglm_small,facebook/xglm-564M,10,functionwords,621,0.952767550945282
xglm_small,facebook/xglm-564M,10,functionwords,622,0.9568265676498413
xglm_small,facebook/xglm-564M,10,functionwords,623,0.92655348777771
xglm_small,facebook/xglm-564M,10,functionwords,624,0.9449052810668945
xglm_small,facebook/xglm-564M,10,functionwords,625,0.9387083649635315
xglm_small,facebook/xglm-564M,10,functionwords,626,0.9540477991104126
xglm_small,facebook/xglm-564M,10,functionwords,627,0.9542479515075684
xglm_small,facebook/xglm-564M,10,functionwords,628,0.9539574980735779
xglm_small,facebook/xglm-564M,10,functionwords,629,0.9527333974838257
xglm_small,facebook/xglm-564M,10,functionwords,630,0.9567762613296509
xglm_small,facebook/xglm-564M,10,functionwords,631,0.9351666569709778
xglm_small,facebook/xglm-564M,10,functionwords,632,0.9311145544052124
xglm_small,facebook/xglm-564M,10,functionwords,633,0.9545462131500244
xglm_small,facebook/xglm-564M,10,functionwords,634,0.9390514492988586
xglm_small,facebook/xglm-564M,10,functionwords,635,0.9540901780128479
xglm_small,facebook/xglm-564M,10,functionwords,636,0.9559906721115112
xglm_small,facebook/xglm-564M,10,functionwords,637,0.9533737301826477
xglm_small,facebook/xglm-564M,10,functionwords,638,0.9507235288619995
xglm_small,facebook/xglm-564M,10,functionwords,639,0.9555916786193848
xglm_small,facebook/xglm-564M,10,functionwords,640,0.9527606964111328
xglm_small,facebook/xglm-564M,10,functionwords,641,0.9536885619163513
xglm_small,facebook/xglm-564M,10,functionwords,642,0.9406651854515076
xglm_small,facebook/xglm-564M,10,functionwords,643,0.9442633986473083
xglm_small,facebook/xglm-564M,10,functionwords,644,0.9368205666542053
xglm_small,facebook/xglm-564M,10,functionwords,645,0.9513834118843079
xglm_small,facebook/xglm-564M,10,functionwords,646,0.9365910887718201
xglm_small,facebook/xglm-564M,10,functionwords,647,0.94212806224823
xglm_small,facebook/xglm-564M,10,functionwords,648,0.9578319191932678
xglm_small,facebook/xglm-564M,10,functionwords,649,0.9519215822219849
xglm_small,facebook/xglm-564M,10,functionwords,650,0.9513816237449646
xglm_small,facebook/xglm-564M,10,functionwords,651,0.9499598145484924
xglm_small,facebook/xglm-564M,10,functionwords,652,0.952475905418396
xglm_small,facebook/xglm-564M,10,functionwords,653,0.9464753866195679
xglm_small,facebook/xglm-564M,10,functionwords,654,0.9368338584899902
xglm_small,facebook/xglm-564M,10,functionwords,655,0.9447674751281738
xglm_small,facebook/xglm-564M,10,functionwords,656,0.9403727054595947
xglm_small,facebook/xglm-564M,10,functionwords,657,0.9515089988708496
xglm_small,facebook/xglm-564M,10,functionwords,658,0.9489953517913818
xglm_small,facebook/xglm-564M,10,functionwords,659,0.9413851499557495
xglm_small,facebook/xglm-564M,10,functionwords,660,0.936591386795044
xglm_small,facebook/xglm-564M,10,functionwords,661,0.9516535997390747
xglm_small,facebook/xglm-564M,10,functionwords,662,0.9436887502670288
xglm_small,facebook/xglm-564M,10,functionwords,663,0.955606997013092
xglm_small,facebook/xglm-564M,10,functionwords,664,0.9575563073158264
xglm_small,facebook/xglm-564M,10,functionwords,665,0.9362034797668457
xglm_small,facebook/xglm-564M,10,functionwords,666,0.9534713625907898
xglm_small,facebook/xglm-564M,10,functionwords,667,0.9513354897499084
xglm_small,facebook/xglm-564M,10,functionwords,668,0.9609907865524292
xglm_small,facebook/xglm-564M,10,functionwords,669,0.9500102996826172
xglm_small,facebook/xglm-564M,10,functionwords,670,0.9508938789367676
xglm_small,facebook/xglm-564M,10,functionwords,671,0.9515414237976074
xglm_small,facebook/xglm-564M,10,functionwords,672,0.9376664161682129
xglm_small,facebook/xglm-564M,10,functionwords,673,0.9528828859329224
xglm_small,facebook/xglm-564M,10,functionwords,674,0.949303388595581
xglm_small,facebook/xglm-564M,10,functionwords,675,0.9412358403205872
xglm_small,facebook/xglm-564M,10,functionwords,676,0.9474148154258728
xglm_small,facebook/xglm-564M,10,functionwords,677,0.9510278701782227
xglm_small,facebook/xglm-564M,10,functionwords,678,0.9275869727134705
xglm_small,facebook/xglm-564M,10,functionwords,679,0.9428288340568542
xglm_small,facebook/xglm-564M,10,functionwords,680,0.952898383140564
xglm_small,facebook/xglm-564M,10,functionwords,681,0.9479383230209351
xglm_small,facebook/xglm-564M,10,functionwords,682,0.9354146718978882
xglm_small,facebook/xglm-564M,10,functionwords,683,0.9513956904411316
xglm_small,facebook/xglm-564M,10,functionwords,684,0.9527802467346191
xglm_small,facebook/xglm-564M,10,functionwords,685,0.9216107130050659
xglm_small,facebook/xglm-564M,10,functionwords,686,0.9529155492782593
xglm_small,facebook/xglm-564M,10,functionwords,687,0.9352957010269165
xglm_small,facebook/xglm-564M,10,functionwords,688,0.9474272727966309
xglm_small,facebook/xglm-564M,10,functionwords,689,0.9534724354743958
xglm_small,facebook/xglm-564M,10,functionwords,690,0.9366772770881653
xglm_small,facebook/xglm-564M,10,functionwords,691,0.9543658494949341
xglm_small,facebook/xglm-564M,10,functionwords,692,0.9541703462600708
xglm_small,facebook/xglm-564M,10,functionwords,693,0.9246926307678223
xglm_small,facebook/xglm-564M,10,functionwords,694,0.9517181515693665
xglm_small,facebook/xglm-564M,10,functionwords,695,0.9504171013832092
xglm_small,facebook/xglm-564M,10,functionwords,696,0.9553541541099548
xglm_small,facebook/xglm-564M,10,functionwords,697,0.9520918130874634
xglm_small,facebook/xglm-564M,10,functionwords,698,0.941565752029419
xglm_small,facebook/xglm-564M,10,functionwords,699,0.9368293285369873
xglm_small,facebook/xglm-564M,10,functionwords,700,0.9554126858711243
xglm_small,facebook/xglm-564M,10,functionwords,701,0.9517019391059875
xglm_small,facebook/xglm-564M,10,functionwords,702,0.9486576914787292
xglm_small,facebook/xglm-564M,10,functionwords,703,0.959459662437439
xglm_small,facebook/xglm-564M,10,functionwords,704,0.9530656933784485
xglm_small,facebook/xglm-564M,10,functionwords,705,0.9486331939697266
xglm_small,facebook/xglm-564M,10,functionwords,706,0.9557136297225952
xglm_small,facebook/xglm-564M,10,functionwords,707,0.9392839074134827
xglm_small,facebook/xglm-564M,10,functionwords,708,0.9538981318473816
xglm_small,facebook/xglm-564M,10,functionwords,709,0.9438167214393616
xglm_small,facebook/xglm-564M,10,functionwords,710,0.9320284128189087
xglm_small,facebook/xglm-564M,10,functionwords,711,0.9346504211425781
xglm_small,facebook/xglm-564M,10,functionwords,712,0.9425734877586365
xglm_small,facebook/xglm-564M,10,functionwords,713,0.947058379650116
xglm_small,facebook/xglm-564M,10,functionwords,714,0.9333553314208984
xglm_small,facebook/xglm-564M,10,functionwords,715,0.9398266077041626
xglm_small,facebook/xglm-564M,10,functionwords,716,0.9338216185569763
xglm_small,facebook/xglm-564M,10,functionwords,717,0.9513614177703857
xglm_small,facebook/xglm-564M,10,functionwords,718,0.949087381362915
xglm_small,facebook/xglm-564M,10,functionwords,719,0.9352781176567078
xglm_small,facebook/xglm-564M,10,functionwords,720,0.9301400184631348
xglm_small,facebook/xglm-564M,10,functionwords,721,0.9354643821716309
xglm_small,facebook/xglm-564M,10,functionwords,722,0.9379046559333801
xglm_small,facebook/xglm-564M,10,functionwords,723,0.9502009749412537
xglm_small,facebook/xglm-564M,10,functionwords,724,0.9392646551132202
xglm_small,facebook/xglm-564M,10,functionwords,725,0.9478702545166016
xglm_small,facebook/xglm-564M,10,functionwords,726,0.9410836100578308
xglm_small,facebook/xglm-564M,10,functionwords,727,0.9518993496894836
xglm_small,facebook/xglm-564M,10,functionwords,728,0.9525701403617859
xglm_small,facebook/xglm-564M,10,functionwords,729,0.9513956308364868
xglm_small,facebook/xglm-564M,10,functionwords,730,0.9409316778182983
xglm_small,facebook/xglm-564M,10,functionwords,731,0.933161735534668
xglm_small,facebook/xglm-564M,10,functionwords,732,0.9398144483566284
xglm_small,facebook/xglm-564M,10,functionwords,733,0.9416449069976807
xglm_small,facebook/xglm-564M,10,functionwords,734,0.9516745805740356
xglm_small,facebook/xglm-564M,10,functionwords,735,0.9412252902984619
xglm_small,facebook/xglm-564M,10,functionwords,736,0.9403127431869507
xglm_small,facebook/xglm-564M,10,functionwords,737,0.9341463446617126
xglm_small,facebook/xglm-564M,10,functionwords,738,0.9383567571640015
xglm_small,facebook/xglm-564M,10,functionwords,739,0.9338041543960571
xglm_small,facebook/xglm-564M,10,functionwords,740,0.9498140811920166
xglm_small,facebook/xglm-564M,10,functionwords,741,0.9439319372177124
xglm_small,facebook/xglm-564M,10,functionwords,742,0.9318670630455017
xglm_small,facebook/xglm-564M,10,functionwords,743,0.9514329433441162
xglm_small,facebook/xglm-564M,10,functionwords,744,0.9521912932395935
xglm_small,facebook/xglm-564M,10,functionwords,745,0.9341580867767334
xglm_small,facebook/xglm-564M,10,functionwords,746,0.9267981052398682
xglm_small,facebook/xglm-564M,10,functionwords,747,0.9392012357711792
xglm_small,facebook/xglm-564M,10,functionwords,748,0.9483975768089294
xglm_small,facebook/xglm-564M,10,functionwords,749,0.9505013823509216
xglm_small,facebook/xglm-564M,10,functionwords,750,0.9324034452438354
xglm_small,facebook/xglm-564M,10,functionwords,751,0.9346156120300293
xglm_small,facebook/xglm-564M,10,functionwords,752,0.9523633718490601
xglm_small,facebook/xglm-564M,10,functionwords,753,0.9328374862670898
xglm_small,facebook/xglm-564M,10,functionwords,754,0.9441403746604919
xglm_small,facebook/xglm-564M,10,functionwords,755,0.9495662450790405
xglm_small,facebook/xglm-564M,10,functionwords,756,0.932973325252533
xglm_small,facebook/xglm-564M,10,functionwords,757,0.9497356414794922
xglm_small,facebook/xglm-564M,10,functionwords,758,0.9495511054992676
xglm_small,facebook/xglm-564M,10,functionwords,759,0.9328407049179077
xglm_small,facebook/xglm-564M,10,functionwords,760,0.9243744611740112
xglm_small,facebook/xglm-564M,10,functionwords,761,0.934789776802063
xglm_small,facebook/xglm-564M,10,functionwords,762,0.9375172853469849
xglm_small,facebook/xglm-564M,10,functionwords,763,0.9355082511901855
xglm_small,facebook/xglm-564M,10,functionwords,764,0.9300529360771179
xglm_small,facebook/xglm-564M,10,functionwords,765,0.9478896260261536
xglm_small,facebook/xglm-564M,10,functionwords,766,0.9517673254013062
xglm_small,facebook/xglm-564M,10,functionwords,767,0.952462911605835
xglm_small,facebook/xglm-564M,10,functionwords,768,0.9520536065101624
xglm_small,facebook/xglm-564M,10,functionwords,769,0.9395435452461243
xglm_small,facebook/xglm-564M,10,functionwords,770,0.9322469830513
xglm_small,facebook/xglm-564M,10,functionwords,771,0.9526989459991455
xglm_small,facebook/xglm-564M,10,functionwords,772,0.9481589794158936
xglm_small,facebook/xglm-564M,10,functionwords,773,0.938588559627533
xglm_small,facebook/xglm-564M,10,functionwords,774,0.9511154890060425
xglm_small,facebook/xglm-564M,10,functionwords,775,0.9282304048538208
xglm_small,facebook/xglm-564M,10,functionwords,776,0.9466561079025269
xglm_small,facebook/xglm-564M,10,functionwords,777,0.9499856233596802
xglm_small,facebook/xglm-564M,10,functionwords,778,0.9387558698654175
xglm_small,facebook/xglm-564M,10,functionwords,779,0.9329982995986938
xglm_small,facebook/xglm-564M,10,functionwords,780,0.9381473064422607
xglm_small,facebook/xglm-564M,10,functionwords,781,0.9518654942512512
xglm_small,facebook/xglm-564M,10,functionwords,782,0.933323860168457
xglm_small,facebook/xglm-564M,10,functionwords,783,0.9477390050888062
xglm_small,facebook/xglm-564M,10,functionwords,784,0.9340887665748596
xglm_small,facebook/xglm-564M,10,functionwords,785,0.9409747123718262
xglm_small,facebook/xglm-564M,10,functionwords,786,0.9307278990745544
xglm_small,facebook/xglm-564M,10,functionwords,787,0.9372258186340332
xglm_small,facebook/xglm-564M,10,functionwords,788,0.9487924575805664
xglm_small,facebook/xglm-564M,10,functionwords,789,0.938440203666687
xglm_small,facebook/xglm-564M,10,functionwords,790,0.943340003490448
xglm_small,facebook/xglm-564M,10,functionwords,791,0.9403056502342224
xglm_small,facebook/xglm-564M,10,functionwords,792,0.9467579126358032
xglm_small,facebook/xglm-564M,10,functionwords,793,0.9350953102111816
xglm_small,facebook/xglm-564M,10,functionwords,794,0.9527620077133179
xglm_small,facebook/xglm-564M,10,functionwords,795,0.931617259979248
xglm_small,facebook/xglm-564M,10,functionwords,796,0.9497396945953369
xglm_small,facebook/xglm-564M,10,functionwords,797,0.9558532238006592
xglm_small,facebook/xglm-564M,10,functionwords,798,0.9518246650695801
xglm_small,facebook/xglm-564M,10,functionwords,799,0.9506180286407471
xglm_small,facebook/xglm-564M,10,functionwords,800,0.9357340931892395
xglm_small,facebook/xglm-564M,10,functionwords,801,0.9328789710998535
xglm_small,facebook/xglm-564M,10,functionwords,802,0.9462377429008484
xglm_small,facebook/xglm-564M,10,functionwords,803,0.9515743851661682
xglm_small,facebook/xglm-564M,10,functionwords,804,0.941554069519043
xglm_small,facebook/xglm-564M,10,functionwords,805,0.9357576370239258
xglm_small,facebook/xglm-564M,10,functionwords,806,0.9337118864059448
xglm_small,facebook/xglm-564M,10,functionwords,807,0.9507408142089844
xglm_small,facebook/xglm-564M,10,functionwords,808,0.9319817423820496
xglm_small,facebook/xglm-564M,10,functionwords,809,0.9524697661399841
xglm_small,facebook/xglm-564M,10,functionwords,810,0.9522814154624939
xglm_small,facebook/xglm-564M,10,functionwords,811,0.9428950548171997
xglm_small,facebook/xglm-564M,10,functionwords,812,0.9335177540779114
xglm_small,facebook/xglm-564M,10,functionwords,813,0.9390543699264526
xglm_small,facebook/xglm-564M,10,functionwords,814,0.9530695676803589
xglm_small,facebook/xglm-564M,10,functionwords,815,0.9494264721870422
xglm_small,facebook/xglm-564M,10,functionwords,816,0.9373911619186401
xglm_small,facebook/xglm-564M,10,functionwords,817,0.9537146091461182
xglm_small,facebook/xglm-564M,10,functionwords,818,0.9291282892227173
xglm_small,facebook/xglm-564M,10,functionwords,819,0.9365024566650391
xglm_small,facebook/xglm-564M,10,functionwords,820,0.9331297874450684
xglm_small,facebook/xglm-564M,10,functionwords,821,0.9526926279067993
xglm_small,facebook/xglm-564M,10,functionwords,822,0.9355149269104004
xglm_small,facebook/xglm-564M,10,functionwords,823,0.9355829358100891
xglm_small,facebook/xglm-564M,10,functionwords,824,0.9520008563995361
xglm_small,facebook/xglm-564M,10,functionwords,825,0.9359093904495239
xglm_small,facebook/xglm-564M,10,functionwords,826,0.9363633394241333
xglm_small,facebook/xglm-564M,10,functionwords,827,0.9548956155776978
xglm_small,facebook/xglm-564M,10,functionwords,828,0.945736825466156
xglm_small,facebook/xglm-564M,10,functionwords,829,0.9318199157714844
xglm_small,facebook/xglm-564M,10,functionwords,830,0.9375876784324646
xglm_small,facebook/xglm-564M,10,functionwords,831,0.9449217319488525
xglm_small,facebook/xglm-564M,10,functionwords,832,0.9341782927513123
xglm_small,facebook/xglm-564M,10,functionwords,833,0.9483678936958313
xglm_small,facebook/xglm-564M,10,functionwords,834,0.9522721767425537
xglm_small,facebook/xglm-564M,10,functionwords,835,0.9506626129150391
xglm_small,facebook/xglm-564M,10,functionwords,836,0.9515827894210815
xglm_small,facebook/xglm-564M,10,functionwords,837,0.9542663097381592
xglm_small,facebook/xglm-564M,10,functionwords,838,0.9524781107902527
xglm_small,facebook/xglm-564M,10,functionwords,839,0.9582643508911133
xglm_small,facebook/xglm-564M,10,functionwords,840,0.9505078792572021
xglm_small,facebook/xglm-564M,10,functionwords,841,0.9529908895492554
xglm_small,facebook/xglm-564M,10,functionwords,842,0.9527859687805176
xglm_small,facebook/xglm-564M,10,functionwords,843,0.942164421081543
xglm_small,facebook/xglm-564M,10,functionwords,844,0.9242790937423706
xglm_small,facebook/xglm-564M,10,functionwords,845,0.9486941695213318
xglm_small,facebook/xglm-564M,10,functionwords,846,0.9416598081588745
xglm_small,facebook/xglm-564M,10,functionwords,847,0.9524208307266235
xglm_small,facebook/xglm-564M,10,functionwords,848,0.951178252696991
xglm_small,facebook/xglm-564M,10,functionwords,849,0.952590823173523
xglm_small,facebook/xglm-564M,10,functionwords,850,0.9501546025276184
xglm_small,facebook/xglm-564M,10,functionwords,851,0.9534525871276855
xglm_small,facebook/xglm-564M,10,functionwords,852,0.9558532238006592
xglm_small,facebook/xglm-564M,10,functionwords,853,0.9514685273170471
xglm_small,facebook/xglm-564M,10,functionwords,854,0.939193069934845
xglm_small,facebook/xglm-564M,10,functionwords,855,0.9555186033248901
xglm_small,facebook/xglm-564M,10,functionwords,856,0.956449568271637
xglm_small,facebook/xglm-564M,10,functionwords,857,0.93257737159729
xglm_small,facebook/xglm-564M,10,functionwords,858,0.9539209604263306
xglm_small,facebook/xglm-564M,10,functionwords,859,0.9506223797798157
xglm_small,facebook/xglm-564M,10,functionwords,860,0.949592649936676
xglm_small,facebook/xglm-564M,10,functionwords,861,0.9388540983200073
xglm_small,facebook/xglm-564M,10,functionwords,862,0.9520368576049805
xglm_small,facebook/xglm-564M,10,functionwords,863,0.9477207660675049
xglm_small,facebook/xglm-564M,10,functionwords,864,0.9551675915718079
xglm_small,facebook/xglm-564M,10,functionwords,865,0.9530808329582214
xglm_small,facebook/xglm-564M,10,functionwords,866,0.938046395778656
xglm_small,facebook/xglm-564M,10,functionwords,867,0.9368457198143005
xglm_small,facebook/xglm-564M,10,functionwords,868,0.9374526739120483
xglm_small,facebook/xglm-564M,10,functionwords,869,0.939044713973999
xglm_small,facebook/xglm-564M,10,functionwords,870,0.9528363347053528
xglm_small,facebook/xglm-564M,10,functionwords,871,0.9545127749443054
xglm_small,facebook/xglm-564M,10,functionwords,872,0.9545347094535828
xglm_small,facebook/xglm-564M,10,functionwords,873,0.9555679559707642
xglm_small,facebook/xglm-564M,10,functionwords,874,0.9518037438392639
xglm_small,facebook/xglm-564M,10,functionwords,875,0.953633189201355
xglm_small,facebook/xglm-564M,10,functionwords,876,0.9521796107292175
xglm_small,facebook/xglm-564M,10,functionwords,877,0.9473773837089539
xglm_small,facebook/xglm-564M,10,functionwords,878,0.9575201272964478
xglm_small,facebook/xglm-564M,10,functionwords,879,0.9418498873710632
xglm_small,facebook/xglm-564M,10,functionwords,880,0.9555507302284241
xglm_small,facebook/xglm-564M,10,functionwords,881,0.9452977180480957
xglm_small,facebook/xglm-564M,10,functionwords,882,0.9542462825775146
xglm_small,facebook/xglm-564M,10,functionwords,883,0.9301118850708008
xglm_small,facebook/xglm-564M,10,functionwords,884,0.9481850266456604
xglm_small,facebook/xglm-564M,10,functionwords,885,0.9563562870025635
xglm_small,facebook/xglm-564M,10,functionwords,886,0.9517014026641846
xglm_small,facebook/xglm-564M,10,functionwords,887,0.9462863802909851
xglm_small,facebook/xglm-564M,10,functionwords,888,0.9245500564575195
xglm_small,facebook/xglm-564M,10,functionwords,889,0.9368574619293213
xglm_small,facebook/xglm-564M,10,functionwords,890,0.9534420371055603
xglm_small,facebook/xglm-564M,10,functionwords,891,0.9419342279434204
xglm_small,facebook/xglm-564M,10,functionwords,892,0.9319958686828613
xglm_small,facebook/xglm-564M,10,functionwords,893,0.938866376876831
xglm_small,facebook/xglm-564M,10,functionwords,894,0.9397230744361877
xglm_small,facebook/xglm-564M,10,functionwords,895,0.9499455094337463
xglm_small,facebook/xglm-564M,10,functionwords,896,0.9485360980033875
xglm_small,facebook/xglm-564M,10,functionwords,897,0.952724277973175
xglm_small,facebook/xglm-564M,10,functionwords,898,0.9526658654212952
xglm_small,facebook/xglm-564M,10,functionwords,899,0.9301329851150513
xglm_small,facebook/xglm-564M,10,functionwords,900,0.9493343830108643
xglm_small,facebook/xglm-564M,10,functionwords,901,0.9519696831703186
xglm_small,facebook/xglm-564M,10,functionwords,902,0.9532376527786255
xglm_small,facebook/xglm-564M,10,functionwords,903,0.9389278292655945
xglm_small,facebook/xglm-564M,10,functionwords,904,0.9566916823387146
xglm_small,facebook/xglm-564M,10,functionwords,905,0.9520087242126465
xglm_small,facebook/xglm-564M,10,functionwords,906,0.9501816034317017
xglm_small,facebook/xglm-564M,10,functionwords,907,0.942823052406311
xglm_small,facebook/xglm-564M,10,functionwords,908,0.9538193345069885
xglm_small,facebook/xglm-564M,10,functionwords,909,0.9501416087150574
xglm_small,facebook/xglm-564M,10,functionwords,910,0.9496010541915894
xglm_small,facebook/xglm-564M,10,functionwords,911,0.9406159520149231
xglm_small,facebook/xglm-564M,10,functionwords,912,0.9368119239807129
xglm_small,facebook/xglm-564M,10,functionwords,913,0.9513838291168213
xglm_small,facebook/xglm-564M,10,functionwords,914,0.9522700309753418
xglm_small,facebook/xglm-564M,10,functionwords,915,0.9410161972045898
xglm_small,facebook/xglm-564M,10,functionwords,916,0.9540619850158691
xglm_small,facebook/xglm-564M,10,functionwords,917,0.9543613791465759
xglm_small,facebook/xglm-564M,10,functionwords,918,0.9420742392539978
xglm_small,facebook/xglm-564M,10,functionwords,919,0.9450930953025818
xglm_small,facebook/xglm-564M,10,functionwords,920,0.9403584003448486
xglm_small,facebook/xglm-564M,10,functionwords,921,0.9531863927841187
xglm_small,facebook/xglm-564M,10,functionwords,922,0.952039361000061
xglm_small,facebook/xglm-564M,10,functionwords,923,0.9512479305267334
xglm_small,facebook/xglm-564M,10,functionwords,924,0.9405062198638916
xglm_small,facebook/xglm-564M,10,functionwords,925,0.957551896572113
xglm_small,facebook/xglm-564M,10,functionwords,926,0.949578046798706
xglm_small,facebook/xglm-564M,10,functionwords,927,0.9380632638931274
xglm_small,facebook/xglm-564M,10,functionwords,928,0.9375019073486328
xglm_small,facebook/xglm-564M,10,functionwords,929,0.9384442567825317
xglm_small,facebook/xglm-564M,10,functionwords,930,0.9490345120429993
xglm_small,facebook/xglm-564M,10,functionwords,931,0.9497956037521362
xglm_small,facebook/xglm-564M,10,functionwords,932,0.935875654220581
xglm_small,facebook/xglm-564M,10,functionwords,933,0.9455422163009644
xglm_small,facebook/xglm-564M,10,functionwords,934,0.946535050868988
xglm_small,facebook/xglm-564M,10,functionwords,935,0.9518728256225586
xglm_small,facebook/xglm-564M,10,functionwords,936,0.9514723420143127
xglm_small,facebook/xglm-564M,10,functionwords,937,0.9529345035552979
xglm_small,facebook/xglm-564M,10,functionwords,938,0.9538164734840393
xglm_small,facebook/xglm-564M,10,functionwords,939,0.9425068497657776
xglm_small,facebook/xglm-564M,10,functionwords,940,0.9482506513595581
xglm_small,facebook/xglm-564M,10,functionwords,941,0.9526370167732239
xglm_small,facebook/xglm-564M,10,functionwords,942,0.9501160383224487
xglm_small,facebook/xglm-564M,10,functionwords,943,0.9524214267730713
xglm_small,facebook/xglm-564M,10,functionwords,944,0.9312621355056763
xglm_small,facebook/xglm-564M,10,functionwords,945,0.9555826187133789
xglm_small,facebook/xglm-564M,10,functionwords,946,0.9507045149803162
xglm_small,facebook/xglm-564M,10,functionwords,947,0.9464181661605835
xglm_small,facebook/xglm-564M,10,functionwords,948,0.943362832069397
xglm_small,facebook/xglm-564M,10,functionwords,949,0.9524707794189453
xglm_small,facebook/xglm-564M,10,functionwords,950,0.955586314201355
xglm_small,facebook/xglm-564M,10,functionwords,951,0.9539405107498169
xglm_small,facebook/xglm-564M,10,functionwords,952,0.933708667755127
xglm_small,facebook/xglm-564M,10,functionwords,953,0.9361504316329956
xglm_small,facebook/xglm-564M,10,functionwords,954,0.9611292481422424
xglm_small,facebook/xglm-564M,10,functionwords,955,0.9506492018699646
xglm_small,facebook/xglm-564M,10,functionwords,956,0.9511581659317017
xglm_small,facebook/xglm-564M,10,functionwords,957,0.954705536365509
xglm_small,facebook/xglm-564M,10,functionwords,958,0.9527859091758728
xglm_small,facebook/xglm-564M,10,functionwords,959,0.9338043332099915
xglm_small,facebook/xglm-564M,10,functionwords,960,0.9563142657279968
xglm_small,facebook/xglm-564M,10,functionwords,961,0.9468669295310974
xglm_small,facebook/xglm-564M,10,functionwords,962,0.9510169625282288
xglm_small,facebook/xglm-564M,10,functionwords,963,0.9532084465026855
xglm_small,facebook/xglm-564M,10,functionwords,964,0.9517995119094849
xglm_small,facebook/xglm-564M,10,functionwords,965,0.9514372944831848
xglm_small,facebook/xglm-564M,10,functionwords,966,0.9573071002960205
xglm_small,facebook/xglm-564M,10,functionwords,967,0.9244523048400879
xglm_small,facebook/xglm-564M,10,functionwords,968,0.9166785478591919
xglm_small,facebook/xglm-564M,10,functionwords,969,0.9536556005477905
xglm_small,facebook/xglm-564M,10,functionwords,970,0.9422003030776978
xglm_small,facebook/xglm-564M,10,functionwords,971,0.9517630338668823
xglm_small,facebook/xglm-564M,10,functionwords,972,0.9504894614219666
xglm_small,facebook/xglm-564M,10,functionwords,973,0.9387383460998535
xglm_small,facebook/xglm-564M,10,functionwords,974,0.9513275623321533
xglm_small,facebook/xglm-564M,10,functionwords,975,0.9379825592041016
xglm_small,facebook/xglm-564M,10,functionwords,976,0.9336366653442383
xglm_small,facebook/xglm-564M,10,functionwords,977,0.9302632808685303
xglm_small,facebook/xglm-564M,10,functionwords,978,0.9506288766860962
xglm_small,facebook/xglm-564M,10,functionwords,979,0.9361032843589783
xglm_small,facebook/xglm-564M,10,functionwords,980,0.9524996876716614
xglm_small,facebook/xglm-564M,10,functionwords,981,0.9385263919830322
xglm_small,facebook/xglm-564M,10,functionwords,982,0.9497843384742737
xglm_small,facebook/xglm-564M,10,functionwords,983,0.9558229446411133
xglm_small,facebook/xglm-564M,10,functionwords,984,0.9410979747772217
xglm_small,facebook/xglm-564M,10,functionwords,985,0.9538078904151917
xglm_small,facebook/xglm-564M,10,functionwords,986,0.9373853802680969
xglm_small,facebook/xglm-564M,10,functionwords,987,0.9475312829017639
xglm_small,facebook/xglm-564M,10,functionwords,988,0.9560926556587219
xglm_small,facebook/xglm-564M,10,functionwords,989,0.9405287504196167
xglm_small,facebook/xglm-564M,10,functionwords,990,0.9428088068962097
xglm_small,facebook/xglm-564M,10,functionwords,991,0.9393659830093384
xglm_small,facebook/xglm-564M,10,functionwords,992,0.9393081068992615
xglm_small,facebook/xglm-564M,10,functionwords,993,0.9420688152313232
xglm_small,facebook/xglm-564M,10,functionwords,994,0.9468684792518616
xglm_small,facebook/xglm-564M,10,functionwords,995,0.9401732683181763
xglm_small,facebook/xglm-564M,10,functionwords,996,0.9353317022323608
xglm_small,facebook/xglm-564M,10,functionwords,997,0.9492174386978149
xglm_small,facebook/xglm-564M,10,functionwords,998,0.9483240842819214
xglm_small,facebook/xglm-564M,10,functionwords,999,0.926233172416687
xglm_small,facebook/xglm-564M,10,1LocalWordSwap,0,0.9967361688613892
xglm_small,facebook/xglm-564M,10,1LocalWordSwap,1,0.9997041821479797
xglm_small,facebook/xglm-564M,10,1LocalWordSwap,2,0.9978238940238953
xglm_small,facebook/xglm-564M,10,1LocalWordSwap,3,0.9969517588615417
xglm_small,facebook/xglm-564M,10,1LocalWordSwap,4,0.9981303215026855
xglm_small,facebook/xglm-564M,10,1LocalWordSwap,5,0.9976334571838379
xglm_small,facebook/xglm-564M,10,1LocalWordSwap,6,0.9959245920181274
xglm_small,facebook/xglm-564M,10,1LocalWordSwap,7,0.9979376792907715
xglm_small,facebook/xglm-564M,10,1LocalWordSwap,8,0.9997876882553101
xglm_small,facebook/xglm-564M,10,1LocalWordSwap,9,0.9978739023208618
xglm_small,facebook/xglm-564M,10,1LocalWordSwap,10,0.9972336292266846
xglm_small,facebook/xglm-564M,10,1LocalWordSwap,11,0.9962124824523926
xglm_small,facebook/xglm-564M,10,1LocalWordSwap,12,0.9977666139602661
xglm_small,facebook/xglm-564M,10,1LocalWordSwap,13,0.996495246887207
xglm_small,facebook/xglm-564M,10,1LocalWordSwap,14,0.9972121715545654
xglm_small,facebook/xglm-564M,10,1LocalWordSwap,15,0.9978563189506531
xglm_small,facebook/xglm-564M,10,1LocalWordSwap,16,0.9979279041290283
xglm_small,facebook/xglm-564M,10,1LocalWordSwap,17,0.9978888034820557
xglm_small,facebook/xglm-564M,10,1LocalWordSwap,18,0.9968698620796204
xglm_small,facebook/xglm-564M,10,1LocalWordSwap,19,0.996833086013794
xglm_small,facebook/xglm-564M,10,1LocalWordSwap,20,0.9978044033050537
xglm_small,facebook/xglm-564M,10,1LocalWordSwap,21,0.9972464442253113
xglm_small,facebook/xglm-564M,10,1LocalWordSwap,22,0.9977414011955261
xglm_small,facebook/xglm-564M,10,1LocalWordSwap,23,0.9975035190582275
xglm_small,facebook/xglm-564M,10,1LocalWordSwap,24,0.9972965717315674
xglm_small,facebook/xglm-564M,10,1LocalWordSwap,25,0.9972681403160095
xglm_small,facebook/xglm-564M,10,1LocalWordSwap,26,0.9974381923675537
xglm_small,facebook/xglm-564M,10,1LocalWordSwap,27,0.997195303440094
xglm_small,facebook/xglm-564M,10,1LocalWordSwap,28,0.9971648454666138
xglm_small,facebook/xglm-564M,10,1LocalWordSwap,29,0.9966046810150146
xglm_small,facebook/xglm-564M,10,1LocalWordSwap,30,0.9963694214820862
xglm_small,facebook/xglm-564M,10,1LocalWordSwap,31,0.9971981048583984
xglm_small,facebook/xglm-564M,10,1LocalWordSwap,32,0.9973613023757935
xglm_small,facebook/xglm-564M,10,1LocalWordSwap,33,0.9995386004447937
xglm_small,facebook/xglm-564M,10,1LocalWordSwap,34,0.9973798990249634
xglm_small,facebook/xglm-564M,10,1LocalWordSwap,35,0.9977977275848389
xglm_small,facebook/xglm-564M,10,1LocalWordSwap,36,0.9970980882644653
xglm_small,facebook/xglm-564M,10,1LocalWordSwap,37,0.996277928352356
xglm_small,facebook/xglm-564M,10,1LocalWordSwap,38,0.9973934292793274
xglm_small,facebook/xglm-564M,10,1LocalWordSwap,39,0.9974166750907898
xglm_small,facebook/xglm-564M,10,1LocalWordSwap,40,0.9970872402191162
xglm_small,facebook/xglm-564M,10,1LocalWordSwap,41,0.9969338178634644
xglm_small,facebook/xglm-564M,10,1LocalWordSwap,42,0.9974870085716248
xglm_small,facebook/xglm-564M,10,1LocalWordSwap,43,0.9974222183227539
xglm_small,facebook/xglm-564M,10,1LocalWordSwap,44,0.9971436262130737
xglm_small,facebook/xglm-564M,10,1LocalWordSwap,45,0.9969925284385681
xglm_small,facebook/xglm-564M,10,1LocalWordSwap,46,0.9979261159896851
xglm_small,facebook/xglm-564M,10,1LocalWordSwap,47,0.9972541332244873
xglm_small,facebook/xglm-564M,10,1LocalWordSwap,48,0.9974094033241272
xglm_small,facebook/xglm-564M,10,1LocalWordSwap,49,0.9973481893539429
xglm_small,facebook/xglm-564M,10,1LocalWordSwap,50,0.9975241422653198
xglm_small,facebook/xglm-564M,10,1LocalWordSwap,51,0.9977751970291138
xglm_small,facebook/xglm-564M,10,1LocalWordSwap,52,0.9978406429290771
xglm_small,facebook/xglm-564M,10,1LocalWordSwap,53,0.9981222152709961
xglm_small,facebook/xglm-564M,10,1LocalWordSwap,54,0.9974141716957092
xglm_small,facebook/xglm-564M,10,1LocalWordSwap,55,0.9978794455528259
xglm_small,facebook/xglm-564M,10,1LocalWordSwap,56,0.997795820236206
xglm_small,facebook/xglm-564M,10,1LocalWordSwap,57,0.9969831705093384
xglm_small,facebook/xglm-564M,10,1LocalWordSwap,58,0.9978103637695312
xglm_small,facebook/xglm-564M,10,1LocalWordSwap,59,0.9981585741043091
xglm_small,facebook/xglm-564M,10,1LocalWordSwap,60,0.9979485273361206
xglm_small,facebook/xglm-564M,10,1LocalWordSwap,61,0.9971007108688354
xglm_small,facebook/xglm-564M,10,1LocalWordSwap,62,0.9992650747299194
xglm_small,facebook/xglm-564M,10,1LocalWordSwap,63,0.9961039423942566
xglm_small,facebook/xglm-564M,10,1LocalWordSwap,64,0.9964554309844971
xglm_small,facebook/xglm-564M,10,1LocalWordSwap,65,0.9965502619743347
xglm_small,facebook/xglm-564M,10,1LocalWordSwap,66,0.997481107711792
xglm_small,facebook/xglm-564M,10,1LocalWordSwap,67,0.9972189664840698
xglm_small,facebook/xglm-564M,10,1LocalWordSwap,68,0.9973404407501221
xglm_small,facebook/xglm-564M,10,1LocalWordSwap,69,0.9974225759506226
xglm_small,facebook/xglm-564M,10,1LocalWordSwap,70,0.9975773096084595
xglm_small,facebook/xglm-564M,10,1LocalWordSwap,71,0.9976940751075745
xglm_small,facebook/xglm-564M,10,1LocalWordSwap,72,0.998318612575531
xglm_small,facebook/xglm-564M,10,1LocalWordSwap,73,0.9962839484214783
xglm_small,facebook/xglm-564M,10,1LocalWordSwap,74,0.9977419376373291
xglm_small,facebook/xglm-564M,10,1LocalWordSwap,75,0.9968340396881104
xglm_small,facebook/xglm-564M,10,1LocalWordSwap,76,0.9969758987426758
xglm_small,facebook/xglm-564M,10,1LocalWordSwap,77,0.9978892803192139
xglm_small,facebook/xglm-564M,10,1LocalWordSwap,78,0.9961100816726685
xglm_small,facebook/xglm-564M,10,1LocalWordSwap,79,0.9960823059082031
xglm_small,facebook/xglm-564M,10,1LocalWordSwap,80,0.9972965717315674
xglm_small,facebook/xglm-564M,10,1LocalWordSwap,81,0.9995759129524231
xglm_small,facebook/xglm-564M,10,1LocalWordSwap,82,0.9959578514099121
xglm_small,facebook/xglm-564M,10,1LocalWordSwap,83,0.9964465498924255
xglm_small,facebook/xglm-564M,10,1LocalWordSwap,84,0.9967197775840759
xglm_small,facebook/xglm-564M,10,1LocalWordSwap,85,0.9975838661193848
xglm_small,facebook/xglm-564M,10,1LocalWordSwap,86,0.9970813989639282
xglm_small,facebook/xglm-564M,10,1LocalWordSwap,87,0.9975953102111816
xglm_small,facebook/xglm-564M,10,1LocalWordSwap,88,0.9975458383560181
xglm_small,facebook/xglm-564M,10,1LocalWordSwap,89,0.997454047203064
xglm_small,facebook/xglm-564M,10,1LocalWordSwap,90,0.9999250173568726
xglm_small,facebook/xglm-564M,10,1LocalWordSwap,91,0.9978530406951904
xglm_small,facebook/xglm-564M,10,1LocalWordSwap,92,0.9974976181983948
xglm_small,facebook/xglm-564M,10,1LocalWordSwap,93,0.997380793094635
xglm_small,facebook/xglm-564M,10,1LocalWordSwap,94,0.9963515996932983
xglm_small,facebook/xglm-564M,10,1LocalWordSwap,95,0.9977221488952637
xglm_small,facebook/xglm-564M,10,1LocalWordSwap,96,0.9958575367927551
xglm_small,facebook/xglm-564M,10,1LocalWordSwap,97,0.9972254037857056
xglm_small,facebook/xglm-564M,10,1LocalWordSwap,98,0.9971222877502441
xglm_small,facebook/xglm-564M,10,1LocalWordSwap,99,0.9977172017097473
xglm_small,facebook/xglm-564M,10,1LocalWordSwap,100,0.9956115484237671
xglm_small,facebook/xglm-564M,10,1LocalWordSwap,101,0.9971269369125366
xglm_small,facebook/xglm-564M,10,1LocalWordSwap,102,0.9967616200447083
xglm_small,facebook/xglm-564M,10,1LocalWordSwap,103,0.9999154806137085
xglm_small,facebook/xglm-564M,10,1LocalWordSwap,104,0.9968571662902832
xglm_small,facebook/xglm-564M,10,1LocalWordSwap,105,0.9974755048751831
xglm_small,facebook/xglm-564M,10,1LocalWordSwap,106,0.9974473714828491
xglm_small,facebook/xglm-564M,10,1LocalWordSwap,107,0.9974612593650818
xglm_small,facebook/xglm-564M,10,1LocalWordSwap,108,0.9970599412918091
xglm_small,facebook/xglm-564M,10,1LocalWordSwap,109,0.9975985288619995
xglm_small,facebook/xglm-564M,10,1LocalWordSwap,110,0.9974062442779541
xglm_small,facebook/xglm-564M,10,1LocalWordSwap,111,0.9975321888923645
xglm_small,facebook/xglm-564M,10,1LocalWordSwap,112,0.9976012110710144
xglm_small,facebook/xglm-564M,10,1LocalWordSwap,113,0.9967333078384399
xglm_small,facebook/xglm-564M,10,1LocalWordSwap,114,0.997013509273529
xglm_small,facebook/xglm-564M,10,1LocalWordSwap,115,0.9976614713668823
xglm_small,facebook/xglm-564M,10,1LocalWordSwap,116,0.9965042471885681
xglm_small,facebook/xglm-564M,10,1LocalWordSwap,117,0.9967397451400757
xglm_small,facebook/xglm-564M,10,1LocalWordSwap,118,0.9976175427436829
xglm_small,facebook/xglm-564M,10,1LocalWordSwap,119,0.997264564037323
xglm_small,facebook/xglm-564M,10,1LocalWordSwap,120,0.9972816705703735
xglm_small,facebook/xglm-564M,10,1LocalWordSwap,121,0.9947893619537354
xglm_small,facebook/xglm-564M,10,1LocalWordSwap,122,0.9967471361160278
xglm_small,facebook/xglm-564M,10,1LocalWordSwap,123,0.9962019920349121
xglm_small,facebook/xglm-564M,10,1LocalWordSwap,124,0.9964643120765686
xglm_small,facebook/xglm-564M,10,1LocalWordSwap,125,0.9956673979759216
xglm_small,facebook/xglm-564M,10,1LocalWordSwap,126,0.9969140887260437
xglm_small,facebook/xglm-564M,10,1LocalWordSwap,127,0.9970292448997498
xglm_small,facebook/xglm-564M,10,1LocalWordSwap,128,0.9974343180656433
xglm_small,facebook/xglm-564M,10,1LocalWordSwap,129,0.9974101781845093
xglm_small,facebook/xglm-564M,10,1LocalWordSwap,130,0.9976568818092346
xglm_small,facebook/xglm-564M,10,1LocalWordSwap,131,0.995312511920929
xglm_small,facebook/xglm-564M,10,1LocalWordSwap,132,0.9964656829833984
xglm_small,facebook/xglm-564M,10,1LocalWordSwap,133,0.9941636323928833
xglm_small,facebook/xglm-564M,10,1LocalWordSwap,134,0.9969698190689087
xglm_small,facebook/xglm-564M,10,1LocalWordSwap,135,0.9971489906311035
xglm_small,facebook/xglm-564M,10,1LocalWordSwap,136,0.9959763288497925
xglm_small,facebook/xglm-564M,10,1LocalWordSwap,137,0.996179461479187
xglm_small,facebook/xglm-564M,10,1LocalWordSwap,138,0.9973189830780029
xglm_small,facebook/xglm-564M,10,1LocalWordSwap,139,0.9969995021820068
xglm_small,facebook/xglm-564M,10,1LocalWordSwap,140,0.9975038170814514
xglm_small,facebook/xglm-564M,10,1LocalWordSwap,141,0.9970042109489441
xglm_small,facebook/xglm-564M,10,1LocalWordSwap,142,0.9974905252456665
xglm_small,facebook/xglm-564M,10,1LocalWordSwap,143,0.996207594871521
xglm_small,facebook/xglm-564M,10,1LocalWordSwap,144,0.9978281259536743
xglm_small,facebook/xglm-564M,10,1LocalWordSwap,145,0.9980564117431641
xglm_small,facebook/xglm-564M,10,1LocalWordSwap,146,0.9975540637969971
xglm_small,facebook/xglm-564M,10,1LocalWordSwap,147,0.9969072341918945
xglm_small,facebook/xglm-564M,10,1LocalWordSwap,148,0.9969449639320374
xglm_small,facebook/xglm-564M,10,1LocalWordSwap,149,0.9976829886436462
xglm_small,facebook/xglm-564M,10,1LocalWordSwap,150,0.9974757432937622
xglm_small,facebook/xglm-564M,10,1LocalWordSwap,151,0.9965327978134155
xglm_small,facebook/xglm-564M,10,1LocalWordSwap,152,0.9971152544021606
xglm_small,facebook/xglm-564M,10,1LocalWordSwap,153,0.9976432919502258
xglm_small,facebook/xglm-564M,10,1LocalWordSwap,154,0.9967877864837646
xglm_small,facebook/xglm-564M,10,1LocalWordSwap,155,0.9973533749580383
xglm_small,facebook/xglm-564M,10,1LocalWordSwap,156,0.9979259967803955
xglm_small,facebook/xglm-564M,10,1LocalWordSwap,157,0.9970623254776001
xglm_small,facebook/xglm-564M,10,1LocalWordSwap,158,0.9975510239601135
xglm_small,facebook/xglm-564M,10,1LocalWordSwap,159,0.9971688389778137
xglm_small,facebook/xglm-564M,10,1LocalWordSwap,160,0.9998570680618286
xglm_small,facebook/xglm-564M,10,1LocalWordSwap,161,0.9979385733604431
xglm_small,facebook/xglm-564M,10,1LocalWordSwap,162,0.9967407584190369
xglm_small,facebook/xglm-564M,10,1LocalWordSwap,163,0.9972100257873535
xglm_small,facebook/xglm-564M,10,1LocalWordSwap,164,0.9974911212921143
xglm_small,facebook/xglm-564M,10,1LocalWordSwap,165,0.9978781938552856
xglm_small,facebook/xglm-564M,10,1LocalWordSwap,166,0.9978382587432861
xglm_small,facebook/xglm-564M,10,1LocalWordSwap,167,0.997445285320282
xglm_small,facebook/xglm-564M,10,1LocalWordSwap,168,0.9975495934486389
xglm_small,facebook/xglm-564M,10,1LocalWordSwap,169,0.9975006580352783
xglm_small,facebook/xglm-564M,10,1LocalWordSwap,170,0.9975616335868835
xglm_small,facebook/xglm-564M,10,1LocalWordSwap,171,0.9974574446678162
xglm_small,facebook/xglm-564M,10,1LocalWordSwap,172,0.9974671006202698
xglm_small,facebook/xglm-564M,10,1LocalWordSwap,173,0.9962031841278076
xglm_small,facebook/xglm-564M,10,1LocalWordSwap,174,0.9983154535293579
xglm_small,facebook/xglm-564M,10,1LocalWordSwap,175,0.9969009757041931
xglm_small,facebook/xglm-564M,10,1LocalWordSwap,176,0.9962164163589478
xglm_small,facebook/xglm-564M,10,1LocalWordSwap,177,0.9960644245147705
xglm_small,facebook/xglm-564M,10,1LocalWordSwap,178,0.9961313605308533
xglm_small,facebook/xglm-564M,10,1LocalWordSwap,179,0.9962261915206909
xglm_small,facebook/xglm-564M,10,1LocalWordSwap,180,0.9968472719192505
xglm_small,facebook/xglm-564M,10,1LocalWordSwap,181,0.9977494478225708
xglm_small,facebook/xglm-564M,10,1LocalWordSwap,182,0.9974846839904785
xglm_small,facebook/xglm-564M,10,1LocalWordSwap,183,0.9953769445419312
xglm_small,facebook/xglm-564M,10,1LocalWordSwap,184,0.9958693981170654
xglm_small,facebook/xglm-564M,10,1LocalWordSwap,185,0.997546374797821
xglm_small,facebook/xglm-564M,10,1LocalWordSwap,186,0.9959995746612549
xglm_small,facebook/xglm-564M,10,1LocalWordSwap,187,0.9964817762374878
xglm_small,facebook/xglm-564M,10,1LocalWordSwap,188,0.997530460357666
xglm_small,facebook/xglm-564M,10,1LocalWordSwap,189,0.9960441589355469
xglm_small,facebook/xglm-564M,10,1LocalWordSwap,190,0.9973664879798889
xglm_small,facebook/xglm-564M,10,1LocalWordSwap,191,0.9972802400588989
xglm_small,facebook/xglm-564M,10,1LocalWordSwap,192,0.9983744621276855
xglm_small,facebook/xglm-564M,10,1LocalWordSwap,193,0.9971210360527039
xglm_small,facebook/xglm-564M,10,1LocalWordSwap,194,0.9963195323944092
xglm_small,facebook/xglm-564M,10,1LocalWordSwap,195,0.997270405292511
xglm_small,facebook/xglm-564M,10,1LocalWordSwap,196,0.9970090389251709
xglm_small,facebook/xglm-564M,10,1LocalWordSwap,197,0.994836688041687
xglm_small,facebook/xglm-564M,10,1LocalWordSwap,198,0.9972048401832581
xglm_small,facebook/xglm-564M,10,1LocalWordSwap,199,0.9974353313446045
xglm_small,facebook/xglm-564M,10,1LocalWordSwap,200,0.9970821738243103
xglm_small,facebook/xglm-564M,10,1LocalWordSwap,201,0.9959828853607178
xglm_small,facebook/xglm-564M,10,1LocalWordSwap,202,0.9979891777038574
xglm_small,facebook/xglm-564M,10,1LocalWordSwap,203,0.9967600107192993
xglm_small,facebook/xglm-564M,10,1LocalWordSwap,204,0.9973856210708618
xglm_small,facebook/xglm-564M,10,1LocalWordSwap,205,0.9974405169487
xglm_small,facebook/xglm-564M,10,1LocalWordSwap,206,0.9959152936935425
xglm_small,facebook/xglm-564M,10,1LocalWordSwap,207,0.9959481954574585
xglm_small,facebook/xglm-564M,10,1LocalWordSwap,208,0.9956848621368408
xglm_small,facebook/xglm-564M,10,1LocalWordSwap,209,0.9971835017204285
xglm_small,facebook/xglm-564M,10,1LocalWordSwap,210,0.9965837001800537
xglm_small,facebook/xglm-564M,10,1LocalWordSwap,211,0.9969613552093506
xglm_small,facebook/xglm-564M,10,1LocalWordSwap,212,0.9959838390350342
xglm_small,facebook/xglm-564M,10,1LocalWordSwap,213,0.9959325790405273
xglm_small,facebook/xglm-564M,10,1LocalWordSwap,214,0.998023271560669
xglm_small,facebook/xglm-564M,10,1LocalWordSwap,215,0.9980732798576355
xglm_small,facebook/xglm-564M,10,1LocalWordSwap,216,0.9976485967636108
xglm_small,facebook/xglm-564M,10,1LocalWordSwap,217,0.997644305229187
xglm_small,facebook/xglm-564M,10,1LocalWordSwap,218,0.9986053109169006
xglm_small,facebook/xglm-564M,10,1LocalWordSwap,219,0.9964703321456909
xglm_small,facebook/xglm-564M,10,1LocalWordSwap,220,0.9960445165634155
xglm_small,facebook/xglm-564M,10,1LocalWordSwap,221,0.9979883432388306
xglm_small,facebook/xglm-564M,10,1LocalWordSwap,222,0.9983420372009277
xglm_small,facebook/xglm-564M,10,1LocalWordSwap,223,0.9954254627227783
xglm_small,facebook/xglm-564M,10,1LocalWordSwap,224,0.9985030293464661
xglm_small,facebook/xglm-564M,10,1LocalWordSwap,225,0.9983053207397461
xglm_small,facebook/xglm-564M,10,1LocalWordSwap,226,0.9974077343940735
xglm_small,facebook/xglm-564M,10,1LocalWordSwap,227,0.9982810020446777
xglm_small,facebook/xglm-564M,10,1LocalWordSwap,228,0.9972891211509705
xglm_small,facebook/xglm-564M,10,1LocalWordSwap,229,0.9979500770568848
xglm_small,facebook/xglm-564M,10,1LocalWordSwap,230,0.9967379570007324
xglm_small,facebook/xglm-564M,10,1LocalWordSwap,231,0.9969252347946167
xglm_small,facebook/xglm-564M,10,1LocalWordSwap,232,0.9968987107276917
xglm_small,facebook/xglm-564M,10,1LocalWordSwap,233,0.9979609251022339
xglm_small,facebook/xglm-564M,10,1LocalWordSwap,234,0.9978780746459961
xglm_small,facebook/xglm-564M,10,1LocalWordSwap,235,0.9978082180023193
xglm_small,facebook/xglm-564M,10,1LocalWordSwap,236,0.9981672763824463
xglm_small,facebook/xglm-564M,10,1LocalWordSwap,237,0.9975206255912781
xglm_small,facebook/xglm-564M,10,1LocalWordSwap,238,0.9982119202613831
xglm_small,facebook/xglm-564M,10,1LocalWordSwap,239,0.9980565905570984
xglm_small,facebook/xglm-564M,10,1LocalWordSwap,240,0.9981774687767029
xglm_small,facebook/xglm-564M,10,1LocalWordSwap,241,0.9970327615737915
xglm_small,facebook/xglm-564M,10,1LocalWordSwap,242,0.9969334602355957
xglm_small,facebook/xglm-564M,10,1LocalWordSwap,243,0.9971336126327515
xglm_small,facebook/xglm-564M,10,1LocalWordSwap,244,0.9978967905044556
xglm_small,facebook/xglm-564M,10,1LocalWordSwap,245,0.9975934028625488
xglm_small,facebook/xglm-564M,10,1LocalWordSwap,246,0.9974955320358276
xglm_small,facebook/xglm-564M,10,1LocalWordSwap,247,0.9974900484085083
xglm_small,facebook/xglm-564M,10,1LocalWordSwap,248,0.9976287484169006
xglm_small,facebook/xglm-564M,10,1LocalWordSwap,249,0.9977392554283142
xglm_small,facebook/xglm-564M,10,1LocalWordSwap,250,0.9981160759925842
xglm_small,facebook/xglm-564M,10,1LocalWordSwap,251,0.9981692433357239
xglm_small,facebook/xglm-564M,10,1LocalWordSwap,252,0.9979091882705688
xglm_small,facebook/xglm-564M,10,1LocalWordSwap,253,0.9983181953430176
xglm_small,facebook/xglm-564M,10,1LocalWordSwap,254,0.9977034330368042
xglm_small,facebook/xglm-564M,10,1LocalWordSwap,255,0.9972566962242126
xglm_small,facebook/xglm-564M,10,1LocalWordSwap,256,0.9977762699127197
xglm_small,facebook/xglm-564M,10,1LocalWordSwap,257,0.9969639778137207
xglm_small,facebook/xglm-564M,10,1LocalWordSwap,258,0.9978809356689453
xglm_small,facebook/xglm-564M,10,1LocalWordSwap,259,0.9980328679084778
xglm_small,facebook/xglm-564M,10,1LocalWordSwap,260,0.9976885914802551
xglm_small,facebook/xglm-564M,10,1LocalWordSwap,261,0.9974267482757568
xglm_small,facebook/xglm-564M,10,1LocalWordSwap,262,0.9973573684692383
xglm_small,facebook/xglm-564M,10,1LocalWordSwap,263,0.9976165294647217
xglm_small,facebook/xglm-564M,10,1LocalWordSwap,264,0.9984429478645325
xglm_small,facebook/xglm-564M,10,1LocalWordSwap,265,0.9947429299354553
xglm_small,facebook/xglm-564M,10,1LocalWordSwap,266,0.996405839920044
xglm_small,facebook/xglm-564M,10,1LocalWordSwap,267,0.9963996410369873
xglm_small,facebook/xglm-564M,10,1LocalWordSwap,268,0.9965659379959106
xglm_small,facebook/xglm-564M,10,1LocalWordSwap,269,0.9968665838241577
xglm_small,facebook/xglm-564M,10,1LocalWordSwap,270,0.9981549382209778
xglm_small,facebook/xglm-564M,10,1LocalWordSwap,271,0.9969021081924438
xglm_small,facebook/xglm-564M,10,1LocalWordSwap,272,0.9984786510467529
xglm_small,facebook/xglm-564M,10,1LocalWordSwap,273,0.9976844191551208
xglm_small,facebook/xglm-564M,10,1LocalWordSwap,274,0.9973279237747192
xglm_small,facebook/xglm-564M,10,1LocalWordSwap,275,0.997147798538208
xglm_small,facebook/xglm-564M,10,1LocalWordSwap,276,0.9970905780792236
xglm_small,facebook/xglm-564M,10,1LocalWordSwap,277,0.9973757266998291
xglm_small,facebook/xglm-564M,10,1LocalWordSwap,278,0.9978480339050293
xglm_small,facebook/xglm-564M,10,1LocalWordSwap,279,0.9970892667770386
xglm_small,facebook/xglm-564M,10,1LocalWordSwap,280,0.9973427653312683
xglm_small,facebook/xglm-564M,10,1LocalWordSwap,281,0.9969711303710938
xglm_small,facebook/xglm-564M,10,1LocalWordSwap,282,0.9972390532493591
xglm_small,facebook/xglm-564M,10,1LocalWordSwap,283,0.9971332550048828
xglm_small,facebook/xglm-564M,10,1LocalWordSwap,284,0.9965587854385376
xglm_small,facebook/xglm-564M,10,1LocalWordSwap,285,0.9974814653396606
xglm_small,facebook/xglm-564M,10,1LocalWordSwap,286,0.9969862103462219
xglm_small,facebook/xglm-564M,10,1LocalWordSwap,287,0.9974066615104675
xglm_small,facebook/xglm-564M,10,1LocalWordSwap,288,0.9974139332771301
xglm_small,facebook/xglm-564M,10,1LocalWordSwap,289,0.9976514577865601
xglm_small,facebook/xglm-564M,10,1LocalWordSwap,290,0.9982118010520935
xglm_small,facebook/xglm-564M,10,1LocalWordSwap,291,0.9980737566947937
xglm_small,facebook/xglm-564M,10,1LocalWordSwap,292,0.9978529214859009
xglm_small,facebook/xglm-564M,10,1LocalWordSwap,293,0.9979071617126465
xglm_small,facebook/xglm-564M,10,1LocalWordSwap,294,0.9976757764816284
xglm_small,facebook/xglm-564M,10,1LocalWordSwap,295,0.9971762895584106
xglm_small,facebook/xglm-564M,10,1LocalWordSwap,296,0.9977787733078003
xglm_small,facebook/xglm-564M,10,1LocalWordSwap,297,0.9976588487625122
xglm_small,facebook/xglm-564M,10,1LocalWordSwap,298,0.9978500604629517
xglm_small,facebook/xglm-564M,10,1LocalWordSwap,299,0.9971061944961548
xglm_small,facebook/xglm-564M,10,1LocalWordSwap,300,0.9966260194778442
xglm_small,facebook/xglm-564M,10,1LocalWordSwap,301,0.9982917308807373
xglm_small,facebook/xglm-564M,10,1LocalWordSwap,302,0.9974470138549805
xglm_small,facebook/xglm-564M,10,1LocalWordSwap,303,0.9973273277282715
xglm_small,facebook/xglm-564M,10,1LocalWordSwap,304,0.9976679086685181
xglm_small,facebook/xglm-564M,10,1LocalWordSwap,305,0.9969631433486938
xglm_small,facebook/xglm-564M,10,1LocalWordSwap,306,0.9975928068161011
xglm_small,facebook/xglm-564M,10,1LocalWordSwap,307,0.9978123903274536
xglm_small,facebook/xglm-564M,10,1LocalWordSwap,308,0.9971199035644531
xglm_small,facebook/xglm-564M,10,1LocalWordSwap,309,0.9965505599975586
xglm_small,facebook/xglm-564M,10,1LocalWordSwap,310,0.9975294470787048
xglm_small,facebook/xglm-564M,10,1LocalWordSwap,311,0.9981902837753296
xglm_small,facebook/xglm-564M,10,1LocalWordSwap,312,0.9977681636810303
xglm_small,facebook/xglm-564M,10,1LocalWordSwap,313,0.9965578317642212
xglm_small,facebook/xglm-564M,10,1LocalWordSwap,314,0.9962087869644165
xglm_small,facebook/xglm-564M,10,1LocalWordSwap,315,0.995947003364563
xglm_small,facebook/xglm-564M,10,1LocalWordSwap,316,0.997351884841919
xglm_small,facebook/xglm-564M,10,1LocalWordSwap,317,0.9962520599365234
xglm_small,facebook/xglm-564M,10,1LocalWordSwap,318,0.9973317384719849
xglm_small,facebook/xglm-564M,10,1LocalWordSwap,319,0.9972062110900879
xglm_small,facebook/xglm-564M,10,1LocalWordSwap,320,0.9972579479217529
xglm_small,facebook/xglm-564M,10,1LocalWordSwap,321,0.9978146553039551
xglm_small,facebook/xglm-564M,10,1LocalWordSwap,322,0.9981702566146851
xglm_small,facebook/xglm-564M,10,1LocalWordSwap,323,0.9978686571121216
xglm_small,facebook/xglm-564M,10,1LocalWordSwap,324,0.9977372884750366
xglm_small,facebook/xglm-564M,10,1LocalWordSwap,325,0.9976605772972107
xglm_small,facebook/xglm-564M,10,1LocalWordSwap,326,0.9979225993156433
xglm_small,facebook/xglm-564M,10,1LocalWordSwap,327,0.997965395450592
xglm_small,facebook/xglm-564M,10,1LocalWordSwap,328,0.9976853728294373
xglm_small,facebook/xglm-564M,10,1LocalWordSwap,329,0.9979326725006104
xglm_small,facebook/xglm-564M,10,1LocalWordSwap,330,0.9985907673835754
xglm_small,facebook/xglm-564M,10,1LocalWordSwap,331,0.997516393661499
xglm_small,facebook/xglm-564M,10,1LocalWordSwap,332,0.9980717897415161
xglm_small,facebook/xglm-564M,10,1LocalWordSwap,333,0.9979174733161926
xglm_small,facebook/xglm-564M,10,1LocalWordSwap,334,0.9989533424377441
xglm_small,facebook/xglm-564M,10,1LocalWordSwap,335,0.9986533522605896
xglm_small,facebook/xglm-564M,10,1LocalWordSwap,336,0.998127818107605
xglm_small,facebook/xglm-564M,10,1LocalWordSwap,337,0.9976210594177246
xglm_small,facebook/xglm-564M,10,1LocalWordSwap,338,0.997224748134613
xglm_small,facebook/xglm-564M,10,1LocalWordSwap,339,0.9972628951072693
xglm_small,facebook/xglm-564M,10,1LocalWordSwap,340,0.9966692924499512
xglm_small,facebook/xglm-564M,10,1LocalWordSwap,341,0.9972424507141113
xglm_small,facebook/xglm-564M,10,1LocalWordSwap,342,0.9972198009490967
xglm_small,facebook/xglm-564M,10,1LocalWordSwap,343,0.9970895051956177
xglm_small,facebook/xglm-564M,10,1LocalWordSwap,344,0.9976557493209839
xglm_small,facebook/xglm-564M,10,1LocalWordSwap,345,0.9977308511734009
xglm_small,facebook/xglm-564M,10,1LocalWordSwap,346,0.9976370930671692
xglm_small,facebook/xglm-564M,10,1LocalWordSwap,347,0.9979058504104614
xglm_small,facebook/xglm-564M,10,1LocalWordSwap,348,0.9963616728782654
xglm_small,facebook/xglm-564M,10,1LocalWordSwap,349,0.9972795248031616
xglm_small,facebook/xglm-564M,10,1LocalWordSwap,350,0.9975471496582031
xglm_small,facebook/xglm-564M,10,1LocalWordSwap,351,0.997607946395874
xglm_small,facebook/xglm-564M,10,1LocalWordSwap,352,0.9970895648002625
xglm_small,facebook/xglm-564M,10,1LocalWordSwap,353,0.9971977472305298
xglm_small,facebook/xglm-564M,10,1LocalWordSwap,354,0.995577335357666
xglm_small,facebook/xglm-564M,10,1LocalWordSwap,355,0.9975056648254395
xglm_small,facebook/xglm-564M,10,1LocalWordSwap,356,0.9972633719444275
xglm_small,facebook/xglm-564M,10,1LocalWordSwap,357,0.9978532791137695
xglm_small,facebook/xglm-564M,10,1LocalWordSwap,358,0.9975019097328186
xglm_small,facebook/xglm-564M,10,1LocalWordSwap,359,0.997136652469635
xglm_small,facebook/xglm-564M,10,1LocalWordSwap,360,0.9980713129043579
xglm_small,facebook/xglm-564M,10,1LocalWordSwap,361,0.9978752732276917
xglm_small,facebook/xglm-564M,10,1LocalWordSwap,362,0.9962426424026489
xglm_small,facebook/xglm-564M,10,1LocalWordSwap,363,0.9961452484130859
xglm_small,facebook/xglm-564M,10,1LocalWordSwap,364,0.9983450770378113
xglm_small,facebook/xglm-564M,10,1LocalWordSwap,365,0.996090829372406
xglm_small,facebook/xglm-564M,10,1LocalWordSwap,366,0.9972711801528931
xglm_small,facebook/xglm-564M,10,1LocalWordSwap,367,0.9972934126853943
xglm_small,facebook/xglm-564M,10,1LocalWordSwap,368,0.9977383613586426
xglm_small,facebook/xglm-564M,10,1LocalWordSwap,369,0.9976804256439209
xglm_small,facebook/xglm-564M,10,1LocalWordSwap,370,0.9974094033241272
xglm_small,facebook/xglm-564M,10,1LocalWordSwap,371,0.9982815980911255
xglm_small,facebook/xglm-564M,10,1LocalWordSwap,372,0.9982766509056091
xglm_small,facebook/xglm-564M,10,1LocalWordSwap,373,0.9985466003417969
xglm_small,facebook/xglm-564M,10,1LocalWordSwap,374,0.9972479343414307
xglm_small,facebook/xglm-564M,10,1LocalWordSwap,375,0.9979309439659119
xglm_small,facebook/xglm-564M,10,1LocalWordSwap,376,0.9972039461135864
xglm_small,facebook/xglm-564M,10,1LocalWordSwap,377,0.9965082406997681
xglm_small,facebook/xglm-564M,10,1LocalWordSwap,378,0.9982026219367981
xglm_small,facebook/xglm-564M,10,1LocalWordSwap,379,0.9975411891937256
xglm_small,facebook/xglm-564M,10,1LocalWordSwap,380,0.995901882648468
xglm_small,facebook/xglm-564M,10,1LocalWordSwap,381,0.9967338442802429
xglm_small,facebook/xglm-564M,10,1LocalWordSwap,382,0.9976893663406372
xglm_small,facebook/xglm-564M,10,1LocalWordSwap,383,0.9984397888183594
xglm_small,facebook/xglm-564M,10,1LocalWordSwap,384,0.9997757077217102
xglm_small,facebook/xglm-564M,10,1LocalWordSwap,385,0.9965397119522095
xglm_small,facebook/xglm-564M,10,1LocalWordSwap,386,0.9962112903594971
xglm_small,facebook/xglm-564M,10,1LocalWordSwap,387,0.9958592057228088
xglm_small,facebook/xglm-564M,10,1LocalWordSwap,388,0.9966846108436584
xglm_small,facebook/xglm-564M,10,1LocalWordSwap,389,0.9972527027130127
xglm_small,facebook/xglm-564M,10,1LocalWordSwap,390,0.9998153448104858
xglm_small,facebook/xglm-564M,10,1LocalWordSwap,391,0.9979689121246338
xglm_small,facebook/xglm-564M,10,1LocalWordSwap,392,0.9985310435295105
xglm_small,facebook/xglm-564M,10,1LocalWordSwap,393,0.9982724189758301
xglm_small,facebook/xglm-564M,10,1LocalWordSwap,394,0.998512864112854
xglm_small,facebook/xglm-564M,10,1LocalWordSwap,395,0.9970024824142456
xglm_small,facebook/xglm-564M,10,1LocalWordSwap,396,0.9960379600524902
xglm_small,facebook/xglm-564M,10,1LocalWordSwap,397,0.9984205365180969
xglm_small,facebook/xglm-564M,10,1LocalWordSwap,398,0.9971582293510437
xglm_small,facebook/xglm-564M,10,1LocalWordSwap,399,0.996856689453125
xglm_small,facebook/xglm-564M,10,1LocalWordSwap,400,0.9972643852233887
xglm_small,facebook/xglm-564M,10,1LocalWordSwap,401,0.9972302913665771
xglm_small,facebook/xglm-564M,10,1LocalWordSwap,402,0.9969802498817444
xglm_small,facebook/xglm-564M,10,1LocalWordSwap,403,0.9952360987663269
xglm_small,facebook/xglm-564M,10,1LocalWordSwap,404,0.9976823329925537
xglm_small,facebook/xglm-564M,10,1LocalWordSwap,405,0.9973535537719727
xglm_small,facebook/xglm-564M,10,1LocalWordSwap,406,0.9977620840072632
xglm_small,facebook/xglm-564M,10,1LocalWordSwap,407,0.9976157546043396
xglm_small,facebook/xglm-564M,10,1LocalWordSwap,408,0.9972341656684875
xglm_small,facebook/xglm-564M,10,1LocalWordSwap,409,0.9968818426132202
xglm_small,facebook/xglm-564M,10,1LocalWordSwap,410,0.9956148862838745
xglm_small,facebook/xglm-564M,10,1LocalWordSwap,411,0.997751772403717
xglm_small,facebook/xglm-564M,10,1LocalWordSwap,412,0.9974223971366882
xglm_small,facebook/xglm-564M,10,1LocalWordSwap,413,0.996845006942749
xglm_small,facebook/xglm-564M,10,1LocalWordSwap,414,0.9979581832885742
xglm_small,facebook/xglm-564M,10,1LocalWordSwap,415,0.9975268244743347
xglm_small,facebook/xglm-564M,10,1LocalWordSwap,416,0.9971771240234375
xglm_small,facebook/xglm-564M,10,1LocalWordSwap,417,0.9977566003799438
xglm_small,facebook/xglm-564M,10,1LocalWordSwap,418,0.9977666735649109
xglm_small,facebook/xglm-564M,10,1LocalWordSwap,419,0.9977086782455444
xglm_small,facebook/xglm-564M,10,1LocalWordSwap,420,0.9974222183227539
xglm_small,facebook/xglm-564M,10,1LocalWordSwap,421,0.9971294403076172
xglm_small,facebook/xglm-564M,10,1LocalWordSwap,422,0.9975796341896057
xglm_small,facebook/xglm-564M,10,1LocalWordSwap,423,0.9979087710380554
xglm_small,facebook/xglm-564M,10,1LocalWordSwap,424,0.997728705406189
xglm_small,facebook/xglm-564M,10,1LocalWordSwap,425,0.9977338314056396
xglm_small,facebook/xglm-564M,10,1LocalWordSwap,426,0.9979583621025085
xglm_small,facebook/xglm-564M,10,1LocalWordSwap,427,0.9961662292480469
xglm_small,facebook/xglm-564M,10,1LocalWordSwap,428,0.9974683523178101
xglm_small,facebook/xglm-564M,10,1LocalWordSwap,429,0.9978421330451965
xglm_small,facebook/xglm-564M,10,1LocalWordSwap,430,0.9960291981697083
xglm_small,facebook/xglm-564M,10,1LocalWordSwap,431,0.9972549676895142
xglm_small,facebook/xglm-564M,10,1LocalWordSwap,432,0.9971175193786621
xglm_small,facebook/xglm-564M,10,1LocalWordSwap,433,0.9979397058486938
xglm_small,facebook/xglm-564M,10,1LocalWordSwap,434,0.9957565665245056
xglm_small,facebook/xglm-564M,10,1LocalWordSwap,435,0.9979851245880127
xglm_small,facebook/xglm-564M,10,1LocalWordSwap,436,0.9984332323074341
xglm_small,facebook/xglm-564M,10,1LocalWordSwap,437,0.9962500333786011
xglm_small,facebook/xglm-564M,10,1LocalWordSwap,438,0.9965695142745972
xglm_small,facebook/xglm-564M,10,1LocalWordSwap,439,0.9976620674133301
xglm_small,facebook/xglm-564M,10,1LocalWordSwap,440,0.9976698756217957
xglm_small,facebook/xglm-564M,10,1LocalWordSwap,441,0.9974082708358765
xglm_small,facebook/xglm-564M,10,1LocalWordSwap,442,0.9979676604270935
xglm_small,facebook/xglm-564M,10,1LocalWordSwap,443,0.9982080459594727
xglm_small,facebook/xglm-564M,10,1LocalWordSwap,444,0.9971368908882141
xglm_small,facebook/xglm-564M,10,1LocalWordSwap,445,0.9952586889266968
xglm_small,facebook/xglm-564M,10,1LocalWordSwap,446,0.9974410533905029
xglm_small,facebook/xglm-564M,10,1LocalWordSwap,447,0.9972116947174072
xglm_small,facebook/xglm-564M,10,1LocalWordSwap,448,0.9981660842895508
xglm_small,facebook/xglm-564M,10,1LocalWordSwap,449,0.9973491430282593
xglm_small,facebook/xglm-564M,10,1LocalWordSwap,450,0.9984914064407349
xglm_small,facebook/xglm-564M,10,1LocalWordSwap,451,0.9963018894195557
xglm_small,facebook/xglm-564M,10,1LocalWordSwap,452,0.9969303607940674
xglm_small,facebook/xglm-564M,10,1LocalWordSwap,453,0.9961826801300049
xglm_small,facebook/xglm-564M,10,1LocalWordSwap,454,0.9978960752487183
xglm_small,facebook/xglm-564M,10,1LocalWordSwap,455,0.9973384737968445
xglm_small,facebook/xglm-564M,10,1LocalWordSwap,456,0.993493914604187
xglm_small,facebook/xglm-564M,10,1LocalWordSwap,457,0.9968496561050415
xglm_small,facebook/xglm-564M,10,1LocalWordSwap,458,0.9986012578010559
xglm_small,facebook/xglm-564M,10,1LocalWordSwap,459,0.9976527690887451
xglm_small,facebook/xglm-564M,10,1LocalWordSwap,460,0.9973974227905273
xglm_small,facebook/xglm-564M,10,1LocalWordSwap,461,0.9977881908416748
xglm_small,facebook/xglm-564M,10,1LocalWordSwap,462,0.9963827133178711
xglm_small,facebook/xglm-564M,10,1LocalWordSwap,463,0.9970487356185913
xglm_small,facebook/xglm-564M,10,1LocalWordSwap,464,0.9977561235427856
xglm_small,facebook/xglm-564M,10,1LocalWordSwap,465,0.9973945021629333
xglm_small,facebook/xglm-564M,10,1LocalWordSwap,466,0.9960906505584717
xglm_small,facebook/xglm-564M,10,1LocalWordSwap,467,0.9967873096466064
xglm_small,facebook/xglm-564M,10,1LocalWordSwap,468,0.9972333312034607
xglm_small,facebook/xglm-564M,10,1LocalWordSwap,469,0.9976073503494263
xglm_small,facebook/xglm-564M,10,1LocalWordSwap,470,0.9976416826248169
xglm_small,facebook/xglm-564M,10,1LocalWordSwap,471,0.9973874092102051
xglm_small,facebook/xglm-564M,10,1LocalWordSwap,472,0.9974702000617981
xglm_small,facebook/xglm-564M,10,1LocalWordSwap,473,0.9951671361923218
xglm_small,facebook/xglm-564M,10,1LocalWordSwap,474,0.996124267578125
xglm_small,facebook/xglm-564M,10,1LocalWordSwap,475,0.9964896440505981
xglm_small,facebook/xglm-564M,10,1LocalWordSwap,476,0.9961966276168823
xglm_small,facebook/xglm-564M,10,1LocalWordSwap,477,0.9968163371086121
xglm_small,facebook/xglm-564M,10,1LocalWordSwap,478,0.9972549080848694
xglm_small,facebook/xglm-564M,10,1LocalWordSwap,479,0.9967076778411865
xglm_small,facebook/xglm-564M,10,1LocalWordSwap,480,0.9969711303710938
xglm_small,facebook/xglm-564M,10,1LocalWordSwap,481,0.9980096817016602
xglm_small,facebook/xglm-564M,10,1LocalWordSwap,482,0.9953314065933228
xglm_small,facebook/xglm-564M,10,1LocalWordSwap,483,0.9973025321960449
xglm_small,facebook/xglm-564M,10,1LocalWordSwap,484,0.9960603713989258
xglm_small,facebook/xglm-564M,10,1LocalWordSwap,485,0.9958575367927551
xglm_small,facebook/xglm-564M,10,1LocalWordSwap,486,0.9968662261962891
xglm_small,facebook/xglm-564M,10,1LocalWordSwap,487,0.9977892637252808
xglm_small,facebook/xglm-564M,10,1LocalWordSwap,488,0.9973366260528564
xglm_small,facebook/xglm-564M,10,1LocalWordSwap,489,0.9970133304595947
xglm_small,facebook/xglm-564M,10,1LocalWordSwap,490,0.996490478515625
xglm_small,facebook/xglm-564M,10,1LocalWordSwap,491,0.9972444176673889
xglm_small,facebook/xglm-564M,10,1LocalWordSwap,492,0.9943140745162964
xglm_small,facebook/xglm-564M,10,1LocalWordSwap,493,0.9974560141563416
xglm_small,facebook/xglm-564M,10,1LocalWordSwap,494,0.9969245791435242
xglm_small,facebook/xglm-564M,10,1LocalWordSwap,495,0.9973311424255371
xglm_small,facebook/xglm-564M,10,1LocalWordSwap,496,0.9977190494537354
xglm_small,facebook/xglm-564M,10,1LocalWordSwap,497,0.9956433773040771
xglm_small,facebook/xglm-564M,10,1LocalWordSwap,498,0.9961519241333008
xglm_small,facebook/xglm-564M,10,1LocalWordSwap,499,0.9975389838218689
xglm_small,facebook/xglm-564M,10,1LocalWordSwap,500,0.9973339438438416
xglm_small,facebook/xglm-564M,10,1LocalWordSwap,501,0.9971997737884521
xglm_small,facebook/xglm-564M,10,1LocalWordSwap,502,0.9954727292060852
xglm_small,facebook/xglm-564M,10,1LocalWordSwap,503,0.9965847730636597
xglm_small,facebook/xglm-564M,10,1LocalWordSwap,504,0.9973813891410828
xglm_small,facebook/xglm-564M,10,1LocalWordSwap,505,0.9974116086959839
xglm_small,facebook/xglm-564M,10,1LocalWordSwap,506,0.9973227977752686
xglm_small,facebook/xglm-564M,10,1LocalWordSwap,507,0.9959195256233215
xglm_small,facebook/xglm-564M,10,1LocalWordSwap,508,0.997185468673706
xglm_small,facebook/xglm-564M,10,1LocalWordSwap,509,0.9977270364761353
xglm_small,facebook/xglm-564M,10,1LocalWordSwap,510,0.995577335357666
xglm_small,facebook/xglm-564M,10,1LocalWordSwap,511,0.9974745512008667
xglm_small,facebook/xglm-564M,10,1LocalWordSwap,512,0.9973088502883911
xglm_small,facebook/xglm-564M,10,1LocalWordSwap,513,0.9963451623916626
xglm_small,facebook/xglm-564M,10,1LocalWordSwap,514,0.9964522123336792
xglm_small,facebook/xglm-564M,10,1LocalWordSwap,515,0.9966897964477539
xglm_small,facebook/xglm-564M,10,1LocalWordSwap,516,0.9964359998703003
xglm_small,facebook/xglm-564M,10,1LocalWordSwap,517,0.9973922967910767
xglm_small,facebook/xglm-564M,10,1LocalWordSwap,518,0.9967876672744751
xglm_small,facebook/xglm-564M,10,1LocalWordSwap,519,0.9972116947174072
xglm_small,facebook/xglm-564M,10,1LocalWordSwap,520,0.998042106628418
xglm_small,facebook/xglm-564M,10,1LocalWordSwap,521,0.996525764465332
xglm_small,facebook/xglm-564M,10,1LocalWordSwap,522,0.9975906014442444
xglm_small,facebook/xglm-564M,10,1LocalWordSwap,523,0.9977630972862244
xglm_small,facebook/xglm-564M,10,1LocalWordSwap,524,0.9968850016593933
xglm_small,facebook/xglm-564M,10,1LocalWordSwap,525,0.9971343874931335
xglm_small,facebook/xglm-564M,10,1LocalWordSwap,526,0.9973019361495972
xglm_small,facebook/xglm-564M,10,1LocalWordSwap,527,0.9967927932739258
xglm_small,facebook/xglm-564M,10,1LocalWordSwap,528,0.9966691136360168
xglm_small,facebook/xglm-564M,10,1LocalWordSwap,529,0.997570276260376
xglm_small,facebook/xglm-564M,10,1LocalWordSwap,530,0.9959676265716553
xglm_small,facebook/xglm-564M,10,1LocalWordSwap,531,0.9968116283416748
xglm_small,facebook/xglm-564M,10,1LocalWordSwap,532,0.9966769218444824
xglm_small,facebook/xglm-564M,10,1LocalWordSwap,533,0.9980149269104004
xglm_small,facebook/xglm-564M,10,1LocalWordSwap,534,0.9968760013580322
xglm_small,facebook/xglm-564M,10,1LocalWordSwap,535,0.9975962042808533
xglm_small,facebook/xglm-564M,10,1LocalWordSwap,536,0.9952178001403809
xglm_small,facebook/xglm-564M,10,1LocalWordSwap,537,0.9967674612998962
xglm_small,facebook/xglm-564M,10,1LocalWordSwap,538,0.9977984428405762
xglm_small,facebook/xglm-564M,10,1LocalWordSwap,539,0.9968541264533997
xglm_small,facebook/xglm-564M,10,1LocalWordSwap,540,0.996874213218689
xglm_small,facebook/xglm-564M,10,1LocalWordSwap,541,0.9975310564041138
xglm_small,facebook/xglm-564M,10,1LocalWordSwap,542,0.9965641498565674
xglm_small,facebook/xglm-564M,10,1LocalWordSwap,543,0.9967922568321228
xglm_small,facebook/xglm-564M,10,1LocalWordSwap,544,0.9977557063102722
xglm_small,facebook/xglm-564M,10,1LocalWordSwap,545,0.9978310465812683
xglm_small,facebook/xglm-564M,10,1LocalWordSwap,546,0.9975982904434204
xglm_small,facebook/xglm-564M,10,1LocalWordSwap,547,0.9977232813835144
xglm_small,facebook/xglm-564M,10,1LocalWordSwap,548,0.997623085975647
xglm_small,facebook/xglm-564M,10,1LocalWordSwap,549,0.9970746040344238
xglm_small,facebook/xglm-564M,10,1LocalWordSwap,550,0.9959207773208618
xglm_small,facebook/xglm-564M,10,1LocalWordSwap,551,0.9975795149803162
xglm_small,facebook/xglm-564M,10,1LocalWordSwap,552,0.9973944425582886
xglm_small,facebook/xglm-564M,10,1LocalWordSwap,553,0.9978970885276794
xglm_small,facebook/xglm-564M,10,1LocalWordSwap,554,0.9976415634155273
xglm_small,facebook/xglm-564M,10,1LocalWordSwap,555,0.9980795979499817
xglm_small,facebook/xglm-564M,10,1LocalWordSwap,556,0.9924403429031372
xglm_small,facebook/xglm-564M,10,1LocalWordSwap,557,0.995690643787384
xglm_small,facebook/xglm-564M,10,1LocalWordSwap,558,0.996406078338623
xglm_small,facebook/xglm-564M,10,1LocalWordSwap,559,0.9970464110374451
xglm_small,facebook/xglm-564M,10,1LocalWordSwap,560,0.997650146484375
xglm_small,facebook/xglm-564M,10,1LocalWordSwap,561,0.9972472190856934
xglm_small,facebook/xglm-564M,10,1LocalWordSwap,562,0.9970556497573853
xglm_small,facebook/xglm-564M,10,1LocalWordSwap,563,0.9971275329589844
xglm_small,facebook/xglm-564M,10,1LocalWordSwap,564,0.9965289831161499
xglm_small,facebook/xglm-564M,10,1LocalWordSwap,565,0.9973573684692383
xglm_small,facebook/xglm-564M,10,1LocalWordSwap,566,0.9991979002952576
xglm_small,facebook/xglm-564M,10,1LocalWordSwap,567,0.9998807907104492
xglm_small,facebook/xglm-564M,10,1LocalWordSwap,568,0.9975552558898926
xglm_small,facebook/xglm-564M,10,1LocalWordSwap,569,0.9998387098312378
xglm_small,facebook/xglm-564M,10,1LocalWordSwap,570,0.9977663159370422
xglm_small,facebook/xglm-564M,10,1LocalWordSwap,571,0.9960200786590576
xglm_small,facebook/xglm-564M,10,1LocalWordSwap,572,0.9963861703872681
xglm_small,facebook/xglm-564M,10,1LocalWordSwap,573,0.9974550008773804
xglm_small,facebook/xglm-564M,10,1LocalWordSwap,574,0.997087836265564
xglm_small,facebook/xglm-564M,10,1LocalWordSwap,575,0.9979295134544373
xglm_small,facebook/xglm-564M,10,1LocalWordSwap,576,0.9972736835479736
xglm_small,facebook/xglm-564M,10,1LocalWordSwap,577,0.9975991249084473
xglm_small,facebook/xglm-564M,10,1LocalWordSwap,578,0.9980846047401428
xglm_small,facebook/xglm-564M,10,1LocalWordSwap,579,0.9971707463264465
xglm_small,facebook/xglm-564M,10,1LocalWordSwap,580,0.997645378112793
xglm_small,facebook/xglm-564M,10,1LocalWordSwap,581,0.997131884098053
xglm_small,facebook/xglm-564M,10,1LocalWordSwap,582,0.9975325465202332
xglm_small,facebook/xglm-564M,10,1LocalWordSwap,583,0.9972343444824219
xglm_small,facebook/xglm-564M,10,1LocalWordSwap,584,0.9977941513061523
xglm_small,facebook/xglm-564M,10,1LocalWordSwap,585,0.9977774620056152
xglm_small,facebook/xglm-564M,10,1LocalWordSwap,586,0.9959869980812073
xglm_small,facebook/xglm-564M,10,1LocalWordSwap,587,0.9977033138275146
xglm_small,facebook/xglm-564M,10,1LocalWordSwap,588,0.9972395896911621
xglm_small,facebook/xglm-564M,10,1LocalWordSwap,589,0.9961106777191162
xglm_small,facebook/xglm-564M,10,1LocalWordSwap,590,0.9959360361099243
xglm_small,facebook/xglm-564M,10,1LocalWordSwap,591,0.9970754384994507
xglm_small,facebook/xglm-564M,10,1LocalWordSwap,592,0.9977374076843262
xglm_small,facebook/xglm-564M,10,1LocalWordSwap,593,0.997610330581665
xglm_small,facebook/xglm-564M,10,1LocalWordSwap,594,0.9975876212120056
xglm_small,facebook/xglm-564M,10,1LocalWordSwap,595,0.9971615672111511
xglm_small,facebook/xglm-564M,10,1LocalWordSwap,596,0.9969667196273804
xglm_small,facebook/xglm-564M,10,1LocalWordSwap,597,0.9972339272499084
xglm_small,facebook/xglm-564M,10,1LocalWordSwap,598,0.9970024824142456
xglm_small,facebook/xglm-564M,10,1LocalWordSwap,599,0.9971978068351746
xglm_small,facebook/xglm-564M,10,1LocalWordSwap,600,0.9947433471679688
xglm_small,facebook/xglm-564M,10,1LocalWordSwap,601,0.996690034866333
xglm_small,facebook/xglm-564M,10,1LocalWordSwap,602,0.9973744750022888
xglm_small,facebook/xglm-564M,10,1LocalWordSwap,603,0.9973630905151367
xglm_small,facebook/xglm-564M,10,1LocalWordSwap,604,0.9978816509246826
xglm_small,facebook/xglm-564M,10,1LocalWordSwap,605,0.9977325201034546
xglm_small,facebook/xglm-564M,10,1LocalWordSwap,606,0.9966388940811157
xglm_small,facebook/xglm-564M,10,1LocalWordSwap,607,0.9960574507713318
xglm_small,facebook/xglm-564M,10,1LocalWordSwap,608,0.9971407055854797
xglm_small,facebook/xglm-564M,10,1LocalWordSwap,609,0.9979047179222107
xglm_small,facebook/xglm-564M,10,1LocalWordSwap,610,0.9956587553024292
xglm_small,facebook/xglm-564M,10,1LocalWordSwap,611,0.9958113431930542
xglm_small,facebook/xglm-564M,10,1LocalWordSwap,612,0.997144341468811
xglm_small,facebook/xglm-564M,10,1LocalWordSwap,613,0.9968588352203369
xglm_small,facebook/xglm-564M,10,1LocalWordSwap,614,0.9974902868270874
xglm_small,facebook/xglm-564M,10,1LocalWordSwap,615,0.9968331456184387
xglm_small,facebook/xglm-564M,10,1LocalWordSwap,616,0.9962880611419678
xglm_small,facebook/xglm-564M,10,1LocalWordSwap,617,0.9972500205039978
xglm_small,facebook/xglm-564M,10,1LocalWordSwap,618,0.9965556859970093
xglm_small,facebook/xglm-564M,10,1LocalWordSwap,619,0.9966739416122437
xglm_small,facebook/xglm-564M,10,1LocalWordSwap,620,0.9971916079521179
xglm_small,facebook/xglm-564M,10,1LocalWordSwap,621,0.9983845949172974
xglm_small,facebook/xglm-564M,10,1LocalWordSwap,622,0.9975581169128418
xglm_small,facebook/xglm-564M,10,1LocalWordSwap,623,0.99627685546875
xglm_small,facebook/xglm-564M,10,1LocalWordSwap,624,0.9961371421813965
xglm_small,facebook/xglm-564M,10,1LocalWordSwap,625,0.9964597821235657
xglm_small,facebook/xglm-564M,10,1LocalWordSwap,626,0.9980520606040955
xglm_small,facebook/xglm-564M,10,1LocalWordSwap,627,0.9968570470809937
xglm_small,facebook/xglm-564M,10,1LocalWordSwap,628,0.9980588555335999
xglm_small,facebook/xglm-564M,10,1LocalWordSwap,629,0.9979337453842163
xglm_small,facebook/xglm-564M,10,1LocalWordSwap,630,0.997231662273407
xglm_small,facebook/xglm-564M,10,1LocalWordSwap,631,0.9959921836853027
xglm_small,facebook/xglm-564M,10,1LocalWordSwap,632,0.9954091310501099
xglm_small,facebook/xglm-564M,10,1LocalWordSwap,633,0.9972330927848816
xglm_small,facebook/xglm-564M,10,1LocalWordSwap,634,0.9972807168960571
xglm_small,facebook/xglm-564M,10,1LocalWordSwap,635,0.9971532225608826
xglm_small,facebook/xglm-564M,10,1LocalWordSwap,636,0.9973440170288086
xglm_small,facebook/xglm-564M,10,1LocalWordSwap,637,0.9974374771118164
xglm_small,facebook/xglm-564M,10,1LocalWordSwap,638,0.997879683971405
xglm_small,facebook/xglm-564M,10,1LocalWordSwap,639,0.9983068108558655
xglm_small,facebook/xglm-564M,10,1LocalWordSwap,640,0.997604250907898
xglm_small,facebook/xglm-564M,10,1LocalWordSwap,641,0.9969879984855652
xglm_small,facebook/xglm-564M,10,1LocalWordSwap,642,0.9960660934448242
xglm_small,facebook/xglm-564M,10,1LocalWordSwap,643,0.9962894916534424
xglm_small,facebook/xglm-564M,10,1LocalWordSwap,644,0.9967116713523865
xglm_small,facebook/xglm-564M,10,1LocalWordSwap,645,0.9972257614135742
xglm_small,facebook/xglm-564M,10,1LocalWordSwap,646,0.9965686202049255
xglm_small,facebook/xglm-564M,10,1LocalWordSwap,647,0.9968294501304626
xglm_small,facebook/xglm-564M,10,1LocalWordSwap,648,0.9978951811790466
xglm_small,facebook/xglm-564M,10,1LocalWordSwap,649,0.9980641603469849
xglm_small,facebook/xglm-564M,10,1LocalWordSwap,650,0.9976531863212585
xglm_small,facebook/xglm-564M,10,1LocalWordSwap,651,0.9968481063842773
xglm_small,facebook/xglm-564M,10,1LocalWordSwap,652,0.9976963996887207
xglm_small,facebook/xglm-564M,10,1LocalWordSwap,653,0.9967420101165771
xglm_small,facebook/xglm-564M,10,1LocalWordSwap,654,0.9964473247528076
xglm_small,facebook/xglm-564M,10,1LocalWordSwap,655,0.9973146319389343
xglm_small,facebook/xglm-564M,10,1LocalWordSwap,656,0.9979107975959778
xglm_small,facebook/xglm-564M,10,1LocalWordSwap,657,0.9975079298019409
xglm_small,facebook/xglm-564M,10,1LocalWordSwap,658,0.997054398059845
xglm_small,facebook/xglm-564M,10,1LocalWordSwap,659,0.9957576990127563
xglm_small,facebook/xglm-564M,10,1LocalWordSwap,660,0.9961987137794495
xglm_small,facebook/xglm-564M,10,1LocalWordSwap,661,0.9978269338607788
xglm_small,facebook/xglm-564M,10,1LocalWordSwap,662,0.9966554641723633
xglm_small,facebook/xglm-564M,10,1LocalWordSwap,663,0.9971137046813965
xglm_small,facebook/xglm-564M,10,1LocalWordSwap,664,0.9973199367523193
xglm_small,facebook/xglm-564M,10,1LocalWordSwap,665,0.9961667060852051
xglm_small,facebook/xglm-564M,10,1LocalWordSwap,666,0.9976683855056763
xglm_small,facebook/xglm-564M,10,1LocalWordSwap,667,0.997046947479248
xglm_small,facebook/xglm-564M,10,1LocalWordSwap,668,0.9974924921989441
xglm_small,facebook/xglm-564M,10,1LocalWordSwap,669,0.996100902557373
xglm_small,facebook/xglm-564M,10,1LocalWordSwap,670,0.9975847005844116
xglm_small,facebook/xglm-564M,10,1LocalWordSwap,671,0.9974369406700134
xglm_small,facebook/xglm-564M,10,1LocalWordSwap,672,0.9958352446556091
xglm_small,facebook/xglm-564M,10,1LocalWordSwap,673,0.997699499130249
xglm_small,facebook/xglm-564M,10,1LocalWordSwap,674,0.9972724318504333
xglm_small,facebook/xglm-564M,10,1LocalWordSwap,675,0.996649980545044
xglm_small,facebook/xglm-564M,10,1LocalWordSwap,676,0.9971103668212891
xglm_small,facebook/xglm-564M,10,1LocalWordSwap,677,0.9972894787788391
xglm_small,facebook/xglm-564M,10,1LocalWordSwap,678,0.9957544803619385
xglm_small,facebook/xglm-564M,10,1LocalWordSwap,679,0.9966254234313965
xglm_small,facebook/xglm-564M,10,1LocalWordSwap,680,0.99778151512146
xglm_small,facebook/xglm-564M,10,1LocalWordSwap,681,0.9979152083396912
xglm_small,facebook/xglm-564M,10,1LocalWordSwap,682,0.9959722757339478
xglm_small,facebook/xglm-564M,10,1LocalWordSwap,683,0.996650218963623
xglm_small,facebook/xglm-564M,10,1LocalWordSwap,684,0.9975742101669312
xglm_small,facebook/xglm-564M,10,1LocalWordSwap,685,0.9959877729415894
xglm_small,facebook/xglm-564M,10,1LocalWordSwap,686,0.9969130754470825
xglm_small,facebook/xglm-564M,10,1LocalWordSwap,687,0.99680495262146
xglm_small,facebook/xglm-564M,10,1LocalWordSwap,688,0.9966679811477661
xglm_small,facebook/xglm-564M,10,1LocalWordSwap,689,0.9972874522209167
xglm_small,facebook/xglm-564M,10,1LocalWordSwap,690,0.996528148651123
xglm_small,facebook/xglm-564M,10,1LocalWordSwap,691,0.9975884556770325
xglm_small,facebook/xglm-564M,10,1LocalWordSwap,692,0.9979749917984009
xglm_small,facebook/xglm-564M,10,1LocalWordSwap,693,0.9957493543624878
xglm_small,facebook/xglm-564M,10,1LocalWordSwap,694,0.9966315031051636
xglm_small,facebook/xglm-564M,10,1LocalWordSwap,695,0.9968996644020081
xglm_small,facebook/xglm-564M,10,1LocalWordSwap,696,0.9976246953010559
xglm_small,facebook/xglm-564M,10,1LocalWordSwap,697,0.9976273775100708
xglm_small,facebook/xglm-564M,10,1LocalWordSwap,698,0.9967337250709534
xglm_small,facebook/xglm-564M,10,1LocalWordSwap,699,0.9969304800033569
xglm_small,facebook/xglm-564M,10,1LocalWordSwap,700,0.997323751449585
xglm_small,facebook/xglm-564M,10,1LocalWordSwap,701,0.9974508881568909
xglm_small,facebook/xglm-564M,10,1LocalWordSwap,702,0.9978865385055542
xglm_small,facebook/xglm-564M,10,1LocalWordSwap,703,0.997890830039978
xglm_small,facebook/xglm-564M,10,1LocalWordSwap,704,0.9976165294647217
xglm_small,facebook/xglm-564M,10,1LocalWordSwap,705,0.9975001811981201
xglm_small,facebook/xglm-564M,10,1LocalWordSwap,706,0.9968098998069763
xglm_small,facebook/xglm-564M,10,1LocalWordSwap,707,0.9965726733207703
xglm_small,facebook/xglm-564M,10,1LocalWordSwap,708,0.9976948499679565
xglm_small,facebook/xglm-564M,10,1LocalWordSwap,709,0.9971916675567627
xglm_small,facebook/xglm-564M,10,1LocalWordSwap,710,0.9968414306640625
xglm_small,facebook/xglm-564M,10,1LocalWordSwap,711,0.9979824423789978
xglm_small,facebook/xglm-564M,10,1LocalWordSwap,712,0.9971106052398682
xglm_small,facebook/xglm-564M,10,1LocalWordSwap,713,0.9981338977813721
xglm_small,facebook/xglm-564M,10,1LocalWordSwap,714,0.9976224303245544
xglm_small,facebook/xglm-564M,10,1LocalWordSwap,715,0.9967755079269409
xglm_small,facebook/xglm-564M,10,1LocalWordSwap,716,0.9973547458648682
xglm_small,facebook/xglm-564M,10,1LocalWordSwap,717,0.9982575178146362
xglm_small,facebook/xglm-564M,10,1LocalWordSwap,718,0.9981104731559753
xglm_small,facebook/xglm-564M,10,1LocalWordSwap,719,0.9973172545433044
xglm_small,facebook/xglm-564M,10,1LocalWordSwap,720,0.9967678189277649
xglm_small,facebook/xglm-564M,10,1LocalWordSwap,721,0.9975693225860596
xglm_small,facebook/xglm-564M,10,1LocalWordSwap,722,0.9978023767471313
xglm_small,facebook/xglm-564M,10,1LocalWordSwap,723,0.998176634311676
xglm_small,facebook/xglm-564M,10,1LocalWordSwap,724,0.9962356090545654
xglm_small,facebook/xglm-564M,10,1LocalWordSwap,725,0.9982321262359619
xglm_small,facebook/xglm-564M,10,1LocalWordSwap,726,0.997604489326477
xglm_small,facebook/xglm-564M,10,1LocalWordSwap,727,0.9981095790863037
xglm_small,facebook/xglm-564M,10,1LocalWordSwap,728,0.9981585741043091
xglm_small,facebook/xglm-564M,10,1LocalWordSwap,729,0.9980580806732178
xglm_small,facebook/xglm-564M,10,1LocalWordSwap,730,0.9972676038742065
xglm_small,facebook/xglm-564M,10,1LocalWordSwap,731,0.9957396984100342
xglm_small,facebook/xglm-564M,10,1LocalWordSwap,732,0.9965562224388123
xglm_small,facebook/xglm-564M,10,1LocalWordSwap,733,0.9974564909934998
xglm_small,facebook/xglm-564M,10,1LocalWordSwap,734,0.9982039928436279
xglm_small,facebook/xglm-564M,10,1LocalWordSwap,735,0.9960759878158569
xglm_small,facebook/xglm-564M,10,1LocalWordSwap,736,0.9971557259559631
xglm_small,facebook/xglm-564M,10,1LocalWordSwap,737,0.997752845287323
xglm_small,facebook/xglm-564M,10,1LocalWordSwap,738,0.9973479509353638
xglm_small,facebook/xglm-564M,10,1LocalWordSwap,739,0.9972245693206787
xglm_small,facebook/xglm-564M,10,1LocalWordSwap,740,0.9974360466003418
xglm_small,facebook/xglm-564M,10,1LocalWordSwap,741,0.9981788992881775
xglm_small,facebook/xglm-564M,10,1LocalWordSwap,742,0.9958832263946533
xglm_small,facebook/xglm-564M,10,1LocalWordSwap,743,0.9976854920387268
xglm_small,facebook/xglm-564M,10,1LocalWordSwap,744,0.9972541332244873
xglm_small,facebook/xglm-564M,10,1LocalWordSwap,745,0.9970543384552002
xglm_small,facebook/xglm-564M,10,1LocalWordSwap,746,0.995722770690918
xglm_small,facebook/xglm-564M,10,1LocalWordSwap,747,0.9980190992355347
xglm_small,facebook/xglm-564M,10,1LocalWordSwap,748,0.9977673292160034
xglm_small,facebook/xglm-564M,10,1LocalWordSwap,749,0.9981644153594971
xglm_small,facebook/xglm-564M,10,1LocalWordSwap,750,0.997524082660675
xglm_small,facebook/xglm-564M,10,1LocalWordSwap,751,0.997924268245697
xglm_small,facebook/xglm-564M,10,1LocalWordSwap,752,0.9974899291992188
xglm_small,facebook/xglm-564M,10,1LocalWordSwap,753,0.9978779554367065
xglm_small,facebook/xglm-564M,10,1LocalWordSwap,754,0.9956943392753601
xglm_small,facebook/xglm-564M,10,1LocalWordSwap,755,0.9981555938720703
xglm_small,facebook/xglm-564M,10,1LocalWordSwap,756,0.9975354671478271
xglm_small,facebook/xglm-564M,10,1LocalWordSwap,757,0.9982742667198181
xglm_small,facebook/xglm-564M,10,1LocalWordSwap,758,0.9979619979858398
xglm_small,facebook/xglm-564M,10,1LocalWordSwap,759,0.9979212284088135
xglm_small,facebook/xglm-564M,10,1LocalWordSwap,760,0.9954568147659302
xglm_small,facebook/xglm-564M,10,1LocalWordSwap,761,0.9933010339736938
xglm_small,facebook/xglm-564M,10,1LocalWordSwap,762,0.9976580739021301
xglm_small,facebook/xglm-564M,10,1LocalWordSwap,763,0.9977816939353943
xglm_small,facebook/xglm-564M,10,1LocalWordSwap,764,0.99699866771698
xglm_small,facebook/xglm-564M,10,1LocalWordSwap,765,0.9977660179138184
xglm_small,facebook/xglm-564M,10,1LocalWordSwap,766,0.9979046583175659
xglm_small,facebook/xglm-564M,10,1LocalWordSwap,767,0.9978898763656616
xglm_small,facebook/xglm-564M,10,1LocalWordSwap,768,0.9977865219116211
xglm_small,facebook/xglm-564M,10,1LocalWordSwap,769,0.9979133605957031
xglm_small,facebook/xglm-564M,10,1LocalWordSwap,770,0.99675452709198
xglm_small,facebook/xglm-564M,10,1LocalWordSwap,771,0.997674286365509
xglm_small,facebook/xglm-564M,10,1LocalWordSwap,772,0.9976544976234436
xglm_small,facebook/xglm-564M,10,1LocalWordSwap,773,0.9958944320678711
xglm_small,facebook/xglm-564M,10,1LocalWordSwap,774,0.9977608919143677
xglm_small,facebook/xglm-564M,10,1LocalWordSwap,775,0.9962982535362244
xglm_small,facebook/xglm-564M,10,1LocalWordSwap,776,0.9977522492408752
xglm_small,facebook/xglm-564M,10,1LocalWordSwap,777,0.9975166320800781
xglm_small,facebook/xglm-564M,10,1LocalWordSwap,778,0.9970024824142456
xglm_small,facebook/xglm-564M,10,1LocalWordSwap,779,0.9977926015853882
xglm_small,facebook/xglm-564M,10,1LocalWordSwap,780,0.9961425065994263
xglm_small,facebook/xglm-564M,10,1LocalWordSwap,781,0.9974304437637329
xglm_small,facebook/xglm-564M,10,1LocalWordSwap,782,0.9976882338523865
xglm_small,facebook/xglm-564M,10,1LocalWordSwap,783,0.9974226355552673
xglm_small,facebook/xglm-564M,10,1LocalWordSwap,784,0.996700644493103
xglm_small,facebook/xglm-564M,10,1LocalWordSwap,785,0.9971693158149719
xglm_small,facebook/xglm-564M,10,1LocalWordSwap,786,0.9975227117538452
xglm_small,facebook/xglm-564M,10,1LocalWordSwap,787,0.9962402582168579
xglm_small,facebook/xglm-564M,10,1LocalWordSwap,788,0.9977341890335083
xglm_small,facebook/xglm-564M,10,1LocalWordSwap,789,0.9973700046539307
xglm_small,facebook/xglm-564M,10,1LocalWordSwap,790,0.9964585304260254
xglm_small,facebook/xglm-564M,10,1LocalWordSwap,791,0.9975695013999939
xglm_small,facebook/xglm-564M,10,1LocalWordSwap,792,0.9971367120742798
xglm_small,facebook/xglm-564M,10,1LocalWordSwap,793,0.9967426657676697
xglm_small,facebook/xglm-564M,10,1LocalWordSwap,794,0.9976725578308105
xglm_small,facebook/xglm-564M,10,1LocalWordSwap,795,0.9976227283477783
xglm_small,facebook/xglm-564M,10,1LocalWordSwap,796,0.9975078105926514
xglm_small,facebook/xglm-564M,10,1LocalWordSwap,797,0.9976745843887329
xglm_small,facebook/xglm-564M,10,1LocalWordSwap,798,0.9983431100845337
xglm_small,facebook/xglm-564M,10,1LocalWordSwap,799,0.9975335597991943
xglm_small,facebook/xglm-564M,10,1LocalWordSwap,800,0.9971909523010254
xglm_small,facebook/xglm-564M,10,1LocalWordSwap,801,0.997026801109314
xglm_small,facebook/xglm-564M,10,1LocalWordSwap,802,0.9960880279541016
xglm_small,facebook/xglm-564M,10,1LocalWordSwap,803,0.9977377653121948
xglm_small,facebook/xglm-564M,10,1LocalWordSwap,804,0.9976184368133545
xglm_small,facebook/xglm-564M,10,1LocalWordSwap,805,0.996265709400177
xglm_small,facebook/xglm-564M,10,1LocalWordSwap,806,0.9971018433570862
xglm_small,facebook/xglm-564M,10,1LocalWordSwap,807,0.9974864721298218
xglm_small,facebook/xglm-564M,10,1LocalWordSwap,808,0.9969708323478699
xglm_small,facebook/xglm-564M,10,1LocalWordSwap,809,0.9971988201141357
xglm_small,facebook/xglm-564M,10,1LocalWordSwap,810,0.9977511763572693
xglm_small,facebook/xglm-564M,10,1LocalWordSwap,811,0.9969656467437744
xglm_small,facebook/xglm-564M,10,1LocalWordSwap,812,0.9977096319198608
xglm_small,facebook/xglm-564M,10,1LocalWordSwap,813,0.9969422221183777
xglm_small,facebook/xglm-564M,10,1LocalWordSwap,814,0.9976345300674438
xglm_small,facebook/xglm-564M,10,1LocalWordSwap,815,0.9976650476455688
xglm_small,facebook/xglm-564M,10,1LocalWordSwap,816,0.997542142868042
xglm_small,facebook/xglm-564M,10,1LocalWordSwap,817,0.9978624582290649
xglm_small,facebook/xglm-564M,10,1LocalWordSwap,818,0.9961801767349243
xglm_small,facebook/xglm-564M,10,1LocalWordSwap,819,0.9952987432479858
xglm_small,facebook/xglm-564M,10,1LocalWordSwap,820,0.9978258609771729
xglm_small,facebook/xglm-564M,10,1LocalWordSwap,821,0.9980730414390564
xglm_small,facebook/xglm-564M,10,1LocalWordSwap,822,0.997582733631134
xglm_small,facebook/xglm-564M,10,1LocalWordSwap,823,0.9976991415023804
xglm_small,facebook/xglm-564M,10,1LocalWordSwap,824,0.9977360963821411
xglm_small,facebook/xglm-564M,10,1LocalWordSwap,825,0.9978434443473816
xglm_small,facebook/xglm-564M,10,1LocalWordSwap,826,0.9978326559066772
xglm_small,facebook/xglm-564M,10,1LocalWordSwap,827,0.9978699088096619
xglm_small,facebook/xglm-564M,10,1LocalWordSwap,828,0.9969711899757385
xglm_small,facebook/xglm-564M,10,1LocalWordSwap,829,0.997031569480896
xglm_small,facebook/xglm-564M,10,1LocalWordSwap,830,0.997501790523529
xglm_small,facebook/xglm-564M,10,1LocalWordSwap,831,0.9970921277999878
xglm_small,facebook/xglm-564M,10,1LocalWordSwap,832,0.9973675012588501
xglm_small,facebook/xglm-564M,10,1LocalWordSwap,833,0.9975143074989319
xglm_small,facebook/xglm-564M,10,1LocalWordSwap,834,0.9979314804077148
xglm_small,facebook/xglm-564M,10,1LocalWordSwap,835,0.998051643371582
xglm_small,facebook/xglm-564M,10,1LocalWordSwap,836,0.9976245760917664
xglm_small,facebook/xglm-564M,10,1LocalWordSwap,837,0.9979571104049683
xglm_small,facebook/xglm-564M,10,1LocalWordSwap,838,0.9977558255195618
xglm_small,facebook/xglm-564M,10,1LocalWordSwap,839,0.9973565340042114
xglm_small,facebook/xglm-564M,10,1LocalWordSwap,840,0.9971362352371216
xglm_small,facebook/xglm-564M,10,1LocalWordSwap,841,0.9986255764961243
xglm_small,facebook/xglm-564M,10,1LocalWordSwap,842,0.9981124401092529
xglm_small,facebook/xglm-564M,10,1LocalWordSwap,843,0.9974607229232788
xglm_small,facebook/xglm-564M,10,1LocalWordSwap,844,0.9963657259941101
xglm_small,facebook/xglm-564M,10,1LocalWordSwap,845,0.9953632354736328
xglm_small,facebook/xglm-564M,10,1LocalWordSwap,846,0.9967669248580933
xglm_small,facebook/xglm-564M,10,1LocalWordSwap,847,0.997124195098877
xglm_small,facebook/xglm-564M,10,1LocalWordSwap,848,0.9978140592575073
xglm_small,facebook/xglm-564M,10,1LocalWordSwap,849,0.9977326989173889
xglm_small,facebook/xglm-564M,10,1LocalWordSwap,850,0.9972320795059204
xglm_small,facebook/xglm-564M,10,1LocalWordSwap,851,0.9977360963821411
xglm_small,facebook/xglm-564M,10,1LocalWordSwap,852,0.997535765171051
xglm_small,facebook/xglm-564M,10,1LocalWordSwap,853,0.9978747367858887
xglm_small,facebook/xglm-564M,10,1LocalWordSwap,854,0.9962283968925476
xglm_small,facebook/xglm-564M,10,1LocalWordSwap,855,0.9970211386680603
xglm_small,facebook/xglm-564M,10,1LocalWordSwap,856,0.9969974756240845
xglm_small,facebook/xglm-564M,10,1LocalWordSwap,857,0.9962424635887146
xglm_small,facebook/xglm-564M,10,1LocalWordSwap,858,0.9978768825531006
xglm_small,facebook/xglm-564M,10,1LocalWordSwap,859,0.9983919858932495
xglm_small,facebook/xglm-564M,10,1LocalWordSwap,860,0.9976768493652344
xglm_small,facebook/xglm-564M,10,1LocalWordSwap,861,0.9966412782669067
xglm_small,facebook/xglm-564M,10,1LocalWordSwap,862,0.9980081915855408
xglm_small,facebook/xglm-564M,10,1LocalWordSwap,863,0.9977604746818542
xglm_small,facebook/xglm-564M,10,1LocalWordSwap,864,0.9966620206832886
xglm_small,facebook/xglm-564M,10,1LocalWordSwap,865,0.9979714751243591
xglm_small,facebook/xglm-564M,10,1LocalWordSwap,866,0.9968950748443604
xglm_small,facebook/xglm-564M,10,1LocalWordSwap,867,0.9967350959777832
xglm_small,facebook/xglm-564M,10,1LocalWordSwap,868,0.9966145753860474
xglm_small,facebook/xglm-564M,10,1LocalWordSwap,869,0.9958636164665222
xglm_small,facebook/xglm-564M,10,1LocalWordSwap,870,0.9977724552154541
xglm_small,facebook/xglm-564M,10,1LocalWordSwap,871,0.9969495534896851
xglm_small,facebook/xglm-564M,10,1LocalWordSwap,872,0.9984070062637329
xglm_small,facebook/xglm-564M,10,1LocalWordSwap,873,0.9976210594177246
xglm_small,facebook/xglm-564M,10,1LocalWordSwap,874,0.9968453645706177
xglm_small,facebook/xglm-564M,10,1LocalWordSwap,875,0.9973445534706116
xglm_small,facebook/xglm-564M,10,1LocalWordSwap,876,0.9978994131088257
xglm_small,facebook/xglm-564M,10,1LocalWordSwap,877,0.9961211085319519
xglm_small,facebook/xglm-564M,10,1LocalWordSwap,878,0.9971287250518799
xglm_small,facebook/xglm-564M,10,1LocalWordSwap,879,0.9965150952339172
xglm_small,facebook/xglm-564M,10,1LocalWordSwap,880,0.9968355894088745
xglm_small,facebook/xglm-564M,10,1LocalWordSwap,881,0.9966627359390259
xglm_small,facebook/xglm-564M,10,1LocalWordSwap,882,0.9969921112060547
xglm_small,facebook/xglm-564M,10,1LocalWordSwap,883,0.9963046908378601
xglm_small,facebook/xglm-564M,10,1LocalWordSwap,884,0.9963061809539795
xglm_small,facebook/xglm-564M,10,1LocalWordSwap,885,0.9970024228096008
xglm_small,facebook/xglm-564M,10,1LocalWordSwap,886,0.9970771670341492
xglm_small,facebook/xglm-564M,10,1LocalWordSwap,887,0.996320366859436
xglm_small,facebook/xglm-564M,10,1LocalWordSwap,888,0.9960533380508423
xglm_small,facebook/xglm-564M,10,1LocalWordSwap,889,0.9970011115074158
xglm_small,facebook/xglm-564M,10,1LocalWordSwap,890,0.9977049827575684
xglm_small,facebook/xglm-564M,10,1LocalWordSwap,891,0.9958428740501404
xglm_small,facebook/xglm-564M,10,1LocalWordSwap,892,0.996330738067627
xglm_small,facebook/xglm-564M,10,1LocalWordSwap,893,0.9971281290054321
xglm_small,facebook/xglm-564M,10,1LocalWordSwap,894,0.9967833161354065
xglm_small,facebook/xglm-564M,10,1LocalWordSwap,895,0.9971212148666382
xglm_small,facebook/xglm-564M,10,1LocalWordSwap,896,0.9966588020324707
xglm_small,facebook/xglm-564M,10,1LocalWordSwap,897,0.997955322265625
xglm_small,facebook/xglm-564M,10,1LocalWordSwap,898,0.9976401925086975
xglm_small,facebook/xglm-564M,10,1LocalWordSwap,899,0.9955868721008301
xglm_small,facebook/xglm-564M,10,1LocalWordSwap,900,0.9978480339050293
xglm_small,facebook/xglm-564M,10,1LocalWordSwap,901,0.998069167137146
xglm_small,facebook/xglm-564M,10,1LocalWordSwap,902,0.9974357485771179
xglm_small,facebook/xglm-564M,10,1LocalWordSwap,903,0.9965291023254395
xglm_small,facebook/xglm-564M,10,1LocalWordSwap,904,0.9972667098045349
xglm_small,facebook/xglm-564M,10,1LocalWordSwap,905,0.9972332715988159
xglm_small,facebook/xglm-564M,10,1LocalWordSwap,906,0.9972617626190186
xglm_small,facebook/xglm-564M,10,1LocalWordSwap,907,0.9953052997589111
xglm_small,facebook/xglm-564M,10,1LocalWordSwap,908,0.9980810880661011
xglm_small,facebook/xglm-564M,10,1LocalWordSwap,909,0.9975064992904663
xglm_small,facebook/xglm-564M,10,1LocalWordSwap,910,0.997978687286377
xglm_small,facebook/xglm-564M,10,1LocalWordSwap,911,0.9967979192733765
xglm_small,facebook/xglm-564M,10,1LocalWordSwap,912,0.9969632029533386
xglm_small,facebook/xglm-564M,10,1LocalWordSwap,913,0.9970898628234863
xglm_small,facebook/xglm-564M,10,1LocalWordSwap,914,0.9979926347732544
xglm_small,facebook/xglm-564M,10,1LocalWordSwap,915,0.9964656829833984
xglm_small,facebook/xglm-564M,10,1LocalWordSwap,916,0.9974627494812012
xglm_small,facebook/xglm-564M,10,1LocalWordSwap,917,0.9972748756408691
xglm_small,facebook/xglm-564M,10,1LocalWordSwap,918,0.9962946772575378
xglm_small,facebook/xglm-564M,10,1LocalWordSwap,919,0.9973220825195312
xglm_small,facebook/xglm-564M,10,1LocalWordSwap,920,0.9965320825576782
xglm_small,facebook/xglm-564M,10,1LocalWordSwap,921,0.9969906210899353
xglm_small,facebook/xglm-564M,10,1LocalWordSwap,922,0.9975107312202454
xglm_small,facebook/xglm-564M,10,1LocalWordSwap,923,0.997613251209259
xglm_small,facebook/xglm-564M,10,1LocalWordSwap,924,0.995903730392456
xglm_small,facebook/xglm-564M,10,1LocalWordSwap,925,0.9963814616203308
xglm_small,facebook/xglm-564M,10,1LocalWordSwap,926,0.9982116222381592
xglm_small,facebook/xglm-564M,10,1LocalWordSwap,927,0.9969804286956787
xglm_small,facebook/xglm-564M,10,1LocalWordSwap,928,0.9963443279266357
xglm_small,facebook/xglm-564M,10,1LocalWordSwap,929,0.9962928891181946
xglm_small,facebook/xglm-564M,10,1LocalWordSwap,930,0.9975348711013794
xglm_small,facebook/xglm-564M,10,1LocalWordSwap,931,0.9977869987487793
xglm_small,facebook/xglm-564M,10,1LocalWordSwap,932,0.9962337613105774
xglm_small,facebook/xglm-564M,10,1LocalWordSwap,933,0.9981763362884521
xglm_small,facebook/xglm-564M,10,1LocalWordSwap,934,0.9974400997161865
xglm_small,facebook/xglm-564M,10,1LocalWordSwap,935,0.9984350204467773
xglm_small,facebook/xglm-564M,10,1LocalWordSwap,936,0.9968301057815552
xglm_small,facebook/xglm-564M,10,1LocalWordSwap,937,0.9973134398460388
xglm_small,facebook/xglm-564M,10,1LocalWordSwap,938,0.9969092607498169
xglm_small,facebook/xglm-564M,10,1LocalWordSwap,939,0.996856153011322
xglm_small,facebook/xglm-564M,10,1LocalWordSwap,940,0.997115969657898
xglm_small,facebook/xglm-564M,10,1LocalWordSwap,941,0.9975125789642334
xglm_small,facebook/xglm-564M,10,1LocalWordSwap,942,0.9981300234794617
xglm_small,facebook/xglm-564M,10,1LocalWordSwap,943,0.9975471496582031
xglm_small,facebook/xglm-564M,10,1LocalWordSwap,944,0.9965591430664062
xglm_small,facebook/xglm-564M,10,1LocalWordSwap,945,0.9977231025695801
xglm_small,facebook/xglm-564M,10,1LocalWordSwap,946,0.9976393580436707
xglm_small,facebook/xglm-564M,10,1LocalWordSwap,947,0.9975844621658325
xglm_small,facebook/xglm-564M,10,1LocalWordSwap,948,0.996912956237793
xglm_small,facebook/xglm-564M,10,1LocalWordSwap,949,0.9981181621551514
xglm_small,facebook/xglm-564M,10,1LocalWordSwap,950,0.99749755859375
xglm_small,facebook/xglm-564M,10,1LocalWordSwap,951,0.9972337484359741
xglm_small,facebook/xglm-564M,10,1LocalWordSwap,952,0.9961121082305908
xglm_small,facebook/xglm-564M,10,1LocalWordSwap,953,0.9972776174545288
xglm_small,facebook/xglm-564M,10,1LocalWordSwap,954,0.997577428817749
xglm_small,facebook/xglm-564M,10,1LocalWordSwap,955,0.9977073669433594
xglm_small,facebook/xglm-564M,10,1LocalWordSwap,956,0.9980044364929199
xglm_small,facebook/xglm-564M,10,1LocalWordSwap,957,0.9970988035202026
xglm_small,facebook/xglm-564M,10,1LocalWordSwap,958,0.9968605041503906
xglm_small,facebook/xglm-564M,10,1LocalWordSwap,959,0.9961960315704346
xglm_small,facebook/xglm-564M,10,1LocalWordSwap,960,0.9974427819252014
xglm_small,facebook/xglm-564M,10,1LocalWordSwap,961,0.9974398612976074
xglm_small,facebook/xglm-564M,10,1LocalWordSwap,962,0.9977218508720398
xglm_small,facebook/xglm-564M,10,1LocalWordSwap,963,0.9998980760574341
xglm_small,facebook/xglm-564M,10,1LocalWordSwap,964,0.9977126717567444
xglm_small,facebook/xglm-564M,10,1LocalWordSwap,965,0.9980573654174805
xglm_small,facebook/xglm-564M,10,1LocalWordSwap,966,0.9972409009933472
xglm_small,facebook/xglm-564M,10,1LocalWordSwap,967,0.9969477653503418
xglm_small,facebook/xglm-564M,10,1LocalWordSwap,968,0.9966060519218445
xglm_small,facebook/xglm-564M,10,1LocalWordSwap,969,0.9969691038131714
xglm_small,facebook/xglm-564M,10,1LocalWordSwap,970,0.9963346719741821
xglm_small,facebook/xglm-564M,10,1LocalWordSwap,971,0.9977636337280273
xglm_small,facebook/xglm-564M,10,1LocalWordSwap,972,0.999863862991333
xglm_small,facebook/xglm-564M,10,1LocalWordSwap,973,0.9965260028839111
xglm_small,facebook/xglm-564M,10,1LocalWordSwap,974,0.9979240894317627
xglm_small,facebook/xglm-564M,10,1LocalWordSwap,975,0.995337963104248
xglm_small,facebook/xglm-564M,10,1LocalWordSwap,976,0.9969257116317749
xglm_small,facebook/xglm-564M,10,1LocalWordSwap,977,0.9967422485351562
xglm_small,facebook/xglm-564M,10,1LocalWordSwap,978,0.9972141981124878
xglm_small,facebook/xglm-564M,10,1LocalWordSwap,979,0.9973528385162354
xglm_small,facebook/xglm-564M,10,1LocalWordSwap,980,0.996932327747345
xglm_small,facebook/xglm-564M,10,1LocalWordSwap,981,0.9978746175765991
xglm_small,facebook/xglm-564M,10,1LocalWordSwap,982,0.9981017708778381
xglm_small,facebook/xglm-564M,10,1LocalWordSwap,983,0.9978288412094116
xglm_small,facebook/xglm-564M,10,1LocalWordSwap,984,0.9964452981948853
xglm_small,facebook/xglm-564M,10,1LocalWordSwap,985,0.997206449508667
xglm_small,facebook/xglm-564M,10,1LocalWordSwap,986,0.9961431622505188
xglm_small,facebook/xglm-564M,10,1LocalWordSwap,987,0.9969584345817566
xglm_small,facebook/xglm-564M,10,1LocalWordSwap,988,0.9971349835395813
xglm_small,facebook/xglm-564M,10,1LocalWordSwap,989,0.9963518381118774
xglm_small,facebook/xglm-564M,10,1LocalWordSwap,990,0.9966428875923157
xglm_small,facebook/xglm-564M,10,1LocalWordSwap,991,0.9998732209205627
xglm_small,facebook/xglm-564M,10,1LocalWordSwap,992,0.9993399381637573
xglm_small,facebook/xglm-564M,10,1LocalWordSwap,993,0.9998698234558105
xglm_small,facebook/xglm-564M,10,1LocalWordSwap,994,0.9964460134506226
xglm_small,facebook/xglm-564M,10,1LocalWordSwap,995,0.9952874183654785
xglm_small,facebook/xglm-564M,10,1LocalWordSwap,996,0.9973330497741699
xglm_small,facebook/xglm-564M,10,1LocalWordSwap,997,0.9977297782897949
xglm_small,facebook/xglm-564M,10,1LocalWordSwap,998,0.997840166091919
xglm_small,facebook/xglm-564M,10,1LocalWordSwap,999,0.995185375213623
xglm_small,facebook/xglm-564M,10,2LocalWordSwap,0,0.9965813159942627
xglm_small,facebook/xglm-564M,10,2LocalWordSwap,1,0.9995101690292358
xglm_small,facebook/xglm-564M,10,2LocalWordSwap,2,0.99778151512146
xglm_small,facebook/xglm-564M,10,2LocalWordSwap,3,0.9969921112060547
xglm_small,facebook/xglm-564M,10,2LocalWordSwap,4,0.9981560707092285
xglm_small,facebook/xglm-564M,10,2LocalWordSwap,5,0.99759441614151
xglm_small,facebook/xglm-564M,10,2LocalWordSwap,6,0.9958264827728271
xglm_small,facebook/xglm-564M,10,2LocalWordSwap,7,0.9976056814193726
xglm_small,facebook/xglm-564M,10,2LocalWordSwap,8,0.9995260238647461
xglm_small,facebook/xglm-564M,10,2LocalWordSwap,9,0.9978819489479065
xglm_small,facebook/xglm-564M,10,2LocalWordSwap,10,0.9972045421600342
xglm_small,facebook/xglm-564M,10,2LocalWordSwap,11,0.9962756633758545
xglm_small,facebook/xglm-564M,10,2LocalWordSwap,12,0.9977174997329712
xglm_small,facebook/xglm-564M,10,2LocalWordSwap,13,0.9965639710426331
xglm_small,facebook/xglm-564M,10,2LocalWordSwap,14,0.9971494674682617
xglm_small,facebook/xglm-564M,10,2LocalWordSwap,15,0.997925877571106
xglm_small,facebook/xglm-564M,10,2LocalWordSwap,16,0.9979125261306763
xglm_small,facebook/xglm-564M,10,2LocalWordSwap,17,0.9980164766311646
xglm_small,facebook/xglm-564M,10,2LocalWordSwap,18,0.9969098567962646
xglm_small,facebook/xglm-564M,10,2LocalWordSwap,19,0.9968183040618896
xglm_small,facebook/xglm-564M,10,2LocalWordSwap,20,0.9976919293403625
xglm_small,facebook/xglm-564M,10,2LocalWordSwap,21,0.9972608089447021
xglm_small,facebook/xglm-564M,10,2LocalWordSwap,22,0.9977964162826538
xglm_small,facebook/xglm-564M,10,2LocalWordSwap,23,0.9976208209991455
xglm_small,facebook/xglm-564M,10,2LocalWordSwap,24,0.9974104166030884
xglm_small,facebook/xglm-564M,10,2LocalWordSwap,25,0.9974387288093567
xglm_small,facebook/xglm-564M,10,2LocalWordSwap,26,0.9973866939544678
xglm_small,facebook/xglm-564M,10,2LocalWordSwap,27,0.9971487522125244
xglm_small,facebook/xglm-564M,10,2LocalWordSwap,28,0.9971170425415039
xglm_small,facebook/xglm-564M,10,2LocalWordSwap,29,0.9966837763786316
xglm_small,facebook/xglm-564M,10,2LocalWordSwap,30,0.9967291355133057
xglm_small,facebook/xglm-564M,10,2LocalWordSwap,31,0.9973793029785156
xglm_small,facebook/xglm-564M,10,2LocalWordSwap,32,0.9973341822624207
xglm_small,facebook/xglm-564M,10,2LocalWordSwap,33,0.9996615052223206
xglm_small,facebook/xglm-564M,10,2LocalWordSwap,34,0.9973629117012024
xglm_small,facebook/xglm-564M,10,2LocalWordSwap,35,0.9978359341621399
xglm_small,facebook/xglm-564M,10,2LocalWordSwap,36,0.9970173835754395
xglm_small,facebook/xglm-564M,10,2LocalWordSwap,37,0.9963473081588745
xglm_small,facebook/xglm-564M,10,2LocalWordSwap,38,0.9973924160003662
xglm_small,facebook/xglm-564M,10,2LocalWordSwap,39,0.9972584843635559
xglm_small,facebook/xglm-564M,10,2LocalWordSwap,40,0.9971206188201904
xglm_small,facebook/xglm-564M,10,2LocalWordSwap,41,0.9970309734344482
xglm_small,facebook/xglm-564M,10,2LocalWordSwap,42,0.9974751472473145
xglm_small,facebook/xglm-564M,10,2LocalWordSwap,43,0.9973923563957214
xglm_small,facebook/xglm-564M,10,2LocalWordSwap,44,0.997340202331543
xglm_small,facebook/xglm-564M,10,2LocalWordSwap,45,0.9968836903572083
xglm_small,facebook/xglm-564M,10,2LocalWordSwap,46,0.99803626537323
xglm_small,facebook/xglm-564M,10,2LocalWordSwap,47,0.997085690498352
xglm_small,facebook/xglm-564M,10,2LocalWordSwap,48,0.997642457485199
xglm_small,facebook/xglm-564M,10,2LocalWordSwap,49,0.9972488880157471
xglm_small,facebook/xglm-564M,10,2LocalWordSwap,50,0.9973728656768799
xglm_small,facebook/xglm-564M,10,2LocalWordSwap,51,0.9977971315383911
xglm_small,facebook/xglm-564M,10,2LocalWordSwap,52,0.9978984594345093
xglm_small,facebook/xglm-564M,10,2LocalWordSwap,53,0.9978300929069519
xglm_small,facebook/xglm-564M,10,2LocalWordSwap,54,0.9976142644882202
xglm_small,facebook/xglm-564M,10,2LocalWordSwap,55,0.9979482889175415
xglm_small,facebook/xglm-564M,10,2LocalWordSwap,56,0.9976915121078491
xglm_small,facebook/xglm-564M,10,2LocalWordSwap,57,0.9969433546066284
xglm_small,facebook/xglm-564M,10,2LocalWordSwap,58,0.9979045987129211
xglm_small,facebook/xglm-564M,10,2LocalWordSwap,59,0.998151421546936
xglm_small,facebook/xglm-564M,10,2LocalWordSwap,60,0.9979850649833679
xglm_small,facebook/xglm-564M,10,2LocalWordSwap,61,0.9969238042831421
xglm_small,facebook/xglm-564M,10,2LocalWordSwap,62,0.9990127086639404
xglm_small,facebook/xglm-564M,10,2LocalWordSwap,63,0.9961287379264832
xglm_small,facebook/xglm-564M,10,2LocalWordSwap,64,0.9965682625770569
xglm_small,facebook/xglm-564M,10,2LocalWordSwap,65,0.9965957403182983
xglm_small,facebook/xglm-564M,10,2LocalWordSwap,66,0.9974732398986816
xglm_small,facebook/xglm-564M,10,2LocalWordSwap,67,0.9974431991577148
xglm_small,facebook/xglm-564M,10,2LocalWordSwap,68,0.9973499774932861
xglm_small,facebook/xglm-564M,10,2LocalWordSwap,69,0.9972944259643555
xglm_small,facebook/xglm-564M,10,2LocalWordSwap,70,0.9974112510681152
xglm_small,facebook/xglm-564M,10,2LocalWordSwap,71,0.9976804256439209
xglm_small,facebook/xglm-564M,10,2LocalWordSwap,72,0.9980392456054688
xglm_small,facebook/xglm-564M,10,2LocalWordSwap,73,0.9963183403015137
xglm_small,facebook/xglm-564M,10,2LocalWordSwap,74,0.9976204633712769
xglm_small,facebook/xglm-564M,10,2LocalWordSwap,75,0.9968059062957764
xglm_small,facebook/xglm-564M,10,2LocalWordSwap,76,0.9969475865364075
xglm_small,facebook/xglm-564M,10,2LocalWordSwap,77,0.9979443550109863
xglm_small,facebook/xglm-564M,10,2LocalWordSwap,78,0.9963971972465515
xglm_small,facebook/xglm-564M,10,2LocalWordSwap,79,0.9960324168205261
xglm_small,facebook/xglm-564M,10,2LocalWordSwap,80,0.9973673820495605
xglm_small,facebook/xglm-564M,10,2LocalWordSwap,81,0.9991526007652283
xglm_small,facebook/xglm-564M,10,2LocalWordSwap,82,0.995955765247345
xglm_small,facebook/xglm-564M,10,2LocalWordSwap,83,0.9964290857315063
xglm_small,facebook/xglm-564M,10,2LocalWordSwap,84,0.9968907237052917
xglm_small,facebook/xglm-564M,10,2LocalWordSwap,85,0.9974525570869446
xglm_small,facebook/xglm-564M,10,2LocalWordSwap,86,0.9971438646316528
xglm_small,facebook/xglm-564M,10,2LocalWordSwap,87,0.9975366592407227
xglm_small,facebook/xglm-564M,10,2LocalWordSwap,88,0.9975416660308838
xglm_small,facebook/xglm-564M,10,2LocalWordSwap,89,0.9973906874656677
xglm_small,facebook/xglm-564M,10,2LocalWordSwap,90,0.9996309280395508
xglm_small,facebook/xglm-564M,10,2LocalWordSwap,91,0.997785210609436
xglm_small,facebook/xglm-564M,10,2LocalWordSwap,92,0.9974894523620605
xglm_small,facebook/xglm-564M,10,2LocalWordSwap,93,0.9974696636199951
xglm_small,facebook/xglm-564M,10,2LocalWordSwap,94,0.9964369535446167
xglm_small,facebook/xglm-564M,10,2LocalWordSwap,95,0.9977444410324097
xglm_small,facebook/xglm-564M,10,2LocalWordSwap,96,0.9959297180175781
xglm_small,facebook/xglm-564M,10,2LocalWordSwap,97,0.9970973134040833
xglm_small,facebook/xglm-564M,10,2LocalWordSwap,98,0.9968982338905334
xglm_small,facebook/xglm-564M,10,2LocalWordSwap,99,0.9977518916130066
xglm_small,facebook/xglm-564M,10,2LocalWordSwap,100,0.9956539869308472
xglm_small,facebook/xglm-564M,10,2LocalWordSwap,101,0.9970837831497192
xglm_small,facebook/xglm-564M,10,2LocalWordSwap,102,0.9968226552009583
xglm_small,facebook/xglm-564M,10,2LocalWordSwap,103,0.9995986223220825
xglm_small,facebook/xglm-564M,10,2LocalWordSwap,104,0.9971554279327393
xglm_small,facebook/xglm-564M,10,2LocalWordSwap,105,0.9973870515823364
xglm_small,facebook/xglm-564M,10,2LocalWordSwap,106,0.9975445866584778
xglm_small,facebook/xglm-564M,10,2LocalWordSwap,107,0.9974691867828369
xglm_small,facebook/xglm-564M,10,2LocalWordSwap,108,0.9970882534980774
xglm_small,facebook/xglm-564M,10,2LocalWordSwap,109,0.9976822733879089
xglm_small,facebook/xglm-564M,10,2LocalWordSwap,110,0.9974828958511353
xglm_small,facebook/xglm-564M,10,2LocalWordSwap,111,0.9976269006729126
xglm_small,facebook/xglm-564M,10,2LocalWordSwap,112,0.9974803924560547
xglm_small,facebook/xglm-564M,10,2LocalWordSwap,113,0.9966834783554077
xglm_small,facebook/xglm-564M,10,2LocalWordSwap,114,0.997104287147522
xglm_small,facebook/xglm-564M,10,2LocalWordSwap,115,0.9976263642311096
xglm_small,facebook/xglm-564M,10,2LocalWordSwap,116,0.9965517520904541
xglm_small,facebook/xglm-564M,10,2LocalWordSwap,117,0.9968148469924927
xglm_small,facebook/xglm-564M,10,2LocalWordSwap,118,0.9977350234985352
xglm_small,facebook/xglm-564M,10,2LocalWordSwap,119,0.997327446937561
xglm_small,facebook/xglm-564M,10,2LocalWordSwap,120,0.9967554807662964
xglm_small,facebook/xglm-564M,10,2LocalWordSwap,121,0.9951319098472595
xglm_small,facebook/xglm-564M,10,2LocalWordSwap,122,0.9968435764312744
xglm_small,facebook/xglm-564M,10,2LocalWordSwap,123,0.9962349534034729
xglm_small,facebook/xglm-564M,10,2LocalWordSwap,124,0.9967090487480164
xglm_small,facebook/xglm-564M,10,2LocalWordSwap,125,0.99588942527771
xglm_small,facebook/xglm-564M,10,2LocalWordSwap,126,0.9970539808273315
xglm_small,facebook/xglm-564M,10,2LocalWordSwap,127,0.9969854354858398
xglm_small,facebook/xglm-564M,10,2LocalWordSwap,128,0.9974063634872437
xglm_small,facebook/xglm-564M,10,2LocalWordSwap,129,0.9974556565284729
xglm_small,facebook/xglm-564M,10,2LocalWordSwap,130,0.9976843595504761
xglm_small,facebook/xglm-564M,10,2LocalWordSwap,131,0.9952346086502075
xglm_small,facebook/xglm-564M,10,2LocalWordSwap,132,0.9967168569564819
xglm_small,facebook/xglm-564M,10,2LocalWordSwap,133,0.9943830966949463
xglm_small,facebook/xglm-564M,10,2LocalWordSwap,134,0.997077226638794
xglm_small,facebook/xglm-564M,10,2LocalWordSwap,135,0.997261643409729
xglm_small,facebook/xglm-564M,10,2LocalWordSwap,136,0.995873212814331
xglm_small,facebook/xglm-564M,10,2LocalWordSwap,137,0.9961893558502197
xglm_small,facebook/xglm-564M,10,2LocalWordSwap,138,0.9973737001419067
xglm_small,facebook/xglm-564M,10,2LocalWordSwap,139,0.996941328048706
xglm_small,facebook/xglm-564M,10,2LocalWordSwap,140,0.9975083470344543
xglm_small,facebook/xglm-564M,10,2LocalWordSwap,141,0.9969603419303894
xglm_small,facebook/xglm-564M,10,2LocalWordSwap,142,0.9976398944854736
xglm_small,facebook/xglm-564M,10,2LocalWordSwap,143,0.9961525201797485
xglm_small,facebook/xglm-564M,10,2LocalWordSwap,144,0.9976949691772461
xglm_small,facebook/xglm-564M,10,2LocalWordSwap,145,0.99810791015625
xglm_small,facebook/xglm-564M,10,2LocalWordSwap,146,0.9975565671920776
xglm_small,facebook/xglm-564M,10,2LocalWordSwap,147,0.9969183802604675
xglm_small,facebook/xglm-564M,10,2LocalWordSwap,148,0.9975018501281738
xglm_small,facebook/xglm-564M,10,2LocalWordSwap,149,0.9973229765892029
xglm_small,facebook/xglm-564M,10,2LocalWordSwap,150,0.9968651533126831
xglm_small,facebook/xglm-564M,10,2LocalWordSwap,151,0.9965289831161499
xglm_small,facebook/xglm-564M,10,2LocalWordSwap,152,0.9970061779022217
xglm_small,facebook/xglm-564M,10,2LocalWordSwap,153,0.9977558851242065
xglm_small,facebook/xglm-564M,10,2LocalWordSwap,154,0.9968007206916809
xglm_small,facebook/xglm-564M,10,2LocalWordSwap,155,0.9973776340484619
xglm_small,facebook/xglm-564M,10,2LocalWordSwap,156,0.9979033470153809
xglm_small,facebook/xglm-564M,10,2LocalWordSwap,157,0.9968991279602051
xglm_small,facebook/xglm-564M,10,2LocalWordSwap,158,0.9974697232246399
xglm_small,facebook/xglm-564M,10,2LocalWordSwap,159,0.9971598386764526
xglm_small,facebook/xglm-564M,10,2LocalWordSwap,160,0.9996570348739624
xglm_small,facebook/xglm-564M,10,2LocalWordSwap,161,0.9981241822242737
xglm_small,facebook/xglm-564M,10,2LocalWordSwap,162,0.996717095375061
xglm_small,facebook/xglm-564M,10,2LocalWordSwap,163,0.997211217880249
xglm_small,facebook/xglm-564M,10,2LocalWordSwap,164,0.9975882172584534
xglm_small,facebook/xglm-564M,10,2LocalWordSwap,165,0.9978418350219727
xglm_small,facebook/xglm-564M,10,2LocalWordSwap,166,0.9978384375572205
xglm_small,facebook/xglm-564M,10,2LocalWordSwap,167,0.9974734783172607
xglm_small,facebook/xglm-564M,10,2LocalWordSwap,168,0.9976145625114441
xglm_small,facebook/xglm-564M,10,2LocalWordSwap,169,0.9973962903022766
xglm_small,facebook/xglm-564M,10,2LocalWordSwap,170,0.9974007606506348
xglm_small,facebook/xglm-564M,10,2LocalWordSwap,171,0.997647762298584
xglm_small,facebook/xglm-564M,10,2LocalWordSwap,172,0.9974166750907898
xglm_small,facebook/xglm-564M,10,2LocalWordSwap,173,0.9962295889854431
xglm_small,facebook/xglm-564M,10,2LocalWordSwap,174,0.9981963038444519
xglm_small,facebook/xglm-564M,10,2LocalWordSwap,175,0.9970956444740295
xglm_small,facebook/xglm-564M,10,2LocalWordSwap,176,0.9961352348327637
xglm_small,facebook/xglm-564M,10,2LocalWordSwap,177,0.995901346206665
xglm_small,facebook/xglm-564M,10,2LocalWordSwap,178,0.9960365295410156
xglm_small,facebook/xglm-564M,10,2LocalWordSwap,179,0.9962997436523438
xglm_small,facebook/xglm-564M,10,2LocalWordSwap,180,0.9968389868736267
xglm_small,facebook/xglm-564M,10,2LocalWordSwap,181,0.9977521896362305
xglm_small,facebook/xglm-564M,10,2LocalWordSwap,182,0.9974948167800903
xglm_small,facebook/xglm-564M,10,2LocalWordSwap,183,0.9953560829162598
xglm_small,facebook/xglm-564M,10,2LocalWordSwap,184,0.9959667921066284
xglm_small,facebook/xglm-564M,10,2LocalWordSwap,185,0.9978080987930298
xglm_small,facebook/xglm-564M,10,2LocalWordSwap,186,0.996090292930603
xglm_small,facebook/xglm-564M,10,2LocalWordSwap,187,0.9965351223945618
xglm_small,facebook/xglm-564M,10,2LocalWordSwap,188,0.9975777864456177
xglm_small,facebook/xglm-564M,10,2LocalWordSwap,189,0.9964459538459778
xglm_small,facebook/xglm-564M,10,2LocalWordSwap,190,0.9974477291107178
xglm_small,facebook/xglm-564M,10,2LocalWordSwap,191,0.9972023963928223
xglm_small,facebook/xglm-564M,10,2LocalWordSwap,192,0.9983454346656799
xglm_small,facebook/xglm-564M,10,2LocalWordSwap,193,0.9971457719802856
xglm_small,facebook/xglm-564M,10,2LocalWordSwap,194,0.9960562586784363
xglm_small,facebook/xglm-564M,10,2LocalWordSwap,195,0.9973679780960083
xglm_small,facebook/xglm-564M,10,2LocalWordSwap,196,0.9970272183418274
xglm_small,facebook/xglm-564M,10,2LocalWordSwap,197,0.9943779706954956
xglm_small,facebook/xglm-564M,10,2LocalWordSwap,198,0.9972720146179199
xglm_small,facebook/xglm-564M,10,2LocalWordSwap,199,0.9974372386932373
xglm_small,facebook/xglm-564M,10,2LocalWordSwap,200,0.9970716834068298
xglm_small,facebook/xglm-564M,10,2LocalWordSwap,201,0.9962261915206909
xglm_small,facebook/xglm-564M,10,2LocalWordSwap,202,0.997748851776123
xglm_small,facebook/xglm-564M,10,2LocalWordSwap,203,0.996618390083313
xglm_small,facebook/xglm-564M,10,2LocalWordSwap,204,0.9973241090774536
xglm_small,facebook/xglm-564M,10,2LocalWordSwap,205,0.9975904822349548
xglm_small,facebook/xglm-564M,10,2LocalWordSwap,206,0.9961800575256348
xglm_small,facebook/xglm-564M,10,2LocalWordSwap,207,0.9957865476608276
xglm_small,facebook/xglm-564M,10,2LocalWordSwap,208,0.9957222938537598
xglm_small,facebook/xglm-564M,10,2LocalWordSwap,209,0.9971518516540527
xglm_small,facebook/xglm-564M,10,2LocalWordSwap,210,0.9968324899673462
xglm_small,facebook/xglm-564M,10,2LocalWordSwap,211,0.9970628023147583
xglm_small,facebook/xglm-564M,10,2LocalWordSwap,212,0.9962005615234375
xglm_small,facebook/xglm-564M,10,2LocalWordSwap,213,0.9960620403289795
xglm_small,facebook/xglm-564M,10,2LocalWordSwap,214,0.9980130195617676
xglm_small,facebook/xglm-564M,10,2LocalWordSwap,215,0.9980177879333496
xglm_small,facebook/xglm-564M,10,2LocalWordSwap,216,0.9973899126052856
xglm_small,facebook/xglm-564M,10,2LocalWordSwap,217,0.9976866245269775
xglm_small,facebook/xglm-564M,10,2LocalWordSwap,218,0.9983452558517456
xglm_small,facebook/xglm-564M,10,2LocalWordSwap,219,0.9964356422424316
xglm_small,facebook/xglm-564M,10,2LocalWordSwap,220,0.9962915182113647
xglm_small,facebook/xglm-564M,10,2LocalWordSwap,221,0.9978524446487427
xglm_small,facebook/xglm-564M,10,2LocalWordSwap,222,0.9983357787132263
xglm_small,facebook/xglm-564M,10,2LocalWordSwap,223,0.9954947233200073
xglm_small,facebook/xglm-564M,10,2LocalWordSwap,224,0.9985365271568298
xglm_small,facebook/xglm-564M,10,2LocalWordSwap,225,0.99802166223526
xglm_small,facebook/xglm-564M,10,2LocalWordSwap,226,0.9971837401390076
xglm_small,facebook/xglm-564M,10,2LocalWordSwap,227,0.998210072517395
xglm_small,facebook/xglm-564M,10,2LocalWordSwap,228,0.9970556497573853
xglm_small,facebook/xglm-564M,10,2LocalWordSwap,229,0.9978524446487427
xglm_small,facebook/xglm-564M,10,2LocalWordSwap,230,0.9969987869262695
xglm_small,facebook/xglm-564M,10,2LocalWordSwap,231,0.9969097375869751
xglm_small,facebook/xglm-564M,10,2LocalWordSwap,232,0.9968535900115967
xglm_small,facebook/xglm-564M,10,2LocalWordSwap,233,0.9980031251907349
xglm_small,facebook/xglm-564M,10,2LocalWordSwap,234,0.9978042840957642
xglm_small,facebook/xglm-564M,10,2LocalWordSwap,235,0.9978482127189636
xglm_small,facebook/xglm-564M,10,2LocalWordSwap,236,0.9982038736343384
xglm_small,facebook/xglm-564M,10,2LocalWordSwap,237,0.9975603818893433
xglm_small,facebook/xglm-564M,10,2LocalWordSwap,238,0.9981039762496948
xglm_small,facebook/xglm-564M,10,2LocalWordSwap,239,0.9978130459785461
xglm_small,facebook/xglm-564M,10,2LocalWordSwap,240,0.9981199502944946
xglm_small,facebook/xglm-564M,10,2LocalWordSwap,241,0.9969192743301392
xglm_small,facebook/xglm-564M,10,2LocalWordSwap,242,0.996634840965271
xglm_small,facebook/xglm-564M,10,2LocalWordSwap,243,0.9969395399093628
xglm_small,facebook/xglm-564M,10,2LocalWordSwap,244,0.9978147149085999
xglm_small,facebook/xglm-564M,10,2LocalWordSwap,245,0.997480034828186
xglm_small,facebook/xglm-564M,10,2LocalWordSwap,246,0.9974418878555298
xglm_small,facebook/xglm-564M,10,2LocalWordSwap,247,0.9973737001419067
xglm_small,facebook/xglm-564M,10,2LocalWordSwap,248,0.9977356195449829
xglm_small,facebook/xglm-564M,10,2LocalWordSwap,249,0.9977920651435852
xglm_small,facebook/xglm-564M,10,2LocalWordSwap,250,0.9980598092079163
xglm_small,facebook/xglm-564M,10,2LocalWordSwap,251,0.9981746673583984
xglm_small,facebook/xglm-564M,10,2LocalWordSwap,252,0.9978505373001099
xglm_small,facebook/xglm-564M,10,2LocalWordSwap,253,0.9981725215911865
xglm_small,facebook/xglm-564M,10,2LocalWordSwap,254,0.9977164268493652
xglm_small,facebook/xglm-564M,10,2LocalWordSwap,255,0.9973505139350891
xglm_small,facebook/xglm-564M,10,2LocalWordSwap,256,0.9977425336837769
xglm_small,facebook/xglm-564M,10,2LocalWordSwap,257,0.9970381855964661
xglm_small,facebook/xglm-564M,10,2LocalWordSwap,258,0.9978733062744141
xglm_small,facebook/xglm-564M,10,2LocalWordSwap,259,0.9976269602775574
xglm_small,facebook/xglm-564M,10,2LocalWordSwap,260,0.9977465271949768
xglm_small,facebook/xglm-564M,10,2LocalWordSwap,261,0.9974594116210938
xglm_small,facebook/xglm-564M,10,2LocalWordSwap,262,0.9974375367164612
xglm_small,facebook/xglm-564M,10,2LocalWordSwap,263,0.9975918531417847
xglm_small,facebook/xglm-564M,10,2LocalWordSwap,264,0.9984456300735474
xglm_small,facebook/xglm-564M,10,2LocalWordSwap,265,0.9945849180221558
xglm_small,facebook/xglm-564M,10,2LocalWordSwap,266,0.9963667988777161
xglm_small,facebook/xglm-564M,10,2LocalWordSwap,267,0.9964356422424316
xglm_small,facebook/xglm-564M,10,2LocalWordSwap,268,0.9966579675674438
xglm_small,facebook/xglm-564M,10,2LocalWordSwap,269,0.9968748688697815
xglm_small,facebook/xglm-564M,10,2LocalWordSwap,270,0.9982156753540039
xglm_small,facebook/xglm-564M,10,2LocalWordSwap,271,0.9969095587730408
xglm_small,facebook/xglm-564M,10,2LocalWordSwap,272,0.9981645345687866
xglm_small,facebook/xglm-564M,10,2LocalWordSwap,273,0.9976376295089722
xglm_small,facebook/xglm-564M,10,2LocalWordSwap,274,0.997416079044342
xglm_small,facebook/xglm-564M,10,2LocalWordSwap,275,0.997229814529419
xglm_small,facebook/xglm-564M,10,2LocalWordSwap,276,0.9969190359115601
xglm_small,facebook/xglm-564M,10,2LocalWordSwap,277,0.9973374605178833
xglm_small,facebook/xglm-564M,10,2LocalWordSwap,278,0.998023271560669
xglm_small,facebook/xglm-564M,10,2LocalWordSwap,279,0.9970961809158325
xglm_small,facebook/xglm-564M,10,2LocalWordSwap,280,0.9976084232330322
xglm_small,facebook/xglm-564M,10,2LocalWordSwap,281,0.9971861839294434
xglm_small,facebook/xglm-564M,10,2LocalWordSwap,282,0.9973047971725464
xglm_small,facebook/xglm-564M,10,2LocalWordSwap,283,0.9970381259918213
xglm_small,facebook/xglm-564M,10,2LocalWordSwap,284,0.9963845014572144
xglm_small,facebook/xglm-564M,10,2LocalWordSwap,285,0.9974771738052368
xglm_small,facebook/xglm-564M,10,2LocalWordSwap,286,0.9967394471168518
xglm_small,facebook/xglm-564M,10,2LocalWordSwap,287,0.9974640607833862
xglm_small,facebook/xglm-564M,10,2LocalWordSwap,288,0.9973853230476379
xglm_small,facebook/xglm-564M,10,2LocalWordSwap,289,0.9976898431777954
xglm_small,facebook/xglm-564M,10,2LocalWordSwap,290,0.998188853263855
xglm_small,facebook/xglm-564M,10,2LocalWordSwap,291,0.9981427788734436
xglm_small,facebook/xglm-564M,10,2LocalWordSwap,292,0.9978088140487671
xglm_small,facebook/xglm-564M,10,2LocalWordSwap,293,0.997880756855011
xglm_small,facebook/xglm-564M,10,2LocalWordSwap,294,0.9976474046707153
xglm_small,facebook/xglm-564M,10,2LocalWordSwap,295,0.9971973896026611
xglm_small,facebook/xglm-564M,10,2LocalWordSwap,296,0.9977993369102478
xglm_small,facebook/xglm-564M,10,2LocalWordSwap,297,0.9977670311927795
xglm_small,facebook/xglm-564M,10,2LocalWordSwap,298,0.9979510307312012
xglm_small,facebook/xglm-564M,10,2LocalWordSwap,299,0.9970209002494812
xglm_small,facebook/xglm-564M,10,2LocalWordSwap,300,0.9963725805282593
xglm_small,facebook/xglm-564M,10,2LocalWordSwap,301,0.9982190132141113
xglm_small,facebook/xglm-564M,10,2LocalWordSwap,302,0.9974404573440552
xglm_small,facebook/xglm-564M,10,2LocalWordSwap,303,0.9975163340568542
xglm_small,facebook/xglm-564M,10,2LocalWordSwap,304,0.9976988434791565
xglm_small,facebook/xglm-564M,10,2LocalWordSwap,305,0.997023344039917
xglm_small,facebook/xglm-564M,10,2LocalWordSwap,306,0.997536301612854
xglm_small,facebook/xglm-564M,10,2LocalWordSwap,307,0.9978614449501038
xglm_small,facebook/xglm-564M,10,2LocalWordSwap,308,0.9970961809158325
xglm_small,facebook/xglm-564M,10,2LocalWordSwap,309,0.9965858459472656
xglm_small,facebook/xglm-564M,10,2LocalWordSwap,310,0.9974957704544067
xglm_small,facebook/xglm-564M,10,2LocalWordSwap,311,0.9981719255447388
xglm_small,facebook/xglm-564M,10,2LocalWordSwap,312,0.9976592659950256
xglm_small,facebook/xglm-564M,10,2LocalWordSwap,313,0.996580958366394
xglm_small,facebook/xglm-564M,10,2LocalWordSwap,314,0.9959670305252075
xglm_small,facebook/xglm-564M,10,2LocalWordSwap,315,0.9960280656814575
xglm_small,facebook/xglm-564M,10,2LocalWordSwap,316,0.9974726438522339
xglm_small,facebook/xglm-564M,10,2LocalWordSwap,317,0.9961926937103271
xglm_small,facebook/xglm-564M,10,2LocalWordSwap,318,0.9973152875900269
xglm_small,facebook/xglm-564M,10,2LocalWordSwap,319,0.9973142743110657
xglm_small,facebook/xglm-564M,10,2LocalWordSwap,320,0.9972683787345886
xglm_small,facebook/xglm-564M,10,2LocalWordSwap,321,0.9977960586547852
xglm_small,facebook/xglm-564M,10,2LocalWordSwap,322,0.997915506362915
xglm_small,facebook/xglm-564M,10,2LocalWordSwap,323,0.9980015754699707
xglm_small,facebook/xglm-564M,10,2LocalWordSwap,324,0.9976498484611511
xglm_small,facebook/xglm-564M,10,2LocalWordSwap,325,0.9976942539215088
xglm_small,facebook/xglm-564M,10,2LocalWordSwap,326,0.9979684948921204
xglm_small,facebook/xglm-564M,10,2LocalWordSwap,327,0.9979621171951294
xglm_small,facebook/xglm-564M,10,2LocalWordSwap,328,0.9974070191383362
xglm_small,facebook/xglm-564M,10,2LocalWordSwap,329,0.9978436231613159
xglm_small,facebook/xglm-564M,10,2LocalWordSwap,330,0.9980663657188416
xglm_small,facebook/xglm-564M,10,2LocalWordSwap,331,0.9974844455718994
xglm_small,facebook/xglm-564M,10,2LocalWordSwap,332,0.9981132745742798
xglm_small,facebook/xglm-564M,10,2LocalWordSwap,333,0.9978927373886108
xglm_small,facebook/xglm-564M,10,2LocalWordSwap,334,0.9989287853240967
xglm_small,facebook/xglm-564M,10,2LocalWordSwap,335,0.9985165596008301
xglm_small,facebook/xglm-564M,10,2LocalWordSwap,336,0.9977200031280518
xglm_small,facebook/xglm-564M,10,2LocalWordSwap,337,0.9975217580795288
xglm_small,facebook/xglm-564M,10,2LocalWordSwap,338,0.9977399110794067
xglm_small,facebook/xglm-564M,10,2LocalWordSwap,339,0.9972355365753174
xglm_small,facebook/xglm-564M,10,2LocalWordSwap,340,0.9965212941169739
xglm_small,facebook/xglm-564M,10,2LocalWordSwap,341,0.9972715973854065
xglm_small,facebook/xglm-564M,10,2LocalWordSwap,342,0.9973326921463013
xglm_small,facebook/xglm-564M,10,2LocalWordSwap,343,0.9971478581428528
xglm_small,facebook/xglm-564M,10,2LocalWordSwap,344,0.9976050853729248
xglm_small,facebook/xglm-564M,10,2LocalWordSwap,345,0.9977325797080994
xglm_small,facebook/xglm-564M,10,2LocalWordSwap,346,0.9976011514663696
xglm_small,facebook/xglm-564M,10,2LocalWordSwap,347,0.9979278445243835
xglm_small,facebook/xglm-564M,10,2LocalWordSwap,348,0.9963963031768799
xglm_small,facebook/xglm-564M,10,2LocalWordSwap,349,0.997397780418396
xglm_small,facebook/xglm-564M,10,2LocalWordSwap,350,0.9972971081733704
xglm_small,facebook/xglm-564M,10,2LocalWordSwap,351,0.9977359175682068
xglm_small,facebook/xglm-564M,10,2LocalWordSwap,352,0.9970688819885254
xglm_small,facebook/xglm-564M,10,2LocalWordSwap,353,0.9971648454666138
xglm_small,facebook/xglm-564M,10,2LocalWordSwap,354,0.9958694577217102
xglm_small,facebook/xglm-564M,10,2LocalWordSwap,355,0.9974645972251892
xglm_small,facebook/xglm-564M,10,2LocalWordSwap,356,0.9969451427459717
xglm_small,facebook/xglm-564M,10,2LocalWordSwap,357,0.9977414608001709
xglm_small,facebook/xglm-564M,10,2LocalWordSwap,358,0.997437059879303
xglm_small,facebook/xglm-564M,10,2LocalWordSwap,359,0.9970558285713196
xglm_small,facebook/xglm-564M,10,2LocalWordSwap,360,0.9978755712509155
xglm_small,facebook/xglm-564M,10,2LocalWordSwap,361,0.9979746341705322
xglm_small,facebook/xglm-564M,10,2LocalWordSwap,362,0.9962784051895142
xglm_small,facebook/xglm-564M,10,2LocalWordSwap,363,0.9961912035942078
xglm_small,facebook/xglm-564M,10,2LocalWordSwap,364,0.9983205795288086
xglm_small,facebook/xglm-564M,10,2LocalWordSwap,365,0.9962211847305298
xglm_small,facebook/xglm-564M,10,2LocalWordSwap,366,0.997218132019043
xglm_small,facebook/xglm-564M,10,2LocalWordSwap,367,0.9973176121711731
xglm_small,facebook/xglm-564M,10,2LocalWordSwap,368,0.9976648092269897
xglm_small,facebook/xglm-564M,10,2LocalWordSwap,369,0.9977497458457947
xglm_small,facebook/xglm-564M,10,2LocalWordSwap,370,0.9973058700561523
xglm_small,facebook/xglm-564M,10,2LocalWordSwap,371,0.998104453086853
xglm_small,facebook/xglm-564M,10,2LocalWordSwap,372,0.9983705878257751
xglm_small,facebook/xglm-564M,10,2LocalWordSwap,373,0.9986071586608887
xglm_small,facebook/xglm-564M,10,2LocalWordSwap,374,0.9974643588066101
xglm_small,facebook/xglm-564M,10,2LocalWordSwap,375,0.9980160593986511
xglm_small,facebook/xglm-564M,10,2LocalWordSwap,376,0.9970577359199524
xglm_small,facebook/xglm-564M,10,2LocalWordSwap,377,0.9963712692260742
xglm_small,facebook/xglm-564M,10,2LocalWordSwap,378,0.9981279373168945
xglm_small,facebook/xglm-564M,10,2LocalWordSwap,379,0.9975677132606506
xglm_small,facebook/xglm-564M,10,2LocalWordSwap,380,0.9958558082580566
xglm_small,facebook/xglm-564M,10,2LocalWordSwap,381,0.9964889883995056
xglm_small,facebook/xglm-564M,10,2LocalWordSwap,382,0.9974566698074341
xglm_small,facebook/xglm-564M,10,2LocalWordSwap,383,0.9984161257743835
xglm_small,facebook/xglm-564M,10,2LocalWordSwap,384,0.9996873736381531
xglm_small,facebook/xglm-564M,10,2LocalWordSwap,385,0.9963799715042114
xglm_small,facebook/xglm-564M,10,2LocalWordSwap,386,0.9962266087532043
xglm_small,facebook/xglm-564M,10,2LocalWordSwap,387,0.9959349632263184
xglm_small,facebook/xglm-564M,10,2LocalWordSwap,388,0.9966163039207458
xglm_small,facebook/xglm-564M,10,2LocalWordSwap,389,0.9974395036697388
xglm_small,facebook/xglm-564M,10,2LocalWordSwap,390,0.9996935129165649
xglm_small,facebook/xglm-564M,10,2LocalWordSwap,391,0.9977954030036926
xglm_small,facebook/xglm-564M,10,2LocalWordSwap,392,0.9985787272453308
xglm_small,facebook/xglm-564M,10,2LocalWordSwap,393,0.9985097646713257
xglm_small,facebook/xglm-564M,10,2LocalWordSwap,394,0.9984652996063232
xglm_small,facebook/xglm-564M,10,2LocalWordSwap,395,0.9970643520355225
xglm_small,facebook/xglm-564M,10,2LocalWordSwap,396,0.9960981607437134
xglm_small,facebook/xglm-564M,10,2LocalWordSwap,397,0.9980724453926086
xglm_small,facebook/xglm-564M,10,2LocalWordSwap,398,0.9971593618392944
xglm_small,facebook/xglm-564M,10,2LocalWordSwap,399,0.9969062805175781
xglm_small,facebook/xglm-564M,10,2LocalWordSwap,400,0.9972856044769287
xglm_small,facebook/xglm-564M,10,2LocalWordSwap,401,0.9973077178001404
xglm_small,facebook/xglm-564M,10,2LocalWordSwap,402,0.9969178438186646
xglm_small,facebook/xglm-564M,10,2LocalWordSwap,403,0.9953588247299194
xglm_small,facebook/xglm-564M,10,2LocalWordSwap,404,0.9974705576896667
xglm_small,facebook/xglm-564M,10,2LocalWordSwap,405,0.9973604679107666
xglm_small,facebook/xglm-564M,10,2LocalWordSwap,406,0.9975449442863464
xglm_small,facebook/xglm-564M,10,2LocalWordSwap,407,0.9975560903549194
xglm_small,facebook/xglm-564M,10,2LocalWordSwap,408,0.9971008896827698
xglm_small,facebook/xglm-564M,10,2LocalWordSwap,409,0.9969134330749512
xglm_small,facebook/xglm-564M,10,2LocalWordSwap,410,0.995782196521759
xglm_small,facebook/xglm-564M,10,2LocalWordSwap,411,0.99774169921875
xglm_small,facebook/xglm-564M,10,2LocalWordSwap,412,0.9973874092102051
xglm_small,facebook/xglm-564M,10,2LocalWordSwap,413,0.9969255924224854
xglm_small,facebook/xglm-564M,10,2LocalWordSwap,414,0.9977607727050781
xglm_small,facebook/xglm-564M,10,2LocalWordSwap,415,0.9974985122680664
xglm_small,facebook/xglm-564M,10,2LocalWordSwap,416,0.997114896774292
xglm_small,facebook/xglm-564M,10,2LocalWordSwap,417,0.9975147247314453
xglm_small,facebook/xglm-564M,10,2LocalWordSwap,418,0.9977562427520752
xglm_small,facebook/xglm-564M,10,2LocalWordSwap,419,0.9975315928459167
xglm_small,facebook/xglm-564M,10,2LocalWordSwap,420,0.997324526309967
xglm_small,facebook/xglm-564M,10,2LocalWordSwap,421,0.9971676468849182
xglm_small,facebook/xglm-564M,10,2LocalWordSwap,422,0.9974218606948853
xglm_small,facebook/xglm-564M,10,2LocalWordSwap,423,0.997749388217926
xglm_small,facebook/xglm-564M,10,2LocalWordSwap,424,0.9977654218673706
xglm_small,facebook/xglm-564M,10,2LocalWordSwap,425,0.9977248311042786
xglm_small,facebook/xglm-564M,10,2LocalWordSwap,426,0.9978294968605042
xglm_small,facebook/xglm-564M,10,2LocalWordSwap,427,0.9962505102157593
xglm_small,facebook/xglm-564M,10,2LocalWordSwap,428,0.9974130392074585
xglm_small,facebook/xglm-564M,10,2LocalWordSwap,429,0.9975459575653076
xglm_small,facebook/xglm-564M,10,2LocalWordSwap,430,0.9958138465881348
xglm_small,facebook/xglm-564M,10,2LocalWordSwap,431,0.9972720146179199
xglm_small,facebook/xglm-564M,10,2LocalWordSwap,432,0.9971388578414917
xglm_small,facebook/xglm-564M,10,2LocalWordSwap,433,0.997793436050415
xglm_small,facebook/xglm-564M,10,2LocalWordSwap,434,0.9957379102706909
xglm_small,facebook/xglm-564M,10,2LocalWordSwap,435,0.9980185031890869
xglm_small,facebook/xglm-564M,10,2LocalWordSwap,436,0.9982390999794006
xglm_small,facebook/xglm-564M,10,2LocalWordSwap,437,0.9959234595298767
xglm_small,facebook/xglm-564M,10,2LocalWordSwap,438,0.9967669248580933
xglm_small,facebook/xglm-564M,10,2LocalWordSwap,439,0.9977123737335205
xglm_small,facebook/xglm-564M,10,2LocalWordSwap,440,0.9976164102554321
xglm_small,facebook/xglm-564M,10,2LocalWordSwap,441,0.9972808361053467
xglm_small,facebook/xglm-564M,10,2LocalWordSwap,442,0.9979928731918335
xglm_small,facebook/xglm-564M,10,2LocalWordSwap,443,0.9982356429100037
xglm_small,facebook/xglm-564M,10,2LocalWordSwap,444,0.9971828460693359
xglm_small,facebook/xglm-564M,10,2LocalWordSwap,445,0.9952033758163452
xglm_small,facebook/xglm-564M,10,2LocalWordSwap,446,0.997429370880127
xglm_small,facebook/xglm-564M,10,2LocalWordSwap,447,0.9974035024642944
xglm_small,facebook/xglm-564M,10,2LocalWordSwap,448,0.9979374408721924
xglm_small,facebook/xglm-564M,10,2LocalWordSwap,449,0.9972977638244629
xglm_small,facebook/xglm-564M,10,2LocalWordSwap,450,0.9984766244888306
xglm_small,facebook/xglm-564M,10,2LocalWordSwap,451,0.9961989521980286
xglm_small,facebook/xglm-564M,10,2LocalWordSwap,452,0.9969590902328491
xglm_small,facebook/xglm-564M,10,2LocalWordSwap,453,0.9960765838623047
xglm_small,facebook/xglm-564M,10,2LocalWordSwap,454,0.9978679418563843
xglm_small,facebook/xglm-564M,10,2LocalWordSwap,455,0.9973866939544678
xglm_small,facebook/xglm-564M,10,2LocalWordSwap,456,0.9933372139930725
xglm_small,facebook/xglm-564M,10,2LocalWordSwap,457,0.996910035610199
xglm_small,facebook/xglm-564M,10,2LocalWordSwap,458,0.9983888268470764
xglm_small,facebook/xglm-564M,10,2LocalWordSwap,459,0.9976893663406372
xglm_small,facebook/xglm-564M,10,2LocalWordSwap,460,0.9974279403686523
xglm_small,facebook/xglm-564M,10,2LocalWordSwap,461,0.9980334043502808
xglm_small,facebook/xglm-564M,10,2LocalWordSwap,462,0.9964023232460022
xglm_small,facebook/xglm-564M,10,2LocalWordSwap,463,0.9970463514328003
xglm_small,facebook/xglm-564M,10,2LocalWordSwap,464,0.9977741837501526
xglm_small,facebook/xglm-564M,10,2LocalWordSwap,465,0.9973537921905518
xglm_small,facebook/xglm-564M,10,2LocalWordSwap,466,0.9960539937019348
xglm_small,facebook/xglm-564M,10,2LocalWordSwap,467,0.9967750310897827
xglm_small,facebook/xglm-564M,10,2LocalWordSwap,468,0.9973078370094299
xglm_small,facebook/xglm-564M,10,2LocalWordSwap,469,0.9976465106010437
xglm_small,facebook/xglm-564M,10,2LocalWordSwap,470,0.9977132081985474
xglm_small,facebook/xglm-564M,10,2LocalWordSwap,471,0.9974589943885803
xglm_small,facebook/xglm-564M,10,2LocalWordSwap,472,0.9974884986877441
xglm_small,facebook/xglm-564M,10,2LocalWordSwap,473,0.9952841401100159
xglm_small,facebook/xglm-564M,10,2LocalWordSwap,474,0.9958662986755371
xglm_small,facebook/xglm-564M,10,2LocalWordSwap,475,0.9965161085128784
xglm_small,facebook/xglm-564M,10,2LocalWordSwap,476,0.9960601925849915
xglm_small,facebook/xglm-564M,10,2LocalWordSwap,477,0.9970002174377441
xglm_small,facebook/xglm-564M,10,2LocalWordSwap,478,0.9972373843193054
xglm_small,facebook/xglm-564M,10,2LocalWordSwap,479,0.9966351985931396
xglm_small,facebook/xglm-564M,10,2LocalWordSwap,480,0.9971815347671509
xglm_small,facebook/xglm-564M,10,2LocalWordSwap,481,0.9979811906814575
xglm_small,facebook/xglm-564M,10,2LocalWordSwap,482,0.9954218864440918
xglm_small,facebook/xglm-564M,10,2LocalWordSwap,483,0.997317910194397
xglm_small,facebook/xglm-564M,10,2LocalWordSwap,484,0.9960983395576477
xglm_small,facebook/xglm-564M,10,2LocalWordSwap,485,0.9958215951919556
xglm_small,facebook/xglm-564M,10,2LocalWordSwap,486,0.9968931078910828
xglm_small,facebook/xglm-564M,10,2LocalWordSwap,487,0.9977445602416992
xglm_small,facebook/xglm-564M,10,2LocalWordSwap,488,0.9973497986793518
xglm_small,facebook/xglm-564M,10,2LocalWordSwap,489,0.9971135854721069
xglm_small,facebook/xglm-564M,10,2LocalWordSwap,490,0.9964935183525085
xglm_small,facebook/xglm-564M,10,2LocalWordSwap,491,0.9972456693649292
xglm_small,facebook/xglm-564M,10,2LocalWordSwap,492,0.9943380951881409
xglm_small,facebook/xglm-564M,10,2LocalWordSwap,493,0.9974987506866455
xglm_small,facebook/xglm-564M,10,2LocalWordSwap,494,0.9970395565032959
xglm_small,facebook/xglm-564M,10,2LocalWordSwap,495,0.997260570526123
xglm_small,facebook/xglm-564M,10,2LocalWordSwap,496,0.9977251291275024
xglm_small,facebook/xglm-564M,10,2LocalWordSwap,497,0.995441198348999
xglm_small,facebook/xglm-564M,10,2LocalWordSwap,498,0.9962882399559021
xglm_small,facebook/xglm-564M,10,2LocalWordSwap,499,0.9976091384887695
xglm_small,facebook/xglm-564M,10,2LocalWordSwap,500,0.9974178075790405
xglm_small,facebook/xglm-564M,10,2LocalWordSwap,501,0.9973584413528442
xglm_small,facebook/xglm-564M,10,2LocalWordSwap,502,0.9955949783325195
xglm_small,facebook/xglm-564M,10,2LocalWordSwap,503,0.9969367980957031
xglm_small,facebook/xglm-564M,10,2LocalWordSwap,504,0.9973813891410828
xglm_small,facebook/xglm-564M,10,2LocalWordSwap,505,0.9972270727157593
xglm_small,facebook/xglm-564M,10,2LocalWordSwap,506,0.9973055124282837
xglm_small,facebook/xglm-564M,10,2LocalWordSwap,507,0.9960368871688843
xglm_small,facebook/xglm-564M,10,2LocalWordSwap,508,0.9969531297683716
xglm_small,facebook/xglm-564M,10,2LocalWordSwap,509,0.997584879398346
xglm_small,facebook/xglm-564M,10,2LocalWordSwap,510,0.995812177658081
xglm_small,facebook/xglm-564M,10,2LocalWordSwap,511,0.9972279071807861
xglm_small,facebook/xglm-564M,10,2LocalWordSwap,512,0.9972518086433411
xglm_small,facebook/xglm-564M,10,2LocalWordSwap,513,0.9963890314102173
xglm_small,facebook/xglm-564M,10,2LocalWordSwap,514,0.9964156150817871
xglm_small,facebook/xglm-564M,10,2LocalWordSwap,515,0.9965810179710388
xglm_small,facebook/xglm-564M,10,2LocalWordSwap,516,0.9965446591377258
xglm_small,facebook/xglm-564M,10,2LocalWordSwap,517,0.9972283840179443
xglm_small,facebook/xglm-564M,10,2LocalWordSwap,518,0.997272789478302
xglm_small,facebook/xglm-564M,10,2LocalWordSwap,519,0.9971888661384583
xglm_small,facebook/xglm-564M,10,2LocalWordSwap,520,0.9979807734489441
xglm_small,facebook/xglm-564M,10,2LocalWordSwap,521,0.9965786933898926
xglm_small,facebook/xglm-564M,10,2LocalWordSwap,522,0.9975829124450684
xglm_small,facebook/xglm-564M,10,2LocalWordSwap,523,0.9979259967803955
xglm_small,facebook/xglm-564M,10,2LocalWordSwap,524,0.9965755939483643
xglm_small,facebook/xglm-564M,10,2LocalWordSwap,525,0.9970440864562988
xglm_small,facebook/xglm-564M,10,2LocalWordSwap,526,0.9971886873245239
xglm_small,facebook/xglm-564M,10,2LocalWordSwap,527,0.9966251254081726
xglm_small,facebook/xglm-564M,10,2LocalWordSwap,528,0.9967689514160156
xglm_small,facebook/xglm-564M,10,2LocalWordSwap,529,0.9974744915962219
xglm_small,facebook/xglm-564M,10,2LocalWordSwap,530,0.9958827495574951
xglm_small,facebook/xglm-564M,10,2LocalWordSwap,531,0.996864378452301
xglm_small,facebook/xglm-564M,10,2LocalWordSwap,532,0.9967525601387024
xglm_small,facebook/xglm-564M,10,2LocalWordSwap,533,0.9980224370956421
xglm_small,facebook/xglm-564M,10,2LocalWordSwap,534,0.9967473745346069
xglm_small,facebook/xglm-564M,10,2LocalWordSwap,535,0.9975847601890564
xglm_small,facebook/xglm-564M,10,2LocalWordSwap,536,0.9951076507568359
xglm_small,facebook/xglm-564M,10,2LocalWordSwap,537,0.9966859817504883
xglm_small,facebook/xglm-564M,10,2LocalWordSwap,538,0.9976150989532471
xglm_small,facebook/xglm-564M,10,2LocalWordSwap,539,0.996898889541626
xglm_small,facebook/xglm-564M,10,2LocalWordSwap,540,0.9968805313110352
xglm_small,facebook/xglm-564M,10,2LocalWordSwap,541,0.9975394010543823
xglm_small,facebook/xglm-564M,10,2LocalWordSwap,542,0.9966486096382141
xglm_small,facebook/xglm-564M,10,2LocalWordSwap,543,0.9968976378440857
xglm_small,facebook/xglm-564M,10,2LocalWordSwap,544,0.9977011680603027
xglm_small,facebook/xglm-564M,10,2LocalWordSwap,545,0.9977895617485046
xglm_small,facebook/xglm-564M,10,2LocalWordSwap,546,0.997597873210907
xglm_small,facebook/xglm-564M,10,2LocalWordSwap,547,0.9978328943252563
xglm_small,facebook/xglm-564M,10,2LocalWordSwap,548,0.9976205825805664
xglm_small,facebook/xglm-564M,10,2LocalWordSwap,549,0.9970672130584717
xglm_small,facebook/xglm-564M,10,2LocalWordSwap,550,0.9961256980895996
xglm_small,facebook/xglm-564M,10,2LocalWordSwap,551,0.9973405003547668
xglm_small,facebook/xglm-564M,10,2LocalWordSwap,552,0.9972192049026489
xglm_small,facebook/xglm-564M,10,2LocalWordSwap,553,0.9979905486106873
xglm_small,facebook/xglm-564M,10,2LocalWordSwap,554,0.997613251209259
xglm_small,facebook/xglm-564M,10,2LocalWordSwap,555,0.9980449676513672
xglm_small,facebook/xglm-564M,10,2LocalWordSwap,556,0.9926640391349792
xglm_small,facebook/xglm-564M,10,2LocalWordSwap,557,0.9958028197288513
xglm_small,facebook/xglm-564M,10,2LocalWordSwap,558,0.9964555501937866
xglm_small,facebook/xglm-564M,10,2LocalWordSwap,559,0.996945858001709
xglm_small,facebook/xglm-564M,10,2LocalWordSwap,560,0.9977228045463562
xglm_small,facebook/xglm-564M,10,2LocalWordSwap,561,0.9972275495529175
xglm_small,facebook/xglm-564M,10,2LocalWordSwap,562,0.9971871972084045
xglm_small,facebook/xglm-564M,10,2LocalWordSwap,563,0.9971266388893127
xglm_small,facebook/xglm-564M,10,2LocalWordSwap,564,0.9965651035308838
xglm_small,facebook/xglm-564M,10,2LocalWordSwap,565,0.9972947835922241
xglm_small,facebook/xglm-564M,10,2LocalWordSwap,566,0.9998812079429626
xglm_small,facebook/xglm-564M,10,2LocalWordSwap,567,0.9998493194580078
xglm_small,facebook/xglm-564M,10,2LocalWordSwap,568,0.997600793838501
xglm_small,facebook/xglm-564M,10,2LocalWordSwap,569,0.9996490478515625
xglm_small,facebook/xglm-564M,10,2LocalWordSwap,570,0.997829020023346
xglm_small,facebook/xglm-564M,10,2LocalWordSwap,571,0.9960870146751404
xglm_small,facebook/xglm-564M,10,2LocalWordSwap,572,0.9964554309844971
xglm_small,facebook/xglm-564M,10,2LocalWordSwap,573,0.9971898794174194
xglm_small,facebook/xglm-564M,10,2LocalWordSwap,574,0.9971492290496826
xglm_small,facebook/xglm-564M,10,2LocalWordSwap,575,0.9978939294815063
xglm_small,facebook/xglm-564M,10,2LocalWordSwap,576,0.9976282119750977
xglm_small,facebook/xglm-564M,10,2LocalWordSwap,577,0.9976464509963989
xglm_small,facebook/xglm-564M,10,2LocalWordSwap,578,0.9979052543640137
xglm_small,facebook/xglm-564M,10,2LocalWordSwap,579,0.9971239566802979
xglm_small,facebook/xglm-564M,10,2LocalWordSwap,580,0.9976969957351685
xglm_small,facebook/xglm-564M,10,2LocalWordSwap,581,0.996916651725769
xglm_small,facebook/xglm-564M,10,2LocalWordSwap,582,0.9975053668022156
xglm_small,facebook/xglm-564M,10,2LocalWordSwap,583,0.9971972703933716
xglm_small,facebook/xglm-564M,10,2LocalWordSwap,584,0.9978104829788208
xglm_small,facebook/xglm-564M,10,2LocalWordSwap,585,0.9977349638938904
xglm_small,facebook/xglm-564M,10,2LocalWordSwap,586,0.9960259199142456
xglm_small,facebook/xglm-564M,10,2LocalWordSwap,587,0.997826337814331
xglm_small,facebook/xglm-564M,10,2LocalWordSwap,588,0.9973721504211426
xglm_small,facebook/xglm-564M,10,2LocalWordSwap,589,0.9960415959358215
xglm_small,facebook/xglm-564M,10,2LocalWordSwap,590,0.9960277080535889
xglm_small,facebook/xglm-564M,10,2LocalWordSwap,591,0.9969039559364319
xglm_small,facebook/xglm-564M,10,2LocalWordSwap,592,0.9976361989974976
xglm_small,facebook/xglm-564M,10,2LocalWordSwap,593,0.9976133108139038
xglm_small,facebook/xglm-564M,10,2LocalWordSwap,594,0.9976462125778198
xglm_small,facebook/xglm-564M,10,2LocalWordSwap,595,0.9972653388977051
xglm_small,facebook/xglm-564M,10,2LocalWordSwap,596,0.9970446825027466
xglm_small,facebook/xglm-564M,10,2LocalWordSwap,597,0.9973788261413574
xglm_small,facebook/xglm-564M,10,2LocalWordSwap,598,0.9971349239349365
xglm_small,facebook/xglm-564M,10,2LocalWordSwap,599,0.9970831871032715
xglm_small,facebook/xglm-564M,10,2LocalWordSwap,600,0.9947580695152283
xglm_small,facebook/xglm-564M,10,2LocalWordSwap,601,0.9966970682144165
xglm_small,facebook/xglm-564M,10,2LocalWordSwap,602,0.9974400997161865
xglm_small,facebook/xglm-564M,10,2LocalWordSwap,603,0.9971898794174194
xglm_small,facebook/xglm-564M,10,2LocalWordSwap,604,0.997861385345459
xglm_small,facebook/xglm-564M,10,2LocalWordSwap,605,0.9976890087127686
xglm_small,facebook/xglm-564M,10,2LocalWordSwap,606,0.9966676831245422
xglm_small,facebook/xglm-564M,10,2LocalWordSwap,607,0.9962306022644043
xglm_small,facebook/xglm-564M,10,2LocalWordSwap,608,0.9971452951431274
xglm_small,facebook/xglm-564M,10,2LocalWordSwap,609,0.9978654980659485
xglm_small,facebook/xglm-564M,10,2LocalWordSwap,610,0.9958944916725159
xglm_small,facebook/xglm-564M,10,2LocalWordSwap,611,0.9956230521202087
xglm_small,facebook/xglm-564M,10,2LocalWordSwap,612,0.9971537590026855
xglm_small,facebook/xglm-564M,10,2LocalWordSwap,613,0.9968457221984863
xglm_small,facebook/xglm-564M,10,2LocalWordSwap,614,0.997414231300354
xglm_small,facebook/xglm-564M,10,2LocalWordSwap,615,0.9968602061271667
xglm_small,facebook/xglm-564M,10,2LocalWordSwap,616,0.9963067173957825
xglm_small,facebook/xglm-564M,10,2LocalWordSwap,617,0.997443675994873
xglm_small,facebook/xglm-564M,10,2LocalWordSwap,618,0.9963856935501099
xglm_small,facebook/xglm-564M,10,2LocalWordSwap,619,0.9966440200805664
xglm_small,facebook/xglm-564M,10,2LocalWordSwap,620,0.9972655773162842
xglm_small,facebook/xglm-564M,10,2LocalWordSwap,621,0.998058557510376
xglm_small,facebook/xglm-564M,10,2LocalWordSwap,622,0.9970368146896362
xglm_small,facebook/xglm-564M,10,2LocalWordSwap,623,0.9962812662124634
xglm_small,facebook/xglm-564M,10,2LocalWordSwap,624,0.9964278936386108
xglm_small,facebook/xglm-564M,10,2LocalWordSwap,625,0.9963865280151367
xglm_small,facebook/xglm-564M,10,2LocalWordSwap,626,0.9977139830589294
xglm_small,facebook/xglm-564M,10,2LocalWordSwap,627,0.9968265295028687
xglm_small,facebook/xglm-564M,10,2LocalWordSwap,628,0.9979140758514404
xglm_small,facebook/xglm-564M,10,2LocalWordSwap,629,0.9979293346405029
xglm_small,facebook/xglm-564M,10,2LocalWordSwap,630,0.9969743490219116
xglm_small,facebook/xglm-564M,10,2LocalWordSwap,631,0.9959604144096375
xglm_small,facebook/xglm-564M,10,2LocalWordSwap,632,0.9954179525375366
xglm_small,facebook/xglm-564M,10,2LocalWordSwap,633,0.9971756935119629
xglm_small,facebook/xglm-564M,10,2LocalWordSwap,634,0.9972766041755676
xglm_small,facebook/xglm-564M,10,2LocalWordSwap,635,0.9970873594284058
xglm_small,facebook/xglm-564M,10,2LocalWordSwap,636,0.9972182512283325
xglm_small,facebook/xglm-564M,10,2LocalWordSwap,637,0.9974773526191711
xglm_small,facebook/xglm-564M,10,2LocalWordSwap,638,0.9978830218315125
xglm_small,facebook/xglm-564M,10,2LocalWordSwap,639,0.9982628226280212
xglm_small,facebook/xglm-564M,10,2LocalWordSwap,640,0.9976117610931396
xglm_small,facebook/xglm-564M,10,2LocalWordSwap,641,0.9969534277915955
xglm_small,facebook/xglm-564M,10,2LocalWordSwap,642,0.9957557916641235
xglm_small,facebook/xglm-564M,10,2LocalWordSwap,643,0.9964101910591125
xglm_small,facebook/xglm-564M,10,2LocalWordSwap,644,0.9967846870422363
xglm_small,facebook/xglm-564M,10,2LocalWordSwap,645,0.9971826672554016
xglm_small,facebook/xglm-564M,10,2LocalWordSwap,646,0.9966568946838379
xglm_small,facebook/xglm-564M,10,2LocalWordSwap,647,0.9966840147972107
xglm_small,facebook/xglm-564M,10,2LocalWordSwap,648,0.9978352785110474
xglm_small,facebook/xglm-564M,10,2LocalWordSwap,649,0.998002290725708
xglm_small,facebook/xglm-564M,10,2LocalWordSwap,650,0.9975665211677551
xglm_small,facebook/xglm-564M,10,2LocalWordSwap,651,0.9964610934257507
xglm_small,facebook/xglm-564M,10,2LocalWordSwap,652,0.9976296424865723
xglm_small,facebook/xglm-564M,10,2LocalWordSwap,653,0.9967904686927795
xglm_small,facebook/xglm-564M,10,2LocalWordSwap,654,0.9963840246200562
xglm_small,facebook/xglm-564M,10,2LocalWordSwap,655,0.9974547624588013
xglm_small,facebook/xglm-564M,10,2LocalWordSwap,656,0.9978728294372559
xglm_small,facebook/xglm-564M,10,2LocalWordSwap,657,0.9975904822349548
xglm_small,facebook/xglm-564M,10,2LocalWordSwap,658,0.9971975684165955
xglm_small,facebook/xglm-564M,10,2LocalWordSwap,659,0.9958357810974121
xglm_small,facebook/xglm-564M,10,2LocalWordSwap,660,0.9961380958557129
xglm_small,facebook/xglm-564M,10,2LocalWordSwap,661,0.9978171586990356
xglm_small,facebook/xglm-564M,10,2LocalWordSwap,662,0.9963951110839844
xglm_small,facebook/xglm-564M,10,2LocalWordSwap,663,0.9970367550849915
xglm_small,facebook/xglm-564M,10,2LocalWordSwap,664,0.9974043965339661
xglm_small,facebook/xglm-564M,10,2LocalWordSwap,665,0.996137261390686
xglm_small,facebook/xglm-564M,10,2LocalWordSwap,666,0.9975743293762207
xglm_small,facebook/xglm-564M,10,2LocalWordSwap,667,0.997056782245636
xglm_small,facebook/xglm-564M,10,2LocalWordSwap,668,0.9977559447288513
xglm_small,facebook/xglm-564M,10,2LocalWordSwap,669,0.9964010715484619
xglm_small,facebook/xglm-564M,10,2LocalWordSwap,670,0.9976673126220703
xglm_small,facebook/xglm-564M,10,2LocalWordSwap,671,0.9975306391716003
xglm_small,facebook/xglm-564M,10,2LocalWordSwap,672,0.9960086345672607
xglm_small,facebook/xglm-564M,10,2LocalWordSwap,673,0.9978488683700562
xglm_small,facebook/xglm-564M,10,2LocalWordSwap,674,0.997229814529419
xglm_small,facebook/xglm-564M,10,2LocalWordSwap,675,0.9963966608047485
xglm_small,facebook/xglm-564M,10,2LocalWordSwap,676,0.9971344470977783
xglm_small,facebook/xglm-564M,10,2LocalWordSwap,677,0.9973602890968323
xglm_small,facebook/xglm-564M,10,2LocalWordSwap,678,0.9957495927810669
xglm_small,facebook/xglm-564M,10,2LocalWordSwap,679,0.996657133102417
xglm_small,facebook/xglm-564M,10,2LocalWordSwap,680,0.9977201223373413
xglm_small,facebook/xglm-564M,10,2LocalWordSwap,681,0.9976434707641602
xglm_small,facebook/xglm-564M,10,2LocalWordSwap,682,0.9959468245506287
xglm_small,facebook/xglm-564M,10,2LocalWordSwap,683,0.9967201352119446
xglm_small,facebook/xglm-564M,10,2LocalWordSwap,684,0.9975450038909912
xglm_small,facebook/xglm-564M,10,2LocalWordSwap,685,0.9959679841995239
xglm_small,facebook/xglm-564M,10,2LocalWordSwap,686,0.9970793128013611
xglm_small,facebook/xglm-564M,10,2LocalWordSwap,687,0.9967923164367676
xglm_small,facebook/xglm-564M,10,2LocalWordSwap,688,0.9968361854553223
xglm_small,facebook/xglm-564M,10,2LocalWordSwap,689,0.9973854422569275
xglm_small,facebook/xglm-564M,10,2LocalWordSwap,690,0.9965815544128418
xglm_small,facebook/xglm-564M,10,2LocalWordSwap,691,0.9975178837776184
xglm_small,facebook/xglm-564M,10,2LocalWordSwap,692,0.9980804920196533
xglm_small,facebook/xglm-564M,10,2LocalWordSwap,693,0.9957094192504883
xglm_small,facebook/xglm-564M,10,2LocalWordSwap,694,0.9966193437576294
xglm_small,facebook/xglm-564M,10,2LocalWordSwap,695,0.9971004724502563
xglm_small,facebook/xglm-564M,10,2LocalWordSwap,696,0.9978694915771484
xglm_small,facebook/xglm-564M,10,2LocalWordSwap,697,0.9976941347122192
xglm_small,facebook/xglm-564M,10,2LocalWordSwap,698,0.9969350099563599
xglm_small,facebook/xglm-564M,10,2LocalWordSwap,699,0.9969845414161682
xglm_small,facebook/xglm-564M,10,2LocalWordSwap,700,0.9972457885742188
xglm_small,facebook/xglm-564M,10,2LocalWordSwap,701,0.9974197149276733
xglm_small,facebook/xglm-564M,10,2LocalWordSwap,702,0.9978368282318115
xglm_small,facebook/xglm-564M,10,2LocalWordSwap,703,0.9977146983146667
xglm_small,facebook/xglm-564M,10,2LocalWordSwap,704,0.997707724571228
xglm_small,facebook/xglm-564M,10,2LocalWordSwap,705,0.9974417686462402
xglm_small,facebook/xglm-564M,10,2LocalWordSwap,706,0.9968271851539612
xglm_small,facebook/xglm-564M,10,2LocalWordSwap,707,0.9963431358337402
xglm_small,facebook/xglm-564M,10,2LocalWordSwap,708,0.997400164604187
xglm_small,facebook/xglm-564M,10,2LocalWordSwap,709,0.9970653057098389
xglm_small,facebook/xglm-564M,10,2LocalWordSwap,710,0.9964979290962219
xglm_small,facebook/xglm-564M,10,2LocalWordSwap,711,0.9972809553146362
xglm_small,facebook/xglm-564M,10,2LocalWordSwap,712,0.9971470832824707
xglm_small,facebook/xglm-564M,10,2LocalWordSwap,713,0.9981365203857422
xglm_small,facebook/xglm-564M,10,2LocalWordSwap,714,0.9973347783088684
xglm_small,facebook/xglm-564M,10,2LocalWordSwap,715,0.9967477917671204
xglm_small,facebook/xglm-564M,10,2LocalWordSwap,716,0.9971616864204407
xglm_small,facebook/xglm-564M,10,2LocalWordSwap,717,0.9982572197914124
xglm_small,facebook/xglm-564M,10,2LocalWordSwap,718,0.9979331493377686
xglm_small,facebook/xglm-564M,10,2LocalWordSwap,719,0.9974925518035889
xglm_small,facebook/xglm-564M,10,2LocalWordSwap,720,0.9969116449356079
xglm_small,facebook/xglm-564M,10,2LocalWordSwap,721,0.9975700378417969
xglm_small,facebook/xglm-564M,10,2LocalWordSwap,722,0.9975584149360657
xglm_small,facebook/xglm-564M,10,2LocalWordSwap,723,0.9982477426528931
xglm_small,facebook/xglm-564M,10,2LocalWordSwap,724,0.9963958859443665
xglm_small,facebook/xglm-564M,10,2LocalWordSwap,725,0.9980326294898987
xglm_small,facebook/xglm-564M,10,2LocalWordSwap,726,0.9971995949745178
xglm_small,facebook/xglm-564M,10,2LocalWordSwap,727,0.998106062412262
xglm_small,facebook/xglm-564M,10,2LocalWordSwap,728,0.9982140064239502
xglm_small,facebook/xglm-564M,10,2LocalWordSwap,729,0.9978413581848145
xglm_small,facebook/xglm-564M,10,2LocalWordSwap,730,0.9970765113830566
xglm_small,facebook/xglm-564M,10,2LocalWordSwap,731,0.99558424949646
xglm_small,facebook/xglm-564M,10,2LocalWordSwap,732,0.9966027736663818
xglm_small,facebook/xglm-564M,10,2LocalWordSwap,733,0.9976623058319092
xglm_small,facebook/xglm-564M,10,2LocalWordSwap,734,0.9982406497001648
xglm_small,facebook/xglm-564M,10,2LocalWordSwap,735,0.9961612224578857
xglm_small,facebook/xglm-564M,10,2LocalWordSwap,736,0.997120201587677
xglm_small,facebook/xglm-564M,10,2LocalWordSwap,737,0.9977368116378784
xglm_small,facebook/xglm-564M,10,2LocalWordSwap,738,0.9972789883613586
xglm_small,facebook/xglm-564M,10,2LocalWordSwap,739,0.9971534609794617
xglm_small,facebook/xglm-564M,10,2LocalWordSwap,740,0.9974897503852844
xglm_small,facebook/xglm-564M,10,2LocalWordSwap,741,0.9981368780136108
xglm_small,facebook/xglm-564M,10,2LocalWordSwap,742,0.9960874319076538
xglm_small,facebook/xglm-564M,10,2LocalWordSwap,743,0.9976252317428589
xglm_small,facebook/xglm-564M,10,2LocalWordSwap,744,0.9974476099014282
xglm_small,facebook/xglm-564M,10,2LocalWordSwap,745,0.9971171617507935
xglm_small,facebook/xglm-564M,10,2LocalWordSwap,746,0.9958057999610901
xglm_small,facebook/xglm-564M,10,2LocalWordSwap,747,0.9979696869850159
xglm_small,facebook/xglm-564M,10,2LocalWordSwap,748,0.9977722764015198
xglm_small,facebook/xglm-564M,10,2LocalWordSwap,749,0.9981040954589844
xglm_small,facebook/xglm-564M,10,2LocalWordSwap,750,0.9975078105926514
xglm_small,facebook/xglm-564M,10,2LocalWordSwap,751,0.9977867603302002
xglm_small,facebook/xglm-564M,10,2LocalWordSwap,752,0.9975273609161377
xglm_small,facebook/xglm-564M,10,2LocalWordSwap,753,0.9978853464126587
xglm_small,facebook/xglm-564M,10,2LocalWordSwap,754,0.9958553910255432
xglm_small,facebook/xglm-564M,10,2LocalWordSwap,755,0.9981440305709839
xglm_small,facebook/xglm-564M,10,2LocalWordSwap,756,0.9974754452705383
xglm_small,facebook/xglm-564M,10,2LocalWordSwap,757,0.998377799987793
xglm_small,facebook/xglm-564M,10,2LocalWordSwap,758,0.9979002475738525
xglm_small,facebook/xglm-564M,10,2LocalWordSwap,759,0.9979271292686462
xglm_small,facebook/xglm-564M,10,2LocalWordSwap,760,0.99559485912323
xglm_small,facebook/xglm-564M,10,2LocalWordSwap,761,0.99351966381073
xglm_small,facebook/xglm-564M,10,2LocalWordSwap,762,0.9974745512008667
xglm_small,facebook/xglm-564M,10,2LocalWordSwap,763,0.9977633357048035
xglm_small,facebook/xglm-564M,10,2LocalWordSwap,764,0.9968708157539368
xglm_small,facebook/xglm-564M,10,2LocalWordSwap,765,0.9976838827133179
xglm_small,facebook/xglm-564M,10,2LocalWordSwap,766,0.9981454610824585
xglm_small,facebook/xglm-564M,10,2LocalWordSwap,767,0.9978286623954773
xglm_small,facebook/xglm-564M,10,2LocalWordSwap,768,0.9977796077728271
xglm_small,facebook/xglm-564M,10,2LocalWordSwap,769,0.997893750667572
xglm_small,facebook/xglm-564M,10,2LocalWordSwap,770,0.9966813921928406
xglm_small,facebook/xglm-564M,10,2LocalWordSwap,771,0.9977408647537231
xglm_small,facebook/xglm-564M,10,2LocalWordSwap,772,0.9976392984390259
xglm_small,facebook/xglm-564M,10,2LocalWordSwap,773,0.9958434104919434
xglm_small,facebook/xglm-564M,10,2LocalWordSwap,774,0.9974817037582397
xglm_small,facebook/xglm-564M,10,2LocalWordSwap,775,0.9968433380126953
xglm_small,facebook/xglm-564M,10,2LocalWordSwap,776,0.9977620840072632
xglm_small,facebook/xglm-564M,10,2LocalWordSwap,777,0.9974672794342041
xglm_small,facebook/xglm-564M,10,2LocalWordSwap,778,0.9970747828483582
xglm_small,facebook/xglm-564M,10,2LocalWordSwap,779,0.9976473450660706
xglm_small,facebook/xglm-564M,10,2LocalWordSwap,780,0.9962049126625061
xglm_small,facebook/xglm-564M,10,2LocalWordSwap,781,0.9974654316902161
xglm_small,facebook/xglm-564M,10,2LocalWordSwap,782,0.997702956199646
xglm_small,facebook/xglm-564M,10,2LocalWordSwap,783,0.9973735809326172
xglm_small,facebook/xglm-564M,10,2LocalWordSwap,784,0.9966813325881958
xglm_small,facebook/xglm-564M,10,2LocalWordSwap,785,0.997161328792572
xglm_small,facebook/xglm-564M,10,2LocalWordSwap,786,0.9975115060806274
xglm_small,facebook/xglm-564M,10,2LocalWordSwap,787,0.9966462850570679
xglm_small,facebook/xglm-564M,10,2LocalWordSwap,788,0.9976576566696167
xglm_small,facebook/xglm-564M,10,2LocalWordSwap,789,0.9974055290222168
xglm_small,facebook/xglm-564M,10,2LocalWordSwap,790,0.9965254068374634
xglm_small,facebook/xglm-564M,10,2LocalWordSwap,791,0.9975131750106812
xglm_small,facebook/xglm-564M,10,2LocalWordSwap,792,0.996950089931488
xglm_small,facebook/xglm-564M,10,2LocalWordSwap,793,0.9968008399009705
xglm_small,facebook/xglm-564M,10,2LocalWordSwap,794,0.9978410005569458
xglm_small,facebook/xglm-564M,10,2LocalWordSwap,795,0.9975633025169373
xglm_small,facebook/xglm-564M,10,2LocalWordSwap,796,0.9976071119308472
xglm_small,facebook/xglm-564M,10,2LocalWordSwap,797,0.9978051781654358
xglm_small,facebook/xglm-564M,10,2LocalWordSwap,798,0.9981039762496948
xglm_small,facebook/xglm-564M,10,2LocalWordSwap,799,0.9976532459259033
xglm_small,facebook/xglm-564M,10,2LocalWordSwap,800,0.9971721768379211
xglm_small,facebook/xglm-564M,10,2LocalWordSwap,801,0.9969394207000732
xglm_small,facebook/xglm-564M,10,2LocalWordSwap,802,0.9961986541748047
xglm_small,facebook/xglm-564M,10,2LocalWordSwap,803,0.9976736307144165
xglm_small,facebook/xglm-564M,10,2LocalWordSwap,804,0.997702956199646
xglm_small,facebook/xglm-564M,10,2LocalWordSwap,805,0.9961880445480347
xglm_small,facebook/xglm-564M,10,2LocalWordSwap,806,0.9971336126327515
xglm_small,facebook/xglm-564M,10,2LocalWordSwap,807,0.9974093437194824
xglm_small,facebook/xglm-564M,10,2LocalWordSwap,808,0.9970686435699463
xglm_small,facebook/xglm-564M,10,2LocalWordSwap,809,0.9971922039985657
xglm_small,facebook/xglm-564M,10,2LocalWordSwap,810,0.9976966381072998
xglm_small,facebook/xglm-564M,10,2LocalWordSwap,811,0.9970101714134216
xglm_small,facebook/xglm-564M,10,2LocalWordSwap,812,0.9973491430282593
xglm_small,facebook/xglm-564M,10,2LocalWordSwap,813,0.9970029592514038
xglm_small,facebook/xglm-564M,10,2LocalWordSwap,814,0.9977218508720398
xglm_small,facebook/xglm-564M,10,2LocalWordSwap,815,0.9976535439491272
xglm_small,facebook/xglm-564M,10,2LocalWordSwap,816,0.9973191022872925
xglm_small,facebook/xglm-564M,10,2LocalWordSwap,817,0.9979543685913086
xglm_small,facebook/xglm-564M,10,2LocalWordSwap,818,0.9961477518081665
xglm_small,facebook/xglm-564M,10,2LocalWordSwap,819,0.9952125549316406
xglm_small,facebook/xglm-564M,10,2LocalWordSwap,820,0.9975103139877319
xglm_small,facebook/xglm-564M,10,2LocalWordSwap,821,0.997894823551178
xglm_small,facebook/xglm-564M,10,2LocalWordSwap,822,0.9974464178085327
xglm_small,facebook/xglm-564M,10,2LocalWordSwap,823,0.9976828098297119
xglm_small,facebook/xglm-564M,10,2LocalWordSwap,824,0.9977989792823792
xglm_small,facebook/xglm-564M,10,2LocalWordSwap,825,0.9977868795394897
xglm_small,facebook/xglm-564M,10,2LocalWordSwap,826,0.997789740562439
xglm_small,facebook/xglm-564M,10,2LocalWordSwap,827,0.9978911876678467
xglm_small,facebook/xglm-564M,10,2LocalWordSwap,828,0.9969322085380554
xglm_small,facebook/xglm-564M,10,2LocalWordSwap,829,0.9970625638961792
xglm_small,facebook/xglm-564M,10,2LocalWordSwap,830,0.9974908828735352
xglm_small,facebook/xglm-564M,10,2LocalWordSwap,831,0.9971652030944824
xglm_small,facebook/xglm-564M,10,2LocalWordSwap,832,0.9972814917564392
xglm_small,facebook/xglm-564M,10,2LocalWordSwap,833,0.9974813461303711
xglm_small,facebook/xglm-564M,10,2LocalWordSwap,834,0.9978578686714172
xglm_small,facebook/xglm-564M,10,2LocalWordSwap,835,0.9979972839355469
xglm_small,facebook/xglm-564M,10,2LocalWordSwap,836,0.997653067111969
xglm_small,facebook/xglm-564M,10,2LocalWordSwap,837,0.9977298974990845
xglm_small,facebook/xglm-564M,10,2LocalWordSwap,838,0.9977603554725647
xglm_small,facebook/xglm-564M,10,2LocalWordSwap,839,0.9973982572555542
xglm_small,facebook/xglm-564M,10,2LocalWordSwap,840,0.9971785545349121
xglm_small,facebook/xglm-564M,10,2LocalWordSwap,841,0.9985735416412354
xglm_small,facebook/xglm-564M,10,2LocalWordSwap,842,0.9981922507286072
xglm_small,facebook/xglm-564M,10,2LocalWordSwap,843,0.9974671602249146
xglm_small,facebook/xglm-564M,10,2LocalWordSwap,844,0.9963621497154236
xglm_small,facebook/xglm-564M,10,2LocalWordSwap,845,0.9954737424850464
xglm_small,facebook/xglm-564M,10,2LocalWordSwap,846,0.996697723865509
xglm_small,facebook/xglm-564M,10,2LocalWordSwap,847,0.9971528053283691
xglm_small,facebook/xglm-564M,10,2LocalWordSwap,848,0.9978752136230469
xglm_small,facebook/xglm-564M,10,2LocalWordSwap,849,0.9977610111236572
xglm_small,facebook/xglm-564M,10,2LocalWordSwap,850,0.9973502159118652
xglm_small,facebook/xglm-564M,10,2LocalWordSwap,851,0.9976188540458679
xglm_small,facebook/xglm-564M,10,2LocalWordSwap,852,0.9975921511650085
xglm_small,facebook/xglm-564M,10,2LocalWordSwap,853,0.9976189136505127
xglm_small,facebook/xglm-564M,10,2LocalWordSwap,854,0.9959361553192139
xglm_small,facebook/xglm-564M,10,2LocalWordSwap,855,0.997194230556488
xglm_small,facebook/xglm-564M,10,2LocalWordSwap,856,0.9969009160995483
xglm_small,facebook/xglm-564M,10,2LocalWordSwap,857,0.9961498975753784
xglm_small,facebook/xglm-564M,10,2LocalWordSwap,858,0.9981469511985779
xglm_small,facebook/xglm-564M,10,2LocalWordSwap,859,0.9985154867172241
xglm_small,facebook/xglm-564M,10,2LocalWordSwap,860,0.9976717829704285
xglm_small,facebook/xglm-564M,10,2LocalWordSwap,861,0.9966113567352295
xglm_small,facebook/xglm-564M,10,2LocalWordSwap,862,0.9978324174880981
xglm_small,facebook/xglm-564M,10,2LocalWordSwap,863,0.9977169036865234
xglm_small,facebook/xglm-564M,10,2LocalWordSwap,864,0.9966332912445068
xglm_small,facebook/xglm-564M,10,2LocalWordSwap,865,0.998031735420227
xglm_small,facebook/xglm-564M,10,2LocalWordSwap,866,0.9970434308052063
xglm_small,facebook/xglm-564M,10,2LocalWordSwap,867,0.9965583086013794
xglm_small,facebook/xglm-564M,10,2LocalWordSwap,868,0.9966645240783691
xglm_small,facebook/xglm-564M,10,2LocalWordSwap,869,0.9959951043128967
xglm_small,facebook/xglm-564M,10,2LocalWordSwap,870,0.997639000415802
xglm_small,facebook/xglm-564M,10,2LocalWordSwap,871,0.9971561431884766
xglm_small,facebook/xglm-564M,10,2LocalWordSwap,872,0.9983780384063721
xglm_small,facebook/xglm-564M,10,2LocalWordSwap,873,0.9976741671562195
xglm_small,facebook/xglm-564M,10,2LocalWordSwap,874,0.9969248175621033
xglm_small,facebook/xglm-564M,10,2LocalWordSwap,875,0.9973330497741699
xglm_small,facebook/xglm-564M,10,2LocalWordSwap,876,0.997999906539917
xglm_small,facebook/xglm-564M,10,2LocalWordSwap,877,0.9961724281311035
xglm_small,facebook/xglm-564M,10,2LocalWordSwap,878,0.997114896774292
xglm_small,facebook/xglm-564M,10,2LocalWordSwap,879,0.9963889122009277
xglm_small,facebook/xglm-564M,10,2LocalWordSwap,880,0.996989369392395
xglm_small,facebook/xglm-564M,10,2LocalWordSwap,881,0.9968824982643127
xglm_small,facebook/xglm-564M,10,2LocalWordSwap,882,0.9970237016677856
xglm_small,facebook/xglm-564M,10,2LocalWordSwap,883,0.9965575933456421
xglm_small,facebook/xglm-564M,10,2LocalWordSwap,884,0.9963780641555786
xglm_small,facebook/xglm-564M,10,2LocalWordSwap,885,0.9967730045318604
xglm_small,facebook/xglm-564M,10,2LocalWordSwap,886,0.997096061706543
xglm_small,facebook/xglm-564M,10,2LocalWordSwap,887,0.9962779879570007
xglm_small,facebook/xglm-564M,10,2LocalWordSwap,888,0.996098518371582
xglm_small,facebook/xglm-564M,10,2LocalWordSwap,889,0.9972068071365356
xglm_small,facebook/xglm-564M,10,2LocalWordSwap,890,0.9976483583450317
xglm_small,facebook/xglm-564M,10,2LocalWordSwap,891,0.9957312345504761
xglm_small,facebook/xglm-564M,10,2LocalWordSwap,892,0.9965249300003052
xglm_small,facebook/xglm-564M,10,2LocalWordSwap,893,0.9971144199371338
xglm_small,facebook/xglm-564M,10,2LocalWordSwap,894,0.9968267679214478
xglm_small,facebook/xglm-564M,10,2LocalWordSwap,895,0.9971407651901245
xglm_small,facebook/xglm-564M,10,2LocalWordSwap,896,0.9968003630638123
xglm_small,facebook/xglm-564M,10,2LocalWordSwap,897,0.9978963136672974
xglm_small,facebook/xglm-564M,10,2LocalWordSwap,898,0.9974856376647949
xglm_small,facebook/xglm-564M,10,2LocalWordSwap,899,0.9955155849456787
xglm_small,facebook/xglm-564M,10,2LocalWordSwap,900,0.9978185296058655
xglm_small,facebook/xglm-564M,10,2LocalWordSwap,901,0.9981485605239868
xglm_small,facebook/xglm-564M,10,2LocalWordSwap,902,0.9974838495254517
xglm_small,facebook/xglm-564M,10,2LocalWordSwap,903,0.9964760541915894
xglm_small,facebook/xglm-564M,10,2LocalWordSwap,904,0.9973403215408325
xglm_small,facebook/xglm-564M,10,2LocalWordSwap,905,0.997229814529419
xglm_small,facebook/xglm-564M,10,2LocalWordSwap,906,0.9972867965698242
xglm_small,facebook/xglm-564M,10,2LocalWordSwap,907,0.9953998327255249
xglm_small,facebook/xglm-564M,10,2LocalWordSwap,908,0.9980583786964417
xglm_small,facebook/xglm-564M,10,2LocalWordSwap,909,0.997539222240448
xglm_small,facebook/xglm-564M,10,2LocalWordSwap,910,0.9980207681655884
xglm_small,facebook/xglm-564M,10,2LocalWordSwap,911,0.9966793656349182
xglm_small,facebook/xglm-564M,10,2LocalWordSwap,912,0.9966038465499878
xglm_small,facebook/xglm-564M,10,2LocalWordSwap,913,0.9970149397850037
xglm_small,facebook/xglm-564M,10,2LocalWordSwap,914,0.9978734254837036
xglm_small,facebook/xglm-564M,10,2LocalWordSwap,915,0.9964905977249146
xglm_small,facebook/xglm-564M,10,2LocalWordSwap,916,0.9974949359893799
xglm_small,facebook/xglm-564M,10,2LocalWordSwap,917,0.9970524907112122
xglm_small,facebook/xglm-564M,10,2LocalWordSwap,918,0.9962174296379089
xglm_small,facebook/xglm-564M,10,2LocalWordSwap,919,0.997218906879425
xglm_small,facebook/xglm-564M,10,2LocalWordSwap,920,0.9964035749435425
xglm_small,facebook/xglm-564M,10,2LocalWordSwap,921,0.9969087839126587
xglm_small,facebook/xglm-564M,10,2LocalWordSwap,922,0.99749755859375
xglm_small,facebook/xglm-564M,10,2LocalWordSwap,923,0.9976486563682556
xglm_small,facebook/xglm-564M,10,2LocalWordSwap,924,0.9959679245948792
xglm_small,facebook/xglm-564M,10,2LocalWordSwap,925,0.9965771436691284
xglm_small,facebook/xglm-564M,10,2LocalWordSwap,926,0.998193621635437
xglm_small,facebook/xglm-564M,10,2LocalWordSwap,927,0.9967496395111084
xglm_small,facebook/xglm-564M,10,2LocalWordSwap,928,0.9965608716011047
xglm_small,facebook/xglm-564M,10,2LocalWordSwap,929,0.9964210987091064
xglm_small,facebook/xglm-564M,10,2LocalWordSwap,930,0.9975765943527222
xglm_small,facebook/xglm-564M,10,2LocalWordSwap,931,0.9977536201477051
xglm_small,facebook/xglm-564M,10,2LocalWordSwap,932,0.9961792230606079
xglm_small,facebook/xglm-564M,10,2LocalWordSwap,933,0.9980266690254211
xglm_small,facebook/xglm-564M,10,2LocalWordSwap,934,0.9973366856575012
xglm_small,facebook/xglm-564M,10,2LocalWordSwap,935,0.9982149600982666
xglm_small,facebook/xglm-564M,10,2LocalWordSwap,936,0.9967883229255676
xglm_small,facebook/xglm-564M,10,2LocalWordSwap,937,0.9972033500671387
xglm_small,facebook/xglm-564M,10,2LocalWordSwap,938,0.9972250461578369
xglm_small,facebook/xglm-564M,10,2LocalWordSwap,939,0.9967365860939026
xglm_small,facebook/xglm-564M,10,2LocalWordSwap,940,0.997289776802063
xglm_small,facebook/xglm-564M,10,2LocalWordSwap,941,0.9975964426994324
xglm_small,facebook/xglm-564M,10,2LocalWordSwap,942,0.9980422258377075
xglm_small,facebook/xglm-564M,10,2LocalWordSwap,943,0.9975934028625488
xglm_small,facebook/xglm-564M,10,2LocalWordSwap,944,0.9963648319244385
xglm_small,facebook/xglm-564M,10,2LocalWordSwap,945,0.9977076649665833
xglm_small,facebook/xglm-564M,10,2LocalWordSwap,946,0.997656524181366
xglm_small,facebook/xglm-564M,10,2LocalWordSwap,947,0.9975305199623108
xglm_small,facebook/xglm-564M,10,2LocalWordSwap,948,0.9970241785049438
xglm_small,facebook/xglm-564M,10,2LocalWordSwap,949,0.9981417059898376
xglm_small,facebook/xglm-564M,10,2LocalWordSwap,950,0.9975240230560303
xglm_small,facebook/xglm-564M,10,2LocalWordSwap,951,0.9973801970481873
xglm_small,facebook/xglm-564M,10,2LocalWordSwap,952,0.9959259033203125
xglm_small,facebook/xglm-564M,10,2LocalWordSwap,953,0.9971315860748291
xglm_small,facebook/xglm-564M,10,2LocalWordSwap,954,0.997688889503479
xglm_small,facebook/xglm-564M,10,2LocalWordSwap,955,0.9977596998214722
xglm_small,facebook/xglm-564M,10,2LocalWordSwap,956,0.9978883266448975
xglm_small,facebook/xglm-564M,10,2LocalWordSwap,957,0.9970554113388062
xglm_small,facebook/xglm-564M,10,2LocalWordSwap,958,0.9968181848526001
xglm_small,facebook/xglm-564M,10,2LocalWordSwap,959,0.9961919784545898
xglm_small,facebook/xglm-564M,10,2LocalWordSwap,960,0.9975227117538452
xglm_small,facebook/xglm-564M,10,2LocalWordSwap,961,0.9975115656852722
xglm_small,facebook/xglm-564M,10,2LocalWordSwap,962,0.9977893233299255
xglm_small,facebook/xglm-564M,10,2LocalWordSwap,963,0.9998738169670105
xglm_small,facebook/xglm-564M,10,2LocalWordSwap,964,0.9978286027908325
xglm_small,facebook/xglm-564M,10,2LocalWordSwap,965,0.998091459274292
xglm_small,facebook/xglm-564M,10,2LocalWordSwap,966,0.9973231554031372
xglm_small,facebook/xglm-564M,10,2LocalWordSwap,967,0.9968729019165039
xglm_small,facebook/xglm-564M,10,2LocalWordSwap,968,0.9967682361602783
xglm_small,facebook/xglm-564M,10,2LocalWordSwap,969,0.996924877166748
xglm_small,facebook/xglm-564M,10,2LocalWordSwap,970,0.9964120984077454
xglm_small,facebook/xglm-564M,10,2LocalWordSwap,971,0.9976520538330078
xglm_small,facebook/xglm-564M,10,2LocalWordSwap,972,0.9995408058166504
xglm_small,facebook/xglm-564M,10,2LocalWordSwap,973,0.9965885877609253
xglm_small,facebook/xglm-564M,10,2LocalWordSwap,974,0.9979408383369446
xglm_small,facebook/xglm-564M,10,2LocalWordSwap,975,0.9954201579093933
xglm_small,facebook/xglm-564M,10,2LocalWordSwap,976,0.9969257116317749
xglm_small,facebook/xglm-564M,10,2LocalWordSwap,977,0.996832549571991
xglm_small,facebook/xglm-564M,10,2LocalWordSwap,978,0.9971565008163452
xglm_small,facebook/xglm-564M,10,2LocalWordSwap,979,0.9974294304847717
xglm_small,facebook/xglm-564M,10,2LocalWordSwap,980,0.9969323873519897
xglm_small,facebook/xglm-564M,10,2LocalWordSwap,981,0.9978952407836914
xglm_small,facebook/xglm-564M,10,2LocalWordSwap,982,0.998081624507904
xglm_small,facebook/xglm-564M,10,2LocalWordSwap,983,0.9975873231887817
xglm_small,facebook/xglm-564M,10,2LocalWordSwap,984,0.9963233470916748
xglm_small,facebook/xglm-564M,10,2LocalWordSwap,985,0.9972118139266968
xglm_small,facebook/xglm-564M,10,2LocalWordSwap,986,0.9960952997207642
xglm_small,facebook/xglm-564M,10,2LocalWordSwap,987,0.9969371557235718
xglm_small,facebook/xglm-564M,10,2LocalWordSwap,988,0.9971820116043091
xglm_small,facebook/xglm-564M,10,2LocalWordSwap,989,0.996315598487854
xglm_small,facebook/xglm-564M,10,2LocalWordSwap,990,0.9966884851455688
xglm_small,facebook/xglm-564M,10,2LocalWordSwap,991,0.9988747239112854
xglm_small,facebook/xglm-564M,10,2LocalWordSwap,992,0.9991511106491089
xglm_small,facebook/xglm-564M,10,2LocalWordSwap,993,0.9997172355651855
xglm_small,facebook/xglm-564M,10,2LocalWordSwap,994,0.9965250492095947
xglm_small,facebook/xglm-564M,10,2LocalWordSwap,995,0.9954954385757446
xglm_small,facebook/xglm-564M,10,2LocalWordSwap,996,0.9973354935646057
xglm_small,facebook/xglm-564M,10,2LocalWordSwap,997,0.997793436050415
xglm_small,facebook/xglm-564M,10,2LocalWordSwap,998,0.9978945851325989
xglm_small,facebook/xglm-564M,10,2LocalWordSwap,999,0.9952377676963806
xglm_small,facebook/xglm-564M,10,3LocalWordSwaps,0,0.9965985417366028
xglm_small,facebook/xglm-564M,10,3LocalWordSwaps,1,0.9992479085922241
xglm_small,facebook/xglm-564M,10,3LocalWordSwaps,2,0.9976506233215332
xglm_small,facebook/xglm-564M,10,3LocalWordSwaps,3,0.9969699382781982
xglm_small,facebook/xglm-564M,10,3LocalWordSwaps,4,0.9978559613227844
xglm_small,facebook/xglm-564M,10,3LocalWordSwaps,5,0.9975447058677673
xglm_small,facebook/xglm-564M,10,3LocalWordSwaps,6,0.9958438873291016
xglm_small,facebook/xglm-564M,10,3LocalWordSwaps,7,0.9978758096694946
xglm_small,facebook/xglm-564M,10,3LocalWordSwaps,8,0.9994186162948608
xglm_small,facebook/xglm-564M,10,3LocalWordSwaps,9,0.9977788329124451
xglm_small,facebook/xglm-564M,10,3LocalWordSwaps,10,0.9972143173217773
xglm_small,facebook/xglm-564M,10,3LocalWordSwaps,11,0.9963392019271851
xglm_small,facebook/xglm-564M,10,3LocalWordSwaps,12,0.997644305229187
xglm_small,facebook/xglm-564M,10,3LocalWordSwaps,13,0.9964113831520081
xglm_small,facebook/xglm-564M,10,3LocalWordSwaps,14,0.9970349669456482
xglm_small,facebook/xglm-564M,10,3LocalWordSwaps,15,0.9978259801864624
xglm_small,facebook/xglm-564M,10,3LocalWordSwaps,16,0.9979563355445862
xglm_small,facebook/xglm-564M,10,3LocalWordSwaps,17,0.9979910850524902
xglm_small,facebook/xglm-564M,10,3LocalWordSwaps,18,0.9969029426574707
xglm_small,facebook/xglm-564M,10,3LocalWordSwaps,19,0.9967254400253296
xglm_small,facebook/xglm-564M,10,3LocalWordSwaps,20,0.9976798295974731
xglm_small,facebook/xglm-564M,10,3LocalWordSwaps,21,0.9972593784332275
xglm_small,facebook/xglm-564M,10,3LocalWordSwaps,22,0.9978518486022949
xglm_small,facebook/xglm-564M,10,3LocalWordSwaps,23,0.9975703954696655
xglm_small,facebook/xglm-564M,10,3LocalWordSwaps,24,0.9972971081733704
xglm_small,facebook/xglm-564M,10,3LocalWordSwaps,25,0.9974341988563538
xglm_small,facebook/xglm-564M,10,3LocalWordSwaps,26,0.9973844289779663
xglm_small,facebook/xglm-564M,10,3LocalWordSwaps,27,0.9972085952758789
xglm_small,facebook/xglm-564M,10,3LocalWordSwaps,28,0.9968211650848389
xglm_small,facebook/xglm-564M,10,3LocalWordSwaps,29,0.9967353343963623
xglm_small,facebook/xglm-564M,10,3LocalWordSwaps,30,0.9965790510177612
xglm_small,facebook/xglm-564M,10,3LocalWordSwaps,31,0.9971147775650024
xglm_small,facebook/xglm-564M,10,3LocalWordSwaps,32,0.9973752498626709
xglm_small,facebook/xglm-564M,10,3LocalWordSwaps,33,0.9993860721588135
xglm_small,facebook/xglm-564M,10,3LocalWordSwaps,34,0.9973688125610352
xglm_small,facebook/xglm-564M,10,3LocalWordSwaps,35,0.9977420568466187
xglm_small,facebook/xglm-564M,10,3LocalWordSwaps,36,0.9970403909683228
xglm_small,facebook/xglm-564M,10,3LocalWordSwaps,37,0.9966163635253906
xglm_small,facebook/xglm-564M,10,3LocalWordSwaps,38,0.9970791339874268
xglm_small,facebook/xglm-564M,10,3LocalWordSwaps,39,0.9970661997795105
xglm_small,facebook/xglm-564M,10,3LocalWordSwaps,40,0.9970807433128357
xglm_small,facebook/xglm-564M,10,3LocalWordSwaps,41,0.996989905834198
xglm_small,facebook/xglm-564M,10,3LocalWordSwaps,42,0.9975394010543823
xglm_small,facebook/xglm-564M,10,3LocalWordSwaps,43,0.9973911643028259
xglm_small,facebook/xglm-564M,10,3LocalWordSwaps,44,0.9971462488174438
xglm_small,facebook/xglm-564M,10,3LocalWordSwaps,45,0.997360348701477
xglm_small,facebook/xglm-564M,10,3LocalWordSwaps,46,0.9980267882347107
xglm_small,facebook/xglm-564M,10,3LocalWordSwaps,47,0.9971109628677368
xglm_small,facebook/xglm-564M,10,3LocalWordSwaps,48,0.9975561499595642
xglm_small,facebook/xglm-564M,10,3LocalWordSwaps,49,0.9971451759338379
xglm_small,facebook/xglm-564M,10,3LocalWordSwaps,50,0.9974231719970703
xglm_small,facebook/xglm-564M,10,3LocalWordSwaps,51,0.9974228143692017
xglm_small,facebook/xglm-564M,10,3LocalWordSwaps,52,0.9977928400039673
xglm_small,facebook/xglm-564M,10,3LocalWordSwaps,53,0.997880220413208
xglm_small,facebook/xglm-564M,10,3LocalWordSwaps,54,0.9975554347038269
xglm_small,facebook/xglm-564M,10,3LocalWordSwaps,55,0.9978757500648499
xglm_small,facebook/xglm-564M,10,3LocalWordSwaps,56,0.9976932406425476
xglm_small,facebook/xglm-564M,10,3LocalWordSwaps,57,0.9966742396354675
xglm_small,facebook/xglm-564M,10,3LocalWordSwaps,58,0.9975047707557678
xglm_small,facebook/xglm-564M,10,3LocalWordSwaps,59,0.9981573820114136
xglm_small,facebook/xglm-564M,10,3LocalWordSwaps,60,0.997951090335846
xglm_small,facebook/xglm-564M,10,3LocalWordSwaps,61,0.9971042275428772
xglm_small,facebook/xglm-564M,10,3LocalWordSwaps,62,0.9993147850036621
xglm_small,facebook/xglm-564M,10,3LocalWordSwaps,63,0.9961192607879639
xglm_small,facebook/xglm-564M,10,3LocalWordSwaps,64,0.9965755939483643
xglm_small,facebook/xglm-564M,10,3LocalWordSwaps,65,0.996551513671875
xglm_small,facebook/xglm-564M,10,3LocalWordSwaps,66,0.9974675178527832
xglm_small,facebook/xglm-564M,10,3LocalWordSwaps,67,0.9974992275238037
xglm_small,facebook/xglm-564M,10,3LocalWordSwaps,68,0.9972489476203918
xglm_small,facebook/xglm-564M,10,3LocalWordSwaps,69,0.9971730709075928
xglm_small,facebook/xglm-564M,10,3LocalWordSwaps,70,0.9973750710487366
xglm_small,facebook/xglm-564M,10,3LocalWordSwaps,71,0.9976841807365417
xglm_small,facebook/xglm-564M,10,3LocalWordSwaps,72,0.9978514909744263
xglm_small,facebook/xglm-564M,10,3LocalWordSwaps,73,0.9960519075393677
xglm_small,facebook/xglm-564M,10,3LocalWordSwaps,74,0.9974682331085205
xglm_small,facebook/xglm-564M,10,3LocalWordSwaps,75,0.996936023235321
xglm_small,facebook/xglm-564M,10,3LocalWordSwaps,76,0.9968647360801697
xglm_small,facebook/xglm-564M,10,3LocalWordSwaps,77,0.997805118560791
xglm_small,facebook/xglm-564M,10,3LocalWordSwaps,78,0.9965445399284363
xglm_small,facebook/xglm-564M,10,3LocalWordSwaps,79,0.9961755871772766
xglm_small,facebook/xglm-564M,10,3LocalWordSwaps,80,0.9973498582839966
xglm_small,facebook/xglm-564M,10,3LocalWordSwaps,81,0.9991241097450256
xglm_small,facebook/xglm-564M,10,3LocalWordSwaps,82,0.995947003364563
xglm_small,facebook/xglm-564M,10,3LocalWordSwaps,83,0.9963001012802124
xglm_small,facebook/xglm-564M,10,3LocalWordSwaps,84,0.997038722038269
xglm_small,facebook/xglm-564M,10,3LocalWordSwaps,85,0.9975094199180603
xglm_small,facebook/xglm-564M,10,3LocalWordSwaps,86,0.9971193671226501
xglm_small,facebook/xglm-564M,10,3LocalWordSwaps,87,0.9975268840789795
xglm_small,facebook/xglm-564M,10,3LocalWordSwaps,88,0.9975636005401611
xglm_small,facebook/xglm-564M,10,3LocalWordSwaps,89,0.9971749782562256
xglm_small,facebook/xglm-564M,10,3LocalWordSwaps,90,0.9997739791870117
xglm_small,facebook/xglm-564M,10,3LocalWordSwaps,91,0.997580885887146
xglm_small,facebook/xglm-564M,10,3LocalWordSwaps,92,0.9972970485687256
xglm_small,facebook/xglm-564M,10,3LocalWordSwaps,93,0.9975395798683167
xglm_small,facebook/xglm-564M,10,3LocalWordSwaps,94,0.9964739084243774
xglm_small,facebook/xglm-564M,10,3LocalWordSwaps,95,0.9976649284362793
xglm_small,facebook/xglm-564M,10,3LocalWordSwaps,96,0.9959002733230591
xglm_small,facebook/xglm-564M,10,3LocalWordSwaps,97,0.9970499277114868
xglm_small,facebook/xglm-564M,10,3LocalWordSwaps,98,0.9972002506256104
xglm_small,facebook/xglm-564M,10,3LocalWordSwaps,99,0.9978396892547607
xglm_small,facebook/xglm-564M,10,3LocalWordSwaps,100,0.9956680536270142
xglm_small,facebook/xglm-564M,10,3LocalWordSwaps,101,0.996984601020813
xglm_small,facebook/xglm-564M,10,3LocalWordSwaps,102,0.9968013167381287
xglm_small,facebook/xglm-564M,10,3LocalWordSwaps,103,0.9996440410614014
xglm_small,facebook/xglm-564M,10,3LocalWordSwaps,104,0.9969340562820435
xglm_small,facebook/xglm-564M,10,3LocalWordSwaps,105,0.9973374605178833
xglm_small,facebook/xglm-564M,10,3LocalWordSwaps,106,0.9973998069763184
xglm_small,facebook/xglm-564M,10,3LocalWordSwaps,107,0.9975340962409973
xglm_small,facebook/xglm-564M,10,3LocalWordSwaps,108,0.9973682165145874
xglm_small,facebook/xglm-564M,10,3LocalWordSwaps,109,0.9977438449859619
xglm_small,facebook/xglm-564M,10,3LocalWordSwaps,110,0.996982216835022
xglm_small,facebook/xglm-564M,10,3LocalWordSwaps,111,0.9974441528320312
xglm_small,facebook/xglm-564M,10,3LocalWordSwaps,112,0.997474730014801
xglm_small,facebook/xglm-564M,10,3LocalWordSwaps,113,0.9966808557510376
xglm_small,facebook/xglm-564M,10,3LocalWordSwaps,114,0.9971474409103394
xglm_small,facebook/xglm-564M,10,3LocalWordSwaps,115,0.9977519512176514
xglm_small,facebook/xglm-564M,10,3LocalWordSwaps,116,0.9963752627372742
xglm_small,facebook/xglm-564M,10,3LocalWordSwaps,117,0.9971194863319397
xglm_small,facebook/xglm-564M,10,3LocalWordSwaps,118,0.9976819753646851
xglm_small,facebook/xglm-564M,10,3LocalWordSwaps,119,0.9973686337471008
xglm_small,facebook/xglm-564M,10,3LocalWordSwaps,120,0.9969621896743774
xglm_small,facebook/xglm-564M,10,3LocalWordSwaps,121,0.9952366352081299
xglm_small,facebook/xglm-564M,10,3LocalWordSwaps,122,0.9968216419219971
xglm_small,facebook/xglm-564M,10,3LocalWordSwaps,123,0.996268630027771
xglm_small,facebook/xglm-564M,10,3LocalWordSwaps,124,0.9966918230056763
xglm_small,facebook/xglm-564M,10,3LocalWordSwaps,125,0.995894193649292
xglm_small,facebook/xglm-564M,10,3LocalWordSwaps,126,0.9969487190246582
xglm_small,facebook/xglm-564M,10,3LocalWordSwaps,127,0.9968364238739014
xglm_small,facebook/xglm-564M,10,3LocalWordSwaps,128,0.9976239204406738
xglm_small,facebook/xglm-564M,10,3LocalWordSwaps,129,0.9976549744606018
xglm_small,facebook/xglm-564M,10,3LocalWordSwaps,130,0.997667670249939
xglm_small,facebook/xglm-564M,10,3LocalWordSwaps,131,0.9951567649841309
xglm_small,facebook/xglm-564M,10,3LocalWordSwaps,132,0.9964412450790405
xglm_small,facebook/xglm-564M,10,3LocalWordSwaps,133,0.9944523572921753
xglm_small,facebook/xglm-564M,10,3LocalWordSwaps,134,0.9969967603683472
xglm_small,facebook/xglm-564M,10,3LocalWordSwaps,135,0.9972944855690002
xglm_small,facebook/xglm-564M,10,3LocalWordSwaps,136,0.9959222078323364
xglm_small,facebook/xglm-564M,10,3LocalWordSwaps,137,0.9962080717086792
xglm_small,facebook/xglm-564M,10,3LocalWordSwaps,138,0.997545599937439
xglm_small,facebook/xglm-564M,10,3LocalWordSwaps,139,0.9969258308410645
xglm_small,facebook/xglm-564M,10,3LocalWordSwaps,140,0.9974517226219177
xglm_small,facebook/xglm-564M,10,3LocalWordSwaps,141,0.9971287846565247
xglm_small,facebook/xglm-564M,10,3LocalWordSwaps,142,0.9974191784858704
xglm_small,facebook/xglm-564M,10,3LocalWordSwaps,143,0.9963327646255493
xglm_small,facebook/xglm-564M,10,3LocalWordSwaps,144,0.9975259900093079
xglm_small,facebook/xglm-564M,10,3LocalWordSwaps,145,0.9975935816764832
xglm_small,facebook/xglm-564M,10,3LocalWordSwaps,146,0.9974911212921143
xglm_small,facebook/xglm-564M,10,3LocalWordSwaps,147,0.9968993067741394
xglm_small,facebook/xglm-564M,10,3LocalWordSwaps,148,0.9975642561912537
xglm_small,facebook/xglm-564M,10,3LocalWordSwaps,149,0.9974777102470398
xglm_small,facebook/xglm-564M,10,3LocalWordSwaps,150,0.9974714517593384
xglm_small,facebook/xglm-564M,10,3LocalWordSwaps,151,0.9964040517807007
xglm_small,facebook/xglm-564M,10,3LocalWordSwaps,152,0.9969782829284668
xglm_small,facebook/xglm-564M,10,3LocalWordSwaps,153,0.9977836608886719
xglm_small,facebook/xglm-564M,10,3LocalWordSwaps,154,0.9965716004371643
xglm_small,facebook/xglm-564M,10,3LocalWordSwaps,155,0.9973859190940857
xglm_small,facebook/xglm-564M,10,3LocalWordSwaps,156,0.9979140758514404
xglm_small,facebook/xglm-564M,10,3LocalWordSwaps,157,0.9970028400421143
xglm_small,facebook/xglm-564M,10,3LocalWordSwaps,158,0.9973416328430176
xglm_small,facebook/xglm-564M,10,3LocalWordSwaps,159,0.997241199016571
xglm_small,facebook/xglm-564M,10,3LocalWordSwaps,160,0.9997133016586304
xglm_small,facebook/xglm-564M,10,3LocalWordSwaps,161,0.9982379078865051
xglm_small,facebook/xglm-564M,10,3LocalWordSwaps,162,0.9969747066497803
xglm_small,facebook/xglm-564M,10,3LocalWordSwaps,163,0.9971707463264465
xglm_small,facebook/xglm-564M,10,3LocalWordSwaps,164,0.997346043586731
xglm_small,facebook/xglm-564M,10,3LocalWordSwaps,165,0.9978088140487671
xglm_small,facebook/xglm-564M,10,3LocalWordSwaps,166,0.9979204535484314
xglm_small,facebook/xglm-564M,10,3LocalWordSwaps,167,0.9975568652153015
xglm_small,facebook/xglm-564M,10,3LocalWordSwaps,168,0.9974783062934875
xglm_small,facebook/xglm-564M,10,3LocalWordSwaps,169,0.9975675344467163
xglm_small,facebook/xglm-564M,10,3LocalWordSwaps,170,0.9972378015518188
xglm_small,facebook/xglm-564M,10,3LocalWordSwaps,171,0.997450590133667
xglm_small,facebook/xglm-564M,10,3LocalWordSwaps,172,0.9972837567329407
xglm_small,facebook/xglm-564M,10,3LocalWordSwaps,173,0.9962702989578247
xglm_small,facebook/xglm-564M,10,3LocalWordSwaps,174,0.99818354845047
xglm_small,facebook/xglm-564M,10,3LocalWordSwaps,175,0.9970336556434631
xglm_small,facebook/xglm-564M,10,3LocalWordSwaps,176,0.9962767362594604
xglm_small,facebook/xglm-564M,10,3LocalWordSwaps,177,0.9959325194358826
xglm_small,facebook/xglm-564M,10,3LocalWordSwaps,178,0.9961106181144714
xglm_small,facebook/xglm-564M,10,3LocalWordSwaps,179,0.9963674545288086
xglm_small,facebook/xglm-564M,10,3LocalWordSwaps,180,0.9967753887176514
xglm_small,facebook/xglm-564M,10,3LocalWordSwaps,181,0.9977037906646729
xglm_small,facebook/xglm-564M,10,3LocalWordSwaps,182,0.9974086284637451
xglm_small,facebook/xglm-564M,10,3LocalWordSwaps,183,0.9952923655509949
xglm_small,facebook/xglm-564M,10,3LocalWordSwaps,184,0.9959473609924316
xglm_small,facebook/xglm-564M,10,3LocalWordSwaps,185,0.9975886344909668
xglm_small,facebook/xglm-564M,10,3LocalWordSwaps,186,0.9958624839782715
xglm_small,facebook/xglm-564M,10,3LocalWordSwaps,187,0.996591329574585
xglm_small,facebook/xglm-564M,10,3LocalWordSwaps,188,0.9976228475570679
xglm_small,facebook/xglm-564M,10,3LocalWordSwaps,189,0.9964025020599365
xglm_small,facebook/xglm-564M,10,3LocalWordSwaps,190,0.9973595142364502
xglm_small,facebook/xglm-564M,10,3LocalWordSwaps,191,0.9973322153091431
xglm_small,facebook/xglm-564M,10,3LocalWordSwaps,192,0.998350203037262
xglm_small,facebook/xglm-564M,10,3LocalWordSwaps,193,0.9972251653671265
xglm_small,facebook/xglm-564M,10,3LocalWordSwaps,194,0.9960882663726807
xglm_small,facebook/xglm-564M,10,3LocalWordSwaps,195,0.9974707365036011
xglm_small,facebook/xglm-564M,10,3LocalWordSwaps,196,0.996955931186676
xglm_small,facebook/xglm-564M,10,3LocalWordSwaps,197,0.9944537878036499
xglm_small,facebook/xglm-564M,10,3LocalWordSwaps,198,0.9972648024559021
xglm_small,facebook/xglm-564M,10,3LocalWordSwaps,199,0.9973217248916626
xglm_small,facebook/xglm-564M,10,3LocalWordSwaps,200,0.9970932006835938
xglm_small,facebook/xglm-564M,10,3LocalWordSwaps,201,0.9962155818939209
xglm_small,facebook/xglm-564M,10,3LocalWordSwaps,202,0.9976510405540466
xglm_small,facebook/xglm-564M,10,3LocalWordSwaps,203,0.9965229630470276
xglm_small,facebook/xglm-564M,10,3LocalWordSwaps,204,0.9973251223564148
xglm_small,facebook/xglm-564M,10,3LocalWordSwaps,205,0.9976429343223572
xglm_small,facebook/xglm-564M,10,3LocalWordSwaps,206,0.9960237145423889
xglm_small,facebook/xglm-564M,10,3LocalWordSwaps,207,0.9960626363754272
xglm_small,facebook/xglm-564M,10,3LocalWordSwaps,208,0.9957119226455688
xglm_small,facebook/xglm-564M,10,3LocalWordSwaps,209,0.9968144297599792
xglm_small,facebook/xglm-564M,10,3LocalWordSwaps,210,0.9966698288917542
xglm_small,facebook/xglm-564M,10,3LocalWordSwaps,211,0.9971150755882263
xglm_small,facebook/xglm-564M,10,3LocalWordSwaps,212,0.9963206052780151
xglm_small,facebook/xglm-564M,10,3LocalWordSwaps,213,0.9962350130081177
xglm_small,facebook/xglm-564M,10,3LocalWordSwaps,214,0.9980418086051941
xglm_small,facebook/xglm-564M,10,3LocalWordSwaps,215,0.9977501630783081
xglm_small,facebook/xglm-564M,10,3LocalWordSwaps,216,0.9975941181182861
xglm_small,facebook/xglm-564M,10,3LocalWordSwaps,217,0.9976260662078857
xglm_small,facebook/xglm-564M,10,3LocalWordSwaps,218,0.9983108043670654
xglm_small,facebook/xglm-564M,10,3LocalWordSwaps,219,0.9962186813354492
xglm_small,facebook/xglm-564M,10,3LocalWordSwaps,220,0.9962790012359619
xglm_small,facebook/xglm-564M,10,3LocalWordSwaps,221,0.9977258443832397
xglm_small,facebook/xglm-564M,10,3LocalWordSwaps,222,0.998053789138794
xglm_small,facebook/xglm-564M,10,3LocalWordSwaps,223,0.9953283667564392
xglm_small,facebook/xglm-564M,10,3LocalWordSwaps,224,0.9984699487686157
xglm_small,facebook/xglm-564M,10,3LocalWordSwaps,225,0.997997522354126
xglm_small,facebook/xglm-564M,10,3LocalWordSwaps,226,0.9973104000091553
xglm_small,facebook/xglm-564M,10,3LocalWordSwaps,227,0.9982571601867676
xglm_small,facebook/xglm-564M,10,3LocalWordSwaps,228,0.9970399737358093
xglm_small,facebook/xglm-564M,10,3LocalWordSwaps,229,0.9977973699569702
xglm_small,facebook/xglm-564M,10,3LocalWordSwaps,230,0.9971226453781128
xglm_small,facebook/xglm-564M,10,3LocalWordSwaps,231,0.9969181418418884
xglm_small,facebook/xglm-564M,10,3LocalWordSwaps,232,0.9968100786209106
xglm_small,facebook/xglm-564M,10,3LocalWordSwaps,233,0.9978322982788086
xglm_small,facebook/xglm-564M,10,3LocalWordSwaps,234,0.9976136088371277
xglm_small,facebook/xglm-564M,10,3LocalWordSwaps,235,0.9977056980133057
xglm_small,facebook/xglm-564M,10,3LocalWordSwaps,236,0.9980189204216003
xglm_small,facebook/xglm-564M,10,3LocalWordSwaps,237,0.9973682761192322
xglm_small,facebook/xglm-564M,10,3LocalWordSwaps,238,0.9982563257217407
xglm_small,facebook/xglm-564M,10,3LocalWordSwaps,239,0.9980700016021729
xglm_small,facebook/xglm-564M,10,3LocalWordSwaps,240,0.9982041120529175
xglm_small,facebook/xglm-564M,10,3LocalWordSwaps,241,0.9969193935394287
xglm_small,facebook/xglm-564M,10,3LocalWordSwaps,242,0.9966660141944885
xglm_small,facebook/xglm-564M,10,3LocalWordSwaps,243,0.9968306422233582
xglm_small,facebook/xglm-564M,10,3LocalWordSwaps,244,0.9977127313613892
xglm_small,facebook/xglm-564M,10,3LocalWordSwaps,245,0.997573971748352
xglm_small,facebook/xglm-564M,10,3LocalWordSwaps,246,0.9973159432411194
xglm_small,facebook/xglm-564M,10,3LocalWordSwaps,247,0.9974068403244019
xglm_small,facebook/xglm-564M,10,3LocalWordSwaps,248,0.9974637031555176
xglm_small,facebook/xglm-564M,10,3LocalWordSwaps,249,0.9977507591247559
xglm_small,facebook/xglm-564M,10,3LocalWordSwaps,250,0.99796462059021
xglm_small,facebook/xglm-564M,10,3LocalWordSwaps,251,0.9981710910797119
xglm_small,facebook/xglm-564M,10,3LocalWordSwaps,252,0.9977387189865112
xglm_small,facebook/xglm-564M,10,3LocalWordSwaps,253,0.9980610013008118
xglm_small,facebook/xglm-564M,10,3LocalWordSwaps,254,0.9976821541786194
xglm_small,facebook/xglm-564M,10,3LocalWordSwaps,255,0.9972968697547913
xglm_small,facebook/xglm-564M,10,3LocalWordSwaps,256,0.9978538155555725
xglm_small,facebook/xglm-564M,10,3LocalWordSwaps,257,0.9968703985214233
xglm_small,facebook/xglm-564M,10,3LocalWordSwaps,258,0.9978963136672974
xglm_small,facebook/xglm-564M,10,3LocalWordSwaps,259,0.9977381229400635
xglm_small,facebook/xglm-564M,10,3LocalWordSwaps,260,0.9976634383201599
xglm_small,facebook/xglm-564M,10,3LocalWordSwaps,261,0.9975175857543945
xglm_small,facebook/xglm-564M,10,3LocalWordSwaps,262,0.9973846077919006
xglm_small,facebook/xglm-564M,10,3LocalWordSwaps,263,0.9975219368934631
xglm_small,facebook/xglm-564M,10,3LocalWordSwaps,264,0.9980020523071289
xglm_small,facebook/xglm-564M,10,3LocalWordSwaps,265,0.9945919513702393
xglm_small,facebook/xglm-564M,10,3LocalWordSwaps,266,0.9964544177055359
xglm_small,facebook/xglm-564M,10,3LocalWordSwaps,267,0.996252715587616
xglm_small,facebook/xglm-564M,10,3LocalWordSwaps,268,0.9966861605644226
xglm_small,facebook/xglm-564M,10,3LocalWordSwaps,269,0.9969109892845154
xglm_small,facebook/xglm-564M,10,3LocalWordSwaps,270,0.998189389705658
xglm_small,facebook/xglm-564M,10,3LocalWordSwaps,271,0.9966922998428345
xglm_small,facebook/xglm-564M,10,3LocalWordSwaps,272,0.998076856136322
xglm_small,facebook/xglm-564M,10,3LocalWordSwaps,273,0.9975579977035522
xglm_small,facebook/xglm-564M,10,3LocalWordSwaps,274,0.997372567653656
xglm_small,facebook/xglm-564M,10,3LocalWordSwaps,275,0.9971502423286438
xglm_small,facebook/xglm-564M,10,3LocalWordSwaps,276,0.9970705509185791
xglm_small,facebook/xglm-564M,10,3LocalWordSwaps,277,0.9973695874214172
xglm_small,facebook/xglm-564M,10,3LocalWordSwaps,278,0.9976916313171387
xglm_small,facebook/xglm-564M,10,3LocalWordSwaps,279,0.9972530007362366
xglm_small,facebook/xglm-564M,10,3LocalWordSwaps,280,0.9975404739379883
xglm_small,facebook/xglm-564M,10,3LocalWordSwaps,281,0.9971983432769775
xglm_small,facebook/xglm-564M,10,3LocalWordSwaps,282,0.9972642660140991
xglm_small,facebook/xglm-564M,10,3LocalWordSwaps,283,0.9967572689056396
xglm_small,facebook/xglm-564M,10,3LocalWordSwaps,284,0.9963085651397705
xglm_small,facebook/xglm-564M,10,3LocalWordSwaps,285,0.997571587562561
xglm_small,facebook/xglm-564M,10,3LocalWordSwaps,286,0.9969720840454102
xglm_small,facebook/xglm-564M,10,3LocalWordSwaps,287,0.9972004890441895
xglm_small,facebook/xglm-564M,10,3LocalWordSwaps,288,0.9976452589035034
xglm_small,facebook/xglm-564M,10,3LocalWordSwaps,289,0.9976639747619629
xglm_small,facebook/xglm-564M,10,3LocalWordSwaps,290,0.9981521964073181
xglm_small,facebook/xglm-564M,10,3LocalWordSwaps,291,0.9981505870819092
xglm_small,facebook/xglm-564M,10,3LocalWordSwaps,292,0.9978127479553223
xglm_small,facebook/xglm-564M,10,3LocalWordSwaps,293,0.9978296756744385
xglm_small,facebook/xglm-564M,10,3LocalWordSwaps,294,0.9976465106010437
xglm_small,facebook/xglm-564M,10,3LocalWordSwaps,295,0.9970259666442871
xglm_small,facebook/xglm-564M,10,3LocalWordSwaps,296,0.9976513385772705
xglm_small,facebook/xglm-564M,10,3LocalWordSwaps,297,0.9976867437362671
xglm_small,facebook/xglm-564M,10,3LocalWordSwaps,298,0.9977439045906067
xglm_small,facebook/xglm-564M,10,3LocalWordSwaps,299,0.9970148801803589
xglm_small,facebook/xglm-564M,10,3LocalWordSwaps,300,0.996382474899292
xglm_small,facebook/xglm-564M,10,3LocalWordSwaps,301,0.9981522560119629
xglm_small,facebook/xglm-564M,10,3LocalWordSwaps,302,0.997468113899231
xglm_small,facebook/xglm-564M,10,3LocalWordSwaps,303,0.9974147081375122
xglm_small,facebook/xglm-564M,10,3LocalWordSwaps,304,0.9976487159729004
xglm_small,facebook/xglm-564M,10,3LocalWordSwaps,305,0.9968259334564209
xglm_small,facebook/xglm-564M,10,3LocalWordSwaps,306,0.9975577592849731
xglm_small,facebook/xglm-564M,10,3LocalWordSwaps,307,0.9977211356163025
xglm_small,facebook/xglm-564M,10,3LocalWordSwaps,308,0.9971660375595093
xglm_small,facebook/xglm-564M,10,3LocalWordSwaps,309,0.9966259598731995
xglm_small,facebook/xglm-564M,10,3LocalWordSwaps,310,0.9973407983779907
xglm_small,facebook/xglm-564M,10,3LocalWordSwaps,311,0.9981816411018372
xglm_small,facebook/xglm-564M,10,3LocalWordSwaps,312,0.9976626634597778
xglm_small,facebook/xglm-564M,10,3LocalWordSwaps,313,0.9968263506889343
xglm_small,facebook/xglm-564M,10,3LocalWordSwaps,314,0.9960149526596069
xglm_small,facebook/xglm-564M,10,3LocalWordSwaps,315,0.9960461854934692
xglm_small,facebook/xglm-564M,10,3LocalWordSwaps,316,0.9975042343139648
xglm_small,facebook/xglm-564M,10,3LocalWordSwaps,317,0.9960798025131226
xglm_small,facebook/xglm-564M,10,3LocalWordSwaps,318,0.9973178505897522
xglm_small,facebook/xglm-564M,10,3LocalWordSwaps,319,0.9974435567855835
xglm_small,facebook/xglm-564M,10,3LocalWordSwaps,320,0.9974117279052734
xglm_small,facebook/xglm-564M,10,3LocalWordSwaps,321,0.997750997543335
xglm_small,facebook/xglm-564M,10,3LocalWordSwaps,322,0.9979375004768372
xglm_small,facebook/xglm-564M,10,3LocalWordSwaps,323,0.997718334197998
xglm_small,facebook/xglm-564M,10,3LocalWordSwaps,324,0.997753381729126
xglm_small,facebook/xglm-564M,10,3LocalWordSwaps,325,0.9976640939712524
xglm_small,facebook/xglm-564M,10,3LocalWordSwaps,326,0.9979923963546753
xglm_small,facebook/xglm-564M,10,3LocalWordSwaps,327,0.9976682662963867
xglm_small,facebook/xglm-564M,10,3LocalWordSwaps,328,0.9974008202552795
xglm_small,facebook/xglm-564M,10,3LocalWordSwaps,329,0.9977538585662842
xglm_small,facebook/xglm-564M,10,3LocalWordSwaps,330,0.9980031251907349
xglm_small,facebook/xglm-564M,10,3LocalWordSwaps,331,0.9976122975349426
xglm_small,facebook/xglm-564M,10,3LocalWordSwaps,332,0.9976670742034912
xglm_small,facebook/xglm-564M,10,3LocalWordSwaps,333,0.9980945587158203
xglm_small,facebook/xglm-564M,10,3LocalWordSwaps,334,0.9985373020172119
xglm_small,facebook/xglm-564M,10,3LocalWordSwaps,335,0.9985270500183105
xglm_small,facebook/xglm-564M,10,3LocalWordSwaps,336,0.9979568123817444
xglm_small,facebook/xglm-564M,10,3LocalWordSwaps,337,0.9976242780685425
xglm_small,facebook/xglm-564M,10,3LocalWordSwaps,338,0.9974629878997803
xglm_small,facebook/xglm-564M,10,3LocalWordSwaps,339,0.9973337650299072
xglm_small,facebook/xglm-564M,10,3LocalWordSwaps,340,0.996491014957428
xglm_small,facebook/xglm-564M,10,3LocalWordSwaps,341,0.9973928332328796
xglm_small,facebook/xglm-564M,10,3LocalWordSwaps,342,0.9973001480102539
xglm_small,facebook/xglm-564M,10,3LocalWordSwaps,343,0.9971422553062439
xglm_small,facebook/xglm-564M,10,3LocalWordSwaps,344,0.9975618720054626
xglm_small,facebook/xglm-564M,10,3LocalWordSwaps,345,0.9976722002029419
xglm_small,facebook/xglm-564M,10,3LocalWordSwaps,346,0.9975837469100952
xglm_small,facebook/xglm-564M,10,3LocalWordSwaps,347,0.9979473352432251
xglm_small,facebook/xglm-564M,10,3LocalWordSwaps,348,0.9964132905006409
xglm_small,facebook/xglm-564M,10,3LocalWordSwaps,349,0.9973211884498596
xglm_small,facebook/xglm-564M,10,3LocalWordSwaps,350,0.9973312616348267
xglm_small,facebook/xglm-564M,10,3LocalWordSwaps,351,0.9974392652511597
xglm_small,facebook/xglm-564M,10,3LocalWordSwaps,352,0.9970465302467346
xglm_small,facebook/xglm-564M,10,3LocalWordSwaps,353,0.9969121217727661
xglm_small,facebook/xglm-564M,10,3LocalWordSwaps,354,0.9958101511001587
xglm_small,facebook/xglm-564M,10,3LocalWordSwaps,355,0.9975152015686035
xglm_small,facebook/xglm-564M,10,3LocalWordSwaps,356,0.9969046115875244
xglm_small,facebook/xglm-564M,10,3LocalWordSwaps,357,0.9975039958953857
xglm_small,facebook/xglm-564M,10,3LocalWordSwaps,358,0.9974383115768433
xglm_small,facebook/xglm-564M,10,3LocalWordSwaps,359,0.9971193075180054
xglm_small,facebook/xglm-564M,10,3LocalWordSwaps,360,0.9978312849998474
xglm_small,facebook/xglm-564M,10,3LocalWordSwaps,361,0.9977576732635498
xglm_small,facebook/xglm-564M,10,3LocalWordSwaps,362,0.9961191415786743
xglm_small,facebook/xglm-564M,10,3LocalWordSwaps,363,0.9963005781173706
xglm_small,facebook/xglm-564M,10,3LocalWordSwaps,364,0.9982340931892395
xglm_small,facebook/xglm-564M,10,3LocalWordSwaps,365,0.9962509870529175
xglm_small,facebook/xglm-564M,10,3LocalWordSwaps,366,0.9975335597991943
xglm_small,facebook/xglm-564M,10,3LocalWordSwaps,367,0.9973215460777283
xglm_small,facebook/xglm-564M,10,3LocalWordSwaps,368,0.9976273775100708
xglm_small,facebook/xglm-564M,10,3LocalWordSwaps,369,0.9973995685577393
xglm_small,facebook/xglm-564M,10,3LocalWordSwaps,370,0.9975084066390991
xglm_small,facebook/xglm-564M,10,3LocalWordSwaps,371,0.9980356693267822
xglm_small,facebook/xglm-564M,10,3LocalWordSwaps,372,0.9982499480247498
xglm_small,facebook/xglm-564M,10,3LocalWordSwaps,373,0.9981433153152466
xglm_small,facebook/xglm-564M,10,3LocalWordSwaps,374,0.9974323511123657
xglm_small,facebook/xglm-564M,10,3LocalWordSwaps,375,0.9979466199874878
xglm_small,facebook/xglm-564M,10,3LocalWordSwaps,376,0.9971737265586853
xglm_small,facebook/xglm-564M,10,3LocalWordSwaps,377,0.9961671829223633
xglm_small,facebook/xglm-564M,10,3LocalWordSwaps,378,0.998220682144165
xglm_small,facebook/xglm-564M,10,3LocalWordSwaps,379,0.9974758625030518
xglm_small,facebook/xglm-564M,10,3LocalWordSwaps,380,0.995995044708252
xglm_small,facebook/xglm-564M,10,3LocalWordSwaps,381,0.9966450929641724
xglm_small,facebook/xglm-564M,10,3LocalWordSwaps,382,0.9974803924560547
xglm_small,facebook/xglm-564M,10,3LocalWordSwaps,383,0.9983452558517456
xglm_small,facebook/xglm-564M,10,3LocalWordSwaps,384,0.999809980392456
xglm_small,facebook/xglm-564M,10,3LocalWordSwaps,385,0.9964298009872437
xglm_small,facebook/xglm-564M,10,3LocalWordSwaps,386,0.9962888956069946
xglm_small,facebook/xglm-564M,10,3LocalWordSwaps,387,0.9959970712661743
xglm_small,facebook/xglm-564M,10,3LocalWordSwaps,388,0.9967341423034668
xglm_small,facebook/xglm-564M,10,3LocalWordSwaps,389,0.9971122741699219
xglm_small,facebook/xglm-564M,10,3LocalWordSwaps,390,0.9992978572845459
xglm_small,facebook/xglm-564M,10,3LocalWordSwaps,391,0.9978303909301758
xglm_small,facebook/xglm-564M,10,3LocalWordSwaps,392,0.9980769753456116
xglm_small,facebook/xglm-564M,10,3LocalWordSwaps,393,0.9981716871261597
xglm_small,facebook/xglm-564M,10,3LocalWordSwaps,394,0.998062789440155
xglm_small,facebook/xglm-564M,10,3LocalWordSwaps,395,0.996914267539978
xglm_small,facebook/xglm-564M,10,3LocalWordSwaps,396,0.9958435893058777
xglm_small,facebook/xglm-564M,10,3LocalWordSwaps,397,0.9979566931724548
xglm_small,facebook/xglm-564M,10,3LocalWordSwaps,398,0.9968827366828918
xglm_small,facebook/xglm-564M,10,3LocalWordSwaps,399,0.9968907237052917
xglm_small,facebook/xglm-564M,10,3LocalWordSwaps,400,0.9973677396774292
xglm_small,facebook/xglm-564M,10,3LocalWordSwaps,401,0.9972661137580872
xglm_small,facebook/xglm-564M,10,3LocalWordSwaps,402,0.9970377683639526
xglm_small,facebook/xglm-564M,10,3LocalWordSwaps,403,0.9951057434082031
xglm_small,facebook/xglm-564M,10,3LocalWordSwaps,404,0.9976116418838501
xglm_small,facebook/xglm-564M,10,3LocalWordSwaps,405,0.9972591400146484
xglm_small,facebook/xglm-564M,10,3LocalWordSwaps,406,0.9976114630699158
xglm_small,facebook/xglm-564M,10,3LocalWordSwaps,407,0.9976330399513245
xglm_small,facebook/xglm-564M,10,3LocalWordSwaps,408,0.997111439704895
xglm_small,facebook/xglm-564M,10,3LocalWordSwaps,409,0.9969894289970398
xglm_small,facebook/xglm-564M,10,3LocalWordSwaps,410,0.9958683848381042
xglm_small,facebook/xglm-564M,10,3LocalWordSwaps,411,0.9977010488510132
xglm_small,facebook/xglm-564M,10,3LocalWordSwaps,412,0.9974043369293213
xglm_small,facebook/xglm-564M,10,3LocalWordSwaps,413,0.9968796968460083
xglm_small,facebook/xglm-564M,10,3LocalWordSwaps,414,0.9978560209274292
xglm_small,facebook/xglm-564M,10,3LocalWordSwaps,415,0.9974748492240906
xglm_small,facebook/xglm-564M,10,3LocalWordSwaps,416,0.9971820712089539
xglm_small,facebook/xglm-564M,10,3LocalWordSwaps,417,0.9975311160087585
xglm_small,facebook/xglm-564M,10,3LocalWordSwaps,418,0.9977001547813416
xglm_small,facebook/xglm-564M,10,3LocalWordSwaps,419,0.9974686503410339
xglm_small,facebook/xglm-564M,10,3LocalWordSwaps,420,0.9974873661994934
xglm_small,facebook/xglm-564M,10,3LocalWordSwaps,421,0.99723219871521
xglm_small,facebook/xglm-564M,10,3LocalWordSwaps,422,0.9975330829620361
xglm_small,facebook/xglm-564M,10,3LocalWordSwaps,423,0.9974572658538818
xglm_small,facebook/xglm-564M,10,3LocalWordSwaps,424,0.9975609183311462
xglm_small,facebook/xglm-564M,10,3LocalWordSwaps,425,0.9977660775184631
xglm_small,facebook/xglm-564M,10,3LocalWordSwaps,426,0.9978339076042175
xglm_small,facebook/xglm-564M,10,3LocalWordSwaps,427,0.9961583018302917
xglm_small,facebook/xglm-564M,10,3LocalWordSwaps,428,0.9972426295280457
xglm_small,facebook/xglm-564M,10,3LocalWordSwaps,429,0.9974592924118042
xglm_small,facebook/xglm-564M,10,3LocalWordSwaps,430,0.9959758520126343
xglm_small,facebook/xglm-564M,10,3LocalWordSwaps,431,0.9972667098045349
xglm_small,facebook/xglm-564M,10,3LocalWordSwaps,432,0.997168779373169
xglm_small,facebook/xglm-564M,10,3LocalWordSwaps,433,0.9979530572891235
xglm_small,facebook/xglm-564M,10,3LocalWordSwaps,434,0.9957406520843506
xglm_small,facebook/xglm-564M,10,3LocalWordSwaps,435,0.9977760314941406
xglm_small,facebook/xglm-564M,10,3LocalWordSwaps,436,0.9981410503387451
xglm_small,facebook/xglm-564M,10,3LocalWordSwaps,437,0.9962079524993896
xglm_small,facebook/xglm-564M,10,3LocalWordSwaps,438,0.9966720342636108
xglm_small,facebook/xglm-564M,10,3LocalWordSwaps,439,0.9976059198379517
xglm_small,facebook/xglm-564M,10,3LocalWordSwaps,440,0.9976849555969238
xglm_small,facebook/xglm-564M,10,3LocalWordSwaps,441,0.9971471428871155
xglm_small,facebook/xglm-564M,10,3LocalWordSwaps,442,0.9978891611099243
xglm_small,facebook/xglm-564M,10,3LocalWordSwaps,443,0.9982396364212036
xglm_small,facebook/xglm-564M,10,3LocalWordSwaps,444,0.9972432851791382
xglm_small,facebook/xglm-564M,10,3LocalWordSwaps,445,0.9951544404029846
xglm_small,facebook/xglm-564M,10,3LocalWordSwaps,446,0.9977219700813293
xglm_small,facebook/xglm-564M,10,3LocalWordSwaps,447,0.9975024461746216
xglm_small,facebook/xglm-564M,10,3LocalWordSwaps,448,0.998013973236084
xglm_small,facebook/xglm-564M,10,3LocalWordSwaps,449,0.9973103404045105
xglm_small,facebook/xglm-564M,10,3LocalWordSwaps,450,0.9984732270240784
xglm_small,facebook/xglm-564M,10,3LocalWordSwaps,451,0.996173083782196
xglm_small,facebook/xglm-564M,10,3LocalWordSwaps,452,0.9971058964729309
xglm_small,facebook/xglm-564M,10,3LocalWordSwaps,453,0.996051549911499
xglm_small,facebook/xglm-564M,10,3LocalWordSwaps,454,0.9978649616241455
xglm_small,facebook/xglm-564M,10,3LocalWordSwaps,455,0.997462272644043
xglm_small,facebook/xglm-564M,10,3LocalWordSwaps,456,0.9933995008468628
xglm_small,facebook/xglm-564M,10,3LocalWordSwaps,457,0.9970055818557739
xglm_small,facebook/xglm-564M,10,3LocalWordSwaps,458,0.9982802867889404
xglm_small,facebook/xglm-564M,10,3LocalWordSwaps,459,0.997814953327179
xglm_small,facebook/xglm-564M,10,3LocalWordSwaps,460,0.9974368810653687
xglm_small,facebook/xglm-564M,10,3LocalWordSwaps,461,0.9982873797416687
xglm_small,facebook/xglm-564M,10,3LocalWordSwaps,462,0.9962782263755798
xglm_small,facebook/xglm-564M,10,3LocalWordSwaps,463,0.9970201253890991
xglm_small,facebook/xglm-564M,10,3LocalWordSwaps,464,0.9976180791854858
xglm_small,facebook/xglm-564M,10,3LocalWordSwaps,465,0.9974340200424194
xglm_small,facebook/xglm-564M,10,3LocalWordSwaps,466,0.9958823323249817
xglm_small,facebook/xglm-564M,10,3LocalWordSwaps,467,0.9967655539512634
xglm_small,facebook/xglm-564M,10,3LocalWordSwaps,468,0.9972468614578247
xglm_small,facebook/xglm-564M,10,3LocalWordSwaps,469,0.9976869225502014
xglm_small,facebook/xglm-564M,10,3LocalWordSwaps,470,0.9976657629013062
xglm_small,facebook/xglm-564M,10,3LocalWordSwaps,471,0.997283935546875
xglm_small,facebook/xglm-564M,10,3LocalWordSwaps,472,0.9974124431610107
xglm_small,facebook/xglm-564M,10,3LocalWordSwaps,473,0.995309054851532
xglm_small,facebook/xglm-564M,10,3LocalWordSwaps,474,0.9959912896156311
xglm_small,facebook/xglm-564M,10,3LocalWordSwaps,475,0.9967769980430603
xglm_small,facebook/xglm-564M,10,3LocalWordSwaps,476,0.9959393739700317
xglm_small,facebook/xglm-564M,10,3LocalWordSwaps,477,0.996814489364624
xglm_small,facebook/xglm-564M,10,3LocalWordSwaps,478,0.9972963333129883
xglm_small,facebook/xglm-564M,10,3LocalWordSwaps,479,0.9967832565307617
xglm_small,facebook/xglm-564M,10,3LocalWordSwaps,480,0.9972936511039734
xglm_small,facebook/xglm-564M,10,3LocalWordSwaps,481,0.9978828430175781
xglm_small,facebook/xglm-564M,10,3LocalWordSwaps,482,0.9955610036849976
xglm_small,facebook/xglm-564M,10,3LocalWordSwaps,483,0.997372031211853
xglm_small,facebook/xglm-564M,10,3LocalWordSwaps,484,0.9961071014404297
xglm_small,facebook/xglm-564M,10,3LocalWordSwaps,485,0.9954502582550049
xglm_small,facebook/xglm-564M,10,3LocalWordSwaps,486,0.9968950748443604
xglm_small,facebook/xglm-564M,10,3LocalWordSwaps,487,0.9977067708969116
xglm_small,facebook/xglm-564M,10,3LocalWordSwaps,488,0.9973114728927612
xglm_small,facebook/xglm-564M,10,3LocalWordSwaps,489,0.997138500213623
xglm_small,facebook/xglm-564M,10,3LocalWordSwaps,490,0.9965317249298096
xglm_small,facebook/xglm-564M,10,3LocalWordSwaps,491,0.9972629547119141
xglm_small,facebook/xglm-564M,10,3LocalWordSwaps,492,0.9945558905601501
xglm_small,facebook/xglm-564M,10,3LocalWordSwaps,493,0.9973973035812378
xglm_small,facebook/xglm-564M,10,3LocalWordSwaps,494,0.9970687031745911
xglm_small,facebook/xglm-564M,10,3LocalWordSwaps,495,0.9972387552261353
xglm_small,facebook/xglm-564M,10,3LocalWordSwaps,496,0.9977870583534241
xglm_small,facebook/xglm-564M,10,3LocalWordSwaps,497,0.9955058097839355
xglm_small,facebook/xglm-564M,10,3LocalWordSwaps,498,0.9963079690933228
xglm_small,facebook/xglm-564M,10,3LocalWordSwaps,499,0.9975650310516357
xglm_small,facebook/xglm-564M,10,3LocalWordSwaps,500,0.9972978830337524
xglm_small,facebook/xglm-564M,10,3LocalWordSwaps,501,0.9973724484443665
xglm_small,facebook/xglm-564M,10,3LocalWordSwaps,502,0.9955343008041382
xglm_small,facebook/xglm-564M,10,3LocalWordSwaps,503,0.9967058897018433
xglm_small,facebook/xglm-564M,10,3LocalWordSwaps,504,0.9972844123840332
xglm_small,facebook/xglm-564M,10,3LocalWordSwaps,505,0.9972316026687622
xglm_small,facebook/xglm-564M,10,3LocalWordSwaps,506,0.9973408579826355
xglm_small,facebook/xglm-564M,10,3LocalWordSwaps,507,0.9960468411445618
xglm_small,facebook/xglm-564M,10,3LocalWordSwaps,508,0.9969282746315002
xglm_small,facebook/xglm-564M,10,3LocalWordSwaps,509,0.997634768486023
xglm_small,facebook/xglm-564M,10,3LocalWordSwaps,510,0.9956573843955994
xglm_small,facebook/xglm-564M,10,3LocalWordSwaps,511,0.9971808195114136
xglm_small,facebook/xglm-564M,10,3LocalWordSwaps,512,0.9971818923950195
xglm_small,facebook/xglm-564M,10,3LocalWordSwaps,513,0.9962880611419678
xglm_small,facebook/xglm-564M,10,3LocalWordSwaps,514,0.9964709281921387
xglm_small,facebook/xglm-564M,10,3LocalWordSwaps,515,0.9964524507522583
xglm_small,facebook/xglm-564M,10,3LocalWordSwaps,516,0.9965287446975708
xglm_small,facebook/xglm-564M,10,3LocalWordSwaps,517,0.9974005222320557
xglm_small,facebook/xglm-564M,10,3LocalWordSwaps,518,0.9971720576286316
xglm_small,facebook/xglm-564M,10,3LocalWordSwaps,519,0.9968140125274658
xglm_small,facebook/xglm-564M,10,3LocalWordSwaps,520,0.9980719089508057
xglm_small,facebook/xglm-564M,10,3LocalWordSwaps,521,0.9966155290603638
xglm_small,facebook/xglm-564M,10,3LocalWordSwaps,522,0.9975029230117798
xglm_small,facebook/xglm-564M,10,3LocalWordSwaps,523,0.9979311227798462
xglm_small,facebook/xglm-564M,10,3LocalWordSwaps,524,0.9964125752449036
xglm_small,facebook/xglm-564M,10,3LocalWordSwaps,525,0.9971410632133484
xglm_small,facebook/xglm-564M,10,3LocalWordSwaps,526,0.9968594908714294
xglm_small,facebook/xglm-564M,10,3LocalWordSwaps,527,0.9965466856956482
xglm_small,facebook/xglm-564M,10,3LocalWordSwaps,528,0.9965790510177612
xglm_small,facebook/xglm-564M,10,3LocalWordSwaps,529,0.9974109530448914
xglm_small,facebook/xglm-564M,10,3LocalWordSwaps,530,0.9964768886566162
xglm_small,facebook/xglm-564M,10,3LocalWordSwaps,531,0.9968792200088501
xglm_small,facebook/xglm-564M,10,3LocalWordSwaps,532,0.9971438646316528
xglm_small,facebook/xglm-564M,10,3LocalWordSwaps,533,0.9978336095809937
xglm_small,facebook/xglm-564M,10,3LocalWordSwaps,534,0.9968572854995728
xglm_small,facebook/xglm-564M,10,3LocalWordSwaps,535,0.9977850914001465
xglm_small,facebook/xglm-564M,10,3LocalWordSwaps,536,0.9948310256004333
xglm_small,facebook/xglm-564M,10,3LocalWordSwaps,537,0.9968625903129578
xglm_small,facebook/xglm-564M,10,3LocalWordSwaps,538,0.9974737167358398
xglm_small,facebook/xglm-564M,10,3LocalWordSwaps,539,0.9968720078468323
xglm_small,facebook/xglm-564M,10,3LocalWordSwaps,540,0.9970570802688599
xglm_small,facebook/xglm-564M,10,3LocalWordSwaps,541,0.9974523782730103
xglm_small,facebook/xglm-564M,10,3LocalWordSwaps,542,0.9967460036277771
xglm_small,facebook/xglm-564M,10,3LocalWordSwaps,543,0.9969097971916199
xglm_small,facebook/xglm-564M,10,3LocalWordSwaps,544,0.9977139830589294
xglm_small,facebook/xglm-564M,10,3LocalWordSwaps,545,0.9977580308914185
xglm_small,facebook/xglm-564M,10,3LocalWordSwaps,546,0.9976503849029541
xglm_small,facebook/xglm-564M,10,3LocalWordSwaps,547,0.9977778196334839
xglm_small,facebook/xglm-564M,10,3LocalWordSwaps,548,0.9974685311317444
xglm_small,facebook/xglm-564M,10,3LocalWordSwaps,549,0.9971022605895996
xglm_small,facebook/xglm-564M,10,3LocalWordSwaps,550,0.9961782097816467
xglm_small,facebook/xglm-564M,10,3LocalWordSwaps,551,0.9974040389060974
xglm_small,facebook/xglm-564M,10,3LocalWordSwaps,552,0.9972991943359375
xglm_small,facebook/xglm-564M,10,3LocalWordSwaps,553,0.9978808164596558
xglm_small,facebook/xglm-564M,10,3LocalWordSwaps,554,0.9976983070373535
xglm_small,facebook/xglm-564M,10,3LocalWordSwaps,555,0.9981508851051331
xglm_small,facebook/xglm-564M,10,3LocalWordSwaps,556,0.9925227165222168
xglm_small,facebook/xglm-564M,10,3LocalWordSwaps,557,0.9957060813903809
xglm_small,facebook/xglm-564M,10,3LocalWordSwaps,558,0.9963183403015137
xglm_small,facebook/xglm-564M,10,3LocalWordSwaps,559,0.9968344569206238
xglm_small,facebook/xglm-564M,10,3LocalWordSwaps,560,0.9975724816322327
xglm_small,facebook/xglm-564M,10,3LocalWordSwaps,561,0.9972488284111023
xglm_small,facebook/xglm-564M,10,3LocalWordSwaps,562,0.9969778060913086
xglm_small,facebook/xglm-564M,10,3LocalWordSwaps,563,0.9972934722900391
xglm_small,facebook/xglm-564M,10,3LocalWordSwaps,564,0.9965609312057495
xglm_small,facebook/xglm-564M,10,3LocalWordSwaps,565,0.997251033782959
xglm_small,facebook/xglm-564M,10,3LocalWordSwaps,566,0.9996341466903687
xglm_small,facebook/xglm-564M,10,3LocalWordSwaps,567,0.999722957611084
xglm_small,facebook/xglm-564M,10,3LocalWordSwaps,568,0.997260570526123
xglm_small,facebook/xglm-564M,10,3LocalWordSwaps,569,0.9996954798698425
xglm_small,facebook/xglm-564M,10,3LocalWordSwaps,570,0.9976300001144409
xglm_small,facebook/xglm-564M,10,3LocalWordSwaps,571,0.996191143989563
xglm_small,facebook/xglm-564M,10,3LocalWordSwaps,572,0.996691107749939
xglm_small,facebook/xglm-564M,10,3LocalWordSwaps,573,0.997344434261322
xglm_small,facebook/xglm-564M,10,3LocalWordSwaps,574,0.997212290763855
xglm_small,facebook/xglm-564M,10,3LocalWordSwaps,575,0.9978896379470825
xglm_small,facebook/xglm-564M,10,3LocalWordSwaps,576,0.9974387288093567
xglm_small,facebook/xglm-564M,10,3LocalWordSwaps,577,0.9976373314857483
xglm_small,facebook/xglm-564M,10,3LocalWordSwaps,578,0.9977938532829285
xglm_small,facebook/xglm-564M,10,3LocalWordSwaps,579,0.9970569610595703
xglm_small,facebook/xglm-564M,10,3LocalWordSwaps,580,0.9972928166389465
xglm_small,facebook/xglm-564M,10,3LocalWordSwaps,581,0.9968690872192383
xglm_small,facebook/xglm-564M,10,3LocalWordSwaps,582,0.9975020885467529
xglm_small,facebook/xglm-564M,10,3LocalWordSwaps,583,0.9970906376838684
xglm_small,facebook/xglm-564M,10,3LocalWordSwaps,584,0.9977890849113464
xglm_small,facebook/xglm-564M,10,3LocalWordSwaps,585,0.9977496862411499
xglm_small,facebook/xglm-564M,10,3LocalWordSwaps,586,0.9960289001464844
xglm_small,facebook/xglm-564M,10,3LocalWordSwaps,587,0.9976630806922913
xglm_small,facebook/xglm-564M,10,3LocalWordSwaps,588,0.9973022937774658
xglm_small,facebook/xglm-564M,10,3LocalWordSwaps,589,0.9961390495300293
xglm_small,facebook/xglm-564M,10,3LocalWordSwaps,590,0.9960950016975403
xglm_small,facebook/xglm-564M,10,3LocalWordSwaps,591,0.9970225691795349
xglm_small,facebook/xglm-564M,10,3LocalWordSwaps,592,0.9975598454475403
xglm_small,facebook/xglm-564M,10,3LocalWordSwaps,593,0.9975341558456421
xglm_small,facebook/xglm-564M,10,3LocalWordSwaps,594,0.9977568984031677
xglm_small,facebook/xglm-564M,10,3LocalWordSwaps,595,0.9970060586929321
xglm_small,facebook/xglm-564M,10,3LocalWordSwaps,596,0.9969017505645752
xglm_small,facebook/xglm-564M,10,3LocalWordSwaps,597,0.9972982406616211
xglm_small,facebook/xglm-564M,10,3LocalWordSwaps,598,0.9970880150794983
xglm_small,facebook/xglm-564M,10,3LocalWordSwaps,599,0.9970274567604065
xglm_small,facebook/xglm-564M,10,3LocalWordSwaps,600,0.9948512315750122
xglm_small,facebook/xglm-564M,10,3LocalWordSwaps,601,0.9966134428977966
xglm_small,facebook/xglm-564M,10,3LocalWordSwaps,602,0.9974064230918884
xglm_small,facebook/xglm-564M,10,3LocalWordSwaps,603,0.9971458911895752
xglm_small,facebook/xglm-564M,10,3LocalWordSwaps,604,0.9977773427963257
xglm_small,facebook/xglm-564M,10,3LocalWordSwaps,605,0.9977680444717407
xglm_small,facebook/xglm-564M,10,3LocalWordSwaps,606,0.996859073638916
xglm_small,facebook/xglm-564M,10,3LocalWordSwaps,607,0.9961344003677368
xglm_small,facebook/xglm-564M,10,3LocalWordSwaps,608,0.9971224665641785
xglm_small,facebook/xglm-564M,10,3LocalWordSwaps,609,0.9977458715438843
xglm_small,facebook/xglm-564M,10,3LocalWordSwaps,610,0.9962313175201416
xglm_small,facebook/xglm-564M,10,3LocalWordSwaps,611,0.9958260655403137
xglm_small,facebook/xglm-564M,10,3LocalWordSwaps,612,0.9971706867218018
xglm_small,facebook/xglm-564M,10,3LocalWordSwaps,613,0.9966773390769958
xglm_small,facebook/xglm-564M,10,3LocalWordSwaps,614,0.9971147775650024
xglm_small,facebook/xglm-564M,10,3LocalWordSwaps,615,0.9969320893287659
xglm_small,facebook/xglm-564M,10,3LocalWordSwaps,616,0.9963434934616089
xglm_small,facebook/xglm-564M,10,3LocalWordSwaps,617,0.9975548386573792
xglm_small,facebook/xglm-564M,10,3LocalWordSwaps,618,0.9963746070861816
xglm_small,facebook/xglm-564M,10,3LocalWordSwaps,619,0.9965510368347168
xglm_small,facebook/xglm-564M,10,3LocalWordSwaps,620,0.9972013831138611
xglm_small,facebook/xglm-564M,10,3LocalWordSwaps,621,0.9981412887573242
xglm_small,facebook/xglm-564M,10,3LocalWordSwaps,622,0.997433602809906
xglm_small,facebook/xglm-564M,10,3LocalWordSwaps,623,0.99609375
xglm_small,facebook/xglm-564M,10,3LocalWordSwaps,624,0.9963033199310303
xglm_small,facebook/xglm-564M,10,3LocalWordSwaps,625,0.9965145587921143
xglm_small,facebook/xglm-564M,10,3LocalWordSwaps,626,0.9980036616325378
xglm_small,facebook/xglm-564M,10,3LocalWordSwaps,627,0.9967124462127686
xglm_small,facebook/xglm-564M,10,3LocalWordSwaps,628,0.9979130029678345
xglm_small,facebook/xglm-564M,10,3LocalWordSwaps,629,0.9979717135429382
xglm_small,facebook/xglm-564M,10,3LocalWordSwaps,630,0.9968956708908081
xglm_small,facebook/xglm-564M,10,3LocalWordSwaps,631,0.9958181381225586
xglm_small,facebook/xglm-564M,10,3LocalWordSwaps,632,0.9952500462532043
xglm_small,facebook/xglm-564M,10,3LocalWordSwaps,633,0.9971681237220764
xglm_small,facebook/xglm-564M,10,3LocalWordSwaps,634,0.9973793029785156
xglm_small,facebook/xglm-564M,10,3LocalWordSwaps,635,0.9970312118530273
xglm_small,facebook/xglm-564M,10,3LocalWordSwaps,636,0.9972265362739563
xglm_small,facebook/xglm-564M,10,3LocalWordSwaps,637,0.9975614547729492
xglm_small,facebook/xglm-564M,10,3LocalWordSwaps,638,0.9979166388511658
xglm_small,facebook/xglm-564M,10,3LocalWordSwaps,639,0.9980363249778748
xglm_small,facebook/xglm-564M,10,3LocalWordSwaps,640,0.9974278807640076
xglm_small,facebook/xglm-564M,10,3LocalWordSwaps,641,0.9968777894973755
xglm_small,facebook/xglm-564M,10,3LocalWordSwaps,642,0.9957804083824158
xglm_small,facebook/xglm-564M,10,3LocalWordSwaps,643,0.996166467666626
xglm_small,facebook/xglm-564M,10,3LocalWordSwaps,644,0.9965726137161255
xglm_small,facebook/xglm-564M,10,3LocalWordSwaps,645,0.9972225427627563
xglm_small,facebook/xglm-564M,10,3LocalWordSwaps,646,0.9964863061904907
xglm_small,facebook/xglm-564M,10,3LocalWordSwaps,647,0.9966280460357666
xglm_small,facebook/xglm-564M,10,3LocalWordSwaps,648,0.997782826423645
xglm_small,facebook/xglm-564M,10,3LocalWordSwaps,649,0.9979376196861267
xglm_small,facebook/xglm-564M,10,3LocalWordSwaps,650,0.9974966049194336
xglm_small,facebook/xglm-564M,10,3LocalWordSwaps,651,0.9964165687561035
xglm_small,facebook/xglm-564M,10,3LocalWordSwaps,652,0.9977313280105591
xglm_small,facebook/xglm-564M,10,3LocalWordSwaps,653,0.9967871904373169
xglm_small,facebook/xglm-564M,10,3LocalWordSwaps,654,0.9963500499725342
xglm_small,facebook/xglm-564M,10,3LocalWordSwaps,655,0.9974789619445801
xglm_small,facebook/xglm-564M,10,3LocalWordSwaps,656,0.9978265762329102
xglm_small,facebook/xglm-564M,10,3LocalWordSwaps,657,0.997567892074585
xglm_small,facebook/xglm-564M,10,3LocalWordSwaps,658,0.9972609281539917
xglm_small,facebook/xglm-564M,10,3LocalWordSwaps,659,0.9958327412605286
xglm_small,facebook/xglm-564M,10,3LocalWordSwaps,660,0.9960944652557373
xglm_small,facebook/xglm-564M,10,3LocalWordSwaps,661,0.9977643489837646
xglm_small,facebook/xglm-564M,10,3LocalWordSwaps,662,0.9963585138320923
xglm_small,facebook/xglm-564M,10,3LocalWordSwaps,663,0.9970581531524658
xglm_small,facebook/xglm-564M,10,3LocalWordSwaps,664,0.9974831342697144
xglm_small,facebook/xglm-564M,10,3LocalWordSwaps,665,0.9961405992507935
xglm_small,facebook/xglm-564M,10,3LocalWordSwaps,666,0.997556209564209
xglm_small,facebook/xglm-564M,10,3LocalWordSwaps,667,0.9970988035202026
xglm_small,facebook/xglm-564M,10,3LocalWordSwaps,668,0.9975572824478149
xglm_small,facebook/xglm-564M,10,3LocalWordSwaps,669,0.9962505102157593
xglm_small,facebook/xglm-564M,10,3LocalWordSwaps,670,0.9974961876869202
xglm_small,facebook/xglm-564M,10,3LocalWordSwaps,671,0.9975531697273254
xglm_small,facebook/xglm-564M,10,3LocalWordSwaps,672,0.9961502552032471
xglm_small,facebook/xglm-564M,10,3LocalWordSwaps,673,0.9977046251296997
xglm_small,facebook/xglm-564M,10,3LocalWordSwaps,674,0.9972403645515442
xglm_small,facebook/xglm-564M,10,3LocalWordSwaps,675,0.9965606927871704
xglm_small,facebook/xglm-564M,10,3LocalWordSwaps,676,0.9972171783447266
xglm_small,facebook/xglm-564M,10,3LocalWordSwaps,677,0.9973921775817871
xglm_small,facebook/xglm-564M,10,3LocalWordSwaps,678,0.9956519603729248
xglm_small,facebook/xglm-564M,10,3LocalWordSwaps,679,0.9965945482254028
xglm_small,facebook/xglm-564M,10,3LocalWordSwaps,680,0.9976778626441956
xglm_small,facebook/xglm-564M,10,3LocalWordSwaps,681,0.9975740909576416
xglm_small,facebook/xglm-564M,10,3LocalWordSwaps,682,0.9960010647773743
xglm_small,facebook/xglm-564M,10,3LocalWordSwaps,683,0.9968023300170898
xglm_small,facebook/xglm-564M,10,3LocalWordSwaps,684,0.9976001381874084
xglm_small,facebook/xglm-564M,10,3LocalWordSwaps,685,0.9959238171577454
xglm_small,facebook/xglm-564M,10,3LocalWordSwaps,686,0.9971857070922852
xglm_small,facebook/xglm-564M,10,3LocalWordSwaps,687,0.9967817664146423
xglm_small,facebook/xglm-564M,10,3LocalWordSwaps,688,0.9968116283416748
xglm_small,facebook/xglm-564M,10,3LocalWordSwaps,689,0.997344970703125
xglm_small,facebook/xglm-564M,10,3LocalWordSwaps,690,0.9966517686843872
xglm_small,facebook/xglm-564M,10,3LocalWordSwaps,691,0.9975501298904419
xglm_small,facebook/xglm-564M,10,3LocalWordSwaps,692,0.9980478286743164
xglm_small,facebook/xglm-564M,10,3LocalWordSwaps,693,0.995879590511322
xglm_small,facebook/xglm-564M,10,3LocalWordSwaps,694,0.9966471791267395
xglm_small,facebook/xglm-564M,10,3LocalWordSwaps,695,0.9970203638076782
xglm_small,facebook/xglm-564M,10,3LocalWordSwaps,696,0.9976233839988708
xglm_small,facebook/xglm-564M,10,3LocalWordSwaps,697,0.9976798295974731
xglm_small,facebook/xglm-564M,10,3LocalWordSwaps,698,0.996832013130188
xglm_small,facebook/xglm-564M,10,3LocalWordSwaps,699,0.9969561696052551
xglm_small,facebook/xglm-564M,10,3LocalWordSwaps,700,0.9972071647644043
xglm_small,facebook/xglm-564M,10,3LocalWordSwaps,701,0.9977257251739502
xglm_small,facebook/xglm-564M,10,3LocalWordSwaps,702,0.997969388961792
xglm_small,facebook/xglm-564M,10,3LocalWordSwaps,703,0.9979351758956909
xglm_small,facebook/xglm-564M,10,3LocalWordSwaps,704,0.9976561069488525
xglm_small,facebook/xglm-564M,10,3LocalWordSwaps,705,0.9973233342170715
xglm_small,facebook/xglm-564M,10,3LocalWordSwaps,706,0.9969471096992493
xglm_small,facebook/xglm-564M,10,3LocalWordSwaps,707,0.9964848160743713
xglm_small,facebook/xglm-564M,10,3LocalWordSwaps,708,0.9972584843635559
xglm_small,facebook/xglm-564M,10,3LocalWordSwaps,709,0.9970431327819824
xglm_small,facebook/xglm-564M,10,3LocalWordSwaps,710,0.9964962005615234
xglm_small,facebook/xglm-564M,10,3LocalWordSwaps,711,0.9973711371421814
xglm_small,facebook/xglm-564M,10,3LocalWordSwaps,712,0.9972493648529053
xglm_small,facebook/xglm-564M,10,3LocalWordSwaps,713,0.9979188442230225
xglm_small,facebook/xglm-564M,10,3LocalWordSwaps,714,0.9974159002304077
xglm_small,facebook/xglm-564M,10,3LocalWordSwaps,715,0.9966749548912048
xglm_small,facebook/xglm-564M,10,3LocalWordSwaps,716,0.9973045587539673
xglm_small,facebook/xglm-564M,10,3LocalWordSwaps,717,0.9980260133743286
xglm_small,facebook/xglm-564M,10,3LocalWordSwaps,718,0.9979492425918579
xglm_small,facebook/xglm-564M,10,3LocalWordSwaps,719,0.9975696206092834
xglm_small,facebook/xglm-564M,10,3LocalWordSwaps,720,0.9970357418060303
xglm_small,facebook/xglm-564M,10,3LocalWordSwaps,721,0.9976417422294617
xglm_small,facebook/xglm-564M,10,3LocalWordSwaps,722,0.997649610042572
xglm_small,facebook/xglm-564M,10,3LocalWordSwaps,723,0.9980654716491699
xglm_small,facebook/xglm-564M,10,3LocalWordSwaps,724,0.9962223172187805
xglm_small,facebook/xglm-564M,10,3LocalWordSwaps,725,0.9980499744415283
xglm_small,facebook/xglm-564M,10,3LocalWordSwaps,726,0.9971580505371094
xglm_small,facebook/xglm-564M,10,3LocalWordSwaps,727,0.998062014579773
xglm_small,facebook/xglm-564M,10,3LocalWordSwaps,728,0.9979262351989746
xglm_small,facebook/xglm-564M,10,3LocalWordSwaps,729,0.9978364706039429
xglm_small,facebook/xglm-564M,10,3LocalWordSwaps,730,0.9971132278442383
xglm_small,facebook/xglm-564M,10,3LocalWordSwaps,731,0.9955777525901794
xglm_small,facebook/xglm-564M,10,3LocalWordSwaps,732,0.996544361114502
xglm_small,facebook/xglm-564M,10,3LocalWordSwaps,733,0.9975565671920776
xglm_small,facebook/xglm-564M,10,3LocalWordSwaps,734,0.9981316328048706
xglm_small,facebook/xglm-564M,10,3LocalWordSwaps,735,0.9963927268981934
xglm_small,facebook/xglm-564M,10,3LocalWordSwaps,736,0.9967507123947144
xglm_small,facebook/xglm-564M,10,3LocalWordSwaps,737,0.9976969957351685
xglm_small,facebook/xglm-564M,10,3LocalWordSwaps,738,0.9973680973052979
xglm_small,facebook/xglm-564M,10,3LocalWordSwaps,739,0.9971386194229126
xglm_small,facebook/xglm-564M,10,3LocalWordSwaps,740,0.9975451231002808
xglm_small,facebook/xglm-564M,10,3LocalWordSwaps,741,0.9978829622268677
xglm_small,facebook/xglm-564M,10,3LocalWordSwaps,742,0.9960304498672485
xglm_small,facebook/xglm-564M,10,3LocalWordSwaps,743,0.9976505041122437
xglm_small,facebook/xglm-564M,10,3LocalWordSwaps,744,0.9975873231887817
xglm_small,facebook/xglm-564M,10,3LocalWordSwaps,745,0.9972341060638428
xglm_small,facebook/xglm-564M,10,3LocalWordSwaps,746,0.995891273021698
xglm_small,facebook/xglm-564M,10,3LocalWordSwaps,747,0.9976073503494263
xglm_small,facebook/xglm-564M,10,3LocalWordSwaps,748,0.9978148341178894
xglm_small,facebook/xglm-564M,10,3LocalWordSwaps,749,0.9978799819946289
xglm_small,facebook/xglm-564M,10,3LocalWordSwaps,750,0.9975409507751465
xglm_small,facebook/xglm-564M,10,3LocalWordSwaps,751,0.9977253675460815
xglm_small,facebook/xglm-564M,10,3LocalWordSwaps,752,0.9975024461746216
xglm_small,facebook/xglm-564M,10,3LocalWordSwaps,753,0.997758150100708
xglm_small,facebook/xglm-564M,10,3LocalWordSwaps,754,0.9957872629165649
xglm_small,facebook/xglm-564M,10,3LocalWordSwaps,755,0.9980261921882629
xglm_small,facebook/xglm-564M,10,3LocalWordSwaps,756,0.9973208904266357
xglm_small,facebook/xglm-564M,10,3LocalWordSwaps,757,0.9981703162193298
xglm_small,facebook/xglm-564M,10,3LocalWordSwaps,758,0.9979331493377686
xglm_small,facebook/xglm-564M,10,3LocalWordSwaps,759,0.9975252151489258
xglm_small,facebook/xglm-564M,10,3LocalWordSwaps,760,0.9957835078239441
xglm_small,facebook/xglm-564M,10,3LocalWordSwaps,761,0.9935132265090942
xglm_small,facebook/xglm-564M,10,3LocalWordSwaps,762,0.9975182414054871
xglm_small,facebook/xglm-564M,10,3LocalWordSwaps,763,0.9978692531585693
xglm_small,facebook/xglm-564M,10,3LocalWordSwaps,764,0.9969430565834045
xglm_small,facebook/xglm-564M,10,3LocalWordSwaps,765,0.9977114200592041
xglm_small,facebook/xglm-564M,10,3LocalWordSwaps,766,0.9982161521911621
xglm_small,facebook/xglm-564M,10,3LocalWordSwaps,767,0.9976638555526733
xglm_small,facebook/xglm-564M,10,3LocalWordSwaps,768,0.9975742101669312
xglm_small,facebook/xglm-564M,10,3LocalWordSwaps,769,0.9978229999542236
xglm_small,facebook/xglm-564M,10,3LocalWordSwaps,770,0.996671199798584
xglm_small,facebook/xglm-564M,10,3LocalWordSwaps,771,0.9978033304214478
xglm_small,facebook/xglm-564M,10,3LocalWordSwaps,772,0.9977302551269531
xglm_small,facebook/xglm-564M,10,3LocalWordSwaps,773,0.995944619178772
xglm_small,facebook/xglm-564M,10,3LocalWordSwaps,774,0.9976199865341187
xglm_small,facebook/xglm-564M,10,3LocalWordSwaps,775,0.9964951276779175
xglm_small,facebook/xglm-564M,10,3LocalWordSwaps,776,0.9979335069656372
xglm_small,facebook/xglm-564M,10,3LocalWordSwaps,777,0.9976946115493774
xglm_small,facebook/xglm-564M,10,3LocalWordSwaps,778,0.9970132112503052
xglm_small,facebook/xglm-564M,10,3LocalWordSwaps,779,0.9977346062660217
xglm_small,facebook/xglm-564M,10,3LocalWordSwaps,780,0.9961668848991394
xglm_small,facebook/xglm-564M,10,3LocalWordSwaps,781,0.9975941181182861
xglm_small,facebook/xglm-564M,10,3LocalWordSwaps,782,0.997428297996521
xglm_small,facebook/xglm-564M,10,3LocalWordSwaps,783,0.997450053691864
xglm_small,facebook/xglm-564M,10,3LocalWordSwaps,784,0.9966437220573425
xglm_small,facebook/xglm-564M,10,3LocalWordSwaps,785,0.9971685409545898
xglm_small,facebook/xglm-564M,10,3LocalWordSwaps,786,0.9972277879714966
xglm_small,facebook/xglm-564M,10,3LocalWordSwaps,787,0.9966140389442444
xglm_small,facebook/xglm-564M,10,3LocalWordSwaps,788,0.9978437423706055
xglm_small,facebook/xglm-564M,10,3LocalWordSwaps,789,0.9972719550132751
xglm_small,facebook/xglm-564M,10,3LocalWordSwaps,790,0.996256947517395
xglm_small,facebook/xglm-564M,10,3LocalWordSwaps,791,0.9963893294334412
xglm_small,facebook/xglm-564M,10,3LocalWordSwaps,792,0.9968860149383545
xglm_small,facebook/xglm-564M,10,3LocalWordSwaps,793,0.9966196417808533
xglm_small,facebook/xglm-564M,10,3LocalWordSwaps,794,0.9979010820388794
xglm_small,facebook/xglm-564M,10,3LocalWordSwaps,795,0.997420608997345
xglm_small,facebook/xglm-564M,10,3LocalWordSwaps,796,0.9977748990058899
xglm_small,facebook/xglm-564M,10,3LocalWordSwaps,797,0.9979212284088135
xglm_small,facebook/xglm-564M,10,3LocalWordSwaps,798,0.9980355501174927
xglm_small,facebook/xglm-564M,10,3LocalWordSwaps,799,0.9975098967552185
xglm_small,facebook/xglm-564M,10,3LocalWordSwaps,800,0.9973050951957703
xglm_small,facebook/xglm-564M,10,3LocalWordSwaps,801,0.9969114065170288
xglm_small,facebook/xglm-564M,10,3LocalWordSwaps,802,0.9961749315261841
xglm_small,facebook/xglm-564M,10,3LocalWordSwaps,803,0.9974541068077087
xglm_small,facebook/xglm-564M,10,3LocalWordSwaps,804,0.9977313280105591
xglm_small,facebook/xglm-564M,10,3LocalWordSwaps,805,0.9961814284324646
xglm_small,facebook/xglm-564M,10,3LocalWordSwaps,806,0.9971566796302795
xglm_small,facebook/xglm-564M,10,3LocalWordSwaps,807,0.9974183440208435
xglm_small,facebook/xglm-564M,10,3LocalWordSwaps,808,0.9969606399536133
xglm_small,facebook/xglm-564M,10,3LocalWordSwaps,809,0.9971315860748291
xglm_small,facebook/xglm-564M,10,3LocalWordSwaps,810,0.9978666305541992
xglm_small,facebook/xglm-564M,10,3LocalWordSwaps,811,0.9969183802604675
xglm_small,facebook/xglm-564M,10,3LocalWordSwaps,812,0.9973856806755066
xglm_small,facebook/xglm-564M,10,3LocalWordSwaps,813,0.9969682097434998
xglm_small,facebook/xglm-564M,10,3LocalWordSwaps,814,0.9977034330368042
xglm_small,facebook/xglm-564M,10,3LocalWordSwaps,815,0.9976827502250671
xglm_small,facebook/xglm-564M,10,3LocalWordSwaps,816,0.9975438714027405
xglm_small,facebook/xglm-564M,10,3LocalWordSwaps,817,0.9974145889282227
xglm_small,facebook/xglm-564M,10,3LocalWordSwaps,818,0.9957578182220459
xglm_small,facebook/xglm-564M,10,3LocalWordSwaps,819,0.9950932264328003
xglm_small,facebook/xglm-564M,10,3LocalWordSwaps,820,0.9974961876869202
xglm_small,facebook/xglm-564M,10,3LocalWordSwaps,821,0.9978733062744141
xglm_small,facebook/xglm-564M,10,3LocalWordSwaps,822,0.9973126649856567
xglm_small,facebook/xglm-564M,10,3LocalWordSwaps,823,0.9977115988731384
xglm_small,facebook/xglm-564M,10,3LocalWordSwaps,824,0.9977853298187256
xglm_small,facebook/xglm-564M,10,3LocalWordSwaps,825,0.9977536201477051
xglm_small,facebook/xglm-564M,10,3LocalWordSwaps,826,0.9976873993873596
xglm_small,facebook/xglm-564M,10,3LocalWordSwaps,827,0.9979230761528015
xglm_small,facebook/xglm-564M,10,3LocalWordSwaps,828,0.9966102838516235
xglm_small,facebook/xglm-564M,10,3LocalWordSwaps,829,0.996907114982605
xglm_small,facebook/xglm-564M,10,3LocalWordSwaps,830,0.9973788857460022
xglm_small,facebook/xglm-564M,10,3LocalWordSwaps,831,0.9971523284912109
xglm_small,facebook/xglm-564M,10,3LocalWordSwaps,832,0.9972624778747559
xglm_small,facebook/xglm-564M,10,3LocalWordSwaps,833,0.9973103404045105
xglm_small,facebook/xglm-564M,10,3LocalWordSwaps,834,0.9977824687957764
xglm_small,facebook/xglm-564M,10,3LocalWordSwaps,835,0.997698187828064
xglm_small,facebook/xglm-564M,10,3LocalWordSwaps,836,0.9976084232330322
xglm_small,facebook/xglm-564M,10,3LocalWordSwaps,837,0.9978146553039551
xglm_small,facebook/xglm-564M,10,3LocalWordSwaps,838,0.9977433085441589
xglm_small,facebook/xglm-564M,10,3LocalWordSwaps,839,0.9973521828651428
xglm_small,facebook/xglm-564M,10,3LocalWordSwaps,840,0.9971691370010376
xglm_small,facebook/xglm-564M,10,3LocalWordSwaps,841,0.9986217617988586
xglm_small,facebook/xglm-564M,10,3LocalWordSwaps,842,0.998124897480011
xglm_small,facebook/xglm-564M,10,3LocalWordSwaps,843,0.9974490404129028
xglm_small,facebook/xglm-564M,10,3LocalWordSwaps,844,0.9962412118911743
xglm_small,facebook/xglm-564M,10,3LocalWordSwaps,845,0.9952781200408936
xglm_small,facebook/xglm-564M,10,3LocalWordSwaps,846,0.9967408180236816
xglm_small,facebook/xglm-564M,10,3LocalWordSwaps,847,0.9970784187316895
xglm_small,facebook/xglm-564M,10,3LocalWordSwaps,848,0.9976680874824524
xglm_small,facebook/xglm-564M,10,3LocalWordSwaps,849,0.997555673122406
xglm_small,facebook/xglm-564M,10,3LocalWordSwaps,850,0.9972492456436157
xglm_small,facebook/xglm-564M,10,3LocalWordSwaps,851,0.9975783824920654
xglm_small,facebook/xglm-564M,10,3LocalWordSwaps,852,0.9974398016929626
xglm_small,facebook/xglm-564M,10,3LocalWordSwaps,853,0.9974095821380615
xglm_small,facebook/xglm-564M,10,3LocalWordSwaps,854,0.9959108233451843
xglm_small,facebook/xglm-564M,10,3LocalWordSwaps,855,0.9972018599510193
xglm_small,facebook/xglm-564M,10,3LocalWordSwaps,856,0.9970166087150574
xglm_small,facebook/xglm-564M,10,3LocalWordSwaps,857,0.9963131546974182
xglm_small,facebook/xglm-564M,10,3LocalWordSwaps,858,0.9981734752655029
xglm_small,facebook/xglm-564M,10,3LocalWordSwaps,859,0.9983720779418945
xglm_small,facebook/xglm-564M,10,3LocalWordSwaps,860,0.997678279876709
xglm_small,facebook/xglm-564M,10,3LocalWordSwaps,861,0.9969626665115356
xglm_small,facebook/xglm-564M,10,3LocalWordSwaps,862,0.9977896809577942
xglm_small,facebook/xglm-564M,10,3LocalWordSwaps,863,0.9977002143859863
xglm_small,facebook/xglm-564M,10,3LocalWordSwaps,864,0.9966460466384888
xglm_small,facebook/xglm-564M,10,3LocalWordSwaps,865,0.9977766871452332
xglm_small,facebook/xglm-564M,10,3LocalWordSwaps,866,0.9970464706420898
xglm_small,facebook/xglm-564M,10,3LocalWordSwaps,867,0.996577262878418
xglm_small,facebook/xglm-564M,10,3LocalWordSwaps,868,0.9966555237770081
xglm_small,facebook/xglm-564M,10,3LocalWordSwaps,869,0.9959216117858887
xglm_small,facebook/xglm-564M,10,3LocalWordSwaps,870,0.9978050589561462
xglm_small,facebook/xglm-564M,10,3LocalWordSwaps,871,0.9969791769981384
xglm_small,facebook/xglm-564M,10,3LocalWordSwaps,872,0.9983002543449402
xglm_small,facebook/xglm-564M,10,3LocalWordSwaps,873,0.9974846839904785
xglm_small,facebook/xglm-564M,10,3LocalWordSwaps,874,0.9968748688697815
xglm_small,facebook/xglm-564M,10,3LocalWordSwaps,875,0.9972429275512695
xglm_small,facebook/xglm-564M,10,3LocalWordSwaps,876,0.998024582862854
xglm_small,facebook/xglm-564M,10,3LocalWordSwaps,877,0.9959917664527893
xglm_small,facebook/xglm-564M,10,3LocalWordSwaps,878,0.9972255825996399
xglm_small,facebook/xglm-564M,10,3LocalWordSwaps,879,0.9964004755020142
xglm_small,facebook/xglm-564M,10,3LocalWordSwaps,880,0.9969412088394165
xglm_small,facebook/xglm-564M,10,3LocalWordSwaps,881,0.9966825842857361
xglm_small,facebook/xglm-564M,10,3LocalWordSwaps,882,0.9970526695251465
xglm_small,facebook/xglm-564M,10,3LocalWordSwaps,883,0.9963526725769043
xglm_small,facebook/xglm-564M,10,3LocalWordSwaps,884,0.9963483810424805
xglm_small,facebook/xglm-564M,10,3LocalWordSwaps,885,0.9966102242469788
xglm_small,facebook/xglm-564M,10,3LocalWordSwaps,886,0.9968273639678955
xglm_small,facebook/xglm-564M,10,3LocalWordSwaps,887,0.9964002370834351
xglm_small,facebook/xglm-564M,10,3LocalWordSwaps,888,0.9962528347969055
xglm_small,facebook/xglm-564M,10,3LocalWordSwaps,889,0.996906042098999
xglm_small,facebook/xglm-564M,10,3LocalWordSwaps,890,0.9977056980133057
xglm_small,facebook/xglm-564M,10,3LocalWordSwaps,891,0.9958951473236084
xglm_small,facebook/xglm-564M,10,3LocalWordSwaps,892,0.9965089559555054
xglm_small,facebook/xglm-564M,10,3LocalWordSwaps,893,0.9974668025970459
xglm_small,facebook/xglm-564M,10,3LocalWordSwaps,894,0.9968482255935669
xglm_small,facebook/xglm-564M,10,3LocalWordSwaps,895,0.9970791339874268
xglm_small,facebook/xglm-564M,10,3LocalWordSwaps,896,0.9967702031135559
xglm_small,facebook/xglm-564M,10,3LocalWordSwaps,897,0.9979459047317505
xglm_small,facebook/xglm-564M,10,3LocalWordSwaps,898,0.9974934458732605
xglm_small,facebook/xglm-564M,10,3LocalWordSwaps,899,0.9957529306411743
xglm_small,facebook/xglm-564M,10,3LocalWordSwaps,900,0.9977806806564331
xglm_small,facebook/xglm-564M,10,3LocalWordSwaps,901,0.9980260133743286
xglm_small,facebook/xglm-564M,10,3LocalWordSwaps,902,0.9975095987319946
xglm_small,facebook/xglm-564M,10,3LocalWordSwaps,903,0.9963718056678772
xglm_small,facebook/xglm-564M,10,3LocalWordSwaps,904,0.9973403215408325
xglm_small,facebook/xglm-564M,10,3LocalWordSwaps,905,0.9972872138023376
xglm_small,facebook/xglm-564M,10,3LocalWordSwaps,906,0.9973721504211426
xglm_small,facebook/xglm-564M,10,3LocalWordSwaps,907,0.9953281283378601
xglm_small,facebook/xglm-564M,10,3LocalWordSwaps,908,0.9977952241897583
xglm_small,facebook/xglm-564M,10,3LocalWordSwaps,909,0.9974993467330933
xglm_small,facebook/xglm-564M,10,3LocalWordSwaps,910,0.9980743527412415
xglm_small,facebook/xglm-564M,10,3LocalWordSwaps,911,0.9967540502548218
xglm_small,facebook/xglm-564M,10,3LocalWordSwaps,912,0.9965012073516846
xglm_small,facebook/xglm-564M,10,3LocalWordSwaps,913,0.9970475435256958
xglm_small,facebook/xglm-564M,10,3LocalWordSwaps,914,0.9978610873222351
xglm_small,facebook/xglm-564M,10,3LocalWordSwaps,915,0.9964442849159241
xglm_small,facebook/xglm-564M,10,3LocalWordSwaps,916,0.9974912405014038
xglm_small,facebook/xglm-564M,10,3LocalWordSwaps,917,0.9967173933982849
xglm_small,facebook/xglm-564M,10,3LocalWordSwaps,918,0.9962447881698608
xglm_small,facebook/xglm-564M,10,3LocalWordSwaps,919,0.9970182180404663
xglm_small,facebook/xglm-564M,10,3LocalWordSwaps,920,0.9962962865829468
xglm_small,facebook/xglm-564M,10,3LocalWordSwaps,921,0.9970335960388184
xglm_small,facebook/xglm-564M,10,3LocalWordSwaps,922,0.9974600076675415
xglm_small,facebook/xglm-564M,10,3LocalWordSwaps,923,0.9978066682815552
xglm_small,facebook/xglm-564M,10,3LocalWordSwaps,924,0.9958590269088745
xglm_small,facebook/xglm-564M,10,3LocalWordSwaps,925,0.9967643022537231
xglm_small,facebook/xglm-564M,10,3LocalWordSwaps,926,0.9981029033660889
xglm_small,facebook/xglm-564M,10,3LocalWordSwaps,927,0.9970744252204895
xglm_small,facebook/xglm-564M,10,3LocalWordSwaps,928,0.9966162443161011
xglm_small,facebook/xglm-564M,10,3LocalWordSwaps,929,0.9962753057479858
xglm_small,facebook/xglm-564M,10,3LocalWordSwaps,930,0.9976612329483032
xglm_small,facebook/xglm-564M,10,3LocalWordSwaps,931,0.9977315664291382
xglm_small,facebook/xglm-564M,10,3LocalWordSwaps,932,0.9961073994636536
xglm_small,facebook/xglm-564M,10,3LocalWordSwaps,933,0.9978768825531006
xglm_small,facebook/xglm-564M,10,3LocalWordSwaps,934,0.9972736239433289
xglm_small,facebook/xglm-564M,10,3LocalWordSwaps,935,0.9981251358985901
xglm_small,facebook/xglm-564M,10,3LocalWordSwaps,936,0.9970764517784119
xglm_small,facebook/xglm-564M,10,3LocalWordSwaps,937,0.9972743988037109
xglm_small,facebook/xglm-564M,10,3LocalWordSwaps,938,0.9971018433570862
xglm_small,facebook/xglm-564M,10,3LocalWordSwaps,939,0.9968034625053406
xglm_small,facebook/xglm-564M,10,3LocalWordSwaps,940,0.9973443746566772
xglm_small,facebook/xglm-564M,10,3LocalWordSwaps,941,0.9974606037139893
xglm_small,facebook/xglm-564M,10,3LocalWordSwaps,942,0.997967004776001
xglm_small,facebook/xglm-564M,10,3LocalWordSwaps,943,0.9976397156715393
xglm_small,facebook/xglm-564M,10,3LocalWordSwaps,944,0.9962657690048218
xglm_small,facebook/xglm-564M,10,3LocalWordSwaps,945,0.9976113438606262
xglm_small,facebook/xglm-564M,10,3LocalWordSwaps,946,0.9974340200424194
xglm_small,facebook/xglm-564M,10,3LocalWordSwaps,947,0.9976281523704529
xglm_small,facebook/xglm-564M,10,3LocalWordSwaps,948,0.9970966577529907
xglm_small,facebook/xglm-564M,10,3LocalWordSwaps,949,0.998126745223999
xglm_small,facebook/xglm-564M,10,3LocalWordSwaps,950,0.9975456595420837
xglm_small,facebook/xglm-564M,10,3LocalWordSwaps,951,0.9973189830780029
xglm_small,facebook/xglm-564M,10,3LocalWordSwaps,952,0.9958962202072144
xglm_small,facebook/xglm-564M,10,3LocalWordSwaps,953,0.9971371293067932
xglm_small,facebook/xglm-564M,10,3LocalWordSwaps,954,0.9978148937225342
xglm_small,facebook/xglm-564M,10,3LocalWordSwaps,955,0.9977366328239441
xglm_small,facebook/xglm-564M,10,3LocalWordSwaps,956,0.9977736473083496
xglm_small,facebook/xglm-564M,10,3LocalWordSwaps,957,0.9971440434455872
xglm_small,facebook/xglm-564M,10,3LocalWordSwaps,958,0.9969326257705688
xglm_small,facebook/xglm-564M,10,3LocalWordSwaps,959,0.9962503910064697
xglm_small,facebook/xglm-564M,10,3LocalWordSwaps,960,0.9975647330284119
xglm_small,facebook/xglm-564M,10,3LocalWordSwaps,961,0.9975519180297852
xglm_small,facebook/xglm-564M,10,3LocalWordSwaps,962,0.9977394342422485
xglm_small,facebook/xglm-564M,10,3LocalWordSwaps,963,0.9998308420181274
xglm_small,facebook/xglm-564M,10,3LocalWordSwaps,964,0.997662365436554
xglm_small,facebook/xglm-564M,10,3LocalWordSwaps,965,0.997934877872467
xglm_small,facebook/xglm-564M,10,3LocalWordSwaps,966,0.9972786903381348
xglm_small,facebook/xglm-564M,10,3LocalWordSwaps,967,0.9968581199645996
xglm_small,facebook/xglm-564M,10,3LocalWordSwaps,968,0.9966685771942139
xglm_small,facebook/xglm-564M,10,3LocalWordSwaps,969,0.9967420697212219
xglm_small,facebook/xglm-564M,10,3LocalWordSwaps,970,0.9962531328201294
xglm_small,facebook/xglm-564M,10,3LocalWordSwaps,971,0.9975436925888062
xglm_small,facebook/xglm-564M,10,3LocalWordSwaps,972,0.9994041323661804
xglm_small,facebook/xglm-564M,10,3LocalWordSwaps,973,0.9965337514877319
xglm_small,facebook/xglm-564M,10,3LocalWordSwaps,974,0.9978319406509399
xglm_small,facebook/xglm-564M,10,3LocalWordSwaps,975,0.9953564405441284
xglm_small,facebook/xglm-564M,10,3LocalWordSwaps,976,0.9970995783805847
xglm_small,facebook/xglm-564M,10,3LocalWordSwaps,977,0.9967659115791321
xglm_small,facebook/xglm-564M,10,3LocalWordSwaps,978,0.9972001910209656
xglm_small,facebook/xglm-564M,10,3LocalWordSwaps,979,0.9974297881126404
xglm_small,facebook/xglm-564M,10,3LocalWordSwaps,980,0.997208833694458
xglm_small,facebook/xglm-564M,10,3LocalWordSwaps,981,0.9976811408996582
xglm_small,facebook/xglm-564M,10,3LocalWordSwaps,982,0.9980506896972656
xglm_small,facebook/xglm-564M,10,3LocalWordSwaps,983,0.9973902702331543
xglm_small,facebook/xglm-564M,10,3LocalWordSwaps,984,0.9964492321014404
xglm_small,facebook/xglm-564M,10,3LocalWordSwaps,985,0.9972553253173828
xglm_small,facebook/xglm-564M,10,3LocalWordSwaps,986,0.9961695671081543
xglm_small,facebook/xglm-564M,10,3LocalWordSwaps,987,0.9971067905426025
xglm_small,facebook/xglm-564M,10,3LocalWordSwaps,988,0.9970901012420654
xglm_small,facebook/xglm-564M,10,3LocalWordSwaps,989,0.996509313583374
xglm_small,facebook/xglm-564M,10,3LocalWordSwaps,990,0.9966697692871094
xglm_small,facebook/xglm-564M,10,3LocalWordSwaps,991,0.9986456632614136
xglm_small,facebook/xglm-564M,10,3LocalWordSwaps,992,0.9995909929275513
xglm_small,facebook/xglm-564M,10,3LocalWordSwaps,993,0.9992516040802002
xglm_small,facebook/xglm-564M,10,3LocalWordSwaps,994,0.9962328672409058
xglm_small,facebook/xglm-564M,10,3LocalWordSwaps,995,0.995459794998169
xglm_small,facebook/xglm-564M,10,3LocalWordSwaps,996,0.9967552423477173
xglm_small,facebook/xglm-564M,10,3LocalWordSwaps,997,0.9977936148643494
xglm_small,facebook/xglm-564M,10,3LocalWordSwaps,998,0.9977750182151794
xglm_small,facebook/xglm-564M,10,3LocalWordSwaps,999,0.9951663017272949
xglm_small,facebook/xglm-564M,10,4LocalWordSwaps,0,0.9965702295303345
xglm_small,facebook/xglm-564M,10,4LocalWordSwaps,1,0.9991870522499084
xglm_small,facebook/xglm-564M,10,4LocalWordSwaps,2,0.9974517226219177
xglm_small,facebook/xglm-564M,10,4LocalWordSwaps,3,0.9969726800918579
xglm_small,facebook/xglm-564M,10,4LocalWordSwaps,4,0.997870922088623
xglm_small,facebook/xglm-564M,10,4LocalWordSwaps,5,0.9975868463516235
xglm_small,facebook/xglm-564M,10,4LocalWordSwaps,6,0.9958264827728271
xglm_small,facebook/xglm-564M,10,4LocalWordSwaps,7,0.9978144764900208
xglm_small,facebook/xglm-564M,10,4LocalWordSwaps,8,0.9995144605636597
xglm_small,facebook/xglm-564M,10,4LocalWordSwaps,9,0.9978423118591309
xglm_small,facebook/xglm-564M,10,4LocalWordSwaps,10,0.9972045421600342
xglm_small,facebook/xglm-564M,10,4LocalWordSwaps,11,0.996234655380249
xglm_small,facebook/xglm-564M,10,4LocalWordSwaps,12,0.9978840947151184
xglm_small,facebook/xglm-564M,10,4LocalWordSwaps,13,0.9965250492095947
xglm_small,facebook/xglm-564M,10,4LocalWordSwaps,14,0.9969013929367065
xglm_small,facebook/xglm-564M,10,4LocalWordSwaps,15,0.9977074861526489
xglm_small,facebook/xglm-564M,10,4LocalWordSwaps,16,0.9979389905929565
xglm_small,facebook/xglm-564M,10,4LocalWordSwaps,17,0.9978505969047546
xglm_small,facebook/xglm-564M,10,4LocalWordSwaps,18,0.9970590472221375
xglm_small,facebook/xglm-564M,10,4LocalWordSwaps,19,0.9966543912887573
xglm_small,facebook/xglm-564M,10,4LocalWordSwaps,20,0.9976919293403625
xglm_small,facebook/xglm-564M,10,4LocalWordSwaps,21,0.9972177147865295
xglm_small,facebook/xglm-564M,10,4LocalWordSwaps,22,0.9978146553039551
xglm_small,facebook/xglm-564M,10,4LocalWordSwaps,23,0.9976862668991089
xglm_small,facebook/xglm-564M,10,4LocalWordSwaps,24,0.9975171685218811
xglm_small,facebook/xglm-564M,10,4LocalWordSwaps,25,0.9975858926773071
xglm_small,facebook/xglm-564M,10,4LocalWordSwaps,26,0.9973866939544678
xglm_small,facebook/xglm-564M,10,4LocalWordSwaps,27,0.9972999691963196
xglm_small,facebook/xglm-564M,10,4LocalWordSwaps,28,0.9968588352203369
xglm_small,facebook/xglm-564M,10,4LocalWordSwaps,29,0.9966485500335693
xglm_small,facebook/xglm-564M,10,4LocalWordSwaps,30,0.9964523315429688
xglm_small,facebook/xglm-564M,10,4LocalWordSwaps,31,0.9972920417785645
xglm_small,facebook/xglm-564M,10,4LocalWordSwaps,32,0.9974538683891296
xglm_small,facebook/xglm-564M,10,4LocalWordSwaps,33,0.9995197057723999
xglm_small,facebook/xglm-564M,10,4LocalWordSwaps,34,0.9970062375068665
xglm_small,facebook/xglm-564M,10,4LocalWordSwaps,35,0.9975215196609497
xglm_small,facebook/xglm-564M,10,4LocalWordSwaps,36,0.9970872402191162
xglm_small,facebook/xglm-564M,10,4LocalWordSwaps,37,0.9964809417724609
xglm_small,facebook/xglm-564M,10,4LocalWordSwaps,38,0.9973924160003662
xglm_small,facebook/xglm-564M,10,4LocalWordSwaps,39,0.9972164034843445
xglm_small,facebook/xglm-564M,10,4LocalWordSwaps,40,0.9971206188201904
xglm_small,facebook/xglm-564M,10,4LocalWordSwaps,41,0.9970572590827942
xglm_small,facebook/xglm-564M,10,4LocalWordSwaps,42,0.9973745346069336
xglm_small,facebook/xglm-564M,10,4LocalWordSwaps,43,0.9974441528320312
xglm_small,facebook/xglm-564M,10,4LocalWordSwaps,44,0.9972571730613708
xglm_small,facebook/xglm-564M,10,4LocalWordSwaps,45,0.9973201751708984
xglm_small,facebook/xglm-564M,10,4LocalWordSwaps,46,0.99803626537323
xglm_small,facebook/xglm-564M,10,4LocalWordSwaps,47,0.9970762729644775
xglm_small,facebook/xglm-564M,10,4LocalWordSwaps,48,0.9976639151573181
xglm_small,facebook/xglm-564M,10,4LocalWordSwaps,49,0.9971533417701721
xglm_small,facebook/xglm-564M,10,4LocalWordSwaps,50,0.9973728656768799
xglm_small,facebook/xglm-564M,10,4LocalWordSwaps,51,0.9974833726882935
xglm_small,facebook/xglm-564M,10,4LocalWordSwaps,52,0.9978984594345093
xglm_small,facebook/xglm-564M,10,4LocalWordSwaps,53,0.9977954626083374
xglm_small,facebook/xglm-564M,10,4LocalWordSwaps,54,0.9975253939628601
xglm_small,facebook/xglm-564M,10,4LocalWordSwaps,55,0.9978803992271423
xglm_small,facebook/xglm-564M,10,4LocalWordSwaps,56,0.9976915121078491
xglm_small,facebook/xglm-564M,10,4LocalWordSwaps,57,0.9967018365859985
xglm_small,facebook/xglm-564M,10,4LocalWordSwaps,58,0.9975859522819519
xglm_small,facebook/xglm-564M,10,4LocalWordSwaps,59,0.9978893995285034
xglm_small,facebook/xglm-564M,10,4LocalWordSwaps,60,0.9976239204406738
xglm_small,facebook/xglm-564M,10,4LocalWordSwaps,61,0.9973167777061462
xglm_small,facebook/xglm-564M,10,4LocalWordSwaps,62,0.9995653629302979
xglm_small,facebook/xglm-564M,10,4LocalWordSwaps,63,0.9957236051559448
xglm_small,facebook/xglm-564M,10,4LocalWordSwaps,64,0.9966627359390259
xglm_small,facebook/xglm-564M,10,4LocalWordSwaps,65,0.996638834476471
xglm_small,facebook/xglm-564M,10,4LocalWordSwaps,66,0.9973827600479126
xglm_small,facebook/xglm-564M,10,4LocalWordSwaps,67,0.9973650574684143
xglm_small,facebook/xglm-564M,10,4LocalWordSwaps,68,0.9974889159202576
xglm_small,facebook/xglm-564M,10,4LocalWordSwaps,69,0.9975432753562927
xglm_small,facebook/xglm-564M,10,4LocalWordSwaps,70,0.9974418878555298
xglm_small,facebook/xglm-564M,10,4LocalWordSwaps,71,0.9976804256439209
xglm_small,facebook/xglm-564M,10,4LocalWordSwaps,72,0.9980067610740662
xglm_small,facebook/xglm-564M,10,4LocalWordSwaps,73,0.9960280060768127
xglm_small,facebook/xglm-564M,10,4LocalWordSwaps,74,0.9973184466362
xglm_small,facebook/xglm-564M,10,4LocalWordSwaps,75,0.9967787265777588
xglm_small,facebook/xglm-564M,10,4LocalWordSwaps,76,0.9969451427459717
xglm_small,facebook/xglm-564M,10,4LocalWordSwaps,77,0.9979443550109863
xglm_small,facebook/xglm-564M,10,4LocalWordSwaps,78,0.9965611696243286
xglm_small,facebook/xglm-564M,10,4LocalWordSwaps,79,0.9962570667266846
xglm_small,facebook/xglm-564M,10,4LocalWordSwaps,80,0.9973673820495605
xglm_small,facebook/xglm-564M,10,4LocalWordSwaps,81,0.9994218945503235
xglm_small,facebook/xglm-564M,10,4LocalWordSwaps,82,0.9958280324935913
xglm_small,facebook/xglm-564M,10,4LocalWordSwaps,83,0.9963655471801758
xglm_small,facebook/xglm-564M,10,4LocalWordSwaps,84,0.9969941973686218
xglm_small,facebook/xglm-564M,10,4LocalWordSwaps,85,0.9974525570869446
xglm_small,facebook/xglm-564M,10,4LocalWordSwaps,86,0.9970558285713196
xglm_small,facebook/xglm-564M,10,4LocalWordSwaps,87,0.9975691437721252
xglm_small,facebook/xglm-564M,10,4LocalWordSwaps,88,0.9974919557571411
xglm_small,facebook/xglm-564M,10,4LocalWordSwaps,89,0.9973906874656677
xglm_small,facebook/xglm-564M,10,4LocalWordSwaps,90,0.9993513226509094
xglm_small,facebook/xglm-564M,10,4LocalWordSwaps,91,0.9975353479385376
xglm_small,facebook/xglm-564M,10,4LocalWordSwaps,92,0.9974199533462524
xglm_small,facebook/xglm-564M,10,4LocalWordSwaps,93,0.9972410798072815
xglm_small,facebook/xglm-564M,10,4LocalWordSwaps,94,0.9964273571968079
xglm_small,facebook/xglm-564M,10,4LocalWordSwaps,95,0.9977529644966125
xglm_small,facebook/xglm-564M,10,4LocalWordSwaps,96,0.9963294267654419
xglm_small,facebook/xglm-564M,10,4LocalWordSwaps,97,0.9970274567604065
xglm_small,facebook/xglm-564M,10,4LocalWordSwaps,98,0.997208297252655
xglm_small,facebook/xglm-564M,10,4LocalWordSwaps,99,0.9977518916130066
xglm_small,facebook/xglm-564M,10,4LocalWordSwaps,100,0.995695948600769
xglm_small,facebook/xglm-564M,10,4LocalWordSwaps,101,0.9971375465393066
xglm_small,facebook/xglm-564M,10,4LocalWordSwaps,102,0.9969164729118347
xglm_small,facebook/xglm-564M,10,4LocalWordSwaps,103,0.9995955228805542
xglm_small,facebook/xglm-564M,10,4LocalWordSwaps,104,0.9970299005508423
xglm_small,facebook/xglm-564M,10,4LocalWordSwaps,105,0.9972765445709229
xglm_small,facebook/xglm-564M,10,4LocalWordSwaps,106,0.9973228573799133
xglm_small,facebook/xglm-564M,10,4LocalWordSwaps,107,0.9973316192626953
xglm_small,facebook/xglm-564M,10,4LocalWordSwaps,108,0.9970882534980774
xglm_small,facebook/xglm-564M,10,4LocalWordSwaps,109,0.9977972507476807
xglm_small,facebook/xglm-564M,10,4LocalWordSwaps,110,0.9972228407859802
xglm_small,facebook/xglm-564M,10,4LocalWordSwaps,111,0.9974880814552307
xglm_small,facebook/xglm-564M,10,4LocalWordSwaps,112,0.9975615739822388
xglm_small,facebook/xglm-564M,10,4LocalWordSwaps,113,0.9967454671859741
xglm_small,facebook/xglm-564M,10,4LocalWordSwaps,114,0.9969646334648132
xglm_small,facebook/xglm-564M,10,4LocalWordSwaps,115,0.9976819753646851
xglm_small,facebook/xglm-564M,10,4LocalWordSwaps,116,0.9965168237686157
xglm_small,facebook/xglm-564M,10,4LocalWordSwaps,117,0.9967423677444458
xglm_small,facebook/xglm-564M,10,4LocalWordSwaps,118,0.9975264072418213
xglm_small,facebook/xglm-564M,10,4LocalWordSwaps,119,0.9974241852760315
xglm_small,facebook/xglm-564M,10,4LocalWordSwaps,120,0.9969733953475952
xglm_small,facebook/xglm-564M,10,4LocalWordSwaps,121,0.9954750537872314
xglm_small,facebook/xglm-564M,10,4LocalWordSwaps,122,0.9968435764312744
xglm_small,facebook/xglm-564M,10,4LocalWordSwaps,123,0.9965094327926636
xglm_small,facebook/xglm-564M,10,4LocalWordSwaps,124,0.9967090487480164
xglm_small,facebook/xglm-564M,10,4LocalWordSwaps,125,0.9958713054656982
xglm_small,facebook/xglm-564M,10,4LocalWordSwaps,126,0.9972070455551147
xglm_small,facebook/xglm-564M,10,4LocalWordSwaps,127,0.9969174265861511
xglm_small,facebook/xglm-564M,10,4LocalWordSwaps,128,0.9977552890777588
xglm_small,facebook/xglm-564M,10,4LocalWordSwaps,129,0.997511088848114
xglm_small,facebook/xglm-564M,10,4LocalWordSwaps,130,0.997774600982666
xglm_small,facebook/xglm-564M,10,4LocalWordSwaps,131,0.9951871633529663
xglm_small,facebook/xglm-564M,10,4LocalWordSwaps,132,0.9963148236274719
xglm_small,facebook/xglm-564M,10,4LocalWordSwaps,133,0.9942823648452759
xglm_small,facebook/xglm-564M,10,4LocalWordSwaps,134,0.9969214200973511
xglm_small,facebook/xglm-564M,10,4LocalWordSwaps,135,0.997261643409729
xglm_small,facebook/xglm-564M,10,4LocalWordSwaps,136,0.9958816170692444
xglm_small,facebook/xglm-564M,10,4LocalWordSwaps,137,0.9961299896240234
xglm_small,facebook/xglm-564M,10,4LocalWordSwaps,138,0.9970423579216003
xglm_small,facebook/xglm-564M,10,4LocalWordSwaps,139,0.996941328048706
xglm_small,facebook/xglm-564M,10,4LocalWordSwaps,140,0.9973602294921875
xglm_small,facebook/xglm-564M,10,4LocalWordSwaps,141,0.9970291256904602
xglm_small,facebook/xglm-564M,10,4LocalWordSwaps,142,0.9973858594894409
xglm_small,facebook/xglm-564M,10,4LocalWordSwaps,143,0.9963451027870178
xglm_small,facebook/xglm-564M,10,4LocalWordSwaps,144,0.9977719783782959
xglm_small,facebook/xglm-564M,10,4LocalWordSwaps,145,0.9981579184532166
xglm_small,facebook/xglm-564M,10,4LocalWordSwaps,146,0.9975565671920776
xglm_small,facebook/xglm-564M,10,4LocalWordSwaps,147,0.9969252347946167
xglm_small,facebook/xglm-564M,10,4LocalWordSwaps,148,0.9975554347038269
xglm_small,facebook/xglm-564M,10,4LocalWordSwaps,149,0.9975038170814514
xglm_small,facebook/xglm-564M,10,4LocalWordSwaps,150,0.9970586895942688
xglm_small,facebook/xglm-564M,10,4LocalWordSwaps,151,0.9966589212417603
xglm_small,facebook/xglm-564M,10,4LocalWordSwaps,152,0.9969712495803833
xglm_small,facebook/xglm-564M,10,4LocalWordSwaps,153,0.9977558851242065
xglm_small,facebook/xglm-564M,10,4LocalWordSwaps,154,0.9966853857040405
xglm_small,facebook/xglm-564M,10,4LocalWordSwaps,155,0.9973776340484619
xglm_small,facebook/xglm-564M,10,4LocalWordSwaps,156,0.9978715777397156
xglm_small,facebook/xglm-564M,10,4LocalWordSwaps,157,0.9971044063568115
xglm_small,facebook/xglm-564M,10,4LocalWordSwaps,158,0.9973118901252747
xglm_small,facebook/xglm-564M,10,4LocalWordSwaps,159,0.9972243905067444
xglm_small,facebook/xglm-564M,10,4LocalWordSwaps,160,0.999295711517334
xglm_small,facebook/xglm-564M,10,4LocalWordSwaps,161,0.9981241822242737
xglm_small,facebook/xglm-564M,10,4LocalWordSwaps,162,0.9969140887260437
xglm_small,facebook/xglm-564M,10,4LocalWordSwaps,163,0.9973437786102295
xglm_small,facebook/xglm-564M,10,4LocalWordSwaps,164,0.9975882172584534
xglm_small,facebook/xglm-564M,10,4LocalWordSwaps,165,0.9978418350219727
xglm_small,facebook/xglm-564M,10,4LocalWordSwaps,166,0.9978485107421875
xglm_small,facebook/xglm-564M,10,4LocalWordSwaps,167,0.9973630905151367
xglm_small,facebook/xglm-564M,10,4LocalWordSwaps,168,0.9973905086517334
xglm_small,facebook/xglm-564M,10,4LocalWordSwaps,169,0.9975770711898804
xglm_small,facebook/xglm-564M,10,4LocalWordSwaps,170,0.9972557425498962
xglm_small,facebook/xglm-564M,10,4LocalWordSwaps,171,0.997647762298584
xglm_small,facebook/xglm-564M,10,4LocalWordSwaps,172,0.997578501701355
xglm_small,facebook/xglm-564M,10,4LocalWordSwaps,173,0.9962430000305176
xglm_small,facebook/xglm-564M,10,4LocalWordSwaps,174,0.9984149932861328
xglm_small,facebook/xglm-564M,10,4LocalWordSwaps,175,0.9971379041671753
xglm_small,facebook/xglm-564M,10,4LocalWordSwaps,176,0.9961352348327637
xglm_small,facebook/xglm-564M,10,4LocalWordSwaps,177,0.9960899949073792
xglm_small,facebook/xglm-564M,10,4LocalWordSwaps,178,0.9960993528366089
xglm_small,facebook/xglm-564M,10,4LocalWordSwaps,179,0.9964474439620972
xglm_small,facebook/xglm-564M,10,4LocalWordSwaps,180,0.9967824220657349
xglm_small,facebook/xglm-564M,10,4LocalWordSwaps,181,0.9974969625473022
xglm_small,facebook/xglm-564M,10,4LocalWordSwaps,182,0.9974305033683777
xglm_small,facebook/xglm-564M,10,4LocalWordSwaps,183,0.9954005479812622
xglm_small,facebook/xglm-564M,10,4LocalWordSwaps,184,0.995880126953125
xglm_small,facebook/xglm-564M,10,4LocalWordSwaps,185,0.9973888397216797
xglm_small,facebook/xglm-564M,10,4LocalWordSwaps,186,0.9960529804229736
xglm_small,facebook/xglm-564M,10,4LocalWordSwaps,187,0.9966015219688416
xglm_small,facebook/xglm-564M,10,4LocalWordSwaps,188,0.9975777864456177
xglm_small,facebook/xglm-564M,10,4LocalWordSwaps,189,0.9963419437408447
xglm_small,facebook/xglm-564M,10,4LocalWordSwaps,190,0.9974509477615356
xglm_small,facebook/xglm-564M,10,4LocalWordSwaps,191,0.9974281191825867
xglm_small,facebook/xglm-564M,10,4LocalWordSwaps,192,0.9983816742897034
xglm_small,facebook/xglm-564M,10,4LocalWordSwaps,193,0.997144877910614
xglm_small,facebook/xglm-564M,10,4LocalWordSwaps,194,0.9961534738540649
xglm_small,facebook/xglm-564M,10,4LocalWordSwaps,195,0.9974920153617859
xglm_small,facebook/xglm-564M,10,4LocalWordSwaps,196,0.9969189167022705
xglm_small,facebook/xglm-564M,10,4LocalWordSwaps,197,0.9943779706954956
xglm_small,facebook/xglm-564M,10,4LocalWordSwaps,198,0.997248113155365
xglm_small,facebook/xglm-564M,10,4LocalWordSwaps,199,0.9972901940345764
xglm_small,facebook/xglm-564M,10,4LocalWordSwaps,200,0.9970704317092896
xglm_small,facebook/xglm-564M,10,4LocalWordSwaps,201,0.9962261915206909
xglm_small,facebook/xglm-564M,10,4LocalWordSwaps,202,0.997832715511322
xglm_small,facebook/xglm-564M,10,4LocalWordSwaps,203,0.9965184330940247
xglm_small,facebook/xglm-564M,10,4LocalWordSwaps,204,0.9974337816238403
xglm_small,facebook/xglm-564M,10,4LocalWordSwaps,205,0.9975221157073975
xglm_small,facebook/xglm-564M,10,4LocalWordSwaps,206,0.9959849715232849
xglm_small,facebook/xglm-564M,10,4LocalWordSwaps,207,0.9960764646530151
xglm_small,facebook/xglm-564M,10,4LocalWordSwaps,208,0.995694637298584
xglm_small,facebook/xglm-564M,10,4LocalWordSwaps,209,0.9969274997711182
xglm_small,facebook/xglm-564M,10,4LocalWordSwaps,210,0.9968324899673462
xglm_small,facebook/xglm-564M,10,4LocalWordSwaps,211,0.9971238374710083
xglm_small,facebook/xglm-564M,10,4LocalWordSwaps,212,0.9958752393722534
xglm_small,facebook/xglm-564M,10,4LocalWordSwaps,213,0.9962973594665527
xglm_small,facebook/xglm-564M,10,4LocalWordSwaps,214,0.9980130195617676
xglm_small,facebook/xglm-564M,10,4LocalWordSwaps,215,0.998401939868927
xglm_small,facebook/xglm-564M,10,4LocalWordSwaps,216,0.9975460767745972
xglm_small,facebook/xglm-564M,10,4LocalWordSwaps,217,0.997532308101654
xglm_small,facebook/xglm-564M,10,4LocalWordSwaps,218,0.9985607862472534
xglm_small,facebook/xglm-564M,10,4LocalWordSwaps,219,0.9964662194252014
xglm_small,facebook/xglm-564M,10,4LocalWordSwaps,220,0.9960018992424011
xglm_small,facebook/xglm-564M,10,4LocalWordSwaps,221,0.9980365037918091
xglm_small,facebook/xglm-564M,10,4LocalWordSwaps,222,0.9983252882957458
xglm_small,facebook/xglm-564M,10,4LocalWordSwaps,223,0.9954754114151001
xglm_small,facebook/xglm-564M,10,4LocalWordSwaps,224,0.9983777403831482
xglm_small,facebook/xglm-564M,10,4LocalWordSwaps,225,0.9980381727218628
xglm_small,facebook/xglm-564M,10,4LocalWordSwaps,226,0.997444212436676
xglm_small,facebook/xglm-564M,10,4LocalWordSwaps,227,0.998210072517395
xglm_small,facebook/xglm-564M,10,4LocalWordSwaps,228,0.9970254302024841
xglm_small,facebook/xglm-564M,10,4LocalWordSwaps,229,0.9980228543281555
xglm_small,facebook/xglm-564M,10,4LocalWordSwaps,230,0.9969298839569092
xglm_small,facebook/xglm-564M,10,4LocalWordSwaps,231,0.9969480037689209
xglm_small,facebook/xglm-564M,10,4LocalWordSwaps,232,0.9968016147613525
xglm_small,facebook/xglm-564M,10,4LocalWordSwaps,233,0.9978907108306885
xglm_small,facebook/xglm-564M,10,4LocalWordSwaps,234,0.9976781010627747
xglm_small,facebook/xglm-564M,10,4LocalWordSwaps,235,0.9976968169212341
xglm_small,facebook/xglm-564M,10,4LocalWordSwaps,236,0.9982314109802246
xglm_small,facebook/xglm-564M,10,4LocalWordSwaps,237,0.9974550604820251
xglm_small,facebook/xglm-564M,10,4LocalWordSwaps,238,0.9980987906455994
xglm_small,facebook/xglm-564M,10,4LocalWordSwaps,239,0.99797123670578
xglm_small,facebook/xglm-564M,10,4LocalWordSwaps,240,0.9979952573776245
xglm_small,facebook/xglm-564M,10,4LocalWordSwaps,241,0.997065544128418
xglm_small,facebook/xglm-564M,10,4LocalWordSwaps,242,0.9964736104011536
xglm_small,facebook/xglm-564M,10,4LocalWordSwaps,243,0.9970118403434753
xglm_small,facebook/xglm-564M,10,4LocalWordSwaps,244,0.9979671835899353
xglm_small,facebook/xglm-564M,10,4LocalWordSwaps,245,0.9976274967193604
xglm_small,facebook/xglm-564M,10,4LocalWordSwaps,246,0.9975355863571167
xglm_small,facebook/xglm-564M,10,4LocalWordSwaps,247,0.9973646402359009
xglm_small,facebook/xglm-564M,10,4LocalWordSwaps,248,0.9974236488342285
xglm_small,facebook/xglm-564M,10,4LocalWordSwaps,249,0.9979112148284912
xglm_small,facebook/xglm-564M,10,4LocalWordSwaps,250,0.9980598092079163
xglm_small,facebook/xglm-564M,10,4LocalWordSwaps,251,0.9981186985969543
xglm_small,facebook/xglm-564M,10,4LocalWordSwaps,252,0.9977818727493286
xglm_small,facebook/xglm-564M,10,4LocalWordSwaps,253,0.9981947541236877
xglm_small,facebook/xglm-564M,10,4LocalWordSwaps,254,0.9972555041313171
xglm_small,facebook/xglm-564M,10,4LocalWordSwaps,255,0.9973134398460388
xglm_small,facebook/xglm-564M,10,4LocalWordSwaps,256,0.9977935552597046
xglm_small,facebook/xglm-564M,10,4LocalWordSwaps,257,0.9967924356460571
xglm_small,facebook/xglm-564M,10,4LocalWordSwaps,258,0.9978723526000977
xglm_small,facebook/xglm-564M,10,4LocalWordSwaps,259,0.998103141784668
xglm_small,facebook/xglm-564M,10,4LocalWordSwaps,260,0.9976087808609009
xglm_small,facebook/xglm-564M,10,4LocalWordSwaps,261,0.9973931908607483
xglm_small,facebook/xglm-564M,10,4LocalWordSwaps,262,0.9974375367164612
xglm_small,facebook/xglm-564M,10,4LocalWordSwaps,263,0.9975918531417847
xglm_small,facebook/xglm-564M,10,4LocalWordSwaps,264,0.998532772064209
xglm_small,facebook/xglm-564M,10,4LocalWordSwaps,265,0.9950251579284668
xglm_small,facebook/xglm-564M,10,4LocalWordSwaps,266,0.9964123964309692
xglm_small,facebook/xglm-564M,10,4LocalWordSwaps,267,0.996490478515625
xglm_small,facebook/xglm-564M,10,4LocalWordSwaps,268,0.9966272115707397
xglm_small,facebook/xglm-564M,10,4LocalWordSwaps,269,0.9968967437744141
xglm_small,facebook/xglm-564M,10,4LocalWordSwaps,270,0.9980241060256958
xglm_small,facebook/xglm-564M,10,4LocalWordSwaps,271,0.9965937733650208
xglm_small,facebook/xglm-564M,10,4LocalWordSwaps,272,0.9983130693435669
xglm_small,facebook/xglm-564M,10,4LocalWordSwaps,273,0.9976376295089722
xglm_small,facebook/xglm-564M,10,4LocalWordSwaps,274,0.9973728656768799
xglm_small,facebook/xglm-564M,10,4LocalWordSwaps,275,0.997229814529419
xglm_small,facebook/xglm-564M,10,4LocalWordSwaps,276,0.997241199016571
xglm_small,facebook/xglm-564M,10,4LocalWordSwaps,277,0.9970998167991638
xglm_small,facebook/xglm-564M,10,4LocalWordSwaps,278,0.9978346228599548
xglm_small,facebook/xglm-564M,10,4LocalWordSwaps,279,0.9972373247146606
xglm_small,facebook/xglm-564M,10,4LocalWordSwaps,280,0.997377336025238
xglm_small,facebook/xglm-564M,10,4LocalWordSwaps,281,0.9971861839294434
xglm_small,facebook/xglm-564M,10,4LocalWordSwaps,282,0.9972848892211914
xglm_small,facebook/xglm-564M,10,4LocalWordSwaps,283,0.9971776604652405
xglm_small,facebook/xglm-564M,10,4LocalWordSwaps,284,0.9963845014572144
xglm_small,facebook/xglm-564M,10,4LocalWordSwaps,285,0.997646689414978
xglm_small,facebook/xglm-564M,10,4LocalWordSwaps,286,0.9969375729560852
xglm_small,facebook/xglm-564M,10,4LocalWordSwaps,287,0.9972262382507324
xglm_small,facebook/xglm-564M,10,4LocalWordSwaps,288,0.9973853230476379
xglm_small,facebook/xglm-564M,10,4LocalWordSwaps,289,0.9976898431777954
xglm_small,facebook/xglm-564M,10,4LocalWordSwaps,290,0.9981498718261719
xglm_small,facebook/xglm-564M,10,4LocalWordSwaps,291,0.9978479743003845
xglm_small,facebook/xglm-564M,10,4LocalWordSwaps,292,0.9977332949638367
xglm_small,facebook/xglm-564M,10,4LocalWordSwaps,293,0.9976930022239685
xglm_small,facebook/xglm-564M,10,4LocalWordSwaps,294,0.9976611733436584
xglm_small,facebook/xglm-564M,10,4LocalWordSwaps,295,0.9970179796218872
xglm_small,facebook/xglm-564M,10,4LocalWordSwaps,296,0.9976725578308105
xglm_small,facebook/xglm-564M,10,4LocalWordSwaps,297,0.9977670311927795
xglm_small,facebook/xglm-564M,10,4LocalWordSwaps,298,0.9977278709411621
xglm_small,facebook/xglm-564M,10,4LocalWordSwaps,299,0.9971866607666016
xglm_small,facebook/xglm-564M,10,4LocalWordSwaps,300,0.9963988661766052
xglm_small,facebook/xglm-564M,10,4LocalWordSwaps,301,0.9979673624038696
xglm_small,facebook/xglm-564M,10,4LocalWordSwaps,302,0.997301459312439
xglm_small,facebook/xglm-564M,10,4LocalWordSwaps,303,0.9973393678665161
xglm_small,facebook/xglm-564M,10,4LocalWordSwaps,304,0.9975274205207825
xglm_small,facebook/xglm-564M,10,4LocalWordSwaps,305,0.997023344039917
xglm_small,facebook/xglm-564M,10,4LocalWordSwaps,306,0.9974430799484253
xglm_small,facebook/xglm-564M,10,4LocalWordSwaps,307,0.9978614449501038
xglm_small,facebook/xglm-564M,10,4LocalWordSwaps,308,0.9969581365585327
xglm_small,facebook/xglm-564M,10,4LocalWordSwaps,309,0.9964330792427063
xglm_small,facebook/xglm-564M,10,4LocalWordSwaps,310,0.9974957704544067
xglm_small,facebook/xglm-564M,10,4LocalWordSwaps,311,0.9979496002197266
xglm_small,facebook/xglm-564M,10,4LocalWordSwaps,312,0.9975621700286865
xglm_small,facebook/xglm-564M,10,4LocalWordSwaps,313,0.996709406375885
xglm_small,facebook/xglm-564M,10,4LocalWordSwaps,314,0.9959670305252075
xglm_small,facebook/xglm-564M,10,4LocalWordSwaps,315,0.9958444833755493
xglm_small,facebook/xglm-564M,10,4LocalWordSwaps,316,0.9974726438522339
xglm_small,facebook/xglm-564M,10,4LocalWordSwaps,317,0.9961779713630676
xglm_small,facebook/xglm-564M,10,4LocalWordSwaps,318,0.9973098039627075
xglm_small,facebook/xglm-564M,10,4LocalWordSwaps,319,0.9973903298377991
xglm_small,facebook/xglm-564M,10,4LocalWordSwaps,320,0.9972527027130127
xglm_small,facebook/xglm-564M,10,4LocalWordSwaps,321,0.9977601766586304
xglm_small,facebook/xglm-564M,10,4LocalWordSwaps,322,0.9978139400482178
xglm_small,facebook/xglm-564M,10,4LocalWordSwaps,323,0.997856616973877
xglm_small,facebook/xglm-564M,10,4LocalWordSwaps,324,0.9978326559066772
xglm_small,facebook/xglm-564M,10,4LocalWordSwaps,325,0.9977041482925415
xglm_small,facebook/xglm-564M,10,4LocalWordSwaps,326,0.9980242848396301
xglm_small,facebook/xglm-564M,10,4LocalWordSwaps,327,0.9974779486656189
xglm_small,facebook/xglm-564M,10,4LocalWordSwaps,328,0.9973397254943848
xglm_small,facebook/xglm-564M,10,4LocalWordSwaps,329,0.9978436231613159
xglm_small,facebook/xglm-564M,10,4LocalWordSwaps,330,0.9980663657188416
xglm_small,facebook/xglm-564M,10,4LocalWordSwaps,331,0.9975157976150513
xglm_small,facebook/xglm-564M,10,4LocalWordSwaps,332,0.997890830039978
xglm_small,facebook/xglm-564M,10,4LocalWordSwaps,333,0.9979552030563354
xglm_small,facebook/xglm-564M,10,4LocalWordSwaps,334,0.9986016154289246
xglm_small,facebook/xglm-564M,10,4LocalWordSwaps,335,0.9985227584838867
xglm_small,facebook/xglm-564M,10,4LocalWordSwaps,336,0.997970461845398
xglm_small,facebook/xglm-564M,10,4LocalWordSwaps,337,0.9976809620857239
xglm_small,facebook/xglm-564M,10,4LocalWordSwaps,338,0.9974732995033264
xglm_small,facebook/xglm-564M,10,4LocalWordSwaps,339,0.9972355365753174
xglm_small,facebook/xglm-564M,10,4LocalWordSwaps,340,0.9968854188919067
xglm_small,facebook/xglm-564M,10,4LocalWordSwaps,341,0.99735426902771
xglm_small,facebook/xglm-564M,10,4LocalWordSwaps,342,0.9972857236862183
xglm_small,facebook/xglm-564M,10,4LocalWordSwaps,343,0.9970831274986267
xglm_small,facebook/xglm-564M,10,4LocalWordSwaps,344,0.9972794651985168
xglm_small,facebook/xglm-564M,10,4LocalWordSwaps,345,0.9978156089782715
xglm_small,facebook/xglm-564M,10,4LocalWordSwaps,346,0.9977104663848877
xglm_small,facebook/xglm-564M,10,4LocalWordSwaps,347,0.9977013468742371
xglm_small,facebook/xglm-564M,10,4LocalWordSwaps,348,0.9962878227233887
xglm_small,facebook/xglm-564M,10,4LocalWordSwaps,349,0.997397780418396
xglm_small,facebook/xglm-564M,10,4LocalWordSwaps,350,0.9973222017288208
xglm_small,facebook/xglm-564M,10,4LocalWordSwaps,351,0.9977359175682068
xglm_small,facebook/xglm-564M,10,4LocalWordSwaps,352,0.9970909357070923
xglm_small,facebook/xglm-564M,10,4LocalWordSwaps,353,0.9971648454666138
xglm_small,facebook/xglm-564M,10,4LocalWordSwaps,354,0.9953784942626953
xglm_small,facebook/xglm-564M,10,4LocalWordSwaps,355,0.9974039793014526
xglm_small,facebook/xglm-564M,10,4LocalWordSwaps,356,0.9969475269317627
xglm_small,facebook/xglm-564M,10,4LocalWordSwaps,357,0.9976038932800293
xglm_small,facebook/xglm-564M,10,4LocalWordSwaps,358,0.9975584745407104
xglm_small,facebook/xglm-564M,10,4LocalWordSwaps,359,0.9970172047615051
xglm_small,facebook/xglm-564M,10,4LocalWordSwaps,360,0.9980576634407043
xglm_small,facebook/xglm-564M,10,4LocalWordSwaps,361,0.9978104829788208
xglm_small,facebook/xglm-564M,10,4LocalWordSwaps,362,0.9963165521621704
xglm_small,facebook/xglm-564M,10,4LocalWordSwaps,363,0.9961282014846802
xglm_small,facebook/xglm-564M,10,4LocalWordSwaps,364,0.9982175827026367
xglm_small,facebook/xglm-564M,10,4LocalWordSwaps,365,0.9964035749435425
xglm_small,facebook/xglm-564M,10,4LocalWordSwaps,366,0.9974123239517212
xglm_small,facebook/xglm-564M,10,4LocalWordSwaps,367,0.9968008399009705
xglm_small,facebook/xglm-564M,10,4LocalWordSwaps,368,0.9975488781929016
xglm_small,facebook/xglm-564M,10,4LocalWordSwaps,369,0.9973933100700378
xglm_small,facebook/xglm-564M,10,4LocalWordSwaps,370,0.997391939163208
xglm_small,facebook/xglm-564M,10,4LocalWordSwaps,371,0.9981285929679871
xglm_small,facebook/xglm-564M,10,4LocalWordSwaps,372,0.9981980919837952
xglm_small,facebook/xglm-564M,10,4LocalWordSwaps,373,0.9981223344802856
xglm_small,facebook/xglm-564M,10,4LocalWordSwaps,374,0.9974273443222046
xglm_small,facebook/xglm-564M,10,4LocalWordSwaps,375,0.9978145956993103
xglm_small,facebook/xglm-564M,10,4LocalWordSwaps,376,0.9971923828125
xglm_small,facebook/xglm-564M,10,4LocalWordSwaps,377,0.9961714744567871
xglm_small,facebook/xglm-564M,10,4LocalWordSwaps,378,0.9981279373168945
xglm_small,facebook/xglm-564M,10,4LocalWordSwaps,379,0.9977854490280151
xglm_small,facebook/xglm-564M,10,4LocalWordSwaps,380,0.9959092736244202
xglm_small,facebook/xglm-564M,10,4LocalWordSwaps,381,0.9964889883995056
xglm_small,facebook/xglm-564M,10,4LocalWordSwaps,382,0.9974566698074341
xglm_small,facebook/xglm-564M,10,4LocalWordSwaps,383,0.9984161257743835
xglm_small,facebook/xglm-564M,10,4LocalWordSwaps,384,0.9993016719818115
xglm_small,facebook/xglm-564M,10,4LocalWordSwaps,385,0.996445894241333
xglm_small,facebook/xglm-564M,10,4LocalWordSwaps,386,0.9963225722312927
xglm_small,facebook/xglm-564M,10,4LocalWordSwaps,387,0.9958471059799194
xglm_small,facebook/xglm-564M,10,4LocalWordSwaps,388,0.9967190027236938
xglm_small,facebook/xglm-564M,10,4LocalWordSwaps,389,0.9975318312644958
xglm_small,facebook/xglm-564M,10,4LocalWordSwaps,390,0.9994786977767944
xglm_small,facebook/xglm-564M,10,4LocalWordSwaps,391,0.9979705810546875
xglm_small,facebook/xglm-564M,10,4LocalWordSwaps,392,0.9985787272453308
xglm_small,facebook/xglm-564M,10,4LocalWordSwaps,393,0.9981750845909119
xglm_small,facebook/xglm-564M,10,4LocalWordSwaps,394,0.9981043934822083
xglm_small,facebook/xglm-564M,10,4LocalWordSwaps,395,0.9970643520355225
xglm_small,facebook/xglm-564M,10,4LocalWordSwaps,396,0.9960981607437134
xglm_small,facebook/xglm-564M,10,4LocalWordSwaps,397,0.997769832611084
xglm_small,facebook/xglm-564M,10,4LocalWordSwaps,398,0.997311532497406
xglm_small,facebook/xglm-564M,10,4LocalWordSwaps,399,0.9969062805175781
xglm_small,facebook/xglm-564M,10,4LocalWordSwaps,400,0.9972093105316162
xglm_small,facebook/xglm-564M,10,4LocalWordSwaps,401,0.9973077178001404
xglm_small,facebook/xglm-564M,10,4LocalWordSwaps,402,0.9969305992126465
xglm_small,facebook/xglm-564M,10,4LocalWordSwaps,403,0.9951828718185425
xglm_small,facebook/xglm-564M,10,4LocalWordSwaps,404,0.9974705576896667
xglm_small,facebook/xglm-564M,10,4LocalWordSwaps,405,0.9973151683807373
xglm_small,facebook/xglm-564M,10,4LocalWordSwaps,406,0.9975609183311462
xglm_small,facebook/xglm-564M,10,4LocalWordSwaps,407,0.9976786971092224
xglm_small,facebook/xglm-564M,10,4LocalWordSwaps,408,0.9969891309738159
xglm_small,facebook/xglm-564M,10,4LocalWordSwaps,409,0.9969042539596558
xglm_small,facebook/xglm-564M,10,4LocalWordSwaps,410,0.9957433938980103
xglm_small,facebook/xglm-564M,10,4LocalWordSwaps,411,0.9976644515991211
xglm_small,facebook/xglm-564M,10,4LocalWordSwaps,412,0.9973932504653931
xglm_small,facebook/xglm-564M,10,4LocalWordSwaps,413,0.9969255924224854
xglm_small,facebook/xglm-564M,10,4LocalWordSwaps,414,0.9978978037834167
xglm_small,facebook/xglm-564M,10,4LocalWordSwaps,415,0.9976646304130554
xglm_small,facebook/xglm-564M,10,4LocalWordSwaps,416,0.9971343874931335
xglm_small,facebook/xglm-564M,10,4LocalWordSwaps,417,0.9979120492935181
xglm_small,facebook/xglm-564M,10,4LocalWordSwaps,418,0.997429370880127
xglm_small,facebook/xglm-564M,10,4LocalWordSwaps,419,0.9976403713226318
xglm_small,facebook/xglm-564M,10,4LocalWordSwaps,420,0.9974510073661804
xglm_small,facebook/xglm-564M,10,4LocalWordSwaps,421,0.9976176619529724
xglm_small,facebook/xglm-564M,10,4LocalWordSwaps,422,0.9973143339157104
xglm_small,facebook/xglm-564M,10,4LocalWordSwaps,423,0.9977989196777344
xglm_small,facebook/xglm-564M,10,4LocalWordSwaps,424,0.9977307915687561
xglm_small,facebook/xglm-564M,10,4LocalWordSwaps,425,0.9977831244468689
xglm_small,facebook/xglm-564M,10,4LocalWordSwaps,426,0.997790515422821
xglm_small,facebook/xglm-564M,10,4LocalWordSwaps,427,0.9962276220321655
xglm_small,facebook/xglm-564M,10,4LocalWordSwaps,428,0.9973320960998535
xglm_small,facebook/xglm-564M,10,4LocalWordSwaps,429,0.9975416660308838
xglm_small,facebook/xglm-564M,10,4LocalWordSwaps,430,0.9961271286010742
xglm_small,facebook/xglm-564M,10,4LocalWordSwaps,431,0.9972000122070312
xglm_small,facebook/xglm-564M,10,4LocalWordSwaps,432,0.9971388578414917
xglm_small,facebook/xglm-564M,10,4LocalWordSwaps,433,0.9980266094207764
xglm_small,facebook/xglm-564M,10,4LocalWordSwaps,434,0.9957619309425354
xglm_small,facebook/xglm-564M,10,4LocalWordSwaps,435,0.9975791573524475
xglm_small,facebook/xglm-564M,10,4LocalWordSwaps,436,0.998255729675293
xglm_small,facebook/xglm-564M,10,4LocalWordSwaps,437,0.9960892200469971
xglm_small,facebook/xglm-564M,10,4LocalWordSwaps,438,0.9965999722480774
xglm_small,facebook/xglm-564M,10,4LocalWordSwaps,439,0.9976093769073486
xglm_small,facebook/xglm-564M,10,4LocalWordSwaps,440,0.9976164102554321
xglm_small,facebook/xglm-564M,10,4LocalWordSwaps,441,0.9973722696304321
xglm_small,facebook/xglm-564M,10,4LocalWordSwaps,442,0.997991681098938
xglm_small,facebook/xglm-564M,10,4LocalWordSwaps,443,0.9982683658599854
xglm_small,facebook/xglm-564M,10,4LocalWordSwaps,444,0.997448205947876
xglm_small,facebook/xglm-564M,10,4LocalWordSwaps,445,0.9952033758163452
xglm_small,facebook/xglm-564M,10,4LocalWordSwaps,446,0.997429370880127
xglm_small,facebook/xglm-564M,10,4LocalWordSwaps,447,0.997359573841095
xglm_small,facebook/xglm-564M,10,4LocalWordSwaps,448,0.9980860948562622
xglm_small,facebook/xglm-564M,10,4LocalWordSwaps,449,0.9972904324531555
xglm_small,facebook/xglm-564M,10,4LocalWordSwaps,450,0.9984766244888306
xglm_small,facebook/xglm-564M,10,4LocalWordSwaps,451,0.9961676597595215
xglm_small,facebook/xglm-564M,10,4LocalWordSwaps,452,0.9970674514770508
xglm_small,facebook/xglm-564M,10,4LocalWordSwaps,453,0.9960163831710815
xglm_small,facebook/xglm-564M,10,4LocalWordSwaps,454,0.9978679418563843
xglm_small,facebook/xglm-564M,10,4LocalWordSwaps,455,0.9973360300064087
xglm_small,facebook/xglm-564M,10,4LocalWordSwaps,456,0.9934841394424438
xglm_small,facebook/xglm-564M,10,4LocalWordSwaps,457,0.996734619140625
xglm_small,facebook/xglm-564M,10,4LocalWordSwaps,458,0.9984643459320068
xglm_small,facebook/xglm-564M,10,4LocalWordSwaps,459,0.997772216796875
xglm_small,facebook/xglm-564M,10,4LocalWordSwaps,460,0.997368574142456
xglm_small,facebook/xglm-564M,10,4LocalWordSwaps,461,0.9980334043502808
xglm_small,facebook/xglm-564M,10,4LocalWordSwaps,462,0.9964023232460022
xglm_small,facebook/xglm-564M,10,4LocalWordSwaps,463,0.9970298409461975
xglm_small,facebook/xglm-564M,10,4LocalWordSwaps,464,0.9975677132606506
xglm_small,facebook/xglm-564M,10,4LocalWordSwaps,465,0.9973537921905518
xglm_small,facebook/xglm-564M,10,4LocalWordSwaps,466,0.9962704181671143
xglm_small,facebook/xglm-564M,10,4LocalWordSwaps,467,0.9967035055160522
xglm_small,facebook/xglm-564M,10,4LocalWordSwaps,468,0.9973435997962952
xglm_small,facebook/xglm-564M,10,4LocalWordSwaps,469,0.997586727142334
xglm_small,facebook/xglm-564M,10,4LocalWordSwaps,470,0.9975686073303223
xglm_small,facebook/xglm-564M,10,4LocalWordSwaps,471,0.9972636699676514
xglm_small,facebook/xglm-564M,10,4LocalWordSwaps,472,0.9974884986877441
xglm_small,facebook/xglm-564M,10,4LocalWordSwaps,473,0.9952360987663269
xglm_small,facebook/xglm-564M,10,4LocalWordSwaps,474,0.9962146282196045
xglm_small,facebook/xglm-564M,10,4LocalWordSwaps,475,0.9967560768127441
xglm_small,facebook/xglm-564M,10,4LocalWordSwaps,476,0.9962433576583862
xglm_small,facebook/xglm-564M,10,4LocalWordSwaps,477,0.9970161318778992
xglm_small,facebook/xglm-564M,10,4LocalWordSwaps,478,0.9973474740982056
xglm_small,facebook/xglm-564M,10,4LocalWordSwaps,479,0.9968331456184387
xglm_small,facebook/xglm-564M,10,4LocalWordSwaps,480,0.9972373247146606
xglm_small,facebook/xglm-564M,10,4LocalWordSwaps,481,0.9979615211486816
xglm_small,facebook/xglm-564M,10,4LocalWordSwaps,482,0.995619535446167
xglm_small,facebook/xglm-564M,10,4LocalWordSwaps,483,0.9971970319747925
xglm_small,facebook/xglm-564M,10,4LocalWordSwaps,484,0.996098518371582
xglm_small,facebook/xglm-564M,10,4LocalWordSwaps,485,0.9958446621894836
xglm_small,facebook/xglm-564M,10,4LocalWordSwaps,486,0.997157633304596
xglm_small,facebook/xglm-564M,10,4LocalWordSwaps,487,0.9978032112121582
xglm_small,facebook/xglm-564M,10,4LocalWordSwaps,488,0.9973497986793518
xglm_small,facebook/xglm-564M,10,4LocalWordSwaps,489,0.9970451593399048
xglm_small,facebook/xglm-564M,10,4LocalWordSwaps,490,0.9965976476669312
xglm_small,facebook/xglm-564M,10,4LocalWordSwaps,491,0.9970805644989014
xglm_small,facebook/xglm-564M,10,4LocalWordSwaps,492,0.9943380951881409
xglm_small,facebook/xglm-564M,10,4LocalWordSwaps,493,0.9975751042366028
xglm_small,facebook/xglm-564M,10,4LocalWordSwaps,494,0.996976375579834
xglm_small,facebook/xglm-564M,10,4LocalWordSwaps,495,0.9971541166305542
xglm_small,facebook/xglm-564M,10,4LocalWordSwaps,496,0.9977660179138184
xglm_small,facebook/xglm-564M,10,4LocalWordSwaps,497,0.9954107403755188
xglm_small,facebook/xglm-564M,10,4LocalWordSwaps,498,0.9963096380233765
xglm_small,facebook/xglm-564M,10,4LocalWordSwaps,499,0.9974786639213562
xglm_small,facebook/xglm-564M,10,4LocalWordSwaps,500,0.9973664283752441
xglm_small,facebook/xglm-564M,10,4LocalWordSwaps,501,0.9973584413528442
xglm_small,facebook/xglm-564M,10,4LocalWordSwaps,502,0.9953815937042236
xglm_small,facebook/xglm-564M,10,4LocalWordSwaps,503,0.9969367980957031
xglm_small,facebook/xglm-564M,10,4LocalWordSwaps,504,0.9973612427711487
xglm_small,facebook/xglm-564M,10,4LocalWordSwaps,505,0.9972350597381592
xglm_small,facebook/xglm-564M,10,4LocalWordSwaps,506,0.9973055124282837
xglm_small,facebook/xglm-564M,10,4LocalWordSwaps,507,0.9962154626846313
xglm_small,facebook/xglm-564M,10,4LocalWordSwaps,508,0.9971343278884888
xglm_small,facebook/xglm-564M,10,4LocalWordSwaps,509,0.9976133108139038
xglm_small,facebook/xglm-564M,10,4LocalWordSwaps,510,0.9958471059799194
xglm_small,facebook/xglm-564M,10,4LocalWordSwaps,511,0.9972114562988281
xglm_small,facebook/xglm-564M,10,4LocalWordSwaps,512,0.9971367120742798
xglm_small,facebook/xglm-564M,10,4LocalWordSwaps,513,0.9961662292480469
xglm_small,facebook/xglm-564M,10,4LocalWordSwaps,514,0.9963841438293457
xglm_small,facebook/xglm-564M,10,4LocalWordSwaps,515,0.9966371655464172
xglm_small,facebook/xglm-564M,10,4LocalWordSwaps,516,0.9964392185211182
xglm_small,facebook/xglm-564M,10,4LocalWordSwaps,517,0.9972283840179443
xglm_small,facebook/xglm-564M,10,4LocalWordSwaps,518,0.9965683221817017
xglm_small,facebook/xglm-564M,10,4LocalWordSwaps,519,0.996778666973114
xglm_small,facebook/xglm-564M,10,4LocalWordSwaps,520,0.9980496764183044
xglm_small,facebook/xglm-564M,10,4LocalWordSwaps,521,0.9965749979019165
xglm_small,facebook/xglm-564M,10,4LocalWordSwaps,522,0.9974654912948608
xglm_small,facebook/xglm-564M,10,4LocalWordSwaps,523,0.9978511333465576
xglm_small,facebook/xglm-564M,10,4LocalWordSwaps,524,0.9966089129447937
xglm_small,facebook/xglm-564M,10,4LocalWordSwaps,525,0.997248649597168
xglm_small,facebook/xglm-564M,10,4LocalWordSwaps,526,0.9970949292182922
xglm_small,facebook/xglm-564M,10,4LocalWordSwaps,527,0.9966251254081726
xglm_small,facebook/xglm-564M,10,4LocalWordSwaps,528,0.996586263179779
xglm_small,facebook/xglm-564M,10,4LocalWordSwaps,529,0.9970818758010864
xglm_small,facebook/xglm-564M,10,4LocalWordSwaps,530,0.9964917898178101
xglm_small,facebook/xglm-564M,10,4LocalWordSwaps,531,0.9968982934951782
xglm_small,facebook/xglm-564M,10,4LocalWordSwaps,532,0.9971876740455627
xglm_small,facebook/xglm-564M,10,4LocalWordSwaps,533,0.9979068040847778
xglm_small,facebook/xglm-564M,10,4LocalWordSwaps,534,0.9968199133872986
xglm_small,facebook/xglm-564M,10,4LocalWordSwaps,535,0.9975429177284241
xglm_small,facebook/xglm-564M,10,4LocalWordSwaps,536,0.9951580166816711
xglm_small,facebook/xglm-564M,10,4LocalWordSwaps,537,0.9967747330665588
xglm_small,facebook/xglm-564M,10,4LocalWordSwaps,538,0.9977100491523743
xglm_small,facebook/xglm-564M,10,4LocalWordSwaps,539,0.996796727180481
xglm_small,facebook/xglm-564M,10,4LocalWordSwaps,540,0.9967893958091736
xglm_small,facebook/xglm-564M,10,4LocalWordSwaps,541,0.9973253011703491
xglm_small,facebook/xglm-564M,10,4LocalWordSwaps,542,0.996703565120697
xglm_small,facebook/xglm-564M,10,4LocalWordSwaps,543,0.9968684911727905
xglm_small,facebook/xglm-564M,10,4LocalWordSwaps,544,0.9978598356246948
xglm_small,facebook/xglm-564M,10,4LocalWordSwaps,545,0.9978240132331848
xglm_small,facebook/xglm-564M,10,4LocalWordSwaps,546,0.9976097345352173
xglm_small,facebook/xglm-564M,10,4LocalWordSwaps,547,0.9978328943252563
xglm_small,facebook/xglm-564M,10,4LocalWordSwaps,548,0.9976562857627869
xglm_small,facebook/xglm-564M,10,4LocalWordSwaps,549,0.9970989227294922
xglm_small,facebook/xglm-564M,10,4LocalWordSwaps,550,0.9961256980895996
xglm_small,facebook/xglm-564M,10,4LocalWordSwaps,551,0.9973236918449402
xglm_small,facebook/xglm-564M,10,4LocalWordSwaps,552,0.997231125831604
xglm_small,facebook/xglm-564M,10,4LocalWordSwaps,553,0.9979205131530762
xglm_small,facebook/xglm-564M,10,4LocalWordSwaps,554,0.9978212118148804
xglm_small,facebook/xglm-564M,10,4LocalWordSwaps,555,0.9980862736701965
xglm_small,facebook/xglm-564M,10,4LocalWordSwaps,556,0.9926640391349792
xglm_small,facebook/xglm-564M,10,4LocalWordSwaps,557,0.9958028197288513
xglm_small,facebook/xglm-564M,10,4LocalWordSwaps,558,0.9962952136993408
xglm_small,facebook/xglm-564M,10,4LocalWordSwaps,559,0.9969578981399536
xglm_small,facebook/xglm-564M,10,4LocalWordSwaps,560,0.9977228045463562
xglm_small,facebook/xglm-564M,10,4LocalWordSwaps,561,0.9972336888313293
xglm_small,facebook/xglm-564M,10,4LocalWordSwaps,562,0.9970288276672363
xglm_small,facebook/xglm-564M,10,4LocalWordSwaps,563,0.9972290992736816
xglm_small,facebook/xglm-564M,10,4LocalWordSwaps,564,0.9965944290161133
xglm_small,facebook/xglm-564M,10,4LocalWordSwaps,565,0.9972947835922241
xglm_small,facebook/xglm-564M,10,4LocalWordSwaps,566,0.9995079636573792
xglm_small,facebook/xglm-564M,10,4LocalWordSwaps,567,0.9996299743652344
xglm_small,facebook/xglm-564M,10,4LocalWordSwaps,568,0.9973229169845581
xglm_small,facebook/xglm-564M,10,4LocalWordSwaps,569,0.9991595149040222
xglm_small,facebook/xglm-564M,10,4LocalWordSwaps,570,0.997753381729126
xglm_small,facebook/xglm-564M,10,4LocalWordSwaps,571,0.9959322214126587
xglm_small,facebook/xglm-564M,10,4LocalWordSwaps,572,0.9965160489082336
xglm_small,facebook/xglm-564M,10,4LocalWordSwaps,573,0.9973063468933105
xglm_small,facebook/xglm-564M,10,4LocalWordSwaps,574,0.9971492290496826
xglm_small,facebook/xglm-564M,10,4LocalWordSwaps,575,0.9976944923400879
xglm_small,facebook/xglm-564M,10,4LocalWordSwaps,576,0.9974745512008667
xglm_small,facebook/xglm-564M,10,4LocalWordSwaps,577,0.9977546334266663
xglm_small,facebook/xglm-564M,10,4LocalWordSwaps,578,0.9979052543640137
xglm_small,facebook/xglm-564M,10,4LocalWordSwaps,579,0.9971908330917358
xglm_small,facebook/xglm-564M,10,4LocalWordSwaps,580,0.9971031546592712
xglm_small,facebook/xglm-564M,10,4LocalWordSwaps,581,0.9969027638435364
xglm_small,facebook/xglm-564M,10,4LocalWordSwaps,582,0.9974667429924011
xglm_small,facebook/xglm-564M,10,4LocalWordSwaps,583,0.9970558285713196
xglm_small,facebook/xglm-564M,10,4LocalWordSwaps,584,0.9978705644607544
xglm_small,facebook/xglm-564M,10,4LocalWordSwaps,585,0.997652530670166
xglm_small,facebook/xglm-564M,10,4LocalWordSwaps,586,0.9960259199142456
xglm_small,facebook/xglm-564M,10,4LocalWordSwaps,587,0.9977403879165649
xglm_small,facebook/xglm-564M,10,4LocalWordSwaps,588,0.9975436329841614
xglm_small,facebook/xglm-564M,10,4LocalWordSwaps,589,0.9960839748382568
xglm_small,facebook/xglm-564M,10,4LocalWordSwaps,590,0.9961473941802979
xglm_small,facebook/xglm-564M,10,4LocalWordSwaps,591,0.9968124628067017
xglm_small,facebook/xglm-564M,10,4LocalWordSwaps,592,0.9976481199264526
xglm_small,facebook/xglm-564M,10,4LocalWordSwaps,593,0.9976133108139038
xglm_small,facebook/xglm-564M,10,4LocalWordSwaps,594,0.9976452589035034
xglm_small,facebook/xglm-564M,10,4LocalWordSwaps,595,0.9972653388977051
xglm_small,facebook/xglm-564M,10,4LocalWordSwaps,596,0.9969521760940552
xglm_small,facebook/xglm-564M,10,4LocalWordSwaps,597,0.9973586797714233
xglm_small,facebook/xglm-564M,10,4LocalWordSwaps,598,0.997076153755188
xglm_small,facebook/xglm-564M,10,4LocalWordSwaps,599,0.9971845746040344
xglm_small,facebook/xglm-564M,10,4LocalWordSwaps,600,0.9948333501815796
xglm_small,facebook/xglm-564M,10,4LocalWordSwaps,601,0.9966920614242554
xglm_small,facebook/xglm-564M,10,4LocalWordSwaps,602,0.9974400997161865
xglm_small,facebook/xglm-564M,10,4LocalWordSwaps,603,0.9971898794174194
xglm_small,facebook/xglm-564M,10,4LocalWordSwaps,604,0.9978704452514648
xglm_small,facebook/xglm-564M,10,4LocalWordSwaps,605,0.997715950012207
xglm_small,facebook/xglm-564M,10,4LocalWordSwaps,606,0.9967088103294373
xglm_small,facebook/xglm-564M,10,4LocalWordSwaps,607,0.9961162805557251
xglm_small,facebook/xglm-564M,10,4LocalWordSwaps,608,0.9970642924308777
xglm_small,facebook/xglm-564M,10,4LocalWordSwaps,609,0.9977555871009827
xglm_small,facebook/xglm-564M,10,4LocalWordSwaps,610,0.9963115453720093
xglm_small,facebook/xglm-564M,10,4LocalWordSwaps,611,0.9958140850067139
xglm_small,facebook/xglm-564M,10,4LocalWordSwaps,612,0.997079610824585
xglm_small,facebook/xglm-564M,10,4LocalWordSwaps,613,0.9968000650405884
xglm_small,facebook/xglm-564M,10,4LocalWordSwaps,614,0.9972558617591858
xglm_small,facebook/xglm-564M,10,4LocalWordSwaps,615,0.9969360828399658
xglm_small,facebook/xglm-564M,10,4LocalWordSwaps,616,0.9962574243545532
xglm_small,facebook/xglm-564M,10,4LocalWordSwaps,617,0.997443675994873
xglm_small,facebook/xglm-564M,10,4LocalWordSwaps,618,0.9965487718582153
xglm_small,facebook/xglm-564M,10,4LocalWordSwaps,619,0.9966640472412109
xglm_small,facebook/xglm-564M,10,4LocalWordSwaps,620,0.9971049427986145
xglm_small,facebook/xglm-564M,10,4LocalWordSwaps,621,0.9982074499130249
xglm_small,facebook/xglm-564M,10,4LocalWordSwaps,622,0.9972066879272461
xglm_small,facebook/xglm-564M,10,4LocalWordSwaps,623,0.9962657690048218
xglm_small,facebook/xglm-564M,10,4LocalWordSwaps,624,0.9964278936386108
xglm_small,facebook/xglm-564M,10,4LocalWordSwaps,625,0.9964147806167603
xglm_small,facebook/xglm-564M,10,4LocalWordSwaps,626,0.9977139830589294
xglm_small,facebook/xglm-564M,10,4LocalWordSwaps,627,0.9967866539955139
xglm_small,facebook/xglm-564M,10,4LocalWordSwaps,628,0.9979282021522522
xglm_small,facebook/xglm-564M,10,4LocalWordSwaps,629,0.9977937340736389
xglm_small,facebook/xglm-564M,10,4LocalWordSwaps,630,0.9969743490219116
xglm_small,facebook/xglm-564M,10,4LocalWordSwaps,631,0.995872437953949
xglm_small,facebook/xglm-564M,10,4LocalWordSwaps,632,0.9954146146774292
xglm_small,facebook/xglm-564M,10,4LocalWordSwaps,633,0.9972169399261475
xglm_small,facebook/xglm-564M,10,4LocalWordSwaps,634,0.9974788427352905
xglm_small,facebook/xglm-564M,10,4LocalWordSwaps,635,0.9968220591545105
xglm_small,facebook/xglm-564M,10,4LocalWordSwaps,636,0.9972182512283325
xglm_small,facebook/xglm-564M,10,4LocalWordSwaps,637,0.9974452257156372
xglm_small,facebook/xglm-564M,10,4LocalWordSwaps,638,0.9978830218315125
xglm_small,facebook/xglm-564M,10,4LocalWordSwaps,639,0.9981467723846436
xglm_small,facebook/xglm-564M,10,4LocalWordSwaps,640,0.9974889755249023
xglm_small,facebook/xglm-564M,10,4LocalWordSwaps,641,0.9972440004348755
xglm_small,facebook/xglm-564M,10,4LocalWordSwaps,642,0.9962300062179565
xglm_small,facebook/xglm-564M,10,4LocalWordSwaps,643,0.9961862564086914
xglm_small,facebook/xglm-564M,10,4LocalWordSwaps,644,0.9968277812004089
xglm_small,facebook/xglm-564M,10,4LocalWordSwaps,645,0.9972183704376221
xglm_small,facebook/xglm-564M,10,4LocalWordSwaps,646,0.9965133666992188
xglm_small,facebook/xglm-564M,10,4LocalWordSwaps,647,0.9969351291656494
xglm_small,facebook/xglm-564M,10,4LocalWordSwaps,648,0.997871994972229
xglm_small,facebook/xglm-564M,10,4LocalWordSwaps,649,0.9979645013809204
xglm_small,facebook/xglm-564M,10,4LocalWordSwaps,650,0.9976580142974854
xglm_small,facebook/xglm-564M,10,4LocalWordSwaps,651,0.9964511394500732
xglm_small,facebook/xglm-564M,10,4LocalWordSwaps,652,0.997538685798645
xglm_small,facebook/xglm-564M,10,4LocalWordSwaps,653,0.9964752793312073
xglm_small,facebook/xglm-564M,10,4LocalWordSwaps,654,0.9962599873542786
xglm_small,facebook/xglm-564M,10,4LocalWordSwaps,655,0.9974472522735596
xglm_small,facebook/xglm-564M,10,4LocalWordSwaps,656,0.9977582097053528
xglm_small,facebook/xglm-564M,10,4LocalWordSwaps,657,0.9975904822349548
xglm_small,facebook/xglm-564M,10,4LocalWordSwaps,658,0.997177004814148
xglm_small,facebook/xglm-564M,10,4LocalWordSwaps,659,0.9957592487335205
xglm_small,facebook/xglm-564M,10,4LocalWordSwaps,660,0.9962042570114136
xglm_small,facebook/xglm-564M,10,4LocalWordSwaps,661,0.9978115558624268
xglm_small,facebook/xglm-564M,10,4LocalWordSwaps,662,0.996441662311554
xglm_small,facebook/xglm-564M,10,4LocalWordSwaps,663,0.9970978498458862
xglm_small,facebook/xglm-564M,10,4LocalWordSwaps,664,0.9974983930587769
xglm_small,facebook/xglm-564M,10,4LocalWordSwaps,665,0.996137261390686
xglm_small,facebook/xglm-564M,10,4LocalWordSwaps,666,0.9974027276039124
xglm_small,facebook/xglm-564M,10,4LocalWordSwaps,667,0.9971883296966553
xglm_small,facebook/xglm-564M,10,4LocalWordSwaps,668,0.9977559447288513
xglm_small,facebook/xglm-564M,10,4LocalWordSwaps,669,0.9964010715484619
xglm_small,facebook/xglm-564M,10,4LocalWordSwaps,670,0.9973973631858826
xglm_small,facebook/xglm-564M,10,4LocalWordSwaps,671,0.9975139498710632
xglm_small,facebook/xglm-564M,10,4LocalWordSwaps,672,0.9960421919822693
xglm_small,facebook/xglm-564M,10,4LocalWordSwaps,673,0.9979223608970642
xglm_small,facebook/xglm-564M,10,4LocalWordSwaps,674,0.9974002838134766
xglm_small,facebook/xglm-564M,10,4LocalWordSwaps,675,0.9964245557785034
xglm_small,facebook/xglm-564M,10,4LocalWordSwaps,676,0.9971774220466614
xglm_small,facebook/xglm-564M,10,4LocalWordSwaps,677,0.9973077774047852
xglm_small,facebook/xglm-564M,10,4LocalWordSwaps,678,0.9956756830215454
xglm_small,facebook/xglm-564M,10,4LocalWordSwaps,679,0.996657133102417
xglm_small,facebook/xglm-564M,10,4LocalWordSwaps,680,0.9977466464042664
xglm_small,facebook/xglm-564M,10,4LocalWordSwaps,681,0.9976434707641602
xglm_small,facebook/xglm-564M,10,4LocalWordSwaps,682,0.9959842562675476
xglm_small,facebook/xglm-564M,10,4LocalWordSwaps,683,0.9968052506446838
xglm_small,facebook/xglm-564M,10,4LocalWordSwaps,684,0.9974992275238037
xglm_small,facebook/xglm-564M,10,4LocalWordSwaps,685,0.9959679841995239
xglm_small,facebook/xglm-564M,10,4LocalWordSwaps,686,0.9970793128013611
xglm_small,facebook/xglm-564M,10,4LocalWordSwaps,687,0.9968667030334473
xglm_small,facebook/xglm-564M,10,4LocalWordSwaps,688,0.9967701435089111
xglm_small,facebook/xglm-564M,10,4LocalWordSwaps,689,0.9972984194755554
xglm_small,facebook/xglm-564M,10,4LocalWordSwaps,690,0.9966063499450684
xglm_small,facebook/xglm-564M,10,4LocalWordSwaps,691,0.9976456165313721
xglm_small,facebook/xglm-564M,10,4LocalWordSwaps,692,0.9979549646377563
xglm_small,facebook/xglm-564M,10,4LocalWordSwaps,693,0.9957233667373657
xglm_small,facebook/xglm-564M,10,4LocalWordSwaps,694,0.9966193437576294
xglm_small,facebook/xglm-564M,10,4LocalWordSwaps,695,0.9970253705978394
xglm_small,facebook/xglm-564M,10,4LocalWordSwaps,696,0.9978403449058533
xglm_small,facebook/xglm-564M,10,4LocalWordSwaps,697,0.9978148341178894
xglm_small,facebook/xglm-564M,10,4LocalWordSwaps,698,0.9966722726821899
xglm_small,facebook/xglm-564M,10,4LocalWordSwaps,699,0.9969845414161682
xglm_small,facebook/xglm-564M,10,4LocalWordSwaps,700,0.9973377585411072
xglm_small,facebook/xglm-564M,10,4LocalWordSwaps,701,0.9975389838218689
xglm_small,facebook/xglm-564M,10,4LocalWordSwaps,702,0.997954249382019
xglm_small,facebook/xglm-564M,10,4LocalWordSwaps,703,0.9976932406425476
xglm_small,facebook/xglm-564M,10,4LocalWordSwaps,704,0.997505247592926
xglm_small,facebook/xglm-564M,10,4LocalWordSwaps,705,0.9971833229064941
xglm_small,facebook/xglm-564M,10,4LocalWordSwaps,706,0.9967572093009949
xglm_small,facebook/xglm-564M,10,4LocalWordSwaps,707,0.9962828159332275
xglm_small,facebook/xglm-564M,10,4LocalWordSwaps,708,0.997217059135437
xglm_small,facebook/xglm-564M,10,4LocalWordSwaps,709,0.9970653057098389
xglm_small,facebook/xglm-564M,10,4LocalWordSwaps,710,0.9964979290962219
xglm_small,facebook/xglm-564M,10,4LocalWordSwaps,711,0.9972269535064697
xglm_small,facebook/xglm-564M,10,4LocalWordSwaps,712,0.9971634149551392
xglm_small,facebook/xglm-564M,10,4LocalWordSwaps,713,0.9980049729347229
xglm_small,facebook/xglm-564M,10,4LocalWordSwaps,714,0.9973347783088684
xglm_small,facebook/xglm-564M,10,4LocalWordSwaps,715,0.9968224763870239
xglm_small,facebook/xglm-564M,10,4LocalWordSwaps,716,0.9972406625747681
xglm_small,facebook/xglm-564M,10,4LocalWordSwaps,717,0.9978049993515015
xglm_small,facebook/xglm-564M,10,4LocalWordSwaps,718,0.9979863166809082
xglm_small,facebook/xglm-564M,10,4LocalWordSwaps,719,0.9975120425224304
xglm_small,facebook/xglm-564M,10,4LocalWordSwaps,720,0.9970277547836304
xglm_small,facebook/xglm-564M,10,4LocalWordSwaps,721,0.9976686239242554
xglm_small,facebook/xglm-564M,10,4LocalWordSwaps,722,0.9976106286048889
xglm_small,facebook/xglm-564M,10,4LocalWordSwaps,723,0.9979841113090515
xglm_small,facebook/xglm-564M,10,4LocalWordSwaps,724,0.9963490962982178
xglm_small,facebook/xglm-564M,10,4LocalWordSwaps,725,0.9980650544166565
xglm_small,facebook/xglm-564M,10,4LocalWordSwaps,726,0.9972975254058838
xglm_small,facebook/xglm-564M,10,4LocalWordSwaps,727,0.9981899857521057
xglm_small,facebook/xglm-564M,10,4LocalWordSwaps,728,0.9982140064239502
xglm_small,facebook/xglm-564M,10,4LocalWordSwaps,729,0.9978413581848145
xglm_small,facebook/xglm-564M,10,4LocalWordSwaps,730,0.9975223541259766
xglm_small,facebook/xglm-564M,10,4LocalWordSwaps,731,0.9956259727478027
xglm_small,facebook/xglm-564M,10,4LocalWordSwaps,732,0.9963572025299072
xglm_small,facebook/xglm-564M,10,4LocalWordSwaps,733,0.9976623058319092
xglm_small,facebook/xglm-564M,10,4LocalWordSwaps,734,0.9981846213340759
xglm_small,facebook/xglm-564M,10,4LocalWordSwaps,735,0.9961612224578857
xglm_small,facebook/xglm-564M,10,4LocalWordSwaps,736,0.997120201587677
xglm_small,facebook/xglm-564M,10,4LocalWordSwaps,737,0.9975464344024658
xglm_small,facebook/xglm-564M,10,4LocalWordSwaps,738,0.9974967837333679
xglm_small,facebook/xglm-564M,10,4LocalWordSwaps,739,0.9970816373825073
xglm_small,facebook/xglm-564M,10,4LocalWordSwaps,740,0.997529149055481
xglm_small,facebook/xglm-564M,10,4LocalWordSwaps,741,0.9979872703552246
xglm_small,facebook/xglm-564M,10,4LocalWordSwaps,742,0.9961654543876648
xglm_small,facebook/xglm-564M,10,4LocalWordSwaps,743,0.9977079629898071
xglm_small,facebook/xglm-564M,10,4LocalWordSwaps,744,0.9974788427352905
xglm_small,facebook/xglm-564M,10,4LocalWordSwaps,745,0.9972319602966309
xglm_small,facebook/xglm-564M,10,4LocalWordSwaps,746,0.9960741996765137
xglm_small,facebook/xglm-564M,10,4LocalWordSwaps,747,0.9978810548782349
xglm_small,facebook/xglm-564M,10,4LocalWordSwaps,748,0.9978917241096497
xglm_small,facebook/xglm-564M,10,4LocalWordSwaps,749,0.9981040954589844
xglm_small,facebook/xglm-564M,10,4LocalWordSwaps,750,0.9977087378501892
xglm_small,facebook/xglm-564M,10,4LocalWordSwaps,751,0.9975936412811279
xglm_small,facebook/xglm-564M,10,4LocalWordSwaps,752,0.9978163242340088
xglm_small,facebook/xglm-564M,10,4LocalWordSwaps,753,0.997765064239502
xglm_small,facebook/xglm-564M,10,4LocalWordSwaps,754,0.9957486391067505
xglm_small,facebook/xglm-564M,10,4LocalWordSwaps,755,0.9981456995010376
xglm_small,facebook/xglm-564M,10,4LocalWordSwaps,756,0.9974754452705383
xglm_small,facebook/xglm-564M,10,4LocalWordSwaps,757,0.9979771375656128
xglm_small,facebook/xglm-564M,10,4LocalWordSwaps,758,0.9980736374855042
xglm_small,facebook/xglm-564M,10,4LocalWordSwaps,759,0.9976862072944641
xglm_small,facebook/xglm-564M,10,4LocalWordSwaps,760,0.995963990688324
xglm_small,facebook/xglm-564M,10,4LocalWordSwaps,761,0.9933388233184814
xglm_small,facebook/xglm-564M,10,4LocalWordSwaps,762,0.9973618984222412
xglm_small,facebook/xglm-564M,10,4LocalWordSwaps,763,0.9978005886077881
xglm_small,facebook/xglm-564M,10,4LocalWordSwaps,764,0.9968783259391785
xglm_small,facebook/xglm-564M,10,4LocalWordSwaps,765,0.9976838827133179
xglm_small,facebook/xglm-564M,10,4LocalWordSwaps,766,0.9981234073638916
xglm_small,facebook/xglm-564M,10,4LocalWordSwaps,767,0.9978283643722534
xglm_small,facebook/xglm-564M,10,4LocalWordSwaps,768,0.9975286722183228
xglm_small,facebook/xglm-564M,10,4LocalWordSwaps,769,0.997893750667572
xglm_small,facebook/xglm-564M,10,4LocalWordSwaps,770,0.9966657757759094
xglm_small,facebook/xglm-564M,10,4LocalWordSwaps,771,0.9978594183921814
xglm_small,facebook/xglm-564M,10,4LocalWordSwaps,772,0.9976392984390259
xglm_small,facebook/xglm-564M,10,4LocalWordSwaps,773,0.9959665536880493
xglm_small,facebook/xglm-564M,10,4LocalWordSwaps,774,0.9976368546485901
xglm_small,facebook/xglm-564M,10,4LocalWordSwaps,775,0.9962362051010132
xglm_small,facebook/xglm-564M,10,4LocalWordSwaps,776,0.9979292750358582
xglm_small,facebook/xglm-564M,10,4LocalWordSwaps,777,0.9974672794342041
xglm_small,facebook/xglm-564M,10,4LocalWordSwaps,778,0.9969265460968018
xglm_small,facebook/xglm-564M,10,4LocalWordSwaps,779,0.9976047277450562
xglm_small,facebook/xglm-564M,10,4LocalWordSwaps,780,0.9962010979652405
xglm_small,facebook/xglm-564M,10,4LocalWordSwaps,781,0.9976025819778442
xglm_small,facebook/xglm-564M,10,4LocalWordSwaps,782,0.9973154664039612
xglm_small,facebook/xglm-564M,10,4LocalWordSwaps,783,0.9974167943000793
xglm_small,facebook/xglm-564M,10,4LocalWordSwaps,784,0.9969420433044434
xglm_small,facebook/xglm-564M,10,4LocalWordSwaps,785,0.9972140192985535
xglm_small,facebook/xglm-564M,10,4LocalWordSwaps,786,0.9973787069320679
xglm_small,facebook/xglm-564M,10,4LocalWordSwaps,787,0.9966809749603271
xglm_small,facebook/xglm-564M,10,4LocalWordSwaps,788,0.9978140592575073
xglm_small,facebook/xglm-564M,10,4LocalWordSwaps,789,0.9971018433570862
xglm_small,facebook/xglm-564M,10,4LocalWordSwaps,790,0.9962207674980164
xglm_small,facebook/xglm-564M,10,4LocalWordSwaps,791,0.996832013130188
xglm_small,facebook/xglm-564M,10,4LocalWordSwaps,792,0.9970491528511047
xglm_small,facebook/xglm-564M,10,4LocalWordSwaps,793,0.9965411424636841
xglm_small,facebook/xglm-564M,10,4LocalWordSwaps,794,0.997693657875061
xglm_small,facebook/xglm-564M,10,4LocalWordSwaps,795,0.9975028038024902
xglm_small,facebook/xglm-564M,10,4LocalWordSwaps,796,0.997477114200592
xglm_small,facebook/xglm-564M,10,4LocalWordSwaps,797,0.9976893067359924
xglm_small,facebook/xglm-564M,10,4LocalWordSwaps,798,0.9980166554450989
xglm_small,facebook/xglm-564M,10,4LocalWordSwaps,799,0.9974575638771057
xglm_small,facebook/xglm-564M,10,4LocalWordSwaps,800,0.9971721768379211
xglm_small,facebook/xglm-564M,10,4LocalWordSwaps,801,0.9970484972000122
xglm_small,facebook/xglm-564M,10,4LocalWordSwaps,802,0.9961204528808594
xglm_small,facebook/xglm-564M,10,4LocalWordSwaps,803,0.9973742961883545
xglm_small,facebook/xglm-564M,10,4LocalWordSwaps,804,0.9976866245269775
xglm_small,facebook/xglm-564M,10,4LocalWordSwaps,805,0.9962766170501709
xglm_small,facebook/xglm-564M,10,4LocalWordSwaps,806,0.9971336126327515
xglm_small,facebook/xglm-564M,10,4LocalWordSwaps,807,0.9974557161331177
xglm_small,facebook/xglm-564M,10,4LocalWordSwaps,808,0.9969468116760254
xglm_small,facebook/xglm-564M,10,4LocalWordSwaps,809,0.997195303440094
xglm_small,facebook/xglm-564M,10,4LocalWordSwaps,810,0.9979867935180664
xglm_small,facebook/xglm-564M,10,4LocalWordSwaps,811,0.9969862699508667
xglm_small,facebook/xglm-564M,10,4LocalWordSwaps,812,0.9977931976318359
xglm_small,facebook/xglm-564M,10,4LocalWordSwaps,813,0.9969757795333862
xglm_small,facebook/xglm-564M,10,4LocalWordSwaps,814,0.9976625442504883
xglm_small,facebook/xglm-564M,10,4LocalWordSwaps,815,0.9976535439491272
xglm_small,facebook/xglm-564M,10,4LocalWordSwaps,816,0.9975467920303345
xglm_small,facebook/xglm-564M,10,4LocalWordSwaps,817,0.9976436495780945
xglm_small,facebook/xglm-564M,10,4LocalWordSwaps,818,0.9958949089050293
xglm_small,facebook/xglm-564M,10,4LocalWordSwaps,819,0.9953586459159851
xglm_small,facebook/xglm-564M,10,4LocalWordSwaps,820,0.99776691198349
xglm_small,facebook/xglm-564M,10,4LocalWordSwaps,821,0.9977630972862244
xglm_small,facebook/xglm-564M,10,4LocalWordSwaps,822,0.9973691701889038
xglm_small,facebook/xglm-564M,10,4LocalWordSwaps,823,0.9975240230560303
xglm_small,facebook/xglm-564M,10,4LocalWordSwaps,824,0.997957170009613
xglm_small,facebook/xglm-564M,10,4LocalWordSwaps,825,0.9978156089782715
xglm_small,facebook/xglm-564M,10,4LocalWordSwaps,826,0.997429609298706
xglm_small,facebook/xglm-564M,10,4LocalWordSwaps,827,0.9979177117347717
xglm_small,facebook/xglm-564M,10,4LocalWordSwaps,828,0.9966752529144287
xglm_small,facebook/xglm-564M,10,4LocalWordSwaps,829,0.9968836903572083
xglm_small,facebook/xglm-564M,10,4LocalWordSwaps,830,0.9973592162132263
xglm_small,facebook/xglm-564M,10,4LocalWordSwaps,831,0.9971243739128113
xglm_small,facebook/xglm-564M,10,4LocalWordSwaps,832,0.9972671270370483
xglm_small,facebook/xglm-564M,10,4LocalWordSwaps,833,0.9973340034484863
xglm_small,facebook/xglm-564M,10,4LocalWordSwaps,834,0.9978578686714172
xglm_small,facebook/xglm-564M,10,4LocalWordSwaps,835,0.9977289438247681
xglm_small,facebook/xglm-564M,10,4LocalWordSwaps,836,0.997653067111969
xglm_small,facebook/xglm-564M,10,4LocalWordSwaps,837,0.9978767037391663
xglm_small,facebook/xglm-564M,10,4LocalWordSwaps,838,0.9977720975875854
xglm_small,facebook/xglm-564M,10,4LocalWordSwaps,839,0.9972513318061829
xglm_small,facebook/xglm-564M,10,4LocalWordSwaps,840,0.9971411824226379
xglm_small,facebook/xglm-564M,10,4LocalWordSwaps,841,0.9985995292663574
xglm_small,facebook/xglm-564M,10,4LocalWordSwaps,842,0.9978920221328735
xglm_small,facebook/xglm-564M,10,4LocalWordSwaps,843,0.9973534345626831
xglm_small,facebook/xglm-564M,10,4LocalWordSwaps,844,0.9962458610534668
xglm_small,facebook/xglm-564M,10,4LocalWordSwaps,845,0.9954737424850464
xglm_small,facebook/xglm-564M,10,4LocalWordSwaps,846,0.9966561794281006
xglm_small,facebook/xglm-564M,10,4LocalWordSwaps,847,0.9972019195556641
xglm_small,facebook/xglm-564M,10,4LocalWordSwaps,848,0.9978107213973999
xglm_small,facebook/xglm-564M,10,4LocalWordSwaps,849,0.9977545738220215
xglm_small,facebook/xglm-564M,10,4LocalWordSwaps,850,0.9973596334457397
xglm_small,facebook/xglm-564M,10,4LocalWordSwaps,851,0.9974656105041504
xglm_small,facebook/xglm-564M,10,4LocalWordSwaps,852,0.9975446462631226
xglm_small,facebook/xglm-564M,10,4LocalWordSwaps,853,0.997310996055603
xglm_small,facebook/xglm-564M,10,4LocalWordSwaps,854,0.9958696365356445
xglm_small,facebook/xglm-564M,10,4LocalWordSwaps,855,0.9971498250961304
xglm_small,facebook/xglm-564M,10,4LocalWordSwaps,856,0.9969239234924316
xglm_small,facebook/xglm-564M,10,4LocalWordSwaps,857,0.9961498975753784
xglm_small,facebook/xglm-564M,10,4LocalWordSwaps,858,0.9980075359344482
xglm_small,facebook/xglm-564M,10,4LocalWordSwaps,859,0.9981959462165833
xglm_small,facebook/xglm-564M,10,4LocalWordSwaps,860,0.9975582361221313
xglm_small,facebook/xglm-564M,10,4LocalWordSwaps,861,0.9966113567352295
xglm_small,facebook/xglm-564M,10,4LocalWordSwaps,862,0.9978324174880981
xglm_small,facebook/xglm-564M,10,4LocalWordSwaps,863,0.998110294342041
xglm_small,facebook/xglm-564M,10,4LocalWordSwaps,864,0.9966670870780945
xglm_small,facebook/xglm-564M,10,4LocalWordSwaps,865,0.9975962042808533
xglm_small,facebook/xglm-564M,10,4LocalWordSwaps,866,0.997071385383606
xglm_small,facebook/xglm-564M,10,4LocalWordSwaps,867,0.9964644312858582
xglm_small,facebook/xglm-564M,10,4LocalWordSwaps,868,0.9967501163482666
xglm_small,facebook/xglm-564M,10,4LocalWordSwaps,869,0.995772123336792
xglm_small,facebook/xglm-564M,10,4LocalWordSwaps,870,0.997796893119812
xglm_small,facebook/xglm-564M,10,4LocalWordSwaps,871,0.9971561431884766
xglm_small,facebook/xglm-564M,10,4LocalWordSwaps,872,0.9983089566230774
xglm_small,facebook/xglm-564M,10,4LocalWordSwaps,873,0.997514009475708
xglm_small,facebook/xglm-564M,10,4LocalWordSwaps,874,0.9969489574432373
xglm_small,facebook/xglm-564M,10,4LocalWordSwaps,875,0.9972835779190063
xglm_small,facebook/xglm-564M,10,4LocalWordSwaps,876,0.998009443283081
xglm_small,facebook/xglm-564M,10,4LocalWordSwaps,877,0.9961724281311035
xglm_small,facebook/xglm-564M,10,4LocalWordSwaps,878,0.9972215294837952
xglm_small,facebook/xglm-564M,10,4LocalWordSwaps,879,0.9963104724884033
xglm_small,facebook/xglm-564M,10,4LocalWordSwaps,880,0.9969248175621033
xglm_small,facebook/xglm-564M,10,4LocalWordSwaps,881,0.9966421127319336
xglm_small,facebook/xglm-564M,10,4LocalWordSwaps,882,0.9970347285270691
xglm_small,facebook/xglm-564M,10,4LocalWordSwaps,883,0.9965575933456421
xglm_small,facebook/xglm-564M,10,4LocalWordSwaps,884,0.9963780641555786
xglm_small,facebook/xglm-564M,10,4LocalWordSwaps,885,0.9969133138656616
xglm_small,facebook/xglm-564M,10,4LocalWordSwaps,886,0.9972227811813354
xglm_small,facebook/xglm-564M,10,4LocalWordSwaps,887,0.9966291189193726
xglm_small,facebook/xglm-564M,10,4LocalWordSwaps,888,0.996098518371582
xglm_small,facebook/xglm-564M,10,4LocalWordSwaps,889,0.9969384670257568
xglm_small,facebook/xglm-564M,10,4LocalWordSwaps,890,0.9976886510848999
xglm_small,facebook/xglm-564M,10,4LocalWordSwaps,891,0.9956334233283997
xglm_small,facebook/xglm-564M,10,4LocalWordSwaps,892,0.9965513348579407
xglm_small,facebook/xglm-564M,10,4LocalWordSwaps,893,0.9976262450218201
xglm_small,facebook/xglm-564M,10,4LocalWordSwaps,894,0.9966304302215576
xglm_small,facebook/xglm-564M,10,4LocalWordSwaps,895,0.9970934391021729
xglm_small,facebook/xglm-564M,10,4LocalWordSwaps,896,0.9968286752700806
xglm_small,facebook/xglm-564M,10,4LocalWordSwaps,897,0.9979242086410522
xglm_small,facebook/xglm-564M,10,4LocalWordSwaps,898,0.9974856376647949
xglm_small,facebook/xglm-564M,10,4LocalWordSwaps,899,0.9957224130630493
xglm_small,facebook/xglm-564M,10,4LocalWordSwaps,900,0.9977809190750122
xglm_small,facebook/xglm-564M,10,4LocalWordSwaps,901,0.9981592893600464
xglm_small,facebook/xglm-564M,10,4LocalWordSwaps,902,0.997381329536438
xglm_small,facebook/xglm-564M,10,4LocalWordSwaps,903,0.9965788722038269
xglm_small,facebook/xglm-564M,10,4LocalWordSwaps,904,0.9975183010101318
xglm_small,facebook/xglm-564M,10,4LocalWordSwaps,905,0.9972533583641052
xglm_small,facebook/xglm-564M,10,4LocalWordSwaps,906,0.9972928166389465
xglm_small,facebook/xglm-564M,10,4LocalWordSwaps,907,0.9953700304031372
xglm_small,facebook/xglm-564M,10,4LocalWordSwaps,908,0.9980230331420898
xglm_small,facebook/xglm-564M,10,4LocalWordSwaps,909,0.9974184632301331
xglm_small,facebook/xglm-564M,10,4LocalWordSwaps,910,0.9980207681655884
xglm_small,facebook/xglm-564M,10,4LocalWordSwaps,911,0.9968290328979492
xglm_small,facebook/xglm-564M,10,4LocalWordSwaps,912,0.9965823888778687
xglm_small,facebook/xglm-564M,10,4LocalWordSwaps,913,0.9969826340675354
xglm_small,facebook/xglm-564M,10,4LocalWordSwaps,914,0.9979159832000732
xglm_small,facebook/xglm-564M,10,4LocalWordSwaps,915,0.9965158700942993
xglm_small,facebook/xglm-564M,10,4LocalWordSwaps,916,0.9975078105926514
xglm_small,facebook/xglm-564M,10,4LocalWordSwaps,917,0.9972589015960693
xglm_small,facebook/xglm-564M,10,4LocalWordSwaps,918,0.9961001873016357
xglm_small,facebook/xglm-564M,10,4LocalWordSwaps,919,0.9970343112945557
xglm_small,facebook/xglm-564M,10,4LocalWordSwaps,920,0.9964628219604492
xglm_small,facebook/xglm-564M,10,4LocalWordSwaps,921,0.9968798756599426
xglm_small,facebook/xglm-564M,10,4LocalWordSwaps,922,0.9974249601364136
xglm_small,facebook/xglm-564M,10,4LocalWordSwaps,923,0.9976893663406372
xglm_small,facebook/xglm-564M,10,4LocalWordSwaps,924,0.9959456324577332
xglm_small,facebook/xglm-564M,10,4LocalWordSwaps,925,0.9964051842689514
xglm_small,facebook/xglm-564M,10,4LocalWordSwaps,926,0.9980549812316895
xglm_small,facebook/xglm-564M,10,4LocalWordSwaps,927,0.9967496395111084
xglm_small,facebook/xglm-564M,10,4LocalWordSwaps,928,0.9966331720352173
xglm_small,facebook/xglm-564M,10,4LocalWordSwaps,929,0.9964122772216797
xglm_small,facebook/xglm-564M,10,4LocalWordSwaps,930,0.9975765943527222
xglm_small,facebook/xglm-564M,10,4LocalWordSwaps,931,0.9978300333023071
xglm_small,facebook/xglm-564M,10,4LocalWordSwaps,932,0.9957291483879089
xglm_small,facebook/xglm-564M,10,4LocalWordSwaps,933,0.9977882504463196
xglm_small,facebook/xglm-564M,10,4LocalWordSwaps,934,0.9973366856575012
xglm_small,facebook/xglm-564M,10,4LocalWordSwaps,935,0.9981552958488464
xglm_small,facebook/xglm-564M,10,4LocalWordSwaps,936,0.9969682097434998
xglm_small,facebook/xglm-564M,10,4LocalWordSwaps,937,0.9973152875900269
xglm_small,facebook/xglm-564M,10,4LocalWordSwaps,938,0.9972250461578369
xglm_small,facebook/xglm-564M,10,4LocalWordSwaps,939,0.9967175722122192
xglm_small,facebook/xglm-564M,10,4LocalWordSwaps,940,0.9970038533210754
xglm_small,facebook/xglm-564M,10,4LocalWordSwaps,941,0.9973328113555908
xglm_small,facebook/xglm-564M,10,4LocalWordSwaps,942,0.9981001019477844
xglm_small,facebook/xglm-564M,10,4LocalWordSwaps,943,0.9974627494812012
xglm_small,facebook/xglm-564M,10,4LocalWordSwaps,944,0.9964988231658936
xglm_small,facebook/xglm-564M,10,4LocalWordSwaps,945,0.9976005554199219
xglm_small,facebook/xglm-564M,10,4LocalWordSwaps,946,0.997656524181366
xglm_small,facebook/xglm-564M,10,4LocalWordSwaps,947,0.9978013634681702
xglm_small,facebook/xglm-564M,10,4LocalWordSwaps,948,0.9972712397575378
xglm_small,facebook/xglm-564M,10,4LocalWordSwaps,949,0.9981417059898376
xglm_small,facebook/xglm-564M,10,4LocalWordSwaps,950,0.9975240230560303
xglm_small,facebook/xglm-564M,10,4LocalWordSwaps,951,0.9972708821296692
xglm_small,facebook/xglm-564M,10,4LocalWordSwaps,952,0.9959259033203125
xglm_small,facebook/xglm-564M,10,4LocalWordSwaps,953,0.9972660541534424
xglm_small,facebook/xglm-564M,10,4LocalWordSwaps,954,0.9975376725196838
xglm_small,facebook/xglm-564M,10,4LocalWordSwaps,955,0.9977093935012817
xglm_small,facebook/xglm-564M,10,4LocalWordSwaps,956,0.9974275827407837
xglm_small,facebook/xglm-564M,10,4LocalWordSwaps,957,0.9968546032905579
xglm_small,facebook/xglm-564M,10,4LocalWordSwaps,958,0.9969949722290039
xglm_small,facebook/xglm-564M,10,4LocalWordSwaps,959,0.9963301420211792
xglm_small,facebook/xglm-564M,10,4LocalWordSwaps,960,0.9975634813308716
xglm_small,facebook/xglm-564M,10,4LocalWordSwaps,961,0.9975382089614868
xglm_small,facebook/xglm-564M,10,4LocalWordSwaps,962,0.9977142214775085
xglm_small,facebook/xglm-564M,10,4LocalWordSwaps,963,0.9993809461593628
xglm_small,facebook/xglm-564M,10,4LocalWordSwaps,964,0.9978286027908325
xglm_small,facebook/xglm-564M,10,4LocalWordSwaps,965,0.9979603290557861
xglm_small,facebook/xglm-564M,10,4LocalWordSwaps,966,0.9973231554031372
xglm_small,facebook/xglm-564M,10,4LocalWordSwaps,967,0.9966832399368286
xglm_small,facebook/xglm-564M,10,4LocalWordSwaps,968,0.9966539144515991
xglm_small,facebook/xglm-564M,10,4LocalWordSwaps,969,0.9970998167991638
xglm_small,facebook/xglm-564M,10,4LocalWordSwaps,970,0.9961175322532654
xglm_small,facebook/xglm-564M,10,4LocalWordSwaps,971,0.9974340200424194
xglm_small,facebook/xglm-564M,10,4LocalWordSwaps,972,0.9992791414260864
xglm_small,facebook/xglm-564M,10,4LocalWordSwaps,973,0.9963588118553162
xglm_small,facebook/xglm-564M,10,4LocalWordSwaps,974,0.9978225827217102
xglm_small,facebook/xglm-564M,10,4LocalWordSwaps,975,0.9954201579093933
xglm_small,facebook/xglm-564M,10,4LocalWordSwaps,976,0.9969658851623535
xglm_small,facebook/xglm-564M,10,4LocalWordSwaps,977,0.996832549571991
xglm_small,facebook/xglm-564M,10,4LocalWordSwaps,978,0.9972271919250488
xglm_small,facebook/xglm-564M,10,4LocalWordSwaps,979,0.9974710941314697
xglm_small,facebook/xglm-564M,10,4LocalWordSwaps,980,0.9972931146621704
xglm_small,facebook/xglm-564M,10,4LocalWordSwaps,981,0.9975599050521851
xglm_small,facebook/xglm-564M,10,4LocalWordSwaps,982,0.9979214668273926
xglm_small,facebook/xglm-564M,10,4LocalWordSwaps,983,0.9978301525115967
xglm_small,facebook/xglm-564M,10,4LocalWordSwaps,984,0.9964708685874939
xglm_small,facebook/xglm-564M,10,4LocalWordSwaps,985,0.9972865581512451
xglm_small,facebook/xglm-564M,10,4LocalWordSwaps,986,0.9962197542190552
xglm_small,facebook/xglm-564M,10,4LocalWordSwaps,987,0.9968539476394653
xglm_small,facebook/xglm-564M,10,4LocalWordSwaps,988,0.9971598982810974
xglm_small,facebook/xglm-564M,10,4LocalWordSwaps,989,0.9964343905448914
xglm_small,facebook/xglm-564M,10,4LocalWordSwaps,990,0.9964669942855835
xglm_small,facebook/xglm-564M,10,4LocalWordSwaps,991,0.9995765686035156
xglm_small,facebook/xglm-564M,10,4LocalWordSwaps,992,0.9991511106491089
xglm_small,facebook/xglm-564M,10,4LocalWordSwaps,993,0.9994533658027649
xglm_small,facebook/xglm-564M,10,4LocalWordSwaps,994,0.996209442615509
xglm_small,facebook/xglm-564M,10,4LocalWordSwaps,995,0.9953591823577881
xglm_small,facebook/xglm-564M,10,4LocalWordSwaps,996,0.9966292381286621
xglm_small,facebook/xglm-564M,10,4LocalWordSwaps,997,0.997806191444397
xglm_small,facebook/xglm-564M,10,4LocalWordSwaps,998,0.9977564811706543
xglm_small,facebook/xglm-564M,10,4LocalWordSwaps,999,0.9952377676963806
xglm_small,facebook/xglm-564M,10,5LocalWordSwaps,0,0.9964560270309448
xglm_small,facebook/xglm-564M,10,5LocalWordSwaps,1,0.9990566372871399
xglm_small,facebook/xglm-564M,10,5LocalWordSwaps,2,0.9975834488868713
xglm_small,facebook/xglm-564M,10,5LocalWordSwaps,3,0.9969699382781982
xglm_small,facebook/xglm-564M,10,5LocalWordSwaps,4,0.9978289604187012
xglm_small,facebook/xglm-564M,10,5LocalWordSwaps,5,0.9975447058677673
xglm_small,facebook/xglm-564M,10,5LocalWordSwaps,6,0.9959040284156799
xglm_small,facebook/xglm-564M,10,5LocalWordSwaps,7,0.9978758096694946
xglm_small,facebook/xglm-564M,10,5LocalWordSwaps,8,0.9994983673095703
xglm_small,facebook/xglm-564M,10,5LocalWordSwaps,9,0.9977833032608032
xglm_small,facebook/xglm-564M,10,5LocalWordSwaps,10,0.9972143173217773
xglm_small,facebook/xglm-564M,10,5LocalWordSwaps,11,0.9961962699890137
xglm_small,facebook/xglm-564M,10,5LocalWordSwaps,12,0.9978837966918945
xglm_small,facebook/xglm-564M,10,5LocalWordSwaps,13,0.9967149496078491
xglm_small,facebook/xglm-564M,10,5LocalWordSwaps,14,0.9969356060028076
xglm_small,facebook/xglm-564M,10,5LocalWordSwaps,15,0.9977059364318848
xglm_small,facebook/xglm-564M,10,5LocalWordSwaps,16,0.9977107048034668
xglm_small,facebook/xglm-564M,10,5LocalWordSwaps,17,0.9978528022766113
xglm_small,facebook/xglm-564M,10,5LocalWordSwaps,18,0.99679034948349
xglm_small,facebook/xglm-564M,10,5LocalWordSwaps,19,0.9966886043548584
xglm_small,facebook/xglm-564M,10,5LocalWordSwaps,20,0.9975845813751221
xglm_small,facebook/xglm-564M,10,5LocalWordSwaps,21,0.9972593784332275
xglm_small,facebook/xglm-564M,10,5LocalWordSwaps,22,0.9977280497550964
xglm_small,facebook/xglm-564M,10,5LocalWordSwaps,23,0.9976080060005188
xglm_small,facebook/xglm-564M,10,5LocalWordSwaps,24,0.9976114630699158
xglm_small,facebook/xglm-564M,10,5LocalWordSwaps,25,0.9975960850715637
xglm_small,facebook/xglm-564M,10,5LocalWordSwaps,26,0.9973366260528564
xglm_small,facebook/xglm-564M,10,5LocalWordSwaps,27,0.9971593022346497
xglm_small,facebook/xglm-564M,10,5LocalWordSwaps,28,0.9967666864395142
xglm_small,facebook/xglm-564M,10,5LocalWordSwaps,29,0.9967162609100342
xglm_small,facebook/xglm-564M,10,5LocalWordSwaps,30,0.9964950084686279
xglm_small,facebook/xglm-564M,10,5LocalWordSwaps,31,0.9969958662986755
xglm_small,facebook/xglm-564M,10,5LocalWordSwaps,32,0.996979832649231
xglm_small,facebook/xglm-564M,10,5LocalWordSwaps,33,0.9987592697143555
xglm_small,facebook/xglm-564M,10,5LocalWordSwaps,34,0.99705570936203
xglm_small,facebook/xglm-564M,10,5LocalWordSwaps,35,0.9976387023925781
xglm_small,facebook/xglm-564M,10,5LocalWordSwaps,36,0.9970762133598328
xglm_small,facebook/xglm-564M,10,5LocalWordSwaps,37,0.99623703956604
xglm_small,facebook/xglm-564M,10,5LocalWordSwaps,38,0.9974848031997681
xglm_small,facebook/xglm-564M,10,5LocalWordSwaps,39,0.9971939325332642
xglm_small,facebook/xglm-564M,10,5LocalWordSwaps,40,0.9967997670173645
xglm_small,facebook/xglm-564M,10,5LocalWordSwaps,41,0.997004508972168
xglm_small,facebook/xglm-564M,10,5LocalWordSwaps,42,0.9975394010543823
xglm_small,facebook/xglm-564M,10,5LocalWordSwaps,43,0.9974374771118164
xglm_small,facebook/xglm-564M,10,5LocalWordSwaps,44,0.9969680905342102
xglm_small,facebook/xglm-564M,10,5LocalWordSwaps,45,0.9973299503326416
xglm_small,facebook/xglm-564M,10,5LocalWordSwaps,46,0.9980267882347107
xglm_small,facebook/xglm-564M,10,5LocalWordSwaps,47,0.9971109628677368
xglm_small,facebook/xglm-564M,10,5LocalWordSwaps,48,0.9976811408996582
xglm_small,facebook/xglm-564M,10,5LocalWordSwaps,49,0.9971959590911865
xglm_small,facebook/xglm-564M,10,5LocalWordSwaps,50,0.9972962141036987
xglm_small,facebook/xglm-564M,10,5LocalWordSwaps,51,0.9974228143692017
xglm_small,facebook/xglm-564M,10,5LocalWordSwaps,52,0.9978594779968262
xglm_small,facebook/xglm-564M,10,5LocalWordSwaps,53,0.9981787204742432
xglm_small,facebook/xglm-564M,10,5LocalWordSwaps,54,0.9974281787872314
xglm_small,facebook/xglm-564M,10,5LocalWordSwaps,55,0.9977748394012451
xglm_small,facebook/xglm-564M,10,5LocalWordSwaps,56,0.997616708278656
xglm_small,facebook/xglm-564M,10,5LocalWordSwaps,57,0.9967759251594543
xglm_small,facebook/xglm-564M,10,5LocalWordSwaps,58,0.997481107711792
xglm_small,facebook/xglm-564M,10,5LocalWordSwaps,59,0.9978480935096741
xglm_small,facebook/xglm-564M,10,5LocalWordSwaps,60,0.9976049661636353
xglm_small,facebook/xglm-564M,10,5LocalWordSwaps,61,0.9972180128097534
xglm_small,facebook/xglm-564M,10,5LocalWordSwaps,62,0.9994025826454163
xglm_small,facebook/xglm-564M,10,5LocalWordSwaps,63,0.9957550764083862
xglm_small,facebook/xglm-564M,10,5LocalWordSwaps,64,0.9964187145233154
xglm_small,facebook/xglm-564M,10,5LocalWordSwaps,65,0.996551513671875
xglm_small,facebook/xglm-564M,10,5LocalWordSwaps,66,0.9974353313446045
xglm_small,facebook/xglm-564M,10,5LocalWordSwaps,67,0.9972331523895264
xglm_small,facebook/xglm-564M,10,5LocalWordSwaps,68,0.9972489476203918
xglm_small,facebook/xglm-564M,10,5LocalWordSwaps,69,0.9974921345710754
xglm_small,facebook/xglm-564M,10,5LocalWordSwaps,70,0.9975143671035767
xglm_small,facebook/xglm-564M,10,5LocalWordSwaps,71,0.9975360035896301
xglm_small,facebook/xglm-564M,10,5LocalWordSwaps,72,0.9978514909744263
xglm_small,facebook/xglm-564M,10,5LocalWordSwaps,73,0.9960055351257324
xglm_small,facebook/xglm-564M,10,5LocalWordSwaps,74,0.9975939393043518
xglm_small,facebook/xglm-564M,10,5LocalWordSwaps,75,0.9971914291381836
xglm_small,facebook/xglm-564M,10,5LocalWordSwaps,76,0.9968647360801697
xglm_small,facebook/xglm-564M,10,5LocalWordSwaps,77,0.9978592395782471
xglm_small,facebook/xglm-564M,10,5LocalWordSwaps,78,0.9964585304260254
xglm_small,facebook/xglm-564M,10,5LocalWordSwaps,79,0.9962786436080933
xglm_small,facebook/xglm-564M,10,5LocalWordSwaps,80,0.997463583946228
xglm_small,facebook/xglm-564M,10,5LocalWordSwaps,81,0.9993515014648438
xglm_small,facebook/xglm-564M,10,5LocalWordSwaps,82,0.9959456920623779
xglm_small,facebook/xglm-564M,10,5LocalWordSwaps,83,0.9963449239730835
xglm_small,facebook/xglm-564M,10,5LocalWordSwaps,84,0.997038722038269
xglm_small,facebook/xglm-564M,10,5LocalWordSwaps,85,0.9975825548171997
xglm_small,facebook/xglm-564M,10,5LocalWordSwaps,86,0.9970201849937439
xglm_small,facebook/xglm-564M,10,5LocalWordSwaps,87,0.9974755644798279
xglm_small,facebook/xglm-564M,10,5LocalWordSwaps,88,0.9975953102111816
xglm_small,facebook/xglm-564M,10,5LocalWordSwaps,89,0.9973877668380737
xglm_small,facebook/xglm-564M,10,5LocalWordSwaps,90,0.9995002746582031
xglm_small,facebook/xglm-564M,10,5LocalWordSwaps,91,0.9975515604019165
xglm_small,facebook/xglm-564M,10,5LocalWordSwaps,92,0.9972119927406311
xglm_small,facebook/xglm-564M,10,5LocalWordSwaps,93,0.9974637627601624
xglm_small,facebook/xglm-564M,10,5LocalWordSwaps,94,0.9965289831161499
xglm_small,facebook/xglm-564M,10,5LocalWordSwaps,95,0.9977412223815918
xglm_small,facebook/xglm-564M,10,5LocalWordSwaps,96,0.9959002733230591
xglm_small,facebook/xglm-564M,10,5LocalWordSwaps,97,0.9970484972000122
xglm_small,facebook/xglm-564M,10,5LocalWordSwaps,98,0.9970915913581848
xglm_small,facebook/xglm-564M,10,5LocalWordSwaps,99,0.997754693031311
xglm_small,facebook/xglm-564M,10,5LocalWordSwaps,100,0.995648980140686
xglm_small,facebook/xglm-564M,10,5LocalWordSwaps,101,0.9970358610153198
xglm_small,facebook/xglm-564M,10,5LocalWordSwaps,102,0.996973991394043
xglm_small,facebook/xglm-564M,10,5LocalWordSwaps,103,0.9995513558387756
xglm_small,facebook/xglm-564M,10,5LocalWordSwaps,104,0.9968372583389282
xglm_small,facebook/xglm-564M,10,5LocalWordSwaps,105,0.997261643409729
xglm_small,facebook/xglm-564M,10,5LocalWordSwaps,106,0.9972307085990906
xglm_small,facebook/xglm-564M,10,5LocalWordSwaps,107,0.9973867535591125
xglm_small,facebook/xglm-564M,10,5LocalWordSwaps,108,0.9973430633544922
xglm_small,facebook/xglm-564M,10,5LocalWordSwaps,109,0.9977526664733887
xglm_small,facebook/xglm-564M,10,5LocalWordSwaps,110,0.9971293807029724
xglm_small,facebook/xglm-564M,10,5LocalWordSwaps,111,0.9974381923675537
xglm_small,facebook/xglm-564M,10,5LocalWordSwaps,112,0.9975489377975464
xglm_small,facebook/xglm-564M,10,5LocalWordSwaps,113,0.9967414736747742
xglm_small,facebook/xglm-564M,10,5LocalWordSwaps,114,0.9968478083610535
xglm_small,facebook/xglm-564M,10,5LocalWordSwaps,115,0.997523844242096
xglm_small,facebook/xglm-564M,10,5LocalWordSwaps,116,0.9964490532875061
xglm_small,facebook/xglm-564M,10,5LocalWordSwaps,117,0.996816098690033
xglm_small,facebook/xglm-564M,10,5LocalWordSwaps,118,0.9975396394729614
xglm_small,facebook/xglm-564M,10,5LocalWordSwaps,119,0.9973945617675781
xglm_small,facebook/xglm-564M,10,5LocalWordSwaps,120,0.9970464110374451
xglm_small,facebook/xglm-564M,10,5LocalWordSwaps,121,0.9951592683792114
xglm_small,facebook/xglm-564M,10,5LocalWordSwaps,122,0.996694028377533
xglm_small,facebook/xglm-564M,10,5LocalWordSwaps,123,0.9965023398399353
xglm_small,facebook/xglm-564M,10,5LocalWordSwaps,124,0.9966918230056763
xglm_small,facebook/xglm-564M,10,5LocalWordSwaps,125,0.995894193649292
xglm_small,facebook/xglm-564M,10,5LocalWordSwaps,126,0.9969204664230347
xglm_small,facebook/xglm-564M,10,5LocalWordSwaps,127,0.996806263923645
xglm_small,facebook/xglm-564M,10,5LocalWordSwaps,128,0.9974156022071838
xglm_small,facebook/xglm-564M,10,5LocalWordSwaps,129,0.99782395362854
xglm_small,facebook/xglm-564M,10,5LocalWordSwaps,130,0.997667670249939
xglm_small,facebook/xglm-564M,10,5LocalWordSwaps,131,0.9951749444007874
xglm_small,facebook/xglm-564M,10,5LocalWordSwaps,132,0.9964412450790405
xglm_small,facebook/xglm-564M,10,5LocalWordSwaps,133,0.9941520690917969
xglm_small,facebook/xglm-564M,10,5LocalWordSwaps,134,0.9969967603683472
xglm_small,facebook/xglm-564M,10,5LocalWordSwaps,135,0.9971844553947449
xglm_small,facebook/xglm-564M,10,5LocalWordSwaps,136,0.9959222078323364
xglm_small,facebook/xglm-564M,10,5LocalWordSwaps,137,0.9960687160491943
xglm_small,facebook/xglm-564M,10,5LocalWordSwaps,138,0.9974255561828613
xglm_small,facebook/xglm-564M,10,5LocalWordSwaps,139,0.9969258308410645
xglm_small,facebook/xglm-564M,10,5LocalWordSwaps,140,0.9974486827850342
xglm_small,facebook/xglm-564M,10,5LocalWordSwaps,141,0.9970629215240479
xglm_small,facebook/xglm-564M,10,5LocalWordSwaps,142,0.997518002986908
xglm_small,facebook/xglm-564M,10,5LocalWordSwaps,143,0.996510922908783
xglm_small,facebook/xglm-564M,10,5LocalWordSwaps,144,0.9975259900093079
xglm_small,facebook/xglm-564M,10,5LocalWordSwaps,145,0.9980729818344116
xglm_small,facebook/xglm-564M,10,5LocalWordSwaps,146,0.9974794387817383
xglm_small,facebook/xglm-564M,10,5LocalWordSwaps,147,0.9969139695167542
xglm_small,facebook/xglm-564M,10,5LocalWordSwaps,148,0.9975642561912537
xglm_small,facebook/xglm-564M,10,5LocalWordSwaps,149,0.9975486993789673
xglm_small,facebook/xglm-564M,10,5LocalWordSwaps,150,0.9974242448806763
xglm_small,facebook/xglm-564M,10,5LocalWordSwaps,151,0.9964040517807007
xglm_small,facebook/xglm-564M,10,5LocalWordSwaps,152,0.9969782829284668
xglm_small,facebook/xglm-564M,10,5LocalWordSwaps,153,0.9976295232772827
xglm_small,facebook/xglm-564M,10,5LocalWordSwaps,154,0.996576189994812
xglm_small,facebook/xglm-564M,10,5LocalWordSwaps,155,0.9974369406700134
xglm_small,facebook/xglm-564M,10,5LocalWordSwaps,156,0.9979088306427002
xglm_small,facebook/xglm-564M,10,5LocalWordSwaps,157,0.997058629989624
xglm_small,facebook/xglm-564M,10,5LocalWordSwaps,158,0.9975999593734741
xglm_small,facebook/xglm-564M,10,5LocalWordSwaps,159,0.9971898794174194
xglm_small,facebook/xglm-564M,10,5LocalWordSwaps,160,0.9989314675331116
xglm_small,facebook/xglm-564M,10,5LocalWordSwaps,161,0.9982027411460876
xglm_small,facebook/xglm-564M,10,5LocalWordSwaps,162,0.9967069029808044
xglm_small,facebook/xglm-564M,10,5LocalWordSwaps,163,0.9973631501197815
xglm_small,facebook/xglm-564M,10,5LocalWordSwaps,164,0.9975110292434692
xglm_small,facebook/xglm-564M,10,5LocalWordSwaps,165,0.9976487159729004
xglm_small,facebook/xglm-564M,10,5LocalWordSwaps,166,0.9979204535484314
xglm_small,facebook/xglm-564M,10,5LocalWordSwaps,167,0.9974160194396973
xglm_small,facebook/xglm-564M,10,5LocalWordSwaps,168,0.9974236488342285
xglm_small,facebook/xglm-564M,10,5LocalWordSwaps,169,0.9975675344467163
xglm_small,facebook/xglm-564M,10,5LocalWordSwaps,170,0.9974629282951355
xglm_small,facebook/xglm-564M,10,5LocalWordSwaps,171,0.9976425170898438
xglm_small,facebook/xglm-564M,10,5LocalWordSwaps,172,0.9976457953453064
xglm_small,facebook/xglm-564M,10,5LocalWordSwaps,173,0.9963377714157104
xglm_small,facebook/xglm-564M,10,5LocalWordSwaps,174,0.9981848001480103
xglm_small,facebook/xglm-564M,10,5LocalWordSwaps,175,0.9972580671310425
xglm_small,facebook/xglm-564M,10,5LocalWordSwaps,176,0.9962767362594604
xglm_small,facebook/xglm-564M,10,5LocalWordSwaps,177,0.9959354400634766
xglm_small,facebook/xglm-564M,10,5LocalWordSwaps,178,0.9959754943847656
xglm_small,facebook/xglm-564M,10,5LocalWordSwaps,179,0.9961673021316528
xglm_small,facebook/xglm-564M,10,5LocalWordSwaps,180,0.9968510270118713
xglm_small,facebook/xglm-564M,10,5LocalWordSwaps,181,0.9974297881126404
xglm_small,facebook/xglm-564M,10,5LocalWordSwaps,182,0.9975003600120544
xglm_small,facebook/xglm-564M,10,5LocalWordSwaps,183,0.9951927661895752
xglm_small,facebook/xglm-564M,10,5LocalWordSwaps,184,0.9959611892700195
xglm_small,facebook/xglm-564M,10,5LocalWordSwaps,185,0.9975892305374146
xglm_small,facebook/xglm-564M,10,5LocalWordSwaps,186,0.9958567023277283
xglm_small,facebook/xglm-564M,10,5LocalWordSwaps,187,0.9963754415512085
xglm_small,facebook/xglm-564M,10,5LocalWordSwaps,188,0.9976202249526978
xglm_small,facebook/xglm-564M,10,5LocalWordSwaps,189,0.9962373971939087
xglm_small,facebook/xglm-564M,10,5LocalWordSwaps,190,0.9973595142364502
xglm_small,facebook/xglm-564M,10,5LocalWordSwaps,191,0.9973322153091431
xglm_small,facebook/xglm-564M,10,5LocalWordSwaps,192,0.998444676399231
xglm_small,facebook/xglm-564M,10,5LocalWordSwaps,193,0.9970466494560242
xglm_small,facebook/xglm-564M,10,5LocalWordSwaps,194,0.9961405992507935
xglm_small,facebook/xglm-564M,10,5LocalWordSwaps,195,0.9973345994949341
xglm_small,facebook/xglm-564M,10,5LocalWordSwaps,196,0.9971057176589966
xglm_small,facebook/xglm-564M,10,5LocalWordSwaps,197,0.9945423603057861
xglm_small,facebook/xglm-564M,10,5LocalWordSwaps,198,0.997173011302948
xglm_small,facebook/xglm-564M,10,5LocalWordSwaps,199,0.997284471988678
xglm_small,facebook/xglm-564M,10,5LocalWordSwaps,200,0.9970670938491821
xglm_small,facebook/xglm-564M,10,5LocalWordSwaps,201,0.9962507486343384
xglm_small,facebook/xglm-564M,10,5LocalWordSwaps,202,0.9978218078613281
xglm_small,facebook/xglm-564M,10,5LocalWordSwaps,203,0.9966087341308594
xglm_small,facebook/xglm-564M,10,5LocalWordSwaps,204,0.9973849654197693
xglm_small,facebook/xglm-564M,10,5LocalWordSwaps,205,0.9976162910461426
xglm_small,facebook/xglm-564M,10,5LocalWordSwaps,206,0.9960237145423889
xglm_small,facebook/xglm-564M,10,5LocalWordSwaps,207,0.996181845664978
xglm_small,facebook/xglm-564M,10,5LocalWordSwaps,208,0.9958629608154297
xglm_small,facebook/xglm-564M,10,5LocalWordSwaps,209,0.9968144297599792
xglm_small,facebook/xglm-564M,10,5LocalWordSwaps,210,0.9966698288917542
xglm_small,facebook/xglm-564M,10,5LocalWordSwaps,211,0.9971150755882263
xglm_small,facebook/xglm-564M,10,5LocalWordSwaps,212,0.996059775352478
xglm_small,facebook/xglm-564M,10,5LocalWordSwaps,213,0.9963318109512329
xglm_small,facebook/xglm-564M,10,5LocalWordSwaps,214,0.9977205991744995
xglm_small,facebook/xglm-564M,10,5LocalWordSwaps,215,0.9979904890060425
xglm_small,facebook/xglm-564M,10,5LocalWordSwaps,216,0.9976083636283875
xglm_small,facebook/xglm-564M,10,5LocalWordSwaps,217,0.9975475072860718
xglm_small,facebook/xglm-564M,10,5LocalWordSwaps,218,0.9983004927635193
xglm_small,facebook/xglm-564M,10,5LocalWordSwaps,219,0.9963616132736206
xglm_small,facebook/xglm-564M,10,5LocalWordSwaps,220,0.9960229396820068
xglm_small,facebook/xglm-564M,10,5LocalWordSwaps,221,0.9977248311042786
xglm_small,facebook/xglm-564M,10,5LocalWordSwaps,222,0.9979742169380188
xglm_small,facebook/xglm-564M,10,5LocalWordSwaps,223,0.9953947067260742
xglm_small,facebook/xglm-564M,10,5LocalWordSwaps,224,0.9982509016990662
xglm_small,facebook/xglm-564M,10,5LocalWordSwaps,225,0.9981549978256226
xglm_small,facebook/xglm-564M,10,5LocalWordSwaps,226,0.9974187612533569
xglm_small,facebook/xglm-564M,10,5LocalWordSwaps,227,0.9982028007507324
xglm_small,facebook/xglm-564M,10,5LocalWordSwaps,228,0.9971116781234741
xglm_small,facebook/xglm-564M,10,5LocalWordSwaps,229,0.9980567097663879
xglm_small,facebook/xglm-564M,10,5LocalWordSwaps,230,0.9968751072883606
xglm_small,facebook/xglm-564M,10,5LocalWordSwaps,231,0.9967557787895203
xglm_small,facebook/xglm-564M,10,5LocalWordSwaps,232,0.9967650771141052
xglm_small,facebook/xglm-564M,10,5LocalWordSwaps,233,0.9978322982788086
xglm_small,facebook/xglm-564M,10,5LocalWordSwaps,234,0.9976136088371277
xglm_small,facebook/xglm-564M,10,5LocalWordSwaps,235,0.9976557493209839
xglm_small,facebook/xglm-564M,10,5LocalWordSwaps,236,0.9980886578559875
xglm_small,facebook/xglm-564M,10,5LocalWordSwaps,237,0.9973418712615967
xglm_small,facebook/xglm-564M,10,5LocalWordSwaps,238,0.9982830286026001
xglm_small,facebook/xglm-564M,10,5LocalWordSwaps,239,0.9979972243309021
xglm_small,facebook/xglm-564M,10,5LocalWordSwaps,240,0.9979981184005737
xglm_small,facebook/xglm-564M,10,5LocalWordSwaps,241,0.9970276355743408
xglm_small,facebook/xglm-564M,10,5LocalWordSwaps,242,0.9965647459030151
xglm_small,facebook/xglm-564M,10,5LocalWordSwaps,243,0.9970048069953918
xglm_small,facebook/xglm-564M,10,5LocalWordSwaps,244,0.9977071285247803
xglm_small,facebook/xglm-564M,10,5LocalWordSwaps,245,0.9976900815963745
xglm_small,facebook/xglm-564M,10,5LocalWordSwaps,246,0.9974946975708008
xglm_small,facebook/xglm-564M,10,5LocalWordSwaps,247,0.9973836541175842
xglm_small,facebook/xglm-564M,10,5LocalWordSwaps,248,0.9973961710929871
xglm_small,facebook/xglm-564M,10,5LocalWordSwaps,249,0.997639536857605
xglm_small,facebook/xglm-564M,10,5LocalWordSwaps,250,0.9978992938995361
xglm_small,facebook/xglm-564M,10,5LocalWordSwaps,251,0.9982109069824219
xglm_small,facebook/xglm-564M,10,5LocalWordSwaps,252,0.9979333877563477
xglm_small,facebook/xglm-564M,10,5LocalWordSwaps,253,0.998266875743866
xglm_small,facebook/xglm-564M,10,5LocalWordSwaps,254,0.997555136680603
xglm_small,facebook/xglm-564M,10,5LocalWordSwaps,255,0.9975061416625977
xglm_small,facebook/xglm-564M,10,5LocalWordSwaps,256,0.9974924921989441
xglm_small,facebook/xglm-564M,10,5LocalWordSwaps,257,0.99703049659729
xglm_small,facebook/xglm-564M,10,5LocalWordSwaps,258,0.9977285861968994
xglm_small,facebook/xglm-564M,10,5LocalWordSwaps,259,0.9980969429016113
xglm_small,facebook/xglm-564M,10,5LocalWordSwaps,260,0.9974348545074463
xglm_small,facebook/xglm-564M,10,5LocalWordSwaps,261,0.997137188911438
xglm_small,facebook/xglm-564M,10,5LocalWordSwaps,262,0.9972982406616211
xglm_small,facebook/xglm-564M,10,5LocalWordSwaps,263,0.9969292283058167
xglm_small,facebook/xglm-564M,10,5LocalWordSwaps,264,0.9984927177429199
xglm_small,facebook/xglm-564M,10,5LocalWordSwaps,265,0.9945523142814636
xglm_small,facebook/xglm-564M,10,5LocalWordSwaps,266,0.9964059591293335
xglm_small,facebook/xglm-564M,10,5LocalWordSwaps,267,0.996252715587616
xglm_small,facebook/xglm-564M,10,5LocalWordSwaps,268,0.9966861605644226
xglm_small,facebook/xglm-564M,10,5LocalWordSwaps,269,0.9971553087234497
xglm_small,facebook/xglm-564M,10,5LocalWordSwaps,270,0.9979901313781738
xglm_small,facebook/xglm-564M,10,5LocalWordSwaps,271,0.9970188736915588
xglm_small,facebook/xglm-564M,10,5LocalWordSwaps,272,0.9984065294265747
xglm_small,facebook/xglm-564M,10,5LocalWordSwaps,273,0.9975579977035522
xglm_small,facebook/xglm-564M,10,5LocalWordSwaps,274,0.9971965551376343
xglm_small,facebook/xglm-564M,10,5LocalWordSwaps,275,0.9972307682037354
xglm_small,facebook/xglm-564M,10,5LocalWordSwaps,276,0.9973248839378357
xglm_small,facebook/xglm-564M,10,5LocalWordSwaps,277,0.9970850944519043
xglm_small,facebook/xglm-564M,10,5LocalWordSwaps,278,0.997786819934845
xglm_small,facebook/xglm-564M,10,5LocalWordSwaps,279,0.9972530007362366
xglm_small,facebook/xglm-564M,10,5LocalWordSwaps,280,0.9974393844604492
xglm_small,facebook/xglm-564M,10,5LocalWordSwaps,281,0.9972625374794006
xglm_small,facebook/xglm-564M,10,5LocalWordSwaps,282,0.9973535537719727
xglm_small,facebook/xglm-564M,10,5LocalWordSwaps,283,0.997015118598938
xglm_small,facebook/xglm-564M,10,5LocalWordSwaps,284,0.9964320659637451
xglm_small,facebook/xglm-564M,10,5LocalWordSwaps,285,0.9974397420883179
xglm_small,facebook/xglm-564M,10,5LocalWordSwaps,286,0.9969933032989502
xglm_small,facebook/xglm-564M,10,5LocalWordSwaps,287,0.9973466992378235
xglm_small,facebook/xglm-564M,10,5LocalWordSwaps,288,0.997341513633728
xglm_small,facebook/xglm-564M,10,5LocalWordSwaps,289,0.9976831674575806
xglm_small,facebook/xglm-564M,10,5LocalWordSwaps,290,0.9980311393737793
xglm_small,facebook/xglm-564M,10,5LocalWordSwaps,291,0.9978421926498413
xglm_small,facebook/xglm-564M,10,5LocalWordSwaps,292,0.9978127479553223
xglm_small,facebook/xglm-564M,10,5LocalWordSwaps,293,0.9978296756744385
xglm_small,facebook/xglm-564M,10,5LocalWordSwaps,294,0.9976581335067749
xglm_small,facebook/xglm-564M,10,5LocalWordSwaps,295,0.9969967007637024
xglm_small,facebook/xglm-564M,10,5LocalWordSwaps,296,0.9977697134017944
xglm_small,facebook/xglm-564M,10,5LocalWordSwaps,297,0.9978600740432739
xglm_small,facebook/xglm-564M,10,5LocalWordSwaps,298,0.997560977935791
xglm_small,facebook/xglm-564M,10,5LocalWordSwaps,299,0.9971070289611816
xglm_small,facebook/xglm-564M,10,5LocalWordSwaps,300,0.996382474899292
xglm_small,facebook/xglm-564M,10,5LocalWordSwaps,301,0.9980422854423523
xglm_small,facebook/xglm-564M,10,5LocalWordSwaps,302,0.997468113899231
xglm_small,facebook/xglm-564M,10,5LocalWordSwaps,303,0.9973995685577393
xglm_small,facebook/xglm-564M,10,5LocalWordSwaps,304,0.9975605010986328
xglm_small,facebook/xglm-564M,10,5LocalWordSwaps,305,0.9968259334564209
xglm_small,facebook/xglm-564M,10,5LocalWordSwaps,306,0.9975268840789795
xglm_small,facebook/xglm-564M,10,5LocalWordSwaps,307,0.9977507591247559
xglm_small,facebook/xglm-564M,10,5LocalWordSwaps,308,0.9970088601112366
xglm_small,facebook/xglm-564M,10,5LocalWordSwaps,309,0.9964691996574402
xglm_small,facebook/xglm-564M,10,5LocalWordSwaps,310,0.9973070025444031
xglm_small,facebook/xglm-564M,10,5LocalWordSwaps,311,0.9978389739990234
xglm_small,facebook/xglm-564M,10,5LocalWordSwaps,312,0.9975808262825012
xglm_small,facebook/xglm-564M,10,5LocalWordSwaps,313,0.9966274499893188
xglm_small,facebook/xglm-564M,10,5LocalWordSwaps,314,0.995983362197876
xglm_small,facebook/xglm-564M,10,5LocalWordSwaps,315,0.9960896968841553
xglm_small,facebook/xglm-564M,10,5LocalWordSwaps,316,0.9972412586212158
xglm_small,facebook/xglm-564M,10,5LocalWordSwaps,317,0.9964694976806641
xglm_small,facebook/xglm-564M,10,5LocalWordSwaps,318,0.9972590804100037
xglm_small,facebook/xglm-564M,10,5LocalWordSwaps,319,0.997347354888916
xglm_small,facebook/xglm-564M,10,5LocalWordSwaps,320,0.9970877766609192
xglm_small,facebook/xglm-564M,10,5LocalWordSwaps,321,0.9976790547370911
xglm_small,facebook/xglm-564M,10,5LocalWordSwaps,322,0.9977648854255676
xglm_small,facebook/xglm-564M,10,5LocalWordSwaps,323,0.9978818893432617
xglm_small,facebook/xglm-564M,10,5LocalWordSwaps,324,0.9976592063903809
xglm_small,facebook/xglm-564M,10,5LocalWordSwaps,325,0.9977344870567322
xglm_small,facebook/xglm-564M,10,5LocalWordSwaps,326,0.9977562427520752
xglm_small,facebook/xglm-564M,10,5LocalWordSwaps,327,0.9975461363792419
xglm_small,facebook/xglm-564M,10,5LocalWordSwaps,328,0.9973472356796265
xglm_small,facebook/xglm-564M,10,5LocalWordSwaps,329,0.9977604150772095
xglm_small,facebook/xglm-564M,10,5LocalWordSwaps,330,0.9979226589202881
xglm_small,facebook/xglm-564M,10,5LocalWordSwaps,331,0.9973849058151245
xglm_small,facebook/xglm-564M,10,5LocalWordSwaps,332,0.997702419757843
xglm_small,facebook/xglm-564M,10,5LocalWordSwaps,333,0.9979109764099121
xglm_small,facebook/xglm-564M,10,5LocalWordSwaps,334,0.9984697699546814
xglm_small,facebook/xglm-564M,10,5LocalWordSwaps,335,0.9985393285751343
xglm_small,facebook/xglm-564M,10,5LocalWordSwaps,336,0.9978540539741516
xglm_small,facebook/xglm-564M,10,5LocalWordSwaps,337,0.9976808428764343
xglm_small,facebook/xglm-564M,10,5LocalWordSwaps,338,0.9977257251739502
xglm_small,facebook/xglm-564M,10,5LocalWordSwaps,339,0.996947705745697
xglm_small,facebook/xglm-564M,10,5LocalWordSwaps,340,0.9968609809875488
xglm_small,facebook/xglm-564M,10,5LocalWordSwaps,341,0.9972997307777405
xglm_small,facebook/xglm-564M,10,5LocalWordSwaps,342,0.9973638653755188
xglm_small,facebook/xglm-564M,10,5LocalWordSwaps,343,0.9970780611038208
xglm_small,facebook/xglm-564M,10,5LocalWordSwaps,344,0.9974552392959595
xglm_small,facebook/xglm-564M,10,5LocalWordSwaps,345,0.9977468848228455
xglm_small,facebook/xglm-564M,10,5LocalWordSwaps,346,0.9976840019226074
xglm_small,facebook/xglm-564M,10,5LocalWordSwaps,347,0.9978399276733398
xglm_small,facebook/xglm-564M,10,5LocalWordSwaps,348,0.9962598085403442
xglm_small,facebook/xglm-564M,10,5LocalWordSwaps,349,0.9973211884498596
xglm_small,facebook/xglm-564M,10,5LocalWordSwaps,350,0.9973621368408203
xglm_small,facebook/xglm-564M,10,5LocalWordSwaps,351,0.9977918863296509
xglm_small,facebook/xglm-564M,10,5LocalWordSwaps,352,0.9970465302467346
xglm_small,facebook/xglm-564M,10,5LocalWordSwaps,353,0.9968752264976501
xglm_small,facebook/xglm-564M,10,5LocalWordSwaps,354,0.9956218004226685
xglm_small,facebook/xglm-564M,10,5LocalWordSwaps,355,0.9973087310791016
xglm_small,facebook/xglm-564M,10,5LocalWordSwaps,356,0.9969471096992493
xglm_small,facebook/xglm-564M,10,5LocalWordSwaps,357,0.9977362751960754
xglm_small,facebook/xglm-564M,10,5LocalWordSwaps,358,0.9975603222846985
xglm_small,facebook/xglm-564M,10,5LocalWordSwaps,359,0.9970876574516296
xglm_small,facebook/xglm-564M,10,5LocalWordSwaps,360,0.9981693029403687
xglm_small,facebook/xglm-564M,10,5LocalWordSwaps,361,0.997809886932373
xglm_small,facebook/xglm-564M,10,5LocalWordSwaps,362,0.9962142705917358
xglm_small,facebook/xglm-564M,10,5LocalWordSwaps,363,0.9963005781173706
xglm_small,facebook/xglm-564M,10,5LocalWordSwaps,364,0.9982426166534424
xglm_small,facebook/xglm-564M,10,5LocalWordSwaps,365,0.996368944644928
xglm_small,facebook/xglm-564M,10,5LocalWordSwaps,366,0.9973034858703613
xglm_small,facebook/xglm-564M,10,5LocalWordSwaps,367,0.9970248341560364
xglm_small,facebook/xglm-564M,10,5LocalWordSwaps,368,0.9976791739463806
xglm_small,facebook/xglm-564M,10,5LocalWordSwaps,369,0.9973152875900269
xglm_small,facebook/xglm-564M,10,5LocalWordSwaps,370,0.9974684715270996
xglm_small,facebook/xglm-564M,10,5LocalWordSwaps,371,0.9979977011680603
xglm_small,facebook/xglm-564M,10,5LocalWordSwaps,372,0.9982078671455383
xglm_small,facebook/xglm-564M,10,5LocalWordSwaps,373,0.9983412027359009
xglm_small,facebook/xglm-564M,10,5LocalWordSwaps,374,0.9971895813941956
xglm_small,facebook/xglm-564M,10,5LocalWordSwaps,375,0.9978453516960144
xglm_small,facebook/xglm-564M,10,5LocalWordSwaps,376,0.9971204996109009
xglm_small,facebook/xglm-564M,10,5LocalWordSwaps,377,0.9960030317306519
xglm_small,facebook/xglm-564M,10,5LocalWordSwaps,378,0.998220682144165
xglm_small,facebook/xglm-564M,10,5LocalWordSwaps,379,0.9975659847259521
xglm_small,facebook/xglm-564M,10,5LocalWordSwaps,380,0.995995044708252
xglm_small,facebook/xglm-564M,10,5LocalWordSwaps,381,0.9966865181922913
xglm_small,facebook/xglm-564M,10,5LocalWordSwaps,382,0.9976420402526855
xglm_small,facebook/xglm-564M,10,5LocalWordSwaps,383,0.9980692267417908
xglm_small,facebook/xglm-564M,10,5LocalWordSwaps,384,0.9992709159851074
xglm_small,facebook/xglm-564M,10,5LocalWordSwaps,385,0.9963439702987671
xglm_small,facebook/xglm-564M,10,5LocalWordSwaps,386,0.9962531328201294
xglm_small,facebook/xglm-564M,10,5LocalWordSwaps,387,0.9962636828422546
xglm_small,facebook/xglm-564M,10,5LocalWordSwaps,388,0.99661785364151
xglm_small,facebook/xglm-564M,10,5LocalWordSwaps,389,0.9974192380905151
xglm_small,facebook/xglm-564M,10,5LocalWordSwaps,390,0.9990018606185913
xglm_small,facebook/xglm-564M,10,5LocalWordSwaps,391,0.9974859952926636
xglm_small,facebook/xglm-564M,10,5LocalWordSwaps,392,0.9980928301811218
xglm_small,facebook/xglm-564M,10,5LocalWordSwaps,393,0.9981348514556885
xglm_small,facebook/xglm-564M,10,5LocalWordSwaps,394,0.9980500936508179
xglm_small,facebook/xglm-564M,10,5LocalWordSwaps,395,0.9971453547477722
xglm_small,facebook/xglm-564M,10,5LocalWordSwaps,396,0.9961672425270081
xglm_small,facebook/xglm-564M,10,5LocalWordSwaps,397,0.997782826423645
xglm_small,facebook/xglm-564M,10,5LocalWordSwaps,398,0.9972869157791138
xglm_small,facebook/xglm-564M,10,5LocalWordSwaps,399,0.9968475103378296
xglm_small,facebook/xglm-564M,10,5LocalWordSwaps,400,0.9973677396774292
xglm_small,facebook/xglm-564M,10,5LocalWordSwaps,401,0.9969696998596191
xglm_small,facebook/xglm-564M,10,5LocalWordSwaps,402,0.9968851208686829
xglm_small,facebook/xglm-564M,10,5LocalWordSwaps,403,0.9952242374420166
xglm_small,facebook/xglm-564M,10,5LocalWordSwaps,404,0.9975559711456299
xglm_small,facebook/xglm-564M,10,5LocalWordSwaps,405,0.9974225759506226
xglm_small,facebook/xglm-564M,10,5LocalWordSwaps,406,0.9978219270706177
xglm_small,facebook/xglm-564M,10,5LocalWordSwaps,407,0.9976171851158142
xglm_small,facebook/xglm-564M,10,5LocalWordSwaps,408,0.997111439704895
xglm_small,facebook/xglm-564M,10,5LocalWordSwaps,409,0.9967924952507019
xglm_small,facebook/xglm-564M,10,5LocalWordSwaps,410,0.9957596063613892
xglm_small,facebook/xglm-564M,10,5LocalWordSwaps,411,0.9977773427963257
xglm_small,facebook/xglm-564M,10,5LocalWordSwaps,412,0.9974043369293213
xglm_small,facebook/xglm-564M,10,5LocalWordSwaps,413,0.9969288110733032
xglm_small,facebook/xglm-564M,10,5LocalWordSwaps,414,0.9978663921356201
xglm_small,facebook/xglm-564M,10,5LocalWordSwaps,415,0.9976794719696045
xglm_small,facebook/xglm-564M,10,5LocalWordSwaps,416,0.9973199367523193
xglm_small,facebook/xglm-564M,10,5LocalWordSwaps,417,0.9978815913200378
xglm_small,facebook/xglm-564M,10,5LocalWordSwaps,418,0.9977001547813416
xglm_small,facebook/xglm-564M,10,5LocalWordSwaps,419,0.9976019859313965
xglm_small,facebook/xglm-564M,10,5LocalWordSwaps,420,0.9972798824310303
xglm_small,facebook/xglm-564M,10,5LocalWordSwaps,421,0.9971736669540405
xglm_small,facebook/xglm-564M,10,5LocalWordSwaps,422,0.9971809983253479
xglm_small,facebook/xglm-564M,10,5LocalWordSwaps,423,0.9979557991027832
xglm_small,facebook/xglm-564M,10,5LocalWordSwaps,424,0.9979966878890991
xglm_small,facebook/xglm-564M,10,5LocalWordSwaps,425,0.9976536631584167
xglm_small,facebook/xglm-564M,10,5LocalWordSwaps,426,0.9978339076042175
xglm_small,facebook/xglm-564M,10,5LocalWordSwaps,427,0.9959596991539001
xglm_small,facebook/xglm-564M,10,5LocalWordSwaps,428,0.9973702430725098
xglm_small,facebook/xglm-564M,10,5LocalWordSwaps,429,0.9974552392959595
xglm_small,facebook/xglm-564M,10,5LocalWordSwaps,430,0.9961526393890381
xglm_small,facebook/xglm-564M,10,5LocalWordSwaps,431,0.9972795248031616
xglm_small,facebook/xglm-564M,10,5LocalWordSwaps,432,0.996967613697052
xglm_small,facebook/xglm-564M,10,5LocalWordSwaps,433,0.9979530572891235
xglm_small,facebook/xglm-564M,10,5LocalWordSwaps,434,0.9957332015037537
xglm_small,facebook/xglm-564M,10,5LocalWordSwaps,435,0.9974690675735474
xglm_small,facebook/xglm-564M,10,5LocalWordSwaps,436,0.998145580291748
xglm_small,facebook/xglm-564M,10,5LocalWordSwaps,437,0.9963376522064209
xglm_small,facebook/xglm-564M,10,5LocalWordSwaps,438,0.9967530965805054
xglm_small,facebook/xglm-564M,10,5LocalWordSwaps,439,0.9975422620773315
xglm_small,facebook/xglm-564M,10,5LocalWordSwaps,440,0.9977203607559204
xglm_small,facebook/xglm-564M,10,5LocalWordSwaps,441,0.9971614480018616
xglm_small,facebook/xglm-564M,10,5LocalWordSwaps,442,0.9980196952819824
xglm_small,facebook/xglm-564M,10,5LocalWordSwaps,443,0.9981160759925842
xglm_small,facebook/xglm-564M,10,5LocalWordSwaps,444,0.997468888759613
xglm_small,facebook/xglm-564M,10,5LocalWordSwaps,445,0.9951544404029846
xglm_small,facebook/xglm-564M,10,5LocalWordSwaps,446,0.9974440932273865
xglm_small,facebook/xglm-564M,10,5LocalWordSwaps,447,0.9972425103187561
xglm_small,facebook/xglm-564M,10,5LocalWordSwaps,448,0.9979459047317505
xglm_small,facebook/xglm-564M,10,5LocalWordSwaps,449,0.9973418712615967
xglm_small,facebook/xglm-564M,10,5LocalWordSwaps,450,0.998198390007019
xglm_small,facebook/xglm-564M,10,5LocalWordSwaps,451,0.9960399866104126
xglm_small,facebook/xglm-564M,10,5LocalWordSwaps,452,0.9969586730003357
xglm_small,facebook/xglm-564M,10,5LocalWordSwaps,453,0.995997428894043
xglm_small,facebook/xglm-564M,10,5LocalWordSwaps,454,0.9978092312812805
xglm_small,facebook/xglm-564M,10,5LocalWordSwaps,455,0.997462272644043
xglm_small,facebook/xglm-564M,10,5LocalWordSwaps,456,0.9940563440322876
xglm_small,facebook/xglm-564M,10,5LocalWordSwaps,457,0.9969092607498169
xglm_small,facebook/xglm-564M,10,5LocalWordSwaps,458,0.9981260895729065
xglm_small,facebook/xglm-564M,10,5LocalWordSwaps,459,0.9978146553039551
xglm_small,facebook/xglm-564M,10,5LocalWordSwaps,460,0.9973328113555908
xglm_small,facebook/xglm-564M,10,5LocalWordSwaps,461,0.9980330467224121
xglm_small,facebook/xglm-564M,10,5LocalWordSwaps,462,0.9962782263755798
xglm_small,facebook/xglm-564M,10,5LocalWordSwaps,463,0.9969664216041565
xglm_small,facebook/xglm-564M,10,5LocalWordSwaps,464,0.9975395798683167
xglm_small,facebook/xglm-564M,10,5LocalWordSwaps,465,0.9971957206726074
xglm_small,facebook/xglm-564M,10,5LocalWordSwaps,466,0.9961804151535034
xglm_small,facebook/xglm-564M,10,5LocalWordSwaps,467,0.9966835975646973
xglm_small,facebook/xglm-564M,10,5LocalWordSwaps,468,0.9974208474159241
xglm_small,facebook/xglm-564M,10,5LocalWordSwaps,469,0.997623085975647
xglm_small,facebook/xglm-564M,10,5LocalWordSwaps,470,0.9974817037582397
xglm_small,facebook/xglm-564M,10,5LocalWordSwaps,471,0.997283935546875
xglm_small,facebook/xglm-564M,10,5LocalWordSwaps,472,0.9975213408470154
xglm_small,facebook/xglm-564M,10,5LocalWordSwaps,473,0.9951690435409546
xglm_small,facebook/xglm-564M,10,5LocalWordSwaps,474,0.9959912896156311
xglm_small,facebook/xglm-564M,10,5LocalWordSwaps,475,0.9964944124221802
xglm_small,facebook/xglm-564M,10,5LocalWordSwaps,476,0.9960988759994507
xglm_small,facebook/xglm-564M,10,5LocalWordSwaps,477,0.9968470931053162
xglm_small,facebook/xglm-564M,10,5LocalWordSwaps,478,0.9973273277282715
xglm_small,facebook/xglm-564M,10,5LocalWordSwaps,479,0.9965780377388
xglm_small,facebook/xglm-564M,10,5LocalWordSwaps,480,0.9971285462379456
xglm_small,facebook/xglm-564M,10,5LocalWordSwaps,481,0.9978828430175781
xglm_small,facebook/xglm-564M,10,5LocalWordSwaps,482,0.9955610036849976
xglm_small,facebook/xglm-564M,10,5LocalWordSwaps,483,0.9972414970397949
xglm_small,facebook/xglm-564M,10,5LocalWordSwaps,484,0.9959381222724915
xglm_small,facebook/xglm-564M,10,5LocalWordSwaps,485,0.9954502582550049
xglm_small,facebook/xglm-564M,10,5LocalWordSwaps,486,0.9969469308853149
xglm_small,facebook/xglm-564M,10,5LocalWordSwaps,487,0.9975370168685913
xglm_small,facebook/xglm-564M,10,5LocalWordSwaps,488,0.9973775148391724
xglm_small,facebook/xglm-564M,10,5LocalWordSwaps,489,0.9970542788505554
xglm_small,facebook/xglm-564M,10,5LocalWordSwaps,490,0.9965317249298096
xglm_small,facebook/xglm-564M,10,5LocalWordSwaps,491,0.9971154928207397
xglm_small,facebook/xglm-564M,10,5LocalWordSwaps,492,0.9944925308227539
xglm_small,facebook/xglm-564M,10,5LocalWordSwaps,493,0.9976006746292114
xglm_small,facebook/xglm-564M,10,5LocalWordSwaps,494,0.9970486164093018
xglm_small,facebook/xglm-564M,10,5LocalWordSwaps,495,0.9971362352371216
xglm_small,facebook/xglm-564M,10,5LocalWordSwaps,496,0.9976487755775452
xglm_small,facebook/xglm-564M,10,5LocalWordSwaps,497,0.9955058097839355
xglm_small,facebook/xglm-564M,10,5LocalWordSwaps,498,0.9963079690933228
xglm_small,facebook/xglm-564M,10,5LocalWordSwaps,499,0.997400164604187
xglm_small,facebook/xglm-564M,10,5LocalWordSwaps,500,0.9970651268959045
xglm_small,facebook/xglm-564M,10,5LocalWordSwaps,501,0.9972690343856812
xglm_small,facebook/xglm-564M,10,5LocalWordSwaps,502,0.9953833818435669
xglm_small,facebook/xglm-564M,10,5LocalWordSwaps,503,0.9967002868652344
xglm_small,facebook/xglm-564M,10,5LocalWordSwaps,504,0.9973458647727966
xglm_small,facebook/xglm-564M,10,5LocalWordSwaps,505,0.9972338080406189
xglm_small,facebook/xglm-564M,10,5LocalWordSwaps,506,0.9972787499427795
xglm_small,facebook/xglm-564M,10,5LocalWordSwaps,507,0.9961938858032227
xglm_small,facebook/xglm-564M,10,5LocalWordSwaps,508,0.9971965551376343
xglm_small,facebook/xglm-564M,10,5LocalWordSwaps,509,0.997761607170105
xglm_small,facebook/xglm-564M,10,5LocalWordSwaps,510,0.9956573843955994
xglm_small,facebook/xglm-564M,10,5LocalWordSwaps,511,0.9971808195114136
xglm_small,facebook/xglm-564M,10,5LocalWordSwaps,512,0.9973852634429932
xglm_small,facebook/xglm-564M,10,5LocalWordSwaps,513,0.9961702823638916
xglm_small,facebook/xglm-564M,10,5LocalWordSwaps,514,0.9964130520820618
xglm_small,facebook/xglm-564M,10,5LocalWordSwaps,515,0.996695876121521
xglm_small,facebook/xglm-564M,10,5LocalWordSwaps,516,0.9965658783912659
xglm_small,facebook/xglm-564M,10,5LocalWordSwaps,517,0.997381329536438
xglm_small,facebook/xglm-564M,10,5LocalWordSwaps,518,0.9964297413825989
xglm_small,facebook/xglm-564M,10,5LocalWordSwaps,519,0.9970976710319519
xglm_small,facebook/xglm-564M,10,5LocalWordSwaps,520,0.9980663061141968
xglm_small,facebook/xglm-564M,10,5LocalWordSwaps,521,0.9966083765029907
xglm_small,facebook/xglm-564M,10,5LocalWordSwaps,522,0.9974741339683533
xglm_small,facebook/xglm-564M,10,5LocalWordSwaps,523,0.998012900352478
xglm_small,facebook/xglm-564M,10,5LocalWordSwaps,524,0.9966624975204468
xglm_small,facebook/xglm-564M,10,5LocalWordSwaps,525,0.9971437454223633
xglm_small,facebook/xglm-564M,10,5LocalWordSwaps,526,0.9970762133598328
xglm_small,facebook/xglm-564M,10,5LocalWordSwaps,527,0.9968095421791077
xglm_small,facebook/xglm-564M,10,5LocalWordSwaps,528,0.9966434240341187
xglm_small,facebook/xglm-564M,10,5LocalWordSwaps,529,0.9973596334457397
xglm_small,facebook/xglm-564M,10,5LocalWordSwaps,530,0.9964979887008667
xglm_small,facebook/xglm-564M,10,5LocalWordSwaps,531,0.9969496726989746
xglm_small,facebook/xglm-564M,10,5LocalWordSwaps,532,0.9971197843551636
xglm_small,facebook/xglm-564M,10,5LocalWordSwaps,533,0.9978785514831543
xglm_small,facebook/xglm-564M,10,5LocalWordSwaps,534,0.9968526363372803
xglm_small,facebook/xglm-564M,10,5LocalWordSwaps,535,0.9977965354919434
xglm_small,facebook/xglm-564M,10,5LocalWordSwaps,536,0.9958927631378174
xglm_small,facebook/xglm-564M,10,5LocalWordSwaps,537,0.9969736933708191
xglm_small,facebook/xglm-564M,10,5LocalWordSwaps,538,0.9974671006202698
xglm_small,facebook/xglm-564M,10,5LocalWordSwaps,539,0.9967423677444458
xglm_small,facebook/xglm-564M,10,5LocalWordSwaps,540,0.9967730045318604
xglm_small,facebook/xglm-564M,10,5LocalWordSwaps,541,0.9974523782730103
xglm_small,facebook/xglm-564M,10,5LocalWordSwaps,542,0.9964495897293091
xglm_small,facebook/xglm-564M,10,5LocalWordSwaps,543,0.9968770146369934
xglm_small,facebook/xglm-564M,10,5LocalWordSwaps,544,0.9976809620857239
xglm_small,facebook/xglm-564M,10,5LocalWordSwaps,545,0.9977813363075256
xglm_small,facebook/xglm-564M,10,5LocalWordSwaps,546,0.9974138140678406
xglm_small,facebook/xglm-564M,10,5LocalWordSwaps,547,0.9976949691772461
xglm_small,facebook/xglm-564M,10,5LocalWordSwaps,548,0.9977017641067505
xglm_small,facebook/xglm-564M,10,5LocalWordSwaps,549,0.997051477432251
xglm_small,facebook/xglm-564M,10,5LocalWordSwaps,550,0.9959391355514526
xglm_small,facebook/xglm-564M,10,5LocalWordSwaps,551,0.9976479411125183
xglm_small,facebook/xglm-564M,10,5LocalWordSwaps,552,0.996871829032898
xglm_small,facebook/xglm-564M,10,5LocalWordSwaps,553,0.9978954195976257
xglm_small,facebook/xglm-564M,10,5LocalWordSwaps,554,0.9977679252624512
xglm_small,facebook/xglm-564M,10,5LocalWordSwaps,555,0.9979953765869141
xglm_small,facebook/xglm-564M,10,5LocalWordSwaps,556,0.9925975799560547
xglm_small,facebook/xglm-564M,10,5LocalWordSwaps,557,0.9958953857421875
xglm_small,facebook/xglm-564M,10,5LocalWordSwaps,558,0.9963183403015137
xglm_small,facebook/xglm-564M,10,5LocalWordSwaps,559,0.9968351125717163
xglm_small,facebook/xglm-564M,10,5LocalWordSwaps,560,0.9976323843002319
xglm_small,facebook/xglm-564M,10,5LocalWordSwaps,561,0.9971654415130615
xglm_small,facebook/xglm-564M,10,5LocalWordSwaps,562,0.9971053004264832
xglm_small,facebook/xglm-564M,10,5LocalWordSwaps,563,0.9970588088035583
xglm_small,facebook/xglm-564M,10,5LocalWordSwaps,564,0.9965609312057495
xglm_small,facebook/xglm-564M,10,5LocalWordSwaps,565,0.9973193407058716
xglm_small,facebook/xglm-564M,10,5LocalWordSwaps,566,0.999521791934967
xglm_small,facebook/xglm-564M,10,5LocalWordSwaps,567,0.9996873736381531
xglm_small,facebook/xglm-564M,10,5LocalWordSwaps,568,0.9972438216209412
xglm_small,facebook/xglm-564M,10,5LocalWordSwaps,569,0.9992904663085938
xglm_small,facebook/xglm-564M,10,5LocalWordSwaps,570,0.9976270794868469
xglm_small,facebook/xglm-564M,10,5LocalWordSwaps,571,0.996047854423523
xglm_small,facebook/xglm-564M,10,5LocalWordSwaps,572,0.9964970350265503
xglm_small,facebook/xglm-564M,10,5LocalWordSwaps,573,0.9972273111343384
xglm_small,facebook/xglm-564M,10,5LocalWordSwaps,574,0.9971293210983276
xglm_small,facebook/xglm-564M,10,5LocalWordSwaps,575,0.997484028339386
xglm_small,facebook/xglm-564M,10,5LocalWordSwaps,576,0.9970322847366333
xglm_small,facebook/xglm-564M,10,5LocalWordSwaps,577,0.9975046515464783
xglm_small,facebook/xglm-564M,10,5LocalWordSwaps,578,0.9979849457740784
xglm_small,facebook/xglm-564M,10,5LocalWordSwaps,579,0.9970584511756897
xglm_small,facebook/xglm-564M,10,5LocalWordSwaps,580,0.9970591068267822
xglm_small,facebook/xglm-564M,10,5LocalWordSwaps,581,0.9968595504760742
xglm_small,facebook/xglm-564M,10,5LocalWordSwaps,582,0.9975788593292236
xglm_small,facebook/xglm-564M,10,5LocalWordSwaps,583,0.997101902961731
xglm_small,facebook/xglm-564M,10,5LocalWordSwaps,584,0.9976879358291626
xglm_small,facebook/xglm-564M,10,5LocalWordSwaps,585,0.9976482391357422
xglm_small,facebook/xglm-564M,10,5LocalWordSwaps,586,0.9961949586868286
xglm_small,facebook/xglm-564M,10,5LocalWordSwaps,587,0.9977845549583435
xglm_small,facebook/xglm-564M,10,5LocalWordSwaps,588,0.9971654415130615
xglm_small,facebook/xglm-564M,10,5LocalWordSwaps,589,0.9959344267845154
xglm_small,facebook/xglm-564M,10,5LocalWordSwaps,590,0.9958630800247192
xglm_small,facebook/xglm-564M,10,5LocalWordSwaps,591,0.9968810081481934
xglm_small,facebook/xglm-564M,10,5LocalWordSwaps,592,0.9976041913032532
xglm_small,facebook/xglm-564M,10,5LocalWordSwaps,593,0.9975341558456421
xglm_small,facebook/xglm-564M,10,5LocalWordSwaps,594,0.9976992011070251
xglm_small,facebook/xglm-564M,10,5LocalWordSwaps,595,0.9972098469734192
xglm_small,facebook/xglm-564M,10,5LocalWordSwaps,596,0.9969017505645752
xglm_small,facebook/xglm-564M,10,5LocalWordSwaps,597,0.9973844289779663
xglm_small,facebook/xglm-564M,10,5LocalWordSwaps,598,0.9970628619194031
xglm_small,facebook/xglm-564M,10,5LocalWordSwaps,599,0.9971398115158081
xglm_small,facebook/xglm-564M,10,5LocalWordSwaps,600,0.9948080778121948
xglm_small,facebook/xglm-564M,10,5LocalWordSwaps,601,0.9964954853057861
xglm_small,facebook/xglm-564M,10,5LocalWordSwaps,602,0.9973100423812866
xglm_small,facebook/xglm-564M,10,5LocalWordSwaps,603,0.9971854090690613
xglm_small,facebook/xglm-564M,10,5LocalWordSwaps,604,0.9978668093681335
xglm_small,facebook/xglm-564M,10,5LocalWordSwaps,605,0.9978185892105103
xglm_small,facebook/xglm-564M,10,5LocalWordSwaps,606,0.9967465400695801
xglm_small,facebook/xglm-564M,10,5LocalWordSwaps,607,0.9961344003677368
xglm_small,facebook/xglm-564M,10,5LocalWordSwaps,608,0.9969007968902588
xglm_small,facebook/xglm-564M,10,5LocalWordSwaps,609,0.9978782534599304
xglm_small,facebook/xglm-564M,10,5LocalWordSwaps,610,0.9958858489990234
xglm_small,facebook/xglm-564M,10,5LocalWordSwaps,611,0.9958260655403137
xglm_small,facebook/xglm-564M,10,5LocalWordSwaps,612,0.9970410466194153
xglm_small,facebook/xglm-564M,10,5LocalWordSwaps,613,0.9967478513717651
xglm_small,facebook/xglm-564M,10,5LocalWordSwaps,614,0.9969995021820068
xglm_small,facebook/xglm-564M,10,5LocalWordSwaps,615,0.9968971014022827
xglm_small,facebook/xglm-564M,10,5LocalWordSwaps,616,0.9963668584823608
xglm_small,facebook/xglm-564M,10,5LocalWordSwaps,617,0.9975548386573792
xglm_small,facebook/xglm-564M,10,5LocalWordSwaps,618,0.996523380279541
xglm_small,facebook/xglm-564M,10,5LocalWordSwaps,619,0.996658205986023
xglm_small,facebook/xglm-564M,10,5LocalWordSwaps,620,0.9973385334014893
xglm_small,facebook/xglm-564M,10,5LocalWordSwaps,621,0.9981824159622192
xglm_small,facebook/xglm-564M,10,5LocalWordSwaps,622,0.9973275661468506
xglm_small,facebook/xglm-564M,10,5LocalWordSwaps,623,0.9963598847389221
xglm_small,facebook/xglm-564M,10,5LocalWordSwaps,624,0.9958122968673706
xglm_small,facebook/xglm-564M,10,5LocalWordSwaps,625,0.9965145587921143
xglm_small,facebook/xglm-564M,10,5LocalWordSwaps,626,0.997824490070343
xglm_small,facebook/xglm-564M,10,5LocalWordSwaps,627,0.9967387914657593
xglm_small,facebook/xglm-564M,10,5LocalWordSwaps,628,0.9978492259979248
xglm_small,facebook/xglm-564M,10,5LocalWordSwaps,629,0.9977601170539856
xglm_small,facebook/xglm-564M,10,5LocalWordSwaps,630,0.9968956708908081
xglm_small,facebook/xglm-564M,10,5LocalWordSwaps,631,0.9960047006607056
xglm_small,facebook/xglm-564M,10,5LocalWordSwaps,632,0.9953242540359497
xglm_small,facebook/xglm-564M,10,5LocalWordSwaps,633,0.9971829056739807
xglm_small,facebook/xglm-564M,10,5LocalWordSwaps,634,0.9974244236946106
xglm_small,facebook/xglm-564M,10,5LocalWordSwaps,635,0.9967482089996338
xglm_small,facebook/xglm-564M,10,5LocalWordSwaps,636,0.9970179200172424
xglm_small,facebook/xglm-564M,10,5LocalWordSwaps,637,0.9973499774932861
xglm_small,facebook/xglm-564M,10,5LocalWordSwaps,638,0.9977944493293762
xglm_small,facebook/xglm-564M,10,5LocalWordSwaps,639,0.998038113117218
xglm_small,facebook/xglm-564M,10,5LocalWordSwaps,640,0.9976937174797058
xglm_small,facebook/xglm-564M,10,5LocalWordSwaps,641,0.9972690939903259
xglm_small,facebook/xglm-564M,10,5LocalWordSwaps,642,0.996089518070221
xglm_small,facebook/xglm-564M,10,5LocalWordSwaps,643,0.9962825775146484
xglm_small,facebook/xglm-564M,10,5LocalWordSwaps,644,0.996793270111084
xglm_small,facebook/xglm-564M,10,5LocalWordSwaps,645,0.9972225427627563
xglm_small,facebook/xglm-564M,10,5LocalWordSwaps,646,0.9966302514076233
xglm_small,facebook/xglm-564M,10,5LocalWordSwaps,647,0.9968816041946411
xglm_small,facebook/xglm-564M,10,5LocalWordSwaps,648,0.9979523420333862
xglm_small,facebook/xglm-564M,10,5LocalWordSwaps,649,0.9978523254394531
xglm_small,facebook/xglm-564M,10,5LocalWordSwaps,650,0.9974966049194336
xglm_small,facebook/xglm-564M,10,5LocalWordSwaps,651,0.9964967370033264
xglm_small,facebook/xglm-564M,10,5LocalWordSwaps,652,0.9976491928100586
xglm_small,facebook/xglm-564M,10,5LocalWordSwaps,653,0.9966861009597778
xglm_small,facebook/xglm-564M,10,5LocalWordSwaps,654,0.9963054060935974
xglm_small,facebook/xglm-564M,10,5LocalWordSwaps,655,0.9973812103271484
xglm_small,facebook/xglm-564M,10,5LocalWordSwaps,656,0.9977572560310364
xglm_small,facebook/xglm-564M,10,5LocalWordSwaps,657,0.9976884722709656
xglm_small,facebook/xglm-564M,10,5LocalWordSwaps,658,0.9972609281539917
xglm_small,facebook/xglm-564M,10,5LocalWordSwaps,659,0.9957922697067261
xglm_small,facebook/xglm-564M,10,5LocalWordSwaps,660,0.9962247610092163
xglm_small,facebook/xglm-564M,10,5LocalWordSwaps,661,0.9977643489837646
xglm_small,facebook/xglm-564M,10,5LocalWordSwaps,662,0.996310830116272
xglm_small,facebook/xglm-564M,10,5LocalWordSwaps,663,0.9970821738243103
xglm_small,facebook/xglm-564M,10,5LocalWordSwaps,664,0.9976211786270142
xglm_small,facebook/xglm-564M,10,5LocalWordSwaps,665,0.9965934753417969
xglm_small,facebook/xglm-564M,10,5LocalWordSwaps,666,0.9973903894424438
xglm_small,facebook/xglm-564M,10,5LocalWordSwaps,667,0.9971975088119507
xglm_small,facebook/xglm-564M,10,5LocalWordSwaps,668,0.997399091720581
xglm_small,facebook/xglm-564M,10,5LocalWordSwaps,669,0.9961878061294556
xglm_small,facebook/xglm-564M,10,5LocalWordSwaps,670,0.9974519610404968
xglm_small,facebook/xglm-564M,10,5LocalWordSwaps,671,0.997516930103302
xglm_small,facebook/xglm-564M,10,5LocalWordSwaps,672,0.9958533048629761
xglm_small,facebook/xglm-564M,10,5LocalWordSwaps,673,0.9978480935096741
xglm_small,facebook/xglm-564M,10,5LocalWordSwaps,674,0.9972048997879028
xglm_small,facebook/xglm-564M,10,5LocalWordSwaps,675,0.9965564012527466
xglm_small,facebook/xglm-564M,10,5LocalWordSwaps,676,0.9971949458122253
xglm_small,facebook/xglm-564M,10,5LocalWordSwaps,677,0.9972639083862305
xglm_small,facebook/xglm-564M,10,5LocalWordSwaps,678,0.9954807758331299
xglm_small,facebook/xglm-564M,10,5LocalWordSwaps,679,0.9965240955352783
xglm_small,facebook/xglm-564M,10,5LocalWordSwaps,680,0.9975636601448059
xglm_small,facebook/xglm-564M,10,5LocalWordSwaps,681,0.997739315032959
xglm_small,facebook/xglm-564M,10,5LocalWordSwaps,682,0.9959196448326111
xglm_small,facebook/xglm-564M,10,5LocalWordSwaps,683,0.9965658187866211
xglm_small,facebook/xglm-564M,10,5LocalWordSwaps,684,0.9975749254226685
xglm_small,facebook/xglm-564M,10,5LocalWordSwaps,685,0.9960317015647888
xglm_small,facebook/xglm-564M,10,5LocalWordSwaps,686,0.9972913265228271
xglm_small,facebook/xglm-564M,10,5LocalWordSwaps,687,0.9967817664146423
xglm_small,facebook/xglm-564M,10,5LocalWordSwaps,688,0.9968116283416748
xglm_small,facebook/xglm-564M,10,5LocalWordSwaps,689,0.9972602128982544
xglm_small,facebook/xglm-564M,10,5LocalWordSwaps,690,0.9966287016868591
xglm_small,facebook/xglm-564M,10,5LocalWordSwaps,691,0.9977017045021057
xglm_small,facebook/xglm-564M,10,5LocalWordSwaps,692,0.998009204864502
xglm_small,facebook/xglm-564M,10,5LocalWordSwaps,693,0.995568573474884
xglm_small,facebook/xglm-564M,10,5LocalWordSwaps,694,0.9966126084327698
xglm_small,facebook/xglm-564M,10,5LocalWordSwaps,695,0.9970203638076782
xglm_small,facebook/xglm-564M,10,5LocalWordSwaps,696,0.997769832611084
xglm_small,facebook/xglm-564M,10,5LocalWordSwaps,697,0.9977219104766846
xglm_small,facebook/xglm-564M,10,5LocalWordSwaps,698,0.9967445731163025
xglm_small,facebook/xglm-564M,10,5LocalWordSwaps,699,0.9968106150627136
xglm_small,facebook/xglm-564M,10,5LocalWordSwaps,700,0.9973565340042114
xglm_small,facebook/xglm-564M,10,5LocalWordSwaps,701,0.9972689151763916
xglm_small,facebook/xglm-564M,10,5LocalWordSwaps,702,0.9978483319282532
xglm_small,facebook/xglm-564M,10,5LocalWordSwaps,703,0.9977744221687317
xglm_small,facebook/xglm-564M,10,5LocalWordSwaps,704,0.9975808262825012
xglm_small,facebook/xglm-564M,10,5LocalWordSwaps,705,0.9973233342170715
xglm_small,facebook/xglm-564M,10,5LocalWordSwaps,706,0.9969315528869629
xglm_small,facebook/xglm-564M,10,5LocalWordSwaps,707,0.9960985779762268
xglm_small,facebook/xglm-564M,10,5LocalWordSwaps,708,0.9971458315849304
xglm_small,facebook/xglm-564M,10,5LocalWordSwaps,709,0.9968035817146301
xglm_small,facebook/xglm-564M,10,5LocalWordSwaps,710,0.9961860179901123
xglm_small,facebook/xglm-564M,10,5LocalWordSwaps,711,0.9973711371421814
xglm_small,facebook/xglm-564M,10,5LocalWordSwaps,712,0.9970616698265076
xglm_small,facebook/xglm-564M,10,5LocalWordSwaps,713,0.9979867935180664
xglm_small,facebook/xglm-564M,10,5LocalWordSwaps,714,0.9974750280380249
xglm_small,facebook/xglm-564M,10,5LocalWordSwaps,715,0.9966749548912048
xglm_small,facebook/xglm-564M,10,5LocalWordSwaps,716,0.9971945881843567
xglm_small,facebook/xglm-564M,10,5LocalWordSwaps,717,0.9982026815414429
xglm_small,facebook/xglm-564M,10,5LocalWordSwaps,718,0.998165488243103
xglm_small,facebook/xglm-564M,10,5LocalWordSwaps,719,0.9975489377975464
xglm_small,facebook/xglm-564M,10,5LocalWordSwaps,720,0.9969239234924316
xglm_small,facebook/xglm-564M,10,5LocalWordSwaps,721,0.9976217150688171
xglm_small,facebook/xglm-564M,10,5LocalWordSwaps,722,0.997649610042572
xglm_small,facebook/xglm-564M,10,5LocalWordSwaps,723,0.9979560971260071
xglm_small,facebook/xglm-564M,10,5LocalWordSwaps,724,0.9962203502655029
xglm_small,facebook/xglm-564M,10,5LocalWordSwaps,725,0.998022198677063
xglm_small,facebook/xglm-564M,10,5LocalWordSwaps,726,0.9971580505371094
xglm_small,facebook/xglm-564M,10,5LocalWordSwaps,727,0.997924268245697
xglm_small,facebook/xglm-564M,10,5LocalWordSwaps,728,0.997836709022522
xglm_small,facebook/xglm-564M,10,5LocalWordSwaps,729,0.9978272914886475
xglm_small,facebook/xglm-564M,10,5LocalWordSwaps,730,0.9972175359725952
xglm_small,facebook/xglm-564M,10,5LocalWordSwaps,731,0.9955777525901794
xglm_small,facebook/xglm-564M,10,5LocalWordSwaps,732,0.9963586330413818
xglm_small,facebook/xglm-564M,10,5LocalWordSwaps,733,0.9977289438247681
xglm_small,facebook/xglm-564M,10,5LocalWordSwaps,734,0.9980854392051697
xglm_small,facebook/xglm-564M,10,5LocalWordSwaps,735,0.9964011907577515
xglm_small,facebook/xglm-564M,10,5LocalWordSwaps,736,0.9967507123947144
xglm_small,facebook/xglm-564M,10,5LocalWordSwaps,737,0.9974523186683655
xglm_small,facebook/xglm-564M,10,5LocalWordSwaps,738,0.9973680973052979
xglm_small,facebook/xglm-564M,10,5LocalWordSwaps,739,0.9971265196800232
xglm_small,facebook/xglm-564M,10,5LocalWordSwaps,740,0.9975833296775818
xglm_small,facebook/xglm-564M,10,5LocalWordSwaps,741,0.9978103637695312
xglm_small,facebook/xglm-564M,10,5LocalWordSwaps,742,0.9961779117584229
xglm_small,facebook/xglm-564M,10,5LocalWordSwaps,743,0.9976914525032043
xglm_small,facebook/xglm-564M,10,5LocalWordSwaps,744,0.9975436329841614
xglm_small,facebook/xglm-564M,10,5LocalWordSwaps,745,0.9972082376480103
xglm_small,facebook/xglm-564M,10,5LocalWordSwaps,746,0.9960694909095764
xglm_small,facebook/xglm-564M,10,5LocalWordSwaps,747,0.9979293942451477
xglm_small,facebook/xglm-564M,10,5LocalWordSwaps,748,0.997846245765686
xglm_small,facebook/xglm-564M,10,5LocalWordSwaps,749,0.9981070756912231
xglm_small,facebook/xglm-564M,10,5LocalWordSwaps,750,0.9976410865783691
xglm_small,facebook/xglm-564M,10,5LocalWordSwaps,751,0.9975695610046387
xglm_small,facebook/xglm-564M,10,5LocalWordSwaps,752,0.9977683424949646
xglm_small,facebook/xglm-564M,10,5LocalWordSwaps,753,0.9975636601448059
xglm_small,facebook/xglm-564M,10,5LocalWordSwaps,754,0.9959313869476318
xglm_small,facebook/xglm-564M,10,5LocalWordSwaps,755,0.9979828596115112
xglm_small,facebook/xglm-564M,10,5LocalWordSwaps,756,0.997206449508667
xglm_small,facebook/xglm-564M,10,5LocalWordSwaps,757,0.9981443285942078
xglm_small,facebook/xglm-564M,10,5LocalWordSwaps,758,0.9978897571563721
xglm_small,facebook/xglm-564M,10,5LocalWordSwaps,759,0.9975252151489258
xglm_small,facebook/xglm-564M,10,5LocalWordSwaps,760,0.9958415031433105
xglm_small,facebook/xglm-564M,10,5LocalWordSwaps,761,0.9935132265090942
xglm_small,facebook/xglm-564M,10,5LocalWordSwaps,762,0.9975182414054871
xglm_small,facebook/xglm-564M,10,5LocalWordSwaps,763,0.99778151512146
xglm_small,facebook/xglm-564M,10,5LocalWordSwaps,764,0.9968317747116089
xglm_small,facebook/xglm-564M,10,5LocalWordSwaps,765,0.9977114200592041
xglm_small,facebook/xglm-564M,10,5LocalWordSwaps,766,0.998065173625946
xglm_small,facebook/xglm-564M,10,5LocalWordSwaps,767,0.9977259635925293
xglm_small,facebook/xglm-564M,10,5LocalWordSwaps,768,0.9975403547286987
xglm_small,facebook/xglm-564M,10,5LocalWordSwaps,769,0.9978229999542236
xglm_small,facebook/xglm-564M,10,5LocalWordSwaps,770,0.996671199798584
xglm_small,facebook/xglm-564M,10,5LocalWordSwaps,771,0.9979019165039062
xglm_small,facebook/xglm-564M,10,5LocalWordSwaps,772,0.9977302551269531
xglm_small,facebook/xglm-564M,10,5LocalWordSwaps,773,0.9960983991622925
xglm_small,facebook/xglm-564M,10,5LocalWordSwaps,774,0.9977361559867859
xglm_small,facebook/xglm-564M,10,5LocalWordSwaps,775,0.9964871406555176
xglm_small,facebook/xglm-564M,10,5LocalWordSwaps,776,0.9977983236312866
xglm_small,facebook/xglm-564M,10,5LocalWordSwaps,777,0.9973242878913879
xglm_small,facebook/xglm-564M,10,5LocalWordSwaps,778,0.9968881607055664
xglm_small,facebook/xglm-564M,10,5LocalWordSwaps,779,0.9976514577865601
xglm_small,facebook/xglm-564M,10,5LocalWordSwaps,780,0.9962154626846313
xglm_small,facebook/xglm-564M,10,5LocalWordSwaps,781,0.9975941181182861
xglm_small,facebook/xglm-564M,10,5LocalWordSwaps,782,0.9976105690002441
xglm_small,facebook/xglm-564M,10,5LocalWordSwaps,783,0.997450053691864
xglm_small,facebook/xglm-564M,10,5LocalWordSwaps,784,0.9968461990356445
xglm_small,facebook/xglm-564M,10,5LocalWordSwaps,785,0.9970927238464355
xglm_small,facebook/xglm-564M,10,5LocalWordSwaps,786,0.9972034692764282
xglm_small,facebook/xglm-564M,10,5LocalWordSwaps,787,0.9965382218360901
xglm_small,facebook/xglm-564M,10,5LocalWordSwaps,788,0.9978734254837036
xglm_small,facebook/xglm-564M,10,5LocalWordSwaps,789,0.9970045685768127
xglm_small,facebook/xglm-564M,10,5LocalWordSwaps,790,0.9963128566741943
xglm_small,facebook/xglm-564M,10,5LocalWordSwaps,791,0.9963648915290833
xglm_small,facebook/xglm-564M,10,5LocalWordSwaps,792,0.9968196749687195
xglm_small,facebook/xglm-564M,10,5LocalWordSwaps,793,0.9966196417808533
xglm_small,facebook/xglm-564M,10,5LocalWordSwaps,794,0.9977478981018066
xglm_small,facebook/xglm-564M,10,5LocalWordSwaps,795,0.997429370880127
xglm_small,facebook/xglm-564M,10,5LocalWordSwaps,796,0.9975504875183105
xglm_small,facebook/xglm-564M,10,5LocalWordSwaps,797,0.9977121353149414
xglm_small,facebook/xglm-564M,10,5LocalWordSwaps,798,0.9980758428573608
xglm_small,facebook/xglm-564M,10,5LocalWordSwaps,799,0.9975098967552185
xglm_small,facebook/xglm-564M,10,5LocalWordSwaps,800,0.9973062872886658
xglm_small,facebook/xglm-564M,10,5LocalWordSwaps,801,0.9969765543937683
xglm_small,facebook/xglm-564M,10,5LocalWordSwaps,802,0.9961584210395813
xglm_small,facebook/xglm-564M,10,5LocalWordSwaps,803,0.9974650740623474
xglm_small,facebook/xglm-564M,10,5LocalWordSwaps,804,0.9976791143417358
xglm_small,facebook/xglm-564M,10,5LocalWordSwaps,805,0.9964994192123413
xglm_small,facebook/xglm-564M,10,5LocalWordSwaps,806,0.9971566796302795
xglm_small,facebook/xglm-564M,10,5LocalWordSwaps,807,0.9974552989006042
xglm_small,facebook/xglm-564M,10,5LocalWordSwaps,808,0.9968101382255554
xglm_small,facebook/xglm-564M,10,5LocalWordSwaps,809,0.9972262978553772
xglm_small,facebook/xglm-564M,10,5LocalWordSwaps,810,0.997894287109375
xglm_small,facebook/xglm-564M,10,5LocalWordSwaps,811,0.9967877864837646
xglm_small,facebook/xglm-564M,10,5LocalWordSwaps,812,0.9977995753288269
xglm_small,facebook/xglm-564M,10,5LocalWordSwaps,813,0.9970136284828186
xglm_small,facebook/xglm-564M,10,5LocalWordSwaps,814,0.9974960088729858
xglm_small,facebook/xglm-564M,10,5LocalWordSwaps,815,0.9976305961608887
xglm_small,facebook/xglm-564M,10,5LocalWordSwaps,816,0.9975621700286865
xglm_small,facebook/xglm-564M,10,5LocalWordSwaps,817,0.9974949955940247
xglm_small,facebook/xglm-564M,10,5LocalWordSwaps,818,0.9957934617996216
xglm_small,facebook/xglm-564M,10,5LocalWordSwaps,819,0.9950932264328003
xglm_small,facebook/xglm-564M,10,5LocalWordSwaps,820,0.997654914855957
xglm_small,facebook/xglm-564M,10,5LocalWordSwaps,821,0.9978403449058533
xglm_small,facebook/xglm-564M,10,5LocalWordSwaps,822,0.9971960783004761
xglm_small,facebook/xglm-564M,10,5LocalWordSwaps,823,0.9975153803825378
xglm_small,facebook/xglm-564M,10,5LocalWordSwaps,824,0.9977751970291138
xglm_small,facebook/xglm-564M,10,5LocalWordSwaps,825,0.9978265762329102
xglm_small,facebook/xglm-564M,10,5LocalWordSwaps,826,0.9976873993873596
xglm_small,facebook/xglm-564M,10,5LocalWordSwaps,827,0.9977453351020813
xglm_small,facebook/xglm-564M,10,5LocalWordSwaps,828,0.9965988397598267
xglm_small,facebook/xglm-564M,10,5LocalWordSwaps,829,0.996907114982605
xglm_small,facebook/xglm-564M,10,5LocalWordSwaps,830,0.9975408911705017
xglm_small,facebook/xglm-564M,10,5LocalWordSwaps,831,0.9970734715461731
xglm_small,facebook/xglm-564M,10,5LocalWordSwaps,832,0.9972441792488098
xglm_small,facebook/xglm-564M,10,5LocalWordSwaps,833,0.9975528717041016
xglm_small,facebook/xglm-564M,10,5LocalWordSwaps,834,0.9977824687957764
xglm_small,facebook/xglm-564M,10,5LocalWordSwaps,835,0.997698187828064
xglm_small,facebook/xglm-564M,10,5LocalWordSwaps,836,0.9977058172225952
xglm_small,facebook/xglm-564M,10,5LocalWordSwaps,837,0.9977014064788818
xglm_small,facebook/xglm-564M,10,5LocalWordSwaps,838,0.9978090524673462
xglm_small,facebook/xglm-564M,10,5LocalWordSwaps,839,0.9971336126327515
xglm_small,facebook/xglm-564M,10,5LocalWordSwaps,840,0.9971691370010376
xglm_small,facebook/xglm-564M,10,5LocalWordSwaps,841,0.998363733291626
xglm_small,facebook/xglm-564M,10,5LocalWordSwaps,842,0.998124897480011
xglm_small,facebook/xglm-564M,10,5LocalWordSwaps,843,0.9974338412284851
xglm_small,facebook/xglm-564M,10,5LocalWordSwaps,844,0.9963582754135132
xglm_small,facebook/xglm-564M,10,5LocalWordSwaps,845,0.9955040216445923
xglm_small,facebook/xglm-564M,10,5LocalWordSwaps,846,0.996600329875946
xglm_small,facebook/xglm-564M,10,5LocalWordSwaps,847,0.9972212910652161
xglm_small,facebook/xglm-564M,10,5LocalWordSwaps,848,0.9978699088096619
xglm_small,facebook/xglm-564M,10,5LocalWordSwaps,849,0.9975824356079102
xglm_small,facebook/xglm-564M,10,5LocalWordSwaps,850,0.9972492456436157
xglm_small,facebook/xglm-564M,10,5LocalWordSwaps,851,0.9974714517593384
xglm_small,facebook/xglm-564M,10,5LocalWordSwaps,852,0.9974883794784546
xglm_small,facebook/xglm-564M,10,5LocalWordSwaps,853,0.9974095821380615
xglm_small,facebook/xglm-564M,10,5LocalWordSwaps,854,0.9961628913879395
xglm_small,facebook/xglm-564M,10,5LocalWordSwaps,855,0.9971728920936584
xglm_small,facebook/xglm-564M,10,5LocalWordSwaps,856,0.996631383895874
xglm_small,facebook/xglm-564M,10,5LocalWordSwaps,857,0.99619060754776
xglm_small,facebook/xglm-564M,10,5LocalWordSwaps,858,0.9979850649833679
xglm_small,facebook/xglm-564M,10,5LocalWordSwaps,859,0.9982348680496216
xglm_small,facebook/xglm-564M,10,5LocalWordSwaps,860,0.9975857734680176
xglm_small,facebook/xglm-564M,10,5LocalWordSwaps,861,0.9966263175010681
xglm_small,facebook/xglm-564M,10,5LocalWordSwaps,862,0.9978916645050049
xglm_small,facebook/xglm-564M,10,5LocalWordSwaps,863,0.997955858707428
xglm_small,facebook/xglm-564M,10,5LocalWordSwaps,864,0.9966879487037659
xglm_small,facebook/xglm-564M,10,5LocalWordSwaps,865,0.9976670742034912
xglm_small,facebook/xglm-564M,10,5LocalWordSwaps,866,0.997011661529541
xglm_small,facebook/xglm-564M,10,5LocalWordSwaps,867,0.9964694976806641
xglm_small,facebook/xglm-564M,10,5LocalWordSwaps,868,0.9967130422592163
xglm_small,facebook/xglm-564M,10,5LocalWordSwaps,869,0.9958546757698059
xglm_small,facebook/xglm-564M,10,5LocalWordSwaps,870,0.9977555274963379
xglm_small,facebook/xglm-564M,10,5LocalWordSwaps,871,0.9970723986625671
xglm_small,facebook/xglm-564M,10,5LocalWordSwaps,872,0.9983002543449402
xglm_small,facebook/xglm-564M,10,5LocalWordSwaps,873,0.9975214600563049
xglm_small,facebook/xglm-564M,10,5LocalWordSwaps,874,0.9970784187316895
xglm_small,facebook/xglm-564M,10,5LocalWordSwaps,875,0.9971783757209778
xglm_small,facebook/xglm-564M,10,5LocalWordSwaps,876,0.998024582862854
xglm_small,facebook/xglm-564M,10,5LocalWordSwaps,877,0.9960021376609802
xglm_small,facebook/xglm-564M,10,5LocalWordSwaps,878,0.9970735907554626
xglm_small,facebook/xglm-564M,10,5LocalWordSwaps,879,0.996403157711029
xglm_small,facebook/xglm-564M,10,5LocalWordSwaps,880,0.9968298673629761
xglm_small,facebook/xglm-564M,10,5LocalWordSwaps,881,0.9967080354690552
xglm_small,facebook/xglm-564M,10,5LocalWordSwaps,882,0.9971025586128235
xglm_small,facebook/xglm-564M,10,5LocalWordSwaps,883,0.9962791800498962
xglm_small,facebook/xglm-564M,10,5LocalWordSwaps,884,0.9963001012802124
xglm_small,facebook/xglm-564M,10,5LocalWordSwaps,885,0.9966505169868469
xglm_small,facebook/xglm-564M,10,5LocalWordSwaps,886,0.996897280216217
xglm_small,facebook/xglm-564M,10,5LocalWordSwaps,887,0.9963650703430176
xglm_small,facebook/xglm-564M,10,5LocalWordSwaps,888,0.9960744380950928
xglm_small,facebook/xglm-564M,10,5LocalWordSwaps,889,0.9969571828842163
xglm_small,facebook/xglm-564M,10,5LocalWordSwaps,890,0.9977405667304993
xglm_small,facebook/xglm-564M,10,5LocalWordSwaps,891,0.9957470893859863
xglm_small,facebook/xglm-564M,10,5LocalWordSwaps,892,0.996363639831543
xglm_small,facebook/xglm-564M,10,5LocalWordSwaps,893,0.9974650144577026
xglm_small,facebook/xglm-564M,10,5LocalWordSwaps,894,0.9965919256210327
xglm_small,facebook/xglm-564M,10,5LocalWordSwaps,895,0.9970791339874268
xglm_small,facebook/xglm-564M,10,5LocalWordSwaps,896,0.9967585802078247
xglm_small,facebook/xglm-564M,10,5LocalWordSwaps,897,0.9979199767112732
xglm_small,facebook/xglm-564M,10,5LocalWordSwaps,898,0.9974367618560791
xglm_small,facebook/xglm-564M,10,5LocalWordSwaps,899,0.9955483675003052
xglm_small,facebook/xglm-564M,10,5LocalWordSwaps,900,0.997869074344635
xglm_small,facebook/xglm-564M,10,5LocalWordSwaps,901,0.9978379607200623
xglm_small,facebook/xglm-564M,10,5LocalWordSwaps,902,0.9975095987319946
xglm_small,facebook/xglm-564M,10,5LocalWordSwaps,903,0.9965624809265137
xglm_small,facebook/xglm-564M,10,5LocalWordSwaps,904,0.9973496198654175
xglm_small,facebook/xglm-564M,10,5LocalWordSwaps,905,0.9972872138023376
xglm_small,facebook/xglm-564M,10,5LocalWordSwaps,906,0.9972196221351624
xglm_small,facebook/xglm-564M,10,5LocalWordSwaps,907,0.9951465129852295
xglm_small,facebook/xglm-564M,10,5LocalWordSwaps,908,0.9980379343032837
xglm_small,facebook/xglm-564M,10,5LocalWordSwaps,909,0.9974671602249146
xglm_small,facebook/xglm-564M,10,5LocalWordSwaps,910,0.9980743527412415
xglm_small,facebook/xglm-564M,10,5LocalWordSwaps,911,0.996685266494751
xglm_small,facebook/xglm-564M,10,5LocalWordSwaps,912,0.9965025186538696
xglm_small,facebook/xglm-564M,10,5LocalWordSwaps,913,0.9970012903213501
xglm_small,facebook/xglm-564M,10,5LocalWordSwaps,914,0.9979360699653625
xglm_small,facebook/xglm-564M,10,5LocalWordSwaps,915,0.9964084625244141
xglm_small,facebook/xglm-564M,10,5LocalWordSwaps,916,0.9974234104156494
xglm_small,facebook/xglm-564M,10,5LocalWordSwaps,917,0.9971520900726318
xglm_small,facebook/xglm-564M,10,5LocalWordSwaps,918,0.9962326288223267
xglm_small,facebook/xglm-564M,10,5LocalWordSwaps,919,0.9970956444740295
xglm_small,facebook/xglm-564M,10,5LocalWordSwaps,920,0.9963809251785278
xglm_small,facebook/xglm-564M,10,5LocalWordSwaps,921,0.9970204830169678
xglm_small,facebook/xglm-564M,10,5LocalWordSwaps,922,0.997146725654602
xglm_small,facebook/xglm-564M,10,5LocalWordSwaps,923,0.9978040456771851
xglm_small,facebook/xglm-564M,10,5LocalWordSwaps,924,0.9958876967430115
xglm_small,facebook/xglm-564M,10,5LocalWordSwaps,925,0.9964970946311951
xglm_small,facebook/xglm-564M,10,5LocalWordSwaps,926,0.9980679750442505
xglm_small,facebook/xglm-564M,10,5LocalWordSwaps,927,0.9970697164535522
xglm_small,facebook/xglm-564M,10,5LocalWordSwaps,928,0.9965546131134033
xglm_small,facebook/xglm-564M,10,5LocalWordSwaps,929,0.9964690208435059
xglm_small,facebook/xglm-564M,10,5LocalWordSwaps,930,0.9977301359176636
xglm_small,facebook/xglm-564M,10,5LocalWordSwaps,931,0.9977161288261414
xglm_small,facebook/xglm-564M,10,5LocalWordSwaps,932,0.9961073994636536
xglm_small,facebook/xglm-564M,10,5LocalWordSwaps,933,0.9978768825531006
xglm_small,facebook/xglm-564M,10,5LocalWordSwaps,934,0.9973220825195312
xglm_small,facebook/xglm-564M,10,5LocalWordSwaps,935,0.9980349540710449
xglm_small,facebook/xglm-564M,10,5LocalWordSwaps,936,0.9966779947280884
xglm_small,facebook/xglm-564M,10,5LocalWordSwaps,937,0.9974476099014282
xglm_small,facebook/xglm-564M,10,5LocalWordSwaps,938,0.9971265196800232
xglm_small,facebook/xglm-564M,10,5LocalWordSwaps,939,0.99673992395401
xglm_small,facebook/xglm-564M,10,5LocalWordSwaps,940,0.9972934722900391
xglm_small,facebook/xglm-564M,10,5LocalWordSwaps,941,0.9975429177284241
xglm_small,facebook/xglm-564M,10,5LocalWordSwaps,942,0.997967004776001
xglm_small,facebook/xglm-564M,10,5LocalWordSwaps,943,0.9974040985107422
xglm_small,facebook/xglm-564M,10,5LocalWordSwaps,944,0.9963376522064209
xglm_small,facebook/xglm-564M,10,5LocalWordSwaps,945,0.9975329637527466
xglm_small,facebook/xglm-564M,10,5LocalWordSwaps,946,0.9974596500396729
xglm_small,facebook/xglm-564M,10,5LocalWordSwaps,947,0.9976551532745361
xglm_small,facebook/xglm-564M,10,5LocalWordSwaps,948,0.9972153902053833
xglm_small,facebook/xglm-564M,10,5LocalWordSwaps,949,0.9981225728988647
xglm_small,facebook/xglm-564M,10,5LocalWordSwaps,950,0.9974353909492493
xglm_small,facebook/xglm-564M,10,5LocalWordSwaps,951,0.9974083304405212
xglm_small,facebook/xglm-564M,10,5LocalWordSwaps,952,0.9959424138069153
xglm_small,facebook/xglm-564M,10,5LocalWordSwaps,953,0.9971736669540405
xglm_small,facebook/xglm-564M,10,5LocalWordSwaps,954,0.9975475072860718
xglm_small,facebook/xglm-564M,10,5LocalWordSwaps,955,0.9977723956108093
xglm_small,facebook/xglm-564M,10,5LocalWordSwaps,956,0.9978788495063782
xglm_small,facebook/xglm-564M,10,5LocalWordSwaps,957,0.9968982338905334
xglm_small,facebook/xglm-564M,10,5LocalWordSwaps,958,0.9969326257705688
xglm_small,facebook/xglm-564M,10,5LocalWordSwaps,959,0.9960691332817078
xglm_small,facebook/xglm-564M,10,5LocalWordSwaps,960,0.9976383447647095
xglm_small,facebook/xglm-564M,10,5LocalWordSwaps,961,0.9975429177284241
xglm_small,facebook/xglm-564M,10,5LocalWordSwaps,962,0.9976838827133179
xglm_small,facebook/xglm-564M,10,5LocalWordSwaps,963,0.9993844628334045
xglm_small,facebook/xglm-564M,10,5LocalWordSwaps,964,0.997662365436554
xglm_small,facebook/xglm-564M,10,5LocalWordSwaps,965,0.9979244470596313
xglm_small,facebook/xglm-564M,10,5LocalWordSwaps,966,0.9972697496414185
xglm_small,facebook/xglm-564M,10,5LocalWordSwaps,967,0.9966925978660583
xglm_small,facebook/xglm-564M,10,5LocalWordSwaps,968,0.9967427253723145
xglm_small,facebook/xglm-564M,10,5LocalWordSwaps,969,0.9969252347946167
xglm_small,facebook/xglm-564M,10,5LocalWordSwaps,970,0.9963874816894531
xglm_small,facebook/xglm-564M,10,5LocalWordSwaps,971,0.9976515173912048
xglm_small,facebook/xglm-564M,10,5LocalWordSwaps,972,0.9993841648101807
xglm_small,facebook/xglm-564M,10,5LocalWordSwaps,973,0.996259331703186
xglm_small,facebook/xglm-564M,10,5LocalWordSwaps,974,0.9977355599403381
xglm_small,facebook/xglm-564M,10,5LocalWordSwaps,975,0.9953874349594116
xglm_small,facebook/xglm-564M,10,5LocalWordSwaps,976,0.9969712495803833
xglm_small,facebook/xglm-564M,10,5LocalWordSwaps,977,0.9967898726463318
xglm_small,facebook/xglm-564M,10,5LocalWordSwaps,978,0.9971355199813843
xglm_small,facebook/xglm-564M,10,5LocalWordSwaps,979,0.9973753094673157
xglm_small,facebook/xglm-564M,10,5LocalWordSwaps,980,0.9973200559616089
xglm_small,facebook/xglm-564M,10,5LocalWordSwaps,981,0.9976482391357422
xglm_small,facebook/xglm-564M,10,5LocalWordSwaps,982,0.9978012442588806
xglm_small,facebook/xglm-564M,10,5LocalWordSwaps,983,0.9973902702331543
xglm_small,facebook/xglm-564M,10,5LocalWordSwaps,984,0.9964821338653564
xglm_small,facebook/xglm-564M,10,5LocalWordSwaps,985,0.9972867369651794
xglm_small,facebook/xglm-564M,10,5LocalWordSwaps,986,0.9961239099502563
xglm_small,facebook/xglm-564M,10,5LocalWordSwaps,987,0.9968222379684448
xglm_small,facebook/xglm-564M,10,5LocalWordSwaps,988,0.9972214698791504
xglm_small,facebook/xglm-564M,10,5LocalWordSwaps,989,0.996509313583374
xglm_small,facebook/xglm-564M,10,5LocalWordSwaps,990,0.9964606761932373
xglm_small,facebook/xglm-564M,10,5LocalWordSwaps,991,0.9986456632614136
xglm_small,facebook/xglm-564M,10,5LocalWordSwaps,992,0.999193549156189
xglm_small,facebook/xglm-564M,10,5LocalWordSwaps,993,0.9988608956336975
xglm_small,facebook/xglm-564M,10,5LocalWordSwaps,994,0.9965671300888062
xglm_small,facebook/xglm-564M,10,5LocalWordSwaps,995,0.9953008890151978
xglm_small,facebook/xglm-564M,10,5LocalWordSwaps,996,0.9969416856765747
xglm_small,facebook/xglm-564M,10,5LocalWordSwaps,997,0.9978494644165039
xglm_small,facebook/xglm-564M,10,5LocalWordSwaps,998,0.997742772102356
xglm_small,facebook/xglm-564M,10,5LocalWordSwaps,999,0.9951863288879395
xglm_small,facebook/xglm-564M,10,Reversed,0,0.9963079690933228
xglm_small,facebook/xglm-564M,10,Reversed,1,0.9988541007041931
xglm_small,facebook/xglm-564M,10,Reversed,2,0.996949315071106
xglm_small,facebook/xglm-564M,10,Reversed,3,0.9971964359283447
xglm_small,facebook/xglm-564M,10,Reversed,4,0.9980887174606323
xglm_small,facebook/xglm-564M,10,Reversed,5,0.9976184368133545
xglm_small,facebook/xglm-564M,10,Reversed,6,0.9959598779678345
xglm_small,facebook/xglm-564M,10,Reversed,7,0.9979007244110107
xglm_small,facebook/xglm-564M,10,Reversed,8,0.9986648559570312
xglm_small,facebook/xglm-564M,10,Reversed,9,0.9977513551712036
xglm_small,facebook/xglm-564M,10,Reversed,10,0.9971471428871155
xglm_small,facebook/xglm-564M,10,Reversed,11,0.9959927797317505
xglm_small,facebook/xglm-564M,10,Reversed,12,0.9974935054779053
xglm_small,facebook/xglm-564M,10,Reversed,13,0.9964473843574524
xglm_small,facebook/xglm-564M,10,Reversed,14,0.9970608949661255
xglm_small,facebook/xglm-564M,10,Reversed,15,0.9975848197937012
xglm_small,facebook/xglm-564M,10,Reversed,16,0.9975897073745728
xglm_small,facebook/xglm-564M,10,Reversed,17,0.9977400302886963
xglm_small,facebook/xglm-564M,10,Reversed,18,0.9971847534179688
xglm_small,facebook/xglm-564M,10,Reversed,19,0.9963756799697876
xglm_small,facebook/xglm-564M,10,Reversed,20,0.9974905848503113
xglm_small,facebook/xglm-564M,10,Reversed,21,0.9970197081565857
xglm_small,facebook/xglm-564M,10,Reversed,22,0.9978902339935303
xglm_small,facebook/xglm-564M,10,Reversed,23,0.9975162148475647
xglm_small,facebook/xglm-564M,10,Reversed,24,0.9975119829177856
xglm_small,facebook/xglm-564M,10,Reversed,25,0.9974790811538696
xglm_small,facebook/xglm-564M,10,Reversed,26,0.9972350001335144
xglm_small,facebook/xglm-564M,10,Reversed,27,0.9969435334205627
xglm_small,facebook/xglm-564M,10,Reversed,28,0.9972570538520813
xglm_small,facebook/xglm-564M,10,Reversed,29,0.9964298009872437
xglm_small,facebook/xglm-564M,10,Reversed,30,0.9964901208877563
xglm_small,facebook/xglm-564M,10,Reversed,31,0.9970619678497314
xglm_small,facebook/xglm-564M,10,Reversed,32,0.997053861618042
xglm_small,facebook/xglm-564M,10,Reversed,33,0.9986977577209473
xglm_small,facebook/xglm-564M,10,Reversed,34,0.9971821308135986
xglm_small,facebook/xglm-564M,10,Reversed,35,0.9975842237472534
xglm_small,facebook/xglm-564M,10,Reversed,36,0.9969143271446228
xglm_small,facebook/xglm-564M,10,Reversed,37,0.9961314797401428
xglm_small,facebook/xglm-564M,10,Reversed,38,0.9969732165336609
xglm_small,facebook/xglm-564M,10,Reversed,39,0.997275710105896
xglm_small,facebook/xglm-564M,10,Reversed,40,0.9969165921211243
xglm_small,facebook/xglm-564M,10,Reversed,41,0.9967074394226074
xglm_small,facebook/xglm-564M,10,Reversed,42,0.9971010684967041
xglm_small,facebook/xglm-564M,10,Reversed,43,0.9972608089447021
xglm_small,facebook/xglm-564M,10,Reversed,44,0.9973243474960327
xglm_small,facebook/xglm-564M,10,Reversed,45,0.9970270395278931
xglm_small,facebook/xglm-564M,10,Reversed,46,0.9978919625282288
xglm_small,facebook/xglm-564M,10,Reversed,47,0.996957540512085
xglm_small,facebook/xglm-564M,10,Reversed,48,0.996985912322998
xglm_small,facebook/xglm-564M,10,Reversed,49,0.9971792101860046
xglm_small,facebook/xglm-564M,10,Reversed,50,0.9972164034843445
xglm_small,facebook/xglm-564M,10,Reversed,51,0.9977383017539978
xglm_small,facebook/xglm-564M,10,Reversed,52,0.9979373812675476
xglm_small,facebook/xglm-564M,10,Reversed,53,0.9974424839019775
xglm_small,facebook/xglm-564M,10,Reversed,54,0.9974355697631836
xglm_small,facebook/xglm-564M,10,Reversed,55,0.997904896736145
xglm_small,facebook/xglm-564M,10,Reversed,56,0.9977293014526367
xglm_small,facebook/xglm-564M,10,Reversed,57,0.9967352151870728
xglm_small,facebook/xglm-564M,10,Reversed,58,0.9973078966140747
xglm_small,facebook/xglm-564M,10,Reversed,59,0.9983845353126526
xglm_small,facebook/xglm-564M,10,Reversed,60,0.9977613687515259
xglm_small,facebook/xglm-564M,10,Reversed,61,0.9974240064620972
xglm_small,facebook/xglm-564M,10,Reversed,62,0.9992023706436157
xglm_small,facebook/xglm-564M,10,Reversed,63,0.9958429336547852
xglm_small,facebook/xglm-564M,10,Reversed,64,0.9962863922119141
xglm_small,facebook/xglm-564M,10,Reversed,65,0.9964935779571533
xglm_small,facebook/xglm-564M,10,Reversed,66,0.9972676038742065
xglm_small,facebook/xglm-564M,10,Reversed,67,0.9972736835479736
xglm_small,facebook/xglm-564M,10,Reversed,68,0.9974774718284607
xglm_small,facebook/xglm-564M,10,Reversed,69,0.9969567060470581
xglm_small,facebook/xglm-564M,10,Reversed,70,0.9973015189170837
xglm_small,facebook/xglm-564M,10,Reversed,71,0.9975192546844482
xglm_small,facebook/xglm-564M,10,Reversed,72,0.9977290630340576
xglm_small,facebook/xglm-564M,10,Reversed,73,0.9962904453277588
xglm_small,facebook/xglm-564M,10,Reversed,74,0.9973563551902771
xglm_small,facebook/xglm-564M,10,Reversed,75,0.9964666962623596
xglm_small,facebook/xglm-564M,10,Reversed,76,0.996770977973938
xglm_small,facebook/xglm-564M,10,Reversed,77,0.9977787137031555
xglm_small,facebook/xglm-564M,10,Reversed,78,0.9961983561515808
xglm_small,facebook/xglm-564M,10,Reversed,79,0.9962620735168457
xglm_small,facebook/xglm-564M,10,Reversed,80,0.9973693490028381
xglm_small,facebook/xglm-564M,10,Reversed,81,0.9987567663192749
xglm_small,facebook/xglm-564M,10,Reversed,82,0.9955928325653076
xglm_small,facebook/xglm-564M,10,Reversed,83,0.9963392615318298
xglm_small,facebook/xglm-564M,10,Reversed,84,0.9967851042747498
xglm_small,facebook/xglm-564M,10,Reversed,85,0.9973193407058716
xglm_small,facebook/xglm-564M,10,Reversed,86,0.9969326257705688
xglm_small,facebook/xglm-564M,10,Reversed,87,0.9970132112503052
xglm_small,facebook/xglm-564M,10,Reversed,88,0.9973142743110657
xglm_small,facebook/xglm-564M,10,Reversed,89,0.9968932867050171
xglm_small,facebook/xglm-564M,10,Reversed,90,0.9991365671157837
xglm_small,facebook/xglm-564M,10,Reversed,91,0.9975851774215698
xglm_small,facebook/xglm-564M,10,Reversed,92,0.9973264932632446
xglm_small,facebook/xglm-564M,10,Reversed,93,0.9973030090332031
xglm_small,facebook/xglm-564M,10,Reversed,94,0.9964460134506226
xglm_small,facebook/xglm-564M,10,Reversed,95,0.9975847601890564
xglm_small,facebook/xglm-564M,10,Reversed,96,0.996106743812561
xglm_small,facebook/xglm-564M,10,Reversed,97,0.996782124042511
xglm_small,facebook/xglm-564M,10,Reversed,98,0.9972802996635437
xglm_small,facebook/xglm-564M,10,Reversed,99,0.9976208806037903
xglm_small,facebook/xglm-564M,10,Reversed,100,0.995490312576294
xglm_small,facebook/xglm-564M,10,Reversed,101,0.9969696998596191
xglm_small,facebook/xglm-564M,10,Reversed,102,0.9968259334564209
xglm_small,facebook/xglm-564M,10,Reversed,103,0.9990925788879395
xglm_small,facebook/xglm-564M,10,Reversed,104,0.9965541362762451
xglm_small,facebook/xglm-564M,10,Reversed,105,0.9972643852233887
xglm_small,facebook/xglm-564M,10,Reversed,106,0.9970490336418152
xglm_small,facebook/xglm-564M,10,Reversed,107,0.9976789951324463
xglm_small,facebook/xglm-564M,10,Reversed,108,0.9969011545181274
xglm_small,facebook/xglm-564M,10,Reversed,109,0.9976520538330078
xglm_small,facebook/xglm-564M,10,Reversed,110,0.9972593784332275
xglm_small,facebook/xglm-564M,10,Reversed,111,0.9974270462989807
xglm_small,facebook/xglm-564M,10,Reversed,112,0.9975253939628601
xglm_small,facebook/xglm-564M,10,Reversed,113,0.9964544773101807
xglm_small,facebook/xglm-564M,10,Reversed,114,0.9968275427818298
xglm_small,facebook/xglm-564M,10,Reversed,115,0.9976551532745361
xglm_small,facebook/xglm-564M,10,Reversed,116,0.9965940713882446
xglm_small,facebook/xglm-564M,10,Reversed,117,0.9966802000999451
xglm_small,facebook/xglm-564M,10,Reversed,118,0.9973104596138
xglm_small,facebook/xglm-564M,10,Reversed,119,0.9971853494644165
xglm_small,facebook/xglm-564M,10,Reversed,120,0.996825098991394
xglm_small,facebook/xglm-564M,10,Reversed,121,0.9956014156341553
xglm_small,facebook/xglm-564M,10,Reversed,122,0.996711254119873
xglm_small,facebook/xglm-564M,10,Reversed,123,0.9967344999313354
xglm_small,facebook/xglm-564M,10,Reversed,124,0.9965885877609253
xglm_small,facebook/xglm-564M,10,Reversed,125,0.9958087205886841
xglm_small,facebook/xglm-564M,10,Reversed,126,0.9970172643661499
xglm_small,facebook/xglm-564M,10,Reversed,127,0.9967994689941406
xglm_small,facebook/xglm-564M,10,Reversed,128,0.9976783990859985
xglm_small,facebook/xglm-564M,10,Reversed,129,0.9974231719970703
xglm_small,facebook/xglm-564M,10,Reversed,130,0.9974279403686523
xglm_small,facebook/xglm-564M,10,Reversed,131,0.9951992034912109
xglm_small,facebook/xglm-564M,10,Reversed,132,0.9967963695526123
xglm_small,facebook/xglm-564M,10,Reversed,133,0.9943772554397583
xglm_small,facebook/xglm-564M,10,Reversed,134,0.9968967437744141
xglm_small,facebook/xglm-564M,10,Reversed,135,0.9974504113197327
xglm_small,facebook/xglm-564M,10,Reversed,136,0.9959456324577332
xglm_small,facebook/xglm-564M,10,Reversed,137,0.9960134029388428
xglm_small,facebook/xglm-564M,10,Reversed,138,0.9971084594726562
xglm_small,facebook/xglm-564M,10,Reversed,139,0.9967007040977478
xglm_small,facebook/xglm-564M,10,Reversed,140,0.9973770380020142
xglm_small,facebook/xglm-564M,10,Reversed,141,0.9968600869178772
xglm_small,facebook/xglm-564M,10,Reversed,142,0.9971379041671753
xglm_small,facebook/xglm-564M,10,Reversed,143,0.9965519905090332
xglm_small,facebook/xglm-564M,10,Reversed,144,0.9973669052124023
xglm_small,facebook/xglm-564M,10,Reversed,145,0.9978269934654236
xglm_small,facebook/xglm-564M,10,Reversed,146,0.9971112608909607
xglm_small,facebook/xglm-564M,10,Reversed,147,0.9968881607055664
xglm_small,facebook/xglm-564M,10,Reversed,148,0.997423529624939
xglm_small,facebook/xglm-564M,10,Reversed,149,0.9977630972862244
xglm_small,facebook/xglm-564M,10,Reversed,150,0.9972885251045227
xglm_small,facebook/xglm-564M,10,Reversed,151,0.9965410828590393
xglm_small,facebook/xglm-564M,10,Reversed,152,0.9970395565032959
xglm_small,facebook/xglm-564M,10,Reversed,153,0.9976263046264648
xglm_small,facebook/xglm-564M,10,Reversed,154,0.9967191815376282
xglm_small,facebook/xglm-564M,10,Reversed,155,0.9971752166748047
xglm_small,facebook/xglm-564M,10,Reversed,156,0.9977935552597046
xglm_small,facebook/xglm-564M,10,Reversed,157,0.9973236322402954
xglm_small,facebook/xglm-564M,10,Reversed,158,0.9975064396858215
xglm_small,facebook/xglm-564M,10,Reversed,159,0.9970312118530273
xglm_small,facebook/xglm-564M,10,Reversed,160,0.9986180067062378
xglm_small,facebook/xglm-564M,10,Reversed,161,0.9982097148895264
xglm_small,facebook/xglm-564M,10,Reversed,162,0.9968969225883484
xglm_small,facebook/xglm-564M,10,Reversed,163,0.9972223043441772
xglm_small,facebook/xglm-564M,10,Reversed,164,0.9975159764289856
xglm_small,facebook/xglm-564M,10,Reversed,165,0.9975376129150391
xglm_small,facebook/xglm-564M,10,Reversed,166,0.9979244470596313
xglm_small,facebook/xglm-564M,10,Reversed,167,0.9973604083061218
xglm_small,facebook/xglm-564M,10,Reversed,168,0.9973794221878052
xglm_small,facebook/xglm-564M,10,Reversed,169,0.9974517822265625
xglm_small,facebook/xglm-564M,10,Reversed,170,0.9972244501113892
xglm_small,facebook/xglm-564M,10,Reversed,171,0.9972725510597229
xglm_small,facebook/xglm-564M,10,Reversed,172,0.9971391558647156
xglm_small,facebook/xglm-564M,10,Reversed,173,0.9963301420211792
xglm_small,facebook/xglm-564M,10,Reversed,174,0.997942328453064
xglm_small,facebook/xglm-564M,10,Reversed,175,0.9971102476119995
xglm_small,facebook/xglm-564M,10,Reversed,176,0.996319591999054
xglm_small,facebook/xglm-564M,10,Reversed,177,0.9959280490875244
xglm_small,facebook/xglm-564M,10,Reversed,178,0.9960728287696838
xglm_small,facebook/xglm-564M,10,Reversed,179,0.9963697195053101
xglm_small,facebook/xglm-564M,10,Reversed,180,0.996728241443634
xglm_small,facebook/xglm-564M,10,Reversed,181,0.9976124167442322
xglm_small,facebook/xglm-564M,10,Reversed,182,0.9974021315574646
xglm_small,facebook/xglm-564M,10,Reversed,183,0.9953410029411316
xglm_small,facebook/xglm-564M,10,Reversed,184,0.9963784217834473
xglm_small,facebook/xglm-564M,10,Reversed,185,0.9975999593734741
xglm_small,facebook/xglm-564M,10,Reversed,186,0.9959479570388794
xglm_small,facebook/xglm-564M,10,Reversed,187,0.9964747428894043
xglm_small,facebook/xglm-564M,10,Reversed,188,0.9974459409713745
xglm_small,facebook/xglm-564M,10,Reversed,189,0.9960343837738037
xglm_small,facebook/xglm-564M,10,Reversed,190,0.9973118305206299
xglm_small,facebook/xglm-564M,10,Reversed,191,0.997430145740509
xglm_small,facebook/xglm-564M,10,Reversed,192,0.998392641544342
xglm_small,facebook/xglm-564M,10,Reversed,193,0.9969898462295532
xglm_small,facebook/xglm-564M,10,Reversed,194,0.996268630027771
xglm_small,facebook/xglm-564M,10,Reversed,195,0.9972549676895142
xglm_small,facebook/xglm-564M,10,Reversed,196,0.9967612624168396
xglm_small,facebook/xglm-564M,10,Reversed,197,0.9948310852050781
xglm_small,facebook/xglm-564M,10,Reversed,198,0.9972918033599854
xglm_small,facebook/xglm-564M,10,Reversed,199,0.996909499168396
xglm_small,facebook/xglm-564M,10,Reversed,200,0.9968240261077881
xglm_small,facebook/xglm-564M,10,Reversed,201,0.9964243769645691
xglm_small,facebook/xglm-564M,10,Reversed,202,0.9975109696388245
xglm_small,facebook/xglm-564M,10,Reversed,203,0.9967234134674072
xglm_small,facebook/xglm-564M,10,Reversed,204,0.9973173141479492
xglm_small,facebook/xglm-564M,10,Reversed,205,0.997319757938385
xglm_small,facebook/xglm-564M,10,Reversed,206,0.9960070848464966
xglm_small,facebook/xglm-564M,10,Reversed,207,0.9964548349380493
xglm_small,facebook/xglm-564M,10,Reversed,208,0.9957747459411621
xglm_small,facebook/xglm-564M,10,Reversed,209,0.9967895746231079
xglm_small,facebook/xglm-564M,10,Reversed,210,0.9966925978660583
xglm_small,facebook/xglm-564M,10,Reversed,211,0.997126579284668
xglm_small,facebook/xglm-564M,10,Reversed,212,0.995991587638855
xglm_small,facebook/xglm-564M,10,Reversed,213,0.9964960813522339
xglm_small,facebook/xglm-564M,10,Reversed,214,0.9974536895751953
xglm_small,facebook/xglm-564M,10,Reversed,215,0.9978979229927063
xglm_small,facebook/xglm-564M,10,Reversed,216,0.9974610805511475
xglm_small,facebook/xglm-564M,10,Reversed,217,0.9973694086074829
xglm_small,facebook/xglm-564M,10,Reversed,218,0.9979186654090881
xglm_small,facebook/xglm-564M,10,Reversed,219,0.9961680173873901
xglm_small,facebook/xglm-564M,10,Reversed,220,0.9959300756454468
xglm_small,facebook/xglm-564M,10,Reversed,221,0.997581958770752
xglm_small,facebook/xglm-564M,10,Reversed,222,0.9978547096252441
xglm_small,facebook/xglm-564M,10,Reversed,223,0.9953033924102783
xglm_small,facebook/xglm-564M,10,Reversed,224,0.9981735944747925
xglm_small,facebook/xglm-564M,10,Reversed,225,0.9978764057159424
xglm_small,facebook/xglm-564M,10,Reversed,226,0.9971535801887512
xglm_small,facebook/xglm-564M,10,Reversed,227,0.9977246522903442
xglm_small,facebook/xglm-564M,10,Reversed,228,0.9967182874679565
xglm_small,facebook/xglm-564M,10,Reversed,229,0.9976025223731995
xglm_small,facebook/xglm-564M,10,Reversed,230,0.9968862533569336
xglm_small,facebook/xglm-564M,10,Reversed,231,0.9966182112693787
xglm_small,facebook/xglm-564M,10,Reversed,232,0.9966912865638733
xglm_small,facebook/xglm-564M,10,Reversed,233,0.9977645874023438
xglm_small,facebook/xglm-564M,10,Reversed,234,0.9976747035980225
xglm_small,facebook/xglm-564M,10,Reversed,235,0.99756920337677
xglm_small,facebook/xglm-564M,10,Reversed,236,0.9978272318840027
xglm_small,facebook/xglm-564M,10,Reversed,237,0.9974177479743958
xglm_small,facebook/xglm-564M,10,Reversed,238,0.9979069232940674
xglm_small,facebook/xglm-564M,10,Reversed,239,0.9975453615188599
xglm_small,facebook/xglm-564M,10,Reversed,240,0.9976628422737122
xglm_small,facebook/xglm-564M,10,Reversed,241,0.996509313583374
xglm_small,facebook/xglm-564M,10,Reversed,242,0.9968063235282898
xglm_small,facebook/xglm-564M,10,Reversed,243,0.9967265129089355
xglm_small,facebook/xglm-564M,10,Reversed,244,0.9977428913116455
xglm_small,facebook/xglm-564M,10,Reversed,245,0.9974994659423828
xglm_small,facebook/xglm-564M,10,Reversed,246,0.9970608353614807
xglm_small,facebook/xglm-564M,10,Reversed,247,0.9973962306976318
xglm_small,facebook/xglm-564M,10,Reversed,248,0.9974507689476013
xglm_small,facebook/xglm-564M,10,Reversed,249,0.9978131651878357
xglm_small,facebook/xglm-564M,10,Reversed,250,0.9976362586021423
xglm_small,facebook/xglm-564M,10,Reversed,251,0.9979820251464844
xglm_small,facebook/xglm-564M,10,Reversed,252,0.9974192976951599
xglm_small,facebook/xglm-564M,10,Reversed,253,0.9976861476898193
xglm_small,facebook/xglm-564M,10,Reversed,254,0.9972110986709595
xglm_small,facebook/xglm-564M,10,Reversed,255,0.9973516464233398
xglm_small,facebook/xglm-564M,10,Reversed,256,0.9974589347839355
xglm_small,facebook/xglm-564M,10,Reversed,257,0.996869683265686
xglm_small,facebook/xglm-564M,10,Reversed,258,0.9978635311126709
xglm_small,facebook/xglm-564M,10,Reversed,259,0.9974350929260254
xglm_small,facebook/xglm-564M,10,Reversed,260,0.9970219731330872
xglm_small,facebook/xglm-564M,10,Reversed,261,0.9970396161079407
xglm_small,facebook/xglm-564M,10,Reversed,262,0.9969748854637146
xglm_small,facebook/xglm-564M,10,Reversed,263,0.997080385684967
xglm_small,facebook/xglm-564M,10,Reversed,264,0.9974881410598755
xglm_small,facebook/xglm-564M,10,Reversed,265,0.9948545098304749
xglm_small,facebook/xglm-564M,10,Reversed,266,0.9962233304977417
xglm_small,facebook/xglm-564M,10,Reversed,267,0.9963898658752441
xglm_small,facebook/xglm-564M,10,Reversed,268,0.9965916275978088
xglm_small,facebook/xglm-564M,10,Reversed,269,0.9964887499809265
xglm_small,facebook/xglm-564M,10,Reversed,270,0.998015284538269
xglm_small,facebook/xglm-564M,10,Reversed,271,0.9970053434371948
xglm_small,facebook/xglm-564M,10,Reversed,272,0.9979286789894104
xglm_small,facebook/xglm-564M,10,Reversed,273,0.9973275065422058
xglm_small,facebook/xglm-564M,10,Reversed,274,0.9974342584609985
xglm_small,facebook/xglm-564M,10,Reversed,275,0.997146487236023
xglm_small,facebook/xglm-564M,10,Reversed,276,0.9968351721763611
xglm_small,facebook/xglm-564M,10,Reversed,277,0.9969830513000488
xglm_small,facebook/xglm-564M,10,Reversed,278,0.997753918170929
xglm_small,facebook/xglm-564M,10,Reversed,279,0.9971435070037842
xglm_small,facebook/xglm-564M,10,Reversed,280,0.9976173639297485
xglm_small,facebook/xglm-564M,10,Reversed,281,0.9969772696495056
xglm_small,facebook/xglm-564M,10,Reversed,282,0.9972931146621704
xglm_small,facebook/xglm-564M,10,Reversed,283,0.9970731139183044
xglm_small,facebook/xglm-564M,10,Reversed,284,0.9964550733566284
xglm_small,facebook/xglm-564M,10,Reversed,285,0.9969318509101868
xglm_small,facebook/xglm-564M,10,Reversed,286,0.9969943165779114
xglm_small,facebook/xglm-564M,10,Reversed,287,0.9968251585960388
xglm_small,facebook/xglm-564M,10,Reversed,288,0.997307300567627
xglm_small,facebook/xglm-564M,10,Reversed,289,0.9976787567138672
xglm_small,facebook/xglm-564M,10,Reversed,290,0.9980535507202148
xglm_small,facebook/xglm-564M,10,Reversed,291,0.997793436050415
xglm_small,facebook/xglm-564M,10,Reversed,292,0.9977214932441711
xglm_small,facebook/xglm-564M,10,Reversed,293,0.9976624250411987
xglm_small,facebook/xglm-564M,10,Reversed,294,0.9976332783699036
xglm_small,facebook/xglm-564M,10,Reversed,295,0.9968458414077759
xglm_small,facebook/xglm-564M,10,Reversed,296,0.9974647164344788
xglm_small,facebook/xglm-564M,10,Reversed,297,0.9976231455802917
xglm_small,facebook/xglm-564M,10,Reversed,298,0.997409999370575
xglm_small,facebook/xglm-564M,10,Reversed,299,0.996828019618988
xglm_small,facebook/xglm-564M,10,Reversed,300,0.9959406852722168
xglm_small,facebook/xglm-564M,10,Reversed,301,0.9978100061416626
xglm_small,facebook/xglm-564M,10,Reversed,302,0.9972372651100159
xglm_small,facebook/xglm-564M,10,Reversed,303,0.9971885085105896
xglm_small,facebook/xglm-564M,10,Reversed,304,0.9973292350769043
xglm_small,facebook/xglm-564M,10,Reversed,305,0.9969884157180786
xglm_small,facebook/xglm-564M,10,Reversed,306,0.997373104095459
xglm_small,facebook/xglm-564M,10,Reversed,307,0.9979023337364197
xglm_small,facebook/xglm-564M,10,Reversed,308,0.9969396591186523
xglm_small,facebook/xglm-564M,10,Reversed,309,0.9963528513908386
xglm_small,facebook/xglm-564M,10,Reversed,310,0.9973116517066956
xglm_small,facebook/xglm-564M,10,Reversed,311,0.997818112373352
xglm_small,facebook/xglm-564M,10,Reversed,312,0.997444748878479
xglm_small,facebook/xglm-564M,10,Reversed,313,0.9966021776199341
xglm_small,facebook/xglm-564M,10,Reversed,314,0.9959007501602173
xglm_small,facebook/xglm-564M,10,Reversed,315,0.9958362579345703
xglm_small,facebook/xglm-564M,10,Reversed,316,0.9971638917922974
xglm_small,facebook/xglm-564M,10,Reversed,317,0.9960862398147583
xglm_small,facebook/xglm-564M,10,Reversed,318,0.9972741603851318
xglm_small,facebook/xglm-564M,10,Reversed,319,0.9974137544631958
xglm_small,facebook/xglm-564M,10,Reversed,320,0.9971215128898621
xglm_small,facebook/xglm-564M,10,Reversed,321,0.9975593090057373
xglm_small,facebook/xglm-564M,10,Reversed,322,0.9978176355361938
xglm_small,facebook/xglm-564M,10,Reversed,323,0.9978233575820923
xglm_small,facebook/xglm-564M,10,Reversed,324,0.9971877336502075
xglm_small,facebook/xglm-564M,10,Reversed,325,0.9975900650024414
xglm_small,facebook/xglm-564M,10,Reversed,326,0.997688889503479
xglm_small,facebook/xglm-564M,10,Reversed,327,0.9973214864730835
xglm_small,facebook/xglm-564M,10,Reversed,328,0.9974831938743591
xglm_small,facebook/xglm-564M,10,Reversed,329,0.9972625970840454
xglm_small,facebook/xglm-564M,10,Reversed,330,0.9977536201477051
xglm_small,facebook/xglm-564M,10,Reversed,331,0.9974193572998047
xglm_small,facebook/xglm-564M,10,Reversed,332,0.9972653388977051
xglm_small,facebook/xglm-564M,10,Reversed,333,0.9973596930503845
xglm_small,facebook/xglm-564M,10,Reversed,334,0.9977066516876221
xglm_small,facebook/xglm-564M,10,Reversed,335,0.9979091286659241
xglm_small,facebook/xglm-564M,10,Reversed,336,0.9977437853813171
xglm_small,facebook/xglm-564M,10,Reversed,337,0.9975437521934509
xglm_small,facebook/xglm-564M,10,Reversed,338,0.9975126385688782
xglm_small,facebook/xglm-564M,10,Reversed,339,0.9969781041145325
xglm_small,facebook/xglm-564M,10,Reversed,340,0.9966303110122681
xglm_small,facebook/xglm-564M,10,Reversed,341,0.9976637959480286
xglm_small,facebook/xglm-564M,10,Reversed,342,0.9971708059310913
xglm_small,facebook/xglm-564M,10,Reversed,343,0.9971771836280823
xglm_small,facebook/xglm-564M,10,Reversed,344,0.9973421096801758
xglm_small,facebook/xglm-564M,10,Reversed,345,0.9976518750190735
xglm_small,facebook/xglm-564M,10,Reversed,346,0.9975526928901672
xglm_small,facebook/xglm-564M,10,Reversed,347,0.9976034164428711
xglm_small,facebook/xglm-564M,10,Reversed,348,0.9961867332458496
xglm_small,facebook/xglm-564M,10,Reversed,349,0.9968135356903076
xglm_small,facebook/xglm-564M,10,Reversed,350,0.9972339272499084
xglm_small,facebook/xglm-564M,10,Reversed,351,0.9975167512893677
xglm_small,facebook/xglm-564M,10,Reversed,352,0.9966757893562317
xglm_small,facebook/xglm-564M,10,Reversed,353,0.9970066547393799
xglm_small,facebook/xglm-564M,10,Reversed,354,0.995315432548523
xglm_small,facebook/xglm-564M,10,Reversed,355,0.9972549676895142
xglm_small,facebook/xglm-564M,10,Reversed,356,0.9966858625411987
xglm_small,facebook/xglm-564M,10,Reversed,357,0.9974294304847717
xglm_small,facebook/xglm-564M,10,Reversed,358,0.9974790811538696
xglm_small,facebook/xglm-564M,10,Reversed,359,0.9968252182006836
xglm_small,facebook/xglm-564M,10,Reversed,360,0.9977400302886963
xglm_small,facebook/xglm-564M,10,Reversed,361,0.9977280497550964
xglm_small,facebook/xglm-564M,10,Reversed,362,0.9965306520462036
xglm_small,facebook/xglm-564M,10,Reversed,363,0.9963399171829224
xglm_small,facebook/xglm-564M,10,Reversed,364,0.9980572462081909
xglm_small,facebook/xglm-564M,10,Reversed,365,0.9961479902267456
xglm_small,facebook/xglm-564M,10,Reversed,366,0.997146725654602
xglm_small,facebook/xglm-564M,10,Reversed,367,0.9966868758201599
xglm_small,facebook/xglm-564M,10,Reversed,368,0.9975854158401489
xglm_small,facebook/xglm-564M,10,Reversed,369,0.9973409175872803
xglm_small,facebook/xglm-564M,10,Reversed,370,0.9973853230476379
xglm_small,facebook/xglm-564M,10,Reversed,371,0.9981367588043213
xglm_small,facebook/xglm-564M,10,Reversed,372,0.9979382753372192
xglm_small,facebook/xglm-564M,10,Reversed,373,0.9979283809661865
xglm_small,facebook/xglm-564M,10,Reversed,374,0.9972482323646545
xglm_small,facebook/xglm-564M,10,Reversed,375,0.9974141716957092
xglm_small,facebook/xglm-564M,10,Reversed,376,0.997164249420166
xglm_small,facebook/xglm-564M,10,Reversed,377,0.9959458112716675
xglm_small,facebook/xglm-564M,10,Reversed,378,0.9979929327964783
xglm_small,facebook/xglm-564M,10,Reversed,379,0.9975746870040894
xglm_small,facebook/xglm-564M,10,Reversed,380,0.9960445165634155
xglm_small,facebook/xglm-564M,10,Reversed,381,0.9962747097015381
xglm_small,facebook/xglm-564M,10,Reversed,382,0.9970856308937073
xglm_small,facebook/xglm-564M,10,Reversed,383,0.9976905584335327
xglm_small,facebook/xglm-564M,10,Reversed,384,0.9984663724899292
xglm_small,facebook/xglm-564M,10,Reversed,385,0.9962407350540161
xglm_small,facebook/xglm-564M,10,Reversed,386,0.9957754015922546
xglm_small,facebook/xglm-564M,10,Reversed,387,0.9957400560379028
xglm_small,facebook/xglm-564M,10,Reversed,388,0.9961880445480347
xglm_small,facebook/xglm-564M,10,Reversed,389,0.9972015619277954
xglm_small,facebook/xglm-564M,10,Reversed,390,0.9988936185836792
xglm_small,facebook/xglm-564M,10,Reversed,391,0.9974058866500854
xglm_small,facebook/xglm-564M,10,Reversed,392,0.9977369904518127
xglm_small,facebook/xglm-564M,10,Reversed,393,0.9977195262908936
xglm_small,facebook/xglm-564M,10,Reversed,394,0.9976934194564819
xglm_small,facebook/xglm-564M,10,Reversed,395,0.9966041445732117
xglm_small,facebook/xglm-564M,10,Reversed,396,0.9960218667984009
xglm_small,facebook/xglm-564M,10,Reversed,397,0.9976566433906555
xglm_small,facebook/xglm-564M,10,Reversed,398,0.9971116185188293
xglm_small,facebook/xglm-564M,10,Reversed,399,0.9969250559806824
xglm_small,facebook/xglm-564M,10,Reversed,400,0.996833086013794
xglm_small,facebook/xglm-564M,10,Reversed,401,0.9971926212310791
xglm_small,facebook/xglm-564M,10,Reversed,402,0.9969728589057922
xglm_small,facebook/xglm-564M,10,Reversed,403,0.9947298765182495
xglm_small,facebook/xglm-564M,10,Reversed,404,0.9975062608718872
xglm_small,facebook/xglm-564M,10,Reversed,405,0.9973186254501343
xglm_small,facebook/xglm-564M,10,Reversed,406,0.9973308444023132
xglm_small,facebook/xglm-564M,10,Reversed,407,0.9974491000175476
xglm_small,facebook/xglm-564M,10,Reversed,408,0.9973421692848206
xglm_small,facebook/xglm-564M,10,Reversed,409,0.9965524673461914
xglm_small,facebook/xglm-564M,10,Reversed,410,0.9959099888801575
xglm_small,facebook/xglm-564M,10,Reversed,411,0.9976493120193481
xglm_small,facebook/xglm-564M,10,Reversed,412,0.9974576830863953
xglm_small,facebook/xglm-564M,10,Reversed,413,0.996813178062439
xglm_small,facebook/xglm-564M,10,Reversed,414,0.9977846741676331
xglm_small,facebook/xglm-564M,10,Reversed,415,0.9974638819694519
xglm_small,facebook/xglm-564M,10,Reversed,416,0.9969978332519531
xglm_small,facebook/xglm-564M,10,Reversed,417,0.9975851774215698
xglm_small,facebook/xglm-564M,10,Reversed,418,0.9975454807281494
xglm_small,facebook/xglm-564M,10,Reversed,419,0.9973627924919128
xglm_small,facebook/xglm-564M,10,Reversed,420,0.9970937967300415
xglm_small,facebook/xglm-564M,10,Reversed,421,0.9971556663513184
xglm_small,facebook/xglm-564M,10,Reversed,422,0.9973730444908142
xglm_small,facebook/xglm-564M,10,Reversed,423,0.9975157976150513
xglm_small,facebook/xglm-564M,10,Reversed,424,0.9974453449249268
xglm_small,facebook/xglm-564M,10,Reversed,425,0.9973636865615845
xglm_small,facebook/xglm-564M,10,Reversed,426,0.9977966547012329
xglm_small,facebook/xglm-564M,10,Reversed,427,0.996013879776001
xglm_small,facebook/xglm-564M,10,Reversed,428,0.9973267316818237
xglm_small,facebook/xglm-564M,10,Reversed,429,0.9976333379745483
xglm_small,facebook/xglm-564M,10,Reversed,430,0.9956479668617249
xglm_small,facebook/xglm-564M,10,Reversed,431,0.9971387982368469
xglm_small,facebook/xglm-564M,10,Reversed,432,0.9968028664588928
xglm_small,facebook/xglm-564M,10,Reversed,433,0.9975204467773438
xglm_small,facebook/xglm-564M,10,Reversed,434,0.9958070516586304
xglm_small,facebook/xglm-564M,10,Reversed,435,0.9972949028015137
xglm_small,facebook/xglm-564M,10,Reversed,436,0.9977601766586304
xglm_small,facebook/xglm-564M,10,Reversed,437,0.9963743686676025
xglm_small,facebook/xglm-564M,10,Reversed,438,0.996591329574585
xglm_small,facebook/xglm-564M,10,Reversed,439,0.9975085258483887
xglm_small,facebook/xglm-564M,10,Reversed,440,0.9975000619888306
xglm_small,facebook/xglm-564M,10,Reversed,441,0.9971035718917847
xglm_small,facebook/xglm-564M,10,Reversed,442,0.997734785079956
xglm_small,facebook/xglm-564M,10,Reversed,443,0.9976820349693298
xglm_small,facebook/xglm-564M,10,Reversed,444,0.9973234534263611
xglm_small,facebook/xglm-564M,10,Reversed,445,0.9952585697174072
xglm_small,facebook/xglm-564M,10,Reversed,446,0.9970993995666504
xglm_small,facebook/xglm-564M,10,Reversed,447,0.9975204467773438
xglm_small,facebook/xglm-564M,10,Reversed,448,0.9978275895118713
xglm_small,facebook/xglm-564M,10,Reversed,449,0.9970666170120239
xglm_small,facebook/xglm-564M,10,Reversed,450,0.9978256821632385
xglm_small,facebook/xglm-564M,10,Reversed,451,0.9957547187805176
xglm_small,facebook/xglm-564M,10,Reversed,452,0.9967632293701172
xglm_small,facebook/xglm-564M,10,Reversed,453,0.9960312247276306
xglm_small,facebook/xglm-564M,10,Reversed,454,0.9976792335510254
xglm_small,facebook/xglm-564M,10,Reversed,455,0.9970130920410156
xglm_small,facebook/xglm-564M,10,Reversed,456,0.9940091371536255
xglm_small,facebook/xglm-564M,10,Reversed,457,0.9966741800308228
xglm_small,facebook/xglm-564M,10,Reversed,458,0.997715950012207
xglm_small,facebook/xglm-564M,10,Reversed,459,0.9974566102027893
xglm_small,facebook/xglm-564M,10,Reversed,460,0.9971127510070801
xglm_small,facebook/xglm-564M,10,Reversed,461,0.9977924823760986
xglm_small,facebook/xglm-564M,10,Reversed,462,0.99592125415802
xglm_small,facebook/xglm-564M,10,Reversed,463,0.9967561364173889
xglm_small,facebook/xglm-564M,10,Reversed,464,0.9975243806838989
xglm_small,facebook/xglm-564M,10,Reversed,465,0.9969885349273682
xglm_small,facebook/xglm-564M,10,Reversed,466,0.9957897663116455
xglm_small,facebook/xglm-564M,10,Reversed,467,0.9964277148246765
xglm_small,facebook/xglm-564M,10,Reversed,468,0.9974097013473511
xglm_small,facebook/xglm-564M,10,Reversed,469,0.9978655576705933
xglm_small,facebook/xglm-564M,10,Reversed,470,0.9971906542778015
xglm_small,facebook/xglm-564M,10,Reversed,471,0.9972342252731323
xglm_small,facebook/xglm-564M,10,Reversed,472,0.9971071481704712
xglm_small,facebook/xglm-564M,10,Reversed,473,0.9955010414123535
xglm_small,facebook/xglm-564M,10,Reversed,474,0.9960637092590332
xglm_small,facebook/xglm-564M,10,Reversed,475,0.9967732429504395
xglm_small,facebook/xglm-564M,10,Reversed,476,0.9960672855377197
xglm_small,facebook/xglm-564M,10,Reversed,477,0.9965320229530334
xglm_small,facebook/xglm-564M,10,Reversed,478,0.9971168041229248
xglm_small,facebook/xglm-564M,10,Reversed,479,0.9966199398040771
xglm_small,facebook/xglm-564M,10,Reversed,480,0.9970614910125732
xglm_small,facebook/xglm-564M,10,Reversed,481,0.9976496696472168
xglm_small,facebook/xglm-564M,10,Reversed,482,0.9955851435661316
xglm_small,facebook/xglm-564M,10,Reversed,483,0.9971947073936462
xglm_small,facebook/xglm-564M,10,Reversed,484,0.995969295501709
xglm_small,facebook/xglm-564M,10,Reversed,485,0.9956784248352051
xglm_small,facebook/xglm-564M,10,Reversed,486,0.9969691038131714
xglm_small,facebook/xglm-564M,10,Reversed,487,0.9974297285079956
xglm_small,facebook/xglm-564M,10,Reversed,488,0.9973008036613464
xglm_small,facebook/xglm-564M,10,Reversed,489,0.9970922470092773
xglm_small,facebook/xglm-564M,10,Reversed,490,0.9961161613464355
xglm_small,facebook/xglm-564M,10,Reversed,491,0.9971049427986145
xglm_small,facebook/xglm-564M,10,Reversed,492,0.9946475625038147
xglm_small,facebook/xglm-564M,10,Reversed,493,0.997723400592804
xglm_small,facebook/xglm-564M,10,Reversed,494,0.9968646764755249
xglm_small,facebook/xglm-564M,10,Reversed,495,0.9972344636917114
xglm_small,facebook/xglm-564M,10,Reversed,496,0.9973949790000916
xglm_small,facebook/xglm-564M,10,Reversed,497,0.9959368705749512
xglm_small,facebook/xglm-564M,10,Reversed,498,0.9960936903953552
xglm_small,facebook/xglm-564M,10,Reversed,499,0.9972374439239502
xglm_small,facebook/xglm-564M,10,Reversed,500,0.9973697066307068
xglm_small,facebook/xglm-564M,10,Reversed,501,0.9971503019332886
xglm_small,facebook/xglm-564M,10,Reversed,502,0.995782732963562
xglm_small,facebook/xglm-564M,10,Reversed,503,0.9963531494140625
xglm_small,facebook/xglm-564M,10,Reversed,504,0.9970629811286926
xglm_small,facebook/xglm-564M,10,Reversed,505,0.997270941734314
xglm_small,facebook/xglm-564M,10,Reversed,506,0.9971263408660889
xglm_small,facebook/xglm-564M,10,Reversed,507,0.9964579343795776
xglm_small,facebook/xglm-564M,10,Reversed,508,0.9971781373023987
xglm_small,facebook/xglm-564M,10,Reversed,509,0.9976835250854492
xglm_small,facebook/xglm-564M,10,Reversed,510,0.9954326152801514
xglm_small,facebook/xglm-564M,10,Reversed,511,0.9969558715820312
xglm_small,facebook/xglm-564M,10,Reversed,512,0.9969956874847412
xglm_small,facebook/xglm-564M,10,Reversed,513,0.996085524559021
xglm_small,facebook/xglm-564M,10,Reversed,514,0.9962447881698608
xglm_small,facebook/xglm-564M,10,Reversed,515,0.9965852499008179
xglm_small,facebook/xglm-564M,10,Reversed,516,0.9961243867874146
xglm_small,facebook/xglm-564M,10,Reversed,517,0.9975501298904419
xglm_small,facebook/xglm-564M,10,Reversed,518,0.9968411922454834
xglm_small,facebook/xglm-564M,10,Reversed,519,0.9966261386871338
xglm_small,facebook/xglm-564M,10,Reversed,520,0.997572660446167
xglm_small,facebook/xglm-564M,10,Reversed,521,0.9966174364089966
xglm_small,facebook/xglm-564M,10,Reversed,522,0.9973441362380981
xglm_small,facebook/xglm-564M,10,Reversed,523,0.9980283975601196
xglm_small,facebook/xglm-564M,10,Reversed,524,0.9961392879486084
xglm_small,facebook/xglm-564M,10,Reversed,525,0.9969675540924072
xglm_small,facebook/xglm-564M,10,Reversed,526,0.9971212148666382
xglm_small,facebook/xglm-564M,10,Reversed,527,0.9966203570365906
xglm_small,facebook/xglm-564M,10,Reversed,528,0.9962644577026367
xglm_small,facebook/xglm-564M,10,Reversed,529,0.9972479939460754
xglm_small,facebook/xglm-564M,10,Reversed,530,0.9961771965026855
xglm_small,facebook/xglm-564M,10,Reversed,531,0.9968514442443848
xglm_small,facebook/xglm-564M,10,Reversed,532,0.9969555139541626
xglm_small,facebook/xglm-564M,10,Reversed,533,0.9978101849555969
xglm_small,facebook/xglm-564M,10,Reversed,534,0.9969276189804077
xglm_small,facebook/xglm-564M,10,Reversed,535,0.9976165294647217
xglm_small,facebook/xglm-564M,10,Reversed,536,0.9958653450012207
xglm_small,facebook/xglm-564M,10,Reversed,537,0.9971338510513306
xglm_small,facebook/xglm-564M,10,Reversed,538,0.9974736571311951
xglm_small,facebook/xglm-564M,10,Reversed,539,0.996884286403656
xglm_small,facebook/xglm-564M,10,Reversed,540,0.9963656663894653
xglm_small,facebook/xglm-564M,10,Reversed,541,0.9974998831748962
xglm_small,facebook/xglm-564M,10,Reversed,542,0.9965411424636841
xglm_small,facebook/xglm-564M,10,Reversed,543,0.9968130588531494
xglm_small,facebook/xglm-564M,10,Reversed,544,0.997430682182312
xglm_small,facebook/xglm-564M,10,Reversed,545,0.9974861741065979
xglm_small,facebook/xglm-564M,10,Reversed,546,0.9973342418670654
xglm_small,facebook/xglm-564M,10,Reversed,547,0.9973882436752319
xglm_small,facebook/xglm-564M,10,Reversed,548,0.9972509145736694
xglm_small,facebook/xglm-564M,10,Reversed,549,0.9970822334289551
xglm_small,facebook/xglm-564M,10,Reversed,550,0.9959437251091003
xglm_small,facebook/xglm-564M,10,Reversed,551,0.997395396232605
xglm_small,facebook/xglm-564M,10,Reversed,552,0.9972939491271973
xglm_small,facebook/xglm-564M,10,Reversed,553,0.9977232813835144
xglm_small,facebook/xglm-564M,10,Reversed,554,0.9977595806121826
xglm_small,facebook/xglm-564M,10,Reversed,555,0.9977768063545227
xglm_small,facebook/xglm-564M,10,Reversed,556,0.9923070669174194
xglm_small,facebook/xglm-564M,10,Reversed,557,0.9959797859191895
xglm_small,facebook/xglm-564M,10,Reversed,558,0.9962915778160095
xglm_small,facebook/xglm-564M,10,Reversed,559,0.9971452355384827
xglm_small,facebook/xglm-564M,10,Reversed,560,0.9974709749221802
xglm_small,facebook/xglm-564M,10,Reversed,561,0.9972827434539795
xglm_small,facebook/xglm-564M,10,Reversed,562,0.9969969987869263
xglm_small,facebook/xglm-564M,10,Reversed,563,0.9971521496772766
xglm_small,facebook/xglm-564M,10,Reversed,564,0.9966163635253906
xglm_small,facebook/xglm-564M,10,Reversed,565,0.9972269535064697
xglm_small,facebook/xglm-564M,10,Reversed,566,0.9987912774085999
xglm_small,facebook/xglm-564M,10,Reversed,567,0.9990443587303162
xglm_small,facebook/xglm-564M,10,Reversed,568,0.9971516132354736
xglm_small,facebook/xglm-564M,10,Reversed,569,0.9990459084510803
xglm_small,facebook/xglm-564M,10,Reversed,570,0.9977395534515381
xglm_small,facebook/xglm-564M,10,Reversed,571,0.9959200620651245
xglm_small,facebook/xglm-564M,10,Reversed,572,0.9966066479682922
xglm_small,facebook/xglm-564M,10,Reversed,573,0.9972915053367615
xglm_small,facebook/xglm-564M,10,Reversed,574,0.9967485666275024
xglm_small,facebook/xglm-564M,10,Reversed,575,0.9975932240486145
xglm_small,facebook/xglm-564M,10,Reversed,576,0.9964237213134766
xglm_small,facebook/xglm-564M,10,Reversed,577,0.9974079132080078
xglm_small,facebook/xglm-564M,10,Reversed,578,0.9978958964347839
xglm_small,facebook/xglm-564M,10,Reversed,579,0.9971059560775757
xglm_small,facebook/xglm-564M,10,Reversed,580,0.9972996711730957
xglm_small,facebook/xglm-564M,10,Reversed,581,0.9968712329864502
xglm_small,facebook/xglm-564M,10,Reversed,582,0.997445285320282
xglm_small,facebook/xglm-564M,10,Reversed,583,0.9970784187316895
xglm_small,facebook/xglm-564M,10,Reversed,584,0.9975382089614868
xglm_small,facebook/xglm-564M,10,Reversed,585,0.9975385665893555
xglm_small,facebook/xglm-564M,10,Reversed,586,0.9963024854660034
xglm_small,facebook/xglm-564M,10,Reversed,587,0.9975547194480896
xglm_small,facebook/xglm-564M,10,Reversed,588,0.9969879984855652
xglm_small,facebook/xglm-564M,10,Reversed,589,0.9960394501686096
xglm_small,facebook/xglm-564M,10,Reversed,590,0.9960196614265442
xglm_small,facebook/xglm-564M,10,Reversed,591,0.9969435930252075
xglm_small,facebook/xglm-564M,10,Reversed,592,0.9978259801864624
xglm_small,facebook/xglm-564M,10,Reversed,593,0.9974846839904785
xglm_small,facebook/xglm-564M,10,Reversed,594,0.9977181553840637
xglm_small,facebook/xglm-564M,10,Reversed,595,0.9970471858978271
xglm_small,facebook/xglm-564M,10,Reversed,596,0.9969035387039185
xglm_small,facebook/xglm-564M,10,Reversed,597,0.9971240758895874
xglm_small,facebook/xglm-564M,10,Reversed,598,0.9972188472747803
xglm_small,facebook/xglm-564M,10,Reversed,599,0.9971019625663757
xglm_small,facebook/xglm-564M,10,Reversed,600,0.9946776628494263
xglm_small,facebook/xglm-564M,10,Reversed,601,0.9964673519134521
xglm_small,facebook/xglm-564M,10,Reversed,602,0.9970449209213257
xglm_small,facebook/xglm-564M,10,Reversed,603,0.9971040487289429
xglm_small,facebook/xglm-564M,10,Reversed,604,0.997640073299408
xglm_small,facebook/xglm-564M,10,Reversed,605,0.9975934624671936
xglm_small,facebook/xglm-564M,10,Reversed,606,0.9965800046920776
xglm_small,facebook/xglm-564M,10,Reversed,607,0.9960086345672607
xglm_small,facebook/xglm-564M,10,Reversed,608,0.996813178062439
xglm_small,facebook/xglm-564M,10,Reversed,609,0.9977197051048279
xglm_small,facebook/xglm-564M,10,Reversed,610,0.9962159991264343
xglm_small,facebook/xglm-564M,10,Reversed,611,0.9959951043128967
xglm_small,facebook/xglm-564M,10,Reversed,612,0.997196614742279
xglm_small,facebook/xglm-564M,10,Reversed,613,0.9966809153556824
xglm_small,facebook/xglm-564M,10,Reversed,614,0.997498631477356
xglm_small,facebook/xglm-564M,10,Reversed,615,0.9967080354690552
xglm_small,facebook/xglm-564M,10,Reversed,616,0.9964398741722107
xglm_small,facebook/xglm-564M,10,Reversed,617,0.9971800446510315
xglm_small,facebook/xglm-564M,10,Reversed,618,0.9961657524108887
xglm_small,facebook/xglm-564M,10,Reversed,619,0.996143639087677
xglm_small,facebook/xglm-564M,10,Reversed,620,0.9970633387565613
xglm_small,facebook/xglm-564M,10,Reversed,621,0.9979244470596313
xglm_small,facebook/xglm-564M,10,Reversed,622,0.9975824356079102
xglm_small,facebook/xglm-564M,10,Reversed,623,0.996415376663208
xglm_small,facebook/xglm-564M,10,Reversed,624,0.9962923526763916
xglm_small,facebook/xglm-564M,10,Reversed,625,0.9963768720626831
xglm_small,facebook/xglm-564M,10,Reversed,626,0.9975130558013916
xglm_small,facebook/xglm-564M,10,Reversed,627,0.9962708950042725
xglm_small,facebook/xglm-564M,10,Reversed,628,0.9977685213088989
xglm_small,facebook/xglm-564M,10,Reversed,629,0.997800350189209
xglm_small,facebook/xglm-564M,10,Reversed,630,0.9969594478607178
xglm_small,facebook/xglm-564M,10,Reversed,631,0.9958457350730896
xglm_small,facebook/xglm-564M,10,Reversed,632,0.9954630136489868
xglm_small,facebook/xglm-564M,10,Reversed,633,0.9969902634620667
xglm_small,facebook/xglm-564M,10,Reversed,634,0.9969258904457092
xglm_small,facebook/xglm-564M,10,Reversed,635,0.997036874294281
xglm_small,facebook/xglm-564M,10,Reversed,636,0.9970818758010864
xglm_small,facebook/xglm-564M,10,Reversed,637,0.9972848892211914
xglm_small,facebook/xglm-564M,10,Reversed,638,0.9976677894592285
xglm_small,facebook/xglm-564M,10,Reversed,639,0.9980568885803223
xglm_small,facebook/xglm-564M,10,Reversed,640,0.9975413084030151
xglm_small,facebook/xglm-564M,10,Reversed,641,0.9969199895858765
xglm_small,facebook/xglm-564M,10,Reversed,642,0.9962199926376343
xglm_small,facebook/xglm-564M,10,Reversed,643,0.9964592456817627
xglm_small,facebook/xglm-564M,10,Reversed,644,0.9966121912002563
xglm_small,facebook/xglm-564M,10,Reversed,645,0.9972332715988159
xglm_small,facebook/xglm-564M,10,Reversed,646,0.9964940547943115
xglm_small,facebook/xglm-564M,10,Reversed,647,0.9961344599723816
xglm_small,facebook/xglm-564M,10,Reversed,648,0.9977826476097107
xglm_small,facebook/xglm-564M,10,Reversed,649,0.9976142644882202
xglm_small,facebook/xglm-564M,10,Reversed,650,0.9974409341812134
xglm_small,facebook/xglm-564M,10,Reversed,651,0.996453046798706
xglm_small,facebook/xglm-564M,10,Reversed,652,0.9975699186325073
xglm_small,facebook/xglm-564M,10,Reversed,653,0.9966326951980591
xglm_small,facebook/xglm-564M,10,Reversed,654,0.9963819980621338
xglm_small,facebook/xglm-564M,10,Reversed,655,0.9972484111785889
xglm_small,facebook/xglm-564M,10,Reversed,656,0.997342586517334
xglm_small,facebook/xglm-564M,10,Reversed,657,0.9973833560943604
xglm_small,facebook/xglm-564M,10,Reversed,658,0.9970431923866272
xglm_small,facebook/xglm-564M,10,Reversed,659,0.99550461769104
xglm_small,facebook/xglm-564M,10,Reversed,660,0.9957365989685059
xglm_small,facebook/xglm-564M,10,Reversed,661,0.9978411793708801
xglm_small,facebook/xglm-564M,10,Reversed,662,0.9964438676834106
xglm_small,facebook/xglm-564M,10,Reversed,663,0.9968590140342712
xglm_small,facebook/xglm-564M,10,Reversed,664,0.9974115490913391
xglm_small,facebook/xglm-564M,10,Reversed,665,0.9960522651672363
xglm_small,facebook/xglm-564M,10,Reversed,666,0.9972015619277954
xglm_small,facebook/xglm-564M,10,Reversed,667,0.997376024723053
xglm_small,facebook/xglm-564M,10,Reversed,668,0.9974862337112427
xglm_small,facebook/xglm-564M,10,Reversed,669,0.9962854981422424
xglm_small,facebook/xglm-564M,10,Reversed,670,0.9972250461578369
xglm_small,facebook/xglm-564M,10,Reversed,671,0.9974302053451538
xglm_small,facebook/xglm-564M,10,Reversed,672,0.9959812760353088
xglm_small,facebook/xglm-564M,10,Reversed,673,0.9974887371063232
xglm_small,facebook/xglm-564M,10,Reversed,674,0.9972662329673767
xglm_small,facebook/xglm-564M,10,Reversed,675,0.996424674987793
xglm_small,facebook/xglm-564M,10,Reversed,676,0.9971290230751038
xglm_small,facebook/xglm-564M,10,Reversed,677,0.9970751404762268
xglm_small,facebook/xglm-564M,10,Reversed,678,0.9953103065490723
xglm_small,facebook/xglm-564M,10,Reversed,679,0.9961766600608826
xglm_small,facebook/xglm-564M,10,Reversed,680,0.9974128007888794
xglm_small,facebook/xglm-564M,10,Reversed,681,0.9975717067718506
xglm_small,facebook/xglm-564M,10,Reversed,682,0.9959999322891235
xglm_small,facebook/xglm-564M,10,Reversed,683,0.9966243505477905
xglm_small,facebook/xglm-564M,10,Reversed,684,0.9973888397216797
xglm_small,facebook/xglm-564M,10,Reversed,685,0.9958499670028687
xglm_small,facebook/xglm-564M,10,Reversed,686,0.9970571398735046
xglm_small,facebook/xglm-564M,10,Reversed,687,0.9965213537216187
xglm_small,facebook/xglm-564M,10,Reversed,688,0.9968593120574951
xglm_small,facebook/xglm-564M,10,Reversed,689,0.9971602559089661
xglm_small,facebook/xglm-564M,10,Reversed,690,0.9966686964035034
xglm_small,facebook/xglm-564M,10,Reversed,691,0.9974223971366882
xglm_small,facebook/xglm-564M,10,Reversed,692,0.9978238344192505
xglm_small,facebook/xglm-564M,10,Reversed,693,0.9955240488052368
xglm_small,facebook/xglm-564M,10,Reversed,694,0.9965296983718872
xglm_small,facebook/xglm-564M,10,Reversed,695,0.9968886375427246
xglm_small,facebook/xglm-564M,10,Reversed,696,0.9977082014083862
xglm_small,facebook/xglm-564M,10,Reversed,697,0.9977733492851257
xglm_small,facebook/xglm-564M,10,Reversed,698,0.9966412782669067
xglm_small,facebook/xglm-564M,10,Reversed,699,0.9970600605010986
xglm_small,facebook/xglm-564M,10,Reversed,700,0.9972410202026367
xglm_small,facebook/xglm-564M,10,Reversed,701,0.997207522392273
xglm_small,facebook/xglm-564M,10,Reversed,702,0.9975795745849609
xglm_small,facebook/xglm-564M,10,Reversed,703,0.997694730758667
xglm_small,facebook/xglm-564M,10,Reversed,704,0.997440755367279
xglm_small,facebook/xglm-564M,10,Reversed,705,0.9968384504318237
xglm_small,facebook/xglm-564M,10,Reversed,706,0.9965999126434326
xglm_small,facebook/xglm-564M,10,Reversed,707,0.9961569905281067
xglm_small,facebook/xglm-564M,10,Reversed,708,0.9971117973327637
xglm_small,facebook/xglm-564M,10,Reversed,709,0.9967689514160156
xglm_small,facebook/xglm-564M,10,Reversed,710,0.9968675374984741
xglm_small,facebook/xglm-564M,10,Reversed,711,0.997159481048584
xglm_small,facebook/xglm-564M,10,Reversed,712,0.9968565702438354
xglm_small,facebook/xglm-564M,10,Reversed,713,0.9978625774383545
xglm_small,facebook/xglm-564M,10,Reversed,714,0.9973524808883667
xglm_small,facebook/xglm-564M,10,Reversed,715,0.9967864751815796
xglm_small,facebook/xglm-564M,10,Reversed,716,0.9973037838935852
xglm_small,facebook/xglm-564M,10,Reversed,717,0.9978287816047668
xglm_small,facebook/xglm-564M,10,Reversed,718,0.997865617275238
xglm_small,facebook/xglm-564M,10,Reversed,719,0.9972305297851562
xglm_small,facebook/xglm-564M,10,Reversed,720,0.996868908405304
xglm_small,facebook/xglm-564M,10,Reversed,721,0.9977468848228455
xglm_small,facebook/xglm-564M,10,Reversed,722,0.9976961016654968
xglm_small,facebook/xglm-564M,10,Reversed,723,0.9977003931999207
xglm_small,facebook/xglm-564M,10,Reversed,724,0.9961118102073669
xglm_small,facebook/xglm-564M,10,Reversed,725,0.9979918003082275
xglm_small,facebook/xglm-564M,10,Reversed,726,0.9973675012588501
xglm_small,facebook/xglm-564M,10,Reversed,727,0.9978271722793579
xglm_small,facebook/xglm-564M,10,Reversed,728,0.9976905584335327
xglm_small,facebook/xglm-564M,10,Reversed,729,0.9978320002555847
xglm_small,facebook/xglm-564M,10,Reversed,730,0.9971705675125122
xglm_small,facebook/xglm-564M,10,Reversed,731,0.9956949949264526
xglm_small,facebook/xglm-564M,10,Reversed,732,0.996199369430542
xglm_small,facebook/xglm-564M,10,Reversed,733,0.9974578022956848
xglm_small,facebook/xglm-564M,10,Reversed,734,0.9981335401535034
xglm_small,facebook/xglm-564M,10,Reversed,735,0.9962954521179199
xglm_small,facebook/xglm-564M,10,Reversed,736,0.9967164993286133
xglm_small,facebook/xglm-564M,10,Reversed,737,0.9973685145378113
xglm_small,facebook/xglm-564M,10,Reversed,738,0.9974086284637451
xglm_small,facebook/xglm-564M,10,Reversed,739,0.9970637559890747
xglm_small,facebook/xglm-564M,10,Reversed,740,0.9976226091384888
xglm_small,facebook/xglm-564M,10,Reversed,741,0.9972052574157715
xglm_small,facebook/xglm-564M,10,Reversed,742,0.9963027238845825
xglm_small,facebook/xglm-564M,10,Reversed,743,0.997634768486023
xglm_small,facebook/xglm-564M,10,Reversed,744,0.9975664615631104
xglm_small,facebook/xglm-564M,10,Reversed,745,0.9970765113830566
xglm_small,facebook/xglm-564M,10,Reversed,746,0.9958000779151917
xglm_small,facebook/xglm-564M,10,Reversed,747,0.9976053833961487
xglm_small,facebook/xglm-564M,10,Reversed,748,0.9976484775543213
xglm_small,facebook/xglm-564M,10,Reversed,749,0.9979679584503174
xglm_small,facebook/xglm-564M,10,Reversed,750,0.9973143339157104
xglm_small,facebook/xglm-564M,10,Reversed,751,0.9975147247314453
xglm_small,facebook/xglm-564M,10,Reversed,752,0.997309684753418
xglm_small,facebook/xglm-564M,10,Reversed,753,0.9977215528488159
xglm_small,facebook/xglm-564M,10,Reversed,754,0.995957612991333
xglm_small,facebook/xglm-564M,10,Reversed,755,0.9978586435317993
xglm_small,facebook/xglm-564M,10,Reversed,756,0.9973694086074829
xglm_small,facebook/xglm-564M,10,Reversed,757,0.9980384111404419
xglm_small,facebook/xglm-564M,10,Reversed,758,0.9977400898933411
xglm_small,facebook/xglm-564M,10,Reversed,759,0.9977022409439087
xglm_small,facebook/xglm-564M,10,Reversed,760,0.9957514405250549
xglm_small,facebook/xglm-564M,10,Reversed,761,0.9934958219528198
xglm_small,facebook/xglm-564M,10,Reversed,762,0.9970765113830566
xglm_small,facebook/xglm-564M,10,Reversed,763,0.9975820779800415
xglm_small,facebook/xglm-564M,10,Reversed,764,0.9967919588088989
xglm_small,facebook/xglm-564M,10,Reversed,765,0.9975045323371887
xglm_small,facebook/xglm-564M,10,Reversed,766,0.9979568719863892
xglm_small,facebook/xglm-564M,10,Reversed,767,0.9978682994842529
xglm_small,facebook/xglm-564M,10,Reversed,768,0.9976579546928406
xglm_small,facebook/xglm-564M,10,Reversed,769,0.9975671172142029
xglm_small,facebook/xglm-564M,10,Reversed,770,0.9967882037162781
xglm_small,facebook/xglm-564M,10,Reversed,771,0.9977739453315735
xglm_small,facebook/xglm-564M,10,Reversed,772,0.9976218938827515
xglm_small,facebook/xglm-564M,10,Reversed,773,0.995916485786438
xglm_small,facebook/xglm-564M,10,Reversed,774,0.9977189898490906
xglm_small,facebook/xglm-564M,10,Reversed,775,0.9965537786483765
xglm_small,facebook/xglm-564M,10,Reversed,776,0.9979971051216125
xglm_small,facebook/xglm-564M,10,Reversed,777,0.9976167678833008
xglm_small,facebook/xglm-564M,10,Reversed,778,0.9967866539955139
xglm_small,facebook/xglm-564M,10,Reversed,779,0.9974436163902283
xglm_small,facebook/xglm-564M,10,Reversed,780,0.99626624584198
xglm_small,facebook/xglm-564M,10,Reversed,781,0.9972864985466003
xglm_small,facebook/xglm-564M,10,Reversed,782,0.9976200461387634
xglm_small,facebook/xglm-564M,10,Reversed,783,0.9971773624420166
xglm_small,facebook/xglm-564M,10,Reversed,784,0.9964292049407959
xglm_small,facebook/xglm-564M,10,Reversed,785,0.9968852996826172
xglm_small,facebook/xglm-564M,10,Reversed,786,0.9973612427711487
xglm_small,facebook/xglm-564M,10,Reversed,787,0.9954981803894043
xglm_small,facebook/xglm-564M,10,Reversed,788,0.9979426860809326
xglm_small,facebook/xglm-564M,10,Reversed,789,0.9970740079879761
xglm_small,facebook/xglm-564M,10,Reversed,790,0.9959688186645508
xglm_small,facebook/xglm-564M,10,Reversed,791,0.9969981908798218
xglm_small,facebook/xglm-564M,10,Reversed,792,0.996976912021637
xglm_small,facebook/xglm-564M,10,Reversed,793,0.9964640736579895
xglm_small,facebook/xglm-564M,10,Reversed,794,0.997672438621521
xglm_small,facebook/xglm-564M,10,Reversed,795,0.9973783493041992
xglm_small,facebook/xglm-564M,10,Reversed,796,0.9975998401641846
xglm_small,facebook/xglm-564M,10,Reversed,797,0.9977713227272034
xglm_small,facebook/xglm-564M,10,Reversed,798,0.998050332069397
xglm_small,facebook/xglm-564M,10,Reversed,799,0.9974310398101807
xglm_small,facebook/xglm-564M,10,Reversed,800,0.997125506401062
xglm_small,facebook/xglm-564M,10,Reversed,801,0.997014045715332
xglm_small,facebook/xglm-564M,10,Reversed,802,0.9958361387252808
xglm_small,facebook/xglm-564M,10,Reversed,803,0.9974333643913269
xglm_small,facebook/xglm-564M,10,Reversed,804,0.9975566864013672
xglm_small,facebook/xglm-564M,10,Reversed,805,0.9961866140365601
xglm_small,facebook/xglm-564M,10,Reversed,806,0.9970188736915588
xglm_small,facebook/xglm-564M,10,Reversed,807,0.9973431825637817
xglm_small,facebook/xglm-564M,10,Reversed,808,0.9967385530471802
xglm_small,facebook/xglm-564M,10,Reversed,809,0.9970695972442627
xglm_small,facebook/xglm-564M,10,Reversed,810,0.9978536367416382
xglm_small,facebook/xglm-564M,10,Reversed,811,0.9969280958175659
xglm_small,facebook/xglm-564M,10,Reversed,812,0.9973742961883545
xglm_small,facebook/xglm-564M,10,Reversed,813,0.9970308542251587
xglm_small,facebook/xglm-564M,10,Reversed,814,0.9976754784584045
xglm_small,facebook/xglm-564M,10,Reversed,815,0.9974415302276611
xglm_small,facebook/xglm-564M,10,Reversed,816,0.9972586631774902
xglm_small,facebook/xglm-564M,10,Reversed,817,0.997516393661499
xglm_small,facebook/xglm-564M,10,Reversed,818,0.9956871867179871
xglm_small,facebook/xglm-564M,10,Reversed,819,0.9949239492416382
xglm_small,facebook/xglm-564M,10,Reversed,820,0.9971920251846313
xglm_small,facebook/xglm-564M,10,Reversed,821,0.9980164766311646
xglm_small,facebook/xglm-564M,10,Reversed,822,0.9968944787979126
xglm_small,facebook/xglm-564M,10,Reversed,823,0.9973470568656921
xglm_small,facebook/xglm-564M,10,Reversed,824,0.9976477026939392
xglm_small,facebook/xglm-564M,10,Reversed,825,0.9977009296417236
xglm_small,facebook/xglm-564M,10,Reversed,826,0.9975113868713379
xglm_small,facebook/xglm-564M,10,Reversed,827,0.9975795745849609
xglm_small,facebook/xglm-564M,10,Reversed,828,0.9965923428535461
xglm_small,facebook/xglm-564M,10,Reversed,829,0.9966566562652588
xglm_small,facebook/xglm-564M,10,Reversed,830,0.997378408908844
xglm_small,facebook/xglm-564M,10,Reversed,831,0.9968701004981995
xglm_small,facebook/xglm-564M,10,Reversed,832,0.9973138570785522
xglm_small,facebook/xglm-564M,10,Reversed,833,0.9975008964538574
xglm_small,facebook/xglm-564M,10,Reversed,834,0.9975322484970093
xglm_small,facebook/xglm-564M,10,Reversed,835,0.9975805282592773
xglm_small,facebook/xglm-564M,10,Reversed,836,0.9977655410766602
xglm_small,facebook/xglm-564M,10,Reversed,837,0.9976117610931396
xglm_small,facebook/xglm-564M,10,Reversed,838,0.9974157810211182
xglm_small,facebook/xglm-564M,10,Reversed,839,0.9971608519554138
xglm_small,facebook/xglm-564M,10,Reversed,840,0.9970714449882507
xglm_small,facebook/xglm-564M,10,Reversed,841,0.9980251789093018
xglm_small,facebook/xglm-564M,10,Reversed,842,0.997856855392456
xglm_small,facebook/xglm-564M,10,Reversed,843,0.997367262840271
xglm_small,facebook/xglm-564M,10,Reversed,844,0.9965863823890686
xglm_small,facebook/xglm-564M,10,Reversed,845,0.9953561425209045
xglm_small,facebook/xglm-564M,10,Reversed,846,0.996585488319397
xglm_small,facebook/xglm-564M,10,Reversed,847,0.9970920085906982
xglm_small,facebook/xglm-564M,10,Reversed,848,0.9977465867996216
xglm_small,facebook/xglm-564M,10,Reversed,849,0.9972760677337646
xglm_small,facebook/xglm-564M,10,Reversed,850,0.9970808029174805
xglm_small,facebook/xglm-564M,10,Reversed,851,0.9975005984306335
xglm_small,facebook/xglm-564M,10,Reversed,852,0.9970943927764893
xglm_small,facebook/xglm-564M,10,Reversed,853,0.9975643754005432
xglm_small,facebook/xglm-564M,10,Reversed,854,0.9960257411003113
xglm_small,facebook/xglm-564M,10,Reversed,855,0.9969638586044312
xglm_small,facebook/xglm-564M,10,Reversed,856,0.9964932799339294
xglm_small,facebook/xglm-564M,10,Reversed,857,0.996297299861908
xglm_small,facebook/xglm-564M,10,Reversed,858,0.9975279569625854
xglm_small,facebook/xglm-564M,10,Reversed,859,0.9977487921714783
xglm_small,facebook/xglm-564M,10,Reversed,860,0.9975680708885193
xglm_small,facebook/xglm-564M,10,Reversed,861,0.9965469241142273
xglm_small,facebook/xglm-564M,10,Reversed,862,0.9979195594787598
xglm_small,facebook/xglm-564M,10,Reversed,863,0.9974570274353027
xglm_small,facebook/xglm-564M,10,Reversed,864,0.9964442253112793
xglm_small,facebook/xglm-564M,10,Reversed,865,0.9973496198654175
xglm_small,facebook/xglm-564M,10,Reversed,866,0.9967746734619141
xglm_small,facebook/xglm-564M,10,Reversed,867,0.9963603019714355
xglm_small,facebook/xglm-564M,10,Reversed,868,0.9964091181755066
xglm_small,facebook/xglm-564M,10,Reversed,869,0.9959520101547241
xglm_small,facebook/xglm-564M,10,Reversed,870,0.9974051713943481
xglm_small,facebook/xglm-564M,10,Reversed,871,0.9970177412033081
xglm_small,facebook/xglm-564M,10,Reversed,872,0.9981985092163086
xglm_small,facebook/xglm-564M,10,Reversed,873,0.9976649880409241
xglm_small,facebook/xglm-564M,10,Reversed,874,0.9968633055686951
xglm_small,facebook/xglm-564M,10,Reversed,875,0.9970314502716064
xglm_small,facebook/xglm-564M,10,Reversed,876,0.9980039000511169
xglm_small,facebook/xglm-564M,10,Reversed,877,0.9959187507629395
xglm_small,facebook/xglm-564M,10,Reversed,878,0.9969650506973267
xglm_small,facebook/xglm-564M,10,Reversed,879,0.9961268901824951
xglm_small,facebook/xglm-564M,10,Reversed,880,0.996783971786499
xglm_small,facebook/xglm-564M,10,Reversed,881,0.996719479560852
xglm_small,facebook/xglm-564M,10,Reversed,882,0.9969343543052673
xglm_small,facebook/xglm-564M,10,Reversed,883,0.9964548349380493
xglm_small,facebook/xglm-564M,10,Reversed,884,0.9961003065109253
xglm_small,facebook/xglm-564M,10,Reversed,885,0.9969720244407654
xglm_small,facebook/xglm-564M,10,Reversed,886,0.9965863823890686
xglm_small,facebook/xglm-564M,10,Reversed,887,0.9961149096488953
xglm_small,facebook/xglm-564M,10,Reversed,888,0.9959158301353455
xglm_small,facebook/xglm-564M,10,Reversed,889,0.996859073638916
xglm_small,facebook/xglm-564M,10,Reversed,890,0.9977641701698303
xglm_small,facebook/xglm-564M,10,Reversed,891,0.9954726696014404
xglm_small,facebook/xglm-564M,10,Reversed,892,0.9967014789581299
xglm_small,facebook/xglm-564M,10,Reversed,893,0.9975519180297852
xglm_small,facebook/xglm-564M,10,Reversed,894,0.9966012835502625
xglm_small,facebook/xglm-564M,10,Reversed,895,0.9972416758537292
xglm_small,facebook/xglm-564M,10,Reversed,896,0.9966079592704773
xglm_small,facebook/xglm-564M,10,Reversed,897,0.9978561997413635
xglm_small,facebook/xglm-564M,10,Reversed,898,0.9974664449691772
xglm_small,facebook/xglm-564M,10,Reversed,899,0.9954758882522583
xglm_small,facebook/xglm-564M,10,Reversed,900,0.9973124861717224
xglm_small,facebook/xglm-564M,10,Reversed,901,0.9979875087738037
xglm_small,facebook/xglm-564M,10,Reversed,902,0.9970457553863525
xglm_small,facebook/xglm-564M,10,Reversed,903,0.9962708353996277
xglm_small,facebook/xglm-564M,10,Reversed,904,0.9971657395362854
xglm_small,facebook/xglm-564M,10,Reversed,905,0.9970529079437256
xglm_small,facebook/xglm-564M,10,Reversed,906,0.9972434043884277
xglm_small,facebook/xglm-564M,10,Reversed,907,0.9947057366371155
xglm_small,facebook/xglm-564M,10,Reversed,908,0.9977945685386658
xglm_small,facebook/xglm-564M,10,Reversed,909,0.9972164034843445
xglm_small,facebook/xglm-564M,10,Reversed,910,0.9978002309799194
xglm_small,facebook/xglm-564M,10,Reversed,911,0.9968467354774475
xglm_small,facebook/xglm-564M,10,Reversed,912,0.9970221519470215
xglm_small,facebook/xglm-564M,10,Reversed,913,0.9968689680099487
xglm_small,facebook/xglm-564M,10,Reversed,914,0.9977201223373413
xglm_small,facebook/xglm-564M,10,Reversed,915,0.9961665272712708
xglm_small,facebook/xglm-564M,10,Reversed,916,0.9972476959228516
xglm_small,facebook/xglm-564M,10,Reversed,917,0.9969360828399658
xglm_small,facebook/xglm-564M,10,Reversed,918,0.9961540699005127
xglm_small,facebook/xglm-564M,10,Reversed,919,0.9968668222427368
xglm_small,facebook/xglm-564M,10,Reversed,920,0.9956132173538208
xglm_small,facebook/xglm-564M,10,Reversed,921,0.9970220327377319
xglm_small,facebook/xglm-564M,10,Reversed,922,0.9974442720413208
xglm_small,facebook/xglm-564M,10,Reversed,923,0.9976449608802795
xglm_small,facebook/xglm-564M,10,Reversed,924,0.9959487915039062
xglm_small,facebook/xglm-564M,10,Reversed,925,0.9964708089828491
xglm_small,facebook/xglm-564M,10,Reversed,926,0.997801661491394
xglm_small,facebook/xglm-564M,10,Reversed,927,0.9968653917312622
xglm_small,facebook/xglm-564M,10,Reversed,928,0.9964116811752319
xglm_small,facebook/xglm-564M,10,Reversed,929,0.9957399368286133
xglm_small,facebook/xglm-564M,10,Reversed,930,0.9977527260780334
xglm_small,facebook/xglm-564M,10,Reversed,931,0.9976041316986084
xglm_small,facebook/xglm-564M,10,Reversed,932,0.9961910247802734
xglm_small,facebook/xglm-564M,10,Reversed,933,0.9976184964179993
xglm_small,facebook/xglm-564M,10,Reversed,934,0.9970769882202148
xglm_small,facebook/xglm-564M,10,Reversed,935,0.9977939128875732
xglm_small,facebook/xglm-564M,10,Reversed,936,0.9966687560081482
xglm_small,facebook/xglm-564M,10,Reversed,937,0.997297465801239
xglm_small,facebook/xglm-564M,10,Reversed,938,0.9967893362045288
xglm_small,facebook/xglm-564M,10,Reversed,939,0.9962581396102905
xglm_small,facebook/xglm-564M,10,Reversed,940,0.9975230693817139
xglm_small,facebook/xglm-564M,10,Reversed,941,0.9970654845237732
xglm_small,facebook/xglm-564M,10,Reversed,942,0.9978938698768616
xglm_small,facebook/xglm-564M,10,Reversed,943,0.997323751449585
xglm_small,facebook/xglm-564M,10,Reversed,944,0.9963512420654297
xglm_small,facebook/xglm-564M,10,Reversed,945,0.9969409704208374
xglm_small,facebook/xglm-564M,10,Reversed,946,0.9975153207778931
xglm_small,facebook/xglm-564M,10,Reversed,947,0.9975299835205078
xglm_small,facebook/xglm-564M,10,Reversed,948,0.9971469640731812
xglm_small,facebook/xglm-564M,10,Reversed,949,0.9978843331336975
xglm_small,facebook/xglm-564M,10,Reversed,950,0.9974508881568909
xglm_small,facebook/xglm-564M,10,Reversed,951,0.9973689913749695
xglm_small,facebook/xglm-564M,10,Reversed,952,0.9955998659133911
xglm_small,facebook/xglm-564M,10,Reversed,953,0.9969285726547241
xglm_small,facebook/xglm-564M,10,Reversed,954,0.9972863793373108
xglm_small,facebook/xglm-564M,10,Reversed,955,0.9975297451019287
xglm_small,facebook/xglm-564M,10,Reversed,956,0.997573971748352
xglm_small,facebook/xglm-564M,10,Reversed,957,0.996676504611969
xglm_small,facebook/xglm-564M,10,Reversed,958,0.9966087341308594
xglm_small,facebook/xglm-564M,10,Reversed,959,0.9961092472076416
xglm_small,facebook/xglm-564M,10,Reversed,960,0.9977360963821411
xglm_small,facebook/xglm-564M,10,Reversed,961,0.9974907636642456
xglm_small,facebook/xglm-564M,10,Reversed,962,0.9975152015686035
xglm_small,facebook/xglm-564M,10,Reversed,963,0.9992835521697998
xglm_small,facebook/xglm-564M,10,Reversed,964,0.997606635093689
xglm_small,facebook/xglm-564M,10,Reversed,965,0.9979971647262573
xglm_small,facebook/xglm-564M,10,Reversed,966,0.9971932768821716
xglm_small,facebook/xglm-564M,10,Reversed,967,0.9965505599975586
xglm_small,facebook/xglm-564M,10,Reversed,968,0.9967979192733765
xglm_small,facebook/xglm-564M,10,Reversed,969,0.9968410134315491
xglm_small,facebook/xglm-564M,10,Reversed,970,0.9961012601852417
xglm_small,facebook/xglm-564M,10,Reversed,971,0.9977353811264038
xglm_small,facebook/xglm-564M,10,Reversed,972,0.9991025328636169
xglm_small,facebook/xglm-564M,10,Reversed,973,0.9961031079292297
xglm_small,facebook/xglm-564M,10,Reversed,974,0.997668981552124
xglm_small,facebook/xglm-564M,10,Reversed,975,0.9956839084625244
xglm_small,facebook/xglm-564M,10,Reversed,976,0.9969622492790222
xglm_small,facebook/xglm-564M,10,Reversed,977,0.9969273209571838
xglm_small,facebook/xglm-564M,10,Reversed,978,0.9967812895774841
xglm_small,facebook/xglm-564M,10,Reversed,979,0.9975873231887817
xglm_small,facebook/xglm-564M,10,Reversed,980,0.9970739483833313
xglm_small,facebook/xglm-564M,10,Reversed,981,0.9976810216903687
xglm_small,facebook/xglm-564M,10,Reversed,982,0.9977318048477173
xglm_small,facebook/xglm-564M,10,Reversed,983,0.9974334239959717
xglm_small,facebook/xglm-564M,10,Reversed,984,0.9962366819381714
xglm_small,facebook/xglm-564M,10,Reversed,985,0.9972752332687378
xglm_small,facebook/xglm-564M,10,Reversed,986,0.996208667755127
xglm_small,facebook/xglm-564M,10,Reversed,987,0.9970689415931702
xglm_small,facebook/xglm-564M,10,Reversed,988,0.9969789981842041
xglm_small,facebook/xglm-564M,10,Reversed,989,0.9960784912109375
xglm_small,facebook/xglm-564M,10,Reversed,990,0.9963424205780029
xglm_small,facebook/xglm-564M,10,Reversed,991,0.9986709356307983
xglm_small,facebook/xglm-564M,10,Reversed,992,0.9988448619842529
xglm_small,facebook/xglm-564M,10,Reversed,993,0.9980721473693848
xglm_small,facebook/xglm-564M,10,Reversed,994,0.9958837032318115
xglm_small,facebook/xglm-564M,10,Reversed,995,0.9956496953964233
xglm_small,facebook/xglm-564M,10,Reversed,996,0.9964928030967712
xglm_small,facebook/xglm-564M,10,Reversed,997,0.9978230595588684
xglm_small,facebook/xglm-564M,10,Reversed,998,0.9978184103965759
xglm_small,facebook/xglm-564M,10,Reversed,999,0.9953467845916748
xglm_small,facebook/xglm-564M,10,paraphrase,0,0.9841310381889343
xglm_small,facebook/xglm-564M,10,paraphrase,1,0.9949167966842651
xglm_small,facebook/xglm-564M,10,paraphrase,2,0.9969820380210876
xglm_small,facebook/xglm-564M,10,paraphrase,3,0.9920211434364319
xglm_small,facebook/xglm-564M,10,paraphrase,4,0.9920000433921814
xglm_small,facebook/xglm-564M,10,paraphrase,5,0.9968481659889221
xglm_small,facebook/xglm-564M,10,paraphrase,6,0.9929131269454956
xglm_small,facebook/xglm-564M,10,paraphrase,7,0.9967424869537354
xglm_small,facebook/xglm-564M,10,paraphrase,8,0.9925109148025513
xglm_small,facebook/xglm-564M,10,paraphrase,9,0.9959390759468079
xglm_small,facebook/xglm-564M,10,paraphrase,10,0.9953704476356506
xglm_small,facebook/xglm-564M,10,paraphrase,11,0.9961470365524292
xglm_small,facebook/xglm-564M,10,paraphrase,12,0.9970062971115112
xglm_small,facebook/xglm-564M,10,paraphrase,13,0.9941390752792358
xglm_small,facebook/xglm-564M,10,paraphrase,14,0.9958865642547607
xglm_small,facebook/xglm-564M,10,paraphrase,15,0.997286856174469
xglm_small,facebook/xglm-564M,10,paraphrase,16,0.9962607026100159
xglm_small,facebook/xglm-564M,10,paraphrase,17,0.9967473149299622
xglm_small,facebook/xglm-564M,10,paraphrase,18,0.9975926876068115
xglm_small,facebook/xglm-564M,10,paraphrase,19,0.9955258369445801
xglm_small,facebook/xglm-564M,10,paraphrase,20,0.9945754408836365
xglm_small,facebook/xglm-564M,10,paraphrase,21,0.9963654279708862
xglm_small,facebook/xglm-564M,10,paraphrase,22,0.996680736541748
xglm_small,facebook/xglm-564M,10,paraphrase,23,0.9968965649604797
xglm_small,facebook/xglm-564M,10,paraphrase,24,0.995875358581543
xglm_small,facebook/xglm-564M,10,paraphrase,25,0.9956872463226318
xglm_small,facebook/xglm-564M,10,paraphrase,26,0.9970934987068176
xglm_small,facebook/xglm-564M,10,paraphrase,27,0.9976814389228821
xglm_small,facebook/xglm-564M,10,paraphrase,28,0.9970152378082275
xglm_small,facebook/xglm-564M,10,paraphrase,29,0.9965211749076843
xglm_small,facebook/xglm-564M,10,paraphrase,30,0.9964616298675537
xglm_small,facebook/xglm-564M,10,paraphrase,31,0.9975550770759583
xglm_small,facebook/xglm-564M,10,paraphrase,32,0.9973830580711365
xglm_small,facebook/xglm-564M,10,paraphrase,33,0.9925634264945984
xglm_small,facebook/xglm-564M,10,paraphrase,34,0.9942421913146973
xglm_small,facebook/xglm-564M,10,paraphrase,35,0.9831178784370422
xglm_small,facebook/xglm-564M,10,paraphrase,36,0.9970110654830933
xglm_small,facebook/xglm-564M,10,paraphrase,37,0.9960945844650269
xglm_small,facebook/xglm-564M,10,paraphrase,38,0.9973986148834229
xglm_small,facebook/xglm-564M,10,paraphrase,39,0.9941890239715576
xglm_small,facebook/xglm-564M,10,paraphrase,40,0.9908267259597778
xglm_small,facebook/xglm-564M,10,paraphrase,41,0.9971182346343994
xglm_small,facebook/xglm-564M,10,paraphrase,42,0.9930447340011597
xglm_small,facebook/xglm-564M,10,paraphrase,43,0.9917476177215576
xglm_small,facebook/xglm-564M,10,paraphrase,44,0.9903736114501953
xglm_small,facebook/xglm-564M,10,paraphrase,45,0.9920366406440735
xglm_small,facebook/xglm-564M,10,paraphrase,46,0.9925603270530701
xglm_small,facebook/xglm-564M,10,paraphrase,47,0.9937834739685059
xglm_small,facebook/xglm-564M,10,paraphrase,48,0.9951496124267578
xglm_small,facebook/xglm-564M,10,paraphrase,49,0.9961353540420532
xglm_small,facebook/xglm-564M,10,paraphrase,50,0.9957059621810913
xglm_small,facebook/xglm-564M,10,paraphrase,51,0.9960418343544006
xglm_small,facebook/xglm-564M,10,paraphrase,52,0.9951738715171814
xglm_small,facebook/xglm-564M,10,paraphrase,53,0.9926422834396362
xglm_small,facebook/xglm-564M,10,paraphrase,54,0.9967597723007202
xglm_small,facebook/xglm-564M,10,paraphrase,55,0.9942195415496826
xglm_small,facebook/xglm-564M,10,paraphrase,56,0.9963433146476746
xglm_small,facebook/xglm-564M,10,paraphrase,57,0.9959618449211121
xglm_small,facebook/xglm-564M,10,paraphrase,58,0.9943733811378479
xglm_small,facebook/xglm-564M,10,paraphrase,59,0.9966054558753967
xglm_small,facebook/xglm-564M,10,paraphrase,60,0.9959872961044312
xglm_small,facebook/xglm-564M,10,paraphrase,61,0.9965211153030396
xglm_small,facebook/xglm-564M,10,paraphrase,62,0.9880346059799194
xglm_small,facebook/xglm-564M,10,paraphrase,63,0.9937261343002319
xglm_small,facebook/xglm-564M,10,paraphrase,64,0.992917537689209
xglm_small,facebook/xglm-564M,10,paraphrase,65,0.9953724145889282
xglm_small,facebook/xglm-564M,10,paraphrase,66,0.9919281005859375
xglm_small,facebook/xglm-564M,10,paraphrase,67,0.9963107705116272
xglm_small,facebook/xglm-564M,10,paraphrase,68,0.9960169196128845
xglm_small,facebook/xglm-564M,10,paraphrase,69,0.9953415393829346
xglm_small,facebook/xglm-564M,10,paraphrase,70,0.9952844381332397
xglm_small,facebook/xglm-564M,10,paraphrase,71,0.9958744645118713
xglm_small,facebook/xglm-564M,10,paraphrase,72,0.9967594742774963
xglm_small,facebook/xglm-564M,10,paraphrase,73,0.993331789970398
xglm_small,facebook/xglm-564M,10,paraphrase,74,0.9961864948272705
xglm_small,facebook/xglm-564M,10,paraphrase,75,0.9963692426681519
xglm_small,facebook/xglm-564M,10,paraphrase,76,0.9963699579238892
xglm_small,facebook/xglm-564M,10,paraphrase,77,0.9968579411506653
xglm_small,facebook/xglm-564M,10,paraphrase,78,0.9960005283355713
xglm_small,facebook/xglm-564M,10,paraphrase,79,0.9918356537818909
xglm_small,facebook/xglm-564M,10,paraphrase,80,0.996285617351532
xglm_small,facebook/xglm-564M,10,paraphrase,81,0.9952897429466248
xglm_small,facebook/xglm-564M,10,paraphrase,82,0.9907561540603638
xglm_small,facebook/xglm-564M,10,paraphrase,83,0.995475172996521
xglm_small,facebook/xglm-564M,10,paraphrase,84,0.9949149489402771
xglm_small,facebook/xglm-564M,10,paraphrase,85,0.9919182062149048
xglm_small,facebook/xglm-564M,10,paraphrase,86,0.9962514638900757
xglm_small,facebook/xglm-564M,10,paraphrase,87,0.9950025081634521
xglm_small,facebook/xglm-564M,10,paraphrase,88,0.9959683418273926
xglm_small,facebook/xglm-564M,10,paraphrase,89,0.9941816329956055
xglm_small,facebook/xglm-564M,10,paraphrase,90,0.9841828942298889
xglm_small,facebook/xglm-564M,10,paraphrase,91,0.9944046139717102
xglm_small,facebook/xglm-564M,10,paraphrase,92,0.9962537288665771
xglm_small,facebook/xglm-564M,10,paraphrase,93,0.9961516857147217
xglm_small,facebook/xglm-564M,10,paraphrase,94,0.9964717030525208
xglm_small,facebook/xglm-564M,10,paraphrase,95,0.9957731366157532
xglm_small,facebook/xglm-564M,10,paraphrase,96,0.990768313407898
xglm_small,facebook/xglm-564M,10,paraphrase,97,0.9962870478630066
xglm_small,facebook/xglm-564M,10,paraphrase,98,0.9970765113830566
xglm_small,facebook/xglm-564M,10,paraphrase,99,0.9962583780288696
xglm_small,facebook/xglm-564M,10,paraphrase,100,0.9915307760238647
xglm_small,facebook/xglm-564M,10,paraphrase,101,0.9964643716812134
xglm_small,facebook/xglm-564M,10,paraphrase,102,0.9958720207214355
xglm_small,facebook/xglm-564M,10,paraphrase,103,0.9916484355926514
xglm_small,facebook/xglm-564M,10,paraphrase,104,0.9903013110160828
xglm_small,facebook/xglm-564M,10,paraphrase,105,0.9967678189277649
xglm_small,facebook/xglm-564M,10,paraphrase,106,0.9965469241142273
xglm_small,facebook/xglm-564M,10,paraphrase,107,0.995826005935669
xglm_small,facebook/xglm-564M,10,paraphrase,108,0.9972700476646423
xglm_small,facebook/xglm-564M,10,paraphrase,109,0.9972597360610962
xglm_small,facebook/xglm-564M,10,paraphrase,110,0.9957270622253418
xglm_small,facebook/xglm-564M,10,paraphrase,111,0.9975319504737854
xglm_small,facebook/xglm-564M,10,paraphrase,112,0.9969174265861511
xglm_small,facebook/xglm-564M,10,paraphrase,113,0.9934700131416321
xglm_small,facebook/xglm-564M,10,paraphrase,114,0.9963258504867554
xglm_small,facebook/xglm-564M,10,paraphrase,115,0.9958222508430481
xglm_small,facebook/xglm-564M,10,paraphrase,116,0.9914857745170593
xglm_small,facebook/xglm-564M,10,paraphrase,117,0.9961881041526794
xglm_small,facebook/xglm-564M,10,paraphrase,118,0.9978667497634888
xglm_small,facebook/xglm-564M,10,paraphrase,119,0.9974782466888428
xglm_small,facebook/xglm-564M,10,paraphrase,120,0.9948288798332214
xglm_small,facebook/xglm-564M,10,paraphrase,121,0.9883412718772888
xglm_small,facebook/xglm-564M,10,paraphrase,122,0.9937632083892822
xglm_small,facebook/xglm-564M,10,paraphrase,123,0.9926384687423706
xglm_small,facebook/xglm-564M,10,paraphrase,124,0.9959861040115356
xglm_small,facebook/xglm-564M,10,paraphrase,125,0.9912956357002258
xglm_small,facebook/xglm-564M,10,paraphrase,126,0.9942786693572998
xglm_small,facebook/xglm-564M,10,paraphrase,127,0.9967221617698669
xglm_small,facebook/xglm-564M,10,paraphrase,128,0.9962717294692993
xglm_small,facebook/xglm-564M,10,paraphrase,129,0.9969465732574463
xglm_small,facebook/xglm-564M,10,paraphrase,130,0.9974757432937622
xglm_small,facebook/xglm-564M,10,paraphrase,131,0.9879320859909058
xglm_small,facebook/xglm-564M,10,paraphrase,132,0.9948065280914307
xglm_small,facebook/xglm-564M,10,paraphrase,133,0.9927994012832642
xglm_small,facebook/xglm-564M,10,paraphrase,134,0.9893472194671631
xglm_small,facebook/xglm-564M,10,paraphrase,135,0.99598228931427
xglm_small,facebook/xglm-564M,10,paraphrase,136,0.9940215349197388
xglm_small,facebook/xglm-564M,10,paraphrase,137,0.9943777322769165
xglm_small,facebook/xglm-564M,10,paraphrase,138,0.9957761764526367
xglm_small,facebook/xglm-564M,10,paraphrase,139,0.9966180324554443
xglm_small,facebook/xglm-564M,10,paraphrase,140,0.9980541467666626
xglm_small,facebook/xglm-564M,10,paraphrase,141,0.9970755577087402
xglm_small,facebook/xglm-564M,10,paraphrase,142,0.9974532127380371
xglm_small,facebook/xglm-564M,10,paraphrase,143,0.9885385036468506
xglm_small,facebook/xglm-564M,10,paraphrase,144,0.9964618682861328
xglm_small,facebook/xglm-564M,10,paraphrase,145,0.9976454973220825
xglm_small,facebook/xglm-564M,10,paraphrase,146,0.9953606128692627
xglm_small,facebook/xglm-564M,10,paraphrase,147,0.9962832927703857
xglm_small,facebook/xglm-564M,10,paraphrase,148,0.9970183372497559
xglm_small,facebook/xglm-564M,10,paraphrase,149,0.9978607892990112
xglm_small,facebook/xglm-564M,10,paraphrase,150,0.9961531758308411
xglm_small,facebook/xglm-564M,10,paraphrase,151,0.995244562625885
xglm_small,facebook/xglm-564M,10,paraphrase,152,0.9953285455703735
xglm_small,facebook/xglm-564M,10,paraphrase,153,0.9973919987678528
xglm_small,facebook/xglm-564M,10,paraphrase,154,0.9964100122451782
xglm_small,facebook/xglm-564M,10,paraphrase,155,0.9978158473968506
xglm_small,facebook/xglm-564M,10,paraphrase,156,0.9983912706375122
xglm_small,facebook/xglm-564M,10,paraphrase,157,0.9959231019020081
xglm_small,facebook/xglm-564M,10,paraphrase,158,0.9950997829437256
xglm_small,facebook/xglm-564M,10,paraphrase,159,0.9969155788421631
xglm_small,facebook/xglm-564M,10,paraphrase,160,0.9892266988754272
xglm_small,facebook/xglm-564M,10,paraphrase,161,0.997844934463501
xglm_small,facebook/xglm-564M,10,paraphrase,162,0.9960595369338989
xglm_small,facebook/xglm-564M,10,paraphrase,163,0.9961258172988892
xglm_small,facebook/xglm-564M,10,paraphrase,164,0.9957858324050903
xglm_small,facebook/xglm-564M,10,paraphrase,165,0.9980995059013367
xglm_small,facebook/xglm-564M,10,paraphrase,166,0.9974744319915771
xglm_small,facebook/xglm-564M,10,paraphrase,167,0.9953592419624329
xglm_small,facebook/xglm-564M,10,paraphrase,168,0.9973041415214539
xglm_small,facebook/xglm-564M,10,paraphrase,169,0.9964790344238281
xglm_small,facebook/xglm-564M,10,paraphrase,170,0.9968350529670715
xglm_small,facebook/xglm-564M,10,paraphrase,171,0.9958150386810303
xglm_small,facebook/xglm-564M,10,paraphrase,172,0.9966594576835632
xglm_small,facebook/xglm-564M,10,paraphrase,173,0.9927175045013428
xglm_small,facebook/xglm-564M,10,paraphrase,174,0.9947659969329834
xglm_small,facebook/xglm-564M,10,paraphrase,175,0.9957895874977112
xglm_small,facebook/xglm-564M,10,paraphrase,176,0.9931925535202026
xglm_small,facebook/xglm-564M,10,paraphrase,177,0.9918199181556702
xglm_small,facebook/xglm-564M,10,paraphrase,178,0.9934598207473755
xglm_small,facebook/xglm-564M,10,paraphrase,179,0.993474006652832
xglm_small,facebook/xglm-564M,10,paraphrase,180,0.9959219694137573
xglm_small,facebook/xglm-564M,10,paraphrase,181,0.9977517127990723
xglm_small,facebook/xglm-564M,10,paraphrase,182,0.9973469376564026
xglm_small,facebook/xglm-564M,10,paraphrase,183,0.9939597845077515
xglm_small,facebook/xglm-564M,10,paraphrase,184,0.9952099323272705
xglm_small,facebook/xglm-564M,10,paraphrase,185,0.9970716834068298
xglm_small,facebook/xglm-564M,10,paraphrase,186,0.9942851066589355
xglm_small,facebook/xglm-564M,10,paraphrase,187,0.9955337047576904
xglm_small,facebook/xglm-564M,10,paraphrase,188,0.9935407638549805
xglm_small,facebook/xglm-564M,10,paraphrase,189,0.9917471408843994
xglm_small,facebook/xglm-564M,10,paraphrase,190,0.9961782693862915
xglm_small,facebook/xglm-564M,10,paraphrase,191,0.9974040389060974
xglm_small,facebook/xglm-564M,10,paraphrase,192,0.9975271224975586
xglm_small,facebook/xglm-564M,10,paraphrase,193,0.995958149433136
xglm_small,facebook/xglm-564M,10,paraphrase,194,0.9942927360534668
xglm_small,facebook/xglm-564M,10,paraphrase,195,0.9958047866821289
xglm_small,facebook/xglm-564M,10,paraphrase,196,0.9948253631591797
xglm_small,facebook/xglm-564M,10,paraphrase,197,0.9904266595840454
xglm_small,facebook/xglm-564M,10,paraphrase,198,0.996832013130188
xglm_small,facebook/xglm-564M,10,paraphrase,199,0.9948208928108215
xglm_small,facebook/xglm-564M,10,paraphrase,200,0.9959373474121094
xglm_small,facebook/xglm-564M,10,paraphrase,201,0.9900798797607422
xglm_small,facebook/xglm-564M,10,paraphrase,202,0.9978219270706177
xglm_small,facebook/xglm-564M,10,paraphrase,203,0.9917569756507874
xglm_small,facebook/xglm-564M,10,paraphrase,204,0.9963158965110779
xglm_small,facebook/xglm-564M,10,paraphrase,205,0.9955531358718872
xglm_small,facebook/xglm-564M,10,paraphrase,206,0.9958422183990479
xglm_small,facebook/xglm-564M,10,paraphrase,207,0.9938620924949646
xglm_small,facebook/xglm-564M,10,paraphrase,208,0.9910972118377686
xglm_small,facebook/xglm-564M,10,paraphrase,209,0.9964466094970703
xglm_small,facebook/xglm-564M,10,paraphrase,210,0.9939074516296387
xglm_small,facebook/xglm-564M,10,paraphrase,211,0.9969526529312134
xglm_small,facebook/xglm-564M,10,paraphrase,212,0.9933905601501465
xglm_small,facebook/xglm-564M,10,paraphrase,213,0.9963124990463257
xglm_small,facebook/xglm-564M,10,paraphrase,214,0.9975652098655701
xglm_small,facebook/xglm-564M,10,paraphrase,215,0.9972245097160339
xglm_small,facebook/xglm-564M,10,paraphrase,216,0.9952049851417542
xglm_small,facebook/xglm-564M,10,paraphrase,217,0.9969547986984253
xglm_small,facebook/xglm-564M,10,paraphrase,218,0.9980291128158569
xglm_small,facebook/xglm-564M,10,paraphrase,219,0.9971686601638794
xglm_small,facebook/xglm-564M,10,paraphrase,220,0.9954614639282227
xglm_small,facebook/xglm-564M,10,paraphrase,221,0.997779369354248
xglm_small,facebook/xglm-564M,10,paraphrase,222,0.9977089166641235
xglm_small,facebook/xglm-564M,10,paraphrase,223,0.9929425716400146
xglm_small,facebook/xglm-564M,10,paraphrase,224,0.997774600982666
xglm_small,facebook/xglm-564M,10,paraphrase,225,0.9981052875518799
xglm_small,facebook/xglm-564M,10,paraphrase,226,0.9960240125656128
xglm_small,facebook/xglm-564M,10,paraphrase,227,0.9957225322723389
xglm_small,facebook/xglm-564M,10,paraphrase,228,0.9963846206665039
xglm_small,facebook/xglm-564M,10,paraphrase,229,0.9976373910903931
xglm_small,facebook/xglm-564M,10,paraphrase,230,0.9954915642738342
xglm_small,facebook/xglm-564M,10,paraphrase,231,0.9961585402488708
xglm_small,facebook/xglm-564M,10,paraphrase,232,0.9963684678077698
xglm_small,facebook/xglm-564M,10,paraphrase,233,0.9961590766906738
xglm_small,facebook/xglm-564M,10,paraphrase,234,0.9947372674942017
xglm_small,facebook/xglm-564M,10,paraphrase,235,0.9966002702713013
xglm_small,facebook/xglm-564M,10,paraphrase,236,0.9981106519699097
xglm_small,facebook/xglm-564M,10,paraphrase,237,0.9951902031898499
xglm_small,facebook/xglm-564M,10,paraphrase,238,0.9985862374305725
xglm_small,facebook/xglm-564M,10,paraphrase,239,0.9983210563659668
xglm_small,facebook/xglm-564M,10,paraphrase,240,0.9976353645324707
xglm_small,facebook/xglm-564M,10,paraphrase,241,0.9923957586288452
xglm_small,facebook/xglm-564M,10,paraphrase,242,0.988700270652771
xglm_small,facebook/xglm-564M,10,paraphrase,243,0.996820867061615
xglm_small,facebook/xglm-564M,10,paraphrase,244,0.9980282783508301
xglm_small,facebook/xglm-564M,10,paraphrase,245,0.9963805675506592
xglm_small,facebook/xglm-564M,10,paraphrase,246,0.9972062110900879
xglm_small,facebook/xglm-564M,10,paraphrase,247,0.9976875185966492
xglm_small,facebook/xglm-564M,10,paraphrase,248,0.995796263217926
xglm_small,facebook/xglm-564M,10,paraphrase,249,0.9977204203605652
xglm_small,facebook/xglm-564M,10,paraphrase,250,0.9982317686080933
xglm_small,facebook/xglm-564M,10,paraphrase,251,0.9980971813201904
xglm_small,facebook/xglm-564M,10,paraphrase,252,0.9967730045318604
xglm_small,facebook/xglm-564M,10,paraphrase,253,0.9967083930969238
xglm_small,facebook/xglm-564M,10,paraphrase,254,0.9972943067550659
xglm_small,facebook/xglm-564M,10,paraphrase,255,0.995777428150177
xglm_small,facebook/xglm-564M,10,paraphrase,256,0.9959231615066528
xglm_small,facebook/xglm-564M,10,paraphrase,257,0.9933298826217651
xglm_small,facebook/xglm-564M,10,paraphrase,258,0.9983402490615845
xglm_small,facebook/xglm-564M,10,paraphrase,259,0.9944434762001038
xglm_small,facebook/xglm-564M,10,paraphrase,260,0.995549201965332
xglm_small,facebook/xglm-564M,10,paraphrase,261,0.994408130645752
xglm_small,facebook/xglm-564M,10,paraphrase,262,0.9948564767837524
xglm_small,facebook/xglm-564M,10,paraphrase,263,0.9964402914047241
xglm_small,facebook/xglm-564M,10,paraphrase,264,0.9960205554962158
xglm_small,facebook/xglm-564M,10,paraphrase,265,0.9878945350646973
xglm_small,facebook/xglm-564M,10,paraphrase,266,0.9947675466537476
xglm_small,facebook/xglm-564M,10,paraphrase,267,0.9952508211135864
xglm_small,facebook/xglm-564M,10,paraphrase,268,0.9977145195007324
xglm_small,facebook/xglm-564M,10,paraphrase,269,0.996134877204895
xglm_small,facebook/xglm-564M,10,paraphrase,270,0.9980750679969788
xglm_small,facebook/xglm-564M,10,paraphrase,271,0.9966434240341187
xglm_small,facebook/xglm-564M,10,paraphrase,272,0.9977573752403259
xglm_small,facebook/xglm-564M,10,paraphrase,273,0.9975846409797668
xglm_small,facebook/xglm-564M,10,paraphrase,274,0.9977971315383911
xglm_small,facebook/xglm-564M,10,paraphrase,275,0.9968725442886353
xglm_small,facebook/xglm-564M,10,paraphrase,276,0.997002124786377
xglm_small,facebook/xglm-564M,10,paraphrase,277,0.9974424839019775
xglm_small,facebook/xglm-564M,10,paraphrase,278,0.9966475367546082
xglm_small,facebook/xglm-564M,10,paraphrase,279,0.9974517822265625
xglm_small,facebook/xglm-564M,10,paraphrase,280,0.9959714412689209
xglm_small,facebook/xglm-564M,10,paraphrase,281,0.9966509938240051
xglm_small,facebook/xglm-564M,10,paraphrase,282,0.9950882792472839
xglm_small,facebook/xglm-564M,10,paraphrase,283,0.995240330696106
xglm_small,facebook/xglm-564M,10,paraphrase,284,0.995341420173645
xglm_small,facebook/xglm-564M,10,paraphrase,285,0.9973733425140381
xglm_small,facebook/xglm-564M,10,paraphrase,286,0.9973963499069214
xglm_small,facebook/xglm-564M,10,paraphrase,287,0.9954800605773926
xglm_small,facebook/xglm-564M,10,paraphrase,288,0.9973653554916382
xglm_small,facebook/xglm-564M,10,paraphrase,289,0.9973199963569641
xglm_small,facebook/xglm-564M,10,paraphrase,290,0.9977438449859619
xglm_small,facebook/xglm-564M,10,paraphrase,291,0.9963338971138
xglm_small,facebook/xglm-564M,10,paraphrase,292,0.9967549443244934
xglm_small,facebook/xglm-564M,10,paraphrase,293,0.9962842464447021
xglm_small,facebook/xglm-564M,10,paraphrase,294,0.9972130656242371
xglm_small,facebook/xglm-564M,10,paraphrase,295,0.9974061250686646
xglm_small,facebook/xglm-564M,10,paraphrase,296,0.9979654550552368
xglm_small,facebook/xglm-564M,10,paraphrase,297,0.9959712028503418
xglm_small,facebook/xglm-564M,10,paraphrase,298,0.9952327013015747
xglm_small,facebook/xglm-564M,10,paraphrase,299,0.9963757991790771
xglm_small,facebook/xglm-564M,10,paraphrase,300,0.9964661002159119
xglm_small,facebook/xglm-564M,10,paraphrase,301,0.9957854747772217
xglm_small,facebook/xglm-564M,10,paraphrase,302,0.9942529201507568
xglm_small,facebook/xglm-564M,10,paraphrase,303,0.996923565864563
xglm_small,facebook/xglm-564M,10,paraphrase,304,0.9970967769622803
xglm_small,facebook/xglm-564M,10,paraphrase,305,0.9963770508766174
xglm_small,facebook/xglm-564M,10,paraphrase,306,0.9957036375999451
xglm_small,facebook/xglm-564M,10,paraphrase,307,0.9958055019378662
xglm_small,facebook/xglm-564M,10,paraphrase,308,0.9956011772155762
xglm_small,facebook/xglm-564M,10,paraphrase,309,0.9960432052612305
xglm_small,facebook/xglm-564M,10,paraphrase,310,0.9957091808319092
xglm_small,facebook/xglm-564M,10,paraphrase,311,0.995861828327179
xglm_small,facebook/xglm-564M,10,paraphrase,312,0.9962515234947205
xglm_small,facebook/xglm-564M,10,paraphrase,313,0.9960718154907227
xglm_small,facebook/xglm-564M,10,paraphrase,314,0.9963973760604858
xglm_small,facebook/xglm-564M,10,paraphrase,315,0.9954553842544556
xglm_small,facebook/xglm-564M,10,paraphrase,316,0.997244656085968
xglm_small,facebook/xglm-564M,10,paraphrase,317,0.9956454038619995
xglm_small,facebook/xglm-564M,10,paraphrase,318,0.9964295625686646
xglm_small,facebook/xglm-564M,10,paraphrase,319,0.9971842765808105
xglm_small,facebook/xglm-564M,10,paraphrase,320,0.9944616556167603
xglm_small,facebook/xglm-564M,10,paraphrase,321,0.9954635500907898
xglm_small,facebook/xglm-564M,10,paraphrase,322,0.9973793625831604
xglm_small,facebook/xglm-564M,10,paraphrase,323,0.9957889318466187
xglm_small,facebook/xglm-564M,10,paraphrase,324,0.9953854084014893
xglm_small,facebook/xglm-564M,10,paraphrase,325,0.9970237016677856
xglm_small,facebook/xglm-564M,10,paraphrase,326,0.9944707751274109
xglm_small,facebook/xglm-564M,10,paraphrase,327,0.9975260496139526
xglm_small,facebook/xglm-564M,10,paraphrase,328,0.9971120357513428
xglm_small,facebook/xglm-564M,10,paraphrase,329,0.9925528168678284
xglm_small,facebook/xglm-564M,10,paraphrase,330,0.9942734241485596
xglm_small,facebook/xglm-564M,10,paraphrase,331,0.9927974939346313
xglm_small,facebook/xglm-564M,10,paraphrase,332,0.9919437170028687
xglm_small,facebook/xglm-564M,10,paraphrase,333,0.9909678101539612
xglm_small,facebook/xglm-564M,10,paraphrase,334,0.9926753044128418
xglm_small,facebook/xglm-564M,10,paraphrase,335,0.9931161999702454
xglm_small,facebook/xglm-564M,10,paraphrase,336,0.9966177344322205
xglm_small,facebook/xglm-564M,10,paraphrase,337,0.9970955848693848
xglm_small,facebook/xglm-564M,10,paraphrase,338,0.9921698570251465
xglm_small,facebook/xglm-564M,10,paraphrase,339,0.9977720379829407
xglm_small,facebook/xglm-564M,10,paraphrase,340,0.995375394821167
xglm_small,facebook/xglm-564M,10,paraphrase,341,0.991813063621521
xglm_small,facebook/xglm-564M,10,paraphrase,342,0.9945518374443054
xglm_small,facebook/xglm-564M,10,paraphrase,343,0.9966894388198853
xglm_small,facebook/xglm-564M,10,paraphrase,344,0.9944869875907898
xglm_small,facebook/xglm-564M,10,paraphrase,345,0.9975469708442688
xglm_small,facebook/xglm-564M,10,paraphrase,346,0.9976415634155273
xglm_small,facebook/xglm-564M,10,paraphrase,347,0.995765745639801
xglm_small,facebook/xglm-564M,10,paraphrase,348,0.9937005639076233
xglm_small,facebook/xglm-564M,10,paraphrase,349,0.9958025217056274
xglm_small,facebook/xglm-564M,10,paraphrase,350,0.9962829351425171
xglm_small,facebook/xglm-564M,10,paraphrase,351,0.9973670244216919
xglm_small,facebook/xglm-564M,10,paraphrase,352,0.9949047565460205
xglm_small,facebook/xglm-564M,10,paraphrase,353,0.9916272163391113
xglm_small,facebook/xglm-564M,10,paraphrase,354,0.9920774698257446
xglm_small,facebook/xglm-564M,10,paraphrase,355,0.9971927404403687
xglm_small,facebook/xglm-564M,10,paraphrase,356,0.9936442971229553
xglm_small,facebook/xglm-564M,10,paraphrase,357,0.9974331259727478
xglm_small,facebook/xglm-564M,10,paraphrase,358,0.9975129961967468
xglm_small,facebook/xglm-564M,10,paraphrase,359,0.9973980188369751
xglm_small,facebook/xglm-564M,10,paraphrase,360,0.995665967464447
xglm_small,facebook/xglm-564M,10,paraphrase,361,0.9966776967048645
xglm_small,facebook/xglm-564M,10,paraphrase,362,0.9915834665298462
xglm_small,facebook/xglm-564M,10,paraphrase,363,0.9942381381988525
xglm_small,facebook/xglm-564M,10,paraphrase,364,0.9968314170837402
xglm_small,facebook/xglm-564M,10,paraphrase,365,0.9934189319610596
xglm_small,facebook/xglm-564M,10,paraphrase,366,0.9972360134124756
xglm_small,facebook/xglm-564M,10,paraphrase,367,0.9921811819076538
xglm_small,facebook/xglm-564M,10,paraphrase,368,0.9959700703620911
xglm_small,facebook/xglm-564M,10,paraphrase,369,0.9955692291259766
xglm_small,facebook/xglm-564M,10,paraphrase,370,0.9965451955795288
xglm_small,facebook/xglm-564M,10,paraphrase,371,0.9966799020767212
xglm_small,facebook/xglm-564M,10,paraphrase,372,0.995257556438446
xglm_small,facebook/xglm-564M,10,paraphrase,373,0.9967964887619019
xglm_small,facebook/xglm-564M,10,paraphrase,374,0.9974823594093323
xglm_small,facebook/xglm-564M,10,paraphrase,375,0.9965344667434692
xglm_small,facebook/xglm-564M,10,paraphrase,376,0.9973951578140259
xglm_small,facebook/xglm-564M,10,paraphrase,377,0.995276927947998
xglm_small,facebook/xglm-564M,10,paraphrase,378,0.9964330196380615
xglm_small,facebook/xglm-564M,10,paraphrase,379,0.996139407157898
xglm_small,facebook/xglm-564M,10,paraphrase,380,0.990992546081543
xglm_small,facebook/xglm-564M,10,paraphrase,381,0.9935727119445801
xglm_small,facebook/xglm-564M,10,paraphrase,382,0.9928706884384155
xglm_small,facebook/xglm-564M,10,paraphrase,383,0.9939292669296265
xglm_small,facebook/xglm-564M,10,paraphrase,384,0.9921084046363831
xglm_small,facebook/xglm-564M,10,paraphrase,385,0.9938130974769592
xglm_small,facebook/xglm-564M,10,paraphrase,386,0.9916867017745972
xglm_small,facebook/xglm-564M,10,paraphrase,387,0.9966808557510376
xglm_small,facebook/xglm-564M,10,paraphrase,388,0.9959368705749512
xglm_small,facebook/xglm-564M,10,paraphrase,389,0.9961331486701965
xglm_small,facebook/xglm-564M,10,paraphrase,390,0.9931896924972534
xglm_small,facebook/xglm-564M,10,paraphrase,391,0.9964179992675781
xglm_small,facebook/xglm-564M,10,paraphrase,392,0.9961291551589966
xglm_small,facebook/xglm-564M,10,paraphrase,393,0.9965782165527344
xglm_small,facebook/xglm-564M,10,paraphrase,394,0.9968390464782715
xglm_small,facebook/xglm-564M,10,paraphrase,395,0.9953771829605103
xglm_small,facebook/xglm-564M,10,paraphrase,396,0.9957661628723145
xglm_small,facebook/xglm-564M,10,paraphrase,397,0.9954706430435181
xglm_small,facebook/xglm-564M,10,paraphrase,398,0.995002269744873
xglm_small,facebook/xglm-564M,10,paraphrase,399,0.9967537522315979
xglm_small,facebook/xglm-564M,10,paraphrase,400,0.9972122311592102
xglm_small,facebook/xglm-564M,10,paraphrase,401,0.9972375631332397
xglm_small,facebook/xglm-564M,10,paraphrase,402,0.9970951676368713
xglm_small,facebook/xglm-564M,10,paraphrase,403,0.9890618324279785
xglm_small,facebook/xglm-564M,10,paraphrase,404,0.9964379072189331
xglm_small,facebook/xglm-564M,10,paraphrase,405,0.9955977201461792
xglm_small,facebook/xglm-564M,10,paraphrase,406,0.995836615562439
xglm_small,facebook/xglm-564M,10,paraphrase,407,0.9963028430938721
xglm_small,facebook/xglm-564M,10,paraphrase,408,0.9967390894889832
xglm_small,facebook/xglm-564M,10,paraphrase,409,0.9949917793273926
xglm_small,facebook/xglm-564M,10,paraphrase,410,0.9950692653656006
xglm_small,facebook/xglm-564M,10,paraphrase,411,0.9976820945739746
xglm_small,facebook/xglm-564M,10,paraphrase,412,0.9953839182853699
xglm_small,facebook/xglm-564M,10,paraphrase,413,0.9962477684020996
xglm_small,facebook/xglm-564M,10,paraphrase,414,0.9977264404296875
xglm_small,facebook/xglm-564M,10,paraphrase,415,0.9969093799591064
xglm_small,facebook/xglm-564M,10,paraphrase,416,0.9960085153579712
xglm_small,facebook/xglm-564M,10,paraphrase,417,0.9975295066833496
xglm_small,facebook/xglm-564M,10,paraphrase,418,0.996113657951355
xglm_small,facebook/xglm-564M,10,paraphrase,419,0.9976379871368408
xglm_small,facebook/xglm-564M,10,paraphrase,420,0.9932329654693604
xglm_small,facebook/xglm-564M,10,paraphrase,421,0.9953837394714355
xglm_small,facebook/xglm-564M,10,paraphrase,422,0.9959063529968262
xglm_small,facebook/xglm-564M,10,paraphrase,423,0.9979880452156067
xglm_small,facebook/xglm-564M,10,paraphrase,424,0.9978441596031189
xglm_small,facebook/xglm-564M,10,paraphrase,425,0.9968592524528503
xglm_small,facebook/xglm-564M,10,paraphrase,426,0.9963439702987671
xglm_small,facebook/xglm-564M,10,paraphrase,427,0.9938250780105591
xglm_small,facebook/xglm-564M,10,paraphrase,428,0.9960461854934692
xglm_small,facebook/xglm-564M,10,paraphrase,429,0.9978387355804443
xglm_small,facebook/xglm-564M,10,paraphrase,430,0.9932436943054199
xglm_small,facebook/xglm-564M,10,paraphrase,431,0.996874213218689
xglm_small,facebook/xglm-564M,10,paraphrase,432,0.9965320825576782
xglm_small,facebook/xglm-564M,10,paraphrase,433,0.9976314306259155
xglm_small,facebook/xglm-564M,10,paraphrase,434,0.9911367893218994
xglm_small,facebook/xglm-564M,10,paraphrase,435,0.9964914321899414
xglm_small,facebook/xglm-564M,10,paraphrase,436,0.9974506497383118
xglm_small,facebook/xglm-564M,10,paraphrase,437,0.9920622706413269
xglm_small,facebook/xglm-564M,10,paraphrase,438,0.9956069588661194
xglm_small,facebook/xglm-564M,10,paraphrase,439,0.9956994652748108
xglm_small,facebook/xglm-564M,10,paraphrase,440,0.9964416027069092
xglm_small,facebook/xglm-564M,10,paraphrase,441,0.9952141046524048
xglm_small,facebook/xglm-564M,10,paraphrase,442,0.9979428648948669
xglm_small,facebook/xglm-564M,10,paraphrase,443,0.9970322847366333
xglm_small,facebook/xglm-564M,10,paraphrase,444,0.9961835145950317
xglm_small,facebook/xglm-564M,10,paraphrase,445,0.9860663414001465
xglm_small,facebook/xglm-564M,10,paraphrase,446,0.9975125789642334
xglm_small,facebook/xglm-564M,10,paraphrase,447,0.9949184656143188
xglm_small,facebook/xglm-564M,10,paraphrase,448,0.9980160593986511
xglm_small,facebook/xglm-564M,10,paraphrase,449,0.9949549436569214
xglm_small,facebook/xglm-564M,10,paraphrase,450,0.9972532987594604
xglm_small,facebook/xglm-564M,10,paraphrase,451,0.9961905479431152
xglm_small,facebook/xglm-564M,10,paraphrase,452,0.9941505193710327
xglm_small,facebook/xglm-564M,10,paraphrase,453,0.992510199546814
xglm_small,facebook/xglm-564M,10,paraphrase,454,0.9958010911941528
xglm_small,facebook/xglm-564M,10,paraphrase,455,0.9961738586425781
xglm_small,facebook/xglm-564M,10,paraphrase,456,0.987440824508667
xglm_small,facebook/xglm-564M,10,paraphrase,457,0.9909287095069885
xglm_small,facebook/xglm-564M,10,paraphrase,458,0.9930323362350464
xglm_small,facebook/xglm-564M,10,paraphrase,459,0.9973517656326294
xglm_small,facebook/xglm-564M,10,paraphrase,460,0.9960823059082031
xglm_small,facebook/xglm-564M,10,paraphrase,461,0.9974573850631714
xglm_small,facebook/xglm-564M,10,paraphrase,462,0.9960987567901611
xglm_small,facebook/xglm-564M,10,paraphrase,463,0.9949747323989868
xglm_small,facebook/xglm-564M,10,paraphrase,464,0.997351884841919
xglm_small,facebook/xglm-564M,10,paraphrase,465,0.9963424205780029
xglm_small,facebook/xglm-564M,10,paraphrase,466,0.9951192140579224
xglm_small,facebook/xglm-564M,10,paraphrase,467,0.9945275783538818
xglm_small,facebook/xglm-564M,10,paraphrase,468,0.9974981546401978
xglm_small,facebook/xglm-564M,10,paraphrase,469,0.9977185726165771
xglm_small,facebook/xglm-564M,10,paraphrase,470,0.9971985816955566
xglm_small,facebook/xglm-564M,10,paraphrase,471,0.9957483410835266
xglm_small,facebook/xglm-564M,10,paraphrase,472,0.9910426139831543
xglm_small,facebook/xglm-564M,10,paraphrase,473,0.9959309101104736
xglm_small,facebook/xglm-564M,10,paraphrase,474,0.9956507086753845
xglm_small,facebook/xglm-564M,10,paraphrase,475,0.9946672320365906
xglm_small,facebook/xglm-564M,10,paraphrase,476,0.9905451536178589
xglm_small,facebook/xglm-564M,10,paraphrase,477,0.9956163763999939
xglm_small,facebook/xglm-564M,10,paraphrase,478,0.9947107434272766
xglm_small,facebook/xglm-564M,10,paraphrase,479,0.9946395754814148
xglm_small,facebook/xglm-564M,10,paraphrase,480,0.9975025653839111
xglm_small,facebook/xglm-564M,10,paraphrase,481,0.997693657875061
xglm_small,facebook/xglm-564M,10,paraphrase,482,0.9953145980834961
xglm_small,facebook/xglm-564M,10,paraphrase,483,0.9951790571212769
xglm_small,facebook/xglm-564M,10,paraphrase,484,0.9882864356040955
xglm_small,facebook/xglm-564M,10,paraphrase,485,0.9902920722961426
xglm_small,facebook/xglm-564M,10,paraphrase,486,0.9963993430137634
xglm_small,facebook/xglm-564M,10,paraphrase,487,0.9958692789077759
xglm_small,facebook/xglm-564M,10,paraphrase,488,0.9964622259140015
xglm_small,facebook/xglm-564M,10,paraphrase,489,0.9955208897590637
xglm_small,facebook/xglm-564M,10,paraphrase,490,0.9962025880813599
xglm_small,facebook/xglm-564M,10,paraphrase,491,0.9968161582946777
xglm_small,facebook/xglm-564M,10,paraphrase,492,0.9896634817123413
xglm_small,facebook/xglm-564M,10,paraphrase,493,0.9976605772972107
xglm_small,facebook/xglm-564M,10,paraphrase,494,0.9965389966964722
xglm_small,facebook/xglm-564M,10,paraphrase,495,0.9975530505180359
xglm_small,facebook/xglm-564M,10,paraphrase,496,0.9979569911956787
xglm_small,facebook/xglm-564M,10,paraphrase,497,0.9869527816772461
xglm_small,facebook/xglm-564M,10,paraphrase,498,0.9947892427444458
xglm_small,facebook/xglm-564M,10,paraphrase,499,0.9966644048690796
xglm_small,facebook/xglm-564M,10,paraphrase,500,0.9978854656219482
xglm_small,facebook/xglm-564M,10,paraphrase,501,0.9970138072967529
xglm_small,facebook/xglm-564M,10,paraphrase,502,0.9957045912742615
xglm_small,facebook/xglm-564M,10,paraphrase,503,0.9948159456253052
xglm_small,facebook/xglm-564M,10,paraphrase,504,0.9962926506996155
xglm_small,facebook/xglm-564M,10,paraphrase,505,0.995854377746582
xglm_small,facebook/xglm-564M,10,paraphrase,506,0.9961959719657898
xglm_small,facebook/xglm-564M,10,paraphrase,507,0.9929550886154175
xglm_small,facebook/xglm-564M,10,paraphrase,508,0.9925526976585388
xglm_small,facebook/xglm-564M,10,paraphrase,509,0.9974128007888794
xglm_small,facebook/xglm-564M,10,paraphrase,510,0.9938921928405762
xglm_small,facebook/xglm-564M,10,paraphrase,511,0.9954255819320679
xglm_small,facebook/xglm-564M,10,paraphrase,512,0.9969522953033447
xglm_small,facebook/xglm-564M,10,paraphrase,513,0.9901090860366821
xglm_small,facebook/xglm-564M,10,paraphrase,514,0.9942213296890259
xglm_small,facebook/xglm-564M,10,paraphrase,515,0.9951932430267334
xglm_small,facebook/xglm-564M,10,paraphrase,516,0.9940348863601685
xglm_small,facebook/xglm-564M,10,paraphrase,517,0.9968819618225098
xglm_small,facebook/xglm-564M,10,paraphrase,518,0.9879109859466553
xglm_small,facebook/xglm-564M,10,paraphrase,519,0.9936026334762573
xglm_small,facebook/xglm-564M,10,paraphrase,520,0.995465099811554
xglm_small,facebook/xglm-564M,10,paraphrase,521,0.9955518245697021
xglm_small,facebook/xglm-564M,10,paraphrase,522,0.9962093830108643
xglm_small,facebook/xglm-564M,10,paraphrase,523,0.9964956641197205
xglm_small,facebook/xglm-564M,10,paraphrase,524,0.9953172206878662
xglm_small,facebook/xglm-564M,10,paraphrase,525,0.9963552951812744
xglm_small,facebook/xglm-564M,10,paraphrase,526,0.9956791400909424
xglm_small,facebook/xglm-564M,10,paraphrase,527,0.9943984746932983
xglm_small,facebook/xglm-564M,10,paraphrase,528,0.9963397979736328
xglm_small,facebook/xglm-564M,10,paraphrase,529,0.9966943264007568
xglm_small,facebook/xglm-564M,10,paraphrase,530,0.9958632588386536
xglm_small,facebook/xglm-564M,10,paraphrase,531,0.9957983493804932
xglm_small,facebook/xglm-564M,10,paraphrase,532,0.9970060586929321
xglm_small,facebook/xglm-564M,10,paraphrase,533,0.9964683651924133
xglm_small,facebook/xglm-564M,10,paraphrase,534,0.992842972278595
xglm_small,facebook/xglm-564M,10,paraphrase,535,0.996161937713623
xglm_small,facebook/xglm-564M,10,paraphrase,536,0.9932160377502441
xglm_small,facebook/xglm-564M,10,paraphrase,537,0.9877656698226929
xglm_small,facebook/xglm-564M,10,paraphrase,538,0.9958267211914062
xglm_small,facebook/xglm-564M,10,paraphrase,539,0.9955784678459167
xglm_small,facebook/xglm-564M,10,paraphrase,540,0.9951512813568115
xglm_small,facebook/xglm-564M,10,paraphrase,541,0.9954050183296204
xglm_small,facebook/xglm-564M,10,paraphrase,542,0.9929771423339844
xglm_small,facebook/xglm-564M,10,paraphrase,543,0.9959838390350342
xglm_small,facebook/xglm-564M,10,paraphrase,544,0.9963554739952087
xglm_small,facebook/xglm-564M,10,paraphrase,545,0.9968836903572083
xglm_small,facebook/xglm-564M,10,paraphrase,546,0.9960190653800964
xglm_small,facebook/xglm-564M,10,paraphrase,547,0.9972188472747803
xglm_small,facebook/xglm-564M,10,paraphrase,548,0.9967834949493408
xglm_small,facebook/xglm-564M,10,paraphrase,549,0.9933744072914124
xglm_small,facebook/xglm-564M,10,paraphrase,550,0.9920957088470459
xglm_small,facebook/xglm-564M,10,paraphrase,551,0.9951906800270081
xglm_small,facebook/xglm-564M,10,paraphrase,552,0.9917974472045898
xglm_small,facebook/xglm-564M,10,paraphrase,553,0.9962456226348877
xglm_small,facebook/xglm-564M,10,paraphrase,554,0.9968227744102478
xglm_small,facebook/xglm-564M,10,paraphrase,555,0.9940528273582458
xglm_small,facebook/xglm-564M,10,paraphrase,556,0.9885576963424683
xglm_small,facebook/xglm-564M,10,paraphrase,557,0.9889823198318481
xglm_small,facebook/xglm-564M,10,paraphrase,558,0.992957353591919
xglm_small,facebook/xglm-564M,10,paraphrase,559,0.9948412179946899
xglm_small,facebook/xglm-564M,10,paraphrase,560,0.9954684972763062
xglm_small,facebook/xglm-564M,10,paraphrase,561,0.9965193271636963
xglm_small,facebook/xglm-564M,10,paraphrase,562,0.9962892532348633
xglm_small,facebook/xglm-564M,10,paraphrase,563,0.9960401654243469
xglm_small,facebook/xglm-564M,10,paraphrase,564,0.9933562278747559
xglm_small,facebook/xglm-564M,10,paraphrase,565,0.9927884936332703
xglm_small,facebook/xglm-564M,10,paraphrase,566,0.9960696697235107
xglm_small,facebook/xglm-564M,10,paraphrase,567,0.9954383373260498
xglm_small,facebook/xglm-564M,10,paraphrase,568,0.9961562156677246
xglm_small,facebook/xglm-564M,10,paraphrase,569,0.9956641793251038
xglm_small,facebook/xglm-564M,10,paraphrase,570,0.995871365070343
xglm_small,facebook/xglm-564M,10,paraphrase,571,0.9935368299484253
xglm_small,facebook/xglm-564M,10,paraphrase,572,0.9928037524223328
xglm_small,facebook/xglm-564M,10,paraphrase,573,0.9963887929916382
xglm_small,facebook/xglm-564M,10,paraphrase,574,0.9955499768257141
xglm_small,facebook/xglm-564M,10,paraphrase,575,0.9953644275665283
xglm_small,facebook/xglm-564M,10,paraphrase,576,0.9926998615264893
xglm_small,facebook/xglm-564M,10,paraphrase,577,0.9958311915397644
xglm_small,facebook/xglm-564M,10,paraphrase,578,0.9958673715591431
xglm_small,facebook/xglm-564M,10,paraphrase,579,0.993363082408905
xglm_small,facebook/xglm-564M,10,paraphrase,580,0.9819750785827637
xglm_small,facebook/xglm-564M,10,paraphrase,581,0.9973620772361755
xglm_small,facebook/xglm-564M,10,paraphrase,582,0.9821432828903198
xglm_small,facebook/xglm-564M,10,paraphrase,583,0.9812259078025818
xglm_small,facebook/xglm-564M,10,paraphrase,584,0.9499492049217224
xglm_small,facebook/xglm-564M,10,paraphrase,585,0.9968050718307495
xglm_small,facebook/xglm-564M,10,paraphrase,586,0.9939414858818054
xglm_small,facebook/xglm-564M,10,paraphrase,587,0.996360182762146
xglm_small,facebook/xglm-564M,10,paraphrase,588,0.9932421445846558
xglm_small,facebook/xglm-564M,10,paraphrase,589,0.9967633485794067
xglm_small,facebook/xglm-564M,10,paraphrase,590,0.9956702589988708
xglm_small,facebook/xglm-564M,10,paraphrase,591,0.9958811402320862
xglm_small,facebook/xglm-564M,10,paraphrase,592,0.9905604124069214
xglm_small,facebook/xglm-564M,10,paraphrase,593,0.9910518527030945
xglm_small,facebook/xglm-564M,10,paraphrase,594,0.9909772276878357
xglm_small,facebook/xglm-564M,10,paraphrase,595,0.9953978061676025
xglm_small,facebook/xglm-564M,10,paraphrase,596,0.990744948387146
xglm_small,facebook/xglm-564M,10,paraphrase,597,0.9925878047943115
xglm_small,facebook/xglm-564M,10,paraphrase,598,0.9954656362533569
xglm_small,facebook/xglm-564M,10,paraphrase,599,0.9935937523841858
xglm_small,facebook/xglm-564M,10,paraphrase,600,0.9897174835205078
xglm_small,facebook/xglm-564M,10,paraphrase,601,0.9959917068481445
xglm_small,facebook/xglm-564M,10,paraphrase,602,0.9935446977615356
xglm_small,facebook/xglm-564M,10,paraphrase,603,0.9957050085067749
xglm_small,facebook/xglm-564M,10,paraphrase,604,0.9958279728889465
xglm_small,facebook/xglm-564M,10,paraphrase,605,0.9959757328033447
xglm_small,facebook/xglm-564M,10,paraphrase,606,0.9965291619300842
xglm_small,facebook/xglm-564M,10,paraphrase,607,0.9956751465797424
xglm_small,facebook/xglm-564M,10,paraphrase,608,0.9934090375900269
xglm_small,facebook/xglm-564M,10,paraphrase,609,0.997114896774292
xglm_small,facebook/xglm-564M,10,paraphrase,610,0.9903562068939209
xglm_small,facebook/xglm-564M,10,paraphrase,611,0.9952059388160706
xglm_small,facebook/xglm-564M,10,paraphrase,612,0.9950723648071289
xglm_small,facebook/xglm-564M,10,paraphrase,613,0.9971178770065308
xglm_small,facebook/xglm-564M,10,paraphrase,614,0.9920041561126709
xglm_small,facebook/xglm-564M,10,paraphrase,615,0.9955205917358398
xglm_small,facebook/xglm-564M,10,paraphrase,616,0.9955826997756958
xglm_small,facebook/xglm-564M,10,paraphrase,617,0.9953831434249878
xglm_small,facebook/xglm-564M,10,paraphrase,618,0.9955161809921265
xglm_small,facebook/xglm-564M,10,paraphrase,619,0.9919910430908203
xglm_small,facebook/xglm-564M,10,paraphrase,620,0.9958842396736145
xglm_small,facebook/xglm-564M,10,paraphrase,621,0.997000515460968
xglm_small,facebook/xglm-564M,10,paraphrase,622,0.9979629516601562
xglm_small,facebook/xglm-564M,10,paraphrase,623,0.9911134839057922
xglm_small,facebook/xglm-564M,10,paraphrase,624,0.9962100386619568
xglm_small,facebook/xglm-564M,10,paraphrase,625,0.9942080974578857
xglm_small,facebook/xglm-564M,10,paraphrase,626,0.9967623353004456
xglm_small,facebook/xglm-564M,10,paraphrase,627,0.9960258603096008
xglm_small,facebook/xglm-564M,10,paraphrase,628,0.9969063401222229
xglm_small,facebook/xglm-564M,10,paraphrase,629,0.9971578121185303
xglm_small,facebook/xglm-564M,10,paraphrase,630,0.996130108833313
xglm_small,facebook/xglm-564M,10,paraphrase,631,0.988088846206665
xglm_small,facebook/xglm-564M,10,paraphrase,632,0.9912551641464233
xglm_small,facebook/xglm-564M,10,paraphrase,633,0.9969944357872009
xglm_small,facebook/xglm-564M,10,paraphrase,634,0.9958032965660095
xglm_small,facebook/xglm-564M,10,paraphrase,635,0.9959295988082886
xglm_small,facebook/xglm-564M,10,paraphrase,636,0.9947237968444824
xglm_small,facebook/xglm-564M,10,paraphrase,637,0.996463418006897
xglm_small,facebook/xglm-564M,10,paraphrase,638,0.9968211650848389
xglm_small,facebook/xglm-564M,10,paraphrase,639,0.9952867031097412
xglm_small,facebook/xglm-564M,10,paraphrase,640,0.9957876205444336
xglm_small,facebook/xglm-564M,10,paraphrase,641,0.9961016774177551
xglm_small,facebook/xglm-564M,10,paraphrase,642,0.9957056045532227
xglm_small,facebook/xglm-564M,10,paraphrase,643,0.9925802946090698
xglm_small,facebook/xglm-564M,10,paraphrase,644,0.9966288805007935
xglm_small,facebook/xglm-564M,10,paraphrase,645,0.9964414238929749
xglm_small,facebook/xglm-564M,10,paraphrase,646,0.9927150011062622
xglm_small,facebook/xglm-564M,10,paraphrase,647,0.9953643083572388
xglm_small,facebook/xglm-564M,10,paraphrase,648,0.9965139031410217
xglm_small,facebook/xglm-564M,10,paraphrase,649,0.9948081970214844
xglm_small,facebook/xglm-564M,10,paraphrase,650,0.9980071783065796
xglm_small,facebook/xglm-564M,10,paraphrase,651,0.9909552335739136
xglm_small,facebook/xglm-564M,10,paraphrase,652,0.9977343082427979
xglm_small,facebook/xglm-564M,10,paraphrase,653,0.9918001294136047
xglm_small,facebook/xglm-564M,10,paraphrase,654,0.9923598766326904
xglm_small,facebook/xglm-564M,10,paraphrase,655,0.9888284206390381
xglm_small,facebook/xglm-564M,10,paraphrase,656,0.9972716569900513
xglm_small,facebook/xglm-564M,10,paraphrase,657,0.9977506995201111
xglm_small,facebook/xglm-564M,10,paraphrase,658,0.9850834608078003
xglm_small,facebook/xglm-564M,10,paraphrase,659,0.9955353736877441
xglm_small,facebook/xglm-564M,10,paraphrase,660,0.9856014251708984
xglm_small,facebook/xglm-564M,10,paraphrase,661,0.9978589415550232
xglm_small,facebook/xglm-564M,10,paraphrase,662,0.9938920736312866
xglm_small,facebook/xglm-564M,10,paraphrase,663,0.9957093596458435
xglm_small,facebook/xglm-564M,10,paraphrase,664,0.994093120098114
xglm_small,facebook/xglm-564M,10,paraphrase,665,0.9864885210990906
xglm_small,facebook/xglm-564M,10,paraphrase,666,0.9977768063545227
xglm_small,facebook/xglm-564M,10,paraphrase,667,0.9970383644104004
xglm_small,facebook/xglm-564M,10,paraphrase,668,0.994587242603302
xglm_small,facebook/xglm-564M,10,paraphrase,669,0.9954136610031128
xglm_small,facebook/xglm-564M,10,paraphrase,670,0.9978369474411011
xglm_small,facebook/xglm-564M,10,paraphrase,671,0.9977023601531982
xglm_small,facebook/xglm-564M,10,paraphrase,672,0.9958372116088867
xglm_small,facebook/xglm-564M,10,paraphrase,673,0.9975299835205078
xglm_small,facebook/xglm-564M,10,paraphrase,674,0.9978885054588318
xglm_small,facebook/xglm-564M,10,paraphrase,675,0.9959544539451599
xglm_small,facebook/xglm-564M,10,paraphrase,676,0.9973284602165222
xglm_small,facebook/xglm-564M,10,paraphrase,677,0.997800350189209
xglm_small,facebook/xglm-564M,10,paraphrase,678,0.9921120405197144
xglm_small,facebook/xglm-564M,10,paraphrase,679,0.9951349496841431
xglm_small,facebook/xglm-564M,10,paraphrase,680,0.9976437091827393
xglm_small,facebook/xglm-564M,10,paraphrase,681,0.997546374797821
xglm_small,facebook/xglm-564M,10,paraphrase,682,0.9949929118156433
xglm_small,facebook/xglm-564M,10,paraphrase,683,0.9958286285400391
xglm_small,facebook/xglm-564M,10,paraphrase,684,0.9964852929115295
xglm_small,facebook/xglm-564M,10,paraphrase,685,0.9945783019065857
xglm_small,facebook/xglm-564M,10,paraphrase,686,0.9964855909347534
xglm_small,facebook/xglm-564M,10,paraphrase,687,0.9936452507972717
xglm_small,facebook/xglm-564M,10,paraphrase,688,0.9971199631690979
xglm_small,facebook/xglm-564M,10,paraphrase,689,0.9970017671585083
xglm_small,facebook/xglm-564M,10,paraphrase,690,0.9955533146858215
xglm_small,facebook/xglm-564M,10,paraphrase,691,0.9963764548301697
xglm_small,facebook/xglm-564M,10,paraphrase,692,0.9979020357131958
xglm_small,facebook/xglm-564M,10,paraphrase,693,0.9938523173332214
xglm_small,facebook/xglm-564M,10,paraphrase,694,0.9967269897460938
xglm_small,facebook/xglm-564M,10,paraphrase,695,0.9971162676811218
xglm_small,facebook/xglm-564M,10,paraphrase,696,0.9962872266769409
xglm_small,facebook/xglm-564M,10,paraphrase,697,0.9980019330978394
xglm_small,facebook/xglm-564M,10,paraphrase,698,0.9942173957824707
xglm_small,facebook/xglm-564M,10,paraphrase,699,0.9957231283187866
xglm_small,facebook/xglm-564M,10,paraphrase,700,0.995765745639801
xglm_small,facebook/xglm-564M,10,paraphrase,701,0.9973562359809875
xglm_small,facebook/xglm-564M,10,paraphrase,702,0.9976643323898315
xglm_small,facebook/xglm-564M,10,paraphrase,703,0.9955800175666809
xglm_small,facebook/xglm-564M,10,paraphrase,704,0.9962720274925232
xglm_small,facebook/xglm-564M,10,paraphrase,705,0.9972633123397827
xglm_small,facebook/xglm-564M,10,paraphrase,706,0.9965463876724243
xglm_small,facebook/xglm-564M,10,paraphrase,707,0.9951901435852051
xglm_small,facebook/xglm-564M,10,paraphrase,708,0.9976208209991455
xglm_small,facebook/xglm-564M,10,paraphrase,709,0.9964309930801392
xglm_small,facebook/xglm-564M,10,paraphrase,710,0.9912694692611694
xglm_small,facebook/xglm-564M,10,paraphrase,711,0.9924404621124268
xglm_small,facebook/xglm-564M,10,paraphrase,712,0.9963726997375488
xglm_small,facebook/xglm-564M,10,paraphrase,713,0.9977408647537231
xglm_small,facebook/xglm-564M,10,paraphrase,714,0.993516206741333
xglm_small,facebook/xglm-564M,10,paraphrase,715,0.9955193996429443
xglm_small,facebook/xglm-564M,10,paraphrase,716,0.9979208707809448
xglm_small,facebook/xglm-564M,10,paraphrase,717,0.9974790811538696
xglm_small,facebook/xglm-564M,10,paraphrase,718,0.9977793097496033
xglm_small,facebook/xglm-564M,10,paraphrase,719,0.9965654611587524
xglm_small,facebook/xglm-564M,10,paraphrase,720,0.996782660484314
xglm_small,facebook/xglm-564M,10,paraphrase,721,0.9969354271888733
xglm_small,facebook/xglm-564M,10,paraphrase,722,0.9957510232925415
xglm_small,facebook/xglm-564M,10,paraphrase,723,0.997724711894989
xglm_small,facebook/xglm-564M,10,paraphrase,724,0.9962106943130493
xglm_small,facebook/xglm-564M,10,paraphrase,725,0.9982035756111145
xglm_small,facebook/xglm-564M,10,paraphrase,726,0.995859682559967
xglm_small,facebook/xglm-564M,10,paraphrase,727,0.9976072907447815
xglm_small,facebook/xglm-564M,10,paraphrase,728,0.9981272220611572
xglm_small,facebook/xglm-564M,10,paraphrase,729,0.9978364706039429
xglm_small,facebook/xglm-564M,10,paraphrase,730,0.9972144365310669
xglm_small,facebook/xglm-564M,10,paraphrase,731,0.9953389167785645
xglm_small,facebook/xglm-564M,10,paraphrase,732,0.9957666993141174
xglm_small,facebook/xglm-564M,10,paraphrase,733,0.9959049224853516
xglm_small,facebook/xglm-564M,10,paraphrase,734,0.9976440072059631
xglm_small,facebook/xglm-564M,10,paraphrase,735,0.9950411319732666
xglm_small,facebook/xglm-564M,10,paraphrase,736,0.9957842826843262
xglm_small,facebook/xglm-564M,10,paraphrase,737,0.9961689710617065
xglm_small,facebook/xglm-564M,10,paraphrase,738,0.9957618713378906
xglm_small,facebook/xglm-564M,10,paraphrase,739,0.9972691535949707
xglm_small,facebook/xglm-564M,10,paraphrase,740,0.9960104823112488
xglm_small,facebook/xglm-564M,10,paraphrase,741,0.9913384914398193
xglm_small,facebook/xglm-564M,10,paraphrase,742,0.9947004318237305
xglm_small,facebook/xglm-564M,10,paraphrase,743,0.9955207109451294
xglm_small,facebook/xglm-564M,10,paraphrase,744,0.9966520071029663
xglm_small,facebook/xglm-564M,10,paraphrase,745,0.9972816705703735
xglm_small,facebook/xglm-564M,10,paraphrase,746,0.9914741516113281
xglm_small,facebook/xglm-564M,10,paraphrase,747,0.9921040534973145
xglm_small,facebook/xglm-564M,10,paraphrase,748,0.997023344039917
xglm_small,facebook/xglm-564M,10,paraphrase,749,0.9976034164428711
xglm_small,facebook/xglm-564M,10,paraphrase,750,0.9971163272857666
xglm_small,facebook/xglm-564M,10,paraphrase,751,0.997103214263916
xglm_small,facebook/xglm-564M,10,paraphrase,752,0.9975141882896423
xglm_small,facebook/xglm-564M,10,paraphrase,753,0.9967495203018188
xglm_small,facebook/xglm-564M,10,paraphrase,754,0.9935187697410583
xglm_small,facebook/xglm-564M,10,paraphrase,755,0.9962732791900635
xglm_small,facebook/xglm-564M,10,paraphrase,756,0.997094988822937
xglm_small,facebook/xglm-564M,10,paraphrase,757,0.9963968992233276
xglm_small,facebook/xglm-564M,10,paraphrase,758,0.9964751601219177
xglm_small,facebook/xglm-564M,10,paraphrase,759,0.997453510761261
xglm_small,facebook/xglm-564M,10,paraphrase,760,0.9954844117164612
xglm_small,facebook/xglm-564M,10,paraphrase,761,0.9924636483192444
xglm_small,facebook/xglm-564M,10,paraphrase,762,0.9982060194015503
xglm_small,facebook/xglm-564M,10,paraphrase,763,0.9971437454223633
xglm_small,facebook/xglm-564M,10,paraphrase,764,0.9970726370811462
xglm_small,facebook/xglm-564M,10,paraphrase,765,0.9965090751647949
xglm_small,facebook/xglm-564M,10,paraphrase,766,0.996393084526062
xglm_small,facebook/xglm-564M,10,paraphrase,767,0.9953838586807251
xglm_small,facebook/xglm-564M,10,paraphrase,768,0.9961215257644653
xglm_small,facebook/xglm-564M,10,paraphrase,769,0.9974169135093689
xglm_small,facebook/xglm-564M,10,paraphrase,770,0.997260570526123
xglm_small,facebook/xglm-564M,10,paraphrase,771,0.991811215877533
xglm_small,facebook/xglm-564M,10,paraphrase,772,0.9914539456367493
xglm_small,facebook/xglm-564M,10,paraphrase,773,0.9919055700302124
xglm_small,facebook/xglm-564M,10,paraphrase,774,0.9929880499839783
xglm_small,facebook/xglm-564M,10,paraphrase,775,0.9930369853973389
xglm_small,facebook/xglm-564M,10,paraphrase,776,0.9904372096061707
xglm_small,facebook/xglm-564M,10,paraphrase,777,0.9919818639755249
xglm_small,facebook/xglm-564M,10,paraphrase,778,0.9974365830421448
xglm_small,facebook/xglm-564M,10,paraphrase,779,0.9978663325309753
xglm_small,facebook/xglm-564M,10,paraphrase,780,0.9928215146064758
xglm_small,facebook/xglm-564M,10,paraphrase,781,0.9920159578323364
xglm_small,facebook/xglm-564M,10,paraphrase,782,0.9975439310073853
xglm_small,facebook/xglm-564M,10,paraphrase,783,0.9906740188598633
xglm_small,facebook/xglm-564M,10,paraphrase,784,0.9925140738487244
xglm_small,facebook/xglm-564M,10,paraphrase,785,0.9929107427597046
xglm_small,facebook/xglm-564M,10,paraphrase,786,0.9972294569015503
xglm_small,facebook/xglm-564M,10,paraphrase,787,0.9919764995574951
xglm_small,facebook/xglm-564M,10,paraphrase,788,0.9974923729896545
xglm_small,facebook/xglm-564M,10,paraphrase,789,0.9972174167633057
xglm_small,facebook/xglm-564M,10,paraphrase,790,0.9947026968002319
xglm_small,facebook/xglm-564M,10,paraphrase,791,0.9952937364578247
xglm_small,facebook/xglm-564M,10,paraphrase,792,0.9962674379348755
xglm_small,facebook/xglm-564M,10,paraphrase,793,0.9954482316970825
xglm_small,facebook/xglm-564M,10,paraphrase,794,0.9962159395217896
xglm_small,facebook/xglm-564M,10,paraphrase,795,0.9974900484085083
xglm_small,facebook/xglm-564M,10,paraphrase,796,0.9958980083465576
xglm_small,facebook/xglm-564M,10,paraphrase,797,0.9950845241546631
xglm_small,facebook/xglm-564M,10,paraphrase,798,0.9960964322090149
xglm_small,facebook/xglm-564M,10,paraphrase,799,0.9959651827812195
xglm_small,facebook/xglm-564M,10,paraphrase,800,0.9980453252792358
xglm_small,facebook/xglm-564M,10,paraphrase,801,0.9968956708908081
xglm_small,facebook/xglm-564M,10,paraphrase,802,0.9947322607040405
xglm_small,facebook/xglm-564M,10,paraphrase,803,0.997772216796875
xglm_small,facebook/xglm-564M,10,paraphrase,804,0.9954911470413208
xglm_small,facebook/xglm-564M,10,paraphrase,805,0.9960250854492188
xglm_small,facebook/xglm-564M,10,paraphrase,806,0.9976295828819275
xglm_small,facebook/xglm-564M,10,paraphrase,807,0.9961016774177551
xglm_small,facebook/xglm-564M,10,paraphrase,808,0.9970618486404419
xglm_small,facebook/xglm-564M,10,paraphrase,809,0.9957237243652344
xglm_small,facebook/xglm-564M,10,paraphrase,810,0.9958962202072144
xglm_small,facebook/xglm-564M,10,paraphrase,811,0.9958912134170532
xglm_small,facebook/xglm-564M,10,paraphrase,812,0.9979556798934937
xglm_small,facebook/xglm-564M,10,paraphrase,813,0.9962646961212158
xglm_small,facebook/xglm-564M,10,paraphrase,814,0.9949991703033447
xglm_small,facebook/xglm-564M,10,paraphrase,815,0.9964233636856079
xglm_small,facebook/xglm-564M,10,paraphrase,816,0.9955516457557678
xglm_small,facebook/xglm-564M,10,paraphrase,817,0.996469259262085
xglm_small,facebook/xglm-564M,10,paraphrase,818,0.9905663728713989
xglm_small,facebook/xglm-564M,10,paraphrase,819,0.9910117983818054
xglm_small,facebook/xglm-564M,10,paraphrase,820,0.9957516193389893
xglm_small,facebook/xglm-564M,10,paraphrase,821,0.9975972771644592
xglm_small,facebook/xglm-564M,10,paraphrase,822,0.9970664978027344
xglm_small,facebook/xglm-564M,10,paraphrase,823,0.9965489506721497
xglm_small,facebook/xglm-564M,10,paraphrase,824,0.9970875978469849
xglm_small,facebook/xglm-564M,10,paraphrase,825,0.9965317249298096
xglm_small,facebook/xglm-564M,10,paraphrase,826,0.995071291923523
xglm_small,facebook/xglm-564M,10,paraphrase,827,0.9982673525810242
xglm_small,facebook/xglm-564M,10,paraphrase,828,0.9928799271583557
xglm_small,facebook/xglm-564M,10,paraphrase,829,0.9963748455047607
xglm_small,facebook/xglm-564M,10,paraphrase,830,0.9962317943572998
xglm_small,facebook/xglm-564M,10,paraphrase,831,0.9956380128860474
xglm_small,facebook/xglm-564M,10,paraphrase,832,0.9974663853645325
xglm_small,facebook/xglm-564M,10,paraphrase,833,0.9982743859291077
xglm_small,facebook/xglm-564M,10,paraphrase,834,0.9979408383369446
xglm_small,facebook/xglm-564M,10,paraphrase,835,0.9982146620750427
xglm_small,facebook/xglm-564M,10,paraphrase,836,0.9974682331085205
xglm_small,facebook/xglm-564M,10,paraphrase,837,0.9976199269294739
xglm_small,facebook/xglm-564M,10,paraphrase,838,0.9969015717506409
xglm_small,facebook/xglm-564M,10,paraphrase,839,0.9967038035392761
xglm_small,facebook/xglm-564M,10,paraphrase,840,0.9969492554664612
xglm_small,facebook/xglm-564M,10,paraphrase,841,0.997545599937439
xglm_small,facebook/xglm-564M,10,paraphrase,842,0.9976913928985596
xglm_small,facebook/xglm-564M,10,paraphrase,843,0.9958932995796204
xglm_small,facebook/xglm-564M,10,paraphrase,844,0.994269609451294
xglm_small,facebook/xglm-564M,10,paraphrase,845,0.9957401752471924
xglm_small,facebook/xglm-564M,10,paraphrase,846,0.9959880113601685
xglm_small,facebook/xglm-564M,10,paraphrase,847,0.9964026808738708
xglm_small,facebook/xglm-564M,10,paraphrase,848,0.9979032278060913
xglm_small,facebook/xglm-564M,10,paraphrase,849,0.9981850385665894
xglm_small,facebook/xglm-564M,10,paraphrase,850,0.997145414352417
xglm_small,facebook/xglm-564M,10,paraphrase,851,0.9977291822433472
xglm_small,facebook/xglm-564M,10,paraphrase,852,0.997482180595398
xglm_small,facebook/xglm-564M,10,paraphrase,853,0.9973796606063843
xglm_small,facebook/xglm-564M,10,paraphrase,854,0.9958873987197876
xglm_small,facebook/xglm-564M,10,paraphrase,855,0.9946385622024536
xglm_small,facebook/xglm-564M,10,paraphrase,856,0.9958232045173645
xglm_small,facebook/xglm-564M,10,paraphrase,857,0.9944989681243896
xglm_small,facebook/xglm-564M,10,paraphrase,858,0.9982684850692749
xglm_small,facebook/xglm-564M,10,paraphrase,859,0.9979155659675598
xglm_small,facebook/xglm-564M,10,paraphrase,860,0.9980401992797852
xglm_small,facebook/xglm-564M,10,paraphrase,861,0.9952274560928345
xglm_small,facebook/xglm-564M,10,paraphrase,862,0.9975043535232544
xglm_small,facebook/xglm-564M,10,paraphrase,863,0.993893563747406
xglm_small,facebook/xglm-564M,10,paraphrase,864,0.996088445186615
xglm_small,facebook/xglm-564M,10,paraphrase,865,0.9977942705154419
xglm_small,facebook/xglm-564M,10,paraphrase,866,0.9956908822059631
xglm_small,facebook/xglm-564M,10,paraphrase,867,0.9960581660270691
xglm_small,facebook/xglm-564M,10,paraphrase,868,0.996202290058136
xglm_small,facebook/xglm-564M,10,paraphrase,869,0.9939481616020203
xglm_small,facebook/xglm-564M,10,paraphrase,870,0.9971801042556763
xglm_small,facebook/xglm-564M,10,paraphrase,871,0.9960044622421265
xglm_small,facebook/xglm-564M,10,paraphrase,872,0.9974719882011414
xglm_small,facebook/xglm-564M,10,paraphrase,873,0.9974011182785034
xglm_small,facebook/xglm-564M,10,paraphrase,874,0.9978400468826294
xglm_small,facebook/xglm-564M,10,paraphrase,875,0.9952521324157715
xglm_small,facebook/xglm-564M,10,paraphrase,876,0.9979308843612671
xglm_small,facebook/xglm-564M,10,paraphrase,877,0.9925220012664795
xglm_small,facebook/xglm-564M,10,paraphrase,878,0.9964299201965332
xglm_small,facebook/xglm-564M,10,paraphrase,879,0.9947617053985596
xglm_small,facebook/xglm-564M,10,paraphrase,880,0.9958721995353699
xglm_small,facebook/xglm-564M,10,paraphrase,881,0.9951217770576477
xglm_small,facebook/xglm-564M,10,paraphrase,882,0.995712161064148
xglm_small,facebook/xglm-564M,10,paraphrase,883,0.9900804758071899
xglm_small,facebook/xglm-564M,10,paraphrase,884,0.9917870759963989
xglm_small,facebook/xglm-564M,10,paraphrase,885,0.9954150915145874
xglm_small,facebook/xglm-564M,10,paraphrase,886,0.993889331817627
xglm_small,facebook/xglm-564M,10,paraphrase,887,0.9954663515090942
xglm_small,facebook/xglm-564M,10,paraphrase,888,0.9894440174102783
xglm_small,facebook/xglm-564M,10,paraphrase,889,0.9960752725601196
xglm_small,facebook/xglm-564M,10,paraphrase,890,0.9976664781570435
xglm_small,facebook/xglm-564M,10,paraphrase,891,0.9894044995307922
xglm_small,facebook/xglm-564M,10,paraphrase,892,0.9955312609672546
xglm_small,facebook/xglm-564M,10,paraphrase,893,0.9943864345550537
xglm_small,facebook/xglm-564M,10,paraphrase,894,0.9964703917503357
xglm_small,facebook/xglm-564M,10,paraphrase,895,0.9972016215324402
xglm_small,facebook/xglm-564M,10,paraphrase,896,0.9973009824752808
xglm_small,facebook/xglm-564M,10,paraphrase,897,0.9986208081245422
xglm_small,facebook/xglm-564M,10,paraphrase,898,0.9977808594703674
xglm_small,facebook/xglm-564M,10,paraphrase,899,0.9929120540618896
xglm_small,facebook/xglm-564M,10,paraphrase,900,0.9975869655609131
xglm_small,facebook/xglm-564M,10,paraphrase,901,0.9965227842330933
xglm_small,facebook/xglm-564M,10,paraphrase,902,0.9960172772407532
xglm_small,facebook/xglm-564M,10,paraphrase,903,0.9951828718185425
xglm_small,facebook/xglm-564M,10,paraphrase,904,0.9961287975311279
xglm_small,facebook/xglm-564M,10,paraphrase,905,0.9963687062263489
xglm_small,facebook/xglm-564M,10,paraphrase,906,0.997171938419342
xglm_small,facebook/xglm-564M,10,paraphrase,907,0.9926021099090576
xglm_small,facebook/xglm-564M,10,paraphrase,908,0.9975319504737854
xglm_small,facebook/xglm-564M,10,paraphrase,909,0.9961003661155701
xglm_small,facebook/xglm-564M,10,paraphrase,910,0.9982513189315796
xglm_small,facebook/xglm-564M,10,paraphrase,911,0.9987356662750244
xglm_small,facebook/xglm-564M,10,paraphrase,912,0.9900771379470825
xglm_small,facebook/xglm-564M,10,paraphrase,913,0.9973333477973938
xglm_small,facebook/xglm-564M,10,paraphrase,914,0.9976202845573425
xglm_small,facebook/xglm-564M,10,paraphrase,915,0.9955234527587891
xglm_small,facebook/xglm-564M,10,paraphrase,916,0.9967430830001831
xglm_small,facebook/xglm-564M,10,paraphrase,917,0.997638463973999
xglm_small,facebook/xglm-564M,10,paraphrase,918,0.9939782023429871
xglm_small,facebook/xglm-564M,10,paraphrase,919,0.9944005012512207
xglm_small,facebook/xglm-564M,10,paraphrase,920,0.9927780628204346
xglm_small,facebook/xglm-564M,10,paraphrase,921,0.9950027465820312
xglm_small,facebook/xglm-564M,10,paraphrase,922,0.9974347949028015
xglm_small,facebook/xglm-564M,10,paraphrase,923,0.9973224401473999
xglm_small,facebook/xglm-564M,10,paraphrase,924,0.9914556741714478
xglm_small,facebook/xglm-564M,10,paraphrase,925,0.9950138330459595
xglm_small,facebook/xglm-564M,10,paraphrase,926,0.997521162033081
xglm_small,facebook/xglm-564M,10,paraphrase,927,0.994258463382721
xglm_small,facebook/xglm-564M,10,paraphrase,928,0.9945704936981201
xglm_small,facebook/xglm-564M,10,paraphrase,929,0.9947161078453064
xglm_small,facebook/xglm-564M,10,paraphrase,930,0.9979033470153809
xglm_small,facebook/xglm-564M,10,paraphrase,931,0.9962396621704102
xglm_small,facebook/xglm-564M,10,paraphrase,932,0.9963451623916626
xglm_small,facebook/xglm-564M,10,paraphrase,933,0.9951603412628174
xglm_small,facebook/xglm-564M,10,paraphrase,934,0.9913390874862671
xglm_small,facebook/xglm-564M,10,paraphrase,935,0.9956833720207214
xglm_small,facebook/xglm-564M,10,paraphrase,936,0.9958332777023315
xglm_small,facebook/xglm-564M,10,paraphrase,937,0.9962596297264099
xglm_small,facebook/xglm-564M,10,paraphrase,938,0.9965888261795044
xglm_small,facebook/xglm-564M,10,paraphrase,939,0.9942370057106018
xglm_small,facebook/xglm-564M,10,paraphrase,940,0.9973721504211426
xglm_small,facebook/xglm-564M,10,paraphrase,941,0.9960365891456604
xglm_small,facebook/xglm-564M,10,paraphrase,942,0.9966064691543579
xglm_small,facebook/xglm-564M,10,paraphrase,943,0.9958970546722412
xglm_small,facebook/xglm-564M,10,paraphrase,944,0.9878592491149902
xglm_small,facebook/xglm-564M,10,paraphrase,945,0.9966161251068115
xglm_small,facebook/xglm-564M,10,paraphrase,946,0.9963144063949585
xglm_small,facebook/xglm-564M,10,paraphrase,947,0.9955569505691528
xglm_small,facebook/xglm-564M,10,paraphrase,948,0.9945123195648193
xglm_small,facebook/xglm-564M,10,paraphrase,949,0.9966268539428711
xglm_small,facebook/xglm-564M,10,paraphrase,950,0.9957102537155151
xglm_small,facebook/xglm-564M,10,paraphrase,951,0.9961864948272705
xglm_small,facebook/xglm-564M,10,paraphrase,952,0.993355393409729
xglm_small,facebook/xglm-564M,10,paraphrase,953,0.9946035742759705
xglm_small,facebook/xglm-564M,10,paraphrase,954,0.996137797832489
xglm_small,facebook/xglm-564M,10,paraphrase,955,0.9966676831245422
xglm_small,facebook/xglm-564M,10,paraphrase,956,0.9955888986587524
xglm_small,facebook/xglm-564M,10,paraphrase,957,0.9967266917228699
xglm_small,facebook/xglm-564M,10,paraphrase,958,0.9958310723304749
xglm_small,facebook/xglm-564M,10,paraphrase,959,0.9957115650177002
xglm_small,facebook/xglm-564M,10,paraphrase,960,0.9956709742546082
xglm_small,facebook/xglm-564M,10,paraphrase,961,0.995976984500885
xglm_small,facebook/xglm-564M,10,paraphrase,962,0.9961393475532532
xglm_small,facebook/xglm-564M,10,paraphrase,963,0.9926793575286865
xglm_small,facebook/xglm-564M,10,paraphrase,964,0.9964848756790161
xglm_small,facebook/xglm-564M,10,paraphrase,965,0.9916055202484131
xglm_small,facebook/xglm-564M,10,paraphrase,966,0.9903455376625061
xglm_small,facebook/xglm-564M,10,paraphrase,967,0.9954521656036377
xglm_small,facebook/xglm-564M,10,paraphrase,968,0.99656081199646
xglm_small,facebook/xglm-564M,10,paraphrase,969,0.9947401285171509
xglm_small,facebook/xglm-564M,10,paraphrase,970,0.9930294752120972
xglm_small,facebook/xglm-564M,10,paraphrase,971,0.9919295310974121
xglm_small,facebook/xglm-564M,10,paraphrase,972,0.9923750758171082
xglm_small,facebook/xglm-564M,10,paraphrase,973,0.9932913184165955
xglm_small,facebook/xglm-564M,10,paraphrase,974,0.9914188385009766
xglm_small,facebook/xglm-564M,10,paraphrase,975,0.9907471537590027
xglm_small,facebook/xglm-564M,10,paraphrase,976,0.9971944093704224
xglm_small,facebook/xglm-564M,10,paraphrase,977,0.9971437454223633
xglm_small,facebook/xglm-564M,10,paraphrase,978,0.991043210029602
xglm_small,facebook/xglm-564M,10,paraphrase,979,0.9976205825805664
xglm_small,facebook/xglm-564M,10,paraphrase,980,0.9953422546386719
xglm_small,facebook/xglm-564M,10,paraphrase,981,0.9973488450050354
xglm_small,facebook/xglm-564M,10,paraphrase,982,0.9910732507705688
xglm_small,facebook/xglm-564M,10,paraphrase,983,0.9939714074134827
xglm_small,facebook/xglm-564M,10,paraphrase,984,0.9914964437484741
xglm_small,facebook/xglm-564M,10,paraphrase,985,0.9926725029945374
xglm_small,facebook/xglm-564M,10,paraphrase,986,0.9929878115653992
xglm_small,facebook/xglm-564M,10,paraphrase,987,0.9945691823959351
xglm_small,facebook/xglm-564M,10,paraphrase,988,0.990917444229126
xglm_small,facebook/xglm-564M,10,paraphrase,989,0.9957481622695923
xglm_small,facebook/xglm-564M,10,paraphrase,990,0.9957067966461182
xglm_small,facebook/xglm-564M,10,paraphrase,991,0.9953147172927856
xglm_small,facebook/xglm-564M,10,paraphrase,992,0.9953993558883667
xglm_small,facebook/xglm-564M,10,paraphrase,993,0.9938517808914185
xglm_small,facebook/xglm-564M,10,paraphrase,994,0.9909685850143433
xglm_small,facebook/xglm-564M,10,paraphrase,995,0.9923468232154846
xglm_small,facebook/xglm-564M,10,paraphrase,996,0.9931727647781372
xglm_small,facebook/xglm-564M,10,paraphrase,997,0.9971055388450623
xglm_small,facebook/xglm-564M,10,paraphrase,998,0.9965381622314453
xglm_small,facebook/xglm-564M,10,paraphrase,999,0.9943670034408569
