step,feature_name,r2
0,log-prob-gpt2-xl_mean,0.990390819141839
0,rating_gram_mean,0.9930658000832483
0,rating_frequency_mean,0.9916390129573016
0,rating_conversational_mean,0.992840564633633
0,dep_length_mean,0.9897951463565005
0,avg_word_freq_zipf,0.9981451374012067
0,avg_word_length,0.9970416020393584
1,log-prob-gpt2-xl_mean,0.9469713264989594
1,rating_gram_mean,0.9882159340470189
1,rating_frequency_mean,0.9860173613500298
1,rating_conversational_mean,0.9901887183247682
1,dep_length_mean,0.9890845358187563
1,avg_word_freq_zipf,0.9981449977507585
1,avg_word_length,0.9967890062871272
2,log-prob-gpt2-xl_mean,0.9425570028569064
2,rating_gram_mean,0.9440810249628496
2,rating_frequency_mean,0.9805283316797222
2,rating_conversational_mean,0.9873662843207224
2,dep_length_mean,0.9890322504975743
2,avg_word_freq_zipf,0.9981330220232705
2,avg_word_length,0.9967623489799291
3,log-prob-gpt2-xl_mean,0.9372388941006018
3,rating_gram_mean,0.9408441200868645
3,rating_frequency_mean,0.9363240065159963
3,rating_conversational_mean,0.9764349792498015
3,dep_length_mean,0.9890050186356896
3,avg_word_freq_zipf,0.9980347797029524
3,avg_word_length,0.9966176424992642
4,log-prob-gpt2-xl_mean,0.9353859216519791
4,rating_gram_mean,0.9386116218433308
4,rating_frequency_mean,0.928708868284855
4,rating_conversational_mean,0.9465090019147181
4,dep_length_mean,0.9879594129132155
4,avg_word_freq_zipf,0.9973661176601492
4,avg_word_length,0.996505235995096
5,log-prob-gpt2-xl_mean,0.93519229523943
5,rating_gram_mean,0.938478212710454
5,rating_frequency_mean,0.928672724879195
5,rating_conversational_mean,0.9464976932458367
5,dep_length_mean,0.9231551945303023
5,avg_word_freq_zipf,0.9973673003123719
5,avg_word_length,0.9964814309399935
6,log-prob-gpt2-xl_mean,0.935177249623677
6,rating_gram_mean,0.9381026866532487
6,rating_frequency_mean,0.9261000105417143
6,rating_conversational_mean,0.9444376228916006
6,dep_length_mean,0.9229680445031172
6,avg_word_freq_zipf,0.9851095052085804
6,avg_word_length,0.9938335371411072
7,log-prob-gpt2-xl_mean,0.935025270007285
7,rating_gram_mean,0.9379992239979068
7,rating_frequency_mean,0.9255345436152841
7,rating_conversational_mean,0.9441413442848745
7,dep_length_mean,0.9218047392502835
7,avg_word_freq_zipf,0.9833879631273237
7,avg_word_length,0.976048976200382
8,log-prob-gpt2-xl_mean,0.9031804661209011
8,rating_gram_mean,0.9348977932271789
8,rating_frequency_mean,0.921931031520741
8,rating_conversational_mean,0.9440541974195624
8,dep_length_mean,0.9216999318317101
8,avg_word_freq_zipf,0.983380937875131
8,avg_word_length,0.975899616127582
9,log-prob-gpt2-xl_mean,0.9015833411607357
9,rating_gram_mean,0.8946366776116124
9,rating_frequency_mean,0.9198432669551188
9,rating_conversational_mean,0.9415310123040318
9,dep_length_mean,0.9216883882102372
9,avg_word_freq_zipf,0.9833672824586004
9,avg_word_length,0.9758974153391294
10,log-prob-gpt2-xl_mean,0.8997419649611398
10,rating_gram_mean,0.892453231816061
10,rating_frequency_mean,0.889318514625208
10,rating_conversational_mean,0.9353053480414074
10,dep_length_mean,0.9216822563965358
10,avg_word_freq_zipf,0.982937346913055
10,avg_word_length,0.9758960703033608
11,log-prob-gpt2-xl_mean,0.899699479964991
11,rating_gram_mean,0.8901585029258189
11,rating_frequency_mean,0.8833155553906422
11,rating_conversational_mean,0.9107332740647462
11,dep_length_mean,0.9214718592174134
11,avg_word_freq_zipf,0.9828113233984834
11,avg_word_length,0.9756027486263723
12,log-prob-gpt2-xl_mean,0.8996826358669285
12,rating_gram_mean,0.8901545518503075
12,rating_frequency_mean,0.8832811071519071
12,rating_conversational_mean,0.9104476889599129
12,dep_length_mean,0.8671243585204502
12,avg_word_freq_zipf,0.9828066187047847
12,avg_word_length,0.9755209060716976
13,log-prob-gpt2-xl_mean,0.8995613932917114
13,rating_gram_mean,0.8899608409062967
13,rating_frequency_mean,0.8831429827978636
13,rating_conversational_mean,0.9102390921015718
13,dep_length_mean,0.8668696271179379
13,avg_word_freq_zipf,0.9707267204603551
13,avg_word_length,0.9739791762149579
14,log-prob-gpt2-xl_mean,0.8991540541406817
14,rating_gram_mean,0.8899473850722472
14,rating_frequency_mean,0.8829815174527071
14,rating_conversational_mean,0.9102391912015779
14,dep_length_mean,0.8668576291930261
14,avg_word_freq_zipf,0.9692226668688515
14,avg_word_length,0.9594157866945148
15,log-prob-gpt2-xl_mean,0.8636281243464018
15,rating_gram_mean,0.888579438135968
15,rating_frequency_mean,0.8815808153899622
15,rating_conversational_mean,0.9097823937038219
15,dep_length_mean,0.8666134284586636
15,avg_word_freq_zipf,0.9692297839632271
15,avg_word_length,0.9592178480896809
16,log-prob-gpt2-xl_mean,0.8627444398663442
16,rating_gram_mean,0.8571278718519796
16,rating_frequency_mean,0.87996871250151
16,rating_conversational_mean,0.9084646581999166
16,dep_length_mean,0.8665007767490099
16,avg_word_freq_zipf,0.9690933569780351
16,avg_word_length,0.9591337390045167
17,log-prob-gpt2-xl_mean,0.8619657456404975
17,rating_gram_mean,0.8552378353770606
17,rating_frequency_mean,0.8493918582740848
17,rating_conversational_mean,0.9028322390712455
17,dep_length_mean,0.8645895883637791
17,avg_word_freq_zipf,0.9690949796228958
17,avg_word_length,0.9591021326365938
18,log-prob-gpt2-xl_mean,0.8615694683539318
18,rating_gram_mean,0.8519342913736432
18,rating_frequency_mean,0.844217154155946
18,rating_conversational_mean,0.879356968400082
18,dep_length_mean,0.8645766136927535
18,avg_word_freq_zipf,0.9689735056164488
18,avg_word_length,0.9591006687781345
19,log-prob-gpt2-xl_mean,0.8614571452358815
19,rating_gram_mean,0.8519101633123276
19,rating_frequency_mean,0.8442163965163387
19,rating_conversational_mean,0.8793587664979522
19,dep_length_mean,0.8238045250242803
19,avg_word_freq_zipf,0.9688740411451098
19,avg_word_length,0.9590096367819476
20,log-prob-gpt2-xl_mean,0.8612348543439013
20,rating_gram_mean,0.8519384165404561
20,rating_frequency_mean,0.8432316860048416
20,rating_conversational_mean,0.8793968115531678
20,dep_length_mean,0.8236003664072158
20,avg_word_freq_zipf,0.9555442997671312
20,avg_word_length,0.9566437191579887
21,log-prob-gpt2-xl_mean,0.8612368850357444
21,rating_gram_mean,0.8518990474714399
21,rating_frequency_mean,0.8432223924300464
21,rating_conversational_mean,0.8793948827299783
21,dep_length_mean,0.8229625909812404
21,avg_word_freq_zipf,0.9531126476696317
21,avg_word_length,0.9453489542265052
22,log-prob-gpt2-xl_mean,0.8298661803162979
22,rating_gram_mean,0.8510439878479878
22,rating_frequency_mean,0.8420345845118724
22,rating_conversational_mean,0.8783715110736658
22,dep_length_mean,0.8228265146120464
22,avg_word_freq_zipf,0.9530891927076358
22,avg_word_length,0.9452998072175927
23,log-prob-gpt2-xl_mean,0.8267163782583421
23,rating_gram_mean,0.8232674208048326
23,rating_frequency_mean,0.8395184280537048
23,rating_conversational_mean,0.8765294409882048
23,dep_length_mean,0.8228278922075257
23,avg_word_freq_zipf,0.9527786849383671
23,avg_word_length,0.9452939990045905
24,log-prob-gpt2-xl_mean,0.8239685819514042
24,rating_gram_mean,0.8210076849917518
24,rating_frequency_mean,0.8160726926001092
24,rating_conversational_mean,0.8740734828741092
24,dep_length_mean,0.8224310936270298
24,avg_word_freq_zipf,0.9523004322430095
24,avg_word_length,0.9450850236131073
25,log-prob-gpt2-xl_mean,0.8232639409181111
25,rating_gram_mean,0.8191627608653156
25,rating_frequency_mean,0.8105778202043217
25,rating_conversational_mean,0.8516691699149501
25,dep_length_mean,0.8214756329087365
25,avg_word_freq_zipf,0.9510987854124087
25,avg_word_length,0.9449854524311959
26,log-prob-gpt2-xl_mean,0.8230459521670794
26,rating_gram_mean,0.8191150187890236
26,rating_frequency_mean,0.8104212677309707
26,rating_conversational_mean,0.8516521363415921
26,dep_length_mean,0.7761096922213235
26,avg_word_freq_zipf,0.9509706179789572
26,avg_word_length,0.944518842253352
27,log-prob-gpt2-xl_mean,0.822879269264311
27,rating_gram_mean,0.8181278833655424
27,rating_frequency_mean,0.8068920408144826
27,rating_conversational_mean,0.8496069160041676
27,dep_length_mean,0.7756220486735361
27,avg_word_freq_zipf,0.9402927187877104
27,avg_word_length,0.9425973141423469
28,log-prob-gpt2-xl_mean,0.8228672594526694
28,rating_gram_mean,0.8180518905289207
28,rating_frequency_mean,0.8066470536215709
28,rating_conversational_mean,0.8496037656514681
28,dep_length_mean,0.7743712212259389
28,avg_word_freq_zipf,0.9378114108771395
28,avg_word_length,0.9228118919159274
29,log-prob-gpt2-xl_mean,0.7954807749876704
29,rating_gram_mean,0.8166614741418055
29,rating_frequency_mean,0.8059862906781389
29,rating_conversational_mean,0.8496148575998198
29,dep_length_mean,0.7738484516264629
29,avg_word_freq_zipf,0.9378071219712122
29,avg_word_length,0.9226636880638334
30,log-prob-gpt2-xl_mean,0.7947360798151999
30,rating_gram_mean,0.7862897143899825
30,rating_frequency_mean,0.8043530311067437
30,rating_conversational_mean,0.848963798910115
30,dep_length_mean,0.7735820951379558
30,avg_word_freq_zipf,0.9374378440018971
30,avg_word_length,0.9226590116203603
31,log-prob-gpt2-xl_mean,0.7922257418154784
31,rating_gram_mean,0.78403283523057
31,rating_frequency_mean,0.7817142468365853
31,rating_conversational_mean,0.8456115314824011
31,dep_length_mean,0.7735623927932413
31,avg_word_freq_zipf,0.9369373466204203
31,avg_word_length,0.922658493854751
32,log-prob-gpt2-xl_mean,0.7909358592747974
32,rating_gram_mean,0.7823492495930986
32,rating_frequency_mean,0.7761247911064845
32,rating_conversational_mean,0.8250294058894639
32,dep_length_mean,0.7734516035038854
32,avg_word_freq_zipf,0.9360337984577545
32,avg_word_length,0.9226699575128544
33,log-prob-gpt2-xl_mean,0.7903770260835751
33,rating_gram_mean,0.7822233767173773
33,rating_frequency_mean,0.7760583754576817
33,rating_conversational_mean,0.8250081456797586
33,dep_length_mean,0.7356063023370385
33,avg_word_freq_zipf,0.9359235784799164
33,avg_word_length,0.9226044148491088
34,log-prob-gpt2-xl_mean,0.7902231523332728
34,rating_gram_mean,0.7818303273706642
34,rating_frequency_mean,0.7740852985157466
34,rating_conversational_mean,0.8221596472679347
34,dep_length_mean,0.7356087182689023
34,avg_word_freq_zipf,0.9217843459844056
34,avg_word_length,0.9182408412168377
35,log-prob-gpt2-xl_mean,0.7899404338473477
35,rating_gram_mean,0.7818229691493894
35,rating_frequency_mean,0.7741117938557672
35,rating_conversational_mean,0.8219736514085766
35,dep_length_mean,0.7351311231803381
35,avg_word_freq_zipf,0.9199878321603432
35,avg_word_length,0.9013714494224064
36,log-prob-gpt2-xl_mean,0.764129476028884
36,rating_gram_mean,0.7799732678460018
36,rating_frequency_mean,0.771076105517334
36,rating_conversational_mean,0.8210636595883175
36,dep_length_mean,0.734463703764731
36,avg_word_freq_zipf,0.9198021664225184
36,avg_word_length,0.9010394724111078
37,log-prob-gpt2-xl_mean,0.7625250712934171
37,rating_gram_mean,0.7526522577435368
37,rating_frequency_mean,0.7686448547200118
37,rating_conversational_mean,0.8183407108773804
37,dep_length_mean,0.7342841001209502
37,avg_word_freq_zipf,0.9190087862520497
37,avg_word_length,0.9004912665963221
38,log-prob-gpt2-xl_mean,0.7616486901507289
38,rating_gram_mean,0.7498488427273282
38,rating_frequency_mean,0.7476873946197522
38,rating_conversational_mean,0.8132080526975612
38,dep_length_mean,0.7336803547909924
38,avg_word_freq_zipf,0.9174202046608384
38,avg_word_length,0.900209658560035
39,log-prob-gpt2-xl_mean,0.7607726076600463
39,rating_gram_mean,0.7481895704789145
39,rating_frequency_mean,0.7448775807845898
39,rating_conversational_mean,0.7959295674817665
39,dep_length_mean,0.7335459210640403
39,avg_word_freq_zipf,0.9166898714436745
39,avg_word_length,0.9001201737333994
40,log-prob-gpt2-xl_mean,0.7603926220988507
40,rating_gram_mean,0.7481900570364958
40,rating_frequency_mean,0.7447699612863175
40,rating_conversational_mean,0.795920535587488
40,dep_length_mean,0.7046648232506112
40,avg_word_freq_zipf,0.9165814937968806
40,avg_word_length,0.8999471870394804
41,log-prob-gpt2-xl_mean,0.7600891372196544
41,rating_gram_mean,0.7472408262722524
41,rating_frequency_mean,0.742296382537788
41,rating_conversational_mean,0.7936840563208949
41,dep_length_mean,0.7041930478116616
41,avg_word_freq_zipf,0.900769741872869
41,avg_word_length,0.898489768882977
42,log-prob-gpt2-xl_mean,0.7600526005043496
42,rating_gram_mean,0.747251140146262
42,rating_frequency_mean,0.7420872313772113
42,rating_conversational_mean,0.793433049947733
42,dep_length_mean,0.7039401430111208
42,avg_word_freq_zipf,0.8985274282750149
42,avg_word_length,0.8825712512997689
43,log-prob-gpt2-xl_mean,0.7391316822683249
43,rating_gram_mean,0.7469935296538529
43,rating_frequency_mean,0.7394275526063252
43,rating_conversational_mean,0.7924779704234189
43,dep_length_mean,0.7039037167889655
43,avg_word_freq_zipf,0.8984859852486025
43,avg_word_length,0.8824093338859721
44,log-prob-gpt2-xl_mean,0.738459818483586
44,rating_gram_mean,0.7209474574953632
44,rating_frequency_mean,0.7376674103459502
44,rating_conversational_mean,0.7912293795248027
44,dep_length_mean,0.7038072370783339
44,avg_word_freq_zipf,0.8982506389093856
44,avg_word_length,0.8822319451306502
45,log-prob-gpt2-xl_mean,0.7365228303018398
45,rating_gram_mean,0.7184253802558712
45,rating_frequency_mean,0.7157607343266942
45,rating_conversational_mean,0.7879757323166883
45,dep_length_mean,0.7037316087881387
45,avg_word_freq_zipf,0.897366940328212
45,avg_word_length,0.881775244521608
46,log-prob-gpt2-xl_mean,0.736148601834868
46,rating_gram_mean,0.717514088926428
46,rating_frequency_mean,0.7132147921513168
46,rating_conversational_mean,0.7716062514898308
46,dep_length_mean,0.703406119920917
46,avg_word_freq_zipf,0.8967614586517247
46,avg_word_length,0.8814500892657823
47,log-prob-gpt2-xl_mean,0.7361449408085983
47,rating_gram_mean,0.7175234627435785
47,rating_frequency_mean,0.7129428319992577
47,rating_conversational_mean,0.7715854410267283
47,dep_length_mean,0.6765855714623106
47,avg_word_freq_zipf,0.8967327470348425
47,avg_word_length,0.8812731333036405
48,log-prob-gpt2-xl_mean,0.7359585299143208
48,rating_gram_mean,0.7174934224665555
48,rating_frequency_mean,0.7116950885344947
48,rating_conversational_mean,0.7711620434568995
48,dep_length_mean,0.6754059209496941
48,avg_word_freq_zipf,0.8846021949936348
48,avg_word_length,0.8796471444564682
49,log-prob-gpt2-xl_mean,0.7359221745066732
49,rating_gram_mean,0.7171432089832985
49,rating_frequency_mean,0.7116927972750877
49,rating_conversational_mean,0.7711466999877026
49,dep_length_mean,0.6748929267408337
49,avg_word_freq_zipf,0.882881887525865
49,avg_word_length,0.8610461341547145
50,log-prob-gpt2-xl_mean,0.7116792733545291
50,rating_gram_mean,0.7167342185020887
50,rating_frequency_mean,0.7114033598226288
50,rating_conversational_mean,0.7707513818915368
50,dep_length_mean,0.6742758035064838
50,avg_word_freq_zipf,0.8829059606502969
50,avg_word_length,0.86106396439533
51,log-prob-gpt2-xl_mean,0.710209322617394
51,rating_gram_mean,0.689896252030952
51,rating_frequency_mean,0.7087933619752027
51,rating_conversational_mean,0.7688740433748749
51,dep_length_mean,0.6735583519682494
51,avg_word_freq_zipf,0.8820654432404348
51,avg_word_length,0.8597765683211706
52,log-prob-gpt2-xl_mean,0.7095141142860302
52,rating_gram_mean,0.6887040736353524
52,rating_frequency_mean,0.6895532219904885
52,rating_conversational_mean,0.7652003907290744
52,dep_length_mean,0.673423137387271
52,avg_word_freq_zipf,0.8794831837540779
52,avg_word_length,0.8592870962244947
53,log-prob-gpt2-xl_mean,0.7084722397722054
53,rating_gram_mean,0.6871560891209962
53,rating_frequency_mean,0.6868049069088475
53,rating_conversational_mean,0.7522523269578963
53,dep_length_mean,0.6733480272067586
53,avg_word_freq_zipf,0.8790152303656833
53,avg_word_length,0.8582558164142993
54,log-prob-gpt2-xl_mean,0.7079485579368474
54,rating_gram_mean,0.6868990779254414
54,rating_frequency_mean,0.686562454725423
54,rating_conversational_mean,0.7522212620847253
54,dep_length_mean,0.6431052121070551
54,avg_word_freq_zipf,0.8790122441142991
54,avg_word_length,0.8580854085811973
55,log-prob-gpt2-xl_mean,0.7059434333619087
55,rating_gram_mean,0.6861136967510376
55,rating_frequency_mean,0.6842349971401656
55,rating_conversational_mean,0.7511806546200953
55,dep_length_mean,0.643104252366345
55,avg_word_freq_zipf,0.86260936261691
55,avg_word_length,0.8540672135978633
56,log-prob-gpt2-xl_mean,0.705188594795305
56,rating_gram_mean,0.6845933994170618
56,rating_frequency_mean,0.6829199196891578
56,rating_conversational_mean,0.7508050818319524
56,dep_length_mean,0.642742695341691
56,avg_word_freq_zipf,0.860144104013974
56,avg_word_length,0.8368754009206814
57,log-prob-gpt2-xl_mean,0.6856943731807095
57,rating_gram_mean,0.6843885012606921
57,rating_frequency_mean,0.6820968601537958
57,rating_conversational_mean,0.7503240801548123
57,dep_length_mean,0.6395003745802964
57,avg_word_freq_zipf,0.8599356361384286
57,avg_word_length,0.8366129469779664
58,log-prob-gpt2-xl_mean,0.6856447616020889
58,rating_gram_mean,0.662126028757978
58,rating_frequency_mean,0.6811142181090235
58,rating_conversational_mean,0.7497535351069367
58,dep_length_mean,0.6383916884509089
58,avg_word_freq_zipf,0.85972384791185
58,avg_word_length,0.8365184088946087
59,log-prob-gpt2-xl_mean,0.681402131514055
59,rating_gram_mean,0.6597622594487473
59,rating_frequency_mean,0.6590907587117342
59,rating_conversational_mean,0.7451476715844045
59,dep_length_mean,0.6381392577678897
59,avg_word_freq_zipf,0.8586037147629799
59,avg_word_length,0.8362890132264548
60,log-prob-gpt2-xl_mean,0.6809164394324387
60,rating_gram_mean,0.6593454653106564
60,rating_frequency_mean,0.6569398659550739
60,rating_conversational_mean,0.7325842910087921
60,dep_length_mean,0.6381450398761468
60,avg_word_freq_zipf,0.8566547761879948
60,avg_word_length,0.8361475308953783
61,log-prob-gpt2-xl_mean,0.6809001516891126
61,rating_gram_mean,0.6592924424267484
61,rating_frequency_mean,0.6568599881515258
61,rating_conversational_mean,0.7323450560051394
61,dep_length_mean,0.6105631533188873
61,avg_word_freq_zipf,0.8566556110649933
61,avg_word_length,0.8360147438636415
62,log-prob-gpt2-xl_mean,0.6807926891369488
62,rating_gram_mean,0.659283459361787
62,rating_frequency_mean,0.6555207146447404
62,rating_conversational_mean,0.7310795737285742
62,dep_length_mean,0.6102460659429023
62,avg_word_freq_zipf,0.8389464614560542
62,avg_word_length,0.8314658515733228
63,log-prob-gpt2-xl_mean,0.6794856668900593
63,rating_gram_mean,0.6581342177739968
63,rating_frequency_mean,0.6549389474364089
63,rating_conversational_mean,0.7306051875801552
63,dep_length_mean,0.6096849612268684
63,avg_word_freq_zipf,0.8373042237976998
63,avg_word_length,0.8160528822803219
64,log-prob-gpt2-xl_mean,0.6607732001069504
64,rating_gram_mean,0.6565536710914832
64,rating_frequency_mean,0.6531679592402146
64,rating_conversational_mean,0.7293571930008009
64,dep_length_mean,0.6092845404766554
64,avg_word_freq_zipf,0.8360040169009896
64,avg_word_length,0.8155384892793787
65,log-prob-gpt2-xl_mean,0.6595988028410719
65,rating_gram_mean,0.6327586913059791
65,rating_frequency_mean,0.6518301310223791
65,rating_conversational_mean,0.7269847005129993
65,dep_length_mean,0.6088175878659978
65,avg_word_freq_zipf,0.8357328208153558
65,avg_word_length,0.8154590909332962
66,log-prob-gpt2-xl_mean,0.6568796936145851
66,rating_gram_mean,0.6299042342384668
66,rating_frequency_mean,0.6323943668033212
66,rating_conversational_mean,0.7225171221298342
66,dep_length_mean,0.6087657332296719
66,avg_word_freq_zipf,0.8342726165244376
66,avg_word_length,0.8150281193591196
67,log-prob-gpt2-xl_mean,0.6564458380067617
67,rating_gram_mean,0.6270028711184663
67,rating_frequency_mean,0.6295675891459018
67,rating_conversational_mean,0.7078253300896389
67,dep_length_mean,0.6087661114997437
67,avg_word_freq_zipf,0.8326850494036091
67,avg_word_length,0.8142752766904173
68,log-prob-gpt2-xl_mean,0.6561877419737471
68,rating_gram_mean,0.6270135026765995
68,rating_frequency_mean,0.6295620078854673
68,rating_conversational_mean,0.7077661818287706
68,dep_length_mean,0.5775445459516033
68,avg_word_freq_zipf,0.8326678952607302
68,avg_word_length,0.8142395207859325
69,log-prob-gpt2-xl_mean,0.6553404688873492
69,rating_gram_mean,0.6265255749218208
69,rating_frequency_mean,0.6251143676945765
69,rating_conversational_mean,0.7052489088693981
69,dep_length_mean,0.5764611373845621
69,avg_word_freq_zipf,0.8197192845060668
69,avg_word_length,0.8110610619256641
70,log-prob-gpt2-xl_mean,0.6551028207146814
70,rating_gram_mean,0.6262245795938097
70,rating_frequency_mean,0.6239083664991912
70,rating_conversational_mean,0.7043698161872205
70,dep_length_mean,0.5763958398582794
70,avg_word_freq_zipf,0.8128381224065357
70,avg_word_length,0.7923956463861754
71,log-prob-gpt2-xl_mean,0.6337403476867356
71,rating_gram_mean,0.6259667819882369
71,rating_frequency_mean,0.6231409261708473
71,rating_conversational_mean,0.7040462603833688
71,dep_length_mean,0.5753822859500355
71,avg_word_freq_zipf,0.8126322585477126
71,avg_word_length,0.7914310768669204
72,log-prob-gpt2-xl_mean,0.632678158176764
72,rating_gram_mean,0.6063341482679663
72,rating_frequency_mean,0.6212608856142364
72,rating_conversational_mean,0.7030640306171253
72,dep_length_mean,0.5748163001075051
72,avg_word_freq_zipf,0.8121040027027732
72,avg_word_length,0.7909494029864295
73,log-prob-gpt2-xl_mean,0.6303761408041746
73,rating_gram_mean,0.6060078580289553
73,rating_frequency_mean,0.6071290963472298
73,rating_conversational_mean,0.702540101257589
73,dep_length_mean,0.574549339938099
73,avg_word_freq_zipf,0.8112798030643524
73,avg_word_length,0.7908975138277359
74,log-prob-gpt2-xl_mean,0.6293076963947546
74,rating_gram_mean,0.6048142810213356
74,rating_frequency_mean,0.5979950035542836
74,rating_conversational_mean,0.6865217753242994
74,dep_length_mean,0.5745028421891665
74,avg_word_freq_zipf,0.809026553468696
74,avg_word_length,0.7887028029002879
75,log-prob-gpt2-xl_mean,0.6292699250635528
75,rating_gram_mean,0.6041174587669293
75,rating_frequency_mean,0.5979038935776719
75,rating_conversational_mean,0.6864731137850165
75,dep_length_mean,0.5542781894438822
75,avg_word_freq_zipf,0.8089874144871405
75,avg_word_length,0.788539534686097
76,log-prob-gpt2-xl_mean,0.6283653180001589
76,rating_gram_mean,0.6040279833293847
76,rating_frequency_mean,0.595549733103769
76,rating_conversational_mean,0.6855460409474083
76,dep_length_mean,0.5542550557481021
76,avg_word_freq_zipf,0.7939608565548569
76,avg_word_length,0.7868191623494974
77,log-prob-gpt2-xl_mean,0.6269924419511124
77,rating_gram_mean,0.6038388180909309
77,rating_frequency_mean,0.5951928278899795
77,rating_conversational_mean,0.6854688437048246
77,dep_length_mean,0.5539147866790346
77,avg_word_freq_zipf,0.7906286727608873
77,avg_word_length,0.7721903522497108
78,log-prob-gpt2-xl_mean,0.6090516308636353
78,rating_gram_mean,0.6018796142086797
78,rating_frequency_mean,0.5934846108349692
78,rating_conversational_mean,0.6850485536721005
78,dep_length_mean,0.55359183195689
78,avg_word_freq_zipf,0.7902970889730158
78,avg_word_length,0.7703094817906344
79,log-prob-gpt2-xl_mean,0.605206681134096
79,rating_gram_mean,0.5837536352107326
79,rating_frequency_mean,0.5928005890875562
79,rating_conversational_mean,0.6828874634761319
79,dep_length_mean,0.5535054278017464
79,avg_word_freq_zipf,0.7897302218294886
79,avg_word_length,0.7701982136958045
80,log-prob-gpt2-xl_mean,0.6027014907442501
80,rating_gram_mean,0.5784733406285589
80,rating_frequency_mean,0.5757404275094165
80,rating_conversational_mean,0.6799571568771227
80,dep_length_mean,0.553407777452959
80,avg_word_freq_zipf,0.786138762878535
80,avg_word_length,0.7694160491857944
81,log-prob-gpt2-xl_mean,0.6010207422025218
81,rating_gram_mean,0.5761208192362252
81,rating_frequency_mean,0.5709610923659053
81,rating_conversational_mean,0.6660045411179794
81,dep_length_mean,0.5533338786751931
81,avg_word_freq_zipf,0.7837794129404334
81,avg_word_length,0.7681562356628602
82,log-prob-gpt2-xl_mean,0.6004671938239501
82,rating_gram_mean,0.5748320067130852
82,rating_frequency_mean,0.5705922017174412
82,rating_conversational_mean,0.6659167215260422
82,dep_length_mean,0.5309907652236028
82,avg_word_freq_zipf,0.7837713241438391
82,avg_word_length,0.7680181029525893
83,log-prob-gpt2-xl_mean,0.5995289251892956
83,rating_gram_mean,0.5746553067504021
83,rating_frequency_mean,0.5696373002568383
83,rating_conversational_mean,0.662989484731979
83,dep_length_mean,0.5309148587422361
83,avg_word_freq_zipf,0.7718535215503133
83,avg_word_length,0.7655978214641441
84,log-prob-gpt2-xl_mean,0.5979108962906219
84,rating_gram_mean,0.5734675149099058
84,rating_frequency_mean,0.5673800986618421
84,rating_conversational_mean,0.6614163028382031
84,dep_length_mean,0.5306882954473231
84,avg_word_freq_zipf,0.7639205773143959
84,avg_word_length,0.7511161607866956
85,log-prob-gpt2-xl_mean,0.5762770436439135
85,rating_gram_mean,0.5732872428307971
85,rating_frequency_mean,0.5646953252677296
85,rating_conversational_mean,0.6606624469544049
85,dep_length_mean,0.5306862674430707
85,avg_word_freq_zipf,0.7619575266316683
85,avg_word_length,0.7506516878413394
86,log-prob-gpt2-xl_mean,0.5750815902020063
86,rating_gram_mean,0.5508194896501117
86,rating_frequency_mean,0.5637254164477834
86,rating_conversational_mean,0.6595536666789066
86,dep_length_mean,0.5306876430192132
86,avg_word_freq_zipf,0.7609813656958052
86,avg_word_length,0.7469477841859185
87,log-prob-gpt2-xl_mean,0.5735974282965162
87,rating_gram_mean,0.5477091688404054
87,rating_frequency_mean,0.5501815537572539
87,rating_conversational_mean,0.6566071587969424
87,dep_length_mean,0.5306334829337898
87,avg_word_freq_zipf,0.7596254206555604
87,avg_word_length,0.7454451522239908
88,log-prob-gpt2-xl_mean,0.5730846754600949
88,rating_gram_mean,0.5472751781052639
88,rating_frequency_mean,0.5474858608424447
88,rating_conversational_mean,0.6469574693883068
88,dep_length_mean,0.5303792999146535
88,avg_word_freq_zipf,0.7562194635711076
88,avg_word_length,0.7453681502082267
89,log-prob-gpt2-xl_mean,0.572976207117208
89,rating_gram_mean,0.5472903708151684
89,rating_frequency_mean,0.5472794358280948
89,rating_conversational_mean,0.646396598927939
89,dep_length_mean,0.5096015130501161
89,avg_word_freq_zipf,0.755207862496799
89,avg_word_length,0.7453694092872105
90,log-prob-gpt2-xl_mean,0.5727354000491158
90,rating_gram_mean,0.5470148929834855
90,rating_frequency_mean,0.5463841667837255
90,rating_conversational_mean,0.6450076749140268
90,dep_length_mean,0.5096102403411449
90,avg_word_freq_zipf,0.7447202208027791
90,avg_word_length,0.7433072169300496
91,log-prob-gpt2-xl_mean,0.5711986741467071
91,rating_gram_mean,0.5469919113921751
91,rating_frequency_mean,0.5457237260951653
91,rating_conversational_mean,0.6447778874005048
91,dep_length_mean,0.5093243933685077
91,avg_word_freq_zipf,0.7358892841650183
91,avg_word_length,0.729951091162914
92,log-prob-gpt2-xl_mean,0.5511318276815321
92,rating_gram_mean,0.5470002720025671
92,rating_frequency_mean,0.5442963193058564
92,rating_conversational_mean,0.6438454234516786
92,dep_length_mean,0.5086558899090183
92,avg_word_freq_zipf,0.7358670998443746
92,avg_word_length,0.7293687695467006
93,log-prob-gpt2-xl_mean,0.5489205011374145
93,rating_gram_mean,0.5292797378398795
93,rating_frequency_mean,0.5432364573141873
93,rating_conversational_mean,0.64190640545903
93,dep_length_mean,0.5070243832489445
93,avg_word_freq_zipf,0.7348147230489104
93,avg_word_length,0.7291859791779232
94,log-prob-gpt2-xl_mean,0.54659415164831
94,rating_gram_mean,0.5264254066721209
94,rating_frequency_mean,0.5281022545430016
94,rating_conversational_mean,0.6399667555872668
94,dep_length_mean,0.5062618245746103
94,avg_word_freq_zipf,0.7337071040397001
94,avg_word_length,0.729194230244145
95,log-prob-gpt2-xl_mean,0.5463579763018395
95,rating_gram_mean,0.5252841900829583
95,rating_frequency_mean,0.5208435548043651
95,rating_conversational_mean,0.6320525572052308
95,dep_length_mean,0.5062678514523954
95,avg_word_freq_zipf,0.7322965825619513
95,avg_word_length,0.7284909588722256
96,log-prob-gpt2-xl_mean,0.5461300105171567
96,rating_gram_mean,0.5251057505360279
96,rating_frequency_mean,0.520850241942216
96,rating_conversational_mean,0.6313418859921722
96,dep_length_mean,0.48866825231478206
96,avg_word_freq_zipf,0.7322673407418739
96,avg_word_length,0.728090054458616
97,log-prob-gpt2-xl_mean,0.544240350244763
97,rating_gram_mean,0.5243135398397563
97,rating_frequency_mean,0.518093578455558
97,rating_conversational_mean,0.6285360899634512
97,dep_length_mean,0.48865045444888566
97,avg_word_freq_zipf,0.7136423651366555
97,avg_word_length,0.7261894135729663
98,log-prob-gpt2-xl_mean,0.5439154434792663
98,rating_gram_mean,0.5242777706800292
98,rating_frequency_mean,0.5178197700173632
98,rating_conversational_mean,0.6273152175149668
98,dep_length_mean,0.48858848049096437
98,avg_word_freq_zipf,0.7119269547733837
98,avg_word_length,0.7117932020723592
99,log-prob-gpt2-xl_mean,0.5263717943813911
99,rating_gram_mean,0.5228263851879582
99,rating_frequency_mean,0.5156115860217431
99,rating_conversational_mean,0.6250372894999174
99,dep_length_mean,0.48845251486330354
99,avg_word_freq_zipf,0.710533414675131
99,avg_word_length,0.7114277307991468
100,log-prob-gpt2-xl_mean,0.5240459297321269
100,rating_gram_mean,0.5050969470409861
100,rating_frequency_mean,0.5145804824425595
100,rating_conversational_mean,0.6238384915921618
100,dep_length_mean,0.48797375649255714
100,avg_word_freq_zipf,0.7104167185775851
100,avg_word_length,0.7097760398367684
101,log-prob-gpt2-xl_mean,0.5204873651650785
101,rating_gram_mean,0.4999338032439633
101,rating_frequency_mean,0.49691990671793507
101,rating_conversational_mean,0.6174814664064414
101,dep_length_mean,0.48752580435674886
101,avg_word_freq_zipf,0.7096786386075161
101,avg_word_length,0.7097799215141531
102,log-prob-gpt2-xl_mean,0.5176543534167097
102,rating_gram_mean,0.4979883302078333
102,rating_frequency_mean,0.49062460720535217
102,rating_conversational_mean,0.6022608135077242
102,dep_length_mean,0.4875236453153545
102,avg_word_freq_zipf,0.7055550527604781
102,avg_word_length,0.7093710719221916
103,log-prob-gpt2-xl_mean,0.517540249400833
103,rating_gram_mean,0.49714053203882247
103,rating_frequency_mean,0.4906412475397408
103,rating_conversational_mean,0.6022496397806237
103,dep_length_mean,0.474216796567852
103,avg_word_freq_zipf,0.704547196014075
103,avg_word_length,0.7094149169201804
104,log-prob-gpt2-xl_mean,0.516834121806615
104,rating_gram_mean,0.4970196012903815
104,rating_frequency_mean,0.48828414807617027
104,rating_conversational_mean,0.6009502037246477
104,dep_length_mean,0.47155676071796104
104,avg_word_freq_zipf,0.6889445818837685
104,avg_word_length,0.7012960626291667
105,log-prob-gpt2-xl_mean,0.5165810228371135
105,rating_gram_mean,0.4969946610125031
105,rating_frequency_mean,0.4877734324314985
105,rating_conversational_mean,0.6001306532791424
105,dep_length_mean,0.4714179933995717
105,avg_word_freq_zipf,0.6862949860311052
105,avg_word_length,0.6783818010239858
106,log-prob-gpt2-xl_mean,0.498069939057756
106,rating_gram_mean,0.4952002372695895
106,rating_frequency_mean,0.4861149788246727
106,rating_conversational_mean,0.5987329708545134
106,dep_length_mean,0.4704592606129121
106,avg_word_freq_zipf,0.6824900620857351
106,avg_word_length,0.6737783191582218
107,log-prob-gpt2-xl_mean,0.4973774918498609
107,rating_gram_mean,0.4769862726067319
107,rating_frequency_mean,0.48550024976698536
107,rating_conversational_mean,0.5962416577612489
107,dep_length_mean,0.4703910867093989
107,avg_word_freq_zipf,0.6799378190396014
107,avg_word_length,0.673686769214773
108,log-prob-gpt2-xl_mean,0.49453385549241036
108,rating_gram_mean,0.4737789863072509
108,rating_frequency_mean,0.4697434591556209
108,rating_conversational_mean,0.5909492108547874
108,dep_length_mean,0.46967389006918503
108,avg_word_freq_zipf,0.6783291053156525
108,avg_word_length,0.6718989899166063
109,log-prob-gpt2-xl_mean,0.4937788469538451
109,rating_gram_mean,0.4713131076271393
109,rating_frequency_mean,0.4646973228179553
109,rating_conversational_mean,0.5772650493095972
109,dep_length_mean,0.4696726425374619
109,avg_word_freq_zipf,0.676165545890963
109,avg_word_length,0.6707618864999612
110,log-prob-gpt2-xl_mean,0.49373524603503727
110,rating_gram_mean,0.471314390796595
110,rating_frequency_mean,0.46469771824554507
110,rating_conversational_mean,0.5772390573281809
110,dep_length_mean,0.4465553274805124
110,avg_word_freq_zipf,0.6761400002637046
110,avg_word_length,0.6707656206732279
111,log-prob-gpt2-xl_mean,0.49326201640728196
111,rating_gram_mean,0.47078636969350984
111,rating_frequency_mean,0.46238382841003667
111,rating_conversational_mean,0.574953730262801
111,dep_length_mean,0.44618788374116336
111,avg_word_freq_zipf,0.6570791671351681
111,avg_word_length,0.6662364742781448
112,log-prob-gpt2-xl_mean,0.4930347619144161
112,rating_gram_mean,0.4705776207710448
112,rating_frequency_mean,0.46188370038514004
112,rating_conversational_mean,0.5741549533224507
112,dep_length_mean,0.445539032632178
112,avg_word_freq_zipf,0.654177289955685
112,avg_word_length,0.6517265248380335
113,log-prob-gpt2-xl_mean,0.486017246689492
113,rating_gram_mean,0.4706988082338559
113,rating_frequency_mean,0.4597341650869424
113,rating_conversational_mean,0.5736339526201416
113,dep_length_mean,0.44537730398150976
113,avg_word_freq_zipf,0.6532322064383282
113,avg_word_length,0.6497560656115162
114,log-prob-gpt2-xl_mean,0.4807776507083442
114,rating_gram_mean,0.4553767872201444
114,rating_frequency_mean,0.45877189554851217
114,rating_conversational_mean,0.5723109206052331
114,dep_length_mean,0.4452912906313212
114,avg_word_freq_zipf,0.6524089317228237
114,avg_word_length,0.6467602259054508
115,log-prob-gpt2-xl_mean,0.4769085762012367
115,rating_gram_mean,0.449814593032569
115,rating_frequency_mean,0.4434537809370458
115,rating_conversational_mean,0.5688796222467964
115,dep_length_mean,0.4452826926397735
115,avg_word_freq_zipf,0.6492172125475837
115,avg_word_length,0.646726890673105
116,log-prob-gpt2-xl_mean,0.47661024065466073
116,rating_gram_mean,0.4498631795073398
116,rating_frequency_mean,0.4366178244596083
116,rating_conversational_mean,0.5603573512672497
116,dep_length_mean,0.44512231331288343
116,avg_word_freq_zipf,0.644961783786705
116,avg_word_length,0.6423948948946565
117,log-prob-gpt2-xl_mean,0.47453278069972005
117,rating_gram_mean,0.44978952845143694
117,rating_frequency_mean,0.4365955937447782
117,rating_conversational_mean,0.5600771060243708
117,dep_length_mean,0.4255592757757811
117,avg_word_freq_zipf,0.6449662585685658
117,avg_word_length,0.6423970511858093
118,log-prob-gpt2-xl_mean,0.470609978008926
118,rating_gram_mean,0.44929867812679813
118,rating_frequency_mean,0.4337542908692088
118,rating_conversational_mean,0.5547374584167035
118,dep_length_mean,0.42424780869028833
118,avg_word_freq_zipf,0.627015444310934
118,avg_word_length,0.6410217636271462
119,log-prob-gpt2-xl_mean,0.4702420837793946
119,rating_gram_mean,0.449261207452875
119,rating_frequency_mean,0.4331526749846335
119,rating_conversational_mean,0.554724213985589
119,dep_length_mean,0.4238376340431481
119,avg_word_freq_zipf,0.622404154092328
119,avg_word_length,0.6219182059369964
120,log-prob-gpt2-xl_mean,0.45478394216982254
120,rating_gram_mean,0.44842605535885316
120,rating_frequency_mean,0.431550841836133
120,rating_conversational_mean,0.5542604982783976
120,dep_length_mean,0.42380638266433535
120,avg_word_freq_zipf,0.6216105189795054
120,avg_word_length,0.6212169073463525
121,log-prob-gpt2-xl_mean,0.45330277091305593
121,rating_gram_mean,0.43033271920530414
121,rating_frequency_mean,0.4303616191460061
121,rating_conversational_mean,0.550450275727838
121,dep_length_mean,0.4234680804926909
121,avg_word_freq_zipf,0.6189066283063693
121,avg_word_length,0.6199625612023277
122,log-prob-gpt2-xl_mean,0.4506915422340161
122,rating_gram_mean,0.4262009266166875
122,rating_frequency_mean,0.41228033516833384
122,rating_conversational_mean,0.5458004929481377
122,dep_length_mean,0.42343126621452964
122,avg_word_freq_zipf,0.6151398409430406
122,avg_word_length,0.6187064795055959
123,log-prob-gpt2-xl_mean,0.44746673499665646
123,rating_gram_mean,0.4252946802654709
123,rating_frequency_mean,0.4071219570826272
123,rating_conversational_mean,0.5373438678733575
123,dep_length_mean,0.4233680718489201
123,avg_word_freq_zipf,0.6143997769219041
123,avg_word_length,0.6186348636721811
124,log-prob-gpt2-xl_mean,0.44741954490164293
124,rating_gram_mean,0.42439858143061804
124,rating_frequency_mean,0.4070011735225495
124,rating_conversational_mean,0.5373396198316102
124,dep_length_mean,0.4020309758138061
124,avg_word_freq_zipf,0.61412916064042
124,avg_word_length,0.6184917982521803
125,log-prob-gpt2-xl_mean,0.44576227396945733
125,rating_gram_mean,0.421827687044799
125,rating_frequency_mean,0.40560026676771155
125,rating_conversational_mean,0.5283089199426807
125,dep_length_mean,0.40134769289669636
125,avg_word_freq_zipf,0.6034222967014958
125,avg_word_length,0.6152855893488964
126,log-prob-gpt2-xl_mean,0.4445396848349218
126,rating_gram_mean,0.4217567729349022
126,rating_frequency_mean,0.40435487610975784
126,rating_conversational_mean,0.5280931960567481
126,dep_length_mean,0.4012603024635616
126,avg_word_freq_zipf,0.5926680530059099
126,avg_word_length,0.6018771521825905
127,log-prob-gpt2-xl_mean,0.43740486133429723
127,rating_gram_mean,0.421779678927794
127,rating_frequency_mean,0.40281271606130653
127,rating_conversational_mean,0.5280907233645538
127,dep_length_mean,0.40101078776722954
127,avg_word_freq_zipf,0.5915958649239867
127,avg_word_length,0.6012328640377611
128,log-prob-gpt2-xl_mean,0.42967504579999816
128,rating_gram_mean,0.4055303567073518
128,rating_frequency_mean,0.40012080917064763
128,rating_conversational_mean,0.5264618363517204
128,dep_length_mean,0.4010189158312727
128,avg_word_freq_zipf,0.5905309882397874
128,avg_word_length,0.6012052326551647
129,log-prob-gpt2-xl_mean,0.42802362193408094
129,rating_gram_mean,0.4052004986382668
129,rating_frequency_mean,0.3882743414712433
129,rating_conversational_mean,0.5232674657354102
129,dep_length_mean,0.4009213485864771
129,avg_word_freq_zipf,0.5892992740987384
129,avg_word_length,0.6012097539430181
130,log-prob-gpt2-xl_mean,0.4272035835218163
130,rating_gram_mean,0.40466303400578574
130,rating_frequency_mean,0.3818152680928658
130,rating_conversational_mean,0.5183509708456941
130,dep_length_mean,0.40065216516509516
130,avg_word_freq_zipf,0.5883418072933639
130,avg_word_length,0.6010592888404669
131,log-prob-gpt2-xl_mean,0.42660802045378843
131,rating_gram_mean,0.4017461142946517
131,rating_frequency_mean,0.38105018823782766
131,rating_conversational_mean,0.5171340775336533
131,dep_length_mean,0.3825669624181114
131,avg_word_freq_zipf,0.5875318463758161
131,avg_word_length,0.6008714126795311
132,log-prob-gpt2-xl_mean,0.4215235965607884
132,rating_gram_mean,0.4016959290062194
132,rating_frequency_mean,0.37705852622975944
132,rating_conversational_mean,0.5124004266772954
132,dep_length_mean,0.3822204410629436
132,avg_word_freq_zipf,0.5694661688754369
132,avg_word_length,0.5980596479528779
133,log-prob-gpt2-xl_mean,0.4179053684830888
133,rating_gram_mean,0.40119738894302637
133,rating_frequency_mean,0.3757366117276121
133,rating_conversational_mean,0.5091306742552912
133,dep_length_mean,0.38214851873472133
133,avg_word_freq_zipf,0.5663684370268991
133,avg_word_length,0.5789634637512342
134,log-prob-gpt2-xl_mean,0.40438986860383586
134,rating_gram_mean,0.4011984553388547
134,rating_frequency_mean,0.3751143312835399
134,rating_conversational_mean,0.5086451988169289
134,dep_length_mean,0.38193969118836335
134,avg_word_freq_zipf,0.5663764249158738
134,avg_word_length,0.5773443946706065
135,log-prob-gpt2-xl_mean,0.40350518424005966
135,rating_gram_mean,0.3854590892416353
135,rating_frequency_mean,0.37373031842595306
135,rating_conversational_mean,0.5054483783964963
135,dep_length_mean,0.3817499363847777
135,avg_word_freq_zipf,0.5662199926776035
135,avg_word_length,0.5770820988079137
136,log-prob-gpt2-xl_mean,0.39931719089174744
136,rating_gram_mean,0.38201288968650204
136,rating_frequency_mean,0.36888359019561046
136,rating_conversational_mean,0.5020972436878097
136,dep_length_mean,0.3817208510625635
136,avg_word_freq_zipf,0.5654227272094607
136,avg_word_length,0.5771700464157066
137,log-prob-gpt2-xl_mean,0.39757787306728765
137,rating_gram_mean,0.38189209696983606
137,rating_frequency_mean,0.3568131359263558
137,rating_conversational_mean,0.49043934957893176
137,dep_length_mean,0.3817001969289314
137,avg_word_freq_zipf,0.5620033079200752
137,avg_word_length,0.576280378735044
138,log-prob-gpt2-xl_mean,0.39748688954201417
138,rating_gram_mean,0.38055807249128626
138,rating_frequency_mean,0.35676796220431506
138,rating_conversational_mean,0.4902290062902993
138,dep_length_mean,0.36130467330620974
138,avg_word_freq_zipf,0.5610086904142968
138,avg_word_length,0.5761268596929814
139,log-prob-gpt2-xl_mean,0.39623561843447475
139,rating_gram_mean,0.3795870198933874
139,rating_frequency_mean,0.3538912677894416
139,rating_conversational_mean,0.4899086799421749
139,dep_length_mean,0.3612983594244763
139,avg_word_freq_zipf,0.5423309621335353
139,avg_word_length,0.5698365210767136
140,log-prob-gpt2-xl_mean,0.39573685858688035
140,rating_gram_mean,0.3795587947199993
140,rating_frequency_mean,0.35318055062600673
140,rating_conversational_mean,0.48885786708451406
140,dep_length_mean,0.3612436346495823
140,avg_word_freq_zipf,0.5383616814604375
140,avg_word_length,0.5524506662628536
141,log-prob-gpt2-xl_mean,0.3823338627815557
141,rating_gram_mean,0.37955974323434494
141,rating_frequency_mean,0.3516192718749651
141,rating_conversational_mean,0.48733586654816685
141,dep_length_mean,0.36104285276612946
141,avg_word_freq_zipf,0.5360634395364594
141,avg_word_length,0.5455344046013648
142,log-prob-gpt2-xl_mean,0.3822863435192224
142,rating_gram_mean,0.36154553222064023
142,rating_frequency_mean,0.3514828138760573
142,rating_conversational_mean,0.4862763564573216
142,dep_length_mean,0.3606585007008206
142,avg_word_freq_zipf,0.5353497313038728
142,avg_word_length,0.5455158686712875
143,log-prob-gpt2-xl_mean,0.3749518825149861
143,rating_gram_mean,0.35990274055733473
143,rating_frequency_mean,0.345247997075961
143,rating_conversational_mean,0.4840156892604206
143,dep_length_mean,0.36039683970283964
143,avg_word_freq_zipf,0.5338666338844432
143,avg_word_length,0.5455801378836517
144,log-prob-gpt2-xl_mean,0.3746340105515904
144,rating_gram_mean,0.3595029678710988
144,rating_frequency_mean,0.33512229378790126
144,rating_conversational_mean,0.47290895787113696
144,dep_length_mean,0.3592447858211196
144,avg_word_freq_zipf,0.5287731195970207
144,avg_word_length,0.5430299648224435
145,log-prob-gpt2-xl_mean,0.37463313031022616
145,rating_gram_mean,0.35904686327133795
145,rating_frequency_mean,0.3350914666274617
145,rating_conversational_mean,0.47130788731032847
145,dep_length_mean,0.3366296909282325
145,avg_word_freq_zipf,0.5282278761884572
145,avg_word_length,0.5428637175882741
146,log-prob-gpt2-xl_mean,0.3736099909755025
146,rating_gram_mean,0.35897040231691846
146,rating_frequency_mean,0.3344923172889446
146,rating_conversational_mean,0.4676355037828891
146,dep_length_mean,0.33662402418172566
146,avg_word_freq_zipf,0.5066936255177878
146,avg_word_length,0.5385185553931608
147,log-prob-gpt2-xl_mean,0.37189045273475885
147,rating_gram_mean,0.3587965582016006
147,rating_frequency_mean,0.3328706731192518
147,rating_conversational_mean,0.4666599538465157
147,dep_length_mean,0.3366207264107056
147,avg_word_freq_zipf,0.5012937853262185
147,avg_word_length,0.519695098859448
148,log-prob-gpt2-xl_mean,0.362554987847604
148,rating_gram_mean,0.35861751069590153
148,rating_frequency_mean,0.3320771607615076
148,rating_conversational_mean,0.4651523302661603
148,dep_length_mean,0.3365851450392148
148,avg_word_freq_zipf,0.5007857959952329
148,avg_word_length,0.5161951494880044
149,log-prob-gpt2-xl_mean,0.3602196432288216
149,rating_gram_mean,0.34356456049654405
149,rating_frequency_mean,0.3310888907678621
149,rating_conversational_mean,0.4634420260342006
149,dep_length_mean,0.3363297286342445
149,avg_word_freq_zipf,0.5003405509632264
149,avg_word_length,0.5161981852935803
150,log-prob-gpt2-xl_mean,0.3593659009047554
150,rating_gram_mean,0.3403326386222688
150,rating_frequency_mean,0.3172727588201306
150,rating_conversational_mean,0.46043698299244384
150,dep_length_mean,0.3361424841760605
150,avg_word_freq_zipf,0.49696928533217255
150,avg_word_length,0.5159674356029136
151,log-prob-gpt2-xl_mean,0.35398184463181004
151,rating_gram_mean,0.34036169454476684
151,rating_frequency_mean,0.31351776126409514
151,rating_conversational_mean,0.45350422003256596
151,dep_length_mean,0.3359712861828936
151,avg_word_freq_zipf,0.49610705156970547
151,avg_word_length,0.5159122595642944
152,log-prob-gpt2-xl_mean,0.3536897805100431
152,rating_gram_mean,0.34031834743565703
152,rating_frequency_mean,0.3135169076112899
152,rating_conversational_mean,0.4529355208163641
152,dep_length_mean,0.3205018342511159
152,avg_word_freq_zipf,0.49610552938976116
152,avg_word_length,0.51568351977341
153,log-prob-gpt2-xl_mean,0.35372196439917847
153,rating_gram_mean,0.337849123386157
153,rating_frequency_mean,0.30971168926463677
153,rating_conversational_mean,0.44438953026879735
153,dep_length_mean,0.3204533586064
153,avg_word_freq_zipf,0.4799835498904821
153,avg_word_length,0.5113032444090844
154,log-prob-gpt2-xl_mean,0.35070273634542615
154,rating_gram_mean,0.3377174026338591
154,rating_frequency_mean,0.30873740582842535
154,rating_conversational_mean,0.44315568727734045
154,dep_length_mean,0.3199118921345784
154,avg_word_freq_zipf,0.4704122057235005
154,avg_word_length,0.49279994276378325
155,log-prob-gpt2-xl_mean,0.34066357570859596
155,rating_gram_mean,0.33775007177365135
155,rating_frequency_mean,0.3074728503159865
155,rating_conversational_mean,0.4430883236331571
155,dep_length_mean,0.31710710497740013
155,avg_word_freq_zipf,0.4685110164643228
155,avg_word_length,0.48955646505568573
156,log-prob-gpt2-xl_mean,0.3333341530151622
156,rating_gram_mean,0.3269270478068237
156,rating_frequency_mean,0.3048950797189255
156,rating_conversational_mean,0.4391870853210833
156,dep_length_mean,0.3165170396542132
156,avg_word_freq_zipf,0.46822500845372905
156,avg_word_length,0.4892672074419734
157,log-prob-gpt2-xl_mean,0.33040028726461257
157,rating_gram_mean,0.3266132780934622
157,rating_frequency_mean,0.2980478204537753
157,rating_conversational_mean,0.43637522077932034
157,dep_length_mean,0.31646947602221065
157,avg_word_freq_zipf,0.4668344172139711
157,avg_word_length,0.4891366928025471
158,log-prob-gpt2-xl_mean,0.32949826372207924
158,rating_gram_mean,0.325689796882369
158,rating_frequency_mean,0.28953830476259024
158,rating_conversational_mean,0.43020849715469933
158,dep_length_mean,0.3161598770593165
158,avg_word_freq_zipf,0.46525980463498584
158,avg_word_length,0.4889746080117269
159,log-prob-gpt2-xl_mean,0.329487678059998
159,rating_gram_mean,0.3253016230551262
159,rating_frequency_mean,0.2895287627092932
159,rating_conversational_mean,0.43018521547232624
159,dep_length_mean,0.31096927912241823
159,avg_word_freq_zipf,0.46519236022384425
159,avg_word_length,0.4887988280039205
160,log-prob-gpt2-xl_mean,0.3289604858187596
160,rating_gram_mean,0.32529935302575474
160,rating_frequency_mean,0.289057816133374
160,rating_conversational_mean,0.4295318662878863
160,dep_length_mean,0.3090477360722078
160,avg_word_freq_zipf,0.45270359416100847
160,avg_word_length,0.48881463896111144
161,log-prob-gpt2-xl_mean,0.32892872035827836
161,rating_gram_mean,0.32165393246149776
161,rating_frequency_mean,0.2876502006936147
161,rating_conversational_mean,0.4259210182064763
161,dep_length_mean,0.3089174049638779
161,avg_word_freq_zipf,0.44327653574595927
161,avg_word_length,0.4787392098248895
162,log-prob-gpt2-xl_mean,0.3185606544980192
162,rating_gram_mean,0.3216609032431552
162,rating_frequency_mean,0.2866427884295878
162,rating_conversational_mean,0.4251503476761612
162,dep_length_mean,0.30329734998541824
162,avg_word_freq_zipf,0.4417511633282024
162,avg_word_length,0.4784450125539491
163,log-prob-gpt2-xl_mean,0.3159294866411556
163,rating_gram_mean,0.3040978512557282
163,rating_frequency_mean,0.2851590099838949
163,rating_conversational_mean,0.4235057811763838
163,dep_length_mean,0.3026263689209989
163,avg_word_freq_zipf,0.44150711211353666
163,avg_word_length,0.4784036978884494
164,log-prob-gpt2-xl_mean,0.3117844441038088
164,rating_gram_mean,0.3025336822558451
164,rating_frequency_mean,0.2736048443415724
164,rating_conversational_mean,0.41946161125171044
164,dep_length_mean,0.3024978214573263
164,avg_word_freq_zipf,0.43939242102262155
164,avg_word_length,0.47621863303984935
165,log-prob-gpt2-xl_mean,0.3110964542609752
165,rating_gram_mean,0.30201267612431104
165,rating_frequency_mean,0.2702811362523304
165,rating_conversational_mean,0.41528444564823386
165,dep_length_mean,0.3024917422781317
165,avg_word_freq_zipf,0.4384338713621828
165,avg_word_length,0.4758103558928706
166,log-prob-gpt2-xl_mean,0.31109151655461575
166,rating_gram_mean,0.3016508582268659
166,rating_frequency_mean,0.26859121808472897
166,rating_conversational_mean,0.41501573558969473
166,dep_length_mean,0.28865707158500364
166,avg_word_freq_zipf,0.4376684182145699
166,avg_word_length,0.47483531958895997
167,log-prob-gpt2-xl_mean,0.3101475509822349
167,rating_gram_mean,0.30066646321687185
167,rating_frequency_mean,0.266067486294119
167,rating_conversational_mean,0.40807873081499846
167,dep_length_mean,0.28788613652582096
167,avg_word_freq_zipf,0.4231887009326123
167,avg_word_length,0.47271424436735876
168,log-prob-gpt2-xl_mean,0.3098506645761048
168,rating_gram_mean,0.30064369013970216
168,rating_frequency_mean,0.2660407998934209
168,rating_conversational_mean,0.40809962170759595
168,dep_length_mean,0.28741421346191187
168,avg_word_freq_zipf,0.4173981125853886
168,avg_word_length,0.45742962847051305
169,log-prob-gpt2-xl_mean,0.2952587368659807
169,rating_gram_mean,0.29991310218440537
169,rating_frequency_mean,0.2646796774895762
169,rating_conversational_mean,0.40486856349981204
169,dep_length_mean,0.28663157571266007
169,avg_word_freq_zipf,0.4163737685203991
169,avg_word_length,0.45565373588024005
170,log-prob-gpt2-xl_mean,0.29378279240187266
170,rating_gram_mean,0.29337294313278894
170,rating_frequency_mean,0.2635244102208636
170,rating_conversational_mean,0.4025803378945233
170,dep_length_mean,0.2864165592458935
170,avg_word_freq_zipf,0.4163827026913538
170,avg_word_length,0.45552808572202275
171,log-prob-gpt2-xl_mean,0.29363928992314103
171,rating_gram_mean,0.28429432081445083
171,rating_frequency_mean,0.2572612209777393
171,rating_conversational_mean,0.4011946401098806
171,dep_length_mean,0.2860921483045733
171,avg_word_freq_zipf,0.41486711552537225
171,avg_word_length,0.454565963750988
172,log-prob-gpt2-xl_mean,0.2930156486807296
172,rating_gram_mean,0.2841173892385568
172,rating_frequency_mean,0.25356752091524604
172,rating_conversational_mean,0.3874516945875175
172,dep_length_mean,0.28609104575182476
172,avg_word_freq_zipf,0.4141855140925039
172,avg_word_length,0.45171505724671324
173,log-prob-gpt2-xl_mean,0.2905678538702645
173,rating_gram_mean,0.2832570866028574
173,rating_frequency_mean,0.2512039475770459
173,rating_conversational_mean,0.3874365010620716
173,dep_length_mean,0.2729697765495006
173,avg_word_freq_zipf,0.4135567649328936
173,avg_word_length,0.45171153959297317
174,log-prob-gpt2-xl_mean,0.28905706781182705
174,rating_gram_mean,0.2827421917715608
174,rating_frequency_mean,0.2470519656231629
174,rating_conversational_mean,0.3847844094252222
174,dep_length_mean,0.26930746339461276
174,avg_word_freq_zipf,0.40188883020559907
174,avg_word_length,0.4514164495436992
175,log-prob-gpt2-xl_mean,0.28899967414395134
175,rating_gram_mean,0.282517182481247
175,rating_frequency_mean,0.24705247240465744
175,rating_conversational_mean,0.3838043419120132
175,dep_length_mean,0.26925981650688435
175,avg_word_freq_zipf,0.39724274205438703
175,avg_word_length,0.43450715712333177
176,log-prob-gpt2-xl_mean,0.27511438769586916
176,rating_gram_mean,0.2824529833265391
176,rating_frequency_mean,0.24610830968303155
176,rating_conversational_mean,0.3821611994888673
176,dep_length_mean,0.2691957196428957
176,avg_word_freq_zipf,0.3961619685769824
176,avg_word_length,0.43366821689883306
177,log-prob-gpt2-xl_mean,0.27467360827643195
177,rating_gram_mean,0.26523707667621943
177,rating_frequency_mean,0.2458487839160286
177,rating_conversational_mean,0.3807503234086749
177,dep_length_mean,0.2690686491025115
177,avg_word_freq_zipf,0.3954767506168062
177,avg_word_length,0.43367166289697345
178,log-prob-gpt2-xl_mean,0.2736683839027868
178,rating_gram_mean,0.26416094827553604
178,rating_frequency_mean,0.24088903412167972
178,rating_conversational_mean,0.3788100762080501
178,dep_length_mean,0.268941469671248
178,avg_word_freq_zipf,0.3954118500041298
178,avg_word_length,0.4337032276501187
179,log-prob-gpt2-xl_mean,0.27287865162317415
179,rating_gram_mean,0.2639677644952648
179,rating_frequency_mean,0.23227645568658994
179,rating_conversational_mean,0.373644033286731
179,dep_length_mean,0.2689248373271519
179,avg_word_freq_zipf,0.394497838155906
179,avg_word_length,0.43234533787935847
180,log-prob-gpt2-xl_mean,0.2726521639772358
180,rating_gram_mean,0.2639466847529217
180,rating_frequency_mean,0.23227567909940572
180,rating_conversational_mean,0.3731806538408349
180,dep_length_mean,0.25664538206869614
180,avg_word_freq_zipf,0.3943842908852252
180,avg_word_length,0.4321862922341828
181,log-prob-gpt2-xl_mean,0.2709658931762505
181,rating_gram_mean,0.2627885795875826
181,rating_frequency_mean,0.23108017582682505
181,rating_conversational_mean,0.3689887434700647
181,dep_length_mean,0.2565884918129845
181,avg_word_freq_zipf,0.3734170906701476
181,avg_word_length,0.42850697126691284
182,log-prob-gpt2-xl_mean,0.27068933347194213
182,rating_gram_mean,0.26278365086705724
182,rating_frequency_mean,0.2309012220660429
182,rating_conversational_mean,0.3686687501104451
182,dep_length_mean,0.2562285820229724
182,avg_word_freq_zipf,0.3716291010054882
182,avg_word_length,0.4254965128576773
183,log-prob-gpt2-xl_mean,0.25977325394301265
183,rating_gram_mean,0.26265525620408736
183,rating_frequency_mean,0.22957979396057915
183,rating_conversational_mean,0.36723268387620334
183,dep_length_mean,0.2561656300176355
183,avg_word_freq_zipf,0.37045016412770027
183,avg_word_length,0.4169801139321839
184,log-prob-gpt2-xl_mean,0.2583557487775242
184,rating_gram_mean,0.24935689179942389
184,rating_frequency_mean,0.22869830822367532
184,rating_conversational_mean,0.3656310031495894
184,dep_length_mean,0.25588019992961086
184,avg_word_freq_zipf,0.37035481522649716
184,avg_word_length,0.4159701873055879
185,log-prob-gpt2-xl_mean,0.25736041132660326
185,rating_gram_mean,0.24757263422064169
185,rating_frequency_mean,0.21869986411004905
185,rating_conversational_mean,0.3611380542814595
185,dep_length_mean,0.2558640077689739
185,avg_word_freq_zipf,0.3689104993577813
185,avg_word_length,0.4159031918185607
186,log-prob-gpt2-xl_mean,0.2569517340837799
186,rating_gram_mean,0.24720552514428684
186,rating_frequency_mean,0.21402941475231474
186,rating_conversational_mean,0.3577023038661986
186,dep_length_mean,0.25584725365098215
186,avg_word_freq_zipf,0.36802467172116593
186,avg_word_length,0.4156062282851831
187,log-prob-gpt2-xl_mean,0.2561446314872945
187,rating_gram_mean,0.24685568169383
187,rating_frequency_mean,0.21402917186899184
187,rating_conversational_mean,0.35751233574464447
187,dep_length_mean,0.2393892306908887
187,avg_word_freq_zipf,0.36795079115963936
187,avg_word_length,0.41558506592778943
188,log-prob-gpt2-xl_mean,0.2560107104164916
188,rating_gram_mean,0.24655156345861662
188,rating_frequency_mean,0.2128290343234407
188,rating_conversational_mean,0.35401971785076447
188,dep_length_mean,0.23931263625630927
188,avg_word_freq_zipf,0.34820540281078494
188,avg_word_length,0.41028600386257474
189,log-prob-gpt2-xl_mean,0.2559884038714104
189,rating_gram_mean,0.24622247069732706
189,rating_frequency_mean,0.21280862538989387
189,rating_conversational_mean,0.35371212600106283
189,dep_length_mean,0.23924435847072156
189,avg_word_freq_zipf,0.34707070209544255
189,avg_word_length,0.4014374039198444
190,log-prob-gpt2-xl_mean,0.24570625538779622
190,rating_gram_mean,0.24600196221703308
190,rating_frequency_mean,0.212048344695695
190,rating_conversational_mean,0.35250488909655653
190,dep_length_mean,0.23924185254567043
190,avg_word_freq_zipf,0.3462394153905204
190,avg_word_length,0.40101825104047717
191,log-prob-gpt2-xl_mean,0.24292063703163347
191,rating_gram_mean,0.23850164207659752
191,rating_frequency_mean,0.2106570676999211
191,rating_conversational_mean,0.3477690991265662
191,dep_length_mean,0.23920275848141126
191,avg_word_freq_zipf,0.34625486267843275
191,avg_word_length,0.3978685373940968
192,log-prob-gpt2-xl_mean,0.24247019265290015
192,rating_gram_mean,0.23025994484862145
192,rating_frequency_mean,0.20063495078150095
192,rating_conversational_mean,0.3434604391019558
192,dep_length_mean,0.23907441746620428
192,avg_word_freq_zipf,0.3461728634446186
192,avg_word_length,0.39736910238255807
193,log-prob-gpt2-xl_mean,0.23961789144551615
193,rating_gram_mean,0.23024591680202222
193,rating_frequency_mean,0.19434096961514857
193,rating_conversational_mean,0.3336539076267213
193,dep_length_mean,0.23907017728118685
193,avg_word_freq_zipf,0.34207842708097735
193,avg_word_length,0.39432663876947227
194,log-prob-gpt2-xl_mean,0.23917437284273635
194,rating_gram_mean,0.22970578178811818
194,rating_frequency_mean,0.19431118793924518
194,rating_conversational_mean,0.33363818501240294
194,dep_length_mean,0.2225438462628727
194,avg_word_freq_zipf,0.34207854574139207
194,avg_word_length,0.39430159145293087
195,log-prob-gpt2-xl_mean,0.23785800336991014
195,rating_gram_mean,0.22960990638684653
195,rating_frequency_mean,0.19289820102931365
195,rating_conversational_mean,0.33205965524430625
195,dep_length_mean,0.22249298817513474
195,avg_word_freq_zipf,0.33877048794474496
195,avg_word_length,0.3923556960522615
196,log-prob-gpt2-xl_mean,0.23648598966764278
196,rating_gram_mean,0.22958791200852524
196,rating_frequency_mean,0.19286231311957514
196,rating_conversational_mean,0.33116886068782614
196,dep_length_mean,0.22249396851018888
196,avg_word_freq_zipf,0.3329563897821396
196,avg_word_length,0.3820552579776626
197,log-prob-gpt2-xl_mean,0.22056897114600527
197,rating_gram_mean,0.228992585336236
197,rating_frequency_mean,0.19187711670485919
197,rating_conversational_mean,0.3293258316925499
197,dep_length_mean,0.22238947934006603
197,avg_word_freq_zipf,0.331590824622209
197,avg_word_length,0.38084228637901263
198,log-prob-gpt2-xl_mean,0.2205679721815359
198,rating_gram_mean,0.21598636867936394
198,rating_frequency_mean,0.19097483971509943
198,rating_conversational_mean,0.32741549555740546
198,dep_length_mean,0.2220894086283266
198,avg_word_freq_zipf,0.3304005302078119
198,avg_word_length,0.3805166084986559
199,log-prob-gpt2-xl_mean,0.21874821637339537
199,rating_gram_mean,0.21536270231420762
199,rating_frequency_mean,0.1750405071225576
199,rating_conversational_mean,0.32230303419396034
199,dep_length_mean,0.22207972320200753
199,avg_word_freq_zipf,0.32871478916480024
199,avg_word_length,0.38043529009161814
200,log-prob-gpt2-xl_mean,0.21855103502312012
200,rating_gram_mean,0.21517741531487444
200,rating_frequency_mean,0.1729372319037138
200,rating_conversational_mean,0.3092014076567161
200,dep_length_mean,0.2220327459627771
200,avg_word_freq_zipf,0.32629353451640764
200,avg_word_length,0.3760196625508374
201,log-prob-gpt2-xl_mean,0.21788776579689195
201,rating_gram_mean,0.21476591170994774
201,rating_frequency_mean,0.1728318404567114
201,rating_conversational_mean,0.30918316480252395
201,dep_length_mean,0.20786666763017358
201,avg_word_freq_zipf,0.326294268676387
201,avg_word_length,0.3758315107236575
202,log-prob-gpt2-xl_mean,0.21788820490877703
202,rating_gram_mean,0.21473302592422816
202,rating_frequency_mean,0.17266331510624444
202,rating_conversational_mean,0.3083709158338175
202,dep_length_mean,0.20766550086090163
202,avg_word_freq_zipf,0.3082883643537022
202,avg_word_length,0.375252320297626
203,log-prob-gpt2-xl_mean,0.21709344156658728
203,rating_gram_mean,0.21471571737189588
203,rating_frequency_mean,0.17266299867625945
203,rating_conversational_mean,0.30773743916158725
203,dep_length_mean,0.2075842155785077
203,avg_word_freq_zipf,0.30677254023949896
203,avg_word_length,0.35713821290443704
204,log-prob-gpt2-xl_mean,0.20206056589658472
204,rating_gram_mean,0.2144301479325017
204,rating_frequency_mean,0.17071113350990275
204,rating_conversational_mean,0.3067089111357777
204,dep_length_mean,0.2075597304956055
204,avg_word_freq_zipf,0.3064926001919934
204,avg_word_length,0.35680165337351455
205,log-prob-gpt2-xl_mean,0.202024003315034
205,rating_gram_mean,0.20302696179831303
205,rating_frequency_mean,0.16996699059283804
205,rating_conversational_mean,0.305818430566702
205,dep_length_mean,0.20731131942041192
205,avg_word_freq_zipf,0.30640913654279134
205,avg_word_length,0.35670928750071274
206,log-prob-gpt2-xl_mean,0.20144478597145676
206,rating_gram_mean,0.20131369202536697
206,rating_frequency_mean,0.15800037276189527
206,rating_conversational_mean,0.301322598135746
206,dep_length_mean,0.20730733694969872
206,avg_word_freq_zipf,0.30606356813042024
206,avg_word_length,0.35660505764231876
207,log-prob-gpt2-xl_mean,0.20079794253282757
207,rating_gram_mean,0.19987715744168366
207,rating_frequency_mean,0.15517455090818655
207,rating_conversational_mean,0.28574105792041204
207,dep_length_mean,0.20723351154950387
207,avg_word_freq_zipf,0.30482223158669897
207,avg_word_length,0.35563162568764395
208,log-prob-gpt2-xl_mean,0.19942411996315434
208,rating_gram_mean,0.19940529176406052
208,rating_frequency_mean,0.15516320793614224
208,rating_conversational_mean,0.28566975684128826
208,dep_length_mean,0.19492464935793385
208,avg_word_freq_zipf,0.30482148649494123
208,avg_word_length,0.3555323693782756
209,log-prob-gpt2-xl_mean,0.19864521576565286
209,rating_gram_mean,0.1994028040532273
209,rating_frequency_mean,0.15483925983563596
209,rating_conversational_mean,0.2845633910865536
209,dep_length_mean,0.1948760757607627
209,avg_word_freq_zipf,0.28694795304652865
209,avg_word_length,0.3536865709652085
210,log-prob-gpt2-xl_mean,0.1978194689973699
210,rating_gram_mean,0.1993791541254747
210,rating_frequency_mean,0.15483865743867797
210,rating_conversational_mean,0.283777121179386
210,dep_length_mean,0.19483670414007126
210,avg_word_freq_zipf,0.2856958803794677
210,avg_word_length,0.3360932106938732
211,log-prob-gpt2-xl_mean,0.1845089621350514
211,rating_gram_mean,0.1992913866741145
211,rating_frequency_mean,0.15398137938190304
211,rating_conversational_mean,0.2835066533377797
211,dep_length_mean,0.19464671738484074
211,avg_word_freq_zipf,0.28529847925930896
211,avg_word_length,0.3353837092581642
212,log-prob-gpt2-xl_mean,0.1844413808926494
212,rating_gram_mean,0.1862142668478256
212,rating_frequency_mean,0.1532832601047609
212,rating_conversational_mean,0.28222503626342166
212,dep_length_mean,0.1944414074683577
212,avg_word_freq_zipf,0.28524060131128925
212,avg_word_length,0.33536892728878376
213,log-prob-gpt2-xl_mean,0.18388222999976633
213,rating_gram_mean,0.18453578601420018
213,rating_frequency_mean,0.142904358924556
213,rating_conversational_mean,0.2782402796644988
213,dep_length_mean,0.19442353120363232
213,avg_word_freq_zipf,0.2848955630205183
213,avg_word_length,0.335368982795887
214,log-prob-gpt2-xl_mean,0.18355690152198
214,rating_gram_mean,0.18343206310309312
214,rating_frequency_mean,0.14070198020624647
214,rating_conversational_mean,0.26639678119747245
214,dep_length_mean,0.19442234811620884
214,avg_word_freq_zipf,0.28387699633215957
214,avg_word_length,0.3347415687355765
215,log-prob-gpt2-xl_mean,0.18346727983380406
215,rating_gram_mean,0.18182373886058345
215,rating_frequency_mean,0.1406766424151349
215,rating_conversational_mean,0.2663901650044159
215,dep_length_mean,0.18158198470687537
215,avg_word_freq_zipf,0.28380052512623954
215,avg_word_length,0.3346270506694248
216,log-prob-gpt2-xl_mean,0.18307293164314398
216,rating_gram_mean,0.18180764141323003
216,rating_frequency_mean,0.13985407193137367
216,rating_conversational_mean,0.26468519881715635
216,dep_length_mean,0.18158102493371653
216,avg_word_freq_zipf,0.2632205550847314
216,avg_word_length,0.3327060334981645
217,log-prob-gpt2-xl_mean,0.18231000296259714
217,rating_gram_mean,0.18180726479941733
217,rating_frequency_mean,0.13981550021658395
217,rating_conversational_mean,0.26441018472660816
217,dep_length_mean,0.18135014151605822
217,avg_word_freq_zipf,0.26174757367184487
217,avg_word_length,0.3139620690193433
218,log-prob-gpt2-xl_mean,0.16894812117752278
218,rating_gram_mean,0.18159990353112232
218,rating_frequency_mean,0.13960591435983516
218,rating_conversational_mean,0.26404142415925624
218,dep_length_mean,0.18115756604352884
218,avg_word_freq_zipf,0.26101287090611314
218,avg_word_length,0.31208416556482277
219,log-prob-gpt2-xl_mean,0.16892445869363504
219,rating_gram_mean,0.16857011532407284
219,rating_frequency_mean,0.13904934604252528
219,rating_conversational_mean,0.2631583233584962
219,dep_length_mean,0.18019279071132333
219,avg_word_freq_zipf,0.26094670833387534
219,avg_word_length,0.3120792968762113
220,log-prob-gpt2-xl_mean,0.1678967878219111
220,rating_gram_mean,0.16783840005835426
220,rating_frequency_mean,0.12833012369257857
220,rating_conversational_mean,0.2588958920587864
220,dep_length_mean,0.18017225830233607
220,avg_word_freq_zipf,0.2601512835711346
220,avg_word_length,0.3120099584559496
221,log-prob-gpt2-xl_mean,0.16774558207648715
221,rating_gram_mean,0.16688851760130585
221,rating_frequency_mean,0.12508559997977153
221,rating_conversational_mean,0.24559425750335828
221,dep_length_mean,0.18010558754612183
221,avg_word_freq_zipf,0.2590735250203129
221,avg_word_length,0.3106949620086361
222,log-prob-gpt2-xl_mean,0.16750299926133128
222,rating_gram_mean,0.16642969269267527
222,rating_frequency_mean,0.12508085777037858
222,rating_conversational_mean,0.2455375517484174
222,dep_length_mean,0.16691915358206744
222,avg_word_freq_zipf,0.2589317925017023
222,avg_word_length,0.3105441299216375
223,log-prob-gpt2-xl_mean,0.16664763258719117
223,rating_gram_mean,0.1663892415995809
223,rating_frequency_mean,0.12458871260588389
223,rating_conversational_mean,0.24498033167062017
223,dep_length_mean,0.16687644155060544
223,avg_word_freq_zipf,0.24227602532143555
223,avg_word_length,0.3077688365590183
224,log-prob-gpt2-xl_mean,0.16568430427829173
224,rating_gram_mean,0.16638567876641752
224,rating_frequency_mean,0.1245647038168829
224,rating_conversational_mean,0.24420941293737342
224,dep_length_mean,0.16667339820141192
224,avg_word_freq_zipf,0.2407475648880738
224,avg_word_length,0.28958483778938926
225,log-prob-gpt2-xl_mean,0.15334024625772802
225,rating_gram_mean,0.16628204668863134
225,rating_frequency_mean,0.12384843075783047
225,rating_conversational_mean,0.2437863343128498
225,dep_length_mean,0.16612449388301842
225,avg_word_freq_zipf,0.2399788610877832
225,avg_word_length,0.28862208394436295
226,log-prob-gpt2-xl_mean,0.1533061303944946
226,rating_gram_mean,0.1543391961114523
226,rating_frequency_mean,0.12374796052341053
226,rating_conversational_mean,0.2435320774224804
226,dep_length_mean,0.1653667336797252
226,avg_word_freq_zipf,0.23991711273110972
226,avg_word_length,0.28845647213807346
227,log-prob-gpt2-xl_mean,0.15266558189338686
227,rating_gram_mean,0.15416802741446844
227,rating_frequency_mean,0.11347728809959623
227,rating_conversational_mean,0.24016209992859983
227,dep_length_mean,0.16532166636930934
227,avg_word_freq_zipf,0.23921787943899708
227,avg_word_length,0.28840222242200897
228,log-prob-gpt2-xl_mean,0.15219116269166189
228,rating_gram_mean,0.1534390513291536
228,rating_frequency_mean,0.11102978613353309
228,rating_conversational_mean,0.2276248500926017
228,dep_length_mean,0.16504320709557374
228,avg_word_freq_zipf,0.23842257406603073
228,avg_word_length,0.28810632596963426
229,log-prob-gpt2-xl_mean,0.1517193603046113
229,rating_gram_mean,0.1522334430198199
229,rating_frequency_mean,0.11100229920953408
229,rating_conversational_mean,0.22751936338590795
229,dep_length_mean,0.15361548820945736
229,avg_word_freq_zipf,0.2383594625089458
229,avg_word_length,0.28806609163567576
230,log-prob-gpt2-xl_mean,0.15114221789112925
230,rating_gram_mean,0.1522323427740747
230,rating_frequency_mean,0.1106396947508217
230,rating_conversational_mean,0.22697184684262295
230,dep_length_mean,0.15335875939437227
230,avg_word_freq_zipf,0.22154199461166968
230,avg_word_length,0.28552379652312654
231,log-prob-gpt2-xl_mean,0.15093919880191387
231,rating_gram_mean,0.1521951804135755
231,rating_frequency_mean,0.11055400517570702
231,rating_conversational_mean,0.22565754718859
231,dep_length_mean,0.15318184326042783
231,avg_word_freq_zipf,0.22024321594364638
231,avg_word_length,0.26942420594285943
232,log-prob-gpt2-xl_mean,0.1397036574752275
232,rating_gram_mean,0.15217796418501317
232,rating_frequency_mean,0.1102158979701845
232,rating_conversational_mean,0.22498867554340352
232,dep_length_mean,0.1525163484057781
232,avg_word_freq_zipf,0.21949873747186788
232,avg_word_length,0.2681208797462393
233,log-prob-gpt2-xl_mean,0.13967114410345915
233,rating_gram_mean,0.14134034868553624
233,rating_frequency_mean,0.10980478919383352
233,rating_conversational_mean,0.2243876913036862
233,dep_length_mean,0.1519186220444132
233,avg_word_freq_zipf,0.21949770261124713
233,avg_word_length,0.2680049711149559
234,log-prob-gpt2-xl_mean,0.1392156055939081
234,rating_gram_mean,0.1403618916825775
234,rating_frequency_mean,0.10021798469718979
234,rating_conversational_mean,0.22231219871607355
234,dep_length_mean,0.1519181584142243
234,avg_word_freq_zipf,0.21914644712396303
234,avg_word_length,0.26799346298047666
235,log-prob-gpt2-xl_mean,0.13881347827755042
235,rating_gram_mean,0.1400664957114971
235,rating_frequency_mean,0.0984037467822797
235,rating_conversational_mean,0.21107467082883546
235,dep_length_mean,0.1516283966531652
235,avg_word_freq_zipf,0.21841893607593488
235,avg_word_length,0.2667982103084787
236,log-prob-gpt2-xl_mean,0.13832437083050975
236,rating_gram_mean,0.13963170251887114
236,rating_frequency_mean,0.09839217868183658
236,rating_conversational_mean,0.21097383509641676
236,dep_length_mean,0.14193407047055295
236,avg_word_freq_zipf,0.21799954679939948
236,avg_word_length,0.2664273924666891
237,log-prob-gpt2-xl_mean,0.13821362820101502
237,rating_gram_mean,0.13952908587337864
237,rating_frequency_mean,0.09811606928002614
237,rating_conversational_mean,0.21054395280975524
237,dep_length_mean,0.14190929663895646
237,avg_word_freq_zipf,0.2037216354615886
237,avg_word_length,0.2657846659832799
238,log-prob-gpt2-xl_mean,0.13744163281327082
238,rating_gram_mean,0.13952186353004947
238,rating_frequency_mean,0.0980928339056033
238,rating_conversational_mean,0.2100397639229259
238,dep_length_mean,0.14157527724381158
238,avg_word_freq_zipf,0.20139595843826075
238,avg_word_length,0.24807186268474746
239,log-prob-gpt2-xl_mean,0.12616419730641326
239,rating_gram_mean,0.13952116143356963
239,rating_frequency_mean,0.09783616063196421
239,rating_conversational_mean,0.20978119564286268
239,dep_length_mean,0.14128530082385704
239,avg_word_freq_zipf,0.20088772866360793
239,avg_word_length,0.24757533764382722
240,log-prob-gpt2-xl_mean,0.12615301833192427
240,rating_gram_mean,0.12907166426299999
240,rating_frequency_mean,0.0971923183007195
240,rating_conversational_mean,0.20930543302121107
240,dep_length_mean,0.1408867351530133
240,avg_word_freq_zipf,0.20078629395426917
240,avg_word_length,0.24744253201263877
241,log-prob-gpt2-xl_mean,0.12603262124620296
241,rating_gram_mean,0.12887948198879295
241,rating_frequency_mean,0.08852116264814658
241,rating_conversational_mean,0.20768506930889963
241,dep_length_mean,0.14073581983863037
241,avg_word_freq_zipf,0.20040638882853856
241,avg_word_length,0.24738494413975243
242,log-prob-gpt2-xl_mean,0.12534215317837294
242,rating_gram_mean,0.12848199032600127
242,rating_frequency_mean,0.08755693538497511
242,rating_conversational_mean,0.19696888871766727
242,dep_length_mean,0.14068090208772077
242,avg_word_freq_zipf,0.20022824587214905
242,avg_word_length,0.24577225698328853
243,log-prob-gpt2-xl_mean,0.12504448516237365
243,rating_gram_mean,0.12812516043343902
243,rating_frequency_mean,0.08752906265232585
243,rating_conversational_mean,0.19674070289282874
243,dep_length_mean,0.13024660529752474
243,avg_word_freq_zipf,0.2001786366828422
243,avg_word_length,0.24544555659743583
244,log-prob-gpt2-xl_mean,0.12496980920393852
244,rating_gram_mean,0.12811569462641392
244,rating_frequency_mean,0.08742901251972712
244,rating_conversational_mean,0.19614468631867443
244,dep_length_mean,0.13024209964141364
244,avg_word_freq_zipf,0.18699828843847777
244,avg_word_length,0.24395044742579997
245,log-prob-gpt2-xl_mean,0.1238627160471244
245,rating_gram_mean,0.12807282387394436
245,rating_frequency_mean,0.0873791087904413
245,rating_conversational_mean,0.1951061774699493
245,dep_length_mean,0.13001250483975857
245,avg_word_freq_zipf,0.18550640892401338
245,avg_word_length,0.2281414509929912
246,log-prob-gpt2-xl_mean,0.11291350863909944
246,rating_gram_mean,0.12806101457452335
246,rating_frequency_mean,0.08726892837998068
246,rating_conversational_mean,0.194557636551416
246,dep_length_mean,0.12976169804738524
246,avg_word_freq_zipf,0.18508778189964392
246,avg_word_length,0.22693751711826282
247,log-prob-gpt2-xl_mean,0.11290027675487968
247,rating_gram_mean,0.11655954266152202
247,rating_frequency_mean,0.08693204344749372
247,rating_conversational_mean,0.19430528258527469
247,dep_length_mean,0.12892158043302693
247,avg_word_freq_zipf,0.1850653291068256
247,avg_word_length,0.22692614142376222
248,log-prob-gpt2-xl_mean,0.1125247227741808
248,rating_gram_mean,0.11596780161916098
248,rating_frequency_mean,0.07854290845553458
248,rating_conversational_mean,0.1929469505642979
248,dep_length_mean,0.12891006754667145
248,avg_word_freq_zipf,0.18490052781803568
248,avg_word_length,0.22674820565754417
249,log-prob-gpt2-xl_mean,0.11181711028710484
249,rating_gram_mean,0.11593081582164566
249,rating_frequency_mean,0.07761908195743028
249,rating_conversational_mean,0.18180786985021813
249,dep_length_mean,0.12860554106510647
249,avg_word_freq_zipf,0.1841947062521977
249,avg_word_length,0.22547808645975287
250,log-prob-gpt2-xl_mean,0.11168639457557461
250,rating_gram_mean,0.11536686647253969
250,rating_frequency_mean,0.0776037367885335
250,rating_conversational_mean,0.1816603843831276
250,dep_length_mean,0.11848108007122471
250,avg_word_freq_zipf,0.1839459822695696
250,avg_word_length,0.22514121731224845
251,log-prob-gpt2-xl_mean,0.11116195307227938
251,rating_gram_mean,0.11535587051703222
251,rating_frequency_mean,0.07742648235101868
251,rating_conversational_mean,0.18123903841065836
251,dep_length_mean,0.11840424502351887
251,avg_word_freq_zipf,0.16953153316789804
251,avg_word_length,0.2224083711112057
252,log-prob-gpt2-xl_mean,0.1096983829151077
252,rating_gram_mean,0.11508519736422129
252,rating_frequency_mean,0.07722320993064291
252,rating_conversational_mean,0.17883944822541664
252,dep_length_mean,0.11783097560843103
252,avg_word_freq_zipf,0.1673738664911163
252,avg_word_length,0.2059818407571623
253,log-prob-gpt2-xl_mean,0.10074892341479014
253,rating_gram_mean,0.11508471755151473
253,rating_frequency_mean,0.07718452859057101
253,rating_conversational_mean,0.17821241455625492
253,dep_length_mean,0.11777576057498973
253,avg_word_freq_zipf,0.16724106520467208
253,avg_word_length,0.20526895127348255
254,log-prob-gpt2-xl_mean,0.10072103736606097
254,rating_gram_mean,0.10574124692832121
254,rating_frequency_mean,0.07697979502062136
254,rating_conversational_mean,0.17780756286004573
254,dep_length_mean,0.11732024965809418
254,avg_word_freq_zipf,0.16720565288889055
254,avg_word_length,0.2049285560498183
255,log-prob-gpt2-xl_mean,0.10045760252897518
255,rating_gram_mean,0.10546352504452816
255,rating_frequency_mean,0.07062790735615587
255,rating_conversational_mean,0.1766427239500411
255,dep_length_mean,0.1172934601399993
255,avg_word_freq_zipf,0.16704795850493104
255,avg_word_length,0.2049271448489245
256,log-prob-gpt2-xl_mean,0.0996323681445832
256,rating_gram_mean,0.10529756801996792
256,rating_frequency_mean,0.0698085921520758
256,rating_conversational_mean,0.16501187949695695
256,dep_length_mean,0.11673689999700454
256,avg_word_freq_zipf,0.16619126626001135
256,avg_word_length,0.20027819265999547
257,log-prob-gpt2-xl_mean,0.09943515107089584
257,rating_gram_mean,0.10497300947238786
257,rating_frequency_mean,0.06970063946909
257,rating_conversational_mean,0.16427715559033806
257,dep_length_mean,0.10615190837474364
257,avg_word_freq_zipf,0.16610675582272205
257,avg_word_length,0.19933998182065005
258,log-prob-gpt2-xl_mean,0.09905202492968357
258,rating_gram_mean,0.10495107829061379
258,rating_frequency_mean,0.06958958984583541
258,rating_conversational_mean,0.16326166795785835
258,dep_length_mean,0.10583993235831723
258,avg_word_freq_zipf,0.1538279033536335
258,avg_word_length,0.19783833143078466
259,log-prob-gpt2-xl_mean,0.09801383260756313
259,rating_gram_mean,0.10487413774294474
259,rating_frequency_mean,0.06958654761317828
259,rating_conversational_mean,0.16110994594320893
259,dep_length_mean,0.10568261558035008
259,avg_word_freq_zipf,0.15211471896646866
259,avg_word_length,0.18187849926848398
260,log-prob-gpt2-xl_mean,0.0884605910341828
260,rating_gram_mean,0.10485853382188537
260,rating_frequency_mean,0.0694680757272651
260,rating_conversational_mean,0.15999944082062034
260,dep_length_mean,0.10548646044364862
260,avg_word_freq_zipf,0.15184469046926863
260,avg_word_length,0.18060244401460246
261,log-prob-gpt2-xl_mean,0.08841513571373871
261,rating_gram_mean,0.09644420241980212
261,rating_frequency_mean,0.06936836215704856
261,rating_conversational_mean,0.15968546739433231
261,dep_length_mean,0.10494637315493827
261,avg_word_freq_zipf,0.15184414259221213
261,avg_word_length,0.18034618350095677
262,log-prob-gpt2-xl_mean,0.08837987012802662
262,rating_gram_mean,0.09641757119335936
262,rating_frequency_mean,0.06339686426221158
262,rating_conversational_mean,0.15891702841043276
262,dep_length_mean,0.1049186162928526
262,avg_word_freq_zipf,0.15180014949516596
262,avg_word_length,0.180345964542156
263,log-prob-gpt2-xl_mean,0.08773525431939888
263,rating_gram_mean,0.09637870807173243
263,rating_frequency_mean,0.0627318406889652
263,rating_conversational_mean,0.1480572169738087
263,dep_length_mean,0.1045411663913488
263,avg_word_freq_zipf,0.15012728710893075
263,avg_word_length,0.17787725708193947
264,log-prob-gpt2-xl_mean,0.08762692243157078
264,rating_gram_mean,0.09608399570554282
264,rating_frequency_mean,0.06273180564838632
264,rating_conversational_mean,0.1475391885873485
264,dep_length_mean,0.09502165705292231
264,avg_word_freq_zipf,0.15001752377782862
264,avg_word_length,0.1772207304709209
265,log-prob-gpt2-xl_mean,0.08747999847456767
265,rating_gram_mean,0.09608039764752008
265,rating_frequency_mean,0.062387508239687306
265,rating_conversational_mean,0.14624701137640717
265,dep_length_mean,0.09489425422692521
265,avg_word_freq_zipf,0.1383801201700432
265,avg_word_length,0.17485848775698398
266,log-prob-gpt2-xl_mean,0.08651119303108368
266,rating_gram_mean,0.0960541138751193
266,rating_frequency_mean,0.06238450350125535
266,rating_conversational_mean,0.14414136993056514
266,dep_length_mean,0.09473128623449922
266,avg_word_freq_zipf,0.13691614892802362
266,avg_word_length,0.15990833407576233
267,log-prob-gpt2-xl_mean,0.07797048828566389
267,rating_gram_mean,0.0960540632186786
267,rating_frequency_mean,0.06227682993683248
267,rating_conversational_mean,0.143312971900994
267,dep_length_mean,0.09451577389908894
267,avg_word_freq_zipf,0.13685992203163166
267,avg_word_length,0.15862328393663438
268,log-prob-gpt2-xl_mean,0.07791986701415443
268,rating_gram_mean,0.08789418904617363
268,rating_frequency_mean,0.06227458679802711
268,rating_conversational_mean,0.14317613374774119
268,dep_length_mean,0.0939367840294868
268,avg_word_freq_zipf,0.1368598387592983
268,avg_word_length,0.15860721331780991
269,log-prob-gpt2-xl_mean,0.0776767099467427
269,rating_gram_mean,0.0876994514369861
269,rating_frequency_mean,0.057362382391781264
269,rating_conversational_mean,0.1417538935296655
269,dep_length_mean,0.09393668310954251
269,avg_word_freq_zipf,0.13671602105362124
269,avg_word_length,0.15853339733448302
270,log-prob-gpt2-xl_mean,0.07706903999163761
270,rating_gram_mean,0.08768460404137912
270,rating_frequency_mean,0.05663500948856448
270,rating_conversational_mean,0.1303563856749157
270,dep_length_mean,0.09347672934284201
270,avg_word_freq_zipf,0.13581618081942892
270,avg_word_length,0.15390518512262563
271,log-prob-gpt2-xl_mean,0.0767712907204906
271,rating_gram_mean,0.08698053731397781
271,rating_frequency_mean,0.05662506870583961
271,rating_conversational_mean,0.12996658257733973
271,dep_length_mean,0.08319778773775965
271,avg_word_freq_zipf,0.13564965828864461
271,avg_word_length,0.15344462788031
272,log-prob-gpt2-xl_mean,0.07676991164869773
272,rating_gram_mean,0.0869794135348867
272,rating_frequency_mean,0.056529113639615325
272,rating_conversational_mean,0.1293853468966486
272,dep_length_mean,0.08290777620815637
272,avg_word_freq_zipf,0.12488990808452738
272,avg_word_length,0.15245904669959132
273,log-prob-gpt2-xl_mean,0.0759090054966568
273,rating_gram_mean,0.0869614084205913
273,rating_frequency_mean,0.05649077804836855
273,rating_conversational_mean,0.12711577571798593
273,dep_length_mean,0.08227927267711987
273,avg_word_freq_zipf,0.12401395849196228
273,avg_word_length,0.13945403013255353
274,log-prob-gpt2-xl_mean,0.06740046676254718
274,rating_gram_mean,0.08690213335024155
274,rating_frequency_mean,0.05626108587593015
274,rating_conversational_mean,0.1259767027430846
274,dep_length_mean,0.08200711094043989
274,avg_word_freq_zipf,0.12398134511436587
274,avg_word_length,0.13860999535094176
275,log-prob-gpt2-xl_mean,0.06737845874724879
275,rating_gram_mean,0.07996038648993353
275,rating_frequency_mean,0.05624640083827104
275,rating_conversational_mean,0.12597162726255995
275,dep_length_mean,0.08151927610278797
275,avg_word_freq_zipf,0.12392396249154825
275,avg_word_length,0.13857566731854554
276,log-prob-gpt2-xl_mean,0.06703438651731641
276,rating_gram_mean,0.07987357557206487
276,rating_frequency_mean,0.0516416327795759
276,rating_conversational_mean,0.12418250415774978
276,dep_length_mean,0.0815037652190953
276,avg_word_freq_zipf,0.12387501452236849
276,avg_word_length,0.13812183192094973
277,log-prob-gpt2-xl_mean,0.0663542210258189
277,rating_gram_mean,0.07987223120420528
277,rating_frequency_mean,0.05117187301604287
277,rating_conversational_mean,0.11340414197079729
277,dep_length_mean,0.08120605020858818
277,avg_word_freq_zipf,0.12337095122445474
277,avg_word_length,0.13551194398068567
278,log-prob-gpt2-xl_mean,0.0661218836535139
278,rating_gram_mean,0.07930813262064174
278,rating_frequency_mean,0.05116870954219821
278,rating_conversational_mean,0.1130622115820138
278,dep_length_mean,0.07229194316011522
278,avg_word_freq_zipf,0.12322915997486272
278,avg_word_length,0.1351471073275572
279,log-prob-gpt2-xl_mean,0.06583983701805496
279,rating_gram_mean,0.07930768359664186
279,rating_frequency_mean,0.05113040291775128
279,rating_conversational_mean,0.11202541056159043
279,dep_length_mean,0.07204700413718879
279,avg_word_freq_zipf,0.11298130237774162
279,avg_word_length,0.13438815274667304
280,log-prob-gpt2-xl_mean,0.06504728324301223
280,rating_gram_mean,0.0792891680644856
280,rating_frequency_mean,0.051043036148918364
280,rating_conversational_mean,0.10905445818282267
280,dep_length_mean,0.0717766131377986
280,avg_word_freq_zipf,0.1125593890786476
280,avg_word_length,0.12108716015662824
281,log-prob-gpt2-xl_mean,0.057763864729408976
281,rating_gram_mean,0.07928650149523209
281,rating_frequency_mean,0.0509827338408434
281,rating_conversational_mean,0.10826415698997771
281,dep_length_mean,0.07158727480614657
281,avg_word_freq_zipf,0.11252423131339628
281,avg_word_length,0.12005408877093016
282,log-prob-gpt2-xl_mean,0.057758439398385986
282,rating_gram_mean,0.07094909560717555
282,rating_frequency_mean,0.05081501436364444
282,rating_conversational_mean,0.108262602453155
282,dep_length_mean,0.07053537382080832
282,avg_word_freq_zipf,0.11251891442273332
282,avg_word_length,0.12005416980593375
283,log-prob-gpt2-xl_mean,0.05774297814781182
283,rating_gram_mean,0.07075588410600708
283,rating_frequency_mean,0.04711207769209558
283,rating_conversational_mean,0.10699504873977117
283,dep_length_mean,0.07048783571223416
283,avg_word_freq_zipf,0.11242385765192209
283,avg_word_length,0.11984837207670951
284,log-prob-gpt2-xl_mean,0.057641104504779994
284,rating_gram_mean,0.07073653824711768
284,rating_frequency_mean,0.046669365507385985
284,rating_conversational_mean,0.09665507556728292
284,dep_length_mean,0.06996095411632564
284,avg_word_freq_zipf,0.11167137865472854
284,avg_word_length,0.11727041696723695
285,log-prob-gpt2-xl_mean,0.05761509548715382
285,rating_gram_mean,0.06988014223666217
285,rating_frequency_mean,0.04666147422970013
285,rating_conversational_mean,0.0963483624382947
285,dep_length_mean,0.06273200820002656
285,avg_word_freq_zipf,0.11152788483689924
285,avg_word_length,0.11719516040181444
286,log-prob-gpt2-xl_mean,0.05731583780127458
286,rating_gram_mean,0.0698670981619326
286,rating_frequency_mean,0.04665033198062696
286,rating_conversational_mean,0.09593772348602037
286,dep_length_mean,0.06235517079656794
286,avg_word_freq_zipf,0.10281605630257151
286,avg_word_length,0.11637583246251348
287,log-prob-gpt2-xl_mean,0.05646687547196949
287,rating_gram_mean,0.06986625141809955
287,rating_frequency_mean,0.04664991927743245
287,rating_conversational_mean,0.09479648977128707
287,dep_length_mean,0.062205405687798754
287,avg_word_freq_zipf,0.10207063964995311
287,avg_word_length,0.10534207707573451
288,log-prob-gpt2-xl_mean,0.05009425551550939
288,rating_gram_mean,0.06986622454519908
288,rating_frequency_mean,0.046620795810045856
288,rating_conversational_mean,0.09406539158713378
288,dep_length_mean,0.06209306018486893
288,avg_word_freq_zipf,0.1018946487596758
288,avg_word_length,0.10436729652172405
289,log-prob-gpt2-xl_mean,0.05008436762096824
289,rating_gram_mean,0.06301647125052068
289,rating_frequency_mean,0.04657003675662563
289,rating_conversational_mean,0.09397551917114877
289,dep_length_mean,0.06172190127334032
289,avg_word_freq_zipf,0.10179106994318832
289,avg_word_length,0.10424912665079933
290,log-prob-gpt2-xl_mean,0.05001336401285805
290,rating_gram_mean,0.06299945212993374
290,rating_frequency_mean,0.04286572167810232
290,rating_conversational_mean,0.09296110435949578
290,dep_length_mean,0.061693859325954614
290,avg_word_freq_zipf,0.10177226280379803
290,avg_word_length,0.10421859096527286
291,log-prob-gpt2-xl_mean,0.0497071509195669
291,rating_gram_mean,0.06297380374283168
291,rating_frequency_mean,0.04233170376025619
291,rating_conversational_mean,0.08306081777815011
291,dep_length_mean,0.06107372439208569
291,avg_word_freq_zipf,0.10130576582078599
291,avg_word_length,0.10256810411012873
292,log-prob-gpt2-xl_mean,0.04968678130242554
292,rating_gram_mean,0.06281459879470686
292,rating_frequency_mean,0.042288418768669955
292,rating_conversational_mean,0.08228536341393011
292,dep_length_mean,0.053856880760993264
292,avg_word_freq_zipf,0.10114003831147211
292,avg_word_length,0.10220952187242771
293,log-prob-gpt2-xl_mean,0.049652229043518514
293,rating_gram_mean,0.06281377522011344
293,rating_frequency_mean,0.04227387094725388
293,rating_conversational_mean,0.08175751872377868
293,dep_length_mean,0.05361348832522683
293,avg_word_freq_zipf,0.09301353252000522
293,avg_word_length,0.10149425126682377
294,log-prob-gpt2-xl_mean,0.049180374140416094
294,rating_gram_mean,0.06277758695615432
294,rating_frequency_mean,0.042273414849333
294,rating_conversational_mean,0.08051669181933496
294,dep_length_mean,0.05337929845688971
294,avg_word_freq_zipf,0.09266578269830972
294,avg_word_length,0.09140298778199518
295,log-prob-gpt2-xl_mean,0.04332239417904482
295,rating_gram_mean,0.06277629563298559
295,rating_frequency_mean,0.042181281738968845
295,rating_conversational_mean,0.08018185004009315
295,dep_length_mean,0.053243068780476355
295,avg_word_freq_zipf,0.09263884271289691
295,avg_word_length,0.09095136911764834
296,log-prob-gpt2-xl_mean,0.04331565354883116
296,rating_gram_mean,0.05791391529643797
296,rating_frequency_mean,0.04213308279622141
296,rating_conversational_mean,0.08017349499316628
296,dep_length_mean,0.052919939457988674
296,avg_word_freq_zipf,0.09257832239242147
296,avg_word_length,0.09094516782204731
297,log-prob-gpt2-xl_mean,0.04307609381755351
297,rating_gram_mean,0.05764349801067703
297,rating_frequency_mean,0.03849038591074483
297,rating_conversational_mean,0.07868594591025113
297,dep_length_mean,0.05272378466098382
297,avg_word_freq_zipf,0.09257793159297145
297,avg_word_length,0.09090636142997921
298,log-prob-gpt2-xl_mean,0.04288371608664776
298,rating_gram_mean,0.057640618162996815
298,rating_frequency_mean,0.03805504362316492
298,rating_conversational_mean,0.07018875485940546
298,dep_length_mean,0.052459719946835626
298,avg_word_freq_zipf,0.09232447282841871
298,avg_word_length,0.08940634617246968
299,log-prob-gpt2-xl_mean,0.042852017824373534
299,rating_gram_mean,0.057430665090102306
299,rating_frequency_mean,0.03804952174562726
299,rating_conversational_mean,0.06975205661336226
299,dep_length_mean,0.04637756431661877
299,avg_word_freq_zipf,0.0922034881713314
299,avg_word_length,0.08895813050301649
300,log-prob-gpt2-xl_mean,0.042830586442821006
300,rating_gram_mean,0.057430623176015994
300,rating_frequency_mean,0.03804359186734674
300,rating_conversational_mean,0.06943981431975654
300,dep_length_mean,0.04626226120043131
300,avg_word_freq_zipf,0.08470034112499603
300,avg_word_length,0.0888533884966739
301,log-prob-gpt2-xl_mean,0.042680657889699214
301,rating_gram_mean,0.05742293790420272
301,rating_frequency_mean,0.038039075386923527
301,rating_conversational_mean,0.0684036986502965
301,dep_length_mean,0.046069501319494166
301,avg_word_freq_zipf,0.08449994348016476
301,avg_word_length,0.08099798272430647
302,log-prob-gpt2-xl_mean,0.037510975494798204
302,rating_gram_mean,0.05742245455095152
302,rating_frequency_mean,0.03798698448365323
302,rating_conversational_mean,0.06800443194564842
302,dep_length_mean,0.04603856476044976
302,avg_word_freq_zipf,0.08445384766170994
302,avg_word_length,0.0802223154965711
303,log-prob-gpt2-xl_mean,0.03750799928509296
303,rating_gram_mean,0.05195688726263448
303,rating_frequency_mean,0.037800264408305084
303,rating_conversational_mean,0.06789793914498188
303,dep_length_mean,0.045838689843949565
303,avg_word_freq_zipf,0.08436838579664074
303,avg_word_length,0.08021713348901993
304,log-prob-gpt2-xl_mean,0.03735177963900471
304,rating_gram_mean,0.0516080408108186
304,rating_frequency_mean,0.034726012637752324
304,rating_conversational_mean,0.06695971089580599
304,dep_length_mean,0.045708325447044396
304,avg_word_freq_zipf,0.08436760127743748
304,avg_word_length,0.08020485491777896
305,log-prob-gpt2-xl_mean,0.03712918394231113
305,rating_gram_mean,0.051563430665832466
305,rating_frequency_mean,0.03427427558749374
305,rating_conversational_mean,0.059910543343828504
305,dep_length_mean,0.04524366129142077
305,avg_word_freq_zipf,0.08416350122645588
305,avg_word_length,0.07920442320500232
306,log-prob-gpt2-xl_mean,0.03707242746297412
306,rating_gram_mean,0.05130869924595316
306,rating_frequency_mean,0.03426631278034353
306,rating_conversational_mean,0.0594440389878903
306,dep_length_mean,0.039280945419345126
306,avg_word_freq_zipf,0.08377592049382476
306,avg_word_length,0.07916096987492238
307,log-prob-gpt2-xl_mean,0.03704214841031428
307,rating_gram_mean,0.05130289467205906
307,rating_frequency_mean,0.03426487460054517
307,rating_conversational_mean,0.059282086873418294
307,dep_length_mean,0.03917189674187216
307,avg_word_freq_zipf,0.076377206988813
307,avg_word_length,0.0789728703421193
308,log-prob-gpt2-xl_mean,0.036781068462763744
308,rating_gram_mean,0.051278174436941826
308,rating_frequency_mean,0.03425346908215621
308,rating_conversational_mean,0.05861614140788762
308,dep_length_mean,0.03906432537066473
308,avg_word_freq_zipf,0.0763482664865327
308,avg_word_length,0.07181479967145077
309,log-prob-gpt2-xl_mean,0.032021606420593374
309,rating_gram_mean,0.05127258162301773
309,rating_frequency_mean,0.034194189381644424
309,rating_conversational_mean,0.0583964420980686
309,dep_length_mean,0.03905487112234418
309,avg_word_freq_zipf,0.0763374415827528
309,avg_word_length,0.07169544779674852
310,log-prob-gpt2-xl_mean,0.03201707395150499
310,rating_gram_mean,0.0463937786951123
310,rating_frequency_mean,0.03406404992663248
310,rating_conversational_mean,0.05826854167175133
310,dep_length_mean,0.038868077532698275
310,avg_word_freq_zipf,0.07633690010203464
310,avg_word_length,0.07168407453509962
311,log-prob-gpt2-xl_mean,0.03200107274914954
311,rating_gram_mean,0.04624366452429274
311,rating_frequency_mean,0.031185866283259922
311,rating_conversational_mean,0.05771074187866809
311,dep_length_mean,0.03883623829793614
311,avg_word_freq_zipf,0.07633083147306596
311,avg_word_length,0.07167156162779642
312,log-prob-gpt2-xl_mean,0.031924460933788756
312,rating_gram_mean,0.046198710746038985
312,rating_frequency_mean,0.030935967769138317
312,rating_conversational_mean,0.05183528753438804
312,dep_length_mean,0.038476531257156665
312,avg_word_freq_zipf,0.07625922075299152
312,avg_word_length,0.07109673209591472
313,log-prob-gpt2-xl_mean,0.031915924544196894
313,rating_gram_mean,0.046052963658293034
313,rating_frequency_mean,0.030935511834813578
313,rating_conversational_mean,0.051292343824982045
313,dep_length_mean,0.03333676826750287
313,avg_word_freq_zipf,0.0761516564088286
313,avg_word_length,0.07108323905032088
314,log-prob-gpt2-xl_mean,0.03190585902775145
314,rating_gram_mean,0.04604701880100637
314,rating_frequency_mean,0.030931061279286687
314,rating_conversational_mean,0.05123895426511926
314,dep_length_mean,0.033305209596703134
314,avg_word_freq_zipf,0.06986795534979262
314,avg_word_length,0.07092607335016177
315,log-prob-gpt2-xl_mean,0.03176943651713682
315,rating_gram_mean,0.04604340509504634
315,rating_frequency_mean,0.030913558457133172
315,rating_conversational_mean,0.050775379741284765
315,dep_length_mean,0.0333052904857053
315,avg_word_freq_zipf,0.06977350982934394
315,avg_word_length,0.0645278199137852
316,log-prob-gpt2-xl_mean,0.027777702791910497
316,rating_gram_mean,0.04603034397636485
316,rating_frequency_mean,0.030898550012791515
316,rating_conversational_mean,0.05074843265930262
316,dep_length_mean,0.03330449019671522
316,avg_word_freq_zipf,0.06975480412192081
316,avg_word_length,0.06450493722213857
317,log-prob-gpt2-xl_mean,0.027762755219517654
317,rating_gram_mean,0.04181561535408729
317,rating_frequency_mean,0.030739408288158576
317,rating_conversational_mean,0.05060880494785125
317,dep_length_mean,0.03315232849521732
317,avg_word_freq_zipf,0.06974816365230241
317,avg_word_length,0.06448615430227034
318,log-prob-gpt2-xl_mean,0.027681724675297503
318,rating_gram_mean,0.04162038935577472
318,rating_frequency_mean,0.027851100752302904
318,rating_conversational_mean,0.0502467640632126
318,dep_length_mean,0.03314732753715599
318,avg_word_freq_zipf,0.06971976157414406
318,avg_word_length,0.06439396932258656
319,log-prob-gpt2-xl_mean,0.02761578751918281
319,rating_gram_mean,0.04160490433676012
319,rating_frequency_mean,0.027614139958889394
319,rating_conversational_mean,0.04484963050311619
319,dep_length_mean,0.032912083938917314
319,avg_word_freq_zipf,0.06964815805054259
319,avg_word_length,0.06382146298282121
320,log-prob-gpt2-xl_mean,0.02761252358540711
320,rating_gram_mean,0.04134756650975702
320,rating_frequency_mean,0.02761396494016044
320,rating_conversational_mean,0.04437667025175551
320,dep_length_mean,0.028140517323481995
320,avg_word_freq_zipf,0.06951491871822135
320,avg_word_length,0.06382025012675963
321,log-prob-gpt2-xl_mean,0.027612392719446377
321,rating_gram_mean,0.0413455396831508
321,rating_frequency_mean,0.027546307907205247
321,rating_conversational_mean,0.04425606468112897
321,dep_length_mean,0.028089628264123756
321,avg_word_freq_zipf,0.06340077373017905
321,avg_word_length,0.06365298720079948
322,log-prob-gpt2-xl_mean,0.027610369183969197
322,rating_gram_mean,0.04133835367374439
322,rating_frequency_mean,0.02753963650240021
322,rating_conversational_mean,0.04395751462216213
322,dep_length_mean,0.0280539095437633
322,avg_word_freq_zipf,0.06312539181605004
322,avg_word_length,0.05845643937414613
323,log-prob-gpt2-xl_mean,0.023753679004778205
323,rating_gram_mean,0.0413337899009345
323,rating_frequency_mean,0.027534698401093016
323,rating_conversational_mean,0.04394244504308653
323,dep_length_mean,0.028053243706813724
323,avg_word_freq_zipf,0.06307690359910967
323,avg_word_length,0.05838470469956791
324,log-prob-gpt2-xl_mean,0.02374490467166457
324,rating_gram_mean,0.036598673815167015
324,rating_frequency_mean,0.02749252351815734
324,rating_conversational_mean,0.04392548463947876
324,dep_length_mean,0.02797586502324423
324,avg_word_freq_zipf,0.06298798834416686
324,avg_word_length,0.058336588987375704
325,log-prob-gpt2-xl_mean,0.023730272525173013
325,rating_gram_mean,0.03650478386228917
325,rating_frequency_mean,0.02524049226850822
325,rating_conversational_mean,0.043782186520955335
325,dep_length_mean,0.02797086625428946
325,avg_word_freq_zipf,0.06298754806347928
325,avg_word_length,0.058294295568771304
326,log-prob-gpt2-xl_mean,0.02371400379991062
326,rating_gram_mean,0.03650046834596843
326,rating_frequency_mean,0.02506463130151404
326,rating_conversational_mean,0.038812869035661945
326,dep_length_mean,0.02777035765139213
326,avg_word_freq_zipf,0.06294902235537236
326,avg_word_length,0.058024710709821625
327,log-prob-gpt2-xl_mean,0.02368710711671773
327,rating_gram_mean,0.03630102035152327
327,rating_frequency_mean,0.025045904879388958
327,rating_conversational_mean,0.038474027011748624
327,dep_length_mean,0.02383868068120254
327,avg_word_freq_zipf,0.06292174247405313
327,avg_word_length,0.05801966705541739
328,log-prob-gpt2-xl_mean,0.0236844716554383
328,rating_gram_mean,0.03628503534758565
328,rating_frequency_mean,0.025025440743966287
328,rating_conversational_mean,0.03847319492863421
328,dep_length_mean,0.023824387623988863
328,avg_word_freq_zipf,0.057146662804897
328,avg_word_length,0.05764392745524538
329,log-prob-gpt2-xl_mean,0.0236506607317305
329,rating_gram_mean,0.036270922675410766
329,rating_frequency_mean,0.025012836451439147
329,rating_conversational_mean,0.038351112386931674
329,dep_length_mean,0.02382221936582396
329,avg_word_freq_zipf,0.05706046310244184
329,avg_word_length,0.05287419728633458
330,log-prob-gpt2-xl_mean,0.02068406643345011
330,rating_gram_mean,0.036269473262620755
330,rating_frequency_mean,0.024987691897609743
330,rating_conversational_mean,0.03834092237748199
330,dep_length_mean,0.023804723226695135
330,avg_word_freq_zipf,0.05705200074887262
330,avg_word_length,0.05286768044999868
331,log-prob-gpt2-xl_mean,0.020671415508333513
331,rating_gram_mean,0.032306888063002304
331,rating_frequency_mean,0.024941861655125463
331,rating_conversational_mean,0.03833274952999233
331,dep_length_mean,0.023788108957804144
331,avg_word_freq_zipf,0.05702523085814748
331,avg_word_length,0.0528646060290916
332,log-prob-gpt2-xl_mean,0.020601363037050402
332,rating_gram_mean,0.032137144285776076
332,rating_frequency_mean,0.022671559601241564
332,rating_conversational_mean,0.03795033895246436
332,dep_length_mean,0.02378004329991934
332,avg_word_freq_zipf,0.05702507633311826
332,avg_word_length,0.052856255137424646
333,log-prob-gpt2-xl_mean,0.020499914338120262
333,rating_gram_mean,0.03213699449302687
333,rating_frequency_mean,0.022473860355081365
333,rating_conversational_mean,0.033750788253773645
333,dep_length_mean,0.02359012687150719
333,avg_word_freq_zipf,0.05697276421517361
333,avg_word_length,0.052820632426784475
334,log-prob-gpt2-xl_mean,0.02044319786080584
334,rating_gram_mean,0.031861461116846734
334,rating_frequency_mean,0.022448479064905658
334,rating_conversational_mean,0.03362696034193691
334,dep_length_mean,0.020389045924710913
334,avg_word_freq_zipf,0.05695944291078625
334,avg_word_length,0.052744799883945204
335,log-prob-gpt2-xl_mean,0.020365576118958395
335,rating_gram_mean,0.031858840813571265
335,rating_frequency_mean,0.02244834085975067
335,rating_conversational_mean,0.033620915711286004
335,dep_length_mean,0.020385815782401617
335,avg_word_freq_zipf,0.052241582607089665
335,avg_word_length,0.052742561817525346
336,log-prob-gpt2-xl_mean,0.020359406789166923
336,rating_gram_mean,0.031852882149521866
336,rating_frequency_mean,0.022444661743606265
336,rating_conversational_mean,0.033513960032312995
336,dep_length_mean,0.020328976259782805
336,avg_word_freq_zipf,0.05215869831099784
336,avg_word_length,0.047951493668994094
337,log-prob-gpt2-xl_mean,0.01772576056934838
337,rating_gram_mean,0.03185282277029655
337,rating_frequency_mean,0.022400891883806895
337,rating_conversational_mean,0.03350319343473418
337,dep_length_mean,0.020320119780915857
337,avg_word_freq_zipf,0.05213301186441455
337,avg_word_length,0.047948660359812045
338,log-prob-gpt2-xl_mean,0.017723838774125866
338,rating_gram_mean,0.02849273690101739
338,rating_frequency_mean,0.022352036320310353
338,rating_conversational_mean,0.03349979300871775
338,dep_length_mean,0.020228695008117636
338,avg_word_freq_zipf,0.0521215761693955
338,avg_word_length,0.047948028546531796
339,log-prob-gpt2-xl_mean,0.017629844160088393
339,rating_gram_mean,0.02823186049078652
339,rating_frequency_mean,0.020072793389445676
339,rating_conversational_mean,0.033166781617653296
339,dep_length_mean,0.020199922113122715
339,avg_word_freq_zipf,0.0520763547161881
339,avg_word_length,0.04794700614332281
340,log-prob-gpt2-xl_mean,0.017514938103351585
340,rating_gram_mean,0.028229462315289777
340,rating_frequency_mean,0.019854864291135144
340,rating_conversational_mean,0.028567217843476156
340,dep_length_mean,0.020002662324784648
340,avg_word_freq_zipf,0.05203779053253821
340,avg_word_length,0.047828004855259176
341,log-prob-gpt2-xl_mean,0.017512583521385183
341,rating_gram_mean,0.028177389534395636
341,rating_frequency_mean,0.019839616010715377
341,rating_conversational_mean,0.02842726282405439
341,dep_length_mean,0.017079208487488895
341,avg_word_freq_zipf,0.052004830861139495
341,avg_word_length,0.04779717063589384
342,log-prob-gpt2-xl_mean,0.017496523248231588
342,rating_gram_mean,0.028151700745920993
342,rating_frequency_mean,0.019838670790193857
342,rating_conversational_mean,0.0284209592794743
342,dep_length_mean,0.017078028327778272
342,avg_word_freq_zipf,0.04720477548138746
342,avg_word_length,0.04778697763672424
343,log-prob-gpt2-xl_mean,0.017463721354303186
343,rating_gram_mean,0.028123972755885296
343,rating_frequency_mean,0.01982946619353332
343,rating_conversational_mean,0.0283528395043795
343,dep_length_mean,0.017070909231696296
343,avg_word_freq_zipf,0.04706237963043214
343,avg_word_length,0.04399241590484759
344,log-prob-gpt2-xl_mean,0.014981386538440278
344,rating_gram_mean,0.028123458574784932
344,rating_frequency_mean,0.01981527670685046
344,rating_conversational_mean,0.02829255198051217
344,dep_length_mean,0.017066379405983656
344,avg_word_freq_zipf,0.04702719895726859
344,avg_word_length,0.04391666633070157
345,log-prob-gpt2-xl_mean,0.01498074890971679
345,rating_gram_mean,0.025043070151809288
345,rating_frequency_mean,0.019737181098082646
345,rating_conversational_mean,0.028291762708268386
345,dep_length_mean,0.017045642404771022
345,avg_word_freq_zipf,0.04699096712415263
345,avg_word_length,0.04389558435568708
346,log-prob-gpt2-xl_mean,0.01492063229895102
346,rating_gram_mean,0.024866309271081466
346,rating_frequency_mean,0.017878797736730512
346,rating_conversational_mean,0.02796908139158405
346,dep_length_mean,0.017005354116007787
346,avg_word_freq_zipf,0.04698317333200819
346,avg_word_length,0.04387378364661498
347,log-prob-gpt2-xl_mean,0.01489390292633097
347,rating_gram_mean,0.024861175090108767
347,rating_frequency_mean,0.017841617596407566
347,rating_conversational_mean,0.0246242670836736
347,dep_length_mean,0.016976616773615283
347,avg_word_freq_zipf,0.0469822788945623
347,avg_word_length,0.043837888058545715
348,log-prob-gpt2-xl_mean,0.014885602835676415
348,rating_gram_mean,0.024858869268360673
348,rating_frequency_mean,0.01783977578730922
348,rating_conversational_mean,0.024519808948374355
348,dep_length_mean,0.01469487529421254
348,avg_word_freq_zipf,0.046931664705369025
348,avg_word_length,0.04382619730987125
349,log-prob-gpt2-xl_mean,0.014860633863853723
349,rating_gram_mean,0.024826122679047713
349,rating_frequency_mean,0.01783702286453759
349,rating_conversational_mean,0.024495896037219134
349,dep_length_mean,0.014690269354641572
349,avg_word_freq_zipf,0.042384147259268756
349,avg_word_length,0.04382591923382395
350,log-prob-gpt2-xl_mean,0.01478520184231824
350,rating_gram_mean,0.024815467763313448
350,rating_frequency_mean,0.0178187053063652
350,rating_conversational_mean,0.024460971476480853
350,dep_length_mean,0.01467157989714929
350,avg_word_freq_zipf,0.04237992191971296
350,avg_word_length,0.040052265670712406
351,log-prob-gpt2-xl_mean,0.012670799923315657
351,rating_gram_mean,0.024753727190036323
351,rating_frequency_mean,0.01772560382574817
351,rating_conversational_mean,0.02438808978797935
351,dep_length_mean,0.014670042973601638
351,avg_word_freq_zipf,0.04234465830916467
351,avg_word_length,0.0400187384484787
352,log-prob-gpt2-xl_mean,0.012666970507570485
352,rating_gram_mean,0.022283512708756836
352,rating_frequency_mean,0.01764550428490741
352,rating_conversational_mean,0.024386014300090464
352,dep_length_mean,0.014669309522158835
352,avg_word_freq_zipf,0.0423116067137036
352,avg_word_length,0.0400178806418211
353,log-prob-gpt2-xl_mean,0.012627719364343037
353,rating_gram_mean,0.022167506374286994
353,rating_frequency_mean,0.015847339453267884
353,rating_conversational_mean,0.024200945562500076
353,dep_length_mean,0.014640744328058841
353,avg_word_freq_zipf,0.042186864154649006
353,avg_word_length,0.03998111292574358
354,log-prob-gpt2-xl_mean,0.012576077079725634
354,rating_gram_mean,0.02215363119065017
354,rating_frequency_mean,0.01576991802790273
354,rating_conversational_mean,0.021105985463936272
354,dep_length_mean,0.014600675664055207
354,avg_word_freq_zipf,0.04218652640132525
354,avg_word_length,0.03988532028465486
355,log-prob-gpt2-xl_mean,0.012563286595846934
355,rating_gram_mean,0.022141018618339392
355,rating_frequency_mean,0.015769895353377472
355,rating_conversational_mean,0.021105909721713223
355,dep_length_mean,0.012331401737148195
355,avg_word_freq_zipf,0.042172187365264624
355,avg_word_length,0.039826528363589464
356,log-prob-gpt2-xl_mean,0.01254841183409161
356,rating_gram_mean,0.0221400977487064
356,rating_frequency_mean,0.01575645752951005
356,rating_conversational_mean,0.021103286050182524
356,dep_length_mean,0.012326821420456602
356,avg_word_freq_zipf,0.03838949958562288
356,avg_word_length,0.03982597099802021
357,log-prob-gpt2-xl_mean,0.01253684782334874
357,rating_gram_mean,0.022138886108452938
357,rating_frequency_mean,0.015719903953221204
357,rating_conversational_mean,0.021056948400422826
357,dep_length_mean,0.01226696744870237
357,avg_word_freq_zipf,0.038387978206567364
357,avg_word_length,0.036693564414865265
358,log-prob-gpt2-xl_mean,0.010818659175791723
358,rating_gram_mean,0.022117578191869214
358,rating_frequency_mean,0.015670656784129933
358,rating_conversational_mean,0.02105457262256827
358,dep_length_mean,0.012258995672355666
358,avg_word_freq_zipf,0.038387874110009323
358,avg_word_length,0.03666529553509634
359,log-prob-gpt2-xl_mean,0.010814332604305199
359,rating_gram_mean,0.019322436882315164
359,rating_frequency_mean,0.015534450553978174
359,rating_conversational_mean,0.021053597306564753
359,dep_length_mean,0.01224057099624376
359,avg_word_freq_zipf,0.03831226472447202
359,avg_word_length,0.03665561135429085
360,log-prob-gpt2-xl_mean,0.010775125231671234
360,rating_gram_mean,0.019203526717950004
360,rating_frequency_mean,0.013766914570910616
360,rating_conversational_mean,0.021003639439462374
360,dep_length_mean,0.012234539246175125
360,avg_word_freq_zipf,0.0382882450248464
360,avg_word_length,0.03657115464713867
361,log-prob-gpt2-xl_mean,0.010743960350301895
361,rating_gram_mean,0.01920013510202956
361,rating_frequency_mean,0.013706376328294745
361,rating_conversational_mean,0.01834139896460396
361,dep_length_mean,0.012205906126832922
361,avg_word_freq_zipf,0.038282125910383824
361,avg_word_length,0.03653032966512482
362,log-prob-gpt2-xl_mean,0.010741883608357372
362,rating_gram_mean,0.019170898841492146
362,rating_frequency_mean,0.013705132903388595
362,rating_conversational_mean,0.01832400235801135
362,dep_length_mean,0.010532069518881526
362,avg_word_freq_zipf,0.038275028777051245
362,avg_word_length,0.03644619683240058
363,log-prob-gpt2-xl_mean,0.010730089938765675
363,rating_gram_mean,0.019162719702558784
363,rating_frequency_mean,0.013704039601618478
363,rating_conversational_mean,0.01829831340523247
363,dep_length_mean,0.010492579752965914
363,avg_word_freq_zipf,0.03488264782264516
363,avg_word_length,0.03643606631881513
364,log-prob-gpt2-xl_mean,0.010708917745355206
364,rating_gram_mean,0.019155899747381744
364,rating_frequency_mean,0.013659942357365784
364,rating_conversational_mean,0.018286258255591714
364,dep_length_mean,0.010436881048426883
364,avg_word_freq_zipf,0.034880846163566015
364,avg_word_length,0.03323779679233363
365,log-prob-gpt2-xl_mean,0.009076644223458219
365,rating_gram_mean,0.0190766965357112
365,rating_frequency_mean,0.013433203997330834
365,rating_conversational_mean,0.018227361428912014
365,dep_length_mean,0.010429236621992355
365,avg_word_freq_zipf,0.03473325912762559
365,avg_word_length,0.033189629123399955
366,log-prob-gpt2-xl_mean,0.009066327522048612
366,rating_gram_mean,0.016740290451359607
366,rating_frequency_mean,0.013401662445532758
366,rating_conversational_mean,0.018195298023304107
366,dep_length_mean,0.010424291158919297
366,avg_word_freq_zipf,0.034728428120203936
366,avg_word_length,0.03318960557647488
367,log-prob-gpt2-xl_mean,0.00898965079563907
367,rating_gram_mean,0.01671801168226894
367,rating_frequency_mean,0.011919985876598371
367,rating_conversational_mean,0.018106056398250803
367,dep_length_mean,0.01042315850049269
367,avg_word_freq_zipf,0.03471717590379808
367,avg_word_length,0.03317259772467829
368,log-prob-gpt2-xl_mean,0.008888021604741558
368,rating_gram_mean,0.016717196089019004
368,rating_frequency_mean,0.011865836274830732
368,rating_conversational_mean,0.01609749739948141
368,dep_length_mean,0.010420887139905188
368,avg_word_freq_zipf,0.03471712704376728
368,avg_word_length,0.03317137367613321
369,log-prob-gpt2-xl_mean,0.008886543438805572
369,rating_gram_mean,0.016672366694354235
369,rating_frequency_mean,0.011865795373082189
369,rating_conversational_mean,0.016066073791975
369,dep_length_mean,0.008829375316237398
369,avg_word_freq_zipf,0.03468745155604369
369,avg_word_length,0.033110064473940604
370,log-prob-gpt2-xl_mean,0.00883363180069352
370,rating_gram_mean,0.016599159670786845
370,rating_frequency_mean,0.011865755819061685
370,rating_conversational_mean,0.01606450128079706
370,dep_length_mean,0.008821940725458943
370,avg_word_freq_zipf,0.030976924632029168
370,avg_word_length,0.03310938223204085
371,log-prob-gpt2-xl_mean,0.008789623260768265
371,rating_gram_mean,0.016595356987346488
371,rating_frequency_mean,0.011822380847004932
371,rating_conversational_mean,0.016064516994710898
371,dep_length_mean,0.008773444804262232
371,avg_word_freq_zipf,0.030936493858647718
371,avg_word_length,0.029594462402636967
372,log-prob-gpt2-xl_mean,0.007530569737437598
372,rating_gram_mean,0.01659228314105432
372,rating_frequency_mean,0.011759635726075635
372,rating_conversational_mean,0.016023883925932347
372,dep_length_mean,0.008773039861657783
372,avg_word_freq_zipf,0.030863167749995202
372,avg_word_length,0.0295770132447708
373,log-prob-gpt2-xl_mean,0.0075252672149532795
373,rating_gram_mean,0.014614479700984173
373,rating_frequency_mean,0.011725468840922404
373,rating_conversational_mean,0.0160068245144932
373,dep_length_mean,0.008773033823969212
373,avg_word_freq_zipf,0.03085993478850102
373,avg_word_length,0.029577002174764555
374,log-prob-gpt2-xl_mean,0.007411765662123648
374,rating_gram_mean,0.014593449535990066
374,rating_frequency_mean,0.010319814042662245
374,rating_conversational_mean,0.015847556926865458
374,dep_length_mean,0.008769624128864284
374,avg_word_freq_zipf,0.030843537531587306
374,avg_word_length,0.029543031310120815
375,log-prob-gpt2-xl_mean,0.0073543973187055744
375,rating_gram_mean,0.014581849045104622
375,rating_frequency_mean,0.010298963071076028
375,rating_conversational_mean,0.013774270041780112
375,dep_length_mean,0.008763019198067767
375,avg_word_freq_zipf,0.030841294858315327
375,avg_word_length,0.02954048448661528
376,log-prob-gpt2-xl_mean,0.00735436626115904
376,rating_gram_mean,0.014564347647639697
376,rating_frequency_mean,0.01029338344176467
376,rating_conversational_mean,0.01375898698759248
376,dep_length_mean,0.007283627645067403
376,avg_word_freq_zipf,0.03082590376299632
376,avg_word_length,0.029504371115091632
377,log-prob-gpt2-xl_mean,0.0072475352558303285
377,rating_gram_mean,0.014561147750885906
377,rating_frequency_mean,0.01029027716531461
377,rating_conversational_mean,0.0137513167066029
377,dep_length_mean,0.007277841708789312
377,avg_word_freq_zipf,0.027485862990166976
377,avg_word_length,0.02938386304612961
378,log-prob-gpt2-xl_mean,0.007218511430943986
378,rating_gram_mean,0.014558916376684494
378,rating_frequency_mean,0.010212181424025801
378,rating_conversational_mean,0.01373810489176508
378,dep_length_mean,0.007264910386823642
378,avg_word_freq_zipf,0.027451199539659465
378,avg_word_length,0.026336566516332205
379,log-prob-gpt2-xl_mean,0.006115350446018408
379,rating_gram_mean,0.014557057508505888
379,rating_frequency_mean,0.010101853256118343
379,rating_conversational_mean,0.013666060698444005
379,dep_length_mean,0.007263278448189636
379,avg_word_freq_zipf,0.02725727292411717
379,avg_word_length,0.026291403214279363
380,log-prob-gpt2-xl_mean,0.006115172958508164
380,rating_gram_mean,0.012794852701956905
380,rating_frequency_mean,0.010101277478137605
380,rating_conversational_mean,0.013662914194389697
380,dep_length_mean,0.007243748083457069
380,avg_word_freq_zipf,0.027221670447532098
380,avg_word_length,0.02627968881888043
381,log-prob-gpt2-xl_mean,0.006043122550520974
381,rating_gram_mean,0.012784847911993635
381,rating_frequency_mean,0.008907804277123565
381,rating_conversational_mean,0.013589257394868048
381,dep_length_mean,0.007242916431505431
381,avg_word_freq_zipf,0.027213827172970717
381,avg_word_length,0.026219778152696382
382,log-prob-gpt2-xl_mean,0.006011009816537016
382,rating_gram_mean,0.012784831663943952
382,rating_frequency_mean,0.00888298181045355
382,rating_conversational_mean,0.011959708870801555
382,dep_length_mean,0.00722789647013633
382,avg_word_freq_zipf,0.027206166126982234
382,avg_word_length,0.026217739809959784
383,log-prob-gpt2-xl_mean,0.00600964135353288
383,rating_gram_mean,0.012784487155295121
383,rating_frequency_mean,0.00888026681748677
383,rating_conversational_mean,0.0119556029089265
383,dep_length_mean,0.0060085726175949095
383,avg_word_freq_zipf,0.027195324036595636
383,avg_word_length,0.026197662236374986
384,log-prob-gpt2-xl_mean,0.0059295433183024215
384,rating_gram_mean,0.012742519372091587
384,rating_frequency_mean,0.008877473345425213
384,rating_conversational_mean,0.011920775177700738
384,dep_length_mean,0.006001846709861147
384,avg_word_freq_zipf,0.02407543060464512
384,avg_word_length,0.026179379128779323
385,log-prob-gpt2-xl_mean,0.005896954617576666
385,rating_gram_mean,0.012739052334371115
385,rating_frequency_mean,0.008830413503505441
385,rating_conversational_mean,0.011907337338492918
385,dep_length_mean,0.006000878813823829
385,avg_word_freq_zipf,0.024024224399039618
385,avg_word_length,0.023607497977525038
386,log-prob-gpt2-xl_mean,0.0049056001588890785
386,rating_gram_mean,0.012735601065730018
386,rating_frequency_mean,0.008723567307777569
386,rating_conversational_mean,0.011864128603599755
386,dep_length_mean,0.0060007467423198735
386,avg_word_freq_zipf,0.02393425252811443
386,avg_word_length,0.023593441549387584
387,log-prob-gpt2-xl_mean,0.004905039674987122
387,rating_gram_mean,0.011286249905679724
387,rating_frequency_mean,0.008722385648190722
387,rating_conversational_mean,0.011863559422286563
387,dep_length_mean,0.006000447484159066
387,avg_word_freq_zipf,0.023879645959628548
387,avg_word_length,0.023585203901701268
388,log-prob-gpt2-xl_mean,0.004850824028185707
388,rating_gram_mean,0.011285530458044701
388,rating_frequency_mean,0.007602472554146145
388,rating_conversational_mean,0.011837233950151349
388,dep_length_mean,0.005998766786727283
388,avg_word_freq_zipf,0.023872938304251412
388,avg_word_length,0.02350933221851581
389,log-prob-gpt2-xl_mean,0.0048411504450495135
389,rating_gram_mean,0.011281051878635817
389,rating_frequency_mean,0.007568994372162741
389,rating_conversational_mean,0.010217261094452201
389,dep_length_mean,0.005997077276479468
389,avg_word_freq_zipf,0.023845049087494297
389,avg_word_length,0.023497226823643858
390,log-prob-gpt2-xl_mean,0.004841066540400729
390,rating_gram_mean,0.011275100070080812
390,rating_frequency_mean,0.007568987042281372
390,rating_conversational_mean,0.010217319301845551
390,dep_length_mean,0.0050331851305776
390,avg_word_freq_zipf,0.023819860556077765
390,avg_word_length,0.023470422428698456
391,log-prob-gpt2-xl_mean,0.004804527224775423
391,rating_gram_mean,0.011275035852207016
391,rating_frequency_mean,0.007567649480443195
391,rating_conversational_mean,0.010205416426127156
391,dep_length_mean,0.0050283687466630145
391,avg_word_freq_zipf,0.020827424520107995
391,avg_word_length,0.023425829706365753
392,log-prob-gpt2-xl_mean,0.004778841098473374
392,rating_gram_mean,0.01127470134019981
392,rating_frequency_mean,0.007562463678829623
392,rating_conversational_mean,0.01020361648095447
392,dep_length_mean,0.005016924910558496
392,avg_word_freq_zipf,0.020775049011991786
392,avg_word_length,0.02117375167349822
393,log-prob-gpt2-xl_mean,0.003990097484555366
393,rating_gram_mean,0.011274696658013506
393,rating_frequency_mean,0.007486560789689456
393,rating_conversational_mean,0.010180318368220753
393,dep_length_mean,0.005013567786397166
393,avg_word_freq_zipf,0.02063558463479609
393,avg_word_length,0.021157972407843895
394,log-prob-gpt2-xl_mean,0.003985560247294462
394,rating_gram_mean,0.009801230270946482
394,rating_frequency_mean,0.007483083589704509
394,rating_conversational_mean,0.010179382259409953
394,dep_length_mean,0.005013599277874703
394,avg_word_freq_zipf,0.020628845974695498
394,avg_word_length,0.02115787951927539
395,log-prob-gpt2-xl_mean,0.003954591140666097
395,rating_gram_mean,0.00978677939195105
395,rating_frequency_mean,0.006487663592657955
395,rating_conversational_mean,0.010140407787452399
395,dep_length_mean,0.005003646802650641
395,avg_word_freq_zipf,0.020619689878585534
395,avg_word_length,0.021154609104601096
396,log-prob-gpt2-xl_mean,0.003943903425024153
396,rating_gram_mean,0.009781548749268176
396,rating_frequency_mean,0.0064765912084971955
396,rating_conversational_mean,0.008640902551255825
396,dep_length_mean,0.005003576007865718
396,avg_word_freq_zipf,0.020594692671515813
396,avg_word_length,0.021154345093753024
397,log-prob-gpt2-xl_mean,0.003938312395421306
397,rating_gram_mean,0.009776621411627162
397,rating_frequency_mean,0.006468778152976751
397,rating_conversational_mean,0.00863968805083093
397,dep_length_mean,0.00422694484474917
397,avg_word_freq_zipf,0.020568055928010143
397,avg_word_length,0.021135188663203852
398,log-prob-gpt2-xl_mean,0.003881478603369848
398,rating_gram_mean,0.009774978742339235
398,rating_frequency_mean,0.0064688021725125555
398,rating_conversational_mean,0.008629393238350547
398,dep_length_mean,0.0042249672726024645
398,avg_word_freq_zipf,0.018049115322216758
398,avg_word_length,0.0211219974274226
399,log-prob-gpt2-xl_mean,0.003880648373622342
399,rating_gram_mean,0.009771741182284521
399,rating_frequency_mean,0.0064686309988927215
399,rating_conversational_mean,0.008615762006488503
399,dep_length_mean,0.004212639315702704
399,avg_word_freq_zipf,0.01800949618363068
399,avg_word_length,0.019107074807980462
400,log-prob-gpt2-xl_mean,0.003217888672288227
400,rating_gram_mean,0.009770458106025837
400,rating_frequency_mean,0.006414012198596275
400,rating_conversational_mean,0.008565013858880755
400,dep_length_mean,0.0042115378360805256
400,avg_word_freq_zipf,0.01779118093439047
400,avg_word_length,0.019105973794170783
401,log-prob-gpt2-xl_mean,0.003217548970137929
401,rating_gram_mean,0.008553528420210288
401,rating_frequency_mean,0.00641082408434912
401,rating_conversational_mean,0.008564919008703487
401,dep_length_mean,0.004209672789281527
401,avg_word_freq_zipf,0.017789802646796082
401,avg_word_length,0.019104733063355805
402,log-prob-gpt2-xl_mean,0.0031882340462576764
402,rating_gram_mean,0.008552586147984709
402,rating_frequency_mean,0.005396437737259507
402,rating_conversational_mean,0.008553344665653051
402,dep_length_mean,0.004196191417305428
402,avg_word_freq_zipf,0.017787114441688567
402,avg_word_length,0.019101835103009668
403,log-prob-gpt2-xl_mean,0.003152918306631447
403,rating_gram_mean,0.00854345272874002
403,rating_frequency_mean,0.005370555398253818
403,rating_conversational_mean,0.007202011236894679
403,dep_length_mean,0.004196176191041623
403,avg_word_freq_zipf,0.017762809114255096
403,avg_word_length,0.01909345975939636
404,log-prob-gpt2-xl_mean,0.0031518116594672074
404,rating_gram_mean,0.008541135021692958
404,rating_frequency_mean,0.005369010785567063
404,rating_conversational_mean,0.007178434675214507
404,dep_length_mean,0.003585125570089276
404,avg_word_freq_zipf,0.017743724142266548
404,avg_word_length,0.019023551343916867
405,log-prob-gpt2-xl_mean,0.0031138219328473715
405,rating_gram_mean,0.0085385858224305
405,rating_frequency_mean,0.005361961963258444
405,rating_conversational_mean,0.007161799751382425
405,dep_length_mean,0.0035750568721172327
405,avg_word_freq_zipf,0.015737868318266846
405,avg_word_length,0.019022878824636602
406,log-prob-gpt2-xl_mean,0.0031021675527130865
406,rating_gram_mean,0.008534138222832444
406,rating_frequency_mean,0.005359044046319816
406,rating_conversational_mean,0.007156268473748506
406,dep_length_mean,0.003563928374519465
406,avg_word_freq_zipf,0.015727278818770007
406,avg_word_length,0.017081153799817672
407,log-prob-gpt2-xl_mean,0.002543381708563941
407,rating_gram_mean,0.00853390409692989
407,rating_frequency_mean,0.005301600185699362
407,rating_conversational_mean,0.007123687663627698
407,dep_length_mean,0.003562695178908948
407,avg_word_freq_zipf,0.015604995467962124
407,avg_word_length,0.01707553997785627
408,log-prob-gpt2-xl_mean,0.002538574463421206
408,rating_gram_mean,0.007283107541454781
408,rating_frequency_mean,0.005292527746262876
408,rating_conversational_mean,0.0071042834383524545
408,dep_length_mean,0.0035626774979592435
408,avg_word_freq_zipf,0.015601662604738054
408,avg_word_length,0.01707005194572886
409,log-prob-gpt2-xl_mean,0.0025260641194031486
409,rating_gram_mean,0.007282472132500883
409,rating_frequency_mean,0.004543427508410081
409,rating_conversational_mean,0.00708389994686176
409,dep_length_mean,0.0035619813856243576
409,avg_word_freq_zipf,0.015591638682398323
409,avg_word_length,0.017040956458287404
410,log-prob-gpt2-xl_mean,0.002511751394908446
410,rating_gram_mean,0.0072649687589387835
410,rating_frequency_mean,0.004534730800286102
410,rating_conversational_mean,0.005880876767507925
410,dep_length_mean,0.00355497779314351
410,avg_word_freq_zipf,0.015574139227451211
410,avg_word_length,0.017022804568349148
411,log-prob-gpt2-xl_mean,0.0025114327829127703
411,rating_gram_mean,0.007264316713023855
411,rating_frequency_mean,0.004531902289181211
411,rating_conversational_mean,0.005860451661698685
411,dep_length_mean,0.0029990370305978953
411,avg_word_freq_zipf,0.015557800718465353
411,avg_word_length,0.017006150240068574
412,log-prob-gpt2-xl_mean,0.00248603110241008
412,rating_gram_mean,0.007249444751899592
412,rating_frequency_mean,0.004530404820417111
412,rating_conversational_mean,0.0058283945875321486
412,dep_length_mean,0.002993326238172056
412,avg_word_freq_zipf,0.01338464693834085
412,avg_word_length,0.017002933185863434
413,log-prob-gpt2-xl_mean,0.002478753404612122
413,rating_gram_mean,0.007238893676847713
413,rating_frequency_mean,0.0045172853732173834
413,rating_conversational_mean,0.005823444963632518
413,dep_length_mean,0.002977945428691342
413,avg_word_freq_zipf,0.013355176487063192
413,avg_word_length,0.014901710948645452
414,log-prob-gpt2-xl_mean,0.0019419998898937418
414,rating_gram_mean,0.007237247184229911
414,rating_frequency_mean,0.004486259487929911
414,rating_conversational_mean,0.005797694311872936
414,dep_length_mean,0.0029766406880469276
414,avg_word_freq_zipf,0.013269521545258622
414,avg_word_length,0.014875712218246018
415,log-prob-gpt2-xl_mean,0.0019399944060077834
415,rating_gram_mean,0.006163075410599794
415,rating_frequency_mean,0.004485537451218713
415,rating_conversational_mean,0.005791535801014658
415,dep_length_mean,0.0029710877636579536
415,avg_word_freq_zipf,0.013269464063782488
415,avg_word_length,0.014864562488304145
416,log-prob-gpt2-xl_mean,0.0019036838345719564
416,rating_gram_mean,0.0061630024568013475
416,rating_frequency_mean,0.003746966466369628
416,rating_conversational_mean,0.005791344331565029
416,dep_length_mean,0.0029667828522564887
416,avg_word_freq_zipf,0.013267125842797434
416,avg_word_length,0.014856113570821616
417,log-prob-gpt2-xl_mean,0.001887354258413687
417,rating_gram_mean,0.00615724097684478
417,rating_frequency_mean,0.00374619334912496
417,rating_conversational_mean,0.004745875912741115
417,dep_length_mean,0.0029666643116540437
417,avg_word_freq_zipf,0.013224829389658299
417,avg_word_length,0.014839117485935471
418,log-prob-gpt2-xl_mean,0.0018837585738996632
418,rating_gram_mean,0.006156335672890978
418,rating_frequency_mean,0.003745770976975149
418,rating_conversational_mean,0.004738720022973375
418,dep_length_mean,0.0024703596505218917
418,avg_word_freq_zipf,0.013177032297053137
418,avg_word_length,0.014727021291715103
419,log-prob-gpt2-xl_mean,0.001873143336598826
419,rating_gram_mean,0.00615512528202411
419,rating_frequency_mean,0.003738708733947771
419,rating_conversational_mean,0.0047121326637277194
419,dep_length_mean,0.0024641087805935546
419,avg_word_freq_zipf,0.011404992775741696
419,avg_word_length,0.014726979205585078
420,log-prob-gpt2-xl_mean,0.001872692483029792
420,rating_gram_mean,0.006155010970875119
420,rating_frequency_mean,0.0037283609868814516
420,rating_conversational_mean,0.0047117576292623475
420,dep_length_mean,0.0024442645121373063
420,avg_word_freq_zipf,0.011404986642765125
420,avg_word_length,0.012815112730378053
421,log-prob-gpt2-xl_mean,0.0015274317283388017
421,rating_gram_mean,0.006153842682017907
421,rating_frequency_mean,0.003720778163934013
421,rating_conversational_mean,0.004689420322827931
421,dep_length_mean,0.0024355177199344435
421,avg_word_freq_zipf,0.011331900443468657
421,avg_word_length,0.012815115741176664
422,log-prob-gpt2-xl_mean,0.0015266697264936235
422,rating_gram_mean,0.005181505770630368
422,rating_frequency_mean,0.003719170357049051
422,rating_conversational_mean,0.004675458828863777
422,dep_length_mean,0.0024312548167045867
422,avg_word_freq_zipf,0.011324587383634066
422,avg_word_length,0.012814758792040082
423,log-prob-gpt2-xl_mean,0.0015182501253135916
423,rating_gram_mean,0.005177817169266574
423,rating_frequency_mean,0.003116657630810371
423,rating_conversational_mean,0.0046753776183655615
423,dep_length_mean,0.0024312503119601203
423,avg_word_freq_zipf,0.011320928302560374
423,avg_word_length,0.012791735663514991
424,log-prob-gpt2-xl_mean,0.0015057651670880023
424,rating_gram_mean,0.005176745815193562
424,rating_frequency_mean,0.0031148648198817686
424,rating_conversational_mean,0.003853827538200405
424,dep_length_mean,0.002430947695376995
424,avg_word_freq_zipf,0.011294222733217452
424,avg_word_length,0.01277306907924125
425,log-prob-gpt2-xl_mean,0.0015055933012971812
425,rating_gram_mean,0.005168276986385778
425,rating_frequency_mean,0.003114487316011494
425,rating_conversational_mean,0.003852398269896362
425,dep_length_mean,0.002005510716355796
425,avg_word_freq_zipf,0.011277897845676343
425,avg_word_length,0.012705257073135634
426,log-prob-gpt2-xl_mean,0.0014885159811105497
426,rating_gram_mean,0.005168151414748023
426,rating_frequency_mean,0.003114430975502458
426,rating_conversational_mean,0.0038468186343525446
426,dep_length_mean,0.002002429116517268
426,avg_word_freq_zipf,0.00959698447150581
426,avg_word_length,0.012703663446819724
427,log-prob-gpt2-xl_mean,0.0014795303577112007
427,rating_gram_mean,0.005166754871745893
427,rating_frequency_mean,0.0031072163136228736
427,rating_conversational_mean,0.003839022998330166
427,dep_length_mean,0.0019607303823286903
427,avg_word_freq_zipf,0.009594937449166618
427,avg_word_length,0.01105036995446207
428,log-prob-gpt2-xl_mean,0.0011684873230264348
428,rating_gram_mean,0.005161502715511412
428,rating_frequency_mean,0.003095937091544654
428,rating_conversational_mean,0.0038080207614413775
428,dep_length_mean,0.0019607197114015484
428,avg_word_freq_zipf,0.009550795104981136
428,avg_word_length,0.011024702071006032
429,log-prob-gpt2-xl_mean,0.0011592995942113493
429,rating_gram_mean,0.0043483819866614315
429,rating_frequency_mean,0.003095436159642695
429,rating_conversational_mean,0.0038073641517415435
429,dep_length_mean,0.001960651640119271
429,avg_word_freq_zipf,0.00954766950818342
429,avg_word_length,0.010992571570690446
430,log-prob-gpt2-xl_mean,0.0011559313274118743
430,rating_gram_mean,0.004348256312810328
430,rating_frequency_mean,0.002564318257169851
430,rating_conversational_mean,0.003805049351354839
430,dep_length_mean,0.001960667546759054
430,avg_word_freq_zipf,0.009546246165805794
430,avg_word_length,0.010952758061734014
431,log-prob-gpt2-xl_mean,0.001148909620995342
431,rating_gram_mean,0.004347949090595549
431,rating_frequency_mean,0.002563964339845848
431,rating_conversational_mean,0.0031790798737846293
431,dep_length_mean,0.0019567573568244345
431,avg_word_freq_zipf,0.009492835233902985
431,avg_word_length,0.010952769561455411
432,log-prob-gpt2-xl_mean,0.0011449340138850461
432,rating_gram_mean,0.004342030506983896
432,rating_frequency_mean,0.00256394965543838
432,rating_conversational_mean,0.003152863475320178
432,dep_length_mean,0.0015669692467039642
432,avg_word_freq_zipf,0.00946365571131913
432,avg_word_length,0.010827967044567899
433,log-prob-gpt2-xl_mean,0.0011413618542623905
433,rating_gram_mean,0.004339667147217119
433,rating_frequency_mean,0.0025635217419882617
433,rating_conversational_mean,0.003152429624368125
433,dep_length_mean,0.0015538028185111408
433,avg_word_freq_zipf,0.008044226224332873
433,avg_word_length,0.010818860365914618
434,log-prob-gpt2-xl_mean,0.001137062504221742
434,rating_gram_mean,0.004335583957650546
434,rating_frequency_mean,0.002544001153654385
434,rating_conversational_mean,0.0031478405420721778
434,dep_length_mean,0.0015350239429224866
434,avg_word_freq_zipf,0.008039663376651185
434,avg_word_length,0.00944945315591783
