step,feature_name,r2
0,rating_imageability_mean,0.9999889666773939
0,rating_others_thoughts_mean,0.9999908708507823
0,rating_physical_mean,0.9999904755112028
0,rating_places_mean,0.9999819839378541
0,rating_valence_mean,0.9999855780352747
0,rating_arousal_mean,0.9999814032683468
0,rating_sense_mean,0.9999846046192766
1,rating_imageability_mean,0.9038417490765038
1,rating_others_thoughts_mean,0.9991222821994679
1,rating_physical_mean,0.9813610782177888
1,rating_places_mean,0.9914216193918576
1,rating_valence_mean,0.9985774375309362
1,rating_arousal_mean,0.9940845610815657
1,rating_sense_mean,0.9748640930279248
2,rating_imageability_mean,0.8915735622665202
2,rating_others_thoughts_mean,0.9355617368067909
2,rating_physical_mean,0.9801538263060232
2,rating_places_mean,0.987501791721687
2,rating_valence_mean,0.9978966939823418
2,rating_arousal_mean,0.9778149199723575
2,rating_sense_mean,0.9624690121878516
3,rating_imageability_mean,0.8750112942276095
3,rating_others_thoughts_mean,0.9078322547247988
3,rating_physical_mean,0.9336872991282512
3,rating_places_mean,0.9774561471995873
3,rating_valence_mean,0.9966656115104526
3,rating_arousal_mean,0.9766447835021321
3,rating_sense_mean,0.961451509998784
4,rating_imageability_mean,0.867981391819888
4,rating_others_thoughts_mean,0.906317814344382
4,rating_physical_mean,0.9094137115400787
4,rating_places_mean,0.881309571617265
4,rating_valence_mean,0.9957831523743524
4,rating_arousal_mean,0.9723378411509388
4,rating_sense_mean,0.9598711243667424
5,rating_imageability_mean,0.8676376632857723
5,rating_others_thoughts_mean,0.9050095425954732
5,rating_physical_mean,0.909103982138206
5,rating_places_mean,0.8808517620455778
5,rating_valence_mean,0.8434980684342089
5,rating_arousal_mean,0.9715315095404929
5,rating_sense_mean,0.9543470572067188
6,rating_imageability_mean,0.8673691264481456
6,rating_others_thoughts_mean,0.9006936124096695
6,rating_physical_mean,0.9081690135232183
6,rating_places_mean,0.8799876838785488
6,rating_valence_mean,0.8416935184168514
6,rating_arousal_mean,0.882715734081377
6,rating_sense_mean,0.9519702692901727
7,rating_imageability_mean,0.8667566358437531
7,rating_others_thoughts_mean,0.8969313254185083
7,rating_physical_mean,0.9071954559731787
7,rating_places_mean,0.8797409914020629
7,rating_valence_mean,0.839455512825466
7,rating_arousal_mean,0.8153110117861334
7,rating_sense_mean,0.9440172525941938
8,rating_imageability_mean,0.8297817322513288
8,rating_others_thoughts_mean,0.8940361952465387
8,rating_physical_mean,0.9040917806873903
8,rating_places_mean,0.8757485890166378
8,rating_valence_mean,0.8385181315504213
8,rating_arousal_mean,0.8143936102530389
8,rating_sense_mean,0.8044544500445181
9,rating_imageability_mean,0.8297345416569428
9,rating_others_thoughts_mean,0.8359477428918198
9,rating_physical_mean,0.9040806918240204
9,rating_places_mean,0.8749135100607637
9,rating_valence_mean,0.8384939200858175
9,rating_arousal_mean,0.812989743233601
9,rating_sense_mean,0.7915414954580787
10,rating_imageability_mean,0.8233927094080794
10,rating_others_thoughts_mean,0.834895344119851
10,rating_physical_mean,0.8416299563245202
10,rating_places_mean,0.8749009270719548
10,rating_valence_mean,0.8382893550300982
10,rating_arousal_mean,0.8126188724807444
10,rating_sense_mean,0.790079425820002
11,rating_imageability_mean,0.8232862377494932
11,rating_others_thoughts_mean,0.8348315352471107
11,rating_physical_mean,0.8418605069717738
11,rating_places_mean,0.8586969138476245
11,rating_valence_mean,0.8375864377891301
11,rating_arousal_mean,0.8120341758321625
11,rating_sense_mean,0.7899612950482542
12,rating_imageability_mean,0.8160717052225117
12,rating_others_thoughts_mean,0.8342065742846065
12,rating_physical_mean,0.8352891999953911
12,rating_places_mean,0.7996580233353454
12,rating_valence_mean,0.8301422339944886
12,rating_arousal_mean,0.8093020325821362
12,rating_sense_mean,0.7897729209651229
13,rating_imageability_mean,0.8123883876777467
13,rating_others_thoughts_mean,0.828277187194076
13,rating_physical_mean,0.835195418497727
13,rating_places_mean,0.7995997115030136
13,rating_valence_mean,0.8287245454259027
13,rating_arousal_mean,0.7043266196584778
13,rating_sense_mean,0.7897730604328155
14,rating_imageability_mean,0.812254205017958
14,rating_others_thoughts_mean,0.8280769489371078
14,rating_physical_mean,0.8336837270944997
14,rating_places_mean,0.7991738161548176
14,rating_valence_mean,0.8265445489215214
14,rating_arousal_mean,0.7001211143978516
14,rating_sense_mean,0.6758020137369694
15,rating_imageability_mean,0.8098059032261713
15,rating_others_thoughts_mean,0.8278408739297022
15,rating_physical_mean,0.8338137716794888
15,rating_places_mean,0.7992299859908942
15,rating_valence_mean,0.8265300521730545
15,rating_arousal_mean,0.6987031361141662
15,rating_sense_mean,0.6759925666501805
16,rating_imageability_mean,0.7711847621848095
16,rating_others_thoughts_mean,0.8170960216610166
16,rating_physical_mean,0.8323336821827279
16,rating_places_mean,0.7983247603717558
16,rating_valence_mean,0.8240484761980361
16,rating_arousal_mean,0.6974785852439969
16,rating_sense_mean,0.6639219550127011
17,rating_imageability_mean,0.7635818323445833
17,rating_others_thoughts_mean,0.8153453886953277
17,rating_physical_mean,0.8193885532412504
17,rating_places_mean,0.7967740725463079
17,rating_valence_mean,0.8239247242123636
17,rating_arousal_mean,0.6974053118831982
17,rating_sense_mean,0.6636675141060882
18,rating_imageability_mean,0.7569314669148222
18,rating_others_thoughts_mean,0.8066132952124112
18,rating_physical_mean,0.7882754152813933
18,rating_places_mean,0.7911581999380543
18,rating_valence_mean,0.8239275177198025
18,rating_arousal_mean,0.6972385556581413
18,rating_sense_mean,0.6631948325148096
19,rating_imageability_mean,0.7569313745788511
19,rating_others_thoughts_mean,0.8065731044637727
19,rating_physical_mean,0.7879678134352982
19,rating_places_mean,0.7897072462397586
19,rating_valence_mean,0.7361922871223958
19,rating_arousal_mean,0.6957296452541661
19,rating_sense_mean,0.6630297079918951
20,rating_imageability_mean,0.7565768743074796
20,rating_others_thoughts_mean,0.8048645966153423
20,rating_physical_mean,0.7879094555521484
20,rating_places_mean,0.7895901869931139
20,rating_valence_mean,0.7361516272483714
20,rating_arousal_mean,0.6830030830007228
20,rating_sense_mean,0.6628604093023829
21,rating_imageability_mean,0.7552184331388837
21,rating_others_thoughts_mean,0.7972967648273191
21,rating_physical_mean,0.7872728160440327
21,rating_places_mean,0.7892262389306124
21,rating_valence_mean,0.7348744391313276
21,rating_arousal_mean,0.615033657904656
21,rating_sense_mean,0.6543220898457014
22,rating_imageability_mean,0.7470484904133118
22,rating_others_thoughts_mean,0.7971772868364593
22,rating_physical_mean,0.7869324073816115
22,rating_places_mean,0.7887829103063078
22,rating_valence_mean,0.734871542845452
22,rating_arousal_mean,0.6141746916855907
22,rating_sense_mean,0.6477668911912591
23,rating_imageability_mean,0.7246871418068244
23,rating_others_thoughts_mean,0.7930057808192106
23,rating_physical_mean,0.7865503621918601
23,rating_places_mean,0.78798146815791
23,rating_valence_mean,0.7348126746630775
23,rating_arousal_mean,0.6140201409012536
23,rating_sense_mean,0.6337576103544059
24,rating_imageability_mean,0.7178313388262679
24,rating_others_thoughts_mean,0.7814831179994424
24,rating_physical_mean,0.7579865773106647
24,rating_places_mean,0.7820009019399299
24,rating_valence_mean,0.7345797496351221
24,rating_arousal_mean,0.6139110250149833
24,rating_sense_mean,0.6208301003157755
25,rating_imageability_mean,0.7176537982621747
25,rating_others_thoughts_mean,0.7813982683870142
25,rating_physical_mean,0.7570722013923011
25,rating_places_mean,0.7787807682855388
25,rating_valence_mean,0.7344747638383707
25,rating_arousal_mean,0.6139054316573618
25,rating_sense_mean,0.6208417855578195
26,rating_imageability_mean,0.7166959283771155
26,rating_others_thoughts_mean,0.7811078499964188
26,rating_physical_mean,0.7569394758333372
26,rating_places_mean,0.7277714956927035
26,rating_valence_mean,0.7163467750767545
26,rating_arousal_mean,0.6138462416607234
26,rating_sense_mean,0.6202310254100862
27,rating_imageability_mean,0.7149947012532287
27,rating_others_thoughts_mean,0.7734503663737694
27,rating_physical_mean,0.7568891367597179
27,rating_places_mean,0.7275967142676321
27,rating_valence_mean,0.7138845635202954
27,rating_arousal_mean,0.559631165093923
27,rating_sense_mean,0.6200436770404012
28,rating_imageability_mean,0.7149940292922328
28,rating_others_thoughts_mean,0.772022036261867
28,rating_physical_mean,0.7563704707701875
28,rating_places_mean,0.727436755461018
28,rating_valence_mean,0.7126204546837056
28,rating_arousal_mean,0.5596680109127006
28,rating_sense_mean,0.5560703575325256
29,rating_imageability_mean,0.7132128185676329
29,rating_others_thoughts_mean,0.7708237578393049
29,rating_physical_mean,0.7565760298805355
29,rating_places_mean,0.7267434977103187
29,rating_valence_mean,0.711537089042519
29,rating_arousal_mean,0.5577612398132019
29,rating_sense_mean,0.530142808642474
30,rating_imageability_mean,0.7132230073742101
30,rating_others_thoughts_mean,0.7695660432514304
30,rating_physical_mean,0.7564571271223027
30,rating_places_mean,0.7267557821729976
30,rating_valence_mean,0.7115196796871911
30,rating_arousal_mean,0.5575549332284517
30,rating_sense_mean,0.5283717694232186
31,rating_imageability_mean,0.6901378936257268
31,rating_others_thoughts_mean,0.7590979876460398
31,rating_physical_mean,0.7422173762978628
31,rating_places_mean,0.7239321263880616
31,rating_valence_mean,0.7115189045819245
31,rating_arousal_mean,0.5574799648573743
31,rating_sense_mean,0.5275391459977483
32,rating_imageability_mean,0.6880148567440472
32,rating_others_thoughts_mean,0.7581631562655042
32,rating_physical_mean,0.7416899156703264
32,rating_places_mean,0.694658674324061
32,rating_valence_mean,0.693705649576793
32,rating_arousal_mean,0.5558069205556208
32,rating_sense_mean,0.526305828713401
33,rating_imageability_mean,0.6878762081506616
33,rating_others_thoughts_mean,0.7581410685851926
33,rating_physical_mean,0.7416051560368551
33,rating_places_mean,0.6893760410018487
33,rating_valence_mean,0.6882461618518692
33,rating_arousal_mean,0.555480881575414
33,rating_sense_mean,0.5261844048772338
34,rating_imageability_mean,0.6810278957821321
34,rating_others_thoughts_mean,0.733457041984082
34,rating_physical_mean,0.7412932035059796
34,rating_places_mean,0.6878877468077061
34,rating_valence_mean,0.6881213634180929
34,rating_arousal_mean,0.5334667866616049
34,rating_sense_mean,0.5250121006196442
35,rating_imageability_mean,0.6809191045025305
35,rating_others_thoughts_mean,0.7334504855204549
35,rating_physical_mean,0.7385572885204412
35,rating_places_mean,0.6869579004265025
35,rating_valence_mean,0.6877972492588078
35,rating_arousal_mean,0.5267175305667842
35,rating_sense_mean,0.47242166542143293
36,rating_imageability_mean,0.6681676773164819
36,rating_others_thoughts_mean,0.7331928328418029
36,rating_physical_mean,0.7372666608518622
36,rating_places_mean,0.6850396447003069
36,rating_valence_mean,0.6804384986435928
36,rating_arousal_mean,0.5240087701136008
36,rating_sense_mean,0.45712581280096487
37,rating_imageability_mean,0.6602864729874189
37,rating_others_thoughts_mean,0.731936944625847
37,rating_physical_mean,0.7372561425760027
37,rating_places_mean,0.6846479916422262
37,rating_valence_mean,0.6767046586796854
37,rating_arousal_mean,0.5196417129975954
37,rating_sense_mean,0.4568678957105554
38,rating_imageability_mean,0.6576725749770242
38,rating_others_thoughts_mean,0.7296167339879218
38,rating_physical_mean,0.7187244459555817
38,rating_places_mean,0.6828212701710079
38,rating_valence_mean,0.6766663077683958
38,rating_arousal_mean,0.5195751041688315
38,rating_sense_mean,0.45664699334266523
39,rating_imageability_mean,0.6556041106009659
39,rating_others_thoughts_mean,0.7273653935734119
39,rating_physical_mean,0.701518470836012
39,rating_places_mean,0.6801531316099653
39,rating_valence_mean,0.6766146916102525
39,rating_arousal_mean,0.5195267256818971
39,rating_sense_mean,0.45591931074058967
40,rating_imageability_mean,0.6555668088213916
40,rating_others_thoughts_mean,0.7272316189265076
40,rating_physical_mean,0.7014930203273205
40,rating_places_mean,0.6744829107222041
40,rating_valence_mean,0.6214677649469318
40,rating_arousal_mean,0.5194562854644165
40,rating_sense_mean,0.4559092611926654
41,rating_imageability_mean,0.6537383670342138
41,rating_others_thoughts_mean,0.7188002190901377
41,rating_physical_mean,0.7014712761836441
41,rating_places_mean,0.6742451381218993
41,rating_valence_mean,0.6216086995756087
41,rating_arousal_mean,0.4741172180956451
41,rating_sense_mean,0.45556281687747424
42,rating_imageability_mean,0.6532442493661377
42,rating_others_thoughts_mean,0.7165157103162202
42,rating_physical_mean,0.7011098840077585
42,rating_places_mean,0.6726095185290584
42,rating_valence_mean,0.6095746392615287
42,rating_arousal_mean,0.4700381154050758
42,rating_sense_mean,0.44228594180088465
43,rating_imageability_mean,0.6510353128362358
43,rating_others_thoughts_mean,0.7141503901446191
43,rating_physical_mean,0.6992000433520031
43,rating_places_mean,0.6725514058790976
43,rating_valence_mean,0.6083219742522027
43,rating_arousal_mean,0.4700344176935263
43,rating_sense_mean,0.39157195705857006
44,rating_imageability_mean,0.6507357495058317
44,rating_others_thoughts_mean,0.6870896546005836
44,rating_physical_mean,0.6991196454870081
44,rating_places_mean,0.672548918054592
44,rating_valence_mean,0.6083223389517118
44,rating_arousal_mean,0.46971045301928627
44,rating_sense_mean,0.3915605650250378
45,rating_imageability_mean,0.6478760782998287
45,rating_others_thoughts_mean,0.6860289919360396
45,rating_physical_mean,0.6882816211372331
45,rating_places_mean,0.670741710882501
45,rating_valence_mean,0.6079014673936151
45,rating_arousal_mean,0.469644885669419
45,rating_sense_mean,0.3915640918253742
46,rating_imageability_mean,0.6382138057659357
46,rating_others_thoughts_mean,0.6835042778965851
46,rating_physical_mean,0.6642965326950818
46,rating_places_mean,0.6651723970830576
46,rating_valence_mean,0.6074906213767908
46,rating_arousal_mean,0.46963624630799905
46,rating_sense_mean,0.3915193706016472
47,rating_imageability_mean,0.6382821520401396
47,rating_others_thoughts_mean,0.6835029090275025
47,rating_physical_mean,0.6643027069746046
47,rating_places_mean,0.6651224431612686
47,rating_valence_mean,0.6053957432550583
47,rating_arousal_mean,0.4696354964457382
47,rating_sense_mean,0.39150615017199997
48,rating_imageability_mean,0.6371474462548948
48,rating_others_thoughts_mean,0.6804126000200026
48,rating_physical_mean,0.6643010308008241
48,rating_places_mean,0.6649862175909247
48,rating_valence_mean,0.6054010043877871
48,rating_arousal_mean,0.43373822243584004
48,rating_sense_mean,0.38853156510598974
49,rating_imageability_mean,0.6366140235206827
49,rating_others_thoughts_mean,0.6800541883159383
49,rating_physical_mean,0.6642655780657225
49,rating_places_mean,0.6649596502826218
49,rating_valence_mean,0.6041155711605619
49,rating_arousal_mean,0.42895418244277816
49,rating_sense_mean,0.3869363825919998
50,rating_imageability_mean,0.6316067956657503
50,rating_others_thoughts_mean,0.6800121682791834
50,rating_physical_mean,0.6629195913721122
50,rating_places_mean,0.6649171190161633
50,rating_valence_mean,0.5533532506049246
50,rating_arousal_mean,0.42894444420794
50,rating_sense_mean,0.38157602891958053
51,rating_imageability_mean,0.6302372962489446
51,rating_others_thoughts_mean,0.6553109140891891
51,rating_physical_mean,0.662448440671039
51,rating_places_mean,0.6646999350296294
51,rating_valence_mean,0.5533513831126711
51,rating_arousal_mean,0.4255136876697332
51,rating_sense_mean,0.37120682424286167
52,rating_imageability_mean,0.6304537133585545
52,rating_others_thoughts_mean,0.6513384468296527
52,rating_physical_mean,0.6615137067034452
52,rating_places_mean,0.6647269156851032
52,rating_valence_mean,0.5533181945577705
52,rating_arousal_mean,0.4250519463125433
52,rating_sense_mean,0.3702360298123548
53,rating_imageability_mean,0.6224589313251694
53,rating_others_thoughts_mean,0.6500871559034664
53,rating_physical_mean,0.6441795002516714
53,rating_places_mean,0.6270980536035331
53,rating_valence_mean,0.5529382274687522
53,rating_arousal_mean,0.42505171574112066
53,rating_sense_mean,0.3684252600501775
54,rating_imageability_mean,0.6219707516362808
54,rating_others_thoughts_mean,0.6498521096807225
54,rating_physical_mean,0.6441424980407363
54,rating_places_mean,0.6259785388602229
54,rating_valence_mean,0.5190815948694489
54,rating_arousal_mean,0.4248297903773728
54,rating_sense_mean,0.3675024470115864
55,rating_imageability_mean,0.6219826332333831
55,rating_others_thoughts_mean,0.6496050921372365
55,rating_physical_mean,0.6440984430190355
55,rating_places_mean,0.6258185513755455
55,rating_valence_mean,0.5102758648285806
55,rating_arousal_mean,0.42348035763137704
55,rating_sense_mean,0.3675079604379047
56,rating_imageability_mean,0.6200842784454417
56,rating_others_thoughts_mean,0.64738313377012
56,rating_physical_mean,0.6413088670732359
56,rating_places_mean,0.624903858358714
56,rating_valence_mean,0.5101495615601686
56,rating_arousal_mean,0.4000188646207513
56,rating_sense_mean,0.3434547271567777
57,rating_imageability_mean,0.606114614656448
57,rating_others_thoughts_mean,0.6473549595332873
57,rating_physical_mean,0.6317334713989375
57,rating_places_mean,0.624211717123452
57,rating_valence_mean,0.508081955036541
57,rating_arousal_mean,0.39980986473420765
57,rating_sense_mean,0.34329883390164573
58,rating_imageability_mean,0.601381206952996
58,rating_others_thoughts_mean,0.6452640887056174
58,rating_physical_mean,0.6287630863498638
58,rating_places_mean,0.6242688472259754
58,rating_valence_mean,0.5067454545199721
58,rating_arousal_mean,0.3976468876273873
58,rating_sense_mean,0.3429762616173969
59,rating_imageability_mean,0.5992331305042523
59,rating_others_thoughts_mean,0.6453074439384375
59,rating_physical_mean,0.6265563359612969
59,rating_places_mean,0.6239577312514866
59,rating_valence_mean,0.5066037716083249
59,rating_arousal_mean,0.3976993201327145
59,rating_sense_mean,0.34304372285520524
60,rating_imageability_mean,0.5991761856989907
60,rating_others_thoughts_mean,0.6299145232716251
60,rating_physical_mean,0.625848936243685
60,rating_places_mean,0.6175116118396979
60,rating_valence_mean,0.505557540917528
60,rating_arousal_mean,0.39121934307082606
60,rating_sense_mean,0.33716874777496475
61,rating_imageability_mean,0.5985958658076119
61,rating_others_thoughts_mean,0.6281396962643941
61,rating_physical_mean,0.625418211600538
61,rating_places_mean,0.6173665234461236
61,rating_valence_mean,0.47387998971818945
61,rating_arousal_mean,0.39115462931748524
61,rating_sense_mean,0.33231649091452675
62,rating_imageability_mean,0.5966845885103298
62,rating_others_thoughts_mean,0.6261279098432253
62,rating_physical_mean,0.6251234153042129
62,rating_places_mean,0.6161218040774965
62,rating_valence_mean,0.4685875127811955
62,rating_arousal_mean,0.3859156830896697
62,rating_sense_mean,0.33192315898374125
63,rating_imageability_mean,0.5942802898422921
63,rating_others_thoughts_mean,0.6261610170132095
63,rating_physical_mean,0.6250881116826923
63,rating_places_mean,0.6128276437805282
63,rating_valence_mean,0.46707277583845597
63,rating_arousal_mean,0.3699921084752271
63,rating_sense_mean,0.3265756473204201
64,rating_imageability_mean,0.5928918848446328
64,rating_others_thoughts_mean,0.62575528278402
64,rating_physical_mean,0.6250471489433316
64,rating_places_mean,0.6120314957040212
64,rating_valence_mean,0.46702862289310243
64,rating_arousal_mean,0.3693889911076784
64,rating_sense_mean,0.3260235675175239
65,rating_imageability_mean,0.5822521664181592
65,rating_others_thoughts_mean,0.618045656021545
65,rating_physical_mean,0.6242209722441101
65,rating_places_mean,0.607767524504755
65,rating_valence_mean,0.4665025478850592
65,rating_arousal_mean,0.36868233190845123
65,rating_sense_mean,0.30231328105411903
66,rating_imageability_mean,0.5690934552607172
66,rating_others_thoughts_mean,0.616282382210837
66,rating_physical_mean,0.5898982163540428
66,rating_places_mean,0.5998197998433683
66,rating_valence_mean,0.46270720806293897
66,rating_arousal_mean,0.36845989778635
66,rating_sense_mean,0.3023011156977228
67,rating_imageability_mean,0.5689122162381557
67,rating_others_thoughts_mean,0.6162056149286343
67,rating_physical_mean,0.589261565777062
67,rating_places_mean,0.5937628319220221
67,rating_valence_mean,0.4626527858615964
67,rating_arousal_mean,0.3683126341913944
67,rating_sense_mean,0.30216577775825726
68,rating_imageability_mean,0.568197514036581
68,rating_others_thoughts_mean,0.6160681705166475
68,rating_physical_mean,0.5879886502653915
68,rating_places_mean,0.5584838799352978
68,rating_valence_mean,0.4556832317161702
68,rating_arousal_mean,0.3676446976131661
68,rating_sense_mean,0.30195620060110995
69,rating_imageability_mean,0.5681189007670671
69,rating_others_thoughts_mean,0.6133073001968024
69,rating_physical_mean,0.5879802245616985
69,rating_places_mean,0.5574311945316819
69,rating_valence_mean,0.4376417226849816
69,rating_arousal_mean,0.35113621256059047
69,rating_sense_mean,0.299435584338242
70,rating_imageability_mean,0.5680870132559908
70,rating_others_thoughts_mean,0.6128670600678203
70,rating_physical_mean,0.5879798130257076
70,rating_places_mean,0.5574216232185714
70,rating_valence_mean,0.4353379654521836
70,rating_arousal_mean,0.3488931730361432
70,rating_sense_mean,0.29851711539561776
71,rating_imageability_mean,0.5423743852447509
71,rating_others_thoughts_mean,0.6125417407367189
71,rating_physical_mean,0.5825685923719492
71,rating_places_mean,0.55639088262159
71,rating_valence_mean,0.43144113219031754
71,rating_arousal_mean,0.34883753679302165
71,rating_sense_mean,0.29445789403660916
72,rating_imageability_mean,0.5415602856657231
72,rating_others_thoughts_mean,0.5950970483262509
72,rating_physical_mean,0.582449279685308
72,rating_places_mean,0.5563239352268132
72,rating_valence_mean,0.4280269875564746
72,rating_arousal_mean,0.33654156191645923
72,rating_sense_mean,0.28731012105761355
73,rating_imageability_mean,0.5402399433064411
73,rating_others_thoughts_mean,0.5951711910680435
73,rating_physical_mean,0.5806713424058139
73,rating_places_mean,0.5559455014385662
73,rating_valence_mean,0.4276784713672732
73,rating_arousal_mean,0.3353757195008229
73,rating_sense_mean,0.2868144752695949
74,rating_imageability_mean,0.528825968967795
74,rating_others_thoughts_mean,0.5903531212108276
74,rating_physical_mean,0.5460613165517523
74,rating_places_mean,0.5460657971973639
74,rating_valence_mean,0.427313259553627
74,rating_arousal_mean,0.33495538728750984
74,rating_sense_mean,0.28680223889220713
75,rating_imageability_mean,0.5280188416192632
75,rating_others_thoughts_mean,0.5890882650908194
75,rating_physical_mean,0.544570782252191
75,rating_places_mean,0.5459361546544765
75,rating_valence_mean,0.39479826337385104
75,rating_arousal_mean,0.33399436597957277
75,rating_sense_mean,0.2828157776792307
76,rating_imageability_mean,0.5279829367842437
76,rating_others_thoughts_mean,0.589106208831701
76,rating_physical_mean,0.5443902708515115
76,rating_places_mean,0.5459193364927137
76,rating_valence_mean,0.39041665424763483
76,rating_arousal_mean,0.33328230840347417
76,rating_sense_mean,0.2820798205176085
77,rating_imageability_mean,0.5278927312549261
77,rating_others_thoughts_mean,0.588064509293174
77,rating_physical_mean,0.5442957511858051
77,rating_places_mean,0.545759435636398
77,rating_valence_mean,0.39041461046337345
77,rating_arousal_mean,0.3325141144044831
77,rating_sense_mean,0.25630696047809176
78,rating_imageability_mean,0.5162793046030902
78,rating_others_thoughts_mean,0.5869769376420805
78,rating_physical_mean,0.5403291360807381
78,rating_places_mean,0.5440587235875105
78,rating_valence_mean,0.3888869459647962
78,rating_arousal_mean,0.3258855183719922
78,rating_sense_mean,0.25588693068269286
79,rating_imageability_mean,0.5071557602657359
79,rating_others_thoughts_mean,0.5857032710515817
79,rating_physical_mean,0.5375341849212876
79,rating_places_mean,0.5427064612423445
79,rating_valence_mean,0.3876361902577573
79,rating_arousal_mean,0.31952082200675513
79,rating_sense_mean,0.25291791775319483
80,rating_imageability_mean,0.5051667399478157
80,rating_others_thoughts_mean,0.5857331934327837
80,rating_physical_mean,0.5364564659613404
80,rating_places_mean,0.542163992097259
80,rating_valence_mean,0.38748122411012775
80,rating_arousal_mean,0.31936994558875376
80,rating_sense_mean,0.2511896258679611
81,rating_imageability_mean,0.49648136332633463
81,rating_others_thoughts_mean,0.5799415147224214
81,rating_physical_mean,0.5230087968766162
81,rating_places_mean,0.514360668538945
81,rating_valence_mean,0.38728008943460057
81,rating_arousal_mean,0.31126500708310856
81,rating_sense_mean,0.25085254474102303
82,rating_imageability_mean,0.4963282405892099
82,rating_others_thoughts_mean,0.5797967065751621
82,rating_physical_mean,0.5229937814702865
82,rating_places_mean,0.5116313889602415
82,rating_valence_mean,0.35265284541104414
82,rating_arousal_mean,0.31113951525699013
82,rating_sense_mean,0.2508213379090687
83,rating_imageability_mean,0.49632922822924563
83,rating_others_thoughts_mean,0.5794127572989917
83,rating_physical_mean,0.522996835640871
83,rating_places_mean,0.5108428873328046
83,rating_valence_mean,0.3515163840159795
83,rating_arousal_mean,0.30900001452973236
83,rating_sense_mean,0.2507919612393169
84,rating_imageability_mean,0.49614421465287173
84,rating_others_thoughts_mean,0.5737118265137702
84,rating_physical_mean,0.5226708912436735
84,rating_places_mean,0.507564966329022
84,rating_valence_mean,0.35107152844142453
84,rating_arousal_mean,0.2864473043956334
84,rating_sense_mean,0.24437756899450258
85,rating_imageability_mean,0.4845961112300414
85,rating_others_thoughts_mean,0.5720315247410581
85,rating_physical_mean,0.5171059906488588
85,rating_places_mean,0.5075661713786458
85,rating_valence_mean,0.348735966196839
85,rating_arousal_mean,0.2858000264701913
85,rating_sense_mean,0.22840544354600467
86,rating_imageability_mean,0.4843349353518335
86,rating_others_thoughts_mean,0.5711072730294973
86,rating_physical_mean,0.5171473172409733
86,rating_places_mean,0.5075323662753433
86,rating_valence_mean,0.34868070275452645
86,rating_arousal_mean,0.28588822532436897
86,rating_sense_mean,0.22790876173308738
87,rating_imageability_mean,0.48230002298087393
87,rating_others_thoughts_mean,0.5593162978007702
87,rating_physical_mean,0.5108873907023938
87,rating_places_mean,0.5062207968462156
87,rating_valence_mean,0.3486445196812964
87,rating_arousal_mean,0.2852911602490371
87,rating_sense_mean,0.22765262961255484
88,rating_imageability_mean,0.4804555748013153
88,rating_others_thoughts_mean,0.5487689195678391
88,rating_physical_mean,0.5043700692385285
88,rating_places_mean,0.5036495262825793
88,rating_valence_mean,0.3486433570018044
88,rating_arousal_mean,0.2851396635424711
88,rating_sense_mean,0.22700662584668918
89,rating_imageability_mean,0.4763254950418304
89,rating_others_thoughts_mean,0.5472877070387075
89,rating_physical_mean,0.5000823861212548
89,rating_places_mean,0.5027992831149124
89,rating_valence_mean,0.3273643470156564
89,rating_arousal_mean,0.28400316822515304
89,rating_sense_mean,0.22700068034020526
90,rating_imageability_mean,0.4746600372743609
90,rating_others_thoughts_mean,0.5466261419743358
90,rating_physical_mean,0.49828762452519293
90,rating_places_mean,0.5025289821967466
90,rating_valence_mean,0.32338894902004134
90,rating_arousal_mean,0.2830240531341953
90,rating_sense_mean,0.22698240727804353
91,rating_imageability_mean,0.4720716361741514
91,rating_others_thoughts_mean,0.546315206143438
91,rating_physical_mean,0.4920048416143872
91,rating_places_mean,0.5013577316442153
91,rating_valence_mean,0.31697610525607656
91,rating_arousal_mean,0.2792935286101518
91,rating_sense_mean,0.2149908956366906
92,rating_imageability_mean,0.45024771630671045
92,rating_others_thoughts_mean,0.5457120079828696
92,rating_physical_mean,0.48056830345463464
92,rating_places_mean,0.49231308882326075
92,rating_valence_mean,0.31696725720685615
92,rating_arousal_mean,0.2774071750084035
92,rating_sense_mean,0.21034437565359132
93,rating_imageability_mean,0.4474139739210081
93,rating_others_thoughts_mean,0.544955501186478
93,rating_physical_mean,0.47957082188738676
93,rating_places_mean,0.49183467814500326
93,rating_valence_mean,0.31696627407103983
93,rating_arousal_mean,0.2764752371029965
93,rating_sense_mean,0.20885188352189432
94,rating_imageability_mean,0.4439624936603749
94,rating_others_thoughts_mean,0.5253826525895899
94,rating_physical_mean,0.46577265650127153
94,rating_places_mean,0.48087516009540376
94,rating_valence_mean,0.316966051652087
94,rating_arousal_mean,0.26657039620829104
94,rating_sense_mean,0.2062484624659945
95,rating_imageability_mean,0.4437901057922997
95,rating_others_thoughts_mean,0.524976606781174
95,rating_physical_mean,0.46517967678436256
95,rating_places_mean,0.4797855384577622
95,rating_valence_mean,0.31696593698957143
95,rating_arousal_mean,0.2662987592105833
95,rating_sense_mean,0.2062112498880243
96,rating_imageability_mean,0.4419427022005201
96,rating_others_thoughts_mean,0.524252776843382
96,rating_physical_mean,0.4645347295690372
96,rating_places_mean,0.4782329554080641
96,rating_valence_mean,0.2907072277040056
96,rating_arousal_mean,0.2662503039720615
96,rating_sense_mean,0.20613924285532914
97,rating_imageability_mean,0.44126761090409705
97,rating_others_thoughts_mean,0.5234335641922321
97,rating_physical_mean,0.4639653997086052
97,rating_places_mean,0.47828551514255147
97,rating_valence_mean,0.2878778496241583
97,rating_arousal_mean,0.2603300485546851
97,rating_sense_mean,0.20585811419958655
98,rating_imageability_mean,0.4408422572244942
98,rating_others_thoughts_mean,0.5218942872860511
98,rating_physical_mean,0.46291090559162185
98,rating_places_mean,0.47772347425699746
98,rating_valence_mean,0.2876316411019768
98,rating_arousal_mean,0.24029659962322658
98,rating_sense_mean,0.20419942543554603
99,rating_imageability_mean,0.4271152380355743
99,rating_others_thoughts_mean,0.5215757563271436
99,rating_physical_mean,0.4498260465625562
99,rating_places_mean,0.4467452506025835
99,rating_valence_mean,0.2875724631808506
99,rating_arousal_mean,0.23993748702695594
99,rating_sense_mean,0.2021201285017824
100,rating_imageability_mean,0.4260175229764389
100,rating_others_thoughts_mean,0.5051186230214502
100,rating_physical_mean,0.44896108736082485
100,rating_places_mean,0.4463002588401114
100,rating_valence_mean,0.2874540276621489
100,rating_arousal_mean,0.238970371626542
100,rating_sense_mean,0.20030031306082619
101,rating_imageability_mean,0.42424392145067047
101,rating_others_thoughts_mean,0.49507456976355224
101,rating_physical_mean,0.44692062632186325
101,rating_places_mean,0.445179192416824
101,rating_valence_mean,0.28734688363645056
101,rating_arousal_mean,0.2384134391850501
101,rating_sense_mean,0.19948515879629203
102,rating_imageability_mean,0.4240151930658854
102,rating_others_thoughts_mean,0.493189366841272
102,rating_physical_mean,0.44511201261250133
102,rating_places_mean,0.4109736388076626
102,rating_valence_mean,0.28724914929610224
102,rating_arousal_mean,0.23841157391777734
102,rating_sense_mean,0.1993366675986662
103,rating_imageability_mean,0.42402627724027475
103,rating_others_thoughts_mean,0.4925567094921207
103,rating_physical_mean,0.44470703312427196
103,rating_places_mean,0.4061933440948928
103,rating_valence_mean,0.2865217095003624
103,rating_arousal_mean,0.2384029358878823
103,rating_sense_mean,0.1992270840831435
104,rating_imageability_mean,0.4230561532640803
104,rating_others_thoughts_mean,0.48965779289711364
104,rating_physical_mean,0.44365318702502765
104,rating_places_mean,0.40590719911748685
104,rating_valence_mean,0.2741711784193277
104,rating_arousal_mean,0.22694026623639818
104,rating_sense_mean,0.19907636054977484
105,rating_imageability_mean,0.422618868985998
105,rating_others_thoughts_mean,0.4896501545600723
105,rating_physical_mean,0.44269783064285695
105,rating_places_mean,0.4055565997869708
105,rating_valence_mean,0.27000019473860826
105,rating_arousal_mean,0.2259554591743208
105,rating_sense_mean,0.18671697062010895
106,rating_imageability_mean,0.4210382530785505
106,rating_others_thoughts_mean,0.48966997202204765
106,rating_physical_mean,0.43975707053588076
106,rating_places_mean,0.40495438015976015
106,rating_valence_mean,0.2695867157195395
106,rating_arousal_mean,0.2258123783604974
106,rating_sense_mean,0.18210236823456405
107,rating_imageability_mean,0.4064803166873201
107,rating_others_thoughts_mean,0.4831088449594281
107,rating_physical_mean,0.4312560284692629
107,rating_places_mean,0.403140045532009
107,rating_valence_mean,0.2678420253451621
107,rating_arousal_mean,0.21653592221325335
107,rating_sense_mean,0.18141543492379641
108,rating_imageability_mean,0.4045700856515383
108,rating_others_thoughts_mean,0.48330113781306416
108,rating_physical_mean,0.42824603553684615
108,rating_places_mean,0.4025646546171556
108,rating_valence_mean,0.2678886403121784
108,rating_arousal_mean,0.21668028744492907
108,rating_sense_mean,0.18149615964998733
109,rating_imageability_mean,0.39670711383146584
109,rating_others_thoughts_mean,0.4773449526961483
109,rating_physical_mean,0.4063395617887112
109,rating_places_mean,0.3953550510426943
109,rating_valence_mean,0.26652717771034107
109,rating_arousal_mean,0.21355050433516654
109,rating_sense_mean,0.1779898473192384
110,rating_imageability_mean,0.3966795409635867
110,rating_others_thoughts_mean,0.4765492633308128
110,rating_physical_mean,0.406350795870535
110,rating_places_mean,0.39533579627000837
110,rating_valence_mean,0.25870034262571395
110,rating_arousal_mean,0.21340367270783345
110,rating_sense_mean,0.17797459122063597
111,rating_imageability_mean,0.3966767292997093
111,rating_others_thoughts_mean,0.4747285484072543
111,rating_physical_mean,0.4060850667937609
111,rating_places_mean,0.3953209995363749
111,rating_valence_mean,0.24151820375277244
111,rating_arousal_mean,0.21248461288165954
111,rating_sense_mean,0.1779660265687215
112,rating_imageability_mean,0.3960632195115952
112,rating_others_thoughts_mean,0.4739774514830968
112,rating_physical_mean,0.40605498582466226
112,rating_places_mean,0.3952898561618301
112,rating_valence_mean,0.24114799766162864
112,rating_arousal_mean,0.2122848845397426
112,rating_sense_mean,0.16554314623069388
113,rating_imageability_mean,0.3953481052504696
113,rating_others_thoughts_mean,0.47370956186876234
113,rating_physical_mean,0.40607663956315465
113,rating_places_mean,0.39518570673769715
113,rating_valence_mean,0.24091222313465044
113,rating_arousal_mean,0.21222399976337225
113,rating_sense_mean,0.16090609267601386
114,rating_imageability_mean,0.3946653440712765
114,rating_others_thoughts_mean,0.45533450238159623
114,rating_physical_mean,0.40551298516254575
114,rating_places_mean,0.3927861706250495
114,rating_valence_mean,0.24086328512668265
114,rating_arousal_mean,0.20475814557628813
114,rating_sense_mean,0.16066977461665544
115,rating_imageability_mean,0.3936402225448534
115,rating_others_thoughts_mean,0.44874743143837115
115,rating_physical_mean,0.4043384082524607
115,rating_places_mean,0.3909466937162246
115,rating_valence_mean,0.24086556271581694
115,rating_arousal_mean,0.20305367481573888
115,rating_sense_mean,0.16059682240743867
116,rating_imageability_mean,0.37188264992327336
116,rating_others_thoughts_mean,0.44843523373266814
116,rating_physical_mean,0.37614428939076905
116,rating_places_mean,0.3692436873897127
116,rating_valence_mean,0.2407417298484642
116,rating_arousal_mean,0.20075133294346792
116,rating_sense_mean,0.16058053565589647
117,rating_imageability_mean,0.3716644897993866
117,rating_others_thoughts_mean,0.4483067246658696
117,rating_physical_mean,0.37606504851933686
117,rating_places_mean,0.3691167107725022
117,rating_valence_mean,0.22061513279020917
117,rating_arousal_mean,0.1999477519591959
117,rating_sense_mean,0.16055715994184794
118,rating_imageability_mean,0.37162628575608114
118,rating_others_thoughts_mean,0.44831316341318317
118,rating_physical_mean,0.37606492063162267
118,rating_places_mean,0.36903807206585815
118,rating_valence_mean,0.21995351432579346
118,rating_arousal_mean,0.1994307736750227
118,rating_sense_mean,0.1605595918784537
119,rating_imageability_mean,0.3709869800715807
119,rating_others_thoughts_mean,0.44747317083802174
119,rating_physical_mean,0.3758355412101164
119,rating_places_mean,0.3684467792593836
119,rating_valence_mean,0.21770786374514606
119,rating_arousal_mean,0.19175243730770375
119,rating_sense_mean,0.15343472382872836
120,rating_imageability_mean,0.3651791342167193
120,rating_others_thoughts_mean,0.4470291670011163
120,rating_physical_mean,0.37485835960929115
120,rating_places_mean,0.36785733777191076
120,rating_valence_mean,0.2176543964604335
120,rating_arousal_mean,0.19064203665441315
120,rating_sense_mean,0.15227880873580268
121,rating_imageability_mean,0.35573270742136487
121,rating_others_thoughts_mean,0.44560941282030775
121,rating_physical_mean,0.3734726381578748
121,rating_places_mean,0.3672205683694151
121,rating_valence_mean,0.2176116123509474
121,rating_arousal_mean,0.18662614609879913
121,rating_sense_mean,0.1504698579199445
122,rating_imageability_mean,0.3533970873329674
122,rating_others_thoughts_mean,0.4449275585561785
122,rating_physical_mean,0.3695705667116157
122,rating_places_mean,0.3662988564108295
122,rating_valence_mean,0.21759489535718735
122,rating_arousal_mean,0.1866508706384148
122,rating_sense_mean,0.15031267409016313
123,rating_imageability_mean,0.3426278714874501
123,rating_others_thoughts_mean,0.4390609438496603
123,rating_physical_mean,0.3466134309256642
123,rating_places_mean,0.3592280084215965
123,rating_valence_mean,0.21759506911440452
123,rating_arousal_mean,0.1844141683826679
123,rating_sense_mean,0.14928271458979414
124,rating_imageability_mean,0.34243794960378615
124,rating_others_thoughts_mean,0.4387565195873431
124,rating_physical_mean,0.34591715641540766
124,rating_places_mean,0.3588415072790817
124,rating_valence_mean,0.19879622185794998
124,rating_arousal_mean,0.18426546258395116
124,rating_sense_mean,0.1492289675235985
125,rating_imageability_mean,0.3424315974403914
125,rating_others_thoughts_mean,0.43878528552025475
125,rating_physical_mean,0.34562484640565616
125,rating_places_mean,0.3588494134392276
125,rating_valence_mean,0.19783177596015245
125,rating_arousal_mean,0.18334935645381711
125,rating_sense_mean,0.14912626323666323
126,rating_imageability_mean,0.34242605429602613
126,rating_others_thoughts_mean,0.4358675000802126
126,rating_physical_mean,0.34402352508627676
126,rating_places_mean,0.3586871292871331
126,rating_valence_mean,0.1970442984019034
126,rating_arousal_mean,0.16959879293973223
126,rating_sense_mean,0.14671408577683476
127,rating_imageability_mean,0.3185755244888484
127,rating_others_thoughts_mean,0.4358677639613472
127,rating_physical_mean,0.3331603089250661
127,rating_places_mean,0.35000688139886216
127,rating_valence_mean,0.1968456107557116
127,rating_arousal_mean,0.1690953817172952
127,rating_sense_mean,0.146628984438816
128,rating_imageability_mean,0.3178471178199752
128,rating_others_thoughts_mean,0.41333862011218314
128,rating_physical_mean,0.3294580349127717
128,rating_places_mean,0.3478348051044986
128,rating_valence_mean,0.19682521861244695
128,rating_arousal_mean,0.16641784988049924
128,rating_sense_mean,0.1465987762323936
129,rating_imageability_mean,0.317706507253805
129,rating_others_thoughts_mean,0.4095900901210402
129,rating_physical_mean,0.32848141570367106
129,rating_places_mean,0.3474349797147185
129,rating_valence_mean,0.19681719176064116
129,rating_arousal_mean,0.16595933282790254
129,rating_sense_mean,0.14660069840413514
130,rating_imageability_mean,0.3143093882998921
130,rating_others_thoughts_mean,0.40921543714721664
130,rating_physical_mean,0.3224175277576202
130,rating_places_mean,0.3128869523238834
130,rating_valence_mean,0.19679901065074323
130,rating_arousal_mean,0.16582213473758356
130,rating_sense_mean,0.14649070820271248
131,rating_imageability_mean,0.31413511148989215
131,rating_others_thoughts_mean,0.4079721812788236
131,rating_physical_mean,0.32129055786820704
131,rating_places_mean,0.3076567360616792
131,rating_valence_mean,0.19626424022076783
131,rating_arousal_mean,0.16543123347356392
131,rating_sense_mean,0.14641891772065885
132,rating_imageability_mean,0.3138661365018254
132,rating_others_thoughts_mean,0.40767769358692996
132,rating_physical_mean,0.3200511449014799
132,rating_places_mean,0.30700659515182294
132,rating_valence_mean,0.194651355074676
132,rating_arousal_mean,0.16167087236387967
132,rating_sense_mean,0.14629690449827215
133,rating_imageability_mean,0.31375387059976323
133,rating_others_thoughts_mean,0.40771851916451374
133,rating_physical_mean,0.31939930399403793
133,rating_places_mean,0.30669647819889345
133,rating_valence_mean,0.18984340195034732
133,rating_arousal_mean,0.15678586228156177
133,rating_sense_mean,0.14538361268734812
134,rating_imageability_mean,0.3061214323792725
134,rating_others_thoughts_mean,0.40706903736020394
134,rating_physical_mean,0.3135918767653857
134,rating_places_mean,0.305885019331277
134,rating_valence_mean,0.18892439303303277
134,rating_arousal_mean,0.15453080594407287
134,rating_sense_mean,0.1433174188006734
135,rating_imageability_mean,0.30161133042411936
135,rating_others_thoughts_mean,0.40541543651507206
135,rating_physical_mean,0.3111587951564717
135,rating_places_mean,0.3058374012828974
135,rating_valence_mean,0.18663401196180196
135,rating_arousal_mean,0.1519779367626206
135,rating_sense_mean,0.14059459873267943
136,rating_imageability_mean,0.29383929541681
136,rating_others_thoughts_mean,0.3992668930043084
136,rating_physical_mean,0.2944872859115294
136,rating_places_mean,0.30331187072150045
136,rating_valence_mean,0.18066072336771655
136,rating_arousal_mean,0.14953110190243968
136,rating_sense_mean,0.13990043321151768
137,rating_imageability_mean,0.29156060933024486
137,rating_others_thoughts_mean,0.3980861688861299
137,rating_physical_mean,0.2926098663969644
137,rating_places_mean,0.2886995677630876
137,rating_valence_mean,0.17968956957623228
137,rating_arousal_mean,0.14939904981358199
137,rating_sense_mean,0.13937259115183054
138,rating_imageability_mean,0.28889397049027
138,rating_others_thoughts_mean,0.39675823714445
138,rating_physical_mean,0.29058121907667567
138,rating_places_mean,0.27056173547935847
138,rating_valence_mean,0.17766665695263617
138,rating_arousal_mean,0.14926932546302618
138,rating_sense_mean,0.13864685142705335
139,rating_imageability_mean,0.2888844200767534
139,rating_others_thoughts_mean,0.39574496392292613
139,rating_physical_mean,0.29056744927593925
139,rating_places_mean,0.2705441969013511
139,rating_valence_mean,0.17765785020848457
139,rating_arousal_mean,0.14525741934427516
139,rating_sense_mean,0.1386461162970476
140,rating_imageability_mean,0.28886983536802424
140,rating_others_thoughts_mean,0.393435791040601
140,rating_physical_mean,0.2904393263333901
140,rating_places_mean,0.26898314385260713
140,rating_valence_mean,0.17556652310397114
140,rating_arousal_mean,0.1448501035936599
140,rating_sense_mean,0.12783167186402844
141,rating_imageability_mean,0.2878534949063055
141,rating_others_thoughts_mean,0.3918429247692504
141,rating_physical_mean,0.2896678295386269
141,rating_places_mean,0.2690089936170825
141,rating_valence_mean,0.17554667855000738
141,rating_arousal_mean,0.13609591714853952
141,rating_sense_mean,0.12768526420870352
142,rating_imageability_mean,0.2878469013299333
142,rating_others_thoughts_mean,0.39013833826992206
142,rating_physical_mean,0.28960538976493266
142,rating_places_mean,0.2688667802519722
142,rating_valence_mean,0.17550169170523278
142,rating_arousal_mean,0.13567705455452017
142,rating_sense_mean,0.12774772925824418
143,rating_imageability_mean,0.2840292342029681
143,rating_others_thoughts_mean,0.36950671244241995
143,rating_physical_mean,0.28293804983017457
143,rating_places_mean,0.26688821253491346
143,rating_valence_mean,0.17542137782116152
143,rating_arousal_mean,0.13471500837272243
143,rating_sense_mean,0.12700821422236175
144,rating_imageability_mean,0.28137590576152804
144,rating_others_thoughts_mean,0.3695427278205172
144,rating_physical_mean,0.2812304493840895
144,rating_places_mean,0.26453449996581024
144,rating_valence_mean,0.17540241939657208
144,rating_arousal_mean,0.13470697163904788
144,rating_sense_mean,0.12695118712222653
145,rating_imageability_mean,0.2685698971896959
145,rating_others_thoughts_mean,0.36793484381722463
145,rating_physical_mean,0.2741184178803715
145,rating_places_mean,0.2539456657023057
145,rating_valence_mean,0.1741258991949367
145,rating_arousal_mean,0.13469519474909908
145,rating_sense_mean,0.12666011907027297
146,rating_imageability_mean,0.2684629513789749
146,rating_others_thoughts_mean,0.3631639871166703
146,rating_physical_mean,0.27350894634847844
146,rating_places_mean,0.2533137146418214
146,rating_valence_mean,0.1741253133265923
146,rating_arousal_mean,0.1217568071580597
146,rating_sense_mean,0.12662621930841766
147,rating_imageability_mean,0.2682980408872795
147,rating_others_thoughts_mean,0.360954517790137
147,rating_physical_mean,0.27330524987456917
147,rating_places_mean,0.25202866047253336
147,rating_valence_mean,0.17345853738464156
147,rating_arousal_mean,0.12169553747996475
147,rating_sense_mean,0.12185009445033668
148,rating_imageability_mean,0.26770024900179923
148,rating_others_thoughts_mean,0.3595368597006384
148,rating_physical_mean,0.27336393044111607
148,rating_places_mean,0.251009757403029
148,rating_valence_mean,0.17294825534657943
148,rating_arousal_mean,0.1215938240973985
148,rating_sense_mean,0.11654373792419626
149,rating_imageability_mean,0.2677009289843708
149,rating_others_thoughts_mean,0.35894517692961037
149,rating_physical_mean,0.2733142301328587
149,rating_places_mean,0.2509127659569008
149,rating_valence_mean,0.17294989978160913
149,rating_arousal_mean,0.12153635946745389
149,rating_sense_mean,0.11646523682474152
150,rating_imageability_mean,0.2632241666685121
150,rating_others_thoughts_mean,0.33953656246562025
150,rating_physical_mean,0.26316826861994225
150,rating_places_mean,0.24782159781712265
150,rating_valence_mean,0.17292345332205572
150,rating_arousal_mean,0.12081202931771429
150,rating_sense_mean,0.11549174035292964
151,rating_imageability_mean,0.262808347033022
151,rating_others_thoughts_mean,0.33951247692447484
151,rating_physical_mean,0.2621712218357235
151,rating_places_mean,0.24268463899402404
151,rating_valence_mean,0.1729071758788392
151,rating_arousal_mean,0.1207547938686182
151,rating_sense_mean,0.11543322108736898
152,rating_imageability_mean,0.26289665531548456
152,rating_others_thoughts_mean,0.33912336852606695
152,rating_physical_mean,0.26189528773963944
152,rating_places_mean,0.2261582794149417
152,rating_valence_mean,0.1676980085158597
152,rating_arousal_mean,0.12072181774909263
152,rating_sense_mean,0.115155738810227
153,rating_imageability_mean,0.25706507446267823
153,rating_others_thoughts_mean,0.3371283506954096
153,rating_physical_mean,0.255680195385794
153,rating_places_mean,0.2218495086730511
153,rating_valence_mean,0.16196169797123883
153,rating_arousal_mean,0.11956872673987595
153,rating_sense_mean,0.11480247314405156
154,rating_imageability_mean,0.2571001556312035
154,rating_others_thoughts_mean,0.33683961558040576
154,rating_physical_mean,0.2557089956519496
154,rating_places_mean,0.22185858890490517
154,rating_valence_mean,0.16173013411447568
154,rating_arousal_mean,0.11954433469910464
154,rating_sense_mean,0.11409148700688976
155,rating_imageability_mean,0.25466705465346373
155,rating_others_thoughts_mean,0.33559178050184135
155,rating_physical_mean,0.2508739602406451
155,rating_places_mean,0.22168547707136277
155,rating_valence_mean,0.16004829648445473
155,rating_arousal_mean,0.11952066513797677
155,rating_sense_mean,0.10716641092991763
156,rating_imageability_mean,0.25265402704102646
156,rating_others_thoughts_mean,0.32993135603526236
156,rating_physical_mean,0.2506097281708407
156,rating_places_mean,0.22154662679369563
156,rating_valence_mean,0.15793518244098537
156,rating_arousal_mean,0.1186343850247098
156,rating_sense_mean,0.1059498527218754
157,rating_imageability_mean,0.2500228385559746
157,rating_others_thoughts_mean,0.32621971859880083
157,rating_physical_mean,0.24953440686204786
157,rating_places_mean,0.22151233439343465
157,rating_valence_mean,0.1556744870759974
157,rating_arousal_mean,0.1180529856688094
157,rating_sense_mean,0.10519241648826383
158,rating_imageability_mean,0.24388285122207332
158,rating_others_thoughts_mean,0.32370176368748815
158,rating_physical_mean,0.2400154647692757
158,rating_places_mean,0.20488652041054245
158,rating_valence_mean,0.15553459577716022
158,rating_arousal_mean,0.11682421330831971
158,rating_sense_mean,0.1051900966332654
159,rating_imageability_mean,0.24302931319725263
159,rating_others_thoughts_mean,0.3234052818778915
159,rating_physical_mean,0.23858785181016928
159,rating_places_mean,0.2031868244580809
159,rating_valence_mean,0.15521271223531152
159,rating_arousal_mean,0.11669520602698391
159,rating_sense_mean,0.10518691088331955
160,rating_imageability_mean,0.24300268149359805
160,rating_others_thoughts_mean,0.3231341784718992
160,rating_physical_mean,0.2385231952425092
160,rating_places_mean,0.20317586787530972
160,rating_valence_mean,0.15516301813853595
160,rating_arousal_mean,0.11524418238120027
160,rating_sense_mean,0.10518495654177928
161,rating_imageability_mean,0.2429292723227494
161,rating_others_thoughts_mean,0.3228113936107535
161,rating_physical_mean,0.23852341165170976
161,rating_places_mean,0.20216992089341024
161,rating_valence_mean,0.15477783520181554
161,rating_arousal_mean,0.10746881605008618
161,rating_sense_mean,0.10431394365785851
162,rating_imageability_mean,0.23584650757249137
162,rating_others_thoughts_mean,0.3228015364335649
162,rating_physical_mean,0.2342775271915456
162,rating_places_mean,0.20209007176180016
162,rating_valence_mean,0.14831104530525607
162,rating_arousal_mean,0.1069909797207188
162,rating_sense_mean,0.10256173848939776
163,rating_imageability_mean,0.23586980617982967
163,rating_others_thoughts_mean,0.31428831361503307
163,rating_physical_mean,0.2310694389243505
163,rating_places_mean,0.20188606395064768
163,rating_valence_mean,0.14748659044431733
163,rating_arousal_mean,0.10601932591355856
163,rating_sense_mean,0.0979087190474337
164,rating_imageability_mean,0.23531595253690074
164,rating_others_thoughts_mean,0.3116275174706131
164,rating_physical_mean,0.2282072410110716
164,rating_places_mean,0.20187023185442632
164,rating_valence_mean,0.14649617829344674
164,rating_arousal_mean,0.10594947007932976
164,rating_sense_mean,0.09709015673896815
165,rating_imageability_mean,0.2337198672027332
165,rating_others_thoughts_mean,0.31124147224901466
165,rating_physical_mean,0.22773731969728284
165,rating_places_mean,0.1816334615904076
165,rating_valence_mean,0.14625930952877553
165,rating_arousal_mean,0.1057386770130011
165,rating_sense_mean,0.09703342435155571
166,rating_imageability_mean,0.2330263565945716
166,rating_others_thoughts_mean,0.310957458901995
166,rating_physical_mean,0.22661706521217306
166,rating_places_mean,0.18068510724942755
166,rating_valence_mean,0.14155107425515168
166,rating_arousal_mean,0.10573991033219976
166,rating_sense_mean,0.09701238236401466
167,rating_imageability_mean,0.23062480688956344
167,rating_others_thoughts_mean,0.30901232514379273
167,rating_physical_mean,0.22392246468572807
167,rating_places_mean,0.18033018371941223
167,rating_valence_mean,0.134699846500555
167,rating_arousal_mean,0.10534192821299548
167,rating_sense_mean,0.09701056791678264
168,rating_imageability_mean,0.23056015912550476
168,rating_others_thoughts_mean,0.3090754002270637
168,rating_physical_mean,0.22353527340287582
168,rating_places_mean,0.18033057487479276
168,rating_valence_mean,0.1342107878915273
168,rating_arousal_mean,0.10535211838639524
168,rating_sense_mean,0.09638405118275717
169,rating_imageability_mean,0.2288378859806366
169,rating_others_thoughts_mean,0.30897383129826017
169,rating_physical_mean,0.22352088896590916
169,rating_places_mean,0.18032162499422344
169,rating_valence_mean,0.13419930454046503
169,rating_arousal_mean,0.10532778706640511
169,rating_sense_mean,0.09155676283280534
170,rating_imageability_mean,0.2281644241558889
170,rating_others_thoughts_mean,0.3055958705088182
170,rating_physical_mean,0.22288816508871445
170,rating_places_mean,0.18032129100315797
170,rating_valence_mean,0.13413980365155065
170,rating_arousal_mean,0.10304616179942372
170,rating_sense_mean,0.08986319878588644
171,rating_imageability_mean,0.22416890922199162
171,rating_others_thoughts_mean,0.30215483486766415
171,rating_physical_mean,0.22110284958320525
171,rating_places_mean,0.18032132432936376
171,rating_valence_mean,0.1340980417753166
171,rating_arousal_mean,0.09944762170529486
171,rating_sense_mean,0.08986194674079895
172,rating_imageability_mean,0.22252266883996152
172,rating_others_thoughts_mean,0.30012419303361026
172,rating_physical_mean,0.21343022108450527
172,rating_places_mean,0.16339988711663112
172,rating_valence_mean,0.13382956400502266
172,rating_arousal_mean,0.0991153769316595
172,rating_sense_mean,0.08967906683739368
173,rating_imageability_mean,0.22229257332958685
173,rating_others_thoughts_mean,0.3000603372473166
173,rating_physical_mean,0.21287698956196988
173,rating_places_mean,0.16252485871292888
173,rating_valence_mean,0.1335249237241093
173,rating_arousal_mean,0.0990627132844577
173,rating_sense_mean,0.0896901112650933
174,rating_imageability_mean,0.22025805163760592
174,rating_others_thoughts_mean,0.29999830307562336
174,rating_physical_mean,0.21245573596219947
174,rating_places_mean,0.16231459494154576
174,rating_valence_mean,0.12504033935999304
174,rating_arousal_mean,0.09563292749856278
174,rating_sense_mean,0.08904994377927011
175,rating_imageability_mean,0.22016040360465727
175,rating_others_thoughts_mean,0.29996580467373024
175,rating_physical_mean,0.212474614119599
175,rating_places_mean,0.16229368898115593
175,rating_valence_mean,0.1249526164564706
175,rating_arousal_mean,0.09557998975730686
175,rating_sense_mean,0.08892726493799286
176,rating_imageability_mean,0.21516681076636668
176,rating_others_thoughts_mean,0.29921378064218773
176,rating_physical_mean,0.21238074931650386
176,rating_places_mean,0.16215105331188107
176,rating_valence_mean,0.12440816955083678
176,rating_arousal_mean,0.09558010061281352
176,rating_sense_mean,0.08405798164293621
177,rating_imageability_mean,0.2151815279564666
177,rating_others_thoughts_mean,0.2984903816850556
177,rating_physical_mean,0.21235912658456368
177,rating_places_mean,0.16212732757522164
177,rating_valence_mean,0.1244273421047355
177,rating_arousal_mean,0.09556098288712933
177,rating_sense_mean,0.08338204671339355
178,rating_imageability_mean,0.21239369298756317
178,rating_others_thoughts_mean,0.28341397745244556
178,rating_physical_mean,0.2025478095660186
178,rating_places_mean,0.16206817202511026
178,rating_valence_mean,0.1240066262142423
178,rating_arousal_mean,0.09482867597723799
178,rating_sense_mean,0.08179298082500996
179,rating_imageability_mean,0.2119240766912316
179,rating_others_thoughts_mean,0.28299498133805967
179,rating_physical_mean,0.20253779222159196
179,rating_places_mean,0.14402087771375982
179,rating_valence_mean,0.12367142265319708
179,rating_arousal_mean,0.09482795805560351
179,rating_sense_mean,0.08133835343429463
180,rating_imageability_mean,0.21150022792569956
180,rating_others_thoughts_mean,0.28291934140573416
180,rating_physical_mean,0.20216972203952033
180,rating_places_mean,0.14389852957983906
180,rating_valence_mean,0.11900570410618883
180,rating_arousal_mean,0.09399388659740415
180,rating_sense_mean,0.08133601532907608
181,rating_imageability_mean,0.21115460435733568
181,rating_others_thoughts_mean,0.28291481551114894
181,rating_physical_mean,0.20175758651725184
181,rating_places_mean,0.14377063283380587
181,rating_valence_mean,0.1135802264196426
181,rating_arousal_mean,0.09271706623228326
181,rating_sense_mean,0.08127734744306536
182,rating_imageability_mean,0.21114413572077473
182,rating_others_thoughts_mean,0.28248603782659176
182,rating_physical_mean,0.20156760969139764
182,rating_places_mean,0.14371158493300273
182,rating_valence_mean,0.1135751322222921
182,rating_arousal_mean,0.09269868794084335
182,rating_sense_mean,0.07835565021546365
183,rating_imageability_mean,0.20944900516545895
183,rating_others_thoughts_mean,0.2825439938580112
183,rating_physical_mean,0.19881967806593392
183,rating_places_mean,0.14356142598313093
183,rating_valence_mean,0.11351130360962824
183,rating_arousal_mean,0.09261270117799103
183,rating_sense_mean,0.07532354591644785
184,rating_imageability_mean,0.1991183655206642
184,rating_others_thoughts_mean,0.2785686297989146
184,rating_physical_mean,0.19062460946675674
184,rating_places_mean,0.1435245174258729
184,rating_valence_mean,0.11318380783935367
184,rating_arousal_mean,0.0924442312883248
184,rating_sense_mean,0.07410922368485384
185,rating_imageability_mean,0.19873982101569687
185,rating_others_thoughts_mean,0.2785638937242736
185,rating_physical_mean,0.19008785416120377
185,rating_places_mean,0.143514287193517
185,rating_valence_mean,0.11317377403426587
185,rating_arousal_mean,0.09244010828378002
185,rating_sense_mean,0.07410807163144628
186,rating_imageability_mean,0.19801908178388172
186,rating_others_thoughts_mean,0.2765759570520575
186,rating_physical_mean,0.18452905595846414
186,rating_places_mean,0.1297029050891103
186,rating_valence_mean,0.11297342419081169
186,rating_arousal_mean,0.09224026877482039
186,rating_sense_mean,0.07395697269343038
187,rating_imageability_mean,0.19787898268359194
187,rating_others_thoughts_mean,0.2762727101907557
187,rating_physical_mean,0.18345877577821623
187,rating_places_mean,0.1269804152848083
187,rating_valence_mean,0.11273888179183278
187,rating_arousal_mean,0.09218335323985638
187,rating_sense_mean,0.07393384465843622
188,rating_imageability_mean,0.19744752553411848
188,rating_others_thoughts_mean,0.2755370985156824
188,rating_physical_mean,0.18336710848282922
188,rating_places_mean,0.1269750431538308
188,rating_valence_mean,0.10856108164841938
188,rating_arousal_mean,0.08559098170202195
188,rating_sense_mean,0.07393354296096111
189,rating_imageability_mean,0.1973820353734521
189,rating_others_thoughts_mean,0.2732978726218902
189,rating_physical_mean,0.18313917411873903
189,rating_places_mean,0.12646121236501828
189,rating_valence_mean,0.10843703145506411
189,rating_arousal_mean,0.0855214828805787
189,rating_sense_mean,0.0696517551142396
190,rating_imageability_mean,0.1970504145311487
190,rating_others_thoughts_mean,0.27288854168493004
190,rating_physical_mean,0.18323077456152936
190,rating_places_mean,0.12632671858557498
190,rating_valence_mean,0.10841589913256677
190,rating_arousal_mean,0.08538322150706301
190,rating_sense_mean,0.06868735461285458
191,rating_imageability_mean,0.19706195108876334
191,rating_others_thoughts_mean,0.272264919367891
191,rating_physical_mean,0.18302072305802175
191,rating_places_mean,0.12627147705654163
191,rating_valence_mean,0.10822364116175986
191,rating_arousal_mean,0.08536219279823509
191,rating_sense_mean,0.06801591155955466
192,rating_imageability_mean,0.1865165981668896
192,rating_others_thoughts_mean,0.2693802072904471
192,rating_physical_mean,0.16929935285135533
192,rating_places_mean,0.12619980525534313
192,rating_valence_mean,0.10789724061484562
192,rating_arousal_mean,0.08533633905107119
192,rating_sense_mean,0.06798526831048679
193,rating_imageability_mean,0.1861793818210168
193,rating_others_thoughts_mean,0.26923318966096754
193,rating_physical_mean,0.16929624627935025
193,rating_places_mean,0.11335432482657937
193,rating_valence_mean,0.10631837009329881
193,rating_arousal_mean,0.0851347344770006
193,rating_sense_mean,0.06780235411339308
194,rating_imageability_mean,0.18616116014121487
194,rating_others_thoughts_mean,0.26912567428206136
194,rating_physical_mean,0.1692932702510882
194,rating_places_mean,0.11341389281879377
194,rating_valence_mean,0.10574836150337608
194,rating_arousal_mean,0.08507502256762567
194,rating_sense_mean,0.06779832552945597
195,rating_imageability_mean,0.1861084323157819
195,rating_others_thoughts_mean,0.26596719786195255
195,rating_physical_mean,0.16927497272430425
195,rating_places_mean,0.11183205699368703
195,rating_valence_mean,0.09675607089451965
195,rating_arousal_mean,0.08371109332490367
195,rating_sense_mean,0.0677980859874392
196,rating_imageability_mean,0.18602918915934274
196,rating_others_thoughts_mean,0.26294549602380135
196,rating_physical_mean,0.1691121828461094
196,rating_places_mean,0.11107622945505002
196,rating_valence_mean,0.09670140200944677
196,rating_arousal_mean,0.08360553598717091
196,rating_sense_mean,0.06372124136576551
197,rating_imageability_mean,0.1857639025651735
197,rating_others_thoughts_mean,0.261383404319928
197,rating_physical_mean,0.16913783157319817
197,rating_places_mean,0.11080571733369227
197,rating_valence_mean,0.09654190051560962
197,rating_arousal_mean,0.08356186842659596
197,rating_sense_mean,0.06157214290983748
198,rating_imageability_mean,0.184915126997793
198,rating_others_thoughts_mean,0.2574624435165479
198,rating_physical_mean,0.16907910060136055
198,rating_places_mean,0.11077797584416793
198,rating_valence_mean,0.09646328315753505
198,rating_arousal_mean,0.08336758645875852
198,rating_sense_mean,0.061524148832933445
199,rating_imageability_mean,0.18042742873790252
199,rating_others_thoughts_mean,0.24751421572790644
199,rating_physical_mean,0.1675925823085408
199,rating_places_mean,0.11073886345254891
199,rating_valence_mean,0.0962858149668041
199,rating_arousal_mean,0.0828016349036107
199,rating_sense_mean,0.06150180506983849
200,rating_imageability_mean,0.17839672401294127
200,rating_others_thoughts_mean,0.24470414277675057
200,rating_physical_mean,0.16268836833870026
200,rating_places_mean,0.09957525231568543
200,rating_valence_mean,0.09614443191025779
200,rating_arousal_mean,0.08264031321738685
200,rating_sense_mean,0.06116742692595911
201,rating_imageability_mean,0.1782644374574922
201,rating_others_thoughts_mean,0.24448216024087055
201,rating_physical_mean,0.1624622982878693
201,rating_places_mean,0.09911795689116976
201,rating_valence_mean,0.09591934796481139
201,rating_arousal_mean,0.08261805716844006
201,rating_sense_mean,0.06113834929431261
202,rating_imageability_mean,0.1780237873278071
202,rating_others_thoughts_mean,0.24368788984603107
202,rating_physical_mean,0.1623124737334669
202,rating_places_mean,0.0990928130848695
202,rating_valence_mean,0.0900935811857293
202,rating_arousal_mean,0.08012287258106654
202,rating_sense_mean,0.0610935056219547
203,rating_imageability_mean,0.17792401879894826
203,rating_others_thoughts_mean,0.24303616346209178
203,rating_physical_mean,0.16221712171660674
203,rating_places_mean,0.09900050949724293
203,rating_valence_mean,0.088113498308518
203,rating_arousal_mean,0.07900608127260977
203,rating_sense_mean,0.06097041709078865
204,rating_imageability_mean,0.1707649341785542
204,rating_others_thoughts_mean,0.24089363846074108
204,rating_physical_mean,0.1562627296546486
204,rating_places_mean,0.09757598237770937
204,rating_valence_mean,0.08806552358786379
204,rating_arousal_mean,0.07853933807315872
204,rating_sense_mean,0.060305579133415055
205,rating_imageability_mean,0.17071682207841343
205,rating_others_thoughts_mean,0.24033487222555128
205,rating_physical_mean,0.15593950370961707
205,rating_places_mean,0.09755420730734687
205,rating_valence_mean,0.08803432121345911
205,rating_arousal_mean,0.07856219490247873
205,rating_sense_mean,0.06014340471841628
206,rating_imageability_mean,0.17061103164545488
206,rating_others_thoughts_mean,0.23523609544477375
206,rating_physical_mean,0.14881124784690725
206,rating_places_mean,0.09754296518122763
206,rating_valence_mean,0.08599471752247545
206,rating_arousal_mean,0.07700898992698002
206,rating_sense_mean,0.05908753134930533
207,rating_imageability_mean,0.1701058941831456
207,rating_others_thoughts_mean,0.23432683217680694
207,rating_physical_mean,0.14378201132551593
207,rating_places_mean,0.093744407659472
207,rating_valence_mean,0.08595188194046899
207,rating_arousal_mean,0.07678554055817377
207,rating_sense_mean,0.05760426666355911
208,rating_imageability_mean,0.16985230621440506
208,rating_others_thoughts_mean,0.233045727513431
208,rating_physical_mean,0.14343586718285484
208,rating_places_mean,0.09287566462089647
208,rating_valence_mean,0.08550826386870602
208,rating_arousal_mean,0.07634783907392628
208,rating_sense_mean,0.056851929821066016
209,rating_imageability_mean,0.16983826915404054
209,rating_others_thoughts_mean,0.2325384465162632
209,rating_physical_mean,0.14310226856278718
209,rating_places_mean,0.09287064713581838
209,rating_valence_mean,0.08475071033016957
209,rating_arousal_mean,0.07523910350817442
209,rating_sense_mean,0.056810967257716616
210,rating_imageability_mean,0.16983242164131496
210,rating_others_thoughts_mean,0.23171208864013992
210,rating_physical_mean,0.1427405988487559
210,rating_places_mean,0.09264665569593444
210,rating_valence_mean,0.0828867177232161
210,rating_arousal_mean,0.07274723068593703
210,rating_sense_mean,0.05642662695204681
211,rating_imageability_mean,0.15828660115619764
211,rating_others_thoughts_mean,0.23171006119645599
211,rating_physical_mean,0.13492748310254377
211,rating_places_mean,0.09184103685765832
211,rating_valence_mean,0.08280446640533368
211,rating_arousal_mean,0.07273964895091811
211,rating_sense_mean,0.05636096074648067
212,rating_imageability_mean,0.15815053905669452
212,rating_others_thoughts_mean,0.21585563089986404
212,rating_physical_mean,0.13317163765411655
212,rating_places_mean,0.09125978508271038
212,rating_valence_mean,0.08257053043229523
212,rating_arousal_mean,0.07154233855619618
212,rating_sense_mean,0.055366849804733165
213,rating_imageability_mean,0.15708313250524053
213,rating_others_thoughts_mean,0.21411159768762322
213,rating_physical_mean,0.13279458239912312
213,rating_places_mean,0.09125656699803442
213,rating_valence_mean,0.08255802713419158
213,rating_arousal_mean,0.0714152648863009
213,rating_sense_mean,0.055197476437954696
214,rating_imageability_mean,0.15674054740166288
214,rating_others_thoughts_mean,0.21129122761661678
214,rating_physical_mean,0.13280487609075775
214,rating_places_mean,0.09089471916721326
214,rating_valence_mean,0.08252148435268503
214,rating_arousal_mean,0.07113584541464124
214,rating_sense_mean,0.05490557709501187
215,rating_imageability_mean,0.15669979478466667
215,rating_others_thoughts_mean,0.21128575957692142
215,rating_physical_mean,0.13280505201170967
215,rating_places_mean,0.08960158808854568
215,rating_valence_mean,0.07356354614227412
215,rating_arousal_mean,0.07055099243156282
215,rating_sense_mean,0.05489135138054624
216,rating_imageability_mean,0.1566963291011969
216,rating_others_thoughts_mean,0.21129581742478887
216,rating_physical_mean,0.13280162078287394
216,rating_places_mean,0.08941868782957463
216,rating_valence_mean,0.07336516873220522
216,rating_arousal_mean,0.07046107541291813
216,rating_sense_mean,0.054894221077095295
217,rating_imageability_mean,0.1566942689716222
217,rating_others_thoughts_mean,0.21028346974148093
217,rating_physical_mean,0.13166375876645386
217,rating_places_mean,0.08103039898353448
217,rating_valence_mean,0.07220441794788679
217,rating_arousal_mean,0.06939769425372311
217,rating_sense_mean,0.05342578073173421
218,rating_imageability_mean,0.1471995614221986
218,rating_others_thoughts_mean,0.2099633113823356
218,rating_physical_mean,0.1229597784137616
218,rating_places_mean,0.08099889435119412
218,rating_valence_mean,0.0721966460857576
218,rating_arousal_mean,0.06732294006575101
218,rating_sense_mean,0.05341698353937496
219,rating_imageability_mean,0.14719795468104202
219,rating_others_thoughts_mean,0.20798313936218726
219,rating_physical_mean,0.12277442232671454
219,rating_places_mean,0.08102463880247546
219,rating_valence_mean,0.07219767457569659
219,rating_arousal_mean,0.06680189166842398
219,rating_sense_mean,0.05303729181673722
220,rating_imageability_mean,0.14714596417122028
220,rating_others_thoughts_mean,0.2014779928254513
220,rating_physical_mean,0.12153297795506757
220,rating_places_mean,0.08091733974348692
220,rating_valence_mean,0.07214258857988798
220,rating_arousal_mean,0.06547446120555633
220,rating_sense_mean,0.05203484612950926
221,rating_imageability_mean,0.14712751044633388
221,rating_others_thoughts_mean,0.19704897445741965
221,rating_physical_mean,0.12123441977894023
221,rating_places_mean,0.08047154479826713
221,rating_valence_mean,0.07205930060366661
221,rating_arousal_mean,0.06432581725490782
221,rating_sense_mean,0.05143981588054891
222,rating_imageability_mean,0.14707548849894092
222,rating_others_thoughts_mean,0.19641049540574784
222,rating_physical_mean,0.12120007499338836
222,rating_places_mean,0.08021983649386177
222,rating_valence_mean,0.06505846992297404
222,rating_arousal_mean,0.06419430169413043
222,rating_sense_mean,0.05143045255108736
223,rating_imageability_mean,0.14706020125044494
223,rating_others_thoughts_mean,0.19632752520839125
223,rating_physical_mean,0.12117438473142905
223,rating_places_mean,0.08017761063155782
223,rating_valence_mean,0.06272575293258764
223,rating_arousal_mean,0.06405089472674108
223,rating_sense_mean,0.051417558788616646
224,rating_imageability_mean,0.1470222804810437
224,rating_others_thoughts_mean,0.19630937628855816
224,rating_physical_mean,0.12064291756251366
224,rating_places_mean,0.08017146122626195
224,rating_valence_mean,0.06272145423447684
224,rating_arousal_mean,0.06318814503273162
224,rating_sense_mean,0.04914407274097343
225,rating_imageability_mean,0.14670775170284855
225,rating_others_thoughts_mean,0.19633303860760642
225,rating_physical_mean,0.12009251736223014
225,rating_places_mean,0.08016805484644907
225,rating_valence_mean,0.06267676093891694
225,rating_arousal_mean,0.06313682544189714
225,rating_sense_mean,0.04854138672129793
226,rating_imageability_mean,0.13914811135821015
226,rating_others_thoughts_mean,0.18949462529874284
226,rating_physical_mean,0.11765595531503514
226,rating_places_mean,0.07971568033623477
226,rating_valence_mean,0.062420309489816805
226,rating_arousal_mean,0.06163688605422912
226,rating_sense_mean,0.0484798947798869
227,rating_imageability_mean,0.13797392143866338
227,rating_others_thoughts_mean,0.18773679292716683
227,rating_physical_mean,0.11226515135202186
227,rating_places_mean,0.07913320691288184
227,rating_valence_mean,0.06241717483285414
227,rating_arousal_mean,0.06153632700740974
227,rating_sense_mean,0.048147697786444565
228,rating_imageability_mean,0.13636724018851176
228,rating_others_thoughts_mean,0.18461084559155583
228,rating_physical_mean,0.10445348203141769
228,rating_places_mean,0.07795585035846508
228,rating_valence_mean,0.06240082429348093
228,rating_arousal_mean,0.06134486108968307
228,rating_sense_mean,0.047575529101735126
229,rating_imageability_mean,0.1362969070952592
229,rating_others_thoughts_mean,0.1843975594594368
229,rating_physical_mean,0.10372588448943498
229,rating_places_mean,0.07742691527031564
229,rating_valence_mean,0.055468668034359236
229,rating_arousal_mean,0.061332515873208204
229,rating_sense_mean,0.04745721811420822
230,rating_imageability_mean,0.13628769079798564
230,rating_others_thoughts_mean,0.184018810574895
230,rating_physical_mean,0.10371675521011525
230,rating_places_mean,0.07741776042925153
230,rating_valence_mean,0.05547470434650126
230,rating_arousal_mean,0.05895380919989679
230,rating_sense_mean,0.04720109968793973
231,rating_imageability_mean,0.1362870575834535
231,rating_others_thoughts_mean,0.18308908664587353
231,rating_physical_mean,0.10352603099524449
231,rating_places_mean,0.0772317139521006
231,rating_valence_mean,0.05512765917449991
231,rating_arousal_mean,0.05553308394286538
231,rating_sense_mean,0.046872887111790607
232,rating_imageability_mean,0.12801409086562932
232,rating_others_thoughts_mean,0.183082965899947
232,rating_physical_mean,0.10299999613850874
232,rating_places_mean,0.07697596297305687
232,rating_valence_mean,0.05496060835778649
232,rating_arousal_mean,0.0552188587978274
232,rating_sense_mean,0.04686577671271641
233,rating_imageability_mean,0.127398565453669
233,rating_others_thoughts_mean,0.1828072157502132
233,rating_physical_mean,0.10292947029954047
233,rating_places_mean,0.07697847618749942
233,rating_valence_mean,0.05488395236507326
233,rating_arousal_mean,0.05500308856054337
233,rating_sense_mean,0.04684639310769012
234,rating_imageability_mean,0.1269371407916755
234,rating_others_thoughts_mean,0.18279749301995318
234,rating_physical_mean,0.10265117697300707
234,rating_places_mean,0.07697351399982211
234,rating_valence_mean,0.05488831261521121
234,rating_arousal_mean,0.0550097995353781
234,rating_sense_mean,0.046846725843191606
235,rating_imageability_mean,0.12635337425343518
235,rating_others_thoughts_mean,0.17702150243651904
235,rating_physical_mean,0.10115819344093102
235,rating_places_mean,0.06943333841834365
235,rating_valence_mean,0.05461556780469856
235,rating_arousal_mean,0.054589844718668235
235,rating_sense_mean,0.04620779248097606
236,rating_imageability_mean,0.1262826977211745
236,rating_others_thoughts_mean,0.17706890305828382
236,rating_physical_mean,0.10054618861681053
236,rating_places_mean,0.06952068126785071
236,rating_valence_mean,0.05441555861281189
236,rating_arousal_mean,0.054591763059128606
236,rating_sense_mean,0.0462113375851505
237,rating_imageability_mean,0.12600536239095506
237,rating_others_thoughts_mean,0.17219203840534691
237,rating_physical_mean,0.09346671059772804
237,rating_places_mean,0.0683507393310342
237,rating_valence_mean,0.05286925899135908
237,rating_arousal_mean,0.05373015182250951
237,rating_sense_mean,0.045436451971080816
238,rating_imageability_mean,0.1259839772512359
238,rating_others_thoughts_mean,0.16501532707183242
238,rating_physical_mean,0.09312390906828527
238,rating_places_mean,0.06798028454640626
238,rating_valence_mean,0.051580773714846706
238,rating_arousal_mean,0.05351635296845492
238,rating_sense_mean,0.04409912976463359
239,rating_imageability_mean,0.12578659186300556
239,rating_others_thoughts_mean,0.16213980791522764
239,rating_physical_mean,0.09321416182388154
239,rating_places_mean,0.06777123310776045
239,rating_valence_mean,0.05131977224455653
239,rating_arousal_mean,0.05336403795040712
239,rating_sense_mean,0.043760272083550156
240,rating_imageability_mean,0.12512225076501493
240,rating_others_thoughts_mean,0.16145203232710437
240,rating_physical_mean,0.09286533303259958
240,rating_places_mean,0.06772336315560623
240,rating_valence_mean,0.051277851751811654
240,rating_arousal_mean,0.053226260304828354
240,rating_sense_mean,0.043761746009959857
241,rating_imageability_mean,0.11977329674524195
241,rating_others_thoughts_mean,0.15862408986343624
241,rating_physical_mean,0.08909568945728275
241,rating_places_mean,0.06750903857028179
241,rating_valence_mean,0.05048529849496919
241,rating_arousal_mean,0.05238275683489535
241,rating_sense_mean,0.04371524446633401
242,rating_imageability_mean,0.11948998102418462
242,rating_others_thoughts_mean,0.15824806092954735
242,rating_physical_mean,0.08894335759498917
242,rating_places_mean,0.061383391258755804
242,rating_valence_mean,0.050481739580792606
242,rating_arousal_mean,0.052093915752926656
242,rating_sense_mean,0.04263363001400111
243,rating_imageability_mean,0.11905057194081148
243,rating_others_thoughts_mean,0.15825923827205246
243,rating_physical_mean,0.08879898084761162
243,rating_places_mean,0.06091703807199089
243,rating_valence_mean,0.04674022466756511
243,rating_arousal_mean,0.05205872477473583
243,rating_sense_mean,0.042584303639741417
244,rating_imageability_mean,0.11904785118409988
244,rating_others_thoughts_mean,0.15790164296855513
244,rating_physical_mean,0.08879838469120527
244,rating_places_mean,0.059886010284588065
244,rating_valence_mean,0.044967688055890465
244,rating_arousal_mean,0.051911906800286456
244,rating_sense_mean,0.04188596485710516
245,rating_imageability_mean,0.11902935255489033
245,rating_others_thoughts_mean,0.15785333323621709
245,rating_physical_mean,0.08879690741885815
245,rating_places_mean,0.059856346589640785
245,rating_valence_mean,0.04446190901643232
245,rating_arousal_mean,0.051906410864889674
245,rating_sense_mean,0.04174893828001014
246,rating_imageability_mean,0.11037100400311117
246,rating_others_thoughts_mean,0.15737646541321548
246,rating_physical_mean,0.08747862506229775
246,rating_places_mean,0.05983887306389346
246,rating_valence_mean,0.04441480379738294
246,rating_arousal_mean,0.05084686459359333
246,rating_sense_mean,0.04173149008899202
247,rating_imageability_mean,0.11027333237065307
247,rating_others_thoughts_mean,0.1548921286315622
247,rating_physical_mean,0.08748518372272929
247,rating_places_mean,0.05979960503408588
247,rating_valence_mean,0.04439978953577772
247,rating_arousal_mean,0.05018328385028348
247,rating_sense_mean,0.041665698644294036
248,rating_imageability_mean,0.11020802889228298
248,rating_others_thoughts_mean,0.14245139292806486
248,rating_physical_mean,0.08665776159158467
248,rating_places_mean,0.05950131074418474
248,rating_valence_mean,0.04436284516698752
248,rating_arousal_mean,0.047819005438421436
248,rating_sense_mean,0.04132040972621498
249,rating_imageability_mean,0.11020814825090874
249,rating_others_thoughts_mean,0.14217206095292712
249,rating_physical_mean,0.0866577754892065
249,rating_places_mean,0.05218991110394866
249,rating_valence_mean,0.04426845032298099
249,rating_arousal_mean,0.047688564089399255
249,rating_sense_mean,0.041320061836920385
250,rating_imageability_mean,0.11020792339310204
250,rating_others_thoughts_mean,0.14216680338916532
250,rating_physical_mean,0.08665764491497208
250,rating_places_mean,0.051742783650324364
250,rating_valence_mean,0.04418026737070213
250,rating_arousal_mean,0.04767254778520369
250,rating_sense_mean,0.04131870498674206
251,rating_imageability_mean,0.11019183583307712
251,rating_others_thoughts_mean,0.1420538119619753
251,rating_physical_mean,0.08659424681854266
251,rating_places_mean,0.051734641726777664
251,rating_valence_mean,0.04103913585580554
251,rating_arousal_mean,0.04485791178576004
251,rating_sense_mean,0.041179254284547384
252,rating_imageability_mean,0.11019286766237957
252,rating_others_thoughts_mean,0.14207333321413862
252,rating_physical_mean,0.08657983217822407
252,rating_places_mean,0.05172778259976807
252,rating_valence_mean,0.04081028029558931
252,rating_arousal_mean,0.04482994100838622
252,rating_sense_mean,0.041084014987278206
253,rating_imageability_mean,0.10614579032495275
253,rating_others_thoughts_mean,0.13811822497266213
253,rating_physical_mean,0.08598166110510519
253,rating_places_mean,0.051558767403978134
253,rating_valence_mean,0.04062480572524996
253,rating_arousal_mean,0.04307521981540796
253,rating_sense_mean,0.03944491683329121
254,rating_imageability_mean,0.10601533983893241
254,rating_others_thoughts_mean,0.13787046186795193
254,rating_physical_mean,0.08597167096867131
254,rating_places_mean,0.05155523629519032
254,rating_valence_mean,0.04062737264695315
254,rating_arousal_mean,0.04301721121913893
254,rating_sense_mean,0.03938387855486536
255,rating_imageability_mean,0.10139645064907143
255,rating_others_thoughts_mean,0.13780318561111382
255,rating_physical_mean,0.07950179488778053
255,rating_places_mean,0.05141613497696029
255,rating_valence_mean,0.04062062467852012
255,rating_arousal_mean,0.042994457284462606
255,rating_sense_mean,0.037912771577524484
256,rating_imageability_mean,0.10140583809613624
256,rating_others_thoughts_mean,0.13771078674209603
256,rating_physical_mean,0.07949403896934637
256,rating_places_mean,0.05120901602119399
256,rating_valence_mean,0.04061261777566749
256,rating_arousal_mean,0.042992225608679435
256,rating_sense_mean,0.0378774197841969
257,rating_imageability_mean,0.10109380715641902
257,rating_others_thoughts_mean,0.13439489033731888
257,rating_physical_mean,0.07949211010037538
257,rating_places_mean,0.04660680077768298
257,rating_valence_mean,0.03931496490137143
257,rating_arousal_mean,0.04297113960233512
257,rating_sense_mean,0.03719427271355258
258,rating_imageability_mean,0.10106229745918582
258,rating_others_thoughts_mean,0.1325604907179947
258,rating_physical_mean,0.07938363903746182
258,rating_places_mean,0.04547825722436116
258,rating_valence_mean,0.038653109481999626
258,rating_arousal_mean,0.03994253776717038
258,rating_sense_mean,0.037129575033517104
259,rating_imageability_mean,0.10106193084057913
259,rating_others_thoughts_mean,0.1326310599802688
259,rating_physical_mean,0.0793848390816786
259,rating_places_mean,0.04544745734462463
259,rating_valence_mean,0.03861624763880667
259,rating_arousal_mean,0.03990399099000852
259,rating_sense_mean,0.037081937440245016
260,rating_imageability_mean,0.10063018962851322
260,rating_others_thoughts_mean,0.1320460829025416
260,rating_physical_mean,0.07937526604981915
260,rating_places_mean,0.045456065391769274
260,rating_valence_mean,0.038604006538266566
260,rating_arousal_mean,0.03979184319696494
260,rating_sense_mean,0.03705461500628349
261,rating_imageability_mean,0.09592248620672517
261,rating_others_thoughts_mean,0.12514504783588687
261,rating_physical_mean,0.0793306437168968
261,rating_places_mean,0.0452259877935669
261,rating_valence_mean,0.03841955429276156
261,rating_arousal_mean,0.03877303082665262
261,rating_sense_mean,0.036474312504800155
262,rating_imageability_mean,0.09437586263904474
262,rating_others_thoughts_mean,0.12471899996800051
262,rating_physical_mean,0.07411461410875086
262,rating_places_mean,0.04519995013577727
262,rating_valence_mean,0.038416537260392625
262,rating_arousal_mean,0.03877292082786521
262,rating_sense_mean,0.036163046982811586
263,rating_imageability_mean,0.09346603114768093
263,rating_others_thoughts_mean,0.12423789168965582
263,rating_physical_mean,0.07025858254164907
263,rating_places_mean,0.045069395727081574
263,rating_valence_mean,0.03840505505740821
263,rating_arousal_mean,0.038772664736569595
263,rating_sense_mean,0.035931849218929446
264,rating_imageability_mean,0.09345725279192463
264,rating_others_thoughts_mean,0.12423658981499619
264,rating_physical_mean,0.07025830393645283
264,rating_places_mean,0.04501030674630058
264,rating_valence_mean,0.03333465921794121
264,rating_arousal_mean,0.038281563552556186
264,rating_sense_mean,0.03589385999851258
265,rating_imageability_mean,0.09345747009364402
265,rating_others_thoughts_mean,0.1242350906411388
265,rating_physical_mean,0.0702532066251158
265,rating_places_mean,0.04501194280691456
265,rating_valence_mean,0.0331005628144736
265,rating_arousal_mean,0.038211149686004475
265,rating_sense_mean,0.035898577687666244
266,rating_imageability_mean,0.09335371057283748
266,rating_others_thoughts_mean,0.12298105664743864
266,rating_physical_mean,0.06948390057932674
266,rating_places_mean,0.044723835726717454
266,rating_valence_mean,0.032933784220583906
266,rating_arousal_mean,0.03752339809398331
266,rating_sense_mean,0.0333229594310388
267,rating_imageability_mean,0.09236668090633171
267,rating_others_thoughts_mean,0.1229697940809048
267,rating_physical_mean,0.0695055235015618
267,rating_places_mean,0.04467805056856833
267,rating_valence_mean,0.032935789615118116
267,rating_arousal_mean,0.03746252678008455
267,rating_sense_mean,0.033307810033904484
268,rating_imageability_mean,0.08653963539269549
268,rating_others_thoughts_mean,0.12147286311425631
268,rating_physical_mean,0.06927762495091061
268,rating_places_mean,0.043969409112862734
268,rating_valence_mean,0.032874022551257376
268,rating_arousal_mean,0.03601587786657934
268,rating_sense_mean,0.03324326582389803
269,rating_imageability_mean,0.08545711389588306
269,rating_others_thoughts_mean,0.12146446218935825
269,rating_physical_mean,0.0610100321474385
269,rating_places_mean,0.04368067956368238
269,rating_valence_mean,0.032869282550114565
269,rating_arousal_mean,0.035778781564885564
269,rating_sense_mean,0.033123884408963855
270,rating_imageability_mean,0.0854473783701567
270,rating_others_thoughts_mean,0.12146727453202433
270,rating_physical_mean,0.06072007411514002
270,rating_places_mean,0.04355838387666333
270,rating_valence_mean,0.0328672242780258
270,rating_arousal_mean,0.03577516488667465
270,rating_sense_mean,0.03311730706715654
271,rating_imageability_mean,0.08544898105408494
271,rating_others_thoughts_mean,0.12143356351114143
271,rating_physical_mean,0.06048416040084481
271,rating_places_mean,0.0415309000200238
271,rating_valence_mean,0.030509866060935198
271,rating_arousal_mean,0.03576525062049607
271,rating_sense_mean,0.03307553877863745
272,rating_imageability_mean,0.08530954517490252
272,rating_others_thoughts_mean,0.12111903339087138
272,rating_physical_mean,0.060482716617245136
272,rating_places_mean,0.04086014373336677
272,rating_valence_mean,0.030527912483784725
272,rating_arousal_mean,0.03540077144732867
272,rating_sense_mean,0.03305587637288809
273,rating_imageability_mean,0.08528755375674302
273,rating_others_thoughts_mean,0.11715565590378041
273,rating_physical_mean,0.06022615703574641
273,rating_places_mean,0.04085770374792719
273,rating_valence_mean,0.03004444322393396
273,rating_arousal_mean,0.03341783842706059
273,rating_sense_mean,0.03097358273969386
274,rating_imageability_mean,0.08516685570465021
274,rating_others_thoughts_mean,0.11622839005377594
274,rating_physical_mean,0.06022971869241567
274,rating_places_mean,0.04084774016103898
274,rating_valence_mean,0.029696998483024317
274,rating_arousal_mean,0.03278642460517722
274,rating_sense_mean,0.030732351503581445
275,rating_imageability_mean,0.08516347156943205
275,rating_others_thoughts_mean,0.11582401629671135
275,rating_physical_mean,0.06021081512616222
275,rating_places_mean,0.04084744133897
275,rating_valence_mean,0.029678178468929284
275,rating_arousal_mean,0.03259893428616922
275,rating_sense_mean,0.03063584072308545
276,rating_imageability_mean,0.08470725567450543
276,rating_others_thoughts_mean,0.11581527956603865
276,rating_physical_mean,0.05924620547621773
276,rating_places_mean,0.04048224187267868
276,rating_valence_mean,0.0290125578417042
276,rating_arousal_mean,0.03143435078340551
276,rating_sense_mean,0.02916934507432034
277,rating_imageability_mean,0.08462690889674795
277,rating_others_thoughts_mean,0.1151125983074538
277,rating_physical_mean,0.059177364012049205
277,rating_places_mean,0.03836931167973534
277,rating_valence_mean,0.028661030381895602
277,rating_arousal_mean,0.031109376642167064
277,rating_sense_mean,0.029137907431611487
278,rating_imageability_mean,0.08453568642159792
278,rating_others_thoughts_mean,0.11445656562840945
278,rating_physical_mean,0.0590917146267943
278,rating_places_mean,0.036435556499931354
278,rating_valence_mean,0.028310850020058176
278,rating_arousal_mean,0.03073887870522729
278,rating_sense_mean,0.029126737378413203
279,rating_imageability_mean,0.0845345928055975
279,rating_others_thoughts_mean,0.11430899938162375
279,rating_physical_mean,0.05907081361407884
279,rating_places_mean,0.03642860227591471
279,rating_valence_mean,0.028310282801517483
279,rating_arousal_mean,0.03060523546818883
279,rating_sense_mean,0.029123607200713497
280,rating_imageability_mean,0.08452113350927093
280,rating_others_thoughts_mean,0.10896119658772974
280,rating_physical_mean,0.05757985432689672
280,rating_places_mean,0.03641303873912438
280,rating_valence_mean,0.0282344544160551
280,rating_arousal_mean,0.02653477574142038
280,rating_sense_mean,0.028672388421402073
281,rating_imageability_mean,0.07781997466385804
281,rating_others_thoughts_mean,0.10760252839109063
281,rating_physical_mean,0.05560665961107247
281,rating_places_mean,0.03638067686438673
281,rating_valence_mean,0.028207021083636263
281,rating_arousal_mean,0.026411134731893826
281,rating_sense_mean,0.028586577727651608
282,rating_imageability_mean,0.07767512042933633
282,rating_others_thoughts_mean,0.1064151673496333
282,rating_physical_mean,0.05561321825830945
282,rating_places_mean,0.03638076068321361
282,rating_valence_mean,0.02820240877904978
282,rating_arousal_mean,0.026405577795221458
282,rating_sense_mean,0.02856643238596346
283,rating_imageability_mean,0.0776273426302958
283,rating_others_thoughts_mean,0.09839641036223579
283,rating_physical_mean,0.055195042262753735
283,rating_places_mean,0.03637584114043679
283,rating_valence_mean,0.028187801598691276
283,rating_arousal_mean,0.02634225173425009
283,rating_sense_mean,0.028420576968501754
284,rating_imageability_mean,0.0775934275778708
284,rating_others_thoughts_mean,0.09528951558703724
284,rating_physical_mean,0.055110686213150295
284,rating_places_mean,0.03616725257812203
284,rating_valence_mean,0.02817061815673183
284,rating_arousal_mean,0.02631232829800001
284,rating_sense_mean,0.02831635911437269
285,rating_imageability_mean,0.07758444826741695
285,rating_others_thoughts_mean,0.09528506782343715
285,rating_physical_mean,0.054868518965510815
285,rating_places_mean,0.032512787024967515
285,rating_valence_mean,0.027371143543751586
285,rating_arousal_mean,0.026285098000226936
285,rating_sense_mean,0.028219004585461116
286,rating_imageability_mean,0.07758850412603091
286,rating_others_thoughts_mean,0.09533045714249166
286,rating_physical_mean,0.0548671754270208
286,rating_places_mean,0.032282492327445844
286,rating_valence_mean,0.027276975884288124
286,rating_arousal_mean,0.026147268448976968
286,rating_sense_mean,0.02820408846028377
287,rating_imageability_mean,0.07750128422475477
287,rating_others_thoughts_mean,0.09302455065592508
287,rating_physical_mean,0.054499303637410845
287,rating_places_mean,0.03228030117519343
287,rating_valence_mean,0.027230346965564034
287,rating_arousal_mean,0.02193118071902833
287,rating_sense_mean,0.0276760306470214
288,rating_imageability_mean,0.07560089802871928
288,rating_others_thoughts_mean,0.0926385217957374
288,rating_physical_mean,0.0528838222030692
288,rating_places_mean,0.032198169749413585
288,rating_valence_mean,0.027187620198442564
288,rating_arousal_mean,0.021738830641412354
288,rating_sense_mean,0.02732939518417965
289,rating_imageability_mean,0.07339545495623823
289,rating_others_thoughts_mean,0.09222323832102286
289,rating_physical_mean,0.05078344071273422
289,rating_places_mean,0.03213091201506946
289,rating_valence_mean,0.027148341970820278
289,rating_arousal_mean,0.02165317778161735
289,rating_sense_mean,0.026904383316116665
290,rating_imageability_mean,0.07338324125872853
290,rating_others_thoughts_mean,0.09219079984271195
290,rating_physical_mean,0.0500214753014977
290,rating_places_mean,0.032124929557190596
290,rating_valence_mean,0.027137395573750722
290,rating_arousal_mean,0.021647990829872676
290,rating_sense_mean,0.02688841049199875
291,rating_imageability_mean,0.07338539885831308
291,rating_others_thoughts_mean,0.09213399420088797
291,rating_physical_mean,0.045814496763049606
291,rating_places_mean,0.031742253559121525
291,rating_valence_mean,0.026804223481776246
291,rating_arousal_mean,0.021553688733735088
291,rating_sense_mean,0.02676651181947831
292,rating_imageability_mean,0.07328800266200153
292,rating_others_thoughts_mean,0.09204998456723656
292,rating_physical_mean,0.04586514438912126
292,rating_places_mean,0.03130839844464506
292,rating_valence_mean,0.02618362157469467
292,rating_arousal_mean,0.02153877725067821
292,rating_sense_mean,0.02676636372404595
293,rating_imageability_mean,0.0728625477444218
293,rating_others_thoughts_mean,0.09131018757667697
293,rating_physical_mean,0.04493509737534107
293,rating_places_mean,0.03006324386814918
293,rating_valence_mean,0.024667277126708687
293,rating_arousal_mean,0.021402190894108553
293,rating_sense_mean,0.02667461572284735
294,rating_imageability_mean,0.07283967381028045
294,rating_others_thoughts_mean,0.09097611429325658
294,rating_physical_mean,0.044944042369630344
294,rating_places_mean,0.030019513042790158
294,rating_valence_mean,0.024684813124562055
294,rating_arousal_mean,0.02134980324887692
294,rating_sense_mean,0.02639988045149344
295,rating_imageability_mean,0.07229501667108951
295,rating_others_thoughts_mean,0.0882153990486273
295,rating_physical_mean,0.0445936620950067
295,rating_places_mean,0.029996731422577083
295,rating_valence_mean,0.02441371107827872
295,rating_arousal_mean,0.02089416986681225
295,rating_sense_mean,0.024096582197256855
296,rating_imageability_mean,0.07222489011631683
296,rating_others_thoughts_mean,0.08784830104869368
296,rating_physical_mean,0.0445943709182659
296,rating_places_mean,0.029996228774387013
296,rating_valence_mean,0.02440601789218766
296,rating_arousal_mean,0.02083842166747285
296,rating_sense_mean,0.02409185228609878
297,rating_imageability_mean,0.06627228983282518
297,rating_others_thoughts_mean,0.08409955780559109
297,rating_physical_mean,0.04235188138651935
297,rating_places_mean,0.029986770514275563
297,rating_valence_mean,0.024366957235507636
297,rating_arousal_mean,0.020534129659207312
297,rating_sense_mean,0.02389924749278627
298,rating_imageability_mean,0.0655609156552559
298,rating_others_thoughts_mean,0.08072369291941772
298,rating_physical_mean,0.04131821652546519
298,rating_places_mean,0.028992378421433207
298,rating_valence_mean,0.024256968209408036
298,rating_arousal_mean,0.0195981782017417
298,rating_sense_mean,0.02369362442835654
299,rating_imageability_mean,0.06555527906921577
299,rating_others_thoughts_mean,0.08006971650457007
299,rating_physical_mean,0.04128795081085701
299,rating_places_mean,0.02881984880925581
299,rating_valence_mean,0.024198501234164116
299,rating_arousal_mean,0.01942363318656426
299,rating_sense_mean,0.023680163893764705
300,rating_imageability_mean,0.0655338180958176
300,rating_others_thoughts_mean,0.08000718792583661
300,rating_physical_mean,0.041075133809620024
300,rating_places_mean,0.0285554374938074
300,rating_valence_mean,0.024182471556259633
300,rating_arousal_mean,0.017413828908403706
300,rating_sense_mean,0.023679604435896118
301,rating_imageability_mean,0.06546234056817102
301,rating_others_thoughts_mean,0.07908517585133779
301,rating_physical_mean,0.04089922208826169
301,rating_places_mean,0.028550051052549152
301,rating_valence_mean,0.024107630385390544
301,rating_arousal_mean,0.0174135737059401
301,rating_sense_mean,0.022544052995780106
302,rating_imageability_mean,0.06529734155335443
302,rating_others_thoughts_mean,0.077923403718819
302,rating_physical_mean,0.04066390474478543
302,rating_places_mean,0.02854130309609082
302,rating_valence_mean,0.02400560150801545
302,rating_arousal_mean,0.01741468343266095
302,rating_sense_mean,0.02094809267466724
303,rating_imageability_mean,0.06529831962438859
303,rating_others_thoughts_mean,0.07773613923615774
303,rating_physical_mean,0.0405640735760352
303,rating_places_mean,0.028453853959766295
303,rating_valence_mean,0.024005051903588703
303,rating_arousal_mean,0.016886819483184157
303,rating_sense_mean,0.02092368938060496
304,rating_imageability_mean,0.06525384586161187
304,rating_others_thoughts_mean,0.0777311791102494
304,rating_physical_mean,0.04010476138704511
304,rating_places_mean,0.028344304535981912
304,rating_valence_mean,0.023991722221092804
304,rating_arousal_mean,0.016890541946076754
304,rating_sense_mean,0.020911148276772873
305,rating_imageability_mean,0.06480193764325859
305,rating_others_thoughts_mean,0.07767403344810475
305,rating_physical_mean,0.036194886369046664
305,rating_places_mean,0.02734088621698283
305,rating_valence_mean,0.023783095277095212
305,rating_arousal_mean,0.01682055126826676
305,rating_sense_mean,0.020790989305251695
306,rating_imageability_mean,0.06467932139355925
306,rating_others_thoughts_mean,0.07767273521818774
306,rating_physical_mean,0.035945582156515665
306,rating_places_mean,0.027340514191806387
306,rating_valence_mean,0.020571367000038143
306,rating_arousal_mean,0.016789786184423727
306,rating_sense_mean,0.020586498790930663
307,rating_imageability_mean,0.06468677018058555
307,rating_others_thoughts_mean,0.07765125027511688
307,rating_physical_mean,0.03588628364777002
307,rating_places_mean,0.027334580437757827
307,rating_valence_mean,0.020418131171952236
307,rating_arousal_mean,0.016736681822862476
307,rating_sense_mean,0.02055461269200798
308,rating_imageability_mean,0.0646670413501027
308,rating_others_thoughts_mean,0.07634907838545568
308,rating_physical_mean,0.035291954683307036
308,rating_places_mean,0.02674238200763046
308,rating_valence_mean,0.020404615977750673
308,rating_arousal_mean,0.01474113603054139
308,rating_sense_mean,0.020101075694118786
309,rating_imageability_mean,0.062035084450450584
309,rating_others_thoughts_mean,0.07361599570474342
309,rating_physical_mean,0.035208512899786215
309,rating_places_mean,0.026739077815578827
309,rating_valence_mean,0.020405227111353397
309,rating_arousal_mean,0.014597344976274518
309,rating_sense_mean,0.02008335414765261
310,rating_imageability_mean,0.059376455974169406
310,rating_others_thoughts_mean,0.07178407612220705
310,rating_physical_mean,0.034831562766603597
310,rating_places_mean,0.0265664613030403
310,rating_valence_mean,0.020395270408990696
310,rating_arousal_mean,0.014581567780777904
310,rating_sense_mean,0.019924780425541355
311,rating_imageability_mean,0.05934469993951119
311,rating_others_thoughts_mean,0.07178230393358209
311,rating_physical_mean,0.034662818962958086
311,rating_places_mean,0.02655897764812476
311,rating_valence_mean,0.02039468084853102
311,rating_arousal_mean,0.01458206080468294
311,rating_sense_mean,0.019910640643246325
312,rating_imageability_mean,0.05891276693213432
312,rating_others_thoughts_mean,0.07177261795597112
312,rating_physical_mean,0.02984166153519552
312,rating_places_mean,0.026156572592720084
312,rating_valence_mean,0.020392075614433125
312,rating_arousal_mean,0.014568696133951509
312,rating_sense_mean,0.019626877744287285
313,rating_imageability_mean,0.058908481469258644
313,rating_others_thoughts_mean,0.07160986221284127
313,rating_physical_mean,0.029837327226282295
313,rating_places_mean,0.02613294226286189
313,rating_valence_mean,0.01830758007803901
313,rating_arousal_mean,0.014543520414739275
313,rating_sense_mean,0.01958335715469317
314,rating_imageability_mean,0.05890733910567669
314,rating_others_thoughts_mean,0.07151243191540757
314,rating_physical_mean,0.029826033760801507
314,rating_places_mean,0.026126940161745327
314,rating_valence_mean,0.017480141596385224
314,rating_arousal_mean,0.014507453260609315
314,rating_sense_mean,0.019563535270714527
315,rating_imageability_mean,0.05887163695389275
315,rating_others_thoughts_mean,0.07143020643438225
315,rating_physical_mean,0.029782907678373438
315,rating_places_mean,0.026126979811382012
315,rating_valence_mean,0.01747900570275185
315,rating_arousal_mean,0.014507036251498295
315,rating_sense_mean,0.019450440084119558
316,rating_imageability_mean,0.05789639055053364
316,rating_others_thoughts_mean,0.0696601025175233
316,rating_physical_mean,0.029560141202016
316,rating_places_mean,0.02612057783593802
316,rating_valence_mean,0.017465690175732518
316,rating_arousal_mean,0.014505747872241903
316,rating_sense_mean,0.017095108320265062
317,rating_imageability_mean,0.057695979575983825
317,rating_others_thoughts_mean,0.06641872661639825
317,rating_physical_mean,0.029554509337572865
317,rating_places_mean,0.025992936625339524
317,rating_valence_mean,0.017465494908836088
317,rating_arousal_mean,0.014102430322830983
317,rating_sense_mean,0.017065216895229995
318,rating_imageability_mean,0.05715223304933437
318,rating_others_thoughts_mean,0.06218512505203688
318,rating_physical_mean,0.029377817387157612
318,rating_places_mean,0.025696581167832355
318,rating_valence_mean,0.017465713564132623
318,rating_arousal_mean,0.013751610486879118
318,rating_sense_mean,0.017044168473676957
319,rating_imageability_mean,0.05682448961402786
319,rating_others_thoughts_mean,0.062143952005499936
319,rating_physical_mean,0.02814038182773604
319,rating_places_mean,0.02510317710446963
319,rating_valence_mean,0.017449182698842658
319,rating_arousal_mean,0.013634969768054561
319,rating_sense_mean,0.0170441454660355
320,rating_imageability_mean,0.05650542310827389
320,rating_others_thoughts_mean,0.062143819405002576
320,rating_physical_mean,0.026648388945912704
320,rating_places_mean,0.024422862898039632
320,rating_valence_mean,0.017393878952082664
320,rating_arousal_mean,0.013425363836239712
320,rating_sense_mean,0.01704399398486689
321,rating_imageability_mean,0.05650633738763744
321,rating_others_thoughts_mean,0.062143443553695055
321,rating_physical_mean,0.026639951433832465
321,rating_places_mean,0.024428135381769467
321,rating_valence_mean,0.01739191024791542
321,rating_arousal_mean,0.013344763937608972
321,rating_sense_mean,0.01704319541767685
322,rating_imageability_mean,0.056504415100131045
322,rating_others_thoughts_mean,0.06214067219488306
322,rating_physical_mean,0.026587197848140343
322,rating_places_mean,0.024200501352852233
322,rating_valence_mean,0.017316224559625337
322,rating_arousal_mean,0.011903030898136158
322,rating_sense_mean,0.01674837365541526
323,rating_imageability_mean,0.05078970057533472
323,rating_others_thoughts_mean,0.061981477873248814
323,rating_physical_mean,0.025619985877439855
323,rating_places_mean,0.023619872174286405
323,rating_valence_mean,0.017312723275415998
323,rating_arousal_mean,0.011863937682334513
323,rating_sense_mean,0.01647799449930154
324,rating_imageability_mean,0.05026791909538009
324,rating_others_thoughts_mean,0.06187006257508609
324,rating_physical_mean,0.02556050898675022
324,rating_places_mean,0.02357470925486893
324,rating_valence_mean,0.017312238702841487
324,rating_arousal_mean,0.011863288062233135
324,rating_sense_mean,0.016485365453129286
325,rating_imageability_mean,0.050254272263625
325,rating_others_thoughts_mean,0.06034123941969227
325,rating_physical_mean,0.02387242744231144
325,rating_places_mean,0.02357412913653234
325,rating_valence_mean,0.01731189423187507
325,rating_arousal_mean,0.01185091321119125
325,rating_sense_mean,0.015467305232482187
326,rating_imageability_mean,0.05024974367271595
326,rating_others_thoughts_mean,0.06031297753301623
326,rating_physical_mean,0.023626869900796432
326,rating_places_mean,0.022714945237045092
326,rating_valence_mean,0.017310069160122676
326,rating_arousal_mean,0.011811136569453096
326,rating_sense_mean,0.015410657553344143
327,rating_imageability_mean,0.05014929152837111
327,rating_others_thoughts_mean,0.05887188046545033
327,rating_physical_mean,0.02362598836495855
327,rating_places_mean,0.021431145819528097
327,rating_valence_mean,0.016962074742249422
327,rating_arousal_mean,0.01176648912847622
327,rating_sense_mean,0.015405113377238044
328,rating_imageability_mean,0.05014924019394307
328,rating_others_thoughts_mean,0.05786305119995061
328,rating_physical_mean,0.023625959690863785
328,rating_places_mean,0.021221397277219944
328,rating_valence_mean,0.01628433320240863
328,rating_arousal_mean,0.011496870056804886
328,rating_sense_mean,0.015388903026294587
329,rating_imageability_mean,0.050149736403868106
329,rating_others_thoughts_mean,0.05775386185156206
329,rating_physical_mean,0.023577380340685794
329,rating_places_mean,0.02122332986870712
329,rating_valence_mean,0.016084062221426887
329,rating_arousal_mean,0.011478402583010361
329,rating_sense_mean,0.01530368279323746
330,rating_imageability_mean,0.04965093505653917
330,rating_others_thoughts_mean,0.0577942889358235
330,rating_physical_mean,0.02348554792778479
330,rating_places_mean,0.020896705404936267
330,rating_valence_mean,0.015266410451910462
330,rating_arousal_mean,0.011509906196154884
330,rating_sense_mean,0.015236934083453169
331,rating_imageability_mean,0.04824977797558594
331,rating_others_thoughts_mean,0.0544430576783006
331,rating_physical_mean,0.022895019107427417
331,rating_places_mean,0.020629081833413387
331,rating_valence_mean,0.015256799677045962
331,rating_arousal_mean,0.01097167590047643
331,rating_sense_mean,0.015107126956450001
332,rating_imageability_mean,0.04810384124788214
332,rating_others_thoughts_mean,0.054376718649699174
332,rating_physical_mean,0.022771993373070676
332,rating_places_mean,0.020613952017067394
332,rating_valence_mean,0.015255532628133839
332,rating_arousal_mean,0.010979523317951823
332,rating_sense_mean,0.015114447203782189
333,rating_imageability_mean,0.04724020720743749
333,rating_others_thoughts_mean,0.054158087243565745
333,rating_physical_mean,0.020702736312070757
333,rating_places_mean,0.020246157433630008
333,rating_valence_mean,0.015214149107274144
333,rating_arousal_mean,0.010748001921064954
333,rating_sense_mean,0.014860805925189013
334,rating_imageability_mean,0.04721873651105413
334,rating_others_thoughts_mean,0.05415158250276908
334,rating_physical_mean,0.020691965201190765
334,rating_places_mean,0.020243542369117407
334,rating_valence_mean,0.015188000993923922
334,rating_arousal_mean,0.010740808766796839
334,rating_sense_mean,0.014861568557552718
335,rating_imageability_mean,0.04717906223548374
335,rating_others_thoughts_mean,0.05414672123942099
335,rating_physical_mean,0.02069835036879708
335,rating_places_mean,0.0202454712086787
335,rating_valence_mean,0.01505295212432578
335,rating_arousal_mean,0.010673051060065553
335,rating_sense_mean,0.014860847031314184
336,rating_imageability_mean,0.04704122313326364
336,rating_others_thoughts_mean,0.05414711237909897
336,rating_physical_mean,0.020613347087977463
336,rating_places_mean,0.02017478018459562
336,rating_valence_mean,0.013847927937898019
336,rating_arousal_mean,0.010307242689119644
336,rating_sense_mean,0.014657177640004737
337,rating_imageability_mean,0.043114142839831504
337,rating_others_thoughts_mean,0.05409071608065619
337,rating_physical_mean,0.020609789266110456
337,rating_places_mean,0.02016447343777006
337,rating_valence_mean,0.013805118824852913
337,rating_arousal_mean,0.01029919301782023
337,rating_sense_mean,0.014289819706971851
338,rating_imageability_mean,0.04281260004964982
338,rating_others_thoughts_mean,0.05397848681070516
338,rating_physical_mean,0.020608115662999138
338,rating_places_mean,0.020159199750389267
338,rating_valence_mean,0.013793953149879301
338,rating_arousal_mean,0.01030052143097926
338,rating_sense_mean,0.014219371645023626
339,rating_imageability_mean,0.0418271679611153
339,rating_others_thoughts_mean,0.05119184718919767
339,rating_physical_mean,0.01815719267118665
339,rating_places_mean,0.020156166465906566
339,rating_valence_mean,0.013789430965581606
339,rating_arousal_mean,0.010297478993969489
339,rating_sense_mean,0.014209896778443865
340,rating_imageability_mean,0.041828777196632805
340,rating_others_thoughts_mean,0.04937559927075208
340,rating_physical_mean,0.018118263812890945
340,rating_places_mean,0.018369192104174203
340,rating_valence_mean,0.013651217780180191
340,rating_arousal_mean,0.010184393184320295
340,rating_sense_mean,0.014140416299629033
341,rating_imageability_mean,0.04176459395420884
341,rating_others_thoughts_mean,0.049326476955748544
341,rating_physical_mean,0.017893167202866267
341,rating_places_mean,0.01796995171874971
341,rating_valence_mean,0.013594612453207922
341,rating_arousal_mean,0.010158400150141245
341,rating_sense_mean,0.014115033628197882
342,rating_imageability_mean,0.041661057045736416
342,rating_others_thoughts_mean,0.04931620244472101
342,rating_physical_mean,0.017880596532662607
342,rating_places_mean,0.017952207534852382
342,rating_valence_mean,0.01351197721497066
342,rating_arousal_mean,0.00930624547142389
342,rating_sense_mean,0.014070993846621582
343,rating_imageability_mean,0.0415956884526254
343,rating_others_thoughts_mean,0.04928902922996947
343,rating_physical_mean,0.017853857211151625
343,rating_places_mean,0.017921548832131262
343,rating_valence_mean,0.013461932336760962
343,rating_arousal_mean,0.008826880387986069
343,rating_sense_mean,0.013995023526664152
344,rating_imageability_mean,0.04137258344444117
344,rating_others_thoughts_mean,0.04906889913146839
344,rating_physical_mean,0.017843781517209
344,rating_places_mean,0.01787038618921588
344,rating_valence_mean,0.013461039995763091
344,rating_arousal_mean,0.00882750738054261
344,rating_sense_mean,0.013973882289772588
345,rating_imageability_mean,0.039399142270077014
345,rating_others_thoughts_mean,0.04689080244938015
345,rating_physical_mean,0.017621734822193313
345,rating_places_mean,0.017343366208346978
345,rating_valence_mean,0.013447084321465352
345,rating_arousal_mean,0.008815118952293033
345,rating_sense_mean,0.013736219508861613
346,rating_imageability_mean,0.03922333023319713
346,rating_others_thoughts_mean,0.046872453391087254
346,rating_physical_mean,0.017331826989837484
346,rating_places_mean,0.01733094485486708
346,rating_valence_mean,0.013446563177136328
346,rating_arousal_mean,0.008814872299497067
346,rating_sense_mean,0.013690587553232603
347,rating_imageability_mean,0.03750563182999911
347,rating_others_thoughts_mean,0.0468139469273241
347,rating_physical_mean,0.015363565435997595
347,rating_places_mean,0.017209053177766997
347,rating_valence_mean,0.013444271342381353
347,rating_arousal_mean,0.008812514945086947
347,rating_sense_mean,0.013455389963998865
348,rating_imageability_mean,0.03736065396427313
348,rating_others_thoughts_mean,0.04676616350070806
348,rating_physical_mean,0.015361850700499446
348,rating_places_mean,0.017198252692927185
348,rating_valence_mean,0.011896099263700943
348,rating_arousal_mean,0.008743385408889748
348,rating_sense_mean,0.013311582781926568
349,rating_imageability_mean,0.037310386993246625
349,rating_others_thoughts_mean,0.04675774344723105
349,rating_physical_mean,0.015359916605097501
349,rating_places_mean,0.017198428382015463
349,rating_valence_mean,0.011685418955230897
349,rating_arousal_mean,0.008722178421253224
349,rating_sense_mean,0.013283369089325259
350,rating_imageability_mean,0.03723959211253336
350,rating_others_thoughts_mean,0.04675651173244377
350,rating_physical_mean,0.015360626538520217
350,rating_places_mean,0.01713908478321169
350,rating_valence_mean,0.011679484088782721
350,rating_arousal_mean,0.008722259737040994
350,rating_sense_mean,0.012909744803678347
351,rating_imageability_mean,0.036937235918037326
351,rating_others_thoughts_mean,0.0467548938168576
351,rating_physical_mean,0.01535575861744698
351,rating_places_mean,0.016813046126077702
351,rating_valence_mean,0.011631469999350275
351,rating_arousal_mean,0.00872230825249809
351,rating_sense_mean,0.011247286525487787
352,rating_imageability_mean,0.036674935322061564
352,rating_others_thoughts_mean,0.04069474679606466
352,rating_physical_mean,0.015338004483885892
352,rating_places_mean,0.016768331039482276
352,rating_valence_mean,0.011630737600218488
352,rating_arousal_mean,0.00855458956488886
352,rating_sense_mean,0.011177503167596248
353,rating_imageability_mean,0.036641662894261184
353,rating_others_thoughts_mean,0.04031197866112146
353,rating_physical_mean,0.01529474148080312
353,rating_places_mean,0.016766195801070527
353,rating_valence_mean,0.01163071574543173
353,rating_arousal_mean,0.008562308033815524
353,rating_sense_mean,0.011177978203435246
354,rating_imageability_mean,0.036284154704805505
354,rating_others_thoughts_mean,0.04030992256098698
354,rating_physical_mean,0.015160564714717939
354,rating_places_mean,0.015004149266730105
354,rating_valence_mean,0.011582530688741932
354,rating_arousal_mean,0.008500817175998487
354,rating_sense_mean,0.011172184510867211
355,rating_imageability_mean,0.0362140610435675
355,rating_others_thoughts_mean,0.04029222717721026
355,rating_physical_mean,0.015137265502827124
355,rating_places_mean,0.014574541199262048
355,rating_valence_mean,0.011557531804132104
355,rating_arousal_mean,0.008484538406460573
355,rating_sense_mean,0.011172017459680328
356,rating_imageability_mean,0.03621244364773191
356,rating_others_thoughts_mean,0.04025256394100074
356,rating_physical_mean,0.013402282394284981
356,rating_places_mean,0.014238664269662693
356,rating_valence_mean,0.011555733641707921
356,rating_arousal_mean,0.008124093105585817
356,rating_sense_mean,0.011143384283205049
357,rating_imageability_mean,0.03620859503867102
357,rating_others_thoughts_mean,0.0402273207575119
357,rating_physical_mean,0.012951683079939436
357,rating_places_mean,0.014166510714359482
357,rating_valence_mean,0.011555548191812925
357,rating_arousal_mean,0.008045623320535489
357,rating_sense_mean,0.011117712459343787
358,rating_imageability_mean,0.03433523416726447
358,rating_others_thoughts_mean,0.04016649413625828
358,rating_physical_mean,0.012923153923306785
358,rating_places_mean,0.014126712855993762
358,rating_valence_mean,0.011548296043046302
358,rating_arousal_mean,0.008034437167843689
358,rating_sense_mean,0.011091701639615592
359,rating_imageability_mean,0.03166905693950328
359,rating_others_thoughts_mean,0.04000851116457138
359,rating_physical_mean,0.01287806861795271
359,rating_places_mean,0.014092499264284908
359,rating_valence_mean,0.011541207181028912
359,rating_arousal_mean,0.008021952475427918
359,rating_sense_mean,0.011072446352514032
360,rating_imageability_mean,0.03166614938284684
360,rating_others_thoughts_mean,0.03997837196915688
360,rating_physical_mean,0.012483822709574266
360,rating_places_mean,0.014083885600408741
360,rating_valence_mean,0.011539542170363903
360,rating_arousal_mean,0.007995442212154535
360,rating_sense_mean,0.011043401534247321
361,rating_imageability_mean,0.031659054493686445
361,rating_others_thoughts_mean,0.03991022611029327
361,rating_physical_mean,0.011030504430953547
361,rating_places_mean,0.014010596139614306
361,rating_valence_mean,0.01153773010729553
361,rating_arousal_mean,0.007877056064462984
361,rating_sense_mean,0.010972731231016608
362,rating_imageability_mean,0.03165141636242663
362,rating_others_thoughts_mean,0.03972731520810757
362,rating_physical_mean,0.011009480973860897
362,rating_places_mean,0.013901821674822235
362,rating_valence_mean,0.010860662056827675
362,rating_arousal_mean,0.00787759485927364
362,rating_sense_mean,0.010876893087447104
363,rating_imageability_mean,0.03164896831736419
363,rating_others_thoughts_mean,0.03955860730152738
363,rating_physical_mean,0.011008895261757745
363,rating_places_mean,0.013767722335280896
363,rating_valence_mean,0.01022146294436277
363,rating_arousal_mean,0.00785129098239612
363,rating_sense_mean,0.010793184521594834
364,rating_imageability_mean,0.03164555805429936
364,rating_others_thoughts_mean,0.03946592349496325
364,rating_physical_mean,0.011008724100012524
364,rating_places_mean,0.01374348575434925
364,rating_valence_mean,0.010226702475752858
364,rating_arousal_mean,0.0078274941733818
364,rating_sense_mean,0.010564890748238631
365,rating_imageability_mean,0.03146932163964444
365,rating_others_thoughts_mean,0.03922451936436355
365,rating_physical_mean,0.011007442961570413
365,rating_places_mean,0.013621619971994958
365,rating_valence_mean,0.010141703146718473
365,rating_arousal_mean,0.007688252816698715
365,rating_sense_mean,0.009282332835377827
366,rating_imageability_mean,0.03148536734970653
366,rating_others_thoughts_mean,0.039100219573637185
366,rating_physical_mean,0.011007657721815445
366,rating_places_mean,0.013621284520531685
366,rating_valence_mean,0.010134978605041312
366,rating_arousal_mean,0.0076863723259890104
366,rating_sense_mean,0.009223789364940838
367,rating_imageability_mean,0.029523607088575043
367,rating_others_thoughts_mean,0.035715032311015804
367,rating_physical_mean,0.010588151482667674
367,rating_places_mean,0.013620366759474312
367,rating_valence_mean,0.010104187373401463
367,rating_arousal_mean,0.007562647904292397
367,rating_sense_mean,0.009185154123429129
368,rating_imageability_mean,0.02865560048650795
368,rating_others_thoughts_mean,0.03555030756429789
368,rating_physical_mean,0.010422764967107256
368,rating_places_mean,0.01236330991696899
368,rating_valence_mean,0.010099366602761783
368,rating_arousal_mean,0.007356701718459369
368,rating_sense_mean,0.009175305225119224
369,rating_imageability_mean,0.028587764837371243
369,rating_others_thoughts_mean,0.03552757586776678
369,rating_physical_mean,0.010418371556571882
369,rating_places_mean,0.012350132186460638
369,rating_valence_mean,0.009744256574668708
369,rating_arousal_mean,0.0073232653209847065
369,rating_sense_mean,0.009161955364008323
370,rating_imageability_mean,0.028535359786021064
370,rating_others_thoughts_mean,0.03549753963868907
370,rating_physical_mean,0.010407417618223502
370,rating_places_mean,0.01225722487142511
370,rating_valence_mean,0.009598847694268775
370,rating_arousal_mean,0.007241493274563471
370,rating_sense_mean,0.009146494232276092
371,rating_imageability_mean,0.02851150098494548
371,rating_others_thoughts_mean,0.03545340329820523
371,rating_physical_mean,0.010302693415481179
371,rating_places_mean,0.012194354300393617
371,rating_valence_mean,0.008850143361763596
371,rating_arousal_mean,0.007233170711035464
371,rating_sense_mean,0.009109396817743032
372,rating_imageability_mean,0.028311475840913536
372,rating_others_thoughts_mean,0.03545366977028008
372,rating_physical_mean,0.010302505823908126
372,rating_places_mean,0.012191915546577503
372,rating_valence_mean,0.008849960316421157
372,rating_arousal_mean,0.007233164956659821
372,rating_sense_mean,0.009109195834068107
373,rating_imageability_mean,0.02745549952336812
373,rating_others_thoughts_mean,0.0332655891859317
373,rating_physical_mean,0.010225916275229618
373,rating_places_mean,0.012040430357178722
373,rating_valence_mean,0.008848468695161427
373,rating_arousal_mean,0.00712370926572925
373,rating_sense_mean,0.009105469295396573
374,rating_imageability_mean,0.027504821322885786
374,rating_others_thoughts_mean,0.03245882621025664
374,rating_physical_mean,0.010170263031845428
374,rating_places_mean,0.012002741280324969
374,rating_valence_mean,0.008848409999706153
374,rating_arousal_mean,0.007087410839873187
374,rating_sense_mean,0.009105611760632515
375,rating_imageability_mean,0.025481614193827107
375,rating_others_thoughts_mean,0.031560847414052295
375,rating_physical_mean,0.010074619002295226
375,rating_places_mean,0.011909261051013864
375,rating_valence_mean,0.008832787656350427
375,rating_arousal_mean,0.007038934356024984
375,rating_sense_mean,0.009104205172783764
376,rating_imageability_mean,0.025451862935814917
376,rating_others_thoughts_mean,0.03155306943445879
376,rating_physical_mean,0.010078665668868059
376,rating_places_mean,0.01189479488625056
376,rating_valence_mean,0.00881825771633249
376,rating_arousal_mean,0.007035104834479888
376,rating_sense_mean,0.009103868155909245
377,rating_imageability_mean,0.025264745787204612
377,rating_others_thoughts_mean,0.031407872498326106
377,rating_physical_mean,0.009935901633635003
377,rating_places_mean,0.011509296330727503
377,rating_valence_mean,0.008269204475535474
377,rating_arousal_mean,0.006834219699505151
377,rating_sense_mean,0.009092845563578145
378,rating_imageability_mean,0.025262145384452817
378,rating_others_thoughts_mean,0.03133835043541633
378,rating_physical_mean,0.009916244411396935
378,rating_places_mean,0.01150612913113791
378,rating_valence_mean,0.008264172728816854
378,rating_arousal_mean,0.006830235874175528
378,rating_sense_mean,0.009001884842892771
379,rating_imageability_mean,0.024951393980740755
379,rating_others_thoughts_mean,0.031254051846243636
379,rating_physical_mean,0.009868874172172304
379,rating_places_mean,0.011369702866933284
379,rating_valence_mean,0.008216716587722495
379,rating_arousal_mean,0.006821217657620227
379,rating_sense_mean,0.007651675933977975
380,rating_imageability_mean,0.024991369702504707
380,rating_others_thoughts_mean,0.03109137706181664
380,rating_physical_mean,0.009875058189994679
380,rating_places_mean,0.011383463150220097
380,rating_valence_mean,0.00820246455572815
380,rating_arousal_mean,0.006819947875561172
380,rating_sense_mean,0.0074912771867737815
381,rating_imageability_mean,0.02339276775525634
381,rating_others_thoughts_mean,0.02881484495053943
381,rating_physical_mean,0.009532442416474773
381,rating_places_mean,0.011085865733617695
381,rating_valence_mean,0.008155671459882274
381,rating_arousal_mean,0.006819870319815569
381,rating_sense_mean,0.007469767814482164
382,rating_imageability_mean,0.023366484159421663
382,rating_others_thoughts_mean,0.028813050447321964
382,rating_physical_mean,0.009503167150909486
382,rating_places_mean,0.010949135558690704
382,rating_valence_mean,0.008153999053887473
382,rating_arousal_mean,0.0068129833666805695
382,rating_sense_mean,0.007469248973208442
383,rating_imageability_mean,0.02327948822610082
383,rating_others_thoughts_mean,0.028812622111266672
383,rating_physical_mean,0.009094140345761392
383,rating_places_mean,0.009862099377275224
383,rating_valence_mean,0.008044673695883353
383,rating_arousal_mean,0.006790620483553278
383,rating_sense_mean,0.007467716492636667
384,rating_imageability_mean,0.02323947239485369
384,rating_others_thoughts_mean,0.02881252516243782
384,rating_physical_mean,0.009067087628344517
384,rating_places_mean,0.00970115716131692
384,rating_valence_mean,0.007989376338667475
384,rating_arousal_mean,0.0066749233669887165
384,rating_sense_mean,0.007464996752957864
385,rating_imageability_mean,0.023179647968697314
385,rating_others_thoughts_mean,0.028811571588390872
385,rating_physical_mean,0.00906697356558328
385,rating_places_mean,0.009652248754113302
385,rating_valence_mean,0.007513916472795312
385,rating_arousal_mean,0.006280552203708156
385,rating_sense_mean,0.007423482902980338
386,rating_imageability_mean,0.023006983604494602
386,rating_others_thoughts_mean,0.028810743948284312
386,rating_physical_mean,0.009066602631565335
386,rating_places_mean,0.009643358459929807
386,rating_valence_mean,0.007505622307451554
386,rating_arousal_mean,0.006279474538400831
386,rating_sense_mean,0.007423271560891842
387,rating_imageability_mean,0.02039606620132539
387,rating_others_thoughts_mean,0.028136340620078193
387,rating_physical_mean,0.009017024682487995
387,rating_places_mean,0.00958671806032918
387,rating_valence_mean,0.00750344601919628
387,rating_arousal_mean,0.006279577850093809
387,rating_sense_mean,0.007424116716248652
388,rating_imageability_mean,0.020400593749623663
388,rating_others_thoughts_mean,0.027533397549771133
388,rating_physical_mean,0.008838132385165398
388,rating_places_mean,0.009582994987329618
388,rating_valence_mean,0.007498181154624306
388,rating_arousal_mean,0.0062709767072752776
388,rating_sense_mean,0.007383786224982036
389,rating_imageability_mean,0.02017289021641744
389,rating_others_thoughts_mean,0.02586843275105799
389,rating_physical_mean,0.00832641881686047
389,rating_places_mean,0.009525709319886166
389,rating_valence_mean,0.007474359540046938
389,rating_arousal_mean,0.0062426825876719105
389,rating_sense_mean,0.007245108431549241
390,rating_imageability_mean,0.020170413348501226
390,rating_others_thoughts_mean,0.025867313573246342
390,rating_physical_mean,0.008323387246047198
390,rating_places_mean,0.009523604866047863
390,rating_valence_mean,0.007408439295517932
390,rating_arousal_mean,0.006242351446651417
390,rating_sense_mean,0.007244010626377917
391,rating_imageability_mean,0.020167753337189565
391,rating_others_thoughts_mean,0.025849957692212988
391,rating_physical_mean,0.00829106419997383
391,rating_places_mean,0.009498095812331298
391,rating_valence_mean,0.006675302480251055
391,rating_arousal_mean,0.006192891381356036
391,rating_sense_mean,0.007230915043130559
392,rating_imageability_mean,0.02016747306761657
392,rating_others_thoughts_mean,0.025829044046119076
392,rating_physical_mean,0.008290104434741985
392,rating_places_mean,0.009498569375560706
392,rating_valence_mean,0.006666948733118017
392,rating_arousal_mean,0.006191008889476546
392,rating_sense_mean,0.007081283767986002
393,rating_imageability_mean,0.020019373482081937
393,rating_others_thoughts_mean,0.025656818771200407
393,rating_physical_mean,0.00828762182665077
393,rating_places_mean,0.009470257617157363
393,rating_valence_mean,0.006649795651585411
393,rating_arousal_mean,0.006184058711196649
393,rating_sense_mean,0.006348902490089348
394,rating_imageability_mean,0.019962240841155943
394,rating_others_thoughts_mean,0.02553998429970472
394,rating_physical_mean,0.008288644727983518
394,rating_places_mean,0.009459982522376453
394,rating_valence_mean,0.006645173689337813
394,rating_arousal_mean,0.00618193771991471
394,rating_sense_mean,0.00609046016964121
395,rating_imageability_mean,0.01996168946249366
395,rating_others_thoughts_mean,0.024481055167073218
395,rating_physical_mean,0.007468553715829662
395,rating_places_mean,0.009451306226828882
395,rating_valence_mean,0.006640935841688789
395,rating_arousal_mean,0.006148801866675435
395,rating_sense_mean,0.006086297960032794
396,rating_imageability_mean,0.019836918476324295
396,rating_others_thoughts_mean,0.024377378520632154
396,rating_physical_mean,0.007286939169167339
396,rating_places_mean,0.009370513480765008
396,rating_valence_mean,0.006638551197935327
396,rating_arousal_mean,0.006120626405556995
396,rating_sense_mean,0.0060877393296003834
397,rating_imageability_mean,0.019438426555553723
397,rating_others_thoughts_mean,0.024322900295042693
397,rating_physical_mean,0.007276293823847202
397,rating_places_mean,0.009245079179475368
397,rating_valence_mean,0.006526412355649769
397,rating_arousal_mean,0.006084738624427266
397,rating_sense_mean,0.0060626125868086245
398,rating_imageability_mean,0.01875144380248761
398,rating_others_thoughts_mean,0.024244574167860633
398,rating_physical_mean,0.007266101344369003
398,rating_places_mean,0.009035858490642812
398,rating_valence_mean,0.00632623951748712
398,rating_arousal_mean,0.005998389903844159
398,rating_sense_mean,0.006017983869226362
399,rating_imageability_mean,0.018061769956840057
399,rating_others_thoughts_mean,0.024122949119770087
399,rating_physical_mean,0.007247377572884295
399,rating_places_mean,0.008827397569304729
399,rating_valence_mean,0.005971568005599948
399,rating_arousal_mean,0.005982656849378931
399,rating_sense_mean,0.005888222413473088
400,rating_imageability_mean,0.018015641618734146
400,rating_others_thoughts_mean,0.024116763600172342
400,rating_physical_mean,0.007246672428816159
400,rating_places_mean,0.008820134165852589
400,rating_valence_mean,0.005958286481066444
400,rating_arousal_mean,0.005981963755548603
400,rating_sense_mean,0.005883287091803524
401,rating_imageability_mean,0.017963910583235765
401,rating_others_thoughts_mean,0.022840077556478988
401,rating_physical_mean,0.007209310432812255
401,rating_places_mean,0.008819715220470203
401,rating_valence_mean,0.005952025281050433
401,rating_arousal_mean,0.005962912229725337
401,rating_sense_mean,0.005805963232447864
402,rating_imageability_mean,0.017883011731230303
402,rating_others_thoughts_mean,0.020815498333828675
402,rating_physical_mean,0.007124497124674667
402,rating_places_mean,0.008819002039750168
402,rating_valence_mean,0.005936923749923717
402,rating_arousal_mean,0.005933431348870921
402,rating_sense_mean,0.005683440553045482
403,rating_imageability_mean,0.01786580900641832
403,rating_others_thoughts_mean,0.020809545532887053
403,rating_physical_mean,0.007077116967384223
403,rating_places_mean,0.007586489387819584
403,rating_valence_mean,0.005932607800066325
403,rating_arousal_mean,0.005891273744527914
403,rating_sense_mean,0.005662423189622623
404,rating_imageability_mean,0.017858460670478027
404,rating_others_thoughts_mean,0.02080892500190923
404,rating_physical_mean,0.00707672677701221
404,rating_places_mean,0.007569501404619761
404,rating_valence_mean,0.005906191490180235
404,rating_arousal_mean,0.005885176624863986
404,rating_sense_mean,0.005662832715989996
405,rating_imageability_mean,0.017535282687032305
405,rating_others_thoughts_mean,0.02080323938708528
405,rating_physical_mean,0.007076583474271536
405,rating_places_mean,0.007567538544043573
405,rating_valence_mean,0.005371639772917991
405,rating_arousal_mean,0.005778713515313005
405,rating_sense_mean,0.005633112793950401
406,rating_imageability_mean,0.01749794995387499
406,rating_others_thoughts_mean,0.02080291795724687
406,rating_physical_mean,0.007076283160348362
406,rating_places_mean,0.007564604449335599
406,rating_valence_mean,0.005317060945194685
406,rating_arousal_mean,0.005772486039661295
406,rating_sense_mean,0.005619611734636321
407,rating_imageability_mean,0.01720205238792205
407,rating_others_thoughts_mean,0.020796392304748612
407,rating_physical_mean,0.0070760846948407785
407,rating_places_mean,0.007551213492427378
407,rating_valence_mean,0.005317261145516783
407,rating_arousal_mean,0.005770315295192674
407,rating_sense_mean,0.005617723395797358
408,rating_imageability_mean,0.015089270696253543
408,rating_others_thoughts_mean,0.02066802057324424
408,rating_physical_mean,0.007074072283499211
408,rating_places_mean,0.007462324419294952
408,rating_valence_mean,0.005315286610016456
408,rating_arousal_mean,0.005750823451876608
408,rating_sense_mean,0.005609765131724398
409,rating_imageability_mean,0.015080230974738318
409,rating_others_thoughts_mean,0.02065668334002213
409,rating_physical_mean,0.0061190956884674685
409,rating_places_mean,0.007453572271740705
409,rating_valence_mean,0.0053145882385422505
409,rating_arousal_mean,0.005749232905397528
409,rating_sense_mean,0.005603023620669445
410,rating_imageability_mean,0.015079107975887518
410,rating_others_thoughts_mean,0.020651176659567394
410,rating_physical_mean,0.005737729667247615
410,rating_places_mean,0.007438487543489969
410,rating_valence_mean,0.005314378757134031
410,rating_arousal_mean,0.005746922047302427
410,rating_sense_mean,0.00560236759871513
411,rating_imageability_mean,0.015025631439405163
411,rating_others_thoughts_mean,0.020621980925073946
411,rating_physical_mean,0.005737071254793169
411,rating_places_mean,0.0073257612067064715
411,rating_valence_mean,0.004995669151000248
411,rating_arousal_mean,0.005688564516447503
411,rating_sense_mean,0.005569717609917313
412,rating_imageability_mean,0.01500126249578937
412,rating_others_thoughts_mean,0.02060516958856362
412,rating_physical_mean,0.005722070071072061
412,rating_places_mean,0.007255772519216053
412,rating_valence_mean,0.00481430662761595
412,rating_arousal_mean,0.005642959978378492
412,rating_sense_mean,0.005551465660743715
413,rating_imageability_mean,0.015000422173853556
413,rating_others_thoughts_mean,0.02058526250100856
413,rating_physical_mean,0.005721925299664754
413,rating_places_mean,0.007254986871160551
413,rating_valence_mean,0.004803732408052874
413,rating_arousal_mean,0.005640423368506897
413,rating_sense_mean,0.004781382802965806
414,rating_imageability_mean,0.014974457433085675
414,rating_others_thoughts_mean,0.020570440790243616
414,rating_physical_mean,0.005716131593301421
414,rating_places_mean,0.007255762400382171
414,rating_valence_mean,0.004800162459831281
414,rating_arousal_mean,0.005640495292280168
414,rating_sense_mean,0.0045962490347108975
415,rating_imageability_mean,0.014465296937269057
415,rating_others_thoughts_mean,0.019379500678098682
415,rating_physical_mean,0.005716260399098005
415,rating_places_mean,0.007197311584335786
415,rating_valence_mean,0.004797985562913776
415,rating_arousal_mean,0.005640433402738565
415,rating_sense_mean,0.004595894629210395
416,rating_imageability_mean,0.014074039882990053
416,rating_others_thoughts_mean,0.018562381622158064
416,rating_physical_mean,0.005696655039353127
416,rating_places_mean,0.0071310207675105985
416,rating_valence_mean,0.004798028026934187
416,rating_arousal_mean,0.005639355977297145
416,rating_sense_mean,0.004582852249422009
417,rating_imageability_mean,0.013953625507540646
417,rating_others_thoughts_mean,0.018439630081289238
417,rating_physical_mean,0.005687311485662594
417,rating_places_mean,0.007094798493307297
417,rating_valence_mean,0.004798212312789318
417,rating_arousal_mean,0.005638696543716848
417,rating_sense_mean,0.004580253399231959
418,rating_imageability_mean,0.013949926990737271
418,rating_others_thoughts_mean,0.018167741456367015
418,rating_physical_mean,0.005368000405646334
418,rating_places_mean,0.006825141186660666
418,rating_valence_mean,0.004637330018488983
418,rating_arousal_mean,0.005619769107366612
418,rating_sense_mean,0.00457816212413209
419,rating_imageability_mean,0.01394725842966782
419,rating_others_thoughts_mean,0.018110809021559926
419,rating_physical_mean,0.005314667784375837
419,rating_places_mean,0.0067667876219759115
419,rating_valence_mean,0.004601547761856395
419,rating_arousal_mean,0.005604320122240991
419,rating_sense_mean,0.004577207284611751
420,rating_imageability_mean,0.01383683537609015
420,rating_others_thoughts_mean,0.01795752628320202
420,rating_physical_mean,0.0053064026735205605
420,rating_places_mean,0.00675724843448966
420,rating_valence_mean,0.004589583508675332
420,rating_arousal_mean,0.005603599555079053
420,rating_sense_mean,0.004402845476473516
421,rating_imageability_mean,0.013503707114365882
421,rating_others_thoughts_mean,0.017551611079422935
421,rating_physical_mean,0.005282746190707233
421,rating_places_mean,0.00672888999789345
421,rating_valence_mean,0.00455878844626012
421,rating_arousal_mean,0.005603252303392092
421,rating_sense_mean,0.003977929702586813
422,rating_imageability_mean,0.013497911778540428
422,rating_others_thoughts_mean,0.01697453586454334
422,rating_physical_mean,0.005282291518194704
422,rating_places_mean,0.006728426750465366
422,rating_valence_mean,0.004548953661672628
422,rating_arousal_mean,0.005593650170360176
422,rating_sense_mean,0.003966192448795147
423,rating_imageability_mean,0.013450546167861455
423,rating_others_thoughts_mean,0.015756245673310132
423,rating_physical_mean,0.004977980770538015
423,rating_places_mean,0.006719056600773876
423,rating_valence_mean,0.0045483546200870695
423,rating_arousal_mean,0.005594244942651816
423,rating_sense_mean,0.0039288026423475175
424,rating_imageability_mean,0.013440030649110368
424,rating_others_thoughts_mean,0.015689229320175024
424,rating_physical_mean,0.004785676662419247
424,rating_places_mean,0.006658617537562472
424,rating_valence_mean,0.004513580479813539
424,rating_arousal_mean,0.005554278740231622
424,rating_sense_mean,0.003928823723460484
425,rating_imageability_mean,0.01343830999048723
425,rating_others_thoughts_mean,0.015269119967073808
425,rating_physical_mean,0.004606790640963254
425,rating_places_mean,0.006631761420715199
425,rating_valence_mean,0.004448033509553695
425,rating_arousal_mean,0.005498455858184759
425,rating_sense_mean,0.003922118709041134
426,rating_imageability_mean,0.013350243375234494
426,rating_others_thoughts_mean,0.015258888729976716
426,rating_physical_mean,0.004587434009014291
426,rating_places_mean,0.006538566360380749
426,rating_valence_mean,0.004445325093438535
426,rating_arousal_mean,0.004834063269475997
426,rating_sense_mean,0.0039139387027748995
427,rating_imageability_mean,0.013321937554238827
427,rating_others_thoughts_mean,0.01524644238373185
427,rating_physical_mean,0.004578115677704497
427,rating_places_mean,0.006502952013731633
427,rating_valence_mean,0.004433478158290871
427,rating_arousal_mean,0.004808785265363658
427,rating_sense_mean,0.0038741066481915443
428,rating_imageability_mean,0.013167894949716263
428,rating_others_thoughts_mean,0.015141040325832189
428,rating_physical_mean,0.004537371046450689
428,rating_places_mean,0.006030535749107502
428,rating_valence_mean,0.004352910833689938
428,rating_arousal_mean,0.004792051049051782
428,rating_sense_mean,0.003620221642411492
429,rating_imageability_mean,0.01314394053307788
429,rating_others_thoughts_mean,0.014805745263303138
429,rating_physical_mean,0.004535793984481562
429,rating_places_mean,0.006003053505873601
429,rating_valence_mean,0.0043503499133036305
429,rating_arousal_mean,0.004784333053521661
429,rating_sense_mean,0.0035682353499844055
430,rating_imageability_mean,0.013082052751808848
430,rating_others_thoughts_mean,0.013811335691821358
430,rating_physical_mean,0.004513640574363098
430,rating_places_mean,0.005838281616931229
430,rating_valence_mean,0.004334392198116266
430,rating_arousal_mean,0.004762107976587826
430,rating_sense_mean,0.003447553153472116
431,rating_imageability_mean,0.013081457004918029
431,rating_others_thoughts_mean,0.013812060103394197
431,rating_physical_mean,0.004513005042140805
431,rating_places_mean,0.005828902641399347
431,rating_valence_mean,0.004333926509985875
431,rating_arousal_mean,0.004762162946719384
431,rating_sense_mean,0.0034477100865266674
432,rating_imageability_mean,0.013041036836521802
432,rating_others_thoughts_mean,0.01378352081717693
432,rating_physical_mean,0.004507505781872756
432,rating_places_mean,0.005812217144685161
432,rating_valence_mean,0.0038983433677672874
432,rating_arousal_mean,0.004760130570911847
432,rating_sense_mean,0.0034272916556161714
433,rating_imageability_mean,0.013044454465642064
433,rating_others_thoughts_mean,0.013786365125035394
433,rating_physical_mean,0.004506346120699445
433,rating_places_mean,0.005814452013872762
433,rating_valence_mean,0.003874207315328837
433,rating_arousal_mean,0.004753117666734141
433,rating_sense_mean,0.003427224173141785
434,rating_imageability_mean,0.013041086657150425
434,rating_others_thoughts_mean,0.013786394820944348
434,rating_physical_mean,0.004506074510405189
434,rating_places_mean,0.0058113509808590535
434,rating_valence_mean,0.003850551976948169
434,rating_arousal_mean,0.0047532880197965754
434,rating_sense_mean,0.003418465842314533
435,rating_imageability_mean,0.012632904937922351
435,rating_others_thoughts_mean,0.013659364340027125
435,rating_physical_mean,0.0044933556828978816
435,rating_places_mean,0.0053374338930284315
435,rating_valence_mean,0.003842329593041871
435,rating_arousal_mean,0.004469207762927363
435,rating_sense_mean,0.0033964060918157957
436,rating_imageability_mean,0.01261710385082826
436,rating_others_thoughts_mean,0.013635759928377178
436,rating_physical_mean,0.004491675373820003
436,rating_places_mean,0.005320904808875815
436,rating_valence_mean,0.003841457966786921
436,rating_arousal_mean,0.00445862266076924
436,rating_sense_mean,0.0033955436809020023
437,rating_imageability_mean,0.012611628148710086
437,rating_others_thoughts_mean,0.012815770886007494
437,rating_physical_mean,0.003895570273381721
437,rating_places_mean,0.005319741125952904
437,rating_valence_mean,0.0038411715654205203
437,rating_arousal_mean,0.004458010004613655
437,rating_sense_mean,0.0033819958401118955
438,rating_imageability_mean,0.012589656870035548
438,rating_others_thoughts_mean,0.012795308788384419
438,rating_physical_mean,0.003878676873751208
438,rating_places_mean,0.0049171567454520115
438,rating_valence_mean,0.0038407650448920583
438,rating_arousal_mean,0.004367165684722285
438,rating_sense_mean,0.003379349987484459
439,rating_imageability_mean,0.012562586165351997
439,rating_others_thoughts_mean,0.012748244740465098
439,rating_physical_mean,0.0038773152118571907
439,rating_places_mean,0.00463995649363147
439,rating_valence_mean,0.0038311027525471664
439,rating_arousal_mean,0.0043175677621208886
439,rating_sense_mean,0.0033778827734444183
440,rating_imageability_mean,0.01255982684647794
440,rating_others_thoughts_mean,0.012725389556870303
440,rating_physical_mean,0.003868220103931952
440,rating_places_mean,0.004613723874352438
440,rating_valence_mean,0.0038319634062851105
440,rating_arousal_mean,0.004301580021408902
440,rating_sense_mean,0.0033774693347100593
441,rating_imageability_mean,0.01255710951096134
441,rating_others_thoughts_mean,0.012714576604988537
441,rating_physical_mean,0.003840421912705172
441,rating_places_mean,0.004604971384911671
441,rating_valence_mean,0.0037865956652570754
441,rating_arousal_mean,0.004192566980470436
441,rating_sense_mean,0.003251447264684404
442,rating_imageability_mean,0.012313267920323057
442,rating_others_thoughts_mean,0.012552230025709932
442,rating_physical_mean,0.003833221200235437
442,rating_places_mean,0.004598898086815462
442,rating_valence_mean,0.0037930531785265176
442,rating_arousal_mean,0.004114226088302808
442,rating_sense_mean,0.0030810923111901367
443,rating_imageability_mean,0.011831842982744423
443,rating_others_thoughts_mean,0.012407483446277956
443,rating_physical_mean,0.003824358686685181
443,rating_places_mean,0.004591569282188179
443,rating_valence_mean,0.0035579319540196552
443,rating_arousal_mean,0.004101910725308744
443,rating_sense_mean,0.0030795483132723955
444,rating_imageability_mean,0.011725403166415793
444,rating_others_thoughts_mean,0.01230441755391154
444,rating_physical_mean,0.0038077979120243466
444,rating_places_mean,0.004585027973284195
444,rating_valence_mean,0.003501701763510612
444,rating_arousal_mean,0.004094500255244826
444,rating_sense_mean,0.003078179291559513
445,rating_imageability_mean,0.011725471084836125
445,rating_others_thoughts_mean,0.011690475434615988
445,rating_physical_mean,0.00368410702283406
445,rating_places_mean,0.004523476251012792
445,rating_valence_mean,0.0034931222941869677
445,rating_arousal_mean,0.004093704297527978
445,rating_sense_mean,0.003059586992727348
446,rating_imageability_mean,0.011723031442956389
446,rating_others_thoughts_mean,0.011341973380813886
446,rating_physical_mean,0.003609337727497386
446,rating_places_mean,0.0044919363109345856
446,rating_valence_mean,0.003473414268684527
446,rating_arousal_mean,0.004093536906147888
446,rating_sense_mean,0.003048343948714227
447,rating_imageability_mean,0.011606472057823725
447,rating_others_thoughts_mean,0.01134061766324701
447,rating_physical_mean,0.0036075783548350504
447,rating_places_mean,0.0044808257815004415
447,rating_valence_mean,0.0034624299101679856
447,rating_arousal_mean,0.003867095546396082
447,rating_sense_mean,0.0030484083074260315
448,rating_imageability_mean,0.01149251664575146
448,rating_others_thoughts_mean,0.011338645125729574
448,rating_physical_mean,0.003601775978828936
448,rating_places_mean,0.004469527056034428
448,rating_valence_mean,0.0034561014200588103
448,rating_arousal_mean,0.003492668201306781
448,rating_sense_mean,0.003028151900457021
449,rating_imageability_mean,0.011384078034529233
449,rating_others_thoughts_mean,0.011335147884528052
449,rating_physical_mean,0.003601339276386617
449,rating_places_mean,0.004466316459933672
449,rating_valence_mean,0.003446970891445633
449,rating_arousal_mean,0.0034858050096905346
449,rating_sense_mean,0.0029975387228186046
450,rating_imageability_mean,0.011005371179607204
450,rating_others_thoughts_mean,0.0112708855301199
450,rating_physical_mean,0.0035954135896766326
450,rating_places_mean,0.004464362716289916
450,rating_valence_mean,0.0034109484941069468
450,rating_arousal_mean,0.0034857467639535233
450,rating_sense_mean,0.0027639421501126638
451,rating_imageability_mean,0.010998591201469288
451,rating_others_thoughts_mean,0.011253571385558714
451,rating_physical_mean,0.003583267857589223
451,rating_places_mean,0.004463686985654913
451,rating_valence_mean,0.00341020767613065
451,rating_arousal_mean,0.0034857452426689806
451,rating_sense_mean,0.0027508571687148153
452,rating_imageability_mean,0.010996612137007866
452,rating_others_thoughts_mean,0.01107481924921272
452,rating_physical_mean,0.003003127662222549
452,rating_places_mean,0.004275854556097802
452,rating_valence_mean,0.00339700343979521
452,rating_arousal_mean,0.003483899232909926
452,rating_sense_mean,0.0027463598763386443
453,rating_imageability_mean,0.010992948691624593
453,rating_others_thoughts_mean,0.011075001186704458
453,rating_physical_mean,0.003003744413397458
453,rating_places_mean,0.0042565395156531904
453,rating_valence_mean,0.003383656746885899
453,rating_arousal_mean,0.003483662033362145
453,rating_sense_mean,0.0027462614538883434
454,rating_imageability_mean,0.010907399079129743
454,rating_others_thoughts_mean,0.010797054776231163
454,rating_physical_mean,0.0029877062176426605
454,rating_places_mean,0.004075952619911782
454,rating_valence_mean,0.0032270937240611586
454,rating_arousal_mean,0.003411461137331262
454,rating_sense_mean,0.002742998960716614
455,rating_imageability_mean,0.010878481241883287
455,rating_others_thoughts_mean,0.010745432591705129
455,rating_physical_mean,0.0029834760275380123
455,rating_places_mean,0.004047608385707613
455,rating_valence_mean,0.003194084524271057
455,rating_arousal_mean,0.0033983991836786798
455,rating_sense_mean,0.0027363079511846244
456,rating_imageability_mean,0.010688032916451706
456,rating_others_thoughts_mean,0.010746037132082775
456,rating_physical_mean,0.0029829060657118323
456,rating_places_mean,0.004042241798697277
456,rating_valence_mean,0.003169165631977555
456,rating_arousal_mean,0.003366876676004993
456,rating_sense_mean,0.0026892450972749726
457,rating_imageability_mean,0.010209016979541352
457,rating_others_thoughts_mean,0.01066494576926691
457,rating_physical_mean,0.0029807479387131686
457,rating_places_mean,0.004042288099709079
457,rating_valence_mean,0.003112422235405532
457,rating_arousal_mean,0.0032644319957200185
457,rating_sense_mean,0.002548931954300615
458,rating_imageability_mean,0.010210000907266759
458,rating_others_thoughts_mean,0.010642723050832581
458,rating_physical_mean,0.0029575410059805574
458,rating_places_mean,0.004042052720441891
458,rating_valence_mean,0.003111410874550913
458,rating_arousal_mean,0.003264395111176155
458,rating_sense_mean,0.0025495052623262238
459,rating_imageability_mean,0.010137862309558932
459,rating_others_thoughts_mean,0.010250027753732072
459,rating_physical_mean,0.0029457905194396616
459,rating_places_mean,0.0038770542875450342
459,rating_valence_mean,0.0031092258335621015
459,rating_arousal_mean,0.0031049119290120775
459,rating_sense_mean,0.0025256039691406995
460,rating_imageability_mean,0.010115325597679359
460,rating_others_thoughts_mean,0.01004274252427495
460,rating_physical_mean,0.00289547249391231
460,rating_places_mean,0.003864109675949745
460,rating_valence_mean,0.0030866926218375834
460,rating_arousal_mean,0.003106619449003256
460,rating_sense_mean,0.0025267126974901633
461,rating_imageability_mean,0.010111608259556926
461,rating_others_thoughts_mean,0.009994926626868517
461,rating_physical_mean,0.002768950407276649
461,rating_places_mean,0.003830704249549677
461,rating_valence_mean,0.0030387623128833585
461,rating_arousal_mean,0.0030289320447204338
461,rating_sense_mean,0.00242015465218981
462,rating_imageability_mean,0.010108546378400418
462,rating_others_thoughts_mean,0.009979186382708893
462,rating_physical_mean,0.0027716032263213064
462,rating_places_mean,0.003830559837848968
462,rating_valence_mean,0.003029893584401755
462,rating_arousal_mean,0.0030255676519861385
462,rating_sense_mean,0.0024063375559740807
463,rating_imageability_mean,0.009889850136284184
463,rating_others_thoughts_mean,0.009977108905091736
463,rating_physical_mean,0.0025759497587850566
463,rating_places_mean,0.0037821004412230685
463,rating_valence_mean,0.002916742041503828
463,rating_arousal_mean,0.0030132584655421235
463,rating_sense_mean,0.002381646549275418
464,rating_imageability_mean,0.009685213300272832
464,rating_others_thoughts_mean,0.00926560006696553
464,rating_physical_mean,0.0025288359388639936
464,rating_places_mean,0.0037072023193684966
464,rating_valence_mean,0.002916096058023898
464,rating_arousal_mean,0.003012658334982654
464,rating_sense_mean,0.0023242395048915787
465,rating_imageability_mean,0.00959504277168488
465,rating_others_thoughts_mean,0.009000488247156824
465,rating_physical_mean,0.002511039135361437
465,rating_places_mean,0.003672842276549848
465,rating_valence_mean,0.002914994006153915
465,rating_arousal_mean,0.0030125016293577334
465,rating_sense_mean,0.002303860157621629
466,rating_imageability_mean,0.009567151538033003
466,rating_others_thoughts_mean,0.008960902208740129
466,rating_physical_mean,0.0025102956228508777
466,rating_places_mean,0.0036606225119188984
466,rating_valence_mean,0.002913713740674284
466,rating_arousal_mean,0.0030122913492837133
466,rating_sense_mean,0.002301996323610611
467,rating_imageability_mean,0.009451866686101207
467,rating_others_thoughts_mean,0.008923249910510522
467,rating_physical_mean,0.0025084674126786277
467,rating_places_mean,0.0036427004931470774
467,rating_valence_mean,0.002645714431051882
467,rating_arousal_mean,0.0030070251359585187
467,rating_sense_mean,0.002280771500218437
468,rating_imageability_mean,0.00941448926471744
468,rating_others_thoughts_mean,0.008908827015687737
468,rating_physical_mean,0.0025077769694610286
468,rating_places_mean,0.003634995578266964
468,rating_valence_mean,0.0025338260717209238
468,rating_arousal_mean,0.003000348287926724
468,rating_sense_mean,0.0022711773509527244
469,rating_imageability_mean,0.009378335541283533
469,rating_others_thoughts_mean,0.008906357460800707
469,rating_physical_mean,0.002507824769228617
469,rating_places_mean,0.0036313433153702945
469,rating_valence_mean,0.002529452211319172
469,rating_arousal_mean,0.0029920639785627756
469,rating_sense_mean,0.0020816173099735824
