step,feature_name,r2
0,rating_imageability_mean,0.9924615970517018
0,rating_others_thoughts_mean,0.9929639361643859
0,rating_physical_mean,0.9941060809415602
0,rating_places_mean,0.9918052062319309
0,rating_valence_mean,0.9894858808240948
0,rating_arousal_mean,0.9901750655637556
0,rating_sense_mean,0.9868167561200978
1,rating_imageability_mean,0.9923972733768013
1,rating_others_thoughts_mean,0.9929574595187672
1,rating_physical_mean,0.9941041230148738
1,rating_places_mean,0.9915482269051115
1,rating_valence_mean,0.9894302186125045
1,rating_arousal_mean,0.987935037630215
1,rating_sense_mean,0.9861126588367155
2,rating_imageability_mean,0.9894473785933815
2,rating_others_thoughts_mean,0.9912890603225509
2,rating_physical_mean,0.9938025751211911
2,rating_places_mean,0.9910471992093688
2,rating_valence_mean,0.989282151173971
2,rating_arousal_mean,0.9851761345401479
2,rating_sense_mean,0.969358053063198
3,rating_imageability_mean,0.9874498605887079
3,rating_others_thoughts_mean,0.9895434998471556
3,rating_physical_mean,0.9935862237415666
3,rating_places_mean,0.9908451157374929
3,rating_valence_mean,0.9850071183414855
3,rating_arousal_mean,0.9843576272594827
3,rating_sense_mean,0.950468508144821
4,rating_imageability_mean,0.9866933038188205
4,rating_others_thoughts_mean,0.9885935904121049
4,rating_physical_mean,0.9932660998069909
4,rating_places_mean,0.9903602907553014
4,rating_valence_mean,0.9850228396145071
4,rating_arousal_mean,0.9822241010528292
4,rating_sense_mean,0.9405403231392541
5,rating_imageability_mean,0.9864402765583916
5,rating_others_thoughts_mean,0.988589401143984
5,rating_physical_mean,0.99326805992074
5,rating_places_mean,0.9903606177010329
5,rating_valence_mean,0.9847992075742257
5,rating_arousal_mean,0.9821969157241939
5,rating_sense_mean,0.9405458485293897
6,rating_imageability_mean,0.9858976307719562
6,rating_others_thoughts_mean,0.9885409578481167
6,rating_physical_mean,0.9932402516412915
6,rating_places_mean,0.9900869022842345
6,rating_valence_mean,0.9846933002037427
6,rating_arousal_mean,0.9817613631945936
6,rating_sense_mean,0.9391765268713557
7,rating_imageability_mean,0.9850278946755154
7,rating_others_thoughts_mean,0.9885106269155289
7,rating_physical_mean,0.992059593330733
7,rating_places_mean,0.9895882533690866
7,rating_valence_mean,0.9846738189161447
7,rating_arousal_mean,0.9817415463701007
7,rating_sense_mean,0.9387528238085777
8,rating_imageability_mean,0.9848534468953882
8,rating_others_thoughts_mean,0.9885196348425204
8,rating_physical_mean,0.9919718287197766
8,rating_places_mean,0.9895658875021207
8,rating_valence_mean,0.9842959206753742
8,rating_arousal_mean,0.981715657659838
8,rating_sense_mean,0.9378164608073595
9,rating_imageability_mean,0.9841525760376933
9,rating_others_thoughts_mean,0.9880628494264884
9,rating_physical_mean,0.9919489190180494
9,rating_places_mean,0.9895704548982959
9,rating_valence_mean,0.9842072200778591
9,rating_arousal_mean,0.9815592074934967
9,rating_sense_mean,0.9241116404771519
10,rating_imageability_mean,0.9827007085668823
10,rating_others_thoughts_mean,0.9869052404875125
10,rating_physical_mean,0.9919132034438344
10,rating_places_mean,0.9895662281077353
10,rating_valence_mean,0.9811762999395857
10,rating_arousal_mean,0.981387180505466
10,rating_sense_mean,0.9135972665961313
11,rating_imageability_mean,0.9819359416599239
11,rating_others_thoughts_mean,0.9857796764403676
11,rating_physical_mean,0.9911431856078707
11,rating_places_mean,0.9895633672261508
11,rating_valence_mean,0.9811134844715257
11,rating_arousal_mean,0.9808061613660285
11,rating_sense_mean,0.9013730585849972
12,rating_imageability_mean,0.9819394768442843
12,rating_others_thoughts_mean,0.985777927281085
12,rating_physical_mean,0.9910846682106969
12,rating_places_mean,0.9895613159248862
12,rating_valence_mean,0.9808860571579202
12,rating_arousal_mean,0.9807169838929709
12,rating_sense_mean,0.9013668471572702
13,rating_imageability_mean,0.981454861988669
13,rating_others_thoughts_mean,0.9853992441200192
13,rating_physical_mean,0.9910657910872004
13,rating_places_mean,0.9895666466181415
13,rating_valence_mean,0.980398216395243
13,rating_arousal_mean,0.9799032007544873
13,rating_sense_mean,0.90045896188751
14,rating_imageability_mean,0.9810880631020045
14,rating_others_thoughts_mean,0.9853820836549425
14,rating_physical_mean,0.9910649086974048
14,rating_places_mean,0.9886236552448968
14,rating_valence_mean,0.9793223017072871
14,rating_arousal_mean,0.9799080562023884
14,rating_sense_mean,0.9004275502274263
15,rating_imageability_mean,0.9809677884126657
15,rating_others_thoughts_mean,0.9850487998052084
15,rating_physical_mean,0.9909650559522741
15,rating_places_mean,0.988492777516157
15,rating_valence_mean,0.9792705255027401
15,rating_arousal_mean,0.9795245125051727
15,rating_sense_mean,0.8987554913458558
16,rating_imageability_mean,0.9805392185338743
16,rating_others_thoughts_mean,0.984431529352683
16,rating_physical_mean,0.9909273383662647
16,rating_places_mean,0.9884355187876288
16,rating_valence_mean,0.9792363727395063
16,rating_arousal_mean,0.9792754954412628
16,rating_sense_mean,0.883403338043033
17,rating_imageability_mean,0.9797940561548781
17,rating_others_thoughts_mean,0.9835555709882275
17,rating_physical_mean,0.9908366188874379
17,rating_places_mean,0.9884365711182402
17,rating_valence_mean,0.9775828461489053
17,rating_arousal_mean,0.9790972167273055
17,rating_sense_mean,0.8768742485147071
18,rating_imageability_mean,0.9792742826057976
18,rating_others_thoughts_mean,0.9829347957042388
18,rating_physical_mean,0.9895532286604479
18,rating_places_mean,0.9883811018450718
18,rating_valence_mean,0.9764340144213226
18,rating_arousal_mean,0.9773570282719468
18,rating_sense_mean,0.8709524409487126
19,rating_imageability_mean,0.979001408362367
19,rating_others_thoughts_mean,0.9826400677785235
19,rating_physical_mean,0.989324972782963
19,rating_places_mean,0.988222420416415
19,rating_valence_mean,0.9764142625647668
19,rating_arousal_mean,0.9766206857832309
19,rating_sense_mean,0.8709497049341418
20,rating_imageability_mean,0.9788088628293429
20,rating_others_thoughts_mean,0.9821040139481534
20,rating_physical_mean,0.9893291997453881
20,rating_places_mean,0.9882011612428903
20,rating_valence_mean,0.9763004651553058
20,rating_arousal_mean,0.9761525453489832
20,rating_sense_mean,0.8655244194794773
21,rating_imageability_mean,0.97827182538987
21,rating_others_thoughts_mean,0.9817810946372205
21,rating_physical_mean,0.9893055808064307
21,rating_places_mean,0.9881898737873834
21,rating_valence_mean,0.9762810389525284
21,rating_arousal_mean,0.9759290023988388
21,rating_sense_mean,0.86531997989717
22,rating_imageability_mean,0.97826082299894
22,rating_others_thoughts_mean,0.9813199037920247
22,rating_physical_mean,0.9891620190375273
22,rating_places_mean,0.9876474574301487
22,rating_valence_mean,0.9762216719987267
22,rating_arousal_mean,0.9759256965388505
22,rating_sense_mean,0.8652979932013024
23,rating_imageability_mean,0.9774008211125306
23,rating_others_thoughts_mean,0.9811494220147445
23,rating_physical_mean,0.9890468953574876
23,rating_places_mean,0.9876427200274263
23,rating_valence_mean,0.9762117776838666
23,rating_arousal_mean,0.9757330174662275
23,rating_sense_mean,0.854912271510466
24,rating_imageability_mean,0.9766679960885286
24,rating_others_thoughts_mean,0.9807554375958606
24,rating_physical_mean,0.9890408010072015
24,rating_places_mean,0.9876154485672696
24,rating_valence_mean,0.9759066593801486
24,rating_arousal_mean,0.9756281007057346
24,rating_sense_mean,0.8494479737072783
25,rating_imageability_mean,0.9736804897640329
25,rating_others_thoughts_mean,0.9796705794555495
25,rating_physical_mean,0.9881290238601534
25,rating_places_mean,0.986695188502514
25,rating_valence_mean,0.9742574694149801
25,rating_arousal_mean,0.9743721189766263
25,rating_sense_mean,0.8391559529288752
26,rating_imageability_mean,0.9736156294873907
26,rating_others_thoughts_mean,0.9796628861347562
26,rating_physical_mean,0.9879479622683297
26,rating_places_mean,0.9866904755624343
26,rating_valence_mean,0.9739981970190575
26,rating_arousal_mean,0.9734656068787988
26,rating_sense_mean,0.8391178067922143
27,rating_imageability_mean,0.9736139477756074
27,rating_others_thoughts_mean,0.9789980366112718
27,rating_physical_mean,0.9877044437784521
27,rating_places_mean,0.986373383918324
27,rating_valence_mean,0.9738657268642357
27,rating_arousal_mean,0.9734484690165157
27,rating_sense_mean,0.8389528925938925
28,rating_imageability_mean,0.9735756086667858
28,rating_others_thoughts_mean,0.9789403820686863
28,rating_physical_mean,0.9874806307175801
28,rating_places_mean,0.9863572601293707
28,rating_valence_mean,0.9738635586142494
28,rating_arousal_mean,0.9733912575950218
28,rating_sense_mean,0.8389744662447179
29,rating_imageability_mean,0.9733798154982668
29,rating_others_thoughts_mean,0.97893882585233
29,rating_physical_mean,0.9874188504619744
29,rating_places_mean,0.9863396008487358
29,rating_valence_mean,0.973453327196207
29,rating_arousal_mean,0.9733329883113319
29,rating_sense_mean,0.8389510939253166
30,rating_imageability_mean,0.9719919262697315
30,rating_others_thoughts_mean,0.9786541646300041
30,rating_physical_mean,0.9874092889226661
30,rating_places_mean,0.9863406558339666
30,rating_valence_mean,0.9734506707163922
30,rating_arousal_mean,0.9729103897044261
30,rating_sense_mean,0.8314394084502741
31,rating_imageability_mean,0.9714746951314712
31,rating_others_thoughts_mean,0.9777477824177904
31,rating_physical_mean,0.9874233761979031
31,rating_places_mean,0.9862862218339313
31,rating_valence_mean,0.9732069901265902
31,rating_arousal_mean,0.9729070180064437
31,rating_sense_mean,0.8252703822649674
32,rating_imageability_mean,0.9693501274752024
32,rating_others_thoughts_mean,0.976599307620852
32,rating_physical_mean,0.9867705100356104
32,rating_places_mean,0.9861499790990923
32,rating_valence_mean,0.9720173183672085
32,rating_arousal_mean,0.9718038340640329
32,rating_sense_mean,0.8161865683293181
33,rating_imageability_mean,0.9689687770991127
33,rating_others_thoughts_mean,0.9766055713676483
33,rating_physical_mean,0.9867648609327109
33,rating_places_mean,0.9860796063208744
33,rating_valence_mean,0.9716448355825047
33,rating_arousal_mean,0.9716537217418326
33,rating_sense_mean,0.8150426252654842
34,rating_imageability_mean,0.9689632193904575
34,rating_others_thoughts_mean,0.9760032187622715
34,rating_physical_mean,0.9867262456997127
34,rating_places_mean,0.9859374231522972
34,rating_valence_mean,0.9716376798697112
34,rating_arousal_mean,0.971544624028853
34,rating_sense_mean,0.8126252370848823
35,rating_imageability_mean,0.9686925319205948
35,rating_others_thoughts_mean,0.9759227988846629
35,rating_physical_mean,0.9864889730118761
35,rating_places_mean,0.9858587531783558
35,rating_valence_mean,0.9715577715373226
35,rating_arousal_mean,0.9714788972928854
35,rating_sense_mean,0.8124575654820416
36,rating_imageability_mean,0.9685036533111369
36,rating_others_thoughts_mean,0.9758167377327065
36,rating_physical_mean,0.9861909270572865
36,rating_places_mean,0.985856375445282
36,rating_valence_mean,0.9715126916301087
36,rating_arousal_mean,0.9714989349789622
36,rating_sense_mean,0.8123944160824601
37,rating_imageability_mean,0.9677604080416812
37,rating_others_thoughts_mean,0.9749586331735659
37,rating_physical_mean,0.9861547753158244
37,rating_places_mean,0.985806345554409
37,rating_valence_mean,0.9715060229149761
37,rating_arousal_mean,0.9714730316156229
37,rating_sense_mean,0.8023661610113453
38,rating_imageability_mean,0.9653787968828882
38,rating_others_thoughts_mean,0.9749586823435468
38,rating_physical_mean,0.985668865045267
38,rating_places_mean,0.9857265689217953
38,rating_valence_mean,0.9697158501300407
38,rating_arousal_mean,0.9713183235806784
38,rating_sense_mean,0.7941594465212798
39,rating_imageability_mean,0.9642541668012159
39,rating_others_thoughts_mean,0.974960960186377
39,rating_physical_mean,0.9852829480985376
39,rating_places_mean,0.985740737119279
39,rating_valence_mean,0.9685517353900888
39,rating_arousal_mean,0.97126223509406
39,rating_sense_mean,0.7922366782856205
40,rating_imageability_mean,0.9641785903025003
40,rating_others_thoughts_mean,0.9747165395477286
40,rating_physical_mean,0.9852237427172561
40,rating_places_mean,0.985592602416524
40,rating_valence_mean,0.9684607310011433
40,rating_arousal_mean,0.9712446873152499
40,rating_sense_mean,0.7919389870082931
41,rating_imageability_mean,0.964177127743826
41,rating_others_thoughts_mean,0.9745623202398092
41,rating_physical_mean,0.9852138178670065
41,rating_places_mean,0.9853447136100135
41,rating_valence_mean,0.9684486959015862
41,rating_arousal_mean,0.9712018759155926
41,rating_sense_mean,0.7915270539989234
42,rating_imageability_mean,0.9639361329977453
42,rating_others_thoughts_mean,0.9743538003644991
42,rating_physical_mean,0.9844020214463375
42,rating_places_mean,0.9850121924566788
42,rating_valence_mean,0.96818213702156
42,rating_arousal_mean,0.9711783526915208
42,rating_sense_mean,0.7901169651984765
43,rating_imageability_mean,0.9632711013551668
43,rating_others_thoughts_mean,0.9740815804269856
43,rating_physical_mean,0.9841272520266278
43,rating_places_mean,0.9849634747927438
43,rating_valence_mean,0.9681790774688691
43,rating_arousal_mean,0.9705202344379411
43,rating_sense_mean,0.7896038199471576
44,rating_imageability_mean,0.9617205735551577
44,rating_others_thoughts_mean,0.9740532046590874
44,rating_physical_mean,0.9837578486888219
44,rating_places_mean,0.9843212463347635
44,rating_valence_mean,0.9680692438259316
44,rating_arousal_mean,0.9704477457757623
44,rating_sense_mean,0.7798910390810105
45,rating_imageability_mean,0.9595810714907695
45,rating_others_thoughts_mean,0.9739570237041669
45,rating_physical_mean,0.982039476575968
45,rating_places_mean,0.9842111168963277
45,rating_valence_mean,0.967391797727347
45,rating_arousal_mean,0.9695458491069924
45,rating_sense_mean,0.7768420191125469
46,rating_imageability_mean,0.9591946388557115
46,rating_others_thoughts_mean,0.9731324646412268
46,rating_physical_mean,0.9816527303474903
46,rating_places_mean,0.984075689099459
46,rating_valence_mean,0.9673905984306514
46,rating_arousal_mean,0.9692741693652516
46,rating_sense_mean,0.7715534883428885
47,rating_imageability_mean,0.9590968437737579
47,rating_others_thoughts_mean,0.9729946958626928
47,rating_physical_mean,0.9816049029893429
47,rating_places_mean,0.9840543436470641
47,rating_valence_mean,0.96739067171336
47,rating_arousal_mean,0.9687272557552253
47,rating_sense_mean,0.7715505855471597
48,rating_imageability_mean,0.9589800179589694
48,rating_others_thoughts_mean,0.9728003551874542
48,rating_physical_mean,0.9816088696894095
48,rating_places_mean,0.9836506705926316
48,rating_valence_mean,0.9673268255264525
48,rating_arousal_mean,0.9685057636969059
48,rating_sense_mean,0.7705687899563258
49,rating_imageability_mean,0.9589078468191871
49,rating_others_thoughts_mean,0.9726821947565395
49,rating_physical_mean,0.9815694524308015
49,rating_places_mean,0.9836538922880416
49,rating_valence_mean,0.9673300533840854
49,rating_arousal_mean,0.9682583035756501
49,rating_sense_mean,0.7700590889130515
50,rating_imageability_mean,0.9582434956069559
50,rating_others_thoughts_mean,0.9725008508137662
50,rating_physical_mean,0.9815631206157253
50,rating_places_mean,0.9832151723985993
50,rating_valence_mean,0.9673213466808
50,rating_arousal_mean,0.9681949214296578
50,rating_sense_mean,0.7690948463721456
51,rating_imageability_mean,0.9582629381403027
51,rating_others_thoughts_mean,0.9711728510811486
51,rating_physical_mean,0.9815680852814268
51,rating_places_mean,0.9830984673328776
51,rating_valence_mean,0.967254050314492
51,rating_arousal_mean,0.9663667203512109
51,rating_sense_mean,0.7637870052203622
52,rating_imageability_mean,0.9578403173880156
52,rating_others_thoughts_mean,0.9707005102060903
52,rating_physical_mean,0.9814107263082015
52,rating_places_mean,0.9826815080237096
52,rating_valence_mean,0.9667994395891539
52,rating_arousal_mean,0.9659454989408126
52,rating_sense_mean,0.7621775792194359
53,rating_imageability_mean,0.9575034532348065
53,rating_others_thoughts_mean,0.9706790679893353
53,rating_physical_mean,0.9813942005724317
53,rating_places_mean,0.9823861241750506
53,rating_valence_mean,0.9666389811634876
53,rating_arousal_mean,0.9659598545052864
53,rating_sense_mean,0.760606442805819
54,rating_imageability_mean,0.9571763086929079
54,rating_others_thoughts_mean,0.9706486268621566
54,rating_physical_mean,0.9813651131949767
54,rating_places_mean,0.9823859354215254
54,rating_valence_mean,0.9665557542212666
54,rating_arousal_mean,0.9650062307592994
54,rating_sense_mean,0.7604680563382219
55,rating_imageability_mean,0.9569264954075923
55,rating_others_thoughts_mean,0.9699118309222833
55,rating_physical_mean,0.9800164155918433
55,rating_places_mean,0.9816961148837626
55,rating_valence_mean,0.9664701415215058
55,rating_arousal_mean,0.9647851011902208
55,rating_sense_mean,0.7602115079619778
56,rating_imageability_mean,0.9569274411258564
56,rating_others_thoughts_mean,0.9680241147923675
56,rating_physical_mean,0.9797428736121667
56,rating_places_mean,0.9815976219200232
56,rating_valence_mean,0.9661863981806795
56,rating_arousal_mean,0.9630386447910604
56,rating_sense_mean,0.7595922720461649
57,rating_imageability_mean,0.9567189170464208
57,rating_others_thoughts_mean,0.9680188416966444
57,rating_physical_mean,0.9793125974116984
57,rating_places_mean,0.9810940440168958
57,rating_valence_mean,0.9661276476106571
57,rating_arousal_mean,0.963051397769549
57,rating_sense_mean,0.7593137843998143
58,rating_imageability_mean,0.9561274126694896
58,rating_others_thoughts_mean,0.9678637987831272
58,rating_physical_mean,0.9787993132911501
58,rating_places_mean,0.9799802864216834
58,rating_valence_mean,0.9661271725554912
58,rating_arousal_mean,0.9627753801623118
58,rating_sense_mean,0.7523763112461618
59,rating_imageability_mean,0.9560519307451991
59,rating_others_thoughts_mean,0.9673115846674806
59,rating_physical_mean,0.9787716808614288
59,rating_places_mean,0.9798503632947521
59,rating_valence_mean,0.9658512429732005
59,rating_arousal_mean,0.9627777022457835
59,rating_sense_mean,0.7507715031041985
60,rating_imageability_mean,0.9556437750072284
60,rating_others_thoughts_mean,0.9662861833548962
60,rating_physical_mean,0.9785588859991734
60,rating_places_mean,0.9797148335788126
60,rating_valence_mean,0.9651316407633607
60,rating_arousal_mean,0.9621436076518585
60,rating_sense_mean,0.7465287092628616
61,rating_imageability_mean,0.9554438064502844
61,rating_others_thoughts_mean,0.9658451942767626
61,rating_physical_mean,0.9785458674153258
61,rating_places_mean,0.979718546995815
61,rating_valence_mean,0.9648359561016567
61,rating_arousal_mean,0.9621036174906782
61,rating_sense_mean,0.746415988388279
62,rating_imageability_mean,0.955449844085129
62,rating_others_thoughts_mean,0.9657032940814055
62,rating_physical_mean,0.9785510635825001
62,rating_places_mean,0.9796595091375642
62,rating_valence_mean,0.9647247273510254
62,rating_arousal_mean,0.9620592082715825
62,rating_sense_mean,0.7461888228574036
63,rating_imageability_mean,0.9549632664432707
63,rating_others_thoughts_mean,0.9651691554466558
63,rating_physical_mean,0.9785261645507415
63,rating_places_mean,0.9796127944984211
63,rating_valence_mean,0.9644766410735495
63,rating_arousal_mean,0.962042870615703
63,rating_sense_mean,0.7456523107890454
64,rating_imageability_mean,0.9544345462708631
64,rating_others_thoughts_mean,0.9647989475421842
64,rating_physical_mean,0.9785048982812943
64,rating_places_mean,0.9796031675733873
64,rating_valence_mean,0.9644762919787767
64,rating_arousal_mean,0.9611467246835577
64,rating_sense_mean,0.7450102998569986
65,rating_imageability_mean,0.9538448647129419
65,rating_others_thoughts_mean,0.9643486120586364
65,rating_physical_mean,0.9784640380775278
65,rating_places_mean,0.9792956265684125
65,rating_valence_mean,0.9644650880528106
65,rating_arousal_mean,0.9605046091593185
65,rating_sense_mean,0.7358615495091223
66,rating_imageability_mean,0.9536370358860157
66,rating_others_thoughts_mean,0.9624506617472484
66,rating_physical_mean,0.9783715794687685
66,rating_places_mean,0.9792941647840431
66,rating_valence_mean,0.9640760373042805
66,rating_arousal_mean,0.9600884894743114
66,rating_sense_mean,0.7304067122156983
67,rating_imageability_mean,0.953034714890593
67,rating_others_thoughts_mean,0.962069974494962
67,rating_physical_mean,0.9783482093064447
67,rating_places_mean,0.9790623186825593
67,rating_valence_mean,0.9639747086217345
67,rating_arousal_mean,0.9600900035506803
67,rating_sense_mean,0.7218559062875858
68,rating_imageability_mean,0.9529671581295521
68,rating_others_thoughts_mean,0.9620590269371867
68,rating_physical_mean,0.9783365519106171
68,rating_places_mean,0.979004203533273
68,rating_valence_mean,0.9633492031837703
68,rating_arousal_mean,0.959940439860233
68,rating_sense_mean,0.721860006274757
69,rating_imageability_mean,0.9529441095270176
69,rating_others_thoughts_mean,0.9614891950643523
69,rating_physical_mean,0.9782108824098245
69,rating_places_mean,0.9783750697031786
69,rating_valence_mean,0.9631283817952424
69,rating_arousal_mean,0.9598665014473737
69,rating_sense_mean,0.721483349893657
70,rating_imageability_mean,0.9527825830786907
70,rating_others_thoughts_mean,0.9603907850511579
70,rating_physical_mean,0.9781776062658836
70,rating_places_mean,0.9778009190162611
70,rating_valence_mean,0.9631410854919025
70,rating_arousal_mean,0.9597990826452776
70,rating_sense_mean,0.7214790096932855
71,rating_imageability_mean,0.9527464787183811
71,rating_others_thoughts_mean,0.9595251865043988
71,rating_physical_mean,0.9781750532000212
71,rating_places_mean,0.9777846053549415
71,rating_valence_mean,0.9629090062259414
71,rating_arousal_mean,0.9589568966622177
71,rating_sense_mean,0.7208623600662535
72,rating_imageability_mean,0.951888753831232
72,rating_others_thoughts_mean,0.9589228010102725
72,rating_physical_mean,0.978139453663018
72,rating_places_mean,0.9777280001552047
72,rating_valence_mean,0.9628828726563634
72,rating_arousal_mean,0.9585771971270246
72,rating_sense_mean,0.7130649013764334
73,rating_imageability_mean,0.9506752910419299
73,rating_others_thoughts_mean,0.9584608961300055
73,rating_physical_mean,0.9773298374316557
73,rating_places_mean,0.9777254634536146
73,rating_valence_mean,0.9609385704225571
73,rating_arousal_mean,0.9585703564808745
73,rating_sense_mean,0.7107902963887358
74,rating_imageability_mean,0.9505274163662041
74,rating_others_thoughts_mean,0.9571186894160392
74,rating_physical_mean,0.9773353009370179
74,rating_places_mean,0.977650183101927
74,rating_valence_mean,0.9608591506446774
74,rating_arousal_mean,0.9584142331634358
74,rating_sense_mean,0.7034922112180799
75,rating_imageability_mean,0.9500114513962687
75,rating_others_thoughts_mean,0.9569061636072853
75,rating_physical_mean,0.9768822435021365
75,rating_places_mean,0.9776551062841986
75,rating_valence_mean,0.9608023793624902
75,rating_arousal_mean,0.9580358814685871
75,rating_sense_mean,0.7034706706569371
76,rating_imageability_mean,0.9500093348556241
76,rating_others_thoughts_mean,0.9569292511007035
76,rating_physical_mean,0.976663173110797
76,rating_places_mean,0.9774419776937635
76,rating_valence_mean,0.96057202129713
76,rating_arousal_mean,0.9576224286642946
76,rating_sense_mean,0.703016139932789
77,rating_imageability_mean,0.9499541806945646
77,rating_others_thoughts_mean,0.9566110011449721
77,rating_physical_mean,0.9763879992444323
77,rating_places_mean,0.9767821764541712
77,rating_valence_mean,0.9600749504267806
77,rating_arousal_mean,0.9575526310066634
77,rating_sense_mean,0.7029608084929826
78,rating_imageability_mean,0.9498741830871311
78,rating_others_thoughts_mean,0.9562976327692826
78,rating_physical_mean,0.9763909116445746
78,rating_places_mean,0.9767777247431666
78,rating_valence_mean,0.9600327948461442
78,rating_arousal_mean,0.95754781717905
78,rating_sense_mean,0.7025440232367435
79,rating_imageability_mean,0.9478849708867743
79,rating_others_thoughts_mean,0.9562931276793489
79,rating_physical_mean,0.9758127259819306
79,rating_places_mean,0.9760825817084364
79,rating_valence_mean,0.959996884493458
79,rating_arousal_mean,0.9572175977789271
79,rating_sense_mean,0.6968952807540414
80,rating_imageability_mean,0.9476864317619081
80,rating_others_thoughts_mean,0.9553664120665656
80,rating_physical_mean,0.9755242499342829
80,rating_places_mean,0.9760155820940913
80,rating_valence_mean,0.9579784611906911
80,rating_arousal_mean,0.9566885185845373
80,rating_sense_mean,0.6941632576844514
81,rating_imageability_mean,0.9476629317593854
81,rating_others_thoughts_mean,0.953649457737924
81,rating_physical_mean,0.9752807117874575
81,rating_places_mean,0.975954697985517
81,rating_valence_mean,0.9579885403469267
81,rating_arousal_mean,0.9566673732234559
81,rating_sense_mean,0.6913822657432921
82,rating_imageability_mean,0.9475945005196678
82,rating_others_thoughts_mean,0.9535971531685534
82,rating_physical_mean,0.9751629982772742
82,rating_places_mean,0.9754640913695438
82,rating_valence_mean,0.9579411118617893
82,rating_arousal_mean,0.9555756314077408
82,rating_sense_mean,0.6913801374004183
83,rating_imageability_mean,0.9475738822702265
83,rating_others_thoughts_mean,0.9527721069377894
83,rating_physical_mean,0.9751573857819176
83,rating_places_mean,0.975494317023983
83,rating_valence_mean,0.9576453459332541
83,rating_arousal_mean,0.9554255442040432
83,rating_sense_mean,0.6912848274453101
84,rating_imageability_mean,0.9475994470962374
84,rating_others_thoughts_mean,0.9526308789038608
84,rating_physical_mean,0.9751597303460494
84,rating_places_mean,0.975503826659016
84,rating_valence_mean,0.9576557302027179
84,rating_arousal_mean,0.9553662237604849
84,rating_sense_mean,0.6911424747574753
85,rating_imageability_mean,0.9475961932141004
85,rating_others_thoughts_mean,0.9524993087088461
85,rating_physical_mean,0.9750249500294962
85,rating_places_mean,0.9754449430607234
85,rating_valence_mean,0.9565257984855028
85,rating_arousal_mean,0.9553735974352914
85,rating_sense_mean,0.6907489873328672
86,rating_imageability_mean,0.9458517863194574
86,rating_others_thoughts_mean,0.9520928488596113
86,rating_physical_mean,0.9731107673575325
86,rating_places_mean,0.9745481934287609
86,rating_valence_mean,0.9564825127486953
86,rating_arousal_mean,0.9553760257288373
86,rating_sense_mean,0.6841327166940652
87,rating_imageability_mean,0.9443570770103049
87,rating_others_thoughts_mean,0.950812354418477
87,rating_physical_mean,0.9730925116876648
87,rating_places_mean,0.9743790376909001
87,rating_valence_mean,0.9553198169038597
87,rating_arousal_mean,0.9545094155498103
87,rating_sense_mean,0.6815172415752784
88,rating_imageability_mean,0.9425545921270024
88,rating_others_thoughts_mean,0.9488003460966602
88,rating_physical_mean,0.9723265512190995
88,rating_places_mean,0.9742203101447213
88,rating_valence_mean,0.9544292037089296
88,rating_arousal_mean,0.9529192616290625
88,rating_sense_mean,0.678181835383612
89,rating_imageability_mean,0.9425514091109197
89,rating_others_thoughts_mean,0.9482177757857745
89,rating_physical_mean,0.9722203230534268
89,rating_places_mean,0.9741940544794535
89,rating_valence_mean,0.9541181245710034
89,rating_arousal_mean,0.9526528447027323
89,rating_sense_mean,0.678093725327851
90,rating_imageability_mean,0.9423881216216548
90,rating_others_thoughts_mean,0.946481335031304
90,rating_physical_mean,0.9720659811958103
90,rating_places_mean,0.9739995202401905
90,rating_valence_mean,0.9539056426253701
90,rating_arousal_mean,0.9525419987970276
90,rating_sense_mean,0.6753255350911879
91,rating_imageability_mean,0.9417070782698289
91,rating_others_thoughts_mean,0.9459892761614906
91,rating_physical_mean,0.9720228051519625
91,rating_places_mean,0.9736879846102943
91,rating_valence_mean,0.95387424255983
91,rating_arousal_mean,0.9523499526999185
91,rating_sense_mean,0.6751160175616173
92,rating_imageability_mean,0.9417007615502605
92,rating_others_thoughts_mean,0.945796789183569
92,rating_physical_mean,0.9719582178240275
92,rating_places_mean,0.9736502598730263
92,rating_valence_mean,0.953161014257534
92,rating_arousal_mean,0.9521679955704597
92,rating_sense_mean,0.675018478087466
93,rating_imageability_mean,0.9386767224798689
93,rating_others_thoughts_mean,0.9452186023591481
93,rating_physical_mean,0.9713977852661112
93,rating_places_mean,0.9735516579658761
93,rating_valence_mean,0.9529434177106413
93,rating_arousal_mean,0.9507683612195084
93,rating_sense_mean,0.6696394028859318
94,rating_imageability_mean,0.935228641589148
94,rating_others_thoughts_mean,0.9419318785689232
94,rating_physical_mean,0.9713950378601829
94,rating_places_mean,0.9734756261996139
94,rating_valence_mean,0.951670715500715
94,rating_arousal_mean,0.9492581196448503
94,rating_sense_mean,0.6635247767982354
95,rating_imageability_mean,0.9351906586955604
95,rating_others_thoughts_mean,0.9388665578227703
95,rating_physical_mean,0.9713870547214928
95,rating_places_mean,0.9726339725126255
95,rating_valence_mean,0.951401507239792
95,rating_arousal_mean,0.949182779441079
95,rating_sense_mean,0.6610653347565589
96,rating_imageability_mean,0.9348956329075367
96,rating_others_thoughts_mean,0.9386808155549091
96,rating_physical_mean,0.9713444045789188
96,rating_places_mean,0.972627884715458
96,rating_valence_mean,0.9514007162646999
96,rating_arousal_mean,0.9491908857576816
96,rating_sense_mean,0.6591994743405385
97,rating_imageability_mean,0.9348996485790427
97,rating_others_thoughts_mean,0.9377725523586238
97,rating_physical_mean,0.9711347218767796
97,rating_places_mean,0.972069151860895
97,rating_valence_mean,0.9514215266105384
97,rating_arousal_mean,0.9489131895077246
97,rating_sense_mean,0.6581083481795753
98,rating_imageability_mean,0.9345886080147194
98,rating_others_thoughts_mean,0.937430457169721
98,rating_physical_mean,0.9709951198237703
98,rating_places_mean,0.9720707986630318
98,rating_valence_mean,0.9504828812859282
98,rating_arousal_mean,0.9488030335585116
98,rating_sense_mean,0.6571416159981751
99,rating_imageability_mean,0.9345379549758249
99,rating_others_thoughts_mean,0.9373672535763744
99,rating_physical_mean,0.9709416460589947
99,rating_places_mean,0.9717615557294202
99,rating_valence_mean,0.9497161603220493
99,rating_arousal_mean,0.9487020456638268
99,rating_sense_mean,0.6565878382449433
100,rating_imageability_mean,0.9326694012234806
100,rating_others_thoughts_mean,0.9371604162271833
100,rating_physical_mean,0.970094359025875
100,rating_places_mean,0.9717614606870382
100,rating_valence_mean,0.9497298974288726
100,rating_arousal_mean,0.9487162433458317
100,rating_sense_mean,0.6519031276111649
101,rating_imageability_mean,0.9302954492754678
101,rating_others_thoughts_mean,0.9346648355275229
101,rating_physical_mean,0.9699985111775528
101,rating_places_mean,0.9717379534443493
101,rating_valence_mean,0.9485444746836469
101,rating_arousal_mean,0.9485513378363636
101,rating_sense_mean,0.6401305415374743
102,rating_imageability_mean,0.9299540096886101
102,rating_others_thoughts_mean,0.9339033207861238
102,rating_physical_mean,0.9697729628035593
102,rating_places_mean,0.970909814080445
102,rating_valence_mean,0.9485401499734599
102,rating_arousal_mean,0.9482815104844444
102,rating_sense_mean,0.6361453038455094
103,rating_imageability_mean,0.9299516508629142
103,rating_others_thoughts_mean,0.9337726361494505
103,rating_physical_mean,0.9696660203991138
103,rating_places_mean,0.9709134308939987
103,rating_valence_mean,0.9484417994042039
103,rating_arousal_mean,0.9476813695610172
103,rating_sense_mean,0.636079504386879
104,rating_imageability_mean,0.9299266034319758
104,rating_others_thoughts_mean,0.9337156186708852
104,rating_physical_mean,0.9696426426160462
104,rating_places_mean,0.9704521539631223
104,rating_valence_mean,0.9484144736298239
104,rating_arousal_mean,0.9476827685059491
104,rating_sense_mean,0.6345159934576858
105,rating_imageability_mean,0.9299170232998103
105,rating_others_thoughts_mean,0.9336974842017968
105,rating_physical_mean,0.9696036970967509
105,rating_places_mean,0.9704464098015134
105,rating_valence_mean,0.9478193098703657
105,rating_arousal_mean,0.947490550541586
105,rating_sense_mean,0.634142374524274
106,rating_imageability_mean,0.9296173918942571
106,rating_others_thoughts_mean,0.9336542610834049
106,rating_physical_mean,0.9696028973697887
106,rating_places_mean,0.9704244400462354
106,rating_valence_mean,0.9472228121077432
106,rating_arousal_mean,0.9474914004732031
106,rating_sense_mean,0.6341421099545338
107,rating_imageability_mean,0.9289762007755551
107,rating_others_thoughts_mean,0.9332762336720186
107,rating_physical_mean,0.9686821337201394
107,rating_places_mean,0.9703759875956885
107,rating_valence_mean,0.9471934472645223
107,rating_arousal_mean,0.9471469421146972
107,rating_sense_mean,0.62279308990396
108,rating_imageability_mean,0.9289850522329585
108,rating_others_thoughts_mean,0.933190158618525
108,rating_physical_mean,0.9685787997417182
108,rating_places_mean,0.9703300857186512
108,rating_valence_mean,0.9468545276995267
108,rating_arousal_mean,0.9471051235715766
108,rating_sense_mean,0.619962112621256
109,rating_imageability_mean,0.9288413712099889
109,rating_others_thoughts_mean,0.9329127305498959
109,rating_physical_mean,0.9685624918766551
109,rating_places_mean,0.9702363756914935
109,rating_valence_mean,0.9468814768620807
109,rating_arousal_mean,0.9466942745503352
109,rating_sense_mean,0.6173122713836647
110,rating_imageability_mean,0.9288411054273529
110,rating_others_thoughts_mean,0.9327717837465404
110,rating_physical_mean,0.9685251162814296
110,rating_places_mean,0.9702146351735426
110,rating_valence_mean,0.9466721693267912
110,rating_arousal_mean,0.9464093745413898
110,rating_sense_mean,0.616809399885556
111,rating_imageability_mean,0.9286861070644201
111,rating_others_thoughts_mean,0.9325938546795032
111,rating_physical_mean,0.9683954006448007
111,rating_places_mean,0.9701966986306204
111,rating_valence_mean,0.9464659191195288
111,rating_arousal_mean,0.9463834745816669
111,rating_sense_mean,0.6152756549059593
112,rating_imageability_mean,0.9286597507557666
112,rating_others_thoughts_mean,0.9314978342773415
112,rating_physical_mean,0.9683709144389071
112,rating_places_mean,0.9701270041388633
112,rating_valence_mean,0.9459902135393111
112,rating_arousal_mean,0.9460153936805135
112,rating_sense_mean,0.6152582941828064
113,rating_imageability_mean,0.9286559057641917
113,rating_others_thoughts_mean,0.9313326916401018
113,rating_physical_mean,0.9682375014845195
113,rating_places_mean,0.9700962629200957
113,rating_valence_mean,0.9449268830729176
113,rating_arousal_mean,0.9458568849151716
113,rating_sense_mean,0.613738532314827
114,rating_imageability_mean,0.9285439850364665
114,rating_others_thoughts_mean,0.9302837042158018
114,rating_physical_mean,0.9682307214366161
114,rating_places_mean,0.9700949361072951
114,rating_valence_mean,0.9448874309536868
114,rating_arousal_mean,0.9435702107288524
114,rating_sense_mean,0.6087825406782906
115,rating_imageability_mean,0.928275886375016
115,rating_others_thoughts_mean,0.92808418026792
115,rating_physical_mean,0.9682277360890901
115,rating_places_mean,0.9700317775248697
115,rating_valence_mean,0.9445836153791339
115,rating_arousal_mean,0.9429898120413639
115,rating_sense_mean,0.6070883187402489
116,rating_imageability_mean,0.9282372164590338
116,rating_others_thoughts_mean,0.9249032370375252
116,rating_physical_mean,0.9675921635239232
116,rating_places_mean,0.9695942007721001
116,rating_valence_mean,0.9433869687170682
116,rating_arousal_mean,0.9419094709109426
116,rating_sense_mean,0.6060858475078852
117,rating_imageability_mean,0.9282199893375658
117,rating_others_thoughts_mean,0.924871941039096
117,rating_physical_mean,0.9671495340787759
117,rating_places_mean,0.9695937484248641
117,rating_valence_mean,0.9433889364145511
117,rating_arousal_mean,0.940868881829793
117,rating_sense_mean,0.6060317559157228
118,rating_imageability_mean,0.928206881173285
118,rating_others_thoughts_mean,0.9245905094945087
118,rating_physical_mean,0.967040290663531
118,rating_places_mean,0.9694416867309376
118,rating_valence_mean,0.9431026615610483
118,rating_arousal_mean,0.9403902700099763
118,rating_sense_mean,0.6060213962217766
119,rating_imageability_mean,0.9282072084022513
119,rating_others_thoughts_mean,0.924390904708587
119,rating_physical_mean,0.9670372661715707
119,rating_places_mean,0.9693599241161259
119,rating_valence_mean,0.9430462482861646
119,rating_arousal_mean,0.9398374064257546
119,rating_sense_mean,0.6058997984716133
120,rating_imageability_mean,0.9281991554142123
120,rating_others_thoughts_mean,0.9242120821333901
120,rating_physical_mean,0.9670213650022789
120,rating_places_mean,0.9692989495882207
120,rating_valence_mean,0.9420869414600984
120,rating_arousal_mean,0.9389311544296812
120,rating_sense_mean,0.6059103433277676
121,rating_imageability_mean,0.9270025631631221
121,rating_others_thoughts_mean,0.9231616550915704
121,rating_physical_mean,0.9665281172752187
121,rating_places_mean,0.969119070784592
121,rating_valence_mean,0.941095353907785
121,rating_arousal_mean,0.938487585567911
121,rating_sense_mean,0.5977504961193792
122,rating_imageability_mean,0.9249154611943993
122,rating_others_thoughts_mean,0.9218443404033206
122,rating_physical_mean,0.9664014262308289
122,rating_places_mean,0.9688351371158472
122,rating_valence_mean,0.9389239458457126
122,rating_arousal_mean,0.9378604521306285
122,rating_sense_mean,0.5917968722645011
123,rating_imageability_mean,0.9248156778859313
123,rating_others_thoughts_mean,0.9212746437547609
123,rating_physical_mean,0.9662113504577068
123,rating_places_mean,0.9687598682142605
123,rating_valence_mean,0.9378358088304795
123,rating_arousal_mean,0.9373385828536464
123,rating_sense_mean,0.5893618120143165
124,rating_imageability_mean,0.9247813250144039
124,rating_others_thoughts_mean,0.921148794335353
124,rating_physical_mean,0.9660687608020357
124,rating_places_mean,0.9687439803867066
124,rating_valence_mean,0.9376795188220857
124,rating_arousal_mean,0.9371681333443831
124,rating_sense_mean,0.5882158241542188
125,rating_imageability_mean,0.9246929482157855
125,rating_others_thoughts_mean,0.9204850388833667
125,rating_physical_mean,0.9659152598258304
125,rating_places_mean,0.9683030119872139
125,rating_valence_mean,0.937564657420658
125,rating_arousal_mean,0.9366905313306654
125,rating_sense_mean,0.5865005735557828
126,rating_imageability_mean,0.9245396620146078
126,rating_others_thoughts_mean,0.9194633759237304
126,rating_physical_mean,0.9658305880106048
126,rating_places_mean,0.9682681073575999
126,rating_valence_mean,0.9361355246742912
126,rating_arousal_mean,0.9366539730566227
126,rating_sense_mean,0.5848284358996849
127,rating_imageability_mean,0.924421610537408
127,rating_others_thoughts_mean,0.9194357430639399
127,rating_physical_mean,0.9654443585944458
127,rating_places_mean,0.9678883929111808
127,rating_valence_mean,0.9353705930528333
127,rating_arousal_mean,0.9347827320841647
127,rating_sense_mean,0.5836872665591823
128,rating_imageability_mean,0.9240961184917772
128,rating_others_thoughts_mean,0.9194255132899601
128,rating_physical_mean,0.9654385847561182
128,rating_places_mean,0.9678863490342435
128,rating_valence_mean,0.9349297275209556
128,rating_arousal_mean,0.9343791655648092
128,rating_sense_mean,0.573504334940949
129,rating_imageability_mean,0.9222059201654036
129,rating_others_thoughts_mean,0.917644361468603
129,rating_physical_mean,0.9654334710644854
129,rating_places_mean,0.9673490732924609
129,rating_valence_mean,0.9334345694855969
129,rating_arousal_mean,0.93426178679403
129,rating_sense_mean,0.5698493667104874
130,rating_imageability_mean,0.9206640804531159
130,rating_others_thoughts_mean,0.9148674528065392
130,rating_physical_mean,0.9653838020711523
130,rating_places_mean,0.9672750008213791
130,rating_valence_mean,0.932989758982669
130,rating_arousal_mean,0.9321338193544162
130,rating_sense_mean,0.5676159508727895
131,rating_imageability_mean,0.920066286281455
131,rating_others_thoughts_mean,0.9148656354388649
131,rating_physical_mean,0.9651547756141106
131,rating_places_mean,0.9672530942122884
131,rating_valence_mean,0.9319616792835433
131,rating_arousal_mean,0.9318872168036226
131,rating_sense_mean,0.5674540620166074
132,rating_imageability_mean,0.9197797035520231
132,rating_others_thoughts_mean,0.9128232002188408
132,rating_physical_mean,0.9650848312290125
132,rating_places_mean,0.9672067983662875
132,rating_valence_mean,0.9314186291899611
132,rating_arousal_mean,0.930610094813277
132,rating_sense_mean,0.5659928000853298
133,rating_imageability_mean,0.9195959547193343
133,rating_others_thoughts_mean,0.912648552042947
133,rating_physical_mean,0.9644664360805577
133,rating_places_mean,0.9666881142901141
133,rating_valence_mean,0.929595010496423
133,rating_arousal_mean,0.9304891004860734
133,rating_sense_mean,0.5655994672483666
134,rating_imageability_mean,0.9185254568584775
134,rating_others_thoughts_mean,0.9121173628099819
134,rating_physical_mean,0.9644175483388989
134,rating_places_mean,0.9664799221521579
134,rating_valence_mean,0.9294940115216477
134,rating_arousal_mean,0.930489477105417
134,rating_sense_mean,0.5638074700086473
135,rating_imageability_mean,0.9176034208573471
135,rating_others_thoughts_mean,0.9120179307573185
135,rating_physical_mean,0.9643969708889167
135,rating_places_mean,0.9661555949870246
135,rating_valence_mean,0.9295125368542321
135,rating_arousal_mean,0.9304979741175318
135,rating_sense_mean,0.5600952637730099
136,rating_imageability_mean,0.9163629375954402
136,rating_others_thoughts_mean,0.911120580807502
136,rating_physical_mean,0.9641610473864864
136,rating_places_mean,0.9661418124692024
136,rating_valence_mean,0.9287630738467381
136,rating_arousal_mean,0.92988668306448
136,rating_sense_mean,0.5543941672292652
137,rating_imageability_mean,0.9157173251943547
137,rating_others_thoughts_mean,0.9099692715455596
137,rating_physical_mean,0.9640103648587383
137,rating_places_mean,0.9661142495271164
137,rating_valence_mean,0.9283162580275929
137,rating_arousal_mean,0.9287590974660527
137,rating_sense_mean,0.5518746995445949
138,rating_imageability_mean,0.9151549771515352
138,rating_others_thoughts_mean,0.9099409996508255
138,rating_physical_mean,0.9636686529136598
138,rating_places_mean,0.9655647522293559
138,rating_valence_mean,0.9282760532938839
138,rating_arousal_mean,0.928520336463279
138,rating_sense_mean,0.550801088040719
139,rating_imageability_mean,0.9149779432523277
139,rating_others_thoughts_mean,0.9087682200333896
139,rating_physical_mean,0.9631275477203163
139,rating_places_mean,0.9655617773638788
139,rating_valence_mean,0.9282699208090102
139,rating_arousal_mean,0.9282229397223396
139,rating_sense_mean,0.5506816863627164
140,rating_imageability_mean,0.9149775258768025
140,rating_others_thoughts_mean,0.9087103500503081
140,rating_physical_mean,0.9630085906140359
140,rating_places_mean,0.9655012085131094
140,rating_valence_mean,0.9276584302780606
140,rating_arousal_mean,0.9281871859561897
140,rating_sense_mean,0.5492859232395122
141,rating_imageability_mean,0.9147192154193146
141,rating_others_thoughts_mean,0.9086559197998905
141,rating_physical_mean,0.9626891114926245
141,rating_places_mean,0.965240826160584
141,rating_valence_mean,0.9276479893350609
141,rating_arousal_mean,0.928050994033698
141,rating_sense_mean,0.5478375382389724
142,rating_imageability_mean,0.9144915308051386
142,rating_others_thoughts_mean,0.9086504748326677
142,rating_physical_mean,0.9626539071249061
142,rating_places_mean,0.9650854494554285
142,rating_valence_mean,0.9273324550040907
142,rating_arousal_mean,0.9277957734044336
142,rating_sense_mean,0.5419118643300306
143,rating_imageability_mean,0.912696631489049
143,rating_others_thoughts_mean,0.9076556032472043
143,rating_physical_mean,0.9624350313951617
143,rating_places_mean,0.965086604674985
143,rating_valence_mean,0.9261653826595132
143,rating_arousal_mean,0.9277498831336645
143,rating_sense_mean,0.5352146928643693
144,rating_imageability_mean,0.9121767672251518
144,rating_others_thoughts_mean,0.9068648809800185
144,rating_physical_mean,0.9624071534266172
144,rating_places_mean,0.9650708020227505
144,rating_valence_mean,0.9259897417912935
144,rating_arousal_mean,0.9276467034893837
144,rating_sense_mean,0.5323861874824518
145,rating_imageability_mean,0.9116523979307172
145,rating_others_thoughts_mean,0.9068473477846203
145,rating_physical_mean,0.9623975851085693
145,rating_places_mean,0.965049745998772
145,rating_valence_mean,0.925978656092865
145,rating_arousal_mean,0.9269969651579891
145,rating_sense_mean,0.5323651994076428
146,rating_imageability_mean,0.9116520777281184
146,rating_others_thoughts_mean,0.9064155432375366
146,rating_physical_mean,0.9622218785688754
146,rating_places_mean,0.9650100835824549
146,rating_valence_mean,0.9253119674707182
146,rating_arousal_mean,0.9263937866633497
146,rating_sense_mean,0.5304350925079037
147,rating_imageability_mean,0.9116042662700088
147,rating_others_thoughts_mean,0.9063686161057208
147,rating_physical_mean,0.9619883048628426
147,rating_places_mean,0.9649006590613003
147,rating_valence_mean,0.9248403974521493
147,rating_arousal_mean,0.9260319993881345
147,rating_sense_mean,0.5304159344054797
148,rating_imageability_mean,0.911313341995083
148,rating_others_thoughts_mean,0.9055761821044083
148,rating_physical_mean,0.9619408322756536
148,rating_places_mean,0.9648309577474361
148,rating_valence_mean,0.9248160774213507
148,rating_arousal_mean,0.9259819337490282
148,rating_sense_mean,0.5297940710849374
149,rating_imageability_mean,0.9110560885127852
149,rating_others_thoughts_mean,0.9037179514966099
149,rating_physical_mean,0.9618118582238634
149,rating_places_mean,0.9648019983448839
149,rating_valence_mean,0.9247782455224683
149,rating_arousal_mean,0.9259473847448932
149,rating_sense_mean,0.5276396981392889
150,rating_imageability_mean,0.9092331708512703
150,rating_others_thoughts_mean,0.9022836964916034
150,rating_physical_mean,0.9618082656578658
150,rating_places_mean,0.9646945044714784
150,rating_valence_mean,0.9238132041575067
150,rating_arousal_mean,0.9259528979617
150,rating_sense_mean,0.524447470772432
151,rating_imageability_mean,0.9077525596426992
151,rating_others_thoughts_mean,0.8980609537807066
151,rating_physical_mean,0.9615246116103574
151,rating_places_mean,0.9640904570613561
151,rating_valence_mean,0.9232701328819457
151,rating_arousal_mean,0.9225234022744343
151,rating_sense_mean,0.520406742092185
152,rating_imageability_mean,0.9077295766937328
152,rating_others_thoughts_mean,0.897695162716737
152,rating_physical_mean,0.9612621227712836
152,rating_places_mean,0.9638827230476545
152,rating_valence_mean,0.9230862451136354
152,rating_arousal_mean,0.9218965247671251
152,rating_sense_mean,0.5200632936067046
153,rating_imageability_mean,0.9077293375492247
153,rating_others_thoughts_mean,0.8974922245517806
153,rating_physical_mean,0.9612484724626665
153,rating_places_mean,0.963886506063764
153,rating_valence_mean,0.9228620079842783
153,rating_arousal_mean,0.9209073137385997
153,rating_sense_mean,0.5185830684342669
154,rating_imageability_mean,0.907687650817752
154,rating_others_thoughts_mean,0.8974913801274462
154,rating_physical_mean,0.961241560593483
154,rating_places_mean,0.9637052128346246
154,rating_valence_mean,0.9228684265343854
154,rating_arousal_mean,0.9206982919315378
154,rating_sense_mean,0.5184075041268442
155,rating_imageability_mean,0.9076582083479356
155,rating_others_thoughts_mean,0.8966883931984501
155,rating_physical_mean,0.9610628470157578
155,rating_places_mean,0.9632228637829658
155,rating_valence_mean,0.9218622342511413
155,rating_arousal_mean,0.9206720137092457
155,rating_sense_mean,0.5166867266733512
156,rating_imageability_mean,0.9064850127890208
156,rating_others_thoughts_mean,0.8946156182647496
156,rating_physical_mean,0.9608846669586448
156,rating_places_mean,0.9631371514841414
156,rating_valence_mean,0.9198559934064036
156,rating_arousal_mean,0.919863170161544
156,rating_sense_mean,0.5119367523482092
157,rating_imageability_mean,0.9064323605467065
157,rating_others_thoughts_mean,0.8916292361744177
157,rating_physical_mean,0.960568452764529
157,rating_places_mean,0.9618728627222453
157,rating_valence_mean,0.919761230350294
157,rating_arousal_mean,0.9195304491924795
157,rating_sense_mean,0.5088243659560661
158,rating_imageability_mean,0.9061780780975491
158,rating_others_thoughts_mean,0.8897583570542896
158,rating_physical_mean,0.9603317176235543
158,rating_places_mean,0.9616731395312696
158,rating_valence_mean,0.919576074075584
158,rating_arousal_mean,0.9173945182447777
158,rating_sense_mean,0.5032135954131666
159,rating_imageability_mean,0.9058650971008686
159,rating_others_thoughts_mean,0.8891961352957806
159,rating_physical_mean,0.9599996160814768
159,rating_places_mean,0.9616588174750801
159,rating_valence_mean,0.9195662174535565
159,rating_arousal_mean,0.9158038689214852
159,rating_sense_mean,0.5013817479134457
160,rating_imageability_mean,0.9058049144807896
160,rating_others_thoughts_mean,0.8887801476686301
160,rating_physical_mean,0.9592968940471083
160,rating_places_mean,0.9616092870246351
160,rating_valence_mean,0.9195344127656067
160,rating_arousal_mean,0.9157900670211355
160,rating_sense_mean,0.5009491771580192
161,rating_imageability_mean,0.9057475415070626
161,rating_others_thoughts_mean,0.8887823156793071
161,rating_physical_mean,0.9592220800687739
161,rating_places_mean,0.9615207030756981
161,rating_valence_mean,0.9195339917218308
161,rating_arousal_mean,0.9156448281198379
161,rating_sense_mean,0.5007623128432437
162,rating_imageability_mean,0.9057258331465776
162,rating_others_thoughts_mean,0.8884718183305335
162,rating_physical_mean,0.9591343772451106
162,rating_places_mean,0.9612332574234838
162,rating_valence_mean,0.9195712439951952
162,rating_arousal_mean,0.9156339683977897
162,rating_sense_mean,0.5003121375430784
163,rating_imageability_mean,0.9055719642721185
163,rating_others_thoughts_mean,0.8865665114858255
163,rating_physical_mean,0.9591329794626136
163,rating_places_mean,0.9601741222019282
163,rating_valence_mean,0.918469610664314
163,rating_arousal_mean,0.9142076573919417
163,rating_sense_mean,0.49659327988716495
164,rating_imageability_mean,0.9052702280277138
164,rating_others_thoughts_mean,0.8854788138640428
164,rating_physical_mean,0.9588832110362927
164,rating_places_mean,0.959991668246295
164,rating_valence_mean,0.916686234980163
164,rating_arousal_mean,0.913654549203921
164,rating_sense_mean,0.493262902118622
165,rating_imageability_mean,0.9049103776673755
165,rating_others_thoughts_mean,0.8842182833911917
165,rating_physical_mean,0.9577635053715978
165,rating_places_mean,0.9599905048749913
165,rating_valence_mean,0.9130410320941635
165,rating_arousal_mean,0.9132186673739757
165,rating_sense_mean,0.4875846557091933
166,rating_imageability_mean,0.9032914904243192
166,rating_others_thoughts_mean,0.8841116795506864
166,rating_physical_mean,0.9573104356129108
166,rating_places_mean,0.9596159282930738
166,rating_valence_mean,0.9130320378082847
166,rating_arousal_mean,0.9131722793576379
166,rating_sense_mean,0.4833915883955471
167,rating_imageability_mean,0.9031163307429981
167,rating_others_thoughts_mean,0.8829382258476719
167,rating_physical_mean,0.9556967186978244
167,rating_places_mean,0.9594126587482285
167,rating_valence_mean,0.9124966737858802
167,rating_arousal_mean,0.9096286673707955
167,rating_sense_mean,0.48185690806442816
168,rating_imageability_mean,0.9030560834614687
168,rating_others_thoughts_mean,0.8828228100930149
168,rating_physical_mean,0.9556108251356166
168,rating_places_mean,0.959410770233323
168,rating_valence_mean,0.9123228045686795
168,rating_arousal_mean,0.9093352678923954
168,rating_sense_mean,0.48157208542557917
169,rating_imageability_mean,0.9020973482165768
169,rating_others_thoughts_mean,0.882723300376358
169,rating_physical_mean,0.9555547752123276
169,rating_places_mean,0.9594129603539131
169,rating_valence_mean,0.9117419937335373
169,rating_arousal_mean,0.9091283906310907
169,rating_sense_mean,0.4796644711513878
170,rating_imageability_mean,0.9020840165140425
170,rating_others_thoughts_mean,0.8821511245791361
170,rating_physical_mean,0.9554378747673652
170,rating_places_mean,0.9593767079938171
170,rating_valence_mean,0.9115235234669395
170,rating_arousal_mean,0.9086384287725003
170,rating_sense_mean,0.4717164454459406
171,rating_imageability_mean,0.901959358593955
171,rating_others_thoughts_mean,0.8806396996613989
171,rating_physical_mean,0.9553578436809306
171,rating_places_mean,0.9593645892290753
171,rating_valence_mean,0.9112255507307324
171,rating_arousal_mean,0.9071973452247998
171,rating_sense_mean,0.4685639912352717
172,rating_imageability_mean,0.9019594673808089
172,rating_others_thoughts_mean,0.8796732195391406
172,rating_physical_mean,0.9549131192213941
172,rating_places_mean,0.9592919461262673
172,rating_valence_mean,0.9105326294731813
172,rating_arousal_mean,0.9069877574209458
172,rating_sense_mean,0.4666470121452908
173,rating_imageability_mean,0.9019001282463435
173,rating_others_thoughts_mean,0.8794613061376713
173,rating_physical_mean,0.9540581372339058
173,rating_places_mean,0.9591102429152599
173,rating_valence_mean,0.9082147023552688
173,rating_arousal_mean,0.9069861803482803
173,rating_sense_mean,0.46523032453058366
174,rating_imageability_mean,0.9018993446719621
174,rating_others_thoughts_mean,0.8792864423362434
174,rating_physical_mean,0.9538731744601101
174,rating_places_mean,0.9587957261650281
174,rating_valence_mean,0.9081695196093856
174,rating_arousal_mean,0.906980932419896
174,rating_sense_mean,0.46473471805379873
175,rating_imageability_mean,0.9016205804903403
175,rating_others_thoughts_mean,0.879282958490345
175,rating_physical_mean,0.9521477297082053
175,rating_places_mean,0.9587400787515551
175,rating_valence_mean,0.9076657024271478
175,rating_arousal_mean,0.9066741287806569
175,rating_sense_mean,0.4647175433503251
176,rating_imageability_mean,0.9014956500719375
176,rating_others_thoughts_mean,0.8789390961973886
176,rating_physical_mean,0.9517812921455119
176,rating_places_mean,0.9587081775951888
176,rating_valence_mean,0.9075790657386297
176,rating_arousal_mean,0.9065125757995269
176,rating_sense_mean,0.4644284057706014
177,rating_imageability_mean,0.9014707076938658
177,rating_others_thoughts_mean,0.8785554018359173
177,rating_physical_mean,0.9516701999621655
177,rating_places_mean,0.9584221852407213
177,rating_valence_mean,0.9075508228419712
177,rating_arousal_mean,0.9061432020776996
177,rating_sense_mean,0.4591329530817231
178,rating_imageability_mean,0.9005027234340639
178,rating_others_thoughts_mean,0.8758917169713644
178,rating_physical_mean,0.9515174616887407
178,rating_places_mean,0.9581006115802064
178,rating_valence_mean,0.9051172314080859
178,rating_arousal_mean,0.9053427142090774
178,rating_sense_mean,0.45268895476627646
179,rating_imageability_mean,0.9004381892959183
179,rating_others_thoughts_mean,0.8750720861532465
179,rating_physical_mean,0.9514805450817577
179,rating_places_mean,0.9581228757222909
179,rating_valence_mean,0.9040608169115149
179,rating_arousal_mean,0.9050189482721803
179,rating_sense_mean,0.45149091991541834
180,rating_imageability_mean,0.8998394135672536
180,rating_others_thoughts_mean,0.8749485956427722
180,rating_physical_mean,0.9514796671983667
180,rating_places_mean,0.9573779839351099
180,rating_valence_mean,0.904040316522773
180,rating_arousal_mean,0.9050184838528049
180,rating_sense_mean,0.4514794915058491
181,rating_imageability_mean,0.8994382738611183
181,rating_others_thoughts_mean,0.8746543352348619
181,rating_physical_mean,0.9511584071277794
181,rating_places_mean,0.9571834780759539
181,rating_valence_mean,0.9025058436541272
181,rating_arousal_mean,0.9044658938551146
181,rating_sense_mean,0.4511655023688237
182,rating_imageability_mean,0.8992683194518389
182,rating_others_thoughts_mean,0.8744467722782854
182,rating_physical_mean,0.9511537856202751
182,rating_places_mean,0.9571754005495643
182,rating_valence_mean,0.9025005220025157
182,rating_arousal_mean,0.9044650640691323
182,rating_sense_mean,0.4511168626496509
183,rating_imageability_mean,0.8988967503103826
183,rating_others_thoughts_mean,0.8742151886410808
183,rating_physical_mean,0.9511654572032271
183,rating_places_mean,0.9571655354739916
183,rating_valence_mean,0.9024891436977179
183,rating_arousal_mean,0.9044678046219308
183,rating_sense_mean,0.4509936361463075
184,rating_imageability_mean,0.898663185273641
184,rating_others_thoughts_mean,0.8713902310087012
184,rating_physical_mean,0.9510067718403978
184,rating_places_mean,0.9570686927346601
184,rating_valence_mean,0.9013758728277007
184,rating_arousal_mean,0.9017174970703906
184,rating_sense_mean,0.44397997562814984
185,rating_imageability_mean,0.8969957828089015
185,rating_others_thoughts_mean,0.8691451028441961
185,rating_physical_mean,0.9509882192249078
185,rating_places_mean,0.9570458320050185
185,rating_valence_mean,0.9009206614828742
185,rating_arousal_mean,0.9013944385138047
185,rating_sense_mean,0.4374631456979635
186,rating_imageability_mean,0.8967399213009312
186,rating_others_thoughts_mean,0.8683342823291971
186,rating_physical_mean,0.9509850127133841
186,rating_places_mean,0.9569510557986515
186,rating_valence_mean,0.900510074445594
186,rating_arousal_mean,0.9013259019524391
186,rating_sense_mean,0.4364105757645492
187,rating_imageability_mean,0.8953757943779304
187,rating_others_thoughts_mean,0.8681679504881947
187,rating_physical_mean,0.9509805725670796
187,rating_places_mean,0.9569348509165565
187,rating_valence_mean,0.900321730972477
187,rating_arousal_mean,0.9012282241664173
187,rating_sense_mean,0.43551767744398806
188,rating_imageability_mean,0.895014331444799
188,rating_others_thoughts_mean,0.8681677550548301
188,rating_physical_mean,0.9506238168005906
188,rating_places_mean,0.9567493813313298
188,rating_valence_mean,0.9002690844240991
188,rating_arousal_mean,0.9010605421682785
188,rating_sense_mean,0.4347601268887895
189,rating_imageability_mean,0.8949247606058943
189,rating_others_thoughts_mean,0.8681354176627587
189,rating_physical_mean,0.9501213992981835
189,rating_places_mean,0.9556057952000433
189,rating_valence_mean,0.8998821029501947
189,rating_arousal_mean,0.901008276842171
189,rating_sense_mean,0.4334465342309647
190,rating_imageability_mean,0.8944162810756597
190,rating_others_thoughts_mean,0.8677081411483466
190,rating_physical_mean,0.9494955046167768
190,rating_places_mean,0.9553086791258008
190,rating_valence_mean,0.8998832000703421
190,rating_arousal_mean,0.9007859966520142
190,rating_sense_mean,0.43320516176364
191,rating_imageability_mean,0.8940229669848807
191,rating_others_thoughts_mean,0.8657979197274642
191,rating_physical_mean,0.9494444587039551
191,rating_places_mean,0.95518314435085
191,rating_valence_mean,0.8998407517572923
191,rating_arousal_mean,0.8980125745554153
191,rating_sense_mean,0.42481728432411814
192,rating_imageability_mean,0.893247707868419
192,rating_others_thoughts_mean,0.8627364085127879
192,rating_physical_mean,0.9494418262167623
192,rating_places_mean,0.9551092600978716
192,rating_valence_mean,0.8996387581012509
192,rating_arousal_mean,0.8965921006439529
192,rating_sense_mean,0.42085319360993145
193,rating_imageability_mean,0.8930771250922909
193,rating_others_thoughts_mean,0.8625329137206799
193,rating_physical_mean,0.9494217713505164
193,rating_places_mean,0.95501352548457
193,rating_valence_mean,0.8988760933691929
193,rating_arousal_mean,0.896494804323749
193,rating_sense_mean,0.42085253240670484
194,rating_imageability_mean,0.8925265434080967
194,rating_others_thoughts_mean,0.8625331288917307
194,rating_physical_mean,0.9491829968175421
194,rating_places_mean,0.954922088285353
194,rating_valence_mean,0.898875414842479
194,rating_arousal_mean,0.8964574871936007
194,rating_sense_mean,0.4207661745433263
195,rating_imageability_mean,0.8922285447343701
195,rating_others_thoughts_mean,0.8625270920252224
195,rating_physical_mean,0.949055548420311
195,rating_places_mean,0.9549235430681214
195,rating_valence_mean,0.8988309285039208
195,rating_arousal_mean,0.8964346795514523
195,rating_sense_mean,0.4207628292634057
196,rating_imageability_mean,0.892092030284462
196,rating_others_thoughts_mean,0.8625184656665741
196,rating_physical_mean,0.9489893776129412
196,rating_places_mean,0.9549117724729923
196,rating_valence_mean,0.8987994304121726
196,rating_arousal_mean,0.896431486919015
196,rating_sense_mean,0.42075018393455754
197,rating_imageability_mean,0.8917811645010558
197,rating_others_thoughts_mean,0.8625102720895608
197,rating_physical_mean,0.9481968884951477
197,rating_places_mean,0.9546536652446209
197,rating_valence_mean,0.8980584125711233
197,rating_arousal_mean,0.8960083624571149
197,rating_sense_mean,0.4202648658316237
198,rating_imageability_mean,0.8907278201725092
198,rating_others_thoughts_mean,0.861657598055315
198,rating_physical_mean,0.9481206943162991
198,rating_places_mean,0.9541397055219449
198,rating_valence_mean,0.8964727485477355
198,rating_arousal_mean,0.8938668184277834
198,rating_sense_mean,0.41307734361022796
199,rating_imageability_mean,0.8905753830508074
199,rating_others_thoughts_mean,0.8594006794024555
199,rating_physical_mean,0.9481347303067227
199,rating_places_mean,0.9541075419187407
199,rating_valence_mean,0.8949294993235445
199,rating_arousal_mean,0.8937040948951214
199,rating_sense_mean,0.4105194566336796
200,rating_imageability_mean,0.8905705272090154
200,rating_others_thoughts_mean,0.8553795102786437
200,rating_physical_mean,0.9480185003623786
200,rating_places_mean,0.9540633670395994
200,rating_valence_mean,0.8941502695183916
200,rating_arousal_mean,0.8936849661477964
200,rating_sense_mean,0.40953774476592186
201,rating_imageability_mean,0.8904891289244905
201,rating_others_thoughts_mean,0.8552574478370684
201,rating_physical_mean,0.9479819575417592
201,rating_places_mean,0.9538482971825669
201,rating_valence_mean,0.8937721161383402
201,rating_arousal_mean,0.8935420122746283
201,rating_sense_mean,0.409505856997074
202,rating_imageability_mean,0.889467756763744
202,rating_others_thoughts_mean,0.8547998529729449
202,rating_physical_mean,0.9474593432713729
202,rating_places_mean,0.9536081272751438
202,rating_valence_mean,0.8931329666979754
202,rating_arousal_mean,0.8930168130660867
202,rating_sense_mean,0.40948758558704057
203,rating_imageability_mean,0.8893615710378081
203,rating_others_thoughts_mean,0.8547994502943035
203,rating_physical_mean,0.9472302168255743
203,rating_places_mean,0.9536054554803777
203,rating_valence_mean,0.8931178716127377
203,rating_arousal_mean,0.8924920643525251
203,rating_sense_mean,0.40895338076988375
204,rating_imageability_mean,0.8881299265982261
204,rating_others_thoughts_mean,0.8547989741558368
204,rating_physical_mean,0.9452488355208759
204,rating_places_mean,0.953596472788738
204,rating_valence_mean,0.8929679442214592
204,rating_arousal_mean,0.8904585782886081
204,rating_sense_mean,0.4089535709817177
205,rating_imageability_mean,0.8876211747750054
205,rating_others_thoughts_mean,0.8543194459445309
205,rating_physical_mean,0.9452482267123585
205,rating_places_mean,0.9535878063613868
205,rating_valence_mean,0.8928263507044849
205,rating_arousal_mean,0.8902930010936447
205,rating_sense_mean,0.4029838529097396
206,rating_imageability_mean,0.8872175445175237
206,rating_others_thoughts_mean,0.8527300394744803
206,rating_physical_mean,0.9451370121764463
206,rating_places_mean,0.9534168321286876
206,rating_valence_mean,0.8911614714153809
206,rating_arousal_mean,0.8879950050926532
206,rating_sense_mean,0.3978378570297544
207,rating_imageability_mean,0.886931393571748
207,rating_others_thoughts_mean,0.8526136126730947
207,rating_physical_mean,0.9450986157179435
207,rating_places_mean,0.9530297969986773
207,rating_valence_mean,0.8911000529283997
207,rating_arousal_mean,0.8869164520518746
207,rating_sense_mean,0.3973159350136797
208,rating_imageability_mean,0.8869150200597824
208,rating_others_thoughts_mean,0.8520038237537653
208,rating_physical_mean,0.9449495627809077
208,rating_places_mean,0.9526057345904635
208,rating_valence_mean,0.8910918464402112
208,rating_arousal_mean,0.8867158984948776
208,rating_sense_mean,0.3971471589498977
209,rating_imageability_mean,0.8844205431708596
209,rating_others_thoughts_mean,0.8519766970878527
209,rating_physical_mean,0.9444929415342721
209,rating_places_mean,0.9522736768387557
209,rating_valence_mean,0.8909402973213356
209,rating_arousal_mean,0.8867095545985275
209,rating_sense_mean,0.39648089059651226
210,rating_imageability_mean,0.8843450155566187
210,rating_others_thoughts_mean,0.8519692528449352
210,rating_physical_mean,0.9436618698632179
210,rating_places_mean,0.952223869553099
210,rating_valence_mean,0.8903696092432041
210,rating_arousal_mean,0.8846913645486294
210,rating_sense_mean,0.39611422089579795
211,rating_imageability_mean,0.8841311993194193
211,rating_others_thoughts_mean,0.8519628049357518
211,rating_physical_mean,0.9432434613844151
211,rating_places_mean,0.951627814131796
211,rating_valence_mean,0.8902295473100534
211,rating_arousal_mean,0.8845231031665354
211,rating_sense_mean,0.395917407074006
212,rating_imageability_mean,0.8838099021451612
212,rating_others_thoughts_mean,0.8489907584258021
212,rating_physical_mean,0.9432080400902496
212,rating_places_mean,0.9516247665997639
212,rating_valence_mean,0.8896422856494581
212,rating_arousal_mean,0.8842505017692882
212,rating_sense_mean,0.3928735253964081
213,rating_imageability_mean,0.8830406174223766
213,rating_others_thoughts_mean,0.8446185345751495
213,rating_physical_mean,0.9428794928734872
213,rating_places_mean,0.9516006215888834
213,rating_valence_mean,0.8878296013135272
213,rating_arousal_mean,0.8799665760842327
213,rating_sense_mean,0.3894293001975371
214,rating_imageability_mean,0.8829697642722483
214,rating_others_thoughts_mean,0.8424453536626888
214,rating_physical_mean,0.9425612888500651
214,rating_places_mean,0.9503813628151832
214,rating_valence_mean,0.8876524390326593
214,rating_arousal_mean,0.8798045750418638
214,rating_sense_mean,0.3870396376601496
215,rating_imageability_mean,0.8829278812838913
215,rating_others_thoughts_mean,0.8424169194586489
215,rating_physical_mean,0.9425106466409617
215,rating_places_mean,0.9501384397437883
215,rating_valence_mean,0.8876353008068556
215,rating_arousal_mean,0.8797924108347097
215,rating_sense_mean,0.3866756896113057
216,rating_imageability_mean,0.8790706346310766
216,rating_others_thoughts_mean,0.8424144073392323
216,rating_physical_mean,0.9398699704049376
216,rating_places_mean,0.9491287331381346
216,rating_valence_mean,0.8875751967718639
216,rating_arousal_mean,0.8796842519425119
216,rating_sense_mean,0.38666914775251815
217,rating_imageability_mean,0.8790702759538087
217,rating_others_thoughts_mean,0.8424018868867162
217,rating_physical_mean,0.939811172705278
217,rating_places_mean,0.9480586026450223
217,rating_valence_mean,0.8858816098029135
217,rating_arousal_mean,0.8794794757344468
217,rating_sense_mean,0.3866638157730147
218,rating_imageability_mean,0.8763863154731164
218,rating_others_thoughts_mean,0.8422617984117148
218,rating_physical_mean,0.936894815980244
218,rating_places_mean,0.947716580021807
218,rating_valence_mean,0.8858024820959475
218,rating_arousal_mean,0.8789588115766785
218,rating_sense_mean,0.3865917311952636
219,rating_imageability_mean,0.8761003439945837
219,rating_others_thoughts_mean,0.8420488301522437
219,rating_physical_mean,0.9368856035180696
219,rating_places_mean,0.9472518679791052
219,rating_valence_mean,0.8855789887298775
219,rating_arousal_mean,0.8789172212003291
219,rating_sense_mean,0.3797552971736671
220,rating_imageability_mean,0.8760818787592086
220,rating_others_thoughts_mean,0.8412079688058547
220,rating_physical_mean,0.9366668394104871
220,rating_places_mean,0.9472403457785387
220,rating_valence_mean,0.8854938810744445
220,rating_arousal_mean,0.878786884493959
220,rating_sense_mean,0.37852486103431726
221,rating_imageability_mean,0.8760378298569129
221,rating_others_thoughts_mean,0.8393235803028467
221,rating_physical_mean,0.9366624202028426
221,rating_places_mean,0.9471649946667151
221,rating_valence_mean,0.8845971194053294
221,rating_arousal_mean,0.8787809508712258
221,rating_sense_mean,0.3769136844342068
222,rating_imageability_mean,0.8759691659422877
222,rating_others_thoughts_mean,0.8391550461511847
222,rating_physical_mean,0.9365769131610426
222,rating_places_mean,0.9470345400365099
222,rating_valence_mean,0.884253779986917
222,rating_arousal_mean,0.8785246980959787
222,rating_sense_mean,0.37681460348160434
223,rating_imageability_mean,0.87579451449923
223,rating_others_thoughts_mean,0.8390910929562279
223,rating_physical_mean,0.9359253028707757
223,rating_places_mean,0.9460619422926865
223,rating_valence_mean,0.8841845148114333
223,rating_arousal_mean,0.8767108043990426
223,rating_sense_mean,0.3765844417466224
224,rating_imageability_mean,0.8757386554529455
224,rating_others_thoughts_mean,0.8389441283820338
224,rating_physical_mean,0.9358320161152032
224,rating_places_mean,0.9453026203347475
224,rating_valence_mean,0.8841149008508219
224,rating_arousal_mean,0.8761121660683587
224,rating_sense_mean,0.3755862140673404
225,rating_imageability_mean,0.8751680156997994
225,rating_others_thoughts_mean,0.8389277941161865
225,rating_physical_mean,0.9300262143932111
225,rating_places_mean,0.9430382342789334
225,rating_valence_mean,0.8841143586102711
225,rating_arousal_mean,0.8759493768677562
225,rating_sense_mean,0.37543065652713736
226,rating_imageability_mean,0.875085657087334
226,rating_others_thoughts_mean,0.8388451558304861
226,rating_physical_mean,0.9300257506948747
226,rating_places_mean,0.9430321621789343
226,rating_valence_mean,0.8839995997005363
226,rating_arousal_mean,0.8759154701414315
226,rating_sense_mean,0.3717285099369265
227,rating_imageability_mean,0.8750141797658532
227,rating_others_thoughts_mean,0.8355757676503153
227,rating_physical_mean,0.928967075127564
227,rating_places_mean,0.9421594508897111
227,rating_valence_mean,0.8829368522908702
227,rating_arousal_mean,0.8733944288969451
227,rating_sense_mean,0.3687089932530515
228,rating_imageability_mean,0.8747338711032431
228,rating_others_thoughts_mean,0.8348599842062587
228,rating_physical_mean,0.928598398294345
228,rating_places_mean,0.9420374059268749
228,rating_valence_mean,0.8828093951300143
228,rating_arousal_mean,0.8733950907811924
228,rating_sense_mean,0.36719942924967885
229,rating_imageability_mean,0.874733220006351
229,rating_others_thoughts_mean,0.8348263617985604
229,rating_physical_mean,0.9285361861661824
229,rating_places_mean,0.9420375423023665
229,rating_valence_mean,0.8828062042352963
229,rating_arousal_mean,0.8731770102201578
229,rating_sense_mean,0.3665450147777667
230,rating_imageability_mean,0.8738856515081008
230,rating_others_thoughts_mean,0.8346964498892442
230,rating_physical_mean,0.9280297248083275
230,rating_places_mean,0.9410986455119332
230,rating_valence_mean,0.8826593373474587
230,rating_arousal_mean,0.8731728410159432
230,rating_sense_mean,0.36643437001753376
231,rating_imageability_mean,0.8736216142066157
231,rating_others_thoughts_mean,0.8346808901622331
231,rating_physical_mean,0.9275135596029466
231,rating_places_mean,0.9408472927326208
231,rating_valence_mean,0.8826025071169916
231,rating_arousal_mean,0.8731174315763205
231,rating_sense_mean,0.366431776584769
232,rating_imageability_mean,0.8722919807331146
232,rating_others_thoughts_mean,0.834508085922
232,rating_physical_mean,0.9264194994141368
232,rating_places_mean,0.9408392819246467
232,rating_valence_mean,0.8821922708323493
232,rating_arousal_mean,0.8719255754136048
232,rating_sense_mean,0.3663823681021987
233,rating_imageability_mean,0.8708774022855363
233,rating_others_thoughts_mean,0.8340971580215112
233,rating_physical_mean,0.9259795890992384
233,rating_places_mean,0.9395070615480197
233,rating_valence_mean,0.8808354963480971
233,rating_arousal_mean,0.8710001956461871
233,rating_sense_mean,0.36247245662221783
234,rating_imageability_mean,0.8702208033148973
234,rating_others_thoughts_mean,0.8315317201112529
234,rating_physical_mean,0.9259617597286495
234,rating_places_mean,0.9394313477423091
234,rating_valence_mean,0.87875664385784
234,rating_arousal_mean,0.8690495340850575
234,rating_sense_mean,0.36172303404801676
235,rating_imageability_mean,0.8701565238181388
235,rating_others_thoughts_mean,0.8272840060223315
235,rating_physical_mean,0.9258411769854875
235,rating_places_mean,0.939156332248368
235,rating_valence_mean,0.8786942502085611
235,rating_arousal_mean,0.8677016477777155
235,rating_sense_mean,0.36134386358645576
236,rating_imageability_mean,0.8699833402794316
236,rating_others_thoughts_mean,0.8270109734984926
236,rating_physical_mean,0.9252454143466186
236,rating_places_mean,0.9390485210713662
236,rating_valence_mean,0.8779995702777956
236,rating_arousal_mean,0.8666712238149247
236,rating_sense_mean,0.36116608010393025
237,rating_imageability_mean,0.8667507954104797
237,rating_others_thoughts_mean,0.826423329585831
237,rating_physical_mean,0.9234314470529581
237,rating_places_mean,0.9389849458540424
237,rating_valence_mean,0.8779510278911887
237,rating_arousal_mean,0.8666273659169385
237,rating_sense_mean,0.36101391445357434
238,rating_imageability_mean,0.8667505030241227
238,rating_others_thoughts_mean,0.8258980142272946
238,rating_physical_mean,0.9232585781026513
238,rating_places_mean,0.9388974845427556
238,rating_valence_mean,0.8776944843422385
238,rating_arousal_mean,0.8665638954975016
238,rating_sense_mean,0.3609736860481888
239,rating_imageability_mean,0.8652870275773074
239,rating_others_thoughts_mean,0.8258849267596139
239,rating_physical_mean,0.9189910532156079
239,rating_places_mean,0.9382306805747158
239,rating_valence_mean,0.877446046799224
239,rating_arousal_mean,0.8664797924407185
239,rating_sense_mean,0.3608649155102176
240,rating_imageability_mean,0.8652413066677951
240,rating_others_thoughts_mean,0.8258615908875784
240,rating_physical_mean,0.9185091342730866
240,rating_places_mean,0.9382263518529136
240,rating_valence_mean,0.8774350407029589
240,rating_arousal_mean,0.8657528071850675
240,rating_sense_mean,0.3601923491520467
241,rating_imageability_mean,0.8648101226510114
241,rating_others_thoughts_mean,0.8250404053521205
241,rating_physical_mean,0.9180736297163372
241,rating_places_mean,0.9380606381530556
241,rating_valence_mean,0.8772887468752031
241,rating_arousal_mean,0.8650211212292738
241,rating_sense_mean,0.35889557187060994
242,rating_imageability_mean,0.8648098855825712
242,rating_others_thoughts_mean,0.8235967110348155
242,rating_physical_mean,0.9180698265572589
242,rating_places_mean,0.9380398249970062
242,rating_valence_mean,0.8772052303584387
242,rating_arousal_mean,0.8648883312318922
242,rating_sense_mean,0.35812478180561425
243,rating_imageability_mean,0.8641799058117267
243,rating_others_thoughts_mean,0.8227578050342098
243,rating_physical_mean,0.9178265362341165
243,rating_places_mean,0.9377068978867316
243,rating_valence_mean,0.8770362776052422
243,rating_arousal_mean,0.863907803504113
243,rating_sense_mean,0.35796471937826624
244,rating_imageability_mean,0.8608076486369081
244,rating_others_thoughts_mean,0.822739836603775
244,rating_physical_mean,0.9163821979236585
244,rating_places_mean,0.9376992135174145
244,rating_valence_mean,0.8765381297273146
244,rating_arousal_mean,0.8639065958037904
244,rating_sense_mean,0.3575946405823873
245,rating_imageability_mean,0.8607777636000356
245,rating_others_thoughts_mean,0.8226516701365879
245,rating_physical_mean,0.9163677054545564
245,rating_places_mean,0.9376333859793726
245,rating_valence_mean,0.876269943795818
245,rating_arousal_mean,0.8638921724233465
245,rating_sense_mean,0.3574312127330431
246,rating_imageability_mean,0.8591496296004357
246,rating_others_thoughts_mean,0.8220094109407998
246,rating_physical_mean,0.9144612465515556
246,rating_places_mean,0.936808325877784
246,rating_valence_mean,0.8757119064341605
246,rating_arousal_mean,0.8618486050455842
246,rating_sense_mean,0.357247634719431
247,rating_imageability_mean,0.8590613417800765
247,rating_others_thoughts_mean,0.8203418399352642
247,rating_physical_mean,0.914046448025732
247,rating_places_mean,0.9367543029791434
247,rating_valence_mean,0.8755333277864769
247,rating_arousal_mean,0.8604259088717171
247,rating_sense_mean,0.3514233425385622
248,rating_imageability_mean,0.8589991003650655
248,rating_others_thoughts_mean,0.8177104887543788
248,rating_physical_mean,0.9137804346201222
248,rating_places_mean,0.9367011179554825
248,rating_valence_mean,0.8753761325333479
248,rating_arousal_mean,0.8604138417220075
248,rating_sense_mean,0.34831040488462806
249,rating_imageability_mean,0.8585521741460467
249,rating_others_thoughts_mean,0.8150000659191814
249,rating_physical_mean,0.9136225888594829
249,rating_places_mean,0.9320875095438188
249,rating_valence_mean,0.874974879786358
249,rating_arousal_mean,0.8599151685469018
249,rating_sense_mean,0.34781852750820474
250,rating_imageability_mean,0.8569196248678101
250,rating_others_thoughts_mean,0.8149862205958356
250,rating_physical_mean,0.9133888331300585
250,rating_places_mean,0.9319318668892299
250,rating_valence_mean,0.8746785737424007
250,rating_arousal_mean,0.8598779857630694
250,rating_sense_mean,0.34693190272490926
251,rating_imageability_mean,0.8560389105444781
251,rating_others_thoughts_mean,0.8149855405059947
251,rating_physical_mean,0.9124562659912077
251,rating_places_mean,0.9318016238786303
251,rating_valence_mean,0.8746637986318007
251,rating_arousal_mean,0.859726262684193
251,rating_sense_mean,0.34692039030877897
252,rating_imageability_mean,0.8559950144469834
252,rating_others_thoughts_mean,0.8149312594233576
252,rating_physical_mean,0.9116384082964417
252,rating_places_mean,0.9316645725285667
252,rating_valence_mean,0.8745962436561675
252,rating_arousal_mean,0.859442655633258
252,rating_sense_mean,0.3464005675183319
253,rating_imageability_mean,0.8537010470234657
253,rating_others_thoughts_mean,0.8147849515287514
253,rating_physical_mean,0.9095910953022502
253,rating_places_mean,0.9315855119282908
253,rating_valence_mean,0.8741627346670203
253,rating_arousal_mean,0.8593467595140677
253,rating_sense_mean,0.34639532899401104
254,rating_imageability_mean,0.852735800045761
254,rating_others_thoughts_mean,0.8122227340655543
254,rating_physical_mean,0.909483174516978
254,rating_places_mean,0.9315847915680048
254,rating_valence_mean,0.8738023258768847
254,rating_arousal_mean,0.8577578458910533
254,rating_sense_mean,0.3434833183262481
255,rating_imageability_mean,0.8524512559830921
255,rating_others_thoughts_mean,0.8116420836196185
255,rating_physical_mean,0.9094094728881587
255,rating_places_mean,0.9313394188577349
255,rating_valence_mean,0.8725373770568211
255,rating_arousal_mean,0.8575954277100505
255,rating_sense_mean,0.33929605926646433
256,rating_imageability_mean,0.852191312709789
256,rating_others_thoughts_mean,0.8094043494100744
256,rating_physical_mean,0.9084147769779765
256,rating_places_mean,0.9313073229545948
256,rating_valence_mean,0.8723370980859759
256,rating_arousal_mean,0.8575465970901965
256,rating_sense_mean,0.33884537262640346
257,rating_imageability_mean,0.8515011029030042
257,rating_others_thoughts_mean,0.8091368451272638
257,rating_physical_mean,0.9083989561866901
257,rating_places_mean,0.9310480932348549
257,rating_valence_mean,0.8720970810022474
257,rating_arousal_mean,0.8558154549936348
257,rating_sense_mean,0.33714487270059357
258,rating_imageability_mean,0.850289394927207
258,rating_others_thoughts_mean,0.8089283079384516
258,rating_physical_mean,0.9075438268275555
258,rating_places_mean,0.9310256395722776
258,rating_valence_mean,0.8705197912296505
258,rating_arousal_mean,0.8550649366325334
258,rating_sense_mean,0.33676726128259327
259,rating_imageability_mean,0.8501796083772963
259,rating_others_thoughts_mean,0.8088477096403276
259,rating_physical_mean,0.9073763990279402
259,rating_places_mean,0.9305008633229342
259,rating_valence_mean,0.87022187353188
259,rating_arousal_mean,0.8543186026159586
259,rating_sense_mean,0.3365807781675523
260,rating_imageability_mean,0.8456639221219735
260,rating_others_thoughts_mean,0.8077929957129248
260,rating_physical_mean,0.9051725796384164
260,rating_places_mean,0.9290806985586629
260,rating_valence_mean,0.8701823628827976
260,rating_arousal_mean,0.8540310006657595
260,rating_sense_mean,0.33656412892602394
261,rating_imageability_mean,0.8453047926074239
261,rating_others_thoughts_mean,0.8061504520580132
261,rating_physical_mean,0.9049815175228388
261,rating_places_mean,0.9290748837813602
261,rating_valence_mean,0.8700543411595827
261,rating_arousal_mean,0.8537367232051242
261,rating_sense_mean,0.33392730026188167
262,rating_imageability_mean,0.8452975907733504
262,rating_others_thoughts_mean,0.8049086216345867
262,rating_physical_mean,0.9049814129354793
262,rating_places_mean,0.9288851307151441
262,rating_valence_mean,0.8700411818971724
262,rating_arousal_mean,0.8521796797106889
262,rating_sense_mean,0.33194549988182664
263,rating_imageability_mean,0.845122980007276
263,rating_others_thoughts_mean,0.8031744285661178
263,rating_physical_mean,0.9049810305233812
263,rating_places_mean,0.9285735875692429
263,rating_valence_mean,0.8685826644101141
263,rating_arousal_mean,0.8521401917440774
263,rating_sense_mean,0.3318811348640236
264,rating_imageability_mean,0.8446200450611967
264,rating_others_thoughts_mean,0.803124683869792
264,rating_physical_mean,0.9049678943963143
264,rating_places_mean,0.9281988982811408
264,rating_valence_mean,0.8658216803347282
264,rating_arousal_mean,0.8515411126964145
264,rating_sense_mean,0.33174789425801454
265,rating_imageability_mean,0.8386836265685058
265,rating_others_thoughts_mean,0.8030399983921781
265,rating_physical_mean,0.9032910467203714
265,rating_places_mean,0.9277212428738427
265,rating_valence_mean,0.8636113360193954
265,rating_arousal_mean,0.8510110528990922
265,rating_sense_mean,0.3314434111004426
266,rating_imageability_mean,0.8381430034074362
266,rating_others_thoughts_mean,0.8030232108391309
266,rating_physical_mean,0.9021366697884798
266,rating_places_mean,0.9277080730278241
266,rating_valence_mean,0.8626902991075477
266,rating_arousal_mean,0.8502567587463988
266,rating_sense_mean,0.3314350895477569
267,rating_imageability_mean,0.8375484756373112
267,rating_others_thoughts_mean,0.8030037811776368
267,rating_physical_mean,0.8995944270215961
267,rating_places_mean,0.92583726487695
267,rating_valence_mean,0.859215701097034
267,rating_arousal_mean,0.8496477239210498
267,rating_sense_mean,0.33022758259541773
268,rating_imageability_mean,0.8364557260304211
268,rating_others_thoughts_mean,0.8028534253867065
268,rating_physical_mean,0.899146125189069
268,rating_places_mean,0.9252948717619693
268,rating_valence_mean,0.8586387769868562
268,rating_arousal_mean,0.8488276638356562
268,rating_sense_mean,0.3275148700452495
269,rating_imageability_mean,0.8361692345980984
269,rating_others_thoughts_mean,0.8021892011502229
269,rating_physical_mean,0.8991426667217923
269,rating_places_mean,0.9252180819917225
269,rating_valence_mean,0.8582961435738705
269,rating_arousal_mean,0.8485008283760638
269,rating_sense_mean,0.3258679253226203
270,rating_imageability_mean,0.8346853449261092
270,rating_others_thoughts_mean,0.7998795158299987
270,rating_physical_mean,0.8990277603877175
270,rating_places_mean,0.9250873523081569
270,rating_valence_mean,0.8582918839788751
270,rating_arousal_mean,0.848126703747674
270,rating_sense_mean,0.32574926256582537
271,rating_imageability_mean,0.8323615437371721
271,rating_others_thoughts_mean,0.7997858613744226
271,rating_physical_mean,0.8986894718324252
271,rating_places_mean,0.9222902749737597
271,rating_valence_mean,0.8566064087387322
271,rating_arousal_mean,0.8481266098064694
271,rating_sense_mean,0.3257232886994592
272,rating_imageability_mean,0.8274010090512336
272,rating_others_thoughts_mean,0.79865541387812
272,rating_physical_mean,0.8959932024583364
272,rating_places_mean,0.9214173170759649
272,rating_valence_mean,0.8565716619665413
272,rating_arousal_mean,0.8479978622608368
272,rating_sense_mean,0.3256752012139583
273,rating_imageability_mean,0.8271192409084249
273,rating_others_thoughts_mean,0.7985742497828355
273,rating_physical_mean,0.8956935450864035
273,rating_places_mean,0.9211600672646627
273,rating_valence_mean,0.8552626227731999
273,rating_arousal_mean,0.8478048583441293
273,rating_sense_mean,0.32543860397621205
274,rating_imageability_mean,0.8250703408237382
274,rating_others_thoughts_mean,0.7985711924444221
274,rating_physical_mean,0.8933505171402759
274,rating_places_mean,0.9206227271607417
274,rating_valence_mean,0.8537344217974822
274,rating_arousal_mean,0.8468967114432593
274,rating_sense_mean,0.32480424514073747
275,rating_imageability_mean,0.8244316225055897
275,rating_others_thoughts_mean,0.7965162587340566
275,rating_physical_mean,0.8931263480012305
275,rating_places_mean,0.920251910796914
275,rating_valence_mean,0.8537327964559969
275,rating_arousal_mean,0.842451985701312
275,rating_sense_mean,0.3223244257866573
276,rating_imageability_mean,0.8244210153618303
276,rating_others_thoughts_mean,0.7947636945151572
276,rating_physical_mean,0.8931218061468141
276,rating_places_mean,0.9194847914898283
276,rating_valence_mean,0.8512832662628407
276,rating_arousal_mean,0.8419036516435194
276,rating_sense_mean,0.3203895371468849
277,rating_imageability_mean,0.8233474501911716
277,rating_others_thoughts_mean,0.790516577816124
277,rating_physical_mean,0.8923729482542699
277,rating_places_mean,0.9193760726830544
277,rating_valence_mean,0.8504441956016988
277,rating_arousal_mean,0.8398430026196051
277,rating_sense_mean,0.31999849822441173
278,rating_imageability_mean,0.8211595970956893
278,rating_others_thoughts_mean,0.7904987743942932
278,rating_physical_mean,0.8923285103067188
278,rating_places_mean,0.9177345786486183
278,rating_valence_mean,0.8504439613668838
278,rating_arousal_mean,0.8395918196888852
278,rating_sense_mean,0.3190976965096307
279,rating_imageability_mean,0.8196027469769083
279,rating_others_thoughts_mean,0.7904804955825441
279,rating_physical_mean,0.8878333552568706
279,rating_places_mean,0.9169760927944859
279,rating_valence_mean,0.8504294185336799
279,rating_arousal_mean,0.8394991136370036
279,rating_sense_mean,0.31909841671842376
280,rating_imageability_mean,0.8195565600090204
280,rating_others_thoughts_mean,0.7904803117889322
280,rating_physical_mean,0.8877845069957079
280,rating_places_mean,0.916974299584968
280,rating_valence_mean,0.8466367545245412
280,rating_arousal_mean,0.837879406679609
280,rating_sense_mean,0.3190950584147362
281,rating_imageability_mean,0.8184610087313975
281,rating_others_thoughts_mean,0.7904392081073839
281,rating_physical_mean,0.8854499430304447
281,rating_places_mean,0.9161823427035548
281,rating_valence_mean,0.8450425212450668
281,rating_arousal_mean,0.8377192488122792
281,rating_sense_mean,0.31896357322221036
282,rating_imageability_mean,0.8183177473392425
282,rating_others_thoughts_mean,0.788656962826955
282,rating_physical_mean,0.8854214048740859
282,rating_places_mean,0.9160254628827057
282,rating_valence_mean,0.8450147114442508
282,rating_arousal_mean,0.8331056467440465
282,rating_sense_mean,0.3149011404549047
283,rating_imageability_mean,0.8181715943455977
283,rating_others_thoughts_mean,0.78653572756651
283,rating_physical_mean,0.8853301477971736
283,rating_places_mean,0.9160176291803834
283,rating_valence_mean,0.8421715792763023
283,rating_arousal_mean,0.8330622510719039
283,rating_sense_mean,0.30714629947376537
284,rating_imageability_mean,0.8177076182602063
284,rating_others_thoughts_mean,0.7832034851574275
284,rating_physical_mean,0.8852826068609801
284,rating_places_mean,0.9153305814582994
284,rating_valence_mean,0.8419762867740423
284,rating_arousal_mean,0.8327487026826643
284,rating_sense_mean,0.3067582241330439
285,rating_imageability_mean,0.8176493276221031
285,rating_others_thoughts_mean,0.7831923726572303
285,rating_physical_mean,0.8850636389433957
285,rating_places_mean,0.915242138358106
285,rating_valence_mean,0.8414652353714784
285,rating_arousal_mean,0.8324671368509475
285,rating_sense_mean,0.3067514609230244
286,rating_imageability_mean,0.8133965183792708
286,rating_others_thoughts_mean,0.7831750634760895
286,rating_physical_mean,0.8788642651883708
286,rating_places_mean,0.9122783534695196
286,rating_valence_mean,0.8413794586406408
286,rating_arousal_mean,0.8324662143385528
286,rating_sense_mean,0.3065095435051435
287,rating_imageability_mean,0.8133910773049151
287,rating_others_thoughts_mean,0.782650632009489
287,rating_physical_mean,0.8783629123512664
287,rating_places_mean,0.9121957026744018
287,rating_valence_mean,0.8402077843056339
287,rating_arousal_mean,0.8324540201228415
287,rating_sense_mean,0.30650117392198484
288,rating_imageability_mean,0.8075373270956961
288,rating_others_thoughts_mean,0.7826400606664125
288,rating_physical_mean,0.8711974594398957
288,rating_places_mean,0.9069611265756022
288,rating_valence_mean,0.8374945657111574
288,rating_arousal_mean,0.8309669663048282
288,rating_sense_mean,0.3057924687324003
289,rating_imageability_mean,0.80748869016691
289,rating_others_thoughts_mean,0.7815513335245607
289,rating_physical_mean,0.8711429217358877
289,rating_places_mean,0.9069567693905038
289,rating_valence_mean,0.8361865376604425
289,rating_arousal_mean,0.8290552678886876
289,rating_sense_mean,0.3014168123758464
290,rating_imageability_mean,0.8069185303763527
290,rating_others_thoughts_mean,0.7805477205530917
290,rating_physical_mean,0.8710389317803305
290,rating_places_mean,0.9069303717551589
290,rating_valence_mean,0.8324923283561781
290,rating_arousal_mean,0.8280104328765746
290,rating_sense_mean,0.30018936718179123
291,rating_imageability_mean,0.8065813403746429
291,rating_others_thoughts_mean,0.777982331680112
291,rating_physical_mean,0.8710358894404291
291,rating_places_mean,0.906473531033067
291,rating_valence_mean,0.8324442438132261
291,rating_arousal_mean,0.8275286188747808
291,rating_sense_mean,0.2975348211812173
292,rating_imageability_mean,0.8065782202917117
292,rating_others_thoughts_mean,0.7773703590272482
292,rating_physical_mean,0.8709441375073623
292,rating_places_mean,0.9063850513705913
292,rating_valence_mean,0.8324441510821903
292,rating_arousal_mean,0.8246654136499598
292,rating_sense_mean,0.29729908358022594
293,rating_imageability_mean,0.8001684361030954
293,rating_others_thoughts_mean,0.7773649291491922
293,rating_physical_mean,0.8676870457855632
293,rating_places_mean,0.906260944227702
293,rating_valence_mean,0.8322014891709503
293,rating_arousal_mean,0.8246315168563622
293,rating_sense_mean,0.2972681402536981
294,rating_imageability_mean,0.7997767727183029
294,rating_others_thoughts_mean,0.7772893851492999
294,rating_physical_mean,0.867438361003843
294,rating_places_mean,0.9060880264203672
294,rating_valence_mean,0.8319845842656739
294,rating_arousal_mean,0.8244752575746315
294,rating_sense_mean,0.296515949929793
295,rating_imageability_mean,0.7938245444774635
295,rating_others_thoughts_mean,0.7768241128788397
295,rating_physical_mean,0.8617533418975383
295,rating_places_mean,0.9028486952461668
295,rating_valence_mean,0.8298491756130495
295,rating_arousal_mean,0.8238656862407916
295,rating_sense_mean,0.29643825418156555
296,rating_imageability_mean,0.7921676925504575
296,rating_others_thoughts_mean,0.7732607698003464
296,rating_physical_mean,0.8609943159872749
296,rating_places_mean,0.9016783747742095
296,rating_valence_mean,0.8275733243095006
296,rating_arousal_mean,0.8224694931981473
296,rating_sense_mean,0.2950329784650415
297,rating_imageability_mean,0.792140986507824
297,rating_others_thoughts_mean,0.7727243817865329
297,rating_physical_mean,0.8607699112342839
297,rating_places_mean,0.9016718432232513
297,rating_valence_mean,0.8244166820977941
297,rating_arousal_mean,0.8208060225277409
297,rating_sense_mean,0.2904449309343472
298,rating_imageability_mean,0.7921384935711094
298,rating_others_thoughts_mean,0.7664889181508677
298,rating_physical_mean,0.8604428173523468
298,rating_places_mean,0.8998752908595199
298,rating_valence_mean,0.8243844334478257
298,rating_arousal_mean,0.8191511338141382
298,rating_sense_mean,0.28856274932111303
299,rating_imageability_mean,0.7917410676055687
299,rating_others_thoughts_mean,0.7664861598260613
299,rating_physical_mean,0.8604387284851795
299,rating_places_mean,0.8982434938406896
299,rating_valence_mean,0.8241076896503788
299,rating_arousal_mean,0.8191512584369361
299,rating_sense_mean,0.2870561336304569
300,rating_imageability_mean,0.7863167052624823
300,rating_others_thoughts_mean,0.7663044772194535
300,rating_physical_mean,0.8573312666013926
300,rating_places_mean,0.8978883398996474
300,rating_valence_mean,0.8233521977494347
300,rating_arousal_mean,0.8191481305509133
300,rating_sense_mean,0.28621337912113975
301,rating_imageability_mean,0.7860372507168883
301,rating_others_thoughts_mean,0.7663025716469745
301,rating_physical_mean,0.8572948709834026
301,rating_places_mean,0.8973949948222624
301,rating_valence_mean,0.8229546569309314
301,rating_arousal_mean,0.8186616974235081
301,rating_sense_mean,0.2852414344131583
302,rating_imageability_mean,0.7795935529060574
302,rating_others_thoughts_mean,0.7662268670696863
302,rating_physical_mean,0.8526978545505108
302,rating_places_mean,0.8957589439343285
302,rating_valence_mean,0.8197004658351128
302,rating_arousal_mean,0.8185487989289892
302,rating_sense_mean,0.2841616633582309
303,rating_imageability_mean,0.7795841465502539
303,rating_others_thoughts_mean,0.7649298584474361
303,rating_physical_mean,0.8526975377848497
303,rating_places_mean,0.8957155634720034
303,rating_valence_mean,0.8194396447848923
303,rating_arousal_mean,0.8163065680658635
303,rating_sense_mean,0.2813452091837312
304,rating_imageability_mean,0.778460009548322
304,rating_others_thoughts_mean,0.7622565385707545
304,rating_physical_mean,0.8526791272542544
304,rating_places_mean,0.8953972087446559
304,rating_valence_mean,0.8140268148016168
304,rating_arousal_mean,0.8161612438936081
304,rating_sense_mean,0.2775344369133864
305,rating_imageability_mean,0.7778466118959954
305,rating_others_thoughts_mean,0.754061924441825
305,rating_physical_mean,0.8505935345164914
305,rating_places_mean,0.8952402928132871
305,rating_valence_mean,0.8138584018297915
305,rating_arousal_mean,0.815731542428912
305,rating_sense_mean,0.276496774449708
306,rating_imageability_mean,0.7768436702309527
306,rating_others_thoughts_mean,0.7537591339418114
306,rating_physical_mean,0.8498558522566011
306,rating_places_mean,0.8943171542931314
306,rating_valence_mean,0.8135663131570428
306,rating_arousal_mean,0.8157178498120087
306,rating_sense_mean,0.2764262747558959
307,rating_imageability_mean,0.7706477899102561
307,rating_others_thoughts_mean,0.753748480365162
307,rating_physical_mean,0.8451148059933521
307,rating_places_mean,0.8903694794421634
307,rating_valence_mean,0.813418825022534
307,rating_arousal_mean,0.8157165725257896
307,rating_sense_mean,0.2740189675159249
308,rating_imageability_mean,0.7699848980541778
308,rating_others_thoughts_mean,0.7525525268757725
308,rating_physical_mean,0.8450983837115047
308,rating_places_mean,0.8903591119213591
308,rating_valence_mean,0.8127996150659321
308,rating_arousal_mean,0.8151208859979759
308,rating_sense_mean,0.2739890673315787
309,rating_imageability_mean,0.7665866064176124
309,rating_others_thoughts_mean,0.7522879461675223
309,rating_physical_mean,0.8407841436390497
309,rating_places_mean,0.8899129264519162
309,rating_valence_mean,0.8043261258159381
309,rating_arousal_mean,0.8130951446680821
309,rating_sense_mean,0.27394515471416514
310,rating_imageability_mean,0.7658044960012407
310,rating_others_thoughts_mean,0.745757662076528
310,rating_physical_mean,0.8401272123697783
310,rating_places_mean,0.8889575387086999
310,rating_valence_mean,0.8038012580503551
310,rating_arousal_mean,0.8111181143876726
310,rating_sense_mean,0.27260854277010815
311,rating_imageability_mean,0.765356646833072
311,rating_others_thoughts_mean,0.7453885665766633
311,rating_physical_mean,0.8400994468379834
311,rating_places_mean,0.8889574935786446
311,rating_valence_mean,0.8029429537645844
311,rating_arousal_mean,0.8094413106125947
311,rating_sense_mean,0.27111221578588385
312,rating_imageability_mean,0.7653521625085395
312,rating_others_thoughts_mean,0.7436638428467002
312,rating_physical_mean,0.8398837973222224
312,rating_places_mean,0.8877937736917993
312,rating_valence_mean,0.8018404818029865
312,rating_arousal_mean,0.8089995941526784
312,rating_sense_mean,0.27089672028301093
313,rating_imageability_mean,0.7650419637606057
313,rating_others_thoughts_mean,0.7436397087131773
313,rating_physical_mean,0.8387928486884966
313,rating_places_mean,0.8872668839426835
313,rating_valence_mean,0.8015648254786452
313,rating_arousal_mean,0.8089872213700356
313,rating_sense_mean,0.27077744844027807
314,rating_imageability_mean,0.7623328859101308
314,rating_others_thoughts_mean,0.7436343712265958
314,rating_physical_mean,0.8359230859034714
314,rating_places_mean,0.8868295102430799
314,rating_valence_mean,0.8013325360654594
314,rating_arousal_mean,0.808655206600084
314,rating_sense_mean,0.2707494842701682
315,rating_imageability_mean,0.7621638845261217
315,rating_others_thoughts_mean,0.7432540152365885
315,rating_physical_mean,0.8355924807347359
315,rating_places_mean,0.8865465550282204
315,rating_valence_mean,0.8012921682989427
315,rating_arousal_mean,0.8084611207964152
315,rating_sense_mean,0.27031759106627995
316,rating_imageability_mean,0.7579756850521283
316,rating_others_thoughts_mean,0.7432092039458917
316,rating_physical_mean,0.8283663006460433
316,rating_places_mean,0.8851115054140839
316,rating_valence_mean,0.7958613997694135
316,rating_arousal_mean,0.807296219873102
316,rating_sense_mean,0.2696350897260198
317,rating_imageability_mean,0.7572315586933035
317,rating_others_thoughts_mean,0.7401526563974485
317,rating_physical_mean,0.8272825737017668
317,rating_places_mean,0.8849984183825744
317,rating_valence_mean,0.7954673084609567
317,rating_arousal_mean,0.8066638745834528
317,rating_sense_mean,0.26726597327190404
318,rating_imageability_mean,0.7570811035415375
318,rating_others_thoughts_mean,0.7395031071198377
318,rating_physical_mean,0.8268735600464312
318,rating_places_mean,0.8849711115383941
318,rating_valence_mean,0.7948096157561004
318,rating_arousal_mean,0.8052514309552319
318,rating_sense_mean,0.26568639841600095
319,rating_imageability_mean,0.7559332053807688
319,rating_others_thoughts_mean,0.7335875199769758
319,rating_physical_mean,0.8264823617845454
319,rating_places_mean,0.8834808211261936
319,rating_valence_mean,0.7946757517011495
319,rating_arousal_mean,0.8034281328887525
319,rating_sense_mean,0.26477520518375997
320,rating_imageability_mean,0.7557543773081774
320,rating_others_thoughts_mean,0.7326842908191599
320,rating_physical_mean,0.826016442022758
320,rating_places_mean,0.8826163545201771
320,rating_valence_mean,0.794207162639754
320,rating_arousal_mean,0.8033404823166029
320,rating_sense_mean,0.26477485736054573
321,rating_imageability_mean,0.7482654013532504
321,rating_others_thoughts_mean,0.7324765640309818
321,rating_physical_mean,0.8181009245142316
321,rating_places_mean,0.8798921744587488
321,rating_valence_mean,0.7940754430199934
321,rating_arousal_mean,0.801991323181765
321,rating_sense_mean,0.2646524493851232
322,rating_imageability_mean,0.7477063924751215
322,rating_others_thoughts_mean,0.7323520237195398
322,rating_physical_mean,0.8180508360957344
322,rating_places_mean,0.8797824465506856
322,rating_valence_mean,0.7909500337116022
322,rating_arousal_mean,0.8008392352550292
322,rating_sense_mean,0.26436561769610156
323,rating_imageability_mean,0.7416036232099158
323,rating_others_thoughts_mean,0.7323200063963424
323,rating_physical_mean,0.8035063184216736
323,rating_places_mean,0.8789455411943377
323,rating_valence_mean,0.7882598374499505
323,rating_arousal_mean,0.8006605668060935
323,rating_sense_mean,0.26411710458793647
324,rating_imageability_mean,0.7411550319360964
324,rating_others_thoughts_mean,0.7288357061113083
324,rating_physical_mean,0.8033144856736387
324,rating_places_mean,0.8788272633507952
324,rating_valence_mean,0.7882553779284096
324,rating_arousal_mean,0.7953806225611787
324,rating_sense_mean,0.2622857138849317
325,rating_imageability_mean,0.7408546171682168
325,rating_others_thoughts_mean,0.7282520071355606
325,rating_physical_mean,0.8032331590971135
325,rating_places_mean,0.8785650107312872
325,rating_valence_mean,0.785650732669413
325,rating_arousal_mean,0.795358707565764
325,rating_sense_mean,0.2617272689767348
326,rating_imageability_mean,0.7408156250998319
326,rating_others_thoughts_mean,0.7252193932906892
326,rating_physical_mean,0.8031017300037832
326,rating_places_mean,0.8785614860384817
326,rating_valence_mean,0.7855152068256743
326,rating_arousal_mean,0.7952092335365426
326,rating_sense_mean,0.2616615779984407
327,rating_imageability_mean,0.7407100361758283
327,rating_others_thoughts_mean,0.7231870875997919
327,rating_physical_mean,0.8022052834296436
327,rating_places_mean,0.8784383631723193
327,rating_valence_mean,0.7851236024230743
327,rating_arousal_mean,0.792649870200757
327,rating_sense_mean,0.26163645866180907
328,rating_imageability_mean,0.7364763656343454
328,rating_others_thoughts_mean,0.7230270173663688
328,rating_physical_mean,0.7971283712066083
328,rating_places_mean,0.878169721905739
328,rating_valence_mean,0.784766137742512
328,rating_arousal_mean,0.7883719770386846
328,rating_sense_mean,0.26132517761516993
329,rating_imageability_mean,0.7349480948157929
329,rating_others_thoughts_mean,0.7228103045671552
329,rating_physical_mean,0.7950923074119359
329,rating_places_mean,0.8777945323988973
329,rating_valence_mean,0.7839286695245467
329,rating_arousal_mean,0.7882205249380745
329,rating_sense_mean,0.2606728624013752
330,rating_imageability_mean,0.721019178241244
330,rating_others_thoughts_mean,0.7226397711329331
330,rating_physical_mean,0.7846688307024251
330,rating_places_mean,0.8754804384723915
330,rating_valence_mean,0.7803744471912117
330,rating_arousal_mean,0.7866499676028481
330,rating_sense_mean,0.2606720729384572
331,rating_imageability_mean,0.7185738878090354
331,rating_others_thoughts_mean,0.7196924352161544
331,rating_physical_mean,0.7817943816480469
331,rating_places_mean,0.8751874364326948
331,rating_valence_mean,0.7797582460749604
331,rating_arousal_mean,0.7833084898164532
331,rating_sense_mean,0.2590881999407819
332,rating_imageability_mean,0.7185709985483794
332,rating_others_thoughts_mean,0.7151980584850264
332,rating_physical_mean,0.7801684927215988
332,rating_places_mean,0.8743962647113541
332,rating_valence_mean,0.7792716982688233
332,rating_arousal_mean,0.7826167525583416
332,rating_sense_mean,0.25759610165042035
333,rating_imageability_mean,0.7185312389300782
333,rating_others_thoughts_mean,0.709999974562532
333,rating_physical_mean,0.7801586601672491
333,rating_places_mean,0.8742264964998839
333,rating_valence_mean,0.7788628724300726
333,rating_arousal_mean,0.7814459058693454
333,rating_sense_mean,0.2575367260518513
334,rating_imageability_mean,0.7184060963614145
334,rating_others_thoughts_mean,0.7091531916406419
334,rating_physical_mean,0.7801549960754697
334,rating_places_mean,0.873725607840606
334,rating_valence_mean,0.778804278197987
334,rating_arousal_mean,0.7808786087805812
334,rating_sense_mean,0.25729520300525954
335,rating_imageability_mean,0.7139694125856946
335,rating_others_thoughts_mean,0.7076115343798891
335,rating_physical_mean,0.7745367010034674
335,rating_places_mean,0.8735326699254893
335,rating_valence_mean,0.7783269179627065
335,rating_arousal_mean,0.7801023552424633
335,rating_sense_mean,0.2572926439506369
336,rating_imageability_mean,0.7137939346779941
336,rating_others_thoughts_mean,0.7075579949238868
336,rating_physical_mean,0.7723268135256973
336,rating_places_mean,0.8735250524083743
336,rating_valence_mean,0.7777104098436458
336,rating_arousal_mean,0.7797352157871332
336,rating_sense_mean,0.2572679978814496
337,rating_imageability_mean,0.7083908384630672
337,rating_others_thoughts_mean,0.7074099160871892
337,rating_physical_mean,0.7660557971642376
337,rating_places_mean,0.8734882093284255
337,rating_valence_mean,0.7770623199624562
337,rating_arousal_mean,0.7779197676982116
337,rating_sense_mean,0.2572428969559112
338,rating_imageability_mean,0.70756873289239
338,rating_others_thoughts_mean,0.7019593879498383
338,rating_physical_mean,0.7660553553998062
338,rating_places_mean,0.8715346766038476
338,rating_valence_mean,0.7767028479256998
338,rating_arousal_mean,0.7714499147857263
338,rating_sense_mean,0.2551789278000548
339,rating_imageability_mean,0.7074229277697317
339,rating_others_thoughts_mean,0.6993550501354431
339,rating_physical_mean,0.7650281139587829
339,rating_places_mean,0.870493178801539
339,rating_valence_mean,0.7760896721718648
339,rating_arousal_mean,0.7714307197610526
339,rating_sense_mean,0.25461071665427926
340,rating_imageability_mean,0.7074174323206244
340,rating_others_thoughts_mean,0.6921498409008604
340,rating_physical_mean,0.7636411477249252
340,rating_places_mean,0.8697175418793711
340,rating_valence_mean,0.7760827238371202
340,rating_arousal_mean,0.7688591764369332
340,rating_sense_mean,0.2540510155498662
341,rating_imageability_mean,0.7061311285127736
341,rating_others_thoughts_mean,0.6920805308386665
341,rating_physical_mean,0.7621467936539094
341,rating_places_mean,0.8693480266198985
341,rating_valence_mean,0.7760036827689955
341,rating_arousal_mean,0.7687691181911069
341,rating_sense_mean,0.25378182369657865
342,rating_imageability_mean,0.6973193362400604
342,rating_others_thoughts_mean,0.6920804817684032
342,rating_physical_mean,0.7531835949018448
342,rating_places_mean,0.8689357595708449
342,rating_valence_mean,0.7758985129196043
342,rating_arousal_mean,0.7675951779227683
342,rating_sense_mean,0.2535659362150652
343,rating_imageability_mean,0.6961912650587786
343,rating_others_thoughts_mean,0.6914462003004644
343,rating_physical_mean,0.7531574049347545
343,rating_places_mean,0.8688954531144496
343,rating_valence_mean,0.7744683607897634
343,rating_arousal_mean,0.767367450359387
343,rating_sense_mean,0.25354141870312463
344,rating_imageability_mean,0.689655813709305
344,rating_others_thoughts_mean,0.6912052657412248
344,rating_physical_mean,0.7493097640176081
344,rating_places_mean,0.8685421614056472
344,rating_valence_mean,0.7740155819598964
344,rating_arousal_mean,0.7673200320926143
344,rating_sense_mean,0.25348216500224785
345,rating_imageability_mean,0.6883123828865347
345,rating_others_thoughts_mean,0.6862164661995482
345,rating_physical_mean,0.7489300718218286
345,rating_places_mean,0.8680266232115936
345,rating_valence_mean,0.7740019932128405
345,rating_arousal_mean,0.762855636528869
345,rating_sense_mean,0.2528895499401844
346,rating_imageability_mean,0.6883087743548117
346,rating_others_thoughts_mean,0.6850282935154073
346,rating_physical_mean,0.7467825150719072
346,rating_places_mean,0.8674030301106954
346,rating_valence_mean,0.7738509487599076
346,rating_arousal_mean,0.762638428791866
346,rating_sense_mean,0.25271193171940975
347,rating_imageability_mean,0.6874178506220239
347,rating_others_thoughts_mean,0.6816499786426169
347,rating_physical_mean,0.7455544245253983
347,rating_places_mean,0.866994220982275
347,rating_valence_mean,0.7737550722852446
347,rating_arousal_mean,0.7612266027398717
347,rating_sense_mean,0.25269786275131045
348,rating_imageability_mean,0.687382081758928
348,rating_others_thoughts_mean,0.6800974352807302
348,rating_physical_mean,0.7444485678049431
348,rating_places_mean,0.864164020832633
348,rating_valence_mean,0.7736537234635705
348,rating_arousal_mean,0.7601225401299703
348,rating_sense_mean,0.2526963567079331
349,rating_imageability_mean,0.6811972338622421
349,rating_others_thoughts_mean,0.678900466411375
349,rating_physical_mean,0.7340385676594213
349,rating_places_mean,0.8641288062054804
349,rating_valence_mean,0.7735311427123921
349,rating_arousal_mean,0.7577974474634595
349,rating_sense_mean,0.2525028310022682
350,rating_imageability_mean,0.6811376420319748
350,rating_others_thoughts_mean,0.6786200049035903
350,rating_physical_mean,0.7339394605855136
350,rating_places_mean,0.8641210852983792
350,rating_valence_mean,0.7725260371280092
350,rating_arousal_mean,0.7566454837800678
350,rating_sense_mean,0.2523854399185159
351,rating_imageability_mean,0.678334215824526
351,rating_others_thoughts_mean,0.6778618852611259
351,rating_physical_mean,0.7274180470294116
351,rating_places_mean,0.8636611413254726
351,rating_valence_mean,0.770007531844485
351,rating_arousal_mean,0.7564316532837703
351,rating_sense_mean,0.251430100610483
352,rating_imageability_mean,0.6764159275413391
352,rating_others_thoughts_mean,0.6649588850258344
352,rating_physical_mean,0.7274163312191249
352,rating_places_mean,0.8636605414978555
352,rating_valence_mean,0.7697918348473958
352,rating_arousal_mean,0.750530155526187
352,rating_sense_mean,0.25108164885330464
353,rating_imageability_mean,0.6763856494172257
353,rating_others_thoughts_mean,0.6634332887266556
353,rating_physical_mean,0.7267549620658813
353,rating_places_mean,0.8606667291246548
353,rating_valence_mean,0.7695989669882529
353,rating_arousal_mean,0.7471810593202138
353,rating_sense_mean,0.24905567185922117
354,rating_imageability_mean,0.6726394515250662
354,rating_others_thoughts_mean,0.6609178132031026
354,rating_physical_mean,0.7232337378236067
354,rating_places_mean,0.8567467550536041
354,rating_valence_mean,0.7695931758376872
354,rating_arousal_mean,0.7429861157906246
354,rating_sense_mean,0.2486640961097022
355,rating_imageability_mean,0.6726372729533925
355,rating_others_thoughts_mean,0.6607086931013284
355,rating_physical_mean,0.7230256048624372
355,rating_places_mean,0.8565400707869109
355,rating_valence_mean,0.7688315276499585
355,rating_arousal_mean,0.7417001925616972
355,rating_sense_mean,0.2485844606828267
356,rating_imageability_mean,0.6708407719170018
356,rating_others_thoughts_mean,0.6606654232170133
356,rating_physical_mean,0.7204739407641296
356,rating_places_mean,0.8565392621983003
356,rating_valence_mean,0.7687431155347485
356,rating_arousal_mean,0.7407157227626133
356,rating_sense_mean,0.24829427258836867
357,rating_imageability_mean,0.670051347218542
357,rating_others_thoughts_mean,0.6603605302523785
357,rating_physical_mean,0.7202035862987444
357,rating_places_mean,0.8565340123535231
357,rating_valence_mean,0.7683502116565261
357,rating_arousal_mean,0.7368705593964098
357,rating_sense_mean,0.24819589316955903
358,rating_imageability_mean,0.6614127593304753
358,rating_others_thoughts_mean,0.6603592727185624
358,rating_physical_mean,0.7081791389718949
358,rating_places_mean,0.852519917354581
358,rating_valence_mean,0.761551087687836
358,rating_arousal_mean,0.7363612323506318
358,rating_sense_mean,0.24689281472728963
359,rating_imageability_mean,0.6582574134780301
359,rating_others_thoughts_mean,0.6554151904984153
359,rating_physical_mean,0.7081282628365355
359,rating_places_mean,0.8523941764438994
359,rating_valence_mean,0.7610330993066071
359,rating_arousal_mean,0.7316603511542208
359,rating_sense_mean,0.24591220488021703
360,rating_imageability_mean,0.6582346291785925
360,rating_others_thoughts_mean,0.6548776053639691
360,rating_physical_mean,0.7062230327511637
360,rating_places_mean,0.852175881810268
360,rating_valence_mean,0.7610224284661432
360,rating_arousal_mean,0.7313071914169194
360,rating_sense_mean,0.2451186362449962
361,rating_imageability_mean,0.6533117911742583
361,rating_others_thoughts_mean,0.6458425753944714
361,rating_physical_mean,0.702227230733969
361,rating_places_mean,0.8484233585798389
361,rating_valence_mean,0.7601596227065476
361,rating_arousal_mean,0.7262875369096992
361,rating_sense_mean,0.24475616677860745
362,rating_imageability_mean,0.6522250382625687
362,rating_others_thoughts_mean,0.6444526477868187
362,rating_physical_mean,0.7018077845921968
362,rating_places_mean,0.8478497401248366
362,rating_valence_mean,0.7601124904339495
362,rating_arousal_mean,0.7258119873357007
362,rating_sense_mean,0.24475605555475277
363,rating_imageability_mean,0.6475634531078158
363,rating_others_thoughts_mean,0.643954500817008
363,rating_physical_mean,0.694650267810464
363,rating_places_mean,0.846442052968962
363,rating_valence_mean,0.7600380921862147
363,rating_arousal_mean,0.7203304090993605
363,rating_sense_mean,0.24429663956245762
364,rating_imageability_mean,0.6448525613816916
364,rating_others_thoughts_mean,0.6433357543595704
364,rating_physical_mean,0.6915592422754053
364,rating_places_mean,0.8464239025263876
364,rating_valence_mean,0.7598719340506197
364,rating_arousal_mean,0.719239961238824
364,rating_sense_mean,0.24401079068943776
365,rating_imageability_mean,0.642370968652656
365,rating_others_thoughts_mean,0.6427009818052015
365,rating_physical_mean,0.6819309867758858
365,rating_places_mean,0.8454557135624838
365,rating_valence_mean,0.7557633900037799
365,rating_arousal_mean,0.7190665671574513
365,rating_sense_mean,0.2435592959587678
366,rating_imageability_mean,0.6397895933229854
366,rating_others_thoughts_mean,0.63618197491485
366,rating_physical_mean,0.6812804117143355
366,rating_places_mean,0.8454549515936607
366,rating_valence_mean,0.7539597219525547
366,rating_arousal_mean,0.7128180569775528
366,rating_sense_mean,0.24284861056961404
367,rating_imageability_mean,0.6390603796991856
367,rating_others_thoughts_mean,0.6352695984501391
367,rating_physical_mean,0.6806922122516813
367,rating_places_mean,0.845455086545591
367,rating_valence_mean,0.7528121659401481
367,rating_arousal_mean,0.7113080427421727
367,rating_sense_mean,0.23880781220506508
368,rating_imageability_mean,0.6377226782831309
368,rating_others_thoughts_mean,0.6287081279914242
368,rating_physical_mean,0.6768431424015477
368,rating_places_mean,0.8427319720350863
368,rating_valence_mean,0.7526537588991387
368,rating_arousal_mean,0.7097270052381812
368,rating_sense_mean,0.23837946332510285
369,rating_imageability_mean,0.6371443533710734
369,rating_others_thoughts_mean,0.6281304616549694
369,rating_physical_mean,0.675277843365751
369,rating_places_mean,0.842685799647179
369,rating_valence_mean,0.7500660409132724
369,rating_arousal_mean,0.7079428813379587
369,rating_sense_mean,0.23802264405670026
370,rating_imageability_mean,0.6300562747657132
370,rating_others_thoughts_mean,0.6281136270793258
370,rating_physical_mean,0.6692156659550157
370,rating_places_mean,0.840894271657286
370,rating_valence_mean,0.7498403188853737
370,rating_arousal_mean,0.7079102277972517
370,rating_sense_mean,0.23802282961492016
371,rating_imageability_mean,0.6300546549202981
371,rating_others_thoughts_mean,0.6280960613599738
371,rating_physical_mean,0.6685891426690078
371,rating_places_mean,0.8398384635543463
371,rating_valence_mean,0.7498224282966937
371,rating_arousal_mean,0.7078144610646115
371,rating_sense_mean,0.23799667133094415
372,rating_imageability_mean,0.6281745921418451
372,rating_others_thoughts_mean,0.6262246683868742
372,rating_physical_mean,0.6634379875950998
372,rating_places_mean,0.8389414030771565
372,rating_valence_mean,0.7495933064256142
372,rating_arousal_mean,0.7056138019651548
372,rating_sense_mean,0.23753566461946296
373,rating_imageability_mean,0.6230920065723531
373,rating_others_thoughts_mean,0.6142712025096415
373,rating_physical_mean,0.662618078973144
373,rating_places_mean,0.838938882737131
373,rating_valence_mean,0.7495621304720723
373,rating_arousal_mean,0.6979132408037835
373,rating_sense_mean,0.23713118124625576
374,rating_imageability_mean,0.6230830643735052
374,rating_others_thoughts_mean,0.6105719519314601
374,rating_physical_mean,0.6609523138619582
374,rating_places_mean,0.8374385555805932
374,rating_valence_mean,0.7487164480644815
374,rating_arousal_mean,0.6970974455711436
374,rating_sense_mean,0.23537257137777856
375,rating_imageability_mean,0.6212117816051953
375,rating_others_thoughts_mean,0.6062415304434232
375,rating_physical_mean,0.6590575722192421
375,rating_places_mean,0.8374323154264882
375,rating_valence_mean,0.7484244793151995
375,rating_arousal_mean,0.6926919937308085
375,rating_sense_mean,0.23536977392122738
376,rating_imageability_mean,0.6194822451861208
376,rating_others_thoughts_mean,0.6054525155250275
376,rating_physical_mean,0.6567256833577282
376,rating_places_mean,0.8369987502647194
376,rating_valence_mean,0.7472945274661955
376,rating_arousal_mean,0.6906893046824016
376,rating_sense_mean,0.23533174119556088
377,rating_imageability_mean,0.6172386141470831
377,rating_others_thoughts_mean,0.6054331812216168
377,rating_physical_mean,0.6547759787026175
377,rating_places_mean,0.8369985705406107
377,rating_valence_mean,0.746017689610636
377,rating_arousal_mean,0.6899366902493739
377,rating_sense_mean,0.23532891109918141
378,rating_imageability_mean,0.615365404237149
378,rating_others_thoughts_mean,0.6054289415686213
378,rating_physical_mean,0.6538133130522441
378,rating_places_mean,0.8362823057670264
378,rating_valence_mean,0.746008532744185
378,rating_arousal_mean,0.6898320760438549
378,rating_sense_mean,0.2340523696288851
379,rating_imageability_mean,0.6132996058779085
379,rating_others_thoughts_mean,0.6041440347815172
379,rating_physical_mean,0.6421066544808129
379,rating_places_mean,0.8334996673000519
379,rating_valence_mean,0.7439205375974121
379,rating_arousal_mean,0.6852924710073705
379,rating_sense_mean,0.2335359202607673
380,rating_imageability_mean,0.6127571512451928
380,rating_others_thoughts_mean,0.5939415556657224
380,rating_physical_mean,0.6418696758415599
380,rating_places_mean,0.8334140310193705
380,rating_valence_mean,0.7428313127091589
380,rating_arousal_mean,0.6831765312537228
380,rating_sense_mean,0.23171581307318478
381,rating_imageability_mean,0.6126785662219059
381,rating_others_thoughts_mean,0.5911347686083037
381,rating_physical_mean,0.6369713050930097
381,rating_places_mean,0.8300447605959128
381,rating_valence_mean,0.7420961159254034
381,rating_arousal_mean,0.6831765667871887
381,rating_sense_mean,0.23080636991597359
382,rating_imageability_mean,0.6117183214463957
382,rating_others_thoughts_mean,0.5817496576866281
382,rating_physical_mean,0.6328590446471604
382,rating_places_mean,0.8288485337777568
382,rating_valence_mean,0.7420276421972583
382,rating_arousal_mean,0.6808048212794754
382,rating_sense_mean,0.23052276606988964
383,rating_imageability_mean,0.603374551100831
383,rating_others_thoughts_mean,0.5775555773237873
383,rating_physical_mean,0.6272729513807537
383,rating_places_mean,0.8268154561010541
383,rating_valence_mean,0.7398593276943966
383,rating_arousal_mean,0.6805603373720375
383,rating_sense_mean,0.2305178020086578
384,rating_imageability_mean,0.597918412031034
384,rating_others_thoughts_mean,0.5775539014823257
384,rating_physical_mean,0.6211294169919654
384,rating_places_mean,0.826387733962783
384,rating_valence_mean,0.7397318169273772
384,rating_arousal_mean,0.680361903866826
384,rating_sense_mean,0.2300857562058245
385,rating_imageability_mean,0.5936809117706652
385,rating_others_thoughts_mean,0.5775431899077943
385,rating_physical_mean,0.6195371425661307
385,rating_places_mean,0.8244708409022438
385,rating_valence_mean,0.7393628474690582
385,rating_arousal_mean,0.6782116424011164
385,rating_sense_mean,0.23007075411698474
386,rating_imageability_mean,0.5934593518981162
386,rating_others_thoughts_mean,0.5771276984705669
386,rating_physical_mean,0.6135635617477543
386,rating_places_mean,0.82216697289038
386,rating_valence_mean,0.7359688761691406
386,rating_arousal_mean,0.6770309361010564
386,rating_sense_mean,0.22922286285451232
387,rating_imageability_mean,0.5903783681720617
387,rating_others_thoughts_mean,0.5655349551009738
387,rating_physical_mean,0.6133726145865013
387,rating_places_mean,0.8220290147685927
387,rating_valence_mean,0.7341143674595828
387,rating_arousal_mean,0.6736554248601956
387,rating_sense_mean,0.2270821182618188
388,rating_imageability_mean,0.5902538781185388
388,rating_others_thoughts_mean,0.5631061906233303
388,rating_physical_mean,0.6118159419783142
388,rating_places_mean,0.8206921531649339
388,rating_valence_mean,0.7337387118817853
388,rating_arousal_mean,0.6736314601457669
388,rating_sense_mean,0.22580333998926638
389,rating_imageability_mean,0.5890791308889306
389,rating_others_thoughts_mean,0.556288084972145
389,rating_physical_mean,0.6073033444140319
389,rating_places_mean,0.8174316259075576
389,rating_valence_mean,0.7335828278538598
389,rating_arousal_mean,0.6734853347557013
389,rating_sense_mean,0.22578423904439282
390,rating_imageability_mean,0.5844791847666067
390,rating_others_thoughts_mean,0.5553053690875447
390,rating_physical_mean,0.6051219396635679
390,rating_places_mean,0.8169211181661887
390,rating_valence_mean,0.733428900451633
390,rating_arousal_mean,0.6713976909893857
390,rating_sense_mean,0.22560194898144292
391,rating_imageability_mean,0.5790868362882561
391,rating_others_thoughts_mean,0.5538539539085456
391,rating_physical_mean,0.6030163545796274
391,rating_places_mean,0.8167317214001184
391,rating_valence_mean,0.7328066167414078
391,rating_arousal_mean,0.670547595647617
391,rating_sense_mean,0.22534044631545347
392,rating_imageability_mean,0.5771501963565602
392,rating_others_thoughts_mean,0.5538480525700982
392,rating_physical_mean,0.6013015934355279
392,rating_places_mean,0.8161243134324876
392,rating_valence_mean,0.7299937267421908
392,rating_arousal_mean,0.6703853840100042
392,rating_sense_mean,0.22534025015888404
393,rating_imageability_mean,0.5745307961324841
393,rating_others_thoughts_mean,0.5530692944418549
393,rating_physical_mean,0.5980623389724455
393,rating_places_mean,0.815189375424809
393,rating_valence_mean,0.7277902603096627
393,rating_arousal_mean,0.6701538858170504
393,rating_sense_mean,0.22534075427566524
394,rating_imageability_mean,0.5677968921507873
394,rating_others_thoughts_mean,0.5480780872627373
394,rating_physical_mean,0.5970190483481205
394,rating_places_mean,0.8144658893316903
394,rating_valence_mean,0.725852938635853
394,rating_arousal_mean,0.6691816764794865
394,rating_sense_mean,0.2235667253313166
395,rating_imageability_mean,0.5677961813460229
395,rating_others_thoughts_mean,0.546980770490428
395,rating_physical_mean,0.5962837558477991
395,rating_places_mean,0.8134598192750424
395,rating_valence_mean,0.723916663531436
395,rating_arousal_mean,0.6686027063561315
395,rating_sense_mean,0.22335086352949007
396,rating_imageability_mean,0.5671231829129069
396,rating_others_thoughts_mean,0.5452871014888199
396,rating_physical_mean,0.5940841521398941
396,rating_places_mean,0.8125581348645079
396,rating_valence_mean,0.7230134924270404
396,rating_arousal_mean,0.6684913373758192
396,rating_sense_mean,0.2233386002957215
397,rating_imageability_mean,0.5654076529428487
397,rating_others_thoughts_mean,0.5447943600103866
397,rating_physical_mean,0.5904669110715752
397,rating_places_mean,0.8125065331287167
397,rating_valence_mean,0.7214152904488937
397,rating_arousal_mean,0.668404082481749
397,rating_sense_mean,0.22320162053877457
398,rating_imageability_mean,0.5637200950303907
398,rating_others_thoughts_mean,0.5447614658146055
398,rating_physical_mean,0.5877883561561728
398,rating_places_mean,0.811644357146005
398,rating_valence_mean,0.7213428867809253
398,rating_arousal_mean,0.6680283310512385
398,rating_sense_mean,0.22219287936802257
399,rating_imageability_mean,0.5620474147156322
399,rating_others_thoughts_mean,0.5445136988537713
399,rating_physical_mean,0.5866234702232276
399,rating_places_mean,0.811024977877627
399,rating_valence_mean,0.7193389696001902
399,rating_arousal_mean,0.6675855806192232
399,rating_sense_mean,0.22017542804702395
400,rating_imageability_mean,0.5602304424356421
400,rating_others_thoughts_mean,0.5433152193624711
400,rating_physical_mean,0.580820944492485
400,rating_places_mean,0.8109993283707011
400,rating_valence_mean,0.7154671806978514
400,rating_arousal_mean,0.6669436048081492
400,rating_sense_mean,0.22000279657328425
401,rating_imageability_mean,0.5537497845598995
401,rating_others_thoughts_mean,0.5318057367779687
401,rating_physical_mean,0.5797810563818979
401,rating_places_mean,0.8108139296267073
401,rating_valence_mean,0.712911634796549
401,rating_arousal_mean,0.6635287407479478
401,rating_sense_mean,0.21997354795743962
402,rating_imageability_mean,0.5536079080185314
402,rating_others_thoughts_mean,0.5274672745846052
402,rating_physical_mean,0.5782288830757802
402,rating_places_mean,0.8107359982613952
402,rating_valence_mean,0.7123066903968178
402,rating_arousal_mean,0.6629100481302201
402,rating_sense_mean,0.21537948438596544
403,rating_imageability_mean,0.5503068703601344
403,rating_others_thoughts_mean,0.5249257914414769
403,rating_physical_mean,0.5726394337791084
403,rating_places_mean,0.8100028442296205
403,rating_valence_mean,0.7119494511959674
403,rating_arousal_mean,0.6622625027645014
403,rating_sense_mean,0.2153738913015535
404,rating_imageability_mean,0.5467529354106997
404,rating_others_thoughts_mean,0.5248820505073162
404,rating_physical_mean,0.5674807939777251
404,rating_places_mean,0.807422157328914
404,rating_valence_mean,0.7119483415773047
404,rating_arousal_mean,0.6622352787646166
404,rating_sense_mean,0.2152647492815345
405,rating_imageability_mean,0.5449411832283996
405,rating_others_thoughts_mean,0.5229329514826666
405,rating_physical_mean,0.5662954403396852
405,rating_places_mean,0.8067998040340663
405,rating_valence_mean,0.7118887372206918
405,rating_arousal_mean,0.6605044986551407
405,rating_sense_mean,0.21490587314644483
406,rating_imageability_mean,0.5398237498053648
406,rating_others_thoughts_mean,0.5228740493787316
406,rating_physical_mean,0.5610868490036731
406,rating_places_mean,0.806650996136786
406,rating_valence_mean,0.7107956235511897
406,rating_arousal_mean,0.6603347607263048
406,rating_sense_mean,0.2142622652898305
407,rating_imageability_mean,0.539292132568096
407,rating_others_thoughts_mean,0.5226949288984607
407,rating_physical_mean,0.5576777996156473
407,rating_places_mean,0.8059645118504615
407,rating_valence_mean,0.710086366416476
407,rating_arousal_mean,0.6588261415972254
407,rating_sense_mean,0.21403785434432587
408,rating_imageability_mean,0.5285510008886123
408,rating_others_thoughts_mean,0.516714537222244
408,rating_physical_mean,0.5560789360701155
408,rating_places_mean,0.8059155180072646
408,rating_valence_mean,0.7100689175715009
408,rating_arousal_mean,0.658825920021858
408,rating_sense_mean,0.2127885480227144
409,rating_imageability_mean,0.5285511920569207
409,rating_others_thoughts_mean,0.5165079353208026
409,rating_physical_mean,0.555087176562706
409,rating_places_mean,0.8057795828923118
409,rating_valence_mean,0.7094666361653026
409,rating_arousal_mean,0.6585796013230635
409,rating_sense_mean,0.21253330742773857
410,rating_imageability_mean,0.5238032955853443
410,rating_others_thoughts_mean,0.5153770007665348
410,rating_physical_mean,0.5491817254753744
410,rating_places_mean,0.8026480669400875
410,rating_valence_mean,0.7089610887438174
410,rating_arousal_mean,0.6555149676543188
410,rating_sense_mean,0.21188952525173876
411,rating_imageability_mean,0.5173447845965635
411,rating_others_thoughts_mean,0.5148626932828186
411,rating_physical_mean,0.5407728653397974
411,rating_places_mean,0.799222104198565
411,rating_valence_mean,0.7088524199331073
411,rating_arousal_mean,0.6551035926105809
411,rating_sense_mean,0.2113705928428572
412,rating_imageability_mean,0.5171160818485507
412,rating_others_thoughts_mean,0.5121225163743506
412,rating_physical_mean,0.5406088702175403
412,rating_places_mean,0.7974822867393696
412,rating_valence_mean,0.7076677535832575
412,rating_arousal_mean,0.6546737697648332
412,rating_sense_mean,0.21134312731878124
413,rating_imageability_mean,0.5116677989415062
413,rating_others_thoughts_mean,0.5093126327542934
413,rating_physical_mean,0.5359134064713396
413,rating_places_mean,0.797088897685827
413,rating_valence_mean,0.7066896366973678
413,rating_arousal_mean,0.6537621697531635
413,rating_sense_mean,0.21124991407332716
414,rating_imageability_mean,0.5108256886969557
414,rating_others_thoughts_mean,0.5092648107810613
414,rating_physical_mean,0.5334929899977536
414,rating_places_mean,0.7970484338362758
414,rating_valence_mean,0.7061565243635123
414,rating_arousal_mean,0.6522486986837294
414,rating_sense_mean,0.21124659346129482
415,rating_imageability_mean,0.5028786957564303
415,rating_others_thoughts_mean,0.5067813420599365
415,rating_physical_mean,0.5298710804689201
415,rating_places_mean,0.7969889654377247
415,rating_valence_mean,0.7050274602219642
415,rating_arousal_mean,0.652180717657144
415,rating_sense_mean,0.20887233485332046
416,rating_imageability_mean,0.5028286829317433
416,rating_others_thoughts_mean,0.506391819087112
416,rating_physical_mean,0.5295387526440118
416,rating_places_mean,0.7966676301666065
416,rating_valence_mean,0.7049578752895661
416,rating_arousal_mean,0.6506751734607654
416,rating_sense_mean,0.20884603792639211
417,rating_imageability_mean,0.4975954827691581
417,rating_others_thoughts_mean,0.5061522544650601
417,rating_physical_mean,0.5247989900710245
417,rating_places_mean,0.7950698860584399
417,rating_valence_mean,0.7048067924987174
417,rating_arousal_mean,0.6506741671608101
417,rating_sense_mean,0.2088358319580922
418,rating_imageability_mean,0.4878767886145148
418,rating_others_thoughts_mean,0.5031845691564808
418,rating_physical_mean,0.5154209406228754
418,rating_places_mean,0.7896890829638878
418,rating_valence_mean,0.7042469006009799
418,rating_arousal_mean,0.6503037062601489
418,rating_sense_mean,0.20669737129437482
419,rating_imageability_mean,0.48374004533333503
419,rating_others_thoughts_mean,0.5005295064696784
419,rating_physical_mean,0.5144015630039074
419,rating_places_mean,0.7872306808893477
419,rating_valence_mean,0.7039877022226275
419,rating_arousal_mean,0.6497313874511093
419,rating_sense_mean,0.2055834988089772
420,rating_imageability_mean,0.48001107086759853
420,rating_others_thoughts_mean,0.4990346828221055
420,rating_physical_mean,0.5050852552438548
420,rating_places_mean,0.7844995471629642
420,rating_valence_mean,0.7032471722186489
420,rating_arousal_mean,0.649474592779072
420,rating_sense_mean,0.20554780436141218
421,rating_imageability_mean,0.47937060926629826
421,rating_others_thoughts_mean,0.4989899195512584
421,rating_physical_mean,0.5049227855298484
421,rating_places_mean,0.7837383034071641
421,rating_valence_mean,0.7028067320305547
421,rating_arousal_mean,0.6494720993157603
421,rating_sense_mean,0.2055028642932749
422,rating_imageability_mean,0.46767931154214515
422,rating_others_thoughts_mean,0.49625530823466
422,rating_physical_mean,0.49818284534504287
422,rating_places_mean,0.7806294338298974
422,rating_valence_mean,0.702197178412959
422,rating_arousal_mean,0.6494716553717441
422,rating_sense_mean,0.20508333623601005
423,rating_imageability_mean,0.4676115628981491
423,rating_others_thoughts_mean,0.49617659906857803
423,rating_physical_mean,0.49814243180437634
423,rating_places_mean,0.7804263704941534
423,rating_valence_mean,0.7013844356385004
423,rating_arousal_mean,0.6481007823711324
423,rating_sense_mean,0.20506223795876521
424,rating_imageability_mean,0.45834580608259523
424,rating_others_thoughts_mean,0.49597196160523505
424,rating_physical_mean,0.49096487290948587
424,rating_places_mean,0.7776815208639405
424,rating_valence_mean,0.7010834045754414
424,rating_arousal_mean,0.6477118373311493
424,rating_sense_mean,0.20505096806283363
425,rating_imageability_mean,0.451319902179518
425,rating_others_thoughts_mean,0.4950925932899054
425,rating_physical_mean,0.48357205861531904
425,rating_places_mean,0.7749794407977458
425,rating_valence_mean,0.7009448164375047
425,rating_arousal_mean,0.646111123533115
425,rating_sense_mean,0.204750673367335
426,rating_imageability_mean,0.45066035655122294
426,rating_others_thoughts_mean,0.492109251111137
426,rating_physical_mean,0.48241247969543255
426,rating_places_mean,0.7745948829642784
426,rating_valence_mean,0.6988716857318116
426,rating_arousal_mean,0.646017964022372
426,rating_sense_mean,0.20472756983633356
427,rating_imageability_mean,0.44735840554192363
427,rating_others_thoughts_mean,0.48882115807615556
427,rating_physical_mean,0.47896034848691993
427,rating_places_mean,0.77382694096726
427,rating_valence_mean,0.6978408401945073
427,rating_arousal_mean,0.6460153089877374
427,rating_sense_mean,0.2047273070953871
428,rating_imageability_mean,0.4473526038880873
428,rating_others_thoughts_mean,0.48867150893052513
428,rating_physical_mean,0.47839475314917135
428,rating_places_mean,0.7732918608080827
428,rating_valence_mean,0.6976538493762967
428,rating_arousal_mean,0.6459987857032515
428,rating_sense_mean,0.20463969403745486
429,rating_imageability_mean,0.43861721738511217
429,rating_others_thoughts_mean,0.4857269605330572
429,rating_physical_mean,0.4765948723190395
429,rating_places_mean,0.7722029527228986
429,rating_valence_mean,0.6975118473327112
429,rating_arousal_mean,0.6452825687949755
429,rating_sense_mean,0.20449699784011433
430,rating_imageability_mean,0.4384781442690061
430,rating_others_thoughts_mean,0.48563435958677625
430,rating_physical_mean,0.4765922068639218
430,rating_places_mean,0.7714901989802573
430,rating_valence_mean,0.6960738129859986
430,rating_arousal_mean,0.636925647274429
430,rating_sense_mean,0.20427796778543994
431,rating_imageability_mean,0.4321116534140498
431,rating_others_thoughts_mean,0.48286705966971344
431,rating_physical_mean,0.464533353035245
431,rating_places_mean,0.7703451727498889
431,rating_valence_mean,0.695796987326408
431,rating_arousal_mean,0.6363358584990023
431,rating_sense_mean,0.2042753177651767
432,rating_imageability_mean,0.4231442659490974
432,rating_others_thoughts_mean,0.4802762926305528
432,rating_physical_mean,0.4507214666614209
432,rating_places_mean,0.7669679049528147
432,rating_valence_mean,0.6939820790759166
432,rating_arousal_mean,0.6354299101694926
432,rating_sense_mean,0.2042613334752985
433,rating_imageability_mean,0.42216605894254067
433,rating_others_thoughts_mean,0.47019553747669685
433,rating_physical_mean,0.4507045269279666
433,rating_places_mean,0.7654507022345782
433,rating_valence_mean,0.6900710372998748
433,rating_arousal_mean,0.6349917845529736
433,rating_sense_mean,0.20380157303084978
434,rating_imageability_mean,0.41771624255998463
434,rating_others_thoughts_mean,0.46862387008984496
434,rating_physical_mean,0.4459990302521606
434,rating_places_mean,0.7636188437630731
434,rating_valence_mean,0.6883675078047669
434,rating_arousal_mean,0.6349724020184283
434,rating_sense_mean,0.20363558327924802
435,rating_imageability_mean,0.41751951776526575
435,rating_others_thoughts_mean,0.46612773970347643
435,rating_physical_mean,0.4459502159982963
435,rating_places_mean,0.7636153423850391
435,rating_valence_mean,0.6883543339832556
435,rating_arousal_mean,0.6313759813803566
435,rating_sense_mean,0.20345743674823302
436,rating_imageability_mean,0.40462791126859077
436,rating_others_thoughts_mean,0.4640079711322824
436,rating_physical_mean,0.4424206188920623
436,rating_places_mean,0.7602690879789926
436,rating_valence_mean,0.6859495906878667
436,rating_arousal_mean,0.6282190968356178
436,rating_sense_mean,0.20132004871676412
437,rating_imageability_mean,0.4042828177176018
437,rating_others_thoughts_mean,0.46256482404136634
437,rating_physical_mean,0.4422956474208407
437,rating_places_mean,0.7601769922012096
437,rating_valence_mean,0.6776341564066309
437,rating_arousal_mean,0.6249289005671095
437,rating_sense_mean,0.20131016536722712
438,rating_imageability_mean,0.3968362297650382
438,rating_others_thoughts_mean,0.4624776224518088
438,rating_physical_mean,0.4385478090867835
438,rating_places_mean,0.7588851363505306
438,rating_valence_mean,0.6765728776883229
438,rating_arousal_mean,0.6238235182922964
438,rating_sense_mean,0.20095777263535852
439,rating_imageability_mean,0.3892378431486443
439,rating_others_thoughts_mean,0.46041828965638276
439,rating_physical_mean,0.42533947908167646
439,rating_places_mean,0.7538750246003514
439,rating_valence_mean,0.6760935219045074
439,rating_arousal_mean,0.6223956976688919
439,rating_sense_mean,0.20092722104155136
440,rating_imageability_mean,0.3889511859029101
440,rating_others_thoughts_mean,0.4533943368700013
440,rating_physical_mean,0.42455845026224215
440,rating_places_mean,0.7533110604444749
440,rating_valence_mean,0.6757555927368715
440,rating_arousal_mean,0.6223393311226486
440,rating_sense_mean,0.20088656094440227
441,rating_imageability_mean,0.3860549038159128
441,rating_others_thoughts_mean,0.44963832229204914
441,rating_physical_mean,0.41944262018954537
441,rating_places_mean,0.7515242183614501
441,rating_valence_mean,0.6743086794416389
441,rating_arousal_mean,0.6221473801574884
441,rating_sense_mean,0.20081352284296516
442,rating_imageability_mean,0.3848077300706123
442,rating_others_thoughts_mean,0.4479364080223699
442,rating_physical_mean,0.4194046742235865
442,rating_places_mean,0.7505175020525123
442,rating_valence_mean,0.6711478498792376
442,rating_arousal_mean,0.6203725462734686
442,rating_sense_mean,0.20065103537568318
443,rating_imageability_mean,0.376222473492399
443,rating_others_thoughts_mean,0.4471239453505492
443,rating_physical_mean,0.4161730343920319
443,rating_places_mean,0.7493245618443583
443,rating_valence_mean,0.6651483290302279
443,rating_arousal_mean,0.6203056565414299
443,rating_sense_mean,0.20019690543934288
444,rating_imageability_mean,0.3756688616095518
444,rating_others_thoughts_mean,0.4445822750344389
444,rating_physical_mean,0.41464528841869797
444,rating_places_mean,0.7489261656666525
444,rating_valence_mean,0.6639006878620959
444,rating_arousal_mean,0.6156544019061382
444,rating_sense_mean,0.1999496049227909
445,rating_imageability_mean,0.36236042614926567
445,rating_others_thoughts_mean,0.44458069899564334
445,rating_physical_mean,0.4104358380710009
445,rating_places_mean,0.7479143682221568
445,rating_valence_mean,0.6638858272909389
445,rating_arousal_mean,0.6155207944792187
445,rating_sense_mean,0.1987693923671746
446,rating_imageability_mean,0.3531752019200589
446,rating_others_thoughts_mean,0.43746672674279097
446,rating_physical_mean,0.39537552975097645
446,rating_places_mean,0.74293492277721
446,rating_valence_mean,0.6628492242191915
446,rating_arousal_mean,0.6119436480655225
446,rating_sense_mean,0.19854132896331422
447,rating_imageability_mean,0.3530571081620223
447,rating_others_thoughts_mean,0.42654734103535397
447,rating_physical_mean,0.39530697602642717
447,rating_places_mean,0.7425852031134114
447,rating_valence_mean,0.6627181756936278
447,rating_arousal_mean,0.608106847911978
447,rating_sense_mean,0.1985381819577956
448,rating_imageability_mean,0.3505368233958006
448,rating_others_thoughts_mean,0.42284189701091024
448,rating_physical_mean,0.3918111406813135
448,rating_places_mean,0.7410009974891506
448,rating_valence_mean,0.660796255670048
448,rating_arousal_mean,0.6057955102408017
448,rating_sense_mean,0.19781734137339002
449,rating_imageability_mean,0.35030683592433587
449,rating_others_thoughts_mean,0.4221757590389028
449,rating_physical_mean,0.3915434119935184
449,rating_places_mean,0.740679790213979
449,rating_valence_mean,0.6530190216043033
449,rating_arousal_mean,0.6055195177298274
449,rating_sense_mean,0.19781695398158805
450,rating_imageability_mean,0.3429415323317633
450,rating_others_thoughts_mean,0.4185087849416137
450,rating_physical_mean,0.38845700736335353
450,rating_places_mean,0.736854861570784
450,rating_valence_mean,0.6458958916114397
450,rating_arousal_mean,0.6052899182605977
450,rating_sense_mean,0.19725644227321237
451,rating_imageability_mean,0.3422520845946293
451,rating_others_thoughts_mean,0.4166207730835776
451,rating_physical_mean,0.38765907027827573
451,rating_places_mean,0.7354815237927134
451,rating_valence_mean,0.6446819884679359
451,rating_arousal_mean,0.6036291066575608
451,rating_sense_mean,0.19725173676258634
452,rating_imageability_mean,0.3395834993392748
452,rating_others_thoughts_mean,0.4154829768949445
452,rating_physical_mean,0.3799837994766374
452,rating_places_mean,0.7354044278617824
452,rating_valence_mean,0.6446338147815638
452,rating_arousal_mean,0.6036214355678657
452,rating_sense_mean,0.1972486806732815
453,rating_imageability_mean,0.33385424858772395
453,rating_others_thoughts_mean,0.4108165004311627
453,rating_physical_mean,0.3735685635731053
453,rating_places_mean,0.7305424479518787
453,rating_valence_mean,0.6435788075377529
453,rating_arousal_mean,0.6033887372831992
453,rating_sense_mean,0.19703013433224947
454,rating_imageability_mean,0.3333025590724419
454,rating_others_thoughts_mean,0.4051725057137585
454,rating_physical_mean,0.3731747380543281
454,rating_places_mean,0.7304080432138105
454,rating_valence_mean,0.6414853321975422
454,rating_arousal_mean,0.6009716874717814
454,rating_sense_mean,0.19643629908566196
455,rating_imageability_mean,0.3319644904005885
455,rating_others_thoughts_mean,0.4039680343733102
455,rating_physical_mean,0.3670184318830234
455,rating_places_mean,0.7299603777845574
455,rating_valence_mean,0.639809649880042
455,rating_arousal_mean,0.5996727320403272
455,rating_sense_mean,0.1962963333124521
456,rating_imageability_mean,0.33195850677918937
456,rating_others_thoughts_mean,0.403594385748021
456,rating_physical_mean,0.36701838090662775
456,rating_places_mean,0.729251764989149
456,rating_valence_mean,0.6365287072455983
456,rating_arousal_mean,0.5996717461388803
456,rating_sense_mean,0.19620534065318818
457,rating_imageability_mean,0.3271454029232156
457,rating_others_thoughts_mean,0.4004300886740615
457,rating_physical_mean,0.3657736729226301
457,rating_places_mean,0.7272056061764121
457,rating_valence_mean,0.6357222406990732
457,rating_arousal_mean,0.5956094838999101
457,rating_sense_mean,0.19571386774826183
458,rating_imageability_mean,0.3268626001191062
458,rating_others_thoughts_mean,0.3986510350645598
458,rating_physical_mean,0.3657690554148325
458,rating_places_mean,0.7256720866447826
458,rating_valence_mean,0.6333523516103692
458,rating_arousal_mean,0.5926591042207455
458,rating_sense_mean,0.19540807427847529
459,rating_imageability_mean,0.3232339756444017
459,rating_others_thoughts_mean,0.3985990760302698
459,rating_physical_mean,0.36347928017402065
459,rating_places_mean,0.7255004794106199
459,rating_valence_mean,0.6323046383264889
459,rating_arousal_mean,0.5921744317186728
459,rating_sense_mean,0.19540184858532517
460,rating_imageability_mean,0.32202663770672324
460,rating_others_thoughts_mean,0.39438790731969164
460,rating_physical_mean,0.35827959236911033
460,rating_places_mean,0.7240580290965849
460,rating_valence_mean,0.6304920443974886
460,rating_arousal_mean,0.591794746927764
460,rating_sense_mean,0.195269397387982
461,rating_imageability_mean,0.32196482589145947
461,rating_others_thoughts_mean,0.3883393215211405
461,rating_physical_mean,0.3570004912254092
461,rating_places_mean,0.7231713289363186
461,rating_valence_mean,0.6304411735839486
461,rating_arousal_mean,0.5914929451268314
461,rating_sense_mean,0.19516590111897725
462,rating_imageability_mean,0.3219386280409646
462,rating_others_thoughts_mean,0.3876274393696796
462,rating_physical_mean,0.3561873862279007
462,rating_places_mean,0.7231698963427122
462,rating_valence_mean,0.6278589264505712
462,rating_arousal_mean,0.5889111405358324
462,rating_sense_mean,0.19503410388982956
